<?xml version="1.0" encoding="iso-8859-1" ?>
<newsitem itemid="764449" id="root" date="1997-07-29" xml:lang="en">
<title>AUSTRALIA: Australis returns with stronger price.</title>
<headline>Australis returns with stronger price.</headline>
<dateline>SYDNEY 1997-07-29</dateline>
<text>
<p>Shares in Australis Media Ltd rose 3.5 cents to 22 cents on its relisting on the Australian Stock Exchange on Tuesday, the first time it has traded since Friday's annoucement that it would merge with pay television rival Foxtel.  </p>
<p>By 12.20 p.m. (0220 GMT), Australis shares were 3.5 cents, or about 19 percent higher, at 22 cents with over 900,000 shares traded.</p>
<p>Foxtel is equally owned by The News Corp Ltd and state-owned telecommunications group Telstra Corp.</p>
<p>Under the merger terms, News Corp and Telstra would take a 66.5 percent stake in Australis, with existing Australis shareholders owning the remainder.  </p>
<p>&quot;It coming off such a low base. It does not really reflect much and it does not help those that paid A$1.20 or a A$1.50 to get into Australis,&quot; one Sydney based broker said.</p>
<p>The broker said the market was still trying to work out the value of the merger.</p>
<p>Australis shares hit a record of A$1.65 in March 1994, but its shares have remained under 40 cents for most of the past year.</p>
<p>-- Kevin Morrison 61-2 9373-1813</p>
</text>
<copyright>(c) Reuters Limited 1997</copyright>
<metadata>
<codes class="bip:countries:1.0">
  <code code="AUSTR">
    <editdetail attribution="Reuters BIP Coding Group" action="confirmed" date="1997-07-29"/>
  </code>
</codes>
<codes class="bip:industries:1.0">
  <code code="I47500">
    <editdetail attribution="Reuters BIP Coding Group" action="confirmed" date="1997-07-29"/>
  </code>
  <code code="I9741110">
    <editdetail attribution="Reuters BIP Coding Group" action="confirmed" date="1997-07-29"/>
  </code>
</codes>
<codes class="bip:topics:1.0">
  <code code="C14">
    <editdetail attribution="Reuters BIP Coding Group" action="confirmed" date="1997-07-29"/>
  </code>
  <code code="C18">
    <editdetail attribution="Reuters BIP Coding Group" action="confirmed" date="1997-07-29"/>
  </code>
  <code code="C181">
    <editdetail attribution="Reuters BIP Coding Group" action="confirmed" date="1997-07-29"/>
  </code>
  <code code="CCAT">
    <editdetail attribution="Reuters BIP Coding Group" action="confirmed" date="1997-07-29"/>
  </code>
</codes>
<dc element="dc.date.created" value="1997-07-29"/>
<dc element="dc.publisher" value="Reuters Holdings Plc"/>
<dc element="dc.date.published" value="1997-07-29"/>
<dc element="dc.source" value="Reuters"/>
<dc element="dc.creator.location" value="SYDNEY"/>
<dc element="dc.creator.location.country.name" value="AUSTRALIA"/>
<dc element="dc.source" value="Reuters"/>
</metadata>
</newsitem>
