<?xml version="1.0" encoding="iso-8859-1" ?>
<newsitem itemid="6526" id="root" date="1996-08-21" xml:lang="en">
<title>BELGIUM: Sabena kicks off key talks with unions.</title>
<headline>Sabena kicks off key talks with unions.</headline>
<dateline>BRUSSELS 1996-08-21</dateline>
<text>
<p>Belgian national airline Sabena SA on Wednesday launched a crucial round of talks with trade unions aimed at bringing the company back in profit from 1998.</p>
<p>Sabena spokesman Erik Sclep said the talks are due to be finalised by the end of October. Both management and unions had agreed not to comment in the meantime.</p>
<p>Chief executive Paul Reutlinger said in June Sabena needed to make extra savings of 4.7 billion francs ($154 million).</p>
<p>&quot;We will not abandon (that target), 4.7 billion have to be found by 1998,&quot; Sclep said.</p>
<p>These include two billion francs in labour-related cost reductions. The remainder will come from improved income and cost reductions based on proposals from management.</p>
<p>Talks will also focus on Reutlinger's proposal to sell Sabena's catering division and hire out cargo capacity.</p>
<p>Reutlinger said in June Sabena cargo could be integrated in the cargo division of Swissair, which owns 49.5 percent of Sabena. The rest is held by the Belgian state.</p>
<p>-- Bert Lauwers, Brussels Newsroom +32 2 287 6815, Fax +32 2 230 7710</p>
</text>
<copyright>(c) Reuters Limited 1996</copyright>
<metadata>
<codes class="bip:countries:1.0">
  <code code="BELG">
    <editdetail attribution="Reuters BIP Coding Group" action="confirmed" date="1996-08-21"/>
  </code>
</codes>
<codes class="bip:industries:1.0">
  <code code="I75000">
    <editdetail attribution="Reuters BIP Coding Group" action="confirmed" date="1996-08-21"/>
  </code>
</codes>
<codes class="bip:topics:1.0">
  <code code="C42">
    <editdetail attribution="Reuters BIP Coding Group" action="confirmed" date="1996-08-21"/>
  </code>
  <code code="CCAT">
    <editdetail attribution="Reuters BIP Coding Group" action="confirmed" date="1996-08-21"/>
  </code>
  <code code="E41">
    <editdetail attribution="Reuters BIP Coding Group" action="confirmed" date="1996-08-21"/>
  </code>
  <code code="ECAT">
    <editdetail attribution="Reuters BIP Coding Group" action="confirmed" date="1996-08-21"/>
  </code>
  <code code="GCAT">
    <editdetail attribution="Reuters BIP Coding Group" action="confirmed" date="1996-08-21"/>
  </code>
  <code code="GJOB">
    <editdetail attribution="Reuters BIP Coding Group" action="confirmed" date="1996-08-21"/>
  </code>
</codes>
<dc element="dc.date.created" value="1996-08-21"/>
<dc element="dc.publisher" value="Reuters Holdings Plc"/>
<dc element="dc.date.published" value="1996-08-21"/>
<dc element="dc.source" value="Reuters"/>
<dc element="dc.creator.location" value="BRUSSELS"/>
<dc element="dc.creator.location.country.name" value="BELGIUM"/>
<dc element="dc.source" value="Reuters"/>
</metadata>
</newsitem>
