<?xml version="1.0" encoding="iso-8859-1" ?>
<newsitem itemid="284113" id="root" date="1997-01-02" xml:lang="en">
<title>PAKISTAN: Pakistani cotton prices seen rising.</title>
<headline>Pakistani cotton prices seen rising.</headline>
<dateline>KARACHI, Pakistan 1997-01-02</dateline>
<text>
<p>Pakistani cotton prices are likely to rise after Friday's weekend on demand of a good quality cotton that is in short supply owing to lower production after a pest attack, dealers said on Thursday.</p>
<p>The prices closed higher in the week to Thursday and are likely to rise on demand from spinners selling yarn at a higher rate in the world markets, dealer Nasim Usman at the private Karachi Cotton Association (KCA) said.</p>
<p>&quot;There is a good export market of yarn at a higher price,&quot; he said.  </p>
<p>In the kerb market, the MNH-93 variety was quoted around 2,640 rupees ($65.63) per maund (37.32 kg), Usman said.</p>
<p>Thursday's KCA official spot rates in rupees per maund:</p>
<p>			  Thursday	 Jan 1	   Dec 24</p>
<p>    NIAB-78	   2,416	    2,416	   2,377.50</p>
<p>    K-68		2,608.50	 2,608.50	2,570</p>
<p>    MNH-93	    2,618.50	 2,618.50	2,580</p>
<p>($1 = 40.22 rupees) -- Karachi newsroom 9221-5685192</p>
</text>
<copyright>(c) Reuters Limited 1997</copyright>
<metadata>
<codes class="bip:countries:1.0">
  <code code="PAKIS">
    <editdetail attribution="Reuters BIP Coding Group" action="confirmed" date="1997-01-02"/>
  </code>
</codes>
<codes class="bip:topics:1.0">
  <code code="M14">
    <editdetail attribution="Reuters BIP Coding Group" action="confirmed" date="1997-01-02"/>
  </code>
  <code code="M141">
    <editdetail attribution="Reuters BIP Coding Group" action="confirmed" date="1997-01-02"/>
  </code>
  <code code="MCAT">
    <editdetail attribution="Reuters BIP Coding Group" action="confirmed" date="1997-01-02"/>
  </code>
</codes>
<dc element="dc.date.created" value="1997-01-02"/>
<dc element="dc.publisher" value="Reuters Holdings Plc"/>
<dc element="dc.date.published" value="1997-01-02"/>
<dc element="dc.source" value="Reuters"/>
<dc element="dc.creator.location" value="KARACHI, Pakistan"/>
<dc element="dc.creator.location.country.name" value="PAKISTAN"/>
<dc element="dc.source" value="Reuters"/>
</metadata>
</newsitem>
