<?xml version="1.0" encoding="iso-8859-1" ?>
<newsitem itemid="447478" id="root" date="1997-03-17" xml:lang="en">
<title>GERMANY: German unemployment can be cut in half - Jagoda.</title>
<headline>German unemployment can be cut in half - Jagoda.</headline>
<dateline>MUNICH, Germany 1997-03-17</dateline>
<text>
<p>The number of unemployed in Germany can be cut in half within five years assuming certain economic reforms are made, the head of the Federal Labour Office, Bernhard Jagoda said on Monday.</p>
<p>Jagoda told a press conference that in order to spur employment, wages should be linked to inflation, overtime reduced, part-time work increased and non-wage labour costs cut.</p>
<p>The labour office chief said that among Germany's unemployed there are up to 400,000 people who would like to work part-time jobs.</p>
<p>In February, the number of unemployed in Germany rose 5,000 to a seasonally adjusted post-war record of 4.316 million.</p>
<p>--Frankfurt Newsroom + 49 69 756525</p>
</text>
<copyright>(c) Reuters Limited 1997</copyright>
<metadata>
<codes class="bip:countries:1.0">
  <code code="GFR">
    <editdetail attribution="Reuters BIP Coding Group" action="confirmed" date="1997-03-17"/>
  </code>
</codes>
<codes class="bip:topics:1.0">
  <code code="E12">
    <editdetail attribution="Reuters BIP Coding Group" action="confirmed" date="1997-03-17"/>
  </code>
  <code code="E41">
    <editdetail attribution="Reuters BIP Coding Group" action="confirmed" date="1997-03-17"/>
  </code>
  <code code="E411">
    <editdetail attribution="Reuters BIP Coding Group" action="confirmed" date="1997-03-17"/>
  </code>
  <code code="ECAT">
    <editdetail attribution="Reuters BIP Coding Group" action="confirmed" date="1997-03-17"/>
  </code>
  <code code="GCAT">
    <editdetail attribution="Reuters BIP Coding Group" action="confirmed" date="1997-03-17"/>
  </code>
  <code code="GJOB">
    <editdetail attribution="Reuters BIP Coding Group" action="confirmed" date="1997-03-17"/>
  </code>
</codes>
<dc element="dc.date.created" value="1997-03-17"/>
<dc element="dc.publisher" value="Reuters Holdings Plc"/>
<dc element="dc.date.published" value="1997-03-17"/>
<dc element="dc.source" value="Reuters"/>
<dc element="dc.creator.location" value="MUNICH, Germany"/>
<dc element="dc.creator.location.country.name" value="GERMANY"/>
<dc element="dc.source" value="Reuters"/>
</metadata>
</newsitem>
