<?xml version="1.0" encoding="iso-8859-1" ?>
<newsitem itemid="46498" id="root" date="1996-09-11" xml:lang="en">
<title>USA: CCC seeks up to 4,280 T U.S. corn for Angola.</title>
<headline>CCC seeks up to 4,280 T U.S. corn for Angola.</headline>
<dateline>CHICAGO 1996-09-11</dateline>
<text>
<p>The Commodity Credit Corp said it is seeking up to 4,280 tonnes of U.S. No. 2 yellow corn under the export donation program to Angola.</p>
<p>Shipment period is slated for October 5-31 and offers are due by September 18.</p>
<p>The CCC is part of the U.S. Department of Agriculture.</p>
<p>--Doris Frankel 312-983-7305</p>
</text>
<copyright>(c) Reuters Limited 1996</copyright>
<metadata>
<codes class="bip:countries:1.0">
  <code code="ANGOL">
    <editdetail attribution="Reuters BIP Coding Group" action="confirmed" date="1996-09-11"/>
  </code>
  <code code="USA">
    <editdetail attribution="Reuters BIP Coding Group" action="confirmed" date="1996-09-11"/>
  </code>
</codes>
<codes class="bip:topics:1.0">
  <code code="M14">
    <editdetail attribution="Reuters BIP Coding Group" action="confirmed" date="1996-09-11"/>
  </code>
  <code code="M141">
    <editdetail attribution="Reuters BIP Coding Group" action="confirmed" date="1996-09-11"/>
  </code>
  <code code="MCAT">
    <editdetail attribution="Reuters BIP Coding Group" action="confirmed" date="1996-09-11"/>
  </code>
</codes>
<dc element="dc.date.created" value="1996-09-11"/>
<dc element="dc.publisher" value="Reuters Holdings Plc"/>
<dc element="dc.date.published" value="1996-09-11"/>
<dc element="dc.source" value="Reuters"/>
<dc element="dc.creator.location" value="CHICAGO"/>
<dc element="dc.creator.location.country.name" value="USA"/>
<dc element="dc.source" value="Reuters"/>
</metadata>
</newsitem>
