<?xml version="1.0" encoding="iso-8859-1" ?>
<newsitem itemid="582974" id="root" date="1997-05-14" xml:lang="en">
<title>USA: Elgin, Ill, $3.350 mln won by John Nuveen.</title>
<headline>Elgin, Ill, $3.350 mln won by John Nuveen.</headline>
<dateline>NEW YORK 1997-05-14</dateline>
<text>
<p>John Nuveen &amp; Co., Inc., said it won $3.350 million of Elgin, Ill., gneeral obligation refunding bonds, Series 1997 B, with a true interest cost of 4.802 percent.</p>
</text>
<copyright>(c) Reuters Limited 1997</copyright>
<metadata>
<codes class="bip:countries:1.0">
  <code code="USA">
    <editdetail attribution="Reuters BIP Coding Group" action="confirmed" date="1997-05-14"/>
  </code>
</codes>
<codes class="bip:topics:1.0">
  <code code="E21">
    <editdetail attribution="Reuters BIP Coding Group" action="confirmed" date="1997-05-14"/>
  </code>
  <code code="E212">
    <editdetail attribution="Reuters BIP Coding Group" action="confirmed" date="1997-05-14"/>
  </code>
  <code code="ECAT">
    <editdetail attribution="Reuters BIP Coding Group" action="confirmed" date="1997-05-14"/>
  </code>
</codes>
<dc element="dc.date.created" value="1997-05-14"/>
<dc element="dc.publisher" value="Reuters Holdings Plc"/>
<dc element="dc.date.published" value="1997-05-14"/>
<dc element="dc.source" value="Reuters"/>
<dc element="dc.creator.location" value="NEW YORK"/>
<dc element="dc.creator.location.country.name" value="USA"/>
<dc element="dc.source" value="Reuters"/>
</metadata>
</newsitem>
