<?xml version="1.0" encoding="iso-8859-1" ?>
<newsitem itemid="481524" id="root" date="1997-04-02" xml:lang="en">
<title>THAILAND: Export value of Jan-Feb Thai vehicles, parts up.</title>
<headline>Export value of Jan-Feb Thai vehicles, parts up.</headline>
<dateline>BANGKOK 1997-04-02</dateline>
<text>
<p>The export value of Thai assembled vehicles and parts jumped 84.7 percent to 3.2 billion baht ($123.07 million) in the first two months of the year from 1.75 billion baht in the same period last year, an industry association said on Wednesday.</p>
<p>The export value of cars and car parts during the January-February period jumped to two billion baht from 456 million in the same period a year ago, the Thai Automotive Industry Association said in a statement.</p>
<p>The value of motorcycles and motorcyle part exports in the period was down to 1.22 billion baht from 1.29 billion baht in the same period in the previous year, it said.</p>
<p>The total number of passenger cars and commercial vehicles assembled in Thailand in the first two months of 1997 was 80,858 units against 86,059 in the same period in 1996.</p>
<p>(US$1  =  26 baht)</p>
<p>-- Bangkok newsroom (662) 652-0642</p>
</text>
<copyright>(c) Reuters Limited 1997</copyright>
<metadata>
<codes class="bip:countries:1.0">
  <code code="THAIL">
    <editdetail attribution="Reuters BIP Coding Group" action="confirmed" date="1997-04-02"/>
  </code>
</codes>
<codes class="bip:industries:1.0">
  <code code="I35101">
    <editdetail attribution="Reuters BIP Coding Group" action="confirmed" date="1997-04-02"/>
  </code>
  <code code="I35300">
    <editdetail attribution="Reuters BIP Coding Group" action="confirmed" date="1997-04-02"/>
  </code>
</codes>
<codes class="bip:topics:1.0">
  <code code="C31">
    <editdetail attribution="Reuters BIP Coding Group" action="confirmed" date="1997-04-02"/>
  </code>
  <code code="C312">
    <editdetail attribution="Reuters BIP Coding Group" action="confirmed" date="1997-04-02"/>
  </code>
  <code code="CCAT">
    <editdetail attribution="Reuters BIP Coding Group" action="confirmed" date="1997-04-02"/>
  </code>
  <code code="E51">
    <editdetail attribution="Reuters BIP Coding Group" action="confirmed" date="1997-04-02"/>
  </code>
  <code code="E512">
    <editdetail attribution="Reuters BIP Coding Group" action="confirmed" date="1997-04-02"/>
  </code>
  <code code="ECAT">
    <editdetail attribution="Reuters BIP Coding Group" action="confirmed" date="1997-04-02"/>
  </code>
</codes>
<dc element="dc.date.created" value="1997-04-02"/>
<dc element="dc.publisher" value="Reuters Holdings Plc"/>
<dc element="dc.date.published" value="1997-04-02"/>
<dc element="dc.source" value="Reuters"/>
<dc element="dc.creator.location" value="BANGKOK"/>
<dc element="dc.creator.location.country.name" value="THAILAND"/>
<dc element="dc.source" value="Reuters"/>
</metadata>
</newsitem>
