<?xml version="1.0" encoding="iso-8859-1" ?>
<newsitem itemid="56550" id="root" date="1996-09-16" xml:lang="en">
<title>UK: BOE says not seeking overnight credit outside EMU.</title>
<headline>BOE says not seeking overnight credit outside EMU.</headline>
<dateline>LONDON 1996-09-16</dateline>
<text>
<p>The Bank of England would not seek access to overnight credit if Britain opted out of a single European currency, Bank of England Governor Eddie George said.</p>
<p>&quot;We're not seeking to be allowed to create credit overnight, all we're seeking to do is to be able to extend intraday credit in order to avoid gridlock within the realtime gross settlement payments system,&quot; he said at a press conference on Monday.</p>
<p>But he said that the 'outs' -- countries opting out of European Economic and Monetary Union -- must have equal access to intraday credit in order to ensure the effective functioning of payments systems.</p>
<p>George said it was possible that there could be spillover from intraday credit to overnight credit and said that should be penalised just as it is in any national system.</p>
<p>&quot;&quot;We're not asking for something that can have significant impact on monetary conditions,&quot; he said. &quot;The monetary union area has to be able to control the monetary conditions within that area.&quot;</p>
<p>George was speaking at a news conference at which senior Bank officials presented a report entitled &quot;Practical Issues Arising from the Introduction of the Euro.&quot;</p>
<p>-- Mike Peacock, London Newsroom +44 171 542 5109</p>
</text>
<copyright>(c) Reuters Limited 1996</copyright>
<metadata>
<codes class="bip:countries:1.0">
  <code code="EEC">
    <editdetail attribution="Reuters BIP Coding Group" action="confirmed" date="1996-09-16"/>
  </code>
  <code code="UK">
    <editdetail attribution="Reuters BIP Coding Group" action="confirmed" date="1996-09-16"/>
  </code>
</codes>
<codes class="bip:topics:1.0">
  <code code="E12">
    <editdetail attribution="Reuters BIP Coding Group" action="confirmed" date="1996-09-16"/>
  </code>
  <code code="ECAT">
    <editdetail attribution="Reuters BIP Coding Group" action="confirmed" date="1996-09-16"/>
  </code>
  <code code="G15">
    <editdetail attribution="Reuters BIP Coding Group" action="confirmed" date="1996-09-16"/>
  </code>
  <code code="G151">
    <editdetail attribution="Reuters BIP Coding Group" action="confirmed" date="1996-09-16"/>
  </code>
  <code code="G154">
    <editdetail attribution="Reuters BIP Coding Group" action="confirmed" date="1996-09-16"/>
  </code>
  <code code="GCAT">
    <editdetail attribution="Reuters BIP Coding Group" action="confirmed" date="1996-09-16"/>
  </code>
</codes>
<dc element="dc.date.created" value="1996-09-16"/>
<dc element="dc.publisher" value="Reuters Holdings Plc"/>
<dc element="dc.date.published" value="1996-09-16"/>
<dc element="dc.source" value="Reuters"/>
<dc element="dc.creator.location" value="LONDON"/>
<dc element="dc.creator.location.country.name" value="UK"/>
<dc element="dc.source" value="Reuters"/>
</metadata>
</newsitem>
