<?xml version="1.0" encoding="iso-8859-1" ?>
<newsitem itemid="508298" id="root" date="1997-04-14" xml:lang="en">
<title>SOUTH KOREA: S.Korean buyers seek 38,800T of cottonseed meal.</title>
<headline>S.Korean buyers seek 38,800T of cottonseed meal.</headline>
<dateline>SEOUL 1997-04-14</dateline>
<text>
<p>Two South Korean buyer groups invited tenders on Monday to buy a total of 38,800 tonnes of cottonseed meal by 3:00 p.m. (0600 GMT), traders said.</p>
<p>They said the two buyer groups were the Korea Feed Association in Pusan and the Big Feed Mills.  </p>
<p>They said the tenders were split into six positions.</p>
<p>Details for the tenders are as follows:</p>
<p> POSITION  TONNE   ETA	    ARRIVAL PORT</p>
<p>   One     7,000   July 20	Inchon/Kunsan</p>
<p>   Two     5,100   July 20	Ulsan</p>
<p>   Three   7,300   Aug  20	Inchon/Kunsan</p>
<p>   Four    5,800   Aug  20	Ulsan</p>
<p>   Five    7,600   Sept 20	Inchon/Kuksan</p>
<p>   Six     6,000   Sept 20	Ulsan</p>
<p>-- Seoul Newsroom (822) 727 5651</p>
</text>
<copyright>(c) Reuters Limited 1997</copyright>
<metadata>
<codes class="bip:countries:1.0">
  <code code="SKOREA">
    <editdetail attribution="Reuters BIP Coding Group" action="confirmed" date="1997-04-14"/>
  </code>
</codes>
<codes class="bip:topics:1.0">
  <code code="M14">
    <editdetail attribution="Reuters BIP Coding Group" action="confirmed" date="1997-04-14"/>
  </code>
  <code code="M141">
    <editdetail attribution="Reuters BIP Coding Group" action="confirmed" date="1997-04-14"/>
  </code>
  <code code="MCAT">
    <editdetail attribution="Reuters BIP Coding Group" action="confirmed" date="1997-04-14"/>
  </code>
</codes>
<dc element="dc.date.created" value="1997-04-14"/>
<dc element="dc.publisher" value="Reuters Holdings Plc"/>
<dc element="dc.date.published" value="1997-04-14"/>
<dc element="dc.source" value="Reuters"/>
<dc element="dc.creator.location" value="SEOUL"/>
<dc element="dc.creator.location.country.name" value="SOUTH KOREA"/>
<dc element="dc.source" value="Reuters"/>
</metadata>
</newsitem>
