<?xml version="1.0" encoding="iso-8859-1" ?>
<newsitem itemid="4763" id="root" date="1996-08-20" xml:lang="en">
<title>INDONESIA: Indonesia's Danareksa indicative bonds prices.</title>
<headline>Indonesia's Danareksa indicative bonds prices.</headline>
<dateline>JAKARTA 1996-08-20</dateline>
<text>
<p>The following list of straight bonds are indicative prices from PT Danareksa Sekuritas.</p>
<p>For availability, confirmed rate, amount and other details please contact Mr Desimon, Mr Soetoto and Miss Rina Mansyur at telephone +6221-526 4888 or fax 6221-526 7121/22 in Jakarta.</p>
<p>===============================================================</p>
<p>Bonds	     Maturity	    Bid(%)    Ask(%)   Coupon(%)</p>
<p>---------------------------------------------------------------</p>
<p>Adhi Karya     29 July 98	   97.50	-	 16.58</p>
<p>---------------------------------------------------------------</p>
<p>Astra Int'l    30  May 99	   98.00	99.75   17.75</p>
<p>---------------------------------------------------------------</p>
<p>Bank DKI 93    01 Feb 98	    97.00	99.0    16.892</p>
<p>---------------------------------------------------------------</p>
<p>BII			 00	    99.00	-	 17.92</p>
<p>---------------------------------------------------------------</p>
<p>Bapindo VI-I/92 17 Jul 97	   98.00	-	 15.93</p>
<p>---------------------------------------------------------------</p>
<p>BapindoVII-J/93 01 Mar 98	   97.00     99.50    15.83</p>
<p>---------------------------------------------------------------</p>
<p>BTN III/1991    11 Nov 96	  100.00	-	 20.00</p>
<p>---------------------------------------------------------------</p>
<p>BTN IV/1992     23 Jan 98	   99.00	-	 17.00</p>
<p>---------------------------------------------------------------</p>
<p>BTN V/1993	31 Jul 98	   97.50     99.25    15.90</p>
<p>---------------------------------------------------------------</p>
<p>BTN VII A	 22 Jul 01	   99.00    100.50    17.125</p>
<p>---------------------------------------------------------------</p>
<p>BTN VII B	 22 Jul 01	   98.75    100.25    17.125</p>
<p>---------------------------------------------------------------</p>
<p>Ciputra	   18 Jul 01	   99.50    100.50    18.75</p>
<p>---------------------------------------------------------------</p>
<p>Jasa Marga VIIL 08 Jun 98	   99.50	-	 16.90</p>
<p>---------------------------------------------------------------</p>
<p>Marga M Sakti I 30 Jul 01	   95.50     98.50    17.05</p>
<p>---------------------------------------------------------------</p>
<p>Pakuwon Jati    28 Jun 01	   99.00    100.50    19.125</p>
<p>---------------------------------------------------------------</p>
<p>Pegadaian I/93  09 Jul 98	   98.00	-	 16.75</p>
<p>---------------------------------------------------------------</p>
<p>Pegadaian II/94 18 Jul 99	   97.00	-	 16.70</p>
<p>---------------------------------------------------------------</p>
<p>Pegadaian III   12 Jul 01	   99.00    100.50    17.75</p>
<p>---------------------------------------------------------------</p>
<p>P Perumahan     12 Mar 98	   98.00	-</p>
<p>---------------------------------------------------------------</p>
<p>PLN I/1992	23 Oct 97	   98.00	-	 16.9036</p>
<p>---------------------------------------------------------------</p>
<p>PLN II/1993     29 Oct 00	   98.00     99.25    16.93</p>
<p>---------------------------------------------------------------</p>
<p>PLN III/1994    07 Apr 00	   96.00	-	 16.90</p>
<p>---------------------------------------------------------------</p>
<p>PLN IV A/1995   25 Aug 99	  100.00    101.00    17.58</p>
<p>---------------------------------------------------------------</p>
<p>PLN IV B/1995   25 Aug 99	   97.00	-	 15.85732</p>
<p>---------------------------------------------------------------</p>
<p>Polysindo EP I  05 Mei 98	   97.00	-	 15.92</p>
<p>---------------------------------------------------------------</p>
<p>Wika II	   05 Jul 03	   97.50		  17.50</p>
<p>---------------------------------------------------------------</p>
</text>
<copyright>(c) Reuters Limited 1996</copyright>
<metadata>
<codes class="bip:countries:1.0">
  <code code="INDON">
    <editdetail attribution="Reuters BIP Coding Group" action="confirmed" date="1996-08-20"/>
  </code>
</codes>
<codes class="bip:topics:1.0">
  <code code="M12">
    <editdetail attribution="Reuters BIP Coding Group" action="confirmed" date="1996-08-20"/>
  </code>
  <code code="MCAT">
    <editdetail attribution="Reuters BIP Coding Group" action="confirmed" date="1996-08-20"/>
  </code>
</codes>
<dc element="dc.date.created" value="1996-08-20"/>
<dc element="dc.publisher" value="Reuters Holdings Plc"/>
<dc element="dc.date.published" value="1996-08-20"/>
<dc element="dc.source" value="Reuters"/>
<dc element="dc.creator.location" value="JAKARTA"/>
<dc element="dc.creator.location.country.name" value="INDONESIA"/>
<dc element="dc.source" value="Reuters"/>
</metadata>
</newsitem>
