<?xml version="1.0" encoding="iso-8859-1" ?>
<newsitem itemid="375181" id="root" date="1997-02-13" xml:lang="en">
<title>CZECH REPUBLIC: Czech CNB 13wk bills yield 12.4pct, undersubscribed.</title>
<headline>Czech CNB 13wk bills yield 12.4pct, undersubscribed.</headline>
<dateline>PRAGUE 1997-02-13</dateline>
<text>
<p>Average yield in an auction on Thursday offering five billion crowns 13-week Czech National Bank (CNB) liquidity bills was 12.4 percent, and the Dutch auction was undersubscribed with accepted bids totalling 3.477 billion crowns, the CNB said.</p>
<p>Gross yield in the last auction offering three billion crowns in similar bills on January 30 was 12.4 percent, and it was undersubscribed, with bids totalling 1.336 billion crowns.</p>
<p>-- Prague Newsroom, 42-2-2423-0003</p>
</text>
<copyright>(c) Reuters Limited 1997</copyright>
<metadata>
<codes class="bip:countries:1.0">
  <code code="CZREP">
    <editdetail attribution="Reuters BIP Coding Group" action="confirmed" date="1997-02-13"/>
  </code>
</codes>
<codes class="bip:topics:1.0">
  <code code="M13">
    <editdetail attribution="Reuters BIP Coding Group" action="confirmed" date="1997-02-13"/>
  </code>
  <code code="M131">
    <editdetail attribution="Reuters BIP Coding Group" action="confirmed" date="1997-02-13"/>
  </code>
  <code code="MCAT">
    <editdetail attribution="Reuters BIP Coding Group" action="confirmed" date="1997-02-13"/>
  </code>
</codes>
<dc element="dc.date.created" value="1997-02-13"/>
<dc element="dc.publisher" value="Reuters Holdings Plc"/>
<dc element="dc.date.published" value="1997-02-13"/>
<dc element="dc.source" value="Reuters"/>
<dc element="dc.creator.location" value="PRAGUE"/>
<dc element="dc.creator.location.country.name" value="CZECH REPUBLIC"/>
<dc element="dc.source" value="Reuters"/>
</metadata>
</newsitem>
