<?xml version="1.0" encoding="iso-8859-1" ?>
<newsitem itemid="531631" id="root" date="1997-04-23" xml:lang="en">
<title>RUSSIA: TsUM closer to ADR issue with SEC exemption.</title>
<headline>TsUM closer to ADR issue with SEC exemption.</headline>
<dateline>MOSCOW 1997-04-23</dateline>
<text>
<p>Russian retailer TsUM</p>
<p>has been exempted from information disclosure under U.S. Securities Exchange Commission (SEC) rule 12g3-2(b), TsUM's financial consultants OLMA said on Wednesday.</p>
<p>Exemption from this rule is a prerequisite for companies wishing to issue level-one American Depositary Receipts (ADRs) on their shares.</p>
<p>ADRs are share look-alikes which allow stock in foreign companies to be traded on U.S. markets and which ease custody and settlement problems common in developing and emerging markets.</p>
<p>The SEC must conduct a thorough review of a company's accounts before granting permission for an ADR issue.</p>
<p>Level-one ADR issues are backed by existing company shares and do not raise any new capital or involve any issues of new shares.</p>
<p>Many Russian companies have issued or announced plans to issue ADRs. Shares of Russian companies which announce plans to issue ADRs generally outperform the market in the short-term.</p>
<p>The Moscow city government is OAO Torgovy Dom TsUM's main shareholder, with about 16 percent of the company's shares.</p>
<p>--Aleksandras Budrys, Moscow Newsroom, +7095 941 8520</p>
</text>
<copyright>(c) Reuters Limited 1997</copyright>
<metadata>
<codes class="bip:countries:1.0">
  <code code="RUSS">
    <editdetail attribution="Reuters BIP Coding Group" action="confirmed" date="1997-04-23"/>
  </code>
  <code code="USA">
    <editdetail attribution="Reuters BIP Coding Group" action="confirmed" date="1997-04-23"/>
  </code>
</codes>
<codes class="bip:industries:1.0">
  <code code="I65600">
    <editdetail attribution="Reuters BIP Coding Group" action="confirmed" date="1997-04-23"/>
  </code>
  <code code="I6560002">
    <editdetail attribution="Reuters BIP Coding Group" action="confirmed" date="1997-04-23"/>
  </code>
</codes>
<codes class="bip:topics:1.0">
  <code code="C13">
    <editdetail attribution="Reuters BIP Coding Group" action="confirmed" date="1997-04-23"/>
  </code>
  <code code="C17">
    <editdetail attribution="Reuters BIP Coding Group" action="confirmed" date="1997-04-23"/>
  </code>
  <code code="C171">
    <editdetail attribution="Reuters BIP Coding Group" action="confirmed" date="1997-04-23"/>
  </code>
  <code code="CCAT">
    <editdetail attribution="Reuters BIP Coding Group" action="confirmed" date="1997-04-23"/>
  </code>
</codes>
<dc element="dc.date.created" value="1997-04-23"/>
<dc element="dc.publisher" value="Reuters Holdings Plc"/>
<dc element="dc.date.published" value="1997-04-23"/>
<dc element="dc.source" value="Reuters"/>
<dc element="dc.creator.location" value="MOSCOW"/>
<dc element="dc.creator.location.country.name" value="RUSSIA"/>
<dc element="dc.source" value="Reuters"/>
</metadata>
</newsitem>
