<?xml version="1.0" encoding="iso-8859-1" ?>
<newsitem itemid="614421" id="root" date="1997-05-26" xml:lang="en">
<title>FRANCE: Govts should support Eurotunnel - Jospin.</title>
<headline>Govts should support Eurotunnel - Jospin.</headline>
<dateline>PARIS 1997-05-26</dateline>
<text>
<p>French Socialist leader Lionel Jospin has written to one of Eurotunnel SA /Plc's shareholder groups, saying the French and British governments have a key role to play in the company's debt restructuring.</p>
<p>&quot;In any case, the shareholders must not be overlooked in discussions between the company and its bankers on the debt restructuring,&quot; Jospin said in a letter dated May 21 to Adacte, a Eurotunnel small shareholder association. &quot;By the same token, in view of the scale of risk confronting the Channel Tunnel, the states cannot stay out of the situtation even if the operation has been granted to a private company,&quot; he said.</p>
<p>&quot;The shareholders that you represent have effectively suffered a very heavy financial prejudice, all the more unacceptable in view of the financial outlook for Eurotunnel which appear to be positive,&quot; Jospin's letter said.</p>
<p>The Socialists and other left parties polled a surprise 40.1 percent in Sunday's parliamentary first-round ballot, leading the RPR-UDF and conservative parties' 36.5 percent.</p>
<p>A leading pollster, Roland Cayrol, director of the CSA, said on Monday the vote opened the possibility for a Socialist vistory in the second round to be held on June 1.</p>
<p>Eurotunnel is asking the French and British governments to extend its 60-year licence by as much as possible, seen essential in gaining shareholder approval for its plan to restructure 70 billion francs ($12.3 billion) of junior bank debt.</p>
<p>-- Paris newsroom +33 1 4221 5452 ($ = 5.690 French Francs)</p>
</text>
<copyright>(c) Reuters Limited 1997</copyright>
<metadata>
<codes class="bip:countries:1.0">
  <code code="FRA">
    <editdetail attribution="Reuters BIP Coding Group" action="confirmed" date="1997-05-26"/>
  </code>
  <code code="UK">
    <editdetail attribution="Reuters BIP Coding Group" action="confirmed" date="1997-05-26"/>
  </code>
</codes>
<codes class="bip:industries:1.0">
  <code code="I71000">
    <editdetail attribution="Reuters BIP Coding Group" action="confirmed" date="1997-05-26"/>
  </code>
</codes>
<codes class="bip:topics:1.0">
  <code code="C13">
    <editdetail attribution="Reuters BIP Coding Group" action="confirmed" date="1997-05-26"/>
  </code>
  <code code="C17">
    <editdetail attribution="Reuters BIP Coding Group" action="confirmed" date="1997-05-26"/>
  </code>
  <code code="CCAT">
    <editdetail attribution="Reuters BIP Coding Group" action="confirmed" date="1997-05-26"/>
  </code>
</codes>
<dc element="dc.date.created" value="1997-05-26"/>
<dc element="dc.publisher" value="Reuters Holdings Plc"/>
<dc element="dc.date.published" value="1997-05-26"/>
<dc element="dc.source" value="Reuters"/>
<dc element="dc.creator.location" value="PARIS"/>
<dc element="dc.creator.location.country.name" value="FRANCE"/>
<dc element="dc.source" value="Reuters"/>
</metadata>
</newsitem>
