<?xml version="1.0" encoding="iso-8859-1" ?>
<newsitem itemid="799281" id="root" date="1997-08-14" xml:lang="en">
<title>JAPAN: RESEARCH ALERT-Fukusima Industries cut.</title>
<headline>RESEARCH ALERT-Fukusima Industries cut.</headline>
<dateline>TOKYO 1996-08-15</dateline>
<text>
<p>Daiwa Institute of Research Ltd downgraded Fukusima Industries Corp to a &quot;B&quot; rating from its previous &quot;A&quot;, Daiwa Securities brokers said on Friday.</p>
<p>In its three-grade rating system, the research institute assigns a &quot;B&quot; rating to issues whose values it sees moving within 10 percentage points in either direction of the Tokyo Stock Exchange first-section TOPIX index over the next six months.</p>
</text>
<copyright>(c) Reuters Limited 1997</copyright>
<metadata>
<codes class="bip:countries:1.0">
  <code code="JAP">
    <editdetail attribution="Reuters BIP Coding Group" action="confirmed" date="1997-08-14"/>
  </code>
</codes>
<codes class="bip:industries:1.0">
  <code code="I32840">
    <editdetail attribution="Reuters BIP Coding Group" action="confirmed" date="1997-08-14"/>
  </code>
</codes>
<codes class="bip:topics:1.0">
  <code code="C15">
    <editdetail attribution="Reuters BIP Coding Group" action="confirmed" date="1997-08-14"/>
  </code>
  <code code="C152">
    <editdetail attribution="Reuters BIP Coding Group" action="confirmed" date="1997-08-14"/>
  </code>
  <code code="CCAT">
    <editdetail attribution="Reuters BIP Coding Group" action="confirmed" date="1997-08-14"/>
  </code>
</codes>
<dc element="dc.date.created" value="1996-08-15"/>
<dc element="dc.publisher" value="Reuters Holdings Plc"/>
<dc element="dc.date.published" value="1997-08-14"/>
<dc element="dc.source" value="Reuters"/>
<dc element="dc.creator.location" value="TOKYO"/>
<dc element="dc.creator.location.country.name" value="JAPAN"/>
<dc element="dc.source" value="Reuters"/>
</metadata>
</newsitem>
