<?xml version="1.0" encoding="iso-8859-1" ?>
<newsitem itemid="806157" id="root" date="1997-08-18" xml:lang="en">
<title>USA: Insured Municipal fund sees correction.</title>
<headline>Insured Municipal fund sees correction.</headline>
<dateline>NEW YORK 1997-08-18</dateline>
<text>
<p>Insured Municipal Income Fund Inc said Friday it expected a technical correction in the municipal bond market before it continues its positive course.</p>
<p>The fund, which mostly holds long-term municipal bonds, said it will continue to diversify across the yield curve to lessen interest-rate risk.</p>
<p>As of July 31, the fund portfolio's biggest municipal bond holdings by state were Illinois (15.9 percent), Texas (11.0), Pennsylvania (9.6), Rhode Island (7.1) and Nevada (5.8).  </p>
<p>Its top five secor holdings were power (21.9 percent), water (20.5), health care (18.8), sales tax (12.0), general obligations (9.7).</p>
<p>The portfolio's weighted maturity averaged 22.19 years; the weighted duration 5.65 years; the weighted coupon 5.86 percant; and AMT paper 0 percent.</p>
</text>
<copyright>(c) Reuters Limited 1997</copyright>
<metadata>
<codes class="bip:countries:1.0">
  <code code="USA">
    <editdetail attribution="Reuters BIP Coding Group" action="confirmed" date="1997-08-18"/>
  </code>
</codes>
<codes class="bip:industries:1.0">
  <code code="I81502">
    <editdetail attribution="Reuters BIP Coding Group" action="confirmed" date="1997-08-18"/>
  </code>
  <code code="I8150206">
    <editdetail attribution="Reuters BIP Coding Group" action="confirmed" date="1997-08-18"/>
  </code>
</codes>
<codes class="bip:topics:1.0">
  <code code="C15">
    <editdetail attribution="Reuters BIP Coding Group" action="confirmed" date="1997-08-18"/>
  </code>
  <code code="C152">
    <editdetail attribution="Reuters BIP Coding Group" action="confirmed" date="1997-08-18"/>
  </code>
  <code code="CCAT">
    <editdetail attribution="Reuters BIP Coding Group" action="confirmed" date="1997-08-18"/>
  </code>
</codes>
<dc element="dc.date.created" value="1997-08-18"/>
<dc element="dc.publisher" value="Reuters Holdings Plc"/>
<dc element="dc.date.published" value="1997-08-18"/>
<dc element="dc.source" value="Reuters"/>
<dc element="dc.creator.location" value="NEW YORK"/>
<dc element="dc.creator.location.country.name" value="USA"/>
<dc element="dc.source" value="Reuters"/>
</metadata>
</newsitem>
