<?xml version="1.0" encoding="iso-8859-1" ?>
<newsitem itemid="374289" id="root" date="1997-02-12" xml:lang="en">
<title>GERMANY: Degussa holds off on Unilever business.</title>
<headline>Degussa holds off on Unilever business.</headline>
<dateline>FRANKFURT 1997-02-12</dateline>
<text>
<p>German chemicals and metals group Degussa AG said on Wednesday that it was too soon to say whether it would be interested in acquiring portions of Unilever NV's specialty chemicals business.</p>
<p>In an interview with television network CNBC, Degussa management board chairman Uwe-Ernst Bufe said, &quot;we have to analyse (the Unilever business) and have to see its progress. Of course part of the business would fit into Degussa, but right now it is too early to say.&quot;</p>
<p>Degussa had said that it would consider making further investments.</p>
<p>Unilever, the Anglo-Dutch company, earlier this week said it would put its specialty chemicals business up for sale and planned to obtain over eight billion dollars from the transaction.</p>
<p>--Frankfurt Newsroom, +49 69 756525</p>
</text>
<copyright>(c) Reuters Limited 1997</copyright>
<metadata>
<codes class="bip:countries:1.0">
  <code code="GFR">
    <editdetail attribution="Reuters BIP Coding Group" action="confirmed" date="1997-02-12"/>
  </code>
  <code code="NETH">
    <editdetail attribution="Reuters BIP Coding Group" action="confirmed" date="1997-02-12"/>
  </code>
  <code code="UK">
    <editdetail attribution="Reuters BIP Coding Group" action="confirmed" date="1997-02-12"/>
  </code>
</codes>
<codes class="bip:industries:1.0">
  <code code="I22472">
    <editdetail attribution="Reuters BIP Coding Group" action="confirmed" date="1997-02-12"/>
  </code>
  <code code="I25800">
    <editdetail attribution="Reuters BIP Coding Group" action="confirmed" date="1997-02-12"/>
  </code>
  <code code="I41000">
    <editdetail attribution="Reuters BIP Coding Group" action="confirmed" date="1997-02-12"/>
  </code>
</codes>
<codes class="bip:topics:1.0">
  <code code="C18">
    <editdetail attribution="Reuters BIP Coding Group" action="confirmed" date="1997-02-12"/>
  </code>
  <code code="C181">
    <editdetail attribution="Reuters BIP Coding Group" action="confirmed" date="1997-02-12"/>
  </code>
  <code code="CCAT">
    <editdetail attribution="Reuters BIP Coding Group" action="confirmed" date="1997-02-12"/>
  </code>
</codes>
<dc element="dc.date.created" value="1997-02-12"/>
<dc element="dc.publisher" value="Reuters Holdings Plc"/>
<dc element="dc.date.published" value="1997-02-12"/>
<dc element="dc.source" value="Reuters"/>
<dc element="dc.creator.location" value="FRANKFURT"/>
<dc element="dc.creator.location.country.name" value="GERMANY"/>
<dc element="dc.source" value="Reuters"/>
</metadata>
</newsitem>
