<?xml version="1.0" encoding="iso-8859-1" ?>
<newsitem itemid="516413" id="root" date="1997-04-17" xml:lang="en">
<title>USA: Aspen Bancshares Inc Q1 net rises.</title>
<headline>Aspen Bancshares Inc Q1 net rises.</headline>
<dateline>ASPEN, Colo. 1997-04-16</dateline>
<text>
<p>(in thousands)</p>
<p>						 Three Months Ended</p>
<p>						     March 31,</p>
<p>						  1997	   1996</p>
<p> Provision for loan losses		   19	     9</p>
<p> Net interest income after provision  4,846	 3,930</p>
<p> Net income				   1,387	 1,270</p>
<p>Net income available to common</p>
<p>  stock					 1,387	 1,162</p>
<p> Net income per share			0.36	  0.37</p>
<p>Net income per share, fully</p>
<p>  diluted					0.36	  0.34</p>
<p> Average shares outstanding	     3,862	 3,134</p>
<p> Fully diluted average shares	   3,862	 3,780</p>
<p>NOTE: The company said its current first quarter results were boosted by contributions of Val Cor Bancorp, which was acquired in June 1996.</p>
</text>
<copyright>(c) Reuters Limited 1997</copyright>
<metadata>
<codes class="bip:countries:1.0">
  <code code="USA">
    <editdetail attribution="Reuters BIP Coding Group" action="confirmed" date="1997-04-17"/>
  </code>
</codes>
<codes class="bip:industries:1.0">
  <code code="I81402">
    <editdetail attribution="Reuters BIP Coding Group" action="confirmed" date="1997-04-17"/>
  </code>
</codes>
<codes class="bip:topics:1.0">
  <code code="C15">
    <editdetail attribution="Reuters BIP Coding Group" action="confirmed" date="1997-04-17"/>
  </code>
  <code code="C151">
    <editdetail attribution="Reuters BIP Coding Group" action="confirmed" date="1997-04-17"/>
  </code>
  <code code="CCAT">
    <editdetail attribution="Reuters BIP Coding Group" action="confirmed" date="1997-04-17"/>
  </code>
</codes>
<dc element="dc.date.created" value="1997-04-16"/>
<dc element="dc.publisher" value="Reuters Holdings Plc"/>
<dc element="dc.date.published" value="1997-04-17"/>
<dc element="dc.source" value="Reuters"/>
<dc element="dc.creator.location" value="ASPEN, Colo."/>
<dc element="dc.creator.location.country.name" value="USA"/>
<dc element="dc.source" value="Reuters"/>
</metadata>
</newsitem>
