<?xml version="1.0" encoding="iso-8859-1" ?>
<newsitem itemid="680590" id="root" date="1997-06-23" xml:lang="en">
<title>UNITED NATIONS: Traffic lights to limit Earth summit speeches.</title>
<headline>Traffic lights to limit Earth summit speeches.</headline>
<dateline>UNITED NATIONS 1997-06-23</dateline>
<text>
<p>Organisers of the 173-nation second Earth Summit, worried about rhetorical overload, have installed a traffic light to keep speakers under control.</p>
<p>U.N. General Assembly President Razali Ismail of Malaysia said a green light marked the start of a speaker's address, orange indicated 30 seconds remained, and red meant the allotted seven minutes was up.</p>
<p>He did not say what would happen to offenders who jumped a red light.</p>
<p>Organisers are keenly aware of the danger of speakers running over their time at the week-long meeting, where more than 60 heads of state or government are taking part in a special session of the General Assembly to review progress made since the first Earth Summit in Rio de Janeiro in 1992.</p>
</text>
<copyright>(c) Reuters Limited 1997</copyright>
<metadata>
<codes class="bip:countries:1.0">
  <code code="MALAY">
    <editdetail attribution="Reuters BIP Coding Group" action="confirmed" date="1997-06-23"/>
  </code>
  <code code="UN">
    <editdetail attribution="Reuters BIP Coding Group" action="confirmed" date="1997-06-23"/>
  </code>
</codes>
<codes class="bip:topics:1.0">
  <code code="GCAT">
    <editdetail attribution="Reuters BIP Coding Group" action="confirmed" date="1997-06-23"/>
  </code>
  <code code="GDIP">
    <editdetail attribution="Reuters BIP Coding Group" action="confirmed" date="1997-06-23"/>
  </code>
  <code code="GENV">
    <editdetail attribution="Reuters BIP Coding Group" action="confirmed" date="1997-06-23"/>
  </code>
</codes>
<dc element="dc.date.created" value="1997-06-23"/>
<dc element="dc.publisher" value="Reuters Holdings Plc"/>
<dc element="dc.date.published" value="1997-06-23"/>
<dc element="dc.source" value="Reuters"/>
<dc element="dc.creator.location" value="UNITED NATIONS"/>
<dc element="dc.creator.location.country.name" value="UNITED NATIONS"/>
<dc element="dc.source" value="Reuters"/>
</metadata>
</newsitem>
