<?xml version="1.0" encoding="iso-8859-1" ?>
<newsitem itemid="586941" id="root" date="1997-05-15" xml:lang="en">
<title>BELGIUM: Tractebel wins nuclear waste contracts.</title>
<headline>Tractebel wins nuclear waste contracts.</headline>
<dateline>BRUSSELS 1997-05-15</dateline>
<text>
<p>Belgian utility holding company Tractebel SA said on Thursday its engineering unit recently won four contracts for the processing and storage of radioactive waste in Russia and Central Europe.</p>
<p>It said the contracts were funded by the European Commission and awarded on the basis of the group's experience in similar nuclear waste storage operations in Belgium.</p>
<p>It said Tractebel Engineering, one of the group's seven business units, already played a prominent role in the European Commission's PHARE and TACIS programmes aimed at improving the safety of nuclear intallations.</p>
<p>-- Brussels Newsroom +32 2 287 6815, Fax +32 2 230 7710</p>
</text>
<copyright>(c) Reuters Limited 1997</copyright>
<metadata>
<codes class="bip:countries:1.0">
  <code code="BELG">
    <editdetail attribution="Reuters BIP Coding Group" action="confirmed" date="1997-05-15"/>
  </code>
  <code code="RUSS">
    <editdetail attribution="Reuters BIP Coding Group" action="confirmed" date="1997-05-15"/>
  </code>
</codes>
<codes class="bip:industries:1.0">
  <code code="I15000">
    <editdetail attribution="Reuters BIP Coding Group" action="confirmed" date="1997-05-15"/>
  </code>
  <code code="I83960">
    <editdetail attribution="Reuters BIP Coding Group" action="confirmed" date="1997-05-15"/>
  </code>
</codes>
<codes class="bip:topics:1.0">
  <code code="C33">
    <editdetail attribution="Reuters BIP Coding Group" action="confirmed" date="1997-05-15"/>
  </code>
  <code code="CCAT">
    <editdetail attribution="Reuters BIP Coding Group" action="confirmed" date="1997-05-15"/>
  </code>
</codes>
<dc element="dc.date.created" value="1997-05-15"/>
<dc element="dc.publisher" value="Reuters Holdings Plc"/>
<dc element="dc.date.published" value="1997-05-15"/>
<dc element="dc.source" value="Reuters"/>
<dc element="dc.creator.location" value="BRUSSELS"/>
<dc element="dc.creator.location.country.name" value="BELGIUM"/>
<dc element="dc.source" value="Reuters"/>
</metadata>
</newsitem>
