<?xml version="1.0" encoding="iso-8859-1" ?>
<newsitem itemid="364664" id="root" date="1997-02-07" xml:lang="en">
<title>AUSTRALIA: RTRS-Central Australia still dry - Met Bureau.</title>
<headline>RTRS-Central Australia still dry - Met Bureau.</headline>
<dateline>SYDNEY 1997-02-07</dateline>
<text>
<p>Rainfall deficiencies still existed in southern parts of Australia's Northern Territory, the Bureau of Meteorology said in a statement.</p>
<p>This was despite an active monsoon in northern Australia in January and significant rain over central Australia, with subsequent serious flooding over parts of northwest Australia and central Queensland, it said.</p>
<p>Rainfall deficiencies were still evident west of Alice Springs and across the border into Western Australia, it said.  </p>
<p>Small regions of serious rainfall deficiency also persisted near Katherine, east of Alice Springs, and between Hughenden and Townsville in Queensland, it said.</p>
<p>The major farming enterprise in the region is cattle growing on semi-arid pastures.</p>
<p>-- Sydney Newsroom 61-2 9373-1800</p>
</text>
<copyright>(c) Reuters Limited 1997</copyright>
<metadata>
<codes class="bip:countries:1.0">
  <code code="AUSTR">
    <editdetail attribution="Reuters BIP Coding Group" action="confirmed" date="1997-02-07"/>
  </code>
</codes>
<codes class="bip:topics:1.0">
  <code code="GCAT">
    <editdetail attribution="Reuters BIP Coding Group" action="confirmed" date="1997-02-07"/>
  </code>
  <code code="GWEA">
    <editdetail attribution="Reuters BIP Coding Group" action="confirmed" date="1997-02-07"/>
  </code>
</codes>
<dc element="dc.date.created" value="1997-02-07"/>
<dc element="dc.publisher" value="Reuters Holdings Plc"/>
<dc element="dc.date.published" value="1997-02-07"/>
<dc element="dc.source" value="Reuters"/>
<dc element="dc.creator.location" value="SYDNEY"/>
<dc element="dc.creator.location.country.name" value="AUSTRALIA"/>
<dc element="dc.source" value="Reuters"/>
</metadata>
</newsitem>
