<?xml version="1.0" encoding="iso-8859-1" ?>
<newsitem itemid="700054" id="root" date="1997-07-01" xml:lang="en">
<title>PORTUGAL: Portuguese bonds recover with U.S. Treasuries.</title>
<headline>Portuguese bonds recover with U.S. Treasuries.</headline>
<dateline>LISBON 1997-07-01</dateline>
<text>
<p>Portuguese bonds recovered at the close in line with Treasuries, which rose in reaction to a slowing in growth in the U.S. manufacturing sector in June.</p>
<p>&quot;U.S. Treasuries rose after the U.S. purchasing managers report, and Portuguese bonds recovered, but there was little volatility, and this situation will remain until the outcome of the Fed meeting is known,&quot; said one operator.</p>
<p>Another said: &quot;Spreads against Bunds of between 70 and 75 basis points are a buy opportunity for Portuguese bonds. But tomorrow's FOMC meeting will encourage caution and liquidity will be tight.&quot;</p>
<p>-- Lisbon newsroom +(351-1) 3538254</p>
</text>
<copyright>(c) Reuters Limited 1997</copyright>
<metadata>
<codes class="bip:countries:1.0">
  <code code="PORL">
    <editdetail attribution="Reuters BIP Coding Group" action="confirmed" date="1997-07-01"/>
  </code>
</codes>
<codes class="bip:topics:1.0">
  <code code="M12">
    <editdetail attribution="Reuters BIP Coding Group" action="confirmed" date="1997-07-01"/>
  </code>
  <code code="MCAT">
    <editdetail attribution="Reuters BIP Coding Group" action="confirmed" date="1997-07-01"/>
  </code>
</codes>
<dc element="dc.date.created" value="1997-07-01"/>
<dc element="dc.publisher" value="Reuters Holdings Plc"/>
<dc element="dc.date.published" value="1997-07-01"/>
<dc element="dc.source" value="Reuters"/>
<dc element="dc.creator.location" value="LISBON"/>
<dc element="dc.creator.location.country.name" value="PORTUGAL"/>
<dc element="dc.source" value="Reuters"/>
</metadata>
</newsitem>
