<?xml version="1.0" encoding="iso-8859-1" ?>
<newsitem itemid="404324" id="root" date="1997-02-26" xml:lang="en">
<title>PHILIPPINES: Philippine mutual funds net asset values.</title>
<headline>Philippine mutual funds net asset values.</headline>
<dateline>MANILA 1997-02-26</dateline>
<text>
<p>The following are the net asset</p>
<p>values of Philippine mutual funds for February 26, Wednesday:</p>
<p>  FUNDS		NAV PER	  DAILY	  YEAR TO DATE</p>
<p>			 SHARE	    CHANGE	 YIELD</p>
<p>			 (PESOS)	  (PCT)	  (PCT)</p>
<p>Citisec Growth     1.5148	   +0.47	    8.61</p>
<p>First Galleon	1.0148	   +0.05	    2.04</p>
<p>Philam Fund	  3.9193	   +0.16	    2.72</p>
<p>Philequity Fund    2.9005	   -0.32	    36.73</p>
<p>United Fund	  1.2348	   +0.54	    4.67</p>
<p>Kabuhayan Fund     1.0989	   -0.20	    6.08</p>
<p>Filipino Fund Inc. 1.2691	   -0.31	    4.81</p>
<p>Information provided by the Investment Company Association of the Philippines, an association of the country's mutual funds.</p>
<p>-- Manila newsroom (632) 841 8937</p>
</text>
<copyright>(c) Reuters Limited 1997</copyright>
<metadata>
<codes class="bip:countries:1.0">
  <code code="PHLNS">
    <editdetail attribution="Reuters BIP Coding Group" action="confirmed" date="1997-02-26"/>
  </code>
</codes>
<codes class="bip:industries:1.0">
  <code code="I81502">
    <editdetail attribution="Reuters BIP Coding Group" action="confirmed" date="1997-02-26"/>
  </code>
  <code code="I8150211">
    <editdetail attribution="Reuters BIP Coding Group" action="confirmed" date="1997-02-26"/>
  </code>
</codes>
<codes class="bip:topics:1.0">
  <code code="C15">
    <editdetail attribution="Reuters BIP Coding Group" action="confirmed" date="1997-02-26"/>
  </code>
  <code code="C151">
    <editdetail attribution="Reuters BIP Coding Group" action="confirmed" date="1997-02-26"/>
  </code>
  <code code="CCAT">
    <editdetail attribution="Reuters BIP Coding Group" action="confirmed" date="1997-02-26"/>
  </code>
</codes>
<dc element="dc.date.created" value="1997-02-26"/>
<dc element="dc.publisher" value="Reuters Holdings Plc"/>
<dc element="dc.date.published" value="1997-02-26"/>
<dc element="dc.source" value="Reuters"/>
<dc element="dc.creator.location" value="MANILA"/>
<dc element="dc.creator.location.country.name" value="PHILIPPINES"/>
<dc element="dc.source" value="Reuters"/>
</metadata>
</newsitem>
