<?xml version="1.0" encoding="iso-8859-1" ?>
<newsitem itemid="142478" id="root" date="1996-10-24" xml:lang="en">
<title>ZIMBABWE: ZIMBABWE SUGAR BOOSTS HALF-YR SHR, DIV.</title>
<headline>ZIMBABWE SUGAR BOOSTS HALF-YR SHR, DIV.</headline>
<dateline>HARARE 1996-10-24</dateline>
<text>
<p>Half-yr ended September 30</p>
<p>	 (million Zimbabwe dollars unless stated)</p>
<p>    Shr (cts)			  37.6 vs 28.2</p>
<p>    Div (cts)			   7.0 vs  5.5</p>
<p>    Pre-tax profit		   50.0 vs 36.3</p>
<p>    Taxation			   10.3 vs  6.5</p>
<p>    After-tax profit		 39.7 vs 29.8</p>
<p>    Turnover			  844.3 vs 676.6</p>
<p>Div payable November 25 </p>
<p>On register September 14.</p>
<p>Full name: Zimbabwe Sugar Refineries Corporation Limited</p>
<p>NOTE - Given a sustained upturn in the economy and a good</p>
<p>forthcoming agricultural season, the company said it anticipated</p>
<p>achieving better results in the current year than those for the</p>
<p>previous year.</p>
<p>-- Emelia Sithole, Harare Newsroom: +263-4 72 52 27/8/9</p>
</text>
<copyright>(c) Reuters Limited 1996</copyright>
<metadata>
<codes class="bip:countries:1.0">
  <code code="ZIMBAB">
    <editdetail attribution="Reuters BIP Coding Group" action="confirmed" date="1996-10-24"/>
  </code>
</codes>
<codes class="bip:topics:1.0">
  <code code="C151">
    <editdetail attribution="Reuters BIP Coding Group" action="confirmed" date="1996-10-24"/>
  </code>
</codes>
<dc element="dc.date.created" value="1996-10-24"/>
<dc element="dc.publisher" value="Reuters Holdings Plc"/>
<dc element="dc.date.published" value="1996-10-24"/>
<dc element="dc.source" value="Reuters"/>
<dc element="dc.creator.location" value="HARARE"/>
<dc element="dc.creator.location.country.name" value="ZIMBABWE"/>
<dc element="dc.source" value="Reuters"/>
</metadata>
</newsitem>
