<?xml version="1.0" encoding="iso-8859-1" ?>
<newsitem itemid="548517" id="root" date="1997-04-29" xml:lang="en">
<title>SWEDEN: Weaker crown pushes shorter Swedish debt yields up.</title>
<headline>Weaker crown pushes shorter Swedish debt yields up.</headline>
<dateline>STOCKHOLM 1997-04-29</dateline>
<text>
<p>The crown weakened sharply, sending shorter Swedish maturities up eleven basis points on Tuesday morning.</p>
<p>&quot;Foreigners are selling Swedish shares and we have had a change in the way people are judging the development of rates. There does not seem to be time for another repo rate cut,&quot; one dealer said.</p>
<p>An auction today of seven billion crowns worth of March T-bills is also pushing up the shorter end, dealers said. The Riksbank kept its repurchase rate at an unchanged 4.10 percent at its weekly tender this morning, in line with expectations.  </p>
<p>The longer maturities were only slightly up as stronger foreign markets held them back. A decision by trade union Metall to support Swedish membership in Europe's economic and monetary union helped the longer end.</p>
<p>The six-month T-bill rate was up eleven basis points at 4.33 percent and the ten year bond yield was one basis point higher at 7.38 percent. The crown softened to 4.5285 crowns to the mark versus 4.5005 crowns on Monday.</p>
<p>-- Stockholm newsroom +46-8-700 1017</p>
</text>
<copyright>(c) Reuters Limited 1997</copyright>
<metadata>
<codes class="bip:countries:1.0">
  <code code="SWED">
    <editdetail attribution="Reuters BIP Coding Group" action="confirmed" date="1997-04-29"/>
  </code>
</codes>
<codes class="bip:topics:1.0">
  <code code="M12">
    <editdetail attribution="Reuters BIP Coding Group" action="confirmed" date="1997-04-29"/>
  </code>
  <code code="M13">
    <editdetail attribution="Reuters BIP Coding Group" action="confirmed" date="1997-04-29"/>
  </code>
  <code code="M132">
    <editdetail attribution="Reuters BIP Coding Group" action="confirmed" date="1997-04-29"/>
  </code>
  <code code="MCAT">
    <editdetail attribution="Reuters BIP Coding Group" action="confirmed" date="1997-04-29"/>
  </code>
</codes>
<dc element="dc.date.created" value="1997-04-29"/>
<dc element="dc.publisher" value="Reuters Holdings Plc"/>
<dc element="dc.date.published" value="1997-04-29"/>
<dc element="dc.source" value="Reuters"/>
<dc element="dc.creator.location" value="STOCKHOLM"/>
<dc element="dc.creator.location.country.name" value="SWEDEN"/>
<dc element="dc.source" value="Reuters"/>
</metadata>
</newsitem>
