<?xml version="1.0" encoding="iso-8859-1" ?>
<newsitem itemid="246952" id="root" date="1996-12-10" xml:lang="en">
<title>SRI LANKA: Sri Lanka stocks fall on pre-holiday dullness.</title>
<headline>Sri Lanka stocks fall on pre-holiday dullness.</headline>
<dateline>COLOMBO 1996-12-10</dateline>
<text>
<p>Sri Lanka stocks edged lower on Tuesday as investors kept away from the market ahead of the Christmas holidays, brokers said.</p>
<p>The all share index fell 3.1 points to 594.4 at close of business on a dull and rainy day.</p>
<p>&quot;The holidays and probably the weather kept investors away,&quot; said Sanjeeva Gunewardena, manager institutional sales at Commercial Stock Brokers.</p>
<p>Turnover, supported by 100,000 investment bank Vanik shares at 16.50, 108,100 Grain Elevators at 9.25 and 50,000 Seylan Bank at 25.50, was 8.9 million rupees on 436,457 shares.  </p>
<p>Losses outnumbered gains 20 to nine.</p>
<p>On Monday, the all share closed one point down at 597.5 on turnover of 8.14 million rupees.</p>
<p>&quot;Yesterday's scenario continued into today,&quot; a trader for Bartleet Mallory Stockbrokers said.</p>
<p>&quot;General post-holiday inactivity overseas is having its effects on the Sri Lankan market, too. Many of the foreign fund managers are on holiday and the others are not concentrating too much on new investments,&quot; the trader said.</p>
<p>-- Mohan Samarasinghe (941) 434319</p>
</text>
<copyright>(c) Reuters Limited 1996</copyright>
<metadata>
<codes class="bip:countries:1.0">
  <code code="SRILAN">
    <editdetail attribution="Reuters BIP Coding Group" action="confirmed" date="1996-12-10"/>
  </code>
</codes>
<codes class="bip:topics:1.0">
  <code code="M11">
    <editdetail attribution="Reuters BIP Coding Group" action="confirmed" date="1996-12-10"/>
  </code>
  <code code="MCAT">
    <editdetail attribution="Reuters BIP Coding Group" action="confirmed" date="1996-12-10"/>
  </code>
</codes>
<dc element="dc.date.created" value="1996-12-10"/>
<dc element="dc.publisher" value="Reuters Holdings Plc"/>
<dc element="dc.date.published" value="1996-12-10"/>
<dc element="dc.source" value="Reuters"/>
<dc element="dc.creator.location" value="COLOMBO"/>
<dc element="dc.creator.location.country.name" value="SRI LANKA"/>
<dc element="dc.source" value="Reuters"/>
</metadata>
</newsitem>
