<?xml version="1.0" encoding="iso-8859-1" ?>
<newsitem itemid="473524" id="root" date="1997-03-27" xml:lang="en">
<title>UK: Britain's Slough remains firm on property.</title>
<headline>Britain's Slough remains firm on property.</headline>
<dateline>LONDON 1997-03-27</dateline>
<text>
<p>Slight recovery in the commercial property market boosted the operating performance of British property developer Slough Estates during 1996.</p>
<p>Slough on Thursday reported a 6.8 percent rise in its pretax profit to 75.5 million pounds ($123 million) from 70.7 million pounds with its operating income marginally ahead at 132.7 million pounds from 130 million pounds.  </p>
<p>The group's showing could have been better had it not suffered a loss on sale of investment properties of 4.6 million pounds which included a four million pound costs of closure of its Australian operations.</p>
<p>Sale of properties had yielded in profits of 0.7 million pounds in 1995. The group's pretax profits, adjusted against these losses showed 80.1 million pounds.</p>
<p>Adverse exchange rate movements, mainly the increase in strength of the sterling cost Slough 1.9 million pounds, the company said.</p>
<p>The group's earnings per share rose to 12 pence from 11.1 in the previous year as it offered a total dividend of nine pence per share against 8.5 in the previous year. ($ = 0.614 British Pounds)</p>
<p>--London Newsroom +44 171 542 4366. ($ = 0.614 British Pounds)</p>
</text>
<copyright>(c) Reuters Limited 1997</copyright>
<metadata>
<codes class="bip:countries:1.0">
  <code code="UK">
    <editdetail attribution="Reuters BIP Coding Group" action="confirmed" date="1997-03-27"/>
  </code>
</codes>
<codes class="bip:industries:1.0">
  <code code="I85000">
    <editdetail attribution="Reuters BIP Coding Group" action="confirmed" date="1997-03-27"/>
  </code>
</codes>
<codes class="bip:topics:1.0">
  <code code="C15">
    <editdetail attribution="Reuters BIP Coding Group" action="confirmed" date="1997-03-27"/>
  </code>
  <code code="C151">
    <editdetail attribution="Reuters BIP Coding Group" action="confirmed" date="1997-03-27"/>
  </code>
  <code code="C1511">
    <editdetail attribution="Reuters BIP Coding Group" action="confirmed" date="1997-03-27"/>
  </code>
  <code code="CCAT">
    <editdetail attribution="Reuters BIP Coding Group" action="confirmed" date="1997-03-27"/>
  </code>
</codes>
<dc element="dc.date.created" value="1997-03-27"/>
<dc element="dc.publisher" value="Reuters Holdings Plc"/>
<dc element="dc.date.published" value="1997-03-27"/>
<dc element="dc.source" value="Reuters"/>
<dc element="dc.creator.location" value="LONDON"/>
<dc element="dc.creator.location.country.name" value="UK"/>
<dc element="dc.source" value="Reuters"/>
</metadata>
</newsitem>
