<?xml version="1.0" encoding="iso-8859-1" ?>
<newsitem itemid="286437" id="root" date="1997-01-03" xml:lang="en">
<title>SWITZERLAND: Swiss launch 3-month money market claims.</title>
<headline>Swiss launch 3-month money market claims.</headline>
<dateline>ZURICH 1997-01-03</dateline>
<text>
<p>The Swiss federal government is issuing three-month money market claims series 3.368 to be paid for on January 9, the Swiss National Bank said.</p>
<p>The allocation follows the end of subscriptions on January 7. Maturity is April 10, 1997.</p>
<p>The previous issue of three-month claims series 3.367, paid for on January 3, raised 993.2 million francs and was priced at 99.58 percent to yield 1.687 percent annually.</p>
<p>-- Zurich editorial, +41 1 631 7340</p>
</text>
<copyright>(c) Reuters Limited 1997</copyright>
<metadata>
<codes class="bip:countries:1.0">
  <code code="SWITZ">
    <editdetail attribution="Reuters BIP Coding Group" action="confirmed" date="1997-01-03"/>
  </code>
</codes>
<codes class="bip:topics:1.0">
  <code code="E12">
    <editdetail attribution="Reuters BIP Coding Group" action="confirmed" date="1997-01-03"/>
  </code>
  <code code="ECAT">
    <editdetail attribution="Reuters BIP Coding Group" action="confirmed" date="1997-01-03"/>
  </code>
  <code code="M13">
    <editdetail attribution="Reuters BIP Coding Group" action="confirmed" date="1997-01-03"/>
  </code>
  <code code="M131">
    <editdetail attribution="Reuters BIP Coding Group" action="confirmed" date="1997-01-03"/>
  </code>
  <code code="MCAT">
    <editdetail attribution="Reuters BIP Coding Group" action="confirmed" date="1997-01-03"/>
  </code>
</codes>
<dc element="dc.date.created" value="1997-01-03"/>
<dc element="dc.publisher" value="Reuters Holdings Plc"/>
<dc element="dc.date.published" value="1997-01-03"/>
<dc element="dc.source" value="Reuters"/>
<dc element="dc.creator.location" value="ZURICH"/>
<dc element="dc.creator.location.country.name" value="SWITZERLAND"/>
<dc element="dc.source" value="Reuters"/>
</metadata>
</newsitem>
