<?xml version="1.0" encoding="iso-8859-1" ?>
<newsitem itemid="443910" id="root" date="1997-03-14" xml:lang="en">
<title>ITALY: BankItaly asked prices around 997 lire/mark-dealer.</title>
<headline>BankItaly asked prices around 997 lire/mark-dealer.</headline>
<dateline>MILAN 1997-03-14</dateline>
<text>
<p>The Bank of Italy asked for prices at around 997 lire/mark with the market generally calm, foreign exchange dealers said.</p>
<p>One dealer reported that the central bank was remaining watchful, but had not intervened in the market.</p>
<p>By 1203 GMT the lira had slipped to 996.40/6.75 against the mark after opening this morning around 994.30/4.60, and compared to the lira's central parity within Europe's Exchange Rate Mechanism of 990 lire to the mark.</p>
<p> -- Milan newsroom +392 66129502</p>
</text>
<copyright>(c) Reuters Limited 1997</copyright>
<metadata>
<codes class="bip:countries:1.0">
  <code code="ITALY">
    <editdetail attribution="Reuters BIP Coding Group" action="confirmed" date="1997-03-14"/>
  </code>
</codes>
<codes class="bip:topics:1.0">
  <code code="E12">
    <editdetail attribution="Reuters BIP Coding Group" action="confirmed" date="1997-03-14"/>
  </code>
  <code code="ECAT">
    <editdetail attribution="Reuters BIP Coding Group" action="confirmed" date="1997-03-14"/>
  </code>
  <code code="M13">
    <editdetail attribution="Reuters BIP Coding Group" action="confirmed" date="1997-03-14"/>
  </code>
  <code code="M131">
    <editdetail attribution="Reuters BIP Coding Group" action="confirmed" date="1997-03-14"/>
  </code>
  <code code="MCAT">
    <editdetail attribution="Reuters BIP Coding Group" action="confirmed" date="1997-03-14"/>
  </code>
</codes>
<dc element="dc.date.created" value="1997-03-14"/>
<dc element="dc.publisher" value="Reuters Holdings Plc"/>
<dc element="dc.date.published" value="1997-03-14"/>
<dc element="dc.source" value="Reuters"/>
<dc element="dc.creator.location" value="MILAN"/>
<dc element="dc.creator.location.country.name" value="ITALY"/>
<dc element="dc.source" value="Reuters"/>
</metadata>
</newsitem>
