<?xml version="1.0" encoding="iso-8859-1" ?>
<newsitem itemid="20393" id="root" date="1996-08-28" xml:lang="en">
<title>AUSTRALIA: RTRS-Australia's Optus says pay TV losses A$74 mln.</title>
<headline>RTRS-Australia's Optus says pay TV losses A$74 mln.</headline>
<dateline>SYDNEY 1996-08-28</dateline>
<text>
<p>Optus Communications Pty Ltd, Australia's second largest telecommunications group, said its shares of losses from its 46.5 percent-owned pay television operator Optus Vision was A$74.0 million.  </p>
<p>Optus said its direct investment in Optus Vision was A$372 million at June 30. This was more than half of the A$605 million it has committed to invest in Optus Vision by June 1997.</p>
<p>&quot;Optus Communications is very pleased with its investment and the level of demand from the Australian public has confirmed our belief in the long term success of this investment,&quot; chief executive Zygmunt Switkowski said in a statement.</p>
<p>Continental CableVision Inc, which is currently merging with U.S. West, also owns 46.5 percent of Optus Vision. Seven Network Ltd and Publishing and Broadcasting Ltd own the remainder. -- Sydney Newsroom 61-2 9373-1800</p>
</text>
<copyright>(c) Reuters Limited 1996</copyright>
<metadata>
<codes class="bip:countries:1.0">
  <code code="AUSTR">
    <editdetail attribution="Reuters BIP Coding Group" action="confirmed" date="1996-08-28"/>
  </code>
</codes>
<codes class="bip:industries:1.0">
  <code code="I79020">
    <editdetail attribution="Reuters BIP Coding Group" action="confirmed" date="1996-08-28"/>
  </code>
  <code code="I97400">
    <editdetail attribution="Reuters BIP Coding Group" action="confirmed" date="1996-08-28"/>
  </code>
  <code code="I9741102">
    <editdetail attribution="Reuters BIP Coding Group" action="confirmed" date="1996-08-28"/>
  </code>
  <code code="I9741109">
    <editdetail attribution="Reuters BIP Coding Group" action="confirmed" date="1996-08-28"/>
  </code>
</codes>
<codes class="bip:topics:1.0">
  <code code="C15">
    <editdetail attribution="Reuters BIP Coding Group" action="confirmed" date="1996-08-28"/>
  </code>
  <code code="C151">
    <editdetail attribution="Reuters BIP Coding Group" action="confirmed" date="1996-08-28"/>
  </code>
  <code code="CCAT">
    <editdetail attribution="Reuters BIP Coding Group" action="confirmed" date="1996-08-28"/>
  </code>
</codes>
<dc element="dc.date.created" value="1996-08-28"/>
<dc element="dc.publisher" value="Reuters Holdings Plc"/>
<dc element="dc.date.published" value="1996-08-28"/>
<dc element="dc.source" value="Reuters"/>
<dc element="dc.creator.location" value="SYDNEY"/>
<dc element="dc.creator.location.country.name" value="AUSTRALIA"/>
<dc element="dc.source" value="Reuters"/>
</metadata>
</newsitem>
