<?xml version="1.0" encoding="iso-8859-1" ?>
<newsitem itemid="670719" id="root" date="1997-06-18" xml:lang="en">
<title>SWEDEN: Swedish shares end lower after lacklustre day.</title>
<headline>Swedish shares end lower after lacklustre day.</headline>
<dateline>STOCKHOLM 1997-06-18</dateline>
<text>
<p>1500 GMT - Swedish shares closed lower across the board on Wednesday after a day of lacklustre trade with no direction at home or from weak overseas markets. * Stockholm general index falls 0.4 percent to 2,890.16 * Turnover 4.34 billion crowns * Pharmacia &amp; Upjohn falls 6.5 to 258.5 crowns on renewed market rumours of a profit warnings. The company denied there were any such plans. Broker Aros cuts its trading recommendation to reduce from accumulate after a company visit. * Bluechips mixed. Telecoms group Ericsson rises one to 297 crowns while drugs company Astra dips one to 130 crowns.  </p>
<p>Swedish shares closed lower across the board on Wednesday after a day of lacklustre trade with no direction at home or from weak overseas markets.</p>
<p>The Stockholm general index fell 0.4 percent to 2,890.16 in average turnover of 4.34 billion crowns.</p>
<p>Brokers expected the market to remain quiet on Thursday with many players leaving early to enjoy the long midsummer weekend. The bourse is closed on Friday.</p>
<p>The biggest mover of the day was U.S./Swedish drugs compay Pharmacia &amp; Upjohn which ended 6.5 crowns lower at 258.5 but was trading as low as 252 crowns during the day.  </p>
<p>Brokers said the share was hit by renewed rumours of a profit warning, Brokerage Aros cuts its trading recommendation to reduce from accumulate after a company visit.</p>
<p>The company denied any such plans. &quot;There is no truth behind talk of a profit warning,&quot; a company spokesman said.</p>
<p>Bluechip stocks were mixed. Telecoms group Ericsson edged up one crown to 297 while drugs major Astra dipped one to 130 crowns.</p>
<p>Fashion retailer Hennes &amp; Mauritz fell eight to 274 crowns after rising on better-than-expected half year earnings earlier this week. -- Stockholm newsroom +46-8-700 1017</p>
</text>
<copyright>(c) Reuters Limited 1997</copyright>
<metadata>
<codes class="bip:countries:1.0">
  <code code="SWED">
    <editdetail attribution="Reuters BIP Coding Group" action="confirmed" date="1997-06-18"/>
  </code>
</codes>
<codes class="bip:topics:1.0">
  <code code="M11">
    <editdetail attribution="Reuters BIP Coding Group" action="confirmed" date="1997-06-18"/>
  </code>
  <code code="MCAT">
    <editdetail attribution="Reuters BIP Coding Group" action="confirmed" date="1997-06-18"/>
  </code>
</codes>
<dc element="dc.date.created" value="1997-06-18"/>
<dc element="dc.publisher" value="Reuters Holdings Plc"/>
<dc element="dc.date.published" value="1997-06-18"/>
<dc element="dc.source" value="Reuters"/>
<dc element="dc.creator.location" value="STOCKHOLM"/>
<dc element="dc.creator.location.country.name" value="SWEDEN"/>
<dc element="dc.source" value="Reuters"/>
</metadata>
</newsitem>
