<?xml version="1.0" encoding="iso-8859-1" ?>
<newsitem itemid="680912" id="root" date="1997-06-23" xml:lang="en">
<title>USA: New York soft commodities opening forecasts.</title>
<headline>New York soft commodities opening forecasts.</headline>
<dateline>NEW YORK 1997-06-23</dateline>
<text>
<p>Commodity traders expected soft commodity markets to open as follows:</p>
<p>Coffee - little changed</p>
<p>Cocoa  - $5 to $10 a tonne higher</p>
<p>World sugar - flat to 0.05 cent a lb weaker</p>
<p>((--New York Commodities Desk, 212-859-1640))</p>
</text>
<copyright>(c) Reuters Limited 1997</copyright>
<metadata>
<codes class="bip:countries:1.0">
  <code code="USA">
    <editdetail attribution="Reuters BIP Coding Group" action="confirmed" date="1997-06-23"/>
  </code>
</codes>
<codes class="bip:topics:1.0">
  <code code="M14">
    <editdetail attribution="Reuters BIP Coding Group" action="confirmed" date="1997-06-23"/>
  </code>
  <code code="M141">
    <editdetail attribution="Reuters BIP Coding Group" action="confirmed" date="1997-06-23"/>
  </code>
  <code code="MCAT">
    <editdetail attribution="Reuters BIP Coding Group" action="confirmed" date="1997-06-23"/>
  </code>
</codes>
<dc element="dc.date.created" value="1997-06-23"/>
<dc element="dc.publisher" value="Reuters Holdings Plc"/>
<dc element="dc.date.published" value="1997-06-23"/>
<dc element="dc.source" value="Reuters"/>
<dc element="dc.creator.location" value="NEW YORK"/>
<dc element="dc.creator.location.country.name" value="USA"/>
<dc element="dc.source" value="Reuters"/>
</metadata>
</newsitem>
