<?xml version="1.0" encoding="iso-8859-1" ?>
<newsitem itemid="119229" id="root" date="1996-10-16" xml:lang="en">
<title>USA: Allied Irish issues 143,500 new shares.</title>
<headline>Allied Irish issues 143,500 new shares.</headline>
<dateline>NEW YORK 1996-10-16</dateline>
<text>
<p>Allied Irish Banks Plc said on Wednesday that it has issued 143,500 new ordinary shares of 25 Irish pence each in connection with its executive stock purchase plan.</p>
<p>The sum represents about .0002 percent of Allied's 673 million shares outstanding, a company spokesman said.</p>
<p>Allied, Ireland's largest banking group and the owner of First Maryland Bancorp in Baltimore, has assets of $24 billion Irish pounds.</p>
<p>-- New York newsdesk 212-859-1610</p>
</text>
<copyright>(c) Reuters Limited 1996</copyright>
<metadata>
<codes class="bip:countries:1.0">
  <code code="IRE">
    <editdetail attribution="Reuters BIP Coding Group" action="confirmed" date="1996-10-16"/>
  </code>
  <code code="USA">
    <editdetail attribution="Reuters BIP Coding Group" action="confirmed" date="1996-10-16"/>
  </code>
</codes>
<codes class="bip:industries:1.0">
  <code code="I81402">
    <editdetail attribution="Reuters BIP Coding Group" action="confirmed" date="1996-10-16"/>
  </code>
</codes>
<codes class="bip:topics:1.0">
  <code code="C17">
    <editdetail attribution="Reuters BIP Coding Group" action="confirmed" date="1996-10-16"/>
  </code>
  <code code="C171">
    <editdetail attribution="Reuters BIP Coding Group" action="confirmed" date="1996-10-16"/>
  </code>
  <code code="CCAT">
    <editdetail attribution="Reuters BIP Coding Group" action="confirmed" date="1996-10-16"/>
  </code>
</codes>
<dc element="dc.date.created" value="1996-10-16"/>
<dc element="dc.publisher" value="Reuters Holdings Plc"/>
<dc element="dc.date.published" value="1996-10-16"/>
<dc element="dc.source" value="Reuters"/>
<dc element="dc.creator.location" value="NEW YORK"/>
<dc element="dc.creator.location.country.name" value="USA"/>
<dc element="dc.source" value="Reuters"/>
</metadata>
</newsitem>
