<?xml version="1.0" encoding="iso-8859-1" ?>
<newsitem itemid="314982" id="root" date="1997-01-17" xml:lang="en">
<title>USA: US Congress plans hearings on money laundering.</title>
<headline>US Congress plans hearings on money laundering.</headline>
<dateline>WASHINGTON 1997-01-17</dateline>
<text>
<p>A House Banking subcommittee will likely hold a series of hearings on money laundering issues, including consideration of recently adopted policies to combat such crimes, the subcommitte's chairman said.</p>
<p>Rep. Spencer Bachus, chairman of the General Oversight and Investigations subcomittee, also praised new rules on foreign bank drafts issued by the Treasury Department Thursday.</p>
<p>The proposal &quot;is an important step in controlling the criminal use of these financial instruments,&quot; the Alabama Republican said in a statement.  </p>
<p>Bachus said his subcommittee will investigate and probably hold hearings focusing on several specific aspects of money laundering.</p>
<p>The subcommitee will focus on recent law enforcement efforts to cut down on wire transfers with cash remitters in the New York area to Colombia, private banking transactions that can conceal the source or destination of funds and money-laundering via non-bank institutions such as check-cashing stores, Bachus said.</p>
<p>--Aaron Pressman ((202-898-8312))</p>
</text>
<copyright>(c) Reuters Limited 1997</copyright>
<metadata>
<codes class="bip:countries:1.0">
  <code code="USA">
    <editdetail attribution="Reuters BIP Coding Group" action="confirmed" date="1997-01-17"/>
  </code>
</codes>
<codes class="bip:industries:1.0">
  <code code="I81402">
    <editdetail attribution="Reuters BIP Coding Group" action="confirmed" date="1997-01-17"/>
  </code>
</codes>
<codes class="bip:topics:1.0">
  <code code="C13">
    <editdetail attribution="Reuters BIP Coding Group" action="confirmed" date="1997-01-17"/>
  </code>
  <code code="CCAT">
    <editdetail attribution="Reuters BIP Coding Group" action="confirmed" date="1997-01-17"/>
  </code>
  <code code="GCAT">
    <editdetail attribution="Reuters BIP Coding Group" action="confirmed" date="1997-01-17"/>
  </code>
  <code code="GCRIM">
    <editdetail attribution="Reuters BIP Coding Group" action="confirmed" date="1997-01-17"/>
  </code>
</codes>
<dc element="dc.date.created" value="1997-01-17"/>
<dc element="dc.publisher" value="Reuters Holdings Plc"/>
<dc element="dc.date.published" value="1997-01-17"/>
<dc element="dc.source" value="Reuters"/>
<dc element="dc.creator.location" value="WASHINGTON"/>
<dc element="dc.creator.location.country.name" value="USA"/>
<dc element="dc.source" value="Reuters"/>
</metadata>
</newsitem>
