<?xml version="1.0" encoding="iso-8859-1" ?>
<newsitem itemid="785050" id="root" date="1997-08-07" xml:lang="en">
<title>USA: GREENWAY MAKES OUTBOARD MARINE BID.</title>
<headline>GREENWAY MAKES OUTBOARD MARINE BID.</headline>
<dateline>NEW YORK 1997-08-07</dateline>
<text>
<p>A Greenway Partners affiliate said on Thursday that it is starting a $18 a share cash tender offer for shares of Outboard Marine Corp starting August 8.</p>
<p>Investors in Greenmarine Holdings, the affiliate of Greenway that counts Soros Fund Management LLC as investors, have agreed to contribute to Greenmarine at least $241 million in cash and two million shares of Outboard Marine, Greenway said in a statement.  </p>
<p>Greenmarine Holdings has also obtained a commitment from American Financial Group to provide up to $150 million of the financing to complete the deal, it said.</p>
<p>Detroit Diesel Corp currently has a pending $16 a share offer for Outboard Marine, which values the company at approximately $500 million in cash and stock.</p>
<p>Greenmarine's offer is conditioned upon Outboard Marine redeeming its rights plan, that the merger can be completed without a supermajority vote under Outboard Marine's bylaws and termination of the Detroit Diesel agreement among other terms.</p>
<p>The tender offer and withdrawal period will expire 1700 EDT on September 8, 1997, Greenway said.</p>
</text>
<copyright>(c) Reuters Limited 1997</copyright>
<metadata>
<codes class="bip:countries:1.0">
  <code code="USA">
    <editdetail attribution="Reuters BIP Coding Group" action="confirmed" date="1997-08-07"/>
  </code>
</codes>
<codes class="bip:industries:1.0">
  <code code="I32000">
    <editdetail attribution="Reuters BIP Coding Group" action="confirmed" date="1997-08-07"/>
  </code>
  <code code="I36102">
    <editdetail attribution="Reuters BIP Coding Group" action="confirmed" date="1997-08-07"/>
  </code>
  <code code="I83100">
    <editdetail attribution="Reuters BIP Coding Group" action="confirmed" date="1997-08-07"/>
  </code>
</codes>
<codes class="bip:topics:1.0">
  <code code="C18">
    <editdetail attribution="Reuters BIP Coding Group" action="confirmed" date="1997-08-07"/>
  </code>
  <code code="C181">
    <editdetail attribution="Reuters BIP Coding Group" action="confirmed" date="1997-08-07"/>
  </code>
  <code code="CCAT">
    <editdetail attribution="Reuters BIP Coding Group" action="confirmed" date="1997-08-07"/>
  </code>
</codes>
<dc element="dc.date.created" value="1997-08-07"/>
<dc element="dc.publisher" value="Reuters Holdings Plc"/>
<dc element="dc.date.published" value="1997-08-07"/>
<dc element="dc.source" value="Reuters"/>
<dc element="dc.creator.location" value="NEW YORK"/>
<dc element="dc.creator.location.country.name" value="USA"/>
<dc element="dc.source" value="Reuters"/>
</metadata>
</newsitem>
