<?xml version="1.0" encoding="iso-8859-1" ?>
<newsitem itemid="222236" id="root" date="1996-11-28" xml:lang="en">
<title>HUNGARY: FORINT ENDS STEADY AFTER REVERSAL OF EARLY RALLY.</title>
<headline>FORINT ENDS STEADY AFTER REVERSAL OF EARLY RALLY.</headline>
<dateline>BUDAPEST 1996-11-28</dateline>
<text>
<p>A pause in dollar-buying temporarily moved the forint towards the central bank's resistance level but renewed dollar interest in the afternoon caused it to fall back to its opening level, dealers said.</p>
<p>The forint finished some 40 pips below the bid at 158.00/05 to one dollar after strengthening from its 157.90/158.00 opening to the 157.60 level in early trade.</p>
<p>&quot;I think some players anticipated an end to the (dollar-buying) trend today but some big banks began buying again in the afternoon,&quot; said Peter Benda of Citibank.</p>
<p>-- Budapest newsroom (361) 327 4040</p>
</text>
<copyright>(c) Reuters Limited 1996</copyright>
<metadata>
<codes class="bip:countries:1.0">
  <code code="HUNG">
    <editdetail attribution="Reuters BIP Coding Group" action="confirmed" date="1996-11-28"/>
  </code>
</codes>
<codes class="bip:topics:1.0">
  <code code="M13">
    <editdetail attribution="Reuters BIP Coding Group" action="confirmed" date="1996-11-28"/>
  </code>
  <code code="M132">
    <editdetail attribution="Reuters BIP Coding Group" action="confirmed" date="1996-11-28"/>
  </code>
  <code code="MCAT">
    <editdetail attribution="Reuters BIP Coding Group" action="confirmed" date="1996-11-28"/>
  </code>
</codes>
<dc element="dc.date.created" value="1996-11-28"/>
<dc element="dc.publisher" value="Reuters Holdings Plc"/>
<dc element="dc.date.published" value="1996-11-28"/>
<dc element="dc.source" value="Reuters"/>
<dc element="dc.creator.location" value="BUDAPEST"/>
<dc element="dc.creator.location.country.name" value="HUNGARY"/>
<dc element="dc.source" value="Reuters"/>
</metadata>
</newsitem>
