<?xml version="1.0" encoding="iso-8859-1" ?>
<newsitem itemid="500951" id="root" date="1997-04-10" xml:lang="en">
<title>USA: Missouri direct hogs up $0.50 - USDA.</title>
<headline>Missouri direct hogs up $0.50 - USDA.</headline>
<dateline>JEFFERSON CITY 1997-04-10</dateline>
<text>
<p>USDA said barrows and gilts were $0.50 higher than Wednesday's close. Top $52.00 per cwt.</p>
<p>    US 1-3  230-260 lbs    50.50-52.00</p>
<p>    US 2-3  260-270 lbs    49.50-50.50</p>
<p>		270-280 lbs    48.50-49.50</p>
<p>Sows - steady. Top $49.00.</p>
<p>    US 1-3    300-500 lbs    38.00-41.00</p>
<p>		  over 500 lbs    46.00-49.00</p>
</text>
<copyright>(c) Reuters Limited 1997</copyright>
<metadata>
<codes class="bip:countries:1.0">
  <code code="USA">
    <editdetail attribution="Reuters BIP Coding Group" action="confirmed" date="1997-04-10"/>
  </code>
</codes>
<codes class="bip:topics:1.0">
  <code code="M14">
    <editdetail attribution="Reuters BIP Coding Group" action="confirmed" date="1997-04-10"/>
  </code>
  <code code="M141">
    <editdetail attribution="Reuters BIP Coding Group" action="confirmed" date="1997-04-10"/>
  </code>
  <code code="MCAT">
    <editdetail attribution="Reuters BIP Coding Group" action="confirmed" date="1997-04-10"/>
  </code>
</codes>
<dc element="dc.date.created" value="1997-04-10"/>
<dc element="dc.publisher" value="Reuters Holdings Plc"/>
<dc element="dc.date.published" value="1997-04-10"/>
<dc element="dc.source" value="Reuters"/>
<dc element="dc.creator.location" value="JEFFERSON CITY"/>
<dc element="dc.creator.location.country.name" value="USA"/>
<dc element="dc.source" value="Reuters"/>
</metadata>
</newsitem>
