<?xml version="1.0" encoding="iso-8859-1" ?>
<newsitem itemid="191353" id="root" date="1996-11-15" xml:lang="en">
<title>USA: Servotronics Inc Q3 shr rises.</title>
<headline>Servotronics Inc Q3 shr rises.</headline>
<dateline>ELMA, N.Y. 1996-11-15</dateline>
<text>
<p>1996			1995</p>
<p> Shr			 $ 0.29		  $  0.07</p>
<p> Net			    289			108</p>
<p> Revs			 3,643		    3,906</p>
<p>	   9 MONTHS</p>
<p> Shr			  $0.45		  $  0.29</p>
<p> Net			    749			476</p>
<p> Revs			11,543		   12,324</p>
<p>(All data above 000s except per share numbers)</p>
<p>NOTE: The increase in net income reflects the sale of the company's former headquarters, which occurred in the third quarter of 1996.</p>
</text>
<copyright>(c) Reuters Limited 1996</copyright>
<metadata>
<codes class="bip:countries:1.0">
  <code code="USA">
    <editdetail attribution="Reuters BIP Coding Group" action="confirmed" date="1996-11-15"/>
  </code>
</codes>
<codes class="bip:industries:1.0">
  <code code="I34200">
    <editdetail attribution="Reuters BIP Coding Group" action="confirmed" date="1996-11-15"/>
  </code>
</codes>
<codes class="bip:topics:1.0">
  <code code="C15">
    <editdetail attribution="Reuters BIP Coding Group" action="confirmed" date="1996-11-15"/>
  </code>
  <code code="C151">
    <editdetail attribution="Reuters BIP Coding Group" action="confirmed" date="1996-11-15"/>
  </code>
  <code code="CCAT">
    <editdetail attribution="Reuters BIP Coding Group" action="confirmed" date="1996-11-15"/>
  </code>
</codes>
<dc element="dc.date.created" value="1996-11-15"/>
<dc element="dc.publisher" value="Reuters Holdings Plc"/>
<dc element="dc.date.published" value="1996-11-15"/>
<dc element="dc.source" value="Reuters"/>
<dc element="dc.creator.location" value="ELMA, N.Y."/>
<dc element="dc.creator.location.country.name" value="USA"/>
<dc element="dc.source" value="Reuters"/>
</metadata>
</newsitem>
