<?xml version="1.0" encoding="iso-8859-1" ?>
<newsitem itemid="551666" id="root" date="1997-04-30" xml:lang="en">
<title>UK: Inspec says trade in line with expectations.</title>
<headline>Inspec says trade in line with expectations.</headline>
<dateline>LONDON 1997-04-30</dateline>
<text>
<p>British specialist chemicals company Inspec Plc said on Wednesday demand was firm in most of its businesses and current trading was &quot;well in line with market expectations&quot;.  </p>
<p>&quot;Whilst the present strength of sterling continues to present us with a significant challenge, this is being offset by organic growth, improvements in pricing and raw material purchasing, and strict control of fixed costs,&quot; the group said in a statement.</p>
<p>Inspec said it was pleased with the performance of its Shell Fine Chemicals acquisition.</p>
<p>It also said that cash generation, gearing and interest cover were better than planned.</p>
<p>-- London newsroom +44 171 542 4365</p>
</text>
<copyright>(c) Reuters Limited 1997</copyright>
<metadata>
<codes class="bip:countries:1.0">
  <code code="UK">
    <editdetail attribution="Reuters BIP Coding Group" action="confirmed" date="1997-04-30"/>
  </code>
</codes>
<codes class="bip:industries:1.0">
  <code code="I25000">
    <editdetail attribution="Reuters BIP Coding Group" action="confirmed" date="1997-04-30"/>
  </code>
</codes>
<codes class="bip:topics:1.0">
  <code code="C15">
    <editdetail attribution="Reuters BIP Coding Group" action="confirmed" date="1997-04-30"/>
  </code>
  <code code="C152">
    <editdetail attribution="Reuters BIP Coding Group" action="confirmed" date="1997-04-30"/>
  </code>
  <code code="C31">
    <editdetail attribution="Reuters BIP Coding Group" action="confirmed" date="1997-04-30"/>
  </code>
  <code code="CCAT">
    <editdetail attribution="Reuters BIP Coding Group" action="confirmed" date="1997-04-30"/>
  </code>
</codes>
<dc element="dc.date.created" value="1997-04-30"/>
<dc element="dc.publisher" value="Reuters Holdings Plc"/>
<dc element="dc.date.published" value="1997-04-30"/>
<dc element="dc.source" value="Reuters"/>
<dc element="dc.creator.location" value="LONDON"/>
<dc element="dc.creator.location.country.name" value="UK"/>
<dc element="dc.source" value="Reuters"/>
</metadata>
</newsitem>
