<?xml version="1.0" encoding="iso-8859-1" ?>
<newsitem itemid="688425" id="root" date="1997-06-26" xml:lang="en">
<title>CZECH REPUBLIC: CZECH FINMIN SUBMITS UTILITIES, MINING SELLOFF PLAN.</title>
<headline>CZECH FINMIN SUBMITS UTILITIES, MINING SELLOFF PLAN.</headline>
<dateline>PRAGUE 1997-06-26</dateline>
<text>
<p>The Czech Finance Ministry has submitted a plan to privatise the country's regional utilities and mining firms to the council of economic ministers, Finance Minister Ivan Pilip said on Thursday.</p>
<p>&quot;I have signed them (the proposals) and sent them to the council of ministers,&quot; Pilip said, adding that they would be put on the agenda of the next meeting.</p>
<p>He said it now depended on the term of the next ministers meeting as to when they would be placed on the agenda.</p>
<p>The ministry plan calls for the sale of 15 percent stakes in each of the 16 gas and electricity utilities in a public tender this year. The remainder of the state's holdings should be sold next year.</p>
<p>The government holds controlling stakes in all of the country's utilities.</p>
<p>Coal minining companies Mostecka Uhelna, Severoceske Doly, and Sokolovska Uhelna should be partially sold to their managemnents, and partially in public tenders.</p>
<p>-- Jan Lopatka, Prague Newsroom, 420-2-2423-0003</p>
</text>
<copyright>(c) Reuters Limited 1997</copyright>
<metadata>
<codes class="bip:countries:1.0">
  <code code="CZREP">
    <editdetail attribution="Reuters BIP Coding Group" action="confirmed" date="1997-06-26"/>
  </code>
</codes>
<codes class="bip:industries:1.0">
  <code code="I11000">
    <editdetail attribution="Reuters BIP Coding Group" action="confirmed" date="1997-06-26"/>
  </code>
</codes>
<codes class="bip:topics:1.0">
  <code code="C18">
    <editdetail attribution="Reuters BIP Coding Group" action="confirmed" date="1997-06-26"/>
  </code>
  <code code="C183">
    <editdetail attribution="Reuters BIP Coding Group" action="confirmed" date="1997-06-26"/>
  </code>
  <code code="CCAT">
    <editdetail attribution="Reuters BIP Coding Group" action="confirmed" date="1997-06-26"/>
  </code>
  <code code="E12">
    <editdetail attribution="Reuters BIP Coding Group" action="confirmed" date="1997-06-26"/>
  </code>
  <code code="ECAT">
    <editdetail attribution="Reuters BIP Coding Group" action="confirmed" date="1997-06-26"/>
  </code>
</codes>
<dc element="dc.date.created" value="1997-06-26"/>
<dc element="dc.publisher" value="Reuters Holdings Plc"/>
<dc element="dc.date.published" value="1997-06-26"/>
<dc element="dc.source" value="Reuters"/>
<dc element="dc.creator.location" value="PRAGUE"/>
<dc element="dc.creator.location.country.name" value="CZECH REPUBLIC"/>
<dc element="dc.source" value="Reuters"/>
</metadata>
</newsitem>
