<?xml version="1.0" encoding="iso-8859-1" ?>
<newsitem itemid="485106" id="root" date="1997-04-03" xml:lang="en">
<title>USA: RESEARCH ALERT - Ball raised to outperform.</title>
<headline>RESEARCH ALERT - Ball raised to outperform.</headline>
<text>
<p>-- Lehman Bros analyst Joel Tiss said in a research note that he raised his recommendation on Ball Corp to outperform from neutral &quot;because despite many false starts, we believe they could be on the cusp of showing much better than expected 1997 earnings per share comparisons. Ball's shares have declined meaningfully over the past few years and offer and attractive risk/reward,&quot; according to the note.</p>
<p>-- The shares were unchanged at 25-7/8 in early New York Stock Exchange trade.  </p>
<p>-- &quot;Our conservative 12-month price target is $30 to $32 (per share), but keep in mind that we believe longer-term earnings power could be $4.00/share, putting an ultimate $50 valuation on the stock.  1997 earnings per share could be a step in the right direction,&quot; the research note stated.</p>
<p>((-- Wall Street Desk, 212-859-1730))</p>
</text>
<copyright>(c) Reuters Limited 1997</copyright>
<metadata>
<codes class="bip:countries:1.0">
  <code code="USA">
    <editdetail attribution="Reuters BIP Coding Group" action="confirmed" date="1997-04-03"/>
  </code>
</codes>
<codes class="bip:industries:1.0">
  <code code="I31000">
    <editdetail attribution="Reuters BIP Coding Group" action="confirmed" date="1997-04-03"/>
  </code>
</codes>
<codes class="bip:topics:1.0">
  <code code="C15">
    <editdetail attribution="Reuters BIP Coding Group" action="confirmed" date="1997-04-03"/>
  </code>
  <code code="C152">
    <editdetail attribution="Reuters BIP Coding Group" action="confirmed" date="1997-04-03"/>
  </code>
  <code code="CCAT">
    <editdetail attribution="Reuters BIP Coding Group" action="confirmed" date="1997-04-03"/>
  </code>
</codes>
<dc element="dc.publisher" value="Reuters Holdings Plc"/>
<dc element="dc.date.published" value="1997-04-03"/>
<dc element="dc.source" value="Reuters"/>
<dc element="dc.creator.location.country.name" value="USA"/>
<dc element="dc.source" value="Reuters"/>
</metadata>
</newsitem>
