<?xml version="1.0" encoding="iso-8859-1" ?>
<newsitem itemid="791690" id="root" date="1997-08-11" xml:lang="en">
<title>USA: RAIL GIANTS OFFER TO BUY DELAWARE OTSEGO.</title>
<headline>RAIL GIANTS OFFER TO BUY DELAWARE OTSEGO.</headline>
<dateline>COOPERSTOWN, N.Y. 1997-08-11</dateline>
<text>
<p>Delaware Otsego Corp said Monday it had received a $19-a-share takeover offer from a group comprised of CSX Corp, Norfolk Southern Corp and Delaware chief Walter Rich.</p>
<p>The offer was received August 8, a news release issued by Delaware said.</p>
<p>Rich is president and chief executive of Delaware.</p>
<p>Delaware said its board is reviewing all matters relating to interest in the company and plans to continue discussions with the CSX-Norfolk-Rich group.</p>
</text>
<copyright>(c) Reuters Limited 1997</copyright>
<metadata>
<codes class="bip:countries:1.0">
  <code code="USA">
    <editdetail attribution="Reuters BIP Coding Group" action="confirmed" date="1997-08-11"/>
  </code>
</codes>
<codes class="bip:industries:1.0">
  <code code="I71000">
    <editdetail attribution="Reuters BIP Coding Group" action="confirmed" date="1997-08-11"/>
  </code>
</codes>
<codes class="bip:topics:1.0">
  <code code="C18">
    <editdetail attribution="Reuters BIP Coding Group" action="confirmed" date="1997-08-11"/>
  </code>
  <code code="C181">
    <editdetail attribution="Reuters BIP Coding Group" action="confirmed" date="1997-08-11"/>
  </code>
  <code code="CCAT">
    <editdetail attribution="Reuters BIP Coding Group" action="confirmed" date="1997-08-11"/>
  </code>
</codes>
<dc element="dc.date.created" value="1997-08-11"/>
<dc element="dc.publisher" value="Reuters Holdings Plc"/>
<dc element="dc.date.published" value="1997-08-11"/>
<dc element="dc.source" value="Reuters"/>
<dc element="dc.creator.location" value="COOPERSTOWN, N.Y."/>
<dc element="dc.creator.location.country.name" value="USA"/>
<dc element="dc.source" value="Reuters"/>
</metadata>
</newsitem>
