<?xml version="1.0" encoding="iso-8859-1" ?>
<newsitem itemid="797396" id="root" date="1997-08-13" xml:lang="en">
<title>USA: DOW INDUSTRIALS HIGHER AFTER REVERSAL.</title>
<headline>DOW INDUSTRIALS HIGHER AFTER REVERSAL.</headline>
<dateline>NEW YORK 1997-08-13</dateline>
<text>
<p>The Dow Industrials were slightly higher in late-morning trade Wednesday after the market staged its second sharp reversal of the day in volatile, seesaw dealings.</p>
<p>In Europe the dollar slid against the mark, weighing on the bond market.</p>
<p>The Dow, after rising more than 75 points at the opening, fell 140 points as bonds moved into the negative column. The Dow then recovered and by late morning was up nine points at 7970.</p>
<p>Nasdaq was up nearly five points at 1581.  </p>
<p>The long bond was up 10/32 and back in positive territory but had still shed two-thirds of its earlier gains following news of a smaller-than-expected rise in U.S. July retail sales. The long bond yield was 6.65 percent.</p>
<p>((--Wall Street Desk 212-859-1730))</p>
</text>
<copyright>(c) Reuters Limited 1997</copyright>
<metadata>
<codes class="bip:countries:1.0">
  <code code="USA">
    <editdetail attribution="Reuters BIP Coding Group" action="confirmed" date="1997-08-13"/>
  </code>
</codes>
<codes class="bip:topics:1.0">
  <code code="M11">
    <editdetail attribution="Reuters BIP Coding Group" action="confirmed" date="1997-08-13"/>
  </code>
  <code code="MCAT">
    <editdetail attribution="Reuters BIP Coding Group" action="confirmed" date="1997-08-13"/>
  </code>
</codes>
<dc element="dc.date.created" value="1997-08-13"/>
<dc element="dc.publisher" value="Reuters Holdings Plc"/>
<dc element="dc.date.published" value="1997-08-13"/>
<dc element="dc.source" value="Reuters"/>
<dc element="dc.creator.location" value="NEW YORK"/>
<dc element="dc.creator.location.country.name" value="USA"/>
<dc element="dc.source" value="Reuters"/>
</metadata>
</newsitem>
