<?xml version="1.0" encoding="iso-8859-1" ?>
<newsitem itemid="328293" id="root" date="1997-01-23" xml:lang="en">
<title>USA: RESEARCH ALERT - Altera EPS view raised.</title>
<headline>RESEARCH ALERT - Altera EPS view raised.</headline>
<text>
<p>-- Soundview Financial said it raised its earnings estimates on Altera Corp to $1.50 per share from $1.37 for 1997, and to $1.88 from $1.72 for 1998.</p>
<p>-- maintained short and long-term buy rating.</p>
<p>-- has price target of $50. Shares gained two to 43-7/8.</p>
</text>
<copyright>(c) Reuters Limited 1997</copyright>
<metadata>
<codes class="bip:countries:1.0">
  <code code="USA">
    <editdetail attribution="Reuters BIP Coding Group" action="confirmed" date="1997-01-23"/>
  </code>
</codes>
<codes class="bip:industries:1.0">
  <code code="I34531">
    <editdetail attribution="Reuters BIP Coding Group" action="confirmed" date="1997-01-23"/>
  </code>
</codes>
<codes class="bip:topics:1.0">
  <code code="C15">
    <editdetail attribution="Reuters BIP Coding Group" action="confirmed" date="1997-01-23"/>
  </code>
  <code code="C152">
    <editdetail attribution="Reuters BIP Coding Group" action="confirmed" date="1997-01-23"/>
  </code>
  <code code="CCAT">
    <editdetail attribution="Reuters BIP Coding Group" action="confirmed" date="1997-01-23"/>
  </code>
</codes>
<dc element="dc.publisher" value="Reuters Holdings Plc"/>
<dc element="dc.date.published" value="1997-01-23"/>
<dc element="dc.source" value="Reuters"/>
<dc element="dc.creator.location.country.name" value="USA"/>
<dc element="dc.source" value="Reuters"/>
</metadata>
</newsitem>
