<?xml version="1.0" encoding="iso-8859-1" ?>
<newsitem itemid="426375" id="root" date="1997-03-07" xml:lang="en">
<title>KAZAKHSTAN: Kazakh tenge falls to 75.5900 to dlr.</title>
<headline>Kazakh tenge falls to 75.5900 to dlr.</headline>
<dateline>ALMATY 1997-03-07</dateline>
<text>
<p>The tenge closed at 75.5900 per</p>
<p>dollar on the Kazakhstan Currency Exchange on Friday after</p>
<p>75.4100 on Thursday.</p>
<p> TENGE PER DOLLAR	     Mar 7		   Mar 6</p>
<p> High			     75.5150		 75.4100</p>
<p> Low				75.6450		 75.6500</p>
<p> Open			     75.6450		 75.6500</p>
<p> Close			    75.5900		 75.4100</p>
<p> Volume ($ million)	    2.510		   4.805</p>
<p>--Almaty Newsroom, + 7 3272 509410</p>
</text>
<copyright>(c) Reuters Limited 1997</copyright>
<metadata>
<codes class="bip:countries:1.0">
  <code code="KAZK">
    <editdetail attribution="Reuters BIP Coding Group" action="confirmed" date="1997-03-07"/>
  </code>
</codes>
<codes class="bip:topics:1.0">
  <code code="M13">
    <editdetail attribution="Reuters BIP Coding Group" action="confirmed" date="1997-03-07"/>
  </code>
  <code code="M132">
    <editdetail attribution="Reuters BIP Coding Group" action="confirmed" date="1997-03-07"/>
  </code>
  <code code="MCAT">
    <editdetail attribution="Reuters BIP Coding Group" action="confirmed" date="1997-03-07"/>
  </code>
</codes>
<dc element="dc.date.created" value="1997-03-07"/>
<dc element="dc.publisher" value="Reuters Holdings Plc"/>
<dc element="dc.date.published" value="1997-03-07"/>
<dc element="dc.source" value="Reuters"/>
<dc element="dc.creator.location" value="ALMATY"/>
<dc element="dc.creator.location.country.name" value="KAZAKHSTAN"/>
<dc element="dc.source" value="Reuters"/>
</metadata>
</newsitem>
