<?xml version="1.0" encoding="iso-8859-1" ?>
<newsitem itemid="16482" id="root" date="1996-08-27" xml:lang="en">
<title>BRAZIL: Brazil soybean crush higher this year to July.</title>
<headline>Brazil soybean crush higher this year to July.</headline>
<dateline>RIO DE JANEIRO 1996-08-27</dateline>
<text>
<p>Brazil's soybean crush reached some 11.6 million tonnes of soybeans in February-July 1996, up from 11.36 million tonnes crushed in the same 1995 period, said Brazilian Vegetable Oils Association Abiove.</p>
<p>The higher crush comes despite a smaller harvest this year and has been encouraged by this year's higher exports of soybeans and soymeal, the association indicated.</p>
<p>&quot;While Abiove's figures formally registered a crush of 10.45 million tonnes in February-July 1996, the information received so far is incomplete and the actual figure should be at least ten percent higher,&quot; Abiove secretary Fabio Trigueirinho said.</p>
<p>As from the month of August, soybean crushings slow down considerably, Trigueirinho said.</p>
<p>Brazil's final soybean stocks stood at 4.98 million tonnes on July 31, 1996, down from 5.61 million tonnes on July 31, 1995, Abiove said.</p>
<p>Final stocks of soymeal stood at 984,000 tonnes on July 31, 1996, down from 996,000 tonnes a year previously.</p>
<p>Final stocks of soyoil were however higher this year at 391,000 tonnes, up from 295,000 tonnes on July 31, 1995, the association said.</p>
<p>State export department Secex figures meanwhile show Brazil exported 2.82 million tonnes of soybeans in February-July 1996, up from 2.73 million in the same 1995 period.</p>
<p>Exports of soymeal also grew in February-July this year to 6.43 million tonnes, from 5.69 million in the 1995 period.</p>
<p>Brazil's soyoil exports however fell to 772,000 tonnes in February-July 1996 from 819,000 tonnes in the same 1995 period, according to Secex.</p>
<p>-- Diana Kinch, Rio de Janeiro newsroom, 5521 5074151</p>
</text>
<copyright>(c) Reuters Limited 1996</copyright>
<metadata>
<codes class="bip:countries:1.0">
  <code code="BRAZ">
    <editdetail attribution="Reuters BIP Coding Group" action="confirmed" date="1996-08-27"/>
  </code>
</codes>
<codes class="bip:topics:1.0">
  <code code="M14">
    <editdetail attribution="Reuters BIP Coding Group" action="confirmed" date="1996-08-27"/>
  </code>
  <code code="M141">
    <editdetail attribution="Reuters BIP Coding Group" action="confirmed" date="1996-08-27"/>
  </code>
  <code code="MCAT">
    <editdetail attribution="Reuters BIP Coding Group" action="confirmed" date="1996-08-27"/>
  </code>
</codes>
<dc element="dc.date.created" value="1996-08-27"/>
<dc element="dc.publisher" value="Reuters Holdings Plc"/>
<dc element="dc.date.published" value="1996-08-27"/>
<dc element="dc.source" value="Reuters"/>
<dc element="dc.creator.location" value="RIO DE JANEIRO"/>
<dc element="dc.creator.location.country.name" value="BRAZIL"/>
<dc element="dc.source" value="Reuters"/>
</metadata>
</newsitem>
