<?xml version="1.0" encoding="iso-8859-1" ?>
<newsitem itemid="86219" id="root" date="1996-09-30" xml:lang="en">
<title>GERMANY: German insurance body issues 1995 premium data.</title>
<headline>German insurance body issues 1995 premium data.</headline>
<dateline>COLOGNE, Germany 1996-09-30</dateline>
<text>
<p>The German insurance federation, Gesamtverband der Deutschen Versicherungswirtschaft (GDV), has published revised 1995 premium income statistics, based on notifications from individual member companies.</p>
<p>The figures replace earlier tables, based partly on estimates. Premium income German insurance market (excluding government and statutory social insurance) - Gross premiums by insurance class; primary business.</p>
<p>Insurance classes	  1995		  1994</p>
<p>			    Premium	change  Premium change</p>
<p>			    income	 percent income percent</p>
<p>			    Dm billion	     Dm billion</p>
<p>Life assurance (1)	 88.361     +6.5   82.959   +10.1</p>
<p>Private health (2)	 32.1(6)   +13.6(7)28.270   +9.9</p>
<p>Property and casualty (3)96.033     +3.1   93.152   +9.0</p>
<p>of which: Motor	    44.099     +2.1   43.190   +11.4</p>
<p>General Liability	  10.660     +5.3   10.121 +8.8(s)</p>
<p>   Private Accident	9.119     +4.1    8.760  +7.5(s)</p>
<p>   Fire			6.586     -6.3    7.031    +1.0</p>
<p>   Buildings (dwellings) 6.029    +15.1    5.238   +22.0</p>
<p>   Legal Expenses	  4.334     +5.6    4.106  +4.8(s)</p>
<p>   Household Contents    4.273     +3.9    4.114    +6.6</p>
<p>   Marine insurance	3.070     +0.3    3.063    +0.6</p>
<p>Credit,Aviation,Nuclear (4)2.236   +7.4    2.081    +15.7</p>
<p>Total of GDV members     218.730   +5.9(8) 206.462  +9.6</p>
<p>Total market	   (5) 225   (6) +5.6(9) 213.059  +8.7</p>
<p>NOTES - 1) gross premiums written by GDV member companies (without premiums resulting from bonus and rebate provisions), 2) including additional charges, but without premiums resulting from rebate provisions, 3) including accident insurance but excluding credit, aviation and nuclear insurance,</p>
<p>4) credit insurance without assessment fees, nuclear insurance primary and reinsurance business, 5) including pension and funeral expenses funds and other non-GDV members, but excluding subsidiaries of insurers from EU countries, 6) including 2.5 billion marks from compulsory private nursing care insurance, introduced 1995, 7) excluding private nursing care: 4.6 percent,</p>
<p>8) excluding private nursing care: 4.8 percent, 9) excluding private nursing care: 4.4 percent, (s) increase partly due to changes in composition of GDV membership. -- Reuters Insurance News 44 171 542 2769</p>
</text>
<copyright>(c) Reuters Limited 1996</copyright>
<metadata>
<codes class="bip:countries:1.0">
  <code code="GFR">
    <editdetail attribution="Reuters BIP Coding Group" action="confirmed" date="1996-09-30"/>
  </code>
</codes>
<codes class="bip:industries:1.0">
  <code code="I82000">
    <editdetail attribution="Reuters BIP Coding Group" action="confirmed" date="1996-09-30"/>
  </code>
</codes>
<codes class="bip:topics:1.0">
  <code code="C15">
    <editdetail attribution="Reuters BIP Coding Group" action="confirmed" date="1996-09-30"/>
  </code>
  <code code="C151">
    <editdetail attribution="Reuters BIP Coding Group" action="confirmed" date="1996-09-30"/>
  </code>
  <code code="C1511">
    <editdetail attribution="Reuters BIP Coding Group" action="confirmed" date="1996-09-30"/>
  </code>
  <code code="CCAT">
    <editdetail attribution="Reuters BIP Coding Group" action="confirmed" date="1996-09-30"/>
  </code>
</codes>
<dc element="dc.date.created" value="1996-09-30"/>
<dc element="dc.publisher" value="Reuters Holdings Plc"/>
<dc element="dc.date.published" value="1996-09-30"/>
<dc element="dc.source" value="Reuters"/>
<dc element="dc.creator.location" value="COLOGNE, Germany"/>
<dc element="dc.creator.location.country.name" value="GERMANY"/>
<dc element="dc.source" value="Reuters"/>
</metadata>
</newsitem>
