<?xml version="1.0" encoding="iso-8859-1" ?>
<newsitem itemid="805584" id="root" date="1997-08-18" xml:lang="en">
<title>CHINA: Price cuts slow China Marine's H1 net.</title>
<headline>Price cuts slow China Marine's H1 net.</headline>
<dateline>HONG KONG 1997-08-18</dateline>
<text>
<p>China Internatinnal Marine Containers (Group) Ltd reported higher first-half profits but price cuts hurt earnings growth, a company official said on Monday.</p>
<p>The Shenzhen-based company posted unaudited net profits of 99.76 million yuan ($12.0 million) for the January-June period against 93.87 million a year ago.</p>
<p>Turnover of China Marine, the country's largest container maker, expanded to 1.65 billion yuan from 1.36 billion in the same period last year, the company said in a report published in the Shenzhen-based Securities Times.</p>
<p>&quot;Price cuts narrowed our profit margins,&quot; a company official told the Hong Kong-based newsletter, the China Securities Bulletin.</p>
<p>The company said it was forced to slash prices following a slump in the container sector in 1996.</p>
<p>A recovery in the market and cost cutting were likely to speed profit growth in the second half of the year, the newspapr report said.</p>
<p>The company did not forecast profits for the full year.</p>
<p>Earnings per share for the first six months of 1997 shrank to 0.382 yuan from 0.467 yuan a year ago, reflecting a three-for-10 bonus issue.</p>
<p>China Marine has 261.3 million shares outstanding, made up of 81.5 million B shares, 41.5 million A shares and 138.3 million state institutional shares.</p>
<p>(US$1 = 8.3 yuan)</p>
</text>
<copyright>(c) Reuters Limited 1997</copyright>
<metadata>
<codes class="bip:countries:1.0">
  <code code="CHINA">
    <editdetail attribution="Reuters BIP Coding Group" action="confirmed" date="1997-08-18"/>
  </code>
</codes>
<codes class="bip:industries:1.0">
  <code code="I74000">
    <editdetail attribution="Reuters BIP Coding Group" action="confirmed" date="1997-08-18"/>
  </code>
</codes>
<codes class="bip:topics:1.0">
  <code code="C15">
    <editdetail attribution="Reuters BIP Coding Group" action="confirmed" date="1997-08-18"/>
  </code>
  <code code="C151">
    <editdetail attribution="Reuters BIP Coding Group" action="confirmed" date="1997-08-18"/>
  </code>
  <code code="CCAT">
    <editdetail attribution="Reuters BIP Coding Group" action="confirmed" date="1997-08-18"/>
  </code>
</codes>
<dc element="dc.date.created" value="1997-08-18"/>
<dc element="dc.publisher" value="Reuters Holdings Plc"/>
<dc element="dc.date.published" value="1997-08-18"/>
<dc element="dc.source" value="Reuters"/>
<dc element="dc.creator.location" value="HONG KONG"/>
<dc element="dc.creator.location.country.name" value="CHINA"/>
<dc element="dc.source" value="Reuters"/>
</metadata>
</newsitem>
