<?xml version="1.0" encoding="iso-8859-1" ?>
<newsitem itemid="534194" id="root" date="1997-04-24" xml:lang="en">
<title>USA: Jefferson Savings Bancorp Inc Q1 net up.</title>
<headline>Jefferson Savings Bancorp Inc Q1 net up.</headline>
<dateline>ST. LOUIS 1997-04-24</dateline>
<text>
<p>1997			1996</p>
<p> Shr			  $0.59		    $0.50</p>
<p> Net			  2,621		    1,990</p>
<p>	 (All Data Above 000s Except Per Share Numbers)</p>
<p>Assets $1.30 billion vs $1.15 billion</p>
<p>Deposits $1.08 billion vs $947.1 million</p>
<p>Loans $970.5 million vs $885.4 million</p>
<p>	  ((Chicago Newsdesk (312) 408-8787))</p>
</text>
<copyright>(c) Reuters Limited 1997</copyright>
<metadata>
<codes class="bip:countries:1.0">
  <code code="USA">
    <editdetail attribution="Reuters BIP Coding Group" action="confirmed" date="1997-04-24"/>
  </code>
</codes>
<codes class="bip:industries:1.0">
  <code code="I81402">
    <editdetail attribution="Reuters BIP Coding Group" action="confirmed" date="1997-04-24"/>
  </code>
</codes>
<codes class="bip:topics:1.0">
  <code code="C15">
    <editdetail attribution="Reuters BIP Coding Group" action="confirmed" date="1997-04-24"/>
  </code>
  <code code="C151">
    <editdetail attribution="Reuters BIP Coding Group" action="confirmed" date="1997-04-24"/>
  </code>
  <code code="CCAT">
    <editdetail attribution="Reuters BIP Coding Group" action="confirmed" date="1997-04-24"/>
  </code>
</codes>
<dc element="dc.date.created" value="1997-04-24"/>
<dc element="dc.publisher" value="Reuters Holdings Plc"/>
<dc element="dc.date.published" value="1997-04-24"/>
<dc element="dc.source" value="Reuters"/>
<dc element="dc.creator.location" value="ST. LOUIS"/>
<dc element="dc.creator.location.country.name" value="USA"/>
<dc element="dc.source" value="Reuters"/>
</metadata>
</newsitem>
