<?xml version="1.0" encoding="iso-8859-1" ?>
<newsitem itemid="261140" id="root" date="1996-12-17" xml:lang="en">
<title>MEXICO: Mexican unemployment rate 4.8 pct in Nov - Zedillo.</title>
<headline>Mexican unemployment rate 4.8 pct in Nov - Zedillo.</headline>
<dateline>MEXICO CITY 1996-12-17</dateline>
<text>
<p>President Ernesto Zedillo said on Tuesday the open unemployment rate in Mexico was 4.8 percent in November, the lowest level in 22 months.</p>
<p>&quot;In November, the open unemployment rate in the country was 4.8 percent which is the lowest level in the last 22 months,&quot; Zedillo said during a ceremony to hand out the National Quality Prize. The official statistics were due out later Tuesday.  </p>
<p>The 4.8 percent rate announced by Zedillo was better than the 5.1 percent  MXAAP expected in a Reuters survey. The rate was 5.2 percent in October.</p>
<p>According to the International Labor Organization, the open unemployment rate is calculated as a percentage of the economically active population measuring people 12 years of age or older who during the reference period failed to work at least one hour a week.</p>
<p>Besides the falling unemployment rate, Zedillo highlighted a sharp rise in October industrial output reported on Monday, that he said showed particularly vibrant manufacturing and construction sectors.</p>
<p>Mexico is recovering from a 1995 recession that was the worst one-year performance of the economy in 50 years.</p>
<p>-- Debora Montesinos, Mexico City newsroom +525 728-7915</p>
</text>
<copyright>(c) Reuters Limited 1996</copyright>
<metadata>
<codes class="bip:countries:1.0">
  <code code="MEX">
    <editdetail attribution="Reuters BIP Coding Group" action="confirmed" date="1996-12-17"/>
  </code>
</codes>
<codes class="bip:topics:1.0">
  <code code="E41">
    <editdetail attribution="Reuters BIP Coding Group" action="confirmed" date="1996-12-17"/>
  </code>
  <code code="E411">
    <editdetail attribution="Reuters BIP Coding Group" action="confirmed" date="1996-12-17"/>
  </code>
  <code code="ECAT">
    <editdetail attribution="Reuters BIP Coding Group" action="confirmed" date="1996-12-17"/>
  </code>
  <code code="GCAT">
    <editdetail attribution="Reuters BIP Coding Group" action="confirmed" date="1996-12-17"/>
  </code>
  <code code="GJOB">
    <editdetail attribution="Reuters BIP Coding Group" action="confirmed" date="1996-12-17"/>
  </code>
</codes>
<dc element="dc.date.created" value="1996-12-17"/>
<dc element="dc.publisher" value="Reuters Holdings Plc"/>
<dc element="dc.date.published" value="1996-12-17"/>
<dc element="dc.source" value="Reuters"/>
<dc element="dc.creator.location" value="MEXICO CITY"/>
<dc element="dc.creator.location.country.name" value="MEXICO"/>
<dc element="dc.source" value="Reuters"/>
</metadata>
</newsitem>
