<?xml version="1.0" encoding="iso-8859-1" ?>
<newsitem itemid="724058" id="root" date="1997-07-11" xml:lang="en">
<title>PORTUGAL: POLL-Portugal spreads vs Bunds, Spanish Bonos.</title>
<headline>POLL-Portugal spreads vs Bunds, Spanish Bonos.</headline>
<dateline>LISBON 1997-07-11</dateline>
<text>
<p>The following is the daily forecast for spreads in the Portuguese bond market based on a poll of four banks and one brokerage.</p>
<p>Poll covers spreads between the February 2007 Portuguese cash bond (OT) and the German and Spanish equivalents, together with the spreads between the Portuguese 10 and two-year bonds.</p>
<p>--------------------------------------------------------------</p>
<p>			     Min spread Avge  Max  vs previous close</p>
<p>Feb 07 vs Bund July  07   70 bps  70.75  71	    70</p>
<p>Feb 07 vs Bono March 07     3	4.25   5	     5</p>
<p>						  YLDS3</p>
<p>----------------------------------------------------------------</p>
<p>				 Min  Avge   Max</p>
<p>Feb 07 vs March 99	 105  107.25 110     vs     105</p>
<p>						  PT/CURVE</p>
<p>----------------------------------------------------------------</p>
<p>Key factors likely to affect market:</p>
<p>-The market will be on virtual hold until the release of the U.S. producer price data (1230 GMT). Traders will also be waiting for the Bank of Portugal to set new money market conditions (1315 GMT) even if eight out 10 analysts polled by Reuters saw no change.</p>
<p>--Jose Barata, Lisbon bureau 3511-3150035</p>
</text>
<copyright>(c) Reuters Limited 1997</copyright>
<metadata>
<codes class="bip:countries:1.0">
  <code code="PORL">
    <editdetail attribution="Reuters BIP Coding Group" action="confirmed" date="1997-07-11"/>
  </code>
</codes>
<codes class="bip:topics:1.0">
  <code code="M12">
    <editdetail attribution="Reuters BIP Coding Group" action="confirmed" date="1997-07-11"/>
  </code>
  <code code="MCAT">
    <editdetail attribution="Reuters BIP Coding Group" action="confirmed" date="1997-07-11"/>
  </code>
</codes>
<dc element="dc.date.created" value="1997-07-11"/>
<dc element="dc.publisher" value="Reuters Holdings Plc"/>
<dc element="dc.date.published" value="1997-07-11"/>
<dc element="dc.source" value="Reuters"/>
<dc element="dc.creator.location" value="LISBON"/>
<dc element="dc.creator.location.country.name" value="PORTUGAL"/>
<dc element="dc.source" value="Reuters"/>
</metadata>
</newsitem>
