<?xml version="1.0" encoding="iso-8859-1" ?>
<newsitem itemid="634858" id="root" date="1997-06-03" xml:lang="en">
<title>EGYPT: Egypt pound interbank o/n rates, one-week widen.</title>
<headline>Egypt pound interbank o/n rates, one-week widen.</headline>
<dateline>CAIRO 1997-06-03</dateline>
<text>
<p>The range of overnight interbank rates on the Egyptian pound widened on Tuesday in a short private-sector market to between eight and nine percent from between eight and 8-3/4 percent on Monday, bankers said.</p>
<p>&quot;Liquidity is short because all the money has gone into the latest treasury bill auction,&quot; said one banker.</p>
<p>The Egyptian treasury on Monday accepted bids for 182-day treasury bills worth 1.445 billion pounds, replacing bills worth 991 million pounds.</p>
<p>One-week rates also widened to between eight and nine percent from Monday's eight and 8-3/4 percent, banker added.</p>
<p>Bankers said that public sector banks kept their official minimum lending rate steady at 10-1/2 percent.</p>
<p>$1 = 3.395 pounds</p>
<p>-- Cairo newsroom +202 578 3290/1</p>
</text>
<copyright>(c) Reuters Limited 1997</copyright>
<metadata>
<codes class="bip:countries:1.0">
  <code code="EGYPT">
    <editdetail attribution="Reuters BIP Coding Group" action="confirmed" date="1997-06-03"/>
  </code>
</codes>
<codes class="bip:topics:1.0">
  <code code="M13">
    <editdetail attribution="Reuters BIP Coding Group" action="confirmed" date="1997-06-03"/>
  </code>
  <code code="M131">
    <editdetail attribution="Reuters BIP Coding Group" action="confirmed" date="1997-06-03"/>
  </code>
  <code code="MCAT">
    <editdetail attribution="Reuters BIP Coding Group" action="confirmed" date="1997-06-03"/>
  </code>
</codes>
<dc element="dc.date.created" value="1997-06-03"/>
<dc element="dc.publisher" value="Reuters Holdings Plc"/>
<dc element="dc.date.published" value="1997-06-03"/>
<dc element="dc.source" value="Reuters"/>
<dc element="dc.creator.location" value="CAIRO"/>
<dc element="dc.creator.location.country.name" value="EGYPT"/>
<dc element="dc.source" value="Reuters"/>
</metadata>
</newsitem>
