<?xml version="1.0" encoding="iso-8859-1" ?>
<newsitem itemid="470885" id="root" date="1997-03-26" xml:lang="en">
<title>HONG KONG: HK Banks Assn ups deposit rates by 25 BP.</title>
<headline>HK Banks Assn ups deposit rates by 25 BP.</headline>
<dateline>HONG KONG 1997-03-26</dateline>
<text>
<p>The Hong Kong Association of Bank said it raised short-term deposit rates by 25 basis points on Wednesday following  Tuesday's 25-basis point increase in U.S. rates and firmer local money market rates.</p>
<p>Maximum rates payable for short-term retail deposits in Hong Kong dollars by licensed banks were raised 25 points to four percent for savings and 24-hours' call/notice, the HKAB said.</p>
<p>&quot;This is to follow the move that happened overnight in the United States,&quot; said HKAB chairman Chris Langley. &quot;I think the increase of 25 basis points has been very largely factored in by the market over the last few days.&quot;</p>
<p>The U.S. Federal Reserve increased the Federal funds rate to 5.50 percent on Tuesday but left the discount rate unchanged.</p>
<p>Langley said he expected to see at least one more rate increase this year.</p>
<p>&quot;Most people, myself included, believe that it is more than likely that at least one more rate increase will be seen this year and that will probably be of around 25 basis points as well,&quot; Langley said.</p>
<p>-- Hong Kong Newsroom (852) 2843 6470</p>
</text>
<copyright>(c) Reuters Limited 1997</copyright>
<metadata>
<codes class="bip:countries:1.0">
  <code code="HKONG">
    <editdetail attribution="Reuters BIP Coding Group" action="confirmed" date="1997-03-26"/>
  </code>
</codes>
<codes class="bip:topics:1.0">
  <code code="E12">
    <editdetail attribution="Reuters BIP Coding Group" action="confirmed" date="1997-03-26"/>
  </code>
  <code code="ECAT">
    <editdetail attribution="Reuters BIP Coding Group" action="confirmed" date="1997-03-26"/>
  </code>
  <code code="M13">
    <editdetail attribution="Reuters BIP Coding Group" action="confirmed" date="1997-03-26"/>
  </code>
  <code code="M131">
    <editdetail attribution="Reuters BIP Coding Group" action="confirmed" date="1997-03-26"/>
  </code>
  <code code="MCAT">
    <editdetail attribution="Reuters BIP Coding Group" action="confirmed" date="1997-03-26"/>
  </code>
</codes>
<dc element="dc.date.created" value="1997-03-26"/>
<dc element="dc.publisher" value="Reuters Holdings Plc"/>
<dc element="dc.date.published" value="1997-03-26"/>
<dc element="dc.source" value="Reuters"/>
<dc element="dc.creator.location" value="HONG KONG"/>
<dc element="dc.creator.location.country.name" value="HONG KONG"/>
<dc element="dc.source" value="Reuters"/>
</metadata>
</newsitem>
