<?xml version="1.0" encoding="iso-8859-1" ?>
<newsitem itemid="613566" id="root" date="1997-05-26" xml:lang="en">
<title>POLAND: Polish T-bill minimum prices stable at tender.</title>
<headline>Polish T-bill minimum prices stable at tender.</headline>
<dateline>WARSAW 1997-05-26</dateline>
<text>
<p>Minimum prices of most Polish T-bills held flat at Monday's primary auction on total demand of 1.246 billion zlotys against a 1.2 billion zloty offer, the central bank said.</p>
<p>The treasury sold 945 million worth of T-bills on Monday.  </p>
<p>  T-bill	     8-week  13-week  26-week  39-week  52-week</p>
<p>  new min price    96.85    94.98    90.24    ---     82.18</p>
<p>  (pvs auction)  (*96.84)  (94.98)  (90.24)   ---    (82.21)</p>
<p>  new max price    97.14    95.35    90.48    ---     82.37</p>
<p>  (pvs auction)  (*97.18)  (95.29)  (90.45)   ---    (82.45)</p>
<p>  offer		200.0    300.0    100.0    ---     600.0</p>
<p>  bids recorded    336.5    208.3    135.9    ---     564.8</p>
<p>  bids accepted    233.0    172.2    105.9    ---     433.9</p>
<p>  next auction     300.0    300.0    200.0    ---     800.0</p>
<p>NOTE - Offer and all bids in million zlotys. (*) 8-week bills were last offered on April 28. All other bills were last auctioned on May 19.</p>
<p>-- Warsaw Newsroom +48 22 653 9700</p>
</text>
<copyright>(c) Reuters Limited 1997</copyright>
<metadata>
<codes class="bip:countries:1.0">
  <code code="POL">
    <editdetail attribution="Reuters BIP Coding Group" action="confirmed" date="1997-05-26"/>
  </code>
</codes>
<codes class="bip:topics:1.0">
  <code code="M13">
    <editdetail attribution="Reuters BIP Coding Group" action="confirmed" date="1997-05-26"/>
  </code>
  <code code="M131">
    <editdetail attribution="Reuters BIP Coding Group" action="confirmed" date="1997-05-26"/>
  </code>
  <code code="MCAT">
    <editdetail attribution="Reuters BIP Coding Group" action="confirmed" date="1997-05-26"/>
  </code>
</codes>
<dc element="dc.date.created" value="1997-05-26"/>
<dc element="dc.publisher" value="Reuters Holdings Plc"/>
<dc element="dc.date.published" value="1997-05-26"/>
<dc element="dc.source" value="Reuters"/>
<dc element="dc.creator.location" value="WARSAW"/>
<dc element="dc.creator.location.country.name" value="POLAND"/>
<dc element="dc.source" value="Reuters"/>
</metadata>
</newsitem>
