<?xml version="1.0" encoding="iso-8859-1" ?>
<newsitem itemid="329464" id="root" date="1997-01-23" xml:lang="en">
<title>SOUTH KOREA: S.Korean feed millers buy 52,500T corn from Peavy.</title>
<headline>S.Korean feed millers buy 52,500T corn from Peavy.</headline>
<dateline>SEOUL 1997-01-23</dateline>
<text>
<p>Several South Korean feed millers jointly bought 52,500 tonnes of U.S. No.3 yellow corn from Peavy on late Wednesday, traders said on Thursday.  </p>
<p>Traders said the millers bought 40,000 tonnes of the total at $139.90 per tonne and the remaining 12,500 tonnes at 88 cents per bushel over May futures on the Chicago Board of Trade. The prices are on a cost and freight basis.</p>
<p>They did not give more details on the millers.</p>
<p>Shipment was set for March 20-April 10 from the Pacific Northwest and arrival for April 25 to the western port of Inchon, they said.</p>
<p>-- Seoul Newsroom (822) 727 5651</p>
</text>
<copyright>(c) Reuters Limited 1997</copyright>
<metadata>
<codes class="bip:countries:1.0">
  <code code="SKOREA">
    <editdetail attribution="Reuters BIP Coding Group" action="confirmed" date="1997-01-23"/>
  </code>
</codes>
<codes class="bip:topics:1.0">
  <code code="M14">
    <editdetail attribution="Reuters BIP Coding Group" action="confirmed" date="1997-01-23"/>
  </code>
  <code code="M141">
    <editdetail attribution="Reuters BIP Coding Group" action="confirmed" date="1997-01-23"/>
  </code>
  <code code="MCAT">
    <editdetail attribution="Reuters BIP Coding Group" action="confirmed" date="1997-01-23"/>
  </code>
</codes>
<dc element="dc.date.created" value="1997-01-23"/>
<dc element="dc.publisher" value="Reuters Holdings Plc"/>
<dc element="dc.date.published" value="1997-01-23"/>
<dc element="dc.source" value="Reuters"/>
<dc element="dc.creator.location" value="SEOUL"/>
<dc element="dc.creator.location.country.name" value="SOUTH KOREA"/>
<dc element="dc.source" value="Reuters"/>
</metadata>
</newsitem>
