<?xml version="1.0" encoding="iso-8859-1" ?>
<newsitem itemid="385880" id="root" date="1997-02-18" xml:lang="en">
<title>SWEDEN: Nordbanken 1996 profits rise 10 pct.</title>
<headline>Nordbanken 1996 profits rise 10 pct.</headline>
<dateline>STOCKHOLM 1997-02-18</dateline>
<text>
<p>Swedish bank Nordbanken posts</p>
<p>its earnings for the 12 months to December 31, 1996.</p>
<p>		   (million crowns unless stated)</p>
<p> Operating profit			7,432   vs   6,746</p>
<p> Net interest income		  10,655   vs  11,481</p>
<p> Proposed dividend (SKR)		 9.5   vs   7.5</p>
<p> Earnigs Per Share (SKR)	     29.41   vs  22.65</p>
<p> Net commission			   2,188  vs   2,096</p>
<p> Total income			    15,576  vs   15,589</p>
<p> Operating costs			  7,493  vs   7,574</p>
<p> Profit before loan losses	    8,083  vs   8,015</p>
<p> Loan losses				651    vs   1,269</p>
<p>NOTE - A Reuters poll of 14 economists found Nordbanken was expected to post a profit after credit losses of 7.29 billion crowns for 1996.</p>
<p>-- Stockholm newsroom +46-8-700 1017</p>
</text>
<copyright>(c) Reuters Limited 1997</copyright>
<metadata>
<codes class="bip:countries:1.0">
  <code code="SWED">
    <editdetail attribution="Reuters BIP Coding Group" action="confirmed" date="1997-02-18"/>
  </code>
</codes>
<codes class="bip:industries:1.0">
  <code code="I81402">
    <editdetail attribution="Reuters BIP Coding Group" action="confirmed" date="1997-02-18"/>
  </code>
</codes>
<codes class="bip:topics:1.0">
  <code code="C15">
    <editdetail attribution="Reuters BIP Coding Group" action="confirmed" date="1997-02-18"/>
  </code>
  <code code="C151">
    <editdetail attribution="Reuters BIP Coding Group" action="confirmed" date="1997-02-18"/>
  </code>
  <code code="C1511">
    <editdetail attribution="Reuters BIP Coding Group" action="confirmed" date="1997-02-18"/>
  </code>
  <code code="CCAT">
    <editdetail attribution="Reuters BIP Coding Group" action="confirmed" date="1997-02-18"/>
  </code>
</codes>
<dc element="dc.date.created" value="1997-02-18"/>
<dc element="dc.publisher" value="Reuters Holdings Plc"/>
<dc element="dc.date.published" value="1997-02-18"/>
<dc element="dc.source" value="Reuters"/>
<dc element="dc.creator.location" value="STOCKHOLM"/>
<dc element="dc.creator.location.country.name" value="SWEDEN"/>
<dc element="dc.source" value="Reuters"/>
</metadata>
</newsitem>
