<?xml version="1.0" encoding="iso-8859-1" ?>
<newsitem itemid="104057" id="root" date="1996-10-08" xml:lang="en">
<title>JAPAN: JR East shares hurt by JR West listing.</title>
<headline>JR East shares hurt by JR West listing.</headline>
<dateline>TOKYO 1996-10-08</dateline>
<text>
<p>Shares in East Japan Railway Co were depressed on Tuesday morning after the first traded price of West Japan Railway Co, listed on Tuesday, turned out to be lower than market expectations, brokers said.</p>
<p>As of 0122 GMT, JR East shares were down 7,000 yen at 519,000 yen with a trade volume of 3,222 shares.  </p>
<p>Brokers said a bout of weakness hit JR East shares on Monday after they posted modest gains for most of last week as investors bought the shares in order to provide support for the listing of JR West.</p>
<p>The weak sentiment carried over into today's session, and the shares were battered further when the first traded price of the newly listed JR West shares fell short of market expectations, which had been for a price of around 385,000 to 400,000 yen, they said.</p>
</text>
<copyright>(c) Reuters Limited 1996</copyright>
<metadata>
<codes class="bip:countries:1.0">
  <code code="JAP">
    <editdetail attribution="Reuters BIP Coding Group" action="confirmed" date="1996-10-08"/>
  </code>
</codes>
<codes class="bip:industries:1.0">
  <code code="I71000">
    <editdetail attribution="Reuters BIP Coding Group" action="confirmed" date="1996-10-08"/>
  </code>
</codes>
<codes class="bip:topics:1.0">
  <code code="C14">
    <editdetail attribution="Reuters BIP Coding Group" action="confirmed" date="1996-10-08"/>
  </code>
  <code code="C15">
    <editdetail attribution="Reuters BIP Coding Group" action="confirmed" date="1996-10-08"/>
  </code>
  <code code="C152">
    <editdetail attribution="Reuters BIP Coding Group" action="confirmed" date="1996-10-08"/>
  </code>
  <code code="CCAT">
    <editdetail attribution="Reuters BIP Coding Group" action="confirmed" date="1996-10-08"/>
  </code>
</codes>
<dc element="dc.date.created" value="1996-10-08"/>
<dc element="dc.publisher" value="Reuters Holdings Plc"/>
<dc element="dc.date.published" value="1996-10-08"/>
<dc element="dc.source" value="Reuters"/>
<dc element="dc.creator.location" value="TOKYO"/>
<dc element="dc.creator.location.country.name" value="JAPAN"/>
<dc element="dc.source" value="Reuters"/>
</metadata>
</newsitem>
