<?xml version="1.0" encoding="iso-8859-1" ?>
<newsitem itemid="387386" id="root" date="1997-02-19" xml:lang="en">
<title>UK: Venture capitalists back Virgin Rail.</title>
<headline>Venture capitalists back Virgin Rail.</headline>
<dateline>LONDON 1997-02-19</dateline>
<text>
<p>British entrepreneur Richard Branson's Virgin Group said on Wednesday a group of financial institutions are backing its move into running some of Britain's railways and thereore there was no need for a share flotation for its new rail subsidiary.</p>
<p>Virgin director Will Whitehorn told Reuters that Bankers Trust New York Corp, Texas Pacific Group, J.P. Morgan and Electra Fleming have together invested 40 million pounds in new subsidiary Virgin Rail Group Ltd. He said this gives them an initial stake of around 40 percent but they also carry certain convertible options, which he declined to detail.</p>
<p>Virgin Group itself has invested a total of around 20 million pounds so far in the new venture but retains the controlling stake of around 60 percent, he added.</p>
<p>Branson was awarded the 15-year franchise to operate Britain's InterCity West Coast(ICWC) rail services between London and Scotland today, adding to its Cross Country franchise awarded last November.</p>
<p>Virgin Rail Group said it intends to acquire 80 new trains for the two networks worth around 800 million pounds, including 600 million pounds on 40 high-speed tilt trains for the West Coast Mainline.</p>
<p>Whitehorn said the new trains were likely to be leased rather than bought outright but Virgin Rail was also planning to spend a further 200 million pounds on improvements to services and infrastrucuture over the course of the 15-year franchises.</p>
<p>Whitehorn said financing for the new investments would come out of operating income.</p>
<p>-- Greg Mahlich, London Newsroom +44 171 542 7717</p>
</text>
<copyright>(c) Reuters Limited 1997</copyright>
<metadata>
<codes class="bip:countries:1.0">
  <code code="UK">
    <editdetail attribution="Reuters BIP Coding Group" action="confirmed" date="1997-02-19"/>
  </code>
  <code code="USA">
    <editdetail attribution="Reuters BIP Coding Group" action="confirmed" date="1997-02-19"/>
  </code>
</codes>
<codes class="bip:industries:1.0">
  <code code="I65400">
    <editdetail attribution="Reuters BIP Coding Group" action="confirmed" date="1997-02-19"/>
  </code>
  <code code="I71000">
    <editdetail attribution="Reuters BIP Coding Group" action="confirmed" date="1997-02-19"/>
  </code>
  <code code="I81402">
    <editdetail attribution="Reuters BIP Coding Group" action="confirmed" date="1997-02-19"/>
  </code>
  <code code="I81502">
    <editdetail attribution="Reuters BIP Coding Group" action="confirmed" date="1997-02-19"/>
  </code>
  <code code="I8150206">
    <editdetail attribution="Reuters BIP Coding Group" action="confirmed" date="1997-02-19"/>
  </code>
  <code code="I83100">
    <editdetail attribution="Reuters BIP Coding Group" action="confirmed" date="1997-02-19"/>
  </code>
  <code code="I83960">
    <editdetail attribution="Reuters BIP Coding Group" action="confirmed" date="1997-02-19"/>
  </code>
</codes>
<codes class="bip:topics:1.0">
  <code code="C11">
    <editdetail attribution="Reuters BIP Coding Group" action="confirmed" date="1997-02-19"/>
  </code>
  <code code="C13">
    <editdetail attribution="Reuters BIP Coding Group" action="confirmed" date="1997-02-19"/>
  </code>
  <code code="C17">
    <editdetail attribution="Reuters BIP Coding Group" action="confirmed" date="1997-02-19"/>
  </code>
  <code code="CCAT">
    <editdetail attribution="Reuters BIP Coding Group" action="confirmed" date="1997-02-19"/>
  </code>
</codes>
<dc element="dc.date.created" value="1997-02-19"/>
<dc element="dc.publisher" value="Reuters Holdings Plc"/>
<dc element="dc.date.published" value="1997-02-19"/>
<dc element="dc.source" value="Reuters"/>
<dc element="dc.creator.location" value="LONDON"/>
<dc element="dc.creator.location.country.name" value="UK"/>
<dc element="dc.source" value="Reuters"/>
</metadata>
</newsitem>
