<?xml version="1.0" encoding="iso-8859-1" ?>
<newsitem itemid="453862" id="root" date="1997-03-19" xml:lang="en">
<title>USA: CyberGuard stake cut by Tudor group.</title>
<headline>CyberGuard stake cut by Tudor group.</headline>
<dateline>WASHINGTON 1997-03-18</dateline>
<text>
<p>A group led by Tudor Investment Corp, a New York based international management firm, said Tuesday it cut its stake in CyberGuard Corp to 337,600 common shares or 4.6 percent.</p>
<p>In a filing with the Securities and Exchange Commission, the group said its latest transactions include a net 113,900 common sold between May 29, 1996 and March 12, 1997 at prices ranging from $9 to $20.25 per share.</p>
<p>CyberGuard is focused on the development and marketing of network security products. It was formerly known as Harris Computer Systems Corp.</p>
</text>
<copyright>(c) Reuters Limited 1997</copyright>
<metadata>
<codes class="bip:countries:1.0">
  <code code="USA">
    <editdetail attribution="Reuters BIP Coding Group" action="confirmed" date="1997-03-19"/>
  </code>
</codes>
<codes class="bip:industries:1.0">
  <code code="I83940">
    <editdetail attribution="Reuters BIP Coding Group" action="confirmed" date="1997-03-19"/>
  </code>
</codes>
<codes class="bip:topics:1.0">
  <code code="C18">
    <editdetail attribution="Reuters BIP Coding Group" action="confirmed" date="1997-03-19"/>
  </code>
  <code code="C181">
    <editdetail attribution="Reuters BIP Coding Group" action="confirmed" date="1997-03-19"/>
  </code>
  <code code="CCAT">
    <editdetail attribution="Reuters BIP Coding Group" action="confirmed" date="1997-03-19"/>
  </code>
</codes>
<dc element="dc.date.created" value="1997-03-18"/>
<dc element="dc.publisher" value="Reuters Holdings Plc"/>
<dc element="dc.date.published" value="1997-03-19"/>
<dc element="dc.source" value="Reuters"/>
<dc element="dc.creator.location" value="WASHINGTON"/>
<dc element="dc.creator.location.country.name" value="USA"/>
<dc element="dc.source" value="Reuters"/>
</metadata>
</newsitem>
