<?xml version="1.0" encoding="iso-8859-1" ?>
<newsitem itemid="329536" id="root" date="1997-01-23" xml:lang="en">
<title>TURKEY: Turkey says it killed 27 Kurd guerrillas.</title>
<headline>Turkey says it killed 27 Kurd guerrillas.</headline>
<dateline>DIYARBAKIR, Turkey 1997-01-23</dateline>
<text>
<p>Turkish troops killed 27 rebel Kurds in clashes in eastern Turkey, a military official said on Thursday.</p>
<p>The clashes took place in Bingol province over the last 24 hours, the official said. He gave no military casualties.</p>
<p>More than 21,000 people have been killed in the 12-year conflict between the military and Kurdistan Workers Party (PKK) guerrillas fighting for self rule in the southeast of the country.</p>
</text>
<copyright>(c) Reuters Limited 1997</copyright>
<metadata>
<codes class="bip:countries:1.0">
  <code code="TURK">
    <editdetail attribution="Reuters BIP Coding Group" action="confirmed" date="1997-01-23"/>
  </code>
</codes>
<codes class="bip:topics:1.0">
  <code code="GCAT">
    <editdetail attribution="Reuters BIP Coding Group" action="confirmed" date="1997-01-23"/>
  </code>
  <code code="GVIO">
    <editdetail attribution="Reuters BIP Coding Group" action="confirmed" date="1997-01-23"/>
  </code>
</codes>
<dc element="dc.date.created" value="1997-01-23"/>
<dc element="dc.publisher" value="Reuters Holdings Plc"/>
<dc element="dc.date.published" value="1997-01-23"/>
<dc element="dc.source" value="Reuters"/>
<dc element="dc.creator.location" value="DIYARBAKIR, Turkey"/>
<dc element="dc.creator.location.country.name" value="TURKEY"/>
<dc element="dc.source" value="Reuters"/>
</metadata>
</newsitem>
