<?xml version="1.0" encoding="iso-8859-1" ?>
<newsitem itemid="549356" id="root" date="1997-04-30" xml:lang="en">
<title>USA: Chile's Soquimich Q1 net higher.</title>
<headline>Chile's Soquimich Q1 net higher.</headline>
<dateline>NEW YORK 1997-04-30</dateline>
<text>
<p>1997			1996</p>
<p> Net			 17,200		   16,500</p>
<p> Oper net		  19,400		   16,200</p>
<p> Revs		     123,400		   98,700</p>
<p>(All data above 000s except per share numbers)</p>
<p>NOTE: Full company name is Sociedad Quimica y Minera de Chile SA.</p>
<p>All figures in U.S. dollars.</p>
</text>
<copyright>(c) Reuters Limited 1997</copyright>
<metadata>
<codes class="bip:countries:1.0">
  <code code="CHIL">
    <editdetail attribution="Reuters BIP Coding Group" action="confirmed" date="1997-04-30"/>
  </code>
  <code code="USA">
    <editdetail attribution="Reuters BIP Coding Group" action="confirmed" date="1997-04-30"/>
  </code>
</codes>
<codes class="bip:industries:1.0">
  <code code="I25000">
    <editdetail attribution="Reuters BIP Coding Group" action="confirmed" date="1997-04-30"/>
  </code>
</codes>
<codes class="bip:topics:1.0">
  <code code="C15">
    <editdetail attribution="Reuters BIP Coding Group" action="confirmed" date="1997-04-30"/>
  </code>
  <code code="C151">
    <editdetail attribution="Reuters BIP Coding Group" action="confirmed" date="1997-04-30"/>
  </code>
  <code code="CCAT">
    <editdetail attribution="Reuters BIP Coding Group" action="confirmed" date="1997-04-30"/>
  </code>
</codes>
<dc element="dc.date.created" value="1997-04-30"/>
<dc element="dc.publisher" value="Reuters Holdings Plc"/>
<dc element="dc.date.published" value="1997-04-30"/>
<dc element="dc.source" value="Reuters"/>
<dc element="dc.creator.location" value="NEW YORK"/>
<dc element="dc.creator.location.country.name" value="USA"/>
<dc element="dc.source" value="Reuters"/>
</metadata>
</newsitem>
