<?xml version="1.0" encoding="iso-8859-1" ?>
<newsitem itemid="431954" id="root" date="1997-03-10" xml:lang="en">
<title>JAPAN: Nikko says to lead-manage Uruguay samurai bond.</title>
<headline>Nikko says to lead-manage Uruguay samurai bond.</headline>
<dateline>TOKYO 1997-03-10</dateline>
<text>
<p>Nikko Securities Co Ltd said on Monday that it had been appointed lead manager of a samurai bond to be issued by Uruguay.</p>
<p>The issuing volume of the bond is expected to be about 10 billion yen, with a duration of five years. The timing of the launch has not yet been decided.</p>
</text>
<copyright>(c) Reuters Limited 1997</copyright>
<metadata>
<codes class="bip:countries:1.0">
  <code code="JAP">
    <editdetail attribution="Reuters BIP Coding Group" action="confirmed" date="1997-03-10"/>
  </code>
  <code code="URU">
    <editdetail attribution="Reuters BIP Coding Group" action="confirmed" date="1997-03-10"/>
  </code>
</codes>
<codes class="bip:topics:1.0">
  <code code="E21">
    <editdetail attribution="Reuters BIP Coding Group" action="confirmed" date="1997-03-10"/>
  </code>
  <code code="E212">
    <editdetail attribution="Reuters BIP Coding Group" action="confirmed" date="1997-03-10"/>
  </code>
  <code code="ECAT">
    <editdetail attribution="Reuters BIP Coding Group" action="confirmed" date="1997-03-10"/>
  </code>
</codes>
<dc element="dc.date.created" value="1997-03-10"/>
<dc element="dc.publisher" value="Reuters Holdings Plc"/>
<dc element="dc.date.published" value="1997-03-10"/>
<dc element="dc.source" value="Reuters"/>
<dc element="dc.creator.location" value="TOKYO"/>
<dc element="dc.creator.location.country.name" value="JAPAN"/>
<dc element="dc.source" value="Reuters"/>
</metadata>
</newsitem>
