<?xml version="1.0" encoding="iso-8859-1" ?>
<newsitem itemid="364003" id="root" date="1997-02-07" xml:lang="en">
<title>USA: American Rice Q3 Dec 31 shr profit vs loss.</title>
<headline>American Rice Q3 Dec 31 shr profit vs loss.</headline>
<dateline>HOUSTON 1997-02-06</dateline>
<text>
<p>1996			1995</p>
<p> Shr	 profit	 $0.50     loss	 $3.02</p>
<p> Net	 profit	   3.1     loss	   5.9</p>
<p> Revs			 153.7		    101.4</p>
<p>Avg shrs</p>
<p>	   9 MONTHS</p>
<p> Shr	   loss	 $1.22     loss	 $4.12</p>
<p> Net	 profit	   1.5     loss	   5.6</p>
<p> Revs			 372.6		    278.2</p>
<p>Avg shrs</p>
<p>(All data above 000s except per share numbers)</p>
<p>NOTE:  The net losses for both periods of the prior year reflect a $7.2 million one-time charge from the reduction in carrying value on ARI's Houston property in anticipation of its sale.</p>
<p>Full name of company is American Rice Inc.</p>
</text>
<copyright>(c) Reuters Limited 1997</copyright>
<metadata>
<codes class="bip:countries:1.0">
  <code code="USA">
    <editdetail attribution="Reuters BIP Coding Group" action="confirmed" date="1997-02-07"/>
  </code>
</codes>
<codes class="bip:topics:1.0">
  <code code="C15">
    <editdetail attribution="Reuters BIP Coding Group" action="confirmed" date="1997-02-07"/>
  </code>
  <code code="C151">
    <editdetail attribution="Reuters BIP Coding Group" action="confirmed" date="1997-02-07"/>
  </code>
  <code code="CCAT">
    <editdetail attribution="Reuters BIP Coding Group" action="confirmed" date="1997-02-07"/>
  </code>
</codes>
<dc element="dc.date.created" value="1997-02-06"/>
<dc element="dc.publisher" value="Reuters Holdings Plc"/>
<dc element="dc.date.published" value="1997-02-07"/>
<dc element="dc.source" value="Reuters"/>
<dc element="dc.creator.location" value="HOUSTON"/>
<dc element="dc.creator.location.country.name" value="USA"/>
<dc element="dc.source" value="Reuters"/>
</metadata>
</newsitem>
