<?xml version="1.0" encoding="iso-8859-1" ?>
<newsitem itemid="807256" id="root" date="1997-08-18" xml:lang="en">
<title>AUSTRALIA: GMAC Australia debt issue priced 42 bp over.</title>
<headline>GMAC Australia debt issue priced 42 bp over.</headline>
<dateline>SYDNEY 1997-08-18</dateline>
<text>
<p>General Motors Acceptance Corporation Australia's debut A$100 million medium-term note (MTN) issue has been priced at 42 basis points over the November 2001 government bond, lead manager Westpac Banking Corporation said on Monday.</p>
<p>The notes, which were issued off GMAC's recently established MTN programme, mature Novemer 15, 2001 and carry a coupon of 6.25 percent.</p>
<p>The issue was priced to yield 6.275 percent, while the settlement date is August 21.  </p>
<p>The issuer is 100 percent owned subsidiary of General Motors Acceptance Corporation.</p>
<p>The parent guarantees the notes issued under the programme and carry a long-term debt rating from Standard &amp; Poor's of A minus, while Moody's Investors Service rated the programme A3.</p>
<p>Co-managers are ANZ Banking Group, Commonwealth Bank of Australia, Citisecurities Ltd, National Australia Bank and SBC Warburg Australia.</p>
<p>-- Sydney Newsroom 61-2 9373-1800</p>
</text>
<copyright>(c) Reuters Limited 1997</copyright>
<metadata>
<codes class="bip:countries:1.0">
  <code code="AUSTR">
    <editdetail attribution="Reuters BIP Coding Group" action="confirmed" date="1997-08-18"/>
  </code>
  <code code="USA">
    <editdetail attribution="Reuters BIP Coding Group" action="confirmed" date="1997-08-18"/>
  </code>
</codes>
<codes class="bip:industries:1.0">
  <code code="I35101">
    <editdetail attribution="Reuters BIP Coding Group" action="confirmed" date="1997-08-18"/>
  </code>
  <code code="I81501">
    <editdetail attribution="Reuters BIP Coding Group" action="confirmed" date="1997-08-18"/>
  </code>
</codes>
<codes class="bip:topics:1.0">
  <code code="C17">
    <editdetail attribution="Reuters BIP Coding Group" action="confirmed" date="1997-08-18"/>
  </code>
  <code code="C172">
    <editdetail attribution="Reuters BIP Coding Group" action="confirmed" date="1997-08-18"/>
  </code>
  <code code="CCAT">
    <editdetail attribution="Reuters BIP Coding Group" action="confirmed" date="1997-08-18"/>
  </code>
</codes>
<dc element="dc.date.created" value="1997-08-18"/>
<dc element="dc.publisher" value="Reuters Holdings Plc"/>
<dc element="dc.date.published" value="1997-08-18"/>
<dc element="dc.source" value="Reuters"/>
<dc element="dc.creator.location" value="SYDNEY"/>
<dc element="dc.creator.location.country.name" value="AUSTRALIA"/>
<dc element="dc.source" value="Reuters"/>
</metadata>
</newsitem>
