<?xml version="1.0" encoding="iso-8859-1" ?>
<newsitem itemid="275359" id="root" date="1996-12-24" xml:lang="en">
<title>NETHERLANDS: IHC Caland won order worth $125 million.</title>
<headline>IHC Caland won order worth $125 million.</headline>
<dateline>SCHIEDAM, Netherlands 1996-12-24</dateline>
<text>
<p>Shipbuilding and engineering group IHC Caland NV said on Tuesday a consortium consisting of Kvaerner Oil&amp;Gas and IHC unit SBM Inc had won an order to build a floating production and storage system for Australia's Woodside Offshore Petroleum.</p>
<p>&quot;Of the total contract sum of about $420 million, some $125 million is for SBM Inc,&quot; IHC Caland said in a statement.  </p>
<p>The floating production and storage system will be the world's largest and is due to start operations by the end of 1998 in the Laminaria and Corallina oil reservoirs in the Timor Sea off north-western Australia.</p>
<p>The barge will have daily production capacity of roughly 170,000 barrels and will be able to store about 1.4 million barrels.</p>
<p>With a length of 273 metres, a beam of 50 metres and a draught of 28 metres it will be the largest production vessel designed to date, IHC Caland said.</p>
<p>-- Amsterdam newsroom +31 20 504 5000, Fax +31 20 504 5040</p>
</text>
<copyright>(c) Reuters Limited 1996</copyright>
<metadata>
<codes class="bip:countries:1.0">
  <code code="AUSTR">
    <editdetail attribution="Reuters BIP Coding Group" action="confirmed" date="1996-12-24"/>
  </code>
  <code code="NETH">
    <editdetail attribution="Reuters BIP Coding Group" action="confirmed" date="1996-12-24"/>
  </code>
  <code code="NORW">
    <editdetail attribution="Reuters BIP Coding Group" action="confirmed" date="1996-12-24"/>
  </code>
</codes>
<codes class="bip:industries:1.0">
  <code code="I13000">
    <editdetail attribution="Reuters BIP Coding Group" action="confirmed" date="1996-12-24"/>
  </code>
  <code code="I1300003">
    <editdetail attribution="Reuters BIP Coding Group" action="confirmed" date="1996-12-24"/>
  </code>
  <code code="I32000">
    <editdetail attribution="Reuters BIP Coding Group" action="confirmed" date="1996-12-24"/>
  </code>
  <code code="I36101">
    <editdetail attribution="Reuters BIP Coding Group" action="confirmed" date="1996-12-24"/>
  </code>
  <code code="I50200">
    <editdetail attribution="Reuters BIP Coding Group" action="confirmed" date="1996-12-24"/>
  </code>
  <code code="I5020022">
    <editdetail attribution="Reuters BIP Coding Group" action="confirmed" date="1996-12-24"/>
  </code>
</codes>
<codes class="bip:topics:1.0">
  <code code="C24">
    <editdetail attribution="Reuters BIP Coding Group" action="confirmed" date="1996-12-24"/>
  </code>
  <code code="C33">
    <editdetail attribution="Reuters BIP Coding Group" action="confirmed" date="1996-12-24"/>
  </code>
  <code code="CCAT">
    <editdetail attribution="Reuters BIP Coding Group" action="confirmed" date="1996-12-24"/>
  </code>
</codes>
<dc element="dc.date.created" value="1996-12-24"/>
<dc element="dc.publisher" value="Reuters Holdings Plc"/>
<dc element="dc.date.published" value="1996-12-24"/>
<dc element="dc.source" value="Reuters"/>
<dc element="dc.creator.location" value="SCHIEDAM, Netherlands"/>
<dc element="dc.creator.location.country.name" value="NETHERLANDS"/>
<dc element="dc.source" value="Reuters"/>
</metadata>
</newsitem>
