<?xml version="1.0" encoding="iso-8859-1" ?>
<newsitem itemid="285169" id="root" date="1997-01-03" xml:lang="en">
<title>ZIMBABWE: PRESS DIGEST - Zimbabwe - Jan 3.</title>
<headline>PRESS DIGEST - Zimbabwe - Jan 3.</headline>
<dateline>HARARE 1997-01-03</dateline>
<text>
<p>These are the leading stories in the Zimbabwean press on Friday.</p>
<p>Reuters has not verified these stories and does not vouch for their accuracy.</p>
<p>- - - -</p>
<p>ZIMBABWE INDEPENDENT</p>
<p>- Officials confiscated a 275-kg (600-pound) consignment of marijuana on Zimbabwe's national cargo carrier Affretair at Amsterdam's Schipol airport. They said the shipment appeared to be part of a &quot;well-organised&quot; drug export operation.</p>
<p>- A U.S.-listed mining company, Casmyn Corp, is considering parallel listing in Zimbabwe this year, its president, chairman and chief executive Amyn Dahya said in London. The Nevada-based company owns 100 percent of the Turk mine in Zimbabwe.</p>
<p>- Commercial production of platinum at Zimbabwe's Hartley Mine has been deferred for six months because of a number of problems which have increased the initial investment capital budget to about Z$2.9 billion. The mine is a joint venture between Australian mining giants Broken Hill Proprietary Ltd and Delta Gold NL.</p>
<p>- - - -</p>
<p>THE HERALD</p>
<p>- Zimbabwean President Robert Mugabe said black commercial farmers who do not fully use their farms risked losing them, because the government's acquisition of under-used land was not confined to white-owned properties.</p>
<p>- Ten people were killed and 87 others hurt in 163 vehicle crashes around Zimbabwe on New Year's Eve and January 1, police said.</p>
<p>- More than 163,000 tourists visited Zimbabwe during the just-ended Christmas holidays.</p>
<p>-- Harare Newsroom: +263-4 72 52 28/9</p>
</text>
<copyright>(c) Reuters Limited 1997</copyright>
<metadata>
<codes class="bip:countries:1.0">
  <code code="ZIMBAB">
    <editdetail attribution="Reuters BIP Coding Group" action="confirmed" date="1997-01-03"/>
  </code>
</codes>
<codes class="bip:topics:1.0">
  <code code="GCAT">
    <editdetail attribution="Reuters BIP Coding Group" action="confirmed" date="1997-01-03"/>
  </code>
</codes>
<dc element="dc.date.created" value="1997-01-03"/>
<dc element="dc.publisher" value="Reuters Holdings Plc"/>
<dc element="dc.date.published" value="1997-01-03"/>
<dc element="dc.source" value="Reuters"/>
<dc element="dc.creator.location" value="HARARE"/>
<dc element="dc.creator.location.country.name" value="ZIMBABWE"/>
<dc element="dc.source" value="Reuters"/>
</metadata>
</newsitem>
