<?xml version="1.0" encoding="iso-8859-1" ?>
<newsitem itemid="582361" id="root" date="1997-05-14" xml:lang="en">
<title>MEXICO: RESEARCH ALERT-TMM begun as long-term buy.</title>
<headline>RESEARCH ALERT-TMM begun as long-term buy.</headline>
<dateline>MEXICO CITY 1997-05-14</dateline>
<text>
<p>Flemings Research said on Wednesday it had started coverage of Mexican transport company Transportes Maritimos Mexicanos (TMM) with a long-term buy rating.</p>
<p>Analyst Terry Sigler said in a report the company is in the process of transforming itself into a regional inter-modal transportation company, a move which should translate into higher gross margins.</p>
<p>He said the company has also re-focused its business on Latin America.</p>
<p>TMM's share price is also currently trading near an all-time low, having fallen sharply after the firm took on debt to win a bid for Mexico's Northeast Railway.</p>
<p>But Sigler said the company should easily meet its debt obligations related to the new venture.</p>
<p>(( -- Mexico City newsroom +525 728-9565))</p>
</text>
<copyright>(c) Reuters Limited 1997</copyright>
<metadata>
<codes class="bip:countries:1.0">
  <code code="MEX">
    <editdetail attribution="Reuters BIP Coding Group" action="confirmed" date="1997-05-14"/>
  </code>
</codes>
<codes class="bip:industries:1.0">
  <code code="I74000">
    <editdetail attribution="Reuters BIP Coding Group" action="confirmed" date="1997-05-14"/>
  </code>
</codes>
<codes class="bip:topics:1.0">
  <code code="C15">
    <editdetail attribution="Reuters BIP Coding Group" action="confirmed" date="1997-05-14"/>
  </code>
  <code code="C152">
    <editdetail attribution="Reuters BIP Coding Group" action="confirmed" date="1997-05-14"/>
  </code>
  <code code="CCAT">
    <editdetail attribution="Reuters BIP Coding Group" action="confirmed" date="1997-05-14"/>
  </code>
</codes>
<dc element="dc.date.created" value="1997-05-14"/>
<dc element="dc.publisher" value="Reuters Holdings Plc"/>
<dc element="dc.date.published" value="1997-05-14"/>
<dc element="dc.source" value="Reuters"/>
<dc element="dc.creator.location" value="MEXICO CITY"/>
<dc element="dc.creator.location.country.name" value="MEXICO"/>
<dc element="dc.source" value="Reuters"/>
</metadata>
</newsitem>
