<?xml version="1.0" encoding="iso-8859-1" ?>
<newsitem itemid="359176" id="root" date="1997-02-05" xml:lang="en">
<title>FRANCE: FRANCE-COMMUNICATION-CGE-HAVAS-MESSIER.</title>
<headline>FRANCE-COMMUNICATION-CGE-HAVAS-MESSIER.</headline>
<text>
<p>PARIS, 5 fvrier, Reuter - Le prsident de la Compagnie Gnrale des Eaux, Jean-Marie Messier, a dclar mercredi vouloir crer un grand groupe de communication franais, dot d'un actionariat stable et capable de rivaliser avec ses concurrents mondiaux.</p>
<p>&quot;Ce que nous essayons de faire c'est d'avoir un groupe de communication franais capable de rivaliser avec ses concurrents mondiaux (...) et qui soit perenne, sans actionnaire qui change tous les deux ans&quot;, a-t-il dit  la suite d'une audition au Snat.</p>
<p>&quot;La vraie bataille se livre sur le march international&quot;, a-t-il soulign en ajoutant qu'&quot;un groupe de communication qui ne serait pas capable de matriser le contenu, la production et la diffusion serait un groupe fragile.&quot;</p>
<p>Jean-Marie Messier a estim qu'&quot;il faudrait se mfier d'un groupe sans culture dominante&quot;. &quot;A partir d'un groupe d'identit franaise, nous avons la possibilit de favoriser l'expansion de l'identit franaise&quot;, a-t-il dit.</p>
<p>&quot;Ce que nous souhaitons faire dans les annes qui viennent (...) c'est arriver  promouvoir un certain nombre de produits de culture franaise comme un chane thmatique ralise par Canal Plus, base sur l'art de vivre franais.&quot;</p>
<p>&quot;Nous essaierons de mettre autour de sa table la plupart des industriels franais qui pourront bnficier de la promotion de cet art de vivre sur les marchs amricain ou asiatique.&quot;</p>
<p>Havas et la Compagnie Gnrale des Eaux mnent actuellement des discussions au sujet de leurs participations dans l'audiovisuel et essentiellement dans Canal+.</p>
<p>Le rsultat de ces discussions devrait tre rendu public jeudi. /RS</p>
</text>
<copyright>(c) Reuters Limited 1997</copyright>
<metadata>
<codes class="bip:countries:1.0">
  <code code="FRA">
    <editdetail attribution="Reuters BIP Coding Group" action="confirmed" date="1997-02-05"/>
  </code>
</codes>
<dc element="dc.publisher" value="Reuters Holdings Plc"/>
<dc element="dc.date.published" value="1997-02-05"/>
<dc element="dc.source" value="Reuters"/>
<dc element="dc.creator.location.country.name" value="FRANCE"/>
<dc element="dc.source" value="Reuters"/>
</metadata>
</newsitem>
