<?xml version="1.0" encoding="iso-8859-1" ?>
<newsitem itemid="449767" id="root" date="1997-03-18" xml:lang="en">
<title>BULGARIA: Bulgaria M1 up 4.29 pct, M2 down 3.25 pct in week.</title>
<headline>Bulgaria M1 up 4.29 pct, M2 down 3.25 pct in week.</headline>
<dateline>SOFIA 1997-03-18</dateline>
<text>
<p>Bulgarian M1 money supply rose to 398.9 billion levs on March 7 from 382.5 billion levs a week earlier and M2 fell to 3,094.2 billion levs from 3,198 billion levs, preliminary central bank figures showed.</p>
<p>Total broad money decreased 3.25 percent to 3,332.6 billion levs in the week to March 7.</p>
<p>Lev-denominated broad money rose 4.17 percent to 876.2 billion levs while dollar-denominated broad money fell 5.65 percent to 2,456.4 billion levs.</p>
<p>Hard currency-denominated deposits of companies totalled $760.1 million on March 7, up from $695.8 million a week earlier, while individuals' foreign currency deposits rose by $2.8 million to $464 million, figures showed.</p>
<p>Lev-denominated deposits of individuals edged up to 77.5 billion levs on March 7 from 76.6 billion levs the week before.</p>
<p>The lev rose to 1,825.0 to the dollar on March 7 in the central bank fixing used in the calculations from 2,045.5 on February 28. -- Anastas Petrov, Sofia Newsroom, (++359-2) 981 8569</p>
</text>
<copyright>(c) Reuters Limited 1997</copyright>
<metadata>
<codes class="bip:countries:1.0">
  <code code="BUL">
    <editdetail attribution="Reuters BIP Coding Group" action="confirmed" date="1997-03-18"/>
  </code>
</codes>
<codes class="bip:topics:1.0">
  <code code="E12">
    <editdetail attribution="Reuters BIP Coding Group" action="confirmed" date="1997-03-18"/>
  </code>
  <code code="E121">
    <editdetail attribution="Reuters BIP Coding Group" action="confirmed" date="1997-03-18"/>
  </code>
  <code code="ECAT">
    <editdetail attribution="Reuters BIP Coding Group" action="confirmed" date="1997-03-18"/>
  </code>
</codes>
<dc element="dc.date.created" value="1997-03-18"/>
<dc element="dc.publisher" value="Reuters Holdings Plc"/>
<dc element="dc.date.published" value="1997-03-18"/>
<dc element="dc.source" value="Reuters"/>
<dc element="dc.creator.location" value="SOFIA"/>
<dc element="dc.creator.location.country.name" value="BULGARIA"/>
<dc element="dc.source" value="Reuters"/>
</metadata>
</newsitem>
