<?xml version="1.0" encoding="iso-8859-1" ?>
<newsitem itemid="132098" id="root" date="1996-10-21" xml:lang="en">
<title>JAPAN: Short-term profit hunting lifts Shinko Elec shares.</title>
<headline>Short-term profit hunting lifts Shinko Elec shares.</headline>
<dateline>TOKYO 1996-10-21</dateline>
<text>
<p>Shares in Shinko Electric Co Ltd were higher in quiet, early afternoon Monday trade, lifted by investors out for short-term profits, brokers said.</p>
<p>As of 0430 GMT the shares, the most heavily traded issue in the first section of the Tokyo Stock Exchange with a volume of 3.799 million shares, were 10 yen higher at 598 yen.</p>
<p>Brokers said the expiry date for six-month margin transactions logged in April had passed, making it easier for investors to trade the shares.</p>
<p>They added that although Japan's general elections were over, the market has retreated into a wait-and-see mood and that investors have no choice but to shuffle incentive-backed shares around to obtain profits.</p>
</text>
<copyright>(c) Reuters Limited 1996</copyright>
<metadata>
<codes class="bip:countries:1.0">
  <code code="JAP">
    <editdetail attribution="Reuters BIP Coding Group" action="confirmed" date="1996-10-21"/>
  </code>
</codes>
<codes class="bip:industries:1.0">
  <code code="I34531">
    <editdetail attribution="Reuters BIP Coding Group" action="confirmed" date="1996-10-21"/>
  </code>
</codes>
<codes class="bip:topics:1.0">
  <code code="C15">
    <editdetail attribution="Reuters BIP Coding Group" action="confirmed" date="1996-10-21"/>
  </code>
  <code code="C152">
    <editdetail attribution="Reuters BIP Coding Group" action="confirmed" date="1996-10-21"/>
  </code>
  <code code="CCAT">
    <editdetail attribution="Reuters BIP Coding Group" action="confirmed" date="1996-10-21"/>
  </code>
</codes>
<dc element="dc.date.created" value="1996-10-21"/>
<dc element="dc.publisher" value="Reuters Holdings Plc"/>
<dc element="dc.date.published" value="1996-10-21"/>
<dc element="dc.source" value="Reuters"/>
<dc element="dc.creator.location" value="TOKYO"/>
<dc element="dc.creator.location.country.name" value="JAPAN"/>
<dc element="dc.source" value="Reuters"/>
</metadata>
</newsitem>
