<?xml version="1.0" encoding="iso-8859-1" ?>
<newsitem itemid="375130" id="root" date="1997-02-13" xml:lang="en">
<title>POLAND: Krosno expects 1997 flat at PLN 10.1 mln.</title>
<headline>Krosno expects 1997 flat at PLN 10.1 mln.</headline>
<dateline>WARSAW 1997-02-13</dateline>
<text>
<p>Polish glassmaker Krosno SA expects its 1997 net profit to stay flat at 10.1 million zlotys because of a deteriorating economic climate for exporters, the company said in a statement on Thursday.</p>
<p>Krosno said an increase in profits would be hard to achieve despite an expected increase of sales to 213 million zlotys next year from 179.7 million in 1996.</p>
<p>The inflation-driven growth of costs was seen at 15 percent in the overall economy next year and at between 18 and 20 percent for some raw materials, while zloty devaluation against a basket of foreign currencies was forecast at five percent, it said.</p>
<p>&quot;The pace of zloty devaluation is not fast enough to make up for the growth of domestic prices (of raw materials). With 50 percent of export, such a policy...is a barrier for further intensive growth of the company,&quot; it said.</p>
<p>Krosno said it did not plan to lower its exports because of low demand of the domestic market for its products.</p>
<p>-- Warsaw Newsroom +48 22 653 9700</p>
</text>
<copyright>(c) Reuters Limited 1997</copyright>
<metadata>
<codes class="bip:countries:1.0">
  <code code="POL">
    <editdetail attribution="Reuters BIP Coding Group" action="confirmed" date="1997-02-13"/>
  </code>
</codes>
<codes class="bip:industries:1.0">
  <code code="I24700">
    <editdetail attribution="Reuters BIP Coding Group" action="confirmed" date="1997-02-13"/>
  </code>
</codes>
<codes class="bip:topics:1.0">
  <code code="C15">
    <editdetail attribution="Reuters BIP Coding Group" action="confirmed" date="1997-02-13"/>
  </code>
  <code code="C152">
    <editdetail attribution="Reuters BIP Coding Group" action="confirmed" date="1997-02-13"/>
  </code>
  <code code="CCAT">
    <editdetail attribution="Reuters BIP Coding Group" action="confirmed" date="1997-02-13"/>
  </code>
</codes>
<dc element="dc.date.created" value="1997-02-13"/>
<dc element="dc.publisher" value="Reuters Holdings Plc"/>
<dc element="dc.date.published" value="1997-02-13"/>
<dc element="dc.source" value="Reuters"/>
<dc element="dc.creator.location" value="WARSAW"/>
<dc element="dc.creator.location.country.name" value="POLAND"/>
<dc element="dc.source" value="Reuters"/>
</metadata>
</newsitem>
