<?xml version="1.0" encoding="iso-8859-1" ?>
<newsitem itemid="420110" id="root" date="1997-03-05" xml:lang="en">
<title>USA: Crystal Oil Co Q4 net per share rises.</title>
<headline>Crystal Oil Co Q4 net per share rises.</headline>
<dateline>SHREVEPORT, La. 1997-03-05</dateline>
<text>
<p>Three Months Ended	   Year Ended</p>
<p>			     Dec. 31,		   Dec. 31,</p>
<p>			    1996	1995	  1996	  1995</p>
<p> Revenues (1)   $4,416,000 $4,112,000 $17,206,000 $11,518,000</p>
<p>Income from operations</p>
<p>before provision</p>
<p>for income taxes</p>
<p>			 926,000    760,000   4,063,000   2,366,000</p>
<p> Net Income	  565,000    425,000   2,473,000   1,404,000</p>
<p>Income per common and</p>
<p>common equivalent</p>
<p>  share		    .21	  .16	   .91	   .52</p>
<p>Weighted average of</p>
<p>common and common</p>
<p>equivalent shares</p>
<p>  outstanding    2,728,000  2,709,000   2,728,000   2,703,000</p>
<p>NOTE: 1995 results reflect revenues and expenses relating to the acquisition of First Reserve Gas Co, from June 19, 1995, the date of ownership, to Dec. 31, 1995.</p>
</text>
<copyright>(c) Reuters Limited 1997</copyright>
<metadata>
<codes class="bip:countries:1.0">
  <code code="USA">
    <editdetail attribution="Reuters BIP Coding Group" action="confirmed" date="1997-03-05"/>
  </code>
</codes>
<codes class="bip:industries:1.0">
  <code code="I13000">
    <editdetail attribution="Reuters BIP Coding Group" action="confirmed" date="1997-03-05"/>
  </code>
  <code code="I1300003">
    <editdetail attribution="Reuters BIP Coding Group" action="confirmed" date="1997-03-05"/>
  </code>
</codes>
<codes class="bip:topics:1.0">
  <code code="C15">
    <editdetail attribution="Reuters BIP Coding Group" action="confirmed" date="1997-03-05"/>
  </code>
  <code code="C151">
    <editdetail attribution="Reuters BIP Coding Group" action="confirmed" date="1997-03-05"/>
  </code>
  <code code="C1511">
    <editdetail attribution="Reuters BIP Coding Group" action="confirmed" date="1997-03-05"/>
  </code>
  <code code="CCAT">
    <editdetail attribution="Reuters BIP Coding Group" action="confirmed" date="1997-03-05"/>
  </code>
</codes>
<dc element="dc.date.created" value="1997-03-05"/>
<dc element="dc.publisher" value="Reuters Holdings Plc"/>
<dc element="dc.date.published" value="1997-03-05"/>
<dc element="dc.source" value="Reuters"/>
<dc element="dc.creator.location" value="SHREVEPORT, La."/>
<dc element="dc.creator.location.country.name" value="USA"/>
<dc element="dc.source" value="Reuters"/>
</metadata>
</newsitem>
