<?xml version="1.0" encoding="iso-8859-1" ?>
<newsitem itemid="484549" id="root" date="1997-04-03" xml:lang="en">
<title>USA: FINAL PRICING -- King County, Wash..</title>
<headline>FINAL PRICING -- King County, Wash..</headline>
<text>
<p>KING COUNTY, WASHINGTON</p>
<p>RE: $176,000,000 LIMITED TAX GENERAL OBLIGATION BONDS</p>
<p>1997 SERIES B AND C</p>
<p>WRITTEN AWARD.</p>
<p>DELIVERY IS FIRM FOR THE APRIL 17, 1997.</p>
<p>					    151,000,000*</p>
<p>					   1997 SERIES B</p>
<p>					  BASEBALL STADIUM</p>
<p>MOODY'S: Aa1		   S&amp;P: AA+</p>
<p>DATED: 04/01/1997	    FIRST COUPON: 12/01/1997</p>
<p>DUE: 12/01</p>
<p> MATURITY		AMOUNT*    COUPON	   PRICE</p>
<p>12/01/2011	     11,315M    5.75  %	100.00</p>
<p>12/01/2012	     28,210M    5.80  %	100.00</p>
<p>12/01/2013	     31,515M    5.85  %	100.00</p>
<p>12/01/2014	     35,100M    5.90  %	100.00</p>
<p>12/01/2015	     39,000M    6.625 %	  5.875</p>
<p>			(Approx. $ PTC   12/01/2009  106.61)</p>
<p>12/01/2016		5,860M    6.00  %	100.00</p>
<p>CALL FEATURES: 12/01/2007    102.00</p>
<p>		   DTP 12/01/2009</p>
<p>THE BONDS ARE SUBJECT TO EXTRAORDINARY MANDATORY REDEMPTION, IN WHOLE BUT NOT IN PART, ON OR BEFORE SEPTEMBER 11,1997 (OR SUCH LATER DATE DETERMINED IN ACCORDANCE WITH THE BOND ORDINANCE) AS FURTHER DESCRIBED IN THE P.O.S. IF THE BONDS ARE CALLED VIA THE EXTRAORDINARY REDEMPTION THEY WILL BE CALLED AT THE DOLLAR PRICE AT WHICH THEY WERE ISSUED.</p>
<p>----------------------------------------------------------------</p>
<p>					    25,000,000*</p>
<p>					  SERIES C TAXABLE</p>
<p>				   STADIUM PARKING FACILITIES</p>
<p>ATTENTION</p>
<p>THE BONDS ARE TAXABLE MUNICIPAL SECURITIES AND THIS OFFERING IS SUBJECT TO REGULATION BY MUNICIPAL SECURITIES RULE MAKING BOARD.  ALL ACTIVITY UNDERTAKEN WITH RESPECT TO THIS OFFERING MUST BE SUPERVISED BY A MUNICIPAL SECURITY PRINCIPAL.</p>
<p>MOODY'S: Aa1		   S&amp;P: AA+</p>
<p>DATED: 04/01/1997	    FIRST COUPON: 12/01/1997</p>
<p>DUE: 12/01</p>
<p>ALL BONDS ARE PRICED AT PAR.</p>
<p> MATURITY		AMOUNT*    COUPON</p>
<p>12/01/2000		  445M    7.06  %</p>
<p>12/01/2001		  400M    7.18  %</p>
<p>12/01/2002		  495M    7.27  %</p>
<p>12/01/2003		  595M    7.41  %</p>
<p>12/01/2004		  710M    7.51  %</p>
<p>12/01/2005		  830M    7.55  %</p>
<p>12/01/2006		  965M    7.55  %</p>
<p>12/01/2007		1,115M    7.59  %</p>
<p>12/01/2008		1,275M    7.64  %</p>
<p>12/01/2009		1,450M    7.69  %</p>
<p>12/01/2010		1,645M    7.74  %</p>
<p>12/01/2011		1,855M    7.79  %</p>
<p>12/01/2016	     13,220M    8.12  %</p>
<p>				   -------------------------</p>
<p>					TAXABLE INFORMATION</p>
<p> MATURITY	TREASURY   SPREAD VS. TREASURY</p>
<p>		    YIELD</p>
<p>12/01/2000	 6.66	+40</p>
<p>12/01/2001	 6.73	+45</p>
<p>12/01/2002	 6.77	+50</p>
<p>12/01/2003	 6.86	+55</p>
<p>12/01/2004	 6.91	+60</p>
<p>12/01/2005	 6.92	+63</p>
<p>12/01/2006	 6.89	+66</p>
<p>12/01/2007	 6.89	+70</p>
<p>12/01/2008	 6.89	+75</p>
<p>12/01/2009	 6.89	+80</p>
<p>12/01/2010	 6.89	+85</p>
<p>12/01/2011	 6.89	+90</p>
<p>12/01/2016	 7.12     +100</p>
<p>CALL FEATURES: 12/01/2007    102.00</p>
<p>		   DTP 12/01/2009</p>
<p>THE BONDS ARE SUBJECT TO EXTRAORDINARY MANDATORY REDEMPTION, IN WHOLE BUT NOT IN PART, ON OR BEFORE SEPTEMBER 11,1997 (OR SUCH LATER DATE DETERMINED IN ACCORDANCE WITH THE BOND ORDINANCE) AS FURTHER DESCRIBED IN THE P.O.S. IF THE BONDS ARE CALLED VIA THE EXTRAORDINARY REDEMPTION THEY WILL BE CALLED AT THE DOLLAR PRICE AT WHICH THEY WERE ISSUED.</p>
<p>The compliance addendum MSRB Rule G-11 will apply.</p>
<p>This issue is book entry through DTC.</p>
<p>Smith Barney Inc.		  50%</p>
<p>J.P. Morgan Securities Inc.    25%</p>
<p>E.J. De La Rosa &amp; Co., Inc.    12.5%</p>
<p>Siebert, Brandford, Shank &amp; Co. 12.5% --U.S. Municipal Desk, 212-859-1650</p>
</text>
<copyright>(c) Reuters Limited 1997</copyright>
<metadata>
<codes class="bip:countries:1.0">
  <code code="USA">
    <editdetail attribution="Reuters BIP Coding Group" action="confirmed" date="1997-04-03"/>
  </code>
</codes>
<codes class="bip:topics:1.0">
  <code code="E21">
    <editdetail attribution="Reuters BIP Coding Group" action="confirmed" date="1997-04-03"/>
  </code>
  <code code="E212">
    <editdetail attribution="Reuters BIP Coding Group" action="confirmed" date="1997-04-03"/>
  </code>
  <code code="ECAT">
    <editdetail attribution="Reuters BIP Coding Group" action="confirmed" date="1997-04-03"/>
  </code>
</codes>
<dc element="dc.publisher" value="Reuters Holdings Plc"/>
<dc element="dc.date.published" value="1997-04-03"/>
<dc element="dc.source" value="Reuters"/>
<dc element="dc.creator.location.country.name" value="USA"/>
<dc element="dc.source" value="Reuters"/>
</metadata>
</newsitem>
