<?xml version="1.0" encoding="iso-8859-1" ?>
<newsitem itemid="766035" id="root" date="1997-07-30" xml:lang="en">
<title>BOSNIA: PRESS DIGEST - Bosnia - July 30.</title>
<headline>PRESS DIGEST - Bosnia - July 30.</headline>
<dateline>SARAJEVO 1997-07-30</dateline>
<text>
<p>These are the highlights in the Bosnian press on Wednesday. Reuter has not verified these stories and does not vouch for their accuracy.</p>
<p>DNEVNI AVAZ</p>
<p>- Croat member of collective presidency, Kresimir Zubak, said he agrees with British Foreign Minister Robin Cook that all revenues and expenditures in Bosnia must be transparent and reported publicly.</p>
<p>- Zubak says he informed the British foreign minister about accelerated return of Croat refugees to central Bosnia.</p>
<p>- Deputies of Bosnia's House of Peoples adopted laws on protection of domestic production against imports and law on product quality control.</p>
<p>- State television editor-in-chief, Esad Cerovic, says the company's main board had adopted a draft law which would create a network covering both Serb and Moslem-Croat entities with two channels, one public and one commerical.</p>
<p>- Drago Bilandzija, federation minister of finance, says custom benefits will probably be revoked in September by the federation parliament.</p>
<p>- Federation banking agency says 40 percent of the banks in the Moslem-Croat federation lack minimum capital reserves of 2.5 million German marks ($1.4 million).</p>
<p>- Banking agency president Izudin Kesetovic says some 50 banks which are violating legal regulations will be closed down.</p>
<p>- The commander of the NATO-led Stabilisation Force, General William Crouch, is due to hand over his duties to General Eric Shinseki in a ceremony in Sarajevo on Wednesday.</p>
<p>OSLOBODJENJE</p>
<p>- Foreign ministar Jadranko Prlic says the collective presidency should reach an agreement on the distribution of diplomatic posts by Thursday.</p>
<p>- U.N. High Commissioner for Refugees special envoy for former Yugoslavia, Carrol Faubert, said some 70,000 refugees are expected to return to their homes in Bosnia by the end of July.</p>
<p>- Faubert said most of refugees are returning to the Moslem-Croat federation, and few to the Serb entity. --Sarajevo newsroom, +387-71-663-864</p>
</text>
<copyright>(c) Reuters Limited 1997</copyright>
<metadata>
<codes class="bip:countries:1.0">
  <code code="BSHZG">
    <editdetail attribution="Reuters BIP Coding Group" action="confirmed" date="1997-07-30"/>
  </code>
</codes>
<codes class="bip:topics:1.0">
  <code code="GCAT">
    <editdetail attribution="Reuters BIP Coding Group" action="confirmed" date="1997-07-30"/>
  </code>
</codes>
<dc element="dc.date.created" value="1997-07-30"/>
<dc element="dc.publisher" value="Reuters Holdings Plc"/>
<dc element="dc.date.published" value="1997-07-30"/>
<dc element="dc.source" value="Reuters"/>
<dc element="dc.creator.location" value="SARAJEVO"/>
<dc element="dc.creator.location.country.name" value="BOSNIA"/>
<dc element="dc.source" value="Reuters"/>
</metadata>
</newsitem>
