<?xml version="1.0" encoding="iso-8859-1" ?>
<newsitem itemid="526557" id="root" date="1997-04-21" xml:lang="en">
<title>HONG KONG: Trade in Jilin Chemical shrs suspended.</title>
<headline>Trade in Jilin Chemical shrs suspended.</headline>
<dateline>HONG KONG 1997-04-21</dateline>
<text>
<p>Trading in shares of H share company Jilin Chemical Industrial Co was suspended on Monday morning at the company's request pending an announcement, the Hong Kong stock exchange said.  </p>
<p>Shares of the Chinese chemical company rose HK$0.02 to close at HK$0.99 on Friday.</p>
<p>The company is expected to announce its 1996 results on Monday.</p>
<p>-- Hong Kong newsroom (852) 2843 6369</p>
</text>
<copyright>(c) Reuters Limited 1997</copyright>
<metadata>
<codes class="bip:countries:1.0">
  <code code="HKONG">
    <editdetail attribution="Reuters BIP Coding Group" action="confirmed" date="1997-04-21"/>
  </code>
</codes>
<codes class="bip:industries:1.0">
  <code code="I25000">
    <editdetail attribution="Reuters BIP Coding Group" action="confirmed" date="1997-04-21"/>
  </code>
</codes>
<codes class="bip:topics:1.0">
  <code code="C14">
    <editdetail attribution="Reuters BIP Coding Group" action="confirmed" date="1997-04-21"/>
  </code>
  <code code="C15">
    <editdetail attribution="Reuters BIP Coding Group" action="confirmed" date="1997-04-21"/>
  </code>
  <code code="C152">
    <editdetail attribution="Reuters BIP Coding Group" action="confirmed" date="1997-04-21"/>
  </code>
  <code code="CCAT">
    <editdetail attribution="Reuters BIP Coding Group" action="confirmed" date="1997-04-21"/>
  </code>
</codes>
<dc element="dc.date.created" value="1997-04-21"/>
<dc element="dc.publisher" value="Reuters Holdings Plc"/>
<dc element="dc.date.published" value="1997-04-21"/>
<dc element="dc.source" value="Reuters"/>
<dc element="dc.creator.location" value="HONG KONG"/>
<dc element="dc.creator.location.country.name" value="HONG KONG"/>
<dc element="dc.source" value="Reuters"/>
</metadata>
</newsitem>
