<?xml version="1.0" encoding="iso-8859-1" ?>
<newsitem itemid="56841" id="root" date="1996-09-16" xml:lang="en">
<title>GERMANY: Poll results on German M3 money supply forecasts.</title>
<headline>Poll results on German M3 money supply forecasts.</headline>
<dateline>FRANKFURT 1996-09-16</dateline>
<text>
<p>The following table shows forecasts for August M3 money supply from a Reuter poll of economists. Figures forecast are the annualised growth rate compared with the average fourth quarter of 1995.</p>
<p>    Juergen Stanowsly, Dresdner Bank			  7.8%</p>
<p>    Fritz Engelhard, Vereinsbank				7.9%</p>
<p>    Matthias Haffner, Barclays de Zoete Wedd		8.0%</p>
<p>    Irgeen Rust, WestLB					   8.0%</p>
<p>    Gerhard Grebe, Bank Julius Baer			   8.0%</p>
<p>    Gernot Nerb, Salomon Brothers			     8.0%</p>
<p>    Uwe Angenendt, BHF-Bank				     8.2%</p>
<p>    Adolf Rosenstock, Industrial Bank of Japan	    8.2%</p>
<p>    Thomas Mayer, Goldman Sachs				 8.2%</p>
<p>--Nanna Hepke, Frankfurt Newsroom +49 69 756525</p>
</text>
<copyright>(c) Reuters Limited 1996</copyright>
<metadata>
<codes class="bip:countries:1.0">
  <code code="GFR">
    <editdetail attribution="Reuters BIP Coding Group" action="confirmed" date="1996-09-16"/>
  </code>
</codes>
<codes class="bip:topics:1.0">
  <code code="E12">
    <editdetail attribution="Reuters BIP Coding Group" action="confirmed" date="1996-09-16"/>
  </code>
  <code code="E121">
    <editdetail attribution="Reuters BIP Coding Group" action="confirmed" date="1996-09-16"/>
  </code>
  <code code="ECAT">
    <editdetail attribution="Reuters BIP Coding Group" action="confirmed" date="1996-09-16"/>
  </code>
</codes>
<dc element="dc.date.created" value="1996-09-16"/>
<dc element="dc.publisher" value="Reuters Holdings Plc"/>
<dc element="dc.date.published" value="1996-09-16"/>
<dc element="dc.source" value="Reuters"/>
<dc element="dc.creator.location" value="FRANKFURT"/>
<dc element="dc.creator.location.country.name" value="GERMANY"/>
<dc element="dc.source" value="Reuters"/>
</metadata>
</newsitem>
