<?xml version="1.0" encoding="iso-8859-1" ?>
<newsitem itemid="24595" id="root" date="1996-08-30" xml:lang="en">
<title>INDIA: Indian dollar forward premia - (closing) - Aug 30.</title>
<headline>Indian dollar forward premia - (closing) - Aug 30.</headline>
<dateline>BOMBAY 1996-08-30</dateline>
<text>
<p>Bombay banks quoted the forward premia on dollar at the following rates (in paise):</p>
<p>				TIME (in IST)</p>
<p>	  1100     1200     1300     1400     1500     1600</p>
<p>---------------------------------------------------------------</p>
<p>	 Bid/Ask  Bid/Ask  Bid/Ask  Bid/Ask  Bid/Ask  Bid/Ask</p>
<p>	 -------  -------  -------  -------  -------  -------</p>
<p> Sep -  19/21    20/22    20/21    20/22    20/22    19/20</p>
<p> Oct -  55/58    54/57    53/56    54/57    52/55    52/54</p>
<p> Nov -  84/88    85/89    84/86    85/87    82/86    82/84</p>
<p>Dec - 116/119  115/120  116/119  117/120  115/119  113/116 Jan - 157/161  158/162  157/160  156/159  157/161  155/159 Feb - 192/195  192/195  192/195  190/195  191/196  191/194 Mar - 222/226  225/230  222/225  221/225  222/227  221/224</p>
<p>These indicative rates are based on contributions from ABN Amro, ANZ Grindlays, Andhra Bank, Bank of America, Banque Nationale De Paris, Barclays Bank Ltd, Canara Bank, Citibank, Credit Lyonnais, Deutsche Bank, Dresdner Bank, Global Trust Bank, HDFC Bank, Hongkong Bank, L.C.Raheja, Mashreq Bank, Nucleus Securities, Societe Generale, Standard Chartered Bank, State Bank of India - Calcutta, Syndicate Bank.</p>
<p>For contributions contact Samir Shah on 022-265 9000</p>
</text>
<copyright>(c) Reuters Limited 1996</copyright>
<metadata>
<codes class="bip:countries:1.0">
  <code code="INDIA">
    <editdetail attribution="Reuters BIP Coding Group" action="confirmed" date="1996-08-30"/>
  </code>
</codes>
<codes class="bip:topics:1.0">
  <code code="M13">
    <editdetail attribution="Reuters BIP Coding Group" action="confirmed" date="1996-08-30"/>
  </code>
  <code code="M132">
    <editdetail attribution="Reuters BIP Coding Group" action="confirmed" date="1996-08-30"/>
  </code>
  <code code="MCAT">
    <editdetail attribution="Reuters BIP Coding Group" action="confirmed" date="1996-08-30"/>
  </code>
</codes>
<dc element="dc.date.created" value="1996-08-30"/>
<dc element="dc.publisher" value="Reuters Holdings Plc"/>
<dc element="dc.date.published" value="1996-08-30"/>
<dc element="dc.source" value="Reuters"/>
<dc element="dc.creator.location" value="BOMBAY"/>
<dc element="dc.creator.location.country.name" value="INDIA"/>
<dc element="dc.source" value="Reuters"/>
</metadata>
</newsitem>
