<?xml version="1.0" encoding="iso-8859-1" ?>
<newsitem itemid="285414" id="root" date="1997-01-03" xml:lang="en">
<title>USA: Retix sees lower revenues in Q4.</title>
<headline>Retix sees lower revenues in Q4.</headline>
<dateline>MARINA DEL REY, Calif. 1997-01-03</dateline>
<text>
<p>Retix Inc said it expects its fourth quarter revenues to be lower than those of the third quarter, and of the year-ago fourth quarter.</p>
<p>It also said it expects to report a fourth quarter loss &quot;in line with prior quarters of 1996.&quot; The company has reported losses of $1 million to $1.5 million in the year's prior three quarters. It reported sales of $8.2 million in the 1996 third quarter and $7.6 million in the year-ago fourth quarter.</p>
<p>Retix, which provides data networking products for telecommunications carriers, said the revenue decline came mainly from its Vertel subsidiary, where revenues are expected to be about five percent lower than in the year-ago fourth quarter. Vertel provides network management software.</p>
<p>Retix said the impact of the lower sales on earnings is expected to be partly offset by narrowing losses in its Retix Network Systems and Wireless businesses.</p>
</text>
<copyright>(c) Reuters Limited 1997</copyright>
<metadata>
<codes class="bip:countries:1.0">
  <code code="USA">
    <editdetail attribution="Reuters BIP Coding Group" action="confirmed" date="1997-01-03"/>
  </code>
</codes>
<codes class="bip:industries:1.0">
  <code code="I33020">
    <editdetail attribution="Reuters BIP Coding Group" action="confirmed" date="1997-01-03"/>
  </code>
  <code code="I3302021">
    <editdetail attribution="Reuters BIP Coding Group" action="confirmed" date="1997-01-03"/>
  </code>
</codes>
<codes class="bip:topics:1.0">
  <code code="C15">
    <editdetail attribution="Reuters BIP Coding Group" action="confirmed" date="1997-01-03"/>
  </code>
  <code code="C152">
    <editdetail attribution="Reuters BIP Coding Group" action="confirmed" date="1997-01-03"/>
  </code>
  <code code="CCAT">
    <editdetail attribution="Reuters BIP Coding Group" action="confirmed" date="1997-01-03"/>
  </code>
</codes>
<dc element="dc.date.created" value="1997-01-03"/>
<dc element="dc.publisher" value="Reuters Holdings Plc"/>
<dc element="dc.date.published" value="1997-01-03"/>
<dc element="dc.source" value="Reuters"/>
<dc element="dc.creator.location" value="MARINA DEL REY, Calif."/>
<dc element="dc.creator.location.country.name" value="USA"/>
<dc element="dc.source" value="Reuters"/>
</metadata>
</newsitem>
