<?xml version="1.0" encoding="iso-8859-1" ?>
<newsitem itemid="218740" id="root" date="1996-11-26" xml:lang="en">
<title>SINGAPORE: Sembawang unit in Net security service.</title>
<headline>Sembawang unit in Net security service.</headline>
<dateline>SINGAPORE 1996-11-26</dateline>
<text>
<p>Sembawang Media, a unit of diversified marine conglomerate Sembawang Corp, said on Tuesday it would launch an Internet security service.</p>
<p>The service will be the first Certification Authority (CA) operator in Singapore whereby it will certify the identity of users on the Internet, the company said.</p>
<p>Sembawang Media, which has a stake in one of Singapore's Internet Service Providers, Pacific Internet, will launch the service together with trials of electronic commerce on the Internet by the National Computer Board starting December 1.</p>
<p>In the trials, the company will register users who conduct transactions over the Internet to ensure security in online transactions.</p>
<p>-- Singapore newsroom 65-8703080</p>
</text>
<copyright>(c) Reuters Limited 1996</copyright>
<metadata>
<codes class="bip:countries:1.0">
  <code code="SINGP">
    <editdetail attribution="Reuters BIP Coding Group" action="confirmed" date="1996-11-26"/>
  </code>
</codes>
<codes class="bip:industries:1.0">
  <code code="I33030">
    <editdetail attribution="Reuters BIP Coding Group" action="confirmed" date="1996-11-26"/>
  </code>
  <code code="I36101">
    <editdetail attribution="Reuters BIP Coding Group" action="confirmed" date="1996-11-26"/>
  </code>
</codes>
<codes class="bip:topics:1.0">
  <code code="C22">
    <editdetail attribution="Reuters BIP Coding Group" action="confirmed" date="1996-11-26"/>
  </code>
  <code code="CCAT">
    <editdetail attribution="Reuters BIP Coding Group" action="confirmed" date="1996-11-26"/>
  </code>
</codes>
<dc element="dc.date.created" value="1996-11-26"/>
<dc element="dc.publisher" value="Reuters Holdings Plc"/>
<dc element="dc.date.published" value="1996-11-26"/>
<dc element="dc.source" value="Reuters"/>
<dc element="dc.creator.location" value="SINGAPORE"/>
<dc element="dc.creator.location.country.name" value="SINGAPORE"/>
<dc element="dc.source" value="Reuters"/>
</metadata>
</newsitem>
