<?xml version="1.0" encoding="iso-8859-1" ?>
<newsitem itemid="726429" id="root" date="1997-07-14" xml:lang="en">
<title>USA: McLeodUSA readying $175 mln junk bond deal-sources.</title>
<headline>McLeodUSA readying $175 mln junk bond deal-sources.</headline>
<dateline>NEW YORK 1997-07-14</dateline>
<text>
<p>McLeodUSA Inc is rumored to be preparing a $175 million junk bond offering for early this week via Salomon Brothers Inc, according to market sources.</p>
<p>The offering is expected to consist of 10-year bonds, non-callable for five years, that will pay interest in cash.</p>
<p>Calls to McLeod and Salomon Brothers officials were not immediately returned.  </p>
<p>The Cedar Rapids, Iowa-based competitive local exchange carrier will not hold a roadshow for the offering in order to tap the market as quickly as possible, sources said.</p>
<p>Sources said the company unveiled the upcoming deal in a conference call with investors on Monday morning.</p>
<p>One trader said spreads on McLeod outstanding 10.5 percent senior discount notes due '07 widened about 20 basis points in morning trading on fears that the new bonds would be priced at relatively cheap levels.</p>
<p>Price talk on the new deal was unavailable.</p>
<p>(( -- Douglas Brown, 212 859-1662))</p>
</text>
<copyright>(c) Reuters Limited 1997</copyright>
<metadata>
<codes class="bip:countries:1.0">
  <code code="USA">
    <editdetail attribution="Reuters BIP Coding Group" action="confirmed" date="1997-07-14"/>
  </code>
</codes>
<codes class="bip:industries:1.0">
  <code code="I79020">
    <editdetail attribution="Reuters BIP Coding Group" action="confirmed" date="1997-07-14"/>
  </code>
</codes>
<codes class="bip:topics:1.0">
  <code code="C17">
    <editdetail attribution="Reuters BIP Coding Group" action="confirmed" date="1997-07-14"/>
  </code>
  <code code="C172">
    <editdetail attribution="Reuters BIP Coding Group" action="confirmed" date="1997-07-14"/>
  </code>
  <code code="CCAT">
    <editdetail attribution="Reuters BIP Coding Group" action="confirmed" date="1997-07-14"/>
  </code>
</codes>
<dc element="dc.date.created" value="1997-07-14"/>
<dc element="dc.publisher" value="Reuters Holdings Plc"/>
<dc element="dc.date.published" value="1997-07-14"/>
<dc element="dc.source" value="Reuters"/>
<dc element="dc.creator.location" value="NEW YORK"/>
<dc element="dc.creator.location.country.name" value="USA"/>
<dc element="dc.source" value="Reuters"/>
</metadata>
</newsitem>
