<?xml version="1.0" encoding="iso-8859-1" ?>
<newsitem itemid="62524" id="root" date="1996-09-18" xml:lang="en">
<title>FRANCE: French mustachioed bank robbers were women.</title>
<headline>French mustachioed bank robbers were women.</headline>
<dateline>CARPENTRAS, France 1996-09-18</dateline>
<text>
<p>A gang of five women accused of robbing banks at gunpoint while disguised as men went on trial on Wednesday in the southern French town of Carpentras.</p>
<p>Wearing wigs and false moustaches, the women allegedly held up seven banks and a temporary employment agency in the southern Vaucluse region during 1989 and 1990.</p>
<p>They took in an estimated 290,000 francs ($56,300) during an 18-month period before their arrest in July 1991, prosecutors alleged.</p>
<p>Freed while awaiting trial, the women have since found jobs ranging from maid to town hall employee.</p>
<p>Their trial on charges of armed robbery, conspiracy and being accomplices to theft was expected to last three days.</p>
</text>
<copyright>(c) Reuters Limited 1996</copyright>
<metadata>
<codes class="bip:countries:1.0">
  <code code="FRA">
    <editdetail attribution="Reuters BIP Coding Group" action="confirmed" date="1996-09-18"/>
  </code>
</codes>
<codes class="bip:topics:1.0">
  <code code="GCAT">
    <editdetail attribution="Reuters BIP Coding Group" action="confirmed" date="1996-09-18"/>
  </code>
  <code code="GCRIM">
    <editdetail attribution="Reuters BIP Coding Group" action="confirmed" date="1996-09-18"/>
  </code>
  <code code="GODD">
    <editdetail attribution="Reuters BIP Coding Group" action="confirmed" date="1996-09-18"/>
  </code>
</codes>
<dc element="dc.date.created" value="1996-09-18"/>
<dc element="dc.publisher" value="Reuters Holdings Plc"/>
<dc element="dc.date.published" value="1996-09-18"/>
<dc element="dc.source" value="Reuters"/>
<dc element="dc.creator.location" value="CARPENTRAS, France"/>
<dc element="dc.creator.location.country.name" value="FRANCE"/>
<dc element="dc.source" value="Reuters"/>
</metadata>
</newsitem>
