<?xml version="1.0" encoding="iso-8859-1" ?>
<newsitem itemid="291756" id="root" date="1997-01-07" xml:lang="en">
<title>UK: Argentina bonds to be for $3.0 bln - London dealers.</title>
<headline>Argentina bonds to be for $3.0 bln - London dealers.</headline>
<dateline>LONDON 1997-01-07</dateline>
<text>
<p>Argentina's planned jumbo dollar global bonds could total as much as $3.0 billion, syndicate managers said on Tuesday.</p>
<p>The deals will be launched with five- and 15-year maturities, they said. The tranches would not necessarily be of equal sizes, with the final distribution depending on demand.</p>
<p>Last week, market talk centred on a $2.0 billion global bond at five- and 20-year maturities. These plans had now been changed, syndicate managers said.</p>
<p>&quot;Argentina will issue a five- and 15-year bond for up to $3.0 billion, not five and 20 years as discussed last week,&quot; said a head of emerging market syndicate at a European bank.</p>
<p>&quot;They are expected to launch the deal early next week.&quot;</p>
<p>A formal announcement from Argentina was expected soon, traders said. J.P. Morgan and Merrill Lynch were tipped as joint lead managers on the deals.</p>
<p>Mexico is due to issue a $1.0 billion 10-year global bond on Wednesday via Merrill Lynch and Salomon Brothers.</p>
<p>-- Aline van Duyn, London Newsroom +44 171 542 7748</p>
</text>
<copyright>(c) Reuters Limited 1997</copyright>
<metadata>
<codes class="bip:countries:1.0">
  <code code="ARG">
    <editdetail attribution="Reuters BIP Coding Group" action="confirmed" date="1997-01-07"/>
  </code>
  <code code="UK">
    <editdetail attribution="Reuters BIP Coding Group" action="confirmed" date="1997-01-07"/>
  </code>
</codes>
<codes class="bip:topics:1.0">
  <code code="E21">
    <editdetail attribution="Reuters BIP Coding Group" action="confirmed" date="1997-01-07"/>
  </code>
  <code code="E212">
    <editdetail attribution="Reuters BIP Coding Group" action="confirmed" date="1997-01-07"/>
  </code>
  <code code="ECAT">
    <editdetail attribution="Reuters BIP Coding Group" action="confirmed" date="1997-01-07"/>
  </code>
  <code code="M12">
    <editdetail attribution="Reuters BIP Coding Group" action="confirmed" date="1997-01-07"/>
  </code>
  <code code="MCAT">
    <editdetail attribution="Reuters BIP Coding Group" action="confirmed" date="1997-01-07"/>
  </code>
</codes>
<dc element="dc.date.created" value="1997-01-07"/>
<dc element="dc.publisher" value="Reuters Holdings Plc"/>
<dc element="dc.date.published" value="1997-01-07"/>
<dc element="dc.source" value="Reuters"/>
<dc element="dc.creator.location" value="LONDON"/>
<dc element="dc.creator.location.country.name" value="UK"/>
<dc element="dc.source" value="Reuters"/>
</metadata>
</newsitem>
