<?xml version="1.0" encoding="iso-8859-1" ?>
<newsitem itemid="308923" id="root" date="1997-01-15" xml:lang="en">
<title>USA: Utah avalanche kills three skiers.</title>
<headline>Utah avalanche kills three skiers.</headline>
<dateline>SALT LAKE CITY 1997-01-15</dateline>
<text>
<p>Rescuers have found the bodies of three skiers in their sleeping bags in their tent buried under snow from a weekend avalanche in Utah, officials said Wednesday.</p>
<p>The three experienced skiers were found late Monday night, said Bob DeGasser of the Cache County Sheriff's office.</p>
<p>When they did not return on Monday as planned, searchers from the sheriff's office and the Backcountry Emergency Response Team were sent out.</p>
<p>DeGasser said officials believed a slab of snow 4 to 6 feet deep and 300 feet wide had been dislodged and slid more than 1,000 feet down a south-facing slope, snapping trees and burying the men, apparently as they slept.</p>
</text>
<copyright>(c) Reuters Limited 1997</copyright>
<metadata>
<codes class="bip:countries:1.0">
  <code code="USA">
    <editdetail attribution="Reuters BIP Coding Group" action="confirmed" date="1997-01-15"/>
  </code>
</codes>
<codes class="bip:topics:1.0">
  <code code="GCAT">
    <editdetail attribution="Reuters BIP Coding Group" action="confirmed" date="1997-01-15"/>
  </code>
  <code code="GDIS">
    <editdetail attribution="Reuters BIP Coding Group" action="confirmed" date="1997-01-15"/>
  </code>
</codes>
<dc element="dc.date.created" value="1997-01-15"/>
<dc element="dc.publisher" value="Reuters Holdings Plc"/>
<dc element="dc.date.published" value="1997-01-15"/>
<dc element="dc.source" value="Reuters"/>
<dc element="dc.creator.location" value="SALT LAKE CITY"/>
<dc element="dc.creator.location.country.name" value="USA"/>
<dc element="dc.source" value="Reuters"/>
</metadata>
</newsitem>
