<?xml version="1.0" encoding="iso-8859-1" ?>
<newsitem itemid="751502" id="root" date="1997-07-23" xml:lang="en">
<title>SPAIN: Spain 1-yr, 18-mo bill yields fall slightly.</title>
<headline>Spain 1-yr, 18-mo bill yields fall slightly.</headline>
<dateline>MADRID 1997-07-23</dateline>
<text>
<p>The Bank of Spain announced the following results of Wednesday's Treasury debt auction (amounts bid, allocated in billions of pesetas):</p>
<p>ISSUE     Yield    Pvs    Price   Pvs     Bid   Allocated</p>
<p> 1-year   4.951   4.953   95.27  95.23  207.59    46.87</p>
<p>18-months 4.951   4.953   92.97  92.93  534.23   355.53</p>
<p>-- Madrid Newsroom, + 341 585 8340</p>
</text>
<copyright>(c) Reuters Limited 1997</copyright>
<metadata>
<codes class="bip:countries:1.0">
  <code code="SPAIN">
    <editdetail attribution="Reuters BIP Coding Group" action="confirmed" date="1997-07-23"/>
  </code>
</codes>
<codes class="bip:topics:1.0">
  <code code="M13">
    <editdetail attribution="Reuters BIP Coding Group" action="confirmed" date="1997-07-23"/>
  </code>
  <code code="M131">
    <editdetail attribution="Reuters BIP Coding Group" action="confirmed" date="1997-07-23"/>
  </code>
  <code code="MCAT">
    <editdetail attribution="Reuters BIP Coding Group" action="confirmed" date="1997-07-23"/>
  </code>
</codes>
<dc element="dc.date.created" value="1997-07-23"/>
<dc element="dc.publisher" value="Reuters Holdings Plc"/>
<dc element="dc.date.published" value="1997-07-23"/>
<dc element="dc.source" value="Reuters"/>
<dc element="dc.creator.location" value="MADRID"/>
<dc element="dc.creator.location.country.name" value="SPAIN"/>
<dc element="dc.source" value="Reuters"/>
</metadata>
</newsitem>
