<?xml version="1.0" encoding="iso-8859-1" ?>
<newsitem itemid="218275" id="root" date="1996-11-26" xml:lang="en">
<title>USA: PETCO Animal Q3 shr down to $0.08.</title>
<headline>PETCO Animal Q3 shr down to $0.08.</headline>
<dateline>SAN DIEGO 1996-11-26</dateline>
<text>
<p>PETCO Animal Supplies, Inc.</p>
<p>		  Consolidated Statements of Operations(a)</p>
<p>		(Unaudited, in thousands, except share data)</p>
<p>			     13 Weeks Ended	     39 Weeks Ended</p>
<p>		     Nov. 2,    Oct. 28,	Nov. 2,     Oct. 28,</p>
<p>			1996	  1995	   1996	   1995</p>
<p>Net sales     $ 107,908   $  71,080    $ 307,692    $ 195,523</p>
<p>Cost of sales and</p>
<p> occupancy costs 79,320	58,016 (b)  228,786	152,473</p>
<p>Gross profit</p>
<p>		     28,588	13,064	 78,906	 43,050</p>
<p>Selling, general and</p>
<p>administrative expenses</p>
<p>		     23,366	24,229 (c)   66,629	 50,128</p>
<p>Merger and nonrecurring</p>
<p> charges	    2,949	     -	 17,894		-</p>
<p>Operating income</p>
<p>	(loss)	2,273     (11,165)	(5,617)	(7,078)</p>
<p>Interest income(expense)</p>
<p>			   280	   233	    163	    311</p>
<p>Earnings (loss) before</p>
<p>	income taxes 2,553     (10,932)	(5,454)     (6,767)</p>
<p>Income taxes (benefit)</p>
<p>			1,226     (13,287) (d)  (1,045)     (12,110)</p>
<p>Net earnings(loss)</p>
<p>		   $   1,327   $   2,355    $  (4,409)   $   5,343</p>
<p>Earnings (loss) per common</p>
<p>and common equivalent</p>
<p> share	   $    0.08   $    0.17    $   (0.28)   $    0.43</p>
<p>Pro forma earnings per</p>
<p>common and common equivalent</p>
<p> share(e)	$    0.20   $    0.12    $    0.47    $    0.34</p>
<p>Weighted average number of</p>
<p>common and common equivalent</p>
<p>shares outstanding</p>
<p>		  16,549,500  13,612,051   15,586,805   12,320,692</p>
<p>NOTE: (a) Results have been restated to reflect the Pet Nosh and PETS USA acquisitions which were accounted for as pooling of interests.</p>
<p>(b) Includes nonrecurring adjustments of $4,330 related to warehousing activities.</p>
<p>(c) Includes nonrecurring adjustments of $9,196 related to acquisition activities.</p>
<p>(d) Includes nonrecurring adjustments of $8,711 related to recognition of deferred tax assets.</p>
<p>(e) Excludes merger and nonrecurring items and related tax benefits identified above.</p>
<p>-- New York Newsdesk 212 859-1610</p>
</text>
<copyright>(c) Reuters Limited 1996</copyright>
<metadata>
<codes class="bip:countries:1.0">
  <code code="USA">
    <editdetail attribution="Reuters BIP Coding Group" action="confirmed" date="1996-11-26"/>
  </code>
</codes>
<codes class="bip:industries:1.0">
  <code code="I42220">
    <editdetail attribution="Reuters BIP Coding Group" action="confirmed" date="1996-11-26"/>
  </code>
</codes>
<codes class="bip:topics:1.0">
  <code code="C15">
    <editdetail attribution="Reuters BIP Coding Group" action="confirmed" date="1996-11-26"/>
  </code>
  <code code="C151">
    <editdetail attribution="Reuters BIP Coding Group" action="confirmed" date="1996-11-26"/>
  </code>
  <code code="CCAT">
    <editdetail attribution="Reuters BIP Coding Group" action="confirmed" date="1996-11-26"/>
  </code>
</codes>
<dc element="dc.date.created" value="1996-11-26"/>
<dc element="dc.publisher" value="Reuters Holdings Plc"/>
<dc element="dc.date.published" value="1996-11-26"/>
<dc element="dc.source" value="Reuters"/>
<dc element="dc.creator.location" value="SAN DIEGO"/>
<dc element="dc.creator.location.country.name" value="USA"/>
<dc element="dc.source" value="Reuters"/>
</metadata>
</newsitem>
