<?xml version="1.0" encoding="iso-8859-1" ?>
<newsitem itemid="117859" id="root" date="1996-10-15" xml:lang="en">
<title>USA: Jefferies Group Q3 shr $0.97 vs $0.85.</title>
<headline>Jefferies Group Q3 shr $0.97 vs $0.85.</headline>
<dateline>LOS ANGELES 1996-10-15</dateline>
<text>
<p>JEFFERIES GROUP INC. AND SUBSIDIARIES</p>
<p>			  Consolidated Statement of Earnings</p>
<p>		 (Amounts in Thousands, Except Per Share Amounts)</p>
<p>							 Three Months Ended</p>
<p>						     Sep 27,	Sep 29,</p>
<p>							  1996	   1995</p>
<p>Revenues:</p>
<p>    Commissions				$  57,641    $  46,189</p>
<p>    Principal transactions		    40,474	 30,752</p>
<p>    Corporate finance			   21,846	 17,317</p>
<p>    Interest					11,212	 15,421</p>
<p>    Other					    2,186	  1,308</p>
<p>	Total revenues			   133,359	110,987</p>
<p> Interest expense				  8,620	 12,643</p>
<p> Revenues, net of interest expense	 124,739	 98,344</p>
<p>Non-interest expenses:</p>
<p>    Compensation and benefits		 64,224	 52,537</p>
<p>    Floor brokerage and clearing fees	6,958	  4,937</p>
<p>Telecommunications and data processing</p>
<p>     services					8,702	  6,823</p>
<p>    Occupancy and equipment rental	   4,590	  3,812</p>
<p>    Travel and promotional		     3,870	  2,634</p>
<p>    Software royalties			   2,275	  1,566</p>
<p>    Other					   12,585	  9,932</p>
<p>	Total non-interest expenses	  103,204	 82,241</p>
<p>Earnings before income taxes and minority</p>
<p>  interest					  21,535	 16,103</p>
<p> Income taxes					9,031	  5,027</p>
<p> Earnings before minority interest	  12,504	 11,076</p>
<p> Minority interest				 1,049	    910</p>
<p> Net earnings				     11,455	 10,166</p>
<p> Earnings per share of common stock	   0.97     0.85 (a)</p>
<p> Weighted average shares of common stock  11,662   11,942 (a)</p>
<p>							 Nine Months Ended</p>
<p>						     Sep 27,	Sep 29,</p>
<p>							 1996	    1995</p>
<p>Revenues:</p>
<p>    Commissions			     $  176,311   $  129,063</p>
<p>    Principal transactions		   108,121	 75,862</p>
<p>    Corporate finance			   63,542	 55,781</p>
<p>    Interest					36,180	 49,600</p>
<p>    Other					    3,824	  3,848</p>
<p>	Total revenues			   387,978	314,154</p>
<p> Interest expense				 28,132	 41,533</p>
<p> Revenues, net of interest expense	 359,846	272,621</p>
<p>Non-interest expenses:</p>
<p>    Compensation and benefits		187,739	148,052</p>
<p>    Floor brokerage and clearing fees     19,694	 14,599</p>
<p>Telecommunications and data processing</p>
<p>     services				     24,924	 18,059</p>
<p>    Occupancy and equipment rental	  12,152	 11,324</p>
<p>    Travel and promotional		    11,703	  7,004</p>
<p>    Software royalties			   6,520	  4,212</p>
<p>    Other					   37,444	 27,928</p>
<p>	Total non-interest expenses	  300,176	231,178</p>
<p>Earnings before income taxes and minority</p>
<p>  interest					  59,670	 41,443</p>
<p> Income taxes				     25,412	 16,394</p>
<p> Earnings before minority interest	  34,258	 25,049</p>
<p> Minority interest				 3,031	  2,154</p>
<p> Net earnings				     31,227	 22,895</p>
<p> Earnings per share of common stock	   2.61     1.91 (a)</p>
<p> Weighted average shares of common stock  11,858   11,970 (a)</p>
<p>(a)  All share and per share information has been restated to retroactively reflect the effect of the two-for-one stock split approved by the board of directors on March 2, 1996.</p>
</text>
<copyright>(c) Reuters Limited 1996</copyright>
<metadata>
<codes class="bip:countries:1.0">
  <code code="USA">
    <editdetail attribution="Reuters BIP Coding Group" action="confirmed" date="1996-10-15"/>
  </code>
</codes>
<codes class="bip:industries:1.0">
  <code code="I83960">
    <editdetail attribution="Reuters BIP Coding Group" action="confirmed" date="1996-10-15"/>
  </code>
</codes>
<codes class="bip:topics:1.0">
  <code code="C15">
    <editdetail attribution="Reuters BIP Coding Group" action="confirmed" date="1996-10-15"/>
  </code>
  <code code="C151">
    <editdetail attribution="Reuters BIP Coding Group" action="confirmed" date="1996-10-15"/>
  </code>
  <code code="CCAT">
    <editdetail attribution="Reuters BIP Coding Group" action="confirmed" date="1996-10-15"/>
  </code>
</codes>
<dc element="dc.date.created" value="1996-10-15"/>
<dc element="dc.publisher" value="Reuters Holdings Plc"/>
<dc element="dc.date.published" value="1996-10-15"/>
<dc element="dc.source" value="Reuters"/>
<dc element="dc.creator.location" value="LOS ANGELES"/>
<dc element="dc.creator.location.country.name" value="USA"/>
<dc element="dc.source" value="Reuters"/>
</metadata>
</newsitem>
