<?xml version="1.0" encoding="iso-8859-1" ?>
<newsitem itemid="136572" id="root" date="1996-10-23" xml:lang="en">
<title>RUSSIA: Rouble eases to 3,589.50 per mark in Moscow.</title>
<headline>Rouble eases to 3,589.50 per mark in Moscow.</headline>
<dateline>MOSCOW 1996-10-23</dateline>
<text>
<p>The rouble fell to 3,589.50 to the German mark on the Moscow Interbank Currency Exchange from 3,541.00 on Tuesday.</p>
<p>				    Oct 23		  Oct 22</p>
<p> Mark rate			3,589.50		3,541.00</p>
<p> Volume traded (million DEM)    3.04		    2.94</p>
<p>-- Moscow Newsroom, +7095 941 8520</p>
</text>
<copyright>(c) Reuters Limited 1996</copyright>
<metadata>
<codes class="bip:countries:1.0">
  <code code="RUSS">
    <editdetail attribution="Reuters BIP Coding Group" action="confirmed" date="1996-10-23"/>
  </code>
</codes>
<codes class="bip:topics:1.0">
  <code code="M13">
    <editdetail attribution="Reuters BIP Coding Group" action="confirmed" date="1996-10-23"/>
  </code>
  <code code="M132">
    <editdetail attribution="Reuters BIP Coding Group" action="confirmed" date="1996-10-23"/>
  </code>
  <code code="MCAT">
    <editdetail attribution="Reuters BIP Coding Group" action="confirmed" date="1996-10-23"/>
  </code>
</codes>
<dc element="dc.date.created" value="1996-10-23"/>
<dc element="dc.publisher" value="Reuters Holdings Plc"/>
<dc element="dc.date.published" value="1996-10-23"/>
<dc element="dc.source" value="Reuters"/>
<dc element="dc.creator.location" value="MOSCOW"/>
<dc element="dc.creator.location.country.name" value="RUSSIA"/>
<dc element="dc.source" value="Reuters"/>
</metadata>
</newsitem>
