<?xml version="1.0" encoding="iso-8859-1" ?>
<newsitem itemid="779178" id="root" date="1997-08-05" xml:lang="en">
<title>USA: TVA board approves 5.5 pct rate increase.</title>
<headline>TVA board approves 5.5 pct rate increase.</headline>
<dateline>CHATTANOOGA, Tenn. 1997-08-05</dateline>
<text>
<p>The Tennessee Valley Authority (TVA) said directors voted unanimously Tuesday to approve a price increase that will generate a 5.5 percent increase in revenue.</p>
<p>Stating the increase is an effort to reduce the federal corporation's debt, TVA said it will generate about $325 million in revenue a year. When combined with other actions to cut costs and improve operations, this is expected to cut the $27.6 billion debt in half by 2007.</p>
<p>The increase, which is effective Oct. 1, is the first for TVA since 1987.</p>
<p>&quot;This ambitious, comprehensive financial plan is the capstone of our four-year effort to prepare TVA for deregulation,&quot; said TVA Chairman Craven Crowell at a board meeting in Chattanooga.</p>
<p>Crowell called the price increase &quot;the best business decision for TVA.&quot;  He said implementing recommendations in the financial plan will &quot;preserve TVA as a national asset.&quot;</p>
<p>TVA said it is the nation's largest producer of electricity, and noted its power system is self-financed.</p>
<p>((-- New York Newsdesk 212 859-1610))</p>
</text>
<copyright>(c) Reuters Limited 1997</copyright>
<metadata>
<codes class="bip:countries:1.0">
  <code code="USA">
    <editdetail attribution="Reuters BIP Coding Group" action="confirmed" date="1997-08-05"/>
  </code>
</codes>
<codes class="bip:industries:1.0">
  <code code="I16100">
    <editdetail attribution="Reuters BIP Coding Group" action="confirmed" date="1997-08-05"/>
  </code>
</codes>
<codes class="bip:topics:1.0">
  <code code="C31">
    <editdetail attribution="Reuters BIP Coding Group" action="confirmed" date="1997-08-05"/>
  </code>
  <code code="CCAT">
    <editdetail attribution="Reuters BIP Coding Group" action="confirmed" date="1997-08-05"/>
  </code>
</codes>
<dc element="dc.date.created" value="1997-08-05"/>
<dc element="dc.publisher" value="Reuters Holdings Plc"/>
<dc element="dc.date.published" value="1997-08-05"/>
<dc element="dc.source" value="Reuters"/>
<dc element="dc.creator.location" value="CHATTANOOGA, Tenn."/>
<dc element="dc.creator.location.country.name" value="USA"/>
<dc element="dc.source" value="Reuters"/>
</metadata>
</newsitem>
