<?xml version="1.0" encoding="iso-8859-1" ?>
<newsitem itemid="105000" id="root" date="1996-10-09" xml:lang="en">
<title>ROMANIA: Romania's foreign debt rises in July.</title>
<headline>Romania's foreign debt rises in July.</headline>
<dateline>BUCHAREST 1996-10-09</dateline>
<text>
<p>Romania's total medium- and long-term foreign debt rose to $6.34 billion at end-July from $6.2 billion in June, central bank data showed on Wednesday.</p>
<p>Most of Romania's end-July total foreign debt, or some $2.75 billion, came from international lenders, including the International Monetary Fund -- $783.3 million -- and World Bank -- $971.3 million, a central bank report showed.</p>
<p>By end-July, the state had borrowed around $4.15 billion and guaranteed some $1.67 billion in foreign loans to state and private companies, the report said.</p>
<p>State and private companies also took some $532.9 million in credits guaranteed by local commercial banks.</p>
<p>The country's foreign exchange reserves, including around 87 tonnes of gold, were $2.92 billion at end-July.</p>
<p>Romania has recently launched a borrowing programme on international markets, raising around $720 million in its first Eurobonds and Samurais in May and June.</p>
<p>It also launched 30 billion yen worth of five-year Samurais in September and expects $175 million in a syndicated loan. -- Luli Popescu, Bucharest Newsroom 40-1 3120264</p>
</text>
<copyright>(c) Reuters Limited 1996</copyright>
<metadata>
<codes class="bip:countries:1.0">
  <code code="ROM">
    <editdetail attribution="Reuters BIP Coding Group" action="confirmed" date="1996-10-09"/>
  </code>
</codes>
<codes class="bip:topics:1.0">
  <code code="E21">
    <editdetail attribution="Reuters BIP Coding Group" action="confirmed" date="1996-10-09"/>
  </code>
  <code code="E212">
    <editdetail attribution="Reuters BIP Coding Group" action="confirmed" date="1996-10-09"/>
  </code>
  <code code="ECAT">
    <editdetail attribution="Reuters BIP Coding Group" action="confirmed" date="1996-10-09"/>
  </code>
</codes>
<dc element="dc.date.created" value="1996-10-09"/>
<dc element="dc.publisher" value="Reuters Holdings Plc"/>
<dc element="dc.date.published" value="1996-10-09"/>
<dc element="dc.source" value="Reuters"/>
<dc element="dc.creator.location" value="BUCHAREST"/>
<dc element="dc.creator.location.country.name" value="ROMANIA"/>
<dc element="dc.source" value="Reuters"/>
</metadata>
</newsitem>
