<?xml version="1.0" encoding="iso-8859-1" ?>
<newsitem itemid="123301" id="root" date="1996-10-17" xml:lang="en">
<title>YUGOSLAVIA: PRESS DIGEST - Yugoslavia - Oct 17.</title>
<headline>PRESS DIGEST - Yugoslavia - Oct 17.</headline>
<dateline>BELGRADE 1996-10-17</dateline>
<text>
<p>These are the leading stories in the Belgrade press on Thursday. Reuters has not verified them and does not vouch for their accuracy.</p>
<p>POLITIKA</p>
<p>- Yugoslav President Zoran Lilic and Zimbabwean President Robert Mugabe discuss in Harare promotion of bilateral relations and Yugoslavia's return to the international community.</p>
<p>- Greek Foreign Minister Theodoros Pangalos expects soon a unified European space including the Balkans.</p>
<p>- A group of 45 Krajina Serbs, to be released from Croatian prisons under the new Croatian law on amnesty, due to arrive in Yugoslavia on Thursday.</p>
<p>- A group of 53 refugees to return to Croatia Thursday in the sixth transfer organized by the U.N. High Commissioner for Refugees.</p>
<p>- Serbian Deputy Prime minister Slobodan Babic and Industry Minister Oskar Fodor to participate in conference of the Danube basin countries in Austria.</p>
<p>- The Priboj car factory FAP and Germany's Mercedes Benz are expected to renew cooperation by the end after four and a half years of sanctions.</p>
<p>- Former Yugoslav central bank governor Dragoslav Avramovic offically withdraws as head of the opposition list Zajedno.</p>
<p>- The Banja Luka airport in northern Bosnia technically ready for traffic, says British Overseas Development Agency which has invested 200,000 sterling in its reconstruction.</p>
<p>NASA BORBA</p>
<p>- Privatisation process in Montenegro in full swing and cannot be stopped, says director of the development fund and economics professor Bozo Mihajlovic.</p>
<p>- The Serbian commodity reserves directorate will finance sowing of only 300,000 hectares through barter and commercial bills, leaving 500,000 hectares to be financed by the farmers themselves, says director of Jugoagrar Bozidar Djelovic.</p>
<p>- Import quotas for mineral fertilizers will not be increased by the end of the year, the Yugoslav chamber of commerce industry committee said.</p>
<p>- Serbian-Albanian round table on Kosovo issue to be held from December 18 to 22 in New York, says vice-president of the Democratic League of Kosovo Fehmi Agani.</p>
<p>POLITIKA EKSPRES</p>
<p>- Belgrade public transport company to buy 100 buses from Germany's Mercedes, and inter-city service Lasta 50 Hungarian Rabe buses. Buses to be completed by Yugoslav Ikarbus company.</p>
<p>VECERNJE NOVOSTI</p>
<p>- Yugoslav side in talks on succession of former Yugoslavia says not only state property on the territory of the Federal Republic of Yugoslavia, but also Croatia, Slovenia, Macedonia and Bosnia subject to division.</p>
<p>- The banking system cannot be rehabilitated unless means is found to repay more than $4 billion owed to old hard currency depositors, says Investbanka deputy general manager.</p>
<p>-- Belgrade newsroom, +381 11 222 4305</p>
</text>
<copyright>(c) Reuters Limited 1996</copyright>
<metadata>
<codes class="bip:countries:1.0">
  <code code="YUG">
    <editdetail attribution="Reuters BIP Coding Group" action="confirmed" date="1996-10-17"/>
  </code>
</codes>
<codes class="bip:topics:1.0">
  <code code="GCAT">
    <editdetail attribution="Reuters BIP Coding Group" action="confirmed" date="1996-10-17"/>
  </code>
</codes>
<dc element="dc.date.created" value="1996-10-17"/>
<dc element="dc.publisher" value="Reuters Holdings Plc"/>
<dc element="dc.date.published" value="1996-10-17"/>
<dc element="dc.source" value="Reuters"/>
<dc element="dc.creator.location" value="BELGRADE"/>
<dc element="dc.creator.location.country.name" value="YUGOSLAVIA"/>
<dc element="dc.source" value="Reuters"/>
</metadata>
</newsitem>
