<?xml version="1.0" encoding="iso-8859-1" ?>
<newsitem itemid="357328" id="root" date="1997-02-05" xml:lang="en">
<title>USA: General Dynamics creates combat systems group.</title>
<headline>General Dynamics creates combat systems group.</headline>
<dateline>FALLS CHURCH, Va. 1997-02-05</dateline>
<text>
<p>General Dynamics Corp said on Wednesday it created a new Combat Systems Group and named Gordon England to head it.</p>
<p>The group will include the company's land systems, armament systems and defense systems units, the last two of which were recently acquired from Lockheed Martin.</p>
<p>England, 59, was also elected an executive vice president. He returns to General Dynamics after several years with Lockheed and with his own consulting company.</p>
<p>	  ((-- New York Newsdesk 212 859-1610))</p>
</text>
<copyright>(c) Reuters Limited 1997</copyright>
<metadata>
<codes class="bip:countries:1.0">
  <code code="USA">
    <editdetail attribution="Reuters BIP Coding Group" action="confirmed" date="1997-02-05"/>
  </code>
</codes>
<codes class="bip:industries:1.0">
  <code code="I36101">
    <editdetail attribution="Reuters BIP Coding Group" action="confirmed" date="1997-02-05"/>
  </code>
</codes>
<codes class="bip:topics:1.0">
  <code code="C11">
    <editdetail attribution="Reuters BIP Coding Group" action="confirmed" date="1997-02-05"/>
  </code>
  <code code="C41">
    <editdetail attribution="Reuters BIP Coding Group" action="confirmed" date="1997-02-05"/>
  </code>
  <code code="C411">
    <editdetail attribution="Reuters BIP Coding Group" action="confirmed" date="1997-02-05"/>
  </code>
  <code code="CCAT">
    <editdetail attribution="Reuters BIP Coding Group" action="confirmed" date="1997-02-05"/>
  </code>
</codes>
<dc element="dc.date.created" value="1997-02-05"/>
<dc element="dc.publisher" value="Reuters Holdings Plc"/>
<dc element="dc.date.published" value="1997-02-05"/>
<dc element="dc.source" value="Reuters"/>
<dc element="dc.creator.location" value="FALLS CHURCH, Va."/>
<dc element="dc.creator.location.country.name" value="USA"/>
<dc element="dc.source" value="Reuters"/>
</metadata>
</newsitem>
