<?xml version="1.0" encoding="iso-8859-1" ?>
<newsitem itemid="467126" id="root" date="1997-03-25" xml:lang="en">
<title>USA: FINAL PRICING - Mercer County Improvement Auth.</title>
<headline>FINAL PRICING - Mercer County Improvement Auth.</headline>
<text>
<p>THE MERCER COUNTY IMPROVEMENT AUTHORITY</p>
<p>RE: $44,980,000</p>
<p>MERCER COUNTY, NEW JERSEY</p>
<p>COUNTY GUARANTEED SOLID WASTE BONDS, SERIES 1997</p>
<p>**** THIS ISSUE WILL BE IN BOOK ENTRY FORM THROUGH THE</p>
<p>FACILITIES OF DTC ****</p>
<p>PLEASE NOTE FINAL AMOUNTS.</p>
<p>WRITTEN AWARD.</p>
<p>    MOODY'S: Aa2		   S&amp;P: AA-</p>
<p>		 (CONFIRMED)		(CONFIRMED)</p>
<p>    DATED: 03/15/1997	    FIRST COUPON: 03/15/1998</p>
<p>DUE: 09/15</p>
<p> MATURITY		AMOUNT     COUPON	   PRICE</p>
<p>09/15/1998		  190M    3.75  %	100.00</p>
<p>09/15/1999		1,610M    4.25  %	100.00</p>
<p>09/15/2000		1,680M    4.45  %	100.00</p>
<p>09/15/2001		1,755M    4.50  %	  4.60</p>
<p>09/15/2002		1,835M    4.60  %	  4.70</p>
<p>09/15/2003		1,920M    4.70  %	  4.80</p>
<p>09/15/2004		2,010M    4.80  %	  4.90</p>
<p>09/15/2005		2,105M    4.90  %	  5.00</p>
<p>09/15/2006		2,210M    5.00  %	  5.10</p>
<p>09/15/2007		2,320M    5.10  %	  5.20</p>
<p>09/15/2008		2,440M    5.20  %	  5.30</p>
<p>09/15/2012	     11,120M	NRO	     -</p>
<p>09/15/2016	     13,785M    5.75  %	 99.50</p>
<p>						    (Approx. Yield 5.793)</p>
<p>CALL FEATURES: 09/15/2007    102.00</p>
<p>		   DTP 09/15/2009</p>
<p>The compliance addendum MSRB Rule G-11 will apply.</p>
<p>The award was received late Monday, March 24, 1997.</p>
<p>Delivery is firm for March 31, 1997.</p>
<p>This issue is book entry through DTC.</p>
<p>The bonds will be blue skyed in all states.</p>
<p>PaineWebber Incorporated</p>
<p>Smith Barney Inc.</p>
<p>A.G. Edwards &amp; Sons, Inc.</p>
<p>H. C. Wainwright &amp; Co., Inc.</p>
<p>Wheat First Butcher Singer</p>
<p>--U.S. Municipal Desk, 212-859-1650</p>
</text>
<copyright>(c) Reuters Limited 1997</copyright>
<metadata>
<codes class="bip:countries:1.0">
  <code code="USA">
    <editdetail attribution="Reuters BIP Coding Group" action="confirmed" date="1997-03-25"/>
  </code>
</codes>
<codes class="bip:topics:1.0">
  <code code="E21">
    <editdetail attribution="Reuters BIP Coding Group" action="confirmed" date="1997-03-25"/>
  </code>
  <code code="E212">
    <editdetail attribution="Reuters BIP Coding Group" action="confirmed" date="1997-03-25"/>
  </code>
  <code code="ECAT">
    <editdetail attribution="Reuters BIP Coding Group" action="confirmed" date="1997-03-25"/>
  </code>
</codes>
<dc element="dc.publisher" value="Reuters Holdings Plc"/>
<dc element="dc.date.published" value="1997-03-25"/>
<dc element="dc.source" value="Reuters"/>
<dc element="dc.creator.location.country.name" value="USA"/>
<dc element="dc.source" value="Reuters"/>
</metadata>
</newsitem>
