<?xml version="1.0" encoding="iso-8859-1" ?>
<newsitem itemid="245705" id="root" date="1996-12-10" xml:lang="en">
<title>UK: London LIFFE futures APT closing prices.</title>
<headline>London LIFFE futures APT closing prices.</headline>
<dateline>LONDON 1996-12-10</dateline>
<text>
<p>London International Financial Futures Exchange automated pit trading (APT) tabular details:</p>
<p>   CONTRACT (MONTH)	APT CLOSE  SETTLEMENT  PREVIOUS SETTLE</p>
<p>   LONG GILT (DEC) (1/32)   110-24	110-27	     110-08</p>
<p>   SHORT STERLING (DEC)	93.61	 93.62		93.62</p>
<p>   GERMAN GOVT BOND (MAR)   100.65	100.80	     100.77</p>
<p>   EUROMARK (DEC)		96.69	 96.70		96.71</p>
<p>   ITALIAN GOVT BOND (MAR)  128.30	128.48	     128.54</p>
<p>   EUROLIRA (DEC)		92.75	 92.77		92.86</p>
<p>   EUROSWISS (DEC)	     97.77	 97.78		97.79</p>
<p>   FTSE 100 (DEC)	   4,045.00    4,044.00	   4,024.00</p>
</text>
<copyright>(c) Reuters Limited 1996</copyright>
<metadata>
<codes class="bip:countries:1.0">
  <code code="UK">
    <editdetail attribution="Reuters BIP Coding Group" action="confirmed" date="1996-12-10"/>
  </code>
</codes>
<codes class="bip:topics:1.0">
  <code code="M12">
    <editdetail attribution="Reuters BIP Coding Group" action="confirmed" date="1996-12-10"/>
  </code>
  <code code="M13">
    <editdetail attribution="Reuters BIP Coding Group" action="confirmed" date="1996-12-10"/>
  </code>
  <code code="M131">
    <editdetail attribution="Reuters BIP Coding Group" action="confirmed" date="1996-12-10"/>
  </code>
  <code code="MCAT">
    <editdetail attribution="Reuters BIP Coding Group" action="confirmed" date="1996-12-10"/>
  </code>
</codes>
<dc element="dc.date.created" value="1996-12-10"/>
<dc element="dc.publisher" value="Reuters Holdings Plc"/>
<dc element="dc.date.published" value="1996-12-10"/>
<dc element="dc.source" value="Reuters"/>
<dc element="dc.creator.location" value="LONDON"/>
<dc element="dc.creator.location.country.name" value="UK"/>
<dc element="dc.source" value="Reuters"/>
</metadata>
</newsitem>
