<?xml version="1.0" encoding="iso-8859-1" ?>
<newsitem itemid="447182" id="root" date="1997-03-17" xml:lang="en">
<title>USA: Summary of winning and other bidders for March 17.</title>
<headline>Summary of winning and other bidders for March 17.</headline>
<dateline>NEW YORK 1997-03-17</dateline>
<text>
<p>The following are the results of competitive bond offerings for Monday, March 17.</p>
<p>MARCH 17</p>
<p>------------------------------------------------------------------------</p>
<p>Mesa, Ariz. $94.73 million		    Mesa, Ariz. $24 million</p>
<p>1.Goldman Sachs	  NIC 5.610	1.Merrill Lynch	 NIC 5.367</p>
<p>2.PaineWebber		  5.6239     2.Rauscher Pierce	   5.4017</p>
<p>3.Lehman Brothers	    5.6246     3.Smith Barney		5.415</p>
<p>4.Prudential		   5.6295     4.Goldman Sachs	     5.4177</p>
<p>5.Merrill Lynch		5.6411     5.Prudential		  5.421</p>
<p>6.Bear Stearns		 5.6473     6.First Albany		5.4387</p>
<p>7.Key Capital		  5.6486     7.Bear Stearns		5.4492</p>
<p>8.First Albany		 5.6692     8.Raymond James	     5.4612</p>
<p>						  9.Lehman Brothers	   5.4812</p>
<p>------------------------------------------------------------------------</p>
<p>Circle Pines ISD 12, Minn. $9.98 million  Westland, Mich. $6 million</p>
<p>1.Piper Jaffray	  TIC 5.5361     1.EVEREN		  NIC 5.028</p>
<p>2.Sea-Northwest		5.5362</p>
<p>3.William Hough		5.546     Complete results not available.</p>
<p>4.Griffin Kubik		5.548</p>
<p>5.Southwest Securities     5.549</p>
<p>6.Cronin &amp; Co.		 5.57</p>
<p>7.FBS Investment	     5.591</p>
<p>8.Prudential		   5.596</p>
<p>9.First Union		  5.60</p>
<p>10.Dain Bosworth	     5.61</p>
<p>------------------------------------------------------------------------</p>
<p>Silver CSD No. 1, N.M. $4.75 million	Kingsman MPC, Ariz. $4.45 million</p>
<p>1.						1.Peacock Hislop	 NIC 5.2476</p>
<p>2.						2.Rauscher Pierce	    5.2550</p>
<p>3.						3.Nike Securities	    5.2726</p>
<p>4.						4.Principal Financial	5.2757</p>
<p>5.						5.Griffin Kubik		5.3031</p>
<p>6.						6.Smith Barney		 5.3293</p>
<p>7.</p>
<p>------------------------------------------------------------------------</p>
<p>Roseland, N.J. $3.67 million		  Floyd Cty SDFC, Ky. $3.475 million</p>
<p>1.Prudential	   NIC 5.139	  1.NatCity Investment   NIC 5.6128</p>
<p>2.First Union		5.167	  2.Morgan Keegan		5.63</p>
<p>3.PNC Capital		5.168	  3.Ross Sinclaire	     5.72</p>
<p>4.Trust Co. of N.J.	5.25</p>
<p>5.Commerce Capital	 5.331</p>
<p>------------------------------------------------------------------------</p>
<p>Bartlesville, Okla. $3 million		Kimberly, Wis. $2.55 million</p>
<p>1.						1.Harris Trust	   TIC 5.32</p>
<p>2.						2.Bernardi Securities	5.40</p>
<p>3.						3.Griffin Kubik		5.451</p>
<p>4.						4.Robert Baird		 5.4568</p>
<p>5.						5.Piper Jaffray		5.51</p>
<p>6.</p>
<p>------------------------------------------------------------------------</p>
<p>Grand Rapids SD, Mich. $2.2 million	 East Molne, Ill. $1.4 million</p>
<p>1.EVEREN		 NIC 4.6171	 1.Griffin Kubik	   NIC 5.28</p>
<p>2.Old Kent		   4.707	  2.Harris Trust		  5.40</p>
<p>3.First of Mich.	   4.737	  3.Bernardi Securities	 5.49</p>
<p>4.First of America	 4.757	  4.Banc One			5.59</p>
<p>5.Dean Witter		4.774	  5.EVEREN			  5.64</p>
<p>6.Robert Baird	     4.803</p>
<p>7.PaineWebber		4.813</p>
<p>8.Piper Jaffray	    4.814</p>
<p>9.Harris Trust	     4.823</p>
<p>10.Dain Bosworth	   4.842</p>
<p>11.Griffin Kubik	   4.858</p>
<p>12.Nike Securities	 4.951</p>
<p>------------------------------------------------------------------------</p>
<p>Bemidji ISD 31, Minn. $1.37 million</p>
<p>1.FBS Investment     NIC 4.78</p>
<p>2.John Kinnard	     4.81</p>
<p>3.Smith Barney	     4.89</p>
<p>4.Dain Bosworth	    4.90</p>
<p>5.Juran &amp; Moody	    4.91</p>
<p>6.Piper Jaffray	    4.93</p>
<p>7.Griffin Kubik	    5.01</p>
<p>8.Robert Baird	     5.02</p>
<p>-- U.S. Municipal Bond Information Group 212-859-1826</p>
</text>
<copyright>(c) Reuters Limited 1997</copyright>
<metadata>
<codes class="bip:countries:1.0">
  <code code="USA">
    <editdetail attribution="Reuters BIP Coding Group" action="confirmed" date="1997-03-17"/>
  </code>
</codes>
<codes class="bip:topics:1.0">
  <code code="E21">
    <editdetail attribution="Reuters BIP Coding Group" action="confirmed" date="1997-03-17"/>
  </code>
  <code code="E212">
    <editdetail attribution="Reuters BIP Coding Group" action="confirmed" date="1997-03-17"/>
  </code>
  <code code="ECAT">
    <editdetail attribution="Reuters BIP Coding Group" action="confirmed" date="1997-03-17"/>
  </code>
</codes>
<dc element="dc.date.created" value="1997-03-17"/>
<dc element="dc.publisher" value="Reuters Holdings Plc"/>
<dc element="dc.date.published" value="1997-03-17"/>
<dc element="dc.source" value="Reuters"/>
<dc element="dc.creator.location" value="NEW YORK"/>
<dc element="dc.creator.location.country.name" value="USA"/>
<dc element="dc.source" value="Reuters"/>
</metadata>
</newsitem>
