<?xml version="1.0" encoding="iso-8859-1" ?>
<newsitem itemid="362598" id="root" date="1997-02-07" xml:lang="en">
<title>SOUTH AFRICA: CRICKET-INDIA 216 ALL OUT IN 48.4 OVERS V ZIMBABWE.</title>
<headline>CRICKET-INDIA 216 ALL OUT IN 48.4 OVERS V ZIMBABWE.</headline>
<dateline>PRETORIA 1997-02-07</dateline>
<text>
<p>India were all out for 216 in</p>
<p>48.4 overs in the triangular series day/night match against</p>
<p>Zimbabwe at Centurion Park on Friday.</p>
</text>
<copyright>(c) Reuters Limited 1997</copyright>
<metadata>
<codes class="bip:countries:1.0">
  <code code="INDIA">
    <editdetail attribution="Reuters BIP Coding Group" action="confirmed" date="1997-02-07"/>
  </code>
  <code code="SAFR">
    <editdetail attribution="Reuters BIP Coding Group" action="confirmed" date="1997-02-07"/>
  </code>
  <code code="ZIMBAB">
    <editdetail attribution="Reuters BIP Coding Group" action="confirmed" date="1997-02-07"/>
  </code>
</codes>
<codes class="bip:topics:1.0">
  <code code="GCAT">
    <editdetail attribution="Reuters BIP Coding Group" action="confirmed" date="1997-02-07"/>
  </code>
  <code code="GSPO">
    <editdetail attribution="Reuters BIP Coding Group" action="confirmed" date="1997-02-07"/>
  </code>
</codes>
<dc element="dc.date.created" value="1997-02-07"/>
<dc element="dc.publisher" value="Reuters Holdings Plc"/>
<dc element="dc.date.published" value="1997-02-07"/>
<dc element="dc.source" value="Reuters"/>
<dc element="dc.creator.location" value="PRETORIA"/>
<dc element="dc.creator.location.country.name" value="SOUTH AFRICA"/>
<dc element="dc.source" value="Reuters"/>
</metadata>
</newsitem>
