<?xml version="1.0" encoding="iso-8859-1" ?>
<newsitem itemid="526361" id="root" date="1997-04-21" xml:lang="en">
<title>JAPAN: Nippon Steel plans lower capex in 1997/98.</title>
<headline>Nippon Steel plans lower capex in 1997/98.</headline>
<dateline>TOKYO 1997-04-21</dateline>
<text>
<p>Nippon Steel Corp said on Monday it plans parent capital investment of 95 billion yen in the year to March 31, 1998.</p>
<p>The planned 1997/98 spending will be down five percent from an estimated 100 billion yen in 1996/97, it said.</p>
</text>
<copyright>(c) Reuters Limited 1997</copyright>
<metadata>
<codes class="bip:countries:1.0">
  <code code="JAP">
    <editdetail attribution="Reuters BIP Coding Group" action="confirmed" date="1997-04-21"/>
  </code>
</codes>
<codes class="bip:industries:1.0">
  <code code="I22100">
    <editdetail attribution="Reuters BIP Coding Group" action="confirmed" date="1997-04-21"/>
  </code>
</codes>
<codes class="bip:topics:1.0">
  <code code="C11">
    <editdetail attribution="Reuters BIP Coding Group" action="confirmed" date="1997-04-21"/>
  </code>
  <code code="CCAT">
    <editdetail attribution="Reuters BIP Coding Group" action="confirmed" date="1997-04-21"/>
  </code>
</codes>
<dc element="dc.date.created" value="1997-04-21"/>
<dc element="dc.publisher" value="Reuters Holdings Plc"/>
<dc element="dc.date.published" value="1997-04-21"/>
<dc element="dc.source" value="Reuters"/>
<dc element="dc.creator.location" value="TOKYO"/>
<dc element="dc.creator.location.country.name" value="JAPAN"/>
<dc element="dc.source" value="Reuters"/>
</metadata>
</newsitem>
