<?xml version="1.0" encoding="iso-8859-1" ?>
<newsitem itemid="640070" id="root" date="1997-06-05" xml:lang="en">
<title>USA: FINAL PRICING- Coastal Bend Hlth Fac, Tx..</title>
<headline>FINAL PRICING- Coastal Bend Hlth Fac, Tx..</headline>
<text>
<p>FINAL PRICING AMT: 50,800,000     DATE: 06/05/97		 CUSIP: 19041T</p>
<p>ISSUER: Coastal Bend Health Facilities Development Corp     ST: TX</p>
<p>ISSUE: Weekly variable, Series 1997, see note		   TAX STAT:Exempt-REV</p>
<p>M/SP/F: Aa3/VMIG1/NA/NA</p>
<p>ENHANCEMENTS: LOC First National Bank of Chicago</p>
<p>DTD: 06/05/97</p>
<p>DUE: 08/15/27</p>
<p>1ST CPN: 07/01/97</p>
<p>CALL: Non-Callable</p>
<p>DELIVERY: 6/5/97 firm</p>
<p>NOTES: Incarnate Word Health System</p>
<p>Year		     Amount    Coupon     Yield     Price  Conc.</p>
<p>8/15/27		 50,800,000     3.450     3.450</p>
<p>John Nuveen &amp; Co Inc</p>
</text>
<copyright>(c) Reuters Limited 1997</copyright>
<metadata>
<codes class="bip:countries:1.0">
  <code code="USA">
    <editdetail attribution="Reuters BIP Coding Group" action="confirmed" date="1997-06-05"/>
  </code>
</codes>
<codes class="bip:topics:1.0">
  <code code="E21">
    <editdetail attribution="Reuters BIP Coding Group" action="confirmed" date="1997-06-05"/>
  </code>
  <code code="E212">
    <editdetail attribution="Reuters BIP Coding Group" action="confirmed" date="1997-06-05"/>
  </code>
  <code code="ECAT">
    <editdetail attribution="Reuters BIP Coding Group" action="confirmed" date="1997-06-05"/>
  </code>
</codes>
<dc element="dc.publisher" value="Reuters Holdings Plc"/>
<dc element="dc.date.published" value="1997-06-05"/>
<dc element="dc.source" value="Reuters"/>
<dc element="dc.creator.location.country.name" value="USA"/>
<dc element="dc.source" value="Reuters"/>
</metadata>
</newsitem>
