<?xml version="1.0" encoding="iso-8859-1" ?>
<newsitem itemid="554503" id="root" date="1997-05-01" xml:lang="en">
<title>USA: IMM currencies rally in moderately active trade.</title>
<headline>IMM currencies rally in moderately active trade.</headline>
<text>
<p>May 1 - IMM currencies rallied sharply in moderately active pit trade, traders said. They said concerns about central ank intervention heightened. June yen, which set a contract low earlier in the day, rose to $0.007980. U.S. NAPM data also contributed to the rally, they said. (Chicago Derivatives Desk (312)408-8750))</p>
<p>E-mail:derivatives@reuters.com</p>
</text>
<copyright>(c) Reuters Limited 1997</copyright>
<metadata>
<codes class="bip:countries:1.0">
  <code code="USA">
    <editdetail attribution="Reuters BIP Coding Group" action="confirmed" date="1997-05-01"/>
  </code>
</codes>
<codes class="bip:topics:1.0">
  <code code="M13">
    <editdetail attribution="Reuters BIP Coding Group" action="confirmed" date="1997-05-01"/>
  </code>
  <code code="M132">
    <editdetail attribution="Reuters BIP Coding Group" action="confirmed" date="1997-05-01"/>
  </code>
  <code code="MCAT">
    <editdetail attribution="Reuters BIP Coding Group" action="confirmed" date="1997-05-01"/>
  </code>
</codes>
<dc element="dc.publisher" value="Reuters Holdings Plc"/>
<dc element="dc.date.published" value="1997-05-01"/>
<dc element="dc.source" value="Reuters"/>
<dc element="dc.creator.location.country.name" value="USA"/>
<dc element="dc.source" value="Reuters"/>
</metadata>
</newsitem>
