<?xml version="1.0" encoding="iso-8859-1" ?>
<newsitem itemid="492204" id="root" date="1997-04-07" xml:lang="en">
<title>NORWAY: Aker RGI subsidiary wins ship contract.</title>
<headline>Aker RGI subsidiary wins ship contract.</headline>
<dateline>OSLO 1997-04-07</dateline>
<text>
<p>Norwegian shipyard Aukra Industrier has won a contract to build a ship worth between 250 and 300 million crowns, according to a statement on the Oslo bourse.</p>
<p>Aukra Industrier is a division of Langstengruppen, which itself is 67.5 percent owned by Norwegian holding company Aker RGI.</p>
<p>--Oslo newsroom, +47 22 42 50 41</p>
</text>
<copyright>(c) Reuters Limited 1997</copyright>
<metadata>
<codes class="bip:countries:1.0">
  <code code="NORW">
    <editdetail attribution="Reuters BIP Coding Group" action="confirmed" date="1997-04-07"/>
  </code>
</codes>
<codes class="bip:industries:1.0">
  <code code="I24000">
    <editdetail attribution="Reuters BIP Coding Group" action="confirmed" date="1997-04-07"/>
  </code>
  <code code="I36101">
    <editdetail attribution="Reuters BIP Coding Group" action="confirmed" date="1997-04-07"/>
  </code>
  <code code="I83960">
    <editdetail attribution="Reuters BIP Coding Group" action="confirmed" date="1997-04-07"/>
  </code>
</codes>
<codes class="bip:topics:1.0">
  <code code="C33">
    <editdetail attribution="Reuters BIP Coding Group" action="confirmed" date="1997-04-07"/>
  </code>
  <code code="CCAT">
    <editdetail attribution="Reuters BIP Coding Group" action="confirmed" date="1997-04-07"/>
  </code>
</codes>
<dc element="dc.date.created" value="1997-04-07"/>
<dc element="dc.publisher" value="Reuters Holdings Plc"/>
<dc element="dc.date.published" value="1997-04-07"/>
<dc element="dc.source" value="Reuters"/>
<dc element="dc.creator.location" value="OSLO"/>
<dc element="dc.creator.location.country.name" value="NORWAY"/>
<dc element="dc.source" value="Reuters"/>
</metadata>
</newsitem>
