<?xml version="1.0" encoding="iso-8859-1" ?>
<newsitem itemid="377579" id="root" date="1997-03-13" xml:lang="en">
<title>BELGIUM: EU still unable to agree on base area penalties.</title>
<headline>EU still unable to agree on base area penalties.</headline>
<dateline>BRUSSELS 1997-03-13</dateline>
<text>
<p>European Union member states are still unable to agree on a proposal to make penalties for exceeding planting limits on cereals and oilseeds more flexible, a Dutch Presidency spokesman said on Thursday.</p>
<p>Germany, France and Italy continue to demand a change allowing penalties to be targeted on those regions which exceed the limits but this is not acceptable to the European Commission, the official told a news briefing.</p>
<p>The presidency will not ask for a decision at next week's farm ministers meeting.</p>
<p>&quot;We are not pressing for a decision. It will be a question of seeing how the Council feels. There is still a lot of opposition,&quot; the official said.</p>
<p>Germany has said that it wants to be able to target penalties because former east German states have been penalised for overplanting in western Germany.</p>
<p>Lack of agreement means that farmers are faced with national penalties and no special exceptions for countries such as Spain which are vulnerable to drought.</p>
<p>The proposal was sent back for further study by farm ministers in December when a Commisison spokesman said that the changes being demanded by Germany and other member states would weaken the 1992 reform of the Common Agricultural Policy and make the system too complex.</p>
<p>--Brussels Newsroom 32 2 287 6800</p>
</text>
<copyright>(c) Reuters Limited 1997</copyright>
<metadata>
<codes class="bip:countries:1.0">
  <code code="EEC">
    <editdetail attribution="Reuters BIP Coding Group" action="confirmed" date="1997-03-13"/>
  </code>
  <code code="FRA">
    <editdetail attribution="Reuters BIP Coding Group" action="confirmed" date="1997-03-13"/>
  </code>
  <code code="GFR">
    <editdetail attribution="Reuters BIP Coding Group" action="confirmed" date="1997-03-13"/>
  </code>
  <code code="ITALY">
    <editdetail attribution="Reuters BIP Coding Group" action="confirmed" date="1997-03-13"/>
  </code>
</codes>
<codes class="bip:industries:1.0">
  <code code="I01001">
    <editdetail attribution="Reuters BIP Coding Group" action="confirmed" date="1997-03-13"/>
  </code>
  <code code="I0100132">
    <editdetail attribution="Reuters BIP Coding Group" action="confirmed" date="1997-03-13"/>
  </code>
</codes>
<codes class="bip:topics:1.0">
  <code code="C24">
    <editdetail attribution="Reuters BIP Coding Group" action="confirmed" date="1997-03-13"/>
  </code>
  <code code="CCAT">
    <editdetail attribution="Reuters BIP Coding Group" action="confirmed" date="1997-03-13"/>
  </code>
  <code code="G15">
    <editdetail attribution="Reuters BIP Coding Group" action="confirmed" date="1997-03-13"/>
  </code>
  <code code="G153">
    <editdetail attribution="Reuters BIP Coding Group" action="confirmed" date="1997-03-13"/>
  </code>
  <code code="GCAT">
    <editdetail attribution="Reuters BIP Coding Group" action="confirmed" date="1997-03-13"/>
  </code>
</codes>
<dc element="dc.date.created" value="1997-03-13"/>
<dc element="dc.publisher" value="Reuters Holdings Plc"/>
<dc element="dc.date.published" value="1997-03-13"/>
<dc element="dc.source" value="Reuters"/>
<dc element="dc.creator.location" value="BRUSSELS"/>
<dc element="dc.creator.location.country.name" value="BELGIUM"/>
<dc element="dc.source" value="Reuters"/>
</metadata>
</newsitem>
