<?xml version="1.0" encoding="iso-8859-1" ?>
<newsitem itemid="556268" id="root" date="1997-05-02" xml:lang="en">
<title>USA: Indiana/Ohio direct hogs mostly off $0.50 - USDA.</title>
<headline>Indiana/Ohio direct hogs mostly off $0.50 - USDA.</headline>
<dateline>SPRINGFIELD 1997-05-02</dateline>
<text>
<p>USDA said barrows and gilts were mostly off $0.50. Demand and supplies light to moderate.</p>
<p>	  US 1-2 230-260 lbs. 55.50-56.50 Few 55.00 &amp; 57.00</p>
<p>				    Plants 56.00-58.00</p>
<p>	     2-3 230-260 lbs. 51.50-55.00</p>
<p>		   210-230 lbs. 46.50-51.50</p>
<p>	  Sows: $1.00 higher.</p>
<p>	  US 1-3 300-450 lbs.  42.00-44.50</p>
<p>		   450-500 lbs.  44.50-46.00</p>
<p>		   500-600 lbs.  46.50-50.50</p>
<p>		   Few over 600 lbs. 49.50-51.50</p>
</text>
<copyright>(c) Reuters Limited 1997</copyright>
<metadata>
<codes class="bip:countries:1.0">
  <code code="USA">
    <editdetail attribution="Reuters BIP Coding Group" action="confirmed" date="1997-05-02"/>
  </code>
</codes>
<codes class="bip:topics:1.0">
  <code code="M14">
    <editdetail attribution="Reuters BIP Coding Group" action="confirmed" date="1997-05-02"/>
  </code>
  <code code="M141">
    <editdetail attribution="Reuters BIP Coding Group" action="confirmed" date="1997-05-02"/>
  </code>
  <code code="MCAT">
    <editdetail attribution="Reuters BIP Coding Group" action="confirmed" date="1997-05-02"/>
  </code>
</codes>
<dc element="dc.date.created" value="1997-05-02"/>
<dc element="dc.publisher" value="Reuters Holdings Plc"/>
<dc element="dc.date.published" value="1997-05-02"/>
<dc element="dc.source" value="Reuters"/>
<dc element="dc.creator.location" value="SPRINGFIELD"/>
<dc element="dc.creator.location.country.name" value="USA"/>
<dc element="dc.source" value="Reuters"/>
</metadata>
</newsitem>
