<?xml version="1.0" encoding="iso-8859-1" ?>
<newsitem itemid="536364" id="root" date="1997-04-24" xml:lang="en">
<title>INDIA: Indian soybean, oil down, meal steady.</title>
<headline>Indian soybean, oil down, meal steady.</headline>
<dateline>INDORE, India 1997-04-24</dateline>
<text>
<p>Soybean prices were down 50-100 rupees per tonne on increased arrivals in central Indian markets on Thursday, dealers said.</p>
<p>Business volume was dull and the undertone steady. Purchasing from processing plants was good.</p>
<p>Soyoil solvent prices were down by 300 rupees per tonne on heavy selling from solvent plants. Soyoil refined prices were steady but soyoil solvent was down by 300 rupees per tonne. Business volume was dull and the undertone was easy.</p>
<p>Soymeal and rapeseed extraction prices remained steady. Trading activity was very dull and the undertone was steady. Soymeal yellow was $319-320 per tonne FAS (Free alongside Ship) in west coast ports in export. Rapeseed extraction was $118-120 per tonne FAS (Free alongside Ship) in west coast ports in export. Business volume was dull.</p>
<p>					 ------------------------</p>
<p>					(Prices in rupees per tonne)</p>
<p>Market    Arrivals	  Auction    Traders Plant    Plant</p>
<p>	   (in tonnes)</p>
<p>Dewas	 50 Yellow 13,100-13,400 13,300-13,450 13,250-13,550</p>
<p>		   Yellow					 Not Quoted</p>
<p>Indore	25 Yellow 13,100-13,300 13,250-13,400</p>
<p>Dhar	  20 Yellow 13,100-13,400 13,300-13,450</p>
<p>Barnagar   n.a Yellow	 -		 -</p>
<p>Jaora	 20 Yellow 13,000-13,250 13,150-13,300</p>
<p>Neemuch    100 Yellow 12,650-13,000 12,900-13,100</p>
<p>Ujjain     n.a Yellow	 -		 -</p>
<p>Ashoknagar n.a Yellow	 -		 -</p>
<p>Mandsaur    50 Yellow 12,800-13,100 13,050-13,200</p>
<p>Mhow	 n.a Yellow	 -		 -</p>
<p>Ratlam     n.a Yellow	 -		 -</p>
<p>Ashta	n.a Yellow	 -		 -</p>
<p>Khandwa    n.a Yellow	 -		 -</p>
<p>Sonkutch   n.a Yellow	 -		 -</p>
<p>Harda	 80 Yellow 12,800-13,100 13,050-13,200</p>
<p>		   ----------------------------------</p>
<p>Soyoil (in rupees per tonne)</p>
<p>Soyoil solvent   plant delivery	    26,600-26,700</p>
<p>Soyoil solvent   market delivery	   27,000-27,100</p>
<p>Soyoil refined   plant delivery	    29,200-29,300</p>
<p>Soyoil refined   market delivery	   29,400-29,500</p>
<p>		    --------------------------------</p>
<p>Soymeal (in rupees per tonne, free on rail-FOR)</p>
<p>			     Yellow	     Black</p>
<p>FOR Bombay	   11,350-11,400     Not quoted</p>
<p>FOR Bedi Bunder    11,350-11,400     Not quoted</p>
<p>($1=35.74 rupees)</p>
</text>
<copyright>(c) Reuters Limited 1997</copyright>
<metadata>
<codes class="bip:countries:1.0">
  <code code="INDIA">
    <editdetail attribution="Reuters BIP Coding Group" action="confirmed" date="1997-04-24"/>
  </code>
</codes>
<codes class="bip:topics:1.0">
  <code code="M14">
    <editdetail attribution="Reuters BIP Coding Group" action="confirmed" date="1997-04-24"/>
  </code>
  <code code="M141">
    <editdetail attribution="Reuters BIP Coding Group" action="confirmed" date="1997-04-24"/>
  </code>
  <code code="MCAT">
    <editdetail attribution="Reuters BIP Coding Group" action="confirmed" date="1997-04-24"/>
  </code>
</codes>
<dc element="dc.date.created" value="1997-04-24"/>
<dc element="dc.publisher" value="Reuters Holdings Plc"/>
<dc element="dc.date.published" value="1997-04-24"/>
<dc element="dc.source" value="Reuters"/>
<dc element="dc.creator.location" value="INDORE, India"/>
<dc element="dc.creator.location.country.name" value="INDIA"/>
<dc element="dc.source" value="Reuters"/>
</metadata>
</newsitem>
