<?xml version="1.0" encoding="iso-8859-1" ?>
<newsitem itemid="704572" id="root" date="1997-07-03" xml:lang="en">
<title>SLOVENIA: Slovenia to issue three-year bond on July 23.</title>
<headline>Slovenia to issue three-year bond on July 23.</headline>
<dateline>LJUBLJANA 1997-07-03</dateline>
<text>
<p>Slovenia's government said on Thursday it would issue a three-year bond on July 23 worth up to five billion tolars ($31.5 million) in order to cover the budget deficit.</p>
<p>The bond would carry an interest rate of six percent over Slovenia's basic interest rate TOM and would be denominated in 100,000 tolars. Interest rates would be paid bi-annually.</p>
<p>TOM, which changes monthly according to the rate of inflation over the past 12 months, reflected a monthly rate of 0.7 percent in July.</p>
<p>The bonds will be offered to Slovenian banks who will be able to sell them to other buyers.</p>
<p>Slovenia expects to have a budget deficit of 26.7 billion tolars in the first nine months of this year. -- Marja Novak, Ljubljana newsroom, 386-61-125-8439</p>
<p>($ = 158.5 Slovenian Tolars)</p>
</text>
<copyright>(c) Reuters Limited 1997</copyright>
<metadata>
<codes class="bip:countries:1.0">
  <code code="SLVNIA">
    <editdetail attribution="Reuters BIP Coding Group" action="confirmed" date="1997-07-03"/>
  </code>
</codes>
<codes class="bip:topics:1.0">
  <code code="E21">
    <editdetail attribution="Reuters BIP Coding Group" action="confirmed" date="1997-07-03"/>
  </code>
  <code code="E212">
    <editdetail attribution="Reuters BIP Coding Group" action="confirmed" date="1997-07-03"/>
  </code>
  <code code="ECAT">
    <editdetail attribution="Reuters BIP Coding Group" action="confirmed" date="1997-07-03"/>
  </code>
</codes>
<dc element="dc.date.created" value="1997-07-03"/>
<dc element="dc.publisher" value="Reuters Holdings Plc"/>
<dc element="dc.date.published" value="1997-07-03"/>
<dc element="dc.source" value="Reuters"/>
<dc element="dc.creator.location" value="LJUBLJANA"/>
<dc element="dc.creator.location.country.name" value="SLOVENIA"/>
<dc element="dc.source" value="Reuters"/>
</metadata>
</newsitem>
