<?xml version="1.0" encoding="iso-8859-1" ?>
<newsitem itemid="220404" id="root" date="1996-11-27" xml:lang="en">
<title>USA: Sullivan's Island, S.C., rejects $1.2 mln GO bonds.</title>
<headline>Sullivan's Island, S.C., rejects $1.2 mln GO bonds.</headline>
<dateline>SULLIVAN'S ISLAND, S.C. 1996-11-27</dateline>
<text>
<p>Voters in South Carolina's Suillivan's Island rejected a $1.2 million general obligation bond issue for sewer plant improvements, city officials said.</p>
<p>The proposal failed 220-186 in a referendum Tuesday. The measure would have raised annual property taxes by $47.20 per $100,000 of assessed value.</p>
<p>Town officials had expected the proposal to pass and included the increase in property tax bills already mailed to homeowners. The town council will decied at a Dec 17 meeting whether to revise the bills.</p>
<p>--Jane Sutton, 305-374-5013</p>
</text>
<copyright>(c) Reuters Limited 1996</copyright>
<metadata>
<codes class="bip:countries:1.0">
  <code code="USA">
    <editdetail attribution="Reuters BIP Coding Group" action="confirmed" date="1996-11-27"/>
  </code>
</codes>
<codes class="bip:topics:1.0">
  <code code="E21">
    <editdetail attribution="Reuters BIP Coding Group" action="confirmed" date="1996-11-27"/>
  </code>
  <code code="E212">
    <editdetail attribution="Reuters BIP Coding Group" action="confirmed" date="1996-11-27"/>
  </code>
  <code code="ECAT">
    <editdetail attribution="Reuters BIP Coding Group" action="confirmed" date="1996-11-27"/>
  </code>
  <code code="GCAT">
    <editdetail attribution="Reuters BIP Coding Group" action="confirmed" date="1996-11-27"/>
  </code>
  <code code="GPOL">
    <editdetail attribution="Reuters BIP Coding Group" action="confirmed" date="1996-11-27"/>
  </code>
</codes>
<dc element="dc.date.created" value="1996-11-27"/>
<dc element="dc.publisher" value="Reuters Holdings Plc"/>
<dc element="dc.date.published" value="1996-11-27"/>
<dc element="dc.source" value="Reuters"/>
<dc element="dc.creator.location" value="SULLIVAN'S ISLAND, S.C."/>
<dc element="dc.creator.location.country.name" value="USA"/>
<dc element="dc.source" value="Reuters"/>
</metadata>
</newsitem>
