<?xml version="1.0" encoding="iso-8859-1" ?>
<newsitem itemid="405433" id="root" date="1997-02-26" xml:lang="en">
<title>SINGAPORE: SIMEX Nikkei futures end off as upside move fails.</title>
<headline>SIMEX Nikkei futures end off as upside move fails.</headline>
<dateline>SINGAPORE 1997-02-26</dateline>
<text>
<p>SIMEX Nikkei futures ended easier on Wednesday after veering near, but failing to breach, a key resistance level.</p>
<p>Dealers said interest was dampened by caution ahead of U.S. Federal Reserve chairman Alan Greenspan's two-part speech to the Senate Banking Committee on Wednesday and Thursday.</p>
<p>&quot;People don't want to get themselves into an ugly position ahead of Greenspan,&quot; said a senior trader with an Asian house.</p>
<p>He said participants were also keeping to the sidelines ahead of a slew of Japanese economic data on Thursday and Friday.  </p>
<p>The benchmark Nikkei 225 March contract finished 165 points lower at 18,975 after hitting a high of 19,245. Turnover was a light 14,475 lots.</p>
<p>Dealers said the March Nikkei needed to breach resistance at 19,250 convincingly to head higher.</p>
<p>On the downside, support is seen at 18,800 and 18,500.</p>
<p>The MSCI Taiwan index contract ended at 320.2 against its opening 326.5 on volume of 788 lots.</p>
<p>-- Sonali Desai (65-8703090)</p>
</text>
<copyright>(c) Reuters Limited 1997</copyright>
<metadata>
<codes class="bip:countries:1.0">
  <code code="SINGP">
    <editdetail attribution="Reuters BIP Coding Group" action="confirmed" date="1997-02-26"/>
  </code>
</codes>
<codes class="bip:topics:1.0">
  <code code="M11">
    <editdetail attribution="Reuters BIP Coding Group" action="confirmed" date="1997-02-26"/>
  </code>
  <code code="MCAT">
    <editdetail attribution="Reuters BIP Coding Group" action="confirmed" date="1997-02-26"/>
  </code>
</codes>
<dc element="dc.date.created" value="1997-02-26"/>
<dc element="dc.publisher" value="Reuters Holdings Plc"/>
<dc element="dc.date.published" value="1997-02-26"/>
<dc element="dc.source" value="Reuters"/>
<dc element="dc.creator.location" value="SINGAPORE"/>
<dc element="dc.creator.location.country.name" value="SINGAPORE"/>
<dc element="dc.source" value="Reuters"/>
</metadata>
</newsitem>
