<?xml version="1.0" encoding="iso-8859-1" ?>
<newsitem itemid="162887" id="root" date="1996-11-04" xml:lang="en">
<title>USA: Lee Enterprises to sell unit for $55 mln.</title>
<headline>Lee Enterprises to sell unit for $55 mln.</headline>
<dateline>DAVENPORT, Iowa 1996-11-04</dateline>
<text>
<p>Lee Enterprises Inc said Monday it signed a letter of intent to sell its graphic arts products subsidiary, NAPP Systems Inc, to Polyfibron Technologies Inc of Billerica, Mass., for $55 milion.</p>
<p>NAPP, based in San Marcos, Calif., makes and distributes photopolymer printing plates and plate processing systems throughout the world.  </p>
<p>The transaction, which is subject to regulatory approval, is expected to close by December 31.</p>
<p>Lee said the sale will permit it to concentrate on its core media businesses.</p>
<p>&quot;The proceeds will be available for Lee stock repurchases or other investment as appropriate,&quot; Richard Gottlieb, president, said in a statement.</p>
<p>Reuters Chicago Newsdesk - 312-408-8787</p>
</text>
<copyright>(c) Reuters Limited 1996</copyright>
<metadata>
<codes class="bip:countries:1.0">
  <code code="USA">
    <editdetail attribution="Reuters BIP Coding Group" action="confirmed" date="1996-11-04"/>
  </code>
</codes>
<codes class="bip:industries:1.0">
  <code code="I47510">
    <editdetail attribution="Reuters BIP Coding Group" action="confirmed" date="1996-11-04"/>
  </code>
</codes>
<codes class="bip:topics:1.0">
  <code code="C18">
    <editdetail attribution="Reuters BIP Coding Group" action="confirmed" date="1996-11-04"/>
  </code>
  <code code="C181">
    <editdetail attribution="Reuters BIP Coding Group" action="confirmed" date="1996-11-04"/>
  </code>
  <code code="CCAT">
    <editdetail attribution="Reuters BIP Coding Group" action="confirmed" date="1996-11-04"/>
  </code>
</codes>
<dc element="dc.date.created" value="1996-11-04"/>
<dc element="dc.publisher" value="Reuters Holdings Plc"/>
<dc element="dc.date.published" value="1996-11-04"/>
<dc element="dc.source" value="Reuters"/>
<dc element="dc.creator.location" value="DAVENPORT, Iowa"/>
<dc element="dc.creator.location.country.name" value="USA"/>
<dc element="dc.source" value="Reuters"/>
</metadata>
</newsitem>
