<?xml version="1.0" encoding="iso-8859-1" ?>
<newsitem itemid="434680" id="root" date="1997-03-11" xml:lang="en">
<title>JAPAN: Japan power demand seen to grow 2 pct/yr till 2006.</title>
<headline>Japan power demand seen to grow 2 pct/yr till 2006.</headline>
<dateline>TOKYO 1997-03-11</dateline>
<text>
<p>Japan's electricity demand will grow an average 2 percent per year during the 12-year period between 1995 and 2006, Japan's Electric Power Survey Committee said on Tuesday.</p>
<p>The industry body, comprised of regional power firms and power plant manufacturers, predicted the country's electricity demand in 2006 will total 964 billion Kilowatt hours (KWh), up 24 percent from the 1995 level.</p>
<p>Japan's 10 regional electric utilities draw their long-term plans for investment in plants and facilities based on the forecasts of the committee.</p>
</text>
<copyright>(c) Reuters Limited 1997</copyright>
<metadata>
<codes class="bip:countries:1.0">
  <code code="JAP">
    <editdetail attribution="Reuters BIP Coding Group" action="confirmed" date="1997-03-11"/>
  </code>
</codes>
<codes class="bip:industries:1.0">
  <code code="I16100">
    <editdetail attribution="Reuters BIP Coding Group" action="confirmed" date="1997-03-11"/>
  </code>
</codes>
<codes class="bip:topics:1.0">
  <code code="C21">
    <editdetail attribution="Reuters BIP Coding Group" action="confirmed" date="1997-03-11"/>
  </code>
  <code code="C31">
    <editdetail attribution="Reuters BIP Coding Group" action="confirmed" date="1997-03-11"/>
  </code>
  <code code="CCAT">
    <editdetail attribution="Reuters BIP Coding Group" action="confirmed" date="1997-03-11"/>
  </code>
</codes>
<dc element="dc.date.created" value="1997-03-11"/>
<dc element="dc.publisher" value="Reuters Holdings Plc"/>
<dc element="dc.date.published" value="1997-03-11"/>
<dc element="dc.source" value="Reuters"/>
<dc element="dc.creator.location" value="TOKYO"/>
<dc element="dc.creator.location.country.name" value="JAPAN"/>
<dc element="dc.source" value="Reuters"/>
</metadata>
</newsitem>
