<?xml version="1.0" encoding="iso-8859-1" ?>
<newsitem itemid="536155" id="root" date="1997-04-24" xml:lang="en">
<title>SWEDEN: Swedish shares end higher on Q1 reports, Ericsson.</title>
<headline>Swedish shares end higher on Q1 reports, Ericsson.</headline>
<dateline>STOCKHOLM 1997-04-24</dateline>
<text>
<p>Swedish shares ended higher on Thursday, boosted by first quarter earnings reports, a strong performance by telecoms group Ericsson and the forestry sector as well as by a stronger U.S. market.</p>
<p>The Stockholm general index rose 1.16 percent to 2,639.09 in turnover 4.96 billion crowns.</p>
<p>Ericsson rose 8.5 crowns to 252.5 ahead of releasing its first quarter report on Friday and U.S. computer group IBM</p>
</text>
<copyright>(c) Reuters Limited 1997</copyright>
<metadata>
<codes class="bip:countries:1.0">
  <code code="SWED">
    <editdetail attribution="Reuters BIP Coding Group" action="confirmed" date="1997-04-24"/>
  </code>
</codes>
<codes class="bip:topics:1.0">
  <code code="M11">
    <editdetail attribution="Reuters BIP Coding Group" action="confirmed" date="1997-04-24"/>
  </code>
  <code code="MCAT">
    <editdetail attribution="Reuters BIP Coding Group" action="confirmed" date="1997-04-24"/>
  </code>
</codes>
<dc element="dc.date.created" value="1997-04-24"/>
<dc element="dc.publisher" value="Reuters Holdings Plc"/>
<dc element="dc.date.published" value="1997-04-24"/>
<dc element="dc.source" value="Reuters"/>
<dc element="dc.creator.location" value="STOCKHOLM"/>
<dc element="dc.creator.location.country.name" value="SWEDEN"/>
<dc element="dc.source" value="Reuters"/>
</metadata>
</newsitem>
