<?xml version="1.0" encoding="iso-8859-1" ?>
<newsitem itemid="546025" id="root" date="1997-04-29" xml:lang="en">
<title>ZIMBABWE: ZIMBABWE DOLLAR STARTS TUESDAY SOFTER ON UNITS.</title>
<headline>ZIMBABWE DOLLAR STARTS TUESDAY SOFTER ON UNITS.</headline>
<dateline>HARARE 1997-04-29</dateline>
<text>
<p>Early Tuesday import pressure on the Zimbabwe dollar pushed it slightly down against most hard currencies on the interbank market but dealers did not expect it to stray much from its mid-morning levels the rest of the day.</p>
<p>&quot;There was a bit of early morning buying and we went to 11.3180/3280 but now we're starting to see a little bit of central bank intervention to support the dollar and it seems to have stabilised,&quot; one dealer said.</p>
<p>&quot;There's one institution still looking to buy (foreign currency) but we shouldn't see our dollar weaken much further. It will all depend on what support level the Reserve Bank comes in at,&quot; one dealer said.</p>
<p>At around 0800 GMT the Zimbabwe dollar was trading against the U.S. unit at 11.3135/3235, weaker compared to late Monday's 11.3050/3150 and was at 18.3615/4025 from 18.3400/3600 versus pound sterling.</p>
<p>It eased to 2.5340/5590 from 2.5300/5500 against the rand but was quoted firmer on Germany's mark at 6.5120/5370 compared to 6.5300/5500.</p>
<p>--Stella Mapenzauswa, Harare Newsroom: +263-4 72 52 27/8/9</p>
</text>
<copyright>(c) Reuters Limited 1997</copyright>
<metadata>
<codes class="bip:countries:1.0">
  <code code="ZIMBAB">
    <editdetail attribution="Reuters BIP Coding Group" action="confirmed" date="1997-04-29"/>
  </code>
</codes>
<codes class="bip:topics:1.0">
  <code code="M13">
    <editdetail attribution="Reuters BIP Coding Group" action="confirmed" date="1997-04-29"/>
  </code>
  <code code="M131">
    <editdetail attribution="Reuters BIP Coding Group" action="confirmed" date="1997-04-29"/>
  </code>
  <code code="M132">
    <editdetail attribution="Reuters BIP Coding Group" action="confirmed" date="1997-04-29"/>
  </code>
  <code code="MCAT">
    <editdetail attribution="Reuters BIP Coding Group" action="confirmed" date="1997-04-29"/>
  </code>
</codes>
<dc element="dc.date.created" value="1997-04-29"/>
<dc element="dc.publisher" value="Reuters Holdings Plc"/>
<dc element="dc.date.published" value="1997-04-29"/>
<dc element="dc.source" value="Reuters"/>
<dc element="dc.creator.location" value="HARARE"/>
<dc element="dc.creator.location.country.name" value="ZIMBABWE"/>
<dc element="dc.source" value="Reuters"/>
</metadata>
</newsitem>
