<?xml version="1.0" encoding="iso-8859-1" ?>
<newsitem itemid="691193" id="root" date="1997-06-26" xml:lang="en">
<title>SINGAPORE: Lung Kee hits new high, seen as buy.</title>
<headline>Lung Kee hits new high, seen as buy.</headline>
<dateline>SINGAPORE 1997-06-26</dateline>
<text>
<p>Lung Kee Metal Holdings Ltd hit a new year high at US$1.18 in early Thursday trade after it reported better-than-expected earnings for the year ended March 31, 1997.</p>
<p>At 0130 GMT, shares of the mould base maker were flat around US$1.15 on over 402,000 shares traded.</p>
<p>The company reported on Wednesday its net profit was at Hong Kong $98.46 million. Turnover hit HK$396.08 million.</p>
<p>These were above its own forecast of HK$93.5 million net profit and a turnover of HK$381 million made in the prospectus during the launch of its intitial public offer in January.  </p>
<p>Analysts said the results were five percent above the market consensus and they were maintaining buy recommendations on the company.</p>
<p>&quot;I am reiterating a buy recommendation and am expecting a 15 percent growth in its net profit this year,&quot; GK Goh analyst David Chan told Reuters.</p>
<p>Chan said Lung Kee's current share price remained attractive given the company's prospects.</p>
<p>&quot;Current price is trading at 15.5 times 1998 price earning (PE),&quot; he said.  </p>
<p>This was more attractive compared to competitor Japan-based mould base maker Futaba Corp, trading at over 32 times PE.</p>
<p>-- Singapore newsroom (65 8703083)</p>
</text>
<copyright>(c) Reuters Limited 1997</copyright>
<metadata>
<codes class="bip:countries:1.0">
  <code code="SINGP">
    <editdetail attribution="Reuters BIP Coding Group" action="confirmed" date="1997-06-26"/>
  </code>
</codes>
<codes class="bip:industries:1.0">
  <code code="I31000">
    <editdetail attribution="Reuters BIP Coding Group" action="confirmed" date="1997-06-26"/>
  </code>
  <code code="I34700">
    <editdetail attribution="Reuters BIP Coding Group" action="confirmed" date="1997-06-26"/>
  </code>
</codes>
<codes class="bip:topics:1.0">
  <code code="C15">
    <editdetail attribution="Reuters BIP Coding Group" action="confirmed" date="1997-06-26"/>
  </code>
  <code code="C151">
    <editdetail attribution="Reuters BIP Coding Group" action="confirmed" date="1997-06-26"/>
  </code>
  <code code="C152">
    <editdetail attribution="Reuters BIP Coding Group" action="confirmed" date="1997-06-26"/>
  </code>
  <code code="CCAT">
    <editdetail attribution="Reuters BIP Coding Group" action="confirmed" date="1997-06-26"/>
  </code>
</codes>
<dc element="dc.date.created" value="1997-06-26"/>
<dc element="dc.publisher" value="Reuters Holdings Plc"/>
<dc element="dc.date.published" value="1997-06-26"/>
<dc element="dc.source" value="Reuters"/>
<dc element="dc.creator.location" value="SINGAPORE"/>
<dc element="dc.creator.location.country.name" value="SINGAPORE"/>
<dc element="dc.source" value="Reuters"/>
</metadata>
</newsitem>
