<?xml version="1.0" encoding="iso-8859-1" ?>
<newsitem itemid="485777" id="root" date="1997-04-03" xml:lang="en">
<title>USA: Tennessee, Washington authorized for disaster aid.</title>
<headline>Tennessee, Washington authorized for disaster aid.</headline>
<dateline>WASHINGTON 1997-04-02</dateline>
<text>
<p>President Clinton Wednesday designated five counties in Tennessee and three in Washington state as disaster areas because of severe storms last month.</p>
<p>The action makes victims of storm damage in Tennessee's Bradley, Hamilton, Polk, Sequatchie and Smith counties eligible for federal disaster relief, including grants and low interest loans to finance repairs. Severe storms and tornadoes battered the state March 28.</p>
<p>The move does the same for people in the counties of Grays Harbor, King and Mason in Washington state, which was hit by heavy rains, flooding and mudslides March 18-28.</p>
</text>
<copyright>(c) Reuters Limited 1997</copyright>
<metadata>
<codes class="bip:countries:1.0">
  <code code="USA">
    <editdetail attribution="Reuters BIP Coding Group" action="confirmed" date="1997-04-03"/>
  </code>
</codes>
<codes class="bip:topics:1.0">
  <code code="GCAT">
    <editdetail attribution="Reuters BIP Coding Group" action="confirmed" date="1997-04-03"/>
  </code>
  <code code="GDIS">
    <editdetail attribution="Reuters BIP Coding Group" action="confirmed" date="1997-04-03"/>
  </code>
</codes>
<dc element="dc.date.created" value="1997-04-02"/>
<dc element="dc.publisher" value="Reuters Holdings Plc"/>
<dc element="dc.date.published" value="1997-04-03"/>
<dc element="dc.source" value="Reuters"/>
<dc element="dc.creator.location" value="WASHINGTON"/>
<dc element="dc.creator.location.country.name" value="USA"/>
<dc element="dc.source" value="Reuters"/>
</metadata>
</newsitem>
