<?xml version="1.0" encoding="iso-8859-1" ?>
<newsitem itemid="14460" id="root" date="1996-08-26" xml:lang="en">
<title>THAILAND: Thai interbank rate, baht steady in late trade.</title>
<headline>Thai interbank rate, baht steady in late trade.</headline>
<dateline>BANGKOK 1996-08-26</dateline>
<text>
<p>The Thai overnight interbank rate was steady at 7.25-7.50 percent late, unchanged from rates traded early today, dealers said.</p>
<p>The interbank rate was at 7.00 percent late on Friday.</p>
<p>&quot;The market was quiet today. There is an indication that the interbank rate will be higher tomorrow,&quot; said one dealer at a foreign bank.</p>
<p>Dealers said some banks began to borrow funds to meet the next round of central bank reserve requirements due on September 7 while interbank rates remained relatively low.  </p>
<p>The baht was steady at 25.285-25.290 in late trade compared with 25.287-25.290 earlier, dealers said.</p>
<p>&quot;The dollar/baht trade was in a narrow range today. The closure of Hong Kong and London markets made trading quiet in the afternoon,&quot; said one currency dealer.</p>
<p>The one-month baht/dollar swap premium rose to 7.00/8.00 satangs per dollar from 6.50/7.00 earlier and 6.20/6.70 late on Friday.</p>
<p>The mid-rate was fixed at 25.28 to the dollar against 25.31 on Friday.</p>
<p>-- Tang Nguyen (662) 652-0642</p>
</text>
<copyright>(c) Reuters Limited 1996</copyright>
<metadata>
<codes class="bip:countries:1.0">
  <code code="THAIL">
    <editdetail attribution="Reuters BIP Coding Group" action="confirmed" date="1996-08-26"/>
  </code>
</codes>
<codes class="bip:topics:1.0">
  <code code="M13">
    <editdetail attribution="Reuters BIP Coding Group" action="confirmed" date="1996-08-26"/>
  </code>
  <code code="M131">
    <editdetail attribution="Reuters BIP Coding Group" action="confirmed" date="1996-08-26"/>
  </code>
  <code code="M132">
    <editdetail attribution="Reuters BIP Coding Group" action="confirmed" date="1996-08-26"/>
  </code>
  <code code="MCAT">
    <editdetail attribution="Reuters BIP Coding Group" action="confirmed" date="1996-08-26"/>
  </code>
</codes>
<dc element="dc.date.created" value="1996-08-26"/>
<dc element="dc.publisher" value="Reuters Holdings Plc"/>
<dc element="dc.date.published" value="1996-08-26"/>
<dc element="dc.source" value="Reuters"/>
<dc element="dc.creator.location" value="BANGKOK"/>
<dc element="dc.creator.location.country.name" value="THAILAND"/>
<dc element="dc.source" value="Reuters"/>
</metadata>
</newsitem>
