<?xml version="1.0" encoding="iso-8859-1" ?>
<newsitem itemid="191250" id="root" date="1996-11-15" xml:lang="en">
<title>USA: CRITEF-III Partnership Q3 net income rises.</title>
<headline>CRITEF-III Partnership Q3 net income rises.</headline>
<dateline>ROCKVILLE, Md. 1996-11-15</dateline>
<text>
<p>CAPITAL REALTY INVESTORS TAX EXEMPT FUND III LIMITED</p>
<p>					 PARTNERSHIP</p>
<p>				Three months		  Nine months</p>
<p>		    1996	  1995**	    1996	  1995**</p>
<p>Cash Available</p>
<p>for Distribution:</p>
<p> Cash flow     $1,781,327  $1,442,204   $5,204,778  $4,820,355</p>
<p>(Deposits to)</p>
<p>withdrawals from working</p>
<p>capital/interest reserves</p>
<p>		    (187,752)     151,371     (424,053)   (39,630)</p>
<p>Total cash available</p>
<p> for distribut $1,593,575  $1,593,575   $4,780,725  $4,780,725</p>
<p>Distributions to:</p>
<p>General partner</p>
<p> (1.01%)	    $16,095     $16,095	$48,285     $48,285</p>
<p>BAC Holders (98.99%)</p>
<p>		   $1,577,480  $1,577,480   $4,732,440  $4,732,440</p>
<p>Cash Available for Distribution</p>
<p>to BAC Holders (98.99%) per BAC:</p>
<p>  Cash flow	    $0.34	$0.27	  $0.98	 $0.91</p>
<p>Deposits to working</p>
<p>capital/interest</p>
<p> reserves		(0.04)	0.03	  (0.08)     (0.01)</p>
<p>Distribution to</p>
<p> BAC Holders per BAC $0.30	$0.30	  $0.90	$0.90</p>
<p>Net income	$1,752,697  1,397,099   $5,228,538 $4,789,995</p>
<p>Net income allocated to BAC</p>
<p> Holders(98.99%) 1,734,99  $1,382,988   $5,175,730  4,741,616</p>
<p>Net inc per BAC     $0.33	 $0.26	  $0.98	$0.90</p>
<p>BACs outstand   5,258,268   5,258,268    5,258,268   5,258,268</p>
</text>
<copyright>(c) Reuters Limited 1996</copyright>
<metadata>
<codes class="bip:countries:1.0">
  <code code="USA">
    <editdetail attribution="Reuters BIP Coding Group" action="confirmed" date="1996-11-15"/>
  </code>
</codes>
<codes class="bip:industries:1.0">
  <code code="I81502">
    <editdetail attribution="Reuters BIP Coding Group" action="confirmed" date="1996-11-15"/>
  </code>
  <code code="I8150211">
    <editdetail attribution="Reuters BIP Coding Group" action="confirmed" date="1996-11-15"/>
  </code>
</codes>
<codes class="bip:topics:1.0">
  <code code="C15">
    <editdetail attribution="Reuters BIP Coding Group" action="confirmed" date="1996-11-15"/>
  </code>
  <code code="C151">
    <editdetail attribution="Reuters BIP Coding Group" action="confirmed" date="1996-11-15"/>
  </code>
  <code code="CCAT">
    <editdetail attribution="Reuters BIP Coding Group" action="confirmed" date="1996-11-15"/>
  </code>
</codes>
<dc element="dc.date.created" value="1996-11-15"/>
<dc element="dc.publisher" value="Reuters Holdings Plc"/>
<dc element="dc.date.published" value="1996-11-15"/>
<dc element="dc.source" value="Reuters"/>
<dc element="dc.creator.location" value="ROCKVILLE, Md."/>
<dc element="dc.creator.location.country.name" value="USA"/>
<dc element="dc.source" value="Reuters"/>
</metadata>
</newsitem>
