<?xml version="1.0" encoding="iso-8859-1" ?>
<newsitem itemid="132440" id="root" date="1996-10-22" xml:lang="en">
<title>USA: United Wisconsin Services HMO enrollment up.</title>
<headline>United Wisconsin Services HMO enrollment up.</headline>
<dateline>MILWAUKEE, Wis. 1996-10-22</dateline>
<text>
<p>United Wisconsin Services Inc said Tuesday its health maintenance organization enrollment as of September 30 was 259,000, up less than one percent from the same year-ago date.</p>
<p>The managed care company said HMO premiums for the third quarter increased four percent to $105.5 million from $101.0.</p>
<p>United Wisconsin also said it anticipates completing its previously announced merger with American Medical Security Group Inc, its joint venture partner, by early November. Shareholders of United Wisconsin will vote October 30 on the $67 million merger.</p>
</text>
<copyright>(c) Reuters Limited 1996</copyright>
<metadata>
<codes class="bip:countries:1.0">
  <code code="USA">
    <editdetail attribution="Reuters BIP Coding Group" action="confirmed" date="1996-10-22"/>
  </code>
</codes>
<codes class="bip:industries:1.0">
  <code code="I82003">
    <editdetail attribution="Reuters BIP Coding Group" action="confirmed" date="1996-10-22"/>
  </code>
</codes>
<codes class="bip:topics:1.0">
  <code code="C15">
    <editdetail attribution="Reuters BIP Coding Group" action="confirmed" date="1996-10-22"/>
  </code>
  <code code="C151">
    <editdetail attribution="Reuters BIP Coding Group" action="confirmed" date="1996-10-22"/>
  </code>
  <code code="C31">
    <editdetail attribution="Reuters BIP Coding Group" action="confirmed" date="1996-10-22"/>
  </code>
  <code code="CCAT">
    <editdetail attribution="Reuters BIP Coding Group" action="confirmed" date="1996-10-22"/>
  </code>
</codes>
<dc element="dc.date.created" value="1996-10-22"/>
<dc element="dc.publisher" value="Reuters Holdings Plc"/>
<dc element="dc.date.published" value="1996-10-22"/>
<dc element="dc.source" value="Reuters"/>
<dc element="dc.creator.location" value="MILWAUKEE, Wis."/>
<dc element="dc.creator.location.country.name" value="USA"/>
<dc element="dc.source" value="Reuters"/>
</metadata>
</newsitem>
