<?xml version="1.0" encoding="iso-8859-1" ?>
<newsitem itemid="125828" id="root" date="1996-10-18" xml:lang="en">
<title>USA: RESEARCH ALERT - U.S. Office buy repeated.</title>
<headline>RESEARCH ALERT - U.S. Office buy repeated.</headline>
<text>
<p>-- Natwest Securities said it repeated a buy rating on U.S. Office Products Inc after the company reported it agreed to buy 30 companies with combined annual revenues of about $605 million.</p>
<p>-- Shares of U.S. Office Products were trading off one to 33-1/2.</p>
<p>	     Chicago newsdesk 312 408 8787</p>
</text>
<copyright>(c) Reuters Limited 1996</copyright>
<metadata>
<codes class="bip:countries:1.0">
  <code code="USA">
    <editdetail attribution="Reuters BIP Coding Group" action="confirmed" date="1996-10-18"/>
  </code>
</codes>
<codes class="bip:industries:1.0">
  <code code="I49540">
    <editdetail attribution="Reuters BIP Coding Group" action="confirmed" date="1996-10-18"/>
  </code>
</codes>
<codes class="bip:topics:1.0">
  <code code="C15">
    <editdetail attribution="Reuters BIP Coding Group" action="confirmed" date="1996-10-18"/>
  </code>
  <code code="C152">
    <editdetail attribution="Reuters BIP Coding Group" action="confirmed" date="1996-10-18"/>
  </code>
  <code code="CCAT">
    <editdetail attribution="Reuters BIP Coding Group" action="confirmed" date="1996-10-18"/>
  </code>
</codes>
<dc element="dc.publisher" value="Reuters Holdings Plc"/>
<dc element="dc.date.published" value="1996-10-18"/>
<dc element="dc.source" value="Reuters"/>
<dc element="dc.creator.location.country.name" value="USA"/>
<dc element="dc.source" value="Reuters"/>
</metadata>
</newsitem>
