<?xml version="1.0" encoding="iso-8859-1" ?>
<newsitem itemid="133280" id="root" date="1996-10-22" xml:lang="en">
<title>BULGARIA: Bulgaria 119-day T-bills 99 pct sold, yield 114 pct.</title>
<headline>Bulgaria 119-day T-bills 99 pct sold, yield 114 pct.</headline>
<dateline>SOFIA 1996-10-22</dateline>
<text>
<p>Bulgaria's Finance Ministry offer of 6.9 billion levs of 119-day floater coupon T-bills was 98.5 percent sold, yielding 114.16 percent until maturity, the Bulgarian National Bank (BNB) said.</p>
<p>The issue was offered with no minimum acceptable price set in advance by the ministry.</p>
<p>The coupon was set equal to the BNB's central interest rate (CIR) for the period to maturity. The CIR is now set at 20 percent montly or 240 percent annually.</p>
<p>Details of the issue follow. Prices are in percent of par:</p>
<p> Issue number		    BG 3019896029</p>
<p> Par value			 6.9 bln levs</p>
<p> Auction date		    October 21, 1996</p>
<p> Issue date			October 23, 1996</p>
<p> Maturity date		   February 19, 1997</p>
<p> Bids received		   6,899.9 million levs</p>
<p> Avg price of bids	     82.89 pct</p>
<p> Bids approved		   6,799.3 million levs</p>
<p> Avg accepted price	    83.23 levs</p>
<p> Average yield to maturity   114.16 pct</p>
<p>-- Sofia Newsroom, 359-2-84561</p>
</text>
<copyright>(c) Reuters Limited 1996</copyright>
<metadata>
<codes class="bip:countries:1.0">
  <code code="BUL">
    <editdetail attribution="Reuters BIP Coding Group" action="confirmed" date="1996-10-22"/>
  </code>
</codes>
<codes class="bip:topics:1.0">
  <code code="M13">
    <editdetail attribution="Reuters BIP Coding Group" action="confirmed" date="1996-10-22"/>
  </code>
  <code code="M131">
    <editdetail attribution="Reuters BIP Coding Group" action="confirmed" date="1996-10-22"/>
  </code>
  <code code="MCAT">
    <editdetail attribution="Reuters BIP Coding Group" action="confirmed" date="1996-10-22"/>
  </code>
</codes>
<dc element="dc.date.created" value="1996-10-22"/>
<dc element="dc.publisher" value="Reuters Holdings Plc"/>
<dc element="dc.date.published" value="1996-10-22"/>
<dc element="dc.source" value="Reuters"/>
<dc element="dc.creator.location" value="SOFIA"/>
<dc element="dc.creator.location.country.name" value="BULGARIA"/>
<dc element="dc.source" value="Reuters"/>
</metadata>
</newsitem>
