<?xml version="1.0" encoding="iso-8859-1" ?>
<newsitem itemid="760050" id="root" date="1997-07-28" xml:lang="en">
<title>USA: N.J. Salem 2 nuke seen ready to restart next week.</title>
<headline>N.J. Salem 2 nuke seen ready to restart next week.</headline>
<dateline>NEW YORK 1997-07-28</dateline>
<text>
<p>The 1,106 megawatt (MW) unit 2 at the Salem nuclear power plant in southern New Jersey was planned to be ready to restart next week, the operator Public Service Electric &amp; Gas Co (PSE&amp;G) said Monday.</p>
<p>Salem 2's reactor was cooled from &quot;hot standby&quot; to &quot;cold shutdown&quot; mode last week after engineers discovered problems with the unit's spray valves.</p>
<p>&quot;We're finishing repairs by the early part of this week. They'll test again. We should be back to normal operating temperature by next week,&quot; a PSE&amp;G spokeswoman said.</p>
<p>The Nuclear Regulatory Commission (NRC) has withheld restart approval for Salem 2 until it receives word from PSE&amp;G that the unit is in safe condition to startup after the valve repairs.</p>
<p>PSE&amp;G had hoped to restore Salem 2 to service before the end of July.</p>
<p>Salem 2 and adjoining unit 1, with the same generating capacity, have been shut for more than two years due to safety concerns raised by the NRC.</p>
<p>Salem 2 was physically ready to resume operation before the valve problem cropped up.</p>
<p>&quot;We're satisfied that they've met those issues. It's a matter of them fine-tuning,&quot; a NRC spokesman said, referring to the valve work underway.</p>
<p>In addition to PSE&amp;G, PECO Energy Co, Atlantic Energy Co and Delmarva Power &amp; Light Co are the other owners of the Salem units.</p>
<p>((--R Leong, New York Power Desk +1 212 859 1622))</p>
</text>
<copyright>(c) Reuters Limited 1997</copyright>
<metadata>
<codes class="bip:countries:1.0">
  <code code="USA">
    <editdetail attribution="Reuters BIP Coding Group" action="confirmed" date="1997-07-28"/>
  </code>
</codes>
<codes class="bip:industries:1.0">
  <code code="I16000">
    <editdetail attribution="Reuters BIP Coding Group" action="confirmed" date="1997-07-28"/>
  </code>
  <code code="I16100">
    <editdetail attribution="Reuters BIP Coding Group" action="confirmed" date="1997-07-28"/>
  </code>
</codes>
<codes class="bip:topics:1.0">
  <code code="C24">
    <editdetail attribution="Reuters BIP Coding Group" action="confirmed" date="1997-07-28"/>
  </code>
  <code code="CCAT">
    <editdetail attribution="Reuters BIP Coding Group" action="confirmed" date="1997-07-28"/>
  </code>
</codes>
<dc element="dc.date.created" value="1997-07-28"/>
<dc element="dc.publisher" value="Reuters Holdings Plc"/>
<dc element="dc.date.published" value="1997-07-28"/>
<dc element="dc.source" value="Reuters"/>
<dc element="dc.creator.location" value="NEW YORK"/>
<dc element="dc.creator.location.country.name" value="USA"/>
<dc element="dc.source" value="Reuters"/>
</metadata>
</newsitem>
