<?xml version="1.0" encoding="iso-8859-1" ?>
<newsitem itemid="451801" id="root" date="1997-03-18" xml:lang="en">
<title>ITALY: Bergamo air cargo traffic up 14.6 pct in Feb 97.</title>
<headline>Bergamo air cargo traffic up 14.6 pct in Feb 97.</headline>
<dateline>ROME 1997-03-18</dateline>
<text>
<p>Bergamo airport handled 3,989 tonnes of air cargo traffic in February 1997, up 14.6 percent against the same period 1996, the airport authority said.</p>
<p>January to February 1997 air cargo rose 18.8 percent at 7,782 tonnes against 6,547 tonnes a year earlier.</p>
<p> Aircraft movements	    Feb 97     Feb 96</p>
<p> On Line			    441	  144</p>
<p> Charter			    169	  146</p>
<p> Express operators		578	  628</p>
<p> All cargo			    0	    4</p>
<p> Other				122	  179</p>
<p> Total Commercial Aviation   1310	 1101</p>
<p> General Aviation		 560	  506</p>
<p> Total All traffic	     1870	 1607</p>
<p>- Reuters Air Cargo Newsroom Tel+44 171 542 7706 Fax:5017</p>
</text>
<copyright>(c) Reuters Limited 1997</copyright>
<metadata>
<codes class="bip:countries:1.0">
  <code code="ITALY">
    <editdetail attribution="Reuters BIP Coding Group" action="confirmed" date="1997-03-18"/>
  </code>
</codes>
<codes class="bip:industries:1.0">
  <code code="I75000">
    <editdetail attribution="Reuters BIP Coding Group" action="confirmed" date="1997-03-18"/>
  </code>
  <code code="I77002">
    <editdetail attribution="Reuters BIP Coding Group" action="confirmed" date="1997-03-18"/>
  </code>
</codes>
<codes class="bip:topics:1.0">
  <code code="C31">
    <editdetail attribution="Reuters BIP Coding Group" action="confirmed" date="1997-03-18"/>
  </code>
  <code code="CCAT">
    <editdetail attribution="Reuters BIP Coding Group" action="confirmed" date="1997-03-18"/>
  </code>
</codes>
<dc element="dc.date.created" value="1997-03-18"/>
<dc element="dc.publisher" value="Reuters Holdings Plc"/>
<dc element="dc.date.published" value="1997-03-18"/>
<dc element="dc.source" value="Reuters"/>
<dc element="dc.creator.location" value="ROME"/>
<dc element="dc.creator.location.country.name" value="ITALY"/>
<dc element="dc.source" value="Reuters"/>
</metadata>
</newsitem>
