<?xml version="1.0" encoding="iso-8859-1" ?>
<newsitem itemid="22940" id="root" date="1996-08-29" xml:lang="en">
<title>GREECE: Table of Greek mutual fund flows, assets.</title>
<headline>Table of Greek mutual fund flows, assets.</headline>
<dateline>ATHENS 1996-08-29</dateline>
<text>
<p>Ionian Bank reported the following daily and year-to-date changes in the volume of Greek mutual fund outstanding shares, net assets and net share prices.</p>
<p>					Aug 28/Aug 27  Aug 28/Dec 31, 95</p>
<p>						 (%)		  (%)</p>
<p>NET SHARE PRICES*</p>
<p>  Total market			    0.05		 8.40</p>
<p>  Fixed income mutual funds	   0.04		 9.09</p>
<p>  International funds		   0.12		 2.60</p>
<p>  Growth Funds			    0.13		 1.46</p>
<p>* Prices include distributed dividends</p>
<p>VOLUME OF SHARES</p>
<p>  Total market			    0.17		23.25</p>
<p>  Fixed income mutual funds	   0.19		26.81</p>
<p>  International funds		  -0.22	     -17.74</p>
<p>  Growth funds			   -0.06		-4.35</p>
<p>NET ASSETS</p>
<p>  Total market			    0.22		32.41</p>
<p>  Fixed income mutual funds	   0.23		36.90</p>
<p>  International funds		  -0.09	     -16.92</p>
<p>  Growth funds			    0.07		-4.49</p>
<p>All calculations are based on a performance index of mutual funds whose base was set to be equal to 100 on December 31, 1991.</p>
<p>--Dimitris Kontogiannis, Athens Newsroom +301 3311812-4</p>
</text>
<copyright>(c) Reuters Limited 1996</copyright>
<metadata>
<codes class="bip:countries:1.0">
  <code code="GREECE">
    <editdetail attribution="Reuters BIP Coding Group" action="confirmed" date="1996-08-29"/>
  </code>
</codes>
<codes class="bip:industries:1.0">
  <code code="I81502">
    <editdetail attribution="Reuters BIP Coding Group" action="confirmed" date="1996-08-29"/>
  </code>
  <code code="I8150211">
    <editdetail attribution="Reuters BIP Coding Group" action="confirmed" date="1996-08-29"/>
  </code>
</codes>
<codes class="bip:topics:1.0">
  <code code="C15">
    <editdetail attribution="Reuters BIP Coding Group" action="confirmed" date="1996-08-29"/>
  </code>
  <code code="C151">
    <editdetail attribution="Reuters BIP Coding Group" action="confirmed" date="1996-08-29"/>
  </code>
  <code code="CCAT">
    <editdetail attribution="Reuters BIP Coding Group" action="confirmed" date="1996-08-29"/>
  </code>
  <code code="M11">
    <editdetail attribution="Reuters BIP Coding Group" action="confirmed" date="1996-08-29"/>
  </code>
  <code code="MCAT">
    <editdetail attribution="Reuters BIP Coding Group" action="confirmed" date="1996-08-29"/>
  </code>
</codes>
<dc element="dc.date.created" value="1996-08-29"/>
<dc element="dc.publisher" value="Reuters Holdings Plc"/>
<dc element="dc.date.published" value="1996-08-29"/>
<dc element="dc.source" value="Reuters"/>
<dc element="dc.creator.location" value="ATHENS"/>
<dc element="dc.creator.location.country.name" value="GREECE"/>
<dc element="dc.source" value="Reuters"/>
</metadata>
</newsitem>
