<?xml version="1.0" encoding="iso-8859-1" ?>
<newsitem itemid="319882" id="root" date="1997-01-20" xml:lang="en">
<title>UK: Budgens saw strong sales in January.</title>
<headline>Budgens saw strong sales in January.</headline>
<dateline>LONDON 1997-01-20</dateline>
<text>
<p>Budgens Plc, the second line supermarket group, reported strong sales growth in January on Monday but added that as usual the group failed to benfit from the kind of bumper growth enjoyed by the supermarket giants over the Christmas period. Pretax profits for the 28 weeks to November 10 rose 17.7 percent to 5.04 million stg, with the interim payout up 14.3 percent to 0.40 pence per share. Sales were 183 million, compared to a restated 169.3 million for 1995, which excludes National Lottery ticket sales.  </p>
<p>John von Spreckelsen, chief executive, said &quot;Budgens continues to perform well despite extremely competitive market conditions.&quot;</p>
<p>&quot;The Christmas trading period has traditionally not had the same impact on the Budgens store portfolio as it has on the superstores. The group experienced a lower rate of growth in the run-up to Christmas and comparatively strong sales thereafter into January.&quot;</p>
<p>Like-for-like sales were up 4.5 percent in the period, with total sales up 8.1 percent. The period saw operating margins improve to 3.6 percent from 3.4 percent.</p>
<p>-- London newsroom +44 171 5427717</p>
</text>
<copyright>(c) Reuters Limited 1997</copyright>
<metadata>
<codes class="bip:countries:1.0">
  <code code="UK">
    <editdetail attribution="Reuters BIP Coding Group" action="confirmed" date="1997-01-20"/>
  </code>
</codes>
<codes class="bip:industries:1.0">
  <code code="I64100">
    <editdetail attribution="Reuters BIP Coding Group" action="confirmed" date="1997-01-20"/>
  </code>
</codes>
<codes class="bip:topics:1.0">
  <code code="C31">
    <editdetail attribution="Reuters BIP Coding Group" action="confirmed" date="1997-01-20"/>
  </code>
  <code code="CCAT">
    <editdetail attribution="Reuters BIP Coding Group" action="confirmed" date="1997-01-20"/>
  </code>
</codes>
<dc element="dc.date.created" value="1997-01-20"/>
<dc element="dc.publisher" value="Reuters Holdings Plc"/>
<dc element="dc.date.published" value="1997-01-20"/>
<dc element="dc.source" value="Reuters"/>
<dc element="dc.creator.location" value="LONDON"/>
<dc element="dc.creator.location.country.name" value="UK"/>
<dc element="dc.source" value="Reuters"/>
</metadata>
</newsitem>
