<?xml version="1.0" encoding="iso-8859-1" ?>
<newsitem itemid="488234" id="root" date="1997-04-04" xml:lang="en">
<title>TUNISIA: Tunis bourse closes slightly lower, volume up.</title>
<headline>Tunis bourse closes slightly lower, volume up.</headline>
<dateline>TUNIS 1997-04-04</dateline>
<text>
<p>The Tunis Stock Exchange index closed slightly lower on Friday in higher trading volume boosted by the bond market, bourse sources said.</p>
<p>The 31-share index closed at 507.19, down 0.43 percent from 509.36 on Thursday.</p>
<p>Total volume was 12.975 million dinars against 877,008 dinars. Turnover on the bond market was 1.758 million dinars, and 1.375 million dinars in the over-the-counter exchanges.</p>
<p>&quot;Trade on the primary market continued to be calm. Investors are in a wait-and-see stance. But nobody knows what they expect,&quot; a broker said. Turnover on the first market was 527,747 dinars.</p>
<p>The only significant move on the primary market was Banque de Tunisie which fell 2.46 dinars to 80.14 dinars with only 684 shares changing hands. STB bank eased 0.6 dinar to 19.4 dinars.</p>
<p>Airline Tunis Air was up 0.3 dinar to 23 dinars with 4,857 shares changing hands.</p>
<p>($1=1.07 dinar)</p>
<p>Tunis newsroom 2161 787538</p>
</text>
<copyright>(c) Reuters Limited 1997</copyright>
<metadata>
<codes class="bip:countries:1.0">
  <code code="TUNIS">
    <editdetail attribution="Reuters BIP Coding Group" action="confirmed" date="1997-04-04"/>
  </code>
</codes>
<codes class="bip:topics:1.0">
  <code code="M11">
    <editdetail attribution="Reuters BIP Coding Group" action="confirmed" date="1997-04-04"/>
  </code>
  <code code="MCAT">
    <editdetail attribution="Reuters BIP Coding Group" action="confirmed" date="1997-04-04"/>
  </code>
</codes>
<dc element="dc.date.created" value="1997-04-04"/>
<dc element="dc.publisher" value="Reuters Holdings Plc"/>
<dc element="dc.date.published" value="1997-04-04"/>
<dc element="dc.source" value="Reuters"/>
<dc element="dc.creator.location" value="TUNIS"/>
<dc element="dc.creator.location.country.name" value="TUNISIA"/>
<dc element="dc.source" value="Reuters"/>
</metadata>
</newsitem>
