<?xml version="1.0" encoding="iso-8859-1" ?>
<newsitem itemid="446670" id="root" date="1997-03-17" xml:lang="en">
<title>HUNGARY: Rising Swiss franc dominate Hungary futures market.</title>
<headline>Rising Swiss franc dominate Hungary futures market.</headline>
<dateline>BUDAPEST 1997-03-17</dateline>
<text>
<p>Rising Swiss franc futures were in focus on the Budapest Commodity Exchange (BCE) on Monday, while no deals were struck on the Budapest Stock Exchange (BSE), traders said.</p>
<p>The BCE's financial section posted turnover of 6.3 billion forints, slightly lower than Friday's 6.54 billion but still above average, traders added.</p>
<p>Swiss franc futures rose by 13 fillers for September and 35 fillers for December but traders said the market expected a downward movement to start.</p>
<p>&quot;Most players are banking on a later price drop,&quot; said BCE trader Janos Mladenszki of Futures Broker.</p>
<p>He added that a considerable part of Monday's Swiss franc turnover was generated by banks' purchases, mainly for December.</p>
<p>A total 16,940 Swiss franc futures changed hands on Monday accounting for almost half of the BCE's currency futures turnover.</p>
<p>Last week's favourite of the BCE, the yen, continued to account for a significant number of contracts as it dropped 1.15 forints for June to end at 149.60.</p>
<p>Sterling futures for April registered the sharpest fall of 3.2 forints.</p>
<p>All dollar futures ended lower by 0.7 to 1.05 forints and gave 6,263 contracts of the total 36,179 contracts turnover.</p>
<p>On the BSE, only dollar futures prices changed, closing lower by between 0.42 and 1.33 forints for all but the March maturity which remained steady at 176.98 forints.</p>
<p>December contracts fell the most, ending at 195.48, down 1.33.</p>
<p>-- Denes Albert, Budapest newsroom +36 1 327 4040</p>
</text>
<copyright>(c) Reuters Limited 1997</copyright>
<metadata>
<codes class="bip:countries:1.0">
  <code code="HUNG">
    <editdetail attribution="Reuters BIP Coding Group" action="confirmed" date="1997-03-17"/>
  </code>
</codes>
<codes class="bip:topics:1.0">
  <code code="M11">
    <editdetail attribution="Reuters BIP Coding Group" action="confirmed" date="1997-03-17"/>
  </code>
  <code code="M13">
    <editdetail attribution="Reuters BIP Coding Group" action="confirmed" date="1997-03-17"/>
  </code>
  <code code="M132">
    <editdetail attribution="Reuters BIP Coding Group" action="confirmed" date="1997-03-17"/>
  </code>
  <code code="MCAT">
    <editdetail attribution="Reuters BIP Coding Group" action="confirmed" date="1997-03-17"/>
  </code>
</codes>
<dc element="dc.date.created" value="1997-03-17"/>
<dc element="dc.publisher" value="Reuters Holdings Plc"/>
<dc element="dc.date.published" value="1997-03-17"/>
<dc element="dc.source" value="Reuters"/>
<dc element="dc.creator.location" value="BUDAPEST"/>
<dc element="dc.creator.location.country.name" value="HUNGARY"/>
<dc element="dc.source" value="Reuters"/>
</metadata>
</newsitem>
