<?xml version="1.0" encoding="iso-8859-1" ?>
<newsitem itemid="139496" id="root" date="1996-10-24" xml:lang="en">
<title>USA: Analogy Inc Q2 full results.</title>
<headline>Analogy Inc Q2 full results.</headline>
<dateline>BEAVERTON, Ore. 1996-10-24</dateline>
<text>
<p>ANALOGY, INC.</p>
<p>			   Consolidated Income Statement</p>
<p>			    (000, except per share data)</p>
<p>				 (unaudited)</p>
<p>					Quarter Ended  Six Months Ended</p>
<p>				   9/30/96  9/30/95  9/30/96  9/30/95</p>
<p> Product license revenue	 $2,882  $4,031  $5,553  $8,090</p>
<p> Service and other		  2,377   1,292   4,422   2,538</p>
<p> Total revenue			5,259   5,323   9,975  10,628</p>
<p> Cost of product license revenue  374     293     751     629</p>
<p>Cost of service and other revenue</p>
<p>					    525     184   1,011     367</p>
<p> Total cost of revenue		899     477   1,762     996</p>
<p> Gross profit			 4,360   4,846   8,213   9,632</p>
<p> Research and development	 1,278   1,214   2,640   2,269</p>
<p> Sales and marketing		3,015   2,437   5,752   5,108</p>
<p> General and administrative	 682     664   1,357   1,249</p>
<p> Total operating expenses	 4,975   4,315   9,749   8,626</p>
<p> Operating income (loss)	  (615)     531  (1,536)  1,006</p>
<p> Other income (expense), net	(1)   (219)	 9   (400)</p>
<p>Income (loss) before income tax</p>
<p>					  (616)     312  (1,527)    606</p>
<p> Income tax expense (benefit)     316	80     114     155</p>
<p> Net income (loss)		  (932)     232 (1,641)     451</p>
<p> Net income (loss) per share   (0.11)    0.03  (0.20)    0.07</p>
<p>Weighted average shares   outstanding			 8,356   6,921   8,334   6,879</p>
</text>
<copyright>(c) Reuters Limited 1996</copyright>
<metadata>
<codes class="bip:countries:1.0">
  <code code="USA">
    <editdetail attribution="Reuters BIP Coding Group" action="confirmed" date="1996-10-24"/>
  </code>
</codes>
<codes class="bip:industries:1.0">
  <code code="I33020">
    <editdetail attribution="Reuters BIP Coding Group" action="confirmed" date="1996-10-24"/>
  </code>
  <code code="I3302021">
    <editdetail attribution="Reuters BIP Coding Group" action="confirmed" date="1996-10-24"/>
  </code>
</codes>
<codes class="bip:topics:1.0">
  <code code="C15">
    <editdetail attribution="Reuters BIP Coding Group" action="confirmed" date="1996-10-24"/>
  </code>
  <code code="C151">
    <editdetail attribution="Reuters BIP Coding Group" action="confirmed" date="1996-10-24"/>
  </code>
  <code code="CCAT">
    <editdetail attribution="Reuters BIP Coding Group" action="confirmed" date="1996-10-24"/>
  </code>
</codes>
<dc element="dc.date.created" value="1996-10-24"/>
<dc element="dc.publisher" value="Reuters Holdings Plc"/>
<dc element="dc.date.published" value="1996-10-24"/>
<dc element="dc.source" value="Reuters"/>
<dc element="dc.creator.location" value="BEAVERTON, Ore."/>
<dc element="dc.creator.location.country.name" value="USA"/>
<dc element="dc.source" value="Reuters"/>
</metadata>
</newsitem>
