<?xml version="1.0" encoding="iso-8859-1" ?>
<newsitem itemid="390481" id="root" date="1997-02-20" xml:lang="en">
<title>POLAND: SWISS-GERMAN UNIT OPENS POLISH CARDBOARD PLANT.</title>
<headline>SWISS-GERMAN UNIT OPENS POLISH CARDBOARD PLANT.</headline>
<dateline>WARSAW 1997-02-20</dateline>
<text>
<p>Big Carton company, owned by the Swiss Overseas Enterprises Ltd Co and an undisclosed Germany firm, opened in January a $20 million corrugated cardboard plant near the Polish city of Szczecin, the firm's president said.</p>
<p>Artur Burdasz told Reuters Big Carton wanted to invest a further $50-70 million in the plant, located in the small town of Kliniska, outside Szczecin in north-western Poland.</p>
<p>&quot;In January we finished the first stage of investment in the cardboard factory outside Szczecin at the cost of $20 million and we will complete it with another $50-70 million,&quot; Burdasz said.</p>
<p>He said Big Carton wanted to build another corrugated cardbord factory over the next three years in central Poland, preferably near Warsaw at roughly the same cost and then a paper factory.</p>
<p>&quot;Only the machines for the paper factory cost some $100 million, so the cost of the factory itself will be higher,&quot; he said.</p>
<p>Burdasz declined to name the German shareholder of Big Carton saying more details would be released at a news conference on February 22.</p>
<p>&quot;Big Carton is 100 percent owned by Swiss-German capital with majority being Swiss,&quot; he said.</p>
<p>-- Jan Strupczewski +48 22 653 9700</p>
</text>
<copyright>(c) Reuters Limited 1997</copyright>
<metadata>
<codes class="bip:countries:1.0">
  <code code="GFR">
    <editdetail attribution="Reuters BIP Coding Group" action="confirmed" date="1997-02-20"/>
  </code>
  <code code="POL">
    <editdetail attribution="Reuters BIP Coding Group" action="confirmed" date="1997-02-20"/>
  </code>
  <code code="SWITZ">
    <editdetail attribution="Reuters BIP Coding Group" action="confirmed" date="1997-02-20"/>
  </code>
</codes>
<codes class="bip:industries:1.0">
  <code code="I47200">
    <editdetail attribution="Reuters BIP Coding Group" action="confirmed" date="1997-02-20"/>
  </code>
</codes>
<codes class="bip:topics:1.0">
  <code code="C24">
    <editdetail attribution="Reuters BIP Coding Group" action="confirmed" date="1997-02-20"/>
  </code>
  <code code="CCAT">
    <editdetail attribution="Reuters BIP Coding Group" action="confirmed" date="1997-02-20"/>
  </code>
</codes>
<dc element="dc.date.created" value="1997-02-20"/>
<dc element="dc.publisher" value="Reuters Holdings Plc"/>
<dc element="dc.date.published" value="1997-02-20"/>
<dc element="dc.source" value="Reuters"/>
<dc element="dc.creator.location" value="WARSAW"/>
<dc element="dc.creator.location.country.name" value="POLAND"/>
<dc element="dc.source" value="Reuters"/>
</metadata>
</newsitem>
