<?xml version="1.0" encoding="iso-8859-1" ?>
<newsitem itemid="42420" id="root" date="1996-09-09" xml:lang="en">
<title>JAPAN: Gajoen Kanko shares suspended for day-TSE.</title>
<headline>Gajoen Kanko shares suspended for day-TSE.</headline>
<dateline>TOKYO 1996-09-09</dateline>
<text>
<p>Trading in shares of Gajoen Kanko KK was suspended for the entire day on Monday, the Tokyo Stock Exchange (TSE) said.  </p>
<p>The TSE said the shares, listed on the first section of the exchange, were suspended due to unclear details of tax-related issues.</p>
<p>Local media reports said the hotel operator had unpaid taxes amounting to 10 billion yen.</p>
<p>A spokesman at Gajoen said officials were not available for comment.</p>
</text>
<copyright>(c) Reuters Limited 1996</copyright>
<metadata>
<codes class="bip:countries:1.0">
  <code code="JAP">
    <editdetail attribution="Reuters BIP Coding Group" action="confirmed" date="1996-09-09"/>
  </code>
</codes>
<codes class="bip:industries:1.0">
  <code code="I66000">
    <editdetail attribution="Reuters BIP Coding Group" action="confirmed" date="1996-09-09"/>
  </code>
</codes>
<codes class="bip:topics:1.0">
  <code code="C14">
    <editdetail attribution="Reuters BIP Coding Group" action="confirmed" date="1996-09-09"/>
  </code>
  <code code="C15">
    <editdetail attribution="Reuters BIP Coding Group" action="confirmed" date="1996-09-09"/>
  </code>
  <code code="C152">
    <editdetail attribution="Reuters BIP Coding Group" action="confirmed" date="1996-09-09"/>
  </code>
  <code code="CCAT">
    <editdetail attribution="Reuters BIP Coding Group" action="confirmed" date="1996-09-09"/>
  </code>
</codes>
<dc element="dc.date.created" value="1996-09-09"/>
<dc element="dc.publisher" value="Reuters Holdings Plc"/>
<dc element="dc.date.published" value="1996-09-09"/>
<dc element="dc.source" value="Reuters"/>
<dc element="dc.creator.location" value="TOKYO"/>
<dc element="dc.creator.location.country.name" value="JAPAN"/>
<dc element="dc.source" value="Reuters"/>
</metadata>
</newsitem>
