<?xml version="1.0" encoding="iso-8859-1" ?>
<newsitem itemid="107619" id="root" date="1996-10-10" xml:lang="en">
<title>YEMEN: GOVERNMENT LIST.</title>
<headline>GOVERNMENT LIST.</headline>
<text>
<p>YEMEN GOVERNMENT LIST (961010)</p>
<p>***********************************************************</p>
<p>* 27 Apr 97 - Parliamentary elections to be held.	   *</p>
<p>***********************************************************</p>
<p>			     - - - - - - -</p>
<p> President............................Ali Abdullah SALEH (GPC)</p>
<p>(Re-elected 1 Oct 94 for further 5-year term)</p>
<p> Vice-president...................Abd-Rabbu Mansour HADI (GPC)</p>
<p>			     - - - - - - -</p>
<p>COALITION GOVERNMENT (Formed 6 Oct 94)</p>
<p> Prime Minister...................Abdul-Aziz ABDUL-GHANI (GPC)</p>
<p> Deputy Prime Minister.........Abdul-Wahab Ali al-ANSI (Islah)</p>
<p> Deputy Prime Minister &amp; Minister of Foreign</p>
<p>     Affairs.......................Abdul-Karim al-IRYANI (GPC)</p>
<p> Deputy Prime Minister &amp; Minister of Oil and</p>
<p>     Mineral Resources............Mohammad Said al-ATTAR (GPC)</p>
<p> Deputy Prime Minister &amp; Minister of Planning</p>
<p>     and Development................Abdul-Qader BAGAMMAL (GPC)</p>
<p>			     - - - - - - - -</p>
<p>MINISTERS:</p>
<p> Agriculture.......................Ahmad Salem al-JABALI (GPC)</p>
<p> Civil Administration..................Sadeq Amin ABURAS (GPC)</p>
<p> Communications...................Ahmad Mohammad al-ANSI (GPC)</p>
<p> Culture &amp; tourism................Yahya Hussein al-ARSHI (GPC)</p>
<p> Defence...........................Abdul-Malek al-SAYANI (GPC)</p>
<p> Education.....................Abdul-Majid al-MAKHLAFI (Islah)</p>
<p> Electricity &amp; Water.........Abdullah Mohsen al-AKWA'A (Islah)</p>
<p> Expatriot Affairs...Fadhl bin Mohammad Aidarous al-AFIF (GPC)</p>
<p> Finance........................Mohammad Ahmad al-JUNAID (GPC)</p>
<p> Fisheries............Abdul-Rahman Abdul-Qader BAFADHL (Islah)</p>
<p> Foreign Affairs...............................See Deputy PM's</p>
<p> Health...................................Najib GHANEM (Islah)</p>
<p> Housing &amp; Urban Planning............. Ali Humaid SHARAF (GPC)</p>
<p> Industry...........................Ahmed Mohammad SOFAN (GPC)</p>
<p> Information........................Abdurahman al-AKAWAA (GPC)</p>
<p> Interior........................Hussein Mohammad ARAB (Islah)</p>
<p> Justice...................Abdul-Wahab Lutf al-DAYLAMI (Islah)</p>
<p>Legal &amp; Parliamentary Affairs.....Abdullah Ahmad GHANEM (GPC)</p>
<p> Local Administration............Mohammad Hassan DAMAJ (Islah)</p>
<p> Oil and Mineral Resources.....................See Deputy PM's</p>
<p> Planning and Development......................See Deputy PM's</p>
<p> Religious Guidance........Ghaleb Abdul-Kafi al-QERSHI (Islah)</p>
<p> Social Security &amp; Labour.............Abdullah al-BUTANI (GPC)</p>
<p> Supply &amp; Trade.........Abdul-Rahman Mohammad Ali OTHMAN (GPC)</p>
<p> Transport..........................Ahmad Musaed HUSSEIN (GPC)</p>
<p> Youth &amp; Sports........................Abdul-Wahab RAWEH (GPC)</p>
<p>			     - - - - - - - -</p>
<p>Parliamentary Speaker.....Sheikh Abdullah Bin</p>
<p>						  Hussein Al-AHMAR (Islah)</p>
<p>			     - - - - - - - -</p>
<p> Central Bank Governor.............Alwai Saleh al-SALAMI (GPC)</p>
<p>			     - - - - - - - -</p>
<p>PARTY AFFILIATIONS:</p>
<p> GPC    - General Peoples Congress headed by President Saleh.</p>
<p>Islah  - Islah Party headed by speaker Ahmar.</p>
<p>			     - - - - - - - -</p>
<p>		 NOTE: Any comments/queries on the content of this</p>
<p>		 government list, please contact the Reuter</p>
<p>		 Editorial Reference Unit, London, on (171) 542</p>
<p>		 7968.</p>
<p>			  (End Government List)</p>
</text>
<copyright>(c) Reuters Limited 1996</copyright>
<metadata>
<codes class="bip:countries:1.0">
  <code code="YEMAR">
    <editdetail attribution="Reuters BIP Coding Group" action="confirmed" date="1996-10-10"/>
  </code>
</codes>
<codes class="bip:topics:1.0">
  <code code="GCAT">
    <editdetail attribution="Reuters BIP Coding Group" action="confirmed" date="1996-10-10"/>
  </code>
  <code code="GPOL">
    <editdetail attribution="Reuters BIP Coding Group" action="confirmed" date="1996-10-10"/>
  </code>
</codes>
<dc element="dc.publisher" value="Reuters Holdings Plc"/>
<dc element="dc.date.published" value="1996-10-10"/>
<dc element="dc.source" value="Reuters"/>
<dc element="dc.creator.location.country.name" value="YEMEN"/>
<dc element="dc.source" value="Reuters"/>
</metadata>
</newsitem>
