<?xml version="1.0" encoding="iso-8859-1" ?>
<newsitem itemid="321472" id="root" date="1997-01-21" xml:lang="en">
<title>THAILAND: Caltex Thailand advances low-sulphur diesel sales.</title>
<headline>Caltex Thailand advances low-sulphur diesel sales.</headline>
<dateline>BANGKOK 1997-01-21</dateline>
<text>
<p>Caltex Oil Thailand on Tuesday launched the sale of diesel with 0.05 percent sulphur content -- two years ahead of a government deadline.</p>
<p>The sulphur content of the product was significantly lower than the current industry standard of 0.25 percent, a company statement said.</p>
<p>Thai government regulations required that vehicles use diesel with 0.05 percent of sulphur by 1999 as part of moves to reduce pollution. State-run buses started using such products from this year.</p>
<p>Caltex is the first oil firm in Thailand to sell 0.05 percent sulphur diesel. State-run Petroleum Authority of Thailand recently signed a deal to buy 12 million litres per month of low-sulphur diesel for government buses, starting from this month.</p>
<p>Caltex is a mojority shareholder of the 130,000 barrel-per-day Star Petroleum Refinery, which is the country's newest refinery and is equipped to produce low-sulphur diesel, unlike older refineries operating in Thailand.</p>
<p>-- Bangkok newsroom (662) 652-0642 reuter ak/ram</p>
</text>
<copyright>(c) Reuters Limited 1997</copyright>
<metadata>
<codes class="bip:countries:1.0">
  <code code="THAIL">
    <editdetail attribution="Reuters BIP Coding Group" action="confirmed" date="1997-01-21"/>
  </code>
</codes>
<codes class="bip:industries:1.0">
  <code code="I14000">
    <editdetail attribution="Reuters BIP Coding Group" action="confirmed" date="1997-01-21"/>
  </code>
</codes>
<codes class="bip:topics:1.0">
  <code code="C31">
    <editdetail attribution="Reuters BIP Coding Group" action="confirmed" date="1997-01-21"/>
  </code>
  <code code="CCAT">
    <editdetail attribution="Reuters BIP Coding Group" action="confirmed" date="1997-01-21"/>
  </code>
  <code code="M14">
    <editdetail attribution="Reuters BIP Coding Group" action="confirmed" date="1997-01-21"/>
  </code>
  <code code="M143">
    <editdetail attribution="Reuters BIP Coding Group" action="confirmed" date="1997-01-21"/>
  </code>
  <code code="MCAT">
    <editdetail attribution="Reuters BIP Coding Group" action="confirmed" date="1997-01-21"/>
  </code>
</codes>
<dc element="dc.date.created" value="1997-01-21"/>
<dc element="dc.publisher" value="Reuters Holdings Plc"/>
<dc element="dc.date.published" value="1997-01-21"/>
<dc element="dc.source" value="Reuters"/>
<dc element="dc.creator.location" value="BANGKOK"/>
<dc element="dc.creator.location.country.name" value="THAILAND"/>
<dc element="dc.source" value="Reuters"/>
</metadata>
</newsitem>
