<?xml version="1.0" encoding="iso-8859-1" ?>
<newsitem itemid="636874" id="root" date="1997-06-04" xml:lang="en">
<title>KUWAIT: Kuwait MP wants AOC deal renewal linked to jobs.</title>
<headline>Kuwait MP wants AOC deal renewal linked to jobs.</headline>
<dateline>KUWAIT 1996-07-04</dateline>
<text>
<p>Kuwait should consider blocking the renewal of Neutral Zone drilling rights for Japan's Arabian Oil Co Ltd (AOC) for not hiring more Kuwaitis, a parliamnetarian said on Wednesday.</p>
<p>&quot;The national workforce should have a (job) share that complies with the requirements of the contract&quot; between AOC and Kuwait, said MP Waleed al-Jeri, chairman of a commitee formed to study the government's agenda.</p>
<p>&quot;We (the committee), through the assembly, will push towards reviewing this contract and looking into the possibility of renewing it or not. Or at least to review the terms to achieve justice in this regard,&quot; he told journalists after a meeting with state oil officials.</p>
<p>By law, the government is not obliged to comply with the committee's views.</p>
<p>AOC's concessions with Kuwait and Saudi Arabia in the Neutral Zomne expire in 2003 and 2000 respectively. The two Gulf Arab OPEC heavyweights share the output from onshore and off-shore fields in the border area zone.</p>
<p>Jeri said the figure of Kuwaiti workers hired by the firm were &quot;not encouraging,&quot; noting that AOC's agreement with Kuwait stipulated that its should hire a certain number of workers. He did not give exact figures.</p>
<p>Oil Minister Isa al-Mazeedi said in March Kuwait was leaning towards renewing the AOC rights.</p>
<p>AOC, which operates off-shore fields in the zone, plans to raise output to 350,000 barrels per day by the end of the century from around 300,000 bpd. Onshore fields are shared by Saudi Arabian Texaco and state-owned Kuwait Oil Company.</p>
<p>-- Inal Ersan, +965 243-1920</p>
</text>
<copyright>(c) Reuters Limited 1997</copyright>
<metadata>
<codes class="bip:countries:1.0">
  <code code="JAP">
    <editdetail attribution="Reuters BIP Coding Group" action="confirmed" date="1997-06-04"/>
  </code>
  <code code="KUWAIT">
    <editdetail attribution="Reuters BIP Coding Group" action="confirmed" date="1997-06-04"/>
  </code>
</codes>
<codes class="bip:industries:1.0">
  <code code="I13000">
    <editdetail attribution="Reuters BIP Coding Group" action="confirmed" date="1997-06-04"/>
  </code>
  <code code="I1300003">
    <editdetail attribution="Reuters BIP Coding Group" action="confirmed" date="1997-06-04"/>
  </code>
</codes>
<codes class="bip:topics:1.0">
  <code code="C13">
    <editdetail attribution="Reuters BIP Coding Group" action="confirmed" date="1997-06-04"/>
  </code>
  <code code="C24">
    <editdetail attribution="Reuters BIP Coding Group" action="confirmed" date="1997-06-04"/>
  </code>
  <code code="C42">
    <editdetail attribution="Reuters BIP Coding Group" action="confirmed" date="1997-06-04"/>
  </code>
  <code code="CCAT">
    <editdetail attribution="Reuters BIP Coding Group" action="confirmed" date="1997-06-04"/>
  </code>
  <code code="E41">
    <editdetail attribution="Reuters BIP Coding Group" action="confirmed" date="1997-06-04"/>
  </code>
  <code code="ECAT">
    <editdetail attribution="Reuters BIP Coding Group" action="confirmed" date="1997-06-04"/>
  </code>
  <code code="GCAT">
    <editdetail attribution="Reuters BIP Coding Group" action="confirmed" date="1997-06-04"/>
  </code>
  <code code="GJOB">
    <editdetail attribution="Reuters BIP Coding Group" action="confirmed" date="1997-06-04"/>
  </code>
</codes>
<dc element="dc.date.created" value="1996-07-04"/>
<dc element="dc.publisher" value="Reuters Holdings Plc"/>
<dc element="dc.date.published" value="1997-06-04"/>
<dc element="dc.source" value="Reuters"/>
<dc element="dc.creator.location" value="KUWAIT"/>
<dc element="dc.creator.location.country.name" value="KUWAIT"/>
<dc element="dc.source" value="Reuters"/>
</metadata>
</newsitem>
