<?xml version="1.0" encoding="iso-8859-1" ?>
<newsitem itemid="218884" id="root" date="1996-11-26" xml:lang="en">
<title>PHILIPPINES: RESEARCH ALERT - JG Summit a long-term buy.</title>
<headline>RESEARCH ALERT - JG Summit a long-term buy.</headline>
<dateline>MANILA 1996-11-26</dateline>
<text>
<p>Urbancorp Securities Inc recommended on Tuesday a long-term buy on food-based conglomerate JG Summit Holdings Inc saying the stock was undervalued.</p>
<p>&quot;Based on the company's 1997 income target of 3.813 billion pesos, JGS is currently trading at a 1997 P/E of 9.9 times. This offers a slight discount to the holding sector's P/E of 12.9 times in 1997 and a 22 percent discount to the company's net assets value of 10 pesos per share,&quot; Urbancorp said in a report.</p>
<p>It said subsidiary Universal Robina Corp, its major revenue contributor, is expected to turn in higher margins next year due to falling prices of raw materials.</p>
<p>&quot;There are indications that major raw materials such as coffee, wheat and palm oil prices will soften further by at least 10 percent next year,&quot; the report added.</p>
<p>JG Summit closed at 7.60 pesos on Tuesday.</p>
<p>- Manila newsroom 63 2 8418938 Fax 8176267</p>
</text>
<copyright>(c) Reuters Limited 1996</copyright>
<metadata>
<codes class="bip:countries:1.0">
  <code code="PHLNS">
    <editdetail attribution="Reuters BIP Coding Group" action="confirmed" date="1996-11-26"/>
  </code>
</codes>
<codes class="bip:industries:1.0">
  <code code="I41000">
    <editdetail attribution="Reuters BIP Coding Group" action="confirmed" date="1996-11-26"/>
  </code>
  <code code="I83960">
    <editdetail attribution="Reuters BIP Coding Group" action="confirmed" date="1996-11-26"/>
  </code>
</codes>
<codes class="bip:topics:1.0">
  <code code="C15">
    <editdetail attribution="Reuters BIP Coding Group" action="confirmed" date="1996-11-26"/>
  </code>
  <code code="C152">
    <editdetail attribution="Reuters BIP Coding Group" action="confirmed" date="1996-11-26"/>
  </code>
  <code code="CCAT">
    <editdetail attribution="Reuters BIP Coding Group" action="confirmed" date="1996-11-26"/>
  </code>
</codes>
<dc element="dc.date.created" value="1996-11-26"/>
<dc element="dc.publisher" value="Reuters Holdings Plc"/>
<dc element="dc.date.published" value="1996-11-26"/>
<dc element="dc.source" value="Reuters"/>
<dc element="dc.creator.location" value="MANILA"/>
<dc element="dc.creator.location.country.name" value="PHILIPPINES"/>
<dc element="dc.source" value="Reuters"/>
</metadata>
</newsitem>
