<?xml version="1.0" encoding="iso-8859-1" ?>
<newsitem itemid="429473" id="root" date="1997-03-10" xml:lang="en">
<title>USA: American Financial Q4 hurt by writeoffs.</title>
<headline>American Financial Q4 hurt by writeoffs.</headline>
<dateline>CINCINNATI 1997-03-10</dateline>
<text>
<p>American Financial Enterprises Inc on Monday said writeoffs and losses incurred by an affiliate contributed to a decline in its fourth-quarter earnings.</p>
<p>The company in a statement said its earnings dropped to $0.07 a share in the final three months of 1996 from $0.70 in the year-earlier period. Its operating earnings were $0.10 a share versus $0.70.</p>
<p>It said an affiliate had also suffered a &quot;significant&quot; reduction in its realized gains on sales of securities in 1996 compared with the same period the previous year.</p>
<p>The company did not name the affiliate, and company officials were not immediately available for comment.</p>
<p>About 83 percent of the company's stock is owned by American Financial Group Inc.</p>
</text>
<copyright>(c) Reuters Limited 1997</copyright>
<metadata>
<codes class="bip:countries:1.0">
  <code code="USA">
    <editdetail attribution="Reuters BIP Coding Group" action="confirmed" date="1997-03-10"/>
  </code>
</codes>
<codes class="bip:industries:1.0">
  <code code="I81502">
    <editdetail attribution="Reuters BIP Coding Group" action="confirmed" date="1997-03-10"/>
  </code>
  <code code="I83960">
    <editdetail attribution="Reuters BIP Coding Group" action="confirmed" date="1997-03-10"/>
  </code>
</codes>
<codes class="bip:topics:1.0">
  <code code="C15">
    <editdetail attribution="Reuters BIP Coding Group" action="confirmed" date="1997-03-10"/>
  </code>
  <code code="C151">
    <editdetail attribution="Reuters BIP Coding Group" action="confirmed" date="1997-03-10"/>
  </code>
  <code code="C1511">
    <editdetail attribution="Reuters BIP Coding Group" action="confirmed" date="1997-03-10"/>
  </code>
  <code code="CCAT">
    <editdetail attribution="Reuters BIP Coding Group" action="confirmed" date="1997-03-10"/>
  </code>
</codes>
<dc element="dc.date.created" value="1997-03-10"/>
<dc element="dc.publisher" value="Reuters Holdings Plc"/>
<dc element="dc.date.published" value="1997-03-10"/>
<dc element="dc.source" value="Reuters"/>
<dc element="dc.creator.location" value="CINCINNATI"/>
<dc element="dc.creator.location.country.name" value="USA"/>
<dc element="dc.source" value="Reuters"/>
</metadata>
</newsitem>
