<?xml version="1.0" encoding="iso-8859-1" ?>
<newsitem itemid="224689" id="root" date="1996-11-29" xml:lang="en">
<title>UK: HTV sees strong independent future.</title>
<headline>HTV sees strong independent future.</headline>
<dateline>LONDON 1996-11-29</dateline>
<text>
<p>British regional television broadcaster HTV group said on Friday that despite United News &amp; Media's stake in the company rising to 29.9 percent, it saw a strong independent future for itself.</p>
<p>United News &amp; Media announced on Friday it had acquired 8.7 million shares at 420 pence each and had thus raised its holding in HTV to 26.35 million shares representing 29.9 percent.</p>
<p>HTV operates as an independent television franchise operator in Wales and the west of England. It is a major licensee of ITV.</p>
<p>In a statement the company said: &quot;HTV continues to see a strong independent future for the company and will continue to manage the business in the best interests of all its shareholders&quot;.</p>
<p>HTV recently became a bid target with speculation focused on ITV broadcasting giants Carlton Communications or United News.</p>
<p>United News took an edge a few weeks ago by buying out a 19.99 percent stake from Scottish Television for 73.7 million stg.</p>
<p>--London Newsroom +44-171-542 7717</p>
</text>
<copyright>(c) Reuters Limited 1996</copyright>
<metadata>
<codes class="bip:countries:1.0">
  <code code="UK">
    <editdetail attribution="Reuters BIP Coding Group" action="confirmed" date="1996-11-29"/>
  </code>
</codes>
<codes class="bip:industries:1.0">
  <code code="I47510">
    <editdetail attribution="Reuters BIP Coding Group" action="confirmed" date="1996-11-29"/>
  </code>
  <code code="I9741102">
    <editdetail attribution="Reuters BIP Coding Group" action="confirmed" date="1996-11-29"/>
  </code>
</codes>
<codes class="bip:topics:1.0">
  <code code="C18">
    <editdetail attribution="Reuters BIP Coding Group" action="confirmed" date="1996-11-29"/>
  </code>
  <code code="C181">
    <editdetail attribution="Reuters BIP Coding Group" action="confirmed" date="1996-11-29"/>
  </code>
  <code code="CCAT">
    <editdetail attribution="Reuters BIP Coding Group" action="confirmed" date="1996-11-29"/>
  </code>
</codes>
<dc element="dc.date.created" value="1996-11-29"/>
<dc element="dc.publisher" value="Reuters Holdings Plc"/>
<dc element="dc.date.published" value="1996-11-29"/>
<dc element="dc.source" value="Reuters"/>
<dc element="dc.creator.location" value="LONDON"/>
<dc element="dc.creator.location.country.name" value="UK"/>
<dc element="dc.source" value="Reuters"/>
</metadata>
</newsitem>
