<?xml version="1.0" encoding="iso-8859-1" ?>
<newsitem itemid="737427" id="root" date="1997-07-17" xml:lang="en">
<title>FINLAND: TABLE - Finland Bank reserves up FIM 1.6 bln in week.</title>
<headline>TABLE - Finland Bank reserves up FIM 1.6 bln in week.</headline>
<dateline>HELSINKI 1997-07-17</dateline>
<text>
<p>The Bank of Finland's latest balance sheet for the week to July 15 showed the following positions in millions of markka compared to July 8:</p>
<p> Position			   Latest     Previous</p>
<p> Foreign reserves		 61,899	60,275</p>
<p> Money market intervention     8,921	 8,679</p>
<p> Govt sector claims		1,921	 1,921</p>
<p> Corporate sector claims	 1,908	 1,908</p>
<p> Other				 8,160	 8,189</p>
<p> Total assets		     82,809	80,972</p>
<p>In the week to July 8, reserves rose by 1.16 billion markka.</p>
<p>-- Helsinki newsroom +358-9-680 50 245, news@reuters.fi</p>
</text>
<copyright>(c) Reuters Limited 1997</copyright>
<metadata>
<codes class="bip:countries:1.0">
  <code code="FIN">
    <editdetail attribution="Reuters BIP Coding Group" action="confirmed" date="1997-07-17"/>
  </code>
</codes>
<codes class="bip:topics:1.0">
  <code code="E51">
    <editdetail attribution="Reuters BIP Coding Group" action="confirmed" date="1997-07-17"/>
  </code>
  <code code="E513">
    <editdetail attribution="Reuters BIP Coding Group" action="confirmed" date="1997-07-17"/>
  </code>
  <code code="ECAT">
    <editdetail attribution="Reuters BIP Coding Group" action="confirmed" date="1997-07-17"/>
  </code>
</codes>
<dc element="dc.date.created" value="1997-07-17"/>
<dc element="dc.publisher" value="Reuters Holdings Plc"/>
<dc element="dc.date.published" value="1997-07-17"/>
<dc element="dc.source" value="Reuters"/>
<dc element="dc.creator.location" value="HELSINKI"/>
<dc element="dc.creator.location.country.name" value="FINLAND"/>
<dc element="dc.source" value="Reuters"/>
</metadata>
</newsitem>
