<?xml version="1.0" encoding="iso-8859-1" ?>
<newsitem itemid="481314" id="root" date="1997-04-02" xml:lang="en">
<title>BRAZIL: Analysts view on Brazil high court telecom ruling.</title>
<headline>Analysts view on Brazil high court telecom ruling.</headline>
<dateline>SAO PAULO 1997-04-02</dateline>
<text>
<p>The following are analysts' reactions to Brazil's High Court ruling that confirms the Communications Ministry can temporarily function as the telecom industry's regulating agency.</p>
<p>JOAO MIYASHIRO, telecom analyst at Unibanco: &quot;This is good news, principally because the court's decision was unanimous. The message here is that the Supreme Court will probably vote in favor of the constitutionality of the Band B tender and the risk that the tender will be delayed is reduced substantially. This will be boosting the stock market tomorrow.&quot;  </p>
<p>SERGIO MISSIMA, telecom analyst Fator Securities: &quot;This is positive because they ruled in favor of the government. It means they are not going to impede the sell-off of Band B concessions.&quot;</p>
<p>Missima said the court's ruling tonight was generally positive for the market, although investors would continue to wait for a definitive ruling.</p>
<p>A senior telecom analyst at a Brazilian investment bank, who asked not to be identified, said today's ruling was a strong sign the court would not interrupt the Band B cellular phone concessions tender scheduled to take place April 7.  </p>
<p>&quot;This is positive. But I don't think it will have much impact on the market because the court's ruling was widely expected and so it should already factored into the Telebras price,&quot; he said.</p>
<p>((-- Adrian Dickson, Sao Paulo newsroom 5511 248 5410))</p>
</text>
<copyright>(c) Reuters Limited 1997</copyright>
<metadata>
<codes class="bip:countries:1.0">
  <code code="BRAZ">
    <editdetail attribution="Reuters BIP Coding Group" action="confirmed" date="1997-04-02"/>
  </code>
</codes>
<codes class="bip:industries:1.0">
  <code code="I79020">
    <editdetail attribution="Reuters BIP Coding Group" action="confirmed" date="1997-04-02"/>
  </code>
</codes>
<codes class="bip:topics:1.0">
  <code code="C12">
    <editdetail attribution="Reuters BIP Coding Group" action="confirmed" date="1997-04-02"/>
  </code>
  <code code="C13">
    <editdetail attribution="Reuters BIP Coding Group" action="confirmed" date="1997-04-02"/>
  </code>
  <code code="CCAT">
    <editdetail attribution="Reuters BIP Coding Group" action="confirmed" date="1997-04-02"/>
  </code>
  <code code="GCAT">
    <editdetail attribution="Reuters BIP Coding Group" action="confirmed" date="1997-04-02"/>
  </code>
  <code code="GCRIM">
    <editdetail attribution="Reuters BIP Coding Group" action="confirmed" date="1997-04-02"/>
  </code>
  <code code="GPOL">
    <editdetail attribution="Reuters BIP Coding Group" action="confirmed" date="1997-04-02"/>
  </code>
</codes>
<dc element="dc.date.created" value="1997-04-02"/>
<dc element="dc.publisher" value="Reuters Holdings Plc"/>
<dc element="dc.date.published" value="1997-04-02"/>
<dc element="dc.source" value="Reuters"/>
<dc element="dc.creator.location" value="SAO PAULO"/>
<dc element="dc.creator.location.country.name" value="BRAZIL"/>
<dc element="dc.source" value="Reuters"/>
</metadata>
</newsitem>
