<?xml version="1.0" encoding="iso-8859-1" ?>
<newsitem itemid="362465" id="root" date="1997-02-07" xml:lang="en">
<title>USA: Tobacco firms to appeal Mass. disclosure ruling.</title>
<headline>Tobacco firms to appeal Mass. disclosure ruling.</headline>
<dateline>BOSTON 1997-02-07</dateline>
<text>
<p>Four tobacco companies said on Friday they will appeal a federal judge's ruling that upheld a Massachusetts law requiring them to disclose the ingredients in their brands.</p>
<p>&quot;We will seek leave to appeal immediately,&quot; said David Remes, a Washington-based lawyer acting as spokesman for Philip Morris Cos, Inc, R.J. Reynolds Tobacco Co, Brown and Williamson Tobacco Corp and Lorillard Tobacco Co.  </p>
<p>U.S. District Judge George O'Toole in his ruling earlier Friday upheld a key part of the Massachusetts law finding it was not in conflict with federal legislation that prohibits the secretary of Health and Human Services from disclosing ingredients.</p>
<p>&quot;We obviously disagree with the ruling,&quot; Remes said. &quot;Just this Wednesday, another federal court in Alabama held that a state could not disclose the same information that this ruling permits.&quot;</p>
<p>Massachusetts Assistant Attorney General Rebecca McIntyre said she expected the tobacco companies' action, saying, &quot;This is wht they do. They exhaust all avenues of appeal.</p>
<p>&quot;We're going to oppose their efforts to have this case appealed...and we're going to continue to go forward to implement the statute,&quot; she said.</p>
<p>The Massachusetts law goes into effect on July 1.</p>
<p>((--Leslie Gevirtz, 617-367-4142))</p>
</text>
<copyright>(c) Reuters Limited 1997</copyright>
<metadata>
<codes class="bip:countries:1.0">
  <code code="USA">
    <editdetail attribution="Reuters BIP Coding Group" action="confirmed" date="1997-02-07"/>
  </code>
</codes>
<codes class="bip:industries:1.0">
  <code code="I42900">
    <editdetail attribution="Reuters BIP Coding Group" action="confirmed" date="1997-02-07"/>
  </code>
  <code code="I83960">
    <editdetail attribution="Reuters BIP Coding Group" action="confirmed" date="1997-02-07"/>
  </code>
</codes>
<codes class="bip:topics:1.0">
  <code code="C12">
    <editdetail attribution="Reuters BIP Coding Group" action="confirmed" date="1997-02-07"/>
  </code>
  <code code="CCAT">
    <editdetail attribution="Reuters BIP Coding Group" action="confirmed" date="1997-02-07"/>
  </code>
  <code code="GCAT">
    <editdetail attribution="Reuters BIP Coding Group" action="confirmed" date="1997-02-07"/>
  </code>
  <code code="GCRIM">
    <editdetail attribution="Reuters BIP Coding Group" action="confirmed" date="1997-02-07"/>
  </code>
</codes>
<dc element="dc.date.created" value="1997-02-07"/>
<dc element="dc.publisher" value="Reuters Holdings Plc"/>
<dc element="dc.date.published" value="1997-02-07"/>
<dc element="dc.source" value="Reuters"/>
<dc element="dc.creator.location" value="BOSTON"/>
<dc element="dc.creator.location.country.name" value="USA"/>
<dc element="dc.source" value="Reuters"/>
</metadata>
</newsitem>
