<?xml version="1.0" encoding="iso-8859-1" ?>
<newsitem itemid="181329" id="root" date="1996-11-11" xml:lang="en">
<title>JAPAN: Autobacs -96/97 parent forecast.</title>
<headline>Autobacs -96/97 parent forecast.</headline>
<dateline>TOKYO 1996-11-11</dateline>
<text>
<p>Year to March 31, 1997</p>
<p>		   (in billions of yen unless specified)</p>
<p>			   LATEST	    ACTUAL</p>
<p> (Parent)	     FORECAST	  YEAR-AGO</p>
<p> Sales		214.00	     195.52</p>
<p> Current	     20.40		18.58</p>
<p> Net		   10.90		 9.91</p>
<p> EPS		  286.25 yen	 261.29 yen</p>
<p> Ord div	     32.00 yen	  27.50 yen</p>
<p> -Commem div	  6.00 yen		-</p>
<p>NOTE - Autobacs Seven Co Ltd is an Osaka-based manufacturer of auto parts.</p>
</text>
<copyright>(c) Reuters Limited 1996</copyright>
<metadata>
<codes class="bip:countries:1.0">
  <code code="JAP">
    <editdetail attribution="Reuters BIP Coding Group" action="confirmed" date="1996-11-11"/>
  </code>
</codes>
<codes class="bip:industries:1.0">
  <code code="I35300">
    <editdetail attribution="Reuters BIP Coding Group" action="confirmed" date="1996-11-11"/>
  </code>
</codes>
<codes class="bip:topics:1.0">
  <code code="C15">
    <editdetail attribution="Reuters BIP Coding Group" action="confirmed" date="1996-11-11"/>
  </code>
  <code code="C152">
    <editdetail attribution="Reuters BIP Coding Group" action="confirmed" date="1996-11-11"/>
  </code>
  <code code="CCAT">
    <editdetail attribution="Reuters BIP Coding Group" action="confirmed" date="1996-11-11"/>
  </code>
</codes>
<dc element="dc.date.created" value="1996-11-11"/>
<dc element="dc.publisher" value="Reuters Holdings Plc"/>
<dc element="dc.date.published" value="1996-11-11"/>
<dc element="dc.source" value="Reuters"/>
<dc element="dc.creator.location" value="TOKYO"/>
<dc element="dc.creator.location.country.name" value="JAPAN"/>
<dc element="dc.source" value="Reuters"/>
</metadata>
</newsitem>
