<?xml version="1.0" encoding="iso-8859-1" ?>
<newsitem itemid="3322" id="root" date="1996-08-20" xml:lang="en">
<title>MEXICO: Mexico's 28-day Cetes rate drops in auction.</title>
<headline>Mexico's 28-day Cetes rate drops in auction.</headline>
<dateline>MEXICO CITY 1996-08-20</dateline>
<text>
<p>Mexico's 28-day Cetes rate fell sharply in this week's primary auction but demand was also down, Banco de Mexico said. It was the lowest 28-day Cetes level since the December 1994 peso devaluation.  </p>
<p>	  Auction results were: (all rates in percent)</p>
<p>Maturity    Weighted Avg   Change (bps)  Min Rate  Max Rate</p>
<p>28-Day	24.33	    -230	    24.00     24.62</p>
<p>91-Day	27.59	    -184	    27.15     27.75</p>
<p>182-Day     30.27	    -155	    30.05     30.48</p>
<p>343-Day     31.00				30.95     31.11</p>
<p>Last week the 350-day paper was assigned at 32.70 pct.  </p>
<p>Maturity    Assigned	  Demand		Bid/Cover</p>
<p>28-Day	900 million pesos   3.72 bln pesos     4.14</p>
<p>91-Day	900 million pesos   2.62 bln pesos     2.91</p>
<p>182-Day     900 million pesos   2.75 bln pesos     3.05</p>
<p>343-Day     600 million pesos   2.10 bln pesos     3.50</p>
<p>The bid-to-cover ratio for the auction as a whole was 3.39, on demand of 11.18 billion pesos.</p>
<p>Tails were as follows:</p>
<p>    28-Day			   29 basis points</p>
<p>    91-Day			   16 basis points</p>
<p>    182-Day			  21 basis points</p>
<p>    343-Day			  11 basis points</p>
<p>-- Henry Tricks, Mexico City newsroom, 525 728-9560</p>
</text>
<copyright>(c) Reuters Limited 1996</copyright>
<metadata>
<codes class="bip:countries:1.0">
  <code code="MEX">
    <editdetail attribution="Reuters BIP Coding Group" action="confirmed" date="1996-08-20"/>
  </code>
</codes>
<codes class="bip:topics:1.0">
  <code code="M13">
    <editdetail attribution="Reuters BIP Coding Group" action="confirmed" date="1996-08-20"/>
  </code>
  <code code="M131">
    <editdetail attribution="Reuters BIP Coding Group" action="confirmed" date="1996-08-20"/>
  </code>
  <code code="MCAT">
    <editdetail attribution="Reuters BIP Coding Group" action="confirmed" date="1996-08-20"/>
  </code>
</codes>
<dc element="dc.date.created" value="1996-08-20"/>
<dc element="dc.publisher" value="Reuters Holdings Plc"/>
<dc element="dc.date.published" value="1996-08-20"/>
<dc element="dc.source" value="Reuters"/>
<dc element="dc.creator.location" value="MEXICO CITY"/>
<dc element="dc.creator.location.country.name" value="MEXICO"/>
<dc element="dc.source" value="Reuters"/>
</metadata>
</newsitem>
