<?xml version="1.0" encoding="iso-8859-1" ?>
<newsitem itemid="204074" id="root" date="1996-11-20" xml:lang="en">
<title>LEBANON: Arab Fund to lend Lebanon $20 million for highway.</title>
<headline>Arab Fund to lend Lebanon $20 million for highway.</headline>
<dateline>BEIRUT 1996-11-20</dateline>
<text>
<p>The Kuwait-based Arab Fund initialled an agreement with the Lebanese government on Wednesday to lend six million Kuwaiti dinars ($20 million) to help finance a coastal highway project in Beirut.</p>
<p>The Council for Development and Reconstruction (CDR) said in a statement the loan represented 45 percent of the total cost of the project.</p>
<p>The 22-year loan carries 4.5 percent annual interest and includes a five-year grace period, CDR added.</p>
<p>In October, the Kuwaiti Development Fund initialled an agreement to lend Lebanon six million dinars to help fund the project, a five-km (three-mile) highway linking Beirut port and Nahr al-Mawt river.</p>
<p>The Lebanese government will cover the remaining 10 percent of the cost.</p>
</text>
<copyright>(c) Reuters Limited 1996</copyright>
<metadata>
<codes class="bip:countries:1.0">
  <code code="KUWAIT">
    <editdetail attribution="Reuters BIP Coding Group" action="confirmed" date="1996-11-20"/>
  </code>
  <code code="LEBAN">
    <editdetail attribution="Reuters BIP Coding Group" action="confirmed" date="1996-11-20"/>
  </code>
</codes>
<codes class="bip:industries:1.0">
  <code code="I50200">
    <editdetail attribution="Reuters BIP Coding Group" action="confirmed" date="1996-11-20"/>
  </code>
  <code code="I5020041">
    <editdetail attribution="Reuters BIP Coding Group" action="confirmed" date="1996-11-20"/>
  </code>
</codes>
<codes class="bip:topics:1.0">
  <code code="C24">
    <editdetail attribution="Reuters BIP Coding Group" action="confirmed" date="1996-11-20"/>
  </code>
  <code code="CCAT">
    <editdetail attribution="Reuters BIP Coding Group" action="confirmed" date="1996-11-20"/>
  </code>
  <code code="E21">
    <editdetail attribution="Reuters BIP Coding Group" action="confirmed" date="1996-11-20"/>
  </code>
  <code code="E212">
    <editdetail attribution="Reuters BIP Coding Group" action="confirmed" date="1996-11-20"/>
  </code>
  <code code="ECAT">
    <editdetail attribution="Reuters BIP Coding Group" action="confirmed" date="1996-11-20"/>
  </code>
</codes>
<dc element="dc.date.created" value="1996-11-20"/>
<dc element="dc.publisher" value="Reuters Holdings Plc"/>
<dc element="dc.date.published" value="1996-11-20"/>
<dc element="dc.source" value="Reuters"/>
<dc element="dc.creator.location" value="BEIRUT"/>
<dc element="dc.creator.location.country.name" value="LEBANON"/>
<dc element="dc.source" value="Reuters"/>
</metadata>
</newsitem>
