<?xml version="1.0" encoding="iso-8859-1" ?>
<newsitem itemid="539640" id="root" date="1997-04-25" xml:lang="en">
<title>PAKISTAN: Pakistan State Oil rises 1.05 percent.</title>
<headline>Pakistan State Oil rises 1.05 percent.</headline>
<dateline>KARACHI, Pakistan 1997-04-25</dateline>
<text>
<p>State-run Pakistan State Oil rose 3.00 rupees, or 1.05 percent, to 289 on Friday on fresh buying by long-term investors, dealers said.</p>
<p>They said PSO was attracting renewed interest because its 10-rupee scrip had fallen to an attractive level from a high of 325 last month on bearish sentiment.</p>
<p>Some 14,800 shares changed hands in early trade at the Karachi Stock Exchange, one dealer said.</p>
<p>The stock rose to 325 after the company announced its results for the first half ended December 31, showing that after-tax profits rose 58 percent to 869 million rupees from 548 million in the year-earlier period.</p>
<p>($1.00 = 40.34 rupees) -- Ibrahim Khan 9221-5685192.</p>
</text>
<copyright>(c) Reuters Limited 1997</copyright>
<metadata>
<codes class="bip:countries:1.0">
  <code code="PAKIS">
    <editdetail attribution="Reuters BIP Coding Group" action="confirmed" date="1997-04-25"/>
  </code>
</codes>
<codes class="bip:industries:1.0">
  <code code="I13000">
    <editdetail attribution="Reuters BIP Coding Group" action="confirmed" date="1997-04-25"/>
  </code>
  <code code="I1300003">
    <editdetail attribution="Reuters BIP Coding Group" action="confirmed" date="1997-04-25"/>
  </code>
</codes>
<codes class="bip:topics:1.0">
  <code code="C15">
    <editdetail attribution="Reuters BIP Coding Group" action="confirmed" date="1997-04-25"/>
  </code>
  <code code="C152">
    <editdetail attribution="Reuters BIP Coding Group" action="confirmed" date="1997-04-25"/>
  </code>
  <code code="CCAT">
    <editdetail attribution="Reuters BIP Coding Group" action="confirmed" date="1997-04-25"/>
  </code>
</codes>
<dc element="dc.date.created" value="1997-04-25"/>
<dc element="dc.publisher" value="Reuters Holdings Plc"/>
<dc element="dc.date.published" value="1997-04-25"/>
<dc element="dc.source" value="Reuters"/>
<dc element="dc.creator.location" value="KARACHI, Pakistan"/>
<dc element="dc.creator.location.country.name" value="PAKISTAN"/>
<dc element="dc.source" value="Reuters"/>
</metadata>
</newsitem>
