<?xml version="1.0" encoding="iso-8859-1" ?>
<newsitem itemid="42490" id="root" date="1996-09-09" xml:lang="en">
<title>SWEDEN: Ericsson signs 960 mln SKR Malaysia deal.</title>
<headline>Ericsson signs 960 mln SKR Malaysia deal.</headline>
<dateline>STOCKHOLM 1996-09-09</dateline>
<text>
<p>Swedish telecoms giant LM Ericsson said on Monday it had signed a 960 million crown contract with Malaysia's Telekom Malaysia Berhad for the delivery of AXE telecommunications systems.  </p>
<p>Ericsson said in a statement that it was a two-year contract with installation to start late autumn 1996.</p>
<p>Telekom Malaysia Berhad is the largest telecoms operator in Malaysia, Ericsson said.</p>
<p>-- Stockholm newsroom +46-8-700 1017</p>
</text>
<copyright>(c) Reuters Limited 1996</copyright>
<metadata>
<codes class="bip:countries:1.0">
  <code code="MALAY">
    <editdetail attribution="Reuters BIP Coding Group" action="confirmed" date="1996-09-09"/>
  </code>
  <code code="SWED">
    <editdetail attribution="Reuters BIP Coding Group" action="confirmed" date="1996-09-09"/>
  </code>
</codes>
<codes class="bip:industries:1.0">
  <code code="I34400">
    <editdetail attribution="Reuters BIP Coding Group" action="confirmed" date="1996-09-09"/>
  </code>
  <code code="I79020">
    <editdetail attribution="Reuters BIP Coding Group" action="confirmed" date="1996-09-09"/>
  </code>
</codes>
<codes class="bip:topics:1.0">
  <code code="C33">
    <editdetail attribution="Reuters BIP Coding Group" action="confirmed" date="1996-09-09"/>
  </code>
  <code code="CCAT">
    <editdetail attribution="Reuters BIP Coding Group" action="confirmed" date="1996-09-09"/>
  </code>
</codes>
<dc element="dc.date.created" value="1996-09-09"/>
<dc element="dc.publisher" value="Reuters Holdings Plc"/>
<dc element="dc.date.published" value="1996-09-09"/>
<dc element="dc.source" value="Reuters"/>
<dc element="dc.creator.location" value="STOCKHOLM"/>
<dc element="dc.creator.location.country.name" value="SWEDEN"/>
<dc element="dc.source" value="Reuters"/>
</metadata>
</newsitem>
