<?xml version="1.0" encoding="iso-8859-1" ?>
<newsitem itemid="203499" id="root" date="1996-11-20" xml:lang="en">
<title>GERMANY: Airlines switch to belly cargo from freighters.</title>
<headline>Airlines switch to belly cargo from freighters.</headline>
<dateline>FRANKFURT 1996-11-20</dateline>
<text>
<p>Airlines are cutting back on freighter operations at Frankfurt airport in favour of transporting freight as belly cargo, Flughafen Frankfurt Main AG (FAG) said.</p>
<p>Belly cargo grew at 6.4 percent in October compared to a 2.8 percent rise in freighter cargo, the latest monthly FAG traffic report showed.</p>
<p>In contrast, freighter cargo has grown 4.9 percent and belly cargo only 1.1 percent over the first ten months of the year, it said.</p>
<p>&quot;As a result of existing over-capacities in freight transportation and the increasing pressure for rationalisation, some services with all-cargo aircraft have been discontinued,&quot; the report said.</p>
<p>&quot;Thus cargo carried in the holds of passenger aircraft showed accelerated growth while tonnage growth in freighter services was only modest,&quot; it added.</p>
<p>The report gave no details of which freighter services have been dropped.</p>
<p>Frankfurt airport registered a record single day's cargo volume on one Saturday in October when just under 4,900 tonnes of cargo was handled, the report said. -- Air Cargo Newsroom Tel+44 171 542 7706 Fax+44 171 542 5017</p>
</text>
<copyright>(c) Reuters Limited 1996</copyright>
<metadata>
<codes class="bip:countries:1.0">
  <code code="GFR">
    <editdetail attribution="Reuters BIP Coding Group" action="confirmed" date="1996-11-20"/>
  </code>
</codes>
<codes class="bip:industries:1.0">
  <code code="I75000">
    <editdetail attribution="Reuters BIP Coding Group" action="confirmed" date="1996-11-20"/>
  </code>
  <code code="I76400">
    <editdetail attribution="Reuters BIP Coding Group" action="confirmed" date="1996-11-20"/>
  </code>
  <code code="I77002">
    <editdetail attribution="Reuters BIP Coding Group" action="confirmed" date="1996-11-20"/>
  </code>
</codes>
<codes class="bip:topics:1.0">
  <code code="C31">
    <editdetail attribution="Reuters BIP Coding Group" action="confirmed" date="1996-11-20"/>
  </code>
  <code code="CCAT">
    <editdetail attribution="Reuters BIP Coding Group" action="confirmed" date="1996-11-20"/>
  </code>
</codes>
<dc element="dc.date.created" value="1996-11-20"/>
<dc element="dc.publisher" value="Reuters Holdings Plc"/>
<dc element="dc.date.published" value="1996-11-20"/>
<dc element="dc.source" value="Reuters"/>
<dc element="dc.creator.location" value="FRANKFURT"/>
<dc element="dc.creator.location.country.name" value="GERMANY"/>
<dc element="dc.source" value="Reuters"/>
</metadata>
</newsitem>
