<?xml version="1.0" encoding="iso-8859-1" ?>
<newsitem itemid="722687" id="root" date="1997-07-11" xml:lang="en">
<title>NETHERLANDS: USDA and dollar keep European feeds trade calm.</title>
<headline>USDA and dollar keep European feeds trade calm.</headline>
<dateline>ROTTERDAM 1997-07-11</dateline>
<text>
<p>Business on the European meals and feeds market remained quietly this afternoon as a stronger dollar and neutral to bearishly interprested USDA 97/98 soybean ending stocks kept buyers sidelined, market sources said.</p>
<p>The only trades reported were arrived Argentine soymeal pellets traded at $249 a tonne cif Amsterdam and August Dutch high protein soymeal at $287 a tonne fob Rotterdam.</p>
<p>&quot;The dollar soared to 1.70 marks and USDA's 1997/98 soybean ending stocks at 285 million bushels from 240 million caused European operators to stay sidelined expecting a weaker Chicago opening, one broker said.--KAREL LUIMES +31 20 504 5832</p>
</text>
<copyright>(c) Reuters Limited 1997</copyright>
<metadata>
<codes class="bip:countries:1.0">
  <code code="NETH">
    <editdetail attribution="Reuters BIP Coding Group" action="confirmed" date="1997-07-11"/>
  </code>
</codes>
<codes class="bip:topics:1.0">
  <code code="M14">
    <editdetail attribution="Reuters BIP Coding Group" action="confirmed" date="1997-07-11"/>
  </code>
  <code code="M141">
    <editdetail attribution="Reuters BIP Coding Group" action="confirmed" date="1997-07-11"/>
  </code>
  <code code="MCAT">
    <editdetail attribution="Reuters BIP Coding Group" action="confirmed" date="1997-07-11"/>
  </code>
</codes>
<dc element="dc.date.created" value="1997-07-11"/>
<dc element="dc.publisher" value="Reuters Holdings Plc"/>
<dc element="dc.date.published" value="1997-07-11"/>
<dc element="dc.source" value="Reuters"/>
<dc element="dc.creator.location" value="ROTTERDAM"/>
<dc element="dc.creator.location.country.name" value="NETHERLANDS"/>
<dc element="dc.source" value="Reuters"/>
</metadata>
</newsitem>
