<?xml version="1.0" encoding="iso-8859-1" ?>
<newsitem itemid="672017" id="root" date="1997-06-19" xml:lang="en">
<title>SPAIN: CYCLING-BOARDMAN LEADS TOUR OF CATALONIA AFTER OPENING STAGE.</title>
<headline>CYCLING-BOARDMAN LEADS TOUR OF CATALONIA AFTER OPENING STAGE.</headline>
<dateline>VILA SECA, Spain 1997-06-19</dateline>
<text>
<p>Britain's Chris Boardman leads the Tour of Catalona after Thursday's opening stage.</p>
<p>Boardman won the second leg of the two-leg stage, a time-trial over 8 kms from Port Aventura to La Pineda.</p>
<p>Jan Svorada of Slovakia took the first leg over 72 kms from Vila Seca to La Pineda.</p>
</text>
<copyright>(c) Reuters Limited 1997</copyright>
<metadata>
<codes class="bip:countries:1.0">
  <code code="SPAIN">
    <editdetail attribution="Reuters BIP Coding Group" action="confirmed" date="1997-06-19"/>
  </code>
  <code code="UK">
    <editdetail attribution="Reuters BIP Coding Group" action="confirmed" date="1997-06-19"/>
  </code>
</codes>
<codes class="bip:topics:1.0">
  <code code="GCAT">
    <editdetail attribution="Reuters BIP Coding Group" action="confirmed" date="1997-06-19"/>
  </code>
  <code code="GSPO">
    <editdetail attribution="Reuters BIP Coding Group" action="confirmed" date="1997-06-19"/>
  </code>
</codes>
<dc element="dc.date.created" value="1997-06-19"/>
<dc element="dc.publisher" value="Reuters Holdings Plc"/>
<dc element="dc.date.published" value="1997-06-19"/>
<dc element="dc.source" value="Reuters"/>
<dc element="dc.creator.location" value="VILA SECA, Spain"/>
<dc element="dc.creator.location.country.name" value="SPAIN"/>
<dc element="dc.source" value="Reuters"/>
</metadata>
</newsitem>
