<?xml version="1.0" encoding="iso-8859-1" ?>
<newsitem itemid="483371" id="root" date="1997-04-02" xml:lang="en">
<title>TAIWAN: Hocheng plans T$1.5/share dividend.</title>
<headline>Hocheng plans T$1.5/share dividend.</headline>
<dateline>TAIPEI 1997-04-02</dateline>
<text>
<p>Taiwan's Hocheng Corp said on Wednesday it planned to issue a dividend of T$1.5 per share for 1996.</p>
<p>The 1996 dividend plan, proposed during a board meeting, included a cash dividend of T$1 per share and a stock dividend, or bonus issue, of T$0.5 per share, the firm said.</p>
<p>The proposal needs approval by shareholders. The statement did not say when the next shareholders' meeting woule be held.</p>
<p>The company manufactures bathroom and kitchen goods.</p>
<p>-- Taipei newsroom (5080815)</p>
</text>
<copyright>(c) Reuters Limited 1997</copyright>
<metadata>
<codes class="bip:countries:1.0">
  <code code="TAIWAN">
    <editdetail attribution="Reuters BIP Coding Group" action="confirmed" date="1997-04-02"/>
  </code>
</codes>
<codes class="bip:industries:1.0">
  <code code="I24800">
    <editdetail attribution="Reuters BIP Coding Group" action="confirmed" date="1997-04-02"/>
  </code>
</codes>
<codes class="bip:topics:1.0">
  <code code="C15">
    <editdetail attribution="Reuters BIP Coding Group" action="confirmed" date="1997-04-02"/>
  </code>
  <code code="C151">
    <editdetail attribution="Reuters BIP Coding Group" action="confirmed" date="1997-04-02"/>
  </code>
  <code code="CCAT">
    <editdetail attribution="Reuters BIP Coding Group" action="confirmed" date="1997-04-02"/>
  </code>
</codes>
<dc element="dc.date.created" value="1997-04-02"/>
<dc element="dc.publisher" value="Reuters Holdings Plc"/>
<dc element="dc.date.published" value="1997-04-02"/>
<dc element="dc.source" value="Reuters"/>
<dc element="dc.creator.location" value="TAIPEI"/>
<dc element="dc.creator.location.country.name" value="TAIWAN"/>
<dc element="dc.source" value="Reuters"/>
</metadata>
</newsitem>
