<?xml version="1.0" encoding="iso-8859-1" ?>
<newsitem itemid="243882" id="root" date="1996-12-09" xml:lang="en">
<title>SWEDEN: SCA cargo ship damaged in crash with ship.</title>
<headline>SCA cargo ship damaged in crash with ship.</headline>
<dateline>STOCKHOLM 1996-12-09</dateline>
<text>
<p>Swedish forestry company SCA's graphic paper unit said on Monday that one of its roll-on/roll-off ships, the M/S Ostrand, had collided with another vessel, the Star Frazer, outside Rotterdam.</p>
<p>&quot;No people were injured in the accident, but the collision was powerful and caused appreciable damage to both vessels,&quot; SCA said in a statement.</p>
<p>The cause of the accident on Sunday evening will be investigated, SCA said.</p>
<p>The M/S Ostrand, which has a dead weight of 8,670 tonnes, will be out of operation for up to 14 days for repairs.</p>
<p>&quot;SCA Transforest will arrange for transportation of paper and pulp with temporary rented resources, so deliveries to customers will not be affected,&quot; SCA said.</p>
<p>The ship was travelling from Rotterdam to Sweden.</p>
<p>-- Abigail Schmelz, Stockholm newsroom +46-8-700 1003</p>
</text>
<copyright>(c) Reuters Limited 1996</copyright>
<metadata>
<codes class="bip:countries:1.0">
  <code code="NETH">
    <editdetail attribution="Reuters BIP Coding Group" action="confirmed" date="1996-12-09"/>
  </code>
  <code code="SWED">
    <editdetail attribution="Reuters BIP Coding Group" action="confirmed" date="1996-12-09"/>
  </code>
</codes>
<codes class="bip:industries:1.0">
  <code code="I47100">
    <editdetail attribution="Reuters BIP Coding Group" action="confirmed" date="1996-12-09"/>
  </code>
</codes>
<codes class="bip:topics:1.0">
  <code code="C24">
    <editdetail attribution="Reuters BIP Coding Group" action="confirmed" date="1996-12-09"/>
  </code>
  <code code="CCAT">
    <editdetail attribution="Reuters BIP Coding Group" action="confirmed" date="1996-12-09"/>
  </code>
  <code code="GCAT">
    <editdetail attribution="Reuters BIP Coding Group" action="confirmed" date="1996-12-09"/>
  </code>
  <code code="GDIS">
    <editdetail attribution="Reuters BIP Coding Group" action="confirmed" date="1996-12-09"/>
  </code>
</codes>
<dc element="dc.date.created" value="1996-12-09"/>
<dc element="dc.publisher" value="Reuters Holdings Plc"/>
<dc element="dc.date.published" value="1996-12-09"/>
<dc element="dc.source" value="Reuters"/>
<dc element="dc.creator.location" value="STOCKHOLM"/>
<dc element="dc.creator.location.country.name" value="SWEDEN"/>
<dc element="dc.source" value="Reuters"/>
</metadata>
</newsitem>
