<?xml version="1.0" encoding="iso-8859-1" ?>
<newsitem itemid="70288" id="root" date="1996-09-23" xml:lang="en">
<title>CHILE: Chilean economy grows 7.6 pct January-to-July.</title>
<headline>Chilean economy grows 7.6 pct January-to-July.</headline>
<dateline>SANTIAGO 1996-09-23</dateline>
<text>
<p>The Chilean economy grew 7.6 percent in the first seven months of the year over the same period of 1995, the Central Bank said in its monthly macroeconomic report.</p>
<p>The figure was slightly below most expectations. It followed the Central Bank's earlier announcement of 5.8 percent growth in July, which was well below expectations.</p>
<p>Referring to the seven-month figure, the Central Bank said that &quot;although it signals dynamism in the economy, it stands at levels in line with the rate of growth expected for the whole year.&quot;  </p>
<p>A modest reduction in growth in the mining sector was partly responsible for the low July figure, said the report.</p>
<p>Although growth in the first few months of the year was surpassing eight percent, it levelled off starting in the second quarter and is now forecast by the Central Bank to end the year at about seven percent.</p>
<p>--Roger Atwood, Santiago newsroom +56-2-699-5595 x211</p>
</text>
<copyright>(c) Reuters Limited 1996</copyright>
<metadata>
<codes class="bip:countries:1.0">
  <code code="CHIL">
    <editdetail attribution="Reuters BIP Coding Group" action="confirmed" date="1996-09-23"/>
  </code>
</codes>
<codes class="bip:topics:1.0">
  <code code="E11">
    <editdetail attribution="Reuters BIP Coding Group" action="confirmed" date="1996-09-23"/>
  </code>
  <code code="ECAT">
    <editdetail attribution="Reuters BIP Coding Group" action="confirmed" date="1996-09-23"/>
  </code>
</codes>
<dc element="dc.date.created" value="1996-09-23"/>
<dc element="dc.publisher" value="Reuters Holdings Plc"/>
<dc element="dc.date.published" value="1996-09-23"/>
<dc element="dc.source" value="Reuters"/>
<dc element="dc.creator.location" value="SANTIAGO"/>
<dc element="dc.creator.location.country.name" value="CHILE"/>
<dc element="dc.source" value="Reuters"/>
</metadata>
</newsitem>
