<?xml version="1.0" encoding="iso-8859-1" ?>
<newsitem itemid="204411" id="root" date="1996-11-20" xml:lang="en">
<title>BELGIUM: EU may review Italian &quot;euro tax&quot; measure for 1997.</title>
<headline>EU may review Italian &quot;euro tax&quot; measure for 1997.</headline>
<dateline>BRUSSELS 1996-11-20</dateline>
<text>
<p>Eurostat, the European Union's statistical office, is likely to have to review the Italian government's proposed &quot;euro tax&quot; component of its 1997 budget, a spokesman for the European Commission said on Wednesday.</p>
<p>Replying to questions about the tax, a spokesman said the Commission had previously incorporated the 0.5 percent of GDP tax as a normal tax, not a one-off measure.</p>
<p>The Commission's most recent economic forecasts for the 15-nation bloc put Italy's 1997 deficit at 3.3 percent of total output, just above the Maastricht treaty's 3.0 percent limit.</p>
<p>The Commission spokesman said the EU executive might also have to make an announcement on the legitimacy of the tax as it did in the France Telecom case.</p>
<p>In that case, the French government proposed transferring 37.5 billion francs from France Telecom as a vital element in cutting its 1997 budget deficit to three percent of GDP, the target for EU nations seeking membership of a single currency.</p>
<p>Critics have charged that such one-off measures smacked of creative accounting and ran counter to the Maastricht treaty guidelines for countries seeking to take sustainable economic measures to qualify for the planned 1999 start of the common currency.</p>
<p>The euro tax is a key part of Italy's 1997 budget -- which cleared the lower house of parliament at the weekend -- tailored to lop 62.5 trillion lire off the 1997 public deficit and speed Italy on its way to EMU membership by 1999.</p>
</text>
<copyright>(c) Reuters Limited 1996</copyright>
<metadata>
<codes class="bip:countries:1.0">
  <code code="EEC">
    <editdetail attribution="Reuters BIP Coding Group" action="confirmed" date="1996-11-20"/>
  </code>
  <code code="ITALY">
    <editdetail attribution="Reuters BIP Coding Group" action="confirmed" date="1996-11-20"/>
  </code>
</codes>
<codes class="bip:topics:1.0">
  <code code="E12">
    <editdetail attribution="Reuters BIP Coding Group" action="confirmed" date="1996-11-20"/>
  </code>
  <code code="E21">
    <editdetail attribution="Reuters BIP Coding Group" action="confirmed" date="1996-11-20"/>
  </code>
  <code code="E211">
    <editdetail attribution="Reuters BIP Coding Group" action="confirmed" date="1996-11-20"/>
  </code>
  <code code="ECAT">
    <editdetail attribution="Reuters BIP Coding Group" action="confirmed" date="1996-11-20"/>
  </code>
  <code code="G15">
    <editdetail attribution="Reuters BIP Coding Group" action="confirmed" date="1996-11-20"/>
  </code>
  <code code="G154">
    <editdetail attribution="Reuters BIP Coding Group" action="confirmed" date="1996-11-20"/>
  </code>
  <code code="GCAT">
    <editdetail attribution="Reuters BIP Coding Group" action="confirmed" date="1996-11-20"/>
  </code>
</codes>
<dc element="dc.date.created" value="1996-11-20"/>
<dc element="dc.publisher" value="Reuters Holdings Plc"/>
<dc element="dc.date.published" value="1996-11-20"/>
<dc element="dc.source" value="Reuters"/>
<dc element="dc.creator.location" value="BRUSSELS"/>
<dc element="dc.creator.location.country.name" value="BELGIUM"/>
<dc element="dc.source" value="Reuters"/>
</metadata>
</newsitem>
