<?xml version="1.0" encoding="iso-8859-1" ?>
<newsitem itemid="683715" id="root" date="1997-06-24" xml:lang="en">
<title>INDIA: India and Sweden sign tax evasion agreement.</title>
<headline>India and Sweden sign tax evasion agreement.</headline>
<dateline>NEW DELHI 1997-06-24</dateline>
<text>
<p>India and Sweden on Tuesday signed an agreement to avoid double taxation and prevent tax evasion.</p>
<p>Indian junior Finance Minister Satpal Maharaj and Swedish Minister of Taxation Thomas Ostros signed the agreement in the Indian capital, the government said in a statement.</p>
<p>The agreement, which replaces a 1988 convention, seeks to boost the two-way flow of investment, technology, trade and services between the two countries, it said.</p>
<p>The accord provides for lower tax rates compared with India's rates on interest, royalties and fees for technical services.</p>
<p>Under the agreement, each country will assist the other in collecting taxes. The countries will share information to prevent fraud and tax evasion, it added.</p>
<p>-- New Delhi newsroom +91-11 301 2024</p>
</text>
<copyright>(c) Reuters Limited 1997</copyright>
<metadata>
<codes class="bip:countries:1.0">
  <code code="INDIA">
    <editdetail attribution="Reuters BIP Coding Group" action="confirmed" date="1997-06-24"/>
  </code>
  <code code="SWED">
    <editdetail attribution="Reuters BIP Coding Group" action="confirmed" date="1997-06-24"/>
  </code>
</codes>
<codes class="bip:topics:1.0">
  <code code="E21">
    <editdetail attribution="Reuters BIP Coding Group" action="confirmed" date="1997-06-24"/>
  </code>
  <code code="E211">
    <editdetail attribution="Reuters BIP Coding Group" action="confirmed" date="1997-06-24"/>
  </code>
  <code code="E51">
    <editdetail attribution="Reuters BIP Coding Group" action="confirmed" date="1997-06-24"/>
  </code>
  <code code="E512">
    <editdetail attribution="Reuters BIP Coding Group" action="confirmed" date="1997-06-24"/>
  </code>
  <code code="ECAT">
    <editdetail attribution="Reuters BIP Coding Group" action="confirmed" date="1997-06-24"/>
  </code>
</codes>
<dc element="dc.date.created" value="1997-06-24"/>
<dc element="dc.publisher" value="Reuters Holdings Plc"/>
<dc element="dc.date.published" value="1997-06-24"/>
<dc element="dc.source" value="Reuters"/>
<dc element="dc.creator.location" value="NEW DELHI"/>
<dc element="dc.creator.location.country.name" value="INDIA"/>
<dc element="dc.source" value="Reuters"/>
</metadata>
</newsitem>
