<?xml version="1.0" encoding="iso-8859-1" ?>
<newsitem itemid="452699" id="root" date="1997-03-19" xml:lang="en">
<title>HUNGARY: Hungary snowfalls no danger to crops - Met Office.</title>
<headline>Hungary snowfalls no danger to crops - Met Office.</headline>
<dateline>BUDAPEST 1997-03-19</dateline>
<text>
<p>Recent snowfalls and cold weather are more good news than bad for Hungary's agriculture, the Meteorological Office (OMSZ) said on Wednesday.</p>
<p>&quot;Much-needed precipitation would more than offset the possible growth delay caused by recent and expected snowfalls,&quot; Attila Bussay of the OMSZ's agricultural department told Reuters.</p>
<p>Hungary's weather turned colder over the weekend and snowfalls that started on Tuesday are forecast to last until the end of the month, he said.</p>
<p>Bussay added that the snow was likely to have a beneficial effect as an early drought had already prompted the Agriculture Ministry to impose a fire ban at the beginning of March.</p>
<p>--Denes Albert, Budapest newsroom +36 1 327 4040</p>
</text>
<copyright>(c) Reuters Limited 1997</copyright>
<metadata>
<codes class="bip:countries:1.0">
  <code code="HUNG">
    <editdetail attribution="Reuters BIP Coding Group" action="confirmed" date="1997-03-19"/>
  </code>
</codes>
<codes class="bip:industries:1.0">
  <code code="I01000">
    <editdetail attribution="Reuters BIP Coding Group" action="confirmed" date="1997-03-19"/>
  </code>
</codes>
<codes class="bip:topics:1.0">
  <code code="C24">
    <editdetail attribution="Reuters BIP Coding Group" action="confirmed" date="1997-03-19"/>
  </code>
  <code code="CCAT">
    <editdetail attribution="Reuters BIP Coding Group" action="confirmed" date="1997-03-19"/>
  </code>
  <code code="GCAT">
    <editdetail attribution="Reuters BIP Coding Group" action="confirmed" date="1997-03-19"/>
  </code>
  <code code="GWEA">
    <editdetail attribution="Reuters BIP Coding Group" action="confirmed" date="1997-03-19"/>
  </code>
</codes>
<dc element="dc.date.created" value="1997-03-19"/>
<dc element="dc.publisher" value="Reuters Holdings Plc"/>
<dc element="dc.date.published" value="1997-03-19"/>
<dc element="dc.source" value="Reuters"/>
<dc element="dc.creator.location" value="BUDAPEST"/>
<dc element="dc.creator.location.country.name" value="HUNGARY"/>
<dc element="dc.source" value="Reuters"/>
</metadata>
</newsitem>
