<?xml version="1.0" encoding="iso-8859-1" ?>
<newsitem itemid="291357" id="root" date="1997-01-07" xml:lang="en">
<title>INDIA: * India floating rate note (FRN) rates - Jan 7.</title>
<headline>* India floating rate note (FRN) rates - Jan 7.</headline>
<text>
<p>-------------------FLOATING RATE NOTES-----------------</p>
<p>Issuer  Size  Issue yield Maturity  ISMA price  Lead manager</p>
<p>	(mln $)   percent		   (in dollars)</p>
<p>SPIC   120.00   7.93	19/01/2003   --------    CHASE</p>
<p>SCICI  150.00   6.71	10/10/2002   99.60/98    MERRILL</p>
<p>SBI     30.00   5.80	29/11/1996   --------    MERRILL</p>
<p>IDBI   250.00   6.56	26/09/2002   99.80/05    CSF</p>
<p>GE	50.0    6.98	30/10/2003   --------    ANZ</p>
<p>Shiping Co.</p>
<p>				  STRAIGHT</p>
<p>SCICI  150.00   8.00	30/07/2001  100.88/50    SBC Warburg</p>
<p>.</p>
<p>Note: The issuers are Southern Petrochemical Industries Corporation (SPIC), SCICI (SCICI Ltd), SBI European Bank (SBI) and Industrial Development Bank of India (IDBI).</p>
<p>The prices are compiled from ISMA closing prices.</p>
</text>
<copyright>(c) Reuters Limited 1997</copyright>
<metadata>
<codes class="bip:countries:1.0">
  <code code="INDIA">
    <editdetail attribution="Reuters BIP Coding Group" action="confirmed" date="1997-01-07"/>
  </code>
</codes>
<codes class="bip:topics:1.0">
  <code code="M12">
    <editdetail attribution="Reuters BIP Coding Group" action="confirmed" date="1997-01-07"/>
  </code>
  <code code="MCAT">
    <editdetail attribution="Reuters BIP Coding Group" action="confirmed" date="1997-01-07"/>
  </code>
</codes>
<dc element="dc.publisher" value="Reuters Holdings Plc"/>
<dc element="dc.date.published" value="1997-01-07"/>
<dc element="dc.source" value="Reuters"/>
<dc element="dc.creator.location.country.name" value="INDIA"/>
<dc element="dc.source" value="Reuters"/>
</metadata>
</newsitem>
