<?xml version="1.0" encoding="iso-8859-1" ?>
<newsitem itemid="90144" id="root" date="1996-10-02" xml:lang="en">
<title>USA: Cargolux says using new planes cost-effective.</title>
<headline>Cargolux says using new planes cost-effective.</headline>
<dateline>BAL HARBOUR, Fla. 1996-10-02</dateline>
<text>
<p>The president of Cargolux Airlines International Wednesday said his company's use of new aircraft, versus the older craft preferred by most all-cargo airlines, is cost-effective.</p>
<p>&quot;The cost advantages are very evident for us,&quot; Heiner Wilkens, president of Cargolux, told the Cargo Facts Used Aircraft symposium.</p>
<p>Cargolux, the fifth-largest European airfreighter company, saves 30 percent on crew costs and 60 percent on maintenance costs using new Boeing Co 747s, compared with used aircraft, Wilkens said.</p>
<p>He said the Luxembourg-based firm saves 17 percent on fuel costs and 15 percent on handling, landling and overflight costs by using new equipment.</p>
<p>&quot;This aircraft makes money in our company,&quot; he said.</p>
<p>A new aircraft typically costs $150 million or more.</p>
</text>
<copyright>(c) Reuters Limited 1996</copyright>
<metadata>
<codes class="bip:countries:1.0">
  <code code="USA">
    <editdetail attribution="Reuters BIP Coding Group" action="confirmed" date="1996-10-02"/>
  </code>
</codes>
<codes class="bip:industries:1.0">
  <code code="I75000">
    <editdetail attribution="Reuters BIP Coding Group" action="confirmed" date="1996-10-02"/>
  </code>
</codes>
<codes class="bip:topics:1.0">
  <code code="C24">
    <editdetail attribution="Reuters BIP Coding Group" action="confirmed" date="1996-10-02"/>
  </code>
  <code code="CCAT">
    <editdetail attribution="Reuters BIP Coding Group" action="confirmed" date="1996-10-02"/>
  </code>
</codes>
<dc element="dc.date.created" value="1996-10-02"/>
<dc element="dc.publisher" value="Reuters Holdings Plc"/>
<dc element="dc.date.published" value="1996-10-02"/>
<dc element="dc.source" value="Reuters"/>
<dc element="dc.creator.location" value="BAL HARBOUR, Fla."/>
<dc element="dc.creator.location.country.name" value="USA"/>
<dc element="dc.source" value="Reuters"/>
</metadata>
</newsitem>
