<?xml version="1.0" encoding="iso-8859-1" ?>
<newsitem itemid="44472" id="root" date="1996-09-10" xml:lang="en">
<title>UK: Kexim prices $500 million five-year bond, +44 bp.</title>
<headline>Kexim prices $500 million five-year bond, +44 bp.</headline>
<dateline>LONDON 1996-09-10</dateline>
<text>
<p>The Export-Import Bank of Korea's $500 million five-year Eurobond has been priced, joint lead managers Nomura International and SBC Warburg said on Tuesday.</p>
<p>The deal was launched on Monday.</p>
<p>+ + +</p>
<p> AMT	  $500 MLN  COUPON     7.125     MATURITY    20.SEP.01</p>
<p> TYPE	 STRAIGHT  ISS PRICE  101.188   PAY DATE    20.SEP.96</p>
<p> FULL FEES  1.875     REOFFER    99.588    SPREAD	+44 BP</p>
<p> MOODY	A1	  LISTING    LUX	 PAY FREQ    ANNUAL</p>
<p> S&amp;P	  AA-	 DENOMS (K) 5-10-100  SALE LIMITS US/UK/KR</p>
<p> NEG PLG    YES	 CRS DEFLT  YES	 FORCE MAJ   IPMA 2</p>
<p> GOV LAW    ENGLISH   HOME CTRY  KOREA     TAX PROVS   =</p>
<p> MGT/UND    0.275     SELL CONC  1.60	PRAECIPUUM  NONE</p>
<p>UNDERLYING GOVT BOND 6.50 PCT U.S. T-NOTE DUE 31.AUG.01</p>
<p>-- London Newsroom +44 171 542 7658</p>
</text>
<copyright>(c) Reuters Limited 1996</copyright>
<metadata>
<codes class="bip:countries:1.0">
  <code code="SKOREA">
    <editdetail attribution="Reuters BIP Coding Group" action="confirmed" date="1996-09-10"/>
  </code>
  <code code="UK">
    <editdetail attribution="Reuters BIP Coding Group" action="confirmed" date="1996-09-10"/>
  </code>
</codes>
<codes class="bip:industries:1.0">
  <code code="I81501">
    <editdetail attribution="Reuters BIP Coding Group" action="confirmed" date="1996-09-10"/>
  </code>
  <code code="I8150110">
    <editdetail attribution="Reuters BIP Coding Group" action="confirmed" date="1996-09-10"/>
  </code>
</codes>
<codes class="bip:topics:1.0">
  <code code="C17">
    <editdetail attribution="Reuters BIP Coding Group" action="confirmed" date="1996-09-10"/>
  </code>
  <code code="C172">
    <editdetail attribution="Reuters BIP Coding Group" action="confirmed" date="1996-09-10"/>
  </code>
  <code code="CCAT">
    <editdetail attribution="Reuters BIP Coding Group" action="confirmed" date="1996-09-10"/>
  </code>
</codes>
<dc element="dc.date.created" value="1996-09-10"/>
<dc element="dc.publisher" value="Reuters Holdings Plc"/>
<dc element="dc.date.published" value="1996-09-10"/>
<dc element="dc.source" value="Reuters"/>
<dc element="dc.creator.location" value="LONDON"/>
<dc element="dc.creator.location.country.name" value="UK"/>
<dc element="dc.source" value="Reuters"/>
</metadata>
</newsitem>
