<?xml version="1.0" encoding="iso-8859-1" ?>
<newsitem itemid="781693" id="root" date="1997-08-06" xml:lang="en">
<title>PHILIPPINES: PH-ADR PHILIPPINE STOCKS TRADED ABROAD.</title>
<headline>PH-ADR PHILIPPINE STOCKS TRADED ABROAD.</headline>
<dateline>MANILA 1996-08-07</dateline>
<text>
<p>Closing prices of Philippine</p>
<p>stocks traded on Wall Street on Wednesday</p>
<p>Company   Close	 Net Change  High	Low	 Volume</p>
<p>PLDT	$32/15	 -0/03	33 1/4   32/15	46400</p>
<p>Benguet   $0/05	  no change  0/05     0/05	 84400</p>
<p>1st Phil  $12/13	 -0/02	13	 12/13	55000</p>
</text>
<copyright>(c) Reuters Limited 1997</copyright>
<metadata>
<codes class="bip:countries:1.0">
  <code code="PHLNS">
    <editdetail attribution="Reuters BIP Coding Group" action="confirmed" date="1997-08-06"/>
  </code>
</codes>
<codes class="bip:topics:1.0">
  <code code="M11">
    <editdetail attribution="Reuters BIP Coding Group" action="confirmed" date="1997-08-06"/>
  </code>
  <code code="MCAT">
    <editdetail attribution="Reuters BIP Coding Group" action="confirmed" date="1997-08-06"/>
  </code>
</codes>
<dc element="dc.date.created" value="1996-08-07"/>
<dc element="dc.publisher" value="Reuters Holdings Plc"/>
<dc element="dc.date.published" value="1997-08-06"/>
<dc element="dc.source" value="Reuters"/>
<dc element="dc.creator.location" value="MANILA"/>
<dc element="dc.creator.location.country.name" value="PHILIPPINES"/>
<dc element="dc.source" value="Reuters"/>
</metadata>
</newsitem>
