<?xml version="1.0" encoding="iso-8859-1" ?>
<newsitem itemid="693188" id="root" date="1997-06-27" xml:lang="en">
<title>UK: Bunzl buy of bonded fibres business halted.</title>
<headline>Bunzl buy of bonded fibres business halted.</headline>
<dateline>LONDON 1997-06-27</dateline>
<text>
<p>British-based plastics group Bunzl Plc said on Friday that its agreement to buy the bonded fibres business of American Filtrona Corp from WBT Holdings has been terminated.  </p>
<p>Bunzl, which had agreed to buy the business for $72.45 million in cash, said that WBT Holdings had terminated its agreement to buy American Filtrona Corp.</p>
<p>Bunzl's deal was dependent on WBT, which is owned by several trusts for the benefit of the late Walter Bunzl, buying American Filtrona.</p>
<p>Bunzl said it was considering its options as to how to proceed.</p>
<p>--London Newsroom +44 171 542 4019</p>
</text>
<copyright>(c) Reuters Limited 1997</copyright>
<metadata>
<codes class="bip:countries:1.0">
  <code code="UK">
    <editdetail attribution="Reuters BIP Coding Group" action="confirmed" date="1997-06-27"/>
  </code>
  <code code="USA">
    <editdetail attribution="Reuters BIP Coding Group" action="confirmed" date="1997-06-27"/>
  </code>
</codes>
<codes class="bip:industries:1.0">
  <code code="I47100">
    <editdetail attribution="Reuters BIP Coding Group" action="confirmed" date="1997-06-27"/>
  </code>
  <code code="I47200">
    <editdetail attribution="Reuters BIP Coding Group" action="confirmed" date="1997-06-27"/>
  </code>
</codes>
<codes class="bip:topics:1.0">
  <code code="C18">
    <editdetail attribution="Reuters BIP Coding Group" action="confirmed" date="1997-06-27"/>
  </code>
  <code code="C181">
    <editdetail attribution="Reuters BIP Coding Group" action="confirmed" date="1997-06-27"/>
  </code>
  <code code="CCAT">
    <editdetail attribution="Reuters BIP Coding Group" action="confirmed" date="1997-06-27"/>
  </code>
</codes>
<dc element="dc.date.created" value="1997-06-27"/>
<dc element="dc.publisher" value="Reuters Holdings Plc"/>
<dc element="dc.date.published" value="1997-06-27"/>
<dc element="dc.source" value="Reuters"/>
<dc element="dc.creator.location" value="LONDON"/>
<dc element="dc.creator.location.country.name" value="UK"/>
<dc element="dc.source" value="Reuters"/>
</metadata>
</newsitem>
