<?xml version="1.0" encoding="iso-8859-1" ?>
<newsitem itemid="198751" id="root" date="1996-11-18" xml:lang="en">
<title>GREECE: Table of Greek mutual fund flows, assets.</title>
<headline>Table of Greek mutual fund flows, assets.</headline>
<dateline>ATHENS 1996-11-18</dateline>
<text>
<p>Ionian Bank reported the following daily and year-to-date changes in the volume of Greek mutual fund outstanding shares, net assets and net share prices.</p>
<p>					 Nov 15/Nov 14   Nov 15/Dec 31, 95</p>
<p>						 (%)		  (%)</p>
<p>NET SHARE PRICES*</p>
<p>  Total market			    0.09		10.83</p>
<p>  Fixed income mutual funds	   0.06		12.04</p>
<p>  International funds		   0.24		 5.98</p>
<p>  Growth Funds			    0.70		-5.22</p>
<p>* Prices include distributed dividends</p>
<p>VOLUME OF SHARES</p>
<p>  Total market			   -0.18		36.44</p>
<p>  Fixed income mutual funds	  -0.18		41.89</p>
<p>  International funds		  -0.09	     -24.10</p>
<p>  Growth funds			   -0.11		-7.57</p>
<p>NET ASSETS</p>
<p>  Total market			   -0.11		49.88</p>
<p>  Fixed income mutual funds	  -0.14		56.96</p>
<p>  International funds		   0.15	     -20.96</p>
<p>  Growth funds			    0.59	     -13.24</p>
<p>All calculations are based on a performance index of mutual funds whose base was set to be equal to 100 on December 31, 1991.</p>
<p>--Dimitris Kontogiannis, Athens Newsroom +301 3311812-4</p>
</text>
<copyright>(c) Reuters Limited 1996</copyright>
<metadata>
<codes class="bip:countries:1.0">
  <code code="GREECE">
    <editdetail attribution="Reuters BIP Coding Group" action="confirmed" date="1996-11-18"/>
  </code>
</codes>
<codes class="bip:industries:1.0">
  <code code="I81502">
    <editdetail attribution="Reuters BIP Coding Group" action="confirmed" date="1996-11-18"/>
  </code>
  <code code="I8150211">
    <editdetail attribution="Reuters BIP Coding Group" action="confirmed" date="1996-11-18"/>
  </code>
</codes>
<codes class="bip:topics:1.0">
  <code code="C15">
    <editdetail attribution="Reuters BIP Coding Group" action="confirmed" date="1996-11-18"/>
  </code>
  <code code="C151">
    <editdetail attribution="Reuters BIP Coding Group" action="confirmed" date="1996-11-18"/>
  </code>
  <code code="CCAT">
    <editdetail attribution="Reuters BIP Coding Group" action="confirmed" date="1996-11-18"/>
  </code>
</codes>
<dc element="dc.date.created" value="1996-11-18"/>
<dc element="dc.publisher" value="Reuters Holdings Plc"/>
<dc element="dc.date.published" value="1996-11-18"/>
<dc element="dc.source" value="Reuters"/>
<dc element="dc.creator.location" value="ATHENS"/>
<dc element="dc.creator.location.country.name" value="GREECE"/>
<dc element="dc.source" value="Reuters"/>
</metadata>
</newsitem>
