<?xml version="1.0" encoding="iso-8859-1" ?>
<newsitem itemid="802660" id="root" date="1997-08-15" xml:lang="en">
<title>USA: Iowa-So Minn hogs estimate Friday 100,000 - USDA.</title>
<headline>Iowa-So Minn hogs estimate Friday 100,000 - USDA.</headline>
<dateline>DES MOINES 1997-08-15</dateline>
<text>
<p>Estimated interior Iowa and southern Minnesota hog receipts:</p>
<p>Friday:  100,000   Wk ago:  95,000   Yr ago:  97,000</p>
<p>Saturday: 20,000   Wk ago:  15,000   Yr ago:  17,000</p>
<p>Estimates include generally about 65 percent Carcass Base Hogs.Barrows and gilts were steady to $0.50 per cwt higher than midsession Thursday. Trade was light to moderate with moderate demand and moderate offerings.</p>
<p>				  Country		   Plants</p>
<p>US 1-3   46-49% Carcass Base Lean</p>
<p>220-260 lbs	    54.00 -56.00	   55.00 -57.00</p>
<p>few			56.50		    57.50</p>
<p>US 1-3   46-49% Carcass Base Lean*</p>
<p>260-280 lbs	    53.00 -56.00	   53.50 -57.00</p>
<p>US 2-4   43-49% Carcass Base Lean</p>
<p>280-300 lbs	    53.00 -56.00	   53.50 -57.00</p>
<p>Sows:  steady.</p>
<p>US 1-3 300-500 lbs   42.00 -45.00	   43.00 -47.00</p>
<p>500 lbs. up	    46.00 -48.00	   47.00 -49.00</p>
<p>Compared to last week:  Barrows and gilts were steady to $0.50 per cwt higher. Slaughter sows were steady to $1.50 lower. Receipts this week estimated at 554,000 head compared to 524,000 last week and 512,000 a year ago. Barrow and gilt average weight for week ending 9 Aug 1997 was 248.7 lbs compared 248.9 previous week and 244.7 a year ago.</p>
<p>((Chicago newsdesk 312-408-8720))</p>
</text>
<copyright>(c) Reuters Limited 1997</copyright>
<metadata>
<codes class="bip:countries:1.0">
  <code code="USA">
    <editdetail attribution="Reuters BIP Coding Group" action="confirmed" date="1997-08-15"/>
  </code>
</codes>
<codes class="bip:topics:1.0">
  <code code="M14">
    <editdetail attribution="Reuters BIP Coding Group" action="confirmed" date="1997-08-15"/>
  </code>
  <code code="M141">
    <editdetail attribution="Reuters BIP Coding Group" action="confirmed" date="1997-08-15"/>
  </code>
  <code code="MCAT">
    <editdetail attribution="Reuters BIP Coding Group" action="confirmed" date="1997-08-15"/>
  </code>
</codes>
<dc element="dc.date.created" value="1997-08-15"/>
<dc element="dc.publisher" value="Reuters Holdings Plc"/>
<dc element="dc.date.published" value="1997-08-15"/>
<dc element="dc.source" value="Reuters"/>
<dc element="dc.creator.location" value="DES MOINES"/>
<dc element="dc.creator.location.country.name" value="USA"/>
<dc element="dc.source" value="Reuters"/>
</metadata>
</newsitem>
