<?xml version="1.0" encoding="iso-8859-1" ?>
<newsitem itemid="800943" id="root" date="1997-08-14" xml:lang="en">
<title>AUSTRALIA: NORMANS SEES GROWTH AFTER PROFIT TURNAROUND.</title>
<headline>NORMANS SEES GROWTH AFTER PROFIT TURNAROUND.</headline>
<dateline>ADELAIDE 1997-08-14</dateline>
<text>
<p>Australian wine producer Normans Wines Ltd said on Thursday it now had the building blocks in place for future growth, following a A$1.1 million turnaround which returned the company to profitability in 1996/97.</p>
<p>Normans recorded an after-tax profit of A$235,000 for the year to June 30, 1997, compared to a loss of A$867,000 in 1995/96.</p>
<p>Turnover rose 48 percent to A$31 million from A$21 million.  </p>
<p>&quot;Normans is now excellently positioned to meet the challenge of maintaining its momentum in production and marketing, thereby ensuring the company can play an increasingly important role in the Australian wine industry,&quot; chairman Lionel Krongold said.</p>
<p>Krongold said in a statement Normans produced more than 10 million litres of wine in 1996/97 and its 1996 vintage grape crush of 13,5000 tonnes had surpassed forecasts, with the company anticipating a 50 percent lift in the 1998 crush.  </p>
<p>Following a rights issue which raised A$3.5 million earlier this year, the company had embarked on a major spending program to increase capacity at its two wineries by 50 percent to set the scene for increasing production volumes by 2000, he said.</p>
<p>Normans shares were 10 cents firmer at A$1.05 at 1.50 p.m. (0350 GMT).</p>
<p>-- Sydney newsroom 61-2 9373-1800</p>
</text>
<copyright>(c) Reuters Limited 1997</copyright>
<metadata>
<codes class="bip:countries:1.0">
  <code code="AUSTR">
    <editdetail attribution="Reuters BIP Coding Group" action="confirmed" date="1997-08-14"/>
  </code>
</codes>
<codes class="bip:industries:1.0">
  <code code="I42600">
    <editdetail attribution="Reuters BIP Coding Group" action="confirmed" date="1997-08-14"/>
  </code>
</codes>
<codes class="bip:topics:1.0">
  <code code="C15">
    <editdetail attribution="Reuters BIP Coding Group" action="confirmed" date="1997-08-14"/>
  </code>
  <code code="C152">
    <editdetail attribution="Reuters BIP Coding Group" action="confirmed" date="1997-08-14"/>
  </code>
  <code code="CCAT">
    <editdetail attribution="Reuters BIP Coding Group" action="confirmed" date="1997-08-14"/>
  </code>
</codes>
<dc element="dc.date.created" value="1997-08-14"/>
<dc element="dc.publisher" value="Reuters Holdings Plc"/>
<dc element="dc.date.published" value="1997-08-14"/>
<dc element="dc.source" value="Reuters"/>
<dc element="dc.creator.location" value="ADELAIDE"/>
<dc element="dc.creator.location.country.name" value="AUSTRALIA"/>
<dc element="dc.source" value="Reuters"/>
</metadata>
</newsitem>
