<?xml version="1.0" encoding="iso-8859-1" ?>
<newsitem itemid="132030" id="root" date="1996-10-21" xml:lang="en">
<title>JAPAN: Graphtec -6mth parent forecast.</title>
<headline>Graphtec -6mth parent forecast.</headline>
<dateline>TOKYO 1996-10-21</dateline>
<text>
<p>Six months to September 30, 1996</p>
<p>		   (in billions of yen unless specified)</p>
<p>			   LATEST	    PREVIOUS	   ACTUAL</p>
<p> (Parent)	     FORECAST	   FORECAST	  YEAR-AGO</p>
<p> Sales		  6.40		 6.20		 6.42</p>
<p> Current	  prft 200 million	prft 55 million  loss 169    million</p>
<p> Net		prft 150 million	prft 30 million   loss 68    million</p>
<p> Interim div	   nil		  nil		  nil</p>
<p>NOTE - Graphtec Corp is a specialist manufacturer of records and plotters.</p>
</text>
<copyright>(c) Reuters Limited 1996</copyright>
<metadata>
<codes class="bip:countries:1.0">
  <code code="JAP">
    <editdetail attribution="Reuters BIP Coding Group" action="confirmed" date="1996-10-21"/>
  </code>
</codes>
<codes class="bip:industries:1.0">
  <code code="I34420">
    <editdetail attribution="Reuters BIP Coding Group" action="confirmed" date="1996-10-21"/>
  </code>
</codes>
<codes class="bip:topics:1.0">
  <code code="C15">
    <editdetail attribution="Reuters BIP Coding Group" action="confirmed" date="1996-10-21"/>
  </code>
  <code code="C152">
    <editdetail attribution="Reuters BIP Coding Group" action="confirmed" date="1996-10-21"/>
  </code>
  <code code="CCAT">
    <editdetail attribution="Reuters BIP Coding Group" action="confirmed" date="1996-10-21"/>
  </code>
</codes>
<dc element="dc.date.created" value="1996-10-21"/>
<dc element="dc.publisher" value="Reuters Holdings Plc"/>
<dc element="dc.date.published" value="1996-10-21"/>
<dc element="dc.source" value="Reuters"/>
<dc element="dc.creator.location" value="TOKYO"/>
<dc element="dc.creator.location.country.name" value="JAPAN"/>
<dc element="dc.source" value="Reuters"/>
</metadata>
</newsitem>
