<?xml version="1.0" encoding="iso-8859-1" ?>
<newsitem itemid="149564" id="root" date="1996-10-29" xml:lang="en">
<title>USA: Bertucci's Inc Q3 shr $0.09 vs $0.07.</title>
<headline>Bertucci's Inc Q3 shr $0.09 vs $0.07.</headline>
<dateline>WAKEFIELD, Mass. 1996-10-29</dateline>
<text>
<p>Condensed Statements of Operations</p>
<p>			   12 Weeks Ended	   40 Weeks Ended</p>
<p>			    Oct 5,     Oct 7,     Oct 5,     Oct 7,</p>
<p>			     1996	 1995	 1996	 1995</p>
<p> Sales		 $  29,549  $  28,211   $ 98,043   $ 92,178</p>
<p> Net Income		  792	  610	2,026	2,038</p>
<p> Earnings Per Share     0.09	 0.07	 0.23	 0.23</p>
<p>Weighted Average</p>
<p>  Shares	     8,860,253  8,848,273  8,883,798  8,877,257</p>
</text>
<copyright>(c) Reuters Limited 1996</copyright>
<metadata>
<codes class="bip:countries:1.0">
  <code code="USA">
    <editdetail attribution="Reuters BIP Coding Group" action="confirmed" date="1996-10-29"/>
  </code>
</codes>
<codes class="bip:industries:1.0">
  <code code="I66100">
    <editdetail attribution="Reuters BIP Coding Group" action="confirmed" date="1996-10-29"/>
  </code>
</codes>
<codes class="bip:topics:1.0">
  <code code="C15">
    <editdetail attribution="Reuters BIP Coding Group" action="confirmed" date="1996-10-29"/>
  </code>
  <code code="C151">
    <editdetail attribution="Reuters BIP Coding Group" action="confirmed" date="1996-10-29"/>
  </code>
  <code code="CCAT">
    <editdetail attribution="Reuters BIP Coding Group" action="confirmed" date="1996-10-29"/>
  </code>
</codes>
<dc element="dc.date.created" value="1996-10-29"/>
<dc element="dc.publisher" value="Reuters Holdings Plc"/>
<dc element="dc.date.published" value="1996-10-29"/>
<dc element="dc.source" value="Reuters"/>
<dc element="dc.creator.location" value="WAKEFIELD, Mass."/>
<dc element="dc.creator.location.country.name" value="USA"/>
<dc element="dc.source" value="Reuters"/>
</metadata>
</newsitem>
