<?xml version="1.0" encoding="iso-8859-1" ?>
<newsitem itemid="576539" id="root" date="1997-05-12" xml:lang="en">
<title>ITALY: Generali 1996 net profit leaps.</title>
<headline>Generali 1996 net profit leaps.</headline>
<dateline>MILAN 1997-05-12</dateline>
<text>
<p>Italian insurance group Generali said on Monday its net consolidated attributable profit rose to 1.437 trillion lire from 695 billion lire in 1995.</p>
<p>The parent company announced an unchanged dividend per ordinary share of 375 lire/share for 1996, which taking into account a free capital issue, saw the total company's dividend payout increase 10 percent.  </p>
<p>A Generali statement after a group board meeting said that even without proceeds from the sale of Generali's stake in French insurer AXA, group consolidated profit from 1996 would have been 880 billion lire, an increase of 14.3 percent.</p>
<p>The group said that 1996 overall premiums rose 10.7 percent to 34.924 trillion lire, of which some 30.1 percent came from the Italian market. Group investments rose 15 percent to 121.700 trillion lire.  </p>
<p>The group said that its operating profit in 1996 was 1.187 trillion lire after 1.041 trillion lire in 1995.</p>
<p>At the parent company level, net profits in 1997 rose to 519.7 billion lire, some 37 billion lire above 1995.</p>
<p>-- Milan newsroom +329 66129502</p>
</text>
<copyright>(c) Reuters Limited 1997</copyright>
<metadata>
<codes class="bip:countries:1.0">
  <code code="ITALY">
    <editdetail attribution="Reuters BIP Coding Group" action="confirmed" date="1997-05-12"/>
  </code>
</codes>
<codes class="bip:industries:1.0">
  <code code="I82001">
    <editdetail attribution="Reuters BIP Coding Group" action="confirmed" date="1997-05-12"/>
  </code>
</codes>
<codes class="bip:topics:1.0">
  <code code="C15">
    <editdetail attribution="Reuters BIP Coding Group" action="confirmed" date="1997-05-12"/>
  </code>
  <code code="C151">
    <editdetail attribution="Reuters BIP Coding Group" action="confirmed" date="1997-05-12"/>
  </code>
  <code code="C1511">
    <editdetail attribution="Reuters BIP Coding Group" action="confirmed" date="1997-05-12"/>
  </code>
  <code code="CCAT">
    <editdetail attribution="Reuters BIP Coding Group" action="confirmed" date="1997-05-12"/>
  </code>
</codes>
<dc element="dc.date.created" value="1997-05-12"/>
<dc element="dc.publisher" value="Reuters Holdings Plc"/>
<dc element="dc.date.published" value="1997-05-12"/>
<dc element="dc.source" value="Reuters"/>
<dc element="dc.creator.location" value="MILAN"/>
<dc element="dc.creator.location.country.name" value="ITALY"/>
<dc element="dc.source" value="Reuters"/>
</metadata>
</newsitem>
