<?xml version="1.0" encoding="iso-8859-1" ?>
<newsitem itemid="48983" id="root" date="1996-09-12" xml:lang="en">
<title>POLAND: Optimus new share issue cleared.</title>
<headline>Optimus new share issue cleared.</headline>
<dateline>WARSAW 1996-09-12</dateline>
<text>
<p>The Polish Securities Commission (KPW) has cleared a new issue of up to 2.5 million shares for computer maker Optimus SA, which would later be exchanged for the firm's convertible bonds, KPW said in a statement.</p>
<p>Optimus issued 300 of its five-year bonds, with a par value of $100,000 each in June, which can be converted into shares at any time before they mature on June 20, 2001.</p>
<p>Optimus earlier said one convertible bond would be exchangeable into 6,947 common shares at 38.76 zlotys a share.</p>
<p>The KPW also cleared two million registered Optimus shares for trade.</p>
<p>-- Warsaw Newsroom +48 22 653 9700</p>
</text>
<copyright>(c) Reuters Limited 1996</copyright>
<metadata>
<codes class="bip:countries:1.0">
  <code code="POL">
    <editdetail attribution="Reuters BIP Coding Group" action="confirmed" date="1996-09-12"/>
  </code>
</codes>
<codes class="bip:industries:1.0">
  <code code="I33020">
    <editdetail attribution="Reuters BIP Coding Group" action="confirmed" date="1996-09-12"/>
  </code>
</codes>
<codes class="bip:topics:1.0">
  <code code="C17">
    <editdetail attribution="Reuters BIP Coding Group" action="confirmed" date="1996-09-12"/>
  </code>
  <code code="C171">
    <editdetail attribution="Reuters BIP Coding Group" action="confirmed" date="1996-09-12"/>
  </code>
  <code code="C172">
    <editdetail attribution="Reuters BIP Coding Group" action="confirmed" date="1996-09-12"/>
  </code>
  <code code="CCAT">
    <editdetail attribution="Reuters BIP Coding Group" action="confirmed" date="1996-09-12"/>
  </code>
</codes>
<dc element="dc.date.created" value="1996-09-12"/>
<dc element="dc.publisher" value="Reuters Holdings Plc"/>
<dc element="dc.date.published" value="1996-09-12"/>
<dc element="dc.source" value="Reuters"/>
<dc element="dc.creator.location" value="WARSAW"/>
<dc element="dc.creator.location.country.name" value="POLAND"/>
<dc element="dc.source" value="Reuters"/>
</metadata>
</newsitem>
