<?xml version="1.0" encoding="iso-8859-1" ?>
<newsitem itemid="255757" id="root" date="1996-12-13" xml:lang="en">
<title>GREECE: CONSTANTOPOULOU FROM BOFA, LONDON MOVES TO THE ATHENS BRANCH.</title>
<headline>CONSTANTOPOULOU FROM BOFA, LONDON MOVES TO THE ATHENS BRANCH.</headline>
<dateline>ATHENS 1996-12-13</dateline>
<text>
<p>Ifigenia Constantopoulou, formerly with the syndicated loans department at the Bank of America, London moves to the Bank of America, Athens, sources told Reuters.</p>
<p>Constantopoulou will be responsible for the bank's management and capital markets group relations, the sources said.</p>
<p>She will assume her new duties in January, 1997.</p>
<p>--Dimitris Kontogiannis, Athens Newsroom +301 3311812-4</p>
</text>
<copyright>(c) Reuters Limited 1996</copyright>
<metadata>
<codes class="bip:countries:1.0">
  <code code="GREECE">
    <editdetail attribution="Reuters BIP Coding Group" action="confirmed" date="1996-12-13"/>
  </code>
  <code code="UK">
    <editdetail attribution="Reuters BIP Coding Group" action="confirmed" date="1996-12-13"/>
  </code>
  <code code="USA">
    <editdetail attribution="Reuters BIP Coding Group" action="confirmed" date="1996-12-13"/>
  </code>
</codes>
<codes class="bip:industries:1.0">
  <code code="I81402">
    <editdetail attribution="Reuters BIP Coding Group" action="confirmed" date="1996-12-13"/>
  </code>
</codes>
<codes class="bip:topics:1.0">
  <code code="C41">
    <editdetail attribution="Reuters BIP Coding Group" action="confirmed" date="1996-12-13"/>
  </code>
  <code code="C411">
    <editdetail attribution="Reuters BIP Coding Group" action="confirmed" date="1996-12-13"/>
  </code>
  <code code="CCAT">
    <editdetail attribution="Reuters BIP Coding Group" action="confirmed" date="1996-12-13"/>
  </code>
</codes>
<dc element="dc.date.created" value="1996-12-13"/>
<dc element="dc.publisher" value="Reuters Holdings Plc"/>
<dc element="dc.date.published" value="1996-12-13"/>
<dc element="dc.source" value="Reuters"/>
<dc element="dc.creator.location" value="ATHENS"/>
<dc element="dc.creator.location.country.name" value="GREECE"/>
<dc element="dc.source" value="Reuters"/>
</metadata>
</newsitem>
