<?xml version="1.0" encoding="iso-8859-1" ?>
<newsitem itemid="764028" id="root" date="1997-07-29" xml:lang="en">
<title>USA: Hohenwald, Tenn., won by First Tennessee.</title>
<headline>Hohenwald, Tenn., won by First Tennessee.</headline>
<dateline>NEW YORK 1997-07-29</dateline>
<text>
<p>Frist Tennessee Bank said it won $2.300 million of Hohenwald, Tenn., general obligation public improvement bonds, Series 1997, with a true interest cost of 5.0226 percent.</p>
</text>
<copyright>(c) Reuters Limited 1997</copyright>
<metadata>
<codes class="bip:countries:1.0">
  <code code="USA">
    <editdetail attribution="Reuters BIP Coding Group" action="confirmed" date="1997-07-29"/>
  </code>
</codes>
<codes class="bip:topics:1.0">
  <code code="E21">
    <editdetail attribution="Reuters BIP Coding Group" action="confirmed" date="1997-07-29"/>
  </code>
  <code code="E212">
    <editdetail attribution="Reuters BIP Coding Group" action="confirmed" date="1997-07-29"/>
  </code>
  <code code="ECAT">
    <editdetail attribution="Reuters BIP Coding Group" action="confirmed" date="1997-07-29"/>
  </code>
</codes>
<dc element="dc.date.created" value="1997-07-29"/>
<dc element="dc.publisher" value="Reuters Holdings Plc"/>
<dc element="dc.date.published" value="1997-07-29"/>
<dc element="dc.source" value="Reuters"/>
<dc element="dc.creator.location" value="NEW YORK"/>
<dc element="dc.creator.location.country.name" value="USA"/>
<dc element="dc.source" value="Reuters"/>
</metadata>
</newsitem>
