<?xml version="1.0" encoding="iso-8859-1" ?>
<newsitem itemid="359523" id="root" date="1997-02-06" xml:lang="en">
<title>USA: Salomon retail index shows 7.2 pct January rise.</title>
<headline>Salomon retail index shows 7.2 pct January rise.</headline>
<dateline>CHICAGO 1997-02-06</dateline>
<text>
<p>Salomon Brothers said Thursday its same-store sales growth index registered a 7.2 percent gain in January, compared with a 1.7 percent rise a year earlier.</p>
<p>Salomon Brothers said its index for December showed a 6.1 percent gain.</p>
<p>&quot;January sales were positively impacted by an improved overall macroeconomic environment, more seasonal weather, and relatively easy comparisons,&quot; Salomon Brothers said in a statement.  </p>
<p>January is known as a month of promotions to clear out merchandise and make room for new spring items, but Salomon Brothers noted strong inventory controls among most retailers.</p>
<p>&quot;While we expect some divergence by subsector, on balance we believe that minimal levels of discounting and strong inventory and expense controls will lead to generally favorable fourth-quarter earnings for the major retailers,&quot; it said.</p>
<p>Salomon Brothers said it sees the recent general underperformance of retail stocks in comparison to the overall market as providing buying opportunities in select issues.</p>
<p>((--Chicago Newsdesk, 312-408-8787))</p>
</text>
<copyright>(c) Reuters Limited 1997</copyright>
<metadata>
<codes class="bip:countries:1.0">
  <code code="USA">
    <editdetail attribution="Reuters BIP Coding Group" action="confirmed" date="1997-02-06"/>
  </code>
</codes>
<codes class="bip:industries:1.0">
  <code code="I64000">
    <editdetail attribution="Reuters BIP Coding Group" action="confirmed" date="1997-02-06"/>
  </code>
</codes>
<codes class="bip:topics:1.0">
  <code code="C31">
    <editdetail attribution="Reuters BIP Coding Group" action="confirmed" date="1997-02-06"/>
  </code>
  <code code="CCAT">
    <editdetail attribution="Reuters BIP Coding Group" action="confirmed" date="1997-02-06"/>
  </code>
  <code code="E14">
    <editdetail attribution="Reuters BIP Coding Group" action="confirmed" date="1997-02-06"/>
  </code>
  <code code="E143">
    <editdetail attribution="Reuters BIP Coding Group" action="confirmed" date="1997-02-06"/>
  </code>
  <code code="ECAT">
    <editdetail attribution="Reuters BIP Coding Group" action="confirmed" date="1997-02-06"/>
  </code>
</codes>
<dc element="dc.date.created" value="1997-02-06"/>
<dc element="dc.publisher" value="Reuters Holdings Plc"/>
<dc element="dc.date.published" value="1997-02-06"/>
<dc element="dc.source" value="Reuters"/>
<dc element="dc.creator.location" value="CHICAGO"/>
<dc element="dc.creator.location.country.name" value="USA"/>
<dc element="dc.source" value="Reuters"/>
</metadata>
</newsitem>
