<?xml version="1.0" encoding="iso-8859-1" ?>
<newsitem itemid="320835" id="root" date="1997-01-21" xml:lang="en">
<title>AUSTRALIA: TENNIS-COETZER BLOWS AWAY AMERICAN HOPEFUL.</title>
<headline>TENNIS-COETZER BLOWS AWAY AMERICAN HOPEFUL.</headline>
<dateline>MELBOURNE 1997-01-21</dateline>
<text>
<p>Tiny South African Amanda Coetzer produced more big winners on Tuesday to beat American hopeful Kimberly Po and earn a place in the semifinals of the Australian Open.</p>
<p>The number 12 seed, who on Sunday toppled top seed Steffi Graf on a baking centre court, had the luxury of playing under a roof and air conditioning after tournament organisers decided that the heat was too much for players and public to bear.</p>
<p>She beat Po 6-4 6-1 in a match lasting 67 minutes.</p>
<p>Coetzer is seen as the player with the best chance of beating Swiss starlet Martina Hingis if the two make it through to the final and Tuesday's performance would have reinforced that opinion.</p>
<p>Although Po managed to break Coetzer's serve once in each set, the South African converted six of six break points. She wrapped up the match by breaking Po to love at 5-1.</p>
<p>Coetzer's semifinal opponent will be either Belgium's 16th seed Sabine Appelmans or 1995 champion Mary Pierce of France.</p>
</text>
<copyright>(c) Reuters Limited 1997</copyright>
<metadata>
<codes class="bip:countries:1.0">
  <code code="AUSTR">
    <editdetail attribution="Reuters BIP Coding Group" action="confirmed" date="1997-01-21"/>
  </code>
  <code code="SAFR">
    <editdetail attribution="Reuters BIP Coding Group" action="confirmed" date="1997-01-21"/>
  </code>
  <code code="USA">
    <editdetail attribution="Reuters BIP Coding Group" action="confirmed" date="1997-01-21"/>
  </code>
</codes>
<codes class="bip:topics:1.0">
  <code code="GCAT">
    <editdetail attribution="Reuters BIP Coding Group" action="confirmed" date="1997-01-21"/>
  </code>
  <code code="GSPO">
    <editdetail attribution="Reuters BIP Coding Group" action="confirmed" date="1997-01-21"/>
  </code>
</codes>
<dc element="dc.date.created" value="1997-01-21"/>
<dc element="dc.publisher" value="Reuters Holdings Plc"/>
<dc element="dc.date.published" value="1997-01-21"/>
<dc element="dc.source" value="Reuters"/>
<dc element="dc.creator.location" value="MELBOURNE"/>
<dc element="dc.creator.location.country.name" value="AUSTRALIA"/>
<dc element="dc.source" value="Reuters"/>
</metadata>
</newsitem>
