<?xml version="1.0" encoding="iso-8859-1" ?>
<newsitem itemid="240596" id="root" date="1996-12-06" xml:lang="en">
<title>UK: Shuttle tankers to grab record UK oil share-Wood Mackenzie.</title>
<headline>Shuttle tankers to grab record UK oil share-Wood Mackenzie.</headline>
<dateline>LONDON 1996-12-06</dateline>
<text>
<p>The development of several new North Sea fields via floating production systems should see a record 23 percent of British oil production exported via shuttle tankers in 1997, industry consultants Wood Mackenzie said.</p>
<p>About 650,000 barrels per day (bpd) could be exported by shuttle tankers as 11 new fields come on stream next year, six of them using offshore tanker loading as their preferred export route, the Edinburgh-based consultants said in their December report.</p>
<p>&quot;This increase is despite the loss of around 125,000 bpd of Fulmar Area production which will be exported through the Norpipe system from early 1997,&quot; Wood Mackenzie said.</p>
<p>Crude production in the British sector of the North Sea is expected to rise by around five percent, or some 210,000 bpd, to a record 2.78 million bpd in 1997 as the 11 new fields are brought onstream and volumes increase from fields commissioned this year.</p>
<p>The BP-operated Forties pipeline system will continue to export about one third of British production next year, or about 920,000 bpd, as two new fields are tied-in, Wood Mackenzie said.  </p>
<p>New oil field start-ups in 1997:</p>
<p>Field	 Operator   Date   Peak (bpd)  Export route</p>
<p>MacCulloch  Conoco     Jan	50	  Tankers</p>
<p>Foinaven    BP	   Apr	85	  Tankers</p>
<p>Durward     Amerada    Apr	38	  Tankers</p>
<p>J-Block     Phillips   May	65	  Ekofisk</p>
<p>Gannet	Shell	July     17	  Ekofisk</p>
<p>Dauntless   Amerada    Aug	10	  Tankers</p>
<p>Curlew	Shell	Sept     45	  Tankers</p>
<p>Mallard     Shell	Oct	16	  Tankers</p>
<p>Erskine     BP	   Oct	30	  CATS</p>
<p>Kingfisher  Shell	Nov	37	  Forties</p>
<p>Brae West   Marathon   Nov	25	  Forties</p>
<p>source: Wood Mackenzie</p>
<p>--London Newsroom +44 171 542 7930</p>
</text>
<copyright>(c) Reuters Limited 1996</copyright>
<metadata>
<codes class="bip:countries:1.0">
  <code code="UK">
    <editdetail attribution="Reuters BIP Coding Group" action="confirmed" date="1996-12-06"/>
  </code>
</codes>
<codes class="bip:industries:1.0">
  <code code="I13000">
    <editdetail attribution="Reuters BIP Coding Group" action="confirmed" date="1996-12-06"/>
  </code>
  <code code="I1300003">
    <editdetail attribution="Reuters BIP Coding Group" action="confirmed" date="1996-12-06"/>
  </code>
  <code code="I14000">
    <editdetail attribution="Reuters BIP Coding Group" action="confirmed" date="1996-12-06"/>
  </code>
  <code code="I25000">
    <editdetail attribution="Reuters BIP Coding Group" action="confirmed" date="1996-12-06"/>
  </code>
</codes>
<codes class="bip:topics:1.0">
  <code code="C24">
    <editdetail attribution="Reuters BIP Coding Group" action="confirmed" date="1996-12-06"/>
  </code>
  <code code="CCAT">
    <editdetail attribution="Reuters BIP Coding Group" action="confirmed" date="1996-12-06"/>
  </code>
</codes>
<dc element="dc.date.created" value="1996-12-06"/>
<dc element="dc.publisher" value="Reuters Holdings Plc"/>
<dc element="dc.date.published" value="1996-12-06"/>
<dc element="dc.source" value="Reuters"/>
<dc element="dc.creator.location" value="LONDON"/>
<dc element="dc.creator.location.country.name" value="UK"/>
<dc element="dc.source" value="Reuters"/>
</metadata>
</newsitem>
