<?xml version="1.0" encoding="iso-8859-1" ?>
<newsitem itemid="212027" id="root" date="1996-11-22" xml:lang="en">
<title>GERMANY: Ireland's Quinn sees European unemployment falling.</title>
<headline>Ireland's Quinn sees European unemployment falling.</headline>
<dateline>FRANKFURT 1996-11-22</dateline>
<text>
<p>Irish Finance Minister Ruairi Quinn said on Friday that Europe's worryingly high levels of unemployment should begin to fall as economic growth picks up.</p>
<p>Quinn, also President of the Ecofin council of the European Union, told a banking congress in Frankfurt: &quot;The rise in European unemployment should be reversed with a downward trend being established as growth accelerates.&quot;</p>
<p>Unemployment in the EU has risen from under 8.5 percent in 1990 to a projected 11 percent this year.</p>
<p>High unemployment has driven up social spending and reduced tax income, making it harder for European nations to reduce budget deficits, necessary for compliance with the Maastricht criteria required for currency union.</p>
<p>But Quinn said he was optimistic that economic growth would pick up.</p>
<p>&quot;The current indications are that the impact of monetary easing earlier this year will help deliver a return to higher growth rates,&quot; Quinn said.</p>
<p>Quinn, who said unemployment is a top priority of the Irish presidency of the Ecofin council, added that unemployment requires consistent pro-employment measures on the part of the EU to reduce what he called an unacceptably high, &quot;unnatural&quot; level of unemployment.</p>
<p>--Frankfurt Newsroom +49 69 756525</p>
</text>
<copyright>(c) Reuters Limited 1996</copyright>
<metadata>
<codes class="bip:countries:1.0">
  <code code="EEC">
    <editdetail attribution="Reuters BIP Coding Group" action="confirmed" date="1996-11-22"/>
  </code>
  <code code="IRE">
    <editdetail attribution="Reuters BIP Coding Group" action="confirmed" date="1996-11-22"/>
  </code>
</codes>
<codes class="bip:topics:1.0">
  <code code="E11">
    <editdetail attribution="Reuters BIP Coding Group" action="confirmed" date="1996-11-22"/>
  </code>
  <code code="E41">
    <editdetail attribution="Reuters BIP Coding Group" action="confirmed" date="1996-11-22"/>
  </code>
  <code code="E411">
    <editdetail attribution="Reuters BIP Coding Group" action="confirmed" date="1996-11-22"/>
  </code>
  <code code="ECAT">
    <editdetail attribution="Reuters BIP Coding Group" action="confirmed" date="1996-11-22"/>
  </code>
  <code code="G15">
    <editdetail attribution="Reuters BIP Coding Group" action="confirmed" date="1996-11-22"/>
  </code>
  <code code="G154">
    <editdetail attribution="Reuters BIP Coding Group" action="confirmed" date="1996-11-22"/>
  </code>
  <code code="GCAT">
    <editdetail attribution="Reuters BIP Coding Group" action="confirmed" date="1996-11-22"/>
  </code>
  <code code="GJOB">
    <editdetail attribution="Reuters BIP Coding Group" action="confirmed" date="1996-11-22"/>
  </code>
</codes>
<dc element="dc.date.created" value="1996-11-22"/>
<dc element="dc.publisher" value="Reuters Holdings Plc"/>
<dc element="dc.date.published" value="1996-11-22"/>
<dc element="dc.source" value="Reuters"/>
<dc element="dc.creator.location" value="FRANKFURT"/>
<dc element="dc.creator.location.country.name" value="GERMANY"/>
<dc element="dc.source" value="Reuters"/>
</metadata>
</newsitem>
