<?xml version="1.0" encoding="iso-8859-1" ?>
<newsitem itemid="145430" id="root" date="1996-10-25" xml:lang="en">
<title>SPAIN: Spain's GDP to grow 3 pct in 1997 - Kiel Institute.</title>
<headline>Spain's GDP to grow 3 pct in 1997 - Kiel Institute.</headline>
<text>
<p>MADRID, Oct 25 (Rueter) - Spain's gross domestic product (GDP) will grow three percent in 1997, the Institute of Economic Studies said on Friday, citing the latest forecasts from the Kiel Institute.</p>
<p>The GDP for the European Union is forecast to grow 2.6 percent in 1997 compared with a 1.4 percent forecast for 1996.</p>
<p>-- Madrid newsroom, + 34 1 585 2151</p>
</text>
<copyright>(c) Reuters Limited 1996</copyright>
<metadata>
<codes class="bip:countries:1.0">
  <code code="SPAIN">
    <editdetail attribution="Reuters BIP Coding Group" action="confirmed" date="1996-10-25"/>
  </code>
</codes>
<codes class="bip:topics:1.0">
  <code code="E11">
    <editdetail attribution="Reuters BIP Coding Group" action="confirmed" date="1996-10-25"/>
  </code>
  <code code="ECAT">
    <editdetail attribution="Reuters BIP Coding Group" action="confirmed" date="1996-10-25"/>
  </code>
</codes>
<dc element="dc.publisher" value="Reuters Holdings Plc"/>
<dc element="dc.date.published" value="1996-10-25"/>
<dc element="dc.source" value="Reuters"/>
<dc element="dc.creator.location.country.name" value="SPAIN"/>
<dc element="dc.source" value="Reuters"/>
</metadata>
</newsitem>
