<?xml version="1.0" encoding="iso-8859-1" ?>
<newsitem itemid="471104" id="root" date="1997-03-26" xml:lang="en">
<title>SOUTH KOREA: BOK offers to sell dollars to support won - dealers.</title>
<headline>BOK offers to sell dollars to support won - dealers.</headline>
<dateline>SEOUL 1997-03-26</dateline>
<text>
<p>The central Bank of Korea (BOK) offered to sell dollars in early morning session on Wednesday at 917.00 won in six-month forward trading to support the won, dealers said.  </p>
<p>The won fell to 889.50, the lowest level since the nation launched the market average system in March 1990. It opened at 889.40 and touched a high of 889.20.</p>
<p>Dealers said the widening trade deficit was to blame for the won's fall.</p>
<p>&quot;The won is unlikely to recover in the near future,&quot; said a foreign bank dealer.</p>
<p>Dealers said the dollar would test the 890.00 won level today.</p>
<p>--Seoul Newsroom (822) 727 5645</p>
</text>
<copyright>(c) Reuters Limited 1997</copyright>
<metadata>
<codes class="bip:countries:1.0">
  <code code="SKOREA">
    <editdetail attribution="Reuters BIP Coding Group" action="confirmed" date="1997-03-26"/>
  </code>
</codes>
<codes class="bip:topics:1.0">
  <code code="E12">
    <editdetail attribution="Reuters BIP Coding Group" action="confirmed" date="1997-03-26"/>
  </code>
  <code code="ECAT">
    <editdetail attribution="Reuters BIP Coding Group" action="confirmed" date="1997-03-26"/>
  </code>
  <code code="M13">
    <editdetail attribution="Reuters BIP Coding Group" action="confirmed" date="1997-03-26"/>
  </code>
  <code code="M132">
    <editdetail attribution="Reuters BIP Coding Group" action="confirmed" date="1997-03-26"/>
  </code>
  <code code="MCAT">
    <editdetail attribution="Reuters BIP Coding Group" action="confirmed" date="1997-03-26"/>
  </code>
</codes>
<dc element="dc.date.created" value="1997-03-26"/>
<dc element="dc.publisher" value="Reuters Holdings Plc"/>
<dc element="dc.date.published" value="1997-03-26"/>
<dc element="dc.source" value="Reuters"/>
<dc element="dc.creator.location" value="SEOUL"/>
<dc element="dc.creator.location.country.name" value="SOUTH KOREA"/>
<dc element="dc.source" value="Reuters"/>
</metadata>
</newsitem>
