<?xml version="1.0" encoding="iso-8859-1" ?>
<newsitem itemid="660251" id="root" date="1997-06-13" xml:lang="en">
<title>GREECE: ATTICA ENTERPRISES SAYS RIGHTS ISSUE COMPLETE.</title>
<headline>ATTICA ENTERPRISES SAYS RIGHTS ISSUE COMPLETE.</headline>
<dateline>ATHENS 1997-06-13</dateline>
<text>
<p>Passenger shipper Attica Enterprises said in a statement that its 8.146 billion drachma rights issue was succesfully completed on Thursday.</p>
<p>The company issued 5,256,000 common bearer shares at 1,550 drachmas each. The terms were one new share per five outstanding.</p>
<p>Attica Enterprises will use 70 percent of the proceeds to up the share capital of its wholly-owned subsidiary Superfast Ferries Maritime SA with an eye to finance current and future building of ships.</p>
<p>The remainder will go towards financing its working capital needs. --Dimitris Kontogiannis, Athens Newsroom +301 3311812-4</p>
</text>
<copyright>(c) Reuters Limited 1997</copyright>
<metadata>
<codes class="bip:countries:1.0">
  <code code="GREECE">
    <editdetail attribution="Reuters BIP Coding Group" action="confirmed" date="1997-06-13"/>
  </code>
</codes>
<codes class="bip:industries:1.0">
  <code code="I83960">
    <editdetail attribution="Reuters BIP Coding Group" action="confirmed" date="1997-06-13"/>
  </code>
</codes>
<codes class="bip:topics:1.0">
  <code code="C17">
    <editdetail attribution="Reuters BIP Coding Group" action="confirmed" date="1997-06-13"/>
  </code>
  <code code="C171">
    <editdetail attribution="Reuters BIP Coding Group" action="confirmed" date="1997-06-13"/>
  </code>
  <code code="CCAT">
    <editdetail attribution="Reuters BIP Coding Group" action="confirmed" date="1997-06-13"/>
  </code>
</codes>
<dc element="dc.date.created" value="1997-06-13"/>
<dc element="dc.publisher" value="Reuters Holdings Plc"/>
<dc element="dc.date.published" value="1997-06-13"/>
<dc element="dc.source" value="Reuters"/>
<dc element="dc.creator.location" value="ATHENS"/>
<dc element="dc.creator.location.country.name" value="GREECE"/>
<dc element="dc.source" value="Reuters"/>
</metadata>
</newsitem>
