<?xml version="1.0" encoding="iso-8859-1" ?>
<newsitem itemid="103874" id="root" date="1996-10-08" xml:lang="en">
<title>AUSTRALIA: RTRS-RGC in US$375 mln refinancing deal.</title>
<headline>RTRS-RGC in US$375 mln refinancing deal.</headline>
<dateline>SYDNEY 1996-10-08</dateline>
<text>
<p>RGC Ltd said on Tuesday it had completed a US$375 million refinancing, consisting of a US$250 million five-year revolving credit facility and a US$125 million three-year revolving credit facility.  </p>
<p>It said the new facilities refinance the company's existing debt and strengthen RGC's ability to pursue its growth strategy.</p>
<p>RGC said the new facilities were self-arranged at a significant cost saving.</p>
<p>-- Sydney Newsroom 61-2 9373-1800</p>
</text>
<copyright>(c) Reuters Limited 1996</copyright>
<metadata>
<codes class="bip:countries:1.0">
  <code code="AUSTR">
    <editdetail attribution="Reuters BIP Coding Group" action="confirmed" date="1996-10-08"/>
  </code>
</codes>
<codes class="bip:industries:1.0">
  <code code="I21000">
    <editdetail attribution="Reuters BIP Coding Group" action="confirmed" date="1996-10-08"/>
  </code>
</codes>
<codes class="bip:topics:1.0">
  <code code="C17">
    <editdetail attribution="Reuters BIP Coding Group" action="confirmed" date="1996-10-08"/>
  </code>
  <code code="C173">
    <editdetail attribution="Reuters BIP Coding Group" action="confirmed" date="1996-10-08"/>
  </code>
  <code code="CCAT">
    <editdetail attribution="Reuters BIP Coding Group" action="confirmed" date="1996-10-08"/>
  </code>
</codes>
<dc element="dc.date.created" value="1996-10-08"/>
<dc element="dc.publisher" value="Reuters Holdings Plc"/>
<dc element="dc.date.published" value="1996-10-08"/>
<dc element="dc.source" value="Reuters"/>
<dc element="dc.creator.location" value="SYDNEY"/>
<dc element="dc.creator.location.country.name" value="AUSTRALIA"/>
<dc element="dc.source" value="Reuters"/>
</metadata>
</newsitem>
