<?xml version="1.0" encoding="iso-8859-1" ?>
<newsitem itemid="69565" id="root" date="1996-09-23" xml:lang="en">
<title>SPAIN: CYCLING-TOUR OF SPAIN 16TH STAGE RESULT.</title>
<headline>CYCLING-TOUR OF SPAIN 16TH STAGE RESULT.</headline>
<dateline>SABINANIGO, Spain 1996-09-23</dateline>
<text>
<p>Result of the 222-km 16th stage of the Tour of Spain between Logrono and Sabinanigo on Monday:</p>
<p>1. Nicola Minali (Italy) Gewiss   5 hours 34 minutes 38 seconds</p>
<p>2. Steffen Wesemann (Germany) Telekom</p>
<p>3. Sergei Smetanin (Russia) Santa Clara</p>
<p>4. Marcel Wust (Germany) MX Onda</p>
<p>5. Tom Steels (Belgium) Mapei</p>
<p>6. Biagio Conte (Italy) Scrigno</p>
<p>7. Martin Hvastija (Slovenia) Cantina</p>
<p>8. Paolo Valoti (Italy) Cantina</p>
<p>9. Denis Zanette (Italy) AKI</p>
<p>10. Marco di Renzo (Italy) Cantina</p>
<p>11. Giuseppe Citterio (Italy) AKI</p>
<p>12. Laurent Jalabert (France) ONCE</p>
<p>13. Pascal Chanteur (France) Petit Casino</p>
<p>14. Mauro Gianetti (Switzerland) Polti</p>
<p>15. Bobby Julich (U.S.) Motorola</p>
<p>16. Laurent Dufaux (Switzerland) Lotus</p>
<p>17. Juergen Werner (Germany) Telekom</p>
<p>18. Jose Espinosa (Spain) MX Onda</p>
<p>19. Angel Edo (Spain) Kelme</p>
<p>20. Inaki Aiarzaguena (Spain) Euskadi  all same time as winner.</p>
<p>Overall classification:</p>
<p> 1. Alex Zuelle (Switzerland) ONCE  72 hours 32 minutes 19 secs</p>
<p> 2. Laurent Jalabert (France) ONCE  one minute 23 seconds behind</p>
<p> 3. Dufaux							 5:26</p>
<p> 4. Roberto Pistore (Italy) MG			     7:14</p>
<p> 5. Stefano Faustini (Italy) AKI			   7:22</p>
<p> 6. Davide Rebellin (Italy) Polti			  7:55</p>
<p> 7. Georg Tostching (Austria) Polti			8:36</p>
<p> 8. Melchor Mauri (Spain) ONCE			     8:45</p>
<p> 9. Tony Rominger (Switzerland) Mapei		    8:55</p>
<p> 10. Neil Stephen (Australia) ONCE			 9:20</p>
<p> 11. Julich						     11:00</p>
<p> 12. Andrea Peron (Italy) Motorola			12:37</p>
<p> 13. Mikel Zarrabeitia (Spain) ONCE		     13:55</p>
<p> 14. Daniel Clavero (Spain) MX Onda		     14:34</p>
<p> 15. Massimo Apollonio (Italy) Scrigno		  14:45</p>
<p> 16. Vladislav Bobrik (Russia) Gewiss		   15:05</p>
<p> 17. Fernando Escartin (Spain) Kelme		    15:20</p>
<p> 18. Marcos Serrano (Spain) Kelme			 15:28</p>
<p> 19. Jose Maria Jimenez (Spain) Banesto		 15:50</p>
<p> 20. Mauro Gianetti (Switzerland) Polti		 16:06</p>
</text>
<copyright>(c) Reuters Limited 1996</copyright>
<metadata>
<codes class="bip:countries:1.0">
  <code code="SPAIN">
    <editdetail attribution="Reuters BIP Coding Group" action="confirmed" date="1996-09-23"/>
  </code>
</codes>
<codes class="bip:topics:1.0">
  <code code="GCAT">
    <editdetail attribution="Reuters BIP Coding Group" action="confirmed" date="1996-09-23"/>
  </code>
  <code code="GSPO">
    <editdetail attribution="Reuters BIP Coding Group" action="confirmed" date="1996-09-23"/>
  </code>
</codes>
<dc element="dc.date.created" value="1996-09-23"/>
<dc element="dc.publisher" value="Reuters Holdings Plc"/>
<dc element="dc.date.published" value="1996-09-23"/>
<dc element="dc.source" value="Reuters"/>
<dc element="dc.creator.location" value="SABINANIGO, Spain"/>
<dc element="dc.creator.location.country.name" value="SPAIN"/>
<dc element="dc.source" value="Reuters"/>
</metadata>
</newsitem>
