<?xml version="1.0" encoding="iso-8859-1" ?>
<newsitem itemid="273840" id="root" date="1996-12-23" xml:lang="en">
<title>USA: Monsanto says gets EPA corn registration.</title>
<headline>Monsanto says gets EPA corn registration.</headline>
<dateline>ST. LOUIS 1996-12-23</dateline>
<text>
<p>Monsanto Co said it received a registration from the U.S. Environmental Protection Agency for its YieldGard insect-protected corn.</p>
<p>The EPA approval is the second granted for a YieldGard gene and will allow more seed companies to offer YieldGard corn for next spring's planting, Monsanto said.</p>
<p>YieldGard corn is protected against the European corn borer, the company said.</p>
<p>Monsanto said the registration covers technology licensed to Cargill Hybrid Seeds, DeKalb Genetics, Golden Harvest Seeds and Pioneer Hi-Bred International Inc.  </p>
<p>The Northrup King unit of Novartis AG, the company being created by the merger of Swiss drug and chemical giants Sandoz AG and Ciba-Geigy AG, completed reviews and received the first registration for corn with a YieldGard gene in August, Monsanto said.</p>
<p>YieldGard corn has completed food and feed safety reviews by the U.S. Food and Drug Administration and has been granted non-regulated status by the U.S. Department of Agriculture, with regulatory reviews under way in Japan and the European Union, Monsanto said.</p>
<p>((--Chicago Newsdesk 312-408-8787))</p>
</text>
<copyright>(c) Reuters Limited 1996</copyright>
<metadata>
<codes class="bip:countries:1.0">
  <code code="USA">
    <editdetail attribution="Reuters BIP Coding Group" action="confirmed" date="1996-12-23"/>
  </code>
</codes>
<codes class="bip:industries:1.0">
  <code code="I01001">
    <editdetail attribution="Reuters BIP Coding Group" action="confirmed" date="1996-12-23"/>
  </code>
  <code code="I25000">
    <editdetail attribution="Reuters BIP Coding Group" action="confirmed" date="1996-12-23"/>
  </code>
  <code code="I25700">
    <editdetail attribution="Reuters BIP Coding Group" action="confirmed" date="1996-12-23"/>
  </code>
</codes>
<codes class="bip:topics:1.0">
  <code code="C13">
    <editdetail attribution="Reuters BIP Coding Group" action="confirmed" date="1996-12-23"/>
  </code>
  <code code="C24">
    <editdetail attribution="Reuters BIP Coding Group" action="confirmed" date="1996-12-23"/>
  </code>
  <code code="CCAT">
    <editdetail attribution="Reuters BIP Coding Group" action="confirmed" date="1996-12-23"/>
  </code>
  <code code="GCAT">
    <editdetail attribution="Reuters BIP Coding Group" action="confirmed" date="1996-12-23"/>
  </code>
  <code code="GENV">
    <editdetail attribution="Reuters BIP Coding Group" action="confirmed" date="1996-12-23"/>
  </code>
</codes>
<dc element="dc.date.created" value="1996-12-23"/>
<dc element="dc.publisher" value="Reuters Holdings Plc"/>
<dc element="dc.date.published" value="1996-12-23"/>
<dc element="dc.source" value="Reuters"/>
<dc element="dc.creator.location" value="ST. LOUIS"/>
<dc element="dc.creator.location.country.name" value="USA"/>
<dc element="dc.source" value="Reuters"/>
</metadata>
</newsitem>
