<?xml version="1.0" encoding="iso-8859-1" ?>
<newsitem itemid="360855" id="root" date="1997-02-06" xml:lang="en">
<title>USA: RESEARCH ALERT - Fred Meyer EPS view raised.</title>
<headline>RESEARCH ALERT - Fred Meyer EPS view raised.</headline>
<text>
<p>-- Goldman Sachs raised its 1997 earnings estimates on Fred Meyer Inc to $2.70 a share from $2.55 a share, a Goldman source said.</p>
<p>-- Goldman raised the 1998 earnings estimates to $3.20 a share from $3.05 a share, the source said.</p>
<p>-- Goldman kept Fred Meyer on the priority list.</p>
<p>-- After the market closed Wednesday, Fred Meyer said the recent restructuring of its leases will boost its annual earnings per share by about $0.20 a share in 1997 and future years.</p>
<p>-- Additional details were not immediately available.</p>
<p>(( -- Wall Street desk 212-859-1730))</p>
</text>
<copyright>(c) Reuters Limited 1997</copyright>
<metadata>
<codes class="bip:countries:1.0">
  <code code="USA">
    <editdetail attribution="Reuters BIP Coding Group" action="confirmed" date="1997-02-06"/>
  </code>
</codes>
<codes class="bip:industries:1.0">
  <code code="I65600">
    <editdetail attribution="Reuters BIP Coding Group" action="confirmed" date="1997-02-06"/>
  </code>
  <code code="I6560002">
    <editdetail attribution="Reuters BIP Coding Group" action="confirmed" date="1997-02-06"/>
  </code>
</codes>
<codes class="bip:topics:1.0">
  <code code="C15">
    <editdetail attribution="Reuters BIP Coding Group" action="confirmed" date="1997-02-06"/>
  </code>
  <code code="C152">
    <editdetail attribution="Reuters BIP Coding Group" action="confirmed" date="1997-02-06"/>
  </code>
  <code code="CCAT">
    <editdetail attribution="Reuters BIP Coding Group" action="confirmed" date="1997-02-06"/>
  </code>
</codes>
<dc element="dc.publisher" value="Reuters Holdings Plc"/>
<dc element="dc.date.published" value="1997-02-06"/>
<dc element="dc.source" value="Reuters"/>
<dc element="dc.creator.location.country.name" value="USA"/>
<dc element="dc.source" value="Reuters"/>
</metadata>
</newsitem>
