<?xml version="1.0" encoding="iso-8859-1" ?>
<newsitem itemid="314428" id="root" date="1997-01-17" xml:lang="en">
<title>UK: Lehman sets warrants on the Nikkei 225 index.</title>
<headline>Lehman sets warrants on the Nikkei 225 index.</headline>
<dateline>LONDON 1997-01-17</dateline>
<text>
<p>Lehman Brothers Finance S.A has issued eight million European-style bull spread warrants, in four equal tranches, on the Nikkei 225 index, lead manager Lehman Brothers Bankhaus AG said.</p>
<p>COMMON TERMS:</p>
<p> TEN WARRANTS CONTROL ONE SHARE.</p>
<p> EXPIRATION	19.SEP.97		 PAYDATE	23.JAN.97</p>
<p> LISTING	   FFURT, DUSS, STUTT    MIN EXER LOT 1000</p>
<p> SPOT REFERENCE  18090</p>
<p> * * * * * * *</p>
<p> TYPE	 STRIKE	  SPREAD     ISSUE</p>
<p> I	    16000	   18000	2.01 DEM</p>
<p> II	   17000	   19000	1.60 DEM</p>
<p> III	  18000	   20000	1.18 DEM</p>
<p> IV	   15000	   18000	3.13 DEM</p>
<p>--Reuter London Newsroom +44 171 542 7658</p>
</text>
<copyright>(c) Reuters Limited 1997</copyright>
<metadata>
<codes class="bip:countries:1.0">
  <code code="JAP">
    <editdetail attribution="Reuters BIP Coding Group" action="confirmed" date="1997-01-17"/>
  </code>
  <code code="UK">
    <editdetail attribution="Reuters BIP Coding Group" action="confirmed" date="1997-01-17"/>
  </code>
</codes>
<codes class="bip:industries:1.0">
  <code code="I83100">
    <editdetail attribution="Reuters BIP Coding Group" action="confirmed" date="1997-01-17"/>
  </code>
</codes>
<codes class="bip:topics:1.0">
  <code code="C21">
    <editdetail attribution="Reuters BIP Coding Group" action="confirmed" date="1997-01-17"/>
  </code>
  <code code="CCAT">
    <editdetail attribution="Reuters BIP Coding Group" action="confirmed" date="1997-01-17"/>
  </code>
</codes>
<dc element="dc.date.created" value="1997-01-17"/>
<dc element="dc.publisher" value="Reuters Holdings Plc"/>
<dc element="dc.date.published" value="1997-01-17"/>
<dc element="dc.source" value="Reuters"/>
<dc element="dc.creator.location" value="LONDON"/>
<dc element="dc.creator.location.country.name" value="UK"/>
<dc element="dc.source" value="Reuters"/>
</metadata>
</newsitem>
