<?xml version="1.0" encoding="iso-8859-1" ?>
<newsitem itemid="259345" id="root" date="1996-12-16" xml:lang="en">
<title>USA: RESEARCH ALERT-First Boston features Revlon.</title>
<headline>RESEARCH ALERT-First Boston features Revlon.</headline>
<text>
<p>-- CS First Boston analyst said Revlon Inc is the featured stock of the week.  </p>
<p>-- Analyst Lynne Hyman said an aggressive new product flow in 1997 and continued efforts to streamline operations should increase market share and operating profit margin.</p>
<p>-- said sees 25 percent operating growth in 1997.</p>
<p>-- said 12-month price target is $41 per share.</p>
<p>-- &quot;We believe Revlon can generate superior growth over the next two to three years. Operating profits should increase 25 percent to 35 percent annually,&quot; Hyman said.</p>
<p>-- Fourth quarter estimate is $0.56 per share.</p>
<p>	  -- New York newsdesk 212-859-1610</p>
</text>
<copyright>(c) Reuters Limited 1996</copyright>
<metadata>
<codes class="bip:countries:1.0">
  <code code="USA">
    <editdetail attribution="Reuters BIP Coding Group" action="confirmed" date="1996-12-16"/>
  </code>
</codes>
<codes class="bip:topics:1.0">
  <code code="C15">
    <editdetail attribution="Reuters BIP Coding Group" action="confirmed" date="1996-12-16"/>
  </code>
  <code code="C152">
    <editdetail attribution="Reuters BIP Coding Group" action="confirmed" date="1996-12-16"/>
  </code>
  <code code="CCAT">
    <editdetail attribution="Reuters BIP Coding Group" action="confirmed" date="1996-12-16"/>
  </code>
</codes>
<dc element="dc.publisher" value="Reuters Holdings Plc"/>
<dc element="dc.date.published" value="1996-12-16"/>
<dc element="dc.source" value="Reuters"/>
<dc element="dc.creator.location.country.name" value="USA"/>
<dc element="dc.source" value="Reuters"/>
</metadata>
</newsitem>
