<?xml version="1.0" encoding="iso-8859-1" ?>
<newsitem itemid="332204" id="root" date="1997-01-24" xml:lang="en">
<title>UK: Wuestenrot Hypo sets 250 DEM mln 2003 step-up bond.</title>
<headline>Wuestenrot Hypo sets 250 DEM mln 2003 step-up bond.</headline>
<dateline>LONDON 1997-01-24</dateline>
<text>
<p>The following bond was announced</p>
<p>by lead manager GZB-Bank.</p>
<p> BORROWER   WUESTENROT HYPOTHEKENBANK</p>
<p> AMT    250 MLN DEM   COUPON    *4.0 PCT   MATURITY    13.FEB.03</p>
<p> TYPE	 STRAIGHT  ISS PRICE  101.875   PAY DATE    13.FEB.97</p>
<p> FULL FEES  2.0 PCT   REOFFER    =	   SPREAD	=</p>
<p> NOTES	*FOR YEAR ONE, 4.25 PCT FOR YEAR TWO, 4.75 PCT FOR</p>
<p>		YEAR THREE, 5.25 PCT FOR YEAR FOUR, 6.25 PCT FOR</p>
<p>		YEAR FIVE AND 7.0 PCT IN YEAR SIX.</p>
<p> MOODY	=	   LISTING    STUTTGART PAY FREQ    =</p>
<p> S&amp;P	  =	   DENOMS (K) 10	  SALE LIMITS =</p>
<p> NEG PLG    NO	  CRS DEFLT  NO	  FORCE MAJ   YES</p>
<p> GOV LAW    GERMAN    MGT/UND    0.50 PCT  SELL CONC   1.50 PCT</p>
<p>-- London Newsroom +44 171 542 7658</p>
</text>
<copyright>(c) Reuters Limited 1997</copyright>
<metadata>
<codes class="bip:countries:1.0">
  <code code="GFR">
    <editdetail attribution="Reuters BIP Coding Group" action="confirmed" date="1997-01-24"/>
  </code>
  <code code="UK">
    <editdetail attribution="Reuters BIP Coding Group" action="confirmed" date="1997-01-24"/>
  </code>
</codes>
<codes class="bip:industries:1.0">
  <code code="I81402">
    <editdetail attribution="Reuters BIP Coding Group" action="confirmed" date="1997-01-24"/>
  </code>
</codes>
<codes class="bip:topics:1.0">
  <code code="C17">
    <editdetail attribution="Reuters BIP Coding Group" action="confirmed" date="1997-01-24"/>
  </code>
  <code code="C172">
    <editdetail attribution="Reuters BIP Coding Group" action="confirmed" date="1997-01-24"/>
  </code>
  <code code="CCAT">
    <editdetail attribution="Reuters BIP Coding Group" action="confirmed" date="1997-01-24"/>
  </code>
</codes>
<dc element="dc.date.created" value="1997-01-24"/>
<dc element="dc.publisher" value="Reuters Holdings Plc"/>
<dc element="dc.date.published" value="1997-01-24"/>
<dc element="dc.source" value="Reuters"/>
<dc element="dc.creator.location" value="LONDON"/>
<dc element="dc.creator.location.country.name" value="UK"/>
<dc element="dc.source" value="Reuters"/>
</metadata>
</newsitem>
