<?xml version="1.0" encoding="iso-8859-1" ?>
<newsitem itemid="521877" id="root" date="1997-04-18" xml:lang="en">
<title>UK: Explosion reported at second UK railway station.</title>
<headline>Explosion reported at second UK railway station.</headline>
<dateline>LONDON 1997-04-18</dateline>
<text>
<p>Sky news reported a second explosion at a northern English railway station, following a series of bomb warnings on Friday morning.</p>
<p>The explosion at Doncaster railway station happened at around 1010 am (0910 GMT), Sky said.</p>
</text>
<copyright>(c) Reuters Limited 1997</copyright>
<metadata>
<codes class="bip:countries:1.0">
  <code code="UK">
    <editdetail attribution="Reuters BIP Coding Group" action="confirmed" date="1997-04-18"/>
  </code>
</codes>
<codes class="bip:topics:1.0">
  <code code="GCAT">
    <editdetail attribution="Reuters BIP Coding Group" action="confirmed" date="1997-04-18"/>
  </code>
  <code code="GVIO">
    <editdetail attribution="Reuters BIP Coding Group" action="confirmed" date="1997-04-18"/>
  </code>
</codes>
<dc element="dc.date.created" value="1997-04-18"/>
<dc element="dc.publisher" value="Reuters Holdings Plc"/>
<dc element="dc.date.published" value="1997-04-18"/>
<dc element="dc.source" value="Reuters"/>
<dc element="dc.creator.location" value="LONDON"/>
<dc element="dc.creator.location.country.name" value="UK"/>
<dc element="dc.source" value="Reuters"/>
</metadata>
</newsitem>
