<?xml version="1.0" encoding="iso-8859-1" ?>
<newsitem itemid="23170" id="root" date="1996-08-29" xml:lang="en">
<title>THAILAND: Siam Commercial wins agency bond auctions.</title>
<headline>Siam Commercial wins agency bond auctions.</headline>
<dateline>BANGKOK 1996-08-29</dateline>
<text>
<p>A consortium led by Thailand's Siam Commercial Bank Plc has secured at auction the right to sell two state agency bond issues worth a combined 3.73 billion baht, an official at the bank said on Thursday.</p>
<p>The Government Housing Bank will issue bonds worth three billion baht and the metropolitan Waterworks Authority will issue bonds worth 730 million, an investment banker at Siam Commercial Bank told Reuters.</p>
<p>The consortium, made up of eight financial institutions, offered an annual interest rate of 8.46 percent for both issues, he said.</p>
<p>Both state agency bonds will have seven-year maturity and will be issued on September 5, he said.</p>
<p>-- Bangkok newsroom (662) 652-0642</p>
</text>
<copyright>(c) Reuters Limited 1996</copyright>
<metadata>
<codes class="bip:countries:1.0">
  <code code="THAIL">
    <editdetail attribution="Reuters BIP Coding Group" action="confirmed" date="1996-08-29"/>
  </code>
</codes>
<codes class="bip:industries:1.0">
  <code code="I81402">
    <editdetail attribution="Reuters BIP Coding Group" action="confirmed" date="1996-08-29"/>
  </code>
</codes>
<codes class="bip:topics:1.0">
  <code code="C33">
    <editdetail attribution="Reuters BIP Coding Group" action="confirmed" date="1996-08-29"/>
  </code>
  <code code="CCAT">
    <editdetail attribution="Reuters BIP Coding Group" action="confirmed" date="1996-08-29"/>
  </code>
  <code code="E21">
    <editdetail attribution="Reuters BIP Coding Group" action="confirmed" date="1996-08-29"/>
  </code>
  <code code="E212">
    <editdetail attribution="Reuters BIP Coding Group" action="confirmed" date="1996-08-29"/>
  </code>
  <code code="ECAT">
    <editdetail attribution="Reuters BIP Coding Group" action="confirmed" date="1996-08-29"/>
  </code>
</codes>
<dc element="dc.date.created" value="1996-08-29"/>
<dc element="dc.publisher" value="Reuters Holdings Plc"/>
<dc element="dc.date.published" value="1996-08-29"/>
<dc element="dc.source" value="Reuters"/>
<dc element="dc.creator.location" value="BANGKOK"/>
<dc element="dc.creator.location.country.name" value="THAILAND"/>
<dc element="dc.source" value="Reuters"/>
</metadata>
</newsitem>
