<?xml version="1.0" encoding="iso-8859-1" ?>
<newsitem itemid="425674" id="root" date="1997-03-07" xml:lang="en">
<title>USA: Disney to add Orlando animation building.</title>
<headline>Disney to add Orlando animation building.</headline>
<dateline>LAKE BUENA VISTA, Fla. 1997-03-07</dateline>
<text>
<p>The Walt Disney Co. said Friday it would build a 200,000 square-foot four-story building to house animators at its Disney World theme park complex near Orlando.</p>
<p>&quot;In just seven years, Walt Disney Feature Animation Florida has more than quadrupled in size and expects more growth in the near future,&quot; feature animation President Peter Schneider said in a statement announcing the project.</p>
<p>The new building will be constructed next to an existing cartoon studio and will house more than 400 cartoonists and support staff by summer 1998, the company said.</p>
<p>Disney has an existing cartoon staff here of abut 360, now working on &quot;Mulan&quot;, an animated movie based on a 2,000-year-old Chinese folk tale.</p>
<p>A spokeswoman for Disney declined to detail the costs of the new building, designed by Sandy &amp; Babcock Inc. of Miami and described as &quot;reminiscent of the orginal feature animation studio on Disney's Burbank lot designed by Kem Weber in 1940 for Walt Disney.&quot;</p>
</text>
<copyright>(c) Reuters Limited 1997</copyright>
<metadata>
<codes class="bip:countries:1.0">
  <code code="USA">
    <editdetail attribution="Reuters BIP Coding Group" action="confirmed" date="1997-03-07"/>
  </code>
</codes>
<codes class="bip:industries:1.0">
  <code code="I97100">
    <editdetail attribution="Reuters BIP Coding Group" action="confirmed" date="1997-03-07"/>
  </code>
</codes>
<codes class="bip:topics:1.0">
  <code code="C24">
    <editdetail attribution="Reuters BIP Coding Group" action="confirmed" date="1997-03-07"/>
  </code>
  <code code="CCAT">
    <editdetail attribution="Reuters BIP Coding Group" action="confirmed" date="1997-03-07"/>
  </code>
</codes>
<dc element="dc.date.created" value="1997-03-07"/>
<dc element="dc.publisher" value="Reuters Holdings Plc"/>
<dc element="dc.date.published" value="1997-03-07"/>
<dc element="dc.source" value="Reuters"/>
<dc element="dc.creator.location" value="LAKE BUENA VISTA, Fla."/>
<dc element="dc.creator.location.country.name" value="USA"/>
<dc element="dc.source" value="Reuters"/>
</metadata>
</newsitem>
