<?xml version="1.0" encoding="iso-8859-1" ?>
<newsitem itemid="39508" id="root" date="1996-09-08" xml:lang="en">
<title>UK: MOTOR RACING-INTERNATIONAL GT ENDURANCE CHAMPIONSHIP RESULTS.</title>
<headline>MOTOR RACING-INTERNATIONAL GT ENDURANCE CHAMPIONSHIP RESULTS.</headline>
<dateline>BRANDS HATCH, England 1996-09-08</dateline>
<text>
<p>Leading results in</p>
<p>Sunday's Gulf Oil Four Hours motor race, eighth round of the</p>
<p>International GT Endurance championship:</p>
<p>1. Hans Stuck (Germany)/Thierry Boutsen (Belgium) Porsche 911</p>
<p>GTI   166 laps completed, 4 hours 42.245 seconds (average speed</p>
<p>181.11 kph)</p>
<p>2. Andy Wallace (Britain)/Olivier Grouillard (France) Harrods</p>
<p>McLaren F1 GRT		 165 laps</p>
<p>3. Lindsay Owen-Jones (Britain)/Pierre-Henri Raphanel (France)</p>
<p>Gulf McLaren F1 GTR	  164</p>
<p>4. Thomas Bscher (Germany)/John Nielsen (Denmark) West McLaren</p>
<p>F1 GTR			   164</p>
<p>5. Anders Olofsson (Sweden)/Luciano della Noce (Italy) Ennea</p>
<p>Ferrari F40 GTE		161</p>
<p>6. Stephane Ortelli (France)/Bob Wollek (France)/Franz Konrad</p>
<p>(Austria) Porsche 911 GT2  158</p>
<p>Fastest lap: Stuck, 1 minute 23.179 seconds (181.11 kph)</p>
</text>
<copyright>(c) Reuters Limited 1996</copyright>
<metadata>
<codes class="bip:countries:1.0">
  <code code="UK">
    <editdetail attribution="Reuters BIP Coding Group" action="confirmed" date="1996-09-08"/>
  </code>
</codes>
<codes class="bip:topics:1.0">
  <code code="GCAT">
    <editdetail attribution="Reuters BIP Coding Group" action="confirmed" date="1996-09-08"/>
  </code>
  <code code="GSPO">
    <editdetail attribution="Reuters BIP Coding Group" action="confirmed" date="1996-09-08"/>
  </code>
</codes>
<dc element="dc.date.created" value="1996-09-08"/>
<dc element="dc.publisher" value="Reuters Holdings Plc"/>
<dc element="dc.date.published" value="1996-09-08"/>
<dc element="dc.source" value="Reuters"/>
<dc element="dc.creator.location" value="BRANDS HATCH, England"/>
<dc element="dc.creator.location.country.name" value="UK"/>
<dc element="dc.source" value="Reuters"/>
</metadata>
</newsitem>
