<?xml version="1.0" encoding="iso-8859-1" ?>
<newsitem itemid="90736" id="root" date="1996-10-02" xml:lang="en">
<title>CZECH REPUBLIC: Direct bond trades on the Czech PSE - Oct 2.</title>
<headline>Direct bond trades on the Czech PSE - Oct 2.</headline>
<dateline>PRAGUE 1996-10-02</dateline>
<text>
<p>The following is a list of direct bond trades made on the Prague Stock Exchange:</p>
<p> ISSUE		    Min. Price  Max. Price   Volume Turnover</p>
<p>				  pct	  pct	     (CZK 000's)</p>
<p> BV FINANCE 11/97	  100.36    100.36	 450   45175.752</p>
<p> CEZ 10,90/01		 97.29     97.30	2000   20064.560</p>
<p> CEZ 11,0625/08	     95.90     95.90	3000   29691.872</p>
<p> CEZ 11,3/05		  97.25     97.60	3400   34410.326</p>
<p> CEZ 14 3/8 /01	    103.48    104.25	1080   12242.030</p>
<p> CSOB 11,00/00		97.95     98.10	4389   44499.260</p>
<p> IPB 11,125/98		97.77     98.25	3200   32126.077</p>
<p> KB 10,7/96		   99.43     99.43	5000   54113.900</p>
<p> KB 11,1/98		   98.89    100.21     13029  133440.376</p>
<p> KB VAR/98		   100.39    100.39	2089   20794.399</p>
<p> SPT TELCOM 12,5/99	100.56    100.56     10920  113076.721</p>
<p> ST.DLUHOP.9,4/97	   97.60     97.60	 500    5293.860</p>
<p> ZETOR 10 7/8 /00	   97.28     97.28	1000   10613.100</p>
<p>-- Prague Newsroom, 42-2-2423-0003</p>
</text>
<copyright>(c) Reuters Limited 1996</copyright>
<metadata>
<codes class="bip:countries:1.0">
  <code code="CZREP">
    <editdetail attribution="Reuters BIP Coding Group" action="confirmed" date="1996-10-02"/>
  </code>
</codes>
<codes class="bip:topics:1.0">
  <code code="M12">
    <editdetail attribution="Reuters BIP Coding Group" action="confirmed" date="1996-10-02"/>
  </code>
  <code code="MCAT">
    <editdetail attribution="Reuters BIP Coding Group" action="confirmed" date="1996-10-02"/>
  </code>
</codes>
<dc element="dc.date.created" value="1996-10-02"/>
<dc element="dc.publisher" value="Reuters Holdings Plc"/>
<dc element="dc.date.published" value="1996-10-02"/>
<dc element="dc.source" value="Reuters"/>
<dc element="dc.creator.location" value="PRAGUE"/>
<dc element="dc.creator.location.country.name" value="CZECH REPUBLIC"/>
<dc element="dc.source" value="Reuters"/>
</metadata>
</newsitem>
