<?xml version="1.0" encoding="iso-8859-1" ?>
<newsitem itemid="777477" id="root" date="1997-08-04" xml:lang="en">
<title>MALAYSIA: TABLE-HLG Capital year net higher.</title>
<headline>TABLE-HLG Capital year net higher.</headline>
<dateline>KUALA LUMPUR 1997-08-04</dateline>
<text>
<p>Year ended June 30</p>
<p>		  (in million ringgit unless stated)</p>
<p>    Net profit		90.87	   vs	   64.48</p>
<p>    Group shr (cents)     73.6	    vs	   52.2</p>
<p>    Turnover		 296.80	   vs	  178.69</p>
<p>    Pre-tax profit	 122.50	   vs	   94.15</p>
<p>    Minorities add	   0.33	   vs    add   0.33</p>
<p>    Dividend (percent)    27.0	    vs	   25.0</p>
<p>NOTE - Company's full name is HLG Capital Bhd. It is involved in financial services.</p>
<p>-- Kuala Lumpur newsroom (603 206 2323)</p>
</text>
<copyright>(c) Reuters Limited 1997</copyright>
<metadata>
<codes class="bip:countries:1.0">
  <code code="MALAY">
    <editdetail attribution="Reuters BIP Coding Group" action="confirmed" date="1997-08-04"/>
  </code>
</codes>
<codes class="bip:industries:1.0">
  <code code="I83100">
    <editdetail attribution="Reuters BIP Coding Group" action="confirmed" date="1997-08-04"/>
  </code>
</codes>
<codes class="bip:topics:1.0">
  <code code="C15">
    <editdetail attribution="Reuters BIP Coding Group" action="confirmed" date="1997-08-04"/>
  </code>
  <code code="C151">
    <editdetail attribution="Reuters BIP Coding Group" action="confirmed" date="1997-08-04"/>
  </code>
  <code code="C1511">
    <editdetail attribution="Reuters BIP Coding Group" action="confirmed" date="1997-08-04"/>
  </code>
  <code code="CCAT">
    <editdetail attribution="Reuters BIP Coding Group" action="confirmed" date="1997-08-04"/>
  </code>
</codes>
<dc element="dc.date.created" value="1997-08-04"/>
<dc element="dc.publisher" value="Reuters Holdings Plc"/>
<dc element="dc.date.published" value="1997-08-04"/>
<dc element="dc.source" value="Reuters"/>
<dc element="dc.creator.location" value="KUALA LUMPUR"/>
<dc element="dc.creator.location.country.name" value="MALAYSIA"/>
<dc element="dc.source" value="Reuters"/>
</metadata>
</newsitem>
