<?xml version="1.0" encoding="iso-8859-1" ?>
<newsitem itemid="126352" id="root" date="1996-10-18" xml:lang="en">
<title>ESTONIA: Estonia market at record on Hansapank trade.</title>
<headline>Estonia market at record on Hansapank trade.</headline>
<dateline>TALLINN 1996-10-18</dateline>
<text>
<p>Trade in leading bank Hansapank pushed volumes on the Estonian stock market up to a record level 28 million kroons on Friday, dealers said.</p>
<p>Hansapank showed turnover of 26 million kroons as a block of 100,000 shares passed through the market at 104.40 kroons. It closed at 104.50 kroons versus 103.80 kroons.</p>
<p>The Tallinn stock exchange index closed 0.74 percent higher at 104.55 and volume on the over-the-counter free market was 10 million kroons.</p>
<p>Apart from Hansapank, Savings Bank was in focus as it ended 2.15 kroons higher at 39.80 on 1.8 million kroons volume.</p>
<p>The activity came as the company continues with its subscriptions for an issue of 3.2 million new shares.</p>
<p>Drug maker Tallinn Pharmaceutical was the most active on the free market, turning over 2.3 million kroons and ending unchanged at 53 kroons.</p>
<p>-- Riga Newsroom, +371 721 5240</p>
</text>
<copyright>(c) Reuters Limited 1996</copyright>
<metadata>
<codes class="bip:countries:1.0">
  <code code="ESTNIA">
    <editdetail attribution="Reuters BIP Coding Group" action="confirmed" date="1996-10-18"/>
  </code>
</codes>
<codes class="bip:topics:1.0">
  <code code="M11">
    <editdetail attribution="Reuters BIP Coding Group" action="confirmed" date="1996-10-18"/>
  </code>
  <code code="MCAT">
    <editdetail attribution="Reuters BIP Coding Group" action="confirmed" date="1996-10-18"/>
  </code>
</codes>
<dc element="dc.date.created" value="1996-10-18"/>
<dc element="dc.publisher" value="Reuters Holdings Plc"/>
<dc element="dc.date.published" value="1996-10-18"/>
<dc element="dc.source" value="Reuters"/>
<dc element="dc.creator.location" value="TALLINN"/>
<dc element="dc.creator.location.country.name" value="ESTONIA"/>
<dc element="dc.source" value="Reuters"/>
</metadata>
</newsitem>
