<?xml version="1.0" encoding="iso-8859-1" ?>
<newsitem itemid="792221" id="root" date="1997-08-11" xml:lang="en">
<title>UK: LONDON CURRENCY AND GOLD BULLION RATES.</title>
<headline>LONDON CURRENCY AND GOLD BULLION RATES.</headline>
<text>
<p>LONDON, Reuter - Following are the buying and selling rates for leading world currencies and gold against the dollar on the London foreign exchange and bullion markets today.</p>
<p>US$1.00 COSTS    1.3902/12  Canadian Dollars</p>
<p>		     1.8536/46  German Marks</p>
<p>		     2.0886/91  Dutch Guilders</p>
<p>		     1.5154/64  Swiss Francs</p>
<p>		     38.27/30   Belgian Francs</p>
<p>		     6.2462/72  French Francs</p>
<p>		     1808.6/0.1 Italian Lire</p>
<p>		     115.22/32  Japanese Yen</p>
<p>		     7.9414/89  Swedish Crowns</p>
<p>		     7.6102/79  Norwegian Crowns</p>
<p>		     7.0600/20  Danish Crowns</p>
<p>One sterling     US$1.5865/85</p>
<p>Gold (ounce)     US$326.40/80</p>
</text>
<copyright>(c) Reuters Limited 1997</copyright>
<metadata>
<codes class="bip:countries:1.0">
  <code code="UK">
    <editdetail attribution="Reuters BIP Coding Group" action="confirmed" date="1997-08-11"/>
  </code>
</codes>
<codes class="bip:topics:1.0">
  <code code="M13">
    <editdetail attribution="Reuters BIP Coding Group" action="confirmed" date="1997-08-11"/>
  </code>
  <code code="M132">
    <editdetail attribution="Reuters BIP Coding Group" action="confirmed" date="1997-08-11"/>
  </code>
  <code code="M14">
    <editdetail attribution="Reuters BIP Coding Group" action="confirmed" date="1997-08-11"/>
  </code>
  <code code="M142">
    <editdetail attribution="Reuters BIP Coding Group" action="confirmed" date="1997-08-11"/>
  </code>
  <code code="MCAT">
    <editdetail attribution="Reuters BIP Coding Group" action="confirmed" date="1997-08-11"/>
  </code>
</codes>
<dc element="dc.publisher" value="Reuters Holdings Plc"/>
<dc element="dc.date.published" value="1997-08-11"/>
<dc element="dc.source" value="Reuters"/>
<dc element="dc.creator.location.country.name" value="UK"/>
<dc element="dc.source" value="Reuters"/>
</metadata>
</newsitem>
