<?xml version="1.0" encoding="iso-8859-1" ?>
<newsitem itemid="745388" id="root" date="1997-07-22" xml:lang="en">
<title>SOUTH AFRICA: Sappi rises after IBCA reaffirms ratings.</title>
<headline>Sappi rises after IBCA reaffirms ratings.</headline>
<dateline>JOHANNESBURG 1997-07-22</dateline>
<text>
<p>Sappi Ltd shares rose in active trade on Tuesday, boosted by the IBCA rating agency's reaffirmation of the pulp and paper firm's domestic ratings on Monday.</p>
<p>Dealers said there were also perceptions that the paper cycle had turned and pulp and paper prices would start to improve.</p>
<p>&quot;An international rating agency affirmed Sappi's rating and a report by one brokerage said the paper cycle has turned, calling Sappi a medium-term buy,&quot; one dealer said.</p>
<p>Sappi shares rose 115 cents to 43.75 rand in brisk turnover worth 7.37 million rand.</p>
<p>IBCA said on Monday it had reaffirmed Sappi's short-term &quot;A1&quot; and long-term &quot;A&quot; domestic ratings, reflecting a low expectation of investment risk and a strong capacity for timely repayment of interest and principal.</p>
<p>It also said the outlook for the group's main product markets appeared more positive than negative, with the rate of recovery expected to be gradual in the near-term before accelerating later in 1998.</p>
<p>-- Charles Phahlane, Johannesburg newsroom +27 11 482 1003</p>
</text>
<copyright>(c) Reuters Limited 1997</copyright>
<metadata>
<codes class="bip:countries:1.0">
  <code code="SAFR">
    <editdetail attribution="Reuters BIP Coding Group" action="confirmed" date="1997-07-22"/>
  </code>
</codes>
<codes class="bip:industries:1.0">
  <code code="I47100">
    <editdetail attribution="Reuters BIP Coding Group" action="confirmed" date="1997-07-22"/>
  </code>
</codes>
<codes class="bip:topics:1.0">
  <code code="C15">
    <editdetail attribution="Reuters BIP Coding Group" action="confirmed" date="1997-07-22"/>
  </code>
  <code code="C152">
    <editdetail attribution="Reuters BIP Coding Group" action="confirmed" date="1997-07-22"/>
  </code>
  <code code="C17">
    <editdetail attribution="Reuters BIP Coding Group" action="confirmed" date="1997-07-22"/>
  </code>
  <code code="C174">
    <editdetail attribution="Reuters BIP Coding Group" action="confirmed" date="1997-07-22"/>
  </code>
  <code code="CCAT">
    <editdetail attribution="Reuters BIP Coding Group" action="confirmed" date="1997-07-22"/>
  </code>
</codes>
<dc element="dc.date.created" value="1997-07-22"/>
<dc element="dc.publisher" value="Reuters Holdings Plc"/>
<dc element="dc.date.published" value="1997-07-22"/>
<dc element="dc.source" value="Reuters"/>
<dc element="dc.creator.location" value="JOHANNESBURG"/>
<dc element="dc.creator.location.country.name" value="SOUTH AFRICA"/>
<dc element="dc.source" value="Reuters"/>
</metadata>
</newsitem>
