<?xml version="1.0" encoding="iso-8859-1" ?>
<newsitem itemid="407712" id="root" date="1997-02-27" xml:lang="en">
<title>USA: Autauga Cty BOE, Als., $5.500 mln won by Robinson.</title>
<headline>Autauga Cty BOE, Als., $5.500 mln won by Robinson.</headline>
<dateline>NEW YORK 1997-02-27</dateline>
<text>
<p>Robinson Humphrey Co. Inc. said it won $5.500 million of Autauga Cty BOE, Ala., capital outlay school warrants, Seris 1997-B, with a net interest cost of 5.27 percent.</p>
</text>
<copyright>(c) Reuters Limited 1997</copyright>
<metadata>
<codes class="bip:countries:1.0">
  <code code="USA">
    <editdetail attribution="Reuters BIP Coding Group" action="confirmed" date="1997-02-27"/>
  </code>
</codes>
<codes class="bip:topics:1.0">
  <code code="E21">
    <editdetail attribution="Reuters BIP Coding Group" action="confirmed" date="1997-02-27"/>
  </code>
  <code code="E212">
    <editdetail attribution="Reuters BIP Coding Group" action="confirmed" date="1997-02-27"/>
  </code>
  <code code="ECAT">
    <editdetail attribution="Reuters BIP Coding Group" action="confirmed" date="1997-02-27"/>
  </code>
</codes>
<dc element="dc.date.created" value="1997-02-27"/>
<dc element="dc.publisher" value="Reuters Holdings Plc"/>
<dc element="dc.date.published" value="1997-02-27"/>
<dc element="dc.source" value="Reuters"/>
<dc element="dc.creator.location" value="NEW YORK"/>
<dc element="dc.creator.location.country.name" value="USA"/>
<dc element="dc.source" value="Reuters"/>
</metadata>
</newsitem>
