<?xml version="1.0" encoding="iso-8859-1" ?>
<newsitem itemid="303443" id="root" date="1997-01-13" xml:lang="en">
<title>USA: RESEARCH ALERT - Yellow upgraded.</title>
<headline>RESEARCH ALERT - Yellow upgraded.</headline>
<text>
<p>- Gruntal &amp; Co said Monday it upgraded Yellow Corp to outperform (speculative) from neutral.</p>
<p>- Gruntal said Yellow cut about $75 million in costs in 1996, and another $25 million may be cut this year. &quot;The overall tone of business is improving,&quot; Gruntal said.  </p>
<p>- Gruntal said revenue yield is strong due to selective traffic shedding and a rate increase.</p>
<p>- In addition, Yellow, a freight company, is undergoing a major reorganization under team-oriented new management.</p>
<p>- Gruntal said the biggest risk is a labor flareup in 1998.</p>
<p>- Shares of Yellow were up 1/4 at 16-7/8.</p>
<p>((-- Chicago Newsdesk, 312-408-8787))</p>
</text>
<copyright>(c) Reuters Limited 1997</copyright>
<metadata>
<codes class="bip:countries:1.0">
  <code code="USA">
    <editdetail attribution="Reuters BIP Coding Group" action="confirmed" date="1997-01-13"/>
  </code>
</codes>
<codes class="bip:industries:1.0">
  <code code="I77002">
    <editdetail attribution="Reuters BIP Coding Group" action="confirmed" date="1997-01-13"/>
  </code>
</codes>
<codes class="bip:topics:1.0">
  <code code="C15">
    <editdetail attribution="Reuters BIP Coding Group" action="confirmed" date="1997-01-13"/>
  </code>
  <code code="C152">
    <editdetail attribution="Reuters BIP Coding Group" action="confirmed" date="1997-01-13"/>
  </code>
  <code code="CCAT">
    <editdetail attribution="Reuters BIP Coding Group" action="confirmed" date="1997-01-13"/>
  </code>
</codes>
<dc element="dc.publisher" value="Reuters Holdings Plc"/>
<dc element="dc.date.published" value="1997-01-13"/>
<dc element="dc.source" value="Reuters"/>
<dc element="dc.creator.location.country.name" value="USA"/>
<dc element="dc.source" value="Reuters"/>
</metadata>
</newsitem>
