<?xml version="1.0" encoding="iso-8859-1" ?>
<newsitem itemid="399439" id="root" date="1997-02-24" xml:lang="en">
<title>LEBANON: Beirut t-bill issue raises 322.5 bln pounds.</title>
<headline>Beirut t-bill issue raises 322.5 bln pounds.</headline>
<dateline>BEIRUT 1997-02-24</dateline>
<text>
<p>Lebanon's weekly treasury bill issue of February 20 raised 322.5 billion Lebanese pounds ($208.9 million), and the Bank of Lebanon for the first time limited the award of three- and six-month bills to non-competitive bids.</p>
<p>The previous issue raised 358.6 billion pounds.</p>
<p>The central bank said only 10 percent of all competitive bids, those made by Lebanese institutions, were accepted up to the discount rate and yield for three-month bills. The acceptance rate was 14 percent for six-month bills, 10 percent for 12-month and 15 percent for two-year bills.</p>
<p>However, all non-competitive bids for 12- and 24-month bills were accepted, the Bank said.</p>
<p>The issue posted a nominal surplus of subscription against maturity of 62.8 billion pounds. It raised the following amounts (in billion of pounds, pervious week in brackets):</p>
<p>    Term			  Yield		    Amount</p>
<p>    Three months	    13.87 (13.92)	  51.5   (56.1)</p>
<p>    Six months		14.64 (14.74)	 106.1  (107.6)</p>
<p>    12 months		 15.33 (15.33)	  93.8  (124.8)</p>
<p>    24 months		 16.18 (16.30)	  71.1   (70.1)</p>
<p>The Lebanese pound closed at $1,548.25 to the U.S. dollar on Monday from $1,548.75 a week earlier and 1,588 a year ago.</p>
<p>-Beirut editorial (961 1) 602057 745307 745308 ($ = 1543 Lebanese Pounds)</p>
</text>
<copyright>(c) Reuters Limited 1997</copyright>
<metadata>
<codes class="bip:countries:1.0">
  <code code="LEBAN">
    <editdetail attribution="Reuters BIP Coding Group" action="confirmed" date="1997-02-24"/>
  </code>
</codes>
<codes class="bip:topics:1.0">
  <code code="M13">
    <editdetail attribution="Reuters BIP Coding Group" action="confirmed" date="1997-02-24"/>
  </code>
  <code code="M131">
    <editdetail attribution="Reuters BIP Coding Group" action="confirmed" date="1997-02-24"/>
  </code>
  <code code="MCAT">
    <editdetail attribution="Reuters BIP Coding Group" action="confirmed" date="1997-02-24"/>
  </code>
</codes>
<dc element="dc.date.created" value="1997-02-24"/>
<dc element="dc.publisher" value="Reuters Holdings Plc"/>
<dc element="dc.date.published" value="1997-02-24"/>
<dc element="dc.source" value="Reuters"/>
<dc element="dc.creator.location" value="BEIRUT"/>
<dc element="dc.creator.location.country.name" value="LEBANON"/>
<dc element="dc.source" value="Reuters"/>
</metadata>
</newsitem>
