<?xml version="1.0" encoding="iso-8859-1" ?>
<newsitem itemid="574914" id="root" date="1997-05-11" xml:lang="en">
<title>INDIA: India alliance to discuss oil subsidies on May 25.</title>
<headline>India alliance to discuss oil subsidies on May 25.</headline>
<dateline>NEW DELHI 1997-05-11</dateline>
<text>
<p>The decision-making Steering Committee of India's ruling United Front coalition will meet on May 25 to discuss ways to contain the country's gaping oil pool deficit, the alliance's spokesman said on Saturday.</p>
<p>Spokesman Jaipal Reddy told reporters the panel, which met on Saturday, could not take a decision on plugging the deficit because neither Finance Minister P. Chidambaram nor junior Petroleum Minister T.R. Balu were present.</p>
<p>&quot;No consensus also emerged among members on what steps had to be taken on the issue of the oil pool account,&quot; Reddy said. &quot;Therefore we have decided again to meet on 25th of this month to discuss the oil pool account and other issues.&quot;</p>
<p>The oil pool deficit is the amount the government pays state-run oil companies in subsidies for selling their products at well below global prices. The deficit was estimated at 155 billion rupees ($4.33 billion) at the beginning of 1997/98.</p>
<p>Balu said on Monday that the government was considering ways to plug the deficit. Last week Prime Minister Inder Kumar Gujral said the government needed to take a bold decision to contain the deficit.</p>
<p>Balu has said that if excise and import duties are reduced by 15 percent for crude oil and petroleum products the oil pool deficit could be wiped out, the Sunday Times of India reported on Sunday. It also said Balu has called for subsidies on kerosene and diesel to be borne by the general exchequer. ($1=35.8 rupees)</p>
<p>-- New Delhi newsroom +91-11 301 2024</p>
</text>
<copyright>(c) Reuters Limited 1997</copyright>
<metadata>
<codes class="bip:countries:1.0">
  <code code="INDIA">
    <editdetail attribution="Reuters BIP Coding Group" action="confirmed" date="1997-05-11"/>
  </code>
</codes>
<codes class="bip:industries:1.0">
  <code code="I13000">
    <editdetail attribution="Reuters BIP Coding Group" action="confirmed" date="1997-05-11"/>
  </code>
  <code code="I14000">
    <editdetail attribution="Reuters BIP Coding Group" action="confirmed" date="1997-05-11"/>
  </code>
</codes>
<codes class="bip:topics:1.0">
  <code code="C13">
    <editdetail attribution="Reuters BIP Coding Group" action="confirmed" date="1997-05-11"/>
  </code>
  <code code="C17">
    <editdetail attribution="Reuters BIP Coding Group" action="confirmed" date="1997-05-11"/>
  </code>
  <code code="CCAT">
    <editdetail attribution="Reuters BIP Coding Group" action="confirmed" date="1997-05-11"/>
  </code>
  <code code="E21">
    <editdetail attribution="Reuters BIP Coding Group" action="confirmed" date="1997-05-11"/>
  </code>
  <code code="E211">
    <editdetail attribution="Reuters BIP Coding Group" action="confirmed" date="1997-05-11"/>
  </code>
  <code code="ECAT">
    <editdetail attribution="Reuters BIP Coding Group" action="confirmed" date="1997-05-11"/>
  </code>
</codes>
<dc element="dc.date.created" value="1997-05-11"/>
<dc element="dc.publisher" value="Reuters Holdings Plc"/>
<dc element="dc.date.published" value="1997-05-11"/>
<dc element="dc.source" value="Reuters"/>
<dc element="dc.creator.location" value="NEW DELHI"/>
<dc element="dc.creator.location.country.name" value="INDIA"/>
<dc element="dc.source" value="Reuters"/>
</metadata>
</newsitem>
