<?xml version="1.0" encoding="iso-8859-1" ?>
<newsitem itemid="638934" id="root" date="1997-06-05" xml:lang="en">
<title>USA: Bando McGlocklin gets approval for holding company.</title>
<headline>Bando McGlocklin gets approval for holding company.</headline>
<dateline>PEWAUKEE, Wis. 1997-06-05</dateline>
<text>
<p>Bando McGLocklin Capital Corp said the Federal Reserve Bank of Chicago has approved its plan to form InvestorsBancorp Inc, a bank holding company.</p>
<p>In addition, the Federal Deposit Insurance Corporation (FDIC) has agreed to extend insurance coverage to depositors in the proposed InvestorsBank, the company said.</p>
<p>These actions are the last major approvals required to form the bank holding company and its operating subsidiary, InvestorsBank, the company said. The Wisconsin Department of Financial Institutions already has given preliminary approval to operate InvestorsBank under a state charter.</p>
<p>George Schonath, chairman and chief executive officer of Bando McGlocklin, also will serve as president of InvestorsBancorp. The bank plans to open the week of July 7.</p>
<p>On approval of the plan to spin off shares of InvestorsBancorp to shareholders of Bando McGlocklin by the U.S. Securities and Exchange Commission -- expected later this month -- it will announce the date for distribution of the bank holding company shares, it said.</p>
<p>Bando McGlocklin makes real estate loans to small businesses and has investments in manufacturing companies.</p>
<p>	     ((Chicago newsdesk 312 408 8787))</p>
</text>
<copyright>(c) Reuters Limited 1997</copyright>
<metadata>
<codes class="bip:countries:1.0">
  <code code="USA">
    <editdetail attribution="Reuters BIP Coding Group" action="confirmed" date="1997-06-05"/>
  </code>
</codes>
<codes class="bip:industries:1.0">
  <code code="I83100">
    <editdetail attribution="Reuters BIP Coding Group" action="confirmed" date="1997-06-05"/>
  </code>
</codes>
<codes class="bip:topics:1.0">
  <code code="C11">
    <editdetail attribution="Reuters BIP Coding Group" action="confirmed" date="1997-06-05"/>
  </code>
  <code code="C13">
    <editdetail attribution="Reuters BIP Coding Group" action="confirmed" date="1997-06-05"/>
  </code>
  <code code="CCAT">
    <editdetail attribution="Reuters BIP Coding Group" action="confirmed" date="1997-06-05"/>
  </code>
</codes>
<dc element="dc.date.created" value="1997-06-05"/>
<dc element="dc.publisher" value="Reuters Holdings Plc"/>
<dc element="dc.date.published" value="1997-06-05"/>
<dc element="dc.source" value="Reuters"/>
<dc element="dc.creator.location" value="PEWAUKEE, Wis."/>
<dc element="dc.creator.location.country.name" value="USA"/>
<dc element="dc.source" value="Reuters"/>
</metadata>
</newsitem>
