<?xml version="1.0" encoding="iso-8859-1" ?>
<newsitem itemid="503385" id="root" date="1997-04-11" xml:lang="en">
<title>USA: Total World not to meet future forecasts.</title>
<headline>Total World not to meet future forecasts.</headline>
<dateline>HOUSTON 1997-04-11</dateline>
<text>
<p>Total World Telecommunications Inc said Friday it did not expect to achieve the revenues and earnings previously forecasted for &quot;the current and future years&quot; as a result of divestitures and office relocation.  </p>
<p>The company has announced the divestiture of two units that do not deal in the telecommunications business as well as the relocation of its offices to Houston from Boca Raton, Florida.</p>
<p>It said it expected to report a loss for the fiscal second quarter comparable to the $0.77-per-share loss sustained in the first quarter ended December 31.</p>
<p>It also said Donald Booth, its president and chief operating officer, had replaced Joseph Lents as chief executive.</p>
<p>Lents has resigned from the post but will remain as chairman of the board of directors, it said.</p>
</text>
<copyright>(c) Reuters Limited 1997</copyright>
<metadata>
<codes class="bip:countries:1.0">
  <code code="USA">
    <editdetail attribution="Reuters BIP Coding Group" action="confirmed" date="1997-04-11"/>
  </code>
</codes>
<codes class="bip:industries:1.0">
  <code code="I83600">
    <editdetail attribution="Reuters BIP Coding Group" action="confirmed" date="1997-04-11"/>
  </code>
</codes>
<codes class="bip:topics:1.0">
  <code code="C15">
    <editdetail attribution="Reuters BIP Coding Group" action="confirmed" date="1997-04-11"/>
  </code>
  <code code="C152">
    <editdetail attribution="Reuters BIP Coding Group" action="confirmed" date="1997-04-11"/>
  </code>
  <code code="CCAT">
    <editdetail attribution="Reuters BIP Coding Group" action="confirmed" date="1997-04-11"/>
  </code>
</codes>
<dc element="dc.date.created" value="1997-04-11"/>
<dc element="dc.publisher" value="Reuters Holdings Plc"/>
<dc element="dc.date.published" value="1997-04-11"/>
<dc element="dc.source" value="Reuters"/>
<dc element="dc.creator.location" value="HOUSTON"/>
<dc element="dc.creator.location.country.name" value="USA"/>
<dc element="dc.source" value="Reuters"/>
</metadata>
</newsitem>
