<?xml version="1.0" encoding="iso-8859-1" ?>
<newsitem itemid="734545" id="root" date="1997-07-16" xml:lang="en">
<title>FRANCE: SGS-Thomson rises further ahead of results.</title>
<headline>SGS-Thomson rises further ahead of results.</headline>
<dateline>PARIS 1997-07-16</dateline>
<text>
<p>Shares in semi-conductor group SGS-Thomson Microelectronics NV posted solid gains on Wednesday for the second day running ahead of the publication of its first half results on Thursday morning.</p>
<p>At 0831 GMT, SGS-Thomson was up 7.59 percent at 581 francs. It made a 7.78 percent gain on Tuesday. Dealers expect a good set of figures following an earnings surprise at Motorola last week and good figures from Intel and Texas Instruments overnight.</p>
<p>SGS-Thomson made a profit warning in June which caused a decline in its share.</p>
<p>-- Paris newsroom +33 1 4221 5452</p>
</text>
<copyright>(c) Reuters Limited 1997</copyright>
<metadata>
<codes class="bip:countries:1.0">
  <code code="FRA">
    <editdetail attribution="Reuters BIP Coding Group" action="confirmed" date="1997-07-16"/>
  </code>
</codes>
<codes class="bip:industries:1.0">
  <code code="I34531">
    <editdetail attribution="Reuters BIP Coding Group" action="confirmed" date="1997-07-16"/>
  </code>
</codes>
<codes class="bip:topics:1.0">
  <code code="C15">
    <editdetail attribution="Reuters BIP Coding Group" action="confirmed" date="1997-07-16"/>
  </code>
  <code code="C152">
    <editdetail attribution="Reuters BIP Coding Group" action="confirmed" date="1997-07-16"/>
  </code>
  <code code="CCAT">
    <editdetail attribution="Reuters BIP Coding Group" action="confirmed" date="1997-07-16"/>
  </code>
</codes>
<dc element="dc.date.created" value="1997-07-16"/>
<dc element="dc.publisher" value="Reuters Holdings Plc"/>
<dc element="dc.date.published" value="1997-07-16"/>
<dc element="dc.source" value="Reuters"/>
<dc element="dc.creator.location" value="PARIS"/>
<dc element="dc.creator.location.country.name" value="FRANCE"/>
<dc element="dc.source" value="Reuters"/>
</metadata>
</newsitem>
