<?xml version="1.0" encoding="iso-8859-1" ?>
<newsitem itemid="158343" id="root" date="1996-10-31" xml:lang="en">
<title>AUSTRALIA: RTRS-NAB cuts fixed home loan rates.</title>
<headline>RTRS-NAB cuts fixed home loan rates.</headline>
<dateline>SYDNEY 1996-10-31</dateline>
<text>
<p>National Australia Bank Ltd (NAB) said on Thursday it had cut its entire range of fixed rate home loans effective from Monday.</p>
<p>The new rates include a one-year fixed rate of 6.99 percent per annum and a two-year fixed rate of 7.99 per annum as part of a home loan package, NAB said.</p>
<p>Interest rates on all stand alone fixed rate home loans have also been reduced. The one-year fixed interest rate has been cut by more than one percent to 7.90 percent, it said.</p>
<p>-- Sydney newsroom 61-2 9373-1800</p>
</text>
<copyright>(c) Reuters Limited 1996</copyright>
<metadata>
<codes class="bip:countries:1.0">
  <code code="AUSTR">
    <editdetail attribution="Reuters BIP Coding Group" action="confirmed" date="1996-10-31"/>
  </code>
</codes>
<codes class="bip:industries:1.0">
  <code code="I81402">
    <editdetail attribution="Reuters BIP Coding Group" action="confirmed" date="1996-10-31"/>
  </code>
</codes>
<codes class="bip:topics:1.0">
  <code code="C31">
    <editdetail attribution="Reuters BIP Coding Group" action="confirmed" date="1996-10-31"/>
  </code>
  <code code="CCAT">
    <editdetail attribution="Reuters BIP Coding Group" action="confirmed" date="1996-10-31"/>
  </code>
</codes>
<dc element="dc.date.created" value="1996-10-31"/>
<dc element="dc.publisher" value="Reuters Holdings Plc"/>
<dc element="dc.date.published" value="1996-10-31"/>
<dc element="dc.source" value="Reuters"/>
<dc element="dc.creator.location" value="SYDNEY"/>
<dc element="dc.creator.location.country.name" value="AUSTRALIA"/>
<dc element="dc.source" value="Reuters"/>
</metadata>
</newsitem>
