<?xml version="1.0" encoding="iso-8859-1" ?>
<newsitem itemid="349255" id="root" date="1997-02-01" xml:lang="en">
<title>RUSSIA: Drifting lake ice strands up to 100 Russians - Tass.</title>
<headline>Drifting lake ice strands up to 100 Russians - Tass.</headline>
<dateline>MOSCOW 1997-02-01</dateline>
<text>
<p>Up to 100 fishermen were stranded in bad weather on Saturday on ice floes which drifted away from the shores of Ladoga Lake in northwestern Russia, Itar-Tass news agency said.</p>
<p>Tass said rescue teams in light boats had managed to pick up only eight fishermen from floes which drifted close to shore. Most of the massive chunks of ice had floated up five km (three miles) from shore and were only accessible by helicopter.</p>
<p>Tass said a severe storm and poor visibility in the area had slowed the rescue operation.</p>
</text>
<copyright>(c) Reuters Limited 1997</copyright>
<metadata>
<codes class="bip:countries:1.0">
  <code code="RUSS">
    <editdetail attribution="Reuters BIP Coding Group" action="confirmed" date="1997-02-01"/>
  </code>
</codes>
<codes class="bip:topics:1.0">
  <code code="GCAT">
    <editdetail attribution="Reuters BIP Coding Group" action="confirmed" date="1997-02-01"/>
  </code>
  <code code="GDIS">
    <editdetail attribution="Reuters BIP Coding Group" action="confirmed" date="1997-02-01"/>
  </code>
</codes>
<dc element="dc.date.created" value="1997-02-01"/>
<dc element="dc.publisher" value="Reuters Holdings Plc"/>
<dc element="dc.date.published" value="1997-02-01"/>
<dc element="dc.source" value="Reuters"/>
<dc element="dc.creator.location" value="MOSCOW"/>
<dc element="dc.creator.location.country.name" value="RUSSIA"/>
<dc element="dc.source" value="Reuters"/>
</metadata>
</newsitem>
