<?xml version="1.0" encoding="iso-8859-1" ?>
<newsitem itemid="780489" id="root" date="1997-08-05" xml:lang="en">
<title>JAPAN: Rengo sets terms on No.5 straight bond.</title>
<headline>Rengo sets terms on No.5 straight bond.</headline>
<dateline>TOKYO 1997-08-05</dateline>
<text>
<p>BORROWER - Rengo Co Ltd</p>
<p>LEAD MGR - Yamaichi Securities Co Ltd</p>
<p>FISCAL AGENT - Sumitomo Bank Ltd</p>
<p> TYPE straight bond   ISSUE NO   5	  AMT   5 bln yen</p>
<p> COUPON 3.0%	    ISS PRICE  100.00   MATURITY 21.Aug.07</p>
<p> LAST MOODY'S	   PAY DATE 21.Aug.97  INT PAY 21st Feb/Aug</p>
<p> LAST S&amp;P		 SIGN DATE	     SUB DATE 5.Aug</p>
<p> LAST JCR		 LAST JBRI  A-	 LAST NIS   A-</p>
</text>
<copyright>(c) Reuters Limited 1997</copyright>
<metadata>
<codes class="bip:countries:1.0">
  <code code="JAP">
    <editdetail attribution="Reuters BIP Coding Group" action="confirmed" date="1997-08-05"/>
  </code>
</codes>
<codes class="bip:industries:1.0">
  <code code="I47100">
    <editdetail attribution="Reuters BIP Coding Group" action="confirmed" date="1997-08-05"/>
  </code>
</codes>
<codes class="bip:topics:1.0">
  <code code="C17">
    <editdetail attribution="Reuters BIP Coding Group" action="confirmed" date="1997-08-05"/>
  </code>
  <code code="C172">
    <editdetail attribution="Reuters BIP Coding Group" action="confirmed" date="1997-08-05"/>
  </code>
  <code code="CCAT">
    <editdetail attribution="Reuters BIP Coding Group" action="confirmed" date="1997-08-05"/>
  </code>
</codes>
<dc element="dc.date.created" value="1997-08-05"/>
<dc element="dc.publisher" value="Reuters Holdings Plc"/>
<dc element="dc.date.published" value="1997-08-05"/>
<dc element="dc.source" value="Reuters"/>
<dc element="dc.creator.location" value="TOKYO"/>
<dc element="dc.creator.location.country.name" value="JAPAN"/>
<dc element="dc.source" value="Reuters"/>
</metadata>
</newsitem>
