<?xml version="1.0" encoding="iso-8859-1" ?>
<newsitem itemid="779325" id="root" date="1997-08-05" xml:lang="en">
<title>PORTUGAL: Portuguese bonds end weaker, pressured by dlr.</title>
<headline>Portuguese bonds end weaker, pressured by dlr.</headline>
<dateline>LISBON 1997-08-05</dateline>
<text>
<p>1624 GMT - Portuguese bonds ended weaker as the stronger dollar weighed on Bunds and peripheral markets.</p>
<p>*Sept 97 futures down 0.44 points to 109.70</p>
<p>*Feb 07 cash (OTC) 101.55 (102.05), yld 6.41 vs 6.33 cls</p>
<p>*Spread vs 10-yr cash Bund 69 bps vs 68 bps</p>
<p>(FULL DETAILS/BACKGROUND FOLLOW)  </p>
<p>Portuguese bonds ended weaker in sympathy with Bunds and peripheral markets, pressured by a stronger dollar, and dealers said the trend could continue tomorrow.</p>
<p>&quot;The dollar, stronger and stronger, is punishing Bunds, and the peripherals are following the slide in Bunds,&quot; one operator said.</p>
<p>Another said: &quot;The exchange rate question will be key tomorrow. If the dollar continues to show strength, we will see a weakened Bund, dragging down Bonos and Portuguese bonds.&quot;</p>
<p>-- Lisbon newsroom +(351-1) 3538254</p>
</text>
<copyright>(c) Reuters Limited 1997</copyright>
<metadata>
<codes class="bip:countries:1.0">
  <code code="PORL">
    <editdetail attribution="Reuters BIP Coding Group" action="confirmed" date="1997-08-05"/>
  </code>
</codes>
<codes class="bip:topics:1.0">
  <code code="M12">
    <editdetail attribution="Reuters BIP Coding Group" action="confirmed" date="1997-08-05"/>
  </code>
  <code code="MCAT">
    <editdetail attribution="Reuters BIP Coding Group" action="confirmed" date="1997-08-05"/>
  </code>
</codes>
<dc element="dc.date.created" value="1997-08-05"/>
<dc element="dc.publisher" value="Reuters Holdings Plc"/>
<dc element="dc.date.published" value="1997-08-05"/>
<dc element="dc.source" value="Reuters"/>
<dc element="dc.creator.location" value="LISBON"/>
<dc element="dc.creator.location.country.name" value="PORTUGAL"/>
<dc element="dc.source" value="Reuters"/>
</metadata>
</newsitem>
