<?xml version="1.0" encoding="iso-8859-1" ?>
<newsitem itemid="72085" id="root" date="1996-09-24" xml:lang="en">
<title>USA: Fidelity names new Select Regional Banks manager.</title>
<headline>Fidelity names new Select Regional Banks manager.</headline>
<dateline>BOSTON 1996-09-24</dateline>
<text>
<p>Fidelity Investments on Tuesday named John Avery the new portfolio manager of Fidelity Select Regional Banks Portfolio, replacing Remy Trafelet.</p>
<p>Trafelet, 26, is leaving to join the Fort Lee, N.J.-based investment management firm of Boston Provident Partners.</p>
<p>Avery, 32, will continue to manage Fidelity Select Chemicals Portfolio, which he has managed since 1995.</p>
<p>The Select Banks Portfolio, whose top holdings include Bank America, Chase Manhattan, Wells Fargo, Citicorp and Bank of New York, is one of 36 different sector funds offered by Fidelity, the nation's largest mutual fund company.</p>
<p>-- Boston bureau, 617-367-4106</p>
</text>
<copyright>(c) Reuters Limited 1996</copyright>
<metadata>
<codes class="bip:countries:1.0">
  <code code="USA">
    <editdetail attribution="Reuters BIP Coding Group" action="confirmed" date="1996-09-24"/>
  </code>
</codes>
<codes class="bip:industries:1.0">
  <code code="I81502">
    <editdetail attribution="Reuters BIP Coding Group" action="confirmed" date="1996-09-24"/>
  </code>
</codes>
<codes class="bip:topics:1.0">
  <code code="C41">
    <editdetail attribution="Reuters BIP Coding Group" action="confirmed" date="1996-09-24"/>
  </code>
  <code code="C411">
    <editdetail attribution="Reuters BIP Coding Group" action="confirmed" date="1996-09-24"/>
  </code>
  <code code="CCAT">
    <editdetail attribution="Reuters BIP Coding Group" action="confirmed" date="1996-09-24"/>
  </code>
</codes>
<dc element="dc.date.created" value="1996-09-24"/>
<dc element="dc.publisher" value="Reuters Holdings Plc"/>
<dc element="dc.date.published" value="1996-09-24"/>
<dc element="dc.source" value="Reuters"/>
<dc element="dc.creator.location" value="BOSTON"/>
<dc element="dc.creator.location.country.name" value="USA"/>
<dc element="dc.source" value="Reuters"/>
</metadata>
</newsitem>
