<?xml version="1.0" encoding="iso-8859-1" ?>
<newsitem itemid="796510" id="root" date="1997-08-13" xml:lang="en">
<title>TAIWAN: TAIWAN GOV'T SELLS 6.03 MLN SHARES IN CHINA STEEL.</title>
<headline>TAIWAN GOV'T SELLS 6.03 MLN SHARES IN CHINA STEEL.</headline>
<dateline>TAIPEI 1997-08-13</dateline>
<text>
<p>Taiwan's economics ministry on Wednesday auctioned off some 6.03 million shares in steel giant China Steel at a total value of T$187.533 million.</p>
<p>Wednesday was the third of a scheduled four-day auction during which the government planned to auction a total of 182.19 million shares in China Steel -- a sell-off that would reduce the state's stake in China Steel to 39.2 percent from 42.1 percent.</p>
<p>The shares were sold at an average price of T$31.1, the same as its Wednesday closing price, an official from the Taiwan Stock Exchange said by telephone.</p>
<p>The government began its sale of China Steel on Monday, auctioning off some 92.79 million shares for T$2.89 billion and some 30,000 shares for T$969,000 on Tuesday.</p>
<p>The remaining 83.34 million shares would be auctioned on Thursday, the official said.</p>
<p>The sell-off was part of a five-year process to sell the state's entire China Steel stake, officials have said.</p>
<p>China Steel, Taiwan's largest steel firm, was privatised in April 1995.</p>
<p>Taiwan's finance ministry last week auctioned some 418 million shares in Chiao Tung Bank -- a sell-off that reduced state's stake in the bank to 60.03 percent from 88.83 percent.</p>
<p>Taiwan's government said in January it planned to release some 800 million state-owned shares worth some T$100 billion in fiscal 1997/98 (July/June).</p>
<p>Taiwan said in July that the government's privatisation scheme would accelerate from the middle of 1998, outlining plans to release state-owned shares worth T$450 billion over the next three fiscal years.</p>
<p>-- Taipei newsroom (886-2-5080815)</p>
<p>-- Internet  taipei.newsroom@reuters.com</p>
</text>
<copyright>(c) Reuters Limited 1997</copyright>
<metadata>
<codes class="bip:countries:1.0">
  <code code="TAIWAN">
    <editdetail attribution="Reuters BIP Coding Group" action="confirmed" date="1997-08-13"/>
  </code>
</codes>
<codes class="bip:industries:1.0">
  <code code="I22100">
    <editdetail attribution="Reuters BIP Coding Group" action="confirmed" date="1997-08-13"/>
  </code>
</codes>
<codes class="bip:topics:1.0">
  <code code="C13">
    <editdetail attribution="Reuters BIP Coding Group" action="confirmed" date="1997-08-13"/>
  </code>
  <code code="C17">
    <editdetail attribution="Reuters BIP Coding Group" action="confirmed" date="1997-08-13"/>
  </code>
  <code code="C171">
    <editdetail attribution="Reuters BIP Coding Group" action="confirmed" date="1997-08-13"/>
  </code>
  <code code="C18">
    <editdetail attribution="Reuters BIP Coding Group" action="confirmed" date="1997-08-13"/>
  </code>
  <code code="C183">
    <editdetail attribution="Reuters BIP Coding Group" action="confirmed" date="1997-08-13"/>
  </code>
  <code code="CCAT">
    <editdetail attribution="Reuters BIP Coding Group" action="confirmed" date="1997-08-13"/>
  </code>
</codes>
<dc element="dc.date.created" value="1997-08-13"/>
<dc element="dc.publisher" value="Reuters Holdings Plc"/>
<dc element="dc.date.published" value="1997-08-13"/>
<dc element="dc.source" value="Reuters"/>
<dc element="dc.creator.location" value="TAIPEI"/>
<dc element="dc.creator.location.country.name" value="TAIWAN"/>
<dc element="dc.source" value="Reuters"/>
</metadata>
</newsitem>
