<?xml version="1.0" encoding="iso-8859-1" ?>
<newsitem itemid="730598" id="root" date="1997-07-15" xml:lang="en">
<title>UK: RESEARCH ALERT-Kleinwort reviews UK banks,ups HSBC.</title>
<headline>RESEARCH ALERT-Kleinwort reviews UK banks,ups HSBC.</headline>
<dateline>LONDON 1997-07-15</dateline>
<text>
<p>Brokerage Dresdner Kleinwort Benson raised its targets for HSBC Holdings Plc and Lloyds TSB Group Plc on Tuesday and repeated its negative stance on National Westminster Bank, dealers said.</p>
<p>In a 100-page sector review ahead of results, the brokerage raised its share price target for HSBC and Lloyds to 2400p from 2100p and to 830p from 780p, respectively, dealers said. The upgrades were mainly linked to valuations, they said.</p>
<p>The analyst declined to comment.</p>
<p>The brokerage also upgraded Standard Chartered Plc and Barclays Plc to &quot;add&quot; from &quot;hold,&quot; they said.</p>
<p>--London Newsroom +44 171 542 5106</p>
</text>
<copyright>(c) Reuters Limited 1997</copyright>
<metadata>
<codes class="bip:countries:1.0">
  <code code="UK">
    <editdetail attribution="Reuters BIP Coding Group" action="confirmed" date="1997-07-15"/>
  </code>
</codes>
<codes class="bip:industries:1.0">
  <code code="I81402">
    <editdetail attribution="Reuters BIP Coding Group" action="confirmed" date="1997-07-15"/>
  </code>
</codes>
<codes class="bip:topics:1.0">
  <code code="C15">
    <editdetail attribution="Reuters BIP Coding Group" action="confirmed" date="1997-07-15"/>
  </code>
  <code code="C152">
    <editdetail attribution="Reuters BIP Coding Group" action="confirmed" date="1997-07-15"/>
  </code>
  <code code="CCAT">
    <editdetail attribution="Reuters BIP Coding Group" action="confirmed" date="1997-07-15"/>
  </code>
</codes>
<dc element="dc.date.created" value="1997-07-15"/>
<dc element="dc.publisher" value="Reuters Holdings Plc"/>
<dc element="dc.date.published" value="1997-07-15"/>
<dc element="dc.source" value="Reuters"/>
<dc element="dc.creator.location" value="LONDON"/>
<dc element="dc.creator.location.country.name" value="UK"/>
<dc element="dc.source" value="Reuters"/>
</metadata>
</newsitem>
