<?xml version="1.0" encoding="iso-8859-1" ?>
<newsitem itemid="62917" id="root" date="1996-09-18" xml:lang="en">
<title>JAPAN: Mitsubishi Materials cuts lead price by 4,000 yen.</title>
<headline>Mitsubishi Materials cuts lead price by 4,000 yen.</headline>
<dateline>TOKYO 1996-09-18</dateline>
<text>
<p>Mitsubishi Materials Corp said it had reduced its selling price for lead by 4,000 yen at 124,000 yen per tonne, effective from Wednesday.</p>
<p>The company periodically reviews its selling prices, and changes them in line with market prices and currency rates.</p>
</text>
<copyright>(c) Reuters Limited 1996</copyright>
<metadata>
<codes class="bip:countries:1.0">
  <code code="JAP">
    <editdetail attribution="Reuters BIP Coding Group" action="confirmed" date="1996-09-18"/>
  </code>
</codes>
<codes class="bip:topics:1.0">
  <code code="M14">
    <editdetail attribution="Reuters BIP Coding Group" action="confirmed" date="1996-09-18"/>
  </code>
  <code code="M142">
    <editdetail attribution="Reuters BIP Coding Group" action="confirmed" date="1996-09-18"/>
  </code>
  <code code="MCAT">
    <editdetail attribution="Reuters BIP Coding Group" action="confirmed" date="1996-09-18"/>
  </code>
</codes>
<dc element="dc.date.created" value="1996-09-18"/>
<dc element="dc.publisher" value="Reuters Holdings Plc"/>
<dc element="dc.date.published" value="1996-09-18"/>
<dc element="dc.source" value="Reuters"/>
<dc element="dc.creator.location" value="TOKYO"/>
<dc element="dc.creator.location.country.name" value="JAPAN"/>
<dc element="dc.source" value="Reuters"/>
</metadata>
</newsitem>
