<?xml version="1.0" encoding="iso-8859-1" ?>
<newsitem itemid="452294" id="root" date="1997-03-19" xml:lang="en">
<title>ROMANIA: RADIO ROMANIA AFTERNOON HEADLINES AT 1 PM.</title>
<headline>RADIO ROMANIA AFTERNOON HEADLINES AT 1 PM.</headline>
<dateline>BUCHAREST 1997-03-19</dateline>
<text>
<p>Radio news headlines:</p>
<p>* Romania expects the U.S.-Russia summit in Helsinki to set the principles stated by all NATO members, namely integration of new democracies into the Alliance, elimination of old tensions and the establishment of a climate allowing economic revival and conflict prevention, foreign ministry spokeswoman Gilda Lazar told a news conference.</p>
<p>* Russia will stick to its opposition to NATO's eastward expansion, irrespective of the result of the Helsinki summit, a Kremlin spokesman said on Wednesday.</p>
<p>* Romanian and Russian diplomats will hold talks in Moscow on March 28, seeking to boost economic cooperation, Lazar said.</p>
<p>* Parliament's standing commission started debates on the 1997 draft budget.</p>
<p>* Turkey will back Romania to get an invitation to become a NATO member later this year, Turkish Deputy Chief of Staff, General Cevik Bir, said at the end of an visit to Romania, during which he met Defence Minister Victor Babiuc and Romanian Army Chief of Staff, General Constantin Degeratu.</p>
<p>* Foreign Minister Adrian Severin will attend a Brussels meeting of European Union foreign ministers with their counterparts from Central and Eastern Europe, Lazar said.</p>
<p>She said Severin will make two-day visit to Portugal starting March 26.</p>
<p>* The opposition Party of Social Democracy (PDSR) wrote an open letter to President Emil Constantinescu to ask for a meeting of political party leaders with the president over recent positions taken in parliament by the ruling coalition.</p>
<p>The PDSR slammed the ruling coalition for allegedly breaching the constitution and establishing a &quot;majority disctatorship&quot; in parliament. The letter, signed by PDSR leader Ion Iliescu, says the party will not boycott debates on the 1997 budget and the government reform package. -- Bucharest Newsroom 40-1 3120264</p>
</text>
<copyright>(c) Reuters Limited 1997</copyright>
<metadata>
<codes class="bip:countries:1.0">
  <code code="ROM">
    <editdetail attribution="Reuters BIP Coding Group" action="confirmed" date="1997-03-19"/>
  </code>
</codes>
<codes class="bip:topics:1.0">
  <code code="GCAT">
    <editdetail attribution="Reuters BIP Coding Group" action="confirmed" date="1997-03-19"/>
  </code>
</codes>
<dc element="dc.date.created" value="1997-03-19"/>
<dc element="dc.publisher" value="Reuters Holdings Plc"/>
<dc element="dc.date.published" value="1997-03-19"/>
<dc element="dc.source" value="Reuters"/>
<dc element="dc.creator.location" value="BUCHAREST"/>
<dc element="dc.creator.location.country.name" value="ROMANIA"/>
<dc element="dc.source" value="Reuters"/>
</metadata>
</newsitem>
