<?xml version="1.0" encoding="iso-8859-1" ?>
<newsitem itemid="711988" id="root" date="1997-07-07" xml:lang="en">
<title>PHILIPPINES: Philippine 91-day T-bill rate rises to 12.175 pct.</title>
<headline>Philippine 91-day T-bill rate rises to 12.175 pct.</headline>
<dateline>MANILA 1997-07-07</dateline>
<text>
<p>The benchmark 91-day Treasury bill rate rose to an average of 12.175 percent from 10.969 percent at the weekly auction on Monday, the Bureau of Treasury reported.  </p>
<p>The other term rates also increased after the Central Bank on Monday lifted its overnight borrowing rate to 30 percent from 24 percent to quell a fresh round of attack on the peso.</p>
<p>The 182-day rate jumped to 12.535 percent from 11.343 percent; and the 364-day rate rose to 13.183 percent from 11.683 percent.</p>
<p>The auction drew 12.59 billion pesos of tenders, of which only 3.1 billion pesos were accepted because of the high bid rates. The government had targetted to sell five billion pesos of the T-bills.</p>
<p>&quot;The committee felt the rates given were rather too much. We can afford to reject that,&quot; National Treasurer Caridad Valdehuesa told reporters.</p>
<p>-- Manila newsroom (63 2) 841-8936</p>
</text>
<copyright>(c) Reuters Limited 1997</copyright>
<metadata>
<codes class="bip:countries:1.0">
  <code code="PHLNS">
    <editdetail attribution="Reuters BIP Coding Group" action="confirmed" date="1997-07-07"/>
  </code>
</codes>
<codes class="bip:topics:1.0">
  <code code="M13">
    <editdetail attribution="Reuters BIP Coding Group" action="confirmed" date="1997-07-07"/>
  </code>
  <code code="M131">
    <editdetail attribution="Reuters BIP Coding Group" action="confirmed" date="1997-07-07"/>
  </code>
  <code code="MCAT">
    <editdetail attribution="Reuters BIP Coding Group" action="confirmed" date="1997-07-07"/>
  </code>
</codes>
<dc element="dc.date.created" value="1997-07-07"/>
<dc element="dc.publisher" value="Reuters Holdings Plc"/>
<dc element="dc.date.published" value="1997-07-07"/>
<dc element="dc.source" value="Reuters"/>
<dc element="dc.creator.location" value="MANILA"/>
<dc element="dc.creator.location.country.name" value="PHILIPPINES"/>
<dc element="dc.source" value="Reuters"/>
</metadata>
</newsitem>
