<?xml version="1.0" encoding="iso-8859-1" ?>
<newsitem itemid="380716" id="root" date="1997-02-15" xml:lang="en">
<title>JAPAN: Showa Shell, Mitsubishi Oil in refiner talks.</title>
<headline>Showa Shell, Mitsubishi Oil in refiner talks.</headline>
<dateline>TOKYO 1997-02-15</dateline>
<text>
<p>Showa Shell Sekiyu KK and Mitsubishi Oil Co Ltd are considering merging their oil refining divisions, Kyodo news service reported on Saturday.</p>
<p>The move would launch what would be Japan's biggest oil refining company, Kyodo quoted officials of the two companies as saying.</p>
<p>Companies officials were not immediately available to comment on the report.</p>
</text>
<copyright>(c) Reuters Limited 1997</copyright>
<metadata>
<codes class="bip:countries:1.0">
  <code code="JAP">
    <editdetail attribution="Reuters BIP Coding Group" action="confirmed" date="1997-02-15"/>
  </code>
</codes>
<codes class="bip:industries:1.0">
  <code code="I14000">
    <editdetail attribution="Reuters BIP Coding Group" action="confirmed" date="1997-02-15"/>
  </code>
</codes>
<codes class="bip:topics:1.0">
  <code code="C18">
    <editdetail attribution="Reuters BIP Coding Group" action="confirmed" date="1997-02-15"/>
  </code>
  <code code="C181">
    <editdetail attribution="Reuters BIP Coding Group" action="confirmed" date="1997-02-15"/>
  </code>
  <code code="CCAT">
    <editdetail attribution="Reuters BIP Coding Group" action="confirmed" date="1997-02-15"/>
  </code>
</codes>
<dc element="dc.date.created" value="1997-02-15"/>
<dc element="dc.publisher" value="Reuters Holdings Plc"/>
<dc element="dc.date.published" value="1997-02-15"/>
<dc element="dc.source" value="Reuters"/>
<dc element="dc.creator.location" value="TOKYO"/>
<dc element="dc.creator.location.country.name" value="JAPAN"/>
<dc element="dc.source" value="Reuters"/>
</metadata>
</newsitem>
