<?xml version="1.0" encoding="iso-8859-1" ?>
<newsitem itemid="731265" id="root" date="1997-07-16" xml:lang="en">
<title>USA: TABLE - Triquint Semiconductor Q2 results.</title>
<headline>TABLE - Triquint Semiconductor Q2 results.</headline>
<dateline>HILLSBORO, Ore. 1997-07-16</dateline>
<text>
<p>(In thousands, except per share amounts)</p>
<p>				 Three Months Ended  Six Months Ended</p>
<p>				    Jun 30,   Jun 30, Jun 30, Jun 30,</p>
<p>					 1997	1996    1997    1996</p>
<p> Total revenues		 $ 18,544 $ 15,095$ 35,344$ 28,211</p>
<p>Operating costs and expenses:</p>
<p>   Cost of goods sold	    9,559    8,363  18,689  16,291</p>
<p>Research, development and</p>
<p>    engineering		    3,257    2,660   5,800   5,149</p>
<p>Selling, general and</p>
<p>    administrative		 3,332    2,809   6,758   5,205</p>
<p>Total operating costs and</p>
<p>    expenses			16,148   13,832  31,247  26,645</p>
<p>   Income from operations	2,396    1,263   4,097   1,566</p>
<p> Other income, net		   508	720   1,048   1,375</p>
<p>   Income before income taxes  2,904    1,983   5,145   2,941</p>
<p> Income tax expense		  638	119   1,112     167</p>
<p>   Net income			2,266    1,864   4,033   2,774</p>
<p>Per share data:</p>
<p>  Net income			  0.25     0.21    0.44    0.32</p>
<p>  Weighted average shares	9,185    8,769   9,157   8,696</p>
</text>
<copyright>(c) Reuters Limited 1997</copyright>
<metadata>
<codes class="bip:countries:1.0">
  <code code="USA">
    <editdetail attribution="Reuters BIP Coding Group" action="confirmed" date="1997-07-16"/>
  </code>
</codes>
<codes class="bip:industries:1.0">
  <code code="I34531">
    <editdetail attribution="Reuters BIP Coding Group" action="confirmed" date="1997-07-16"/>
  </code>
</codes>
<codes class="bip:topics:1.0">
  <code code="C15">
    <editdetail attribution="Reuters BIP Coding Group" action="confirmed" date="1997-07-16"/>
  </code>
  <code code="C151">
    <editdetail attribution="Reuters BIP Coding Group" action="confirmed" date="1997-07-16"/>
  </code>
  <code code="CCAT">
    <editdetail attribution="Reuters BIP Coding Group" action="confirmed" date="1997-07-16"/>
  </code>
</codes>
<dc element="dc.date.created" value="1997-07-16"/>
<dc element="dc.publisher" value="Reuters Holdings Plc"/>
<dc element="dc.date.published" value="1997-07-16"/>
<dc element="dc.source" value="Reuters"/>
<dc element="dc.creator.location" value="HILLSBORO, Ore."/>
<dc element="dc.creator.location.country.name" value="USA"/>
<dc element="dc.source" value="Reuters"/>
</metadata>
</newsitem>
