<?xml version="1.0" encoding="iso-8859-1" ?>
<newsitem itemid="603415" id="root" date="1997-05-21" xml:lang="en">
<title>JAPAN: Iriso Electronics -96/97 group forecast.</title>
<headline>Iriso Electronics -96/97 group forecast.</headline>
<dateline>TOKYO 1997-05-21</dateline>
<text>
<p>Year to March 31, 1997</p>
<p>		   (in billions of yen unless specified)</p>
<p>			   LATEST	    PREVIOUS	   ACTUAL</p>
<p> (Group)		FORECAST	   FORECAST	  YEAR-AGO</p>
<p> Sales		 10.40		10.40		10.29</p>
<p> Current	  prft 120 million  loss 200    million     prft 396 million</p>
<p> Net	   loss 630    million  loss 520    million	prft 87 million</p>
<p>NOTE - Iriso Electronics Co Ltd manufactures mainly pins and multi-faceted connectors for electronic equipment.</p>
</text>
<copyright>(c) Reuters Limited 1997</copyright>
<metadata>
<codes class="bip:countries:1.0">
  <code code="JAP">
    <editdetail attribution="Reuters BIP Coding Group" action="confirmed" date="1997-05-21"/>
  </code>
</codes>
<codes class="bip:industries:1.0">
  <code code="I34200">
    <editdetail attribution="Reuters BIP Coding Group" action="confirmed" date="1997-05-21"/>
  </code>
</codes>
<codes class="bip:topics:1.0">
  <code code="C15">
    <editdetail attribution="Reuters BIP Coding Group" action="confirmed" date="1997-05-21"/>
  </code>
  <code code="C152">
    <editdetail attribution="Reuters BIP Coding Group" action="confirmed" date="1997-05-21"/>
  </code>
  <code code="CCAT">
    <editdetail attribution="Reuters BIP Coding Group" action="confirmed" date="1997-05-21"/>
  </code>
</codes>
<dc element="dc.date.created" value="1997-05-21"/>
<dc element="dc.publisher" value="Reuters Holdings Plc"/>
<dc element="dc.date.published" value="1997-05-21"/>
<dc element="dc.source" value="Reuters"/>
<dc element="dc.creator.location" value="TOKYO"/>
<dc element="dc.creator.location.country.name" value="JAPAN"/>
<dc element="dc.source" value="Reuters"/>
</metadata>
</newsitem>
