<?xml version="1.0" encoding="iso-8859-1" ?>
<newsitem itemid="381523" id="root" date="1997-02-17" xml:lang="en">
<title>USA: American General names VALIC vice chairman.</title>
<headline>American General names VALIC vice chairman.</headline>
<dateline>HOUSTON 1997-02-17</dateline>
<text>
<p>American General Corp said Craig Rodby has been named vice chairman of VALIC, its Houston-based retirement services subsidiary.</p>
<p>In this newly created position, Rodby joins VALIC chairman and chief executive Stephen Bickel and president Thomas West Jr, American General said.</p>
<p>Rodby's business career includes 25 years of service with ReliaStar Financial Corp, where he held a variety of senior management positions in the company's life insurance operations.</p>
</text>
<copyright>(c) Reuters Limited 1997</copyright>
<metadata>
<codes class="bip:countries:1.0">
  <code code="USA">
    <editdetail attribution="Reuters BIP Coding Group" action="confirmed" date="1997-02-17"/>
  </code>
</codes>
<codes class="bip:industries:1.0">
  <code code="I82001">
    <editdetail attribution="Reuters BIP Coding Group" action="confirmed" date="1997-02-17"/>
  </code>
</codes>
<codes class="bip:topics:1.0">
  <code code="C41">
    <editdetail attribution="Reuters BIP Coding Group" action="confirmed" date="1997-02-17"/>
  </code>
  <code code="C411">
    <editdetail attribution="Reuters BIP Coding Group" action="confirmed" date="1997-02-17"/>
  </code>
  <code code="CCAT">
    <editdetail attribution="Reuters BIP Coding Group" action="confirmed" date="1997-02-17"/>
  </code>
</codes>
<dc element="dc.date.created" value="1997-02-17"/>
<dc element="dc.publisher" value="Reuters Holdings Plc"/>
<dc element="dc.date.published" value="1997-02-17"/>
<dc element="dc.source" value="Reuters"/>
<dc element="dc.creator.location" value="HOUSTON"/>
<dc element="dc.creator.location.country.name" value="USA"/>
<dc element="dc.source" value="Reuters"/>
</metadata>
</newsitem>
