<?xml version="1.0" encoding="iso-8859-1" ?>
<newsitem itemid="482833" id="root" date="1997-04-02" xml:lang="en">
<title>UK: Rabobank sets $250 mln three-year bond.</title>
<headline>Rabobank sets $250 mln three-year bond.</headline>
<dateline>LONDON 1997-04-02</dateline>
<text>
<p>The following bond was announced by joint lead managers Nikko and Rabobank.</p>
<p> BORROWER   RABOBANK NEDERLAND BA</p>
<p> AMT    $250 MLN	COUPON     6.625     MATURITY    28.APR.00</p>
<p> TYPE	 STRAIGHT  ISS PRICE  101.0625  PAY DATE    28.APR.97</p>
<p> FULL FEES  1.375     REOFFER    99.875    SPREAD	+2 BP</p>
<p> MOODY	AAA	 LISTING    LUX	 PAY FREQ    =</p>
<p> S&amp;P	  AAA	 DENOMS (K) 1-10-100  SALE LIMITS US/UK/NL</p>
<p> NEG PLG    YES	 CRS DEFLT  YES	 FORCE MAJ   IPMA 2</p>
<p> GOV LAW    NETHS     HOME CTRY  =	   TAX PROVS   STANDARD</p>
<p> MGT/UND    0.1875    SELL CONC  1.1875    PRAECIPUUM  =</p>
<p> UNDERLYING GOVT BOND THREE-YEAR U.S. TREASURY</p>
<p> NOTES	ISSUED OFF THE EMTN PROGRAMME</p>
<p>-- London Newsroom +44 171 542 7658</p>
</text>
<copyright>(c) Reuters Limited 1997</copyright>
<metadata>
<codes class="bip:countries:1.0">
  <code code="NETH">
    <editdetail attribution="Reuters BIP Coding Group" action="confirmed" date="1997-04-02"/>
  </code>
  <code code="UK">
    <editdetail attribution="Reuters BIP Coding Group" action="confirmed" date="1997-04-02"/>
  </code>
</codes>
<codes class="bip:industries:1.0">
  <code code="I81402">
    <editdetail attribution="Reuters BIP Coding Group" action="confirmed" date="1997-04-02"/>
  </code>
</codes>
<codes class="bip:topics:1.0">
  <code code="C17">
    <editdetail attribution="Reuters BIP Coding Group" action="confirmed" date="1997-04-02"/>
  </code>
  <code code="C172">
    <editdetail attribution="Reuters BIP Coding Group" action="confirmed" date="1997-04-02"/>
  </code>
  <code code="CCAT">
    <editdetail attribution="Reuters BIP Coding Group" action="confirmed" date="1997-04-02"/>
  </code>
</codes>
<dc element="dc.date.created" value="1997-04-02"/>
<dc element="dc.publisher" value="Reuters Holdings Plc"/>
<dc element="dc.date.published" value="1997-04-02"/>
<dc element="dc.source" value="Reuters"/>
<dc element="dc.creator.location" value="LONDON"/>
<dc element="dc.creator.location.country.name" value="UK"/>
<dc element="dc.source" value="Reuters"/>
</metadata>
</newsitem>
