<?xml version="1.0" encoding="iso-8859-1" ?>
<newsitem itemid="752775" id="root" date="1997-07-24" xml:lang="en">
<title>AUSTRALIA: INDICATORS-Latest Australian monthly statistics.</title>
<headline>INDICATORS-Latest Australian monthly statistics.</headline>
<dateline>SYDNEY 1996-07-25</dateline>
<text>
<p>Latest Australian monthly economic data.</p>
<p>				  MONTHLY STATISTICS</p>
<p>				  Period  Latest  Prev1  Prev2    Next</p>
<p>Balance of Goods and Services (s/adj, A$ million current prices)</p>
<p>	 G&amp;S Balance	   May    +873    +182    -129   Jul 29</p>
<p>	 Trade Balance	 May    +804     +15    -220   Jul 29</p>
<p>	 Services Balance    May     +69    +167     +91   Jul 29</p>
<p>Merchandise Exports (s/adj, m/m pct)</p>
<p>	 Exports (m/m pct)   May    +6.3    +6.9    -9.0   Jul 29</p>
<p>	 Exports (y/y pct)   May   +14.7    +4.4    -0.8   Jul 29</p>
<p>	 Rural (m/m pct)     May    +0.3    +7.9   -11.1   Jul 29</p>
<p>	 Non-Rural (m/m pct) May    +8.8    +6.5    -8.1   Jul 29</p>
<p>Merchandise Imports (s/adj, m/m pct)</p>
<p>	 Total		   May    -5.4    +3.1    -4.5   Jul 29</p>
<p>	 Total (y/y pct)     May    -1.2    +2.5    +3.7   Jul 29</p>
<p>	 Consumer		May    -2.5    +2.8    -6.2   Jul 29</p>
<p>	 Capital		 May   -12.6   +10.6    +1.9   Jul 29</p>
<p>	 Intermediate	  May    -3.0    -0.5    -6.4   Jul 29</p>
<p>Labour Force (s/adj)</p>
<p>	 Employment (000)    Jun   +11.9   -40.3   +37.1   Aug 07</p>
<p>	 - full time (000)   Jun   -16.9   -23.1   +28.4   Aug 07</p>
<p>	 - part time (000)   Jun   +28.9   -17.3    +8.7   Aug 07</p>
<p>	 Unemployment (pct)  Jun     8.5     8.8     8.7   Aug 07</p>
<p>	 Participation rate  Jun    63.0    63.2    63.5   Aug 07</p>
<p>ANZ job advertisements</p>
<p>	 (s/adj, m/m pct)    Jun    +0.5    -7.3   +16.7   Aug 04</p>
<p>	 (s/adj, y/y pct)    Jun    +2.4    +2.2   +12.9   Aug 04</p>
<p>	 (trend, m/m pct)    Jun    +1.4    +2.1    +2.4   Aug 04</p>
<p>Building Approvals</p>
<p>	 (s/adj, m/m pct)    May    +2.2    -2.5    +1.8   Jul 30</p>
<p>	 (s/adj, y/y pct)    May   +14.8   +16.2   +18.5   Jul 30</p>
<p>	 (trend, m/m pct)    May    +0.1    +0.5    +1.1   Jul 30</p>
<p>Housing finance for owner occupation (pct)</p>
<p>	 Total (s/adj, m/m)  May    -8.4   +12.2    -1.5   Aug 08</p>
<p>	 Total (s/adj, y/y)  May    +7.2   +15.6    +0.5   Aug 08</p>
<p>	 Total (trend, m/m)  May    +0.5   +0.4     +0.3   Aug 08</p>
<p>Retail Trade (current prices)</p>
<p>	 Total (s/adj, m/m)  May    +2.9    -1.7    -0.3   Jul 31</p>
<p>	 Total (s/adj, y/y)  May    +3.9    +1.5    +2.7   Jul 31</p>
<p>	 Total (trend, m/m)  May    +0.4    +0.4    +0.5   Jul 31</p>
<p>New Motor Vehicles registrations</p>
<p>	 Total (s/adj, m/m)  May    -0.7    -6.1    +1.3   Jul 25</p>
<p>	 Total (s/adj, y/y)  May    +5.7    +1.9   +10.9   Jul 25</p>
<p>	 Total (trend, m/m)  May    -0.4    +0.2    +0.7   Jul 25</p>
<p>Westpac/Melbourne Institute Consumer Sentiment</p>
<p>	 Index level	   Jul    101.1  100.0   102.5   n/a</p>
<p>	 Pct change(m/m)     Jul     +1.1   -2.4    -2.8   n/a</p>
<p>	 Points change(m/m)  Jul     +1.1   -2.5    -2.9   n/a</p>
<p>Westpac/Melbourne Institute Leading Index</p>
<p>	 Pct change(m/m)     May    +1.3    +1.8    -1.0   n/a</p>
<p>	 Points change(m/m)  May    +2.0    +2.9    -1.5   n/a</p>
<p>Private Sector Credit</p>
<p>	 Credit (m/m, s/adj) May    +1.0    +1.0    +0.7   Aug 15</p>
<p>	 Credit (y/y, s/adj) May   +10.1    +9.5    +9.5   Aug 15</p>
<p>Manufacturing Input Prices</p>
<p>	 Price Index (m/m)   May    +0.5    -0.5    -1.5   Aug 15</p>
<p>	 Price Index (y/y)   May    -2.9    -3.8    -3.3   Aug 15</p>
<p>Manufacturing Output Prices</p>
<p>	 Price Index (m/m)   May    +0.2    -0.2    -0.1   Aug 12</p>
<p>	 Price Index (y/y)   May    +0.8    +0.6    +0.7   Aug 12</p>
<p>Export Prices</p>
<p>	 Price Index (m/m)   May    +0.7    +0.8    -1.4   Aug 15</p>
<p>	 Price Index (y/y)   May    -0.3    -1.6    -3.8   Aug 15</p>
<p>Import Prices </p>
<p>	 Price Index (m/m)   May    +0.1    +0.1    -2.0   Aug 15</p>
<p>	 Price Index (y/y)   May    -2.6    -4.1    -5.6   Aug 15</p>
<p>RBA Commodity Price Index</p>
<p>	 $AUD Index Level    Jun    +1.0    +1.7    +0.9   Aug 01</p>
<p>	 SDR Index Level     Jun    -2.3    +0.4     0.0   Aug 01</p>
<p>	 $US Index Level     Jun    -1.8    +1.2    -0.3   Aug 01</p>
<p>-- Sydney Newsroom 61-2 9373-1800 (Fax 61-2 9262-4727)</p>
</text>
<copyright>(c) Reuters Limited 1997</copyright>
<metadata>
<codes class="bip:countries:1.0">
  <code code="AUSTR">
    <editdetail attribution="Reuters BIP Coding Group" action="confirmed" date="1997-07-24"/>
  </code>
</codes>
<codes class="bip:topics:1.0">
  <code code="E71">
    <editdetail attribution="Reuters BIP Coding Group" action="confirmed" date="1997-07-24"/>
  </code>
  <code code="ECAT">
    <editdetail attribution="Reuters BIP Coding Group" action="confirmed" date="1997-07-24"/>
  </code>
</codes>
<dc element="dc.date.created" value="1996-07-25"/>
<dc element="dc.publisher" value="Reuters Holdings Plc"/>
<dc element="dc.date.published" value="1997-07-24"/>
<dc element="dc.source" value="Reuters"/>
<dc element="dc.creator.location" value="SYDNEY"/>
<dc element="dc.creator.location.country.name" value="AUSTRALIA"/>
<dc element="dc.source" value="Reuters"/>
</metadata>
</newsitem>
