<?xml version="1.0" encoding="iso-8859-1" ?>
<newsitem itemid="319179" id="root" date="1997-01-20" xml:lang="en">
<title>USA: Willamette Industries Inc Q4 net falls.</title>
<headline>Willamette Industries Inc Q4 net falls.</headline>
<dateline>PORTLAND, Ore. 1997-01-20</dateline>
<text>
<p>1996		     1995</p>
<p>  Share Earns	  $	   0.50 (a)  $	   2.37</p>
<p>  Sales		  $  837,595,000	$  949,970,000</p>
<p>  Earnings Bef Taxes $   39,064,000	$  199,194,000</p>
<p>    Net Earnings     $   27,333,000	$  130,669,000</p>
<p>Avg Shrs Outstanding     55,331,000	    55,263,000</p>
<p>	 Year</p>
<p>Share Earns	  $	   3.48	$	   9.34</p>
<p>Sales		  $3,425,173,000	$3,873,575,000</p>
<p>Earnings Bef Taxes $  306,086,000	$  823,804,000</p>
<p>   Net Earnings    $  192,086,000	$  514,804,000</p>
<p>Avg Shrs Outstanding   55,268,000	    55,146,000</p>
<p>(a) Includes $.05 per share gain related to an adjustment of income tax expense.</p>
</text>
<copyright>(c) Reuters Limited 1997</copyright>
<metadata>
<codes class="bip:countries:1.0">
  <code code="USA">
    <editdetail attribution="Reuters BIP Coding Group" action="confirmed" date="1997-01-20"/>
  </code>
</codes>
<codes class="bip:industries:1.0">
  <code code="I47000">
    <editdetail attribution="Reuters BIP Coding Group" action="confirmed" date="1997-01-20"/>
  </code>
</codes>
<codes class="bip:topics:1.0">
  <code code="C15">
    <editdetail attribution="Reuters BIP Coding Group" action="confirmed" date="1997-01-20"/>
  </code>
  <code code="C151">
    <editdetail attribution="Reuters BIP Coding Group" action="confirmed" date="1997-01-20"/>
  </code>
  <code code="C1511">
    <editdetail attribution="Reuters BIP Coding Group" action="confirmed" date="1997-01-20"/>
  </code>
  <code code="CCAT">
    <editdetail attribution="Reuters BIP Coding Group" action="confirmed" date="1997-01-20"/>
  </code>
</codes>
<dc element="dc.date.created" value="1997-01-20"/>
<dc element="dc.publisher" value="Reuters Holdings Plc"/>
<dc element="dc.date.published" value="1997-01-20"/>
<dc element="dc.source" value="Reuters"/>
<dc element="dc.creator.location" value="PORTLAND, Ore."/>
<dc element="dc.creator.location.country.name" value="USA"/>
<dc element="dc.source" value="Reuters"/>
</metadata>
</newsitem>
