<?xml version="1.0" encoding="iso-8859-1" ?>
<newsitem itemid="441388" id="root" date="1997-03-13" xml:lang="en">
<title>SINGAPORE: Taiwan buys Apr/May low sulphur fuel at $115-135/T.</title>
<headline>Taiwan buys Apr/May low sulphur fuel at $115-135/T.</headline>
<dateline>SINGAPORE 1997-03-13</dateline>
<text>
<p>Taiwan's state-owned Chinese Petroleum Corp (CPC) has bought more than two 38,000-tonne cargoes of low sulphur low pour fuel oil for April and May delivery, a company official said on Thursday.</p>
<p>CPC bought one cargo of 1.0-percent low sulphur fuel oil at $115-$116 per tonne for delivery around May 10-20.</p>
<p>It also bought more than one cargo of 0.5-percent low sulphur fuel oil at $130-$135 per tonne for delivery April 16-30, the official said.</p>
<p>The cargoes are bought on a cost-and-freight (c-and-f) basis to Keelung, Taichung, Kaohsiung or Shenao.  </p>
<p>In its last tender, CPC bought more than one cargo of 38,000-tonne 0.5 percent low sulphur fuel oil at $136-$139 per tonne.</p>
<p>-- Singapore Newsroom (65+870 3571)</p>
</text>
<copyright>(c) Reuters Limited 1997</copyright>
<metadata>
<codes class="bip:countries:1.0">
  <code code="SINGP">
    <editdetail attribution="Reuters BIP Coding Group" action="confirmed" date="1997-03-13"/>
  </code>
  <code code="TAIWAN">
    <editdetail attribution="Reuters BIP Coding Group" action="confirmed" date="1997-03-13"/>
  </code>
</codes>
<codes class="bip:topics:1.0">
  <code code="M14">
    <editdetail attribution="Reuters BIP Coding Group" action="confirmed" date="1997-03-13"/>
  </code>
  <code code="M143">
    <editdetail attribution="Reuters BIP Coding Group" action="confirmed" date="1997-03-13"/>
  </code>
  <code code="MCAT">
    <editdetail attribution="Reuters BIP Coding Group" action="confirmed" date="1997-03-13"/>
  </code>
</codes>
<dc element="dc.date.created" value="1997-03-13"/>
<dc element="dc.publisher" value="Reuters Holdings Plc"/>
<dc element="dc.date.published" value="1997-03-13"/>
<dc element="dc.source" value="Reuters"/>
<dc element="dc.creator.location" value="SINGAPORE"/>
<dc element="dc.creator.location.country.name" value="SINGAPORE"/>
<dc element="dc.source" value="Reuters"/>
</metadata>
</newsitem>
