<?xml version="1.0" encoding="iso-8859-1" ?>
<newsitem itemid="17939" id="root" date="1996-08-27" xml:lang="en">
<title>PHILIPPINES: SM buys Tagaytay lot from affiliate.</title>
<headline>SM buys Tagaytay lot from affiliate.</headline>
<dateline>MANILA 1996-08-27</dateline>
<text>
<p>SM Development Corp said on Tuesday its board had confirmed a purchase of a 31,498 square metre lot in the hillside resort city of Tagaytay from its affiliate, SM Investment Corp.</p>
<p>Corporate secretary Emmanuel Paras said the land was bought at 9,600 per square metre.</p>
<p>- Manila newsroom 63 2 8418938 Fax 8176267</p>
</text>
<copyright>(c) Reuters Limited 1996</copyright>
<metadata>
<codes class="bip:countries:1.0">
  <code code="PHLNS">
    <editdetail attribution="Reuters BIP Coding Group" action="confirmed" date="1996-08-27"/>
  </code>
</codes>
<codes class="bip:topics:1.0">
  <code code="C18">
    <editdetail attribution="Reuters BIP Coding Group" action="confirmed" date="1996-08-27"/>
  </code>
  <code code="C182">
    <editdetail attribution="Reuters BIP Coding Group" action="confirmed" date="1996-08-27"/>
  </code>
  <code code="CCAT">
    <editdetail attribution="Reuters BIP Coding Group" action="confirmed" date="1996-08-27"/>
  </code>
</codes>
<dc element="dc.date.created" value="1996-08-27"/>
<dc element="dc.publisher" value="Reuters Holdings Plc"/>
<dc element="dc.date.published" value="1996-08-27"/>
<dc element="dc.source" value="Reuters"/>
<dc element="dc.creator.location" value="MANILA"/>
<dc element="dc.creator.location.country.name" value="PHILIPPINES"/>
<dc element="dc.source" value="Reuters"/>
</metadata>
</newsitem>
