<?xml version="1.0" encoding="iso-8859-1" ?>
<newsitem itemid="18554" id="root" date="1996-08-28" xml:lang="en">
<title>GERMANY: Kohl - Euro must be launched without compromise.</title>
<headline>Kohl - Euro must be launched without compromise.</headline>
<dateline>FRANKFURT 1996-08-28</dateline>
<text>
<p>German chancellor Helmut Kohl said on Wednesday that Europe's planned common currency must be introduced but that the launch must not be the result of political compromise.</p>
<p>Speaking at a private celebration in honour of Bundesbank President Hans Tietmeyer's 65th birthday, Kohl said, &quot;The Euro must come but there should be no feeble compromises.&quot;</p>
<p>Kohl's comments were summarised to news agencies by a Bundesbank spokesman in a telephone conference.</p>
<p>The spokesman also quoted Tietmeyer as saying he backed European integration but warning that the basis must be right.  </p>
<p>&quot;I wholeheartedly back the integration, but the foundations must be the right ones,&quot; Tietmeyer was quoted as saying.</p>
<p>To secure the durability of the currency union, scheduled to begin with member nations which meet a list of entry criteria on January 1, 1999, Tietmeyer urged that an additional set of rules enforcing fiscal austerity be adopted.</p>
<p>&quot;I hope the stability pact will become a basis for the currency union,&quot; Tietmeyer said, adding such a set of rules, seeking to punish nations which stray in fiscal matters, would enhance the union's credibility among markets and citizens.</p>
<p>European Economic and Monetary Union is set to start on January 1, 1999.</p>
</text>
<copyright>(c) Reuters Limited 1996</copyright>
<metadata>
<codes class="bip:countries:1.0">
  <code code="GFR">
    <editdetail attribution="Reuters BIP Coding Group" action="confirmed" date="1996-08-28"/>
  </code>
</codes>
<codes class="bip:topics:1.0">
  <code code="E12">
    <editdetail attribution="Reuters BIP Coding Group" action="confirmed" date="1996-08-28"/>
  </code>
  <code code="ECAT">
    <editdetail attribution="Reuters BIP Coding Group" action="confirmed" date="1996-08-28"/>
  </code>
  <code code="G15">
    <editdetail attribution="Reuters BIP Coding Group" action="confirmed" date="1996-08-28"/>
  </code>
  <code code="G151">
    <editdetail attribution="Reuters BIP Coding Group" action="confirmed" date="1996-08-28"/>
  </code>
  <code code="G154">
    <editdetail attribution="Reuters BIP Coding Group" action="confirmed" date="1996-08-28"/>
  </code>
  <code code="GCAT">
    <editdetail attribution="Reuters BIP Coding Group" action="confirmed" date="1996-08-28"/>
  </code>
  <code code="GPOL">
    <editdetail attribution="Reuters BIP Coding Group" action="confirmed" date="1996-08-28"/>
  </code>
  <code code="M13">
    <editdetail attribution="Reuters BIP Coding Group" action="confirmed" date="1996-08-28"/>
  </code>
  <code code="M132">
    <editdetail attribution="Reuters BIP Coding Group" action="confirmed" date="1996-08-28"/>
  </code>
  <code code="MCAT">
    <editdetail attribution="Reuters BIP Coding Group" action="confirmed" date="1996-08-28"/>
  </code>
</codes>
<dc element="dc.date.created" value="1996-08-28"/>
<dc element="dc.publisher" value="Reuters Holdings Plc"/>
<dc element="dc.date.published" value="1996-08-28"/>
<dc element="dc.source" value="Reuters"/>
<dc element="dc.creator.location" value="FRANKFURT"/>
<dc element="dc.creator.location.country.name" value="GERMANY"/>
<dc element="dc.source" value="Reuters"/>
</metadata>
</newsitem>
