<?xml version="1.0" encoding="iso-8859-1" ?>
<newsitem itemid="275181" id="root" date="1996-12-24" xml:lang="en">
<title>USA: BALANCE - Averill Park CSD, N.Y., $2,065 mln.</title>
<headline>BALANCE - Averill Park CSD, N.Y., $2,065 mln.</headline>
<text>
<p>AVERILL PARK CENTRAL SCHOOL DISTRICT</p>
<p>RE: $13,000,000</p>
<p>RENSSELAER COUNTY, NEW YORK</p>
<p>GENERAL OBLIGATIONS</p>
<p>    MOODY'S: Aaa		   S&amp;P: NR</p>
<p>		 UND BAA1</p>
<p>Delivery Date: 01/02/1997 FSA INSURED</p>
<p>Maturity	   Balance     Coupon    List</p>
<p>06/15/2000	     210M    4.875	 4.35</p>
<p>06/15/2003	     920M    4.875	 4.70</p>
<p>06/15/2004	     935M    4.875	 4.80</p>
<p>  Total:	     2,065M</p>
<p>Merrill Lynch &amp; Co.</p>
<p>Smith Barney Inc.</p>
<p>Roosevelt &amp; Cross, Inc.</p>
<p>Prudential Securities Incorporated</p>
<p>BNY Capital Markets, Inc. a subsidiary of The Bank of New York Co.</p>
<p>A.G. Edwards &amp; Sons, Inc.</p>
<p>Advest, Inc.</p>
<p>Samuel A. Ramirez &amp; Company, Inc.</p>
<p>--U.S. Municipal, 212-859-1650</p>
</text>
<copyright>(c) Reuters Limited 1996</copyright>
<metadata>
<codes class="bip:countries:1.0">
  <code code="USA">
    <editdetail attribution="Reuters BIP Coding Group" action="confirmed" date="1996-12-24"/>
  </code>
</codes>
<codes class="bip:topics:1.0">
  <code code="E21">
    <editdetail attribution="Reuters BIP Coding Group" action="confirmed" date="1996-12-24"/>
  </code>
  <code code="E212">
    <editdetail attribution="Reuters BIP Coding Group" action="confirmed" date="1996-12-24"/>
  </code>
  <code code="ECAT">
    <editdetail attribution="Reuters BIP Coding Group" action="confirmed" date="1996-12-24"/>
  </code>
</codes>
<dc element="dc.publisher" value="Reuters Holdings Plc"/>
<dc element="dc.date.published" value="1996-12-24"/>
<dc element="dc.source" value="Reuters"/>
<dc element="dc.creator.location.country.name" value="USA"/>
<dc element="dc.source" value="Reuters"/>
</metadata>
</newsitem>
