<?xml version="1.0" encoding="iso-8859-1" ?>
<newsitem itemid="84981" id="root" date="1996-09-30" xml:lang="en">
<title>BRAZIL: Brazil net dollar inflows at $236.2 mln Sept 27.</title>
<headline>Brazil net dollar inflows at $236.2 mln Sept 27.</headline>
<dateline>SAO PAULO 1996-09-30</dateline>
<text>
<p>Preliminary figures for Brazil's commercial and financial foreign exchange contracts showed a $236.2 million surplus on Sept. 27 in the commercial forex market, according to Central Bank data supplied to banks.</p>
<p>A banker with access to the figures said the central bank issued the following breakdown.</p>
<p>DOLLAR FLOWS ON SEPTEMBER 27</p>
<p>Exports: $249.1 million</p>
<p>Imports: $150.8 million</p>
<p>Financial buy: $340 million</p>
<p>Financial sell: $202.1 million</p>
<p>Surplus: $236.2 million</p>
<p>SEPTEMBER DOLLAR FLOWS UP TO DATE</p>
<p>Exports: $4.198 billion</p>
<p>Imports: $3.290 billion</p>
<p>Financial buy: $3.798 billion</p>
<p>Financial sell: $3.939 billion</p>
<p>Net surplus: $767 million</p>
<p>Note: the figures were rounded off.</p>
<p>-- Alexandre Caverni, Sao Paulo newsroom, 55-11-2324411</p>
</text>
<copyright>(c) Reuters Limited 1996</copyright>
<metadata>
<codes class="bip:countries:1.0">
  <code code="BRAZ">
    <editdetail attribution="Reuters BIP Coding Group" action="confirmed" date="1996-09-30"/>
  </code>
</codes>
<codes class="bip:topics:1.0">
  <code code="M13">
    <editdetail attribution="Reuters BIP Coding Group" action="confirmed" date="1996-09-30"/>
  </code>
  <code code="M132">
    <editdetail attribution="Reuters BIP Coding Group" action="confirmed" date="1996-09-30"/>
  </code>
  <code code="MCAT">
    <editdetail attribution="Reuters BIP Coding Group" action="confirmed" date="1996-09-30"/>
  </code>
</codes>
<dc element="dc.date.created" value="1996-09-30"/>
<dc element="dc.publisher" value="Reuters Holdings Plc"/>
<dc element="dc.date.published" value="1996-09-30"/>
<dc element="dc.source" value="Reuters"/>
<dc element="dc.creator.location" value="SAO PAULO"/>
<dc element="dc.creator.location.country.name" value="BRAZIL"/>
<dc element="dc.source" value="Reuters"/>
</metadata>
</newsitem>
