<?xml version="1.0" encoding="iso-8859-1" ?>
<newsitem itemid="188601" id="root" date="1996-11-14" xml:lang="en">
<title>NIGERIA: Nigeria to set up oil spillage tribunal.</title>
<headline>Nigeria to set up oil spillage tribunal.</headline>
<dateline>LAGOS, Nigeria 1996-11-14</dateline>
<text>
<p>Nigeria's military government is to set up a tribunal for the speedy settlement of compensation cases relating to oil spillages, a senior oil ministry official said.</p>
<p>Wilson Dublin-Green, director of petroleum resources, told reporters in Lagos on Wednesday that the tribunal would have reputable legal experts and would determine the amount of compensation to be paid for any damage to the environment.</p>
<p>Oil spills are common in Nigeria where multinational companies accuse communities in oil-producing areas of damaging their pipelines in order to claim compensation.</p>
<p>The communities in turn accuse the companies of failing to replace ageing flowlines and pipelines responsible for the spills.</p>
<p>Dublin-Green said until now environmental pollution cases were handled by magistrates' courts.</p>
<p>A committee would also be set up to determine guidelines for assessing the level of damage caused by oil pollution and establish levels of compensation, he added.</p>
<p>&quot;The tribunal will use the government-approved rates for the speedy resolution of such cases referred to it.&quot;</p>
<p>Nigeria's number two, General Oladipo Diya, will next week in the oil city of Port-Harcourt launch a national oil spill contingency plan aimed at giving adequate protection to the environment, he said.</p>
<p>-- Lagos newsroom + 234 1 263 03 17</p>
</text>
<copyright>(c) Reuters Limited 1996</copyright>
<metadata>
<codes class="bip:countries:1.0">
  <code code="NIGEA">
    <editdetail attribution="Reuters BIP Coding Group" action="confirmed" date="1996-11-14"/>
  </code>
</codes>
<codes class="bip:industries:1.0">
  <code code="I13000">
    <editdetail attribution="Reuters BIP Coding Group" action="confirmed" date="1996-11-14"/>
  </code>
</codes>
<codes class="bip:topics:1.0">
  <code code="C12">
    <editdetail attribution="Reuters BIP Coding Group" action="confirmed" date="1996-11-14"/>
  </code>
  <code code="C13">
    <editdetail attribution="Reuters BIP Coding Group" action="confirmed" date="1996-11-14"/>
  </code>
  <code code="C24">
    <editdetail attribution="Reuters BIP Coding Group" action="confirmed" date="1996-11-14"/>
  </code>
  <code code="CCAT">
    <editdetail attribution="Reuters BIP Coding Group" action="confirmed" date="1996-11-14"/>
  </code>
  <code code="GCAT">
    <editdetail attribution="Reuters BIP Coding Group" action="confirmed" date="1996-11-14"/>
  </code>
  <code code="GCRIM">
    <editdetail attribution="Reuters BIP Coding Group" action="confirmed" date="1996-11-14"/>
  </code>
  <code code="GENV">
    <editdetail attribution="Reuters BIP Coding Group" action="confirmed" date="1996-11-14"/>
  </code>
</codes>
<dc element="dc.date.created" value="1996-11-14"/>
<dc element="dc.publisher" value="Reuters Holdings Plc"/>
<dc element="dc.date.published" value="1996-11-14"/>
<dc element="dc.source" value="Reuters"/>
<dc element="dc.creator.location" value="LAGOS, Nigeria"/>
<dc element="dc.creator.location.country.name" value="NIGERIA"/>
<dc element="dc.source" value="Reuters"/>
</metadata>
</newsitem>
