<?xml version="1.0" encoding="iso-8859-1" ?>
<newsitem itemid="735171" id="root" date="1997-07-17" xml:lang="en">
<title>ESTONIA: ESTONIA - BALTIKA H1 NET PROFIT 5.9 MLN KROONS.</title>
<headline>ESTONIA - BALTIKA H1 NET PROFIT 5.9 MLN KROONS.</headline>
<dateline>TALLINN 1997-07-17</dateline>
<text>
<p>Estonian clothing company Baltika said on Thursday that its net profit was 5.9 million kroons in the first six months of the year, which it said was up 32 percent from the same period last year.</p>
<p>Baltika's net turnover was 108.8 million kroons, up 23 percent from the half-year results of 1996, it added in a statement.  </p>
<p>A substantial rise in turnover was achieved by increasing sales in the markets of Estonia, a rise of 101 percent, in the rest of the Baltics, 127 percent, and in Russia and Ukraine, up by 125.5 percent.</p>
<p>The six-month profit confirmed its expected 1997 profit figure of 16 million kroons, the company added.</p>
<p>-- Eva Palu, Tallinn newsroom, +372 6209 201,</p>
<p>reuters@reuters.ee</p>
</text>
<copyright>(c) Reuters Limited 1997</copyright>
<metadata>
<codes class="bip:countries:1.0">
  <code code="ESTNIA">
    <editdetail attribution="Reuters BIP Coding Group" action="confirmed" date="1997-07-17"/>
  </code>
</codes>
<codes class="bip:industries:1.0">
  <code code="I45300">
    <editdetail attribution="Reuters BIP Coding Group" action="confirmed" date="1997-07-17"/>
  </code>
</codes>
<codes class="bip:topics:1.0">
  <code code="C15">
    <editdetail attribution="Reuters BIP Coding Group" action="confirmed" date="1997-07-17"/>
  </code>
  <code code="C151">
    <editdetail attribution="Reuters BIP Coding Group" action="confirmed" date="1997-07-17"/>
  </code>
  <code code="CCAT">
    <editdetail attribution="Reuters BIP Coding Group" action="confirmed" date="1997-07-17"/>
  </code>
</codes>
<dc element="dc.date.created" value="1997-07-17"/>
<dc element="dc.publisher" value="Reuters Holdings Plc"/>
<dc element="dc.date.published" value="1997-07-17"/>
<dc element="dc.source" value="Reuters"/>
<dc element="dc.creator.location" value="TALLINN"/>
<dc element="dc.creator.location.country.name" value="ESTONIA"/>
<dc element="dc.source" value="Reuters"/>
</metadata>
</newsitem>
