<?xml version="1.0" encoding="iso-8859-1" ?>
<newsitem itemid="168170" id="root" date="1996-11-05" xml:lang="en">
<title>JAPAN: Sumitomo Chem, Wako Pure agree photoresist link.</title>
<headline>Sumitomo Chem, Wako Pure agree photoresist link.</headline>
<dateline>TOKYO 1996-11-05</dateline>
<text>
<p>Sumitomo Chemical Co Ltd and Wako Pure Chemicals Industries Ltd said on Tuesday they had agreed on a tie-up to produce a next-generation photoresist for highly integrated semiconductors.</p>
<p>Under the agreement, Wako Pure, a supplier of high purity chemicals for cleaning semiconductors, will license to Sumitomo Chemical its proprietary raw material technology for photoresist, the companies said in a joint statement.</p>
<p>Sumitomo Chemical will combine the licensed technology with its own to produce krypton fluoride photoresist for excimer laser lithography (KrF excimer photoresist), they said.</p>
<p>Photoresist is a key material used in semiconductor manufacturing</p>
<p>Sumitomo Chemical will develop a market for the product using the strong customer network it has established through its existing photoresist business, the firms said.</p>
</text>
<copyright>(c) Reuters Limited 1996</copyright>
<metadata>
<codes class="bip:countries:1.0">
  <code code="JAP">
    <editdetail attribution="Reuters BIP Coding Group" action="confirmed" date="1996-11-05"/>
  </code>
</codes>
<codes class="bip:industries:1.0">
  <code code="I25000">
    <editdetail attribution="Reuters BIP Coding Group" action="confirmed" date="1996-11-05"/>
  </code>
  <code code="I25700">
    <editdetail attribution="Reuters BIP Coding Group" action="confirmed" date="1996-11-05"/>
  </code>
</codes>
<codes class="bip:topics:1.0">
  <code code="C11">
    <editdetail attribution="Reuters BIP Coding Group" action="confirmed" date="1996-11-05"/>
  </code>
  <code code="C23">
    <editdetail attribution="Reuters BIP Coding Group" action="confirmed" date="1996-11-05"/>
  </code>
  <code code="CCAT">
    <editdetail attribution="Reuters BIP Coding Group" action="confirmed" date="1996-11-05"/>
  </code>
</codes>
<dc element="dc.date.created" value="1996-11-05"/>
<dc element="dc.publisher" value="Reuters Holdings Plc"/>
<dc element="dc.date.published" value="1996-11-05"/>
<dc element="dc.source" value="Reuters"/>
<dc element="dc.creator.location" value="TOKYO"/>
<dc element="dc.creator.location.country.name" value="JAPAN"/>
<dc element="dc.source" value="Reuters"/>
</metadata>
</newsitem>
