<?xml version="1.0" encoding="iso-8859-1" ?>
<newsitem itemid="294059" id="root" date="1997-01-08" xml:lang="en">
<title>PAKISTAN: Pakistan money rates high in cash-short market.</title>
<headline>Pakistan money rates high in cash-short market.</headline>
<dateline>KARACHI, Pakistan 1997-01-08</dateline>
<text>
<p>Pakistan's interbank money market rates remained at high levels on Wednesday amid a shortage of funds, dealers said.</p>
<p>One dealer said the liquidity squeeze had not deterred the State (central) Bank of Pakistan from conducting its weekly open market operation, but no details were available.</p>
<p>Rumours that seven billion rupees had been discounted on Tuesday prompted banks to borrow overnight funds at 20 percent, the dealer said. &quot;All trades were struck at this level with no questions asked,&quot; he added.</p>
<p>-- Ibrahim Khan 9221-5685192</p>
</text>
<copyright>(c) Reuters Limited 1997</copyright>
<metadata>
<codes class="bip:countries:1.0">
  <code code="PAKIS">
    <editdetail attribution="Reuters BIP Coding Group" action="confirmed" date="1997-01-08"/>
  </code>
</codes>
<codes class="bip:topics:1.0">
  <code code="M13">
    <editdetail attribution="Reuters BIP Coding Group" action="confirmed" date="1997-01-08"/>
  </code>
  <code code="M131">
    <editdetail attribution="Reuters BIP Coding Group" action="confirmed" date="1997-01-08"/>
  </code>
  <code code="MCAT">
    <editdetail attribution="Reuters BIP Coding Group" action="confirmed" date="1997-01-08"/>
  </code>
</codes>
<dc element="dc.date.created" value="1997-01-08"/>
<dc element="dc.publisher" value="Reuters Holdings Plc"/>
<dc element="dc.date.published" value="1997-01-08"/>
<dc element="dc.source" value="Reuters"/>
<dc element="dc.creator.location" value="KARACHI, Pakistan"/>
<dc element="dc.creator.location.country.name" value="PAKISTAN"/>
<dc element="dc.source" value="Reuters"/>
</metadata>
</newsitem>
