<?xml version="1.0" encoding="iso-8859-1" ?>
<newsitem itemid="114609" id="root" date="1996-10-14" xml:lang="en">
<title>INDIA: Bombay Stock Exchange settlement programme.</title>
<headline>Bombay Stock Exchange settlement programme.</headline>
<text>
<p>Particulars Settle-  Delivery    Period day     Pay-in/Pay-out</p>
<p>		ment No.   Day	 First/Last	    Day</p>
<p>---------------------------------------------------------------</p>
<p>Group A+B1   28	Oct 11    Sept 30/Oct 4    Oct 10/Oct 14</p>
<p>Securities   29	Oct 18    Oct  7/Oct 11    Oct 17/Oct 22</p>
<p>		 30	Oct 25    Oct 14/Oct 18    Oct 24/Oct 28</p>
<p>---------------------------------------------------------------</p>
<p>B-2 Group    17	Oct 11    Sept 30/Oct 4    Oct 10/Oct 14</p>
<p>Securities   18	Oct 18    Oct 7/Oct 11     Oct 17/Oct 22</p>
<p>Group A+B1   19	Oct 25    Oct 14/Oct 18    Oct 24/Oct 28</p>
<p>Securities</p>
<p>---------------------------------------------------------------</p>
<p>F-Group	05	  --	Oct 3/Oct 9	Oct 11/Oct 11</p>
<p>Securities   06	  --	Oct 10/Oct 16    Oct 18/Oct 18</p>
<p>-- Bombay newsroom +91-22-265 9000</p>
</text>
<copyright>(c) Reuters Limited 1996</copyright>
<metadata>
<codes class="bip:countries:1.0">
  <code code="INDIA">
    <editdetail attribution="Reuters BIP Coding Group" action="confirmed" date="1996-10-14"/>
  </code>
</codes>
<codes class="bip:topics:1.0">
  <code code="M11">
    <editdetail attribution="Reuters BIP Coding Group" action="confirmed" date="1996-10-14"/>
  </code>
  <code code="MCAT">
    <editdetail attribution="Reuters BIP Coding Group" action="confirmed" date="1996-10-14"/>
  </code>
</codes>
<dc element="dc.publisher" value="Reuters Holdings Plc"/>
<dc element="dc.date.published" value="1996-10-14"/>
<dc element="dc.source" value="Reuters"/>
<dc element="dc.creator.location.country.name" value="INDIA"/>
<dc element="dc.source" value="Reuters"/>
</metadata>
</newsitem>
