<?xml version="1.0" encoding="iso-8859-1" ?>
<newsitem itemid="462090" id="root" date="1997-03-23" xml:lang="en">
<title>AUSTRALIA: RTRS-Australian companies ex-div to April 4.</title>
<headline>RTRS-Australian companies ex-div to April 4.</headline>
<dateline>SYDNEY 1996-03-24</dateline>
<text>
<p>The following is a list of companies going ex-dividend to April 4, compiled from information supplied by the Australian Stock Exchange.</p>
<p>Monday, March 24</p>
<p>    Australian Vintage		 5.25 cents</p>
<p>    Avatar Industries		  4.0 cents</p>
<p>    KLZ Ltd				8.0 cents</p>
<p>    Pirelli Cables		     3.0 cents</p>
<p>    Singleton Group		    4.0 cents</p>
<p>Tuesday, March 25</p>
<p>    Central Norseman Gold	    1.5 cents</p>
<p>    Diversified United		 1.5 cents</p>
<p>    Fleetwood Corporation	    4.0 cents</p>
<p>    Futuris Corporation	     2.75 cents</p>
<p>    Goodman Fielder		    3.0 cents</p>
<p>    Gowing Brothers Ltd	     11.0 cents</p>
<p>    Gunns Ltd			    3.0 cents</p>
<p>    Maryborough Sugar Ltd	   10.0 cents</p>
<p>    National Foods		     3.0 cents</p>
<p>    News Corp			    1.5 cents</p>
<p>    News Corp			 3.75 cents</p>
<p>    Orogen Minerals		    3.0 toea</p>
<p>    Resolute Ltd			 1.0 cents</p>
<p>    Simsmetal			   14.0 cents</p>
<p>    Spotless group		     5.5 cents</p>
<p>    Spotless Services		  3.0 cents</p>
<p>    WMC Ltd				6.0 cents</p>
<p>Wednesday, March 26  </p>
<p>    Hills Industries		   3.1 cents</p>
<p>Thursday, March 27</p>
<p>    Ashton Mining			3.0 cents</p>
<p>    Australian United		  4.0 cents</p>
<p>Friday, March 28</p>
<p>Easter Friday, market holiday  </p>
<p>Monday, March 31</p>
<p>Easter Monday, market holiday</p>
<p>Tuesday, April 1</p>
<p>Australian National Industries  1.0 cents</p>
<p>    Boral Ltd			     7.5 cents</p>
<p>    Oil Search Ltd			1.0 toea</p>
<p>    Westralian Sands Ltd		9.0 cents</p>
<p>Wednesday, April 2  </p>
<p>    ARB Corp Ltd			  5.0 cents</p>
<p>    Australian Gas Light	     16.0 cents</p>
<p>    Boag (J.) &amp; Son		     1.0 cents</p>
<p>    Bounty Investments		  6.75 cents</p>
<p>    Brambles Industries		35.00 cents</p>
<p>    Buderim Ginger			5.00 cents</p>
<p>    Carlovers Carwash		   1.5 cents</p>
<p>    Cochlear Ltd			  5.0 cents</p>
<p>    McPherson's Ltd		     5.5 cents</p>
<p>    Olympus Resources		   2.0 cents</p>
<p>Thursday, April 3</p>
<p>    Australian Rural		    1.0 cents</p>
<p>Danks Holdings 20.0 cents</p>
<p>    Embelton Ltd			  2.0 cents</p>
<p>    Environmental Recovery	    2.25 cents</p>
<p>    Heine Management		    3.5 cents</p>
<p>    Mayne Nickless		     15.0 cents</p>
<p>    Monadelphous Group		  4.0 cents</p>
<p>Santos Ltd 13.0 cents  </p>
<p>    Scott Corp			    6.0 cents</p>
<p>    Seven Network			 4.5 cents</p>
<p>    Skilled Engineering		 5.5 cents</p>
<p>    Sons of Gwalia		     12.5 cents</p>
<p>    Walker Corp			   1.25 cents</p>
<p>    Yates (Arthur)			2.0 cents</p>
<p>Friday, April 4</p>
<p>    Bendigo Bank			 12.0 cents</p>
<p>    Grimwood David			1.0 cents</p>
<p>    National Can Industries	   5.0 cents</p>
<p>    OLS Asia Holdings		   4.44 cents</p>
<p>    QCT Resources Ltd		   5.0 cents</p>
<p>    Retail Services		     2.0 cents</p>
<p>    Siddons Ramset		     11.0 cents</p>
<p>-- Sydney Newsroom 61-2 9373-1800</p>
</text>
<copyright>(c) Reuters Limited 1997</copyright>
<metadata>
<codes class="bip:countries:1.0">
  <code code="AUSTR">
    <editdetail attribution="Reuters BIP Coding Group" action="confirmed" date="1997-03-23"/>
  </code>
</codes>
<codes class="bip:industries:1.0">
  <code code="I11000">
    <editdetail attribution="Reuters BIP Coding Group" action="confirmed" date="1997-03-23"/>
  </code>
  <code code="I13000">
    <editdetail attribution="Reuters BIP Coding Group" action="confirmed" date="1997-03-23"/>
  </code>
  <code code="I1300003">
    <editdetail attribution="Reuters BIP Coding Group" action="confirmed" date="1997-03-23"/>
  </code>
  <code code="I16200">
    <editdetail attribution="Reuters BIP Coding Group" action="confirmed" date="1997-03-23"/>
  </code>
  <code code="I21000">
    <editdetail attribution="Reuters BIP Coding Group" action="confirmed" date="1997-03-23"/>
  </code>
  <code code="I23000">
    <editdetail attribution="Reuters BIP Coding Group" action="confirmed" date="1997-03-23"/>
  </code>
  <code code="I24000">
    <editdetail attribution="Reuters BIP Coding Group" action="confirmed" date="1997-03-23"/>
  </code>
  <code code="I31000">
    <editdetail attribution="Reuters BIP Coding Group" action="confirmed" date="1997-03-23"/>
  </code>
  <code code="I32000">
    <editdetail attribution="Reuters BIP Coding Group" action="confirmed" date="1997-03-23"/>
  </code>
  <code code="I33010">
    <editdetail attribution="Reuters BIP Coding Group" action="confirmed" date="1997-03-23"/>
  </code>
  <code code="I34100">
    <editdetail attribution="Reuters BIP Coding Group" action="confirmed" date="1997-03-23"/>
  </code>
  <code code="I35300">
    <editdetail attribution="Reuters BIP Coding Group" action="confirmed" date="1997-03-23"/>
  </code>
  <code code="I37200">
    <editdetail attribution="Reuters BIP Coding Group" action="confirmed" date="1997-03-23"/>
  </code>
  <code code="I41000">
    <editdetail attribution="Reuters BIP Coding Group" action="confirmed" date="1997-03-23"/>
  </code>
  <code code="I41300">
    <editdetail attribution="Reuters BIP Coding Group" action="confirmed" date="1997-03-23"/>
  </code>
  <code code="I42600">
    <editdetail attribution="Reuters BIP Coding Group" action="confirmed" date="1997-03-23"/>
  </code>
  <code code="I46000">
    <editdetail attribution="Reuters BIP Coding Group" action="confirmed" date="1997-03-23"/>
  </code>
  <code code="I47500">
    <editdetail attribution="Reuters BIP Coding Group" action="confirmed" date="1997-03-23"/>
  </code>
  <code code="I50100">
    <editdetail attribution="Reuters BIP Coding Group" action="confirmed" date="1997-03-23"/>
  </code>
  <code code="I61000">
    <editdetail attribution="Reuters BIP Coding Group" action="confirmed" date="1997-03-23"/>
  </code>
  <code code="I63000">
    <editdetail attribution="Reuters BIP Coding Group" action="confirmed" date="1997-03-23"/>
  </code>
  <code code="I64500">
    <editdetail attribution="Reuters BIP Coding Group" action="confirmed" date="1997-03-23"/>
  </code>
  <code code="I67000">
    <editdetail attribution="Reuters BIP Coding Group" action="confirmed" date="1997-03-23"/>
  </code>
  <code code="I77002">
    <editdetail attribution="Reuters BIP Coding Group" action="confirmed" date="1997-03-23"/>
  </code>
  <code code="I81402">
    <editdetail attribution="Reuters BIP Coding Group" action="confirmed" date="1997-03-23"/>
  </code>
  <code code="I81502">
    <editdetail attribution="Reuters BIP Coding Group" action="confirmed" date="1997-03-23"/>
  </code>
  <code code="I83100">
    <editdetail attribution="Reuters BIP Coding Group" action="confirmed" date="1997-03-23"/>
  </code>
  <code code="I83700">
    <editdetail attribution="Reuters BIP Coding Group" action="confirmed" date="1997-03-23"/>
  </code>
  <code code="I83800">
    <editdetail attribution="Reuters BIP Coding Group" action="confirmed" date="1997-03-23"/>
  </code>
  <code code="I83954">
    <editdetail attribution="Reuters BIP Coding Group" action="confirmed" date="1997-03-23"/>
  </code>
  <code code="I83960">
    <editdetail attribution="Reuters BIP Coding Group" action="confirmed" date="1997-03-23"/>
  </code>
  <code code="I92110">
    <editdetail attribution="Reuters BIP Coding Group" action="confirmed" date="1997-03-23"/>
  </code>
  <code code="I9741102">
    <editdetail attribution="Reuters BIP Coding Group" action="confirmed" date="1997-03-23"/>
  </code>
</codes>
<codes class="bip:topics:1.0">
  <code code="C15">
    <editdetail attribution="Reuters BIP Coding Group" action="confirmed" date="1997-03-23"/>
  </code>
  <code code="C151">
    <editdetail attribution="Reuters BIP Coding Group" action="confirmed" date="1997-03-23"/>
  </code>
  <code code="CCAT">
    <editdetail attribution="Reuters BIP Coding Group" action="confirmed" date="1997-03-23"/>
  </code>
</codes>
<dc element="dc.date.created" value="1996-03-24"/>
<dc element="dc.publisher" value="Reuters Holdings Plc"/>
<dc element="dc.date.published" value="1997-03-23"/>
<dc element="dc.source" value="Reuters"/>
<dc element="dc.creator.location" value="SYDNEY"/>
<dc element="dc.creator.location.country.name" value="AUSTRALIA"/>
<dc element="dc.source" value="Reuters"/>
</metadata>
</newsitem>
