<?xml version="1.0" encoding="iso-8859-1" ?>
<newsitem itemid="95521" id="root" date="1996-10-03" xml:lang="en">
<title>FRANCE: Eurotunnel no comment on 49 pct debt swap.</title>
<headline>Eurotunnel no comment on 49 pct debt swap.</headline>
<dateline>PARIS 1996-10-03</dateline>
<text>
<p>Channel Tunnel operator Eurotunnel SA /Plc declined on Thursday to comment on newspaper reports its bank lenders would gain an initial 49 percent of its shares in a debt restructuring deal announced yesterday.</p>
<p>&quot;We are saying nothing until the board approves the deal and the instructing banks have been informed,&quot; said a Eurotunnel spokeswoman.</p>
<p>French daily Les Echos reported banks would not get more than 49 percent while the London Times reported the banks would convert their debt for shares at about 160 pence and could eventually get over 70 percent of the equity.</p>
</text>
<copyright>(c) Reuters Limited 1996</copyright>
<metadata>
<codes class="bip:countries:1.0">
  <code code="FRA">
    <editdetail attribution="Reuters BIP Coding Group" action="confirmed" date="1996-10-03"/>
  </code>
  <code code="UK">
    <editdetail attribution="Reuters BIP Coding Group" action="confirmed" date="1996-10-03"/>
  </code>
</codes>
<codes class="bip:industries:1.0">
  <code code="I71000">
    <editdetail attribution="Reuters BIP Coding Group" action="confirmed" date="1996-10-03"/>
  </code>
</codes>
<codes class="bip:topics:1.0">
  <code code="C17">
    <editdetail attribution="Reuters BIP Coding Group" action="confirmed" date="1996-10-03"/>
  </code>
  <code code="C173">
    <editdetail attribution="Reuters BIP Coding Group" action="confirmed" date="1996-10-03"/>
  </code>
  <code code="C18">
    <editdetail attribution="Reuters BIP Coding Group" action="confirmed" date="1996-10-03"/>
  </code>
  <code code="C181">
    <editdetail attribution="Reuters BIP Coding Group" action="confirmed" date="1996-10-03"/>
  </code>
  <code code="CCAT">
    <editdetail attribution="Reuters BIP Coding Group" action="confirmed" date="1996-10-03"/>
  </code>
</codes>
<dc element="dc.date.created" value="1996-10-03"/>
<dc element="dc.publisher" value="Reuters Holdings Plc"/>
<dc element="dc.date.published" value="1996-10-03"/>
<dc element="dc.source" value="Reuters"/>
<dc element="dc.creator.location" value="PARIS"/>
<dc element="dc.creator.location.country.name" value="FRANCE"/>
<dc element="dc.source" value="Reuters"/>
</metadata>
</newsitem>
