<?xml version="1.0" encoding="iso-8859-1" ?>
<newsitem itemid="66051" id="root" date="1996-09-19" xml:lang="en">
<title>PORTUGAL: PRESS DIGEST - Portugal -- Sept 19.</title>
<headline>PRESS DIGEST - Portugal -- Sept 19.</headline>
<dateline>LISBON 1996-09-19</dateline>
<text>
<p>The following are leading domestic stories in Portuguese newspapers.</p>
<p>DIARIO ECONOMICO</p>
<p>- The International Monetary Fund says Portugal's economic outlook improving but it still sees deficit next year above EMU target.</p>
<p>- The world's eighth-largest tobacco group Seita criticises the way Portugal's Tabaqueira is being privatised.</p>
<p>- GEC-Alsthom will give Sorefame train construction work if it wins the contract for a railway across the river Tagus.</p>
<p>PUBLICO</p>
<p>- Mobile phone company TMN to formalise in a few weeks a contract with banking services group Sociedade Interbancaria de Servicos.</p>
<p>DIARIO DE NOTICIAS</p>
<p>- Portugal's second-largest trade union UGT wants salaries one pct above the European Union average.</p>
<p>- Trade unions back government plans to tighten tax screw on the self-employed but employers are against Prime Minister Antonio Guterres' scheme.</p>
<p>--Lisbon bureau 3511-3538254</p>
</text>
<copyright>(c) Reuters Limited 1996</copyright>
<metadata>
<codes class="bip:countries:1.0">
  <code code="PORL">
    <editdetail attribution="Reuters BIP Coding Group" action="confirmed" date="1996-09-19"/>
  </code>
</codes>
<codes class="bip:topics:1.0">
  <code code="GCAT">
    <editdetail attribution="Reuters BIP Coding Group" action="confirmed" date="1996-09-19"/>
  </code>
</codes>
<dc element="dc.date.created" value="1996-09-19"/>
<dc element="dc.publisher" value="Reuters Holdings Plc"/>
<dc element="dc.date.published" value="1996-09-19"/>
<dc element="dc.source" value="Reuters"/>
<dc element="dc.creator.location" value="LISBON"/>
<dc element="dc.creator.location.country.name" value="PORTUGAL"/>
<dc element="dc.source" value="Reuters"/>
</metadata>
</newsitem>
