<?xml version="1.0" encoding="iso-8859-1" ?>
<newsitem itemid="146677" id="root" date="1996-10-28" xml:lang="en">
<title>USA: Pfizer testing Inhale insulin system.</title>
<headline>Pfizer testing Inhale insulin system.</headline>
<dateline>PALO ALTO, Calif. 1996-10-28</dateline>
<text>
<p>Inhale Therapeutic Systems said Pfizer Inc had started a multi-site outpatient trial to test Inhal's system of delivering insulin directly into the lungs.</p>
<p>The trial is planned to include up to 240 patients.</p>
<p>As part of the agreement, Pfizer had agreed to make a $5 million equity investment in Inhale at a price of $18.35 a share, which Inhale said was about 25 percent over its current market price.</p>
</text>
<copyright>(c) Reuters Limited 1996</copyright>
<metadata>
<codes class="bip:countries:1.0">
  <code code="USA">
    <editdetail attribution="Reuters BIP Coding Group" action="confirmed" date="1996-10-28"/>
  </code>
</codes>
<codes class="bip:industries:1.0">
  <code code="I25000">
    <editdetail attribution="Reuters BIP Coding Group" action="confirmed" date="1996-10-28"/>
  </code>
  <code code="I37200">
    <editdetail attribution="Reuters BIP Coding Group" action="confirmed" date="1996-10-28"/>
  </code>
</codes>
<codes class="bip:topics:1.0">
  <code code="C23">
    <editdetail attribution="Reuters BIP Coding Group" action="confirmed" date="1996-10-28"/>
  </code>
  <code code="CCAT">
    <editdetail attribution="Reuters BIP Coding Group" action="confirmed" date="1996-10-28"/>
  </code>
</codes>
<dc element="dc.date.created" value="1996-10-28"/>
<dc element="dc.publisher" value="Reuters Holdings Plc"/>
<dc element="dc.date.published" value="1996-10-28"/>
<dc element="dc.source" value="Reuters"/>
<dc element="dc.creator.location" value="PALO ALTO, Calif."/>
<dc element="dc.creator.location.country.name" value="USA"/>
<dc element="dc.source" value="Reuters"/>
</metadata>
</newsitem>
