<?xml version="1.0" encoding="iso-8859-1" ?>
<newsitem itemid="344485" id="root" date="1997-01-30" xml:lang="en">
<title>INDIA: India metals mixed as trade awaits new state rates.</title>
<headline>India metals mixed as trade awaits new state rates.</headline>
<dateline>BOMBAY 1997-01-30</dateline>
<text>
<p>Indian metals prices were mixed on Thursday as the trade awaited the new selling prices for February by state agencies, dealers said.</p>
<p>Zinc fell by 50 rupees to 6,750 rupees per quintal on low demand and light profit-taking. Zinc was up by 100 rupees last week and by 50 rupees so far this week.</p>
<p>Copper was steady at 12,850 rupees per quintal, aluminium at 7,250 rupees and lead at 4,550 rupees per quintal on thin activity. Tin was available at last levels of 34,400 rupees per quintal and nickel at 36,500 rupees per quintal on nominal trade.</p>
<p>Traders said that state-owned Hindustan Copper Ltd was likely to raise selling prices of copper by 5,000/7,000 rupees per tonne for February.</p>
<p>-- Bombay Commodities +91-22-265 9000</p>
</text>
<copyright>(c) Reuters Limited 1997</copyright>
<metadata>
<codes class="bip:countries:1.0">
  <code code="INDIA">
    <editdetail attribution="Reuters BIP Coding Group" action="confirmed" date="1997-01-30"/>
  </code>
</codes>
<codes class="bip:topics:1.0">
  <code code="M14">
    <editdetail attribution="Reuters BIP Coding Group" action="confirmed" date="1997-01-30"/>
  </code>
  <code code="M142">
    <editdetail attribution="Reuters BIP Coding Group" action="confirmed" date="1997-01-30"/>
  </code>
  <code code="MCAT">
    <editdetail attribution="Reuters BIP Coding Group" action="confirmed" date="1997-01-30"/>
  </code>
</codes>
<dc element="dc.date.created" value="1997-01-30"/>
<dc element="dc.publisher" value="Reuters Holdings Plc"/>
<dc element="dc.date.published" value="1997-01-30"/>
<dc element="dc.source" value="Reuters"/>
<dc element="dc.creator.location" value="BOMBAY"/>
<dc element="dc.creator.location.country.name" value="INDIA"/>
<dc element="dc.source" value="Reuters"/>
</metadata>
</newsitem>
