<?xml version="1.0" encoding="iso-8859-1" ?>
<newsitem itemid="172789" id="root" date="1996-11-07" xml:lang="en">
<title>JAPAN: Riken Keiki to issue 2 bln yen CB.</title>
<headline>Riken Keiki to issue 2 bln yen CB.</headline>
<dateline>TOKYO 1996-11-07</dateline>
<text>
<p>BORROWER - Riken Keiki Co Ltd</p>
<p>LEAD MGR - Yamaichi Securities Co Ltd</p>
<p>TRUSTEE - Industrial Bank of Japan Ltd</p>
<p> TYPE convertible     ISSUE NO   1	  AMT   2 bln yen</p>
<p> COUPON		   ISS PRICE	     MATURITY 31.Mar.04</p>
<p> CONV PRICE	     CURR RATE</p>
<p> CONV FROM 6.Jan.97   CONV TO 30.Mar.04</p>
<p> LAST MOODY'S	   PAY DATE 29.Nov.96  INT PAY end Mar/Sep</p>
<p> LAST S&amp;P		 SIGN DATE	     SUB DATE 25.Nov-28.Nov</p>
<p> LAST JCR		 LAST JBRI	     LAST NIS</p>
<p>The coupon and conversion price will be decided on November 22.</p>
</text>
<copyright>(c) Reuters Limited 1996</copyright>
<metadata>
<codes class="bip:countries:1.0">
  <code code="JAP">
    <editdetail attribution="Reuters BIP Coding Group" action="confirmed" date="1996-11-07"/>
  </code>
</codes>
<codes class="bip:industries:1.0">
  <code code="I37100">
    <editdetail attribution="Reuters BIP Coding Group" action="confirmed" date="1996-11-07"/>
  </code>
</codes>
<codes class="bip:topics:1.0">
  <code code="C17">
    <editdetail attribution="Reuters BIP Coding Group" action="confirmed" date="1996-11-07"/>
  </code>
  <code code="C172">
    <editdetail attribution="Reuters BIP Coding Group" action="confirmed" date="1996-11-07"/>
  </code>
  <code code="CCAT">
    <editdetail attribution="Reuters BIP Coding Group" action="confirmed" date="1996-11-07"/>
  </code>
</codes>
<dc element="dc.date.created" value="1996-11-07"/>
<dc element="dc.publisher" value="Reuters Holdings Plc"/>
<dc element="dc.date.published" value="1996-11-07"/>
<dc element="dc.source" value="Reuters"/>
<dc element="dc.creator.location" value="TOKYO"/>
<dc element="dc.creator.location.country.name" value="JAPAN"/>
<dc element="dc.source" value="Reuters"/>
</metadata>
</newsitem>
