<?xml version="1.0" encoding="iso-8859-1" ?>
<newsitem itemid="263072" id="root" date="1996-12-17" xml:lang="en">
<title>USA: Dart Group offers to buy or sell food unit.</title>
<headline>Dart Group offers to buy or sell food unit.</headline>
<dateline>NEW YORK 1996-12-16</dateline>
<text>
<p>Dart Group Corp. said Monday it has offered to either buy the 50 percent stake in Shoppers Food Warehouse Corp. it does not already own for $210 million in cash, or sell its 50 percent stake for the same price.</p>
<p>Dart made the offer to Kenneth M. Herman who, with family members, owns the other 50 percent of Shoppers Food, a supermarket chain in the Washington area.</p>
<p>Landover, Md.-based Dart said that under an amended shareholders' agreement, Herman must accept one of Dart's offers within 60 days.</p>
<p>For fiscal 1996, Shoppers Food reported sales of $836 million and net income of $18.9 million, Dart said.</p>
<p>Separately, Dart reported a net loss of of $1.16 million, or 66 cents a share, for its fiscal third quarter ended Oct. 31. That compared with a net loss of $15.3 million, or $8.16 per share, for the same period last year.</p>
<p>The year ago loss was mostly due to $14.6 million pre-tax write-down of Dart's Cabot-Morgan Real Estate Co. partnership interest.</p>
</text>
<copyright>(c) Reuters Limited 1996</copyright>
<metadata>
<codes class="bip:countries:1.0">
  <code code="USA">
    <editdetail attribution="Reuters BIP Coding Group" action="confirmed" date="1996-12-17"/>
  </code>
</codes>
<codes class="bip:industries:1.0">
  <code code="I81502">
    <editdetail attribution="Reuters BIP Coding Group" action="confirmed" date="1996-12-17"/>
  </code>
</codes>
<codes class="bip:topics:1.0">
  <code code="C18">
    <editdetail attribution="Reuters BIP Coding Group" action="confirmed" date="1996-12-17"/>
  </code>
  <code code="C181">
    <editdetail attribution="Reuters BIP Coding Group" action="confirmed" date="1996-12-17"/>
  </code>
  <code code="CCAT">
    <editdetail attribution="Reuters BIP Coding Group" action="confirmed" date="1996-12-17"/>
  </code>
</codes>
<dc element="dc.date.created" value="1996-12-16"/>
<dc element="dc.publisher" value="Reuters Holdings Plc"/>
<dc element="dc.date.published" value="1996-12-17"/>
<dc element="dc.source" value="Reuters"/>
<dc element="dc.creator.location" value="NEW YORK"/>
<dc element="dc.creator.location.country.name" value="USA"/>
<dc element="dc.source" value="Reuters"/>
</metadata>
</newsitem>
