<?xml version="1.0" encoding="iso-8859-1" ?>
<newsitem itemid="707755" id="root" date="1997-07-04" xml:lang="en">
<title>INDIA: Indian sugar prices end up on lower supply.</title>
<headline>Indian sugar prices end up on lower supply.</headline>
<dateline>BOMBAY 1997-07-04</dateline>
<text>
<p>Indian ready delivery sugar prices rose on reduced supply but mill delivery prices were subdued, dealers said.</p>
<p>They said heavy rain disrupted transportation of sugar from mills to the market.</p>
<p>&quot;Further, fresh consumer buying was poor today,&quot; said a dealer.</p>
<p>In ready delivery, sugar S-30 rose 20 rupees to 1,470/1,510 rupees per quintal while M-30 rose 5 rupees to 1,490/1,540 rupees per quintal.</p>
<p>Mill delivery prices fell on strong mill supply and poor deamnd, dealers said.</p>
<p>In mill delivery, sugar S-30 fell 5 rupees to 1,415/1,425 rupees per quintal and M-30 fell 5 rupees to 1,435/1,455 rupees per quintal, they said.</p>
<p>Market sentiment was subdued at close of the session, dealers said.</p>
<p>-Bombay Commodities +91-22-265 9000</p>
</text>
<copyright>(c) Reuters Limited 1997</copyright>
<metadata>
<codes class="bip:countries:1.0">
  <code code="INDIA">
    <editdetail attribution="Reuters BIP Coding Group" action="confirmed" date="1997-07-04"/>
  </code>
</codes>
<codes class="bip:topics:1.0">
  <code code="M14">
    <editdetail attribution="Reuters BIP Coding Group" action="confirmed" date="1997-07-04"/>
  </code>
  <code code="M141">
    <editdetail attribution="Reuters BIP Coding Group" action="confirmed" date="1997-07-04"/>
  </code>
  <code code="MCAT">
    <editdetail attribution="Reuters BIP Coding Group" action="confirmed" date="1997-07-04"/>
  </code>
</codes>
<dc element="dc.date.created" value="1997-07-04"/>
<dc element="dc.publisher" value="Reuters Holdings Plc"/>
<dc element="dc.date.published" value="1997-07-04"/>
<dc element="dc.source" value="Reuters"/>
<dc element="dc.creator.location" value="BOMBAY"/>
<dc element="dc.creator.location.country.name" value="INDIA"/>
<dc element="dc.source" value="Reuters"/>
</metadata>
</newsitem>
