<?xml version="1.0" encoding="iso-8859-1" ?>
<newsitem itemid="193075" id="root" date="1996-11-15" xml:lang="en">
<title>JAPAN: Osaka Uoichiba - 6mth parent results.</title>
<headline>Osaka Uoichiba - 6mth parent results.</headline>
<dateline>TOKYO 1996-11-15</dateline>
<text>
<p>Six months to September 30, 1996</p>
<p> (Parent)	(in billions of yen unless specified)</p>
<p> Sales		160.02		vs	  149.24</p>
<p> Operating	    1.48		vs	    1.07</p>
<p> Current		1.63		vs	    1.20</p>
<p> Net		  760    million    vs	  703    million</p>
<p> EPS		   13.54 yen	  vs	   12.52 yen</p>
<p> Shares	     56 million	  vs	  56 million</p>
<p> Interim div	   nil		vs	     nil</p>
<p>NOTE - Osaka Uoichiba Co Ltd is a wholesaler of marine products.</p>
</text>
<copyright>(c) Reuters Limited 1996</copyright>
<metadata>
<codes class="bip:countries:1.0">
  <code code="JAP">
    <editdetail attribution="Reuters BIP Coding Group" action="confirmed" date="1996-11-15"/>
  </code>
</codes>
<codes class="bip:industries:1.0">
  <code code="I61000">
    <editdetail attribution="Reuters BIP Coding Group" action="confirmed" date="1996-11-15"/>
  </code>
</codes>
<codes class="bip:topics:1.0">
  <code code="C15">
    <editdetail attribution="Reuters BIP Coding Group" action="confirmed" date="1996-11-15"/>
  </code>
  <code code="C151">
    <editdetail attribution="Reuters BIP Coding Group" action="confirmed" date="1996-11-15"/>
  </code>
  <code code="CCAT">
    <editdetail attribution="Reuters BIP Coding Group" action="confirmed" date="1996-11-15"/>
  </code>
</codes>
<dc element="dc.date.created" value="1996-11-15"/>
<dc element="dc.publisher" value="Reuters Holdings Plc"/>
<dc element="dc.date.published" value="1996-11-15"/>
<dc element="dc.source" value="Reuters"/>
<dc element="dc.creator.location" value="TOKYO"/>
<dc element="dc.creator.location.country.name" value="JAPAN"/>
<dc element="dc.source" value="Reuters"/>
</metadata>
</newsitem>
