<?xml version="1.0" encoding="iso-8859-1" ?>
<newsitem itemid="197251" id="root" date="1996-11-18" xml:lang="en">
<title>SRI LANKA: PRESS DIGEST - Sri Lanka Newspapers - November 18.</title>
<headline>PRESS DIGEST - Sri Lanka Newspapers - November 18.</headline>
<text>
<p>These are the leading stories in the Sri Lankan press on Monday. Reuters has not verified these stories and does not vouch for their accuracy.</p>
<p>---</p>
<p>VEERAKESARI</p>
<p>Tamil Tiger rebels attack bunker line in Poovarasankulam, Vavuniya killing four soldiers.</p>
<p>---</p>
<p>THINAKARAN</p>
<p>EPDP appeals to government to provide relief for 200,000 displaced people in Wanni after army offensives in northern Jaffna and Kilinochchi.</p>
<p>---</p>
<p>DAILY NEWS</p>
<p>United States Ambassador Peter Burleigh says U.S. foreign policy gives high priority to control terrorism.</p>
<p>---</p>
<p>THE ISLAND</p>
<p>Navy intercepts Indian trawlers transporting Tamils to south India.</p>
<p>---</p>
<p>LANKADEEPA</p>
<p>President Chandrika Kumaratunga says she came into politics do develop country and not hold on to power.</p>
<p>---</p>
<p>DIVAINA</p>
<p>National Education Commission recommends immediate increase in Advanced Level examination qualifying marks to 200 from 180 for university entrance.</p>
<p>---</p>
<p>DINAMINA</p>
<p>Labour Commissioner R. Wimalasena to chair tripartite talks on resolving strike at Shell Gas Lanka Ltd.</p>
<p>-- Colombo newsroom 941-434319</p>
</text>
<copyright>(c) Reuters Limited 1996</copyright>
<metadata>
<codes class="bip:countries:1.0">
  <code code="SRILAN">
    <editdetail attribution="Reuters BIP Coding Group" action="confirmed" date="1996-11-18"/>
  </code>
</codes>
<codes class="bip:topics:1.0">
  <code code="GCAT">
    <editdetail attribution="Reuters BIP Coding Group" action="confirmed" date="1996-11-18"/>
  </code>
</codes>
<dc element="dc.publisher" value="Reuters Holdings Plc"/>
<dc element="dc.date.published" value="1996-11-18"/>
<dc element="dc.source" value="Reuters"/>
<dc element="dc.creator.location.country.name" value="SRI LANKA"/>
<dc element="dc.source" value="Reuters"/>
</metadata>
</newsitem>
