<?xml version="1.0" encoding="iso-8859-1" ?>
<newsitem itemid="403645" id="root" date="1997-02-26" xml:lang="en">
<title>ROMANIA: RADIO ROMANIA AFTERNOON HEADLINES AT 1 PM.</title>
<headline>RADIO ROMANIA AFTERNOON HEADLINES AT 1 PM.</headline>
<dateline>BUCHAREST 1997-02-26</dateline>
<text>
<p>Radio Romania news headlines:</p>
<p>* Romania has 50 percent chances to join NATO and the European Union, Romania's Foreign Minister Adrian Severin said at a meeting with parliament's foreign affairs commission.</p>
<p>* The funeral of self-styled Gypsy king Ioan Cioaba started in his hometown of Sibiu. Cioaba, 62, died last Sunday of a heart attack in a Bucharest hospital.</p>
<p>Gypsy leaders called for February 26-28 to be considered mourning days for Gypsy communities in Eastern Europe.</p>
<p>Self-proclaimed crown prince Florin, Cioaba's son, will be crowned as &quot;Gypsy King&quot; in September.</p>
<p>-- Bucharest Newsroom 40-1 3120264</p>
</text>
<copyright>(c) Reuters Limited 1997</copyright>
<metadata>
<codes class="bip:countries:1.0">
  <code code="ROM">
    <editdetail attribution="Reuters BIP Coding Group" action="confirmed" date="1997-02-26"/>
  </code>
</codes>
<codes class="bip:topics:1.0">
  <code code="GCAT">
    <editdetail attribution="Reuters BIP Coding Group" action="confirmed" date="1997-02-26"/>
  </code>
</codes>
<dc element="dc.date.created" value="1997-02-26"/>
<dc element="dc.publisher" value="Reuters Holdings Plc"/>
<dc element="dc.date.published" value="1997-02-26"/>
<dc element="dc.source" value="Reuters"/>
<dc element="dc.creator.location" value="BUCHAREST"/>
<dc element="dc.creator.location.country.name" value="ROMANIA"/>
<dc element="dc.source" value="Reuters"/>
</metadata>
</newsitem>
