<?xml version="1.0" encoding="iso-8859-1" ?>
<newsitem itemid="667202" id="root" date="1997-06-17" xml:lang="en">
<title>USA: Brazil to reap $24 bln in '97-'98 from asset sales.</title>
<headline>Brazil to reap $24 bln in '97-'98 from asset sales.</headline>
<dateline>NEW YORK 1997-06-17</dateline>
<text>
<p>Brazil will probably reap about $12 billion from the sale of federal and state enterprises this year, and another $12 billion from further privatizations in 1998, said an official said Tuesday.</p>
<p>Jose Pio Borges, vice president of Brazil's National Development Bank (BNDES), forecast that around $10 billion per year would be raised from sell-offs in federal firms and about $2 billion from state enterprises.</p>
<p>Borges forecast that the government would complete the privatization of mining giant CVRD by November.  </p>
<p>He estimated the government would garner about $1.8 billion from the selling the final 31.5 percent of shares, the third stage of the privatization process.</p>
<p>Last month, Brazil garnered $3.2 billion from the sale of a controlling bloc of CVRD to a core group of investors.</p>
<p>&quot;It set a standard for how the privatizations will be handled,&quot; Borges said. &quot;Having a management group is extremely important, because it adds value to the shareholders and to the IPO that will follow.&quot;</p>
<p>He said Brazil would next turn its attention to selling FURNAS, a power generating company; TECON, the container terminal at the port of Santos; TELESP, Sao Paolo's state telecommunications firm and FEPASA, the Sao Paolo railroad enterprise.</p>
<p>Borges spoke to investors at the Americas Society here.</p>
<p>-- George Lerner, 212-859-1671</p>
</text>
<copyright>(c) Reuters Limited 1997</copyright>
<metadata>
<codes class="bip:countries:1.0">
  <code code="BRAZ">
    <editdetail attribution="Reuters BIP Coding Group" action="confirmed" date="1997-06-17"/>
  </code>
  <code code="USA">
    <editdetail attribution="Reuters BIP Coding Group" action="confirmed" date="1997-06-17"/>
  </code>
</codes>
<codes class="bip:industries:1.0">
  <code code="I16100">
    <editdetail attribution="Reuters BIP Coding Group" action="confirmed" date="1997-06-17"/>
  </code>
  <code code="I1610109">
    <editdetail attribution="Reuters BIP Coding Group" action="confirmed" date="1997-06-17"/>
  </code>
  <code code="I21000">
    <editdetail attribution="Reuters BIP Coding Group" action="confirmed" date="1997-06-17"/>
  </code>
  <code code="I79020">
    <editdetail attribution="Reuters BIP Coding Group" action="confirmed" date="1997-06-17"/>
  </code>
</codes>
<codes class="bip:topics:1.0">
  <code code="C18">
    <editdetail attribution="Reuters BIP Coding Group" action="confirmed" date="1997-06-17"/>
  </code>
  <code code="C183">
    <editdetail attribution="Reuters BIP Coding Group" action="confirmed" date="1997-06-17"/>
  </code>
  <code code="CCAT">
    <editdetail attribution="Reuters BIP Coding Group" action="confirmed" date="1997-06-17"/>
  </code>
  <code code="E12">
    <editdetail attribution="Reuters BIP Coding Group" action="confirmed" date="1997-06-17"/>
  </code>
  <code code="E21">
    <editdetail attribution="Reuters BIP Coding Group" action="confirmed" date="1997-06-17"/>
  </code>
  <code code="ECAT">
    <editdetail attribution="Reuters BIP Coding Group" action="confirmed" date="1997-06-17"/>
  </code>
</codes>
<dc element="dc.date.created" value="1997-06-17"/>
<dc element="dc.publisher" value="Reuters Holdings Plc"/>
<dc element="dc.date.published" value="1997-06-17"/>
<dc element="dc.source" value="Reuters"/>
<dc element="dc.creator.location" value="NEW YORK"/>
<dc element="dc.creator.location.country.name" value="USA"/>
<dc element="dc.source" value="Reuters"/>
</metadata>
</newsitem>
