<?xml version="1.0" encoding="iso-8859-1" ?>
<newsitem itemid="377198" id="root" date="1997-02-13" xml:lang="en">
<title>JAPAN: Tokyo rubber futures slip on profit-taking.</title>
<headline>Tokyo rubber futures slip on profit-taking.</headline>
<dateline>TOKYO 1997-02-13</dateline>
<text>
<p>Tokyo rubber futures ended lower across the board on Thursday as profit-taking sales surfaced after most of the futures broke above Wednesday&quot;s strong resistance of 160 yen, traders said.</p>
<p>Prices ranged from 1.5 yen to 3.5 yen per kg lower. Benchmark July was off 1.5 yen at 157.6 yen.</p>
<p>The market started the day on a weaker tone, shrugging off the yen&quot;s weaker tendency and the firmer Thai rubber offer prices to Japan. &quot;It was quite natural for the market to experience a technical correction after recent price rises,&quot; one trader said. -- Tokyo Commodities Desk +81-3-3432-7431</p>
</text>
<copyright>(c) Reuters Limited 1997</copyright>
<metadata>
<codes class="bip:countries:1.0">
  <code code="JAP">
    <editdetail attribution="Reuters BIP Coding Group" action="confirmed" date="1997-02-13"/>
  </code>
</codes>
<codes class="bip:topics:1.0">
  <code code="M14">
    <editdetail attribution="Reuters BIP Coding Group" action="confirmed" date="1997-02-13"/>
  </code>
  <code code="M141">
    <editdetail attribution="Reuters BIP Coding Group" action="confirmed" date="1997-02-13"/>
  </code>
  <code code="MCAT">
    <editdetail attribution="Reuters BIP Coding Group" action="confirmed" date="1997-02-13"/>
  </code>
</codes>
<dc element="dc.date.created" value="1997-02-13"/>
<dc element="dc.publisher" value="Reuters Holdings Plc"/>
<dc element="dc.date.published" value="1997-02-13"/>
<dc element="dc.source" value="Reuters"/>
<dc element="dc.creator.location" value="TOKYO"/>
<dc element="dc.creator.location.country.name" value="JAPAN"/>
<dc element="dc.source" value="Reuters"/>
</metadata>
</newsitem>
