<?xml version="1.0" encoding="iso-8859-1" ?>
<newsitem itemid="407715" id="root" date="1997-02-27" xml:lang="en">
<title>USA: Eller Media IPO pulled following acquisition.</title>
<headline>Eller Media IPO pulled following acquisition.</headline>
<dateline>NEW YORK 1997-02-27</dateline>
<text>
<p>The initial public offering of Eller Media Corp has been pulled pursuant to the company's decision to be acquired by Clear Channel Communications, said underwriter Alex Brown on Thursday.</p>
<p>Clear Channel announced on Wednesday it had agreed to buy the Phoenix-based company for about $1.15 billion in cash and stock.</p>
<p>Eller Media, which had revenues of $270 million last year, is the largest outdoor advertising company in the United States, with about 50,000 display faces.</p>
<p>---New York Newsdesk 212-859-1610</p>
</text>
<copyright>(c) Reuters Limited 1997</copyright>
<metadata>
<codes class="bip:countries:1.0">
  <code code="USA">
    <editdetail attribution="Reuters BIP Coding Group" action="confirmed" date="1997-02-27"/>
  </code>
</codes>
<codes class="bip:industries:1.0">
  <code code="I83800">
    <editdetail attribution="Reuters BIP Coding Group" action="confirmed" date="1997-02-27"/>
  </code>
  <code code="I97400">
    <editdetail attribution="Reuters BIP Coding Group" action="confirmed" date="1997-02-27"/>
  </code>
</codes>
<codes class="bip:topics:1.0">
  <code code="C17">
    <editdetail attribution="Reuters BIP Coding Group" action="confirmed" date="1997-02-27"/>
  </code>
  <code code="C171">
    <editdetail attribution="Reuters BIP Coding Group" action="confirmed" date="1997-02-27"/>
  </code>
  <code code="C18">
    <editdetail attribution="Reuters BIP Coding Group" action="confirmed" date="1997-02-27"/>
  </code>
  <code code="C181">
    <editdetail attribution="Reuters BIP Coding Group" action="confirmed" date="1997-02-27"/>
  </code>
  <code code="CCAT">
    <editdetail attribution="Reuters BIP Coding Group" action="confirmed" date="1997-02-27"/>
  </code>
</codes>
<dc element="dc.date.created" value="1997-02-27"/>
<dc element="dc.publisher" value="Reuters Holdings Plc"/>
<dc element="dc.date.published" value="1997-02-27"/>
<dc element="dc.source" value="Reuters"/>
<dc element="dc.creator.location" value="NEW YORK"/>
<dc element="dc.creator.location.country.name" value="USA"/>
<dc element="dc.source" value="Reuters"/>
</metadata>
</newsitem>
