<?xml version="1.0" encoding="iso-8859-1" ?>
<newsitem itemid="97409" id="root" date="1996-10-04" xml:lang="en">
<title>FRANCE: Havas plans 20 pct SFP stake - source.</title>
<headline>Havas plans 20 pct SFP stake - source.</headline>
<dateline>PARIS 1996-10-04</dateline>
<text>
<p>French media group Havas plans to take a 20 percent stake in the SFP film and television production company through its ITI-Tele Images unit and 34 percent in Belgian firm LBO Convoy as part of LBO's offer for SFP, a source close to the deal told Reuters on Friday.  </p>
<p>A Havas spokesman declined comment.</p>
<p>The French government is privatising loss-making Societe Francaise de Production through a private placement.</p>
<p>LBO Convoy, headed by Fabrice Giger and Nicolas Berggruen, has offered 57 million francs for SFP and has asked the state for a mininum 992 million franc recapitalisaiton, the source said.</p>
<p>Dutch telecommunications group and post group KPN is an LBO shareholder.  </p>
<p>LBO's offer for SFP would retain 700 out of the company's 1,010 employees. Giger was due to meet the privatisation committee of SFP's works committee on Friday, the source said.</p>
<p>The French Finance Ministry is expected to announce its choice of bidder on October 9, the day before the works committee next meets.</p>
<p>The ministry said on September 27 the privatisation timetable should allow the works committee to give its opinion of the rival offers.</p>
<p>French businessman Walter Butler has put in a rival 50 million franc bid for SFP.</p>
</text>
<copyright>(c) Reuters Limited 1996</copyright>
<metadata>
<codes class="bip:countries:1.0">
  <code code="BELG">
    <editdetail attribution="Reuters BIP Coding Group" action="confirmed" date="1996-10-04"/>
  </code>
  <code code="FRA">
    <editdetail attribution="Reuters BIP Coding Group" action="confirmed" date="1996-10-04"/>
  </code>
</codes>
<codes class="bip:industries:1.0">
  <code code="I79020">
    <editdetail attribution="Reuters BIP Coding Group" action="confirmed" date="1996-10-04"/>
  </code>
  <code code="I83800">
    <editdetail attribution="Reuters BIP Coding Group" action="confirmed" date="1996-10-04"/>
  </code>
  <code code="I9741112">
    <editdetail attribution="Reuters BIP Coding Group" action="confirmed" date="1996-10-04"/>
  </code>
</codes>
<codes class="bip:topics:1.0">
  <code code="C18">
    <editdetail attribution="Reuters BIP Coding Group" action="confirmed" date="1996-10-04"/>
  </code>
  <code code="C181">
    <editdetail attribution="Reuters BIP Coding Group" action="confirmed" date="1996-10-04"/>
  </code>
  <code code="C183">
    <editdetail attribution="Reuters BIP Coding Group" action="confirmed" date="1996-10-04"/>
  </code>
  <code code="CCAT">
    <editdetail attribution="Reuters BIP Coding Group" action="confirmed" date="1996-10-04"/>
  </code>
</codes>
<dc element="dc.date.created" value="1996-10-04"/>
<dc element="dc.publisher" value="Reuters Holdings Plc"/>
<dc element="dc.date.published" value="1996-10-04"/>
<dc element="dc.source" value="Reuters"/>
<dc element="dc.creator.location" value="PARIS"/>
<dc element="dc.creator.location.country.name" value="FRANCE"/>
<dc element="dc.source" value="Reuters"/>
</metadata>
</newsitem>
