<?xml version="1.0" encoding="iso-8859-1" ?>
<newsitem itemid="725634" id="root" date="1997-07-14" xml:lang="en">
<title>BRAZIL: Brazilian domestic soybean and soyproducts.</title>
<headline>Brazilian domestic soybean and soyproducts.</headline>
<dateline>SAO PAULO 1997-07-14</dateline>
<text>
<p>The following domestic prices were reported for Brazilian soybeans and soyproducts:</p>
<p>				     TODAY	PREVIOUS</p>
<p>(R$ per 60-Kg bag)</p>
<p> National Price (FIPE/BM&amp;F)    15.97	15.76</p>
<p>Rio Grande do Sul (Brokers)</p>
<p> Ijui				  15.60	15.60</p>
<p> Passo Fundo			 15.50	15.20</p>
<p>NOTE: US$1.00 is worth R$1.08.</p>
<p> (R$ per 60-kg bag)		TODAY	PREVIOUS</p>
<p>Parana (SEAB)</p>
<p> Cascavel			    14.20	14.20</p>
<p> Londrina			    15.50	15.50</p>
<p> Ponta Grossa			16.50	16.50</p>
<p>Safras e Mercado</p>
<p> (R$ per 1-kg)		     10/07	03/07</p>
<p> SOYMEAL - Ponta Grossa	  0.270	0.285</p>
<p> SOYOIL - Sao Paulo		0.625	0.625</p>
<p>NOTE: US$1.00 is worth R$1.08</p>
</text>
<copyright>(c) Reuters Limited 1997</copyright>
<metadata>
<codes class="bip:countries:1.0">
  <code code="BRAZ">
    <editdetail attribution="Reuters BIP Coding Group" action="confirmed" date="1997-07-14"/>
  </code>
</codes>
<codes class="bip:topics:1.0">
  <code code="M14">
    <editdetail attribution="Reuters BIP Coding Group" action="confirmed" date="1997-07-14"/>
  </code>
  <code code="M141">
    <editdetail attribution="Reuters BIP Coding Group" action="confirmed" date="1997-07-14"/>
  </code>
  <code code="MCAT">
    <editdetail attribution="Reuters BIP Coding Group" action="confirmed" date="1997-07-14"/>
  </code>
</codes>
<dc element="dc.date.created" value="1997-07-14"/>
<dc element="dc.publisher" value="Reuters Holdings Plc"/>
<dc element="dc.date.published" value="1997-07-14"/>
<dc element="dc.source" value="Reuters"/>
<dc element="dc.creator.location" value="SAO PAULO"/>
<dc element="dc.creator.location.country.name" value="BRAZIL"/>
<dc element="dc.source" value="Reuters"/>
</metadata>
</newsitem>
