<?xml version="1.0" encoding="iso-8859-1" ?>
<newsitem itemid="300781" id="root" date="1997-01-10" xml:lang="en">
<title>NETHERLANDS: Dutch De Boer Unigro member of Superunie.</title>
<headline>Dutch De Boer Unigro member of Superunie.</headline>
<dateline>ASSEN, Netherlands 1997-01-10</dateline>
<text>
<p>De Boer Unigro, the supermarket combine of De Boer Winkelbedrijven NV and Unigro, has become a member of purchasing group Superunie, both companies said on Friday.</p>
<p>They said the new combine had become a Superunie member as of January 1 this year, with membership being sealed once the merger between the two supermarket chains was final.</p>
<p>&quot;The membership will take effect as soon as the merger has been formally finalised,&quot; the two said in a joint statement.</p>
<p>De Boer has been a member of Superunie for several years, whereas Unigro mostly purchased independently.</p>
<p>Including De Boer Unigro, Superunie will represent a consumer turnover of 13 billion guilders, becoming the biggest Dutch purchasing combine with a market share of 30 percent, the statement said.</p>
<p>Both chains announced their intention to merge in October last year.</p>
<p>The merger will create the second-largest player in the Dutch retail grocery sector with a 13 percent market share.</p>
<p>Total sales will amount to over six billion guilders on an annual basis in the Netherlands, Belgium and Spain.</p>
<p>-- Amsterdam newsroom +31 20 504 5000, Fax +31 20 504 5040</p>
</text>
<copyright>(c) Reuters Limited 1997</copyright>
<metadata>
<codes class="bip:countries:1.0">
  <code code="NETH">
    <editdetail attribution="Reuters BIP Coding Group" action="confirmed" date="1997-01-10"/>
  </code>
</codes>
<codes class="bip:industries:1.0">
  <code code="I61000">
    <editdetail attribution="Reuters BIP Coding Group" action="confirmed" date="1997-01-10"/>
  </code>
  <code code="I64100">
    <editdetail attribution="Reuters BIP Coding Group" action="confirmed" date="1997-01-10"/>
  </code>
</codes>
<codes class="bip:topics:1.0">
  <code code="C11">
    <editdetail attribution="Reuters BIP Coding Group" action="confirmed" date="1997-01-10"/>
  </code>
  <code code="C18">
    <editdetail attribution="Reuters BIP Coding Group" action="confirmed" date="1997-01-10"/>
  </code>
  <code code="C181">
    <editdetail attribution="Reuters BIP Coding Group" action="confirmed" date="1997-01-10"/>
  </code>
  <code code="CCAT">
    <editdetail attribution="Reuters BIP Coding Group" action="confirmed" date="1997-01-10"/>
  </code>
</codes>
<dc element="dc.date.created" value="1997-01-10"/>
<dc element="dc.publisher" value="Reuters Holdings Plc"/>
<dc element="dc.date.published" value="1997-01-10"/>
<dc element="dc.source" value="Reuters"/>
<dc element="dc.creator.location" value="ASSEN, Netherlands"/>
<dc element="dc.creator.location.country.name" value="NETHERLANDS"/>
<dc element="dc.source" value="Reuters"/>
</metadata>
</newsitem>
