<?xml version="1.0" encoding="iso-8859-1" ?>
<newsitem itemid="342424" id="root" date="1997-01-29" xml:lang="en">
<title>MALAYSIA: Malaysia Dec broad money M3 up 23 pct.</title>
<headline>Malaysia Dec broad money M3 up 23 pct.</headline>
<dateline>KUALA LUMPUR 1997-01-29</dateline>
<text>
<p>Malaysia's broad money M3 expanded by 23 percent year-on-year in December against 21.7 percent growth in November, the central bank said on Wednesday.</p>
<p>Total annual loans growth stood at 26.7 percent at the end of December from 28.9 percent at the end of November, it said.  </p>
<p>		   MALAYSIA MONETARY AGGREGATES:</p>
<p>(Percentage change at end of period, year-on-year)</p>
<p>	     Dec 96	Nov 96	Dec 95</p>
<p>  M1	  18.4	  16.5	  11.7</p>
<p>  M2	  21.4	  19.3	  24.0</p>
<p>  M3	  23.0	  21.7	  22.3</p>
<p>Note: M1 - money in circulation and cash on deposit in banks</p>
<p>	 M2 - M1 plus time, savings and foreign currency deposits</p>
<p>	 M3 - broad money</p>
<p>- Kuala Lumpur newsroom (603-230 8911)</p>
</text>
<copyright>(c) Reuters Limited 1997</copyright>
<metadata>
<codes class="bip:countries:1.0">
  <code code="MALAY">
    <editdetail attribution="Reuters BIP Coding Group" action="confirmed" date="1997-01-29"/>
  </code>
</codes>
<codes class="bip:topics:1.0">
  <code code="E12">
    <editdetail attribution="Reuters BIP Coding Group" action="confirmed" date="1997-01-29"/>
  </code>
  <code code="E121">
    <editdetail attribution="Reuters BIP Coding Group" action="confirmed" date="1997-01-29"/>
  </code>
  <code code="ECAT">
    <editdetail attribution="Reuters BIP Coding Group" action="confirmed" date="1997-01-29"/>
  </code>
</codes>
<dc element="dc.date.created" value="1997-01-29"/>
<dc element="dc.publisher" value="Reuters Holdings Plc"/>
<dc element="dc.date.published" value="1997-01-29"/>
<dc element="dc.source" value="Reuters"/>
<dc element="dc.creator.location" value="KUALA LUMPUR"/>
<dc element="dc.creator.location.country.name" value="MALAYSIA"/>
<dc element="dc.source" value="Reuters"/>
</metadata>
</newsitem>
