<?xml version="1.0" encoding="iso-8859-1" ?>
<newsitem itemid="784106" id="root" date="1997-08-07" xml:lang="en">
<title>USA: Equitable sees oper costs savings in 2nd half.</title>
<headline>Equitable sees oper costs savings in 2nd half.</headline>
<dateline>NEW YORK 1997-08-07</dateline>
<text>
<p>Equitable Cos said Thursday it expects fixed operating cost savings of $20 million in the second half of the year and $40-to-$50 million on an annualized basis beginning in 1998.</p>
<p>The company said these expected savings are a result of steps it carried out during the second quarter designed to reduce expenses.</p>
<p>During the second quarter, however, these measures reduced after-tax net earnings by $23.7 million in the form of restructuring charges.</p>
<p>The company reported fulling diluted earnings per share for the quarter of $0.74 compared to $0.60 for the same period a year ago. Revenues were $2.6 billion compared to $2.18 billion.</p>
<p>Operating earnings of $1.12 per share fully diluted compared to $0.54 exclude after-tax investment gains of $3.7 million and after-tax restructuring charges of $24.2 million, primarily related to its recent cost reduction program.</p>
</text>
<copyright>(c) Reuters Limited 1997</copyright>
<metadata>
<codes class="bip:countries:1.0">
  <code code="USA">
    <editdetail attribution="Reuters BIP Coding Group" action="confirmed" date="1997-08-07"/>
  </code>
</codes>
<codes class="bip:industries:1.0">
  <code code="I82000">
    <editdetail attribution="Reuters BIP Coding Group" action="confirmed" date="1997-08-07"/>
  </code>
</codes>
<codes class="bip:topics:1.0">
  <code code="C15">
    <editdetail attribution="Reuters BIP Coding Group" action="confirmed" date="1997-08-07"/>
  </code>
  <code code="C152">
    <editdetail attribution="Reuters BIP Coding Group" action="confirmed" date="1997-08-07"/>
  </code>
  <code code="CCAT">
    <editdetail attribution="Reuters BIP Coding Group" action="confirmed" date="1997-08-07"/>
  </code>
</codes>
<dc element="dc.date.created" value="1997-08-07"/>
<dc element="dc.publisher" value="Reuters Holdings Plc"/>
<dc element="dc.date.published" value="1997-08-07"/>
<dc element="dc.source" value="Reuters"/>
<dc element="dc.creator.location" value="NEW YORK"/>
<dc element="dc.creator.location.country.name" value="USA"/>
<dc element="dc.source" value="Reuters"/>
</metadata>
</newsitem>
