<?xml version="1.0" encoding="iso-8859-1" ?>
<newsitem itemid="407197" id="root" date="1997-02-27" xml:lang="en">
<title>CZECH REPUBLIC: Komercni seeks to raise GDR limit - paper.</title>
<headline>Komercni seeks to raise GDR limit - paper.</headline>
<dateline>PRAGUE 1997-02-27</dateline>
<text>
<p>Komercni Banka a.s., the Czech Republic's largest commercial bank, is seeking central bank permission to increase the maximum amount of Global Depositary Receipts (GDRs) it may issue, economic daily Hospodarske Noviny reported on Thursday.</p>
<p>&quot;We would welcome having the current 10 percent limit raised to 12 percent,&quot; the paper quoted Komercni deputy director Petr Budinsky as saying.</p>
<p>Last year, the central bank granted Komercni permission to issue up to 10 percent of its shares as GDRs.</p>
<p>Komercni initially converted 3.2 percent of its shares into GDRs for foreign investors, and has gradually increased the amount through subsequent coversions. Komercni has not said how much of the 10 percent limit it has used.</p>
<p>The GDRs are held by the Bank of New York.</p>
<p>&quot;We have received an application (for raising the GDR limit) from the Bank of New York and (our) supervisors are working on it,&quot; central bank spokesman Martin Svehla told the paper.</p>
<p>Neither central bank officials nor Komercni officials were immediately available for comment.</p>
<p>According to central bank regulations, foreigners may not hold shares in any Czech bank unless they have received permission from the central bank.</p>
<p>The Komercni GDRs have no voting rights, and the issue of the securities has not raised the bank's basic capital.</p>
<p>Budinsky said that if the limit were raised, shares would come from the open market and not the state's holdings in the bank. The state still holds 48.7 percent in Komercni.</p>
<p>-- Alan Crosby, Prague Newsroom, 42-2-2423-0003</p>
</text>
<copyright>(c) Reuters Limited 1997</copyright>
<metadata>
<codes class="bip:countries:1.0">
  <code code="CZREP">
    <editdetail attribution="Reuters BIP Coding Group" action="confirmed" date="1997-02-27"/>
  </code>
</codes>
<codes class="bip:industries:1.0">
  <code code="I81402">
    <editdetail attribution="Reuters BIP Coding Group" action="confirmed" date="1997-02-27"/>
  </code>
</codes>
<codes class="bip:topics:1.0">
  <code code="C13">
    <editdetail attribution="Reuters BIP Coding Group" action="confirmed" date="1997-02-27"/>
  </code>
  <code code="C17">
    <editdetail attribution="Reuters BIP Coding Group" action="confirmed" date="1997-02-27"/>
  </code>
  <code code="C171">
    <editdetail attribution="Reuters BIP Coding Group" action="confirmed" date="1997-02-27"/>
  </code>
  <code code="CCAT">
    <editdetail attribution="Reuters BIP Coding Group" action="confirmed" date="1997-02-27"/>
  </code>
</codes>
<dc element="dc.date.created" value="1997-02-27"/>
<dc element="dc.publisher" value="Reuters Holdings Plc"/>
<dc element="dc.date.published" value="1997-02-27"/>
<dc element="dc.source" value="Reuters"/>
<dc element="dc.creator.location" value="PRAGUE"/>
<dc element="dc.creator.location.country.name" value="CZECH REPUBLIC"/>
<dc element="dc.source" value="Reuters"/>
</metadata>
</newsitem>
