<?xml version="1.0" encoding="iso-8859-1" ?>
<newsitem itemid="468559" id="root" date="1997-03-26" xml:lang="en">
<title>YUGOSLAVIA: SOCCER-YUGOSLAV LEAGUE RESULTS/STANDINGS.</title>
<headline>SOCCER-YUGOSLAV LEAGUE RESULTS/STANDINGS.</headline>
<dateline>BELGRADE 1997-03-26</dateline>
<text>
<p>Results of Yugoslav league</p>
<p>soccer matches played on Wednesday:</p>
<p>Division A</p>
<p> Red Star	 1     Becej	     0</p>
<p> Borac	    1     Hajduk	    2</p>
<p> Zemun	    0     Partizan	  2</p>
<p> Proleter	 1     Vojvodina	 3</p>
<p> Rad		1     Mladost	   2</p>
<p> Buducnost	2     Cukaricki	 0</p>
<p>    Standings	P    W    D    L    F  A   Pts</p>
<p>  1.Partizan	21   18    3    0   59  11   57</p>
<p>  2.Red Star	21   17    2    2   51  16   53</p>
<p>  3.Vojvodina     21   10    7    4   29  18   37</p>
<p>  4.Mladost	 21    9    3    9   30  32   30</p>
<p>  5.Zemun	   21    7    7    7   25  22   28</p>
<p>  6.Hajduk	  21    6    7    8   19  23   25</p>
<p>  7.Buducnost     21    7    4   10   17  25   25</p>
<p>  8.Proleter	21    7    3   11   33  34   24</p>
<p>  9.Rad	     21    5    7    9   20  27   22</p>
<p> 10.Becej	   21    5    5   11   19  32   20</p>
<p> 11.Cukaricki     21    5    5   11   20  34   20</p>
<p> 12.Borac	   21    3    1   17   14  58   10</p>
<p>Division B</p>
<p> Rudar	    4    Sloboda	    2</p>
<p> Radnicki	 0    Obilic	     1</p>
<p> Buducnost	1    Sutjeska	   0</p>
<p> Mladost	  0    Loznica	    0</p>
<p> OFK Beograd    0    Zeleznik	   2</p>
<p> Spartak	  1    OFK Kikinda	0</p>
<p>Standings</p>
<p>  1.Obilic	  21   18    2    1   41   7   56</p>
<p>  2.Loznica	 21   13    1    7   33  16   40</p>
<p>  3.Radnicki	21   10    5    6   35  20   35</p>
<p>  4.OFK Beograd   21   10    5    6   35  20   35</p>
<p>  5.Rudar	   21   10    3    8   32  22   33</p>
<p>  6.Zeleznik	21   10    2    9   25  22   32</p>
<p>  7.Buducnost (V) 21    9    3    9   28  32   30</p>
<p>  8.Sutjeska	21    8    2   11   23  39   26</p>
<p>  9.OFK Kikinda   21    8    1   12   15  23   25</p>
<p> 10.Sloboda	 21    4    5   12   19  30   17</p>
<p> 11.Spartak	 21    5    2   14   17  49   17</p>
<p> 12.Mladost	 21    2    7   12   10  33   13</p>
</text>
<copyright>(c) Reuters Limited 1997</copyright>
<metadata>
<codes class="bip:countries:1.0">
  <code code="YUG">
    <editdetail attribution="Reuters BIP Coding Group" action="confirmed" date="1997-03-26"/>
  </code>
</codes>
<codes class="bip:topics:1.0">
  <code code="GCAT">
    <editdetail attribution="Reuters BIP Coding Group" action="confirmed" date="1997-03-26"/>
  </code>
  <code code="GSPO">
    <editdetail attribution="Reuters BIP Coding Group" action="confirmed" date="1997-03-26"/>
  </code>
</codes>
<dc element="dc.date.created" value="1997-03-26"/>
<dc element="dc.publisher" value="Reuters Holdings Plc"/>
<dc element="dc.date.published" value="1997-03-26"/>
<dc element="dc.source" value="Reuters"/>
<dc element="dc.creator.location" value="BELGRADE"/>
<dc element="dc.creator.location.country.name" value="YUGOSLAVIA"/>
<dc element="dc.source" value="Reuters"/>
</metadata>
</newsitem>
