<?xml version="1.0" encoding="iso-8859-1" ?>
<newsitem itemid="343936" id="root" date="1997-01-30" xml:lang="en">
<title>MOROCCO: Moroccan Cbank withdraws 605 mln dirhams at repo.</title>
<headline>Moroccan Cbank withdraws 605 mln dirhams at repo.</headline>
<dateline>RABAT 1997-01-30</dateline>
<text>
<p>Morocco's Bank al-Maghrib (central bank) withdrew 605 million dirhams from the money market for one week at its repurchase auction, a bank official said on Thursday.</p>
<p>The bank received bids totalling 3.606 billion dirhams and allocated 3.390 billion dirhams at 6.5 percent interest rate. That was less than the 3.995 billion dirhams leaving the market this week, the official said.</p>
<p>It satisfied 94 percent percent of the demand for liquidity.</p>
<p>The next auction is due on February 5, 1997.</p>
<p>($1= 9.16 dirhams)</p>
<p>- Rabat newsroom +212-7 726518</p>
</text>
<copyright>(c) Reuters Limited 1997</copyright>
<metadata>
<codes class="bip:countries:1.0">
  <code code="MOROC">
    <editdetail attribution="Reuters BIP Coding Group" action="confirmed" date="1997-01-30"/>
  </code>
</codes>
<codes class="bip:topics:1.0">
  <code code="M13">
    <editdetail attribution="Reuters BIP Coding Group" action="confirmed" date="1997-01-30"/>
  </code>
  <code code="M131">
    <editdetail attribution="Reuters BIP Coding Group" action="confirmed" date="1997-01-30"/>
  </code>
  <code code="MCAT">
    <editdetail attribution="Reuters BIP Coding Group" action="confirmed" date="1997-01-30"/>
  </code>
</codes>
<dc element="dc.date.created" value="1997-01-30"/>
<dc element="dc.publisher" value="Reuters Holdings Plc"/>
<dc element="dc.date.published" value="1997-01-30"/>
<dc element="dc.source" value="Reuters"/>
<dc element="dc.creator.location" value="RABAT"/>
<dc element="dc.creator.location.country.name" value="MOROCCO"/>
<dc element="dc.source" value="Reuters"/>
</metadata>
</newsitem>
