<?xml version="1.0" encoding="iso-8859-1" ?>
<newsitem itemid="253540" id="root" date="1996-12-12" xml:lang="en">
<title>NETHERLANDS: GAMMA TO BUY 50 PCT STAKE IN FRENCH DELCAR.</title>
<headline>GAMMA TO BUY 50 PCT STAKE IN FRENCH DELCAR.</headline>
<dateline>AMSTERDAM 1996-12-12</dateline>
<text>
<p>Textiles firm Gamma Holding NV said on Thursday it will take a 50 percent stake in French car textile firm Delcar SA via its Belgian unit De Witte Lietaer.    </p>
<p>Gamma said it was to acquire the 50 percent stake in Delcar from French Chargeurs International, currently 100 percent owner of Delcar.</p>
<p>Delcar's turnover amounts to about 75 million guilders and it employs 145 staff.</p>
<p>-- Amsterdam newsroom +31 20 504 5000</p>
</text>
<copyright>(c) Reuters Limited 1996</copyright>
<metadata>
<codes class="bip:countries:1.0">
  <code code="BELG">
    <editdetail attribution="Reuters BIP Coding Group" action="confirmed" date="1996-12-12"/>
  </code>
  <code code="FRA">
    <editdetail attribution="Reuters BIP Coding Group" action="confirmed" date="1996-12-12"/>
  </code>
  <code code="NETH">
    <editdetail attribution="Reuters BIP Coding Group" action="confirmed" date="1996-12-12"/>
  </code>
</codes>
<codes class="bip:topics:1.0">
  <code code="C181">
    <editdetail attribution="Reuters BIP Coding Group" action="confirmed" date="1996-12-12"/>
  </code>
</codes>
<dc element="dc.date.created" value="1996-12-12"/>
<dc element="dc.publisher" value="Reuters Holdings Plc"/>
<dc element="dc.date.published" value="1996-12-12"/>
<dc element="dc.source" value="Reuters"/>
<dc element="dc.creator.location" value="AMSTERDAM"/>
<dc element="dc.creator.location.country.name" value="NETHERLANDS"/>
<dc element="dc.source" value="Reuters"/>
</metadata>
</newsitem>
