<?xml version="1.0" encoding="iso-8859-1" ?>
<newsitem itemid="389714" id="root" date="1997-02-19" xml:lang="en">
<title>SPAIN: Telefonica sale coordinators to use &quot;green shoe&quot;.</title>
<headline>Telefonica sale coordinators to use &quot;green shoe&quot;.</headline>
<dateline>MADRID 1997-02-19</dateline>
<text>
<p>Coordinators of the share sale of Spanish telecoms operator Telefonica de Espana will exercise the &quot;green shoe&quot; option to buy about 20 million reserve shares to cover excess demand, a source close to the operation said.</p>
<p>The state's sale of its remaining 21 percent stake on Monday was oversubscribed by nine times on the retail tranche and more than four percent on the institutional tranche.  </p>
<p>The 20.5 million &quot;green shoe&quot; shares would join the 171 million shares that were allocated to both retail and institutional investors and began quoting on Tuesday.</p>
<p>Telefonica shares gained five pesetas on the institutional tranche price of 3,360 to 3,365 pesetas in early trade.</p>
<p>-- Madrid newsroom + 34 1 585 2151</p>
</text>
<copyright>(c) Reuters Limited 1997</copyright>
<metadata>
<codes class="bip:countries:1.0">
  <code code="SPAIN">
    <editdetail attribution="Reuters BIP Coding Group" action="confirmed" date="1997-02-19"/>
  </code>
</codes>
<codes class="bip:industries:1.0">
  <code code="I79020">
    <editdetail attribution="Reuters BIP Coding Group" action="confirmed" date="1997-02-19"/>
  </code>
</codes>
<codes class="bip:topics:1.0">
  <code code="C17">
    <editdetail attribution="Reuters BIP Coding Group" action="confirmed" date="1997-02-19"/>
  </code>
  <code code="C171">
    <editdetail attribution="Reuters BIP Coding Group" action="confirmed" date="1997-02-19"/>
  </code>
  <code code="C18">
    <editdetail attribution="Reuters BIP Coding Group" action="confirmed" date="1997-02-19"/>
  </code>
  <code code="C181">
    <editdetail attribution="Reuters BIP Coding Group" action="confirmed" date="1997-02-19"/>
  </code>
  <code code="CCAT">
    <editdetail attribution="Reuters BIP Coding Group" action="confirmed" date="1997-02-19"/>
  </code>
</codes>
<dc element="dc.date.created" value="1997-02-19"/>
<dc element="dc.publisher" value="Reuters Holdings Plc"/>
<dc element="dc.date.published" value="1997-02-19"/>
<dc element="dc.source" value="Reuters"/>
<dc element="dc.creator.location" value="MADRID"/>
<dc element="dc.creator.location.country.name" value="SPAIN"/>
<dc element="dc.source" value="Reuters"/>
</metadata>
</newsitem>
