<?xml version="1.0" encoding="iso-8859-1" ?>
<newsitem itemid="594374" id="root" date="1997-05-19" xml:lang="en">
<title>SOUTH AFRICA: PRESS DIGEST - South Africa - May 19.</title>
<headline>PRESS DIGEST - South Africa - May 19.</headline>
<dateline>JOHANNESBURG 1997-05-19</dateline>
<text>
<p>These are the Leading stories in the South African press on Monday.</p>
<p>Reuters has not verified these stories and does not vouch for their accuracy.</p>
<p>- - - -</p>
<p>BUSINESS DAY</p>
<p>- JCI Ltd has kick-started talks to merge with UK conglomerate Lonrho Pl# in a deal which would create one of the world's largest mining houses, with a market value of more than $3 billion, industry sources said.</p>
<p>- South Africa granted official recognition on Sunday to Laurent Kabila as president of Zaire, renamed the Democratic Republic of Congo.</p>
<p>- The Infrastructure Finance Corporation, Inca, which provides finance for local authorities, has disbursed the proceeds of 500 million rand it raised through a private placing earlier this year.</p>
<p>- President Nelson Mandela said on Sunday he knew whk ordered the assassination of African National Congress (ANC) councillor Rodney van der Byl in Richmond, KwaZulu Natal.</p>
<p>- The expected walkout by National Party (NP) members following Roelf Meyer's weekend resignation was likely to include ward councillors from four provinceq, some provincial MPs and about 80 percent of Gauteng's youth, party insiders said on Sunday.</p>
<p>- - - -</p>
<p>BUSINESS REPORT</p>
<p>- South Africa's first black-ovned mining houe, JCI, has started merger talks with British conglomerate Lonrho in a deal that could create one of the world's largest mining companies, a British newspaper reported on Sunday.</p>
<p>- The fallout from Piet den Boer's resignation as chairman last month continues to plague Q Data, the information technology company, whose share fell 26 cents to a seven month low of 7.94 rand on Friday.</p>
<p>- Co-ordinated Network Investments (CNI), the investment company led by management sonsultant Reuel Khoza, has bought a 10 percent stake in unlisted short-term insurer Guardrisk for an undisclosed sum, the companies said at the weekend.</p>
<p>- - - -</p>
<p>SAKE BEELD</p>
<p>- Namakwa Sands, the world's largest producern of heavy minerals, is concerned about when its second phase will take place.</p>
<p>- The South African financial markets are on the look-out for a positive economic news fo2 the next two weeks after being rocked the previous week.</p>
<p>- - - -</p>
<p>THE STAR</p>
<p>- At least 200 people have been killed in Kinshasa since Laurent Kabila's forces entered the capital, Zairean Red Cross officials said last night.</p>
<p>- Deputy President Thabo Mbeki led a high-powered delegation of government officials to Lubumbashi on Sunday to meet self-proclaimed new Zairian President Laurent Kabila to seek assurances that he intended respecting democratic rights.</p>
<p>- Soshanguve, north of Pretoria, remained tense on Sunday afternoon with police backed by soldiers maintaining a strong presence in anticipation of a flare-up of taxi-related violence following the burial of two murdered taxi owners.</p>
<p>-- Johannesburg newsroom +27 11 482 1003</p>
</text>
<copyright>(c) Reuters Limited 1997</copyright>
<metadata>
<codes class="bip:countries:1.0">
  <code code="SAFR">
    <editdetail attribution="Reuters BIP Coding Group" action="confirmed" date="1997-05-19"/>
  </code>
</codes>
<codes class="bip:topics:1.0">
  <code code="GCAT">
    <editdetail attribution="Reuters BIP Coding Group" action="confirmed" date="1997-05-19"/>
  </code>
</codes>
<dc element="dc.date.created" value="1997-05-19"/>
<dc element="dc.publisher" value="Reuters Holdings Plc"/>
<dc element="dc.date.published" value="1997-05-19"/>
<dc element="dc.source" value="Reuters"/>
<dc element="dc.creator.location" value="JOHANNESBURG"/>
<dc element="dc.creator.location.country.name" value="SOUTH AFRICA"/>
<dc element="dc.source" value="Reuters"/>
</metadata>
</newsitem>
