<?xml version="1.0" encoding="iso-8859-1" ?>
<newsitem itemid="398416" id="root" date="1997-02-24" xml:lang="en">
<title>ITALY: Italy offers 13.0 trln lire bonds, certificates.</title>
<headline>Italy offers 13.0 trln lire bonds, certificates.</headline>
<dateline>ROME 1997-02-24</dateline>
<text>
<p>The Italian Treasury said on Monday it would issue a total of 13.0 trillion lire of medium to long-term paper for sale at its regular end-month auction.  </p>
<p>The Treasury said in a statement said it would offer:</p>
<p>* 2.5 trillion lire of three-year fixed rate bonds (BTP) paying a 6.0 percent coupon.</p>
<p>* 2.5 trillion lire of five-year 6.25 percent BTPs</p>
<p>* 2.0 trillion lire of 10-year 6.75 percent BTPs.</p>
<p>* 1.5 trillion lire of 30-year 7.25 percent BTPs</p>
<p>* 4.5 trillion lire of 7-year floating rate certificates (CCTs) paying an initial 3.45 percent coupon.</p>
<p>Subscriptions for the CCT, 10-year and 30-year BTP auctions close at 1200 GMT on February 27.</p>
<p>Subscriptions for the three and five year BTP auctions close at 1200 GMT on February 28.</p>
<p>-- Rome newsroom +396 6782501</p>
</text>
<copyright>(c) Reuters Limited 1997</copyright>
<metadata>
<codes class="bip:countries:1.0">
  <code code="ITALY">
    <editdetail attribution="Reuters BIP Coding Group" action="confirmed" date="1997-02-24"/>
  </code>
</codes>
<codes class="bip:topics:1.0">
  <code code="E21">
    <editdetail attribution="Reuters BIP Coding Group" action="confirmed" date="1997-02-24"/>
  </code>
  <code code="E212">
    <editdetail attribution="Reuters BIP Coding Group" action="confirmed" date="1997-02-24"/>
  </code>
  <code code="ECAT">
    <editdetail attribution="Reuters BIP Coding Group" action="confirmed" date="1997-02-24"/>
  </code>
  <code code="M12">
    <editdetail attribution="Reuters BIP Coding Group" action="confirmed" date="1997-02-24"/>
  </code>
  <code code="MCAT">
    <editdetail attribution="Reuters BIP Coding Group" action="confirmed" date="1997-02-24"/>
  </code>
</codes>
<dc element="dc.date.created" value="1997-02-24"/>
<dc element="dc.publisher" value="Reuters Holdings Plc"/>
<dc element="dc.date.published" value="1997-02-24"/>
<dc element="dc.source" value="Reuters"/>
<dc element="dc.creator.location" value="ROME"/>
<dc element="dc.creator.location.country.name" value="ITALY"/>
<dc element="dc.source" value="Reuters"/>
</metadata>
</newsitem>
