<?xml version="1.0" encoding="iso-8859-1" ?>
<newsitem itemid="105006" id="root" date="1996-10-09" xml:lang="en">
<title>CZECH REPUBLIC: Czech IPB confirms CZK 1.2 bln Q1-Q3 net. [corrected 10:55 gmt]</title>
<headline>Czech IPB confirms CZK 1.2 bln Q1-Q3 net. [corrected 10:55 gmt]</headline>
<dateline>PRAGUE 1996-10-09</dateline>
<text>
<p>Czech Investicni a Postovni Banka a.s. on Wednesday said its net profit for the first three quarters of the year totalled 1.2 billion crowns, &quot;up 475 million crowns&quot; from the nine month net result for 1995.</p>
<p>Spokesman Jan Rezek said in a statement that the bank expected full year 1996 net profit of 1.6 billion crowns, up from 1.127 billion crowns last year.  </p>
<p>&quot;For the first three quarters of this year, the bank created new reserves and provisions to cover credit risk in the amount exceeding two billion crowns,&quot; Rezek said.</p>
<p>The preliminary results were according to Czech accounting standards, he said.</p>
<p>Rezek said the entire IPB credit portfolio totalled 143 billion crowns at the end of September of which Czech crown credits granted totalled more than 131 billion.</p>
<p>Total deposits were 159 billion crowns. Comparative results for the same period in 1995 were not given.</p>
<p>Rezek said IPB was able to reduce the &quot;total volume of so-called classified credit to 20 (Corrects from 12) percent&quot; of the total &quot;which is markedly below the average in the Czech banking sector&quot;.</p>
</text>
<copyright>(c) Reuters Limited 1996</copyright>
<metadata>
<codes class="bip:countries:1.0">
  <code code="CZREP">
    <editdetail attribution="Reuters BIP Coding Group" action="confirmed" date="1996-10-09"/>
  </code>
</codes>
<codes class="bip:industries:1.0">
  <code code="I81402">
    <editdetail attribution="Reuters BIP Coding Group" action="confirmed" date="1996-10-09"/>
  </code>
</codes>
<codes class="bip:topics:1.0">
  <code code="C15">
    <editdetail attribution="Reuters BIP Coding Group" action="confirmed" date="1996-10-09"/>
  </code>
  <code code="C151">
    <editdetail attribution="Reuters BIP Coding Group" action="confirmed" date="1996-10-09"/>
  </code>
  <code code="CCAT">
    <editdetail attribution="Reuters BIP Coding Group" action="confirmed" date="1996-10-09"/>
  </code>
</codes>
<dc element="dc.date.created" value="1996-10-09"/>
<dc element="dc.publisher" value="Reuters Holdings Plc"/>
<dc element="dc.date.published" value="1996-10-09"/>
<dc element="dc.source" value="Reuters"/>
<dc element="dc.creator.location" value="PRAGUE"/>
<dc element="dc.creator.location.country.name" value="CZECH REPUBLIC"/>
<dc element="dc.source" value="Reuters"/>
</metadata>
</newsitem>
