<?xml version="1.0" encoding="iso-8859-1" ?>
<newsitem itemid="349541" id="root" date="1997-02-02" xml:lang="en">
<title>ITALY: SOCCER-ITALIAN FIRST DIVISION MATCH SUMMARIES.</title>
<headline>SOCCER-ITALIAN FIRST DIVISION MATCH SUMMARIES.</headline>
<dateline>ROME 1997-02-02</dateline>
<text>
<p>(Adds late match)</p>
<p>Summaries of Italian first division soccer matches played on Sunday:</p>
<p> Bologna			6 - Scapolo 12 and 48, Paramatti 21</p>
<p>					Marocchi 27, Andersson 42</p>
<p>					Shalimov 81</p>
<p> Verona			     1 - Zanini 17</p>
<p>HT: 4-1  Att: 25,000</p>
<p>- - - -</p>
<p> Cagliari		     0</p>
<p> Juventus		     0</p>
<p>Red card - Montero (J) 34</p>
<p>HT: 0-0  Att: 30,000</p>
<p>- - - -</p>
<p> Milan			  2 - Weah 37 and 57</p>
<p> Sampdoria		    3 - Mancini 1, Mihajlovic 74</p>
<p>					Carparelli 79</p>
<p>Red card - Ferron (S) 22</p>
<p>HT: 1-1  Att: 50,000</p>
<p>- - - -</p>
<p> Parma			  1 - Chiesa 57</p>
<p> Piacenza		     0</p>
<p>HT: 0-0  Att: 20,000</p>
<p>- - - -</p>
<p> Perugia			0</p>
<p> Inter			  0</p>
<p>HT: 0-0  Att: 15,000</p>
<p>- - - -</p>
<p> Reggiana		     1 - Beiersdorfer 60</p>
<p> Napoli			 1 - Aglietti 44</p>
<p>HT: 0-1  Att: 11,000</p>
<p>- - - -</p>
<p> Roma			   2 - Balbo 9 and 86</p>
<p> Vicenza			0</p>
<p>HT: 1-0  Att: 50,900</p>
<p>- - - -</p>
<p> Udinese			2 - Amoroso pen 75 and 90</p>
<p> Lazio			  3 - Signori pen 16 and 59, Nedved 90</p>
<p>Red card - Favalli (L) 68</p>
<p>HT: 0-1  Att: 12,000</p>
<p>- - - -</p>
<p>Fiorentina		    0</p>
<p>Atalanta			0</p>
<p>HT: 0-0  Att: 36,000</p>
</text>
<copyright>(c) Reuters Limited 1997</copyright>
<metadata>
<codes class="bip:countries:1.0">
  <code code="ITALY">
    <editdetail attribution="Reuters BIP Coding Group" action="confirmed" date="1997-02-02"/>
  </code>
</codes>
<codes class="bip:topics:1.0">
  <code code="GCAT">
    <editdetail attribution="Reuters BIP Coding Group" action="confirmed" date="1997-02-02"/>
  </code>
  <code code="GSPO">
    <editdetail attribution="Reuters BIP Coding Group" action="confirmed" date="1997-02-02"/>
  </code>
</codes>
<dc element="dc.date.created" value="1997-02-02"/>
<dc element="dc.publisher" value="Reuters Holdings Plc"/>
<dc element="dc.date.published" value="1997-02-02"/>
<dc element="dc.source" value="Reuters"/>
<dc element="dc.creator.location" value="ROME"/>
<dc element="dc.creator.location.country.name" value="ITALY"/>
<dc element="dc.source" value="Reuters"/>
</metadata>
</newsitem>
