<?xml version="1.0" encoding="iso-8859-1" ?>
<newsitem itemid="469763" id="root" date="1997-03-26" xml:lang="en">
<title>FRANCE: Air France pct of ADP traffic off in Jan-Feb.</title>
<headline>Air France pct of ADP traffic off in Jan-Feb.</headline>
<dateline>PARIS 1997-03-26</dateline>
<text>
<p>Air France's share of global air cargo tonnage handled at the two Paris airports, Charles de Gaulle and Orly, in the first two months of 1997 decreased on 1996 as a whole, Aeroport de Paris (ADP) figures show.</p>
<p>Air France's share of ADP's global cargo tonnage in the period in question, totalling 169,996 tonnes, was 54.0 percent compared to 55.5 percent in 1996.</p>
<p>The top 10 cargo-handling airlines at the ADP, by tonnage share, in January-February 1997, together with 1996 full-year tonnage share, were as follows:</p>
<p>				Jan-Feb 97   96(full year)</p>
<p> Air France		 54.0pct	55.5</p>
<p> FedEx			 7.5	    6.8</p>
<p> Air France Europe	 3.2	    3.8</p>
<p> American Airlines	 2.2	    2.0</p>
<p> Air Canada		  2.2	    1.7</p>
<p> L'Aeropostale	     1.8	    1.9</p>
<p> Japan Airlines	    1.7	    1.6</p>
<p> United Airlines	   1.7	    1.3</p>
<p> Air Jet		     1.3	    1.5</p>
<p> Air Outre Mer (AOM)     1.5	    n/a</p>
<p>- Reuters Air Cargo Newsroom Tel+44 171 542 7706 Fax:5017</p>
</text>
<copyright>(c) Reuters Limited 1997</copyright>
<metadata>
<codes class="bip:countries:1.0">
  <code code="FRA">
    <editdetail attribution="Reuters BIP Coding Group" action="confirmed" date="1997-03-26"/>
  </code>
</codes>
<codes class="bip:industries:1.0">
  <code code="I75000">
    <editdetail attribution="Reuters BIP Coding Group" action="confirmed" date="1997-03-26"/>
  </code>
  <code code="I76400">
    <editdetail attribution="Reuters BIP Coding Group" action="confirmed" date="1997-03-26"/>
  </code>
  <code code="I77002">
    <editdetail attribution="Reuters BIP Coding Group" action="confirmed" date="1997-03-26"/>
  </code>
</codes>
<codes class="bip:topics:1.0">
  <code code="C31">
    <editdetail attribution="Reuters BIP Coding Group" action="confirmed" date="1997-03-26"/>
  </code>
  <code code="C313">
    <editdetail attribution="Reuters BIP Coding Group" action="confirmed" date="1997-03-26"/>
  </code>
  <code code="CCAT">
    <editdetail attribution="Reuters BIP Coding Group" action="confirmed" date="1997-03-26"/>
  </code>
</codes>
<dc element="dc.date.created" value="1997-03-26"/>
<dc element="dc.publisher" value="Reuters Holdings Plc"/>
<dc element="dc.date.published" value="1997-03-26"/>
<dc element="dc.source" value="Reuters"/>
<dc element="dc.creator.location" value="PARIS"/>
<dc element="dc.creator.location.country.name" value="FRANCE"/>
<dc element="dc.source" value="Reuters"/>
</metadata>
</newsitem>
