<?xml version="1.0" encoding="iso-8859-1" ?>
<newsitem itemid="616916" id="root" date="1997-05-27" xml:lang="en">
<title>USA: U.S. West Coast light crude eases in thin trade.</title>
<headline>U.S. West Coast light crude eases in thin trade.</headline>
<dateline>HOUSTON 1997-05-27</dateline>
<text>
<p>U.S. West Coast light crude prices were seen easing on Tuesday in quiet talk as traders returned from the three-day holiday weekend, traders said.</p>
<p>&quot;Everybody is taking a breather and waiting&quot; for release of the weekly American Petroleum Institute inventory estimates, one West Coast trader said.</p>
<p>&quot;It's pretty quiet,&quot; said a trader with BP America, which on Friday sold a 400,000 barrel cargo of benchmark Alaska North Slope (ANS) crude at a discount of $1.75 a barrel under July West Texas/Intermediate (WTI).</p>
<p>Last week's deal between BP America, a unit of British Petroleum Plc, and Texaco Trading and Marketing increased the ANS discount by 25 cents a barrel, traders said.</p>
<p>Meanwhile, ARCO Pipeline Co said it would accept all nominations on its Line 63 crude line between Los Angeles refineries and fields in Bakersfield, Calif.</p>
<p>In the cash market, technical selling on the NYMEX and perceptions of a lack of refiner demand for prompt July barrels pushed prices lower, with WTI ending the day at $20.70 a barrel bid, $20.80 asked.</p>
<p>-- Houston Bureau ((+1 713 210-8508))</p>
</text>
<copyright>(c) Reuters Limited 1997</copyright>
<metadata>
<codes class="bip:countries:1.0">
  <code code="USA">
    <editdetail attribution="Reuters BIP Coding Group" action="confirmed" date="1997-05-27"/>
  </code>
</codes>
<codes class="bip:topics:1.0">
  <code code="M14">
    <editdetail attribution="Reuters BIP Coding Group" action="confirmed" date="1997-05-27"/>
  </code>
  <code code="M143">
    <editdetail attribution="Reuters BIP Coding Group" action="confirmed" date="1997-05-27"/>
  </code>
  <code code="MCAT">
    <editdetail attribution="Reuters BIP Coding Group" action="confirmed" date="1997-05-27"/>
  </code>
</codes>
<dc element="dc.date.created" value="1997-05-27"/>
<dc element="dc.publisher" value="Reuters Holdings Plc"/>
<dc element="dc.date.published" value="1997-05-27"/>
<dc element="dc.source" value="Reuters"/>
<dc element="dc.creator.location" value="HOUSTON"/>
<dc element="dc.creator.location.country.name" value="USA"/>
<dc element="dc.source" value="Reuters"/>
</metadata>
</newsitem>
