<?xml version="1.0" encoding="iso-8859-1" ?>
<newsitem itemid="321775" id="root" date="1997-01-21" xml:lang="en">
<title>USA: US Plains cattle market quiet, no sales - feedlots.</title>
<headline>US Plains cattle market quiet, no sales - feedlots.</headline>
<dateline>CHICAGO 1997-01-21</dateline>
<text>
<p>U.S. Plains feedlot cattle markets near midday Tuesday remained quiet, with no reported sales, feedlot sources said.</p>
<p>Packers were bidding $65.00 per cwt, but the bids were passed by owners who were pricing cattle at $67.00 to $68.00, sources said.</p>
<p>Cattle feeders' pricing stances were tied to ideas that packer demand will be strong this week to fill retail beef orders for planned features the next two weeks.</p>
<p>Expectations for firm cattle prices also were sparked by light cattle weights compared with a year ago, sources said.</p>
</text>
<copyright>(c) Reuters Limited 1997</copyright>
<metadata>
<codes class="bip:countries:1.0">
  <code code="USA">
    <editdetail attribution="Reuters BIP Coding Group" action="confirmed" date="1997-01-21"/>
  </code>
</codes>
<codes class="bip:topics:1.0">
  <code code="M14">
    <editdetail attribution="Reuters BIP Coding Group" action="confirmed" date="1997-01-21"/>
  </code>
  <code code="M141">
    <editdetail attribution="Reuters BIP Coding Group" action="confirmed" date="1997-01-21"/>
  </code>
  <code code="MCAT">
    <editdetail attribution="Reuters BIP Coding Group" action="confirmed" date="1997-01-21"/>
  </code>
</codes>
<dc element="dc.date.created" value="1997-01-21"/>
<dc element="dc.publisher" value="Reuters Holdings Plc"/>
<dc element="dc.date.published" value="1997-01-21"/>
<dc element="dc.source" value="Reuters"/>
<dc element="dc.creator.location" value="CHICAGO"/>
<dc element="dc.creator.location.country.name" value="USA"/>
<dc element="dc.source" value="Reuters"/>
</metadata>
</newsitem>
