<?xml version="1.0" encoding="iso-8859-1" ?>
<newsitem itemid="124606" id="root" date="1996-10-17" xml:lang="en">
<title>UK: BOE gives UK money market 60 mln stg late help.</title>
<headline>BOE gives UK money market 60 mln stg late help.</headline>
<dateline>LONDON 1996-10-17</dateline>
<text>
<p>The Bank of England said it provided the UK money market with around 60 million stg of unspecified late assistance.</p>
<p>			    EARLY	1100 GMT   1300 GMT   LATE</p>
<p> FORECAST SHORTAGE    1.6 BLN    1.6 BLN    1.6 BLN    1.6 BLN</p>
<p> CUMULATIVE SUPPLY    553 MLN    1.075 BLN  1.562 BLN  1.622 BLN</p>
<p>DETAILS</p>
<p> BAND 1  T-BILLS	100 MLN*   200 MLN*   293 MLN*    =</p>
<p> BAND 1 BANK BILLS    =	     26 MLN*   194 MLN*   =</p>
<p> BAND 2  BANK BILLS   353 MLN*   =	    =	    =</p>
<p> BAND 2  T-BILLS	=	    180 MLN*   =	    =</p>
<p> BILLS/FRG TO NOV 4   100 MLN#   116 MLN#   =	    =</p>
<p> UNSPECIFIED ASSISTANCE					  60 MLN</p>
<p>* INTEREST RATE 5-11/16 PCT (INDICATES UNCHANGED BASE RATES)</p>
<p># INTEREST RATE 5-23/32 PCT</p>
</text>
<copyright>(c) Reuters Limited 1996</copyright>
<metadata>
<codes class="bip:countries:1.0">
  <code code="UK">
    <editdetail attribution="Reuters BIP Coding Group" action="confirmed" date="1996-10-17"/>
  </code>
</codes>
<codes class="bip:topics:1.0">
  <code code="M13">
    <editdetail attribution="Reuters BIP Coding Group" action="confirmed" date="1996-10-17"/>
  </code>
  <code code="M131">
    <editdetail attribution="Reuters BIP Coding Group" action="confirmed" date="1996-10-17"/>
  </code>
  <code code="MCAT">
    <editdetail attribution="Reuters BIP Coding Group" action="confirmed" date="1996-10-17"/>
  </code>
</codes>
<dc element="dc.date.created" value="1996-10-17"/>
<dc element="dc.publisher" value="Reuters Holdings Plc"/>
<dc element="dc.date.published" value="1996-10-17"/>
<dc element="dc.source" value="Reuters"/>
<dc element="dc.creator.location" value="LONDON"/>
<dc element="dc.creator.location.country.name" value="UK"/>
<dc element="dc.source" value="Reuters"/>
</metadata>
</newsitem>
