<?xml version="1.0" encoding="iso-8859-1" ?>
<newsitem itemid="748102" id="root" date="1997-07-23" xml:lang="en">
<title>USA: TABLE - EIS International Inc Q2 shr down.</title>
<headline>TABLE - EIS International Inc Q2 shr down.</headline>
<dateline>HERNDON, Va. 1997-07-23</dateline>
<text>
<p>(In Thousands, Except Per Share Amounts)</p>
<p>					   Three Months  Six Months</p>
<p>					 Ended June 30,  Ended June 30,</p>
<p>					1997  1996(A)    1997   1996(A)</p>
<p> Total revenues		 23,113   30,616  43,336    56,380</p>
<p>Operating cost and expense:</p>
<p>Research and development cost</p>
<p>				     3,156    3,310   6,402     6,054</p>
<p>Sales, general and administrative</p>
<p>				     8,240    9,840  18,441    19,882</p>
<p>  Restructuring costs	     --	 --   2,877	  --</p>
<p>Acquired technology in process</p>
<p>					  --	 --	--    16,900</p>
<p>   Total			  11,396   13,150  27,720    42,836</p>
<p> Operating income (loss)     1,863    5,982  (4,030)  (7,927)</p>
<p>Income (loss) from continuing</p>
<p>  operations		    1,359    3,951  (2,163)  (11,291)</p>
<p>Discontinued operations:</p>
<p>Loss on discontinued operations,</p>
<p>   net of tax benefit	     --    (808)	--   (1,381)</p>
<p> Net income (loss)	     1,359    3,143 (2,163)  (12,672)</p>
<p>Primary earnings (loss) per share:</p>
<p>  Continuing operations	 0.12     0.34  (0.19)    (1.09)</p>
<p>  Discontinued operations	 --   (0.07)	--    (0.13)</p>
<p>Net income (loss) per share</p>
<p>					0.12     0.27  (0.19)    (1.22)</p>
<p>Fully diluted earnings (loss)</p>
<p>per share:</p>
<p>  Continuing operations	 0.12     0.34  (0.19)    (1.09)</p>
<p>  Discontinued operations	 --   (0.07)	--    (0.13)</p>
<p>Net income (loss) per share</p>
<p>					0.12     0.27  (0.19)    (1.22)</p>
<p>Weighted average common and</p>
<p>common equivalent shares:</p>
<p>  Primary			 11,405   11,609  11,179    10,354</p>
<p>  Fully Diluted		 11,500   11,727  11,179    10,354</p>
<p>NOTE - (A)  The results of operations for the three and six month periods ended June 30, 1996 have been reclassified to reflect the results of Surefind on a discontinued operations basis.</p>
<p>((-- New York Newsdesk 212-859-1610))</p>
</text>
<copyright>(c) Reuters Limited 1997</copyright>
<metadata>
<codes class="bip:countries:1.0">
  <code code="USA">
    <editdetail attribution="Reuters BIP Coding Group" action="confirmed" date="1997-07-23"/>
  </code>
</codes>
<codes class="bip:industries:1.0">
  <code code="I33020">
    <editdetail attribution="Reuters BIP Coding Group" action="confirmed" date="1997-07-23"/>
  </code>
</codes>
<codes class="bip:topics:1.0">
  <code code="C15">
    <editdetail attribution="Reuters BIP Coding Group" action="confirmed" date="1997-07-23"/>
  </code>
  <code code="C151">
    <editdetail attribution="Reuters BIP Coding Group" action="confirmed" date="1997-07-23"/>
  </code>
  <code code="CCAT">
    <editdetail attribution="Reuters BIP Coding Group" action="confirmed" date="1997-07-23"/>
  </code>
</codes>
<dc element="dc.date.created" value="1997-07-23"/>
<dc element="dc.publisher" value="Reuters Holdings Plc"/>
<dc element="dc.date.published" value="1997-07-23"/>
<dc element="dc.source" value="Reuters"/>
<dc element="dc.creator.location" value="HERNDON, Va."/>
<dc element="dc.creator.location.country.name" value="USA"/>
<dc element="dc.source" value="Reuters"/>
</metadata>
</newsitem>
