<?xml version="1.0" encoding="iso-8859-1" ?>
<newsitem itemid="32586" id="root" date="1996-09-04" xml:lang="en">
<title>USA: Norsk Hydro grants Dresser pact.</title>
<headline>Norsk Hydro grants Dresser pact.</headline>
<dateline>DALLAS 1996-09-04</dateline>
<text>
<p>Dresser Industries Inc said on Wednesday that Norsk Hydro has awarded a $35 million contract to a joint venture between Dresser and Halliburton Co for work on a group of oil wells to be tied to the Troll Olje B platform.</p>
<p>If options are included the contract value could rise to $310 million, Dresser Industries said.</p>
<p>The venture will make, install and commission risers, subsea flowlines and control cables for the wells and contains options for nine additional groups of wells, gas lift umbilicals and gas and oil export risers, Dresser said.</p>
</text>
<copyright>(c) Reuters Limited 1996</copyright>
<metadata>
<codes class="bip:countries:1.0">
  <code code="NORW">
    <editdetail attribution="Reuters BIP Coding Group" action="confirmed" date="1996-09-04"/>
  </code>
  <code code="USA">
    <editdetail attribution="Reuters BIP Coding Group" action="confirmed" date="1996-09-04"/>
  </code>
</codes>
<codes class="bip:industries:1.0">
  <code code="I13000">
    <editdetail attribution="Reuters BIP Coding Group" action="confirmed" date="1996-09-04"/>
  </code>
  <code code="I32000">
    <editdetail attribution="Reuters BIP Coding Group" action="confirmed" date="1996-09-04"/>
  </code>
</codes>
<codes class="bip:topics:1.0">
  <code code="C11">
    <editdetail attribution="Reuters BIP Coding Group" action="confirmed" date="1996-09-04"/>
  </code>
  <code code="C33">
    <editdetail attribution="Reuters BIP Coding Group" action="confirmed" date="1996-09-04"/>
  </code>
  <code code="CCAT">
    <editdetail attribution="Reuters BIP Coding Group" action="confirmed" date="1996-09-04"/>
  </code>
</codes>
<dc element="dc.date.created" value="1996-09-04"/>
<dc element="dc.publisher" value="Reuters Holdings Plc"/>
<dc element="dc.date.published" value="1996-09-04"/>
<dc element="dc.source" value="Reuters"/>
<dc element="dc.creator.location" value="DALLAS"/>
<dc element="dc.creator.location.country.name" value="USA"/>
<dc element="dc.source" value="Reuters"/>
</metadata>
</newsitem>
