<?xml version="1.0" encoding="iso-8859-1" ?>
<newsitem itemid="122366" id="root" date="1996-10-17" xml:lang="en">
<title>USA: IPO PRICING - Viatel prices at $12/shr.</title>
<headline>IPO PRICING - Viatel prices at $12/shr.</headline>
<dateline>NEW YORK 1996-10-17</dateline>
<text>
<p>Company Name			   Viatel Inc</p>
<p>    Priced At				    $12.00</p>
<p>    Estimated Pricing Range		 $12-$15</p>
<p>    Number of Shares			8,667,000</p>
<p>    Lead Underwriter			  Salomon</p>
<p>-- New York Newsdesk 212-859-1610.</p>
</text>
<copyright>(c) Reuters Limited 1996</copyright>
<metadata>
<codes class="bip:countries:1.0">
  <code code="USA">
    <editdetail attribution="Reuters BIP Coding Group" action="confirmed" date="1996-10-17"/>
  </code>
</codes>
<codes class="bip:industries:1.0">
  <code code="I79020">
    <editdetail attribution="Reuters BIP Coding Group" action="confirmed" date="1996-10-17"/>
  </code>
</codes>
<codes class="bip:topics:1.0">
  <code code="C17">
    <editdetail attribution="Reuters BIP Coding Group" action="confirmed" date="1996-10-17"/>
  </code>
  <code code="C171">
    <editdetail attribution="Reuters BIP Coding Group" action="confirmed" date="1996-10-17"/>
  </code>
  <code code="CCAT">
    <editdetail attribution="Reuters BIP Coding Group" action="confirmed" date="1996-10-17"/>
  </code>
</codes>
<dc element="dc.date.created" value="1996-10-17"/>
<dc element="dc.publisher" value="Reuters Holdings Plc"/>
<dc element="dc.date.published" value="1996-10-17"/>
<dc element="dc.source" value="Reuters"/>
<dc element="dc.creator.location" value="NEW YORK"/>
<dc element="dc.creator.location.country.name" value="USA"/>
<dc element="dc.source" value="Reuters"/>
</metadata>
</newsitem>
