<?xml version="1.0" encoding="iso-8859-1" ?>
<newsitem itemid="717982" id="root" date="1997-07-09" xml:lang="en">
<title>TAIWAN: China Development limit up in bonus, rights issue.</title>
<headline>China Development limit up in bonus, rights issue.</headline>
<dateline>TAIPEI 1997-07-09</dateline>
<text>
<p>China Development Corp surged in late Wednesday trade after saying it plans to issue a T$3 per share bonus and 421 million shares in rights issue on July 23, brokers said.</p>
<p>The rights issue of 421 million shares would have an underwriting price of T$71 per share, said China Development, one of Taiwan's leading venture capital and investment firms.</p>
<p>With 35 minutes left, at 0325 GMT, China Development was up T$9.5, or the daily seven percent limit, to T$155.  </p>
<p>Brokers said China Development, which has applied to the finance ministry for permission to convert into an industrial bank, has potential to rise further because of its active investment in high-technology industry.</p>
<p>&quot;With its active investment in many of Taiwan's best high-technology firms, China Development has the potential to generate huge profits,&quot; said indepedent analyst Michael Hung.</p>
<p>&quot;Its rise has just started, and it wouldn't surprise me if China Development surges to T$200,&quot; Hung said.</p>
<p>-- Taipei newsroom (886-2-5080815)</p>
</text>
<copyright>(c) Reuters Limited 1997</copyright>
<metadata>
<codes class="bip:countries:1.0">
  <code code="TAIWAN">
    <editdetail attribution="Reuters BIP Coding Group" action="confirmed" date="1997-07-09"/>
  </code>
</codes>
<codes class="bip:industries:1.0">
  <code code="I83100">
    <editdetail attribution="Reuters BIP Coding Group" action="confirmed" date="1997-07-09"/>
  </code>
</codes>
<codes class="bip:topics:1.0">
  <code code="C15">
    <editdetail attribution="Reuters BIP Coding Group" action="confirmed" date="1997-07-09"/>
  </code>
  <code code="C152">
    <editdetail attribution="Reuters BIP Coding Group" action="confirmed" date="1997-07-09"/>
  </code>
  <code code="C17">
    <editdetail attribution="Reuters BIP Coding Group" action="confirmed" date="1997-07-09"/>
  </code>
  <code code="C171">
    <editdetail attribution="Reuters BIP Coding Group" action="confirmed" date="1997-07-09"/>
  </code>
  <code code="CCAT">
    <editdetail attribution="Reuters BIP Coding Group" action="confirmed" date="1997-07-09"/>
  </code>
</codes>
<dc element="dc.date.created" value="1997-07-09"/>
<dc element="dc.publisher" value="Reuters Holdings Plc"/>
<dc element="dc.date.published" value="1997-07-09"/>
<dc element="dc.source" value="Reuters"/>
<dc element="dc.creator.location" value="TAIPEI"/>
<dc element="dc.creator.location.country.name" value="TAIWAN"/>
<dc element="dc.source" value="Reuters"/>
</metadata>
</newsitem>
