<?xml version="1.0" encoding="iso-8859-1" ?>
<newsitem itemid="705247" id="root" date="1997-07-03" xml:lang="en">
<title>USA: Petro close to court OK on reverse merger.</title>
<headline>Petro close to court OK on reverse merger.</headline>
<dateline>DENVER 1997-07-03</dateline>
<text>
<p>A Petro Union Inc lawyer said Thursday a bankruptcy court approved the prerequisites for the company's proposed reverse merger with privately-held Horizontal Ventures Inc of Tulsa, Okla.</p>
<p>Petro, which filed for bankruptcy in May 1996 and is reorganizing itself, will acquire Horizontal for all its outstanding shares, said Petro's attorney Roger Davidson.</p>
<p>He said the reverse merger deal calls for the new company to have a net book value of more than $5 million and issue about one million class B shares, which will be traded on Nasdaq's national market.  </p>
<p>Petro shareholders will receive 80,000 class B shares in the new company, Davidson said.</p>
<p>&quot;Instead of wiping out shareholder value, they're getting essentially what they're having now,&quot; Davidson said. Petro's stock closed at 3/64 Wednesday.</p>
<p>Davidson said Petro's creditors will receive about 100,000 shares and Horizontal's shareholders about 780,000 shares, which gives them control of the new company.</p>
<p>Petro said in a statement it expects creditors and the bankruptcy court to approve the reorganization plan before September. It filed the plan with the U.S. Bankruptcy Court for the Southern District of Indiana.</p>
<p>Oil and gas drilling firm Horizontal uses the same Amoco Corp drilling technology licensed to Petro, the statement said.</p>
</text>
<copyright>(c) Reuters Limited 1997</copyright>
<metadata>
<codes class="bip:countries:1.0">
  <code code="USA">
    <editdetail attribution="Reuters BIP Coding Group" action="confirmed" date="1997-07-03"/>
  </code>
</codes>
<codes class="bip:industries:1.0">
  <code code="I13000">
    <editdetail attribution="Reuters BIP Coding Group" action="confirmed" date="1997-07-03"/>
  </code>
  <code code="I14000">
    <editdetail attribution="Reuters BIP Coding Group" action="confirmed" date="1997-07-03"/>
  </code>
</codes>
<codes class="bip:topics:1.0">
  <code code="C18">
    <editdetail attribution="Reuters BIP Coding Group" action="confirmed" date="1997-07-03"/>
  </code>
  <code code="C181">
    <editdetail attribution="Reuters BIP Coding Group" action="confirmed" date="1997-07-03"/>
  </code>
  <code code="CCAT">
    <editdetail attribution="Reuters BIP Coding Group" action="confirmed" date="1997-07-03"/>
  </code>
</codes>
<dc element="dc.date.created" value="1997-07-03"/>
<dc element="dc.publisher" value="Reuters Holdings Plc"/>
<dc element="dc.date.published" value="1997-07-03"/>
<dc element="dc.source" value="Reuters"/>
<dc element="dc.creator.location" value="DENVER"/>
<dc element="dc.creator.location.country.name" value="USA"/>
<dc element="dc.source" value="Reuters"/>
</metadata>
</newsitem>
