<?xml version="1.0" encoding="iso-8859-1" ?>
<newsitem itemid="569182" id="root" date="1997-05-08" xml:lang="en">
<title>COSTA RICA: Sterilized banana workers make plea to Clinton.</title>
<headline>Sterilized banana workers make plea to Clinton.</headline>
<dateline>SAN JOSE, Costa Rica 1997-05-08</dateline>
<text>
<p>Costa Rican banana workers who claim to have been sterilised by a U.S.-made pesticide openly pleaded with U.S. President Bill Clinton on Thursday to allow them to sue U.S. companies in U.S. courts.</p>
<p>Clinton is in Costa Rica for a summit with six Central American nations and the Dominican Republic. A White House spokeswoman said officials had yet to receive the letter but were aware of the complaint through press reports.</p>
<p>Bananas are Costa Rica's top foreign currency earner after tourism and an important export for many of the other nations attending the summit with Clinton -- Guatemala, El Salvador, Honduras, Nicaragua, Belize and the Dominican Republic.</p>
<p>Lawyer Alvaro Montero, who represents some of the 8,000 affected Costa Rican banana workers, said certain U.S. judges have barred his clients from suing U.S. companies in U.S. courts, which Montero called a violation of international law, citing five international conventions.</p>
<p>The controversy surrounds dibromochloropropane, or DBCP, which is banned in the United States. Critics say it causes sterlization, birth defects and environmental damage and may cause cancer. The pesticide is used on banana planations to ward off microscopic worms.</p>
<p>The workers have targeted the Dow Chemical, Shell Oil -- a unit of Royal Dutch/Shell -- and Occidental Petroleum along with Del Monte Fruit, Chiquita Brands and Dole Food for their various roles in developing and distributing the pesticide.</p>
<p>&quot;Mr. President, as the one in charge of international relations in your country, you are responsible for making sure international treaties signed by the United States are complied with,&quot; Montero wrote.</p>
<p>International human rights workers who have taken up their cause claim thousands more workers from throughout Central America, the Caribbean, Africa and the Philippines have been adversely affected by DBCP.</p>
<p>Opponents of DBCP claim it was dumped on the Third World after its use was restricted in the United States.</p>
<p>Banana workers who spray the chemical over long periods of time say it enters their bodies through the skin and lungs, and that their urine smells of DBCP when the day is done.</p>
</text>
<copyright>(c) Reuters Limited 1997</copyright>
<metadata>
<codes class="bip:countries:1.0">
  <code code="COSR">
    <editdetail attribution="Reuters BIP Coding Group" action="confirmed" date="1997-05-08"/>
  </code>
  <code code="USA">
    <editdetail attribution="Reuters BIP Coding Group" action="confirmed" date="1997-05-08"/>
  </code>
</codes>
<codes class="bip:industries:1.0">
  <code code="I01002">
    <editdetail attribution="Reuters BIP Coding Group" action="confirmed" date="1997-05-08"/>
  </code>
  <code code="I0100206">
    <editdetail attribution="Reuters BIP Coding Group" action="confirmed" date="1997-05-08"/>
  </code>
  <code code="I13000">
    <editdetail attribution="Reuters BIP Coding Group" action="confirmed" date="1997-05-08"/>
  </code>
  <code code="I1300003">
    <editdetail attribution="Reuters BIP Coding Group" action="confirmed" date="1997-05-08"/>
  </code>
  <code code="I14000">
    <editdetail attribution="Reuters BIP Coding Group" action="confirmed" date="1997-05-08"/>
  </code>
  <code code="I25000">
    <editdetail attribution="Reuters BIP Coding Group" action="confirmed" date="1997-05-08"/>
  </code>
  <code code="I41000">
    <editdetail attribution="Reuters BIP Coding Group" action="confirmed" date="1997-05-08"/>
  </code>
</codes>
<codes class="bip:topics:1.0">
  <code code="C12">
    <editdetail attribution="Reuters BIP Coding Group" action="confirmed" date="1997-05-08"/>
  </code>
  <code code="CCAT">
    <editdetail attribution="Reuters BIP Coding Group" action="confirmed" date="1997-05-08"/>
  </code>
  <code code="GCAT">
    <editdetail attribution="Reuters BIP Coding Group" action="confirmed" date="1997-05-08"/>
  </code>
  <code code="GCRIM">
    <editdetail attribution="Reuters BIP Coding Group" action="confirmed" date="1997-05-08"/>
  </code>
  <code code="GDIP">
    <editdetail attribution="Reuters BIP Coding Group" action="confirmed" date="1997-05-08"/>
  </code>
</codes>
<dc element="dc.date.created" value="1997-05-08"/>
<dc element="dc.publisher" value="Reuters Holdings Plc"/>
<dc element="dc.date.published" value="1997-05-08"/>
<dc element="dc.source" value="Reuters"/>
<dc element="dc.creator.location" value="SAN JOSE, Costa Rica"/>
<dc element="dc.creator.location.country.name" value="COSTA RICA"/>
<dc element="dc.source" value="Reuters"/>
</metadata>
</newsitem>
