<?xml version="1.0" encoding="iso-8859-1" ?>
<newsitem itemid="10804" id="root" date="1996-08-23" xml:lang="en">
<title>USA: U.S. Gulf rig unchanged at 163 in week.</title>
<headline>U.S. Gulf rig unchanged at 163 in week.</headline>
<dateline>NEW YORK 1996-08-23</dateline>
<text>
<p>There were 163 rigs under contract in the U.S. Gulf as of August 23, unchanged from from the prior week, Offshore Data Services said.</p>
<p>The utilization rate for rigs working in the Gulf, based on a total fleet of 181, was 90.1 percent.</p>
<p>The number of working rigs in European/Mediterranean dipped by one this week, with 105 rigs under contract out of a total fleet of 105, a utilization rate of 100 percent.</p>
<p>The worldwide rig count fell by one to 555 out of a total fleet of 608, making the utilization rate 91.3 percent.</p>
<p>--New York Energy Desk 212-859-1620</p>
</text>
<copyright>(c) Reuters Limited 1996</copyright>
<metadata>
<codes class="bip:countries:1.0">
  <code code="USA">
    <editdetail attribution="Reuters BIP Coding Group" action="confirmed" date="1996-08-23"/>
  </code>
</codes>
<codes class="bip:industries:1.0">
  <code code="I13000">
    <editdetail attribution="Reuters BIP Coding Group" action="confirmed" date="1996-08-23"/>
  </code>
</codes>
<codes class="bip:topics:1.0">
  <code code="C24">
    <editdetail attribution="Reuters BIP Coding Group" action="confirmed" date="1996-08-23"/>
  </code>
  <code code="CCAT">
    <editdetail attribution="Reuters BIP Coding Group" action="confirmed" date="1996-08-23"/>
  </code>
</codes>
<dc element="dc.date.created" value="1996-08-23"/>
<dc element="dc.publisher" value="Reuters Holdings Plc"/>
<dc element="dc.date.published" value="1996-08-23"/>
<dc element="dc.source" value="Reuters"/>
<dc element="dc.creator.location" value="NEW YORK"/>
<dc element="dc.creator.location.country.name" value="USA"/>
<dc element="dc.source" value="Reuters"/>
</metadata>
</newsitem>
