<?xml version="1.0" encoding="iso-8859-1" ?>
<newsitem itemid="599536" id="root" date="1997-05-20" xml:lang="en">
<title>SINGAPORE: Singapore shares ride on non-oil data to end firm.</title>
<headline>Singapore shares ride on non-oil data to end firm.</headline>
<dateline>SINGAPORE 1997-05-20</dateline>
<text>
<p>Singapore shares rode to a firmer finish on Tuesday on the back of better-than-expected April non-oil domestic exports data, dealers said.</p>
<p>Electronics and blue chips in the banking and property sectors were sought after and could extend gains if there were no nasty surprises from the U.S. Federal Reserve meeting later in the day, the dealers said.</p>
<p>The Straits Times Industrials Index closed up 3.05 points at 2,053.99 after touching a high of 2,072.07.</p>
<p>Market volume was 138.35 million shares with gainers beating losers by 283 to 90.  </p>
<p>&quot;The buying was pretty broad-based. But this is just better sentiment and liquidity which can dry up quickly,&quot; said a broker from a Japanese firm.</p>
<p>Dealers had mixed expectations on whether the Fed would raise rates.</p>
<p>Foreign tranches of banks OCBC, DBS and UOB rose between Singapore $0.60 and S$0.30 each. CityDev and Keppel Land closed up while electronics stock Wong's Circuits rose S$0.05 to S$1.79 on two million units.</p>
<p>HK Land topped actives with 9.3 million shares, up US$0.22 to US$2.69 on the back of a rally in Hong Kong.-J.Ng 65-8703094</p>
</text>
<copyright>(c) Reuters Limited 1997</copyright>
<metadata>
<codes class="bip:countries:1.0">
  <code code="SINGP">
    <editdetail attribution="Reuters BIP Coding Group" action="confirmed" date="1997-05-20"/>
  </code>
</codes>
<codes class="bip:topics:1.0">
  <code code="M11">
    <editdetail attribution="Reuters BIP Coding Group" action="confirmed" date="1997-05-20"/>
  </code>
  <code code="MCAT">
    <editdetail attribution="Reuters BIP Coding Group" action="confirmed" date="1997-05-20"/>
  </code>
</codes>
<dc element="dc.date.created" value="1997-05-20"/>
<dc element="dc.publisher" value="Reuters Holdings Plc"/>
<dc element="dc.date.published" value="1997-05-20"/>
<dc element="dc.source" value="Reuters"/>
<dc element="dc.creator.location" value="SINGAPORE"/>
<dc element="dc.creator.location.country.name" value="SINGAPORE"/>
<dc element="dc.source" value="Reuters"/>
</metadata>
</newsitem>
