<?xml version="1.0" encoding="iso-8859-1" ?>
<newsitem itemid="725158" id="root" date="1997-07-14" xml:lang="en">
<title>POLAND: OPTIMUS, KETY SAY UNHARMED BY FLOOD.</title>
<headline>OPTIMUS, KETY SAY UNHARMED BY FLOOD.</headline>
<dateline>WARSAW 1997-07-14</dateline>
<text>
<p>Polish computer maker Optimus SA and aluminium firm Kety , both based in flood- affected regions of southern Poland, have not suffered from the inundation, the companies said in statements on Monday.</p>
<p>&quot;Flooding in southern Poland did no direct damage to the company's central factory in Nowy Sacz and the company's five other branches,&quot; Optimus' statement said, adding that estimated losses at its Wroclaw branch would be slight.</p>
<p>Kety in its statement said production was continuing without interruptions.</p>
<p>Non-ferrous-metal products producer Hutmen SA, whose initial public offering ended earlier this month, said in a statement that the flooding caused it no direct ill-effects.</p>
<p>-- Warsaw Newsroom +48 22 653 9700</p>
</text>
<copyright>(c) Reuters Limited 1997</copyright>
<metadata>
<codes class="bip:countries:1.0">
  <code code="POL">
    <editdetail attribution="Reuters BIP Coding Group" action="confirmed" date="1997-07-14"/>
  </code>
</codes>
<codes class="bip:industries:1.0">
  <code code="I22450">
    <editdetail attribution="Reuters BIP Coding Group" action="confirmed" date="1997-07-14"/>
  </code>
  <code code="I31000">
    <editdetail attribution="Reuters BIP Coding Group" action="confirmed" date="1997-07-14"/>
  </code>
  <code code="I33020">
    <editdetail attribution="Reuters BIP Coding Group" action="confirmed" date="1997-07-14"/>
  </code>
</codes>
<codes class="bip:topics:1.0">
  <code code="C24">
    <editdetail attribution="Reuters BIP Coding Group" action="confirmed" date="1997-07-14"/>
  </code>
  <code code="CCAT">
    <editdetail attribution="Reuters BIP Coding Group" action="confirmed" date="1997-07-14"/>
  </code>
  <code code="GCAT">
    <editdetail attribution="Reuters BIP Coding Group" action="confirmed" date="1997-07-14"/>
  </code>
  <code code="GDIS">
    <editdetail attribution="Reuters BIP Coding Group" action="confirmed" date="1997-07-14"/>
  </code>
  <code code="GWEA">
    <editdetail attribution="Reuters BIP Coding Group" action="confirmed" date="1997-07-14"/>
  </code>
</codes>
<dc element="dc.date.created" value="1997-07-14"/>
<dc element="dc.publisher" value="Reuters Holdings Plc"/>
<dc element="dc.date.published" value="1997-07-14"/>
<dc element="dc.source" value="Reuters"/>
<dc element="dc.creator.location" value="WARSAW"/>
<dc element="dc.creator.location.country.name" value="POLAND"/>
<dc element="dc.source" value="Reuters"/>
</metadata>
</newsitem>
