<?xml version="1.0" encoding="iso-8859-1" ?>
<newsitem itemid="696993" id="root" date="1997-06-30" xml:lang="en">
<title>ISRAEL: Palestinian stock exchange doubles trading days.</title>
<headline>Palestinian stock exchange doubles trading days.</headline>
<dateline>NABLUS, West Bank 1997-06-30</dateline>
<text>
<p>The Palestine Securities Exchange said on Monday it would double its trading sessions to twice a week starting on July 13.</p>
<p>General Manager Safwan Bataina said the stock market in the West Bank town of Nablus, which opened in February, would be open for trading from 9 a.m. to noon on Sundays and Wednesdays.</p>
<p>The $2 million electronic bourse opened in February hoping to attract long-term investment from expatriate Palestinians.</p>
<p>Shares closed mixed last Tuesday with trading volume almost double the previous week's level. The exchange has yet to issue an index.</p>
</text>
<copyright>(c) Reuters Limited 1997</copyright>
<metadata>
<codes class="bip:countries:1.0">
  <code code="ISRAEL">
    <editdetail attribution="Reuters BIP Coding Group" action="confirmed" date="1997-06-30"/>
  </code>
</codes>
<codes class="bip:topics:1.0">
  <code code="M11">
    <editdetail attribution="Reuters BIP Coding Group" action="confirmed" date="1997-06-30"/>
  </code>
  <code code="MCAT">
    <editdetail attribution="Reuters BIP Coding Group" action="confirmed" date="1997-06-30"/>
  </code>
</codes>
<dc element="dc.date.created" value="1997-06-30"/>
<dc element="dc.publisher" value="Reuters Holdings Plc"/>
<dc element="dc.date.published" value="1997-06-30"/>
<dc element="dc.source" value="Reuters"/>
<dc element="dc.creator.location" value="NABLUS, West Bank"/>
<dc element="dc.creator.location.country.name" value="ISRAEL"/>
<dc element="dc.source" value="Reuters"/>
</metadata>
</newsitem>
