<?xml version="1.0" encoding="iso-8859-1" ?>
<newsitem itemid="665842" id="root" date="1997-06-17" xml:lang="en">
<title>EGYPT: SQUASH-AL-AHRAM SEMI-FINAL RESULTS.</title>
<headline>SQUASH-AL-AHRAM SEMI-FINAL RESULTS.</headline>
<dateline>CAIRO 1997-06-17</dateline>
<text>
<p>Results of semi-final matches in the al-Ahram international squash championship on Monday and Tuesday (prefix number denotes seeding):</p>
<p>Men's:</p>
<p>1-Jansher Khan (Pakistan) beat Alex Gough (Wales) 15-11 15-12 15-5</p>
<p>3-Peter Nicol (Scotland) beat 5-Ahmed Barada (Egypt) 14-15 15-11 15-12 15-13</p>
<p>Women's:</p>
<p>Sarah Fitz-Gerald (Australia) beat Carol Owens (Australia) 9-4 9-0 9-4</p>
<p>Michelle Martin (Australia) beat Sabine Schone (Germany) 9-3 9-4 9-3</p>
</text>
<copyright>(c) Reuters Limited 1997</copyright>
<metadata>
<codes class="bip:countries:1.0">
  <code code="EGYPT">
    <editdetail attribution="Reuters BIP Coding Group" action="confirmed" date="1997-06-17"/>
  </code>
</codes>
<codes class="bip:topics:1.0">
  <code code="GCAT">
    <editdetail attribution="Reuters BIP Coding Group" action="confirmed" date="1997-06-17"/>
  </code>
  <code code="GSPO">
    <editdetail attribution="Reuters BIP Coding Group" action="confirmed" date="1997-06-17"/>
  </code>
</codes>
<dc element="dc.date.created" value="1997-06-17"/>
<dc element="dc.publisher" value="Reuters Holdings Plc"/>
<dc element="dc.date.published" value="1997-06-17"/>
<dc element="dc.source" value="Reuters"/>
<dc element="dc.creator.location" value="CAIRO"/>
<dc element="dc.creator.location.country.name" value="EGYPT"/>
<dc element="dc.source" value="Reuters"/>
</metadata>
</newsitem>
