<?xml version="1.0" encoding="iso-8859-1" ?>
<newsitem itemid="496326" id="root" date="1997-04-09" xml:lang="en">
<title>RUSSIA: Yeltsin orders Zaire evacuation plan prepared.</title>
<headline>Yeltsin orders Zaire evacuation plan prepared.</headline>
<dateline>MOSCOW 1997-04-09</dateline>
<text>
<p>President Boris Yeltsin ordered officials on Wednesday to prepare for a possible evacuation of Russian nationals from Zaire, a Kremlin spokesman said.</p>
<p>He told Reuters the precaution was prompted by the worsening security situation. Rebel forces have continued to advance and pressure has increased on President Mobutu Sese Seko to quit.</p>
<p>No timetable has been set for any evacuation, the Kremlin spokesman said. He could not say how many Russian citizens were in Zaire. Nationals of other former Soviet states would be able to take part in any Russian evacuation operation, he said.</p>
</text>
<copyright>(c) Reuters Limited 1997</copyright>
<metadata>
<codes class="bip:countries:1.0">
  <code code="RUSS">
    <editdetail attribution="Reuters BIP Coding Group" action="confirmed" date="1997-04-09"/>
  </code>
  <code code="ZAIRE">
    <editdetail attribution="Reuters BIP Coding Group" action="confirmed" date="1997-04-09"/>
  </code>
</codes>
<codes class="bip:topics:1.0">
  <code code="GCAT">
    <editdetail attribution="Reuters BIP Coding Group" action="confirmed" date="1997-04-09"/>
  </code>
  <code code="GDIP">
    <editdetail attribution="Reuters BIP Coding Group" action="confirmed" date="1997-04-09"/>
  </code>
</codes>
<dc element="dc.date.created" value="1997-04-09"/>
<dc element="dc.publisher" value="Reuters Holdings Plc"/>
<dc element="dc.date.published" value="1997-04-09"/>
<dc element="dc.source" value="Reuters"/>
<dc element="dc.creator.location" value="MOSCOW"/>
<dc element="dc.creator.location.country.name" value="RUSSIA"/>
<dc element="dc.source" value="Reuters"/>
</metadata>
</newsitem>
