<?xml version="1.0" encoding="iso-8859-1" ?>
<newsitem itemid="766440" id="root" date="1997-07-30" xml:lang="en">
<title>USA: U.S. Gulf edible oil prices for July 30.</title>
<headline>U.S. Gulf edible oil prices for July 30.</headline>
<text>
<p>FOB Gulf edible oil price, in cents per lb basis CBOT soyoil futures except corn oil in dollars per tonne.</p>
<p>--</p>
<p>Crude degummed soy Aug 2.00 ov Aug offered, 1.50 ov bid</p>
<p>Sunflowerseed oil  Aug 2.00 ov Aug offered, 1.50 ov bid</p>
<p>Corn oil	     Aug $640 offered, $630 bid</p>
<p>Canola oil, crude FOB, August</p>
<p>Vancouver  Aug 2.75 ov Aug offered, 2.00 ov Aug bid</p>
<p>((Chicago newsdesk 312-408-8720))</p>
</text>
<copyright>(c) Reuters Limited 1997</copyright>
<metadata>
<codes class="bip:countries:1.0">
  <code code="USA">
    <editdetail attribution="Reuters BIP Coding Group" action="confirmed" date="1997-07-30"/>
  </code>
</codes>
<codes class="bip:topics:1.0">
  <code code="M14">
    <editdetail attribution="Reuters BIP Coding Group" action="confirmed" date="1997-07-30"/>
  </code>
  <code code="M141">
    <editdetail attribution="Reuters BIP Coding Group" action="confirmed" date="1997-07-30"/>
  </code>
  <code code="MCAT">
    <editdetail attribution="Reuters BIP Coding Group" action="confirmed" date="1997-07-30"/>
  </code>
</codes>
<dc element="dc.publisher" value="Reuters Holdings Plc"/>
<dc element="dc.date.published" value="1997-07-30"/>
<dc element="dc.source" value="Reuters"/>
<dc element="dc.creator.location.country.name" value="USA"/>
<dc element="dc.source" value="Reuters"/>
</metadata>
</newsitem>
