<?xml version="1.0" encoding="iso-8859-1" ?>
<newsitem itemid="317808" id="root" date="1997-01-20" xml:lang="en">
<title>USA: Chemical Financial Corp Q4 net rises.</title>
<headline>Chemical Financial Corp Q4 net rises.</headline>
<dateline>MIDLAND, Mich. 1997-01-20</dateline>
<text>
<p>1996			1995</p>
<p> Shr			  $0.63		    $0.59</p>
<p> Net			  6,435		    6,050</p>
<p> Avg shrs			NA			 NA</p>
<p>					12 MONTHS</p>
<p> Shr			  $2.13		    $1.99</p>
<p> Net			 22,003		   20,489</p>
<p> Avg shrs			NA			 NA</p>
<p>(All Data Above 000s Except Per Share Numbers)</p>
<p>NOTES - Per-share amounts adjusted to reflect 5 pct stock dividend issued to shareholders Dec. 30, 1996.</p>
<p>Assets - $1.70 billion vs $1.70 billion</p>
<p>Deposits - $1.43 billion vs $1.45 billion</p>
<p>Loans - $808 million vs $761 million.</p>
</text>
<copyright>(c) Reuters Limited 1997</copyright>
<metadata>
<codes class="bip:countries:1.0">
  <code code="USA">
    <editdetail attribution="Reuters BIP Coding Group" action="confirmed" date="1997-01-20"/>
  </code>
</codes>
<codes class="bip:industries:1.0">
  <code code="I81402">
    <editdetail attribution="Reuters BIP Coding Group" action="confirmed" date="1997-01-20"/>
  </code>
</codes>
<codes class="bip:topics:1.0">
  <code code="C15">
    <editdetail attribution="Reuters BIP Coding Group" action="confirmed" date="1997-01-20"/>
  </code>
  <code code="C151">
    <editdetail attribution="Reuters BIP Coding Group" action="confirmed" date="1997-01-20"/>
  </code>
  <code code="C1511">
    <editdetail attribution="Reuters BIP Coding Group" action="confirmed" date="1997-01-20"/>
  </code>
  <code code="CCAT">
    <editdetail attribution="Reuters BIP Coding Group" action="confirmed" date="1997-01-20"/>
  </code>
</codes>
<dc element="dc.date.created" value="1997-01-20"/>
<dc element="dc.publisher" value="Reuters Holdings Plc"/>
<dc element="dc.date.published" value="1997-01-20"/>
<dc element="dc.source" value="Reuters"/>
<dc element="dc.creator.location" value="MIDLAND, Mich."/>
<dc element="dc.creator.location.country.name" value="USA"/>
<dc element="dc.source" value="Reuters"/>
</metadata>
</newsitem>
