<?xml version="1.0" encoding="iso-8859-1" ?>
<newsitem itemid="728026" id="root" date="1997-07-15" xml:lang="en">
<title>USA: TABLE-Cerner Corp Q2 net rises.</title>
<headline>TABLE-Cerner Corp Q2 net rises.</headline>
<dateline>KANSAS CITY, Mo. 1997-07-15</dateline>
<text>
<p>Three Months Ended  Six Months Ended</p>
<p>				   6/28/97  6/29/96  6/28/97  6/29/96</p>
<p>			   (In thousands, except per share amounts)</p>
<p> Revenues			 $63,320 $46,709  $114,449 $99,291</p>
<p> Gross Margin		    41,441  32,830    77,423  68,127</p>
<p> Operating Earnings	     4,904   2,235     7,443   8,520</p>
<p>Earnings Before Income Taxes</p>
<p>					5,478   2,828     8,601   9,783</p>
<p> Income Taxes		     2,154   1,139     3,341   3,872</p>
<p> Net Earnings		     3,324   1,689     5,260   5,911</p>
<p> Primary Earnings Per Share     .10     .05	 .16     .18</p>
<p>Primary Weighted Average</p>
<p>    Shares Outstanding	 33,497  33,684    33,546  33,700</p>
<p>((Chicago newsdesk, 312-408-8787))</p>
</text>
<copyright>(c) Reuters Limited 1997</copyright>
<metadata>
<codes class="bip:countries:1.0">
  <code code="USA">
    <editdetail attribution="Reuters BIP Coding Group" action="confirmed" date="1997-07-15"/>
  </code>
</codes>
<codes class="bip:industries:1.0">
  <code code="I83940">
    <editdetail attribution="Reuters BIP Coding Group" action="confirmed" date="1997-07-15"/>
  </code>
</codes>
<codes class="bip:topics:1.0">
  <code code="C15">
    <editdetail attribution="Reuters BIP Coding Group" action="confirmed" date="1997-07-15"/>
  </code>
  <code code="C151">
    <editdetail attribution="Reuters BIP Coding Group" action="confirmed" date="1997-07-15"/>
  </code>
  <code code="CCAT">
    <editdetail attribution="Reuters BIP Coding Group" action="confirmed" date="1997-07-15"/>
  </code>
</codes>
<dc element="dc.date.created" value="1997-07-15"/>
<dc element="dc.publisher" value="Reuters Holdings Plc"/>
<dc element="dc.date.published" value="1997-07-15"/>
<dc element="dc.source" value="Reuters"/>
<dc element="dc.creator.location" value="KANSAS CITY, Mo."/>
<dc element="dc.creator.location.country.name" value="USA"/>
<dc element="dc.source" value="Reuters"/>
</metadata>
</newsitem>
