<?xml version="1.0" encoding="iso-8859-1" ?>
<newsitem itemid="192718" id="root" date="1996-11-15" xml:lang="en">
<title>JAPAN: Sanrio -6mth parent results.</title>
<headline>Sanrio -6mth parent results.</headline>
<dateline>TOKYO 1996-11-15</dateline>
<text>
<p>Six months to September 30, 1996</p>
<p> (Parent)	(in billions of yen unless specified)</p>
<p> Sales		 37.81		vs	   34.72</p>
<p> Operating	    1.90		vs	    1.27</p>
<p> Current	loss 62    million	  vs     loss 2.02</p>
<p> Net	   loss 155    million	  vs     loss 2.63</p>
<p> EPS	     loss 1.97 yen	  vs    loss 33.44 yen</p>
<p> Shares	     79 million	  vs	  79 million</p>
<p> Interim div	   nil		vs	     nil</p>
<p>NOTE - Sanrio Co Ltd is a leading manufacturer of gift merchandise.</p>
</text>
<copyright>(c) Reuters Limited 1996</copyright>
<metadata>
<codes class="bip:countries:1.0">
  <code code="JAP">
    <editdetail attribution="Reuters BIP Coding Group" action="confirmed" date="1996-11-15"/>
  </code>
</codes>
<codes class="bip:industries:1.0">
  <code code="I49410">
    <editdetail attribution="Reuters BIP Coding Group" action="confirmed" date="1996-11-15"/>
  </code>
</codes>
<codes class="bip:topics:1.0">
  <code code="C15">
    <editdetail attribution="Reuters BIP Coding Group" action="confirmed" date="1996-11-15"/>
  </code>
  <code code="C151">
    <editdetail attribution="Reuters BIP Coding Group" action="confirmed" date="1996-11-15"/>
  </code>
  <code code="CCAT">
    <editdetail attribution="Reuters BIP Coding Group" action="confirmed" date="1996-11-15"/>
  </code>
</codes>
<dc element="dc.date.created" value="1996-11-15"/>
<dc element="dc.publisher" value="Reuters Holdings Plc"/>
<dc element="dc.date.published" value="1996-11-15"/>
<dc element="dc.source" value="Reuters"/>
<dc element="dc.creator.location" value="TOKYO"/>
<dc element="dc.creator.location.country.name" value="JAPAN"/>
<dc element="dc.source" value="Reuters"/>
</metadata>
</newsitem>
