<?xml version="1.0" encoding="iso-8859-1" ?>
<newsitem itemid="308623" id="root" date="1997-01-15" xml:lang="en">
<title>AUSTRALIA: RTRS-Norminco suspended, receiver appointed.</title>
<headline>RTRS-Norminco suspended, receiver appointed.</headline>
<dateline>SYDNEY 1996-01-16</dateline>
<text>
<p>Alluvial tin miner Norminco Ltd had been suspended from the Australian Stock Exchange (ASX), as receivers had been appointed, the ASX said on Thursday.  </p>
<p>The ASX said it had recieved advice that Peter Geroff and Gregory Moloney of Ferrier Hodgson had been appointed receivers and managers of Norminco, the only mining company in Australia involved exclusively in tin mining.</p>
<p>Norminco said late last year it had been experiencing operational difficulties at it Leichhardt Creek tin mine in North Queensland and tight liquidity problems.</p>
<p>-- Sydney Newsroom 61-2 9373-1800</p>
</text>
<copyright>(c) Reuters Limited 1997</copyright>
<metadata>
<codes class="bip:countries:1.0">
  <code code="AUSTR">
    <editdetail attribution="Reuters BIP Coding Group" action="confirmed" date="1997-01-15"/>
  </code>
</codes>
<codes class="bip:industries:1.0">
  <code code="I21000">
    <editdetail attribution="Reuters BIP Coding Group" action="confirmed" date="1997-01-15"/>
  </code>
</codes>
<codes class="bip:topics:1.0">
  <code code="C14">
    <editdetail attribution="Reuters BIP Coding Group" action="confirmed" date="1997-01-15"/>
  </code>
  <code code="C16">
    <editdetail attribution="Reuters BIP Coding Group" action="confirmed" date="1997-01-15"/>
  </code>
  <code code="CCAT">
    <editdetail attribution="Reuters BIP Coding Group" action="confirmed" date="1997-01-15"/>
  </code>
</codes>
<dc element="dc.date.created" value="1996-01-16"/>
<dc element="dc.publisher" value="Reuters Holdings Plc"/>
<dc element="dc.date.published" value="1997-01-15"/>
<dc element="dc.source" value="Reuters"/>
<dc element="dc.creator.location" value="SYDNEY"/>
<dc element="dc.creator.location.country.name" value="AUSTRALIA"/>
<dc element="dc.source" value="Reuters"/>
</metadata>
</newsitem>
