<?xml version="1.0" encoding="iso-8859-1" ?>
<newsitem itemid="809190" id="root" date="1997-08-19" xml:lang="en">
<title>INDIA: India I-Sec's quotes on govt securities - Aug 19.</title>
<headline>India I-Sec's quotes on govt securities - Aug 19.</headline>
<dateline>BOMBAY 1997-08-19</dateline>
<text>
<p>Following are some indicative quotes made by Bombay-based ICICI Securities and Finance Company Ltd for dated Indian government securities and treasury bills on Tuesday.</p>
<p>.</p>
<p>Government securities (bid/offer in rupees)</p>
<p>------------------------------------------</p>
<p>.</p>
<p> 12.14% GOI 00    104.15/104.25</p>
<p> 12.59% GOI 04    106.88/106.98</p>
<p>.</p>
<p>Treasury bills (bid/offer in percent)</p>
<p>------------------------------------</p>
<p>Maturing on</p>
<p> Tbill maturing on  24/04/98	     8.20/7.80</p>
<p> Tbill maturing on  31/07/98	     8.40/8.00</p>
<p>.</p>
<p>	   -- Bombay newsroom +91-22-265 9000</p>
</text>
<copyright>(c) Reuters Limited 1997</copyright>
<metadata>
<codes class="bip:countries:1.0">
  <code code="INDIA">
    <editdetail attribution="Reuters BIP Coding Group" action="confirmed" date="1997-08-19"/>
  </code>
</codes>
<codes class="bip:topics:1.0">
  <code code="M12">
    <editdetail attribution="Reuters BIP Coding Group" action="confirmed" date="1997-08-19"/>
  </code>
  <code code="M13">
    <editdetail attribution="Reuters BIP Coding Group" action="confirmed" date="1997-08-19"/>
  </code>
  <code code="M131">
    <editdetail attribution="Reuters BIP Coding Group" action="confirmed" date="1997-08-19"/>
  </code>
  <code code="MCAT">
    <editdetail attribution="Reuters BIP Coding Group" action="confirmed" date="1997-08-19"/>
  </code>
</codes>
<dc element="dc.date.created" value="1997-08-19"/>
<dc element="dc.publisher" value="Reuters Holdings Plc"/>
<dc element="dc.date.published" value="1997-08-19"/>
<dc element="dc.source" value="Reuters"/>
<dc element="dc.creator.location" value="BOMBAY"/>
<dc element="dc.creator.location.country.name" value="INDIA"/>
<dc element="dc.source" value="Reuters"/>
</metadata>
</newsitem>
