<?xml version="1.0" encoding="iso-8859-1" ?>
<newsitem itemid="305419" id="root" date="1997-01-14" xml:lang="en">
<title>MOLDOVA: Moldova 28-day T-bill yield up, 91-day down.</title>
<headline>Moldova 28-day T-bill yield up, 91-day down.</headline>
<dateline>CHISINAU 1997-01-14</dateline>
<text>
<p>The annualised yield on Moldovan 28-day Treasury bills rose to 25.25 percent on Tuesday from 23.89 percent at the previous auction on January 4, a National Bank official told Reuters.</p>
<p>The yield on 91-day T-bills fell to 29.73 percent from 32.05 percent.</p>
<p>Full details of the 28-day T-bill auction:</p>
<p>					 Jan 14	   Jan 4</p>
<p> Issue volume		    3.00 million lei   6.00 million lei</p>
<p> Denominations		   1,000 lei	1,000 lei</p>
<p> Nominal demand		  3.41 million	 9.41 million</p>
<p> Volume sold		     3.00 million	 6.00 million</p>
<p> Yield			     25.25 pct	23.89 pct</p>
<p> Price			     98.1 pct	 98.2 pct</p>
<p> Range of bids		   98.1-98.5 pct  98.2-98.7 pct</p>
<p> Maturity			  Feb 13, 1997   Feb 6, 1997</p>
<p>Full details of the three-month T-bill auction:</p>
<p>					 Jan 14	   Jan 4</p>
<p> Issue volume		    14.00 million lei  16.00 million lei</p>
<p> Denominations		   1,000 lei	1,000 lei</p>
<p> Nominal demand		  21.91 million	22.11 million</p>
<p> Volume sold		     14.00 million	16.00 million</p>
<p> Yield			     29.73 pct	32.05 pct</p>
<p> Price			     93.1 pct	 92.6 pct</p>
<p> Range of bids		   93.1-95.0 pct  92.6-94.2 pct</p>
<p>    Maturity		     Apr 17, 1997   Apr 10, 1997</p>
<p>--Moscow Newsroom, +7095 941 8520</p>
</text>
<copyright>(c) Reuters Limited 1997</copyright>
<metadata>
<codes class="bip:countries:1.0">
  <code code="MOLDV">
    <editdetail attribution="Reuters BIP Coding Group" action="confirmed" date="1997-01-14"/>
  </code>
</codes>
<codes class="bip:topics:1.0">
  <code code="M13">
    <editdetail attribution="Reuters BIP Coding Group" action="confirmed" date="1997-01-14"/>
  </code>
  <code code="M131">
    <editdetail attribution="Reuters BIP Coding Group" action="confirmed" date="1997-01-14"/>
  </code>
  <code code="MCAT">
    <editdetail attribution="Reuters BIP Coding Group" action="confirmed" date="1997-01-14"/>
  </code>
</codes>
<dc element="dc.date.created" value="1997-01-14"/>
<dc element="dc.publisher" value="Reuters Holdings Plc"/>
<dc element="dc.date.published" value="1997-01-14"/>
<dc element="dc.source" value="Reuters"/>
<dc element="dc.creator.location" value="CHISINAU"/>
<dc element="dc.creator.location.country.name" value="MOLDOVA"/>
<dc element="dc.source" value="Reuters"/>
</metadata>
</newsitem>
