<?xml version="1.0" encoding="iso-8859-1" ?>
<newsitem itemid="556936" id="root" date="1997-05-02" xml:lang="en">
<title>USA: FORECAST -- U.S. economic indicators -- Apr 28 wk.</title>
<headline>FORECAST -- U.S. economic indicators -- Apr 28 wk.</headline>
<text>
<p>DATE   EDT/GMT    Indicator     Period  Avg Fcast  Prev Report</p>
<p>04/28 1000/1400 New Home Sales    Mar   813,000-A    834,000-R</p>
<p>04/29 0830/1230 Employ Cost Ind  Q1 '97  +0.6 pct-A   +0.8 pct</p>
<p>04/29 0830/1230 Durable Goods     Mar    -3.0 pct-A +0.8 pct-R</p>
<p>		     Ex-Defense		  -2.6 pct-A +1.3 pct-R</p>
<p>04/29 0900/1300 BTM/Schroders w/e 4/26   -0.7 pct-A   +0.2 pct</p>
<p>04/29 1000/1400 Consumer Conf   Apr	116.8-A	   118.5</p>
<p>04/29 1455/1855 Redbook	 w/e 4/26   +0.2 pct-A   +0.5 pct</p>
<p>04/30 0830/1230 Real GDP	  Q1-Pre   +5.6 pct-A   +3.8 pct</p>
<p>		     Price Index		 +2.7 pct-A   +1.9 pct</p>
<p>		     Impl Deflator	     +2.3 pct-A   +1.5 pct</p>
<p>04/30 0830/1230 APICS survey	Apr     53.4-A	    51.1</p>
<p>04/30 0900/1400 New York NAPM     Apr     50.9-A	    51.0</p>
<p>04/30 1000/1400 Chicago PMI	 Apr     57.2-A	    57.5</p>
<p>05/01 0830/1230 Personal Income   Mar  +0.6 pct-A   +0.8 pct-R</p>
<p>		     Consumption	     +0.5 pct-A   +0.5 pct-R</p>
<p>05/01 0830/1230 Jobless Claims w/e 4/26 347,000-A    319,000-R</p>
<p>05/01 1000/1400  NAPM		 Apr    54.2-A	     55.0</p>
<p>05/01 1000/1400  Construc Spndg   Mar    -0.2 pct-A +2.1 pct-R</p>
<p>05/01 no set time Cars/Trucks     Apr 6.9 million/6.2 million  7.2/6.6</p>
<p>05/02 0830/1230 Payroll Employ    Apr   142,000-A    139,000-R</p>
<p>			 Unemploy Rate	    4.9 pct-A    5.2 pct</p>
<p>			 Avg Hrly Earns	  -0.1 pct-A   +0.4 pct</p>
<p>			 Avg Workwk		34.6 hrs-A  34.9 hr-R</p>
<p>05/02 1000/1400 Lead Indicators   Mar    +0.2 pct     +0.5 pct</p>
<p>05/02 1000/1400 Univ of Mich    Apr-Fin  100.6	   100.0-F</p>
<p>05/02 1025/1425  ECRI Inflation   Apr     NA		 110.0</p>
<p>05/02 1040/1440  CIBCR Inflation  Apr     NA		 105.8</p>
<p>---------------------FOLLOWING WEEK'S DATA--------------------</p>
<p>DATE   EDT/GMT    Indicator     Period  Avg Fcast  Prev Report</p>
<p>05/06 1000/1400 Factory Orders    Mar     NA	    +0.8 pct</p>
<p>05/07 1000/1400 Productivity  Q1 97-Pre   NA	    +1.1 pct</p>
<p>		    Unit Labor Costs	    NA	    +2.5 pct</p>
<p>05/07 1000/1400 Wholesale Inv     Mar     NA		  UNCH</p>
<p>05/07 1400/1800 Fed's Beige Book</p>
<p>05/07 1500/1900 Consumer Credit   Mar     NA	    $6.7 bln</p>
<p>(Actual figures are marked &quot;-A&quot;, revisions are marked &quot;-R&quot;)</p>
<p>-----------------INDIVIDUAL FORECASTS AS OF 4/25-------------</p>
<p>		HOMES DRBLS ECI  GDP PMI INCOME PCE NAPM  PAY</p>
<p>BA Sec'ties  750K +0.5 +0.9 +4.5 57.0 +0.5 +0.6 54.0 225K</p>
<p>BT Sec'ties  800K -0.5 +0.9 +3.8  NA  +0.3 +0.6 54.5 200K</p>
<p>Barclays     780K +0.8 +0.9 +4.2 56.5 +0.3 +0.6 54.5 200K</p>
<p>Bear Stearns 790K -0.5 +0.9 +4.3 56.5 +0.6 +0.5 54.4 210K</p>
<p>Citicorp     800K  NA  +0.8 +3.5  NA  -0.5 +0.4 NA   220K</p>
<p>Daiwa	  790K +0.5 +1.0 +3.8  NA  +0.4 +0.6 NA   250K</p>
<p>Dean Witter  795K -1.0  NA  +4.0  NA  +0.5 +0.6 NA   250K</p>
<p>DKB	    800K UNCH +0.9 +3.8  NA  +0.6 +0.4 54.0 200K</p>
<p>		HOMES DRBLS ECI  GDP PMI INCOME PCE NAPM  PAY</p>
<p>DLJ	     NA   NA   NA  +4.0 56.5  NA   NA  54.0 200K</p>
<p>First Boston 795K -0.7 +0.9 +4.0  NA  +0.3 +0.4 53.5 240K</p>
<p>HSBC	   775K -1.0 +0.9  NA  56.0 +0.4 +0.4 53.0 160K</p>
<p>IDEA	   835K -0.5 +0.9 +3.9 56.5 +0.3 +0.5 54.0 225K</p>
<p>Lehman	 800K +0.1 +0.8 +4.5 56.5 +0.4 +0.7 53.0 225K</p>
<p>MCM	    803K +1.0 +0.9 +4.5 55.0 +0.2 +0.6 53.0 225K</p>
<p>Merrill	800K +0.7 +0.9 +4.5  NA  +0.4 +0.3 53.5 210K</p>
<p>Mitsubishi   775K +0.7 +1.0 +4.1 55.0 +0.4 +0.5 53.0 200K</p>
<p>		HOMES DRBLS ECI  GDP PMI INCOME PCE NAPM  PAY</p>
<p>MMS Intl     790K UNCH +0.9 +3.8  NA  +0.2 +0.4 53.0  NA</p>
<p>JP Morgan     NA   NA   NA   NA   NA   NA   NA  NA    NA</p>
<p>Morgan Stanl 800K +0.8 +0.9 +4.0  NA  +0.3 +0.5 54.0 195K</p>
<p>NationsBank   NA   NA   NA   NA   NA   NA   NA   NA    NA</p>
<p>Nikko	  800K +0.6 +1.0 +4.4 56.0 +0.3 +0.5 54.0 215K</p>
<p>Nomura	 810K -0.4 +0.8 +4.2  NA  +0.5 +0.4 53.0 190K</p>
<p>PaineWebber   NA   NA   NA   NA   NA   NA   NA  NA    NA</p>
<p>Sanwa BKG    775K -0.5 +0.9 +4.5 56.0 +0.6 +0.6 54.0 220K</p>
<p>Smith Barney 800K -1.0 +0.9 +4.0 56.0 +0.5 +0.5 53.5 185K</p>
<p>---------------------NUMBERS OF FORECASTS--------------------</p>
<p>		HOMES DRBLS ECI  GDP PMI INCOME PCE NAPM  PAY</p>
<p>  # Fcasts    22   21    21   22  13     22  22   20   22</p>
<p>(( -- N.A. Treasury Desk, 212-859-1660 ))</p>
</text>
<copyright>(c) Reuters Limited 1997</copyright>
<metadata>
<codes class="bip:countries:1.0">
  <code code="USA">
    <editdetail attribution="Reuters BIP Coding Group" action="confirmed" date="1997-05-02"/>
  </code>
</codes>
<codes class="bip:topics:1.0">
  <code code="E71">
    <editdetail attribution="Reuters BIP Coding Group" action="confirmed" date="1997-05-02"/>
  </code>
  <code code="ECAT">
    <editdetail attribution="Reuters BIP Coding Group" action="confirmed" date="1997-05-02"/>
  </code>
</codes>
<dc element="dc.publisher" value="Reuters Holdings Plc"/>
<dc element="dc.date.published" value="1997-05-02"/>
<dc element="dc.source" value="Reuters"/>
<dc element="dc.creator.location.country.name" value="USA"/>
<dc element="dc.source" value="Reuters"/>
</metadata>
</newsitem>
