<?xml version="1.0" encoding="iso-8859-1" ?>
<newsitem itemid="458679" id="root" date="1997-03-21" xml:lang="en">
<title>MALAWI: PRESS DIGEST - Malawi - March 21.</title>
<headline>PRESS DIGEST - Malawi - March 21.</headline>
<dateline>BLANTYRE 1997-03-21</dateline>
<text>
<p>These are the leading stories in the Malawi press on Friday.</p>
<p>Reuters has not verified these stories and does not vouch for their accuracy.</p>
<p>- - - -</p>
<p>THE NATION</p>
<p>- Foreign donors and the government are in a tug-of-war over a proposed provision in the National Roads Authority Bill which gives the Ministry of Works full control to disburse funds.</p>
<p>- The Malawi Supreme Court on Thursday ordered the Electoral Commission to hold a one-day voter registration exercise at three centres in Nsanje Central province in southern Malawi, where a parliamentary by-election was called off in February 1996 after parties complained of irregularities.</p>
<p>- - - -</p>
<p>DAILY TIMES</p>
<p>- The Civil Servants Trade Union has dismissed as cosmetic the announcement by government to cut by 10 percent the salaries of President Bakili Muluzi's and his cabinet members, saying it is a ploy to win support.</p>
<p>- - - -</p>
<p>THE STAR</p>
<p>- The position of chief executive for Malawi's biggest conglomerate, Press Corporation, may go to an expatriate whose predecessor was earning $20,000 a month, although rumours say the position has been offered to Eunice Kazembe, Chief Executive of the Agicultural Development and Marketing Corporation (ADMARC).</p>
</text>
<copyright>(c) Reuters Limited 1997</copyright>
<metadata>
<codes class="bip:countries:1.0">
  <code code="MALAW">
    <editdetail attribution="Reuters BIP Coding Group" action="confirmed" date="1997-03-21"/>
  </code>
</codes>
<codes class="bip:topics:1.0">
  <code code="GCAT">
    <editdetail attribution="Reuters BIP Coding Group" action="confirmed" date="1997-03-21"/>
  </code>
</codes>
<dc element="dc.date.created" value="1997-03-21"/>
<dc element="dc.publisher" value="Reuters Holdings Plc"/>
<dc element="dc.date.published" value="1997-03-21"/>
<dc element="dc.source" value="Reuters"/>
<dc element="dc.creator.location" value="BLANTYRE"/>
<dc element="dc.creator.location.country.name" value="MALAWI"/>
<dc element="dc.source" value="Reuters"/>
</metadata>
</newsitem>
