<?xml version="1.0" encoding="iso-8859-1" ?>
<newsitem itemid="55861" id="root" date="1996-09-16" xml:lang="en">
<title>USA: San Francisco panel okays wage, benefits increase.</title>
<headline>San Francisco panel okays wage, benefits increase.</headline>
<dateline>SAN FRANCISCO 1996-09-16</dateline>
<text>
<p>A San Francisco Board of Supervisors committee on Monday recommended approval of a wage and benefits package that was projected to cost more than $21 million over the next three years.</p>
<p>The Board's Government Efficiency and Labor Committee recommended that the full board approve the contract, which would give Municipal Railway drivers a 4.7 percent wage increase.</p>
<p>The full Board of Supervisors was expected to act on the union contract package later on Monday.  </p>
<p>The wage increase was projected to cost San Francisco about $4.7 million for fiscal year 1996-1997, according to Harvey Rose, budget analyst to the Board of Supervisors.</p>
<p>The wage and benefits package will cost San Francisco at least $21.5 million over three years, Rose said.</p>
</text>
<copyright>(c) Reuters Limited 1996</copyright>
<metadata>
<codes class="bip:countries:1.0">
  <code code="USA">
    <editdetail attribution="Reuters BIP Coding Group" action="confirmed" date="1996-09-16"/>
  </code>
</codes>
<codes class="bip:industries:1.0">
  <code code="I71000">
    <editdetail attribution="Reuters BIP Coding Group" action="confirmed" date="1996-09-16"/>
  </code>
</codes>
<codes class="bip:topics:1.0">
  <code code="C42">
    <editdetail attribution="Reuters BIP Coding Group" action="confirmed" date="1996-09-16"/>
  </code>
  <code code="CCAT">
    <editdetail attribution="Reuters BIP Coding Group" action="confirmed" date="1996-09-16"/>
  </code>
  <code code="E41">
    <editdetail attribution="Reuters BIP Coding Group" action="confirmed" date="1996-09-16"/>
  </code>
  <code code="ECAT">
    <editdetail attribution="Reuters BIP Coding Group" action="confirmed" date="1996-09-16"/>
  </code>
  <code code="GCAT">
    <editdetail attribution="Reuters BIP Coding Group" action="confirmed" date="1996-09-16"/>
  </code>
  <code code="GJOB">
    <editdetail attribution="Reuters BIP Coding Group" action="confirmed" date="1996-09-16"/>
  </code>
</codes>
<dc element="dc.date.created" value="1996-09-16"/>
<dc element="dc.publisher" value="Reuters Holdings Plc"/>
<dc element="dc.date.published" value="1996-09-16"/>
<dc element="dc.source" value="Reuters"/>
<dc element="dc.creator.location" value="SAN FRANCISCO"/>
<dc element="dc.creator.location.country.name" value="USA"/>
<dc element="dc.source" value="Reuters"/>
</metadata>
</newsitem>
