<?xml version="1.0" encoding="iso-8859-1" ?>
<newsitem itemid="175929" id="root" date="1996-11-08" xml:lang="en">
<title>SLOVENIA: FORECAST - Slovenia CPI seen above nine pct in 1996.</title>
<headline>FORECAST - Slovenia CPI seen above nine pct in 1996.</headline>
<dateline>LJUBLJANA 1996-11-08</dateline>
<text>
<p>Slovenia's state Institute of Macroeconomic Analysis said on Friday the inflation rate in 1996 is expected to rise to above nine percent, up from 8.6 percent last year.</p>
<p>&quot;Our latest estimate is that the inflation rate would remain below 10 percent but will be higher than nine percent,&quot; the institute's senior analyst Dusan Kidric told Reuters.</p>
<p>The centrist government of Prime Minister Janez Drnovsek last year predicted that inflation would fall to six percent by the end of 1996.</p>
<p>Drnovsek, who faces a general election on Sunday, revised his estimate in October, putting the inflation forecast for 1996 at between eight and nine percent.</p>
<p>The prime minister told Slovenian television on Thursday that reining in inflation had been one of the success stories of his four-year term of office.</p>
<p>In 1992, the year after Slovenia declared its independence from former Yugoslavia, inflation had reached 93 percent.</p>
<p>In October, year-on-year inflation had risen to 9.7 percent from 9.4 percent in September. -- Marja Novak, Ljubljana newsroom, +386-61 125 8439</p>
</text>
<copyright>(c) Reuters Limited 1996</copyright>
<metadata>
<codes class="bip:countries:1.0">
  <code code="SLVNIA">
    <editdetail attribution="Reuters BIP Coding Group" action="confirmed" date="1996-11-08"/>
  </code>
</codes>
<codes class="bip:topics:1.0">
  <code code="E13">
    <editdetail attribution="Reuters BIP Coding Group" action="confirmed" date="1996-11-08"/>
  </code>
  <code code="E131">
    <editdetail attribution="Reuters BIP Coding Group" action="confirmed" date="1996-11-08"/>
  </code>
  <code code="ECAT">
    <editdetail attribution="Reuters BIP Coding Group" action="confirmed" date="1996-11-08"/>
  </code>
</codes>
<dc element="dc.date.created" value="1996-11-08"/>
<dc element="dc.publisher" value="Reuters Holdings Plc"/>
<dc element="dc.date.published" value="1996-11-08"/>
<dc element="dc.source" value="Reuters"/>
<dc element="dc.creator.location" value="LJUBLJANA"/>
<dc element="dc.creator.location.country.name" value="SLOVENIA"/>
<dc element="dc.source" value="Reuters"/>
</metadata>
</newsitem>
