<?xml version="1.0" encoding="iso-8859-1" ?>
<newsitem itemid="549961" id="root" date="1997-04-30" xml:lang="en">
<title>SOUTH AFRICA: S.Africa PIC gets stakes in ex-Malbak firms.</title>
<headline>S.Africa PIC gets stakes in ex-Malbak firms.</headline>
<dateline>JOHANNESBURG 1997-04-30</dateline>
<text>
<p>Recently unbundled Malbak Ltd said on Wednesday that the Public Investment Commissioners has invested 344.5 million in the offer to Malbak minorities for their shares in the unbundled firms.</p>
<p>Malbak said that all tender offers had been accepted in full.</p>
<p>The PIC now owns 3.9 percent of Ellerine Holdings Ltd, four percent of Foodcorp Ltd, 2.9 percent of New Clicks Holdings Ltd and five percent of South African Druggists Ltd (SAD).</p>
<p>It also has a 1.1 percent investment in the focused packaging firm, Malbak.</p>
<p>The largest absolute amount was the 140.3 million rand invested in SAD followed by 79 million in Ellerines, 63.8 million in Foodcorp and 33.8 million in Clicks. It invested 27.5 million rand in the &quot;new&quot; Malbak.</p>
<p>Jannie Grobbelaar of SMK Securities, the broking firm which facilitated the PIC offer, said it was clear that investors wanted to hold onto their &quot;new&quot; Malbak shares.</p>
<p>&quot;...(They) are excited by the prospect of another packaging company in the sector,&quot; he said.</p>
<p>-- Johannesburg newsroom 27 11 482 1003</p>
</text>
<copyright>(c) Reuters Limited 1997</copyright>
<metadata>
<codes class="bip:countries:1.0">
  <code code="SAFR">
    <editdetail attribution="Reuters BIP Coding Group" action="confirmed" date="1997-04-30"/>
  </code>
</codes>
<codes class="bip:industries:1.0">
  <code code="I25700">
    <editdetail attribution="Reuters BIP Coding Group" action="confirmed" date="1997-04-30"/>
  </code>
  <code code="I41000">
    <editdetail attribution="Reuters BIP Coding Group" action="confirmed" date="1997-04-30"/>
  </code>
  <code code="I64800">
    <editdetail attribution="Reuters BIP Coding Group" action="confirmed" date="1997-04-30"/>
  </code>
  <code code="I83960">
    <editdetail attribution="Reuters BIP Coding Group" action="confirmed" date="1997-04-30"/>
  </code>
</codes>
<codes class="bip:topics:1.0">
  <code code="C18">
    <editdetail attribution="Reuters BIP Coding Group" action="confirmed" date="1997-04-30"/>
  </code>
  <code code="C181">
    <editdetail attribution="Reuters BIP Coding Group" action="confirmed" date="1997-04-30"/>
  </code>
  <code code="CCAT">
    <editdetail attribution="Reuters BIP Coding Group" action="confirmed" date="1997-04-30"/>
  </code>
</codes>
<dc element="dc.date.created" value="1997-04-30"/>
<dc element="dc.publisher" value="Reuters Holdings Plc"/>
<dc element="dc.date.published" value="1997-04-30"/>
<dc element="dc.source" value="Reuters"/>
<dc element="dc.creator.location" value="JOHANNESBURG"/>
<dc element="dc.creator.location.country.name" value="SOUTH AFRICA"/>
<dc element="dc.source" value="Reuters"/>
</metadata>
</newsitem>
