<?xml version="1.0" encoding="iso-8859-1" ?>
<newsitem itemid="302393" id="root" date="1997-01-13" xml:lang="en">
<title>UK: Bear Stearns sets $250 mln Jan 2002 bond.</title>
<headline>Bear Stearns sets $250 mln Jan 2002 bond.</headline>
<dateline>LONDON 1997-01-13</dateline>
<text>
<p>The following bond was self-led by Bear Stearns.</p>
<p> BORROWER   BEAR STEARNS CO INC</p>
<p> AMT    $250 MLN	SPREAD     18.75 BP  MATURITY	.JAN.02</p>
<p> TYPE	 FRN	 BASE	 3M LIBOR  PAY DATE   *28.JAN.97</p>
<p> LAST MOODY A2	  ISS PRICE  99.773    FULL FEES   25 BP</p>
<p> LAST S&amp;P   A	   REOFFER    99.773</p>
<p> NOTES	*PAR CALL FROM JAN 1999</p>
<p> LISTING    LONDON    DENOMS (K) 10-100    SALE LIMITS =</p>
<p> NEG PLG    YES	 CRS DEFLT  YES	 FORCE MAJ   YES</p>
<p> GOV LAW    ENGLISH   MGT/UND    20 BP     SELL CONC   5 BP</p>
<p> NOTES	LAUNCHED OFF AN EMTN PROGRAMME</p>
<p>-- London Newsroom +44 171 542 8863</p>
</text>
<copyright>(c) Reuters Limited 1997</copyright>
<metadata>
<codes class="bip:countries:1.0">
  <code code="UK">
    <editdetail attribution="Reuters BIP Coding Group" action="confirmed" date="1997-01-13"/>
  </code>
  <code code="USA">
    <editdetail attribution="Reuters BIP Coding Group" action="confirmed" date="1997-01-13"/>
  </code>
</codes>
<codes class="bip:industries:1.0">
  <code code="I83100">
    <editdetail attribution="Reuters BIP Coding Group" action="confirmed" date="1997-01-13"/>
  </code>
</codes>
<codes class="bip:topics:1.0">
  <code code="C17">
    <editdetail attribution="Reuters BIP Coding Group" action="confirmed" date="1997-01-13"/>
  </code>
  <code code="C172">
    <editdetail attribution="Reuters BIP Coding Group" action="confirmed" date="1997-01-13"/>
  </code>
  <code code="CCAT">
    <editdetail attribution="Reuters BIP Coding Group" action="confirmed" date="1997-01-13"/>
  </code>
</codes>
<dc element="dc.date.created" value="1997-01-13"/>
<dc element="dc.publisher" value="Reuters Holdings Plc"/>
<dc element="dc.date.published" value="1997-01-13"/>
<dc element="dc.source" value="Reuters"/>
<dc element="dc.creator.location" value="LONDON"/>
<dc element="dc.creator.location.country.name" value="UK"/>
<dc element="dc.source" value="Reuters"/>
</metadata>
</newsitem>
