<?xml version="1.0" encoding="iso-8859-1" ?>
<newsitem itemid="20115" id="root" date="1996-08-28" xml:lang="en">
<title>USA: Comarco wins $7 mln Air Force contract.</title>
<headline>Comarco wins $7 mln Air Force contract.</headline>
<dateline>YORBA LINDA, Calif. 1996-08-28</dateline>
<text>
<p>Comarco Inc said on Wednesday it had won a contract worth nearly $7 million from the Oklahoma City Air Logistics Center at Tinker Air Force Base.</p>
<p>The company said in a statement that the contract is for Test Program Sets (TPS) applicable to the avionics systems on the B-2 strategic bomber.</p>
<p>This firm-fixed price contract is valued at nearly $7 million and is expected to be completed in September 1999.</p>
<p>The work will consist of the design, development, fabrication, test, demonstration and delivery of TPS software and hardware that the Air Force will use to isolate faults in B-2 avionics components as part of the overall aircraft system maintenance program.</p>
<p>-- New York newsroom, (212) 859-1610</p>
</text>
<copyright>(c) Reuters Limited 1996</copyright>
<metadata>
<codes class="bip:countries:1.0">
  <code code="USA">
    <editdetail attribution="Reuters BIP Coding Group" action="confirmed" date="1996-08-28"/>
  </code>
</codes>
<codes class="bip:industries:1.0">
  <code code="I33020">
    <editdetail attribution="Reuters BIP Coding Group" action="confirmed" date="1996-08-28"/>
  </code>
</codes>
<codes class="bip:topics:1.0">
  <code code="C33">
    <editdetail attribution="Reuters BIP Coding Group" action="confirmed" date="1996-08-28"/>
  </code>
  <code code="C331">
    <editdetail attribution="Reuters BIP Coding Group" action="confirmed" date="1996-08-28"/>
  </code>
  <code code="CCAT">
    <editdetail attribution="Reuters BIP Coding Group" action="confirmed" date="1996-08-28"/>
  </code>
  <code code="GCAT">
    <editdetail attribution="Reuters BIP Coding Group" action="confirmed" date="1996-08-28"/>
  </code>
  <code code="GDEF">
    <editdetail attribution="Reuters BIP Coding Group" action="confirmed" date="1996-08-28"/>
  </code>
</codes>
<dc element="dc.date.created" value="1996-08-28"/>
<dc element="dc.publisher" value="Reuters Holdings Plc"/>
<dc element="dc.date.published" value="1996-08-28"/>
<dc element="dc.source" value="Reuters"/>
<dc element="dc.creator.location" value="YORBA LINDA, Calif."/>
<dc element="dc.creator.location.country.name" value="USA"/>
<dc element="dc.source" value="Reuters"/>
</metadata>
</newsitem>
