<?xml version="1.0" encoding="iso-8859-1" ?>
<newsitem itemid="189907" id="root" date="1996-11-14" xml:lang="en">
<title>UK: PSK ups 10-year bond to 400 billion lire.</title>
<headline>PSK ups 10-year bond to 400 billion lire.</headline>
<dateline>LONDON 1996-11-14</dateline>
<text>
<p>The following bond, has been increased by 100 billion lire from 300 billion lire, joint lead managers BNL, Cariplo and Bear Stearns said.</p>
<p>There is a new issue price of 101.60</p>
<p>BORROWER   PSK OESTERREICHISCHE POSTSPARKASSE</p>
<p>GUARANTOR  AUSTRIA</p>
<p> AMT   *400 BLN LIRE  COUPON     7.5 PCT   MATURITY    11.DEC.06</p>
<p> TYPE	 STRAIGHT  ISS PRICE**101.60    PAY DATE    11.DEC.96</p>
<p> FULL FEES  2.0 PCT   REOFFER    =	   SPREAD	=</p>
<p> MOODY	AAA	 LISTING    LUX	 PAY FREQ    =</p>
<p> S&amp;P	  AAA	 DENOMS (M) 5-50	SALE LIM AU/US/UK/IT</p>
<p> NEG PLG    YES	 CRS DEFLT  YES	 FORCE MAJ   IPMA 2</p>
<p> GOV LAW    ENGLISH   MGT/UND    0.75	SELL CONC   1.25</p>
<p> NOTES     *LAUNCHED FOR 200 BILLION LIRE, INCREASED BY 100</p>
<p>		BILLION LIRE AND NOW INCREASED BY A FURTHER 100</p>
<p>		BILLION LIRE</p>
<p>	   ** NEW ISSUE PRICE.</p>
<p>-- London Newsroom +44 171 542 7658</p>
</text>
<copyright>(c) Reuters Limited 1996</copyright>
<metadata>
<codes class="bip:countries:1.0">
  <code code="AUST">
    <editdetail attribution="Reuters BIP Coding Group" action="confirmed" date="1996-11-14"/>
  </code>
  <code code="UK">
    <editdetail attribution="Reuters BIP Coding Group" action="confirmed" date="1996-11-14"/>
  </code>
</codes>
<codes class="bip:industries:1.0">
  <code code="I81403">
    <editdetail attribution="Reuters BIP Coding Group" action="confirmed" date="1996-11-14"/>
  </code>
</codes>
<codes class="bip:topics:1.0">
  <code code="C17">
    <editdetail attribution="Reuters BIP Coding Group" action="confirmed" date="1996-11-14"/>
  </code>
  <code code="C172">
    <editdetail attribution="Reuters BIP Coding Group" action="confirmed" date="1996-11-14"/>
  </code>
  <code code="CCAT">
    <editdetail attribution="Reuters BIP Coding Group" action="confirmed" date="1996-11-14"/>
  </code>
</codes>
<dc element="dc.date.created" value="1996-11-14"/>
<dc element="dc.publisher" value="Reuters Holdings Plc"/>
<dc element="dc.date.published" value="1996-11-14"/>
<dc element="dc.source" value="Reuters"/>
<dc element="dc.creator.location" value="LONDON"/>
<dc element="dc.creator.location.country.name" value="UK"/>
<dc element="dc.source" value="Reuters"/>
</metadata>
</newsitem>
