<?xml version="1.0" encoding="iso-8859-1" ?>
<newsitem itemid="772910" id="root" date="1997-08-01" xml:lang="en">
<title>USA: Lawsuit seeks to block Fujitsu offer for Amdahl.</title>
<headline>Lawsuit seeks to block Fujitsu offer for Amdahl.</headline>
<dateline>NEW YORK 1997-08-01</dateline>
<text>
<p>A lawsuit seeking to stop Fujitsu Ltd from  proceeding with an offer to buy shares it does not yet own in Amdahl  Corp has been filed in the Delaware Chancery Court, two law firms  reprsenting plaintiffs said.</p>
<p>The complaint alleges that Amdahl, Fujitsu and certain of their officers  and directors breached their fiduciary duty by failing to exercise  their independent business judgment and by acting to the detriment  of Amdahl shareholders, for the benefit of Fujitsu, the law firms  said.</p>
<p>The law firms are Pomerantz Haudek Block &amp; Grossman and Rosental Monhait  Gross &amp; Goddess.</p>
<p>A Fujitsu spokeswoman said they have not seen the complaint and so  cannot comment.</p>
<p>Fujitsu, which already owns a 42 percent stake in Amdahl, announced  its $12 a share offer or about $850 million on Wednesday.</p>
</text>
<copyright>(c) Reuters Limited 1997</copyright>
<metadata>
<codes class="bip:countries:1.0">
  <code code="USA">
    <editdetail attribution="Reuters BIP Coding Group" action="confirmed" date="1997-08-01"/>
  </code>
</codes>
<codes class="bip:industries:1.0">
  <code code="I33020">
    <editdetail attribution="Reuters BIP Coding Group" action="confirmed" date="1997-08-01"/>
  </code>
  <code code="I3302003">
    <editdetail attribution="Reuters BIP Coding Group" action="confirmed" date="1997-08-01"/>
  </code>
</codes>
<codes class="bip:topics:1.0">
  <code code="C12">
    <editdetail attribution="Reuters BIP Coding Group" action="confirmed" date="1997-08-01"/>
  </code>
  <code code="C18">
    <editdetail attribution="Reuters BIP Coding Group" action="confirmed" date="1997-08-01"/>
  </code>
  <code code="C181">
    <editdetail attribution="Reuters BIP Coding Group" action="confirmed" date="1997-08-01"/>
  </code>
  <code code="CCAT">
    <editdetail attribution="Reuters BIP Coding Group" action="confirmed" date="1997-08-01"/>
  </code>
  <code code="GCAT">
    <editdetail attribution="Reuters BIP Coding Group" action="confirmed" date="1997-08-01"/>
  </code>
  <code code="GCRIM">
    <editdetail attribution="Reuters BIP Coding Group" action="confirmed" date="1997-08-01"/>
  </code>
</codes>
<dc element="dc.date.created" value="1997-08-01"/>
<dc element="dc.publisher" value="Reuters Holdings Plc"/>
<dc element="dc.date.published" value="1997-08-01"/>
<dc element="dc.source" value="Reuters"/>
<dc element="dc.creator.location" value="NEW YORK"/>
<dc element="dc.creator.location.country.name" value="USA"/>
<dc element="dc.source" value="Reuters"/>
</metadata>
</newsitem>
