<?xml version="1.0" encoding="iso-8859-1" ?>
<newsitem itemid="356901" id="root" date="1997-02-05" xml:lang="en">
<title>RUSSIA: Rouble fixed at 3,441.99 per mark in Moscow.</title>
<headline>Rouble fixed at 3,441.99 per mark in Moscow.</headline>
<dateline>MOSCOW 1997-02-05</dateline>
<text>
<p>The rouble was set at 3,441.99 to the German mark on the Moscow Interbank Currency Exchange on Wednesday.</p>
<p>				    Feb 5		   Feb 4</p>
<p> Mark rate			3,441.99		3,447.99</p>
<p>-- Moscow Newsroom, +7095 941 8520</p>
</text>
<copyright>(c) Reuters Limited 1997</copyright>
<metadata>
<codes class="bip:countries:1.0">
  <code code="RUSS">
    <editdetail attribution="Reuters BIP Coding Group" action="confirmed" date="1997-02-05"/>
  </code>
</codes>
<codes class="bip:topics:1.0">
  <code code="M13">
    <editdetail attribution="Reuters BIP Coding Group" action="confirmed" date="1997-02-05"/>
  </code>
  <code code="M132">
    <editdetail attribution="Reuters BIP Coding Group" action="confirmed" date="1997-02-05"/>
  </code>
  <code code="MCAT">
    <editdetail attribution="Reuters BIP Coding Group" action="confirmed" date="1997-02-05"/>
  </code>
</codes>
<dc element="dc.date.created" value="1997-02-05"/>
<dc element="dc.publisher" value="Reuters Holdings Plc"/>
<dc element="dc.date.published" value="1997-02-05"/>
<dc element="dc.source" value="Reuters"/>
<dc element="dc.creator.location" value="MOSCOW"/>
<dc element="dc.creator.location.country.name" value="RUSSIA"/>
<dc element="dc.source" value="Reuters"/>
</metadata>
</newsitem>
