<?xml version="1.0" encoding="iso-8859-1" ?>
<newsitem itemid="273007" id="root" date="1996-12-23" xml:lang="en">
<title>BRAZIL: Brazil buys dlrs at 1.0385 in commercial tender.</title>
<headline>Brazil buys dlrs at 1.0385 in commercial tender.</headline>
<dateline>SAO PAULO 1996-12-23</dateline>
<text>
<p>Brazil's Central Bank bought dollars at 1.0385 reais per dollar in the buy auction in the commercial foreign exchange market, dealers said.</p>
<p>((-- Alexandre Caverni, Sao Paulo newsroom, 5511 248 5418))</p>
</text>
<copyright>(c) Reuters Limited 1996</copyright>
<metadata>
<codes class="bip:countries:1.0">
  <code code="BRAZ">
    <editdetail attribution="Reuters BIP Coding Group" action="confirmed" date="1996-12-23"/>
  </code>
</codes>
<codes class="bip:topics:1.0">
  <code code="E12">
    <editdetail attribution="Reuters BIP Coding Group" action="confirmed" date="1996-12-23"/>
  </code>
  <code code="ECAT">
    <editdetail attribution="Reuters BIP Coding Group" action="confirmed" date="1996-12-23"/>
  </code>
  <code code="M13">
    <editdetail attribution="Reuters BIP Coding Group" action="confirmed" date="1996-12-23"/>
  </code>
  <code code="M132">
    <editdetail attribution="Reuters BIP Coding Group" action="confirmed" date="1996-12-23"/>
  </code>
  <code code="MCAT">
    <editdetail attribution="Reuters BIP Coding Group" action="confirmed" date="1996-12-23"/>
  </code>
</codes>
<dc element="dc.date.created" value="1996-12-23"/>
<dc element="dc.publisher" value="Reuters Holdings Plc"/>
<dc element="dc.date.published" value="1996-12-23"/>
<dc element="dc.source" value="Reuters"/>
<dc element="dc.creator.location" value="SAO PAULO"/>
<dc element="dc.creator.location.country.name" value="BRAZIL"/>
<dc element="dc.source" value="Reuters"/>
</metadata>
</newsitem>
