<?xml version="1.0" encoding="iso-8859-1" ?>
<newsitem itemid="324739" id="root" date="1997-01-22" xml:lang="en">
<title>USA: BALANCE - State of North Carolina at 3.6 mln.</title>
<headline>BALANCE - State of North Carolina at 3.6 mln.</headline>
<text>
<p>STATE OF NORTH CAROLINA</p>
<p>RE: $195,000,000</p>
<p>CAPITAL IMPROVEMENT BONDS, SERIES 1997</p>
<p>    MOODY'S: Aaa		   S&amp;P: AAA</p>
<p>Delivery Date: 01/29/1997 FIRM</p>
<p>Maturity	   Balance     Coupon    List</p>
<p>06/01/2004	   3625M    5.00	  4.60</p>
<p>  Total:	     3625M</p>
<p>First Union Capital Markets Corp.</p>
<p>IN ASSOCIATION WITH:</p>
<p>Wachovia Bank of North Carolina</p>
<p>Dean Witter Reynolds Inc.</p>
<p>First Chicago Capital Markets, Inc.</p>
<p>Prudential Securities Incorporated</p>
<p>Alex. Brown &amp; Son Incorporated</p>
<p>A.G. Edwards &amp; Sons, Inc.</p>
<p>J.C. Bradford &amp; Co.- Charlotte</p>
<p>Harris Trust and Savings Bank</p>
<p>Raymond, James &amp; Associates, Inc.</p>
<p>Stephens Inc.</p>
<p>George K. Baum &amp; Company</p>
<p>Oppenheimer &amp; Co., Inc.</p>
<p>Dillon, Read &amp; Co. Inc.</p>
<p>Wheat First Butcher Singer</p>
<p>--U.S. Municipal Desk, 212-859-1650</p>
</text>
<copyright>(c) Reuters Limited 1997</copyright>
<metadata>
<codes class="bip:countries:1.0">
  <code code="USA">
    <editdetail attribution="Reuters BIP Coding Group" action="confirmed" date="1997-01-22"/>
  </code>
</codes>
<codes class="bip:topics:1.0">
  <code code="C17">
    <editdetail attribution="Reuters BIP Coding Group" action="confirmed" date="1997-01-22"/>
  </code>
  <code code="C174">
    <editdetail attribution="Reuters BIP Coding Group" action="confirmed" date="1997-01-22"/>
  </code>
  <code code="CCAT">
    <editdetail attribution="Reuters BIP Coding Group" action="confirmed" date="1997-01-22"/>
  </code>
  <code code="E21">
    <editdetail attribution="Reuters BIP Coding Group" action="confirmed" date="1997-01-22"/>
  </code>
  <code code="E212">
    <editdetail attribution="Reuters BIP Coding Group" action="confirmed" date="1997-01-22"/>
  </code>
  <code code="ECAT">
    <editdetail attribution="Reuters BIP Coding Group" action="confirmed" date="1997-01-22"/>
  </code>
</codes>
<dc element="dc.publisher" value="Reuters Holdings Plc"/>
<dc element="dc.date.published" value="1997-01-22"/>
<dc element="dc.source" value="Reuters"/>
<dc element="dc.creator.location.country.name" value="USA"/>
<dc element="dc.source" value="Reuters"/>
</metadata>
</newsitem>
