<?xml version="1.0" encoding="iso-8859-1" ?>
<newsitem itemid="246397" id="root" date="1996-12-10" xml:lang="en">
<title>USA: PRESALE - Lakeland CSD of Shrub Oak, N.Y.</title>
<headline>PRESALE - Lakeland CSD of Shrub Oak, N.Y.</headline>
<text>
<p>AMT: 5,665,000	DATE: 12/11/96	NYC Time: 1100     CUSIP: 511648</p>
<p>ISSUER: Lakeland Central School District of Shrub Oak	ST: NY</p>
<p>ISSUE: School district, 1996					 TAX STAT: Exempt-ULT</p>
<p>M/SP/F: A/NA/NA							  BOOK ENTRY: Y</p>
<p>ENHANCEMENTS: None						     BANK QUAL: Y</p>
<p>DTD: 12/15/96							    SURE BID: N</p>
<p>DUE: 7/15/97-06					     SR MGR:</p>
<p>1ST CPN: 07/15/97</p>
<p>CALL: Non-Callable					  TIC</p>
<p>DELIVERY: 12/19/96 approx				 ORDERS:</p>
<p>PAYING AGENT: School District Treasurer's Office, Shrub Oak</p>
<p>L.O.: Willkie Farr &amp; Gallagher, NYC</p>
<p>F.A.: Public Finance Assoc., Inc., Hopewell Junction</p>
<p>LAST SALE: $2,864,000 (MBIA) 3/11/91 @ 6.4223% NIC; 2yrs 4mos Avg; BBI-7.06%</p>
<p>Year		     Amount    Coupon     Yield     Price  Conc.</p>
<p>1997		    430,000</p>
<p>1998		    475,000</p>
<p>1999		    500,000</p>
<p>2000		    525,000</p>
<p>2001		    550,000</p>
<p>2002		    580,000</p>
<p>2003		    605,000</p>
<p>2004		    635,000</p>
<p>2005		    665,000</p>
<p>2006		    700,000</p>
<p>COMPETITIVE PRE-SALE CONTRIBUTED BY J.J. KENNY K-SHEETS:</p>
</text>
<copyright>(c) Reuters Limited 1996</copyright>
<metadata>
<codes class="bip:countries:1.0">
  <code code="USA">
    <editdetail attribution="Reuters BIP Coding Group" action="confirmed" date="1996-12-10"/>
  </code>
</codes>
<codes class="bip:topics:1.0">
  <code code="E21">
    <editdetail attribution="Reuters BIP Coding Group" action="confirmed" date="1996-12-10"/>
  </code>
  <code code="E212">
    <editdetail attribution="Reuters BIP Coding Group" action="confirmed" date="1996-12-10"/>
  </code>
  <code code="ECAT">
    <editdetail attribution="Reuters BIP Coding Group" action="confirmed" date="1996-12-10"/>
  </code>
</codes>
<dc element="dc.publisher" value="Reuters Holdings Plc"/>
<dc element="dc.date.published" value="1996-12-10"/>
<dc element="dc.source" value="Reuters"/>
<dc element="dc.creator.location.country.name" value="USA"/>
<dc element="dc.source" value="Reuters"/>
</metadata>
</newsitem>
