<?xml version="1.0" encoding="iso-8859-1" ?>
<newsitem itemid="408750" id="root" date="1997-02-27" xml:lang="en">
<title>FRANCE: French fraud probe widens, hits Bouygues giant.</title>
<headline>French fraud probe widens, hits Bouygues giant.</headline>
<dateline>PARIS 1997-02-27</dateline>
<text>
<p>The managing director of a subsidiary of French building giant Bouygues was placed under investigation on Thursday in a fraud probe, justice sources said.</p>
<p>Judge Jean-Marie Charpier questioned Philippe Chalendon in Versailles, outside Paris, for alleged misuse of corporate funds, the sources said.</p>
<p>They added that Charpier made clear Bouygues chairman Martin Bouygues could likewise be brought before him later on Thursday as chairman of the Saur subsidiary.</p>
<p>Chalendon is managing director of the maritime branch of Bouygues Offshore.</p>
<p>Police released Patrick Le Lay, the head of private television channel TF1, overnight after the businessmen were summoned on Wednesday for questioning in the probe into false invoices involving some 40 companies in the Paris area.</p>
<p>The custody order for Bouygues runs out at 2.30 p.m. (1330 GMT).</p>
<p>The probe focuses on some five million francs ($880,000) worth of allegedly false invoices made out by Cerail consultant firm for subsidiaries of Bouygues including Saur, TF1, Bouygues Offshore and Bouygues Diversifications.</p>
<p>Three managers of the group have already been placed under investigation by the judge.</p>
</text>
<copyright>(c) Reuters Limited 1997</copyright>
<metadata>
<codes class="bip:countries:1.0">
  <code code="FRA">
    <editdetail attribution="Reuters BIP Coding Group" action="confirmed" date="1997-02-27"/>
  </code>
</codes>
<codes class="bip:industries:1.0">
  <code code="I50200">
    <editdetail attribution="Reuters BIP Coding Group" action="confirmed" date="1997-02-27"/>
  </code>
</codes>
<codes class="bip:topics:1.0">
  <code code="C12">
    <editdetail attribution="Reuters BIP Coding Group" action="confirmed" date="1997-02-27"/>
  </code>
  <code code="CCAT">
    <editdetail attribution="Reuters BIP Coding Group" action="confirmed" date="1997-02-27"/>
  </code>
  <code code="GCAT">
    <editdetail attribution="Reuters BIP Coding Group" action="confirmed" date="1997-02-27"/>
  </code>
  <code code="GCRIM">
    <editdetail attribution="Reuters BIP Coding Group" action="confirmed" date="1997-02-27"/>
  </code>
</codes>
<dc element="dc.date.created" value="1997-02-27"/>
<dc element="dc.publisher" value="Reuters Holdings Plc"/>
<dc element="dc.date.published" value="1997-02-27"/>
<dc element="dc.source" value="Reuters"/>
<dc element="dc.creator.location" value="PARIS"/>
<dc element="dc.creator.location.country.name" value="FRANCE"/>
<dc element="dc.source" value="Reuters"/>
</metadata>
</newsitem>
