<?xml version="1.0" encoding="iso-8859-1" ?>
<newsitem itemid="703612" id="root" date="1997-07-02" xml:lang="en">
<title>INDONESIA: Indonesia Jan-June foreign investment falls.</title>
<headline>Indonesia Jan-June foreign investment falls.</headline>
<dateline>JAKARTA 1997-07-02</dateline>
<text>
<p>Indonesian Investment Minister Sanyoto Sastrowardoyo said on Wednesday that foreign investment approved by the government fell to $15.47 billion during the first six months of the year from $20.96 billion in same period last year.</p>
<p>&quot;Foreign investment approvals are $15.47 billion in the January-June 28 period, while we approved $20.96 billion in the same period last year,&quot; he told reporters</p>
<p>He gave no other details.</p>
<p>He has predicted approved foreign investment would be down in 1997 from $29.9 billion in 1996.</p>
<p>He has said the drop during the first six months was due to the country's general elections held at the end of May. There was considerable pre-poll violence.</p>
<p>-- Jakarta newsroom +6221 384-6364+</p>
</text>
<copyright>(c) Reuters Limited 1997</copyright>
<metadata>
<codes class="bip:countries:1.0">
  <code code="INDON">
    <editdetail attribution="Reuters BIP Coding Group" action="confirmed" date="1997-07-02"/>
  </code>
</codes>
<codes class="bip:topics:1.0">
  <code code="E51">
    <editdetail attribution="Reuters BIP Coding Group" action="confirmed" date="1997-07-02"/>
  </code>
  <code code="E511">
    <editdetail attribution="Reuters BIP Coding Group" action="confirmed" date="1997-07-02"/>
  </code>
  <code code="ECAT">
    <editdetail attribution="Reuters BIP Coding Group" action="confirmed" date="1997-07-02"/>
  </code>
</codes>
<dc element="dc.date.created" value="1997-07-02"/>
<dc element="dc.publisher" value="Reuters Holdings Plc"/>
<dc element="dc.date.published" value="1997-07-02"/>
<dc element="dc.source" value="Reuters"/>
<dc element="dc.creator.location" value="JAKARTA"/>
<dc element="dc.creator.location.country.name" value="INDONESIA"/>
<dc element="dc.source" value="Reuters"/>
</metadata>
</newsitem>
