<?xml version="1.0" encoding="iso-8859-1" ?>
<newsitem itemid="513100" id="root" date="1997-04-16" xml:lang="en">
<title>COLOMBIA: Colombia's stock exchanges to link electronically.</title>
<headline>Colombia's stock exchanges to link electronically.</headline>
<dateline>BOGOTA 1997-04-16</dateline>
<text>
<p>Colombia's three stock exchanges, Bogota, Medellin and Cali, will be linked electronically within the next two months in a bid to make its equities and fixed income markets more transparent and more competitive, a top regulatory official said Wednesday.</p>
<p>&quot;The goal is to have the exchanges interconnected by June,&quot; Securities Superintendent Andres Uribe told Reuters.</p>
<p>He said the move would effectively create just one exchange in Colombia and end longstanding divisions and rivalries between brokers and other market players in the country's three leading cities.  </p>
<p>&quot;Operations will be unified and there should be more intermediaries and greater access to the market,&quot; Uribe said.</p>
<p>&quot;Colombia is in the process of moving toward a unitary market,&quot; he added, saying this should lead, in turn, to &quot;more volume and more clients.&quot;</p>
<p>Electronic trading was introduced on Colombia's exchanges last year but there is currently no link between various trading systems and technologies and each exchange operates independently of the others.</p>
<p>((-- Juan Guillermo Londono, Bogota newsroom, 571 610 7944))</p>
</text>
<copyright>(c) Reuters Limited 1997</copyright>
<metadata>
<codes class="bip:countries:1.0">
  <code code="COL">
    <editdetail attribution="Reuters BIP Coding Group" action="confirmed" date="1997-04-16"/>
  </code>
</codes>
<codes class="bip:industries:1.0">
  <code code="I83100">
    <editdetail attribution="Reuters BIP Coding Group" action="confirmed" date="1997-04-16"/>
  </code>
</codes>
<codes class="bip:topics:1.0">
  <code code="C13">
    <editdetail attribution="Reuters BIP Coding Group" action="confirmed" date="1997-04-16"/>
  </code>
  <code code="C24">
    <editdetail attribution="Reuters BIP Coding Group" action="confirmed" date="1997-04-16"/>
  </code>
  <code code="CCAT">
    <editdetail attribution="Reuters BIP Coding Group" action="confirmed" date="1997-04-16"/>
  </code>
  <code code="M11">
    <editdetail attribution="Reuters BIP Coding Group" action="confirmed" date="1997-04-16"/>
  </code>
  <code code="MCAT">
    <editdetail attribution="Reuters BIP Coding Group" action="confirmed" date="1997-04-16"/>
  </code>
</codes>
<dc element="dc.date.created" value="1997-04-16"/>
<dc element="dc.publisher" value="Reuters Holdings Plc"/>
<dc element="dc.date.published" value="1997-04-16"/>
<dc element="dc.source" value="Reuters"/>
<dc element="dc.creator.location" value="BOGOTA"/>
<dc element="dc.creator.location.country.name" value="COLOMBIA"/>
<dc element="dc.source" value="Reuters"/>
</metadata>
</newsitem>
