<?xml version="1.0" encoding="iso-8859-1" ?>
<newsitem itemid="808759" id="root" date="1997-08-19" xml:lang="en">
<title>USA: World market rice prices -- USDA.</title>
<headline>World market rice prices -- USDA.</headline>
<dateline>WASHINGTON 1997-08-19</dateline>
<text>
<p>The U.S. Agriculture Department reported the prevailing world market prices of milled rice, loan rate basis, effective from today as follows:</p>
<p>-- Long grain whole kernels, 13.50 cts per lb, versus 13.50 cts a week earlier.</p>
<p>-- Medium grain whole kernels, 11.36 cts, versus 11.36.</p>
<p>-- Short grain whole kernels,  11.31 cts, versus 11.31.</p>
<p>-- Broken kernels, 6.75 cts, versus 6.75 cts.</p>
<p>Based on these prices for milled rice, loan deficiency payment rates and gains from repaying price support loans at the world market price level are nil.</p>
<p>USDA said the prices are in effect until August 26 at 1500 ET.</p>
<p>((Washington commodities desk, 202 898 8467))</p>
</text>
<copyright>(c) Reuters Limited 1997</copyright>
<metadata>
<codes class="bip:countries:1.0">
  <code code="USA">
    <editdetail attribution="Reuters BIP Coding Group" action="confirmed" date="1997-08-19"/>
  </code>
</codes>
<codes class="bip:topics:1.0">
  <code code="M14">
    <editdetail attribution="Reuters BIP Coding Group" action="confirmed" date="1997-08-19"/>
  </code>
  <code code="M141">
    <editdetail attribution="Reuters BIP Coding Group" action="confirmed" date="1997-08-19"/>
  </code>
  <code code="MCAT">
    <editdetail attribution="Reuters BIP Coding Group" action="confirmed" date="1997-08-19"/>
  </code>
</codes>
<dc element="dc.date.created" value="1997-08-19"/>
<dc element="dc.publisher" value="Reuters Holdings Plc"/>
<dc element="dc.date.published" value="1997-08-19"/>
<dc element="dc.source" value="Reuters"/>
<dc element="dc.creator.location" value="WASHINGTON"/>
<dc element="dc.creator.location.country.name" value="USA"/>
<dc element="dc.source" value="Reuters"/>
</metadata>
</newsitem>
