<?xml version="1.0" encoding="iso-8859-1" ?>
<newsitem itemid="421322" id="root" date="1997-03-05" xml:lang="en">
<title>FRANCE: EU's Kok hopeful on NATO-Russia ties.</title>
<headline>EU's Kok hopeful on NATO-Russia ties.</headline>
<dateline>PARIS 1997-03-05</dateline>
<text>
<p>Dutch Prime Minister Wim Kok expressed hope on Wednesday that Russia would soon ease its fierce opposition to NATO enlargement and accept a constructive relationship with the Atlantic alliance.</p>
<p>Kok said after meeting French President Jacques Chirac: &quot;NATO enlargement should not lead to a worsening of relations with Russia, and I think having been in Moscow two days ago and having spoken with President (Boris) Yeltsin that we can be rather hopeful that it will be possible to come to positive steps in the months and perhaps even weeks ahead of us.&quot;</p>
<p>The Dutch leader, who visited Moscow on Monday in his capacity as current holder of the rotating European Union presidency, said it was essential that preparations for NATO to admit formerly communist east Euorpean countries go hand in hand with closer relations with Russia and Ukraine.</p>
<p>On Monday, he said Yeltsin had repeated Moscow's fierce opposition to the North Atlantic Treaty Organisation's plans to admit former Soviet-bloc states.</p>
<p>&quot;The Russian attitude has not changed (from opposing NATO expansion) but at the same time there is a strong will to reach a set of conclusions before Madrid,&quot; Kok, whose country also belongs to NATO, said then.</p>
<p>Russia regards NATO's eastward enlargement as a threat to its own security and is seeking a legally binding treaty with the alliance safeguarding its interests.</p>
</text>
<copyright>(c) Reuters Limited 1997</copyright>
<metadata>
<codes class="bip:countries:1.0">
  <code code="EEC">
    <editdetail attribution="Reuters BIP Coding Group" action="confirmed" date="1997-03-05"/>
  </code>
  <code code="FRA">
    <editdetail attribution="Reuters BIP Coding Group" action="confirmed" date="1997-03-05"/>
  </code>
  <code code="NATO">
    <editdetail attribution="Reuters BIP Coding Group" action="confirmed" date="1997-03-05"/>
  </code>
  <code code="RUSS">
    <editdetail attribution="Reuters BIP Coding Group" action="confirmed" date="1997-03-05"/>
  </code>
</codes>
<codes class="bip:topics:1.0">
  <code code="G15">
    <editdetail attribution="Reuters BIP Coding Group" action="confirmed" date="1997-03-05"/>
  </code>
  <code code="G158">
    <editdetail attribution="Reuters BIP Coding Group" action="confirmed" date="1997-03-05"/>
  </code>
  <code code="GCAT">
    <editdetail attribution="Reuters BIP Coding Group" action="confirmed" date="1997-03-05"/>
  </code>
  <code code="GDEF">
    <editdetail attribution="Reuters BIP Coding Group" action="confirmed" date="1997-03-05"/>
  </code>
  <code code="GDIP">
    <editdetail attribution="Reuters BIP Coding Group" action="confirmed" date="1997-03-05"/>
  </code>
</codes>
<dc element="dc.date.created" value="1997-03-05"/>
<dc element="dc.publisher" value="Reuters Holdings Plc"/>
<dc element="dc.date.published" value="1997-03-05"/>
<dc element="dc.source" value="Reuters"/>
<dc element="dc.creator.location" value="PARIS"/>
<dc element="dc.creator.location.country.name" value="FRANCE"/>
<dc element="dc.source" value="Reuters"/>
</metadata>
</newsitem>
