<?xml version="1.0" encoding="iso-8859-1" ?>
<newsitem itemid="477826" id="root" date="1997-03-31" xml:lang="en">
<title>CYPRUS: Cyprus bourse lifts suspension of cement firms.</title>
<headline>Cyprus bourse lifts suspension of cement firms.</headline>
<dateline>NICOSIA 1997-03-31</dateline>
<text>
<p>The Cyprus Stock Exchange (CSE) lifted on Monday a three-week suspension of trading in shares of Vassiliko Cement and the Cyprus Cement Company .</p>
<p>Bourse sources told Reuters the decision to lift the suspension was taken after parliament last week approved legislation regulating mergers and acquisitions.</p>
<p>A CSE statement issued to brokers before Monday's trading session started merely stated the suspension was lifted.</p>
<p>The CSE temporarily suspended trading in shares of the two companies on March 11 amid unconfirmed reports that Cyprus Cement was making a bid to buy a considerable number of shares in Vassiliko which could give it control over the firm.</p>
<p>Italy's Italcementi owns 33 percent of Vassiliko.</p>
<p>The law guarantees equal treatment of shareholders in bid situations, with offers being made on a pro-rata basis.</p>
<p>--Nicosia newsroom 357 2 365089</p>
</text>
<copyright>(c) Reuters Limited 1997</copyright>
<metadata>
<codes class="bip:countries:1.0">
  <code code="CYPR">
    <editdetail attribution="Reuters BIP Coding Group" action="confirmed" date="1997-03-31"/>
  </code>
</codes>
<codes class="bip:topics:1.0">
  <code code="C14">
    <editdetail attribution="Reuters BIP Coding Group" action="confirmed" date="1997-03-31"/>
  </code>
  <code code="C15">
    <editdetail attribution="Reuters BIP Coding Group" action="confirmed" date="1997-03-31"/>
  </code>
  <code code="C152">
    <editdetail attribution="Reuters BIP Coding Group" action="confirmed" date="1997-03-31"/>
  </code>
  <code code="C18">
    <editdetail attribution="Reuters BIP Coding Group" action="confirmed" date="1997-03-31"/>
  </code>
  <code code="C181">
    <editdetail attribution="Reuters BIP Coding Group" action="confirmed" date="1997-03-31"/>
  </code>
  <code code="CCAT">
    <editdetail attribution="Reuters BIP Coding Group" action="confirmed" date="1997-03-31"/>
  </code>
</codes>
<dc element="dc.date.created" value="1997-03-31"/>
<dc element="dc.publisher" value="Reuters Holdings Plc"/>
<dc element="dc.date.published" value="1997-03-31"/>
<dc element="dc.source" value="Reuters"/>
<dc element="dc.creator.location" value="NICOSIA"/>
<dc element="dc.creator.location.country.name" value="CYPRUS"/>
<dc element="dc.source" value="Reuters"/>
</metadata>
</newsitem>
