<?xml version="1.0" encoding="iso-8859-1" ?>
<newsitem itemid="501816" id="root" date="1997-04-10" xml:lang="en">
<title>NORWAY: PRESS DIGEST - Norway - April 10.</title>
<headline>PRESS DIGEST - Norway - April 10.</headline>
<dateline>OSLO 1997-04-10</dateline>
<text>
<p>Following are some of the leading stories in the Norwegian papers this morning.</p>
<p>AFTENPOSTEN</p>
<p>- Norwegian police are going to tutor Turkish police and prison personnel. The human-rights project was arranged on Wednesday when Siri Bjerke, Norway's State Secretary at the Foreign Ministry, visited Ankara authorities.</p>
<p>- Norwegian hospitals are to stop doctors from working overtime in order to cut costs. Managers at the largest hospitals admit that fewer patients will receive treatment, but say they are forced to reduce wage costs.</p>
<p>- Norway's Banking, Insurance and Securities Commission Office is considering whether to rule if private investor Kjell Inge Roekke and Aker RGI should reduce their stakes in insurer Storebrand. According to Norwegian law, no single investor or investment group is allowed to hold more than 10 percent in a financial institution.</p>
<p>- Shareholders in Storebrand without hostile plans will support the planned merger between the insurer and Norway's second largest bank, Christiania Bank og Kreditkasse, says Aage Korsvold, head of Storebrand.</p>
<p>DAGENS NAERINGSLIV</p>
<p>- Norway's largest bank Den norske Bank (DnB) controls nearly 25 percent of the shares in mortgage lender Bolig og Naeringsbanken through options. Politicians in mid-Norway say the state should stop DnB.</p>
<p>- American computer giant Computer Sciences Corp (CSC) is considering entering the Norwegian market.</p>
</text>
<copyright>(c) Reuters Limited 1997</copyright>
<metadata>
<codes class="bip:countries:1.0">
  <code code="NORW">
    <editdetail attribution="Reuters BIP Coding Group" action="confirmed" date="1997-04-10"/>
  </code>
</codes>
<codes class="bip:topics:1.0">
  <code code="GCAT">
    <editdetail attribution="Reuters BIP Coding Group" action="confirmed" date="1997-04-10"/>
  </code>
</codes>
<dc element="dc.date.created" value="1997-04-10"/>
<dc element="dc.publisher" value="Reuters Holdings Plc"/>
<dc element="dc.date.published" value="1997-04-10"/>
<dc element="dc.source" value="Reuters"/>
<dc element="dc.creator.location" value="OSLO"/>
<dc element="dc.creator.location.country.name" value="NORWAY"/>
<dc element="dc.source" value="Reuters"/>
</metadata>
</newsitem>
