<?xml version="1.0" encoding="iso-8859-1" ?>
<newsitem itemid="495231" id="root" date="1997-04-08" xml:lang="en">
<title>AUSTRALIA: Aristocrat names new North America chief.</title>
<headline>Aristocrat names new North America chief.</headline>
<dateline>SYDNEY 1997-04-08</dateline>
<text>
<p>Gaming machine manufacturer Aristocrat Leisure Ltd said on Tuesday it had appointed Dean McClain as president and chief executive of its U.S. and Canada operations, replacing Andre Hilliou.</p>
<p>Aristcrat said McClain would be based at the company's U.S. headquarters in Reno, Nevada, and would have full responsibility for all aspects of the group's U.S. management.</p>
<p>Aristocrat started in U.S. distribution operations in 1993 and recently commenced manufacturing. The company holds gaming licences in 55 jurisdictions in 23 countries.  </p>
<p>The company's U.S. subsidiary, Aristocrat Inc holds gaming licences or authorisations in 12 states and 21 Tribal Gaming Commissions in the U.S. and two provinces in Canada.</p>
<p>-- Sydney Newsroom 61-2 9373-1800</p>
</text>
<copyright>(c) Reuters Limited 1997</copyright>
<metadata>
<codes class="bip:countries:1.0">
  <code code="AUSTR">
    <editdetail attribution="Reuters BIP Coding Group" action="confirmed" date="1997-04-08"/>
  </code>
  <code code="CANA">
    <editdetail attribution="Reuters BIP Coding Group" action="confirmed" date="1997-04-08"/>
  </code>
  <code code="USA">
    <editdetail attribution="Reuters BIP Coding Group" action="confirmed" date="1997-04-08"/>
  </code>
</codes>
<codes class="bip:industries:1.0">
  <code code="I49410">
    <editdetail attribution="Reuters BIP Coding Group" action="confirmed" date="1997-04-08"/>
  </code>
</codes>
<codes class="bip:topics:1.0">
  <code code="C41">
    <editdetail attribution="Reuters BIP Coding Group" action="confirmed" date="1997-04-08"/>
  </code>
  <code code="C411">
    <editdetail attribution="Reuters BIP Coding Group" action="confirmed" date="1997-04-08"/>
  </code>
  <code code="CCAT">
    <editdetail attribution="Reuters BIP Coding Group" action="confirmed" date="1997-04-08"/>
  </code>
</codes>
<dc element="dc.date.created" value="1997-04-08"/>
<dc element="dc.publisher" value="Reuters Holdings Plc"/>
<dc element="dc.date.published" value="1997-04-08"/>
<dc element="dc.source" value="Reuters"/>
<dc element="dc.creator.location" value="SYDNEY"/>
<dc element="dc.creator.location.country.name" value="AUSTRALIA"/>
<dc element="dc.source" value="Reuters"/>
</metadata>
</newsitem>
