<?xml version="1.0" encoding="iso-8859-1" ?>
<newsitem itemid="629158" id="root" date="1997-06-01" xml:lang="en">
<title>RUSSIA: Russian miners block trains in wage protest.</title>
<headline>Russian miners block trains in wage protest.</headline>
<dateline>MOSCOW 1997-06-01</dateline>
<text>
<p>Miners from the northern Russian city of Inta blocked railroad traffic connecting coal pits with the city in a protest over wages, local police said on Sunday.</p>
<p>&quot;The action is a warning and will be renewed if there is no reaction from the government of the Komi region and Russia,&quot; Interfax news agency quoted Vladimir Nikolayenko, head of the region's coal miners' union, as saying.</p>
<p>A police spokesman said some miners marched in Inta to demand the payment of back wages.</p>
<p>In Vorkuta, also part of the Komi region about 1,800 km (1,125 miles) northeast of Moscow, job protests have halted all coal mining, although some workers are still loading trains with coal that was mined earlier, a city official said by telephone.</p>
<p>Seven people were staging a hunger strike, said the duty official at the Vorkuta city administration.</p>
<p>The remote northern region on the Arctic Circle has been hit by a series of protests and strikes of recent as miners have sought to recover back wages dating back as long as a year.</p>
<p>Coal companies say they are unable to pay salaries because they have not been received money from companies buying the coal.</p>
</text>
<copyright>(c) Reuters Limited 1997</copyright>
<metadata>
<codes class="bip:countries:1.0">
  <code code="RUSS">
    <editdetail attribution="Reuters BIP Coding Group" action="confirmed" date="1997-06-01"/>
  </code>
</codes>
<codes class="bip:industries:1.0">
  <code code="I11000">
    <editdetail attribution="Reuters BIP Coding Group" action="confirmed" date="1997-06-01"/>
  </code>
</codes>
<codes class="bip:topics:1.0">
  <code code="C42">
    <editdetail attribution="Reuters BIP Coding Group" action="confirmed" date="1997-06-01"/>
  </code>
  <code code="CCAT">
    <editdetail attribution="Reuters BIP Coding Group" action="confirmed" date="1997-06-01"/>
  </code>
  <code code="E41">
    <editdetail attribution="Reuters BIP Coding Group" action="confirmed" date="1997-06-01"/>
  </code>
  <code code="ECAT">
    <editdetail attribution="Reuters BIP Coding Group" action="confirmed" date="1997-06-01"/>
  </code>
  <code code="GCAT">
    <editdetail attribution="Reuters BIP Coding Group" action="confirmed" date="1997-06-01"/>
  </code>
  <code code="GJOB">
    <editdetail attribution="Reuters BIP Coding Group" action="confirmed" date="1997-06-01"/>
  </code>
  <code code="GVIO">
    <editdetail attribution="Reuters BIP Coding Group" action="confirmed" date="1997-06-01"/>
  </code>
</codes>
<dc element="dc.date.created" value="1997-06-01"/>
<dc element="dc.publisher" value="Reuters Holdings Plc"/>
<dc element="dc.date.published" value="1997-06-01"/>
<dc element="dc.source" value="Reuters"/>
<dc element="dc.creator.location" value="MOSCOW"/>
<dc element="dc.creator.location.country.name" value="RUSSIA"/>
<dc element="dc.source" value="Reuters"/>
</metadata>
</newsitem>
