<?xml version="1.0" encoding="iso-8859-1" ?>
<newsitem itemid="148186" id="root" date="1996-10-28" xml:lang="en">
<title>USA: Parker &amp; Parsley Q3 net shr profit vs loss.</title>
<headline>Parker &amp; Parsley Q3 net shr profit vs loss.</headline>
<dateline>MIDLAND, Texas 1996-10-28</dateline>
<text>
<p>1996			1995</p>
<p> Shr     profit	   $0.58     loss	 $0.20</p>
<p> Net     profit	  21,000     loss	 6,900</p>
<p> Revs			   n/a			n/a</p>
<p> Avg shrs		     n/a			n/a</p>
<p>	  Nine months</p>
<p> Shr	profit	  $3.24     loss	 $2.39</p>
<p> Net	profit	115,800     loss	84,100</p>
<p> Revs			   n/a			n/a</p>
<p> Avg shrs		     n/a			n/a</p>
<p>(All data above 000s except per share numbers)</p>
<p>NOTE: 1996 third quarter includes gains from asset sales and favorable litigation settlement. Operating earnings for the quarter were $15.3 million or $0.43 per share. Operating earnings for the nine months were $35.6 million or $1.00 per share. Full company name is Parker &amp; Parsley Petroleum Co.</p>
</text>
<copyright>(c) Reuters Limited 1996</copyright>
<metadata>
<codes class="bip:countries:1.0">
  <code code="USA">
    <editdetail attribution="Reuters BIP Coding Group" action="confirmed" date="1996-10-28"/>
  </code>
</codes>
<codes class="bip:industries:1.0">
  <code code="I13000">
    <editdetail attribution="Reuters BIP Coding Group" action="confirmed" date="1996-10-28"/>
  </code>
  <code code="I1300003">
    <editdetail attribution="Reuters BIP Coding Group" action="confirmed" date="1996-10-28"/>
  </code>
</codes>
<codes class="bip:topics:1.0">
  <code code="C15">
    <editdetail attribution="Reuters BIP Coding Group" action="confirmed" date="1996-10-28"/>
  </code>
  <code code="C151">
    <editdetail attribution="Reuters BIP Coding Group" action="confirmed" date="1996-10-28"/>
  </code>
  <code code="CCAT">
    <editdetail attribution="Reuters BIP Coding Group" action="confirmed" date="1996-10-28"/>
  </code>
</codes>
<dc element="dc.date.created" value="1996-10-28"/>
<dc element="dc.publisher" value="Reuters Holdings Plc"/>
<dc element="dc.date.published" value="1996-10-28"/>
<dc element="dc.source" value="Reuters"/>
<dc element="dc.creator.location" value="MIDLAND, Texas"/>
<dc element="dc.creator.location.country.name" value="USA"/>
<dc element="dc.source" value="Reuters"/>
</metadata>
</newsitem>
