<?xml version="1.0" encoding="iso-8859-1" ?>
<newsitem itemid="58072" id="root" date="1996-09-17" xml:lang="en">
<title>RUSSIA: Russia's Volga-Dnepr plans to increase its fleet.</title>
<headline>Russia's Volga-Dnepr plans to increase its fleet.</headline>
<dateline>MOSCOW 1996-09-17</dateline>
<text>
<p>Russian private cargo airline Volga-Dnepr will buy an Antonov-124-100 heavy freighter before the end of this year, increasing its fleet of such planes to seven aircraft, a company spokesman said on Tuesday.</p>
<p>&quot;We are in final talks with Russian plane-maker Aviastar to buy this plane,&quot; Konstantin Rogov told Reuters.</p>
<p>The plane will be operated on international charters.</p>
<p>Rogov did not reveal the aircraft's cost.</p>
<p>He also said Volga-Dnepr planned to lease two Tupolev-204 cargo jets. &quot;We need such planes, but only if they are powered by Western-made engines,&quot; he added.</p>
<p>&quot;An-124s, which have a capacity of 120 tonnes, carried 14,467 tonnes of cargo between January and June,&quot; Rogov said, adding this was a 55 percent increase over the corresponding period of 1995.</p>
<p>He said the aircraft frequently carried aerospace and oil exploration equipment.</p>
<p>Ulyanovsk-based Volga-Dnepr operates 14 cargo planes -- six An-124s, five Il-76s, two An-12s and one An-32. It had sales of $87.2 million in 1995 compared with $87.8 million in the previous full year.</p>
<p>--Viktor Anoshkin, Moscow Newsroom, +7095 941 8520</p>
</text>
<copyright>(c) Reuters Limited 1996</copyright>
<metadata>
<codes class="bip:countries:1.0">
  <code code="RUSS">
    <editdetail attribution="Reuters BIP Coding Group" action="confirmed" date="1996-09-17"/>
  </code>
</codes>
<codes class="bip:industries:1.0">
  <code code="I36400">
    <editdetail attribution="Reuters BIP Coding Group" action="confirmed" date="1996-09-17"/>
  </code>
</codes>
<codes class="bip:topics:1.0">
  <code code="C24">
    <editdetail attribution="Reuters BIP Coding Group" action="confirmed" date="1996-09-17"/>
  </code>
  <code code="C33">
    <editdetail attribution="Reuters BIP Coding Group" action="confirmed" date="1996-09-17"/>
  </code>
  <code code="CCAT">
    <editdetail attribution="Reuters BIP Coding Group" action="confirmed" date="1996-09-17"/>
  </code>
</codes>
<dc element="dc.date.created" value="1996-09-17"/>
<dc element="dc.publisher" value="Reuters Holdings Plc"/>
<dc element="dc.date.published" value="1996-09-17"/>
<dc element="dc.source" value="Reuters"/>
<dc element="dc.creator.location" value="MOSCOW"/>
<dc element="dc.creator.location.country.name" value="RUSSIA"/>
<dc element="dc.source" value="Reuters"/>
</metadata>
</newsitem>
