<?xml version="1.0" encoding="iso-8859-1" ?>
<newsitem itemid="29262" id="root" date="1996-09-03" xml:lang="en">
<title>HUNGARY: Hungary's H1 freight volume down yr/yr.</title>
<headline>Hungary's H1 freight volume down yr/yr.</headline>
<dateline>BUDAPEST 1996-09-03</dateline>
<text>
<p>The volume of Hungary's domestic freight transport -- a measure of the country's economic activity -- fell in the first half of 1996 compared to the same period last year, the Central Statistical Office (CSO) said on Tuesday.</p>
<p>&quot;The weight of total deliveries in the first half (of 1996) was 17.3 percent less than in the corresponding period of 1995, while the performance measured in tonne-kilometres was 2.8 percent down,&quot; the CSO said in a statement.</p>
<p>Rail accounted for some 31 percent and road for some 41 percent of Hungary's total 69.57 million tonnes, or 11.24 billion tonne-kilometres of freight transportation in the first half of 1996, the CSO said.</p>
<p>-- Budapest newsroom (36 1) 327 4040</p>
</text>
<copyright>(c) Reuters Limited 1996</copyright>
<metadata>
<codes class="bip:countries:1.0">
  <code code="HUNG">
    <editdetail attribution="Reuters BIP Coding Group" action="confirmed" date="1996-09-03"/>
  </code>
</codes>
<codes class="bip:topics:1.0">
  <code code="M14">
    <editdetail attribution="Reuters BIP Coding Group" action="confirmed" date="1996-09-03"/>
  </code>
  <code code="MCAT">
    <editdetail attribution="Reuters BIP Coding Group" action="confirmed" date="1996-09-03"/>
  </code>
</codes>
<dc element="dc.date.created" value="1996-09-03"/>
<dc element="dc.publisher" value="Reuters Holdings Plc"/>
<dc element="dc.date.published" value="1996-09-03"/>
<dc element="dc.source" value="Reuters"/>
<dc element="dc.creator.location" value="BUDAPEST"/>
<dc element="dc.creator.location.country.name" value="HUNGARY"/>
<dc element="dc.source" value="Reuters"/>
</metadata>
</newsitem>
