<?xml version="1.0" encoding="iso-8859-1" ?>
<newsitem itemid="326973" id="root" date="1997-01-23" xml:lang="en">
<title>USA: Federal Reserve report 2 (H.3/H.4.1)- January 23.</title>
<headline>Federal Reserve report 2 (H.3/H.4.1)- January 23.</headline>
<text>
<p>Two Weeks Ended January 22- daily avgs-millions</p>
<p> Total Vault Cash.............46,138 vs........44,615</p>
<p> Inc Cash Equal to Req Res....39,039 vs........38,068</p>
<p> One Week Ended January 22 (H.4.1)</p>
<p> Bank Borrowings..................32 down..........12</p>
<p> Seasonal Loans...................17 down ..........1</p>
<p> Extended Loans..................nil ............unch</p>
<p> Float.........................1,404 up...........530</p>
<p> Balances/Adjustments..........7,574 up.. ........365</p>
<p> Currency....................441,696 down.......2,205</p>
<p> Treasury Deposits.............6,524 up.. ......1,013</p>
</text>
<copyright>(c) Reuters Limited 1997</copyright>
<metadata>
<codes class="bip:countries:1.0">
  <code code="USA">
    <editdetail attribution="Reuters BIP Coding Group" action="confirmed" date="1997-01-23"/>
  </code>
</codes>
<codes class="bip:topics:1.0">
  <code code="E12">
    <editdetail attribution="Reuters BIP Coding Group" action="confirmed" date="1997-01-23"/>
  </code>
  <code code="E121">
    <editdetail attribution="Reuters BIP Coding Group" action="confirmed" date="1997-01-23"/>
  </code>
  <code code="ECAT">
    <editdetail attribution="Reuters BIP Coding Group" action="confirmed" date="1997-01-23"/>
  </code>
</codes>
<dc element="dc.publisher" value="Reuters Holdings Plc"/>
<dc element="dc.date.published" value="1997-01-23"/>
<dc element="dc.source" value="Reuters"/>
<dc element="dc.creator.location.country.name" value="USA"/>
<dc element="dc.source" value="Reuters"/>
</metadata>
</newsitem>
