<?xml version="1.0" encoding="iso-8859-1" ?>
<newsitem itemid="743386" id="root" date="1997-07-21" xml:lang="en">
<title>USA: Cable Link sees 1997 EPS $0.40 to $0.50.</title>
<headline>Cable Link sees 1997 EPS $0.40 to $0.50.</headline>
<dateline>COLUMBUS, Ohio 1997-07-21</dateline>
<text>
<p>Cable Link Inc said on Monday it expects to report earnings of no less than $0.40 to $0.50 per share for fiscal 1997.</p>
<p>Cable Link in the same news release reported second-quarter earnings of $0.13 per share, compared to $0.04 for the same period a year ago.</p>
<p>The company sells new and refurbished cable television equipment, and repairs equipment for cable companies.</p>
</text>
<copyright>(c) Reuters Limited 1997</copyright>
<metadata>
<codes class="bip:countries:1.0">
  <code code="USA">
    <editdetail attribution="Reuters BIP Coding Group" action="confirmed" date="1997-07-21"/>
  </code>
</codes>
<codes class="bip:topics:1.0">
  <code code="C15">
    <editdetail attribution="Reuters BIP Coding Group" action="confirmed" date="1997-07-21"/>
  </code>
  <code code="C152">
    <editdetail attribution="Reuters BIP Coding Group" action="confirmed" date="1997-07-21"/>
  </code>
  <code code="CCAT">
    <editdetail attribution="Reuters BIP Coding Group" action="confirmed" date="1997-07-21"/>
  </code>
</codes>
<dc element="dc.date.created" value="1997-07-21"/>
<dc element="dc.publisher" value="Reuters Holdings Plc"/>
<dc element="dc.date.published" value="1997-07-21"/>
<dc element="dc.source" value="Reuters"/>
<dc element="dc.creator.location" value="COLUMBUS, Ohio"/>
<dc element="dc.creator.location.country.name" value="USA"/>
<dc element="dc.source" value="Reuters"/>
</metadata>
</newsitem>
