<?xml version="1.0" encoding="iso-8859-1" ?>
<newsitem itemid="747256" id="root" date="1997-07-22" xml:lang="en">
<title>ITALY: Ansaldo talking with Daewoo - minister.</title>
<headline>Ansaldo talking with Daewoo - minister.</headline>
<dateline>ROME 1997-07-22</dateline>
<text>
<p>Italy's industry minister Luigi Bersani on Tuesday confirmed that energy group Ansaldo, part of state-controlled Finmeccanica, was studying the possibility of co-operation with South Korea's Daewoo.</p>
<p>Bersani said while attending a conference here that he had had a meeting with Daewoo chairman Kim Woo-Choong, and added it was clear that Daewoo and Ansaldo had complementary industrial areas.</p>
<p>He also regarded as positive the interest from chairman Heinrich Von Pierer of German electronics and engineering group Siemens in the privatisation of Italy's defence and engineering group Finmeccanica.</p>
<p>Milan financial daily Il Sole 24 Ore reported on Tuesday that Von Pierer had expressed interest in the planned privatisation of Finmeccanica.</p>
<p>Finmeccanica and Siemens have been co-operating since 1992 in the areas of railway equipment and gas turbines.</p>
<p>-- Milan newsroom +392 66129502</p>
</text>
<copyright>(c) Reuters Limited 1997</copyright>
<metadata>
<codes class="bip:countries:1.0">
  <code code="ITALY">
    <editdetail attribution="Reuters BIP Coding Group" action="confirmed" date="1997-07-22"/>
  </code>
  <code code="SKOREA">
    <editdetail attribution="Reuters BIP Coding Group" action="confirmed" date="1997-07-22"/>
  </code>
</codes>
<codes class="bip:industries:1.0">
  <code code="I32000">
    <editdetail attribution="Reuters BIP Coding Group" action="confirmed" date="1997-07-22"/>
  </code>
  <code code="I34400">
    <editdetail attribution="Reuters BIP Coding Group" action="confirmed" date="1997-07-22"/>
  </code>
  <code code="I61000">
    <editdetail attribution="Reuters BIP Coding Group" action="confirmed" date="1997-07-22"/>
  </code>
</codes>
<codes class="bip:topics:1.0">
  <code code="C11">
    <editdetail attribution="Reuters BIP Coding Group" action="confirmed" date="1997-07-22"/>
  </code>
  <code code="CCAT">
    <editdetail attribution="Reuters BIP Coding Group" action="confirmed" date="1997-07-22"/>
  </code>
</codes>
<dc element="dc.date.created" value="1997-07-22"/>
<dc element="dc.publisher" value="Reuters Holdings Plc"/>
<dc element="dc.date.published" value="1997-07-22"/>
<dc element="dc.source" value="Reuters"/>
<dc element="dc.creator.location" value="ROME"/>
<dc element="dc.creator.location.country.name" value="ITALY"/>
<dc element="dc.source" value="Reuters"/>
</metadata>
</newsitem>
