<?xml version="1.0" encoding="iso-8859-1" ?>
<newsitem itemid="69283" id="root" date="1996-09-22" xml:lang="en">
<title>HONG KONG: Allied Prop interim profit falls sharply.</title>
<headline>Allied Prop interim profit falls sharply.</headline>
<dateline>HONG KONG 1996-09-22</dateline>
<text>
<p>Six months ended June 30</p>
<p>(in million HK$ unless stated)</p>
<p>				    1996	    1995</p>
<p>    Shr (H.K. cents)	   3.4	  vs 5.7</p>
<p>    Dividend (H.K. cents)    nil	  vs 1.0</p>
<p>    Exceptional items	  15.78 gain vs 3.58 gain</p>
<p>    Net			    83.31	vs 138.34</p>
<p>    Turnover		     216.73     vs 307.97</p>
<p>    Company name		 Allied Properties (Hong Kong) Ltd</p>
<p>    Books close		  N/A</p>
<p>    Dividend payable	   N/A</p>
<p>NOTE - Allied Properties, a subsidiary of Allied Group Ltd, is a property investment and development company.</p>
<p>Net is after exceptional gain mainly from write back of provision for diminution in value of long-term investments</p>
<p>-- Hong Kong Newsroom (852) 2843 6368</p>
</text>
<copyright>(c) Reuters Limited 1996</copyright>
<metadata>
<codes class="bip:countries:1.0">
  <code code="HKONG">
    <editdetail attribution="Reuters BIP Coding Group" action="confirmed" date="1996-09-22"/>
  </code>
</codes>
<codes class="bip:industries:1.0">
  <code code="I85000">
    <editdetail attribution="Reuters BIP Coding Group" action="confirmed" date="1996-09-22"/>
  </code>
</codes>
<codes class="bip:topics:1.0">
  <code code="C15">
    <editdetail attribution="Reuters BIP Coding Group" action="confirmed" date="1996-09-22"/>
  </code>
  <code code="C151">
    <editdetail attribution="Reuters BIP Coding Group" action="confirmed" date="1996-09-22"/>
  </code>
  <code code="CCAT">
    <editdetail attribution="Reuters BIP Coding Group" action="confirmed" date="1996-09-22"/>
  </code>
</codes>
<dc element="dc.date.created" value="1996-09-22"/>
<dc element="dc.publisher" value="Reuters Holdings Plc"/>
<dc element="dc.date.published" value="1996-09-22"/>
<dc element="dc.source" value="Reuters"/>
<dc element="dc.creator.location" value="HONG KONG"/>
<dc element="dc.creator.location.country.name" value="HONG KONG"/>
<dc element="dc.source" value="Reuters"/>
</metadata>
</newsitem>
