<?xml version="1.0" encoding="iso-8859-1" ?>
<newsitem itemid="713701" id="root" date="1997-07-08" xml:lang="en">
<title>INDIA: DEBT-Outstanding State Development Loans - I-sec.</title>
<headline>DEBT-Outstanding State Development Loans - I-sec.</headline>
<text>
<p>Loan name	     issue     maturity  coupon	 amount</p>
<p>			   date	date	dates	  (Rs. Mln)</p>
<p> ---------------     --------  --------  ---------    ---------</p>
<p> 07.50 pct 1997	14-07-87  14-07-97  14/1,14/7     5,567.60</p>
<p> 09.75 pct 1998	02-12-88  02-12-98  2/6,2/12     14,142.30</p>
<p> 09.00 pct 1998	04-09-89  04-09-99  4/3,4/9	13,104.20</p>
<p> 08.75 pct 2000	16-08-90  16-08-00  16/2,16/8     4,202.20</p>
<p> 11.00 pct 2001	16-04-91  16-04-01  16/4,16/10   14,464.40</p>
<p> 11.00 pct 2002	03-05-92  03-05-02  3/11,3/5     17,893.10</p>
<p> 13.50 pct 2003(i)   17-05-93  17-05-03  17/5,17/11   17,504.80</p>
<p> 13.50 pct 2003(ii)  12-07-93  12-07-03  12/7,12/1    20,060.80</p>
<p> 13.50 pct 2003(iii) 20-09-93  20-09-03  20/3,20/9     3,888.40</p>
<p> 12.50 pct 2004	12-09-94  12-09-04  12/3,12/9     6,131.40</p>
<p> 14.00 pct 2005(i)   22-05-95  22-05-05  25/11,25/5   30,178.80</p>
<p> 14.00 pct 2005(ii)  06-11-95  22-05-05  25/11,25/5   23,882.30</p>
<p> 14.00 pct 2005(iii) 22-01-96  22-05-05  25/11,25/5    9,004.00</p>
<p> 13.85 pct 2006(i)   15-05-96  15-05-06  15/11,15/5   23,903.90</p>
<p> 13.85 pct 2006(ii)  12-08-96  12-08-06  12/2,12/8    25,260.00</p>
<p> 12.50 pct 2007	01-01-87  01-01-07  1/7,1/1	   150.00</p>
<p> 13.75 pct 2007	20-01-97  20-01-07  20/7,20/1    16,093.60</p>
<p> 13.00 pct 2007	20-01-87  20-01-07  20/7,20/1    35,910.00</p>
<p> 13.05 pct 2007	30-04-97  30-04-07  30/10,30/4   53,811.40</p>
<p> 11.50 pct 2008	08-05-88  08-05-08  8/11,8/5     35,910.00</p>
<p> 11.50 pct 2009	23-06-89  23-06-09  23/12,23/6   24,970.90</p>
<p> 11.50 pct 2009(ii)  15-09-89  15-09-09  15/3,15/9    25,548.20</p>
<p> 11.50 pct 2010	18-06-90  18-06-10  18/12,18/6   25,693.50</p>
<p> 11.50 pct 2011	08-01-91  08-01-11  8/1,8/7	12,110.70</p>
<p> 12.00 pct 2011	03-04-91  03-04-11  3/4,3/10     21,382.50</p>
<p>-------------------------------------------------------------</p>
<p> Total Amount Outstanding (Rs. million)		  480,679.00</p>
<p>Source : ICICI Securities and Finance Company Ltd (I-sec).</p>
</text>
<copyright>(c) Reuters Limited 1997</copyright>
<metadata>
<codes class="bip:countries:1.0">
  <code code="INDIA">
    <editdetail attribution="Reuters BIP Coding Group" action="confirmed" date="1997-07-08"/>
  </code>
</codes>
<codes class="bip:topics:1.0">
  <code code="M12">
    <editdetail attribution="Reuters BIP Coding Group" action="confirmed" date="1997-07-08"/>
  </code>
  <code code="MCAT">
    <editdetail attribution="Reuters BIP Coding Group" action="confirmed" date="1997-07-08"/>
  </code>
</codes>
<dc element="dc.publisher" value="Reuters Holdings Plc"/>
<dc element="dc.date.published" value="1997-07-08"/>
<dc element="dc.source" value="Reuters"/>
<dc element="dc.creator.location.country.name" value="INDIA"/>
<dc element="dc.source" value="Reuters"/>
</metadata>
</newsitem>
