<?xml version="1.0" encoding="iso-8859-1" ?>
<newsitem itemid="710535" id="root" date="1997-07-07" xml:lang="en">
<title>USA: U.S. Weekly Feeder Cattle Weighted Averages-July 7.</title>
<headline>U.S. Weekly Feeder Cattle Weighted Averages-July 7.</headline>
<text>
<p>For Week Ended July 5, 1997 --</p>
<p>	   OKLAHOMA		  DODGE	    AMARILLO	     *SOUTH WEST</p>
<p>FEEDER    CITY		     CITY					  MISSOURI</p>
<p>STEERS  NO   AVG   AVG    NO   AVG   AVG    NO   AVG   AVG    NO   AVG   AVG</p>
<p>NO. 1  HEAD  WGT  PRICE  HEAD  WGT  PRICE  HEAD  WGT  PRICE  HEAD  WGT  PRICE 400-45  --    --    --    --    --    --    --    --    --     75   424 93.26</p>
<p>450-50  125   472 102.32  --    --    --    --    --    --    115   477 91.94</p>
<p>500-55  201   532 98.36    12   531 89.50    30   523 87.50   119   521 87.93</p>
<p>550-60  146   580 93.47    12   580 85.00    23   556 85.19   267   571 88.70</p>
<p>600-65  184   623 91.64    42   634 86.50    25   601 82.46   201   624 85.72</p>
<p>650-70  127   667 88.02    20   655 87.25    28   680 79.47   219   676 82.34</p>
<p>700-75  293   722 81.70   --    --    --    212   735 79.16   125   726 80.41</p>
<p>750-80  543   773 81.95   --    --    --     15   765 78.00   114   776 79.14</p>
<p>800-85  386   835 79.76   --    --    --    --    --    --    113   829 78.00</p>
<p>850-90  477   874 78.04    14   862 78.60     8   883 73.75   194   865 77.09</p>
<p>FEEDER</p>
<p>HEIFERS</p>
<p>400-45   70   426 88.40   --    --    --     10   449 84.50   108   432 83.96</p>
<p>450-50  118   476 86.81   --    --    --    --    --    --    187   480 82.89</p>
<p>500-55  161   519 84.91    42   514 80.56    50   533 78.20   192   526 82.22</p>
<p>550-60   76   580 81.87    35   571 77.90   --    --    --    211   575 80.28</p>
<p>600-65  160   621 79.11   --    --    --    124   630 75.55   240   621 79.04</p>
<p>650-70  325   682 78.25    57   676 75.96    39   678 74.25   133   674 77.43</p>
<p>700-75  363   728 77.31    83   720 75.55   151   745 75.52   146   714 75.84</p>
<p>750-80  225   767 76.66    36   768 73.85    52   758 75.60    22   775 74.91</p>
<p>FEEDER    *SIOUX		  PRATT, KS	  *CENTRAL	   WYOMING</p>
<p>STEERS     FALLS					 NEBRASKA	   AUCTIONS</p>
<p>MED/LR   NO.  AVG AVG	NO.  AVG AVG	NO.  AVG AVG.     NO.  AVG AVG</p>
<p>NO. 1   HEAD  WGT PRICE   HEAD  WGT PRICE   HEAD  WGT PRICE   HEAD  WGT PRICE</p>
<p>400-45  --    --    --    --    --    --    --    --    --    --    --    --</p>
<p>450-50   23   495 95.24   --    --    --    --    --    --    --    --    --</p>
<p>500-55  --    --    --	6   533 84.00     8   539 84.51   --    --    --</p>
<p>550-60   19   586 91.85     8   572 82.00   --    --    --    --    --    --</p>
<p>600-65   16   641 88.69    45   621 79.64   --    --    --	8   604 85.00</p>
<p>650-70   37   670 86.99    28   677 78.19    14   688 82.83    27   667 86.75</p>
<p>700-75  --    --    --     30   736 78.48   --    --    --    --    --    --</p>
<p>750-80    8   787 79.25    88   778 78.50   --    --    --    --    --    --</p>
<p>800-85   34   839 78.19   492   830 79.97   155   823 81.57   --    --    --</p>
<p>850-90  --    --    --    238   874 77.76   151   855 81.45    20   859 77.85</p>
<p>FEEDER</p>
<p>HEIFER</p>
<p>400-45   19   420 89.00   --    --    --    --    --    --    --    --    --</p>
<p>450-50  --    --    --     51   483 78.79   --    --    --    --    --    --</p>
<p>500-55  --    --    --     37   539 79.42    17   535 81.96   --    --    --</p>
<p>550-60   42   590 84.74    80   587 78.55    12   583 78.43    22   573 79.09</p>
<p>600-65  --    --    --     48   617 76.74     9   625 81.97   --    --    --</p>
<p>650-70   39   665 80.30    49   673 76.10    63   693 77.50   --    --    --</p>
<p>700-75    9   737 80.50   255   720 78.21    24   727 76.37    20   726 73.74</p>
<p>750-80    7   778 74.00   132   764 77.11    97   771 76.43    73   774 74.00</p>
<p>FEEDER									   * CENTRAL</p>
<p>STEERS	*LA JUNTA	   *BILLINGS	 SAN ANGELO	 SOUTH DAKOTA</p>
<p>MED/LR  NO.   AVG AVG	NO.  AVG AVG	NO.  AVG AVG	NO.  AVG AVG</p>
<p>NO. 1 HEHEAD  WGT PRICE   HEAD  WGT PRICE   HEAD  WGT PRICE   HEAD  WGT PRICE</p>
<p>400-45  --    --    --    --    --    --    --    --    --    --    --    --</p>
<p>450-50  --    --    --    --    --    --    --    --    --    --    --    --</p>
<p>500-55  --    --    --    --    --    --    --    --    --    --    --    --</p>
<p>550-60  --    --    --    --    --    --    --    --    --    --    --    --</p>
<p>600-65  --    --    --    --    --    --    --    --    --    --    --    --</p>
<p>650-70  --    --    --    --    --    --    --    --    --    --    --    --</p>
<p>700-75  --    --    --    --    --    --    --    --    --    --    --    --</p>
<p>750-80  --    --    --    --    --    --    --    --    --    --    --    --</p>
<p>800-85  --    --    --    --    --    --    --    --    --    --    --    --</p>
<p>850-90  --    --    --    --    --    --    --    --    --    --    --    --</p>
<p>FEEDER</p>
<p>HEIFERS</p>
<p>400-45  --    --    --    --    --    --    --    --    --    --    --    --</p>
<p>450-50  --    --    --    --    --    --    --    --    --    --    --    --</p>
<p>500-55  --    --    --    --    --    --    --    --    --    --    --    --</p>
<p>550-60  --    --    --    --    --    --    --    --    --    --    --    --</p>
<p>600-65  --    --    --    --    --    --    --    --    --    --    --    --</p>
<p>650-70  --    --    --    --    --    --    --    --    --    --    --    --</p>
<p>700-75  --    --    --    --    --    --    --    --    --    --    --    --</p>
<p>750-80  --    --    --    --    --    --    --    --    --    --    --    --</p>
<p>*COMBINED SALES</p>
<p>SOURCE: USDA Market News</p>
<p>((Chicago newsdesk 312 408 8720))</p>
</text>
<copyright>(c) Reuters Limited 1997</copyright>
<metadata>
<codes class="bip:countries:1.0">
  <code code="USA">
    <editdetail attribution="Reuters BIP Coding Group" action="confirmed" date="1997-07-07"/>
  </code>
</codes>
<codes class="bip:topics:1.0">
  <code code="M14">
    <editdetail attribution="Reuters BIP Coding Group" action="confirmed" date="1997-07-07"/>
  </code>
  <code code="M141">
    <editdetail attribution="Reuters BIP Coding Group" action="confirmed" date="1997-07-07"/>
  </code>
  <code code="MCAT">
    <editdetail attribution="Reuters BIP Coding Group" action="confirmed" date="1997-07-07"/>
  </code>
</codes>
<dc element="dc.publisher" value="Reuters Holdings Plc"/>
<dc element="dc.date.published" value="1997-07-07"/>
<dc element="dc.source" value="Reuters"/>
<dc element="dc.creator.location.country.name" value="USA"/>
<dc element="dc.source" value="Reuters"/>
</metadata>
</newsitem>
