<?xml version="1.0" encoding="iso-8859-1" ?>
<newsitem itemid="26528" id="root" date="1996-09-01" xml:lang="en">
<title>IRAQ: Iraq warns U.S. against action in northern Iraq.</title>
<headline>Iraq warns U.S. against action in northern Iraq.</headline>
<dateline>BAGHDAD 1996-09-01</dateline>
<text>
<p>Iraq warned the United States on Sunday to keep out of its Kurdish north, vowing to turn the area into another Vietnam if Washington intervened.</p>
<p>&quot;The Iraqi people, in the forefront Iraqi Kurds, are ready to provide an example that will inevitably remind the Americans of the Vietnam complex,&quot; the government newspaper al-Jumhouriya declared in a front-page editorial.  </p>
<p>&quot;Beware of the wrath of Iraqi Kurds...They should not believe that what happened can be controlled by force,&quot; the paper said in the editorial signed by editor-in-chief Salah al- Mukhtar.</p>
<p>Iraqi troops, backed by heavy armour and artillery, intervened on Saturday on the side of Massoud Barzani leader of the Kurdistan Democratic Party, to recapture the Kurdish stronghold of Arbil from Jalal Talabani of the Patriotic Union of Kurdistan (PUK).</p>
<p>It was the first Iraqi military thrust in the region since the United States and its Western allies set up an air umbrella over northern Iraq to protect rebel Kurds from possible attacks by Iraqi armed forces.</p>
<p>Iraq said early on Sunday it would withdraw the troops it sent to back Barzani. Washington has expressed scepticism over Baghdad fulfilling this pledge.</p>
</text>
<copyright>(c) Reuters Limited 1996</copyright>
<metadata>
<codes class="bip:countries:1.0">
  <code code="IRAQ">
    <editdetail attribution="Reuters BIP Coding Group" action="confirmed" date="1996-09-01"/>
  </code>
  <code code="USA">
    <editdetail attribution="Reuters BIP Coding Group" action="confirmed" date="1996-09-01"/>
  </code>
</codes>
<codes class="bip:topics:1.0">
  <code code="GCAT">
    <editdetail attribution="Reuters BIP Coding Group" action="confirmed" date="1996-09-01"/>
  </code>
  <code code="GDIP">
    <editdetail attribution="Reuters BIP Coding Group" action="confirmed" date="1996-09-01"/>
  </code>
  <code code="GVIO">
    <editdetail attribution="Reuters BIP Coding Group" action="confirmed" date="1996-09-01"/>
  </code>
</codes>
<dc element="dc.date.created" value="1996-09-01"/>
<dc element="dc.publisher" value="Reuters Holdings Plc"/>
<dc element="dc.date.published" value="1996-09-01"/>
<dc element="dc.source" value="Reuters"/>
<dc element="dc.creator.location" value="BAGHDAD"/>
<dc element="dc.creator.location.country.name" value="IRAQ"/>
<dc element="dc.source" value="Reuters"/>
</metadata>
</newsitem>
