<?xml version="1.0" encoding="iso-8859-1" ?>
<newsitem itemid="388004" id="root" date="1997-02-19" xml:lang="en">
<title>SINGAPORE: Pakistan National Refining defers shutdown to April.</title>
<headline>Pakistan National Refining defers shutdown to April.</headline>
<dateline>SINGAPORE 1997-02-19</dateline>
<text>
<p>Pakistan's state-owned National Refining Ltd has postponed the scheduled shutdown of its 63,000 barrels-per-day (bpd) refinery to early April from the second week of February, a source with the Ministry of Petroleum and Natural Resources said.</p>
<p>The shutdown will be for 20 days, he said.</p>
<p>The delay was to allow the refinery &quot;to make arrangements with the contractors&quot; for the routine maintenance, he said.</p>
<p>&quot;We are arranging imports to coincide with the shutdown,&quot; he said. &quot;The refinery will not be able to delay its shutdown beyond April.&quot;  </p>
<p>-- Singapore Newsroom (+65-870 3084)</p>
</text>
<copyright>(c) Reuters Limited 1997</copyright>
<metadata>
<codes class="bip:countries:1.0">
  <code code="PAKIS">
    <editdetail attribution="Reuters BIP Coding Group" action="confirmed" date="1997-02-19"/>
  </code>
  <code code="SINGP">
    <editdetail attribution="Reuters BIP Coding Group" action="confirmed" date="1997-02-19"/>
  </code>
</codes>
<codes class="bip:industries:1.0">
  <code code="I14000">
    <editdetail attribution="Reuters BIP Coding Group" action="confirmed" date="1997-02-19"/>
  </code>
</codes>
<codes class="bip:topics:1.0">
  <code code="C24">
    <editdetail attribution="Reuters BIP Coding Group" action="confirmed" date="1997-02-19"/>
  </code>
  <code code="CCAT">
    <editdetail attribution="Reuters BIP Coding Group" action="confirmed" date="1997-02-19"/>
  </code>
</codes>
<dc element="dc.date.created" value="1997-02-19"/>
<dc element="dc.publisher" value="Reuters Holdings Plc"/>
<dc element="dc.date.published" value="1997-02-19"/>
<dc element="dc.source" value="Reuters"/>
<dc element="dc.creator.location" value="SINGAPORE"/>
<dc element="dc.creator.location.country.name" value="SINGAPORE"/>
<dc element="dc.source" value="Reuters"/>
</metadata>
</newsitem>
