<?xml version="1.0" encoding="iso-8859-1" ?>
<newsitem itemid="579844" id="root" date="1997-05-13" xml:lang="en">
<title>INDIA: DEBT - Indian brokers quotes on securities - May 13.</title>
<headline>DEBT - Indian brokers quotes on securities - May 13.</headline>
<dateline>BOMBAY 1997-05-13</dateline>
<text>
<p>Following are some indicative quotes made by Bombay-based brokers for dated Indian government securities and treasury bills on Tuesday.</p>
<p>.</p>
<p>Government securities (bid/offer in rupees)</p>
<p>------------------------------------------</p>
<p>			LBL		-----	     -----</p>
<p>13.50% 97    101.92/101.95   ------/------   ------/------</p>
<p>13.50% 98    ------/103.00   ------/------   ------/------</p>
<p>13.85% 01    104.80/105.20   ------/------   ------/------</p>
<p>12.69% 02    100.20/100.24   ------/------   ------/------</p>
<p>.</p>
<p>Treasury bills (bid/offer in percent)</p>
<p>------------------------------------</p>
<p>Maturing on	 LBL		 ---		 ---</p>
<p>--/--/--     ------/------   ------/------   ------/------</p>
<p>29/08/97	 8.25/7.75     ------/------   ------/------</p>
<p>24/04/98     ------/9.25     ------/------   ------/------</p>
<p>.</p>
<p>Maturing on	 ---		 ---		 ---</p>
<p>--/--/--     ------/------   ------/------   ------/------</p>
<p>.</p>
<p>Note:	LBL    : Lloyds Brokerage Ltd.</p>
<p>			  (Mr. Mithi Somesh)</p>
<p>			  Tel: 2852831-36, Fax: 2854459</p>
<p>--</p>
<p>	   -- Bombay newsroom +91-22-265 9000</p>
</text>
<copyright>(c) Reuters Limited 1997</copyright>
<metadata>
<codes class="bip:countries:1.0">
  <code code="INDIA">
    <editdetail attribution="Reuters BIP Coding Group" action="confirmed" date="1997-05-13"/>
  </code>
</codes>
<codes class="bip:topics:1.0">
  <code code="M12">
    <editdetail attribution="Reuters BIP Coding Group" action="confirmed" date="1997-05-13"/>
  </code>
  <code code="M13">
    <editdetail attribution="Reuters BIP Coding Group" action="confirmed" date="1997-05-13"/>
  </code>
  <code code="M131">
    <editdetail attribution="Reuters BIP Coding Group" action="confirmed" date="1997-05-13"/>
  </code>
  <code code="MCAT">
    <editdetail attribution="Reuters BIP Coding Group" action="confirmed" date="1997-05-13"/>
  </code>
</codes>
<dc element="dc.date.created" value="1997-05-13"/>
<dc element="dc.publisher" value="Reuters Holdings Plc"/>
<dc element="dc.date.published" value="1997-05-13"/>
<dc element="dc.source" value="Reuters"/>
<dc element="dc.creator.location" value="BOMBAY"/>
<dc element="dc.creator.location.country.name" value="INDIA"/>
<dc element="dc.source" value="Reuters"/>
</metadata>
</newsitem>
