<?xml version="1.0" encoding="iso-8859-1" ?>
<newsitem itemid="19249" id="root" date="1996-08-28" xml:lang="en">
<title>COLOMBIA: No damage to Colombia coffee crop, official says.</title>
<headline>No damage to Colombia coffee crop, official says.</headline>
<dateline>BOGOTA 1996-08-28</dateline>
<text>
<p>The coffee crop in Colombia's central province of Risaralda was not affected by a storm of unusual intensity that hit the provincial capital over the weekend, an industry official said.</p>
<p>Alejandro Cano, chief of the Risaralda Coffee Growers Committee, said the storm -- packing gale-force winds and torrential rains -- was centered on a working-class district on the outskirts of the capital, Pereira, and had little or no affect on the countryside.</p>
<p>&quot;There was no damage to the coffee crop,&quot; Cano said in a telephone interview.</p>
<p>Cano said the harvest beginning next month in Risaralda and ending in November was expected to be about 25 to 30 percent below average, however, because of unusually heavy rains during the flowering period earlier this year.</p>
<p>&quot;It's not going to be a good one,&quot; he said.</p>
<p>-- Bogota newsroom, 571 610 7944</p>
</text>
<copyright>(c) Reuters Limited 1996</copyright>
<metadata>
<codes class="bip:countries:1.0">
  <code code="COL">
    <editdetail attribution="Reuters BIP Coding Group" action="confirmed" date="1996-08-28"/>
  </code>
</codes>
<codes class="bip:industries:1.0">
  <code code="I01001">
    <editdetail attribution="Reuters BIP Coding Group" action="confirmed" date="1996-08-28"/>
  </code>
  <code code="I0100137">
    <editdetail attribution="Reuters BIP Coding Group" action="confirmed" date="1996-08-28"/>
  </code>
</codes>
<codes class="bip:topics:1.0">
  <code code="C21">
    <editdetail attribution="Reuters BIP Coding Group" action="confirmed" date="1996-08-28"/>
  </code>
  <code code="C24">
    <editdetail attribution="Reuters BIP Coding Group" action="confirmed" date="1996-08-28"/>
  </code>
  <code code="CCAT">
    <editdetail attribution="Reuters BIP Coding Group" action="confirmed" date="1996-08-28"/>
  </code>
  <code code="GCAT">
    <editdetail attribution="Reuters BIP Coding Group" action="confirmed" date="1996-08-28"/>
  </code>
  <code code="GWEA">
    <editdetail attribution="Reuters BIP Coding Group" action="confirmed" date="1996-08-28"/>
  </code>
  <code code="M14">
    <editdetail attribution="Reuters BIP Coding Group" action="confirmed" date="1996-08-28"/>
  </code>
  <code code="M141">
    <editdetail attribution="Reuters BIP Coding Group" action="confirmed" date="1996-08-28"/>
  </code>
  <code code="MCAT">
    <editdetail attribution="Reuters BIP Coding Group" action="confirmed" date="1996-08-28"/>
  </code>
</codes>
<dc element="dc.date.created" value="1996-08-28"/>
<dc element="dc.publisher" value="Reuters Holdings Plc"/>
<dc element="dc.date.published" value="1996-08-28"/>
<dc element="dc.source" value="Reuters"/>
<dc element="dc.creator.location" value="BOGOTA"/>
<dc element="dc.creator.location.country.name" value="COLOMBIA"/>
<dc element="dc.source" value="Reuters"/>
</metadata>
</newsitem>
