<?xml version="1.0" encoding="iso-8859-1" ?>
<newsitem itemid="638534" id="root" date="1997-06-04" xml:lang="en">
<title>INDONESIA: RESEARCH ALERT - Schroders raises Bimantara.</title>
<headline>RESEARCH ALERT - Schroders raises Bimantara.</headline>
<dateline>JAKARTA 1997-06-04</dateline>
<text>
<p>Brokerage firm PT Schroders Indonesia had upgraded its rating in conglomerate PT Bimantara Citra to &quot;outperform significantly&quot; from &quot;outperform&quot; on combined strong fundamentals and a higher net asset value.</p>
<p>&quot;Through our detailed analysis of Bimantara, we have arrived at a net asset value of 6,219 rupiah per share, which is substantially higher than market expectations,&quot; Schroders said in the report, dated May 28.</p>
<p>It said the shares were trading at a 40.5 percent discount to Schroders's net asset value (NAV) calculation of 6,219 rupiah and a 7.5 percent discount to market concensus NAV of about 4,000 rupiah.</p>
<p>The report said compound-annual-growth-rate of Bimantara's earnings per share (EPS) should be 26.8 percent from 1997 to 1999, well in excess of the forecast Jakarta Stock Exchange average of 16 percent.</p>
<p>--Jakarta newsroom +6221-384-6364</p>
</text>
<copyright>(c) Reuters Limited 1997</copyright>
<metadata>
<codes class="bip:countries:1.0">
  <code code="INDON">
    <editdetail attribution="Reuters BIP Coding Group" action="confirmed" date="1997-06-04"/>
  </code>
</codes>
<codes class="bip:industries:1.0">
  <code code="I83960">
    <editdetail attribution="Reuters BIP Coding Group" action="confirmed" date="1997-06-04"/>
  </code>
</codes>
<codes class="bip:topics:1.0">
  <code code="C15">
    <editdetail attribution="Reuters BIP Coding Group" action="confirmed" date="1997-06-04"/>
  </code>
  <code code="C152">
    <editdetail attribution="Reuters BIP Coding Group" action="confirmed" date="1997-06-04"/>
  </code>
  <code code="CCAT">
    <editdetail attribution="Reuters BIP Coding Group" action="confirmed" date="1997-06-04"/>
  </code>
</codes>
<dc element="dc.date.created" value="1997-06-04"/>
<dc element="dc.publisher" value="Reuters Holdings Plc"/>
<dc element="dc.date.published" value="1997-06-04"/>
<dc element="dc.source" value="Reuters"/>
<dc element="dc.creator.location" value="JAKARTA"/>
<dc element="dc.creator.location.country.name" value="INDONESIA"/>
<dc element="dc.source" value="Reuters"/>
</metadata>
</newsitem>
