<?xml version="1.0" encoding="iso-8859-1" ?>
<newsitem itemid="669536" id="root" date="1997-06-18" xml:lang="en">
<title>MOZAMBIQUE: PRESS DIGEST - Mozambique - June 18.</title>
<headline>PRESS DIGEST - Mozambique - June 18.</headline>
<dateline>MAPUTO 1997-06-18</dateline>
<text>
<p>These are the leading stories in the Mozambican press on Wednesday. Reuters has not verified these stories and does not vouch for their accuracy.</p>
<p>- - - -</p>
<p>NOTICIAS</p>
<p>- Thieves have stolen 16 lights from the main runway at Maputo international airport, despite increased security in the wake of a spate of airport thefts.</p>
<p>- The international donor community has pledged to provide $8.5 million for a development project in northern Mozambique known as &quot;Niassa 2000&quot;. The money will be used for education, health, agriculture, roadworks and water supply.</p>
<p>- - - -</p>
</text>
<copyright>(c) Reuters Limited 1997</copyright>
<metadata>
<codes class="bip:countries:1.0">
  <code code="MOZAM">
    <editdetail attribution="Reuters BIP Coding Group" action="confirmed" date="1997-06-18"/>
  </code>
</codes>
<codes class="bip:topics:1.0">
  <code code="GCAT">
    <editdetail attribution="Reuters BIP Coding Group" action="confirmed" date="1997-06-18"/>
  </code>
</codes>
<dc element="dc.date.created" value="1997-06-18"/>
<dc element="dc.publisher" value="Reuters Holdings Plc"/>
<dc element="dc.date.published" value="1997-06-18"/>
<dc element="dc.source" value="Reuters"/>
<dc element="dc.creator.location" value="MAPUTO"/>
<dc element="dc.creator.location.country.name" value="MOZAMBIQUE"/>
<dc element="dc.source" value="Reuters"/>
</metadata>
</newsitem>
