<?xml version="1.0" encoding="iso-8859-1" ?>
<newsitem itemid="214529" id="root" date="1996-11-25" xml:lang="en">
<title>USA: Lane County SD 1, Ore., yields 5.50 pct in 2016.</title>
<headline>Lane County SD 1, Ore., yields 5.50 pct in 2016.</headline>
<dateline>NEW YORK 1996-11-25</dateline>
<text>
<p>Seattle-Northwest Securities Corp said it priced $9.640 million of Lane County School District 1, Ore., general obligation bonds, Series 1996, with a top yield of 5.50 percent in 2016.</p>
<p>The preliminary pricing follows:</p>
</text>
<copyright>(c) Reuters Limited 1996</copyright>
<metadata>
<codes class="bip:countries:1.0">
  <code code="USA">
    <editdetail attribution="Reuters BIP Coding Group" action="confirmed" date="1996-11-25"/>
  </code>
</codes>
<codes class="bip:topics:1.0">
  <code code="E21">
    <editdetail attribution="Reuters BIP Coding Group" action="confirmed" date="1996-11-25"/>
  </code>
  <code code="E212">
    <editdetail attribution="Reuters BIP Coding Group" action="confirmed" date="1996-11-25"/>
  </code>
  <code code="ECAT">
    <editdetail attribution="Reuters BIP Coding Group" action="confirmed" date="1996-11-25"/>
  </code>
</codes>
<dc element="dc.date.created" value="1996-11-25"/>
<dc element="dc.publisher" value="Reuters Holdings Plc"/>
<dc element="dc.date.published" value="1996-11-25"/>
<dc element="dc.source" value="Reuters"/>
<dc element="dc.creator.location" value="NEW YORK"/>
<dc element="dc.creator.location.country.name" value="USA"/>
<dc element="dc.source" value="Reuters"/>
</metadata>
</newsitem>
