<?xml version="1.0" encoding="iso-8859-1" ?>
<newsitem itemid="190213" id="root" date="1996-11-14" xml:lang="en">
<title>SWEDEN: S&amp;P assigns ratings to Norway's Statkraft SF.</title>
<headline>S&amp;P assigns ratings to Norway's Statkraft SF.</headline>
<dateline>STOCKHOLM 1996-11-14</dateline>
<text>
<p>Standard &amp; Poor's said it assigned its AA+ long-term and A-1+ short-term issuer credit ratings to Statkraft SF of Norway. It said the long-term rating outlook is stable.  </p>
<p>S&amp;P said the ratings reflect Statkraft's state enterprise status and strong relationship with the Kingdom of Norway, which has AAA/A-1+ foreign currency debt ratings with a stable outlook.</p>
<p>Electricity generator Statkraft is wholly owned by the Kingdom of Norway, and there is no intention to privatise it, the ratings agency said.</p>
<p>Because of Statkraft's strategic importance to Norway's electricity production, S&amp;P said it believed the government has strong incentives to provide timely financial assistance if and when needed.</p>
</text>
<copyright>(c) Reuters Limited 1996</copyright>
<metadata>
<codes class="bip:countries:1.0">
  <code code="NORW">
    <editdetail attribution="Reuters BIP Coding Group" action="confirmed" date="1996-11-14"/>
  </code>
  <code code="SWED">
    <editdetail attribution="Reuters BIP Coding Group" action="confirmed" date="1996-11-14"/>
  </code>
</codes>
<codes class="bip:industries:1.0">
  <code code="I1610107">
    <editdetail attribution="Reuters BIP Coding Group" action="confirmed" date="1996-11-14"/>
  </code>
</codes>
<codes class="bip:topics:1.0">
  <code code="C17">
    <editdetail attribution="Reuters BIP Coding Group" action="confirmed" date="1996-11-14"/>
  </code>
  <code code="C174">
    <editdetail attribution="Reuters BIP Coding Group" action="confirmed" date="1996-11-14"/>
  </code>
  <code code="CCAT">
    <editdetail attribution="Reuters BIP Coding Group" action="confirmed" date="1996-11-14"/>
  </code>
</codes>
<dc element="dc.date.created" value="1996-11-14"/>
<dc element="dc.publisher" value="Reuters Holdings Plc"/>
<dc element="dc.date.published" value="1996-11-14"/>
<dc element="dc.source" value="Reuters"/>
<dc element="dc.creator.location" value="STOCKHOLM"/>
<dc element="dc.creator.location.country.name" value="SWEDEN"/>
<dc element="dc.source" value="Reuters"/>
</metadata>
</newsitem>
