<?xml version="1.0" encoding="iso-8859-1" ?>
<newsitem itemid="185171" id="root" date="1996-11-13" xml:lang="en">
<title>USA: Leucadia National Q3 diluted shr declines.</title>
<headline>Leucadia National Q3 diluted shr declines.</headline>
<dateline>NEW YORK 1996-11-13</dateline>
<text>
<p>Summary for Leucadia National Corp. and Subsidiaries</p>
<p>		(In thousands, except per share amounts)</p>
<p>						  THREE MONTHS</p>
<p>						1996	 1995</p>
<p>Revenues				   $377,796   $390,987</p>
<p>Net security gains		     $ 23,083   $ 11,787</p>
<p>Income pre income taxes		$ 29,047   $ 29,003</p>
<p>Net income				 $ 19,185   $ 21,726</p>
<p>EPS primary				   $0.32	$0.37</p>
<p>Primary avg shares			 60,534     59,427</p>
<p>EPS diluted				    0.31	 0.36</p>
<p>Avg diluted shares			 64,022     62,984</p>
<p>						    NINE MONTHS</p>
<p>Revenues				 $1,140,935 $1,128,432</p>
<p>Net security gains		     $ 34,658   $ 11,559</p>
<p>Income pre income taxes		$ 69,469   $ 76,706</p>
<p>Net income				 $ 47,959   $ 55,458</p>
<p>EPS Primary				    0.79	 0.94</p>
<p>Primary avg shares			 60,556     58,927</p>
<p>EPS diluted				    0.79	 0.93</p>
<p>Avg diluted shares			 64,037     62,481</p>
</text>
<copyright>(c) Reuters Limited 1996</copyright>
<metadata>
<codes class="bip:countries:1.0">
  <code code="USA">
    <editdetail attribution="Reuters BIP Coding Group" action="confirmed" date="1996-11-13"/>
  </code>
</codes>
<codes class="bip:industries:1.0">
  <code code="I83960">
    <editdetail attribution="Reuters BIP Coding Group" action="confirmed" date="1996-11-13"/>
  </code>
</codes>
<codes class="bip:topics:1.0">
  <code code="C15">
    <editdetail attribution="Reuters BIP Coding Group" action="confirmed" date="1996-11-13"/>
  </code>
  <code code="C151">
    <editdetail attribution="Reuters BIP Coding Group" action="confirmed" date="1996-11-13"/>
  </code>
  <code code="CCAT">
    <editdetail attribution="Reuters BIP Coding Group" action="confirmed" date="1996-11-13"/>
  </code>
</codes>
<dc element="dc.date.created" value="1996-11-13"/>
<dc element="dc.publisher" value="Reuters Holdings Plc"/>
<dc element="dc.date.published" value="1996-11-13"/>
<dc element="dc.source" value="Reuters"/>
<dc element="dc.creator.location" value="NEW YORK"/>
<dc element="dc.creator.location.country.name" value="USA"/>
<dc element="dc.source" value="Reuters"/>
</metadata>
</newsitem>
