<?xml version="1.0" encoding="iso-8859-1" ?>
<newsitem itemid="313157" id="root" date="1997-01-16" xml:lang="en">
<title>USA: KRUG says unit gets NASA contract.</title>
<headline>KRUG says unit gets NASA contract.</headline>
<dateline>HOUSTON 1997-01-15</dateline>
<text>
<p>KRUG International Corp said on Wednesday its unit had won a new five-year contract from NASA's Johnson Space Center Medical Sciences Division worth about $82.1 million, including $33.8 million for option years four and five.</p>
<p>The company's subsidiary, KRUG Life Sciences Inc, provides research and development for NASA and the U.S. Air Force.</p>
</text>
<copyright>(c) Reuters Limited 1997</copyright>
<metadata>
<codes class="bip:countries:1.0">
  <code code="USA">
    <editdetail attribution="Reuters BIP Coding Group" action="confirmed" date="1997-01-16"/>
  </code>
</codes>
<codes class="bip:industries:1.0">
  <code code="I36400">
    <editdetail attribution="Reuters BIP Coding Group" action="confirmed" date="1997-01-16"/>
  </code>
</codes>
<codes class="bip:topics:1.0">
  <code code="C33">
    <editdetail attribution="Reuters BIP Coding Group" action="confirmed" date="1997-01-16"/>
  </code>
  <code code="C331">
    <editdetail attribution="Reuters BIP Coding Group" action="confirmed" date="1997-01-16"/>
  </code>
  <code code="CCAT">
    <editdetail attribution="Reuters BIP Coding Group" action="confirmed" date="1997-01-16"/>
  </code>
</codes>
<dc element="dc.date.created" value="1997-01-15"/>
<dc element="dc.publisher" value="Reuters Holdings Plc"/>
<dc element="dc.date.published" value="1997-01-16"/>
<dc element="dc.source" value="Reuters"/>
<dc element="dc.creator.location" value="HOUSTON"/>
<dc element="dc.creator.location.country.name" value="USA"/>
<dc element="dc.source" value="Reuters"/>
</metadata>
</newsitem>
