<?xml version="1.0" encoding="iso-8859-1" ?>
<newsitem itemid="189080" id="root" date="1996-11-14" xml:lang="en">
<title>USA: Chittenango CSD, N.Y., won by Roosevelt &amp; Cross.</title>
<headline>Chittenango CSD, N.Y., won by Roosevelt &amp; Cross.</headline>
<dateline>NEW YORK 1996-11-14</dateline>
<text>
<p>Roosevelt &amp; Cross said Thursday it won $7.67 million Chittenango Cental School District, N.Y., school district bonds, 1996, with a net interest cost of 5.302 percent.  </p>
<p>AMT: 7,670,000	DATE: 11/14/96	NYC Time: 1100     CUSIP: 170214</p>
<p>ISSUER: Chittenango CSD						ST: NY</p>
<p>ISSUE: School district, 1996					 TAX STAT: Exempt-ULT</p>
<p>M/SP/F: A/NR/NR							  BOOK ENTRY: Y</p>
<p>ENHANCEMENTS: FGIC AAA/NR/NR					 BANK QUAL: N</p>
<p>DTD: 10/15/96							    SURE BID: N</p>
<p>DUE: 6/15/97-16					     SR MGR: Roosevelt &amp; Cross</p>
<p>1ST CPN: 06/15/97					   DOLLAR BID: 100.00</p>
<p>CALL: 6/15/04 at 102, dtp 6/15/06		     NIC 5.302</p>
<p>DELIVERY: 11/26/1996 approx			     ORDERS: 1 HR</p>
<p>PAYING AGENT: School District Treasurer's Office, Chittenango</p>
<p>L.O.: Willkie Farr &amp; Gallagher, New York</p>
<p>F.A.: Fiscal Advisors &amp; Marketing, Cicero</p>
<p>LAST SALE: $2,740,000 P/FSA 5/31/95 @ 5.3177% NIC; 8 yrs 6 mos Avg; BBI-5.83%</p>
<p>Year		     Amount    Coupon     Yield     Price  Conc.</p>
<p>1997		    360,000     5.100	 NRO		  NRO</p>
<p>1998		    240,000     5.200     3.900		 .250</p>
<p>1999		    250,000     5.200     4.000		 .250</p>
<p>2000		    260,000     5.250     4.150		 .250</p>
<p>2001		    270,000     5.250     4.300		 .250</p>
<p>2002		    280,000     5.250     4.450		 .250</p>
<p>2003		    300,000     5.250     4.550		 .250</p>
<p>2004		    310,000     5.250     4.650		 .250</p>
<p>2005		    330,000     5.250     4.750		 .250</p>
<p>2006		    350,000     5.250     4.850		 .250</p>
<p>2007		    370,000     5.250     4.950		 .250</p>
<p>2008		    380,000     5.250     5.050		 .250</p>
<p>2009		    410,000     5.250     5.150		 .250</p>
<p>2010		    430,000     5.250     5.250		 .250</p>
<p>2011		    450,000     5.250     5.300		 .250</p>
<p>2012		    480,000     5.300     5.350		 .250</p>
<p>2013		    510,000     5.300     5.400		 .250</p>
<p>2014		    530,000     5.375     5.450		 .250</p>
<p>2015		    560,000     5.375     5.500		 .250</p>
<p>2016		    600,000     5.375     5.500		 .250</p>
</text>
<copyright>(c) Reuters Limited 1996</copyright>
<metadata>
<codes class="bip:countries:1.0">
  <code code="USA">
    <editdetail attribution="Reuters BIP Coding Group" action="confirmed" date="1996-11-14"/>
  </code>
</codes>
<codes class="bip:topics:1.0">
  <code code="E21">
    <editdetail attribution="Reuters BIP Coding Group" action="confirmed" date="1996-11-14"/>
  </code>
  <code code="E212">
    <editdetail attribution="Reuters BIP Coding Group" action="confirmed" date="1996-11-14"/>
  </code>
  <code code="ECAT">
    <editdetail attribution="Reuters BIP Coding Group" action="confirmed" date="1996-11-14"/>
  </code>
</codes>
<dc element="dc.date.created" value="1996-11-14"/>
<dc element="dc.publisher" value="Reuters Holdings Plc"/>
<dc element="dc.date.published" value="1996-11-14"/>
<dc element="dc.source" value="Reuters"/>
<dc element="dc.creator.location" value="NEW YORK"/>
<dc element="dc.creator.location.country.name" value="USA"/>
<dc element="dc.source" value="Reuters"/>
</metadata>
</newsitem>
