<?xml version="1.0" encoding="iso-8859-1" ?>
<newsitem itemid="466525" id="root" date="1997-03-25" xml:lang="en">
<title>USA: Siemens unit gets $35 mln handsets contract.</title>
<headline>Siemens unit gets $35 mln handsets contract.</headline>
<dateline>RICHARDSON, Texas 1997-03-25</dateline>
<text>
<p>Siemens Wireless Terminals said Tuesday it has won a contract worth more than $35 million to supply Western Wireless Corp with handsets used in advanced mobile communications.</p>
<p>Under the contract, Siemens will supply Western Wireless initially with its G1050 handset and accesory products.</p>
<p>In the future, the Siemens unit will provide the company with its G1250 handset models and other new products.</p>
<p>Western Wireless, an Issaquah, Wash.,-based wireless communications services company, will offer the handsets beginning in June in major metropolitan areas where its VoiceStream Wireless service is available.</p>
<p>Siemens Wireless is a division of Siemens Business Communications Systems, part of Siemens AG, whose GSM (global systems for mobile communications) handsets are sold in more than 70 countries.</p>
</text>
<copyright>(c) Reuters Limited 1997</copyright>
<metadata>
<codes class="bip:countries:1.0">
  <code code="GFR">
    <editdetail attribution="Reuters BIP Coding Group" action="confirmed" date="1997-03-25"/>
  </code>
  <code code="USA">
    <editdetail attribution="Reuters BIP Coding Group" action="confirmed" date="1997-03-25"/>
  </code>
</codes>
<codes class="bip:industries:1.0">
  <code code="I34400">
    <editdetail attribution="Reuters BIP Coding Group" action="confirmed" date="1997-03-25"/>
  </code>
</codes>
<codes class="bip:topics:1.0">
  <code code="C33">
    <editdetail attribution="Reuters BIP Coding Group" action="confirmed" date="1997-03-25"/>
  </code>
  <code code="CCAT">
    <editdetail attribution="Reuters BIP Coding Group" action="confirmed" date="1997-03-25"/>
  </code>
</codes>
<dc element="dc.date.created" value="1997-03-25"/>
<dc element="dc.publisher" value="Reuters Holdings Plc"/>
<dc element="dc.date.published" value="1997-03-25"/>
<dc element="dc.source" value="Reuters"/>
<dc element="dc.creator.location" value="RICHARDSON, Texas"/>
<dc element="dc.creator.location.country.name" value="USA"/>
<dc element="dc.source" value="Reuters"/>
</metadata>
</newsitem>
