<?xml version="1.0" encoding="iso-8859-1" ?>
<newsitem itemid="105955" id="root" date="1996-10-09" xml:lang="en">
<title>NETHERLANDS: SUEZ NEDERLAND UPS HUNTER DOUGLAS TO BUY.</title>
<headline>SUEZ NEDERLAND UPS HUNTER DOUGLAS TO BUY.</headline>
<dateline>AMSTERDAM 1996-10-09</dateline>
<text>
<p>Summary of October research.</p>
<p>Company---------Sector--------Price------------Broker---------</p>
<p>Hunter Douglas  dom applics  119.50	   Suez Nederland </p>
<p>COMMENT: Buy (from Hold).</p>
<p>New record earnings at window blinds maker's just matter of</p>
<p>time. Because of reorganisations, strong market position and</p>
<p>reasonable economic circumstances, 1996 earnings will exceed</p>
<p>previous record level posted in 1989. For coming years further</p>
<p>turnover and profit growth expected, in particular in Far East</p>
<p>and North America, and operational margins could improve</p>
<p>further. Chart pattern is positive.</p>
<p>    Estimates (Dfl):   EPS	   P/E     Dividend</p>
<p>    1995 (actual)	 7.29	 10.2    2.25</p>
<p>    1996		    8.64	 13.8    2.60</p>
<p>    1997		    9.74	 12.3    3.00</p>
<p>    1998		   10.70	 11.2    3.40</p>
<p>-- Amsterdam newsroom, +31 20 504 5000 (Fax +31 20 504 5040)</p>
</text>
<copyright>(c) Reuters Limited 1996</copyright>
<metadata>
<codes class="bip:countries:1.0">
  <code code="NETH">
    <editdetail attribution="Reuters BIP Coding Group" action="confirmed" date="1996-10-09"/>
  </code>
</codes>
<codes class="bip:industries:1.0">
  <code code="I24300">
    <editdetail attribution="Reuters BIP Coding Group" action="confirmed" date="1996-10-09"/>
  </code>
</codes>
<codes class="bip:topics:1.0">
  <code code="C15">
    <editdetail attribution="Reuters BIP Coding Group" action="confirmed" date="1996-10-09"/>
  </code>
  <code code="C152">
    <editdetail attribution="Reuters BIP Coding Group" action="confirmed" date="1996-10-09"/>
  </code>
  <code code="CCAT">
    <editdetail attribution="Reuters BIP Coding Group" action="confirmed" date="1996-10-09"/>
  </code>
</codes>
<dc element="dc.date.created" value="1996-10-09"/>
<dc element="dc.publisher" value="Reuters Holdings Plc"/>
<dc element="dc.date.published" value="1996-10-09"/>
<dc element="dc.source" value="Reuters"/>
<dc element="dc.creator.location" value="AMSTERDAM"/>
<dc element="dc.creator.location.country.name" value="NETHERLANDS"/>
<dc element="dc.source" value="Reuters"/>
</metadata>
</newsitem>
