<?xml version="1.0" encoding="iso-8859-1" ?>
<newsitem itemid="657288" id="root" date="1997-06-12" xml:lang="en">
<title>USA: CSCE cocoa called to open $25 to $35 higher.</title>
<headline>CSCE cocoa called to open $25 to $35 higher.</headline>
<dateline>NEW YORK 1997-06-12</dateline>
<text>
<p>CSCE cocoa futures were called to open $25 to $35 higher Thursday on the heels of a strong performance in London overnight, traders said.</p>
<p>LIFFE cocoa futures surged to 10-week highs in heavy trade Thursday on fears the El Nino weather pattern would damage next year's crops.</p>
<p>At midsession, LIFFE benchmark July stood 37 stg higher at 1,062 stg a tonne, its highest level since April 4. Second-position September was up the same at 1,082 stg after climbing over resistance at 1,072 stg.</p>
<p>Earlier this week, U.S. National Oceanic and Atmospheric Administration (NOAA) said warm ocean temperatures off the western coast of South America had triggered an El Nino Weather pattern, which could bring dry damaging weather to cocoa-growing areas.</p>
<p>Wednesday, New York cocoa futures rose sharply, bolstered by chart-driven speculative buying. Spot July settled up $36 at $1,471 a tonne after trading from $1,472 to $1,426. Second-month September closed $37 higher at $1,514, while the outer months finished up $30 to $34.</p>
<p>Traders said July cocoa broke through all resistance levels on Wednesday's close.</p>
<p>((--New York Commodity Desk 212 859 1640))</p>
</text>
<copyright>(c) Reuters Limited 1997</copyright>
<metadata>
<codes class="bip:countries:1.0">
  <code code="USA">
    <editdetail attribution="Reuters BIP Coding Group" action="confirmed" date="1997-06-12"/>
  </code>
</codes>
<codes class="bip:topics:1.0">
  <code code="M14">
    <editdetail attribution="Reuters BIP Coding Group" action="confirmed" date="1997-06-12"/>
  </code>
  <code code="M141">
    <editdetail attribution="Reuters BIP Coding Group" action="confirmed" date="1997-06-12"/>
  </code>
  <code code="MCAT">
    <editdetail attribution="Reuters BIP Coding Group" action="confirmed" date="1997-06-12"/>
  </code>
</codes>
<dc element="dc.date.created" value="1997-06-12"/>
<dc element="dc.publisher" value="Reuters Holdings Plc"/>
<dc element="dc.date.published" value="1997-06-12"/>
<dc element="dc.source" value="Reuters"/>
<dc element="dc.creator.location" value="NEW YORK"/>
<dc element="dc.creator.location.country.name" value="USA"/>
<dc element="dc.source" value="Reuters"/>
</metadata>
</newsitem>
