<?xml version="1.0" encoding="iso-8859-1" ?>
<newsitem itemid="734309" id="root" date="1997-07-16" xml:lang="en">
<title>SINGAPORE: Air France says Asia traffic rising.</title>
<headline>Air France says Asia traffic rising.</headline>
<dateline>SINGAPORE 1997-07-16</dateline>
<text>
<p>Air France said on Wednesday its passenger traffic originating in Asia rose 15 percent in the first quarter of the financial year that began on April 1.</p>
<p>The airline said in a statement it intended to boost its capacity for the Asian market by 40 percent over the next three years to keep up its momentum.</p>
<p>It attributed the 1997 rise in passenger traffic to opening a regional office in Hong Kong last September and to tailoring services to Asian customers.</p>
<p>Air France operates 15 routes between Asia and Paris.</p>
<p>-- Singapore newsroom (65-870-3080)</p>
</text>
<copyright>(c) Reuters Limited 1997</copyright>
<metadata>
<codes class="bip:countries:1.0">
  <code code="SINGP">
    <editdetail attribution="Reuters BIP Coding Group" action="confirmed" date="1997-07-16"/>
  </code>
</codes>
<codes class="bip:industries:1.0">
  <code code="I75000">
    <editdetail attribution="Reuters BIP Coding Group" action="confirmed" date="1997-07-16"/>
  </code>
</codes>
<codes class="bip:topics:1.0">
  <code code="C31">
    <editdetail attribution="Reuters BIP Coding Group" action="confirmed" date="1997-07-16"/>
  </code>
  <code code="CCAT">
    <editdetail attribution="Reuters BIP Coding Group" action="confirmed" date="1997-07-16"/>
  </code>
</codes>
<dc element="dc.date.created" value="1997-07-16"/>
<dc element="dc.publisher" value="Reuters Holdings Plc"/>
<dc element="dc.date.published" value="1997-07-16"/>
<dc element="dc.source" value="Reuters"/>
<dc element="dc.creator.location" value="SINGAPORE"/>
<dc element="dc.creator.location.country.name" value="SINGAPORE"/>
<dc element="dc.source" value="Reuters"/>
</metadata>
</newsitem>
