<?xml version="1.0" encoding="iso-8859-1" ?>
<newsitem itemid="338753" id="root" date="1997-01-28" xml:lang="en">
<title>JORDAN: Jordan dinar overnight rate rises to 7.93 pct.</title>
<headline>Jordan dinar overnight rate rises to 7.93 pct.</headline>
<dateline>AMMAN 1997-01-28</dateline>
<text>
<p>The weighted average overnight interbank rate on the Jordanian dinar rose to 7.93 percent on Tuesday from 7.86 percent on Monday, the Central Bank said.</p>
<p>It said seven banks traded on the market in 18 reported transactions with a total value of 30.6 million dinars ($43 million).</p>
<p>$1 = 0.7080 dinar</p>
<p>-- Amman newsroom +962 6 623 776</p>
</text>
<copyright>(c) Reuters Limited 1997</copyright>
<metadata>
<codes class="bip:countries:1.0">
  <code code="JORDAN">
    <editdetail attribution="Reuters BIP Coding Group" action="confirmed" date="1997-01-28"/>
  </code>
</codes>
<codes class="bip:topics:1.0">
  <code code="M13">
    <editdetail attribution="Reuters BIP Coding Group" action="confirmed" date="1997-01-28"/>
  </code>
  <code code="M131">
    <editdetail attribution="Reuters BIP Coding Group" action="confirmed" date="1997-01-28"/>
  </code>
  <code code="MCAT">
    <editdetail attribution="Reuters BIP Coding Group" action="confirmed" date="1997-01-28"/>
  </code>
</codes>
<dc element="dc.date.created" value="1997-01-28"/>
<dc element="dc.publisher" value="Reuters Holdings Plc"/>
<dc element="dc.date.published" value="1997-01-28"/>
<dc element="dc.source" value="Reuters"/>
<dc element="dc.creator.location" value="AMMAN"/>
<dc element="dc.creator.location.country.name" value="JORDAN"/>
<dc element="dc.source" value="Reuters"/>
</metadata>
</newsitem>
