<?xml version="1.0" encoding="iso-8859-1" ?>
<newsitem itemid="548189" id="root" date="1997-04-29" xml:lang="en">
<title>DUBAI: Yields rise at latest Saudi treasury bill offer.</title>
<headline>Yields rise at latest Saudi treasury bill offer.</headline>
<dateline>DUBAI 1997-04-29</dateline>
<text>
<p>Yields rose on this week's two billion riyals worth of one-month to one-year Saudi treasury bills on offer by the Saudi Arabian Monetary Agency, bankers in the kingdom said.</p>
<p>The yield on 28-day bills was 5.7130 percent from 5.6497 last week and the rate on 91-day bills was 5.8334 percent from 5.7300. The 182-day bills yielded 6.0273 percent from 5.9453 and the rate on 364-day bills was 6.3741 percent from 6.3566.</p>
<p>One-month interbank deposits were quoted at 5-7/8, 3/4 and three-month funds were at six, 5-7/8. Six-month deposits were at 6-3/16, 1/16 and one-year interbank rates were at 6-1/2, 3/8.</p>
</text>
<copyright>(c) Reuters Limited 1997</copyright>
<metadata>
<codes class="bip:countries:1.0">
  <code code="SAARAB">
    <editdetail attribution="Reuters BIP Coding Group" action="confirmed" date="1997-04-29"/>
  </code>
</codes>
<codes class="bip:topics:1.0">
  <code code="M13">
    <editdetail attribution="Reuters BIP Coding Group" action="confirmed" date="1997-04-29"/>
  </code>
  <code code="M131">
    <editdetail attribution="Reuters BIP Coding Group" action="confirmed" date="1997-04-29"/>
  </code>
  <code code="MCAT">
    <editdetail attribution="Reuters BIP Coding Group" action="confirmed" date="1997-04-29"/>
  </code>
</codes>
<dc element="dc.date.created" value="1997-04-29"/>
<dc element="dc.publisher" value="Reuters Holdings Plc"/>
<dc element="dc.date.published" value="1997-04-29"/>
<dc element="dc.source" value="Reuters"/>
<dc element="dc.creator.location" value="DUBAI"/>
<dc element="dc.creator.location.country.name" value="DUBAI"/>
<dc element="dc.source" value="Reuters"/>
</metadata>
</newsitem>
