<?xml version="1.0" encoding="iso-8859-1" ?>
<newsitem itemid="104356" id="root" date="1996-10-09" xml:lang="en">
<title>YUGOSLAVIA: PRESS DIGEST -  YUGOSLAVIA - OCT 9.</title>
<headline>PRESS DIGEST -  YUGOSLAVIA - OCT 9.</headline>
<dateline>BELGRADE 1996-10-09</dateline>
<text>
<p>These are the leading stories in the Belgrade press on Wednesday. Reuters has not verified them and does not vouch for their accuracy.</p>
<p>POLITIKA</p>
<p>- Cypriot Foreign Minister Alecos Michaeleides arrives on a two-day official visit to Yugoslavia.</p>
<p>- Serbian opposition leaders visit the European Parliament in Brussels.</p>
<p>- World Bank and IMF approve $60 million loan to Bosnian Serb Republic.</p>
<p>- Germany's Siemens discusses with Serbian energy and mining minister Dragan Kostic cooperation in the revitalisation of Serbia's energy and mining facilities.</p>
<p>- Germany's Berliner bank and Komercijalna banka a.d. of Belgrade signed a cooperation agreement and agree a 10-million German mark credit line.</p>
<p>- Serbian taxi drivers on strike on Wednesday over high taxes.</p>
<p>NASA BORBA</p>
<p>- Russia is ready to participate in reconstruction of energy facilities in Yugoslavia, says Russian Deputy Prime Minister and Trade Minister Oleg Davidov.</p>
<p>- Momcilo Krajisnik, member of the Bosnian Presidency, says Serb deputies are ready to sign text of official statement in the Bosnian House of Representatives.</p>
<p>- Opposition Serbian Renewal Movement (SPO) point to extremely high costs of advertising on Radio Televison Serbia -- one second costs 2,000 dinars and ten seconds 4,000 -- and says it will opt for door-to-door election campaigning.</p>
<p>- Polish economic exhibition opens in Belgrade fair grouping some 100 exhibitors.</p>
<p>VECERNJE NOVOSTI</p>
<p>- Germany and Yugoslavia sign declaration on mutual protection of investments.</p>
<p>- The federal government has prepared a platform for normalising relations with Slovenia which could be a step to opening of embassies of the two countries in Belgrade and Ljubljana.</p>
<p>- Yugoslav total exports to reach around $2.5 billion by the end of the year, says the federal statistics office.</p>
<p>- Her Royal Highness Princess Anne visits British troops in Bosnia.</p>
<p>- Airshow Beograd 96 will be held on Saturday, October 12.</p>
<p>BORBA</p>
<p>- Federal government adopts basis for normalisation of relations between Yugoslavia and Bosnia agreed at the meeting in Paris last week.</p>
<p>POLITIKA EKSPRES</p>
<p>- Autumn fashion fair opens in Belgrade.</p>
<p>- Private entrepreneurship minister Radoje Djukic supports striking taxi drivers.</p>
<p>-- Belgrade newsroom, +381 11 222 43 05</p>
</text>
<copyright>(c) Reuters Limited 1996</copyright>
<metadata>
<codes class="bip:countries:1.0">
  <code code="YUG">
    <editdetail attribution="Reuters BIP Coding Group" action="confirmed" date="1996-10-09"/>
  </code>
</codes>
<codes class="bip:topics:1.0">
  <code code="GCAT">
    <editdetail attribution="Reuters BIP Coding Group" action="confirmed" date="1996-10-09"/>
  </code>
</codes>
<dc element="dc.date.created" value="1996-10-09"/>
<dc element="dc.publisher" value="Reuters Holdings Plc"/>
<dc element="dc.date.published" value="1996-10-09"/>
<dc element="dc.source" value="Reuters"/>
<dc element="dc.creator.location" value="BELGRADE"/>
<dc element="dc.creator.location.country.name" value="YUGOSLAVIA"/>
<dc element="dc.source" value="Reuters"/>
</metadata>
</newsitem>
