<?xml version="1.0" encoding="iso-8859-1" ?>
<newsitem itemid="411786" id="root" date="1997-02-28" xml:lang="en">
<title>FINLAND: RESEARCH ALERT - Kleinwort has UPM buy.</title>
<headline>RESEARCH ALERT - Kleinwort has UPM buy.</headline>
<dateline>HELSINKI 1997-02-28</dateline>
<text>
<p>Dresdner Kleinwort Benson recommended &quot;buy&quot; for Finnish forestry group UPM-Kymmene Oy in its Pulp, Paper &amp; Packaging Update research dated February 20.</p>
<p>&quot;We continue to prefer those stocks which will benefit most from restructuring/cost cutting such as SCA, KNP BT, UPM-Kymmene and Mayr-Meinhof,&quot; Kleinwort said.</p>
<p>&quot;We continue to prefer UPM-Kymmene,&quot; Kleinwort said. It saw UPM's paper and packaging interests with a 1997 price to cashflow of 2.6 times, or &quot;a discount of 50 percent to the Nordic sector average which appears excellent value for Europe's leading producer.&quot; --Helsinki newsroom +358-9-680 50 245, e-mail news@reuters.fi</p>
</text>
<copyright>(c) Reuters Limited 1997</copyright>
<metadata>
<codes class="bip:countries:1.0">
  <code code="FIN">
    <editdetail attribution="Reuters BIP Coding Group" action="confirmed" date="1997-02-28"/>
  </code>
</codes>
<codes class="bip:industries:1.0">
  <code code="I47100">
    <editdetail attribution="Reuters BIP Coding Group" action="confirmed" date="1997-02-28"/>
  </code>
</codes>
<codes class="bip:topics:1.0">
  <code code="C15">
    <editdetail attribution="Reuters BIP Coding Group" action="confirmed" date="1997-02-28"/>
  </code>
  <code code="C152">
    <editdetail attribution="Reuters BIP Coding Group" action="confirmed" date="1997-02-28"/>
  </code>
  <code code="CCAT">
    <editdetail attribution="Reuters BIP Coding Group" action="confirmed" date="1997-02-28"/>
  </code>
</codes>
<dc element="dc.date.created" value="1997-02-28"/>
<dc element="dc.publisher" value="Reuters Holdings Plc"/>
<dc element="dc.date.published" value="1997-02-28"/>
<dc element="dc.source" value="Reuters"/>
<dc element="dc.creator.location" value="HELSINKI"/>
<dc element="dc.creator.location.country.name" value="FINLAND"/>
<dc element="dc.source" value="Reuters"/>
</metadata>
</newsitem>
