<?xml version="1.0" encoding="iso-8859-1" ?>
<newsitem itemid="42811" id="root" date="1996-09-10" xml:lang="en">
<title>NETHERLANDS: Heineken down ahead of Friday's results.</title>
<headline>Heineken down ahead of Friday's results.</headline>
<dateline>AMSTERDAM 1996-09-10</dateline>
<text>
<p>Shares in brewer Heineken NV shed over six guilders to 364.00 on Tuesday on investor jitters ahead of the company's half-year results on Friday.</p>
<p>Dealers cited market speculation of earnings per share growth slowing in the second half of the year. The share price fall was against a background of a firmer Dutch bourse.</p>
<p>Analysts are predicting half-year earnings for Heineken between 308 and 322 million guilders after 280 million in 1995.</p>
<p>--Amsterdam newsroom +31 20 504 5000</p>
</text>
<copyright>(c) Reuters Limited 1996</copyright>
<metadata>
<codes class="bip:countries:1.0">
  <code code="NETH">
    <editdetail attribution="Reuters BIP Coding Group" action="confirmed" date="1996-09-10"/>
  </code>
</codes>
<codes class="bip:industries:1.0">
  <code code="I42700">
    <editdetail attribution="Reuters BIP Coding Group" action="confirmed" date="1996-09-10"/>
  </code>
</codes>
<codes class="bip:topics:1.0">
  <code code="C15">
    <editdetail attribution="Reuters BIP Coding Group" action="confirmed" date="1996-09-10"/>
  </code>
  <code code="C152">
    <editdetail attribution="Reuters BIP Coding Group" action="confirmed" date="1996-09-10"/>
  </code>
  <code code="CCAT">
    <editdetail attribution="Reuters BIP Coding Group" action="confirmed" date="1996-09-10"/>
  </code>
</codes>
<dc element="dc.date.created" value="1996-09-10"/>
<dc element="dc.publisher" value="Reuters Holdings Plc"/>
<dc element="dc.date.published" value="1996-09-10"/>
<dc element="dc.source" value="Reuters"/>
<dc element="dc.creator.location" value="AMSTERDAM"/>
<dc element="dc.creator.location.country.name" value="NETHERLANDS"/>
<dc element="dc.source" value="Reuters"/>
</metadata>
</newsitem>
