<?xml version="1.0" encoding="iso-8859-1" ?>
<newsitem itemid="536763" id="root" date="1997-04-24" xml:lang="en">
<title>USA: MGM, Metromedia hammer out $550 mln deal - Variety.</title>
<headline>MGM, Metromedia hammer out $550 mln deal - Variety.</headline>
<dateline>NEW YORK 1997-04-24</dateline>
<text>
<p>An agreement in principle has been worked out to sell Metromedia Entertainment Group's Orion Pictures and Goldwyn Entertainment assets to Metro-Goldwyn-Mayer Inc, Daily Variety said on Thursday.</p>
<p>According to sources close to both companies, the deal was said to be for about $550 million in a complex arrangement including assumption of debt, notes and cash, Variety said.</p>
<p>Both sides were quoted as declining to comment.</p>
<p>Sources said notes would not be issued by MGM, indicating MGM co-owner and Tracinda Corp chief Kirk Kerkorian could be financing the purchase, Variety reported.</p>
<p>Other sources familiar with the talks have told Reuters Metromedia is in talks with MGM and Kerkorian regarding the sale of Metromedia's film library to MGM.</p>
<p>They said they believed MGM and Kerkorian had made a preliminary bid just above $300 million for Metromedia's 2,200-title catalog.</p>
<p>Analysts have also said Metromedia's entertainment assets could fetch between $500 million and $650 million.</p>
<p>Variety said Metromedia's Landmark arthouse theater group was not part of the deal and would be sold later.</p>
<p>((New York newsdesk 212-859-1610))</p>
</text>
<copyright>(c) Reuters Limited 1997</copyright>
<metadata>
<codes class="bip:countries:1.0">
  <code code="USA">
    <editdetail attribution="Reuters BIP Coding Group" action="confirmed" date="1997-04-24"/>
  </code>
</codes>
<codes class="bip:industries:1.0">
  <code code="I79020">
    <editdetail attribution="Reuters BIP Coding Group" action="confirmed" date="1997-04-24"/>
  </code>
  <code code="I97100">
    <editdetail attribution="Reuters BIP Coding Group" action="confirmed" date="1997-04-24"/>
  </code>
</codes>
<codes class="bip:topics:1.0">
  <code code="C18">
    <editdetail attribution="Reuters BIP Coding Group" action="confirmed" date="1997-04-24"/>
  </code>
  <code code="C181">
    <editdetail attribution="Reuters BIP Coding Group" action="confirmed" date="1997-04-24"/>
  </code>
  <code code="CCAT">
    <editdetail attribution="Reuters BIP Coding Group" action="confirmed" date="1997-04-24"/>
  </code>
  <code code="GCAT">
    <editdetail attribution="Reuters BIP Coding Group" action="confirmed" date="1997-04-24"/>
  </code>
  <code code="GENT">
    <editdetail attribution="Reuters BIP Coding Group" action="confirmed" date="1997-04-24"/>
  </code>
</codes>
<dc element="dc.date.created" value="1997-04-24"/>
<dc element="dc.publisher" value="Reuters Holdings Plc"/>
<dc element="dc.date.published" value="1997-04-24"/>
<dc element="dc.source" value="Reuters"/>
<dc element="dc.creator.location" value="NEW YORK"/>
<dc element="dc.creator.location.country.name" value="USA"/>
<dc element="dc.source" value="Reuters"/>
</metadata>
</newsitem>
