<?xml version="1.0" encoding="iso-8859-1" ?>
<newsitem itemid="792871" id="root" date="1997-08-12" xml:lang="en">
<title>USA: TABLE - NaPro Q2 net loss widens.</title>
<headline>TABLE - NaPro Q2 net loss widens.</headline>
<dateline>BOULDER, Colo. 1997-08-12</dateline>
<text>
<p>Three Months Ended     Six Months Ended</p>
<p>			 June 30,		   June 30,</p>
<p>			1997	  1996	   1997	   1996</p>
<p> Sales	   $ 91,000   $ 770,000  $ 1,099,000  $ 1,461,000</p>
<p> Net loss   (4,242,000) (1,568,000)  (7,067,000)  (3,328,000)</p>
<p>Loss per common</p>
<p>  share	    (0.35)	(0.18)	 (0.59)	 (0.39)</p>
<p>Weighted average shares</p>
<p>outstanding</p>
<p>		 11,978,530   8,514,093   11,964,109    8,448,213</p>
<p>NOTE:  Full name of company is NaPro BioTherapeutics Inc.</p>
</text>
<copyright>(c) Reuters Limited 1997</copyright>
<metadata>
<codes class="bip:countries:1.0">
  <code code="USA">
    <editdetail attribution="Reuters BIP Coding Group" action="confirmed" date="1997-08-12"/>
  </code>
</codes>
<codes class="bip:industries:1.0">
  <code code="I25700">
    <editdetail attribution="Reuters BIP Coding Group" action="confirmed" date="1997-08-12"/>
  </code>
</codes>
<codes class="bip:topics:1.0">
  <code code="C15">
    <editdetail attribution="Reuters BIP Coding Group" action="confirmed" date="1997-08-12"/>
  </code>
  <code code="C151">
    <editdetail attribution="Reuters BIP Coding Group" action="confirmed" date="1997-08-12"/>
  </code>
  <code code="CCAT">
    <editdetail attribution="Reuters BIP Coding Group" action="confirmed" date="1997-08-12"/>
  </code>
</codes>
<dc element="dc.date.created" value="1997-08-12"/>
<dc element="dc.publisher" value="Reuters Holdings Plc"/>
<dc element="dc.date.published" value="1997-08-12"/>
<dc element="dc.source" value="Reuters"/>
<dc element="dc.creator.location" value="BOULDER, Colo."/>
<dc element="dc.creator.location.country.name" value="USA"/>
<dc element="dc.source" value="Reuters"/>
</metadata>
</newsitem>
