<?xml version="1.0" encoding="iso-8859-1" ?>
<newsitem itemid="531049" id="root" date="1997-04-23" xml:lang="en">
<title>USA: Meridian Gold Inc Q1 loss.</title>
<headline>Meridian Gold Inc Q1 loss.</headline>
<dateline>RENO, Nev. 1997-04-22</dateline>
<text>
<p>(Unaudited and in millions, except per share data)</p>
<p>							     Three Months</p>
<p>							    Ended March 31</p>
<p>							     1997	1996</p>
<p> Sales						   $ 14.0   $  17.8</p>
<p>Costs and expenses</p>
<p>  Operating expenses				   10.3	12.2</p>
<p>  Depreciation, depletion &amp; amortization	  4.5	 5.2</p>
<p>  Exploration costs				     4.6	 1.4</p>
<p>Selling, general and</p>
<p>    administrative expenses			   1.6	 1.3</p>
<p> Total costs and expenses			    21.0	20.1</p>
<p> Loss before interest and taxes		   (7.0)     (2.3)</p>
<p> Interest income					  1.0	 1.2</p>
<p> Income (loss) before income taxes		(6.0)     (1.1)</p>
<p> Provision for income taxes			   ---	 ---</p>
<p> Net income (loss)				    (6.0)     (1.1)</p>
<p> Loss per common share			     (0.08)    (0.01)</p>
<p>Number of common shares used in</p>
<p>  earnings per share computations		  73.6	73.5</p>
</text>
<copyright>(c) Reuters Limited 1997</copyright>
<metadata>
<codes class="bip:countries:1.0">
  <code code="USA">
    <editdetail attribution="Reuters BIP Coding Group" action="confirmed" date="1997-04-23"/>
  </code>
</codes>
<codes class="bip:industries:1.0">
  <code code="I21000">
    <editdetail attribution="Reuters BIP Coding Group" action="confirmed" date="1997-04-23"/>
  </code>
</codes>
<codes class="bip:topics:1.0">
  <code code="C15">
    <editdetail attribution="Reuters BIP Coding Group" action="confirmed" date="1997-04-23"/>
  </code>
  <code code="C151">
    <editdetail attribution="Reuters BIP Coding Group" action="confirmed" date="1997-04-23"/>
  </code>
  <code code="CCAT">
    <editdetail attribution="Reuters BIP Coding Group" action="confirmed" date="1997-04-23"/>
  </code>
</codes>
<dc element="dc.date.created" value="1997-04-22"/>
<dc element="dc.publisher" value="Reuters Holdings Plc"/>
<dc element="dc.date.published" value="1997-04-23"/>
<dc element="dc.source" value="Reuters"/>
<dc element="dc.creator.location" value="RENO, Nev."/>
<dc element="dc.creator.location.country.name" value="USA"/>
<dc element="dc.source" value="Reuters"/>
</metadata>
</newsitem>
