<?xml version="1.0" encoding="iso-8859-1" ?>
<newsitem itemid="16101" id="root" date="1996-08-27" xml:lang="en">
<title>USA: Toro Q3 helped by snow-equipment shipments.</title>
<headline>Toro Q3 helped by snow-equipment shipments.</headline>
<dateline>BLOOMINGTON, Minn. 1996-08-27</dateline>
<text>
<p>Toro Co said Tuesday its sales and earnings for the third quarter ended August 2 were helped by early shipments of snow-removal equipment.</p>
<p>Earlier, Toro reported better-than-expected third-quarter earnings of $0.52 a share, up from $0.32 in the same quarter of 1995. Net revenue climbed to $232.6 million from $202.6 million.</p>
<p>Toro said consumer product sales rose 33.9 percent to $102.3 million from $76.4 million.</p>
<p>Sales of snowthrowers before the beginning of the snow season in North America and a good performance by Toro's riding and electric products group were mostly responsible for the increase, it said.</p>
<p>Commercial product sales rose about three percent to $84.8 million from $82.4 million.</p>
<p>International sales were strong, and the domestic landscape contractor market continued to grow.</p>
<p>Irrigation sales rose 3.7 percent to $45.4 million from $43.8 million.</p>
<p>&quot;We expect to meet our targets for the year,&quot; Kendrick Melrose, Toro's chairman, said in a statement.</p>
<p>Reuters Chicago Newsdesk - 312-408-8787</p>
</text>
<copyright>(c) Reuters Limited 1996</copyright>
<metadata>
<codes class="bip:countries:1.0">
  <code code="USA">
    <editdetail attribution="Reuters BIP Coding Group" action="confirmed" date="1996-08-27"/>
  </code>
</codes>
<codes class="bip:industries:1.0">
  <code code="I32000">
    <editdetail attribution="Reuters BIP Coding Group" action="confirmed" date="1996-08-27"/>
  </code>
</codes>
<codes class="bip:topics:1.0">
  <code code="C15">
    <editdetail attribution="Reuters BIP Coding Group" action="confirmed" date="1996-08-27"/>
  </code>
  <code code="C151">
    <editdetail attribution="Reuters BIP Coding Group" action="confirmed" date="1996-08-27"/>
  </code>
  <code code="CCAT">
    <editdetail attribution="Reuters BIP Coding Group" action="confirmed" date="1996-08-27"/>
  </code>
</codes>
<dc element="dc.date.created" value="1996-08-27"/>
<dc element="dc.publisher" value="Reuters Holdings Plc"/>
<dc element="dc.date.published" value="1996-08-27"/>
<dc element="dc.source" value="Reuters"/>
<dc element="dc.creator.location" value="BLOOMINGTON, Minn."/>
<dc element="dc.creator.location.country.name" value="USA"/>
<dc element="dc.source" value="Reuters"/>
</metadata>
</newsitem>
