<?xml version="1.0" encoding="iso-8859-1" ?>
<newsitem itemid="334681" id="root" date="1997-01-27" xml:lang="en">
<title>ARGENTINA: Argentine grain/oilseed reference prices adjusted.</title>
<headline>Argentine grain/oilseed reference prices adjusted.</headline>
<dateline>BUENOS AIRES 1997-01-27</dateline>
<text>
<p>Argentina's Agricultural</p>
<p>Secretariat adjusted prices, used for fixing exporters'</p>
<p>rebates, in dollars a tonne FOB, previous bracketed:</p>
<p> Wheat				     --- (143)	--- (---)</p>
<p> Maize				 Jan --- (115)  Feb --- (106)</p>
<p> Soybean			     Mar --- (302)  Apr --- (270)</p>
<p> Sunseed				   --- (235)</p>
<p> Sorghum				   --- ( 82)</p>
<p> Millet sole shipment		  --- ( 97)</p>
<p> Linseed sole shipment		 --- (230)</p>
<p> Birdseed sole shipment		--- (430)</p>
<p> Soybean oil		  Apr  510 (510)     May 515 (513)</p>
<p> Sunflower oil		Feb  505 (505)     Mar 510 (510)</p>
<p> Cotton oil, sole shipment	   --- (465)</p>
<p> Peanut oil, sole shipment	   --- (790)</p>
<p> Linseed oil, sole shipment	  --- (495)</p>
<p> Soybean expellers		 Apr 256 (254) May 223 (221)</p>
<p> Soybean pellets		   Apr 264 (262) May 231 (229)</p>
<p> Soybean meal			Apr 264 (262) May 231 (229)</p>
<p> Linseed expellers sole shipment   --- (240)</p>
<p> Linseed pellets sole shipment     --- (206)</p>
<p> Linseed meal sole shipment	  --- (196)</p>
<p> Wheat flour sole shipment	   --- (205)</p>
<p> Wheat pellets sole shipment	 --- (170)</p>
<p> Wheat, durum			Nov --- (145)</p>
<p> Edible peanuts sole shipment	--- (780)</p>
<p> Peanuts, for crushing		 --- (335)</p>
<p> Barley, brewers sole shipment     --- (180)</p>
<p> Barley, other			   --- (120)</p>
<p> Oats				  Dec --- (269)</p>
<p> Safflower seed			  --- (229)</p>
<p>-- Buenos Aires Newsroom +541 318-0655  </p>
<p> Sunseed expellers		 Mar --- (117) Apr ---(113)</p>
<p> Sunseed pellets		   Mar --- (115) Apr ---(111)</p>
<p> Sunseed pell., wholemeal	Mar --- ( 92) Apr ---( 99)</p>
<p> Sunseed meal,		     Mar --- (113) Apr ---(109)</p>
<p> Peanut expell. sole shipment	--- (206)</p>
<p> Peanut pellets sole shipment	--- (200)</p>
<p> Peanut meal sole shipment	   --- (199)</p>
<p> Cottonseed expellers		  --- (147)</p>
<p> Cottonseed pellets		    --- (140)</p>
<p> Cottonseed meal			 --- (135)</p>
</text>
<copyright>(c) Reuters Limited 1997</copyright>
<metadata>
<codes class="bip:countries:1.0">
  <code code="ARG">
    <editdetail attribution="Reuters BIP Coding Group" action="confirmed" date="1997-01-27"/>
  </code>
</codes>
<codes class="bip:topics:1.0">
  <code code="M14">
    <editdetail attribution="Reuters BIP Coding Group" action="confirmed" date="1997-01-27"/>
  </code>
  <code code="M141">
    <editdetail attribution="Reuters BIP Coding Group" action="confirmed" date="1997-01-27"/>
  </code>
  <code code="MCAT">
    <editdetail attribution="Reuters BIP Coding Group" action="confirmed" date="1997-01-27"/>
  </code>
</codes>
<dc element="dc.date.created" value="1997-01-27"/>
<dc element="dc.publisher" value="Reuters Holdings Plc"/>
<dc element="dc.date.published" value="1997-01-27"/>
<dc element="dc.source" value="Reuters"/>
<dc element="dc.creator.location" value="BUENOS AIRES"/>
<dc element="dc.creator.location.country.name" value="ARGENTINA"/>
<dc element="dc.source" value="Reuters"/>
</metadata>
</newsitem>
