<?xml version="1.0" encoding="iso-8859-1" ?>
<newsitem itemid="581088" id="root" date="1997-05-13" xml:lang="en">
<title>MALAYSIA: KL palm oil extends losses in line with soyoil.</title>
<headline>KL palm oil extends losses in line with soyoil.</headline>
<dateline>KUALA LUMPUR 1997-05-13</dateline>
<text>
<p>Malaysian palm oil prices fell further in early trading, extending Monday's losses after lower soyoil in Chicago triggered selling, traders said.</p>
<p>&quot;The market is weak. There are more selling this morning and we expect this to continue as the July futures fell below the support level of 1,250 ringgit,&quot; a trader said.</p>
<p>At 0350 GMT, July futures contract eased five ringgit to 1,249 ringgit ($497.01) a tonne.</p>
<p>A technical analyst said the next support will be 1,235 ringgit. Poor fundamentals could also eased market sentiment.</p>
<p>-- Tan Lee Lee (603-230-7510) ($1=2.5130 ringgit)</p>
</text>
<copyright>(c) Reuters Limited 1997</copyright>
<metadata>
<codes class="bip:countries:1.0">
  <code code="MALAY">
    <editdetail attribution="Reuters BIP Coding Group" action="confirmed" date="1997-05-13"/>
  </code>
</codes>
<codes class="bip:topics:1.0">
  <code code="M14">
    <editdetail attribution="Reuters BIP Coding Group" action="confirmed" date="1997-05-13"/>
  </code>
  <code code="M141">
    <editdetail attribution="Reuters BIP Coding Group" action="confirmed" date="1997-05-13"/>
  </code>
  <code code="MCAT">
    <editdetail attribution="Reuters BIP Coding Group" action="confirmed" date="1997-05-13"/>
  </code>
</codes>
<dc element="dc.date.created" value="1997-05-13"/>
<dc element="dc.publisher" value="Reuters Holdings Plc"/>
<dc element="dc.date.published" value="1997-05-13"/>
<dc element="dc.source" value="Reuters"/>
<dc element="dc.creator.location" value="KUALA LUMPUR"/>
<dc element="dc.creator.location.country.name" value="MALAYSIA"/>
<dc element="dc.source" value="Reuters"/>
</metadata>
</newsitem>
