<?xml version="1.0" encoding="iso-8859-1" ?>
<newsitem itemid="499706" id="root" date="1997-04-10" xml:lang="en">
<title>CHINA: China '96 aluminium firms profits down 91.5 pct.</title>
<headline>China '96 aluminium firms profits down 91.5 pct.</headline>
<dateline>BEIJING 1997-04-10</dateline>
<text>
<p>The post-tax profits of China's main aluminium plants were 5.99 million yuan ($72 million) in 1996, down 91.5 percent compared with 2.5 billion yuan in 1995, the China Economic Times said on Thursday.</p>
<p>&quot;China's aluminium firms almost worked in vain in 1996,&quot; the newspaper quoted an official of the China National Nonferrous Metals Industry Corp as saying.</p>
<p>Output value of the aluminium plants directly under the China National Nonferrous Metals Industry Corp was 9.82 billion yuan, up 7.0 percent from 1995 while the pre-tax profits were 850 million yuan, down 63.1 percent, the official said.</p>
<p>The aluminium firms reported more than 600 million yuan of losses in the first two months of this year, he said.</p>
<p>In the first 10 months of 1996, total losses of China's 12 main aluminium plants hit 143 million yuan. Output of the 12 main firms account for about half of the national total, an earlier report said.</p>
<p>Steep falls in world prices were partly to blame for losses in China's aluminium industry, the newspaper said.</p>
<p>Domestic aluminium prices fell to 15,000 yuan per tonne from 18,000 yuan because of the impact of the international market, it said.</p>
<p>The newspaper also attributed the mounting losses to rising electricity prices, the burden of loan interest payments and poor management of enterprises.</p>
<p>China's aluminium firms paid more than 1.25 billion yuan in power fees last year, accounting for 38 percent of total production costs, it said.</p>
<p>Interest on bank loans paid by firms reached 3.65 million yuan in 1996, it said.</p>
<p>($1 = 8.3 yuan)</p>
<p>-- Beijing Newsroom (8610) 6532 1921</p>
</text>
<copyright>(c) Reuters Limited 1997</copyright>
<metadata>
<codes class="bip:countries:1.0">
  <code code="CHINA">
    <editdetail attribution="Reuters BIP Coding Group" action="confirmed" date="1997-04-10"/>
  </code>
</codes>
<codes class="bip:industries:1.0">
  <code code="I22400">
    <editdetail attribution="Reuters BIP Coding Group" action="confirmed" date="1997-04-10"/>
  </code>
  <code code="I22450">
    <editdetail attribution="Reuters BIP Coding Group" action="confirmed" date="1997-04-10"/>
  </code>
</codes>
<codes class="bip:topics:1.0">
  <code code="C15">
    <editdetail attribution="Reuters BIP Coding Group" action="confirmed" date="1997-04-10"/>
  </code>
  <code code="C151">
    <editdetail attribution="Reuters BIP Coding Group" action="confirmed" date="1997-04-10"/>
  </code>
  <code code="C1511">
    <editdetail attribution="Reuters BIP Coding Group" action="confirmed" date="1997-04-10"/>
  </code>
  <code code="CCAT">
    <editdetail attribution="Reuters BIP Coding Group" action="confirmed" date="1997-04-10"/>
  </code>
</codes>
<dc element="dc.date.created" value="1997-04-10"/>
<dc element="dc.publisher" value="Reuters Holdings Plc"/>
<dc element="dc.date.published" value="1997-04-10"/>
<dc element="dc.source" value="Reuters"/>
<dc element="dc.creator.location" value="BEIJING"/>
<dc element="dc.creator.location.country.name" value="CHINA"/>
<dc element="dc.source" value="Reuters"/>
</metadata>
</newsitem>
