<?xml version="1.0" encoding="iso-8859-1" ?>
<newsitem itemid="555766" id="root" date="1997-05-02" xml:lang="en">
<title>USA: Barringer awarded contracts worth up to $16 mln.</title>
<headline>Barringer awarded contracts worth up to $16 mln.</headline>
<dateline>MURRAY HILL, N.J. 1997-05-02</dateline>
<text>
<p>Barringer Technologies Inc said Friday it has received awards from the U.S. Federal Aviation Administration, a major European aviation authority it did not name and the Kuala Lumpur airport to install trace explosives detection systems in major airports.</p>
<p>These initial awards, said the company, are for 90 IONSCAN units and are valued at $6 million, of which $1.3 million was recognized in the first quarter of 1997.</p>
<p>Options to purchase an additional 200 units could bring the total value of these awards to about $16 million.</p>
<p>The initial award by the FAA, valued at $2.4 million, is part of a multi-year program to improve airport and passenger security by installing advanced technology explosives detection devices in U.S. airports.</p>
<p>Barringer said it was was the sole awardee both in Europe and Kuala Lumpur in competitive international procurements, which are valued at $3.4 million.</p>
<p>Barringer is principally engaged in the development, manufacture and marketing of high technology products for drugs and explosive detection.</p>
</text>
<copyright>(c) Reuters Limited 1997</copyright>
<metadata>
<codes class="bip:countries:1.0">
  <code code="MALAY">
    <editdetail attribution="Reuters BIP Coding Group" action="confirmed" date="1997-05-02"/>
  </code>
  <code code="USA">
    <editdetail attribution="Reuters BIP Coding Group" action="confirmed" date="1997-05-02"/>
  </code>
</codes>
<codes class="bip:industries:1.0">
  <code code="I34420">
    <editdetail attribution="Reuters BIP Coding Group" action="confirmed" date="1997-05-02"/>
  </code>
</codes>
<codes class="bip:topics:1.0">
  <code code="C33">
    <editdetail attribution="Reuters BIP Coding Group" action="confirmed" date="1997-05-02"/>
  </code>
  <code code="CCAT">
    <editdetail attribution="Reuters BIP Coding Group" action="confirmed" date="1997-05-02"/>
  </code>
</codes>
<dc element="dc.date.created" value="1997-05-02"/>
<dc element="dc.publisher" value="Reuters Holdings Plc"/>
<dc element="dc.date.published" value="1997-05-02"/>
<dc element="dc.source" value="Reuters"/>
<dc element="dc.creator.location" value="MURRAY HILL, N.J."/>
<dc element="dc.creator.location.country.name" value="USA"/>
<dc element="dc.source" value="Reuters"/>
</metadata>
</newsitem>
