<?xml version="1.0" encoding="iso-8859-1" ?>
<newsitem itemid="716014" id="root" date="1997-07-09" xml:lang="en">
<title>LATVIA: Latvian shares ease slightly in sluggish trade.</title>
<headline>Latvian shares ease slightly in sluggish trade.</headline>
<dateline>RIGA 1997-07-09</dateline>
<text>
<p>Latvia's market remained stuck in its summer rut on Wednesday and dealers said it would not pick up until a spate of six-month results comes out later this month.</p>
<p>Overall market volume was a sluggish 44,000 lats and the bourse index lost 0.59 points to 383.41. The Rietumu index slipped 0.02 percent to 152.07.</p>
<p>Riga Shipyard was the most active stock, inching up to 1.30 lats from 1.29 lats in trade of 15,400 lats.</p>
<p>Unibanka rose slightly to 3.35 lats from 3.34 in trade of 14,600 lats.</p>
<p>Dealers hope that Unibanka, one of the bourse's few blue chips, will post more gains and possibly keep other prices afloat.</p>
<p>The market has been hard hit by summer and competition from the local debt market and privatisation vouchers, which are regarded as better buys at the moment.</p>
<p>As in neighbouring Lithuania, local investors have been scared off by a long, painful correction which set in after a surge earlier in the year and the market still lacks enough big companies to catch the eye of foreign investors.</p>
<p>-- Ed Stoddard, Riga newsroom +371 721 52 40</p>
</text>
<copyright>(c) Reuters Limited 1997</copyright>
<metadata>
<codes class="bip:countries:1.0">
  <code code="LATV">
    <editdetail attribution="Reuters BIP Coding Group" action="confirmed" date="1997-07-09"/>
  </code>
</codes>
<codes class="bip:topics:1.0">
  <code code="M11">
    <editdetail attribution="Reuters BIP Coding Group" action="confirmed" date="1997-07-09"/>
  </code>
  <code code="MCAT">
    <editdetail attribution="Reuters BIP Coding Group" action="confirmed" date="1997-07-09"/>
  </code>
</codes>
<dc element="dc.date.created" value="1997-07-09"/>
<dc element="dc.publisher" value="Reuters Holdings Plc"/>
<dc element="dc.date.published" value="1997-07-09"/>
<dc element="dc.source" value="Reuters"/>
<dc element="dc.creator.location" value="RIGA"/>
<dc element="dc.creator.location.country.name" value="LATVIA"/>
<dc element="dc.source" value="Reuters"/>
</metadata>
</newsitem>
