<?xml version="1.0" encoding="iso-8859-1" ?>
<newsitem itemid="581299" id="root" date="1997-05-13" xml:lang="en">
<title>ITALY: PRESS DIGEST - Italy - May 13.</title>
<headline>PRESS DIGEST - Italy - May 13.</headline>
<dateline>MILAN 1997-05-13</dateline>
<text>
<p>Following are some of the top headlines in leading Italian newspapers.</p>
<p>----------</p>
<p>TOP POLITICAL STORIES</p>
<p>* President Oscar Luigi Scalfaro said the second round of local elections did not show any real winner and this would be positive for the work of Italy's bicameral commission aimed at carrying out constitutional reforms. Scalfaro also harshly criticised the Northern League for its call for separatism and invited judges and magistrates to intervene (all).</p>
<p>* Hard left Communist Refoundation party leader Fausto Bertinotti said the fate of prime minister Romano Prodi's government depended on how it would handle the sensitive issue of welfare reforms (all).</p>
<p>----------</p>
<p>TOP BUSINESS STORIES</p>
<p>* Treasury minister Carlo Azeglio Ciampi repeated that Italy would reduce its budget deficit to three percent of gross domestic product in 1997 and announced he was aiming to reduce it below that level in 1998 (all).</p>
<p>* In an interview, foreign trade minister Augusto Fantozzi called for fiscal incentives to Italian exporters saying the sector showed serious signs the economy was suffering. Fantozzi said Italy needed to get itself ready to face world challenges like Spain was doing (La Repubblica).</p>
<p>* Insurance group Generali said its net consolidated attributable profit in 1996 rose to 1.437 trillion lire from 695 billion lire in 1995. The parent company announced an unchanged dividend per ordinary share of 375 lire/share for 1996 which, taking into account a free capital issue, saw the total company's dividend increase 10 percent (all).</p>
<p>* Telecommunication group Stet and Spanish utility Endesa said they each had 30.9 percent stake in a consortium bidding for Retevision, which will be Spain's second telephone operator (Sole 24 Ore).</p>
<p>* Galbani group said its sales fell by 7.5 percent in the last six months and it prepared a restructuring programme including over 1,000 cuts to personnel and 350 billion lire investments (all).</p>
<p>** Reuters has not verified these stories and cannot vouch for their accuracy.</p>
<p>--Milan bureau +39266129450</p>
</text>
<copyright>(c) Reuters Limited 1997</copyright>
<metadata>
<codes class="bip:countries:1.0">
  <code code="ITALY">
    <editdetail attribution="Reuters BIP Coding Group" action="confirmed" date="1997-05-13"/>
  </code>
</codes>
<codes class="bip:topics:1.0">
  <code code="GCAT">
    <editdetail attribution="Reuters BIP Coding Group" action="confirmed" date="1997-05-13"/>
  </code>
</codes>
<dc element="dc.date.created" value="1997-05-13"/>
<dc element="dc.publisher" value="Reuters Holdings Plc"/>
<dc element="dc.date.published" value="1997-05-13"/>
<dc element="dc.source" value="Reuters"/>
<dc element="dc.creator.location" value="MILAN"/>
<dc element="dc.creator.location.country.name" value="ITALY"/>
<dc element="dc.source" value="Reuters"/>
</metadata>
</newsitem>
