<?xml version="1.0" encoding="iso-8859-1" ?>
<newsitem itemid="720102" id="root" date="1997-07-10" xml:lang="en">
<title>USA: TABLE-Healthdyne Technologies Q2 shr $0.10.</title>
<headline>TABLE-Healthdyne Technologies Q2 shr $0.10.</headline>
<dateline>MARIETTA, Ga. 1997-07-10</dateline>
<text>
<p>HEALTHDYNE TECHNOLOGIES INC AND SUBSIDIARIES</p>
<p>			Consolidated Statements of Earnings</p>
<p>		(Amounts in thousands, except per share amounts)</p>
<p>				    (Unaudited)</p>
<p>			     Three Months Ended    Six Months Ended</p>
<p>				    June 30,		 June 30,</p>
<p>			    1997	1996		1997     1996</p>
<p> Revenues	    $ 38,063   28,587	    73,734   56,069</p>
<p> Cost of revenues    22,051   17,145	    43,911   33,162</p>
<p>  Gross profit	 16,012   11,442	    29,823   22,907</p>
<p>Research and</p>
<p>development</p>
<p>  expenses		2,214    1,422	     4,087    2,772</p>
<p> Operating earnings   5,124    2,702	     9,093    6,142</p>
<p>Costs associated with</p>
<p>an unsolicited</p>
<p>offer to acquire</p>
<p>  the Company	   (850)	 --	   (2,150)	 --</p>
<p> Net earnings	   2,202    1,320	     3,481    3,097</p>
<p>Net earnings per</p>
<p>common share and</p>
<p>common share</p>
<p>  equivalent	     0.16     0.10		0.26     0.24</p>
<p>Net earnings per</p>
<p>share, exclusive of</p>
<p>costs associated</p>
<p>with an unsolicited</p>
<p>offer to acquire</p>
<p>  the company	    0.20     0.10		0.36     0.24</p>
<p>Weighted average</p>
<p>number of common</p>
<p>shares and common</p>
<p>share equivalents</p>
<p>  outstanding	  13,525   13,110	    13,398   13,030</p>
<p>Note: The company said its earnings per share excluding an after-tax charge of $510,000, or $0.04 per share, for expenses associated with Invacare Corp's unsolicited hostile takeover of the company.</p>
</text>
<copyright>(c) Reuters Limited 1997</copyright>
<metadata>
<codes class="bip:countries:1.0">
  <code code="USA">
    <editdetail attribution="Reuters BIP Coding Group" action="confirmed" date="1997-07-10"/>
  </code>
</codes>
<codes class="bip:industries:1.0">
  <code code="I37200">
    <editdetail attribution="Reuters BIP Coding Group" action="confirmed" date="1997-07-10"/>
  </code>
</codes>
<codes class="bip:topics:1.0">
  <code code="C15">
    <editdetail attribution="Reuters BIP Coding Group" action="confirmed" date="1997-07-10"/>
  </code>
  <code code="C151">
    <editdetail attribution="Reuters BIP Coding Group" action="confirmed" date="1997-07-10"/>
  </code>
  <code code="CCAT">
    <editdetail attribution="Reuters BIP Coding Group" action="confirmed" date="1997-07-10"/>
  </code>
</codes>
<dc element="dc.date.created" value="1997-07-10"/>
<dc element="dc.publisher" value="Reuters Holdings Plc"/>
<dc element="dc.date.published" value="1997-07-10"/>
<dc element="dc.source" value="Reuters"/>
<dc element="dc.creator.location" value="MARIETTA, Ga."/>
<dc element="dc.creator.location.country.name" value="USA"/>
<dc element="dc.source" value="Reuters"/>
</metadata>
</newsitem>
