<?xml version="1.0" encoding="iso-8859-1" ?>
<newsitem itemid="458447" id="root" date="1997-03-21" xml:lang="en">
<title>POLAND: BA LAUNCHES NEW POLISH ROUTE FROM APRIL 1.</title>
<headline>BA LAUNCHES NEW POLISH ROUTE FROM APRIL 1.</headline>
<dateline>KRAKOW, Poland 1997-03-21</dateline>
<text>
<p>British Airways Plc (BA) will launch a direct flight link between London and the city of Krakow in southern Poland from April 1, an airline official said on Friday.</p>
<p>&quot;From April 1 British Airways are launching a permanent connection between Krakow Balice airport and Gatwick,&quot; Emilia Osewska, BA Sales Manager Poland, told a news conference.</p>
<p>She said the flights would be on Mondays and Fridays and would be serviced by Boeing 737 (200) mid-range aircraft.</p>
<p>Beginning next month British Airways will also add two new connections between Warsaw and Manchester increasing the number of flights to Poland to 16 per week, she added.</p>
<p>Osewska also said BA would use Krakow's Balice airport as its Polish cargo centre in part because of the involvement of British firms in the construction of General Motors plant in nearby Gliwice.</p>
<p>-- Wojciech Zurawski +48 22 653 9700</p>
</text>
<copyright>(c) Reuters Limited 1997</copyright>
<metadata>
<codes class="bip:countries:1.0">
  <code code="POL">
    <editdetail attribution="Reuters BIP Coding Group" action="confirmed" date="1997-03-21"/>
  </code>
  <code code="UK">
    <editdetail attribution="Reuters BIP Coding Group" action="confirmed" date="1997-03-21"/>
  </code>
</codes>
<codes class="bip:industries:1.0">
  <code code="I75000">
    <editdetail attribution="Reuters BIP Coding Group" action="confirmed" date="1997-03-21"/>
  </code>
</codes>
<codes class="bip:topics:1.0">
  <code code="C22">
    <editdetail attribution="Reuters BIP Coding Group" action="confirmed" date="1997-03-21"/>
  </code>
  <code code="CCAT">
    <editdetail attribution="Reuters BIP Coding Group" action="confirmed" date="1997-03-21"/>
  </code>
</codes>
<dc element="dc.date.created" value="1997-03-21"/>
<dc element="dc.publisher" value="Reuters Holdings Plc"/>
<dc element="dc.date.published" value="1997-03-21"/>
<dc element="dc.source" value="Reuters"/>
<dc element="dc.creator.location" value="KRAKOW, Poland"/>
<dc element="dc.creator.location.country.name" value="POLAND"/>
<dc element="dc.source" value="Reuters"/>
</metadata>
</newsitem>
