<?xml version="1.0" encoding="iso-8859-1" ?>
<newsitem itemid="36877" id="root" date="1996-09-06" xml:lang="en">
<title>CANADA: Montreal indices closing - Sept 6.</title>
<headline>Montreal indices closing - Sept 6.</headline>
<text>
<p>Industrials		  2337.11   -3.33</p>
<p> Utilities		    2267.44   +0.26</p>
<p> Banks			  3116.17  +19.48</p>
<p> Portfolio		    2502.17   +7.25</p>
<p> Volume			19739601</p>
</text>
<copyright>(c) Reuters Limited 1996</copyright>
<metadata>
<codes class="bip:countries:1.0">
  <code code="CANA">
    <editdetail attribution="Reuters BIP Coding Group" action="confirmed" date="1996-09-06"/>
  </code>
</codes>
<codes class="bip:topics:1.0">
  <code code="M11">
    <editdetail attribution="Reuters BIP Coding Group" action="confirmed" date="1996-09-06"/>
  </code>
  <code code="MCAT">
    <editdetail attribution="Reuters BIP Coding Group" action="confirmed" date="1996-09-06"/>
  </code>
</codes>
<dc element="dc.publisher" value="Reuters Holdings Plc"/>
<dc element="dc.date.published" value="1996-09-06"/>
<dc element="dc.source" value="Reuters"/>
<dc element="dc.creator.location.country.name" value="CANADA"/>
<dc element="dc.source" value="Reuters"/>
</metadata>
</newsitem>
