<?xml version="1.0" encoding="iso-8859-1" ?>
<newsitem itemid="762453" id="root" date="1997-07-29" xml:lang="en">
<title>CZECH REPUBLIC: DIRECT EQUITY TRADES ON THE CZECH PSE - JULY 29.</title>
<headline>DIRECT EQUITY TRADES ON THE CZECH PSE - JULY 29.</headline>
<dateline>PRAGUE 1997-07-29</dateline>
<text>
<p>The following is a list of direct equity trades made on the Prague Stock Exchange:</p>
<p> ISSUE		    Min. Price  Max.Price  Volume   Turnover</p>
<p>				   CZK	  CZK   (shares)(CZK 000's)</p>
<p> 1.IF ZIVNOBANKA	   431.52    431.52	7000    3020.640</p>
<p> C. RADIOKOMUNIKACE     4310.00   4310.00    444509 1915833.790</p>
<p> CESKA POJISTOVNA	 2508.57   2508.57	 353     885.525</p>
<p> CESKA SPORITELNA	  262.00    262.00	5000    1310.000</p>
<p> CESKA ZBROJOVKA	  2005.00   2005.00	1000    2005.000</p>
<p> CEZ			   901.00    904.50     17000   15366.500</p>
<p> CKD PRAHA HOLDING	1032.00   1032.00	2000    2064.000</p>
<p> COKOLADOVNY		4600.00   4710.00	2900   13384.000</p>
<p> DAEWOO AVIA		 400.00    417.00	1535     623.095</p>
<p> ENERGOMONTAZE LIB.	305.00    305.00	1000     305.000</p>
<p> IPS PRAHA		   220.00    220.00	4000     880.000</p>
<p> KABLO KLADNO		491.53    494.00     38553   19011.674</p>
<p> KOMERCNI BANKA	   1392.00   1625.00     30925   49164.600</p>
<p> KOMERCNI BANKA IF	 392.00    392.00     13796    5408.032</p>
<p> LECIVA PRAHA	     2270.00   2270.00	5000   11350.000</p>
<p> OKD			   160.20    160.20     10000    1602.000</p>
<p> P.I.F.			390.20    390.20	8317    3245.327</p>
<p> PF IKS KB PLUS	    122.40    122.40	4931     603.554</p>
<p> PRVNI SEVZAP.TEPL.     1457.00   1465.00	9322   13619.442</p>
<p> REMPO			 188.00    188.00     21253    3995.564</p>
<p> SEVEROC. DOLY	     736.00    736.00	1000     736.000</p>
<p> SOKOLOVSKA UHELNA	 520.00    528.00	4700    2465.600</p>
<p> SPT TELECOM		3607.88   3680.00     27700  100812.044</p>
<p> SKODA PLZEN		 967.20    976.01	2400    2324.804</p>
<p> TABAK			8000.00   8030.00	1800   14427.000</p>
<p>-- Prague Newsroom, 420-2-2423-0003</p>
</text>
<copyright>(c) Reuters Limited 1997</copyright>
<metadata>
<codes class="bip:countries:1.0">
  <code code="CZREP">
    <editdetail attribution="Reuters BIP Coding Group" action="confirmed" date="1997-07-29"/>
  </code>
</codes>
<codes class="bip:topics:1.0">
  <code code="M11">
    <editdetail attribution="Reuters BIP Coding Group" action="confirmed" date="1997-07-29"/>
  </code>
  <code code="MCAT">
    <editdetail attribution="Reuters BIP Coding Group" action="confirmed" date="1997-07-29"/>
  </code>
</codes>
<dc element="dc.date.created" value="1997-07-29"/>
<dc element="dc.publisher" value="Reuters Holdings Plc"/>
<dc element="dc.date.published" value="1997-07-29"/>
<dc element="dc.source" value="Reuters"/>
<dc element="dc.creator.location" value="PRAGUE"/>
<dc element="dc.creator.location.country.name" value="CZECH REPUBLIC"/>
<dc element="dc.source" value="Reuters"/>
</metadata>
</newsitem>
