<?xml version="1.0" encoding="iso-8859-1" ?>
<newsitem itemid="560631" id="root" date="1997-05-05" xml:lang="en">
<title>USA: Durakon Industries Inc Q1 full results.</title>
<headline>Durakon Industries Inc Q1 full results.</headline>
<dateline>LAPEER, Mich. 1997-05-05</dateline>
<text>
<p>(Unaudited, $ In thousands, except per share amounts)</p>
<p>    Three Months Ended March 31 --	   1997	   1996</p>
<p> Net sales					  40,616	 43,895</p>
<p> Cost of products sold			  33,140	 33,739</p>
<p>    Gross profit				   7,476	 10,156</p>
<p> Selling, general, admin. expenses	   7,084	  6,756</p>
<p> Operating income				    392	  3,400</p>
<p> Interest income, net				 41	    116</p>
<p> Other (expense), net			     (45)	   (39)</p>
<p> Income before income taxes			388	  3,477</p>
<p> Provision for income taxes			131	  1,339</p>
<p> Net income					    257	  2,138</p>
<p> Net income per common share		    0.04	   0.32</p>
<p> Weighted average shares (in 000's)	  6,380	  6,667</p>
<p>((--Chicago Newsdesk 312-408-8787))</p>
</text>
<copyright>(c) Reuters Limited 1997</copyright>
<metadata>
<codes class="bip:countries:1.0">
  <code code="USA">
    <editdetail attribution="Reuters BIP Coding Group" action="confirmed" date="1997-05-05"/>
  </code>
</codes>
<codes class="bip:industries:1.0">
  <code code="I35300">
    <editdetail attribution="Reuters BIP Coding Group" action="confirmed" date="1997-05-05"/>
  </code>
</codes>
<codes class="bip:topics:1.0">
  <code code="C15">
    <editdetail attribution="Reuters BIP Coding Group" action="confirmed" date="1997-05-05"/>
  </code>
  <code code="C151">
    <editdetail attribution="Reuters BIP Coding Group" action="confirmed" date="1997-05-05"/>
  </code>
  <code code="CCAT">
    <editdetail attribution="Reuters BIP Coding Group" action="confirmed" date="1997-05-05"/>
  </code>
</codes>
<dc element="dc.date.created" value="1997-05-05"/>
<dc element="dc.publisher" value="Reuters Holdings Plc"/>
<dc element="dc.date.published" value="1997-05-05"/>
<dc element="dc.source" value="Reuters"/>
<dc element="dc.creator.location" value="LAPEER, Mich."/>
<dc element="dc.creator.location.country.name" value="USA"/>
<dc element="dc.source" value="Reuters"/>
</metadata>
</newsitem>
