<?xml version="1.0" encoding="iso-8859-1" ?>
<newsitem itemid="435578" id="root" date="1997-03-12" xml:lang="en">
<title>ESTONIA: FINMINISTRY SAYS 14 PCT STATE BUDGET NOW IN.</title>
<headline>FINMINISTRY SAYS 14 PCT STATE BUDGET NOW IN.</headline>
<dateline>TALLINN 1997-03-12</dateline>
<text>
<p>Estonia's Finance Ministry had collected 13.9 percent of expected revenue for 1997 by March 1, the Finance Ministry said on Wednesday.</p>
<p>The ministry said in a statement it had collected 1.8 billion kroons of the total planned budget volume of 12.5 billion kroons.</p>
<p>For the same period in 1996 13.9 percent of planned revenue was collected.</p>
<p>-- David Mardiste, Tallinn newsroom +372 630 8400 reuters@reuters.ee</p>
</text>
<copyright>(c) Reuters Limited 1997</copyright>
<metadata>
<codes class="bip:countries:1.0">
  <code code="ESTNIA">
    <editdetail attribution="Reuters BIP Coding Group" action="confirmed" date="1997-03-12"/>
  </code>
</codes>
<codes class="bip:topics:1.0">
  <code code="E21">
    <editdetail attribution="Reuters BIP Coding Group" action="confirmed" date="1997-03-12"/>
  </code>
  <code code="E211">
    <editdetail attribution="Reuters BIP Coding Group" action="confirmed" date="1997-03-12"/>
  </code>
  <code code="ECAT">
    <editdetail attribution="Reuters BIP Coding Group" action="confirmed" date="1997-03-12"/>
  </code>
</codes>
<dc element="dc.date.created" value="1997-03-12"/>
<dc element="dc.publisher" value="Reuters Holdings Plc"/>
<dc element="dc.date.published" value="1997-03-12"/>
<dc element="dc.source" value="Reuters"/>
<dc element="dc.creator.location" value="TALLINN"/>
<dc element="dc.creator.location.country.name" value="ESTONIA"/>
<dc element="dc.source" value="Reuters"/>
</metadata>
</newsitem>
