<?xml version="1.0" encoding="iso-8859-1" ?>
<newsitem itemid="752511" id="root" date="1997-07-24" xml:lang="en">
<title>ESTONIA: Estonian shares gain in shortened trading session.</title>
<headline>Estonian shares gain in shortened trading session.</headline>
<dateline>TALLINN 1997-07-24</dateline>
<text>
<p>Hoiupank was the biggest gainer on the Estonian bourse on Thursday in a session that was halted two-and-half hours early when the stock exchange's computer network ran into technical problems.</p>
<p>Total trade for the shortened session was 46.1 million kroons and the index gained 1.57 percent to 343.81. The Talse index rose 1.57 percent to 343.81.</p>
<p>Hoiupank gained the most to add 8.23 kroons to 199.80 kroons on turnover of 13.75 million kroons, recovering to the record levels it reached last week.</p>
<p>Dealers said that investors were snapping up shares ahead of its revised profit forecast.</p>
<p>&quot;Selling pressure has come to an end,&quot; a dealer said.</p>
<p>Tallinna Pank gained 2.75 kroons to 69.95 kroons and Uhispank 0.85 kroons to 69.15 kroons.</p>
<p>Dealers said both stocks looked cheap compared to leading bank shares.</p>
<p>On the free market, industrial Norma was most active again to close 0.38 kroons higher at 88 kroons.</p>
<p>-- Eva Palu, Tallinn newsroom, +372 6209 201, reuters@reuters.ee</p>
</text>
<copyright>(c) Reuters Limited 1997</copyright>
<metadata>
<codes class="bip:countries:1.0">
  <code code="ESTNIA">
    <editdetail attribution="Reuters BIP Coding Group" action="confirmed" date="1997-07-24"/>
  </code>
</codes>
<codes class="bip:topics:1.0">
  <code code="M11">
    <editdetail attribution="Reuters BIP Coding Group" action="confirmed" date="1997-07-24"/>
  </code>
  <code code="MCAT">
    <editdetail attribution="Reuters BIP Coding Group" action="confirmed" date="1997-07-24"/>
  </code>
</codes>
<dc element="dc.date.created" value="1997-07-24"/>
<dc element="dc.publisher" value="Reuters Holdings Plc"/>
<dc element="dc.date.published" value="1997-07-24"/>
<dc element="dc.source" value="Reuters"/>
<dc element="dc.creator.location" value="TALLINN"/>
<dc element="dc.creator.location.country.name" value="ESTONIA"/>
<dc element="dc.source" value="Reuters"/>
</metadata>
</newsitem>
