<?xml version="1.0" encoding="iso-8859-1" ?>
<newsitem itemid="100707" id="root" date="1996-10-07" xml:lang="en">
<title>DUBAI: Dubal criticises EAA over aluminium import tariff.</title>
<headline>Dubal criticises EAA over aluminium import tariff.</headline>
<dateline>DUBAI 1996-10-07</dateline>
<text>
<p>Dubai Aluminium Co Ltd (Dubal) on Monday slammed the European Aluminium Association (EAA) for keeping a six percent tariff on aluminium imports.</p>
<p>&quot;Mr Legrand's position demonstrated the discriminatory focus of this tariff by leaders of some of the European aluminium companies,&quot; Dubal said in a statement sent to Reuters.</p>
<p>It was referring to last week's comments by EAA chairman Bernard Legrand saying the European Union tariff on imports of primary aluminium would be maintained &quot;for the time being&quot;.</p>
<p>He said the duty allowed European aluminium producers to compete against cheap imports from Russia and Middle East Gulf producers. It also compensated European producers for fluctuations in the dollar, he said.</p>
<p>But Dubal said there was little similarity between most Russian smelters and the two Gulf producers -- Dubal and Aluminium Bahrain (Alba).</p>
<p>&quot;The Gulf smelters are producers of high quality product operating to the highest environmental standards and it would not take long to develop beneficial business partnerships with major European fabricators if the tariff barrier were removed.&quot;</p>
<p>It said many Russian smelters produced &quot;low quality offgrade material supplied at discount rates into Europe&quot;.</p>
<p>&quot;Often, where duty is paid, it can be offset by those major European companies who export products into other world markets and obtain duty claw back,&quot; a practice Dubal likened to dumping.</p>
<p>Dubal chief executive Ian Rugeroni said the tariff created various anomalies, including the fact non-EU Norway was the major beneficiary and Russian metal could be processed through Norwegian and Eastern bloc smelters and supplied duty free to Europe.</p>
<p>&quot;Why should Europe expect to promote the growth of smelters around the world in order to sell its technology and equipment and then deny those countries access to 30 percent of the world's aluminium market?&quot; he said.</p>
<p>Government-owned Dubal is in the process of expanding annual capacity by over 50 percent to 375,000 tonnes.</p>
<p>The Gulf's other smelter, Alba has capacity of 460,000 tonnes and plans to add another 36,500 tonnes in 1997. Oman is also studying plans to set up a 480,000 tonnes a year smelter.</p>
<p>Power to generate the smelting process is one of the single biggest costs of production. The region's natural gas provides the industry with the power supply it requires.</p>
<p>-- Hilary Gush, Dubai newsroom +9714-626990</p>
</text>
<copyright>(c) Reuters Limited 1996</copyright>
<metadata>
<codes class="bip:countries:1.0">
  <code code="DUBAI">
    <editdetail attribution="Reuters BIP Coding Group" action="confirmed" date="1996-10-07"/>
  </code>
  <code code="UAE">
    <editdetail attribution="Reuters BIP Coding Group" action="confirmed" date="1996-10-07"/>
  </code>
</codes>
<codes class="bip:industries:1.0">
  <code code="I22450">
    <editdetail attribution="Reuters BIP Coding Group" action="confirmed" date="1996-10-07"/>
  </code>
</codes>
<codes class="bip:topics:1.0">
  <code code="C13">
    <editdetail attribution="Reuters BIP Coding Group" action="confirmed" date="1996-10-07"/>
  </code>
  <code code="C31">
    <editdetail attribution="Reuters BIP Coding Group" action="confirmed" date="1996-10-07"/>
  </code>
  <code code="C311">
    <editdetail attribution="Reuters BIP Coding Group" action="confirmed" date="1996-10-07"/>
  </code>
  <code code="CCAT">
    <editdetail attribution="Reuters BIP Coding Group" action="confirmed" date="1996-10-07"/>
  </code>
  <code code="E21">
    <editdetail attribution="Reuters BIP Coding Group" action="confirmed" date="1996-10-07"/>
  </code>
  <code code="E211">
    <editdetail attribution="Reuters BIP Coding Group" action="confirmed" date="1996-10-07"/>
  </code>
  <code code="ECAT">
    <editdetail attribution="Reuters BIP Coding Group" action="confirmed" date="1996-10-07"/>
  </code>
</codes>
<dc element="dc.date.created" value="1996-10-07"/>
<dc element="dc.publisher" value="Reuters Holdings Plc"/>
<dc element="dc.date.published" value="1996-10-07"/>
<dc element="dc.source" value="Reuters"/>
<dc element="dc.creator.location" value="DUBAI"/>
<dc element="dc.creator.location.country.name" value="DUBAI"/>
<dc element="dc.source" value="Reuters"/>
</metadata>
</newsitem>
