<?xml version="1.0" encoding="iso-8859-1" ?>
<newsitem itemid="54661" id="root" date="1996-09-15" xml:lang="en">
<title>JORDAN: Jordan's Central Bank offers 15 mln dinars in CDs.</title>
<headline>Jordan's Central Bank offers 15 mln dinars in CDs.</headline>
<dateline>AMMAN 1996-09-15</dateline>
<text>
<p>The Central Bank of Jordan said on Sunday it was offering banks 15 million dinars in certificates of deposits in this week's auction.</p>
<p>Interest yields released on Sunday from last week's auction for three-month paper were unchanged at 9.250 percent.</p>
<p>Yields on six-month certificates were fixed at 9.500 percent, also unchanged from last week's rate. A Central Bank official said the issue was oversubsribed but did not give details. Outstanding CDs rose to 527.7 million dinars ($745.3 million) from 514 million dinars last week.</p>
<p>Repurchase agreements as collateral to weekly CDs remained at a high 10 percent with an unchanged 8.5 percent discount rate.</p>
<p>The Central Bank is maintaining a high interest rate policy to preserve the attractiveness of dinar-denominated assets to boost the local currency.</p>
<p>It also wants to curb any excessive outflow of dinars into dollar-denominated assets that could erode its foreign currency reserves.</p>
<p>$1 = 0.7080 dinar</p>
<p>-- Amman Bureau +9626-623776</p>
</text>
<copyright>(c) Reuters Limited 1996</copyright>
<metadata>
<codes class="bip:countries:1.0">
  <code code="JORDAN">
    <editdetail attribution="Reuters BIP Coding Group" action="confirmed" date="1996-09-15"/>
  </code>
</codes>
<codes class="bip:topics:1.0">
  <code code="M13">
    <editdetail attribution="Reuters BIP Coding Group" action="confirmed" date="1996-09-15"/>
  </code>
  <code code="M131">
    <editdetail attribution="Reuters BIP Coding Group" action="confirmed" date="1996-09-15"/>
  </code>
  <code code="MCAT">
    <editdetail attribution="Reuters BIP Coding Group" action="confirmed" date="1996-09-15"/>
  </code>
</codes>
<dc element="dc.date.created" value="1996-09-15"/>
<dc element="dc.publisher" value="Reuters Holdings Plc"/>
<dc element="dc.date.published" value="1996-09-15"/>
<dc element="dc.source" value="Reuters"/>
<dc element="dc.creator.location" value="AMMAN"/>
<dc element="dc.creator.location.country.name" value="JORDAN"/>
<dc element="dc.source" value="Reuters"/>
</metadata>
</newsitem>
