<?xml version="1.0" encoding="iso-8859-1" ?>
<newsitem itemid="540486" id="root" date="1997-04-25" xml:lang="en">
<title>USA: U.S. Stockpile cobalt court hearing set for May 5.</title>
<headline>U.S. Stockpile cobalt court hearing set for May 5.</headline>
<dateline>NEW YORK 1997-04-24</dateline>
<text>
<p>The U.S. District Court for the Eastern District of Virginia is set to hear Minor Metals Inc's complaint against U.S. Stockpile cobalt sales on May 5, a Stockpile official said.</p>
<p>Outstanding deliveries and sales of government surplus cobalt have been suspended pending the outcome of two court cases brought by Minor Metals against Stockpile.</p>
<p>The absence of stockpiled metal on the market has helped to firm up prices, traders said.</p>
<p>The complaint in the District Court involves Stockpile's insistence on a second round of best and final offers in the February negotiated sale.</p>
<p>The Court issued a temporary restraining order barring cobalt sales until the issue was resolved.</p>
<p>The Stockpile official said that on May 5 the judge could rule on the merits of the case, ask for more information or request more time.</p>
<p>The official added that there was no date set yet for the next hearing in the U.S. Court of Federal Claims where Minor Metals alleged Stockpile acted unlawfully on three accounts, including the prohibition of all or none of the clauses in bid offerings.</p>
<p>((New York Commodity Desk 212-859-1646))</p>
</text>
<copyright>(c) Reuters Limited 1997</copyright>
<metadata>
<codes class="bip:countries:1.0">
  <code code="USA">
    <editdetail attribution="Reuters BIP Coding Group" action="confirmed" date="1997-04-25"/>
  </code>
</codes>
<codes class="bip:industries:1.0">
  <code code="I63000">
    <editdetail attribution="Reuters BIP Coding Group" action="confirmed" date="1997-04-25"/>
  </code>
</codes>
<codes class="bip:topics:1.0">
  <code code="C12">
    <editdetail attribution="Reuters BIP Coding Group" action="confirmed" date="1997-04-25"/>
  </code>
  <code code="CCAT">
    <editdetail attribution="Reuters BIP Coding Group" action="confirmed" date="1997-04-25"/>
  </code>
  <code code="GCAT">
    <editdetail attribution="Reuters BIP Coding Group" action="confirmed" date="1997-04-25"/>
  </code>
  <code code="GCRIM">
    <editdetail attribution="Reuters BIP Coding Group" action="confirmed" date="1997-04-25"/>
  </code>
  <code code="M14">
    <editdetail attribution="Reuters BIP Coding Group" action="confirmed" date="1997-04-25"/>
  </code>
  <code code="M142">
    <editdetail attribution="Reuters BIP Coding Group" action="confirmed" date="1997-04-25"/>
  </code>
  <code code="MCAT">
    <editdetail attribution="Reuters BIP Coding Group" action="confirmed" date="1997-04-25"/>
  </code>
</codes>
<dc element="dc.date.created" value="1997-04-24"/>
<dc element="dc.publisher" value="Reuters Holdings Plc"/>
<dc element="dc.date.published" value="1997-04-25"/>
<dc element="dc.source" value="Reuters"/>
<dc element="dc.creator.location" value="NEW YORK"/>
<dc element="dc.creator.location.country.name" value="USA"/>
<dc element="dc.source" value="Reuters"/>
</metadata>
</newsitem>
