<?xml version="1.0" encoding="iso-8859-1" ?>
<newsitem itemid="356922" id="root" date="1997-02-05" xml:lang="en">
<title>VENEZUELA: Venezuela approves Veba joining heavy oil venture.</title>
<headline>Venezuela approves Veba joining heavy oil venture.</headline>
<dateline>CARACAS 1997-02-05</dateline>
<text>
<p>Venezuela's Council of Ministers on Wednesday approved Veba Oil's participation in joint venture between Mobil and PDVSA subsidiary Lagoven exploiting extra-heavy crude reserves in the Orinoco Tar Belt, the Venezuelan Ministry of Information said on Wednesday.</p>
<p>&quot;We are expecting to raise the volume of bitumen and converted crude through this participation,&quot; said Information Minister Fernando Egana.</p>
<p>The addition of Veba will raise output from an original 100,000 barrels per day (bpd) to 120,000 bpd from the Orinoco tar belt. The original $2.3 billion Lagoven/Mobil venture was approved by the government on December 18 1996.</p>
<p>The extra-heavy crude has a gravity of eight API and is located in the Cerro Negro area of the Orinoco Tar Belt in the southeast of the country. The consortium plans to increase the value of the crude by converting it to 16 API in a coking plant based in Jose on the Caribbean coast.</p>
<p>The process will be completed by refining the synthesised crude in Mobil's Chalmette refinery in Louisiana, United States. The partners hope to market the products in the Gulf of Mexico and the eastern coast of the United States.</p>
<p>The 35-year agreement is due to start production in 1999.</p>
<p>((-- Caracas newsroom, 582 505 2600))</p>
</text>
<copyright>(c) Reuters Limited 1997</copyright>
<metadata>
<codes class="bip:countries:1.0">
  <code code="GFR">
    <editdetail attribution="Reuters BIP Coding Group" action="confirmed" date="1997-02-05"/>
  </code>
  <code code="USA">
    <editdetail attribution="Reuters BIP Coding Group" action="confirmed" date="1997-02-05"/>
  </code>
  <code code="VEN">
    <editdetail attribution="Reuters BIP Coding Group" action="confirmed" date="1997-02-05"/>
  </code>
</codes>
<codes class="bip:industries:1.0">
  <code code="I13000">
    <editdetail attribution="Reuters BIP Coding Group" action="confirmed" date="1997-02-05"/>
  </code>
  <code code="I1300003">
    <editdetail attribution="Reuters BIP Coding Group" action="confirmed" date="1997-02-05"/>
  </code>
</codes>
<codes class="bip:topics:1.0">
  <code code="C11">
    <editdetail attribution="Reuters BIP Coding Group" action="confirmed" date="1997-02-05"/>
  </code>
  <code code="C13">
    <editdetail attribution="Reuters BIP Coding Group" action="confirmed" date="1997-02-05"/>
  </code>
  <code code="C24">
    <editdetail attribution="Reuters BIP Coding Group" action="confirmed" date="1997-02-05"/>
  </code>
  <code code="CCAT">
    <editdetail attribution="Reuters BIP Coding Group" action="confirmed" date="1997-02-05"/>
  </code>
</codes>
<dc element="dc.date.created" value="1997-02-05"/>
<dc element="dc.publisher" value="Reuters Holdings Plc"/>
<dc element="dc.date.published" value="1997-02-05"/>
<dc element="dc.source" value="Reuters"/>
<dc element="dc.creator.location" value="CARACAS"/>
<dc element="dc.creator.location.country.name" value="VENEZUELA"/>
<dc element="dc.source" value="Reuters"/>
</metadata>
</newsitem>
