<?xml version="1.0" encoding="iso-8859-1" ?>
<newsitem itemid="750876" id="root" date="1997-07-23" xml:lang="en">
<title>FINLAND: FINLAND BANK TENDER RATE UNCHANGED AT 3.00 PCT.</title>
<headline>FINLAND BANK TENDER RATE UNCHANGED AT 3.00 PCT.</headline>
<dateline>HELSINKI 1997-07-23</dateline>
<text>
<p>The Bank of Finland on Wednesday drained 500 million markka of spot liquidity in an auction of one-month paper at an unchanged 3.00 percent tender rate.</p>
<p>Before the opening, the central bank forecast a spot liquidity surplus of 8.10 billion markka. The required daily balance for banks was 6.19 billion markka.</p>
<p>The Bank of Finland's tender rate -- its chief monetary policy tool -- has been unchanged since it was lowered to 3.00 percent from 3.10 percent on October 9, 1996.</p>
<p>-- Helsinki newsroom +358-9-6805 0245, news@reuters.fi</p>
</text>
<copyright>(c) Reuters Limited 1997</copyright>
<metadata>
<codes class="bip:countries:1.0">
  <code code="FIN">
    <editdetail attribution="Reuters BIP Coding Group" action="confirmed" date="1997-07-23"/>
  </code>
</codes>
<codes class="bip:topics:1.0">
  <code code="E12">
    <editdetail attribution="Reuters BIP Coding Group" action="confirmed" date="1997-07-23"/>
  </code>
  <code code="ECAT">
    <editdetail attribution="Reuters BIP Coding Group" action="confirmed" date="1997-07-23"/>
  </code>
  <code code="M13">
    <editdetail attribution="Reuters BIP Coding Group" action="confirmed" date="1997-07-23"/>
  </code>
  <code code="M131">
    <editdetail attribution="Reuters BIP Coding Group" action="confirmed" date="1997-07-23"/>
  </code>
  <code code="MCAT">
    <editdetail attribution="Reuters BIP Coding Group" action="confirmed" date="1997-07-23"/>
  </code>
</codes>
<dc element="dc.date.created" value="1997-07-23"/>
<dc element="dc.publisher" value="Reuters Holdings Plc"/>
<dc element="dc.date.published" value="1997-07-23"/>
<dc element="dc.source" value="Reuters"/>
<dc element="dc.creator.location" value="HELSINKI"/>
<dc element="dc.creator.location.country.name" value="FINLAND"/>
<dc element="dc.source" value="Reuters"/>
</metadata>
</newsitem>
