<?xml version="1.0" encoding="iso-8859-1" ?>
<newsitem itemid="497423" id="root" date="1997-04-09" xml:lang="en">
<title>INDIA: India details 96/97 cargo handling at major ports.</title>
<headline>India details 96/97 cargo handling at major ports.</headline>
<dateline>NEW DELHI 1997-04-09</dateline>
<text>
<p>India's major ports handled 227.13 million tonnes of cargo in 1996/97 (April-March) compared with 215. 30 million tonnes in 1995/96, the government said on Wednesday.</p>
<p>Following are the details of the volume of cargo handled by the 11 major Indian ports in 1996/97 (April-March) compared with 1995/96.</p>
<p>----------------------------------------------</p>
<p>    PORT		 CARGO HANDLED (IN MLN TNS)</p>
<p>				1996/97    1995/96</p>
<p>----------------------------------------------</p>
<p> Kandla			33.73	30.33</p>
<p> Bombay			33.71	34.04</p>
<p> Vishakapatnam	     34.49	32.81</p>
<p> Madras			31.84	30.72</p>
<p> Calcutta		    23.07	21.51</p>
<p> Mormugao		    17.36	18.09</p>
<p> New Mangalore	     12.41	 8.88</p>
<p> Cochin			11.62	11.49</p>
<p> Paradip		     11.58	11.25</p>
<p> Tuticorin		    9.17	 9.28</p>
<p> J. Nehru		     8.15	 6.87</p>
<p>----------------------------------------------</p>
<p> TOTAL			227.13     215.30</p>
<p>----------------------------------------------</p>
<p>NOTE - These figures are provisional and correct to the second place of decimals. They may not add up precisely.</p>
<p>New Delhi newsroom +91-11 301 2024</p>
</text>
<copyright>(c) Reuters Limited 1997</copyright>
<metadata>
<codes class="bip:countries:1.0">
  <code code="INDIA">
    <editdetail attribution="Reuters BIP Coding Group" action="confirmed" date="1997-04-09"/>
  </code>
</codes>
<codes class="bip:industries:1.0">
  <code code="I76300">
    <editdetail attribution="Reuters BIP Coding Group" action="confirmed" date="1997-04-09"/>
  </code>
  <code code="I77002">
    <editdetail attribution="Reuters BIP Coding Group" action="confirmed" date="1997-04-09"/>
  </code>
</codes>
<codes class="bip:topics:1.0">
  <code code="C21">
    <editdetail attribution="Reuters BIP Coding Group" action="confirmed" date="1997-04-09"/>
  </code>
  <code code="C31">
    <editdetail attribution="Reuters BIP Coding Group" action="confirmed" date="1997-04-09"/>
  </code>
  <code code="CCAT">
    <editdetail attribution="Reuters BIP Coding Group" action="confirmed" date="1997-04-09"/>
  </code>
</codes>
<dc element="dc.date.created" value="1997-04-09"/>
<dc element="dc.publisher" value="Reuters Holdings Plc"/>
<dc element="dc.date.published" value="1997-04-09"/>
<dc element="dc.source" value="Reuters"/>
<dc element="dc.creator.location" value="NEW DELHI"/>
<dc element="dc.creator.location.country.name" value="INDIA"/>
<dc element="dc.source" value="Reuters"/>
</metadata>
</newsitem>
