<?xml version="1.0" encoding="iso-8859-1" ?>
<newsitem itemid="796682" id="root" date="1997-08-13" xml:lang="en">
<title>USA: CENTRAL U.S. CARLOT BEEF TRADE 1500 CDT - USDA.</title>
<headline>CENTRAL U.S. CARLOT BEEF TRADE 1500 CDT - USDA.</headline>
<dateline>DES MOINES 1997-08-13</dateline>
<text>
<p>Utility carcasses steady compared to same period last week. Demand moderate on moderate to heavy offerings. - USDA</p>
<p>COW &amp; BULL CARCASS FOB OMAHA  6.0 Loads Reported.</p>
<p>			  Lds   Price Range    Latest Estb. Mkt.</p>
<p>UT,brk 2-4 450#/up  2.0   65.00 - 66.00     65.00 - 66.00</p>
<p>UT,bng 1-3 400#/up  4.0   69.00 - 70.00     69.00 - 70.00</p>
<p>Cutter 1-2 350#/up				  69.00 C</p>
<p>Bulls YG 1 500#/up				  unq</p>
<p>BONELESS PROCESSING BEEF/BEEF TRIMMINGS 190.0  Loads Reported. Fresh lean boneless beef $3.50-5.00 lower; 75% 1.00 lower; 65% 4.50-5.00 lower compared to last test. Demand light on heavy offerings. Beef trimmings lower early on fairly good demand and heavy offerings. FOB OMAHA BASIS: Chm Ln   Lds     Price Range		     Wtavg</p>
<p>90% fr   24   89.0 -  91.5			90.69</p>
<p>85% fz    2	     87.0			87.00</p>
<p>75% fr    3	     75.5			75.50</p>
<p>65% fr    3   61.0 -  61.5			61.33</p>
<p>50% fr  112   41.00 - 44.50		     42.63</p>
<p>FOB EAST TEXAS AND OKLAHOMA: Chm Ln   Lds     Price Range		     Wtavg</p>
<p>90% fr   23   90.0 -  91.5			90.48</p>
<p>CAF NORTHEAST AREAS: Chm Ln   Lds     Price Range		     Wtavg</p>
<p>90% fr   21   92.0 -  93.0			92.62</p>
<p>85% fr    2	     88.0			88.00</p>
<p>**ABCDE after quotes represents days since last actual market test. Quotes are dropped after 5 days of no test or before if they no longer reflect current market conditions.**</p>
<p>((Chicago newsdesk 312-408 8720))</p>
</text>
<copyright>(c) Reuters Limited 1997</copyright>
<metadata>
<codes class="bip:countries:1.0">
  <code code="USA">
    <editdetail attribution="Reuters BIP Coding Group" action="confirmed" date="1997-08-13"/>
  </code>
</codes>
<codes class="bip:topics:1.0">
  <code code="M14">
    <editdetail attribution="Reuters BIP Coding Group" action="confirmed" date="1997-08-13"/>
  </code>
  <code code="M141">
    <editdetail attribution="Reuters BIP Coding Group" action="confirmed" date="1997-08-13"/>
  </code>
  <code code="MCAT">
    <editdetail attribution="Reuters BIP Coding Group" action="confirmed" date="1997-08-13"/>
  </code>
</codes>
<dc element="dc.date.created" value="1997-08-13"/>
<dc element="dc.publisher" value="Reuters Holdings Plc"/>
<dc element="dc.date.published" value="1997-08-13"/>
<dc element="dc.source" value="Reuters"/>
<dc element="dc.creator.location" value="DES MOINES"/>
<dc element="dc.creator.location.country.name" value="USA"/>
<dc element="dc.source" value="Reuters"/>
</metadata>
</newsitem>
