<?xml version="1.0" encoding="iso-8859-1" ?>
<newsitem itemid="355728" id="root" date="1997-02-04" xml:lang="en">
<title>CHINA: Foreign investment in China $469 bln at end-1996.</title>
<headline>Foreign investment in China $469 bln at end-1996.</headline>
<dateline>BEIJING 1997-02-04</dateline>
<text>
<p>Foreign businessmen had pledged to invest an accumulated $469.325 billion in China by the end of 1996, a spokesman for the Ministry of Foreign Trade and Economic Cooperation said in a statement made available to Reuters on Tuesday.</p>
<p>Accumulated actual foreign investment was $177.217 billion by the end of last year, ministry spokesman Hu Zhaoqing said.</p>
<p>There were more than 140,000 foreign-funded enterprises in China by end-1996 employing 17 million people, he said.</p>
<p>Their sales and profits had increased gradually each year and exports were rising fast, the spokesman said.</p>
<p>Hu gave no comparative figures or other details.</p>
<p>-- Beijing Newsroom (8610) 6532 1921</p>
</text>
<copyright>(c) Reuters Limited 1997</copyright>
<metadata>
<codes class="bip:countries:1.0">
  <code code="CHINA">
    <editdetail attribution="Reuters BIP Coding Group" action="confirmed" date="1997-02-04"/>
  </code>
</codes>
<codes class="bip:topics:1.0">
  <code code="E51">
    <editdetail attribution="Reuters BIP Coding Group" action="confirmed" date="1997-02-04"/>
  </code>
  <code code="E511">
    <editdetail attribution="Reuters BIP Coding Group" action="confirmed" date="1997-02-04"/>
  </code>
  <code code="ECAT">
    <editdetail attribution="Reuters BIP Coding Group" action="confirmed" date="1997-02-04"/>
  </code>
</codes>
<dc element="dc.date.created" value="1997-02-04"/>
<dc element="dc.publisher" value="Reuters Holdings Plc"/>
<dc element="dc.date.published" value="1997-02-04"/>
<dc element="dc.source" value="Reuters"/>
<dc element="dc.creator.location" value="BEIJING"/>
<dc element="dc.creator.location.country.name" value="CHINA"/>
<dc element="dc.source" value="Reuters"/>
</metadata>
</newsitem>
