<?xml version="1.0" encoding="iso-8859-1" ?>
<newsitem itemid="85610" id="root" date="1996-09-30" xml:lang="en">
<title>PAKISTAN: Taleban confirms capture of Afghan town.</title>
<headline>Taleban confirms capture of Afghan town.</headline>
<dateline>ISLAMABAD 1996-09-30</dateline>
<text>
<p>Afghanistan's Taleban Islamic militia said on Monday that its forces had captured Jabal os-Siraj town, the stronghold of the ousted government's military commander Ahmad Shah Masood, north of the Kabul.</p>
<p>A Taleban spokesman, quoted by a Pakistan-based Afghan news service, said the town had fallen overnight and the militia forces were heading further north.</p>
</text>
<copyright>(c) Reuters Limited 1996</copyright>
<metadata>
<codes class="bip:countries:1.0">
  <code code="AFGH">
    <editdetail attribution="Reuters BIP Coding Group" action="confirmed" date="1996-09-30"/>
  </code>
  <code code="PAKIS">
    <editdetail attribution="Reuters BIP Coding Group" action="confirmed" date="1996-09-30"/>
  </code>
</codes>
<codes class="bip:topics:1.0">
  <code code="GCAT">
    <editdetail attribution="Reuters BIP Coding Group" action="confirmed" date="1996-09-30"/>
  </code>
  <code code="GVIO">
    <editdetail attribution="Reuters BIP Coding Group" action="confirmed" date="1996-09-30"/>
  </code>
</codes>
<dc element="dc.date.created" value="1996-09-30"/>
<dc element="dc.publisher" value="Reuters Holdings Plc"/>
<dc element="dc.date.published" value="1996-09-30"/>
<dc element="dc.source" value="Reuters"/>
<dc element="dc.creator.location" value="ISLAMABAD"/>
<dc element="dc.creator.location.country.name" value="PAKISTAN"/>
<dc element="dc.source" value="Reuters"/>
</metadata>
</newsitem>
