<?xml version="1.0" encoding="iso-8859-1" ?>
<newsitem itemid="571442" id="root" date="1997-05-09" xml:lang="en">
<title>ESTONIA: ESTONIA-HANSA SAYS SELLS LONG-TERM BUY OPTIONS.</title>
<headline>ESTONIA-HANSA SAYS SELLS LONG-TERM BUY OPTIONS.</headline>
<dateline>TALLINN 1997-05-09</dateline>
<text>
<p>Hansapank said its options trading was quieter this week with volumes at between 5 to 10 million kroons with short-term options on both the buy and sell side while long-term options trade was on the buy-side.</p>
<p>&quot;Short-term options, maturing on Friday May 16, have both buy and sell calls but the long term is buys,&quot; Tonis Haavel, Hansapank options trader, told Reuters.</p>
<p>&quot;Long-term, which is October 97 at present, is buy calls, because people have seen the rise over the the last six months,&quot; he added. Haavel said the recent fall on the Tallinn stock exchange appeared to have stopped.</p>
<p>&quot;The market believes that it has reached the bottom and it is not so interested in selling.&quot;</p>
<p>The maturity date for options is the third Friday of each month with the next maturity due on May 16.</p>
<p>Hansapank has been trading options since November 1996 with the highest volumes reached around 40-50 million kroons a week.</p>
<p>&quot;Most of the interest in options is spectulative with about two percent using them for hedging,&quot; Haavel added.</p>
<p>-- David Mardiste, Tallinn newsroom +372 630 8400 reuters@reuters.ee</p>
</text>
<copyright>(c) Reuters Limited 1997</copyright>
<metadata>
<codes class="bip:countries:1.0">
  <code code="ESTNIA">
    <editdetail attribution="Reuters BIP Coding Group" action="confirmed" date="1997-05-09"/>
  </code>
</codes>
<codes class="bip:industries:1.0">
  <code code="I81402">
    <editdetail attribution="Reuters BIP Coding Group" action="confirmed" date="1997-05-09"/>
  </code>
  <code code="I83100">
    <editdetail attribution="Reuters BIP Coding Group" action="confirmed" date="1997-05-09"/>
  </code>
</codes>
<codes class="bip:topics:1.0">
  <code code="C31">
    <editdetail attribution="Reuters BIP Coding Group" action="confirmed" date="1997-05-09"/>
  </code>
  <code code="CCAT">
    <editdetail attribution="Reuters BIP Coding Group" action="confirmed" date="1997-05-09"/>
  </code>
  <code code="MCAT">
    <editdetail attribution="Reuters BIP Coding Group" action="confirmed" date="1997-05-09"/>
  </code>
</codes>
<dc element="dc.date.created" value="1997-05-09"/>
<dc element="dc.publisher" value="Reuters Holdings Plc"/>
<dc element="dc.date.published" value="1997-05-09"/>
<dc element="dc.source" value="Reuters"/>
<dc element="dc.creator.location" value="TALLINN"/>
<dc element="dc.creator.location.country.name" value="ESTONIA"/>
<dc element="dc.source" value="Reuters"/>
</metadata>
</newsitem>
