<?xml version="1.0" encoding="iso-8859-1" ?>
<newsitem itemid="300307" id="root" date="1997-01-10" xml:lang="en">
<title>GERMANY: German barge operators hit by freeze receive aid.</title>
<headline>German barge operators hit by freeze receive aid.</headline>
<dateline>DUISBURG, Germany 1997-01-10</dateline>
<text>
<p>German barge operators hit by frozen waterways are to receive up to five million marks in emergency aid, a statement from the barge industry association BDB said on Friday.</p>
<p>It said the transport ministry had agreed that with effect from today, each icebound barge would receive 200 marks a day and damages up to now would be compensated by immediate payments of 3,000 marks.</p>
<p>BDB said the help did not cover all of the losses incurred, but it welcomed the ministry's step which it said came in reponse to BDS lobbying.</p>
<p>BDB said another severe winter after months of lost business in the previous cold period in early 1996 -- the longest since 1963 -- could spell the end for many small barge operators.</p>
<p>Two-thirds of the BDB fleet of some 3,000 vessels was paralysed this week by ice on rivers and canals so barges were unable to collect coal, ore, oil products and other cargoes.</p>
<p>BDB represents the bulk of German-owned inland vessels in the 500-3,500 tonne category.</p>
<p>--Vera Eckert, Hamburg newsroom, +49-40-41903275</p>
</text>
<copyright>(c) Reuters Limited 1997</copyright>
<metadata>
<codes class="bip:countries:1.0">
  <code code="GFR">
    <editdetail attribution="Reuters BIP Coding Group" action="confirmed" date="1997-01-10"/>
  </code>
</codes>
<codes class="bip:industries:1.0">
  <code code="I72603">
    <editdetail attribution="Reuters BIP Coding Group" action="confirmed" date="1997-01-10"/>
  </code>
</codes>
<codes class="bip:topics:1.0">
  <code code="C13">
    <editdetail attribution="Reuters BIP Coding Group" action="confirmed" date="1997-01-10"/>
  </code>
  <code code="C17">
    <editdetail attribution="Reuters BIP Coding Group" action="confirmed" date="1997-01-10"/>
  </code>
  <code code="CCAT">
    <editdetail attribution="Reuters BIP Coding Group" action="confirmed" date="1997-01-10"/>
  </code>
  <code code="E21">
    <editdetail attribution="Reuters BIP Coding Group" action="confirmed" date="1997-01-10"/>
  </code>
  <code code="ECAT">
    <editdetail attribution="Reuters BIP Coding Group" action="confirmed" date="1997-01-10"/>
  </code>
</codes>
<dc element="dc.date.created" value="1997-01-10"/>
<dc element="dc.publisher" value="Reuters Holdings Plc"/>
<dc element="dc.date.published" value="1997-01-10"/>
<dc element="dc.source" value="Reuters"/>
<dc element="dc.creator.location" value="DUISBURG, Germany"/>
<dc element="dc.creator.location.country.name" value="GERMANY"/>
<dc element="dc.source" value="Reuters"/>
</metadata>
</newsitem>
