<?xml version="1.0" encoding="iso-8859-1" ?>
<newsitem itemid="46162" id="root" date="1996-09-11" xml:lang="en">
<title>ARGENTINA: Argentina to save $1.3 bln in 97 from state reform.</title>
<headline>Argentina to save $1.3 bln in 97 from state reform.</headline>
<dateline>BUENOS AIRES 1996-09-11</dateline>
<text>
<p>The Peronist government's &quot;Second Reform of State&quot; to streamline the administration will produce savings of $1.3 billion from Argentina's 1997 budget, a spokesman said Wednesday.</p>
<p>&quot;The impact of the reforms on the 1997 budget is a saving of $1.3 billion from improved efficiency in centralized organizations and a new methodology for ensuring the state benefits from court rulings in its favor,&quot; said an aide to Alberto Abad, government Strategic Control Secretary.  </p>
<p>The Second Reform of State law passed earlier this year gives the government sweeping powers to streamline the public administration, and in June it slashed the number of secretariats and government departments by one third.</p>
<p>The reform came in two parts -- special taxation powers granted to the Economy Minister at the beginning of the year and the administrative reforms.</p>
<p>-- Buenos Aires Newsroom +541 318-0695</p>
</text>
<copyright>(c) Reuters Limited 1996</copyright>
<metadata>
<codes class="bip:countries:1.0">
  <code code="ARG">
    <editdetail attribution="Reuters BIP Coding Group" action="confirmed" date="1996-09-11"/>
  </code>
</codes>
<codes class="bip:topics:1.0">
  <code code="E21">
    <editdetail attribution="Reuters BIP Coding Group" action="confirmed" date="1996-09-11"/>
  </code>
  <code code="E211">
    <editdetail attribution="Reuters BIP Coding Group" action="confirmed" date="1996-09-11"/>
  </code>
  <code code="ECAT">
    <editdetail attribution="Reuters BIP Coding Group" action="confirmed" date="1996-09-11"/>
  </code>
  <code code="GCAT">
    <editdetail attribution="Reuters BIP Coding Group" action="confirmed" date="1996-09-11"/>
  </code>
  <code code="GPOL">
    <editdetail attribution="Reuters BIP Coding Group" action="confirmed" date="1996-09-11"/>
  </code>
</codes>
<dc element="dc.date.created" value="1996-09-11"/>
<dc element="dc.publisher" value="Reuters Holdings Plc"/>
<dc element="dc.date.published" value="1996-09-11"/>
<dc element="dc.source" value="Reuters"/>
<dc element="dc.creator.location" value="BUENOS AIRES"/>
<dc element="dc.creator.location.country.name" value="ARGENTINA"/>
<dc element="dc.source" value="Reuters"/>
</metadata>
</newsitem>
