<?xml version="1.0" encoding="iso-8859-1" ?>
<newsitem itemid="235781" id="root" date="1996-12-04" xml:lang="en">
<title>HONG KONG: K. Wah sells property for HK$733 mln.</title>
<headline>K. Wah sells property for HK$733 mln.</headline>
<dateline>HONG KONG 1996-12-04</dateline>
<text>
<p>K. Wah International Holdings Ltd said on Wednesday it will sell a residential property in Repulse Bay for HK$733 million to an independent third party.</p>
<p>The property, Royal Garden, is a 12-storey residential building comprising 24 apartments with a total building area of about 60,648 sq feet, and has 36 car parking spaces and a swimming pool, it said in a statement.</p>
<p>It generated gross rental incomes of HK$18.64 million and HK$20.67 million for the years ended March 31, 1995 and 1996 respectively. K. Wah said the corresponding net profits after taxation were HK$4.21 million and HK$2.94 million for fiscal 1995 and 1996.</p>
<p>The deal is expected to be completed on or before March 24, 1997, it said.</p>
<p>The company planned to apply the proceeds derived from the disposal to provide for additional working capital and to reduce bank borrowings of the K. Wah Group.</p>
<p>-- Hong Kong Newsroom (852) 2843 6369</p>
</text>
<copyright>(c) Reuters Limited 1996</copyright>
<metadata>
<codes class="bip:countries:1.0">
  <code code="HKONG">
    <editdetail attribution="Reuters BIP Coding Group" action="confirmed" date="1996-12-04"/>
  </code>
</codes>
<codes class="bip:industries:1.0">
  <code code="I24300">
    <editdetail attribution="Reuters BIP Coding Group" action="confirmed" date="1996-12-04"/>
  </code>
</codes>
<codes class="bip:topics:1.0">
  <code code="C18">
    <editdetail attribution="Reuters BIP Coding Group" action="confirmed" date="1996-12-04"/>
  </code>
  <code code="C182">
    <editdetail attribution="Reuters BIP Coding Group" action="confirmed" date="1996-12-04"/>
  </code>
  <code code="CCAT">
    <editdetail attribution="Reuters BIP Coding Group" action="confirmed" date="1996-12-04"/>
  </code>
</codes>
<dc element="dc.date.created" value="1996-12-04"/>
<dc element="dc.publisher" value="Reuters Holdings Plc"/>
<dc element="dc.date.published" value="1996-12-04"/>
<dc element="dc.source" value="Reuters"/>
<dc element="dc.creator.location" value="HONG KONG"/>
<dc element="dc.creator.location.country.name" value="HONG KONG"/>
<dc element="dc.source" value="Reuters"/>
</metadata>
</newsitem>
