<?xml version="1.0" encoding="iso-8859-1" ?>
<newsitem itemid="591819" id="root" date="1997-05-16" xml:lang="en">
<title>TAIWAN: Taiwan Sugar buys 30,000T US corn/soy at tender.</title>
<headline>Taiwan Sugar buys 30,000T US corn/soy at tender.</headline>
<dateline>TAIPEI 1997-05-16</dateline>
<text>
<p>State-owned Taiwan Sugar Corp bought a combined shipment of 18,000 tonnes of U.S. corn and 12,000 tonnes of U.S. soybean from Cargill at a tender on Friday, traders said.  </p>
<p>The shipment was fixed on a cost and freight basis, traders said.</p>
<p>Details for the tender are as follows:</p>
<p>		     U.S. Gulf  Pacific N.W.  Price/Futures</p>
<p> Corn    18,000  June 1-5   June 16-30     99.76 US cents/July</p>
<p> Soybean 12,000  June 1-5   June 16-30    117.13 US cents/July</p>
<p>--Taipei Newsroom (2-5080815)</p>
</text>
<copyright>(c) Reuters Limited 1997</copyright>
<metadata>
<codes class="bip:countries:1.0">
  <code code="TAIWAN">
    <editdetail attribution="Reuters BIP Coding Group" action="confirmed" date="1997-05-16"/>
  </code>
</codes>
<codes class="bip:topics:1.0">
  <code code="M14">
    <editdetail attribution="Reuters BIP Coding Group" action="confirmed" date="1997-05-16"/>
  </code>
  <code code="M141">
    <editdetail attribution="Reuters BIP Coding Group" action="confirmed" date="1997-05-16"/>
  </code>
  <code code="MCAT">
    <editdetail attribution="Reuters BIP Coding Group" action="confirmed" date="1997-05-16"/>
  </code>
</codes>
<dc element="dc.date.created" value="1997-05-16"/>
<dc element="dc.publisher" value="Reuters Holdings Plc"/>
<dc element="dc.date.published" value="1997-05-16"/>
<dc element="dc.source" value="Reuters"/>
<dc element="dc.creator.location" value="TAIPEI"/>
<dc element="dc.creator.location.country.name" value="TAIWAN"/>
<dc element="dc.source" value="Reuters"/>
</metadata>
</newsitem>
