<?xml version="1.0" encoding="iso-8859-1" ?>
<newsitem itemid="687087" id="root" date="1997-06-25" xml:lang="en">
<title>UK: Epic Energy in Ukraine JV with Niko Resources.</title>
<headline>Epic Energy in Ukraine JV with Niko Resources.</headline>
<dateline>LONDON 1997-06-25</dateline>
<text>
<p>Calgary-based Epic Energy Inc and Niko Resources Ltd have agreed to a joint exploration programme in Ukraine's Crimean peninsula, the companies said on Wednesday.</p>
<p>A statement faxed to Reuters in London said a number of prospects have been identified in the area and Niko Resources agreed to fund a drilling programme on two prospects. &quot;Upon completion, Niko Resources will earn 50 percent of Epic's interest in those prospects&quot;.</p>
<p>The drilling programme would begin in August assuming the timely issuance of permits under existing licences.</p>
<p>Epic's subsidiary is party to a production sharing agreement with its Ukraine partner, Krymgeologia, covering onshore Crimea, an area of 11,000 sq miles with substantial hydrocarbon accumulations, the companies said.</p>
<p>Niko is an international company which has significant oil and gas production in India and exploration interests in Cuba, the statement said.</p>
<p>-- London newsroom +44 171 542 7630</p>
</text>
<copyright>(c) Reuters Limited 1997</copyright>
<metadata>
<codes class="bip:countries:1.0">
  <code code="CANA">
    <editdetail attribution="Reuters BIP Coding Group" action="confirmed" date="1997-06-25"/>
  </code>
  <code code="UK">
    <editdetail attribution="Reuters BIP Coding Group" action="confirmed" date="1997-06-25"/>
  </code>
  <code code="UKRN">
    <editdetail attribution="Reuters BIP Coding Group" action="confirmed" date="1997-06-25"/>
  </code>
</codes>
<codes class="bip:industries:1.0">
  <code code="I13000">
    <editdetail attribution="Reuters BIP Coding Group" action="confirmed" date="1997-06-25"/>
  </code>
</codes>
<codes class="bip:topics:1.0">
  <code code="C11">
    <editdetail attribution="Reuters BIP Coding Group" action="confirmed" date="1997-06-25"/>
  </code>
  <code code="C24">
    <editdetail attribution="Reuters BIP Coding Group" action="confirmed" date="1997-06-25"/>
  </code>
  <code code="CCAT">
    <editdetail attribution="Reuters BIP Coding Group" action="confirmed" date="1997-06-25"/>
  </code>
</codes>
<dc element="dc.date.created" value="1997-06-25"/>
<dc element="dc.publisher" value="Reuters Holdings Plc"/>
<dc element="dc.date.published" value="1997-06-25"/>
<dc element="dc.source" value="Reuters"/>
<dc element="dc.creator.location" value="LONDON"/>
<dc element="dc.creator.location.country.name" value="UK"/>
<dc element="dc.source" value="Reuters"/>
</metadata>
</newsitem>
