<?xml version="1.0" encoding="iso-8859-1" ?>
<newsitem itemid="58365" id="root" date="1996-09-17" xml:lang="en">
<title>TAIWAN: Taiwan money rates close lower; downtrend seen.</title>
<headline>Taiwan money rates close lower; downtrend seen.</headline>
<dateline>TAIPEI 1996-09-17</dateline>
<text>
<p>Taiwan's money rates closed lower on Tuesday as market liquidity remained loose on routine monthly payrolls returning to the banking system, dealers said.</p>
<p>The overnight interbank rate ended at 4.979 percent against Monday's 4.988 close, with 30-day commercial paper at 5.00 against 5.05-5.10. Dealers said they expected both rates to linger near the 5.00 level in the near future.</p>
<p>The bond market saw no transaction in the afternoon.</p>
<p>The 10-year 84/1 bond yield ended morning trade at 5.650 against 5.645-5.650, and the seven-year 85/3 bond yield was at 5.555-5.560.     -- Julie Hu (5080815)</p>
</text>
<copyright>(c) Reuters Limited 1996</copyright>
<metadata>
<codes class="bip:countries:1.0">
  <code code="TAIWAN">
    <editdetail attribution="Reuters BIP Coding Group" action="confirmed" date="1996-09-17"/>
  </code>
</codes>
<codes class="bip:topics:1.0">
  <code code="M13">
    <editdetail attribution="Reuters BIP Coding Group" action="confirmed" date="1996-09-17"/>
  </code>
  <code code="M131">
    <editdetail attribution="Reuters BIP Coding Group" action="confirmed" date="1996-09-17"/>
  </code>
  <code code="MCAT">
    <editdetail attribution="Reuters BIP Coding Group" action="confirmed" date="1996-09-17"/>
  </code>
</codes>
<dc element="dc.date.created" value="1996-09-17"/>
<dc element="dc.publisher" value="Reuters Holdings Plc"/>
<dc element="dc.date.published" value="1996-09-17"/>
<dc element="dc.source" value="Reuters"/>
<dc element="dc.creator.location" value="TAIPEI"/>
<dc element="dc.creator.location.country.name" value="TAIWAN"/>
<dc element="dc.source" value="Reuters"/>
</metadata>
</newsitem>
