<?xml version="1.0" encoding="iso-8859-1" ?>
<newsitem itemid="573454" id="root" date="1997-05-09" xml:lang="en">
<title>UK: Guinness Jamaica unit to raise 15 mln stg.</title>
<headline>Guinness Jamaica unit to raise 15 mln stg.</headline>
<dateline>LONDON 1997-05-09</dateline>
<text>
<p>Guinness Brewing Worldwide, the brewing arm of Guinness Plc announced on Friday that its 51 percent Jamaican subsidiary, Desnoes &amp; Geddes Ltd would raise 15 million stg through a rights issue.</p>
<p>A spokesman for the company said the ratio of the rights and the price would be decided in June, with the issue, if approved by shareholders, scheduled to close on July 21.</p>
<p>The issue will be fully underwritten by Guinness Plc involving a minimum investment of eight million stg and a maximum of 15 million stg.</p>
<p>Guinness had acquired its 51 percent control in Desnoes &amp; Geddes in November 1993. The company is Jamaica's largest brewer with a portfolio which includes Guinness stout, Red Stripe Lager and Desnoes &amp; Geddes soft drinks.</p>
<p>-- London Newsroom +44 171 542 4366</p>
</text>
<copyright>(c) Reuters Limited 1997</copyright>
<metadata>
<codes class="bip:countries:1.0">
  <code code="JAMA">
    <editdetail attribution="Reuters BIP Coding Group" action="confirmed" date="1997-05-09"/>
  </code>
  <code code="UK">
    <editdetail attribution="Reuters BIP Coding Group" action="confirmed" date="1997-05-09"/>
  </code>
</codes>
<codes class="bip:industries:1.0">
  <code code="I42700">
    <editdetail attribution="Reuters BIP Coding Group" action="confirmed" date="1997-05-09"/>
  </code>
</codes>
<codes class="bip:topics:1.0">
  <code code="C17">
    <editdetail attribution="Reuters BIP Coding Group" action="confirmed" date="1997-05-09"/>
  </code>
  <code code="C171">
    <editdetail attribution="Reuters BIP Coding Group" action="confirmed" date="1997-05-09"/>
  </code>
  <code code="CCAT">
    <editdetail attribution="Reuters BIP Coding Group" action="confirmed" date="1997-05-09"/>
  </code>
</codes>
<dc element="dc.date.created" value="1997-05-09"/>
<dc element="dc.publisher" value="Reuters Holdings Plc"/>
<dc element="dc.date.published" value="1997-05-09"/>
<dc element="dc.source" value="Reuters"/>
<dc element="dc.creator.location" value="LONDON"/>
<dc element="dc.creator.location.country.name" value="UK"/>
<dc element="dc.source" value="Reuters"/>
</metadata>
</newsitem>
