<?xml version="1.0" encoding="iso-8859-1" ?>
<newsitem itemid="766973" id="root" date="1997-07-30" xml:lang="en">
<title>INDIA: India's TELCO to produce small cars.</title>
<headline>India's TELCO to produce small cars.</headline>
<dateline>BOMBAY 1997-07-30</dateline>
<text>
<p>Indian automobile firm Tata Engineering and Locomotive Company Ltd (TELCO) will produce 150,000 units per year at its small car plant when at full capacity, chairman Ratan Tata told shareholders on Wednesday.</p>
<p>Small car production is expected to begin by end 1998.  </p>
<p>Tata said he expected the Indian small car market size to be 600,000 to 700,000 a year by 2000.</p>
<p>The total Indian car market is expected to grow to between 800,000 and one million by 2000, he told shareholders at an annual general meeting on Wednesday.</p>
<p>Tata said TELCO earmarked 17.0 billion rupees for the small car project out of a projected 45.0 billion capital expenditure plan for the company until 2000.</p>
<p>He said about 55 percent of the 45 billion rupees will be raised through internal accruals and the balance mostly through borrowings.</p>
<p>TELCO plans to launch a small car, tentatively christened &quot;Indicar&quot;, to take on Maruti 800, India's largest selling car which is produced by Maruti Udyog, a joint venture of Suzuki Motor of Japan and the Indian government.</p>
<p>TELCO is India's largest truck maker.</p>
<p>-- Bombay newsroom +91-22-265 9000</p>
</text>
<copyright>(c) Reuters Limited 1997</copyright>
<metadata>
<codes class="bip:countries:1.0">
  <code code="INDIA">
    <editdetail attribution="Reuters BIP Coding Group" action="confirmed" date="1997-07-30"/>
  </code>
</codes>
<codes class="bip:industries:1.0">
  <code code="I35101">
    <editdetail attribution="Reuters BIP Coding Group" action="confirmed" date="1997-07-30"/>
  </code>
  <code code="I36200">
    <editdetail attribution="Reuters BIP Coding Group" action="confirmed" date="1997-07-30"/>
  </code>
</codes>
<codes class="bip:topics:1.0">
  <code code="C21">
    <editdetail attribution="Reuters BIP Coding Group" action="confirmed" date="1997-07-30"/>
  </code>
  <code code="C24">
    <editdetail attribution="Reuters BIP Coding Group" action="confirmed" date="1997-07-30"/>
  </code>
  <code code="CCAT">
    <editdetail attribution="Reuters BIP Coding Group" action="confirmed" date="1997-07-30"/>
  </code>
</codes>
<dc element="dc.date.created" value="1997-07-30"/>
<dc element="dc.publisher" value="Reuters Holdings Plc"/>
<dc element="dc.date.published" value="1997-07-30"/>
<dc element="dc.source" value="Reuters"/>
<dc element="dc.creator.location" value="BOMBAY"/>
<dc element="dc.creator.location.country.name" value="INDIA"/>
<dc element="dc.source" value="Reuters"/>
</metadata>
</newsitem>
