<?xml version="1.0" encoding="iso-8859-1" ?>
<newsitem itemid="659410" id="root" date="1997-06-13" xml:lang="en">
<title>USA: FINAL PRICING -- King County, Wash..</title>
<headline>FINAL PRICING -- King County, Wash..</headline>
<text>
<p>CDP-King County III</p>
<p>RE: $78,275,000</p>
<p>Lease Revenue Bonds, 1997</p>
<p>(King Street Center Project)</p>
<p>WRITTEN AWARD.</p>
<p>MOODY'S: Aaa		   S&amp;P: AAA	MBIA INSURED</p>
<p>DATED: 06/01/1997	    FIRST COUPON: 12/01/1997</p>
<p>DUE: 06/01</p>
<p> MATURITY		AMOUNT     COUPON	   PRICE</p>
<p>06/01/2002		  285M    4.50  %	  4.60</p>
<p>06/01/2003		1,760M    4.60  %	  4.70</p>
<p>06/01/2004		1,845M    4.70  %	  4.75</p>
<p>06/01/2005		1,935M    4.70  %	  4.80</p>
<p>06/01/2006		2,030M    4.80  %	  4.85</p>
<p>06/01/2007		2,130M    4.80  %	  4.90</p>
<p>06/01/2008		2,235M    5.00  %	100.00</p>
<p>06/01/2009		2,350M    5.00  %	  5.10</p>
<p>06/01/2010		2,470M    5.00  %	  5.20</p>
<p>06/01/2011		2,600M    5.125 %	  5.30</p>
<p>06/01/2012		2,735M    5.00  %	  5.35</p>
<p>06/01/2017	     15,975M    5.125 %	  5.50</p>
<p>						  (Approx. $ Price 95.489)</p>
<p>06/01/2026	     39,925M    5.25  %	  5.58</p>
<p>						  (Approx. $ Price 95.285)</p>
<p>CALL FEATURES: 06/01/2007    101.00</p>
<p>		   DTP 06/01/2009</p>
<p>The compliance addendum MSRB Rule G-11 will apply.</p>
<p>Delivery is firm for June 26, 1997.</p>
<p>This issue is book entry.  DTC is pending.</p>
<p>     Award:		  06/13/1997</p>
<p>     Delivery:	     06/26/1997 (Firm)</p>
<p>Date of Execution:  06/16/1997</p>
<p>     Time of Execution:   9:00AM Eastern</p>
<p>	     MATURITY			     CUSIP</p>
<p>	     --------			     -----</p>
<p>	    06/01/2002			  14983NAB7</p>
<p>	    06/01/2003			  14983NAC5</p>
<p>	    06/01/2004			  14983NAD3</p>
<p>	    06/01/2005			  14983NAE1</p>
<p>	    06/01/2006			  14983NAF8</p>
<p>	    06/01/2007			  14983NAG6</p>
<p>	    06/01/2008			  14983NAH4</p>
<p>	    06/01/2009			  14983NAJ0</p>
<p>	    06/01/2010			  14983NAK7</p>
<p>	    06/01/2011			  14983NAL5</p>
<p>	    06/01/2012			  14983NAM3</p>
<p>	    06/01/2017			  14983NAS0</p>
<p>	    06/01/2026			  14983NBB6</p>
<p>Lehman Brothers</p>
<p>Seattle-First National Bank</p>
<p>Artemis Capital Group, Inc.</p>
<p>--U.S. Municipal Desk, 212-859-1650</p>
</text>
<copyright>(c) Reuters Limited 1997</copyright>
<metadata>
<codes class="bip:countries:1.0">
  <code code="USA">
    <editdetail attribution="Reuters BIP Coding Group" action="confirmed" date="1997-06-13"/>
  </code>
</codes>
<codes class="bip:topics:1.0">
  <code code="E21">
    <editdetail attribution="Reuters BIP Coding Group" action="confirmed" date="1997-06-13"/>
  </code>
  <code code="E212">
    <editdetail attribution="Reuters BIP Coding Group" action="confirmed" date="1997-06-13"/>
  </code>
  <code code="ECAT">
    <editdetail attribution="Reuters BIP Coding Group" action="confirmed" date="1997-06-13"/>
  </code>
</codes>
<dc element="dc.publisher" value="Reuters Holdings Plc"/>
<dc element="dc.date.published" value="1997-06-13"/>
<dc element="dc.source" value="Reuters"/>
<dc element="dc.creator.location.country.name" value="USA"/>
<dc element="dc.source" value="Reuters"/>
</metadata>
</newsitem>
