<?xml version="1.0" encoding="iso-8859-1" ?>
<newsitem itemid="652843" id="root" date="1997-06-11" xml:lang="en">
<title>CZECH REPUBLIC: CZECH CENTRAL BANK DRAINS 2-WK LIQUIDITY AT 29 PCT.</title>
<headline>CZECH CENTRAL BANK DRAINS 2-WK LIQUIDITY AT 29 PCT.</headline>
<dateline>PRAGUE 1997-06-11</dateline>
<text>
<p>Yield in a Czech National Bank (CNB) two-week reverse repo tender draining liquidity from the market on Wednesday averaged the maximum set yield of 29 percent, the CNB said.</p>
<p>The central bank said it accepted all bids submitted at that level, but did not provide any details on the amount of liquidity drained.</p>
</text>
<copyright>(c) Reuters Limited 1997</copyright>
<metadata>
<codes class="bip:countries:1.0">
  <code code="CZREP">
    <editdetail attribution="Reuters BIP Coding Group" action="confirmed" date="1997-06-11"/>
  </code>
</codes>
<codes class="bip:topics:1.0">
  <code code="M13">
    <editdetail attribution="Reuters BIP Coding Group" action="confirmed" date="1997-06-11"/>
  </code>
  <code code="M131">
    <editdetail attribution="Reuters BIP Coding Group" action="confirmed" date="1997-06-11"/>
  </code>
  <code code="MCAT">
    <editdetail attribution="Reuters BIP Coding Group" action="confirmed" date="1997-06-11"/>
  </code>
</codes>
<dc element="dc.date.created" value="1997-06-11"/>
<dc element="dc.publisher" value="Reuters Holdings Plc"/>
<dc element="dc.date.published" value="1997-06-11"/>
<dc element="dc.source" value="Reuters"/>
<dc element="dc.creator.location" value="PRAGUE"/>
<dc element="dc.creator.location.country.name" value="CZECH REPUBLIC"/>
<dc element="dc.source" value="Reuters"/>
</metadata>
</newsitem>
