<?xml version="1.0" encoding="iso-8859-1" ?>
<newsitem itemid="669496" id="root" date="1997-06-18" xml:lang="en">
<title>TANZANIA: Tanzania refugee population totals about 400,000.</title>
<headline>Tanzania refugee population totals about 400,000.</headline>
<dateline>DAR ES SALAAM 1997-06-18</dateline>
<text>
<p>Around 400,000 refugees languish in Tanzania camps after fleeing Burundi and the Democratic Republic of Congo, a senior U.N. refugee agency official said on Wednesday.</p>
<p>About 300,000 have come to camps in western Kigoma region and northwest Ngara from Burundi and 100,000 from the former Zaire, said Lennart Kotsalainen, deputy UNHCR representative in Tanzania.</p>
<p>Around 17,000 refugees arrived from Burundi in May and 10,000 were expected in June, while the flow from the Democratic Republic of Congo all but dried up, he said.</p>
<p>&quot;It is of course a concern that there are people coming all the time, but there's been no dramatic increase (from Burundi),&quot; he said.</p>
<p>Ethnic violence in Burundi pits guerrillas of the majority Hutu tribe who comprise about 85 percent of the tiny country against the government's Tutsi-dominated army.</p>
<p>Tens of thousands of Zaireans fled to Tanzania at the start of a rebellion by troops who seized the capital in May and changed the country's name. Thousands now want to return home, UNHCR said.</p>
</text>
<copyright>(c) Reuters Limited 1997</copyright>
<metadata>
<codes class="bip:countries:1.0">
  <code code="BURUN">
    <editdetail attribution="Reuters BIP Coding Group" action="confirmed" date="1997-06-18"/>
  </code>
  <code code="TANZA">
    <editdetail attribution="Reuters BIP Coding Group" action="confirmed" date="1997-06-18"/>
  </code>
  <code code="UN">
    <editdetail attribution="Reuters BIP Coding Group" action="confirmed" date="1997-06-18"/>
  </code>
  <code code="ZAIRE">
    <editdetail attribution="Reuters BIP Coding Group" action="confirmed" date="1997-06-18"/>
  </code>
</codes>
<codes class="bip:topics:1.0">
  <code code="GCAT">
    <editdetail attribution="Reuters BIP Coding Group" action="confirmed" date="1997-06-18"/>
  </code>
  <code code="GDIP">
    <editdetail attribution="Reuters BIP Coding Group" action="confirmed" date="1997-06-18"/>
  </code>
  <code code="GPOL">
    <editdetail attribution="Reuters BIP Coding Group" action="confirmed" date="1997-06-18"/>
  </code>
  <code code="GVIO">
    <editdetail attribution="Reuters BIP Coding Group" action="confirmed" date="1997-06-18"/>
  </code>
  <code code="GWELF">
    <editdetail attribution="Reuters BIP Coding Group" action="confirmed" date="1997-06-18"/>
  </code>
</codes>
<dc element="dc.date.created" value="1997-06-18"/>
<dc element="dc.publisher" value="Reuters Holdings Plc"/>
<dc element="dc.date.published" value="1997-06-18"/>
<dc element="dc.source" value="Reuters"/>
<dc element="dc.creator.location" value="DAR ES SALAAM"/>
<dc element="dc.creator.location.country.name" value="TANZANIA"/>
<dc element="dc.source" value="Reuters"/>
</metadata>
</newsitem>
