<?xml version="1.0" encoding="iso-8859-1" ?>
<newsitem itemid="674450" id="root" date="1997-06-19" xml:lang="en">
<title>UK: TABLE - Jarvis Hotels pretax profit rises.</title>
<headline>TABLE - Jarvis Hotels pretax profit rises.</headline>
<dateline>LONDON 1997-06-19</dateline>
<text>
<p>Year to March 29, 1997.</p>
<p>			   (million stg unless stated)</p>
<p> Shr (pence) *		13.7		 vs   10.7</p>
<p> Dividend (pence)	    2.0		 vs    n/a</p>
<p> Total dividend (pence)*   3.0		 vs    n/a</p>
<p> Pretax			 24.1		 vs   18.6</p>
<p> Turnover		    118.2		 vs  101.7</p>
<p>Note: The company has been listed for nine months to March, 1997. *While the earnings per share has been annualised the total dividend is for the nine-month period.</p>
<p>Full company name - Jarvis Hotels Plc.</p>
<p>--London Newsroom +44 171 542 4366</p>
</text>
<copyright>(c) Reuters Limited 1997</copyright>
<metadata>
<codes class="bip:countries:1.0">
  <code code="UK">
    <editdetail attribution="Reuters BIP Coding Group" action="confirmed" date="1997-06-19"/>
  </code>
</codes>
<codes class="bip:industries:1.0">
  <code code="I66500">
    <editdetail attribution="Reuters BIP Coding Group" action="confirmed" date="1997-06-19"/>
  </code>
</codes>
<codes class="bip:topics:1.0">
  <code code="C15">
    <editdetail attribution="Reuters BIP Coding Group" action="confirmed" date="1997-06-19"/>
  </code>
  <code code="C151">
    <editdetail attribution="Reuters BIP Coding Group" action="confirmed" date="1997-06-19"/>
  </code>
  <code code="C1511">
    <editdetail attribution="Reuters BIP Coding Group" action="confirmed" date="1997-06-19"/>
  </code>
  <code code="CCAT">
    <editdetail attribution="Reuters BIP Coding Group" action="confirmed" date="1997-06-19"/>
  </code>
</codes>
<dc element="dc.date.created" value="1997-06-19"/>
<dc element="dc.publisher" value="Reuters Holdings Plc"/>
<dc element="dc.date.published" value="1997-06-19"/>
<dc element="dc.source" value="Reuters"/>
<dc element="dc.creator.location" value="LONDON"/>
<dc element="dc.creator.location.country.name" value="UK"/>
<dc element="dc.source" value="Reuters"/>
</metadata>
</newsitem>
