<?xml version="1.0" encoding="iso-8859-1" ?>
<newsitem itemid="460660" id="root" date="1997-03-21" xml:lang="en">
<title>USA: Wall Street stocks seen higher at start.</title>
<headline>Wall Street stocks seen higher at start.</headline>
<dateline>NEW YORK 1997-03-21</dateline>
<text>
<p>Wall Street stocks are expected to move higher at the open on Friday, but trading will be cautious amid triple witching expirations and caution before next week's Federal Open Markets Committee monetary policy meeting.</p>
<p>&quot;We have all but resolved that the Federal Reserve will hike interest rates,&quot; said Larry Wachtel, analyst at Prudential Securities. &quot;At this point, it will be a major surprise if the Fed does not tighten.&quot;</p>
</text>
<copyright>(c) Reuters Limited 1997</copyright>
<metadata>
<codes class="bip:countries:1.0">
  <code code="USA">
    <editdetail attribution="Reuters BIP Coding Group" action="confirmed" date="1997-03-21"/>
  </code>
</codes>
<codes class="bip:topics:1.0">
  <code code="C13">
    <editdetail attribution="Reuters BIP Coding Group" action="confirmed" date="1997-03-21"/>
  </code>
  <code code="E12">
    <editdetail attribution="Reuters BIP Coding Group" action="confirmed" date="1997-03-21"/>
  </code>
  <code code="M11">
    <editdetail attribution="Reuters BIP Coding Group" action="confirmed" date="1997-03-21"/>
  </code>
</codes>
<dc element="dc.date.created" value="1997-03-21"/>
<dc element="dc.publisher" value="Reuters Holdings Plc"/>
<dc element="dc.date.published" value="1997-03-21"/>
<dc element="dc.source" value="Reuters"/>
<dc element="dc.creator.location" value="NEW YORK"/>
<dc element="dc.creator.location.country.name" value="USA"/>
<dc element="dc.source" value="Reuters"/>
</metadata>
</newsitem>
