<?xml version="1.0" encoding="iso-8859-1" ?>
<newsitem itemid="747174" id="root" date="1997-07-22" xml:lang="en">
<title>GERMANY: Merged Bavarian bank seeks top credit rating.</title>
<headline>Merged Bavarian bank seeks top credit rating.</headline>
<dateline>MUNICH, Germany 1997-07-22</dateline>
<text>
<p>The head of Bayersiche Vereinsbank said on Tuesday that the new bank resulting from the merger between Vereinsbank and Bayerische Hypotheken- und Wechsel-Bank should get a top rating.</p>
<p>Vereinsbank management board chairman Albrecht Schmidt an annoucement that U.S. rating agency Moody's would examine Vereinsbank's ratings.</p>
<p>Moody's said it would be examining ratings after the news on Monday that Vereinsbank would merge with Hypo-Bank into a German banking giant second only to Deutsche Bank AG.</p>
<p>Schmidt also welcomed Moody's announcement that it had left its rating of Vereinsbank mortgage bonds unchanged at AAA.</p>
<p>The importance of the merger between the two Bavarian banks meant that an examination of ratings was necessary, Schmidt said, and Vereinsbank would do everything to convince Moody's of the quality of the new bank.</p>
<p>The new bank resulting from the merger &quot;deserves the same good rating that Vereinsbank has enjoyed until now,&quot; he said.</p>
<p>--Frankfurt Newsroom +49 69 756525</p>
</text>
<copyright>(c) Reuters Limited 1997</copyright>
<metadata>
<codes class="bip:countries:1.0">
  <code code="GFR">
    <editdetail attribution="Reuters BIP Coding Group" action="confirmed" date="1997-07-22"/>
  </code>
</codes>
<codes class="bip:industries:1.0">
  <code code="I81402">
    <editdetail attribution="Reuters BIP Coding Group" action="confirmed" date="1997-07-22"/>
  </code>
</codes>
<codes class="bip:topics:1.0">
  <code code="C17">
    <editdetail attribution="Reuters BIP Coding Group" action="confirmed" date="1997-07-22"/>
  </code>
  <code code="C174">
    <editdetail attribution="Reuters BIP Coding Group" action="confirmed" date="1997-07-22"/>
  </code>
  <code code="C18">
    <editdetail attribution="Reuters BIP Coding Group" action="confirmed" date="1997-07-22"/>
  </code>
  <code code="C181">
    <editdetail attribution="Reuters BIP Coding Group" action="confirmed" date="1997-07-22"/>
  </code>
  <code code="CCAT">
    <editdetail attribution="Reuters BIP Coding Group" action="confirmed" date="1997-07-22"/>
  </code>
</codes>
<dc element="dc.date.created" value="1997-07-22"/>
<dc element="dc.publisher" value="Reuters Holdings Plc"/>
<dc element="dc.date.published" value="1997-07-22"/>
<dc element="dc.source" value="Reuters"/>
<dc element="dc.creator.location" value="MUNICH, Germany"/>
<dc element="dc.creator.location.country.name" value="GERMANY"/>
<dc element="dc.source" value="Reuters"/>
</metadata>
</newsitem>
