<?xml version="1.0" encoding="iso-8859-1" ?>
<newsitem itemid="418402" id="root" date="1997-03-04" xml:lang="en">
<title>PAKISTAN: Karachi port handles 94,313 tonnes cargo.</title>
<headline>Karachi port handles 94,313 tonnes cargo.</headline>
<dateline>KARACHI, Pakistan 1997-03-04</dateline>
<text>
<p>Pakistan's Karachi Port Trust said it had handled 94,313 tonnes of export and import cargo in the 24 hours to 7 a.m. (0200 GMT) on Tuesday, compared to 40,179 tonnes on Monday.</p>
<p>Cargo handling in tonnes:</p>
<p>					    Tuesday	   Previous</p>
<p>    Export cargo			11,505	     5,704</p>
<p>    Import cargo			82,808	    34,475</p>
<p>In the past 24 hours, two ships sailed and four berthed. In the next 24 hours, seven ship was expected to sail and nine were expected to arrive.  </p>
<p>Berthing schedule of major vessels unloading or expected to unload at the Karachi Port:</p>
<p>Commodity		Tonnes/TEUs  Ship	    Berthing</p>
<p>Crude oil		70,000	 Stavros-1	     4/3</p>
<p>Furnace oil	    60,000	 Miraj		   6/3</p>
<p>Rock phosphate	 27,000	 Philadelphia	  5/3</p>
<p>High speed diesel    56,000	 Al-Maqwa		2/3</p>
<p>Palm oil		 16,500	 Bunga Cenderawasih 28/2</p>
<p>Chemicals		 9,900	 Ncc Najd		1/3</p>
<p>Jet fuel		 25,000	 Chilham Cstle	 6/3</p>
<p>-- Karachi newsroom 9221-5685192</p>
</text>
<copyright>(c) Reuters Limited 1997</copyright>
<metadata>
<codes class="bip:countries:1.0">
  <code code="PAKIS">
    <editdetail attribution="Reuters BIP Coding Group" action="confirmed" date="1997-03-04"/>
  </code>
</codes>
<codes class="bip:industries:1.0">
  <code code="I76300">
    <editdetail attribution="Reuters BIP Coding Group" action="confirmed" date="1997-03-04"/>
  </code>
</codes>
<codes class="bip:topics:1.0">
  <code code="C24">
    <editdetail attribution="Reuters BIP Coding Group" action="confirmed" date="1997-03-04"/>
  </code>
  <code code="CCAT">
    <editdetail attribution="Reuters BIP Coding Group" action="confirmed" date="1997-03-04"/>
  </code>
  <code code="M14">
    <editdetail attribution="Reuters BIP Coding Group" action="confirmed" date="1997-03-04"/>
  </code>
  <code code="MCAT">
    <editdetail attribution="Reuters BIP Coding Group" action="confirmed" date="1997-03-04"/>
  </code>
</codes>
<dc element="dc.date.created" value="1997-03-04"/>
<dc element="dc.publisher" value="Reuters Holdings Plc"/>
<dc element="dc.date.published" value="1997-03-04"/>
<dc element="dc.source" value="Reuters"/>
<dc element="dc.creator.location" value="KARACHI, Pakistan"/>
<dc element="dc.creator.location.country.name" value="PAKISTAN"/>
<dc element="dc.source" value="Reuters"/>
</metadata>
</newsitem>
