<?xml version="1.0" encoding="iso-8859-1" ?>
<newsitem itemid="753811" id="root" date="1997-07-24" xml:lang="en">
<title>USA: TABLE - Ionics Inc Q2 shr $0.44 vs $0.40.</title>
<headline>TABLE - Ionics Inc Q2 shr $0.44 vs $0.40.</headline>
<dateline>WATERTOWN, Mass. 1997-07-24</dateline>
<text>
<p>Ionics Reports Record Second Quarter And First Half Results</p>
<p>		     CONSOLIDATED STATEMENTS OF OPERATIONS</p>
<p>		(Amounts in thousands, except per share amounts)</p>
<p>				 Three months ended  Six months ended</p>
<p>						June 30,     June 30,</p>
<p>				   1997	  1996     1997     1996</p>
<p> Revenues		   $87,111     $74,902 $174,213 $152,745</p>
<p>Costs and expenses:</p>
<p> Cost of sales	     58,499	48,930  117,546  101,662</p>
<p>Research and development</p>
<p>				  1,282	 1,199    2,584    2,445</p>
<p>Selling, general</p>
<p>  and administrative     16,717	15,488   33,228   30,455</p>
<p>				 76,498	65,617  153,358  134,562</p>
<p> Income from operations  10,613	 9,285   20,855   18,183</p>
<p> Interest income		 47	   116	 99	292</p>
<p> Equity income		  192	   143	301	219</p>
<p>Income before income taxes</p>
<p>				 10,852	 9,544   21,255   18,694</p>
<p>Provision for income taxes</p>
<p>				  3,583	 3,104    7,014    6,169</p>
<p> Net income		   7,269	 6,440   14,241   12,525</p>
<p> Earnings per share	   .44	   .40	.87	.78</p>
<p>Shares used in earnings per</p>
<p> share calculations	16,448	16,097   16,426   16,041</p>
<p> Backlog		    175,630     188,864</p>
<p>IONICS REPORTS RECORD SECOND QUARTER AND FIRST HALF RESULTS</p>
<p>			    CONSOLIDATED BALANCE SHEETS</p>
<p>				 (Amounts in thousands)</p>
<p>					   Jun 30,	   Dec 31,</p>
<p>						1997		1996</p>
<p>Current assets:</p>
<p> Cash and cash equivalents	 $20,466	   $12,269</p>
<p> Notes receivable, current	   3,533	     3,496</p>
<p> Accounts receivable		  88,997	    91,392</p>
<p>Receivables from</p>
<p>  affiliated companies		 2,985	     2,999</p>
<p> Inventories			    26,793	    26,000</p>
<p> Other current assets		  5,494	     8,266</p>
<p> Total current assets		148,268	   144,422</p>
<p> Notes receivable, long-term	 7,914	     7,737</p>
<p> Investments in affiliated companies3,011	    2,908</p>
<p>Property, plant and equipment,</p>
<p>  net				    185,265	   185,817</p>
<p> Other assets			   37,470	    37,705</p>
<p> Total assets			  381,928	   378,589</p>
<p>Current liabilities:</p>
<p>Notes payable and current</p>
<p>portion of</p>
<p>  long-term debt			 5,654	    11,513</p>
<p> Accounts payable		     23,045	    28,988</p>
<p> Other current liabilities	  30,808	    27,672</p>
<p> Taxes on income			 4,859		 ---</p>
<p> Total current liabilities	  64,366	    68,173</p>
<p> Long-term debt and notes payable     85	     2,132</p>
<p> Deferred income taxes		 8,742	    14,422</p>
<p> Other liabilities		     1,297	     1,645</p>
<p> Stockholders' equity		307,438	   292,217</p>
<p>Total liabilities and</p>
<p>  stockholders' equity	     381,928	   378,589</p>
<p>SOURCE  Ionics, Inc.</p>
<p>-- New York Newsdesk 212 859-1610</p>
</text>
<copyright>(c) Reuters Limited 1997</copyright>
<metadata>
<codes class="bip:countries:1.0">
  <code code="USA">
    <editdetail attribution="Reuters BIP Coding Group" action="confirmed" date="1997-07-24"/>
  </code>
</codes>
<codes class="bip:industries:1.0">
  <code code="I32000">
    <editdetail attribution="Reuters BIP Coding Group" action="confirmed" date="1997-07-24"/>
  </code>
</codes>
<codes class="bip:topics:1.0">
  <code code="C15">
    <editdetail attribution="Reuters BIP Coding Group" action="confirmed" date="1997-07-24"/>
  </code>
  <code code="C151">
    <editdetail attribution="Reuters BIP Coding Group" action="confirmed" date="1997-07-24"/>
  </code>
  <code code="CCAT">
    <editdetail attribution="Reuters BIP Coding Group" action="confirmed" date="1997-07-24"/>
  </code>
</codes>
<dc element="dc.date.created" value="1997-07-24"/>
<dc element="dc.publisher" value="Reuters Holdings Plc"/>
<dc element="dc.date.published" value="1997-07-24"/>
<dc element="dc.source" value="Reuters"/>
<dc element="dc.creator.location" value="WATERTOWN, Mass."/>
<dc element="dc.creator.location.country.name" value="USA"/>
<dc element="dc.source" value="Reuters"/>
</metadata>
</newsitem>
