<?xml version="1.0" encoding="iso-8859-1" ?>
<newsitem itemid="4289" id="root" date="1996-08-20" xml:lang="en">
<title>USA: Microsoft seen closing in on Netscape.</title>
<headline>Microsoft seen closing in on Netscape.</headline>
<byline>Martin Wolk</byline>
<dateline>SEATTLE 1996-08-20</dateline>
<text>
<p>After arriving late to the Internet party, computer software giant Microsoft Corp has crafted a strategy that poses a serious threat to rival Netscape Communications Corp.</p>
<p>The latest version of Microsoft's Internet Explorer software for browsing the vast computer network, launched last week, eliminates the formerly commanding technological lead Netscape's market-leading Navigator, industry analysts said.  </p>
<p>Because Microsoft is giving away its browser, the Redmond, Wash.-based company likely will boost its market share from less than 10 percent to as much as 40 percent by mid-1997, according to one estimate.</p>
<p>The market battle is expected to escalate next year when Microsoft launches a new version of its browser that can be used instead of the Windows interface, allowing users to search for information on their own computer or the Internet with a single stroke.  </p>
<p>&quot;Netscape doesn't own the operating system, so it will be very difficult for them to counter that,&quot; said Michael Wallace of UBS Secrurities.</p>
<p>Microsoft also has integrated Internet server software for no additional cost into its high-end Windows NT operating system, taking aim at another key Netscape market.</p>
<p>&quot;It's clearly a strategy to cut off any revenue stream that Netscape might have because Netscape does pose a real threat to Microsoft,&quot; said Phil Lemmons, editor in chief of PC World magazine.  </p>
<p>While the Internet browser market itself is not expected to generate significant revenue, it is a crucial battleground because the browser is seen as the next-generation &quot;front end&quot; for the operating system.</p>
<p>&quot;Whoever dominates the browser market will determine the direction of the Internet,&quot; Wallace said.</p>
<p>He and others are betting that Microsoft will continue to make inroads as its Chairman Bill Gates tenaciously defends the company's dominance of the personal computer desktop.  </p>
<p>&quot;I don't think Netscape is going to do very well in the long run with Bill Gates waking up every morning thinking, 'How can I get Netscape today?'&quot; said Adam Schoenfeld or research firm Jupiter Communications.</p>
<p>&quot;As other companies have painfully learned, when Gates is out to get you he's serious,&quot; Schoenfeld said.</p>
<p>Netscape can count on support from software developers and corporate executives eager for an alternative to Microsoft's Windows platform.  </p>
<p>And Netscape has a chance to beat its much-larger rival in areas not dominated by Microsoft products, such as television set-top boxes, video game devices and stripped-down &quot;network computers&quot; being backed by Oracle Corp and other Microsoft rivals.</p>
<p>But analysts say Netscape faces a tough battle with broad ramifications for the software industry.</p>
<p>&quot;It's very hard to bet against them given the amount of resources that they can and are throwing at it,&quot; Lemmons said. &quot;Microsoft is a formidable foe, and there's nothing so deep and mysterious about Netscape's technology that it can't be cloned.&quot;  </p>
<p>Lemmons said that despite Microsoft's near-monopoly in key areas of desktop computing software, the strategy of giving away Internet software appears to be legal, and the company has withstood years of antitrust scrutiny.</p>
<p>Software developers and industry executives will be watching closely as the battle between Microsoft and Netscape continues to heat up over the coming year, Schoenfeld said.</p>
<p>&quot;The question for any innovative software company is what can you do that Microsoft can't also do,&quot; he said.</p>
<p>&quot;The damning thing is Microsoft doesn't even have to do it as well -- they just have to do it and leverage their desktop control,&quot; Schoenfeld said. &quot;That looms over the entire industry.&quot;</p>
<p>					-- Seattle bureau 206-386-4848</p>
</text>
<copyright>(c) Reuters Limited 1996</copyright>
<metadata>
<codes class="bip:countries:1.0">
  <code code="USA">
    <editdetail attribution="Reuters BIP Coding Group" action="confirmed" date="1996-08-20"/>
  </code>
</codes>
<codes class="bip:industries:1.0">
  <code code="I33020">
    <editdetail attribution="Reuters BIP Coding Group" action="confirmed" date="1996-08-20"/>
  </code>
  <code code="I3302020">
    <editdetail attribution="Reuters BIP Coding Group" action="confirmed" date="1996-08-20"/>
  </code>
</codes>
<codes class="bip:topics:1.0">
  <code code="C22">
    <editdetail attribution="Reuters BIP Coding Group" action="confirmed" date="1996-08-20"/>
  </code>
  <code code="C31">
    <editdetail attribution="Reuters BIP Coding Group" action="confirmed" date="1996-08-20"/>
  </code>
  <code code="C313">
    <editdetail attribution="Reuters BIP Coding Group" action="confirmed" date="1996-08-20"/>
  </code>
  <code code="C34">
    <editdetail attribution="Reuters BIP Coding Group" action="confirmed" date="1996-08-20"/>
  </code>
  <code code="CCAT">
    <editdetail attribution="Reuters BIP Coding Group" action="confirmed" date="1996-08-20"/>
  </code>
</codes>
<dc element="dc.date.created" value="1996-08-20"/>
<dc element="dc.publisher" value="Reuters Holdings Plc"/>
<dc element="dc.date.published" value="1996-08-20"/>
<dc element="dc.source" value="Reuters"/>
<dc element="dc.creator.location" value="SEATTLE"/>
<dc element="dc.creator.location.country.name" value="USA"/>
<dc element="dc.source" value="Reuters"/>
</metadata>
</newsitem>
