<?xml version="1.0" encoding="iso-8859-1" ?>
<newsitem itemid="169573" id="root" date="1996-11-06" xml:lang="en">
<title>PHILIPPINES: Philippine top firms nine months results.</title>
<headline>Philippine top firms nine months results.</headline>
<text>
<p>The table lists nine months (Jan to Sept) net income in pesos million</p>
<p>			  -----------------</p>
<p>AYALA CORP</p>
<p>	9-mths 1996	   9-mths 1995	Full-yr 1995</p>
<p>	 4,950.0		Not available	5,483.0</p>
<p>			  -----------------</p>
<p>AYALA LAND</p>
<p>	9-mths 1996	   9-mths 1995	Full-yr 1995</p>
<p>	 3,270.0		 2,430.0	     3,108.0</p>
<p>			  -----------------</p>
<p>BANK OF THE PHILIPPINE ISLANDS</p>
<p>	9-mths 1996	   9-mths 1995	Full-yr 1995</p>
<p>	 2,470.0		Not available	1,986.0</p>
<p>BPI merged with Citytrust Banking Corp in Oct</p>
<p>			  -----------------</p>
<p>METROPOLITAN BANK &amp; TRUST CO</p>
<p>	9-mths 1996	   9-mths 1995	Full-yr 1995</p>
<p>	 3,189.00		2,286.00	    3,502.0</p>
<p>			  -----------------</p>
<p>PHILIPPINE NATIONAL BANK</p>
<p>	9-mths 1996	   9-mths 1995	Full-yr 1995</p>
<p>	   993.00	     Not available	2,058.0</p>
<p>	 3,433.00 (inclusive of extraordinary gains)</p>
<p>			  -----------------</p>
<p>PHILIPPINE LONG DISTANCE TELEPHONE CO</p>
<p>	9-mths 1996	   9-mths 1995	Full-yr 1995</p>
<p>	 4,670.2		 4,693.2	     5,751.0</p>
<p>(1995 figure includes an extraordinary gain of 1.154 bln pesos)</p>
<p>			  -----------------</p>
<p>PILIPINO TELEPHONE CORP</p>
<p>	9-mths 1996	   9-mths 1995	Full-yr 1995</p>
<p>	   722.4		   568.2		 822.1</p>
<p>			  -----------------</p>
<p>RFM CORP</p>
<p>	9-mths 1996	   9-mths 1995	Full-yr 1995</p>
<p>	   346.8		   419.5		 620.6</p>
<p>			  -----------------</p>
<p>FILINVEST DEVELOPMENT CORP</p>
<p>	9-mths 1996	   9-mths 1995	Full-yr 1995</p>
<p>	 2,900.0		   442.0		 910.0</p>
<p>			  -----------------</p>
<p>FILINVEST LAND INC</p>
<p>	9-mths 1996	   9-mths 1995	Full-yr 1995</p>
<p>	 1,400.0		   657.0	     1,010.0</p>
<p>			  -----------------</p>
<p>MEGAWORLD PROPERTIES AND HOLDINGS INC</p>
<p>	9-mths 1996	   9-mths 1995	Full-yr 1995</p>
<p>	 2,086.0		   619.0		 957.6</p>
<p>			  -----------------</p>
<p>EMPIRE EAST LAND HOLDINGS</p>
<p>	9-mths 1996	   9-mths 1995	Full-yr 1995</p>
<p>	 1,006.0		   360.0		 558.1</p>
<p>			  -----------------</p>
<p>BENPRES HOLDINGS CORPORATION</p>
<p>	9-mths 1996	   9-mths 1995	Full-yr 1995</p>
<p>	 1,590.0		 1,180.0	     1,616.0</p>
<p>			  -----------------</p>
<p>METRO PACIFIC CORP</p>
<p>	9-mths 1996	   9-mths 1995	Full-yr 1995</p>
<p>	   590.5	     Not available	   513.3</p>
<p>			  -----------------</p>
<p>SAN MIGUEL CORP</p>
<p>	9-mths 1996	   9-mths 1995	Full-yr 1995</p>
<p>(Includes extraordinary gains)</p>
<p>	 3,740.0		 4,200.0	     5,835.0</p>
<p>(Excludes extraordinary gains)</p>
<p>	 2,990.0		 3,900.0</p>
<p>			  -----------------</p>
<p>MANILA ELECTRIC CO (MERALCO)</p>
<p>	9-mths 1996	   9-mths 1995	Full-yr 1995</p>
<p>	 3,782.0		 3,339.0	     4,210.0</p>
<p>			  -----------------</p>
<p>SM PRIME HOLDINGS</p>
<p>	9-mths 1996	   9-mths 1995	Full-yr 1995</p>
<p>	 1,334.0		 1,021.0	     1,510.0</p>
<p>			  -----------------</p>
<p>C&amp;P HOMES</p>
<p>	9-mths 1996	   9-mths 1995	Full-yr 1995</p>
<p>	 2,007.0		 1,421.0	     2,011.0</p>
<p>			  -----------------</p>
<p>JOLLIBEE FOODS CORP</p>
<p>	9-mths 1996	   9-mths 1995	Full-yr 1995</p>
<p>	   410.125		  352.171	    537.4</p>
<p>			  -----------------</p>
<p>ABS-CBN</p>
<p>	9-mths 1996	   9-mths 1995	Full-yr 1995</p>
<p>	 1,090.0		    931.7	    1,251.0</p>
<p>			  -----------------</p>
<p>PETRON CORP</p>
<p>	9-mths 1996	   9-mths 1995	Full-yr 1995</p>
<p>	 2,700.0		 1,979.0	     4,020.0</p>
<p>			  -----------------</p>
<p>At the end of the nine-months results reporting season, Reuters will do full-year results consensus forecasts. If you wish to contribute your full-year forecast for any of the companies in the table above, please call the newsroom on (632) 841 8934.</p>
</text>
<copyright>(c) Reuters Limited 1996</copyright>
<metadata>
<codes class="bip:countries:1.0">
  <code code="PHLNS">
    <editdetail attribution="Reuters BIP Coding Group" action="confirmed" date="1996-11-06"/>
  </code>
</codes>
<codes class="bip:industries:1.0">
  <code code="I16100">
    <editdetail attribution="Reuters BIP Coding Group" action="confirmed" date="1996-11-06"/>
  </code>
  <code code="I41000">
    <editdetail attribution="Reuters BIP Coding Group" action="confirmed" date="1996-11-06"/>
  </code>
  <code code="I42700">
    <editdetail attribution="Reuters BIP Coding Group" action="confirmed" date="1996-11-06"/>
  </code>
  <code code="I50100">
    <editdetail attribution="Reuters BIP Coding Group" action="confirmed" date="1996-11-06"/>
  </code>
  <code code="I5010022">
    <editdetail attribution="Reuters BIP Coding Group" action="confirmed" date="1996-11-06"/>
  </code>
  <code code="I79020">
    <editdetail attribution="Reuters BIP Coding Group" action="confirmed" date="1996-11-06"/>
  </code>
  <code code="I81402">
    <editdetail attribution="Reuters BIP Coding Group" action="confirmed" date="1996-11-06"/>
  </code>
  <code code="I83960">
    <editdetail attribution="Reuters BIP Coding Group" action="confirmed" date="1996-11-06"/>
  </code>
  <code code="I85000">
    <editdetail attribution="Reuters BIP Coding Group" action="confirmed" date="1996-11-06"/>
  </code>
</codes>
<codes class="bip:topics:1.0">
  <code code="C15">
    <editdetail attribution="Reuters BIP Coding Group" action="confirmed" date="1996-11-06"/>
  </code>
  <code code="C151">
    <editdetail attribution="Reuters BIP Coding Group" action="confirmed" date="1996-11-06"/>
  </code>
  <code code="CCAT">
    <editdetail attribution="Reuters BIP Coding Group" action="confirmed" date="1996-11-06"/>
  </code>
</codes>
<dc element="dc.publisher" value="Reuters Holdings Plc"/>
<dc element="dc.date.published" value="1996-11-06"/>
<dc element="dc.source" value="Reuters"/>
<dc element="dc.creator.location.country.name" value="PHILIPPINES"/>
<dc element="dc.source" value="Reuters"/>
</metadata>
</newsitem>
