<?xml version="1.0" encoding="iso-8859-1" ?>
<newsitem itemid="720042" id="root" date="1997-07-10" xml:lang="en">
<title>USA: TABLE- Delta Air June load factor rises.</title>
<headline>TABLE- Delta Air June load factor rises.</headline>
<dateline>ATLANTA, Ga. 1997-07-10</dateline>
<text>
<p>DELTA AIR LINES INC JUNE TRAFFIC</p>
<p>     JUNE				    1997		  1996</p>
<p> Load factor - percent		 77.77	     76.59</p>
<p> Revenue passenger miles	 9,036,002	 8,624,392</p>
<p> Available seat miles	   11,619,481	11,261,104</p>
<p>YEAR-TO-DATE</p>
<p> Load factor - percent		 71.74	     69.29</p>
<p> Revenue passenger miles	48,954,600	45,129,360</p>
<p> Available seat miles	   68,235,277	65,133,253</p>
<p>(Revenue Passanger Miles s and Available Seat Miles 000s)</p>
<p>Note: Passengers boarded for June 9,145,385 vs 8,687,456.</p>
</text>
<copyright>(c) Reuters Limited 1997</copyright>
<metadata>
<codes class="bip:countries:1.0">
  <code code="USA">
    <editdetail attribution="Reuters BIP Coding Group" action="confirmed" date="1997-07-10"/>
  </code>
</codes>
<codes class="bip:industries:1.0">
  <code code="I75000">
    <editdetail attribution="Reuters BIP Coding Group" action="confirmed" date="1997-07-10"/>
  </code>
</codes>
<codes class="bip:topics:1.0">
  <code code="C31">
    <editdetail attribution="Reuters BIP Coding Group" action="confirmed" date="1997-07-10"/>
  </code>
  <code code="CCAT">
    <editdetail attribution="Reuters BIP Coding Group" action="confirmed" date="1997-07-10"/>
  </code>
</codes>
<dc element="dc.date.created" value="1997-07-10"/>
<dc element="dc.publisher" value="Reuters Holdings Plc"/>
<dc element="dc.date.published" value="1997-07-10"/>
<dc element="dc.source" value="Reuters"/>
<dc element="dc.creator.location" value="ATLANTA, Ga."/>
<dc element="dc.creator.location.country.name" value="USA"/>
<dc element="dc.source" value="Reuters"/>
</metadata>
</newsitem>
