<?xml version="1.0" encoding="iso-8859-1" ?>
<newsitem itemid="38117" id="root" date="1996-09-06" xml:lang="en">
<title>USA: EDS CEO comfortable with Q3 estimates.</title>
<headline>EDS CEO comfortable with Q3 estimates.</headline>
<dateline>HOUSTON 1996-09-06</dateline>
<text>
<p>Electronic Data Systems (EDS) Corp chairman and chief executive officer Lester Alberthal said he was &quot;comfortable&quot; with consensus estimates that the company will earn $0.55 per share in the third quarter.</p>
<p>&quot;We're still comfortable with where the analysts are,&quot; he told Reuters after a speech to the Japan-U.S. Southern Conference here.</p>
<p>Alberthal said the Dallas-based data processing firm, which was spun off from General Motors Corp in June, planned to do &quot;a lot of smaller acquisitions that are geographically focused, industry focused, or (offer a) particular talent or expertise.</p>
<p>&quot;It's got to be an expansion or extension of what we do. But there aren't that many opportunities out there as far as acquisitions now,&quot; he said.</p>
</text>
<copyright>(c) Reuters Limited 1996</copyright>
<metadata>
<codes class="bip:countries:1.0">
  <code code="USA">
    <editdetail attribution="Reuters BIP Coding Group" action="confirmed" date="1996-09-06"/>
  </code>
</codes>
<codes class="bip:industries:1.0">
  <code code="I83940">
    <editdetail attribution="Reuters BIP Coding Group" action="confirmed" date="1996-09-06"/>
  </code>
</codes>
<codes class="bip:topics:1.0">
  <code code="C15">
    <editdetail attribution="Reuters BIP Coding Group" action="confirmed" date="1996-09-06"/>
  </code>
  <code code="C152">
    <editdetail attribution="Reuters BIP Coding Group" action="confirmed" date="1996-09-06"/>
  </code>
  <code code="CCAT">
    <editdetail attribution="Reuters BIP Coding Group" action="confirmed" date="1996-09-06"/>
  </code>
</codes>
<dc element="dc.date.created" value="1996-09-06"/>
<dc element="dc.publisher" value="Reuters Holdings Plc"/>
<dc element="dc.date.published" value="1996-09-06"/>
<dc element="dc.source" value="Reuters"/>
<dc element="dc.creator.location" value="HOUSTON"/>
<dc element="dc.creator.location.country.name" value="USA"/>
<dc element="dc.source" value="Reuters"/>
</metadata>
</newsitem>
