<?xml version="1.0" encoding="iso-8859-1" ?>
<newsitem itemid="248164" id="root" date="1996-12-10" xml:lang="en">
<title>INDONESIA: Indonesia. Mauritius sign double taxation accord.</title>
<headline>Indonesia. Mauritius sign double taxation accord.</headline>
<dateline>JAKARTA 1996-12-10</dateline>
<text>
<p>Indonesian Foreign Minister Ali Alatas and the finance minister of Mauritius, Jacques Chasteaau de Balyon, signed an agreement on Tuesday on the avoidance of double taxation and tax dodging between their two countries.</p>
<p>The Indonesian Foreign Ministry said in a statement the agreement would expand and deepen economic relations between the two countries.</p>
<p>The two ministers are taking part in the annual ministerial meeting of the 54-member Organisation of the Islamic Conference (OIC) in Jakarta.</p>
</text>
<copyright>(c) Reuters Limited 1996</copyright>
<metadata>
<codes class="bip:countries:1.0">
  <code code="INDON">
    <editdetail attribution="Reuters BIP Coding Group" action="confirmed" date="1996-12-10"/>
  </code>
  <code code="MAURTS">
    <editdetail attribution="Reuters BIP Coding Group" action="confirmed" date="1996-12-10"/>
  </code>
</codes>
<codes class="bip:topics:1.0">
  <code code="E21">
    <editdetail attribution="Reuters BIP Coding Group" action="confirmed" date="1996-12-10"/>
  </code>
  <code code="E211">
    <editdetail attribution="Reuters BIP Coding Group" action="confirmed" date="1996-12-10"/>
  </code>
  <code code="GDIP">
    <editdetail attribution="Reuters BIP Coding Group" action="confirmed" date="1996-12-10"/>
  </code>
</codes>
<dc element="dc.date.created" value="1996-12-10"/>
<dc element="dc.publisher" value="Reuters Holdings Plc"/>
<dc element="dc.date.published" value="1996-12-10"/>
<dc element="dc.source" value="Reuters"/>
<dc element="dc.creator.location" value="JAKARTA"/>
<dc element="dc.creator.location.country.name" value="INDONESIA"/>
<dc element="dc.source" value="Reuters"/>
</metadata>
</newsitem>
