<?xml version="1.0" encoding="iso-8859-1" ?>
<newsitem itemid="285641" id="root" date="1997-01-03" xml:lang="en">
<title>ISRAEL: PLO officials say Hebron deal not likely soon.</title>
<headline>PLO officials say Hebron deal not likely soon.</headline>
<dateline>GAZA 1997-01-03</dateline>
<text>
<p>Palestinian officials said on Friday an agreement with Israel on the handover of Hebron to Palestinian control was not likely soon.</p>
<p>&quot;Most of the essential points we have not resolved,&quot; a senior Palestinian official, who did not want to be identified, told Reuters. When asked if an agreement on Hebron was far off, the official responded: &quot;Yes.&quot;</p>
</text>
<copyright>(c) Reuters Limited 1997</copyright>
<metadata>
<codes class="bip:countries:1.0">
  <code code="ISRAEL">
    <editdetail attribution="Reuters BIP Coding Group" action="confirmed" date="1997-01-03"/>
  </code>
</codes>
<codes class="bip:topics:1.0">
  <code code="GCAT">
    <editdetail attribution="Reuters BIP Coding Group" action="confirmed" date="1997-01-03"/>
  </code>
  <code code="GPOL">
    <editdetail attribution="Reuters BIP Coding Group" action="confirmed" date="1997-01-03"/>
  </code>
</codes>
<dc element="dc.date.created" value="1997-01-03"/>
<dc element="dc.publisher" value="Reuters Holdings Plc"/>
<dc element="dc.date.published" value="1997-01-03"/>
<dc element="dc.source" value="Reuters"/>
<dc element="dc.creator.location" value="GAZA"/>
<dc element="dc.creator.location.country.name" value="ISRAEL"/>
<dc element="dc.source" value="Reuters"/>
</metadata>
</newsitem>
