<?xml version="1.0" encoding="iso-8859-1" ?>
<newsitem itemid="777126" id="root" date="1997-08-04" xml:lang="en">
<title>SWEDEN: Scania shares rise on brighter H2 outlook.</title>
<headline>Scania shares rise on brighter H2 outlook.</headline>
<dateline>STOCKHOLM 1997-08-04</dateline>
<text>
<p>Shares in Swedish truck maker Scania rose on Monday after the company posted a slightly lower than expected profit after financial items for the first half of 1997 of 1.35 billion crowns but saw a brighter second half.</p>
<p>At 1115 GMT Scania shares were 5.5 higher at 230.5 crowns. The share was trading 0.5 crowns higher ahead of the result and rose as much as seven crowns after the report.</p>
<p>&quot;I think comments about the truck market improving in the second half are pushing the price up,&quot; said Swedbank analyst Mats Liss.</p>
<p>Scania said it expected this improved order intake to have a positive effect on sales in the second half of 1997.</p>
<p>The market has expected Scania to post a profit after financial items of 1.43 billion crowns compared to 2.10 billion crowns in the same period a year ago.</p>
<p>-- Belinda Goldsmith, Stockholm newsroom +6-8-700 1045</p>
</text>
<copyright>(c) Reuters Limited 1997</copyright>
<metadata>
<codes class="bip:countries:1.0">
  <code code="SWED">
    <editdetail attribution="Reuters BIP Coding Group" action="confirmed" date="1997-08-04"/>
  </code>
</codes>
<codes class="bip:industries:1.0">
  <code code="I35102">
    <editdetail attribution="Reuters BIP Coding Group" action="confirmed" date="1997-08-04"/>
  </code>
</codes>
<codes class="bip:topics:1.0">
  <code code="C15">
    <editdetail attribution="Reuters BIP Coding Group" action="confirmed" date="1997-08-04"/>
  </code>
  <code code="C152">
    <editdetail attribution="Reuters BIP Coding Group" action="confirmed" date="1997-08-04"/>
  </code>
  <code code="CCAT">
    <editdetail attribution="Reuters BIP Coding Group" action="confirmed" date="1997-08-04"/>
  </code>
</codes>
<dc element="dc.date.created" value="1997-08-04"/>
<dc element="dc.publisher" value="Reuters Holdings Plc"/>
<dc element="dc.date.published" value="1997-08-04"/>
<dc element="dc.source" value="Reuters"/>
<dc element="dc.creator.location" value="STOCKHOLM"/>
<dc element="dc.creator.location.country.name" value="SWEDEN"/>
<dc element="dc.source" value="Reuters"/>
</metadata>
</newsitem>
