<?xml version="1.0" encoding="iso-8859-1" ?>
<newsitem itemid="385706" id="root" date="1997-02-18" xml:lang="en">
<title>USA: Ballot questions and bond referendums by state.</title>
<headline>Ballot questions and bond referendums by state.</headline>
<dateline>NEW YORK 1997-02-18</dateline>
<text>
<p>The following is a list of upcoming ballot initiatives and measures affecting municipal finance.</p>
<p>P - passed. D - defeated. NA - not available.</p>
<p>FLORIDA</p>
<p>March 25</p>
<p>--Pinellas County, 10-year extension of one-cent sales tax increase for schools.</p>
<p>April 1</p>
<p>--Broward County community of Bonaventure vote on whether to join City of Sunrise or City of Weston.</p>
<p>GEORGIA</p>
<p>March 18</p>
<p>--DeKalb County vote on one-cent sales tax hike to offset rollback in property taxes.</p>
<p>--Spalding County vote on proposal to merge county and City of Griffin governments; one-cent sales tax hike for schools.</p>
<p>--City of Atlanta, one-cent sales tax hike for schools.</p>
<p>--City of Decatur, one-cent sales tax hike for schools.</p>
<p>--Clarke County, one-cent sales tax hike for schools</p>
<p>--Clayton County, one-cent sales tax hike for schools.</p>
<p>--Columbia County, one-cent sales tax hike for schools.</p>
<p>--DeKalb County, one-cent sales tax hike for schools.</p>
<p>--Douglas County, one-cent sales tax hike for schools.</p>
<p>--Fulton County, one-cent sales tax hike for schools.</p>
<p>--Gwinnett County, one-cent sales tax hike for scools.</p>
<p>--Jackson County, one-cent sales tax hike for schools</p>
<p>--Meriwether County, one-cent sales tax hike for schools.</p>
<p>--Paulding County, one-cent sales tax hike for schools.</p>
<p>--Pike County, one-cent sales tax hike for schools. June 17</p>
<p>--Oglethorpe County, five-year extension of special purpose one-cent sales tax increase.</p>
<p>ILLINOIS</p>
<p>Feb 25</p>
<p>--Indian Prarie Community School District 204 (Naperville/Aurora) vote on $109.5 million general obligation bonds.</p>
<p>MISSOURI</p>
<p>April 1</p>
<p>--$100 million Kansas City GOs.</p>
<p>NEW JERSEY</p>
<p>March 11</p>
<p>--Newark votes on extending $11 million guarantee for $22 million Ironbound sportsplex project.</p>
<p>March 18</p>
<p>--$15.9 million Evesham School District bonds for upgrading equipment and expanding instructional space.</p>
<p>--$11.8 million Evesham School District bonds for additions to local elementary schools.</p>
<p>NORTH CAROLINA</p>
<p>May 11</p>
<p>--$50 million Catawba County GO bonds for schools.</p>
<p>May 6</p>
<p>--$71.5 million City of High Point GO bonds for streets and recreation.</p>
<p>SOUTH CAROLINA</p>
<p>March 8</p>
<p>--$12.9 million Lexington County School District 3, GO bonds for schools.</p>
<p>May 3</p>
<p>--$61 million Lexington County School District 1, GO bonds for schools.</p>
<p>SOUTH DAKOTA</p>
<p>March 25</p>
<p>--$31 million GO bonds for Sioux Falls school district.</p>
<p>--U.S. Municipal Desk, 212-859-1650</p>
</text>
<copyright>(c) Reuters Limited 1997</copyright>
<metadata>
<codes class="bip:countries:1.0">
  <code code="USA">
    <editdetail attribution="Reuters BIP Coding Group" action="confirmed" date="1997-02-18"/>
  </code>
</codes>
<codes class="bip:topics:1.0">
  <code code="E21">
    <editdetail attribution="Reuters BIP Coding Group" action="confirmed" date="1997-02-18"/>
  </code>
  <code code="E211">
    <editdetail attribution="Reuters BIP Coding Group" action="confirmed" date="1997-02-18"/>
  </code>
  <code code="E212">
    <editdetail attribution="Reuters BIP Coding Group" action="confirmed" date="1997-02-18"/>
  </code>
  <code code="ECAT">
    <editdetail attribution="Reuters BIP Coding Group" action="confirmed" date="1997-02-18"/>
  </code>
</codes>
<dc element="dc.date.created" value="1997-02-18"/>
<dc element="dc.publisher" value="Reuters Holdings Plc"/>
<dc element="dc.date.published" value="1997-02-18"/>
<dc element="dc.source" value="Reuters"/>
<dc element="dc.creator.location" value="NEW YORK"/>
<dc element="dc.creator.location.country.name" value="USA"/>
<dc element="dc.source" value="Reuters"/>
</metadata>
</newsitem>
