<?xml version="1.0" encoding="iso-8859-1" ?>
<newsitem itemid="589216" id="root" date="1997-05-16" xml:lang="en">
<title>USA: Int'l Family mulls a possible transaction. [CORRECTED 19:00 GMT]</title>
<headline>Int'l Family mulls a possible transaction. [CORRECTED 19:00 GMT]</headline>
<dateline>VIRGINIA BEACH, Va. 1997-05-16</dateline>
<text>
<p>International Family Entertainment Inc, said today that it is in negotiations that may result in some type of deal for the broadcaster, which owns the Family Channel.</p>
<p>The company also said that Pat Robertson and Tim Robertson, who own all its Class A (corrects from Class B) shares -- its voting stock -- are committed that all shareholders should receive &quot;equivalent treatment.&quot;</p>
<p>Class B (corrects from Class A) shares, traded publicly, do not carry voting rights.</p>
<p>The company said that it was disclosing the talks in response to media speculation, much of which has focused on the future of the Family Channel, one of the company's best-known assets.  The company also owns FiT TV and MTM Entertainment Inc.</p>
<p>International Family said that it routinely talks with others about various business transactions, but has a longstanding policy not to comment until an agreement is reached.</p>
<p>The shares of the company traded at 24 early Friday afternoon, up 1-3/8 from Thursday's close.</p>
</text>
<copyright>(c) Reuters Limited 1997</copyright>
<metadata>
<codes class="bip:countries:1.0">
  <code code="USA">
    <editdetail attribution="Reuters BIP Coding Group" action="confirmed" date="1997-05-16"/>
  </code>
</codes>
<codes class="bip:industries:1.0">
  <code code="I97100">
    <editdetail attribution="Reuters BIP Coding Group" action="confirmed" date="1997-05-16"/>
  </code>
</codes>
<codes class="bip:topics:1.0">
  <code code="C11">
    <editdetail attribution="Reuters BIP Coding Group" action="confirmed" date="1997-05-16"/>
  </code>
  <code code="C17">
    <editdetail attribution="Reuters BIP Coding Group" action="confirmed" date="1997-05-16"/>
  </code>
  <code code="C171">
    <editdetail attribution="Reuters BIP Coding Group" action="confirmed" date="1997-05-16"/>
  </code>
  <code code="CCAT">
    <editdetail attribution="Reuters BIP Coding Group" action="confirmed" date="1997-05-16"/>
  </code>
</codes>
<dc element="dc.date.created" value="1997-05-16"/>
<dc element="dc.publisher" value="Reuters Holdings Plc"/>
<dc element="dc.date.published" value="1997-05-16"/>
<dc element="dc.source" value="Reuters"/>
<dc element="dc.creator.location" value="VIRGINIA BEACH, Va."/>
<dc element="dc.creator.location.country.name" value="USA"/>
<dc element="dc.source" value="Reuters"/>
</metadata>
</newsitem>
