<?xml version="1.0" encoding="iso-8859-1" ?>
<newsitem itemid="671898" id="root" date="1997-06-19" xml:lang="en">
<title>USA: Deutsche Telekom competitors to have access.</title>
<headline>Deutsche Telekom competitors to have access.</headline>
<dateline>WASHINGTON 1997-06-19</dateline>
<text>
<p>Deutsche Telekom Chairman and Chief Executive Officer, Dr. Ron Sommer, on Thursday said the company will guarantee all competitors access to its networks in time for January 1, 1998.</p>
<p>Sommer, in a speech before representatives of the United States government and private industry, as well as members of the media, said the company is currently taking &quot;all necessary steps to this effect.&quot;  </p>
<p>After January 1, 1998, Germany &quot;will have one of the most liberalized, and thus, certainly one of the most intensely competitive telecommunications markets in the world,&quot; Sommer said.</p>
<p>&quot;One central aspect of turning liberalization into concrete reality in every telecommunications market is the administration of network access agreements,&quot; he added.</p>
<p>Sommer contrasted this situation to that in the United States. where, he said,  &quot;...there still will be restrictions on access to the market for foreign companies, even after implementation of the WTO agreement effective at the beginning of 1998&quot;.</p>
<p>The question of how the agreement will be implemented in the U.S. is also still open, Sommer said.</p>
<p>Deutsche Telekom AG is Europe's largest telecommunications company and the third largest carrier worldwide.</p>
</text>
<copyright>(c) Reuters Limited 1997</copyright>
<metadata>
<codes class="bip:countries:1.0">
  <code code="GFR">
    <editdetail attribution="Reuters BIP Coding Group" action="confirmed" date="1997-06-19"/>
  </code>
  <code code="USA">
    <editdetail attribution="Reuters BIP Coding Group" action="confirmed" date="1997-06-19"/>
  </code>
</codes>
<codes class="bip:industries:1.0">
  <code code="I79020">
    <editdetail attribution="Reuters BIP Coding Group" action="confirmed" date="1997-06-19"/>
  </code>
</codes>
<codes class="bip:topics:1.0">
  <code code="C13">
    <editdetail attribution="Reuters BIP Coding Group" action="confirmed" date="1997-06-19"/>
  </code>
  <code code="C34">
    <editdetail attribution="Reuters BIP Coding Group" action="confirmed" date="1997-06-19"/>
  </code>
  <code code="CCAT">
    <editdetail attribution="Reuters BIP Coding Group" action="confirmed" date="1997-06-19"/>
  </code>
</codes>
<dc element="dc.date.created" value="1997-06-19"/>
<dc element="dc.publisher" value="Reuters Holdings Plc"/>
<dc element="dc.date.published" value="1997-06-19"/>
<dc element="dc.source" value="Reuters"/>
<dc element="dc.creator.location" value="WASHINGTON"/>
<dc element="dc.creator.location.country.name" value="USA"/>
<dc element="dc.source" value="Reuters"/>
</metadata>
</newsitem>
