<?xml version="1.0" encoding="iso-8859-1" ?>
<newsitem itemid="472049" id="root" date="1997-03-27" xml:lang="en">
<title>USA: US safety chief -- &quot;mad cow&quot; focus stays on cattle.</title>
<headline>US safety chief -- &quot;mad cow&quot; focus stays on cattle.</headline>
<dateline>WASHINGTON 1997-03-27</dateline>
<text>
<p>The focus of U.S. efforts to prevent a &quot;mad cow&quot; outbreak in the United States will remain on cattle unless there is compelling evidence for a change, the U.S. meat safety chief said Thursday.</p>
<p>Tom Billy, head of the Food Safety and Inspection Service, said scientific reasearch so far found no reason to suspect a risk of a &quot;mad pig&quot; version of bovine spongiform encephalopathy.</p>
<p>Nine union and consumer groups wrote to Agriculture Secretary Dan Glickman earlier in the day, asking for more surveillance of pigs.</p>
<p>&quot;At this point in time, there is no known occurrence of TSE (transmissible spongiform encephalopathy) in pigs,&quot; Billy told Reuters.</p>
<p>&quot;Given the scientific evidence available to us, our current plan is to focus our efforts on the risk of BSE in cattle,&quot; Billy said, including a larger monitoring program.</p>
<p>&quot;If there's new scientific evidence that we become aware of...we are very open to changing our current priorities.&quot;</p>
<p>The consumer and union groups said a 1979 tissue sample from one pig sent to market in New York state showed similarities with TSE. Billy said an internal examination of that sample and five others by the Agriculture Department and outside review by two experts did not find any signs of the abnormal prions associated with BSE.</p>
</text>
<copyright>(c) Reuters Limited 1997</copyright>
<metadata>
<codes class="bip:countries:1.0">
  <code code="USA">
    <editdetail attribution="Reuters BIP Coding Group" action="confirmed" date="1997-03-27"/>
  </code>
</codes>
<codes class="bip:industries:1.0">
  <code code="I01001">
    <editdetail attribution="Reuters BIP Coding Group" action="confirmed" date="1997-03-27"/>
  </code>
  <code code="I0100105">
    <editdetail attribution="Reuters BIP Coding Group" action="confirmed" date="1997-03-27"/>
  </code>
</codes>
<codes class="bip:topics:1.0">
  <code code="C13">
    <editdetail attribution="Reuters BIP Coding Group" action="confirmed" date="1997-03-27"/>
  </code>
  <code code="C24">
    <editdetail attribution="Reuters BIP Coding Group" action="confirmed" date="1997-03-27"/>
  </code>
  <code code="CCAT">
    <editdetail attribution="Reuters BIP Coding Group" action="confirmed" date="1997-03-27"/>
  </code>
  <code code="GCAT">
    <editdetail attribution="Reuters BIP Coding Group" action="confirmed" date="1997-03-27"/>
  </code>
  <code code="GHEA">
    <editdetail attribution="Reuters BIP Coding Group" action="confirmed" date="1997-03-27"/>
  </code>
</codes>
<dc element="dc.date.created" value="1997-03-27"/>
<dc element="dc.publisher" value="Reuters Holdings Plc"/>
<dc element="dc.date.published" value="1997-03-27"/>
<dc element="dc.source" value="Reuters"/>
<dc element="dc.creator.location" value="WASHINGTON"/>
<dc element="dc.creator.location.country.name" value="USA"/>
<dc element="dc.source" value="Reuters"/>
</metadata>
</newsitem>
