<?xml version="1.0" encoding="iso-8859-1" ?>
<newsitem itemid="704302" id="root" date="1997-07-03" xml:lang="en">
<title>UK: Arbitrator may review Railtrack charges-paper.</title>
<headline>Arbitrator may review Railtrack charges-paper.</headline>
<dateline>LONDON 1996-07-04</dateline>
<text>
<p>Railtrack Plc is likely to have its track access charges reviewed by an independent arbitrator after complaints from train operating companies that performance payments are too high, the Independent said on Friday.</p>
<p>Railtrack has been targeted by train operators after its accounts revealed bonus payments of 29 million stg for last year because it had exceeded performance targets, the paper said. That compared with a 43 million stg penalty the year before.</p>
<p>Connex South Central believes the benchmark year for the performance regime was set too low, and was charged far more than it expected. Although the number of minutes lost to train delays has improved by 38 percent, Connex has paid out nearly 10 million stg to Railtrack, the paper said.</p>
<p>The two sides are talking through the disputes resolution committee. --London Newsroom +44 171 542 5106</p>
</text>
<copyright>(c) Reuters Limited 1997</copyright>
<metadata>
<codes class="bip:countries:1.0">
  <code code="UK">
    <editdetail attribution="Reuters BIP Coding Group" action="confirmed" date="1997-07-03"/>
  </code>
</codes>
<codes class="bip:industries:1.0">
  <code code="I17000">
    <editdetail attribution="Reuters BIP Coding Group" action="confirmed" date="1997-07-03"/>
  </code>
  <code code="I71000">
    <editdetail attribution="Reuters BIP Coding Group" action="confirmed" date="1997-07-03"/>
  </code>
</codes>
<codes class="bip:topics:1.0">
  <code code="C13">
    <editdetail attribution="Reuters BIP Coding Group" action="confirmed" date="1997-07-03"/>
  </code>
  <code code="C31">
    <editdetail attribution="Reuters BIP Coding Group" action="confirmed" date="1997-07-03"/>
  </code>
  <code code="CCAT">
    <editdetail attribution="Reuters BIP Coding Group" action="confirmed" date="1997-07-03"/>
  </code>
</codes>
<dc element="dc.date.created" value="1996-07-04"/>
<dc element="dc.publisher" value="Reuters Holdings Plc"/>
<dc element="dc.date.published" value="1997-07-03"/>
<dc element="dc.source" value="Reuters"/>
<dc element="dc.creator.location" value="LONDON"/>
<dc element="dc.creator.location.country.name" value="UK"/>
<dc element="dc.source" value="Reuters"/>
</metadata>
</newsitem>
