<?xml version="1.0" encoding="iso-8859-1" ?>
<newsitem itemid="327035" id="root" date="1997-01-23" xml:lang="en">
<title>USA: EG&amp;G Inc Q4 earnings summary.</title>
<headline>EG&amp;G Inc Q4 earnings summary.</headline>
<dateline>WELLESLEY, Mass. 1997-01-23</dateline>
<text>
<p>1996			  1995</p>
<p> Shr			  $0.34		    $0.46</p>
<p> Net			 16,098		   21,997</p>
<p> Revs		     369,807		  377,495</p>
<p> Avg shrs		  46,824		   47,922</p>
<p>					 12 MONTHS</p>
<p> Shr			  $1.27		    $1.32</p>
<p> Net			 60,156		   68,040</p>
<p> Revs		   1,427,252		1,419,578</p>
<p> Avg shrs		  47,298		   51,483</p>
<p>(All Data Above 000s Except Per Share Numbers)</p>
<p>NOTE: Current quarter includes a gain of $0.04 per share from discontinued operations, and the current 12-month period includes a gain of $0.12 per share from discontinued operations.</p>
<p>The year-ago quarter includes a gain of $0.06 per share from discontinued operations, while the year-ago 12-month period includes a gain of $0.27 per share from discontinued operations.</p>
</text>
<copyright>(c) Reuters Limited 1997</copyright>
<metadata>
<codes class="bip:countries:1.0">
  <code code="USA">
    <editdetail attribution="Reuters BIP Coding Group" action="confirmed" date="1997-01-23"/>
  </code>
</codes>
<codes class="bip:industries:1.0">
  <code code="I37100">
    <editdetail attribution="Reuters BIP Coding Group" action="confirmed" date="1997-01-23"/>
  </code>
</codes>
<codes class="bip:topics:1.0">
  <code code="C15">
    <editdetail attribution="Reuters BIP Coding Group" action="confirmed" date="1997-01-23"/>
  </code>
  <code code="C151">
    <editdetail attribution="Reuters BIP Coding Group" action="confirmed" date="1997-01-23"/>
  </code>
  <code code="C1511">
    <editdetail attribution="Reuters BIP Coding Group" action="confirmed" date="1997-01-23"/>
  </code>
  <code code="CCAT">
    <editdetail attribution="Reuters BIP Coding Group" action="confirmed" date="1997-01-23"/>
  </code>
</codes>
<dc element="dc.date.created" value="1997-01-23"/>
<dc element="dc.publisher" value="Reuters Holdings Plc"/>
<dc element="dc.date.published" value="1997-01-23"/>
<dc element="dc.source" value="Reuters"/>
<dc element="dc.creator.location" value="WELLESLEY, Mass."/>
<dc element="dc.creator.location.country.name" value="USA"/>
<dc element="dc.source" value="Reuters"/>
</metadata>
</newsitem>
