<?xml version="1.0" encoding="iso-8859-1" ?>
<newsitem itemid="309452" id="root" date="1997-01-15" xml:lang="en">
<title>USA: Shelby Williams says order backlog higher.</title>
<headline>Shelby Williams says order backlog higher.</headline>
<dateline>CHICAGO 1997-01-15</dateline>
<text>
<p>Shelby Williams Industries Inc said its unshipped orders backlog as of December 31 was up about 14 percent to $32 million from $28 million a year ago.</p>
<p>&quot;We are optimistic about our performance in 1997,&quot; said Paul Steinfeld, chief executive officer. &quot;In 1996, the hotel industry enjoyed its highest occupancy rates in several years, resulting in increased refurbishing activity.&quot;</p>
<p>The company, which makes seats for restaurants, hotels and other facilities, at year-end had no short-term debt. Long term debt decreased to $7 million, down from $8.8 million one year ago, he added.</p>
<p>((--Chicago Newsdesk 312-408-8787))</p>
</text>
<copyright>(c) Reuters Limited 1997</copyright>
<metadata>
<codes class="bip:countries:1.0">
  <code code="USA">
    <editdetail attribution="Reuters BIP Coding Group" action="confirmed" date="1997-01-15"/>
  </code>
</codes>
<codes class="bip:topics:1.0">
  <code code="C31">
    <editdetail attribution="Reuters BIP Coding Group" action="confirmed" date="1997-01-15"/>
  </code>
  <code code="CCAT">
    <editdetail attribution="Reuters BIP Coding Group" action="confirmed" date="1997-01-15"/>
  </code>
</codes>
<dc element="dc.date.created" value="1997-01-15"/>
<dc element="dc.publisher" value="Reuters Holdings Plc"/>
<dc element="dc.date.published" value="1997-01-15"/>
<dc element="dc.source" value="Reuters"/>
<dc element="dc.creator.location" value="CHICAGO"/>
<dc element="dc.creator.location.country.name" value="USA"/>
<dc element="dc.source" value="Reuters"/>
</metadata>
</newsitem>
