<?xml version="1.0" encoding="iso-8859-1" ?>
<newsitem itemid="493313" id="root" date="1997-04-08" xml:lang="en">
<title>SOUTH AFRICA: S.Africa set for 2.5 pct growth - business.</title>
<headline>S.Africa set for 2.5 pct growth - business.</headline>
<dateline>JOHANNESBURG 1997-04-08</dateline>
<text>
<p>South Africa's economy still seemed set to achieve a growth rate of 2.5 percent in 1997, the South African Chamber of Business (Sacob) said in its first economic commentary following last month's budget.</p>
<p>Manufacturing, which makes up close to 22 percent of gross domestic product, is expected to perform well given the competitiveness of the weaker rand. Overall growth was still likely to be lower than the 3.1 percent achieved in 1996.</p>
<p>Sacob said that while it would be a good year for exporters, several factors -- such as reduced government expenditure, high interest rates and pressure on the capital account of the balance of payments -- would lead to a modest growth rate this year.</p>
<p>-- Johannesburg newsroom, +27 11 482-1003</p>
</text>
<copyright>(c) Reuters Limited 1997</copyright>
<metadata>
<codes class="bip:countries:1.0">
  <code code="SAFR">
    <editdetail attribution="Reuters BIP Coding Group" action="confirmed" date="1997-04-08"/>
  </code>
</codes>
<codes class="bip:topics:1.0">
  <code code="E11">
    <editdetail attribution="Reuters BIP Coding Group" action="confirmed" date="1997-04-08"/>
  </code>
  <code code="ECAT">
    <editdetail attribution="Reuters BIP Coding Group" action="confirmed" date="1997-04-08"/>
  </code>
</codes>
<dc element="dc.date.created" value="1997-04-08"/>
<dc element="dc.publisher" value="Reuters Holdings Plc"/>
<dc element="dc.date.published" value="1997-04-08"/>
<dc element="dc.source" value="Reuters"/>
<dc element="dc.creator.location" value="JOHANNESBURG"/>
<dc element="dc.creator.location.country.name" value="SOUTH AFRICA"/>
<dc element="dc.source" value="Reuters"/>
</metadata>
</newsitem>
