<?xml version="1.0" encoding="iso-8859-1" ?>
<newsitem itemid="765193" id="root" date="1997-07-30" xml:lang="en">
<title>USA: TABLE - Veterinary Centers Q2 results.</title>
<headline>TABLE - Veterinary Centers Q2 results.</headline>
<dateline>SANTA MONICA, Calif. 1997-07-30</dateline>
<text>
<p>VETERINARY CENTERS OF AMERICA INC.</p>
<p>		     Consolidated Statements of Operations</p>
<p>				 (Unaudited)</p>
<p>		     (In thousands, except per-share data)</p>
<p>			    Three months ended    Six months ended</p>
<p>				    June 30,		June 30,</p>
<p>				  1997     1996	 1997	1996</p>
<p>Revenues:</p>
<p>  Animal hospital	$45,929   $25,455   $ 85,868   $47,514</p>
<p>  Laboratory		18,480    15,432     34,726    27,488</p>
<p>  Pet food			--     2,120	1,064     3,970</p>
<p>  Eliminations	   (1,218)     (799)    (2,444)   (1,532)</p>
<p>				63,191    42,208    119,214    77,440</p>
<p> Direct costs	     45,779    30,489     89,299    57,199</p>
<p>Gross profit:</p>
<p>  Animal hospital	 10,437     4,488     16,811     7,650</p>
<p>  Laboratory		 6,975     6,429     12,536    11,099</p>
<p>  Pet food			--	 802	  568     1,492</p>
<p>				17,412    11,719     29,915    20,241</p>
<p>General and administrative:</p>
<p>  Corporate		  3,692     2,139	7,181     3,948</p>
<p>  Laboratory		   955	 980	1,915     1,895</p>
<p>  Pet food			--     1,198	  400     2,318</p>
<p>				 4,647     4,317	9,496     8,161</p>
<p>Depreciation and</p>
<p>  amortization	     2,731     1,414	5,459     2,649</p>
<p> Merger costs		   --     2,901	   --     2,901</p>
<p> Operating income	 10,034     3,087     14,960     6,530</p>
<p> Interest expense, net   2,082	 882	3,880     1,395</p>
<p>Income before minority</p>
<p>interest and income taxes</p>
<p>				 7,952     2,205     11,080     5,135</p>
<p>Minority interest expense</p>
<p>				   120     1,938	  291     3,309</p>
<p>Provision for income taxes</p>
<p>				 3,482     1,571	5,029     2,370</p>
<p> Net income (loss)	 4,350   (1,304)	5,760     (544)</p>
<p>Earnings (loss) per share</p>
<p>			     21 cts    (9 cts)    28 cts    (4 cts)</p>
<p>Shares used for computing</p>
<p>  EPS			 20,737    14,163     20,631    13,697</p>
<p>Note - Excluding the merger costs recorded in the second quarter of 1996 (amounting to $2,901,000, or $2,795,000 after tax), the company reported net income of $1,491,000, or 9 cents per share, in the second quarter of 1996.</p>
</text>
<copyright>(c) Reuters Limited 1997</copyright>
<metadata>
<codes class="bip:countries:1.0">
  <code code="USA">
    <editdetail attribution="Reuters BIP Coding Group" action="confirmed" date="1997-07-30"/>
  </code>
</codes>
<codes class="bip:industries:1.0">
  <code code="I95100">
    <editdetail attribution="Reuters BIP Coding Group" action="confirmed" date="1997-07-30"/>
  </code>
</codes>
<codes class="bip:topics:1.0">
  <code code="C15">
    <editdetail attribution="Reuters BIP Coding Group" action="confirmed" date="1997-07-30"/>
  </code>
  <code code="C151">
    <editdetail attribution="Reuters BIP Coding Group" action="confirmed" date="1997-07-30"/>
  </code>
  <code code="CCAT">
    <editdetail attribution="Reuters BIP Coding Group" action="confirmed" date="1997-07-30"/>
  </code>
</codes>
<dc element="dc.date.created" value="1997-07-30"/>
<dc element="dc.publisher" value="Reuters Holdings Plc"/>
<dc element="dc.date.published" value="1997-07-30"/>
<dc element="dc.source" value="Reuters"/>
<dc element="dc.creator.location" value="SANTA MONICA, Calif."/>
<dc element="dc.creator.location.country.name" value="USA"/>
<dc element="dc.source" value="Reuters"/>
</metadata>
</newsitem>
