<?xml version="1.0" encoding="iso-8859-1" ?>
<newsitem itemid="43697" id="root" date="1996-09-10" xml:lang="en">
<title>COLOMBIA: Judge orders arrest of Colombian army commander.</title>
<headline>Judge orders arrest of Colombian army commander.</headline>
<dateline>BOGOTA, Colombia 1996-09-09</dateline>
<text>
<p>A judge ordered the arrest on Monday of a Colombian Army commander for refusing to lift military barricades preventing free transit along roads in southern Caqueta province, Colombian television said.</p>
<p>The 24 Horas TV news programme said an arrest order had been issued for Gen. Harold Bedoya, as well as Gen. Nestor Ramirez, commander of the Caqueta-based 12th Army Brigade.</p>
<p>The orders stem from Bedoya's defiance of a recent court order demanding that army and police roadblocks preventing free access to Florencia, the state capital of Caqueta, be cleared away, the news programme said.</p>
<p>Florencia was cordoned off by government troops last month to prevent thousands of peasant coca farmers protesting against the government's drug crop eradication programme from entering the city.</p>
<p>A judge in Albania, a small town outside Florencia, issued Monday's arrest warrants after ruling that the barricading of Florencia and military takeover of its surrounding roads represented a violation of individual liberties.</p>
<p>Bedoya, who was huddling with President Ernesto Samper and other military commanders on Monday night to discuss the government's reponse to a recent surge in leftist rebel activity, had no immediate comment on the arrest order.</p>
</text>
<copyright>(c) Reuters Limited 1996</copyright>
<metadata>
<codes class="bip:countries:1.0">
  <code code="COL">
    <editdetail attribution="Reuters BIP Coding Group" action="confirmed" date="1996-09-10"/>
  </code>
</codes>
<codes class="bip:topics:1.0">
  <code code="GCAT">
    <editdetail attribution="Reuters BIP Coding Group" action="confirmed" date="1996-09-10"/>
  </code>
  <code code="GCRIM">
    <editdetail attribution="Reuters BIP Coding Group" action="confirmed" date="1996-09-10"/>
  </code>
  <code code="GDEF">
    <editdetail attribution="Reuters BIP Coding Group" action="confirmed" date="1996-09-10"/>
  </code>
</codes>
<dc element="dc.date.created" value="1996-09-09"/>
<dc element="dc.publisher" value="Reuters Holdings Plc"/>
<dc element="dc.date.published" value="1996-09-10"/>
<dc element="dc.source" value="Reuters"/>
<dc element="dc.creator.location" value="BOGOTA, Colombia"/>
<dc element="dc.creator.location.country.name" value="COLOMBIA"/>
<dc element="dc.source" value="Reuters"/>
</metadata>
</newsitem>
