<?xml version="1.0" encoding="iso-8859-1" ?>
<newsitem itemid="8360" id="root" date="1996-08-22" xml:lang="en">
<title>BELGIUM: Belgium to issue more medium-term state notes.</title>
<headline>Belgium to issue more medium-term state notes.</headline>
<dateline>BRUSSELS 1996-08-22</dateline>
<text>
<p>The Belgian Treasury said on Thursday there would be a second issue under its medium-term state notes programme on September 18.</p>
<p>&quot;As with the issue in June, the retail investor will be able to choose between the five-year note - which can be extended to seven years - with a fixed interest rate, and the three-five-seven year note with revisable rates and a minimum guarantee,&quot; it said in a statement.</p>
</text>
<copyright>(c) Reuters Limited 1996</copyright>
<metadata>
<codes class="bip:countries:1.0">
  <code code="BELG">
    <editdetail attribution="Reuters BIP Coding Group" action="confirmed" date="1996-08-22"/>
  </code>
</codes>
<codes class="bip:topics:1.0">
  <code code="E21">
    <editdetail attribution="Reuters BIP Coding Group" action="confirmed" date="1996-08-22"/>
  </code>
  <code code="E212">
    <editdetail attribution="Reuters BIP Coding Group" action="confirmed" date="1996-08-22"/>
  </code>
  <code code="ECAT">
    <editdetail attribution="Reuters BIP Coding Group" action="confirmed" date="1996-08-22"/>
  </code>
  <code code="M12">
    <editdetail attribution="Reuters BIP Coding Group" action="confirmed" date="1996-08-22"/>
  </code>
  <code code="MCAT">
    <editdetail attribution="Reuters BIP Coding Group" action="confirmed" date="1996-08-22"/>
  </code>
</codes>
<dc element="dc.date.created" value="1996-08-22"/>
<dc element="dc.publisher" value="Reuters Holdings Plc"/>
<dc element="dc.date.published" value="1996-08-22"/>
<dc element="dc.source" value="Reuters"/>
<dc element="dc.creator.location" value="BRUSSELS"/>
<dc element="dc.creator.location.country.name" value="BELGIUM"/>
<dc element="dc.source" value="Reuters"/>
</metadata>
</newsitem>
