<?xml version="1.0" encoding="iso-8859-1" ?>
<newsitem itemid="157398" id="root" date="1996-10-31" xml:lang="en">
<title>CANADA: Canadian key economic indicators.</title>
<headline>Canadian key economic indicators.</headline>
<text>
<p>INDICATOR		    PERIOD  LATEST  PREV1  PREV2  NEXT</p>
<p>UNEMPLOYMENT	     PCT  Sep     9.9     9.4     9.8  11/08</p>
<p>EMPLOYMENT GROWTH	THD  Sep     -47     -86     +82  11/08</p>
<p>CPI (MONTHLY, S/ADJ)   PCT  Sep    +0.1    +0.3    -0.1  11/19</p>
<p>CPI (MONTHLY, UNADJ)   PCT  Sep    +0.1     0.1     0.0  11/19</p>
<p>CPI (ALL ITEMS, YR/YR) PCT  Sep    +1.5    +1.4    +1.2  11/19</p>
<p>CPI (EX-FOOD/ENER)     PCT  Sep    +1.2    +1.3    +1.4  11/19</p>
<p>MERCH TRADE BALANCE    BLN  Aug  +C$4.1  +C$3.07 +C$3.21 11/20</p>
<p>MERCH IMPORTS (S/ADJ)  BLN  Aug  C$19.1  C$19.44 C$18.83 11/20 MERCH EXPORTS (S/ADJ)  BLN  Aug  C$23.2  C$22.51 C$22.04 11/20 CURR ACCT(SA QUARTERLY)BLN  Q2   +C$1.15 -C$1.62 -C$0.33 11/29</p>
<p>   INDICATOR		    PERIOD  LATEST  PREV1  PREV2  NEXT</p>
<p>GDP (MONTHLY)	    PCT   Aug    +0.2    0.5   +0.0   11/29</p>
<p>GDP (QUARTERLY)	  PCT   Q2     +0.3   +0.3   +0.2   11/29</p>
<p>GDP PRICE DEFLATOR     PCT   Q2     +0.5   -0.2   +0.2   11/29</p>
<p>INDUSTRIAL PRICES	PCT   Sept   +0.2   +0.4   -0.2   11/27</p>
<p>RAW MATERIALS PRICES   PCT   Sept   +1.5   +1.3   +0.9   11/27</p>
<p>BUDGET DEF (MONTHLY)   BLN   Oct   C$2.94   VS     3.31    N/A</p>
<p>BUDGET DEF (YR-DATE)   BLN   7 MO  C$17.62  VS   C$19.26   N/A</p>
<p>HOUSING STARTS (ANNUALIZED) Sept 131,600 128,500 129,300 11/08</p>
<p>BUILDING PERMITS	 PCT   Aug    -8.9  +15.4   +7.1   11/04</p>
<p>COMPOS LEADING INDIC   PCT   Sept   +0.5   +0.5   +0.5   11/20</p>
<p>  INDICATOR		    PERIOD  LATEST  PREV1  PREV2  NEXT</p>
<p>MANUFAC SHIPMENTS	PCT   Aug   -0.7    +3.0    -0.4  11/18</p>
<p>MANUF UNFILLED ORDERS  PCT   Aug   -0.2    +0.7    +0.1  11/18</p>
<p>MANUF NEW ORDERS	 PCT   Aug   -1.8    +3.7    -2.1  11/18</p>
<p>INVENTORIES/SHIPMENTS RATIO  Aug   1.31    1.29    1.34  11/18</p>
<p>CAPACITY UTILIZATION   PCT   Q2     82.7    82.4   82.9  12/08</p>
<p>HELP WANTED INDEX	PCT   Sep    87	87	89   11/07</p>
<p>WAGE SETTLEMENTS	 PCT   Aug   +1.2    +0.7    +0.5  11/19</p>
<p>  INDICATOR		    PERIOD  LATEST  PREV1  PREV2  NEXT</p>
<p>NEW MOTOR VEHICLE SALES  PCT  Aug    +0.7   -2.9  +1.9   11/13</p>
<p>AVG WEEKLY EARNINGS Y/Y  PCT  Aug    +2.6   +2.4  +2.8   11/28</p>
<p>RETAIL SALES		 PCT  Aug    -0.4   +0.2  +0.6   11/21</p>
<p>WHOLESALE TRADE M/M	PCT  Aug     1.5   +0.0  +0.3   11/22</p>
<p>NEW HOUSING PRICE Y/Y    PCT  Aug    -2.2   -2.2  -2.2   11/08</p>
<p>--Reuters Toronto Bureau 416-941-8100</p>
</text>
<copyright>(c) Reuters Limited 1996</copyright>
<metadata>
<codes class="bip:countries:1.0">
  <code code="CANA">
    <editdetail attribution="Reuters BIP Coding Group" action="confirmed" date="1996-10-31"/>
  </code>
</codes>
<codes class="bip:topics:1.0">
  <code code="E71">
    <editdetail attribution="Reuters BIP Coding Group" action="confirmed" date="1996-10-31"/>
  </code>
  <code code="ECAT">
    <editdetail attribution="Reuters BIP Coding Group" action="confirmed" date="1996-10-31"/>
  </code>
</codes>
<dc element="dc.publisher" value="Reuters Holdings Plc"/>
<dc element="dc.date.published" value="1996-10-31"/>
<dc element="dc.source" value="Reuters"/>
<dc element="dc.creator.location.country.name" value="CANADA"/>
<dc element="dc.source" value="Reuters"/>
</metadata>
</newsitem>
