<?xml version="1.0" encoding="iso-8859-1" ?>
<newsitem itemid="516048" id="root" date="1997-04-17" xml:lang="en">
<title>USA: BHC Financial Inc Q1 revs up, net down.</title>
<headline>BHC Financial Inc Q1 revs up, net down.</headline>
<dateline>PHILADELPHIA 1997-04-17</dateline>
<text>
<p>FIRST QUARTER</p>
<p>							1997	     1996</p>
<p>(AMOUNTS IN THOUSANDS,</p>
<p>EXCEPT PER SHARE AMOUNTS)</p>
<p> NET REVENUE				 $   21,869   $    20,349</p>
<p> NET INCOME					 4,515	   4,972</p>
<p>FULLY DILUTED EARNINGS</p>
<p>  PER SHARE					   .68	     .70</p>
<p>FULLY DILUTED AVERAGE</p>
<p>  SHARES OUTSTANDING			    6,664	   7,104</p>
<p>NOTE: Merger related expenses amounted to $643,000 in the first quarter of 1997.  </p>
<p>-- New York Newsdesk 212 859-1610</p>
</text>
<copyright>(c) Reuters Limited 1997</copyright>
<metadata>
<codes class="bip:countries:1.0">
  <code code="USA">
    <editdetail attribution="Reuters BIP Coding Group" action="confirmed" date="1997-04-17"/>
  </code>
</codes>
<codes class="bip:industries:1.0">
  <code code="I83100">
    <editdetail attribution="Reuters BIP Coding Group" action="confirmed" date="1997-04-17"/>
  </code>
</codes>
<codes class="bip:topics:1.0">
  <code code="C15">
    <editdetail attribution="Reuters BIP Coding Group" action="confirmed" date="1997-04-17"/>
  </code>
  <code code="C151">
    <editdetail attribution="Reuters BIP Coding Group" action="confirmed" date="1997-04-17"/>
  </code>
  <code code="CCAT">
    <editdetail attribution="Reuters BIP Coding Group" action="confirmed" date="1997-04-17"/>
  </code>
</codes>
<dc element="dc.date.created" value="1997-04-17"/>
<dc element="dc.publisher" value="Reuters Holdings Plc"/>
<dc element="dc.date.published" value="1997-04-17"/>
<dc element="dc.source" value="Reuters"/>
<dc element="dc.creator.location" value="PHILADELPHIA"/>
<dc element="dc.creator.location.country.name" value="USA"/>
<dc element="dc.source" value="Reuters"/>
</metadata>
</newsitem>
