<?xml version="1.0" encoding="iso-8859-1" ?>
<newsitem itemid="663128" id="root" date="1997-06-16" xml:lang="en">
<title>RUSSIA: Russia's Rostelekom - transfer to Svyazinvest done.</title>
<headline>Russia's Rostelekom - transfer to Svyazinvest done.</headline>
<dateline>MOSCOW 1997-06-16</dateline>
<text>
<p>The Russian government's controlling block of shares in long-distance telecom group Rostelekom has been transferred to telecoms holding company Svyazinvest, Rostelekom's chief executive said on Monday.</p>
<p>Oleg Belov told Reuters that arrangements with the State Property Committee had been completed according to a presidential decree ordering the transfer of 38 percent of Rostelekom shares, or 51 percent of voting stock, to Svyazinvest.</p>
<p>&quot;The paperwork is done,&quot; he said after a news conference.</p>
<p>A 25 percent plus one share stake in Svyazinvest, which holds controlling stakes in 89 regional telecoms and communications companies, will be auctioned shortly at a starting price of $1.18 billion, privatisation officials say.</p>
<p>--Peter Henderson, Moscow Newsroom, +7095 941 8520</p>
</text>
<copyright>(c) Reuters Limited 1997</copyright>
<metadata>
<codes class="bip:countries:1.0">
  <code code="RUSS">
    <editdetail attribution="Reuters BIP Coding Group" action="confirmed" date="1997-06-16"/>
  </code>
</codes>
<codes class="bip:industries:1.0">
  <code code="I79020">
    <editdetail attribution="Reuters BIP Coding Group" action="confirmed" date="1997-06-16"/>
  </code>
</codes>
<codes class="bip:topics:1.0">
  <code code="C18">
    <editdetail attribution="Reuters BIP Coding Group" action="confirmed" date="1997-06-16"/>
  </code>
  <code code="C181">
    <editdetail attribution="Reuters BIP Coding Group" action="confirmed" date="1997-06-16"/>
  </code>
  <code code="C183">
    <editdetail attribution="Reuters BIP Coding Group" action="confirmed" date="1997-06-16"/>
  </code>
  <code code="CCAT">
    <editdetail attribution="Reuters BIP Coding Group" action="confirmed" date="1997-06-16"/>
  </code>
</codes>
<dc element="dc.date.created" value="1997-06-16"/>
<dc element="dc.publisher" value="Reuters Holdings Plc"/>
<dc element="dc.date.published" value="1997-06-16"/>
<dc element="dc.source" value="Reuters"/>
<dc element="dc.creator.location" value="MOSCOW"/>
<dc element="dc.creator.location.country.name" value="RUSSIA"/>
<dc element="dc.source" value="Reuters"/>
</metadata>
</newsitem>
