<?xml version="1.0" encoding="iso-8859-1" ?>
<newsitem itemid="383367" id="root" date="1997-02-17" xml:lang="en">
<title>THAILAND: Manager Media Q4 net loss lower.</title>
<headline>Manager Media Q4 net loss lower.</headline>
<dateline>BANGKOK 1997-02-17</dateline>
<text>
<p>Audited financial results for the year ending December 31, 1996.</p>
<p>		   (in millions of baht unless stated)</p>
<p>				   Fourth quarter</p>
<p>    Shr (baht)  Loss	 3.48     vs  Loss     7.32</p>
<p>    Net	   Loss	78.31     vs  Loss   164.78</p>
<p>				   Twelve months</p>
<p>    Shr (baht)  Profit    0.08	vs  Loss    24.31</p>
<p>    Net	   Profit    1.71	vs  Loss   547.07</p>
<p>NOTE: Company's full name is Manager Media Group Plc, a publishing firm.</p>
<p>-- Bangkok newsroom 662-652-0642</p>
</text>
<copyright>(c) Reuters Limited 1997</copyright>
<metadata>
<codes class="bip:countries:1.0">
  <code code="THAIL">
    <editdetail attribution="Reuters BIP Coding Group" action="confirmed" date="1997-02-17"/>
  </code>
</codes>
<codes class="bip:industries:1.0">
  <code code="I47510">
    <editdetail attribution="Reuters BIP Coding Group" action="confirmed" date="1997-02-17"/>
  </code>
</codes>
<codes class="bip:topics:1.0">
  <code code="C15">
    <editdetail attribution="Reuters BIP Coding Group" action="confirmed" date="1997-02-17"/>
  </code>
  <code code="C151">
    <editdetail attribution="Reuters BIP Coding Group" action="confirmed" date="1997-02-17"/>
  </code>
  <code code="C1511">
    <editdetail attribution="Reuters BIP Coding Group" action="confirmed" date="1997-02-17"/>
  </code>
  <code code="CCAT">
    <editdetail attribution="Reuters BIP Coding Group" action="confirmed" date="1997-02-17"/>
  </code>
</codes>
<dc element="dc.date.created" value="1997-02-17"/>
<dc element="dc.publisher" value="Reuters Holdings Plc"/>
<dc element="dc.date.published" value="1997-02-17"/>
<dc element="dc.source" value="Reuters"/>
<dc element="dc.creator.location" value="BANGKOK"/>
<dc element="dc.creator.location.country.name" value="THAILAND"/>
<dc element="dc.source" value="Reuters"/>
</metadata>
</newsitem>
