<?xml version="1.0" encoding="iso-8859-1" ?>
<newsitem itemid="225898" id="root" date="1996-11-29" xml:lang="en">
<title>CZECH REPUBLIC: CZECH SKODA AUTO TO GET 80,000 TONNES OF VSZ STEEL.</title>
<headline>CZECH SKODA AUTO TO GET 80,000 TONNES OF VSZ STEEL.</headline>
<dateline>PRAGUE 1996-11-29</dateline>
<text>
<p>Volkswagen AG's Czech unit, Skoda Auto a.s., said on Friday it had chosen Slovak steel maker VSZ a.s. to supply most of the cold-rolled steel sheets for its economy model, the Felicia, next year.</p>
<p>&quot;VSZ will deliver to us 80,000 tonnes of steel sheets next year, almost all cold-rolled, which are used for most of the Felicia production,&quot; Milan Smutny, Skoda spokesman, told Reuters.</p>
<p>However, Smutny added that the Czech car maker would look West for specially-produced steel sheets for its new Octavia mid-sized sedan.</p>
<p>&quot;Skoda will cover the need for electrolytic zinc-coated steel sheets for (its new mid-sized sedan) Octavia production exclusively from Western Europe,&quot; he added.</p>
<p>Two months ago, VSZ said it had been considering investing into a new electrolytic zinc-coating production line for steel sheets because it had already had an offer from Skoda to purchase the new line production.</p>
<p>But Smutny declined to comment on the issue.</p>
<p>-- Tatiana Vacova, Prague Newsroom, 42-2423-0003</p>
</text>
<copyright>(c) Reuters Limited 1996</copyright>
<metadata>
<codes class="bip:countries:1.0">
  <code code="CZREP">
    <editdetail attribution="Reuters BIP Coding Group" action="confirmed" date="1996-11-29"/>
  </code>
</codes>
<codes class="bip:industries:1.0">
  <code code="I22100">
    <editdetail attribution="Reuters BIP Coding Group" action="confirmed" date="1996-11-29"/>
  </code>
  <code code="I35101">
    <editdetail attribution="Reuters BIP Coding Group" action="confirmed" date="1996-11-29"/>
  </code>
</codes>
<codes class="bip:topics:1.0">
  <code code="C33">
    <editdetail attribution="Reuters BIP Coding Group" action="confirmed" date="1996-11-29"/>
  </code>
  <code code="CCAT">
    <editdetail attribution="Reuters BIP Coding Group" action="confirmed" date="1996-11-29"/>
  </code>
</codes>
<dc element="dc.date.created" value="1996-11-29"/>
<dc element="dc.publisher" value="Reuters Holdings Plc"/>
<dc element="dc.date.published" value="1996-11-29"/>
<dc element="dc.source" value="Reuters"/>
<dc element="dc.creator.location" value="PRAGUE"/>
<dc element="dc.creator.location.country.name" value="CZECH REPUBLIC"/>
<dc element="dc.source" value="Reuters"/>
</metadata>
</newsitem>
