<?xml version="1.0" encoding="iso-8859-1" ?>
<newsitem itemid="236799" id="root" date="1996-12-05" xml:lang="en">
<title>MEXICO: Mexico 1996-1997 sugar harvest update to Nov 30.</title>
<headline>Mexico 1996-1997 sugar harvest update to Nov 30.</headline>
<dateline>MEXICO CITY 1996-12-05</dateline>
<text>
<p>Mexico's Agroindustry Sugar Committee weekly harvest update for the 1996-1997 (Nov/June) sugar crop to Nov 30 (sugar, in tonnes) --</p>
<p>Activity in week Nov 23-Nov 30</p>
<p>    Harvest	Cane milled	Sugar Output    Yield</p>
<p>     96-97	 425,902 tns	 32,979 tns     7.74 pct</p>
<p>     95-96	 661,013 tns	 60,753 tns     9.19 pct</p>
<p>     94-95	 345,632 tns	 33,267 tns     9.62 pct</p>
<p>Total activity to Nov 30</p>
<p>    Harvest	Cane milled	Sugar Output    Yield</p>
<p>     96-97	 729,018 tns	 54,884 tns     7.54 pct</p>
<p>     95-96     1,467,749 tns	118,523 tns     8.08 pct</p>
<p>     94-95	 833,245 tns	 69,235 tns     8.31 pct</p>
<p>The committee reported that during the week 21 of the country's active 61 mills were in operation compared to 29 in the 1995-1996 harvest and 12 in the 1994-1995 harvest.</p>
<p>--Chris Aspin, Mexico City newsroom +525 728 9530</p>
</text>
<copyright>(c) Reuters Limited 1996</copyright>
<metadata>
<codes class="bip:countries:1.0">
  <code code="MEX">
    <editdetail attribution="Reuters BIP Coding Group" action="confirmed" date="1996-12-05"/>
  </code>
</codes>
<codes class="bip:industries:1.0">
  <code code="I01001">
    <editdetail attribution="Reuters BIP Coding Group" action="confirmed" date="1996-12-05"/>
  </code>
  <code code="I0100128">
    <editdetail attribution="Reuters BIP Coding Group" action="confirmed" date="1996-12-05"/>
  </code>
  <code code="I0100136">
    <editdetail attribution="Reuters BIP Coding Group" action="confirmed" date="1996-12-05"/>
  </code>
</codes>
<codes class="bip:topics:1.0">
  <code code="C21">
    <editdetail attribution="Reuters BIP Coding Group" action="confirmed" date="1996-12-05"/>
  </code>
  <code code="CCAT">
    <editdetail attribution="Reuters BIP Coding Group" action="confirmed" date="1996-12-05"/>
  </code>
  <code code="M14">
    <editdetail attribution="Reuters BIP Coding Group" action="confirmed" date="1996-12-05"/>
  </code>
  <code code="M141">
    <editdetail attribution="Reuters BIP Coding Group" action="confirmed" date="1996-12-05"/>
  </code>
  <code code="MCAT">
    <editdetail attribution="Reuters BIP Coding Group" action="confirmed" date="1996-12-05"/>
  </code>
</codes>
<dc element="dc.date.created" value="1996-12-05"/>
<dc element="dc.publisher" value="Reuters Holdings Plc"/>
<dc element="dc.date.published" value="1996-12-05"/>
<dc element="dc.source" value="Reuters"/>
<dc element="dc.creator.location" value="MEXICO CITY"/>
<dc element="dc.creator.location.country.name" value="MEXICO"/>
<dc element="dc.source" value="Reuters"/>
</metadata>
</newsitem>
