<?xml version="1.0" encoding="iso-8859-1" ?>
<newsitem itemid="5415" id="root" date="1996-08-21" xml:lang="en">
<title>NETHERLANDS: SOCCER-DUTCH FIRST DIVISION RESULTS/TABLE.</title>
<headline>SOCCER-DUTCH FIRST DIVISION RESULTS/TABLE.</headline>
<dateline>AMSTERDAM 1996-08-21</dateline>
<text>
<p>Results of Dutch first division</p>
<p>soccer matches played on Wednesday:</p>
<p> Volendam		     1  Graafschap Doetinchem     1</p>
<p> Groningen		    0  Willem II Tilburg	   0</p>
<p> AZ Alkmaar		   0  Vitesse Arnhem		2</p>
<p> Utrecht			2  RKC Waalwijk		  2</p>
<p> Sparta Rotterdam	   0  Fortuna Sittard	     0</p>
<p> Heerenveen		   1  Twente Enschede	     3</p>
<p> Ajax Amsterdam	     1  NAC Breda		     0</p>
<p>Played on Tuesday:</p>
<p> Roda JC Kerkrade	   1  Feyenoord Rotterdam	 1</p>
<p>Standings (tabulate under played, won, drawn, lost, goals</p>
<p>for, goals against, points):</p>
<p> Twente Enschede	     1     1    0    0     3    1     3</p>
<p> Vitesse Arnhem		1     1    0    0     2    0     3</p>
<p> Ajax Amsterdam		1     1    0    0     1    0     3</p>
<p> Utrecht			 1     0    1    0     2    2     1</p>
<p> RKC Waalwijk		  1     0    1    0     2    2     1</p>
<p> Feyenoord Rotterdam	 1     0    1    0     1    1     1</p>
<p> Roda JC Kerkrade	    1     0    1    0     1    1     1</p>
<p> Graafschap Doetinchem     1     0    1    0     1    1     1</p>
<p> Volendam			1     0    1    0     1    1     1</p>
<p> Sparta Rotterdam	    1     0    1    0     0    0     1</p>
<p> Groningen		     1     0    1    0     0    0     1</p>
<p> Willem II Tilburg	   1     0    1    0     0    0     1</p>
<p> Fortuna Sittard	     1     0    1    0     0    0     1</p>
<p> PSV Eindhoven		 0     0    0    0     0    0     0</p>
<p> NEC Nijmegen		  0     0    0    0     0    0     0</p>
<p> NAC Breda		     1     0    0    1     0    1     0</p>
<p> AZ Alkmaar		    1     0    0    1     0    2     0</p>
<p> Heerenveen		    1     0    0    1     1    3     0</p>
</text>
<copyright>(c) Reuters Limited 1996</copyright>
<metadata>
<codes class="bip:countries:1.0">
  <code code="NETH">
    <editdetail attribution="Reuters BIP Coding Group" action="confirmed" date="1996-08-21"/>
  </code>
</codes>
<codes class="bip:topics:1.0">
  <code code="GCAT">
    <editdetail attribution="Reuters BIP Coding Group" action="confirmed" date="1996-08-21"/>
  </code>
  <code code="GSPO">
    <editdetail attribution="Reuters BIP Coding Group" action="confirmed" date="1996-08-21"/>
  </code>
</codes>
<dc element="dc.date.created" value="1996-08-21"/>
<dc element="dc.publisher" value="Reuters Holdings Plc"/>
<dc element="dc.date.published" value="1996-08-21"/>
<dc element="dc.source" value="Reuters"/>
<dc element="dc.creator.location" value="AMSTERDAM"/>
<dc element="dc.creator.location.country.name" value="NETHERLANDS"/>
<dc element="dc.source" value="Reuters"/>
</metadata>
</newsitem>
