<?xml version="1.0" encoding="iso-8859-1" ?>
<newsitem itemid="549558" id="root" date="1997-04-30" xml:lang="en">
<title>ARMENIA: SOCCER-ARMENIA AND N.IRELAND DRAW 0-0 IN WORLD CUP QUALIFIER.</title>
<headline>SOCCER-ARMENIA AND N.IRELAND DRAW 0-0 IN WORLD CUP QUALIFIER.</headline>
<dateline>YEREVAN 1997-04-30</dateline>
<text>
<p>Armenia and Northern Ireland drew 0-0 in their World Cup group nine qualifying match on Wednesday.  </p>
<p>Attendance: 10,000</p>
<p>Armenia - 1-Roman Berezovsky, 6-Aramais Yepiskoposyan (15-Vartan Minasyan 87), 2-Yervand Sukiasyan, 5-Michel Ter-Zakarian, 4-Sarkis Hovsepyan, 3-Vartan Khachaturyan, 8-Garnik Avalyan (17-Arsen Avetisyan 75), 9-Hamlet Mkhitaryan, 11-Karapet Mikaelyan, 10-Eric Assadourian, 7-Artur Petrosyan</p>
<p>Northern Ireland - 1-Alan Fettis, 2-Ian Jenkins, 5-Gerry Taggart, 4-Colin Hill, 3-Steve Morrow; 7-Jon McCarthy (15-Philip Mulryne 71), 6-Stephen Lomas, 8-Neil Lennon, 11-Kevin Horlock, 9-Iain Dowie, 10-James Quinn (18-Gerald Mcmahon 59)</p>
</text>
<copyright>(c) Reuters Limited 1997</copyright>
<metadata>
<codes class="bip:countries:1.0">
  <code code="ARMEN">
    <editdetail attribution="Reuters BIP Coding Group" action="confirmed" date="1997-04-30"/>
  </code>
  <code code="UK">
    <editdetail attribution="Reuters BIP Coding Group" action="confirmed" date="1997-04-30"/>
  </code>
</codes>
<codes class="bip:topics:1.0">
  <code code="GCAT">
    <editdetail attribution="Reuters BIP Coding Group" action="confirmed" date="1997-04-30"/>
  </code>
  <code code="GSPO">
    <editdetail attribution="Reuters BIP Coding Group" action="confirmed" date="1997-04-30"/>
  </code>
</codes>
<dc element="dc.date.created" value="1997-04-30"/>
<dc element="dc.publisher" value="Reuters Holdings Plc"/>
<dc element="dc.date.published" value="1997-04-30"/>
<dc element="dc.source" value="Reuters"/>
<dc element="dc.creator.location" value="YEREVAN"/>
<dc element="dc.creator.location.country.name" value="ARMENIA"/>
<dc element="dc.source" value="Reuters"/>
</metadata>
</newsitem>
