<?xml version="1.0" encoding="iso-8859-1" ?>
<newsitem itemid="713910" id="root" date="1997-07-08" xml:lang="en">
<title>USA: Braun's June same-store sales up 15 pct.</title>
<headline>Braun's June same-store sales up 15 pct.</headline>
<dateline>MINNEAPOLIS 1997-07-08</dateline>
<text>
<p>Braun's Fashions Corp said same-store sales for the four-week period ended June 28 were up 15 percent.</p>
<p>Year-to-date, for the four months ended June 28, same-store sales increased 18 percent, the company said.  </p>
<p>Braun's said sales for the four-week period totaled $6.7 million compared with $6.9 million in the same period a year-ago, despite operating 51 fewer stores.</p>
<p>As of June 28, Braun's operated 170 stores, compared to 221 stores at June 29, 1996.</p>
<p>Year-to-date, for the four months ended June 28, Braun's sales were $28.5 million compared with $28.4 million for last year's four-month period.</p>
<p>Chief executive Nicholas Cook said, &quot;I am very pleased with our performance in June considering the unseasonably cool weather early in the month. Knits, sweaters and shorts performed particularly well.&quot;</p>
<p>Braun's sells women's clothing and accessories.</p>
<p>((--Chicago Newsdesk 312-408-8787))</p>
</text>
<copyright>(c) Reuters Limited 1997</copyright>
<metadata>
<codes class="bip:countries:1.0">
  <code code="USA">
    <editdetail attribution="Reuters BIP Coding Group" action="confirmed" date="1997-07-08"/>
  </code>
</codes>
<codes class="bip:industries:1.0">
  <code code="I64500">
    <editdetail attribution="Reuters BIP Coding Group" action="confirmed" date="1997-07-08"/>
  </code>
</codes>
<codes class="bip:topics:1.0">
  <code code="C31">
    <editdetail attribution="Reuters BIP Coding Group" action="confirmed" date="1997-07-08"/>
  </code>
  <code code="CCAT">
    <editdetail attribution="Reuters BIP Coding Group" action="confirmed" date="1997-07-08"/>
  </code>
</codes>
<dc element="dc.date.created" value="1997-07-08"/>
<dc element="dc.publisher" value="Reuters Holdings Plc"/>
<dc element="dc.date.published" value="1997-07-08"/>
<dc element="dc.source" value="Reuters"/>
<dc element="dc.creator.location" value="MINNEAPOLIS"/>
<dc element="dc.creator.location.country.name" value="USA"/>
<dc element="dc.source" value="Reuters"/>
</metadata>
</newsitem>
