<?xml version="1.0" encoding="iso-8859-1" ?>
<newsitem itemid="65254" id="root" date="1996-09-19" xml:lang="en">
<title>USA: U.S. cotton weekly export sales highlights--USDA.</title>
<headline>U.S. cotton weekly export sales highlights--USDA.</headline>
<dateline>WASHINGTON 1996-09-19</dateline>
<text>
<p>U.S. upland cotton major sales activity in the week ended Sept 12 reported by exporters for the following purchasing countries, in 1,000 running bales:</p>
<p> Net Sales:   1996/97	   1997/98</p>
<p>  China	 73,500		Nil</p>
<p>  Indonesia   23,200</p>
<p>  Hong Kong   21,900</p>
<p>  Japan	 20,500</p>
<p>  S.Korea	9,700</p>
<p>  Brazil	-9,400</p>
<p>  Unknown     -7,800</p>
<p>Net sales of 151,600 running bales were double the previous week and almost 2.5 times the four-week average.</p>
<p>Weekly exports of 54,900 running bales were up 28 percent from the previous week.</p>
<p>Asian destinations acocunted for 68 percent of the weeks shipments, and the Western Hemisphere 24 percent.</p>
</text>
<copyright>(c) Reuters Limited 1996</copyright>
<metadata>
<codes class="bip:countries:1.0">
  <code code="USA">
    <editdetail attribution="Reuters BIP Coding Group" action="confirmed" date="1996-09-19"/>
  </code>
</codes>
<codes class="bip:topics:1.0">
  <code code="M14">
    <editdetail attribution="Reuters BIP Coding Group" action="confirmed" date="1996-09-19"/>
  </code>
  <code code="M141">
    <editdetail attribution="Reuters BIP Coding Group" action="confirmed" date="1996-09-19"/>
  </code>
  <code code="MCAT">
    <editdetail attribution="Reuters BIP Coding Group" action="confirmed" date="1996-09-19"/>
  </code>
</codes>
<dc element="dc.date.created" value="1996-09-19"/>
<dc element="dc.publisher" value="Reuters Holdings Plc"/>
<dc element="dc.date.published" value="1996-09-19"/>
<dc element="dc.source" value="Reuters"/>
<dc element="dc.creator.location" value="WASHINGTON"/>
<dc element="dc.creator.location.country.name" value="USA"/>
<dc element="dc.source" value="Reuters"/>
</metadata>
</newsitem>
