<?xml version="1.0" encoding="iso-8859-1" ?>
<newsitem itemid="270181" id="root" date="1996-12-20" xml:lang="en">
<title>SPAIN: Spain's Ebro studies Azucarera merger.</title>
<headline>Spain's Ebro studies Azucarera merger.</headline>
<dateline>MADRID 1996-12-20</dateline>
<text>
<p>Spanish food group Ebro Agricolas has approved the study of a merger and alternatives with sugar producer Azucarera, an Ebro spokesman said on Friday.</p>
<p>Ebro bought 24.9 percent of Azucarera from BCH, which also sold shares to Mercasa and Caja Salamanca.</p>
<p>The spokesman said Lehman Brothers would handle the analysis of the operation.</p>
<p>-- Madrid newsroom + 34 1 585 2151</p>
</text>
<copyright>(c) Reuters Limited 1996</copyright>
<metadata>
<codes class="bip:countries:1.0">
  <code code="SPAIN">
    <editdetail attribution="Reuters BIP Coding Group" action="confirmed" date="1996-12-20"/>
  </code>
</codes>
<codes class="bip:industries:1.0">
  <code code="I42000">
    <editdetail attribution="Reuters BIP Coding Group" action="confirmed" date="1996-12-20"/>
  </code>
  <code code="I61000">
    <editdetail attribution="Reuters BIP Coding Group" action="confirmed" date="1996-12-20"/>
  </code>
  <code code="I81402">
    <editdetail attribution="Reuters BIP Coding Group" action="confirmed" date="1996-12-20"/>
  </code>
</codes>
<codes class="bip:topics:1.0">
  <code code="C18">
    <editdetail attribution="Reuters BIP Coding Group" action="confirmed" date="1996-12-20"/>
  </code>
  <code code="C181">
    <editdetail attribution="Reuters BIP Coding Group" action="confirmed" date="1996-12-20"/>
  </code>
  <code code="CCAT">
    <editdetail attribution="Reuters BIP Coding Group" action="confirmed" date="1996-12-20"/>
  </code>
</codes>
<dc element="dc.date.created" value="1996-12-20"/>
<dc element="dc.publisher" value="Reuters Holdings Plc"/>
<dc element="dc.date.published" value="1996-12-20"/>
<dc element="dc.source" value="Reuters"/>
<dc element="dc.creator.location" value="MADRID"/>
<dc element="dc.creator.location.country.name" value="SPAIN"/>
<dc element="dc.source" value="Reuters"/>
</metadata>
</newsitem>
