<?xml version="1.0" encoding="iso-8859-1" ?>
<newsitem itemid="534383" id="root" date="1997-04-24" xml:lang="en">
<title>USA: Adolph Coors Q1 earnings summary.</title>
<headline>Adolph Coors Q1 earnings summary.</headline>
<dateline>GOLDEN, Colo 1997-04-24</dateline>
<text>
<p>Period ended</p>
<p>			   March 30		  March 31</p>
<p>			    1997			 1996</p>
<p> Shr profit		 $0.21     loss	 $0.08</p>
<p> Net profit		 8,045     loss	 3,007</p>
<p> Sales		    398,995		  371,671</p>
<p> Avg Shrs		  37,782		   38,012</p>
<p>	 (All Data in 000s Except Per Share Numbers)</p>
<p>NOTE: Net sales reflect sales after beer excise taxes.</p>
</text>
<copyright>(c) Reuters Limited 1997</copyright>
<metadata>
<codes class="bip:countries:1.0">
  <code code="USA">
    <editdetail attribution="Reuters BIP Coding Group" action="confirmed" date="1997-04-24"/>
  </code>
</codes>
<codes class="bip:industries:1.0">
  <code code="I42700">
    <editdetail attribution="Reuters BIP Coding Group" action="confirmed" date="1997-04-24"/>
  </code>
</codes>
<codes class="bip:topics:1.0">
  <code code="C15">
    <editdetail attribution="Reuters BIP Coding Group" action="confirmed" date="1997-04-24"/>
  </code>
  <code code="C151">
    <editdetail attribution="Reuters BIP Coding Group" action="confirmed" date="1997-04-24"/>
  </code>
  <code code="CCAT">
    <editdetail attribution="Reuters BIP Coding Group" action="confirmed" date="1997-04-24"/>
  </code>
</codes>
<dc element="dc.date.created" value="1997-04-24"/>
<dc element="dc.publisher" value="Reuters Holdings Plc"/>
<dc element="dc.date.published" value="1997-04-24"/>
<dc element="dc.source" value="Reuters"/>
<dc element="dc.creator.location" value="GOLDEN, Colo"/>
<dc element="dc.creator.location.country.name" value="USA"/>
<dc element="dc.source" value="Reuters"/>
</metadata>
</newsitem>
