<?xml version="1.0" encoding="iso-8859-1" ?>
<newsitem itemid="443104" id="root" date="1997-03-14" xml:lang="en">
<title>PORTUGAL: Key figures from Portugal 1998-2000 economic plan.</title>
<headline>Key figures from Portugal 1998-2000 economic plan.</headline>
<dateline>LISBON 1997-03-14</dateline>
<text>
<p>The following are key forecasts contained in the Portuguese government's economic plan for 1998-2000 which was sent to the European Commission on Friday.</p>
<p>(Percentage growth unless stated)</p>
<p>			   1997  1998  1999  2000</p>
<p>GDP			+3.3  +3.5  +3.3  +3.3</p>
<p>Exports		  +8.4  +9.9  +8.8  +8.8</p>
<p>Imports		  +8.0  +8.4  +7.7  +7.7</p>
<p>Inflation		+2.5  +2.3  +2.0  +1.8</p>
<p>Budget deficit (as percentage of GDP)</p>
<p>			    2.9   2.5   2.0   1.5</p>
<p>State debt (as percentage of GDP)</p>
<p>			   64.0  62.5  61.0  59.4</p>
<p>--Lisbon bureau 3511-31</p>
</text>
<copyright>(c) Reuters Limited 1997</copyright>
<metadata>
<codes class="bip:countries:1.0">
  <code code="PORL">
    <editdetail attribution="Reuters BIP Coding Group" action="confirmed" date="1997-03-14"/>
  </code>
</codes>
<codes class="bip:topics:1.0">
  <code code="E11">
    <editdetail attribution="Reuters BIP Coding Group" action="confirmed" date="1997-03-14"/>
  </code>
  <code code="E12">
    <editdetail attribution="Reuters BIP Coding Group" action="confirmed" date="1997-03-14"/>
  </code>
  <code code="ECAT">
    <editdetail attribution="Reuters BIP Coding Group" action="confirmed" date="1997-03-14"/>
  </code>
</codes>
<dc element="dc.date.created" value="1997-03-14"/>
<dc element="dc.publisher" value="Reuters Holdings Plc"/>
<dc element="dc.date.published" value="1997-03-14"/>
<dc element="dc.source" value="Reuters"/>
<dc element="dc.creator.location" value="LISBON"/>
<dc element="dc.creator.location.country.name" value="PORTUGAL"/>
<dc element="dc.source" value="Reuters"/>
</metadata>
</newsitem>
