<?xml version="1.0" encoding="iso-8859-1" ?>
<newsitem itemid="35481" id="root" date="1996-09-05" xml:lang="en">
<title>INDIA: Tax reliefs unlikely to boost Indian textile trade.</title>
<headline>Tax reliefs unlikely to boost Indian textile trade.</headline>
<dateline>BOMBAY 1996-09-05</dateline>
<text>
<p>New entitlements will enable India's large textile firms blunt the competitive edge of mushrooming tiny units that evade taxes, but this will not lead to a big increase in profits, analysts said on Thursday.</p>
<p>&quot;Yes, it'll benefit the organised sector,&quot; said Sachin Joneja, research head at Classic Share and Stock Broking Services. &quot;It'll not mean a big change in profitability.&quot;</p>
<p>Finance Minister P. Chidambaram said on Tuesday that companies can retain 70 percent of the modified value added tax, or Modvat, on duty paid by the firms on raw materials that go into the making of fabrics.</p>
<p>The higher entitlement followed a 50 percent Modvat relief set by the 1996/97 (April-March) budget presented to parliament on July 22, after excise levies were raised in some instances.</p>
<p>Analysts said the restructured duty was aimed at capping tax evasion by the small-scale units, collectively called the unorganised sector, by rewarding the big firms who pay taxes.</p>
<p>As excise duty is higher on costlier fabrics, companies making high value-added fabrics like Coats Viyella India were likely to benefit the most, analyst Shoma Roy at Daewoo Securities said.</p>
<p>But gains for companies like Century Textiles which exports more than 60 percent of its products and enjoy tax breaks will be limited, she said.</p>
<p>The latest Modvat relief would not completely undo the damage done by the budgetary levies.</p>
<p>&quot;Overall, the budget will continue to be negative for fabric makers,&quot; said Kannan Ranganath, analyst at Kotak Securities.</p>
<p>-- Bombay Newsroom +91-22-265-9000</p>
</text>
<copyright>(c) Reuters Limited 1996</copyright>
<metadata>
<codes class="bip:countries:1.0">
  <code code="INDIA">
    <editdetail attribution="Reuters BIP Coding Group" action="confirmed" date="1996-09-05"/>
  </code>
</codes>
<codes class="bip:industries:1.0">
  <code code="I43000">
    <editdetail attribution="Reuters BIP Coding Group" action="confirmed" date="1996-09-05"/>
  </code>
</codes>
<codes class="bip:topics:1.0">
  <code code="C13">
    <editdetail attribution="Reuters BIP Coding Group" action="confirmed" date="1996-09-05"/>
  </code>
  <code code="CCAT">
    <editdetail attribution="Reuters BIP Coding Group" action="confirmed" date="1996-09-05"/>
  </code>
  <code code="E21">
    <editdetail attribution="Reuters BIP Coding Group" action="confirmed" date="1996-09-05"/>
  </code>
  <code code="E211">
    <editdetail attribution="Reuters BIP Coding Group" action="confirmed" date="1996-09-05"/>
  </code>
  <code code="ECAT">
    <editdetail attribution="Reuters BIP Coding Group" action="confirmed" date="1996-09-05"/>
  </code>
</codes>
<dc element="dc.date.created" value="1996-09-05"/>
<dc element="dc.publisher" value="Reuters Holdings Plc"/>
<dc element="dc.date.published" value="1996-09-05"/>
<dc element="dc.source" value="Reuters"/>
<dc element="dc.creator.location" value="BOMBAY"/>
<dc element="dc.creator.location.country.name" value="INDIA"/>
<dc element="dc.source" value="Reuters"/>
</metadata>
</newsitem>
