<?xml version="1.0" encoding="iso-8859-1" ?>
<newsitem itemid="322028" id="root" date="1997-01-21" xml:lang="en">
<title>PAKISTAN: PRESS DIGEST - Pakistan - January 21.</title>
<headline>PRESS DIGEST - Pakistan - January 21.</headline>
<text>
<p>These are the leading stories in the Pakistani press on Tuesday. Reuters has not verified these stories and does not vouch for their accuracy.</p>
<p>DAWN</p>
<p>- At least 32 people, including a 12-year-old boy, died and numerous others fell unconscious after drinking poisonous country liquor in Hyderabad city of southern Sindh province.</p>
<p>- A two-week ban was been imposed on pillion-riding across the Sindh province with immediate effect.</p>
<p>- A suspect arrested soon after the bomb blast in Lahore confessed to have carried out the explosion resulting in the death of 19 people, including 14 policemen.</p>
<p>- The splinter faction of Pakistan Peoples Party (Shaheed Bhutto) led by Ghinwa Bhutto and the Sindh National Front led by caretaker chief minister of Sindh province Mumtaz Ali Bhutto have sealed an electoral alliance for the February 3 polls.</p>
<p>- A fighter plane of the Pakistan Air Force crashed near Domeli village, about 20 km from Chakwal.</p>
<p>- Iran accused the United States of involvement in the bomb attack on an Iranian cultural centre in Pakistan, but said the incident would not affect relations with Islamabad.</p>
<p>- The mid-plan review of the Eighth Five-Year Plan (1993-1998) said gross domestic product grew five percent, the agriculture sector 5.9 percent and the manufacturing sector 4.5 percent.</p>
<p>- The Corporate Law Authority approved the prospectus of Saadi Cement Ltd, subject to certain important modifications, for offering 25 percent of its shares to the public.</p>
<p>BUSINESS RECORDER</p>
<p>- The government has decided to allocate licenses for the sale of liquefied petroleum gas by open auctions among pre-qualified bidders above a reserved price.</p>
<p>- Unexpected rains on Sunday have delayed shipment of rice export cargoes as the rice bags being loaded onto six vessels at the Karachi Port were dampened, exporters said.</p>
<p>- A pay-phone company, Telecard Ltd, said its service is likely to resume shortly after the government removed a ban on mobile, pager and pay-phone services in Karachi.</p>
<p>- A vessel carrying 18,000 tonnes of soyabean oil berthed at Port Qasim.</p>
<p>FINANCIAL POST</p>
<p>- A Federal Investigation Agency probe has proved that the state-run Saindak Blister Refining Project has run into snags due to heavy misuse of funds.</p>
<p>THE NEWS</p>
<p>- The U.S.-based oil company, Mobil Asia-Pacific, plans to start blending and packing of automobile oil from June as it has purchased the blending and packing plant of Zavier Petroleum.</p>
<p>THE NATION</p>
<p>- The International Monetary Fund is likely to decide on Tuesday whether to release the second tranche of $72 million credit facility to Pakistan before February 3 general elections or further negotiate with the next government.</p>
<p>- Former army generals have formed the National Raffa (welfare) Party, opposing any move to cut defence spending.</p>
<p>-- Islamabad newsroom 9251-274757</p>
</text>
<copyright>(c) Reuters Limited 1997</copyright>
<metadata>
<codes class="bip:countries:1.0">
  <code code="PAKIS">
    <editdetail attribution="Reuters BIP Coding Group" action="confirmed" date="1997-01-21"/>
  </code>
</codes>
<codes class="bip:topics:1.0">
  <code code="GCAT">
    <editdetail attribution="Reuters BIP Coding Group" action="confirmed" date="1997-01-21"/>
  </code>
</codes>
<dc element="dc.publisher" value="Reuters Holdings Plc"/>
<dc element="dc.date.published" value="1997-01-21"/>
<dc element="dc.source" value="Reuters"/>
<dc element="dc.creator.location.country.name" value="PAKISTAN"/>
<dc element="dc.source" value="Reuters"/>
</metadata>
</newsitem>
