<?xml version="1.0" encoding="iso-8859-1" ?>
<newsitem itemid="602147" id="root" date="1997-05-21" xml:lang="en">
<title>USA: Rubin reiterates strong dollar policy still holds.</title>
<headline>Rubin reiterates strong dollar policy still holds.</headline>
<dateline>WASHINGTON 1997-05-21</dateline>
<text>
<p>U.S. Treasury Secretary Robert Rubin on Wednesday reiterated his support for a strong dollar, but declined comment on the currency's sharp recent fall in foreign exchange markets.</p>
<p>&quot;A strong dollar has been our policy since the beginning of the (Clinton) administration. It's still our policy,&quot; Rubin said.</p>
<p>Asked by reporters if the dollar was currently strong, Rubin declined to comment.</p>
<p>&quot;I'd really just like to stick with what I said,&quot; Rubin said.  </p>
<p>Rubin also reiterated the benefits of a strong dollar for the U.S. economy.</p>
<p>&quot;A strong dollar is in our interests. It leads to lower interest rates, lower inflation and it's obviously good for our economy,&quot; Rubin said.</p>
<p>Rubin declined comment on the Federal Reserve's decision to hold interest rates steady at a policy meeting on Tuesday, but noted that the economy remains on a solid footing.</p>
<p>&quot;As long as we keep on a path of fiscal responsibility ... by far and away the most likely set of circumstances going forward is solid growth and low inflation,&quot; he said.</p>
</text>
<copyright>(c) Reuters Limited 1997</copyright>
<metadata>
<codes class="bip:countries:1.0">
  <code code="USA">
    <editdetail attribution="Reuters BIP Coding Group" action="confirmed" date="1997-05-21"/>
  </code>
</codes>
<codes class="bip:topics:1.0">
  <code code="E12">
    <editdetail attribution="Reuters BIP Coding Group" action="confirmed" date="1997-05-21"/>
  </code>
  <code code="ECAT">
    <editdetail attribution="Reuters BIP Coding Group" action="confirmed" date="1997-05-21"/>
  </code>
  <code code="M13">
    <editdetail attribution="Reuters BIP Coding Group" action="confirmed" date="1997-05-21"/>
  </code>
  <code code="M132">
    <editdetail attribution="Reuters BIP Coding Group" action="confirmed" date="1997-05-21"/>
  </code>
  <code code="MCAT">
    <editdetail attribution="Reuters BIP Coding Group" action="confirmed" date="1997-05-21"/>
  </code>
</codes>
<dc element="dc.date.created" value="1997-05-21"/>
<dc element="dc.publisher" value="Reuters Holdings Plc"/>
<dc element="dc.date.published" value="1997-05-21"/>
<dc element="dc.source" value="Reuters"/>
<dc element="dc.creator.location" value="WASHINGTON"/>
<dc element="dc.creator.location.country.name" value="USA"/>
<dc element="dc.source" value="Reuters"/>
</metadata>
</newsitem>
