<?xml version="1.0" encoding="iso-8859-1" ?>
<newsitem itemid="797320" id="root" date="1997-08-13" xml:lang="en">
<title>TUNISIA: PRESS DIGEST - Tunisia - Aug 13.</title>
<headline>PRESS DIGEST - Tunisia - Aug 13.</headline>
<dateline>TUNIS 1997-08-13</dateline>
<text>
<p>These are the leading stories in the Tunisian press on Wednesday. Reuters has not verified these stories and does not vouch for their accuracy.</p>
<p>LA PRESSE</p>
<p>- First Lady Leila Ben Ali on Tuesday chaired a cultural show in the resort of Hammamet on the occasion of Women's Day.</p>
<p>- Tunisia has issued 12.5 billion yen of 4.35 percent 20-year Samurai bonds.</p>
<p>- Tunisian Foreign Affairs Minister Abderrahim Zouari and visiting Luxembourg Secretary of State Georges Wohlfart on Tuesday discussed ways to reinforce bilateral cooperation.</p>
<p>LE TEMPS</p>
<p>- A Greenpeace ship is visiting La Goulette port in a mission to fight the dangerous seaweed &quot;Caulerpa Taxifolia&quot;.</p>
</text>
<copyright>(c) Reuters Limited 1997</copyright>
<metadata>
<codes class="bip:countries:1.0">
  <code code="TUNIS">
    <editdetail attribution="Reuters BIP Coding Group" action="confirmed" date="1997-08-13"/>
  </code>
</codes>
<codes class="bip:topics:1.0">
  <code code="GCAT">
    <editdetail attribution="Reuters BIP Coding Group" action="confirmed" date="1997-08-13"/>
  </code>
</codes>
<dc element="dc.date.created" value="1997-08-13"/>
<dc element="dc.publisher" value="Reuters Holdings Plc"/>
<dc element="dc.date.published" value="1997-08-13"/>
<dc element="dc.source" value="Reuters"/>
<dc element="dc.creator.location" value="TUNIS"/>
<dc element="dc.creator.location.country.name" value="TUNISIA"/>
<dc element="dc.source" value="Reuters"/>
</metadata>
</newsitem>
