<?xml version="1.0" encoding="iso-8859-1" ?>
<newsitem itemid="588383" id="root" date="1997-05-15" xml:lang="en">
<title>JAPAN: Yagi - 96/97 parent results.</title>
<headline>Yagi - 96/97 parent results.</headline>
<dateline>TOKYO 1997-05-15</dateline>
<text>
<p>Year to March 20, 1997</p>
<p> (Parent)	(in billions of yen unless specified)</p>
<p> Sales		  8.15		vs	    7.76</p>
<p> Operating	    1.33		vs	    1.61</p>
<p> Current		1.32		vs	    1.67</p>
<p> Net		  681    million	  vs	  980    million</p>
<p> EPS		   49.79 yen	  vs	   71.65 yen</p>
<p> Diluted EPS	     -		vs		 -</p>
<p> Shares	     14 million	  vs	  14 million</p>
<p> Ord div	     15.00 yen	  vs	   15.00 yen</p>
<p> -Commem div	  5.00 yen	  vs		 -</p>
<p>NOTE - Yagi Corp is a medium-size manufacturer of women&quot;s office uniforms.</p>
</text>
<copyright>(c) Reuters Limited 1997</copyright>
<metadata>
<codes class="bip:countries:1.0">
  <code code="JAP">
    <editdetail attribution="Reuters BIP Coding Group" action="confirmed" date="1997-05-15"/>
  </code>
</codes>
<codes class="bip:industries:1.0">
  <code code="I45300">
    <editdetail attribution="Reuters BIP Coding Group" action="confirmed" date="1997-05-15"/>
  </code>
</codes>
<codes class="bip:topics:1.0">
  <code code="C15">
    <editdetail attribution="Reuters BIP Coding Group" action="confirmed" date="1997-05-15"/>
  </code>
  <code code="C151">
    <editdetail attribution="Reuters BIP Coding Group" action="confirmed" date="1997-05-15"/>
  </code>
  <code code="C1511">
    <editdetail attribution="Reuters BIP Coding Group" action="confirmed" date="1997-05-15"/>
  </code>
  <code code="CCAT">
    <editdetail attribution="Reuters BIP Coding Group" action="confirmed" date="1997-05-15"/>
  </code>
</codes>
<dc element="dc.date.created" value="1997-05-15"/>
<dc element="dc.publisher" value="Reuters Holdings Plc"/>
<dc element="dc.date.published" value="1997-05-15"/>
<dc element="dc.source" value="Reuters"/>
<dc element="dc.creator.location" value="TOKYO"/>
<dc element="dc.creator.location.country.name" value="JAPAN"/>
<dc element="dc.source" value="Reuters"/>
</metadata>
</newsitem>
