<?xml version="1.0" encoding="iso-8859-1" ?>
<newsitem itemid="636396" id="root" date="1997-06-04" xml:lang="en">
<title>ROMANIA: Romania plans Tarom restructure despite protests.</title>
<headline>Romania plans Tarom restructure despite protests.</headline>
<dateline>BUCHAREST 1997-06-04</dateline>
<text>
<p>Romania's main privatisation agency vowed on Wednesday to proceed with plans to restructure the national airline Tarom despite a threatened strike by maintenance staff which could ground its flights.</p>
<p>&quot;We are working on a restructuring plan for Tarom with very tough measures, which is absolutely vital if we want Romania to continue to have a national carrier,&quot; said Sorin Dimitriu, head of the State Ownership Fund (FPS).</p>
<p>&quot;No sentimental reason or trade union action will be allowed in our restructuring plan,&quot; he told a news conference.</p>
<p>Several hundred mechanics and engineers gathered for the third consecutive day at Tarom's maintenance centre outside Bucharest's Otopeni airport to denounce a plan for 1,000 temporary layoffs to cut wage bills.</p>
<p>Flights have so far been unaffected, but staff have threatened to halt maintenance checks and shut down the airline's operations unless the plan is withdrawn.</p>
<p>Dimitriu said Tarom needed to cut jobs, withdraw ageing aircraft and improve efficiency after years of bad management.</p>
<p>He said the FPS, Tarom's majority shareholder, was considering turning over the airline's management to an international company, but declined to give details.</p>
<p>Tarom has laboured under huge debts in recent years, compounded by high fees to air traffic control and airport authorities. Trade unions want maintained state subsidies, early retirement packages instead of layoffs and have asked the airline to shed loss-making subcontractors.</p>
<p>A restructuring plan to compete in growing east European markets was initiated in 1995. But it stalled under leftists who held power after the ousting of Communist dictator Nicolae Ceausescu in 1989 until their election defeat last year.</p>
<p>The carrier plans to buy eight new Boeing 737s as part of a project to upgrade its fleet.</p>
</text>
<copyright>(c) Reuters Limited 1997</copyright>
<metadata>
<codes class="bip:countries:1.0">
  <code code="ROM">
    <editdetail attribution="Reuters BIP Coding Group" action="confirmed" date="1997-06-04"/>
  </code>
</codes>
<codes class="bip:industries:1.0">
  <code code="I75000">
    <editdetail attribution="Reuters BIP Coding Group" action="confirmed" date="1997-06-04"/>
  </code>
</codes>
<codes class="bip:topics:1.0">
  <code code="C11">
    <editdetail attribution="Reuters BIP Coding Group" action="confirmed" date="1997-06-04"/>
  </code>
  <code code="C18">
    <editdetail attribution="Reuters BIP Coding Group" action="confirmed" date="1997-06-04"/>
  </code>
  <code code="C183">
    <editdetail attribution="Reuters BIP Coding Group" action="confirmed" date="1997-06-04"/>
  </code>
  <code code="C42">
    <editdetail attribution="Reuters BIP Coding Group" action="confirmed" date="1997-06-04"/>
  </code>
  <code code="CCAT">
    <editdetail attribution="Reuters BIP Coding Group" action="confirmed" date="1997-06-04"/>
  </code>
  <code code="E41">
    <editdetail attribution="Reuters BIP Coding Group" action="confirmed" date="1997-06-04"/>
  </code>
  <code code="ECAT">
    <editdetail attribution="Reuters BIP Coding Group" action="confirmed" date="1997-06-04"/>
  </code>
  <code code="GCAT">
    <editdetail attribution="Reuters BIP Coding Group" action="confirmed" date="1997-06-04"/>
  </code>
  <code code="GJOB">
    <editdetail attribution="Reuters BIP Coding Group" action="confirmed" date="1997-06-04"/>
  </code>
</codes>
<dc element="dc.date.created" value="1997-06-04"/>
<dc element="dc.publisher" value="Reuters Holdings Plc"/>
<dc element="dc.date.published" value="1997-06-04"/>
<dc element="dc.source" value="Reuters"/>
<dc element="dc.creator.location" value="BUCHAREST"/>
<dc element="dc.creator.location.country.name" value="ROMANIA"/>
<dc element="dc.source" value="Reuters"/>
</metadata>
</newsitem>
