<?xml version="1.0" encoding="iso-8859-1" ?>
<newsitem itemid="352749" id="root" date="1997-02-03" xml:lang="en">
<title>JAPAN: Kentucky Fried Japan - 95/96 parent results.</title>
<headline>Kentucky Fried Japan - 95/96 parent results.</headline>
<dateline>TOKYO 1997-02-03</dateline>
<text>
<p>Year to November 30, 1996</p>
<p> (Parent)	(in billions of yen unless specified)</p>
<p> Sales		 82.23		vs	   76.97</p>
<p> Operating	    2.72		vs	    2.36</p>
<p> Current		3.01		vs	    2.75</p>
<p> Net		    1.46		vs	  909    million</p>
<p> EPS		   62.35 yen	  vs	   38.80 yen</p>
<p>NOTE - Kentucky Fried Chicken Japan Ltd is a major fried chicken restaurant operator.</p>
</text>
<copyright>(c) Reuters Limited 1997</copyright>
<metadata>
<codes class="bip:countries:1.0">
  <code code="JAP">
    <editdetail attribution="Reuters BIP Coding Group" action="confirmed" date="1997-02-03"/>
  </code>
</codes>
<codes class="bip:industries:1.0">
  <code code="I66100">
    <editdetail attribution="Reuters BIP Coding Group" action="confirmed" date="1997-02-03"/>
  </code>
</codes>
<codes class="bip:topics:1.0">
  <code code="C15">
    <editdetail attribution="Reuters BIP Coding Group" action="confirmed" date="1997-02-03"/>
  </code>
  <code code="C151">
    <editdetail attribution="Reuters BIP Coding Group" action="confirmed" date="1997-02-03"/>
  </code>
  <code code="C1511">
    <editdetail attribution="Reuters BIP Coding Group" action="confirmed" date="1997-02-03"/>
  </code>
  <code code="CCAT">
    <editdetail attribution="Reuters BIP Coding Group" action="confirmed" date="1997-02-03"/>
  </code>
</codes>
<dc element="dc.date.created" value="1997-02-03"/>
<dc element="dc.publisher" value="Reuters Holdings Plc"/>
<dc element="dc.date.published" value="1997-02-03"/>
<dc element="dc.source" value="Reuters"/>
<dc element="dc.creator.location" value="TOKYO"/>
<dc element="dc.creator.location.country.name" value="JAPAN"/>
<dc element="dc.source" value="Reuters"/>
</metadata>
</newsitem>
