<?xml version="1.0" encoding="iso-8859-1" ?>
<newsitem itemid="247315" id="root" date="1996-12-10" xml:lang="en">
<title>SWITZERLAND: Zurich November securities turnover rises 2.2 pct.</title>
<headline>Zurich November securities turnover rises 2.2 pct.</headline>
<dateline>ZURICH 1996-12-10</dateline>
<text>
<p>Securities turnover in Switzerland's biggest canton, Zurich, rose 2.2 pct in November from the month before to 51.31 billion Swiss francs, cantonal bourse authorities said.</p>
<p>Turnover was up 9.4 percent from November last year.</p>
<p>Cumulative turnover for the first 10 months of 1996 was 30.8 pct higher than last year at 537.41 billion francs.</p>
<p>The figures cover all trade in securities and securities derivatives on and off the bourse and on the Swiss Options and Financial Futures Exchange (Soffex).</p>
<p>-- Zurich Newsroom, +41-1-631 7340</p>
</text>
<copyright>(c) Reuters Limited 1996</copyright>
<metadata>
<codes class="bip:countries:1.0">
  <code code="SWITZ">
    <editdetail attribution="Reuters BIP Coding Group" action="confirmed" date="1996-12-10"/>
  </code>
</codes>
<codes class="bip:topics:1.0">
  <code code="M11">
    <editdetail attribution="Reuters BIP Coding Group" action="confirmed" date="1996-12-10"/>
  </code>
  <code code="MCAT">
    <editdetail attribution="Reuters BIP Coding Group" action="confirmed" date="1996-12-10"/>
  </code>
</codes>
<dc element="dc.date.created" value="1996-12-10"/>
<dc element="dc.publisher" value="Reuters Holdings Plc"/>
<dc element="dc.date.published" value="1996-12-10"/>
<dc element="dc.source" value="Reuters"/>
<dc element="dc.creator.location" value="ZURICH"/>
<dc element="dc.creator.location.country.name" value="SWITZERLAND"/>
<dc element="dc.source" value="Reuters"/>
</metadata>
</newsitem>
