<?xml version="1.0" encoding="iso-8859-1" ?>
<newsitem itemid="126978" id="root" date="1996-10-18" xml:lang="en">
<title>DENMARK: Indefatigable Danish shares resume upward path.</title>
<headline>Indefatigable Danish shares resume upward path.</headline>
<dateline>COPENHAGEN 1996-10-18</dateline>
<text>
<p>Danish share prices closed the week with an earlier-than-forecast rally after two days of profit taking and dealers saw a revived bond market helping boost shares further next week.</p>
<p>&quot;There has been good healthy interest in many shares, spread fairly well out,&quot; a dealer said.</p>
<p>The KFX top-20 index gained 0.46 point to 128.64 -- close to its current record 128.82 -- in overall bourse turnover of xxx million crowns.</p>
<p>The KFX December future fell 0.30 point to 129.10 with 50 contracts each worth 100,000 crowns traded.</p>
<p>Dealers said there was plenty of liquidity chasing good buys. Among fancied paper on Friday was Carlsberg, which rose six crowns to 383 crowns after a 'buy' recommendation from Aros Securities in turnover of 195,000 shares traded.</p>
<p>SAS, which on Thursday said it would raise some prices to compensate for rising fuel costs, climbed 3.5 crowns to 75 crowns, in turnover of 425,000.</p>
</text>
<copyright>(c) Reuters Limited 1996</copyright>
<metadata>
<codes class="bip:countries:1.0">
  <code code="DEN">
    <editdetail attribution="Reuters BIP Coding Group" action="confirmed" date="1996-10-18"/>
  </code>
</codes>
<codes class="bip:topics:1.0">
  <code code="M11">
    <editdetail attribution="Reuters BIP Coding Group" action="confirmed" date="1996-10-18"/>
  </code>
  <code code="MCAT">
    <editdetail attribution="Reuters BIP Coding Group" action="confirmed" date="1996-10-18"/>
  </code>
</codes>
<dc element="dc.date.created" value="1996-10-18"/>
<dc element="dc.publisher" value="Reuters Holdings Plc"/>
<dc element="dc.date.published" value="1996-10-18"/>
<dc element="dc.source" value="Reuters"/>
<dc element="dc.creator.location" value="COPENHAGEN"/>
<dc element="dc.creator.location.country.name" value="DENMARK"/>
<dc element="dc.source" value="Reuters"/>
</metadata>
</newsitem>
