<?xml version="1.0" encoding="iso-8859-1" ?>
<newsitem itemid="334632" id="root" date="1997-01-27" xml:lang="en">
<title>BRAZIL: COCOA--Brazil producers pin hopes on rain plane.</title>
<headline>COCOA--Brazil producers pin hopes on rain plane.</headline>
<dateline>RIO DE JANEIRO 1997-01-27</dateline>
<text>
<p>Concern over dry weather in Brazil's main cocoa-growing region of Bahia has become so acute that sector representatives have hired an airplane which will try and provoke rainfall, a producer official said.</p>
<p>&quot;We have contracted an airplane from the Fundacao Cearense de Meteorologia e Recursos Hidricos,&quot; said Wallace Setenta, president of the National Cocoa Producers Council (CNPC).</p>
<p>&quot;The airplane flies until it identifies the right kind of clouds and then it applies chemical products to try and make it rain,&quot; he added.</p>
<p>The method was last used by producers in 1972, he said.</p>
<p>&quot;It is very difficult to gauge the results but it is an attempt to do something,&quot; he said.</p>
<p>Widespread rains in the region last fell in the middle of December and since then there has been only scattered showers.</p>
<p>Already producers are talking about the possibility of a 30 percent fall in last year's 1.5 million 60-kg bag midcrop which runs from May to September.</p>
<p>&quot;At the moment, we are looking at around one million bags possibly,&quot; Setenta said.</p>
<p>The rain-making plane arrived in the region today and will begin work tomorrow, Setenta said.</p>
<p>It has been contracted for a flying-time of 30 hours at a cost of 35,000 reais ($33,650).</p>
<p>The cost is being borne by all areas of the cocoa sector, including growers' associations, cocoa industries and exporters, with the largest contribution coming from the Bahia state government, Setenta said.</p>
<p>-- Caroline Bulloch, Rio de Janeiro newsroom, 5521 5074151</p>
</text>
<copyright>(c) Reuters Limited 1997</copyright>
<metadata>
<codes class="bip:countries:1.0">
  <code code="BRAZ">
    <editdetail attribution="Reuters BIP Coding Group" action="confirmed" date="1997-01-27"/>
  </code>
</codes>
<codes class="bip:industries:1.0">
  <code code="I01001">
    <editdetail attribution="Reuters BIP Coding Group" action="confirmed" date="1997-01-27"/>
  </code>
  <code code="I0100144">
    <editdetail attribution="Reuters BIP Coding Group" action="confirmed" date="1997-01-27"/>
  </code>
</codes>
<codes class="bip:topics:1.0">
  <code code="C21">
    <editdetail attribution="Reuters BIP Coding Group" action="confirmed" date="1997-01-27"/>
  </code>
  <code code="C24">
    <editdetail attribution="Reuters BIP Coding Group" action="confirmed" date="1997-01-27"/>
  </code>
  <code code="CCAT">
    <editdetail attribution="Reuters BIP Coding Group" action="confirmed" date="1997-01-27"/>
  </code>
  <code code="M14">
    <editdetail attribution="Reuters BIP Coding Group" action="confirmed" date="1997-01-27"/>
  </code>
  <code code="M141">
    <editdetail attribution="Reuters BIP Coding Group" action="confirmed" date="1997-01-27"/>
  </code>
  <code code="MCAT">
    <editdetail attribution="Reuters BIP Coding Group" action="confirmed" date="1997-01-27"/>
  </code>
</codes>
<dc element="dc.date.created" value="1997-01-27"/>
<dc element="dc.publisher" value="Reuters Holdings Plc"/>
<dc element="dc.date.published" value="1997-01-27"/>
<dc element="dc.source" value="Reuters"/>
<dc element="dc.creator.location" value="RIO DE JANEIRO"/>
<dc element="dc.creator.location.country.name" value="BRAZIL"/>
<dc element="dc.source" value="Reuters"/>
</metadata>
</newsitem>
