<?xml version="1.0" encoding="iso-8859-1" ?>
<newsitem itemid="434404" id="root" date="1997-03-11" xml:lang="en">
<title>USA: U.S. launches investigation into EU starch subsidies.</title>
<headline>U.S. launches investigation into EU starch subsidies.</headline>
<dateline>WASHINGTON 1997-03-11</dateline>
<text>
<p>U.S. Trade Representative Charlene Barshefsky on Monday said her agency launched an investigation into allegations that European Union subsidies for modified starch were hurting U.S. producers.</p>
<p>&quot;I am very concerned about the difficulties that U.S. wheat gluten and starch producers are facing,&quot; Barshefsky said in a statement. &quot;We intend to investigate the U.S. wheat gluten industry's claim that the EU uses one of its starch subsidy programs to cut off U.S. exports of modified starch to the EU.&quot;</p>
<p>The U.S. Trade Representative's office said the U.S. Wheat Gluten Industry Council asked for the investigation. The industry had alleged that EU subsidies benefited European production and export of wheat gluten to the United States. The U.S. wheat gluten industry produces both starch and gluten from wheat.</p>
<p>Barshefsky said a decision was made to launch the so-called Section 301 investigation into allegations that the EU starch production program was hurting the U.S. industry.</p>
<p>&quot;The decision to initiate this investigation exemplifies the commitment of this administration to remain vigilant in monitoring the practices of our trading partners,&quot; Barshefsky said.</p>
<p>She said no 301 investigtion would be launched into allegations concerning subsidized wheat gluten. She said the USTR would continue working with the U.S. industry to determine whether futher action was needed. She said the United States would seek consultations with the EU under a July 1996 trade agreement on grains.</p>
</text>
<copyright>(c) Reuters Limited 1997</copyright>
<metadata>
<codes class="bip:countries:1.0">
  <code code="EEC">
    <editdetail attribution="Reuters BIP Coding Group" action="confirmed" date="1997-03-11"/>
  </code>
  <code code="USA">
    <editdetail attribution="Reuters BIP Coding Group" action="confirmed" date="1997-03-11"/>
  </code>
</codes>
<codes class="bip:industries:1.0">
  <code code="I41800">
    <editdetail attribution="Reuters BIP Coding Group" action="confirmed" date="1997-03-11"/>
  </code>
</codes>
<codes class="bip:topics:1.0">
  <code code="C17">
    <editdetail attribution="Reuters BIP Coding Group" action="confirmed" date="1997-03-11"/>
  </code>
  <code code="C31">
    <editdetail attribution="Reuters BIP Coding Group" action="confirmed" date="1997-03-11"/>
  </code>
  <code code="C312">
    <editdetail attribution="Reuters BIP Coding Group" action="confirmed" date="1997-03-11"/>
  </code>
  <code code="C34">
    <editdetail attribution="Reuters BIP Coding Group" action="confirmed" date="1997-03-11"/>
  </code>
  <code code="CCAT">
    <editdetail attribution="Reuters BIP Coding Group" action="confirmed" date="1997-03-11"/>
  </code>
  <code code="G15">
    <editdetail attribution="Reuters BIP Coding Group" action="confirmed" date="1997-03-11"/>
  </code>
  <code code="G157">
    <editdetail attribution="Reuters BIP Coding Group" action="confirmed" date="1997-03-11"/>
  </code>
  <code code="G158">
    <editdetail attribution="Reuters BIP Coding Group" action="confirmed" date="1997-03-11"/>
  </code>
  <code code="GCAT">
    <editdetail attribution="Reuters BIP Coding Group" action="confirmed" date="1997-03-11"/>
  </code>
</codes>
<dc element="dc.date.created" value="1997-03-11"/>
<dc element="dc.publisher" value="Reuters Holdings Plc"/>
<dc element="dc.date.published" value="1997-03-11"/>
<dc element="dc.source" value="Reuters"/>
<dc element="dc.creator.location" value="WASHINGTON"/>
<dc element="dc.creator.location.country.name" value="USA"/>
<dc element="dc.source" value="Reuters"/>
</metadata>
</newsitem>
