<?xml version="1.0" encoding="iso-8859-1" ?>
<newsitem itemid="602821" id="root" date="1997-05-21" xml:lang="en">
<title>USA: RESEARCH ALERT - Schering-Plough raised.</title>
<headline>RESEARCH ALERT - Schering-Plough raised.</headline>
<dateline>NEW YORK 1997-05-21</dateline>
<text>
<p>Merrill Lynch said Wednesday analyst Dick Vietor had raised his rating for Schering-Plough Corp to long-term accumulate from neutral.</p>
<p>He kept his near-term neutral rating for the drugs company. Its shares opened up 2-3/8 at 89-1/2.</p>
<p>((-- Wall Street desk (212) 859-1730))</p>
</text>
<copyright>(c) Reuters Limited 1997</copyright>
<metadata>
<codes class="bip:countries:1.0">
  <code code="USA">
    <editdetail attribution="Reuters BIP Coding Group" action="confirmed" date="1997-05-21"/>
  </code>
</codes>
<codes class="bip:industries:1.0">
  <code code="I25700">
    <editdetail attribution="Reuters BIP Coding Group" action="confirmed" date="1997-05-21"/>
  </code>
</codes>
<codes class="bip:topics:1.0">
  <code code="C15">
    <editdetail attribution="Reuters BIP Coding Group" action="confirmed" date="1997-05-21"/>
  </code>
  <code code="C152">
    <editdetail attribution="Reuters BIP Coding Group" action="confirmed" date="1997-05-21"/>
  </code>
  <code code="CCAT">
    <editdetail attribution="Reuters BIP Coding Group" action="confirmed" date="1997-05-21"/>
  </code>
</codes>
<dc element="dc.date.created" value="1997-05-21"/>
<dc element="dc.publisher" value="Reuters Holdings Plc"/>
<dc element="dc.date.published" value="1997-05-21"/>
<dc element="dc.source" value="Reuters"/>
<dc element="dc.creator.location" value="NEW YORK"/>
<dc element="dc.creator.location.country.name" value="USA"/>
<dc element="dc.source" value="Reuters"/>
</metadata>
</newsitem>
