<?xml version="1.0" encoding="iso-8859-1" ?>
<newsitem itemid="625469" id="root" date="1997-05-30" xml:lang="en">
<title>USA: Pacific Rim enters merger with NSE.</title>
<headline>Pacific Rim enters merger with NSE.</headline>
<dateline>BALA CYNWYD, Pa. 1997-05-30</dateline>
<text>
<p>Pacific Rim Entertainment Inc said on Friday that it has entered a merger agreement with privately held NSE Technologies Inc, a provider of computer network integration services.</p>
<p>NSE shareholders would get about 50 percent of the common stock of the company, assuming conversion of warrants, options and preferred stock, Pacific Rim said.</p>
<p>Completion of the merger is subject to certain additional equity financings by both companies and Pacific Rim shareholder approval, the company said.</p>
</text>
<copyright>(c) Reuters Limited 1997</copyright>
<metadata>
<codes class="bip:countries:1.0">
  <code code="USA">
    <editdetail attribution="Reuters BIP Coding Group" action="confirmed" date="1997-05-30"/>
  </code>
</codes>
<codes class="bip:industries:1.0">
  <code code="I97100">
    <editdetail attribution="Reuters BIP Coding Group" action="confirmed" date="1997-05-30"/>
  </code>
</codes>
<codes class="bip:topics:1.0">
  <code code="C18">
    <editdetail attribution="Reuters BIP Coding Group" action="confirmed" date="1997-05-30"/>
  </code>
  <code code="C181">
    <editdetail attribution="Reuters BIP Coding Group" action="confirmed" date="1997-05-30"/>
  </code>
  <code code="CCAT">
    <editdetail attribution="Reuters BIP Coding Group" action="confirmed" date="1997-05-30"/>
  </code>
</codes>
<dc element="dc.date.created" value="1997-05-30"/>
<dc element="dc.publisher" value="Reuters Holdings Plc"/>
<dc element="dc.date.published" value="1997-05-30"/>
<dc element="dc.source" value="Reuters"/>
<dc element="dc.creator.location" value="BALA CYNWYD, Pa."/>
<dc element="dc.creator.location.country.name" value="USA"/>
<dc element="dc.source" value="Reuters"/>
</metadata>
</newsitem>
