<?xml version="1.0" encoding="iso-8859-1" ?>
<newsitem itemid="684267" id="root" date="1997-06-24" xml:lang="en">
<title>SPAIN: Spain's Endesa says still eyeing Portugal.</title>
<headline>Spain's Endesa says still eyeing Portugal.</headline>
<dateline>MADRID 1997-06-24</dateline>
<text>
<p>Spanish utility Endesa sees expansion abroad as one of the keys to future investment and still has its eye on Portugal after the 30 percent privatisation of EDP was allocated to retail shareholders, chairman Rodolfo Martin Villa said on Tuesday.</p>
<p>&quot;(We are) following Portugal's market closely&quot; he told reporters ahead of Endesa's shareholders' meeting on Wednesday.</p>
<p>Last week, Spain's second-largest utility Iberdrola told Reuters it was still interested in a strategic deal with EDP, although this would not necessarily require taking a stake in the Portuguese firm.</p>
<p>-- Madrid newsroom +341 585 2160</p>
</text>
<copyright>(c) Reuters Limited 1997</copyright>
<metadata>
<codes class="bip:countries:1.0">
  <code code="PORL">
    <editdetail attribution="Reuters BIP Coding Group" action="confirmed" date="1997-06-24"/>
  </code>
  <code code="SPAIN">
    <editdetail attribution="Reuters BIP Coding Group" action="confirmed" date="1997-06-24"/>
  </code>
</codes>
<codes class="bip:industries:1.0">
  <code code="I16100">
    <editdetail attribution="Reuters BIP Coding Group" action="confirmed" date="1997-06-24"/>
  </code>
</codes>
<codes class="bip:topics:1.0">
  <code code="C11">
    <editdetail attribution="Reuters BIP Coding Group" action="confirmed" date="1997-06-24"/>
  </code>
  <code code="C18">
    <editdetail attribution="Reuters BIP Coding Group" action="confirmed" date="1997-06-24"/>
  </code>
  <code code="C181">
    <editdetail attribution="Reuters BIP Coding Group" action="confirmed" date="1997-06-24"/>
  </code>
  <code code="CCAT">
    <editdetail attribution="Reuters BIP Coding Group" action="confirmed" date="1997-06-24"/>
  </code>
</codes>
<dc element="dc.date.created" value="1997-06-24"/>
<dc element="dc.publisher" value="Reuters Holdings Plc"/>
<dc element="dc.date.published" value="1997-06-24"/>
<dc element="dc.source" value="Reuters"/>
<dc element="dc.creator.location" value="MADRID"/>
<dc element="dc.creator.location.country.name" value="SPAIN"/>
<dc element="dc.source" value="Reuters"/>
</metadata>
</newsitem>
