<?xml version="1.0" encoding="iso-8859-1" ?>
<newsitem itemid="432163" id="root" date="1997-03-11" xml:lang="en">
<title>USA: RESEARCH ALERT - Andina raised.</title>
<headline>RESEARCH ALERT - Andina raised.</headline>
<text>
<p>-- Credit Suisse First Boston said on Tuesday it had raised its rating for Chilean bottler Embotelladora Andina SA to buy from hold.</p>
<p>-- &quot;Andina reported better-than-expected fourth quarter earnings of $0.56 per ADS (American Depositary Share), versus our expectation of $0.50 and $0.47 in the comparable 1995 quarter, driven by double-digit unit growth in Chile and Argentina and a recovery of margins in Brazil,&quot; the bank said in a report.</p>
<p>-- Credit Suisse First Boston raised its 1997 target price to $46 from $37.</p>
<p>-- The bank raised its estimate for 1997 earnings per share to $1.80 from $1.70 and set a 1998 estimate for earnings per share of $2.20.</p>
<p>-- The company's ADSs closed on Monday at 36-1/2.</p>
<p>((-- Wall Street desk (212) 859-1730))</p>
</text>
<copyright>(c) Reuters Limited 1997</copyright>
<metadata>
<codes class="bip:countries:1.0">
  <code code="CHIL">
    <editdetail attribution="Reuters BIP Coding Group" action="confirmed" date="1997-03-11"/>
  </code>
  <code code="USA">
    <editdetail attribution="Reuters BIP Coding Group" action="confirmed" date="1997-03-11"/>
  </code>
</codes>
<codes class="bip:industries:1.0">
  <code code="I42800">
    <editdetail attribution="Reuters BIP Coding Group" action="confirmed" date="1997-03-11"/>
  </code>
</codes>
<codes class="bip:topics:1.0">
  <code code="C15">
    <editdetail attribution="Reuters BIP Coding Group" action="confirmed" date="1997-03-11"/>
  </code>
  <code code="C152">
    <editdetail attribution="Reuters BIP Coding Group" action="confirmed" date="1997-03-11"/>
  </code>
  <code code="CCAT">
    <editdetail attribution="Reuters BIP Coding Group" action="confirmed" date="1997-03-11"/>
  </code>
</codes>
<dc element="dc.publisher" value="Reuters Holdings Plc"/>
<dc element="dc.date.published" value="1997-03-11"/>
<dc element="dc.source" value="Reuters"/>
<dc element="dc.creator.location.country.name" value="USA"/>
<dc element="dc.source" value="Reuters"/>
</metadata>
</newsitem>
