<?xml version="1.0" encoding="iso-8859-1" ?>
<newsitem itemid="189321" id="root" date="1996-11-14" xml:lang="en">
<title>USA: Tele-Communications Q3 net loss vs profit.</title>
<headline>Tele-Communications Q3 net loss vs profit.</headline>
<dateline>ENGLEWOOD, Colo. 1996-11-14</dateline>
<text>
<p>1996			1995</p>
<p> Shr			   $N/A		     $N/A</p>
<p> Net loss		 136,000   profit	32,000</p>
<p> Revs		   2,135,000		1,738,000</p>
<p>	  9  MONTHS</p>
<p> Shr			   $N/A		     $N/A</p>
<p> Net loss		 438,000     loss     107,000</p>
<p> Revs		   6,089,000		4,888,000</p>
<p>(All data above 000s except per share numbers)  </p>
<p>NOTE - First Call mean estimate for Q3 was a loss of $0.13 per share.</p>
<p>Per share figures for TCI Group Series A and Series B common stock were a loss of $0.24 per share in Q3 1996 versus a loss of $0.09 per share in Q3 1995.</p>
<p>TCI Group is the holding company for Tele-Communications' businesses.</p>
<p>Full company name is Tele-Communications Inc</p>
<p>-- New York newsdesk 212-859-1610</p>
</text>
<copyright>(c) Reuters Limited 1996</copyright>
<metadata>
<codes class="bip:countries:1.0">
  <code code="USA">
    <editdetail attribution="Reuters BIP Coding Group" action="confirmed" date="1996-11-14"/>
  </code>
</codes>
<codes class="bip:industries:1.0">
  <code code="I97400">
    <editdetail attribution="Reuters BIP Coding Group" action="confirmed" date="1996-11-14"/>
  </code>
</codes>
<codes class="bip:topics:1.0">
  <code code="C15">
    <editdetail attribution="Reuters BIP Coding Group" action="confirmed" date="1996-11-14"/>
  </code>
  <code code="C151">
    <editdetail attribution="Reuters BIP Coding Group" action="confirmed" date="1996-11-14"/>
  </code>
  <code code="CCAT">
    <editdetail attribution="Reuters BIP Coding Group" action="confirmed" date="1996-11-14"/>
  </code>
</codes>
<dc element="dc.date.created" value="1996-11-14"/>
<dc element="dc.publisher" value="Reuters Holdings Plc"/>
<dc element="dc.date.published" value="1996-11-14"/>
<dc element="dc.source" value="Reuters"/>
<dc element="dc.creator.location" value="ENGLEWOOD, Colo."/>
<dc element="dc.creator.location.country.name" value="USA"/>
<dc element="dc.source" value="Reuters"/>
</metadata>
</newsitem>
