<?xml version="1.0" encoding="iso-8859-1" ?>
<newsitem itemid="89163" id="root" date="1996-10-01" xml:lang="en">
<title>GERMANY: Audi, works council agree on sick-pay benefits.</title>
<headline>Audi, works council agree on sick-pay benefits.</headline>
<dateline>INGOLSTADT, Germany 1996-10-01</dateline>
<text>
<p>German luxury carmaker Audi AG said on Tuesday that it has reached a pact with its works council over the payment of sick pay under a controversial new law that took effect on Tuesday.</p>
<p>Audi said workers will be paid 100 percent of their wages while out sick. But 20 percent of the time lost will be recorded on a &quot;time account&quot; in which workers will accrue &quot;time debts&quot; for missed work.</p>
<p>Details of how the new system will be introduced and implemented will be discussed in upcoming wage talks, Audi said in a statement.</p>
<p>The new German law says workers will receive 80 percent of their gross pay while sick compared to the current system where workers receive 100 percent of their benefits.</p>
<p>Many major German carmakers have implemented the new law, sparking labour unrest and work stoppages on Tuesday in the car industry, including Mercedes-Benz and Adam Opel.</p>
<p>--Frankfurt Newsroom, +49 69 756525</p>
</text>
<copyright>(c) Reuters Limited 1996</copyright>
<metadata>
<codes class="bip:countries:1.0">
  <code code="GFR">
    <editdetail attribution="Reuters BIP Coding Group" action="confirmed" date="1996-10-01"/>
  </code>
</codes>
<codes class="bip:industries:1.0">
  <code code="I35000">
    <editdetail attribution="Reuters BIP Coding Group" action="confirmed" date="1996-10-01"/>
  </code>
  <code code="I35101">
    <editdetail attribution="Reuters BIP Coding Group" action="confirmed" date="1996-10-01"/>
  </code>
</codes>
<codes class="bip:topics:1.0">
  <code code="C42">
    <editdetail attribution="Reuters BIP Coding Group" action="confirmed" date="1996-10-01"/>
  </code>
  <code code="CCAT">
    <editdetail attribution="Reuters BIP Coding Group" action="confirmed" date="1996-10-01"/>
  </code>
  <code code="E41">
    <editdetail attribution="Reuters BIP Coding Group" action="confirmed" date="1996-10-01"/>
  </code>
  <code code="ECAT">
    <editdetail attribution="Reuters BIP Coding Group" action="confirmed" date="1996-10-01"/>
  </code>
  <code code="GCAT">
    <editdetail attribution="Reuters BIP Coding Group" action="confirmed" date="1996-10-01"/>
  </code>
  <code code="GJOB">
    <editdetail attribution="Reuters BIP Coding Group" action="confirmed" date="1996-10-01"/>
  </code>
</codes>
<dc element="dc.date.created" value="1996-10-01"/>
<dc element="dc.publisher" value="Reuters Holdings Plc"/>
<dc element="dc.date.published" value="1996-10-01"/>
<dc element="dc.source" value="Reuters"/>
<dc element="dc.creator.location" value="INGOLSTADT, Germany"/>
<dc element="dc.creator.location.country.name" value="GERMANY"/>
<dc element="dc.source" value="Reuters"/>
</metadata>
</newsitem>
