<?xml version="1.0" encoding="iso-8859-1" ?>
<newsitem itemid="796265" id="root" date="1997-08-13" xml:lang="en">
<title>COSTA RICA: COSTA RICA TO HOST COFFEE INDUSTRY CONFERENCE.</title>
<headline>COSTA RICA TO HOST COFFEE INDUSTRY CONFERENCE.</headline>
<dateline>SAN JOSE 1997-08-13</dateline>
<text>
<p>Costa Rica plans to host a four-day symposium on the future of the coffee trade from September 16 to 19, organizers said Wednesday.</p>
<p>Organizers said the conference for industry experts would focus on coffee disease, genetic improvements, ecological concerns and world coffee markets.</p>
<p>((--Jose Loria, Costa Rica bureau +506 224-2949))</p>
</text>
<copyright>(c) Reuters Limited 1997</copyright>
<metadata>
<codes class="bip:countries:1.0">
  <code code="COSR">
    <editdetail attribution="Reuters BIP Coding Group" action="confirmed" date="1997-08-13"/>
  </code>
</codes>
<codes class="bip:industries:1.0">
  <code code="I01001">
    <editdetail attribution="Reuters BIP Coding Group" action="confirmed" date="1997-08-13"/>
  </code>
  <code code="I0100137">
    <editdetail attribution="Reuters BIP Coding Group" action="confirmed" date="1997-08-13"/>
  </code>
</codes>
<codes class="bip:topics:1.0">
  <code code="C15">
    <editdetail attribution="Reuters BIP Coding Group" action="confirmed" date="1997-08-13"/>
  </code>
  <code code="C152">
    <editdetail attribution="Reuters BIP Coding Group" action="confirmed" date="1997-08-13"/>
  </code>
  <code code="CCAT">
    <editdetail attribution="Reuters BIP Coding Group" action="confirmed" date="1997-08-13"/>
  </code>
</codes>
<dc element="dc.date.created" value="1997-08-13"/>
<dc element="dc.publisher" value="Reuters Holdings Plc"/>
<dc element="dc.date.published" value="1997-08-13"/>
<dc element="dc.source" value="Reuters"/>
<dc element="dc.creator.location" value="SAN JOSE"/>
<dc element="dc.creator.location.country.name" value="COSTA RICA"/>
<dc element="dc.source" value="Reuters"/>
</metadata>
</newsitem>
