<?xml version="1.0" encoding="iso-8859-1" ?>
<newsitem itemid="734688" id="root" date="1997-07-17" xml:lang="en">
<title>USA: Precision Systems Q2 shr loss $0.09.</title>
<headline>Precision Systems Q2 shr loss $0.09.</headline>
<dateline>ST. PETERSBURG, Fla. 1997-07-17</dateline>
<text>
<p>Three Months Ended	    Six Months Ended</p>
<p>		   June 30,			  June 30,</p>
<p>		   1997	   1996	    1997	    1996</p>
<p>Revenue</p>
<p>	  $12,086,506    $9,900,386   $22,141,797   $15,764,167</p>
<p>Net Loss</p>
<p>	 ( 1,630,720)  ( 5,186,431)  ( 4,242,956)  ( 5,582,741)</p>
<p> EBITDA	22,194  ( 2,903,268)    ( 745,884)  ( 3,214,499)</p>
<p>Loss per share:</p>
<p> Net loss   ( 0.09)	 ( 0.31)	 ( 0.24)	 ( 0.37)</p>
<p>Weighted average shares outstanding</p>
<p>	   17,584,453    16,555,945    17,578,167    15,160,491</p>
<p>Note: Full company name is Precision Systems Inc .</p>
<p>(( --New York Newsdesk 212-859-1610.))</p>
</text>
<copyright>(c) Reuters Limited 1997</copyright>
<metadata>
<codes class="bip:countries:1.0">
  <code code="USA">
    <editdetail attribution="Reuters BIP Coding Group" action="confirmed" date="1997-07-17"/>
  </code>
</codes>
<codes class="bip:industries:1.0">
  <code code="I33020">
    <editdetail attribution="Reuters BIP Coding Group" action="confirmed" date="1997-07-17"/>
  </code>
  <code code="I3302004">
    <editdetail attribution="Reuters BIP Coding Group" action="confirmed" date="1997-07-17"/>
  </code>
</codes>
<codes class="bip:topics:1.0">
  <code code="C15">
    <editdetail attribution="Reuters BIP Coding Group" action="confirmed" date="1997-07-17"/>
  </code>
  <code code="C151">
    <editdetail attribution="Reuters BIP Coding Group" action="confirmed" date="1997-07-17"/>
  </code>
  <code code="CCAT">
    <editdetail attribution="Reuters BIP Coding Group" action="confirmed" date="1997-07-17"/>
  </code>
</codes>
<dc element="dc.date.created" value="1997-07-17"/>
<dc element="dc.publisher" value="Reuters Holdings Plc"/>
<dc element="dc.date.published" value="1997-07-17"/>
<dc element="dc.source" value="Reuters"/>
<dc element="dc.creator.location" value="ST. PETERSBURG, Fla."/>
<dc element="dc.creator.location.country.name" value="USA"/>
<dc element="dc.source" value="Reuters"/>
</metadata>
</newsitem>
