<?xml version="1.0" encoding="iso-8859-1" ?>
<newsitem itemid="21449" id="root" date="1996-08-29" xml:lang="en">
<title>VENEZUELA: Venezuela non-oil exports rise 10.6 pct in July.</title>
<headline>Venezuela non-oil exports rise 10.6 pct in July.</headline>
<dateline>CARACAS 1996-08-29</dateline>
<text>
<p>Venezuela's non-traditional exports, which exclude oil and iron, rose 10.6 percent in July to reach $334 million compared to $302 million in June, according to the Central Office of Statistics and Information (OCEI).</p>
<p>&quot;The rise was due to the end of exchange controls,&quot; OCEI said. Foreign exchange controls were removed April 22 as part of a wider IMF-sponsored program.</p>
<p>Nevertheless, exports over the first seven months of the year were 16.8 percent lower than during the same period last year, at $2.240 billion compared to $2.693 billion.</p>
<p>Over the seven months, the private sector accounted for 76 percent of total exports, with &quot;common metals&quot; the strongest export sector accounting for $951 million, or 42.5 percent of total exports.</p>
<p>&quot;Chemical products&quot; came next with a 13 percent share, then &quot;transport materials&quot; with nine percent, and finally foods, drinks and tobacco with 6.3 percent.</p>
<p>Colombia was the chief market for Venezuela's non-traditional exports with 27.4 percent. The U.S. followed with a 24.6 percent share.</p>
<p>-- Caracas newsroom, 582 834405 REUTER JPR</p>
</text>
<copyright>(c) Reuters Limited 1996</copyright>
<metadata>
<codes class="bip:countries:1.0">
  <code code="VEN">
    <editdetail attribution="Reuters BIP Coding Group" action="confirmed" date="1996-08-29"/>
  </code>
</codes>
<codes class="bip:topics:1.0">
  <code code="E51">
    <editdetail attribution="Reuters BIP Coding Group" action="confirmed" date="1996-08-29"/>
  </code>
  <code code="E512">
    <editdetail attribution="Reuters BIP Coding Group" action="confirmed" date="1996-08-29"/>
  </code>
  <code code="ECAT">
    <editdetail attribution="Reuters BIP Coding Group" action="confirmed" date="1996-08-29"/>
  </code>
</codes>
<dc element="dc.date.created" value="1996-08-29"/>
<dc element="dc.publisher" value="Reuters Holdings Plc"/>
<dc element="dc.date.published" value="1996-08-29"/>
<dc element="dc.source" value="Reuters"/>
<dc element="dc.creator.location" value="CARACAS"/>
<dc element="dc.creator.location.country.name" value="VENEZUELA"/>
<dc element="dc.source" value="Reuters"/>
</metadata>
</newsitem>
