<?xml version="1.0" encoding="iso-8859-1" ?>
<newsitem itemid="172708" id="root" date="1996-11-07" xml:lang="en">
<title>MALAYSIA: Pengkalen Capital 6-mth net up 162 pct.</title>
<headline>Pengkalen Capital 6-mth net up 162 pct.</headline>
<dateline>KUALA LUMPUR 1996-11-07</dateline>
<text>
<p>Period to Sept 30</p>
<p>		    (In million ringgit unless stated)</p>
<p>    Net profit		 29.54     vs     11.27</p>
<p>    Shr    (cents)	   35.1	vs     13.4</p>
<p>    Turnover		  139.41     vs     74.18</p>
<p>    Pre-tax profit	   42.73     vs     16.92</p>
<p>Note - Full name of company is Pengkalen Capital Bhd. It is involved in stockbroking business.</p>
<p>-- Kuala Lumpur newsroom (603-230 8911)</p>
</text>
<copyright>(c) Reuters Limited 1996</copyright>
<metadata>
<codes class="bip:countries:1.0">
  <code code="MALAY">
    <editdetail attribution="Reuters BIP Coding Group" action="confirmed" date="1996-11-07"/>
  </code>
</codes>
<codes class="bip:topics:1.0">
  <code code="C15">
    <editdetail attribution="Reuters BIP Coding Group" action="confirmed" date="1996-11-07"/>
  </code>
  <code code="C151">
    <editdetail attribution="Reuters BIP Coding Group" action="confirmed" date="1996-11-07"/>
  </code>
  <code code="CCAT">
    <editdetail attribution="Reuters BIP Coding Group" action="confirmed" date="1996-11-07"/>
  </code>
</codes>
<dc element="dc.date.created" value="1996-11-07"/>
<dc element="dc.publisher" value="Reuters Holdings Plc"/>
<dc element="dc.date.published" value="1996-11-07"/>
<dc element="dc.source" value="Reuters"/>
<dc element="dc.creator.location" value="KUALA LUMPUR"/>
<dc element="dc.creator.location.country.name" value="MALAYSIA"/>
<dc element="dc.source" value="Reuters"/>
</metadata>
</newsitem>
