<?xml version="1.0" encoding="iso-8859-1" ?>
<newsitem itemid="693039" id="root" date="1997-06-27" xml:lang="en">
<title>USA: MIAMI, June 27 (Reuter) - A lawyer pressing a.</title>
<headline>MIAMI, June 27 (Reuter) - A lawyer pressing a.</headline>
<dateline>MIAMI 1997-06-27</dateline>
<text>
<p>A lawyer pressing a landmark class-action suit against cigarette makers on Friday said tobacco company attorneys were ahead in the competition to seat favorable jurors after four weeks of initial screening.</p>
<p>&quot;We have not been nearly as successful,&quot; Stanley Rosenblatt, a lawyer for the plaintiffs, said in court.</p>
</text>
<copyright>(c) Reuters Limited 1997</copyright>
<metadata>
<codes class="bip:countries:1.0">
  <code code="USA">
    <editdetail attribution="Reuters BIP Coding Group" action="confirmed" date="1997-06-27"/>
  </code>
</codes>
<codes class="bip:topics:1.0">
  <code code="GCRIM">
    <editdetail attribution="Reuters BIP Coding Group" action="confirmed" date="1997-06-27"/>
  </code>
</codes>
<dc element="dc.date.created" value="1997-06-27"/>
<dc element="dc.publisher" value="Reuters Holdings Plc"/>
<dc element="dc.date.published" value="1997-06-27"/>
<dc element="dc.source" value="Reuters"/>
<dc element="dc.creator.location" value="MIAMI"/>
<dc element="dc.creator.location.country.name" value="USA"/>
<dc element="dc.source" value="Reuters"/>
</metadata>
</newsitem>
