<?xml version="1.0" encoding="iso-8859-1" ?>
<newsitem itemid="398344" id="root" date="1997-02-24" xml:lang="en">
<title>SPAIN: Spain's Uralita to expand in Latin America.</title>
<headline>Spain's Uralita to expand in Latin America.</headline>
<dateline>MADRID 1997-02-24</dateline>
<text>
<p>Spanish building material firm Uralita is preparing to expand in Latin America and discard its less profitable businesses, chairman Juan Antonio Garcia said on Monday.</p>
<p>&quot;We are going to follow a more profitable path, without abandoning our financial solidity, towards a more and more international company,&quot; Garcia told journalists.</p>
<p>The group intends to invest some 66 billion pesetas until the year 2000 in new and better lines of production, before taking advantage of the Latin American market.</p>
<p>Despite a plunge in 1996 profits, the company sees some improvement in store for the current financial year. It predicts that attributable profit will be in the region of 4.0 billion pesetas, fuelled partly by a recovery in the construction and chemical sectors.</p>
<p>Uralita's 1996 attributable profit plummeted to 2.21 billion pesetas in 1996 from 6.02 billion in 1995 due to weakness in the construction sector and a fall in PVC prices.</p>
<p>Before taking on new expansion projects, the group said it wanted to strengthen its regional presence in Spain and consolidate its activities, managing director Eugenio Ruiz-Galvez said.</p>
<p>The company highlighted it had strong positions in its insulating, covering, piping and plaster businesses.</p>
<p>&quot;We are going to concentrate on those activities that we know well, and abandon margin businesses,&quot; Garcia said.</p>
<p>For 1996, the company said it would recommend a final dividend of 15 pesetas to give a total dividend of 25 pesetas compared with 44 pesetas in 1995.</p>
<p>At close of business on Monday, Uralita shares had slipped 15 pesetas to 1,175 in a generally depressed market. ((  -- Madrid newsroom + 34 1 585 2161))</p>
</text>
<copyright>(c) Reuters Limited 1997</copyright>
<metadata>
<codes class="bip:countries:1.0">
  <code code="LAM">
    <editdetail attribution="Reuters BIP Coding Group" action="confirmed" date="1997-02-24"/>
  </code>
  <code code="SPAIN">
    <editdetail attribution="Reuters BIP Coding Group" action="confirmed" date="1997-02-24"/>
  </code>
</codes>
<codes class="bip:industries:1.0">
  <code code="I24300">
    <editdetail attribution="Reuters BIP Coding Group" action="confirmed" date="1997-02-24"/>
  </code>
</codes>
<codes class="bip:topics:1.0">
  <code code="C11">
    <editdetail attribution="Reuters BIP Coding Group" action="confirmed" date="1997-02-24"/>
  </code>
  <code code="CCAT">
    <editdetail attribution="Reuters BIP Coding Group" action="confirmed" date="1997-02-24"/>
  </code>
</codes>
<dc element="dc.date.created" value="1997-02-24"/>
<dc element="dc.publisher" value="Reuters Holdings Plc"/>
<dc element="dc.date.published" value="1997-02-24"/>
<dc element="dc.source" value="Reuters"/>
<dc element="dc.creator.location" value="MADRID"/>
<dc element="dc.creator.location.country.name" value="SPAIN"/>
<dc element="dc.source" value="Reuters"/>
</metadata>
</newsitem>
