<?xml version="1.0" encoding="iso-8859-1" ?>
<newsitem itemid="611101" id="root" date="1997-05-23" xml:lang="en">
<title>JAPAN: Tottori Bank -96/97 parent results.</title>
<headline>Tottori Bank -96/97 parent results.</headline>
<dateline>TOKYO 1997-05-23</dateline>
<text>
<p>Year to March 31, 1997</p>
<p> (Parent)	(in billions of yen unless specified)</p>
<p> Revenues	    21.82		vs	   24.58</p>
<p> Operating	    4.37		vs	    4.21</p>
<p> Current		2.70		vs	    2.39</p>
<p> Net		    1.55		vs	  888    million</p>
<p> EPS		   22.02 yen	  vs	   12.65 yen</p>
<p> Diluted EPS	     -		vs		 -</p>
<p> Shares	     70 million	  vs	  70 million</p>
<p> Ord div		5.00 yen	  vs	    5.00 yen</p>
<p>NOTE - Tottori Bank Ltd is the full company name.</p>
</text>
<copyright>(c) Reuters Limited 1997</copyright>
<metadata>
<codes class="bip:countries:1.0">
  <code code="JAP">
    <editdetail attribution="Reuters BIP Coding Group" action="confirmed" date="1997-05-23"/>
  </code>
</codes>
<codes class="bip:industries:1.0">
  <code code="I81402">
    <editdetail attribution="Reuters BIP Coding Group" action="confirmed" date="1997-05-23"/>
  </code>
</codes>
<codes class="bip:topics:1.0">
  <code code="C15">
    <editdetail attribution="Reuters BIP Coding Group" action="confirmed" date="1997-05-23"/>
  </code>
  <code code="C151">
    <editdetail attribution="Reuters BIP Coding Group" action="confirmed" date="1997-05-23"/>
  </code>
  <code code="C1511">
    <editdetail attribution="Reuters BIP Coding Group" action="confirmed" date="1997-05-23"/>
  </code>
  <code code="CCAT">
    <editdetail attribution="Reuters BIP Coding Group" action="confirmed" date="1997-05-23"/>
  </code>
</codes>
<dc element="dc.date.created" value="1997-05-23"/>
<dc element="dc.publisher" value="Reuters Holdings Plc"/>
<dc element="dc.date.published" value="1997-05-23"/>
<dc element="dc.source" value="Reuters"/>
<dc element="dc.creator.location" value="TOKYO"/>
<dc element="dc.creator.location.country.name" value="JAPAN"/>
<dc element="dc.source" value="Reuters"/>
</metadata>
</newsitem>
