<?xml version="1.0" encoding="iso-8859-1" ?>
<newsitem itemid="520228" id="root" date="1997-04-18" xml:lang="en">
<title>HUNGARY: Hungary publishes Jan c/a breakdown.</title>
<headline>Hungary publishes Jan c/a breakdown.</headline>
<dateline>BUDAPEST 1997-04-18</dateline>
<text>
<p>The National Bank of Hungary</p>
<p>published detailed January current account figures after</p>
<p>releasing main figures earlier on Friday.</p>
<p>HUNGARY CURRENT ACCOUNT (in million dollars)</p>
<p>			     Jan 97    Dec 96   Jan-Dec 96    Jan 96</p>
<p> Trade balance	    -210	-417	 -2,645	 -302</p>
<p>  - Exports		1,459     1,395	 14,183	1,056</p>
<p>  - Imports		1,669     1,812	 16,828	1,358</p>
<p> Services and incomes    -93	-105	     45	  -76</p>
<p>  - Tourism		   25	  66	  1,288	   12</p>
<p>- Capital investment</p>
<p>    income		  -115	-117	 -1,433	 -112</p>
<p>- Other current</p>
<p>    payments		  -3	 -54	    191	   24</p>
<p> Unrequited transfers	3	  21	    922	   83</p>
<p> Current account	  -300	-501	 -1,678	 -294</p>
<p>Direct capital</p>
<p>  investments		 84	 221	  1,788	  219</p>
<p>NOTE - Central bank trade figures are based on cash flow data.</p>
<p>-- Budapest newsroom (36 1) 327 4040</p>
</text>
<copyright>(c) Reuters Limited 1997</copyright>
<metadata>
<codes class="bip:countries:1.0">
  <code code="HUNG">
    <editdetail attribution="Reuters BIP Coding Group" action="confirmed" date="1997-04-18"/>
  </code>
</codes>
<codes class="bip:topics:1.0">
  <code code="E51">
    <editdetail attribution="Reuters BIP Coding Group" action="confirmed" date="1997-04-18"/>
  </code>
  <code code="E511">
    <editdetail attribution="Reuters BIP Coding Group" action="confirmed" date="1997-04-18"/>
  </code>
  <code code="E512">
    <editdetail attribution="Reuters BIP Coding Group" action="confirmed" date="1997-04-18"/>
  </code>
  <code code="ECAT">
    <editdetail attribution="Reuters BIP Coding Group" action="confirmed" date="1997-04-18"/>
  </code>
</codes>
<dc element="dc.date.created" value="1997-04-18"/>
<dc element="dc.publisher" value="Reuters Holdings Plc"/>
<dc element="dc.date.published" value="1997-04-18"/>
<dc element="dc.source" value="Reuters"/>
<dc element="dc.creator.location" value="BUDAPEST"/>
<dc element="dc.creator.location.country.name" value="HUNGARY"/>
<dc element="dc.source" value="Reuters"/>
</metadata>
</newsitem>
