<?xml version="1.0" encoding="iso-8859-1" ?>
<newsitem itemid="161422" id="root" date="1996-11-01" xml:lang="en">
<title>JAPAN: Mitsubishi Oil - 6mth parent results.</title>
<headline>Mitsubishi Oil - 6mth parent results.</headline>
<dateline>TOKYO 1996-11-01</dateline>
<text>
<p>Six months to September 30, 1996</p>
<p> (Parent)	(in billions of yen unless specified)</p>
<p> Sales		516.32		vs	  483.51</p>
<p> Operating	    1.14		vs	    9.04</p>
<p> Current		2.57		vs	    9.54</p>
<p> Net		    1.04		vs	    4.02</p>
<p> EPS		    2.31 yen	  vs	    8.95 yen</p>
<p> Shares	    456 million	  vs	 449 million</p>
<p> Interim div	  4.00 yen	  vs	    4.00 yen</p>
<p>NOTE - Mitsubishi Oil Co Ltd is an oil refiner and distributor.</p>
</text>
<copyright>(c) Reuters Limited 1996</copyright>
<metadata>
<codes class="bip:countries:1.0">
  <code code="JAP">
    <editdetail attribution="Reuters BIP Coding Group" action="confirmed" date="1996-11-01"/>
  </code>
</codes>
<codes class="bip:industries:1.0">
  <code code="I14000">
    <editdetail attribution="Reuters BIP Coding Group" action="confirmed" date="1996-11-01"/>
  </code>
</codes>
<codes class="bip:topics:1.0">
  <code code="C15">
    <editdetail attribution="Reuters BIP Coding Group" action="confirmed" date="1996-11-01"/>
  </code>
  <code code="C151">
    <editdetail attribution="Reuters BIP Coding Group" action="confirmed" date="1996-11-01"/>
  </code>
  <code code="CCAT">
    <editdetail attribution="Reuters BIP Coding Group" action="confirmed" date="1996-11-01"/>
  </code>
</codes>
<dc element="dc.date.created" value="1996-11-01"/>
<dc element="dc.publisher" value="Reuters Holdings Plc"/>
<dc element="dc.date.published" value="1996-11-01"/>
<dc element="dc.source" value="Reuters"/>
<dc element="dc.creator.location" value="TOKYO"/>
<dc element="dc.creator.location.country.name" value="JAPAN"/>
<dc element="dc.source" value="Reuters"/>
</metadata>
</newsitem>
