<?xml version="1.0" encoding="iso-8859-1" ?>
<newsitem itemid="696653" id="root" date="1997-06-30" xml:lang="en">
<title>USA: CONSENSUS: U.S. corporate earnings surpise data.</title>
<headline>CONSENSUS: U.S. corporate earnings surpise data.</headline>
<text>
<p>Earnings surprise for June 30, provided by Zacks Investment Research. The following companies reported the greatest deviations, above or below analysts' mean estimates, as compiled by Zacks</p>
<p>COMPANY		 ESTIMATE  ACTUAL  PCT SURPRISE</p>
<p>AMERCO		  -1.00    -0.25     75.00%</p>
<p>Empire Co	     0.33     0.41     24.24%</p>
<p>Dreco		   0.74     0.35    -52.70%</p>
<p>Delta		   0.72     0.71     -1.39%</p>
</text>
<copyright>(c) Reuters Limited 1997</copyright>
<metadata>
<codes class="bip:countries:1.0">
  <code code="USA">
    <editdetail attribution="Reuters BIP Coding Group" action="confirmed" date="1997-06-30"/>
  </code>
</codes>
<codes class="bip:industries:1.0">
  <code code="I01001">
    <editdetail attribution="Reuters BIP Coding Group" action="confirmed" date="1997-06-30"/>
  </code>
  <code code="I0100138">
    <editdetail attribution="Reuters BIP Coding Group" action="confirmed" date="1997-06-30"/>
  </code>
  <code code="I32510">
    <editdetail attribution="Reuters BIP Coding Group" action="confirmed" date="1997-06-30"/>
  </code>
  <code code="I61000">
    <editdetail attribution="Reuters BIP Coding Group" action="confirmed" date="1997-06-30"/>
  </code>
  <code code="I84803">
    <editdetail attribution="Reuters BIP Coding Group" action="confirmed" date="1997-06-30"/>
  </code>
</codes>
<codes class="bip:topics:1.0">
  <code code="C15">
    <editdetail attribution="Reuters BIP Coding Group" action="confirmed" date="1997-06-30"/>
  </code>
  <code code="C152">
    <editdetail attribution="Reuters BIP Coding Group" action="confirmed" date="1997-06-30"/>
  </code>
  <code code="CCAT">
    <editdetail attribution="Reuters BIP Coding Group" action="confirmed" date="1997-06-30"/>
  </code>
</codes>
<dc element="dc.publisher" value="Reuters Holdings Plc"/>
<dc element="dc.date.published" value="1997-06-30"/>
<dc element="dc.source" value="Reuters"/>
<dc element="dc.creator.location.country.name" value="USA"/>
<dc element="dc.source" value="Reuters"/>
</metadata>
</newsitem>
