<?xml version="1.0" encoding="iso-8859-1" ?>
<newsitem itemid="219533" id="root" date="1996-11-27" xml:lang="en">
<title>UK: Iraq produced 3.5 million bpd of crude pre-embargo.</title>
<headline>Iraq produced 3.5 million bpd of crude pre-embargo.</headline>
<dateline>LONDON 1996-11-27</dateline>
<text>
<p>Iraq, the second biggest oil producer in OPEC after Saudi Arabia before the Gulf War, produced 3.5 million barrels per day (bpd) of crude in July 1990, a month before it invaded Kuwait.</p>
<p>According to figures published in the Arab Oil and Gas Journal in 1993, oil exports fell in the eight months to August 1990 to 1.6 million bpd compared with a yearly total of 2.3 million bpd in 1989.</p>
<p>The figures show the bulk of Iraq's exports, roughly two thirds, were to U.S. and western European term lifters.</p>
<p>Iraq is poised to resume exports for the first time since the 1990 U.N. embargo under a partial oil sales deal. The head of the Iraqi OPEC delegation Osama al-Hiti said in Vienna on Wednesday that Iraq could reach its 1.2 million bpd OPEC output allocation any time it gets the green light from the United Nations. Iraq's pre-war OPEC quota was 3.14 million bpd.</p>
<p>The following is a table of Iraqi exports from 1987 to August 1990 as published in the Arab Oil and Gas Journal with percentages as calculated by Reuters:</p>
<p>(figures in '000 bpd)</p>
<p> DESTINATION	     1987    1988    1989    1990</p>
<p>---------------------------------------------------</p>
<p> NORTH AMERICA	   92.0   355.0   453.0   525.0</p>
<p> of which USA	    81.6   348.4   439.7   514.5</p>
<p> LATIN AMERICA	  160.0   155.0   160.0    95.0</p>
<p> WESTERN EUROPE	 890.0   970.0   870.0   575.0</p>
<p>of which</p>
<p> FRANCE		   131.6   121.2   115.4    59.6</p>
<p> GERMANY (F.R)	   44.5    28.6     8.1     4.4</p>
<p> ITALY		    133.5   152.9   100.1    63.9</p>
<p> NETHERLANDS	     33.4    37.1    98.5   114.2</p>
<p> SPAIN		     79.5    89.5   106.8    63.0</p>
<p> UK			  81.1    68.1    29.7    27.8</p>
<p> EASTERN EUROPE	 245.0   235.0   280.0    86.0</p>
<p> MIDDLE EAST	     65.0    60.0    50.0    50.0</p>
<p> AFRICA		    45.0    45.0    75.0    35.0</p>
<p> ASIA AND FAR EAST    220.0   275.0   372.0   230.0</p>
<p> of which JAPAN	 104.5   171.6   217.2   144.8</p>
<p>			   1717.0  2095.0  2260.0  1596.0</p>
<p>Percentages from above table</p>
<p> DESTINATION	     1987    1988    1989    1990</p>
<p>---------------------------------------------------</p>
<p> NORTH AMERICA	    5.4    16.9    20.0    32.9</p>
<p> LATIN AMERICA	    9.3     7.4     7.1     6.0</p>
<p> WESTERN EUROPE	  51.8    46.3    38.5    36.0</p>
<p> EASTERN EUROPE	  14.3    11.2    12.4     5.4</p>
<p> MIDDLE EAST		3.8     2.9     2.2     3.1</p>
<p> AFRICA		     2.6     2.1     3.3     2.2</p>
<p> ASIA AND FAR EAST     12.8    13.1    16.5    14.4</p>
<p>			    100.0   100.0   100.0   100.0</p>
<p>NOTE: Iraqi stopped exports in August 1990.</p>
<p>	 Source: Arab oil and gas directory 1993</p>
</text>
<copyright>(c) Reuters Limited 1996</copyright>
<metadata>
<codes class="bip:countries:1.0">
  <code code="IRAQ">
    <editdetail attribution="Reuters BIP Coding Group" action="confirmed" date="1996-11-27"/>
  </code>
  <code code="UK">
    <editdetail attribution="Reuters BIP Coding Group" action="confirmed" date="1996-11-27"/>
  </code>
</codes>
<codes class="bip:industries:1.0">
  <code code="I13000">
    <editdetail attribution="Reuters BIP Coding Group" action="confirmed" date="1996-11-27"/>
  </code>
  <code code="I1300003">
    <editdetail attribution="Reuters BIP Coding Group" action="confirmed" date="1996-11-27"/>
  </code>
</codes>
<codes class="bip:topics:1.0">
  <code code="C21">
    <editdetail attribution="Reuters BIP Coding Group" action="confirmed" date="1996-11-27"/>
  </code>
  <code code="C31">
    <editdetail attribution="Reuters BIP Coding Group" action="confirmed" date="1996-11-27"/>
  </code>
  <code code="C312">
    <editdetail attribution="Reuters BIP Coding Group" action="confirmed" date="1996-11-27"/>
  </code>
  <code code="CCAT">
    <editdetail attribution="Reuters BIP Coding Group" action="confirmed" date="1996-11-27"/>
  </code>
  <code code="M14">
    <editdetail attribution="Reuters BIP Coding Group" action="confirmed" date="1996-11-27"/>
  </code>
  <code code="M143">
    <editdetail attribution="Reuters BIP Coding Group" action="confirmed" date="1996-11-27"/>
  </code>
  <code code="MCAT">
    <editdetail attribution="Reuters BIP Coding Group" action="confirmed" date="1996-11-27"/>
  </code>
</codes>
<dc element="dc.date.created" value="1996-11-27"/>
<dc element="dc.publisher" value="Reuters Holdings Plc"/>
<dc element="dc.date.published" value="1996-11-27"/>
<dc element="dc.source" value="Reuters"/>
<dc element="dc.creator.location" value="LONDON"/>
<dc element="dc.creator.location.country.name" value="UK"/>
<dc element="dc.source" value="Reuters"/>
</metadata>
</newsitem>
