<?xml version="1.0" encoding="iso-8859-1" ?>
<newsitem itemid="136492" id="root" date="1996-10-23" xml:lang="en">
<title>SLOVENIA: Slovenian shares slide, confidence low.</title>
<headline>Slovenian shares slide, confidence low.</headline>
<dateline>LJUBLJANA 1996-10-23</dateline>
<text>
<p>Slovenian shares fell 4.13 percent on Wednesday and market participants said that market optimism had evaporated with the withdrawal of foreign investors.</p>
<p>&quot;If foreign investors return, liquidity will increase and shares could begin climbing again,&quot; said Toni Apollonio, an analyst at &quot;A&quot; bank.</p>
<p>The SBI index fell 50.54 points to 1,174.2. Overall 14 shares fell and four rose, while another six were untraded.</p>
<p>Turnover rose to 576.1 million tolars from 304.4 million.</p>
<p>Bank SKB was the most actively traded share, falling 4.10 percent to 38,390 tolars on volume of 8,570 shares  for total turnover of 335.3 million tolars.</p>
<p>&quot;Investors are waiting for information about the bank's plans to list its shares in London bourse. If the news is good prices could rise above 40,000 tolars,&quot; Apollonio said.</p>
<p>Health resort Terme Catez was the leading decliner, falling 9.75 percent to 10,740 tolars on volume of 2,671 shares for total turnover of 29.2 million tolars.</p>
<p>Food producer droga was the biggest gainer, firming 2.23 percent to to 22,000 tolars on volume of 515 shares for total turnover of 11 million tolars -- Novica Mihajlovic, Ljubljana newsroom, 386-61-125-8439</p>
</text>
<copyright>(c) Reuters Limited 1996</copyright>
<metadata>
<codes class="bip:countries:1.0">
  <code code="SLVNIA">
    <editdetail attribution="Reuters BIP Coding Group" action="confirmed" date="1996-10-23"/>
  </code>
</codes>
<codes class="bip:topics:1.0">
  <code code="M11">
    <editdetail attribution="Reuters BIP Coding Group" action="confirmed" date="1996-10-23"/>
  </code>
  <code code="MCAT">
    <editdetail attribution="Reuters BIP Coding Group" action="confirmed" date="1996-10-23"/>
  </code>
</codes>
<dc element="dc.date.created" value="1996-10-23"/>
<dc element="dc.publisher" value="Reuters Holdings Plc"/>
<dc element="dc.date.published" value="1996-10-23"/>
<dc element="dc.source" value="Reuters"/>
<dc element="dc.creator.location" value="LJUBLJANA"/>
<dc element="dc.creator.location.country.name" value="SLOVENIA"/>
<dc element="dc.source" value="Reuters"/>
</metadata>
</newsitem>
