<?xml version="1.0" encoding="iso-8859-1" ?>
<newsitem itemid="443322" id="root" date="1997-03-14" xml:lang="en">
<title>USA: Southwest expects decline in Q1 earnings.</title>
<headline>Southwest expects decline in Q1 earnings.</headline>
<dateline>STILLWATER, Okla. 1997-03-14</dateline>
<text>
<p>Southwest Bancorp Inc said Friday that earnings for the first quarter of 1997 are expected to be &quot;significantly less&quot; than earnings of recent quarters.</p>
<p>It said the expected decline is due to an anticipated increase in the company's provision for loan losses.  The provision may be required, it said, in connection with a commercial loan with a balance of $1.9 million.  </p>
<p>Southwest, parent of Stillwater National Bank and Trust Co, said it received information regarding recent events that may affect the borrower's ability to fully repay the loan.</p>
<p>It did not identify the borrower.</p>
<p>It said the adverse effect on net income of the company has not yet been determined and the net income effect of the anticipated provision will be reduced by applicable tax benefits.</p>
</text>
<copyright>(c) Reuters Limited 1997</copyright>
<metadata>
<codes class="bip:countries:1.0">
  <code code="USA">
    <editdetail attribution="Reuters BIP Coding Group" action="confirmed" date="1997-03-14"/>
  </code>
</codes>
<codes class="bip:industries:1.0">
  <code code="I81402">
    <editdetail attribution="Reuters BIP Coding Group" action="confirmed" date="1997-03-14"/>
  </code>
</codes>
<codes class="bip:topics:1.0">
  <code code="C15">
    <editdetail attribution="Reuters BIP Coding Group" action="confirmed" date="1997-03-14"/>
  </code>
  <code code="C152">
    <editdetail attribution="Reuters BIP Coding Group" action="confirmed" date="1997-03-14"/>
  </code>
  <code code="CCAT">
    <editdetail attribution="Reuters BIP Coding Group" action="confirmed" date="1997-03-14"/>
  </code>
</codes>
<dc element="dc.date.created" value="1997-03-14"/>
<dc element="dc.publisher" value="Reuters Holdings Plc"/>
<dc element="dc.date.published" value="1997-03-14"/>
<dc element="dc.source" value="Reuters"/>
<dc element="dc.creator.location" value="STILLWATER, Okla."/>
<dc element="dc.creator.location.country.name" value="USA"/>
<dc element="dc.source" value="Reuters"/>
</metadata>
</newsitem>
