<?xml version="1.0" encoding="iso-8859-1" ?>
<newsitem itemid="733539" id="root" date="1997-07-16" xml:lang="en">
<title>UK: Britain acts after Sea Empress oil spillage.</title>
<headline>Britain acts after Sea Empress oil spillage.</headline>
<dateline>LONDON 1997-07-16</dateline>
<text>
<p>Britain's Environment Agency said on Wednesday it had begun criminal prosecutions following last year's grounding of the Sea Empress oil tanker off South Wales.</p>
<p>The agency, a non-departmental government body, said summonses had been served on Milford Haven Port Authority and Mark Andrews, harbour master of Milford Haven Port.</p>
<p>&quot;The Environment Agency is committed to taking a tough stance to protect the environment. Today's action shows that we are ready to use all the powers that are available to us in appropriate cases,&quot; Ed Gallagher, chief executive of the agency, said in a statement.</p>
<p>The tanker spilt 70,000 tonnes of oil in February 1996 in one of Britain's worst oil disasters. The spillage off Milford Haven was in an environmentally sensitive area and provoked a storm of criticism.</p>
<p>The charges are that each party caused a nuisance to the public with the discharge of crude and bunker oil, endangering the marine and coastal environment and posing a danger to public safety. They are also charged with causing polluted matter to enter controlled waters, the agency said.</p>
<p>The spill caused considerable damage to wildlife in an area with some of the most important seabird colonies in Western Europe.</p>
</text>
<copyright>(c) Reuters Limited 1997</copyright>
<metadata>
<codes class="bip:countries:1.0">
  <code code="UK">
    <editdetail attribution="Reuters BIP Coding Group" action="confirmed" date="1997-07-16"/>
  </code>
</codes>
<codes class="bip:industries:1.0">
  <code code="I74000">
    <editdetail attribution="Reuters BIP Coding Group" action="confirmed" date="1997-07-16"/>
  </code>
  <code code="I76300">
    <editdetail attribution="Reuters BIP Coding Group" action="confirmed" date="1997-07-16"/>
  </code>
</codes>
<codes class="bip:topics:1.0">
  <code code="C12">
    <editdetail attribution="Reuters BIP Coding Group" action="confirmed" date="1997-07-16"/>
  </code>
  <code code="CCAT">
    <editdetail attribution="Reuters BIP Coding Group" action="confirmed" date="1997-07-16"/>
  </code>
  <code code="GCAT">
    <editdetail attribution="Reuters BIP Coding Group" action="confirmed" date="1997-07-16"/>
  </code>
  <code code="GCRIM">
    <editdetail attribution="Reuters BIP Coding Group" action="confirmed" date="1997-07-16"/>
  </code>
  <code code="GDIS">
    <editdetail attribution="Reuters BIP Coding Group" action="confirmed" date="1997-07-16"/>
  </code>
  <code code="GENV">
    <editdetail attribution="Reuters BIP Coding Group" action="confirmed" date="1997-07-16"/>
  </code>
</codes>
<dc element="dc.date.created" value="1997-07-16"/>
<dc element="dc.publisher" value="Reuters Holdings Plc"/>
<dc element="dc.date.published" value="1997-07-16"/>
<dc element="dc.source" value="Reuters"/>
<dc element="dc.creator.location" value="LONDON"/>
<dc element="dc.creator.location.country.name" value="UK"/>
<dc element="dc.source" value="Reuters"/>
</metadata>
</newsitem>
