<?xml version="1.0" encoding="iso-8859-1" ?>
<newsitem itemid="204893" id="root" date="1996-11-20" xml:lang="en">
<title>JAPAN: Chemiprokasei - 6mth parent results.</title>
<headline>Chemiprokasei - 6mth parent results.</headline>
<dateline>TOKYO 1996-11-20</dateline>
<text>
<p>Six months to September 30, 1996</p>
<p> (Parent)	(in billions of yen unless specified)</p>
<p> Sales		  4.73		vs	    5.00</p>
<p> Operating	  465    million	  vs	  473    million</p>
<p> Current	    360    million	  vs	  360    million</p>
<p> Net		  166    million	  vs	  161    million</p>
<p> EPS		   17.27 yen	  vs	   20.47 yen</p>
<p> Shares	     10 million	  vs	   8 million</p>
<p> Interim div	  5.00 yen	  vs	     nil</p>
<p>NOTE - Chemiprokasei Kaisha Ltd is the full company name.</p>
</text>
<copyright>(c) Reuters Limited 1996</copyright>
<metadata>
<codes class="bip:countries:1.0">
  <code code="JAP">
    <editdetail attribution="Reuters BIP Coding Group" action="confirmed" date="1996-11-20"/>
  </code>
</codes>
<codes class="bip:industries:1.0">
  <code code="I25160">
    <editdetail attribution="Reuters BIP Coding Group" action="confirmed" date="1996-11-20"/>
  </code>
</codes>
<codes class="bip:topics:1.0">
  <code code="C15">
    <editdetail attribution="Reuters BIP Coding Group" action="confirmed" date="1996-11-20"/>
  </code>
  <code code="C151">
    <editdetail attribution="Reuters BIP Coding Group" action="confirmed" date="1996-11-20"/>
  </code>
  <code code="CCAT">
    <editdetail attribution="Reuters BIP Coding Group" action="confirmed" date="1996-11-20"/>
  </code>
</codes>
<dc element="dc.date.created" value="1996-11-20"/>
<dc element="dc.publisher" value="Reuters Holdings Plc"/>
<dc element="dc.date.published" value="1996-11-20"/>
<dc element="dc.source" value="Reuters"/>
<dc element="dc.creator.location" value="TOKYO"/>
<dc element="dc.creator.location.country.name" value="JAPAN"/>
<dc element="dc.source" value="Reuters"/>
</metadata>
</newsitem>
