<?xml version="1.0" encoding="iso-8859-1" ?>
<newsitem itemid="498100" id="root" date="1997-04-09" xml:lang="en">
<title>FINLAND: FINNISH SHARES ON WALL STREET - CLOSING APRIL 8.</title>
<headline>FINNISH SHARES ON WALL STREET - CLOSING APRIL 8.</headline>
<dateline>HELSINKI 1997-04-09</dateline>
<text>
<p>The following Finnish shares</p>
<p>traded on Wall Street closed as follows in New York on Tuesday,</p>
<p>April 8.</p>
<p> SHARE	 USD	 Change    FIM*     Helsinki     Change</p>
<p>				($)		   close (FIM)   (FIM)</p>
<p> NOKIA	 60-1/8    +0-3/8    307.60    305.00	 +3.00</p>
<p> VALMET	untraded			     87.00	 +0.90</p>
<p> RAUMA	 untraded			    111.00	  flat</p>
<p> USD/FIM     5.1162*</p>
<p>*(USD/FIM exchange rate at 2400/2100 GMT official NYSE close)</p>
<p>-- Helsinki Newsroom +358-9-680 50 245, news@Reuters.fi</p>
</text>
<copyright>(c) Reuters Limited 1997</copyright>
<metadata>
<codes class="bip:countries:1.0">
  <code code="FIN">
    <editdetail attribution="Reuters BIP Coding Group" action="confirmed" date="1997-04-09"/>
  </code>
  <code code="USA">
    <editdetail attribution="Reuters BIP Coding Group" action="confirmed" date="1997-04-09"/>
  </code>
</codes>
<codes class="bip:industries:1.0">
  <code code="I32000">
    <editdetail attribution="Reuters BIP Coding Group" action="confirmed" date="1997-04-09"/>
  </code>
  <code code="I32754">
    <editdetail attribution="Reuters BIP Coding Group" action="confirmed" date="1997-04-09"/>
  </code>
  <code code="I34400">
    <editdetail attribution="Reuters BIP Coding Group" action="confirmed" date="1997-04-09"/>
  </code>
</codes>
<codes class="bip:topics:1.0">
  <code code="C15">
    <editdetail attribution="Reuters BIP Coding Group" action="confirmed" date="1997-04-09"/>
  </code>
  <code code="C152">
    <editdetail attribution="Reuters BIP Coding Group" action="confirmed" date="1997-04-09"/>
  </code>
  <code code="CCAT">
    <editdetail attribution="Reuters BIP Coding Group" action="confirmed" date="1997-04-09"/>
  </code>
</codes>
<dc element="dc.date.created" value="1997-04-09"/>
<dc element="dc.publisher" value="Reuters Holdings Plc"/>
<dc element="dc.date.published" value="1997-04-09"/>
<dc element="dc.source" value="Reuters"/>
<dc element="dc.creator.location" value="HELSINKI"/>
<dc element="dc.creator.location.country.name" value="FINLAND"/>
<dc element="dc.source" value="Reuters"/>
</metadata>
</newsitem>
