<?xml version="1.0" encoding="iso-8859-1" ?>
<newsitem itemid="791462" id="root" date="1997-08-11" xml:lang="en">
<title>USA: INDOSAT AT 27-1/2 IN NEW YORK ON MONDAY.</title>
<headline>INDOSAT AT 27-1/2 IN NEW YORK ON MONDAY.</headline>
<dateline>NEW YORK 1996-08-12</dateline>
<text>
<p>PT Indonesian Satellite Corporation (Indosat) closed at 27-1/2 in New York on Monday. It recorded the day's low of 27-1/4 and the day's high of 28.</p>
<p>Volume was 46,300 American Depository Shares. Block volume was 25,000. Its previous close on Friday was 28.</p>
<p>One ADS represents 10 common shares.</p>
<p>-- Jakarta newsroom (Tel: 6221-3846364).</p>
</text>
<copyright>(c) Reuters Limited 1997</copyright>
<metadata>
<codes class="bip:countries:1.0">
  <code code="USA">
    <editdetail attribution="Reuters BIP Coding Group" action="confirmed" date="1997-08-11"/>
  </code>
</codes>
<codes class="bip:industries:1.0">
  <code code="I79020">
    <editdetail attribution="Reuters BIP Coding Group" action="confirmed" date="1997-08-11"/>
  </code>
</codes>
<codes class="bip:topics:1.0">
  <code code="C15">
    <editdetail attribution="Reuters BIP Coding Group" action="confirmed" date="1997-08-11"/>
  </code>
  <code code="C152">
    <editdetail attribution="Reuters BIP Coding Group" action="confirmed" date="1997-08-11"/>
  </code>
  <code code="CCAT">
    <editdetail attribution="Reuters BIP Coding Group" action="confirmed" date="1997-08-11"/>
  </code>
</codes>
<dc element="dc.date.created" value="1996-08-12"/>
<dc element="dc.publisher" value="Reuters Holdings Plc"/>
<dc element="dc.date.published" value="1997-08-11"/>
<dc element="dc.source" value="Reuters"/>
<dc element="dc.creator.location" value="NEW YORK"/>
<dc element="dc.creator.location.country.name" value="USA"/>
<dc element="dc.source" value="Reuters"/>
</metadata>
</newsitem>
