<?xml version="1.0" encoding="iso-8859-1" ?>
<newsitem itemid="366610" id="root" date="1997-02-10" xml:lang="en">
<title>POLAND: German firm mulls DM 40 mln factory in Poland - PAP.</title>
<headline>German firm mulls DM 40 mln factory in Poland - PAP.</headline>
<dateline>WARSAW 1997-02-10</dateline>
<text>
<p>Germany's Stahlschmidt &amp; Maivorn is mulling to invest 40 million marks in building a factory producing aluminium wheels in the town of Stalowa Wola in Poland, PAP news agency said on Monday.</p>
<p>PAP quoted the spokesman of the  Huta Stalowa Wola steel mill as saying mill signed an initial agreement with the German company to sell it the area where the factory would be built.</p>
<p>&quot;The Stalowa Wola steel mill signed an initial agreement with the German firm on selling it...2.6 hectares, where the Germans will build the factory,&quot; PAP quoted Antoni Kopyto as saying.</p>
<p>The factory would employ 150 people in the first stage, PAP said, without quoting any sources.</p>
<p>-- Warsaw Newsroom +48 22 653 9700</p>
</text>
<copyright>(c) Reuters Limited 1997</copyright>
<metadata>
<codes class="bip:countries:1.0">
  <code code="POL">
    <editdetail attribution="Reuters BIP Coding Group" action="confirmed" date="1997-02-10"/>
  </code>
</codes>
<codes class="bip:industries:1.0">
  <code code="I22100">
    <editdetail attribution="Reuters BIP Coding Group" action="confirmed" date="1997-02-10"/>
  </code>
  <code code="I31000">
    <editdetail attribution="Reuters BIP Coding Group" action="confirmed" date="1997-02-10"/>
  </code>
</codes>
<codes class="bip:topics:1.0">
  <code code="C11">
    <editdetail attribution="Reuters BIP Coding Group" action="confirmed" date="1997-02-10"/>
  </code>
  <code code="C24">
    <editdetail attribution="Reuters BIP Coding Group" action="confirmed" date="1997-02-10"/>
  </code>
  <code code="CCAT">
    <editdetail attribution="Reuters BIP Coding Group" action="confirmed" date="1997-02-10"/>
  </code>
</codes>
<dc element="dc.date.created" value="1997-02-10"/>
<dc element="dc.publisher" value="Reuters Holdings Plc"/>
<dc element="dc.date.published" value="1997-02-10"/>
<dc element="dc.source" value="Reuters"/>
<dc element="dc.creator.location" value="WARSAW"/>
<dc element="dc.creator.location.country.name" value="POLAND"/>
<dc element="dc.source" value="Reuters"/>
</metadata>
</newsitem>
