<?xml version="1.0" encoding="iso-8859-1" ?>
<newsitem itemid="405508" id="root" date="1997-02-26" xml:lang="en">
<title>THAILAND: Thai government to intervene on tapioca prices.</title>
<headline>Thai government to intervene on tapioca prices.</headline>
<dateline>BANGKOK 1997-02-26</dateline>
<text>
<p>The Thai government will help increase tapioca prices by buying 2.5 million tonnes of cassava root, starting March 1, Deputy Prime Minister Amnuay Viravan said on Wednesday.  </p>
<p>The move came after cassava farmers staged another rally to protest against sliding prices.</p>
<p>Amnuay said the government would buy cassava roots at a guaranteed price of one baht per kg and process them into chips for export.</p>
<p>The government earlier introduced the price support scheme by compensating tapioca producers who bought cassava roots at the guaranteed price.</p>
<p>But farmers said the scheme did not work and sought direct government intervention.</p>
<p>-- Bangkok newsroom (662) 652-0642</p>
</text>
<copyright>(c) Reuters Limited 1997</copyright>
<metadata>
<codes class="bip:countries:1.0">
  <code code="THAIL">
    <editdetail attribution="Reuters BIP Coding Group" action="confirmed" date="1997-02-26"/>
  </code>
</codes>
<codes class="bip:industries:1.0">
  <code code="I01002">
    <editdetail attribution="Reuters BIP Coding Group" action="confirmed" date="1997-02-26"/>
  </code>
</codes>
<codes class="bip:topics:1.0">
  <code code="C13">
    <editdetail attribution="Reuters BIP Coding Group" action="confirmed" date="1997-02-26"/>
  </code>
  <code code="C31">
    <editdetail attribution="Reuters BIP Coding Group" action="confirmed" date="1997-02-26"/>
  </code>
  <code code="CCAT">
    <editdetail attribution="Reuters BIP Coding Group" action="confirmed" date="1997-02-26"/>
  </code>
  <code code="M14">
    <editdetail attribution="Reuters BIP Coding Group" action="confirmed" date="1997-02-26"/>
  </code>
  <code code="M141">
    <editdetail attribution="Reuters BIP Coding Group" action="confirmed" date="1997-02-26"/>
  </code>
  <code code="MCAT">
    <editdetail attribution="Reuters BIP Coding Group" action="confirmed" date="1997-02-26"/>
  </code>
</codes>
<dc element="dc.date.created" value="1997-02-26"/>
<dc element="dc.publisher" value="Reuters Holdings Plc"/>
<dc element="dc.date.published" value="1997-02-26"/>
<dc element="dc.source" value="Reuters"/>
<dc element="dc.creator.location" value="BANGKOK"/>
<dc element="dc.creator.location.country.name" value="THAILAND"/>
<dc element="dc.source" value="Reuters"/>
</metadata>
</newsitem>
