<?xml version="1.0" encoding="iso-8859-1" ?>
<newsitem itemid="527422" id="root" date="1997-04-22" xml:lang="en">
<title>UK: European jet fuel dips with futures, market slow.</title>
<headline>European jet fuel dips with futures, market slow.</headline>
<dateline>LONDON 1997-04-21</dateline>
<text>
<p>European jet fuel was a touch easier on Tuesday as weaker futures eroded gains made yesterday. Premiums were broadly steady in a market characterised as thin.</p>
<p>May IPE gas oil was trading $1.75 a tonne lower at $163.50 at 1630 GMT.</p>
<p>Traders said barge premiums were holding steady at around May IPE gas oil +$18 fob ARA while cargo premiums were pegged around +$24 cif NWE.</p>
<p>&quot;It is pretty quiet, no one looks under pressure to do much,&quot; said one trader.</p>
<p>In the Mediterranean sellers were reluctant to drop their prices much below fob high quotes +$10 against buyers several dollars adrift.</p>
<p>&quot;Buyers see better supplies in May, so are not going to buy unless they need to,&quot; said one trader.</p>
<p>-- London Newsroom +44 171 542 8980</p>
</text>
<copyright>(c) Reuters Limited 1997</copyright>
<metadata>
<codes class="bip:countries:1.0">
  <code code="UK">
    <editdetail attribution="Reuters BIP Coding Group" action="confirmed" date="1997-04-22"/>
  </code>
</codes>
<codes class="bip:topics:1.0">
  <code code="M14">
    <editdetail attribution="Reuters BIP Coding Group" action="confirmed" date="1997-04-22"/>
  </code>
  <code code="M143">
    <editdetail attribution="Reuters BIP Coding Group" action="confirmed" date="1997-04-22"/>
  </code>
  <code code="MCAT">
    <editdetail attribution="Reuters BIP Coding Group" action="confirmed" date="1997-04-22"/>
  </code>
</codes>
<dc element="dc.date.created" value="1997-04-21"/>
<dc element="dc.publisher" value="Reuters Holdings Plc"/>
<dc element="dc.date.published" value="1997-04-22"/>
<dc element="dc.source" value="Reuters"/>
<dc element="dc.creator.location" value="LONDON"/>
<dc element="dc.creator.location.country.name" value="UK"/>
<dc element="dc.source" value="Reuters"/>
</metadata>
</newsitem>
