<?xml version="1.0" encoding="iso-8859-1" ?>
<newsitem itemid="261858" id="root" date="1996-12-17" xml:lang="en">
<title>NORWAY: RGI sells shares in Avantor.</title>
<headline>RGI sells shares in Avantor.</headline>
<dateline>OSLO 1996-12-17</dateline>
<text>
<p>Norwegian investment group RGI N.V. (Norwa) ASA on Tuesday sold 2.36 million shares in real estate company Avantor ASA, the Oslo Bourse said in a statement.  </p>
<p>&quot;Following the sale RGI (Norway) now owns 1.15 percent of the shares in Avantor ASA,&quot; the statement said. &quot;Also, RGI (Norway) ASA and RGI Inc. now own a total 49.99 percent of the shares in Avantor ASA.&quot;</p>
<p>No further details were given.</p>
<p>Avantor, which closed unchanged at 52 crowns on the bourse, was the most traded stock of the day at 123 million crowns.</p>
<p>A string of disposals has been expected to take place in connection with the merger of RGI and engineering and offshore group Aker ASA.</p>
<p>Aker shareholders on November 21 voted overwhelmingly in favour of merging with RGI.</p>
<p>Currently registered in the Netherlands Antilles, RGI will transfer operations to Norway under the merger, which will take effect at the end of January.</p>
<p>The merged company will focus on three core areas -- seafood, cement and oil and gas.</p>
<p>--Rolf Soderlind, Oslo newsroom +47 22 42 50 41</p>
</text>
<copyright>(c) Reuters Limited 1996</copyright>
<metadata>
<codes class="bip:countries:1.0">
  <code code="NORW">
    <editdetail attribution="Reuters BIP Coding Group" action="confirmed" date="1996-12-17"/>
  </code>
</codes>
<codes class="bip:industries:1.0">
  <code code="I24000">
    <editdetail attribution="Reuters BIP Coding Group" action="confirmed" date="1996-12-17"/>
  </code>
  <code code="I83960">
    <editdetail attribution="Reuters BIP Coding Group" action="confirmed" date="1996-12-17"/>
  </code>
  <code code="I85000">
    <editdetail attribution="Reuters BIP Coding Group" action="confirmed" date="1996-12-17"/>
  </code>
</codes>
<codes class="bip:topics:1.0">
  <code code="C18">
    <editdetail attribution="Reuters BIP Coding Group" action="confirmed" date="1996-12-17"/>
  </code>
  <code code="C181">
    <editdetail attribution="Reuters BIP Coding Group" action="confirmed" date="1996-12-17"/>
  </code>
  <code code="CCAT">
    <editdetail attribution="Reuters BIP Coding Group" action="confirmed" date="1996-12-17"/>
  </code>
</codes>
<dc element="dc.date.created" value="1996-12-17"/>
<dc element="dc.publisher" value="Reuters Holdings Plc"/>
<dc element="dc.date.published" value="1996-12-17"/>
<dc element="dc.source" value="Reuters"/>
<dc element="dc.creator.location" value="OSLO"/>
<dc element="dc.creator.location.country.name" value="NORWAY"/>
<dc element="dc.source" value="Reuters"/>
</metadata>
</newsitem>
