<?xml version="1.0" encoding="iso-8859-1" ?>
<newsitem itemid="606224" id="root" date="1997-05-22" xml:lang="en">
<title>USA: First Colorado to acquire Delta Federal.</title>
<headline>First Colorado to acquire Delta Federal.</headline>
<dateline>LAKEWOOD, Colo 1997-05-21</dateline>
<text>
<p>First Colorado Bancorp Inc of Lakewood, Colorado, said Wednesday it has signed a binding pact to merge Delta Federal Savings Bank FSB, Delta, Colorado, into its subsidiary, First Federal Bank of Colorado.</p>
<p>First Colorado said total assets to be acquired in the deal are about $39.1 million and total deposits to be acquired are about $30.6 million.</p>
<p>First Colorado said its subsidiary will buy 100 percent of Delta's outstanding stock, and each share of Delta common will be exchanged for First Colorado stock valued at $30.</p>
<p>Based on the price as of Wednesday, about 320,056 shares will be issued from treasury shares for the deal, First Colorado said.</p>
<p>First Colorado shares closed Wednesday up 1/4 at 17.</p>
<p>First Colorado said the deal will be accounted for as a purchase and will be tax-free to Delta shareholders.</p>
<p>It said the deal requires federal regulatory approval, Delta shareholder approval and completion of due diligence.</p>
<p>It said the deal should close in the fourth quarter.</p>
</text>
<copyright>(c) Reuters Limited 1997</copyright>
<metadata>
<codes class="bip:countries:1.0">
  <code code="USA">
    <editdetail attribution="Reuters BIP Coding Group" action="confirmed" date="1997-05-22"/>
  </code>
</codes>
<codes class="bip:industries:1.0">
  <code code="I81402">
    <editdetail attribution="Reuters BIP Coding Group" action="confirmed" date="1997-05-22"/>
  </code>
</codes>
<codes class="bip:topics:1.0">
  <code code="C18">
    <editdetail attribution="Reuters BIP Coding Group" action="confirmed" date="1997-05-22"/>
  </code>
  <code code="C181">
    <editdetail attribution="Reuters BIP Coding Group" action="confirmed" date="1997-05-22"/>
  </code>
  <code code="CCAT">
    <editdetail attribution="Reuters BIP Coding Group" action="confirmed" date="1997-05-22"/>
  </code>
</codes>
<dc element="dc.date.created" value="1997-05-21"/>
<dc element="dc.publisher" value="Reuters Holdings Plc"/>
<dc element="dc.date.published" value="1997-05-22"/>
<dc element="dc.source" value="Reuters"/>
<dc element="dc.creator.location" value="LAKEWOOD, Colo"/>
<dc element="dc.creator.location.country.name" value="USA"/>
<dc element="dc.source" value="Reuters"/>
</metadata>
</newsitem>
