<?xml version="1.0" encoding="iso-8859-1" ?>
<newsitem itemid="588891" id="root" date="1997-05-15" xml:lang="en">
<title>BELGIUM: Koramic books gain on Wienerberger deal.</title>
<headline>Koramic books gain on Wienerberger deal.</headline>
<dateline>BRUSSELS 1997-05-15</dateline>
<text>
<p>Belgian building products group Koramic said in a statement on Thursday it would book a net current gain of 350 million Belgian francs on the sale by its Austrian partner Wienerberger Baustoffindustrie AG of an office development.  </p>
<p>Wienerberger said on Thursday a 100 percent owned property promotion subsidiary had sold its &quot;Business Park Vienna&quot; development for three billion Austrian schillings, or around 8.8 billion francs. It said it had also acquired a minority stake in the buyer of the development, Immofinanz.</p>
<p>&quot;The success of this operation frees up significant financial means, which will support the development of more property projects in Austria, but will be principally channelled to Koramic's main area of activity, building products,&quot; the Belgian company said.</p>
<p>The operation would also help 1997 results, it said.</p>
<p>Koramic owns 25 percent of Wienerberger Baustoffindustrie and 50 percent of the company's voting rights following a cross-border alliance cemented last year.</p>
<p>-- Nick Antonovics, Brussels Newsroom +32 2 287 6817, Fax +32 2 230 7710</p>
</text>
<copyright>(c) Reuters Limited 1997</copyright>
<metadata>
<codes class="bip:countries:1.0">
  <code code="AUST">
    <editdetail attribution="Reuters BIP Coding Group" action="confirmed" date="1997-05-15"/>
  </code>
  <code code="BELG">
    <editdetail attribution="Reuters BIP Coding Group" action="confirmed" date="1997-05-15"/>
  </code>
</codes>
<codes class="bip:industries:1.0">
  <code code="I24000">
    <editdetail attribution="Reuters BIP Coding Group" action="confirmed" date="1997-05-15"/>
  </code>
  <code code="I24100">
    <editdetail attribution="Reuters BIP Coding Group" action="confirmed" date="1997-05-15"/>
  </code>
  <code code="I85000">
    <editdetail attribution="Reuters BIP Coding Group" action="confirmed" date="1997-05-15"/>
  </code>
</codes>
<codes class="bip:topics:1.0">
  <code code="C15">
    <editdetail attribution="Reuters BIP Coding Group" action="confirmed" date="1997-05-15"/>
  </code>
  <code code="C151">
    <editdetail attribution="Reuters BIP Coding Group" action="confirmed" date="1997-05-15"/>
  </code>
  <code code="C18">
    <editdetail attribution="Reuters BIP Coding Group" action="confirmed" date="1997-05-15"/>
  </code>
  <code code="C182">
    <editdetail attribution="Reuters BIP Coding Group" action="confirmed" date="1997-05-15"/>
  </code>
  <code code="CCAT">
    <editdetail attribution="Reuters BIP Coding Group" action="confirmed" date="1997-05-15"/>
  </code>
</codes>
<dc element="dc.date.created" value="1997-05-15"/>
<dc element="dc.publisher" value="Reuters Holdings Plc"/>
<dc element="dc.date.published" value="1997-05-15"/>
<dc element="dc.source" value="Reuters"/>
<dc element="dc.creator.location" value="BRUSSELS"/>
<dc element="dc.creator.location.country.name" value="BELGIUM"/>
<dc element="dc.source" value="Reuters"/>
</metadata>
</newsitem>
