<?xml version="1.0" encoding="iso-8859-1" ?>
<newsitem itemid="103434" id="root" date="1996-10-08" xml:lang="en">
<title>CANADA: Canada 1996/97 crop production estimates - official.</title>
<headline>Canada 1996/97 crop production estimates - official.</headline>
<dateline>OTTAWA 1996-10-08</dateline>
<text>
<p>Canadian farmers estimated they will produce the following amounts of crops in the 1996/97 crop year, ending next July 31, according to a poll done by Statistics Canada.</p>
<p>In thousands of tonnes:</p>
<p>			    1996/97		    1995/96</p>
<p>All Wheat		  29,859		     25,037</p>
<p>Spring Wheat	     24,257		     18,902</p>
<p>Durum Wheat		 4,553			4,648</p>
<p>Barley		     15,992		     13,035</p>
<p>Canola			4,979			6,436</p>
<p>In thousands of tonnes:</p>
<p>			    1996/97		    1995/96</p>
<p>Flax			    859			1,105</p>
<p>Oats			  4,569			2,858</p>
<p>Rye			     324			  310</p>
<p>Mixed grains		  582			  648</p>
<p>The Statistics Canada survey was conducted from September 9 to September 16.</p>
<p>Statistics Canada said barley production in the 1996/97 crop year was expected to be the highest on record, reaching 735 million bushels.  </p>
<p>That resulted from an increase of 1.6 million seeded acres and record yields in Saskatchewan.</p>
<p>&quot;In spite of the cool, wet harvest weather in many regions, farmers continued to report above average yields,&quot; the agency said.</p>
<p>But it also said the survey was taken when the harvest was about half completed, so bad weather may still change expected yields before the harvest is completed.</p>
<p>Total wheat production was expected to be 177 million bushels more than last year, due to higher yields and a 15 percent increase in seeded acreage, the agency said.</p>
<p>&quot;The driving force behind the increase in seeded acreage was the high grain prices forecast as a result of tightening global supplies,&quot; Statistics Canada said.</p>
<p>(For more information from Statistics Canada, contact its Agriculture Division: Dave Burroughs at (613) 951-5138 or Tony Dupuis at (613) 951-5138.)</p>
<p>-- Reuters Ottawa Bureau (613) 235-6745</p>
</text>
<copyright>(c) Reuters Limited 1996</copyright>
<metadata>
<codes class="bip:countries:1.0">
  <code code="CANA">
    <editdetail attribution="Reuters BIP Coding Group" action="confirmed" date="1996-10-08"/>
  </code>
</codes>
<codes class="bip:industries:1.0">
  <code code="I01001">
    <editdetail attribution="Reuters BIP Coding Group" action="confirmed" date="1996-10-08"/>
  </code>
  <code code="I0100132">
    <editdetail attribution="Reuters BIP Coding Group" action="confirmed" date="1996-10-08"/>
  </code>
</codes>
<codes class="bip:topics:1.0">
  <code code="C21">
    <editdetail attribution="Reuters BIP Coding Group" action="confirmed" date="1996-10-08"/>
  </code>
  <code code="C24">
    <editdetail attribution="Reuters BIP Coding Group" action="confirmed" date="1996-10-08"/>
  </code>
  <code code="CCAT">
    <editdetail attribution="Reuters BIP Coding Group" action="confirmed" date="1996-10-08"/>
  </code>
  <code code="M14">
    <editdetail attribution="Reuters BIP Coding Group" action="confirmed" date="1996-10-08"/>
  </code>
  <code code="M141">
    <editdetail attribution="Reuters BIP Coding Group" action="confirmed" date="1996-10-08"/>
  </code>
  <code code="MCAT">
    <editdetail attribution="Reuters BIP Coding Group" action="confirmed" date="1996-10-08"/>
  </code>
</codes>
<dc element="dc.date.created" value="1996-10-08"/>
<dc element="dc.publisher" value="Reuters Holdings Plc"/>
<dc element="dc.date.published" value="1996-10-08"/>
<dc element="dc.source" value="Reuters"/>
<dc element="dc.creator.location" value="OTTAWA"/>
<dc element="dc.creator.location.country.name" value="CANADA"/>
<dc element="dc.source" value="Reuters"/>
</metadata>
</newsitem>
