<?xml version="1.0" encoding="iso-8859-1" ?>
<newsitem itemid="703559" id="root" date="1997-07-02" xml:lang="en">
<title>AUSTRALIA: ABARE Australian crop forecasts for 1997/98.</title>
<headline>ABARE Australian crop forecasts for 1997/98.</headline>
<dateline>CANBERRA 1997-07-02</dateline>
<text>
<p>The Australian Bureau of Agricultural and Resource Economics (ABARE) issued the following forecast for Australian crops and areas for the 1997/98 season as of July 2, 1997 in its latest crop report</p>
<p>Crops in million tonnes and areas in million hectares, with 1996/97 estimates for comparison:</p>
<p>			    Crop			 Area</p>
<p>		   1997/98    1996/97	1997/98   1996/97</p>
<p> Wheat	    16.25	23.59	  11.12     11.33</p>
<p> Barley	    4.15	 6.63	   3.14	3.27</p>
<p> Oats		1.34	 1.34	   1.04	1.84</p>
<p> Triticale	 0.37	 0.37	   0.24	0.30</p>
<p> Sorghum	   1.42	 1.10	   0.60	0.49</p>
<p> Maize	     0.38	 0.37	   0.70	0.07</p>
<p> Rice		1.40	 1.40	   0.16	0.15</p>
<p> Canola	    0.81	 0.62	   0.64	0.71</p>
<p> Lupins	    1.30	 1.27	   1.26	1.23</p>
<p> Cottonseed	0.86	 0.86	   0.42	0.41</p>
<p> Field peas	0.35	 0.38	   0.32	0.31</p>
<p> Chick peas	0.25	 0.28	   0.24	0.22</p>
<p>State wheat crop and area forecasts were:</p>
<p> Queensland	1.05	 1.85	   1.00	0.68</p>
<p> NSW		 5.02	 3.42	   3.42	2.48</p>
<p> Victoria	  1.44	 1.03	   1.03	0.90</p>
<p> S. Australia    2.17	 2.89	   1.50	1.61</p>
<p> W. Australia    6.56	 6.90	   4.10	4.05</p>
<p>State barley crop and area forecasts were:</p>
<p>  NSW		0.807	0.880	  0.582     0.570</p>
<p>  Victoria	 0.743	1.200	  0.545     0.680</p>
<p>  Queensland     0.240	0.190	  0.168     0.185</p>
<p>  S. Australia   1.960	1.900	  0.990     1.050</p>
<p>  W. Australia   1.132	1.300	  0.846     0.700</p>
<p>  Tasmania	 0.034	0.028	  0.012     0.012</p>
<p>(Any discrepancies are due to rounding)</p>
<p>-- Sydney newsroom 61-2 9373 1800</p>
</text>
<copyright>(c) Reuters Limited 1997</copyright>
<metadata>
<codes class="bip:countries:1.0">
  <code code="AUSTR">
    <editdetail attribution="Reuters BIP Coding Group" action="confirmed" date="1997-07-02"/>
  </code>
</codes>
<codes class="bip:topics:1.0">
  <code code="M14">
    <editdetail attribution="Reuters BIP Coding Group" action="confirmed" date="1997-07-02"/>
  </code>
  <code code="M141">
    <editdetail attribution="Reuters BIP Coding Group" action="confirmed" date="1997-07-02"/>
  </code>
  <code code="MCAT">
    <editdetail attribution="Reuters BIP Coding Group" action="confirmed" date="1997-07-02"/>
  </code>
</codes>
<dc element="dc.date.created" value="1997-07-02"/>
<dc element="dc.publisher" value="Reuters Holdings Plc"/>
<dc element="dc.date.published" value="1997-07-02"/>
<dc element="dc.source" value="Reuters"/>
<dc element="dc.creator.location" value="CANBERRA"/>
<dc element="dc.creator.location.country.name" value="AUSTRALIA"/>
<dc element="dc.source" value="Reuters"/>
</metadata>
</newsitem>
