<?xml version="1.0" encoding="iso-8859-1" ?>
<newsitem itemid="517826" id="root" date="1997-04-17" xml:lang="en">
<title>USA: Southeast Wis. District repriced, yields lowered.</title>
<headline>Southeast Wis. District repriced, yields lowered.</headline>
<dateline>NEW YORK 1997-04-17</dateline>
<text>
<p>Bear, Stearns &amp; Co. said Thursday it repriced Southeast Wisconsin Professional Baseball Park District's $13.3 million bond deal, lowering yields.</p>
<p>SOUTHEAST WISCONSIN</p>
<p>PROFESSIONIAL BASEBALL PARK DISTRICT,</p>
<p>RE: $13,269,529.93*</p>
<p>SALES TAX REVENUE BONDS,</p>
<p>SERIES 1997</p>
<p>VERBAL AWARD.</p>
<p>    MOODY'S: Aaa		   S&amp;P: AAA</p>
<p>		 A3 UNDERLYING	    A- UNDERLYING</p>
<p>MBIA INSURED</p>
<p>DUE: 12/15</p>
<p>DATED (zeros): Date of Delivery</p>
<p>								  APPROX.</p>
<p>								DOLLAR PRICE</p>
<p>		    PRINCIPAL    MATURITY  YIELD TO     PER</p>
<p> MATURITY	   AMOUNT*	VALUE   MATURITY    $100</p>
<p>12/15/2017	   445,971.00  1,525M	6.00	29.538</p>
<p>12/15/2018	   898,348.80  3,295M	6.05	27.552</p>
<p>12/15/2019	   830,553.90  3,235M	6.05	25.958</p>
<p>12/15/2020	   766,410.08  3,170M	6.05	24.456</p>
<p>12/15/2021	   697,407.00  3,100M	6.10	22.767</p>
<p>--------------------------------------------------------------</p>
<p>12/15/2022	   640,513.50  3,025M	6.10	21.439</p>
<p>12/15/2023	   587,935.00  2,950M	6.10	20.189</p>
<p>12/15/2024	   529,357.40  2,860M	6.15	18.758</p>
<p>12/15/2025	   483,183.00  2,775M	6.15	17.656</p>
<p>12/15/2026	   438,191.75  2,675M	6.15	16.618</p>
<p>--------------------------------------------------------------</p>
<p>12/15/2027	 2,461,164.30 16,210M	6.175     15.525</p>
<p>12/15/2028	 2,314,301.70 16,210M	6.175     14.609</p>
<p>12/15/2029	 2,176,192.50 16,210M	6.175     13.747</p>
<p>CALL FEATURES: NON-CALLABLE</p>
<p>* - APPROXIMATE SUBJECT TO CHANGE</p>
<p>The compliance addendum MSRB Rule G-11 will apply.</p>
<p>The award is expected Thursday, April 17, 1997.</p>
<p>Delivery is expected on April 29, 1997.</p>
<p>This issue is book entry through DTC.</p>
<p>Bear, Stearns &amp; Co. Inc. - 65%</p>
<p>Robert W. Baird &amp; Co., Inc. - 35%</p>
<p>--U.S. Municipal Desk, 212-859-1650</p>
</text>
<copyright>(c) Reuters Limited 1997</copyright>
<metadata>
<codes class="bip:countries:1.0">
  <code code="USA">
    <editdetail attribution="Reuters BIP Coding Group" action="confirmed" date="1997-04-17"/>
  </code>
</codes>
<codes class="bip:topics:1.0">
  <code code="E21">
    <editdetail attribution="Reuters BIP Coding Group" action="confirmed" date="1997-04-17"/>
  </code>
  <code code="E212">
    <editdetail attribution="Reuters BIP Coding Group" action="confirmed" date="1997-04-17"/>
  </code>
  <code code="ECAT">
    <editdetail attribution="Reuters BIP Coding Group" action="confirmed" date="1997-04-17"/>
  </code>
</codes>
<dc element="dc.date.created" value="1997-04-17"/>
<dc element="dc.publisher" value="Reuters Holdings Plc"/>
<dc element="dc.date.published" value="1997-04-17"/>
<dc element="dc.source" value="Reuters"/>
<dc element="dc.creator.location" value="NEW YORK"/>
<dc element="dc.creator.location.country.name" value="USA"/>
<dc element="dc.source" value="Reuters"/>
</metadata>
</newsitem>
