<?xml version="1.0" encoding="iso-8859-1" ?>
<newsitem itemid="102172" id="root" date="1996-10-08" xml:lang="en">
<title>CZECH REPUBLIC: Czech budget vote seen delayed by long debate.</title>
<headline>Czech budget vote seen delayed by long debate.</headline>
<dateline>PRAGUE 1996-10-08</dateline>
<text>
<p>The Czech parliament is unlikely to vote on the first reading of the state budget on Tuesday, as a long line of deputies take turns speaking on the subject, a senior parliamentarian told Reuters on Tuesday.</p>
<p>&quot;I doubt that the approval will come today, and the debate will be very, very long,&quot; Milan Uhde, parliamentary club chairman of Prime Minister Vaclav Klaus's Civic Deomcratic Party (ODS), said.</p>
<p>The lower chamber of parliament was expected to hold the first reading of the draft budget later on Tuesday, but the opposition Social Democrats have said they would seek changes to two paragraphs in the draft.</p>
<p>The far-right Republican Party (SPR-RSC) and the little-reformed Communists (KSCM) are also expected to give lengthy speeches that could delay the vote.</p>
<p>Klaus's three-party coalition holds only 99 seats in the 200-seat chamber. The Social Democrats can therefore block the budget if they win full support from the Communists and Republicans.</p>
<p>-- Prague Newsroom, 42-2-2423-0003</p>
</text>
<copyright>(c) Reuters Limited 1996</copyright>
<metadata>
<codes class="bip:countries:1.0">
  <code code="CZREP">
    <editdetail attribution="Reuters BIP Coding Group" action="confirmed" date="1996-10-08"/>
  </code>
</codes>
<codes class="bip:topics:1.0">
  <code code="E21">
    <editdetail attribution="Reuters BIP Coding Group" action="confirmed" date="1996-10-08"/>
  </code>
  <code code="E211">
    <editdetail attribution="Reuters BIP Coding Group" action="confirmed" date="1996-10-08"/>
  </code>
  <code code="ECAT">
    <editdetail attribution="Reuters BIP Coding Group" action="confirmed" date="1996-10-08"/>
  </code>
  <code code="GCAT">
    <editdetail attribution="Reuters BIP Coding Group" action="confirmed" date="1996-10-08"/>
  </code>
  <code code="GPOL">
    <editdetail attribution="Reuters BIP Coding Group" action="confirmed" date="1996-10-08"/>
  </code>
</codes>
<dc element="dc.date.created" value="1996-10-08"/>
<dc element="dc.publisher" value="Reuters Holdings Plc"/>
<dc element="dc.date.published" value="1996-10-08"/>
<dc element="dc.source" value="Reuters"/>
<dc element="dc.creator.location" value="PRAGUE"/>
<dc element="dc.creator.location.country.name" value="CZECH REPUBLIC"/>
<dc element="dc.source" value="Reuters"/>
</metadata>
</newsitem>
