<?xml version="1.0" encoding="iso-8859-1" ?>
<newsitem itemid="29009" id="root" date="1996-09-03" xml:lang="en">
<title>USA: Regis acuires 10 Seattle salons.</title>
<headline>Regis acuires 10 Seattle salons.</headline>
<dateline>MINNEAPOLIS 1996-09-03</dateline>
<text>
<p>Regis Corp, which owns and operates mall-based hair salons, said Tuesday it acquired 10 salons in the Seattle area.</p>
<p>Terms were not disclosed, but Regis said the acquired salons generate about $2.7 million in annual sales.</p>
<p>Regis said including these purchases, the company has acquired 476 salons in the past 32 months.</p>
<p>--Chicago newsdesk, 312-408-8787</p>
</text>
<copyright>(c) Reuters Limited 1996</copyright>
<metadata>
<codes class="bip:countries:1.0">
  <code code="USA">
    <editdetail attribution="Reuters BIP Coding Group" action="confirmed" date="1996-09-03"/>
  </code>
</codes>
<codes class="bip:industries:1.0">
  <code code="I65400">
    <editdetail attribution="Reuters BIP Coding Group" action="confirmed" date="1996-09-03"/>
  </code>
</codes>
<codes class="bip:topics:1.0">
  <code code="C18">
    <editdetail attribution="Reuters BIP Coding Group" action="confirmed" date="1996-09-03"/>
  </code>
  <code code="C182">
    <editdetail attribution="Reuters BIP Coding Group" action="confirmed" date="1996-09-03"/>
  </code>
  <code code="CCAT">
    <editdetail attribution="Reuters BIP Coding Group" action="confirmed" date="1996-09-03"/>
  </code>
</codes>
<dc element="dc.date.created" value="1996-09-03"/>
<dc element="dc.publisher" value="Reuters Holdings Plc"/>
<dc element="dc.date.published" value="1996-09-03"/>
<dc element="dc.source" value="Reuters"/>
<dc element="dc.creator.location" value="MINNEAPOLIS"/>
<dc element="dc.creator.location.country.name" value="USA"/>
<dc element="dc.source" value="Reuters"/>
</metadata>
</newsitem>
