<?xml version="1.0" encoding="iso-8859-1" ?>
<newsitem itemid="75889" id="root" date="1996-09-25" xml:lang="en">
<title>ITALY: Montedison sees improved second half in '96.</title>
<headline>Montedison sees improved second half in '96.</headline>
<dateline>MILAN 1996-09-25</dateline>
<text>
<p>Italian agro-industrial group Montedison said it expected an improvement in results for the second half of 1996 given a positive trend in revenues seen between May and August.</p>
<p>Montedison said in a statement a widening of its product base in certain sectors, like energy, starch, sugar and fluoride products, would add to an improvement in second half results.</p>
<p>It also expected a fall in debt and financial charges due to income of 448 billion in tax credits in July and August.</p>
<p>The group could also have gains stemming from out of court settlements with former managers, it said.</p>
<p>--Milan bureau +392 66129507</p>
</text>
<copyright>(c) Reuters Limited 1996</copyright>
<metadata>
<codes class="bip:countries:1.0">
  <code code="ITALY">
    <editdetail attribution="Reuters BIP Coding Group" action="confirmed" date="1996-09-25"/>
  </code>
</codes>
<codes class="bip:industries:1.0">
  <code code="I83960">
    <editdetail attribution="Reuters BIP Coding Group" action="confirmed" date="1996-09-25"/>
  </code>
</codes>
<codes class="bip:topics:1.0">
  <code code="C15">
    <editdetail attribution="Reuters BIP Coding Group" action="confirmed" date="1996-09-25"/>
  </code>
  <code code="C152">
    <editdetail attribution="Reuters BIP Coding Group" action="confirmed" date="1996-09-25"/>
  </code>
  <code code="CCAT">
    <editdetail attribution="Reuters BIP Coding Group" action="confirmed" date="1996-09-25"/>
  </code>
</codes>
<dc element="dc.date.created" value="1996-09-25"/>
<dc element="dc.publisher" value="Reuters Holdings Plc"/>
<dc element="dc.date.published" value="1996-09-25"/>
<dc element="dc.source" value="Reuters"/>
<dc element="dc.creator.location" value="MILAN"/>
<dc element="dc.creator.location.country.name" value="ITALY"/>
<dc element="dc.source" value="Reuters"/>
</metadata>
</newsitem>
