<?xml version="1.0" encoding="iso-8859-1" ?>
<newsitem itemid="46448" id="root" date="1996-09-11" xml:lang="en">
<title>USA: BALANCE - Wisconsin at $14.7 mln.</title>
<headline>BALANCE - Wisconsin at $14.7 mln.</headline>
<text>
<p>STATE OF WISCONSIN</p>
<p>RE: $115,230,000</p>
<p>GENERAL OBLIGATION BONDS OF 1996, SERIES C</p>
<p>  MOODY'S: Aa		    S&amp;P: AA		    FITCH: AA+</p>
<p>Delivery Date: 10/02/1996</p>
<p>Maturity	   Balance     Coupon    List</p>
<p>05/01/2002	   3,775M    4.75	  4.80</p>
<p>05/01/2003	   4,145M    4.90	  4.90</p>
<p>05/01/2004	   1,800M    5.00	  5.00</p>
<p>05/01/2005	   4,970M    6.25	  5.10</p>
<p>  Total:	    14,690M</p>
<p>Morgan Stanley &amp; Co. Incorporated</p>
<p>J.P. Morgan Securities Inc.</p>
<p>Bear, Stearns &amp; Co. Inc.</p>
<p>Smith Barney Inc.</p>
<p>First Chicago Capital Markets, Inc.</p>
<p>Dain Bosworth Incorporated</p>
<p>George K. Baum &amp; Company</p>
<p>ABN Amro Securities</p>
<p>--U.S. Municipal Desk, 212-859-1650</p>
</text>
<copyright>(c) Reuters Limited 1996</copyright>
<metadata>
<codes class="bip:countries:1.0">
  <code code="USA">
    <editdetail attribution="Reuters BIP Coding Group" action="confirmed" date="1996-09-11"/>
  </code>
</codes>
<codes class="bip:topics:1.0">
  <code code="E21">
    <editdetail attribution="Reuters BIP Coding Group" action="confirmed" date="1996-09-11"/>
  </code>
  <code code="E212">
    <editdetail attribution="Reuters BIP Coding Group" action="confirmed" date="1996-09-11"/>
  </code>
  <code code="ECAT">
    <editdetail attribution="Reuters BIP Coding Group" action="confirmed" date="1996-09-11"/>
  </code>
</codes>
<dc element="dc.publisher" value="Reuters Holdings Plc"/>
<dc element="dc.date.published" value="1996-09-11"/>
<dc element="dc.source" value="Reuters"/>
<dc element="dc.creator.location.country.name" value="USA"/>
<dc element="dc.source" value="Reuters"/>
</metadata>
</newsitem>
