<?xml version="1.0" encoding="iso-8859-1" ?>
<newsitem itemid="764170" id="root" date="1997-07-29" xml:lang="en">
<title>BELGIUM: EU still probing aspects of Krupp/Thyssen deal.</title>
<headline>EU still probing aspects of Krupp/Thyssen deal.</headline>
<dateline>BRUSSELS 1997-07-29</dateline>
<text>
<p>The European Commission is still probing certain aspects of a joint venture between German steel companies Thyssen Stahl AG and Krupp Hoesch Stahl AG after clearing on Tuesday the pooling of their flat steel activities.</p>
<p>A Commission source said a separate investigation was being carried regarding the production of steel tubes, trade in fertilisers and transport services which the two companies also transferred to the joint venture called Thyssen Krupp Stahl.</p>
<p>The deadline for the Commission to rule on these aspects is August 11, the source said.</p>
<p>The Commission gave its blessing on Tuesday to the flat steel aspects of the venture under provisions in the treaty of the European Coal and Steel Community (ECSC). It did not mention the other aspects of the deal.</p>
<p>The source in the Commission's competition services said the other activities fell under the EU's merger control law.</p>
<p>The ECSC treaty applies to a range of well defined steel and coal products. The list does not include steel tubes.</p>
<p>-- Amelia Torres 322 2876841</p>
</text>
<copyright>(c) Reuters Limited 1997</copyright>
<metadata>
<codes class="bip:countries:1.0">
  <code code="EEC">
    <editdetail attribution="Reuters BIP Coding Group" action="confirmed" date="1997-07-29"/>
  </code>
  <code code="GFR">
    <editdetail attribution="Reuters BIP Coding Group" action="confirmed" date="1997-07-29"/>
  </code>
</codes>
<codes class="bip:industries:1.0">
  <code code="I22100">
    <editdetail attribution="Reuters BIP Coding Group" action="confirmed" date="1997-07-29"/>
  </code>
  <code code="I83960">
    <editdetail attribution="Reuters BIP Coding Group" action="confirmed" date="1997-07-29"/>
  </code>
</codes>
<codes class="bip:topics:1.0">
  <code code="C11">
    <editdetail attribution="Reuters BIP Coding Group" action="confirmed" date="1997-07-29"/>
  </code>
  <code code="C34">
    <editdetail attribution="Reuters BIP Coding Group" action="confirmed" date="1997-07-29"/>
  </code>
  <code code="CCAT">
    <editdetail attribution="Reuters BIP Coding Group" action="confirmed" date="1997-07-29"/>
  </code>
  <code code="G15">
    <editdetail attribution="Reuters BIP Coding Group" action="confirmed" date="1997-07-29"/>
  </code>
  <code code="G157">
    <editdetail attribution="Reuters BIP Coding Group" action="confirmed" date="1997-07-29"/>
  </code>
  <code code="GCAT">
    <editdetail attribution="Reuters BIP Coding Group" action="confirmed" date="1997-07-29"/>
  </code>
</codes>
<dc element="dc.date.created" value="1997-07-29"/>
<dc element="dc.publisher" value="Reuters Holdings Plc"/>
<dc element="dc.date.published" value="1997-07-29"/>
<dc element="dc.source" value="Reuters"/>
<dc element="dc.creator.location" value="BRUSSELS"/>
<dc element="dc.creator.location.country.name" value="BELGIUM"/>
<dc element="dc.source" value="Reuters"/>
</metadata>
</newsitem>
