<?xml version="1.0" encoding="iso-8859-1" ?>
<newsitem itemid="447427" id="root" date="1997-03-17" xml:lang="en">
<title>BELGIUM: Belgian shares end near lows, Bel-20 off 1.0 pct.</title>
<headline>Belgian shares end near lows, Bel-20 off 1.0 pct.</headline>
<text>
<p>1540 GMT - Belgian shares end near lows as dollar weakness and early Dow  .DJI drop erode already shaky sentiment</p>
<p>* Bel-20 index  .BFX ends 21.93 points, one percent lower at 2,170.95 points. Seventeen issues lower, one up, two unchanged. Volume moderate 3.8 billion Belgian francs.</p>
<p>* Insurer Royale Belge star outperformer, adding 2.34 percent to 9,200 francs on speculation about link with  AXA Belgium or reinforcement of AXA-UAP control</p>
<p>* Electrabel loses 60 francs to 7,970 francs before news 1996 profit rose six percent to 30.4 billion francs. Net dividend as expected up four percent at 352 francs</p>
<p>-- Brussels Newsroom +32 2 287 6810, Fax +32 2 230 7710</p>
</text>
<copyright>(c) Reuters Limited 1997</copyright>
<metadata>
<codes class="bip:countries:1.0">
  <code code="BELG">
    <editdetail attribution="Reuters BIP Coding Group" action="confirmed" date="1997-03-17"/>
  </code>
</codes>
<codes class="bip:topics:1.0">
  <code code="M11">
    <editdetail attribution="Reuters BIP Coding Group" action="confirmed" date="1997-03-17"/>
  </code>
  <code code="MCAT">
    <editdetail attribution="Reuters BIP Coding Group" action="confirmed" date="1997-03-17"/>
  </code>
</codes>
<dc element="dc.publisher" value="Reuters Holdings Plc"/>
<dc element="dc.date.published" value="1997-03-17"/>
<dc element="dc.source" value="Reuters"/>
<dc element="dc.creator.location.country.name" value="BELGIUM"/>
<dc element="dc.source" value="Reuters"/>
</metadata>
</newsitem>
