<?xml version="1.0" encoding="iso-8859-1" ?>
<newsitem itemid="467031" id="root" date="1997-03-25" xml:lang="en">
<title>UK: Baird upbeat after restructuring hits profit.</title>
<headline>Baird upbeat after restructuring hits profit.</headline>
<dateline>LONDON 1997-03-25</dateline>
<text>
<p>British clothing designer and manufacturer William Baird Plc said on Tuesday that order levels and sales were in line with expectations and that it was confident of further progress this year.</p>
<p>The company unveiled pre-tax profits for 1996 of 25.1 million stg before exceptional restructuring costs from 20.1 million previously. After costs it suffered a pre-tax loss of 6.0 million versus a 10.3 million gain.</p>
<p>&quot;Economic recovery in the UK, which is further advanced than that in continental Europe, is resulting in a more favourable trading environment,&quot; said the company.</p>
<p>Baird launched a restructuring programme in October 1996 designed to focus on marketing its own branded clothing and on designing and manufacturing for Marks &amp; Spencer Plc, resulting in costs of 31.1 million stg.</p>
<p>The company recently sold five clothing and gift businesses for 23 million stg to a company owned by 3I Group Plc and investment funds as part of the restructuring.</p>
<p>It maintained its dividend at 9.35p per share. By 1056 GMT, shares in the firm had risen 1-1/2p to 184-1/2.</p>
<p>London Newsroom + 44 171 542 4019</p>
</text>
<copyright>(c) Reuters Limited 1997</copyright>
<metadata>
<codes class="bip:countries:1.0">
  <code code="UK">
    <editdetail attribution="Reuters BIP Coding Group" action="confirmed" date="1997-03-25"/>
  </code>
</codes>
<codes class="bip:industries:1.0">
  <code code="I43000">
    <editdetail attribution="Reuters BIP Coding Group" action="confirmed" date="1997-03-25"/>
  </code>
</codes>
<codes class="bip:topics:1.0">
  <code code="C15">
    <editdetail attribution="Reuters BIP Coding Group" action="confirmed" date="1997-03-25"/>
  </code>
  <code code="C151">
    <editdetail attribution="Reuters BIP Coding Group" action="confirmed" date="1997-03-25"/>
  </code>
  <code code="C1511">
    <editdetail attribution="Reuters BIP Coding Group" action="confirmed" date="1997-03-25"/>
  </code>
  <code code="C152">
    <editdetail attribution="Reuters BIP Coding Group" action="confirmed" date="1997-03-25"/>
  </code>
  <code code="CCAT">
    <editdetail attribution="Reuters BIP Coding Group" action="confirmed" date="1997-03-25"/>
  </code>
</codes>
<dc element="dc.date.created" value="1997-03-25"/>
<dc element="dc.publisher" value="Reuters Holdings Plc"/>
<dc element="dc.date.published" value="1997-03-25"/>
<dc element="dc.source" value="Reuters"/>
<dc element="dc.creator.location" value="LONDON"/>
<dc element="dc.creator.location.country.name" value="UK"/>
<dc element="dc.source" value="Reuters"/>
</metadata>
</newsitem>
