<?xml version="1.0" encoding="iso-8859-1" ?>
<newsitem itemid="809793" id="root" date="1997-08-19" xml:lang="en">
<title>NETHERLANDS: ASR (Stad R'dam) sees strong H2 rise.</title>
<headline>ASR (Stad R'dam) sees strong H2 rise.</headline>
<dateline>ROTTERDAM 1997-08-19</dateline>
<text>
<p>Insurance firm ASR Verzekeringsgroep NV said on Tuesday it expected a strong rise in profits in the second half of the year.</p>
<p>Earlier, ASR reported first-half 1997 net profits of 86.5 million guilders versus 62.2 million guilders in the same period of 1996.</p>
<p>ASR Verzekeringsgroep, previously called Stad Rotterdam Anno 1720 NV, formed a new holding company earlier this year when it acquired unlisted De Amersfoortse.  </p>
<p>&quot;Barring unforeseen circumstances, ASR expects the percentage rise in both net profit and earnings per share for 1997 as a whole to be of the same order of magnitude as the first half,&quot; it said in a statement.</p>
<p>Net earnings rose by 39.1 percent during the first six months of 1997 compared to the same period a year earlier.</p>
<p>-- Amsterdam newsroom +31 20 504 5000</p>
</text>
<copyright>(c) Reuters Limited 1997</copyright>
<metadata>
<codes class="bip:countries:1.0">
  <code code="NETH">
    <editdetail attribution="Reuters BIP Coding Group" action="confirmed" date="1997-08-19"/>
  </code>
</codes>
<codes class="bip:industries:1.0">
  <code code="I82001">
    <editdetail attribution="Reuters BIP Coding Group" action="confirmed" date="1997-08-19"/>
  </code>
</codes>
<codes class="bip:topics:1.0">
  <code code="C15">
    <editdetail attribution="Reuters BIP Coding Group" action="confirmed" date="1997-08-19"/>
  </code>
  <code code="C152">
    <editdetail attribution="Reuters BIP Coding Group" action="confirmed" date="1997-08-19"/>
  </code>
  <code code="CCAT">
    <editdetail attribution="Reuters BIP Coding Group" action="confirmed" date="1997-08-19"/>
  </code>
</codes>
<dc element="dc.date.created" value="1997-08-19"/>
<dc element="dc.publisher" value="Reuters Holdings Plc"/>
<dc element="dc.date.published" value="1997-08-19"/>
<dc element="dc.source" value="Reuters"/>
<dc element="dc.creator.location" value="ROTTERDAM"/>
<dc element="dc.creator.location.country.name" value="NETHERLANDS"/>
<dc element="dc.source" value="Reuters"/>
</metadata>
</newsitem>
