<?xml version="1.0" encoding="iso-8859-1" ?>
<newsitem itemid="517842" id="root" date="1997-04-17" xml:lang="en">
<title>USA: Gingrich-Dole loan has 10 percent interest.</title>
<headline>Gingrich-Dole loan has 10 percent interest.</headline>
<dateline>WASHINGTON 1997-04-17</dateline>
<text>
<p>Following is the agreement between House Speaker Newt Gingrich and former Republican presidential candidate Bob Dole for a $300,000 loan from Dole to pay Gingrich's penalty for ethics violations, as released by Gingrich's office.</p>
<p>Terms for loan agreement between Robert Dole (lender) and Newt Gingrich (borrower).</p>
<p>1. The borrower shall be Newt Gingrich.</p>
<p>2. The loan amount shall be $300,000.</p>
<p>3. The lender shall be Robert Dole.</p>
<p>4. The purpose of the loan shall be for the sole purpose of paying the $300,000 cost assessment contained in the report of the Committee on Standards of Official Conduct which was adopted by the House of Representatives on January 21, 1997 in House Resolution 31.</p>
<p>5. The interest rate shall be 10.0 % (which is the prime rate plus 1.5%) simple interest, calculated on an annual basis.</p>
<p>6. Principal and all accrued interest shall be due and payable within eight years of the date of the loan. Borrower may make payments prior to the due date at anytime, without penalty, with all payments being first applied to interest, with remaining amounts applied to principal.</p>
<p>7. All such loan documents which will include terms for loans generally available to the public and made in commercially reasonable manner (including requirements that the loan be repaid and that a reasonable rate of interest be paid) and as lender may in his judgment deem necessary or expedient for its protection, including a loan agreement which shall contain representations, covenants, and agreements satsifactory to lender.</p>
<p>8. Borrower shall maintain term life insurance in an amount of the full outstanding principal and interests at all time during the term of the loan.</p>
<p>9.The loan shall not be forgiven by lender, but instead shall remain a legal obligation of borrower.</p>
<p>10. Lender covenants and agrees that lender is not a registered lobbyist, is a U.S. citizen. Lender agrees that if lender becomes a registered lobbyist, then the loan shall be replaced with a commercial loan from a commercial lending institution agreeable to both borrower and lender.</p>
<p>11. The terms of the loan, as set forth hereinabove, shall be approved by the Committee on Standards of Official Conduct as a condition of the enforceability of any of the provisions set forth herein.</p>
<p>This 15th day of April, 1997.</p>
<p>Signed by Newt Gingrich and Robert Dole.</p>
</text>
<copyright>(c) Reuters Limited 1997</copyright>
<metadata>
<codes class="bip:countries:1.0">
  <code code="USA">
    <editdetail attribution="Reuters BIP Coding Group" action="confirmed" date="1997-04-17"/>
  </code>
</codes>
<codes class="bip:topics:1.0">
  <code code="GCAT">
    <editdetail attribution="Reuters BIP Coding Group" action="confirmed" date="1997-04-17"/>
  </code>
  <code code="GPOL">
    <editdetail attribution="Reuters BIP Coding Group" action="confirmed" date="1997-04-17"/>
  </code>
</codes>
<dc element="dc.date.created" value="1997-04-17"/>
<dc element="dc.publisher" value="Reuters Holdings Plc"/>
<dc element="dc.date.published" value="1997-04-17"/>
<dc element="dc.source" value="Reuters"/>
<dc element="dc.creator.location" value="WASHINGTON"/>
<dc element="dc.creator.location.country.name" value="USA"/>
<dc element="dc.source" value="Reuters"/>
</metadata>
</newsitem>
