<?xml version="1.0" encoding="iso-8859-1" ?>
<newsitem itemid="44102" id="root" date="1996-09-10" xml:lang="en">
<title>USA: San Francisco 49ers seek public funds for stadium.</title>
<headline>San Francisco 49ers seek public funds for stadium.</headline>
<dateline>SAN FRANCISCO 1996-09-10</dateline>
<text>
<p>The San Francisco 49ers football team wants the city to cover up to half the cost of a new stadium, team officials said on Tuesday.</p>
<p>The 49ers, whose lease at 3Com Park, formerly Candlestick, expires in 2006, have been in talks with San Francisco Mayor Willie Brown about building a replacement facility. Its price has been estimated at $250 million.</p>
<p>Monday, the San Francisco Giants baseball team said Chase Securities Inc would arrange $140 million in financing for the construction of a $255 million ballpark for that team.</p>
<p>Chase Securities, a subsidiary of Chase Manhattan Corp, will structure and arrange $140 million in syndicated bank credit facilities. The $140 million bank facility would later be replaced by a permanent financing, using the private placement of long-term securities.</p>
</text>
<copyright>(c) Reuters Limited 1996</copyright>
<metadata>
<codes class="bip:countries:1.0">
  <code code="USA">
    <editdetail attribution="Reuters BIP Coding Group" action="confirmed" date="1996-09-10"/>
  </code>
</codes>
<codes class="bip:industries:1.0">
  <code code="I81402">
    <editdetail attribution="Reuters BIP Coding Group" action="confirmed" date="1996-09-10"/>
  </code>
  <code code="I97911">
    <editdetail attribution="Reuters BIP Coding Group" action="confirmed" date="1996-09-10"/>
  </code>
</codes>
<codes class="bip:topics:1.0">
  <code code="C17">
    <editdetail attribution="Reuters BIP Coding Group" action="confirmed" date="1996-09-10"/>
  </code>
  <code code="C24">
    <editdetail attribution="Reuters BIP Coding Group" action="confirmed" date="1996-09-10"/>
  </code>
  <code code="CCAT">
    <editdetail attribution="Reuters BIP Coding Group" action="confirmed" date="1996-09-10"/>
  </code>
  <code code="E21">
    <editdetail attribution="Reuters BIP Coding Group" action="confirmed" date="1996-09-10"/>
  </code>
  <code code="E212">
    <editdetail attribution="Reuters BIP Coding Group" action="confirmed" date="1996-09-10"/>
  </code>
  <code code="ECAT">
    <editdetail attribution="Reuters BIP Coding Group" action="confirmed" date="1996-09-10"/>
  </code>
  <code code="GCAT">
    <editdetail attribution="Reuters BIP Coding Group" action="confirmed" date="1996-09-10"/>
  </code>
  <code code="GSPO">
    <editdetail attribution="Reuters BIP Coding Group" action="confirmed" date="1996-09-10"/>
  </code>
</codes>
<dc element="dc.date.created" value="1996-09-10"/>
<dc element="dc.publisher" value="Reuters Holdings Plc"/>
<dc element="dc.date.published" value="1996-09-10"/>
<dc element="dc.source" value="Reuters"/>
<dc element="dc.creator.location" value="SAN FRANCISCO"/>
<dc element="dc.creator.location.country.name" value="USA"/>
<dc element="dc.source" value="Reuters"/>
</metadata>
</newsitem>
