<?xml version="1.0" encoding="iso-8859-1" ?>
<newsitem itemid="586399" id="root" date="1997-05-15" xml:lang="en">
<title>JAPAN: Kobe Electric set terms on convertibles.</title>
<headline>Kobe Electric set terms on convertibles.</headline>
<dateline>TOKYO 1997-05-15</dateline>
<text>
<p>BORROWER - Kobe Electric Railway Co Ltd</p>
<p>LEAD MGR - Sakura Bank (Schweiz) AG</p>
<p> TYPE convertible     ISSUE NO		AMT    3.5 bln yen</p>
<p> COUPON		   ISSU PRICE  par     MATURITY 23.May.01</p>
<p>CONV PRICE 513 yen</p>
<p> CONV FROM 9.Jun.97   CONV TO  9.May.01</p>
<p> LAST MOODY'S	   PAY DATE 23.May.97</p>
<p> LAST S&amp;P		 SIGN DATE	     SUB DATE</p>
<p> LAST JCR		 LAST JBRI	     LAST NIS</p>
</text>
<copyright>(c) Reuters Limited 1997</copyright>
<metadata>
<codes class="bip:countries:1.0">
  <code code="JAP">
    <editdetail attribution="Reuters BIP Coding Group" action="confirmed" date="1997-05-15"/>
  </code>
</codes>
<codes class="bip:industries:1.0">
  <code code="I71000">
    <editdetail attribution="Reuters BIP Coding Group" action="confirmed" date="1997-05-15"/>
  </code>
</codes>
<codes class="bip:topics:1.0">
  <code code="C17">
    <editdetail attribution="Reuters BIP Coding Group" action="confirmed" date="1997-05-15"/>
  </code>
  <code code="C172">
    <editdetail attribution="Reuters BIP Coding Group" action="confirmed" date="1997-05-15"/>
  </code>
  <code code="CCAT">
    <editdetail attribution="Reuters BIP Coding Group" action="confirmed" date="1997-05-15"/>
  </code>
</codes>
<dc element="dc.date.created" value="1997-05-15"/>
<dc element="dc.publisher" value="Reuters Holdings Plc"/>
<dc element="dc.date.published" value="1997-05-15"/>
<dc element="dc.source" value="Reuters"/>
<dc element="dc.creator.location" value="TOKYO"/>
<dc element="dc.creator.location.country.name" value="JAPAN"/>
<dc element="dc.source" value="Reuters"/>
</metadata>
</newsitem>
