<?xml version="1.0" encoding="iso-8859-1" ?>
<newsitem itemid="522047" id="root" date="1997-04-18" xml:lang="en">
<title>JAPAN: Tostem Viva -irregular 6-mth group forecast.</title>
<headline>Tostem Viva -irregular 6-mth group forecast.</headline>
<dateline>TOKYO 1997-04-18</dateline>
<text>
<p>Six months to August 31, 1997</p>
<p>		   (in billions of yen unless specified)</p>
<p>			  SIX-MONTH	ACTUAL FUll YEAR</p>
<p> (Group)		FORECAST	 TO FEB 1997</p>
<p> Sales		 55.50	     106.06</p>
<p> Current	    900    million	 887    million</p>
<p> Net		prft 500 million  loss 157    million</p>
<p> EPS	     prft 7.37 yen    loss 2.32 yen</p>
<p>NOTE - Tostem Viva Corp is a store operator selling home improvement and other goods.The company forecast for an irregular six-month as it plans to change its business year to end March from the previous February.</p>
</text>
<copyright>(c) Reuters Limited 1997</copyright>
<metadata>
<codes class="bip:countries:1.0">
  <code code="JAP">
    <editdetail attribution="Reuters BIP Coding Group" action="confirmed" date="1997-04-18"/>
  </code>
</codes>
<codes class="bip:industries:1.0">
  <code code="I65400">
    <editdetail attribution="Reuters BIP Coding Group" action="confirmed" date="1997-04-18"/>
  </code>
</codes>
<codes class="bip:topics:1.0">
  <code code="C15">
    <editdetail attribution="Reuters BIP Coding Group" action="confirmed" date="1997-04-18"/>
  </code>
  <code code="C152">
    <editdetail attribution="Reuters BIP Coding Group" action="confirmed" date="1997-04-18"/>
  </code>
  <code code="CCAT">
    <editdetail attribution="Reuters BIP Coding Group" action="confirmed" date="1997-04-18"/>
  </code>
</codes>
<dc element="dc.date.created" value="1997-04-18"/>
<dc element="dc.publisher" value="Reuters Holdings Plc"/>
<dc element="dc.date.published" value="1997-04-18"/>
<dc element="dc.source" value="Reuters"/>
<dc element="dc.creator.location" value="TOKYO"/>
<dc element="dc.creator.location.country.name" value="JAPAN"/>
<dc element="dc.source" value="Reuters"/>
</metadata>
</newsitem>
