<?xml version="1.0" encoding="iso-8859-1" ?>
<newsitem itemid="377801" id="root" date="1997-02-14" xml:lang="en">
<title>UK: London precious metals end quiet day mixed.</title>
<headline>London precious metals end quiet day mixed.</headline>
<text>
<p>GOLD - Closed at $342.80/$343.30, up $1.20. Very quiet steady day ahead of Comex option expiry, U.S. holiday Monday. Seeking clue to next week's direction from close.</p>
<p>SILVER -  Finished firmer at $5.18/$5.20, up five cents.</p>
<p>Awaiting Comex option expiry. Accent on $5.25 calls.</p>
<p>PLATINUM - Ended a dollar easier at $365.50/$366.50.</p>
<p>PALLADIUM - Finished $3.00 down at $134.00/$135.00.</p>
</text>
<copyright>(c) Reuters Limited 1997</copyright>
<metadata>
<codes class="bip:countries:1.0">
  <code code="UK">
    <editdetail attribution="Reuters BIP Coding Group" action="confirmed" date="1997-02-14"/>
  </code>
</codes>
<codes class="bip:topics:1.0">
  <code code="M14">
    <editdetail attribution="Reuters BIP Coding Group" action="confirmed" date="1997-02-14"/>
  </code>
  <code code="M142">
    <editdetail attribution="Reuters BIP Coding Group" action="confirmed" date="1997-02-14"/>
  </code>
  <code code="MCAT">
    <editdetail attribution="Reuters BIP Coding Group" action="confirmed" date="1997-02-14"/>
  </code>
</codes>
<dc element="dc.publisher" value="Reuters Holdings Plc"/>
<dc element="dc.date.published" value="1997-02-14"/>
<dc element="dc.source" value="Reuters"/>
<dc element="dc.creator.location.country.name" value="UK"/>
<dc element="dc.source" value="Reuters"/>
</metadata>
</newsitem>
