<?xml version="1.0" encoding="iso-8859-1" ?>
<newsitem itemid="326751" id="root" date="1997-01-22" xml:lang="en">
<title>INDONESIA: Bank Indonesia supplies 172 bln rph temporarily.</title>
<headline>Bank Indonesia supplies 172 bln rph temporarily.</headline>
<dateline>JAKARTA 1997-01-22</dateline>
<text>
<p>Indonesia's central bank, Bank Indonesia, supplied some 172 billion rupiah temporarily on the money market early on Wednesday, money traders said.</p>
<p>Some 200 billion rupiah of central bank certificates (SBIs) were due today, compared with 18 billion rupiah of maturing short-term papers (SBPUs) and 10 billion rupiah of SBIs to be settled today.</p>
<p>-- Jakarta newsroom +6221 384-6364.</p>
</text>
<copyright>(c) Reuters Limited 1997</copyright>
<metadata>
<codes class="bip:countries:1.0">
  <code code="INDON">
    <editdetail attribution="Reuters BIP Coding Group" action="confirmed" date="1997-01-22"/>
  </code>
</codes>
<codes class="bip:topics:1.0">
  <code code="M13">
    <editdetail attribution="Reuters BIP Coding Group" action="confirmed" date="1997-01-22"/>
  </code>
  <code code="M131">
    <editdetail attribution="Reuters BIP Coding Group" action="confirmed" date="1997-01-22"/>
  </code>
  <code code="MCAT">
    <editdetail attribution="Reuters BIP Coding Group" action="confirmed" date="1997-01-22"/>
  </code>
</codes>
<dc element="dc.date.created" value="1997-01-22"/>
<dc element="dc.publisher" value="Reuters Holdings Plc"/>
<dc element="dc.date.published" value="1997-01-22"/>
<dc element="dc.source" value="Reuters"/>
<dc element="dc.creator.location" value="JAKARTA"/>
<dc element="dc.creator.location.country.name" value="INDONESIA"/>
<dc element="dc.source" value="Reuters"/>
</metadata>
</newsitem>
