<?xml version="1.0" encoding="iso-8859-1" ?>
<newsitem itemid="591252" id="root" date="1997-05-16" xml:lang="en">
<title>USA: BALANCE -- New Haven, Conn., at $8.4 mln.</title>
<headline>BALANCE -- New Haven, Conn., at $8.4 mln.</headline>
<text>
<p>CITY OF NEW HAVEN CONNECTICUT</p>
<p>RE: $40,000,000</p>
<p>GENERAL OBLIGATION BONDS, SERIES 1997</p>
<p>    MOODY'S: Aaa		   S&amp;P: AAA</p>
<p>Delivery Date: 05/22/1997</p>
<p>FGIC INSURED</p>
<p>Maturity	   Balance     Coupon    List</p>
<p>02/15/2002	     140M    5.00	  4.75</p>
<p>02/15/2003	     140M    5.00	  4.85</p>
<p>02/15/2006	   2,150M    6.00	  5.00</p>
<p>02/15/2007	   1,810M    6.00	  5.05</p>
<p>02/15/2008	   1,065M    5.10	  5.15</p>
<p>----------------------------------------------</p>
<p>02/15/2009	   1,695M    5.20	  5.25</p>
<p>02/15/2010	   1,020M    5.30	  5.35</p>
<p>02/15/2011	     275M    5.375	 5.40</p>
<p>02/15/2016	     115M    5.375	 5.60</p>
<p>  Total:	     8,410M</p>
<p>Lehman Brothers</p>
<p>Bear, Stearns &amp; Co. Inc.</p>
<p>Morgan Stanley &amp; Co. Incorporated</p>
<p>--U.S. Municipal Desk, 212-859-1650</p>
</text>
<copyright>(c) Reuters Limited 1997</copyright>
<metadata>
<codes class="bip:countries:1.0">
  <code code="USA">
    <editdetail attribution="Reuters BIP Coding Group" action="confirmed" date="1997-05-16"/>
  </code>
</codes>
<codes class="bip:topics:1.0">
  <code code="E21">
    <editdetail attribution="Reuters BIP Coding Group" action="confirmed" date="1997-05-16"/>
  </code>
  <code code="E212">
    <editdetail attribution="Reuters BIP Coding Group" action="confirmed" date="1997-05-16"/>
  </code>
  <code code="ECAT">
    <editdetail attribution="Reuters BIP Coding Group" action="confirmed" date="1997-05-16"/>
  </code>
</codes>
<dc element="dc.publisher" value="Reuters Holdings Plc"/>
<dc element="dc.date.published" value="1997-05-16"/>
<dc element="dc.source" value="Reuters"/>
<dc element="dc.creator.location.country.name" value="USA"/>
<dc element="dc.source" value="Reuters"/>
</metadata>
</newsitem>
