<?xml version="1.0" encoding="iso-8859-1" ?>
<newsitem itemid="770105" id="root" date="1997-07-31" xml:lang="en">
<title>BELGIUM: MAGAZINE DIGEST - Belgium - Thursday, July 31.</title>
<headline>MAGAZINE DIGEST - Belgium - Thursday, July 31.</headline>
<dateline>BRUSSELS 1997-07-31</dateline>
<text>
<p>Some of the main stories in the following Belgian magazines this week:</p>
<p>(Reuters has not verified these stories and does not vouch for their accuracy.)</p>
<p>TRENDS</p>
<p>* Car Wars (p. 26). Na Renault -Vilvoorde Europa als slagveld. Renault-Vilvoorde is niet meer. Er resten Europa nog 90 automakers. Die kunnen jaarlijks 18 miljoen wagens bouwen, maar ze verkopen er slechts 12 miljoen. Renault kondigt de komende &quot;car wars&quot; aan. Overcapaciteit maakt wereldwijd 80 autobedrijven overbodig, vooral op de &quot;rijpe&quot; Europese markt. Komt er na het kolen- en staalplan een Europees autoplan? En blijven de constructeurs in Belgie, als de arbeidsvoorwaarden niet drastisch veranderen? * Milieu. De ovens raken oververhit (p. 21). Achter de schermen van de zaak-Falkenberg ontbrandt een hevige strijd tussen verbrandingsovens en cementbedrijven over de verwerking van gevaarlijk industrieel afval. Beide partijen verwijten elkaar concurrentievervalsing. * Marktanalyse grootdistributie (p. 22). Hoe draait de winkel? Supermarktjes als annex van het tankstation? Verzekeringen te koop in de hypermarkt? * Taxistop-Airstop. Met de duim in de lucht (p. 32). Eind jaren zeventig introduceerde Taxistop het principe van het gedeeld liften. Een wereldprimeur en een denderend succes. Taxistop zou de basis vormen van een resem activiteiten en bedrijfjes die met eenzelfde filosofische basis dit jaar afstevenen op een half miljard frank omzet. * De bevrijding: discussie over de onafhankelijke nv (p. 36). * Monopolisten in het gedrang? Liberalisering gasmarkt: interview Jean Vermeire (Distrigas) (p. 5).</p>
<p>TRENDS/TENDANCES * Un argent foot! Merchandising, partenariats, introductions en bourse, transferts. On n'empile plus les buts mais les millions. Les clubs belges qui lorgnent vers leurs voisins europeens pourront-ils profiter de ces nouvelles sources de financement? * Interview Peter Praet. Gare a la correction (p. 5). L'euphorie boursiere est excessive. * Sante. Pimprenelle au supermarche (p. 24). A la faveur d'un projet d'arrete royal du ministre Colla, la phytotherapie derape vers l'agroalimentaire. Confusion des genres? * Desindustrialisation. Un processus irreversible. Le Japon et les Etats-Unis negocient mieux la crise que l'Europe, notamment pour des raisons de morphologie industrielle et economique. (p. 25). * ABB Jumet. Le temps d'une generation (p. 27). Vingt ans apres leurs liquidation, que sont devenus les ACEC-Jumet? N'en deplaise a ceux qui parieraient sur une friche, Jumet est une unite de reference mondiale pour le groupe ABB. * Social. Joroca: fermeture a visage humain (p. 28).</p>
<p>-- Brussels Newsroom +32 2 287 6810, Fax +32 2 230 7710</p>
</text>
<copyright>(c) Reuters Limited 1997</copyright>
<metadata>
<codes class="bip:countries:1.0">
  <code code="BELG">
    <editdetail attribution="Reuters BIP Coding Group" action="confirmed" date="1997-07-31"/>
  </code>
</codes>
<dc element="dc.date.created" value="1997-07-31"/>
<dc element="dc.publisher" value="Reuters Holdings Plc"/>
<dc element="dc.date.published" value="1997-07-31"/>
<dc element="dc.source" value="Reuters"/>
<dc element="dc.creator.location" value="BRUSSELS"/>
<dc element="dc.creator.location.country.name" value="BELGIUM"/>
<dc element="dc.source" value="Reuters"/>
</metadata>
</newsitem>
