<?xml version="1.0" encoding="iso-8859-1" ?>
<newsitem itemid="8672" id="root" date="1996-08-22" xml:lang="en">
<title>USA: Federal Reserve report 3 (H.4.1) - August 22.</title>
<headline>Federal Reserve report 3 (H.4.1) - August 22.</headline>
<text>
<p>ONE WEEK ENDED August 21 - daily avgs-millions</p>
<p> Govts bought outright....387,926 up......3,534</p>
<p> Govts repurchases..........2,189 down......855</p>
<p> Agencies bought outright...2,336 .........unch</p>
<p> Agencies repurchases.........515 down......223</p>
<p> Acceptances repurchases......nil .........unch</p>
<p> Matched sales.............11,185 vs.....11,881</p>
<p> Matched sales with cust...11,185 vs.....11,881</p>
<p> Other Fed assets..........30,777 down....1,927</p>
<p> Other Fed liabilities.....13,842 up.........55</p>
<p> Other deposits with Fed......324 up.........19</p>
</text>
<copyright>(c) Reuters Limited 1996</copyright>
<metadata>
<codes class="bip:countries:1.0">
  <code code="USA">
    <editdetail attribution="Reuters BIP Coding Group" action="confirmed" date="1996-08-22"/>
  </code>
</codes>
<codes class="bip:topics:1.0">
  <code code="E12">
    <editdetail attribution="Reuters BIP Coding Group" action="confirmed" date="1996-08-22"/>
  </code>
  <code code="E121">
    <editdetail attribution="Reuters BIP Coding Group" action="confirmed" date="1996-08-22"/>
  </code>
  <code code="ECAT">
    <editdetail attribution="Reuters BIP Coding Group" action="confirmed" date="1996-08-22"/>
  </code>
</codes>
<dc element="dc.publisher" value="Reuters Holdings Plc"/>
<dc element="dc.date.published" value="1996-08-22"/>
<dc element="dc.source" value="Reuters"/>
<dc element="dc.creator.location.country.name" value="USA"/>
<dc element="dc.source" value="Reuters"/>
</metadata>
</newsitem>
