<?xml version="1.0" encoding="iso-8859-1" ?>
<newsitem itemid="728044" id="root" date="1997-07-15" xml:lang="en">
<title>USA: Substance Abuse viability in question.</title>
<headline>Substance Abuse viability in question.</headline>
<dateline>FORT LAUDERDALE, Fla. 1997-07-15</dateline>
<text>
<p>Substance Abuse Technologies Inc said Tuesday that its auditor's report for fiscal 1997 was subject to a &quot;going concern&quot; qualification because of the company's recurring operating losses, working capital deficiency, and a deficiency in stockholders equity at the end of its fiscal year, March 31.</p>
<p>In addition, the company said that it does not fully satisfy all the American Stock Exchange guidelines for continued listing and there can be no assurance its listing will be continued.  </p>
<p>It added that management has already taken steps to deal with these issues and strongly believes that they all will be successfully resolved in fiscal 1998.</p>
<p>Substance Abuse said that fiscal 1997 results had been impacted by a series of nonrecurring charges related to the closure of some lines of business, significant investment in operational systems for its core business of administering substance abuse prorgams in the workplace and an acquisition program.</p>
<p>It reported a net loss for the year of $15.4 million, or $0.44 per share, versus a loss of $10.5 million, or $0.35 a share in fiscal 1996.</p>
<p>Trading in the company's stock was halted Tuesday morning and had not resumed by late afternoon.</p>
</text>
<copyright>(c) Reuters Limited 1997</copyright>
<metadata>
<codes class="bip:countries:1.0">
  <code code="USA">
    <editdetail attribution="Reuters BIP Coding Group" action="confirmed" date="1997-07-15"/>
  </code>
</codes>
<codes class="bip:industries:1.0">
  <code code="I25700">
    <editdetail attribution="Reuters BIP Coding Group" action="confirmed" date="1997-07-15"/>
  </code>
</codes>
<codes class="bip:topics:1.0">
  <code code="C14">
    <editdetail attribution="Reuters BIP Coding Group" action="confirmed" date="1997-07-15"/>
  </code>
  <code code="C15">
    <editdetail attribution="Reuters BIP Coding Group" action="confirmed" date="1997-07-15"/>
  </code>
  <code code="C151">
    <editdetail attribution="Reuters BIP Coding Group" action="confirmed" date="1997-07-15"/>
  </code>
  <code code="C1511">
    <editdetail attribution="Reuters BIP Coding Group" action="confirmed" date="1997-07-15"/>
  </code>
  <code code="C16">
    <editdetail attribution="Reuters BIP Coding Group" action="confirmed" date="1997-07-15"/>
  </code>
  <code code="CCAT">
    <editdetail attribution="Reuters BIP Coding Group" action="confirmed" date="1997-07-15"/>
  </code>
</codes>
<dc element="dc.date.created" value="1997-07-15"/>
<dc element="dc.publisher" value="Reuters Holdings Plc"/>
<dc element="dc.date.published" value="1997-07-15"/>
<dc element="dc.source" value="Reuters"/>
<dc element="dc.creator.location" value="FORT LAUDERDALE, Fla."/>
<dc element="dc.creator.location.country.name" value="USA"/>
<dc element="dc.source" value="Reuters"/>
</metadata>
</newsitem>
