<?xml version="1.0" encoding="iso-8859-1" ?>
<newsitem itemid="192736" id="root" date="1996-11-15" xml:lang="en">
<title>JAPAN: Japan Sept industrial output up revised 1.5 pct.</title>
<headline>Japan Sept industrial output up revised 1.5 pct.</headline>
<dateline>TOKYO 1996-11-15</dateline>
<text>
<p>Japan's industrial production in September increased a revised 1.5 percent from the previous month, compared with a preliminary estimate of a 1.0 percent increase, the Ministry of International Trade and Industry (MITI) said on Friday.  </p>
<p>A breakdown of the figures follows:</p>
<p>Seasonally adjusted month on month (in pct), index base 1990:</p>
<p>			  SEPT     PRELIM   MONTH AGO  SEPT INDEX</p>
<p> Output		 +1.5    +1.0   -2.3	97.7</p>
<p> Shipments	    +1.8    +1.3   -2.3	99.3</p>
<p> Inventories	  -1.0    -1.0   +0.8     107.6</p>
<p>Inventories to</p>
<p> Shipments ratio    -0.9    -0.9   +1.3     115.8</p>
<p>Unadjusted year on year (in pct):</p>
<p>				   SEPT	PRELIM     MONTH AGO</p>
<p> Output			  +3.8     +3.4	+1.8</p>
<p> Shipments		     +3.6     +3.0	+1.3</p>
<p> Inventories		   +0.3     +0.3	+1.6</p>
<p>Inventories to</p>
<p> Shipments ratio	     -1.2     -1.2	+0.4</p>
</text>
<copyright>(c) Reuters Limited 1996</copyright>
<metadata>
<codes class="bip:countries:1.0">
  <code code="JAP">
    <editdetail attribution="Reuters BIP Coding Group" action="confirmed" date="1996-11-15"/>
  </code>
</codes>
<codes class="bip:topics:1.0">
  <code code="E31">
    <editdetail attribution="Reuters BIP Coding Group" action="confirmed" date="1996-11-15"/>
  </code>
  <code code="E311">
    <editdetail attribution="Reuters BIP Coding Group" action="confirmed" date="1996-11-15"/>
  </code>
  <code code="ECAT">
    <editdetail attribution="Reuters BIP Coding Group" action="confirmed" date="1996-11-15"/>
  </code>
</codes>
<dc element="dc.date.created" value="1996-11-15"/>
<dc element="dc.publisher" value="Reuters Holdings Plc"/>
<dc element="dc.date.published" value="1996-11-15"/>
<dc element="dc.source" value="Reuters"/>
<dc element="dc.creator.location" value="TOKYO"/>
<dc element="dc.creator.location.country.name" value="JAPAN"/>
<dc element="dc.source" value="Reuters"/>
</metadata>
</newsitem>
