<?xml version="1.0" encoding="iso-8859-1" ?>
<newsitem itemid="485700" id="root" date="1997-04-03" xml:lang="en">
<title>USA: Norfolk IDA, Va., yields 5.875 pct in 2017.</title>
<headline>Norfolk IDA, Va., yields 5.875 pct in 2017.</headline>
<text>
<p>PRELIMINARY PRICING</p>
<p>INDUSRTRIAL DEVELOPMENT AUTHORITY OF</p>
<p>THE CITY OF NORFOLK</p>
<p>RE: $29,175,000*</p>
<p>COMMOMWEALTH OF VIRGINIA LEASE REVENUE BONDS</p>
<p>SERIES 1997</p>
<p>NORFOLK PUBLIC HEALTH CENTER PROJECT</p>
<p>MOODY'S: Aa2		   S&amp;P: AA		    FITCH: AA</p>
<p>DATED: 04/01/1997	    FIRST COUPON: 09/15/1997</p>
<p>DUE: 09/15</p>
<p> MATURITY		AMOUNT*    COUPON	   PRICE</p>
<p>09/15/1998		  885M    4.00  %	100.00</p>
<p>09/15/1999		  920M    4.45  %	100.00</p>
<p>09/15/2000		  960M    4.65  %	100.00</p>
<p>09/15/2001		1,005M    4.75  %	100.00</p>
<p>09/15/2002		1,055M    4.85  %	100.00</p>
<p>------------------------------------------------------------</p>
<p>09/15/2003		1,105M    4.95  %	100.00</p>
<p>09/15/2004		1,160M    5.00  %	  5.05</p>
<p>						  (Approx. $ Price 99.689)</p>
<p>09/15/2005		1,220M    5.05  %	  5.15</p>
<p>						  (Approx. $ Price 99.321)</p>
<p>09/15/2006		1,280M    5.15  %	  5.25</p>
<p>						  (Approx. $ Price 99.261)</p>
<p>09/15/2007		1,350M    5.15  %	  5.30</p>
<p>						  (Approx. $ Price 98.809)</p>
<p>-------------------------------------------------------------</p>
<p>09/15/2008		1,415M    5.25  %	  5.40</p>
<p>						  (Approx. $ Price 98.731)</p>
<p>09/15/2009		1,490M    5.35  %	  5.50</p>
<p>						  (Approx. $ Price 98.66)</p>
<p>09/15/2010		1,570M    5.45  %	  5.60</p>
<p>						  (Approx. $ Price 98.594)</p>
<p>09/15/2011		1,660M    5.50  %	  5.65</p>
<p>						  (Approx. $ Price 98.53)</p>
<p>09/15/2012		1,750M    5.50  %	  5.70</p>
<p>						  (Approx. $ Price 97.963)</p>
<p>-------------------------------------------------------------</p>
<p>09/15/2017	     10,350M    5.75  %	  5.875</p>
<p>						  (Approx. $ Price 98.518)</p>
<p>CALL FEATURES: 09/15/2006    102.00</p>
<p>		   DTP 09/15/2008</p>
<p>* - APPROXIMATE SUBJECT TO CHANGE</p>
<p>The compliance addendum MSRB Rule G-11 will apply.</p>
<p>The award is expected Friday, April 4, 1997.</p>
<p>Delivery is expected on May 8, 1997.</p>
<p>This issue is book entry.  DTC is pending.</p>
<p>Wheat First Butcher Singer</p>
<p>Craigie Incorporated</p>
<p>Legg Mason Wood Walker, Inc.</p>
<p>J.P. Morgan Securities Inc.</p>
<p>Pryor, McClendon, Counts &amp; Co., Inc.</p>
<p>--U.S. Municipal Desk, 212-859-1650</p>
</text>
<copyright>(c) Reuters Limited 1997</copyright>
<metadata>
<codes class="bip:countries:1.0">
  <code code="USA">
    <editdetail attribution="Reuters BIP Coding Group" action="confirmed" date="1997-04-03"/>
  </code>
</codes>
<codes class="bip:topics:1.0">
  <code code="E21">
    <editdetail attribution="Reuters BIP Coding Group" action="confirmed" date="1997-04-03"/>
  </code>
  <code code="E212">
    <editdetail attribution="Reuters BIP Coding Group" action="confirmed" date="1997-04-03"/>
  </code>
  <code code="ECAT">
    <editdetail attribution="Reuters BIP Coding Group" action="confirmed" date="1997-04-03"/>
  </code>
</codes>
<dc element="dc.publisher" value="Reuters Holdings Plc"/>
<dc element="dc.date.published" value="1997-04-03"/>
<dc element="dc.source" value="Reuters"/>
<dc element="dc.creator.location.country.name" value="USA"/>
<dc element="dc.source" value="Reuters"/>
</metadata>
</newsitem>
