<?xml version="1.0" encoding="iso-8859-1" ?>
<newsitem itemid="784431" id="root" date="1997-08-07" xml:lang="en">
<title>NEW ZEALAND: NZ SPORT - NEW ZEALAND SKI REPORT FOR AUG 8.</title>
<headline>NZ SPORT - NEW ZEALAND SKI REPORT FOR AUG 8.</headline>
<dateline>WELLINGTON 1996-08-08</dateline>
<text>
<p>Conditions at ski fields at 9 a.m. on Friday as supplied by the Ski Council (according to information provided by the ski areas).</p>
<p>    CENTRE	     BASE     NEW SNOW     WEATHER	  ROAD</p>
<p>    Whakapapa	  75cm			 clear	   clear</p>
<p>    Turoa		85cm			 clear	   clear</p>
<p>    Rainbow	  35-50cm			clear	  chains</p>
<p>    Mt Lyford	 250cm			 clear	  chains</p>
<p>    Porter Heights  120cm			 clear	  chains</p>
<p>    Mt Hutt	   150cm			 clear	  chains</p>
<p>    Mt Dobson	35-40cm			clear	  chains</p>
<p>    Ohau		 35cm			 clear	  chains</p>
<p>    Cardrona	 30-80cm			clear	  chains</p>
<p>    Treble Cone    50-80cm			clear	  chains</p>
<p>    Waiorau Nordic				  clear	   clear</p>
<p>    Coronet Peak   40-60cm			clear	  chains</p>
<p>    The Remarkables 50-80cm		     clear	   clear</p>
<p>For updates on all the above areas, phone 0900-34444.</p>
<p>-- Wellington newsroom (64 4) 473 4746</p>
<p>	 e-mail wellington.newsroom@reuters.com</p>
</text>
<copyright>(c) Reuters Limited 1997</copyright>
<metadata>
<codes class="bip:countries:1.0">
  <code code="NZ">
    <editdetail attribution="Reuters BIP Coding Group" action="confirmed" date="1997-08-07"/>
  </code>
</codes>
<codes class="bip:topics:1.0">
  <code code="GCAT">
    <editdetail attribution="Reuters BIP Coding Group" action="confirmed" date="1997-08-07"/>
  </code>
  <code code="GSPO">
    <editdetail attribution="Reuters BIP Coding Group" action="confirmed" date="1997-08-07"/>
  </code>
</codes>
<dc element="dc.date.created" value="1996-08-08"/>
<dc element="dc.publisher" value="Reuters Holdings Plc"/>
<dc element="dc.date.published" value="1997-08-07"/>
<dc element="dc.source" value="Reuters"/>
<dc element="dc.creator.location" value="WELLINGTON"/>
<dc element="dc.creator.location.country.name" value="NEW ZEALAND"/>
<dc element="dc.source" value="Reuters"/>
</metadata>
</newsitem>
