<?xml version="1.0" encoding="iso-8859-1" ?>
<newsitem itemid="471368" id="root" date="1997-03-27" xml:lang="en">
<title>SOUTH AFRICA: EERSTELING YR ATTRIB LOSS SHRINKS, NO DIV.</title>
<headline>EERSTELING YR ATTRIB LOSS SHRINKS, NO DIV.</headline>
<dateline>JOHANNESBURG 1997-03-27</dateline>
<text>
<p>Year ended December 31,</p>
<p>1996 vs 18 months ended December 31, 1995</p>
<p>			(million rand unless stated)	 </p>
<p>    Shr, attrib loss (cts) 4.3	   vs 31.2</p>
<p>    Attrib loss		0.67	  vs 4.83</p>
<p>    Costs			2.28	  vs 18.48</p>
<p>    Turnover		   1.62	  vs 13.65</p>
<p>Production results:</p>
<p>			    (million rand unless stated)</p>
<p>    Tonnes milled	  9,157	  vs 102,015</p>
<p>    Gold output (kg)     33.3	   vs 301.0</p>
<p>    Yield (gram/t)	 3.6	    vs 2.95</p>
<p>    Cost (rand/kg)	 58,829	 vs 55,944</p>
<p>    Revenue (rand/kg)    48,169	 vs 45.355 </p>
<p>Full name: Eersteling Gold Mining Co Ltd </p>
<p>NOTE - Directors said net capital expenditure in the period</p>
<p>amounted to 23.88 million rand. They said the company was</p>
<p>engaged in talks concerning exploration on the farm Roodepoort.</p>
<p>-- Johannesburg newsroom +27 11 482 1003</p>
</text>
<copyright>(c) Reuters Limited 1997</copyright>
<metadata>
<codes class="bip:countries:1.0">
  <code code="SAFR">
    <editdetail attribution="Reuters BIP Coding Group" action="confirmed" date="1997-03-27"/>
  </code>
</codes>
<codes class="bip:industries:1.0">
  <code code="I21000">
    <editdetail attribution="Reuters BIP Coding Group" action="confirmed" date="1997-03-27"/>
  </code>
</codes>
<codes class="bip:topics:1.0">
  <code code="C15">
    <editdetail attribution="Reuters BIP Coding Group" action="confirmed" date="1997-03-27"/>
  </code>
  <code code="C151">
    <editdetail attribution="Reuters BIP Coding Group" action="confirmed" date="1997-03-27"/>
  </code>
  <code code="C1511">
    <editdetail attribution="Reuters BIP Coding Group" action="confirmed" date="1997-03-27"/>
  </code>
  <code code="CCAT">
    <editdetail attribution="Reuters BIP Coding Group" action="confirmed" date="1997-03-27"/>
  </code>
</codes>
<dc element="dc.date.created" value="1997-03-27"/>
<dc element="dc.publisher" value="Reuters Holdings Plc"/>
<dc element="dc.date.published" value="1997-03-27"/>
<dc element="dc.source" value="Reuters"/>
<dc element="dc.creator.location" value="JOHANNESBURG"/>
<dc element="dc.creator.location.country.name" value="SOUTH AFRICA"/>
<dc element="dc.source" value="Reuters"/>
</metadata>
</newsitem>
