<?xml version="1.0" encoding="iso-8859-1" ?>
<newsitem itemid="582418" id="root" date="1997-05-14" xml:lang="en">
<title>NEW ZEALAND: Cultus says analysis results encouraging.</title>
<headline>Cultus says analysis results encouraging.</headline>
<dateline>WELLINGTON 1996-05-15</dateline>
<text>
<p>Cultus Petroleum NL, through its wholly-owned subsidiary Basin Oil NZ, said on Thursday a preliminary core analysis undertaken in the WA-241-P joint venture had produced highly encouraging results.</p>
<p>The analysis, performed on behalf of operator Shell Australia (Development) Pty, was carried out on the 11 full hole cores cut from 778.0 mRT to 861.3 mRT in Cornea 2ST1.</p>
<p>&quot;The results indicate that of the three prospective reservoir sections the upper two sections B and C have typical permeabilities of 218 and 285 millidarcies respectively and porosites of 30.5 and 34.6 percent,&quot; Cultus said.  </p>
<p>&quot;The lower E unit has a permeability range of 300 to 2,350 millidarcies and a porosity of 32.5 percent.</p>
<p>&quot;These results are highly encouraging and indicate that the reservoirs are producible,&quot; Cultus said.</p>
<p>It said the joint venture is preparing to enter a new seismic acquisition and exploration/appraisal drilling program for the permit WA-241-P, and also in the recently offered, adjacent gazettal blocks WA96-4 and WA96-5.</p>
<p>--Wellington Newsroom (64 4) 4734746</p>
</text>
<copyright>(c) Reuters Limited 1997</copyright>
<metadata>
<codes class="bip:countries:1.0">
  <code code="AUSTR">
    <editdetail attribution="Reuters BIP Coding Group" action="confirmed" date="1997-05-14"/>
  </code>
  <code code="NZ">
    <editdetail attribution="Reuters BIP Coding Group" action="confirmed" date="1997-05-14"/>
  </code>
</codes>
<codes class="bip:industries:1.0">
  <code code="I13000">
    <editdetail attribution="Reuters BIP Coding Group" action="confirmed" date="1997-05-14"/>
  </code>
  <code code="I1300003">
    <editdetail attribution="Reuters BIP Coding Group" action="confirmed" date="1997-05-14"/>
  </code>
</codes>
<codes class="bip:topics:1.0">
  <code code="C24">
    <editdetail attribution="Reuters BIP Coding Group" action="confirmed" date="1997-05-14"/>
  </code>
  <code code="CCAT">
    <editdetail attribution="Reuters BIP Coding Group" action="confirmed" date="1997-05-14"/>
  </code>
</codes>
<dc element="dc.date.created" value="1996-05-15"/>
<dc element="dc.publisher" value="Reuters Holdings Plc"/>
<dc element="dc.date.published" value="1997-05-14"/>
<dc element="dc.source" value="Reuters"/>
<dc element="dc.creator.location" value="WELLINGTON"/>
<dc element="dc.creator.location.country.name" value="NEW ZEALAND"/>
<dc element="dc.source" value="Reuters"/>
</metadata>
</newsitem>
