<?xml version="1.0" encoding="iso-8859-1" ?>
<newsitem itemid="580329" id="root" date="1997-05-13" xml:lang="en">
<title>USA: Florida citrus belt warm and dry in early May.</title>
<headline>Florida citrus belt warm and dry in early May.</headline>
<dateline>NEW YORK 1997-05-05</dateline>
<text>
<p>The Florida citrus belt saw a &quot;normal&quot; first week of May, with virually no rainfall, warm to hot temperatures and love bugs throughout the region, the Florida Agricultural Statistics Service (FASS), said.</p>
<p>In its weekly weather and crop update, FASS said there continues to be an abundance of new growth on recently fertilized younger trees in many groves. New crop fruit is making normal progress and  the remaining harvest of Valencia oranges are in excellent condition, according to FASS.</p>
<p>Growers have been irrigating to maintain good tree condition and caretakers are mowing, chopping and discing cover crops, FASS said.</p>
<p>FASS reported an estimated 8,028,000 boxes of Valencia oranges were harvested in the week ended May 11, up from 6,950,000 in the prior week and compared with 7,383,000 during the week ended April 27.</p>
<p>-- New York Commodity Desk, 212-859-1640</p>
</text>
<copyright>(c) Reuters Limited 1997</copyright>
<metadata>
<codes class="bip:countries:1.0">
  <code code="USA">
    <editdetail attribution="Reuters BIP Coding Group" action="confirmed" date="1997-05-13"/>
  </code>
</codes>
<codes class="bip:industries:1.0">
  <code code="I01002">
    <editdetail attribution="Reuters BIP Coding Group" action="confirmed" date="1997-05-13"/>
  </code>
  <code code="I0100206">
    <editdetail attribution="Reuters BIP Coding Group" action="confirmed" date="1997-05-13"/>
  </code>
</codes>
<codes class="bip:topics:1.0">
  <code code="C21">
    <editdetail attribution="Reuters BIP Coding Group" action="confirmed" date="1997-05-13"/>
  </code>
  <code code="C24">
    <editdetail attribution="Reuters BIP Coding Group" action="confirmed" date="1997-05-13"/>
  </code>
  <code code="CCAT">
    <editdetail attribution="Reuters BIP Coding Group" action="confirmed" date="1997-05-13"/>
  </code>
  <code code="M14">
    <editdetail attribution="Reuters BIP Coding Group" action="confirmed" date="1997-05-13"/>
  </code>
  <code code="M141">
    <editdetail attribution="Reuters BIP Coding Group" action="confirmed" date="1997-05-13"/>
  </code>
  <code code="MCAT">
    <editdetail attribution="Reuters BIP Coding Group" action="confirmed" date="1997-05-13"/>
  </code>
</codes>
<dc element="dc.date.created" value="1997-05-05"/>
<dc element="dc.publisher" value="Reuters Holdings Plc"/>
<dc element="dc.date.published" value="1997-05-13"/>
<dc element="dc.source" value="Reuters"/>
<dc element="dc.creator.location" value="NEW YORK"/>
<dc element="dc.creator.location.country.name" value="USA"/>
<dc element="dc.source" value="Reuters"/>
</metadata>
</newsitem>
