<?xml version="1.0" encoding="iso-8859-1" ?>
<newsitem itemid="337558" id="root" date="1997-01-28" xml:lang="en">
<title>BRAZIL: ING Barings sees Brazil exports up 8.0 pct in 97.</title>
<headline>ING Barings sees Brazil exports up 8.0 pct in 97.</headline>
<dateline>BRASILIA 1997-01-28</dateline>
<text>
<p>ING Barings said it expected Brazilian exports to increase about 8.0 percent in 1997.</p>
<p>ING Barings said in a statement that the foreign trade gap, which grew last year to $5.54 billion from $3.35 billion in 1995, should not widen significantly this year.</p>
<p>&quot;Brazil's recently released foreign trade and current account deficit figures...are causing some concern among investors,&quot; the statement said.</p>
<p>The current account deficit in the 1996 balance of payments was equivalent to 3.27 percent of gross domestic product.  </p>
<p>&quot;However,...consumer and thus import demand is not likely to see rapid growth this year and with Brazil's exports expected to increase at around 8.0 percent in 1997, the foreign trade gap should not widen significantly,&quot; the statement added.</p>
<p>ING Barings said it expected export performance to improve due to recent measures taken by the government, including tax exemption, new and more productive investments and a bumper grains harvest.</p>
<p>It added &quot;the chances are good&quot; Brazil will not need to rein in domestic demand through restrictive credit and other policies.</p>
<p>The long-term challenge of increasing exports remained, however, ING Barings said.</p>
<p>((-- Michael Christie, Brasilia newsroom 55-61-2230358))</p>
</text>
<copyright>(c) Reuters Limited 1997</copyright>
<metadata>
<codes class="bip:countries:1.0">
  <code code="BRAZ">
    <editdetail attribution="Reuters BIP Coding Group" action="confirmed" date="1997-01-28"/>
  </code>
</codes>
<codes class="bip:topics:1.0">
  <code code="E51">
    <editdetail attribution="Reuters BIP Coding Group" action="confirmed" date="1997-01-28"/>
  </code>
  <code code="E512">
    <editdetail attribution="Reuters BIP Coding Group" action="confirmed" date="1997-01-28"/>
  </code>
  <code code="ECAT">
    <editdetail attribution="Reuters BIP Coding Group" action="confirmed" date="1997-01-28"/>
  </code>
</codes>
<dc element="dc.date.created" value="1997-01-28"/>
<dc element="dc.publisher" value="Reuters Holdings Plc"/>
<dc element="dc.date.published" value="1997-01-28"/>
<dc element="dc.source" value="Reuters"/>
<dc element="dc.creator.location" value="BRASILIA"/>
<dc element="dc.creator.location.country.name" value="BRAZIL"/>
<dc element="dc.source" value="Reuters"/>
</metadata>
</newsitem>
