<?xml version="1.0" encoding="iso-8859-1" ?>
<newsitem itemid="602710" id="root" date="1997-05-21" xml:lang="en">
<title>CANADA: Thunder Bay vessel clearances - May 21.</title>
<headline>Thunder Bay vessel clearances - May 21.</headline>
<text>
<p>Daily vessel loading/clearances at Thunder Bay, Ontario:</p>
<p> Date	Vessel		Cargo (MT)     Status</p>
<p>Destination</p>
<p>May 16   Ziemia Tarnowksa    18,000 wht     Clrd	Foreign</p>
<p>Prt</p>
<p>May 16   Algowest		28,500 wht     Clrd	StL</p>
<p>May 16   American Mariner    23,000 bly     Clrd	U.S.A.</p>
<p>May 17   Canadian Ranger     16,000 wht/bly Clrd	3 Rivers</p>
<p>May 17   Federal Saguenay    18,500 wht     Clrd	Foreign</p>
<p>Prt</p>
<p>May 18   G.C. Leitch	   25,000 wht     Clrd	StL</p>
<p>May 18   Mantadoc		16,000 wht/bly Clrd	Bay</p>
<p>Ports</p>
<p>May 19   Canadian Miner	26,000 wht     Clrd	StL</p>
<p>May 19   American Mariner    13,800 oats    Clrd	U.S.A.</p>
<p>May 19   Great Laker	   18,300 flax    Loading   Foreign</p>
<p>Prt</p>
<p>May 20   El Kef		  20,000 wht     Waiting   Foreign</p>
<p>Prt</p>
<p>May 20   Pomorzie Zachodnie   9,000 wht     Waiting   Forein</p>
<p>Prt</p>
<p>May 20   Balaban 1	     15,700 wht     Waiting   Foreign</p>
<p>Prt</p>
<p>May 20   Federal Oslo	  18,500 pea/lntlWaiting   Foreign</p>
<p>Prt</p>
<p>May 20   Trias		   18,500 pea/p   Waiting   Foreign</p>
<p>Prt</p>
<p>May 20   Quebecois	     15,000 --	En route  StL</p>
<p>May 21   Pintail		     -- --	Due  5/21 Foreign</p>
<p>Prt</p>
<p>May 22   Golden Sky	    20,000 wht     Due  5/22 Foreign</p>
<p>Prt</p>
<p>May 22   Paterson		27,000 can     Due  5/22 Foreign</p>
<p>Prt</p>
<p>NOTE: Thunder Bay reopened April 1 when H.M. Griffith cleared.</p>
<p>Source: Lake Shippers Clearance Assn.</p>
<p>Note wht=wheat, can=canola, m/wht=milling wheat, dom=domestic</p>
<p>milling wheat, M=meal, P=pellets, O=oil, pea=peas,</p>
<p>lntl=lentils. Ready=preparing to load. MT=metric tonne. Stl</p>
<p>Ports=St Lawrence Ports. Wind=Windsor.</p>
<p>((Gilbert Le Gras 204 947 3548))</p>
</text>
<copyright>(c) Reuters Limited 1997</copyright>
<metadata>
<codes class="bip:countries:1.0">
  <code code="CANA">
    <editdetail attribution="Reuters BIP Coding Group" action="confirmed" date="1997-05-21"/>
  </code>
</codes>
<codes class="bip:industries:1.0">
  <code code="I74000">
    <editdetail attribution="Reuters BIP Coding Group" action="confirmed" date="1997-05-21"/>
  </code>
</codes>
<codes class="bip:topics:1.0">
  <code code="C24">
    <editdetail attribution="Reuters BIP Coding Group" action="confirmed" date="1997-05-21"/>
  </code>
  <code code="CCAT">
    <editdetail attribution="Reuters BIP Coding Group" action="confirmed" date="1997-05-21"/>
  </code>
</codes>
<dc element="dc.publisher" value="Reuters Holdings Plc"/>
<dc element="dc.date.published" value="1997-05-21"/>
<dc element="dc.source" value="Reuters"/>
<dc element="dc.creator.location.country.name" value="CANADA"/>
<dc element="dc.source" value="Reuters"/>
</metadata>
</newsitem>
