<?xml version="1.0" encoding="iso-8859-1" ?>
<newsitem itemid="615617" id="root" date="1997-05-26" xml:lang="en">
<title>FRANCE: Table - structural unemployment in OECD 1986-1996.</title>
<headline>Table - structural unemployment in OECD 1986-1996.</headline>
<dateline>PARIS 1997-05-26</dateline>
<text>
<p>Following is a table in a new OECD report on unemployment in member countries of the Organisation for Economic Co-Operation and Developement, showing structural unemployment trends from the mid-1980s to the mid-1990s.</p>
<p>The figures given are percentage rates and the OECD totals at the bottom of the table are the average for the countries included in the table.</p>
<p>The table shows structural unemployment rates for 23 of the 29 OECD member countries, separating those countries where the structural component of the unemployment rate -- which excludes the cyclical component -- has risen in the 1990s, those where it has remained fairly stable and those where it has fallen.</p>
<p>					     1986     1990    1996</p>
<p>INCREASED:</p>
<p>Finland					5.5	8.0    15.4</p>
<p>Sweden					 2.1	3.2     6.7</p>
<p>Germany					7.3	6.9     9.6</p>
<p>Iceland					0.8	1.5     3.8</p>
<p>Switzerland				  0.7	1.3     3.1</p>
<p>Spain					 19.1     19.8    20.9</p>
<p>Greece					 6.7	7.0     8.0</p>
<p>Italy					  8.4	9.7    10.6</p>
<p>Portugal				     6.1	4.9     5.8</p>
<p>Austria					4.1	4.9     5.4</p>
<p>France					 8.9	9.3     9.7</p>
<p>REMAINED FAIRLY STABLE:</p>
<p>Norway					 3.1	4.2     5.1</p>
<p>Australia				    8.1	8.2     8.5</p>
<p>Japan					  2.5	2.5     2.7</p>
<p>Turkey					 7.5	7.6     7.5</p>
<p>United States				6.2	5.8     5.6</p>
<p>Belgium				     11.7     10.8    10.6</p>
<p>Canada					 8.3	9.0     8.5</p>
<p>Denmark					8.6	9.6     9.0</p>
<p>DECREASED:</p>
<p>Netherlands				  8.0	7.0     6.3</p>
<p>New Zealand				  4.7	7.3     6.0</p>
<p>United Kingdom			    10.2	8.4     7.0</p>
<p>Ireland				     15.3     16.0    12.8</p>
<p>OECD structural unemployment rate    7.0	6.8     7.1</p>
<p>OECD actual unemployment rate	  7.7	6.1     7.7</p>
<p>-- Brian Love, Paris Newsroom +33 1 4221 5452</p>
</text>
<copyright>(c) Reuters Limited 1997</copyright>
<metadata>
<codes class="bip:countries:1.0">
  <code code="FRA">
    <editdetail attribution="Reuters BIP Coding Group" action="confirmed" date="1997-05-26"/>
  </code>
  <code code="OECD">
    <editdetail attribution="Reuters BIP Coding Group" action="confirmed" date="1997-05-26"/>
  </code>
</codes>
<codes class="bip:topics:1.0">
  <code code="E41">
    <editdetail attribution="Reuters BIP Coding Group" action="confirmed" date="1997-05-26"/>
  </code>
  <code code="ECAT">
    <editdetail attribution="Reuters BIP Coding Group" action="confirmed" date="1997-05-26"/>
  </code>
  <code code="GCAT">
    <editdetail attribution="Reuters BIP Coding Group" action="confirmed" date="1997-05-26"/>
  </code>
  <code code="GJOB">
    <editdetail attribution="Reuters BIP Coding Group" action="confirmed" date="1997-05-26"/>
  </code>
</codes>
<dc element="dc.date.created" value="1997-05-26"/>
<dc element="dc.publisher" value="Reuters Holdings Plc"/>
<dc element="dc.date.published" value="1997-05-26"/>
<dc element="dc.source" value="Reuters"/>
<dc element="dc.creator.location" value="PARIS"/>
<dc element="dc.creator.location.country.name" value="FRANCE"/>
<dc element="dc.source" value="Reuters"/>
</metadata>
</newsitem>
