<?xml version="1.0" encoding="iso-8859-1" ?>
<newsitem itemid="266018" id="root" date="1996-12-19" xml:lang="en">
<title>USA: RESEARCH ALERT - Immunex Corp started.</title>
<headline>RESEARCH ALERT - Immunex Corp started.</headline>
<text>
<p>--Donaldson Lufkin and Jenrette analyst Alex To said he initiated coverage on Immunex Corp with a buy rating.</p>
<p>--To called Immunex &quot;an attractive investment prospect that is currently being overlooked&quot; and said its new product pipeline was &quot;exceptionally strong.&quot;</p>
</text>
<copyright>(c) Reuters Limited 1996</copyright>
<metadata>
<codes class="bip:countries:1.0">
  <code code="USA">
    <editdetail attribution="Reuters BIP Coding Group" action="confirmed" date="1996-12-19"/>
  </code>
</codes>
<codes class="bip:industries:1.0">
  <code code="I25700">
    <editdetail attribution="Reuters BIP Coding Group" action="confirmed" date="1996-12-19"/>
  </code>
</codes>
<codes class="bip:topics:1.0">
  <code code="C15">
    <editdetail attribution="Reuters BIP Coding Group" action="confirmed" date="1996-12-19"/>
  </code>
  <code code="C152">
    <editdetail attribution="Reuters BIP Coding Group" action="confirmed" date="1996-12-19"/>
  </code>
  <code code="CCAT">
    <editdetail attribution="Reuters BIP Coding Group" action="confirmed" date="1996-12-19"/>
  </code>
</codes>
<dc element="dc.publisher" value="Reuters Holdings Plc"/>
<dc element="dc.date.published" value="1996-12-19"/>
<dc element="dc.source" value="Reuters"/>
<dc element="dc.creator.location.country.name" value="USA"/>
<dc element="dc.source" value="Reuters"/>
</metadata>
</newsitem>
