<?xml version="1.0" encoding="iso-8859-1" ?>
<newsitem itemid="395940" id="root" date="1997-02-21" xml:lang="en">
<title>NETHERLANDS: ASM Int profits dip 7 pct.</title>
<headline>ASM Int profits dip 7 pct.</headline>
<dateline>AMSTERDAM 1997-02-21</dateline>
<text>
<p>Year to end-December</p>
<p>(in millions of guilders unless otherwise stated)</p>
<p>    Net per shr (guilders)	     2.03 vs   2.17 *</p>
<p>    Net profit			    68.4  vs  73.6</p>
<p>    Revenues			     658.2  vs 670.9</p>
<p>Note - ASM International said that its backlog for shipment within 12 monts stood at 174.4 million guilders at end-1996, compared with 214.3 million at the end of September 1996.</p>
<p>* Figures are are adjusted for ASM International's three-for-one stock split on March 15, 1996.</p>
<p>-- Amsterdam newsroom +31 20 504 5000, Fax +31 20 504 5040</p>
</text>
<copyright>(c) Reuters Limited 1997</copyright>
<metadata>
<codes class="bip:countries:1.0">
  <code code="NETH">
    <editdetail attribution="Reuters BIP Coding Group" action="confirmed" date="1997-02-21"/>
  </code>
</codes>
<codes class="bip:industries:1.0">
  <code code="I34531">
    <editdetail attribution="Reuters BIP Coding Group" action="confirmed" date="1997-02-21"/>
  </code>
</codes>
<codes class="bip:topics:1.0">
  <code code="C15">
    <editdetail attribution="Reuters BIP Coding Group" action="confirmed" date="1997-02-21"/>
  </code>
  <code code="C151">
    <editdetail attribution="Reuters BIP Coding Group" action="confirmed" date="1997-02-21"/>
  </code>
  <code code="C1511">
    <editdetail attribution="Reuters BIP Coding Group" action="confirmed" date="1997-02-21"/>
  </code>
  <code code="CCAT">
    <editdetail attribution="Reuters BIP Coding Group" action="confirmed" date="1997-02-21"/>
  </code>
</codes>
<dc element="dc.date.created" value="1997-02-21"/>
<dc element="dc.publisher" value="Reuters Holdings Plc"/>
<dc element="dc.date.published" value="1997-02-21"/>
<dc element="dc.source" value="Reuters"/>
<dc element="dc.creator.location" value="AMSTERDAM"/>
<dc element="dc.creator.location.country.name" value="NETHERLANDS"/>
<dc element="dc.source" value="Reuters"/>
</metadata>
</newsitem>
