<?xml version="1.0" encoding="iso-8859-1" ?>
<newsitem itemid="390206" id="root" date="1997-02-20" xml:lang="en">
<title>USA: Republic Industries buying 2 dealerships.</title>
<headline>Republic Industries buying 2 dealerships.</headline>
<dateline>FORT LAUDERDALE, Fla. 1997-02-20</dateline>
<text>
<p>Republic Industries Inc said on Thursday it signed definitive agreements to buy Taylor Jeep-Eagle Inc in Detroit and Champion Chevrolet Co in Los Angeles for a total of $20 million in Republic stock.</p>
<p>The current owners will sign employment contracts and continue to run their respective dealerships.</p>
<p>	  ((-- New York Newsdesk 212 859-1610))</p>
</text>
<copyright>(c) Reuters Limited 1997</copyright>
<metadata>
<codes class="bip:countries:1.0">
  <code code="USA">
    <editdetail attribution="Reuters BIP Coding Group" action="confirmed" date="1997-02-20"/>
  </code>
</codes>
<codes class="bip:industries:1.0">
  <code code="I92110">
    <editdetail attribution="Reuters BIP Coding Group" action="confirmed" date="1997-02-20"/>
  </code>
</codes>
<codes class="bip:topics:1.0">
  <code code="C18">
    <editdetail attribution="Reuters BIP Coding Group" action="confirmed" date="1997-02-20"/>
  </code>
  <code code="C181">
    <editdetail attribution="Reuters BIP Coding Group" action="confirmed" date="1997-02-20"/>
  </code>
  <code code="CCAT">
    <editdetail attribution="Reuters BIP Coding Group" action="confirmed" date="1997-02-20"/>
  </code>
</codes>
<dc element="dc.date.created" value="1997-02-20"/>
<dc element="dc.publisher" value="Reuters Holdings Plc"/>
<dc element="dc.date.published" value="1997-02-20"/>
<dc element="dc.source" value="Reuters"/>
<dc element="dc.creator.location" value="FORT LAUDERDALE, Fla."/>
<dc element="dc.creator.location.country.name" value="USA"/>
<dc element="dc.source" value="Reuters"/>
</metadata>
</newsitem>
