<?xml version="1.0" encoding="iso-8859-1" ?>
<newsitem itemid="601139" id="root" date="1997-05-21" xml:lang="en">
<title>REPUBLIC OF IRELAND: SOCCER-IRELAND BEAT LIECHTENSTEIN 5-0 IN WORLD CUP QUALIFIER.</title>
<headline>SOCCER-IRELAND BEAT LIECHTENSTEIN 5-0 IN WORLD CUP QUALIFIER.</headline>
<dateline>DUBLIN 1997-05-21</dateline>
<text>
<p>Ireland beat Liechtenstein 5-0</p>
<p>(half-time 3-0) in a World Cup soccer European group eight</p>
<p>qualifier at Lansdowne Road on Wednesday.</p>
<p>Scorers: David Connolly 28, 35, 41, Tony Cascarino 60, 78</p>
<p>Attendance: 33,000</p>
<p>Yellow cards</p>
<p>Liechtenstein - Mario Frick 39</p>
<p>Ireland - Mark Kennedy 58, Jeff Kenna 66, Gary Kelly 70</p>
<p>Standings</p>
<p> Romania	    6   6   0   0  20   0   18</p>
<p> Ireland	    6   3   1   2  15   4   10</p>
<p> Macedonia	  6   3   1   2  18  10   10</p>
<p> Lithuania	  5   3   0   2   6   5    9</p>
<p> Iceland	    4   0   2   2   1   7    2</p>
<p> Liechtenstein    7   0   0   7   2  36    0</p>
<p>Teams:-</p>
<p>Ireland: 1-Shay Given; 2-Jeff Kenna, 4-Ian Harte, 5-Ken</p>
<p>Cunningham, 3-Steve Staunton; 10-Gary Kelly, 8-Ray Houghton (12-</p>
<p>Tony Cascarino, 54), 6-Roy Keane, 7-Andy Townsend (Captain), 11-</p>
<p>Mark Kennedy (14-Curtis Fleming, 64); 9-David Connolly (17-Jon</p>
<p>Goodman).</p>
<p>Liedchtenstein: 1-Martin Heeb; 3-Patrick Hefti, 5-Martin</p>
<p>Stocklasa, 2-Thomas Hanselmann (14-Ralf Ackerman, 80); 7-Daniel</p>
<p>Telser (16-Thomas Verling, 59), 9-Christoph Frick, 8-Mario Frick</p>
<p>(Captain)(13-Jurgen Ospelt, 46), 6-Daniel Hasler, 10-Peter</p>
<p>Klaunzer, 4-Franz Schadler; 11-Daniel Frick.</p>
</text>
<copyright>(c) Reuters Limited 1997</copyright>
<metadata>
<codes class="bip:countries:1.0">
  <code code="ICEL">
    <editdetail attribution="Reuters BIP Coding Group" action="confirmed" date="1997-05-21"/>
  </code>
  <code code="IRE">
    <editdetail attribution="Reuters BIP Coding Group" action="confirmed" date="1997-05-21"/>
  </code>
  <code code="LIECHT">
    <editdetail attribution="Reuters BIP Coding Group" action="confirmed" date="1997-05-21"/>
  </code>
  <code code="LITH">
    <editdetail attribution="Reuters BIP Coding Group" action="confirmed" date="1997-05-21"/>
  </code>
  <code code="MCDNIA">
    <editdetail attribution="Reuters BIP Coding Group" action="confirmed" date="1997-05-21"/>
  </code>
  <code code="ROM">
    <editdetail attribution="Reuters BIP Coding Group" action="confirmed" date="1997-05-21"/>
  </code>
</codes>
<codes class="bip:topics:1.0">
  <code code="GCAT">
    <editdetail attribution="Reuters BIP Coding Group" action="confirmed" date="1997-05-21"/>
  </code>
  <code code="GSPO">
    <editdetail attribution="Reuters BIP Coding Group" action="confirmed" date="1997-05-21"/>
  </code>
</codes>
<dc element="dc.date.created" value="1997-05-21"/>
<dc element="dc.publisher" value="Reuters Holdings Plc"/>
<dc element="dc.date.published" value="1997-05-21"/>
<dc element="dc.source" value="Reuters"/>
<dc element="dc.creator.location" value="DUBLIN"/>
<dc element="dc.creator.location.country.name" value="REPUBLIC OF IRELAND"/>
<dc element="dc.source" value="Reuters"/>
</metadata>
</newsitem>
