<?xml version="1.0" encoding="iso-8859-1" ?>
<newsitem itemid="806896" id="root" date="1997-08-18" xml:lang="en">
<title>GERMANY: Hoechst's Berhing-U.S. approves Dade merger.</title>
<headline>Hoechst's Berhing-U.S. approves Dade merger.</headline>
<dateline>FRANKFURT 1997-08-18</dateline>
<text>
<p>Behring Diagnostics, a U.S.-based unit of German chemical group Hoechst said on Friday that it had received approval from U.S. cartel authorities allowing it to merge with Dade International.</p>
<p>&quot;Behring Diagnostics has been granted clearance from the FTC to move forward with the merger of Dade International,&quot; Behring said in a statement.</p>
<p>&quot;While we are waiting for comment and, ultimately, approval from the European authorities in Brussels, we will continue to work as two separate companies,&quot; Uwe Bicker, chairman and CEO of Behring Diagnostics, said.</p>
<p>&quot;Depending on the length of th regulatory approval review by the European Commission, we are expecting the merger to be completed by late summer or early fall,&quot; Bicker said.</p>
<p>Dade reiterated forecasts for the resulting stand-alone company of annual sales of over $1.5 billion with around 8,700 employees.</p>
<p>Hoechst said last week that the Dade Behring joint venture would seek a bourse listing next year once cartel authorities have given their approval to the deal.</p>
<p>--Clifford Coonan, Frankfurt Newsroom +49 69 756525</p>
</text>
<copyright>(c) Reuters Limited 1997</copyright>
<metadata>
<codes class="bip:countries:1.0">
  <code code="GFR">
    <editdetail attribution="Reuters BIP Coding Group" action="confirmed" date="1997-08-18"/>
  </code>
  <code code="USA">
    <editdetail attribution="Reuters BIP Coding Group" action="confirmed" date="1997-08-18"/>
  </code>
</codes>
<codes class="bip:industries:1.0">
  <code code="I25000">
    <editdetail attribution="Reuters BIP Coding Group" action="confirmed" date="1997-08-18"/>
  </code>
</codes>
<codes class="bip:topics:1.0">
  <code code="C13">
    <editdetail attribution="Reuters BIP Coding Group" action="confirmed" date="1997-08-18"/>
  </code>
  <code code="C18">
    <editdetail attribution="Reuters BIP Coding Group" action="confirmed" date="1997-08-18"/>
  </code>
  <code code="C181">
    <editdetail attribution="Reuters BIP Coding Group" action="confirmed" date="1997-08-18"/>
  </code>
  <code code="C34">
    <editdetail attribution="Reuters BIP Coding Group" action="confirmed" date="1997-08-18"/>
  </code>
  <code code="CCAT">
    <editdetail attribution="Reuters BIP Coding Group" action="confirmed" date="1997-08-18"/>
  </code>
</codes>
<dc element="dc.date.created" value="1997-08-18"/>
<dc element="dc.publisher" value="Reuters Holdings Plc"/>
<dc element="dc.date.published" value="1997-08-18"/>
<dc element="dc.source" value="Reuters"/>
<dc element="dc.creator.location" value="FRANKFURT"/>
<dc element="dc.creator.location.country.name" value="GERMANY"/>
<dc element="dc.source" value="Reuters"/>
</metadata>
</newsitem>
