<?xml version="1.0" encoding="iso-8859-1" ?>
<newsitem itemid="351393" id="root" date="1997-02-03" xml:lang="en">
<title>USA: Washington state school district to resubmit bond.</title>
<headline>Washington state school district to resubmit bond.</headline>
<dateline>SEATTLE 1997-02-03</dateline>
<text>
<p>The Renton School District in King County will resubmit a $107 million bond measure to voters in early 1998, according to a published report on Monday.</p>
<p>The Seattle Post-Intelligencer reported that the school district and county have agreed to delay the local election until next year because of legal issues that could have jeopardized an election this spring.</p>
<p>King County Superior Court Judge George Finkle had initially ordered the county to rerun the election at county expense in March or May, the newspaper reported.  </p>
<p>But in a decision last week, Finkle approved the new election date and again ordered the county to pay the cost of the election, the newspaper said.</p>
<p>The decision resolves a legal dispute between the district and King County over irregularities in an election the district narrowly lost in 1996.</p>
<p>The $107 million bond measure, if approved by voters in 1998, would pay for school district improvements.</p>
</text>
<copyright>(c) Reuters Limited 1997</copyright>
<metadata>
<codes class="bip:countries:1.0">
  <code code="USA">
    <editdetail attribution="Reuters BIP Coding Group" action="confirmed" date="1997-02-03"/>
  </code>
</codes>
<codes class="bip:topics:1.0">
  <code code="E21">
    <editdetail attribution="Reuters BIP Coding Group" action="confirmed" date="1997-02-03"/>
  </code>
  <code code="E212">
    <editdetail attribution="Reuters BIP Coding Group" action="confirmed" date="1997-02-03"/>
  </code>
  <code code="ECAT">
    <editdetail attribution="Reuters BIP Coding Group" action="confirmed" date="1997-02-03"/>
  </code>
  <code code="GCAT">
    <editdetail attribution="Reuters BIP Coding Group" action="confirmed" date="1997-02-03"/>
  </code>
  <code code="GPOL">
    <editdetail attribution="Reuters BIP Coding Group" action="confirmed" date="1997-02-03"/>
  </code>
</codes>
<dc element="dc.date.created" value="1997-02-03"/>
<dc element="dc.publisher" value="Reuters Holdings Plc"/>
<dc element="dc.date.published" value="1997-02-03"/>
<dc element="dc.source" value="Reuters"/>
<dc element="dc.creator.location" value="SEATTLE"/>
<dc element="dc.creator.location.country.name" value="USA"/>
<dc element="dc.source" value="Reuters"/>
</metadata>
</newsitem>
