<?xml version="1.0" encoding="iso-8859-1" ?>
<newsitem itemid="463404" id="root" date="1997-03-24" xml:lang="en">
<title>HONG KONG: Guoco Group interim net rises 30.5 pct.</title>
<headline>Guoco Group interim net rises 30.5 pct.</headline>
<dateline>HONG KONG 1997-03-24</dateline>
<text>
<p>Six months ended December 31</p>
<p>(in million HK$ unless stated)</p>
<p>    Shr (H.K. cents)	   247.0	 vs 189.0</p>
<p>    Dividend (H.K. cents)    25.0	  vs 23.0</p>
<p>    Exceptional items	  355.09 gain vs 47.51 gain</p>
<p>    Net			    1,054.98    vs 808.35</p>
<p>    Turnover		     6,663.07    vs 5,229.34 (see note)</p>
<p>    Company name		 Guoco Group Ltd</p>
<p>    Books close		  April 8-14</p>
<p>    Dividend payable	   April 15</p>
<p>NOTE - Investment holding company Guoco Group is engaged in banking and financial services, broking and property.</p>
<p>The turnover of 1995 includes the turnover of banking subsidiaries.</p>
<p>Net is after an exceptional gain of HK$251.50 million on sale of premises and gain of HK$103.59 million written back on compulsory acquisition of land.</p>
<p>-- Hong Kong Newsroom (852) 2843 6368</p>
</text>
<copyright>(c) Reuters Limited 1997</copyright>
<metadata>
<codes class="bip:countries:1.0">
  <code code="HKONG">
    <editdetail attribution="Reuters BIP Coding Group" action="confirmed" date="1997-03-24"/>
  </code>
</codes>
<codes class="bip:industries:1.0">
  <code code="I83100">
    <editdetail attribution="Reuters BIP Coding Group" action="confirmed" date="1997-03-24"/>
  </code>
</codes>
<codes class="bip:topics:1.0">
  <code code="C15">
    <editdetail attribution="Reuters BIP Coding Group" action="confirmed" date="1997-03-24"/>
  </code>
  <code code="C151">
    <editdetail attribution="Reuters BIP Coding Group" action="confirmed" date="1997-03-24"/>
  </code>
  <code code="CCAT">
    <editdetail attribution="Reuters BIP Coding Group" action="confirmed" date="1997-03-24"/>
  </code>
</codes>
<dc element="dc.date.created" value="1997-03-24"/>
<dc element="dc.publisher" value="Reuters Holdings Plc"/>
<dc element="dc.date.published" value="1997-03-24"/>
<dc element="dc.source" value="Reuters"/>
<dc element="dc.creator.location" value="HONG KONG"/>
<dc element="dc.creator.location.country.name" value="HONG KONG"/>
<dc element="dc.source" value="Reuters"/>
</metadata>
</newsitem>
