<?xml version="1.0" encoding="iso-8859-1" ?>
<newsitem itemid="149311" id="root" date="1996-10-29" xml:lang="en">
<title>USA: Wrigley has higher quarter, offers extra payout.</title>
<headline>Wrigley has higher quarter, offers extra payout.</headline>
<dateline>CHICAGO</dateline>
<text>
<p>Wm. Wrigley Jr. Co., the chewing gum maker, Tuesday reported higher third quarter earnings and declared an extra quarterly dividend based on the improved results.</p>
<p>However, Wall Street analysts had expected the candy company to report even stronger numbers, sending the company's stock down 25 cents to close at $59.875 on the New York Stock Exchange.</p>
<p>&quot;The third quarter looks a little short of expectations,&quot; said Prudential Securities analyst John McMillin.</p>
<p>Wrigley reported third quarter earnings of $61.2 million, or 53 cents a share. A year earlier it earned $58.3 million, or 50 cents a share.</p>
<p>The third quarter results were below the First Call consensus of 55 cents a share.</p>
<p>Revenues rose to $466.1 million from $435.4 million a year earlier.</p>
<p>Wrigley's third quarter included a charge of $1.0 million to close a plant in Santa Cruz, Calif.</p>
<p>Earlier, Wrigley declared an extra dividend of 34 cents a share, bringing its full-year 1996 dividend to $1.02 a share.</p>
<p>The extra dividend is payable December 16 to stockholders of record December 6.</p>
<p>The gum manufacturer also voted a regular 17 cent per share payout for the three-month period beginning Feb. 3, 1997.</p>
</text>
<copyright>(c) Reuters Limited 1996</copyright>
<metadata>
<codes class="bip:countries:1.0">
  <code code="USA">
    <editdetail attribution="Reuters BIP Coding Group" action="confirmed" date="1996-10-29"/>
  </code>
</codes>
<codes class="bip:industries:1.0">
  <code code="I42100">
    <editdetail attribution="Reuters BIP Coding Group" action="confirmed" date="1996-10-29"/>
  </code>
</codes>
<codes class="bip:topics:1.0">
  <code code="C15">
    <editdetail attribution="Reuters BIP Coding Group" action="confirmed" date="1996-10-29"/>
  </code>
  <code code="C151">
    <editdetail attribution="Reuters BIP Coding Group" action="confirmed" date="1996-10-29"/>
  </code>
  <code code="CCAT">
    <editdetail attribution="Reuters BIP Coding Group" action="confirmed" date="1996-10-29"/>
  </code>
</codes>
<dc element="dc.publisher" value="Reuters Holdings Plc"/>
<dc element="dc.date.published" value="1996-10-29"/>
<dc element="dc.source" value="Reuters"/>
<dc element="dc.creator.location" value="CHICAGO"/>
<dc element="dc.creator.location.country.name" value="USA"/>
<dc element="dc.source" value="Reuters"/>
</metadata>
</newsitem>
