<?xml version="1.0" encoding="iso-8859-1" ?>
<newsitem itemid="301472" id="root" date="1997-01-12" xml:lang="en">
<title>SPAIN: SOCCER-SCORERS IN THE SPANISH FIRST DIVISION.</title>
<headline>SOCCER-SCORERS IN THE SPANISH FIRST DIVISION.</headline>
<dateline>MADRID 1997-01-12</dateline>
<text>
<p>Leading goalscorers in the Spanish</p>
<p>first division after Sunday's games:</p>
<p>14 - Davor Suker (Real Madrid)</p>
<p>13 - Ronaldo (Barcelona)</p>
<p>10 - Jose Ziganda (Athletic Bilbao), Oli Alvarez (Oviedo)</p>
<p>9 - Predrag Mijatovic (Real Madrid), Juan Eduardo Esnaider</p>
<p>(Atletico Madrid)</p>
<p>8 - Julen Guerrero (Athletic Bilbao), Alfonso Perez (Betis)</p>
<p>Rivaldo (Deportivo Coruna)</p>
<p>7 - Kiko Narvaez (Atletico Madrid), Vladimir Gudelj (Celta</p>
<p>Vigo), Christopher Ohen (Compostela) Manuel Alfaro</p>
<p>(Hercules), Guilherme (Rayo Vallecano), Raul Gonzalez (Real</p>
<p>Madrid), Darko Kovacevic (Real Sociedad), Julio Salinas</p>
<p>(Sporting Gijon), Gustavo Poyet (Zaragoza)</p>
</text>
<copyright>(c) Reuters Limited 1997</copyright>
<metadata>
<codes class="bip:countries:1.0">
  <code code="SPAIN">
    <editdetail attribution="Reuters BIP Coding Group" action="confirmed" date="1997-01-12"/>
  </code>
</codes>
<codes class="bip:topics:1.0">
  <code code="GCAT">
    <editdetail attribution="Reuters BIP Coding Group" action="confirmed" date="1997-01-12"/>
  </code>
  <code code="GSPO">
    <editdetail attribution="Reuters BIP Coding Group" action="confirmed" date="1997-01-12"/>
  </code>
</codes>
<dc element="dc.date.created" value="1997-01-12"/>
<dc element="dc.publisher" value="Reuters Holdings Plc"/>
<dc element="dc.date.published" value="1997-01-12"/>
<dc element="dc.source" value="Reuters"/>
<dc element="dc.creator.location" value="MADRID"/>
<dc element="dc.creator.location.country.name" value="SPAIN"/>
<dc element="dc.source" value="Reuters"/>
</metadata>
</newsitem>
