<?xml version="1.0" encoding="iso-8859-1" ?>
<newsitem itemid="697611" id="root" date="1997-06-30" xml:lang="en">
<title>AUSTRALIA: BHP sees Bolivia gas pipeline proceeding.</title>
<headline>BHP sees Bolivia gas pipeline proceeding.</headline>
<dateline>MELBOURNE 1997-06-30</dateline>
<text>
<p>Australia's The Broken Hill Pty Co Ltd (BHP) said on Monday its proposed 3,150 km gas pipeline linking Bolivia and Brazil was likely to proceed.</p>
<p>&quot;I think it's going ahead now,&quot; BHP managing director John Prescott told a briefing seminar.  </p>
<p>BHP is a partner in the BTB Group, a consortium that has been studying the feasibility of developing the pipeline, linking Bolivian gas reserves with markets in southern and south eastern Brazil.</p>
<p>Prescott said the pipeline project was an example of an &quot;incubator&quot; project for BHP.</p>
<p>-- Melbourne newsroom 61-3 9286 1421</p>
</text>
<copyright>(c) Reuters Limited 1997</copyright>
<metadata>
<codes class="bip:countries:1.0">
  <code code="AUSTR">
    <editdetail attribution="Reuters BIP Coding Group" action="confirmed" date="1997-06-30"/>
  </code>
  <code code="BOL">
    <editdetail attribution="Reuters BIP Coding Group" action="confirmed" date="1997-06-30"/>
  </code>
  <code code="BRAZ">
    <editdetail attribution="Reuters BIP Coding Group" action="confirmed" date="1997-06-30"/>
  </code>
</codes>
<codes class="bip:industries:1.0">
  <code code="I13000">
    <editdetail attribution="Reuters BIP Coding Group" action="confirmed" date="1997-06-30"/>
  </code>
  <code code="I21000">
    <editdetail attribution="Reuters BIP Coding Group" action="confirmed" date="1997-06-30"/>
  </code>
  <code code="I50200">
    <editdetail attribution="Reuters BIP Coding Group" action="confirmed" date="1997-06-30"/>
  </code>
  <code code="I5020043">
    <editdetail attribution="Reuters BIP Coding Group" action="confirmed" date="1997-06-30"/>
  </code>
</codes>
<codes class="bip:topics:1.0">
  <code code="C24">
    <editdetail attribution="Reuters BIP Coding Group" action="confirmed" date="1997-06-30"/>
  </code>
  <code code="CCAT">
    <editdetail attribution="Reuters BIP Coding Group" action="confirmed" date="1997-06-30"/>
  </code>
</codes>
<dc element="dc.date.created" value="1997-06-30"/>
<dc element="dc.publisher" value="Reuters Holdings Plc"/>
<dc element="dc.date.published" value="1997-06-30"/>
<dc element="dc.source" value="Reuters"/>
<dc element="dc.creator.location" value="MELBOURNE"/>
<dc element="dc.creator.location.country.name" value="AUSTRALIA"/>
<dc element="dc.source" value="Reuters"/>
</metadata>
</newsitem>
