<?xml version="1.0" encoding="iso-8859-1" ?>
<newsitem itemid="735522" id="root" date="1997-07-17" xml:lang="en">
<title>HUNGARY: INDICATORS - Hungary - updated July 17.</title>
<headline>INDICATORS - Hungary - updated July 17.</headline>
<dateline>BUDAPEST 1997-07-17</dateline>
<text>
<p>The latest indicators:</p>
<p> GDP (prelim. pct)    Q1 +1.2 pct yr/yr	 (Q4 1996 3.0 pct)</p>
<p> CPI (pct)		June 1.7 m/m 18.7 yr/yr (May +1.3  +17.7)</p>
<p> PPI (pct)		May +0.7 m/m +19.1 y/y  (Apr +1.3  +20.0)</p>
<p> Ind. output(pct)     May -1.6 m/m +1.7 y/y   (Apr +9.0  +11.4)</p>
<p> Current account	Jan-April -$587 million (Jan-March -$477 million)</p>
<p> NBH trade deficit    Jan-April -$606 million  (Jan-March $402 million)</p>
<p> MIT trade deficit*   Jan-May $1,037 million   (Jan-April $907 million)</p>
<p> Gross foreign debt   March $24,442.5 million   (Feb $24,440.8 million)</p>
<p> Net foreign debt     April $12,215.1 million (March $12,570.3 million)</p>
<p> Unemployment (pct)   June 10.3 pct		  (May 10.6 pct)</p>
<p> Budget balance (HUF) Jan-June -165 bln	(Jan-May -150 bln)</p>
<p>T-bill yields% (1mo) 20.09 (3mo) 19.56 (6mo) 19.55 (1yr) 19.64</p>
<p>Government bond yields:(2-yr 1999/G) 18.48 (3-yr 2000/F) 17.14</p>
<p> (5-yr 2002/F) 15.65    (7-yr 2004/G bond avg price) 101.63 pct</p>
<p>The NBH is BBB by Duff &amp; Phelps and IBCA, BBB-minus by S&amp;P and Thomson BankWatch, Baa3 by Moody's Investors Service and BBB+ by the Japan Credit Rating Agency.</p>
<p>* The Ministry of Industry and Trade and Tourism (MIT) trade deficit figures are preliminary. NBH trade data are based on cash flow, MIT data on customs statistics.</p>
<p>-- Budapest newsroom +36 1 327 4040</p>
</text>
<copyright>(c) Reuters Limited 1997</copyright>
<metadata>
<codes class="bip:countries:1.0">
  <code code="HUNG">
    <editdetail attribution="Reuters BIP Coding Group" action="confirmed" date="1997-07-17"/>
  </code>
</codes>
<codes class="bip:topics:1.0">
  <code code="E71">
    <editdetail attribution="Reuters BIP Coding Group" action="confirmed" date="1997-07-17"/>
  </code>
  <code code="ECAT">
    <editdetail attribution="Reuters BIP Coding Group" action="confirmed" date="1997-07-17"/>
  </code>
</codes>
<dc element="dc.date.created" value="1997-07-17"/>
<dc element="dc.publisher" value="Reuters Holdings Plc"/>
<dc element="dc.date.published" value="1997-07-17"/>
<dc element="dc.source" value="Reuters"/>
<dc element="dc.creator.location" value="BUDAPEST"/>
<dc element="dc.creator.location.country.name" value="HUNGARY"/>
<dc element="dc.source" value="Reuters"/>
</metadata>
</newsitem>
