<?xml version="1.0" encoding="iso-8859-1" ?>
<newsitem itemid="544687" id="root" date="1997-04-28" xml:lang="en">
<title>ITALY: Italy has global trade surplus in Feb.</title>
<headline>Italy has global trade surplus in Feb.</headline>
<dateline>ROME 1997-04-28</dateline>
<text>
<p>Italy had a 1.153 trillion lire global trade surplus in February, the Italian Exchange Office said in a statement.</p>
<p> ITALIAN TRADE BALANCE	Feb 97	  Jan 97     Feb 96</p>
<p> Amount (lire)	     +1.153 trln   +3.368 trln   +353 bln</p>
<p> Cumulative yr to date   +4.521 trln   +3.368 trln   +2.457 trln</p>
<p>Note: The calculation is based on flows through the financial sector on transactions in excess of 20 million lire.</p>
</text>
<copyright>(c) Reuters Limited 1997</copyright>
<metadata>
<codes class="bip:countries:1.0">
  <code code="ITALY">
    <editdetail attribution="Reuters BIP Coding Group" action="confirmed" date="1997-04-28"/>
  </code>
</codes>
<codes class="bip:topics:1.0">
  <code code="E51">
    <editdetail attribution="Reuters BIP Coding Group" action="confirmed" date="1997-04-28"/>
  </code>
  <code code="E512">
    <editdetail attribution="Reuters BIP Coding Group" action="confirmed" date="1997-04-28"/>
  </code>
  <code code="ECAT">
    <editdetail attribution="Reuters BIP Coding Group" action="confirmed" date="1997-04-28"/>
  </code>
</codes>
<dc element="dc.date.created" value="1997-04-28"/>
<dc element="dc.publisher" value="Reuters Holdings Plc"/>
<dc element="dc.date.published" value="1997-04-28"/>
<dc element="dc.source" value="Reuters"/>
<dc element="dc.creator.location" value="ROME"/>
<dc element="dc.creator.location.country.name" value="ITALY"/>
<dc element="dc.source" value="Reuters"/>
</metadata>
</newsitem>
