<?xml version="1.0" encoding="iso-8859-1" ?>
<newsitem itemid="404724" id="root" date="1997-02-26" xml:lang="en">
<title>FRANCE: Bouygues, TF1 heads held.</title>
<headline>Bouygues, TF1 heads held.</headline>
<dateline>PARIS 1997-02-26</dateline>
<text>
<p>The heads of French building giant Bouygues and of private television channel TF1 were being held in custody on Wednesday after questioning in a probe into fraud allegations, justice sources said.</p>
<p>The sources said Martin Bouygues and Patrick Le Lay were questioned by police in Versailles and were being held at police premises.</p>
<p>Philippe Chalendon, managing director of a Bouygues subsidiary, had previously been placed in custody in the investigation into false invoices involving some 40 companies in the Paris area.</p>
<p>There was no immediate comment from the Bouygues company or from TF1. Versailles police were acting on a warrant by judge Jean-Marie Charpier, who is in charge of the probe launched in 1994.</p>
</text>
<copyright>(c) Reuters Limited 1997</copyright>
<metadata>
<codes class="bip:countries:1.0">
  <code code="FRA">
    <editdetail attribution="Reuters BIP Coding Group" action="confirmed" date="1997-02-26"/>
  </code>
</codes>
<codes class="bip:industries:1.0">
  <code code="I50200">
    <editdetail attribution="Reuters BIP Coding Group" action="confirmed" date="1997-02-26"/>
  </code>
  <code code="I9741102">
    <editdetail attribution="Reuters BIP Coding Group" action="confirmed" date="1997-02-26"/>
  </code>
</codes>
<codes class="bip:topics:1.0">
  <code code="C12">
    <editdetail attribution="Reuters BIP Coding Group" action="confirmed" date="1997-02-26"/>
  </code>
  <code code="C41">
    <editdetail attribution="Reuters BIP Coding Group" action="confirmed" date="1997-02-26"/>
  </code>
  <code code="CCAT">
    <editdetail attribution="Reuters BIP Coding Group" action="confirmed" date="1997-02-26"/>
  </code>
  <code code="GCAT">
    <editdetail attribution="Reuters BIP Coding Group" action="confirmed" date="1997-02-26"/>
  </code>
  <code code="GCRIM">
    <editdetail attribution="Reuters BIP Coding Group" action="confirmed" date="1997-02-26"/>
  </code>
</codes>
<dc element="dc.date.created" value="1997-02-26"/>
<dc element="dc.publisher" value="Reuters Holdings Plc"/>
<dc element="dc.date.published" value="1997-02-26"/>
<dc element="dc.source" value="Reuters"/>
<dc element="dc.creator.location" value="PARIS"/>
<dc element="dc.creator.location.country.name" value="FRANCE"/>
<dc element="dc.source" value="Reuters"/>
</metadata>
</newsitem>
