<?xml version="1.0" encoding="iso-8859-1" ?>
<newsitem itemid="565977" id="root" date="1997-05-07" xml:lang="en">
<title>PERU: Peru, Germany sign 504 million mark debt accord.</title>
<headline>Peru, Germany sign 504 million mark debt accord.</headline>
<dateline>LIMA 1997-05-07</dateline>
<text>
<p>Peru signed Wednesday a 504 million mark bilateral debt refinancing accord with Germany as part of a series of agreements it is negotiating with 14 creditor nations of the Paris Club.</p>
<p>The accord was signed by Peru's Economy Minister Jorge Camet and the German Embassy's business attache Jurgen Steinkruger.</p>
<p>The debt will be repaid over 22 years with two interest rates -- 3.1 percent and 6.75 percent -- for the different portions, the Economy Ministry said in a statement.</p>
<p>The agreement will also allow Peru to swap up to 204 million marks of that debt for projects to fight poverty or protect the environment, the statement added.</p>
<p>((-- Lima newsroom, 511 221-2134))</p>
</text>
<copyright>(c) Reuters Limited 1997</copyright>
<metadata>
<codes class="bip:countries:1.0">
  <code code="GFR">
    <editdetail attribution="Reuters BIP Coding Group" action="confirmed" date="1997-05-07"/>
  </code>
  <code code="PERU">
    <editdetail attribution="Reuters BIP Coding Group" action="confirmed" date="1997-05-07"/>
  </code>
</codes>
<codes class="bip:topics:1.0">
  <code code="E21">
    <editdetail attribution="Reuters BIP Coding Group" action="confirmed" date="1997-05-07"/>
  </code>
  <code code="E212">
    <editdetail attribution="Reuters BIP Coding Group" action="confirmed" date="1997-05-07"/>
  </code>
  <code code="ECAT">
    <editdetail attribution="Reuters BIP Coding Group" action="confirmed" date="1997-05-07"/>
  </code>
</codes>
<dc element="dc.date.created" value="1997-05-07"/>
<dc element="dc.publisher" value="Reuters Holdings Plc"/>
<dc element="dc.date.published" value="1997-05-07"/>
<dc element="dc.source" value="Reuters"/>
<dc element="dc.creator.location" value="LIMA"/>
<dc element="dc.creator.location.country.name" value="PERU"/>
<dc element="dc.source" value="Reuters"/>
</metadata>
</newsitem>
