<?xml version="1.0" encoding="iso-8859-1" ?>
<newsitem itemid="130190" id="root" date="1996-10-21" xml:lang="en">
<title>SLOVENIA: PRESS DIGEST - Slovenia - Oct 21.</title>
<headline>PRESS DIGEST - Slovenia - Oct 21.</headline>
<text>
<p>DELO</p>
<p>- Slovenia's political parties have to issue official lists of candidates for November 10 general elections by October 26.</p>
<p>- Investigations by numerous parliamentary committees over the past four years have not resulted in any legal action and are therefore not expected to have any influence on the coming general elections.</p>
<p>- Local communities need more money to carry out their duties, the minister of local affairs said.</p>
<p>- Slovenian Prime Minister Janez Drnovsek opened a new Telekom building in Maribor on Sunday.</p>
<p>- About 18.6 percent of Slovenians have not yet used their privatisation vouchers which are set to expire in June 1997.</p>
<p>DNEVNIK</p>
<p>- Former Slovenian Defence Minister Janez Jansa said in an interview with Reuters that Slovenia ignored a U.N. arms embargo imposed on ex-Yugoslav republics.</p>
<p>REPUBLIKA</p>
<p>- Analysts say authorities should increase control of tax payments in order to help the economy.</p>
<p>- Slovenia has about 30 different religious groups, most of which believe the Catholic Church should not have a special status among them.</p>
</text>
<copyright>(c) Reuters Limited 1996</copyright>
<metadata>
<codes class="bip:countries:1.0">
  <code code="SLVNIA">
    <editdetail attribution="Reuters BIP Coding Group" action="confirmed" date="1996-10-21"/>
  </code>
</codes>
<codes class="bip:topics:1.0">
  <code code="GCAT">
    <editdetail attribution="Reuters BIP Coding Group" action="confirmed" date="1996-10-21"/>
  </code>
</codes>
<dc element="dc.publisher" value="Reuters Holdings Plc"/>
<dc element="dc.date.published" value="1996-10-21"/>
<dc element="dc.source" value="Reuters"/>
<dc element="dc.creator.location.country.name" value="SLOVENIA"/>
<dc element="dc.source" value="Reuters"/>
</metadata>
</newsitem>
