<?xml version="1.0" encoding="iso-8859-1" ?>
<newsitem itemid="475380" id="root" date="1997-03-29" xml:lang="en">
<title>JORDAN: PRESS DIGEST - Jordan - March 29.</title>
<headline>PRESS DIGEST - Jordan - March 29.</headline>
<dateline>AMMAN 1997-03-29</dateline>
<text>
<p>These are some of the leading stories in the Jordanian press on Saturday. Reuters has not verified these stories and does not vouch for their accuracy.</p>
<p>AL-RAI</p>
<p>- Interior minister says no plans to change number of seats in parliament ahead of elections scheduled to be held by November. No plans to reduce voting age to 18 from 19, and new electoral districts to be fixed by mid-April.</p>
<p>- Unions and opposition parties call for Arab summit to revive Arab League decisions on possible freezing of ties with Israel.</p>
<p>- Arab Bank says planning bonus share issue which will double capital to 88 million dinars ($124.3 million).</p>
<p>- King Hussein to meet U.N. Secretary-General on Monday.</p>
<p>AD-DUSTOUR</p>
<p>- Doctors agree increase in pension to 180 dinars a month.</p>
<p>- Information Minister says government shareholdings in state newspapers will not exceed 30 percent by May 17.</p>
<p>AL-ASWAQ</p>
<p>- Marwan Awad, finance minister dismissed in cabinet reshuffle this month, says Jordan's trade deficit still weighing heavily on current account. Export performance and international competitivity is needed for Jordan's economic success.</p>
<p>JORDAN TIMES</p>
<p>- King to meet Kofi Annan and receive Seeds of Peace Award on Monday.</p>
<p>- Three-member military committee investigating killing of seven Israeli schoolgirls concludes investigations, plans to refer case to military courts.</p>
</text>
<copyright>(c) Reuters Limited 1997</copyright>
<metadata>
<codes class="bip:countries:1.0">
  <code code="JORDAN">
    <editdetail attribution="Reuters BIP Coding Group" action="confirmed" date="1997-03-29"/>
  </code>
</codes>
<codes class="bip:topics:1.0">
  <code code="GCAT">
    <editdetail attribution="Reuters BIP Coding Group" action="confirmed" date="1997-03-29"/>
  </code>
</codes>
<dc element="dc.date.created" value="1997-03-29"/>
<dc element="dc.publisher" value="Reuters Holdings Plc"/>
<dc element="dc.date.published" value="1997-03-29"/>
<dc element="dc.source" value="Reuters"/>
<dc element="dc.creator.location" value="AMMAN"/>
<dc element="dc.creator.location.country.name" value="JORDAN"/>
<dc element="dc.source" value="Reuters"/>
</metadata>
</newsitem>
