<?xml version="1.0" encoding="iso-8859-1" ?>
<newsitem itemid="151554" id="root" date="1996-10-29" xml:lang="en">
<title>BELGIUM: Belgian three-month T-bill yield firms at auction.</title>
<headline>Belgian three-month T-bill yield firms at auction.</headline>
<dateline>BRUSSELS 1996-10-29</dateline>
<text>
<p>Results from the Belgian Treasury:</p>
<p> SALE AMOUNT  DAYS   TOP ACCEPTED RATE  FROM LAST WEEK'S</p>
<p> /		3-mo   3.05 pct	     3.04 pct</p>
<p> NEW CASH		AVERAGE RATE	 FROM LAST WEEK'S</p>
<p>  91.242 bln bfr     3.05 pct	     3.04 pct</p>
<p> BID AMT		 TAIL		   NON-COMPETITIVE RESULTS</p>
<p> 149.596 bln bfr     0.00</p>
<p>PCT ALLOTTED AT TOP RATE</p>
<p>100 pct</p>
<p>NOTE - Value date October 31, maturity date January 30, 1997.  </p>
<p> SALE AMOUNT  DAYS   TOP ACCEPTED RATE  FROM LAST WEEK'S</p>
<p> /		6-mo   3.08 pct	     3.07 pct</p>
<p> NEW CASH		AVERAGE RATE	 FROM LAST WEEK'S</p>
<p>  10.203 bln bfr     3.07 pct	     3.07 pct</p>
<p> BID AMT		 TAIL		   NON-COMPETITIVE RESULTS</p>
<p>  35.750 bln bfr     0.01</p>
<p>PCT ALLOTTED AT TOP RATE</p>
<p>28.57 pct</p>
<p>NOTE - Value date October 31, maturity date April 30.  </p>
<p> SALE AMOUNT  DAYS   TOP ACCEPTED RATE  FROM LAST WEEK'S</p>
<p> /		12-mo  3.16 pct	     3.14 pct</p>
<p> NEW CASH		AVERAGE RATE	 FROM LAST WEEK'S</p>
<p>   8.353 bln bfr     3.15 pct	     3.13 pct</p>
<p> BID AMT		 TAIL		   NON-COMPETITIVE RESULTS</p>
<p>  20.800 bln bfr     0.01		   *</p>
<p>PCT ALLOTTED AT TOP RATE</p>
<p>49.76 pct</p>
<p>NOTE - Value date October 31, maturity date October 9, 1997.</p>
<p>Total T-bill sales at competitive auction 109.798 billion bfr</p>
<p> Amount at maturity				100.556 billion bfr</p>
<p>* Results of non-competitive auction due later this afternoon</p>
<p>-- Brussels Newsroom +32 2 287 6810, Fax +32 2 230 7710</p>
</text>
<copyright>(c) Reuters Limited 1996</copyright>
<metadata>
<codes class="bip:countries:1.0">
  <code code="BELG">
    <editdetail attribution="Reuters BIP Coding Group" action="confirmed" date="1996-10-29"/>
  </code>
</codes>
<codes class="bip:topics:1.0">
  <code code="M13">
    <editdetail attribution="Reuters BIP Coding Group" action="confirmed" date="1996-10-29"/>
  </code>
  <code code="M131">
    <editdetail attribution="Reuters BIP Coding Group" action="confirmed" date="1996-10-29"/>
  </code>
  <code code="MCAT">
    <editdetail attribution="Reuters BIP Coding Group" action="confirmed" date="1996-10-29"/>
  </code>
</codes>
<dc element="dc.date.created" value="1996-10-29"/>
<dc element="dc.publisher" value="Reuters Holdings Plc"/>
<dc element="dc.date.published" value="1996-10-29"/>
<dc element="dc.source" value="Reuters"/>
<dc element="dc.creator.location" value="BRUSSELS"/>
<dc element="dc.creator.location.country.name" value="BELGIUM"/>
<dc element="dc.source" value="Reuters"/>
</metadata>
</newsitem>
