<?xml version="1.0" encoding="iso-8859-1" ?>
<newsitem itemid="667416" id="root" date="1997-06-17" xml:lang="en">
<title>USA: Brent crude gains ground in late US paper trading.</title>
<headline>Brent crude gains ground in late US paper trading.</headline>
<dateline>NEW YORK 1997-06-16</dateline>
<text>
<p>North Sea benchmark Brent crude gained ground in late U.S. paper trading on Monday in a string of partial transactions, traders said.</p>
<p>Partial August cargoes changed hands seven times between $17.85 and $17.91, rounding out the aftermarket at $17.87-90 a barrel.</p>
<p>London's International Petroleum Exchange (IPE) closed at $17.86 for August. September settled at $18.04.</p>
<p>July/August traded twice, once at minus 28 cents and once at minus 26 cents, ending steady at minus 26-24 cents a barrel.</p>
<p>August/September hovered at minus 18/16 cents a barrel, while September/October was called at minus 17/14 cents a barrel.</p>
<p>--Patricia Garip-Bertuol NY Energy Desk ((+1 212 859 1620))</p>
</text>
<copyright>(c) Reuters Limited 1997</copyright>
<metadata>
<codes class="bip:countries:1.0">
  <code code="USA">
    <editdetail attribution="Reuters BIP Coding Group" action="confirmed" date="1997-06-17"/>
  </code>
</codes>
<codes class="bip:topics:1.0">
  <code code="M14">
    <editdetail attribution="Reuters BIP Coding Group" action="confirmed" date="1997-06-17"/>
  </code>
  <code code="M143">
    <editdetail attribution="Reuters BIP Coding Group" action="confirmed" date="1997-06-17"/>
  </code>
  <code code="MCAT">
    <editdetail attribution="Reuters BIP Coding Group" action="confirmed" date="1997-06-17"/>
  </code>
</codes>
<dc element="dc.date.created" value="1997-06-16"/>
<dc element="dc.publisher" value="Reuters Holdings Plc"/>
<dc element="dc.date.published" value="1997-06-17"/>
<dc element="dc.source" value="Reuters"/>
<dc element="dc.creator.location" value="NEW YORK"/>
<dc element="dc.creator.location.country.name" value="USA"/>
<dc element="dc.source" value="Reuters"/>
</metadata>
</newsitem>
