<?xml version="1.0" encoding="iso-8859-1" ?>
<newsitem itemid="351067" id="root" date="1997-02-03" xml:lang="en">
<title>AUSTRALIA: RTRS-World thermal coal trade to soar 28 pct - ABARE.</title>
<headline>RTRS-World thermal coal trade to soar 28 pct - ABARE.</headline>
<dateline>CANBERRA 1996-02-04</dateline>
<text>
<p>Total world trade in thermal (steaming) coal is projected to increase 28 percent to 369 million tonnes in the year 2002 from 289 million tonnes this year as more coal is used to generate electricity, the Australian Bureau of Agricultural and Resource Economics (ABARE) said in a paper to be delivered later on Tuesday.</p>
<p>In the Asia Pacific region, ABARE said Indonesia will record the highest growth in exports of thermal coal, up a forecast 38 percent over the next five years.  </p>
<p>Australian thermal coal exports are projected to increase by 33 percent to 94.7 million tonnes in 2002 from 71 million this year.</p>
<p>Total world metallurgical coal trade has grown little since 1991, but should now increase by almost 14 percent to 221.1 million tonnes by 2002, ABARE said.</p>
<p>The increase is due to a recovery in the production of steel from conventional blast furnaces, ABARE said.</p>
<p>-- Sydney Newsroom 61-2 9373-1800</p>
</text>
<copyright>(c) Reuters Limited 1997</copyright>
<metadata>
<codes class="bip:countries:1.0">
  <code code="AUSTR">
    <editdetail attribution="Reuters BIP Coding Group" action="confirmed" date="1997-02-03"/>
  </code>
  <code code="INDON">
    <editdetail attribution="Reuters BIP Coding Group" action="confirmed" date="1997-02-03"/>
  </code>
</codes>
<codes class="bip:industries:1.0">
  <code code="I11000">
    <editdetail attribution="Reuters BIP Coding Group" action="confirmed" date="1997-02-03"/>
  </code>
</codes>
<codes class="bip:topics:1.0">
  <code code="C31">
    <editdetail attribution="Reuters BIP Coding Group" action="confirmed" date="1997-02-03"/>
  </code>
  <code code="C312">
    <editdetail attribution="Reuters BIP Coding Group" action="confirmed" date="1997-02-03"/>
  </code>
  <code code="CCAT">
    <editdetail attribution="Reuters BIP Coding Group" action="confirmed" date="1997-02-03"/>
  </code>
  <code code="M14">
    <editdetail attribution="Reuters BIP Coding Group" action="confirmed" date="1997-02-03"/>
  </code>
  <code code="M143">
    <editdetail attribution="Reuters BIP Coding Group" action="confirmed" date="1997-02-03"/>
  </code>
  <code code="MCAT">
    <editdetail attribution="Reuters BIP Coding Group" action="confirmed" date="1997-02-03"/>
  </code>
</codes>
<dc element="dc.date.created" value="1996-02-04"/>
<dc element="dc.publisher" value="Reuters Holdings Plc"/>
<dc element="dc.date.published" value="1997-02-03"/>
<dc element="dc.source" value="Reuters"/>
<dc element="dc.creator.location" value="CANBERRA"/>
<dc element="dc.creator.location.country.name" value="AUSTRALIA"/>
<dc element="dc.source" value="Reuters"/>
</metadata>
</newsitem>
