<?xml version="1.0" encoding="iso-8859-1" ?>
<newsitem itemid="97306" id="root" date="1996-10-04" xml:lang="en">
<title>BELGIUM: AEA airlines cargo up 7pct in August.</title>
<headline>AEA airlines cargo up 7pct in August.</headline>
<dateline>BRUSSELS 1996-10-04</dateline>
<text>
<p>Global freight traffic carried by West European airlines in August 1996 was up seven percent on the same month last year at 1.87 billion freight tonne-kilometres, FTK, the Association of European Airlines (AEA) said.</p>
<p>The FTK measurement is derived by multiplying the weight of cargo carried by the distance flown.</p>
<p>Commenting on the figures the AEA said: &quot;In August, the Far East/Australasia sector consolidated its lead over the North Atlantic sector as European airlines' premier cargo market in terms of tonnes-kilometres generated.&quot;</p>
<p>722.3 million FTK  was transported on Europe-Far East/Australasia routes, an increase of 9.5 percent on August 1995.</p>
<p>663.3 million FTK were flown on Europe-North America air cargo routes, up 3.5 percent on 1995 levels, AEA added.</p>
<p>Airfreight transported by AEA member airlines, by geographical region, in August 1996, with percentage change on August 1995, was as follows:</p>
<p> Traffic area		     August 1996 (in million FTK)</p>
<p> Geographical Europe	     67.3	    up  1.7 pct</p>
<p> Europe/North Africa M/East    83.4	    up 20.1</p>
<p> North Atlantic		   663.3	    up  3.5</p>
<p> Far East/Australasia	   722.3	    up  9.5</p>
<p> Sub-Saharan Africa	     148.2	    up  3.8</p>
<p> South Atlantic		    97.1	    up  8.8</p>
<p> Mid-Atlantic			89.7	    up 12.0</p>
<p> Total longhaul		    1 72 billion  up  6.6</p>
<p> Total International	     1.87 billion  up  7.0</p>
<p>- Air Cargo Newsroom Tel+44 171 542 7706 Fax+44 171 542 5017</p>
</text>
<copyright>(c) Reuters Limited 1996</copyright>
<metadata>
<codes class="bip:countries:1.0">
  <code code="BELG">
    <editdetail attribution="Reuters BIP Coding Group" action="confirmed" date="1996-10-04"/>
  </code>
  <code code="WORLD">
    <editdetail attribution="Reuters BIP Coding Group" action="confirmed" date="1996-10-04"/>
  </code>
</codes>
<codes class="bip:industries:1.0">
  <code code="I75000">
    <editdetail attribution="Reuters BIP Coding Group" action="confirmed" date="1996-10-04"/>
  </code>
  <code code="I77002">
    <editdetail attribution="Reuters BIP Coding Group" action="confirmed" date="1996-10-04"/>
  </code>
</codes>
<codes class="bip:topics:1.0">
  <code code="C31">
    <editdetail attribution="Reuters BIP Coding Group" action="confirmed" date="1996-10-04"/>
  </code>
  <code code="CCAT">
    <editdetail attribution="Reuters BIP Coding Group" action="confirmed" date="1996-10-04"/>
  </code>
</codes>
<dc element="dc.date.created" value="1996-10-04"/>
<dc element="dc.publisher" value="Reuters Holdings Plc"/>
<dc element="dc.date.published" value="1996-10-04"/>
<dc element="dc.source" value="Reuters"/>
<dc element="dc.creator.location" value="BRUSSELS"/>
<dc element="dc.creator.location.country.name" value="BELGIUM"/>
<dc element="dc.source" value="Reuters"/>
</metadata>
</newsitem>
