<?xml version="1.0" encoding="iso-8859-1" ?>
<newsitem itemid="474076" id="root" date="1997-03-28" xml:lang="en">
<title>LITHUANIA: LITHUANIA - SAVINGS BANK TO PAY 2.8 MLN LITAS DIVIDENDS.</title>
<headline>LITHUANIA - SAVINGS BANK TO PAY 2.8 MLN LITAS DIVIDENDS.</headline>
<dateline>VILNIUS 1997-03-28</dateline>
<text>
<p>Lithuania's huge state-run Savings Bank said on Friday that its general shareholders' meeting on Thursday decided to pay 2.8 million litas in dividends.  </p>
<p>The bank on Tuesday announced that its 1996 net profit had soared to 30 million litas versus a loss of 39 million litas the previous year.</p>
<p>&quot;The shareholders decided to use most of the 1996 profit to cover the losses of the previous year,&quot; Arunas Marcinkevicius, the bank's spokesman, told Reuters.</p>
<p>&quot;One share with a face value of 100 litas will be paid seven litas in dividends,&quot; he added.</p>
<p>The shareholders also forecast a 1997 net profit of seven million litas.</p>
<p>The bank, the second largest in the country in terms of assets, has not been included in the government's privatisation programme though the cabinet has not ruled out the possibility of eventually selling it off.</p>
<p>The Lithuanian parliament on Thursday approved a law paving the way for the privatisation of the country's other two big state banks, the Agricultural Bank and the State Commercial Bank.</p>
<p>--Andrius Vilkancas, Vilnius newsroom +370 2 22 35 17</p>
</text>
<copyright>(c) Reuters Limited 1997</copyright>
<metadata>
<codes class="bip:countries:1.0">
  <code code="LITH">
    <editdetail attribution="Reuters BIP Coding Group" action="confirmed" date="1997-03-28"/>
  </code>
</codes>
<codes class="bip:industries:1.0">
  <code code="I81402">
    <editdetail attribution="Reuters BIP Coding Group" action="confirmed" date="1997-03-28"/>
  </code>
</codes>
<codes class="bip:topics:1.0">
  <code code="C11">
    <editdetail attribution="Reuters BIP Coding Group" action="confirmed" date="1997-03-28"/>
  </code>
  <code code="C15">
    <editdetail attribution="Reuters BIP Coding Group" action="confirmed" date="1997-03-28"/>
  </code>
  <code code="C151">
    <editdetail attribution="Reuters BIP Coding Group" action="confirmed" date="1997-03-28"/>
  </code>
  <code code="CCAT">
    <editdetail attribution="Reuters BIP Coding Group" action="confirmed" date="1997-03-28"/>
  </code>
</codes>
<dc element="dc.date.created" value="1997-03-28"/>
<dc element="dc.publisher" value="Reuters Holdings Plc"/>
<dc element="dc.date.published" value="1997-03-28"/>
<dc element="dc.source" value="Reuters"/>
<dc element="dc.creator.location" value="VILNIUS"/>
<dc element="dc.creator.location.country.name" value="LITHUANIA"/>
<dc element="dc.source" value="Reuters"/>
</metadata>
</newsitem>
