<?xml version="1.0" encoding="iso-8859-1" ?>
<newsitem itemid="404506" id="root" date="1997-02-26" xml:lang="en">
<title>USA: Aliant hopes to serve Omaha by end of Q2.</title>
<headline>Aliant hopes to serve Omaha by end of Q2.</headline>
<dateline>LINCOLN, Neb. 1997-02-26</dateline>
<text>
<p>Aliant Communications Inc said Wednesday it completed testimony supporting an application to provide cellular and Internet access in the 22-county southeast Nebraska local service market and hopes to begin serving Omaha by the end of the second quarter.</p>
<p>The company said it filed an application with the Nebraska Public Service Commission.</p>
<p>It said the next steps are negotiation of interconnection agreements and Nebraska Public Service Commission tariff approval.</p>
<p>	     ((Chicago newsdesk 312 408-8787))</p>
</text>
<copyright>(c) Reuters Limited 1997</copyright>
<metadata>
<codes class="bip:countries:1.0">
  <code code="USA">
    <editdetail attribution="Reuters BIP Coding Group" action="confirmed" date="1997-02-26"/>
  </code>
</codes>
<codes class="bip:industries:1.0">
  <code code="I79020">
    <editdetail attribution="Reuters BIP Coding Group" action="confirmed" date="1997-02-26"/>
  </code>
</codes>
<codes class="bip:topics:1.0">
  <code code="C13">
    <editdetail attribution="Reuters BIP Coding Group" action="confirmed" date="1997-02-26"/>
  </code>
  <code code="C21">
    <editdetail attribution="Reuters BIP Coding Group" action="confirmed" date="1997-02-26"/>
  </code>
  <code code="C31">
    <editdetail attribution="Reuters BIP Coding Group" action="confirmed" date="1997-02-26"/>
  </code>
  <code code="CCAT">
    <editdetail attribution="Reuters BIP Coding Group" action="confirmed" date="1997-02-26"/>
  </code>
</codes>
<dc element="dc.date.created" value="1997-02-26"/>
<dc element="dc.publisher" value="Reuters Holdings Plc"/>
<dc element="dc.date.published" value="1997-02-26"/>
<dc element="dc.source" value="Reuters"/>
<dc element="dc.creator.location" value="LINCOLN, Neb."/>
<dc element="dc.creator.location.country.name" value="USA"/>
<dc element="dc.source" value="Reuters"/>
</metadata>
</newsitem>
