<?xml version="1.0" encoding="iso-8859-1" ?>
<newsitem itemid="298569" id="root" date="1997-01-10" xml:lang="en">
<title>AUSTRALIA: TENNIS-COLONIAL CLASSIC RESULTS.</title>
<headline>TENNIS-COLONIAL CLASSIC RESULTS.</headline>
<dateline>MELBOURNE 1997-01-10</dateline>
<text>
<p>Results in the Colonial Classic</p>
<p>exhibition tennis event at Kooyong on Friday:</p>
<p>Semifinal</p>
<p>Pete Sampras (U.S.) beat Yevgeny Kafelnikov (Russia), walkover</p>
<p>Losers' playoff</p>
<p>Andrei Medvedev (Ukraine) beat Michael Stich (Germany) 7-5 6-3</p>
<p>Sampras will play American Michael Chang in the final on</p>
<p>Saturday.</p>
</text>
<copyright>(c) Reuters Limited 1997</copyright>
<metadata>
<codes class="bip:countries:1.0">
  <code code="AUSTR">
    <editdetail attribution="Reuters BIP Coding Group" action="confirmed" date="1997-01-10"/>
  </code>
</codes>
<codes class="bip:topics:1.0">
  <code code="GCAT">
    <editdetail attribution="Reuters BIP Coding Group" action="confirmed" date="1997-01-10"/>
  </code>
  <code code="GSPO">
    <editdetail attribution="Reuters BIP Coding Group" action="confirmed" date="1997-01-10"/>
  </code>
</codes>
<dc element="dc.date.created" value="1997-01-10"/>
<dc element="dc.publisher" value="Reuters Holdings Plc"/>
<dc element="dc.date.published" value="1997-01-10"/>
<dc element="dc.source" value="Reuters"/>
<dc element="dc.creator.location" value="MELBOURNE"/>
<dc element="dc.creator.location.country.name" value="AUSTRALIA"/>
<dc element="dc.source" value="Reuters"/>
</metadata>
</newsitem>
