<?xml version="1.0" encoding="iso-8859-1" ?>
<newsitem itemid="93052" id="root" date="1996-10-03" xml:lang="en">
<title>USA: Roberts Pharmaceutical sells two products.</title>
<headline>Roberts Pharmaceutical sells two products.</headline>
<dateline>EATONTOWN, N.J. 1996-10-03</dateline>
<text>
<p>Roberts Pharmaceutical Corp said on Thursday Monarch Pharmaceuticals, a unit of Tennessee-based King Pharmaceuticals, bought two of its respiratory care product lines for an undisclosed sum.</p>
<p>The company said in a statement Monarch acquired Nucofed, for cough and congestion relief, and Quibron, used to relieve asthma and bronchospasm symptoms.  </p>
<p>Nucofed and Quibron lines each consisted of four separate dosage forms.</p>
<p>Robert Vukovich, president and chief executive officer said: &quot;The sale of these two product lines is in keeping with Roberts plans to divest certain brands in order to concentrate on the commercialization of our pipeline.&quot;</p>
<p>He said ProAmatine, a cardiovascular agent, was recently cleared for U.S. marketing, and is now being labeled and packaged for shipment. Agrelin, its drug for excessive blood platelet levels, was also making progress towards its approval, Vukovich said.</p>
<p>-- New York newsdesk 212-859-1610</p>
</text>
<copyright>(c) Reuters Limited 1996</copyright>
<metadata>
<codes class="bip:countries:1.0">
  <code code="USA">
    <editdetail attribution="Reuters BIP Coding Group" action="confirmed" date="1996-10-03"/>
  </code>
</codes>
<codes class="bip:industries:1.0">
  <code code="I25700">
    <editdetail attribution="Reuters BIP Coding Group" action="confirmed" date="1996-10-03"/>
  </code>
</codes>
<codes class="bip:topics:1.0">
  <code code="C18">
    <editdetail attribution="Reuters BIP Coding Group" action="confirmed" date="1996-10-03"/>
  </code>
  <code code="C182">
    <editdetail attribution="Reuters BIP Coding Group" action="confirmed" date="1996-10-03"/>
  </code>
  <code code="CCAT">
    <editdetail attribution="Reuters BIP Coding Group" action="confirmed" date="1996-10-03"/>
  </code>
</codes>
<dc element="dc.date.created" value="1996-10-03"/>
<dc element="dc.publisher" value="Reuters Holdings Plc"/>
<dc element="dc.date.published" value="1996-10-03"/>
<dc element="dc.source" value="Reuters"/>
<dc element="dc.creator.location" value="EATONTOWN, N.J."/>
<dc element="dc.creator.location.country.name" value="USA"/>
<dc element="dc.source" value="Reuters"/>
</metadata>
</newsitem>
