<?xml version="1.0" encoding="iso-8859-1" ?>
<newsitem itemid="114934" id="root" date="1996-10-14" xml:lang="en">
<title>UK: KfW unit sets 200 billion lire six-year bond.</title>
<headline>KfW unit sets 200 billion lire six-year bond.</headline>
<dateline>LONDON 1996-10-14</dateline>
<text>
<p>The following bond was announced by joint lead managers Credito Italiano and Paribas.</p>
<p> BORROWER   KFW INTERNATIONAL FINANCE INC</p>
<p>GUARANTOR  KREDITANSTANLT FUER WIEDERAUFBAU</p>
<p> AMT    200 BLN LIRE  COUPON     7.625     MATURITY    15.NOV.02</p>
<p> TYPE	 STRAIGHT  ISS PRICE  101.725   PAY DATE    15.NOV.96</p>
<p> FULL FEES  1.875     REOFFER    =	   SPREAD	=</p>
<p> MOODY	AAA	 LISTING    LUX	 PAY FREQ    =</p>
<p> S&amp;P	  AAA	 DENOMS (M) 5-50	SALE LIMITS US/UK/GE</p>
<p> NEG PLG    NO	  CRS DEFLT  YES	 FORCE MAJ   IPMA 2</p>
<p> GOV LAW    NEW YORK  HOME CTRY  GERMANY   TAX PROVS   STANDARD</p>
<p> MGT/UND    0.275     SELL CONC  1.60	PRAECIPUUM  =</p>
<p> NOTES	ISSUED OFF EMTN PROGRAMME</p>
<p>-- London Newsroom +44 171 542 7658</p>
</text>
<copyright>(c) Reuters Limited 1996</copyright>
<metadata>
<codes class="bip:countries:1.0">
  <code code="GFR">
    <editdetail attribution="Reuters BIP Coding Group" action="confirmed" date="1996-10-14"/>
  </code>
  <code code="UK">
    <editdetail attribution="Reuters BIP Coding Group" action="confirmed" date="1996-10-14"/>
  </code>
</codes>
<codes class="bip:industries:1.0">
  <code code="I81501">
    <editdetail attribution="Reuters BIP Coding Group" action="confirmed" date="1996-10-14"/>
  </code>
  <code code="I8150106">
    <editdetail attribution="Reuters BIP Coding Group" action="confirmed" date="1996-10-14"/>
  </code>
</codes>
<codes class="bip:topics:1.0">
  <code code="C17">
    <editdetail attribution="Reuters BIP Coding Group" action="confirmed" date="1996-10-14"/>
  </code>
  <code code="C172">
    <editdetail attribution="Reuters BIP Coding Group" action="confirmed" date="1996-10-14"/>
  </code>
  <code code="CCAT">
    <editdetail attribution="Reuters BIP Coding Group" action="confirmed" date="1996-10-14"/>
  </code>
</codes>
<dc element="dc.date.created" value="1996-10-14"/>
<dc element="dc.publisher" value="Reuters Holdings Plc"/>
<dc element="dc.date.published" value="1996-10-14"/>
<dc element="dc.source" value="Reuters"/>
<dc element="dc.creator.location" value="LONDON"/>
<dc element="dc.creator.location.country.name" value="UK"/>
<dc element="dc.source" value="Reuters"/>
</metadata>
</newsitem>
