<?xml version="1.0" encoding="iso-8859-1" ?>
<newsitem itemid="639000" id="root" date="1997-06-05" xml:lang="en">
<title>USA: Golf Trust gets $100 mln loan commitment.</title>
<headline>Golf Trust gets $100 mln loan commitment.</headline>
<dateline>CHARLESTON, S.C. 1997-06-05</dateline>
<text>
<p>Golf Trust of America Inc said Thusday that its operating partnership has obtained a commitment for a two-year, $100 million secured revolving bank credit facility, which it will use to pursue additional golf courses and for working capital.</p>
<p>Borrowings under the facility will carry a floating interest rate of LIBOR plus 1.75 to 2.00 percentage points, with provisions for the rate to be reduced upon the attainment of a senior debt rating, said the company.</p>
<p>NationsBank Corp will serve as the administrative agent of the facility, said the company, which includes three banks.</p>
</text>
<copyright>(c) Reuters Limited 1997</copyright>
<metadata>
<codes class="bip:countries:1.0">
  <code code="USA">
    <editdetail attribution="Reuters BIP Coding Group" action="confirmed" date="1997-06-05"/>
  </code>
</codes>
<codes class="bip:industries:1.0">
  <code code="I81502">
    <editdetail attribution="Reuters BIP Coding Group" action="confirmed" date="1997-06-05"/>
  </code>
  <code code="I8150206">
    <editdetail attribution="Reuters BIP Coding Group" action="confirmed" date="1997-06-05"/>
  </code>
</codes>
<codes class="bip:topics:1.0">
  <code code="C17">
    <editdetail attribution="Reuters BIP Coding Group" action="confirmed" date="1997-06-05"/>
  </code>
  <code code="C173">
    <editdetail attribution="Reuters BIP Coding Group" action="confirmed" date="1997-06-05"/>
  </code>
  <code code="CCAT">
    <editdetail attribution="Reuters BIP Coding Group" action="confirmed" date="1997-06-05"/>
  </code>
</codes>
<dc element="dc.date.created" value="1997-06-05"/>
<dc element="dc.publisher" value="Reuters Holdings Plc"/>
<dc element="dc.date.published" value="1997-06-05"/>
<dc element="dc.source" value="Reuters"/>
<dc element="dc.creator.location" value="CHARLESTON, S.C."/>
<dc element="dc.creator.location.country.name" value="USA"/>
<dc element="dc.source" value="Reuters"/>
</metadata>
</newsitem>
