<?xml version="1.0" encoding="iso-8859-1" ?>
<newsitem itemid="384636" id="root" date="1997-02-18" xml:lang="en">
<title>AUSTRALIA: RTRS-NAB stake in St George falls.</title>
<headline>RTRS-NAB stake in St George falls.</headline>
<dateline>MELBOURNE 1996-02-19</dateline>
<text>
<p>National Australia Bank Ltd (NAB) said its stake in St George Bank Ltd had fallen to 5.54 percent from 7.79 percent.</p>
<p>The fall follows the issue of new shares by St George following its scrip and cash takeover of fellow regional bank Advance Bank Australia Ltd.</p>
<p>NAB remains the largest shareholder in St George, with analysts still predicting that Australia's largest and most profitable bank could bid for the Sydney-based regional once the Wallis inquiry hands down its report into the financial system at the end of March. -- Sydney newsroom 61-2 9373-1800</p>
</text>
<copyright>(c) Reuters Limited 1997</copyright>
<metadata>
<codes class="bip:countries:1.0">
  <code code="AUSTR">
    <editdetail attribution="Reuters BIP Coding Group" action="confirmed" date="1997-02-18"/>
  </code>
</codes>
<codes class="bip:industries:1.0">
  <code code="I81402">
    <editdetail attribution="Reuters BIP Coding Group" action="confirmed" date="1997-02-18"/>
  </code>
</codes>
<codes class="bip:topics:1.0">
  <code code="C18">
    <editdetail attribution="Reuters BIP Coding Group" action="confirmed" date="1997-02-18"/>
  </code>
  <code code="C181">
    <editdetail attribution="Reuters BIP Coding Group" action="confirmed" date="1997-02-18"/>
  </code>
  <code code="CCAT">
    <editdetail attribution="Reuters BIP Coding Group" action="confirmed" date="1997-02-18"/>
  </code>
</codes>
<dc element="dc.date.created" value="1996-02-19"/>
<dc element="dc.publisher" value="Reuters Holdings Plc"/>
<dc element="dc.date.published" value="1997-02-18"/>
<dc element="dc.source" value="Reuters"/>
<dc element="dc.creator.location" value="MELBOURNE"/>
<dc element="dc.creator.location.country.name" value="AUSTRALIA"/>
<dc element="dc.source" value="Reuters"/>
</metadata>
</newsitem>
