<?xml version="1.0" encoding="iso-8859-1" ?>
<newsitem itemid="196098" id="root" date="1996-11-18" xml:lang="en">
<title>HUNGARY: MSCI says mulls central European futures products.</title>
<headline>MSCI says mulls central European futures products.</headline>
<dateline>BUDAPEST 1996-11-18</dateline>
<text>
<p>Morgan Stanley Capital International (MSCI) said on Monday it would launch futures products on its central European stock indices once it has moved them to real time from the current daily calculations.</p>
<p>&quot;It is something which we are definitely looking at,&quot; Morgan Stanley Co International Ltd's vice president Jane A Staunton told Reuters, adding that she could not yet say when MSCI would implement such products.</p>
<p>Central Europe's developing share markets are all currently moving towards real time stock index calculations, with Prague, Warsaw and Budapest taking the lead.</p>
<p>MSCI began calculating its index for Polish shares in 1995, and added Hungary and the Czech Republic in September this year in response to customer demand, Staunton said.</p>
<p>She added that MSCI would launch its Russia index on December 1.</p>
<p>The MSCI indices are used by fund managers to allocate assets and to track performance.</p>
<p>-- Sandor Peto, Budapest newsroom (36 1) 327 4040</p>
</text>
<copyright>(c) Reuters Limited 1996</copyright>
<metadata>
<codes class="bip:countries:1.0">
  <code code="HUNG">
    <editdetail attribution="Reuters BIP Coding Group" action="confirmed" date="1996-11-18"/>
  </code>
</codes>
<codes class="bip:industries:1.0">
  <code code="I81402">
    <editdetail attribution="Reuters BIP Coding Group" action="confirmed" date="1996-11-18"/>
  </code>
  <code code="I83100">
    <editdetail attribution="Reuters BIP Coding Group" action="confirmed" date="1996-11-18"/>
  </code>
</codes>
<codes class="bip:topics:1.0">
  <code code="C22">
    <editdetail attribution="Reuters BIP Coding Group" action="confirmed" date="1996-11-18"/>
  </code>
  <code code="CCAT">
    <editdetail attribution="Reuters BIP Coding Group" action="confirmed" date="1996-11-18"/>
  </code>
  <code code="M11">
    <editdetail attribution="Reuters BIP Coding Group" action="confirmed" date="1996-11-18"/>
  </code>
  <code code="MCAT">
    <editdetail attribution="Reuters BIP Coding Group" action="confirmed" date="1996-11-18"/>
  </code>
</codes>
<dc element="dc.date.created" value="1996-11-18"/>
<dc element="dc.publisher" value="Reuters Holdings Plc"/>
<dc element="dc.date.published" value="1996-11-18"/>
<dc element="dc.source" value="Reuters"/>
<dc element="dc.creator.location" value="BUDAPEST"/>
<dc element="dc.creator.location.country.name" value="HUNGARY"/>
<dc element="dc.source" value="Reuters"/>
</metadata>
</newsitem>
