<?xml version="1.0" encoding="iso-8859-1" ?>
<newsitem itemid="703653" id="root" date="1997-07-02" xml:lang="en">
<title>JAPAN: BOJ says baht move increases scope for cooperation.</title>
<headline>BOJ says baht move increases scope for cooperation.</headline>
<dateline>TOKYO 1997-07-02</dateline>
<text>
<p>The flotation of the Thai baht increases the scope for cooperation among central banks, a senior official of the Bank of Japan (BOJ) told Reuters Financial Television on Wednesday.</p>
<p>The official added that while the BOJ was informed of Thailand's surprise decision to shift from a pegged currency to a &quot;managed float&quot;, Thai authorities did not ask for assistance.  </p>
<p>&quot;I am sure the Thai authorities had a very difficult time deciding to change their system, but in this global market it is almost impossible to try to protect a certain exchange rate against all odds. In that sense the decision was inevitable,&quot; the official said.</p>
<p>&quot;I think the decision was extremely good for its timing, and the fact it will allow flexible responses based on market conditions,&quot; he added.</p>
<p>The official dismissed Wednesday's speculative buying of the yen as a safe-haven currency.</p>
<p>&quot;The move was not great, it was really just an excuse to buy the yen,&quot; he said.</p>
<p>But the de facto baht devaluation will make it more difficult for Thailand to repay its external debts, of which yen-denominated loans total 12.935 trillion yen.</p>
<p>The BOJ official said that because of this, Japan will continue to consider offering soft loans to Thailand.</p>
</text>
<copyright>(c) Reuters Limited 1997</copyright>
<metadata>
<codes class="bip:countries:1.0">
  <code code="JAP">
    <editdetail attribution="Reuters BIP Coding Group" action="confirmed" date="1997-07-02"/>
  </code>
  <code code="THAIL">
    <editdetail attribution="Reuters BIP Coding Group" action="confirmed" date="1997-07-02"/>
  </code>
</codes>
<codes class="bip:topics:1.0">
  <code code="E12">
    <editdetail attribution="Reuters BIP Coding Group" action="confirmed" date="1997-07-02"/>
  </code>
  <code code="E51">
    <editdetail attribution="Reuters BIP Coding Group" action="confirmed" date="1997-07-02"/>
  </code>
  <code code="ECAT">
    <editdetail attribution="Reuters BIP Coding Group" action="confirmed" date="1997-07-02"/>
  </code>
  <code code="M13">
    <editdetail attribution="Reuters BIP Coding Group" action="confirmed" date="1997-07-02"/>
  </code>
  <code code="M132">
    <editdetail attribution="Reuters BIP Coding Group" action="confirmed" date="1997-07-02"/>
  </code>
  <code code="MCAT">
    <editdetail attribution="Reuters BIP Coding Group" action="confirmed" date="1997-07-02"/>
  </code>
</codes>
<dc element="dc.date.created" value="1997-07-02"/>
<dc element="dc.publisher" value="Reuters Holdings Plc"/>
<dc element="dc.date.published" value="1997-07-02"/>
<dc element="dc.source" value="Reuters"/>
<dc element="dc.creator.location" value="TOKYO"/>
<dc element="dc.creator.location.country.name" value="JAPAN"/>
<dc element="dc.source" value="Reuters"/>
</metadata>
</newsitem>
