<?xml version="1.0" encoding="iso-8859-1" ?>
<newsitem itemid="42436" id="root" date="1996-09-09" xml:lang="en">
<title>EGYPT: Egypt's Shams Housing net profits soar.</title>
<headline>Egypt's Shams Housing net profits soar.</headline>
<dateline>CAIRO 1996-09-09</dateline>
<text>
<p>Egypt's Shams Housing and Development raised net profits for financial 1995/96 by 60 percent to 13.39 million pounds ($3.82 million) from 8.07 million a year earlier, sources close to the firm said on Monday.</p>
<p>The majority state-owned firm's net sales, however, fell by around 25 percent to 25.35 million pounds for the fiscal year which ended on June 30 from 33.79 million in 1994/95.</p>
<p>The official National for Construction and Development earlier said it would sell to one or more strategic investors 74 percent of its stake in Shams Housing, ending state control of the firm.</p>
<p>The parent company said the deadline for receiving bids to buy 6.2 million shares is 1 p.m. local time (1000 GMT) on September 14.</p>
<p>It holds 8.4 million shares of the firm's total 14 million shares. Other shareholders include state-owned Misr Insurance (25.27 percent), other institutions (8.22 percent) and individuals (6.63 percent).</p>
<p>Shams Housing and Development said it was doubling its dividend to 0.80 pounds a share for 1995/1996.</p>
<p>Here are details of the firm's results and balance sheet for 1995/96 and for 1994/95. All figures are in millions of pounds.</p>
<p>				     30JUN96    30JUN95</p>
<p> NET SALES			   25.35	33.79</p>
<p> AFTER-TAX PROFITS		 13.39	 8.07</p>
<p>LONG-TERM ASSETS:</p>
<p>    fixed assets		   6.066	4.838</p>
<p> ROTATING ASSETS		 176.512    146.583</p>
<p>    inventory		     42.222     39.604</p>
<p> ROTATING LIABILITIES	  111.336     81.606</p>
<p> WORKING CAPITAL		  65.176     64.977</p>
<p> LONG-TERM LOANS		  32.800     32.700</p>
<p> TOTAL SHAREHOLDERS EQUITY    32.017     31.280</p>
<p>including:</p>
<p>    paid capital		  14.000     14.000</p>
<p>    retained profits	     0.044	0.044</p>
<p>$1 = 3.40 pounds</p>
<p>-- Esmat Salahuddin, Cairo newsroom +2 02 578 3290/1</p>
</text>
<copyright>(c) Reuters Limited 1996</copyright>
<metadata>
<codes class="bip:countries:1.0">
  <code code="EGYPT">
    <editdetail attribution="Reuters BIP Coding Group" action="confirmed" date="1996-09-09"/>
  </code>
</codes>
<codes class="bip:industries:1.0">
  <code code="I50100">
    <editdetail attribution="Reuters BIP Coding Group" action="confirmed" date="1996-09-09"/>
  </code>
  <code code="I5010022">
    <editdetail attribution="Reuters BIP Coding Group" action="confirmed" date="1996-09-09"/>
  </code>
</codes>
<codes class="bip:topics:1.0">
  <code code="C15">
    <editdetail attribution="Reuters BIP Coding Group" action="confirmed" date="1996-09-09"/>
  </code>
  <code code="C151">
    <editdetail attribution="Reuters BIP Coding Group" action="confirmed" date="1996-09-09"/>
  </code>
  <code code="C1511">
    <editdetail attribution="Reuters BIP Coding Group" action="confirmed" date="1996-09-09"/>
  </code>
  <code code="CCAT">
    <editdetail attribution="Reuters BIP Coding Group" action="confirmed" date="1996-09-09"/>
  </code>
</codes>
<dc element="dc.date.created" value="1996-09-09"/>
<dc element="dc.publisher" value="Reuters Holdings Plc"/>
<dc element="dc.date.published" value="1996-09-09"/>
<dc element="dc.source" value="Reuters"/>
<dc element="dc.creator.location" value="CAIRO"/>
<dc element="dc.creator.location.country.name" value="EGYPT"/>
<dc element="dc.source" value="Reuters"/>
</metadata>
</newsitem>
