<?xml version="1.0" encoding="iso-8859-1" ?>
<newsitem itemid="459361" id="root" date="1997-03-21" xml:lang="en">
<title>USA: NY certificated cocoa stocks - March 21.</title>
<headline>NY certificated cocoa stocks - March 21.</headline>
<text>
<p>Bags in warehouse New York 1,023,253</p>
<p>Year ago 632,683</p>
<p>Bags in warehouse Delaware 1,558,703</p>
<p>Year ago 1,267,250</p>
<p>Port of Hampton Roads 1,217,743</p>
<p>Year ago 1,457,993</p>
<p>Source: NY Coffee Sugar and Cocoa Exchange</p>
</text>
<copyright>(c) Reuters Limited 1997</copyright>
<metadata>
<codes class="bip:countries:1.0">
  <code code="USA">
    <editdetail attribution="Reuters BIP Coding Group" action="confirmed" date="1997-03-21"/>
  </code>
</codes>
<codes class="bip:topics:1.0">
  <code code="M14">
    <editdetail attribution="Reuters BIP Coding Group" action="confirmed" date="1997-03-21"/>
  </code>
  <code code="M141">
    <editdetail attribution="Reuters BIP Coding Group" action="confirmed" date="1997-03-21"/>
  </code>
  <code code="MCAT">
    <editdetail attribution="Reuters BIP Coding Group" action="confirmed" date="1997-03-21"/>
  </code>
</codes>
<dc element="dc.publisher" value="Reuters Holdings Plc"/>
<dc element="dc.date.published" value="1997-03-21"/>
<dc element="dc.source" value="Reuters"/>
<dc element="dc.creator.location.country.name" value="USA"/>
<dc element="dc.source" value="Reuters"/>
</metadata>
</newsitem>
