<?xml version="1.0" encoding="iso-8859-1" ?>
<newsitem itemid="277797" id="root" date="1996-12-27" xml:lang="en">
<title>MEXICO: Mexico ups monthly dlr put option auction amount.</title>
<headline>Mexico ups monthly dlr put option auction amount.</headline>
<dateline>MEXICO CITY 1996-12-27</dateline>
<text>
<p>Mexico has increased the amount of its monthly dollar put option auction to $300 million per month from $200 million, the central bank said Friday.</p>
<p>In a statement, the Exchange Commission, made up of officials from the Finance Ministry and Banco de Mexico, said the increase was due to favorable results from the mechanism which aims to build up foreign reserves and a &quot;favorable panorama with respect to the balance of payments.&quot;</p>
</text>
<copyright>(c) Reuters Limited 1996</copyright>
<metadata>
<codes class="bip:countries:1.0">
  <code code="MEX">
    <editdetail attribution="Reuters BIP Coding Group" action="confirmed" date="1996-12-27"/>
  </code>
</codes>
<codes class="bip:topics:1.0">
  <code code="M13">
    <editdetail attribution="Reuters BIP Coding Group" action="confirmed" date="1996-12-27"/>
  </code>
  <code code="M131">
    <editdetail attribution="Reuters BIP Coding Group" action="confirmed" date="1996-12-27"/>
  </code>
  <code code="MCAT">
    <editdetail attribution="Reuters BIP Coding Group" action="confirmed" date="1996-12-27"/>
  </code>
</codes>
<dc element="dc.date.created" value="1996-12-27"/>
<dc element="dc.publisher" value="Reuters Holdings Plc"/>
<dc element="dc.date.published" value="1996-12-27"/>
<dc element="dc.source" value="Reuters"/>
<dc element="dc.creator.location" value="MEXICO CITY"/>
<dc element="dc.creator.location.country.name" value="MEXICO"/>
<dc element="dc.source" value="Reuters"/>
</metadata>
</newsitem>
