<?xml version="1.0" encoding="iso-8859-1" ?>
<newsitem itemid="793994" id="root" date="1997-08-12" xml:lang="en">
<title>USA: OMAHA HOG MARKET CLOSE - USDA.</title>
<headline>OMAHA HOG MARKET CLOSE - USDA.</headline>
<text>
<p>August 12 - BARROWS AND GILTS</p>
<p>  OMAHA		 TODAY	   PREVIOUS</p>
<p>US 1-2</p>
<p>   230-250 LBS     55.75	   56.00</p>
<p>US 1-3</p>
<p>   230-250 LBS     55.75	55.50-56.00</p>
<p>   250-270 LBS  54.50-55.75   55.00-55.75</p>
</text>
<copyright>(c) Reuters Limited 1997</copyright>
<metadata>
<codes class="bip:countries:1.0">
  <code code="USA">
    <editdetail attribution="Reuters BIP Coding Group" action="confirmed" date="1997-08-12"/>
  </code>
</codes>
<codes class="bip:topics:1.0">
  <code code="M14">
    <editdetail attribution="Reuters BIP Coding Group" action="confirmed" date="1997-08-12"/>
  </code>
  <code code="M141">
    <editdetail attribution="Reuters BIP Coding Group" action="confirmed" date="1997-08-12"/>
  </code>
  <code code="MCAT">
    <editdetail attribution="Reuters BIP Coding Group" action="confirmed" date="1997-08-12"/>
  </code>
</codes>
<dc element="dc.publisher" value="Reuters Holdings Plc"/>
<dc element="dc.date.published" value="1997-08-12"/>
<dc element="dc.source" value="Reuters"/>
<dc element="dc.creator.location.country.name" value="USA"/>
<dc element="dc.source" value="Reuters"/>
</metadata>
</newsitem>
