<?xml version="1.0" encoding="iso-8859-1" ?>
<newsitem itemid="716167" id="root" date="1997-07-09" xml:lang="en">
<title>VENEZUELA: Venezuela arrests German for cocaine smuggling.</title>
<headline>Venezuela arrests German for cocaine smuggling.</headline>
<dateline>CARACAS 1997-07-09</dateline>
<text>
<p>Venezuelan authorities on the Caribbean island Margarita arrested a middle-aged German man on suspicion of attempting to smuggle 13.5 pounds (6 kg) of cocaine to Europe, El Nacional paper reported.</p>
<p>The man, named as Erwin Boing, 47, was carrying the drugs in his luggage and was stopped by security agents as he prepared to board a flight to Amsterdam on Tuesday.</p>
<p>Authorities on Margarita island, a popular tourist destination just of Venezuela's northeast coast, frequently catch foreigners attempting to smuggle small amounts of cocaine to Europe and North America.</p>
</text>
<copyright>(c) Reuters Limited 1997</copyright>
<metadata>
<codes class="bip:countries:1.0">
  <code code="GFR">
    <editdetail attribution="Reuters BIP Coding Group" action="confirmed" date="1997-07-09"/>
  </code>
  <code code="VEN">
    <editdetail attribution="Reuters BIP Coding Group" action="confirmed" date="1997-07-09"/>
  </code>
</codes>
<codes class="bip:topics:1.0">
  <code code="GCAT">
    <editdetail attribution="Reuters BIP Coding Group" action="confirmed" date="1997-07-09"/>
  </code>
  <code code="GCRIM">
    <editdetail attribution="Reuters BIP Coding Group" action="confirmed" date="1997-07-09"/>
  </code>
</codes>
<dc element="dc.date.created" value="1997-07-09"/>
<dc element="dc.publisher" value="Reuters Holdings Plc"/>
<dc element="dc.date.published" value="1997-07-09"/>
<dc element="dc.source" value="Reuters"/>
<dc element="dc.creator.location" value="CARACAS"/>
<dc element="dc.creator.location.country.name" value="VENEZUELA"/>
<dc element="dc.source" value="Reuters"/>
</metadata>
</newsitem>
