<?xml version="1.0" encoding="iso-8859-1" ?>
<newsitem itemid="626954" id="root" date="1997-05-30" xml:lang="en">
<title>USA: McDermott International Q4 earnings summary.</title>
<headline>McDermott International Q4 earnings summary.</headline>
<dateline>NEW ORLEANS 1997-05-30</dateline>
<text>
<p>1997			1996</p>
<p> Shr loss		   $3.64     loss	 $0.11</p>
<p> Net loss		 197,784     loss	 3,867</p>
<p> Revs		     732,420		  854,550</p>
<p> Avg shrs		  54,857		   54,387</p>
<p>	     Year</p>
<p> Shr loss		   $3.83   profit	 $0.23</p>
<p> Net loss		 201,419   profit	20,625</p>
<p> Revs		   3,150,850		3,244,318</p>
<p> Avg shrs		  54,706		   54,372</p>
<p>(All data above 000s except per share numbers)</p>
<p>NOTE: Full Company name McDermott International Inc.</p>
<p>Q4 1997 includes net non-recurring after-tax charges of $2.48 a share. Charges include provision for asbestos claims and write down of certain assets.</p>
</text>
<copyright>(c) Reuters Limited 1997</copyright>
<metadata>
<codes class="bip:countries:1.0">
  <code code="USA">
    <editdetail attribution="Reuters BIP Coding Group" action="confirmed" date="1997-05-30"/>
  </code>
</codes>
<codes class="bip:industries:1.0">
  <code code="I83960">
    <editdetail attribution="Reuters BIP Coding Group" action="confirmed" date="1997-05-30"/>
  </code>
</codes>
<codes class="bip:topics:1.0">
  <code code="C15">
    <editdetail attribution="Reuters BIP Coding Group" action="confirmed" date="1997-05-30"/>
  </code>
  <code code="C151">
    <editdetail attribution="Reuters BIP Coding Group" action="confirmed" date="1997-05-30"/>
  </code>
  <code code="C1511">
    <editdetail attribution="Reuters BIP Coding Group" action="confirmed" date="1997-05-30"/>
  </code>
  <code code="CCAT">
    <editdetail attribution="Reuters BIP Coding Group" action="confirmed" date="1997-05-30"/>
  </code>
</codes>
<dc element="dc.date.created" value="1997-05-30"/>
<dc element="dc.publisher" value="Reuters Holdings Plc"/>
<dc element="dc.date.published" value="1997-05-30"/>
<dc element="dc.source" value="Reuters"/>
<dc element="dc.creator.location" value="NEW ORLEANS"/>
<dc element="dc.creator.location.country.name" value="USA"/>
<dc element="dc.source" value="Reuters"/>
</metadata>
</newsitem>
