<?xml version="1.0" encoding="iso-8859-1" ?>
<newsitem itemid="133182" id="root" date="1996-10-22" xml:lang="en">
<title>LITHUANIA: Lithuanian right faces test of currency policy.</title>
<headline>Lithuanian right faces test of currency policy.</headline>
<byline>Ed Stoddard</byline>
<dateline>VILNIUS 1996-10-22</dateline>
<text>
<p>Lithuania's right-wing began preparations for a coalition government on Tuesday after victory in a first round of elections but seemed set for possible wrangling over control of the litas currency, analysts said.</p>
<p>The right-wing Homeland Union of Vytautas Landsbergis came first in the election, displacing the former Communists of the Lithuanian Democratic Labour Party.</p>
<p>The Homeland Union has said it favours more privatisation and wants to put the large state-owned companies such as Lithuanian Airlines up for sale.</p>
<p>One of its key policies is scrapping the currency board, under which the litas is set at a rate of four to one dollar, and giving back the central bank all its powers.</p>
<p>The IMF says the currency board is vital for litas stability and it is linked to Lithuania's agreements with the Fund.</p>
<p>The IMF and western diplomats believe the system is the only one to keep inflation falling, and trust in the litas.</p>
<p>The Homeland Union insists the currency board has led to an overvalued currency, which is strangling exports.</p>
<p>But it says that ending the system does not mean the currency will be devalued, as some fear.</p>
<p>&quot;Nobody is talking about devaluation...but we feel that it is better for Lithuania to go to a system of a strong national bank,&quot; Andrius Kubilius, chairman of the Homeland Union's parliamentary faction, told Reuters.</p>
<p>Under the currency board, the central bank keeps enough hard currency in its vaults to match the money in circulation. But it cannot intervene in the market or change interest rates.</p>
<p>&quot;I would not have thought the economy was strong enough to allow a free floating currency,&quot; one diplomat told Reuters.</p>
<p>-- Vilnius Newsroom +370 2 223 517</p>
</text>
<copyright>(c) Reuters Limited 1996</copyright>
<metadata>
<codes class="bip:countries:1.0">
  <code code="LITH">
    <editdetail attribution="Reuters BIP Coding Group" action="confirmed" date="1996-10-22"/>
  </code>
</codes>
<codes class="bip:topics:1.0">
  <code code="E12">
    <editdetail attribution="Reuters BIP Coding Group" action="confirmed" date="1996-10-22"/>
  </code>
  <code code="ECAT">
    <editdetail attribution="Reuters BIP Coding Group" action="confirmed" date="1996-10-22"/>
  </code>
  <code code="GCAT">
    <editdetail attribution="Reuters BIP Coding Group" action="confirmed" date="1996-10-22"/>
  </code>
  <code code="GPOL">
    <editdetail attribution="Reuters BIP Coding Group" action="confirmed" date="1996-10-22"/>
  </code>
  <code code="GVOTE">
    <editdetail attribution="Reuters BIP Coding Group" action="confirmed" date="1996-10-22"/>
  </code>
  <code code="M13">
    <editdetail attribution="Reuters BIP Coding Group" action="confirmed" date="1996-10-22"/>
  </code>
  <code code="M132">
    <editdetail attribution="Reuters BIP Coding Group" action="confirmed" date="1996-10-22"/>
  </code>
  <code code="MCAT">
    <editdetail attribution="Reuters BIP Coding Group" action="confirmed" date="1996-10-22"/>
  </code>
</codes>
<dc element="dc.date.created" value="1996-10-22"/>
<dc element="dc.publisher" value="Reuters Holdings Plc"/>
<dc element="dc.date.published" value="1996-10-22"/>
<dc element="dc.source" value="Reuters"/>
<dc element="dc.creator.location" value="VILNIUS"/>
<dc element="dc.creator.location.country.name" value="LITHUANIA"/>
<dc element="dc.source" value="Reuters"/>
</metadata>
</newsitem>
