<?xml version="1.0" encoding="iso-8859-1" ?>
<newsitem itemid="372427" id="root" date="1997-02-12" xml:lang="en">
<title>USA: FINAL PRICING -- Ithaca College, N.Y..</title>
<headline>FINAL PRICING -- Ithaca College, N.Y..</headline>
<text>
<p>DORMITORY AUTHORITY OF THE STATE OF NEW YORK</p>
<p>RE: $42,645,000</p>
<p>ITHACA COLLEGE</p>
<p>INSURED REVENUE BONDS, SERIES 1997</p>
<p>WRITTEN AWARD.</p>
<p>    MOODY'S: Aaa		 S&amp;P: AAA</p>
<p>AMBAC INSURED</p>
<p>    DATED: 02/01/1997	  FIRST COUPON: 07/01/1997</p>
<p>DUE: 07/01</p>
<p> MATURITY		AMOUNT     COUPON	   PRICE</p>
<p>07/01/1998		  120M    3.70  %	100.00</p>
<p>07/01/1999		  125M    4.50  %	  4.00</p>
<p>07/01/2000		  160M    4.75  %	  4.15</p>
<p>07/01/2001		  160M    4.75  %	  4.30</p>
<p>07/01/2002		  150M    4.75  %	  4.40</p>
<p>-----------------------------------------------------</p>
<p>07/01/2003		  595M    5.00  %	  4.50</p>
<p>07/01/2004		  625M    4.60  %	100.00</p>
<p>07/01/2005		  655M    5.00  %	  4.70</p>
<p>07/01/2006		  690M    5.00  %	  4.80</p>
<p>07/01/2007		  725M    5.00  %	  4.90</p>
<p>-----------------------------------------------------</p>
<p>07/01/2008		  760M    5.00  %	  5.05</p>
<p>07/01/2009		  800M    5.00  %	  5.15</p>
<p>07/01/2010		  835M    5.125 %	  5.25</p>
<p>07/01/2011		  880M    5.125 %	  5.30</p>
<p>07/01/2013		1,895M	NRO	     -</p>
<p>07/01/2017		4,415M    5.25  %	  5.55</p>
<p>						  (Approx. $ Price 96.363)</p>
<p>07/01/2026	     29,055M    5.25  %	  5.61</p>
<p>						  (Approx. $ Price 94.841)</p>
<p>CALL FEATURES: 07/01/2007    102.00</p>
<p>		   DTP 07/01/2009</p>
<p>The compliance addendum MSRB Rule G-11 will apply.</p>
<p>Delivery is firm for March 4, 1997.</p>
<p>This issue is book entry.  DTC is pending.</p>
<p>First Albany Corporation</p>
<p>Morgan Stanley &amp; Co. Incorporated</p>
<p>PaineWebber Incorporated</p>
<p>Education Securities</p>
<p>Raymond, James &amp; Associates, Inc.</p>
<p>Pryor, McClendon, Counts &amp; Co., Inc.</p>
<p>--U.S. Municipal Desk, 212-859-1650</p>
</text>
<copyright>(c) Reuters Limited 1997</copyright>
<metadata>
<codes class="bip:countries:1.0">
  <code code="USA">
    <editdetail attribution="Reuters BIP Coding Group" action="confirmed" date="1997-02-12"/>
  </code>
</codes>
<codes class="bip:topics:1.0">
  <code code="E21">
    <editdetail attribution="Reuters BIP Coding Group" action="confirmed" date="1997-02-12"/>
  </code>
  <code code="E212">
    <editdetail attribution="Reuters BIP Coding Group" action="confirmed" date="1997-02-12"/>
  </code>
  <code code="ECAT">
    <editdetail attribution="Reuters BIP Coding Group" action="confirmed" date="1997-02-12"/>
  </code>
</codes>
<dc element="dc.publisher" value="Reuters Holdings Plc"/>
<dc element="dc.date.published" value="1997-02-12"/>
<dc element="dc.source" value="Reuters"/>
<dc element="dc.creator.location.country.name" value="USA"/>
<dc element="dc.source" value="Reuters"/>
</metadata>
</newsitem>
