<?xml version="1.0" encoding="iso-8859-1" ?>
<newsitem itemid="303555" id="root" date="1997-01-13" xml:lang="en">
<title>USA: NationsBank Corp Q4 net rises.</title>
<headline>NationsBank Corp Q4 net rises.</headline>
<dateline>CHARLOTTE, N.C. 1997-01-13</dateline>
<text>
<p>1996			1995</p>
<p> Shr primary		$2.19		    $1.87</p>
<p> Shr diluted		 2.14		     1.85</p>
<p> Net			632,000		  510,000</p>
<p> Avg shrs primary     287,173		  271,558</p>
<p> Avg shrs diluted     294,591		  276,009</p>
<p>	  12 MONTHS</p>
<p> Shr primary		$8.26		    $7.13</p>
<p> Shr diluted		 8.10		     7.04</p>
<p> Net		    2,452,000		1,950,000</p>
<p> Avg shrs primary     295,108		  272,480</p>
<p> Avg shrs diluted     301,765		  277,134</p>
<p>(All Data Above 000s Except Per Share Numbers)</p>
<p>NOTE: 1996 results include after-tax charge of $77 million related to merger expenses primarily related to Bank South.</p>
<p>(( -- New York Newsdesk 212-859-1610))</p>
</text>
<copyright>(c) Reuters Limited 1997</copyright>
<metadata>
<codes class="bip:countries:1.0">
  <code code="USA">
    <editdetail attribution="Reuters BIP Coding Group" action="confirmed" date="1997-01-13"/>
  </code>
</codes>
<codes class="bip:industries:1.0">
  <code code="I81402">
    <editdetail attribution="Reuters BIP Coding Group" action="confirmed" date="1997-01-13"/>
  </code>
</codes>
<codes class="bip:topics:1.0">
  <code code="C15">
    <editdetail attribution="Reuters BIP Coding Group" action="confirmed" date="1997-01-13"/>
  </code>
  <code code="C151">
    <editdetail attribution="Reuters BIP Coding Group" action="confirmed" date="1997-01-13"/>
  </code>
  <code code="C1511">
    <editdetail attribution="Reuters BIP Coding Group" action="confirmed" date="1997-01-13"/>
  </code>
  <code code="CCAT">
    <editdetail attribution="Reuters BIP Coding Group" action="confirmed" date="1997-01-13"/>
  </code>
</codes>
<dc element="dc.date.created" value="1997-01-13"/>
<dc element="dc.publisher" value="Reuters Holdings Plc"/>
<dc element="dc.date.published" value="1997-01-13"/>
<dc element="dc.source" value="Reuters"/>
<dc element="dc.creator.location" value="CHARLOTTE, N.C."/>
<dc element="dc.creator.location.country.name" value="USA"/>
<dc element="dc.source" value="Reuters"/>
</metadata>
</newsitem>
