<?xml version="1.0" encoding="iso-8859-1" ?>
<newsitem itemid="329238" id="root" date="1997-01-23" xml:lang="en">
<title>INDONESIA: Indonesia shipping - Belawan Port - Jan. 23.</title>
<headline>Indonesia shipping - Belawan Port - Jan. 23.</headline>
<text>
<p>Vessels at Belawan Port, North Sumatra</p>
<p>Summary:</p>
<p>Vessels unloading : 20   Vessels loading : 17</p>
<p>---------------------------------------------------------------</p>
<p>Name	    Arrival	 Scheduled    P/Origin   Unloading</p>
<p>Grt	     Date/Time     departure    P/Dest     Loading</p>
<p>Agent</p>
<p>---------------------------------------------------------------</p>
<p>MV Kim An     22-01-97	29-01-97     Karachi    rice</p>
<p>8,838	   1000	    1800	   S'pore     10,000 tns</p>
<p>PT Bahtera Adhiguna Jakarta				    -</p>
<p>---------------------------------------------------------------</p>
<p>MV Explorer   20-01-97	23-01-97     S'pore	  -</p>
<p>11,531	  0400	    1800	   Jambi	plywood</p>
<p>PT Karana Line						  1,000 tns</p>
<p>---------------------------------------------------------------</p>
<p>MV Everest    23-01-97	25-01-97     S'pore     g.cargo</p>
<p>1,599	   0700	    2300	   Surabaya   305 tns</p>
<p>PT Deli Madju						   g.cargo</p>
<p>								    1,200 tns</p>
<p>---------------------------------------------------------------</p>
<p>MT Ventura    23-01-97	25-01-97     Kuala-	  -</p>
<p>15,350	  0100	    1800	   Enok	 crude palm</p>
<p>PT Samudera Indonesia			  P.Klang    oil</p>
<p>								    11,390 tns</p>
<p>---------------------------------------------------------------</p>
<p>MT Bunga-     19-01-97	24-01-97     Malaysia	-</p>
<p>Tanjung	 1200	    1800	   Batam	crude palm</p>
<p>15,350							    oil</p>
<p>PT Bintika Bangunusa					  5,000 tns</p>
<p>---------------------------------------------------------------</p>
<p>MV Sinar-     22-01-97	24-01-97     S'pore     container</p>
<p>Niaga	   1800	    1100	   Penang     113 teus</p>
<p>5,283							     container</p>
<p>PT Samudera Indonesia					 131 teus</p>
<p>---------------------------------------------------------------</p>
<p>MV Dragon-    23-01-97	23-01-97     P.Klang    container</p>
<p>Tekong	  1200	    2300	   Penang     75 teus</p>
<p>7,188							     container</p>
<p>PT Pulau Laut International Line			  85 teus</p>
<p>---------------------------------------------------------------</p>
<p>MV Bun Dong   23-01-97	24-01-97     Inchon     palm kernal</p>
<p>9,751	   1000	    1800	   P.Klang    oil</p>
<p>PT Karana Lines						 6,000 tns</p>
<p>									  -</p>
<p>---------------------------------------------------------------</p>
<p>MV Uni-	 23-01-97	24-01-97     Penang     container</p>
<p>Onworld	 0800	    2400	   S'pore     390 teus</p>
<p>18,337							    container</p>
<p>PT Jaya Kusuma Perdana Line				 143 teus</p>
<p>---------------------------------------------------------------</p>
<p>MV Phichit-   23-01-97	26-01-97     Durban     pulp</p>
<p>Navee	   1400	    1800	   Bangkok    5,500 tns</p>
<p>8,259								   -</p>
<p>PT Tirta Samudera Caraka</p>
<p>---------------------------------------------------------------</p>
<p>--------------------------------------------------------------- KM Permanen   18-01-97	24-01-97     T.Priok	  -</p>
<p>1,248	   2100	    1800	   Semarang   palm olein</p>
<p>PT Samudera Indah Raya Line				 1,800 tns</p>
<p>--------------------------------------------------------------- MV Tonari     22-01-97	24-01-97     T.Priok    container</p>
<p>3,972	   1700	    2200	   T.Priok    202 teus</p>
<p>PT Bahari Haluan Samudera				   container</p>
<p>								    120 teus</p>
<p>								    g.cargo</p>
<p>								    200 tns</p>
<p>--------------------------------------------------------------- KM Setya-     22-01-97	28-01-97     T.Priok    g.cargo</p>
<p>Pratama	 1800	    2000	   Palembang  3,900 tns</p>
<p>3,228							     iron</p>
<p>PT Abadi Inti Line					    500 tns</p>
<p>									  -</p>
<p>--------------------------------------------------------------- MV Trans-     22-01-97	25-01-97     S'pore     g.cargo</p>
<p>Asean	   1200	    1800	   P.Klang    4,000 tns</p>
<p>4,610								   -</p>
<p>PT Admiral Line --------------------------------------------------------------- MT Yeros	22-01-97	23-01-97     P.Klang	  -</p>
<p>5,450	   1200	    1800	   Mersin     palm oil</p>
<p>PT Tirta Samudera Caraka				    2,500 tns</p>
<p>--------------------------------------------------------------- KM Surya	22-01-97	23-01-97     Penang     g.cargo</p>
<p>Indah Jaya    1400	    1700	   Penang     100 tns</p>
<p>173								 vegetables</p>
<p>PT Surya Indah Jaya					   200 tns</p>
<p>--------------------------------------------------------------- MT		21-01-97	23-01-97     T.Priok	  -</p>
<p>Endurance-1   2300	    1800	   Cilacap    palm olein</p>
<p>1,995							     3,000 tns</p>
<p>PT Bahtera Adhiguna Jakarta --------------------------------------------------------------- MT Rantau/P-  20-01-97	24-01-97     Dumai	fuel</p>
<p>1007	    0700	    1000	   P.Sambu    1,185 tns</p>
<p>9,491								   -</p>
<p>PT Pertamina --------------------------------------------------------------- KM Eka Naga-  22-01-97	23-01-97     Penang	   -</p>
<p>Seraya	  0900	    1600	   Penang     vegetables</p>
<p>197								 150 tns</p>
<p>PT Dewi Indah Raya --------------------------------------------------------------- MV Zhelu	21-01-97	25-01-97     Nan Jiang  fetiliser</p>
<p>4,889	   0700	    1800	   Penang     5,000 tns</p>
<p>PT Samudera Indonesia					     -</p>
<p>---------------------------------------------------------------  </p>
<p>--------------------------------------------------------------- KM Cipta-     21-01-97	23-01-97     Penang	   -</p>
<p>Niaga	   1200	    1700	   Penang     vegetables</p>
<p>195								 70 tns</p>
<p>PT Cakrawala Kirana Rintis Nusantara		    g.cargo</p>
<p>								    100 tns</p>
<p>--------------------------------------------------------------- TB Marcopolo- 21-01-97	23-10-97     Pekanbaru	-</p>
<p>-16/583	 0500	    2200	   Pontianak  heavy-</p>
<p>1,650							     equipment</p>
<p>PT Cakrawala Kirana Rintis Nusantara		    450 tns</p>
<p>--------------------------------------------------------------- KM Karunia-   20-01-97	24-01-97     Dumai	g.cargo</p>
<p>Pasific	 1900	    2400	   Surabaya   1,700 tns</p>
<p>2,427							     g.cargo</p>
<p>PT Nagah Berlian						2,100 tns</p>
<p>--------------------------------------------------------------- KM Lohot	21-01-97	24-01-97     Kuala Enok palm kernal</p>
<p>352	     0800	    2400	   Tanjung-   expeller</p>
<p>PT Lohot					   Pinang     300 tns</p>
<p>								    cement</p>
<p>								    300 tns</p>
<p>--------------------------------------------------------------- KM Pulau-     21-01-97	23-01-97     T.Priok    g.cargo</p>
<p>Sumatera	0400	    2400	   S'pore     1,606 tns</p>
<p>1,964								   -</p>
<p>PT United Shipping Organization --------------------------------------------------------------- TB Buhilla-   20-01-97	24-01-97     Tanjung-   crude palm</p>
<p>TK.C.JYI	1700	    1200	   Sarang-    oil</p>
<p>75						   Elang	825 tns</p>
<p>PT Asseatic Sejati Shipping		  Labuhan-	 -</p>
<p>						     Bilik</p>
<p>--------------------------------------------------------------- TB Permai/TK  18-01-97	23-01-97     Labuhan-   palm kernal</p>
<p>85		1600	    1800	   Bilik	expeller</p>
<p>Dewi Indah Raya				  Pekan-     400 tns</p>
<p>						     Baru	 fertiliser</p>
<p>								    800 tns</p>
<p>--------------------------------------------------------------- KM Muchtar-   17-01-97	25-01-97     Lhokseu-   fertiliser</p>
<p>Prabu M					    mawe	 8,000 tns</p>
<p>7,497						Lhokseu-	-</p>
<p>PT Pusri Belawan				 mawe</p>
<p>--------------------------------------------------------------- MV		11-01-97	27-01-97     Australia  salt</p>
<p>Everise Glory 2000	    1800	   Australia  19,700 tns</p>
<p>13,519								 -</p>
<p>PT Admiral Line --------------------------------------------------------------- --Jakarta Newsroom +6221 384-6364</p>
</text>
<copyright>(c) Reuters Limited 1997</copyright>
<metadata>
<codes class="bip:countries:1.0">
  <code code="INDON">
    <editdetail attribution="Reuters BIP Coding Group" action="confirmed" date="1997-01-23"/>
  </code>
</codes>
<codes class="bip:topics:1.0">
  <code code="M14">
    <editdetail attribution="Reuters BIP Coding Group" action="confirmed" date="1997-01-23"/>
  </code>
  <code code="MCAT">
    <editdetail attribution="Reuters BIP Coding Group" action="confirmed" date="1997-01-23"/>
  </code>
</codes>
<dc element="dc.publisher" value="Reuters Holdings Plc"/>
<dc element="dc.date.published" value="1997-01-23"/>
<dc element="dc.source" value="Reuters"/>
<dc element="dc.creator.location.country.name" value="INDONESIA"/>
<dc element="dc.source" value="Reuters"/>
</metadata>
</newsitem>
