<?xml version="1.0" encoding="iso-8859-1" ?>
<newsitem itemid="321388" id="root" date="1997-01-21" xml:lang="en">
<title>BRAZIL: Brazil revises 1995 trade deficit upwards.</title>
<headline>Brazil revises 1995 trade deficit upwards.</headline>
<dateline>BRASILIA 1997-01-21</dateline>
<text>
<p>The Brazilian government revised its 1995 trade deficit upwards to $3.352 billion from an originally published $3.157 billion, a senior Finance Ministry official said.</p>
<p>Jose Roberto Mendonca de Barros said the old figure had always been regarded as only &quot;preliminary&quot;.</p>
<p>The revised 1995 trade gap was given as officials announced Brazil's 1996 trade deficit of $5.539 billion.</p>
<p>((-- Michael Christie, Brasilia newsroom 55-61-2230358))</p>
</text>
<copyright>(c) Reuters Limited 1997</copyright>
<metadata>
<codes class="bip:countries:1.0">
  <code code="BRAZ">
    <editdetail attribution="Reuters BIP Coding Group" action="confirmed" date="1997-01-21"/>
  </code>
</codes>
<codes class="bip:topics:1.0">
  <code code="E51">
    <editdetail attribution="Reuters BIP Coding Group" action="confirmed" date="1997-01-21"/>
  </code>
  <code code="E512">
    <editdetail attribution="Reuters BIP Coding Group" action="confirmed" date="1997-01-21"/>
  </code>
  <code code="ECAT">
    <editdetail attribution="Reuters BIP Coding Group" action="confirmed" date="1997-01-21"/>
  </code>
</codes>
<dc element="dc.date.created" value="1997-01-21"/>
<dc element="dc.publisher" value="Reuters Holdings Plc"/>
<dc element="dc.date.published" value="1997-01-21"/>
<dc element="dc.source" value="Reuters"/>
<dc element="dc.creator.location" value="BRASILIA"/>
<dc element="dc.creator.location.country.name" value="BRAZIL"/>
<dc element="dc.source" value="Reuters"/>
</metadata>
</newsitem>
