<?xml version="1.0" encoding="iso-8859-1" ?>
<newsitem itemid="187832" id="root" date="1996-11-13" xml:lang="en">
<title>SWEDEN: ABB wins 600 mln SKR Filipino power order.</title>
<headline>ABB wins 600 mln SKR Filipino power order.</headline>
<dateline>STOCKHOLM 1996-11-13</dateline>
<text>
<p>International engineering group ABB AB on Wednesday said it had won an order to build and install two 500 kilovolt power lines in the Philippines worth 600 million crowns.  </p>
<p>The power lines, on the main island of Luzon, will connect Labrador with San Manuel and San Manuel with San Jose, a stretch of 170 kms.</p>
<p>The customer is the state-owned National Power Corp and the World Bank will help finance the project, a statement from ABB said.</p>
<p>Construction will start next year and the new power lines will be operating by spring 1998.</p>
<p>-- Stockholm newsroom +46-8-700 1017</p>
</text>
<copyright>(c) Reuters Limited 1996</copyright>
<metadata>
<codes class="bip:countries:1.0">
  <code code="PHLNS">
    <editdetail attribution="Reuters BIP Coding Group" action="confirmed" date="1996-11-13"/>
  </code>
  <code code="SWED">
    <editdetail attribution="Reuters BIP Coding Group" action="confirmed" date="1996-11-13"/>
  </code>
</codes>
<codes class="bip:industries:1.0">
  <code code="I34000">
    <editdetail attribution="Reuters BIP Coding Group" action="confirmed" date="1996-11-13"/>
  </code>
  <code code="I34200">
    <editdetail attribution="Reuters BIP Coding Group" action="confirmed" date="1996-11-13"/>
  </code>
</codes>
<codes class="bip:topics:1.0">
  <code code="C33">
    <editdetail attribution="Reuters BIP Coding Group" action="confirmed" date="1996-11-13"/>
  </code>
  <code code="CCAT">
    <editdetail attribution="Reuters BIP Coding Group" action="confirmed" date="1996-11-13"/>
  </code>
</codes>
<dc element="dc.date.created" value="1996-11-13"/>
<dc element="dc.publisher" value="Reuters Holdings Plc"/>
<dc element="dc.date.published" value="1996-11-13"/>
<dc element="dc.source" value="Reuters"/>
<dc element="dc.creator.location" value="STOCKHOLM"/>
<dc element="dc.creator.location.country.name" value="SWEDEN"/>
<dc element="dc.source" value="Reuters"/>
</metadata>
</newsitem>
