<?xml version="1.0" encoding="iso-8859-1" ?>
<newsitem itemid="224775" id="root" date="1996-11-29" xml:lang="en">
<title>MALAWI: PRESS DIGEST - Malawi - Nov 29.</title>
<headline>PRESS DIGEST - Malawi - Nov 29.</headline>
<text>
<p>BLANTYRE, Nov 29 (Reuter) These are the leading stories in the Malawi press on Friday. Reuters has not verified these stories and does not vouch for their accuracy.</p>
<p>- - - -</p>
<p>THE NATION</p>
<p>- The ruling United Democratic Front candidate on Wednesday won the by-election in Machinga, more than 100km north east of Blantyre, with a landslide after beating the opposition Malawi Congress Party candidate.</p>
<p>- Parliament expected to meet from December 9, will pass a bill requiring members of parliament and senior government officials to declare their assets.</p>
<p>- - - -</p>
<p>THE DAILY TIMES</p>
<p>- The High Court on Thursday ruled that a tobacco firm, Stancom Tobacco Company (Malawi) Limited should not pay a fine of Malawi Kwacha 2.5 million ($167,000) as additional income tax for the financial year 1987.</p>
</text>
<copyright>(c) Reuters Limited 1996</copyright>
<metadata>
<codes class="bip:countries:1.0">
  <code code="MALAW">
    <editdetail attribution="Reuters BIP Coding Group" action="confirmed" date="1996-11-29"/>
  </code>
</codes>
<codes class="bip:topics:1.0">
  <code code="GCAT">
    <editdetail attribution="Reuters BIP Coding Group" action="confirmed" date="1996-11-29"/>
  </code>
</codes>
<dc element="dc.publisher" value="Reuters Holdings Plc"/>
<dc element="dc.date.published" value="1996-11-29"/>
<dc element="dc.source" value="Reuters"/>
<dc element="dc.creator.location.country.name" value="MALAWI"/>
<dc element="dc.source" value="Reuters"/>
</metadata>
</newsitem>
