<?xml version="1.0" encoding="iso-8859-1" ?>
<newsitem itemid="310699" id="root" date="1997-01-16" xml:lang="en">
<title>CANADA: Canwest Global Q1 profit increases.</title>
<headline>Canwest Global Q1 profit increases.</headline>
<dateline>WINNIPEG 1997-01-16</dateline>
<text>
<p>Period ended Nov 30</p>
<p>			    1997			 1996</p>
<p> Shr			 C$0.36		   C$0.22</p>
<p> Net			 53,440		   32,148</p>
<p> Revs		     219,815		  170,188</p>
<p>(All data above 000s except per share numbers)</p>
<p>Note: Full name is Canwest Global Communications Corp.</p>
<p>((Reuters Toronto Bureau (416) 941-8100))</p>
</text>
<copyright>(c) Reuters Limited 1997</copyright>
<metadata>
<codes class="bip:countries:1.0">
  <code code="CANA">
    <editdetail attribution="Reuters BIP Coding Group" action="confirmed" date="1997-01-16"/>
  </code>
</codes>
<codes class="bip:industries:1.0">
  <code code="I9741102">
    <editdetail attribution="Reuters BIP Coding Group" action="confirmed" date="1997-01-16"/>
  </code>
</codes>
<codes class="bip:topics:1.0">
  <code code="C15">
    <editdetail attribution="Reuters BIP Coding Group" action="confirmed" date="1997-01-16"/>
  </code>
  <code code="C151">
    <editdetail attribution="Reuters BIP Coding Group" action="confirmed" date="1997-01-16"/>
  </code>
  <code code="CCAT">
    <editdetail attribution="Reuters BIP Coding Group" action="confirmed" date="1997-01-16"/>
  </code>
</codes>
<dc element="dc.date.created" value="1997-01-16"/>
<dc element="dc.publisher" value="Reuters Holdings Plc"/>
<dc element="dc.date.published" value="1997-01-16"/>
<dc element="dc.source" value="Reuters"/>
<dc element="dc.creator.location" value="WINNIPEG"/>
<dc element="dc.creator.location.country.name" value="CANADA"/>
<dc element="dc.source" value="Reuters"/>
</metadata>
</newsitem>
