<?xml version="1.0" encoding="iso-8859-1" ?>
<newsitem itemid="2774" id="root" date="1996-08-20" xml:lang="en">
<title>USA: Eclipse rated buy as Brous begins coverage.</title>
<headline>Eclipse rated buy as Brous begins coverage.</headline>
<dateline>DENVER 1996-08-20</dateline>
<text>
<p>H D Brous &amp; Co Inc said on Tuesday it initiated coverage of Eclipse Surgical Technologies Inc with a buy recommendation.</p>
<p>Analyst Howard Rosencrans said the Sunnyvale, Calif.-based Eclipse was &quot;rapidly emerging as the leader in the nascent transmyocardial revascularization (TMR) market.</p>
<p>TMR is a surgical procedure that uses lasers in treating cardiovascular disease. It represents an alternative to more invasive angioplasty or bypass surgery. More than three million people might be candidates for such a procedure by 1998, Rosencrans wrote.</p>
<p>Eclipse is conducting trials to gain U.S. Food and Drug Administration approval of its TMR 2000 system as both an alternative to drug therapy and as an adjunct to bypass surgery, Rosencrans said.</p>
</text>
<copyright>(c) Reuters Limited 1996</copyright>
<metadata>
<codes class="bip:countries:1.0">
  <code code="USA">
    <editdetail attribution="Reuters BIP Coding Group" action="confirmed" date="1996-08-20"/>
  </code>
</codes>
<codes class="bip:industries:1.0">
  <code code="I37200">
    <editdetail attribution="Reuters BIP Coding Group" action="confirmed" date="1996-08-20"/>
  </code>
</codes>
<codes class="bip:topics:1.0">
  <code code="C15">
    <editdetail attribution="Reuters BIP Coding Group" action="confirmed" date="1996-08-20"/>
  </code>
  <code code="C152">
    <editdetail attribution="Reuters BIP Coding Group" action="confirmed" date="1996-08-20"/>
  </code>
  <code code="CCAT">
    <editdetail attribution="Reuters BIP Coding Group" action="confirmed" date="1996-08-20"/>
  </code>
</codes>
<dc element="dc.date.created" value="1996-08-20"/>
<dc element="dc.publisher" value="Reuters Holdings Plc"/>
<dc element="dc.date.published" value="1996-08-20"/>
<dc element="dc.source" value="Reuters"/>
<dc element="dc.creator.location" value="DENVER"/>
<dc element="dc.creator.location.country.name" value="USA"/>
<dc element="dc.source" value="Reuters"/>
</metadata>
</newsitem>
