<?xml version="1.0" encoding="iso-8859-1" ?>
<newsitem itemid="269536" id="root" date="1996-12-20" xml:lang="en">
<title>BRAZIL: Brazil orange juice industry reports weekly output.</title>
<headline>Brazil orange juice industry reports weekly output.</headline>
<dateline>RIO DE JANEIRO 1996-12-20</dateline>
<text>
<p>The Brazilian Association of Citrus Exporters reported the following output and exports of frozen concentrated orange juice in metric tonnes 66 Brix for December 9-15 and the total so far in 1996/97.</p>
<p>		Dec 9-15    Dec 11-17	 TOTAL	  TOTAL</p>
<p>		   1996	 1995	    1996	   1995</p>
<p> Stocks/open 491,417.2   433,063.1</p>
<p> Production   41,140.1    36,399.1     907,748.7   721,678.1</p>
<p> Shipment     12,472.0    39,238.0     549,795.0   436,335.8</p>
<p> Home Market     363.7	 373.6	 7,679.9     9,541.8</p>
<p> Stocks/close   519,721.6   429,850.6</p>
<p>Due to the holiday period, Abecitrus will next issue an update on January 9.</p>
<p>-- Joelle Diderich, Rio de Janeiro newsroom, 5521 5074151</p>
</text>
<copyright>(c) Reuters Limited 1996</copyright>
<metadata>
<codes class="bip:countries:1.0">
  <code code="BRAZ">
    <editdetail attribution="Reuters BIP Coding Group" action="confirmed" date="1996-12-20"/>
  </code>
</codes>
<codes class="bip:industries:1.0">
  <code code="I42800">
    <editdetail attribution="Reuters BIP Coding Group" action="confirmed" date="1996-12-20"/>
  </code>
</codes>
<codes class="bip:topics:1.0">
  <code code="C21">
    <editdetail attribution="Reuters BIP Coding Group" action="confirmed" date="1996-12-20"/>
  </code>
  <code code="C31">
    <editdetail attribution="Reuters BIP Coding Group" action="confirmed" date="1996-12-20"/>
  </code>
  <code code="C312">
    <editdetail attribution="Reuters BIP Coding Group" action="confirmed" date="1996-12-20"/>
  </code>
  <code code="CCAT">
    <editdetail attribution="Reuters BIP Coding Group" action="confirmed" date="1996-12-20"/>
  </code>
</codes>
<dc element="dc.date.created" value="1996-12-20"/>
<dc element="dc.publisher" value="Reuters Holdings Plc"/>
<dc element="dc.date.published" value="1996-12-20"/>
<dc element="dc.source" value="Reuters"/>
<dc element="dc.creator.location" value="RIO DE JANEIRO"/>
<dc element="dc.creator.location.country.name" value="BRAZIL"/>
<dc element="dc.source" value="Reuters"/>
</metadata>
</newsitem>
