<?xml version="1.0" encoding="iso-8859-1" ?>
<newsitem itemid="132676" id="root" date="1996-10-22" xml:lang="en">
<title>USA: Wireless Telecom Group Inc qtly $0.04/share.</title>
<headline>Wireless Telecom Group Inc qtly $0.04/share.</headline>
<dateline>PARAMUS, N.J. 1996-10-22</dateline>
<text>
<p>Quarterly</p>
<p>			   Latest		    Prior</p>
<p> Amount		  $0.04		   $0.04</p>
<p> Pay		     Jan 2</p>
<p> Record		 Dec 23</p>
</text>
<copyright>(c) Reuters Limited 1996</copyright>
<metadata>
<codes class="bip:countries:1.0">
  <code code="USA">
    <editdetail attribution="Reuters BIP Coding Group" action="confirmed" date="1996-10-22"/>
  </code>
</codes>
<codes class="bip:industries:1.0">
  <code code="I37000">
    <editdetail attribution="Reuters BIP Coding Group" action="confirmed" date="1996-10-22"/>
  </code>
</codes>
<codes class="bip:topics:1.0">
  <code code="C15">
    <editdetail attribution="Reuters BIP Coding Group" action="confirmed" date="1996-10-22"/>
  </code>
  <code code="C151">
    <editdetail attribution="Reuters BIP Coding Group" action="confirmed" date="1996-10-22"/>
  </code>
  <code code="CCAT">
    <editdetail attribution="Reuters BIP Coding Group" action="confirmed" date="1996-10-22"/>
  </code>
</codes>
<dc element="dc.date.created" value="1996-10-22"/>
<dc element="dc.publisher" value="Reuters Holdings Plc"/>
<dc element="dc.date.published" value="1996-10-22"/>
<dc element="dc.source" value="Reuters"/>
<dc element="dc.creator.location" value="PARAMUS, N.J."/>
<dc element="dc.creator.location.country.name" value="USA"/>
<dc element="dc.source" value="Reuters"/>
</metadata>
</newsitem>
