<?xml version="1.0" encoding="iso-8859-1" ?>
<newsitem itemid="62481" id="root" date="1996-09-18" xml:lang="en">
<title>GERMANY: Koebnick sees no near-term change in German rates.</title>
<headline>Koebnick sees no near-term change in German rates.</headline>
<dateline>MERZIG, Germany 1996-09-18</dateline>
<text>
<p>Bundesbank council member Hans-Juergen Koebnick on Wednesday ruled out any near-term change in German interest rates but said that the Bundesbank would continue to monitor conditions.</p>
<p>If room existed the Bundesbank could possibly consider taking action to change its policy, he told reporters.</p>
<p>Bundesbank president Hans Tietmeyer made clear after the Bundesbank's last policy easing on August 22 that markets should not expect any further moves for some time.</p>
<p>Koebnick said he expected growth in M3 money supply to continue growing although he declined to give any specific forecasts on August data expected in the next few days.</p>
<p>But he did say there was a possibility that M3 could gradually edge back into the upper range of the four to seven percent corridor set for 1996 M3 growth.</p>
<p>Recently, Bundesbank officials have said that if M3 growth slowed considerably, there could be room to nudge the repo rate, currently set at 3.00 percent, still lower.</p>
<p>Koebnick was speaking on the sidelines of a banking event in Merzig at which he earlier held a speech.</p>
<p>--Frankfurt Newsroom +49 69 756525</p>
</text>
<copyright>(c) Reuters Limited 1996</copyright>
<metadata>
<codes class="bip:countries:1.0">
  <code code="GFR">
    <editdetail attribution="Reuters BIP Coding Group" action="confirmed" date="1996-09-18"/>
  </code>
</codes>
<codes class="bip:topics:1.0">
  <code code="E12">
    <editdetail attribution="Reuters BIP Coding Group" action="confirmed" date="1996-09-18"/>
  </code>
  <code code="ECAT">
    <editdetail attribution="Reuters BIP Coding Group" action="confirmed" date="1996-09-18"/>
  </code>
  <code code="M13">
    <editdetail attribution="Reuters BIP Coding Group" action="confirmed" date="1996-09-18"/>
  </code>
  <code code="M131">
    <editdetail attribution="Reuters BIP Coding Group" action="confirmed" date="1996-09-18"/>
  </code>
  <code code="MCAT">
    <editdetail attribution="Reuters BIP Coding Group" action="confirmed" date="1996-09-18"/>
  </code>
</codes>
<dc element="dc.date.created" value="1996-09-18"/>
<dc element="dc.publisher" value="Reuters Holdings Plc"/>
<dc element="dc.date.published" value="1996-09-18"/>
<dc element="dc.source" value="Reuters"/>
<dc element="dc.creator.location" value="MERZIG, Germany"/>
<dc element="dc.creator.location.country.name" value="GERMANY"/>
<dc element="dc.source" value="Reuters"/>
</metadata>
</newsitem>
