<?xml version="1.0" encoding="iso-8859-1" ?>
<newsitem itemid="200082" id="root" date="1996-11-19" xml:lang="en">
<title>USA: U.S. 2-year note auction high yield 5.662 pct.</title>
<headline>U.S. 2-year note auction high yield 5.662 pct.</headline>
<text>
<p>WASHINGTON, Nov 19, Reuter - The U.S. Treasury said its Dutch bidding auction of 2-year notes produced these results:</p>
<p>			 2-YEAR NOTES DUE NOV 30, 1998</p>
<p>			     $18.255 BILLION AUCTION</p>
<p>	     YIELD			  PRICE	COUPON</p>
<p> HIGH	5.662    Awarded At	99.931	5.625</p>
<p> MEDIAN    5.640    High Yield	NOT GIVEN  Percent</p>
<p> LOW	 5.580    29 Percent	NOT GIVEN</p>
<p>	   Cover - (Bids Over Amount Sold)    =  2.11 Times</p>
<p> U.S. TREASURY (GOVERNMENT DEBT)		 MATURITY 30.Nov.98</p>
<p> MATURITY/TYPE    2-YEAR NOTES		   PAY DATE 02.Dec.96</p>
<p> TYPE OF DEBT     STRAIGHT			 LAUNCHED 19.Nov.96</p>
<p> ISSUED/ACCEPTED  18.255 BLN USD		 CUSIP    9128272B7</p>
<p> BIDS SUBMITTED   38.440			   COUNTRY	  USA</p>
<p> NONCOMPETITIVE   928.00 MLN			  DUTCH AUCTION</p>
<p> NY FED DISTRICT    N.A.			   COUPON	 5.625</p>
<p> FOREIGN INSTITN   1.950			   PRICE	 99.931</p>
<p> BIDDING RANGE    5.580-5.662 PCT		YIELD-HIGH   5.662</p>
<p>KEY (HIGH) YIELD DOWN FROM 5.93 PCT AT AUCTION ON 22.OCT.96</p>
<p>KEY (HIGH) YIELD LOWEST SINCE 5.235 PCT AT AUCTION 27.FEB.96</p>
</text>
<copyright>(c) Reuters Limited 1996</copyright>
<metadata>
<codes class="bip:countries:1.0">
  <code code="USA">
    <editdetail attribution="Reuters BIP Coding Group" action="confirmed" date="1996-11-19"/>
  </code>
</codes>
<codes class="bip:topics:1.0">
  <code code="E21">
    <editdetail attribution="Reuters BIP Coding Group" action="confirmed" date="1996-11-19"/>
  </code>
  <code code="E212">
    <editdetail attribution="Reuters BIP Coding Group" action="confirmed" date="1996-11-19"/>
  </code>
  <code code="ECAT">
    <editdetail attribution="Reuters BIP Coding Group" action="confirmed" date="1996-11-19"/>
  </code>
  <code code="M12">
    <editdetail attribution="Reuters BIP Coding Group" action="confirmed" date="1996-11-19"/>
  </code>
  <code code="MCAT">
    <editdetail attribution="Reuters BIP Coding Group" action="confirmed" date="1996-11-19"/>
  </code>
</codes>
<dc element="dc.publisher" value="Reuters Holdings Plc"/>
<dc element="dc.date.published" value="1996-11-19"/>
<dc element="dc.source" value="Reuters"/>
<dc element="dc.creator.location.country.name" value="USA"/>
<dc element="dc.source" value="Reuters"/>
</metadata>
</newsitem>
