<?xml version="1.0" encoding="iso-8859-1" ?>
<newsitem itemid="424710" id="root" date="1997-03-06" xml:lang="en">
<title>USA: U.S. Spring/White Wheat - Spring bids slip.</title>
<headline>U.S. Spring/White Wheat - Spring bids slip.</headline>
<dateline>CHICAGO 1997-03-05</dateline>
<text>
<p>Cash bids for spring wheat slipped on Wednesday amid dull dealings as farmers opted to hold out for better prices, several dealers said.</p>
<p>&quot;Farmers are still holding tight,&quot; a Minnesota dealer said.</p>
<p>News that Pakistan was expected to tender March 16 for 90,000 to 100,000 tonnes of wheat, probably from the U.S. or Australia, was encouraging, one Oregon merchandiser said.</p>
<p>&quot;Those are the kind of things that we have been waiting for,&quot; he said.</p>
<p>MGE May wheat futures were off 1-1/4 cent at $3.89-1/4 a bushel.  </p>
<p>Price per bushel for 14-pct protein dark northern spring,</p>
<p>durum and white wheats, in dollars per bushel:</p>
<p>		    Spring    Chg   Durum(m) Chg   White  Chg</p>
<p>MINNESOTA</p>
<p> Minneapolis	4.4900 dn .01  5.05    up .05   --    --</p>
<p> Duluth	     4.4900 dn .01  ---     ---	--    --</p>
<p>NORTH DAKOTA</p>
<p>Hunter</p>
<p> (Red River)	3.7900 dn .03  4.10    unc	 --   --</p>
<p>		    Spring   Chg   HRW 13pct Chg   White  Chg</p>
<p> Billings MT	4.06   dn .02 3.97    up .03 ---    ---</p>
<p> Havre MT	   3.87   dn .01  ---    ---    ---    ---</p>
<p> Rudyard MT	 3.89   dn .01  ---    ---    ---    ---</p>
<p> Wolf Point MT    3.72   dn .01  ---    ---    ---    ---</p>
<p> Portland OR	4.99   dn .07		   4.2100 up .01</p>
<p> Pendleton OR     ---		---     ---  3.7600 dn .02</p>
<p> Coolee City WA   4.55   dn .01	    ---  3.7200 dn .02</p>
<p> Waterville WA    4.47   dn .01  ---     ---  3.6400 dn .02</p>
<p> Wenatchee WA     4.57   dn .01  ---     ---  3.7400 dn .02</p>
<p>note: nc=no comparison, unq=unquoted</p>
<p>((Chicago newsdesk, 312-408-8720))</p>
</text>
<copyright>(c) Reuters Limited 1997</copyright>
<metadata>
<codes class="bip:countries:1.0">
  <code code="USA">
    <editdetail attribution="Reuters BIP Coding Group" action="confirmed" date="1997-03-06"/>
  </code>
</codes>
<codes class="bip:topics:1.0">
  <code code="M14">
    <editdetail attribution="Reuters BIP Coding Group" action="confirmed" date="1997-03-06"/>
  </code>
  <code code="M141">
    <editdetail attribution="Reuters BIP Coding Group" action="confirmed" date="1997-03-06"/>
  </code>
  <code code="MCAT">
    <editdetail attribution="Reuters BIP Coding Group" action="confirmed" date="1997-03-06"/>
  </code>
</codes>
<dc element="dc.date.created" value="1997-03-05"/>
<dc element="dc.publisher" value="Reuters Holdings Plc"/>
<dc element="dc.date.published" value="1997-03-06"/>
<dc element="dc.source" value="Reuters"/>
<dc element="dc.creator.location" value="CHICAGO"/>
<dc element="dc.creator.location.country.name" value="USA"/>
<dc element="dc.source" value="Reuters"/>
</metadata>
</newsitem>
