<?xml version="1.0" encoding="iso-8859-1" ?>
<newsitem itemid="379906" id="root" date="1997-02-14" xml:lang="en">
<title>UK: MSI sets call, put warrants on the Nikkei 225.</title>
<headline>MSI sets call, put warrants on the Nikkei 225.</headline>
<dateline>LONDON 1997-02-14</dateline>
<text>
<p>Morgan Stanley (Jersey) Ltd has issued a total of 25 million American-style call and put warrants, in five equal tranches, on the Nikkei 225 index, lead manager Morgan Stanley &amp; Co International Ltd said.</p>
<p>One index is controlled by 10 warrants.</p>
<p> MATURITY DATE   14.AUG.98		 PAYDATE	14.MAR.97</p>
<p> LISTING	   LUXEMBOURG		MIN EXER LOT 1,000</p>
<p>SPOT REFERENCE  18,722 YEN</p>
<p>* * * *</p>
<p> WARRANT	STRIKE	 ISSUE	PREMIUM     GEARING</p>
<p> CALL A	 18,000 YEN   222 YEN    8.0 PCT     8.43 TIMES</p>
<p> CALL B	 19,000 YEN   168 YEN   10.46 PCT   11.14 TIMES</p>
<p> CALL C	 20,000 YEN   126 YEN   13.56 PCT   14.86 TIMES</p>
<p>  PUT D	 17,000 YEN   115 YEN   15.34 PCT   16.28 TIMES</p>
<p>  PUT E	 18,000 YEN   153 YEN   12.03 PCT   12.24 TIMES</p>
<p>--Reuter London Newsroom +44 171 542 7658</p>
</text>
<copyright>(c) Reuters Limited 1997</copyright>
<metadata>
<codes class="bip:countries:1.0">
  <code code="JAP">
    <editdetail attribution="Reuters BIP Coding Group" action="confirmed" date="1997-02-14"/>
  </code>
  <code code="UK">
    <editdetail attribution="Reuters BIP Coding Group" action="confirmed" date="1997-02-14"/>
  </code>
  <code code="USA">
    <editdetail attribution="Reuters BIP Coding Group" action="confirmed" date="1997-02-14"/>
  </code>
</codes>
<codes class="bip:industries:1.0">
  <code code="I81402">
    <editdetail attribution="Reuters BIP Coding Group" action="confirmed" date="1997-02-14"/>
  </code>
</codes>
<codes class="bip:topics:1.0">
  <code code="C21">
    <editdetail attribution="Reuters BIP Coding Group" action="confirmed" date="1997-02-14"/>
  </code>
  <code code="CCAT">
    <editdetail attribution="Reuters BIP Coding Group" action="confirmed" date="1997-02-14"/>
  </code>
  <code code="M11">
    <editdetail attribution="Reuters BIP Coding Group" action="confirmed" date="1997-02-14"/>
  </code>
  <code code="MCAT">
    <editdetail attribution="Reuters BIP Coding Group" action="confirmed" date="1997-02-14"/>
  </code>
</codes>
<dc element="dc.date.created" value="1997-02-14"/>
<dc element="dc.publisher" value="Reuters Holdings Plc"/>
<dc element="dc.date.published" value="1997-02-14"/>
<dc element="dc.source" value="Reuters"/>
<dc element="dc.creator.location" value="LONDON"/>
<dc element="dc.creator.location.country.name" value="UK"/>
<dc element="dc.source" value="Reuters"/>
</metadata>
</newsitem>
