<?xml version="1.0" encoding="iso-8859-1" ?>
<newsitem itemid="369037" id="root" date="1997-02-11" xml:lang="en">
<title>SOUTH AFRICA: S.Africa Reserve Bank confirms it defended rand.</title>
<headline>S.Africa Reserve Bank confirms it defended rand.</headline>
<dateline>JOHANNESBURG 1997-02-11</dateline>
<text>
<p>The South African Reserve Bank on Tuesday confirmed it had sold dollars in the local currency market to stabilise the rand after it fell sharply against the dollar.  </p>
<p>&quot;We were in the market to stabilise the exchange rate when it reacted very sharply,&quot; Reserve Bank general manager of international banking Bertus van Zyl told Reuters.</p>
<p>Earlier the rand sank almost seven cents from its day's strongest level of 4.3790 bid against the dollar following central bank governor Chris Stals' comments that the rand's recent rally could be a slight over-adjustment.</p>
<p>Van Zyl added that the Bank had been in the market at around the 4.45 level. The currency touched a day's weakest level of 4.4530 against the dollar at 1204 GMT.</p>
<p>-- Johannesburg newsroom, +27 11 482-1003</p>
</text>
<copyright>(c) Reuters Limited 1997</copyright>
<metadata>
<codes class="bip:countries:1.0">
  <code code="SAFR">
    <editdetail attribution="Reuters BIP Coding Group" action="confirmed" date="1997-02-11"/>
  </code>
</codes>
<codes class="bip:topics:1.0">
  <code code="E12">
    <editdetail attribution="Reuters BIP Coding Group" action="confirmed" date="1997-02-11"/>
  </code>
  <code code="ECAT">
    <editdetail attribution="Reuters BIP Coding Group" action="confirmed" date="1997-02-11"/>
  </code>
  <code code="M13">
    <editdetail attribution="Reuters BIP Coding Group" action="confirmed" date="1997-02-11"/>
  </code>
  <code code="M132">
    <editdetail attribution="Reuters BIP Coding Group" action="confirmed" date="1997-02-11"/>
  </code>
  <code code="MCAT">
    <editdetail attribution="Reuters BIP Coding Group" action="confirmed" date="1997-02-11"/>
  </code>
</codes>
<dc element="dc.date.created" value="1997-02-11"/>
<dc element="dc.publisher" value="Reuters Holdings Plc"/>
<dc element="dc.date.published" value="1997-02-11"/>
<dc element="dc.source" value="Reuters"/>
<dc element="dc.creator.location" value="JOHANNESBURG"/>
<dc element="dc.creator.location.country.name" value="SOUTH AFRICA"/>
<dc element="dc.source" value="Reuters"/>
</metadata>
</newsitem>
