<?xml version="1.0" encoding="iso-8859-1" ?>
<newsitem itemid="716960" id="root" date="1997-07-09" xml:lang="en">
<title>PAKISTAN: Pakistan stocks up at noon on bull run.</title>
<headline>Pakistan stocks up at noon on bull run.</headline>
<dateline>KARACHI, Pakistan 1997-07-09</dateline>
<text>
<p>Pakistan stocks gained at midday on Wednesday as the bull run continued for the seventh straight session mainly on buying of Hub Power and telecom utility PTCL shares, dealers said.</p>
<p>&quot;These two stocks have led the rally on the back of foreign and domestic buying and other stocks have also followed suit,&quot; dealer Dawar Hasan said. &quot;Now the market is likely to consolidate itself at these levels.&quot;</p>
<p>The index rose 5.16 points, or 0.30 percent, to 1,731.33 at midday. Gainers led losers 93 to 44. Hub Power rose 0.40 rupees to 49.30 and MCB 1.65 to 38.50. -- Amir Zia 9221-5685192</p>
</text>
<copyright>(c) Reuters Limited 1997</copyright>
<metadata>
<codes class="bip:countries:1.0">
  <code code="PAKIS">
    <editdetail attribution="Reuters BIP Coding Group" action="confirmed" date="1997-07-09"/>
  </code>
</codes>
<codes class="bip:topics:1.0">
  <code code="M11">
    <editdetail attribution="Reuters BIP Coding Group" action="confirmed" date="1997-07-09"/>
  </code>
  <code code="MCAT">
    <editdetail attribution="Reuters BIP Coding Group" action="confirmed" date="1997-07-09"/>
  </code>
</codes>
<dc element="dc.date.created" value="1997-07-09"/>
<dc element="dc.publisher" value="Reuters Holdings Plc"/>
<dc element="dc.date.published" value="1997-07-09"/>
<dc element="dc.source" value="Reuters"/>
<dc element="dc.creator.location" value="KARACHI, Pakistan"/>
<dc element="dc.creator.location.country.name" value="PAKISTAN"/>
<dc element="dc.source" value="Reuters"/>
</metadata>
</newsitem>
