<?xml version="1.0" encoding="iso-8859-1" ?>
<newsitem itemid="677710" id="root" date="1997-06-20" xml:lang="en">
<title>JAPAN: Aplus -96/97 group results.</title>
<headline>Aplus -96/97 group results.</headline>
<dateline>TOKYO 1997-06-20</dateline>
<text>
<p>Year to March 31, 1997</p>
<p> (Group)	(in billions of yen unless specified)</p>
<p> Revenues	   110.27		vs	  127.28</p>
<p> Operating	prft 516 million	  vs    loss 16.15</p>
<p> Current	  prft 466 million	  vs    loss 16.14</p>
<p> Net	    loss 12.08		vs    loss 16.93</p>
<p> EPS	    loss 94.60 yen	  vs   loss 181.80 yen</p>
<p> Diluted EPS	     -		vs		 -</p>
<p>NOTE - Aplus Co Ltd is a consumer credit company.</p>
</text>
<copyright>(c) Reuters Limited 1997</copyright>
<metadata>
<codes class="bip:countries:1.0">
  <code code="JAP">
    <editdetail attribution="Reuters BIP Coding Group" action="confirmed" date="1997-06-20"/>
  </code>
</codes>
<codes class="bip:industries:1.0">
  <code code="I83100">
    <editdetail attribution="Reuters BIP Coding Group" action="confirmed" date="1997-06-20"/>
  </code>
</codes>
<codes class="bip:topics:1.0">
  <code code="C15">
    <editdetail attribution="Reuters BIP Coding Group" action="confirmed" date="1997-06-20"/>
  </code>
  <code code="C151">
    <editdetail attribution="Reuters BIP Coding Group" action="confirmed" date="1997-06-20"/>
  </code>
  <code code="C1511">
    <editdetail attribution="Reuters BIP Coding Group" action="confirmed" date="1997-06-20"/>
  </code>
  <code code="CCAT">
    <editdetail attribution="Reuters BIP Coding Group" action="confirmed" date="1997-06-20"/>
  </code>
</codes>
<dc element="dc.date.created" value="1997-06-20"/>
<dc element="dc.publisher" value="Reuters Holdings Plc"/>
<dc element="dc.date.published" value="1997-06-20"/>
<dc element="dc.source" value="Reuters"/>
<dc element="dc.creator.location" value="TOKYO"/>
<dc element="dc.creator.location.country.name" value="JAPAN"/>
<dc element="dc.source" value="Reuters"/>
</metadata>
</newsitem>
