<?xml version="1.0" encoding="iso-8859-1" ?>
<newsitem itemid="101514" id="root" date="1996-10-08" xml:lang="en">
<title>CANADA: CBRS confirms Shell Canada ratings.</title>
<headline>CBRS confirms Shell Canada ratings.</headline>
<dateline>MONTREAL 1996-10-08</dateline>
<text>
<p>Canadian Bond Rating Service said on Tuesday it confirmed the ratings on Shell Canada Ltd's commercial paper and debentures at A-1 and A+(Low), respectively, with a stable outlook.</p>
<p>The confirmation by CBRS follows the proposed sale of its chemicals business to a unit of Shell's parent company, Royal Dutch/Shell Group for C$635 million.</p>
<p>CBRS said the rating confirmation reflects low debt leverage and strong production characteristics, in part offset by the company's relatively weaker performance among the integrated companies in Canada.  </p>
<p>The bond rating service said the sale of the chemicals unit, which has been one of the major reasons for earnings decline in the first half of 1996, will constrain further operating losses and enable Shell Canada to exploit advantages in the upstream resources sector and lift the performance of its downstream oil products sector where margins have been negatively affected since the second quarter of 1996.</p>
<p>CBRS said the sale will further enhance the strong financial flexibility Shell enjoys after a buoyant performance in 1994/95 and the sale of its polypropylene unit in 1995.  </p>
<p>It said the sale will enable Shell to pursue projects in the resources area, including the development of oil sands liquids project and the Sable Island natural gas project, in which it has 23-percent interest.</p>
<p>CBRS said the stable outlook represents Shell's high leverage to natural gas production, improved capacity of total liquids production and the maintenance of debt leverage below 20 percent.</p>
<p>-- Reuters Toronto Bureau  (416) 941-8100</p>
</text>
<copyright>(c) Reuters Limited 1996</copyright>
<metadata>
<codes class="bip:countries:1.0">
  <code code="CANA">
    <editdetail attribution="Reuters BIP Coding Group" action="confirmed" date="1996-10-08"/>
  </code>
  <code code="NETH">
    <editdetail attribution="Reuters BIP Coding Group" action="confirmed" date="1996-10-08"/>
  </code>
  <code code="UK">
    <editdetail attribution="Reuters BIP Coding Group" action="confirmed" date="1996-10-08"/>
  </code>
</codes>
<codes class="bip:industries:1.0">
  <code code="I13000">
    <editdetail attribution="Reuters BIP Coding Group" action="confirmed" date="1996-10-08"/>
  </code>
  <code code="I1300003">
    <editdetail attribution="Reuters BIP Coding Group" action="confirmed" date="1996-10-08"/>
  </code>
  <code code="I14000">
    <editdetail attribution="Reuters BIP Coding Group" action="confirmed" date="1996-10-08"/>
  </code>
</codes>
<codes class="bip:topics:1.0">
  <code code="C17">
    <editdetail attribution="Reuters BIP Coding Group" action="confirmed" date="1996-10-08"/>
  </code>
  <code code="C174">
    <editdetail attribution="Reuters BIP Coding Group" action="confirmed" date="1996-10-08"/>
  </code>
  <code code="CCAT">
    <editdetail attribution="Reuters BIP Coding Group" action="confirmed" date="1996-10-08"/>
  </code>
</codes>
<dc element="dc.date.created" value="1996-10-08"/>
<dc element="dc.publisher" value="Reuters Holdings Plc"/>
<dc element="dc.date.published" value="1996-10-08"/>
<dc element="dc.source" value="Reuters"/>
<dc element="dc.creator.location" value="MONTREAL"/>
<dc element="dc.creator.location.country.name" value="CANADA"/>
<dc element="dc.source" value="Reuters"/>
</metadata>
</newsitem>
