<?xml version="1.0" encoding="iso-8859-1" ?>
<newsitem itemid="537416" id="root" date="1997-04-24" xml:lang="en">
<title>UK: ICI sees pound hitting 1997 profit.</title>
<headline>ICI sees pound hitting 1997 profit.</headline>
<dateline>LONDON 1997-04-24</dateline>
<text>
<p>Britain's Imperial Chemicals Industries Plc said on Thursday the strong pound could reduce full-year profit by about 120 million stg if it remained at current levels.  </p>
<p>ICI indicated during the the first quarter that it was looking at a full-year pound impact of about 80 to 90 million stg.</p>
<p>But the pound has gone up another five percent since then and the company is now looking at a larger number, finance director Alan Spall told Reuters.</p>
<p>&quot;It is probably in the 120 million pound area if the current rates subsist for the rest of the year,&quot; he said in a telephone interview.</p>
<p>ICI earlier reported that pre-tax profit before exceptional items fell to 65 million stg from 202 million stg. The strong pound reduced first-quarter profit by 40 million stg.</p>
<p>-- London newsroom +44 171 542 7717</p>
</text>
<copyright>(c) Reuters Limited 1997</copyright>
<metadata>
<codes class="bip:countries:1.0">
  <code code="UK">
    <editdetail attribution="Reuters BIP Coding Group" action="confirmed" date="1997-04-24"/>
  </code>
</codes>
<codes class="bip:industries:1.0">
  <code code="I25000">
    <editdetail attribution="Reuters BIP Coding Group" action="confirmed" date="1997-04-24"/>
  </code>
</codes>
<codes class="bip:topics:1.0">
  <code code="C15">
    <editdetail attribution="Reuters BIP Coding Group" action="confirmed" date="1997-04-24"/>
  </code>
  <code code="C151">
    <editdetail attribution="Reuters BIP Coding Group" action="confirmed" date="1997-04-24"/>
  </code>
  <code code="C152">
    <editdetail attribution="Reuters BIP Coding Group" action="confirmed" date="1997-04-24"/>
  </code>
  <code code="CCAT">
    <editdetail attribution="Reuters BIP Coding Group" action="confirmed" date="1997-04-24"/>
  </code>
</codes>
<dc element="dc.date.created" value="1997-04-24"/>
<dc element="dc.publisher" value="Reuters Holdings Plc"/>
<dc element="dc.date.published" value="1997-04-24"/>
<dc element="dc.source" value="Reuters"/>
<dc element="dc.creator.location" value="LONDON"/>
<dc element="dc.creator.location.country.name" value="UK"/>
<dc element="dc.source" value="Reuters"/>
</metadata>
</newsitem>
