<?xml version="1.0" encoding="iso-8859-1" ?>
<newsitem itemid="376099" id="root" date="1997-02-13" xml:lang="en">
<title>INDIA: DEBT - Indian brokers quotes on securities - Feb 13.</title>
<headline>DEBT - Indian brokers quotes on securities - Feb 13.</headline>
<dateline>BOMBAY 1997-02-13</dateline>
<text>
<p>Following are some indicative quotes made by Bombay-based brokers for dated Indian government securities and treasury bills on Thursday.</p>
<p>Government securities (bid/offer in rupees)</p>
<p>------------------------------------------</p>
<p>			DSP		-----	     -----</p>
<p>13.50% 97    102.85/102.95   ------/------   ------/------</p>
<p>13.50% 98    102.80/103.00   ------/------   ------/------</p>
<p>13.70% 99    102.65/102.70   ------/------   ------/------</p>
<p>13.40% 99    101.45/101.50   ------/------   ------/------</p>
<p>13.65% 99    102.10/102.22   ------/------   ------/------</p>
<p>12.00% 99     99.60/99.72    ------/------   ------/------</p>
<p>00.00% 99    ------/79.20    ------/------   ------/------</p>
<p>13.85% 00    102.25/102.35   ------/------   ------/------</p>
<p>13.55% 01    101.25/101.35   ------/------   ------/------</p>
<p>13.82% 02    102.73/102.80   ------/------   ------/------</p>
<p>12.50% 04     96.18/96.30    ------/------   ------/------</p>
<p>14.00% 05    ------/102.76   ------/------   ------/------</p>
<p>14.00% 06    103.20/103.35   ------/------   ------/------</p>
<p>Treasury bills (bid/offer in percent)</p>
<p>------------------------------------</p>
<p>Maturing on	 DSP		 ---		 ---</p>
<p>--/--/--     ------/------   ------/------   ------/------</p>
<p>30/01/98     ------/9.95     ------/------   ------/------</p>
<p>Maturing on	 ---		 ---		 ---</p>
<p>--/--/--     ------/------   ------/------   ------/------</p>
<p>Note:	DSP    : DSP Financial Consultants ltd.</p>
<p>			  (Mr. Jayesh, Ms. Smita, Mr. Raj)</p>
<p>			  Tel : 2844771/2, 2854774-80 Fax: 2831198)</p>
<p>--</p>
<p>	   -- Bombay newsroom +91-22-265 9000</p>
</text>
<copyright>(c) Reuters Limited 1997</copyright>
<metadata>
<codes class="bip:countries:1.0">
  <code code="INDIA">
    <editdetail attribution="Reuters BIP Coding Group" action="confirmed" date="1997-02-13"/>
  </code>
</codes>
<codes class="bip:topics:1.0">
  <code code="M12">
    <editdetail attribution="Reuters BIP Coding Group" action="confirmed" date="1997-02-13"/>
  </code>
  <code code="M13">
    <editdetail attribution="Reuters BIP Coding Group" action="confirmed" date="1997-02-13"/>
  </code>
  <code code="M131">
    <editdetail attribution="Reuters BIP Coding Group" action="confirmed" date="1997-02-13"/>
  </code>
  <code code="MCAT">
    <editdetail attribution="Reuters BIP Coding Group" action="confirmed" date="1997-02-13"/>
  </code>
</codes>
<dc element="dc.date.created" value="1997-02-13"/>
<dc element="dc.publisher" value="Reuters Holdings Plc"/>
<dc element="dc.date.published" value="1997-02-13"/>
<dc element="dc.source" value="Reuters"/>
<dc element="dc.creator.location" value="BOMBAY"/>
<dc element="dc.creator.location.country.name" value="INDIA"/>
<dc element="dc.source" value="Reuters"/>
</metadata>
</newsitem>
