<?xml version="1.0" encoding="iso-8859-1" ?>
<newsitem itemid="401410" id="root" date="1997-02-25" xml:lang="en">
<title>USA: China main source of imports into NY airports.</title>
<headline>China main source of imports into NY airports.</headline>
<dateline>NEW YORK 1997-02-25</dateline>
<text>
<p>China continued to head the country list for for air imports into the New York airports of John . Kennedy airport and Newark in January-September 1996. the Port Authority of New York and New Jersey said.</p>
<p>The top ten countries as origin of imports in tonnes:</p>
<p>				Jan-Sep '96	    Jan-Sep '95</p>
<p> 1  China		    33,285		    32,674</p>
<p> 2  Italy		    32,114		    32,509</p>
<p> 3  Netherlands	    29,089		    26,564</p>
<p> 4  Germany		  28,286		    29,067</p>
<p> 5  United Kingdom	 27,683		    28,182</p>
<p> 6  India		    23,483		    20,267</p>
<p> 7  France		   19,474		    22,240</p>
<p> 8  Japan		    17,184		    18,752</p>
<p> 9  Hong Kong		15,345		    16,179</p>
<p> 10 Taiwan		   12,584		    13,143</p>
<p>- Reuters Air Cargo Newsroom Tel+44 171 542 7706 Fax+5017</p>
</text>
<copyright>(c) Reuters Limited 1997</copyright>
<metadata>
<codes class="bip:countries:1.0">
  <code code="CHINA">
    <editdetail attribution="Reuters BIP Coding Group" action="confirmed" date="1997-02-25"/>
  </code>
  <code code="USA">
    <editdetail attribution="Reuters BIP Coding Group" action="confirmed" date="1997-02-25"/>
  </code>
</codes>
<codes class="bip:industries:1.0">
  <code code="I75000">
    <editdetail attribution="Reuters BIP Coding Group" action="confirmed" date="1997-02-25"/>
  </code>
  <code code="I76300">
    <editdetail attribution="Reuters BIP Coding Group" action="confirmed" date="1997-02-25"/>
  </code>
  <code code="I76400">
    <editdetail attribution="Reuters BIP Coding Group" action="confirmed" date="1997-02-25"/>
  </code>
  <code code="I77002">
    <editdetail attribution="Reuters BIP Coding Group" action="confirmed" date="1997-02-25"/>
  </code>
</codes>
<codes class="bip:topics:1.0">
  <code code="C31">
    <editdetail attribution="Reuters BIP Coding Group" action="confirmed" date="1997-02-25"/>
  </code>
  <code code="C311">
    <editdetail attribution="Reuters BIP Coding Group" action="confirmed" date="1997-02-25"/>
  </code>
  <code code="CCAT">
    <editdetail attribution="Reuters BIP Coding Group" action="confirmed" date="1997-02-25"/>
  </code>
</codes>
<dc element="dc.date.created" value="1997-02-25"/>
<dc element="dc.publisher" value="Reuters Holdings Plc"/>
<dc element="dc.date.published" value="1997-02-25"/>
<dc element="dc.source" value="Reuters"/>
<dc element="dc.creator.location" value="NEW YORK"/>
<dc element="dc.creator.location.country.name" value="USA"/>
<dc element="dc.source" value="Reuters"/>
</metadata>
</newsitem>
