<?xml version="1.0" encoding="iso-8859-1" ?>
<newsitem itemid="190674" id="root" date="1996-11-14" xml:lang="en">
<title>JAPAN: Sanyo Special Steel - 6mth parent results.</title>
<headline>Sanyo Special Steel - 6mth parent results.</headline>
<dateline>TOKYO 1996-11-14</dateline>
<text>
<p>Six months to September 30, 1996</p>
<p> (Parent)	(in billions of yen unless specified)</p>
<p> Sales		 48.42		vs	   51.61</p>
<p> Operating   loss 390    million	  vs     prft 1.74</p>
<p> Current     loss 390    million	  vs     prft 1.51</p>
<p> Net	   loss 452    million	  vs	prft 655 million</p>
<p> EPS	     loss 2.35 yen	  vs     prft 3.40 yen</p>
<p> Shares	    193 million	  vs	 193 million</p>
<p> Interim div	  1.50 yen	  vs	    2.00 yen</p>
<p>NOTE - Sanyo Special Steel Co Ltd makes special steel products.</p>
</text>
<copyright>(c) Reuters Limited 1996</copyright>
<metadata>
<codes class="bip:countries:1.0">
  <code code="JAP">
    <editdetail attribution="Reuters BIP Coding Group" action="confirmed" date="1996-11-14"/>
  </code>
</codes>
<codes class="bip:industries:1.0">
  <code code="I22100">
    <editdetail attribution="Reuters BIP Coding Group" action="confirmed" date="1996-11-14"/>
  </code>
</codes>
<codes class="bip:topics:1.0">
  <code code="C15">
    <editdetail attribution="Reuters BIP Coding Group" action="confirmed" date="1996-11-14"/>
  </code>
  <code code="C151">
    <editdetail attribution="Reuters BIP Coding Group" action="confirmed" date="1996-11-14"/>
  </code>
  <code code="CCAT">
    <editdetail attribution="Reuters BIP Coding Group" action="confirmed" date="1996-11-14"/>
  </code>
</codes>
<dc element="dc.date.created" value="1996-11-14"/>
<dc element="dc.publisher" value="Reuters Holdings Plc"/>
<dc element="dc.date.published" value="1996-11-14"/>
<dc element="dc.source" value="Reuters"/>
<dc element="dc.creator.location" value="TOKYO"/>
<dc element="dc.creator.location.country.name" value="JAPAN"/>
<dc element="dc.source" value="Reuters"/>
</metadata>
</newsitem>
