<?xml version="1.0" encoding="iso-8859-1" ?>
<newsitem itemid="536346" id="root" date="1997-04-24" xml:lang="en">
<title>PAKISTAN: Pakistan stocks end down, but off early lows.</title>
<headline>Pakistan stocks end down, but off early lows.</headline>
<dateline>KARACHI, Pakistan 1997-04-23</dateline>
<text>
<p>Pakistan stocks ended down on Wednesday, but were off early lows as select blue chips rose towards the close on speculative buying on the settlement day, dealers said.</p>
<p>&quot;Early losses were cut as some blue chips gained on short-covering by speculators,&quot; dealer Sajjad Mankani said. &quot;The stock prices are likely to gain on Thursday, the new accounts day, as levels are attractive.&quot;</p>
<p>The Karachi Stock Exchange (KSE) 100-share index fell 6.95 points, or 0.45 percent, to end at 1,525.92 after plunging to 1,518.43 in early trade. Losers led gainers 196 to 63.  </p>
<p>Turnover fell to 63.25 million shares from 63.68 million on Tuesday.</p>
<p>Hub Power rose 0.60 to 37.30 rupees and ICI Pakistan 0.15 to 22.80. PTCL fell 0.95 to 25.35.</p>
<p>						   Wednesday   Previous</p>
<p>KSE all-share index			  941.01	960.02</p>
<p>Market capitalisation (in bln rupees)  466.30	475.63</p>
<p>Trading value (in bln rupees)		1.73	1.71</p>
<p>($1=40.34 rupees) -- Amir Zia 9221-5685192</p>
</text>
<copyright>(c) Reuters Limited 1997</copyright>
<metadata>
<codes class="bip:countries:1.0">
  <code code="PAKIS">
    <editdetail attribution="Reuters BIP Coding Group" action="confirmed" date="1997-04-24"/>
  </code>
</codes>
<codes class="bip:topics:1.0">
  <code code="M11">
    <editdetail attribution="Reuters BIP Coding Group" action="confirmed" date="1997-04-24"/>
  </code>
  <code code="MCAT">
    <editdetail attribution="Reuters BIP Coding Group" action="confirmed" date="1997-04-24"/>
  </code>
</codes>
<dc element="dc.date.created" value="1997-04-23"/>
<dc element="dc.publisher" value="Reuters Holdings Plc"/>
<dc element="dc.date.published" value="1997-04-24"/>
<dc element="dc.source" value="Reuters"/>
<dc element="dc.creator.location" value="KARACHI, Pakistan"/>
<dc element="dc.creator.location.country.name" value="PAKISTAN"/>
<dc element="dc.source" value="Reuters"/>
</metadata>
</newsitem>
