<?xml version="1.0" encoding="iso-8859-1" ?>
<newsitem itemid="720023" id="root" date="1997-07-10" xml:lang="en">
<title>USA: TABLE-Bon-Ton Stores June sales up.</title>
<headline>TABLE-Bon-Ton Stores June sales up.</headline>
<dateline>YORK, Pa. 1997-07-10</dateline>
<text>
<p>Percent change</p>
<p>		    1997	 1996	     Total     Same-Store</p>
<p>Month		$53.3	$49.6	+5.5	 +6.8</p>
<p>Year-to-date    $234.1     $224.3	+4.4	 +5.6</p>
<p>NOTE: Figures in millions except percentage.</p>
<p>Month is  five weeks ended July 5.</p>
<p>Full company name is  Bon-Ton Stores Inc</p>
</text>
<copyright>(c) Reuters Limited 1997</copyright>
<metadata>
<codes class="bip:countries:1.0">
  <code code="USA">
    <editdetail attribution="Reuters BIP Coding Group" action="confirmed" date="1997-07-10"/>
  </code>
</codes>
<codes class="bip:industries:1.0">
  <code code="I65600">
    <editdetail attribution="Reuters BIP Coding Group" action="confirmed" date="1997-07-10"/>
  </code>
  <code code="I6560002">
    <editdetail attribution="Reuters BIP Coding Group" action="confirmed" date="1997-07-10"/>
  </code>
</codes>
<codes class="bip:topics:1.0">
  <code code="C31">
    <editdetail attribution="Reuters BIP Coding Group" action="confirmed" date="1997-07-10"/>
  </code>
  <code code="CCAT">
    <editdetail attribution="Reuters BIP Coding Group" action="confirmed" date="1997-07-10"/>
  </code>
</codes>
<dc element="dc.date.created" value="1997-07-10"/>
<dc element="dc.publisher" value="Reuters Holdings Plc"/>
<dc element="dc.date.published" value="1997-07-10"/>
<dc element="dc.source" value="Reuters"/>
<dc element="dc.creator.location" value="YORK, Pa."/>
<dc element="dc.creator.location.country.name" value="USA"/>
<dc element="dc.source" value="Reuters"/>
</metadata>
</newsitem>
