<?xml version="1.0" encoding="iso-8859-1" ?>
<newsitem itemid="383248" id="root" date="1997-02-17" xml:lang="en">
<title>TAIWAN: Taiwan three-month NCDs average yield at 5.300 pct.</title>
<headline>Taiwan three-month NCDs average yield at 5.300 pct.</headline>
<dateline>TAIPEI 1997-02-17</dateline>
<text>
<p>Taiwan's central bank on Monday issued T$5 billion in three-month negotiable certificates of deposit at an average yield of 5.300 percent, a bank official said.</p>
<p>Demand totalled T$7 billion.</p>
<p>-- Taipei Newsroom (5080815)</p>
</text>
<copyright>(c) Reuters Limited 1997</copyright>
<metadata>
<codes class="bip:countries:1.0">
  <code code="TAIWAN">
    <editdetail attribution="Reuters BIP Coding Group" action="confirmed" date="1997-02-17"/>
  </code>
</codes>
<codes class="bip:topics:1.0">
  <code code="M13">
    <editdetail attribution="Reuters BIP Coding Group" action="confirmed" date="1997-02-17"/>
  </code>
  <code code="M131">
    <editdetail attribution="Reuters BIP Coding Group" action="confirmed" date="1997-02-17"/>
  </code>
  <code code="MCAT">
    <editdetail attribution="Reuters BIP Coding Group" action="confirmed" date="1997-02-17"/>
  </code>
</codes>
<dc element="dc.date.created" value="1997-02-17"/>
<dc element="dc.publisher" value="Reuters Holdings Plc"/>
<dc element="dc.date.published" value="1997-02-17"/>
<dc element="dc.source" value="Reuters"/>
<dc element="dc.creator.location" value="TAIPEI"/>
<dc element="dc.creator.location.country.name" value="TAIWAN"/>
<dc element="dc.source" value="Reuters"/>
</metadata>
</newsitem>
