<?xml version="1.0" encoding="iso-8859-1" ?>
<newsitem itemid="345682" id="root" date="1997-01-30" xml:lang="en">
<title>USA: Fischer Imaging Q4 shr runs a loss.</title>
<headline>Fischer Imaging Q4 shr runs a loss.</headline>
<dateline>DENVER, Colorado 1997-01-29</dateline>
<text>
<p>FISCHER IMAGING CORPORATION</p>
<p>				SELECTED FINANCIAL DATA</p>
<p>	     (All amounts in thousands, except per share data)</p>
<p>			  Fourth Quarter Ended   Year Ended</p>
<p>			  12/31/96     12/31/95  12/31/96  12/31/95</p>
<p> Net Revenues	    $14,643	$23,005  $77,508  $76,750</p>
<p> Gross Profit		5,132	  9,220   30,435   29,845</p>
<p> Operating Expenses	8,475	  7,714   30,385   26,951</p>
<p>Earnings (Loss)</p>
<p>  From Operations	(3,343)	  1,506	 50    2,894</p>
<p>Earnings (Loss) Before</p>
<p>  Income Taxes	   (3,575)	  1,466    (570)    2,277</p>
<p> Net Earnings (Loss)  ( 2,621)	  1,466   ( 361)    2,277</p>
<p>Net earnings (loss)</p>
<p>per common and</p>
<p>common equivalent share</p>
<p>			     ( 0.32)	   0.21  ( 0.05)     0.36</p>
<p>Weighted average common</p>
<p>and common equivalent</p>
<p>  shares outstanding     8,254	  7,062    7,632    6,331</p>
<p>-- New York Newsdesk 212 859-1610</p>
</text>
<copyright>(c) Reuters Limited 1997</copyright>
<metadata>
<codes class="bip:countries:1.0">
  <code code="USA">
    <editdetail attribution="Reuters BIP Coding Group" action="confirmed" date="1997-01-30"/>
  </code>
</codes>
<codes class="bip:industries:1.0">
  <code code="I37200">
    <editdetail attribution="Reuters BIP Coding Group" action="confirmed" date="1997-01-30"/>
  </code>
</codes>
<codes class="bip:topics:1.0">
  <code code="C15">
    <editdetail attribution="Reuters BIP Coding Group" action="confirmed" date="1997-01-30"/>
  </code>
  <code code="C151">
    <editdetail attribution="Reuters BIP Coding Group" action="confirmed" date="1997-01-30"/>
  </code>
  <code code="C1511">
    <editdetail attribution="Reuters BIP Coding Group" action="confirmed" date="1997-01-30"/>
  </code>
  <code code="CCAT">
    <editdetail attribution="Reuters BIP Coding Group" action="confirmed" date="1997-01-30"/>
  </code>
</codes>
<dc element="dc.date.created" value="1997-01-29"/>
<dc element="dc.publisher" value="Reuters Holdings Plc"/>
<dc element="dc.date.published" value="1997-01-30"/>
<dc element="dc.source" value="Reuters"/>
<dc element="dc.creator.location" value="DENVER, Colorado"/>
<dc element="dc.creator.location.country.name" value="USA"/>
<dc element="dc.source" value="Reuters"/>
</metadata>
</newsitem>
