<?xml version="1.0" encoding="iso-8859-1" ?>
<newsitem itemid="115600" id="root" date="1996-10-14" xml:lang="en">
<title>MALAYSIA: KL tin down three cents to 14.90 rgt/kg.</title>
<headline>KL tin down three cents to 14.90 rgt/kg.</headline>
<dateline>KUALA LUMPUR 1996-10-14</dateline>
<text>
<p>Malaysia's tin price fell three cents to 14.90 ringgit ($5.95) a kg in tandem with Friday's fall on the London Metal Exchange (LME), dealers said.</p>
<p>&quot;I think the market is following the LME again after a brief respite and climbing to the old support level of 15 ringgit (a kg),&quot; said a local tin dealer.</p>
<p>Turnover fell to 50 tonnes from 97 on Friday. Bids totalled 49 tonnes against offers of 60. Buyers were from Japan and Malaysia. The premium against London rose to $55 a tonne from $35 previously.</p>
<p>-- Barani Krishnaan (603-230-7509) ($1=2.5035 ringgit)</p>
</text>
<copyright>(c) Reuters Limited 1996</copyright>
<metadata>
<codes class="bip:countries:1.0">
  <code code="MALAY">
    <editdetail attribution="Reuters BIP Coding Group" action="confirmed" date="1996-10-14"/>
  </code>
</codes>
<codes class="bip:topics:1.0">
  <code code="M14">
    <editdetail attribution="Reuters BIP Coding Group" action="confirmed" date="1996-10-14"/>
  </code>
  <code code="M142">
    <editdetail attribution="Reuters BIP Coding Group" action="confirmed" date="1996-10-14"/>
  </code>
  <code code="MCAT">
    <editdetail attribution="Reuters BIP Coding Group" action="confirmed" date="1996-10-14"/>
  </code>
</codes>
<dc element="dc.date.created" value="1996-10-14"/>
<dc element="dc.publisher" value="Reuters Holdings Plc"/>
<dc element="dc.date.published" value="1996-10-14"/>
<dc element="dc.source" value="Reuters"/>
<dc element="dc.creator.location" value="KUALA LUMPUR"/>
<dc element="dc.creator.location.country.name" value="MALAYSIA"/>
<dc element="dc.source" value="Reuters"/>
</metadata>
</newsitem>
