<?xml version="1.0" encoding="iso-8859-1" ?>
<newsitem itemid="385624" id="root" date="1997-02-18" xml:lang="en">
<title>LEBANON: Bank shares up, Solidere mixed in Beirut.</title>
<headline>Bank shares up, Solidere mixed in Beirut.</headline>
<dateline>BEIRUT 1997-02-18</dateline>
<text>
<p>Bank shares rose on the Beirut Stock Exchange on Tuesday as Banque Audi shares went up to $17.25 from $17.125 and Banque Libanaise pour le Commerce rose to $12.625 from $12.5.</p>
<p>Solidere shares were mixed with A shares steady at $10.5 and B shares down to $10.875 from $11.</p>
<p>Turnover in Audi was 40,414 shares from Monday's 35,785 shares. Tuesday's deals included a block trade of 20,000 Audi shares traded inside the bourse floor at $17.125 for a value of $342,500.</p>
<p>A total of 41,000 BLC shares -- including a bloc of 15,000 shares changing hands at $12.375 outside the floor -- were traded on Tuesday against 26,500 shares on Monday.</p>
<p>There was no trade in the four other listed firms: Ciments Libanais, Ciments Blancs, Uniceramic and Eternit.</p>
<p>The BSE also announced on Tuesday a bloc trade of 3,108,307 Ciments Libanais shares traded at $1.5481 outside the floor on February 12.</p>
<p>According to BSE laws, brokers must declare any such transactions within six days from the day of execution.</p>
<p>Total BSE turnover was 138,035 shares from 151,887 for a value of $1,783,060 against $1,907,289 on Monday.</p>
<p>The LISPI stock index rose 0.06 percent to 81.66</p>
<p>- Beirut editorial (9611) 602057 345723 345740</p>
</text>
<copyright>(c) Reuters Limited 1997</copyright>
<metadata>
<codes class="bip:countries:1.0">
  <code code="LEBAN">
    <editdetail attribution="Reuters BIP Coding Group" action="confirmed" date="1997-02-18"/>
  </code>
</codes>
<codes class="bip:topics:1.0">
  <code code="M11">
    <editdetail attribution="Reuters BIP Coding Group" action="confirmed" date="1997-02-18"/>
  </code>
  <code code="MCAT">
    <editdetail attribution="Reuters BIP Coding Group" action="confirmed" date="1997-02-18"/>
  </code>
</codes>
<dc element="dc.date.created" value="1997-02-18"/>
<dc element="dc.publisher" value="Reuters Holdings Plc"/>
<dc element="dc.date.published" value="1997-02-18"/>
<dc element="dc.source" value="Reuters"/>
<dc element="dc.creator.location" value="BEIRUT"/>
<dc element="dc.creator.location.country.name" value="LEBANON"/>
<dc element="dc.source" value="Reuters"/>
</metadata>
</newsitem>
