<?xml version="1.0" encoding="iso-8859-1" ?>
<newsitem itemid="392391" id="root" date="1997-02-20" xml:lang="en">
<title>JAPAN: Pioneer Electronic - Apr-Dec group results.</title>
<headline>Pioneer Electronic - Apr-Dec group results.</headline>
<dateline>TOKYO 1997-02-20</dateline>
<text>
<p>Three months to December 31, 1996</p>
<p> (Group)	(in billions of yen unless specified)</p>
<p> Sales		412.60		vs	  383.33</p>
<p> Operating	prft 263 million	  vs     loss 8.11</p>
<p> Current	 loss 4.69		vs     loss 5.71</p>
<p> Net	   loss 554    million	  vs     loss 3.23</p>
<p> Diluted EPS   loss 3.09 yen	  vs    loss 17.99 yen</p>
<p>NOTE - Pioneer Electronic Corp specialises in audio equipment. (Figures are reported based on U.S. accounting rules.)</p>
</text>
<copyright>(c) Reuters Limited 1997</copyright>
<metadata>
<codes class="bip:countries:1.0">
  <code code="JAP">
    <editdetail attribution="Reuters BIP Coding Group" action="confirmed" date="1997-02-20"/>
  </code>
</codes>
<codes class="bip:industries:1.0">
  <code code="I34540">
    <editdetail attribution="Reuters BIP Coding Group" action="confirmed" date="1997-02-20"/>
  </code>
</codes>
<codes class="bip:topics:1.0">
  <code code="C15">
    <editdetail attribution="Reuters BIP Coding Group" action="confirmed" date="1997-02-20"/>
  </code>
  <code code="C151">
    <editdetail attribution="Reuters BIP Coding Group" action="confirmed" date="1997-02-20"/>
  </code>
  <code code="CCAT">
    <editdetail attribution="Reuters BIP Coding Group" action="confirmed" date="1997-02-20"/>
  </code>
</codes>
<dc element="dc.date.created" value="1997-02-20"/>
<dc element="dc.publisher" value="Reuters Holdings Plc"/>
<dc element="dc.date.published" value="1997-02-20"/>
<dc element="dc.source" value="Reuters"/>
<dc element="dc.creator.location" value="TOKYO"/>
<dc element="dc.creator.location.country.name" value="JAPAN"/>
<dc element="dc.source" value="Reuters"/>
</metadata>
</newsitem>
