<?xml version="1.0" encoding="iso-8859-1" ?>
<newsitem itemid="674469" id="root" date="1997-06-19" xml:lang="en">
<title>UK: BCCI stigma legal action may hit creditors -report.</title>
<headline>BCCI stigma legal action may hit creditors -report.</headline>
<dateline>LONDON 1997-06-19</dateline>
<text>
<p>Legal claims from former employees of the collapsed Bank of Credit and Commerce International (BCCI) could delay a proposed 1.0 billion stg payment to creditors, the Daily Telegraph said on Thursday.</p>
<p>Last week, Britain's highest court gave former BCCI workers the chance to sue for compensation for the stigma of having worked for the fraud-ridden bank.</p>
<p>The report said the expected legal action could involve 2,000 staff, with claims possibly exceeding 120 million stg.</p>
<p>The report said the action would also erode the liquidator's 625 million stg reserve fund for legal costs.</p>
<p>BCCI collapsed in 1991 with debts of more than $12 billion amid the biggest fraud in banking history.</p>
<p>--London Newsroom +44 171 542 4017</p>
</text>
<copyright>(c) Reuters Limited 1997</copyright>
<metadata>
<codes class="bip:countries:1.0">
  <code code="UK">
    <editdetail attribution="Reuters BIP Coding Group" action="confirmed" date="1997-06-19"/>
  </code>
</codes>
<codes class="bip:industries:1.0">
  <code code="I81402">
    <editdetail attribution="Reuters BIP Coding Group" action="confirmed" date="1997-06-19"/>
  </code>
</codes>
<codes class="bip:topics:1.0">
  <code code="C12">
    <editdetail attribution="Reuters BIP Coding Group" action="confirmed" date="1997-06-19"/>
  </code>
  <code code="CCAT">
    <editdetail attribution="Reuters BIP Coding Group" action="confirmed" date="1997-06-19"/>
  </code>
  <code code="GCAT">
    <editdetail attribution="Reuters BIP Coding Group" action="confirmed" date="1997-06-19"/>
  </code>
  <code code="GCRIM">
    <editdetail attribution="Reuters BIP Coding Group" action="confirmed" date="1997-06-19"/>
  </code>
</codes>
<dc element="dc.date.created" value="1997-06-19"/>
<dc element="dc.publisher" value="Reuters Holdings Plc"/>
<dc element="dc.date.published" value="1997-06-19"/>
<dc element="dc.source" value="Reuters"/>
<dc element="dc.creator.location" value="LONDON"/>
<dc element="dc.creator.location.country.name" value="UK"/>
<dc element="dc.source" value="Reuters"/>
</metadata>
</newsitem>
