<?xml version="1.0" encoding="iso-8859-1" ?>
<newsitem itemid="599914" id="root" date="1997-05-20" xml:lang="en">
<title>JAPAN: Shinko Pantec -96/97 parent results.</title>
<headline>Shinko Pantec -96/97 parent results.</headline>
<dateline>TOKYO 1997-05-20</dateline>
<text>
<p>Year to March 31, 1997</p>
<p> (Parent)	(in billions of yen unless specified)</p>
<p> Sales		 35.40		vs	   35.74</p>
<p> Operating	    1.14		vs	    1.44</p>
<p> Current		1.27		vs	    1.90</p>
<p> Net		  508    million	  vs	  450    million</p>
<p> EPS		   20.44 yen	  vs	   18.08 yen</p>
<p> Diluted EPS	     -		vs		 -</p>
<p> Shares	     25 million	  vs	  25 million</p>
<p> Ord div		8.00 yen	  vs	    8.00 yen</p>
<p> -Commem div	     -		vs	    2.00 yen</p>
<p>NOTE - Shinko Pantec Co Ltd is a plant maker affiliated with Kobe Steel.</p>
</text>
<copyright>(c) Reuters Limited 1997</copyright>
<metadata>
<codes class="bip:countries:1.0">
  <code code="JAP">
    <editdetail attribution="Reuters BIP Coding Group" action="confirmed" date="1997-05-20"/>
  </code>
</codes>
<codes class="bip:industries:1.0">
  <code code="I32000">
    <editdetail attribution="Reuters BIP Coding Group" action="confirmed" date="1997-05-20"/>
  </code>
</codes>
<codes class="bip:topics:1.0">
  <code code="C15">
    <editdetail attribution="Reuters BIP Coding Group" action="confirmed" date="1997-05-20"/>
  </code>
  <code code="C151">
    <editdetail attribution="Reuters BIP Coding Group" action="confirmed" date="1997-05-20"/>
  </code>
  <code code="C1511">
    <editdetail attribution="Reuters BIP Coding Group" action="confirmed" date="1997-05-20"/>
  </code>
  <code code="CCAT">
    <editdetail attribution="Reuters BIP Coding Group" action="confirmed" date="1997-05-20"/>
  </code>
</codes>
<dc element="dc.date.created" value="1997-05-20"/>
<dc element="dc.publisher" value="Reuters Holdings Plc"/>
<dc element="dc.date.published" value="1997-05-20"/>
<dc element="dc.source" value="Reuters"/>
<dc element="dc.creator.location" value="TOKYO"/>
<dc element="dc.creator.location.country.name" value="JAPAN"/>
<dc element="dc.source" value="Reuters"/>
</metadata>
</newsitem>
