<?xml version="1.0" encoding="iso-8859-1" ?>
<newsitem itemid="190164" id="root" date="1996-11-14" xml:lang="en">
<title>PORTUGAL: Soporcel unaware any delay to new machine.</title>
<headline>Soporcel unaware any delay to new machine.</headline>
<dateline>LISBON 1996-11-14</dateline>
<text>
<p>Portuguese paper group Soporcel-Sociedade Portuguesa de Papel expects a government study on the pulp and paper sector to be ready by end-year and is pressing ahead with plans for a second paper machine, the company's chairman said on Thursday.</p>
<p>Alvaro Barreto told Reuters that the 63-billion escudo ($413 million) investment programme in the new capacity had not be delayed.</p>
<p>He had been asked to comment on a report in the Publico newspaper that the government's study of a restructuring of the sector was several months behind schedule. The paper said this meant the Soporcel investment was also being pushed back.</p>
<p>The government survey covers state-controlled Portucel Industrial along with Inapa-Investimentos, Participacoes &amp; Gestao and Soporcel.</p>
<p>&quot;Our planning is based on the information given to us by the Economy Minister, some two weeks ago, that the (government) survey would be ready by the end of the year,&quot; Barreto said.</p>
<p>Officials at the Economy Ministry could not be immediately contacted to comment.</p>
<p>Barreto said negotiations on the financing of the second machine in its Figueira da Foz installations were going ahead.</p>
<p>The new machine is due to come on stream in June 1998.</p>
<p>According to Publico, the government had contacted four international banks -- Goldman Sachs, Union Bank of Switzerland, Banco Santander de Negocios &amp; Deutsche Morgan Grenfell-- for the study on the re-organisation of the pulp and paper sector.</p>
<p>($1=152.4 escudos)</p>
<p>--Jose Barata, Lisbon bureau 3511-3113121</p>
</text>
<copyright>(c) Reuters Limited 1996</copyright>
<metadata>
<codes class="bip:countries:1.0">
  <code code="PORL">
    <editdetail attribution="Reuters BIP Coding Group" action="confirmed" date="1996-11-14"/>
  </code>
</codes>
<codes class="bip:industries:1.0">
  <code code="I47101">
    <editdetail attribution="Reuters BIP Coding Group" action="confirmed" date="1996-11-14"/>
  </code>
</codes>
<codes class="bip:topics:1.0">
  <code code="C11">
    <editdetail attribution="Reuters BIP Coding Group" action="confirmed" date="1996-11-14"/>
  </code>
  <code code="C13">
    <editdetail attribution="Reuters BIP Coding Group" action="confirmed" date="1996-11-14"/>
  </code>
  <code code="C24">
    <editdetail attribution="Reuters BIP Coding Group" action="confirmed" date="1996-11-14"/>
  </code>
  <code code="CCAT">
    <editdetail attribution="Reuters BIP Coding Group" action="confirmed" date="1996-11-14"/>
  </code>
</codes>
<dc element="dc.date.created" value="1996-11-14"/>
<dc element="dc.publisher" value="Reuters Holdings Plc"/>
<dc element="dc.date.published" value="1996-11-14"/>
<dc element="dc.source" value="Reuters"/>
<dc element="dc.creator.location" value="LISBON"/>
<dc element="dc.creator.location.country.name" value="PORTUGAL"/>
<dc element="dc.source" value="Reuters"/>
</metadata>
</newsitem>
