<?xml version="1.0" encoding="iso-8859-1" ?>
<newsitem itemid="500348" id="root" date="1997-04-10" xml:lang="en">
<title>SPAIN: Uralita sees 1997 net profit at 4 bln ptas.</title>
<headline>Uralita sees 1997 net profit at 4 bln ptas.</headline>
<dateline>MADRID 1997-04-10</dateline>
<text>
<p>Spanish building material firm Uralita is expecting a 1997 net profit of around 4.0 billion pesetas, versus 2.2 billion in 1996, managing director Eugenio Ruiz-Galvez said on Thursday, local news agency EFE reported.</p>
<p>Galvez told reporters in Barcelona that 1997 turnover should be over 140 billion pesetas, versus 134 billion in 1996.</p>
<p>He said the company also expected to see a recovery in the building sector and a better performance in the health division, which posted 1996 losses of 1.3 billion pesetas.</p>
<p>-- Madrid Newsroom, + 341 585 8340</p>
</text>
<copyright>(c) Reuters Limited 1997</copyright>
<metadata>
<codes class="bip:countries:1.0">
  <code code="SPAIN">
    <editdetail attribution="Reuters BIP Coding Group" action="confirmed" date="1997-04-10"/>
  </code>
</codes>
<codes class="bip:industries:1.0">
  <code code="I24300">
    <editdetail attribution="Reuters BIP Coding Group" action="confirmed" date="1997-04-10"/>
  </code>
</codes>
<codes class="bip:topics:1.0">
  <code code="C15">
    <editdetail attribution="Reuters BIP Coding Group" action="confirmed" date="1997-04-10"/>
  </code>
  <code code="C152">
    <editdetail attribution="Reuters BIP Coding Group" action="confirmed" date="1997-04-10"/>
  </code>
  <code code="CCAT">
    <editdetail attribution="Reuters BIP Coding Group" action="confirmed" date="1997-04-10"/>
  </code>
</codes>
<dc element="dc.date.created" value="1997-04-10"/>
<dc element="dc.publisher" value="Reuters Holdings Plc"/>
<dc element="dc.date.published" value="1997-04-10"/>
<dc element="dc.source" value="Reuters"/>
<dc element="dc.creator.location" value="MADRID"/>
<dc element="dc.creator.location.country.name" value="SPAIN"/>
<dc element="dc.source" value="Reuters"/>
</metadata>
</newsitem>
