<?xml version="1.0" encoding="iso-8859-1" ?>
<newsitem itemid="10772" id="root" date="1996-08-23" xml:lang="en">
<title>USA: Questar signs pact to buy oil, gas reserves.</title>
<headline>Questar signs pact to buy oil, gas reserves.</headline>
<dateline>SALT LAKE CITY 1996-08-23</dateline>
<text>
<p>Questar Corp said on Friday that it signed a definitive agreement to buy 157 billion cubic feet equivalent of gas and oil reserves located primarily in Texas, Oklahoma and Louisiana.</p>
<p>Questar will pay PMC Reserve Acquisition Co about $116 million for the reserves.</p>
<p>The purchase price has been adjusted by an undisclosed amount to reflect revenues generated by the properties prior to the closing, which is expected to occur by October 1.</p>
</text>
<copyright>(c) Reuters Limited 1996</copyright>
<metadata>
<codes class="bip:countries:1.0">
  <code code="USA">
    <editdetail attribution="Reuters BIP Coding Group" action="confirmed" date="1996-08-23"/>
  </code>
</codes>
<codes class="bip:industries:1.0">
  <code code="I16200">
    <editdetail attribution="Reuters BIP Coding Group" action="confirmed" date="1996-08-23"/>
  </code>
</codes>
<codes class="bip:topics:1.0">
  <code code="C18">
    <editdetail attribution="Reuters BIP Coding Group" action="confirmed" date="1996-08-23"/>
  </code>
  <code code="C182">
    <editdetail attribution="Reuters BIP Coding Group" action="confirmed" date="1996-08-23"/>
  </code>
  <code code="CCAT">
    <editdetail attribution="Reuters BIP Coding Group" action="confirmed" date="1996-08-23"/>
  </code>
</codes>
<dc element="dc.date.created" value="1996-08-23"/>
<dc element="dc.publisher" value="Reuters Holdings Plc"/>
<dc element="dc.date.published" value="1996-08-23"/>
<dc element="dc.source" value="Reuters"/>
<dc element="dc.creator.location" value="SALT LAKE CITY"/>
<dc element="dc.creator.location.country.name" value="USA"/>
<dc element="dc.source" value="Reuters"/>
</metadata>
</newsitem>
