<?xml version="1.0" encoding="iso-8859-1" ?>
<newsitem itemid="651377" id="root" date="1997-06-10" xml:lang="en">
<title>UK: Telkom at $32.375 in London at 0817 GMT.</title>
<headline>Telkom at $32.375 in London at 0817 GMT.</headline>
<dateline>LONDON 1997-06-10</dateline>
<text>
<p>PT Telkom traded at $32.375 and London at 0817 GMT on Tuesday. It recorded the day's low of $32.375 and the day's high of $32.375.</p>
<p>Its previous close on Monday $32.375. One ADS represents 20 ordinary shares -- Jakarta newsroom (Tel: 6221-3846364).</p>
</text>
<copyright>(c) Reuters Limited 1997</copyright>
<metadata>
<codes class="bip:countries:1.0">
  <code code="INDON">
    <editdetail attribution="Reuters BIP Coding Group" action="confirmed" date="1997-06-10"/>
  </code>
  <code code="UK">
    <editdetail attribution="Reuters BIP Coding Group" action="confirmed" date="1997-06-10"/>
  </code>
</codes>
<codes class="bip:industries:1.0">
  <code code="I79020">
    <editdetail attribution="Reuters BIP Coding Group" action="confirmed" date="1997-06-10"/>
  </code>
</codes>
<codes class="bip:topics:1.0">
  <code code="C15">
    <editdetail attribution="Reuters BIP Coding Group" action="confirmed" date="1997-06-10"/>
  </code>
  <code code="C152">
    <editdetail attribution="Reuters BIP Coding Group" action="confirmed" date="1997-06-10"/>
  </code>
  <code code="CCAT">
    <editdetail attribution="Reuters BIP Coding Group" action="confirmed" date="1997-06-10"/>
  </code>
</codes>
<dc element="dc.date.created" value="1997-06-10"/>
<dc element="dc.publisher" value="Reuters Holdings Plc"/>
<dc element="dc.date.published" value="1997-06-10"/>
<dc element="dc.source" value="Reuters"/>
<dc element="dc.creator.location" value="LONDON"/>
<dc element="dc.creator.location.country.name" value="UK"/>
<dc element="dc.source" value="Reuters"/>
</metadata>
</newsitem>
