<?xml version="1.0" encoding="iso-8859-1" ?>
<newsitem itemid="239055" id="root" date="1996-12-06" xml:lang="en">
<title>UK: RUGBY UNION-STRANSKY TEMPTED BY ENGLISH OFFERS.</title>
<headline>RUGBY UNION-STRANSKY TEMPTED BY ENGLISH OFFERS.</headline>
<dateline>LONDON 1996-12-06</dateline>
<text>
<p>South African fly-half Joel Stransky has revealed he is tempted to join his World Cup-winning captain Francois Pienaar in English rugby.</p>
<p>Stransky, who will be on the replacements' bench for the Barbarians against Australia on Saturday, is considering offers to join several clubs with Leicester at the head of the queue.</p>
<p>&quot;South African rugby is in a mess right now,&quot; said Stransky, overlooked for the Springboks current tour of Argentina, France and Wales.</p>
<p>&quot;I will decide by next Thursday when I am due to go home. But it is tempting to return to England for a new challenge and take up one of the offers I have had.</p>
<p>&quot;The South African rand is going down so fast against other currencies that we are printing our own money now, so the offers in pounds are more attractive to someone like me.&quot;</p>
<p>Pienaar joined London side Saracens in midweek on a two-year contract worth a reported 400,000 pounds ($658,000).</p>
</text>
<copyright>(c) Reuters Limited 1996</copyright>
<metadata>
<codes class="bip:countries:1.0">
  <code code="AUSTR">
    <editdetail attribution="Reuters BIP Coding Group" action="confirmed" date="1996-12-06"/>
  </code>
  <code code="SAFR">
    <editdetail attribution="Reuters BIP Coding Group" action="confirmed" date="1996-12-06"/>
  </code>
  <code code="UK">
    <editdetail attribution="Reuters BIP Coding Group" action="confirmed" date="1996-12-06"/>
  </code>
</codes>
<codes class="bip:topics:1.0">
  <code code="GCAT">
    <editdetail attribution="Reuters BIP Coding Group" action="confirmed" date="1996-12-06"/>
  </code>
  <code code="GSPO">
    <editdetail attribution="Reuters BIP Coding Group" action="confirmed" date="1996-12-06"/>
  </code>
</codes>
<dc element="dc.date.created" value="1996-12-06"/>
<dc element="dc.publisher" value="Reuters Holdings Plc"/>
<dc element="dc.date.published" value="1996-12-06"/>
<dc element="dc.source" value="Reuters"/>
<dc element="dc.creator.location" value="LONDON"/>
<dc element="dc.creator.location.country.name" value="UK"/>
<dc element="dc.source" value="Reuters"/>
</metadata>
</newsitem>
