<?xml version="1.0" encoding="iso-8859-1" ?>
<newsitem itemid="413868" id="root" date="1997-03-03" xml:lang="en">
<title>USA: Mobil restarts Illinois hydrogen unit at weekend.</title>
<headline>Mobil restarts Illinois hydrogen unit at weekend.</headline>
<dateline>NEW YORK 1997-03-03</dateline>
<text>
<p>Mobil Corp restarted the downed hydrotreater at its Joliet, Illinois refinery over the weekend after a small fire shut the unit the previous weekend, a company spokeswoman said.</p>
<p>The outage of the 65,000 barrel per day (bpd) hydrogen desulphurization unit, which produces low sulphur diesel fuel, caused market prices to shoot higher in the midcontinent, Gulf Coast and even in New York Harbor last week as traders feared supplies could run short.</p>
<p>The refinery has a total capacity of 188,000 bpd.</p>
<p>-- Matt Daily, New York Energy Desk +1 212 859 1626</p>
</text>
<copyright>(c) Reuters Limited 1997</copyright>
<metadata>
<codes class="bip:countries:1.0">
  <code code="USA">
    <editdetail attribution="Reuters BIP Coding Group" action="confirmed" date="1997-03-03"/>
  </code>
</codes>
<codes class="bip:industries:1.0">
  <code code="I13000">
    <editdetail attribution="Reuters BIP Coding Group" action="confirmed" date="1997-03-03"/>
  </code>
  <code code="I1300003">
    <editdetail attribution="Reuters BIP Coding Group" action="confirmed" date="1997-03-03"/>
  </code>
</codes>
<codes class="bip:topics:1.0">
  <code code="C24">
    <editdetail attribution="Reuters BIP Coding Group" action="confirmed" date="1997-03-03"/>
  </code>
  <code code="CCAT">
    <editdetail attribution="Reuters BIP Coding Group" action="confirmed" date="1997-03-03"/>
  </code>
</codes>
<dc element="dc.date.created" value="1997-03-03"/>
<dc element="dc.publisher" value="Reuters Holdings Plc"/>
<dc element="dc.date.published" value="1997-03-03"/>
<dc element="dc.source" value="Reuters"/>
<dc element="dc.creator.location" value="NEW YORK"/>
<dc element="dc.creator.location.country.name" value="USA"/>
<dc element="dc.source" value="Reuters"/>
</metadata>
</newsitem>
