<?xml version="1.0" encoding="iso-8859-1" ?>
<newsitem itemid="539183" id="root" date="1997-04-25" xml:lang="en">
<title>USA: Copper Journal Market Price 120 cents - April 25.</title>
<headline>Copper Journal Market Price 120 cents - April 25.</headline>
<text>
<p>In cents per lb.</p>
<p>    TODAY		     PREV</p>
<p>  120.00		     119.00</p>
<p>Note: The Copper Journal Market Price is based on the spot closing price on COMEX and incorporates a value for physical cathode and an interest rate and hedging factor, rounded to the nearest cent.</p>
<p>--New York Commodity Desk, 212-859-1640</p>
</text>
<copyright>(c) Reuters Limited 1997</copyright>
<metadata>
<codes class="bip:countries:1.0">
  <code code="USA">
    <editdetail attribution="Reuters BIP Coding Group" action="confirmed" date="1997-04-25"/>
  </code>
</codes>
<codes class="bip:topics:1.0">
  <code code="M14">
    <editdetail attribution="Reuters BIP Coding Group" action="confirmed" date="1997-04-25"/>
  </code>
  <code code="M142">
    <editdetail attribution="Reuters BIP Coding Group" action="confirmed" date="1997-04-25"/>
  </code>
  <code code="MCAT">
    <editdetail attribution="Reuters BIP Coding Group" action="confirmed" date="1997-04-25"/>
  </code>
</codes>
<dc element="dc.publisher" value="Reuters Holdings Plc"/>
<dc element="dc.date.published" value="1997-04-25"/>
<dc element="dc.source" value="Reuters"/>
<dc element="dc.creator.location.country.name" value="USA"/>
<dc element="dc.source" value="Reuters"/>
</metadata>
</newsitem>
