<?xml version="1.0" encoding="iso-8859-1" ?>
<newsitem itemid="351094" id="root" date="1997-02-03" xml:lang="en">
<title>INDONESIA: Indonesia Key Economic Indicators.</title>
<headline>Indonesia Key Economic Indicators.</headline>
<text>
<p>=================================</p>
<p>--------------------------------------------------------------</p>
<p> Indicator	   Period  Latest     Prev   Yr-Ago     Yr-Yr</p>
<p>--------------------------------------------------------------</p>
<p> GDP	    Pct  Annual  7.80(96) 8.07(95)  7.48(94) 6.7 (93)</p>
<p>--------------------------------------------------------------</p>
<p> CPI	    Pct     Dec   +0.55    +0.57     0.79     6.47</p>
<p>--------------------------------------------------------------</p>
<p> Exports	$Bln    Oct    4.46     4.33     3.90	-</p>
<p>--------------------------------------------------------------</p>
<p> Imports	$Bln    Oct    3.47     3.65     3.39	-</p>
<p>--------------------------------------------------------------</p>
<p>Current A/C  $Bln  Annual -7.51(95) -3.7(94) -3.2(93) -2.9(92)</p>
<p>--------------------------------------------------------------</p>
<p> M2	     Rp-Trn  Sep  260.20   255.28   206.08	n/a</p>
<p>--------------------------------------------------------------</p>
<p> Bank loans   Rp-Trn  Sep  273.40   267.44   220.86	n/a</p>
<p>--------------------------------------------------------------</p>
<p> Rupiah/USD*	  Feb 3  2,374.00 2,375.00  2,291.00   n/a</p>
<p>--------------------------------------------------------------</p>
<p> Foreign Reserves $Bln Dec 19.125   17.825    -	   n/a</p>
<p>--------------------------------------------------------------</p>
<p> JSE Index	    Feb 3   687.47  691.12    587.57	n/a</p>
<p>--------------------------------------------------------------</p>
<p>*Middle rate</p>
</text>
<copyright>(c) Reuters Limited 1997</copyright>
<metadata>
<codes class="bip:countries:1.0">
  <code code="INDON">
    <editdetail attribution="Reuters BIP Coding Group" action="confirmed" date="1997-02-03"/>
  </code>
</codes>
<codes class="bip:topics:1.0">
  <code code="E71">
    <editdetail attribution="Reuters BIP Coding Group" action="confirmed" date="1997-02-03"/>
  </code>
  <code code="ECAT">
    <editdetail attribution="Reuters BIP Coding Group" action="confirmed" date="1997-02-03"/>
  </code>
</codes>
<dc element="dc.publisher" value="Reuters Holdings Plc"/>
<dc element="dc.date.published" value="1997-02-03"/>
<dc element="dc.source" value="Reuters"/>
<dc element="dc.creator.location.country.name" value="INDONESIA"/>
<dc element="dc.source" value="Reuters"/>
</metadata>
</newsitem>
