<?xml version="1.0" encoding="iso-8859-1" ?>
<newsitem itemid="107481" id="root" date="1996-10-10" xml:lang="en">
<title>USA: Millipore Corp Q3 shr rises.</title>
<headline>Millipore Corp Q3 shr rises.</headline>
<dateline>BEDFORD, Mass. 1996-10-10</dateline>
<text>
<p>1996			1995</p>
<p> Shr			  $0.51		    $0.45</p>
<p> Net Sales		148,913		  147,547</p>
<p> Net Income		22,052		   20,050</p>
<p> Avg shrs		  43,335		   44,642</p>
<p>			9  MONTHS</p>
<p> Shr			  $1.65		    $1.39</p>
<p> Net Sales		467,317		  439,482</p>
<p> Net Income		72,095		   62,774</p>
<p> Avg shrs		  43,714		   45,200</p>
<p>(All data above 000s)</p>
<p>-- New York newsdesk 212-859-1610</p>
</text>
<copyright>(c) Reuters Limited 1996</copyright>
<metadata>
<codes class="bip:countries:1.0">
  <code code="USA">
    <editdetail attribution="Reuters BIP Coding Group" action="confirmed" date="1996-10-10"/>
  </code>
</codes>
<codes class="bip:industries:1.0">
  <code code="I32000">
    <editdetail attribution="Reuters BIP Coding Group" action="confirmed" date="1996-10-10"/>
  </code>
</codes>
<codes class="bip:topics:1.0">
  <code code="C15">
    <editdetail attribution="Reuters BIP Coding Group" action="confirmed" date="1996-10-10"/>
  </code>
  <code code="C151">
    <editdetail attribution="Reuters BIP Coding Group" action="confirmed" date="1996-10-10"/>
  </code>
  <code code="CCAT">
    <editdetail attribution="Reuters BIP Coding Group" action="confirmed" date="1996-10-10"/>
  </code>
</codes>
<dc element="dc.date.created" value="1996-10-10"/>
<dc element="dc.publisher" value="Reuters Holdings Plc"/>
<dc element="dc.date.published" value="1996-10-10"/>
<dc element="dc.source" value="Reuters"/>
<dc element="dc.creator.location" value="BEDFORD, Mass."/>
<dc element="dc.creator.location.country.name" value="USA"/>
<dc element="dc.source" value="Reuters"/>
</metadata>
</newsitem>
