<?xml version="1.0" encoding="iso-8859-1" ?>
<newsitem itemid="795790" id="root" date="1997-08-13" xml:lang="en">
<title>USA: French production company sues Miramax over movie.</title>
<headline>French production company sues Miramax over movie.</headline>
<dateline>LOS ANGELES 1997-08-12</dateline>
<text>
<p>A French media company sued Miramax Films Corp. on Tuesday for $8 million it claims the U.S. company failed to pay as an advance for the rights to an award winning movie it produced.</p>
<p>Hachette Premiere &amp; Cie, in papers filed in U.S. District Court in Los Angeles, is also seeking to have Miramax barred from distributing the film, &quot;She's So Lovely,&quot; in the United States.</p>
<p>A spokesman for Miramax was not immediately available for comment.</p>
<p>In the lawsuit, Hachette claims that it came to an agreement with Miramax in which the U.S. company, a subsidiary of Walt Disney Co., would pay $12 million for the American and European distribution rights to the film, which was originally entitled, &quot;She's De Lovely.&quot;</p>
<p>Hachette alleges in its lawsuit that Miramax has &quot;failed and refused to pay&quot; an initial advance of $8 million.</p>
<p>The company said that it believed that Miramax intends to release the film late this month and in early September in the United States and Europe before making the advance payment, which Hachette said was a violation of the agreement.</p>
<p>The lawsuit also claims copyright infringement and breach of contract against Miramax and asks for an injunction against Miramax to prevent it from releasing the film.</p>
<p>The film, which won the Commission Superieure Technique, the top award for technical achievement, at this year's Cannes Film Festival, was directed by Nick Cassavetes, son of the late actor and director John Cassavetes. It was based on a screenplay by John Cassavetes.</p>
</text>
<copyright>(c) Reuters Limited 1997</copyright>
<metadata>
<codes class="bip:countries:1.0">
  <code code="FRA">
    <editdetail attribution="Reuters BIP Coding Group" action="confirmed" date="1997-08-13"/>
  </code>
  <code code="USA">
    <editdetail attribution="Reuters BIP Coding Group" action="confirmed" date="1997-08-13"/>
  </code>
</codes>
<codes class="bip:industries:1.0">
  <code code="I83960">
    <editdetail attribution="Reuters BIP Coding Group" action="confirmed" date="1997-08-13"/>
  </code>
  <code code="I97100">
    <editdetail attribution="Reuters BIP Coding Group" action="confirmed" date="1997-08-13"/>
  </code>
  <code code="I9741105">
    <editdetail attribution="Reuters BIP Coding Group" action="confirmed" date="1997-08-13"/>
  </code>
</codes>
<codes class="bip:topics:1.0">
  <code code="C12">
    <editdetail attribution="Reuters BIP Coding Group" action="confirmed" date="1997-08-13"/>
  </code>
  <code code="CCAT">
    <editdetail attribution="Reuters BIP Coding Group" action="confirmed" date="1997-08-13"/>
  </code>
  <code code="GCAT">
    <editdetail attribution="Reuters BIP Coding Group" action="confirmed" date="1997-08-13"/>
  </code>
  <code code="GCRIM">
    <editdetail attribution="Reuters BIP Coding Group" action="confirmed" date="1997-08-13"/>
  </code>
  <code code="GENT">
    <editdetail attribution="Reuters BIP Coding Group" action="confirmed" date="1997-08-13"/>
  </code>
</codes>
<dc element="dc.date.created" value="1997-08-12"/>
<dc element="dc.publisher" value="Reuters Holdings Plc"/>
<dc element="dc.date.published" value="1997-08-13"/>
<dc element="dc.source" value="Reuters"/>
<dc element="dc.creator.location" value="LOS ANGELES"/>
<dc element="dc.creator.location.country.name" value="USA"/>
<dc element="dc.source" value="Reuters"/>
</metadata>
</newsitem>
