<?xml version="1.0" encoding="iso-8859-1" ?>
<newsitem itemid="450174" id="root" date="1997-03-18" xml:lang="en">
<title>USA: Enerchange acquires interest in gas trading system.</title>
<headline>Enerchange acquires interest in gas trading system.</headline>
<dateline>HOUSTON 1997-03-18</dateline>
<text>
<p>Enerchange LLC said Tuesday that it has completed the acquisition of Direct Energy Marketing Ltd's interest in  Energy Exchange Inc and QuickTrade LLC, operators of a natural gas trading system that serves U.S. and Canadian markets.</p>
<p>The company said the closing of the acquisition unifies QuickTrade's U.S. and Canadian operations under Enerchange.</p>
<p>Terms of the transaction were not disclosed.</p>
<p>Enerchange is a joint venture of subsidiaries of NGC Corp, National Fuel Gas Co, NICOR Inc and Pacific Enterprises.</p>
</text>
<copyright>(c) Reuters Limited 1997</copyright>
<metadata>
<codes class="bip:countries:1.0">
  <code code="CANA">
    <editdetail attribution="Reuters BIP Coding Group" action="confirmed" date="1997-03-18"/>
  </code>
</codes>
<codes class="bip:industries:1.0">
  <code code="I13000">
    <editdetail attribution="Reuters BIP Coding Group" action="confirmed" date="1997-03-18"/>
  </code>
  <code code="I1300014">
    <editdetail attribution="Reuters BIP Coding Group" action="confirmed" date="1997-03-18"/>
  </code>
  <code code="I16200">
    <editdetail attribution="Reuters BIP Coding Group" action="confirmed" date="1997-03-18"/>
  </code>
</codes>
<codes class="bip:topics:1.0">
  <code code="C18">
    <editdetail attribution="Reuters BIP Coding Group" action="confirmed" date="1997-03-18"/>
  </code>
  <code code="C181">
    <editdetail attribution="Reuters BIP Coding Group" action="confirmed" date="1997-03-18"/>
  </code>
  <code code="CCAT">
    <editdetail attribution="Reuters BIP Coding Group" action="confirmed" date="1997-03-18"/>
  </code>
</codes>
<dc element="dc.date.created" value="1997-03-18"/>
<dc element="dc.publisher" value="Reuters Holdings Plc"/>
<dc element="dc.date.published" value="1997-03-18"/>
<dc element="dc.source" value="Reuters"/>
<dc element="dc.creator.location" value="HOUSTON"/>
<dc element="dc.creator.location.country.name" value="USA"/>
<dc element="dc.source" value="Reuters"/>
</metadata>
</newsitem>
