<?xml version="1.0" encoding="iso-8859-1" ?>
<newsitem itemid="579824" id="root" date="1997-05-13" xml:lang="en">
<title>SRI LANKA: Sri Lanka's Dipped 96/97 net sharply up.</title>
<headline>Sri Lanka's Dipped 96/97 net sharply up.</headline>
<dateline>COLOMBO 1997-05-13</dateline>
<text>
<p>Year to March 31, 1997.</p>
<p>	 (in millions of rupees unless stated):</p>
<p>			     96/97		95/96</p>
<p>    Turnover	   1,898.17    vs    941.81</p>
<p>    Net profit	   158.36    vs     87.19</p>
<p>    Tax			7.43    vs     11.79</p>
<p>NOTE - The 1996/97 results are unaudited. Dipped Products Ltd, which makes rubber gloves for export, is a subsidiary of Hayleys Ltd.</p>
<p>-- Colombo newsroom (941) 434319</p>
</text>
<copyright>(c) Reuters Limited 1997</copyright>
<metadata>
<codes class="bip:countries:1.0">
  <code code="SRILAN">
    <editdetail attribution="Reuters BIP Coding Group" action="confirmed" date="1997-05-13"/>
  </code>
</codes>
<codes class="bip:industries:1.0">
  <code code="I83960">
    <editdetail attribution="Reuters BIP Coding Group" action="confirmed" date="1997-05-13"/>
  </code>
</codes>
<codes class="bip:topics:1.0">
  <code code="C15">
    <editdetail attribution="Reuters BIP Coding Group" action="confirmed" date="1997-05-13"/>
  </code>
  <code code="C151">
    <editdetail attribution="Reuters BIP Coding Group" action="confirmed" date="1997-05-13"/>
  </code>
  <code code="C1511">
    <editdetail attribution="Reuters BIP Coding Group" action="confirmed" date="1997-05-13"/>
  </code>
  <code code="CCAT">
    <editdetail attribution="Reuters BIP Coding Group" action="confirmed" date="1997-05-13"/>
  </code>
</codes>
<dc element="dc.date.created" value="1997-05-13"/>
<dc element="dc.publisher" value="Reuters Holdings Plc"/>
<dc element="dc.date.published" value="1997-05-13"/>
<dc element="dc.source" value="Reuters"/>
<dc element="dc.creator.location" value="COLOMBO"/>
<dc element="dc.creator.location.country.name" value="SRI LANKA"/>
<dc element="dc.source" value="Reuters"/>
</metadata>
</newsitem>
