<?xml version="1.0" encoding="iso-8859-1" ?>
<newsitem itemid="356146" id="root" date="1997-02-05" xml:lang="en">
<title>USA: MicroFrame Inc Q3 Dec 31 full results.</title>
<headline>MicroFrame Inc Q3 Dec 31 full results.</headline>
<dateline>EDISON, N.J. 1997-02-05</dateline>
<text>
<p>Nine Months Ended     Three Months Ended</p>
<p>			    December 31,	     December 31,</p>
<p>			   1996	   1995	 1996	 1995</p>
<p> Net sales	$5,264,210   $4,334,057 $1,826,698 $1,727,117</p>
<p> Cost of sales   2,016,324    1,796,923    762,434    631,049</p>
<p> Gross margin    3,247,886    2,537,134  1,064,264  1,096,068</p>
<p>Research and development</p>
<p>   expenses	  664,711	440,082    236,701    146,032</p>
<p>Selling, general and administrative</p>
<p>   expenses	2,464,871    2,811,044    781,852    904,907</p>
<p>Income (loss) from</p>
<p>  operations	 118,304    (713,992)     45,711     45,129</p>
<p> Interest income    27,620	  3,262	6,520	  200</p>
<p>Interest expense</p>
<p>			(22,749)     (17,910)    (1,881)   (16,216)</p>
<p>Income (loss) before income tax</p>
<p>  provision	  123,175    (728,640)     50,350     29,113</p>
<p> Income tax provision    0		0	    0	    0</p>
<p>Net income (loss)</p>
<p>			 123,175    (728,640)     50,350     29,113</p>
<p>Per share data</p>
<p>Net income (loss)</p>
<p>   per share	    0.02	 (0.20)	 0.01	 0.01</p>
<p>Weighted average number of common shares outstanding</p>
<p>		     5,083,248    3,699,178  5,126,845  3,717,885</p>
<p>-- New York Newsdesk 212 859-1610</p>
</text>
<copyright>(c) Reuters Limited 1997</copyright>
<metadata>
<codes class="bip:countries:1.0">
  <code code="USA">
    <editdetail attribution="Reuters BIP Coding Group" action="confirmed" date="1997-02-05"/>
  </code>
</codes>
<codes class="bip:industries:1.0">
  <code code="I34410">
    <editdetail attribution="Reuters BIP Coding Group" action="confirmed" date="1997-02-05"/>
  </code>
</codes>
<codes class="bip:topics:1.0">
  <code code="C15">
    <editdetail attribution="Reuters BIP Coding Group" action="confirmed" date="1997-02-05"/>
  </code>
  <code code="C151">
    <editdetail attribution="Reuters BIP Coding Group" action="confirmed" date="1997-02-05"/>
  </code>
  <code code="CCAT">
    <editdetail attribution="Reuters BIP Coding Group" action="confirmed" date="1997-02-05"/>
  </code>
</codes>
<dc element="dc.date.created" value="1997-02-05"/>
<dc element="dc.publisher" value="Reuters Holdings Plc"/>
<dc element="dc.date.published" value="1997-02-05"/>
<dc element="dc.source" value="Reuters"/>
<dc element="dc.creator.location" value="EDISON, N.J."/>
<dc element="dc.creator.location.country.name" value="USA"/>
<dc element="dc.source" value="Reuters"/>
</metadata>
</newsitem>
