<?xml version="1.0" encoding="iso-8859-1" ?>
<newsitem itemid="351903" id="root" date="1997-02-03" xml:lang="en">
<title>USA: Hawthorne Financial Corp Q4 shr flat.</title>
<headline>Hawthorne Financial Corp Q4 shr flat.</headline>
<dateline>EL SEGUNDO, Calif. 1997-02-03</dateline>
<text>
<p>Three Months Ended  Twelve Months Ended</p>
<p>					December 31,    December 31,</p>
<p>				   1996     1995	1996	1995</p>
<p>				 (unaudited)     (unaudited)(audited)</p>
<p>Interest revenues</p>
<p>Loans, net of nonaccrual income</p>
<p>				$16,564   $12,800   $59,722   $45,386</p>
<p> Mortgage-backed securities  --	 656	  --     3,209</p>
<p>Other investment interest</p>
<p>				  1,525	 575     5,632     2,399</p>
<p>Total interest revenues</p>
<p>				 18,089    14,031    65,354    50,994</p>
<p>Interest costs</p>
<p> Deposits		   (9,264)   (9,033)  (35,568)  (33,593)</p>
<p> Borrowings		 (1,177)     (247)   (2,471)     (893)</p>
<p> Senior notes		 (489)	  --   (1,921)	  --</p>
<p> Total interest costs  (10,930)   (9,280)  (39,960)  (34,486)</p>
<p> Net interest income	7,159     4,751    25,394    16,508</p>
<p>Provision for credit losses</p>
<p>				(1,000)     (450)   (7,489)  (14,895)</p>
<p>Net interest income after</p>
<p>provision for credit losses</p>
<p>				  6,159     4,301    17,905     1,613</p>
<p> Noninterest revenues	 370	 135     1,927     1,718</p>
<p>Operating costs</p>
<p> Employee		   (2,832)   (2,592)   (9,800)  (10,118)</p>
<p> Occupancy		    (751)     (688)   (2,914)   (2,841)</p>
<p> Operating		  (1,187)     (718)   (4,565)   (3,588)</p>
<p> Professional		 (144)     (335)   (1,600)   (1,579)</p>
<p>SAIF premium and OTS assessment</p>
<p>				  (523)     (695)   (2,152)   (2,213)</p>
<p>				(5,437)   (5,028)  (21,031)  (20,339)</p>
<p>Real estate operations, net</p>
<p>				  (405)	 840     (956)     (436)</p>
<p> Other revenues (costs)     430	 277     3,280     3,844</p>
<p> Pretax earnings (loss)   1,117	 525     1,125  (13,600)</p>
<p> Income (taxes) benefit	14	  --     6,382     (617)</p>
<p> Net income (loss)	  1,131	 525     7,507  (14,217)</p>
<p>Earnings (Loss) Per Share (A)</p>
<p>				   0.13	0.13	1.11    (5.52)</p>
<p>Weighted average shares</p>
<p>outstanding (A) (B)</p>
<p>			    5,155,420 3,321,577 5,155,420 2,599,275</p>
<p>(A) Calculated using the modifed Treasury method for all periods except for the full year ended December 31, 1995, which was calculated on actual shares outstanding.</p>
<p>(B) For the twelve months ended December 31,1996, includes (a) warrants outstanding to buy 2,376,000 shares of common stock, (b) stock options covering 700,000 shares of common stock and (c) 519,855 in Treasury shares retired utilizing the modified Treasury method.</p>
</text>
<copyright>(c) Reuters Limited 1997</copyright>
<metadata>
<codes class="bip:countries:1.0">
  <code code="USA">
    <editdetail attribution="Reuters BIP Coding Group" action="confirmed" date="1997-02-03"/>
  </code>
</codes>
<codes class="bip:industries:1.0">
  <code code="I81402">
    <editdetail attribution="Reuters BIP Coding Group" action="confirmed" date="1997-02-03"/>
  </code>
</codes>
<codes class="bip:topics:1.0">
  <code code="C15">
    <editdetail attribution="Reuters BIP Coding Group" action="confirmed" date="1997-02-03"/>
  </code>
  <code code="C151">
    <editdetail attribution="Reuters BIP Coding Group" action="confirmed" date="1997-02-03"/>
  </code>
  <code code="C1511">
    <editdetail attribution="Reuters BIP Coding Group" action="confirmed" date="1997-02-03"/>
  </code>
  <code code="CCAT">
    <editdetail attribution="Reuters BIP Coding Group" action="confirmed" date="1997-02-03"/>
  </code>
</codes>
<dc element="dc.date.created" value="1997-02-03"/>
<dc element="dc.publisher" value="Reuters Holdings Plc"/>
<dc element="dc.date.published" value="1997-02-03"/>
<dc element="dc.source" value="Reuters"/>
<dc element="dc.creator.location" value="EL SEGUNDO, Calif."/>
<dc element="dc.creator.location.country.name" value="USA"/>
<dc element="dc.source" value="Reuters"/>
</metadata>
</newsitem>
