<?xml version="1.0" encoding="iso-8859-1" ?>
<newsitem itemid="805816" id="root" date="1997-08-18" xml:lang="en">
<title>USA: Vistana Inc to acquire Success and Points.</title>
<headline>Vistana Inc to acquire Success and Points.</headline>
<dateline>ORLANDO, Fla. 1997-08-18</dateline>
<text>
<p>Vistana Inc said on Monday that it had signed a definitive agreement to acquire privately held Success Cos and Points of Colorado, along with some unspecified related firms, for roughly $24.0 million in cash plus 640,000 shares of Vistana common stock.</p>
<p>About 430,000 shares, or 67 percent of the shares, will be awarded to Success and Points contigent upon earnings achievements set for the 1998, 1999 and 2000 calendar years, Vistana said in a statement.</p>
<p>Vistana, a developer of vacation ownership resort properties, said the value of the stock consideration would be about $11.6 million, while the total value of the cash and stock consideration would be about $35.6 million.</p>
<p>Vistana said it expected to close the merger transaction by September 30, 1997, and it would account for the deal as a purchase with goodwill being amortized over 20 years.</p>
<p>Success and Points develops and operates three vacation ownership resorts, one in Arizona and two in Colorado.</p>
</text>
<copyright>(c) Reuters Limited 1997</copyright>
<metadata>
<codes class="bip:countries:1.0">
  <code code="USA">
    <editdetail attribution="Reuters BIP Coding Group" action="confirmed" date="1997-08-18"/>
  </code>
</codes>
<codes class="bip:industries:1.0">
  <code code="I66500">
    <editdetail attribution="Reuters BIP Coding Group" action="confirmed" date="1997-08-18"/>
  </code>
  <code code="I85000">
    <editdetail attribution="Reuters BIP Coding Group" action="confirmed" date="1997-08-18"/>
  </code>
</codes>
<codes class="bip:topics:1.0">
  <code code="C18">
    <editdetail attribution="Reuters BIP Coding Group" action="confirmed" date="1997-08-18"/>
  </code>
  <code code="C181">
    <editdetail attribution="Reuters BIP Coding Group" action="confirmed" date="1997-08-18"/>
  </code>
  <code code="CCAT">
    <editdetail attribution="Reuters BIP Coding Group" action="confirmed" date="1997-08-18"/>
  </code>
</codes>
<dc element="dc.date.created" value="1997-08-18"/>
<dc element="dc.publisher" value="Reuters Holdings Plc"/>
<dc element="dc.date.published" value="1997-08-18"/>
<dc element="dc.source" value="Reuters"/>
<dc element="dc.creator.location" value="ORLANDO, Fla."/>
<dc element="dc.creator.location.country.name" value="USA"/>
<dc element="dc.source" value="Reuters"/>
</metadata>
</newsitem>
