<?xml version="1.0" encoding="iso-8859-1" ?>
<newsitem itemid="147366" id="root" date="1996-10-28" xml:lang="en">
<title>VENEZUELA: Venezuela's CVG has $1.6 bln in pipeline projects.</title>
<headline>Venezuela's CVG has $1.6 bln in pipeline projects.</headline>
<dateline>CARACAS 1996-10-28</dateline>
<text>
<p>Venezuela's industrial holding company Corporacion Venezolana de Guyana has some $1.6 billion in planned projects, CVG President Elias Ynaty said, which will help absorb most of the labour displaced by planned privatisations.</p>
<p>&quot;The impact will be no more than five percent (of the current workforce),&quot; he told reporters.</p>
<p>The CVG's group of aluminium and steel companies are due to be privatised at the beginning of next year.</p>
<p>Ynaty said the CVG had pipeline projects, in association with private capital, ranging from two new hot briquetted iron plants to timber and pulp plants as well as Las Cristinas gold mine.</p>
<p>-- Caracas newsroom, 582 505 2600</p>
</text>
<copyright>(c) Reuters Limited 1996</copyright>
<metadata>
<codes class="bip:countries:1.0">
  <code code="VEN">
    <editdetail attribution="Reuters BIP Coding Group" action="confirmed" date="1996-10-28"/>
  </code>
</codes>
<codes class="bip:industries:1.0">
  <code code="I83960">
    <editdetail attribution="Reuters BIP Coding Group" action="confirmed" date="1996-10-28"/>
  </code>
</codes>
<codes class="bip:topics:1.0">
  <code code="C33">
    <editdetail attribution="Reuters BIP Coding Group" action="confirmed" date="1996-10-28"/>
  </code>
  <code code="CCAT">
    <editdetail attribution="Reuters BIP Coding Group" action="confirmed" date="1996-10-28"/>
  </code>
</codes>
<dc element="dc.date.created" value="1996-10-28"/>
<dc element="dc.publisher" value="Reuters Holdings Plc"/>
<dc element="dc.date.published" value="1996-10-28"/>
<dc element="dc.source" value="Reuters"/>
<dc element="dc.creator.location" value="CARACAS"/>
<dc element="dc.creator.location.country.name" value="VENEZUELA"/>
<dc element="dc.source" value="Reuters"/>
</metadata>
</newsitem>
