<?xml version="1.0" encoding="iso-8859-1" ?>
<newsitem itemid="256364" id="root" date="1996-12-13" xml:lang="en">
<title>AUSTRALIA: RTRS-Australia base metal producer prices - Dec 13.</title>
<headline>RTRS-Australia base metal producer prices - Dec 13.</headline>
<dateline>SYDNEY 1996-12-13</dateline>
<text>
<p>Australian base metal producer prices:</p>
<p>							  (A$ per tonne)</p>
<p>COPPER</p>
<p>MIM Holdings Ltd - changes effective Dec 9</p>
<p>    Cathode					3,300   vs   3,150</p>
<p>Standard rod				 3,482   vs   3,432</p>
<p>Dec 13	Dec 12</p>
<p>Australian Copper Scrap Base Price</p>
<p>    Copper					 2,711    vs 2,725</p>
<p>LEAD</p>
<p>    Pasminco, Port Pirie			 974.00 vs 974.00</p>
<p>    ZINC					   (US$ per tonne)</p>
<p>    LME					    1032.00     1020.00</p>
<p>-- Sydney Newsroom 61-2 9373-1800</p>
</text>
<copyright>(c) Reuters Limited 1996</copyright>
<metadata>
<codes class="bip:countries:1.0">
  <code code="AUSTR">
    <editdetail attribution="Reuters BIP Coding Group" action="confirmed" date="1996-12-13"/>
  </code>
</codes>
<codes class="bip:topics:1.0">
  <code code="M14">
    <editdetail attribution="Reuters BIP Coding Group" action="confirmed" date="1996-12-13"/>
  </code>
  <code code="M142">
    <editdetail attribution="Reuters BIP Coding Group" action="confirmed" date="1996-12-13"/>
  </code>
  <code code="MCAT">
    <editdetail attribution="Reuters BIP Coding Group" action="confirmed" date="1996-12-13"/>
  </code>
</codes>
<dc element="dc.date.created" value="1996-12-13"/>
<dc element="dc.publisher" value="Reuters Holdings Plc"/>
<dc element="dc.date.published" value="1996-12-13"/>
<dc element="dc.source" value="Reuters"/>
<dc element="dc.creator.location" value="SYDNEY"/>
<dc element="dc.creator.location.country.name" value="AUSTRALIA"/>
<dc element="dc.source" value="Reuters"/>
</metadata>
</newsitem>
