<?xml version="1.0" encoding="iso-8859-1" ?>
<newsitem itemid="805621" id="root" date="1997-08-18" xml:lang="en">
<title>CHINA: Zhenhai Refining upgrades refinery.</title>
<headline>Zhenhai Refining upgrades refinery.</headline>
<dateline>HONG KONG 1997-08-18</dateline>
<text>
<p>Zhenhai Refining and Chemical Co Ltd said on Monday it had completed part of a project to expand its refining capacity by 8.0 million tonnes per year.</p>
<p>A company statement said it had completed the overhaul of its fertiliser and refining facilities, including an atmospheric and vacuum distillation unit.</p>
<p>The project had so far raised the company's crude oil processing capacity by 1.0 million tonnes and increased the capacity of its delayed coking unit to 1.3 million tonnes from 0.8 million tonnes.</p>
<p>The expansion project aimed to boost the company's total annual crude oil processing capacity to 16 million tonnes from 8.0 million.</p>
<p>The project was funded mainly by internal resources and bank loans, with part of the foreign currency requirement raised through a US$200 million issue of convertible bonds last year, the statement said.</p>
<p>The rest of the expansion project, including the upgrading of a hydrocracking unit and another atmospheric and vacuum distillation unit, would begin as scheduled in the second half of 1997, it said.</p>
<p>Zhenhai Refining, which is 9.9 percent owned by Arco Asia Pacific Investment Ltd, is principally engaged in the production and sale of petroleum and petrochemicals.</p>
<p>-- Hong Kong newsroom (852) 2843 6441</p>
</text>
<copyright>(c) Reuters Limited 1997</copyright>
<metadata>
<codes class="bip:countries:1.0">
  <code code="CHINA">
    <editdetail attribution="Reuters BIP Coding Group" action="confirmed" date="1997-08-18"/>
  </code>
  <code code="HKONG">
    <editdetail attribution="Reuters BIP Coding Group" action="confirmed" date="1997-08-18"/>
  </code>
</codes>
<codes class="bip:industries:1.0">
  <code code="I14000">
    <editdetail attribution="Reuters BIP Coding Group" action="confirmed" date="1997-08-18"/>
  </code>
</codes>
<codes class="bip:topics:1.0">
  <code code="C24">
    <editdetail attribution="Reuters BIP Coding Group" action="confirmed" date="1997-08-18"/>
  </code>
  <code code="CCAT">
    <editdetail attribution="Reuters BIP Coding Group" action="confirmed" date="1997-08-18"/>
  </code>
</codes>
<dc element="dc.date.created" value="1997-08-18"/>
<dc element="dc.publisher" value="Reuters Holdings Plc"/>
<dc element="dc.date.published" value="1997-08-18"/>
<dc element="dc.source" value="Reuters"/>
<dc element="dc.creator.location" value="HONG KONG"/>
<dc element="dc.creator.location.country.name" value="CHINA"/>
<dc element="dc.source" value="Reuters"/>
</metadata>
</newsitem>
