<?xml version="1.0" encoding="iso-8859-1" ?>
<newsitem itemid="595261" id="root" date="1997-05-19" xml:lang="en">
<title>INDIA: India approves Sterling Computers issue.</title>
<headline>India approves Sterling Computers issue.</headline>
<dateline>NEW DELHI 1997-05-19</dateline>
<text>
<p>The Indian government said on Monday that it approved Sterling Computers Ltd's proposal to make a $175-million overseas private placement of shares.</p>
<p>A government statement said the Cabinet Committee on Foreign Investment had approved &quot;the proposal of Sterling Computers Ltd for issue of GDR/ADR private placement of 4.8 million shares amounting to $175 million with a green shoe option of up to 15 percent&quot;.</p>
<p>It was referring to global depositary receipts (GDRs) and American depositary receipts (ADRs).  </p>
<p>The statement did not indicate whether the placement would be in the form of GDRs, ADRs or a mixture of the two.</p>
<p>Sterling Computers is engaged in the development of cellular mobile telephone services.</p>
<p>-- New Delhi newsroom +91-11 301 2024</p>
</text>
<copyright>(c) Reuters Limited 1997</copyright>
<metadata>
<codes class="bip:countries:1.0">
  <code code="INDIA">
    <editdetail attribution="Reuters BIP Coding Group" action="confirmed" date="1997-05-19"/>
  </code>
</codes>
<codes class="bip:industries:1.0">
  <code code="I33020">
    <editdetail attribution="Reuters BIP Coding Group" action="confirmed" date="1997-05-19"/>
  </code>
  <code code="I3302003">
    <editdetail attribution="Reuters BIP Coding Group" action="confirmed" date="1997-05-19"/>
  </code>
</codes>
<codes class="bip:topics:1.0">
  <code code="C17">
    <editdetail attribution="Reuters BIP Coding Group" action="confirmed" date="1997-05-19"/>
  </code>
  <code code="C171">
    <editdetail attribution="Reuters BIP Coding Group" action="confirmed" date="1997-05-19"/>
  </code>
  <code code="CCAT">
    <editdetail attribution="Reuters BIP Coding Group" action="confirmed" date="1997-05-19"/>
  </code>
</codes>
<dc element="dc.date.created" value="1997-05-19"/>
<dc element="dc.publisher" value="Reuters Holdings Plc"/>
<dc element="dc.date.published" value="1997-05-19"/>
<dc element="dc.source" value="Reuters"/>
<dc element="dc.creator.location" value="NEW DELHI"/>
<dc element="dc.creator.location.country.name" value="INDIA"/>
<dc element="dc.source" value="Reuters"/>
</metadata>
</newsitem>
