<?xml version="1.0" encoding="iso-8859-1" ?>
<newsitem itemid="726529" id="root" date="1997-07-14" xml:lang="en">
<title>USA: FDA backs Colgate toothpaste for gum disease.</title>
<headline>FDA backs Colgate toothpaste for gum disease.</headline>
<dateline>WASHINGTON 1997-07-14</dateline>
<text>
<p>The Food and Drug Administration said Monday it had approved Colgate-Palmolive Co's Colgate Total toothpaste as a safe and effective means of treating gum disease.  </p>
<p>FDA said in a statement that the toothpaste, the first to be approved for gum disease, contained triclosan and fluoride.</p>
<p>In controlled studies, Colgate Total performed better than standard fluoride toothpaste in preventing plaque and gingivitis in adults. Its effect on preventing cavities was identical to a standard fluoride toothpaste.</p>
<p>Triclosan, an ingredient found in many antibacterial soaps, is a disinfectant but FDA said its antibacterial properties in the mouth had not been determined.</p>
<p>Colgate Total is intended for adults and children aged 6 and older, although its effects on plaque and gingivitis have not been established in children.</p>
</text>
<copyright>(c) Reuters Limited 1997</copyright>
<metadata>
<codes class="bip:countries:1.0">
  <code code="USA">
    <editdetail attribution="Reuters BIP Coding Group" action="confirmed" date="1997-07-14"/>
  </code>
</codes>
<codes class="bip:industries:1.0">
  <code code="I25800">
    <editdetail attribution="Reuters BIP Coding Group" action="confirmed" date="1997-07-14"/>
  </code>
</codes>
<codes class="bip:topics:1.0">
  <code code="C13">
    <editdetail attribution="Reuters BIP Coding Group" action="confirmed" date="1997-07-14"/>
  </code>
  <code code="C21">
    <editdetail attribution="Reuters BIP Coding Group" action="confirmed" date="1997-07-14"/>
  </code>
  <code code="CCAT">
    <editdetail attribution="Reuters BIP Coding Group" action="confirmed" date="1997-07-14"/>
  </code>
  <code code="GCAT">
    <editdetail attribution="Reuters BIP Coding Group" action="confirmed" date="1997-07-14"/>
  </code>
  <code code="GHEA">
    <editdetail attribution="Reuters BIP Coding Group" action="confirmed" date="1997-07-14"/>
  </code>
</codes>
<dc element="dc.date.created" value="1997-07-14"/>
<dc element="dc.publisher" value="Reuters Holdings Plc"/>
<dc element="dc.date.published" value="1997-07-14"/>
<dc element="dc.source" value="Reuters"/>
<dc element="dc.creator.location" value="WASHINGTON"/>
<dc element="dc.creator.location.country.name" value="USA"/>
<dc element="dc.source" value="Reuters"/>
</metadata>
</newsitem>
