<?xml version="1.0" encoding="iso-8859-1" ?>
<newsitem itemid="235064" id="root" date="1996-12-04" xml:lang="en">
<title>USA: FINAL PRICING - Fla. Ports Financing Commission.</title>
<headline>FINAL PRICING - Fla. Ports Financing Commission.</headline>
<text>
<p>FLORIDA PORTS FINANCING COMMISSION</p>
<p>RE: $222,320,000</p>
<p>REVENUE BONDS (STATE TRANSPORTATION TRUST FUND),</p>
<p>SERIES 1996</p>
<p>WE HAVE RECEIVED THE WRITTEN AWARD.</p>
<p>FINAL PRICING IS AS FOLLOWS:</p>
<p>			 SUBJECT TO ALTERNATIVE MINIMUM TAX</p>
<p>MOODY'S: Aaa		   S&amp;P: AAA		   FITCH: AAA</p>
<p>UND A1		     UND A+			 UND AA-</p>
<p>MBIA INSURED</p>
<p>DATED: 12/01/1996	  FIRST COUPON: 06/01/1997</p>
<p>DUE: 06/01</p>
<p> MATURITY		AMOUNT     COUPON	   PRICE</p>
<p>06/01/1997		2,215M    4.00  %	  3.45</p>
<p>06/01/1998		3,350M    4.00  %	  3.95</p>
<p>06/01/1999		3,480M    4.20  %	100.00</p>
<p>06/01/2000		3,630M    4.30  %	  4.35</p>
<p>06/01/2001		3,785M    5.50  %	  4.45</p>
<p>06/01/2002		3,990M    4.50  %	  4.55</p>
<p>06/01/2003		4,170M    4.60  %	  4.65</p>
<p>06/01/2004		4,365M    6.00  %	  4.75</p>
<p>06/01/2005		4,625M    6.00  %	  4.85</p>
<p>06/01/2006		4,905M    6.00  %	  4.95</p>
<p>06/01/2007		5,200M    5.00  %	  5.05</p>
<p>06/01/2008		5,460M    5.10  %	  5.15</p>
<p>06/01/2009		5,735M    5.125 %	  5.25</p>
<p>06/01/2010		6,030M    5.125 %	  5.35</p>
<p>06/01/2011		6,340M    5.125 %	  5.38</p>
<p>06/01/2016	     37,095M    5.375 %	  5.58</p>
<p>					  (Approx. $ Price 97.582)</p>
<p>06/01/2027	    117,945M    5.375 %	  5.67</p>
<p>					  (Approx. $ Price 95.741)</p>
<p>CALL FEATURES: 06/01/2007    102.00</p>
<p>		   DTP 06/01/2009</p>
<p>06/01/2027:    06/01/2007    101.00</p>
<p>		   06/01/2009    100.00</p>
<p>The award is expected Wednesday, December 4, 1996.</p>
<p>Delivery is expected on December 19, 1996.</p>
<p>     Award:		  12/04/1996</p>
<p>     Delivery:	     12/19/1996 (Expected)</p>
<p>     Initial trade:	12/04/1996</p>
<p>Merrill Lynch &amp; Co.</p>
<p>Smith Barney Inc.</p>
<p>William R. Hough &amp; Co.</p>
<p>Douglas James Securities Inc.</p>
<p>Pryor, McClendon, Counts &amp; Co., Inc.</p>
<p>Raymond, James &amp; Associates, Inc.</p>
<p>Grigsby &amp; Associates, Inc.</p>
<p>--U.S. Municipal Desk, 212-859-1650</p>
</text>
<copyright>(c) Reuters Limited 1996</copyright>
<metadata>
<codes class="bip:countries:1.0">
  <code code="USA">
    <editdetail attribution="Reuters BIP Coding Group" action="confirmed" date="1996-12-04"/>
  </code>
</codes>
<codes class="bip:topics:1.0">
  <code code="E21">
    <editdetail attribution="Reuters BIP Coding Group" action="confirmed" date="1996-12-04"/>
  </code>
  <code code="E212">
    <editdetail attribution="Reuters BIP Coding Group" action="confirmed" date="1996-12-04"/>
  </code>
  <code code="ECAT">
    <editdetail attribution="Reuters BIP Coding Group" action="confirmed" date="1996-12-04"/>
  </code>
</codes>
<dc element="dc.publisher" value="Reuters Holdings Plc"/>
<dc element="dc.date.published" value="1996-12-04"/>
<dc element="dc.source" value="Reuters"/>
<dc element="dc.creator.location.country.name" value="USA"/>
<dc element="dc.source" value="Reuters"/>
</metadata>
</newsitem>
