<?xml version="1.0" encoding="iso-8859-1" ?>
<newsitem itemid="423014" id="root" date="1997-03-06" xml:lang="en">
<title>USA: American Mobile stake lifted by Baron.</title>
<headline>American Mobile stake lifted by Baron.</headline>
<dateline>WASHINGTON 1997-03-06</dateline>
<text>
<p>New York investor Ronald Baron said Thursday he had raised his stake in American Mobile Satellite Corp to 19.6 percent, or 5,883,233 shares, from 18.3 percent.</p>
<p>In a filing with the Securities and Exchange Commission, Baron said his latest transactions included the purchase of 378,400 shares betweeen February 21 and March 4 at prices ranging from $11.9024 to $13.375 each.</p>
<p>Based in Reston, Va., American Mobile operates North America's first high-powered satellite-based mobile communications systems.</p>
<p>Baron is president of Baron Capital Management Inc, BAMCO Inc and Baron Capital Inc, all based in New York.</p>
</text>
<copyright>(c) Reuters Limited 1997</copyright>
<metadata>
<codes class="bip:countries:1.0">
  <code code="USA">
    <editdetail attribution="Reuters BIP Coding Group" action="confirmed" date="1997-03-06"/>
  </code>
</codes>
<codes class="bip:topics:1.0">
  <code code="C18">
    <editdetail attribution="Reuters BIP Coding Group" action="confirmed" date="1997-03-06"/>
  </code>
  <code code="C181">
    <editdetail attribution="Reuters BIP Coding Group" action="confirmed" date="1997-03-06"/>
  </code>
  <code code="CCAT">
    <editdetail attribution="Reuters BIP Coding Group" action="confirmed" date="1997-03-06"/>
  </code>
</codes>
<dc element="dc.date.created" value="1997-03-06"/>
<dc element="dc.publisher" value="Reuters Holdings Plc"/>
<dc element="dc.date.published" value="1997-03-06"/>
<dc element="dc.source" value="Reuters"/>
<dc element="dc.creator.location" value="WASHINGTON"/>
<dc element="dc.creator.location.country.name" value="USA"/>
<dc element="dc.source" value="Reuters"/>
</metadata>
</newsitem>
