<?xml version="1.0" encoding="iso-8859-1" ?>
<newsitem itemid="115862" id="root" date="1996-10-15" xml:lang="en">
<title>USA: Rexene Corp Q3 net drops.</title>
<headline>Rexene Corp Q3 net drops.</headline>
<dateline>DALLAS 1996-10-15</dateline>
<text>
<p>(In Thousands, Except Per Share Amounts)</p>
<p>			     Unaudited</p>
<p>				Quarter Ended	 Nine Months Ended</p>
<p>				    Sept. 30,	     Sept. 30,</p>
<p>				  1996	1995	 1996	1995</p>
<p> Net sales		 $150,456 $154,113   $436,605  $483,093</p>
<p> Operating Income	  18,273   26,325     47,947   109,026</p>
<p> Interest expense, net    3,324    4,198     10,754    17,235</p>
<p> Net Income		   8,603   13,960     22,565    57,341</p>
<p> Net income per share	0.45     0.73	 1.18	3.00</p>
<p>Weighted average shares</p>
<p>				 19,185   19,143     19,163    19,131</p>
<p>Cash flow information:</p>
<p>Depreciation and</p>
<p>   amortization expense   5,889    5,463     17,353    15,792</p>
<p> Capital expenditures    29,884   12,877     71,431    33,595</p>
<p>-- New York Newsdesk 212 859-1610</p>
</text>
<copyright>(c) Reuters Limited 1996</copyright>
<metadata>
<codes class="bip:countries:1.0">
  <code code="USA">
    <editdetail attribution="Reuters BIP Coding Group" action="confirmed" date="1996-10-15"/>
  </code>
</codes>
<codes class="bip:industries:1.0">
  <code code="I25140">
    <editdetail attribution="Reuters BIP Coding Group" action="confirmed" date="1996-10-15"/>
  </code>
</codes>
<codes class="bip:topics:1.0">
  <code code="C15">
    <editdetail attribution="Reuters BIP Coding Group" action="confirmed" date="1996-10-15"/>
  </code>
  <code code="C151">
    <editdetail attribution="Reuters BIP Coding Group" action="confirmed" date="1996-10-15"/>
  </code>
  <code code="CCAT">
    <editdetail attribution="Reuters BIP Coding Group" action="confirmed" date="1996-10-15"/>
  </code>
</codes>
<dc element="dc.date.created" value="1996-10-15"/>
<dc element="dc.publisher" value="Reuters Holdings Plc"/>
<dc element="dc.date.published" value="1996-10-15"/>
<dc element="dc.source" value="Reuters"/>
<dc element="dc.creator.location" value="DALLAS"/>
<dc element="dc.creator.location.country.name" value="USA"/>
<dc element="dc.source" value="Reuters"/>
</metadata>
</newsitem>
