<?xml version="1.0" encoding="iso-8859-1" ?>
<newsitem itemid="734966" id="root" date="1997-07-17" xml:lang="en">
<title>USA: Aeroquip-Vickers sees industrial unit growth.</title>
<headline>Aeroquip-Vickers sees industrial unit growth.</headline>
<dateline>MAUMEE, Ohio 1997-07-17</dateline>
<text>
<p>Aeroquip-Vickers Inc said Thursday it expected improved sales and margins in its industrial business.</p>
<p>&quot;We had strong operating results from each of our three segments -- industrial, automotive and aerospace,&quot; Darryl Allen, chairman, president and chief executive said in a statement in which the company announced its second-quarter results.</p>
<p>&quot;We are confident that, just as our strategies have been successful in aerospace and automotive, we are going to be successful in growing sales and margins in our industrial business,&quot; he said.</p>
<p>Industrial sales climbed 8.5 percent in the second three months of 1997 to a quarterly high of $317.5 million. The segment's operating margin was 10.3 percent, declining slightly from 11 percent in the year-earlier period because of general weakness in Europe and an unfavorable product mix in the United States, Aeroquip said.</p>
<p>The company posted second-quarter earnings of $1.15 per share compared with $1.11 in the year-earlier period. Sales rose 7.4 percent to $556.3 million from 517.9 million.</p>
</text>
<copyright>(c) Reuters Limited 1997</copyright>
<metadata>
<codes class="bip:countries:1.0">
  <code code="USA">
    <editdetail attribution="Reuters BIP Coding Group" action="confirmed" date="1997-07-17"/>
  </code>
</codes>
<codes class="bip:industries:1.0">
  <code code="I35300">
    <editdetail attribution="Reuters BIP Coding Group" action="confirmed" date="1997-07-17"/>
  </code>
</codes>
<codes class="bip:topics:1.0">
  <code code="C15">
    <editdetail attribution="Reuters BIP Coding Group" action="confirmed" date="1997-07-17"/>
  </code>
  <code code="C152">
    <editdetail attribution="Reuters BIP Coding Group" action="confirmed" date="1997-07-17"/>
  </code>
  <code code="CCAT">
    <editdetail attribution="Reuters BIP Coding Group" action="confirmed" date="1997-07-17"/>
  </code>
</codes>
<dc element="dc.date.created" value="1997-07-17"/>
<dc element="dc.publisher" value="Reuters Holdings Plc"/>
<dc element="dc.date.published" value="1997-07-17"/>
<dc element="dc.source" value="Reuters"/>
<dc element="dc.creator.location" value="MAUMEE, Ohio"/>
<dc element="dc.creator.location.country.name" value="USA"/>
<dc element="dc.source" value="Reuters"/>
</metadata>
</newsitem>
