<?xml version="1.0" encoding="iso-8859-1" ?>
<newsitem itemid="425843" id="root" date="1997-03-07" xml:lang="en">
<title>ARGENTINA: SOCCER-ARGENTINE NAME SQUAD FOR HIGH-ALTITUDE TRAINING.</title>
<headline>SOCCER-ARGENTINE NAME SQUAD FOR HIGH-ALTITUDE TRAINING.</headline>
<dateline>BUENOS AIRES 1997-03-07</dateline>
<text>
<p>Argentina coach Daniel Passarella on Friday included 10 uncapped players in a squad to take part in a high-altitude training camp in the run-up to next month's World Cup qualifier away to Bolivia.</p>
<p>Although the squad is not final, Passarella made it clear that he intended to put the emphasis on youth for the game in La Paz at 3,600 metres above sea level.</p>
<p>The squad consisted entirely of home-based players for the training camp which will be held at La Quiaca, high in the Argentine Andes.</p>
<p>Passarella said he would eventually include a maximum of five foreign-based players who, under rules laid down by international soccer's governing body FIFA, have to be released by their clubs 10 days before games in the Bolivian capital.</p>
<p>This compares with the three weeks generally recognised as the time necessary to adapt fully to the altitude of La Paz, which can leave new arrivals breathless with a splitting headache and a thumping pain in the chest.</p>
<p>The coach, who is under slightly less pressure after last month's 1-0 win away to Colombia, said that any player who did not adapt well to high altitude would be sent back and replaced.</p>
<p>Squad:</p>
<p>Goalkeepers - Ignacio Gonzalez (Racing Club), Carlos Roa (Lanus).</p>
<p>Defenders - Hernan Diaz (River Plate), Nelson Vivas (Boca Juniors), Carlos Galvan (Racing Club) Pablo Rotchen (Independiente), Juan Sorin (River Plate), Mauricio Pineda (Boca Juniors).</p>
<p>Midfielders - Gustavo Zapata (San Lorenzo), Julio Saldana (Newell's Old Boys), Marcelo Herrera (Velez Sarsfield), Diego Cagna (Boca Juniors), Andres Yllana (Gimnasia La Plata), Christian Bassedas (Velez Sarsfield), Hugo Morales (Lanus), Nestor Gorosito (San Lorenzo), Angel Morales (Independiente).</p>
<p>Delanteros - Marcelo Delgado (Racing Club), Martn Posse (Velez Sarsfield), Claudio Biaggio (San Lorenzo), Jos Calderon (Independiente), Julio Cruz (River Plate).</p>
</text>
<copyright>(c) Reuters Limited 1997</copyright>
<metadata>
<codes class="bip:countries:1.0">
  <code code="ARG">
    <editdetail attribution="Reuters BIP Coding Group" action="confirmed" date="1997-03-07"/>
  </code>
  <code code="BOL">
    <editdetail attribution="Reuters BIP Coding Group" action="confirmed" date="1997-03-07"/>
  </code>
</codes>
<codes class="bip:topics:1.0">
  <code code="GCAT">
    <editdetail attribution="Reuters BIP Coding Group" action="confirmed" date="1997-03-07"/>
  </code>
  <code code="GSPO">
    <editdetail attribution="Reuters BIP Coding Group" action="confirmed" date="1997-03-07"/>
  </code>
</codes>
<dc element="dc.date.created" value="1997-03-07"/>
<dc element="dc.publisher" value="Reuters Holdings Plc"/>
<dc element="dc.date.published" value="1997-03-07"/>
<dc element="dc.source" value="Reuters"/>
<dc element="dc.creator.location" value="BUENOS AIRES"/>
<dc element="dc.creator.location.country.name" value="ARGENTINA"/>
<dc element="dc.source" value="Reuters"/>
</metadata>
</newsitem>
