<?xml version="1.0" encoding="iso-8859-1" ?>
<newsitem itemid="440547" id="root" date="1997-03-13" xml:lang="en">
<title>UK: UK court kills off book pricing pact.</title>
<headline>UK court kills off book pricing pact.</headline>
<dateline>LONDON 1997-03-13</dateline>
<text>
<p>A British court sealed the fate on Thursday of a century-old price-fixing agreement between book publishers, allowing continued discounting of top titles.</p>
<p>The Restrictive Practices Court ruled that the so-called Net Book Agreement, which had fallen into disuse, should be regarded as dead and buried.</p>
<p>The Court supported moves by the Office of Fair Trading to scrap the NBA, rejecting arguments to retain it from literary figures including Tom Stoppard and Auberon Waugh.</p>
<p>Judge Mr Justice Ferris said the court was satisfied the NBA restrictions were &quot;contrary to the public interest&quot;.</p>
<p>The NBA was a pact under which publishers fixed the price of a title for six months after publication. It effectively ended in 1995 when leading publishers withdrew, saying it was no longer workable.</p>
<p>Their withdrawal allowed high street stores to fight a book price war, with supermarkets getting in on the act by selling cut-price bestsellers on their shelves.</p>
<p>The NBA's defenders argued that its removal would signal the end for many small bookshops and lead to fewer titles being published as margins declined.</p>
<p>-- London Newsroom +44 171 542 7717</p>
</text>
<copyright>(c) Reuters Limited 1997</copyright>
<metadata>
<codes class="bip:countries:1.0">
  <code code="UK">
    <editdetail attribution="Reuters BIP Coding Group" action="confirmed" date="1997-03-13"/>
  </code>
</codes>
<codes class="bip:industries:1.0">
  <code code="I47530">
    <editdetail attribution="Reuters BIP Coding Group" action="confirmed" date="1997-03-13"/>
  </code>
  <code code="I65300">
    <editdetail attribution="Reuters BIP Coding Group" action="confirmed" date="1997-03-13"/>
  </code>
</codes>
<codes class="bip:topics:1.0">
  <code code="C13">
    <editdetail attribution="Reuters BIP Coding Group" action="confirmed" date="1997-03-13"/>
  </code>
  <code code="C34">
    <editdetail attribution="Reuters BIP Coding Group" action="confirmed" date="1997-03-13"/>
  </code>
  <code code="CCAT">
    <editdetail attribution="Reuters BIP Coding Group" action="confirmed" date="1997-03-13"/>
  </code>
  <code code="GCAT">
    <editdetail attribution="Reuters BIP Coding Group" action="confirmed" date="1997-03-13"/>
  </code>
  <code code="GCRIM">
    <editdetail attribution="Reuters BIP Coding Group" action="confirmed" date="1997-03-13"/>
  </code>
</codes>
<dc element="dc.date.created" value="1997-03-13"/>
<dc element="dc.publisher" value="Reuters Holdings Plc"/>
<dc element="dc.date.published" value="1997-03-13"/>
<dc element="dc.source" value="Reuters"/>
<dc element="dc.creator.location" value="LONDON"/>
<dc element="dc.creator.location.country.name" value="UK"/>
<dc element="dc.source" value="Reuters"/>
</metadata>
</newsitem>
