<?xml version="1.0" encoding="iso-8859-1" ?>
<newsitem itemid="136043" id="root" date="1996-10-23" xml:lang="en">
<title>USA: SJNB raises dividend.</title>
<headline>SJNB raises dividend.</headline>
<dateline>SAN JOSE, Calif. 1996-10-23</dateline>
<text>
<p>SJNB Financial Corp, the parent company of San Jose National Bank, said it increased its semi-annual dividend to $0.18 per share from $0.15.</p>
<p>The dividend is payable December 2 to shareholders of record November 11.</p>
</text>
<copyright>(c) Reuters Limited 1996</copyright>
<metadata>
<codes class="bip:countries:1.0">
  <code code="USA">
    <editdetail attribution="Reuters BIP Coding Group" action="confirmed" date="1996-10-23"/>
  </code>
</codes>
<codes class="bip:industries:1.0">
  <code code="I81402">
    <editdetail attribution="Reuters BIP Coding Group" action="confirmed" date="1996-10-23"/>
  </code>
</codes>
<codes class="bip:topics:1.0">
  <code code="C15">
    <editdetail attribution="Reuters BIP Coding Group" action="confirmed" date="1996-10-23"/>
  </code>
  <code code="C151">
    <editdetail attribution="Reuters BIP Coding Group" action="confirmed" date="1996-10-23"/>
  </code>
  <code code="CCAT">
    <editdetail attribution="Reuters BIP Coding Group" action="confirmed" date="1996-10-23"/>
  </code>
</codes>
<dc element="dc.date.created" value="1996-10-23"/>
<dc element="dc.publisher" value="Reuters Holdings Plc"/>
<dc element="dc.date.published" value="1996-10-23"/>
<dc element="dc.source" value="Reuters"/>
<dc element="dc.creator.location" value="SAN JOSE, Calif."/>
<dc element="dc.creator.location.country.name" value="USA"/>
<dc element="dc.source" value="Reuters"/>
</metadata>
</newsitem>
