<?xml version="1.0" encoding="iso-8859-1" ?>
<newsitem itemid="91478" id="root" date="1996-10-02" xml:lang="en">
<title>GREECE: Greek Intrakom signs 1.0mln mark NATO missile deal.</title>
<headline>Greek Intrakom signs 1.0mln mark NATO missile deal.</headline>
<dateline>ATHENS 1996-10-02</dateline>
<text>
<p>Greek telecommunications and defence manufacturer Intracom said it signed a contract worth one million marks with German firm BGT to design and develop parts for air-to-air IRIS-T missiles for NATO.</p>
<p>The accord was signed today by Intracom's managing director, Costas Tsoukalidis, and Reiner Ott, managing director of German BGT, the main contractor of the IRIS-T programme.</p>
<p>The signing took place in Piraeus at the international Defendory military exhibition.</p>
<p>Intracom will design and develop electronic parts and software for the new air-to-air missile, its statement said.</p>
<p>&quot;In the first phase of the programme, Intracom has assumed the integration of IRIS-T on F-16 fighter planes,&quot; it said.</p>
<p>Greece participates in the IRIS-T programme budgeted at 3.0 billion marks with a stake of 6.0 percent, it said. --Dimitris Kontogiannis, Athens Newsroom +301 3311812-4</p>
</text>
<copyright>(c) Reuters Limited 1996</copyright>
<metadata>
<codes class="bip:countries:1.0">
  <code code="GFR">
    <editdetail attribution="Reuters BIP Coding Group" action="confirmed" date="1996-10-02"/>
  </code>
  <code code="GREECE">
    <editdetail attribution="Reuters BIP Coding Group" action="confirmed" date="1996-10-02"/>
  </code>
  <code code="NATO">
    <editdetail attribution="Reuters BIP Coding Group" action="confirmed" date="1996-10-02"/>
  </code>
</codes>
<codes class="bip:industries:1.0">
  <code code="I34400">
    <editdetail attribution="Reuters BIP Coding Group" action="confirmed" date="1996-10-02"/>
  </code>
  <code code="I36400">
    <editdetail attribution="Reuters BIP Coding Group" action="confirmed" date="1996-10-02"/>
  </code>
  <code code="I3640047">
    <editdetail attribution="Reuters BIP Coding Group" action="confirmed" date="1996-10-02"/>
  </code>
</codes>
<codes class="bip:topics:1.0">
  <code code="C33">
    <editdetail attribution="Reuters BIP Coding Group" action="confirmed" date="1996-10-02"/>
  </code>
  <code code="C331">
    <editdetail attribution="Reuters BIP Coding Group" action="confirmed" date="1996-10-02"/>
  </code>
  <code code="CCAT">
    <editdetail attribution="Reuters BIP Coding Group" action="confirmed" date="1996-10-02"/>
  </code>
  <code code="GCAT">
    <editdetail attribution="Reuters BIP Coding Group" action="confirmed" date="1996-10-02"/>
  </code>
  <code code="GDEF">
    <editdetail attribution="Reuters BIP Coding Group" action="confirmed" date="1996-10-02"/>
  </code>
</codes>
<dc element="dc.date.created" value="1996-10-02"/>
<dc element="dc.publisher" value="Reuters Holdings Plc"/>
<dc element="dc.date.published" value="1996-10-02"/>
<dc element="dc.source" value="Reuters"/>
<dc element="dc.creator.location" value="ATHENS"/>
<dc element="dc.creator.location.country.name" value="GREECE"/>
<dc element="dc.source" value="Reuters"/>
</metadata>
</newsitem>
