<?xml version="1.0" encoding="iso-8859-1" ?>
<newsitem itemid="714813" id="root" date="1997-07-08" xml:lang="en">
<title>CHINA: China looks to passion fruit as opium substitute.</title>
<headline>China looks to passion fruit as opium substitute.</headline>
<dateline>BEIJING 1997-07-08</dateline>
<text>
<p>Chinese experts have found a tasty alternative to the opium poppy crops feeding the nation's growing heroin habit -- passion fruit, the Economic Information Daily said on Tuesday.</p>
<p>Commercial passion fruit cultivation should be promoted as an alternative to the opium poppies grown by remote hill tribes who currently rely on the illegal drug for economic survival, the newspaper quoted experts at a recent conference as saying.</p>
<p>Passion fruit was nutritious, easy to grow and commanded even higher returns than opium poppies, making it the most efficient way to eliminate planting of the drug, it said.</p>
<p>Some power groups on the other side of the border in the notorious &quot;Golden Triangle&quot; drug cultivation area of Burma, Laos and Thailand would welcome Chinese assistance in finding alternative crops, the newspaper said.</p>
<p>It made no direct reference to opium growing within China, a phenomenon that officials in the southwestern border province of Yunnan have long been eager to play down.</p>
<p>Earlier this year, Beijing launched a new campaign against a tide of illegal narcotics, vowing to crack down on addicts, traffickers and local authorities that allowed growers to tend their illegal crops.</p>
<p>Nearly 20 years of economic reforms have weakened the social controls that allowed China to wipe out drug abuse in the 1950s, paving the way for surging demand.</p>
<p>By the end of 1995, China had registered 520,000 illegal drug users in 1,600 towns and counties, state media has said.</p>
</text>
<copyright>(c) Reuters Limited 1997</copyright>
<metadata>
<codes class="bip:countries:1.0">
  <code code="CHINA">
    <editdetail attribution="Reuters BIP Coding Group" action="confirmed" date="1997-07-08"/>
  </code>
</codes>
<codes class="bip:industries:1.0">
  <code code="I01002">
    <editdetail attribution="Reuters BIP Coding Group" action="confirmed" date="1997-07-08"/>
  </code>
  <code code="I0100206">
    <editdetail attribution="Reuters BIP Coding Group" action="confirmed" date="1997-07-08"/>
  </code>
</codes>
<codes class="bip:topics:1.0">
  <code code="C24">
    <editdetail attribution="Reuters BIP Coding Group" action="confirmed" date="1997-07-08"/>
  </code>
  <code code="CCAT">
    <editdetail attribution="Reuters BIP Coding Group" action="confirmed" date="1997-07-08"/>
  </code>
  <code code="GCAT">
    <editdetail attribution="Reuters BIP Coding Group" action="confirmed" date="1997-07-08"/>
  </code>
  <code code="GPOL">
    <editdetail attribution="Reuters BIP Coding Group" action="confirmed" date="1997-07-08"/>
  </code>
</codes>
<dc element="dc.date.created" value="1997-07-08"/>
<dc element="dc.publisher" value="Reuters Holdings Plc"/>
<dc element="dc.date.published" value="1997-07-08"/>
<dc element="dc.source" value="Reuters"/>
<dc element="dc.creator.location" value="BEIJING"/>
<dc element="dc.creator.location.country.name" value="CHINA"/>
<dc element="dc.source" value="Reuters"/>
</metadata>
</newsitem>
