<?xml version="1.0" encoding="iso-8859-1" ?>
<newsitem itemid="602828" id="root" date="1997-05-21" xml:lang="en">
<title>USA: U.S. cotton exports by class -- Commerce.</title>
<headline>U.S. cotton exports by class -- Commerce.</headline>
<dateline>WASHINGTON 1997-05-21</dateline>
<text>
<p>- U.S. Commerce Department</p>
<p>cotton exports by class (running bales):</p>
<p> -		 Total  Upland-A  Upland-B  Upland-C   Am.Pima</p>
<p> -  Mar 97    811,926  103,574   576,417   110,645    21,290</p>
<p> -  Feb 97    699,743   99,433   461,806   116,656    21,848</p>
<p> -  Mar 96    743,737   46,429   599,610    85,368    12,330</p>
<p>A-Under 1 inch. B-1 inch to 1-1/8 inches. C-1-1/8 inches or more.</p>
</text>
<copyright>(c) Reuters Limited 1997</copyright>
<metadata>
<codes class="bip:countries:1.0">
  <code code="USA">
    <editdetail attribution="Reuters BIP Coding Group" action="confirmed" date="1997-05-21"/>
  </code>
</codes>
<codes class="bip:topics:1.0">
  <code code="M14">
    <editdetail attribution="Reuters BIP Coding Group" action="confirmed" date="1997-05-21"/>
  </code>
  <code code="M141">
    <editdetail attribution="Reuters BIP Coding Group" action="confirmed" date="1997-05-21"/>
  </code>
  <code code="MCAT">
    <editdetail attribution="Reuters BIP Coding Group" action="confirmed" date="1997-05-21"/>
  </code>
</codes>
<dc element="dc.date.created" value="1997-05-21"/>
<dc element="dc.publisher" value="Reuters Holdings Plc"/>
<dc element="dc.date.published" value="1997-05-21"/>
<dc element="dc.source" value="Reuters"/>
<dc element="dc.creator.location" value="WASHINGTON"/>
<dc element="dc.creator.location.country.name" value="USA"/>
<dc element="dc.source" value="Reuters"/>
</metadata>
</newsitem>
