<?xml version="1.0" encoding="iso-8859-1" ?>
<newsitem itemid="99968" id="root" date="1996-10-07" xml:lang="en">
<title>USA: USDA gross cutout hide and offal value.</title>
<headline>USDA gross cutout hide and offal value.</headline>
<dateline>DES MOINES 1996-10-07</dateline>
<text>
<p>The hide and offal value from a typical slaughter steer for Monday was estimated at $9.74 per cwt live, up 0.02 when compared to Friday's value. - USDA</p>
</text>
<copyright>(c) Reuters Limited 1996</copyright>
<metadata>
<codes class="bip:countries:1.0">
  <code code="USA">
    <editdetail attribution="Reuters BIP Coding Group" action="confirmed" date="1996-10-07"/>
  </code>
</codes>
<codes class="bip:topics:1.0">
  <code code="M14">
    <editdetail attribution="Reuters BIP Coding Group" action="confirmed" date="1996-10-07"/>
  </code>
  <code code="M141">
    <editdetail attribution="Reuters BIP Coding Group" action="confirmed" date="1996-10-07"/>
  </code>
  <code code="MCAT">
    <editdetail attribution="Reuters BIP Coding Group" action="confirmed" date="1996-10-07"/>
  </code>
</codes>
<dc element="dc.date.created" value="1996-10-07"/>
<dc element="dc.publisher" value="Reuters Holdings Plc"/>
<dc element="dc.date.published" value="1996-10-07"/>
<dc element="dc.source" value="Reuters"/>
<dc element="dc.creator.location" value="DES MOINES"/>
<dc element="dc.creator.location.country.name" value="USA"/>
<dc element="dc.source" value="Reuters"/>
</metadata>
</newsitem>
