<?xml version="1.0" encoding="iso-8859-1" ?>
<newsitem itemid="140470" id="root" date="1996-10-24" xml:lang="en">
<title>USA: O'Donnell/Marshall return in Kmart holiday ads.</title>
<headline>O'Donnell/Marshall return in Kmart holiday ads.</headline>
<dateline>CHICAGO</dateline>
<text>
<p>Kmart Corp. said Thursday that Rosie O'Donnell and Penny Marshall will once again be bargain hunting this holiday season in a broadcast campaign set to break the day after Thanksgiving.</p>
<p>The holiday commercials mark the one-year anniversary for O'Donnell and Marshall as Kmart Corp.'s spokeswomen.</p>
<p>The retailer said shooting on the commercials -- a total of 12 in four days -- begins this weekend in Brentwood, Long Island, N.Y.</p>
</text>
<copyright>(c) Reuters Limited 1996</copyright>
<metadata>
<codes class="bip:countries:1.0">
  <code code="USA">
    <editdetail attribution="Reuters BIP Coding Group" action="confirmed" date="1996-10-24"/>
  </code>
</codes>
<codes class="bip:industries:1.0">
  <code code="I65600">
    <editdetail attribution="Reuters BIP Coding Group" action="confirmed" date="1996-10-24"/>
  </code>
</codes>
<codes class="bip:topics:1.0">
  <code code="C32">
    <editdetail attribution="Reuters BIP Coding Group" action="confirmed" date="1996-10-24"/>
  </code>
  <code code="CCAT">
    <editdetail attribution="Reuters BIP Coding Group" action="confirmed" date="1996-10-24"/>
  </code>
</codes>
<dc element="dc.publisher" value="Reuters Holdings Plc"/>
<dc element="dc.date.published" value="1996-10-24"/>
<dc element="dc.source" value="Reuters"/>
<dc element="dc.creator.location" value="CHICAGO"/>
<dc element="dc.creator.location.country.name" value="USA"/>
<dc element="dc.source" value="Reuters"/>
</metadata>
</newsitem>
