<?xml version="1.0" encoding="iso-8859-1" ?>
<newsitem itemid="695635" id="root" date="1997-06-30" xml:lang="en">
<title>MAURITIUS: Mauritius rupee weakens against dollar, pound.</title>
<headline>Mauritius rupee weakens against dollar, pound.</headline>
<dateline>PORT LOUIS 1997-06-30</dateline>
<text>
<p>The Mauritian rupee weakened slightly against the dollar and pound sterling on Monday, reflecting international market trends, foreign exchange dealers said.</p>
<p>The rupee was fixed at a commercial mean rate of 20.865 to the dollar from 20.7975 on Friday and at 34.727 to the pound from 34.6775 on Friday.</p>
</text>
<copyright>(c) Reuters Limited 1997</copyright>
<metadata>
<codes class="bip:countries:1.0">
  <code code="MAURTS">
    <editdetail attribution="Reuters BIP Coding Group" action="confirmed" date="1997-06-30"/>
  </code>
</codes>
<codes class="bip:topics:1.0">
  <code code="M13">
    <editdetail attribution="Reuters BIP Coding Group" action="confirmed" date="1997-06-30"/>
  </code>
  <code code="M132">
    <editdetail attribution="Reuters BIP Coding Group" action="confirmed" date="1997-06-30"/>
  </code>
  <code code="MCAT">
    <editdetail attribution="Reuters BIP Coding Group" action="confirmed" date="1997-06-30"/>
  </code>
</codes>
<dc element="dc.date.created" value="1997-06-30"/>
<dc element="dc.publisher" value="Reuters Holdings Plc"/>
<dc element="dc.date.published" value="1997-06-30"/>
<dc element="dc.source" value="Reuters"/>
<dc element="dc.creator.location" value="PORT LOUIS"/>
<dc element="dc.creator.location.country.name" value="MAURITIUS"/>
<dc element="dc.source" value="Reuters"/>
</metadata>
</newsitem>
