<?xml version="1.0" encoding="iso-8859-1" ?>
<newsitem itemid="176509" id="root" date="1996-11-08" xml:lang="en">
<title>JAPAN: Kanbo Pras -96/97 parent forecast.</title>
<headline>Kanbo Pras -96/97 parent forecast.</headline>
<dateline>TOKYO 1996-11-08</dateline>
<text>
<p>Year to March 31, 1997</p>
<p>		   (in billions of yen unless specified)</p>
<p>			   LATEST	    ACTUAL</p>
<p> (Parent)	     FORECAST	  YEAR-AGO</p>
<p> Sales		  9.40		 9.47</p>
<p> Current	     60    million	  88    million</p>
<p> Net	    loss 40    million     prft 701 million</p>
<p> EPS	     loss 3.31 yen   prft 58.05 yen</p>
<p> Ord div		5.00 yen	   5.00 yen</p>
<p>NOTE - Kanbo Pras Corp engages in dyeing and finishing of heavy and canvas cloths.</p>
</text>
<copyright>(c) Reuters Limited 1996</copyright>
<metadata>
<codes class="bip:countries:1.0">
  <code code="JAP">
    <editdetail attribution="Reuters BIP Coding Group" action="confirmed" date="1996-11-08"/>
  </code>
</codes>
<codes class="bip:industries:1.0">
  <code code="I43000">
    <editdetail attribution="Reuters BIP Coding Group" action="confirmed" date="1996-11-08"/>
  </code>
</codes>
<codes class="bip:topics:1.0">
  <code code="C15">
    <editdetail attribution="Reuters BIP Coding Group" action="confirmed" date="1996-11-08"/>
  </code>
  <code code="C152">
    <editdetail attribution="Reuters BIP Coding Group" action="confirmed" date="1996-11-08"/>
  </code>
  <code code="CCAT">
    <editdetail attribution="Reuters BIP Coding Group" action="confirmed" date="1996-11-08"/>
  </code>
</codes>
<dc element="dc.date.created" value="1996-11-08"/>
<dc element="dc.publisher" value="Reuters Holdings Plc"/>
<dc element="dc.date.published" value="1996-11-08"/>
<dc element="dc.source" value="Reuters"/>
<dc element="dc.creator.location" value="TOKYO"/>
<dc element="dc.creator.location.country.name" value="JAPAN"/>
<dc element="dc.source" value="Reuters"/>
</metadata>
</newsitem>
