<?xml version="1.0" encoding="iso-8859-1" ?>
<newsitem itemid="277263" id="root" date="1996-12-26" xml:lang="en">
<title>SWEDEN: Sweden has no comment on asylum for Peru rebels.</title>
<headline>Sweden has no comment on asylum for Peru rebels.</headline>
<dateline>STOCKHOLM 1996-12-26</dateline>
<text>
<p>Swedish officials on Thursday declined to comment on unconfirmed reports that Marxist rebels holding hostages in the Japanese ambassador's residence in Lima, Peru, wanted political asylum in Sweden or Denmark.</p>
<p>Foreign Affairs Minister Lena Hjelm-Wallen said it was too early to comment on the reports which emerged in comments by released hostage Alejandro Toledo, a former presidential candidate in Peru, who overheard the rebels' talking.</p>
<p>&quot;It seems a little far fetched but I really know nothing about it because I am not responsible for questions of asylum,&quot; Hjelm-Wallen told Swedish national news agency TT.</p>
<p>Deputy Foreign Minister Pierre Schori, who is responsible for asylum cases, also had no comment. &quot;I must first find out what the situation is,&quot; he told TT.</p>
<p>Rebels of the Tupac Amaru Revolutionary Movement stormed the ambassador's residence during a cocktail party on December 17, demanding some of their jailed comrades be freed.</p>
<p>The rebels are still holding 103 hostages.</p>
</text>
<copyright>(c) Reuters Limited 1996</copyright>
<metadata>
<codes class="bip:countries:1.0">
  <code code="DEN">
    <editdetail attribution="Reuters BIP Coding Group" action="confirmed" date="1996-12-26"/>
  </code>
  <code code="JAP">
    <editdetail attribution="Reuters BIP Coding Group" action="confirmed" date="1996-12-26"/>
  </code>
  <code code="PERU">
    <editdetail attribution="Reuters BIP Coding Group" action="confirmed" date="1996-12-26"/>
  </code>
  <code code="SWED">
    <editdetail attribution="Reuters BIP Coding Group" action="confirmed" date="1996-12-26"/>
  </code>
</codes>
<codes class="bip:topics:1.0">
  <code code="GCAT">
    <editdetail attribution="Reuters BIP Coding Group" action="confirmed" date="1996-12-26"/>
  </code>
  <code code="GDIP">
    <editdetail attribution="Reuters BIP Coding Group" action="confirmed" date="1996-12-26"/>
  </code>
  <code code="GVIO">
    <editdetail attribution="Reuters BIP Coding Group" action="confirmed" date="1996-12-26"/>
  </code>
</codes>
<dc element="dc.date.created" value="1996-12-26"/>
<dc element="dc.publisher" value="Reuters Holdings Plc"/>
<dc element="dc.date.published" value="1996-12-26"/>
<dc element="dc.source" value="Reuters"/>
<dc element="dc.creator.location" value="STOCKHOLM"/>
<dc element="dc.creator.location.country.name" value="SWEDEN"/>
<dc element="dc.source" value="Reuters"/>
</metadata>
</newsitem>
