<?xml version="1.0" encoding="iso-8859-1" ?>
<newsitem itemid="315554" id="root" date="1997-01-17" xml:lang="en">
<title>UK: BFI down 13 as Panamaxes remain weak.</title>
<headline>BFI down 13 as Panamaxes remain weak.</headline>
<dateline>LONDON 1997-01-17</dateline>
<text>
<p>The Baltic Freight Index (BFI) was down 13 on Friday to 1,483 points.</p>
<p>Brokers said that despite continued strength in the Caper market the index fell again on Friday as a result of weaker demand for Panamaxes.</p>
<p>Few enquiries remained from grain charterers for January and owners were said to be indicating $24.75 no combination US Gulf to Japan and $12.75/$13.00 US Gulf to Continent both basis heavy grain for early Februrary. Handy grain rates remained soft.</p>
<p>At 1300 GMT BIFFEX was five points down to one point up and turnover totalled 79 lots.</p>
<p>London Newsroom, +44 171 542 7771</p>
</text>
<copyright>(c) Reuters Limited 1997</copyright>
<metadata>
<codes class="bip:countries:1.0">
  <code code="UK">
    <editdetail attribution="Reuters BIP Coding Group" action="confirmed" date="1997-01-17"/>
  </code>
</codes>
<codes class="bip:topics:1.0">
  <code code="M14">
    <editdetail attribution="Reuters BIP Coding Group" action="confirmed" date="1997-01-17"/>
  </code>
  <code code="MCAT">
    <editdetail attribution="Reuters BIP Coding Group" action="confirmed" date="1997-01-17"/>
  </code>
</codes>
<dc element="dc.date.created" value="1997-01-17"/>
<dc element="dc.publisher" value="Reuters Holdings Plc"/>
<dc element="dc.date.published" value="1997-01-17"/>
<dc element="dc.source" value="Reuters"/>
<dc element="dc.creator.location" value="LONDON"/>
<dc element="dc.creator.location.country.name" value="UK"/>
<dc element="dc.source" value="Reuters"/>
</metadata>
</newsitem>
