<?xml version="1.0" encoding="iso-8859-1" ?>
<newsitem itemid="708124" id="root" date="1997-07-04" xml:lang="en">
<title>SWEDEN: Electrolux eyes 2 Swedish plants in cuts.</title>
<headline>Electrolux eyes 2 Swedish plants in cuts.</headline>
<dateline>STOCKHOLM 1997-07-04</dateline>
<text>
<p>Swedish appliance maker, Electrolux, said on Friday it was looking at closing a factory that make large kitchen equipment at Alingsas in Sweden as well as possibly selling an Electrolux-Eurocleans factory at Atvidaberg.</p>
<p>This was part of Electrolux's previously announced plan to close about 25 factoris and cut 12,000 jobs worldwide.</p>
<p>Other Swedish factories would not be included in the company's restructuring, Electrolux said.</p>
<p>&quot;Other forms of rationalisation will be carried out,&quot; an Electrolux spokesman said.</p>
<p>Winding up the factory at Alingsas is only one alternative and no firm decision has yet been made. The factory has 190 employees.</p>
<p>Other possibilities were also being explored for the factory at Atvidaberg that has about 30 staff.</p>
<p>The spokesman said the decisions on which Electrolux plants would be closed would not be released at any one time but the company's divisions would be making their statements about closures.</p>
<p>-- Stockholm newsroom +46-8-700 1017</p>
</text>
<copyright>(c) Reuters Limited 1997</copyright>
<metadata>
<codes class="bip:countries:1.0">
  <code code="SWED">
    <editdetail attribution="Reuters BIP Coding Group" action="confirmed" date="1997-07-04"/>
  </code>
</codes>
<codes class="bip:industries:1.0">
  <code code="I34600">
    <editdetail attribution="Reuters BIP Coding Group" action="confirmed" date="1997-07-04"/>
  </code>
</codes>
<codes class="bip:topics:1.0">
  <code code="C24">
    <editdetail attribution="Reuters BIP Coding Group" action="confirmed" date="1997-07-04"/>
  </code>
  <code code="C42">
    <editdetail attribution="Reuters BIP Coding Group" action="confirmed" date="1997-07-04"/>
  </code>
  <code code="CCAT">
    <editdetail attribution="Reuters BIP Coding Group" action="confirmed" date="1997-07-04"/>
  </code>
  <code code="E41">
    <editdetail attribution="Reuters BIP Coding Group" action="confirmed" date="1997-07-04"/>
  </code>
  <code code="ECAT">
    <editdetail attribution="Reuters BIP Coding Group" action="confirmed" date="1997-07-04"/>
  </code>
  <code code="GCAT">
    <editdetail attribution="Reuters BIP Coding Group" action="confirmed" date="1997-07-04"/>
  </code>
  <code code="GJOB">
    <editdetail attribution="Reuters BIP Coding Group" action="confirmed" date="1997-07-04"/>
  </code>
</codes>
<dc element="dc.date.created" value="1997-07-04"/>
<dc element="dc.publisher" value="Reuters Holdings Plc"/>
<dc element="dc.date.published" value="1997-07-04"/>
<dc element="dc.source" value="Reuters"/>
<dc element="dc.creator.location" value="STOCKHOLM"/>
<dc element="dc.creator.location.country.name" value="SWEDEN"/>
<dc element="dc.source" value="Reuters"/>
</metadata>
</newsitem>
