<?xml version="1.0" encoding="iso-8859-1" ?>
<newsitem itemid="355523" id="root" date="1997-02-04" xml:lang="en">
<title>UK: N.Irish policemen arrested in deception probe.</title>
<headline>N.Irish policemen arrested in deception probe.</headline>
<dateline>BELFAST 1997-02-04</dateline>
<text>
<p>Several police officers and car dealers were arrested in Northern Ireland on Tuesday in a probe into deception and conspiracy, police said.</p>
<p>&quot;Those arrested included a number of serving police officers and car dealers in Counties Tyrone and Fermanagh,&quot; the Royal Ulster Constabulary (RUC) said in a statement.</p>
<p>The arrests resulted from a 15-month investigation by a police team under a detective superintendent that had spread to a number of towns in the British province, the RUC said.</p>
<p>&quot;Police this morning have arrested a number of people in an investigation into serious offences included deception and conspiracy to pervert the course of justice,&quot; it said.</p>
<p>&quot;The arrests follow a protracted inquiry by a special team of detectives that involved a number of towns throughout Northern Ireland.&quot;</p>
<p>No further details were available.</p>
</text>
<copyright>(c) Reuters Limited 1997</copyright>
<metadata>
<codes class="bip:countries:1.0">
  <code code="UK">
    <editdetail attribution="Reuters BIP Coding Group" action="confirmed" date="1997-02-04"/>
  </code>
</codes>
<codes class="bip:topics:1.0">
  <code code="GCAT">
    <editdetail attribution="Reuters BIP Coding Group" action="confirmed" date="1997-02-04"/>
  </code>
  <code code="GCRIM">
    <editdetail attribution="Reuters BIP Coding Group" action="confirmed" date="1997-02-04"/>
  </code>
</codes>
<dc element="dc.date.created" value="1997-02-04"/>
<dc element="dc.publisher" value="Reuters Holdings Plc"/>
<dc element="dc.date.published" value="1997-02-04"/>
<dc element="dc.source" value="Reuters"/>
<dc element="dc.creator.location" value="BELFAST"/>
<dc element="dc.creator.location.country.name" value="UK"/>
<dc element="dc.source" value="Reuters"/>
</metadata>
</newsitem>
