<?xml version="1.0" encoding="iso-8859-1" ?>
<newsitem itemid="415946" id="root" date="1997-03-03" xml:lang="en">
<title>BELGIUM: BELGIAN PM SEES EU ROLE IN RENAULT CLOSURE CASE.</title>
<headline>BELGIAN PM SEES EU ROLE IN RENAULT CLOSURE CASE.</headline>
<dateline>BRUSSELS 1997-03-03</dateline>
<text>
<p>Belgian Prime Minister Jean-Luc Dehaene said on Monday the European Union should take measures to make surprise cross-border company closures such as the shutdown of car maker Renault's Belgian plant harder.</p>
<p>In a letter to European Commission chairman Jacques Santer Dehaene said EU rules should be tightened.</p>
<p>&quot;The credibility of Europe is at stake. Europe should not just work on expanding the single market, but also work on firm social and employment policies,&quot; Dehaene said. Europe needed clear rules on fiscal harmonisation and for disinvestments.    </p>
<p>Renault last Thursday announced out of the blue it would close its Vilvoorde car assembly plant in July, costing 3,100 Belgian Renault workers and 1,000 workers at suppliers and subcontractors their jobs.</p>
<p>Dehaene later told a meeting on the single currency that &quot;Individual countries are powerless in the face of cross-border operations. Only coordinated action on a European level can bring any relief.&quot;</p>
<p>In the letter to Santer he said Renault's decision to shut the Vilvoorde plant had hit Belgium &quot;at a particularly tough time with respect to unemployment.&quot;</p>
</text>
<copyright>(c) Reuters Limited 1997</copyright>
<metadata>
<codes class="bip:countries:1.0">
  <code code="BELG">
    <editdetail attribution="Reuters BIP Coding Group" action="confirmed" date="1997-03-03"/>
  </code>
  <code code="EEC">
    <editdetail attribution="Reuters BIP Coding Group" action="confirmed" date="1997-03-03"/>
  </code>
  <code code="FRA">
    <editdetail attribution="Reuters BIP Coding Group" action="confirmed" date="1997-03-03"/>
  </code>
</codes>
<codes class="bip:industries:1.0">
  <code code="I35101">
    <editdetail attribution="Reuters BIP Coding Group" action="confirmed" date="1997-03-03"/>
  </code>
</codes>
<codes class="bip:topics:1.0">
  <code code="C24">
    <editdetail attribution="Reuters BIP Coding Group" action="confirmed" date="1997-03-03"/>
  </code>
  <code code="G152">
    <editdetail attribution="Reuters BIP Coding Group" action="confirmed" date="1997-03-03"/>
  </code>
  <code code="G155">
    <editdetail attribution="Reuters BIP Coding Group" action="confirmed" date="1997-03-03"/>
  </code>
</codes>
<dc element="dc.date.created" value="1997-03-03"/>
<dc element="dc.publisher" value="Reuters Holdings Plc"/>
<dc element="dc.date.published" value="1997-03-03"/>
<dc element="dc.source" value="Reuters"/>
<dc element="dc.creator.location" value="BRUSSELS"/>
<dc element="dc.creator.location.country.name" value="BELGIUM"/>
<dc element="dc.source" value="Reuters"/>
</metadata>
</newsitem>
