<?xml version="1.0" encoding="iso-8859-1" ?>
<newsitem itemid="33490" id="root" date="1996-09-04" xml:lang="en">
<title>THAILAND: Thai fund to float more baht bonds in Sept, Oct.</title>
<headline>Thai fund to float more baht bonds in Sept, Oct.</headline>
<dateline>BANGKOK 1996-09-04</dateline>
<text>
<p>Thailand's fund for Rehabilitation and Development of Finance Institutions said on Wednesday it would auction 4.0 billion baht (US$160 million) of bonds in September and October.</p>
<p>The Bank of Thailand-operated fund said in a statement it would float two-billion-baht, three-year bonds each on September 27 and October 25.  </p>
<p>The fund last month issued a total of 6.0 billion baht of bonds to raise funds required to rescue ailing financial institutions.</p>
<p>Bangkok Bank of Commerce Plc was the most recent bank rescued by the state-run fund after the government took it over in May.</p>
<p>Central bank officials said BBC was saddled with over 70 billion baht of risky loans.</p>
<p>($1 = 25 baht)</p>
<p>-- Bangkok newsroom (662) 652-0642</p>
</text>
<copyright>(c) Reuters Limited 1996</copyright>
<metadata>
<codes class="bip:countries:1.0">
  <code code="THAIL">
    <editdetail attribution="Reuters BIP Coding Group" action="confirmed" date="1996-09-04"/>
  </code>
</codes>
<codes class="bip:topics:1.0">
  <code code="E21">
    <editdetail attribution="Reuters BIP Coding Group" action="confirmed" date="1996-09-04"/>
  </code>
  <code code="E212">
    <editdetail attribution="Reuters BIP Coding Group" action="confirmed" date="1996-09-04"/>
  </code>
  <code code="ECAT">
    <editdetail attribution="Reuters BIP Coding Group" action="confirmed" date="1996-09-04"/>
  </code>
</codes>
<dc element="dc.date.created" value="1996-09-04"/>
<dc element="dc.publisher" value="Reuters Holdings Plc"/>
<dc element="dc.date.published" value="1996-09-04"/>
<dc element="dc.source" value="Reuters"/>
<dc element="dc.creator.location" value="BANGKOK"/>
<dc element="dc.creator.location.country.name" value="THAILAND"/>
<dc element="dc.source" value="Reuters"/>
</metadata>
</newsitem>
