<?xml version="1.0" encoding="iso-8859-1" ?>
<newsitem itemid="58924" id="root" date="1996-09-17" xml:lang="en">
<title>INDIA: INDIA - Primary dealers quotes on securities - Sept 17.</title>
<headline>INDIA - Primary dealers quotes on securities - Sept 17.</headline>
<dateline>BOMBAY 1996-09-17</dateline>
<text>
<p>Primary dealers made the following two-way quotes on Tuesday for dated government securities and treasury bills</p>
<p>Government securities</p>
<p>---------------------</p>
<p>		    DFHI		STCI		I-Sec</p>
<p>					 (Bid/offer)	   (in rupees)</p>
<p>13.50% 97    100.25/100.45   ------/------   100.35/100.45</p>
<p>13.62% 98    ------/------   ------/------   100.35/100.45</p>
<p>13.70% 99    ------/------   100.67/100.77   ------/------</p>
<p>11.75% 01    ------/------    92.35/92.75    ------/------</p>
<p>11.55% 02    ------/------    91.00/91.55    ------/------</p>
<p>13.85% 06    ------/------    99.70/99.85    ------/------</p>
<p>		    SBI Gilts	 GSTC	     PNB Gilts</p>
<p>					 (Bid/offer)	   (in rupees)</p>
<p>13.50% 97    ------/------   ------/------   ------/------</p>
<p>13.50% 98    ------/------   ------/------   ------/------</p>
<p>13.62% 98    ------/------   ------/------   ------/------</p>
<p>13.70% 99    ------/------   ------/------   ------/------</p>
<p>14.26% 99    ------/------   ------/------   ------/------</p>
<p>00.00% 99    ------/------   ------/------   ------/------</p>
<p>00.00% 00    ------/------   ------/------   ------/------</p>
<p>11.75% 01    ------/------   ------/------   ------/------</p>
<p>13.75% 01    ------/------   ------/------   100.50/100.75</p>
<p>13.80% 02    ------/------   ------/------   ------/100.90</p>
<p>12.50% 04    ------/------   ------/------   ------/------</p>
<p>14.00% 05    ------/------   ------/------   ------/------</p>
<p>13.85% 06    ------/------   ------/------   ------/99.85</p>
<p>14.00% 06    ------/------   ------/------   101.60/102.15</p>
<p>Commercial Paper(90 days)				14/---</p>
<p>Treasury bills</p>
<p>---------------------</p>
<p>Maturing	  DFHI		STCI	     I-Sec</p>
<p>on				    (Bid/offer)	(in percent)</p>
<p>23/11/96	10.30/10.00    ------/------   ------/------</p>
<p>30/11/96	10.40/10.10     10.45/10.05    ------/------</p>
<p>14/12/96     ------/------    10.55/10.15    ------/------</p>
<p>18/07/97	13.00/12.65    ------/------   ------/------</p>
<p>29/08/97	13.00/12.75    ------/------   ------/------</p>
<p>12/09/97     ------/------    13.00/12.75    ------/------</p>
<p>Maturing	  SBI Gilts	 GSTC	     PNB Gilts</p>
<p>on				     (Bid/offer)	(in percent)</p>
<p>--/--/--     ------/------   ------/------   ------/------</p>
<p>14/12/96     ------/------   ------/------    10.25/10.10</p>
<p>Note : DFHI - Discount and Finance House of India Ltd.</p>
<p>	 STCI - Securities Trading Corporation of India Ltd.</p>
<p>	 I-Sec- ICICI Securities and Finance Company Ltd.</p>
<p>	 GSTC - Gilts Securities Trading Corporation Ltd.</p>
<p>+ Bombay Newsroom +91-22-265 9000</p>
</text>
<copyright>(c) Reuters Limited 1996</copyright>
<metadata>
<codes class="bip:countries:1.0">
  <code code="INDIA">
    <editdetail attribution="Reuters BIP Coding Group" action="confirmed" date="1996-09-17"/>
  </code>
</codes>
<codes class="bip:topics:1.0">
  <code code="M12">
    <editdetail attribution="Reuters BIP Coding Group" action="confirmed" date="1996-09-17"/>
  </code>
  <code code="M13">
    <editdetail attribution="Reuters BIP Coding Group" action="confirmed" date="1996-09-17"/>
  </code>
  <code code="M131">
    <editdetail attribution="Reuters BIP Coding Group" action="confirmed" date="1996-09-17"/>
  </code>
  <code code="MCAT">
    <editdetail attribution="Reuters BIP Coding Group" action="confirmed" date="1996-09-17"/>
  </code>
</codes>
<dc element="dc.date.created" value="1996-09-17"/>
<dc element="dc.publisher" value="Reuters Holdings Plc"/>
<dc element="dc.date.published" value="1996-09-17"/>
<dc element="dc.source" value="Reuters"/>
<dc element="dc.creator.location" value="BOMBAY"/>
<dc element="dc.creator.location.country.name" value="INDIA"/>
<dc element="dc.source" value="Reuters"/>
</metadata>
</newsitem>
