<?xml version="1.0" encoding="iso-8859-1" ?>
<newsitem itemid="490381" id="root" date="1997-04-07" xml:lang="en">
<title>USA: Hyundai unit, IBM in digital TV agreement.</title>
<headline>Hyundai unit, IBM in digital TV agreement.</headline>
<dateline>LAS VEGAS 1997-04-07</dateline>
<text>
<p>TV/COM International Inc, a unit of Hyundai Electronics Industries Co Ltd, on Monday said it entered into a digital broadcasting agreement with International Business Machines Corp.</p>
<p>Under the agreement, TV/COM will supply digital video broadcast set-top boxes that receive and decode the digitally compressed video, audio and data signals transmitted by IBM's system.</p>
<p>Financial details were not disclosed.</p>
<p>As part of IBM's digital broadcasting solution, TV/COM said its set-tops will receive the new data and broadcast services enabled by IBM's system, including near video-on-demand, impulse pay-per-view and future interactive data services delivered directly to the TV or Personal Computer.</p>
</text>
<copyright>(c) Reuters Limited 1997</copyright>
<metadata>
<codes class="bip:countries:1.0">
  <code code="USA">
    <editdetail attribution="Reuters BIP Coding Group" action="confirmed" date="1997-04-07"/>
  </code>
</codes>
<codes class="bip:industries:1.0">
  <code code="I33020">
    <editdetail attribution="Reuters BIP Coding Group" action="confirmed" date="1997-04-07"/>
  </code>
  <code code="I3302003">
    <editdetail attribution="Reuters BIP Coding Group" action="confirmed" date="1997-04-07"/>
  </code>
  <code code="I34000">
    <editdetail attribution="Reuters BIP Coding Group" action="confirmed" date="1997-04-07"/>
  </code>
</codes>
<codes class="bip:topics:1.0">
  <code code="C33">
    <editdetail attribution="Reuters BIP Coding Group" action="confirmed" date="1997-04-07"/>
  </code>
  <code code="CCAT">
    <editdetail attribution="Reuters BIP Coding Group" action="confirmed" date="1997-04-07"/>
  </code>
</codes>
<dc element="dc.date.created" value="1997-04-07"/>
<dc element="dc.publisher" value="Reuters Holdings Plc"/>
<dc element="dc.date.published" value="1997-04-07"/>
<dc element="dc.source" value="Reuters"/>
<dc element="dc.creator.location" value="LAS VEGAS"/>
<dc element="dc.creator.location.country.name" value="USA"/>
<dc element="dc.source" value="Reuters"/>
</metadata>
</newsitem>
