<?xml version="1.0" encoding="iso-8859-1" ?>
<newsitem itemid="437484" id="root" date="1997-03-12" xml:lang="en">
<title>ABU DHABI: Dutch frigate delivery to UAE within one year.</title>
<headline>Dutch frigate delivery to UAE within one year.</headline>
<dateline>ABU DHABI 1997-03-12</dateline>
<text>
<p>The Netherlands will deliver two used frigates it sold to the United Arab Emirates over the next year, the Dutch ambassador said on Wednesday.</p>
<p>&quot;The first frigate will be delivered in September of this year and the second frigate will be delivered at the beginning of next year,&quot; Hein De Vries told a news conference.</p>
<p>The Dutch Ministry of Defence said in April last year it had signed an agreement to sell two used frigates and two tugs to the United Arab Emirates.</p>
<p>Before delivery, the ships, which have been used by the Royal Dutch Navy since 1981 and 1983 respectively, were to be upgraded by Thomson CFS's Dutch unit Hollandsche Signaalapparaten BV (HSA) and Dutch state-owned shipyard Koninklijke Schelde Groep.</p>
<p>The total transaction has a value of more than $350 million.</p>
<p>The deal includes technical and operational training of two crews of 140 people each by the companies involved and the Dutch navy.</p>
<p>De Vries said that since the deal is a government contract, it would not fall under the UAE offset programme which requires defence contractors seeking big contracts to invest part of the value of the deal in profitable joint ventures with local investors.</p>
<p>He added that the frigates would be used for training for a new generation of frigates &quot;that might be bought by the Emirates&quot;.</p>
</text>
<copyright>(c) Reuters Limited 1997</copyright>
<metadata>
<codes class="bip:countries:1.0">
  <code code="NETH">
    <editdetail attribution="Reuters BIP Coding Group" action="confirmed" date="1997-03-12"/>
  </code>
  <code code="UAE">
    <editdetail attribution="Reuters BIP Coding Group" action="confirmed" date="1997-03-12"/>
  </code>
</codes>
<codes class="bip:industries:1.0">
  <code code="I36101">
    <editdetail attribution="Reuters BIP Coding Group" action="confirmed" date="1997-03-12"/>
  </code>
</codes>
<codes class="bip:topics:1.0">
  <code code="C33">
    <editdetail attribution="Reuters BIP Coding Group" action="confirmed" date="1997-03-12"/>
  </code>
  <code code="C331">
    <editdetail attribution="Reuters BIP Coding Group" action="confirmed" date="1997-03-12"/>
  </code>
  <code code="CCAT">
    <editdetail attribution="Reuters BIP Coding Group" action="confirmed" date="1997-03-12"/>
  </code>
  <code code="GCAT">
    <editdetail attribution="Reuters BIP Coding Group" action="confirmed" date="1997-03-12"/>
  </code>
  <code code="GDEF">
    <editdetail attribution="Reuters BIP Coding Group" action="confirmed" date="1997-03-12"/>
  </code>
</codes>
<dc element="dc.date.created" value="1997-03-12"/>
<dc element="dc.publisher" value="Reuters Holdings Plc"/>
<dc element="dc.date.published" value="1997-03-12"/>
<dc element="dc.source" value="Reuters"/>
<dc element="dc.creator.location" value="ABU DHABI"/>
<dc element="dc.creator.location.country.name" value="ABU DHABI"/>
<dc element="dc.source" value="Reuters"/>
</metadata>
</newsitem>
