<?xml version="1.0" encoding="iso-8859-1" ?>
<newsitem itemid="296599" id="root" date="1997-01-09" xml:lang="en">
<title>USA: Morrison Health Care Inc Q2 shr rises.</title>
<headline>Morrison Health Care Inc Q2 shr rises.</headline>
<dateline>ATLANTA 1997-01-09</dateline>
<text>
<p>1996			1995</p>
<p> Shr			  $0.23		    $0.22</p>
<p> Net			  2,726		    2,491</p>
<p> Revs			54,355		   56,592</p>
<p> Avg shrs		  11,831		   11,761</p>
<p>	  6  MONTHS</p>
<p> Shr			  $0.46		    $0.46</p>
<p> Net			  5,422		    5,385</p>
<p> Revs		     107,013		  112,881</p>
<p> Avg shrs		  11,834		   11,805</p>
<p>	 (All data above 000s except per share numbers)</p>
<p>NOTE - 1995 results are pro forma to represent the results as if the spinoff from Morrison Restaurants Inc had occurred on June 5, 1994, and to reflect adjustment for the estimated additional costs of being an independent company and additional interest expense.</p>
<p>((-- New York Newsdesk 212-859-1610))</p>
</text>
<copyright>(c) Reuters Limited 1997</copyright>
<metadata>
<codes class="bip:countries:1.0">
  <code code="USA">
    <editdetail attribution="Reuters BIP Coding Group" action="confirmed" date="1997-01-09"/>
  </code>
</codes>
<codes class="bip:industries:1.0">
  <code code="I66000">
    <editdetail attribution="Reuters BIP Coding Group" action="confirmed" date="1997-01-09"/>
  </code>
</codes>
<codes class="bip:topics:1.0">
  <code code="C15">
    <editdetail attribution="Reuters BIP Coding Group" action="confirmed" date="1997-01-09"/>
  </code>
  <code code="C151">
    <editdetail attribution="Reuters BIP Coding Group" action="confirmed" date="1997-01-09"/>
  </code>
  <code code="CCAT">
    <editdetail attribution="Reuters BIP Coding Group" action="confirmed" date="1997-01-09"/>
  </code>
</codes>
<dc element="dc.date.created" value="1997-01-09"/>
<dc element="dc.publisher" value="Reuters Holdings Plc"/>
<dc element="dc.date.published" value="1997-01-09"/>
<dc element="dc.source" value="Reuters"/>
<dc element="dc.creator.location" value="ATLANTA"/>
<dc element="dc.creator.location.country.name" value="USA"/>
<dc element="dc.source" value="Reuters"/>
</metadata>
</newsitem>
