<?xml version="1.0" encoding="iso-8859-1" ?>
<newsitem itemid="401013" id="root" date="1997-02-25" xml:lang="en">
<title>AUSTRALIA: RTRS-Top 20 Australian Dividend Yields - Feb 26.</title>
<headline>RTRS-Top 20 Australian Dividend Yields - Feb 26.</headline>
<dateline>SYDNEY 1996-02-26</dateline>
<text>
<p>Twenty highest dividend yields for Australian companies included in the 320-share All Ordinaries Index based on closing prices on Tuesday.</p>
<p>Dividends based on rolling 12 months.</p>
<p>Yields are not grossed up for franking credits.</p>
<p>				 Dividend</p>
<p>Rank Name		     Yield    Close</p>
<p> 1   Telecasters Nqld     16.00    5.00</p>
<p> 2   Mt Leyshon Gold	11.16    2.24</p>
<p> 3   Prime Credit Tr	 9.42    1.04</p>
<p> 4   BT Prop Trust	   9.27    1.76</p>
<p> 5   Prop Income Inv	 9.16    1.10</p>
<p> 6   Aust Tour		 9.15    0.82</p>
<p> 7   Indu Property	   8.78    0.98</p>
<p> 8   Villa World	     8.59    1.28</p>
<p> 9   Centro Prop	     8.55    2.28</p>
<p>10   Gandel Retail Tr	8.49    0.92</p>
<p>11   Natl In Prop	    8.35    1.05</p>
<p>12   Countrywide-PP	  8.26    1.23</p>
<p>13   Colonial Mutual	 8.22    1.25</p>
<p>14   Colonial Coml	   8.16    2.26</p>
<p>15   Hills Inds		8.07    2.12</p>
<p>16   Equitilink		8.06    0.62</p>
<p>17   Gen Prop Tr	     7.90    2.52</p>
<p>18   Advance Pro CB	  7.84    1.48</p>
<p>19   Westfield Trust	 7.84    2.50</p>
<p>20   Schroder Prop	   7.81    2.37</p>
<p>-- Sydney Newsroom 61-2 373-1800</p>
</text>
<copyright>(c) Reuters Limited 1997</copyright>
<metadata>
<codes class="bip:countries:1.0">
  <code code="AUSTR">
    <editdetail attribution="Reuters BIP Coding Group" action="confirmed" date="1997-02-25"/>
  </code>
</codes>
<codes class="bip:industries:1.0">
  <code code="I21000">
    <editdetail attribution="Reuters BIP Coding Group" action="confirmed" date="1997-02-25"/>
  </code>
  <code code="I66500">
    <editdetail attribution="Reuters BIP Coding Group" action="confirmed" date="1997-02-25"/>
  </code>
  <code code="I81502">
    <editdetail attribution="Reuters BIP Coding Group" action="confirmed" date="1997-02-25"/>
  </code>
  <code code="I8150206">
    <editdetail attribution="Reuters BIP Coding Group" action="confirmed" date="1997-02-25"/>
  </code>
  <code code="I83100">
    <editdetail attribution="Reuters BIP Coding Group" action="confirmed" date="1997-02-25"/>
  </code>
  <code code="I83960">
    <editdetail attribution="Reuters BIP Coding Group" action="confirmed" date="1997-02-25"/>
  </code>
  <code code="I85000">
    <editdetail attribution="Reuters BIP Coding Group" action="confirmed" date="1997-02-25"/>
  </code>
  <code code="I8500029">
    <editdetail attribution="Reuters BIP Coding Group" action="confirmed" date="1997-02-25"/>
  </code>
  <code code="I9741102">
    <editdetail attribution="Reuters BIP Coding Group" action="confirmed" date="1997-02-25"/>
  </code>
</codes>
<codes class="bip:topics:1.0">
  <code code="C15">
    <editdetail attribution="Reuters BIP Coding Group" action="confirmed" date="1997-02-25"/>
  </code>
  <code code="C151">
    <editdetail attribution="Reuters BIP Coding Group" action="confirmed" date="1997-02-25"/>
  </code>
  <code code="CCAT">
    <editdetail attribution="Reuters BIP Coding Group" action="confirmed" date="1997-02-25"/>
  </code>
</codes>
<dc element="dc.date.created" value="1996-02-26"/>
<dc element="dc.publisher" value="Reuters Holdings Plc"/>
<dc element="dc.date.published" value="1997-02-25"/>
<dc element="dc.source" value="Reuters"/>
<dc element="dc.creator.location" value="SYDNEY"/>
<dc element="dc.creator.location.country.name" value="AUSTRALIA"/>
<dc element="dc.source" value="Reuters"/>
</metadata>
</newsitem>
