<?xml version="1.0" encoding="iso-8859-1" ?>
<newsitem itemid="197284" id="root" date="1996-11-18" xml:lang="en">
<title>PAKISTAN: Pakistan rupee ends steady in kerb, seen volatile.</title>
<headline>Pakistan rupee ends steady in kerb, seen volatile.</headline>
<dateline>KARACHI, Pakistan 1996-11-18</dateline>
<text>
<p>The Pakistani rupee closed steady at 42.53 to the dollar on Monday in the kerb, after opening up at 42.43 and dealers said it was likely to continue to fluctuate on Tuesday.</p>
<p>They said opening rates of the dollar attracted buying interest, but the market lacked clear direction.</p>
<p>The State (central) Bank of Pakistan rate, last changed on October 22, was 40.1200/40.3206 to the dollar.</p>
<p>The premium on foreign exchange bearer certificates closed at 6.30 percent, compared to Sunday's close at 6.20 percent.</p>
<p>-- Ovais Subhani 9221-5685192</p>
</text>
<copyright>(c) Reuters Limited 1996</copyright>
<metadata>
<codes class="bip:countries:1.0">
  <code code="PAKIS">
    <editdetail attribution="Reuters BIP Coding Group" action="confirmed" date="1996-11-18"/>
  </code>
</codes>
<codes class="bip:topics:1.0">
  <code code="M13">
    <editdetail attribution="Reuters BIP Coding Group" action="confirmed" date="1996-11-18"/>
  </code>
  <code code="M132">
    <editdetail attribution="Reuters BIP Coding Group" action="confirmed" date="1996-11-18"/>
  </code>
  <code code="MCAT">
    <editdetail attribution="Reuters BIP Coding Group" action="confirmed" date="1996-11-18"/>
  </code>
</codes>
<dc element="dc.date.created" value="1996-11-18"/>
<dc element="dc.publisher" value="Reuters Holdings Plc"/>
<dc element="dc.date.published" value="1996-11-18"/>
<dc element="dc.source" value="Reuters"/>
<dc element="dc.creator.location" value="KARACHI, Pakistan"/>
<dc element="dc.creator.location.country.name" value="PAKISTAN"/>
<dc element="dc.source" value="Reuters"/>
</metadata>
</newsitem>
