<?xml version="1.0" encoding="iso-8859-1" ?>
<newsitem itemid="566560" id="root" date="1997-05-07" xml:lang="en">
<title>USA: Orange County, Fla., $351 mln COPs restructured.</title>
<headline>Orange County, Fla., $351 mln COPs restructured.</headline>
<dateline>NEW YORK 1997-05-07</dateline>
<text>
<p>PaineWebber Inc. said Wednesday</p>
<p>it repriced School Board of Orange County, Fla.'s $351 million</p>
<p>certificates of participation issue, adjusting coupons in some</p>
<p>maturities.</p>
<p>The restructuring follows:</p>
<p>CERTIFICATES OF PARTICIPATION</p>
<p>RE: $351,149,072*</p>
<p>(SCHOOL BOARD OF ORANGE COUNTY, FLORIDA MASTER</p>
<p>LEASE PROGRAM),SERIES 1997A EVIDENCING UNDIVIDED</p>
<p>PROPORTIONATE INTERESTS OF THE OWNERS THEREOF</p>
<p>IN BASIC LEASE PAYMENTS TO BE MADE UNDER A</p>
<p>MASTER LEASE PURCHASE AGREEMENT WITH ORANGE</p>
<p>COUNTY SCHOOL BOARD LEASING CORPORATION</p>
<p>PLEASE NOTE REPRICING AND RESTRUCTURING.</p>
<p>VERBAL AWARD.</p>
<p>MOODY'S: Aaa/A3	    S&amp;P:NA		    FITCH: AAA / A+</p>
<p>MBIA INSURED</p>
<p>DATED: 05/01/1997	  FIRST COUPON: 02/01/1998</p>
<p>DUE: 08/01</p>
<p> MATURITY		AMOUNT*    COUPON	   PRICE</p>
<p>08/01/1998		3,975M    4.50  %	   NRO</p>
<p>08/01/1999		7,650M    4.40  %	   NRO</p>
<p>08/01/2000		7,985M    4.60  %	  4.65</p>
<p>08/01/2001		8,350M    4.70  %	  4.75</p>
<p>08/01/2002		8,745M    4.80  %	  4.85</p>
<p>--------------------------------------------------------------</p>
<p>08/01/2003		9,165M    4.875 %	  4.95</p>
<p>08/01/2004		9,610M    4.90  %	  5.00</p>
<p>08/01/2005	     10,080M    5.00  %	  5.05</p>
<p>08/01/2006	     10,585M    5.00  %	  5.10</p>
<p>08/01/2007	     11,115M    5.10  %	  5.15</p>
<p>--------------------------------------------------------------</p>
<p>08/01/2008*	    11,680M    6.00  %	  NRO</p>
<p>08/01/2009*	    12,385M    6.00  %	  NRO</p>
<p>08/01/2010*	    13,125M    6.00  %	  NRO</p>
<p>08/01/2011*	    13,915M    6.00  %	  NRO</p>
<p>08/01/2012	     14,750M    5.375 %	  5.55</p>
<p>--------------------------------------------------------------</p>
<p>08/01/2017	     74,010M    5.375 %	  5.721</p>
<p>						  (Approx. $ Price 95.879)</p>
<p>08/01/2022	    117,205M    5.375 %	  5.782</p>
<p>						  (Approx. $ Price 94.626)</p>
<p>CALL FEATURES: 08/01/2007    101.00</p>
<p>		   DTP 08/01/2008</p>
<p>**NON CALLABLE: 2008 THRU 2011</p>
<p>DATED (zeros): Date of Delivery</p>
<p>								  APPROX.</p>
<p>								DOLLAR PRICE</p>
<p>		    PRINCIPAL    MATURITY  YIELD TO     PER</p>
<p> MATURITY	   AMOUNT*	VALUE   MATURITY    $100</p>
<p>08/01/2013	 6,819,072.00   17,075M    5.75	39.936</p>
<p>CALL FEATURES: NON-CALLABLE</p>
<p>* - APPROXIMATE SUBJECT TO CHANGE</p>
<p>The compliance addendum MSRB Rule G-11 will apply.</p>
<p>The award is expected Thursday, May 8, 1997.</p>
<p>Delivery is expected on May 22, 1997.</p>
<p>This issue is not book entry.</p>
<p>This issue is clearing through DTC.</p>
<p>PaineWebber Incorporated</p>
<p>Smith Barney Inc.</p>
<p>Bear, Stearns &amp; Co. Inc.</p>
<p>William R. Hough &amp; Co.</p>
<p>Merrill Lynch &amp; Co.</p>
<p>Raymond, James &amp; Associates, Inc.</p>
<p>Artemis Capital Group, Inc.</p>
<p>First Southwest Company</p>
<p>Jackson Securities Incorporated</p>
<p>--U.S. Municipal Desk, 212-859-1650</p>
</text>
<copyright>(c) Reuters Limited 1997</copyright>
<metadata>
<codes class="bip:countries:1.0">
  <code code="USA">
    <editdetail attribution="Reuters BIP Coding Group" action="confirmed" date="1997-05-07"/>
  </code>
</codes>
<codes class="bip:topics:1.0">
  <code code="E21">
    <editdetail attribution="Reuters BIP Coding Group" action="confirmed" date="1997-05-07"/>
  </code>
  <code code="E212">
    <editdetail attribution="Reuters BIP Coding Group" action="confirmed" date="1997-05-07"/>
  </code>
  <code code="ECAT">
    <editdetail attribution="Reuters BIP Coding Group" action="confirmed" date="1997-05-07"/>
  </code>
</codes>
<dc element="dc.date.created" value="1997-05-07"/>
<dc element="dc.publisher" value="Reuters Holdings Plc"/>
<dc element="dc.date.published" value="1997-05-07"/>
<dc element="dc.source" value="Reuters"/>
<dc element="dc.creator.location" value="NEW YORK"/>
<dc element="dc.creator.location.country.name" value="USA"/>
<dc element="dc.source" value="Reuters"/>
</metadata>
</newsitem>
