<?xml version="1.0" encoding="iso-8859-1" ?>
<newsitem itemid="182111" id="root" date="1996-11-12" xml:lang="en">
<title>ROMANIA: RADIO ROMANIA AFTERNOON HEADLINES AT 1 PM.</title>
<headline>RADIO ROMANIA AFTERNOON HEADLINES AT 1 PM.</headline>
<dateline>BUCHAREST 1996-11-12</dateline>
<text>
<p>Radio Romania news headlines:</p>
<p>* Winter energy reserves are higher this year than in any of the previous four years, head of Renel electricity authority Victor Romert, told a news conference. He said energy shortages might occur, due to regional factors.</p>
<p>* Romert said Renel was expecting a rise in electricity prices next year, in line with Romania's committments to international lenders, but he did not elaborate.</p>
<p>* Incumbent President Ion Iliescu met representatives of pensioners' organisations and visited a home for the elderly, on his campaign for Sunday's presidential run-offs.</p>
<p>* Three major unions -- Miners' confederation, education confederation and railmen unions -- pledged support to opposition candidate Emil Constantinescu at Sunday's vote. The three unions have an electoral accord with former prime minister Petre Roman's social Democrats.</p>
<p>* Romanian radio allotted 45 minutes of air time for Iliescu's and Constantinescu's electoral campaigns. -- Bucharest Newsroom 40-1 3120264</p>
</text>
<copyright>(c) Reuters Limited 1996</copyright>
<metadata>
<codes class="bip:countries:1.0">
  <code code="ROM">
    <editdetail attribution="Reuters BIP Coding Group" action="confirmed" date="1996-11-12"/>
  </code>
</codes>
<codes class="bip:topics:1.0">
  <code code="GCAT">
    <editdetail attribution="Reuters BIP Coding Group" action="confirmed" date="1996-11-12"/>
  </code>
</codes>
<dc element="dc.date.created" value="1996-11-12"/>
<dc element="dc.publisher" value="Reuters Holdings Plc"/>
<dc element="dc.date.published" value="1996-11-12"/>
<dc element="dc.source" value="Reuters"/>
<dc element="dc.creator.location" value="BUCHAREST"/>
<dc element="dc.creator.location.country.name" value="ROMANIA"/>
<dc element="dc.source" value="Reuters"/>
</metadata>
</newsitem>
