<?xml version="1.0" encoding="iso-8859-1" ?>
<newsitem itemid="734850" id="root" date="1997-07-17" xml:lang="en">
<title>USA: TABLE - Kaman Corp Q2 shr primary rises.</title>
<headline>TABLE - Kaman Corp Q2 shr primary rises.</headline>
<dateline>BLOOMFIELD, Conn. 1997-07-17</dateline>
<text>
<p>Three Months	 Six Months</p>
<p>				   Ended June 30,     Ended June 30,</p>
<p>				 1997	   1996	1997     1996</p>
<p> Revenues	     $ 250,245    $ 246,525 $ 502,402$ 486,558</p>
<p>Costs and expenses:</p>
<p>  Cost of sales	 188,445	185,716   377,514  363,180</p>
<p>Selling, general and</p>
<p>administrative expense</p>
<p>			     53,675	 48,532   104,708   99,545</p>
<p>Loss (credit) on sale of</p>
<p>amplifier business</p>
<p>			    (4,600)		-    10,400	  -</p>
<p>  Interest expense	2,614	  2,377     5,093    4,806</p>
<p>Other expense (income),</p>
<p>   net			  223	    134     (127)	289</p>
<p>			    240,357	236,759   497,588  467,820</p>
<p>Earnings before</p>
<p>  income taxes	    9,888	  9,766     4,814   18,738</p>
<p> Income taxes	     3,178	  4,354     2,511    8,124</p>
<p> Net earnings	     6,710	  5,412     2,303   10,614</p>
<p>Preferred stock</p>
<p>  dividend requirement  (929)	  (929)   (1,858)  (1,858)</p>
<p>Earnings applicable</p>
<p>  to common stock	 5,781	  4,483	 445    8,756</p>
<p>Net earnings per</p>
<p>common share:</p>
<p>  Primary		     .30	    .24	 .02	.47</p>
<p>  Fully diluted	     .28	    .23	 .02	.45</p>
<p>		    (In thousands except per share amounts)</p>
<p>((-- New York Newsdesk 212 859-1610))</p>
</text>
<copyright>(c) Reuters Limited 1997</copyright>
<metadata>
<codes class="bip:countries:1.0">
  <code code="USA">
    <editdetail attribution="Reuters BIP Coding Group" action="confirmed" date="1997-07-17"/>
  </code>
</codes>
<codes class="bip:industries:1.0">
  <code code="I36400">
    <editdetail attribution="Reuters BIP Coding Group" action="confirmed" date="1997-07-17"/>
  </code>
</codes>
<codes class="bip:topics:1.0">
  <code code="C15">
    <editdetail attribution="Reuters BIP Coding Group" action="confirmed" date="1997-07-17"/>
  </code>
  <code code="C151">
    <editdetail attribution="Reuters BIP Coding Group" action="confirmed" date="1997-07-17"/>
  </code>
  <code code="CCAT">
    <editdetail attribution="Reuters BIP Coding Group" action="confirmed" date="1997-07-17"/>
  </code>
</codes>
<dc element="dc.date.created" value="1997-07-17"/>
<dc element="dc.publisher" value="Reuters Holdings Plc"/>
<dc element="dc.date.published" value="1997-07-17"/>
<dc element="dc.source" value="Reuters"/>
<dc element="dc.creator.location" value="BLOOMFIELD, Conn."/>
<dc element="dc.creator.location.country.name" value="USA"/>
<dc element="dc.source" value="Reuters"/>
</metadata>
</newsitem>
