<?xml version="1.0" encoding="iso-8859-1" ?>
<newsitem itemid="413230" id="root" date="1997-03-02" xml:lang="en">
<title>AUSTRALIA: RUGBY LEAGUE-AUSTRALIAN SUPER LEAGUE RESULTS.</title>
<headline>RUGBY LEAGUE-AUSTRALIAN SUPER LEAGUE RESULTS.</headline>
<dateline>SYDNEY 1997-03-02</dateline>
<text>
<p>Results of Australian Super</p>
<p>League matches:</p>
<p>Played Sunday:</p>
<p> Penrith	     30  Perth	20</p>
<p> Hunter Mariners   16  Canterbury 20</p>
<p>Played Saturday:</p>
<p> Brisbane	    14  Auckland    2</p>
<p> North Queensland  24  Adelaide   16</p>
</text>
<copyright>(c) Reuters Limited 1997</copyright>
<metadata>
<codes class="bip:countries:1.0">
  <code code="AUSTR">
    <editdetail attribution="Reuters BIP Coding Group" action="confirmed" date="1997-03-02"/>
  </code>
  <code code="NZ">
    <editdetail attribution="Reuters BIP Coding Group" action="confirmed" date="1997-03-02"/>
  </code>
</codes>
<codes class="bip:topics:1.0">
  <code code="GCAT">
    <editdetail attribution="Reuters BIP Coding Group" action="confirmed" date="1997-03-02"/>
  </code>
  <code code="GSPO">
    <editdetail attribution="Reuters BIP Coding Group" action="confirmed" date="1997-03-02"/>
  </code>
</codes>
<dc element="dc.date.created" value="1997-03-02"/>
<dc element="dc.publisher" value="Reuters Holdings Plc"/>
<dc element="dc.date.published" value="1997-03-02"/>
<dc element="dc.source" value="Reuters"/>
<dc element="dc.creator.location" value="SYDNEY"/>
<dc element="dc.creator.location.country.name" value="AUSTRALIA"/>
<dc element="dc.source" value="Reuters"/>
</metadata>
</newsitem>
