<?xml version="1.0" encoding="iso-8859-1" ?>
<newsitem itemid="31152" id="root" date="1996-09-04" xml:lang="en">
<title>UK: Allied Domecq up after broker upgrade.</title>
<headline>Allied Domecq up after broker upgrade.</headline>
<dateline>LONDON 1996-09-04</dateline>
<text>
<p>Shares in Allied Domecq plc firmed 4p to 467-1/2p on Wednesday after HSBC James Capel upgraded the drinks group to &quot;hold&quot; from &quot;sell&quot;, market sources said. HSBC James Capel analyst Ian Shackleton was not immediately available to comment.</p>
<p>A number of brokers have upgraded the stock since details of Bass's acquisition of Allied's 50 percent stake in Carlsberg-Tetley were announced at the end of August.</p>
<p>Last week Kleinwort Benson upgraded the stock to &quot;buy&quot; from &quot;hold&quot;. On Monday Goldman Sachs raised Allied to &quot;trading buy&quot; from &quot;market performer&quot;.</p>
<p>-- London Newsroom +44 171 542 8712</p>
</text>
<copyright>(c) Reuters Limited 1996</copyright>
<metadata>
<codes class="bip:countries:1.0">
  <code code="UK">
    <editdetail attribution="Reuters BIP Coding Group" action="confirmed" date="1996-09-04"/>
  </code>
</codes>
<codes class="bip:industries:1.0">
  <code code="I42400">
    <editdetail attribution="Reuters BIP Coding Group" action="confirmed" date="1996-09-04"/>
  </code>
</codes>
<codes class="bip:topics:1.0">
  <code code="C15">
    <editdetail attribution="Reuters BIP Coding Group" action="confirmed" date="1996-09-04"/>
  </code>
  <code code="C152">
    <editdetail attribution="Reuters BIP Coding Group" action="confirmed" date="1996-09-04"/>
  </code>
  <code code="CCAT">
    <editdetail attribution="Reuters BIP Coding Group" action="confirmed" date="1996-09-04"/>
  </code>
</codes>
<dc element="dc.date.created" value="1996-09-04"/>
<dc element="dc.publisher" value="Reuters Holdings Plc"/>
<dc element="dc.date.published" value="1996-09-04"/>
<dc element="dc.source" value="Reuters"/>
<dc element="dc.creator.location" value="LONDON"/>
<dc element="dc.creator.location.country.name" value="UK"/>
<dc element="dc.source" value="Reuters"/>
</metadata>
</newsitem>
