<?xml version="1.0" encoding="iso-8859-1" ?>
<newsitem itemid="434310" id="root" date="1997-03-11" xml:lang="en">
<title>ISRAEL: Revlon ending production in Israel.</title>
<headline>Revlon ending production in Israel.</headline>
<dateline>JERUSALEM 1997-03-11</dateline>
<text>
<p>Revlon Inc said on Tuesday it would close its Israeli factory as part of a worldwide effort to concentrate manufacturing in fewer sites but said it intended to retain its import and distribution operations in Israel.</p>
<p>The factory, located in Israel's port town of Ashdod, employs about 50 people producing toiletries and cosmetics, a spokesman said. He added that most of Revlon's Israeli sales were already from imported products.</p>
<p>&quot;Revlon is not pulling its business out of Israel. We have been in Israel since 1961,&quot; Fleischer said. &quot;Revlon has every intention of continuing to build its business in this country.&quot;</p>
<p>He said about 30 employees would lose their jobs.</p>
<p>- Jerusalem newsroom, 972-2-537-0502</p>
</text>
<copyright>(c) Reuters Limited 1997</copyright>
<metadata>
<codes class="bip:countries:1.0">
  <code code="ISRAEL">
    <editdetail attribution="Reuters BIP Coding Group" action="confirmed" date="1997-03-11"/>
  </code>
</codes>
<codes class="bip:industries:1.0">
  <code code="I25800">
    <editdetail attribution="Reuters BIP Coding Group" action="confirmed" date="1997-03-11"/>
  </code>
</codes>
<codes class="bip:topics:1.0">
  <code code="C11">
    <editdetail attribution="Reuters BIP Coding Group" action="confirmed" date="1997-03-11"/>
  </code>
  <code code="C24">
    <editdetail attribution="Reuters BIP Coding Group" action="confirmed" date="1997-03-11"/>
  </code>
  <code code="CCAT">
    <editdetail attribution="Reuters BIP Coding Group" action="confirmed" date="1997-03-11"/>
  </code>
</codes>
<dc element="dc.date.created" value="1997-03-11"/>
<dc element="dc.publisher" value="Reuters Holdings Plc"/>
<dc element="dc.date.published" value="1997-03-11"/>
<dc element="dc.source" value="Reuters"/>
<dc element="dc.creator.location" value="JERUSALEM"/>
<dc element="dc.creator.location.country.name" value="ISRAEL"/>
<dc element="dc.source" value="Reuters"/>
</metadata>
</newsitem>
