<?xml version="1.0" encoding="iso-8859-1" ?>
<newsitem itemid="607240" id="root" date="1997-05-22" xml:lang="en">
<title>JAPAN: Honda gets 30,000 orders for Life in first month.</title>
<headline>Honda gets 30,000 orders for Life in first month.</headline>
<dateline>TOKYO 1997-05-22</dateline>
<text>
<p>Honda Motor Co Ltd said on Thursday that it had received about 30,000 orders for its new minivehicle model &quot;Life&quot; in its first month of sales.  </p>
<p>The original monthly sales target for the model was 8,000.</p>
<p>The Life 660cc multi-purpose minivehicle, unveiled on April 18, was Honda's first new minivehicle in four years.</p>
<p>Honda said at the time of the launch that it aimed to grab a larger share of Japan's small car sector.</p>
<p>Life sells in Japan for a minimum price of 898,000 yen.</p>
</text>
<copyright>(c) Reuters Limited 1997</copyright>
<metadata>
<codes class="bip:countries:1.0">
  <code code="JAP">
    <editdetail attribution="Reuters BIP Coding Group" action="confirmed" date="1997-05-22"/>
  </code>
</codes>
<codes class="bip:industries:1.0">
  <code code="I35101">
    <editdetail attribution="Reuters BIP Coding Group" action="confirmed" date="1997-05-22"/>
  </code>
</codes>
<codes class="bip:topics:1.0">
  <code code="C31">
    <editdetail attribution="Reuters BIP Coding Group" action="confirmed" date="1997-05-22"/>
  </code>
  <code code="CCAT">
    <editdetail attribution="Reuters BIP Coding Group" action="confirmed" date="1997-05-22"/>
  </code>
</codes>
<dc element="dc.date.created" value="1997-05-22"/>
<dc element="dc.publisher" value="Reuters Holdings Plc"/>
<dc element="dc.date.published" value="1997-05-22"/>
<dc element="dc.source" value="Reuters"/>
<dc element="dc.creator.location" value="TOKYO"/>
<dc element="dc.creator.location.country.name" value="JAPAN"/>
<dc element="dc.source" value="Reuters"/>
</metadata>
</newsitem>
