<?xml version="1.0" encoding="iso-8859-1" ?>
<newsitem itemid="682804" id="root" date="1997-06-24" xml:lang="en">
<title>PERU: Peru's bank liquidity rises 1.9 percent in May.</title>
<headline>Peru's bank liquidity rises 1.9 percent in May.</headline>
<dateline>LIMA 1997-06-24</dateline>
<text>
<p>Peru's total banking system liquidity rose 1.9 percent during May to 33.683 billion soles, the Central Reserve Bank said Tuesday.</p>
<p>Liquidity at the end of 1996 was 31.498 billion soles.</p>
<p>((-- Lima newsroom 511 221-2134))</p>
</text>
<copyright>(c) Reuters Limited 1997</copyright>
<metadata>
<codes class="bip:countries:1.0">
  <code code="PERU">
    <editdetail attribution="Reuters BIP Coding Group" action="confirmed" date="1997-06-24"/>
  </code>
</codes>
<codes class="bip:topics:1.0">
  <code code="M13">
    <editdetail attribution="Reuters BIP Coding Group" action="confirmed" date="1997-06-24"/>
  </code>
  <code code="M131">
    <editdetail attribution="Reuters BIP Coding Group" action="confirmed" date="1997-06-24"/>
  </code>
  <code code="MCAT">
    <editdetail attribution="Reuters BIP Coding Group" action="confirmed" date="1997-06-24"/>
  </code>
</codes>
<dc element="dc.date.created" value="1997-06-24"/>
<dc element="dc.publisher" value="Reuters Holdings Plc"/>
<dc element="dc.date.published" value="1997-06-24"/>
<dc element="dc.source" value="Reuters"/>
<dc element="dc.creator.location" value="LIMA"/>
<dc element="dc.creator.location.country.name" value="PERU"/>
<dc element="dc.source" value="Reuters"/>
</metadata>
</newsitem>
