<?xml version="1.0" encoding="iso-8859-1" ?>
<newsitem itemid="255343" id="root" date="1996-12-13" xml:lang="en">
<title>USA: Bridgestone sees gains with new contract.</title>
<headline>Bridgestone sees gains with new contract.</headline>
<dateline>NASHVILLE, Tenn. 1996-12-13</dateline>
<text>
<p>Bridgestone/Firestone said Friday its new contract with the United Steelworkers of America positions the company to compete effectively in the global marketplace.</p>
<p>&quot;This contract includes long-term benefits for the company and employees alike,&quot; said Trevor Hoskins, a spokesman for the Bridgestone Corp subsidiary.</p>
<p>&quot;Our goal was to obtain a contract that enables us to compete effectively.  We believe we have accomplished this, and the company, its customers and its employees will benefit from this agreement.&quot;  </p>
<p>The three-year agreement authorizes the company to operate its tire plants 24 hours a day, seven days a week -- putting it on par with practices at many other U.S. tire and rubber manufacturing companies, the company explained.</p>
<p>It also includes performance-based pay incentives that give associates the opportunity to increase their earnings through increased productivity.</p>
<p>Bridgestone/Firestone said strengthening the relationship between management and employees and creating unity of purpose is crucial to long-term success. It also hopes to work closely with Steelworker leadership to ensure the continuation of a safe work environment.</p>
<p>&quot;It's no secret that we've had a tough and divisive labor dispute,&quot; Hoskins said. &quot;Now, we must turn our sights to the future.&quot; -- New York Newsdesk 212-859-1610</p>
</text>
<copyright>(c) Reuters Limited 1996</copyright>
<metadata>
<codes class="bip:countries:1.0">
  <code code="USA">
    <editdetail attribution="Reuters BIP Coding Group" action="confirmed" date="1996-12-13"/>
  </code>
</codes>
<codes class="bip:industries:1.0">
  <code code="I48110">
    <editdetail attribution="Reuters BIP Coding Group" action="confirmed" date="1996-12-13"/>
  </code>
</codes>
<codes class="bip:topics:1.0">
  <code code="C15">
    <editdetail attribution="Reuters BIP Coding Group" action="confirmed" date="1996-12-13"/>
  </code>
  <code code="C152">
    <editdetail attribution="Reuters BIP Coding Group" action="confirmed" date="1996-12-13"/>
  </code>
  <code code="C42">
    <editdetail attribution="Reuters BIP Coding Group" action="confirmed" date="1996-12-13"/>
  </code>
  <code code="CCAT">
    <editdetail attribution="Reuters BIP Coding Group" action="confirmed" date="1996-12-13"/>
  </code>
  <code code="E41">
    <editdetail attribution="Reuters BIP Coding Group" action="confirmed" date="1996-12-13"/>
  </code>
  <code code="ECAT">
    <editdetail attribution="Reuters BIP Coding Group" action="confirmed" date="1996-12-13"/>
  </code>
  <code code="GCAT">
    <editdetail attribution="Reuters BIP Coding Group" action="confirmed" date="1996-12-13"/>
  </code>
  <code code="GJOB">
    <editdetail attribution="Reuters BIP Coding Group" action="confirmed" date="1996-12-13"/>
  </code>
</codes>
<dc element="dc.date.created" value="1996-12-13"/>
<dc element="dc.publisher" value="Reuters Holdings Plc"/>
<dc element="dc.date.published" value="1996-12-13"/>
<dc element="dc.source" value="Reuters"/>
<dc element="dc.creator.location" value="NASHVILLE, Tenn."/>
<dc element="dc.creator.location.country.name" value="USA"/>
<dc element="dc.source" value="Reuters"/>
</metadata>
</newsitem>
