<?xml version="1.0" encoding="iso-8859-1" ?>
<newsitem itemid="650944" id="root" date="1997-06-10" xml:lang="en">
<title>ISRAEL: Israel to raise 1.6 bln shekels/mth in June, July.</title>
<headline>Israel to raise 1.6 bln shekels/mth in June, July.</headline>
<dateline>TEL AVIV 1997-06-10</dateline>
<text>
<p>The Israeli government plans to raise 1.6 billion shekels a month in June and July in the local bond market, the Treasury announced on Tuesday.</p>
<p>The Treasury has decided that from now on it will publish in advance a monthly programme for its bond auctions.</p>
<p>So far in June it has held three auctions, issuing 225 million shekels worth of bonds on June 2, 400 million on June 4 and 225 million on June 9.</p>
<p>The next auction, for 200 million shekels, will be held on June 16.</p>
<p>The Treasury said its monthly programme is based on forecast and is subject to change in accordance with the government's financing needs.</p>
<p>In the first five months of 1997 the government raised 9.16 billion shekels on the local bond market.</p>
<p>($1 = 3.40 shekels)</p>
<p>-Tel Aviv newsroom, 972-3-537-2211</p>
</text>
<copyright>(c) Reuters Limited 1997</copyright>
<metadata>
<codes class="bip:countries:1.0">
  <code code="ISRAEL">
    <editdetail attribution="Reuters BIP Coding Group" action="confirmed" date="1997-06-10"/>
  </code>
</codes>
<codes class="bip:topics:1.0">
  <code code="E21">
    <editdetail attribution="Reuters BIP Coding Group" action="confirmed" date="1997-06-10"/>
  </code>
  <code code="E212">
    <editdetail attribution="Reuters BIP Coding Group" action="confirmed" date="1997-06-10"/>
  </code>
  <code code="ECAT">
    <editdetail attribution="Reuters BIP Coding Group" action="confirmed" date="1997-06-10"/>
  </code>
  <code code="M12">
    <editdetail attribution="Reuters BIP Coding Group" action="confirmed" date="1997-06-10"/>
  </code>
  <code code="MCAT">
    <editdetail attribution="Reuters BIP Coding Group" action="confirmed" date="1997-06-10"/>
  </code>
</codes>
<dc element="dc.date.created" value="1997-06-10"/>
<dc element="dc.publisher" value="Reuters Holdings Plc"/>
<dc element="dc.date.published" value="1997-06-10"/>
<dc element="dc.source" value="Reuters"/>
<dc element="dc.creator.location" value="TEL AVIV"/>
<dc element="dc.creator.location.country.name" value="ISRAEL"/>
<dc element="dc.source" value="Reuters"/>
</metadata>
</newsitem>
