<?xml version="1.0" encoding="iso-8859-1" ?>
<newsitem itemid="456327" id="root" date="1997-03-20" xml:lang="en">
<title>USA: U.S. aftermarket runs lower for paper Brent trades.</title>
<headline>U.S. aftermarket runs lower for paper Brent trades.</headline>
<dateline>NEW YORK 1997-03-20</dateline>
<text>
<p>North Sea paper Brent markets weakened in late U.S. trading on Thursday, selling in numerous deals for the May month.</p>
<p>Foreign crude traders said May Brent moved between $20.06 and $20.19 a barrel, 3-13 cents lower than the IPE May settlement price at $20.19.</p>
<p>In addition to the outrights, a pair of inter-month spreads sold. A pair of April/May spreads changed hands, the first getting done at +12 cts and the second at +13 cts.</p>
<p>April/May Brent talked late at plus 12-15 cts, traders said.</p>
<p>--Patrick Connole, NY Energy Desk, ((+1 212 859 1828))</p>
</text>
<copyright>(c) Reuters Limited 1997</copyright>
<metadata>
<codes class="bip:countries:1.0">
  <code code="USA">
    <editdetail attribution="Reuters BIP Coding Group" action="confirmed" date="1997-03-20"/>
  </code>
</codes>
<codes class="bip:topics:1.0">
  <code code="M14">
    <editdetail attribution="Reuters BIP Coding Group" action="confirmed" date="1997-03-20"/>
  </code>
  <code code="M143">
    <editdetail attribution="Reuters BIP Coding Group" action="confirmed" date="1997-03-20"/>
  </code>
  <code code="MCAT">
    <editdetail attribution="Reuters BIP Coding Group" action="confirmed" date="1997-03-20"/>
  </code>
</codes>
<dc element="dc.date.created" value="1997-03-20"/>
<dc element="dc.publisher" value="Reuters Holdings Plc"/>
<dc element="dc.date.published" value="1997-03-20"/>
<dc element="dc.source" value="Reuters"/>
<dc element="dc.creator.location" value="NEW YORK"/>
<dc element="dc.creator.location.country.name" value="USA"/>
<dc element="dc.source" value="Reuters"/>
</metadata>
</newsitem>
