<?xml version="1.0" encoding="iso-8859-1" ?>
<newsitem itemid="160366" id="root" date="1996-11-01" xml:lang="en">
<title>CANADA: PRESS DIGEST-Canada-Nov 1.</title>
<headline>PRESS DIGEST-Canada-Nov 1.</headline>
<dateline>TORONTO 1996-11-01</dateline>
<text>
<p>The following are top headlines from selected Canadian newspapers. Reuters has not verified these stories and does not vouch for their accuracy.</p>
<p>THE GLOBE AND MAIL:</p>
<p>- Ontario doctors reject tentative deal: Ontario Medical Association decides to delay job action if government resumes talks.</p>
<p>- Tutsi offensive imperils Hutus: UN seeks safety for aid workers.</p>
<p>- Health issue baffles Ontario government: No recognition for funding rise.</p>
<p>- Automakers propose airbag redesign: Safety device to deploy with less force in bid to reduce injuries, deaths.</p>
<p>- After half a century, Toronto radio morning man signing off.</p>
<p>REPORT ON BUSINESS Section</p>
<p>- Foreign bank rules assailed: Parliamentary committees urge Canadian government to loosen entry restrictions, increase competition.</p>
<p>- Pepsi dumps ad agency of 30 years: Thompson loses account to BBDO.</p>
<p>- Gulf Canada Resources chief defends job relocation: J.P. Bryan cites job stress, Calgary sees 'slap in the face.'</p>
<p>- Lumber firms get quotas: Ottawa releases duty-free levels.</p>
<p>THE FINANCIAL POST:</p>
<p>- Canadian seeks more concessions: Route restructurings, wage cuts and breaks on fees for AMR services are among the items on Canadian Airlines' shopping list.</p>
<p>-- Reuters Toronto Bureau 416 941-8100</p>
</text>
<copyright>(c) Reuters Limited 1996</copyright>
<metadata>
<codes class="bip:countries:1.0">
  <code code="CANA">
    <editdetail attribution="Reuters BIP Coding Group" action="confirmed" date="1996-11-01"/>
  </code>
</codes>
<codes class="bip:topics:1.0">
  <code code="GCAT">
    <editdetail attribution="Reuters BIP Coding Group" action="confirmed" date="1996-11-01"/>
  </code>
</codes>
<dc element="dc.date.created" value="1996-11-01"/>
<dc element="dc.publisher" value="Reuters Holdings Plc"/>
<dc element="dc.date.published" value="1996-11-01"/>
<dc element="dc.source" value="Reuters"/>
<dc element="dc.creator.location" value="TORONTO"/>
<dc element="dc.creator.location.country.name" value="CANADA"/>
<dc element="dc.source" value="Reuters"/>
</metadata>
</newsitem>
