<?xml version="1.0" encoding="iso-8859-1" ?>
<newsitem itemid="95104" id="root" date="1996-10-03" xml:lang="en">
<title>BELGIUM: INDICATORS - BELGIUM - UPDATED OCT 3.</title>
<headline>INDICATORS - BELGIUM - UPDATED OCT 3.</headline>
<text>
<p>KEY INDICATORS - LATEST FIGURES</p>
<p>	     (Yr/Yr pct change unless otherwise stated)</p>
<p>----------------------------------------------------------------</p>
<p>INDICATOR			  PERIOD	PREVIOUS    YEAR AGO</p>
<p>----------------------------------------------------------------</p>
<p>GDP (at constant prices)  Q1 96  1.0    Q4 95 1.8    Q1 95  1.7</p>
<p>----------------------------------------------------------------</p>
<p>Inflation (CPI)	    Sep 96  1.97    Aug  1.92   Sep 95 1.19</p>
<p>----------------------------------------------------------------</p>
<p>Unemployment*		Sep 96 14.2     Aug 14.5    Sep 95 14.8</p>
<p> Total registered jobless    607,699	620,081	  628,632</p>
<p>----------------------------------------------------------------</p>
<p>Sources: GDP (seasonally adjusted) Q1 1996 data provisional -</p>
<p>National Bank of Belgium; inflation - Economics Ministry;</p>
<p>unemployment - National Employment Office.</p>
<p>Note: * Total registered jobless (whether or not they receive</p>
<p>unemployment benefits) as a percentage of the workforce.</p>
<p>				   ----------</p>
<p>	     EUROPEAN UNION FORECASTS FOR BELGIAN ECONOMY</p>
<p>		(Yr/Yr pct change unless otherwise stated)</p>
<p>----------------------------------------------------------------</p>
<p>INDICATOR				1997e    1996e    1995e    1994</p>
<p>----------------------------------------------------------------</p>
<p>GDP (at constant prices)	    2.3	1.1	1.9	2.2</p>
<p>----------------------------------------------------------------</p>
<p>Inflation*				1.8	2.0	1.5	3.0</p>
<p>----------------------------------------------------------------</p>
<p>Unemployment**			  9.8     10.1	9.9     10.0</p>
<p>----------------------------------------------------------------</p>
<p>Govt net borrowing requirement*** 3.7	3.2	4.5	5.3</p>
<p>----------------------------------------------------------------</p>
<p>Source: European Union Spring 1996 forecasts.</p>
<p>Note: * inflation based on deflator of private consumption,</p>
<p>which differs slightly from Economics Ministry's CPI.</p>
<p>** unemployment as a percentage of the civilian labour force.</p>
<p>*** general government net borrowing as a percentage of GDP:</p>
<p>1994 figure includes 12.7 bln bfr proceeds from the sale of</p>
<p>participations indirectly owned by the public sector; N.B. govt</p>
<p>intentions to make substantial additional budget adjustments for</p>
<p>1997 to be included in Autumn 1996 forecasts.</p>
<p>				  ----------</p>
<p>		    KEY CENTRAL BANK INTEREST RATES</p>
<p>----------------------------------------------------------------</p>
<p>central rate		3.00 pct, cut from 3.20 pct on 23-08-96</p>
<p>----------------------------------------------------------------</p>
<p>end-of-day rate	   4.25 pct, cut from 4.45 pct on 23-08-96</p>
<p>----------------------------------------------------------------</p>
<p>Note: the central rate applies to overnight lending for primary</p>
<p>dealers of government debt, the end-of-day rate to overnight</p>
<p>lending for all others. Financial institutions can only draw</p>
<p>funds at these rates up to fixed amounts.</p>
<p>The central rate is the equivalent of the German repo rate.</p>
<p>				   ----------</p>
<p>				 STATE FINANCES</p>
<p>	    (as a percentage of GDP unless otherwise stated)</p>
<p>----------------------------------------------------------------</p>
<p>						    1995     1994     1993</p>
<p>Public debt (EMU definition)*	     133.5    135.1    137.0</p>
<p>----------------------------------------------------------------</p>
<p>Public deficit (EMU definition)*	    4.1	5.1	7.5</p>
<p>----------------------------------------------------------------</p>
<p>Treasury net financing requirement**	3.7	4.1	5.2</p>
<p> (in blns of bfr)			     290.1    313.1    376.3</p>
<p>latest cumulative: first 8 months 1996  first 8 months 1995</p>
<p> (in blns of bfr)	     343.2		    317.1</p>
<p>----------------------------------------------------------------</p>
<p>Sources: * National Bank of Belgium (1995 figures are National</p>
<p>Bank estimates)</p>
<p>** Finance Ministry/National Bank of Belgium, based on Finance</p>
<p>Ministry definition - figures represent central government cash</p>
<p>deficit with expenditure booked on the actual day it is made</p>
<p>rather than the day it falls due.</p>
<p>Note: EMU public deficit criterion: below or approaching three</p>
<p>percent of GDP; EMU public debt criterion: below or approaching</p>
<p>60 percent of GDP.</p>
<p>-- Brussels Newsroom +32 2 287 6810, Fax +32 2 230 7710</p>
</text>
<copyright>(c) Reuters Limited 1996</copyright>
<metadata>
<codes class="bip:countries:1.0">
  <code code="BELG">
    <editdetail attribution="Reuters BIP Coding Group" action="confirmed" date="1996-10-03"/>
  </code>
</codes>
<codes class="bip:topics:1.0">
  <code code="E71">
    <editdetail attribution="Reuters BIP Coding Group" action="confirmed" date="1996-10-03"/>
  </code>
  <code code="ECAT">
    <editdetail attribution="Reuters BIP Coding Group" action="confirmed" date="1996-10-03"/>
  </code>
</codes>
<dc element="dc.publisher" value="Reuters Holdings Plc"/>
<dc element="dc.date.published" value="1996-10-03"/>
<dc element="dc.source" value="Reuters"/>
<dc element="dc.creator.location.country.name" value="BELGIUM"/>
<dc element="dc.source" value="Reuters"/>
</metadata>
</newsitem>
