<?xml version="1.0" encoding="iso-8859-1" ?>
<newsitem itemid="696551" id="root" date="1997-06-30" xml:lang="en">
<title>INDIA: India raises paddy, fine, super fine rice prices.</title>
<headline>India raises paddy, fine, super fine rice prices.</headline>
<dateline>NEW DELHI 1997-06-30</dateline>
<text>
<p>The Indian government on Monday raised the minimum support price for summer paddy to 415 rupees per quintal from 380, a spokesman said.  </p>
<p>It increased the support price for fine rice to 435 rupees per quintal from 395.</p>
<p>The minimum support price for super fine rise was raised to 455 rupees per quintal from 415.</p>
<p>-- New Delhi newsroom +91-11 301 2024</p>
</text>
<copyright>(c) Reuters Limited 1997</copyright>
<metadata>
<codes class="bip:countries:1.0">
  <code code="INDIA">
    <editdetail attribution="Reuters BIP Coding Group" action="confirmed" date="1997-06-30"/>
  </code>
</codes>
<codes class="bip:topics:1.0">
  <code code="M14">
    <editdetail attribution="Reuters BIP Coding Group" action="confirmed" date="1997-06-30"/>
  </code>
  <code code="M141">
    <editdetail attribution="Reuters BIP Coding Group" action="confirmed" date="1997-06-30"/>
  </code>
  <code code="MCAT">
    <editdetail attribution="Reuters BIP Coding Group" action="confirmed" date="1997-06-30"/>
  </code>
</codes>
<dc element="dc.date.created" value="1997-06-30"/>
<dc element="dc.publisher" value="Reuters Holdings Plc"/>
<dc element="dc.date.published" value="1997-06-30"/>
<dc element="dc.source" value="Reuters"/>
<dc element="dc.creator.location" value="NEW DELHI"/>
<dc element="dc.creator.location.country.name" value="INDIA"/>
<dc element="dc.source" value="Reuters"/>
</metadata>
</newsitem>
