<?xml version="1.0" encoding="iso-8859-1" ?>
<newsitem itemid="17615" id="root" date="1996-08-27" xml:lang="en">
<title>FRANCE: Air Gabon names new French cargo executives.</title>
<headline>Air Gabon names new French cargo executives.</headline>
<dateline>PARIS 1996-08-27</dateline>
<text>
<p>Air Gabon said it had made two managerial appointments following its decision to run its own French cargo office, effective September 1.</p>
<p>Air Gabon's cargo activities in France are currently run by Air France.</p>
<p>Air Gabon had appointed Francois Bertin and Christophe Baldas to run its cargo office at Paris- Charles de-Gaulle Airport, a spokesman for the African airline said.</p>
<p>Bertin was formerly with Air Lanka' cargo division, based at CDG, while Baldas' previous post was with cargo agents, Prime Air Service and they will replace two cargo personnel seconded from Air France.</p>
<p>Air Gabon operates four weekly Boeing 747 combi flights from Paris to Libreville, each with a cargo capacity of 35 to 40 tonnes.</p>
<p>Two of the flights continue to Johannesburg while weekly stopovers on the service are also made at Marseille, Nice, London-Gatwick and Rome. --Air Cargo Newsroom Tel+44-171-542-7706 Fax+44-171-542-5017</p>
</text>
<copyright>(c) Reuters Limited 1996</copyright>
<metadata>
<codes class="bip:countries:1.0">
  <code code="FRA">
    <editdetail attribution="Reuters BIP Coding Group" action="confirmed" date="1996-08-27"/>
  </code>
  <code code="GABON">
    <editdetail attribution="Reuters BIP Coding Group" action="confirmed" date="1996-08-27"/>
  </code>
</codes>
<codes class="bip:industries:1.0">
  <code code="I75000">
    <editdetail attribution="Reuters BIP Coding Group" action="confirmed" date="1996-08-27"/>
  </code>
</codes>
<codes class="bip:topics:1.0">
  <code code="C41">
    <editdetail attribution="Reuters BIP Coding Group" action="confirmed" date="1996-08-27"/>
  </code>
  <code code="C411">
    <editdetail attribution="Reuters BIP Coding Group" action="confirmed" date="1996-08-27"/>
  </code>
  <code code="CCAT">
    <editdetail attribution="Reuters BIP Coding Group" action="confirmed" date="1996-08-27"/>
  </code>
</codes>
<dc element="dc.date.created" value="1996-08-27"/>
<dc element="dc.publisher" value="Reuters Holdings Plc"/>
<dc element="dc.date.published" value="1996-08-27"/>
<dc element="dc.source" value="Reuters"/>
<dc element="dc.creator.location" value="PARIS"/>
<dc element="dc.creator.location.country.name" value="FRANCE"/>
<dc element="dc.source" value="Reuters"/>
</metadata>
</newsitem>
