<?xml version="1.0" encoding="iso-8859-1" ?>
<newsitem itemid="404540" id="root" date="1997-02-26" xml:lang="en">
<title>USA: Moynihan stadiums bill still troubling - muni groups.</title>
<headline>Moynihan stadiums bill still troubling - muni groups.</headline>
<dateline>WASHINGTON 1997-02-26</dateline>
<text>
<p>Nine state and local government groups told U.S. Sen. Daniel Patrick Moyihan on Wednesday that his revised bill to bar use of tax-exempt government bonds to finance professional sports stadiums still goes too far.</p>
<p>The U.S. Conference of Mayors, National League of Cities, National Association of Counties, Government Finance Officers Association, American Public Power Association and others made the charge in a two-page letter to the New York State Democrat.  </p>
<p>A bill introduced by Moynihan last year had a June 14, 1995 effective date. His revised version, introduced in late January, sets the date of first action by a House or Senate committee as the effective date. It also would exempt small minor league stadiums, some charitable sports events, and other activities.</p>
<p>But the nine groups said the new bill still has the first bill's &quot;fundamental flaws&quot; even though scores of public officials from New York State and other towms nationwide &quot;brought many legitimate problems to (Moynihan's) attention.&quot;</p>
<p>For example, the letter says, public college or university sports complexes that double as practice facilities for professional sports teams would be denied tax-exempt financing under Moynihan's latest bill.</p>
<p>Likewise, public ballparks, tennis facilities, ice skating rinks and other community facilities used occasionally by professionals, including minor league games, could not get tax-exempt financing under the bill, the groups said.</p>
<p>These facilities often are used by an array of nonprofit organizations - from high school and community college teams to American Legion and youth leagues - and are critical to community spirit, the groups said.</p>
<p>The bill would dramatically increase the cost to taxpayers of building new facilities or rehabilitating existing ones, possibly making these projects &quot;simply unaffordable,&quot; groups said.</p>
<p>--Vicky Stamas, 202-898-8314</p>
</text>
<copyright>(c) Reuters Limited 1997</copyright>
<metadata>
<codes class="bip:countries:1.0">
  <code code="USA">
    <editdetail attribution="Reuters BIP Coding Group" action="confirmed" date="1997-02-26"/>
  </code>
</codes>
<codes class="bip:industries:1.0">
  <code code="I50100">
    <editdetail attribution="Reuters BIP Coding Group" action="confirmed" date="1997-02-26"/>
  </code>
  <code code="I5010031">
    <editdetail attribution="Reuters BIP Coding Group" action="confirmed" date="1997-02-26"/>
  </code>
  <code code="I97911">
    <editdetail attribution="Reuters BIP Coding Group" action="confirmed" date="1997-02-26"/>
  </code>
</codes>
<codes class="bip:topics:1.0">
  <code code="C13">
    <editdetail attribution="Reuters BIP Coding Group" action="confirmed" date="1997-02-26"/>
  </code>
  <code code="C17">
    <editdetail attribution="Reuters BIP Coding Group" action="confirmed" date="1997-02-26"/>
  </code>
  <code code="C24">
    <editdetail attribution="Reuters BIP Coding Group" action="confirmed" date="1997-02-26"/>
  </code>
  <code code="CCAT">
    <editdetail attribution="Reuters BIP Coding Group" action="confirmed" date="1997-02-26"/>
  </code>
  <code code="E21">
    <editdetail attribution="Reuters BIP Coding Group" action="confirmed" date="1997-02-26"/>
  </code>
  <code code="E212">
    <editdetail attribution="Reuters BIP Coding Group" action="confirmed" date="1997-02-26"/>
  </code>
  <code code="ECAT">
    <editdetail attribution="Reuters BIP Coding Group" action="confirmed" date="1997-02-26"/>
  </code>
  <code code="GCAT">
    <editdetail attribution="Reuters BIP Coding Group" action="confirmed" date="1997-02-26"/>
  </code>
  <code code="GPOL">
    <editdetail attribution="Reuters BIP Coding Group" action="confirmed" date="1997-02-26"/>
  </code>
</codes>
<dc element="dc.date.created" value="1997-02-26"/>
<dc element="dc.publisher" value="Reuters Holdings Plc"/>
<dc element="dc.date.published" value="1997-02-26"/>
<dc element="dc.source" value="Reuters"/>
<dc element="dc.creator.location" value="WASHINGTON"/>
<dc element="dc.creator.location.country.name" value="USA"/>
<dc element="dc.source" value="Reuters"/>
</metadata>
</newsitem>
