<?xml version="1.0" encoding="iso-8859-1" ?>
<newsitem itemid="754531" id="root" date="1997-07-24" xml:lang="en">
<title>USA: San Diego, Calif., to refinance assessment bonds.</title>
<headline>San Diego, Calif., to refinance assessment bonds.</headline>
<dateline>SAN DIEGO, Calif. 1997-07-23</dateline>
<text>
<p>California's San Diego County plans to refinance $21.8 million of assessment district bonds next week, the county's underwriter said on Wednesday.</p>
<p>The bond deal will refund San Diego's 4-S Ranch Project bonds, which were on the verge of a payment default one year ago, underwriter Stone &amp; Youngberg LLC said in a statement.</p>
<p>The firm said bondholders would be paid 103 percent of par through the refunding. The deal will also provide property owners an annual tax savings of about 10 percent per year.</p>
<p>The refunding bond issue was approved by the county Board of Supervisors on July 15 and was expected to be sold during the week of July 28, according to Stone &amp; Youngberg, the deal's senior managing underwriter.</p>
</text>
<copyright>(c) Reuters Limited 1997</copyright>
<metadata>
<codes class="bip:countries:1.0">
  <code code="USA">
    <editdetail attribution="Reuters BIP Coding Group" action="confirmed" date="1997-07-24"/>
  </code>
</codes>
<codes class="bip:topics:1.0">
  <code code="E21">
    <editdetail attribution="Reuters BIP Coding Group" action="confirmed" date="1997-07-24"/>
  </code>
  <code code="E212">
    <editdetail attribution="Reuters BIP Coding Group" action="confirmed" date="1997-07-24"/>
  </code>
  <code code="ECAT">
    <editdetail attribution="Reuters BIP Coding Group" action="confirmed" date="1997-07-24"/>
  </code>
</codes>
<dc element="dc.date.created" value="1997-07-23"/>
<dc element="dc.publisher" value="Reuters Holdings Plc"/>
<dc element="dc.date.published" value="1997-07-24"/>
<dc element="dc.source" value="Reuters"/>
<dc element="dc.creator.location" value="SAN DIEGO, Calif."/>
<dc element="dc.creator.location.country.name" value="USA"/>
<dc element="dc.source" value="Reuters"/>
</metadata>
</newsitem>
