<?xml version="1.0" encoding="iso-8859-1" ?>
<newsitem itemid="550065" id="root" date="1997-04-30" xml:lang="en">
<title>RUSSIA: RMG Securities says buy, hold Sakhalinmorneftegaz.</title>
<headline>RMG Securities says buy, hold Sakhalinmorneftegaz.</headline>
<dateline>MOSCOW 1997-04-30</dateline>
<text>
<p>Sakhalinmorneftegaz, Russia's only oil producer in the Far East, could boost oil output more than 10-fold to 16 million tonnes annually by 2005, Rye Man &amp; Gor Securities said in a report recommending buying and holding the shares.</p>
<p>&quot;Sakhalinmorneftegaz...has considerable potential given its strategic position as a partner in several major off-shore extraction projects with international participation,&quot; the report said, citing significant output-boosting potential.</p>
<p>Sakhalinmorneftegaz, a production unit of holding company Rosneft's second only to Purneftegaz  PFGS.RTS, has potential off-shore reserves of four billion tonnes, equal to the combined reserves of leading producers Yukos and LUKoil, RMG said.</p>
<p>Sakhalinmorneftegaz 1996 production fell four percent to 1.49 million tonnes of oil while gas production was 1.78 billion cubic metres. Output is far behind that of other oil majors, the report said.</p>
<p>But RMG said its 23 percent stake in off-shore drilling project Sakhalin-1, signed early this year between Rosneft, Sakhalinmorneftegaz and Dutch ABN-AMRO bank with estimated potential reserves of 1.19 billion tonnes of oil, was strategic.</p>
<p>The report said the project could already proceed, unlike other major extraction deals held up by delays in production-sharing legislation.</p>
<p>Strategically located for export to markets on the Pacific rim, Sakhalinmorneftegaz already exports around two thirds of its output, the largest export share in the Russian industry, RMG said.</p>
<p>Sakhalinmorneftegaz last traded at $3.100 on Tuesday.</p>
<p>--Christina Ling, Moscow Newsroom, +7095 941 8520</p>
</text>
<copyright>(c) Reuters Limited 1997</copyright>
<metadata>
<codes class="bip:countries:1.0">
  <code code="RUSS">
    <editdetail attribution="Reuters BIP Coding Group" action="confirmed" date="1997-04-30"/>
  </code>
</codes>
<codes class="bip:industries:1.0">
  <code code="I13000">
    <editdetail attribution="Reuters BIP Coding Group" action="confirmed" date="1997-04-30"/>
  </code>
  <code code="I1300003">
    <editdetail attribution="Reuters BIP Coding Group" action="confirmed" date="1997-04-30"/>
  </code>
</codes>
<codes class="bip:topics:1.0">
  <code code="C15">
    <editdetail attribution="Reuters BIP Coding Group" action="confirmed" date="1997-04-30"/>
  </code>
  <code code="C152">
    <editdetail attribution="Reuters BIP Coding Group" action="confirmed" date="1997-04-30"/>
  </code>
  <code code="C21">
    <editdetail attribution="Reuters BIP Coding Group" action="confirmed" date="1997-04-30"/>
  </code>
  <code code="CCAT">
    <editdetail attribution="Reuters BIP Coding Group" action="confirmed" date="1997-04-30"/>
  </code>
</codes>
<dc element="dc.date.created" value="1997-04-30"/>
<dc element="dc.publisher" value="Reuters Holdings Plc"/>
<dc element="dc.date.published" value="1997-04-30"/>
<dc element="dc.source" value="Reuters"/>
<dc element="dc.creator.location" value="MOSCOW"/>
<dc element="dc.creator.location.country.name" value="RUSSIA"/>
<dc element="dc.source" value="Reuters"/>
</metadata>
</newsitem>
