<?xml version="1.0" encoding="iso-8859-1" ?>
<newsitem itemid="427210" id="root" date="1997-03-07" xml:lang="en">
<title>UK: IPE Brent retraces losses on technical rebound.</title>
<headline>IPE Brent retraces losses on technical rebound.</headline>
<dateline>LONDON 1997-03-07</dateline>
<text>
<p>IPE Brent retraced losses on Friday to touch a new high as NYMEX crude and gasoline reversed losses to lead a modest technical rally, brokers said.</p>
<p>&quot;It's really on technicals,&quot; a dealer said. &quot;The market tried to sell off but people thought it should move up, and a then a bit of short-covering came in.&quot;</p>
<p>April Brent was trading 24 cents higher at a session high of $19.94 a barrel at 1616 GMT. Next resistance was seen at the psychologically important $20 level.</p>
<p>&quot;It's a battle between the shorts and the longs and the longs came out on top,&quot; said one broker.</p>
<p>IPE gas oil extended earlier gains made on the back of forecasts of cooler temperatures in the U.S. Northeast this weekend, which in turn boosted NYMEX heating oil. The March gas oil contract was trading $3 a tonne up at $167.50 at 1621 GMT, just below resistance at $167.75 a tonne.</p>
<p>-- Rosalind Russell, London Newsroom +44 171 542 5387</p>
</text>
<copyright>(c) Reuters Limited 1997</copyright>
<metadata>
<codes class="bip:countries:1.0">
  <code code="UK">
    <editdetail attribution="Reuters BIP Coding Group" action="confirmed" date="1997-03-07"/>
  </code>
</codes>
<codes class="bip:topics:1.0">
  <code code="M14">
    <editdetail attribution="Reuters BIP Coding Group" action="confirmed" date="1997-03-07"/>
  </code>
  <code code="M143">
    <editdetail attribution="Reuters BIP Coding Group" action="confirmed" date="1997-03-07"/>
  </code>
  <code code="MCAT">
    <editdetail attribution="Reuters BIP Coding Group" action="confirmed" date="1997-03-07"/>
  </code>
</codes>
<dc element="dc.date.created" value="1997-03-07"/>
<dc element="dc.publisher" value="Reuters Holdings Plc"/>
<dc element="dc.date.published" value="1997-03-07"/>
<dc element="dc.source" value="Reuters"/>
<dc element="dc.creator.location" value="LONDON"/>
<dc element="dc.creator.location.country.name" value="UK"/>
<dc element="dc.source" value="Reuters"/>
</metadata>
</newsitem>
