<?xml version="1.0" encoding="iso-8859-1" ?>
<newsitem itemid="191633" id="root" date="1996-11-15" xml:lang="en">
<title>USA: Houghten Pharmaceuticals cuts Q3 net loss.</title>
<headline>Houghten Pharmaceuticals cuts Q3 net loss.</headline>
<dateline>SAN DIEGO 1996-11-14</dateline>
<text>
<p>HOUGHTEN PHARMACEUTICALS INC</p>
<p>			    3 Mos ended 9/30     9 Mos ended 9/30</p>
<p>				     1996	1995     1996     1995</p>
<p> Net sales			$1,200     $499   $3,655   $1,033</p>
<p> License fees		    3,369	  -    3,369	  -</p>
<p> TOTAL REVENUES		  4,569	499    7,024    1,033</p>
<p>   Cost of sales		   479	508    1,429	921</p>
<p>   Research and development  3,241    1,969    8,410    5,086</p>
<p>   In process R&amp;D		1,303	  -    1,303	  -</p>
<p>   SG&amp;A				994	657    2,654    1,786</p>
<p> TOTAL OPERATING EXPENSES    6,017    3,134   13,796    7,793</p>
<p> Loss from operations	(1,448)  (2,635)  (6,772)  (6,760)</p>
<p> NET LOSS			(1,066)  (2,603)  (5,924)  (6,298)</p>
<p> NET LOSS PER SHARE	   (0.08)   (0.27)   (0.49)   (0.65)</p>
<p> Wgtd avg shrs		 13,274    9,669   11,996    9,644</p>
<p>		    (in thousands, except per share data)</p>
<p>NOTE: 1996 Q3 results include HPI's receipt of 275,000 shares of Magainin common stock, with a then-current fair market value of about $3.37 million, in exchange for a royalty interest in Magainin's lead compound, MSI-78.</p>
</text>
<copyright>(c) Reuters Limited 1996</copyright>
<metadata>
<codes class="bip:countries:1.0">
  <code code="USA">
    <editdetail attribution="Reuters BIP Coding Group" action="confirmed" date="1996-11-15"/>
  </code>
</codes>
<codes class="bip:industries:1.0">
  <code code="I25700">
    <editdetail attribution="Reuters BIP Coding Group" action="confirmed" date="1996-11-15"/>
  </code>
</codes>
<codes class="bip:topics:1.0">
  <code code="C15">
    <editdetail attribution="Reuters BIP Coding Group" action="confirmed" date="1996-11-15"/>
  </code>
  <code code="C151">
    <editdetail attribution="Reuters BIP Coding Group" action="confirmed" date="1996-11-15"/>
  </code>
  <code code="CCAT">
    <editdetail attribution="Reuters BIP Coding Group" action="confirmed" date="1996-11-15"/>
  </code>
</codes>
<dc element="dc.date.created" value="1996-11-14"/>
<dc element="dc.publisher" value="Reuters Holdings Plc"/>
<dc element="dc.date.published" value="1996-11-15"/>
<dc element="dc.source" value="Reuters"/>
<dc element="dc.creator.location" value="SAN DIEGO"/>
<dc element="dc.creator.location.country.name" value="USA"/>
<dc element="dc.source" value="Reuters"/>
</metadata>
</newsitem>
