<?xml version="1.0" encoding="iso-8859-1" ?>
<newsitem itemid="229568" id="root" date="1996-12-02" xml:lang="en">
<title>FRANCE: PRESS DIGEST - France - Le Monde Dec 2.</title>
<headline>PRESS DIGEST - France - Le Monde Dec 2.</headline>
<dateline>PARIS 1996-12-02</dateline>
<text>
<p>These are leading stories in afternoon daily Le Monde.</p>
<p>FRONT PAGE</p>
<p>-- Seasonnally adjusted number of jobseekers decreased by 12,000 in October, totalling 3,100,800.</p>
<p>BUSINESS PAGES</p>
<p>-- Food group Danone buys Saint-Louis 's stake in Panzalim prepared-meal firm for an estimated 2.9 billion francs.</p>
<p>-- KPMG Fiduciaire de France audit firm suspected of errors in auditing the accounts of publisher Magnard and of bankrupt furniture maker Dapta Mallinjoud. Both firms may seek legal action against KPMG.</p>
<p>-- French banks to tackle market activities in Asia.</p>
<p>-- Shareholders in Pallas Stern bankrupt bank to try and reach agreement over bank's possible bailout plans.</p>
<p>-- Employers' federation chairman Jean Gandois calls for increased flexibility of labour regulations, adds wants the end of legal control of firms' layoff plans, which he says is too long and complex.</p>
<p>-- Paris Newsroom +33 1 42 21 53 81</p>
</text>
<copyright>(c) Reuters Limited 1996</copyright>
<metadata>
<codes class="bip:countries:1.0">
  <code code="FRA">
    <editdetail attribution="Reuters BIP Coding Group" action="confirmed" date="1996-12-02"/>
  </code>
</codes>
<codes class="bip:topics:1.0">
  <code code="GCAT">
    <editdetail attribution="Reuters BIP Coding Group" action="confirmed" date="1996-12-02"/>
  </code>
</codes>
<dc element="dc.date.created" value="1996-12-02"/>
<dc element="dc.publisher" value="Reuters Holdings Plc"/>
<dc element="dc.date.published" value="1996-12-02"/>
<dc element="dc.source" value="Reuters"/>
<dc element="dc.creator.location" value="PARIS"/>
<dc element="dc.creator.location.country.name" value="FRANCE"/>
<dc element="dc.source" value="Reuters"/>
</metadata>
</newsitem>
