<?xml version="1.0" encoding="iso-8859-1" ?>
<newsitem itemid="274301" id="root" date="1996-12-23" xml:lang="en">
<title>INDONESIA: Jakarta call money falls to 7.0/8.0 percent.</title>
<headline>Jakarta call money falls to 7.0/8.0 percent.</headline>
<dateline>JAKARTA 1996-12-23</dateline>
<text>
<p>Jakarta call money fell to 7.0/8.0 percent on Monday morning from around 8.0/9.0 percent at the opening amid flush market liquidity, dealers said.</p>
<p>One foreign bank dealer said the central bank's early injection of 2.219 trillion rupiah had caused an oversupply in the slow market.</p>
<p>Dealers said one-week money was also on the downtrend as liquidity was likely to remain sufficient in the near term.</p>
<p>One-week money was last quoted at 11.75/12.00, two at 13.00/13.25, while one and six-month money were last quoted at 13.50/13.62 and 14.75/15.00 respectively.</p>
<p>The average overnight interbank rate was at 10.40 on Friday compared with 10.21 percent on Thursday.</p>
<p>-- Jakarta newsroom +6221 384-6364</p>
</text>
<copyright>(c) Reuters Limited 1996</copyright>
<metadata>
<codes class="bip:countries:1.0">
  <code code="INDON">
    <editdetail attribution="Reuters BIP Coding Group" action="confirmed" date="1996-12-23"/>
  </code>
</codes>
<codes class="bip:topics:1.0">
  <code code="M13">
    <editdetail attribution="Reuters BIP Coding Group" action="confirmed" date="1996-12-23"/>
  </code>
  <code code="M131">
    <editdetail attribution="Reuters BIP Coding Group" action="confirmed" date="1996-12-23"/>
  </code>
  <code code="MCAT">
    <editdetail attribution="Reuters BIP Coding Group" action="confirmed" date="1996-12-23"/>
  </code>
</codes>
<dc element="dc.date.created" value="1996-12-23"/>
<dc element="dc.publisher" value="Reuters Holdings Plc"/>
<dc element="dc.date.published" value="1996-12-23"/>
<dc element="dc.source" value="Reuters"/>
<dc element="dc.creator.location" value="JAKARTA"/>
<dc element="dc.creator.location.country.name" value="INDONESIA"/>
<dc element="dc.source" value="Reuters"/>
</metadata>
</newsitem>
