<?xml version="1.0" encoding="iso-8859-1" ?>
<newsitem itemid="291931" id="root" date="1997-01-07" xml:lang="en">
<title>USA: PRESS DIGEST - Washington Post page one - Jan 7.</title>
<headline>PRESS DIGEST - Washington Post page one - Jan 7.</headline>
<dateline>WASHINGTON 1997-01-07</dateline>
<text>
<p>The Washington Post carried the following stories on its front page on January 7:</p>
<p>---</p>
<p>WASHINGTON - A determinedly upbeat Representative Newt Gingrich went before his Republican colleagues to rally support for his reelection as House speaker after a respected committee chairman said he would not vote for him.</p>
<p>---</p>
<p>WASHINGTON - The heart of the ethics committee case against House Speaker Newt Gingrich involves his use of charitable organizations to subsidise his partisan political activities.</p>
<p>---</p>
<p>WASHINGTON - A deeply divided Social Security advisory council put forth several drastic and controversial changes to the retirement system as a means of saving it from severe financial shortfalls in the next centrury.</p>
<p>---</p>
<p>WASHINGTON - When Kofi Annan replaced Boutros Boutros-Ghali as secretary general of the United Nations last week, it was a personal triumph for Madeleine Albright, U.S. ambassador to the world body and President Clinton's nominee for secretary of state.</p>
<p>---</p>
<p>WASHINGTON - Thousands of people will be on the job on January 20 for President Clinton's second inauguration. Some will be working for the reward of participating in an historic event, while others will receive a paycheck bonanza as the inauguration falls on the Martin Luther King day holiday.</p>
<p>---</p>
<p>LINCOLN, R.I. - A Rhode Island man suffering from Lou Gehrig's disease has publicly proclaimed that he will commit suicide and is defending the right to die with his last breath.</p>
</text>
<copyright>(c) Reuters Limited 1997</copyright>
<metadata>
<codes class="bip:countries:1.0">
  <code code="USA">
    <editdetail attribution="Reuters BIP Coding Group" action="confirmed" date="1997-01-07"/>
  </code>
</codes>
<codes class="bip:topics:1.0">
  <code code="GCAT">
    <editdetail attribution="Reuters BIP Coding Group" action="confirmed" date="1997-01-07"/>
  </code>
</codes>
<dc element="dc.date.created" value="1997-01-07"/>
<dc element="dc.publisher" value="Reuters Holdings Plc"/>
<dc element="dc.date.published" value="1997-01-07"/>
<dc element="dc.source" value="Reuters"/>
<dc element="dc.creator.location" value="WASHINGTON"/>
<dc element="dc.creator.location.country.name" value="USA"/>
<dc element="dc.source" value="Reuters"/>
</metadata>
</newsitem>
