<?xml version="1.0" encoding="iso-8859-1" ?>
<newsitem itemid="171014" id="root" date="1996-11-06" xml:lang="en">
<title>UK: Credit Local sets $100 mln five-yr bond.</title>
<headline>Credit Local sets $100 mln five-yr bond.</headline>
<dateline>LONDON 1996-11-06</dateline>
<text>
<p>The following bond was announced by joint lead managers Banque Internationale a Luxembourg and Generale Bank.</p>
<p> BORROWER   CREDIT LOCAL DE FRANCE</p>
<p> AMT    $100 MLN	COUPON     6.125 PCT MATURITY    17.DEC.01</p>
<p> TYPE	 STRAIGHT  ISS PRICE  101.375   PAY DATE    17.DEC.96</p>
<p> FULL FEES  1.875     REOFFER    99.75     SPREAD	+11</p>
<p> MOODY	AA1	 LISTING    LUX	 PAY FREQ    =</p>
<p> S&amp;P	  AAA	 DENOMS (K) 1-10	SALE LIMITS US/UK</p>
<p> NEG PLG    YES	 CRS DEFLT  YES	 FORCE MAJ   YES</p>
<p> GOV LAW    ENGLISH   MGT/UND    0.25 PCT  SELL CONC   1.625 PCT</p>
<p> UNDERLYING GOVT BOND 6.25 PCT OCT 2001 TREASURY</p>
<p>-- London Newsroom +44 171 542 7658</p>
</text>
<copyright>(c) Reuters Limited 1996</copyright>
<metadata>
<codes class="bip:countries:1.0">
  <code code="FRA">
    <editdetail attribution="Reuters BIP Coding Group" action="confirmed" date="1996-11-06"/>
  </code>
  <code code="UK">
    <editdetail attribution="Reuters BIP Coding Group" action="confirmed" date="1996-11-06"/>
  </code>
</codes>
<codes class="bip:industries:1.0">
  <code code="I81501">
    <editdetail attribution="Reuters BIP Coding Group" action="confirmed" date="1996-11-06"/>
  </code>
  <code code="I8150106">
    <editdetail attribution="Reuters BIP Coding Group" action="confirmed" date="1996-11-06"/>
  </code>
</codes>
<codes class="bip:topics:1.0">
  <code code="C17">
    <editdetail attribution="Reuters BIP Coding Group" action="confirmed" date="1996-11-06"/>
  </code>
  <code code="C172">
    <editdetail attribution="Reuters BIP Coding Group" action="confirmed" date="1996-11-06"/>
  </code>
  <code code="CCAT">
    <editdetail attribution="Reuters BIP Coding Group" action="confirmed" date="1996-11-06"/>
  </code>
</codes>
<dc element="dc.date.created" value="1996-11-06"/>
<dc element="dc.publisher" value="Reuters Holdings Plc"/>
<dc element="dc.date.published" value="1996-11-06"/>
<dc element="dc.source" value="Reuters"/>
<dc element="dc.creator.location" value="LONDON"/>
<dc element="dc.creator.location.country.name" value="UK"/>
<dc element="dc.source" value="Reuters"/>
</metadata>
</newsitem>
