<?xml version="1.0" encoding="iso-8859-1" ?>
<newsitem itemid="650357" id="root" date="1997-06-10" xml:lang="en">
<title>USA: Baton Rouge tollway may hinge on legislature.</title>
<headline>Baton Rouge tollway may hinge on legislature.</headline>
<dateline>BATON ROUGE, La. 1997-06-10</dateline>
<text>
<p>Construction could begin next year on a bypass around Baton Rouge if the Louisiana Legislature approves a bill authorizing toll roads, the Advocate reported Tuesday.</p>
<p>Louisiana's House of Representatives has already approved a bill allowing private companies and public-private partnerships to build toll roads. The bill was also approved by the Senate Transportation Committee and is pending in the Senate Finance Committee.</p>
<p>It would let local governments create toll road authorities to build and maintain toll roads with private industry partners. The bill requires that a feasibility study and a financial viability study be completed before a local authority could be created.</p>
<p>Baton Rouge Mayor Tom McHugh told the newspaper that an engineering firm had already determined that a Baton Rouge bypass is needed and feasible.</p>
<p>The proposed bypass would begin at state highway 415 in West Baton Rouge Parish and loop south and east into East Baton Rouge Parish, connecting with Interstate 10 in or near northern Ascension Parish.</p>
<p>The road would cost $900 million to $1.2 billion. McHugh said a financial feasilility study was pending and that several firms were considering the public-private toll road concept.</p>
<p>City council members told the newspaper it was unlikely the road could be built with tax funding if the toll proposal fails.</p>
<p>((--Jane Sutton, 305-374-5013))</p>
</text>
<copyright>(c) Reuters Limited 1997</copyright>
<metadata>
<codes class="bip:countries:1.0">
  <code code="USA">
    <editdetail attribution="Reuters BIP Coding Group" action="confirmed" date="1997-06-10"/>
  </code>
</codes>
<codes class="bip:industries:1.0">
  <code code="I50200">
    <editdetail attribution="Reuters BIP Coding Group" action="confirmed" date="1997-06-10"/>
  </code>
  <code code="I5020041">
    <editdetail attribution="Reuters BIP Coding Group" action="confirmed" date="1997-06-10"/>
  </code>
</codes>
<codes class="bip:topics:1.0">
  <code code="C13">
    <editdetail attribution="Reuters BIP Coding Group" action="confirmed" date="1997-06-10"/>
  </code>
  <code code="C24">
    <editdetail attribution="Reuters BIP Coding Group" action="confirmed" date="1997-06-10"/>
  </code>
  <code code="CCAT">
    <editdetail attribution="Reuters BIP Coding Group" action="confirmed" date="1997-06-10"/>
  </code>
  <code code="GCAT">
    <editdetail attribution="Reuters BIP Coding Group" action="confirmed" date="1997-06-10"/>
  </code>
  <code code="GPOL">
    <editdetail attribution="Reuters BIP Coding Group" action="confirmed" date="1997-06-10"/>
  </code>
</codes>
<dc element="dc.date.created" value="1997-06-10"/>
<dc element="dc.publisher" value="Reuters Holdings Plc"/>
<dc element="dc.date.published" value="1997-06-10"/>
<dc element="dc.source" value="Reuters"/>
<dc element="dc.creator.location" value="BATON ROUGE, La."/>
<dc element="dc.creator.location.country.name" value="USA"/>
<dc element="dc.source" value="Reuters"/>
</metadata>
</newsitem>
