<?xml version="1.0" encoding="iso-8859-1" ?>
<newsitem itemid="301757" id="root" date="1997-01-12" xml:lang="en">
<title>DUBAI: Stricter Saudi regulations may hit tax holidays.</title>
<headline>Stricter Saudi regulations may hit tax holidays.</headline>
<dateline>DUBAI 1997-01-12</dateline>
<text>
<p>Stricter enforcement of Saudi Commerce Ministry regulations may have adverse tax consequences for limited liability companies (LLC) with foreign partners, a legal journal said.</p>
<p>Legal News of the Gulf, published by the Riyadh-based Hasan al-Mulla Lawyers and Legal Consultants, said the ministry is sticking to its requirement that the LLC's articles of association must first be published in the official gazette before the LLC's annual commercial registration.</p>
<p>Only contracts signed after the registration are eligible for tax holidays, the journal obtained on Sunday said.</p>
<p>It said that as publication of articles often took several months, the ministry had in the past registered a company without it. It simply required a copy confirming the company's submission of its articles to the gazette.</p>
<p>&quot;Now the Ministry of Commerce sticks to the rules and requests a proof that the summary of the Articles of Association was published before it registers the company,&quot; it said.</p>
<p>&quot;This requirement may cause adverse tax consequences for foreign firms. A foreign company often decides to establish a joint venture only after a significant project in the kingdom had come to its attention,&quot; the journal said.</p>
<p>Saudi law gives LLCs with at least 25 percent Saudi shareholding tax holidays ranging from five to 10 years, depending on what sector they operate in.</p>
</text>
<copyright>(c) Reuters Limited 1997</copyright>
<metadata>
<codes class="bip:countries:1.0">
  <code code="SAARAB">
    <editdetail attribution="Reuters BIP Coding Group" action="confirmed" date="1997-01-12"/>
  </code>
</codes>
<codes class="bip:topics:1.0">
  <code code="C13">
    <editdetail attribution="Reuters BIP Coding Group" action="confirmed" date="1997-01-12"/>
  </code>
  <code code="CCAT">
    <editdetail attribution="Reuters BIP Coding Group" action="confirmed" date="1997-01-12"/>
  </code>
  <code code="E12">
    <editdetail attribution="Reuters BIP Coding Group" action="confirmed" date="1997-01-12"/>
  </code>
  <code code="E21">
    <editdetail attribution="Reuters BIP Coding Group" action="confirmed" date="1997-01-12"/>
  </code>
  <code code="E211">
    <editdetail attribution="Reuters BIP Coding Group" action="confirmed" date="1997-01-12"/>
  </code>
  <code code="ECAT">
    <editdetail attribution="Reuters BIP Coding Group" action="confirmed" date="1997-01-12"/>
  </code>
</codes>
<dc element="dc.date.created" value="1997-01-12"/>
<dc element="dc.publisher" value="Reuters Holdings Plc"/>
<dc element="dc.date.published" value="1997-01-12"/>
<dc element="dc.source" value="Reuters"/>
<dc element="dc.creator.location" value="DUBAI"/>
<dc element="dc.creator.location.country.name" value="DUBAI"/>
<dc element="dc.source" value="Reuters"/>
</metadata>
</newsitem>
