<?xml version="1.0" encoding="iso-8859-1" ?>
<newsitem itemid="468258" id="root" date="1997-03-26" xml:lang="en">
<title>USA: Omega Financial sets 3-for-2 stock split.</title>
<headline>Omega Financial sets 3-for-2 stock split.</headline>
<dateline>STATE COLLEGE, Pa. 1997-03-26</dateline>
<text>
<p>Omega Financial Corp said Wednesday that it had declared a three-for-two stock split, to be issued in the form of a stock dividend.</p>
<p>The company said the split will be payable to shareholders of record, April 18 and will be distributed on April 30. Checks will be issued for fractional shares, based on the $40.75 per share market value of Omega common stock at the close of business on the March 25 declaration date.</p>
<p>The company said the stock split is part of Omega's plan to improve marketability of the corporation's stock.</p>
<p>Omega operates 41 Pennsylvania banking offices in Bedford, Blair, Centre, Clinton, Huntingdon, Juniata, Mifflin, and Montour counties.</p>
</text>
<copyright>(c) Reuters Limited 1997</copyright>
<metadata>
<codes class="bip:countries:1.0">
  <code code="USA">
    <editdetail attribution="Reuters BIP Coding Group" action="confirmed" date="1997-03-26"/>
  </code>
</codes>
<codes class="bip:industries:1.0">
  <code code="I81402">
    <editdetail attribution="Reuters BIP Coding Group" action="confirmed" date="1997-03-26"/>
  </code>
</codes>
<codes class="bip:topics:1.0">
  <code code="C15">
    <editdetail attribution="Reuters BIP Coding Group" action="confirmed" date="1997-03-26"/>
  </code>
  <code code="C151">
    <editdetail attribution="Reuters BIP Coding Group" action="confirmed" date="1997-03-26"/>
  </code>
  <code code="C17">
    <editdetail attribution="Reuters BIP Coding Group" action="confirmed" date="1997-03-26"/>
  </code>
  <code code="C171">
    <editdetail attribution="Reuters BIP Coding Group" action="confirmed" date="1997-03-26"/>
  </code>
  <code code="CCAT">
    <editdetail attribution="Reuters BIP Coding Group" action="confirmed" date="1997-03-26"/>
  </code>
</codes>
<dc element="dc.date.created" value="1997-03-26"/>
<dc element="dc.publisher" value="Reuters Holdings Plc"/>
<dc element="dc.date.published" value="1997-03-26"/>
<dc element="dc.source" value="Reuters"/>
<dc element="dc.creator.location" value="STATE COLLEGE, Pa."/>
<dc element="dc.creator.location.country.name" value="USA"/>
<dc element="dc.source" value="Reuters"/>
</metadata>
</newsitem>
