<?xml version="1.0" encoding="iso-8859-1" ?>
<newsitem itemid="589833" id="root" date="1997-05-16" xml:lang="en">
<title>RUSSIA: Russia's Norilsk Nickel up 12 pct on ADR plans.</title>
<headline>Russia's Norilsk Nickel up 12 pct on ADR plans.</headline>
<dateline>MOSCOW 1997-05-16</dateline>
<text>
<p>Metals mining concern Norilsk Nickel rose 12 percent to $7.10 at GMT 0830 from Thursday's closing $6.35.</p>
<p>Dealers said Norilsk Nickel which also rose steeply on Thursday, forged ahead on company plans to issue American Depositary Receipts by July of this year.</p>
<p>--Moscow Newsroom, +7095 941 8520</p>
</text>
<copyright>(c) Reuters Limited 1997</copyright>
<metadata>
<codes class="bip:countries:1.0">
  <code code="RUSS">
    <editdetail attribution="Reuters BIP Coding Group" action="confirmed" date="1997-05-16"/>
  </code>
</codes>
<codes class="bip:industries:1.0">
  <code code="I22471">
    <editdetail attribution="Reuters BIP Coding Group" action="confirmed" date="1997-05-16"/>
  </code>
</codes>
<codes class="bip:topics:1.0">
  <code code="C15">
    <editdetail attribution="Reuters BIP Coding Group" action="confirmed" date="1997-05-16"/>
  </code>
  <code code="C152">
    <editdetail attribution="Reuters BIP Coding Group" action="confirmed" date="1997-05-16"/>
  </code>
  <code code="CCAT">
    <editdetail attribution="Reuters BIP Coding Group" action="confirmed" date="1997-05-16"/>
  </code>
</codes>
<dc element="dc.date.created" value="1997-05-16"/>
<dc element="dc.publisher" value="Reuters Holdings Plc"/>
<dc element="dc.date.published" value="1997-05-16"/>
<dc element="dc.source" value="Reuters"/>
<dc element="dc.creator.location" value="MOSCOW"/>
<dc element="dc.creator.location.country.name" value="RUSSIA"/>
<dc element="dc.source" value="Reuters"/>
</metadata>
</newsitem>
