<?xml version="1.0" encoding="iso-8859-1" ?>
<newsitem itemid="347335" id="root" date="1997-01-31" xml:lang="en">
<title>USA: Frontier enters marketing agreement.</title>
<headline>Frontier enters marketing agreement.</headline>
<dateline>DENVER 1997-01-31</dateline>
<text>
<p>Frontier Airlines on Friday announced a marketing and code-sharing agreement with  Maverick Airways, effective this weekend.</p>
<p>Frontier said the alliance will offer passengers connecting between the two airlines at Denver International Airport lower &quot;through&quot; fares, seemless passenger and baggage transfers and coordinated schedules.</p>
<p>Maverick began service earlier this month and offers service to western Colorado airports including the skiing area of Steamboat Springs.</p>
</text>
<copyright>(c) Reuters Limited 1997</copyright>
<metadata>
<codes class="bip:countries:1.0">
  <code code="USA">
    <editdetail attribution="Reuters BIP Coding Group" action="confirmed" date="1997-01-31"/>
  </code>
</codes>
<codes class="bip:industries:1.0">
  <code code="I75000">
    <editdetail attribution="Reuters BIP Coding Group" action="confirmed" date="1997-01-31"/>
  </code>
</codes>
<codes class="bip:topics:1.0">
  <code code="C33">
    <editdetail attribution="Reuters BIP Coding Group" action="confirmed" date="1997-01-31"/>
  </code>
  <code code="CCAT">
    <editdetail attribution="Reuters BIP Coding Group" action="confirmed" date="1997-01-31"/>
  </code>
</codes>
<dc element="dc.date.created" value="1997-01-31"/>
<dc element="dc.publisher" value="Reuters Holdings Plc"/>
<dc element="dc.date.published" value="1997-01-31"/>
<dc element="dc.source" value="Reuters"/>
<dc element="dc.creator.location" value="DENVER"/>
<dc element="dc.creator.location.country.name" value="USA"/>
<dc element="dc.source" value="Reuters"/>
</metadata>
</newsitem>
