<?xml version="1.0" encoding="iso-8859-1" ?>
<newsitem itemid="700480" id="root" date="1997-07-01" xml:lang="en">
<title>AUSTRALIA: St George says Neil Berkett to leave.</title>
<headline>St George says Neil Berkett to leave.</headline>
<dateline>SYDNEY 1997-07-01</dateline>
<text>
<p>St George Bank Ltd said on Tuesday that Neil Burkett, the executive in charge of the integration of Advance Bank, would leave the company later this year.</p>
<p>The regional bank, the fifth largest bank in Australia, said Berkett would pursue career opportunities in the United Kingdom.</p>
<p>St George managing director Jim Sweeney said Berkett, who was head of the retail operations before the A$2.6 billion takeover of Advance late last year, had advised the board in late 1996 of his plan to move to the U.K.  </p>
<p>&quot;He agreed to stay on until late 1997 to manage the merger integration process through its critical early stages. Mr Berkett and the board also agreed at that time that his intention to depart would be kept confidential until later in the merger process,&quot; Sweeney said.</p>
<p>Berkett was expected to leave once the integration functions have been taken on by managers, expected in October.</p>
<p>A replacement was not announced.</p>
<p>-- Sydney Newsroom 61-2 9373-1800</p>
</text>
<copyright>(c) Reuters Limited 1997</copyright>
<metadata>
<codes class="bip:countries:1.0">
  <code code="AUSTR">
    <editdetail attribution="Reuters BIP Coding Group" action="confirmed" date="1997-07-01"/>
  </code>
  <code code="UK">
    <editdetail attribution="Reuters BIP Coding Group" action="confirmed" date="1997-07-01"/>
  </code>
</codes>
<codes class="bip:industries:1.0">
  <code code="I81402">
    <editdetail attribution="Reuters BIP Coding Group" action="confirmed" date="1997-07-01"/>
  </code>
</codes>
<codes class="bip:topics:1.0">
  <code code="C41">
    <editdetail attribution="Reuters BIP Coding Group" action="confirmed" date="1997-07-01"/>
  </code>
  <code code="C411">
    <editdetail attribution="Reuters BIP Coding Group" action="confirmed" date="1997-07-01"/>
  </code>
  <code code="CCAT">
    <editdetail attribution="Reuters BIP Coding Group" action="confirmed" date="1997-07-01"/>
  </code>
</codes>
<dc element="dc.date.created" value="1997-07-01"/>
<dc element="dc.publisher" value="Reuters Holdings Plc"/>
<dc element="dc.date.published" value="1997-07-01"/>
<dc element="dc.source" value="Reuters"/>
<dc element="dc.creator.location" value="SYDNEY"/>
<dc element="dc.creator.location.country.name" value="AUSTRALIA"/>
<dc element="dc.source" value="Reuters"/>
</metadata>
</newsitem>
