<?xml version="1.0" encoding="iso-8859-1" ?>
<newsitem itemid="306891" id="root" date="1997-01-14" xml:lang="en">
<title>SWEDEN: Ericsson says Europolitan deal worth 300 mln SKR.</title>
<headline>Ericsson says Europolitan deal worth 300 mln SKR.</headline>
<dateline>STOCKHOLM 1997-01-14</dateline>
<text>
<p>Swedish telecoms group Ericsson on Tuesday said a contract with mobile phone operator Europolitan was worth about 300 million crowns.  </p>
<p>Ericsson spokesman Per Bengtsson said the supply contract that runs until 2000 was worth about that amount.</p>
<p>&quot;It can be worth around 300 million crowns,&quot; Bengtsson said, after Ericsson announced the contract earlier on Tuesday.</p>
<p>He said Europolitan has two main competitors rivalling its licences for GSM and DSC 1800 networks and would remain secretive about whether there would be any extension to the contract.</p>
<p>The contract contains deliveries for radio base stations as well as operation and maintenance systems and is the first between Ericsson and Europolitan.</p>
<p>-- Belinda Goldsmith, Stockholm newsroom +46-8-700-1045</p>
</text>
<copyright>(c) Reuters Limited 1997</copyright>
<metadata>
<codes class="bip:countries:1.0">
  <code code="SWED">
    <editdetail attribution="Reuters BIP Coding Group" action="confirmed" date="1997-01-14"/>
  </code>
</codes>
<codes class="bip:industries:1.0">
  <code code="I34400">
    <editdetail attribution="Reuters BIP Coding Group" action="confirmed" date="1997-01-14"/>
  </code>
  <code code="I79020">
    <editdetail attribution="Reuters BIP Coding Group" action="confirmed" date="1997-01-14"/>
  </code>
</codes>
<codes class="bip:topics:1.0">
  <code code="C33">
    <editdetail attribution="Reuters BIP Coding Group" action="confirmed" date="1997-01-14"/>
  </code>
  <code code="CCAT">
    <editdetail attribution="Reuters BIP Coding Group" action="confirmed" date="1997-01-14"/>
  </code>
</codes>
<dc element="dc.date.created" value="1997-01-14"/>
<dc element="dc.publisher" value="Reuters Holdings Plc"/>
<dc element="dc.date.published" value="1997-01-14"/>
<dc element="dc.source" value="Reuters"/>
<dc element="dc.creator.location" value="STOCKHOLM"/>
<dc element="dc.creator.location.country.name" value="SWEDEN"/>
<dc element="dc.source" value="Reuters"/>
</metadata>
</newsitem>
