<?xml version="1.0" encoding="iso-8859-1" ?>
<newsitem itemid="702448" id="root" date="1997-07-02" xml:lang="en">
<title>INDIA: India - Forward dollar rates-(closing)-July 2.</title>
<headline>India - Forward dollar rates-(closing)-July 2.</headline>
<dateline>BOMBAY 1997-07-02</dateline>
<text>
<p>Bombay banks quoted the forward premia on dollar at the following rates (in paise):</p>
<p>	     Cash Spot	Cash Tom	 Tom Spot</p>
<p>---------------------------------------------------------------</p>
<p>  TIME	Bid/Ask	  Bid/Ask	 Bid/Ask</p>
<p>(in IST)</p>
<p>---------------------------------------------------------------</p>
<p> 1030	0175/0200	0025/0050    0100/0125</p>
<p> 1100	0200/0225	0050/0125    0100/0200</p>
<p> 1200	0200/0225	0025/0075    0100/0175</p>
<p> 1300	0200/0300	0025/0075    0125/0200</p>
<p> 1400	0200/0250	0025/0050    0150/0200</p>
<p> 1500	0200/0250	0050/0075    0100/0200</p>
<p> 1600	0200/0250	0050/0075    0100/0200</p>
<p>---------------------------------------------------------------</p>
<p>	  Jul     Aug    Sept    Oct    Nov    Dec    Jan    Feb</p>
<p>---------------------------------------------------------------</p>
<p>  1030   4/6    13/15  23/25  35/37  47/49  58/60  69/71  80/81</p>
<p>  1100   5/6    13/14  23/25  35/37  47/48  59/60  68/70  80/82</p>
<p>  1200   5/6    13/14  23/25  35/37  46/48  59/60  69/71  81/83</p>
<p>  1300   5/6    13/14  23/25  35/36  47/48  59/60  69/71  81/82</p>
<p>  1400   5/6    13/15  23/25  35/37  47/49  59/61  69/71  80/82</p>
<p>  1500   5/6    13/15  23/25  35/37  47/49  59/61  69/70  80/82</p>
<p>  1600   5/6    13/15  23/24  35/37  46/48  58/60  69/70  79/81</p>
<p>These indicative rates are based on contributions from ABN Amro, ANZ Grindlays, Andhra Bank, Bank of America, Banque Nationale De Paris,Barclays Bank Ltd,Canara Bank,Citibank,Credit Lyonnais, Deutsche Bank, Dresdner Bank, Global Trust Bank, HDFC Bank, Hongkong Bank, L.C.Raheja, Mashreq Bank,Nucleus Securities, Societe Generale, Standard Chartered Bank, State Bank of India - Calcutta, Syndicate Bank.</p>
<p>For contributions contact Samir Shah on 022-265 9000</p>
</text>
<copyright>(c) Reuters Limited 1997</copyright>
<metadata>
<codes class="bip:countries:1.0">
  <code code="INDIA">
    <editdetail attribution="Reuters BIP Coding Group" action="confirmed" date="1997-07-02"/>
  </code>
</codes>
<codes class="bip:topics:1.0">
  <code code="M13">
    <editdetail attribution="Reuters BIP Coding Group" action="confirmed" date="1997-07-02"/>
  </code>
  <code code="M131">
    <editdetail attribution="Reuters BIP Coding Group" action="confirmed" date="1997-07-02"/>
  </code>
  <code code="MCAT">
    <editdetail attribution="Reuters BIP Coding Group" action="confirmed" date="1997-07-02"/>
  </code>
</codes>
<dc element="dc.date.created" value="1997-07-02"/>
<dc element="dc.publisher" value="Reuters Holdings Plc"/>
<dc element="dc.date.published" value="1997-07-02"/>
<dc element="dc.source" value="Reuters"/>
<dc element="dc.creator.location" value="BOMBAY"/>
<dc element="dc.creator.location.country.name" value="INDIA"/>
<dc element="dc.source" value="Reuters"/>
</metadata>
</newsitem>
