<?xml version="1.0" encoding="iso-8859-1" ?>
<newsitem itemid="717203" id="root" date="1997-07-09" xml:lang="en">
<title>UK: PRESS DIGEST - London-based Arab newspapers - July 9.</title>
<headline>PRESS DIGEST - London-based Arab newspapers - July 9.</headline>
<dateline>LONDON 1997-07-09</dateline>
<text>
<p>These are some of the leading stories in two London-based Arabic-language newspapers on Wednesday. Reuters has not verified these stories and does not vouch for their accuracy.</p>
<p>AL-HAYAT</p>
<p>- Four new ministers in new Egyptian cabinet.</p>
<p>- Iraq excluded from eighth Pan Arab Games which open in Beirut on Saturday. Sudan not participating.</p>
<p>- Investcorp sells Prime Service to Atlas Copco .</p>
<p>ASHARQ AL-AWSAT</p>
<p>- Saudi French Bank net profit in the first six months of 1997 at 208 million riyals, up 13.6 percent on a year earlier.</p>
<p>- Saudi and Iranian firms sign four trade deals.</p>
</text>
<copyright>(c) Reuters Limited 1997</copyright>
<metadata>
<codes class="bip:countries:1.0">
  <code code="UK">
    <editdetail attribution="Reuters BIP Coding Group" action="confirmed" date="1997-07-09"/>
  </code>
</codes>
<codes class="bip:topics:1.0">
  <code code="GCAT">
    <editdetail attribution="Reuters BIP Coding Group" action="confirmed" date="1997-07-09"/>
  </code>
</codes>
<dc element="dc.date.created" value="1997-07-09"/>
<dc element="dc.publisher" value="Reuters Holdings Plc"/>
<dc element="dc.date.published" value="1997-07-09"/>
<dc element="dc.source" value="Reuters"/>
<dc element="dc.creator.location" value="LONDON"/>
<dc element="dc.creator.location.country.name" value="UK"/>
<dc element="dc.source" value="Reuters"/>
</metadata>
</newsitem>
