<?xml version="1.0" encoding="iso-8859-1" ?>
<newsitem itemid="365547" id="root" date="1997-02-09" xml:lang="en">
<title>SOUTH KOREA: TENNIS-JAPAN TAKE 2-1 DAVIS CUP LEAD OVER S.KOREA.</title>
<headline>TENNIS-JAPAN TAKE 2-1 DAVIS CUP LEAD OVER S.KOREA.</headline>
<dateline>SEOUL 1997-02-09</dateline>
<text>
<p>Japan won the doubles match in the Davis Cup Asia/Oceania zone group one first round tie against South Korea in Seoul on Saturday.</p>
<p>Satoshi Iwabuchi/Takao Suzuki beat Yoon Yong-il/Lee Hyung-taek 6-3 6-4 3-6 4-6 8-6.</p>
<p>After Saturday's match, Japan hold a 2-1 lead.</p>
</text>
<copyright>(c) Reuters Limited 1997</copyright>
<metadata>
<codes class="bip:countries:1.0">
  <code code="JAP">
    <editdetail attribution="Reuters BIP Coding Group" action="confirmed" date="1997-02-09"/>
  </code>
  <code code="SKOREA">
    <editdetail attribution="Reuters BIP Coding Group" action="confirmed" date="1997-02-09"/>
  </code>
</codes>
<codes class="bip:topics:1.0">
  <code code="GCAT">
    <editdetail attribution="Reuters BIP Coding Group" action="confirmed" date="1997-02-09"/>
  </code>
  <code code="GSPO">
    <editdetail attribution="Reuters BIP Coding Group" action="confirmed" date="1997-02-09"/>
  </code>
</codes>
<dc element="dc.date.created" value="1997-02-09"/>
<dc element="dc.publisher" value="Reuters Holdings Plc"/>
<dc element="dc.date.published" value="1997-02-09"/>
<dc element="dc.source" value="Reuters"/>
<dc element="dc.creator.location" value="SEOUL"/>
<dc element="dc.creator.location.country.name" value="SOUTH KOREA"/>
<dc element="dc.source" value="Reuters"/>
</metadata>
</newsitem>
