<?xml version="1.0" encoding="iso-8859-1" ?>
<newsitem itemid="736271" id="root" date="1997-07-17" xml:lang="en">
<title>USA: Mo. Education Loan Authority restructured.</title>
<headline>Mo. Education Loan Authority restructured.</headline>
<dateline>NEW YORK 1997-07-17</dateline>
<text>
<p>PaineWebber Inc. said Thursday it restructured Missouri Higher Education Loan Authority's $12 million bond deal.</p>
<p>MISSOURI HIGHER EDUCATION LOAN AUTHORITY</p>
<p>RE: $12,000,000*</p>
<p>STUDENT LOAN REVENUE BONDS, SENIOR SERIES 1997Q</p>
<p>VERBAL AWARD.</p>
<p>ALLOTMENTS WILL BE AVAILABLE SHORTLY VIA DALNET.</p>
<p>			 SUBJECT TO ALTERNATIVE MINIMUM TAX</p>
<p>MOODY'S: Aaa		   S&amp;P: NAF		   FITCH: AAA</p>
<p>DATED: 07/01/1997	    FIRST COUPON: 08/15/1997</p>
<p>DUE: 02/15</p>
<p>ALL BONDS ARE PRICED AT PAR.</p>
<p> MATURITY		AMOUNT*    COUPON</p>
<p>02/15/2005		4,000M    4.75  %</p>
<p>02/15/2006		2,445M    4.85  %</p>
<p>02/15/2007		3,555M    4.95  %</p>
<p>02/15/2008		1,000M    5.05  %</p>
<p>02/15/2009		1,000M    5.15  %</p>
<p>CALL FEATURES: 02/15/2007    101.00</p>
<p>		   DTP 02/15/2008</p>
<p>FOR ADDITIONAL INFORMATION REGARDING EXTRAORDINARY REDEMPTION</p>
<p>PROVISIONS PLEASE REFER TO PRELIMINARY OFFICIAL STATEMENT.</p>
<p>* - APPROXIMATE SUBJECT TO CHANGE</p>
<p>The compliance addendum MSRB Rule G-11 will apply.</p>
<p>The award is expected Friday, July 18, 1997.</p>
<p>Delivery is expected on July 23, 1997. This issue is book entry through DTC.</p>
<p>PaineWebber Incorporated</p>
<p>A.G. Edwards &amp; Sons, Inc.</p>
<p>Stifel, Nicolaus &amp; Company, Incorporated</p>
<p>--U.S. Municipal Desk, 212-859-1650</p>
</text>
<copyright>(c) Reuters Limited 1997</copyright>
<metadata>
<codes class="bip:countries:1.0">
  <code code="USA">
    <editdetail attribution="Reuters BIP Coding Group" action="confirmed" date="1997-07-17"/>
  </code>
</codes>
<codes class="bip:topics:1.0">
  <code code="E21">
    <editdetail attribution="Reuters BIP Coding Group" action="confirmed" date="1997-07-17"/>
  </code>
  <code code="E212">
    <editdetail attribution="Reuters BIP Coding Group" action="confirmed" date="1997-07-17"/>
  </code>
  <code code="ECAT">
    <editdetail attribution="Reuters BIP Coding Group" action="confirmed" date="1997-07-17"/>
  </code>
</codes>
<dc element="dc.date.created" value="1997-07-17"/>
<dc element="dc.publisher" value="Reuters Holdings Plc"/>
<dc element="dc.date.published" value="1997-07-17"/>
<dc element="dc.source" value="Reuters"/>
<dc element="dc.creator.location" value="NEW YORK"/>
<dc element="dc.creator.location.country.name" value="USA"/>
<dc element="dc.source" value="Reuters"/>
</metadata>
</newsitem>
