<?xml version="1.0" encoding="iso-8859-1" ?>
<newsitem itemid="313773" id="root" date="1997-01-16" xml:lang="en">
<title>JAPAN: Current dlr/yen level good for earnings - Fuji Heavy.</title>
<headline>Current dlr/yen level good for earnings - Fuji Heavy.</headline>
<dateline>TOKYO 1997-01-16</dateline>
<text>
<p>Fuji Heavy Industries Ltd said on Thursday it would be a positive factor for its earnings if the dollar-yen exchange rate stayed at the current level.</p>
<p>&quot;As we drew up our business plan for the second half of the 1996/97 business year on the assumption that the exchange rate would be 105 yen to the dollar, it will work positively for our earnings if the current level continues,&quot; Fuji Heavy president Takeshi Tanaka told a news conference.</p>
</text>
<copyright>(c) Reuters Limited 1997</copyright>
<metadata>
<codes class="bip:countries:1.0">
  <code code="JAP">
    <editdetail attribution="Reuters BIP Coding Group" action="confirmed" date="1997-01-16"/>
  </code>
</codes>
<codes class="bip:industries:1.0">
  <code code="I35101">
    <editdetail attribution="Reuters BIP Coding Group" action="confirmed" date="1997-01-16"/>
  </code>
</codes>
<codes class="bip:topics:1.0">
  <code code="C15">
    <editdetail attribution="Reuters BIP Coding Group" action="confirmed" date="1997-01-16"/>
  </code>
  <code code="C152">
    <editdetail attribution="Reuters BIP Coding Group" action="confirmed" date="1997-01-16"/>
  </code>
  <code code="CCAT">
    <editdetail attribution="Reuters BIP Coding Group" action="confirmed" date="1997-01-16"/>
  </code>
  <code code="M13">
    <editdetail attribution="Reuters BIP Coding Group" action="confirmed" date="1997-01-16"/>
  </code>
  <code code="M132">
    <editdetail attribution="Reuters BIP Coding Group" action="confirmed" date="1997-01-16"/>
  </code>
  <code code="MCAT">
    <editdetail attribution="Reuters BIP Coding Group" action="confirmed" date="1997-01-16"/>
  </code>
</codes>
<dc element="dc.date.created" value="1997-01-16"/>
<dc element="dc.publisher" value="Reuters Holdings Plc"/>
<dc element="dc.date.published" value="1997-01-16"/>
<dc element="dc.source" value="Reuters"/>
<dc element="dc.creator.location" value="TOKYO"/>
<dc element="dc.creator.location.country.name" value="JAPAN"/>
<dc element="dc.source" value="Reuters"/>
</metadata>
</newsitem>
