<?xml version="1.0" encoding="iso-8859-1" ?>
<newsitem itemid="2639" id="root" date="1996-08-20" xml:lang="en">
<title>UK: HORSE RACING-JUDDMONTE INTERNATIONAL RESULT AT YORK.</title>
<headline>HORSE RACING-JUDDMONTE INTERNATIONAL RESULT AT YORK.</headline>
<dateline>YORK, England 1996-08-20</dateline>
<text>
<p>Result of the Juddmonte</p>
<p>International Stakes, a group one race for three-year-olds and</p>
<p>upwards, run over one and a quarter miles (2.0 km) on Tuesday:</p>
<p> 1. Halling		(ridden by Frankie Dettori) 6-4 favourite</p>
<p> 2. First Island	 (Michael Hills) 3-1</p>
<p> 3. Bijou d'Inde	 (Jason Weaver)  4-1</p>
<p>Six ran.</p>
<p>Distances: Three lengths, one and-a-half lengths</p>
<p>Winner owned by Godolphin and trained by Saeed Bin Suroor.</p>
<p>Value to winner: 165,000 pounds ($255,000)</p>
</text>
<copyright>(c) Reuters Limited 1996</copyright>
<metadata>
<codes class="bip:countries:1.0">
  <code code="UK">
    <editdetail attribution="Reuters BIP Coding Group" action="confirmed" date="1996-08-20"/>
  </code>
</codes>
<codes class="bip:topics:1.0">
  <code code="GCAT">
    <editdetail attribution="Reuters BIP Coding Group" action="confirmed" date="1996-08-20"/>
  </code>
  <code code="GSPO">
    <editdetail attribution="Reuters BIP Coding Group" action="confirmed" date="1996-08-20"/>
  </code>
</codes>
<dc element="dc.date.created" value="1996-08-20"/>
<dc element="dc.publisher" value="Reuters Holdings Plc"/>
<dc element="dc.date.published" value="1996-08-20"/>
<dc element="dc.source" value="Reuters"/>
<dc element="dc.creator.location" value="YORK, England"/>
<dc element="dc.creator.location.country.name" value="UK"/>
<dc element="dc.source" value="Reuters"/>
</metadata>
</newsitem>
