<?xml version="1.0" encoding="iso-8859-1" ?>
<newsitem itemid="159882" id="root" date="1996-11-01" xml:lang="en">
<title>VENEZUELA: PDVSA sees 300,000 bpd from new fields auctioned.</title>
<headline>PDVSA sees 300,000 bpd from new fields auctioned.</headline>
<dateline>CARACAS 1996-11-01</dateline>
<text>
<p>Petroleos de Venezuela (PDVSA) said it expects to produce up to 300,000 barrels per day (bpd) of crude oil in the medium term from 20 oil areas offered in its third marginal auction announced Friday.</p>
<p>&quot;This round aims at taking production to 300,000 barrels per day in the next 10 years,&quot; Energy and Mines Minister Erwin Arrieta told a press conference.</p>
<p>Present output from 700 wells in these 20 areas is about 66,000 bpd.  The number wells in the area totals about 3,000 wells.  </p>
<p>PDVSA Vice-President Claus Graf, speaking at the same news conference, said production from each of the fields in the auctioned areas was between 200 and 1,000 bpd.</p>
<p>&quot;But in the short term, that can go up to between 2,000 and 5,000 barrels per day,&quot; he said.</p>
<p>Contracts with private investors will be for 20 years, Arrieta said, and up to six billion dollars in investment are expected during the period.</p>
<p>-- Omar Lugo, Caracas newsroom, 582 505 2600</p>
</text>
<copyright>(c) Reuters Limited 1996</copyright>
<metadata>
<codes class="bip:countries:1.0">
  <code code="VEN">
    <editdetail attribution="Reuters BIP Coding Group" action="confirmed" date="1996-11-01"/>
  </code>
</codes>
<codes class="bip:industries:1.0">
  <code code="I13000">
    <editdetail attribution="Reuters BIP Coding Group" action="confirmed" date="1996-11-01"/>
  </code>
  <code code="I1300003">
    <editdetail attribution="Reuters BIP Coding Group" action="confirmed" date="1996-11-01"/>
  </code>
</codes>
<codes class="bip:topics:1.0">
  <code code="C21">
    <editdetail attribution="Reuters BIP Coding Group" action="confirmed" date="1996-11-01"/>
  </code>
  <code code="C24">
    <editdetail attribution="Reuters BIP Coding Group" action="confirmed" date="1996-11-01"/>
  </code>
  <code code="CCAT">
    <editdetail attribution="Reuters BIP Coding Group" action="confirmed" date="1996-11-01"/>
  </code>
</codes>
<dc element="dc.date.created" value="1996-11-01"/>
<dc element="dc.publisher" value="Reuters Holdings Plc"/>
<dc element="dc.date.published" value="1996-11-01"/>
<dc element="dc.source" value="Reuters"/>
<dc element="dc.creator.location" value="CARACAS"/>
<dc element="dc.creator.location.country.name" value="VENEZUELA"/>
<dc element="dc.source" value="Reuters"/>
</metadata>
</newsitem>
