<?xml version="1.0" encoding="iso-8859-1" ?>
<newsitem itemid="578752" id="root" date="1997-05-13" xml:lang="en">
<title>POLAND: Poland to relax technology import barriers in 1998.</title>
<headline>Poland to relax technology import barriers in 1998.</headline>
<dateline>WARSAW 1997-05-13</dateline>
<text>
<p>Poland will begin to gradually phase out customs duties on information technology products next year under an international agreement it signed earlier in May, Economy Minister Wieslaw Kaczmarek said on Tuesday.</p>
<p>Kaczmarek told a news conference that fully assembled computers would be the longest protected product and duties on them would be scrapped in 2002.</p>
<p>&quot;We will lower protection barriers in four stages. The first reduction will take place on January 1, 1998,&quot; he said.</p>
<p>Next year, Poland will halve tariffs on most of the 300 technology products which currently attract duty, said Stefan Kaminski, president of the Electronics and Telecommunications Chamber of Commerce. He said that importers would no longer pay duty on microchips, transistors and diodes.</p>
<p>Kaczamrek said that Poland, just as other countries which signed a pact to scrap tariffs in the booming industry earlier this year, will end customs duties for all technology products in 2000, except for fully assembled computers.</p>
<p>-- Warsaw Newsroom +48 22 653 9700</p>
</text>
<copyright>(c) Reuters Limited 1997</copyright>
<metadata>
<codes class="bip:countries:1.0">
  <code code="POL">
    <editdetail attribution="Reuters BIP Coding Group" action="confirmed" date="1997-05-13"/>
  </code>
</codes>
<codes class="bip:industries:1.0">
  <code code="I33020">
    <editdetail attribution="Reuters BIP Coding Group" action="confirmed" date="1997-05-13"/>
  </code>
  <code code="I33030">
    <editdetail attribution="Reuters BIP Coding Group" action="confirmed" date="1997-05-13"/>
  </code>
</codes>
<codes class="bip:topics:1.0">
  <code code="C13">
    <editdetail attribution="Reuters BIP Coding Group" action="confirmed" date="1997-05-13"/>
  </code>
  <code code="C31">
    <editdetail attribution="Reuters BIP Coding Group" action="confirmed" date="1997-05-13"/>
  </code>
  <code code="C311">
    <editdetail attribution="Reuters BIP Coding Group" action="confirmed" date="1997-05-13"/>
  </code>
  <code code="CCAT">
    <editdetail attribution="Reuters BIP Coding Group" action="confirmed" date="1997-05-13"/>
  </code>
  <code code="E51">
    <editdetail attribution="Reuters BIP Coding Group" action="confirmed" date="1997-05-13"/>
  </code>
  <code code="E512">
    <editdetail attribution="Reuters BIP Coding Group" action="confirmed" date="1997-05-13"/>
  </code>
  <code code="ECAT">
    <editdetail attribution="Reuters BIP Coding Group" action="confirmed" date="1997-05-13"/>
  </code>
</codes>
<dc element="dc.date.created" value="1997-05-13"/>
<dc element="dc.publisher" value="Reuters Holdings Plc"/>
<dc element="dc.date.published" value="1997-05-13"/>
<dc element="dc.source" value="Reuters"/>
<dc element="dc.creator.location" value="WARSAW"/>
<dc element="dc.creator.location.country.name" value="POLAND"/>
<dc element="dc.source" value="Reuters"/>
</metadata>
</newsitem>
