<?xml version="1.0" encoding="iso-8859-1" ?>
<newsitem itemid="13046" id="root" date="1996-08-25" xml:lang="en">
<title>SWITZERLAND: CYCLING-FERRIGATO SPRINTS TO SECOND STRAIGHT WORLD CUP WIN.</title>
<headline>CYCLING-FERRIGATO SPRINTS TO SECOND STRAIGHT WORLD CUP WIN.</headline>
<dateline>ZURICH 1996-08-25</dateline>
<text>
<p>Andrea Ferrigato of Italy sprinted to his second cycling World Cup win in successive weekends with victory in the Swiss Grand Prix on Sunday.</p>
<p>Ferrigato, winner of the Leeds Classic last Sunday with a one second win over Britain's Max Sciandri, posted a similarly narrow margin of victory again.</p>
<p>The 26-year-old Italian surged past compatriot Michele Bartoli and last year's winner and defending World Cup champion Johan Museeuw of Belgium in the final few metres of the 237km race. All three clocked the same time of five hours 51 minutes, 52 seconds.</p>
<p>Former world champion Lance Armstrong of the United States was in front as the leading pack of seven riders turned into the Oerlikon velodrome for the final one lap sprint but quickly faded and settled for fourth.</p>
<p>The back-to-back wins vault Ferrigato from sixth to second in the overall World Cup rankings with 112 points but Museeuw continues to hold a commanding lead with 162 points after eight of the 11 rounds.</p>
</text>
<copyright>(c) Reuters Limited 1996</copyright>
<metadata>
<codes class="bip:countries:1.0">
  <code code="ITALY">
    <editdetail attribution="Reuters BIP Coding Group" action="confirmed" date="1996-08-25"/>
  </code>
  <code code="SWITZ">
    <editdetail attribution="Reuters BIP Coding Group" action="confirmed" date="1996-08-25"/>
  </code>
  <code code="UK">
    <editdetail attribution="Reuters BIP Coding Group" action="confirmed" date="1996-08-25"/>
  </code>
</codes>
<codes class="bip:topics:1.0">
  <code code="GCAT">
    <editdetail attribution="Reuters BIP Coding Group" action="confirmed" date="1996-08-25"/>
  </code>
  <code code="GSPO">
    <editdetail attribution="Reuters BIP Coding Group" action="confirmed" date="1996-08-25"/>
  </code>
</codes>
<dc element="dc.date.created" value="1996-08-25"/>
<dc element="dc.publisher" value="Reuters Holdings Plc"/>
<dc element="dc.date.published" value="1996-08-25"/>
<dc element="dc.source" value="Reuters"/>
<dc element="dc.creator.location" value="ZURICH"/>
<dc element="dc.creator.location.country.name" value="SWITZERLAND"/>
<dc element="dc.source" value="Reuters"/>
</metadata>
</newsitem>
