<?xml version="1.0" encoding="iso-8859-1" ?>
<newsitem itemid="124438" id="root" date="1996-10-17" xml:lang="en">
<title>USA: Dura Automotive Systems Inc Q3 net rises.</title>
<headline>Dura Automotive Systems Inc Q3 net rises.</headline>
<dateline>MINNEAPOLIS 1996-10-17</dateline>
<text>
<p>1996			1995</p>
<p>	   (Amounts in Thousands Except per Share Amounts)</p>
<p>			 Actual			 Pro Forma (1)</p>
<p>		 Three Months Ended	   Three Months Ended</p>
<p>			Sept. 30,		     Sept. 30,</p>
<p>			  1996	   1995	 1996	 1995</p>
<p>Revenues	    $57,130	$51,426    $57,130    $51,426</p>
<p>Cost of sales	50,010	 45,858     50,010     45,858</p>
<p>Gross profit	  7,120	  5,568	7,120	5,568</p>
<p>SGA		     3,651	  3,462	3,651	3,462</p>
<p>Oper income	   3,250	  1,833	3,250	1,833</p>
<p>Income before provision for</p>
<p>income taxes	   2,863	    698	3,250	1,572</p>
<p>Provision for income taxes</p>
<p>			   1,117	    281	1,267	  631</p>
<p>Net income	  $  1,746	$   417    $ 1,983    $   941</p>
<p>Net income per share</p>
<p>			$   0.25	$  0.08    $  0.23    $  0.11</p>
<p>Avg shares (2)	 6,955	  5,039	8,811	8,834</p>
<p>    (1)    Gives effect to the initial public offering as if</p>
<p>it had occurred at the beginning of the periods presented.</p>
<p>    (2)    Weighted average number of shares outstanding on a</p>
<p>pro forma basis was computed as if the initial public offering had been completed at the beginning of the third quarter of 1995.</p>
<p>(Amounts in Thousands Except per Share Amounts)</p>
<p>		    Nine Months Ended	Nine Months Ended</p>
<p>			   Sept. 30,		 Sept. 30, (2)</p>
<p>		     1996	   1995	 1996	1995</p>
<p>Revenues	 $184,487     $194,292   $184,487   $180,164</p>
<p>Cost of sales   159,151	170,588    159,151    157,267</p>
<p>Gross profit     25,336	 23,704     25,336     22,897</p>
<p>SGA		  11,237	 10,207     11,237	9,788</p>
<p>Operating income 13,408	 12,676     13,408     12,288</p>
<p>Income before provision for</p>
<p>  income taxes   11,121	 13,150     13,408     11,544</p>
<p>Provision for income taxes</p>
<p>			4,421	  5,307	5,330	4,649</p>
<p>Net income     $  6,700     $  7,843   $  8,078   $  6,895</p>
<p>Net income per share</p>
<p>		   $   1.18     $   1.58   $   0.92   $   0.79</p>
<p>Avg shares (3)    5,669	  4,976	8,818	8,771</p>
<p>(1)  Gives effect to the initial public offering as if it had occurred at the beginning of the periods presented.</p>
<p>(2)  Gives effect to the April 1, 1995 sale of the Company's window regulator business as if it had occurred at the beginning of 1995.</p>
<p>(3)  Weighted average number of shares outstanding on a pro forma basis was computed as if the initial public offering had been completed at the beginning of 1995.</p>
<p>--Chicago newsdesk, 312-408-8787</p>
</text>
<copyright>(c) Reuters Limited 1996</copyright>
<metadata>
<codes class="bip:countries:1.0">
  <code code="USA">
    <editdetail attribution="Reuters BIP Coding Group" action="confirmed" date="1996-10-17"/>
  </code>
</codes>
<codes class="bip:industries:1.0">
  <code code="I35300">
    <editdetail attribution="Reuters BIP Coding Group" action="confirmed" date="1996-10-17"/>
  </code>
</codes>
<codes class="bip:topics:1.0">
  <code code="C15">
    <editdetail attribution="Reuters BIP Coding Group" action="confirmed" date="1996-10-17"/>
  </code>
  <code code="C151">
    <editdetail attribution="Reuters BIP Coding Group" action="confirmed" date="1996-10-17"/>
  </code>
  <code code="CCAT">
    <editdetail attribution="Reuters BIP Coding Group" action="confirmed" date="1996-10-17"/>
  </code>
</codes>
<dc element="dc.date.created" value="1996-10-17"/>
<dc element="dc.publisher" value="Reuters Holdings Plc"/>
<dc element="dc.date.published" value="1996-10-17"/>
<dc element="dc.source" value="Reuters"/>
<dc element="dc.creator.location" value="MINNEAPOLIS"/>
<dc element="dc.creator.location.country.name" value="USA"/>
<dc element="dc.source" value="Reuters"/>
</metadata>
</newsitem>
