<?xml version="1.0" encoding="iso-8859-1" ?>
<newsitem itemid="104580" id="root" date="1996-10-09" xml:lang="en">
<title>USA: PG&amp;E Diablo Canyon nuke rate debate begins.</title>
<headline>PG&amp;E Diablo Canyon nuke rate debate begins.</headline>
<dateline>LOS ANGELES 1996-10-09</dateline>
<text>
<p>The formal debate over how much more Pacific Gas &amp; Electric Co (PG&amp;E) will be able to charge customers to cover its investment in the Diablo Canyon nuclear power plant began this week in San Francisco.</p>
<p>Hearings on the rate case will continue into next week before an administrative law judge at the California Public Utilities Commission (CPUC).</p>
<p>PG&amp;E in March filed with the CPUC to accelerate depreciation of Diablo Canyon starting in 1997 in return for accepting a reduced return on its investment.</p>
</text>
<copyright>(c) Reuters Limited 1996</copyright>
<metadata>
<codes class="bip:countries:1.0">
  <code code="USA">
    <editdetail attribution="Reuters BIP Coding Group" action="confirmed" date="1996-10-09"/>
  </code>
</codes>
<codes class="bip:industries:1.0">
  <code code="I16000">
    <editdetail attribution="Reuters BIP Coding Group" action="confirmed" date="1996-10-09"/>
  </code>
</codes>
<codes class="bip:topics:1.0">
  <code code="C13">
    <editdetail attribution="Reuters BIP Coding Group" action="confirmed" date="1996-10-09"/>
  </code>
  <code code="C31">
    <editdetail attribution="Reuters BIP Coding Group" action="confirmed" date="1996-10-09"/>
  </code>
  <code code="CCAT">
    <editdetail attribution="Reuters BIP Coding Group" action="confirmed" date="1996-10-09"/>
  </code>
</codes>
<dc element="dc.date.created" value="1996-10-09"/>
<dc element="dc.publisher" value="Reuters Holdings Plc"/>
<dc element="dc.date.published" value="1996-10-09"/>
<dc element="dc.source" value="Reuters"/>
<dc element="dc.creator.location" value="LOS ANGELES"/>
<dc element="dc.creator.location.country.name" value="USA"/>
<dc element="dc.source" value="Reuters"/>
</metadata>
</newsitem>
