<?xml version="1.0" encoding="iso-8859-1" ?>
<newsitem itemid="744250" id="root" date="1997-07-21" xml:lang="en">
<title>SINGAPORE: SIMEX Brent untraded, seen range trading.</title>
<headline>SIMEX Brent untraded, seen range trading.</headline>
<dateline>SINGAPORE 1997-07-21</dateline>
<text>
<p>September Brent crude futures ended Monday's session in Asia untraded but holding London's levels from late last week.</p>
<p>London and New York fell sharply on Friday as worries about disruption to U.S. Gulf output faded. Hurrican Danny passed over the Gulf and oil workers were returning to rigs on Friday.</p>
<p>Amid little change on NYMEX crudes during Asian ACCESS trading, Brent found no trading support, brokers said.</p>
<p>At the close, September Brent on SIMEX was settled at $18.11 per barrel after London settled at $18.12.  </p>
<p>August NYMEX crude was last done at $19.21, for a loss of six cents from New York's close.</p>
<p>Brokers said Brent fell through trend-line support at $18.45 on Friday in London, which would now cap any market rise.</p>
<p>They cited support at the recent cyclical low of $17.80.</p>
<p>--Singapore Newsroom (+65 870 3081)</p>
</text>
<copyright>(c) Reuters Limited 1997</copyright>
<metadata>
<codes class="bip:countries:1.0">
  <code code="SINGP">
    <editdetail attribution="Reuters BIP Coding Group" action="confirmed" date="1997-07-21"/>
  </code>
</codes>
<codes class="bip:topics:1.0">
  <code code="M14">
    <editdetail attribution="Reuters BIP Coding Group" action="confirmed" date="1997-07-21"/>
  </code>
  <code code="M143">
    <editdetail attribution="Reuters BIP Coding Group" action="confirmed" date="1997-07-21"/>
  </code>
  <code code="MCAT">
    <editdetail attribution="Reuters BIP Coding Group" action="confirmed" date="1997-07-21"/>
  </code>
</codes>
<dc element="dc.date.created" value="1997-07-21"/>
<dc element="dc.publisher" value="Reuters Holdings Plc"/>
<dc element="dc.date.published" value="1997-07-21"/>
<dc element="dc.source" value="Reuters"/>
<dc element="dc.creator.location" value="SINGAPORE"/>
<dc element="dc.creator.location.country.name" value="SINGAPORE"/>
<dc element="dc.source" value="Reuters"/>
</metadata>
</newsitem>
