<?xml version="1.0" encoding="iso-8859-1" ?>
<newsitem itemid="681072" id="root" date="1997-06-23" xml:lang="en">
<title>UK: ICI tumbles as Merrill warns of downgrade.</title>
<headline>ICI tumbles as Merrill warns of downgrade.</headline>
<dateline>LONDON 1997-06-23</dateline>
<text>
<p>Shares in Imperial Chemical Industries Plc fell sharply on Monday as analysts at Merrill Lynch said they were considering lowering their earnings estimates for the company, market sources said.</p>
<p>The stock was down 44-1/2p or 5.2 percent at 804 by 1019 GMT in active trade of 2.3 million shares.</p>
<p>Analysts at Merrill were not immediately available for comment.  </p>
<p>Dealers noted that other industrial companies with a significant proportion of their profits earned overseas also fell sharply, as sterling traded at a five-year high on its trade-weighted index.</p>
<p>British Steel Plc, down 10-3/4p at 147-1/2, was another casualty. The stock went ex-dividend but that accounted for only 7p of the loss. Tomkins Plc fell 8p to 256-1/2 while BTR Plc lost 5p to 196-1/2.</p>
<p>&quot;People have seen that sterling strength and are focusing on those overseas earners again,&quot; said one dealer.</p>
<p>-- David Holmes, London Newsroom +44 171 542 4367</p>
</text>
<copyright>(c) Reuters Limited 1997</copyright>
<metadata>
<codes class="bip:countries:1.0">
  <code code="UK">
    <editdetail attribution="Reuters BIP Coding Group" action="confirmed" date="1997-06-23"/>
  </code>
</codes>
<codes class="bip:industries:1.0">
  <code code="I25000">
    <editdetail attribution="Reuters BIP Coding Group" action="confirmed" date="1997-06-23"/>
  </code>
</codes>
<codes class="bip:topics:1.0">
  <code code="C15">
    <editdetail attribution="Reuters BIP Coding Group" action="confirmed" date="1997-06-23"/>
  </code>
  <code code="C152">
    <editdetail attribution="Reuters BIP Coding Group" action="confirmed" date="1997-06-23"/>
  </code>
  <code code="CCAT">
    <editdetail attribution="Reuters BIP Coding Group" action="confirmed" date="1997-06-23"/>
  </code>
  <code code="M11">
    <editdetail attribution="Reuters BIP Coding Group" action="confirmed" date="1997-06-23"/>
  </code>
  <code code="MCAT">
    <editdetail attribution="Reuters BIP Coding Group" action="confirmed" date="1997-06-23"/>
  </code>
</codes>
<dc element="dc.date.created" value="1997-06-23"/>
<dc element="dc.publisher" value="Reuters Holdings Plc"/>
<dc element="dc.date.published" value="1997-06-23"/>
<dc element="dc.source" value="Reuters"/>
<dc element="dc.creator.location" value="LONDON"/>
<dc element="dc.creator.location.country.name" value="UK"/>
<dc element="dc.source" value="Reuters"/>
</metadata>
</newsitem>
