<?xml version="1.0" encoding="iso-8859-1" ?>
<newsitem itemid="775007" id="root" date="1997-08-04" xml:lang="en">
<title>UK: Reuters historical calendar - August 11.</title>
<headline>Reuters historical calendar - August 11.</headline>
<dateline>LONDON 1997-08-04</dateline>
<text>
<p>Following are some of the major events to have occurred on August 11 in history:</p>
<p>**1712 - In Switzerland the Treaty of Aargau was signed, ending the Swiss war and guaranteeing Protestant superiority over Catholic cantons.</p>
<p>1718 - English fleet under Admiral George Byng destroyed or captured 15 of 22 Spanish ships at the Battle of Cape Passaro off Sicily.</p>
<p>1858 - Christiaan Eijkman, Dutch physician, born. He won the Nobel prize for medicine for his discovery of Vitamin B in 1929.</p>
<p>**1877 - U.S. astronomer Asaph Hall discovered Deimos, (Panic in Greek) a satellite of Mars, at the Naval Observatory in Washington.</p>
<p>1863 - Cambodia became a French protectorate.</p>
<p>1919 - Scottish-born American industrialist Andrew Carnegie died at 83. His business grew into one of the largest iron and steel works in the United States and enabled him to make huge bequests, including public libraries in the U.S. and Britain.</p>
<p>**1945 - The World War Two Allies replied to a Japanese communique stating that the authority of the Emperor and the Japanese government to rule Japan would be subject to the Allied Supreme Commander.</p>
<p>1952 - King Hussein of Jordan succeeded to the throne after his father, King Talal, was deposed because of mental illness.</p>
<p>1956 - U.S. painter Jackson Pollock, leader of the Abstract Expressionist movement, died in a car accident. He introduced the technique of pouring paint on to canvass.</p>
<p>1960 - Chad gained independence from France.</p>
<p>**1966 - A treaty to end three years of hostilities between Malaysia and Indonesia was signed in Jakarta.</p>
<p>1969 - Zambian President Kenneth Kaunda nationalised copper mining, key to Zambia's economy contributing over 50 percent of government revenue.</p>
<p>1990 - West German Foreign Minister Hans Dietrich Genscher's Free Democrats (FDP) merged with their liberal East German allies to become the first revived pan-German political party.</p>
<p>1994 - The Russian Supreme Court acquitted General Valentin Varennikov of high treason for joining those trying to overthrow Soviet leader Mikhail Gorbachev in August 1991.</p>
<p>**1996 - Rafael Kubelik, Czech conductor, died aged 82. He made his debut with the Czech Philharmonic Orchestra in 1934, went into exile when the communists took power in 1948 and returned to conduct the opening concert of the 1990 Prague Spring music festival.</p>
</text>
<copyright>(c) Reuters Limited 1997</copyright>
<metadata>
<codes class="bip:countries:1.0">
  <code code="ITALY">
    <editdetail attribution="Reuters BIP Coding Group" action="confirmed" date="1997-08-04"/>
  </code>
  <code code="SWITZ">
    <editdetail attribution="Reuters BIP Coding Group" action="confirmed" date="1997-08-04"/>
  </code>
  <code code="UK">
    <editdetail attribution="Reuters BIP Coding Group" action="confirmed" date="1997-08-04"/>
  </code>
</codes>
<codes class="bip:topics:1.0">
  <code code="GCAT">
    <editdetail attribution="Reuters BIP Coding Group" action="confirmed" date="1997-08-04"/>
  </code>
  <code code="GREL">
    <editdetail attribution="Reuters BIP Coding Group" action="confirmed" date="1997-08-04"/>
  </code>
  <code code="GVIO">
    <editdetail attribution="Reuters BIP Coding Group" action="confirmed" date="1997-08-04"/>
  </code>
</codes>
<dc element="dc.date.created" value="1997-08-04"/>
<dc element="dc.publisher" value="Reuters Holdings Plc"/>
<dc element="dc.date.published" value="1997-08-04"/>
<dc element="dc.source" value="Reuters"/>
<dc element="dc.creator.location" value="LONDON"/>
<dc element="dc.creator.location.country.name" value="UK"/>
<dc element="dc.source" value="Reuters"/>
</metadata>
</newsitem>
