<?xml version="1.0" encoding="iso-8859-1" ?>
<newsitem itemid="214040" id="root" date="1996-11-25" xml:lang="en">
<title>BRAZIL: Brazil Senate panel to consider CVRD bill Tuesday.</title>
<headline>Brazil Senate panel to consider CVRD bill Tuesday.</headline>
<dateline>BRASILIA 1996-11-25</dateline>
<text>
<p>The Brazilian Senate's Economic Affairs Committee is slated to meet Tuesday to discuss a bill that would block the privatization of Companhia Vale do Rio Doce (CVRD), an official of the panel said Monday.</p>
<p>The committee members, scheduled to meet at 1000 local time/1200 GMT Tuesday, are due to take up other matters in addition to the mining concern's proposed sale.</p>
<p>The bill, drafted by Sen. Jose Eduardo Dutra of the opposition Workers Party, would allow the Senate to remove CVRD from the government's privatization list.  </p>
<p>Government allies earlier said they hoped to convince the Economic Affairs Committee that the Senate's Infrastructure Committee ought to deal with the CVRD issue. The infrastructure panel is seen as more supportive of the government's policies.</p>
<p>-- Michael Christie, Brasilia newsroom 55-61-2230358</p>
</text>
<copyright>(c) Reuters Limited 1996</copyright>
<metadata>
<codes class="bip:countries:1.0">
  <code code="BRAZ">
    <editdetail attribution="Reuters BIP Coding Group" action="confirmed" date="1996-11-25"/>
  </code>
</codes>
<codes class="bip:industries:1.0">
  <code code="I21000">
    <editdetail attribution="Reuters BIP Coding Group" action="confirmed" date="1996-11-25"/>
  </code>
</codes>
<codes class="bip:topics:1.0">
  <code code="C18">
    <editdetail attribution="Reuters BIP Coding Group" action="confirmed" date="1996-11-25"/>
  </code>
  <code code="C183">
    <editdetail attribution="Reuters BIP Coding Group" action="confirmed" date="1996-11-25"/>
  </code>
  <code code="CCAT">
    <editdetail attribution="Reuters BIP Coding Group" action="confirmed" date="1996-11-25"/>
  </code>
</codes>
<dc element="dc.date.created" value="1996-11-25"/>
<dc element="dc.publisher" value="Reuters Holdings Plc"/>
<dc element="dc.date.published" value="1996-11-25"/>
<dc element="dc.source" value="Reuters"/>
<dc element="dc.creator.location" value="BRASILIA"/>
<dc element="dc.creator.location.country.name" value="BRAZIL"/>
<dc element="dc.source" value="Reuters"/>
</metadata>
</newsitem>
