<?xml version="1.0" encoding="iso-8859-1" ?>
<newsitem itemid="236080" id="root" date="1996-12-05" xml:lang="en">
<title>USA: Josephthal Lyon &amp; Ross CEO Sheib dies.</title>
<headline>Josephthal Lyon &amp; Ross CEO Sheib dies.</headline>
<dateline>NEW YORK 1996-12-05</dateline>
<text>
<p>Josephthal Lyon &amp; Ross Inc said Thursday president and chief operating officer Peter Sheib, died of a heart attack Wednesday night at the age of 54.</p>
<p>The company named Paul Fitzgerald as acting president.</p>
<p>Sheib joined the company that became Josephthal in 1977, became COO in the late 1980's and president in 1994.</p>
<p>As president he oversaw the day-to-day operations of the company's securities business, with 150 offices in the U.S.</p>
<p>He is survived by a daughter, sister and brother, the company said.</p>
</text>
<copyright>(c) Reuters Limited 1996</copyright>
<metadata>
<codes class="bip:countries:1.0">
  <code code="USA">
    <editdetail attribution="Reuters BIP Coding Group" action="confirmed" date="1996-12-05"/>
  </code>
</codes>
<codes class="bip:industries:1.0">
  <code code="I83100">
    <editdetail attribution="Reuters BIP Coding Group" action="confirmed" date="1996-12-05"/>
  </code>
</codes>
<codes class="bip:topics:1.0">
  <code code="C41">
    <editdetail attribution="Reuters BIP Coding Group" action="confirmed" date="1996-12-05"/>
  </code>
  <code code="C411">
    <editdetail attribution="Reuters BIP Coding Group" action="confirmed" date="1996-12-05"/>
  </code>
  <code code="CCAT">
    <editdetail attribution="Reuters BIP Coding Group" action="confirmed" date="1996-12-05"/>
  </code>
  <code code="GCAT">
    <editdetail attribution="Reuters BIP Coding Group" action="confirmed" date="1996-12-05"/>
  </code>
  <code code="GOBIT">
    <editdetail attribution="Reuters BIP Coding Group" action="confirmed" date="1996-12-05"/>
  </code>
  <code code="GPRO">
    <editdetail attribution="Reuters BIP Coding Group" action="confirmed" date="1996-12-05"/>
  </code>
</codes>
<dc element="dc.date.created" value="1996-12-05"/>
<dc element="dc.publisher" value="Reuters Holdings Plc"/>
<dc element="dc.date.published" value="1996-12-05"/>
<dc element="dc.source" value="Reuters"/>
<dc element="dc.creator.location" value="NEW YORK"/>
<dc element="dc.creator.location.country.name" value="USA"/>
<dc element="dc.source" value="Reuters"/>
</metadata>
</newsitem>
