<?xml version="1.0" encoding="iso-8859-1" ?>
<newsitem itemid="613704" id="root" date="1997-05-26" xml:lang="en">
<title>BRAZIL: Brazil Central Bank lowers mini-band on real.</title>
<headline>Brazil Central Bank lowers mini-band on real.</headline>
<dateline>SAO PAULO 1997-05-26</dateline>
<text>
<p>Brazil's Central Bank lowered its mini-band on the real currency by buying dollars at 1.0690 and selling at 1.0740 reais per dollar in the commercial foreign exchange market, dealers said.</p>
<p>The previous mini-band was set on May 20 at between 1.0680 and 1.0730 reais per dollar. Today's auction was the fifth time this month the bank has nudged the mini-band lower.</p>
<p>Today's result of the auction represents a 0.09 percent decline from the previous mini-band. So far this month, the Central Bank has shifted the mini-band 0.52 percent lower.</p>
<p>In the last few months, the Central Bank has lowered the mini-band between 0.57 percent and 0.63 percent each month.</p>
<p>((-- Alexandre Caverni, Sao Paulo newsroon, 55 11 2485418))</p>
</text>
<copyright>(c) Reuters Limited 1997</copyright>
<metadata>
<codes class="bip:countries:1.0">
  <code code="BRAZ">
    <editdetail attribution="Reuters BIP Coding Group" action="confirmed" date="1997-05-26"/>
  </code>
</codes>
<codes class="bip:topics:1.0">
  <code code="E12">
    <editdetail attribution="Reuters BIP Coding Group" action="confirmed" date="1997-05-26"/>
  </code>
  <code code="ECAT">
    <editdetail attribution="Reuters BIP Coding Group" action="confirmed" date="1997-05-26"/>
  </code>
  <code code="M13">
    <editdetail attribution="Reuters BIP Coding Group" action="confirmed" date="1997-05-26"/>
  </code>
  <code code="M132">
    <editdetail attribution="Reuters BIP Coding Group" action="confirmed" date="1997-05-26"/>
  </code>
  <code code="MCAT">
    <editdetail attribution="Reuters BIP Coding Group" action="confirmed" date="1997-05-26"/>
  </code>
</codes>
<dc element="dc.date.created" value="1997-05-26"/>
<dc element="dc.publisher" value="Reuters Holdings Plc"/>
<dc element="dc.date.published" value="1997-05-26"/>
<dc element="dc.source" value="Reuters"/>
<dc element="dc.creator.location" value="SAO PAULO"/>
<dc element="dc.creator.location.country.name" value="BRAZIL"/>
<dc element="dc.source" value="Reuters"/>
</metadata>
</newsitem>
