<?xml version="1.0" encoding="iso-8859-1" ?>
<newsitem itemid="503260" id="root" date="1997-04-11" xml:lang="en">
<title>INDIA: India Congress's J.B. Patnaik sees president.</title>
<headline>India Congress's J.B. Patnaik sees president.</headline>
<dateline>NEW DELHI 1997-04-11</dateline>
<text>
<p>J.B. Patnaik, a Congress party leader and Orissa state chief minister, met Indian President Shankar Dayal Sharma on Friday, an official at the presidential palace said.</p>
<p>Patnaik, who was a member of Congress's five-person negotiating team that held talks with Prime Minister H.D. Deve Gowda's ruling coalition this week, met Sharma ahead of United Front alliance leader Chandrababu Naidu.</p>
<p>Patnaik and Naidu met the president while the lower house of parliament debated a motion of confidence in Deve Gowda.</p>
<p>-- New Delhi newsroom +91-11 301 2024</p>
</text>
<copyright>(c) Reuters Limited 1997</copyright>
<metadata>
<codes class="bip:countries:1.0">
  <code code="INDIA">
    <editdetail attribution="Reuters BIP Coding Group" action="confirmed" date="1997-04-11"/>
  </code>
</codes>
<codes class="bip:topics:1.0">
  <code code="GCAT">
    <editdetail attribution="Reuters BIP Coding Group" action="confirmed" date="1997-04-11"/>
  </code>
  <code code="GPOL">
    <editdetail attribution="Reuters BIP Coding Group" action="confirmed" date="1997-04-11"/>
  </code>
</codes>
<dc element="dc.date.created" value="1997-04-11"/>
<dc element="dc.publisher" value="Reuters Holdings Plc"/>
<dc element="dc.date.published" value="1997-04-11"/>
<dc element="dc.source" value="Reuters"/>
<dc element="dc.creator.location" value="NEW DELHI"/>
<dc element="dc.creator.location.country.name" value="INDIA"/>
<dc element="dc.source" value="Reuters"/>
</metadata>
</newsitem>
