<?xml version="1.0" encoding="iso-8859-1" ?>
<newsitem itemid="228683" id="root" date="1996-12-02" xml:lang="en">
<title>USA: St Michael-Albertville, Minn., schools Aa1 Moody's.</title>
<headline>St Michael-Albertville, Minn., schools Aa1 Moody's.</headline>
<text>
<p>NEW YORK, Dec 2 - Moody's Investors Service - Rating</p>
<p>Announcement As of 11/27/96.</p>
<p>Issuer		: St. Michael-Albertville I.S.D. 885 (MSDE)</p>
<p>			  Series '96</p>
<p>State		 : MN</p>
<p>Rating		: Aa1</p>
<p>Sale Amount	 : 4,850,000</p>
<p>Expected Sale Date: 12/02/96</p>
</text>
<copyright>(c) Reuters Limited 1996</copyright>
<metadata>
<codes class="bip:countries:1.0">
  <code code="USA">
    <editdetail attribution="Reuters BIP Coding Group" action="confirmed" date="1996-12-02"/>
  </code>
</codes>
<codes class="bip:topics:1.0">
  <code code="C17">
    <editdetail attribution="Reuters BIP Coding Group" action="confirmed" date="1996-12-02"/>
  </code>
  <code code="C174">
    <editdetail attribution="Reuters BIP Coding Group" action="confirmed" date="1996-12-02"/>
  </code>
  <code code="CCAT">
    <editdetail attribution="Reuters BIP Coding Group" action="confirmed" date="1996-12-02"/>
  </code>
  <code code="E21">
    <editdetail attribution="Reuters BIP Coding Group" action="confirmed" date="1996-12-02"/>
  </code>
  <code code="E212">
    <editdetail attribution="Reuters BIP Coding Group" action="confirmed" date="1996-12-02"/>
  </code>
  <code code="ECAT">
    <editdetail attribution="Reuters BIP Coding Group" action="confirmed" date="1996-12-02"/>
  </code>
</codes>
<dc element="dc.publisher" value="Reuters Holdings Plc"/>
<dc element="dc.date.published" value="1996-12-02"/>
<dc element="dc.source" value="Reuters"/>
<dc element="dc.creator.location.country.name" value="USA"/>
<dc element="dc.source" value="Reuters"/>
</metadata>
</newsitem>
