<?xml version="1.0" encoding="iso-8859-1" ?>
<newsitem itemid="302633" id="root" date="1997-01-13" xml:lang="en">
<title>POLAND: ING guarantees $83 mln of Polish yard loan.</title>
<headline>ING guarantees $83 mln of Polish yard loan.</headline>
<dateline>WARSAW 1997-01-13</dateline>
<text>
<p>The Dutch ING Bank NV (ING) guaranteed a $83 million pre-payment for the construction of seven container ships by Poland's Gdynia Shipyard for three German clients, ING's Warsaw branch said on Monday.</p>
<p>&quot;This is so far the biggest transaction of its type organised for a Polish shipyard,&quot; ING said in a statement.</p>
<p>It said the guarantee for the construction of seven ships between 1600 and 2000 teu amounted to about 30 percent of the value of the shipyard's total production.</p>
<p>-- Warsaw Newsroom +48 22 653 9700</p>
</text>
<copyright>(c) Reuters Limited 1997</copyright>
<metadata>
<codes class="bip:countries:1.0">
  <code code="GFR">
    <editdetail attribution="Reuters BIP Coding Group" action="confirmed" date="1997-01-13"/>
  </code>
  <code code="POL">
    <editdetail attribution="Reuters BIP Coding Group" action="confirmed" date="1997-01-13"/>
  </code>
</codes>
<codes class="bip:industries:1.0">
  <code code="I36101">
    <editdetail attribution="Reuters BIP Coding Group" action="confirmed" date="1997-01-13"/>
  </code>
  <code code="I81402">
    <editdetail attribution="Reuters BIP Coding Group" action="confirmed" date="1997-01-13"/>
  </code>
</codes>
<codes class="bip:topics:1.0">
  <code code="C17">
    <editdetail attribution="Reuters BIP Coding Group" action="confirmed" date="1997-01-13"/>
  </code>
  <code code="C173">
    <editdetail attribution="Reuters BIP Coding Group" action="confirmed" date="1997-01-13"/>
  </code>
  <code code="C33">
    <editdetail attribution="Reuters BIP Coding Group" action="confirmed" date="1997-01-13"/>
  </code>
  <code code="CCAT">
    <editdetail attribution="Reuters BIP Coding Group" action="confirmed" date="1997-01-13"/>
  </code>
</codes>
<dc element="dc.date.created" value="1997-01-13"/>
<dc element="dc.publisher" value="Reuters Holdings Plc"/>
<dc element="dc.date.published" value="1997-01-13"/>
<dc element="dc.source" value="Reuters"/>
<dc element="dc.creator.location" value="WARSAW"/>
<dc element="dc.creator.location.country.name" value="POLAND"/>
<dc element="dc.source" value="Reuters"/>
</metadata>
</newsitem>
