<?xml version="1.0" encoding="iso-8859-1" ?>
<newsitem itemid="69626" id="root" date="1996-09-23" xml:lang="en">
<title>ZIMBABWE: INDICATORS - ZIMBABWE - UPDATED SEPT 23.</title>
<headline>INDICATORS - ZIMBABWE - UPDATED SEPT 23.</headline>
<text>
<p>----INTEREST RATES----</p>
<p>			  DATE   LATEST	 PREV	   4 WKS AGO</p>
<p>3-MONTH BA RATE     23/09  22%	    21.75	  23.75%</p>
<p>RBZ REDISCOUNT	23/09  27.50%	 27.50%	 27.50%</p>
<p>T-BILL RATE	   23/09  21.35%	 21.25%	 23.12%</p>
<p>3-MONTH NCD RATE    23/09  23.5%	  23%	    24.5%</p>
<p>6-MONTH NCD RATE    23/09  23.5%	  23%	    24.5%</p>
<p>CALL MONEY	    23/09  23%	    21.5%	  22-22.75%</p>
<p>			 ----MONTHLY DATA----</p>
<p>			 MONTH     LATEST	 PREV	  YEAR AGO</p>
<p>CONSUMER PRICES    AUGUST    17.7%	  22.0%	 23.7%</p>
<p>PRODUCER PRICES    DECEMBER  20.42%	 19.96%	21.78%</p>
<p>MONEY SUPPLY M3    JULY	35.86%	 33.68%	15.22%</p>
<p>DOMESTIC CREDIT    JULY	24.37%	 15.22%	22.13%</p>
<p>GOLD OUTPUT (KG)   MAY	 2,031.1	1,789.4     2,007.5</p>
<p>TRADE BALANCE (Z$) MAY '94   -786.7MLN    -289.2MLN   -28.9MLN</p>
<p>IMPORTS		MAY '94   1,830.6MLN   1,377.5MLN  854.5MLN</p>
<p>EXPORTS		MAY '94   1,043.9MLN   1,087.8MLN  825.6MLN</p>
<p>FOREIGN ASSETS(Z$) JULY '96  -360.0MLN    143.6MLN    179.2MLN</p>
<p>INDICES (1990 = 100)</p>
<p>			 ----CROP ESTIMATES----</p>
<p>				   1996     1995     1994	1993</p>
<p>SUGAR (tonnes)		 520,000  400,000  524,000   56,000</p>
<p>WHEAT (tonnes)		 290,000  80,000   288,000   277,000</p>
<p>MAIZE (metric tonnes)	2.6mln   839,600  1.8 mln   2.0 mln</p>
<p>			 ----ANNUAL DATA----</p>
<p>					1994     1993     1992	1991</p>
<p>GDP (Z$ MILLION)		  39,775   31,091   23,536    19,436</p>
<p>CURRENT ACCOUNT BALANCE (Z$M)  --	905.1    3,062.3  </p>
<p>1,559.1</p>
<p>CAPITAL MOVMENTS (Z$MILLION)   --	2,264.8  2,445.0  </p>
<p>1,172.5</p>
<p>----Harare Newsroom: +263-4 72 52 27/8/9----</p>
</text>
<copyright>(c) Reuters Limited 1996</copyright>
<metadata>
<codes class="bip:countries:1.0">
  <code code="ZIMBAB">
    <editdetail attribution="Reuters BIP Coding Group" action="confirmed" date="1996-09-23"/>
  </code>
</codes>
<codes class="bip:topics:1.0">
  <code code="E71">
    <editdetail attribution="Reuters BIP Coding Group" action="confirmed" date="1996-09-23"/>
  </code>
  <code code="ECAT">
    <editdetail attribution="Reuters BIP Coding Group" action="confirmed" date="1996-09-23"/>
  </code>
</codes>
<dc element="dc.publisher" value="Reuters Holdings Plc"/>
<dc element="dc.date.published" value="1996-09-23"/>
<dc element="dc.source" value="Reuters"/>
<dc element="dc.creator.location.country.name" value="ZIMBABWE"/>
<dc element="dc.source" value="Reuters"/>
</metadata>
</newsitem>
