<?xml version="1.0" encoding="iso-8859-1" ?>
<newsitem itemid="380593" id="root" date="1997-02-15" xml:lang="en">
<title>PORTUGAL: SOCCER-PORTUGUESE FIRST DIVISION RESULTS.</title>
<headline>SOCCER-PORTUGUESE FIRST DIVISION RESULTS.</headline>
<dateline>LISBON 1997-02-15</dateline>
<text>
<p>Results of Portuguese first</p>
<p>division soccer matches on Saturday:</p>
<p>Setubal  0 Benfica 2</p>
<p>Sporting 2 Rio Ave 0</p>
<p> Chaves v Porto -   KO2130gmt</p>
</text>
<copyright>(c) Reuters Limited 1997</copyright>
<metadata>
<codes class="bip:countries:1.0">
  <code code="PORL">
    <editdetail attribution="Reuters BIP Coding Group" action="confirmed" date="1997-02-15"/>
  </code>
</codes>
<codes class="bip:topics:1.0">
  <code code="GCAT">
    <editdetail attribution="Reuters BIP Coding Group" action="confirmed" date="1997-02-15"/>
  </code>
  <code code="GSPO">
    <editdetail attribution="Reuters BIP Coding Group" action="confirmed" date="1997-02-15"/>
  </code>
</codes>
<dc element="dc.date.created" value="1997-02-15"/>
<dc element="dc.publisher" value="Reuters Holdings Plc"/>
<dc element="dc.date.published" value="1997-02-15"/>
<dc element="dc.source" value="Reuters"/>
<dc element="dc.creator.location" value="LISBON"/>
<dc element="dc.creator.location.country.name" value="PORTUGAL"/>
<dc element="dc.source" value="Reuters"/>
</metadata>
</newsitem>
