<?xml version="1.0" encoding="iso-8859-1" ?>
<newsitem itemid="589415" id="root" date="1997-05-16" xml:lang="en">
<title>RUSSIA: PRESS DIGEST - RUSSIA IZVESTIA - MAY 16.</title>
<headline>PRESS DIGEST - RUSSIA IZVESTIA - MAY 16.</headline>
<dateline>MOSCOW 1997-05-16</dateline>
<text>
<p>The following are some of the leading stories in the May 17 edition of Russia's Izvestia newspaper. Reuters has not verified these stories and does not vouch for their accuracy.</p>
<p>- It is difficult to live in a country where nearly the entire population is entitled to social benefits, because it leaves no one to provide these benefits.</p>
<p>- The energy crisis in Russia's Far East has turned into an economic and political one, and threatens to become an open confrontation with authorities.</p>
<p>- A fragment of the Russian Amber Chamber discovered in Germany has put official Moscow in a difficult position in the heated debate over the trophy art law.</p>
<p>- Russia's First Deputy Prime Minister Anatoly Chubais's intensive talks with regional leaders are aimed at redistributing the budget and tax load between regions and the federal centre.</p>
<p>- Communists elected to local legislatures are preparing for the second advent of the Communist Party in the country.</p>
<p>-- Svetlana Kovaleva, Moscow Newsroom, +7095 941 8520</p>
</text>
<copyright>(c) Reuters Limited 1997</copyright>
<metadata>
<codes class="bip:countries:1.0">
  <code code="RUSS">
    <editdetail attribution="Reuters BIP Coding Group" action="confirmed" date="1997-05-16"/>
  </code>
</codes>
<codes class="bip:topics:1.0">
  <code code="GCAT">
    <editdetail attribution="Reuters BIP Coding Group" action="confirmed" date="1997-05-16"/>
  </code>
</codes>
<dc element="dc.date.created" value="1997-05-16"/>
<dc element="dc.publisher" value="Reuters Holdings Plc"/>
<dc element="dc.date.published" value="1997-05-16"/>
<dc element="dc.source" value="Reuters"/>
<dc element="dc.creator.location" value="MOSCOW"/>
<dc element="dc.creator.location.country.name" value="RUSSIA"/>
<dc element="dc.source" value="Reuters"/>
</metadata>
</newsitem>
