<?xml version="1.0" encoding="iso-8859-1" ?>
<newsitem itemid="187908" id="root" date="1996-11-13" xml:lang="en">
<title>SPAIN: Telepizza starts trading in Madrid at 3,005 ptas.</title>
<headline>Telepizza starts trading in Madrid at 3,005 ptas.</headline>
<dateline>MADRID 1996-11-13</dateline>
<text>
<p>Spanish pizza delivery firm Telepizza began trading on the Madrid bourse on Wednesday at 3,005 pesetas per share.</p>
<p>The share price rose to 3,030 with more than 500,000 shares exchanging hands in the first few minutes of trade.</p>
<p>Telepizza fixed the share price of its offer at 2,300 pesetas on Sunday. Heavy demand prompted a strict aportionment of shares. The offer was 46 times oversubscribed.</p>
<p>--Madrid Newsroom +34 1 585 2167</p>
</text>
<copyright>(c) Reuters Limited 1996</copyright>
<metadata>
<codes class="bip:countries:1.0">
  <code code="SPAIN">
    <editdetail attribution="Reuters BIP Coding Group" action="confirmed" date="1996-11-13"/>
  </code>
</codes>
<codes class="bip:industries:1.0">
  <code code="I66100">
    <editdetail attribution="Reuters BIP Coding Group" action="confirmed" date="1996-11-13"/>
  </code>
</codes>
<codes class="bip:topics:1.0">
  <code code="C15">
    <editdetail attribution="Reuters BIP Coding Group" action="confirmed" date="1996-11-13"/>
  </code>
  <code code="C152">
    <editdetail attribution="Reuters BIP Coding Group" action="confirmed" date="1996-11-13"/>
  </code>
  <code code="C17">
    <editdetail attribution="Reuters BIP Coding Group" action="confirmed" date="1996-11-13"/>
  </code>
  <code code="C171">
    <editdetail attribution="Reuters BIP Coding Group" action="confirmed" date="1996-11-13"/>
  </code>
  <code code="CCAT">
    <editdetail attribution="Reuters BIP Coding Group" action="confirmed" date="1996-11-13"/>
  </code>
</codes>
<dc element="dc.date.created" value="1996-11-13"/>
<dc element="dc.publisher" value="Reuters Holdings Plc"/>
<dc element="dc.date.published" value="1996-11-13"/>
<dc element="dc.source" value="Reuters"/>
<dc element="dc.creator.location" value="MADRID"/>
<dc element="dc.creator.location.country.name" value="SPAIN"/>
<dc element="dc.source" value="Reuters"/>
</metadata>
</newsitem>
