<?xml version="1.0" encoding="iso-8859-1" ?>
<newsitem itemid="325375" id="root" date="1997-01-22" xml:lang="en">
<title>USA: RESEARCH ALERT - Cowen cuts IBM EPS view.</title>
<headline>RESEARCH ALERT - Cowen cuts IBM EPS view.</headline>
<text>
<p>-- Cowen &amp; Co said analyst Steven Webber reduced his earnings estimates for International Business Machines Corp to $12.40 per fully diluted share from $13.25 for 1997, and to $14 per fully diluted share from $15 for 1997.</p>
<p>-- maintained strong buy rating.</p>
<p>-- shares dropped 10-7/8 to 158-1/2.</p>
</text>
<copyright>(c) Reuters Limited 1997</copyright>
<metadata>
<codes class="bip:countries:1.0">
  <code code="USA">
    <editdetail attribution="Reuters BIP Coding Group" action="confirmed" date="1997-01-22"/>
  </code>
</codes>
<codes class="bip:industries:1.0">
  <code code="I33020">
    <editdetail attribution="Reuters BIP Coding Group" action="confirmed" date="1997-01-22"/>
  </code>
  <code code="I3302003">
    <editdetail attribution="Reuters BIP Coding Group" action="confirmed" date="1997-01-22"/>
  </code>
</codes>
<codes class="bip:topics:1.0">
  <code code="C15">
    <editdetail attribution="Reuters BIP Coding Group" action="confirmed" date="1997-01-22"/>
  </code>
  <code code="C152">
    <editdetail attribution="Reuters BIP Coding Group" action="confirmed" date="1997-01-22"/>
  </code>
  <code code="CCAT">
    <editdetail attribution="Reuters BIP Coding Group" action="confirmed" date="1997-01-22"/>
  </code>
</codes>
<dc element="dc.publisher" value="Reuters Holdings Plc"/>
<dc element="dc.date.published" value="1997-01-22"/>
<dc element="dc.source" value="Reuters"/>
<dc element="dc.creator.location.country.name" value="USA"/>
<dc element="dc.source" value="Reuters"/>
</metadata>
</newsitem>
