<?xml version="1.0" encoding="iso-8859-1" ?>
<newsitem itemid="450758" id="root" date="1997-03-18" xml:lang="en">
<title>BANGLADESH: Bangladesh to tender 50,000 tonnes of white sugar.</title>
<headline>Bangladesh to tender 50,000 tonnes of white sugar.</headline>
<dateline>DHAKA 1997-03-18</dateline>
<text>
<p>Bangladesh's state-owned Sugar and Food Corporation has called for bids for a total of 50,000 tonnes of sugar for shipment by June 9, corporation officials said on Tuesday.</p>
<p>They said the first tender scheduled on March 22 for 25,000 tonnes of sugar should be shipped in two equal instalments by May 8 and May 15.</p>
<p>The second tender for the same quantity of cargo will be held on March 29 for shipment in equal instalments by May 29 and June 9, they said.</p>
</text>
<copyright>(c) Reuters Limited 1997</copyright>
<metadata>
<codes class="bip:countries:1.0">
  <code code="BANDH">
    <editdetail attribution="Reuters BIP Coding Group" action="confirmed" date="1997-03-18"/>
  </code>
</codes>
<codes class="bip:topics:1.0">
  <code code="M14">
    <editdetail attribution="Reuters BIP Coding Group" action="confirmed" date="1997-03-18"/>
  </code>
  <code code="M141">
    <editdetail attribution="Reuters BIP Coding Group" action="confirmed" date="1997-03-18"/>
  </code>
  <code code="MCAT">
    <editdetail attribution="Reuters BIP Coding Group" action="confirmed" date="1997-03-18"/>
  </code>
</codes>
<dc element="dc.date.created" value="1997-03-18"/>
<dc element="dc.publisher" value="Reuters Holdings Plc"/>
<dc element="dc.date.published" value="1997-03-18"/>
<dc element="dc.source" value="Reuters"/>
<dc element="dc.creator.location" value="DHAKA"/>
<dc element="dc.creator.location.country.name" value="BANGLADESH"/>
<dc element="dc.source" value="Reuters"/>
</metadata>
</newsitem>
