<?xml version="1.0" encoding="iso-8859-1" ?>
<newsitem itemid="766285" id="root" date="1997-07-30" xml:lang="en">
<title>PHILIPPINES: Manila plans rice imports in case of drought.</title>
<headline>Manila plans rice imports in case of drought.</headline>
<dateline>MANILA 1997-07-30</dateline>
<text>
<p>The Philippines, pressed by the private sector to book early rice imports for delivery in the first half of 1998 due to threats of a drought, can immediately import 350,000 tonnes in case of a production shortfall, a senior official said.</p>
<p>Agriculture Secretary Salvador Escudero said the state-owned National Food Authority has a &quot;standby authority&quot; to import 350,000 tonnes of rice - enough to meet the country's requirement for 15 days - in case of an emergency situation.</p>
<p>But Escudero said any decision to import rice would depend on the volume of rice harvests next month.</p>
<p>&quot;We don't know yet how bad El Nino will hit us,&quot; he said.</p>
<p>The weather bureau has predicted a drought in the Philippines starting in the last quarter of this year because of El Nino and said it could be the worst to hit the country in 16 years.</p>
<p>The Philippines has suffered severe drops in crop harvests, particularly rice, as a result of at least five droughts caused by the El Nino phenomena since 1982, said Rolando Dy, executive director of the Center for Food and Agribusinesss at Manila's University of Asia and the Pacific.</p>
<p>El Nino is caused by the warming of water in the western Pacific Ocean, which interacts with other weather systems and typically produces freak weather, such as drought in some areas and heavier-than-normal rainfall in others.</p>
<p>Dy said he expected Philippine rice output to drop by 15 percent to 2.7 million tonnes in the first half of 1998 from 3.2 million in the first half of 1997. --Manila newsroom (63 2) 841-8936, Fax 817-6267</p>
</text>
<copyright>(c) Reuters Limited 1997</copyright>
<metadata>
<codes class="bip:countries:1.0">
  <code code="PHLNS">
    <editdetail attribution="Reuters BIP Coding Group" action="confirmed" date="1997-07-30"/>
  </code>
</codes>
<codes class="bip:industries:1.0">
  <code code="I01001">
    <editdetail attribution="Reuters BIP Coding Group" action="confirmed" date="1997-07-30"/>
  </code>
  <code code="I0100132">
    <editdetail attribution="Reuters BIP Coding Group" action="confirmed" date="1997-07-30"/>
  </code>
</codes>
<codes class="bip:topics:1.0">
  <code code="C21">
    <editdetail attribution="Reuters BIP Coding Group" action="confirmed" date="1997-07-30"/>
  </code>
  <code code="C31">
    <editdetail attribution="Reuters BIP Coding Group" action="confirmed" date="1997-07-30"/>
  </code>
  <code code="C311">
    <editdetail attribution="Reuters BIP Coding Group" action="confirmed" date="1997-07-30"/>
  </code>
  <code code="CCAT">
    <editdetail attribution="Reuters BIP Coding Group" action="confirmed" date="1997-07-30"/>
  </code>
  <code code="M14">
    <editdetail attribution="Reuters BIP Coding Group" action="confirmed" date="1997-07-30"/>
  </code>
  <code code="M141">
    <editdetail attribution="Reuters BIP Coding Group" action="confirmed" date="1997-07-30"/>
  </code>
  <code code="MCAT">
    <editdetail attribution="Reuters BIP Coding Group" action="confirmed" date="1997-07-30"/>
  </code>
</codes>
<dc element="dc.date.created" value="1997-07-30"/>
<dc element="dc.publisher" value="Reuters Holdings Plc"/>
<dc element="dc.date.published" value="1997-07-30"/>
<dc element="dc.source" value="Reuters"/>
<dc element="dc.creator.location" value="MANILA"/>
<dc element="dc.creator.location.country.name" value="PHILIPPINES"/>
<dc element="dc.source" value="Reuters"/>
</metadata>
</newsitem>
