<?xml version="1.0" encoding="iso-8859-1" ?>
<newsitem itemid="511135" id="root" date="1997-04-15" xml:lang="en">
<title>USA: Asia Pulp &amp; Paper at 11-3/8 in New York.</title>
<headline>Asia Pulp &amp; Paper at 11-3/8 in New York.</headline>
<dateline>NEW YORK 1997-04-14</dateline>
<text>
<p>Asian Pulp &amp; Paper closed at 11-3/8 in New York on Monday. It recorded the day's low of 11-1/4 and the day's high of 11-3/8.</p>
<p>Volume was 3,500 American Depository Shares. Block volume was nil. Its previous close on Friday was 11-3/8.</p>
<p>One ADS represents four common shares.</p>
<p>-- Jakarta newsroom (Tel: 6221-3846364).</p>
</text>
<copyright>(c) Reuters Limited 1997</copyright>
<metadata>
<codes class="bip:countries:1.0">
  <code code="INDON">
    <editdetail attribution="Reuters BIP Coding Group" action="confirmed" date="1997-04-15"/>
  </code>
  <code code="USA">
    <editdetail attribution="Reuters BIP Coding Group" action="confirmed" date="1997-04-15"/>
  </code>
</codes>
<codes class="bip:industries:1.0">
  <code code="I47100">
    <editdetail attribution="Reuters BIP Coding Group" action="confirmed" date="1997-04-15"/>
  </code>
</codes>
<codes class="bip:topics:1.0">
  <code code="C15">
    <editdetail attribution="Reuters BIP Coding Group" action="confirmed" date="1997-04-15"/>
  </code>
  <code code="C152">
    <editdetail attribution="Reuters BIP Coding Group" action="confirmed" date="1997-04-15"/>
  </code>
  <code code="CCAT">
    <editdetail attribution="Reuters BIP Coding Group" action="confirmed" date="1997-04-15"/>
  </code>
</codes>
<dc element="dc.date.created" value="1997-04-14"/>
<dc element="dc.publisher" value="Reuters Holdings Plc"/>
<dc element="dc.date.published" value="1997-04-15"/>
<dc element="dc.source" value="Reuters"/>
<dc element="dc.creator.location" value="NEW YORK"/>
<dc element="dc.creator.location.country.name" value="USA"/>
<dc element="dc.source" value="Reuters"/>
</metadata>
</newsitem>
