<?xml version="1.0" encoding="iso-8859-1" ?>
<newsitem itemid="465881" id="root" date="1997-03-25" xml:lang="en">
<title>LITHUANIA: PRESS DIGEST - Lithuania - March 25.</title>
<headline>PRESS DIGEST - Lithuania - March 25.</headline>
<dateline>VILNIUS 1997-03-25</dateline>
<text>
<p>The following stories were reported in Lithuanian newspapers on Tuesday. Reuters has not verified these stories and does not vouch for their accuracy.</p>
<p>ALL THE NEWSPAPERS</p>
<p>- The ruling Homeland Union party tightened its grip on power with a victory in Sunday's local elections, garnering 34 percent of the vote. The Lithuanian Democratic Labour Party, trounced at the national level in last fall's parliamentary elections, was a surprise second with 15 percent of the vote.</p>
<p>LIETUVOS RYTAS</p>
<p>- An American anthropology professor, Liucija Bashkauskaite, plans to enter December's presidential race.</p>
<p>- Lithuania's Agricultural bank had a 25.5 million litas audited net profit in 1996 versus 26.5 million litas in 1995.</p>
<p>- Mazheikiu Nafta oil refinery is seeking $105 million in credits to reconstruct the plant. The company plans to ask for a credit rating in April.</p>
<p>RESPUBLIKA</p>
<p>- Lithuanian President Algirdas Brazauskas on Monday appointed the new head of the country's securities comission, Virgilijus Poderys, the former deputy chairman of the organisation. He will replace Algirdas Shemetas, who left the position to become finance minister.</p>
<p>- The country's budget received more than 100 million litas during the first two months of this year from customs duties, customs officials told the newspaper.</p>
<p>- The German company Euroseabridge is considering the possibility of adding a second ferry to the Travemuende - Klaipeda route. The one ferry on the route is now operating at 70 percent of its capacity.</p>
<p>LIETUVOS AIDAS</p>
<p>- Lithuanian Prime Minister Gediminas Vagnorius said on Monday that the people expressed their support for his government's policies by voting for the Homeland Union party in Sunday's local elections.</p>
<p>-- Andrius Vilkancas, Vilnius newsroom + 370 2 22 35 17</p>
</text>
<copyright>(c) Reuters Limited 1997</copyright>
<metadata>
<codes class="bip:countries:1.0">
  <code code="LITH">
    <editdetail attribution="Reuters BIP Coding Group" action="confirmed" date="1997-03-25"/>
  </code>
</codes>
<codes class="bip:topics:1.0">
  <code code="GCAT">
    <editdetail attribution="Reuters BIP Coding Group" action="confirmed" date="1997-03-25"/>
  </code>
</codes>
<dc element="dc.date.created" value="1997-03-25"/>
<dc element="dc.publisher" value="Reuters Holdings Plc"/>
<dc element="dc.date.published" value="1997-03-25"/>
<dc element="dc.source" value="Reuters"/>
<dc element="dc.creator.location" value="VILNIUS"/>
<dc element="dc.creator.location.country.name" value="LITHUANIA"/>
<dc element="dc.source" value="Reuters"/>
</metadata>
</newsitem>
