<?xml version="1.0" encoding="iso-8859-1" ?>
<newsitem itemid="765839" id="root" date="1997-07-30" xml:lang="en">
<title>NAMIBIA: PRESS DIGEST - Namibia - July 30.</title>
<headline>PRESS DIGEST - Namibia - July 30.</headline>
<dateline>WINDHOEK 1997-07-30</dateline>
<text>
<p>These are the stories making headlines in the Namibian newspapers today. Reuters has not verified these stories and does not vouch for their accuracy.</p>
<p>- - - -</p>
<p>THE NAMIBIAN</p>
<p>- Ex-Plan fighters in the north are becoming increasingly unhappy with the way the People's Liberation Army of Namibia (Plan) Veterans Trust is being run.</p>
<p>- The legal assistance centre's request to the high court, asking for protection from harassment by the Namibian security forces has been postponed until today.</p>
<p>- - - -</p>
<p>DIE ALLGEMEINE ZEITUNG</p>
<p>- The president's decree against public demonstrations without explicit permission of the Namibian police, is being exercised.</p>
<p>- The Namibian justice system is now trying to avoid collapse by introducing a change of law, which is to give magistrate courts greater powers and so improve the efficiency of the judiciary.</p>
<p>- - - -</p>
<p>DIE REPUBLIKEIN</p>
<p>- Production from the Kudu gas fields is to become a reality with the first cooperation agreement between South Africa and Namibia soon to be signed.</p>
<p>- Namibia is to take part in Expo '98 in Lisbon, the biggest international fare of the millenium. N$10 million is needed for Namibia to realise its plans of an own pavilion and national day at the Expo.</p>
<p>-- Namibia newsroom, +26461 245-260</p>
</text>
<copyright>(c) Reuters Limited 1997</copyright>
<metadata>
<codes class="bip:countries:1.0">
  <code code="NAMIB">
    <editdetail attribution="Reuters BIP Coding Group" action="confirmed" date="1997-07-30"/>
  </code>
</codes>
<codes class="bip:topics:1.0">
  <code code="GCAT">
    <editdetail attribution="Reuters BIP Coding Group" action="confirmed" date="1997-07-30"/>
  </code>
</codes>
<dc element="dc.date.created" value="1997-07-30"/>
<dc element="dc.publisher" value="Reuters Holdings Plc"/>
<dc element="dc.date.published" value="1997-07-30"/>
<dc element="dc.source" value="Reuters"/>
<dc element="dc.creator.location" value="WINDHOEK"/>
<dc element="dc.creator.location.country.name" value="NAMIBIA"/>
<dc element="dc.source" value="Reuters"/>
</metadata>
</newsitem>
