<?xml version="1.0" encoding="iso-8859-1" ?>
<newsitem itemid="277372" id="root" date="1996-12-26" xml:lang="en">
<title>SRI LANKA: Sri Lanka to buy 100,000 tonnes of wheat.</title>
<headline>Sri Lanka to buy 100,000 tonnes of wheat.</headline>
<dateline>COLOMBO 1996-12-26</dateline>
<text>
<p>Sri Lanka's state buying arm the Co-operative Wholesale Establishment has opened a tender for 100,000 tonnes of soft and hard wheat, government officials said on Thursday.</p>
<p>The tender, closing on January 3, is for 50,000 tonnes of soft wheat for delivery in the third week of January and 50,000 tonnes of hard wheat for delivery in the second week of February, they said.</p>
<p>On November 27, Sri Lanka bought 100,000 tonnes of wheat from Australia and Argentina.</p>
</text>
<copyright>(c) Reuters Limited 1996</copyright>
<metadata>
<codes class="bip:countries:1.0">
  <code code="SRILAN">
    <editdetail attribution="Reuters BIP Coding Group" action="confirmed" date="1996-12-26"/>
  </code>
</codes>
<codes class="bip:topics:1.0">
  <code code="M14">
    <editdetail attribution="Reuters BIP Coding Group" action="confirmed" date="1996-12-26"/>
  </code>
  <code code="M141">
    <editdetail attribution="Reuters BIP Coding Group" action="confirmed" date="1996-12-26"/>
  </code>
  <code code="MCAT">
    <editdetail attribution="Reuters BIP Coding Group" action="confirmed" date="1996-12-26"/>
  </code>
</codes>
<dc element="dc.date.created" value="1996-12-26"/>
<dc element="dc.publisher" value="Reuters Holdings Plc"/>
<dc element="dc.date.published" value="1996-12-26"/>
<dc element="dc.source" value="Reuters"/>
<dc element="dc.creator.location" value="COLOMBO"/>
<dc element="dc.creator.location.country.name" value="SRI LANKA"/>
<dc element="dc.source" value="Reuters"/>
</metadata>
</newsitem>
