<?xml version="1.0" encoding="iso-8859-1" ?>
<newsitem itemid="722228" id="root" date="1997-07-11" xml:lang="en">
<title>MALAYSIA: KL palm oil ends with small gains ahead of USDA.</title>
<headline>KL palm oil ends with small gains ahead of USDA.</headline>
<text>
<p>PALM OIL FUTURES	   PALM OIL PHYSICALS</p>
<p>Sept (3rd pos) 1,128 rgt/tonne	   July (south)1,167.50</p>
<p>Open/Hi/Low   1,123/1,134/1,120	  Prev close 1,165</p>
<p>Prev settlement  1,126		     * sellers prices</p>
<p>PALM OIL FUTURES - Ended with small gains after trading in a tight range, with some further demand in products helping late sentiment. Players were cautiuous ahead of USDA report, scheduled tonight. Sept futures contract seen trading between the 1,110 and 1,150 levels.</p>
<p>PALM OIL PHYSICALS - Saw some interest among products, with traders sidelined before the release of official June crop data.  </p>
<p>&quot;Players are still having mixed views over market direction,&quot; a trader said. Some traders said the slight gains were a reflection of technical adjustment after sharp losses, while others said the bearish trend was still intact.</p>
<p>The September futures contract is trying to test the 1,110 ringgit barrier before reaching the psychological level of 1,100.</p>
<p>At the close, the contract finished the day two ringgit higher at 1,128 ringgit ($450.48) a tonne after trading between 1,120 and 1,134.  </p>
<p>Traders said next week's trend also depended largely on the outcome of Malaysia's Palm Oil Registration and Licensing Authority (PORLA) key June crop data.</p>
<p>&quot;A build in stock levels and rising output was also cited as the main bearish factors,&quot; a trader said, adding that despite current low attractive prices, demand remain sluggish.</p>
<p>Turnover on the futures market was 1,926 lots.</p>
<p>Among physicals, July (south) crude palm oil saw offers at 1,167.50 ringgit against bids at 1,162.50 after trading at 1,165.  </p>
<p>July (central) saw offers at 1,160 ringgit versus 1,155.</p>
<p>Aug (south) was offered at 1,162.50 against bids of 1,167.50 after trading at 1,165. Aug (central) was offered at 1,160 against bids of 1,155.</p>
<p>In refined products, July RBD palm oil was offered at $492.50 a tonne FOB Malaysia, Aug/Sept at $490 and Oct/Nov/Dec at $490. July RBD palm olein saw offers at $530, Aug/Sept at $527.50, and Oct/Nov/Dec at $525. Aug was traded at $525 and $527.50, and Oct/Nov/Dec at $525. July RBD palm stearin was offered at $375 and July/Aug/Sept palm fatty acid distillat at $290. - Tan Lee Lee -603- 275-6834 ($1-2.5040)</p>
</text>
<copyright>(c) Reuters Limited 1997</copyright>
<metadata>
<codes class="bip:countries:1.0">
  <code code="MALAY">
    <editdetail attribution="Reuters BIP Coding Group" action="confirmed" date="1997-07-11"/>
  </code>
</codes>
<codes class="bip:topics:1.0">
  <code code="M14">
    <editdetail attribution="Reuters BIP Coding Group" action="confirmed" date="1997-07-11"/>
  </code>
  <code code="M141">
    <editdetail attribution="Reuters BIP Coding Group" action="confirmed" date="1997-07-11"/>
  </code>
  <code code="MCAT">
    <editdetail attribution="Reuters BIP Coding Group" action="confirmed" date="1997-07-11"/>
  </code>
</codes>
<dc element="dc.publisher" value="Reuters Holdings Plc"/>
<dc element="dc.date.published" value="1997-07-11"/>
<dc element="dc.source" value="Reuters"/>
<dc element="dc.creator.location.country.name" value="MALAYSIA"/>
<dc element="dc.source" value="Reuters"/>
</metadata>
</newsitem>
