<?xml version="1.0" encoding="iso-8859-1" ?>
<newsitem itemid="483823" id="root" date="1997-04-03" xml:lang="en">
<title>POLAND: POLAND TO EXCHANGE PSU INTO SHARES MAY 12.</title>
<headline>POLAND TO EXCHANGE PSU INTO SHARES MAY 12.</headline>
<dateline>WARSAW 1997-04-03</dateline>
<text>
<p>Poland is likely to start exchanging participation certificates in its mass privatisation scheme (PSU) into shares in the National Investment Funds from May 12 until the end of 1998, a deputy treasury minister said.</p>
<p>Ewa Freyberg told Reuters the final decision on the starting the exchange would be taken by the securities commission, most likely later on Thursday.</p>
<p>&quot;According to our schedule the starting date for exchanging the PSU certificates into shares in the funds is May 12. But this will primarily depend on the the Securities Commission,&quot; Freyberg said.</p>
<p>Under the mass privatisaiotn programme each of the 26 million adult Poles who bought the certificates last year will be able to exchange it for a total of 15 shares of the National Investment Funds (NFI) -- one share in each fund.</p>
<p>The funds, privately managed by Polish-foreign consortia, together run more than 500 companies which took part in the privatisation programme.</p>
<p>The PSU certificates are traded on the Warsaw bourse and so will shares in the NFIs.</p>
<p>-- Warsaw Newsroom +48 22 653 9700</p>
</text>
<copyright>(c) Reuters Limited 1997</copyright>
<metadata>
<codes class="bip:countries:1.0">
  <code code="POL">
    <editdetail attribution="Reuters BIP Coding Group" action="confirmed" date="1997-04-03"/>
  </code>
</codes>
<codes class="bip:topics:1.0">
  <code code="C17">
    <editdetail attribution="Reuters BIP Coding Group" action="confirmed" date="1997-04-03"/>
  </code>
  <code code="C171">
    <editdetail attribution="Reuters BIP Coding Group" action="confirmed" date="1997-04-03"/>
  </code>
  <code code="C18">
    <editdetail attribution="Reuters BIP Coding Group" action="confirmed" date="1997-04-03"/>
  </code>
  <code code="C183">
    <editdetail attribution="Reuters BIP Coding Group" action="confirmed" date="1997-04-03"/>
  </code>
  <code code="CCAT">
    <editdetail attribution="Reuters BIP Coding Group" action="confirmed" date="1997-04-03"/>
  </code>
</codes>
<dc element="dc.date.created" value="1997-04-03"/>
<dc element="dc.publisher" value="Reuters Holdings Plc"/>
<dc element="dc.date.published" value="1997-04-03"/>
<dc element="dc.source" value="Reuters"/>
<dc element="dc.creator.location" value="WARSAW"/>
<dc element="dc.creator.location.country.name" value="POLAND"/>
<dc element="dc.source" value="Reuters"/>
</metadata>
</newsitem>
