<?xml version="1.0" encoding="iso-8859-1" ?>
<newsitem itemid="652931" id="root" date="1997-06-11" xml:lang="en">
<title>BRAZIL: Brazil sells 100 pct of coffee offered in sale.</title>
<headline>Brazil sells 100 pct of coffee offered in sale.</headline>
<dateline>SAO PAULO 1997-06-11</dateline>
<text>
<p>The Brazilian government sold 100 percent of the 42,250 60-kg bags of coffee stocks offered to all segments of the coffee sector in its auction today, according to Banco do Brasil which held the auction.</p>
<p>Total revenue for the government was 7.20 million reais ($6.73 million).  </p>
<p>Closing prices were as much as nine reais higher than opening levels set by the government.</p>
<p>Last week an auction of 150,000 bags also saw good demand with almost a total sell-out at prices up to 20 reais higher than starting levels.</p>
<p>The sale is the last scheduled auction in the 1996/97 year (July/June).</p>
<p>Today the Sao Paulo State Coffee Industry Union called for new auctions immediately to try and ease the tight supply situation which it said is already causing problems for domestic roasters.  </p>
<p>Opening and closing prices in reais per bag per lot were as follows:</p>
<p> QTY	CROP	COLOR	LOCATION	    PRICE</p>
<p>					(STATE)	   OPENING  CLOSING</p>
<p>7,095   1987/88   Greenish    MG		   166	172.50</p>
<p>8,015   1986/87   Greenish    MG		   166	174.10</p>
<p>3,190   1988/89   Greenish    PR		   162	166.35</p>
<p>2,690   1988/89   Greenish    PR		   162	163.20</p>
<p>5,850   1988/89   Light green PR		   162	162.00</p>
<p>2,230   1988/89   Light green PR		   166	170.25</p>
<p>  855   1988/89   Yellowish   PR		   166	170.00</p>
<p>1,974   1986/87   Yellowish   SP		   168	175.20</p>
<p>  150   1986/87   Yellowish   SP		   169	178.00</p>
<p>1,253   1986/87   Yellowish   SP		   169	177.31</p>
<p>2,205   1986/87   Yellowish   SP		   169	175.35</p>
<p>2,173   1986/87   Yellowish   SP		   168	176.00</p>
<p>2,300   1986/87   Yellowish   SP		   169	174.56</p>
<p>2,270   1986/87   Yellowish   SP		   165	165.00</p>
<p>TOTAL OFFERED - 42,250 bags</p>
<p>((-Joelle Diderich, Sao Paulo newsroom, 5511 2485417))</p>
</text>
<copyright>(c) Reuters Limited 1997</copyright>
<metadata>
<codes class="bip:countries:1.0">
  <code code="BRAZ">
    <editdetail attribution="Reuters BIP Coding Group" action="confirmed" date="1997-06-11"/>
  </code>
</codes>
<codes class="bip:topics:1.0">
  <code code="M14">
    <editdetail attribution="Reuters BIP Coding Group" action="confirmed" date="1997-06-11"/>
  </code>
  <code code="M141">
    <editdetail attribution="Reuters BIP Coding Group" action="confirmed" date="1997-06-11"/>
  </code>
  <code code="MCAT">
    <editdetail attribution="Reuters BIP Coding Group" action="confirmed" date="1997-06-11"/>
  </code>
</codes>
<dc element="dc.date.created" value="1997-06-11"/>
<dc element="dc.publisher" value="Reuters Holdings Plc"/>
<dc element="dc.date.published" value="1997-06-11"/>
<dc element="dc.source" value="Reuters"/>
<dc element="dc.creator.location" value="SAO PAULO"/>
<dc element="dc.creator.location.country.name" value="BRAZIL"/>
<dc element="dc.source" value="Reuters"/>
</metadata>
</newsitem>
