<?xml version="1.0" encoding="iso-8859-1" ?>
<newsitem itemid="694331" id="root" date="1997-06-28" xml:lang="en">
<title>SPAIN: SOCCER SHOWCASE-BARCELONA BEAT REAL BETIS TO WIN CUP.</title>
<headline>SOCCER SHOWCASE-BARCELONA BEAT REAL BETIS TO WIN CUP.</headline>
<dateline>MADRID 1997-06-28</dateline>
<text>
<p>Barcelona beat Real Betis 3-2 (halftime 1-1, 2-2 at 90 minutes) after extra time to win the Spanish Cup at the Santiago Bernabeu stadium on Saturday.</p>
<p>Scorers:</p>
<p>Real Betis - Alfonso Munoz 11, Finidi George 83.</p>
<p>Barcelona - Luis Figo 44, 115, Juan Pizzi 85.</p>
<p>Attendance: 82,498.</p>
</text>
<copyright>(c) Reuters Limited 1997</copyright>
<metadata>
<codes class="bip:countries:1.0">
  <code code="SPAIN">
    <editdetail attribution="Reuters BIP Coding Group" action="confirmed" date="1997-06-28"/>
  </code>
</codes>
<codes class="bip:topics:1.0">
  <code code="GCAT">
    <editdetail attribution="Reuters BIP Coding Group" action="confirmed" date="1997-06-28"/>
  </code>
  <code code="GSPO">
    <editdetail attribution="Reuters BIP Coding Group" action="confirmed" date="1997-06-28"/>
  </code>
</codes>
<dc element="dc.date.created" value="1997-06-28"/>
<dc element="dc.publisher" value="Reuters Holdings Plc"/>
<dc element="dc.date.published" value="1997-06-28"/>
<dc element="dc.source" value="Reuters"/>
<dc element="dc.creator.location" value="MADRID"/>
<dc element="dc.creator.location.country.name" value="SPAIN"/>
<dc element="dc.source" value="Reuters"/>
</metadata>
</newsitem>
