<?xml version="1.0" encoding="iso-8859-1" ?>
<newsitem itemid="232343" id="root" date="1996-12-03" xml:lang="en">
<title>USA: Weekend U.S. box office chart -- Nov 27-Dec 1.</title>
<headline>Weekend U.S. box office chart -- Nov 27-Dec 1.</headline>
<dateline>LOS ANGELES 1996-12-02</dateline>
<text>
<p>Following are the final data for the top 10 movies at the U.S. box office during the five-day Thanksgiving period from November 27 to December 1, according to Exhibitor Relations Co.</p>
<p>    Film		    Five-day gross    Cumulative Gross</p>
<p> 1. 101 Dalmatians	  $45,073,479	 $  ----</p>
<p> 2. Star Trek:</p>
<p>    First Contact	   $25,484,402	 $ 60,850,689</p>
<p> 3. Space Jam		 $17,440,268	 $ 67,444,322</p>
<p> 4. Ransom		    $17,303,789	 $105,093,059</p>
<p> 5. Jingle All The Way    $17,251,448	 $ 30,849,962</p>
<p> 6. The Mirror Has</p>
<p>    Two Faces		 $ 8,087,643	 $ 33,502,444</p>
<p> 7. The English Patient   $ 5,550,565	 $  9,285,765</p>
<p> 8. Set It Off		$ 4,420,352	 $ 30,427,516</p>
<p> 9. Romeo and Juliet	$ 3,363,157	 $ 39,811,469</p>
<p> 10 Sleepers		  $ 1,440,042	 $ 50,864,831</p>
<p>NOTE: &quot;101&quot; Dalmatians&quot; and &quot;Ransom&quot; are released by Walt Disney Co., &quot;Star Trek: First Contact&quot; by Paramount Pictures, a unit of Viacom Inc., &quot;Space Jam&quot; and &quot;Sleepers&quot; by Warner Bros., a unit of Time Warner Inc., &quot;Jingle All The Way&quot; and &quot;William Shakespeare's Romeo and Juliet&quot; by News Corp.'s 20th Century Fox. &quot;The Mirror Has Two Faces&quot; released by Sony Corp. and &quot;The English Patient&quot; by Disney's Miramax Films. &quot;Set It Off&quot; is released by New Line Cinema, a unit of Time Warner.</p>
</text>
<copyright>(c) Reuters Limited 1996</copyright>
<metadata>
<codes class="bip:countries:1.0">
  <code code="USA">
    <editdetail attribution="Reuters BIP Coding Group" action="confirmed" date="1996-12-03"/>
  </code>
</codes>
<codes class="bip:industries:1.0">
  <code code="I34540">
    <editdetail attribution="Reuters BIP Coding Group" action="confirmed" date="1996-12-03"/>
  </code>
  <code code="I47500">
    <editdetail attribution="Reuters BIP Coding Group" action="confirmed" date="1996-12-03"/>
  </code>
  <code code="I83960">
    <editdetail attribution="Reuters BIP Coding Group" action="confirmed" date="1996-12-03"/>
  </code>
  <code code="I97100">
    <editdetail attribution="Reuters BIP Coding Group" action="confirmed" date="1996-12-03"/>
  </code>
  <code code="I97400">
    <editdetail attribution="Reuters BIP Coding Group" action="confirmed" date="1996-12-03"/>
  </code>
</codes>
<codes class="bip:topics:1.0">
  <code code="C31">
    <editdetail attribution="Reuters BIP Coding Group" action="confirmed" date="1996-12-03"/>
  </code>
  <code code="CCAT">
    <editdetail attribution="Reuters BIP Coding Group" action="confirmed" date="1996-12-03"/>
  </code>
  <code code="GCAT">
    <editdetail attribution="Reuters BIP Coding Group" action="confirmed" date="1996-12-03"/>
  </code>
  <code code="GENT">
    <editdetail attribution="Reuters BIP Coding Group" action="confirmed" date="1996-12-03"/>
  </code>
</codes>
<dc element="dc.date.created" value="1996-12-02"/>
<dc element="dc.publisher" value="Reuters Holdings Plc"/>
<dc element="dc.date.published" value="1996-12-03"/>
<dc element="dc.source" value="Reuters"/>
<dc element="dc.creator.location" value="LOS ANGELES"/>
<dc element="dc.creator.location.country.name" value="USA"/>
<dc element="dc.source" value="Reuters"/>
</metadata>
</newsitem>
