<?xml version="1.0" encoding="iso-8859-1" ?>
<newsitem itemid="607150" id="root" date="1997-05-22" xml:lang="en">
<title>HONG KONG: Swire Pacific buys 700,000 B shares.</title>
<headline>Swire Pacific buys 700,000 B shares.</headline>
<dateline>HONG KONG 1997-05-22</dateline>
<text>
<p>Swire Pacific Ltd said on Thursday it had bought 700,000 of its B shares at HK$10.60 and HK$10.65 per share on Wednesday.</p>
<p>The company has been disappointed by its share price performance and has been buying back shares this year. Swire B shares closed the morning session unchanged at HK$10.65.</p>
<p>&quot;We bought a few shares yesterday, 700,000 B shares at two prices -- HK$10.60 and HK$10.65,&quot; group finance director Peter Johansen told Reuters in an interview.</p>
<p>&quot;We don't have a particular policy of going for X percent but from time to time as opportunities arise we are prepared to go to the market.&quot;</p>
<p>Johansen said the aim was to add shareholder value.</p>
<p>&quot;We are not interested in creating what will be a false floor for our share price,&quot; he said.</p>
<p>-- Jennifer Genevieve (852) 2843 6345</p>
</text>
<copyright>(c) Reuters Limited 1997</copyright>
<metadata>
<codes class="bip:countries:1.0">
  <code code="HKONG">
    <editdetail attribution="Reuters BIP Coding Group" action="confirmed" date="1997-05-22"/>
  </code>
</codes>
<codes class="bip:industries:1.0">
  <code code="I83960">
    <editdetail attribution="Reuters BIP Coding Group" action="confirmed" date="1997-05-22"/>
  </code>
</codes>
<codes class="bip:topics:1.0">
  <code code="C17">
    <editdetail attribution="Reuters BIP Coding Group" action="confirmed" date="1997-05-22"/>
  </code>
  <code code="C171">
    <editdetail attribution="Reuters BIP Coding Group" action="confirmed" date="1997-05-22"/>
  </code>
  <code code="C18">
    <editdetail attribution="Reuters BIP Coding Group" action="confirmed" date="1997-05-22"/>
  </code>
  <code code="C181">
    <editdetail attribution="Reuters BIP Coding Group" action="confirmed" date="1997-05-22"/>
  </code>
  <code code="CCAT">
    <editdetail attribution="Reuters BIP Coding Group" action="confirmed" date="1997-05-22"/>
  </code>
</codes>
<dc element="dc.date.created" value="1997-05-22"/>
<dc element="dc.publisher" value="Reuters Holdings Plc"/>
<dc element="dc.date.published" value="1997-05-22"/>
<dc element="dc.source" value="Reuters"/>
<dc element="dc.creator.location" value="HONG KONG"/>
<dc element="dc.creator.location.country.name" value="HONG KONG"/>
<dc element="dc.source" value="Reuters"/>
</metadata>
</newsitem>
