<?xml version="1.0" encoding="iso-8859-1" ?>
<newsitem itemid="172185" id="root" date="1996-11-07" xml:lang="en">
<title>UK: Dominion price for E.Mids &quot;unrealistic&quot;.</title>
<headline>Dominion price for E.Mids &quot;unrealistic&quot;.</headline>
<byline>Jonathan Birt</byline>
<dateline>LONDON 1996-11-07</dateline>
<text>
<p>U.S. power utility Dominion Resources Inc will have to reconsider the price it is prepared to pay for East Midlands Electricity Plc if it is realistic about acquiring it, analysts said on Thursday.</p>
<p>On Wednesday Dominion's interest in East Midlands was flushed out by U.K. stock exchange regulators after East Midland's share price jumped by 13 percent.</p>
<p>But Dominion said it would not go much above Wednesday's closing price of 608 pence, valuing East Midlands at just over 1.2 billion stg ($1.97 billion), and industry sources said it would &quot;run away&quot; if the market drove the price up further.</p>
<p>Investors seemed to take Dominion at its word on Thursday, and with no bid on the table East Midlands' share price slipped back 21 pence to 587 in midafternoon trading.</p>
<p>But analysts said an offer would be most unlikely to succeed at 610 pence, valuing East Midlands less highly than Northern Electric Plc, which is subject of a 659 million stg bid from U.S. energy group CE Electric.</p>
<p>SG Strauss Turnbull analyst Marshall Whiting said Dominion was being &quot;very cheeky.&quot;</p>
<p>Dominion's declaration of interest follows hard on the heels of CalEnergy Co Inc unit CE Electric's 630 pence offer for Northern last week.</p>
<p>Using median forecast figures gathered by Edinburgh Financial Publishing, CE Electric's offer represents a P/E ratio of 9.3 against Northern's prospective year through March 1997 earnings and 8.6 times year through March 1998 earnings.</p>
</text>
<copyright>(c) Reuters Limited 1996</copyright>
<metadata>
<codes class="bip:countries:1.0">
  <code code="UK">
    <editdetail attribution="Reuters BIP Coding Group" action="confirmed" date="1996-11-07"/>
  </code>
</codes>
<codes class="bip:industries:1.0">
  <code code="I16000">
    <editdetail attribution="Reuters BIP Coding Group" action="confirmed" date="1996-11-07"/>
  </code>
  <code code="I16100">
    <editdetail attribution="Reuters BIP Coding Group" action="confirmed" date="1996-11-07"/>
  </code>
</codes>
<codes class="bip:topics:1.0">
  <code code="C18">
    <editdetail attribution="Reuters BIP Coding Group" action="confirmed" date="1996-11-07"/>
  </code>
  <code code="C181">
    <editdetail attribution="Reuters BIP Coding Group" action="confirmed" date="1996-11-07"/>
  </code>
  <code code="CCAT">
    <editdetail attribution="Reuters BIP Coding Group" action="confirmed" date="1996-11-07"/>
  </code>
</codes>
<dc element="dc.date.created" value="1996-11-07"/>
<dc element="dc.publisher" value="Reuters Holdings Plc"/>
<dc element="dc.date.published" value="1996-11-07"/>
<dc element="dc.source" value="Reuters"/>
<dc element="dc.creator.location" value="LONDON"/>
<dc element="dc.creator.location.country.name" value="UK"/>
<dc element="dc.source" value="Reuters"/>
</metadata>
</newsitem>
