<?xml version="1.0" encoding="iso-8859-1" ?>
<newsitem itemid="672066" id="root" date="1997-06-19" xml:lang="en">
<title>USA: BASEBALL-STANDINGS AFTER WEDNESDAY'S MAJOR LEAGUE GAMES.</title>
<headline>BASEBALL-STANDINGS AFTER WEDNESDAY'S MAJOR LEAGUE GAMES.</headline>
<dateline>NEW YORK 1997-06-18</dateline>
<text>
<p>Major League Baseball</p>
<p>standings after games on Wednesday (tabulate under wins,</p>
<p>losses, winning percentage and games behind first):</p>
<p>		   AMERICAN LEAGUE</p>
<p>		   EAST DIVISION</p>
<p>			 W    L   PCT  GB</p>
<p> BALTIMORE	  46   21  .687   -</p>
<p> NY YANKEES	 39   30  .565   8</p>
<p> TORONTO	    32   34  .485  13 1/2</p>
<p> BOSTON	     31   38  .449  16</p>
<p> DETROIT	    30   37  .448  16</p>
<p>		   CENTRAL DIVISION</p>
<p>			 W    L   PCT  GB</p>
<p> CLEVELAND	  35   31  .530   -</p>
<p> KANSAS CITY	33   34  .493   2 1/2</p>
<p> MILWAUKEE	  33   34  .493   2 1/2</p>
<p> CHI WHITE SOX    32   36  .471   4</p>
<p> MINNESOTA	  32   37  .464   4 1/2</p>
<p>		   WEST DIVISION</p>
<p>			 W    L   PCT  GB</p>
<p> SEATTLE	    38   31  .551   -</p>
<p> TEXAS		36   31  .537   1</p>
<p> ANAHEIM	    34   34  .500   3 1/2</p>
<p> OAKLAND	    30   41  .423   9</p>
<p>THURSDAY, JUNE 19 SCHEDULE</p>
<p>SEATTLE AT TEXAS		 </p>
<p>OAKLAND AT ANAHEIM	     </p>
<p>		   NATIONAL LEAGUE</p>
<p>		   EAST DIVISION</p>
<p>			 W    L   PCT  GB</p>
<p> ATLANTA	    44   26  .629   -</p>
<p> FLORIDA	    41   28  .594   2 1/2</p>
<p> MONTREAL	   40   29  .580   3 1/2</p>
<p> NY METS	    37   32  .536   6 1/2</p>
<p> PHILADELPHIA     22   46  .324  21</p>
<p>		   CENTRAL DIVISION</p>
<p>			 W    L   PCT  GB</p>
<p> HOUSTON	    34   37  .479   -</p>
<p> PITTSBURGH	 33   36  .478   -</p>
<p> ST LOUIS	   31   38  .449   2</p>
<p> CINCINNATI	 29   40  .420   4</p>
<p> CHICAGO CUBS     28   42  .400   5 1/2</p>
<p>		   WEST DIVISION</p>
<p>			 W    L   PCT  GB</p>
<p> SAN FRANCISCO    40   29  .580   -</p>
<p> COLORADO	   37   33  .529   3 1/2</p>
<p> LOS ANGELES	34   35  .493   6</p>
<p> SAN DIEGO	  29   40  .420  11</p>
<p>THURSDAY, JUNE 19 SCHEDULE</p>
<p>COLORADO AT SAN DIEGO</p>
<p>PITTSBURGH AT NY METS</p>
<p>LOS ANGELES AT SAN FRANCISCO</p>
</text>
<copyright>(c) Reuters Limited 1997</copyright>
<metadata>
<codes class="bip:countries:1.0">
  <code code="USA">
    <editdetail attribution="Reuters BIP Coding Group" action="confirmed" date="1997-06-19"/>
  </code>
</codes>
<codes class="bip:topics:1.0">
  <code code="GCAT">
    <editdetail attribution="Reuters BIP Coding Group" action="confirmed" date="1997-06-19"/>
  </code>
  <code code="GSPO">
    <editdetail attribution="Reuters BIP Coding Group" action="confirmed" date="1997-06-19"/>
  </code>
</codes>
<dc element="dc.date.created" value="1997-06-18"/>
<dc element="dc.publisher" value="Reuters Holdings Plc"/>
<dc element="dc.date.published" value="1997-06-19"/>
<dc element="dc.source" value="Reuters"/>
<dc element="dc.creator.location" value="NEW YORK"/>
<dc element="dc.creator.location.country.name" value="USA"/>
<dc element="dc.source" value="Reuters"/>
</metadata>
</newsitem>
