<?xml version="1.0" encoding="iso-8859-1" ?>
<newsitem itemid="51397" id="root" date="1996-09-13" xml:lang="en">
<title>USA: PRESS DIGEST - Daily Variety - September 13.</title>
<headline>PRESS DIGEST - Daily Variety - September 13.</headline>
<text>
<p>The following stories were reported in Friday's Daily Variety:</p>
<p>HOLLYWOOD - Mark Canton, chairman of Sony Corp's Columbia TriStar Motion Picture Cos, is expected to leave his job Friday. Meanwhile, negotiations are said to have broken down with Arnold Rifkin, head of the William Morris Agency motion picture department, to take Canton's slot.</p>
<p>HOLLYWOOD - The joint Time Warner and Turner Broadcasting System merger will cause layoffs in overlapping areas, according to an internal memo distributed to employees of the companies.</p>
<p>HOLLYWOOD - Creative Artists Agency agent Ruth-Ann Huvane will join the Sony Pictures TV arm as senior vice president of talent.</p>
<p>--New York Newsdesk  (212) 859-1610</p>
</text>
<copyright>(c) Reuters Limited 1996</copyright>
<metadata>
<codes class="bip:countries:1.0">
  <code code="USA">
    <editdetail attribution="Reuters BIP Coding Group" action="confirmed" date="1996-09-13"/>
  </code>
</codes>
<codes class="bip:topics:1.0">
  <code code="GCAT">
    <editdetail attribution="Reuters BIP Coding Group" action="confirmed" date="1996-09-13"/>
  </code>
</codes>
<dc element="dc.publisher" value="Reuters Holdings Plc"/>
<dc element="dc.date.published" value="1996-09-13"/>
<dc element="dc.source" value="Reuters"/>
<dc element="dc.creator.location.country.name" value="USA"/>
<dc element="dc.source" value="Reuters"/>
</metadata>
</newsitem>
