<?xml version="1.0" encoding="iso-8859-1" ?>
<newsitem itemid="443631" id="root" date="1997-03-14" xml:lang="en">
<title>USA: MIT's Dornbusch sees intervention at 130-135 yen.</title>
<headline>MIT's Dornbusch sees intervention at 130-135 yen.</headline>
<dateline>BOCA RATON, Fla. 1997-03-14</dateline>
<text>
<p>The 130 to 135 spot yen area could be a target zone for intervention, a Massachusetts Institute of Technology economist said Friday.</p>
<p>&quot;A dollar rise and a rise in rates will test that question,&quot; Rudi Dornbusch, Ford International professor of economics and international management at MIT, said at the Futures Industry Association's annual conference here.</p>
<p>Dornbusch also said a 25-basis-point rise in short-term U.S. rates is &quot;surely a foregone decision,&quot; and sees an inevitable rise in U.S. rates in the next three months. He said another 25-basis-point tightening could be occur before Christmas.</p>
<p>He expects volatility in currency markets, and said investors were heading for &quot;a happy world for trading.&quot; ((Derivatives desk 312-408-8750;E-mail derivatives@reuters.com))</p>
</text>
<copyright>(c) Reuters Limited 1997</copyright>
<metadata>
<codes class="bip:countries:1.0">
  <code code="USA">
    <editdetail attribution="Reuters BIP Coding Group" action="confirmed" date="1997-03-14"/>
  </code>
</codes>
<codes class="bip:topics:1.0">
  <code code="M13">
    <editdetail attribution="Reuters BIP Coding Group" action="confirmed" date="1997-03-14"/>
  </code>
  <code code="M132">
    <editdetail attribution="Reuters BIP Coding Group" action="confirmed" date="1997-03-14"/>
  </code>
  <code code="MCAT">
    <editdetail attribution="Reuters BIP Coding Group" action="confirmed" date="1997-03-14"/>
  </code>
</codes>
<dc element="dc.date.created" value="1997-03-14"/>
<dc element="dc.publisher" value="Reuters Holdings Plc"/>
<dc element="dc.date.published" value="1997-03-14"/>
<dc element="dc.source" value="Reuters"/>
<dc element="dc.creator.location" value="BOCA RATON, Fla."/>
<dc element="dc.creator.location.country.name" value="USA"/>
<dc element="dc.source" value="Reuters"/>
</metadata>
</newsitem>
