<?xml version="1.0" encoding="iso-8859-1" ?>
<newsitem itemid="401938" id="root" date="1997-02-25" xml:lang="en">
<title>USA: U.S. West Coast late prods stay weak with NYMEX.</title>
<headline>U.S. West Coast late prods stay weak with NYMEX.</headline>
<dateline>LOS ANGELES 1997-02-24</dateline>
<text>
<p>U.S. West Coast spot product prices stayed weak in a subdued Monday market, with few bids seen amid a sharp sell-off in NYMEX prices, brokers said.</p>
<p>A cargo of Los Angeles CARB gasoline was heard sold at 72 cents a gallon, a 1.50-cent drop since Friday, with no bids reported.</p>
<p>Conventional gasoline in L.A. was talked between 66 and 67 cents a gallon, down one cent from Friday, with NYMEX April crude oil putting pressure on local spot trade as it fell 68 cents to $20.71 a barrel.  </p>
<p>Outright prices for San Francisco gasoline were fell in line with the L.A. market Monday, and stood two cents a gallon lower than L.A. grades.</p>
<p>Jet fuel was talked one cent a gallon lower at 67/68 cents a gallon in Los Angeles, with other distillates also falling a cent on the day.</p>
</text>
<copyright>(c) Reuters Limited 1997</copyright>
<metadata>
<codes class="bip:countries:1.0">
  <code code="USA">
    <editdetail attribution="Reuters BIP Coding Group" action="confirmed" date="1997-02-25"/>
  </code>
</codes>
<codes class="bip:topics:1.0">
  <code code="M14">
    <editdetail attribution="Reuters BIP Coding Group" action="confirmed" date="1997-02-25"/>
  </code>
  <code code="M143">
    <editdetail attribution="Reuters BIP Coding Group" action="confirmed" date="1997-02-25"/>
  </code>
  <code code="MCAT">
    <editdetail attribution="Reuters BIP Coding Group" action="confirmed" date="1997-02-25"/>
  </code>
</codes>
<dc element="dc.date.created" value="1997-02-24"/>
<dc element="dc.publisher" value="Reuters Holdings Plc"/>
<dc element="dc.date.published" value="1997-02-25"/>
<dc element="dc.source" value="Reuters"/>
<dc element="dc.creator.location" value="LOS ANGELES"/>
<dc element="dc.creator.location.country.name" value="USA"/>
<dc element="dc.source" value="Reuters"/>
</metadata>
</newsitem>
