<?xml version="1.0" encoding="iso-8859-1" ?>
<newsitem itemid="686447" id="root" date="1997-06-25" xml:lang="en">
<title>USA: Iowa-So Minn hogs estimated Wednesday 100,000 - USDA.</title>
<headline>Iowa-So Minn hogs estimated Wednesday 100,000 - USDA.</headline>
<dateline>DES MOINES 1997-06-25</dateline>
<text>
<p>Estimated interior Iowa and southern Minnesota hog receipts Wednesday were 100,000 head, compared with 102,000 a week ago and 90,000 a year ago.</p>
<p>Estimates include generally about 65 percent Carcass Base Hogs. Barrows and gilts were $0.50 per cwt lower than the mid-session Tuesday. Trade moderate for light to moderate demandand offerings.</p>
<p>				  Country		   Plants</p>
<p>US 1-3   46-49% Carcass Base Lean</p>
<p>220-260 lbs	    58.00 -59.00	   59.00 -60.00</p>
<p>few			57.50  59.50	   58.50  60.50</p>
<p>US 1-3   46-49% Carcass Base Lean*</p>
<p>260-280 lbs	    57.00 -59.00	   57.50 -60.00</p>
<p>US 2-4   43-49% Carcass Base Lean</p>
<p>280-300 lbs	    57.00 -59.00	   57.50 -60.00</p>
<p>Sows:  steady to 2.00 higher.</p>
<p>US 1-3 300-450 lbs   45.00 -47.00	   45.00 -48.00</p>
<p>450-500 lbs.	   45.50 -47.00	   45.50 -48.00</p>
<p>500 lbs. up	    47.00 -50.00	   47.00 -51.00</p>
<p>Note: Prices quoted represent sales of hogs averaging 73-74 pct. carcass yields with mostly 1.00-1.25 inches of last rib backfat and 47-48 pct. lean. Special considerations and grade premiums not reflected in base prices.</p>
<p>((Chicago newsdesk 312-408-8720))</p>
</text>
<copyright>(c) Reuters Limited 1997</copyright>
<metadata>
<codes class="bip:countries:1.0">
  <code code="USA">
    <editdetail attribution="Reuters BIP Coding Group" action="confirmed" date="1997-06-25"/>
  </code>
</codes>
<codes class="bip:topics:1.0">
  <code code="M14">
    <editdetail attribution="Reuters BIP Coding Group" action="confirmed" date="1997-06-25"/>
  </code>
  <code code="M141">
    <editdetail attribution="Reuters BIP Coding Group" action="confirmed" date="1997-06-25"/>
  </code>
  <code code="MCAT">
    <editdetail attribution="Reuters BIP Coding Group" action="confirmed" date="1997-06-25"/>
  </code>
</codes>
<dc element="dc.date.created" value="1997-06-25"/>
<dc element="dc.publisher" value="Reuters Holdings Plc"/>
<dc element="dc.date.published" value="1997-06-25"/>
<dc element="dc.source" value="Reuters"/>
<dc element="dc.creator.location" value="DES MOINES"/>
<dc element="dc.creator.location.country.name" value="USA"/>
<dc element="dc.source" value="Reuters"/>
</metadata>
</newsitem>
