<?xml version="1.0" encoding="iso-8859-1" ?>
<newsitem itemid="693939" id="root" date="1997-06-27" xml:lang="en">
<title>JAPAN: Itoki -96/97 group forecast.</title>
<headline>Itoki -96/97 group forecast.</headline>
<dateline>TOKYO 1997-06-27</dateline>
<text>
<p>Year to November 30, 1997</p>
<p>		   (in billions of yen unless specified)</p>
<p>			   LATEST	    PREVIOUS	   ACTUAL</p>
<p> (Group)		FORECAST	   FORECAST	  YEAR-AGO</p>
<p> Sales		132.30	     135.90	     132.02</p>
<p> Current	    590    million	   1.12	     933    million</p>
<p> Net		   85    million	 940    million	 710    million</p>
<p>NOTE - Itoki Co Ltd is a major seller of office-use furniture.</p>
</text>
<copyright>(c) Reuters Limited 1997</copyright>
<metadata>
<codes class="bip:countries:1.0">
  <code code="JAP">
    <editdetail attribution="Reuters BIP Coding Group" action="confirmed" date="1997-06-27"/>
  </code>
</codes>
<codes class="bip:industries:1.0">
  <code code="I31000">
    <editdetail attribution="Reuters BIP Coding Group" action="confirmed" date="1997-06-27"/>
  </code>
</codes>
<codes class="bip:topics:1.0">
  <code code="C15">
    <editdetail attribution="Reuters BIP Coding Group" action="confirmed" date="1997-06-27"/>
  </code>
  <code code="C152">
    <editdetail attribution="Reuters BIP Coding Group" action="confirmed" date="1997-06-27"/>
  </code>
  <code code="CCAT">
    <editdetail attribution="Reuters BIP Coding Group" action="confirmed" date="1997-06-27"/>
  </code>
</codes>
<dc element="dc.date.created" value="1997-06-27"/>
<dc element="dc.publisher" value="Reuters Holdings Plc"/>
<dc element="dc.date.published" value="1997-06-27"/>
<dc element="dc.source" value="Reuters"/>
<dc element="dc.creator.location" value="TOKYO"/>
<dc element="dc.creator.location.country.name" value="JAPAN"/>
<dc element="dc.source" value="Reuters"/>
</metadata>
</newsitem>
