<?xml version="1.0" encoding="iso-8859-1" ?>
<newsitem itemid="365595" id="root" date="1997-02-09" xml:lang="en">
<title>AUSTRALIA: Golf-Alker equals course record to win Sth Australian Open.</title>
<headline>Golf-Alker equals course record to win Sth Australian Open.</headline>
<dateline>ADELAIDE 1996-02-10</dateline>
<text>
<p>New Zealander Steve Alker equalled the Kooyonga Golf Club course record on Sunday to win the South Australian Open after Australia's Wayne Grady made a hash of the 17th.</p>
<p>Alker fired a seven-under-par 65 to leapfrog the early leaders, including British Open champion Tom Lehman, and win by one shot from Grady. He finished on 273, 15 under par.</p>
<p>British Open champion Lehman, who led by one shot overnight, carded a 72 to share third place on 13 under with Craig Parry and Brett Ogle of Australia and New Zealand's Michael Long.</p>
</text>
<copyright>(c) Reuters Limited 1997</copyright>
<metadata>
<codes class="bip:countries:1.0">
  <code code="AUSTR">
    <editdetail attribution="Reuters BIP Coding Group" action="confirmed" date="1997-02-09"/>
  </code>
  <code code="NZ">
    <editdetail attribution="Reuters BIP Coding Group" action="confirmed" date="1997-02-09"/>
  </code>
</codes>
<codes class="bip:topics:1.0">
  <code code="GCAT">
    <editdetail attribution="Reuters BIP Coding Group" action="confirmed" date="1997-02-09"/>
  </code>
  <code code="GSPO">
    <editdetail attribution="Reuters BIP Coding Group" action="confirmed" date="1997-02-09"/>
  </code>
</codes>
<dc element="dc.date.created" value="1996-02-10"/>
<dc element="dc.publisher" value="Reuters Holdings Plc"/>
<dc element="dc.date.published" value="1997-02-09"/>
<dc element="dc.source" value="Reuters"/>
<dc element="dc.creator.location" value="ADELAIDE"/>
<dc element="dc.creator.location.country.name" value="AUSTRALIA"/>
<dc element="dc.source" value="Reuters"/>
</metadata>
</newsitem>
