<?xml version="1.0" encoding="iso-8859-1" ?>
<newsitem itemid="374203" id="root" date="1997-02-12" xml:lang="en">
<title>TAIWAN: PRESS DIGEST - Taiwan newspapers - February 12.</title>
<headline>PRESS DIGEST - Taiwan newspapers - February 12.</headline>
<dateline>TAIPEI 1997-02-12</dateline>
<text>
<p>These are the leading stories in the Taiwan press on Wednesday. Reuters has not verified these stories and does not vouch for their accuracy.</p>
<p>Newspaper headlines</p>
<p>CHINA TIMES - Taiwan government to spend an estimated T$200 billion per year on urban development projects.</p>
<p>Police authorities to launch another crackdown on gangsters.</p>
<p>- - - -</p>
<p>UNITED DAILY NEWS - Economics Ministry to announce by end-March timetable for liberalisation of oil products.</p>
<p>Stock market rallies past 7,400 points in the first trading session in the Year of Ox.</p>
<p>- - - -</p>
<p>LIBERTY TIMES - Thirty-eight Taiwan passengers witness airplane hijack in China.</p>
<p>Government aims to raise Taiwan's global competitiveness.</p>
<p>- - - -</p>
<p>COMMERCIAL TIMES - Oil price in Taiwan may rise by five percent in first half of 1997.</p>
<p>Five companies from mainland China are expected to join Taiwan's regional transshipment centre scheme.</p>
<p>- - - -</p>
<p>ECONOMIC DAILY NEWS - Taiwan to delay eliminating import tariffs on eight products until 2002.</p>
<p>Taiwan dollar falls on the strength of U.S. dollar in overseas markets.</p>
<p>-- Taipei Newsroom (5080815)</p>
</text>
<copyright>(c) Reuters Limited 1997</copyright>
<metadata>
<codes class="bip:countries:1.0">
  <code code="TAIWAN">
    <editdetail attribution="Reuters BIP Coding Group" action="confirmed" date="1997-02-12"/>
  </code>
</codes>
<codes class="bip:topics:1.0">
  <code code="GCAT">
    <editdetail attribution="Reuters BIP Coding Group" action="confirmed" date="1997-02-12"/>
  </code>
</codes>
<dc element="dc.date.created" value="1997-02-12"/>
<dc element="dc.publisher" value="Reuters Holdings Plc"/>
<dc element="dc.date.published" value="1997-02-12"/>
<dc element="dc.source" value="Reuters"/>
<dc element="dc.creator.location" value="TAIPEI"/>
<dc element="dc.creator.location.country.name" value="TAIWAN"/>
<dc element="dc.source" value="Reuters"/>
</metadata>
</newsitem>
