<?xml version="1.0" encoding="iso-8859-1" ?>
<newsitem itemid="150890" id="root" date="1996-10-29" xml:lang="en">
<title>NETHERLANDS: BT Office Products to buy Dutch Kuipers.</title>
<headline>BT Office Products to buy Dutch Kuipers.</headline>
<dateline>AMSTERDAM 1996-10-29</dateline>
<text>
<p>Paper, office supplies and printing equipment group NV Koninklijke KNP BT said on Tuesday its 70-percent owned unit BT Office Products had agreed in principle to buy Dutch office supplies firm Kuipers Centrum voor Kantoorefficiency.</p>
<p>No financial details of the transaction were disclosed.  </p>
<p>&quot;With annual turnover of 115 million guilders and 300 employees, Kuipers is one of the fastest growing Dutch companies in the office products segment,&quot; KNP BT said in a statement.</p>
<p>Kuipers is headquartered in the northeastern town of Zwolle and has five other outlets in the northern and central Netherlands. The company aims at an accelerated expansion in the rest of the country, KNP BT said.</p>
<p>It added the transaction is expected to be finalised at the end of the year.</p>
<p>-- Amsterdam newsroom +31 20 504 5000, Fax +31 20 504 5040</p>
</text>
<copyright>(c) Reuters Limited 1996</copyright>
<metadata>
<codes class="bip:countries:1.0">
  <code code="NETH">
    <editdetail attribution="Reuters BIP Coding Group" action="confirmed" date="1996-10-29"/>
  </code>
</codes>
<codes class="bip:industries:1.0">
  <code code="I47100">
    <editdetail attribution="Reuters BIP Coding Group" action="confirmed" date="1996-10-29"/>
  </code>
  <code code="I61000">
    <editdetail attribution="Reuters BIP Coding Group" action="confirmed" date="1996-10-29"/>
  </code>
</codes>
<codes class="bip:topics:1.0">
  <code code="C18">
    <editdetail attribution="Reuters BIP Coding Group" action="confirmed" date="1996-10-29"/>
  </code>
  <code code="C181">
    <editdetail attribution="Reuters BIP Coding Group" action="confirmed" date="1996-10-29"/>
  </code>
  <code code="CCAT">
    <editdetail attribution="Reuters BIP Coding Group" action="confirmed" date="1996-10-29"/>
  </code>
</codes>
<dc element="dc.date.created" value="1996-10-29"/>
<dc element="dc.publisher" value="Reuters Holdings Plc"/>
<dc element="dc.date.published" value="1996-10-29"/>
<dc element="dc.source" value="Reuters"/>
<dc element="dc.creator.location" value="AMSTERDAM"/>
<dc element="dc.creator.location.country.name" value="NETHERLANDS"/>
<dc element="dc.source" value="Reuters"/>
</metadata>
</newsitem>
