<?xml version="1.0" encoding="iso-8859-1" ?>
<newsitem itemid="251267" id="root" date="1996-12-12" xml:lang="en">
<title>USA: Rubin repeats strong dollar in U.S. best interests.</title>
<headline>Rubin repeats strong dollar in U.S. best interests.</headline>
<dateline>CAMBRIDGE, Mass 1996-12-12</dateline>
<text>
<p>Treasury Secretary Robert Rubin Thursday reiterated his support for a strong dollar.</p>
<p>&quot;Our position is as it has been all along,&quot; he said. &quot;A strong dollar is in the best interests of the United States. It tends to promote low inflation, low interest rates.&quot;</p>
<p>Talking to reporters after a forum sponsored by the John F. Kennedy School, Rubin added that U.S. economic growth is solid and inflation low. &quot;We are having a strong economy. We have low unemployment and we have generally healthy conditions,&quot; he said.</p>
</text>
<copyright>(c) Reuters Limited 1996</copyright>
<metadata>
<codes class="bip:countries:1.0">
  <code code="USA">
    <editdetail attribution="Reuters BIP Coding Group" action="confirmed" date="1996-12-12"/>
  </code>
</codes>
<codes class="bip:topics:1.0">
  <code code="E12">
    <editdetail attribution="Reuters BIP Coding Group" action="confirmed" date="1996-12-12"/>
  </code>
  <code code="ECAT">
    <editdetail attribution="Reuters BIP Coding Group" action="confirmed" date="1996-12-12"/>
  </code>
</codes>
<dc element="dc.date.created" value="1996-12-12"/>
<dc element="dc.publisher" value="Reuters Holdings Plc"/>
<dc element="dc.date.published" value="1996-12-12"/>
<dc element="dc.source" value="Reuters"/>
<dc element="dc.creator.location" value="CAMBRIDGE, Mass"/>
<dc element="dc.creator.location.country.name" value="USA"/>
<dc element="dc.source" value="Reuters"/>
</metadata>
</newsitem>
