<?xml version="1.0" encoding="iso-8859-1" ?>
<newsitem itemid="41250" id="root" date="1996-09-09" xml:lang="en">
<title>TAIWAN: China Development August sales rise.</title>
<headline>China Development August sales rise.</headline>
<dateline>TAIPEI 1996-09-09</dateline>
<text>
<p>Taiwan's China Development Corp, a venture capital and investment firm, said on Monday its sales revenue in August jumped 35.74 percent to T$427 million from T$314 million in August 1995.</p>
<p>Combined sales revenue for the first eight months in 1996 rose 8.36 percent to T$4.814 billion from T$4.443 billion in the same period last year, the company said in a statement.</p>
<p>It did not give profit figures.</p>
<p>-- Taipei Newsroom (5080815)</p>
</text>
<copyright>(c) Reuters Limited 1996</copyright>
<metadata>
<codes class="bip:countries:1.0">
  <code code="TAIWAN">
    <editdetail attribution="Reuters BIP Coding Group" action="confirmed" date="1996-09-09"/>
  </code>
</codes>
<codes class="bip:industries:1.0">
  <code code="I83100">
    <editdetail attribution="Reuters BIP Coding Group" action="confirmed" date="1996-09-09"/>
  </code>
</codes>
<codes class="bip:topics:1.0">
  <code code="C15">
    <editdetail attribution="Reuters BIP Coding Group" action="confirmed" date="1996-09-09"/>
  </code>
  <code code="C151">
    <editdetail attribution="Reuters BIP Coding Group" action="confirmed" date="1996-09-09"/>
  </code>
  <code code="C31">
    <editdetail attribution="Reuters BIP Coding Group" action="confirmed" date="1996-09-09"/>
  </code>
  <code code="CCAT">
    <editdetail attribution="Reuters BIP Coding Group" action="confirmed" date="1996-09-09"/>
  </code>
</codes>
<dc element="dc.date.created" value="1996-09-09"/>
<dc element="dc.publisher" value="Reuters Holdings Plc"/>
<dc element="dc.date.published" value="1996-09-09"/>
<dc element="dc.source" value="Reuters"/>
<dc element="dc.creator.location" value="TAIPEI"/>
<dc element="dc.creator.location.country.name" value="TAIWAN"/>
<dc element="dc.source" value="Reuters"/>
</metadata>
</newsitem>
