<?xml version="1.0" encoding="iso-8859-1" ?>
<newsitem itemid="564284" id="root" date="1997-05-06" xml:lang="en">
<title>GERMANY: Buba's Kuehbacher - no need for interest rate rise.</title>
<headline>Buba's Kuehbacher - no need for interest rate rise.</headline>
<dateline>BERLIN 1997-05-06</dateline>
<text>
<p>Bundesbank council member Klaus-Dieter Kuehbacher said on Tuesday Germany's economy would grow by 2.25 percent at most in 1997 and that he saw no need for interest rate rises at present. </p>
<p>The Bundesbank had ensured &quot;absolute price stability&quot; and could do no more to improve economic conditions, Kuehbacher told a news conference.</p>
<p>At the moment I see no need for interest rate rises,&quot; he said.</p>
<p>Kuehbacher is president of the state central bank for Berlin and Brandenburg.</p>
<p>--Frankfurt Newsroom, +49 69 756525</p>
</text>
<copyright>(c) Reuters Limited 1997</copyright>
<metadata>
<codes class="bip:countries:1.0">
  <code code="GFR">
    <editdetail attribution="Reuters BIP Coding Group" action="confirmed" date="1997-05-06"/>
  </code>
</codes>
<codes class="bip:topics:1.0">
  <code code="E12">
    <editdetail attribution="Reuters BIP Coding Group" action="confirmed" date="1997-05-06"/>
  </code>
  <code code="ECAT">
    <editdetail attribution="Reuters BIP Coding Group" action="confirmed" date="1997-05-06"/>
  </code>
</codes>
<dc element="dc.date.created" value="1997-05-06"/>
<dc element="dc.publisher" value="Reuters Holdings Plc"/>
<dc element="dc.date.published" value="1997-05-06"/>
<dc element="dc.source" value="Reuters"/>
<dc element="dc.creator.location" value="BERLIN"/>
<dc element="dc.creator.location.country.name" value="GERMANY"/>
<dc element="dc.source" value="Reuters"/>
</metadata>
</newsitem>
