<?xml version="1.0" encoding="iso-8859-1" ?>
<newsitem itemid="175114" id="root" date="1996-11-08" xml:lang="en">
<title>USA: RESEARCH ALERT - Kellogg Q4 estimate cut.</title>
<headline>RESEARCH ALERT - Kellogg Q4 estimate cut.</headline>
<text>
<p>-- Goldman Sachs analyst Nomi Ghez said Friday she cut her fourth quarter 1996 earnings estimate for cereal maker Kellogg Co to $0.77 a share from $0.81 earlier.</p>
<p>-- Kellogg earned $0.77 a share in the 1995 period.</p>
<p>-- With the cut in the fourth quarter estimate, 1996 projection is now $3.06 a share, down from $3.48 in 1995.</p>
<p>-- Kellogg shares were off 1-1/2 at 66-1/4, after trading as low as 65-1/2 earlier today.</p>
<p>-- Kellogg met with analysts earlier today. &quot;I don't think the presentation delivered any material news, either on the financial or operations side,&quot; Ghez said.  </p>
<p>-- Ghez said Kellogg expects first quarter earnings to decline from the $0.99 it earned in the 1996 first quarter, but did not quantify the potential drop.</p>
<p>-- Fiscal 1997 earnings are expected to be up by a low double-digit percentage, with the help of reduced number of shares due to stock repurchases.</p>
<p>-- Reuters Chicago Newsdesk - 312-408-8787</p>
</text>
<copyright>(c) Reuters Limited 1996</copyright>
<metadata>
<codes class="bip:countries:1.0">
  <code code="USA">
    <editdetail attribution="Reuters BIP Coding Group" action="confirmed" date="1996-11-08"/>
  </code>
</codes>
<codes class="bip:industries:1.0">
  <code code="I41000">
    <editdetail attribution="Reuters BIP Coding Group" action="confirmed" date="1996-11-08"/>
  </code>
</codes>
<codes class="bip:topics:1.0">
  <code code="C15">
    <editdetail attribution="Reuters BIP Coding Group" action="confirmed" date="1996-11-08"/>
  </code>
  <code code="C152">
    <editdetail attribution="Reuters BIP Coding Group" action="confirmed" date="1996-11-08"/>
  </code>
  <code code="CCAT">
    <editdetail attribution="Reuters BIP Coding Group" action="confirmed" date="1996-11-08"/>
  </code>
</codes>
<dc element="dc.publisher" value="Reuters Holdings Plc"/>
<dc element="dc.date.published" value="1996-11-08"/>
<dc element="dc.source" value="Reuters"/>
<dc element="dc.creator.location.country.name" value="USA"/>
<dc element="dc.source" value="Reuters"/>
</metadata>
</newsitem>
