<?xml version="1.0" encoding="iso-8859-1" ?>
<newsitem itemid="758413" id="root" date="1997-07-26" xml:lang="en">
<title>PAKISTAN: PRESS DIGEST - Pakistan - July 26.</title>
<headline>PRESS DIGEST - Pakistan - July 26.</headline>
<text>
<p>These are the leading stories in the Pakistani newspapers on Saturday. Reuters has not verified these stories and does not vouch for their accuracy.</p>
<p>THE NATION</p>
<p>-Police rounded up 19 activists of a Sunni Moslem militant organisation in Lahore, provincial capital of Punjab.</p>
<p>THE MUSLIM</p>
<p>- More than 40 people, including policemen, were injured and around 200 arrested when farmers protesting against the imposition of agriculture tax clashed with police in Sargodha town in central Punjab.</p>
<p>DAWN</p>
<p>- The Supreme Court of Pakistan will start inquiry into ethnic killings in Karachi from Saturday.</p>
<p>- The Chief of Air Staff Mohammad Abbas Khattak removed two senior officers of the Pakistan Air Force Academy at Risalpur from their posts and ordered a court martial of senior cadets allegedly involved in the death of two aviation cadets by ragging.</p>
<p>- Prime Minister Nawaz Sharif will pay an official visit to Malaysia between July 31 and August 3 to enhance bilateral relations.</p>
<p>- A mission of the U.S.-based credit rating agency Moody's Investors Service Inc. will visit Pakistan in October to assess Pakistan's sovereign risk, a brokerage house said.</p>
<p>BUSINESS RECORDER</p>
<p>- Finance Minister Sartaj Aziz said that after the agreement with the International Monetary Fund for a soft loan, the crisis of debt servicing is over for at least one year.</p>
<p>- The state-run Karachi Port Trust is actively considering a downward revision of tariff for container ships to make the port charges comparable with Port Qasim, Karachi's second port.</p>
<p>-- Islamabad Newsroom 274757</p>
</text>
<copyright>(c) Reuters Limited 1997</copyright>
<metadata>
<codes class="bip:countries:1.0">
  <code code="PAKIS">
    <editdetail attribution="Reuters BIP Coding Group" action="confirmed" date="1997-07-26"/>
  </code>
</codes>
<codes class="bip:topics:1.0">
  <code code="GCAT">
    <editdetail attribution="Reuters BIP Coding Group" action="confirmed" date="1997-07-26"/>
  </code>
</codes>
<dc element="dc.publisher" value="Reuters Holdings Plc"/>
<dc element="dc.date.published" value="1997-07-26"/>
<dc element="dc.source" value="Reuters"/>
<dc element="dc.creator.location.country.name" value="PAKISTAN"/>
<dc element="dc.source" value="Reuters"/>
</metadata>
</newsitem>
