<?xml version="1.0" encoding="iso-8859-1" ?>
<newsitem itemid="125651" id="root" date="1996-10-18" xml:lang="en">
<title>UK: HORSE RACING-IN COMMAND STAKES 1997 GUINEAS PLACE.</title>
<headline>HORSE RACING-IN COMMAND STAKES 1997 GUINEAS PLACE.</headline>
<dateline>NEWMARKET, England 1996-10-18</dateline>
<text>
<p>In Command, a 10-1 chance ridden by Michael Hills, won the group one Dewhurst Stakes on Friday to stake his claim as a 1997 classic candidate.</p>
<p>In Command, trained by Barry Hills for Sheikh Maktoum al Maktoum, had a head to spare over Musical Pursuit (13-2), the mount of Pat Eddery. </p>
<p>The Dewhurst occasionally produces a 2,000 Guineas winner, although bookmakers were not too impressed, quoting the colt at 25-1. But jockey Hills was more enthusiastic, saying: &quot;He will be a stronger horse next year.&quot;</p>
<p>Earlier, the Rockfel Stakes, a race for two-year-old fillies, was won by Moonlight Paradise, ridden by Frankie Dettori for the Godolphin group.</p>
<p>Moonlight Paradise took over the running 400 metres out to beat Dazzle by two and a half lengths.</p>
<p>Moonlight Paradise is now 7-1 for next year's 1,000 Guineas with Dazzle at 14-1.</p>
</text>
<copyright>(c) Reuters Limited 1996</copyright>
<metadata>
<codes class="bip:countries:1.0">
  <code code="UK">
    <editdetail attribution="Reuters BIP Coding Group" action="confirmed" date="1996-10-18"/>
  </code>
</codes>
<codes class="bip:topics:1.0">
  <code code="GCAT">
    <editdetail attribution="Reuters BIP Coding Group" action="confirmed" date="1996-10-18"/>
  </code>
  <code code="GSPO">
    <editdetail attribution="Reuters BIP Coding Group" action="confirmed" date="1996-10-18"/>
  </code>
</codes>
<dc element="dc.date.created" value="1996-10-18"/>
<dc element="dc.publisher" value="Reuters Holdings Plc"/>
<dc element="dc.date.published" value="1996-10-18"/>
<dc element="dc.source" value="Reuters"/>
<dc element="dc.creator.location" value="NEWMARKET, England"/>
<dc element="dc.creator.location.country.name" value="UK"/>
<dc element="dc.source" value="Reuters"/>
</metadata>
</newsitem>
