<?xml version="1.0" encoding="iso-8859-1" ?>
<newsitem itemid="554946" id="root" date="1997-05-01" xml:lang="en">
<title>JAPAN: Tokyo Style - 96/97 group results.</title>
<headline>Tokyo Style - 96/97 group results.</headline>
<dateline>TOKYO 1997-05-01</dateline>
<text>
<p>Year to February 28, 1997</p>
<p> (Group)	(in billions of yen unless specified)</p>
<p> Sales		 69.78		vs	   66.31</p>
<p> Operating	    5.70		vs	    4.15</p>
<p> Current		8.35		vs	    7.22</p>
<p> Net		    3.88		vs	    3.73</p>
<p> EPS		   37.89 yen	  vs	   36.48 yen</p>
<p> Diluted EPS	 37.76 yen	  vs		 -</p>
<p>NOTE - Tokyo Style Co Ltd is a manufacturer of women&quot;s apparel.</p>
</text>
<copyright>(c) Reuters Limited 1997</copyright>
<metadata>
<codes class="bip:countries:1.0">
  <code code="JAP">
    <editdetail attribution="Reuters BIP Coding Group" action="confirmed" date="1997-05-01"/>
  </code>
</codes>
<codes class="bip:industries:1.0">
  <code code="I45300">
    <editdetail attribution="Reuters BIP Coding Group" action="confirmed" date="1997-05-01"/>
  </code>
</codes>
<codes class="bip:topics:1.0">
  <code code="C15">
    <editdetail attribution="Reuters BIP Coding Group" action="confirmed" date="1997-05-01"/>
  </code>
  <code code="C151">
    <editdetail attribution="Reuters BIP Coding Group" action="confirmed" date="1997-05-01"/>
  </code>
  <code code="C1511">
    <editdetail attribution="Reuters BIP Coding Group" action="confirmed" date="1997-05-01"/>
  </code>
  <code code="CCAT">
    <editdetail attribution="Reuters BIP Coding Group" action="confirmed" date="1997-05-01"/>
  </code>
</codes>
<dc element="dc.date.created" value="1997-05-01"/>
<dc element="dc.publisher" value="Reuters Holdings Plc"/>
<dc element="dc.date.published" value="1997-05-01"/>
<dc element="dc.source" value="Reuters"/>
<dc element="dc.creator.location" value="TOKYO"/>
<dc element="dc.creator.location.country.name" value="JAPAN"/>
<dc element="dc.source" value="Reuters"/>
</metadata>
</newsitem>
