<?xml version="1.0" encoding="iso-8859-1" ?>
<newsitem itemid="490593" id="root" date="1997-04-07" xml:lang="en">
<title>SOUTH AFRICA: Engen seeks black partner, more Africa turf.</title>
<headline>Engen seeks black partner, more Africa turf.</headline>
<dateline>JOHANNESBURG 1997-04-07</dateline>
<text>
<p>South African fuel and oils company Engen Ltd said on Monday it was keen to tie-up with a black empowerment company, but had not yet found the right deal.</p>
<p>&quot;We would truly embrace the right deal...we have looked but this is not a business where we print money,&quot; said chief executive Rob Angel.</p>
<p>South African competitor Sasol Ltd recently signed a deal with black group Naledi Petroleum Industries to create a multi-million rand black-controlled oil company. Sasol holds a 22.5 percent stake in the new business.</p>
<p>Angel said Engen, through its upstream subsidiary Energy Africa Ltd, was also keen to pursue more opportunities in Africa where the firm is already active in countries including Tanzania, Zimbabwe, Mozambique, Zaire and Namibia.</p>
<p>&quot;We would expect down the road to be increasing our activities in a number of other African countries,&quot; Angel said.</p>
<p>He said Engen's tie-up last year with Malaysian state-owned fuels company Petronas had greatly improved its prospects on the continent.</p>
<p>&quot;They have opened up real posibilities in a blue sky scenario that we would only have dreamt about in the next 10 years,&quot; Angel said.</p>
<p>Petronas last June bought a 30 percent stake in Engen for 1.9 billion rand in the second biggest foreign investment in South Africa to date.</p>
<p>-- Nicole Mordant, Johannesburg newsroom 27 11 482 1003</p>
</text>
<copyright>(c) Reuters Limited 1997</copyright>
<metadata>
<codes class="bip:countries:1.0">
  <code code="SAFR">
    <editdetail attribution="Reuters BIP Coding Group" action="confirmed" date="1997-04-07"/>
  </code>
</codes>
<codes class="bip:industries:1.0">
  <code code="I14000">
    <editdetail attribution="Reuters BIP Coding Group" action="confirmed" date="1997-04-07"/>
  </code>
</codes>
<codes class="bip:topics:1.0">
  <code code="C11">
    <editdetail attribution="Reuters BIP Coding Group" action="confirmed" date="1997-04-07"/>
  </code>
  <code code="C15">
    <editdetail attribution="Reuters BIP Coding Group" action="confirmed" date="1997-04-07"/>
  </code>
  <code code="C152">
    <editdetail attribution="Reuters BIP Coding Group" action="confirmed" date="1997-04-07"/>
  </code>
  <code code="CCAT">
    <editdetail attribution="Reuters BIP Coding Group" action="confirmed" date="1997-04-07"/>
  </code>
</codes>
<dc element="dc.date.created" value="1997-04-07"/>
<dc element="dc.publisher" value="Reuters Holdings Plc"/>
<dc element="dc.date.published" value="1997-04-07"/>
<dc element="dc.source" value="Reuters"/>
<dc element="dc.creator.location" value="JOHANNESBURG"/>
<dc element="dc.creator.location.country.name" value="SOUTH AFRICA"/>
<dc element="dc.source" value="Reuters"/>
</metadata>
</newsitem>
