<?xml version="1.0" encoding="iso-8859-1" ?>
<newsitem itemid="772693" id="root" date="1997-08-01" xml:lang="en">
<title>CHINA: Trading in Indesen Ind shares suspended.</title>
<headline>Trading in Indesen Ind shares suspended.</headline>
<dateline>HONG KONG 1997-08-01</dateline>
<text>
<p>Trading in shares of video cassette manufacturer  Indesen Industries Co Ltd was suspended on Friday at the company's  request pending an announcement, the Hong Kong stock exchange said.</p>
<p>The stock gained HK$0.30 to end at HK$2.30 each on Thursday.</p>
<p>-- Hong Kong Newsroom (852) 2843 6370</p>
</text>
<copyright>(c) Reuters Limited 1997</copyright>
<metadata>
<codes class="bip:countries:1.0">
  <code code="CHINA">
    <editdetail attribution="Reuters BIP Coding Group" action="confirmed" date="1997-08-01"/>
  </code>
  <code code="HKONG">
    <editdetail attribution="Reuters BIP Coding Group" action="confirmed" date="1997-08-01"/>
  </code>
</codes>
<codes class="bip:industries:1.0">
  <code code="I34520">
    <editdetail attribution="Reuters BIP Coding Group" action="confirmed" date="1997-08-01"/>
  </code>
</codes>
<codes class="bip:topics:1.0">
  <code code="C14">
    <editdetail attribution="Reuters BIP Coding Group" action="confirmed" date="1997-08-01"/>
  </code>
  <code code="CCAT">
    <editdetail attribution="Reuters BIP Coding Group" action="confirmed" date="1997-08-01"/>
  </code>
</codes>
<dc element="dc.date.created" value="1997-08-01"/>
<dc element="dc.publisher" value="Reuters Holdings Plc"/>
<dc element="dc.date.published" value="1997-08-01"/>
<dc element="dc.source" value="Reuters"/>
<dc element="dc.creator.location" value="HONG KONG"/>
<dc element="dc.creator.location.country.name" value="CHINA"/>
<dc element="dc.source" value="Reuters"/>
</metadata>
</newsitem>
