<?xml version="1.0" encoding="iso-8859-1" ?>
<newsitem itemid="728108" id="root" date="1997-07-15" xml:lang="en">
<title>USA: Salton/Maxim ups credit pact to $75 mln.</title>
<headline>Salton/Maxim ups credit pact to $75 mln.</headline>
<dateline>MOUNT PROSPECT, Ill. 1997-07-15</dateline>
<text>
<p>Salton/Maxim Housewares Inc said Tuesday it raised to $75 million from $45 million a secured financing agreement, which significantly increased its working capital while reducing the cost of borrowing.</p>
<p>The agreement with Foothill Capital Corp is a three-year revolving loan with annual renewal options. Foothill Capital is a unit of Foothill Group Inc.</p>
<p>&quot;We have taken this step to help position ourselves for the traditionally important fall selling season and steady long-term growth,&quot; said Leon Dreimann, president of Salton/Maxim, in a news release.</p>
<p>The new facility was completed at one percentage point over prime, compared with the company's previous borrowing rate with Foothill Capital of two points over prime. It includes a provision, tied to the London Interbank Offered Rate (LIBOR), for additional rate reduction on up to 75 percent of outstanding borrowings. The company may also further reduce its interest rate by meeting certain performance provisions. Salton/Maxim designs and markets small kitchen appliances and beauty care products.</p>
<p>Shares of Salton/Maxim closed yesterday at 8-6/16.</p>
<p>		 ((Chicago newsdesk 312 408 8787))</p>
</text>
<copyright>(c) Reuters Limited 1997</copyright>
<metadata>
<codes class="bip:countries:1.0">
  <code code="USA">
    <editdetail attribution="Reuters BIP Coding Group" action="confirmed" date="1997-07-15"/>
  </code>
</codes>
<codes class="bip:industries:1.0">
  <code code="I25800">
    <editdetail attribution="Reuters BIP Coding Group" action="confirmed" date="1997-07-15"/>
  </code>
</codes>
<codes class="bip:topics:1.0">
  <code code="C17">
    <editdetail attribution="Reuters BIP Coding Group" action="confirmed" date="1997-07-15"/>
  </code>
  <code code="C173">
    <editdetail attribution="Reuters BIP Coding Group" action="confirmed" date="1997-07-15"/>
  </code>
  <code code="CCAT">
    <editdetail attribution="Reuters BIP Coding Group" action="confirmed" date="1997-07-15"/>
  </code>
</codes>
<dc element="dc.date.created" value="1997-07-15"/>
<dc element="dc.publisher" value="Reuters Holdings Plc"/>
<dc element="dc.date.published" value="1997-07-15"/>
<dc element="dc.source" value="Reuters"/>
<dc element="dc.creator.location" value="MOUNT PROSPECT, Ill."/>
<dc element="dc.creator.location.country.name" value="USA"/>
<dc element="dc.source" value="Reuters"/>
</metadata>
</newsitem>
