<?xml version="1.0" encoding="iso-8859-1" ?>
<newsitem itemid="204868" id="root" date="1996-11-20" xml:lang="en">
<title>SOUTH KOREA: Bank of Korea supplies 1.1 trln won to banks.</title>
<headline>Bank of Korea supplies 1.1 trln won to banks.</headline>
<dateline>SEOUL 1996-11-20</dateline>
<text>
<p>The central Bank of Korea on Wednesday supplied 1.1 trillion won to commercial banks through two-day repurchase agreements to help ease liquidity shortage, an official at the bank said.  </p>
<p>The repurchase agreements will mature on November 22, a deadline for the central bank's twice-monthly review of reserve requirement levels at banks, he said.</p>
<p>&quot;Banks having liquidity shortages asked us for an emergency fund and I expect today's fund supply was sufficient to ease their fund shortage,&quot; he said.</p>
<p>-- Seoul Newsroom (822) 727-5646</p>
</text>
<copyright>(c) Reuters Limited 1996</copyright>
<metadata>
<codes class="bip:countries:1.0">
  <code code="SKOREA">
    <editdetail attribution="Reuters BIP Coding Group" action="confirmed" date="1996-11-20"/>
  </code>
</codes>
<codes class="bip:topics:1.0">
  <code code="M13">
    <editdetail attribution="Reuters BIP Coding Group" action="confirmed" date="1996-11-20"/>
  </code>
  <code code="M131">
    <editdetail attribution="Reuters BIP Coding Group" action="confirmed" date="1996-11-20"/>
  </code>
  <code code="MCAT">
    <editdetail attribution="Reuters BIP Coding Group" action="confirmed" date="1996-11-20"/>
  </code>
</codes>
<dc element="dc.date.created" value="1996-11-20"/>
<dc element="dc.publisher" value="Reuters Holdings Plc"/>
<dc element="dc.date.published" value="1996-11-20"/>
<dc element="dc.source" value="Reuters"/>
<dc element="dc.creator.location" value="SEOUL"/>
<dc element="dc.creator.location.country.name" value="SOUTH KOREA"/>
<dc element="dc.source" value="Reuters"/>
</metadata>
</newsitem>
