<?xml version="1.0" encoding="iso-8859-1" ?>
<newsitem itemid="221868" id="root" date="1996-11-27" xml:lang="en">
<title>SOUTH KOREA: Dong Sung Pharm in 1-for-10 bonus issue.</title>
<headline>Dong Sung Pharm in 1-for-10 bonus issue.</headline>
<dateline>SEOUL 1996-11-27</dateline>
<text>
<p>South Korea's Dong Sung Pharmaceutical Co Ltd said on Wednesday it would offer a one-for-10 bonus issue in March 1997.</p>
<p>Dong Sung would issue 150,000 common shares and distribute them to its shareholders registered as of March 26, a company statement said.</p>
<p>Dong Sung's shares traded at 28,000 won at midday on Wednesday, up 2,000 on the day.</p>
<p>-- Seoul Newsroom (822) 727-5646</p>
</text>
<copyright>(c) Reuters Limited 1996</copyright>
<metadata>
<codes class="bip:countries:1.0">
  <code code="SKOREA">
    <editdetail attribution="Reuters BIP Coding Group" action="confirmed" date="1996-11-27"/>
  </code>
</codes>
<codes class="bip:industries:1.0">
  <code code="I25700">
    <editdetail attribution="Reuters BIP Coding Group" action="confirmed" date="1996-11-27"/>
  </code>
</codes>
<codes class="bip:topics:1.0">
  <code code="C17">
    <editdetail attribution="Reuters BIP Coding Group" action="confirmed" date="1996-11-27"/>
  </code>
  <code code="C171">
    <editdetail attribution="Reuters BIP Coding Group" action="confirmed" date="1996-11-27"/>
  </code>
  <code code="CCAT">
    <editdetail attribution="Reuters BIP Coding Group" action="confirmed" date="1996-11-27"/>
  </code>
</codes>
<dc element="dc.date.created" value="1996-11-27"/>
<dc element="dc.publisher" value="Reuters Holdings Plc"/>
<dc element="dc.date.published" value="1996-11-27"/>
<dc element="dc.source" value="Reuters"/>
<dc element="dc.creator.location" value="SEOUL"/>
<dc element="dc.creator.location.country.name" value="SOUTH KOREA"/>
<dc element="dc.source" value="Reuters"/>
</metadata>
</newsitem>
