<?xml version="1.0" encoding="iso-8859-1" ?>
<newsitem itemid="12219" id="root" date="1996-08-23" xml:lang="en">
<title>SINGAPORE: Metro hits year high on takeover talk.</title>
<headline>Metro hits year high on takeover talk.</headline>
<dateline>SINGAPORE 1996-08-23</dateline>
<text>
<p>Retailer Metro Holdings touched a year high of S$6.20 in intraday trade on Friday before sliding to S$6.10, up 1.60, or 35.56 percent, at 0811 GMT.</p>
<p>Its turnover jumped up 5.18 million shares.  </p>
<p>Dealers said speculation had been growing that Metro was a takeover target by First Capital Corp, which already owns a 5.6 percent stake in Metro Holdings.</p>
<p>The speculated takeover price was S$7.00 against Metro's estimated net asset value of $8.00 per share, the dealers said.</p>
<p>&quot;The punters could be pushing the price up. If the rumour is true, the gains are definitely attractive,&quot; said a broker.</p>
</text>
<copyright>(c) Reuters Limited 1996</copyright>
<metadata>
<codes class="bip:countries:1.0">
  <code code="SINGP">
    <editdetail attribution="Reuters BIP Coding Group" action="confirmed" date="1996-08-23"/>
  </code>
</codes>
<codes class="bip:topics:1.0">
  <code code="C15">
    <editdetail attribution="Reuters BIP Coding Group" action="confirmed" date="1996-08-23"/>
  </code>
  <code code="C152">
    <editdetail attribution="Reuters BIP Coding Group" action="confirmed" date="1996-08-23"/>
  </code>
  <code code="CCAT">
    <editdetail attribution="Reuters BIP Coding Group" action="confirmed" date="1996-08-23"/>
  </code>
</codes>
<dc element="dc.date.created" value="1996-08-23"/>
<dc element="dc.publisher" value="Reuters Holdings Plc"/>
<dc element="dc.date.published" value="1996-08-23"/>
<dc element="dc.source" value="Reuters"/>
<dc element="dc.creator.location" value="SINGAPORE"/>
<dc element="dc.creator.location.country.name" value="SINGAPORE"/>
<dc element="dc.source" value="Reuters"/>
</metadata>
</newsitem>
