<?xml version="1.0" encoding="iso-8859-1" ?>
<newsitem itemid="648689" id="root" date="1997-06-09" xml:lang="en">
<title>JORDAN: PRESS DIGEST - Jordan - June 9.</title>
<headline>PRESS DIGEST - Jordan - June 9.</headline>
<dateline>AMMAN 1997-06-09</dateline>
<text>
<p>These are some of the leading stories in the Jordanian press on Monday. Reuters has not verified these stories and does not vouch for their accuracy.</p>
<p>AL-RAI</p>
<p>- King Hussein says Jordan &quot;is a strong fortress which is steadfast in the face of challenges and dangers&quot;; the monarch warns in a visit to the northern city of Irbid of attempts to politicise professional unions and lashes out at those who cast &quot;doubts on the achievements of the nation.&quot;</p>
<p>- King Hussein and PLO leader Yasser Arafat discuss the latest peace developments and efforts to get the Middle East peace talks back on track.</p>
<p>- Crown Prince Hassan to visit Washington next week to discuss boosting U.S. economic aid to the kingdom.</p>
<p>AL-DUSTOUR</p>
<p>- Royal decree appointing Samir Rifai as Speaker of the Senate (the upper house of parliament) after resignation of Ahmed al-Lawzi.</p>
<p>- King says present circumstances necessitate the highest degree of caution; questions the motives of solidarity visits made by opposition leaders to neighbouring Arab capitals.</p>
<p>AL-ARAB AL-YAWM</p>
<p>- Twenty six opposition deputies sign a petition for an extraordinary session of parliament but 41 signatures are needed to constitutionally enable them to get a quorum for a session.</p>
<p>- Israeli opposition leader Ehud Barak to meet King Hussein in Amman on Monday to hold talks on latest peace developments.</p>
<p>AL-ASWAQ</p>
<p>- King says Jordan is targetted and lashes out at foreign inspired opposition to his close ties with Israel.</p>
<p>JORDAN TIMES</p>
<p>- Crown Prince Hassan discusses creation of an anti-Islamophobia council.</p>
<p>- Irbid masses take to the streets to welcome king and queen; monarch warns against those who &quot;tend to exploit democracy to ruin it, use freedom to spoil it.&quot;</p>
<p>- Information minister lists press excerpts in support of new press law.</p>
<p>- Islamic Action Front holds secret balloting to choose candidates for parliamentary elections.</p>
</text>
<copyright>(c) Reuters Limited 1997</copyright>
<metadata>
<codes class="bip:countries:1.0">
  <code code="JORDAN">
    <editdetail attribution="Reuters BIP Coding Group" action="confirmed" date="1997-06-09"/>
  </code>
</codes>
<codes class="bip:topics:1.0">
  <code code="GCAT">
    <editdetail attribution="Reuters BIP Coding Group" action="confirmed" date="1997-06-09"/>
  </code>
</codes>
<dc element="dc.date.created" value="1997-06-09"/>
<dc element="dc.publisher" value="Reuters Holdings Plc"/>
<dc element="dc.date.published" value="1997-06-09"/>
<dc element="dc.source" value="Reuters"/>
<dc element="dc.creator.location" value="AMMAN"/>
<dc element="dc.creator.location.country.name" value="JORDAN"/>
<dc element="dc.source" value="Reuters"/>
</metadata>
</newsitem>
