<?xml version="1.0" encoding="iso-8859-1" ?>
<newsitem itemid="41669" id="root" date="1996-09-09" xml:lang="en">
<title>SRI LANKA: Sri Lanka buys 10,000 tonne Indian white raw rice.</title>
<headline>Sri Lanka buys 10,000 tonne Indian white raw rice.</headline>
<dateline>COLOMBO 1996-09-09</dateline>
<text>
<p>Sri Lanka's Cooperative Wholesale Establishment has bought 10,000 tonnes of Indian white raw rice at $273.50 per tonne, c and f free out Colombo, government officials said on Monday.</p>
<p>The state buying arm tendered for 30,000 tonnes of rice but only bought 10,000 due to high prices, they said.  </p>
<p>The purchase was from the State Trading Corp of India and delivery is due in the first week of October, the officials said. It will be the first government rice import this year.</p>
<p>&quot;The price was high so the government decided to buy only 10,000 tonnes instead of the original tender for 30,000 tonnes,&quot; one official said.</p>
<p>The government has said Sri Lanka needs to import up to 500,000 tonnes of rice by the end of this year to meet an anticipated crop shortfall caused by drought and rising demand.</p>
<p>The private sector has already imported more than 100,000 tonnes in the first seven months of this year.</p>
</text>
<copyright>(c) Reuters Limited 1996</copyright>
<metadata>
<codes class="bip:countries:1.0">
  <code code="INDIA">
    <editdetail attribution="Reuters BIP Coding Group" action="confirmed" date="1996-09-09"/>
  </code>
  <code code="SRILAN">
    <editdetail attribution="Reuters BIP Coding Group" action="confirmed" date="1996-09-09"/>
  </code>
</codes>
<codes class="bip:topics:1.0">
  <code code="M14">
    <editdetail attribution="Reuters BIP Coding Group" action="confirmed" date="1996-09-09"/>
  </code>
  <code code="M141">
    <editdetail attribution="Reuters BIP Coding Group" action="confirmed" date="1996-09-09"/>
  </code>
  <code code="MCAT">
    <editdetail attribution="Reuters BIP Coding Group" action="confirmed" date="1996-09-09"/>
  </code>
</codes>
<dc element="dc.date.created" value="1996-09-09"/>
<dc element="dc.publisher" value="Reuters Holdings Plc"/>
<dc element="dc.date.published" value="1996-09-09"/>
<dc element="dc.source" value="Reuters"/>
<dc element="dc.creator.location" value="COLOMBO"/>
<dc element="dc.creator.location.country.name" value="SRI LANKA"/>
<dc element="dc.source" value="Reuters"/>
</metadata>
</newsitem>
