<?xml version="1.0" encoding="iso-8859-1" ?>
<newsitem itemid="7716" id="root" date="1996-08-22" xml:lang="en">
<title>THAILAND: Thai fragrant rice prices rocket, hit by drought.</title>
<headline>Thai fragrant rice prices rocket, hit by drought.</headline>
<byline>Vithoon Amorn</byline>
<dateline>BANGKOK 1996-08-22</dateline>
<text>
<p>Top grade Thai fragrant rice prices have climbed to their highest levels in recent years and further price jumps are expected in coming weeks, traders said on Thursday.</p>
<p>The price spiral has been sparked off by a dry spell in northeast Thailand that could cut supplies and on the opening up of the European Union (EU) market to mainly tariff-free imports, they told Reuters.</p>
<p>Young fragrant rice plants in a large area of lower northeast Thailand have been damaged by a dry spell in the past few weeks, raising concerns the exportable surplus of the popular grade may shrink, they said.</p>
<p>Fragrant rice this week rallied to $530-535 per tonne FOB Bangkok from $510-515 last week and $460 in May.</p>
<p>&quot;The price this week is a record in my memory,&quot; said a trader at Kijporn Rice Co Ltd, adding that the current price was at its highest in at least a decade.</p>
<p>&quot;We have seen a $20-30 rally in just one week and it should rise further until mid-October when the market approaches the new Thai main rice crop harvest,&quot; another major exporter said.</p>
<p>Thai fragrant rice is favoured by consumers in Asia and has gained greater international popularity in recent years. It accounted for about 20 percent of the country's 6.19 million tonne rice exports in 1995.</p>
<p>The price of 100 percent white B Thai benchmark for September/October shipment, however, eased to $335 per tonne FOB Bangkok this week from $345-350 two weeks ago.</p>
<p>Exporters said fragrant rice would be the main grade that Thailand would export under a largely tariff-free 21,455-tonne white rice quota given by the EU recently. The quota must be filled and lifted by mid-October to reach European ports by December.</p>
<p>The EU has also granted another 31,200-tonne quota for Thai A-1 special broken rice for October/December shipment.</p>
<p>The Thai Rice Exporters Association has protested against a decision by Commerce Minister Chucheep Hansawat last week to give 60 percent of the EU rice quota to the state-run Public Warehouse Organisation.</p>
<p>The association alleged the agency would make extra profits from the quota by selling it to private traders.</p>
<p>About 40 private exporters would share the remaining 40 percent of the EU quota.</p>
<p>&quot;Many young fragrant rice plants in (north east) Ubon, Sri Saket, Surin and Buriram provinces have dried up and damage could rise if no monsoon rains fall there in the next 10 days to two weeks,&quot; an exporter said.</p>
<p>The current dry spell exacerbates a low supply of Thai fragrant rice earlier this year due to widespread flooding in the second half of 1995.</p>
<p>Somboon Phthaichan, manager of the Rice Exporters Association, said out of 1.2 million tonnes of fragrant rice shipped out last year, about 288,000 tonnes went to Hong Kong.</p>
<p>He said apart from other major markets like Singapore and the United States, China has also emerged as a promising new buyer of Thai fragrant rice.</p>
<p>&quot;More newly affluent Chinese, specially those living in booming special economic zones in southern China near Hong Kong, have acquired a more expensive taste for better rice,&quot; Somboon said.</p>
<p>Traders said the steep Thai fragrant rice price this week sidelined Chinese clients who were seeking a $20-30 discount for a combined 10,000-15,000 tonnes of the top Thai grade.</p>
</text>
<copyright>(c) Reuters Limited 1996</copyright>
<metadata>
<codes class="bip:countries:1.0">
  <code code="THAIL">
    <editdetail attribution="Reuters BIP Coding Group" action="confirmed" date="1996-08-22"/>
  </code>
</codes>
<codes class="bip:topics:1.0">
  <code code="M14">
    <editdetail attribution="Reuters BIP Coding Group" action="confirmed" date="1996-08-22"/>
  </code>
  <code code="M141">
    <editdetail attribution="Reuters BIP Coding Group" action="confirmed" date="1996-08-22"/>
  </code>
  <code code="MCAT">
    <editdetail attribution="Reuters BIP Coding Group" action="confirmed" date="1996-08-22"/>
  </code>
</codes>
<dc element="dc.date.created" value="1996-08-22"/>
<dc element="dc.publisher" value="Reuters Holdings Plc"/>
<dc element="dc.date.published" value="1996-08-22"/>
<dc element="dc.source" value="Reuters"/>
<dc element="dc.creator.location" value="BANGKOK"/>
<dc element="dc.creator.location.country.name" value="THAILAND"/>
<dc element="dc.source" value="Reuters"/>
</metadata>
</newsitem>
