<?xml version="1.0" encoding="iso-8859-1" ?>
<newsitem itemid="129561" id="root" date="1996-10-21" xml:lang="en">
<title>SOUTH AFRICA: S.AFRICAN HOTELS' PROFITABILITY DIPS SHARPLY IN Q2.</title>
<headline>S.AFRICAN HOTELS' PROFITABILITY DIPS SHARPLY IN Q2.</headline>
<dateline>JOHANNESBURG 1996-10-21</dateline>
<text>
<p>The profitability of South African hotels dipped sharply in the second quarter of this year compared to the first quarter, the Central Statistical Service (CSS) said on Monday.</p>
<p>The profitability ratio (net profit over turnover) fell to 10.4 percent from 18.6 percent in the first quarter. In 1995 the corresponding figures were a fall from 15.3 percent to 12.4 percent.</p>
<p>A CSS spokesman said the fall was due to the seasonal drop that always occurs in the second quarter, coupled with a decline in the number of overseas tourists.</p>
<p>&quot;There has been quite a substantial decline in the number of tourist arrivals,&quot; he said.</p>
<p>This has been exacerbated by foreign tourists gradually switching from staying in hotels to using private guesthouses.</p>
<p>But as overseas tourists only make up about 18-20 percent of hotel occupancy rates the unusually steep fall may also be due to a drop in domestic tourism caused by a slow down in the South African economy as a whole, the spokesman added.</p>
<p>-- Johannesburg newsroom +27 11 482 1003</p>
</text>
<copyright>(c) Reuters Limited 1996</copyright>
<metadata>
<codes class="bip:countries:1.0">
  <code code="SAFR">
    <editdetail attribution="Reuters BIP Coding Group" action="confirmed" date="1996-10-21"/>
  </code>
</codes>
<codes class="bip:industries:1.0">
  <code code="I66500">
    <editdetail attribution="Reuters BIP Coding Group" action="confirmed" date="1996-10-21"/>
  </code>
</codes>
<codes class="bip:topics:1.0">
  <code code="C15">
    <editdetail attribution="Reuters BIP Coding Group" action="confirmed" date="1996-10-21"/>
  </code>
  <code code="C151">
    <editdetail attribution="Reuters BIP Coding Group" action="confirmed" date="1996-10-21"/>
  </code>
  <code code="CCAT">
    <editdetail attribution="Reuters BIP Coding Group" action="confirmed" date="1996-10-21"/>
  </code>
</codes>
<dc element="dc.date.created" value="1996-10-21"/>
<dc element="dc.publisher" value="Reuters Holdings Plc"/>
<dc element="dc.date.published" value="1996-10-21"/>
<dc element="dc.source" value="Reuters"/>
<dc element="dc.creator.location" value="JOHANNESBURG"/>
<dc element="dc.creator.location.country.name" value="SOUTH AFRICA"/>
<dc element="dc.source" value="Reuters"/>
</metadata>
</newsitem>
