<?xml version="1.0" encoding="iso-8859-1" ?>
<newsitem itemid="396223" id="root" date="1997-02-22" xml:lang="en">
<title>MALAYSIA: Bank Negara's reserves rose to 70.86 bln rgt.</title>
<headline>Bank Negara's reserves rose to 70.86 bln rgt.</headline>
<dateline>KUALA LUMPUR 1997-02-22</dateline>
<text>
<p>Bank Negara's gold, foreign exchange and other reserves rose to 70.86 billion ringgit as at February 15, compared with 70.60 billion a fortnight earlier, the Bank said in a statement on Saturday.</p>
<p>The central bank said its total assets and liabilities rose to 96.80 billion ringgit from 94.63 billion two weeks earlier.</p>
<p>(In bln ringgit) Feb 15 1997    Jan 31 1997	Feb 15 1996</p>
<p>Reserves	    70.86	     70.60		62.40</p>
<p>Assets		96.80	     94.63		87.64</p>
<p>Currency	    27.31	     25.01		23.64</p>
<p>Govt paper	   1.94		1.88		 2.84</p>
</text>
<copyright>(c) Reuters Limited 1997</copyright>
<metadata>
<codes class="bip:countries:1.0">
  <code code="MALAY">
    <editdetail attribution="Reuters BIP Coding Group" action="confirmed" date="1997-02-22"/>
  </code>
</codes>
<codes class="bip:topics:1.0">
  <code code="E21">
    <editdetail attribution="Reuters BIP Coding Group" action="confirmed" date="1997-02-22"/>
  </code>
  <code code="E51">
    <editdetail attribution="Reuters BIP Coding Group" action="confirmed" date="1997-02-22"/>
  </code>
  <code code="E513">
    <editdetail attribution="Reuters BIP Coding Group" action="confirmed" date="1997-02-22"/>
  </code>
  <code code="ECAT">
    <editdetail attribution="Reuters BIP Coding Group" action="confirmed" date="1997-02-22"/>
  </code>
</codes>
<dc element="dc.date.created" value="1997-02-22"/>
<dc element="dc.publisher" value="Reuters Holdings Plc"/>
<dc element="dc.date.published" value="1997-02-22"/>
<dc element="dc.source" value="Reuters"/>
<dc element="dc.creator.location" value="KUALA LUMPUR"/>
<dc element="dc.creator.location.country.name" value="MALAYSIA"/>
<dc element="dc.source" value="Reuters"/>
</metadata>
</newsitem>
