<?xml version="1.0" encoding="iso-8859-1" ?>
<newsitem itemid="415800" id="root" date="1997-03-03" xml:lang="en">
<title>SWEDEN: AGA will lower pace of investments - CEO.</title>
<headline>AGA will lower pace of investments - CEO.</headline>
<dateline>STOCKHOLM 1997-03-03</dateline>
<text>
<p>Swedish industrial and medical gas group AGA AB said on Monday it will lower the rate of investments in the future after some very intensive investment years.</p>
<p>&quot;We expect that there will be a gradual downturn to 20 percent of turnover in 1998,&quot; AGA's chief executive officer Lennart Selander told Reuters.</p>
<p>AGA invested 2.9 billion crowns in new plants in 1996, which amounted to 23 percent of turnover. Selander sees the rate falling also after 1998.</p>
<p>&quot;I would think that we will decrease it a bit further after 1998...16-17 percent is probably a more normal level,&quot; he said.</p>
<p>Earlier in the day, AGA posted a 17 percent fall in 1996 profit, excluding capital gains, to 1.76 billion crowns and 1996 sales of 12.86 billion crowns.</p>
<p>-- Joel Dahlberg, Stockholm newsroom +46-8-700 1006</p>
</text>
<copyright>(c) Reuters Limited 1997</copyright>
<metadata>
<codes class="bip:countries:1.0">
  <code code="SWED">
    <editdetail attribution="Reuters BIP Coding Group" action="confirmed" date="1997-03-03"/>
  </code>
</codes>
<codes class="bip:industries:1.0">
  <code code="I25670">
    <editdetail attribution="Reuters BIP Coding Group" action="confirmed" date="1997-03-03"/>
  </code>
</codes>
<codes class="bip:topics:1.0">
  <code code="C11">
    <editdetail attribution="Reuters BIP Coding Group" action="confirmed" date="1997-03-03"/>
  </code>
  <code code="CCAT">
    <editdetail attribution="Reuters BIP Coding Group" action="confirmed" date="1997-03-03"/>
  </code>
</codes>
<dc element="dc.date.created" value="1997-03-03"/>
<dc element="dc.publisher" value="Reuters Holdings Plc"/>
<dc element="dc.date.published" value="1997-03-03"/>
<dc element="dc.source" value="Reuters"/>
<dc element="dc.creator.location" value="STOCKHOLM"/>
<dc element="dc.creator.location.country.name" value="SWEDEN"/>
<dc element="dc.source" value="Reuters"/>
</metadata>
</newsitem>
