<?xml version="1.0" encoding="iso-8859-1" ?>
<newsitem itemid="350816" id="root" date="1997-02-03" xml:lang="en">
<title>KAZAKHSTAN: Kazakhs to sell Altynalmas state gold mining firm.</title>
<headline>Kazakhs to sell Altynalmas state gold mining firm.</headline>
<dateline>ALMATY 1997-02-03</dateline>
<text>
<p>Kazakhstan will hold a tender on February 21 for the sale of a 90 percent stake in the state gold and diamond mining company Altynalmas, a company official said on Monday.</p>
<p>Commenting on news released by the State Property Committee at the weekend, the official, who declined to be identified, said the stake had been valued at 77 million tenge.</p>
<p>Under the terms of the tender, the winner must also invest $82 million in the enterprise.</p>
<p>The official said that practically all mines belonging to the company had already been sold to separate investors and property in the tender was mostly buildings and machinery.</p>
<p>Altynalmas had operated various mines in the Central Asian state, including Vasilkovoskoye and Jubilenoye.</p>
<p>The Kazakh government last month rejected a proposal by Teck Corp and First Dynasty Mines Ltd to develop the Vasilkovskoye deposit.</p>
<p>Bids will be accepted until February 18.</p>
<p>--Almaty Newsroom, +7 3272 509410 (1 = 75.80 tenge)</p>
</text>
<copyright>(c) Reuters Limited 1997</copyright>
<metadata>
<codes class="bip:countries:1.0">
  <code code="KAZK">
    <editdetail attribution="Reuters BIP Coding Group" action="confirmed" date="1997-02-03"/>
  </code>
</codes>
<codes class="bip:topics:1.0">
  <code code="C18">
    <editdetail attribution="Reuters BIP Coding Group" action="confirmed" date="1997-02-03"/>
  </code>
  <code code="C181">
    <editdetail attribution="Reuters BIP Coding Group" action="confirmed" date="1997-02-03"/>
  </code>
  <code code="C183">
    <editdetail attribution="Reuters BIP Coding Group" action="confirmed" date="1997-02-03"/>
  </code>
  <code code="CCAT">
    <editdetail attribution="Reuters BIP Coding Group" action="confirmed" date="1997-02-03"/>
  </code>
</codes>
<dc element="dc.date.created" value="1997-02-03"/>
<dc element="dc.publisher" value="Reuters Holdings Plc"/>
<dc element="dc.date.published" value="1997-02-03"/>
<dc element="dc.source" value="Reuters"/>
<dc element="dc.creator.location" value="ALMATY"/>
<dc element="dc.creator.location.country.name" value="KAZAKHSTAN"/>
<dc element="dc.source" value="Reuters"/>
</metadata>
</newsitem>
