<?xml version="1.0" encoding="iso-8859-1" ?>
<newsitem itemid="116364" id="root" date="1996-10-15" xml:lang="en">
<title>SOUTH AFRICA: ET CONS DETAILS GOLD HEDGING PROGRAMME.</title>
<headline>ET CONS DETAILS GOLD HEDGING PROGRAMME.</headline>
<dateline>JOHANNESBURG 1996-10-15</dateline>
<text>
<p>Anglovaal Ltd said</p>
<p>on Tuesday its Eastern Transvaal Consolidated Mines Ltd had made</p>
<p>the following sales of future production as at September 30,</p>
<p>1996.</p>
<p>    Year ending    Kg of gold sold    Ave forward price - R/kg</p>
<p>    June 30 1997	558		    54,762</p>
<p>    June 30 1998	1,089		  65,561</p>
<p>    June 30 1999	452		    72,290</p>
<p>    June 30 2000	373		    80,442</p>
<p>    June 30 2001	373		    87,944</p>
<p>    June 30 2002	373		    96,893</p>
<p>    June 30 2003	218		   104,236</p>
<p>-- Johannesburg newsroom, +27-11 482 1003</p>
</text>
<copyright>(c) Reuters Limited 1996</copyright>
<metadata>
<codes class="bip:countries:1.0">
  <code code="SAFR">
    <editdetail attribution="Reuters BIP Coding Group" action="confirmed" date="1996-10-15"/>
  </code>
</codes>
<codes class="bip:industries:1.0">
  <code code="I21000">
    <editdetail attribution="Reuters BIP Coding Group" action="confirmed" date="1996-10-15"/>
  </code>
  <code code="I83960">
    <editdetail attribution="Reuters BIP Coding Group" action="confirmed" date="1996-10-15"/>
  </code>
</codes>
<codes class="bip:topics:1.0">
  <code code="C15">
    <editdetail attribution="Reuters BIP Coding Group" action="confirmed" date="1996-10-15"/>
  </code>
  <code code="C31">
    <editdetail attribution="Reuters BIP Coding Group" action="confirmed" date="1996-10-15"/>
  </code>
  <code code="CCAT">
    <editdetail attribution="Reuters BIP Coding Group" action="confirmed" date="1996-10-15"/>
  </code>
</codes>
<dc element="dc.date.created" value="1996-10-15"/>
<dc element="dc.publisher" value="Reuters Holdings Plc"/>
<dc element="dc.date.published" value="1996-10-15"/>
<dc element="dc.source" value="Reuters"/>
<dc element="dc.creator.location" value="JOHANNESBURG"/>
<dc element="dc.creator.location.country.name" value="SOUTH AFRICA"/>
<dc element="dc.source" value="Reuters"/>
</metadata>
</newsitem>
