<?xml version="1.0" encoding="iso-8859-1" ?>
<newsitem itemid="671713" id="root" date="1997-06-18" xml:lang="en">
<title>SWITZERLAND: Swiss company bankruptcies up 7.5 pct in Jan-May.</title>
<headline>Swiss company bankruptcies up 7.5 pct in Jan-May.</headline>
<dateline>ST GALLEN, Switzerland 1997-06-18</dateline>
<text>
<p>Swiss commercial bankruptcies rose 7.5 percent from January through end-May compared with the same period in 1996.</p>
<p>Schweizerischer Verband Creditreform, a bureau that gives banks information on the creditworthiness of borrowers, said 1,823 commercial bankruptcy proceedings had been registered in the first five months of the year compared with 1,697 in the same 1996 period.</p>
<p>Including non-firm bankruptcy proceedings, total bankruptcy cases fell 2.5 percent to 3,874.</p>
<p>-- Zurich Newsroom, +41-1-631 7340</p>
</text>
<copyright>(c) Reuters Limited 1997</copyright>
<metadata>
<codes class="bip:countries:1.0">
  <code code="SWITZ">
    <editdetail attribution="Reuters BIP Coding Group" action="confirmed" date="1997-06-18"/>
  </code>
</codes>
<codes class="bip:topics:1.0">
  <code code="C16">
    <editdetail attribution="Reuters BIP Coding Group" action="confirmed" date="1997-06-18"/>
  </code>
  <code code="CCAT">
    <editdetail attribution="Reuters BIP Coding Group" action="confirmed" date="1997-06-18"/>
  </code>
  <code code="E11">
    <editdetail attribution="Reuters BIP Coding Group" action="confirmed" date="1997-06-18"/>
  </code>
  <code code="ECAT">
    <editdetail attribution="Reuters BIP Coding Group" action="confirmed" date="1997-06-18"/>
  </code>
</codes>
<dc element="dc.date.created" value="1997-06-18"/>
<dc element="dc.publisher" value="Reuters Holdings Plc"/>
<dc element="dc.date.published" value="1997-06-18"/>
<dc element="dc.source" value="Reuters"/>
<dc element="dc.creator.location" value="ST GALLEN, Switzerland"/>
<dc element="dc.creator.location.country.name" value="SWITZERLAND"/>
<dc element="dc.source" value="Reuters"/>
</metadata>
</newsitem>
