<?xml version="1.0" encoding="iso-8859-1" ?>
<newsitem itemid="542194" id="root" date="1997-04-27" xml:lang="en">
<title>MOROCCO: French businessmen to visit Morocco.</title>
<headline>French businessmen to visit Morocco.</headline>
<dateline>RABAT 1997-04-27</dateline>
<text>
<p>About 20 French businessmen will meet Moroccan leaders during a four-day visit to the North African country beginning on May 1 to tap market opportunities, officials said on Sunday.</p>
<p>Among the visiting businessmen are Claude Esambert from Lagardere group, Marc Dandelot from France-Telecom and Jean Louis Fache from Aerospatiale, they said.</p>
<p>The French group will hold talks with Prime Minister Abdellatif Filali, four other government ministers and King Hassan's adviser Andre Azoulay, the Cercle d'Amitie Franco-Marocaine friendship society said in a statement.</p>
<p>&quot;The visit will enable each participant to better evaluate the new situation in Morocco and make his own assessment of the progress achieved through meeting economic and political officials at the highest level,&quot; it said.</p>
</text>
<copyright>(c) Reuters Limited 1997</copyright>
<metadata>
<codes class="bip:countries:1.0">
  <code code="FRA">
    <editdetail attribution="Reuters BIP Coding Group" action="confirmed" date="1997-04-27"/>
  </code>
  <code code="MOROC">
    <editdetail attribution="Reuters BIP Coding Group" action="confirmed" date="1997-04-27"/>
  </code>
</codes>
<codes class="bip:industries:1.0">
  <code code="I36400">
    <editdetail attribution="Reuters BIP Coding Group" action="confirmed" date="1997-04-27"/>
  </code>
  <code code="I3640010">
    <editdetail attribution="Reuters BIP Coding Group" action="confirmed" date="1997-04-27"/>
  </code>
  <code code="I79020">
    <editdetail attribution="Reuters BIP Coding Group" action="confirmed" date="1997-04-27"/>
  </code>
  <code code="I83960">
    <editdetail attribution="Reuters BIP Coding Group" action="confirmed" date="1997-04-27"/>
  </code>
</codes>
<codes class="bip:topics:1.0">
  <code code="E51">
    <editdetail attribution="Reuters BIP Coding Group" action="confirmed" date="1997-04-27"/>
  </code>
  <code code="E512">
    <editdetail attribution="Reuters BIP Coding Group" action="confirmed" date="1997-04-27"/>
  </code>
  <code code="ECAT">
    <editdetail attribution="Reuters BIP Coding Group" action="confirmed" date="1997-04-27"/>
  </code>
  <code code="GCAT">
    <editdetail attribution="Reuters BIP Coding Group" action="confirmed" date="1997-04-27"/>
  </code>
  <code code="GDIP">
    <editdetail attribution="Reuters BIP Coding Group" action="confirmed" date="1997-04-27"/>
  </code>
</codes>
<dc element="dc.date.created" value="1997-04-27"/>
<dc element="dc.publisher" value="Reuters Holdings Plc"/>
<dc element="dc.date.published" value="1997-04-27"/>
<dc element="dc.source" value="Reuters"/>
<dc element="dc.creator.location" value="RABAT"/>
<dc element="dc.creator.location.country.name" value="MOROCCO"/>
<dc element="dc.source" value="Reuters"/>
</metadata>
</newsitem>
