<?xml version="1.0" encoding="iso-8859-1" ?>
<newsitem itemid="71371" id="root" date="1996-09-23" xml:lang="en">
<title>NETHERLANDS: Foreigners net sellers of Dutch securities in Q2.</title>
<headline>Foreigners net sellers of Dutch securities in Q2.</headline>
<dateline>THE HAGUE 1996-09-23</dateline>
<text>
<p>Foreigners were net sellers of Dutch shares and Dutch government bonds in the second quarter of 1996 after being net buyers of both in the first quarter, figures published by the Dutch Central Bank show.</p>
<p>The figures, published in the bank's report for the second quarter of the year, showed that foreigners were net buyers of Dutch non-government bonds in both quarters.</p>
<p>NET FOREIGN PURCHASES OF DUTCH SECURITIES</p>
<p>					  Q2 96	Q1 96     Q2 95</p>
<p>    Shares			    -1.19	 1.76     -0.79</p>
<p>    Government bonds		-7.4	  5.22     -4.32</p>
<p>    Other bonds			8.79	 5.76	4.59</p>
<p>NET DUTCH PURCHASES OF FOREIGN SECURITIES</p>
<p>					  Q2 96	Q1 96     Q2 95</p>
<p>    Shares			     0.41	 1.43	5.72</p>
<p>    Bonds				8.99	 9.85	6.04</p>
<p>NOTES - All figures in billions of guilders. Minus sign denotes net sales. -- Amsterdam newsroom +31 20 504 5000</p>
</text>
<copyright>(c) Reuters Limited 1996</copyright>
<metadata>
<codes class="bip:countries:1.0">
  <code code="NETH">
    <editdetail attribution="Reuters BIP Coding Group" action="confirmed" date="1996-09-23"/>
  </code>
</codes>
<codes class="bip:topics:1.0">
  <code code="M11">
    <editdetail attribution="Reuters BIP Coding Group" action="confirmed" date="1996-09-23"/>
  </code>
  <code code="M12">
    <editdetail attribution="Reuters BIP Coding Group" action="confirmed" date="1996-09-23"/>
  </code>
  <code code="MCAT">
    <editdetail attribution="Reuters BIP Coding Group" action="confirmed" date="1996-09-23"/>
  </code>
</codes>
<dc element="dc.date.created" value="1996-09-23"/>
<dc element="dc.publisher" value="Reuters Holdings Plc"/>
<dc element="dc.date.published" value="1996-09-23"/>
<dc element="dc.source" value="Reuters"/>
<dc element="dc.creator.location" value="THE HAGUE"/>
<dc element="dc.creator.location.country.name" value="NETHERLANDS"/>
<dc element="dc.source" value="Reuters"/>
</metadata>
</newsitem>
