<?xml version="1.0" encoding="iso-8859-1" ?>
<newsitem itemid="736941" id="root" date="1997-07-17" xml:lang="en">
<title>NETHERLANDS: DUTCH SHELL RAISES GASOLINE, DIESEL PRICES.</title>
<headline>DUTCH SHELL RAISES GASOLINE, DIESEL PRICES.</headline>
<dateline>AMSTERDAM 1997-07-17</dateline>
<text>
<p>Royal Dutch/Shell unit Shell Nederland BV said on Thursday it would raise its retail prices for gasoline and diesel in the Netherlands by one cent per litre with effect from Saturday July 19.</p>
<p>The move reflects changes in international product prices and the value of the dollar against the guilder, the company said.</p>
<p>From Saturday the price of premium unleaded gasoline at Shell's self-service stations will rise to 2.23 guilders per litre. The price of premium with lead substitute goes up to 2.30 guilders and Euro regular unleaded to 2.18 guilders.</p>
<p>The recommended price for diesel rises to 1.516 guilders per litre, Shell said.</p>
<p>-- Amsterdam newsroom +31 20 504 5000</p>
</text>
<copyright>(c) Reuters Limited 1997</copyright>
<metadata>
<codes class="bip:countries:1.0">
  <code code="NETH">
    <editdetail attribution="Reuters BIP Coding Group" action="confirmed" date="1997-07-17"/>
  </code>
  <code code="UK">
    <editdetail attribution="Reuters BIP Coding Group" action="confirmed" date="1997-07-17"/>
  </code>
</codes>
<codes class="bip:industries:1.0">
  <code code="I13000">
    <editdetail attribution="Reuters BIP Coding Group" action="confirmed" date="1997-07-17"/>
  </code>
  <code code="I1300003">
    <editdetail attribution="Reuters BIP Coding Group" action="confirmed" date="1997-07-17"/>
  </code>
  <code code="I14000">
    <editdetail attribution="Reuters BIP Coding Group" action="confirmed" date="1997-07-17"/>
  </code>
  <code code="I65200">
    <editdetail attribution="Reuters BIP Coding Group" action="confirmed" date="1997-07-17"/>
  </code>
</codes>
<codes class="bip:topics:1.0">
  <code code="C31">
    <editdetail attribution="Reuters BIP Coding Group" action="confirmed" date="1997-07-17"/>
  </code>
  <code code="CCAT">
    <editdetail attribution="Reuters BIP Coding Group" action="confirmed" date="1997-07-17"/>
  </code>
</codes>
<dc element="dc.date.created" value="1997-07-17"/>
<dc element="dc.publisher" value="Reuters Holdings Plc"/>
<dc element="dc.date.published" value="1997-07-17"/>
<dc element="dc.source" value="Reuters"/>
<dc element="dc.creator.location" value="AMSTERDAM"/>
<dc element="dc.creator.location.country.name" value="NETHERLANDS"/>
<dc element="dc.source" value="Reuters"/>
</metadata>
</newsitem>
