<?xml version="1.0" encoding="iso-8859-1" ?>
<newsitem itemid="738827" id="root" date="1997-07-18" xml:lang="en">
<title>YUGOSLAVIA: PRESS DIGEST - Yugoslavia - July 18.</title>
<headline>PRESS DIGEST - Yugoslavia - July 18.</headline>
<dateline>BELGRADE 1997-07-18</dateline>
<text>
<p>Here are the highlights of stories in Serbian and Montenegrin press on Friday. Reuters has not verified these stories nor does it vouch for their accuracy.</p>
<p>			  -- S E R B I A --</p>
<p>POLITIKA</p>
<p>- This year's grain yield in Serbia twice last year's; 300,000 tonnes surplus for exports, says Serbian agriculture minister. Farmers will also be able to pay taxes with grain.</p>
<p>- French cigarette giants look for investment prospects in Yugoslav tobacco sector.</p>
<p>- Process of privatisation of banks in Yugoslavia flowing smoothly, in contrast to that of industry.</p>
<p>- From August 1, import taxes to be slashed for industrial raw materials and also reduced for many consumer products.</p>
<p>NASA BORBA</p>
<p>- Belgrade lawyer beaten by Radical Party leader Vojislav Seselj's bodyguard after heated TV debate. Strong reactions from opposition politicians, who called for persecuting Seselj and banning his party.</p>
<p>- Serbian opposition leaders Vuk Draskovic and Zoran Djindjic meet for the first time since their coalition fell apart.</p>
<p>- Serbian Parliament moves towards adopting new election law dividing Serbia into 29 electoral districts. Opposition parties considering boycott of elections under those conditions.</p>
<p>BORBA</p>
<p>- Serbian parliament passes laws on financing political parties and amendments to law on election of MPs.</p>
<p>- Yugoslav government introduces regular weekly news conferences on Fridays on its activities and decisions.</p>
<p>- Yugoslav-Macedonian commissions in Skopje expected to sign bilateral trade agreement.</p>
<p>VECERNJE NOVOSTI</p>
<p>- Serbia's power company's outstanding claims from consumers 1.8 billion dinars.</p>
<p>DNEVNI TELEGRAF</p>
<p>- Opposition leader Zoran Djindjic claims state security planned to assassinate him.</p>
<p>- Bosnian Serb leader Radovan Karadzic reportedly told house guests he would rather commit suicide than let himself be arrested on war crimes charges and taken to the Hague.</p>
<p>POLITIKA EKSPRES</p>
<p>- Heavy rains in July slow down wheat harvesting. So far between 40 and 50 percent harvested in Serbia, says Miroslav Malesevic of Novi Sad Crop and Vegetable Farming Institute.</p>
<p>- No threats in Yugoslavia of Danube flooding.</p>
<p>DANAS</p>
<p>- The capitals of Croatia and Serbia increasingly similar in crime, more violent confrontations between mafia mobs.</p>
<p>- Kosovo Republic is a compromise between a natural solution of Kosovo-Albania and imposed status of Kosovo-Serbia, says Democratic League of Kosova vice president Hidajet Hiseni.</p>
<p>			  -- MONTENEGRO --</p>
<p>POBJEDA</p>
<p>- Montenegrin government says Yugoslav Justice Minister Zoran Knezevic is abusing his post by working against Montenegro.</p>
<p>- Sea-land container line to establish regular service from port of Bar.</p>
<p>- The Niksic steel mill produced 56,510 tonnes of crude steel in first six months of 1997, and sold 64,200 tonnes, up to 12 per cent less than planned.</p>
<p>- Novak Kilibarda's faction of opposition People's Party officially recognized as legal successor of the party. -- Belgrade newsroom +381 11 311 4305</p>
</text>
<copyright>(c) Reuters Limited 1997</copyright>
<metadata>
<codes class="bip:countries:1.0">
  <code code="YUG">
    <editdetail attribution="Reuters BIP Coding Group" action="confirmed" date="1997-07-18"/>
  </code>
</codes>
<codes class="bip:topics:1.0">
  <code code="GCAT">
    <editdetail attribution="Reuters BIP Coding Group" action="confirmed" date="1997-07-18"/>
  </code>
</codes>
<dc element="dc.date.created" value="1997-07-18"/>
<dc element="dc.publisher" value="Reuters Holdings Plc"/>
<dc element="dc.date.published" value="1997-07-18"/>
<dc element="dc.source" value="Reuters"/>
<dc element="dc.creator.location" value="BELGRADE"/>
<dc element="dc.creator.location.country.name" value="YUGOSLAVIA"/>
<dc element="dc.source" value="Reuters"/>
</metadata>
</newsitem>
