<?xml version="1.0" encoding="iso-8859-1" ?>
<newsitem itemid="739585" id="root" date="1997-07-18" xml:lang="en">
<title>USA: RESEARCH ALERT-Signet off recommended list.</title>
<headline>RESEARCH ALERT-Signet off recommended list.</headline>
<dateline>NEW YORK 1997-07-18</dateline>
<text>
<p>Goldman Sachs said it removed Signet Banking Corp from the firm's recommended list and now rates the company as market outperform.</p>
<p>-- analyst was not immediately available to comment.</p>
<p>-- shares were off 1-5/8 to 36-5/8 Friday morning.</p>
</text>
<copyright>(c) Reuters Limited 1997</copyright>
<metadata>
<codes class="bip:countries:1.0">
  <code code="USA">
    <editdetail attribution="Reuters BIP Coding Group" action="confirmed" date="1997-07-18"/>
  </code>
</codes>
<codes class="bip:industries:1.0">
  <code code="I81402">
    <editdetail attribution="Reuters BIP Coding Group" action="confirmed" date="1997-07-18"/>
  </code>
</codes>
<codes class="bip:topics:1.0">
  <code code="C15">
    <editdetail attribution="Reuters BIP Coding Group" action="confirmed" date="1997-07-18"/>
  </code>
  <code code="C152">
    <editdetail attribution="Reuters BIP Coding Group" action="confirmed" date="1997-07-18"/>
  </code>
  <code code="CCAT">
    <editdetail attribution="Reuters BIP Coding Group" action="confirmed" date="1997-07-18"/>
  </code>
</codes>
<dc element="dc.date.created" value="1997-07-18"/>
<dc element="dc.publisher" value="Reuters Holdings Plc"/>
<dc element="dc.date.published" value="1997-07-18"/>
<dc element="dc.source" value="Reuters"/>
<dc element="dc.creator.location" value="NEW YORK"/>
<dc element="dc.creator.location.country.name" value="USA"/>
<dc element="dc.source" value="Reuters"/>
</metadata>
</newsitem>
