<?xml version="1.0" encoding="iso-8859-1" ?>
<newsitem itemid="142792" id="root" date="1996-10-25" xml:lang="en">
<title>USA: Lincare Holdings in $1 mln settlement.</title>
<headline>Lincare Holdings in $1 mln settlement.</headline>
<dateline>CLEARWATER, Fla. 1996-10-25</dateline>
<text>
<p>Lincare Holdings Inc said on Friday that it resolved with the United States Attorney for the Middle District of Florida an investigation that had been pending since 1991.</p>
<p>Lincare said it, without admitting any wrongdoing or liability, has agreed to pay $1 million to the United States Government.</p>
<p>The United States Attorney had been investigating certain services provided by the company to a pharmacy that supplied medications to home respiratory patients, a statement from Lincare said.</p>
<p>Under its contracts with the pharmacy, Lincare was responsible for providing various marketing, field administration and patient services to the pharmacy.</p>
</text>
<copyright>(c) Reuters Limited 1996</copyright>
<metadata>
<codes class="bip:countries:1.0">
  <code code="USA">
    <editdetail attribution="Reuters BIP Coding Group" action="confirmed" date="1996-10-25"/>
  </code>
</codes>
<codes class="bip:industries:1.0">
  <code code="I95100">
    <editdetail attribution="Reuters BIP Coding Group" action="confirmed" date="1996-10-25"/>
  </code>
</codes>
<codes class="bip:topics:1.0">
  <code code="C12">
    <editdetail attribution="Reuters BIP Coding Group" action="confirmed" date="1996-10-25"/>
  </code>
  <code code="CCAT">
    <editdetail attribution="Reuters BIP Coding Group" action="confirmed" date="1996-10-25"/>
  </code>
  <code code="GCAT">
    <editdetail attribution="Reuters BIP Coding Group" action="confirmed" date="1996-10-25"/>
  </code>
  <code code="GCRIM">
    <editdetail attribution="Reuters BIP Coding Group" action="confirmed" date="1996-10-25"/>
  </code>
</codes>
<dc element="dc.date.created" value="1996-10-25"/>
<dc element="dc.publisher" value="Reuters Holdings Plc"/>
<dc element="dc.date.published" value="1996-10-25"/>
<dc element="dc.source" value="Reuters"/>
<dc element="dc.creator.location" value="CLEARWATER, Fla."/>
<dc element="dc.creator.location.country.name" value="USA"/>
<dc element="dc.source" value="Reuters"/>
</metadata>
</newsitem>
