<?xml version="1.0" encoding="iso-8859-1" ?>
<newsitem itemid="281021" id="root" date="1996-12-30" xml:lang="en">
<title>USA: Food Lion awarded $1,402 in ABC case.</title>
<headline>Food Lion awarded $1,402 in ABC case.</headline>
<dateline>GREENSBORO, N.C. 1996-12-30</dateline>
<text>
<p>A federal jury awarded $1,402 in compensatory damages to Food Lion Inc. Monday after finding that ABC television reporters committed fraud in preparing an undercover report about alleged unsanitary food practices at the grocery chain.</p>
<p>The jury deliberated for one hour before awarding Food Lion $1,400 on the fraud allegation, $1 for trespassing and $1 for breach of loyalty. The company had claimed damages of $2,432.35 in this phase of the proceeding.</p>
<p>Food Lion sued ABC and four producers, seeking $1.7 billion in damages to recoup losses it says it suffered as a result of an expose the network aired in 1992 about the food retailer on its &quot;PrimeTime Live&quot; news magazine show.</p>
<p>The jury, which will hear evidence on punitive damages later this week, ruled on Dec. 20 that journalists employed by ABC, a unit of Walt Disney Co., committed trespassing and fraud in preparing the undercover report about Food Lion, which is based in Salisbury, N.C.</p>
<p>The panel said that two field producers and two executive producers of ABC committed the offences while preparing a report about Food Lion for broadcast on Nov. 5, 1992.</p>
<p>Food Lion, a unit of Belgian retailer Ets Delhaize Freres et Cie &quot;LE LION&quot; SA, claimed it lost $1.5 billion in stock value at the time of the broadcast and $233 million in profits after the broadcast.</p>
<p>Food Lion's stock was unchanged at $9.69 in afternoon trading on the Nasdaq market. Disney's stock lost 62.5 cents to $70.625 on the New York Stock Exchange</p>
</text>
<copyright>(c) Reuters Limited 1996</copyright>
<metadata>
<codes class="bip:countries:1.0">
  <code code="USA">
    <editdetail attribution="Reuters BIP Coding Group" action="confirmed" date="1996-12-30"/>
  </code>
</codes>
<codes class="bip:industries:1.0">
  <code code="I64100">
    <editdetail attribution="Reuters BIP Coding Group" action="confirmed" date="1996-12-30"/>
  </code>
  <code code="I97100">
    <editdetail attribution="Reuters BIP Coding Group" action="confirmed" date="1996-12-30"/>
  </code>
  <code code="I9741102">
    <editdetail attribution="Reuters BIP Coding Group" action="confirmed" date="1996-12-30"/>
  </code>
</codes>
<codes class="bip:topics:1.0">
  <code code="C12">
    <editdetail attribution="Reuters BIP Coding Group" action="confirmed" date="1996-12-30"/>
  </code>
  <code code="CCAT">
    <editdetail attribution="Reuters BIP Coding Group" action="confirmed" date="1996-12-30"/>
  </code>
  <code code="GCAT">
    <editdetail attribution="Reuters BIP Coding Group" action="confirmed" date="1996-12-30"/>
  </code>
  <code code="GCRIM">
    <editdetail attribution="Reuters BIP Coding Group" action="confirmed" date="1996-12-30"/>
  </code>
</codes>
<dc element="dc.date.created" value="1996-12-30"/>
<dc element="dc.publisher" value="Reuters Holdings Plc"/>
<dc element="dc.date.published" value="1996-12-30"/>
<dc element="dc.source" value="Reuters"/>
<dc element="dc.creator.location" value="GREENSBORO, N.C."/>
<dc element="dc.creator.location.country.name" value="USA"/>
<dc element="dc.source" value="Reuters"/>
</metadata>
</newsitem>
