<?xml version="1.0" encoding="iso-8859-1" ?>
<newsitem itemid="583864" id="root" date="1997-05-14" xml:lang="en">
<title>USA: AMBAC qualifies six muni issues for bond insurance.</title>
<headline>AMBAC qualifies six muni issues for bond insurance.</headline>
<dateline>NEW YORK 1997-05-14</dateline>
<text>
<p>AMBAC Indemnity Corp. said Wednesday it qualified for bond insurance the following six municipal issues scheduled for competitive sale today:</p>
<p>--Rio Rancho, N.M., $5 million general obligation bonds.</p>
<p>--Herkimer County, N.Y., $5.5 million GO public improvement bonds.</p>
<p>--Monroe Woodbury Central School District, N.Y., $47.5 million GOs.</p>
<p>--Tennessee Housing Development Agency, $65 million remarketing bonds.</p>
<p>--Harris County Water Control District No. 92, Texas, $1.22 million water and sewer revenue bonds.</p>
<p>--U.S. Municipal Desk, 212-859-1650</p>
</text>
<copyright>(c) Reuters Limited 1997</copyright>
<metadata>
<codes class="bip:countries:1.0">
  <code code="USA">
    <editdetail attribution="Reuters BIP Coding Group" action="confirmed" date="1997-05-14"/>
  </code>
</codes>
<codes class="bip:topics:1.0">
  <code code="E21">
    <editdetail attribution="Reuters BIP Coding Group" action="confirmed" date="1997-05-14"/>
  </code>
  <code code="E212">
    <editdetail attribution="Reuters BIP Coding Group" action="confirmed" date="1997-05-14"/>
  </code>
  <code code="ECAT">
    <editdetail attribution="Reuters BIP Coding Group" action="confirmed" date="1997-05-14"/>
  </code>
</codes>
<dc element="dc.date.created" value="1997-05-14"/>
<dc element="dc.publisher" value="Reuters Holdings Plc"/>
<dc element="dc.date.published" value="1997-05-14"/>
<dc element="dc.source" value="Reuters"/>
<dc element="dc.creator.location" value="NEW YORK"/>
<dc element="dc.creator.location.country.name" value="USA"/>
<dc element="dc.source" value="Reuters"/>
</metadata>
</newsitem>
