<?xml version="1.0" encoding="iso-8859-1" ?>
<newsitem itemid="121684" id="root" date="1996-10-16" xml:lang="en">
<title>SPAIN: Spain one year bills yield fell to 6.503 pct.</title>
<headline>Spain one year bills yield fell to 6.503 pct.</headline>
<dateline>MADRID 1996-10-16</dateline>
<text>
<p>The Bank of Spain announced the following results at today's Treasury debt auction (amounts bid, allocated in billions of pesetas):</p>
<p>ISSUE	Yield    Pvs     Price     Pvs	Bid    Allocated</p>
<p>1-year     6.503    6.751   93.83    93.61    715.2   305.83</p>
<p>-- Madrid newsroom, + 341 585 2160</p>
</text>
<copyright>(c) Reuters Limited 1996</copyright>
<metadata>
<codes class="bip:countries:1.0">
  <code code="SPAIN">
    <editdetail attribution="Reuters BIP Coding Group" action="confirmed" date="1996-10-16"/>
  </code>
</codes>
<codes class="bip:topics:1.0">
  <code code="M12">
    <editdetail attribution="Reuters BIP Coding Group" action="confirmed" date="1996-10-16"/>
  </code>
  <code code="M13">
    <editdetail attribution="Reuters BIP Coding Group" action="confirmed" date="1996-10-16"/>
  </code>
  <code code="M131">
    <editdetail attribution="Reuters BIP Coding Group" action="confirmed" date="1996-10-16"/>
  </code>
  <code code="MCAT">
    <editdetail attribution="Reuters BIP Coding Group" action="confirmed" date="1996-10-16"/>
  </code>
</codes>
<dc element="dc.date.created" value="1996-10-16"/>
<dc element="dc.publisher" value="Reuters Holdings Plc"/>
<dc element="dc.date.published" value="1996-10-16"/>
<dc element="dc.source" value="Reuters"/>
<dc element="dc.creator.location" value="MADRID"/>
<dc element="dc.creator.location.country.name" value="SPAIN"/>
<dc element="dc.source" value="Reuters"/>
</metadata>
</newsitem>
