<?xml version="1.0" encoding="iso-8859-1" ?>
<newsitem itemid="438488" id="root" date="1997-03-13" xml:lang="en">
<title>USA: Dow's unofficial drop fifth-worst point loss ever.</title>
<headline>Dow's unofficial drop fifth-worst point loss ever.</headline>
<dateline>NEW YORK 1997-03-13</dateline>
<text>
<p>The Dow Jones Industrial Average's unofficial 160-point drop on Thursday, if confirmed, would be the fifth steepest point loss in the average's history.</p>
<p>Here are the greatest net losses in a day:</p>
<p>	  DATE	 CLOSE	NET CHANGE   PCT CHANGE</p>
<p>    10/19/87	 1738.74	 -508.00	 -22.61</p>
<p>    10/13/89	 2569.26	 -190.58	  -6.91</p>
<p>    03/08/96	 5470.45	 -171.24	  -3.04</p>
<p>    07/15/96	 5349.51	 -161.05	  -2.92</p>
<p>   *03/13/97	 160.48	  -160.48	  -2.28</p>
<p>    10/26/87	 1793.93	 -156.83	  -8.04</p>
<p>    01/08/88	 1911.31	 -140.58	  -6.85</p>
<p>    11/15/91	 2943.20	 -120.31	  -3.93</p>
<p>    07/05/96	 5588.14	 -114.88	  -2.01</p>
<p>    10/16/87	 2246.74	 -108.35	  -4.60</p>
<p>* unofficial.</p>
<p>((-- Wall Street desk (212) 859-1730))</p>
</text>
<copyright>(c) Reuters Limited 1997</copyright>
<metadata>
<codes class="bip:countries:1.0">
  <code code="USA">
    <editdetail attribution="Reuters BIP Coding Group" action="confirmed" date="1997-03-13"/>
  </code>
</codes>
<codes class="bip:topics:1.0">
  <code code="M11">
    <editdetail attribution="Reuters BIP Coding Group" action="confirmed" date="1997-03-13"/>
  </code>
  <code code="MCAT">
    <editdetail attribution="Reuters BIP Coding Group" action="confirmed" date="1997-03-13"/>
  </code>
</codes>
<dc element="dc.date.created" value="1997-03-13"/>
<dc element="dc.publisher" value="Reuters Holdings Plc"/>
<dc element="dc.date.published" value="1997-03-13"/>
<dc element="dc.source" value="Reuters"/>
<dc element="dc.creator.location" value="NEW YORK"/>
<dc element="dc.creator.location.country.name" value="USA"/>
<dc element="dc.source" value="Reuters"/>
</metadata>
</newsitem>
