<?xml version="1.0" encoding="iso-8859-1" ?>
<newsitem itemid="406418" id="root" date="1997-02-27" xml:lang="en">
<title>USA: S.Arabia renews cooperation pledge on Dhahran bomb.</title>
<headline>S.Arabia renews cooperation pledge on Dhahran bomb.</headline>
<dateline>WASHINGTON 1997-02-27</dateline>
<text>
<p>Saudi Arabia on Thursday renewed pledges of cooperation with the United States in the investigation of a truck bombing that killed 19 U.S. troops and Washington said it hoped they would be fulfilled.</p>
<p>&quot;We've been assured of continued Saudi cooperation and intention to work very effectively and completely with the United States, but specifically with the FBI, in our ongoing investigation,&quot; State Department spokesman Nicholas Burns said.</p>
</text>
<copyright>(c) Reuters Limited 1997</copyright>
<metadata>
<codes class="bip:countries:1.0">
  <code code="SAARAB">
    <editdetail attribution="Reuters BIP Coding Group" action="confirmed" date="1997-02-27"/>
  </code>
  <code code="USA">
    <editdetail attribution="Reuters BIP Coding Group" action="confirmed" date="1997-02-27"/>
  </code>
</codes>
<codes class="bip:topics:1.0">
  <code code="GCAT">
    <editdetail attribution="Reuters BIP Coding Group" action="confirmed" date="1997-02-27"/>
  </code>
  <code code="GDIP">
    <editdetail attribution="Reuters BIP Coding Group" action="confirmed" date="1997-02-27"/>
  </code>
  <code code="GVIO">
    <editdetail attribution="Reuters BIP Coding Group" action="confirmed" date="1997-02-27"/>
  </code>
</codes>
<dc element="dc.date.created" value="1997-02-27"/>
<dc element="dc.publisher" value="Reuters Holdings Plc"/>
<dc element="dc.date.published" value="1997-02-27"/>
<dc element="dc.source" value="Reuters"/>
<dc element="dc.creator.location" value="WASHINGTON"/>
<dc element="dc.creator.location.country.name" value="USA"/>
<dc element="dc.source" value="Reuters"/>
</metadata>
</newsitem>
