<?xml version="1.0" encoding="iso-8859-1" ?>
<newsitem itemid="185320" id="root" date="1996-11-13" xml:lang="en">
<title>USA: Mountasia Q3 shr loss narrows to $0.10.</title>
<headline>Mountasia Q3 shr loss narrows to $0.10.</headline>
<dateline>ALPHARETTA, Ga. 1996-11-13</dateline>
<text>
<p>1996			1995</p>
<p> Shr    loss		$0.10     loss	 $0.18</p>
<p> Net    loss		1,987     loss	 1,457</p>
<p> Revs			12,400		   15,057</p>
<p> Avg shrs		  18,151		    8,047</p>
<p>	  Nine months</p>
<p> Shr    loss     $0.62	     loss $0.19</p>
<p> Net    loss     8,536	     loss 1,500</p>
<p> Revs		30,554		   39,827</p>
<p> Avg shrs	  13,867		   7,901</p>
<p>(All data above 000s except per share numbers)</p>
<p>NOTES: Third quarter 1996 loss includes early extinguishment of debt of $500,000 or $0.03 per share.1996 Nine Months includes extraordinary item of $0.04 per share.</p>
<p>Full company name is Mountasia Entertainment International Inc.</p>
</text>
<copyright>(c) Reuters Limited 1996</copyright>
<metadata>
<codes class="bip:countries:1.0">
  <code code="USA">
    <editdetail attribution="Reuters BIP Coding Group" action="confirmed" date="1996-11-13"/>
  </code>
</codes>
<codes class="bip:industries:1.0">
  <code code="I97412">
    <editdetail attribution="Reuters BIP Coding Group" action="confirmed" date="1996-11-13"/>
  </code>
</codes>
<codes class="bip:topics:1.0">
  <code code="C15">
    <editdetail attribution="Reuters BIP Coding Group" action="confirmed" date="1996-11-13"/>
  </code>
  <code code="C151">
    <editdetail attribution="Reuters BIP Coding Group" action="confirmed" date="1996-11-13"/>
  </code>
  <code code="CCAT">
    <editdetail attribution="Reuters BIP Coding Group" action="confirmed" date="1996-11-13"/>
  </code>
</codes>
<dc element="dc.date.created" value="1996-11-13"/>
<dc element="dc.publisher" value="Reuters Holdings Plc"/>
<dc element="dc.date.published" value="1996-11-13"/>
<dc element="dc.source" value="Reuters"/>
<dc element="dc.creator.location" value="ALPHARETTA, Ga."/>
<dc element="dc.creator.location.country.name" value="USA"/>
<dc element="dc.source" value="Reuters"/>
</metadata>
</newsitem>
