<?xml version="1.0" encoding="iso-8859-1" ?>
<newsitem itemid="231003" id="root" date="1996-12-03" xml:lang="en">
<title>VENEZUELA: Sivensa year net rises 167 pct.</title>
<headline>Sivensa year net rises 167 pct.</headline>
<dateline>CARACAS 1996-12-03</dateline>
<text>
<p>Net 25.80 bln bolivars vs 9.65 bln</p>
<p>Sales 311.41 bln bolivars vs 288.87 bln</p>
<p>Cost of Sales 246.77 bln bolivars vs 235.41 bln</p>
<p>General Expenses 35.85 bln bolivars vs 34.31 bln</p>
<p>Financing Costs/Gain 19.25 bln bolivar gain vs 422 million gain</p>
<p>NOTE: Year ends September 30.</p>
<p>Figures are inflation-adjusted in constant Sept 30 bolivars.</p>
<p>Siderugica Venezolana Sivensa SA is Venezuela's leading steel company.</p>
<p>-- Caracas Newsroom 582 505 2600</p>
</text>
<copyright>(c) Reuters Limited 1996</copyright>
<metadata>
<codes class="bip:countries:1.0">
  <code code="VEN">
    <editdetail attribution="Reuters BIP Coding Group" action="confirmed" date="1996-12-03"/>
  </code>
</codes>
<codes class="bip:industries:1.0">
  <code code="I22100">
    <editdetail attribution="Reuters BIP Coding Group" action="confirmed" date="1996-12-03"/>
  </code>
</codes>
<codes class="bip:topics:1.0">
  <code code="C15">
    <editdetail attribution="Reuters BIP Coding Group" action="confirmed" date="1996-12-03"/>
  </code>
  <code code="C151">
    <editdetail attribution="Reuters BIP Coding Group" action="confirmed" date="1996-12-03"/>
  </code>
  <code code="C1511">
    <editdetail attribution="Reuters BIP Coding Group" action="confirmed" date="1996-12-03"/>
  </code>
  <code code="CCAT">
    <editdetail attribution="Reuters BIP Coding Group" action="confirmed" date="1996-12-03"/>
  </code>
</codes>
<dc element="dc.date.created" value="1996-12-03"/>
<dc element="dc.publisher" value="Reuters Holdings Plc"/>
<dc element="dc.date.published" value="1996-12-03"/>
<dc element="dc.source" value="Reuters"/>
<dc element="dc.creator.location" value="CARACAS"/>
<dc element="dc.creator.location.country.name" value="VENEZUELA"/>
<dc element="dc.source" value="Reuters"/>
</metadata>
</newsitem>
