<?xml version="1.0" encoding="iso-8859-1" ?>
<newsitem itemid="58485" id="root" date="1996-09-17" xml:lang="en">
<title>USA: Oregon unemployment rate rises to 5.4 pct in Aug.</title>
<headline>Oregon unemployment rate rises to 5.4 pct in Aug.</headline>
<dateline>PORTLAND, Ore. 1996-09-17</dateline>
<text>
<p>Oregon's seasonally adjusted unemployment rate rose one-tenth of a percentage point to 5.4 percent in August, according to the Oregon Employment Department.</p>
<p>The rate is the highest Oregon's economy has experienced since June 1994, when the rate was also 5.4 percent. In comparison, the January 1995 and March 1995 rates, both at 4.6 percent, were Oregon's lowest figures in 25 years.</p>
<p>&quot;Oregon's unemployment rate, at 5.4 percent in August, is still quite low, despite its rise over the past six months,&quot; said David Cooke, an economist with the Employment Department.  </p>
<p>&quot;Most sectors of the economy and many regions of the state are experiencing rapid economic expansion and strong job growth,&quot; Cooke added.</p>
<p>The Employment Department's monthly survey of businesses showed that 9,200 jobs were added in August.</p>
</text>
<copyright>(c) Reuters Limited 1996</copyright>
<metadata>
<codes class="bip:countries:1.0">
  <code code="USA">
    <editdetail attribution="Reuters BIP Coding Group" action="confirmed" date="1996-09-17"/>
  </code>
</codes>
<codes class="bip:topics:1.0">
  <code code="E41">
    <editdetail attribution="Reuters BIP Coding Group" action="confirmed" date="1996-09-17"/>
  </code>
  <code code="E411">
    <editdetail attribution="Reuters BIP Coding Group" action="confirmed" date="1996-09-17"/>
  </code>
  <code code="ECAT">
    <editdetail attribution="Reuters BIP Coding Group" action="confirmed" date="1996-09-17"/>
  </code>
  <code code="GCAT">
    <editdetail attribution="Reuters BIP Coding Group" action="confirmed" date="1996-09-17"/>
  </code>
  <code code="GJOB">
    <editdetail attribution="Reuters BIP Coding Group" action="confirmed" date="1996-09-17"/>
  </code>
</codes>
<dc element="dc.date.created" value="1996-09-17"/>
<dc element="dc.publisher" value="Reuters Holdings Plc"/>
<dc element="dc.date.published" value="1996-09-17"/>
<dc element="dc.source" value="Reuters"/>
<dc element="dc.creator.location" value="PORTLAND, Ore."/>
<dc element="dc.creator.location.country.name" value="USA"/>
<dc element="dc.source" value="Reuters"/>
</metadata>
</newsitem>
