<?xml version="1.0" encoding="iso-8859-1" ?>
<newsitem itemid="117093" id="root" date="1996-10-15" xml:lang="en">
<title>USA: ACCOUNT CLOSED - Oak Ridge, Tenn., $23 mln deal.</title>
<headline>ACCOUNT CLOSED - Oak Ridge, Tenn., $23 mln deal.</headline>
<text>
<p>CITY OF OAK RIDGE, TENNESSEE</p>
<p>RE: $23,000,000</p>
<p>SERIES 1996</p>
<p>THE ACCOUNT IS CLOSED.</p>
<p>Merrill Lynch &amp; Co.</p>
<p>J.C. Bradford &amp; Co.</p>
<p>--U.S. Municipal Desk, 212-859-1650</p>
</text>
<copyright>(c) Reuters Limited 1996</copyright>
<metadata>
<codes class="bip:countries:1.0">
  <code code="USA">
    <editdetail attribution="Reuters BIP Coding Group" action="confirmed" date="1996-10-15"/>
  </code>
</codes>
<codes class="bip:topics:1.0">
  <code code="E21">
    <editdetail attribution="Reuters BIP Coding Group" action="confirmed" date="1996-10-15"/>
  </code>
  <code code="E212">
    <editdetail attribution="Reuters BIP Coding Group" action="confirmed" date="1996-10-15"/>
  </code>
  <code code="ECAT">
    <editdetail attribution="Reuters BIP Coding Group" action="confirmed" date="1996-10-15"/>
  </code>
</codes>
<dc element="dc.publisher" value="Reuters Holdings Plc"/>
<dc element="dc.date.published" value="1996-10-15"/>
<dc element="dc.source" value="Reuters"/>
<dc element="dc.creator.location.country.name" value="USA"/>
<dc element="dc.source" value="Reuters"/>
</metadata>
</newsitem>
