<?xml version="1.0" encoding="iso-8859-1" ?>
<newsitem itemid="56637" id="root" date="1996-09-16" xml:lang="en">
<title>ISRAEL: Israel grain, meal, soy arrivals detailed.</title>
<headline>Israel grain, meal, soy arrivals detailed.</headline>
<dateline>TEL AVIV 1996-09-16</dateline>
<text>
<p>The following shipments of grain have arrived or are due to arrive in Israeli ports, according to the inspection agency Hevra Klalit Lehashgaha (in tonnes):</p>
<p>Vessel	     ETA	   Cargo	    Quantity   Origin</p>
<p>Erini		unloading   corn gluten     6,148     U.S.</p>
<p>				     corn screening  7,179</p>
<p>				     gluten meal     6,997</p>
<p>D. Piatiletka    unloading   sunflower	 1,772     Europe</p>
<p>Volgobolt 158    unloading   barley	    2,600     Europe</p>
<p>Prevet	     arrived     barley	    2,005     Europe</p>
<p>Vlas Chubar	arrived     barley	    2,005     Europe</p>
<p>Morzkoy I	  arrived     feed wheat	1,650     Europe</p>
<p>Volgodo 5063     17/9	  barley	    3,500     Europe</p>
<p>Rodofi	     18/9	  soya pellets    6,000     Europe</p>
<p>				     barley	    2,190</p>
<p>Omsky 144	  19/9	  barley	    2,970     Europe</p>
<p>Volgobal 221     20/9	  barley	    2,900     Europe</p>
<p>Salehard	   20/9	  feed wheat	2,400     Europe</p>
<p>Volgodo 5033     21/9	  wheat	     2,994     Europe</p>
<p>Blad		 24/9	  sorghum	   9,676     U.S.</p>
<p>				     soya	     13,835</p>
<p>Volgobal 216     25/9	  bran wheat	1,800     Europe</p>
<p>Nadejda	    25/9	  barley	    3,000     Europe</p>
<p>Liberty Sun	26/9	  sorghum+wheat  58,000     U.S.</p>
<p>Marshal Konev    26/9	  corn		 7,000    U.S.</p>
<p>				     soya		16,000</p>
<p>				     wheat	     21,000</p>
</text>
<copyright>(c) Reuters Limited 1996</copyright>
<metadata>
<codes class="bip:countries:1.0">
  <code code="ISRAEL">
    <editdetail attribution="Reuters BIP Coding Group" action="confirmed" date="1996-09-16"/>
  </code>
</codes>
<codes class="bip:topics:1.0">
  <code code="M14">
    <editdetail attribution="Reuters BIP Coding Group" action="confirmed" date="1996-09-16"/>
  </code>
  <code code="MCAT">
    <editdetail attribution="Reuters BIP Coding Group" action="confirmed" date="1996-09-16"/>
  </code>
</codes>
<dc element="dc.date.created" value="1996-09-16"/>
<dc element="dc.publisher" value="Reuters Holdings Plc"/>
<dc element="dc.date.published" value="1996-09-16"/>
<dc element="dc.source" value="Reuters"/>
<dc element="dc.creator.location" value="TEL AVIV"/>
<dc element="dc.creator.location.country.name" value="ISRAEL"/>
<dc element="dc.source" value="Reuters"/>
</metadata>
</newsitem>
