<?xml version="1.0" encoding="iso-8859-1" ?>
<newsitem itemid="104467" id="root" date="1996-10-09" xml:lang="en">
<title>USA: First Nationwide completes financing for Cal Fed.</title>
<headline>First Nationwide completes financing for Cal Fed.</headline>
<dateline>SAN FRANCISCO 1996-10-09</dateline>
<text>
<p>First Nationwide Holdings Inc said it completed financing for its planned acquisition of California Federal Bancorp Inc.</p>
<p>In July, the companies announced a merger agreement worth $1.2 billion.</p>
<p>Pending approval by regulators and Cal Fed shareholders, the transaction is expected to close early in 1997.  First Nationwide Bank will change its name to California Federal Bank upon completion of the merger of the two institutions.  </p>
<p>First Nationwide Holdings is financing the acquisition through issuance of $575 million aggregate principal amount of senior subordinated notes priced at 10.625 percent, due in 2003, a contribution by an indirect parent corporation of First Nationwide Holdings of about $145 million in cash in exchange for $150 million aggregate liquidation value of perpetual preferred stock of First Nationwide Holdings, and existing cash.</p>
</text>
<copyright>(c) Reuters Limited 1996</copyright>
<metadata>
<codes class="bip:countries:1.0">
  <code code="USA">
    <editdetail attribution="Reuters BIP Coding Group" action="confirmed" date="1996-10-09"/>
  </code>
</codes>
<codes class="bip:industries:1.0">
  <code code="I35101">
    <editdetail attribution="Reuters BIP Coding Group" action="confirmed" date="1996-10-09"/>
  </code>
  <code code="I81501">
    <editdetail attribution="Reuters BIP Coding Group" action="confirmed" date="1996-10-09"/>
  </code>
  <code code="I8150103">
    <editdetail attribution="Reuters BIP Coding Group" action="confirmed" date="1996-10-09"/>
  </code>
</codes>
<codes class="bip:topics:1.0">
  <code code="C17">
    <editdetail attribution="Reuters BIP Coding Group" action="confirmed" date="1996-10-09"/>
  </code>
  <code code="C18">
    <editdetail attribution="Reuters BIP Coding Group" action="confirmed" date="1996-10-09"/>
  </code>
  <code code="C181">
    <editdetail attribution="Reuters BIP Coding Group" action="confirmed" date="1996-10-09"/>
  </code>
  <code code="CCAT">
    <editdetail attribution="Reuters BIP Coding Group" action="confirmed" date="1996-10-09"/>
  </code>
</codes>
<dc element="dc.date.created" value="1996-10-09"/>
<dc element="dc.publisher" value="Reuters Holdings Plc"/>
<dc element="dc.date.published" value="1996-10-09"/>
<dc element="dc.source" value="Reuters"/>
<dc element="dc.creator.location" value="SAN FRANCISCO"/>
<dc element="dc.creator.location.country.name" value="USA"/>
<dc element="dc.source" value="Reuters"/>
</metadata>
</newsitem>
