<?xml version="1.0" encoding="iso-8859-1" ?>
<newsitem itemid="771032" id="root" date="1997-07-31" xml:lang="en">
<title>UK: TABLE-Cowie half year profits up 48 pct.</title>
<headline>TABLE-Cowie half year profits up 48 pct.</headline>
<dateline>LONDON 1997-07-31</dateline>
<text>
<p>Six months to June 30</p>
<p>		(million stg unless stated)</p>
<p> Shr (pence)		16.6		   vs 14.1</p>
<p> Dividend (pence)	 3.6		    vs *</p>
<p> Pretax		     47.6		   vs 32.2</p>
<p> Turnover		   702		    vs 529</p>
<p>Full name of transport to retail group - Cowie Group Plc.</p>
<p>* The interim dividend was up six percent on the previous year.</p>
<p>-- London newsroom +44 171 542 7717</p>
</text>
<copyright>(c) Reuters Limited 1997</copyright>
<metadata>
<codes class="bip:countries:1.0">
  <code code="UK">
    <editdetail attribution="Reuters BIP Coding Group" action="confirmed" date="1997-07-31"/>
  </code>
</codes>
<codes class="bip:industries:1.0">
  <code code="I65100">
    <editdetail attribution="Reuters BIP Coding Group" action="confirmed" date="1997-07-31"/>
  </code>
</codes>
<codes class="bip:topics:1.0">
  <code code="C15">
    <editdetail attribution="Reuters BIP Coding Group" action="confirmed" date="1997-07-31"/>
  </code>
  <code code="C151">
    <editdetail attribution="Reuters BIP Coding Group" action="confirmed" date="1997-07-31"/>
  </code>
  <code code="CCAT">
    <editdetail attribution="Reuters BIP Coding Group" action="confirmed" date="1997-07-31"/>
  </code>
</codes>
<dc element="dc.date.created" value="1997-07-31"/>
<dc element="dc.publisher" value="Reuters Holdings Plc"/>
<dc element="dc.date.published" value="1997-07-31"/>
<dc element="dc.source" value="Reuters"/>
<dc element="dc.creator.location" value="LONDON"/>
<dc element="dc.creator.location.country.name" value="UK"/>
<dc element="dc.source" value="Reuters"/>
</metadata>
</newsitem>
