<?xml version="1.0" encoding="iso-8859-1" ?>
<newsitem itemid="84203" id="root" date="1996-09-30" xml:lang="en">
<title>ROMANIA: ROMANIA SEES LOWER 1997 INFLATION AT 20 PCT.</title>
<headline>ROMANIA SEES LOWER 1997 INFLATION AT 20 PCT.</headline>
<dateline>BUCHAREST 1996-09-30</dateline>
<text>
<p>Romania expects 12-month inflation to slip to 20 percent in 1997 from around 30 percent this year, the National Forecasting Board (CNP) said on Monday.</p>
<p>&quot;We expect a price index of 120 percent for the December 1996-December 1997 period,&quot; CNP's Petrica Grama said.</p>
<p>Romania expects inflation of about 30 percent this year, a target recently revised from a previous 20 percent, but local economists say the 12-month figure will be higher due to hefty rises in energy and fuel prices in July.  </p>
<p>In July, electricity and thermal power prices rose by 58 percent and fuel prices by approximately 30 percent sending year-on-year inflation up to 40.3 percent from 33.8 percent in June. August's 12-month inflation was 44.2 percent.</p>
<p>Romania has made progress in cutting inflation from the near-hyperinflation of the immediate post-communist years. Inflation fell to 27.8 percent last year from 61.7 in 1994 and almost 300 percent in 1993. -- Luli Popescu, Bucharest Newsroom 40-1 3120264</p>
</text>
<copyright>(c) Reuters Limited 1996</copyright>
<metadata>
<codes class="bip:countries:1.0">
  <code code="ROM">
    <editdetail attribution="Reuters BIP Coding Group" action="confirmed" date="1996-09-30"/>
  </code>
</codes>
<codes class="bip:topics:1.0">
  <code code="E13">
    <editdetail attribution="Reuters BIP Coding Group" action="confirmed" date="1996-09-30"/>
  </code>
  <code code="E131">
    <editdetail attribution="Reuters BIP Coding Group" action="confirmed" date="1996-09-30"/>
  </code>
  <code code="ECAT">
    <editdetail attribution="Reuters BIP Coding Group" action="confirmed" date="1996-09-30"/>
  </code>
</codes>
<dc element="dc.date.created" value="1996-09-30"/>
<dc element="dc.publisher" value="Reuters Holdings Plc"/>
<dc element="dc.date.published" value="1996-09-30"/>
<dc element="dc.source" value="Reuters"/>
<dc element="dc.creator.location" value="BUCHAREST"/>
<dc element="dc.creator.location.country.name" value="ROMANIA"/>
<dc element="dc.source" value="Reuters"/>
</metadata>
</newsitem>
