<?xml version="1.0" encoding="iso-8859-1" ?>
<newsitem itemid="174197" id="root" date="1996-11-07" xml:lang="en">
<title>NORWAY: Statoil terminals to adopt new port dues.</title>
<headline>Statoil terminals to adopt new port dues.</headline>
<dateline>OSLO 1996-11-07</dateline>
<text>
<p>Modern tonnage will be treated more favourably by new port dues to be adopted in 1997 at Statoil's shipping terminals, Den norske stats oljeselskap AS said on Thursday.</p>
<p>Covering Mongstad near Bergen, Kaarstoe north of Stavanger and Kalundborg in Denmark, the new charges comprise a base fee set locally and a supplement of up to 30 percent, Statoil said in its Status Weekly newsletter.</p>
<p>The size of the extra payment depends on whether the vessel has a single or double hull and/or segregated ballast tanks (SBT).</p>
<p>Crude and product carriers calling at Mongstad must pay 5.20 crowns per net register ton in 1997. Dues were previously based on gross register tons. The change puts the payment more in line with cargo capacity, Statoil said.</p>
<p>A very large crude carrier (VLCC) of about 285,000 deadweight tonnes with single hull and no SBT is currently charged 593,000 crowns per call. This will rise to 722,000 crowns on January 1.</p>
<p>However, the due for a 124,000-tonne vessel with double hull and SBT will be reduced from about 220,000 crowns to 180,000 crowns.</p>
<p>&quot;Curbing the use of ships that present the biggest pollution threat and cutting time spent by vessels in port are among the goals of this revision,&quot; said Mongstad port captain Kjell Heggertveit.</p>
<p>-- Oslo newsroom +47 22 42 50 41</p>
</text>
<copyright>(c) Reuters Limited 1996</copyright>
<metadata>
<codes class="bip:countries:1.0">
  <code code="DEN">
    <editdetail attribution="Reuters BIP Coding Group" action="confirmed" date="1996-11-07"/>
  </code>
  <code code="NORW">
    <editdetail attribution="Reuters BIP Coding Group" action="confirmed" date="1996-11-07"/>
  </code>
</codes>
<codes class="bip:industries:1.0">
  <code code="I13000">
    <editdetail attribution="Reuters BIP Coding Group" action="confirmed" date="1996-11-07"/>
  </code>
  <code code="I1300003">
    <editdetail attribution="Reuters BIP Coding Group" action="confirmed" date="1996-11-07"/>
  </code>
  <code code="I74000">
    <editdetail attribution="Reuters BIP Coding Group" action="confirmed" date="1996-11-07"/>
  </code>
  <code code="I76300">
    <editdetail attribution="Reuters BIP Coding Group" action="confirmed" date="1996-11-07"/>
  </code>
</codes>
<codes class="bip:topics:1.0">
  <code code="C31">
    <editdetail attribution="Reuters BIP Coding Group" action="confirmed" date="1996-11-07"/>
  </code>
  <code code="CCAT">
    <editdetail attribution="Reuters BIP Coding Group" action="confirmed" date="1996-11-07"/>
  </code>
</codes>
<dc element="dc.date.created" value="1996-11-07"/>
<dc element="dc.publisher" value="Reuters Holdings Plc"/>
<dc element="dc.date.published" value="1996-11-07"/>
<dc element="dc.source" value="Reuters"/>
<dc element="dc.creator.location" value="OSLO"/>
<dc element="dc.creator.location.country.name" value="NORWAY"/>
<dc element="dc.source" value="Reuters"/>
</metadata>
</newsitem>
