<?xml version="1.0" encoding="iso-8859-1" ?>
<newsitem itemid="79181" id="root" date="1996-09-26" xml:lang="en">
<title>INDIA: Indian dollar forward premia - (closing) - Sept 26.</title>
<headline>Indian dollar forward premia - (closing) - Sept 26.</headline>
<dateline>BOMBAY 1996-09-26</dateline>
<text>
<p>Bombay banks quoted the forward premia on dollar at the following rates (in paise):</p>
<p>				TIME (in IST)</p>
<p>	   1100    1200     1300     1400     1500     1600</p>
<p>---------------------------------------------------------------</p>
<p>	 Bid/Ask  Bid/Ask  Bid/Ask  Bid/Ask  Bid/Ask  Bid/Ask</p>
<p>	 -------  -------  -------  -------  -------  -------</p>
<p> Oct -  20/22    21/24    21/23    20/23    22/23    21/23</p>
<p> Nov -  41/44    43/46    42/44    41/44    42/44    42/44</p>
<p> Dec -  70/73    71/74    70/75    70/73    71/74    71/73</p>
<p> Jan - 104/107  106/109  104/108  105/108  104/106  105/107</p>
<p> Feb - 134/137  135/138  134/136  134/137  135/136  135/137</p>
<p> Mar - 165/168  166/169  164/167  165/168  166/168  165/168</p>
<p>These indicative rates are based on contributions from ABN Amro, ANZ Grindlays, Andhra Bank, Bank of America, Banque Nationale De Paris,Barclays Bank Ltd,Canara Bank,Citibank, Credit Lyonnais, Deutsche Bank, Dresdner Bank, Global Trust Bank, HDFC Bank, Hongkong Bank, L.C.Raheja, Mashreq Bank, Nucleus Securities, Societe Generale, Standard Chartered Bank, State Bank of India - Calcutta, Syndicate Bank.</p>
<p>For contributions contact Samir Shah on 022-265 9000</p>
</text>
<copyright>(c) Reuters Limited 1996</copyright>
<metadata>
<codes class="bip:countries:1.0">
  <code code="INDIA">
    <editdetail attribution="Reuters BIP Coding Group" action="confirmed" date="1996-09-26"/>
  </code>
</codes>
<codes class="bip:topics:1.0">
  <code code="M13">
    <editdetail attribution="Reuters BIP Coding Group" action="confirmed" date="1996-09-26"/>
  </code>
  <code code="M132">
    <editdetail attribution="Reuters BIP Coding Group" action="confirmed" date="1996-09-26"/>
  </code>
  <code code="MCAT">
    <editdetail attribution="Reuters BIP Coding Group" action="confirmed" date="1996-09-26"/>
  </code>
</codes>
<dc element="dc.date.created" value="1996-09-26"/>
<dc element="dc.publisher" value="Reuters Holdings Plc"/>
<dc element="dc.date.published" value="1996-09-26"/>
<dc element="dc.source" value="Reuters"/>
<dc element="dc.creator.location" value="BOMBAY"/>
<dc element="dc.creator.location.country.name" value="INDIA"/>
<dc element="dc.source" value="Reuters"/>
</metadata>
</newsitem>
