<?xml version="1.0" encoding="iso-8859-1" ?>
<newsitem itemid="466212" id="root" date="1997-03-25" xml:lang="en">
<title>USA: Stocks leading percentage gains and losses.</title>
<headline>Stocks leading percentage gains and losses.</headline>
<dateline>NEW YORK</dateline>
<text>
<p>Following are the largest percentage gains and losses based on consolidated trading on the New York and American stock exchanges Tuesday.</p>
<p>NYSE BIGGEST PERCENT GAINS</p>
<p>  IOMEGA CP		 16 3/4    +2 5/8   18.6</p>
<p>  AMER RLTY NEW	   22	  +2 7/8   15.0</p>
<p>  FREDERICK B	     4 1/8     +1/2     13.8</p>
<p>  FREDERICK A	     4 3/8     +1/2     12.9</p>
<p>  BOSTON TECHNOL	  22 1/8    +2 1/8   10.6</p>
<p>  KOREA MOBILE	    10 7/8    +1	 10.1</p>
<p>  SIMULA INC		15 3/8    +1 3/8   9.8</p>
<p>  TIMES MIRROR	    32	  +2 3/4   9.4</p>
<p>  PHP HEALTHCARE	  12 3/4    +1	 8.5</p>
<p>  ADV MICRO DEVICE	40 3/4    +3 1/8   8.3</p>
<p>NYSE BIGGEST PERCENT LOSSES</p>
<p>  GLOBAL DIRECT	   19 7/8    -8 1/8   -29.0</p>
<p>  WORLDCORP INC	   2 7/8     -3/8     -11.5</p>
<p>  ENVIRON ELEMENTS	2 1/4     -1/4     -10.0</p>
<p>  SIGNAL APPAREL	  2 3/8     -1/4     -9.5</p>
<p>  JOHN H HARLAND	  25 7/8    -2 1/2   -8.8</p>
<p>  MONEYGRAM PYMT	  7 1/8     -5/8     -8.1</p>
<p>  VANSTAR CORP	    7 1/8     -5/8     -8.1</p>
<p>  LEVITZ FURN	     3	   -1/4     -7.7</p>
<p>  ADMINISTAFF INC	 17	  -1 3/8   -7.5</p>
<p>  WHEELABRATOR	    12 7/8    -1	 -7.2</p>
<p>AMEX BIGGEST PERCENT GAINS</p>
<p>  B&amp;H OCEAN		 4 5/8     +5/8     15.6</p>
<p>  SENTRY TECH	     3 9/16    +7/16    14.0</p>
<p>  SPORTS CLUB	     4 11/16   +3/8     8.7</p>
<p>  ION LAZER TECH	  6 7/8     +1/2     7.8</p>
<p>  BUFFTON CORP	    2 13/16   +3/16    7.1</p>
<p>  FREQUENCY ELEC	  11 1/4    +3/4     7.1</p>
<p>  NATIONAL REALTY	 17 1/8    +1 1/8   7.0</p>
<p>  INTL REMOTE	     3 7/8     +1/4     6.9</p>
<p>  INCOME OPPORT	   12 1/4    +3/4     6.5</p>
<p>  THERMO CARDIO	   22 1/2    +1 3/8   6.5</p>
<p>AMEX BIGGEST PERCENT LOSSES</p>
<p>  PAC RSC &amp; ENGIN	 2 1/4     -3/8     -14.3</p>
<p>  PEOPLES TELEPH	  3 1/8     -1/2     -13.8</p>
<p>  SILVERADO		 2 1/8     -1/4     -10.5</p>
<p>  AIR AND WATER	   4 1/2     -1/2     -10.0</p>
<p>  FORUM RETIREMENT	3 1/8     -1/4     -7.4</p>
<p>  PHONETEL TECH	   3 3/8     -1/4     -6.9</p>
<p>  NOVAVAX		   3 1/2     -1/4     -6.7</p>
<p>  JOULE INC		 3 3/4     -1/4     -6.3</p>
<p>  MAI SYSTEMS	     6 1/8     -3/8     -5.8</p>
<p>  DAIRY MART B	    4 1/8     -1/4     -5.7</p>
</text>
<copyright>(c) Reuters Limited 1997</copyright>
<metadata>
<codes class="bip:countries:1.0">
  <code code="USA">
    <editdetail attribution="Reuters BIP Coding Group" action="confirmed" date="1997-03-25"/>
  </code>
</codes>
<codes class="bip:topics:1.0">
  <code code="M11">
    <editdetail attribution="Reuters BIP Coding Group" action="confirmed" date="1997-03-25"/>
  </code>
  <code code="MCAT">
    <editdetail attribution="Reuters BIP Coding Group" action="confirmed" date="1997-03-25"/>
  </code>
</codes>
<dc element="dc.publisher" value="Reuters Holdings Plc"/>
<dc element="dc.date.published" value="1997-03-25"/>
<dc element="dc.source" value="Reuters"/>
<dc element="dc.creator.location" value="NEW YORK"/>
<dc element="dc.creator.location.country.name" value="USA"/>
<dc element="dc.source" value="Reuters"/>
</metadata>
</newsitem>
