<?xml version="1.0" encoding="iso-8859-1" ?>
<newsitem itemid="615585" id="root" date="1997-05-26" xml:lang="en">
<title>SWEDEN: Scania says wins Egypt bus chassis order.</title>
<headline>Scania says wins Egypt bus chassis order.</headline>
<dateline>STOCKHOLM 1997-05-26</dateline>
<text>
<p>Swedish truck and bus maker Scania said on Monday it won an order for 360 bus chassis from Ghabbour Egypt.  </p>
<p>The chassis will be delivered at the end of the year and in 1998, Scania said in a statement which did not disclose the value of the order.</p>
<p>This is the third order from Ghabbour Egypt in a short period of time. Since November last year Scania has received orders for 750 bus chassis from Egypt, it said.</p>
<p>&quot;The large deliveries of buses to Egypt this year means that the country will become one of Scania's large bus markets in 1997,&quot; Rolf Teljeby, marketing manager for Scania Buses &amp; Coaches, said.</p>
<p>&quot;Through this order we will strengthen our position as one of the leading bus brands in Egypt,&quot; he said.</p>
<p>The Egyptian bus market is growing after decreasing for some years, the company said.</p>
<p>-- Birgitta Forsberg, Stockholm newsroom +46-8-700 1017</p>
</text>
<copyright>(c) Reuters Limited 1997</copyright>
<metadata>
<codes class="bip:countries:1.0">
  <code code="EGYPT">
    <editdetail attribution="Reuters BIP Coding Group" action="confirmed" date="1997-05-26"/>
  </code>
  <code code="SWED">
    <editdetail attribution="Reuters BIP Coding Group" action="confirmed" date="1997-05-26"/>
  </code>
</codes>
<codes class="bip:industries:1.0">
  <code code="I35101">
    <editdetail attribution="Reuters BIP Coding Group" action="confirmed" date="1997-05-26"/>
  </code>
  <code code="I35102">
    <editdetail attribution="Reuters BIP Coding Group" action="confirmed" date="1997-05-26"/>
  </code>
</codes>
<codes class="bip:topics:1.0">
  <code code="C33">
    <editdetail attribution="Reuters BIP Coding Group" action="confirmed" date="1997-05-26"/>
  </code>
  <code code="CCAT">
    <editdetail attribution="Reuters BIP Coding Group" action="confirmed" date="1997-05-26"/>
  </code>
</codes>
<dc element="dc.date.created" value="1997-05-26"/>
<dc element="dc.publisher" value="Reuters Holdings Plc"/>
<dc element="dc.date.published" value="1997-05-26"/>
<dc element="dc.source" value="Reuters"/>
<dc element="dc.creator.location" value="STOCKHOLM"/>
<dc element="dc.creator.location.country.name" value="SWEDEN"/>
<dc element="dc.source" value="Reuters"/>
</metadata>
</newsitem>
