<?xml version="1.0" encoding="iso-8859-1" ?>
<newsitem itemid="797173" id="root" date="1997-08-13" xml:lang="en">
<title>UK: OPTIONS -CALL SPREAD SOLD IN ICI.</title>
<headline>OPTIONS -CALL SPREAD SOLD IN ICI.</headline>
<dateline>LONDON 1997-08-13</dateline>
<text>
<p>A bear spread in Imperial Chemical Industries was one of the larger deals in the stock options market by early afternoon on Wednesday, dealers said.</p>
<p>It involved selling 500 October 900 calls at 180p and buying 500 October 1100 calls at 40p for a net credit of 140p.</p>
<p>For maximum profit of 140p at expiry, the underlying shares need to fall below 900p. If the shares go above 1100p, the spread will make a maximum loss of 60p.</p>
<p>By 1300 GMT, ICI shares was down 33-1/2p to 1075p.</p>
<p>British Telecommunications were also active with a seller of around 1,400 August 385 puts at 5-1/2p.</p>
<p>In a separate trade in BT, 1,000 August 425 calls were crossed at 3-1/2p.</p>
<p>Dealers believed the deals may have been closing trades ahead of the stock options expiry on August 20.</p>
<p>BT shares slipped 4p to 395p.</p>
<p>Elsewhere, there was seller of 350 August 320 calls at prices of 31p-33p in aero-engine maufacturer Rolls Royce, which also may have been a closing deal.</p>
<p>Rolls Royce shares were down 6-1/2p to 252p.</p>
<p>-- Pradip Mishra, London Newsroom +44 171 542 7954</p>
</text>
<copyright>(c) Reuters Limited 1997</copyright>
<metadata>
<codes class="bip:countries:1.0">
  <code code="UK">
    <editdetail attribution="Reuters BIP Coding Group" action="confirmed" date="1997-08-13"/>
  </code>
</codes>
<codes class="bip:industries:1.0">
  <code code="I25000">
    <editdetail attribution="Reuters BIP Coding Group" action="confirmed" date="1997-08-13"/>
  </code>
  <code code="I36400">
    <editdetail attribution="Reuters BIP Coding Group" action="confirmed" date="1997-08-13"/>
  </code>
  <code code="I3640002">
    <editdetail attribution="Reuters BIP Coding Group" action="confirmed" date="1997-08-13"/>
  </code>
  <code code="I79020">
    <editdetail attribution="Reuters BIP Coding Group" action="confirmed" date="1997-08-13"/>
  </code>
</codes>
<codes class="bip:topics:1.0">
  <code code="C15">
    <editdetail attribution="Reuters BIP Coding Group" action="confirmed" date="1997-08-13"/>
  </code>
  <code code="C152">
    <editdetail attribution="Reuters BIP Coding Group" action="confirmed" date="1997-08-13"/>
  </code>
  <code code="CCAT">
    <editdetail attribution="Reuters BIP Coding Group" action="confirmed" date="1997-08-13"/>
  </code>
</codes>
<dc element="dc.date.created" value="1997-08-13"/>
<dc element="dc.publisher" value="Reuters Holdings Plc"/>
<dc element="dc.date.published" value="1997-08-13"/>
<dc element="dc.source" value="Reuters"/>
<dc element="dc.creator.location" value="LONDON"/>
<dc element="dc.creator.location.country.name" value="UK"/>
<dc element="dc.source" value="Reuters"/>
</metadata>
</newsitem>
