<?xml version="1.0" encoding="iso-8859-1" ?>
<newsitem itemid="466414" id="root" date="1997-03-25" xml:lang="en">
<title>USA: KCBT wheat futures end higher on dryness concerns.</title>
<headline>KCBT wheat futures end higher on dryness concerns.</headline>
<dateline>KANSAS CITY, Mo. 1997-03-25</dateline>
<text>
<p>KCBT hard red winter wheat futures settled higher amid concerns over dryness in western portions of the HRW wheat belt, traders said.</p>
<p>&quot;Volumes have been thin. The only story today is some commission house buying... tied to dry weather in the western end of the HRW belt,&quot; a KCBT trader said.</p>
<p>Wheat drew support from the National Weather Service's six- to 10-day weather outlook released Monday which predicted above-normal temperatures and normal to below-normal precipitation across much of the HRW wheat growing region.</p>
<p>The weekly state crop reports released Monday showed that the HRW wheat condition declined slightly in Texas and Oklahoma due to dryness. Kansas' crop was mostly unchanged.</p>
<p>KCBT wheat settled 3-1/2 to 5-3/4 cents per bushel higher, with May up 4-1/4 cents at $4.16-1/4. New crop July wheat settled up 5-3/4 cents at $3.91-1/4.</p>
<p>Traders said commodity broker E. D. &amp; F. Man International was a featured player, picking up 1.2 million July bushels. Continental Grain also bought one million July, traders said, and Cargill Investor Services bear-spread 1.3 million May/July at 26 to 27 cents.</p>
<p>((--Greg Frost, 816 561-8671))</p>
</text>
<copyright>(c) Reuters Limited 1997</copyright>
<metadata>
<codes class="bip:countries:1.0">
  <code code="USA">
    <editdetail attribution="Reuters BIP Coding Group" action="confirmed" date="1997-03-25"/>
  </code>
</codes>
<codes class="bip:topics:1.0">
  <code code="M14">
    <editdetail attribution="Reuters BIP Coding Group" action="confirmed" date="1997-03-25"/>
  </code>
  <code code="M141">
    <editdetail attribution="Reuters BIP Coding Group" action="confirmed" date="1997-03-25"/>
  </code>
  <code code="MCAT">
    <editdetail attribution="Reuters BIP Coding Group" action="confirmed" date="1997-03-25"/>
  </code>
</codes>
<dc element="dc.date.created" value="1997-03-25"/>
<dc element="dc.publisher" value="Reuters Holdings Plc"/>
<dc element="dc.date.published" value="1997-03-25"/>
<dc element="dc.source" value="Reuters"/>
<dc element="dc.creator.location" value="KANSAS CITY, Mo."/>
<dc element="dc.creator.location.country.name" value="USA"/>
<dc element="dc.source" value="Reuters"/>
</metadata>
</newsitem>
