<?xml version="1.0" encoding="iso-8859-1" ?>
<newsitem itemid="674542" id="root" date="1997-06-19" xml:lang="en">
<title>AUSTRALIA: Airline passenger traffic from Australia up in Jan.</title>
<headline>Airline passenger traffic from Australia up in Jan.</headline>
<dateline>CANBERRA 1997-06-19</dateline>
<text>
<p>The number of passengers carried on international flights from Australia in January rose 8.8 percent to 1.29 million from 1.19 million a year earlier, an international aviation industry report said on Thursday.</p>
<p>The report, prepared by Australia's Department of Transport, said the number of passengers carried in January 1997 was also 16.4 percent higher than Janaury 1995. &quot;This continues the trend of month-on-month increases since June 1991,&quot; the report said.</p>
<p>On an annual basis, the number of passengers carried on international flights increased 10.2 percent to 13.41 million in the year ended January 1997 over the year ended January 1996.  </p>
<p>The report found inbound traffic was up 14.8 percent in January 1997 over January 1995, while outbound traffic was 18.3 percent higher. &quot;Inbound passenger traffic of 678,000 and total passenger traffic of 1.29 million for the month of January 1997 were the highest ever recorded,&quot; the report said.</p>
<p>&quot;This follows on from the record number of outbound and total passenger traffic carried in December 1996,&quot; it said.</p>
<p>The Auckland to Sydney route remained the busiest international service with 787,346 passengers flying that route in the year to January 1997.  </p>
<p>Los Angeles/Sydney followed with 645,929 passengers and the Singapore/Sydney route recorded 513,627 passengers for the year. The report found Australian airlines accounted for 42.8 percent of the international market for the year ended January 1997, compared with 42.4 percent in the previous year and 42.9 percent in the year to January 1995.</p>
<p>The following table shows total passenger traffic by city pairs:</p>
<p>					 Total passengers</p>
<p>City pair		 Year to Jan 1997	Year to Jan 1996</p>
<p>Auckland/Sydney	    787,346		   727,347</p>
<p>Los Angeles/Sydney	 645,929		   587,058</p>
<p>Singapore/Sydney	   513,627		   472,687</p>
<p>Hong Kong/Sydney	   512,048		   470,350</p>
<p>Tokyo/Sydney		 455,482		   450,273</p>
<p>Auckland/Brisbane	  404,126		   355,485</p>
<p>Singapore/Perth	    380,424		   383,538</p>
<p>Auckland/Melbourne	 340,409		   322,472</p>
<p>Christchurch/Sydney	298,590		   287,704</p>
<p>Singapore/Melbourne	298,518		   298,500</p>
<p>-- Canberra Bureau 61-6 273-2730</p>
</text>
<copyright>(c) Reuters Limited 1997</copyright>
<metadata>
<codes class="bip:countries:1.0">
  <code code="AUSTR">
    <editdetail attribution="Reuters BIP Coding Group" action="confirmed" date="1997-06-19"/>
  </code>
</codes>
<codes class="bip:industries:1.0">
  <code code="I75000">
    <editdetail attribution="Reuters BIP Coding Group" action="confirmed" date="1997-06-19"/>
  </code>
</codes>
<codes class="bip:topics:1.0">
  <code code="C21">
    <editdetail attribution="Reuters BIP Coding Group" action="confirmed" date="1997-06-19"/>
  </code>
  <code code="C31">
    <editdetail attribution="Reuters BIP Coding Group" action="confirmed" date="1997-06-19"/>
  </code>
  <code code="CCAT">
    <editdetail attribution="Reuters BIP Coding Group" action="confirmed" date="1997-06-19"/>
  </code>
</codes>
<dc element="dc.date.created" value="1997-06-19"/>
<dc element="dc.publisher" value="Reuters Holdings Plc"/>
<dc element="dc.date.published" value="1997-06-19"/>
<dc element="dc.source" value="Reuters"/>
<dc element="dc.creator.location" value="CANBERRA"/>
<dc element="dc.creator.location.country.name" value="AUSTRALIA"/>
<dc element="dc.source" value="Reuters"/>
</metadata>
</newsitem>
