<?xml version="1.0" encoding="iso-8859-1" ?>
<newsitem itemid="624731" id="root" date="1997-05-29" xml:lang="en">
<title>UK: TABLE-Berisford H1 profits rise.</title>
<headline>TABLE-Berisford H1 profits rise.</headline>
<dateline>LONDON 1997-05-29</dateline>
<text>
<p>Half year to March 29</p>
<p>				 (million stg unless stated)</p>
<p> Shr (pence)		24.1		   vs 6.6</p>
<p> Dividend (pence)	 2.0		    vs 1.5</p>
<p> Pretax		     38.9		   vs 11.9</p>
<p> Pretax preexcept	 14.5		   vs up 14 pct</p>
<p> Turnover		   261.0		  vs 242.6</p>
<p>Full company name - Berisford International Plc.</p>
<p>-- London Newsroom +44 171 542 4019</p>
</text>
<copyright>(c) Reuters Limited 1997</copyright>
<metadata>
<codes class="bip:countries:1.0">
  <code code="UK">
    <editdetail attribution="Reuters BIP Coding Group" action="confirmed" date="1997-05-29"/>
  </code>
</codes>
<codes class="bip:industries:1.0">
  <code code="I63000">
    <editdetail attribution="Reuters BIP Coding Group" action="confirmed" date="1997-05-29"/>
  </code>
</codes>
<codes class="bip:topics:1.0">
  <code code="C15">
    <editdetail attribution="Reuters BIP Coding Group" action="confirmed" date="1997-05-29"/>
  </code>
  <code code="C151">
    <editdetail attribution="Reuters BIP Coding Group" action="confirmed" date="1997-05-29"/>
  </code>
  <code code="CCAT">
    <editdetail attribution="Reuters BIP Coding Group" action="confirmed" date="1997-05-29"/>
  </code>
</codes>
<dc element="dc.date.created" value="1997-05-29"/>
<dc element="dc.publisher" value="Reuters Holdings Plc"/>
<dc element="dc.date.published" value="1997-05-29"/>
<dc element="dc.source" value="Reuters"/>
<dc element="dc.creator.location" value="LONDON"/>
<dc element="dc.creator.location.country.name" value="UK"/>
<dc element="dc.source" value="Reuters"/>
</metadata>
</newsitem>
