<?xml version="1.0" encoding="iso-8859-1" ?>
<newsitem itemid="393158" id="root" date="1997-03-13" xml:lang="en">
<title>BELGIUM: Farm ministers could agree green money measures.</title>
<headline>Farm ministers could agree green money measures.</headline>
<dateline>BRUSSELS 1997-03-13</dateline>
<text>
<p>European Union farm ministers could agree two agri-monetary proposals next week despite divisions between member states, a spokesman for the Dutch presidency told a news briefing on Thursday.</p>
<p>There is hope of agreement for a proposal fixing import taxes for all agricultural products at the monthly customs rate instead of the green rate used to calculate EU internal agricultural payments, the official said.</p>
<p>The Commission proposal aims to end the need to convert customs rates into green rates which it says is needlessly complicated.</p>
<p>A second proposal capping farmers compensation for loss of income due to national currency revaluations which cause reductions in green rate payments is opposed by Italy, Ireland and the  United Kingdom.</p>
<p>&quot;The Commission proposal would impose a limit from January 1 (1997) of seven percent of income lost in order to save the EU money.</p>
<p>&quot;But, these three countries say that the limit is unfair because it did not apply to countries which were compensated before that date,&quot; a Council official said later.</p>
<p>&quot;Of the two proposals the second presents the most difficulty but we are hopeful that both can be agreed next week,&quot; the Dutch official commented.</p>
</text>
<copyright>(c) Reuters Limited 1997</copyright>
<metadata>
<codes class="bip:countries:1.0">
  <code code="EEC">
    <editdetail attribution="Reuters BIP Coding Group" action="confirmed" date="1997-03-13"/>
  </code>
</codes>
<codes class="bip:topics:1.0">
  <code code="G15">
    <editdetail attribution="Reuters BIP Coding Group" action="confirmed" date="1997-03-13"/>
  </code>
  <code code="G153">
    <editdetail attribution="Reuters BIP Coding Group" action="confirmed" date="1997-03-13"/>
  </code>
  <code code="G154">
    <editdetail attribution="Reuters BIP Coding Group" action="confirmed" date="1997-03-13"/>
  </code>
  <code code="GCAT">
    <editdetail attribution="Reuters BIP Coding Group" action="confirmed" date="1997-03-13"/>
  </code>
  <code code="M13">
    <editdetail attribution="Reuters BIP Coding Group" action="confirmed" date="1997-03-13"/>
  </code>
  <code code="M132">
    <editdetail attribution="Reuters BIP Coding Group" action="confirmed" date="1997-03-13"/>
  </code>
  <code code="MCAT">
    <editdetail attribution="Reuters BIP Coding Group" action="confirmed" date="1997-03-13"/>
  </code>
</codes>
<dc element="dc.date.created" value="1997-03-13"/>
<dc element="dc.publisher" value="Reuters Holdings Plc"/>
<dc element="dc.date.published" value="1997-03-13"/>
<dc element="dc.source" value="Reuters"/>
<dc element="dc.creator.location" value="BRUSSELS"/>
<dc element="dc.creator.location.country.name" value="BELGIUM"/>
<dc element="dc.source" value="Reuters"/>
</metadata>
</newsitem>
