<?xml version="1.0" encoding="iso-8859-1" ?>
<newsitem itemid="728890" id="root" date="1997-07-15" xml:lang="en">
<title>SINGAPORE: Singapore bunker final report and prices - July 15.</title>
<headline>Singapore bunker final report and prices - July 15.</headline>
<text>
<p>(DELIVERED U.S.$/TONNE)  380 CST  180 CST    MDO    GAS OIL</p>
<p> SINGAPORE CARGO	   94/96     96/98     UNQ    149/153</p>
<p> SINGAPORE BUNKER	  97/99    100/102  160/162  170/173</p>
<p>--------</p>
<p>COMMENTS - Bunkers edged down late Tuesday, in line with  weaker cargo market, traders said. Suppliers saw improved enquiries earlier but a lack of support for cargoes, dampened sentiment.</p>
<p>-- Singapore Newsroom (65-870-3571)</p>
</text>
<copyright>(c) Reuters Limited 1997</copyright>
<metadata>
<codes class="bip:countries:1.0">
  <code code="SINGP">
    <editdetail attribution="Reuters BIP Coding Group" action="confirmed" date="1997-07-15"/>
  </code>
</codes>
<codes class="bip:topics:1.0">
  <code code="M14">
    <editdetail attribution="Reuters BIP Coding Group" action="confirmed" date="1997-07-15"/>
  </code>
  <code code="M143">
    <editdetail attribution="Reuters BIP Coding Group" action="confirmed" date="1997-07-15"/>
  </code>
  <code code="MCAT">
    <editdetail attribution="Reuters BIP Coding Group" action="confirmed" date="1997-07-15"/>
  </code>
</codes>
<dc element="dc.publisher" value="Reuters Holdings Plc"/>
<dc element="dc.date.published" value="1997-07-15"/>
<dc element="dc.source" value="Reuters"/>
<dc element="dc.creator.location.country.name" value="SINGAPORE"/>
<dc element="dc.source" value="Reuters"/>
</metadata>
</newsitem>
