<?xml version="1.0" encoding="iso-8859-1" ?>
<newsitem itemid="151762" id="root" date="1996-10-29" xml:lang="en">
<title>AUSTRALIA: RTRS-Elders postpones annual meeting.</title>
<headline>RTRS-Elders postpones annual meeting.</headline>
<dateline>ADELAIDE 1996-10-29</dateline>
<text>
<p>Pastoral group Elders Australia Ltd, currently a takeover target by diversified manufacturer Futuris Corp Ltd, had postponed its annual meeting scheduled for November 1, a company spokesman said on Tuesday.</p>
<p>The spokesman said a new date for the meeting had yet to be determined, and the board had given no reason for the decision.</p>
<p>Perth-based Futuris, whose chief executive Alan Newman is chairman of Elders, on Monday extended for a fourth time its takeover bid for the pastoral group, saying it held an 83.2 percent stake.  </p>
<p>Two offshore investors, Sir James Goldsmith's General Oriental Investments Ltd (GOIL) and the London based Marathon Asset Management, with a combined stake of about 15 percent in Elders, successfully blocked an earlier merger move with Futuris.</p>
<p>Futuris' offer is now due to close on November 25.</p>
<p>-- Sydney newsroom 61-2 9373-1800</p>
</text>
<copyright>(c) Reuters Limited 1996</copyright>
<metadata>
<codes class="bip:countries:1.0">
  <code code="AUSTR">
    <editdetail attribution="Reuters BIP Coding Group" action="confirmed" date="1996-10-29"/>
  </code>
</codes>
<codes class="bip:industries:1.0">
  <code code="I01000">
    <editdetail attribution="Reuters BIP Coding Group" action="confirmed" date="1996-10-29"/>
  </code>
  <code code="I35300">
    <editdetail attribution="Reuters BIP Coding Group" action="confirmed" date="1996-10-29"/>
  </code>
</codes>
<codes class="bip:topics:1.0">
  <code code="C18">
    <editdetail attribution="Reuters BIP Coding Group" action="confirmed" date="1996-10-29"/>
  </code>
  <code code="C181">
    <editdetail attribution="Reuters BIP Coding Group" action="confirmed" date="1996-10-29"/>
  </code>
  <code code="CCAT">
    <editdetail attribution="Reuters BIP Coding Group" action="confirmed" date="1996-10-29"/>
  </code>
</codes>
<dc element="dc.date.created" value="1996-10-29"/>
<dc element="dc.publisher" value="Reuters Holdings Plc"/>
<dc element="dc.date.published" value="1996-10-29"/>
<dc element="dc.source" value="Reuters"/>
<dc element="dc.creator.location" value="ADELAIDE"/>
<dc element="dc.creator.location.country.name" value="AUSTRALIA"/>
<dc element="dc.source" value="Reuters"/>
</metadata>
</newsitem>
