<?xml version="1.0" encoding="iso-8859-1" ?>
<newsitem itemid="495490" id="root" date="1997-04-08" xml:lang="en">
<title>JAPAN: Japan PM says watching dollar rise - Jiji.</title>
<headline>Japan PM says watching dollar rise - Jiji.</headline>
<dateline>TOKYO 1997-04-08</dateline>
<text>
<p>Prime Minister Ryutaro Hashimoto told reporters he was giving the dollar's rise his attention, a Japanese news agency reported on Tuesday.</p>
<p>Asked about the dollar's recent rise to close to 126 yen, Hashimoto was quoted as saying: &quot;Many different influences are emerging. I am watching it with some attention.&quot;</p>
</text>
<copyright>(c) Reuters Limited 1997</copyright>
<metadata>
<codes class="bip:countries:1.0">
  <code code="JAP">
    <editdetail attribution="Reuters BIP Coding Group" action="confirmed" date="1997-04-08"/>
  </code>
</codes>
<codes class="bip:topics:1.0">
  <code code="E12">
    <editdetail attribution="Reuters BIP Coding Group" action="confirmed" date="1997-04-08"/>
  </code>
  <code code="ECAT">
    <editdetail attribution="Reuters BIP Coding Group" action="confirmed" date="1997-04-08"/>
  </code>
  <code code="M13">
    <editdetail attribution="Reuters BIP Coding Group" action="confirmed" date="1997-04-08"/>
  </code>
  <code code="M132">
    <editdetail attribution="Reuters BIP Coding Group" action="confirmed" date="1997-04-08"/>
  </code>
  <code code="MCAT">
    <editdetail attribution="Reuters BIP Coding Group" action="confirmed" date="1997-04-08"/>
  </code>
</codes>
<dc element="dc.date.created" value="1997-04-08"/>
<dc element="dc.publisher" value="Reuters Holdings Plc"/>
<dc element="dc.date.published" value="1997-04-08"/>
<dc element="dc.source" value="Reuters"/>
<dc element="dc.creator.location" value="TOKYO"/>
<dc element="dc.creator.location.country.name" value="JAPAN"/>
<dc element="dc.source" value="Reuters"/>
</metadata>
</newsitem>
