<?xml version="1.0" encoding="iso-8859-1" ?>
<newsitem itemid="87014" id="root" date="1996-10-01" xml:lang="en">
<title>USA: RESEARCH ALERT - Latam paper firms started.</title>
<headline>RESEARCH ALERT - Latam paper firms started.</headline>
<text>
<p>-- Panigrahi said both Votorantim Celulose e Papel S.A. (VCP) and Industrias Klabin de Papel e Celulose S.A. have diversified into high value-added paper segments in Brazil and should benefit from the growth expected in consumer paper products. He added that valuations on both firms are attractive.</p>
<p>-- Aracruz Celulose S.A., Maderas y Sinteticos S.A. (Masisa) and Empaques Ponderosa S.A. were rated hold because while they present attractive features, they are already reflected in stock prices.</p>
<p>-- David Luhnow, Mexico City newsroom +525 728-9565</p>
</text>
<copyright>(c) Reuters Limited 1996</copyright>
<metadata>
<codes class="bip:countries:1.0">
  <code code="BRAZ">
    <editdetail attribution="Reuters BIP Coding Group" action="confirmed" date="1996-10-01"/>
  </code>
  <code code="CHIL">
    <editdetail attribution="Reuters BIP Coding Group" action="confirmed" date="1996-10-01"/>
  </code>
  <code code="MEX">
    <editdetail attribution="Reuters BIP Coding Group" action="confirmed" date="1996-10-01"/>
  </code>
  <code code="USA">
    <editdetail attribution="Reuters BIP Coding Group" action="confirmed" date="1996-10-01"/>
  </code>
</codes>
<codes class="bip:industries:1.0">
  <code code="I47100">
    <editdetail attribution="Reuters BIP Coding Group" action="confirmed" date="1996-10-01"/>
  </code>
  <code code="I47101">
    <editdetail attribution="Reuters BIP Coding Group" action="confirmed" date="1996-10-01"/>
  </code>
  <code code="I47200">
    <editdetail attribution="Reuters BIP Coding Group" action="confirmed" date="1996-10-01"/>
  </code>
</codes>
<codes class="bip:topics:1.0">
  <code code="C15">
    <editdetail attribution="Reuters BIP Coding Group" action="confirmed" date="1996-10-01"/>
  </code>
  <code code="C152">
    <editdetail attribution="Reuters BIP Coding Group" action="confirmed" date="1996-10-01"/>
  </code>
  <code code="CCAT">
    <editdetail attribution="Reuters BIP Coding Group" action="confirmed" date="1996-10-01"/>
  </code>
</codes>
<dc element="dc.publisher" value="Reuters Holdings Plc"/>
<dc element="dc.date.published" value="1996-10-01"/>
<dc element="dc.source" value="Reuters"/>
<dc element="dc.creator.location.country.name" value="USA"/>
<dc element="dc.source" value="Reuters"/>
</metadata>
</newsitem>
