<?xml version="1.0" encoding="iso-8859-1" ?>
<newsitem itemid="416070" id="root" date="1997-03-03" xml:lang="en">
<title>UK: IBM Intl Finance sets $250 mln two-year Eurobond.</title>
<headline>IBM Intl Finance sets $250 mln two-year Eurobond.</headline>
<dateline>LONDON 1997-03-03</dateline>
<text>
<p>The following bond was announced by lead manager ABN AMRO Hoare Govett.</p>
<p> BORROWER   IBM INTERNATIONAL FINANCE</p>
<p> AMT    $250 MLN	COUPON     6.25	MATURITY    01.APR.99</p>
<p> TYPE	 STRAIGHT  ISS PRICE  100.902   PAY DATE    01.APR.97</p>
<p> FULL FEES  1.125     REOFFER    99.927    SPREAD	+10 BP</p>
<p> MOODY	A1	  LISTING    LONDON    PAY FREQ    ANNUAL</p>
<p> S&amp;P	  A	   DENOMS (K) =	   SALE LIMITS US/UK</p>
<p> NEG PLG    YES	 CRS DEFLT  NO	  FORCE MAJ   YES</p>
<p> GOV LAW    ENGLISH   HOME CTRY  U.S	 TAX PROVS   STD</p>
<p> MGT/UND    0.15	SELL CONC  0.975     PRAECIPUUM  =</p>
<p> NOTES	ISSUED OFF EMTN PROGRAMME</p>
<p>-- London Newsroom +44 171 542 7658</p>
</text>
<copyright>(c) Reuters Limited 1997</copyright>
<metadata>
<codes class="bip:countries:1.0">
  <code code="UK">
    <editdetail attribution="Reuters BIP Coding Group" action="confirmed" date="1997-03-03"/>
  </code>
</codes>
<codes class="bip:industries:1.0">
  <code code="I33020">
    <editdetail attribution="Reuters BIP Coding Group" action="confirmed" date="1997-03-03"/>
  </code>
  <code code="I3302003">
    <editdetail attribution="Reuters BIP Coding Group" action="confirmed" date="1997-03-03"/>
  </code>
</codes>
<codes class="bip:topics:1.0">
  <code code="C17">
    <editdetail attribution="Reuters BIP Coding Group" action="confirmed" date="1997-03-03"/>
  </code>
  <code code="C172">
    <editdetail attribution="Reuters BIP Coding Group" action="confirmed" date="1997-03-03"/>
  </code>
  <code code="CCAT">
    <editdetail attribution="Reuters BIP Coding Group" action="confirmed" date="1997-03-03"/>
  </code>
</codes>
<dc element="dc.date.created" value="1997-03-03"/>
<dc element="dc.publisher" value="Reuters Holdings Plc"/>
<dc element="dc.date.published" value="1997-03-03"/>
<dc element="dc.source" value="Reuters"/>
<dc element="dc.creator.location" value="LONDON"/>
<dc element="dc.creator.location.country.name" value="UK"/>
<dc element="dc.source" value="Reuters"/>
</metadata>
</newsitem>
