<?xml version="1.0" encoding="iso-8859-1" ?>
<newsitem itemid="213212" id="root" date="1996-11-24" xml:lang="en">
<title>PAKISTAN: PRESS DIGEST - Pakistan - November 24.</title>
<headline>PRESS DIGEST - Pakistan - November 24.</headline>
<text>
<p>Following are the leading stories in Pakistani newspapers on Sunday. Reuters has not verified these stories and does not vouch for their accuracy.</p>
<p>DAWN</p>
<p>- The provincial government of Sindh has announced a 5.4 billion rupee cut in its development and non-development expenditure.</p>
<p>- The Supreme Court of Pakistan has returned the modified petition of Benazir Bhutto challenging the dissolution of the National Assembly and dismissal of her government.</p>
<p>- The Sindh High Court has ordered the state-run Karachi Water and Sewerage Board to pay compensation of 500,000 rupees to the parents of a child who died after he fell into an uncovered manhole.</p>
<p>- The caretaker government has decided to observe Pakistan's 50th anniversary celebrations in a simple manner and asked civil and military organisations to return all funds received earlier for this purpose.</p>
<p>- Caretaker Information Minister Irshad Haqqani said Pakistan did not need an official news agency and private television and radio stations should be allowed to compete with their state-run counterparts.</p>
<p>- The Sindh High Court has directed police to register cases against 33 people, including Asif Zardari, husband of ousted prime minister Benazir Bhutto, on charges of robbery.</p>
<p>- Ousted prime minister Benazir Bhutto charged that her government was dismissed to impose an IMF agenda on Pakistan.</p>
<p>- The caretaker government has decided to remove a five percent customs duty on import of raw cotton and reduced witholding tax on it to one percent from five percent as part of a package to help the spinning industry.</p>
<p>BUSINESS RECORDER</p>
<p>- The personal intervention of President Farooq Leghari has brought the $1.15 billion joint venture Iran-Pak oil refinery project back on track, sources said.</p>
<p>- The ban on imports of textile machinery, equipment and accessories from India has forced the textile industry to buy such items from Europe at prices five to 10 times higher, industry sources said.</p>
<p>-- Islamabad newsroom 9251-274757</p>
</text>
<copyright>(c) Reuters Limited 1996</copyright>
<metadata>
<codes class="bip:countries:1.0">
  <code code="PAKIS">
    <editdetail attribution="Reuters BIP Coding Group" action="confirmed" date="1996-11-24"/>
  </code>
</codes>
<codes class="bip:topics:1.0">
  <code code="GCAT">
    <editdetail attribution="Reuters BIP Coding Group" action="confirmed" date="1996-11-24"/>
  </code>
</codes>
<dc element="dc.publisher" value="Reuters Holdings Plc"/>
<dc element="dc.date.published" value="1996-11-24"/>
<dc element="dc.source" value="Reuters"/>
<dc element="dc.creator.location.country.name" value="PAKISTAN"/>
<dc element="dc.source" value="Reuters"/>
</metadata>
</newsitem>
