<?xml version="1.0" encoding="iso-8859-1" ?>
<newsitem itemid="87653" id="root" date="1996-10-01" xml:lang="en">
<title>UK: Imperial Tobacco shares open at 390p.</title>
<headline>Imperial Tobacco shares open at 390p.</headline>
<dateline>LONDON 1996-10-01</dateline>
<text>
<p>Shares in Imperial Tobacco Plc began trading at 390p at the start of business on Tuesday as the stock made its debut following its spin-off from demerging conglomerate Hanson Plc.  </p>
<p>The price was above expectations which fixed on a range of between 370p and 380p. By 0738 GMT the stock had made further headway to 393-1/2p.</p>
<p>At the official 0730 GMT start of trading the shares were briefly in backwardation, with ABN AMRO Hoare Govett offering to buy the stock at 390p while BZW was quoting a sell price of 385p on the London Stock Exchange's Seaq trading screens.  </p>
<p>Tomorrow a second new stock spun off from Hanson, Millennium Chemical, begins trading in New York.</p>
<p>Adjusted for the two spin-offs, Hanson shares were down 3/4p at 94-1/2 in heavy trading of more than 1 million shares.</p>
<p>-- David Holmes, London Newsroom, +44 171 542 5106</p>
</text>
<copyright>(c) Reuters Limited 1996</copyright>
<metadata>
<codes class="bip:countries:1.0">
  <code code="UK">
    <editdetail attribution="Reuters BIP Coding Group" action="confirmed" date="1996-10-01"/>
  </code>
</codes>
<codes class="bip:industries:1.0">
  <code code="I42900">
    <editdetail attribution="Reuters BIP Coding Group" action="confirmed" date="1996-10-01"/>
  </code>
  <code code="I83960">
    <editdetail attribution="Reuters BIP Coding Group" action="confirmed" date="1996-10-01"/>
  </code>
</codes>
<codes class="bip:topics:1.0">
  <code code="C14">
    <editdetail attribution="Reuters BIP Coding Group" action="confirmed" date="1996-10-01"/>
  </code>
  <code code="C15">
    <editdetail attribution="Reuters BIP Coding Group" action="confirmed" date="1996-10-01"/>
  </code>
  <code code="C152">
    <editdetail attribution="Reuters BIP Coding Group" action="confirmed" date="1996-10-01"/>
  </code>
  <code code="CCAT">
    <editdetail attribution="Reuters BIP Coding Group" action="confirmed" date="1996-10-01"/>
  </code>
</codes>
<dc element="dc.date.created" value="1996-10-01"/>
<dc element="dc.publisher" value="Reuters Holdings Plc"/>
<dc element="dc.date.published" value="1996-10-01"/>
<dc element="dc.source" value="Reuters"/>
<dc element="dc.creator.location" value="LONDON"/>
<dc element="dc.creator.location.country.name" value="UK"/>
<dc element="dc.source" value="Reuters"/>
</metadata>
</newsitem>
