<?xml version="1.0" encoding="iso-8859-1" ?>
<newsitem itemid="768430" id="root" date="1997-07-31" xml:lang="en">
<title>USA: Gephardt says will not vote for U.S. tax bill.</title>
<headline>Gephardt says will not vote for U.S. tax bill.</headline>
<dateline>WASHINGTON 1997-07-31</dateline>
<text>
<p>House Democratic Leader Richard Gephardt said Thursday he would not vote for tax cut legislation under consideration in Congress.</p>
<p>The House was expected to vote on the five-year $95 billion tax cut package later Thursday. The Senate was also debating the bill.</p>
<p>&quot;I say my decision today is to not vote for this bill because I think it could be better, and I think it should be better,&quot; Gephardt of Missouri said.</p>
</text>
<copyright>(c) Reuters Limited 1997</copyright>
<metadata>
<codes class="bip:countries:1.0">
  <code code="USA">
    <editdetail attribution="Reuters BIP Coding Group" action="confirmed" date="1997-07-31"/>
  </code>
</codes>
<codes class="bip:topics:1.0">
  <code code="E21">
    <editdetail attribution="Reuters BIP Coding Group" action="confirmed" date="1997-07-31"/>
  </code>
  <code code="E211">
    <editdetail attribution="Reuters BIP Coding Group" action="confirmed" date="1997-07-31"/>
  </code>
  <code code="ECAT">
    <editdetail attribution="Reuters BIP Coding Group" action="confirmed" date="1997-07-31"/>
  </code>
  <code code="GCAT">
    <editdetail attribution="Reuters BIP Coding Group" action="confirmed" date="1997-07-31"/>
  </code>
  <code code="GPOL">
    <editdetail attribution="Reuters BIP Coding Group" action="confirmed" date="1997-07-31"/>
  </code>
</codes>
<dc element="dc.date.created" value="1997-07-31"/>
<dc element="dc.publisher" value="Reuters Holdings Plc"/>
<dc element="dc.date.published" value="1997-07-31"/>
<dc element="dc.source" value="Reuters"/>
<dc element="dc.creator.location" value="WASHINGTON"/>
<dc element="dc.creator.location.country.name" value="USA"/>
<dc element="dc.source" value="Reuters"/>
</metadata>
</newsitem>
