<?xml version="1.0" encoding="iso-8859-1" ?>
<newsitem itemid="134338" id="root" date="1996-10-22" xml:lang="en">
<title>USA: RESEARCH ALERT-Brown/Sharpe said outperform.</title>
<headline>RESEARCH ALERT-Brown/Sharpe said outperform.</headline>
<text>
<p>-- Brown &amp; Sharpe Manufacturing Co was started with an outperform rating by Donaldson Lufkin &amp; Jenrette on Tuesday, according to a market source.</p>
<p>-- shares were trading flat at 12 in early trading.</p>
</text>
<copyright>(c) Reuters Limited 1996</copyright>
<metadata>
<codes class="bip:countries:1.0">
  <code code="USA">
    <editdetail attribution="Reuters BIP Coding Group" action="confirmed" date="1996-10-22"/>
  </code>
</codes>
<codes class="bip:industries:1.0">
  <code code="I32200">
    <editdetail attribution="Reuters BIP Coding Group" action="confirmed" date="1996-10-22"/>
  </code>
</codes>
<codes class="bip:topics:1.0">
  <code code="C15">
    <editdetail attribution="Reuters BIP Coding Group" action="confirmed" date="1996-10-22"/>
  </code>
  <code code="C152">
    <editdetail attribution="Reuters BIP Coding Group" action="confirmed" date="1996-10-22"/>
  </code>
  <code code="CCAT">
    <editdetail attribution="Reuters BIP Coding Group" action="confirmed" date="1996-10-22"/>
  </code>
</codes>
<dc element="dc.publisher" value="Reuters Holdings Plc"/>
<dc element="dc.date.published" value="1996-10-22"/>
<dc element="dc.source" value="Reuters"/>
<dc element="dc.creator.location.country.name" value="USA"/>
<dc element="dc.source" value="Reuters"/>
</metadata>
</newsitem>
