<?xml version="1.0" encoding="iso-8859-1" ?>
<newsitem itemid="77535" id="root" date="1996-09-26" xml:lang="en">
<title>USA: Calif. public utilities support restructuring.</title>
<headline>Calif. public utilities support restructuring.</headline>
<dateline>LOS ANGELES 1996-09-26</dateline>
<text>
<p>California's public utility industry supports the restructuring legislation recently signed by Governor Pete Wilson, the California Municipal Utilities Association (CMUA) said on Thursday.</p>
<p>The legislation &quot;is a balanced approach to reaching a competitive electric generation market that also protects the interests of all California consumers,&quot; said Bill Carnahan, general manager of the Riverside Public Utilities Department and chairman of the CMUA task force on restructuring.</p>
<p>While it does not mandate retail competition for publicly owned utilities, the state legislation is expected to create a strong incentive for those utilities to participate in the restructured industry.</p>
<p>&quot;We fully expect market forces to dictate retail competition for all California customers,&quot; said Carnahan.</p>
<p>Under the state law, residential and small business customers of investor-owned utilities will receive a 10 percent rate reduction starting in 1998.</p>
<p>The legislation does not impose a similar rate reduction requirement on publicly owned utilities, but their rates are already up to 30 percent lower than investor-owned utilities to their residential customers, CMUA noted.</p>
<p>--Los Angeles bureau, + 1 213 955 6761</p>
</text>
<copyright>(c) Reuters Limited 1996</copyright>
<metadata>
<codes class="bip:countries:1.0">
  <code code="USA">
    <editdetail attribution="Reuters BIP Coding Group" action="confirmed" date="1996-09-26"/>
  </code>
</codes>
<codes class="bip:industries:1.0">
  <code code="I16100">
    <editdetail attribution="Reuters BIP Coding Group" action="confirmed" date="1996-09-26"/>
  </code>
</codes>
<codes class="bip:topics:1.0">
  <code code="C11">
    <editdetail attribution="Reuters BIP Coding Group" action="confirmed" date="1996-09-26"/>
  </code>
  <code code="C13">
    <editdetail attribution="Reuters BIP Coding Group" action="confirmed" date="1996-09-26"/>
  </code>
  <code code="C34">
    <editdetail attribution="Reuters BIP Coding Group" action="confirmed" date="1996-09-26"/>
  </code>
  <code code="CCAT">
    <editdetail attribution="Reuters BIP Coding Group" action="confirmed" date="1996-09-26"/>
  </code>
</codes>
<dc element="dc.date.created" value="1996-09-26"/>
<dc element="dc.publisher" value="Reuters Holdings Plc"/>
<dc element="dc.date.published" value="1996-09-26"/>
<dc element="dc.source" value="Reuters"/>
<dc element="dc.creator.location" value="LOS ANGELES"/>
<dc element="dc.creator.location.country.name" value="USA"/>
<dc element="dc.source" value="Reuters"/>
</metadata>
</newsitem>
