<?xml version="1.0" encoding="iso-8859-1" ?>
<newsitem itemid="360022" id="root" date="1997-02-06" xml:lang="en">
<title>POLAND: Polfa Kutno Q4 net rises to PLN 3.3 mln.</title>
<headline>Polfa Kutno Q4 net rises to PLN 3.3 mln.</headline>
<dateline>WARSAW 1997-02-06</dateline>
<text>
<p>Polfa Kutno SA results for the fourth quarter ending December 31, 1996.</p>
<p>(Figures in millions of zlotys unless stated)</p>
<p>						Q4 1996     Q4 1995</p>
<p>    operating profit			 4.85 vs    6.61</p>
<p>    pre-tax profit			   5.62 vs    5.66</p>
<p>    net profit				 3.32 vs    2.14</p>
<p>    net sales				 44.24 vs   39.61</p>
<p>    costs of sales			  28.61 vs   26.27</p>
<p>    extraordinary		  loss    0.01 vs    0.05</p>
<p>@</p>
<p>    income tax				 2.30 vs    3.51</p>
<p>    other taxes				0.00 vs    0.00</p>
<p>    financial revenues		     1.47 vs    1.30</p>
<p>    financial costs			  0.68 vs    2.21</p>
<p>    investment				 8.32 vs    3.61</p>
<p>JANUARY-DECEMBER</p>
<p>    operating profit			24.64 vs   22.94</p>
<p>    pre-tax profit			  25.71 vs   18.85</p>
<p>    net profit				16.16 vs   10.99</p>
<p>    net sales				171.16 vs  148.10</p>
<p>    costs of sales			 112.98 vs  103.85</p>
<p>    extraordinary			   0.02  vs    0.40</p>
<p>@</p>
<p>    income tax				9.54  vs    7.86</p>
<p>    other taxes			     0.00  vs    0.00</p>
<p>    financial revenues		    5.63  vs    2.22</p>
<p>    financial costs			 4.55  vs    5.91</p>
<p>    investment			     20.60 vs    10.11</p>
<p>NOTE - Full company name is Polfa Kutno SA.</p>
<p>-- Warsaw Newsroom +48 22 653 9700</p>
</text>
<copyright>(c) Reuters Limited 1997</copyright>
<metadata>
<codes class="bip:countries:1.0">
  <code code="POL">
    <editdetail attribution="Reuters BIP Coding Group" action="confirmed" date="1997-02-06"/>
  </code>
</codes>
<codes class="bip:industries:1.0">
  <code code="I25700">
    <editdetail attribution="Reuters BIP Coding Group" action="confirmed" date="1997-02-06"/>
  </code>
</codes>
<codes class="bip:topics:1.0">
  <code code="C15">
    <editdetail attribution="Reuters BIP Coding Group" action="confirmed" date="1997-02-06"/>
  </code>
  <code code="C151">
    <editdetail attribution="Reuters BIP Coding Group" action="confirmed" date="1997-02-06"/>
  </code>
  <code code="C1511">
    <editdetail attribution="Reuters BIP Coding Group" action="confirmed" date="1997-02-06"/>
  </code>
  <code code="CCAT">
    <editdetail attribution="Reuters BIP Coding Group" action="confirmed" date="1997-02-06"/>
  </code>
</codes>
<dc element="dc.date.created" value="1997-02-06"/>
<dc element="dc.publisher" value="Reuters Holdings Plc"/>
<dc element="dc.date.published" value="1997-02-06"/>
<dc element="dc.source" value="Reuters"/>
<dc element="dc.creator.location" value="WARSAW"/>
<dc element="dc.creator.location.country.name" value="POLAND"/>
<dc element="dc.source" value="Reuters"/>
</metadata>
</newsitem>
