<?xml version="1.0" encoding="iso-8859-1" ?>
<newsitem itemid="363509" id="root" date="1997-02-07" xml:lang="en">
<title>USA: Kanawha Cty, W. Va., plans fall bond referendum.</title>
<headline>Kanawha Cty, W. Va., plans fall bond referendum.</headline>
<dateline>CHARLESTON, W.Va. 1997-02-07</dateline>
<text>
<p>West Virginia's Kanawha County School Board voted this week to put a $94 million bond referendum before voters no sooner than September and no later than November, school officials said Friday.</p>
<p>The school board said it would set the exact date next month.</p>
<p>The proposal has been pushed back and scaled down considerably. The district's Blue Ribbon Panel originally recommended a redistricting plan that called for $246 million in bonds to finance construction of up to 20 new schools, with a referendum as early as May.</p>
<p>School officials feared the proposal would never pass. Kanawha County voters rejected a proposed $73 million school bond issue in 1993.</p>
<p>Under the revised $94 million plan, bond proceeds would finance renovation and new equipment at numerous schools under a plan that also calls for consolidation and redistricting.</p>
<p>--Jane Sutton, 305-374-5013</p>
</text>
<copyright>(c) Reuters Limited 1997</copyright>
<metadata>
<codes class="bip:countries:1.0">
  <code code="USA">
    <editdetail attribution="Reuters BIP Coding Group" action="confirmed" date="1997-02-07"/>
  </code>
</codes>
<codes class="bip:topics:1.0">
  <code code="E21">
    <editdetail attribution="Reuters BIP Coding Group" action="confirmed" date="1997-02-07"/>
  </code>
  <code code="E212">
    <editdetail attribution="Reuters BIP Coding Group" action="confirmed" date="1997-02-07"/>
  </code>
  <code code="ECAT">
    <editdetail attribution="Reuters BIP Coding Group" action="confirmed" date="1997-02-07"/>
  </code>
</codes>
<dc element="dc.date.created" value="1997-02-07"/>
<dc element="dc.publisher" value="Reuters Holdings Plc"/>
<dc element="dc.date.published" value="1997-02-07"/>
<dc element="dc.source" value="Reuters"/>
<dc element="dc.creator.location" value="CHARLESTON, W.Va."/>
<dc element="dc.creator.location.country.name" value="USA"/>
<dc element="dc.source" value="Reuters"/>
</metadata>
</newsitem>
