<?xml version="1.0" encoding="iso-8859-1" ?>
<newsitem itemid="682676" id="root" date="1997-06-24" xml:lang="en">
<title>BULGARIA: Bulgaria lev eases on peg-linked c.bank fx buying.</title>
<headline>Bulgaria lev eases on peg-linked c.bank fx buying.</headline>
<dateline>SOFIA 1997-06-24</dateline>
<text>
<p>The lev closed at 972-977 per mark, down from the opening's 969-973 after the central bank started bidding for foreign currency to prevent further lev gains ahead of a currency board peg, dealers said.</p>
<p>&quot;The central bank began bidding for foreign currency in the afternoon when most final clients, which offered marks and dollars for levs to meet pending payments have already left the market,&quot; a commercial bank dealers said.</p>
<p>Central bank officials were unavailable for comment.  </p>
<p>Traders said the central bank was trying to absorb higher foreign currency supply from clients and preserve market stability, averting a lev rise prior to a 1,000 levs-per-mark peg under a currency board system from July 1.</p>
<p>The lev closed at 1,673-1,680 per dollar, softer from the morning's 1,670-1,673 and in line with the mark/dollar cross on international markets.</p>
<p>Dealers said the central bank will probably continue buying foreign currency in the week to July 1 to sustain a lev fall so that the market could gradually adjust to the peg rate.  </p>
<p>&quot;The central bank will try to bridge the current gap between the market lev/mark rate and the peg rate by July 1 to ensure stability,&quot; another bank dealer said.</p>
<p>From next month the lev will trade at a fixed exchange rate of 1,000 to the mark, the anchor in an IMF-prescribed currency board system aimed to stabilise the economy.</p>
<p>-- Sofia Newsroom, (++359-2) 91188</p>
</text>
<copyright>(c) Reuters Limited 1997</copyright>
<metadata>
<codes class="bip:countries:1.0">
  <code code="BUL">
    <editdetail attribution="Reuters BIP Coding Group" action="confirmed" date="1997-06-24"/>
  </code>
</codes>
<codes class="bip:topics:1.0">
  <code code="E12">
    <editdetail attribution="Reuters BIP Coding Group" action="confirmed" date="1997-06-24"/>
  </code>
  <code code="ECAT">
    <editdetail attribution="Reuters BIP Coding Group" action="confirmed" date="1997-06-24"/>
  </code>
  <code code="M13">
    <editdetail attribution="Reuters BIP Coding Group" action="confirmed" date="1997-06-24"/>
  </code>
  <code code="M132">
    <editdetail attribution="Reuters BIP Coding Group" action="confirmed" date="1997-06-24"/>
  </code>
  <code code="MCAT">
    <editdetail attribution="Reuters BIP Coding Group" action="confirmed" date="1997-06-24"/>
  </code>
</codes>
<dc element="dc.date.created" value="1997-06-24"/>
<dc element="dc.publisher" value="Reuters Holdings Plc"/>
<dc element="dc.date.published" value="1997-06-24"/>
<dc element="dc.source" value="Reuters"/>
<dc element="dc.creator.location" value="SOFIA"/>
<dc element="dc.creator.location.country.name" value="BULGARIA"/>
<dc element="dc.source" value="Reuters"/>
</metadata>
</newsitem>
