<?xml version="1.0" encoding="iso-8859-1" ?>
<newsitem itemid="634565" id="root" date="1997-06-03" xml:lang="en">
<title>INDIA: India castor prices steady on dull overseas demand.</title>
<headline>India castor prices steady on dull overseas demand.</headline>
<dateline>BOMBAY 1997-06-03</dateline>
<text>
<p>Indian castorseed September delivery prices on Tuesday gained marginally by 2/3 rupees at 1,141/1,142 rupees per quintal on fresh speculative buying at lower levels, dealers said.</p>
<p>&quot;Technically market is oversold and short covering has helped prices to bounce back but overall volume remained at a low ebb,&quot; a dealer said.</p>
<p>Fresh overseas buying remained sluggish but sentiment turned firm on reports of sliding arrivals at producing centres.</p>
<p>The daily average arrivals of castorseed in the Gujarat region fell to 20,000/22,000 bags (75 kg each) against the earlier average of 25,000/30,000 bags.</p>
<p>&quot;Groundnut oil moved up by 2/3 rupees at 361/362 rupees per 10 kg amid lower than expected summer crop arrivals following unseasonal rains in the producing centres,&quot; one miller said.</p>
<p>Imported palm oil slid by a rupee at 275/276 rupees per 10 kg on fresh offerings by the reporters following reports of weak trend in the world market. In Rajkot spot groundnut oil remained quiet at 560 rupees per 15 kg.</p>
<p>-Bombay Commodities +91-22-265 9000</p>
</text>
<copyright>(c) Reuters Limited 1997</copyright>
<metadata>
<codes class="bip:countries:1.0">
  <code code="INDIA">
    <editdetail attribution="Reuters BIP Coding Group" action="confirmed" date="1997-06-03"/>
  </code>
</codes>
<codes class="bip:topics:1.0">
  <code code="M14">
    <editdetail attribution="Reuters BIP Coding Group" action="confirmed" date="1997-06-03"/>
  </code>
  <code code="M141">
    <editdetail attribution="Reuters BIP Coding Group" action="confirmed" date="1997-06-03"/>
  </code>
  <code code="MCAT">
    <editdetail attribution="Reuters BIP Coding Group" action="confirmed" date="1997-06-03"/>
  </code>
</codes>
<dc element="dc.date.created" value="1997-06-03"/>
<dc element="dc.publisher" value="Reuters Holdings Plc"/>
<dc element="dc.date.published" value="1997-06-03"/>
<dc element="dc.source" value="Reuters"/>
<dc element="dc.creator.location" value="BOMBAY"/>
<dc element="dc.creator.location.country.name" value="INDIA"/>
<dc element="dc.source" value="Reuters"/>
</metadata>
</newsitem>
