<?xml version="1.0" encoding="iso-8859-1" ?>
<newsitem itemid="790427" id="root" date="1997-08-11" xml:lang="en">
<title>USA: TABLE- Matthews Studio Q3 net increases.</title>
<headline>TABLE- Matthews Studio Q3 net increases.</headline>
<dateline>BURBANK, Calif. 1997-08-11</dateline>
<text>
<p>MATTHEWS STUDIO EQUIPMENT GROUP</p>
<p>			 (In thousands, except per share data)</p>
<p>			   Three Months Ended     Nine Months Ended</p>
<p>				  June 30,		   June 30,</p>
<p>			     1997	   1996	1997	 1996</p>
<p> Total Revenues     $11,380	$ 8,097   $31,477    $21,228</p>
<p> Net Income		 324	    244     1,214	  528</p>
<p>Net Income Per</p>
<p>  Share		    0.03	   0.02	0.11	 0.05</p>
<p>Weighted Average</p>
<p>Number of Common</p>
<p>Shares Outstanding</p>
<p>			   12,557	 10,330    12,454     10,324</p>
<p> EBITDA (a)	     2,432	  1,573     6,687	4,534</p>
<p>NOTE: (a) Earnings before interest expense, income tax provision, depreciation and amortization.</p>
<p>((-- New York Newsdesk 212 859-1610))</p>
</text>
<copyright>(c) Reuters Limited 1997</copyright>
<metadata>
<codes class="bip:countries:1.0">
  <code code="USA">
    <editdetail attribution="Reuters BIP Coding Group" action="confirmed" date="1997-08-11"/>
  </code>
</codes>
<codes class="bip:industries:1.0">
  <code code="I37330">
    <editdetail attribution="Reuters BIP Coding Group" action="confirmed" date="1997-08-11"/>
  </code>
</codes>
<codes class="bip:topics:1.0">
  <code code="C15">
    <editdetail attribution="Reuters BIP Coding Group" action="confirmed" date="1997-08-11"/>
  </code>
  <code code="C151">
    <editdetail attribution="Reuters BIP Coding Group" action="confirmed" date="1997-08-11"/>
  </code>
  <code code="CCAT">
    <editdetail attribution="Reuters BIP Coding Group" action="confirmed" date="1997-08-11"/>
  </code>
</codes>
<dc element="dc.date.created" value="1997-08-11"/>
<dc element="dc.publisher" value="Reuters Holdings Plc"/>
<dc element="dc.date.published" value="1997-08-11"/>
<dc element="dc.source" value="Reuters"/>
<dc element="dc.creator.location" value="BURBANK, Calif."/>
<dc element="dc.creator.location.country.name" value="USA"/>
<dc element="dc.source" value="Reuters"/>
</metadata>
</newsitem>
