<?xml version="1.0" encoding="iso-8859-1" ?>
<newsitem itemid="393759" id="root" date="1997-02-21" xml:lang="en">
<title>CHILE: Chilean shares end firm, retail sector shines.</title>
<headline>Chilean shares end firm, retail sector shines.</headline>
<dateline>SANTIAGO 1997-02-21</dateline>
<text>
<p>Chilean shares closed broadly higher in modest trade with recently-launched retail stocks including supermarket D&amp;S and department store Falabella among the top gainers, said dealers.</p>
<p>The bolsa is seen stable next week with little clear direction, they said.</p>
<p>The 40-share  .IPSA index ended up 0.48 percent at 115.88 points. The general  .IGPAu index gained 0.41 percent to 5,362.85 points amid volume of 10.4 billion pesos.  </p>
<p>Traders reported the bolsa buoyed by speculation that the Central Bank would cut interest rates after a board meeting Thursday, said traders.</p>
<p>But no interest rate cut had materialized by Friday evening.</p>
<p>Retail stocks, the bolsa's star performers this year, climbed on optimism that they will offer far higher returns than slower-growth issues including electricity shares, they said.</p>
<p>Trader said pension funds, traditionally market leaders, having been pushing into the commercial sector in recent months.  </p>
<p>&quot;Recently a lot of pension funds have gone out and sold electricity stocks to enter others, like the retail industry,&quot; said one trader.</p>
<p>D&amp;S climbed 8.57 percent to 380 pesos, while Falabella gained 4.07 percent to 435 pesos.</p>
<p>Losers included power utility Edelnor, down 5.5 percent at 255 pesos, financial group CruzBlanca, down 1.6 percent at 120 pesos and electricity generator Chilgener which lost 0.77 percent to 2,441 pesos.</p>
<p>((-- Margaret Orgill, Santiago newsroom, 562-699-5595x212))</p>
</text>
<copyright>(c) Reuters Limited 1997</copyright>
<metadata>
<codes class="bip:countries:1.0">
  <code code="CHIL">
    <editdetail attribution="Reuters BIP Coding Group" action="confirmed" date="1997-02-21"/>
  </code>
</codes>
<codes class="bip:topics:1.0">
  <code code="M11">
    <editdetail attribution="Reuters BIP Coding Group" action="confirmed" date="1997-02-21"/>
  </code>
  <code code="MCAT">
    <editdetail attribution="Reuters BIP Coding Group" action="confirmed" date="1997-02-21"/>
  </code>
</codes>
<dc element="dc.date.created" value="1997-02-21"/>
<dc element="dc.publisher" value="Reuters Holdings Plc"/>
<dc element="dc.date.published" value="1997-02-21"/>
<dc element="dc.source" value="Reuters"/>
<dc element="dc.creator.location" value="SANTIAGO"/>
<dc element="dc.creator.location.country.name" value="CHILE"/>
<dc element="dc.source" value="Reuters"/>
</metadata>
</newsitem>
