<?xml version="1.0" encoding="iso-8859-1" ?>
<newsitem itemid="624896" id="root" date="1997-05-29" xml:lang="en">
<title>HONG KONG: HK April provisional trade deficit HK$18.1 bln.</title>
<headline>HK April provisional trade deficit HK$18.1 bln.</headline>
<dateline>HONG KONG 1997-05-29</dateline>
<text>
<p>Hong Kong's Census and Statistics Department released the following data showing a provisional visible trade deficit of HK$18.1 billion in April (rounded figures in billions of H.K. dollars):</p>
<p>			    Apr '97	Mar '97	 Apr '96</p>
<p> Trade balance	  -18.1	  -22.58	  -16.95</p>
<p> Domestic exports	16.5	   14.80	   17.18</p>
<p> Re-exports	     104.5	   90.73	   98.91</p>
<p> Total exports	  121.0	  105.53	  116.08</p>
<p> Imports		  139.1	  128.10	  133.04</p>
<p>Cumulative figures for year-ended:</p>
<p>			   Apr '97	 Mar '97	  Apr '96</p>
<p> Trade balance	 -147.23	 -146.08	  -146.78</p>
<p> Domestic exports     208.55	  209.26	   228.94</p>
<p> Re-exports	   1,200.94	1,195.33	 1,146.48</p>
<p> Total exports	1,409.49	1,404.59	 1,375.42</p>
<p> Imports		1,556.73	1,550.66	 1,522.20</p>
<p>-- Hong Kong newsroom (852) 2843 6441</p>
</text>
<copyright>(c) Reuters Limited 1997</copyright>
<metadata>
<codes class="bip:countries:1.0">
  <code code="HKONG">
    <editdetail attribution="Reuters BIP Coding Group" action="confirmed" date="1997-05-29"/>
  </code>
</codes>
<codes class="bip:topics:1.0">
  <code code="E51">
    <editdetail attribution="Reuters BIP Coding Group" action="confirmed" date="1997-05-29"/>
  </code>
  <code code="E512">
    <editdetail attribution="Reuters BIP Coding Group" action="confirmed" date="1997-05-29"/>
  </code>
  <code code="ECAT">
    <editdetail attribution="Reuters BIP Coding Group" action="confirmed" date="1997-05-29"/>
  </code>
</codes>
<dc element="dc.date.created" value="1997-05-29"/>
<dc element="dc.publisher" value="Reuters Holdings Plc"/>
<dc element="dc.date.published" value="1997-05-29"/>
<dc element="dc.source" value="Reuters"/>
<dc element="dc.creator.location" value="HONG KONG"/>
<dc element="dc.creator.location.country.name" value="HONG KONG"/>
<dc element="dc.source" value="Reuters"/>
</metadata>
</newsitem>
