<?xml version="1.0" encoding="iso-8859-1" ?>
<newsitem itemid="779223" id="root" date="1997-08-05" xml:lang="en">
<title>USA: Ticketmaster acquires stake in Irish Co..</title>
<headline>Ticketmaster acquires stake in Irish Co..</headline>
<dateline>LOS ANGELES 1997-08-05</dateline>
<text>
<p>Ticketmaster Group Inc Tuesday acquired a 50 percent interest in The Ticket Shop Limited, a ticketing company based in Dublin, Ireland.</p>
<p>Ticket Shop operates throughout Ireland and Northern Ireland and sells approximately one million tickets per year, Ticketmaster said in a statement.</p>
<p>Financial terms of the deal were not disclosed.</p>
<p>&quot;This move is consistent with Ticketmaster's strategy to expand our ticketing business into international markets where we do not currently have a presence,&quot; said Fredric Rosen, chief executive officer.</p>
</text>
<copyright>(c) Reuters Limited 1997</copyright>
<metadata>
<codes class="bip:countries:1.0">
  <code code="IRE">
    <editdetail attribution="Reuters BIP Coding Group" action="confirmed" date="1997-08-05"/>
  </code>
  <code code="UK">
    <editdetail attribution="Reuters BIP Coding Group" action="confirmed" date="1997-08-05"/>
  </code>
  <code code="USA">
    <editdetail attribution="Reuters BIP Coding Group" action="confirmed" date="1997-08-05"/>
  </code>
</codes>
<codes class="bip:industries:1.0">
  <code code="I65400">
    <editdetail attribution="Reuters BIP Coding Group" action="confirmed" date="1997-08-05"/>
  </code>
</codes>
<codes class="bip:topics:1.0">
  <code code="C18">
    <editdetail attribution="Reuters BIP Coding Group" action="confirmed" date="1997-08-05"/>
  </code>
  <code code="C181">
    <editdetail attribution="Reuters BIP Coding Group" action="confirmed" date="1997-08-05"/>
  </code>
  <code code="CCAT">
    <editdetail attribution="Reuters BIP Coding Group" action="confirmed" date="1997-08-05"/>
  </code>
</codes>
<dc element="dc.date.created" value="1997-08-05"/>
<dc element="dc.publisher" value="Reuters Holdings Plc"/>
<dc element="dc.date.published" value="1997-08-05"/>
<dc element="dc.source" value="Reuters"/>
<dc element="dc.creator.location" value="LOS ANGELES"/>
<dc element="dc.creator.location.country.name" value="USA"/>
<dc element="dc.source" value="Reuters"/>
</metadata>
</newsitem>
