<?xml version="1.0" encoding="iso-8859-1" ?>
<newsitem itemid="333103" id="root" date="1997-01-25" xml:lang="en">
<title>MOROCCO: PRESS DIGEST - Morocco - Jan 25.</title>
<headline>PRESS DIGEST - Morocco - Jan 25.</headline>
<dateline>RABAT 1997-01-25</dateline>
<text>
<p>These are the leading stories in the Moroccan press on Saturday. Reuters has not verified these stories and does not vouch for their accuracy.</p>
<p>LE MATIN DU SAHARA</p>
<p>- King Hassan presides over Ramadan religious sermon.</p>
<p>- German President Roman Herzog hails King Hassan for his actions to ensure stability in Morocco.</p>
<p>L'OPINION</p>
<p>- Casablanca court will give verdict on Monday in the case of 27 students accused of disturbing public order.</p>
<p>- The water utility office to increase bills to fill deficit.</p>
<p>AL-BAYANE</p>
<p>- Othmane Benjelloun, president of the Moroccan banks association, wants an interest rate cut to spur investment.</p>
<p>- Disturbances rocked three universities in Casablanca.</p>
<p>ALMAGHRIB</p>
<p>- King Hassan is one of the Middle East peace architects.</p>
<p>- Thirty-seven Moroccans charged over welfare fraud in France.</p>
</text>
<copyright>(c) Reuters Limited 1997</copyright>
<metadata>
<codes class="bip:countries:1.0">
  <code code="MOROC">
    <editdetail attribution="Reuters BIP Coding Group" action="confirmed" date="1997-01-25"/>
  </code>
</codes>
<codes class="bip:topics:1.0">
  <code code="GCAT">
    <editdetail attribution="Reuters BIP Coding Group" action="confirmed" date="1997-01-25"/>
  </code>
</codes>
<dc element="dc.date.created" value="1997-01-25"/>
<dc element="dc.publisher" value="Reuters Holdings Plc"/>
<dc element="dc.date.published" value="1997-01-25"/>
<dc element="dc.source" value="Reuters"/>
<dc element="dc.creator.location" value="RABAT"/>
<dc element="dc.creator.location.country.name" value="MOROCCO"/>
<dc element="dc.source" value="Reuters"/>
</metadata>
</newsitem>
