<?xml version="1.0" encoding="iso-8859-1" ?>
<newsitem itemid="218080" id="root" date="1996-11-26" xml:lang="en">
<title>GREECE: GREECE HOPES &quot;ONE STOP SHOP&quot; WILL BOOST INVESTMENTS.</title>
<headline>GREECE HOPES &quot;ONE STOP SHOP&quot; WILL BOOST INVESTMENTS.</headline>
<dateline>ATHENS 1996-11-26</dateline>
<text>
<p>Greece has put together a new flexible organisation -- the Hellenic Centre for Investment (HCI) or &quot;one stop shop&quot; -- to cut down on red tape for large private investments, officials said on Tuesday.</p>
<p>HCI's Chairman Nikos Skoulas told the Hellenic-American Chamber of Commerce conference that potential investments exceeding three billion drachmas will be handled directly by the HCI which will advise investors and handle the paper work with governmental bodies.</p>
<p>&quot;Investors will get all the necessary information they want through the HCI free of charge and don't have to look elsewhere. We will show them how to take advantage of development laws and assist them in securing licences,&quot; he said.</p>
<p>HCI was formed in early 1996 but will operate at full speed at its permanent premises at the centre of Athens in December.</p>
<p>&quot;As far as U.S. investments in Greece are concerned the main issue is to feel wanted. Not only on a national level but also on a municipal level or a community level. Then we need good, solid information,&quot; said Patrick Santillo, Commercial Councellor at the U.S. embassy in Athens.</p>
<p>--Costas Paris, Intercontinental Neroom, 30-1-9226961</p>
</text>
<copyright>(c) Reuters Limited 1996</copyright>
<metadata>
<codes class="bip:countries:1.0">
  <code code="GREECE">
    <editdetail attribution="Reuters BIP Coding Group" action="confirmed" date="1996-11-26"/>
  </code>
</codes>
<codes class="bip:topics:1.0">
  <code code="C11">
    <editdetail attribution="Reuters BIP Coding Group" action="confirmed" date="1996-11-26"/>
  </code>
  <code code="C13">
    <editdetail attribution="Reuters BIP Coding Group" action="confirmed" date="1996-11-26"/>
  </code>
  <code code="CCAT">
    <editdetail attribution="Reuters BIP Coding Group" action="confirmed" date="1996-11-26"/>
  </code>
  <code code="E12">
    <editdetail attribution="Reuters BIP Coding Group" action="confirmed" date="1996-11-26"/>
  </code>
  <code code="ECAT">
    <editdetail attribution="Reuters BIP Coding Group" action="confirmed" date="1996-11-26"/>
  </code>
</codes>
<dc element="dc.date.created" value="1996-11-26"/>
<dc element="dc.publisher" value="Reuters Holdings Plc"/>
<dc element="dc.date.published" value="1996-11-26"/>
<dc element="dc.source" value="Reuters"/>
<dc element="dc.creator.location" value="ATHENS"/>
<dc element="dc.creator.location.country.name" value="GREECE"/>
<dc element="dc.source" value="Reuters"/>
</metadata>
</newsitem>
