<?xml version="1.0" encoding="iso-8859-1" ?>
<newsitem itemid="186673" id="root" date="1996-11-13" xml:lang="en">
<title>GERMANY: EU to seek subsidy-free farm exports - Fischler aide.</title>
<headline>EU to seek subsidy-free farm exports - Fischler aide.</headline>
<dateline>HANOVER, Germany 1996-11-13</dateline>
<text>
<p>European farmers should respond to growing world food demand through exports free of subsidies, said Rudolf Strohmeyer, deputy head of European Union Farm Commissioner Franz Fischler's cabinet on Wednesday.</p>
<p>&quot;Under trade liberalisation, we will have to open our own markets but we also gain access to new markets,&quot; he said at a seminar organised by grain trade paper Ernaehrungsdienst.</p>
<p>&quot;We can't be on the defensive but we must emphasise our strengths and that presupposes exports without rebates.&quot;</p>
<p>Strohmeyer also said the EU's farm reform process, begun in a 1992 package of price and volume cuts, needed to be taken further and extended to products left out so far.</p>
<p>&quot;We also need income aid to farmers under farm reform rules to be decoupled from production targets -- we need more market and less price support,&quot; he said.</p>
<p>Monies saved this way should be spent on the financing of infrastructure and environment measures, which member states should help finance.</p>
<p>With a lean farm sector, the EU would be well-equipped to make maximum demands in the new world trade round in 1999 rather than being attacked for protectionism.</p>
<p>This was essential to gain access to growing world food markets, especially in Asia, where purchasing power was also rising rapidly.</p>
<p>&quot;We can't afford to lose our share in the world food market,&quot; said Strohmeyer.</p>
<p>The EU is the world's fourth largest farm exporter.</p>
<p>Strohmeyer added Eastern European countries awaiting EU accession should not be allowed income transfers in return for production cuts because their earnings would rise, not fall, when they entered the single market pricing structure.</p>
<p>-Vera Eckert, Hanover newsroom, +49-511-36598-11</p>
</text>
<copyright>(c) Reuters Limited 1996</copyright>
<metadata>
<codes class="bip:countries:1.0">
  <code code="EEC">
    <editdetail attribution="Reuters BIP Coding Group" action="confirmed" date="1996-11-13"/>
  </code>
  <code code="GFR">
    <editdetail attribution="Reuters BIP Coding Group" action="confirmed" date="1996-11-13"/>
  </code>
</codes>
<codes class="bip:industries:1.0">
  <code code="I01000">
    <editdetail attribution="Reuters BIP Coding Group" action="confirmed" date="1996-11-13"/>
  </code>
</codes>
<codes class="bip:topics:1.0">
  <code code="C31">
    <editdetail attribution="Reuters BIP Coding Group" action="confirmed" date="1996-11-13"/>
  </code>
  <code code="C312">
    <editdetail attribution="Reuters BIP Coding Group" action="confirmed" date="1996-11-13"/>
  </code>
  <code code="CCAT">
    <editdetail attribution="Reuters BIP Coding Group" action="confirmed" date="1996-11-13"/>
  </code>
  <code code="E51">
    <editdetail attribution="Reuters BIP Coding Group" action="confirmed" date="1996-11-13"/>
  </code>
  <code code="E512">
    <editdetail attribution="Reuters BIP Coding Group" action="confirmed" date="1996-11-13"/>
  </code>
  <code code="ECAT">
    <editdetail attribution="Reuters BIP Coding Group" action="confirmed" date="1996-11-13"/>
  </code>
  <code code="G15">
    <editdetail attribution="Reuters BIP Coding Group" action="confirmed" date="1996-11-13"/>
  </code>
  <code code="G153">
    <editdetail attribution="Reuters BIP Coding Group" action="confirmed" date="1996-11-13"/>
  </code>
  <code code="G158">
    <editdetail attribution="Reuters BIP Coding Group" action="confirmed" date="1996-11-13"/>
  </code>
  <code code="GCAT">
    <editdetail attribution="Reuters BIP Coding Group" action="confirmed" date="1996-11-13"/>
  </code>
</codes>
<dc element="dc.date.created" value="1996-11-13"/>
<dc element="dc.publisher" value="Reuters Holdings Plc"/>
<dc element="dc.date.published" value="1996-11-13"/>
<dc element="dc.source" value="Reuters"/>
<dc element="dc.creator.location" value="HANOVER, Germany"/>
<dc element="dc.creator.location.country.name" value="GERMANY"/>
<dc element="dc.source" value="Reuters"/>
</metadata>
</newsitem>
