<?xml version="1.0" encoding="iso-8859-1" ?>
<newsitem itemid="157773" id="root" date="1996-10-31" xml:lang="en">
<title>UK: Pharmacia &amp; Upjohn Q3 profits fall.</title>
<headline>Pharmacia &amp; Upjohn Q3 profits fall.</headline>
<dateline>LONDON 1996-10-31</dateline>
<text>
<p>Third quarter to Sept 30</p>
<p>			   (million dollars unless stated)</p>
<p> Shr (cents)	    39.0		  vs 44.0</p>
<p> Net			204		    vs 231</p>
<p> Turnover		 1.72 billion	 vs 1.69 billion</p>
<p>NOTE - U.S.-Swedish drugs group Pharmacia &amp; Upjohn said it took a charge of $27 million or $0.05 per share against third-quarter earnings for restructuring charges, merger costs and other one-off items.  </p>
<p> Operating result	 1.7 billion	  vs 1.7 billion</p>
<p> Exceptional		27		     vs 1</p>
<p> Interest  income	 21.8		   vs 32.7</p>
<p> Tax			  100.4		  vs 113.8</p>
<p>-- London Newsroom +44 171 542 7717</p>
</text>
<copyright>(c) Reuters Limited 1996</copyright>
<metadata>
<codes class="bip:countries:1.0">
  <code code="SWED">
    <editdetail attribution="Reuters BIP Coding Group" action="confirmed" date="1996-10-31"/>
  </code>
  <code code="UK">
    <editdetail attribution="Reuters BIP Coding Group" action="confirmed" date="1996-10-31"/>
  </code>
  <code code="USA">
    <editdetail attribution="Reuters BIP Coding Group" action="confirmed" date="1996-10-31"/>
  </code>
</codes>
<codes class="bip:industries:1.0">
  <code code="I25700">
    <editdetail attribution="Reuters BIP Coding Group" action="confirmed" date="1996-10-31"/>
  </code>
</codes>
<codes class="bip:topics:1.0">
  <code code="C15">
    <editdetail attribution="Reuters BIP Coding Group" action="confirmed" date="1996-10-31"/>
  </code>
  <code code="C151">
    <editdetail attribution="Reuters BIP Coding Group" action="confirmed" date="1996-10-31"/>
  </code>
  <code code="CCAT">
    <editdetail attribution="Reuters BIP Coding Group" action="confirmed" date="1996-10-31"/>
  </code>
</codes>
<dc element="dc.date.created" value="1996-10-31"/>
<dc element="dc.publisher" value="Reuters Holdings Plc"/>
<dc element="dc.date.published" value="1996-10-31"/>
<dc element="dc.source" value="Reuters"/>
<dc element="dc.creator.location" value="LONDON"/>
<dc element="dc.creator.location.country.name" value="UK"/>
<dc element="dc.source" value="Reuters"/>
</metadata>
</newsitem>
