<?xml version="1.0" encoding="iso-8859-1" ?>
<newsitem itemid="58843" id="root" date="1996-09-17" xml:lang="en">
<title>ITALY: Deutsche Bank buys stake in 21 Investimenti.</title>
<headline>Deutsche Bank buys stake in 21 Investimenti.</headline>
<dateline>MILAN 1996-09-17</dateline>
<text>
<p>Deutsche Bank bought a five percent interest in 21 Investimenti, the industrial holding company controlled by Italy's Benetton family, the company said in a statement on Tuesday.</p>
<p>The statement did not disclose what the bank paid for its stake in 21 Investimenti.</p>
<p>Investimenti controls a range of interests in sportswear but does not have any stake in casual clothes producer Benetton, which the Benetton family controls separately through its financial holding company Edizione Holding.  </p>
<p>The statement said that Deutsche Bank would acquire its holding in 21 Investimenti by subscribing to a capital increase and would take up a seat on the board.</p>
<p>Other shareholders in the investment company include Banco Ambrosiano Veneto, Assicurazioni Generali and the Seragnoli group.</p>
<p>21 Investimenti's holdings have a turnover of more than 400 billion lire while net equity has tripled to 120 billion lire in three years, the statement said.</p>
<p>Interests include clothes maker Gruppo Basic-Robe di Kappa, olive oil maker &quot;E Group&quot;, vitamin pills and energy drink producer Enervit, Gruppo Albatros and Spain's Picking Pack.</p>
<p>21 Investimenti chairman Alessandro Benetton said &quot;our subsidiaries will be able to count on a global financial network which only a few banks are able to offer.&quot;</p>
<p>-- Milan newsroom +392-66102321</p>
</text>
<copyright>(c) Reuters Limited 1996</copyright>
<metadata>
<codes class="bip:countries:1.0">
  <code code="GFR">
    <editdetail attribution="Reuters BIP Coding Group" action="confirmed" date="1996-09-17"/>
  </code>
  <code code="ITALY">
    <editdetail attribution="Reuters BIP Coding Group" action="confirmed" date="1996-09-17"/>
  </code>
</codes>
<codes class="bip:industries:1.0">
  <code code="I81402">
    <editdetail attribution="Reuters BIP Coding Group" action="confirmed" date="1996-09-17"/>
  </code>
  <code code="I82001">
    <editdetail attribution="Reuters BIP Coding Group" action="confirmed" date="1996-09-17"/>
  </code>
</codes>
<codes class="bip:topics:1.0">
  <code code="C18">
    <editdetail attribution="Reuters BIP Coding Group" action="confirmed" date="1996-09-17"/>
  </code>
  <code code="C181">
    <editdetail attribution="Reuters BIP Coding Group" action="confirmed" date="1996-09-17"/>
  </code>
  <code code="CCAT">
    <editdetail attribution="Reuters BIP Coding Group" action="confirmed" date="1996-09-17"/>
  </code>
</codes>
<dc element="dc.date.created" value="1996-09-17"/>
<dc element="dc.publisher" value="Reuters Holdings Plc"/>
<dc element="dc.date.published" value="1996-09-17"/>
<dc element="dc.source" value="Reuters"/>
<dc element="dc.creator.location" value="MILAN"/>
<dc element="dc.creator.location.country.name" value="ITALY"/>
<dc element="dc.source" value="Reuters"/>
</metadata>
</newsitem>
