<?xml version="1.0" encoding="iso-8859-1" ?>
<newsitem itemid="652738" id="root" date="1997-06-11" xml:lang="en">
<title>CZECH REPUBLIC: Czech Komercni cuts reference rate to 19.6 pct.</title>
<headline>Czech Komercni cuts reference rate to 19.6 pct.</headline>
<dateline>PRAGUE 1997-06-11</dateline>
<text>
<p>The largest Czech commercial bank, Komercin Banka a.s. said on Wednesday that it would cut its key reference rate on credit to 19.6 percent from 24.6 percent effective on Thursday.  </p>
<p>The reference rate is the bank's peg, which shadows an average of the six-month Prague interbank offered rate (PRIBOR), for setting its entire schedule of interest rates.</p>
<p>The six-month PRIBOR on Wednesday was 22.05 percent down from 23.91 percent on Tuesday.</p>
<p>Komercni said its base rate would be lowered by 440 basis points to 17.3 percent.</p>
<p>The bank had hiked its rates substantially in late May reflecting a sharp increase on the interbank market as the Czech National Bank tightened liquidity to combat short-selling of the Czech crown which was under heavy downward pressure.</p>
<p>-- Prague Newsroom, 420-2-2423-0003</p>
</text>
<copyright>(c) Reuters Limited 1997</copyright>
<metadata>
<codes class="bip:countries:1.0">
  <code code="CZREP">
    <editdetail attribution="Reuters BIP Coding Group" action="confirmed" date="1997-06-11"/>
  </code>
</codes>
<codes class="bip:industries:1.0">
  <code code="I81402">
    <editdetail attribution="Reuters BIP Coding Group" action="confirmed" date="1997-06-11"/>
  </code>
</codes>
<codes class="bip:topics:1.0">
  <code code="C31">
    <editdetail attribution="Reuters BIP Coding Group" action="confirmed" date="1997-06-11"/>
  </code>
  <code code="CCAT">
    <editdetail attribution="Reuters BIP Coding Group" action="confirmed" date="1997-06-11"/>
  </code>
</codes>
<dc element="dc.date.created" value="1997-06-11"/>
<dc element="dc.publisher" value="Reuters Holdings Plc"/>
<dc element="dc.date.published" value="1997-06-11"/>
<dc element="dc.source" value="Reuters"/>
<dc element="dc.creator.location" value="PRAGUE"/>
<dc element="dc.creator.location.country.name" value="CZECH REPUBLIC"/>
<dc element="dc.source" value="Reuters"/>
</metadata>
</newsitem>
