<?xml version="1.0" encoding="iso-8859-1" ?>
<newsitem itemid="279199" id="root" date="1996-12-28" xml:lang="en">
<title>USA: U.S West Coast crude prices end higher on API draw.</title>
<headline>U.S West Coast crude prices end higher on API draw.</headline>
<dateline>LOS ANGELES 1996-12-27</dateline>
<text>
<p>U.S. West Coast light crudes drifted down late Friday but finished higher than yesterday's levels following a report Thursday which showed lower inventories in the U.S.</p>
<p>Benchmark West Texas Intermediate (WTI) crude, the basis for Alaska North Slope (ANS) oil, ended 10 cents higher after rising as much as 15 cents over.</p>
<p>Prices for ANS tracked the increase, ending trade at $23.40/23.60 a barrel.</p>
<p>But differentials were flat at $1.70 below WTI, with little trade interest this week because of Christmas.  </p>
<p>U.S. supplies of crude oil fell 5.1 million barrels last week, according to the key industry group American Petroleum Institute.</p>
<p>Though the diff was $1.70 off February WTI, a key producer said he would accept bids for January delivery off Februay prices.</p>
<p>His official offer stood at $1.60 off February WTI.</p>
<p>Kern River prices stayed at $18.65/18.75 a barrel after companies lifted postings late last week.</p>
<p>Discounts remained 10 cents below to even with postings, traders said.</p>
<p>-- David Brinkerhoff, Los Angeles bureau, +1 213 380 2014</p>
</text>
<copyright>(c) Reuters Limited 1996</copyright>
<metadata>
<codes class="bip:countries:1.0">
  <code code="USA">
    <editdetail attribution="Reuters BIP Coding Group" action="confirmed" date="1996-12-28"/>
  </code>
</codes>
<codes class="bip:topics:1.0">
  <code code="M14">
    <editdetail attribution="Reuters BIP Coding Group" action="confirmed" date="1996-12-28"/>
  </code>
  <code code="M143">
    <editdetail attribution="Reuters BIP Coding Group" action="confirmed" date="1996-12-28"/>
  </code>
  <code code="MCAT">
    <editdetail attribution="Reuters BIP Coding Group" action="confirmed" date="1996-12-28"/>
  </code>
</codes>
<dc element="dc.date.created" value="1996-12-27"/>
<dc element="dc.publisher" value="Reuters Holdings Plc"/>
<dc element="dc.date.published" value="1996-12-28"/>
<dc element="dc.source" value="Reuters"/>
<dc element="dc.creator.location" value="LOS ANGELES"/>
<dc element="dc.creator.location.country.name" value="USA"/>
<dc element="dc.source" value="Reuters"/>
</metadata>
</newsitem>
