<?xml version="1.0" encoding="iso-8859-1" ?>
<newsitem itemid="530695" id="root" date="1997-04-23" xml:lang="en">
<title>USA: Safeskin wins $120 mln, 6-year contract.</title>
<headline>Safeskin wins $120 mln, 6-year contract.</headline>
<dateline>SAN DIEGO, Calif. 1997-04-23</dateline>
<text>
<p>Safeskin Corp, a maker of medical gloves, on Wednesday said it has won a $120 million, six-year contract to supply Columbia/HCA Healthcare Corp with all its latex examination gloves.</p>
<p>Columbia, the largest provider of health care services in the United States, operates a network of facilities including hospitals, surgery centers, home health locations and nationwide pharmacy benefit management.</p>
<p>Safeskin shares were up 1-3/4 to 23-1/2 by mid-afternoon.</p>
<p>In addition to the contract, Safeskin also reported first quarter earnings of $0.30 a share versus $0.20 one year ago.</p>
<p>The earnings were above analysts' consensus estimate of $0.27 per share, according to investment research firm First Call.</p>
<p>Safeskin's first quarter net income rose to $8.5 million on sales of $41.2 million from $5.5 million on sales of $33.1 million in the year ago first quarter.</p>
</text>
<copyright>(c) Reuters Limited 1997</copyright>
<metadata>
<codes class="bip:countries:1.0">
  <code code="USA">
    <editdetail attribution="Reuters BIP Coding Group" action="confirmed" date="1997-04-23"/>
  </code>
</codes>
<codes class="bip:industries:1.0">
  <code code="I48100">
    <editdetail attribution="Reuters BIP Coding Group" action="confirmed" date="1997-04-23"/>
  </code>
  <code code="I95100">
    <editdetail attribution="Reuters BIP Coding Group" action="confirmed" date="1997-04-23"/>
  </code>
</codes>
<codes class="bip:topics:1.0">
  <code code="C33">
    <editdetail attribution="Reuters BIP Coding Group" action="confirmed" date="1997-04-23"/>
  </code>
  <code code="CCAT">
    <editdetail attribution="Reuters BIP Coding Group" action="confirmed" date="1997-04-23"/>
  </code>
</codes>
<dc element="dc.date.created" value="1997-04-23"/>
<dc element="dc.publisher" value="Reuters Holdings Plc"/>
<dc element="dc.date.published" value="1997-04-23"/>
<dc element="dc.source" value="Reuters"/>
<dc element="dc.creator.location" value="SAN DIEGO, Calif."/>
<dc element="dc.creator.location.country.name" value="USA"/>
<dc element="dc.source" value="Reuters"/>
</metadata>
</newsitem>
