<?xml version="1.0" encoding="iso-8859-1" ?>
<newsitem itemid="694486" id="root" date="1997-06-28" xml:lang="en">
<title>INDONESIA: Indonesia immigration says alert after HK handover.</title>
<headline>Indonesia immigration says alert after HK handover.</headline>
<dateline>JAKARTA 1997-06-28</dateline>
<text>
<p>Authorities will increase their alertness against possible attempts by Hong Kong people to immigrate to Indonesia after the colony's handover to China next week, the official Antara news agency reported on Saturday.</p>
<p>Hong Kong reverts to China from British rule at midnight on June 30.</p>
<p>Antara quoted Director-General of Immigration Pranowo as saying on Friday Hong Kong people might seek to enter Indonesia under the pretext of family reunions or doing business.</p>
<p>He said immigration officials would tighten procedures on issue of visas. &quot;We will tighten checks against visa applications in coordination with other offices concerned,&quot; Pranowo was quoted as saying.</p>
<p>Antara gave no further details.</p>
<p>Hong Kong authorities assured Jakarta in March that travel documents would remain valid after the handover, making it unnecessary to send home some 60,000 Hong Kong people now working in Indonesia.</p>
<p>They hold Hong Kong Certificates of Identity, a travel document held by about 1.3 million permanent residents of the territory who have no claim to a national passport of any country.</p>
</text>
<copyright>(c) Reuters Limited 1997</copyright>
<metadata>
<codes class="bip:countries:1.0">
  <code code="CHINA">
    <editdetail attribution="Reuters BIP Coding Group" action="confirmed" date="1997-06-28"/>
  </code>
  <code code="HKONG">
    <editdetail attribution="Reuters BIP Coding Group" action="confirmed" date="1997-06-28"/>
  </code>
  <code code="INDON">
    <editdetail attribution="Reuters BIP Coding Group" action="confirmed" date="1997-06-28"/>
  </code>
</codes>
<codes class="bip:topics:1.0">
  <code code="GCAT">
    <editdetail attribution="Reuters BIP Coding Group" action="confirmed" date="1997-06-28"/>
  </code>
  <code code="GDIP">
    <editdetail attribution="Reuters BIP Coding Group" action="confirmed" date="1997-06-28"/>
  </code>
</codes>
<dc element="dc.date.created" value="1997-06-28"/>
<dc element="dc.publisher" value="Reuters Holdings Plc"/>
<dc element="dc.date.published" value="1997-06-28"/>
<dc element="dc.source" value="Reuters"/>
<dc element="dc.creator.location" value="JAKARTA"/>
<dc element="dc.creator.location.country.name" value="INDONESIA"/>
<dc element="dc.source" value="Reuters"/>
</metadata>
</newsitem>
