<?xml version="1.0" encoding="iso-8859-1" ?>
<newsitem itemid="182096" id="root" date="1996-11-12" xml:lang="en">
<title>SOUTH AFRICA: SAfrica's Abacus lists on JSE with private placing.</title>
<headline>SAfrica's Abacus lists on JSE with private placing.</headline>
<dateline>JOHANNESBURG 1996-11-12</dateline>
<text>
<p>South African group Abacus Technology Ltd said it will list on the Johannesburg Stock Exchange (JSE) on Tuesday after a successful private placing of ten million shares at 120 cents each.</p>
<p>Abacus, which operates in the video market, is to list in the JSE's media sector.</p>
<p>Since the group formed in 1991 growth has been rapid and averaged a compound rate of 55 percent a year.</p>
<p>&quot;While it is unlikely that the company can sustain this rate of growth indefinitely, the increase in the size of the market it serves shows no sign of slowing in the foreseeable futrure,&quot; the firm said in its listing statement.</p>
<p>Abacus aims to be able to pay its first post-listing dividend for the current year ending June 30, 1997, which should equate to around 40 percent of earnings per share.</p>
<p>The firm is forecasting attributable income for the current financial year of 4.28 million rand, giving an earnings per share figure of 10.7 cents.</p>
<p>In the year to June 30, 1996, Abacus posted attributable income of 2.15 million rand and earnings per share of 7.15 cents.</p>
<p>-- Johannesburg newsroom +27 11 482 1003</p>
</text>
<copyright>(c) Reuters Limited 1996</copyright>
<metadata>
<codes class="bip:countries:1.0">
  <code code="SAFR">
    <editdetail attribution="Reuters BIP Coding Group" action="confirmed" date="1996-11-12"/>
  </code>
</codes>
<codes class="bip:industries:1.0">
  <code code="I34540">
    <editdetail attribution="Reuters BIP Coding Group" action="confirmed" date="1996-11-12"/>
  </code>
</codes>
<codes class="bip:topics:1.0">
  <code code="C14">
    <editdetail attribution="Reuters BIP Coding Group" action="confirmed" date="1996-11-12"/>
  </code>
  <code code="C17">
    <editdetail attribution="Reuters BIP Coding Group" action="confirmed" date="1996-11-12"/>
  </code>
  <code code="C171">
    <editdetail attribution="Reuters BIP Coding Group" action="confirmed" date="1996-11-12"/>
  </code>
  <code code="CCAT">
    <editdetail attribution="Reuters BIP Coding Group" action="confirmed" date="1996-11-12"/>
  </code>
</codes>
<dc element="dc.date.created" value="1996-11-12"/>
<dc element="dc.publisher" value="Reuters Holdings Plc"/>
<dc element="dc.date.published" value="1996-11-12"/>
<dc element="dc.source" value="Reuters"/>
<dc element="dc.creator.location" value="JOHANNESBURG"/>
<dc element="dc.creator.location.country.name" value="SOUTH AFRICA"/>
<dc element="dc.source" value="Reuters"/>
</metadata>
</newsitem>
