<?xml version="1.0" encoding="iso-8859-1" ?>
<newsitem itemid="136678" id="root" date="1996-10-23" xml:lang="en">
<title>CHILE: Chilean copper exports fall in September.</title>
<headline>Chilean copper exports fall in September.</headline>
<dateline>SANTIAGO 1996-10-23</dateline>
<text>
<p>Chilean copper exports fell to $419 million in September from $520 million in the same month of 1995, the Central Bank reported.</p>
<p>The bank also revised its August 1996 copper export figure to $415 million, from $487 million, without   giving an</p>
<p>explanation for the difference.</p>
<p>Total mining sector exports fell to $505 million in September from $633 million in the same month last year, the Central Bank said.</p>
<p>Mining exports reported by the Central Bank in September were as follows, in millions of dollars, with September 1995 figures in parentheses:</p>
<p>Copper - 419 (520)</p>
<p>Iron - 7 (8)</p>
<p>Nitrates and iodine - 10  (8)</p>
<p>Silver - 13 (15)</p>
<p>Molybdenum - 15  (22)</p>
<p>Lithium carbonate -  2 (3)</p>
<p>Gold, metallic and dore_ metal - 26 (42)</p>
<p>Gold minerals - 6 (11)</p>
<p>Other - 5 (4)</p>
<p>TOTAL - 505 (633)</p>
<p>	   --Roger Atwood, Santiago newsroom +56-2-699-5595 x211</p>
</text>
<copyright>(c) Reuters Limited 1996</copyright>
<metadata>
<codes class="bip:countries:1.0">
  <code code="CHIL">
    <editdetail attribution="Reuters BIP Coding Group" action="confirmed" date="1996-10-23"/>
  </code>
</codes>
<codes class="bip:industries:1.0">
  <code code="I22460">
    <editdetail attribution="Reuters BIP Coding Group" action="confirmed" date="1996-10-23"/>
  </code>
</codes>
<codes class="bip:topics:1.0">
  <code code="C31">
    <editdetail attribution="Reuters BIP Coding Group" action="confirmed" date="1996-10-23"/>
  </code>
  <code code="C312">
    <editdetail attribution="Reuters BIP Coding Group" action="confirmed" date="1996-10-23"/>
  </code>
  <code code="CCAT">
    <editdetail attribution="Reuters BIP Coding Group" action="confirmed" date="1996-10-23"/>
  </code>
  <code code="M14">
    <editdetail attribution="Reuters BIP Coding Group" action="confirmed" date="1996-10-23"/>
  </code>
  <code code="M142">
    <editdetail attribution="Reuters BIP Coding Group" action="confirmed" date="1996-10-23"/>
  </code>
  <code code="MCAT">
    <editdetail attribution="Reuters BIP Coding Group" action="confirmed" date="1996-10-23"/>
  </code>
</codes>
<dc element="dc.date.created" value="1996-10-23"/>
<dc element="dc.publisher" value="Reuters Holdings Plc"/>
<dc element="dc.date.published" value="1996-10-23"/>
<dc element="dc.source" value="Reuters"/>
<dc element="dc.creator.location" value="SANTIAGO"/>
<dc element="dc.creator.location.country.name" value="CHILE"/>
<dc element="dc.source" value="Reuters"/>
</metadata>
</newsitem>
