<?xml version="1.0" encoding="iso-8859-1" ?>
<newsitem itemid="661123" id="root" date="1997-06-13" xml:lang="en">
<title>JAPAN: Kyodo Computer - 96/97 group results.</title>
<headline>Kyodo Computer - 96/97 group results.</headline>
<dateline>TOKYO 1997-06-13</dateline>
<text>
<p>Year to March 20, 1997</p>
<p> (Group)	(in billions of yen unless specified)</p>
<p> Sales		  3.54		vs	    3.01</p>
<p> Operating	  163    million	  vs	   59    million</p>
<p> Current	    171    million	  vs	   33    million</p>
<p> Net		  155    million	  vs	   51    million</p>
<p> EPS		   38.48 yen	  vs	   12.76 yen</p>
<p> Diluted EPS	     -		vs		 -</p>
<p>NOTE - Kyodo Computer Co Ltd is a software development company.</p>
</text>
<copyright>(c) Reuters Limited 1997</copyright>
<metadata>
<codes class="bip:countries:1.0">
  <code code="JAP">
    <editdetail attribution="Reuters BIP Coding Group" action="confirmed" date="1997-06-13"/>
  </code>
</codes>
<codes class="bip:industries:1.0">
  <code code="I33020">
    <editdetail attribution="Reuters BIP Coding Group" action="confirmed" date="1997-06-13"/>
  </code>
  <code code="I3302021">
    <editdetail attribution="Reuters BIP Coding Group" action="confirmed" date="1997-06-13"/>
  </code>
</codes>
<codes class="bip:topics:1.0">
  <code code="C15">
    <editdetail attribution="Reuters BIP Coding Group" action="confirmed" date="1997-06-13"/>
  </code>
  <code code="C151">
    <editdetail attribution="Reuters BIP Coding Group" action="confirmed" date="1997-06-13"/>
  </code>
  <code code="C1511">
    <editdetail attribution="Reuters BIP Coding Group" action="confirmed" date="1997-06-13"/>
  </code>
  <code code="CCAT">
    <editdetail attribution="Reuters BIP Coding Group" action="confirmed" date="1997-06-13"/>
  </code>
</codes>
<dc element="dc.date.created" value="1997-06-13"/>
<dc element="dc.publisher" value="Reuters Holdings Plc"/>
<dc element="dc.date.published" value="1997-06-13"/>
<dc element="dc.source" value="Reuters"/>
<dc element="dc.creator.location" value="TOKYO"/>
<dc element="dc.creator.location.country.name" value="JAPAN"/>
<dc element="dc.source" value="Reuters"/>
</metadata>
</newsitem>
