<?xml version="1.0" encoding="iso-8859-1" ?>
<newsitem itemid="519859" id="root" date="1997-04-18" xml:lang="en">
<title>POLAND: BIG MARCH NET FALLS TO PLN 2.0 MLN.</title>
<headline>BIG MARCH NET FALLS TO PLN 2.0 MLN.</headline>
<dateline>WARSAW 1997-04-18</dateline>
<text>
<p>Preliminary results March</p>
<p>(in million zlotys unless stated)</p>
<p>							1997	 1996</p>
<p>MARCH</p>
<p> Net profit					  2.01 vs    3.75</p>
<p> Pre-tax profit				    2.01 vs    3.75</p>
<p> Profit on banking operations		  1.74 vs    7.23</p>
<p> Interest and other related revenues	32.96 vs   33.08</p>
<p>OCTOBER - MARCH</p>
<p> Net profit					 22.19 vs   31.60</p>
<p> Pre-tax profit				   22.19 vs   31.60</p>
<p> Profit on banking operations		 17.52 vs  126.29</p>
<p> Interest and other related revenues     191.36 vs  257.25</p>
<p>Note. Full name of the Polish bank is Bank Inicjatyw</p>
<p>Gospodarczych SA.</p>
<p>-- Warsaw Newsroom +48 22 653 9700</p>
</text>
<copyright>(c) Reuters Limited 1997</copyright>
<metadata>
<codes class="bip:countries:1.0">
  <code code="POL">
    <editdetail attribution="Reuters BIP Coding Group" action="confirmed" date="1997-04-18"/>
  </code>
</codes>
<codes class="bip:industries:1.0">
  <code code="I81402">
    <editdetail attribution="Reuters BIP Coding Group" action="confirmed" date="1997-04-18"/>
  </code>
</codes>
<codes class="bip:topics:1.0">
  <code code="C15">
    <editdetail attribution="Reuters BIP Coding Group" action="confirmed" date="1997-04-18"/>
  </code>
  <code code="C151">
    <editdetail attribution="Reuters BIP Coding Group" action="confirmed" date="1997-04-18"/>
  </code>
  <code code="CCAT">
    <editdetail attribution="Reuters BIP Coding Group" action="confirmed" date="1997-04-18"/>
  </code>
</codes>
<dc element="dc.date.created" value="1997-04-18"/>
<dc element="dc.publisher" value="Reuters Holdings Plc"/>
<dc element="dc.date.published" value="1997-04-18"/>
<dc element="dc.source" value="Reuters"/>
<dc element="dc.creator.location" value="WARSAW"/>
<dc element="dc.creator.location.country.name" value="POLAND"/>
<dc element="dc.source" value="Reuters"/>
</metadata>
</newsitem>
