<?xml version="1.0" encoding="iso-8859-1" ?>
<newsitem itemid="321176" id="root" date="1997-01-21" xml:lang="en">
<title>ROMANIA: Romanian leu 5,567 to dollar for Jan 23 - BNR.</title>
<headline>Romanian leu 5,567 to dollar for Jan 23 - BNR.</headline>
<dateline>BUCHAREST 1997-01-21</dateline>
<text>
<p>Romania's National Bank (BNR) announced the leu's reference rate weaker at 5,567 to the dollar for January 23.</p>
<p>The reference rate set on Tuesday is a weighted average based on daily reports of foreign exchange operators. It is a guidance rate used for statistical accounting purposes.</p>
<p>The leu's reference rate set on Monday for January 22 is 5,360 to the dollar. It was 5,181 on Tuesday.</p>
<p>-- Bucharest Newsroom 40-1 3120264</p>
</text>
<copyright>(c) Reuters Limited 1997</copyright>
<metadata>
<codes class="bip:countries:1.0">
  <code code="ROM">
    <editdetail attribution="Reuters BIP Coding Group" action="confirmed" date="1997-01-21"/>
  </code>
</codes>
<codes class="bip:topics:1.0">
  <code code="M13">
    <editdetail attribution="Reuters BIP Coding Group" action="confirmed" date="1997-01-21"/>
  </code>
  <code code="M132">
    <editdetail attribution="Reuters BIP Coding Group" action="confirmed" date="1997-01-21"/>
  </code>
  <code code="MCAT">
    <editdetail attribution="Reuters BIP Coding Group" action="confirmed" date="1997-01-21"/>
  </code>
</codes>
<dc element="dc.date.created" value="1997-01-21"/>
<dc element="dc.publisher" value="Reuters Holdings Plc"/>
<dc element="dc.date.published" value="1997-01-21"/>
<dc element="dc.source" value="Reuters"/>
<dc element="dc.creator.location" value="BUCHAREST"/>
<dc element="dc.creator.location.country.name" value="ROMANIA"/>
<dc element="dc.source" value="Reuters"/>
</metadata>
</newsitem>
