<?xml version="1.0" encoding="iso-8859-1" ?>
<newsitem itemid="677005" id="root" date="1997-06-20" xml:lang="en">
<title>USA: Wyoming weekly muni bond indices - Piper Jaffray.</title>
<headline>Wyoming weekly muni bond indices - Piper Jaffray.</headline>
<dateline>NEW YORK 1997-06-19</dateline>
<text>
<p>The following Wyoming tax-exempt municipal bond indices were compiled by Piper Jaffray Inc for the week ending June 20.</p>
<p>							     Previous</p>
<p>						 6/20	  Week	 Change</p>
<p>					 -----------------------------------</p>
<p>5 Year A-rated Gen'l Oblig.	   4.55%	  4.65%	- 0.10</p>
<p>10 Year A-rated Gen'l Oblig.	  4.95%	  4.95%	------</p>
<p>15 Year A-rated Gen'l Oblig.	  5.35%	  5.35%	------</p>
<p>20 Year A-rated Gen'l Oblig.	  5.55%	  5.60%	- 0.05</p>
<p>30 Year A-rated Housing Rev.	  5.90%	  5.95%	- 0.05</p>
<p>30 Year AA-rated Hospital Rev.	5.90%	  5.95%	- 0.05</p>
<p>--U.S. Municipal Desk, 212-859-1650</p>
</text>
<copyright>(c) Reuters Limited 1997</copyright>
<metadata>
<codes class="bip:countries:1.0">
  <code code="USA">
    <editdetail attribution="Reuters BIP Coding Group" action="confirmed" date="1997-06-20"/>
  </code>
</codes>
<codes class="bip:topics:1.0">
  <code code="M12">
    <editdetail attribution="Reuters BIP Coding Group" action="confirmed" date="1997-06-20"/>
  </code>
  <code code="MCAT">
    <editdetail attribution="Reuters BIP Coding Group" action="confirmed" date="1997-06-20"/>
  </code>
</codes>
<dc element="dc.date.created" value="1997-06-19"/>
<dc element="dc.publisher" value="Reuters Holdings Plc"/>
<dc element="dc.date.published" value="1997-06-20"/>
<dc element="dc.source" value="Reuters"/>
<dc element="dc.creator.location" value="NEW YORK"/>
<dc element="dc.creator.location.country.name" value="USA"/>
<dc element="dc.source" value="Reuters"/>
</metadata>
</newsitem>
