<?xml version="1.0" encoding="iso-8859-1" ?>
<newsitem itemid="469972" id="root" date="1997-03-26" xml:lang="en">
<title>GERMANY: Daimler reports convincing return to profit in 96.</title>
<headline>Daimler reports convincing return to profit in 96.</headline>
<dateline>STUTTGART, Germany</dateline>
<text>
<p>German industrial gaint Daimler-Benz AG on Wednesday announced a convincing return to profitability in 1996 after posting the largest loss in German corporate history in 1995.</p>
<p>Daimler said in a brief statement that 1996 net income climbed to 2.8 billion marks ($1.66 billion), up from a 5.7 billion-mark ($3.38 billion) loss the year before.</p>
<p>Company operating income, meanwhile, climbed to 2.4 billion marks ($1.42 billion) from a 1.10 billion-mark ($650 million) loss the year before.</p>
<p>Daimler said the improved results would allow it to pay a dividend of 1.10 marks (65 cents) per share after failing to pay a dividend in 1995 for the first time in decades.</p>
<p>Sales climbed to 106.3 billion marks ($63.05 billion) in 1996 from 103.55 billion marks ($61.42 billion) the year before.</p>
<p>Daimler's loss in 1995 was due largely to huge restructuring charges associated with streamlining at its aircraft unit Daimler-Benz Aerospace AG (DASA) and the breakup of rail and engineering unit AEG AG.</p>
<p>Daimler stock surged in after-market trade to an all-time high of 136.00 marks ($80.66) after the announcement before settling back to trade at 125.40 marks ($74.38), a 4.2 percent gain on the day.</p>
<p>Analysts had expected company net profit to exceed 2 billion marks ($1.19 billion), but were surprised at the extent of the earnings improvement.</p>
<p>&quot;The figures were huge,&quot; one stock trader said.</p>
<p>Daimler said in its statement that net income was higher than operating profit due partly to one-time tax factors.</p>
</text>
<copyright>(c) Reuters Limited 1997</copyright>
<metadata>
<codes class="bip:countries:1.0">
  <code code="GFR">
    <editdetail attribution="Reuters BIP Coding Group" action="confirmed" date="1997-03-26"/>
  </code>
</codes>
<codes class="bip:industries:1.0">
  <code code="I35000">
    <editdetail attribution="Reuters BIP Coding Group" action="confirmed" date="1997-03-26"/>
  </code>
</codes>
<codes class="bip:topics:1.0">
  <code code="C15">
    <editdetail attribution="Reuters BIP Coding Group" action="confirmed" date="1997-03-26"/>
  </code>
  <code code="C151">
    <editdetail attribution="Reuters BIP Coding Group" action="confirmed" date="1997-03-26"/>
  </code>
  <code code="C1511">
    <editdetail attribution="Reuters BIP Coding Group" action="confirmed" date="1997-03-26"/>
  </code>
  <code code="CCAT">
    <editdetail attribution="Reuters BIP Coding Group" action="confirmed" date="1997-03-26"/>
  </code>
</codes>
<dc element="dc.publisher" value="Reuters Holdings Plc"/>
<dc element="dc.date.published" value="1997-03-26"/>
<dc element="dc.source" value="Reuters"/>
<dc element="dc.creator.location" value="STUTTGART, Germany"/>
<dc element="dc.creator.location.country.name" value="GERMANY"/>
<dc element="dc.source" value="Reuters"/>
</metadata>
</newsitem>
