<?xml version="1.0" encoding="iso-8859-1" ?>
<newsitem itemid="227264" id="root" date="1996-12-01" xml:lang="en">
<title>SOUTH KOREA: Seoul bourse slump hits bank GDR issue plans - paper.</title>
<headline>Seoul bourse slump hits bank GDR issue plans - paper.</headline>
<dateline>SEOUL 1996-12-01</dateline>
<text>
<p>The continued slump on the Seoul stock market has influenced South Korean banks to delay or scale down their plans to issue global depositary receipts abroad, a local newspaper reported on Sunday.</p>
<p>The Hankook Ilbo quoted a Boram Bank official as saying the bank's plan to issue $60 million worth of receipts abroad would be delayed due to the sluggish stock market.</p>
<p>&quot;Investors in such markets as New York, London and Singapore shun investment in Korean instruments, citing the worsening situation in South Korea,&quot; the official was quoted as saying.  </p>
<p>A plan by Korea Long-Term Credit Bank to issue $200 million worth of receipts abroad at around the end of October has also been delayed, the newspaper said.</p>
<p>Also hit by the languishing stock market, Cho Hung Bank's $180 million global depositary receipt issue in London was priced at a premium of only 1.0 percent.</p>
<p>Industry sources have said the premium was comparable with premiums of more than 10 percent that issues by leading South Korean firms had enjoyed earlier.  </p>
<p>Cho Hung issued the receipts on November 27 and plans to list them on the London stock exchange later.</p>
<p>The Seoul stock market has been in the doldrums with the economic slowdown, and especially the widening foreign trade deficit, freezing investor sentiment.</p>
<p>The composite stock index plunged 27.4 percent to 715.97 on November 26 from this year's highest level of 986.84 in May. It later rebounded slightly to end Saturday's trading at 726.48.</p>
<p>-- Seoul Newsroom (822) 727-5646</p>
</text>
<copyright>(c) Reuters Limited 1996</copyright>
<metadata>
<codes class="bip:countries:1.0">
  <code code="SINGP">
    <editdetail attribution="Reuters BIP Coding Group" action="confirmed" date="1996-12-01"/>
  </code>
  <code code="SKOREA">
    <editdetail attribution="Reuters BIP Coding Group" action="confirmed" date="1996-12-01"/>
  </code>
  <code code="UK">
    <editdetail attribution="Reuters BIP Coding Group" action="confirmed" date="1996-12-01"/>
  </code>
  <code code="USA">
    <editdetail attribution="Reuters BIP Coding Group" action="confirmed" date="1996-12-01"/>
  </code>
</codes>
<codes class="bip:industries:1.0">
  <code code="I81402">
    <editdetail attribution="Reuters BIP Coding Group" action="confirmed" date="1996-12-01"/>
  </code>
</codes>
<codes class="bip:topics:1.0">
  <code code="C14">
    <editdetail attribution="Reuters BIP Coding Group" action="confirmed" date="1996-12-01"/>
  </code>
  <code code="C17">
    <editdetail attribution="Reuters BIP Coding Group" action="confirmed" date="1996-12-01"/>
  </code>
  <code code="C171">
    <editdetail attribution="Reuters BIP Coding Group" action="confirmed" date="1996-12-01"/>
  </code>
  <code code="CCAT">
    <editdetail attribution="Reuters BIP Coding Group" action="confirmed" date="1996-12-01"/>
  </code>
  <code code="M11">
    <editdetail attribution="Reuters BIP Coding Group" action="confirmed" date="1996-12-01"/>
  </code>
  <code code="MCAT">
    <editdetail attribution="Reuters BIP Coding Group" action="confirmed" date="1996-12-01"/>
  </code>
</codes>
<dc element="dc.date.created" value="1996-12-01"/>
<dc element="dc.publisher" value="Reuters Holdings Plc"/>
<dc element="dc.date.published" value="1996-12-01"/>
<dc element="dc.source" value="Reuters"/>
<dc element="dc.creator.location" value="SEOUL"/>
<dc element="dc.creator.location.country.name" value="SOUTH KOREA"/>
<dc element="dc.source" value="Reuters"/>
</metadata>
</newsitem>
