<?xml version="1.0" encoding="iso-8859-1" ?>
<newsitem itemid="535297" id="root" date="1997-04-24" xml:lang="en">
<title>PANAMA: Panama ship traffic continues despite sunk tug.</title>
<headline>Panama ship traffic continues despite sunk tug.</headline>
<dateline>PANAMA 1997-04-24</dateline>
<text>
<p>Ship traffic continued through the Panama Canal on Thursday despite a sunken tug, said an employee for the Canal Authority Zone.</p>
<p>Earlier, crude oil traders in California said the sunken tug could disrupt traffic for up to a week. Traffic includes a heavy flow of tankers bringing South American oil to refiners in California.</p>
<p>&quot;It was a tug that capsized and sank. It is not blocking traffic,&quot; the employee said, declining further comment.</p>
<p>((--David Brinkerhoff, Los Angeles bureau +1 213 380 2014))</p>
</text>
<copyright>(c) Reuters Limited 1997</copyright>
<metadata>
<codes class="bip:countries:1.0">
  <code code="PANA">
    <editdetail attribution="Reuters BIP Coding Group" action="confirmed" date="1997-04-24"/>
  </code>
  <code code="USA">
    <editdetail attribution="Reuters BIP Coding Group" action="confirmed" date="1997-04-24"/>
  </code>
</codes>
<codes class="bip:topics:1.0">
  <code code="M14">
    <editdetail attribution="Reuters BIP Coding Group" action="confirmed" date="1997-04-24"/>
  </code>
  <code code="MCAT">
    <editdetail attribution="Reuters BIP Coding Group" action="confirmed" date="1997-04-24"/>
  </code>
</codes>
<dc element="dc.date.created" value="1997-04-24"/>
<dc element="dc.publisher" value="Reuters Holdings Plc"/>
<dc element="dc.date.published" value="1997-04-24"/>
<dc element="dc.source" value="Reuters"/>
<dc element="dc.creator.location" value="PANAMA"/>
<dc element="dc.creator.location.country.name" value="PANAMA"/>
<dc element="dc.source" value="Reuters"/>
</metadata>
</newsitem>
