<?xml version="1.0" encoding="iso-8859-1" ?>
<newsitem itemid="776755" id="root" date="1997-08-04" xml:lang="en">
<title>UK: TT Club appoints seven new directors.</title>
<headline>TT Club appoints seven new directors.</headline>
<dateline>LONDON 1997-08-04</dateline>
<text>
<p>MUTUAL intermodal transport insurer, the TT Club, said Monday it had appointed seven new directors drawn from member companies.</p>
<p>Four are leading figures in the Asia shipping and ports industries, while three have been drawn from major freight forwarders, the TT Club said.</p>
<p>The appointments highlighted &quot;the increased importance of both the freight forwarding industry and the Asia-Pacific region to the TT Club&quot; it said.</p>
<p>Among the high-profile appointments are C.C. Tung, who replaces his brother Tung Chee-hwa, who resigned from as both chairman of Orient Overseas (International) Ltd and a TT Club director ahead of his appointment as chief executive of the Hong Kong special administrative region.</p>
<p>Also from Hong Kong is John Meredith, group managing director of Hutchison Whampoa Ltd subsidiary Hutchison International Port Holdings Ltd which recently joined the TT Club.</p>
<p>Danzas Holding AG director Peter Wagner becomes a TT Club board member, along with freight forwarding industry colleagues Gerard Fischer, chairman and chief executive of Panalpina World Transport and Klaus Herms, managing director of the Asia-Pacific arm of Switzerland's Kuehne &amp; Nagel International AG.</p>
<p>Also joining the TT Club board are Enrique Razon Jr, chairman of International Container Terminal Services Inc, and Ray Miles, president of Canadian Pacific Ltd subsidiary CP Ships.</p>
<p>A TT Club spokesman said directors were elected to the mutual insurer's nearly 30-strong board for fixed terms, but was unable to give details of the latest appointments.</p>
<p>The TT Club is headquartered in Bermuda, with operating centres in London, New Jersey and Hong Kong.</p>
</text>
<copyright>(c) Reuters Limited 1997</copyright>
<metadata>
<codes class="bip:countries:1.0">
  <code code="BERM">
    <editdetail attribution="Reuters BIP Coding Group" action="confirmed" date="1997-08-04"/>
  </code>
  <code code="UK">
    <editdetail attribution="Reuters BIP Coding Group" action="confirmed" date="1997-08-04"/>
  </code>
</codes>
<codes class="bip:industries:1.0">
  <code code="I63000">
    <editdetail attribution="Reuters BIP Coding Group" action="confirmed" date="1997-08-04"/>
  </code>
  <code code="I74000">
    <editdetail attribution="Reuters BIP Coding Group" action="confirmed" date="1997-08-04"/>
  </code>
  <code code="I76300">
    <editdetail attribution="Reuters BIP Coding Group" action="confirmed" date="1997-08-04"/>
  </code>
  <code code="I77002">
    <editdetail attribution="Reuters BIP Coding Group" action="confirmed" date="1997-08-04"/>
  </code>
  <code code="I82000">
    <editdetail attribution="Reuters BIP Coding Group" action="confirmed" date="1997-08-04"/>
  </code>
  <code code="I83960">
    <editdetail attribution="Reuters BIP Coding Group" action="confirmed" date="1997-08-04"/>
  </code>
</codes>
<codes class="bip:topics:1.0">
  <code code="C41">
    <editdetail attribution="Reuters BIP Coding Group" action="confirmed" date="1997-08-04"/>
  </code>
  <code code="C411">
    <editdetail attribution="Reuters BIP Coding Group" action="confirmed" date="1997-08-04"/>
  </code>
  <code code="CCAT">
    <editdetail attribution="Reuters BIP Coding Group" action="confirmed" date="1997-08-04"/>
  </code>
</codes>
<dc element="dc.date.created" value="1997-08-04"/>
<dc element="dc.publisher" value="Reuters Holdings Plc"/>
<dc element="dc.date.published" value="1997-08-04"/>
<dc element="dc.source" value="Reuters"/>
<dc element="dc.creator.location" value="LONDON"/>
<dc element="dc.creator.location.country.name" value="UK"/>
<dc element="dc.source" value="Reuters"/>
</metadata>
</newsitem>
