<?xml version="1.0" encoding="iso-8859-1" ?>
<newsitem itemid="683034" id="root" date="1997-06-24" xml:lang="en">
<title>SINGAPORE: Dai Hung oil field to shut end Jun for maintenance.</title>
<headline>Dai Hung oil field to shut end Jun for maintenance.</headline>
<dateline>SINGAPORE 1997-06-24</dateline>
<text>
<p>Vietnam's 10,000 barrels-per-day (bpd) Dai Hung oil field is to close for two months maintenance from the end of June, an industry source said on Tuesday.  </p>
<p>The field will come back onstream in August, with the next available cargo to be lifted in September.</p>
<p>In a sale tender last month, the consortium operating the field awarded an end June lifting cargo to a south Korean refiner.</p>
<p>This was the last cargo available before the shutdown, said the source.</p>
<p>The equity producers of Dai Hung are Malaysia's state-owned Petronas with 20 percent, Japan's Sumitomo with 10.625 percent, France's Total SA with 10.625 percent and state owned Petrovietnam with 15 percent.  </p>
<p>--Singapore Newsroom (+65 870 3086)</p>
</text>
<copyright>(c) Reuters Limited 1997</copyright>
<metadata>
<codes class="bip:countries:1.0">
  <code code="SINGP">
    <editdetail attribution="Reuters BIP Coding Group" action="confirmed" date="1997-06-24"/>
  </code>
  <code code="VIETN">
    <editdetail attribution="Reuters BIP Coding Group" action="confirmed" date="1997-06-24"/>
  </code>
</codes>
<codes class="bip:industries:1.0">
  <code code="I13000">
    <editdetail attribution="Reuters BIP Coding Group" action="confirmed" date="1997-06-24"/>
  </code>
  <code code="I1300003">
    <editdetail attribution="Reuters BIP Coding Group" action="confirmed" date="1997-06-24"/>
  </code>
  <code code="I14000">
    <editdetail attribution="Reuters BIP Coding Group" action="confirmed" date="1997-06-24"/>
  </code>
  <code code="I63000">
    <editdetail attribution="Reuters BIP Coding Group" action="confirmed" date="1997-06-24"/>
  </code>
</codes>
<codes class="bip:topics:1.0">
  <code code="C24">
    <editdetail attribution="Reuters BIP Coding Group" action="confirmed" date="1997-06-24"/>
  </code>
  <code code="CCAT">
    <editdetail attribution="Reuters BIP Coding Group" action="confirmed" date="1997-06-24"/>
  </code>
  <code code="M14">
    <editdetail attribution="Reuters BIP Coding Group" action="confirmed" date="1997-06-24"/>
  </code>
  <code code="M143">
    <editdetail attribution="Reuters BIP Coding Group" action="confirmed" date="1997-06-24"/>
  </code>
  <code code="MCAT">
    <editdetail attribution="Reuters BIP Coding Group" action="confirmed" date="1997-06-24"/>
  </code>
</codes>
<dc element="dc.date.created" value="1997-06-24"/>
<dc element="dc.publisher" value="Reuters Holdings Plc"/>
<dc element="dc.date.published" value="1997-06-24"/>
<dc element="dc.source" value="Reuters"/>
<dc element="dc.creator.location" value="SINGAPORE"/>
<dc element="dc.creator.location.country.name" value="SINGAPORE"/>
<dc element="dc.source" value="Reuters"/>
</metadata>
</newsitem>
