<?xml version="1.0" encoding="iso-8859-1" ?>
<newsitem itemid="778861" id="root" date="1997-08-05" xml:lang="en">
<title>SINGAPORE: Release of Thai stocks seen hammering rubber price.</title>
<headline>Release of Thai stocks seen hammering rubber price.</headline>
<dateline>SINGAPORE 1997-08-05</dateline>
<text>
<p>Southeast Asian rubber prices will take a further pounding if Thailand sells its excess stocks in the market, rubber dealers said on Tuesday.</p>
<p>The sale of the stocks, which a Thai industry official told an industry conference range between 120,000-150,000 tonnes, may force the International Natural Rubber Organisation (INRO) to intervene in the market if prices fall further.</p>
<p>&quot;The market as a whole cannot but sink slowly,&quot; a paper by a Japanese rubber house said.  </p>
<p>&quot;Prices would easily hit the INRO 'must-buy' level,&quot; another trader said, refering to INRO's previous announcement that it would buy rubber in the market if prices fell to 172 Malaysian/ Singapore cents a kg.</p>
<p>Thailand, the world's biggest producer of natural rubber, has been trying to prop up prices by buying large amounts of rubber from its farmers.</p>
<p>Rubber prices have been suffering from weak demand for months.</p>
<p>-- Singapore Newsroom (65-8703305)</p>
</text>
<copyright>(c) Reuters Limited 1997</copyright>
<metadata>
<codes class="bip:countries:1.0">
  <code code="THAIL">
    <editdetail attribution="Reuters BIP Coding Group" action="confirmed" date="1997-08-05"/>
  </code>
</codes>
<codes class="bip:topics:1.0">
  <code code="M14">
    <editdetail attribution="Reuters BIP Coding Group" action="confirmed" date="1997-08-05"/>
  </code>
  <code code="M141">
    <editdetail attribution="Reuters BIP Coding Group" action="confirmed" date="1997-08-05"/>
  </code>
  <code code="MCAT">
    <editdetail attribution="Reuters BIP Coding Group" action="confirmed" date="1997-08-05"/>
  </code>
</codes>
<dc element="dc.date.created" value="1997-08-05"/>
<dc element="dc.publisher" value="Reuters Holdings Plc"/>
<dc element="dc.date.published" value="1997-08-05"/>
<dc element="dc.source" value="Reuters"/>
<dc element="dc.creator.location" value="SINGAPORE"/>
<dc element="dc.creator.location.country.name" value="SINGAPORE"/>
<dc element="dc.source" value="Reuters"/>
</metadata>
</newsitem>
