<?xml version="1.0" encoding="iso-8859-1" ?>
<newsitem itemid="682941" id="root" date="1997-06-24" xml:lang="en">
<title>HONG KONG: Guangshen Railway names new chairman.</title>
<headline>Guangshen Railway names new chairman.</headline>
<dateline>HONG KONG 1997-06-24</dateline>
<text>
<p>Guangshen Railway Co Ltd said on Tuesday its shareholders had voted to remove Ge Wenan and Zeng Xianzhao from the board of directors.</p>
<p>Ge and Zeng were earlier been dismissed by Beijing as chairman and chief accountant, respectively, after the company was found improperly using part of a 300 million yuan investment for share trading.</p>
<p>A statement by the H-share company said Li Daihua was elected as the chairman of the board during the firm's annual general meeting.</p>
<p>-- Hong Kong Newsroom (852) 2843 6441  http://www.hk97.com</p>
</text>
<copyright>(c) Reuters Limited 1997</copyright>
<metadata>
<codes class="bip:countries:1.0">
  <code code="CHINA">
    <editdetail attribution="Reuters BIP Coding Group" action="confirmed" date="1997-06-24"/>
  </code>
</codes>
<codes class="bip:industries:1.0">
  <code code="I71000">
    <editdetail attribution="Reuters BIP Coding Group" action="confirmed" date="1997-06-24"/>
  </code>
</codes>
<codes class="bip:topics:1.0">
  <code code="C41">
    <editdetail attribution="Reuters BIP Coding Group" action="confirmed" date="1997-06-24"/>
  </code>
  <code code="C411">
    <editdetail attribution="Reuters BIP Coding Group" action="confirmed" date="1997-06-24"/>
  </code>
  <code code="CCAT">
    <editdetail attribution="Reuters BIP Coding Group" action="confirmed" date="1997-06-24"/>
  </code>
</codes>
<dc element="dc.date.created" value="1997-06-24"/>
<dc element="dc.publisher" value="Reuters Holdings Plc"/>
<dc element="dc.date.published" value="1997-06-24"/>
<dc element="dc.source" value="Reuters"/>
<dc element="dc.creator.location" value="HONG KONG"/>
<dc element="dc.creator.location.country.name" value="HONG KONG"/>
<dc element="dc.source" value="Reuters"/>
</metadata>
</newsitem>
