<?xml version="1.0" encoding="iso-8859-1" ?>
<newsitem itemid="361626" id="root" date="1997-02-06" xml:lang="en">
<title>FRANCE: ONIC reports free-market grain export bids.</title>
<headline>ONIC reports free-market grain export bids.</headline>
<dateline>PARIS 1997-02-06</dateline>
<text>
<p>Grain exporters made the following bids for refunds to export free-market grain at this week's EU tender, French cereals office ONIC said. Bids are in Ecus/tonne.</p>
<p>		     --- Feb 6 ---		 --- Jan 30 ---</p>
<p>		 Tonnage   Range of Bids     Tonnage  Range of Bids</p>
<p> Soft wheat  421,750   17.37-22.98	 483,000   13.95-18.57</p>
<p> Barley	220,000   30.45-31.95	 122,900   27.75-31.97</p>
<p> Durum wheat  12,000	 NA		     No bids</p>
<p> Rye		   No bids			  No bids</p>
<p>-- Paris newsroom +331 4221 5432</p>
</text>
<copyright>(c) Reuters Limited 1997</copyright>
<metadata>
<codes class="bip:countries:1.0">
  <code code="EEC">
    <editdetail attribution="Reuters BIP Coding Group" action="confirmed" date="1997-02-06"/>
  </code>
  <code code="FRA">
    <editdetail attribution="Reuters BIP Coding Group" action="confirmed" date="1997-02-06"/>
  </code>
</codes>
<codes class="bip:topics:1.0">
  <code code="M14">
    <editdetail attribution="Reuters BIP Coding Group" action="confirmed" date="1997-02-06"/>
  </code>
  <code code="M141">
    <editdetail attribution="Reuters BIP Coding Group" action="confirmed" date="1997-02-06"/>
  </code>
  <code code="MCAT">
    <editdetail attribution="Reuters BIP Coding Group" action="confirmed" date="1997-02-06"/>
  </code>
</codes>
<dc element="dc.date.created" value="1997-02-06"/>
<dc element="dc.publisher" value="Reuters Holdings Plc"/>
<dc element="dc.date.published" value="1997-02-06"/>
<dc element="dc.source" value="Reuters"/>
<dc element="dc.creator.location" value="PARIS"/>
<dc element="dc.creator.location.country.name" value="FRANCE"/>
<dc element="dc.source" value="Reuters"/>
</metadata>
</newsitem>
