<?xml version="1.0" encoding="iso-8859-1" ?>
<newsitem itemid="114777" id="root" date="1996-10-14" xml:lang="en">
<title>USA: Motorola modems selected for NYNEX trial.</title>
<headline>Motorola modems selected for NYNEX trial.</headline>
<dateline>ARLINGTON HEIGHTS, Ill. 1996-10-14</dateline>
<text>
<p>Motorola said Monday NYNEX Corp affiliate NYNEX CableComms Group has chosen Motorola's CyberSURFR modem for its high-speed Internet access trial in United Kingdom.</p>
<p>The field trial will initially involve 200 CyberSURFR cable modems and associated infrastructure equipment, Motorola said.</p>
<p>The trial will begin in November in NYNEX CableComms' northwest franchises and in Manchester. Commercial launch of the system is expected to begin by the end of the first quarter, 1997, the company said.</p>
<p>The service will provide high-speed access to the Internet and other high-bandwidth applications.</p>
<p>--Chicago newsdesk, 312-408-8787</p>
</text>
<copyright>(c) Reuters Limited 1996</copyright>
<metadata>
<codes class="bip:countries:1.0">
  <code code="UK">
    <editdetail attribution="Reuters BIP Coding Group" action="confirmed" date="1996-10-14"/>
  </code>
  <code code="USA">
    <editdetail attribution="Reuters BIP Coding Group" action="confirmed" date="1996-10-14"/>
  </code>
</codes>
<codes class="bip:industries:1.0">
  <code code="I34531">
    <editdetail attribution="Reuters BIP Coding Group" action="confirmed" date="1996-10-14"/>
  </code>
  <code code="I79020">
    <editdetail attribution="Reuters BIP Coding Group" action="confirmed" date="1996-10-14"/>
  </code>
  <code code="I9741109">
    <editdetail attribution="Reuters BIP Coding Group" action="confirmed" date="1996-10-14"/>
  </code>
</codes>
<codes class="bip:topics:1.0">
  <code code="C23">
    <editdetail attribution="Reuters BIP Coding Group" action="confirmed" date="1996-10-14"/>
  </code>
  <code code="C33">
    <editdetail attribution="Reuters BIP Coding Group" action="confirmed" date="1996-10-14"/>
  </code>
  <code code="CCAT">
    <editdetail attribution="Reuters BIP Coding Group" action="confirmed" date="1996-10-14"/>
  </code>
</codes>
<dc element="dc.date.created" value="1996-10-14"/>
<dc element="dc.publisher" value="Reuters Holdings Plc"/>
<dc element="dc.date.published" value="1996-10-14"/>
<dc element="dc.source" value="Reuters"/>
<dc element="dc.creator.location" value="ARLINGTON HEIGHTS, Ill."/>
<dc element="dc.creator.location.country.name" value="USA"/>
<dc element="dc.source" value="Reuters"/>
</metadata>
</newsitem>
