<?xml version="1.0" encoding="iso-8859-1" ?>
<newsitem itemid="270597" id="root" date="1996-12-20" xml:lang="en">
<title>UK: UK roadworks suspended for Xmas, New Year.</title>
<headline>UK roadworks suspended for Xmas, New Year.</headline>
<dateline>LONDON 1996-12-20</dateline>
<text>
<p>Britain's Highways Agency said it was suspending many roadworks on motorways and major roads for the Christmas and New Year period.</p>
<p>Among the roadworks mentioned by the Highways Agency --</p>
<p>LONDON:</p>
<p>A13/A406, LB Newham, Canning Town Roundabout: There will be a lane closure on the westbound slip road from the Roundabout to the A13 westbound; this work is part of the Jubilee Line Extension project A406 LB Barnet, North Circular Road (east of Falloden Way): two lanes will be kept open on both carriageways during the holiday period.</p>
<p>SOUTHERN:</p>
<p>Berkshire:M4 Jct 7 to 8/9 and A329M (over M4 Jct. 10): Roadworks suspended and all traffic management removed. Berkshire/Wiltshire:M4 Jcts. 12 to 15:Roadworks are suspended and traffic management will be removed except for hard shoulder closures which will remain for safety reasons.</p>
<p>Bristol:M5 J18/19:Avonmouth widening work is suspended from 21 December until 6 January, however traffic management will remain in place for safety reasons. Devon:A38, Goodstone - Peartree &amp; Lime Kiln - Haldon: Roadworks are suspended and traffic management will be removed during the holiday period.</p>
<p>Hampshire:M27 Jct. 8-10: Roadworks suspended from 21 December to 6 January, all traffic management will be removed. Kent:A249, M2 - Iwade: Road works are suspended from 20 December until 6 January, but traffic management will remain at Key Street Roundabout.</p>
<p>Oxfordshire: There are no roadworks over the holiday period. Surrey: M23 Jcts 8-9: Roadworks are suspended and all traffic management will be removed from 24 December until 3 January, when a new contraflow will be installed. M25 Jcts 7-8: Work is suspended from Friday 20 December until Monday 6 January, three lanes will be open at all times during holiday period.</p>
<p>M25 Jcts 8-10: Contraflow will be suspended from 21 December until 2 January, two lanes will be available on both carriageways. A3/A31, south of Guildford: The temporary bridge over the A31 will remain in place; cones, speed restrictions and diversions will remain in force.</p>
</text>
<copyright>(c) Reuters Limited 1996</copyright>
<metadata>
<codes class="bip:countries:1.0">
  <code code="UK">
    <editdetail attribution="Reuters BIP Coding Group" action="confirmed" date="1996-12-20"/>
  </code>
</codes>
<codes class="bip:industries:1.0">
  <code code="I50200">
    <editdetail attribution="Reuters BIP Coding Group" action="confirmed" date="1996-12-20"/>
  </code>
  <code code="I5020041">
    <editdetail attribution="Reuters BIP Coding Group" action="confirmed" date="1996-12-20"/>
  </code>
</codes>
<codes class="bip:topics:1.0">
  <code code="C24">
    <editdetail attribution="Reuters BIP Coding Group" action="confirmed" date="1996-12-20"/>
  </code>
  <code code="CCAT">
    <editdetail attribution="Reuters BIP Coding Group" action="confirmed" date="1996-12-20"/>
  </code>
</codes>
<dc element="dc.date.created" value="1996-12-20"/>
<dc element="dc.publisher" value="Reuters Holdings Plc"/>
<dc element="dc.date.published" value="1996-12-20"/>
<dc element="dc.source" value="Reuters"/>
<dc element="dc.creator.location" value="LONDON"/>
<dc element="dc.creator.location.country.name" value="UK"/>
<dc element="dc.source" value="Reuters"/>
</metadata>
</newsitem>
