<?xml version="1.0" encoding="iso-8859-1" ?>
<newsitem itemid="648609" id="root" date="1997-06-09" xml:lang="en">
<title>SINGAPORE: India buys Jul kero cargo from Kuwait, +10 cts fob.</title>
<headline>India buys Jul kero cargo from Kuwait, +10 cts fob.</headline>
<dateline>SINGAPORE 1997-06-09</dateline>
<text>
<p>State-owned Indian Oil Corp (IOC) has bought one cargo of superior kerosene from Kuwait Petroleum Corp (KPC) in its tender for July delivery at 10 cents per barrel above MidEast spot quotes, on a free-on-board (fob) basis, traders said on Monday.</p>
<p>The cargo is 40,000-45,000 tonnes in size.</p>
<p>The next best offer was made by Dutch trader Vitol, traders said.  </p>
<p>Traders had initially thought that IOC would buy the KPC cargo based on its offer of around $1.60 per barrel premium to MidEast spot quotes, on a cost-and-freight (c-and-f) basis to the Indian east coast.</p>
<p>The tender closed on June 5 and was valid until June 6.</p>
<p>IOC cancelled its previous tender for June delivery.</p>
<p>In its tender for May deliveries, India bought 90,000 tonnes of kerosene in two cargoes from Mediterranean trader BB Energy and European major Shell, both at a premium of $34.84 per tonne to Mediterranean spot quotes, c-and-f east coast.</p>
<p>-- Singapore Newsroom (+65-870 3084)</p>
</text>
<copyright>(c) Reuters Limited 1997</copyright>
<metadata>
<codes class="bip:countries:1.0">
  <code code="INDIA">
    <editdetail attribution="Reuters BIP Coding Group" action="confirmed" date="1997-06-09"/>
  </code>
  <code code="SINGP">
    <editdetail attribution="Reuters BIP Coding Group" action="confirmed" date="1997-06-09"/>
  </code>
</codes>
<codes class="bip:industries:1.0">
  <code code="I13000">
    <editdetail attribution="Reuters BIP Coding Group" action="confirmed" date="1997-06-09"/>
  </code>
</codes>
<codes class="bip:topics:1.0">
  <code code="M14">
    <editdetail attribution="Reuters BIP Coding Group" action="confirmed" date="1997-06-09"/>
  </code>
  <code code="M143">
    <editdetail attribution="Reuters BIP Coding Group" action="confirmed" date="1997-06-09"/>
  </code>
  <code code="MCAT">
    <editdetail attribution="Reuters BIP Coding Group" action="confirmed" date="1997-06-09"/>
  </code>
</codes>
<dc element="dc.date.created" value="1997-06-09"/>
<dc element="dc.publisher" value="Reuters Holdings Plc"/>
<dc element="dc.date.published" value="1997-06-09"/>
<dc element="dc.source" value="Reuters"/>
<dc element="dc.creator.location" value="SINGAPORE"/>
<dc element="dc.creator.location.country.name" value="SINGAPORE"/>
<dc element="dc.source" value="Reuters"/>
</metadata>
</newsitem>
