<?xml version="1.0" encoding="iso-8859-1" ?>
<newsitem itemid="271598" id="root" date="1996-12-21" xml:lang="en">
<title>ZAIRE: Zaire delays new government to next week - radio.</title>
<headline>Zaire delays new government to next week - radio.</headline>
<dateline>KINSHASA 1996-12-21</dateline>
<text>
<p>President Mobutu Sese Seko has given Zaire's political leaders until early next week to nominate a crisis government to guide the country in its war against Rwandan-backed rebels, state radio said on Saturday.</p>
<p>The radio report, quoting Mobutu's security adviser Honore Ngbanda, was broadcast as a Saturday deadline given by Mobutu to the country's bickering politicians to come up with ideas on a new government passed without a sign of progress.</p>
<p>&quot;Marshal Mobutu responded positively to a 48-hour extension of time requested by the politicians,&quot; the Voice of Zaire said.</p>
<p>Party leaders expect a new government to be in place by Monday.</p>
</text>
<copyright>(c) Reuters Limited 1996</copyright>
<metadata>
<codes class="bip:countries:1.0">
  <code code="ZAIRE">
    <editdetail attribution="Reuters BIP Coding Group" action="confirmed" date="1996-12-21"/>
  </code>
</codes>
<codes class="bip:topics:1.0">
  <code code="GCAT">
    <editdetail attribution="Reuters BIP Coding Group" action="confirmed" date="1996-12-21"/>
  </code>
  <code code="GPOL">
    <editdetail attribution="Reuters BIP Coding Group" action="confirmed" date="1996-12-21"/>
  </code>
  <code code="GVIO">
    <editdetail attribution="Reuters BIP Coding Group" action="confirmed" date="1996-12-21"/>
  </code>
</codes>
<dc element="dc.date.created" value="1996-12-21"/>
<dc element="dc.publisher" value="Reuters Holdings Plc"/>
<dc element="dc.date.published" value="1996-12-21"/>
<dc element="dc.source" value="Reuters"/>
<dc element="dc.creator.location" value="KINSHASA"/>
<dc element="dc.creator.location.country.name" value="ZAIRE"/>
<dc element="dc.source" value="Reuters"/>
</metadata>
</newsitem>
