<?xml version="1.0" encoding="iso-8859-1" ?>
<newsitem itemid="137188" id="root" date="1996-10-23" xml:lang="en">
<title>USA: Deep River, Conn., won by Roosevelt &amp; Cross.</title>
<headline>Deep River, Conn., won by Roosevelt &amp; Cross.</headline>
<dateline>NEW YORK 1996-10-23</dateline>
<text>
<p>Roosevelt &amp; Cross, Inc., said it won $4.800 million of Deep River, Conn., general obligation bonds, Issue of 1996, with a true interest cost of 4.6253 percent.</p>
</text>
<copyright>(c) Reuters Limited 1996</copyright>
<metadata>
<codes class="bip:countries:1.0">
  <code code="USA">
    <editdetail attribution="Reuters BIP Coding Group" action="confirmed" date="1996-10-23"/>
  </code>
</codes>
<codes class="bip:topics:1.0">
  <code code="E21">
    <editdetail attribution="Reuters BIP Coding Group" action="confirmed" date="1996-10-23"/>
  </code>
  <code code="E212">
    <editdetail attribution="Reuters BIP Coding Group" action="confirmed" date="1996-10-23"/>
  </code>
  <code code="ECAT">
    <editdetail attribution="Reuters BIP Coding Group" action="confirmed" date="1996-10-23"/>
  </code>
</codes>
<dc element="dc.date.created" value="1996-10-23"/>
<dc element="dc.publisher" value="Reuters Holdings Plc"/>
<dc element="dc.date.published" value="1996-10-23"/>
<dc element="dc.source" value="Reuters"/>
<dc element="dc.creator.location" value="NEW YORK"/>
<dc element="dc.creator.location.country.name" value="USA"/>
<dc element="dc.source" value="Reuters"/>
</metadata>
</newsitem>
