<?xml version="1.0" encoding="iso-8859-1" ?>
<newsitem itemid="706231" id="root" date="1997-07-03" xml:lang="en">
<title>NETHERLANDS: VNU BUYS CZECH PUBLISHER KWETY CESKE.</title>
<headline>VNU BUYS CZECH PUBLISHER KWETY CESKE.</headline>
<dateline>HAARLEM, Netherlands 1997-07-03</dateline>
<text>
<p>Dutch publisher NV Verenigd Bezit VNU said on Thursday it had bought publisher Kwety Ceske of the Czech Republic via its Czech unit Mona.</p>
<p>No financial details were disclosed.  </p>
<p>VNU said in a statement Kwety Ceske publishes the general interest weekly magazine Kvety which has a paid circulation of 280,000 copies and a readership of around one million. Kwety Ceske also publishes the weekly magazine Astro.</p>
<p>&quot;The acquisition fits in with the policy VNU has of broadening out its presence in the Czech consumer publications market,&quot; VNU said.</p>
<p>Following the acquisition of the Kvety and Astro magazines, and the weekly magazine Ring in April, Mona is the largest publisher of consumer magazines in the Czech Republic.</p>
<p>-- Amsterdam newsroom +31 20 504 5000, Fax +31 20 504 5040</p>
</text>
<copyright>(c) Reuters Limited 1997</copyright>
<metadata>
<codes class="bip:countries:1.0">
  <code code="CZREP">
    <editdetail attribution="Reuters BIP Coding Group" action="confirmed" date="1997-07-03"/>
  </code>
  <code code="NETH">
    <editdetail attribution="Reuters BIP Coding Group" action="confirmed" date="1997-07-03"/>
  </code>
</codes>
<codes class="bip:industries:1.0">
  <code code="I47500">
    <editdetail attribution="Reuters BIP Coding Group" action="confirmed" date="1997-07-03"/>
  </code>
</codes>
<codes class="bip:topics:1.0">
  <code code="C18">
    <editdetail attribution="Reuters BIP Coding Group" action="confirmed" date="1997-07-03"/>
  </code>
  <code code="C181">
    <editdetail attribution="Reuters BIP Coding Group" action="confirmed" date="1997-07-03"/>
  </code>
  <code code="CCAT">
    <editdetail attribution="Reuters BIP Coding Group" action="confirmed" date="1997-07-03"/>
  </code>
</codes>
<dc element="dc.date.created" value="1997-07-03"/>
<dc element="dc.publisher" value="Reuters Holdings Plc"/>
<dc element="dc.date.published" value="1997-07-03"/>
<dc element="dc.source" value="Reuters"/>
<dc element="dc.creator.location" value="HAARLEM, Netherlands"/>
<dc element="dc.creator.location.country.name" value="NETHERLANDS"/>
<dc element="dc.source" value="Reuters"/>
</metadata>
</newsitem>
