<?xml version="1.0" encoding="iso-8859-1" ?>
<newsitem itemid="544967" id="root" date="1997-04-28" xml:lang="en">
<title>UK: Helaba sets 10 bln pta collared FRN.</title>
<headline>Helaba sets 10 bln pta collared FRN.</headline>
<dateline>LONDON 1997-04-28</dateline>
<text>
<p>The following floating-rate issue was announced by lead manager Banco Bilbao Vizcaya SA  BORROWER   HELABA FINANCE</p>
<p>GUARANTOR  LANDESBANK HESSEN-THURINGEN (RATED AAA/AAA)</p>
<p> AMT    10 BLN PTA    BASE     **6M-LIBOR  MATURITY    30.MAY.07</p>
<p> TYPE	 FRN	 MARGIN   **+30 BP    PAY DATE    30.MAY.97</p>
<p> LAST MOODY =	   ISS PRICE  PAR	 FULL FEES   20 BP</p>
<p> LAST S&amp;P   =	   REOFFER    99.80</p>
<p> NOTES    **MIN COUPON 4.0 PCT, MAX 8.4 PCT</p>
<p> LISTING    AIAF	DENOMS (K) 100	 GOV LAW     SPANISH</p>
<p>-- London Newsroom +44 171 542 8863</p>
</text>
<copyright>(c) Reuters Limited 1997</copyright>
<metadata>
<codes class="bip:countries:1.0">
  <code code="GFR">
    <editdetail attribution="Reuters BIP Coding Group" action="confirmed" date="1997-04-28"/>
  </code>
  <code code="UK">
    <editdetail attribution="Reuters BIP Coding Group" action="confirmed" date="1997-04-28"/>
  </code>
</codes>
<codes class="bip:industries:1.0">
  <code code="I81402">
    <editdetail attribution="Reuters BIP Coding Group" action="confirmed" date="1997-04-28"/>
  </code>
</codes>
<codes class="bip:topics:1.0">
  <code code="C17">
    <editdetail attribution="Reuters BIP Coding Group" action="confirmed" date="1997-04-28"/>
  </code>
  <code code="C172">
    <editdetail attribution="Reuters BIP Coding Group" action="confirmed" date="1997-04-28"/>
  </code>
  <code code="CCAT">
    <editdetail attribution="Reuters BIP Coding Group" action="confirmed" date="1997-04-28"/>
  </code>
</codes>
<dc element="dc.date.created" value="1997-04-28"/>
<dc element="dc.publisher" value="Reuters Holdings Plc"/>
<dc element="dc.date.published" value="1997-04-28"/>
<dc element="dc.source" value="Reuters"/>
<dc element="dc.creator.location" value="LONDON"/>
<dc element="dc.creator.location.country.name" value="UK"/>
<dc element="dc.source" value="Reuters"/>
</metadata>
</newsitem>
