<?xml version="1.0" encoding="iso-8859-1" ?>
<newsitem itemid="162119" id="root" date="1996-11-03" xml:lang="en">
<title>SPAIN: SOCCER-BARCELONA AND SAMPDORIA REACH AGREEMENT OVER KAREMBEU.</title>
<headline>SOCCER-BARCELONA AND SAMPDORIA REACH AGREEMENT OVER KAREMBEU.</headline>
<dateline>BARCELONA 1996-11-03</dateline>
<text>
<p>Barcelona said on Sunday they had reached terms with Sampdoria for the transfer of French international midfielder Christian Karembeu in December.</p>
<p>The news is likely to complicate Barcelona's problematical relationship with Real Madrid whose club president Lorenzo Sanz had said on several occasions that Karembeu would join his side.</p>
<p>&quot;We have agreed terms with the player's representative ...you'll have to speak to the player,&quot; said Sanz when told of the news on Sunday evening.</p>
</text>
<copyright>(c) Reuters Limited 1996</copyright>
<metadata>
<codes class="bip:countries:1.0">
  <code code="FRA">
    <editdetail attribution="Reuters BIP Coding Group" action="confirmed" date="1996-11-03"/>
  </code>
  <code code="SPAIN">
    <editdetail attribution="Reuters BIP Coding Group" action="confirmed" date="1996-11-03"/>
  </code>
</codes>
<codes class="bip:topics:1.0">
  <code code="GCAT">
    <editdetail attribution="Reuters BIP Coding Group" action="confirmed" date="1996-11-03"/>
  </code>
  <code code="GSPO">
    <editdetail attribution="Reuters BIP Coding Group" action="confirmed" date="1996-11-03"/>
  </code>
</codes>
<dc element="dc.date.created" value="1996-11-03"/>
<dc element="dc.publisher" value="Reuters Holdings Plc"/>
<dc element="dc.date.published" value="1996-11-03"/>
<dc element="dc.source" value="Reuters"/>
<dc element="dc.creator.location" value="BARCELONA"/>
<dc element="dc.creator.location.country.name" value="SPAIN"/>
<dc element="dc.source" value="Reuters"/>
</metadata>
</newsitem>
