<?xml version="1.0" encoding="iso-8859-1" ?>
<newsitem itemid="90215" id="root" date="1996-10-02" xml:lang="en">
<title>USA: RCM Technologies ends talks to buy GT Inc.</title>
<headline>RCM Technologies ends talks to buy GT Inc.</headline>
<dateline>PENNSAUKEN, N.J. 1996-10-02</dateline>
<text>
<p>RCM Technologies Inc said Wednesday it has ended negotiations to acquire Global Staffing Inc of southern California .</p>
<p>The talks ended by mutual consent, the company said.</p>
<p>RCM specializes in temporary staffing for information technology, health care and engineering companies. It has 29 branches in 11 states.</p>
</text>
<copyright>(c) Reuters Limited 1996</copyright>
<metadata>
<codes class="bip:countries:1.0">
  <code code="USA">
    <editdetail attribution="Reuters BIP Coding Group" action="confirmed" date="1996-10-02"/>
  </code>
</codes>
<codes class="bip:industries:1.0">
  <code code="I83954">
    <editdetail attribution="Reuters BIP Coding Group" action="confirmed" date="1996-10-02"/>
  </code>
</codes>
<codes class="bip:topics:1.0">
  <code code="C18">
    <editdetail attribution="Reuters BIP Coding Group" action="confirmed" date="1996-10-02"/>
  </code>
  <code code="C181">
    <editdetail attribution="Reuters BIP Coding Group" action="confirmed" date="1996-10-02"/>
  </code>
  <code code="CCAT">
    <editdetail attribution="Reuters BIP Coding Group" action="confirmed" date="1996-10-02"/>
  </code>
</codes>
<dc element="dc.date.created" value="1996-10-02"/>
<dc element="dc.publisher" value="Reuters Holdings Plc"/>
<dc element="dc.date.published" value="1996-10-02"/>
<dc element="dc.source" value="Reuters"/>
<dc element="dc.creator.location" value="PENNSAUKEN, N.J."/>
<dc element="dc.creator.location.country.name" value="USA"/>
<dc element="dc.source" value="Reuters"/>
</metadata>
</newsitem>
