<?xml version="1.0" encoding="iso-8859-1" ?>
<newsitem itemid="171240" id="root" date="1996-11-06" xml:lang="en">
<title>JAPAN: Aloka - 6mth parent results.</title>
<headline>Aloka - 6mth parent results.</headline>
<dateline>TOKYO 1996-11-06</dateline>
<text>
<p>Six months to September 30, 1996</p>
<p> (Parent)	(in billions of yen unless specified)</p>
<p> Sales		 18.88		vs	   17.74</p>
<p> Operating    919    million	  vs	  716    million</p>
<p> Current		1.07		vs	  698    million</p>
<p> Net	    539    million	  vs	  337    million</p>
<p> EPS		   22.01 yen	  vs	   13.76 yen</p>
<p> Shares	     25 million	  vs	  25 million</p>
<p> Interim div	  5.50 yen	  vs	    5.50 yen</p>
<p>NOTE - Aloka Co Ltd handles medical equipment.</p>
</text>
<copyright>(c) Reuters Limited 1996</copyright>
<metadata>
<codes class="bip:countries:1.0">
  <code code="JAP">
    <editdetail attribution="Reuters BIP Coding Group" action="confirmed" date="1996-11-06"/>
  </code>
</codes>
<codes class="bip:industries:1.0">
  <code code="I37200">
    <editdetail attribution="Reuters BIP Coding Group" action="confirmed" date="1996-11-06"/>
  </code>
</codes>
<codes class="bip:topics:1.0">
  <code code="C15">
    <editdetail attribution="Reuters BIP Coding Group" action="confirmed" date="1996-11-06"/>
  </code>
  <code code="C151">
    <editdetail attribution="Reuters BIP Coding Group" action="confirmed" date="1996-11-06"/>
  </code>
  <code code="CCAT">
    <editdetail attribution="Reuters BIP Coding Group" action="confirmed" date="1996-11-06"/>
  </code>
</codes>
<dc element="dc.date.created" value="1996-11-06"/>
<dc element="dc.publisher" value="Reuters Holdings Plc"/>
<dc element="dc.date.published" value="1996-11-06"/>
<dc element="dc.source" value="Reuters"/>
<dc element="dc.creator.location" value="TOKYO"/>
<dc element="dc.creator.location.country.name" value="JAPAN"/>
<dc element="dc.source" value="Reuters"/>
</metadata>
</newsitem>
