<?xml version="1.0" encoding="iso-8859-1" ?>
<newsitem itemid="431281" id="root" date="1997-03-10" xml:lang="en">
<title>USA: Nationwide sees $10.6 mln in storm losses.</title>
<headline>Nationwide sees $10.6 mln in storm losses.</headline>
<dateline>COLUMBUS, Ohio 1997-03-07</dateline>
<text>
<p>Nationwide Insurance on Friday said it expected to receive about 2,400 claims for insured policyholder losses totaling $10.6 million from tornadoes that struck Arkansas last weekend and flooding in southern Ohio, Kentucky, and West Virginia.</p>
<p>The company said those were preliminary estimates as flood waters had not receded in some of parts of Ohio, Kentucky, and West Virginia.</p>
<p>Nationwide said it expected to receive 1,300 claims from its Kentucky policyholders for total insured losses of $3.6 million in that state. In southern Ohio, Nationwide expects 800 claims for $3.5 million in insured losses.</p>
<p>In Arkansas, Nationwide expects 100 claims for some $2 million in insured losses from damage caused by tornadoes.</p>
<p>About 200 claims are expected in West Virginia for $1.5 million in losses.</p>
</text>
<copyright>(c) Reuters Limited 1997</copyright>
<metadata>
<codes class="bip:countries:1.0">
  <code code="USA">
    <editdetail attribution="Reuters BIP Coding Group" action="confirmed" date="1997-03-10"/>
  </code>
</codes>
<codes class="bip:industries:1.0">
  <code code="I81502">
    <editdetail attribution="Reuters BIP Coding Group" action="confirmed" date="1997-03-10"/>
  </code>
  <code code="I82003">
    <editdetail attribution="Reuters BIP Coding Group" action="confirmed" date="1997-03-10"/>
  </code>
  <code code="I8200316">
    <editdetail attribution="Reuters BIP Coding Group" action="confirmed" date="1997-03-10"/>
  </code>
</codes>
<codes class="bip:topics:1.0">
  <code code="C21">
    <editdetail attribution="Reuters BIP Coding Group" action="confirmed" date="1997-03-10"/>
  </code>
  <code code="CCAT">
    <editdetail attribution="Reuters BIP Coding Group" action="confirmed" date="1997-03-10"/>
  </code>
  <code code="GCAT">
    <editdetail attribution="Reuters BIP Coding Group" action="confirmed" date="1997-03-10"/>
  </code>
  <code code="GDIS">
    <editdetail attribution="Reuters BIP Coding Group" action="confirmed" date="1997-03-10"/>
  </code>
</codes>
<dc element="dc.date.created" value="1997-03-07"/>
<dc element="dc.publisher" value="Reuters Holdings Plc"/>
<dc element="dc.date.published" value="1997-03-10"/>
<dc element="dc.source" value="Reuters"/>
<dc element="dc.creator.location" value="COLUMBUS, Ohio"/>
<dc element="dc.creator.location.country.name" value="USA"/>
<dc element="dc.source" value="Reuters"/>
</metadata>
</newsitem>
