<?xml version="1.0" encoding="iso-8859-1" ?>
<newsitem itemid="359537" id="root" date="1997-02-06" xml:lang="en">
<title>USA: Nu-kote to realign, close some facilities.</title>
<headline>Nu-kote to realign, close some facilities.</headline>
<dateline>DALLAS 1997-02-06</dateline>
<text>
<p>Nu-kote Holding Inc said on Thursday that it implemented a strategic realignment it said was intended to accelerate a return to profitability.</p>
<p>The company said the realignment would involve the following: the closing of certain manufacturing facilities; accelerating the shift of impact product production to Mexico and China; the re-defining the core product base.</p>
<p>Nu-kote said it would also focus on development resources on the most profitable non-impact product categories, eliminate unprofitable product categories, and strengthen its management team.</p>
<p>-- ((New York newsdesk 212-859-1611))</p>
</text>
<copyright>(c) Reuters Limited 1997</copyright>
<metadata>
<codes class="bip:countries:1.0">
  <code code="USA">
    <editdetail attribution="Reuters BIP Coding Group" action="confirmed" date="1997-02-06"/>
  </code>
</codes>
<codes class="bip:industries:1.0">
  <code code="I49540">
    <editdetail attribution="Reuters BIP Coding Group" action="confirmed" date="1997-02-06"/>
  </code>
</codes>
<codes class="bip:topics:1.0">
  <code code="C11">
    <editdetail attribution="Reuters BIP Coding Group" action="confirmed" date="1997-02-06"/>
  </code>
  <code code="C24">
    <editdetail attribution="Reuters BIP Coding Group" action="confirmed" date="1997-02-06"/>
  </code>
  <code code="CCAT">
    <editdetail attribution="Reuters BIP Coding Group" action="confirmed" date="1997-02-06"/>
  </code>
</codes>
<dc element="dc.date.created" value="1997-02-06"/>
<dc element="dc.publisher" value="Reuters Holdings Plc"/>
<dc element="dc.date.published" value="1997-02-06"/>
<dc element="dc.source" value="Reuters"/>
<dc element="dc.creator.location" value="DALLAS"/>
<dc element="dc.creator.location.country.name" value="USA"/>
<dc element="dc.source" value="Reuters"/>
</metadata>
</newsitem>
