<?xml version="1.0" encoding="iso-8859-1" ?>
<newsitem itemid="335236" id="root" date="1997-01-27" xml:lang="en">
<title>INDIA: India's SIDBI 2.0 bln rupee bonds oversubscribed.</title>
<headline>India's SIDBI 2.0 bln rupee bonds oversubscribed.</headline>
<dateline>BOMBAY 1997-01-27</dateline>
<text>
<p>The Small Industries Development Bank of India (SIDBI) said on Monday its issue of unsecured bonds totalling 2.0 billion rupees was oversubscribed.</p>
<p>The bonds, with a face value of 100,000 rupees each, carry a coupon rate of 15.5 percent per annum.</p>
<p>&quot;The issue, which opened for subscription today received an overwhelming response and was oversubscribed more than four times within an hour of opening,&quot; a SIDBI statement said.</p>
<p>SIDBI said it was exercising an option to retain oversubscription up to 1.0 billion rupees.</p>
<p>The private placement of bonds was arranged by SBI Capital Markets, RR Financial Consultants, IDBI Capital Market Services, jointly with Darashaw &amp; Company, Kotak Mahindra Capital and Peregrine Capital India, it said.</p>
<p>-- Bombay newsroom +91-22-265 9000</p>
</text>
<copyright>(c) Reuters Limited 1997</copyright>
<metadata>
<codes class="bip:countries:1.0">
  <code code="INDIA">
    <editdetail attribution="Reuters BIP Coding Group" action="confirmed" date="1997-01-27"/>
  </code>
</codes>
<codes class="bip:industries:1.0">
  <code code="I81402">
    <editdetail attribution="Reuters BIP Coding Group" action="confirmed" date="1997-01-27"/>
  </code>
</codes>
<codes class="bip:topics:1.0">
  <code code="C17">
    <editdetail attribution="Reuters BIP Coding Group" action="confirmed" date="1997-01-27"/>
  </code>
  <code code="C172">
    <editdetail attribution="Reuters BIP Coding Group" action="confirmed" date="1997-01-27"/>
  </code>
  <code code="CCAT">
    <editdetail attribution="Reuters BIP Coding Group" action="confirmed" date="1997-01-27"/>
  </code>
</codes>
<dc element="dc.date.created" value="1997-01-27"/>
<dc element="dc.publisher" value="Reuters Holdings Plc"/>
<dc element="dc.date.published" value="1997-01-27"/>
<dc element="dc.source" value="Reuters"/>
<dc element="dc.creator.location" value="BOMBAY"/>
<dc element="dc.creator.location.country.name" value="INDIA"/>
<dc element="dc.source" value="Reuters"/>
</metadata>
</newsitem>
