<?xml version="1.0" encoding="iso-8859-1" ?>
<newsitem itemid="300626" id="root" date="1997-01-10" xml:lang="en">
<title>JAPAN: S&amp;P assigns AA- to Alcatel Alsthom dual samurais.</title>
<headline>S&amp;P assigns AA- to Alcatel Alsthom dual samurais.</headline>
<dateline>TOKYO 1997-01-10</dateline>
<text>
<p>Standard and Poor's Corp said on Friday that it had assigned its AA- rating to Alcatel Alsthom S.A.'s 20 billion yen worth of five percent yen/dollar dual currency bonds due on January 27, 2000.</p>
<p>It said the issue's ratings outlook was negative.</p>
</text>
<copyright>(c) Reuters Limited 1997</copyright>
<metadata>
<codes class="bip:countries:1.0">
  <code code="FRA">
    <editdetail attribution="Reuters BIP Coding Group" action="confirmed" date="1997-01-10"/>
  </code>
  <code code="JAP">
    <editdetail attribution="Reuters BIP Coding Group" action="confirmed" date="1997-01-10"/>
  </code>
</codes>
<codes class="bip:industries:1.0">
  <code code="I34400">
    <editdetail attribution="Reuters BIP Coding Group" action="confirmed" date="1997-01-10"/>
  </code>
</codes>
<codes class="bip:topics:1.0">
  <code code="C17">
    <editdetail attribution="Reuters BIP Coding Group" action="confirmed" date="1997-01-10"/>
  </code>
  <code code="C174">
    <editdetail attribution="Reuters BIP Coding Group" action="confirmed" date="1997-01-10"/>
  </code>
  <code code="CCAT">
    <editdetail attribution="Reuters BIP Coding Group" action="confirmed" date="1997-01-10"/>
  </code>
</codes>
<dc element="dc.date.created" value="1997-01-10"/>
<dc element="dc.publisher" value="Reuters Holdings Plc"/>
<dc element="dc.date.published" value="1997-01-10"/>
<dc element="dc.source" value="Reuters"/>
<dc element="dc.creator.location" value="TOKYO"/>
<dc element="dc.creator.location.country.name" value="JAPAN"/>
<dc element="dc.source" value="Reuters"/>
</metadata>
</newsitem>
