<?xml version="1.0" encoding="iso-8859-1" ?>
<newsitem itemid="466287" id="root" date="1997-03-25" xml:lang="en">
<title>USA: Toledo deliverable soybean stocks.</title>
<headline>Toledo deliverable soybean stocks.</headline>
<dateline>CHICAGO 1997-03-25</dateline>
<text>
<p>The Chicago Board of Trade reported the following stocks of soybeans in Toledo, deliverable against CBOT futures.  (in 000's bu).</p>
<p>						 3/21    WEEK    YEAR</p>
<p>							   AGO     AGO</p>
<p>Total Deliverable Grades		3,174   2,959   5,106</p>
<p>Non-Del Grades/Ungraded		   135     190     509</p>
<p>CCC Stocks					0	 0	 0</p>
<p>TOTAL TOLEDO SOYBEAN STOCKS	   3,309   3,149   5,615</p>
</text>
<copyright>(c) Reuters Limited 1997</copyright>
<metadata>
<codes class="bip:countries:1.0">
  <code code="USA">
    <editdetail attribution="Reuters BIP Coding Group" action="confirmed" date="1997-03-25"/>
  </code>
</codes>
<codes class="bip:topics:1.0">
  <code code="M14">
    <editdetail attribution="Reuters BIP Coding Group" action="confirmed" date="1997-03-25"/>
  </code>
  <code code="M141">
    <editdetail attribution="Reuters BIP Coding Group" action="confirmed" date="1997-03-25"/>
  </code>
  <code code="MCAT">
    <editdetail attribution="Reuters BIP Coding Group" action="confirmed" date="1997-03-25"/>
  </code>
</codes>
<dc element="dc.date.created" value="1997-03-25"/>
<dc element="dc.publisher" value="Reuters Holdings Plc"/>
<dc element="dc.date.published" value="1997-03-25"/>
<dc element="dc.source" value="Reuters"/>
<dc element="dc.creator.location" value="CHICAGO"/>
<dc element="dc.creator.location.country.name" value="USA"/>
<dc element="dc.source" value="Reuters"/>
</metadata>
</newsitem>
