<?xml version="1.0" encoding="iso-8859-1" ?>
<newsitem itemid="748683" id="root" date="1997-07-23" xml:lang="en">
<title>USA: IBCA South Africa affirms Eskom.</title>
<headline>IBCA South Africa affirms Eskom.</headline>
<text>
<p>NEW YORK, July 23 - IBCA South Africa, a subsidiary of the European credit rating agency IBCA has affirmed its BBB long-term international local currency rating of Eskom.  </p>
<p>The rating is the same as the sovereign local currency rating of the Republic of South Africa.</p>
<p>Eskom is invloved in the generation, transmission and distribution of electricity.</p>
<p>It provides some 98 percent of the power consumed in South Africa and is the dominant producer in Africa, supplying more than half the electricity generated on the continent.</p>
<p>Eskom is among the top five utilities in the world in terms of size and sales and is one of the lowest-cost producers globally.  </p>
<p>Eskom's high gearing and relatively low coverage are offset by its monopolistic position, strong earnings and cash flow generation and improving operating efficiency.</p>
<p>The majority of its foreign currency denominated borrowings are guaranteed by the State and, while local currency borrowings carry no guarantee, the importance which the utility has within the economy is likely to generate support, should it ever be required from the State.</p>
</text>
<copyright>(c) Reuters Limited 1997</copyright>
<metadata>
<codes class="bip:countries:1.0">
  <code code="SAFR">
    <editdetail attribution="Reuters BIP Coding Group" action="confirmed" date="1997-07-23"/>
  </code>
</codes>
<codes class="bip:industries:1.0">
  <code code="I16100">
    <editdetail attribution="Reuters BIP Coding Group" action="confirmed" date="1997-07-23"/>
  </code>
</codes>
<codes class="bip:topics:1.0">
  <code code="C17">
    <editdetail attribution="Reuters BIP Coding Group" action="confirmed" date="1997-07-23"/>
  </code>
  <code code="C174">
    <editdetail attribution="Reuters BIP Coding Group" action="confirmed" date="1997-07-23"/>
  </code>
  <code code="CCAT">
    <editdetail attribution="Reuters BIP Coding Group" action="confirmed" date="1997-07-23"/>
  </code>
</codes>
<dc element="dc.publisher" value="Reuters Holdings Plc"/>
<dc element="dc.date.published" value="1997-07-23"/>
<dc element="dc.source" value="Reuters"/>
<dc element="dc.creator.location.country.name" value="USA"/>
<dc element="dc.source" value="Reuters"/>
</metadata>
</newsitem>
