<?xml version="1.0" encoding="iso-8859-1" ?>
<newsitem itemid="773595" id="root" date="1997-08-01" xml:lang="en">
<title>USA: TABLE-Emclaire Financial Corp Q2 shr up.</title>
<headline>TABLE-Emclaire Financial Corp Q2 shr up.</headline>
<dateline>EMLENTON, Pa. 1997-07-31</dateline>
<text>
<p>1997			1996</p>
<p> Shr			  $0.29		    $0.25</p>
<p> Net			    300			198</p>
<p>	  6  MONTHS</p>
<p> Shr			  $0.51		    $0.63</p>
<p> Net			    529			501</p>
<p>(All data above 000s except per share numbers)</p>
<p>NOTE - Total assets were $130.11 million at June 30, 1997 versus $109.40  million at June 30, 1996.</p>
<p>((-- New York Newsdesk 212-859-1610))</p>
</text>
<copyright>(c) Reuters Limited 1997</copyright>
<metadata>
<codes class="bip:countries:1.0">
  <code code="USA">
    <editdetail attribution="Reuters BIP Coding Group" action="confirmed" date="1997-08-01"/>
  </code>
</codes>
<codes class="bip:topics:1.0">
  <code code="C15">
    <editdetail attribution="Reuters BIP Coding Group" action="confirmed" date="1997-08-01"/>
  </code>
  <code code="C151">
    <editdetail attribution="Reuters BIP Coding Group" action="confirmed" date="1997-08-01"/>
  </code>
  <code code="CCAT">
    <editdetail attribution="Reuters BIP Coding Group" action="confirmed" date="1997-08-01"/>
  </code>
</codes>
<dc element="dc.date.created" value="1997-07-31"/>
<dc element="dc.publisher" value="Reuters Holdings Plc"/>
<dc element="dc.date.published" value="1997-08-01"/>
<dc element="dc.source" value="Reuters"/>
<dc element="dc.creator.location" value="EMLENTON, Pa."/>
<dc element="dc.creator.location.country.name" value="USA"/>
<dc element="dc.source" value="Reuters"/>
</metadata>
</newsitem>
