<?xml version="1.0" encoding="iso-8859-1" ?>
<newsitem itemid="559776" id="root" date="1997-05-05" xml:lang="en">
<title>USA: Oklahoma farmers hold out hope for a wheat crop.</title>
<headline>Oklahoma farmers hold out hope for a wheat crop.</headline>
<dateline>OKLAHOMA CITY 1997-05-05</dateline>
<text>
<p>Oklahoma farmers continued to assess wheat damage from last month's freeze but few had opted to give up on grain production, the state's agricultural statistics service said in its weekly crop weather report.</p>
<p>&quot;The extent of the freeze damage from three weeks ago is questionable,&quot; the report said.</p>
<p>&quot;As a general rule, farmers have still kept grain production in their sights. Cool, wet weather has helped wheat plants in the Panhandle to develop secondary tillers. Rain is needed for the crop in the northeast district. Many fields are not showing a uniform stand.&quot;</p>
<p>Wheat was rated 14 percent very poor, 18 percent poor, 35 percent fair, 32 percent good and one percent excellent.</p>
<p>Corn was 33 percent planted, well behind the five-year average of 79 percent.</p>
<p>Soybeans were 18 percent planted, slightly ahead of the five-year average of 17 percent.</p>
<p>Livestock conditions were rated three percent poor, 20 percent fair, 72 percent good and five percent excellent.</p>
<p>Topsoil moisture was rated nil very short, three percent short, 85 percent adequate and 12 surplus.</p>
<p>((Chicago Newsdesk 312-408-8720))</p>
</text>
<copyright>(c) Reuters Limited 1997</copyright>
<metadata>
<codes class="bip:countries:1.0">
  <code code="USA">
    <editdetail attribution="Reuters BIP Coding Group" action="confirmed" date="1997-05-05"/>
  </code>
</codes>
<codes class="bip:industries:1.0">
  <code code="I01001">
    <editdetail attribution="Reuters BIP Coding Group" action="confirmed" date="1997-05-05"/>
  </code>
  <code code="I0100132">
    <editdetail attribution="Reuters BIP Coding Group" action="confirmed" date="1997-05-05"/>
  </code>
</codes>
<codes class="bip:topics:1.0">
  <code code="C21">
    <editdetail attribution="Reuters BIP Coding Group" action="confirmed" date="1997-05-05"/>
  </code>
  <code code="CCAT">
    <editdetail attribution="Reuters BIP Coding Group" action="confirmed" date="1997-05-05"/>
  </code>
  <code code="M14">
    <editdetail attribution="Reuters BIP Coding Group" action="confirmed" date="1997-05-05"/>
  </code>
  <code code="M141">
    <editdetail attribution="Reuters BIP Coding Group" action="confirmed" date="1997-05-05"/>
  </code>
  <code code="MCAT">
    <editdetail attribution="Reuters BIP Coding Group" action="confirmed" date="1997-05-05"/>
  </code>
</codes>
<dc element="dc.date.created" value="1997-05-05"/>
<dc element="dc.publisher" value="Reuters Holdings Plc"/>
<dc element="dc.date.published" value="1997-05-05"/>
<dc element="dc.source" value="Reuters"/>
<dc element="dc.creator.location" value="OKLAHOMA CITY"/>
<dc element="dc.creator.location.country.name" value="USA"/>
<dc element="dc.source" value="Reuters"/>
</metadata>
</newsitem>
