<?xml version="1.0" encoding="iso-8859-1" ?>
<newsitem itemid="192907" id="root" date="1996-11-15" xml:lang="en">
<title>JAPAN: Makita - 6mth parent results.</title>
<headline>Makita - 6mth parent results.</headline>
<dateline>TOKYO 1996-11-15</dateline>
<text>
<p>Six months to September 30, 1996</p>
<p> (Parent)	(in billions of yen unless specified)</p>
<p> Sales		 50.03		vs	   53.03</p>
<p> Operating	    6.49		vs	    6.08</p>
<p> Current		6.88		vs	    5.88</p>
<p> Net		    4.00		vs	    2.91</p>
<p> EPS		   24.82 yen	  vs	   18.10 yen</p>
<p> Shares	    161 million	  vs	 161 million</p>
<p> Interim div	  9.00 yen	  vs	    9.00 yen</p>
<p>NOTE - Makita Corp is a major electric tool maker.</p>
</text>
<copyright>(c) Reuters Limited 1996</copyright>
<metadata>
<codes class="bip:countries:1.0">
  <code code="JAP">
    <editdetail attribution="Reuters BIP Coding Group" action="confirmed" date="1996-11-15"/>
  </code>
</codes>
<codes class="bip:industries:1.0">
  <code code="I32852">
    <editdetail attribution="Reuters BIP Coding Group" action="confirmed" date="1996-11-15"/>
  </code>
</codes>
<codes class="bip:topics:1.0">
  <code code="C15">
    <editdetail attribution="Reuters BIP Coding Group" action="confirmed" date="1996-11-15"/>
  </code>
  <code code="C151">
    <editdetail attribution="Reuters BIP Coding Group" action="confirmed" date="1996-11-15"/>
  </code>
  <code code="CCAT">
    <editdetail attribution="Reuters BIP Coding Group" action="confirmed" date="1996-11-15"/>
  </code>
</codes>
<dc element="dc.date.created" value="1996-11-15"/>
<dc element="dc.publisher" value="Reuters Holdings Plc"/>
<dc element="dc.date.published" value="1996-11-15"/>
<dc element="dc.source" value="Reuters"/>
<dc element="dc.creator.location" value="TOKYO"/>
<dc element="dc.creator.location.country.name" value="JAPAN"/>
<dc element="dc.source" value="Reuters"/>
</metadata>
</newsitem>
