<?xml version="1.0" encoding="iso-8859-1" ?>
<newsitem itemid="613856" id="root" date="1997-05-26" xml:lang="en">
<title>THAILAND: Thai bourse to trade at normal hours on Tuesday.</title>
<headline>Thai bourse to trade at normal hours on Tuesday.</headline>
<dateline>BANGKOK 1997-05-26</dateline>
<text>
<p>The Stock Exchange of Thailand (SET) said it will resume normal trading hours, at 1000-1230 and 1430-1630, on Tuesday after a day fraught with computer breakdowns on Monday.</p>
<p>The Thai market traded only for a combined 33 minutes on Monday as activities were repeatedly interupted by computer system failure.</p>
<p>-- Bangkok newsroom (662) 652-0642</p>
</text>
<copyright>(c) Reuters Limited 1997</copyright>
<metadata>
<codes class="bip:countries:1.0">
  <code code="THAIL">
    <editdetail attribution="Reuters BIP Coding Group" action="confirmed" date="1997-05-26"/>
  </code>
</codes>
<codes class="bip:topics:1.0">
  <code code="M11">
    <editdetail attribution="Reuters BIP Coding Group" action="confirmed" date="1997-05-26"/>
  </code>
  <code code="MCAT">
    <editdetail attribution="Reuters BIP Coding Group" action="confirmed" date="1997-05-26"/>
  </code>
</codes>
<dc element="dc.date.created" value="1997-05-26"/>
<dc element="dc.publisher" value="Reuters Holdings Plc"/>
<dc element="dc.date.published" value="1997-05-26"/>
<dc element="dc.source" value="Reuters"/>
<dc element="dc.creator.location" value="BANGKOK"/>
<dc element="dc.creator.location.country.name" value="THAILAND"/>
<dc element="dc.source" value="Reuters"/>
</metadata>
</newsitem>
