<?xml version="1.0" encoding="iso-8859-1" ?>
<newsitem itemid="778462" id="root" date="1997-08-05" xml:lang="en">
<title>POLAND: Polish Polar ups '97 net profit forecast by 30 pct.</title>
<headline>Polish Polar ups '97 net profit forecast by 30 pct.</headline>
<dateline>KRAKOW, Poland 1997-08-05</dateline>
<text>
<p>Polish white goods maker Polar SA, whose initial public offering starts later in August, said on Tuesday its 1997 net profit should be 30 percent higher than the 5.9 million zlotys forecast in its issue prospectus.</p>
<p>&quot;The 1997 sales forecast at 567 million zlotys in the issue prospectus should be exceeded by at least 30 percent. The same applies to the net profit forecast,&quot; Polar's marketing director Andrzej Krowinski said during a meeting with investors.</p>
<p>The firm is offering 5.4 million new shares later this month and the state is selling 1.9 million of the firm's 8.9 million shares in September.--Warsaw Newsroom +48 22 653 9700</p>
</text>
<copyright>(c) Reuters Limited 1997</copyright>
<metadata>
<codes class="bip:countries:1.0">
  <code code="POL">
    <editdetail attribution="Reuters BIP Coding Group" action="confirmed" date="1997-08-05"/>
  </code>
</codes>
<codes class="bip:industries:1.0">
  <code code="I34600">
    <editdetail attribution="Reuters BIP Coding Group" action="confirmed" date="1997-08-05"/>
  </code>
</codes>
<codes class="bip:topics:1.0">
  <code code="C15">
    <editdetail attribution="Reuters BIP Coding Group" action="confirmed" date="1997-08-05"/>
  </code>
  <code code="C152">
    <editdetail attribution="Reuters BIP Coding Group" action="confirmed" date="1997-08-05"/>
  </code>
  <code code="CCAT">
    <editdetail attribution="Reuters BIP Coding Group" action="confirmed" date="1997-08-05"/>
  </code>
</codes>
<dc element="dc.date.created" value="1997-08-05"/>
<dc element="dc.publisher" value="Reuters Holdings Plc"/>
<dc element="dc.date.published" value="1997-08-05"/>
<dc element="dc.source" value="Reuters"/>
<dc element="dc.creator.location" value="KRAKOW, Poland"/>
<dc element="dc.creator.location.country.name" value="POLAND"/>
<dc element="dc.source" value="Reuters"/>
</metadata>
</newsitem>
