<?xml version="1.0" encoding="iso-8859-1" ?>
<newsitem itemid="673348" id="root" date="1997-06-19" xml:lang="en">
<title>UNITED NATIONS: Castro not attending U.N. session on environment.</title>
<headline>Castro not attending U.N. session on environment.</headline>
<dateline>UNITED NATIONS 1997-06-19</dateline>
<text>
<p>Cuban President Fidel Castro will not be attending next week's special U.N. General Assembly session on the environment, a Cuban source said on Thursday.</p>
<p>Castro had been widely expected to address the session, to be attended by a large number of heads of state and government, and had been tentatively listed to speak next Tuesday.</p>
<p>But the source said this had never been officially confirmed and a decision on who would head the Cuban delegation was made only this week. Cuba will be represented by the president of its parliament, Ricardo Alarcon.</p>
<p>Alarcon, a former foreign minister, also served for some years as Cuba's U.N. representative.</p>
<p>In Havana, there had been no official word on whether Castro would go to the meeting. The Cuban government never comments in advance on Castro's travel plans.</p>
</text>
<copyright>(c) Reuters Limited 1997</copyright>
<metadata>
<codes class="bip:countries:1.0">
  <code code="CUBA">
    <editdetail attribution="Reuters BIP Coding Group" action="confirmed" date="1997-06-19"/>
  </code>
  <code code="UN">
    <editdetail attribution="Reuters BIP Coding Group" action="confirmed" date="1997-06-19"/>
  </code>
</codes>
<codes class="bip:topics:1.0">
  <code code="GCAT">
    <editdetail attribution="Reuters BIP Coding Group" action="confirmed" date="1997-06-19"/>
  </code>
  <code code="GDIP">
    <editdetail attribution="Reuters BIP Coding Group" action="confirmed" date="1997-06-19"/>
  </code>
  <code code="GENV">
    <editdetail attribution="Reuters BIP Coding Group" action="confirmed" date="1997-06-19"/>
  </code>
</codes>
<dc element="dc.date.created" value="1997-06-19"/>
<dc element="dc.publisher" value="Reuters Holdings Plc"/>
<dc element="dc.date.published" value="1997-06-19"/>
<dc element="dc.source" value="Reuters"/>
<dc element="dc.creator.location" value="UNITED NATIONS"/>
<dc element="dc.creator.location.country.name" value="UNITED NATIONS"/>
<dc element="dc.source" value="Reuters"/>
</metadata>
</newsitem>
