<?xml version="1.0" encoding="iso-8859-1" ?>
<newsitem itemid="771364" id="root" date="1997-07-31" xml:lang="en">
<title>MALAYSIA: Malaysia 1st half 97 car sales 142,193 units.</title>
<headline>Malaysia 1st half 97 car sales 142,193 units.</headline>
<dateline>KUALA LUMPUR 1997-07-31</dateline>
<text>
<p>Malaysia's passenger car sales totalled 142,193 units from January to June 1997 against 118,552 in the corresponding 1996 period, the Malaysian Motor Traders Assocation (MMTA) said on Thursday.</p>
<p>Commercial vehicle sales during the period totalled 37,798 units versus 29,485 in the comparable 1996 period.  </p>
<p>Sales of four-wheel drive commercial and passenger vehicles in the first six months totalled 12,527 units against 8,825 in the corresponding period last year.</p>
<p>In June 1997, passenger car sales totalled 24,935 units against 23,266 in the year-ago period, commercial vehicle sales were 6,979 against 6,394, and four-wheel drives 2,353 against 2,280.</p>
</text>
<copyright>(c) Reuters Limited 1997</copyright>
<metadata>
<codes class="bip:countries:1.0">
  <code code="MALAY">
    <editdetail attribution="Reuters BIP Coding Group" action="confirmed" date="1997-07-31"/>
  </code>
</codes>
<codes class="bip:industries:1.0">
  <code code="I35101">
    <editdetail attribution="Reuters BIP Coding Group" action="confirmed" date="1997-07-31"/>
  </code>
</codes>
<codes class="bip:topics:1.0">
  <code code="C31">
    <editdetail attribution="Reuters BIP Coding Group" action="confirmed" date="1997-07-31"/>
  </code>
  <code code="CCAT">
    <editdetail attribution="Reuters BIP Coding Group" action="confirmed" date="1997-07-31"/>
  </code>
</codes>
<dc element="dc.date.created" value="1997-07-31"/>
<dc element="dc.publisher" value="Reuters Holdings Plc"/>
<dc element="dc.date.published" value="1997-07-31"/>
<dc element="dc.source" value="Reuters"/>
<dc element="dc.creator.location" value="KUALA LUMPUR"/>
<dc element="dc.creator.location.country.name" value="MALAYSIA"/>
<dc element="dc.source" value="Reuters"/>
</metadata>
</newsitem>
