<?xml version="1.0" encoding="iso-8859-1" ?>
<newsitem itemid="171432" id="root" date="1996-11-06" xml:lang="en">
<title>JAPAN: Japan Apr-Sept domestic PC shipments up 39% yr/yr.</title>
<headline>Japan Apr-Sept domestic PC shipments up 39% yr/yr.</headline>
<dateline>TOKYO 1996-11-06</dateline>
<text>
<p>Shipments of PCs in Japan grew 39 percent to 3.38 million units in the April-September period, the Japan Electronic Industry Development Association (JEIDA) said on Wednesday.</p>
<p>The value of shipments during the six months totalled 824.7 billion yen, up 44 percent from a year earlier, the personal computer makers' trade group said.</p>
<p>JEIDA covers about 95 percent of the PC makers in Japan, including affiliates of foreign companies, such as IBM Japan.</p>
</text>
<copyright>(c) Reuters Limited 1996</copyright>
<metadata>
<codes class="bip:countries:1.0">
  <code code="JAP">
    <editdetail attribution="Reuters BIP Coding Group" action="confirmed" date="1996-11-06"/>
  </code>
</codes>
<codes class="bip:industries:1.0">
  <code code="I33020">
    <editdetail attribution="Reuters BIP Coding Group" action="confirmed" date="1996-11-06"/>
  </code>
  <code code="I3302003">
    <editdetail attribution="Reuters BIP Coding Group" action="confirmed" date="1996-11-06"/>
  </code>
</codes>
<codes class="bip:topics:1.0">
  <code code="C31">
    <editdetail attribution="Reuters BIP Coding Group" action="confirmed" date="1996-11-06"/>
  </code>
  <code code="C312">
    <editdetail attribution="Reuters BIP Coding Group" action="confirmed" date="1996-11-06"/>
  </code>
  <code code="CCAT">
    <editdetail attribution="Reuters BIP Coding Group" action="confirmed" date="1996-11-06"/>
  </code>
</codes>
<dc element="dc.date.created" value="1996-11-06"/>
<dc element="dc.publisher" value="Reuters Holdings Plc"/>
<dc element="dc.date.published" value="1996-11-06"/>
<dc element="dc.source" value="Reuters"/>
<dc element="dc.creator.location" value="TOKYO"/>
<dc element="dc.creator.location.country.name" value="JAPAN"/>
<dc element="dc.source" value="Reuters"/>
</metadata>
</newsitem>
