<?xml version="1.0" encoding="iso-8859-1" ?>
<newsitem itemid="426433" id="root" date="1997-03-07" xml:lang="en">
<title>VENEZUELA: Venezuela Feb car sales up 98 pct vs year ago. [CORRECTED 10:10 GMT 8/3]</title>
<headline>Venezuela Feb car sales up 98 pct vs year ago. [CORRECTED 10:10 GMT 8/3]</headline>
<dateline>CARACAS 1997-03-07</dateline>
<text>
<p>Vehicle sales in Venezuela jumped 98.3 percent in February to 7,597 compared to 3,831 (Corrects percentage change and figures) in February 1996, the Venezuelan Automobile Chamber (CAVENEZ) said Friday.</p>
<p>Vehicle sales in February were also up 14.4 percent from 6,638 units (Corrects percentage change and figures) in January, the CAVENEZ figures showed.</p>
<p>Sales for the first two months of the year, at 14,295 units, were up 108.1 percent from 6,867 (Corrects percentage change and figures) in the same period last year.</p>
<p>In February, 6,615 (87 percent) of the vehicles sold were assembled locally and 982 (13 percent) imported. In February 1996, 3,503 (91 percent) were locally assembled and 328 (nine percent) imported. (Corrects percentage change and figures).</p>
<p>General Motors Corp led the Venezuelan market with 31 percent of total sales in the first two months. Ford Motor Co followed with 23 percent, Toyota Motor Corp with 15 percent, Chrysler Corp with 10 percent, Mitsubishi Motors with nine percent and Fiat SpA with eight percent. (Corrects percentages).</p>
<p>   ((-- Caracas newsroom, 582 505 2600))</p>
</text>
<copyright>(c) Reuters Limited 1997</copyright>
<metadata>
<codes class="bip:countries:1.0">
  <code code="VEN">
    <editdetail attribution="Reuters BIP Coding Group" action="confirmed" date="1997-03-07"/>
  </code>
</codes>
<codes class="bip:industries:1.0">
  <code code="I35101">
    <editdetail attribution="Reuters BIP Coding Group" action="confirmed" date="1997-03-07"/>
  </code>
</codes>
<codes class="bip:topics:1.0">
  <code code="C31">
    <editdetail attribution="Reuters BIP Coding Group" action="confirmed" date="1997-03-07"/>
  </code>
  <code code="CCAT">
    <editdetail attribution="Reuters BIP Coding Group" action="confirmed" date="1997-03-07"/>
  </code>
</codes>
<dc element="dc.date.created" value="1997-03-07"/>
<dc element="dc.publisher" value="Reuters Holdings Plc"/>
<dc element="dc.date.published" value="1997-03-07"/>
<dc element="dc.source" value="Reuters"/>
<dc element="dc.creator.location" value="CARACAS"/>
<dc element="dc.creator.location.country.name" value="VENEZUELA"/>
<dc element="dc.source" value="Reuters"/>
</metadata>
</newsitem>
