<?xml version="1.0" encoding="iso-8859-1" ?>
<newsitem itemid="365909" id="root" date="1997-02-09" xml:lang="en">
<title>INDIA: Election results in India's Punjab state.</title>
<headline>Election results in India's Punjab state.</headline>
<dateline>NEW DELHI 1997-02-09</dateline>
<text>
<p>Following are partial results at 6.30 p.m. (1300 GMT) on Sunday for eight seats declared so far in the 117-seat state assembly of India's northern state of Punjab.</p>
<p>Punjab went to the polls on Friday and the counting of votes began on Sunday morning.  All the results are expected to be declared by late evening.</p>
<p>---------------------------------------------------------</p>
<p> Party							  Total</p>
<p>- - - - - - - - - - - - - - - - - - - - - - - - - - - - -</p>
<p> Akali Dal (Badal)					    5</p>
<p> Bharatiya Janata Party (BJP)			     2</p>
<p> Congress							 1</p>
<p> Communist Party of India				   -</p>
<p> Bahujan Samaj Party					  -</p>
<p> Others							   -</p>
<p>---------------------------------------------------------</p>
</text>
<copyright>(c) Reuters Limited 1997</copyright>
<metadata>
<codes class="bip:countries:1.0">
  <code code="INDIA">
    <editdetail attribution="Reuters BIP Coding Group" action="confirmed" date="1997-02-09"/>
  </code>
</codes>
<codes class="bip:topics:1.0">
  <code code="GCAT">
    <editdetail attribution="Reuters BIP Coding Group" action="confirmed" date="1997-02-09"/>
  </code>
  <code code="GPOL">
    <editdetail attribution="Reuters BIP Coding Group" action="confirmed" date="1997-02-09"/>
  </code>
  <code code="GVOTE">
    <editdetail attribution="Reuters BIP Coding Group" action="confirmed" date="1997-02-09"/>
  </code>
</codes>
<dc element="dc.date.created" value="1997-02-09"/>
<dc element="dc.publisher" value="Reuters Holdings Plc"/>
<dc element="dc.date.published" value="1997-02-09"/>
<dc element="dc.source" value="Reuters"/>
<dc element="dc.creator.location" value="NEW DELHI"/>
<dc element="dc.creator.location.country.name" value="INDIA"/>
<dc element="dc.source" value="Reuters"/>
</metadata>
</newsitem>
