<?xml version="1.0" encoding="iso-8859-1" ?>
<newsitem itemid="477577" id="root" date="1997-03-31" xml:lang="en">
<title>GREECE: ALPHA CREDIT BANK KEEPS PRIME RATE AT 14.75PCT.</title>
<headline>ALPHA CREDIT BANK KEEPS PRIME RATE AT 14.75PCT.</headline>
<dateline>ATHENS 1997-03-24</dateline>
<text>
<p>Greece's Alpha Credit Bank said its prime rate for working capital and fixed asset loans will be unchanged at 14.75 percent.</p>
<p>Alpha Credit, which reviews its rates weekly, said the maximum add-on would remain unchanged at 3.5 percent.</p>
<p>Its adjustable-rate mortgages remains at 15 percent. The bank launched 15-year mortgages in October 1995 with rates set at 12.0 percent for the first five years. Rates on these loans have been reduced to 11.50 percent.</p>
<p>--Dimitris Kontogiannis, Athens Newsroom +301 3311812-4</p>
</text>
<copyright>(c) Reuters Limited 1997</copyright>
<metadata>
<codes class="bip:countries:1.0">
  <code code="GREECE">
    <editdetail attribution="Reuters BIP Coding Group" action="confirmed" date="1997-03-31"/>
  </code>
</codes>
<codes class="bip:industries:1.0">
  <code code="I81402">
    <editdetail attribution="Reuters BIP Coding Group" action="confirmed" date="1997-03-31"/>
  </code>
</codes>
<codes class="bip:topics:1.0">
  <code code="C31">
    <editdetail attribution="Reuters BIP Coding Group" action="confirmed" date="1997-03-31"/>
  </code>
  <code code="CCAT">
    <editdetail attribution="Reuters BIP Coding Group" action="confirmed" date="1997-03-31"/>
  </code>
</codes>
<dc element="dc.date.created" value="1997-03-24"/>
<dc element="dc.publisher" value="Reuters Holdings Plc"/>
<dc element="dc.date.published" value="1997-03-31"/>
<dc element="dc.source" value="Reuters"/>
<dc element="dc.creator.location" value="ATHENS"/>
<dc element="dc.creator.location.country.name" value="GREECE"/>
<dc element="dc.source" value="Reuters"/>
</metadata>
</newsitem>
