<?xml version="1.0" encoding="iso-8859-1" ?>
<newsitem itemid="106872" id="root" date="1996-10-09" xml:lang="en">
<title>INDONESIA: INDONESIAN STOCKS - factors to watch - Oct 9.</title>
<headline>INDONESIAN STOCKS - factors to watch - Oct 9.</headline>
<dateline>JAKARTA 1996-10-09</dateline>
<text>
<p>Following are some of the main factors likely to affect Indonesian stocks on Wednesday:</p>
<p>** Trial of 64 people charged for offences during the July 27 Jakarta riots opens in Jakarta central court.</p>
<p>** Indonesia was likely to end up in trade war with major trading partners Japan, the United States and the European Union if Indonesia insisted on carrying out its national car policy, a noted economist said.</p>
<p>** The Dow Jones industrial average ended 13.04 points lower at 5,966.77 on Tuesday after an early rally stalled at 6,010.37 as investors took profits amid worries about corporate earnings.</p>
<p>MARKETS:</p>
<p>** The Jakarta index fell 11.53 points, or 1.97 percent, to close at 574.78 points after touching an intra-day low of 573.12 points in mid-afternoon trade on Tuesday on continued foreign selling of heavyweight stocks led by clove cigarette maker Sampoerna.</p>
<p>** On Wednesday, the Indonesian rupiah was at 2,320.25/20.60 in early trading against an opening of 2,320.50/21.50.</p>
<p>STOCKS TO WATCH</p>
<p>** Polyester and resin producer PT Indorama Synthetics on announcement that its shareholders had approved a four-for-five bonus issue, and a split in the nominal value of each share to 500 rupiah from 1,000 rupiah.</p>
<p>** Sampoerna on a recent $400-million loan which the cigarette giant said was for &quot;corporate development&quot;, but analysts said the purpose was considered vague as it lacked details.</p>
<p>** Battery producer Nipress on market talk of a possible stock split.</p>
<p>** Property firms Dharmala Intiland and Putra Surya Perkasa on reports of a possible alliance.</p>
<p>-- Jakarta newsroom + 6221 384-6364</p>
</text>
<copyright>(c) Reuters Limited 1996</copyright>
<metadata>
<codes class="bip:countries:1.0">
  <code code="INDON">
    <editdetail attribution="Reuters BIP Coding Group" action="confirmed" date="1996-10-09"/>
  </code>
</codes>
<codes class="bip:industries:1.0">
  <code code="I26000">
    <editdetail attribution="Reuters BIP Coding Group" action="confirmed" date="1996-10-09"/>
  </code>
  <code code="I42900">
    <editdetail attribution="Reuters BIP Coding Group" action="confirmed" date="1996-10-09"/>
  </code>
  <code code="I85000">
    <editdetail attribution="Reuters BIP Coding Group" action="confirmed" date="1996-10-09"/>
  </code>
</codes>
<codes class="bip:topics:1.0">
  <code code="C15">
    <editdetail attribution="Reuters BIP Coding Group" action="confirmed" date="1996-10-09"/>
  </code>
  <code code="C152">
    <editdetail attribution="Reuters BIP Coding Group" action="confirmed" date="1996-10-09"/>
  </code>
  <code code="CCAT">
    <editdetail attribution="Reuters BIP Coding Group" action="confirmed" date="1996-10-09"/>
  </code>
  <code code="M11">
    <editdetail attribution="Reuters BIP Coding Group" action="confirmed" date="1996-10-09"/>
  </code>
  <code code="MCAT">
    <editdetail attribution="Reuters BIP Coding Group" action="confirmed" date="1996-10-09"/>
  </code>
</codes>
<dc element="dc.date.created" value="1996-10-09"/>
<dc element="dc.publisher" value="Reuters Holdings Plc"/>
<dc element="dc.date.published" value="1996-10-09"/>
<dc element="dc.source" value="Reuters"/>
<dc element="dc.creator.location" value="JAKARTA"/>
<dc element="dc.creator.location.country.name" value="INDONESIA"/>
<dc element="dc.source" value="Reuters"/>
</metadata>
</newsitem>
