<?xml version="1.0" encoding="iso-8859-1" ?>
<newsitem itemid="779028" id="root" date="1997-08-05" xml:lang="en">
<title>USA: Export Business - Grain/oilseeds complex.</title>
<headline>Export Business - Grain/oilseeds complex.</headline>
<dateline>CHICAGO 1997-08-05</dateline>
<text>
<p>Grain and oilseed exports reported by USDA and private export sources.</p>
<p>SOYBEAN TENDER - Taiwan is seen tendering for 54,000 tonnes of soybeans this week as buyers scramble to cover their positions on expectations of a rally in Chicago Board of Trade soy futures, dealers said.</p>
<p>WHEAT TENDERS - The CCC said it was seeking on August 12, up  to 30,000 tonnes of U.S. No. 2 or better soft white wheat for donation to Pakistan. Shipment period was slated for August 24-September 18.  </p>
<p>WHEAT TENDERS - Morocco, which earlier postponed a tender for up to 130,000 tonnes of soft wheat, re-entered the grain market with a tender to import 90,000 tonnes, European grain traders said. Results of the tender are due on August 12.</p>
<p>- The CCC will tender on August 11 for 27,000 tonnes of U.S. hard red winter wheat for donation to Eritrea. The shipment is August 24-September 13.</p>
<p>- Jordan is tendering on August 12 for 100,000 tonnes of U.S. hard red winter wheat. One shipment of 50,000 tonnes is for October delivery and the rest for November, European traders said.  </p>
<p>WHEAT TENDERS - Iraq is in the world grain market with a tender for 50,000 tonnes of U.S. hard red winter wheat for August or September, European grain traders said.</p>
<p>- The CCC was seeking up to 6,500 tonnes of U.S. No. 2 or better hard red winter wheat for donation to Armenia and 6,500 tonnes of U.S. HRW wheat for donation to Georgia. Shipment was slated Aug 20-Sept 8. Offers are due Aug 5.</p>
<p>Armenia was also seeking about 1,000 to 1,500 tonnes of U.S. No. 2 or better HRW wheat in bulk under the PL-480, Title I export program, its U.S. export agent said. Delivery dates were set for Aug 20-Sept 8 and offers were due Aug 5.  </p>
<p>DURUM TENDER - Algeria was on Tuesday negotiating to buy 150,000 tonnes of optional-origin durum wheat for September and October, grain traders said. Most likely candidates to supply the durum include Syria and Canada, they said, noting that EU durum was out of the loop for the time being.</p>
<p>BARLEY TENDER - European grain traders said on Tuesday Morocco was tendering for 30,000 tonnes of feed barley to be delivered between August 22 and 31. The tender is for barley of optional origin, they said.  </p>
<p>WHEAT/CORN TENDER - The Cyprus Grain Commission issued tenders for a combined shipment of 14,000 of spring wheat and 8,000 tonnes of durum wheat for September shipment. It was also seeking 18,000 tonnes of corn due for September shipment.</p>
<p>RICE TENDER - Syria's General Foreign Trade Organisation for Chemicals and Foodstuffs (GEZA) on Tuesday issued an international tender to buy 12,000 tonnes of white rice for August delivery, a GEZA spokesman said.</p>
<p>He said that September 1 was set as final date to receive bids and that results would be announced on September 8.  </p>
<p>VEGOIL TENDER - El Salvador was seeking approximately 4,000 to 5,000 tonnes prime bleachable summer yellow (PBSY) cottonseed oil in bulk and about 750 to 1,240 tonnes sunflowerseed oil under the PL-480, Title 1 export program, its U.S. export agent said. Both commodities were slated for October 1-15 shipment. Offers were due on August 14.</p>
<p>- Egypt's official Holding Company for Food Industries was seeking on August 19 10,000 to 20,000 tonnes of crude sunflower and/or semi-refined cottonseed oil for delivery in the second half of September.</p>
<p>((Doris Frankel 312-983-7305))</p>
</text>
<copyright>(c) Reuters Limited 1997</copyright>
<metadata>
<codes class="bip:countries:1.0">
  <code code="USA">
    <editdetail attribution="Reuters BIP Coding Group" action="confirmed" date="1997-08-05"/>
  </code>
</codes>
<codes class="bip:topics:1.0">
  <code code="M14">
    <editdetail attribution="Reuters BIP Coding Group" action="confirmed" date="1997-08-05"/>
  </code>
  <code code="M141">
    <editdetail attribution="Reuters BIP Coding Group" action="confirmed" date="1997-08-05"/>
  </code>
  <code code="MCAT">
    <editdetail attribution="Reuters BIP Coding Group" action="confirmed" date="1997-08-05"/>
  </code>
</codes>
<dc element="dc.date.created" value="1997-08-05"/>
<dc element="dc.publisher" value="Reuters Holdings Plc"/>
<dc element="dc.date.published" value="1997-08-05"/>
<dc element="dc.source" value="Reuters"/>
<dc element="dc.creator.location" value="CHICAGO"/>
<dc element="dc.creator.location.country.name" value="USA"/>
<dc element="dc.source" value="Reuters"/>
</metadata>
</newsitem>
