<?xml version="1.0" encoding="iso-8859-1" ?>
<newsitem itemid="4663" id="root" date="1996-08-20" xml:lang="en">
<title>JAPAN: Norita Kogaku -6mth parent results.</title>
<headline>Norita Kogaku -6mth parent results.</headline>
<dateline>TOKYO 1996-08-20</dateline>
<text>
<p>Six months to June 30, 1996</p>
<p> (Parent)	(in billions of yen unless specified)</p>
<p> Sales		  2.09		vs	    1.54</p>
<p> Operating	   48    million    vs	   24    million</p>
<p> Current	   prft 26 million    vs    loss 14    million</p>
<p> Net		  prft 3 million    vs    loss 15    million</p>
<p> EPS	     prft 0.38 yen	  vs     loss 1.75 yen</p>
<p> Shares		9 million	  vs	   9 million</p>
<p> Interim div	   nil		vs	     nil</p>
<p>NOTE - Norita Kogaku KK is a specialist maker of lenses.</p>
</text>
<copyright>(c) Reuters Limited 1996</copyright>
<metadata>
<codes class="bip:countries:1.0">
  <code code="JAP">
    <editdetail attribution="Reuters BIP Coding Group" action="confirmed" date="1996-08-20"/>
  </code>
</codes>
<codes class="bip:industries:1.0">
  <code code="I37300">
    <editdetail attribution="Reuters BIP Coding Group" action="confirmed" date="1996-08-20"/>
  </code>
</codes>
<codes class="bip:topics:1.0">
  <code code="C15">
    <editdetail attribution="Reuters BIP Coding Group" action="confirmed" date="1996-08-20"/>
  </code>
  <code code="C151">
    <editdetail attribution="Reuters BIP Coding Group" action="confirmed" date="1996-08-20"/>
  </code>
  <code code="CCAT">
    <editdetail attribution="Reuters BIP Coding Group" action="confirmed" date="1996-08-20"/>
  </code>
</codes>
<dc element="dc.date.created" value="1996-08-20"/>
<dc element="dc.publisher" value="Reuters Holdings Plc"/>
<dc element="dc.date.published" value="1996-08-20"/>
<dc element="dc.source" value="Reuters"/>
<dc element="dc.creator.location" value="TOKYO"/>
<dc element="dc.creator.location.country.name" value="JAPAN"/>
<dc element="dc.source" value="Reuters"/>
</metadata>
</newsitem>
