<?xml version="1.0" encoding="iso-8859-1" ?>
<newsitem itemid="122760" id="root" date="1996-10-17" xml:lang="en">
<title>USA: Tokheim names Douglas Pinner chairman.</title>
<headline>Tokheim names Douglas Pinner chairman.</headline>
<dateline>FORT WAYNE, Ind. 1996-10-17</dateline>
<text>
<p>Tokheim Corp said Thursday it named Douglas Pinner as chairman of its board of directors.</p>
<p>Pinner also serves as chief executive officer and president of the company. He replaces Gerald Frieling as chairman, who has been named to the newly created position of vice chairman.</p>
<p>--Chicago newsdesk, 312-408-8787</p>
</text>
<copyright>(c) Reuters Limited 1996</copyright>
<metadata>
<codes class="bip:countries:1.0">
  <code code="USA">
    <editdetail attribution="Reuters BIP Coding Group" action="confirmed" date="1996-10-17"/>
  </code>
</codes>
<codes class="bip:industries:1.0">
  <code code="I32000">
    <editdetail attribution="Reuters BIP Coding Group" action="confirmed" date="1996-10-17"/>
  </code>
</codes>
<codes class="bip:topics:1.0">
  <code code="C41">
    <editdetail attribution="Reuters BIP Coding Group" action="confirmed" date="1996-10-17"/>
  </code>
  <code code="C411">
    <editdetail attribution="Reuters BIP Coding Group" action="confirmed" date="1996-10-17"/>
  </code>
  <code code="CCAT">
    <editdetail attribution="Reuters BIP Coding Group" action="confirmed" date="1996-10-17"/>
  </code>
</codes>
<dc element="dc.date.created" value="1996-10-17"/>
<dc element="dc.publisher" value="Reuters Holdings Plc"/>
<dc element="dc.date.published" value="1996-10-17"/>
<dc element="dc.source" value="Reuters"/>
<dc element="dc.creator.location" value="FORT WAYNE, Ind."/>
<dc element="dc.creator.location.country.name" value="USA"/>
<dc element="dc.source" value="Reuters"/>
</metadata>
</newsitem>
