<?xml version="1.0" encoding="iso-8859-1" ?>
<newsitem itemid="710815" id="root" date="1997-07-07" xml:lang="en">
<title>SPAIN: NATO-Russia council to hold first session July 17.</title>
<headline>NATO-Russia council to hold first session July 17.</headline>
<dateline>MADRID 1997-07-07</dateline>
<text>
<p>NATO and Russia will hold the first meeting of their joint council, created by a Founding Act signed in May, at ambassadorial level in Brussels on July 17, a senior NATO official announced on Monday.</p>
<p>He said the meeting would adopt procedures for the new body, due to discuss a wide range of European security issues, and prepare for a first ministerial meeting to be held in New York during the United Nations general assembly session in September.</p>
<p>The announcement was made on the eve of a NATO (North Atlantic Treaty Organisation) summit due to invite the first former communist east European countries to join the Western alliance, a move bitterly opposed by Moscow.</p>
<p>The Founding Act, designed to lessen the Kremlin's hostility to NATO expansion, established a framework for confidence- building measures, including exchanges of military personnel, joint exercises and regular consultations on security matters.</p>
<p>The NATO official said Russian Foreign Minister Yevgeny Primakov had written to NATO Secretary-General Javier Solana, suggesting that the new council should hold its inaugural session before the summer holidays.</p>
</text>
<copyright>(c) Reuters Limited 1997</copyright>
<metadata>
<codes class="bip:countries:1.0">
  <code code="BELG">
    <editdetail attribution="Reuters BIP Coding Group" action="confirmed" date="1997-07-07"/>
  </code>
  <code code="NATO">
    <editdetail attribution="Reuters BIP Coding Group" action="confirmed" date="1997-07-07"/>
  </code>
  <code code="RUSS">
    <editdetail attribution="Reuters BIP Coding Group" action="confirmed" date="1997-07-07"/>
  </code>
  <code code="SPAIN">
    <editdetail attribution="Reuters BIP Coding Group" action="confirmed" date="1997-07-07"/>
  </code>
  <code code="UN">
    <editdetail attribution="Reuters BIP Coding Group" action="confirmed" date="1997-07-07"/>
  </code>
  <code code="USA">
    <editdetail attribution="Reuters BIP Coding Group" action="confirmed" date="1997-07-07"/>
  </code>
</codes>
<codes class="bip:topics:1.0">
  <code code="GCAT">
    <editdetail attribution="Reuters BIP Coding Group" action="confirmed" date="1997-07-07"/>
  </code>
  <code code="GDEF">
    <editdetail attribution="Reuters BIP Coding Group" action="confirmed" date="1997-07-07"/>
  </code>
  <code code="GDIP">
    <editdetail attribution="Reuters BIP Coding Group" action="confirmed" date="1997-07-07"/>
  </code>
</codes>
<dc element="dc.date.created" value="1997-07-07"/>
<dc element="dc.publisher" value="Reuters Holdings Plc"/>
<dc element="dc.date.published" value="1997-07-07"/>
<dc element="dc.source" value="Reuters"/>
<dc element="dc.creator.location" value="MADRID"/>
<dc element="dc.creator.location.country.name" value="SPAIN"/>
<dc element="dc.source" value="Reuters"/>
</metadata>
</newsitem>
