<?xml version="1.0" encoding="iso-8859-1" ?>
<newsitem itemid="696237" id="root" date="1997-06-30" xml:lang="en">
<title>USA: BALANCE -- Bergen County, N.J., at $3.3 mln.</title>
<headline>BALANCE -- Bergen County, N.J., at $3.3 mln.</headline>
<text>
<p>COUNTY OF BERGEN, NEW JERSEY</p>
<p>RE: $25,149,000</p>
<p>GENERAL OBLIGATION BONDS OF 1997</p>
<p>					   22,608,000.00</p>
<p>				   GENERAL IMPROVEMENT BONDS</p>
<p>    MOODY'S: Aaa		   S&amp;P: NA</p>
<p>Delivery Date: 07/15/1997</p>
<p>Maturity	   Balance     Coupon    List</p>
<p>07/15/2000A	    635M    4.50	  4.10</p>
<p>07/15/2002A	    220M    4.60	  4.30</p>
<p>07/15/2004A	  1,290M    4.625	 4.55</p>
<p>07/15/2007A	    100M    4.625	 4.75</p>
<p>CALL FEATURES: NON-CALLABLE</p>
<p>  Total:	     2,245M</p>
<p>					    2,000,000.00</p>
<p>					   COLLEGE BONDS</p>
<p>    MOODY'S: Aaa		   S&amp;P: NA</p>
<p>Delivery Date: 07/15/1997</p>
<p>Maturity	   Balance     Coupon    List</p>
<p>07/15/2001B	    400M    4.50	  4.20</p>
<p>07/15/2002B	    400M    4.60	  4.30</p>
<p>CALL FEATURES: NON-CALLABLE</p>
<p>  Total:		 800M</p>
<p>					     541,000.00</p>
<p>					    SCHOOL BONDS</p>
<p>    MOODY'S: Aaa		   S&amp;P: NA</p>
<p>Delivery Date: 07/15/1997</p>
<p>Maturity	   Balance     Coupon    List</p>
<p>07/15/2000C	     10M    4.50	  4.10</p>
<p>07/15/2001C	    105M    4.50	  4.20</p>
<p>07/15/2002C	    121M    4.60	  4.30</p>
<p>CALL FEATURES: NON-CALLABLE</p>
<p>  Total:		 236M</p>
<p>Grand Total: 3,281M</p>
<p>PaineWebber Incorporated</p>
<p>Smith Barney Inc.</p>
<p>Morgan Stanley Dean Witter</p>
<p>Fleet Securities</p>
<p>First Albany Corporation</p>
<p>Raymond, James &amp; Associates, Inc.</p>
<p>PNC Capital Markets, Inc.</p>
<p>Interstate/Johnson Lane Corporation</p>
<p>--U.S. Municipal Desk, 212-859-1650</p>
</text>
<copyright>(c) Reuters Limited 1997</copyright>
<metadata>
<codes class="bip:countries:1.0">
  <code code="USA">
    <editdetail attribution="Reuters BIP Coding Group" action="confirmed" date="1997-06-30"/>
  </code>
</codes>
<codes class="bip:topics:1.0">
  <code code="E21">
    <editdetail attribution="Reuters BIP Coding Group" action="confirmed" date="1997-06-30"/>
  </code>
  <code code="E212">
    <editdetail attribution="Reuters BIP Coding Group" action="confirmed" date="1997-06-30"/>
  </code>
  <code code="ECAT">
    <editdetail attribution="Reuters BIP Coding Group" action="confirmed" date="1997-06-30"/>
  </code>
</codes>
<dc element="dc.publisher" value="Reuters Holdings Plc"/>
<dc element="dc.date.published" value="1997-06-30"/>
<dc element="dc.source" value="Reuters"/>
<dc element="dc.creator.location.country.name" value="USA"/>
<dc element="dc.source" value="Reuters"/>
</metadata>
</newsitem>
