<?xml version="1.0" encoding="iso-8859-1" ?>
<newsitem itemid="603378" id="root" date="1997-05-21" xml:lang="en">
<title>JAPAN: Kita-Nippon Bank -96/97 parent results.</title>
<headline>Kita-Nippon Bank -96/97 parent results.</headline>
<dateline>TOKYO 1997-05-21</dateline>
<text>
<p>Year to March 31, 1997</p>
<p> (Parent)	(in billions of yen unless specified)</p>
<p> Revenues	    38.62		vs	   42.44</p>
<p> Operating	    8.49		vs	    7.61</p>
<p> Current		4.62		vs	    3.68</p>
<p> Net		    2.03		vs	  568    mln</p>
<p> EPS		  294.03 yen	  vs	   94.80 yen</p>
<p> Diluted EPS	     -		vs		 -   </p>
<p> Shares		8 million	  vs	   6 million</p>
<p> Ord div	     50.00 yen	  vs	   50.00 yen</p>
<p>NOTE - Kita-Nippon Bank Ltd is a regional bank with its main base in the Tohoku area.</p>
</text>
<copyright>(c) Reuters Limited 1997</copyright>
<metadata>
<codes class="bip:countries:1.0">
  <code code="JAP">
    <editdetail attribution="Reuters BIP Coding Group" action="confirmed" date="1997-05-21"/>
  </code>
</codes>
<codes class="bip:industries:1.0">
  <code code="I81402">
    <editdetail attribution="Reuters BIP Coding Group" action="confirmed" date="1997-05-21"/>
  </code>
</codes>
<codes class="bip:topics:1.0">
  <code code="C15">
    <editdetail attribution="Reuters BIP Coding Group" action="confirmed" date="1997-05-21"/>
  </code>
  <code code="C151">
    <editdetail attribution="Reuters BIP Coding Group" action="confirmed" date="1997-05-21"/>
  </code>
  <code code="C1511">
    <editdetail attribution="Reuters BIP Coding Group" action="confirmed" date="1997-05-21"/>
  </code>
  <code code="CCAT">
    <editdetail attribution="Reuters BIP Coding Group" action="confirmed" date="1997-05-21"/>
  </code>
</codes>
<dc element="dc.date.created" value="1997-05-21"/>
<dc element="dc.publisher" value="Reuters Holdings Plc"/>
<dc element="dc.date.published" value="1997-05-21"/>
<dc element="dc.source" value="Reuters"/>
<dc element="dc.creator.location" value="TOKYO"/>
<dc element="dc.creator.location.country.name" value="JAPAN"/>
<dc element="dc.source" value="Reuters"/>
</metadata>
</newsitem>
