<?xml version="1.0" encoding="iso-8859-1" ?>
<newsitem itemid="455224" id="root" date="1997-03-20" xml:lang="en">
<title>USA: Sync Research sees Q1 loss of $6 mln.</title>
<headline>Sync Research sees Q1 loss of $6 mln.</headline>
<dateline>IRVINE, Calif. 1997-03-20</dateline>
<text>
<p>Sync Research Inc said Thursday it expects to report a net loss of about $6.0 million, including restructuring charges, for its first fiscal quarter, ending March 31.</p>
<p>The company said in a statement it expects revenues for the quarter will be about $5.6 million.</p>
<p>The company said operating results would be below analysts' expectations. Analysts had expected the company would post a loss of $0.11 a share for its first quarter, according to First Call.</p>
<p>Sync also said it will make significant expense reductions over the next two weeks aimed at allowing it to achieve profitability at lower revenues.</p>
<p>&quot;We encountered several issues which had a negative impact on our numbers and are in the process of developing a response,&quot; said president Roger Dorf. &quot;We are confident that over the long term we can successfully address the growth in this market place.&quot;</p>
<p>The company said that, despite the weak results it is seeing an expansion of the customer prospects who are actively considering the purchase of Sync products.</p>
</text>
<copyright>(c) Reuters Limited 1997</copyright>
<metadata>
<codes class="bip:countries:1.0">
  <code code="USA">
    <editdetail attribution="Reuters BIP Coding Group" action="confirmed" date="1997-03-20"/>
  </code>
</codes>
<codes class="bip:industries:1.0">
  <code code="I33020">
    <editdetail attribution="Reuters BIP Coding Group" action="confirmed" date="1997-03-20"/>
  </code>
</codes>
<codes class="bip:topics:1.0">
  <code code="C15">
    <editdetail attribution="Reuters BIP Coding Group" action="confirmed" date="1997-03-20"/>
  </code>
  <code code="C152">
    <editdetail attribution="Reuters BIP Coding Group" action="confirmed" date="1997-03-20"/>
  </code>
  <code code="CCAT">
    <editdetail attribution="Reuters BIP Coding Group" action="confirmed" date="1997-03-20"/>
  </code>
</codes>
<dc element="dc.date.created" value="1997-03-20"/>
<dc element="dc.publisher" value="Reuters Holdings Plc"/>
<dc element="dc.date.published" value="1997-03-20"/>
<dc element="dc.source" value="Reuters"/>
<dc element="dc.creator.location" value="IRVINE, Calif."/>
<dc element="dc.creator.location.country.name" value="USA"/>
<dc element="dc.source" value="Reuters"/>
</metadata>
</newsitem>
