<?xml version="1.0" encoding="iso-8859-1" ?>
<newsitem itemid="670261" id="root" date="1997-06-18" xml:lang="en">
<title>HONG KONG: Earthquake detected in Alaska - HK.</title>
<headline>Earthquake detected in Alaska - HK.</headline>
<dateline>HONG KONG 1997-06-18</dateline>
<text>
<p>A strong earthquake estimated at 6.6 on the Richter scale was detected in Alaska, the Hong Kong Royal Observatory said on Wednesday.</p>
<p>The epicentre of the quake, recorded at 5.14 a.m. (2114 GMT Tuesday), was initially determined to be near the Aleutian Islands, about 365 km (227 miles) southwest of Atka, Andreanof Island at 51.3 N 179.3 W.</p>
<p>No further information was immediately available.</p>
</text>
<copyright>(c) Reuters Limited 1997</copyright>
<metadata>
<codes class="bip:countries:1.0">
  <code code="HKONG">
    <editdetail attribution="Reuters BIP Coding Group" action="confirmed" date="1997-06-18"/>
  </code>
  <code code="USA">
    <editdetail attribution="Reuters BIP Coding Group" action="confirmed" date="1997-06-18"/>
  </code>
</codes>
<codes class="bip:topics:1.0">
  <code code="GCAT">
    <editdetail attribution="Reuters BIP Coding Group" action="confirmed" date="1997-06-18"/>
  </code>
  <code code="GDIS">
    <editdetail attribution="Reuters BIP Coding Group" action="confirmed" date="1997-06-18"/>
  </code>
  <code code="GENV">
    <editdetail attribution="Reuters BIP Coding Group" action="confirmed" date="1997-06-18"/>
  </code>
</codes>
<dc element="dc.date.created" value="1997-06-18"/>
<dc element="dc.publisher" value="Reuters Holdings Plc"/>
<dc element="dc.date.published" value="1997-06-18"/>
<dc element="dc.source" value="Reuters"/>
<dc element="dc.creator.location" value="HONG KONG"/>
<dc element="dc.creator.location.country.name" value="HONG KONG"/>
<dc element="dc.source" value="Reuters"/>
</metadata>
</newsitem>
