<?xml version="1.0" encoding="iso-8859-1" ?>
<newsitem itemid="659220" id="root" date="1997-06-13" xml:lang="en">
<title>BRAZIL: Rio de Janeiro Coffee Center Bulletin - June 13.</title>
<headline>Rio de Janeiro Coffee Center Bulletin - June 13.</headline>
<dateline>RIO DE JANEIRO 1997-06-13</dateline>
<text>
<p>The following are price</p>
<p>quotations and export information contained within the Rio de Janeiro</p>
<p>Coffee Center Bulletin for Friday 13 June:</p>
<p>PRICES - $ PER 60-KG BAG, INLAND WAREHOUSE</p>
<p> TYPE		    TODAY	PREV DAY*   MOVING WEEKLY AVGE</p>
<p> Type 8 cob	   174.91	 175.37	 178.40</p>
<p> Type 6 BC duro     217.22	 205.22	 214.09</p>
<p> Type 6 BC fino     223.88	 217.35	 226.80</p>
<p>Group II</p>
<p> Type 8		 125.93	 124.07	 127.33</p>
<p> Type 7		 149.25	 151.12	 153.80</p>
<p> Type 6 15 above    174.01	 172.57	 174.91</p>
<p>Conillon</p>
<p> Type 7/8	     100.28	  97.95	 100.75</p>
<p>*adjusted if any change in dollar/reais exchange rate</p>
<p> DIFFERENTIALS (cents/lb)   BUYER   SELLER	BUYER   SELLER</p>
<p> Group I			    July/August	  Sept/ Oct/Nov</p>
<p> Type 2/3 17/18 duro	 -22.50  -15.00	-10.00   -7.50</p>
<p> Type 4 GTLB Riado	   -31.00  -23.50	-18.50  -17.00</p>
<p> Type 4 MTGB Riado	   -36.00  -30.00	-23.00  -21.50</p>
<p>Group II (outright price, $ per 50-kg)</p>
<p> Type 2/3 17/18		148.50   152.50     143.00   150.50</p>
<p> Type 4 Good Bean	    142.00   146.00     140.00   144.00</p>
<p> Type 5/6 MTGB		 133.50   138.00     131.50   136.00</p>
<p>Conillon (cents/lb)</p>
<p> Type 4/5 14 above	    -8.00    -6.50	-7.50    -6.00</p>
<p>JUNE EXPORTS, CERTIFICATES OF ORIGIN to 11/06/97 (60-kg bags)</p>
<p>     Day	   Accumulated	To same period prev month</p>
<p> TOTAL   57,427	    372,023		537,621</p>
<p>JUNE EXPORTS, BILLS OF LADING to 11/06/97 (60-kg bags)</p>
<p>     Day	   Accumulated	To same period prev month</p>
<p> TOTAL   10,664	    137,579		342,087</p>
<p>((-Caroline Bulloch, Rio de Janeiro newsroom, 5521 5074151))</p>
</text>
<copyright>(c) Reuters Limited 1997</copyright>
<metadata>
<codes class="bip:countries:1.0">
  <code code="BRAZ">
    <editdetail attribution="Reuters BIP Coding Group" action="confirmed" date="1997-06-13"/>
  </code>
</codes>
<codes class="bip:topics:1.0">
  <code code="M14">
    <editdetail attribution="Reuters BIP Coding Group" action="confirmed" date="1997-06-13"/>
  </code>
  <code code="M141">
    <editdetail attribution="Reuters BIP Coding Group" action="confirmed" date="1997-06-13"/>
  </code>
  <code code="MCAT">
    <editdetail attribution="Reuters BIP Coding Group" action="confirmed" date="1997-06-13"/>
  </code>
</codes>
<dc element="dc.date.created" value="1997-06-13"/>
<dc element="dc.publisher" value="Reuters Holdings Plc"/>
<dc element="dc.date.published" value="1997-06-13"/>
<dc element="dc.source" value="Reuters"/>
<dc element="dc.creator.location" value="RIO DE JANEIRO"/>
<dc element="dc.creator.location.country.name" value="BRAZIL"/>
<dc element="dc.source" value="Reuters"/>
</metadata>
</newsitem>
