<?xml version="1.0" encoding="iso-8859-1" ?>
<newsitem itemid="54755" id="root" date="1996-09-15" xml:lang="en">
<title>GERMANY: Bonn hails flawed Bosnia polls as important step.</title>
<headline>Bonn hails flawed Bosnia polls as important step.</headline>
<dateline>BONN 1996-09-15</dateline>
<text>
<p>German Foreign Minister Klaus Kinkel hailed Bosnia's first post-war elections, saying on Sunday they may have been flawed but they constituted an important step on the path to democracy.</p>
<p>Kinkel said in a statement he hoped Saturday's elections marked the beginning of political normality. A few irregularities were to be expected but this did not detract from the polls' significance, he added.</p>
<p>&quot;A further important step towards the implementation of the Dayton peace agreement has been achieved. This is an essential step on the path to democracy so that the ethnic groups can live together in this long-suffering country,&quot; the statement said.</p>
<p>Almost three million electors were eligible to vote for the collective Bosnian national presidency and parliament, a president and national assembly for the Serb republic and an assembly and cantonal administrations for the federation.</p>
<p>Kinkel called for a date to be set by the end of the year for local elections in Bosnia, which have been postponed.</p>
</text>
<copyright>(c) Reuters Limited 1996</copyright>
<metadata>
<codes class="bip:countries:1.0">
  <code code="BSHZG">
    <editdetail attribution="Reuters BIP Coding Group" action="confirmed" date="1996-09-15"/>
  </code>
  <code code="GFR">
    <editdetail attribution="Reuters BIP Coding Group" action="confirmed" date="1996-09-15"/>
  </code>
</codes>
<codes class="bip:topics:1.0">
  <code code="GCAT">
    <editdetail attribution="Reuters BIP Coding Group" action="confirmed" date="1996-09-15"/>
  </code>
  <code code="GDIP">
    <editdetail attribution="Reuters BIP Coding Group" action="confirmed" date="1996-09-15"/>
  </code>
  <code code="GPOL">
    <editdetail attribution="Reuters BIP Coding Group" action="confirmed" date="1996-09-15"/>
  </code>
  <code code="GVOTE">
    <editdetail attribution="Reuters BIP Coding Group" action="confirmed" date="1996-09-15"/>
  </code>
</codes>
<dc element="dc.date.created" value="1996-09-15"/>
<dc element="dc.publisher" value="Reuters Holdings Plc"/>
<dc element="dc.date.published" value="1996-09-15"/>
<dc element="dc.source" value="Reuters"/>
<dc element="dc.creator.location" value="BONN"/>
<dc element="dc.creator.location.country.name" value="GERMANY"/>
<dc element="dc.source" value="Reuters"/>
</metadata>
</newsitem>
