<?xml version="1.0" encoding="iso-8859-1" ?>
<newsitem itemid="285296" id="root" date="1997-01-03" xml:lang="en">
<title>VENEZUELA: Venezuelan bolivar ends flat at 476/476.75 dlr.</title>
<headline>Venezuelan bolivar ends flat at 476/476.75 dlr.</headline>
<dateline>CARACAS 1997-01-03</dateline>
<text>
<p>The Venezuelan bolivar closed flat at 476.00/476.75 bolivars per dollar in light dealing with the spread between offer and demand narrowing slightly, brokers said.</p>
<p>&quot;The market was quiet, same as in recent days, with some modest Central Bank presence,&quot; one trader said.</p>
<p>Most brokers expect the parity not to fluctuate significantly until January 15, when the market wakes up with the return of major corporate trading.</p>
<p>((-- Caracas newsroom, 582 505 2600))</p>
</text>
<copyright>(c) Reuters Limited 1997</copyright>
<metadata>
<codes class="bip:countries:1.0">
  <code code="VEN">
    <editdetail attribution="Reuters BIP Coding Group" action="confirmed" date="1997-01-03"/>
  </code>
</codes>
<codes class="bip:topics:1.0">
  <code code="M13">
    <editdetail attribution="Reuters BIP Coding Group" action="confirmed" date="1997-01-03"/>
  </code>
  <code code="M132">
    <editdetail attribution="Reuters BIP Coding Group" action="confirmed" date="1997-01-03"/>
  </code>
  <code code="MCAT">
    <editdetail attribution="Reuters BIP Coding Group" action="confirmed" date="1997-01-03"/>
  </code>
</codes>
<dc element="dc.date.created" value="1997-01-03"/>
<dc element="dc.publisher" value="Reuters Holdings Plc"/>
<dc element="dc.date.published" value="1997-01-03"/>
<dc element="dc.source" value="Reuters"/>
<dc element="dc.creator.location" value="CARACAS"/>
<dc element="dc.creator.location.country.name" value="VENEZUELA"/>
<dc element="dc.source" value="Reuters"/>
</metadata>
</newsitem>
