<?xml version="1.0" encoding="iso-8859-1" ?>
<newsitem itemid="572792" id="root" date="1997-05-09" xml:lang="en">
<title>USA: IPO PRICING - 2Connect units price at $12.50.</title>
<headline>IPO PRICING - 2Connect units price at $12.50.</headline>
<dateline>NEW YORK 1997-05-09</dateline>
<text>
<p>Company Name	     2Connect Express Inc</p>
<p>   Priced At				    $12.50</p>
<p>   Number of Units			   520,000</p>
<p>   Lead Underwriter     Stern Agee &amp; Leach Inc</p>
<p>NOTE: The proposed number of units was lowered for the planned initial public offering in 2Connect Express Inc but the target price was raised.</p>
<p>The proposed number of units was lowered to 520,000 units each consisting of two common shares and one warrant from 700,000 units each consisting of three common shares and one warrant.  Previously 850,000 units were on offer. Originally, the company proposed one million shares under its original lead underwriter Sovereign Equity Management.</p>
<p>The estimated target price was raised to $12.50 per unit from $9.25 previously. Originally, an estimated price range of $6 to $8 per share was proposed under lead underwriter Sovereign Equity Management.</p>
<p>Units will trade under the symbol.</p>
</text>
<copyright>(c) Reuters Limited 1997</copyright>
<metadata>
<codes class="bip:countries:1.0">
  <code code="USA">
    <editdetail attribution="Reuters BIP Coding Group" action="confirmed" date="1997-05-09"/>
  </code>
</codes>
<codes class="bip:topics:1.0">
  <code code="C14">
    <editdetail attribution="Reuters BIP Coding Group" action="confirmed" date="1997-05-09"/>
  </code>
  <code code="C17">
    <editdetail attribution="Reuters BIP Coding Group" action="confirmed" date="1997-05-09"/>
  </code>
  <code code="C171">
    <editdetail attribution="Reuters BIP Coding Group" action="confirmed" date="1997-05-09"/>
  </code>
  <code code="CCAT">
    <editdetail attribution="Reuters BIP Coding Group" action="confirmed" date="1997-05-09"/>
  </code>
</codes>
<dc element="dc.date.created" value="1997-05-09"/>
<dc element="dc.publisher" value="Reuters Holdings Plc"/>
<dc element="dc.date.published" value="1997-05-09"/>
<dc element="dc.source" value="Reuters"/>
<dc element="dc.creator.location" value="NEW YORK"/>
<dc element="dc.creator.location.country.name" value="USA"/>
<dc element="dc.source" value="Reuters"/>
</metadata>
</newsitem>
