<?xml version="1.0" encoding="iso-8859-1" ?>
<newsitem itemid="101516" id="root" date="1996-10-08" xml:lang="en">
<title>CANADA: Bank of Canada 91-day T-bill yields avg 3.465 pct.</title>
<headline>Bank of Canada 91-day T-bill yields avg 3.465 pct.</headline>
<dateline>OTTAWA 1996-10-08</dateline>
<text>
<p>The Bank of Canada said the average yield at this week's auction of C$2.9 billion of 91-day Government of Canada treasury bills due January 9 was 3.465 percent, down from 3.706 percent last week.</p>
<p>The average yield on C$1.6 billion of 182-day T-bills due April 10, 1997 was 3.706 percent, down from 4.085 percent last week, and on C$1.0 billion of 357-day T-bills due October 2, 1997 was 3.996 percent, down from 4.408 percent.</p>
<p>The Bank bought C$800 million three-month, C$175 million six-month and C$100 million one-year bills. It holds C$1.15 billion of C$6.9 billion of bills due Oct 17.</p>
<p> AVG  3.465  99.14352  PCT AT * AVG  3.706  98.18561  PCT AT</p>
<p> LO   3.462  99.14426  HI YLD * LO   3.700  98.18849  HI YLD</p>
<p> HI   3.468  99.14279  96.666 * HI   3.715  98.18128  38.834</p>
<p> 1-YR 1.00 BLN DUE 10/02/97   *----NEXT WEEK-----------------</p>
<p> AVG  3.996  96.23859  PCT AT *   3-MO DUE 01/16/97 2.90 BLN</p>
<p> LO   3.990  96.24403  HI YLD *   6-MO DUE 04/10/97 1.30 BLN</p>
<p> HI   4.003  96.23225  35.362 *   1-YR DUE 10/16/97 1.20 BLN</p>
<p> AMT MAT 10/17/96 -- 6.90 BLN *		TOTAL -  5.40 BLN</p>
<p>-- Reuters Toronto bureau 416 941-8100</p>
</text>
<copyright>(c) Reuters Limited 1996</copyright>
<metadata>
<codes class="bip:countries:1.0">
  <code code="CANA">
    <editdetail attribution="Reuters BIP Coding Group" action="confirmed" date="1996-10-08"/>
  </code>
</codes>
<codes class="bip:topics:1.0">
  <code code="M13">
    <editdetail attribution="Reuters BIP Coding Group" action="confirmed" date="1996-10-08"/>
  </code>
  <code code="M131">
    <editdetail attribution="Reuters BIP Coding Group" action="confirmed" date="1996-10-08"/>
  </code>
  <code code="MCAT">
    <editdetail attribution="Reuters BIP Coding Group" action="confirmed" date="1996-10-08"/>
  </code>
</codes>
<dc element="dc.date.created" value="1996-10-08"/>
<dc element="dc.publisher" value="Reuters Holdings Plc"/>
<dc element="dc.date.published" value="1996-10-08"/>
<dc element="dc.source" value="Reuters"/>
<dc element="dc.creator.location" value="OTTAWA"/>
<dc element="dc.creator.location.country.name" value="CANADA"/>
<dc element="dc.source" value="Reuters"/>
</metadata>
</newsitem>
