<?xml version="1.0" encoding="iso-8859-1" ?>
<newsitem itemid="245670" id="root" date="1996-12-10" xml:lang="en">
<title>BULGARIA: BULGARIA 1996 INFLATION SEEN AROUND 288 PERCENT.</title>
<headline>BULGARIA 1996 INFLATION SEEN AROUND 288 PERCENT.</headline>
<dateline>SOFIA 1996-12-10</dateline>
<text>
<p>Bulgaria's monthly consumer price inflation for December is expected to accelerate to around 20 percent, a National Statistics Institute official said, giving cumulative annual inflation of about 288 percent.</p>
<p>The official, who declined to be named, told Reuters the monthly increase from 9.7 percent in November was due to rising energy prices.</p>
<p>&quot;The sharp fall of the lev against the dollar in November and December boosts the prices of fuels, electricity and imported goods,&quot; the official said.</p>
<p>If monthly inflation for December hits 25 percent, cumulative annual inflation will reach 304.5 percent.</p>
<p>The institute said on Tuesday cumulative inflation for the first 11 months was 223.6 percent.</p>
<p>The lev fell to around 365 per dollar on November 29 from 245 at the beginning of the month. It traded around 530 on Tuesday.</p>
<p>The government raised petrol prices again on Monday by an average of 21 percent and diesel fuel prices by 26 percent, after increases of an average 10 percent and nine percent respectively on November 28.</p>
<p>Fuel prices have risen by some 420 percent from January through November while electricity prices have increased 411 percent during the same period.</p>
<p>-- Sofia newsroom +359 2 84561</p>
</text>
<copyright>(c) Reuters Limited 1996</copyright>
<metadata>
<codes class="bip:countries:1.0">
  <code code="BUL">
    <editdetail attribution="Reuters BIP Coding Group" action="confirmed" date="1996-12-10"/>
  </code>
</codes>
<codes class="bip:topics:1.0">
  <code code="E13">
    <editdetail attribution="Reuters BIP Coding Group" action="confirmed" date="1996-12-10"/>
  </code>
  <code code="E131">
    <editdetail attribution="Reuters BIP Coding Group" action="confirmed" date="1996-12-10"/>
  </code>
  <code code="ECAT">
    <editdetail attribution="Reuters BIP Coding Group" action="confirmed" date="1996-12-10"/>
  </code>
</codes>
<dc element="dc.date.created" value="1996-12-10"/>
<dc element="dc.publisher" value="Reuters Holdings Plc"/>
<dc element="dc.date.published" value="1996-12-10"/>
<dc element="dc.source" value="Reuters"/>
<dc element="dc.creator.location" value="SOFIA"/>
<dc element="dc.creator.location.country.name" value="BULGARIA"/>
<dc element="dc.source" value="Reuters"/>
</metadata>
</newsitem>
