<?xml version="1.0" encoding="iso-8859-1" ?>
<newsitem itemid="504621" id="root" date="1997-04-12" xml:lang="en">
<title>USA: NHL ICE HOCKEY-FRIDAY'S RESULTS.</title>
<headline>NHL ICE HOCKEY-FRIDAY'S RESULTS.</headline>
<dateline>NEW YORK 1997-04-11</dateline>
<text>
<p>Results of National Hockey</p>
<p>League games on Friday (home team in CAPS):</p>
<p> Ottawa	  3  DETROIT	   2</p>
<p> FLORIDA	 4  Pittsburgh	2</p>
<p> NEW JERSEY    2  Boston	    0</p>
<p> NY ISLANDERS  6  Hartford	  4</p>
<p> Tampa Bay     4  NY RANGERS	2</p>
<p> CHICAGO	 7  Calgary	   3</p>
<p> Colorado	2  DALLAS	    1</p>
<p> Phoenix	 6  EDMONTON	  2</p>
<p> Anaheim	 4  SAN JOSE	  3</p>
</text>
<copyright>(c) Reuters Limited 1997</copyright>
<metadata>
<codes class="bip:countries:1.0">
  <code code="CANA">
    <editdetail attribution="Reuters BIP Coding Group" action="confirmed" date="1997-04-12"/>
  </code>
  <code code="USA">
    <editdetail attribution="Reuters BIP Coding Group" action="confirmed" date="1997-04-12"/>
  </code>
</codes>
<codes class="bip:topics:1.0">
  <code code="GCAT">
    <editdetail attribution="Reuters BIP Coding Group" action="confirmed" date="1997-04-12"/>
  </code>
  <code code="GSPO">
    <editdetail attribution="Reuters BIP Coding Group" action="confirmed" date="1997-04-12"/>
  </code>
</codes>
<dc element="dc.date.created" value="1997-04-11"/>
<dc element="dc.publisher" value="Reuters Holdings Plc"/>
<dc element="dc.date.published" value="1997-04-12"/>
<dc element="dc.source" value="Reuters"/>
<dc element="dc.creator.location" value="NEW YORK"/>
<dc element="dc.creator.location.country.name" value="USA"/>
<dc element="dc.source" value="Reuters"/>
</metadata>
</newsitem>
