<?xml version="1.0" encoding="iso-8859-1" ?>
<newsitem itemid="679914" id="root" date="1997-06-23" xml:lang="en">
<title>MEXICO: Mexico to slap tariff on Taiwanese ball bearings.</title>
<headline>Mexico to slap tariff on Taiwanese ball bearings.</headline>
<dateline>MEXICO CITY 1997-06-23</dateline>
<text>
<p>Mexico's Trade Ministry said Monday an order will be published in the government's Official Gazette on Tuesday slapping a 19.4 percent tariff on ball bearings imported from Taiwan.</p>
<p>Tariffs on imports will be imposed following an investigation into the dumping of the product on the Mexican market at prices below production cost came down in favor of Mexican ball bearing producers, the ministry said.</p>
<p>((--Chris Aspin, Mexico City newsroom +525 7289530)) E-mail at chris.aspin@reuters.com</p>
</text>
<copyright>(c) Reuters Limited 1997</copyright>
<metadata>
<codes class="bip:countries:1.0">
  <code code="MEX">
    <editdetail attribution="Reuters BIP Coding Group" action="confirmed" date="1997-06-23"/>
  </code>
  <code code="TAIWAN">
    <editdetail attribution="Reuters BIP Coding Group" action="confirmed" date="1997-06-23"/>
  </code>
</codes>
<codes class="bip:topics:1.0">
  <code code="E51">
    <editdetail attribution="Reuters BIP Coding Group" action="confirmed" date="1997-06-23"/>
  </code>
  <code code="E512">
    <editdetail attribution="Reuters BIP Coding Group" action="confirmed" date="1997-06-23"/>
  </code>
  <code code="ECAT">
    <editdetail attribution="Reuters BIP Coding Group" action="confirmed" date="1997-06-23"/>
  </code>
</codes>
<dc element="dc.date.created" value="1997-06-23"/>
<dc element="dc.publisher" value="Reuters Holdings Plc"/>
<dc element="dc.date.published" value="1997-06-23"/>
<dc element="dc.source" value="Reuters"/>
<dc element="dc.creator.location" value="MEXICO CITY"/>
<dc element="dc.creator.location.country.name" value="MEXICO"/>
<dc element="dc.source" value="Reuters"/>
</metadata>
</newsitem>
