<?xml version="1.0" encoding="iso-8859-1" ?>
<newsitem itemid="117003" id="root" date="1996-10-15" xml:lang="en">
<title>SINGAPORE: Singapore rubber ends mostly flat in thin trade.</title>
<headline>Singapore rubber ends mostly flat in thin trade.</headline>
<dateline>SINGAPORE 1996-10-15</dateline>
<text>
<p>Rubber futures closed mostly lower on Tuesday in thin, lacklustre trade with the market seen dipping further in the absence of fresh buying from major consumers, dealers said.</p>
<p>Lower prices in Tokyo, caused mainly by bumper stocks there, weighed on the local market, the traders said. There was no impact on the news about changes in the TSR20 rubber contract which will take effect beginning on November 1.</p>
<p>&quot;There was some slight buying by local dealers, but it was a very quiet market and virtually nothing was done,&quot; a local rubber trader said.  </p>
<p>&quot;It's the same old song. Trading was very thin,&quot; another dealer said.</p>
<p>At around 0945 GMT, December RSS3 was seen at 123.50 U.S. cents a kg from 123.75 cents.</p>
<p>November RSS1 was seen at 172.50-174.50 Singapore cents (US$1.22-$1.24) a kg from the previous settlement of 174.50 cents.</p>
<p>December TSR20 was seen at 170.75-172.75 Singapore cents (US$1.21-$1.22) a kg against 172.75 cents.</p>
<p>(US$1-S$1.41) -- Rene Pastor (65-870-3305)</p>
</text>
<copyright>(c) Reuters Limited 1996</copyright>
<metadata>
<codes class="bip:countries:1.0">
  <code code="SINGP">
    <editdetail attribution="Reuters BIP Coding Group" action="confirmed" date="1996-10-15"/>
  </code>
</codes>
<codes class="bip:topics:1.0">
  <code code="M14">
    <editdetail attribution="Reuters BIP Coding Group" action="confirmed" date="1996-10-15"/>
  </code>
  <code code="M141">
    <editdetail attribution="Reuters BIP Coding Group" action="confirmed" date="1996-10-15"/>
  </code>
  <code code="MCAT">
    <editdetail attribution="Reuters BIP Coding Group" action="confirmed" date="1996-10-15"/>
  </code>
</codes>
<dc element="dc.date.created" value="1996-10-15"/>
<dc element="dc.publisher" value="Reuters Holdings Plc"/>
<dc element="dc.date.published" value="1996-10-15"/>
<dc element="dc.source" value="Reuters"/>
<dc element="dc.creator.location" value="SINGAPORE"/>
<dc element="dc.creator.location.country.name" value="SINGAPORE"/>
<dc element="dc.source" value="Reuters"/>
</metadata>
</newsitem>
