<?xml version="1.0" encoding="iso-8859-1" ?>
<newsitem itemid="87087" id="root" date="1996-10-01" xml:lang="en">
<title>USA: Iomega ZIP drive shipments top 3.0 mln.</title>
<headline>Iomega ZIP drive shipments top 3.0 mln.</headline>
<dateline>ROY, Utah 1996-10-01</dateline>
<text>
<p>Iomega Corp said Tuesday it has shipped over three million of its Zip computer disk drives since the product's launch in March 1995.</p>
<p>Over five million, &quot;personal storage solution&quot; groups, which includes the Zip, Ditto and Jaz drives, have gone out the company's door, Iomega said in a statement.</p>
<p>Zip drives and disks provide 70 times the capacity of traditional floppy disks, providing greater storage, flexibility and a built-in back-up system for their computer.  </p>
<p>An Iomega spokesman said the five million unit figure includes the roughly two million units of its Ditto and Jaz drives combined which have been shipped from the company in addition to the Zip shipments.</p>
<p>In total, the company has seen about five million of its computer storage products go out to the market, it said.</p>
</text>
<copyright>(c) Reuters Limited 1996</copyright>
<metadata>
<codes class="bip:countries:1.0">
  <code code="USA">
    <editdetail attribution="Reuters BIP Coding Group" action="confirmed" date="1996-10-01"/>
  </code>
</codes>
<codes class="bip:industries:1.0">
  <code code="I33020">
    <editdetail attribution="Reuters BIP Coding Group" action="confirmed" date="1996-10-01"/>
  </code>
  <code code="I3302019">
    <editdetail attribution="Reuters BIP Coding Group" action="confirmed" date="1996-10-01"/>
  </code>
</codes>
<codes class="bip:topics:1.0">
  <code code="C31">
    <editdetail attribution="Reuters BIP Coding Group" action="confirmed" date="1996-10-01"/>
  </code>
  <code code="CCAT">
    <editdetail attribution="Reuters BIP Coding Group" action="confirmed" date="1996-10-01"/>
  </code>
</codes>
<dc element="dc.date.created" value="1996-10-01"/>
<dc element="dc.publisher" value="Reuters Holdings Plc"/>
<dc element="dc.date.published" value="1996-10-01"/>
<dc element="dc.source" value="Reuters"/>
<dc element="dc.creator.location" value="ROY, Utah"/>
<dc element="dc.creator.location.country.name" value="USA"/>
<dc element="dc.source" value="Reuters"/>
</metadata>
</newsitem>
