<?xml version="1.0" encoding="iso-8859-1" ?>
<newsitem itemid="334103" id="root" date="1997-01-27" xml:lang="en">
<title>UK: SOCCER-SCOTTISH F.A. CUP THIRD ROUND SUMMARIES.</title>
<headline>SOCCER-SCOTTISH F.A. CUP THIRD ROUND SUMMARIES.</headline>
<dateline>GLASGOW 1997-01-27</dateline>
<text>
<p>Summary of a Scottish F.A. Cup</p>
<p>third round match on Monday:</p>
<p> Airdrieonians		 1 - Sandison 34</p>
<p> Raith			   4 - Craig 49, Kirkwood 58</p>
<p>					 Rougier 82, Andersen 89</p>
<p>HT 1-0  Att 3,112</p>
<p>Red card: Jack (A) 14</p>
<p>- - - -</p>
<p>Played on Sunday:</p>
<p> Clydebank		     0</p>
<p> Celtic			  5 - Cadete 2, 10, MacKay 29,</p>
<p>					 Van Hooydonk 57, Di Canio</p>
<p>					 81 pen</p>
<p>HT 0-3  Att 16,102</p>
<p>- - - -</p>
<p>Played on Saturday:</p>
<p> Arbroath			2 - McCormick 36,  42</p>
<p> Greenock Morton	     2 - Rajamaki 20, Hawke 71</p>
<p>HT 2-1  Att 1,440</p>
<p>- - - -</p>
<p> Clyde			   3 - McInulty 20, Brownlie 67,</p>
<p>					 Gibson 88</p>
<p> St Mirren		     1 - Gillies 51</p>
<p>HT 1-0  Att 3,050</p>
<p>- - - -</p>
<p> Dundee			  3 - Power 18, O'Driscoll 65,</p>
<p>					 Anderson 68</p>
<p> Queen of the South	  1 - Nesovic 37</p>
<p>HT 1-1  Att 2,391</p>
<p>- - - -</p>
<p> Dunfermline		   4 - Curran 18, French 43,</p>
<p>					 Smith 44, 77</p>
<p> Ross County		   0</p>
<p>HT 3-0  Att 4,786</p>
<p>- - - -</p>
<p> Falkirk			 1 - Craig 75 pen</p>
<p> Berwick			 1 - Walton 22</p>
<p>HT 0-1  Att 2,489</p>
<p>- - - -</p>
<p> Hearts			  5 - Cameron 8, Weir 12,</p>
<p>					 Robertson 22 pen, 63,</p>
<p>					 Pointon 68</p>
<p> Cowdenbeath		   0</p>
<p>HT 3-0  Att 11,485</p>
<p>- - - -</p>
<p> Inverness		     1 - Stewart 12</p>
<p> Hamilton			3 - McEntegart 18, Richie 74, 88</p>
<p>HT 1-1  Att 3,310</p>
<p>- - - -</p>
<p> Kilmarnock		    2 - McGowne 44, Brown 48</p>
<p> East Stirling		 0</p>
<p>HT 1-0  Att 4,783</p>
<p>- - - -</p>
<p> Partick			 0</p>
<p> Motherwell		    2 - McSkimming 65, Davies 76</p>
<p>HT 0-0  Att 5,502</p>
<p>- - - -</p>
<p> Queen's Park		  1 - Hutcheon 63 og</p>
<p> East Fife		     3 - Christie 40, 70, Baillie 55</p>
<p>HT 0-1  Att 905</p>
<p>- - - -</p>
<p> Rangers			 2 - Andersen 10, Rosental 31</p>
<p> St Johnstone		  0</p>
<p>HT 2-0  Att 44,989</p>
<p>- - - -</p>
<p> Stirling			0</p>
<p> Dundee United		 2 - Winters 51, McSwegan 82</p>
<p>HT 0-0  Att 3,300</p>
<p>- - - -</p>
<p>Played on Thursday:</p>
<p> Hibernian		     2 - Miller 48, McGinlay 78</p>
<p> Aberdeen			2 - Booth 70, Dodds 75</p>
<p>HT 0-0  Att 9,588</p>
<p>-</p>
</text>
<copyright>(c) Reuters Limited 1997</copyright>
<metadata>
<codes class="bip:countries:1.0">
  <code code="UK">
    <editdetail attribution="Reuters BIP Coding Group" action="confirmed" date="1997-01-27"/>
  </code>
</codes>
<codes class="bip:topics:1.0">
  <code code="GCAT">
    <editdetail attribution="Reuters BIP Coding Group" action="confirmed" date="1997-01-27"/>
  </code>
  <code code="GSPO">
    <editdetail attribution="Reuters BIP Coding Group" action="confirmed" date="1997-01-27"/>
  </code>
</codes>
<dc element="dc.date.created" value="1997-01-27"/>
<dc element="dc.publisher" value="Reuters Holdings Plc"/>
<dc element="dc.date.published" value="1997-01-27"/>
<dc element="dc.source" value="Reuters"/>
<dc element="dc.creator.location" value="GLASGOW"/>
<dc element="dc.creator.location.country.name" value="UK"/>
<dc element="dc.source" value="Reuters"/>
</metadata>
</newsitem>
