<?xml version="1.0" encoding="iso-8859-1" ?>
<newsitem itemid="473302" id="root" date="1997-03-27" xml:lang="en">
<title>NETHERLANDS: Nutricia 1996 profit surges.</title>
<headline>Nutricia 1996 profit surges.</headline>
<dateline>ZOETERMEER, Netherlands 1997-03-27</dateline>
<text>
<p>Year 1996.</p>
<p>(millions of guilders unless otherwise stated)</p>
<p>    Net profit			   231.7  vs 151.8</p>
<p>    Net profit from ord ops	  235.0  vs 152.2</p>
<p>    Net/shr from ord ops (gldrs)    9.58  vs  6.85</p>
<p>    Dividend (guilders)		 3.20  vs  2.10</p>
<p>    Turnover (billions)		 2.91  vs  1.93</p>
<p>    Operating profit		    339.8 vs 209.5</p>
<p>NOTE - Analysts had expected Nutricia to report a net profit of between 220 million and 237 million guilders.  </p>
<p>    Financial charges		  33.8   vs   11.4</p>
<p>    Minorities' charge		 3.3    vs   0.4</p>
<p>    Tax				    71.0   vs   45.9</p>
<p>NOTE - Of the 1996 dividend, 1.00 guilder has already been paid out as an interim dividend. The final payment of 2.20 guilders can be taken up as cash or shares. Details of the optional stock dividend will be published on May 13.</p>
<p>-- Amsterdam newsroom +31 20 504 5000, Fax +31 20 504 5040</p>
</text>
<copyright>(c) Reuters Limited 1997</copyright>
<metadata>
<codes class="bip:countries:1.0">
  <code code="NETH">
    <editdetail attribution="Reuters BIP Coding Group" action="confirmed" date="1997-03-27"/>
  </code>
</codes>
<codes class="bip:industries:1.0">
  <code code="I41000">
    <editdetail attribution="Reuters BIP Coding Group" action="confirmed" date="1997-03-27"/>
  </code>
</codes>
<codes class="bip:topics:1.0">
  <code code="C15">
    <editdetail attribution="Reuters BIP Coding Group" action="confirmed" date="1997-03-27"/>
  </code>
  <code code="C151">
    <editdetail attribution="Reuters BIP Coding Group" action="confirmed" date="1997-03-27"/>
  </code>
  <code code="C1511">
    <editdetail attribution="Reuters BIP Coding Group" action="confirmed" date="1997-03-27"/>
  </code>
  <code code="CCAT">
    <editdetail attribution="Reuters BIP Coding Group" action="confirmed" date="1997-03-27"/>
  </code>
</codes>
<dc element="dc.date.created" value="1997-03-27"/>
<dc element="dc.publisher" value="Reuters Holdings Plc"/>
<dc element="dc.date.published" value="1997-03-27"/>
<dc element="dc.source" value="Reuters"/>
<dc element="dc.creator.location" value="ZOETERMEER, Netherlands"/>
<dc element="dc.creator.location.country.name" value="NETHERLANDS"/>
<dc element="dc.source" value="Reuters"/>
</metadata>
</newsitem>
