<?xml version="1.0" encoding="iso-8859-1" ?>
<newsitem itemid="571839" id="root" date="1997-05-09" xml:lang="en">
<title>MEXICO: Mexican Coffee Confederation to launch &quot;Calicafe&quot;.</title>
<headline>Mexican Coffee Confederation to launch &quot;Calicafe&quot;.</headline>
<dateline>MEXICO CITY 1997-05-09</dateline>
<text>
<p>The Confederation of Mexican Coffee Growers plans to launch a sister association next week that will aim to promote quality Mexican beans to world markets.</p>
<p>&quot;Calicafe&quot; will be launched May 15 by growers from the confederation and will be affiliated to the U.S.-based Specialty Coffee Association, confederation spokesman Juan Carlos Villarreal told Reuters.</p>
<p>Calicafe, open to all Mexican growers of quality beans, will aim to market Mexican coffee better, Villarreal said. Leading Mexican growers including Alfredo Moises Ceja, the president of the confederation, will be at the launch.</p>
<p>Currently, Mexican beans are uniformly sold at punitive price differentials because of traditional notions of inferior quality compared to other arabicas, such as Colombian beans.</p>
<p>((--Chris Aspin, Mexico City newsroom +525 7289530)) E-mail at chris.aspin@reuters.com</p>
</text>
<copyright>(c) Reuters Limited 1997</copyright>
<metadata>
<codes class="bip:countries:1.0">
  <code code="MEX">
    <editdetail attribution="Reuters BIP Coding Group" action="confirmed" date="1997-05-09"/>
  </code>
</codes>
<codes class="bip:industries:1.0">
  <code code="I01001">
    <editdetail attribution="Reuters BIP Coding Group" action="confirmed" date="1997-05-09"/>
  </code>
  <code code="I0100137">
    <editdetail attribution="Reuters BIP Coding Group" action="confirmed" date="1997-05-09"/>
  </code>
</codes>
<codes class="bip:topics:1.0">
  <code code="C13">
    <editdetail attribution="Reuters BIP Coding Group" action="confirmed" date="1997-05-09"/>
  </code>
  <code code="C31">
    <editdetail attribution="Reuters BIP Coding Group" action="confirmed" date="1997-05-09"/>
  </code>
  <code code="C312">
    <editdetail attribution="Reuters BIP Coding Group" action="confirmed" date="1997-05-09"/>
  </code>
  <code code="CCAT">
    <editdetail attribution="Reuters BIP Coding Group" action="confirmed" date="1997-05-09"/>
  </code>
  <code code="M14">
    <editdetail attribution="Reuters BIP Coding Group" action="confirmed" date="1997-05-09"/>
  </code>
  <code code="M141">
    <editdetail attribution="Reuters BIP Coding Group" action="confirmed" date="1997-05-09"/>
  </code>
  <code code="MCAT">
    <editdetail attribution="Reuters BIP Coding Group" action="confirmed" date="1997-05-09"/>
  </code>
</codes>
<dc element="dc.date.created" value="1997-05-09"/>
<dc element="dc.publisher" value="Reuters Holdings Plc"/>
<dc element="dc.date.published" value="1997-05-09"/>
<dc element="dc.source" value="Reuters"/>
<dc element="dc.creator.location" value="MEXICO CITY"/>
<dc element="dc.creator.location.country.name" value="MEXICO"/>
<dc element="dc.source" value="Reuters"/>
</metadata>
</newsitem>
