<?xml version="1.0" encoding="iso-8859-1" ?>
<newsitem itemid="185204" id="root" date="1996-11-13" xml:lang="en">
<title>USA: Computer Marketplace Q1 net loss widens.</title>
<headline>Computer Marketplace Q1 net loss widens.</headline>
<dateline>CORONA, Calif. 1996-11-13</dateline>
<text>
<p>(In thousands, except per share amounts)</p>
<p>			   (Unaudited)</p>
<p>							 Three months ended</p>
<p>							    September 30,</p>
<p>						  1996		   1995</p>
<p> Revenues				    $7,180		$6,533</p>
<p> Gross profit				   920		   904</p>
<p>Selling, general and administrative expenses</p>
<p>						(1,260)	     (1,224)</p>
<p> Interest expense			   (115)		  (76)</p>
<p> Other income				    10		     2</p>
<p> Loss before income taxes		 (445)		 (394)</p>
<p> Net loss				     (445)		 (394)</p>
<p> Loss per share			    (0.05)		(0.05)</p>
<p>Weighted average number of shares outstanding</p>
<p>						  8,115		 8,115</p>
</text>
<copyright>(c) Reuters Limited 1996</copyright>
<metadata>
<codes class="bip:countries:1.0">
  <code code="USA">
    <editdetail attribution="Reuters BIP Coding Group" action="confirmed" date="1996-11-13"/>
  </code>
</codes>
<codes class="bip:industries:1.0">
  <code code="I65400">
    <editdetail attribution="Reuters BIP Coding Group" action="confirmed" date="1996-11-13"/>
  </code>
</codes>
<codes class="bip:topics:1.0">
  <code code="C15">
    <editdetail attribution="Reuters BIP Coding Group" action="confirmed" date="1996-11-13"/>
  </code>
  <code code="C151">
    <editdetail attribution="Reuters BIP Coding Group" action="confirmed" date="1996-11-13"/>
  </code>
  <code code="CCAT">
    <editdetail attribution="Reuters BIP Coding Group" action="confirmed" date="1996-11-13"/>
  </code>
</codes>
<dc element="dc.date.created" value="1996-11-13"/>
<dc element="dc.publisher" value="Reuters Holdings Plc"/>
<dc element="dc.date.published" value="1996-11-13"/>
<dc element="dc.source" value="Reuters"/>
<dc element="dc.creator.location" value="CORONA, Calif."/>
<dc element="dc.creator.location.country.name" value="USA"/>
<dc element="dc.source" value="Reuters"/>
</metadata>
</newsitem>
