<?xml version="1.0" encoding="iso-8859-1" ?>
<newsitem itemid="329100" id="root" date="1997-01-23" xml:lang="en">
<title>UK: Allied Domecq gains, Cazenove says &quot;buy&quot;.</title>
<headline>Allied Domecq gains, Cazenove says &quot;buy&quot;.</headline>
<dateline>LONDON 1997-01-23</dateline>
<text>
<p>Shares in drinks and food retail group Allied Domecq Plc advanced on Thursday after the company announced a 32 million stg cash disposal and Cazenove made positive comments on the stock.</p>
<p>The shares were 12-1/2p higher at 426p by 0932 GMT, in trade of 2.3 million shares.</p>
<p>Other drinks companies followed suit, boosted by the strength of the dollar.  </p>
<p>Grand Metropolitan Plc was up 7p at 456-1/2p whilst Guinness added 2-1/2p to 442-1/2p.</p>
<p>Market sources said analysts at Cazenove had a &quot;buy&quot; note on Allied Domecq today but Cazenove declined to comment.</p>
<p>Earlier, UK pub owner Morland said it had agreed to buy 24 Exchange bar restaurants from Allied Domecq for 32 million stg cash. Another four million stg was agreed upon for the sale of the freehold of two properties to a third party.</p>
<p>-- Elaine Hardcastle, London Newsroom +44 171 542 4027</p>
</text>
<copyright>(c) Reuters Limited 1997</copyright>
<metadata>
<codes class="bip:countries:1.0">
  <code code="UK">
    <editdetail attribution="Reuters BIP Coding Group" action="confirmed" date="1997-01-23"/>
  </code>
</codes>
<codes class="bip:industries:1.0">
  <code code="I42400">
    <editdetail attribution="Reuters BIP Coding Group" action="confirmed" date="1997-01-23"/>
  </code>
  <code code="I42700">
    <editdetail attribution="Reuters BIP Coding Group" action="confirmed" date="1997-01-23"/>
  </code>
</codes>
<codes class="bip:topics:1.0">
  <code code="C15">
    <editdetail attribution="Reuters BIP Coding Group" action="confirmed" date="1997-01-23"/>
  </code>
  <code code="C152">
    <editdetail attribution="Reuters BIP Coding Group" action="confirmed" date="1997-01-23"/>
  </code>
  <code code="CCAT">
    <editdetail attribution="Reuters BIP Coding Group" action="confirmed" date="1997-01-23"/>
  </code>
</codes>
<dc element="dc.date.created" value="1997-01-23"/>
<dc element="dc.publisher" value="Reuters Holdings Plc"/>
<dc element="dc.date.published" value="1997-01-23"/>
<dc element="dc.source" value="Reuters"/>
<dc element="dc.creator.location" value="LONDON"/>
<dc element="dc.creator.location.country.name" value="UK"/>
<dc element="dc.source" value="Reuters"/>
</metadata>
</newsitem>
