<?xml version="1.0" encoding="iso-8859-1" ?>
<newsitem itemid="402279" id="root" date="1997-02-25" xml:lang="en">
<title>POLAND: POLISH NFI CALLS PROCHNIK SHARE TENDER.</title>
<headline>POLISH NFI CALLS PROCHNIK SHARE TENDER.</headline>
<dateline>WARSAW 1997-02-25</dateline>
<text>
<p>Polish National Investment Fund (NFI) No 12 has announced a public tender offer to buy 343,501 garment maker Prochnik SA shares at 11 zlotys each to up its stake to 32.9 percent, a Warsaw bourse deputy president said.</p>
<p>PAP news agency on Tuesday quoted Ryszard Czerniawski as saying that investors would be able to sell the shares from February 27 to March 28.</p>
<p>&quot;NFI Piast (No 12)...announced on February 25 a public tender offer for Prochnik SA...shares,&quot; Czerniawski said.</p>
<p>Currently NFI 12 has 9.9 percent or 149,999 Prochnik shares, which it bought in February.</p>
<p>The Warsaw Stock Exchange said in a separate statement it would suspend trade in Prochnik shares on Wednesday.</p>
<p>NFI 12 is one of the 15 NFIs in Poland's mass privatisation scheme in which the funds hold stakes in and manage about 500 companies.</p>
<p>Under Polish law, an investor seeking to buy a stake of at least 10 percent in a company in less than 90 days must announce a public tender offer for the shares it wants to buy.</p>
<p>Prochnik, which closed at 9.7 zlotys on the Warsaw bourse on Tuesday, has 1.5 million shares outstanding.</p>
<p>-- Warsaw Newsroom +48 22 653 9700</p>
</text>
<copyright>(c) Reuters Limited 1997</copyright>
<metadata>
<codes class="bip:countries:1.0">
  <code code="POL">
    <editdetail attribution="Reuters BIP Coding Group" action="confirmed" date="1997-02-25"/>
  </code>
</codes>
<codes class="bip:industries:1.0">
  <code code="I45300">
    <editdetail attribution="Reuters BIP Coding Group" action="confirmed" date="1997-02-25"/>
  </code>
</codes>
<codes class="bip:topics:1.0">
  <code code="C18">
    <editdetail attribution="Reuters BIP Coding Group" action="confirmed" date="1997-02-25"/>
  </code>
  <code code="C181">
    <editdetail attribution="Reuters BIP Coding Group" action="confirmed" date="1997-02-25"/>
  </code>
  <code code="CCAT">
    <editdetail attribution="Reuters BIP Coding Group" action="confirmed" date="1997-02-25"/>
  </code>
</codes>
<dc element="dc.date.created" value="1997-02-25"/>
<dc element="dc.publisher" value="Reuters Holdings Plc"/>
<dc element="dc.date.published" value="1997-02-25"/>
<dc element="dc.source" value="Reuters"/>
<dc element="dc.creator.location" value="WARSAW"/>
<dc element="dc.creator.location.country.name" value="POLAND"/>
<dc element="dc.source" value="Reuters"/>
</metadata>
</newsitem>
