<?xml version="1.0" encoding="iso-8859-1" ?>
<newsitem itemid="444108" id="root" date="1997-03-14" xml:lang="en">
<title>AUSTRALIA: RTRS-Australia's PUMA to launch US$700m Eurobond.</title>
<headline>RTRS-Australia's PUMA to launch US$700m Eurobond.</headline>
<dateline>SYDNEY 1997-03-14</dateline>
<text>
<p>PUMA Managament Ltd, Australia's largest private sector mortgage-backed bond issuer, said on Friday it will launch US$700 million worth of Eurobonds in London on March 17.  </p>
<p>PUMA said the issue signals the start of its offshore funding programme, part of a A$3 billion total programme for calendar 1997.</p>
<p>The floating rate note issue will be split into three tranches and will be priced at a weighted average margin over time (WAMOT) over the London Interbank Offered Rate (LIBOR).</p>
<p>The issue, to be known as E-1 Series 1, will be rated AAA by Standard &amp; Poor's Corp (S&amp;P) and Aaa by Moody's Investors Service for tranches A-1 and A-2, with face values of $105 million and US$560 million respectively.  </p>
<p>Tranche B-1, which will be subordinated debt, will be rated AA-minus by S&amp;P and will have a face value of $35 million, PUMA said.</p>
<p>PUMA said it was able to achieve a rating better than Australia's sovereign debt rating of AA and Aa2 by S&amp;P and Moody's respectively because of the structure of the issue which includes a fully pre-payable cross currency swap.</p>
<p>Lead manager is JP Morgan with Deutsche Morgan Grenfell co-lead manager. Co-managers are UBS and SBC Warburg.  </p>
<p>Funds raised will be used to fund Australian home loans via mortgage originators, notably PUMA's strategic partner, Aussie Home Loans, the largest non-bank lender in Australia, PUMA said.</p>
<p>-- Sydney newsroom 61-2 9373-1800</p>
</text>
<copyright>(c) Reuters Limited 1997</copyright>
<metadata>
<codes class="bip:countries:1.0">
  <code code="AUSTR">
    <editdetail attribution="Reuters BIP Coding Group" action="confirmed" date="1997-03-14"/>
  </code>
</codes>
<codes class="bip:industries:1.0">
  <code code="I81402">
    <editdetail attribution="Reuters BIP Coding Group" action="confirmed" date="1997-03-14"/>
  </code>
</codes>
<codes class="bip:topics:1.0">
  <code code="C17">
    <editdetail attribution="Reuters BIP Coding Group" action="confirmed" date="1997-03-14"/>
  </code>
  <code code="C172">
    <editdetail attribution="Reuters BIP Coding Group" action="confirmed" date="1997-03-14"/>
  </code>
  <code code="CCAT">
    <editdetail attribution="Reuters BIP Coding Group" action="confirmed" date="1997-03-14"/>
  </code>
</codes>
<dc element="dc.date.created" value="1997-03-14"/>
<dc element="dc.publisher" value="Reuters Holdings Plc"/>
<dc element="dc.date.published" value="1997-03-14"/>
<dc element="dc.source" value="Reuters"/>
<dc element="dc.creator.location" value="SYDNEY"/>
<dc element="dc.creator.location.country.name" value="AUSTRALIA"/>
<dc element="dc.source" value="Reuters"/>
</metadata>
</newsitem>
