<?xml version="1.0" encoding="iso-8859-1" ?>
<newsitem itemid="158292" id="root" date="1996-10-31" xml:lang="en">
<title>AUSTRALIA: RTRS-Pasminco sees Budel licence by yr-end.</title>
<headline>RTRS-Pasminco sees Budel licence by yr-end.</headline>
<dateline>SYDNEY 1996-10-31</dateline>
<text>
<p>Pasminco Ltd said on Thursday it expected to receive an extension of the waste dumping licence for its Budel zinc smelter in the Netherlands by the end of 1996.</p>
<p>&quot;We are not anticipating any major objections. We would expect to have that formal licence extension by the end of the year,&quot; managing director David Stewart told a Securities Institute of Australia luncheon.</p>
<p>Budel's licence to store waste jarosite expires in July 1988 but it has sought a two year extension from the Dutch Government due to problems with the Century mine project in Queensland.  </p>
<p>Century, a A$1 billion project owned by CRA Ltd/RTZ Plc, has faced aboriginal land claims which are now being negotiated with the company under the terms of Australian government's native title legislation.</p>
<p>The low-iron zinc from the mine, which was initially due to begin production in 1996, was central to Pasminco's plan to eliminate production of the jarosite waste by-product at Budel.</p>
<p>Stewart said he believed the result of the native title talks should be known by the middle to the end of 1997.</p>
<p>He said he expected that the outcome would be for the mine to proceed.  -- Sydney Newsroom 61-2 9373-1800</p>
</text>
<copyright>(c) Reuters Limited 1996</copyright>
<metadata>
<codes class="bip:countries:1.0">
  <code code="AUSTR">
    <editdetail attribution="Reuters BIP Coding Group" action="confirmed" date="1996-10-31"/>
  </code>
  <code code="NETH">
    <editdetail attribution="Reuters BIP Coding Group" action="confirmed" date="1996-10-31"/>
  </code>
</codes>
<codes class="bip:industries:1.0">
  <code code="I21000">
    <editdetail attribution="Reuters BIP Coding Group" action="confirmed" date="1996-10-31"/>
  </code>
  <code code="I83960">
    <editdetail attribution="Reuters BIP Coding Group" action="confirmed" date="1996-10-31"/>
  </code>
</codes>
<codes class="bip:topics:1.0">
  <code code="C13">
    <editdetail attribution="Reuters BIP Coding Group" action="confirmed" date="1996-10-31"/>
  </code>
  <code code="C21">
    <editdetail attribution="Reuters BIP Coding Group" action="confirmed" date="1996-10-31"/>
  </code>
  <code code="C24">
    <editdetail attribution="Reuters BIP Coding Group" action="confirmed" date="1996-10-31"/>
  </code>
  <code code="CCAT">
    <editdetail attribution="Reuters BIP Coding Group" action="confirmed" date="1996-10-31"/>
  </code>
</codes>
<dc element="dc.date.created" value="1996-10-31"/>
<dc element="dc.publisher" value="Reuters Holdings Plc"/>
<dc element="dc.date.published" value="1996-10-31"/>
<dc element="dc.source" value="Reuters"/>
<dc element="dc.creator.location" value="SYDNEY"/>
<dc element="dc.creator.location.country.name" value="AUSTRALIA"/>
<dc element="dc.source" value="Reuters"/>
</metadata>
</newsitem>
