<?xml version="1.0" encoding="iso-8859-1" ?>
<newsitem itemid="599211" id="root" date="1997-05-20" xml:lang="en">
<title>BELGIUM: Belgian OLO exchange auction totals 4.98 bln bfr.</title>
<headline>Belgian OLO exchange auction totals 4.98 bln bfr.</headline>
<dateline>BRUSSELS 1997-05-20</dateline>
<text>
<p>The Belgian Treasury said its linear government bond (OLO) exchange auction totalled 4.98 billion Belgian francs.</p>
<p>Volume offered was just 4.98 billion, which was all taken by the Treasury.</p>
<p>The Treasury was offering OLOs 27 (4.00 pct, Jan 2000), 25 (5.00 pct, March 2001), 6 (9.00 pct, March 2003), 19 (6.50 pct, March 2005) and 26 (6.25 pct, March 2007) against OLO 4 (9.25 pct, Jan 1998).</p>
<p>Volume at the auction was down sharply from previous auctions this year, which raised between 10 and 60 billion francs. A Treasury official said he saw no special reason why banks had offered so little volume at the auction.</p>
<p>The January 1998 OLO 4's expiry is still far away, however, giving the Treasury ample time to reduce the 145 billion francs still outstanding in the bond.</p>
<p>At the exchange auctions, banks can acquire new OLOs with other OLOs that are close to maturity.</p>
<p>-- Geert De Clercq, Brussels Newsroom +32 2 287 6813, Fax +32 2 230 7710</p>
</text>
<copyright>(c) Reuters Limited 1997</copyright>
<metadata>
<codes class="bip:countries:1.0">
  <code code="BELG">
    <editdetail attribution="Reuters BIP Coding Group" action="confirmed" date="1997-05-20"/>
  </code>
</codes>
<codes class="bip:topics:1.0">
  <code code="M12">
    <editdetail attribution="Reuters BIP Coding Group" action="confirmed" date="1997-05-20"/>
  </code>
  <code code="MCAT">
    <editdetail attribution="Reuters BIP Coding Group" action="confirmed" date="1997-05-20"/>
  </code>
</codes>
<dc element="dc.date.created" value="1997-05-20"/>
<dc element="dc.publisher" value="Reuters Holdings Plc"/>
<dc element="dc.date.published" value="1997-05-20"/>
<dc element="dc.source" value="Reuters"/>
<dc element="dc.creator.location" value="BRUSSELS"/>
<dc element="dc.creator.location.country.name" value="BELGIUM"/>
<dc element="dc.source" value="Reuters"/>
</metadata>
</newsitem>
