<?xml version="1.0" encoding="iso-8859-1" ?>
<newsitem itemid="379504" id="root" date="1997-02-14" xml:lang="en">
<title>USA: BALANCE -- Harrison County, Miss., at $565,000.</title>
<headline>BALANCE -- Harrison County, Miss., at $565,000.</headline>
<text>
<p>GENERAL OBLIGATION SCHOOL BONDS SERIES 1997 OF</p>
<p>HARRISON COUNTY SCHOOL DISTRICT</p>
<p>RE: $23,000,000</p>
<p>HARRISON COUNTY, MISSISSIPPI</p>
<p>    MOODY'S: Aaa		   S&amp;P: AAA</p>
<p>		 (A2)</p>
<p>Delivery Date: 03/13/1997 Expected</p>
<p>MBIA INSURED</p>
<p>Maturity	   Balance     Coupon    List</p>
<p>03/01/1998	     540M    7.00	  3.50</p>
<p>03/01/2004		20M    7.00	  4.70</p>
<p>03/01/2006		 5M    5.30	  4.80</p>
<p>  Total:		 565M</p>
<p>Merrill Lynch &amp; Co.</p>
<p>J.C. Bradford &amp; Co.</p>
<p>IN ASSOCIATION WITH:</p>
<p>Prudential Securities Incorporated</p>
<p>A.G. Edwards &amp; Sons, Inc.</p>
<p>Sterne, Agee &amp; Leach, Inc.</p>
<p>--U.S. Municipal Desk, 212-859-1650</p>
</text>
<copyright>(c) Reuters Limited 1997</copyright>
<metadata>
<codes class="bip:countries:1.0">
  <code code="USA">
    <editdetail attribution="Reuters BIP Coding Group" action="confirmed" date="1997-02-14"/>
  </code>
</codes>
<codes class="bip:topics:1.0">
  <code code="E21">
    <editdetail attribution="Reuters BIP Coding Group" action="confirmed" date="1997-02-14"/>
  </code>
  <code code="E212">
    <editdetail attribution="Reuters BIP Coding Group" action="confirmed" date="1997-02-14"/>
  </code>
  <code code="ECAT">
    <editdetail attribution="Reuters BIP Coding Group" action="confirmed" date="1997-02-14"/>
  </code>
</codes>
<dc element="dc.publisher" value="Reuters Holdings Plc"/>
<dc element="dc.date.published" value="1997-02-14"/>
<dc element="dc.source" value="Reuters"/>
<dc element="dc.creator.location.country.name" value="USA"/>
<dc element="dc.source" value="Reuters"/>
</metadata>
</newsitem>
