<?xml version="1.0" encoding="iso-8859-1" ?>
<newsitem itemid="3641" id="root" date="1996-08-20" xml:lang="en">
<title>USA: Republicans lash Clinton over rising teen drug use.</title>
<headline>Republicans lash Clinton over rising teen drug use.</headline>
<byline>Vicki Allen</byline>
<dateline>WASHINGTON 1996-08-20</dateline>
<text>
<p>Drug use among teenagers jumped 78 percent from 1992 to 1995, a federal study said Tuesday, prompting Republican charges that the Clinton administration was losing the war on teenage drug use.</p>
<p>Republican presidential candidate Bob Dole, campaigning in Louisville, Kentucky, called the report's findings &quot;nothing short of a national tragedy&quot; and said he would make the war on drugs &quot;priority No. 1 once again.&quot;</p>
<p>&quot;The statistics confirm an upward spiral of drug abuse across the nation since President Clinton took office,&quot; Sen. Orrin Hatch, a Utah Republican who chairs the Senate Judiciary Committee, said in a letter to the White House.</p>
<p>Hatch released a summary of the Health and Human Services Department's 1995 National Household Survey on Drug Abuse. It showed that while overall drug use figures were fairly stable, youth drug use rose 78 percent between 1992 and 1995 -- 24 percent from 1994 to 1995 alone.</p>
<p>White House spokesman Mike McCurry said the report was cause for concern but administration efforts to curb drug imports were on the right track.</p>
<p>The HHS report said 10.4 percent of youths aged 12 to 17 used drugs on a monthly basis. Marijuana use was up 105 percent in 1995 from 1992 and up 37 percent between 1994 and 1995. Use of LSD and other hallucinogens jumped 183 percent since 1992 and 54 percent from 1994 to 1995, while monthly use of cocaine soared 166 percent just in 1994-95.</p>
<p>In a letter to Gen. Barry McCaffrey, who heads White House drug control efforts, Hatch said: &quot;I find this data ... very disturbing. The data clearly reflects a continuing trend of increased drug abuse throughout the United States.&quot;</p>
<p>HHS officials declined to comment or confirm Hatch's figures before the report's scheduled release time on Tuesday. But McCurry said, &quot;The figures related to drug use among young people are obviously of great concern, and that's why we have a strategy to deal with that.&quot;</p>
<p>He said he believed the administration's strategy to fight drugs was on the right track. &quot;We think it's the right strategy to control use, to control imports,&quot; he said.</p>
<p>&quot;Above all, this has to be a bipartisan effort that all join into,&quot; he added. &quot;One thing we can't do is to turn drug use among young people into a political football because it sends the wrong message to kids -- then they'll just think it's just an issue for the politicians and not something that they have to take responsibility for.&quot;</p>
<p>The summary of another HHS study released by Hatch showed the number of hospital emergency room admissions stemming from marijuana use rose 96 percent between 1992 and 1995 and rose 17 percent between 1994 and 1995.</p>
<p>Emergency room admissions related to heroine use rose 58 percent from 1992 to 1995 and 19 percent in 1994-95.</p>
<p>That study -- the Drug Abuse Warning Network -- monitors numbers and patterns of drug-related emergencies and deaths in 21 metropolitan areas across the country.</p>
<p>Jim Copple, president of the Community Anti-Drug Coalitions of America, said blame should be shared by Republicans and Democrats for cutting funds for drug control programmes and losing interest in the issue.</p>
<p>&quot;I think over the last four or five years, the drug issue itself has fallen off the national radar screen,&quot; he said. He criticised the entertainment industry for &quot;starting to glamorize drug use once again&quot; and had a harsh word for parents as well.</p>
<p>&quot;Fifty-seven percent of baby-boomer parents who are now raising adolescents used drugs themselves, even though 75 percent of them clearly don't want their kids using drugs,&quot; Copple said.</p>
</text>
<copyright>(c) Reuters Limited 1996</copyright>
<metadata>
<codes class="bip:countries:1.0">
  <code code="USA">
    <editdetail attribution="Reuters BIP Coding Group" action="confirmed" date="1996-08-20"/>
  </code>
</codes>
<codes class="bip:topics:1.0">
  <code code="GCAT">
    <editdetail attribution="Reuters BIP Coding Group" action="confirmed" date="1996-08-20"/>
  </code>
  <code code="GCRIM">
    <editdetail attribution="Reuters BIP Coding Group" action="confirmed" date="1996-08-20"/>
  </code>
  <code code="GPOL">
    <editdetail attribution="Reuters BIP Coding Group" action="confirmed" date="1996-08-20"/>
  </code>
</codes>
<dc element="dc.date.created" value="1996-08-20"/>
<dc element="dc.publisher" value="Reuters Holdings Plc"/>
<dc element="dc.date.published" value="1996-08-20"/>
<dc element="dc.source" value="Reuters"/>
<dc element="dc.creator.location" value="WASHINGTON"/>
<dc element="dc.creator.location.country.name" value="USA"/>
<dc element="dc.source" value="Reuters"/>
</metadata>
</newsitem>
