<?xml version="1.0" encoding="iso-8859-1" ?>
<newsitem itemid="253034" id="root" date="1996-12-12" xml:lang="en">
<title>FINLAND: HELIBOR INTEREST RATES STEADY OR HIGHER.</title>
<headline>HELIBOR INTEREST RATES STEADY OR HIGHER.</headline>
<dateline>HELSINKI 1996-12-12</dateline>
<text>
<p>Helibor interest rates were</p>
<p>steady to higher at the Bank of Finland's daily fixing on</p>
<p>Thursday. The three-month rate rose one bp to 3.11 percent.</p>
<p>				  December 12 fix     December 11 fix</p>
<p> 1-mth Helibor		   3.03 pct		3.03 pct</p>
<p> 2-mth Helibor		   3.06 pct		3.06 pct</p>
<p> 3-mth Helibor		   3.11 pct		3.10 pct</p>
<p> 6-mth Helibor		   3.21 pct		3.20 pct</p>
<p> 9-mth Helibor		   3.31 pct		3.31 pct</p>
<p> 12-mth Helibor		  3.42 pct		3.41 pct</p>
<p>-- Helsinki Newsroom +358-0-680 50 240</p>
</text>
<copyright>(c) Reuters Limited 1996</copyright>
<metadata>
<codes class="bip:countries:1.0">
  <code code="FIN">
    <editdetail attribution="Reuters BIP Coding Group" action="confirmed" date="1996-12-12"/>
  </code>
</codes>
<codes class="bip:topics:1.0">
  <code code="E12">
    <editdetail attribution="Reuters BIP Coding Group" action="confirmed" date="1996-12-12"/>
  </code>
  <code code="ECAT">
    <editdetail attribution="Reuters BIP Coding Group" action="confirmed" date="1996-12-12"/>
  </code>
  <code code="M13">
    <editdetail attribution="Reuters BIP Coding Group" action="confirmed" date="1996-12-12"/>
  </code>
  <code code="M131">
    <editdetail attribution="Reuters BIP Coding Group" action="confirmed" date="1996-12-12"/>
  </code>
  <code code="MCAT">
    <editdetail attribution="Reuters BIP Coding Group" action="confirmed" date="1996-12-12"/>
  </code>
</codes>
<dc element="dc.date.created" value="1996-12-12"/>
<dc element="dc.publisher" value="Reuters Holdings Plc"/>
<dc element="dc.date.published" value="1996-12-12"/>
<dc element="dc.source" value="Reuters"/>
<dc element="dc.creator.location" value="HELSINKI"/>
<dc element="dc.creator.location.country.name" value="FINLAND"/>
<dc element="dc.source" value="Reuters"/>
</metadata>
</newsitem>
