<?xml version="1.0" encoding="iso-8859-1" ?>
<newsitem itemid="158337" id="root" date="1996-10-31" xml:lang="en">
<title>AUSTRALIA: RTRS-Australia provides A$275 mln to aid programme.</title>
<headline>RTRS-Australia provides A$275 mln to aid programme.</headline>
<dateline>CANBERRA 1996-10-31</dateline>
<text>
<p>Australian Foreign Affairs Minister Alexander Downer said on Thursday that Australia would provide A$275 million over the next three years to the International Development Association (IDA).</p>
<p>IDA is the concessional lending arm of the World Bank, providing interest free loans over 30 to 40 years (with a 10 year grace period) to the world's poorest countries.</p>
<p>&quot;At a time of fiscal stringency, the generous funding of IDA clearly demonstrates the government's strong commitment to sharpening the humanitarian focus of the aid programme,&quot; Downer said in a statement.  </p>
<p>Downer said Australia's contribution was A$34 million above its share agreed in negotiations with other IDA donors.</p>
<p>He said A$111 million of Australia's total contribution would be paid into an interim trust fund starting in the 1996/97 June 30 financial year.</p>
<p>-- Canberra Bureau 61-6 273 2730</p>
</text>
<copyright>(c) Reuters Limited 1996</copyright>
<metadata>
<codes class="bip:countries:1.0">
  <code code="AUSTR">
    <editdetail attribution="Reuters BIP Coding Group" action="confirmed" date="1996-10-31"/>
  </code>
</codes>
<codes class="bip:topics:1.0">
  <code code="E51">
    <editdetail attribution="Reuters BIP Coding Group" action="confirmed" date="1996-10-31"/>
  </code>
  <code code="ECAT">
    <editdetail attribution="Reuters BIP Coding Group" action="confirmed" date="1996-10-31"/>
  </code>
  <code code="GCAT">
    <editdetail attribution="Reuters BIP Coding Group" action="confirmed" date="1996-10-31"/>
  </code>
  <code code="GDIP">
    <editdetail attribution="Reuters BIP Coding Group" action="confirmed" date="1996-10-31"/>
  </code>
</codes>
<dc element="dc.date.created" value="1996-10-31"/>
<dc element="dc.publisher" value="Reuters Holdings Plc"/>
<dc element="dc.date.published" value="1996-10-31"/>
<dc element="dc.source" value="Reuters"/>
<dc element="dc.creator.location" value="CANBERRA"/>
<dc element="dc.creator.location.country.name" value="AUSTRALIA"/>
<dc element="dc.source" value="Reuters"/>
</metadata>
</newsitem>
