<?xml version="1.0" encoding="iso-8859-1" ?>
<newsitem itemid="807335" id="root" date="1997-08-18" xml:lang="en">
<title>PHILIPPINES: Manila international coconut oil prices.</title>
<headline>Manila international coconut oil prices.</headline>
<dateline>MANILA 1997-08-18</dateline>
<text>
<p>International Philippine coconut oil prices as reported by the United Coconut Associations of the Philippines (dollars per tonne cif Europe).</p>
<p>	     Buyers   Sellers   Last     Prev</p>
<p>  JulAug   nq	 555	 nq	 nq</p>
<p>  AugSep   nq	 555	 nq	 nq</p>
<p>  SepOct   555	557.50    nq	 nq</p>
<p>  OctNov   555	557.50    nq	 557.50</p>
<p>  NovDec   555	558.75    nq	 555</p>
<p>  DecJan   557.50   562.50    nq	 nq</p>
</text>
<copyright>(c) Reuters Limited 1997</copyright>
<metadata>
<codes class="bip:countries:1.0">
  <code code="PHLNS">
    <editdetail attribution="Reuters BIP Coding Group" action="confirmed" date="1997-08-18"/>
  </code>
</codes>
<codes class="bip:topics:1.0">
  <code code="M14">
    <editdetail attribution="Reuters BIP Coding Group" action="confirmed" date="1997-08-18"/>
  </code>
  <code code="M141">
    <editdetail attribution="Reuters BIP Coding Group" action="confirmed" date="1997-08-18"/>
  </code>
  <code code="MCAT">
    <editdetail attribution="Reuters BIP Coding Group" action="confirmed" date="1997-08-18"/>
  </code>
</codes>
<dc element="dc.date.created" value="1997-08-18"/>
<dc element="dc.publisher" value="Reuters Holdings Plc"/>
<dc element="dc.date.published" value="1997-08-18"/>
<dc element="dc.source" value="Reuters"/>
<dc element="dc.creator.location" value="MANILA"/>
<dc element="dc.creator.location.country.name" value="PHILIPPINES"/>
<dc element="dc.source" value="Reuters"/>
</metadata>
</newsitem>
