<?xml version="1.0" encoding="iso-8859-1" ?>
<newsitem itemid="140045" id="root" date="1996-10-24" xml:lang="en">
<title>LITHUANIA: PRESS DIGEST - Lithuania - Oct 24.</title>
<headline>PRESS DIGEST - Lithuania - Oct 24.</headline>
<dateline>VILNIUS 1996-10-24</dateline>
<text>
<p>Lithuanian newspapers carried the following reports in their Thursday editions. Reuters has not verified these stories and does not vouch for their accuracy.</p>
<p>LIETUVOS RYTAS</p>
<p>- The leader of Homeland Union (Conservatives) Vytautas Landsbergis denies rumors that if the conservatives and Christian Democrats win two-thirds of seats in parliament they will amend the constitution and the president will be elected by parliament and not by the direct vote.</p>
<p>- Lithuanian government appealed to President Algirdas Brazauskas to recall Lithuanian ambassador in Ukraine, Romualdas Ramoska, who is suspected of document forgery.</p>
<p>- Lithuanian Prime Minister Mindaugas Stankevicius, 61, has health problems with high blood presure and will go to hospital for health checks.</p>
<p>- President of Lithuanian Confederation of Industrialists, Bronislovas Lubys, supports the idea to abolish the currency board. Lubys says high currency reserves permit the national unit, litas, to be unpegged from the dollar which will stimulate the growth of the Lithuanian economy.</p>
<p>RESPUBLIKA</p>
<p>- Homeland Union leader Vytautas Landsbergis, celebrating the victory of his party in parliamentary election, did not deny the possibility that he might stand for presidency next year.</p>
<p>LIETUVOS AIDAS</p>
<p>- Defeated during parliament elections, Lithuanian Democratic Labour Party fears radicalism in the newly elected parliament.</p>
<p>-- Riga newsroom +371-7226693</p>
</text>
<copyright>(c) Reuters Limited 1996</copyright>
<metadata>
<codes class="bip:countries:1.0">
  <code code="LITH">
    <editdetail attribution="Reuters BIP Coding Group" action="confirmed" date="1996-10-24"/>
  </code>
</codes>
<codes class="bip:topics:1.0">
  <code code="GCAT">
    <editdetail attribution="Reuters BIP Coding Group" action="confirmed" date="1996-10-24"/>
  </code>
</codes>
<dc element="dc.date.created" value="1996-10-24"/>
<dc element="dc.publisher" value="Reuters Holdings Plc"/>
<dc element="dc.date.published" value="1996-10-24"/>
<dc element="dc.source" value="Reuters"/>
<dc element="dc.creator.location" value="VILNIUS"/>
<dc element="dc.creator.location.country.name" value="LITHUANIA"/>
<dc element="dc.source" value="Reuters"/>
</metadata>
</newsitem>
