<?xml version="1.0" encoding="iso-8859-1" ?>
<newsitem itemid="270387" id="root" date="1996-12-20" xml:lang="en">
<title>USA: RESEARCH ALERT - DSP Communications a buy.</title>
<headline>RESEARCH ALERT - DSP Communications a buy.</headline>
<text>
<p>-- Deutsche Morgan Grenfell said it started coverage of DSP Communications Inc as buy.</p>
<p>-- Set 1997 share estimate of $0.72 and $0.97 for 1998.</p>
<p>-- The stock rose 1-1/8 to 19-3/4.</p>
</text>
<copyright>(c) Reuters Limited 1996</copyright>
<metadata>
<codes class="bip:countries:1.0">
  <code code="USA">
    <editdetail attribution="Reuters BIP Coding Group" action="confirmed" date="1996-12-20"/>
  </code>
</codes>
<codes class="bip:industries:1.0">
  <code code="I34400">
    <editdetail attribution="Reuters BIP Coding Group" action="confirmed" date="1996-12-20"/>
  </code>
</codes>
<codes class="bip:topics:1.0">
  <code code="C15">
    <editdetail attribution="Reuters BIP Coding Group" action="confirmed" date="1996-12-20"/>
  </code>
  <code code="C152">
    <editdetail attribution="Reuters BIP Coding Group" action="confirmed" date="1996-12-20"/>
  </code>
  <code code="CCAT">
    <editdetail attribution="Reuters BIP Coding Group" action="confirmed" date="1996-12-20"/>
  </code>
</codes>
<dc element="dc.publisher" value="Reuters Holdings Plc"/>
<dc element="dc.date.published" value="1996-12-20"/>
<dc element="dc.source" value="Reuters"/>
<dc element="dc.creator.location.country.name" value="USA"/>
<dc element="dc.source" value="Reuters"/>
</metadata>
</newsitem>
