<?xml version="1.0" encoding="iso-8859-1" ?>
<newsitem itemid="149891" id="root" date="1996-10-29" xml:lang="en">
<title>UK: GDR REPORT-India little changed in sluggish day.</title>
<headline>GDR REPORT-India little changed in sluggish day.</headline>
<dateline>LONDON 1996-10-29</dateline>
<text>
<p>Most Indian global depositary receipts (GDRs) ended weaker on Tuesday in thin trade with few institutional buyers on the horizon.</p>
<p>&quot;It has been a very quiet day,&quot; said one trader.</p>
<p>The HSBC James Capel Indian GDR index  JCEAI closed down 0.44 points, 0.71 percent, at 61.08 points, with the premium over the local market at 7.26 percent compared with yesterday's 7.55 percent.</p>
<p>The Bombay Stock Exchange 30-share index fell 24.58 points, or 0.75 percent, to 3,239.94.</p>
<p>Traders said the market had rapidly retraced its gains from the central bank easing of bank reserve requirements and now looked set in for a trading range of 3,000-3,300.</p>
<p>The Capel Korea GDR Index ended off 1.88 points, 2.79 percent, at 65.33, a premium of 28.74 percent over the local market after the Korea Composite Index fell 13.76 points to a provisional 766.32.</p>
<p>The Capel Taiwan GDR Index ended down 1.65 points, 1.88 percent, at 86.14, a premium of 1.39 percent after the Taiwan Weighted Index fell 65.05 points or 1.01 percent to 6,359.67. -- David Chance, London Newsroom +44 171 542 5887</p>
</text>
<copyright>(c) Reuters Limited 1996</copyright>
<metadata>
<codes class="bip:countries:1.0">
  <code code="INDIA">
    <editdetail attribution="Reuters BIP Coding Group" action="confirmed" date="1996-10-29"/>
  </code>
  <code code="UK">
    <editdetail attribution="Reuters BIP Coding Group" action="confirmed" date="1996-10-29"/>
  </code>
</codes>
<codes class="bip:topics:1.0">
  <code code="M11">
    <editdetail attribution="Reuters BIP Coding Group" action="confirmed" date="1996-10-29"/>
  </code>
  <code code="MCAT">
    <editdetail attribution="Reuters BIP Coding Group" action="confirmed" date="1996-10-29"/>
  </code>
</codes>
<dc element="dc.date.created" value="1996-10-29"/>
<dc element="dc.publisher" value="Reuters Holdings Plc"/>
<dc element="dc.date.published" value="1996-10-29"/>
<dc element="dc.source" value="Reuters"/>
<dc element="dc.creator.location" value="LONDON"/>
<dc element="dc.creator.location.country.name" value="UK"/>
<dc element="dc.source" value="Reuters"/>
</metadata>
</newsitem>
