<?xml version="1.0" encoding="iso-8859-1" ?>
<newsitem itemid="21066" id="root" date="1996-08-29" xml:lang="en">
<title>CANADA: Noranda cuts Brunswick zinc output.</title>
<headline>Noranda cuts Brunswick zinc output.</headline>
<dateline>TORONTO 1996-08-29</dateline>
<text>
<p>Noranda Inc's mining arm said Thursday it will cut zinc production at its Brunswick mining division for the rest of the year.</p>
<p>The company said recent seismic activity has hurt the ability of the mine to operate safely at planned levels.</p>
<p>Since the beginning of the year, the production rate has averaged 9,600 tonnes per day.</p>
<p>The company said production will be cut back to 8,500 tonnes per day for the rest of the year.</p>
<p>Noranda said it is revising its mining plan and ground control program to ensure safe long-term production.  </p>
<p>The revision should allow the mine production to return closer to historical levels when zinc prices improve, Noranda said in a statement.</p>
<p>Noranda would not say how much the production cut would cost the company.</p>
<p>&quot;We don't have a figure that we're releasing at this time,&quot; Roger Clinch, director of corporate communications at the mine near Bathurst, N.B., said in a telephone interview.</p>
<p>He said the costs would show up in third-quarter results.</p>
<p>Production of bulk concentrate has also been affected, the company said.</p>
<p>Production of zinc conentrate at the Brunswick mine for the first six months of 1996 was 230,000 dry metric tonnes compared to the record setting annual production levels of 480,000 dry metric tonnes established over the last few years, the company said.</p>
<p>-- Reuters Toronto Bureau 416 941-8100</p>
</text>
<copyright>(c) Reuters Limited 1996</copyright>
<metadata>
<codes class="bip:countries:1.0">
  <code code="CANA">
    <editdetail attribution="Reuters BIP Coding Group" action="confirmed" date="1996-08-29"/>
  </code>
</codes>
<codes class="bip:industries:1.0">
  <code code="I21000">
    <editdetail attribution="Reuters BIP Coding Group" action="confirmed" date="1996-08-29"/>
  </code>
</codes>
<codes class="bip:topics:1.0">
  <code code="C21">
    <editdetail attribution="Reuters BIP Coding Group" action="confirmed" date="1996-08-29"/>
  </code>
  <code code="CCAT">
    <editdetail attribution="Reuters BIP Coding Group" action="confirmed" date="1996-08-29"/>
  </code>
</codes>
<dc element="dc.date.created" value="1996-08-29"/>
<dc element="dc.publisher" value="Reuters Holdings Plc"/>
<dc element="dc.date.published" value="1996-08-29"/>
<dc element="dc.source" value="Reuters"/>
<dc element="dc.creator.location" value="TORONTO"/>
<dc element="dc.creator.location.country.name" value="CANADA"/>
<dc element="dc.source" value="Reuters"/>
</metadata>
</newsitem>
