<?xml version="1.0" encoding="iso-8859-1" ?>
<newsitem itemid="575186" id="root" date="1997-05-12" xml:lang="en">
<title>INDIA: CRICKET-PAKISTAN BEAT SRI LANKA BY 30 RUNS.</title>
<headline>CRICKET-PAKISTAN BEAT SRI LANKA BY 30 RUNS.</headline>
<dateline>GWALIOR, India 1997-05-12</dateline>
<text>
<p>Pakistan beat Sri Lanka by 30 runs in a four-nation Independence Cup cricket tournament match on Monday.</p>
<p>Scores: Pakistan 289-6 in 50 overs (innings closed), Sri Lanka 259 in 49.5 overs.</p>
</text>
<copyright>(c) Reuters Limited 1997</copyright>
<metadata>
<codes class="bip:countries:1.0">
  <code code="INDIA">
    <editdetail attribution="Reuters BIP Coding Group" action="confirmed" date="1997-05-12"/>
  </code>
  <code code="PAKIS">
    <editdetail attribution="Reuters BIP Coding Group" action="confirmed" date="1997-05-12"/>
  </code>
  <code code="SRILAN">
    <editdetail attribution="Reuters BIP Coding Group" action="confirmed" date="1997-05-12"/>
  </code>
</codes>
<codes class="bip:topics:1.0">
  <code code="GCAT">
    <editdetail attribution="Reuters BIP Coding Group" action="confirmed" date="1997-05-12"/>
  </code>
  <code code="GSPO">
    <editdetail attribution="Reuters BIP Coding Group" action="confirmed" date="1997-05-12"/>
  </code>
</codes>
<dc element="dc.date.created" value="1997-05-12"/>
<dc element="dc.publisher" value="Reuters Holdings Plc"/>
<dc element="dc.date.published" value="1997-05-12"/>
<dc element="dc.source" value="Reuters"/>
<dc element="dc.creator.location" value="GWALIOR, India"/>
<dc element="dc.creator.location.country.name" value="INDIA"/>
<dc element="dc.source" value="Reuters"/>
</metadata>
</newsitem>
