<?xml version="1.0" encoding="iso-8859-1" ?>
<newsitem itemid="355043" id="root" date="1997-02-04" xml:lang="en">
<title>UK: Baltic Handy Index fell to 1,006.</title>
<headline>Baltic Handy Index fell to 1,006.</headline>
<dateline>LONDON 1997-02-04</dateline>
<text>
<p>The Baltic Handy Index for Handy size shipping rates fell to 1,006 on Tuesday from 1,016 on Jan 30, with the base being Jan 7 1997 equals 1000. The BHI is based on the following routes with rates in dollars/tonne.</p>
<p> Route					 Weighting   Average   Prev</p>
<p>								   ($/Day)</p>
<p>1. Continent/Far East			 25 pct    12,000  12,058</p>
<p>2. Japan-S.Korea/NoPac or Australia RV  30	   8,280   8,342</p>
<p>3. Singapore/Australia/Continent	  15	   5,340   5,417</p>
<p>4. Continent/N or S.Atlantic RV	   30	   8,063   8,170</p>
<p>(All for 43,000 DWT)</p>
<p>Ongoing Trial Routes					     $/MT</p>
<p>T1 1.4-1.6 M 55' USG/Continent-Grains    -	    13.75  14.13</p>
<p>T2 28/32,000 53' Brazil/Continent-Grains -	    15.17  15.16</p>
<p>Note - The Index initially to be published each Tuesday and Thursday is derived from four Handymax time charter routes based on the 'Baltic Handy Max', a modern 43,000 DWT vessel with 25 ton cranes.  The Baltic Exchange will also publish returns on two other trial routes alongside the Index. They may be included in it at a later date.</p>
</text>
<copyright>(c) Reuters Limited 1997</copyright>
<metadata>
<codes class="bip:countries:1.0">
  <code code="UK">
    <editdetail attribution="Reuters BIP Coding Group" action="confirmed" date="1997-02-04"/>
  </code>
</codes>
<codes class="bip:topics:1.0">
  <code code="M14">
    <editdetail attribution="Reuters BIP Coding Group" action="confirmed" date="1997-02-04"/>
  </code>
  <code code="MCAT">
    <editdetail attribution="Reuters BIP Coding Group" action="confirmed" date="1997-02-04"/>
  </code>
</codes>
<dc element="dc.date.created" value="1997-02-04"/>
<dc element="dc.publisher" value="Reuters Holdings Plc"/>
<dc element="dc.date.published" value="1997-02-04"/>
<dc element="dc.source" value="Reuters"/>
<dc element="dc.creator.location" value="LONDON"/>
<dc element="dc.creator.location.country.name" value="UK"/>
<dc element="dc.source" value="Reuters"/>
</metadata>
</newsitem>
