<?xml version="1.0" encoding="iso-8859-1" ?>
<newsitem itemid="106702" id="root" date="1996-10-09" xml:lang="en">
<title>JAPAN: Asia's crude refining shortage seen growing--study.</title>
<headline>Asia's crude refining shortage seen growing--study.</headline>
<dateline>TOKYO 1996-10-09</dateline>
<text>
<p>A shortage in Asia's crude refining capacity is expected to worsen as demand for oil products in the region outpaces construction of new refining units, a study by an oil industry body said on Wednesday.</p>
<p>The study by the Petroleum Association of Japan (PAJ) forecasts the deficit in refining capacity in Asian countries, excluding Japan, to grow from 523,000 barrels per day (bpd) in 1995 to 881,000 bpd in 2000 and 1.24 million bpd in 2005.</p>
<p>Japan is not included in the study, which aims to find out what impact Asia's oil product output and demand will have on Japan's import market.</p>
<p>On April 1, Japan liberalised its oil product import market, which was previously dominated by refiners.</p>
<p>The 14 countries covered in the survey were China, South Korea, Taiwan, the Philippines, Hong Kong, Indonesia, Malaysia, Thailand, Vietnam, Singapore, Pakistan, India, Sri Lanka and Australia.</p>
<p>Demand for oil products in the 14 countries is expected to increase by 45.7 percent from 1995 to 15.6 million barrels per day (bpd) in 2005, the study showed.</p>
<p>Growth in crude processing capacity is forecast to lag behind, rising by 40.2 percent to 16.14 million bpd, it said.</p>
<p>The PAJ said the shortfall in oil product supplies would be be sufficiently covered through imports and production from newly constructed refineries in Asia.</p>
<p>When looking at Asian refining capacity, the report noted two recent developments.</p>
<p>Having experienced the Gulf crisis in the early 1990s when Iraq invaded Kuwait, an increasing number of Asian countries are planning to construct their own crude refineries in order to secure stable supplies.</p>
<p>Also, non-oil companies are planning to enter the refining business. Taiwan's Formosa Plastics Corp and Thai Petrochemical Industry Plc both have plans to build large refining units, the PAJ said.</p>
<p>Formosa is expected to export oil products other than naphtha, which it will consume itself, to China, it said.</p>
<p>Increased production of natural gas in the Middle East, in countries such as Qatar, Abu Dhabi and Oman, is also expected to help relieve Asia's growing appetite for middle distillates.</p>
<p>Condensates share many of the characteristics of exceptionally light crudes.</p>
<p>Light crudes tend to yield a greater amount of middle distillates, such as gas oil and kerosene.</p>
</text>
<copyright>(c) Reuters Limited 1996</copyright>
<metadata>
<codes class="bip:countries:1.0">
  <code code="ASIA">
    <editdetail attribution="Reuters BIP Coding Group" action="confirmed" date="1996-10-09"/>
  </code>
  <code code="JAP">
    <editdetail attribution="Reuters BIP Coding Group" action="confirmed" date="1996-10-09"/>
  </code>
</codes>
<codes class="bip:industries:1.0">
  <code code="I13000">
    <editdetail attribution="Reuters BIP Coding Group" action="confirmed" date="1996-10-09"/>
  </code>
  <code code="I14000">
    <editdetail attribution="Reuters BIP Coding Group" action="confirmed" date="1996-10-09"/>
  </code>
  <code code="I25120">
    <editdetail attribution="Reuters BIP Coding Group" action="confirmed" date="1996-10-09"/>
  </code>
  <code code="I48100">
    <editdetail attribution="Reuters BIP Coding Group" action="confirmed" date="1996-10-09"/>
  </code>
</codes>
<codes class="bip:topics:1.0">
  <code code="C21">
    <editdetail attribution="Reuters BIP Coding Group" action="confirmed" date="1996-10-09"/>
  </code>
  <code code="C24">
    <editdetail attribution="Reuters BIP Coding Group" action="confirmed" date="1996-10-09"/>
  </code>
  <code code="C31">
    <editdetail attribution="Reuters BIP Coding Group" action="confirmed" date="1996-10-09"/>
  </code>
  <code code="CCAT">
    <editdetail attribution="Reuters BIP Coding Group" action="confirmed" date="1996-10-09"/>
  </code>
  <code code="M14">
    <editdetail attribution="Reuters BIP Coding Group" action="confirmed" date="1996-10-09"/>
  </code>
  <code code="M143">
    <editdetail attribution="Reuters BIP Coding Group" action="confirmed" date="1996-10-09"/>
  </code>
  <code code="MCAT">
    <editdetail attribution="Reuters BIP Coding Group" action="confirmed" date="1996-10-09"/>
  </code>
</codes>
<dc element="dc.date.created" value="1996-10-09"/>
<dc element="dc.publisher" value="Reuters Holdings Plc"/>
<dc element="dc.date.published" value="1996-10-09"/>
<dc element="dc.source" value="Reuters"/>
<dc element="dc.creator.location" value="TOKYO"/>
<dc element="dc.creator.location.country.name" value="JAPAN"/>
<dc element="dc.source" value="Reuters"/>
</metadata>
</newsitem>
