<?xml version="1.0" encoding="iso-8859-1" ?>
<newsitem itemid="165483" id="root" date="1996-11-05" xml:lang="en">
<title>USA: AMEX closing averages.</title>
<headline>AMEX closing averages.</headline>
<dateline>NEW YORK 1996-11-05</dateline>
<text>
<p>Prices on the American Stock Exchange closed mixed on Tuesday in moderate trading.</p>
<p>The Amex index closed at 573.72, up 1.86.</p>
<p>Losers outnumbered gainers 241 to 239.</p>
<p>The average price per share rose $0.04.</p>
<p>Preliminary volume was 18,043,820, compared with 17,392,105 Monday.</p>
<p>	 (Prices official as of 1645 EST/2145 GMT)</p>
</text>
<copyright>(c) Reuters Limited 1996</copyright>
<metadata>
<codes class="bip:countries:1.0">
  <code code="USA">
    <editdetail attribution="Reuters BIP Coding Group" action="confirmed" date="1996-11-05"/>
  </code>
</codes>
<codes class="bip:topics:1.0">
  <code code="M11">
    <editdetail attribution="Reuters BIP Coding Group" action="confirmed" date="1996-11-05"/>
  </code>
  <code code="MCAT">
    <editdetail attribution="Reuters BIP Coding Group" action="confirmed" date="1996-11-05"/>
  </code>
</codes>
<dc element="dc.date.created" value="1996-11-05"/>
<dc element="dc.publisher" value="Reuters Holdings Plc"/>
<dc element="dc.date.published" value="1996-11-05"/>
<dc element="dc.source" value="Reuters"/>
<dc element="dc.creator.location" value="NEW YORK"/>
<dc element="dc.creator.location.country.name" value="USA"/>
<dc element="dc.source" value="Reuters"/>
</metadata>
</newsitem>
