<?xml version="1.0" encoding="iso-8859-1" ?>
<newsitem itemid="735603" id="root" date="1997-07-17" xml:lang="en">
<title>BRAZIL: Two die in jailbreak in Brazil.</title>
<headline>Two die in jailbreak in Brazil.</headline>
<dateline>RIO DE JANEIRO 1997-07-17</dateline>
<text>
<p>Two prison officials died in a jailbreak on Thursday at a prison in the southern Brazilian state of Santa Catarina, a prison spokesman said.</p>
<p>A prison lawyer was shot to death by two inmates who escaped in his car, taking three prison officials with them as hostages, he said.</p>
<p>One of the hostages died when the car overturned during the escape and the other two were injured, he added.</p>
<p>Another five prisoners escaped on foot from the jail in the town of Sao Cristovao, the spokesman said.</p>
<p>The seven fugitives remained at large on Thursday night.</p>
<p>Another five hostages were taken by the other rebellious inmates of the prison who demanded better medical treatment and a review of their sentences, the spokesman said.</p>
</text>
<copyright>(c) Reuters Limited 1997</copyright>
<metadata>
<codes class="bip:countries:1.0">
  <code code="BRAZ">
    <editdetail attribution="Reuters BIP Coding Group" action="confirmed" date="1997-07-17"/>
  </code>
</codes>
<codes class="bip:topics:1.0">
  <code code="GCAT">
    <editdetail attribution="Reuters BIP Coding Group" action="confirmed" date="1997-07-17"/>
  </code>
  <code code="GCRIM">
    <editdetail attribution="Reuters BIP Coding Group" action="confirmed" date="1997-07-17"/>
  </code>
</codes>
<dc element="dc.date.created" value="1997-07-17"/>
<dc element="dc.publisher" value="Reuters Holdings Plc"/>
<dc element="dc.date.published" value="1997-07-17"/>
<dc element="dc.source" value="Reuters"/>
<dc element="dc.creator.location" value="RIO DE JANEIRO"/>
<dc element="dc.creator.location.country.name" value="BRAZIL"/>
<dc element="dc.source" value="Reuters"/>
</metadata>
</newsitem>
