<?xml version="1.0" encoding="iso-8859-1" ?>
<newsitem itemid="497342" id="root" date="1997-04-09" xml:lang="en">
<title>INDIA: Indian foodgrains prices - Delhi - April 9.</title>
<headline>Indian foodgrains prices - Delhi - April 9.</headline>
<text>
<p>Rates supplied by Asian News International, New Delhi</p>
<p>   Time: 091338     -- Tel: 011 331 2724</p>
<p>				   indicative		previous</p>
<p> Grains			    opening		   close</p>
<p>		 (in rupees per 100 kg. unless stated)</p>
<p>-----------------------------------------------------------</p>
<p> Wheat Desi  (M.P)	    1050-1100		1050-1100</p>
<p> Wheat Desi  (HR)		800-850		  800-850</p>
<p> Wheat			     680-685		  650-685</p>
<p> Atta Chakki(per 10 kg)	95			 95</p>
<p> Roller Mill(per bag)	  680-685		  680-685</p>
<p> Maida(per 10 kg)		780-800		  780-800</p>
<p> Sooji(per bag)		  800-810		  800-810</p>
<p> Rice Basmati(lal quila)    4200		     4200</p>
<p> Rice Basmati(common)	 2500-2700		2500-2700</p>
<p> Rice Permal		     700-900		  700-900</p>
<p> Rice Sela			 700-850		  700-850</p>
<p> I.R.-8			    650-700		  650-700</p>
<p> Gram			     1240-1270		1240-1270</p>
<p> Peas  Green		    1150-1200		1150-1200</p>
<p> Peas White		     1050-1100		1050-1100</p>
<p> Bajra			     400-435		  400-435</p>
<p> Jowar			     400-850		  400-850</p>
<p> Maize			     600-650		  600-650</p>
<p> Barley			    540-550		  540-550</p>
<p> Guwar White		    1625-1675		1625-1675</p>
<p>.</p>
<p>Source: Delhi grain market Traders</p>
<p>To contribute to this daily table of indicative market rates, please fax Delhi on 011-332 0841, attention:  Subhash Chopra &amp; Satish Sharma.</p>
</text>
<copyright>(c) Reuters Limited 1997</copyright>
<metadata>
<codes class="bip:countries:1.0">
  <code code="INDIA">
    <editdetail attribution="Reuters BIP Coding Group" action="confirmed" date="1997-04-09"/>
  </code>
</codes>
<codes class="bip:topics:1.0">
  <code code="M14">
    <editdetail attribution="Reuters BIP Coding Group" action="confirmed" date="1997-04-09"/>
  </code>
  <code code="M141">
    <editdetail attribution="Reuters BIP Coding Group" action="confirmed" date="1997-04-09"/>
  </code>
  <code code="MCAT">
    <editdetail attribution="Reuters BIP Coding Group" action="confirmed" date="1997-04-09"/>
  </code>
</codes>
<dc element="dc.publisher" value="Reuters Holdings Plc"/>
<dc element="dc.date.published" value="1997-04-09"/>
<dc element="dc.source" value="Reuters"/>
<dc element="dc.creator.location.country.name" value="INDIA"/>
<dc element="dc.source" value="Reuters"/>
</metadata>
</newsitem>
