<?xml version="1.0" encoding="iso-8859-1" ?>
<newsitem itemid="232723" id="root" date="1996-12-03" xml:lang="en">
<title>SINGAPORE: Singapore HSFO firm in $120-$123/T range.</title>
<headline>Singapore HSFO firm in $120-$123/T range.</headline>
<dateline>SINGAPORE 1996-12-03</dateline>
<text>
<p>High sulphur fuel oil prices on Tuesday were assessed firm on overnight crude gains and strong fundamentals, traders said.</p>
<p>Traders expected bids/offers to hover around the current range of $120-$123 per tonne for free-on-board December liftings from Singapore.</p>
<p>They said the market remained healthy with Chinese demand and dampened supplies from South Korean refineries which are running more low sulphur crude to maximise distillate production.  </p>
<p>High sulphur 180 centistoke fuel oil was quoted at $121/$123 per tonne on Monday.</p>
<p>Another trader said cash levels are likely to track swaps quotes, December swaps were indicated at $120.50/$121.50 against Monday's quotes at $119.25/$120.50 per tonne.</p>
<p>But as crude eased on profit-taking interest, traders said the current price support may be curtailed.</p>
<p>-- Singapore Newsroom (65-870-3082).</p>
</text>
<copyright>(c) Reuters Limited 1996</copyright>
<metadata>
<codes class="bip:countries:1.0">
  <code code="SINGP">
    <editdetail attribution="Reuters BIP Coding Group" action="confirmed" date="1996-12-03"/>
  </code>
</codes>
<codes class="bip:topics:1.0">
  <code code="M14">
    <editdetail attribution="Reuters BIP Coding Group" action="confirmed" date="1996-12-03"/>
  </code>
  <code code="M143">
    <editdetail attribution="Reuters BIP Coding Group" action="confirmed" date="1996-12-03"/>
  </code>
  <code code="MCAT">
    <editdetail attribution="Reuters BIP Coding Group" action="confirmed" date="1996-12-03"/>
  </code>
</codes>
<dc element="dc.date.created" value="1996-12-03"/>
<dc element="dc.publisher" value="Reuters Holdings Plc"/>
<dc element="dc.date.published" value="1996-12-03"/>
<dc element="dc.source" value="Reuters"/>
<dc element="dc.creator.location" value="SINGAPORE"/>
<dc element="dc.creator.location.country.name" value="SINGAPORE"/>
<dc element="dc.source" value="Reuters"/>
</metadata>
</newsitem>
