<?xml version="1.0" encoding="iso-8859-1" ?>
<newsitem itemid="728098" id="root" date="1997-07-15" xml:lang="en">
<title>USA: Dow claws back from session lows, Nasdaq rises.</title>
<headline>Dow claws back from session lows, Nasdaq rises.</headline>
<dateline>NEW YORK 1997-07-15</dateline>
<text>
<p>U.S. blue chip stocks recouped some of their morning losses on Tuesday while technology stocks tacked on more gains, drawing most of the attention as investors focused on second-quarter earnings.</p>
<p>The Dow Jones Industrial average, which suffered amid some profit-taking earlier in the day, rose from session lows to trade down 12 points at 7911.</p>
<p>The Nasdaq composite extended a recent rally, adding 10 points to 1534. Technology stocks were firmer ahead of results from Intel Corp, due after the close.</p>
<p>The long bond was down 3/32 at a 6.56 percent yield.</p>
<p>((Wall Street desk 212-859-1730))</p>
</text>
<copyright>(c) Reuters Limited 1997</copyright>
<metadata>
<codes class="bip:countries:1.0">
  <code code="USA">
    <editdetail attribution="Reuters BIP Coding Group" action="confirmed" date="1997-07-15"/>
  </code>
</codes>
<codes class="bip:topics:1.0">
  <code code="M11">
    <editdetail attribution="Reuters BIP Coding Group" action="confirmed" date="1997-07-15"/>
  </code>
  <code code="MCAT">
    <editdetail attribution="Reuters BIP Coding Group" action="confirmed" date="1997-07-15"/>
  </code>
</codes>
<dc element="dc.date.created" value="1997-07-15"/>
<dc element="dc.publisher" value="Reuters Holdings Plc"/>
<dc element="dc.date.published" value="1997-07-15"/>
<dc element="dc.source" value="Reuters"/>
<dc element="dc.creator.location" value="NEW YORK"/>
<dc element="dc.creator.location.country.name" value="USA"/>
<dc element="dc.source" value="Reuters"/>
</metadata>
</newsitem>
