<?xml version="1.0" encoding="iso-8859-1" ?>
<newsitem itemid="530833" id="root" date="1997-04-23" xml:lang="en">
<title>USA: Itla Capital Q1 shr $0.36 vs $0.37.</title>
<headline>Itla Capital Q1 shr $0.36 vs $0.37.</headline>
<dateline>LA JOLLA, Calif. 1997-04-23</dateline>
<text>
<p>ITLA Capital Corp Wednesday reported net income for the first  quarter of 1997 of $2.9 million or $0.36 a share compared with net  income of $2.2 million $0.37 a share for the first quarter of 1996.</p>
<p>Total assets and interest-earning assets as of March 31, 1997 were $810.5 million and $804.0 million, respectively, compared to $810.4 million and $801.2 million, respectively at Dec. 31, 1996. Nonperforming assets to total assets decreased to 1.5 percent at  March 31, 1997 from 1.6 percent at Dec. 31, 1996 and from 1.9  percent from March 31, 1996.</p>
</text>
<copyright>(c) Reuters Limited 1997</copyright>
<metadata>
<codes class="bip:countries:1.0">
  <code code="USA">
    <editdetail attribution="Reuters BIP Coding Group" action="confirmed" date="1997-04-23"/>
  </code>
</codes>
<codes class="bip:industries:1.0">
  <code code="I81501">
    <editdetail attribution="Reuters BIP Coding Group" action="confirmed" date="1997-04-23"/>
  </code>
  <code code="I8150103">
    <editdetail attribution="Reuters BIP Coding Group" action="confirmed" date="1997-04-23"/>
  </code>
</codes>
<codes class="bip:topics:1.0">
  <code code="C15">
    <editdetail attribution="Reuters BIP Coding Group" action="confirmed" date="1997-04-23"/>
  </code>
  <code code="C151">
    <editdetail attribution="Reuters BIP Coding Group" action="confirmed" date="1997-04-23"/>
  </code>
  <code code="CCAT">
    <editdetail attribution="Reuters BIP Coding Group" action="confirmed" date="1997-04-23"/>
  </code>
</codes>
<dc element="dc.date.created" value="1997-04-23"/>
<dc element="dc.publisher" value="Reuters Holdings Plc"/>
<dc element="dc.date.published" value="1997-04-23"/>
<dc element="dc.source" value="Reuters"/>
<dc element="dc.creator.location" value="LA JOLLA, Calif."/>
<dc element="dc.creator.location.country.name" value="USA"/>
<dc element="dc.source" value="Reuters"/>
</metadata>
</newsitem>
