<?xml version="1.0" encoding="iso-8859-1" ?>
<newsitem itemid="726814" id="root" date="1997-07-14" xml:lang="en">
<title>USA: Carbide/Graphite to expand production.</title>
<headline>Carbide/Graphite to expand production.</headline>
<dateline>PITTSBURGH 1997-07-14</dateline>
<text>
<p>The Carbide/Graphite Group Inc said Monday it planned to invest $22 million to increase production at a needle coke facility in located in Seadrift, Texas.</p>
<p>The company said in a statement it will fund the expansion at Seadrift Coke LP through internal cash flow and available credit facilities.</p>
<p>&quot;(The expansion) is expected to significantly improve the earnings potential of (the company),&quot; it said.</p>
<p>It said it expected to compete the project in a year, increasing capacity by more than 30 percent from 130,000 tons to more than 170,000 tons.</p>
<p>&quot;Installation of equipment for the project is planned for the third quarter of (the company's) fiscal 1998 and will require the Seadrift plant to be idle for approximately two weeks,&quot; it said.</p>
<p>The Carbide/Graphite Group makes industrial graphite and calcium carbide products.</p>
</text>
<copyright>(c) Reuters Limited 1997</copyright>
<metadata>
<codes class="bip:countries:1.0">
  <code code="USA">
    <editdetail attribution="Reuters BIP Coding Group" action="confirmed" date="1997-07-14"/>
  </code>
</codes>
<codes class="bip:industries:1.0">
  <code code="I23000">
    <editdetail attribution="Reuters BIP Coding Group" action="confirmed" date="1997-07-14"/>
  </code>
</codes>
<codes class="bip:topics:1.0">
  <code code="C21">
    <editdetail attribution="Reuters BIP Coding Group" action="confirmed" date="1997-07-14"/>
  </code>
  <code code="C24">
    <editdetail attribution="Reuters BIP Coding Group" action="confirmed" date="1997-07-14"/>
  </code>
  <code code="CCAT">
    <editdetail attribution="Reuters BIP Coding Group" action="confirmed" date="1997-07-14"/>
  </code>
</codes>
<dc element="dc.date.created" value="1997-07-14"/>
<dc element="dc.publisher" value="Reuters Holdings Plc"/>
<dc element="dc.date.published" value="1997-07-14"/>
<dc element="dc.source" value="Reuters"/>
<dc element="dc.creator.location" value="PITTSBURGH"/>
<dc element="dc.creator.location.country.name" value="USA"/>
<dc element="dc.source" value="Reuters"/>
</metadata>
</newsitem>
