<?xml version="1.0" encoding="iso-8859-1" ?>
<newsitem itemid="266023" id="root" date="1996-12-19" xml:lang="en">
<title>USA: RESEARCH ALERT - Silicon Storage.</title>
<headline>RESEARCH ALERT - Silicon Storage.</headline>
<text>
<p>-- Hambrecht &amp; Quist downgraded Silicon Storage Technology Inc to hold, citing weak results announced Wednesday.</p>
<p>-- Notes pricing pressure expected to continue in 1997 due to excess inventories and competition in the Taiwan Motherboard flash memory market.</p>
</text>
<copyright>(c) Reuters Limited 1996</copyright>
<metadata>
<codes class="bip:countries:1.0">
  <code code="USA">
    <editdetail attribution="Reuters BIP Coding Group" action="confirmed" date="1996-12-19"/>
  </code>
</codes>
<codes class="bip:industries:1.0">
  <code code="I34531">
    <editdetail attribution="Reuters BIP Coding Group" action="confirmed" date="1996-12-19"/>
  </code>
</codes>
<codes class="bip:topics:1.0">
  <code code="C15">
    <editdetail attribution="Reuters BIP Coding Group" action="confirmed" date="1996-12-19"/>
  </code>
  <code code="C152">
    <editdetail attribution="Reuters BIP Coding Group" action="confirmed" date="1996-12-19"/>
  </code>
  <code code="CCAT">
    <editdetail attribution="Reuters BIP Coding Group" action="confirmed" date="1996-12-19"/>
  </code>
</codes>
<dc element="dc.publisher" value="Reuters Holdings Plc"/>
<dc element="dc.date.published" value="1996-12-19"/>
<dc element="dc.source" value="Reuters"/>
<dc element="dc.creator.location.country.name" value="USA"/>
<dc element="dc.source" value="Reuters"/>
</metadata>
</newsitem>
