<?xml version="1.0" encoding="iso-8859-1" ?>
<newsitem itemid="179728" id="root" date="1996-11-11" xml:lang="en">
<title>CANADA: Montreal indices closing - Nov 11.</title>
<headline>Montreal indices closing - Nov 11.</headline>
<text>
<p>Industrials		  2754.32   +18.8</p>
<p> Utilities		    2661.38   -5.35</p>
<p> Banks			  4145.01   -5.93</p>
<p> Portfolio		     2895.6  +10.73</p>
<p> Volume			11518185</p>
</text>
<copyright>(c) Reuters Limited 1996</copyright>
<metadata>
<codes class="bip:countries:1.0">
  <code code="CANA">
    <editdetail attribution="Reuters BIP Coding Group" action="confirmed" date="1996-11-11"/>
  </code>
</codes>
<codes class="bip:topics:1.0">
  <code code="M11">
    <editdetail attribution="Reuters BIP Coding Group" action="confirmed" date="1996-11-11"/>
  </code>
  <code code="MCAT">
    <editdetail attribution="Reuters BIP Coding Group" action="confirmed" date="1996-11-11"/>
  </code>
</codes>
<dc element="dc.publisher" value="Reuters Holdings Plc"/>
<dc element="dc.date.published" value="1996-11-11"/>
<dc element="dc.source" value="Reuters"/>
<dc element="dc.creator.location.country.name" value="CANADA"/>
<dc element="dc.source" value="Reuters"/>
</metadata>
</newsitem>
