<?xml version="1.0" encoding="iso-8859-1" ?>
<newsitem itemid="91912" id="root" date="1996-10-02" xml:lang="en">
<title>UK: Credit Suisse sets call warrants on gold.</title>
<headline>Credit Suisse sets call warrants on gold.</headline>
<dateline>LONDON 1996-10-02</dateline>
<text>
<p>Credit Suisse, Zurich say it has issued 4.5 million American-style call warrants, in three equal tranches, on gold.</p>
<p> EXERCISE PERIOD 11.OCT.96-28.OCT.97   PAYDATE	10.OCT.96</p>
<p> LISTING	   NONE			MIN EXER LOT 100</p>
<p> WARRANTS	STRIKE	 ISS PRICE    PREMIUM     GEARING</p>
<p> CALL A	  $360.00	8.55 SFR     4.00 PCT    11.12 TIMES</p>
<p> CALL B	  $380.00	4.80 SFR     5.34 PCT    19.81 TIMES</p>
<p> CALL C	  $400.00	2.25 SFR     7.93 PCT    42.26 TIMES</p>
<p> NOTES</p>
<p>--Reuter London Newsroom +44 171 542 7658</p>
</text>
<copyright>(c) Reuters Limited 1996</copyright>
<metadata>
<codes class="bip:countries:1.0">
  <code code="SWITZ">
    <editdetail attribution="Reuters BIP Coding Group" action="confirmed" date="1996-10-02"/>
  </code>
  <code code="UK">
    <editdetail attribution="Reuters BIP Coding Group" action="confirmed" date="1996-10-02"/>
  </code>
</codes>
<codes class="bip:industries:1.0">
  <code code="I81402">
    <editdetail attribution="Reuters BIP Coding Group" action="confirmed" date="1996-10-02"/>
  </code>
</codes>
<codes class="bip:topics:1.0">
  <code code="C21">
    <editdetail attribution="Reuters BIP Coding Group" action="confirmed" date="1996-10-02"/>
  </code>
  <code code="CCAT">
    <editdetail attribution="Reuters BIP Coding Group" action="confirmed" date="1996-10-02"/>
  </code>
  <code code="M14">
    <editdetail attribution="Reuters BIP Coding Group" action="confirmed" date="1996-10-02"/>
  </code>
  <code code="M142">
    <editdetail attribution="Reuters BIP Coding Group" action="confirmed" date="1996-10-02"/>
  </code>
  <code code="MCAT">
    <editdetail attribution="Reuters BIP Coding Group" action="confirmed" date="1996-10-02"/>
  </code>
</codes>
<dc element="dc.date.created" value="1996-10-02"/>
<dc element="dc.publisher" value="Reuters Holdings Plc"/>
<dc element="dc.date.published" value="1996-10-02"/>
<dc element="dc.source" value="Reuters"/>
<dc element="dc.creator.location" value="LONDON"/>
<dc element="dc.creator.location.country.name" value="UK"/>
<dc element="dc.source" value="Reuters"/>
</metadata>
</newsitem>
