<?xml version="1.0" encoding="iso-8859-1" ?>
<newsitem itemid="253203" id="root" date="1996-12-12" xml:lang="en">
<title>USA: Forest Preserve Dist Cook Cty, Ill. $26 mln priced.</title>
<headline>Forest Preserve Dist Cook Cty, Ill. $26 mln priced.</headline>
<text>
<p>FOREST PRESERVE DISTRICT OF COOK COUNTY, ILLINOIS</p>
<p>RE: $25,615,000*</p>
<p>SERIES 1996</p>
<p>					    13,975,000*</p>
<p>			    GENERAL OBLIGATION LIMITED TAX BONDS</p>
<p>MOODY'S: Aaa - MBIA	S&amp;P: AAA - MBIA  FITCH: AAA - MBIA</p>
<p>A UNDERLYING						A UNDERLYING</p>
<p>DATED: 12/01/1996	  FIRST COUPON: 05/01/1997</p>
<p>DUE: 11/01</p>
<p>ALL BONDS ARE PRICED AT PAR.</p>
<p> MATURITY		AMOUNT*    COUPON</p>
<p>11/01/1998		  255M    4.10  %</p>
<p>11/01/1999		  265M    4.30  %</p>
<p>11/01/2000		  275M    4.45  %</p>
<p>11/01/2001		  290M    4.60  %</p>
<p>11/01/2002		  305M    4.70  %</p>
<p>11/01/2003		  320M    4.80  %</p>
<p>11/01/2004		  335M    4.90  %</p>
<p>11/01/2005		  350M    5.00  %</p>
<p>11/01/2006		  370M    5.10  %</p>
<p>11/01/2007		  390M    5.20  %</p>
<p>11/01/2008		  405M    5.30  %</p>
<p>11/01/2009		  435M    5.40  %</p>
<p>11/01/2010		  455M    5.50  %</p>
<p>11/01/2011		  500M    5.55  %</p>
<p>11/01/2016		9,025M    5.75  %</p>
<p>CALL FEATURES: 11/01/2006 at 101.00, DTP 11/01/2008</p>
<p>-------------------------------------------------------</p>
<p>					   11,640,000*</p>
<p>				  GENERAL OBLIGATION ZOO BONDS</p>
<p>MOODY'S: Aaa - MBIA	  S&amp;P: AAA - MBIA  FITCH: AAA - MBIA</p>
<p>A UNDERLYING						A UNDERLYING</p>
<p>DATED: 12/01/1996	  FIRST COUPON: 05/01/1997</p>
<p>DUE: 11/01</p>
<p>ALL BONDS ARE PRICED AT PAR.</p>
<p> MATURITY		AMOUNT*    COUPON</p>
<p>11/01/1998		  380M    4.10  %</p>
<p>11/01/1999		  395M    4.30  %</p>
<p>11/01/2000		  415M    4.45  %</p>
<p>11/01/2001		  430M    4.60  %</p>
<p>11/01/2002		  450M    4.70  %</p>
<p>11/01/2003		  475M    4.80  %</p>
<p>11/01/2004		  500M    4.90  %</p>
<p>11/01/2005		  525M    5.00  %</p>
<p>11/01/2006		  550M    5.10  %</p>
<p>11/01/2007		  580M    5.20  %</p>
<p>11/01/2008		  610M    5.30  %</p>
<p>11/01/2009		  645M    5.40  %</p>
<p>11/01/2010		  680M    5.50  %</p>
<p>11/01/2011		  720M    5.55  %</p>
<p>11/01/2016		4,285M    5.75  %</p>
<p>CALL FEATURES: 11/01/2006 at 101.00, DTP 11/01/2008</p>
<p>The award is expected Friday, December 13, 1996.</p>
<p>Delivery is expected on December 19, 1996.</p>
<p>Bear, Stearns &amp; Co. Inc.</p>
<p>WR Lazard, Laidlaw &amp; Luther</p>
<p>John Nuveen &amp; Co. Incorporated</p>
<p>Southwestern Capital Markets</p>
<p>William Blair &amp; Company, L.L.C.</p>
<p>--U.S. Municipal Desk, 212-859-1650</p>
</text>
<copyright>(c) Reuters Limited 1996</copyright>
<metadata>
<codes class="bip:countries:1.0">
  <code code="USA">
    <editdetail attribution="Reuters BIP Coding Group" action="confirmed" date="1996-12-12"/>
  </code>
</codes>
<codes class="bip:topics:1.0">
  <code code="E21">
    <editdetail attribution="Reuters BIP Coding Group" action="confirmed" date="1996-12-12"/>
  </code>
  <code code="E212">
    <editdetail attribution="Reuters BIP Coding Group" action="confirmed" date="1996-12-12"/>
  </code>
  <code code="ECAT">
    <editdetail attribution="Reuters BIP Coding Group" action="confirmed" date="1996-12-12"/>
  </code>
</codes>
<dc element="dc.publisher" value="Reuters Holdings Plc"/>
<dc element="dc.date.published" value="1996-12-12"/>
<dc element="dc.source" value="Reuters"/>
<dc element="dc.creator.location.country.name" value="USA"/>
<dc element="dc.source" value="Reuters"/>
</metadata>
</newsitem>
