<?xml version="1.0" encoding="iso-8859-1" ?>
<newsitem itemid="210866" id="root" date="1996-11-22" xml:lang="en">
<title>DENMARK: Great Belt A/S issues 500 mln DKK 4 pct bond.</title>
<headline>Great Belt A/S issues 500 mln DKK 4 pct bond.</headline>
<dateline>COPENHAGEN 1996-11-22</dateline>
<text>
<p>The following new issue was announced on Friday by arranging bank Unibank. BORROWER - Great Belt (Storebaeltsforbindelsen) A/S AMOUNT- 500 MLN DKK  MATURITY - 10 APRIL 2000   ISS DATE - 29 NOVEMBER 1996 ISS PRICE - TO BE</p>
<p>ADVISED --Steve Weizman, Copenhagen newsroom +45 33 969650</p>
</text>
<copyright>(c) Reuters Limited 1996</copyright>
<metadata>
<codes class="bip:countries:1.0">
  <code code="DEN">
    <editdetail attribution="Reuters BIP Coding Group" action="confirmed" date="1996-11-22"/>
  </code>
</codes>
<codes class="bip:industries:1.0">
  <code code="I50200">
    <editdetail attribution="Reuters BIP Coding Group" action="confirmed" date="1996-11-22"/>
  </code>
  <code code="I5020006">
    <editdetail attribution="Reuters BIP Coding Group" action="confirmed" date="1996-11-22"/>
  </code>
</codes>
<codes class="bip:topics:1.0">
  <code code="C17">
    <editdetail attribution="Reuters BIP Coding Group" action="confirmed" date="1996-11-22"/>
  </code>
  <code code="C172">
    <editdetail attribution="Reuters BIP Coding Group" action="confirmed" date="1996-11-22"/>
  </code>
  <code code="CCAT">
    <editdetail attribution="Reuters BIP Coding Group" action="confirmed" date="1996-11-22"/>
  </code>
</codes>
<dc element="dc.date.created" value="1996-11-22"/>
<dc element="dc.publisher" value="Reuters Holdings Plc"/>
<dc element="dc.date.published" value="1996-11-22"/>
<dc element="dc.source" value="Reuters"/>
<dc element="dc.creator.location" value="COPENHAGEN"/>
<dc element="dc.creator.location.country.name" value="DENMARK"/>
<dc element="dc.source" value="Reuters"/>
</metadata>
</newsitem>
