<?xml version="1.0" encoding="iso-8859-1" ?>
<newsitem itemid="284284" id="root" date="1997-01-02" xml:lang="en">
<title>USA: Evergreen Media redeems prfrd shares.</title>
<headline>Evergreen Media redeems prfrd shares.</headline>
<dateline>IRVING, Texas 1997-01-02</dateline>
<text>
<p>Evergreen Media Corp said on Thursday it has completed the redemption of its outstanding $3.00 convertible exchangeable preferred stock.</p>
<p>Evergreen Media, a radio broadcasting company, said 1,608,297 of the preferred shares were converted into a total of 5,025,916 shares of Evergreen's class A common stock at a rate of 3.125 per share of preferred stock surrendered.</p>
<p>Evergreen Media said 1,703 shares of preferred stock were redeemed at $52.70 per share.</p>
<p>The company said it now has 39.0 million shares of class A common stock outstanding.</p>
</text>
<copyright>(c) Reuters Limited 1997</copyright>
<metadata>
<codes class="bip:countries:1.0">
  <code code="USA">
    <editdetail attribution="Reuters BIP Coding Group" action="confirmed" date="1997-01-02"/>
  </code>
</codes>
<codes class="bip:industries:1.0">
  <code code="I97400">
    <editdetail attribution="Reuters BIP Coding Group" action="confirmed" date="1997-01-02"/>
  </code>
</codes>
<codes class="bip:topics:1.0">
  <code code="C17">
    <editdetail attribution="Reuters BIP Coding Group" action="confirmed" date="1997-01-02"/>
  </code>
  <code code="C171">
    <editdetail attribution="Reuters BIP Coding Group" action="confirmed" date="1997-01-02"/>
  </code>
  <code code="CCAT">
    <editdetail attribution="Reuters BIP Coding Group" action="confirmed" date="1997-01-02"/>
  </code>
</codes>
<dc element="dc.date.created" value="1997-01-02"/>
<dc element="dc.publisher" value="Reuters Holdings Plc"/>
<dc element="dc.date.published" value="1997-01-02"/>
<dc element="dc.source" value="Reuters"/>
<dc element="dc.creator.location" value="IRVING, Texas"/>
<dc element="dc.creator.location.country.name" value="USA"/>
<dc element="dc.source" value="Reuters"/>
</metadata>
</newsitem>
