<?xml version="1.0" encoding="iso-8859-1" ?>
<newsitem itemid="239764" id="root" date="1996-12-06" xml:lang="en">
<title>BOLIVIA: Bolivia to hand over oil firm control in 60 days.</title>
<headline>Bolivia to hand over oil firm control in 60 days.</headline>
<dateline>SANTA CRUZ, Bolivia 1996-12-06</dateline>
<text>
<p>Bolivia said Friday it will hand over control of the three units of its state-oil firm sold late Thursday in two months.</p>
<p>&quot;The government issued the transfer decrees today,&quot; Communication Minister Mauricio Balcazar told reporters in La Paz, 300 miles (500 km) northwest of Santa Cruz.  &quot;All the transfer paperwork will be ready in about 60 days and that will be the moment when the transfer will become effective.&quot;</p>
<p>President Gonzalo Sanchez de Lozada's government privatized three operational units of Yacimientos Petroliferos Fiscales Bolivianos (YPFB) for a total $835 million in an internatinal tender.</p>
<p>Althouth that sum was more than twice what authorities were hoping for, the powerful Bolivian Workers Federation (COB) Friday declared a day of mourning, saying the sale to U.S., Spanish and Argentine firms will generate poverty and damage the country's soverignty.</p>
<p>U.S. oil giant Amoco Corp paid $307 million for Chaco Sam -- a YPFB exploration and production unit.</p>
<p>A consortium including Argentina's YPF SA and Perez Companc and Bolivia's  Pluspetrol Bolivia bought Andina Sam, another YPFB exploration and production unit for $265 million.</p>
<p>Another partnership consisting of U.S.-based Enron Corp and Anglo-Dutch giant Royal Dutch/Shell Group spent $264 million for transportation unit Empresa Transportadora de Hidrocarburos SAM.</p>
<p>Under Bolivia's &quot;capitalization&quot; system, winners get 50 percent of the stock and management control of each company. Rather than paying in cash for the shares, they will have to invest the sum they bid to help capitalize the new firms.</p>
<p>The state will keep for itself only the smallest branch, a services and refining unit which will still be called YPFB.</p>
<p>COB Executive Secretary Edgar Ramirez said YPFB was a highly lucrative firm and that now those revenues will benefit foreign corporations instead of impoverished Bolivian workers.</p>
<p>&quot;For this reason, and in defense of the national sovereignty, we reject and will continue to reject handing over YPFB to foreigners,&quot; Ramirez said in announcing the day of mourning.</p>
<p>-- David Haskel, Santa Cruz Press Center +591 911-2339</p>
</text>
<copyright>(c) Reuters Limited 1996</copyright>
<metadata>
<codes class="bip:countries:1.0">
  <code code="BOL">
    <editdetail attribution="Reuters BIP Coding Group" action="confirmed" date="1996-12-06"/>
  </code>
</codes>
<codes class="bip:industries:1.0">
  <code code="I13000">
    <editdetail attribution="Reuters BIP Coding Group" action="confirmed" date="1996-12-06"/>
  </code>
  <code code="I1300003">
    <editdetail attribution="Reuters BIP Coding Group" action="confirmed" date="1996-12-06"/>
  </code>
  <code code="I14000">
    <editdetail attribution="Reuters BIP Coding Group" action="confirmed" date="1996-12-06"/>
  </code>
</codes>
<codes class="bip:topics:1.0">
  <code code="C18">
    <editdetail attribution="Reuters BIP Coding Group" action="confirmed" date="1996-12-06"/>
  </code>
  <code code="C181">
    <editdetail attribution="Reuters BIP Coding Group" action="confirmed" date="1996-12-06"/>
  </code>
  <code code="C183">
    <editdetail attribution="Reuters BIP Coding Group" action="confirmed" date="1996-12-06"/>
  </code>
  <code code="CCAT">
    <editdetail attribution="Reuters BIP Coding Group" action="confirmed" date="1996-12-06"/>
  </code>
</codes>
<dc element="dc.date.created" value="1996-12-06"/>
<dc element="dc.publisher" value="Reuters Holdings Plc"/>
<dc element="dc.date.published" value="1996-12-06"/>
<dc element="dc.source" value="Reuters"/>
<dc element="dc.creator.location" value="SANTA CRUZ, Bolivia"/>
<dc element="dc.creator.location.country.name" value="BOLIVIA"/>
<dc element="dc.source" value="Reuters"/>
</metadata>
</newsitem>
