<?xml version="1.0" encoding="iso-8859-1" ?>
<newsitem itemid="323178" id="root" date="1997-01-21" xml:lang="en">
<title>SOUTH KOREA: Seoul stocks end sharply down on labour talks.</title>
<headline>Seoul stocks end sharply down on labour talks.</headline>
<dateline>SEOUL 1997-01-21</dateline>
<text>
<p>South Korean stocks closed sharply lower on Tuesday after investors became skeptical about an early end to the current labour dispute despite President Kim Young-sam's talks with opposition leaders, brokers said.</p>
<p>Views the market was overbought also sparked institutional selling, they added.</p>
<p>The composite stock index shed 27.92 points, or 3.89 percent, to provisionally close at 690.54.</p>
</text>
<copyright>(c) Reuters Limited 1997</copyright>
<metadata>
<codes class="bip:countries:1.0">
  <code code="SKOREA">
    <editdetail attribution="Reuters BIP Coding Group" action="confirmed" date="1997-01-21"/>
  </code>
</codes>
<codes class="bip:topics:1.0">
  <code code="M11">
    <editdetail attribution="Reuters BIP Coding Group" action="confirmed" date="1997-01-21"/>
  </code>
  <code code="MCAT">
    <editdetail attribution="Reuters BIP Coding Group" action="confirmed" date="1997-01-21"/>
  </code>
</codes>
<dc element="dc.date.created" value="1997-01-21"/>
<dc element="dc.publisher" value="Reuters Holdings Plc"/>
<dc element="dc.date.published" value="1997-01-21"/>
<dc element="dc.source" value="Reuters"/>
<dc element="dc.creator.location" value="SEOUL"/>
<dc element="dc.creator.location.country.name" value="SOUTH KOREA"/>
<dc element="dc.source" value="Reuters"/>
</metadata>
</newsitem>
