<?xml version="1.0" encoding="iso-8859-1" ?>
<newsitem itemid="7678" id="root" date="1996-08-22" xml:lang="en">
<title>NEW ZEALAND: Baird resigns as Ceramco managing director.</title>
<headline>Baird resigns as Ceramco managing director.</headline>
<dateline>WELLINGTON 1996-08-22</dateline>
<text>
<p>John Baird has resigned as Ceramco Corp Ltd managing director, the New Zealand Stock Exchange reported on Thursday.  </p>
<p>Baird's resignation is effective from the end of the year or on the appointment of a replacement.</p>
<p>He said his focus had been on improving lingerie group Bendon Hickory's planning and supply performance which was now largely achieved, and on corporate projects.</p>
<p>The company planned to seek an executive, with experience in the fashion industry, whose emphasis would be entirely on Bendon Hickory.</p>
<p>Following recent divestments, Ceramco had been pared down to Bendon and New Zealand China Clays, Baird said.</p>
<p>-- Wellington newsroom 64 4 4734 746</p>
</text>
<copyright>(c) Reuters Limited 1996</copyright>
<metadata>
<codes class="bip:countries:1.0">
  <code code="NZ">
    <editdetail attribution="Reuters BIP Coding Group" action="confirmed" date="1996-08-22"/>
  </code>
</codes>
<codes class="bip:topics:1.0">
  <code code="C41">
    <editdetail attribution="Reuters BIP Coding Group" action="confirmed" date="1996-08-22"/>
  </code>
  <code code="C411">
    <editdetail attribution="Reuters BIP Coding Group" action="confirmed" date="1996-08-22"/>
  </code>
</codes>
<dc element="dc.date.created" value="1996-08-22"/>
<dc element="dc.publisher" value="Reuters Holdings Plc"/>
<dc element="dc.date.published" value="1996-08-22"/>
<dc element="dc.source" value="Reuters"/>
<dc element="dc.creator.location" value="WELLINGTON"/>
<dc element="dc.creator.location.country.name" value="NEW ZEALAND"/>
<dc element="dc.source" value="Reuters"/>
</metadata>
</newsitem>
