<?xml version="1.0" encoding="iso-8859-1" ?>
<newsitem itemid="631293" id="root" date="1997-06-02" xml:lang="en">
<title>SRI LANKA: Sri Lanka stocks seen firm on buying interest.</title>
<headline>Sri Lanka stocks seen firm on buying interest.</headline>
<dateline>COLOMBO 1997-06-02</dateline>
<text>
<p>Sri Lankan stocks were seen trading firmer on Monday despite the government's decision to delay the sale of its holding in two state plantation firms, brokers said.</p>
<p>&quot;Overall, things are looking up after a couple of slow weeks,&quot; said Ajit Dias Wanigasekera of Ceylinco Stockbrokers. &quot;There is buying interest, foreigners mainly on blue chips and retailers on lower-end counters.&quot;</p>
<p>But sellers, anticipating an upward momentum, were not willing to part with their holdings, Wanigasekera said.</p>
</text>
<copyright>(c) Reuters Limited 1997</copyright>
<metadata>
<codes class="bip:countries:1.0">
  <code code="SRILAN">
    <editdetail attribution="Reuters BIP Coding Group" action="confirmed" date="1997-06-02"/>
  </code>
</codes>
<codes class="bip:topics:1.0">
  <code code="M11">
    <editdetail attribution="Reuters BIP Coding Group" action="confirmed" date="1997-06-02"/>
  </code>
  <code code="MCAT">
    <editdetail attribution="Reuters BIP Coding Group" action="confirmed" date="1997-06-02"/>
  </code>
</codes>
<dc element="dc.date.created" value="1997-06-02"/>
<dc element="dc.publisher" value="Reuters Holdings Plc"/>
<dc element="dc.date.published" value="1997-06-02"/>
<dc element="dc.source" value="Reuters"/>
<dc element="dc.creator.location" value="COLOMBO"/>
<dc element="dc.creator.location.country.name" value="SRI LANKA"/>
<dc element="dc.source" value="Reuters"/>
</metadata>
</newsitem>
