<?xml version="1.0" encoding="iso-8859-1" ?>
<newsitem itemid="181522" id="root" date="1996-11-11" xml:lang="en">
<title>NETHERLANDS: Oil products fuel rise in Dutch September PPI.</title>
<headline>Oil products fuel rise in Dutch September PPI.</headline>
<dateline>VOORBURG, Netherlands 1996-11-11</dateline>
<text>
<p>Higher prices for oil products fuelled a 0.9 percent rise in Dutch producer prices between August and September, the Central Bureau of Statistics (CBS) said on Monday.</p>
<p>Producer prices for manufactured goods would have risen by only 0.1 percent between August and September if oil product prices had remained stable, the CBS said.</p>
<p>Oil product prices rose 11.8 percent in the month to September, with domestic prices rising some seven percent and export prices rising some 14 percent, the CBS said.</p>
<p>-- Amsterdam newsroom +31 20 504 5000, Fax +31 20 504 5040</p>
</text>
<copyright>(c) Reuters Limited 1996</copyright>
<metadata>
<codes class="bip:countries:1.0">
  <code code="NETH">
    <editdetail attribution="Reuters BIP Coding Group" action="confirmed" date="1996-11-11"/>
  </code>
</codes>
<codes class="bip:topics:1.0">
  <code code="E13">
    <editdetail attribution="Reuters BIP Coding Group" action="confirmed" date="1996-11-11"/>
  </code>
  <code code="E132">
    <editdetail attribution="Reuters BIP Coding Group" action="confirmed" date="1996-11-11"/>
  </code>
  <code code="ECAT">
    <editdetail attribution="Reuters BIP Coding Group" action="confirmed" date="1996-11-11"/>
  </code>
</codes>
<dc element="dc.date.created" value="1996-11-11"/>
<dc element="dc.publisher" value="Reuters Holdings Plc"/>
<dc element="dc.date.published" value="1996-11-11"/>
<dc element="dc.source" value="Reuters"/>
<dc element="dc.creator.location" value="VOORBURG, Netherlands"/>
<dc element="dc.creator.location.country.name" value="NETHERLANDS"/>
<dc element="dc.source" value="Reuters"/>
</metadata>
</newsitem>
