<?xml version="1.0" encoding="iso-8859-1" ?>
<newsitem itemid="108456" id="root" date="1996-10-10" xml:lang="en">
<title>USA: LCRA 400 MW Texas coal unit resumes full output.</title>
<headline>LCRA 400 MW Texas coal unit resumes full output.</headline>
<dateline>NEW YORK 1996-10-10</dateline>
<text>
<p>Lower Colorado River Authority (LCRA) said Thursday a 400 megawatt (MW) coal-fired unit at the Fayette Power Project resumed full output after it was scaled back Wednesday to repair a condenser pump.</p>
<p>Another of the complex's units, the 600 MW unit 1, was idled last weekend for seasonal maintenance. It is expected to return to operation by early December.</p>
<p>The adjoining Fayette unit 2, also rated at 600 MW, was operating at normal output, LCRA said.</p>
<p>The entire Fayette facility accounts for three-fourth of the utility's installed generating capacity.</p>
<p>Fayette units 1 and 2 are equally owned by LCRA and the city of Austin. Fayette unit 3 is wholly-owned by LCRA.</p>
<p>LCRA, headquartered in Austin, is a wholesale supplier of water and electricity in central and southern Texas.</p>
<p>--New York Power Desk +1 212 859 1622</p>
</text>
<copyright>(c) Reuters Limited 1996</copyright>
<metadata>
<codes class="bip:countries:1.0">
  <code code="USA">
    <editdetail attribution="Reuters BIP Coding Group" action="confirmed" date="1996-10-10"/>
  </code>
</codes>
<codes class="bip:industries:1.0">
  <code code="I16100">
    <editdetail attribution="Reuters BIP Coding Group" action="confirmed" date="1996-10-10"/>
  </code>
</codes>
<codes class="bip:topics:1.0">
  <code code="C24">
    <editdetail attribution="Reuters BIP Coding Group" action="confirmed" date="1996-10-10"/>
  </code>
  <code code="CCAT">
    <editdetail attribution="Reuters BIP Coding Group" action="confirmed" date="1996-10-10"/>
  </code>
</codes>
<dc element="dc.date.created" value="1996-10-10"/>
<dc element="dc.publisher" value="Reuters Holdings Plc"/>
<dc element="dc.date.published" value="1996-10-10"/>
<dc element="dc.source" value="Reuters"/>
<dc element="dc.creator.location" value="NEW YORK"/>
<dc element="dc.creator.location.country.name" value="USA"/>
<dc element="dc.source" value="Reuters"/>
</metadata>
</newsitem>
