<?xml version="1.0" encoding="iso-8859-1" ?>
<newsitem itemid="475949" id="root" date="1997-03-31" xml:lang="en">
<title>UK: GOLF-NORMAN PREPARES FOR OPEN AT LOCH LOMOND.</title>
<headline>GOLF-NORMAN PREPARES FOR OPEN AT LOCH LOMOND.</headline>
<dateline>LONDON 1997-03-31</dateline>
<text>
<p>World number one Greg Norman of Australia will prepare for this year's British Open at Royal Troon in July by playing in the 800,000 pounds ($1.3 million) World Invitational at the Loch Lomond Golf Club in Scotland the week before.</p>
<p>Norman joined an impressive entry list which already includes last year's British Open champion and world number two Tom Lehman of the United States, European number one Colin Montgomerie and fellow Briton Nick Faldo -- Norman's nemesis in last year's U.S. Masters.</p>
<p>Fellow Australian Robert Allenby has also agreed to play, the organisers said on Monday.</p>
<p>The event, won last year by Thomas Bjorn of Denmark, takes place from July 9 to 12.</p>
</text>
<copyright>(c) Reuters Limited 1997</copyright>
<metadata>
<codes class="bip:countries:1.0">
  <code code="AUSTR">
    <editdetail attribution="Reuters BIP Coding Group" action="confirmed" date="1997-03-31"/>
  </code>
  <code code="UK">
    <editdetail attribution="Reuters BIP Coding Group" action="confirmed" date="1997-03-31"/>
  </code>
</codes>
<codes class="bip:topics:1.0">
  <code code="GCAT">
    <editdetail attribution="Reuters BIP Coding Group" action="confirmed" date="1997-03-31"/>
  </code>
  <code code="GSPO">
    <editdetail attribution="Reuters BIP Coding Group" action="confirmed" date="1997-03-31"/>
  </code>
</codes>
<dc element="dc.date.created" value="1997-03-31"/>
<dc element="dc.publisher" value="Reuters Holdings Plc"/>
<dc element="dc.date.published" value="1997-03-31"/>
<dc element="dc.source" value="Reuters"/>
<dc element="dc.creator.location" value="LONDON"/>
<dc element="dc.creator.location.country.name" value="UK"/>
<dc element="dc.source" value="Reuters"/>
</metadata>
</newsitem>
