<?xml version="1.0" encoding="iso-8859-1" ?>
<newsitem itemid="92138" id="root" date="1996-10-02" xml:lang="en">
<title>FRANCE: Castorama shares hit over foreign limits.</title>
<headline>Castorama shares hit over foreign limits.</headline>
<dateline>PARIS 1996-10-02</dateline>
<text>
<p>Castorama shares dropped sharply on the Paris stock exchange on Wednesday after a meeting with the Sfaf financial analysts association where the home improvements group said it lacked the foreign growth needed to make up for regulatory limits on expansion in France, analysts said.</p>
<p>The share was down 5.05 percent at 903 francs at 1357 GMT while the stock market trend was positive.</p>
<p>&quot;There was no good news. We were expecting to hear something to the effect that regulatory limits in France were being compensated for abroad,&quot; said one analyst.</p>
<p>Another analyst said foreign business was only expected to make up seven to eight percent of total sales this year.</p>
</text>
<copyright>(c) Reuters Limited 1996</copyright>
<metadata>
<codes class="bip:countries:1.0">
  <code code="FRA">
    <editdetail attribution="Reuters BIP Coding Group" action="confirmed" date="1996-10-02"/>
  </code>
</codes>
<codes class="bip:industries:1.0">
  <code code="I64800">
    <editdetail attribution="Reuters BIP Coding Group" action="confirmed" date="1996-10-02"/>
  </code>
</codes>
<codes class="bip:topics:1.0">
  <code code="C15">
    <editdetail attribution="Reuters BIP Coding Group" action="confirmed" date="1996-10-02"/>
  </code>
  <code code="C152">
    <editdetail attribution="Reuters BIP Coding Group" action="confirmed" date="1996-10-02"/>
  </code>
  <code code="CCAT">
    <editdetail attribution="Reuters BIP Coding Group" action="confirmed" date="1996-10-02"/>
  </code>
</codes>
<dc element="dc.date.created" value="1996-10-02"/>
<dc element="dc.publisher" value="Reuters Holdings Plc"/>
<dc element="dc.date.published" value="1996-10-02"/>
<dc element="dc.source" value="Reuters"/>
<dc element="dc.creator.location" value="PARIS"/>
<dc element="dc.creator.location.country.name" value="FRANCE"/>
<dc element="dc.source" value="Reuters"/>
</metadata>
</newsitem>
