<?xml version="1.0" encoding="iso-8859-1" ?>
<newsitem itemid="581286" id="root" date="1997-05-13" xml:lang="en">
<title>GERMANY: Analysts bullish on D.Telekom data.</title>
<headline>Analysts bullish on D.Telekom data.</headline>
<dateline>BONN 1997-05-13</dateline>
<text>
<p>Shares in German phone giant Deutsche Telekom AG could continue their bullish trend of recent days as the market digests better-than-expected earnings figures, equities analysts said on Tuesday.</p>
<p>&quot;I can imagine that shares will move in the direction of 45 marks,&quot; said Juergen Elfers, telecoms analyst with BHF Bank in Frankfurt.</p>
<p>&quot;Based on what the (Deutsche Telekom chairman) Ron Sommer has said about doubling ordinary profit, we are now looking at a figure of over 13 billion marks for 1997. That means that the estimates on the market are far too low,&quot; he added.</p>
<p>Deutsche Telekom said earlier that 1996 group income on ordinary activities rose to 6.6 billion marks from 3.8 billion marks in 1995. Sales rose six percent to 63.1 billion marks.</p>
<p>In the first quarter of 1997, pre-tax profit was 2.2 billion marks, compared to 4.1 billion marks for all of 1996, and sales rose eight percent to 16.3 percent.</p>
</text>
<copyright>(c) Reuters Limited 1997</copyright>
<metadata>
<codes class="bip:countries:1.0">
  <code code="GFR">
    <editdetail attribution="Reuters BIP Coding Group" action="confirmed" date="1997-05-13"/>
  </code>
</codes>
<codes class="bip:industries:1.0">
  <code code="I79020">
    <editdetail attribution="Reuters BIP Coding Group" action="confirmed" date="1997-05-13"/>
  </code>
</codes>
<codes class="bip:topics:1.0">
  <code code="C15">
    <editdetail attribution="Reuters BIP Coding Group" action="confirmed" date="1997-05-13"/>
  </code>
  <code code="C152">
    <editdetail attribution="Reuters BIP Coding Group" action="confirmed" date="1997-05-13"/>
  </code>
  <code code="CCAT">
    <editdetail attribution="Reuters BIP Coding Group" action="confirmed" date="1997-05-13"/>
  </code>
</codes>
<dc element="dc.date.created" value="1997-05-13"/>
<dc element="dc.publisher" value="Reuters Holdings Plc"/>
<dc element="dc.date.published" value="1997-05-13"/>
<dc element="dc.source" value="Reuters"/>
<dc element="dc.creator.location" value="BONN"/>
<dc element="dc.creator.location.country.name" value="GERMANY"/>
<dc element="dc.source" value="Reuters"/>
</metadata>
</newsitem>
