<?xml version="1.0" encoding="iso-8859-1" ?>
<newsitem itemid="681716" id="root" date="1997-06-23" xml:lang="en">
<title>PHILIPPINES: Davao finalises terms for preferred shares.</title>
<headline>Davao finalises terms for preferred shares.</headline>
<dateline>MANILA 1997-06-23</dateline>
<text>
<p>Davao Union Cement Corp said on Monday it would offer 1.25 billion pesos worth of new preferred shares in three tranches.</p>
<p>The new preferred shares are to partly cover for the increase in its authorised capital to three billion pesos from two billion.</p>
<p>The first tranche, which would raise 250 million pesos, had been issued at par value of one peso per share this month.</p>
<p>The non-convertible and non-voting preferred shares can be redeemed within one year from the issue date, the company told the Philippine Stock Exchange.</p>
<p>Dividends will be equal to 90 percent of the 91-day Treasury bills plus 62.5 basis points.</p>
<p>Payments shall be on a monthly basis or any other payment agreement betwen the issuer and the issue manager.</p>
<p>The second tranche, which covers 500 million pesos, would be issued next month; while the third tranche, another 500 million pesos worth, will be in the second half of the year.</p>
<p>The second and third tranches carry the same terms.</p>
<p>They are redeemable after two and a half years from the issue date of the second tranche. The shares, which have a par value of one peso each, would be issued at 100 pesos apiece.</p>
<p>Davao Union is one of the cement subsidiaries of Bacnotan Consolidated Inc.</p>
<p>-- Manila Newsroom (63 2) 841-8938 Fax 817-6267</p>
</text>
<copyright>(c) Reuters Limited 1997</copyright>
<metadata>
<codes class="bip:countries:1.0">
  <code code="PHLNS">
    <editdetail attribution="Reuters BIP Coding Group" action="confirmed" date="1997-06-23"/>
  </code>
</codes>
<codes class="bip:industries:1.0">
  <code code="I24200">
    <editdetail attribution="Reuters BIP Coding Group" action="confirmed" date="1997-06-23"/>
  </code>
</codes>
<codes class="bip:topics:1.0">
  <code code="C17">
    <editdetail attribution="Reuters BIP Coding Group" action="confirmed" date="1997-06-23"/>
  </code>
  <code code="C171">
    <editdetail attribution="Reuters BIP Coding Group" action="confirmed" date="1997-06-23"/>
  </code>
  <code code="CCAT">
    <editdetail attribution="Reuters BIP Coding Group" action="confirmed" date="1997-06-23"/>
  </code>
</codes>
<dc element="dc.date.created" value="1997-06-23"/>
<dc element="dc.publisher" value="Reuters Holdings Plc"/>
<dc element="dc.date.published" value="1997-06-23"/>
<dc element="dc.source" value="Reuters"/>
<dc element="dc.creator.location" value="MANILA"/>
<dc element="dc.creator.location.country.name" value="PHILIPPINES"/>
<dc element="dc.source" value="Reuters"/>
</metadata>
</newsitem>
