<?xml version="1.0" encoding="iso-8859-1" ?>
<newsitem itemid="201165" id="root" date="1996-11-19" xml:lang="en">
<title>AUSTRALIA: RTRS - Cairn Energy increases Command stake.</title>
<headline>RTRS - Cairn Energy increases Command stake.</headline>
<dateline>SYDNEY 1996-11-19</dateline>
<text>
<p>U.K. resources group Cairn Energy Plc said on Tuesday its Australian unit had increased its stake in takeover target Command Petroleum Holdings NL to about 38.9 percent of the ordinary issued capital.</p>
<p>The British firm is offering A$1.10 cash per Command share or two Cairn shares for every 13 Command shares.</p>
<p>The scrip offer closes on November 22. However on Friday the cash alternative deadline was extended to November 28.</p>
<p>By 11.40 a.m. (0040 GMT), Command shares were a cent higher at A$1.11 on turnover of 10.13 million shares.</p>
<p>-- Sydney Newsroom 61-2 9373 1800</p>
</text>
<copyright>(c) Reuters Limited 1996</copyright>
<metadata>
<codes class="bip:countries:1.0">
  <code code="AUSTR">
    <editdetail attribution="Reuters BIP Coding Group" action="confirmed" date="1996-11-19"/>
  </code>
  <code code="UK">
    <editdetail attribution="Reuters BIP Coding Group" action="confirmed" date="1996-11-19"/>
  </code>
</codes>
<codes class="bip:industries:1.0">
  <code code="I13000">
    <editdetail attribution="Reuters BIP Coding Group" action="confirmed" date="1996-11-19"/>
  </code>
  <code code="I1300003">
    <editdetail attribution="Reuters BIP Coding Group" action="confirmed" date="1996-11-19"/>
  </code>
</codes>
<codes class="bip:topics:1.0">
  <code code="C18">
    <editdetail attribution="Reuters BIP Coding Group" action="confirmed" date="1996-11-19"/>
  </code>
  <code code="C181">
    <editdetail attribution="Reuters BIP Coding Group" action="confirmed" date="1996-11-19"/>
  </code>
  <code code="CCAT">
    <editdetail attribution="Reuters BIP Coding Group" action="confirmed" date="1996-11-19"/>
  </code>
</codes>
<dc element="dc.date.created" value="1996-11-19"/>
<dc element="dc.publisher" value="Reuters Holdings Plc"/>
<dc element="dc.date.published" value="1996-11-19"/>
<dc element="dc.source" value="Reuters"/>
<dc element="dc.creator.location" value="SYDNEY"/>
<dc element="dc.creator.location.country.name" value="AUSTRALIA"/>
<dc element="dc.source" value="Reuters"/>
</metadata>
</newsitem>
