<?xml version="1.0" encoding="iso-8859-1" ?>
<newsitem itemid="490516" id="root" date="1997-04-07" xml:lang="en">
<title>USA: Flanders to buy Enviro Spin-Tech for $2 mln.</title>
<headline>Flanders to buy Enviro Spin-Tech for $2 mln.</headline>
<dateline>WASHINGTON, N.C. 1997-04-07</dateline>
<text>
<p>Flanders Corp said on Monday that it signed a letter of intent to buy the assets of Enviro Spin-Tech Inc.</p>
<p>Under the terms, Flanders will pay $2 million for equipment, patents, designs and other assets, as well as taking over the operation of the facility in Pennsylvania.</p>
<p>Flanders said it would use the new technology to produce a new form of bonded carbon filtration media and related products with lower production costs and higher performance.</p>
<p>((-- New York Newsdesk 212 859-1610))</p>
</text>
<copyright>(c) Reuters Limited 1997</copyright>
<metadata>
<codes class="bip:countries:1.0">
  <code code="USA">
    <editdetail attribution="Reuters BIP Coding Group" action="confirmed" date="1997-04-07"/>
  </code>
</codes>
<codes class="bip:topics:1.0">
  <code code="C18">
    <editdetail attribution="Reuters BIP Coding Group" action="confirmed" date="1997-04-07"/>
  </code>
  <code code="C182">
    <editdetail attribution="Reuters BIP Coding Group" action="confirmed" date="1997-04-07"/>
  </code>
  <code code="CCAT">
    <editdetail attribution="Reuters BIP Coding Group" action="confirmed" date="1997-04-07"/>
  </code>
</codes>
<dc element="dc.date.created" value="1997-04-07"/>
<dc element="dc.publisher" value="Reuters Holdings Plc"/>
<dc element="dc.date.published" value="1997-04-07"/>
<dc element="dc.source" value="Reuters"/>
<dc element="dc.creator.location" value="WASHINGTON, N.C."/>
<dc element="dc.creator.location.country.name" value="USA"/>
<dc element="dc.source" value="Reuters"/>
</metadata>
</newsitem>
