<?xml version="1.0" encoding="iso-8859-1" ?>
<newsitem itemid="609508" id="root" date="1997-05-23" xml:lang="en">
<title>PORTUGAL: P.Telecom boosts mobile phone business.</title>
<headline>P.Telecom boosts mobile phone business.</headline>
<dateline>LISBON 1997-05-23</dateline>
<text>
<p>Portugal Telecom said that the number of mobile phone clients rose 11.6 percent over the first quarter of 1997 to 370,824 compared with end-1996.</p>
<p>The number was up 97 percent from the first quarter a year earlier.</p>
<p>In a report on its first quarter activities, it said that according to published industry reports, its market share stood at 50.7 percent compared with 50.1 percent at the end of last year and 49.0 percent a year ago.</p>
<p>The number of installed fixed lines rose 1.2 percent in the first quarter of 1997 to 3.87 million, up 5.4 percent year-on-year. Market penetration increased to 38.8 phones per 100 inhabitants compared with 38.5 at end-1996 and 37 at the end of the first quarter last year.</p>
<p>The number of digital lines rose over the first three months to 80.4 percent from 79.4 percent last December.</p>
<p>Internet accounts nearly quadrupled to 44,400 percent from 11,336 a year ago.</p>
<p>--Lisbon bureau 3511-3150035</p>
</text>
<copyright>(c) Reuters Limited 1997</copyright>
<metadata>
<codes class="bip:countries:1.0">
  <code code="PORL">
    <editdetail attribution="Reuters BIP Coding Group" action="confirmed" date="1997-05-23"/>
  </code>
</codes>
<codes class="bip:industries:1.0">
  <code code="I79020">
    <editdetail attribution="Reuters BIP Coding Group" action="confirmed" date="1997-05-23"/>
  </code>
</codes>
<codes class="bip:topics:1.0">
  <code code="C31">
    <editdetail attribution="Reuters BIP Coding Group" action="confirmed" date="1997-05-23"/>
  </code>
  <code code="CCAT">
    <editdetail attribution="Reuters BIP Coding Group" action="confirmed" date="1997-05-23"/>
  </code>
</codes>
<dc element="dc.date.created" value="1997-05-23"/>
<dc element="dc.publisher" value="Reuters Holdings Plc"/>
<dc element="dc.date.published" value="1997-05-23"/>
<dc element="dc.source" value="Reuters"/>
<dc element="dc.creator.location" value="LISBON"/>
<dc element="dc.creator.location.country.name" value="PORTUGAL"/>
<dc element="dc.source" value="Reuters"/>
</metadata>
</newsitem>
