<?xml version="1.0" encoding="iso-8859-1" ?>
<newsitem itemid="717814" id="root" date="1997-07-09" xml:lang="en">
<title>AUSTRALIA: St George to outsource cheque clearing.</title>
<headline>St George to outsource cheque clearing.</headline>
<dateline>SYDNEY 1997-07-09</dateline>
<text>
<p>St George Bank Ltd said on Wednesday it would outsource its cheque clearing operations to Austrapay Ltd, which carries out the same function for Advance Bank.</p>
<p>St George, which acquired Advance for A$2.6 billion in January, said the move would achieve further svings as part of the A$175 million cost reduction from merging the two banks.</p>
<p>Austrapay would take on cheque clearing operations for St George in all states except South Australia, where BankSA would continue to carry out cheque clearing.  </p>
<p>Operations in Sydney, Melbourne, Brisbane and Perth would be transferred on November 24.</p>
<p>&quot;By outsourcing this function to the same company Advance Bank currently uses, St George will streamline its cheque clearing process and at the same time achieve a substantial reduction in associated costs,&quot; managing director Jim Sweeney said in a statement.</p>
<p>Sweeney said in February that St George had decided to outsource its cheque processing operations.</p>
<p>-- Sydney Newsroom 61-2 9373-1800</p>
</text>
<copyright>(c) Reuters Limited 1997</copyright>
<metadata>
<codes class="bip:countries:1.0">
  <code code="AUSTR">
    <editdetail attribution="Reuters BIP Coding Group" action="confirmed" date="1997-07-09"/>
  </code>
</codes>
<codes class="bip:industries:1.0">
  <code code="I79010">
    <editdetail attribution="Reuters BIP Coding Group" action="confirmed" date="1997-07-09"/>
  </code>
  <code code="I81402">
    <editdetail attribution="Reuters BIP Coding Group" action="confirmed" date="1997-07-09"/>
  </code>
</codes>
<codes class="bip:topics:1.0">
  <code code="C33">
    <editdetail attribution="Reuters BIP Coding Group" action="confirmed" date="1997-07-09"/>
  </code>
  <code code="CCAT">
    <editdetail attribution="Reuters BIP Coding Group" action="confirmed" date="1997-07-09"/>
  </code>
</codes>
<dc element="dc.date.created" value="1997-07-09"/>
<dc element="dc.publisher" value="Reuters Holdings Plc"/>
<dc element="dc.date.published" value="1997-07-09"/>
<dc element="dc.source" value="Reuters"/>
<dc element="dc.creator.location" value="SYDNEY"/>
<dc element="dc.creator.location.country.name" value="AUSTRALIA"/>
<dc element="dc.source" value="Reuters"/>
</metadata>
</newsitem>
