<?xml version="1.0" encoding="iso-8859-1" ?>
<newsitem itemid="681482" id="root" date="1997-06-23" xml:lang="en">
<title>UK: Alcan calls on EU to remove aluminium duty.</title>
<headline>Alcan calls on EU to remove aluminium duty.</headline>
<dateline>LONDON 1997-06-23</dateline>
<text>
<p>The European Union should immediately suspend its six percent tariff on aluminium ingot, a senior official of Alcan Aluminium Limited said in a speech prepared for delivery at a Financial Times/CRU Aluminium conference on Monday.</p>
<p>&quot;The EU six percent tariff is illogical, discriminatory and distorts trade,&quot; said Jean-Pierre Ergas, Alcan Executive Vice-President with responsibility for European operations.</p>
<p>&quot;It restricts access to global world class suppliers, taxes the EU semi-fabricating industry, distorts the economics of the aluminium industries in Europe and increases the prices paid by consumers of aluminium products. The EU should immediately suspend the duty on aluminium,&quot; Ergas added.</p>
<p>The EU was a net importer of unwrought aluminium, with annual imports of 2.7 million tonnes accounting for 56 percent of consumption, he said.</p>
<p>Imports could increase to 4.5 million tonnes over the next decade, while EU annual production capacity of some 2.3 million tonnes was unlikely to expand substantially.</p>
<p>The U.S. and Japan had no duties on imports of primary aluminium, he added.</p>
<p>&quot;The main effect of the six percent tariff is to enable producers, including EU producers, to charge a premium irrespective of whether duty is actually payable, and as a result aluminium products in Europe suffer a higher material cost than in other parts of the world,&quot; he said.</p>
<p>In 1995 the downstream sector faced a cost disadvantage of over $470 million in the purchase of primary aluminium, $300 million of which was not paid as a duty but retained by smelters, he added.</p>
<p>--London newsroom +44 171 542 2936</p>
</text>
<copyright>(c) Reuters Limited 1997</copyright>
<metadata>
<codes class="bip:countries:1.0">
  <code code="EEC">
    <editdetail attribution="Reuters BIP Coding Group" action="confirmed" date="1997-06-23"/>
  </code>
  <code code="UK">
    <editdetail attribution="Reuters BIP Coding Group" action="confirmed" date="1997-06-23"/>
  </code>
</codes>
<codes class="bip:industries:1.0">
  <code code="I22450">
    <editdetail attribution="Reuters BIP Coding Group" action="confirmed" date="1997-06-23"/>
  </code>
</codes>
<codes class="bip:topics:1.0">
  <code code="G15">
    <editdetail attribution="Reuters BIP Coding Group" action="confirmed" date="1997-06-23"/>
  </code>
  <code code="G152">
    <editdetail attribution="Reuters BIP Coding Group" action="confirmed" date="1997-06-23"/>
  </code>
  <code code="GCAT">
    <editdetail attribution="Reuters BIP Coding Group" action="confirmed" date="1997-06-23"/>
  </code>
  <code code="M14">
    <editdetail attribution="Reuters BIP Coding Group" action="confirmed" date="1997-06-23"/>
  </code>
  <code code="M142">
    <editdetail attribution="Reuters BIP Coding Group" action="confirmed" date="1997-06-23"/>
  </code>
  <code code="MCAT">
    <editdetail attribution="Reuters BIP Coding Group" action="confirmed" date="1997-06-23"/>
  </code>
</codes>
<dc element="dc.date.created" value="1997-06-23"/>
<dc element="dc.publisher" value="Reuters Holdings Plc"/>
<dc element="dc.date.published" value="1997-06-23"/>
<dc element="dc.source" value="Reuters"/>
<dc element="dc.creator.location" value="LONDON"/>
<dc element="dc.creator.location.country.name" value="UK"/>
<dc element="dc.source" value="Reuters"/>
</metadata>
</newsitem>
