<?xml version="1.0" encoding="iso-8859-1" ?>
<newsitem itemid="317760" id="root" date="1997-01-20" xml:lang="en">
<title>USA: RESEARCH ALERT-Peoles upped to buy.</title>
<headline>RESEARCH ALERT-Peoles upped to buy.</headline>
<text>
<p>-- Credit Lyonnais Securities upgraded Mexican mining giant Industrias Penoles, the world's largest refined silver producer, to a buy from a hold despite lowering its earnings estimates for the company.</p>
<p>-- Analyst David Bodenberg said recent weakness in the share price more than adequately discounts the eroded earnings outlook.</p>
<p>-- He lowered the company's 1996 earnings estimate to 2.53 pesos from 2.80 pesos and its 1997 estimate to 3.25 pesos from 3.50 pesos, due mostly a recent fall in gold and silver prices.</p>
<p>((--Mexico City newsroom, +525 728-9565))</p>
</text>
<copyright>(c) Reuters Limited 1997</copyright>
<metadata>
<codes class="bip:countries:1.0">
  <code code="MEX">
    <editdetail attribution="Reuters BIP Coding Group" action="confirmed" date="1997-01-20"/>
  </code>
  <code code="USA">
    <editdetail attribution="Reuters BIP Coding Group" action="confirmed" date="1997-01-20"/>
  </code>
</codes>
<codes class="bip:industries:1.0">
  <code code="I21000">
    <editdetail attribution="Reuters BIP Coding Group" action="confirmed" date="1997-01-20"/>
  </code>
</codes>
<codes class="bip:topics:1.0">
  <code code="C15">
    <editdetail attribution="Reuters BIP Coding Group" action="confirmed" date="1997-01-20"/>
  </code>
  <code code="C152">
    <editdetail attribution="Reuters BIP Coding Group" action="confirmed" date="1997-01-20"/>
  </code>
  <code code="CCAT">
    <editdetail attribution="Reuters BIP Coding Group" action="confirmed" date="1997-01-20"/>
  </code>
</codes>
<dc element="dc.publisher" value="Reuters Holdings Plc"/>
<dc element="dc.date.published" value="1997-01-20"/>
<dc element="dc.source" value="Reuters"/>
<dc element="dc.creator.location.country.name" value="USA"/>
<dc element="dc.source" value="Reuters"/>
</metadata>
</newsitem>
