<?xml version="1.0" encoding="iso-8859-1" ?>
<newsitem itemid="307259" id="root" date="1997-01-14" xml:lang="en">
<title>AUSTRALIA: RTRS-PBL continues to rise on casino deal.</title>
<headline>RTRS-PBL continues to rise on casino deal.</headline>
<dateline>SYDNEY 1997-01-14</dateline>
<text>
<p>Shares in Publishing and Broadcasting Ltd (PBL) continued to rise in early Tuesday trade following Monday's acquisition of management control at the Sydney casino.</p>
<p>At 11.30 a.m. (0030 GMT), PBL shares were 23 cents higher at at A$6.63 after earlier hitting a high of A$6.71, its highest level in just over eight years.  </p>
<p>On Monday, PBL, which is 45 percent owned by media mogul Kerry Packer's family company Consolidated Press Holdings Ltd, said it would buy an 85 percent stake in the casino's management contract for A$240 million from Showboat Inc.</p>
<p>Also under the PBL-Showboat deal Packer's media group would buy a 10 percent stake in Sydney Harbour Casino Holdings Ltd (SHC) for A$1.85 per share. SHC shares hit a record high of A$2.27 after the deal announcement.</p>
<p>The remaining 15 percent stake in the casino management contract is owned by Leighton Holdings Ltd.  </p>
<p>At 11.35 a.m. (0035 GMT), Sydney Harbour Casino shares were steady at A$2.22.</p>
<p>-- Sydney newsroom 61-2 9373-1800</p>
</text>
<copyright>(c) Reuters Limited 1997</copyright>
<metadata>
<codes class="bip:countries:1.0">
  <code code="AUSTR">
    <editdetail attribution="Reuters BIP Coding Group" action="confirmed" date="1997-01-14"/>
  </code>
</codes>
<codes class="bip:industries:1.0">
  <code code="I50200">
    <editdetail attribution="Reuters BIP Coding Group" action="confirmed" date="1997-01-14"/>
  </code>
  <code code="I97400">
    <editdetail attribution="Reuters BIP Coding Group" action="confirmed" date="1997-01-14"/>
  </code>
  <code code="I97912">
    <editdetail attribution="Reuters BIP Coding Group" action="confirmed" date="1997-01-14"/>
  </code>
</codes>
<codes class="bip:topics:1.0">
  <code code="C15">
    <editdetail attribution="Reuters BIP Coding Group" action="confirmed" date="1997-01-14"/>
  </code>
  <code code="C152">
    <editdetail attribution="Reuters BIP Coding Group" action="confirmed" date="1997-01-14"/>
  </code>
  <code code="C18">
    <editdetail attribution="Reuters BIP Coding Group" action="confirmed" date="1997-01-14"/>
  </code>
  <code code="C181">
    <editdetail attribution="Reuters BIP Coding Group" action="confirmed" date="1997-01-14"/>
  </code>
  <code code="CCAT">
    <editdetail attribution="Reuters BIP Coding Group" action="confirmed" date="1997-01-14"/>
  </code>
</codes>
<dc element="dc.date.created" value="1997-01-14"/>
<dc element="dc.publisher" value="Reuters Holdings Plc"/>
<dc element="dc.date.published" value="1997-01-14"/>
<dc element="dc.source" value="Reuters"/>
<dc element="dc.creator.location" value="SYDNEY"/>
<dc element="dc.creator.location.country.name" value="AUSTRALIA"/>
<dc element="dc.source" value="Reuters"/>
</metadata>
</newsitem>
