<?xml version="1.0" encoding="iso-8859-1" ?>
<newsitem itemid="304774" id="root" date="1997-01-14" xml:lang="en">
<title>USA: Metatools sees Q4 oper shr of $0.16-$0.17.</title>
<headline>Metatools sees Q4 oper shr of $0.16-$0.17.</headline>
<dateline>CARPENTERIA, Calif. 1997-01-14</dateline>
<text>
<p>MetaTools Inc said it expects operating income for the fourth quarter to range from $0.16 to $0.17 per share, before the inclusion of costs from the acquisition of Real Time Geometry Corp.</p>
<p>That compares with earnings of $0.03 per share in the year-ago fourth quarter.</p>
<p>Net income in the just ended fourth quarter will also include a charge of about $14 million related to research and development costs at Real Time Geometry, the company said.</p>
<p>It also expects revenues of about $8.9 million, which is up about 80 percent from last year.</p>
<p>MetaTools, which makes software tools for creating computer graphic images and digital art, said the earnings and sales growth was due to increased licensing and OEM demand for its products. It also cited growth in international markets.</p>
<p>Analysts surveyed by First Call have a consensus estimate of $0.14 per share.</p>
</text>
<copyright>(c) Reuters Limited 1997</copyright>
<metadata>
<codes class="bip:countries:1.0">
  <code code="USA">
    <editdetail attribution="Reuters BIP Coding Group" action="confirmed" date="1997-01-14"/>
  </code>
</codes>
<codes class="bip:industries:1.0">
  <code code="I33020">
    <editdetail attribution="Reuters BIP Coding Group" action="confirmed" date="1997-01-14"/>
  </code>
  <code code="I3302021">
    <editdetail attribution="Reuters BIP Coding Group" action="confirmed" date="1997-01-14"/>
  </code>
</codes>
<codes class="bip:topics:1.0">
  <code code="C15">
    <editdetail attribution="Reuters BIP Coding Group" action="confirmed" date="1997-01-14"/>
  </code>
  <code code="C152">
    <editdetail attribution="Reuters BIP Coding Group" action="confirmed" date="1997-01-14"/>
  </code>
  <code code="CCAT">
    <editdetail attribution="Reuters BIP Coding Group" action="confirmed" date="1997-01-14"/>
  </code>
</codes>
<dc element="dc.date.created" value="1997-01-14"/>
<dc element="dc.publisher" value="Reuters Holdings Plc"/>
<dc element="dc.date.published" value="1997-01-14"/>
<dc element="dc.source" value="Reuters"/>
<dc element="dc.creator.location" value="CARPENTERIA, Calif."/>
<dc element="dc.creator.location.country.name" value="USA"/>
<dc element="dc.source" value="Reuters"/>
</metadata>
</newsitem>
