<?xml version="1.0" encoding="iso-8859-1" ?>
<newsitem itemid="207511" id="root" date="1996-11-21" xml:lang="en">
<title>UK: Grand Met's Burger King shuts 20 British outlets.</title>
<headline>Grand Met's Burger King shuts 20 British outlets.</headline>
<dateline>LONDON</dateline>
<text>
<p>Burger King, the hamburger chain of Grand Metropolitan Plc, said Thursday it has closed 20 outlets across Britain, affecting 360 jobs.</p>
<p>The company, which has over 400 restaurants in Britain, said that where possible it was trying to offer staff alternative employment at other restaurants, but it was unable to give an exact figure on how many jobs would be lost.</p>
<p>A company spokeswoman said the &quot;mad cow&quot; disease scare had not been a factor in the decision to close the restaurants. &quot;It's a housekeeping excerise and the restaurants closed as of Tuesday,&quot; said the spokeswoman.</p>
<p>British consumers shunned beef in late March after the government said there was evidence of a potential link between bovine spongiform encephalopathy (BSE) or &quot;mad cow&quot; disease and its human equivalent and, Creutzfeldt-Jakob Disease.</p>
<p>Burger King said the closures would enable it to invest in more profitable stores and to continue to develop the brand.</p>
</text>
<copyright>(c) Reuters Limited 1996</copyright>
<metadata>
<codes class="bip:countries:1.0">
  <code code="UK">
    <editdetail attribution="Reuters BIP Coding Group" action="confirmed" date="1996-11-21"/>
  </code>
</codes>
<codes class="bip:industries:1.0">
  <code code="I42400">
    <editdetail attribution="Reuters BIP Coding Group" action="confirmed" date="1996-11-21"/>
  </code>
</codes>
<codes class="bip:topics:1.0">
  <code code="C24">
    <editdetail attribution="Reuters BIP Coding Group" action="confirmed" date="1996-11-21"/>
  </code>
  <code code="C42">
    <editdetail attribution="Reuters BIP Coding Group" action="confirmed" date="1996-11-21"/>
  </code>
  <code code="CCAT">
    <editdetail attribution="Reuters BIP Coding Group" action="confirmed" date="1996-11-21"/>
  </code>
  <code code="E41">
    <editdetail attribution="Reuters BIP Coding Group" action="confirmed" date="1996-11-21"/>
  </code>
  <code code="ECAT">
    <editdetail attribution="Reuters BIP Coding Group" action="confirmed" date="1996-11-21"/>
  </code>
  <code code="GCAT">
    <editdetail attribution="Reuters BIP Coding Group" action="confirmed" date="1996-11-21"/>
  </code>
  <code code="GJOB">
    <editdetail attribution="Reuters BIP Coding Group" action="confirmed" date="1996-11-21"/>
  </code>
</codes>
<dc element="dc.publisher" value="Reuters Holdings Plc"/>
<dc element="dc.date.published" value="1996-11-21"/>
<dc element="dc.source" value="Reuters"/>
<dc element="dc.creator.location" value="LONDON"/>
<dc element="dc.creator.location.country.name" value="UK"/>
<dc element="dc.source" value="Reuters"/>
</metadata>
</newsitem>
