<?xml version="1.0" encoding="iso-8859-1" ?>
<newsitem itemid="367149" id="root" date="1997-02-10" xml:lang="en">
<title>USA: Royal Silver options Argentina mine claims.</title>
<headline>Royal Silver options Argentina mine claims.</headline>
<dateline>SPOKANE, Wash. 1997-02-10</dateline>
<text>
<p>Royal Silver Mines Inc on Monday said it has acquired an option to purchase 12 separate claim groups covering some 15,000 acres in the northwestern La Rioja province of Argentina.</p>
<p>Under the terms of the deal, Royal Silver can purchase the properties on or before March 1, 2000, by paying $4.5 million in cash or $5.5 million in Royal Silver common shares.</p>
<p>The properties include Precambrian stratiform copper-silver prospects, several classic porphyry copper-molybdenum prospects, and a Mississippi Valley-type silver-lead-zinc prospect, Royal Silver said in a statement.</p>
<p>The majority of these claims have already been converted to full mine status, which conveys full ownership of minerals, under Argentina's mining law.</p>
<p>The original owners also will retain a 1.9 percent net smelter return royalty on future production. During the option period, Royal Silver will be committed to ongoing work on the property.</p>
</text>
<copyright>(c) Reuters Limited 1997</copyright>
<metadata>
<codes class="bip:countries:1.0">
  <code code="ARG">
    <editdetail attribution="Reuters BIP Coding Group" action="confirmed" date="1997-02-10"/>
  </code>
  <code code="USA">
    <editdetail attribution="Reuters BIP Coding Group" action="confirmed" date="1997-02-10"/>
  </code>
</codes>
<codes class="bip:topics:1.0">
  <code code="C18">
    <editdetail attribution="Reuters BIP Coding Group" action="confirmed" date="1997-02-10"/>
  </code>
  <code code="C182">
    <editdetail attribution="Reuters BIP Coding Group" action="confirmed" date="1997-02-10"/>
  </code>
  <code code="CCAT">
    <editdetail attribution="Reuters BIP Coding Group" action="confirmed" date="1997-02-10"/>
  </code>
</codes>
<dc element="dc.date.created" value="1997-02-10"/>
<dc element="dc.publisher" value="Reuters Holdings Plc"/>
<dc element="dc.date.published" value="1997-02-10"/>
<dc element="dc.source" value="Reuters"/>
<dc element="dc.creator.location" value="SPOKANE, Wash."/>
<dc element="dc.creator.location.country.name" value="USA"/>
<dc element="dc.source" value="Reuters"/>
</metadata>
</newsitem>
