<?xml version="1.0" encoding="iso-8859-1" ?>
<newsitem itemid="285745" id="root" date="1997-01-03" xml:lang="en">
<title>USA: FCOJ weekly movement drops to 3.628 mln gallons.</title>
<headline>FCOJ weekly movement drops to 3.628 mln gallons.</headline>
<dateline>NEW YORK 1997-01-03</dateline>
<text>
<p>The Florida Citrus Processors Association said frozen concentrated orange juice movement into trade channels for the week ended December 28 was 3,628,740 gallons compared with 5,124,147 gallons last week.</p>
<p>Imports were 443,679 gallons compared with 2,683,374 gallons the previous week.  There were 22,528 domestic receipts this week compared with 15,015 domestic receipts the previous week.</p>
<p>Retail movement was 913,053 gallons , while bulk movement was 2,336,523 gallons .</p>
<p>Current season cumulative movement was 18,617,272 gallons.</p>
<p>Inventory was 89,363,735 gallons.</p>
<p>The final total pack for the season is 7,012,776 gallons.</p>
<p>((-- New York Commodities Desk, 212-859-1640))</p>
</text>
<copyright>(c) Reuters Limited 1997</copyright>
<metadata>
<codes class="bip:countries:1.0">
  <code code="USA">
    <editdetail attribution="Reuters BIP Coding Group" action="confirmed" date="1997-01-03"/>
  </code>
</codes>
<codes class="bip:topics:1.0">
  <code code="M14">
    <editdetail attribution="Reuters BIP Coding Group" action="confirmed" date="1997-01-03"/>
  </code>
  <code code="M141">
    <editdetail attribution="Reuters BIP Coding Group" action="confirmed" date="1997-01-03"/>
  </code>
  <code code="MCAT">
    <editdetail attribution="Reuters BIP Coding Group" action="confirmed" date="1997-01-03"/>
  </code>
</codes>
<dc element="dc.date.created" value="1997-01-03"/>
<dc element="dc.publisher" value="Reuters Holdings Plc"/>
<dc element="dc.date.published" value="1997-01-03"/>
<dc element="dc.source" value="Reuters"/>
<dc element="dc.creator.location" value="NEW YORK"/>
<dc element="dc.creator.location.country.name" value="USA"/>
<dc element="dc.source" value="Reuters"/>
</metadata>
</newsitem>
