<?xml version="1.0" encoding="iso-8859-1" ?>
<newsitem itemid="809436" id="root" date="1997-08-19" xml:lang="en">
<title>UK: NWE oil products mixed - gasoil, gasoline gain.</title>
<headline>NWE oil products mixed - gasoil, gasoline gain.</headline>
<dateline>LONDON 1997-08-19</dateline>
<text>
<p>NWE oil products were mixed on Tuesday with gas oil and gasoline gainers and high sulphur fuel steady to lower, traders said.</p>
<p>Gas oil firmed $1 a tonne in very slow trade in line with September IPE which was at $170.50 at 1135 GMT. A cargo of EN590 was rumoured done at $4.75 over September IPE cif NWE but no details were available. Barges were inactive and spreads stable.</p>
<p>Gasoline barges were talked $1 higher in thin trading as a single early deal was heard at $227, Rotterdam refinery material was later bid and offered at $226 and $228 respectively.</p>
<p>Naphtha began quiet with September swaps moving up by $1 to around $186, dealers said.</p>
<p>High sulphur fuel oil barges fell to trade at $93 fob with a trader selling storage material at that number while low sulphur barges traded strong for promptish delivery, fetching $101 fob a tonne for 500 tonnes.</p>
<p>Russian high sulphur cracked fuel was steady at two means +$2 and straight-run was unchanged also with three cargoes of E-4 on offer at three means flat.</p>
<p>--London newsroom, +44 171 542 8145</p>
</text>
<copyright>(c) Reuters Limited 1997</copyright>
<metadata>
<codes class="bip:countries:1.0">
  <code code="UK">
    <editdetail attribution="Reuters BIP Coding Group" action="confirmed" date="1997-08-19"/>
  </code>
</codes>
<codes class="bip:topics:1.0">
  <code code="M14">
    <editdetail attribution="Reuters BIP Coding Group" action="confirmed" date="1997-08-19"/>
  </code>
  <code code="M143">
    <editdetail attribution="Reuters BIP Coding Group" action="confirmed" date="1997-08-19"/>
  </code>
  <code code="MCAT">
    <editdetail attribution="Reuters BIP Coding Group" action="confirmed" date="1997-08-19"/>
  </code>
</codes>
<dc element="dc.date.created" value="1997-08-19"/>
<dc element="dc.publisher" value="Reuters Holdings Plc"/>
<dc element="dc.date.published" value="1997-08-19"/>
<dc element="dc.source" value="Reuters"/>
<dc element="dc.creator.location" value="LONDON"/>
<dc element="dc.creator.location.country.name" value="UK"/>
<dc element="dc.source" value="Reuters"/>
</metadata>
</newsitem>
