<?xml version="1.0" encoding="iso-8859-1" ?>
<newsitem itemid="276302" id="root" date="1996-12-26" xml:lang="en">
<title>USA: CBOE to list NCR Corp options January 2.</title>
<headline>CBOE to list NCR Corp options January 2.</headline>
<dateline>CHICAGO 1996-12-26</dateline>
<text>
<p>The Chicago Board Options Exchange (CBOE) said it would list options on January 2 on shares of NCR Corp, a wholly owned unit of AT&amp;T Corp due to be spun off on December 31.</p>
<p>The options will have initial strike prices of 30, 35 and 40, with expirations in January, February, April and July.</p>
<p>The contracts will be traded on the CBOE floor in the trading crowd of AT&amp;T options, the exchange said.</p>
<p>NCR's common shares were to be distributed to AT&amp;T shareholders on December 31. They have been trading on the New York Stock Exchange on a when-issued basis since December 11.</p>
<p>((Chicago Derivatives Desk 312-408-8750))</p>
<p>((E-mail: derivatives@reuters.com))</p>
</text>
<copyright>(c) Reuters Limited 1996</copyright>
<metadata>
<codes class="bip:countries:1.0">
  <code code="USA">
    <editdetail attribution="Reuters BIP Coding Group" action="confirmed" date="1996-12-26"/>
  </code>
</codes>
<codes class="bip:industries:1.0">
  <code code="I33020">
    <editdetail attribution="Reuters BIP Coding Group" action="confirmed" date="1996-12-26"/>
  </code>
  <code code="I3302003">
    <editdetail attribution="Reuters BIP Coding Group" action="confirmed" date="1996-12-26"/>
  </code>
  <code code="I79020">
    <editdetail attribution="Reuters BIP Coding Group" action="confirmed" date="1996-12-26"/>
  </code>
</codes>
<codes class="bip:topics:1.0">
  <code code="C15">
    <editdetail attribution="Reuters BIP Coding Group" action="confirmed" date="1996-12-26"/>
  </code>
  <code code="C152">
    <editdetail attribution="Reuters BIP Coding Group" action="confirmed" date="1996-12-26"/>
  </code>
  <code code="CCAT">
    <editdetail attribution="Reuters BIP Coding Group" action="confirmed" date="1996-12-26"/>
  </code>
</codes>
<dc element="dc.date.created" value="1996-12-26"/>
<dc element="dc.publisher" value="Reuters Holdings Plc"/>
<dc element="dc.date.published" value="1996-12-26"/>
<dc element="dc.source" value="Reuters"/>
<dc element="dc.creator.location" value="CHICAGO"/>
<dc element="dc.creator.location.country.name" value="USA"/>
<dc element="dc.source" value="Reuters"/>
</metadata>
</newsitem>
