<?xml version="1.0" encoding="iso-8859-1" ?>
<newsitem itemid="756737" id="root" date="1997-07-25" xml:lang="en">
<title>MEXICO: Banco de Mexico to inject 369 mln pesos.</title>
<headline>Banco de Mexico to inject 369 mln pesos.</headline>
<dateline>MEXICO CITY 1997-07-25</dateline>
<text>
<p>Banco de Mexico sought to drain 369 million pesos into the secondary market on Friday through one single credit auctions, dealer said.</p>
<p>The auction was offered as follows:</p>
<p>    AMOUNT     TERM</p>
<p>    369 million    3 days</p>
<p>*Amounts in pesos</p>
<p>((--Mexico City newsroom +525 728-9559))</p>
</text>
<copyright>(c) Reuters Limited 1997</copyright>
<metadata>
<codes class="bip:countries:1.0">
  <code code="MEX">
    <editdetail attribution="Reuters BIP Coding Group" action="confirmed" date="1997-07-25"/>
  </code>
</codes>
<codes class="bip:topics:1.0">
  <code code="M13">
    <editdetail attribution="Reuters BIP Coding Group" action="confirmed" date="1997-07-25"/>
  </code>
  <code code="M131">
    <editdetail attribution="Reuters BIP Coding Group" action="confirmed" date="1997-07-25"/>
  </code>
  <code code="MCAT">
    <editdetail attribution="Reuters BIP Coding Group" action="confirmed" date="1997-07-25"/>
  </code>
</codes>
<dc element="dc.date.created" value="1997-07-25"/>
<dc element="dc.publisher" value="Reuters Holdings Plc"/>
<dc element="dc.date.published" value="1997-07-25"/>
<dc element="dc.source" value="Reuters"/>
<dc element="dc.creator.location" value="MEXICO CITY"/>
<dc element="dc.creator.location.country.name" value="MEXICO"/>
<dc element="dc.source" value="Reuters"/>
</metadata>
</newsitem>
