<?xml version="1.0" encoding="iso-8859-1" ?>
<newsitem itemid="701686" id="root" date="1997-07-02" xml:lang="en">
<title>BRAZIL: Santos union to propose ending strike at meeting.</title>
<headline>Santos union to propose ending strike at meeting.</headline>
<dateline>SAO PAULO 1997-07-02</dateline>
<text>
<p>Leaders of the Administrative Portworkers' Union at Santos will propose suspending a strike and returning to work on Thursday morning at an assembly to be held later on Wednesday, a senior union official said.</p>
<p>Earlier, a judge at the Sao Paulo Labor Tribunal asked that despite strong disagreements between the workers and the port authority CODESP, the unions suspend their strike immediately.</p>
<p>&quot;I think the assembly will respect the labor tribunal's proposal,&quot; said Jurandir Franca da Hora.</p>
<p>Asked if he would suggest the union vote in favor of going back to work, he replied, &quot;Absolutely.&quot;</p>
<p>The union has called an assembly for 2000 local/2300 GMT. If they did agree to the proposal, workers would resume normal shifts as of 0700 local/1000 GMT Thursday, da Hora said.</p>
<p>The workers have been on strike since Tuesday over CODESP's failure to consult unions about a switch to 24-hour operations at the port.</p>
<p>((--Joelle Diderich, Sao Paulo newsroom +55 11 248 5417))</p>
</text>
<copyright>(c) Reuters Limited 1997</copyright>
<metadata>
<codes class="bip:countries:1.0">
  <code code="BRAZ">
    <editdetail attribution="Reuters BIP Coding Group" action="confirmed" date="1997-07-02"/>
  </code>
</codes>
<codes class="bip:industries:1.0">
  <code code="I76300">
    <editdetail attribution="Reuters BIP Coding Group" action="confirmed" date="1997-07-02"/>
  </code>
</codes>
<codes class="bip:topics:1.0">
  <code code="C42">
    <editdetail attribution="Reuters BIP Coding Group" action="confirmed" date="1997-07-02"/>
  </code>
  <code code="CCAT">
    <editdetail attribution="Reuters BIP Coding Group" action="confirmed" date="1997-07-02"/>
  </code>
  <code code="E41">
    <editdetail attribution="Reuters BIP Coding Group" action="confirmed" date="1997-07-02"/>
  </code>
  <code code="ECAT">
    <editdetail attribution="Reuters BIP Coding Group" action="confirmed" date="1997-07-02"/>
  </code>
  <code code="GCAT">
    <editdetail attribution="Reuters BIP Coding Group" action="confirmed" date="1997-07-02"/>
  </code>
  <code code="GJOB">
    <editdetail attribution="Reuters BIP Coding Group" action="confirmed" date="1997-07-02"/>
  </code>
</codes>
<dc element="dc.date.created" value="1997-07-02"/>
<dc element="dc.publisher" value="Reuters Holdings Plc"/>
<dc element="dc.date.published" value="1997-07-02"/>
<dc element="dc.source" value="Reuters"/>
<dc element="dc.creator.location" value="SAO PAULO"/>
<dc element="dc.creator.location.country.name" value="BRAZIL"/>
<dc element="dc.source" value="Reuters"/>
</metadata>
</newsitem>
