<?xml version="1.0" encoding="iso-8859-1" ?>
<newsitem itemid="785307" id="root" date="1997-08-07" xml:lang="en">
<title>USA: DUPONT TO TAKE UP TO $1 BLN WRITE-OFF FOR VENTURE.</title>
<headline>DUPONT TO TAKE UP TO $1 BLN WRITE-OFF FOR VENTURE.</headline>
<dateline>CHICAGO 1997-08-07</dateline>
<text>
<p>DuPont Co said Thursday it expects to take a one-time, non-cash charge to write off in-process research and development, which is not expected to exceed $1.0 billion.</p>
<p>The charge is in connection with DuPont's alliance with and investment in Pioneer Hi-Bred International Inc.  </p>
<p>Going forward, DuPont said it would expect 1998 earnings dilution of less than two percent.</p>
<p>DuPont said it intends to fund the transaction with cash flow from operations and borrowings, as approprite.</p>
<p>Earlier, DuPont and Pioneer Hi-Bred said they agreed to form a research alliance and a separate joint venture company for the discovery, development and delivery of new crops.</p>
<p>As part of this agreement, DuPont will invest $1.7 billion in Pioneer, ultimately owning 20 percent of it stock for $104 a share. It also will have two of the 15 seats on Pioneer's board.</p>
<p>((Reuters Chicago Newsdesk (312) 408-8787))</p>
</text>
<copyright>(c) Reuters Limited 1997</copyright>
<metadata>
<codes class="bip:countries:1.0">
  <code code="USA">
    <editdetail attribution="Reuters BIP Coding Group" action="confirmed" date="1997-08-07"/>
  </code>
</codes>
<codes class="bip:industries:1.0">
  <code code="I01001">
    <editdetail attribution="Reuters BIP Coding Group" action="confirmed" date="1997-08-07"/>
  </code>
  <code code="I25000">
    <editdetail attribution="Reuters BIP Coding Group" action="confirmed" date="1997-08-07"/>
  </code>
</codes>
<codes class="bip:topics:1.0">
  <code code="C11">
    <editdetail attribution="Reuters BIP Coding Group" action="confirmed" date="1997-08-07"/>
  </code>
  <code code="C15">
    <editdetail attribution="Reuters BIP Coding Group" action="confirmed" date="1997-08-07"/>
  </code>
  <code code="C152">
    <editdetail attribution="Reuters BIP Coding Group" action="confirmed" date="1997-08-07"/>
  </code>
  <code code="C18">
    <editdetail attribution="Reuters BIP Coding Group" action="confirmed" date="1997-08-07"/>
  </code>
  <code code="C181">
    <editdetail attribution="Reuters BIP Coding Group" action="confirmed" date="1997-08-07"/>
  </code>
  <code code="C23">
    <editdetail attribution="Reuters BIP Coding Group" action="confirmed" date="1997-08-07"/>
  </code>
  <code code="CCAT">
    <editdetail attribution="Reuters BIP Coding Group" action="confirmed" date="1997-08-07"/>
  </code>
</codes>
<dc element="dc.date.created" value="1997-08-07"/>
<dc element="dc.publisher" value="Reuters Holdings Plc"/>
<dc element="dc.date.published" value="1997-08-07"/>
<dc element="dc.source" value="Reuters"/>
<dc element="dc.creator.location" value="CHICAGO"/>
<dc element="dc.creator.location.country.name" value="USA"/>
<dc element="dc.source" value="Reuters"/>
</metadata>
</newsitem>
