<?xml version="1.0" encoding="iso-8859-1" ?>
<newsitem itemid="291920" id="root" date="1997-01-07" xml:lang="en">
<title>USA: Carriers not keen to raise transpac rates - NCA.</title>
<headline>Carriers not keen to raise transpac rates - NCA.</headline>
<dateline>NEW YORK 1996-01-08</dateline>
<text>
<p>There will be no repeat of the Feb 1 air freight rate increases of the previous two years on U.S.-Asia corridors as carriers pursue a wait-and-see course, an official of Nippon Cargo Airlines said on Monday</p>
<p>No airline has announced a Feb one increase, NCA has no plans to move on March one either &quot;and after that I can't say&quot;, said Pete Diefenbach, manager of U.S. marketing for the</p>
<p>U.S.-Japan freight rates rose on Feb 1 of both 1995 and 1996, and many U.S.-Asia rates rose in lockstep.</p>
<p>&quot;I would expect that everybody wants to see how the first quarter of '97 shakes out&quot; before moving on rates, Diefenbach told Reuters.</p>
<p>NCA imposed a fuel surcharge of $0.10/kilo from the U.S. on Dec 9.</p>
<p>Freight forwarders now want at least two months' notice of any increase, he added.</p>
<p>Besides concerns about a slower rate of growth in 1997, carriers are watching the impact of recent or pending capacity additions in the U.S.-Japan and US-Asia markets.</p>
<p>These include new freighter services inaugurated last year by operators like UPS and Federal Express. Also, Chicago-based United Airlines has scheduled the launch of its long-awaited transpacific freighter service for March.</p>
<p>Additionally, new passenger flights between the U.S. and the Asian mainland on a number of carriers is bringing additional capacity into play as well, said Diefenbach.</p>
<p>-Air Cargo Newsroom Tel +44 171 542 7706 Fax +44 171 542 5017</p>
</text>
<copyright>(c) Reuters Limited 1997</copyright>
<metadata>
<codes class="bip:countries:1.0">
  <code code="JAP">
    <editdetail attribution="Reuters BIP Coding Group" action="confirmed" date="1997-01-07"/>
  </code>
  <code code="USA">
    <editdetail attribution="Reuters BIP Coding Group" action="confirmed" date="1997-01-07"/>
  </code>
</codes>
<codes class="bip:industries:1.0">
  <code code="I75000">
    <editdetail attribution="Reuters BIP Coding Group" action="confirmed" date="1997-01-07"/>
  </code>
  <code code="I77002">
    <editdetail attribution="Reuters BIP Coding Group" action="confirmed" date="1997-01-07"/>
  </code>
  <code code="I79010">
    <editdetail attribution="Reuters BIP Coding Group" action="confirmed" date="1997-01-07"/>
  </code>
</codes>
<codes class="bip:topics:1.0">
  <code code="C24">
    <editdetail attribution="Reuters BIP Coding Group" action="confirmed" date="1997-01-07"/>
  </code>
  <code code="C31">
    <editdetail attribution="Reuters BIP Coding Group" action="confirmed" date="1997-01-07"/>
  </code>
  <code code="CCAT">
    <editdetail attribution="Reuters BIP Coding Group" action="confirmed" date="1997-01-07"/>
  </code>
</codes>
<dc element="dc.date.created" value="1996-01-08"/>
<dc element="dc.publisher" value="Reuters Holdings Plc"/>
<dc element="dc.date.published" value="1997-01-07"/>
<dc element="dc.source" value="Reuters"/>
<dc element="dc.creator.location" value="NEW YORK"/>
<dc element="dc.creator.location.country.name" value="USA"/>
<dc element="dc.source" value="Reuters"/>
</metadata>
</newsitem>
