<?xml version="1.0" encoding="iso-8859-1" ?>
<newsitem itemid="35560" id="root" date="1996-09-05" xml:lang="en">
<title>USA: RESEARCH ALERT - Southwest Air lowered.</title>
<headline>RESEARCH ALERT - Southwest Air lowered.</headline>
<text>
<p>-- Merrill Lynch said it lowered its near-term rating on Southwest Airlines Co to neutral from accumulate and left unchanged the long-term buy rating.</p>
<p>-- In morning New York Stock Exchange trade, Southwest shares shed 1/2 to 21-,3/4.</p>
</text>
<copyright>(c) Reuters Limited 1996</copyright>
<metadata>
<codes class="bip:countries:1.0">
  <code code="USA">
    <editdetail attribution="Reuters BIP Coding Group" action="confirmed" date="1996-09-05"/>
  </code>
</codes>
<codes class="bip:industries:1.0">
  <code code="I75000">
    <editdetail attribution="Reuters BIP Coding Group" action="confirmed" date="1996-09-05"/>
  </code>
</codes>
<codes class="bip:topics:1.0">
  <code code="C15">
    <editdetail attribution="Reuters BIP Coding Group" action="confirmed" date="1996-09-05"/>
  </code>
  <code code="C152">
    <editdetail attribution="Reuters BIP Coding Group" action="confirmed" date="1996-09-05"/>
  </code>
  <code code="CCAT">
    <editdetail attribution="Reuters BIP Coding Group" action="confirmed" date="1996-09-05"/>
  </code>
</codes>
<dc element="dc.publisher" value="Reuters Holdings Plc"/>
<dc element="dc.date.published" value="1996-09-05"/>
<dc element="dc.source" value="Reuters"/>
<dc element="dc.creator.location.country.name" value="USA"/>
<dc element="dc.source" value="Reuters"/>
</metadata>
</newsitem>
