<?xml version="1.0" encoding="iso-8859-1" ?>
<newsitem itemid="303789" id="root" date="1997-01-13" xml:lang="en">
<title>IRAN: Iran president plays down differences with Syria.</title>
<headline>Iran president plays down differences with Syria.</headline>
<dateline>TEHRAN 1997-01-13</dateline>
<text>
<p>Iranian President Akbar Hashemi Rafsanjani on Monday played down differences with Syria, its closest Arab ally, in a meeting with a Syrian official.</p>
<p>The visit by Syrian Vice-President Abdel-Halim Khaddam follows sharp criticism by Iran's media of Syria's approval of a decision by Arab ministers backing the United Arab Emirates in its territorial row with Iran over three islands in the Gulf.</p>
<p>&quot;Regional countries should avoid non-essential problems and mobilise all their capabilities against the sinister policies of those (Israel) who occupy Qods (Jerusalem) and their global backers,&quot; Tehran radio quoted Rafsanjani as saying.</p>
<p>Khaddam described ties between Syria and Iran as &quot;friendly and strategic&quot;, the radio added.</p>
<p>Khaddam and Foreign Minister Farouq al-Shara, accompanied by several cabinet ministers, left Tehran on Monday at the end of the two-day visit.</p>
<p>The Syrian officials also met their Iranian counterparts and attended meetings of a joint commission assigned to promote bilateral cooperation.</p>
<p>Syria backed Iran during its 1980-1988 war with Iraq and is Tehran's closest Arab ally.</p>
</text>
<copyright>(c) Reuters Limited 1997</copyright>
<metadata>
<codes class="bip:countries:1.0">
  <code code="IRAN">
    <editdetail attribution="Reuters BIP Coding Group" action="confirmed" date="1997-01-13"/>
  </code>
  <code code="SYRIA">
    <editdetail attribution="Reuters BIP Coding Group" action="confirmed" date="1997-01-13"/>
  </code>
  <code code="UAE">
    <editdetail attribution="Reuters BIP Coding Group" action="confirmed" date="1997-01-13"/>
  </code>
</codes>
<codes class="bip:topics:1.0">
  <code code="GCAT">
    <editdetail attribution="Reuters BIP Coding Group" action="confirmed" date="1997-01-13"/>
  </code>
  <code code="GDIP">
    <editdetail attribution="Reuters BIP Coding Group" action="confirmed" date="1997-01-13"/>
  </code>
</codes>
<dc element="dc.date.created" value="1997-01-13"/>
<dc element="dc.publisher" value="Reuters Holdings Plc"/>
<dc element="dc.date.published" value="1997-01-13"/>
<dc element="dc.source" value="Reuters"/>
<dc element="dc.creator.location" value="TEHRAN"/>
<dc element="dc.creator.location.country.name" value="IRAN"/>
<dc element="dc.source" value="Reuters"/>
</metadata>
</newsitem>
