<?xml version="1.0" encoding="iso-8859-1" ?>
<newsitem itemid="78965" id="root" date="1996-09-26" xml:lang="en">
<title>USA: North Central Texas deal yields 5.87 pct in 2021.</title>
<headline>North Central Texas deal yields 5.87 pct in 2021.</headline>
<dateline>NEW YORK 1996-09-26</dateline>
<text>
<p>Merrill Lynch &amp; Co said Thursday it tentatively priced $61 million North Central Texas Health Facilities Development Corp hospital bonds at a top yield of 5.87 percent in 2021.</p>
<p>The preliminary pricing follows:  </p>
<p>NORTH CENTRAL TEXAS HEALTH FACILITIES</p>
<p>DEVELOPMENT CORPORATION</p>
<p>RE: $60,995,000*</p>
<p>HOSPITAL REVENUE REFUNDING BONDS</p>
<p>PESBYTERIAN HEALTHCARE SYSTEM PROJECT</p>
<p>PRELIMINARY PRICING IS AS FOLLOWS:</p>
<p>    MOODY'S: Aaa		   S&amp;P: AAA</p>
<p>		 (AA)</p>
<p>MBIA INSURED</p>
<p>    DATED: 09/15/1996	  FIRST COUPON: 12/01/1996</p>
<p>DUE: 06/01</p>
<p>MATURITY		 AMOUNT*    COUPON	   PRICE</p>
<p>06/01/1997		  105M    4.00  %	  3.95</p>
<p>06/01/1998		  185M    4.20  %	  4.25</p>
<p>06/01/1999		  195M    4.40  %	  4.50</p>
<p>06/01/2000		  200M    4.60  %	  4.65</p>
<p>06/01/2001		  210M    4.70  %	  4.75</p>
<p>------------------------------------------------------</p>
<p>06/01/2002		  220M    4.75  %	  4.85</p>
<p>06/01/2003		  230M    4.875 %	  4.95</p>
<p>06/01/2004		  245M    5.00  %	  5.05</p>
<p>06/01/2005		  255M    5.00  %	  5.15</p>
<p>06/01/2006		  270M    5.125 %	  5.25</p>
<p>------------------------------------------------------</p>
<p>06/01/2007		  285M    5.25  %	  5.35</p>
<p>06/01/2008		  300M    5.375 %	  5.45</p>
<p>06/01/2009		  315M    5.40  %	  5.55</p>
<p>06/01/2010		  330M    5.50  %	  5.65</p>
<p>06/01/2016	     19,580M    5.50  %	  5.82</p>
<p>						  (Approx. $ Price 96.281)</p>
<p>06/01/2021	     38,070M    5.50  %	  5.87</p>
<p>						  (Approx. $ Price 95.208)</p>
<p>CALL FEATURES: 06/01/2006    102.00</p>
<p>		   DTP 06/01/2008</p>
<p>* - APPROXIMATE SUBJECT TO CHANGE</p>
<p>The compliance addendum MSRB Rule G-11 will apply.</p>
<p>The award is expected Friday, September 27, 1996.</p>
<p>Delivery is expected on October 24, 1996.</p>
<p>This issue is book entry through DTC.</p>
<p>Merrill Lynch &amp; Co.</p>
<p>Smith Barney Inc.</p>
<p>Estrada Hinojosa &amp; Co.</p>
<p>Walton Johnson &amp; Company</p>
<p>--U.S. Municipal Desk, 212-859-1650</p>
</text>
<copyright>(c) Reuters Limited 1996</copyright>
<metadata>
<codes class="bip:countries:1.0">
  <code code="USA">
    <editdetail attribution="Reuters BIP Coding Group" action="confirmed" date="1996-09-26"/>
  </code>
</codes>
<codes class="bip:topics:1.0">
  <code code="E21">
    <editdetail attribution="Reuters BIP Coding Group" action="confirmed" date="1996-09-26"/>
  </code>
  <code code="E212">
    <editdetail attribution="Reuters BIP Coding Group" action="confirmed" date="1996-09-26"/>
  </code>
  <code code="ECAT">
    <editdetail attribution="Reuters BIP Coding Group" action="confirmed" date="1996-09-26"/>
  </code>
</codes>
<dc element="dc.date.created" value="1996-09-26"/>
<dc element="dc.publisher" value="Reuters Holdings Plc"/>
<dc element="dc.date.published" value="1996-09-26"/>
<dc element="dc.source" value="Reuters"/>
<dc element="dc.creator.location" value="NEW YORK"/>
<dc element="dc.creator.location.country.name" value="USA"/>
<dc element="dc.source" value="Reuters"/>
</metadata>
</newsitem>
