<?xml version="1.0" encoding="iso-8859-1" ?>
<newsitem itemid="368050" id="root" date="1997-02-10" xml:lang="en">
<title>UK: Peptide shares jump on SmithKline deal.</title>
<headline>Peptide shares jump on SmithKline deal.</headline>
<dateline>LONDON 1997-02-10</dateline>
<text>
<p>Shares in Peptide Therapeutics Plc and BTG Plc jumped on Monday after Peptide formed a strategic alliance with SmithKline Plc Beecham to develop and market Peptide's allergy vaccine portfolio.</p>
<p>BTG, which licensed the allergy vaccine technology to Peptide in 1994, said it had created new contractual arrangements with Peptide following the deal. It said it now holds 4.5 percent of Peptide and will &quot;receive certain other payments based on the success of the company.&quot;</p>
<p>By 0815 GMT, Peptide shares were up 36p at 365 in pre-market trade, while BTG shares were 15p firmer at 477-1/2.  </p>
<p>Peptide shares have more than doubled in price since mid-October, when they hit a low of 170, while BTG shares have been among the top performing British stocks since September 1996.</p>
<p>SmithKline Beecham shares were two pence firmer at 856-1/2.</p>
<p>-- London newsroom +44 171 542 4367</p>
</text>
<copyright>(c) Reuters Limited 1997</copyright>
<metadata>
<codes class="bip:countries:1.0">
  <code code="UK">
    <editdetail attribution="Reuters BIP Coding Group" action="confirmed" date="1997-02-10"/>
  </code>
</codes>
<codes class="bip:industries:1.0">
  <code code="I25700">
    <editdetail attribution="Reuters BIP Coding Group" action="confirmed" date="1997-02-10"/>
  </code>
  <code code="I83700">
    <editdetail attribution="Reuters BIP Coding Group" action="confirmed" date="1997-02-10"/>
  </code>
</codes>
<codes class="bip:topics:1.0">
  <code code="C11">
    <editdetail attribution="Reuters BIP Coding Group" action="confirmed" date="1997-02-10"/>
  </code>
  <code code="C15">
    <editdetail attribution="Reuters BIP Coding Group" action="confirmed" date="1997-02-10"/>
  </code>
  <code code="C152">
    <editdetail attribution="Reuters BIP Coding Group" action="confirmed" date="1997-02-10"/>
  </code>
  <code code="CCAT">
    <editdetail attribution="Reuters BIP Coding Group" action="confirmed" date="1997-02-10"/>
  </code>
</codes>
<dc element="dc.date.created" value="1997-02-10"/>
<dc element="dc.publisher" value="Reuters Holdings Plc"/>
<dc element="dc.date.published" value="1997-02-10"/>
<dc element="dc.source" value="Reuters"/>
<dc element="dc.creator.location" value="LONDON"/>
<dc element="dc.creator.location.country.name" value="UK"/>
<dc element="dc.source" value="Reuters"/>
</metadata>
</newsitem>
