<?xml version="1.0" encoding="iso-8859-1" ?>
<newsitem itemid="743895" id="root" date="1997-07-21" xml:lang="en">
<title>USA: Worker killed at U.S. Steel plant explosion.</title>
<headline>Worker killed at U.S. Steel plant explosion.</headline>
<dateline>GARY, Ind. 1997-07-20</dateline>
<text>
<p>A steelworker was killed on Sunday by a projectile from an explosion at a U.S. Steel plant, the second fatal accident in the past three days at steel-making plants in Northwest Indiana, authorities said.</p>
<p>The cause of Sunday's explosion at U.S. Steel's Gary Works was not known, but a spokesman for parent company USX Corp. said molten steel likely came in contact with water in a slag pit alongside a blast furnace, triggering the blast.</p>
<p>&quot;Apparently molten iron ... probably encountered some water that created steam, pressure and a significant eruption,&quot; USX spokesman Ernie Glenn said.</p>
<p>&quot;(The explosion) launched some sort of projectile which apparently struck the victim in the head, killing him,&quot; he said. The name of the worker was not released.</p>
<p>A blast furnance produces molten iron drawn from iron ore and coke, and slag is the super-heated byproduct produced by the process.</p>
<p>The U.S. Steel plant employs about 7,500 people along Lake Michigan about 20 miles southeast of Chicago.</p>
<p>Two workers at Inland Steel Industries Inc.'s plant in East Chicago, Indiana, died of burns sustained when molten steel spilled onto them in an accident on Friday.</p>
<p>Following the accident at Inland Steel on Friday, steelworker C.J. Jones Jr., 61, died at the University of Chicago Hospital's burn unit, and Keith Laczi, 42, died on Saturday at Loyola University Medical Centre in suburban Maywood, Illinois.</p>
</text>
<copyright>(c) Reuters Limited 1997</copyright>
<metadata>
<codes class="bip:countries:1.0">
  <code code="USA">
    <editdetail attribution="Reuters BIP Coding Group" action="confirmed" date="1997-07-21"/>
  </code>
</codes>
<codes class="bip:industries:1.0">
  <code code="I22100">
    <editdetail attribution="Reuters BIP Coding Group" action="confirmed" date="1997-07-21"/>
  </code>
</codes>
<codes class="bip:topics:1.0">
  <code code="C24">
    <editdetail attribution="Reuters BIP Coding Group" action="confirmed" date="1997-07-21"/>
  </code>
  <code code="CCAT">
    <editdetail attribution="Reuters BIP Coding Group" action="confirmed" date="1997-07-21"/>
  </code>
  <code code="GCAT">
    <editdetail attribution="Reuters BIP Coding Group" action="confirmed" date="1997-07-21"/>
  </code>
  <code code="GDIS">
    <editdetail attribution="Reuters BIP Coding Group" action="confirmed" date="1997-07-21"/>
  </code>
</codes>
<dc element="dc.date.created" value="1997-07-20"/>
<dc element="dc.publisher" value="Reuters Holdings Plc"/>
<dc element="dc.date.published" value="1997-07-21"/>
<dc element="dc.source" value="Reuters"/>
<dc element="dc.creator.location" value="GARY, Ind."/>
<dc element="dc.creator.location.country.name" value="USA"/>
<dc element="dc.source" value="Reuters"/>
</metadata>
</newsitem>
