<?xml version="1.0" encoding="iso-8859-1" ?>
<newsitem itemid="628093" id="root" date="1997-05-30" xml:lang="en">
<title>JAPAN: Nittan - 96/97 group results.</title>
<headline>Nittan - 96/97 group results.</headline>
<dateline>TOKYO 1997-05-30</dateline>
<text>
<p>Year to March 31, 1997</p>
<p> (Group)	(in billions of yen unless specified)</p>
<p> Sales		 38.31		vs	   37.80</p>
<p> Operating	  387    million    vs	  425    million</p>
<p> Current	    456    million    vs	  558    million</p>
<p> Net		   83    million    vs	  178    million</p>
<p> EPS		    5.83 yen	  vs	   12.46 yen</p>
<p> Diluted EPS	     -		vs		 -</p>
<p>NOTE - Nittan Company Ltd is a comprehensive engineering firm specialising in the manufacture of disaster-prevention equipment.</p>
</text>
<copyright>(c) Reuters Limited 1997</copyright>
<metadata>
<codes class="bip:countries:1.0">
  <code code="JAP">
    <editdetail attribution="Reuters BIP Coding Group" action="confirmed" date="1997-05-30"/>
  </code>
</codes>
<codes class="bip:industries:1.0">
  <code code="I34330">
    <editdetail attribution="Reuters BIP Coding Group" action="confirmed" date="1997-05-30"/>
  </code>
</codes>
<codes class="bip:topics:1.0">
  <code code="C15">
    <editdetail attribution="Reuters BIP Coding Group" action="confirmed" date="1997-05-30"/>
  </code>
  <code code="C151">
    <editdetail attribution="Reuters BIP Coding Group" action="confirmed" date="1997-05-30"/>
  </code>
  <code code="C1511">
    <editdetail attribution="Reuters BIP Coding Group" action="confirmed" date="1997-05-30"/>
  </code>
  <code code="CCAT">
    <editdetail attribution="Reuters BIP Coding Group" action="confirmed" date="1997-05-30"/>
  </code>
</codes>
<dc element="dc.date.created" value="1997-05-30"/>
<dc element="dc.publisher" value="Reuters Holdings Plc"/>
<dc element="dc.date.published" value="1997-05-30"/>
<dc element="dc.source" value="Reuters"/>
<dc element="dc.creator.location" value="TOKYO"/>
<dc element="dc.creator.location.country.name" value="JAPAN"/>
<dc element="dc.source" value="Reuters"/>
</metadata>
</newsitem>
