<?xml version="1.0" encoding="iso-8859-1" ?>
<newsitem itemid="42777" id="root" date="1996-09-10" xml:lang="en">
<title>BELGIUM: Belgian D'Ieteren H1 net profit more than doubles.</title>
<headline>Belgian D'Ieteren H1 net profit more than doubles.</headline>
<dateline>BRUSSELS 1996-09-10</dateline>
<text>
<p>First-half 1996 earnings</p>
<p>(millions of Belgian francs unless stated)</p>
<p>    Group net profit			   589 vs    248</p>
<p>    Group current net profit		 900 vs    513</p>
<p>    Goodwill write-offs			311 vs    265</p>
<p>    Cons turnover			   29,052 vs 26,171</p>
<p>    Non-cons net profit			619 vs    677</p>
<p>NOTE - D'Ieteren NV is Belgium's largest car</p>
<p>importer and distributor with a market share of 19.69 percent. It has a 77.1 percent stake in car rental company Avis Europ.</p>
</text>
<copyright>(c) Reuters Limited 1996</copyright>
<metadata>
<codes class="bip:countries:1.0">
  <code code="BELG">
    <editdetail attribution="Reuters BIP Coding Group" action="confirmed" date="1996-09-10"/>
  </code>
</codes>
<codes class="bip:industries:1.0">
  <code code="I65100">
    <editdetail attribution="Reuters BIP Coding Group" action="confirmed" date="1996-09-10"/>
  </code>
</codes>
<codes class="bip:topics:1.0">
  <code code="C15">
    <editdetail attribution="Reuters BIP Coding Group" action="confirmed" date="1996-09-10"/>
  </code>
  <code code="C151">
    <editdetail attribution="Reuters BIP Coding Group" action="confirmed" date="1996-09-10"/>
  </code>
  <code code="CCAT">
    <editdetail attribution="Reuters BIP Coding Group" action="confirmed" date="1996-09-10"/>
  </code>
</codes>
<dc element="dc.date.created" value="1996-09-10"/>
<dc element="dc.publisher" value="Reuters Holdings Plc"/>
<dc element="dc.date.published" value="1996-09-10"/>
<dc element="dc.source" value="Reuters"/>
<dc element="dc.creator.location" value="BRUSSELS"/>
<dc element="dc.creator.location.country.name" value="BELGIUM"/>
<dc element="dc.source" value="Reuters"/>
</metadata>
</newsitem>
