<?xml version="1.0" encoding="iso-8859-1" ?>
<newsitem itemid="654447" id="root" date="1997-06-11" xml:lang="en">
<title>FRANCE: French jobs conference start seen in Sept -Blondel.</title>
<headline>French jobs conference start seen in Sept -Blondel.</headline>
<dateline>PARIS 1997-06-11</dateline>
<text>
<p>French Force Ouvriere trade union boss Marc Blondel said on Wednesday after meeting Prime Minister Lionel Jospin that he expected a planned national conference on wages and jobs to start in September.</p>
<p>The conference, grouping unions and employers, was proposed by Jospin before his left-wing government won a recent French parliamentary election but an official start date has yet to be set.</p>
<p>&quot;We're being told it will take time to prepare, that we will have to hold consultations. I believe, but this is me, Blondel speaking, that things points to September, given that there will be certain elements to come in advance, including the SMIC (national minimum wage),&quot; Blondel told reporters after meeting Jospin.</p>
<p>Blondel was one of several trade union bosses and employers' represenatives meeting Jospin on Wednesday and Thursday.</p>
<p>The conference is expected to gather employers and unions to discuss linked issues of wages, the possibility of reorganising and reducing work time and creating employment.</p>
<p>-- Paris Newsroom +331 4221 5542</p>
</text>
<copyright>(c) Reuters Limited 1997</copyright>
<metadata>
<codes class="bip:countries:1.0">
  <code code="FRA">
    <editdetail attribution="Reuters BIP Coding Group" action="confirmed" date="1997-06-11"/>
  </code>
</codes>
<codes class="bip:topics:1.0">
  <code code="E41">
    <editdetail attribution="Reuters BIP Coding Group" action="confirmed" date="1997-06-11"/>
  </code>
  <code code="E411">
    <editdetail attribution="Reuters BIP Coding Group" action="confirmed" date="1997-06-11"/>
  </code>
  <code code="ECAT">
    <editdetail attribution="Reuters BIP Coding Group" action="confirmed" date="1997-06-11"/>
  </code>
  <code code="GCAT">
    <editdetail attribution="Reuters BIP Coding Group" action="confirmed" date="1997-06-11"/>
  </code>
  <code code="GJOB">
    <editdetail attribution="Reuters BIP Coding Group" action="confirmed" date="1997-06-11"/>
  </code>
</codes>
<dc element="dc.date.created" value="1997-06-11"/>
<dc element="dc.publisher" value="Reuters Holdings Plc"/>
<dc element="dc.date.published" value="1997-06-11"/>
<dc element="dc.source" value="Reuters"/>
<dc element="dc.creator.location" value="PARIS"/>
<dc element="dc.creator.location.country.name" value="FRANCE"/>
<dc element="dc.source" value="Reuters"/>
</metadata>
</newsitem>
