<?xml version="1.0" encoding="iso-8859-1" ?>
<newsitem itemid="625944" id="root" date="1997-05-30" xml:lang="en">
<title>USA: Arzan full year net increases.</title>
<headline>Arzan full year net increases.</headline>
<dateline>NEW YORK 1997-05-30</dateline>
<text>
<p>ARZAN INTERNATIONAL (1991) LTD</p>
<p>				 Year Ended Dec. 31</p>
<p>		 1996		     1995</p>
<p>		(Unaudited)		Audited</p>
<p>Sales	 $14,955,000	     $12,728,000</p>
<p>Net income	740,000		 1,066,000</p>
<p>Per share (Weighted)</p>
<p>			$0.18		     $0.46</p>
<p>Weighted Ave. Shares Outstanding</p>
<p>		  4,120,837		 2,300,000</p>
<p>NOTE: Dollar amounts represent New Israeli Shekels adjusted as of December 1996 and divided to the exchange rates of the dollar/shekel on December 31, 1996.</p>
</text>
<copyright>(c) Reuters Limited 1997</copyright>
<metadata>
<codes class="bip:countries:1.0">
  <code code="ISRAEL">
    <editdetail attribution="Reuters BIP Coding Group" action="confirmed" date="1997-05-30"/>
  </code>
  <code code="USA">
    <editdetail attribution="Reuters BIP Coding Group" action="confirmed" date="1997-05-30"/>
  </code>
</codes>
<codes class="bip:topics:1.0">
  <code code="C15">
    <editdetail attribution="Reuters BIP Coding Group" action="confirmed" date="1997-05-30"/>
  </code>
  <code code="C151">
    <editdetail attribution="Reuters BIP Coding Group" action="confirmed" date="1997-05-30"/>
  </code>
  <code code="C1511">
    <editdetail attribution="Reuters BIP Coding Group" action="confirmed" date="1997-05-30"/>
  </code>
  <code code="CCAT">
    <editdetail attribution="Reuters BIP Coding Group" action="confirmed" date="1997-05-30"/>
  </code>
</codes>
<dc element="dc.date.created" value="1997-05-30"/>
<dc element="dc.publisher" value="Reuters Holdings Plc"/>
<dc element="dc.date.published" value="1997-05-30"/>
<dc element="dc.source" value="Reuters"/>
<dc element="dc.creator.location" value="NEW YORK"/>
<dc element="dc.creator.location.country.name" value="USA"/>
<dc element="dc.source" value="Reuters"/>
</metadata>
</newsitem>
