<?xml version="1.0" encoding="iso-8859-1" ?>
<newsitem itemid="392112" id="root" date="1997-02-20" xml:lang="en">
<title>AUSTRALIA: RTRS-RGC half yr net profit falls.</title>
<headline>RTRS-RGC half yr net profit falls.</headline>
<dateline>SYDNEY 1997-02-20</dateline>
<text>
<p>Six months to December 31, 1996.</p>
<p>		 (million A$ unless stated)</p>
<p>    Operating profit		    41.10 vs 49.49</p>
<p>    Net				     32.32 vs 33.67</p>
<p>    Dividend (cents)		     5.0  vs 5.0</p>
<p>NOTE: RGC Ltd, formerly Renison Goldfields Consolidated Ltd, is a mineral sands, tin and copper miner and is 40.0 percent owned by Hanson Plc.  </p>
<p>    Sales				 463.62  vs 471.46</p>
<p>    Other income			 28.43  vs 15.67</p>
<p>    Shr (cents)			  12.4   vs 16.6</p>
<p>Dividend is 70 pct franked</p>
<p>Pay date April 24</p>
<p>Reg date March 27</p>
<p>    Abnormal items			 nil  vs nil</p>
<p>    Tax				     3.21  vs 13.86</p>
<p>    Interest			     19.54  vs 21.56</p>
<p>    Depreciation			 79.39  vs 70.66</p>
<p>-- Sydney Newsroom 61-2 9373-1800</p>
</text>
<copyright>(c) Reuters Limited 1997</copyright>
<metadata>
<codes class="bip:countries:1.0">
  <code code="AUSTR">
    <editdetail attribution="Reuters BIP Coding Group" action="confirmed" date="1997-02-20"/>
  </code>
</codes>
<codes class="bip:industries:1.0">
  <code code="I21000">
    <editdetail attribution="Reuters BIP Coding Group" action="confirmed" date="1997-02-20"/>
  </code>
  <code code="I83960">
    <editdetail attribution="Reuters BIP Coding Group" action="confirmed" date="1997-02-20"/>
  </code>
</codes>
<codes class="bip:topics:1.0">
  <code code="C15">
    <editdetail attribution="Reuters BIP Coding Group" action="confirmed" date="1997-02-20"/>
  </code>
  <code code="C151">
    <editdetail attribution="Reuters BIP Coding Group" action="confirmed" date="1997-02-20"/>
  </code>
  <code code="CCAT">
    <editdetail attribution="Reuters BIP Coding Group" action="confirmed" date="1997-02-20"/>
  </code>
</codes>
<dc element="dc.date.created" value="1997-02-20"/>
<dc element="dc.publisher" value="Reuters Holdings Plc"/>
<dc element="dc.date.published" value="1997-02-20"/>
<dc element="dc.source" value="Reuters"/>
<dc element="dc.creator.location" value="SYDNEY"/>
<dc element="dc.creator.location.country.name" value="AUSTRALIA"/>
<dc element="dc.source" value="Reuters"/>
</metadata>
</newsitem>
