<?xml version="1.0" encoding="iso-8859-1" ?>
<newsitem itemid="124378" id="root" date="1996-10-17" xml:lang="en">
<title>USA: Rio Hotel Q3 net shr $0.20 vs $0.23.</title>
<headline>Rio Hotel Q3 net shr $0.20 vs $0.23.</headline>
<dateline>LAS VEGAS 1996-10-17</dateline>
<text>
<p>RIO HOTEL &amp; CASINO, INC.</p>
<p>			CONSOLIDATED STATEMENTS OF INCOME</p>
<p>		 (in thousands, except for per share amounts)</p>
<p>						Nine	Nine</p>
<p>			Qtr	 Qtr	 Mos	 Mos     Year</p>
<p>		   Ended	Ended     Ended     Ended     Ended</p>
<p>		  Sep 30,   Sep 30,   Sep 30,   Sep 30,  Dec. 31,</p>
<p>		     1996     1995	1996	1995	1995</p>
<p>		     (Unaudited)(Unaudited)(Unaudited)(Unaudited)</p>
<p>REVENUES:</p>
<p>  Casino	$26,851   $26,829   $83,083   $76,796  $105,547</p>
<p>  Room	    9,790     8,865    30,112    25,027    33,826</p>
<p>Food and Beverage</p>
<p>		   17,719    15,483    52,993    44,532    60,010</p>
<p>  Other	   3,840     3,265    11,293     8,856    11,966</p>
<p>Casino Promotional</p>
<p>Allowances</p>
<p>		  (5,013)   (4,678)  (14,547)  (13,662)  (18,811)</p>
<p>		   53,190    49,764   162,934   141,549   192,538</p>
<p>OPERATING EXPENSES:</p>
<p>  Casino	 14,111    11,785    40,006    33,718    48,072</p>
<p>  Room	    3,237     2,825     9,877     7,642    10,414</p>
<p>Food and Beverage</p>
<p>		   13,660    12,100    40,616    35,907    48,258</p>
<p>  Other	   1,960     1,747     5,862     4,935     6,647</p>
<p>Selling, General and</p>
<p>Administrative</p>
<p>		    7,653     7,846    23,539    21,040    27,778</p>
<p>Depreciation</p>
<p>and Amortization</p>
<p>		    4,284     3,279    12,538    10,387    14,231</p>
<p>		   44,905    39,582   132,438   113,629   155,400</p>
<p>OPERATING PROFIT</p>
<p>		    8,285    10,182    30,496    27,920    37,138</p>
<p>Interest Expense, Net</p>
<p>		  (1,721)   (2,431)   (6,959)   (5,110)   (7,686)</p>
<p>INCOME BEFORE</p>
<p>   INCOME TAX   6,564     7,751    23,537    22,810    29,452</p>
<p>Provision for</p>
<p>Income Tax</p>
<p>		  (2,298)   (2,866)   (8,469)   (8,499)  (10,707)</p>
<p> NET INCOME     4,266     4,885    15,068    14,311    18,745</p>
<p>NET INCOME PER</p>
<p>   COMMON SHARE  0.20	0.23	0.70	0.66	0.87</p>
<p>Weighted Average Number</p>
<p>of Shares Outstanding</p>
<p>		   21,519    21,634    21,563    21,635    21,593</p>
<p>Earnings Before Interest,</p>
<p>Taxes, Depreciation</p>
<p>and Amortization</p>
<p>  (&quot;EBITDA&quot;)   12,568    13,461    43,034    38,307    51,369</p>
<p>EBITDA PER COMMON SHARE</p>
<p>		     0.58	0.62	2.00	1.77	2.38</p>
</text>
<copyright>(c) Reuters Limited 1996</copyright>
<metadata>
<codes class="bip:countries:1.0">
  <code code="USA">
    <editdetail attribution="Reuters BIP Coding Group" action="confirmed" date="1996-10-17"/>
  </code>
</codes>
<codes class="bip:industries:1.0">
  <code code="I85000">
    <editdetail attribution="Reuters BIP Coding Group" action="confirmed" date="1996-10-17"/>
  </code>
</codes>
<codes class="bip:topics:1.0">
  <code code="C15">
    <editdetail attribution="Reuters BIP Coding Group" action="confirmed" date="1996-10-17"/>
  </code>
  <code code="C151">
    <editdetail attribution="Reuters BIP Coding Group" action="confirmed" date="1996-10-17"/>
  </code>
  <code code="CCAT">
    <editdetail attribution="Reuters BIP Coding Group" action="confirmed" date="1996-10-17"/>
  </code>
</codes>
<dc element="dc.date.created" value="1996-10-17"/>
<dc element="dc.publisher" value="Reuters Holdings Plc"/>
<dc element="dc.date.published" value="1996-10-17"/>
<dc element="dc.source" value="Reuters"/>
<dc element="dc.creator.location" value="LAS VEGAS"/>
<dc element="dc.creator.location.country.name" value="USA"/>
<dc element="dc.source" value="Reuters"/>
</metadata>
</newsitem>
