<?xml version="1.0" encoding="iso-8859-1" ?>
<newsitem itemid="71324" id="root" date="1996-09-23" xml:lang="en">
<title>ITALY: Two Italy brokers win appeals over suspension.</title>
<headline>Two Italy brokers win appeals over suspension.</headline>
<dateline>MILAN 1996-09-23</dateline>
<text>
<p>Italian brokerage houses Roma Sim, owned by Banca di Roma, and Coen Campos Venuti &amp; Co Sim have won appeals to the State Council overturning their suspension by bourse watchdog Consob, market sources said.</p>
<p>Consob suspended the two brokers at the end of August, for two and four months respectively, for a series of irregularities.</p>
<p>The Lazio regional court rejected their appeals earlier this month but the brokers took their case to the State Council, Italy's highest body overseeing administrative justice, which the brokers said had upheld their case and overturned the original suspensions.</p>
<p>-- Milan newsroom +392 66129589</p>
</text>
<copyright>(c) Reuters Limited 1996</copyright>
<metadata>
<codes class="bip:countries:1.0">
  <code code="ITALY">
    <editdetail attribution="Reuters BIP Coding Group" action="confirmed" date="1996-09-23"/>
  </code>
</codes>
<codes class="bip:industries:1.0">
  <code code="I81402">
    <editdetail attribution="Reuters BIP Coding Group" action="confirmed" date="1996-09-23"/>
  </code>
  <code code="I83100">
    <editdetail attribution="Reuters BIP Coding Group" action="confirmed" date="1996-09-23"/>
  </code>
</codes>
<codes class="bip:topics:1.0">
  <code code="C13">
    <editdetail attribution="Reuters BIP Coding Group" action="confirmed" date="1996-09-23"/>
  </code>
  <code code="CCAT">
    <editdetail attribution="Reuters BIP Coding Group" action="confirmed" date="1996-09-23"/>
  </code>
</codes>
<dc element="dc.date.created" value="1996-09-23"/>
<dc element="dc.publisher" value="Reuters Holdings Plc"/>
<dc element="dc.date.published" value="1996-09-23"/>
<dc element="dc.source" value="Reuters"/>
<dc element="dc.creator.location" value="MILAN"/>
<dc element="dc.creator.location.country.name" value="ITALY"/>
<dc element="dc.source" value="Reuters"/>
</metadata>
</newsitem>
