<?xml version="1.0" encoding="iso-8859-1" ?>
<newsitem itemid="429261" id="root" date="1997-03-09" xml:lang="en">
<title>EGYPT: Interbank Egypt average pound 3.3865/3.3911 to dlr.</title>
<headline>Interbank Egypt average pound 3.3865/3.3911 to dlr.</headline>
<dateline>CAIRO 1997-03-09</dateline>
<text>
<p>Private sector Cairo banks quoted the dollar at 3.3840 to 3.3890 pounds bid and 3.3850 to 3.3980 pounds offered in the interbank market on Sunday.</p>
<p>A survey of four actively trading banks gave average rates of 3.3865 pounds bid and 3.3911 pounds offered. The averages compared with Thursday's 3.3858 and 3.3890 pounds.</p>
<p>The Central Bank calculated the average exchange rate at midday (1000 GMT) at 3.390564 buy and 3.397487 sell. -- Cairo newsroom +20 2 578 3290/1</p>
</text>
<copyright>(c) Reuters Limited 1997</copyright>
<metadata>
<codes class="bip:countries:1.0">
  <code code="EGYPT">
    <editdetail attribution="Reuters BIP Coding Group" action="confirmed" date="1997-03-09"/>
  </code>
</codes>
<codes class="bip:topics:1.0">
  <code code="M13">
    <editdetail attribution="Reuters BIP Coding Group" action="confirmed" date="1997-03-09"/>
  </code>
  <code code="M131">
    <editdetail attribution="Reuters BIP Coding Group" action="confirmed" date="1997-03-09"/>
  </code>
  <code code="MCAT">
    <editdetail attribution="Reuters BIP Coding Group" action="confirmed" date="1997-03-09"/>
  </code>
</codes>
<dc element="dc.date.created" value="1997-03-09"/>
<dc element="dc.publisher" value="Reuters Holdings Plc"/>
<dc element="dc.date.published" value="1997-03-09"/>
<dc element="dc.source" value="Reuters"/>
<dc element="dc.creator.location" value="CAIRO"/>
<dc element="dc.creator.location.country.name" value="EGYPT"/>
<dc element="dc.source" value="Reuters"/>
</metadata>
</newsitem>
