<?xml version="1.0" encoding="iso-8859-1" ?>
<newsitem itemid="795196" id="root" date="1997-08-12" xml:lang="en">
<title>INDONESIA: TABLE-BANK MASHILL FIRST HALF NET UP.</title>
<headline>TABLE-BANK MASHILL FIRST HALF NET UP.</headline>
<dateline>JAKARTA 1997-08-12</dateline>
<text>
<p>Six months to June 30</p>
<p>		  (in billion rupiah except per share numbers)</p>
<p>    Net profit			16.09	  vs    10.23</p>
<p>    Earnings per share (rph)	87	   vs	94</p>
<p>    Net interest income	  47.34	   vs   34.60</p>
<p>    Other operating income	9.72	   vs    4.74</p>
<p>    Pre-tax profit		 22.98	   vs    14.60</p>
<p>    Retained earnings	    58.06	   vs    35.52</p>
<p>NOTE: PT Bank Mashill is a medium-size privately-owned bank.</p>
<p>-- Jakarta newsroom +6221 384-6364</p>
<p>-- E-mail: jakarta.newsroom@reuters.com</p>
</text>
<copyright>(c) Reuters Limited 1997</copyright>
<metadata>
<codes class="bip:countries:1.0">
  <code code="INDON">
    <editdetail attribution="Reuters BIP Coding Group" action="confirmed" date="1997-08-12"/>
  </code>
</codes>
<codes class="bip:industries:1.0">
  <code code="I81402">
    <editdetail attribution="Reuters BIP Coding Group" action="confirmed" date="1997-08-12"/>
  </code>
</codes>
<codes class="bip:topics:1.0">
  <code code="C15">
    <editdetail attribution="Reuters BIP Coding Group" action="confirmed" date="1997-08-12"/>
  </code>
  <code code="C151">
    <editdetail attribution="Reuters BIP Coding Group" action="confirmed" date="1997-08-12"/>
  </code>
  <code code="CCAT">
    <editdetail attribution="Reuters BIP Coding Group" action="confirmed" date="1997-08-12"/>
  </code>
</codes>
<dc element="dc.date.created" value="1997-08-12"/>
<dc element="dc.publisher" value="Reuters Holdings Plc"/>
<dc element="dc.date.published" value="1997-08-12"/>
<dc element="dc.source" value="Reuters"/>
<dc element="dc.creator.location" value="JAKARTA"/>
<dc element="dc.creator.location.country.name" value="INDONESIA"/>
<dc element="dc.source" value="Reuters"/>
</metadata>
</newsitem>
