<?xml version="1.0" encoding="iso-8859-1" ?>
<newsitem itemid="267098" id="root" date="1996-12-19" xml:lang="en">
<title>LEBANON: Lebanese money market rates - Banks Assn.</title>
<headline>Lebanese money market rates - Banks Assn.</headline>
<dateline>BEIRUT 1996-12-19</dateline>
<text>
<p>The Lebanese Banks Association issued the following money market details:</p>
<p>Market in Lebanese pounds:</p>
<p>				     Dec 95   Aug 96   Sep 96   Oct 96</p>
<p> Average rate on Deposits (%) 17.12    14.51    14.40    14.59</p>
<p> Estimated interest spread     3.33     3.87     3.72     3.07</p>
<p>NOTE: Estimated interest spread does not take into account</p>
<p>operating expenses and cost of capital.</p>
<p>Market in Foreign Exchange:</p>
<p> Average rate on Deposits (%)  5.46     5.39     5.47     5.56</p>
<p> Estimated interest spread     3.82     3.74     3.50     3.43</p>
<p>NOTE: Estimated interest spread does not take into account operating expenses and cost of capital.</p>
<p>-Beirut editorial (961 1) 864148 602057 353078 645456</p>
</text>
<copyright>(c) Reuters Limited 1996</copyright>
<metadata>
<codes class="bip:countries:1.0">
  <code code="LEBAN">
    <editdetail attribution="Reuters BIP Coding Group" action="confirmed" date="1996-12-19"/>
  </code>
</codes>
<codes class="bip:topics:1.0">
  <code code="M13">
    <editdetail attribution="Reuters BIP Coding Group" action="confirmed" date="1996-12-19"/>
  </code>
  <code code="M131">
    <editdetail attribution="Reuters BIP Coding Group" action="confirmed" date="1996-12-19"/>
  </code>
  <code code="MCAT">
    <editdetail attribution="Reuters BIP Coding Group" action="confirmed" date="1996-12-19"/>
  </code>
</codes>
<dc element="dc.date.created" value="1996-12-19"/>
<dc element="dc.publisher" value="Reuters Holdings Plc"/>
<dc element="dc.date.published" value="1996-12-19"/>
<dc element="dc.source" value="Reuters"/>
<dc element="dc.creator.location" value="BEIRUT"/>
<dc element="dc.creator.location.country.name" value="LEBANON"/>
<dc element="dc.source" value="Reuters"/>
</metadata>
</newsitem>
