<?xml version="1.0" encoding="iso-8859-1" ?>
<newsitem itemid="154411" id="root" date="1996-10-30" xml:lang="en">
<title>UK: Abbey says leaves mortgage rates unchanged.</title>
<headline>Abbey says leaves mortgage rates unchanged.</headline>
<text>
<p>A spokeswoman for Abbey National told Reuters that Abbey feels the Bank of England's quarter point rate hike was aimed at calming inflationary pressures rather than a move designed to change mortgage rates.</p>
<p>Bank of England Governor Eddie George said the move to six percent was a pre-emptive one, designed to choke off any inflationary pressures before they started.</p>
<p>-- London Newsroom +44 171 542 4019</p>
</text>
<copyright>(c) Reuters Limited 1996</copyright>
<metadata>
<codes class="bip:countries:1.0">
  <code code="UK">
    <editdetail attribution="Reuters BIP Coding Group" action="confirmed" date="1996-10-30"/>
  </code>
</codes>
<codes class="bip:industries:1.0">
  <code code="I81402">
    <editdetail attribution="Reuters BIP Coding Group" action="confirmed" date="1996-10-30"/>
  </code>
</codes>
<codes class="bip:topics:1.0">
  <code code="C31">
    <editdetail attribution="Reuters BIP Coding Group" action="confirmed" date="1996-10-30"/>
  </code>
  <code code="CCAT">
    <editdetail attribution="Reuters BIP Coding Group" action="confirmed" date="1996-10-30"/>
  </code>
</codes>
<dc element="dc.publisher" value="Reuters Holdings Plc"/>
<dc element="dc.date.published" value="1996-10-30"/>
<dc element="dc.source" value="Reuters"/>
<dc element="dc.creator.location.country.name" value="UK"/>
<dc element="dc.source" value="Reuters"/>
</metadata>
</newsitem>
