<?xml version="1.0" encoding="iso-8859-1" ?>
<newsitem itemid="514187" id="root" date="1997-04-16" xml:lang="en">
<title>USA: Gleason sees good equipment order momentum.</title>
<headline>Gleason sees good equipment order momentum.</headline>
<dateline>NEW YORK 1997-04-16</dateline>
<text>
<p>Gleason Corp said it is optimistic about order trends in several product lines.</p>
<p>The company said a large order for cylindrical gear products in early April puts its orders well ahead of the incoming order rate last year.  It said it expected full year orders for the product line to be higher than last year.</p>
<p>Gleason said the growth outlook for its bevel gear products also remains promising. It cited increasing demand for light trucks and the need to replace the old installed base of equipment at many of its customers' plants as likely to sustain good order momentum for those products.</p>
<p>((-- Wall Street desk, 212-859-1730))</p>
</text>
<copyright>(c) Reuters Limited 1997</copyright>
<metadata>
<codes class="bip:countries:1.0">
  <code code="USA">
    <editdetail attribution="Reuters BIP Coding Group" action="confirmed" date="1997-04-16"/>
  </code>
</codes>
<codes class="bip:industries:1.0">
  <code code="I32200">
    <editdetail attribution="Reuters BIP Coding Group" action="confirmed" date="1997-04-16"/>
  </code>
</codes>
<codes class="bip:topics:1.0">
  <code code="C31">
    <editdetail attribution="Reuters BIP Coding Group" action="confirmed" date="1997-04-16"/>
  </code>
  <code code="C33">
    <editdetail attribution="Reuters BIP Coding Group" action="confirmed" date="1997-04-16"/>
  </code>
  <code code="CCAT">
    <editdetail attribution="Reuters BIP Coding Group" action="confirmed" date="1997-04-16"/>
  </code>
</codes>
<dc element="dc.date.created" value="1997-04-16"/>
<dc element="dc.publisher" value="Reuters Holdings Plc"/>
<dc element="dc.date.published" value="1997-04-16"/>
<dc element="dc.source" value="Reuters"/>
<dc element="dc.creator.location" value="NEW YORK"/>
<dc element="dc.creator.location.country.name" value="USA"/>
<dc element="dc.source" value="Reuters"/>
</metadata>
</newsitem>
