<?xml version="1.0" encoding="iso-8859-1" ?>
<newsitem itemid="230804" id="root" date="1996-12-03" xml:lang="en">
<title>ESTONIA: Estonian shares dip again, trade picks up.</title>
<headline>Estonian shares dip again, trade picks up.</headline>
<dateline>TALLINN 1996-12-03</dateline>
<text>
<p>Estonian shares slipped lower again on Tuesday as overall market trade picked up some more steam, the bourse said.</p>
<p>Turnover on the official list was 38.75 million kroons and the Tallinn stock exchange index fell 0.75 percent to 129.85.</p>
<p>Market leader Hansapank was again the most actively traded on turnover of 14.6 million kroons and it closed slightly lower at 131.25 kroons versus 131.55 kroons.</p>
<p>Savings Bank was also actively traded on business of just under 10 million kroons as its stock also slipped to 60 kroons from 60.10 kroons.</p>
<p>Tallinn Pharmaceutical was amongst the other active shares and traded 7.23 million kroons. It rose to 70.25 kroons from 69.50 kroons.</p>
<p>The company earlier reported that its net profit for the first 10 months of the year came to 21 million kroons, a rise of just below three million kroons from the nine-month level.</p>
<p>On the secondary market, total trade came to 5.3 million kroons and the Norma plastics firm was the most active on turnover of 1.6 million kroons. It was stable at 31.70 kroons.</p>
<p>The Rakevere meat processing plant was also busy on trade of 1.3 million kroons and the stock rose slightly to 6.90 kroons from 6.85 kroons.</p>
<p>-- Riga Newsroom, +371 721 5240</p>
</text>
<copyright>(c) Reuters Limited 1996</copyright>
<metadata>
<codes class="bip:countries:1.0">
  <code code="ESTNIA">
    <editdetail attribution="Reuters BIP Coding Group" action="confirmed" date="1996-12-03"/>
  </code>
</codes>
<codes class="bip:topics:1.0">
  <code code="M11">
    <editdetail attribution="Reuters BIP Coding Group" action="confirmed" date="1996-12-03"/>
  </code>
  <code code="MCAT">
    <editdetail attribution="Reuters BIP Coding Group" action="confirmed" date="1996-12-03"/>
  </code>
</codes>
<dc element="dc.date.created" value="1996-12-03"/>
<dc element="dc.publisher" value="Reuters Holdings Plc"/>
<dc element="dc.date.published" value="1996-12-03"/>
<dc element="dc.source" value="Reuters"/>
<dc element="dc.creator.location" value="TALLINN"/>
<dc element="dc.creator.location.country.name" value="ESTONIA"/>
<dc element="dc.source" value="Reuters"/>
</metadata>
</newsitem>
