<?xml version="1.0" encoding="iso-8859-1" ?>
<newsitem itemid="585785" id="root" date="1997-05-15" xml:lang="en">
<title>ETHIOPIA: Ethiopia charges former officials with killing 70.</title>
<headline>Ethiopia charges former officials with killing 70.</headline>
<dateline>ADDIS ABABA 1997-05-15</dateline>
<text>
<p>Two former Ethiopian officials appeared in court on Thursday charged with killing 70 people during the Red Terror campaign of 1977 and 1978.</p>
<p>Prosecutors charged former police captain Abateneh Kassa, commander of Addis Ababa's First Police Station, with killing 39 prisoners.</p>
<p>Former Lieutenant-Commander Lemma Gutema, who administered central Shoa region, was charged with killing 31 people and causing harm to 569 whom he imprisoned without due process.</p>
<p>The two served under Marxist dictator Mengistu Haile Mariam's military junta, which killed up to 100,000 people in the Red Terror campaign against suspected opponents.</p>
<p>A total of 71 former officials of the Dergue, the junta that overthrew Emperor Haile Selassie in 1974 and ruled until 1991, are on trial charged with genocide and crimes against humanity.</p>
</text>
<copyright>(c) Reuters Limited 1997</copyright>
<metadata>
<codes class="bip:countries:1.0">
  <code code="ETHPA">
    <editdetail attribution="Reuters BIP Coding Group" action="confirmed" date="1997-05-15"/>
  </code>
</codes>
<codes class="bip:topics:1.0">
  <code code="GCAT">
    <editdetail attribution="Reuters BIP Coding Group" action="confirmed" date="1997-05-15"/>
  </code>
  <code code="GCRIM">
    <editdetail attribution="Reuters BIP Coding Group" action="confirmed" date="1997-05-15"/>
  </code>
  <code code="GVIO">
    <editdetail attribution="Reuters BIP Coding Group" action="confirmed" date="1997-05-15"/>
  </code>
</codes>
<dc element="dc.date.created" value="1997-05-15"/>
<dc element="dc.publisher" value="Reuters Holdings Plc"/>
<dc element="dc.date.published" value="1997-05-15"/>
<dc element="dc.source" value="Reuters"/>
<dc element="dc.creator.location" value="ADDIS ABABA"/>
<dc element="dc.creator.location.country.name" value="ETHIOPIA"/>
<dc element="dc.source" value="Reuters"/>
</metadata>
</newsitem>
