<?xml version="1.0" encoding="iso-8859-1" ?>
<newsitem itemid="716156" id="root" date="1997-07-09" xml:lang="en">
<title>BRAZIL: B Band sparks rally in Brazil telecom shares.</title>
<headline>B Band sparks rally in Brazil telecom shares.</headline>
<dateline>RIO DE JANEIRO 1997-07-09</dateline>
<text>
<p>Brazilian telecommunication firms surged this morning on the Rio de Janeiro Stock Exchange as the winner of the cellular telephone B Band concession in Sao Paulo was announced, a bourse official said.</p>
<p>The Sao Paulo Stock Exchange, Brazil's top exchange, was closed Wednesday due to a public holiday in Sao Paulo state.  </p>
<p>&quot;The B Band concession prompted strong trade and price rises in telecom stock,&quot; said Ricardo Nogueira, superintendant of operations on the Rio stock exchange. &quot;The strong premium offered for the Sao Paulo concession was reflected by the surge in share price of Telebras and Telesp.&quot;</p>
<p>The winning BCP SA consortium of U.S. telecommunications operator BellSouth Corp offered 2.647 billion reais for the concession, way above the 600 million real minimum price set for the filet mignon of the 10 cellular B Band concessions up for grabs.  </p>
<p>Nogueira said volume in morning trade was above average at 81 million reais by 1300 local time/1600 GMT with federal telecom stock at 250 million shares.</p>
<p>He said Telebras preferred hit a high of 183 reais on news of the BCP bid, but then fell back to 178.50 reais, a 2.9 percent increase on the opening share price of 175 reais.</p>
<p>Sao Paulo state telecom firm Telesp preferred shares jumped 4.6 percent to 385 reais.  </p>
<p>Shares in Ericsson Telecomunicacoes also rose, rallying 2.74 percent to 75 reais, following news that the BCP consortium would be using Ericsson technology, Nogueira said. ((-- Simona de Logu, Rio de Janeiro newsroom, 5521 507 4151))</p>
</text>
<copyright>(c) Reuters Limited 1997</copyright>
<metadata>
<codes class="bip:countries:1.0">
  <code code="BRAZ">
    <editdetail attribution="Reuters BIP Coding Group" action="confirmed" date="1997-07-09"/>
  </code>
</codes>
<codes class="bip:industries:1.0">
  <code code="I34410">
    <editdetail attribution="Reuters BIP Coding Group" action="confirmed" date="1997-07-09"/>
  </code>
  <code code="I79020">
    <editdetail attribution="Reuters BIP Coding Group" action="confirmed" date="1997-07-09"/>
  </code>
</codes>
<codes class="bip:topics:1.0">
  <code code="C15">
    <editdetail attribution="Reuters BIP Coding Group" action="confirmed" date="1997-07-09"/>
  </code>
  <code code="C152">
    <editdetail attribution="Reuters BIP Coding Group" action="confirmed" date="1997-07-09"/>
  </code>
  <code code="C33">
    <editdetail attribution="Reuters BIP Coding Group" action="confirmed" date="1997-07-09"/>
  </code>
  <code code="CCAT">
    <editdetail attribution="Reuters BIP Coding Group" action="confirmed" date="1997-07-09"/>
  </code>
</codes>
<dc element="dc.date.created" value="1997-07-09"/>
<dc element="dc.publisher" value="Reuters Holdings Plc"/>
<dc element="dc.date.published" value="1997-07-09"/>
<dc element="dc.source" value="Reuters"/>
<dc element="dc.creator.location" value="RIO DE JANEIRO"/>
<dc element="dc.creator.location.country.name" value="BRAZIL"/>
<dc element="dc.source" value="Reuters"/>
</metadata>
</newsitem>
