<?xml version="1.0" encoding="iso-8859-1" ?>
<newsitem itemid="273516" id="root" date="1996-12-23" xml:lang="en">
<title>CANADA: Bank of Canada sets specials at 3.25 pct - traders.</title>
<headline>Bank of Canada sets specials at 3.25 pct - traders.</headline>
<dateline>TORONTO 1996-12-23</dateline>
<text>
<p>The Bank of Canada conducted a round of special purchase and resale agreements in the money markets on Monday at 3.25 percent, dealers said.</p>
<p>Yields had been moving up ahead of today's T-bill auction, which is being held a day early due to market holidays this week.  </p>
<p>They said the central bank intervened after Canada's call loan rate rose to the upper limit of the Bank of Canada's 50 basis point target range at 3.25 percent from 3.0 percent this morning.</p>
<p>&quot;It has really tightened up there and it was 3.25 percent bid on the screen,&quot; one dealer said.</p>
<p>The yield on Canada's three-month when-issued T-bill held steady at 2.91 percent, one basis point higher than Friday's close.</p>
<p>((Reuters Toronto Bureau 416 941-8100))</p>
</text>
<copyright>(c) Reuters Limited 1996</copyright>
<metadata>
<codes class="bip:countries:1.0">
  <code code="CANA">
    <editdetail attribution="Reuters BIP Coding Group" action="confirmed" date="1996-12-23"/>
  </code>
</codes>
<codes class="bip:topics:1.0">
  <code code="M13">
    <editdetail attribution="Reuters BIP Coding Group" action="confirmed" date="1996-12-23"/>
  </code>
  <code code="M131">
    <editdetail attribution="Reuters BIP Coding Group" action="confirmed" date="1996-12-23"/>
  </code>
  <code code="MCAT">
    <editdetail attribution="Reuters BIP Coding Group" action="confirmed" date="1996-12-23"/>
  </code>
</codes>
<dc element="dc.date.created" value="1996-12-23"/>
<dc element="dc.publisher" value="Reuters Holdings Plc"/>
<dc element="dc.date.published" value="1996-12-23"/>
<dc element="dc.source" value="Reuters"/>
<dc element="dc.creator.location" value="TORONTO"/>
<dc element="dc.creator.location.country.name" value="CANADA"/>
<dc element="dc.source" value="Reuters"/>
</metadata>
</newsitem>
