<?xml version="1.0" encoding="iso-8859-1" ?>
<newsitem itemid="168593" id="root" date="1996-11-06" xml:lang="en">
<title>USA: Superior Consultant Holdings Corp Q3 net.</title>
<headline>Superior Consultant Holdings Corp Q3 net.</headline>
<dateline>SOUTHFIELD, Mich. 1996-11-06</dateline>
<text>
<p>Third Quarter     Nine Months</p>
<p>					1996	1995    1996     1995</p>
<p> Revenues			 $8,955    $6,961 $25,502  $18,882</p>
<p>Costs and expenses</p>
<p>  Cost of services	     4,388     3,088  12,585    8,640</p>
<p>  S/G/A expenses		 3,302     2,768   9,552    7,440</p>
<p>Executive compensation expense</p>
<p>				     1,673	 976   4,273    2,742</p>
<p>   Total costs and expenses  9,363     6,832  26,410   18,822</p>
<p>Earnings (loss) from</p>
<p>    operations		   (408)	 129   (908)	 60</p>
<p> Interest expense		   30	   -	52	  9</p>
<p> Other Income		     (15)	   -    (43)     (30)</p>
<p>Earnings (loss) before</p>
<p>    income taxes		 (423)	 129   (917)	 81</p>
<p> Income taxes			 55	  33	68	133</p>
<p>   Net earnings (loss)	 (478)	  96   (985)     (52)</p>
<p>Pro forma earnings</p>
<p>data (unaudited)</p>
<p>Earnings (loss) before</p>
<p>   income taxes, as reported (423)	 129   (917)	 81</p>
<p>Adjustment for executive</p>
<p>   compensation expense	1,408	 711   3,478    1,948</p>
<p>Pro forma earnings before</p>
<p>   income taxes		    985	 840   2,561    2,029</p>
<p>  Pro forma income taxes	 390	 335   1,015	886</p>
<p>  Pro forma net earnings	 595	 505   1,546    1,143</p>
<p>Pro forma net earnings</p>
<p>   per share			0.12	0.10    0.32     0.25</p>
<p>Pro forma avg shares outstanding</p>
<p>				     4,824     4,824   4,824    4,536</p>
<p>	  (Amounts in thousands, except per share amounts)</p>
<p>		    Chicago newsdesk 312 408 8787</p>
</text>
<copyright>(c) Reuters Limited 1996</copyright>
<metadata>
<codes class="bip:countries:1.0">
  <code code="USA">
    <editdetail attribution="Reuters BIP Coding Group" action="confirmed" date="1996-11-06"/>
  </code>
</codes>
<codes class="bip:industries:1.0">
  <code code="I83954">
    <editdetail attribution="Reuters BIP Coding Group" action="confirmed" date="1996-11-06"/>
  </code>
</codes>
<codes class="bip:topics:1.0">
  <code code="C15">
    <editdetail attribution="Reuters BIP Coding Group" action="confirmed" date="1996-11-06"/>
  </code>
  <code code="C151">
    <editdetail attribution="Reuters BIP Coding Group" action="confirmed" date="1996-11-06"/>
  </code>
  <code code="CCAT">
    <editdetail attribution="Reuters BIP Coding Group" action="confirmed" date="1996-11-06"/>
  </code>
</codes>
<dc element="dc.date.created" value="1996-11-06"/>
<dc element="dc.publisher" value="Reuters Holdings Plc"/>
<dc element="dc.date.published" value="1996-11-06"/>
<dc element="dc.source" value="Reuters"/>
<dc element="dc.creator.location" value="SOUTHFIELD, Mich."/>
<dc element="dc.creator.location.country.name" value="USA"/>
<dc element="dc.source" value="Reuters"/>
</metadata>
</newsitem>
