<?xml version="1.0" encoding="iso-8859-1" ?>
<newsitem itemid="614618" id="root" date="1997-05-26" xml:lang="en">
<title>SOUTH KOREA: S.Korean yields end unchanged, BOK absorbs money.</title>
<headline>S.Korean yields end unchanged, BOK absorbs money.</headline>
<text>
<p>Yields on three-year corporates closed flat on Monday as buying stemming from ample liquidity in the financial community was offset by selling pressure from heavy new issues and the central bank's money absorption. brokers said.</p>
<p>The Bank of Korea said it absorbed 1.4 trillion won through repurchase agreements. Three-month CDs and overnight call rate also closed unchanged in thin trading, they said.</p>
<p>* 3-yr corporates end flat at Saturday's 12.19 pct</p>
<p>* 3-mth CDs close unchanged at 12.65 pct</p>
<p>* Overnight call average 12.19 pct, unchanged from Saturday  </p>
<p>The Bank of Korea said it absorbed 1.4 trillion won from the banking system through repurchase agreements.</p>
<p>Brokers forecast similar trading patterns on Tuesday in the absence of fresh factors.</p>
<p>Three-month CDs and the overnight call rate also closed unchanged in slow trading, they said.</p>
<p>--KIM MYONG-HWAN (822) 727 5645</p>
</text>
<copyright>(c) Reuters Limited 1997</copyright>
<metadata>
<codes class="bip:countries:1.0">
  <code code="SKOREA">
    <editdetail attribution="Reuters BIP Coding Group" action="confirmed" date="1997-05-26"/>
  </code>
</codes>
<codes class="bip:topics:1.0">
  <code code="M13">
    <editdetail attribution="Reuters BIP Coding Group" action="confirmed" date="1997-05-26"/>
  </code>
  <code code="M131">
    <editdetail attribution="Reuters BIP Coding Group" action="confirmed" date="1997-05-26"/>
  </code>
  <code code="MCAT">
    <editdetail attribution="Reuters BIP Coding Group" action="confirmed" date="1997-05-26"/>
  </code>
</codes>
<dc element="dc.publisher" value="Reuters Holdings Plc"/>
<dc element="dc.date.published" value="1997-05-26"/>
<dc element="dc.source" value="Reuters"/>
<dc element="dc.creator.location.country.name" value="SOUTH KOREA"/>
<dc element="dc.source" value="Reuters"/>
</metadata>
</newsitem>
