<?xml version="1.0" encoding="iso-8859-1" ?>
<newsitem itemid="448624" id="root" date="1997-03-17" xml:lang="en">
<title>SINGAPORE: Flextech 1996 net up 39 pct to S$5.0 mln.</title>
<headline>Flextech 1996 net up 39 pct to S$5.0 mln.</headline>
<dateline>SINGAPORE 1997-03-17</dateline>
<text>
<p>Year to December 31, 1996</p>
<p>		   (in millions of S$ unless stated)</p>
<p>    Net profit			     5.02  vs  3.61</p>
<p>    Dividend (cents)		     0.35  vs  0.25</p>
<p>    Group shr (cents)		    5.70  vs  4.11</p>
<p>    Turnover				89.17  vs 70.29</p>
<p>    Other income incl. interest	0.52  vs  0.81</p>
<p>    Interest (expense)		   0.63  vs  0.35</p>
<p>    Depreciation (expense)	     1.14  vs  7.40</p>
<p>    Profits from associates   (loss) 0.19  vs  0.58 (loss)</p>
<p>    Pre-tax profit			 7.35  vs  6.25</p>
<p>    Tax					1.84  vs  2.05</p>
<p>    Minorities		    (loss) 0.30  vs  0.01 (loss)</p>
<p>    Extraordinaries	     (loss) 2.72  vs  7.69 (gain)</p>
<p>Dividend pay date: To be confirmed</p>
<p>Last day books open: To be confirmed</p>
<p>Note - Electronics and industrial distributor Flextech Holdings Ltd said acquisitions made in the year had made positive contributions to results and the company expected a better performance in 1997.</p>
<p>-- Singapore newsroom (65 8703011)</p>
</text>
<copyright>(c) Reuters Limited 1997</copyright>
<metadata>
<codes class="bip:countries:1.0">
  <code code="SINGP">
    <editdetail attribution="Reuters BIP Coding Group" action="confirmed" date="1997-03-17"/>
  </code>
</codes>
<codes class="bip:industries:1.0">
  <code code="I34000">
    <editdetail attribution="Reuters BIP Coding Group" action="confirmed" date="1997-03-17"/>
  </code>
</codes>
<codes class="bip:topics:1.0">
  <code code="C15">
    <editdetail attribution="Reuters BIP Coding Group" action="confirmed" date="1997-03-17"/>
  </code>
  <code code="C151">
    <editdetail attribution="Reuters BIP Coding Group" action="confirmed" date="1997-03-17"/>
  </code>
  <code code="C1511">
    <editdetail attribution="Reuters BIP Coding Group" action="confirmed" date="1997-03-17"/>
  </code>
  <code code="CCAT">
    <editdetail attribution="Reuters BIP Coding Group" action="confirmed" date="1997-03-17"/>
  </code>
</codes>
<dc element="dc.date.created" value="1997-03-17"/>
<dc element="dc.publisher" value="Reuters Holdings Plc"/>
<dc element="dc.date.published" value="1997-03-17"/>
<dc element="dc.source" value="Reuters"/>
<dc element="dc.creator.location" value="SINGAPORE"/>
<dc element="dc.creator.location.country.name" value="SINGAPORE"/>
<dc element="dc.source" value="Reuters"/>
</metadata>
</newsitem>
