<?xml version="1.0" encoding="iso-8859-1" ?>
<newsitem itemid="357724" id="root" date="1997-02-05" xml:lang="en">
<title>CANADA: Barrick Gold Corp Q4 profits fall.</title>
<headline>Barrick Gold Corp Q4 profits fall.</headline>
<dateline>TORONTO 1997-02-05</dateline>
<text>
<p>1996		    1995</p>
<p> Shr			US$0.15		  US$0.22</p>
<p> Net			 56,000		   78,000</p>
<p> Revs		     330,000		  377,000</p>
<p>	   12 MONTHS</p>
<p> Shr			US$0.60		  US$0.82</p>
<p> Net			218,000		  292,000</p>
<p> Revs		   1,299,000		1,281,000</p>
<p> Avg shrs		 367,000		  366,000</p>
<p>		(All data above 000s except per share numbers)</p>
<p>		((Reuters Toronto Bureau (416) 941-8100))</p>
</text>
<copyright>(c) Reuters Limited 1997</copyright>
<metadata>
<codes class="bip:countries:1.0">
  <code code="CANA">
    <editdetail attribution="Reuters BIP Coding Group" action="confirmed" date="1997-02-05"/>
  </code>
</codes>
<codes class="bip:industries:1.0">
  <code code="I21000">
    <editdetail attribution="Reuters BIP Coding Group" action="confirmed" date="1997-02-05"/>
  </code>
</codes>
<codes class="bip:topics:1.0">
  <code code="C15">
    <editdetail attribution="Reuters BIP Coding Group" action="confirmed" date="1997-02-05"/>
  </code>
  <code code="C151">
    <editdetail attribution="Reuters BIP Coding Group" action="confirmed" date="1997-02-05"/>
  </code>
  <code code="C1511">
    <editdetail attribution="Reuters BIP Coding Group" action="confirmed" date="1997-02-05"/>
  </code>
  <code code="CCAT">
    <editdetail attribution="Reuters BIP Coding Group" action="confirmed" date="1997-02-05"/>
  </code>
</codes>
<dc element="dc.date.created" value="1997-02-05"/>
<dc element="dc.publisher" value="Reuters Holdings Plc"/>
<dc element="dc.date.published" value="1997-02-05"/>
<dc element="dc.source" value="Reuters"/>
<dc element="dc.creator.location" value="TORONTO"/>
<dc element="dc.creator.location.country.name" value="CANADA"/>
<dc element="dc.source" value="Reuters"/>
</metadata>
</newsitem>
