<?xml version="1.0" encoding="iso-8859-1" ?>
<newsitem itemid="785973" id="root" date="1997-08-07" xml:lang="en">
<title>USA: TABLE - ELRON ELECTRONIC Q2 NET INCREASES.</title>
<headline>TABLE - ELRON ELECTRONIC Q2 NET INCREASES.</headline>
<dateline>NEW YORK 1997-08-07</dateline>
<text>
<p>Three Months Ended June 30,</p>
<p>						    1997		 1996</p>
<p>Company's share in net income of</p>
<p>    affiliated companies, net  $	    715    $	  490</p>
<p>Gain (loss) from changes in</p>
<p>     holdings in affiliated companies	 -		(54)</p>
<p> Net income				     6,483	     2,568</p>
<p> Net income per share			  0.32		0.13</p>
<p>Weighted average number of</p>
<p> shares outstanding (thousands)	  20,471	    20,287</p>
<p>						Six Months Ended June 30,</p>
<p>						     1997		1996</p>
<p>Company's share in net income</p>
<p>    affiliated companies, net  $	    338    $	1,504</p>
<p>Gain (loss) from changes in</p>
<p>holdings in affiliated companies</p>
<p>							 29		 687</p>
<p> Net income				     9,160	     4,972</p>
<p> Net income per share			  0.45		0.25</p>
<p>Weighted average number of</p>
<p> shares outstanding (thousands)	  20,455	    20,287</p>
<p>(U.S. Dollars in thousands except per share amounts)</p>
<p>NOTE:  Full name of company is Elron Electronic Industries Ltd.</p>
</text>
<copyright>(c) Reuters Limited 1997</copyright>
<metadata>
<codes class="bip:countries:1.0">
  <code code="USA">
    <editdetail attribution="Reuters BIP Coding Group" action="confirmed" date="1997-08-07"/>
  </code>
</codes>
<codes class="bip:industries:1.0">
  <code code="I34000">
    <editdetail attribution="Reuters BIP Coding Group" action="confirmed" date="1997-08-07"/>
  </code>
</codes>
<codes class="bip:topics:1.0">
  <code code="C15">
    <editdetail attribution="Reuters BIP Coding Group" action="confirmed" date="1997-08-07"/>
  </code>
  <code code="C151">
    <editdetail attribution="Reuters BIP Coding Group" action="confirmed" date="1997-08-07"/>
  </code>
  <code code="CCAT">
    <editdetail attribution="Reuters BIP Coding Group" action="confirmed" date="1997-08-07"/>
  </code>
</codes>
<dc element="dc.date.created" value="1997-08-07"/>
<dc element="dc.publisher" value="Reuters Holdings Plc"/>
<dc element="dc.date.published" value="1997-08-07"/>
<dc element="dc.source" value="Reuters"/>
<dc element="dc.creator.location" value="NEW YORK"/>
<dc element="dc.creator.location.country.name" value="USA"/>
<dc element="dc.source" value="Reuters"/>
</metadata>
</newsitem>
