<?xml version="1.0" encoding="iso-8859-1" ?>
<newsitem itemid="735199" id="root" date="1997-07-17" xml:lang="en">
<title>UK: Tambang Timah at $13.675 in London.</title>
<headline>Tambang Timah at $13.675 in London.</headline>
<dateline>LONDON 1996-07-18</dateline>
<text>
<p>PT Tambang Timah closed at $13.675 per GDR in London on Thursday. It recorded the day's low of $13.625 and the day's high of $13.7.</p>
<p>It closed at $13.55 on Wednesday.</p>
<p>One Global Depository Receipt represents 10 common shares. -- Jakarta newsroom +6221 384-6364</p>
</text>
<copyright>(c) Reuters Limited 1997</copyright>
<metadata>
<codes class="bip:countries:1.0">
  <code code="INDON">
    <editdetail attribution="Reuters BIP Coding Group" action="confirmed" date="1997-07-17"/>
  </code>
  <code code="UK">
    <editdetail attribution="Reuters BIP Coding Group" action="confirmed" date="1997-07-17"/>
  </code>
</codes>
<codes class="bip:industries:1.0">
  <code code="I22100">
    <editdetail attribution="Reuters BIP Coding Group" action="confirmed" date="1997-07-17"/>
  </code>
</codes>
<codes class="bip:topics:1.0">
  <code code="C15">
    <editdetail attribution="Reuters BIP Coding Group" action="confirmed" date="1997-07-17"/>
  </code>
  <code code="C152">
    <editdetail attribution="Reuters BIP Coding Group" action="confirmed" date="1997-07-17"/>
  </code>
  <code code="CCAT">
    <editdetail attribution="Reuters BIP Coding Group" action="confirmed" date="1997-07-17"/>
  </code>
</codes>
<dc element="dc.date.created" value="1996-07-18"/>
<dc element="dc.publisher" value="Reuters Holdings Plc"/>
<dc element="dc.date.published" value="1997-07-17"/>
<dc element="dc.source" value="Reuters"/>
<dc element="dc.creator.location" value="LONDON"/>
<dc element="dc.creator.location.country.name" value="UK"/>
<dc element="dc.source" value="Reuters"/>
</metadata>
</newsitem>
