<?xml version="1.0" encoding="iso-8859-1" ?>
<newsitem itemid="169322" id="root" date="1996-11-06" xml:lang="en">
<title>SLOVENIA: Slovenia sees 96 inflation below 10 pct.</title>
<headline>Slovenia sees 96 inflation below 10 pct.</headline>
<dateline>LJUBLJANA 1996-11-06</dateline>
<text>
<p>Slovenia's annual inflation rate is expected to remain below 10 percent this year despite a possible electricity price hike, the government said on Wednesday.</p>
<p>Davor Valentincic, state secretary of trade, told a news conference that a phased increase in the electricity price was on the cards after general elections on Sunday.</p>
<p>&quot;Electricity prices will probably be raised in two phases, by the end of the year, by 10 percent each time,&quot; he said.</p>
<p>&quot;(Nevertheless) we do not expect annual inflation to exceed 10 percent,&quot; he continued.</p>
<p>Annual inflation accelerated to 9.7 percent in October from 9.4 percent in September. In December, 1995 it stood at 8.6 percent. -- Novica Mihajlovic, Ljubljana newsroom, 386-61-125-8439</p>
</text>
<copyright>(c) Reuters Limited 1996</copyright>
<metadata>
<codes class="bip:countries:1.0">
  <code code="SLVNIA">
    <editdetail attribution="Reuters BIP Coding Group" action="confirmed" date="1996-11-06"/>
  </code>
</codes>
<codes class="bip:topics:1.0">
  <code code="E13">
    <editdetail attribution="Reuters BIP Coding Group" action="confirmed" date="1996-11-06"/>
  </code>
  <code code="E131">
    <editdetail attribution="Reuters BIP Coding Group" action="confirmed" date="1996-11-06"/>
  </code>
  <code code="ECAT">
    <editdetail attribution="Reuters BIP Coding Group" action="confirmed" date="1996-11-06"/>
  </code>
</codes>
<dc element="dc.date.created" value="1996-11-06"/>
<dc element="dc.publisher" value="Reuters Holdings Plc"/>
<dc element="dc.date.published" value="1996-11-06"/>
<dc element="dc.source" value="Reuters"/>
<dc element="dc.creator.location" value="LJUBLJANA"/>
<dc element="dc.creator.location.country.name" value="SLOVENIA"/>
<dc element="dc.source" value="Reuters"/>
</metadata>
</newsitem>
