<?xml version="1.0" encoding="iso-8859-1" ?>
<newsitem itemid="804534" id="root" date="1997-08-17" xml:lang="en">
<title>AUSTRALIA: Australian Stocks to Watch Today - Aug 18.</title>
<headline>Australian Stocks to Watch Today - Aug 18.</headline>
<dateline>SYDNEY 1996-08-18</dateline>
<text>
<p>Some Australian stocks to watch this morning:</p>
<p>* Aristocrat Leisure Ltd A$2.70 (+0.09)</p>
<p>Aristocrat Leisure is expected to report annual results later this morning, with analysts forecasts focusing on a pre-abnormal net profit of around A$33 million.</p>
<p>* Bendigo Bank Ltd A$4.60 (unch)</p>
<p>Bendigo Bank is expected to report its annual results later on Monday. Bendigo said in late June it expected pre-tax earnings in 1996/97 would be about 20 percent down on 1995/96's A$22.09 million because of sharp competition for housing finance.</p>
<p>* Lend Lease Corp A$29.32 (unch)</p>
<p>Lend Lease Corp forecast on Sunday its project management and funds management units would post 40 percent higher revenues in the current year to June 30, 1998.</p>
<p>* Leighton Holdings Ltd  LEI.A A$6.35 (+0.23)</p>
<p>Construction group Leighton Holdings Ltd ruled out on Sunday using its cash pile of over A$400 million to buy out the 44.9 percent stake in Leighton held by German construction group Hochtief AG.</p>
<p>* Sons of Gwalia Ltd A$4.90 (+0.15)</p>
<p>Australian gold miner Sons of Gwalia Ltd signalled on Friday it would no longer tolerate underperforming properties and would close at least three mines by early next year and review others. The company's Golden Pig and Frasers underground mines at the Southern Cross deposit will close immediately, while the Copperhead mine at Bullfinch is to close in about six or seven months, Gwalia executive chairman and managing director Peter Lalor told Reuters.</p>
<p>* John Fairfax Holdings Ltd A$3.19 (+0.03)</p>
<p>New Zealand's Brierley Investments Ltd said on Friday it will vigorously defend proceedings brought by Australia's corporate watchdog over trading in the shares of newspaper publisher John Fairfax Holdings Ltd. Earlier on Friday, the Australian Securities Commission (ASC) said it applied to the Corporations and Securities Panel for a declaration that trading in Fairfax shares by Merrill Lynch and Brierley was unacceptable conduct.</p>
<p>* News Corp Ltd A$5.956 (+0.07)</p>
<p>BSkyB Plc chief executive Sam Chisholm gave a ringing endorsement to his successor on Friday while the company said the move into digital television would put a brake on profit growth. The dominant force in British pay TV, BSkyB reported a 22 percent rise in pre-tax profit to 314 million pounds ($499 million) in the year to June 30. BSkyB shares fell 34.5p to 435.5p. Analysts said the profit figure fell a little short of expectations when one-off items were stripped out and cited uncertainties over the cost of going digital.</p>
<p>-- Sydney Newsroom 61-2 9373 1800</p>
</text>
<copyright>(c) Reuters Limited 1997</copyright>
<metadata>
<codes class="bip:countries:1.0">
  <code code="AUSTR">
    <editdetail attribution="Reuters BIP Coding Group" action="confirmed" date="1997-08-17"/>
  </code>
</codes>
<codes class="bip:industries:1.0">
  <code code="I21000">
    <editdetail attribution="Reuters BIP Coding Group" action="confirmed" date="1997-08-17"/>
  </code>
  <code code="I47500">
    <editdetail attribution="Reuters BIP Coding Group" action="confirmed" date="1997-08-17"/>
  </code>
  <code code="I47510">
    <editdetail attribution="Reuters BIP Coding Group" action="confirmed" date="1997-08-17"/>
  </code>
  <code code="I49410">
    <editdetail attribution="Reuters BIP Coding Group" action="confirmed" date="1997-08-17"/>
  </code>
  <code code="I50000">
    <editdetail attribution="Reuters BIP Coding Group" action="confirmed" date="1997-08-17"/>
  </code>
  <code code="I81402">
    <editdetail attribution="Reuters BIP Coding Group" action="confirmed" date="1997-08-17"/>
  </code>
  <code code="I83100">
    <editdetail attribution="Reuters BIP Coding Group" action="confirmed" date="1997-08-17"/>
  </code>
  <code code="I85000">
    <editdetail attribution="Reuters BIP Coding Group" action="confirmed" date="1997-08-17"/>
  </code>
  <code code="I9741110">
    <editdetail attribution="Reuters BIP Coding Group" action="confirmed" date="1997-08-17"/>
  </code>
</codes>
<codes class="bip:topics:1.0">
  <code code="C15">
    <editdetail attribution="Reuters BIP Coding Group" action="confirmed" date="1997-08-17"/>
  </code>
  <code code="C152">
    <editdetail attribution="Reuters BIP Coding Group" action="confirmed" date="1997-08-17"/>
  </code>
  <code code="CCAT">
    <editdetail attribution="Reuters BIP Coding Group" action="confirmed" date="1997-08-17"/>
  </code>
  <code code="M11">
    <editdetail attribution="Reuters BIP Coding Group" action="confirmed" date="1997-08-17"/>
  </code>
  <code code="MCAT">
    <editdetail attribution="Reuters BIP Coding Group" action="confirmed" date="1997-08-17"/>
  </code>
</codes>
<dc element="dc.date.created" value="1996-08-18"/>
<dc element="dc.publisher" value="Reuters Holdings Plc"/>
<dc element="dc.date.published" value="1997-08-17"/>
<dc element="dc.source" value="Reuters"/>
<dc element="dc.creator.location" value="SYDNEY"/>
<dc element="dc.creator.location.country.name" value="AUSTRALIA"/>
<dc element="dc.source" value="Reuters"/>
</metadata>
</newsitem>
