<?xml version="1.0" encoding="iso-8859-1" ?>
<newsitem itemid="410660" id="root" date="1997-02-28" xml:lang="en">
<title>USA: American Air jet turned back by bird in engine.</title>
<headline>American Air jet turned back by bird in engine.</headline>
<dateline>DALLAS 1997-02-28</dateline>
<text>
<p>An American Airlines flight was forced to turn around shortly after take-off on Friday when a bird flew into one of the engines, officials said.</p>
<p>Airline spokesman Tim Smith said the MD-80 jet had just taken off from Dallas-Fort Worth International Airport with 51 passengers and five crew members on board when the pilot noticed a loss of power in one engine and turned the plane back for a routine landing.</p>
<p>There were no injuries and all the passengers were put on the next flight to La Guardia airport in New York, while mechanics checked the plane for damage.</p>
<p>&quot;We found pretty strong evidence of bird parts in the outer section of the engine,&quot; Smith said. American Airlines is owned by Fort-Worth, Texas-based AMR Corp.</p>
</text>
<copyright>(c) Reuters Limited 1997</copyright>
<metadata>
<codes class="bip:countries:1.0">
  <code code="USA">
    <editdetail attribution="Reuters BIP Coding Group" action="confirmed" date="1997-02-28"/>
  </code>
</codes>
<codes class="bip:industries:1.0">
  <code code="I75000">
    <editdetail attribution="Reuters BIP Coding Group" action="confirmed" date="1997-02-28"/>
  </code>
</codes>
<codes class="bip:topics:1.0">
  <code code="C21">
    <editdetail attribution="Reuters BIP Coding Group" action="confirmed" date="1997-02-28"/>
  </code>
  <code code="CCAT">
    <editdetail attribution="Reuters BIP Coding Group" action="confirmed" date="1997-02-28"/>
  </code>
</codes>
<dc element="dc.date.created" value="1997-02-28"/>
<dc element="dc.publisher" value="Reuters Holdings Plc"/>
<dc element="dc.date.published" value="1997-02-28"/>
<dc element="dc.source" value="Reuters"/>
<dc element="dc.creator.location" value="DALLAS"/>
<dc element="dc.creator.location.country.name" value="USA"/>
<dc element="dc.source" value="Reuters"/>
</metadata>
</newsitem>
