<?xml version="1.0" encoding="iso-8859-1" ?>
<newsitem itemid="389382" id="root" date="1997-02-19" xml:lang="en">
<title>AUSTRALIA: RTRS-Australia base metal producer prices - Feb 19.</title>
<headline>RTRS-Australia base metal producer prices - Feb 19.</headline>
<dateline>SYDNEY 1997-02-19</dateline>
<text>
<p>Australian base metal producer prices:</p>
<p>							  (A$ per tonne)</p>
<p>COPPER</p>
<p>MIM Holdings Ltd - changes effective Feb 10</p>
<p>    Cathode					3,350   vs   3,400</p>
<p>    Standard rod				 3,632   vs   3,682</p>
<p>Feb 19     Feb 18</p>
<p>Australian Copper Scrap Base Price</p>
<p>    Copper					 2,988    vs 2,952</p>
<p>LEAD  </p>
<p>    Pasminco, Port Pirie		     965.00  vs 965.00</p>
<p>						     Feb 18     Feb 17</p>
<p>    ZINC					   (US$ per tonne)</p>
<p>    LME					    1197.50     1196.00</p>
<p>-- Sydney Newsroom 61-2 9373-1800</p>
</text>
<copyright>(c) Reuters Limited 1997</copyright>
<metadata>
<codes class="bip:countries:1.0">
  <code code="AUSTR">
    <editdetail attribution="Reuters BIP Coding Group" action="confirmed" date="1997-02-19"/>
  </code>
</codes>
<codes class="bip:topics:1.0">
  <code code="M14">
    <editdetail attribution="Reuters BIP Coding Group" action="confirmed" date="1997-02-19"/>
  </code>
  <code code="M142">
    <editdetail attribution="Reuters BIP Coding Group" action="confirmed" date="1997-02-19"/>
  </code>
  <code code="MCAT">
    <editdetail attribution="Reuters BIP Coding Group" action="confirmed" date="1997-02-19"/>
  </code>
</codes>
<dc element="dc.date.created" value="1997-02-19"/>
<dc element="dc.publisher" value="Reuters Holdings Plc"/>
<dc element="dc.date.published" value="1997-02-19"/>
<dc element="dc.source" value="Reuters"/>
<dc element="dc.creator.location" value="SYDNEY"/>
<dc element="dc.creator.location.country.name" value="AUSTRALIA"/>
<dc element="dc.source" value="Reuters"/>
</metadata>
</newsitem>
