<?xml version="1.0" encoding="iso-8859-1" ?>
<newsitem itemid="167124" id="root" date="1996-11-05" xml:lang="en">
<title>INDIA: INDIAN HEADLINE STOCKS - factors to watch - Nov 5.</title>
<headline>INDIAN HEADLINE STOCKS - factors to watch - Nov 5.</headline>
<dateline>BOMBAY 1996-11-05</dateline>
<text>
<p>Following are some of the main factors affecting Indian stock markets on Tuesday morning:</p>
<p>NEWS OUTLOOK:</p>
<p>**  India's Congress party at a crucial meeting on Monday warned Prime Minister H D Deve Gowda against ignoring its interests, but said it had no immediate plans to pull down the 13-party coalition government</p>
<p>Deve Gowda formed his coalition in June with decisive support from the Congress after inconclusive general elections in April and May gave his group just 115 seats in the 545-member lower house of parliament</p>
<p>**  Foreign stockbroking firms are set to enter the Indian markets in a big way with at least 10 new outfits working out plans for setting up independent brokerages, the Financial Express reports</p>
<p>The names include NatWest Markets, Klienwort Benson, Union Bank of Switzerland, Barclays de Zoete Wedd and CS First Boston, the paper says</p>
<p>**  The Industrial Entrepreneurs' Memoranda received during April-September this year, projects investments worth 612.83 billion rupees - a sharp fall of 38.55 percent compared to the corresponding period last year, the Business Standard reports</p>
<p>**  South Korean giant Samsung plans to invest over $1 billion in India to take up its total investment in the country to $2 billion by 2000 AD, according to the Financial Express</p>
<p>The group has identified petrochemicals and automobiles as the new thrust areas for investments in future</p>
<p>**  A Reuters daily tracking poll of the U.S. elections, due on Tuesday, showed a late surge for Republican Bob Dole was now fading and President Bill Clinton had moved back out to a 7.3 percentage point lead -- enough for a comfortable win although perhaps not the popular-vote majority he covets</p>
<p>**  The Indian rupee  INR= opened unchanged at 35.69/70 per dollar on Tuesday. Dollar demand seen continuing, with a state-run bank bidding in early trade, dealers said</p>
<p>MARKETS:</p>
<p>**  A weak undertone put pressure on Indian share prices on Monday, with major players hesitant to build positions in the market.</p>
<p>The 30-share Bombay Stock Exchange index fell 55.85 points or 1.77 percent to end at 3,092.72</p>
<p>The 50-stock National Stock Exchange lost 16.55 points or 1.82 percent to 890.13  </p>
<p>STOCKS TO WATCH:</p>
<p>**  Auto-component maker Sundram Fastners reported a 28 percent rise in its first-half 1996/97 (April-March) net profit to 193.0 million rupees from 150.4 million in the year-ago period</p>
<p>**  Reliance Capital announced a 12 percent increase in its six-month net profit to 597.0 million rupees for the year ending September 30, 1996</p>
<p>-- Bombay newsroom +91-22-265 9000</p>
</text>
<copyright>(c) Reuters Limited 1996</copyright>
<metadata>
<codes class="bip:countries:1.0">
  <code code="INDIA">
    <editdetail attribution="Reuters BIP Coding Group" action="confirmed" date="1996-11-05"/>
  </code>
</codes>
<codes class="bip:topics:1.0">
  <code code="M11">
    <editdetail attribution="Reuters BIP Coding Group" action="confirmed" date="1996-11-05"/>
  </code>
  <code code="MCAT">
    <editdetail attribution="Reuters BIP Coding Group" action="confirmed" date="1996-11-05"/>
  </code>
</codes>
<dc element="dc.date.created" value="1996-11-05"/>
<dc element="dc.publisher" value="Reuters Holdings Plc"/>
<dc element="dc.date.published" value="1996-11-05"/>
<dc element="dc.source" value="Reuters"/>
<dc element="dc.creator.location" value="BOMBAY"/>
<dc element="dc.creator.location.country.name" value="INDIA"/>
<dc element="dc.source" value="Reuters"/>
</metadata>
</newsitem>
