<?xml version="1.0" encoding="iso-8859-1" ?>
<newsitem itemid="790882" id="root" date="1997-08-11" xml:lang="en">
<title>CANADA: Thirsty Canadians guzzle Hibernia production.</title>
<headline>Thirsty Canadians guzzle Hibernia production.</headline>
<dateline>ST. JOHN'S, Newfoundland 1997-08-11</dateline>
<text>
<p>Production from Canada's first major offshore oil project is still a few months off, but Hibernia barrels are already flooding the market.</p>
<p>But OPEC can rest easy.</p>
<p>True to Canadian form, the wildly popular production is amber and sudsy, not black and gooey.</p>
<p>Hibernia Beer, launched in May to mark the christening of the C$5.8-billion ($4.2 billion) oil project's platform, is being guzzled at a rate that continues to surprise its St. John's-based brewer.</p>
<p>Original plans for the lager, which has a picture of the huge oil platform on the label, were to sell it for about two months, David Fong, president of Quidi Vidi Brewing Co., said in a telephone interview.</p>
<p>But thanks to the huge demand, the microbrewer now expects to make it a permanent product, said Fong, adding that almost 20,000 dozen bottles have been sold so far.</p>
<p>The brew is currently sold only in Newfoundland, where the Hibernia project has been a shot in the arm for a battered local economy.</p>
<p>&quot;But having said that, there's been plenty of it drunk out in Calgary, in Houston and in Princeton, N.J. -- the big oil execs have been having them flown in,&quot; said Fong.</p>
<p>The first oil production from the Hibernia project -- Canada's first major offshore petroleum development -- is expected in December.</p>
<p>Its partners include Petro-Canada, Mobil Corp. unit Mobil Oil Canada Ltd., Chevron Corp. unit Chevron Canada Resources Ltd., Murphy Oil Corp., the Canadian government and Norsk Hydro A/S .</p>
<p>Peak output is expected to be 135,000 barrels a day -- of oil, not beer.</p>
</text>
<copyright>(c) Reuters Limited 1997</copyright>
<metadata>
<codes class="bip:countries:1.0">
  <code code="CANA">
    <editdetail attribution="Reuters BIP Coding Group" action="confirmed" date="1997-08-11"/>
  </code>
  <code code="NORW">
    <editdetail attribution="Reuters BIP Coding Group" action="confirmed" date="1997-08-11"/>
  </code>
  <code code="USA">
    <editdetail attribution="Reuters BIP Coding Group" action="confirmed" date="1997-08-11"/>
  </code>
</codes>
<codes class="bip:industries:1.0">
  <code code="I13000">
    <editdetail attribution="Reuters BIP Coding Group" action="confirmed" date="1997-08-11"/>
  </code>
  <code code="I1300003">
    <editdetail attribution="Reuters BIP Coding Group" action="confirmed" date="1997-08-11"/>
  </code>
  <code code="I14000">
    <editdetail attribution="Reuters BIP Coding Group" action="confirmed" date="1997-08-11"/>
  </code>
  <code code="I42700">
    <editdetail attribution="Reuters BIP Coding Group" action="confirmed" date="1997-08-11"/>
  </code>
</codes>
<codes class="bip:topics:1.0">
  <code code="C21">
    <editdetail attribution="Reuters BIP Coding Group" action="confirmed" date="1997-08-11"/>
  </code>
  <code code="C32">
    <editdetail attribution="Reuters BIP Coding Group" action="confirmed" date="1997-08-11"/>
  </code>
  <code code="CCAT">
    <editdetail attribution="Reuters BIP Coding Group" action="confirmed" date="1997-08-11"/>
  </code>
  <code code="GCAT">
    <editdetail attribution="Reuters BIP Coding Group" action="confirmed" date="1997-08-11"/>
  </code>
  <code code="GODD">
    <editdetail attribution="Reuters BIP Coding Group" action="confirmed" date="1997-08-11"/>
  </code>
</codes>
<dc element="dc.date.created" value="1997-08-11"/>
<dc element="dc.publisher" value="Reuters Holdings Plc"/>
<dc element="dc.date.published" value="1997-08-11"/>
<dc element="dc.source" value="Reuters"/>
<dc element="dc.creator.location" value="ST. JOHN'S, Newfoundland"/>
<dc element="dc.creator.location.country.name" value="CANADA"/>
<dc element="dc.source" value="Reuters"/>
</metadata>
</newsitem>
