<?xml version="1.0" encoding="iso-8859-1" ?>
<newsitem itemid="44083" id="root" date="1996-09-10" xml:lang="en">
<title>USA: Calif. distillates unscathed by East Coast squeeze.</title>
<headline>Calif. distillates unscathed by East Coast squeeze.</headline>
<byline>David Brinkerhoff</byline>
<dateline>LOS ANGELES 1996-09-10</dateline>
<text>
<p>As most U.S. markets brace for higher prices and lower supplies of distillates this winter, the warm-weather California market is expected to ride out the season unscathed.</p>
<p>With supplies in the region flush and demand for heating oil minimal, the recent rise in West Coast distillates prices has been the result mainly of a rash of refinery problems and is not a reflection of the broader rise in other regions, analysts said.</p>
</text>
<copyright>(c) Reuters Limited 1996</copyright>
<metadata>
<codes class="bip:countries:1.0">
  <code code="USA">
    <editdetail attribution="Reuters BIP Coding Group" action="confirmed" date="1996-09-10"/>
  </code>
</codes>
<codes class="bip:topics:1.0">
  <code code="C21">
    <editdetail attribution="Reuters BIP Coding Group" action="confirmed" date="1996-09-10"/>
  </code>
  <code code="CCAT">
    <editdetail attribution="Reuters BIP Coding Group" action="confirmed" date="1996-09-10"/>
  </code>
</codes>
<dc element="dc.date.created" value="1996-09-10"/>
<dc element="dc.publisher" value="Reuters Holdings Plc"/>
<dc element="dc.date.published" value="1996-09-10"/>
<dc element="dc.source" value="Reuters"/>
<dc element="dc.creator.location" value="LOS ANGELES"/>
<dc element="dc.creator.location.country.name" value="USA"/>
<dc element="dc.source" value="Reuters"/>
</metadata>
</newsitem>
