<?xml version="1.0" encoding="iso-8859-1" ?>
<newsitem itemid="772566" id="root" date="1997-08-01" xml:lang="en">
<title>JAPAN: Moody's confirms ratings of DKB.</title>
<headline>Moody's confirms ratings of DKB.</headline>
<dateline>TOKYO 1997-08-01</dateline>
<text>
<p>Moody's Investors Service said on Friday it  had confirmed the A1/Prime-1 deposit ratings and the C financial strength  rating of Dai-Ichi Kangyo Bank Ltd (DKB).</p>
<p>The decision followed the Japanese Finance Ministry's announcement  of administrative penalties against DKB on Wednesday for the bank's  role in a racketeer payoff scandal.</p>
<p>The agency added that the outlook for the bank's ratings remains negative,  it also said.</p>
<p>Moody's said the administrative sanctions should not affect DKB's  financial fundamentals. DKB's current ratings incorporate the expectation  that the bank will remain well-positioned to benefit from a rapidly  deregulating environment, given its strength in both wholesale and  retail banking.</p>
</text>
<copyright>(c) Reuters Limited 1997</copyright>
<metadata>
<codes class="bip:countries:1.0">
  <code code="JAP">
    <editdetail attribution="Reuters BIP Coding Group" action="confirmed" date="1997-08-01"/>
  </code>
</codes>
<codes class="bip:industries:1.0">
  <code code="I81402">
    <editdetail attribution="Reuters BIP Coding Group" action="confirmed" date="1997-08-01"/>
  </code>
</codes>
<codes class="bip:topics:1.0">
  <code code="C17">
    <editdetail attribution="Reuters BIP Coding Group" action="confirmed" date="1997-08-01"/>
  </code>
  <code code="C174">
    <editdetail attribution="Reuters BIP Coding Group" action="confirmed" date="1997-08-01"/>
  </code>
  <code code="CCAT">
    <editdetail attribution="Reuters BIP Coding Group" action="confirmed" date="1997-08-01"/>
  </code>
</codes>
<dc element="dc.date.created" value="1997-08-01"/>
<dc element="dc.publisher" value="Reuters Holdings Plc"/>
<dc element="dc.date.published" value="1997-08-01"/>
<dc element="dc.source" value="Reuters"/>
<dc element="dc.creator.location" value="TOKYO"/>
<dc element="dc.creator.location.country.name" value="JAPAN"/>
<dc element="dc.source" value="Reuters"/>
</metadata>
</newsitem>
