<?xml version="1.0" encoding="iso-8859-1" ?>
<newsitem itemid="606829" id="root" date="1997-05-22" xml:lang="en">
<title>JAPAN: Kokusai Kanko Kaikan -97/98 parent forecast.</title>
<headline>Kokusai Kanko Kaikan -97/98 parent forecast.</headline>
<dateline>TOKYO 1997-05-22</dateline>
<text>
<p>Year to March 31, 1998</p>
<p>		   (in billions of yen unless specified)</p>
<p>			   LATEST	    ACTUAL</p>
<p> (Parent)	     FORECAST	  YEAR-AGO</p>
<p> Sales		  4.63		 4.60</p>
<p> Current	    485    million	 492    million</p>
<p> Net		  233    million	 232    million</p>
<p> EPS		   11.65 yen	  11.61 yen</p>
<p> Ord div		6.00 yen	   6.00 yen</p>
<p>NOTE - Kokusai Kanko Kaikan Co Ltd is a hotel and restaurant operator.</p>
</text>
<copyright>(c) Reuters Limited 1997</copyright>
<metadata>
<codes class="bip:countries:1.0">
  <code code="JAP">
    <editdetail attribution="Reuters BIP Coding Group" action="confirmed" date="1997-05-22"/>
  </code>
</codes>
<codes class="bip:industries:1.0">
  <code code="I66000">
    <editdetail attribution="Reuters BIP Coding Group" action="confirmed" date="1997-05-22"/>
  </code>
</codes>
<codes class="bip:topics:1.0">
  <code code="C15">
    <editdetail attribution="Reuters BIP Coding Group" action="confirmed" date="1997-05-22"/>
  </code>
  <code code="C152">
    <editdetail attribution="Reuters BIP Coding Group" action="confirmed" date="1997-05-22"/>
  </code>
  <code code="CCAT">
    <editdetail attribution="Reuters BIP Coding Group" action="confirmed" date="1997-05-22"/>
  </code>
</codes>
<dc element="dc.date.created" value="1997-05-22"/>
<dc element="dc.publisher" value="Reuters Holdings Plc"/>
<dc element="dc.date.published" value="1997-05-22"/>
<dc element="dc.source" value="Reuters"/>
<dc element="dc.creator.location" value="TOKYO"/>
<dc element="dc.creator.location.country.name" value="JAPAN"/>
<dc element="dc.source" value="Reuters"/>
</metadata>
</newsitem>
