<?xml version="1.0" encoding="iso-8859-1" ?>
<newsitem itemid="530621" id="root" date="1997-04-23" xml:lang="en">
<title>USA: First Maryland Bancorp Q1 net $34.1 mln.</title>
<headline>First Maryland Bancorp Q1 net $34.1 mln.</headline>
<dateline>BALTIMORE 1997-04-23</dateline>
<text>
<p>First Maryland Bancorp</p>
<p>			 Financial Highlights Three Months Ended</p>
<p>			  March 31    1997	   1996     % Change</p>
<p> Net income ($ in thousands)    $34,103     $30,069     13.4%</p>
<p> Total assets			  11,218	 10,466     7.2%</p>
<p> Loans, net of unearned income    6,782	  6,229     8.9%</p>
<p> Deposits				 7,645	  6,971     9.7%</p>
<p>Allowance for credit losses</p>
<p> ($ in millions)			154.8</p>
<p>Note: The company said its revenue was $165.7 million, an 11 percent growth from the same period a year ago.</p>
<p>The company said its number of shares outstanding was 7.2 million. The company did not immediately have avialable a number for the same period a year ago.</p>
<p>-- New York Newsdesk 212 859-1610</p>
</text>
<copyright>(c) Reuters Limited 1997</copyright>
<metadata>
<codes class="bip:countries:1.0">
  <code code="USA">
    <editdetail attribution="Reuters BIP Coding Group" action="confirmed" date="1997-04-23"/>
  </code>
</codes>
<codes class="bip:industries:1.0">
  <code code="I81402">
    <editdetail attribution="Reuters BIP Coding Group" action="confirmed" date="1997-04-23"/>
  </code>
</codes>
<codes class="bip:topics:1.0">
  <code code="C15">
    <editdetail attribution="Reuters BIP Coding Group" action="confirmed" date="1997-04-23"/>
  </code>
  <code code="C151">
    <editdetail attribution="Reuters BIP Coding Group" action="confirmed" date="1997-04-23"/>
  </code>
  <code code="CCAT">
    <editdetail attribution="Reuters BIP Coding Group" action="confirmed" date="1997-04-23"/>
  </code>
</codes>
<dc element="dc.date.created" value="1997-04-23"/>
<dc element="dc.publisher" value="Reuters Holdings Plc"/>
<dc element="dc.date.published" value="1997-04-23"/>
<dc element="dc.source" value="Reuters"/>
<dc element="dc.creator.location" value="BALTIMORE"/>
<dc element="dc.creator.location.country.name" value="USA"/>
<dc element="dc.source" value="Reuters"/>
</metadata>
</newsitem>
