<?xml version="1.0" encoding="iso-8859-1" ?>
<newsitem itemid="632587" id="root" date="1997-06-02" xml:lang="en">
<title>FRANCE: French call money unchanged on Monday - dealers.</title>
<headline>French call money unchanged on Monday - dealers.</headline>
<dateline>PARIS 1997-06-02</dateline>
<text>
<p>French call money was unchanged at 3-1/8 1/4 percent on Monday, dealers said.</p>
<p>The Bank of France steers call money closely as a third, unofficial rate alongside its intervention and five to 10-day emergency lending rates.</p>
<p>The franc was trading at 3.3846 per mark at 0640 GMT, off its low of 3.3860 per mark.</p>
<p>-- Paris Newsroom +331 4221 5542</p>
</text>
<copyright>(c) Reuters Limited 1997</copyright>
<metadata>
<codes class="bip:countries:1.0">
  <code code="FRA">
    <editdetail attribution="Reuters BIP Coding Group" action="confirmed" date="1997-06-02"/>
  </code>
</codes>
<codes class="bip:topics:1.0">
  <code code="M13">
    <editdetail attribution="Reuters BIP Coding Group" action="confirmed" date="1997-06-02"/>
  </code>
  <code code="M131">
    <editdetail attribution="Reuters BIP Coding Group" action="confirmed" date="1997-06-02"/>
  </code>
  <code code="MCAT">
    <editdetail attribution="Reuters BIP Coding Group" action="confirmed" date="1997-06-02"/>
  </code>
</codes>
<dc element="dc.date.created" value="1997-06-02"/>
<dc element="dc.publisher" value="Reuters Holdings Plc"/>
<dc element="dc.date.published" value="1997-06-02"/>
<dc element="dc.source" value="Reuters"/>
<dc element="dc.creator.location" value="PARIS"/>
<dc element="dc.creator.location.country.name" value="FRANCE"/>
<dc element="dc.source" value="Reuters"/>
</metadata>
</newsitem>
