<?xml version="1.0" encoding="iso-8859-1" ?>
<newsitem itemid="187071" id="root" date="1996-11-13" xml:lang="en">
<title>GERMANY: Isar Amperwerke to up power production.</title>
<headline>Isar Amperwerke to up power production.</headline>
<dateline>MUNICH, Germany 1996-11-13</dateline>
<text>
<p>German utility Isar Amperwerke AG said on Wednesday that it expects electricity generation in the 1996/97 business year from the start of July 1996 to increase by around one percent.</p>
<p>In the first quarter of 1996/97 the amount of electricity produced increased by 0.4 percent, the company said in Munich.</p>
<p>Investments were also set to increase to 325 million marks in 1996/97 from 230 million marks in the previous year.</p>
<p>--Frankfurt Newsroom +49 69 756525</p>
</text>
<copyright>(c) Reuters Limited 1996</copyright>
<metadata>
<codes class="bip:countries:1.0">
  <code code="GFR">
    <editdetail attribution="Reuters BIP Coding Group" action="confirmed" date="1996-11-13"/>
  </code>
</codes>
<codes class="bip:industries:1.0">
  <code code="I16100">
    <editdetail attribution="Reuters BIP Coding Group" action="confirmed" date="1996-11-13"/>
  </code>
</codes>
<codes class="bip:topics:1.0">
  <code code="C21">
    <editdetail attribution="Reuters BIP Coding Group" action="confirmed" date="1996-11-13"/>
  </code>
  <code code="C24">
    <editdetail attribution="Reuters BIP Coding Group" action="confirmed" date="1996-11-13"/>
  </code>
  <code code="CCAT">
    <editdetail attribution="Reuters BIP Coding Group" action="confirmed" date="1996-11-13"/>
  </code>
</codes>
<dc element="dc.date.created" value="1996-11-13"/>
<dc element="dc.publisher" value="Reuters Holdings Plc"/>
<dc element="dc.date.published" value="1996-11-13"/>
<dc element="dc.source" value="Reuters"/>
<dc element="dc.creator.location" value="MUNICH, Germany"/>
<dc element="dc.creator.location.country.name" value="GERMANY"/>
<dc element="dc.source" value="Reuters"/>
</metadata>
</newsitem>
