<?xml version="1.0" encoding="iso-8859-1" ?>
<newsitem itemid="621597" id="root" date="1997-05-28" xml:lang="en">
<title>SPAIN: BoS inflation forecast supports goal - Spain's Rato.</title>
<headline>BoS inflation forecast supports goal - Spain's Rato.</headline>
<dateline>MADRID 1997-05-28</dateline>
<text>
<p>Spanish Economy Minister Rodrigo Rato said on Wednesday the Bank of Spain's inflation forecast shows the new government target is not too optimistic.</p>
<p>&quot;(Bank of Spain's forecast) should send a message of calmness that our target is not ambitious..although it is the most ambitious in Spanish history,&quot; Rato told reporters before giving a speech in Madrid.</p>
<p>Earlier on Wednesday, the Bank of Spain's governor said Spanish inflation could end the year below two percent.</p>
<p>Recently the Spanish government reduced its inflation goal to 2.2 percent for the year from a previous 2.6 percent.  </p>
<p>Rato added that recent data showed that Spain was now in a more stable economic trend.</p>
<p>&quot;It's not only that the economy is growing at three percent in a sustained way, but also that price tensions are fading away...at the same time we are improving our export situation,&quot; Rato said referring to the latest trade balance figure.</p>
<p>Spain's trade deficit fell in the first quarter by 22 percent to 471.3 billion pesetas ($3.3 billion) from 604.4 billion pesetas in the first three monthS of 1996.</p>
<p>-- Madrid Newsroom, + 341 585 8340</p>
<p>($ = 143.6 Spanish Pesetas)</p>
</text>
<copyright>(c) Reuters Limited 1997</copyright>
<metadata>
<codes class="bip:countries:1.0">
  <code code="SPAIN">
    <editdetail attribution="Reuters BIP Coding Group" action="confirmed" date="1997-05-28"/>
  </code>
</codes>
<codes class="bip:topics:1.0">
  <code code="E12">
    <editdetail attribution="Reuters BIP Coding Group" action="confirmed" date="1997-05-28"/>
  </code>
  <code code="E13">
    <editdetail attribution="Reuters BIP Coding Group" action="confirmed" date="1997-05-28"/>
  </code>
  <code code="E131">
    <editdetail attribution="Reuters BIP Coding Group" action="confirmed" date="1997-05-28"/>
  </code>
  <code code="ECAT">
    <editdetail attribution="Reuters BIP Coding Group" action="confirmed" date="1997-05-28"/>
  </code>
</codes>
<dc element="dc.date.created" value="1997-05-28"/>
<dc element="dc.publisher" value="Reuters Holdings Plc"/>
<dc element="dc.date.published" value="1997-05-28"/>
<dc element="dc.source" value="Reuters"/>
<dc element="dc.creator.location" value="MADRID"/>
<dc element="dc.creator.location.country.name" value="SPAIN"/>
<dc element="dc.source" value="Reuters"/>
</metadata>
</newsitem>
