<?xml version="1.0" encoding="iso-8859-1" ?>
<newsitem itemid="7925" id="root" date="1996-08-22" xml:lang="en">
<title>GERMANY: FOCUS - BUBA RATE CUT SEEN LESS LIKELY AFTER IFO.</title>
<headline>FOCUS - BUBA RATE CUT SEEN LESS LIKELY AFTER IFO.</headline>
<byline>Janet Northcote</byline>
<dateline>FRANKFURT 1996-08-22</dateline>
<text>
<p>Financial markets' hopes that the German Bundesbank was about to serve up a long-awaited cut in its main money market rate took a blow on Wednesday when a key confidence barometer emerged much stronger than expected.</p>
<p>The respected Ifo economic institute said its business climate index -- a survey of business conditions in the economy -- jumped to an eight-month high of 94.1 in July, a sharp rise from a three-month low of 90.4 in June. Economists had predicted a figure of around 91 for July and were caught off-guard by the apparent sudden surge of confidence in a German recovery.</p>
<p>An upward revision in the June industry orders index by the Bundesbank to 96.3 from 95.7 also pointed to economic strength.</p>
<p>German bonds and shares fell as traders took the view that the Bundesbank would no longer feel under any pressure to trim its securities repurchase rate, or repo, at this week's meeting of its policy-making council to boost the domestic economy.</p>
<p>Analysts were less convinced than markets that a repo cut was now unlikely, but a majority said the chances had fallen. Seven out of 10 economists polled by Reuters on Thursday said they now believed the chances of a cut had fallen. On Tuesday eight out of 10 had predicted an easing in monetary policy.</p>
<p>&quot;The probability of an easing has decreased, although it is still within the realms of possibility,&quot; said WestLB monetary economist Irgeen Rust.</p>
<p>Paul Meggyesi at Deutsche Morgan Grenfell said his bank also still expected an easing, but added, &quot;The risk of no change has increased. They were impressively strong figures, but we think the Bundesbank will not be swayed by them.&quot;</p>
<p>Gernot Nerb, IFO's former chief economist who now works for Salomon Brothers, was among those who urged the Bundesbank to go ahead and cut the repo, adding that business investment still remained weak and the IFO index level still fairly low.</p>
<p>&quot;The recovery in the index will not change the decision if they are decided to cut,&quot; he told Reuters Financial Television. &quot;The Bundesbank should not be worried by the jump and I would recommend a cut (in the repo) by 10-15 basis points.&quot;</p>
<p>Tension in currency markets since the Bundesbank decided to leave policy on hold ahead four weeks ago ahead of its summer break has intensified market interest in tomorrow's decision.</p>
<p>On Tuesday, analysts were convinced the central bank would now judge conditions right to make a long-promised cut in the repo, dangled as a carrot to markets when the official discount and Lombard rates were eased by 1/2 percentage point in April.</p>
<p>A slowdown in July German money supply growth -- the Bundesbank's main monetary policy indicator -- to an annualised rate of 8.6 percent from 9.6 percent in June was judged enough to tip the balance in favour of a move.</p>
<p>Although the figure remained well beyond a seven percent target ceiling, analysts said that the goal was now in reach and said this could be enough to convince the Bundesbank it could afford to relax policy a little.</p>
<p>But even with the economic necessity for a rate cut thrown into question by the Ifo and orders data, some analysts persisted in the view that action was likely this week.</p>
<p>Thomas Mayer at Goldman Sachs, who alone among those contacted predicted a switch to a variable rate repo -- where banks bid for central bank funds at the interest rates of their choice -- said that such a policy move could have the valuable impact dimming the spotlight on the Bundesbank.</p>
<p>&quot;It is not realistic for the world to hinge the prospect of a foreign exchange market crisis or the end of European monetary union as we know it on whether the Bundesbank lowers the repo rate by five basis points,&quot; Mayer said.</p>
<p>&quot;It would be quite good to let the market take control again and dispel these rumours that the Bundesbank is simply using its policy stance to block EMU.&quot;</p>
<p>--Frankfurt Newsroom +49 69 756525</p>
</text>
<copyright>(c) Reuters Limited 1996</copyright>
<metadata>
<codes class="bip:countries:1.0">
  <code code="GFR">
    <editdetail attribution="Reuters BIP Coding Group" action="confirmed" date="1996-08-22"/>
  </code>
</codes>
<codes class="bip:topics:1.0">
  <code code="E12">
    <editdetail attribution="Reuters BIP Coding Group" action="confirmed" date="1996-08-22"/>
  </code>
  <code code="ECAT">
    <editdetail attribution="Reuters BIP Coding Group" action="confirmed" date="1996-08-22"/>
  </code>
  <code code="M13">
    <editdetail attribution="Reuters BIP Coding Group" action="confirmed" date="1996-08-22"/>
  </code>
  <code code="M131">
    <editdetail attribution="Reuters BIP Coding Group" action="confirmed" date="1996-08-22"/>
  </code>
  <code code="MCAT">
    <editdetail attribution="Reuters BIP Coding Group" action="confirmed" date="1996-08-22"/>
  </code>
</codes>
<dc element="dc.date.created" value="1996-08-22"/>
<dc element="dc.publisher" value="Reuters Holdings Plc"/>
<dc element="dc.date.published" value="1996-08-22"/>
<dc element="dc.source" value="Reuters"/>
<dc element="dc.creator.location" value="FRANKFURT"/>
<dc element="dc.creator.location.country.name" value="GERMANY"/>
<dc element="dc.source" value="Reuters"/>
</metadata>
</newsitem>
