<?xml version="1.0" encoding="iso-8859-1" ?>
<newsitem itemid="633868" id="root" date="1997-06-03" xml:lang="en">
<title>USA: Iraq opts for Australian wheat after cancelling U.S. deal.</title>
<headline>Iraq opts for Australian wheat after cancelling U.S. deal.</headline>
<dateline>CHICAGO 1997-06-03</dateline>
<text>
<p>Iraq on Monday night cancelled a purchase of 150,000 tonnes U.S. hard red winter wheat and switched the purchase to 100,000 to up to 150,000 tonnes of Australian hard wheat, several U.S. exporters said.</p>
<p>&quot;They cancelled 150,000 tonnes of ours and bought 150,000 Australian,&quot; a senior wheat trader said on Tuesday. &quot;I believe they did this last night. They said there was an irregularity in the contract but it is probably on the price,&quot; he added.</p>
<p>A second wheat exporter said: &quot;We were under the impression that Iraq bought up to 100,000 tonnes late last week but then they apparently cancelled that and replaced it with Australian, so we hear.&quot;</p>
<p>European traders said May 29 that Iraq had bought 150,000 tonnes of U.S. hard red winter wheat for July shipment at $194 C+F. The transaction was part of the United Nations agreement allowing Iraq to sell oil to buy food and supplies.</p>
<p>Delivery dates were unavailable and no other details were immediately available.</p>
<p>((Doris Frankel 312-983-7305))</p>
</text>
<copyright>(c) Reuters Limited 1997</copyright>
<metadata>
<codes class="bip:countries:1.0">
  <code code="AUSTR">
    <editdetail attribution="Reuters BIP Coding Group" action="confirmed" date="1997-06-03"/>
  </code>
  <code code="IRAQ">
    <editdetail attribution="Reuters BIP Coding Group" action="confirmed" date="1997-06-03"/>
  </code>
  <code code="USA">
    <editdetail attribution="Reuters BIP Coding Group" action="confirmed" date="1997-06-03"/>
  </code>
</codes>
<codes class="bip:topics:1.0">
  <code code="M14">
    <editdetail attribution="Reuters BIP Coding Group" action="confirmed" date="1997-06-03"/>
  </code>
  <code code="M141">
    <editdetail attribution="Reuters BIP Coding Group" action="confirmed" date="1997-06-03"/>
  </code>
  <code code="MCAT">
    <editdetail attribution="Reuters BIP Coding Group" action="confirmed" date="1997-06-03"/>
  </code>
</codes>
<dc element="dc.date.created" value="1997-06-03"/>
<dc element="dc.publisher" value="Reuters Holdings Plc"/>
<dc element="dc.date.published" value="1997-06-03"/>
<dc element="dc.source" value="Reuters"/>
<dc element="dc.creator.location" value="CHICAGO"/>
<dc element="dc.creator.location.country.name" value="USA"/>
<dc element="dc.source" value="Reuters"/>
</metadata>
</newsitem>
