<?xml version="1.0" encoding="iso-8859-1" ?>
<newsitem itemid="648976" id="root" date="1997-06-10" xml:lang="en">
<title>USA: Dow firm, Nasdaq reverses gains.</title>
<headline>Dow firm, Nasdaq reverses gains.</headline>
<dateline>NEW YORK 1997-06-10</dateline>
<text>
<p>U.S. blue chips rose higher Tuesday, carrying the Dow well past the 7500 mark before consolidating their recent gains.</p>
<p>In early afternoon trading, the Dow industrials were up 52 points at 7530 after skimming past 7572 this morning.</p>
<p>The Nasdaq Composite fell back into negative territory, shedding 6.18, or 0.44 percent, to 1406.</p>
<p>The long bond slipped, down 2/32 to yield 6.83 percent. The Standard &amp; Poor's futures index was up 0.65 to 866.50.</p>
<p>((-- Wall Street desk, 212-859-1730))</p>
</text>
<copyright>(c) Reuters Limited 1997</copyright>
<metadata>
<codes class="bip:countries:1.0">
  <code code="USA">
    <editdetail attribution="Reuters BIP Coding Group" action="confirmed" date="1997-06-10"/>
  </code>
</codes>
<codes class="bip:topics:1.0">
  <code code="M11">
    <editdetail attribution="Reuters BIP Coding Group" action="confirmed" date="1997-06-10"/>
  </code>
  <code code="MCAT">
    <editdetail attribution="Reuters BIP Coding Group" action="confirmed" date="1997-06-10"/>
  </code>
</codes>
<dc element="dc.date.created" value="1997-06-10"/>
<dc element="dc.publisher" value="Reuters Holdings Plc"/>
<dc element="dc.date.published" value="1997-06-10"/>
<dc element="dc.source" value="Reuters"/>
<dc element="dc.creator.location" value="NEW YORK"/>
<dc element="dc.creator.location.country.name" value="USA"/>
<dc element="dc.source" value="Reuters"/>
</metadata>
</newsitem>
