<?xml version="1.0" encoding="iso-8859-1" ?>
<newsitem itemid="739617" id="root" date="1997-07-18" xml:lang="en">
<title>USA: PC Quote says auditors won't stand for re-election.</title>
<headline>PC Quote says auditors won't stand for re-election.</headline>
<dateline>CHICAGO 1997-07-18</dateline>
<text>
<p>PC Quote Inc said its independent accounting firm of McGladrey &amp; Pullen LLP has declined to stand for re-election as the auditor for the company.</p>
<p>PC Quote provides on-line stock and market quotes to financial professionals, consumers and redistributors.  </p>
<p>McGladrey &amp; Pullen provided a letter to the Securities and Exchange Commission that its reports on PC Quote's financial statements for the past two fiscal years contained &quot;no adverse opinions or disclaimer of opinion and were not qualified or modified as to uncertainty, audit scope or accounting principle, except for a going concern phrase,&quot; said Jim Porter, chief executive officer of PC Quote, in a news release.</p>
<p>In early April, PC Quote had issued a statement that its auditors had raised doubts about the company's ability to continue as a going concern due to significant operating losses. In February, PC Quote hired investment bank William Blair to  &amp; Co to help the company explore possible sale, merger, joint venture or other business options.</p>
<p>Porter, who was named president in mid-June, said PC Quote has already begun the process of choosing a new independent auditing firm.</p>
<p>He declined to provide further information on the auditors action.</p>
<p>Shares of PC Quote were trading off 1/16 to 2-3/8.</p>
<p>	     ((Chicago newsdesk 312 408 8787))</p>
</text>
<copyright>(c) Reuters Limited 1997</copyright>
<metadata>
<codes class="bip:countries:1.0">
  <code code="USA">
    <editdetail attribution="Reuters BIP Coding Group" action="confirmed" date="1997-07-18"/>
  </code>
</codes>
<codes class="bip:industries:1.0">
  <code code="I33020">
    <editdetail attribution="Reuters BIP Coding Group" action="confirmed" date="1997-07-18"/>
  </code>
  <code code="I3302021">
    <editdetail attribution="Reuters BIP Coding Group" action="confirmed" date="1997-07-18"/>
  </code>
  <code code="I83600">
    <editdetail attribution="Reuters BIP Coding Group" action="confirmed" date="1997-07-18"/>
  </code>
</codes>
<codes class="bip:topics:1.0">
  <code code="C15">
    <editdetail attribution="Reuters BIP Coding Group" action="confirmed" date="1997-07-18"/>
  </code>
  <code code="C151">
    <editdetail attribution="Reuters BIP Coding Group" action="confirmed" date="1997-07-18"/>
  </code>
  <code code="C33">
    <editdetail attribution="Reuters BIP Coding Group" action="confirmed" date="1997-07-18"/>
  </code>
  <code code="CCAT">
    <editdetail attribution="Reuters BIP Coding Group" action="confirmed" date="1997-07-18"/>
  </code>
</codes>
<dc element="dc.date.created" value="1997-07-18"/>
<dc element="dc.publisher" value="Reuters Holdings Plc"/>
<dc element="dc.date.published" value="1997-07-18"/>
<dc element="dc.source" value="Reuters"/>
<dc element="dc.creator.location" value="CHICAGO"/>
<dc element="dc.creator.location.country.name" value="USA"/>
<dc element="dc.source" value="Reuters"/>
</metadata>
</newsitem>
