<?xml version="1.0" encoding="iso-8859-1" ?>
<newsitem itemid="798102" id="root" date="1997-08-13" xml:lang="en">
<title>CHINA: MILLENNIUM NOT REQUIRED TO MAKE GRAND ORIENT OFFER.</title>
<headline>MILLENNIUM NOT REQUIRED TO MAKE GRAND ORIENT OFFER.</headline>
<dateline>HONG KONG 1997-08-13</dateline>
<text>
<p>Millennium Group Ltd said on Wednesday it would have no obligation to make a general offer for the outstanding shares of Grand Orient Holdings Ltd after raising its Grand Orient stake recently.</p>
<p>The chemicals and building materials maker and distributor Millennium had said earlier this month it had raised its stake in Grand Orient to 20 percent from 14 percent.</p>
<p>Trading in Millennium Group and Grand Orient shares was suspended on July 28, and resumed on Wednesday.</p>
<p>Millennium Group shares rose HK$0.125 to HK$3.475 in early trade. Grand Orient shares gained HK$0.10 to HK$3.025.</p>
<p>-- Hong Kong News Room (852) 2843 6370</p>
</text>
<copyright>(c) Reuters Limited 1997</copyright>
<metadata>
<codes class="bip:countries:1.0">
  <code code="HKONG">
    <editdetail attribution="Reuters BIP Coding Group" action="confirmed" date="1997-08-13"/>
  </code>
</codes>
<codes class="bip:industries:1.0">
  <code code="I21000">
    <editdetail attribution="Reuters BIP Coding Group" action="confirmed" date="1997-08-13"/>
  </code>
  <code code="I50200">
    <editdetail attribution="Reuters BIP Coding Group" action="confirmed" date="1997-08-13"/>
  </code>
</codes>
<codes class="bip:topics:1.0">
  <code code="C18">
    <editdetail attribution="Reuters BIP Coding Group" action="confirmed" date="1997-08-13"/>
  </code>
  <code code="C181">
    <editdetail attribution="Reuters BIP Coding Group" action="confirmed" date="1997-08-13"/>
  </code>
  <code code="CCAT">
    <editdetail attribution="Reuters BIP Coding Group" action="confirmed" date="1997-08-13"/>
  </code>
</codes>
<dc element="dc.date.created" value="1997-08-13"/>
<dc element="dc.publisher" value="Reuters Holdings Plc"/>
<dc element="dc.date.published" value="1997-08-13"/>
<dc element="dc.source" value="Reuters"/>
<dc element="dc.creator.location" value="HONG KONG"/>
<dc element="dc.creator.location.country.name" value="CHINA"/>
<dc element="dc.source" value="Reuters"/>
</metadata>
</newsitem>
