<?xml version="1.0" encoding="iso-8859-1" ?>
<newsitem itemid="578552" id="root" date="1997-05-13" xml:lang="en">
<title>UK: Europe cotton - firmer asking prices, shy buyers.</title>
<headline>Europe cotton - firmer asking prices, shy buyers.</headline>
<dateline>LIVERPOOL 1997-05-13</dateline>
<text>
<p>Firmer asking prices for most upland growths of raw cotton marked main European markets on Tuesday.</p>
<p>But the strength of offers, on Monday's rise in New York futures and tightening supply of the current crop, tended to curb buying interest from spinners.</p>
<p>They seemed still not convinced that prices may rise significantly over coming months. Enquiry thus tended to be primarily to test pricing ideas, and was directed mainly to Central Asian and West African styles.</p>
</text>
<copyright>(c) Reuters Limited 1997</copyright>
<metadata>
<codes class="bip:countries:1.0">
  <code code="UK">
    <editdetail attribution="Reuters BIP Coding Group" action="confirmed" date="1997-05-13"/>
  </code>
</codes>
<codes class="bip:topics:1.0">
  <code code="M14">
    <editdetail attribution="Reuters BIP Coding Group" action="confirmed" date="1997-05-13"/>
  </code>
  <code code="M141">
    <editdetail attribution="Reuters BIP Coding Group" action="confirmed" date="1997-05-13"/>
  </code>
  <code code="MCAT">
    <editdetail attribution="Reuters BIP Coding Group" action="confirmed" date="1997-05-13"/>
  </code>
</codes>
<dc element="dc.date.created" value="1997-05-13"/>
<dc element="dc.publisher" value="Reuters Holdings Plc"/>
<dc element="dc.date.published" value="1997-05-13"/>
<dc element="dc.source" value="Reuters"/>
<dc element="dc.creator.location" value="LIVERPOOL"/>
<dc element="dc.creator.location.country.name" value="UK"/>
<dc element="dc.source" value="Reuters"/>
</metadata>
</newsitem>
