<?xml version="1.0" encoding="iso-8859-1" ?>
<newsitem itemid="18186" id="root" date="1996-08-28" xml:lang="en">
<title>GERMANY: Mercedes Benz plans to lift truck production.</title>
<headline>Mercedes Benz plans to lift truck production.</headline>
<dateline>HOCKENHEIM, Germany 1996-08-28</dateline>
<text>
<p>Mercedes-Benz AG said it plans to increase truck production to over 400,000 units over the medium term from 330,000 units in 1995, Chairman Helmut Werner said on Wednesday.</p>
<p>The car and truck maker, which was showing its new line of heavy trucks at the race track here, said it expected its new Actros model to add around 500 million marks ($339.1 million) to profits.</p>
<p>Mercedes, which along with other truck makers, has had difficulty coping with weak demand in west Europe.</p>
<p>But Werner said efforts to improve profitability are in full swing, including a reduction in labour costs. He said he expected talks with the labour force will find a way to cut costs without hurting employment levels. ($1=1.4747 Mark)</p>
</text>
<copyright>(c) Reuters Limited 1996</copyright>
<metadata>
<codes class="bip:countries:1.0">
  <code code="GFR">
    <editdetail attribution="Reuters BIP Coding Group" action="confirmed" date="1996-08-28"/>
  </code>
</codes>
<codes class="bip:topics:1.0">
  <code code="C21">
    <editdetail attribution="Reuters BIP Coding Group" action="confirmed" date="1996-08-28"/>
  </code>
</codes>
<dc element="dc.date.created" value="1996-08-28"/>
<dc element="dc.publisher" value="Reuters Holdings Plc"/>
<dc element="dc.date.published" value="1996-08-28"/>
<dc element="dc.source" value="Reuters"/>
<dc element="dc.creator.location" value="HOCKENHEIM, Germany"/>
<dc element="dc.creator.location.country.name" value="GERMANY"/>
<dc element="dc.source" value="Reuters"/>
</metadata>
</newsitem>
