<?xml version="1.0" encoding="iso-8859-1" ?>
<newsitem itemid="318119" id="root" date="1997-01-20" xml:lang="en">
<title>POLAND: AGROS 96 NET RISES TO PLN 31.9 MLN.</title>
<headline>AGROS 96 NET RISES TO PLN 31.9 MLN.</headline>
<dateline>WARSAW 1997-01-20</dateline>
<text>
<p>Preliminary results December</p>
<p>(in million zlotys unless stated)</p>
<p>DECEMBER</p>
<p> Net profit	    12.44 vs   7.45</p>
<p> Pre-tax profit	19.49 vs  16.08</p>
<p> Operating profit     9.05 vs   0.41</p>
<p> Sales		    5.93 vs  12.19</p>
<p>JANUARY-DECEMBER</p>
<p> Net profit	    31.95 vs  25.85</p>
<p> Pre-tax profit	46.34 vs  42.01</p>
<p> Operating profit    33.73 vs  14.41</p>
<p> Sales		   94.75 vs 152.38</p>
<p>Note. Full name of the Polish food trader and producer is</p>
<p>Agros Holding SA.</p>
<p>-- Warsaw Newsroom +48 22 653 9700</p>
</text>
<copyright>(c) Reuters Limited 1997</copyright>
<metadata>
<codes class="bip:countries:1.0">
  <code code="POL">
    <editdetail attribution="Reuters BIP Coding Group" action="confirmed" date="1997-01-20"/>
  </code>
</codes>
<codes class="bip:industries:1.0">
  <code code="I61000">
    <editdetail attribution="Reuters BIP Coding Group" action="confirmed" date="1997-01-20"/>
  </code>
</codes>
<codes class="bip:topics:1.0">
  <code code="C15">
    <editdetail attribution="Reuters BIP Coding Group" action="confirmed" date="1997-01-20"/>
  </code>
  <code code="C151">
    <editdetail attribution="Reuters BIP Coding Group" action="confirmed" date="1997-01-20"/>
  </code>
  <code code="C1511">
    <editdetail attribution="Reuters BIP Coding Group" action="confirmed" date="1997-01-20"/>
  </code>
  <code code="CCAT">
    <editdetail attribution="Reuters BIP Coding Group" action="confirmed" date="1997-01-20"/>
  </code>
</codes>
<dc element="dc.date.created" value="1997-01-20"/>
<dc element="dc.publisher" value="Reuters Holdings Plc"/>
<dc element="dc.date.published" value="1997-01-20"/>
<dc element="dc.source" value="Reuters"/>
<dc element="dc.creator.location" value="WARSAW"/>
<dc element="dc.creator.location.country.name" value="POLAND"/>
<dc element="dc.source" value="Reuters"/>
</metadata>
</newsitem>
