<?xml version="1.0" encoding="iso-8859-1" ?>
<newsitem itemid="532048" id="root" date="1997-04-23" xml:lang="en">
<title>JAPAN: Kumagai gets $126 mln order for Shanghai building.</title>
<headline>Kumagai gets $126 mln order for Shanghai building.</headline>
<dateline>TOKYO 1997-04-23</dateline>
<text>
<p>Japanese general contractor Kumagai Gumi Co Ltd said on Wednesday it had received an order from a Chinese company to build a 55-storey office tower in Shanghai.</p>
<p>The order is worth $125.7 million, it said.</p>
<p>The Shanghai Pudong International Finance Building Project will be located in the financial district of Pudong, and will be used for offices, Kumagai said in a statement.</p>
<p>Shanghai Pudong International Finance Building Co Ltd, a company  formed by an investment firm related to the Bank of China and other parties, made the order, the general contractor added.</p>
<p>It added that construction will begin in early May and is expected to be completed by September 1999.</p>
</text>
<copyright>(c) Reuters Limited 1997</copyright>
<metadata>
<codes class="bip:countries:1.0">
  <code code="CHINA">
    <editdetail attribution="Reuters BIP Coding Group" action="confirmed" date="1997-04-23"/>
  </code>
  <code code="JAP">
    <editdetail attribution="Reuters BIP Coding Group" action="confirmed" date="1997-04-23"/>
  </code>
</codes>
<codes class="bip:industries:1.0">
  <code code="I50100">
    <editdetail attribution="Reuters BIP Coding Group" action="confirmed" date="1997-04-23"/>
  </code>
  <code code="I5010023">
    <editdetail attribution="Reuters BIP Coding Group" action="confirmed" date="1997-04-23"/>
  </code>
  <code code="I50200">
    <editdetail attribution="Reuters BIP Coding Group" action="confirmed" date="1997-04-23"/>
  </code>
  <code code="I81402">
    <editdetail attribution="Reuters BIP Coding Group" action="confirmed" date="1997-04-23"/>
  </code>
</codes>
<codes class="bip:topics:1.0">
  <code code="C24">
    <editdetail attribution="Reuters BIP Coding Group" action="confirmed" date="1997-04-23"/>
  </code>
  <code code="C33">
    <editdetail attribution="Reuters BIP Coding Group" action="confirmed" date="1997-04-23"/>
  </code>
  <code code="CCAT">
    <editdetail attribution="Reuters BIP Coding Group" action="confirmed" date="1997-04-23"/>
  </code>
</codes>
<dc element="dc.date.created" value="1997-04-23"/>
<dc element="dc.publisher" value="Reuters Holdings Plc"/>
<dc element="dc.date.published" value="1997-04-23"/>
<dc element="dc.source" value="Reuters"/>
<dc element="dc.creator.location" value="TOKYO"/>
<dc element="dc.creator.location.country.name" value="JAPAN"/>
<dc element="dc.source" value="Reuters"/>
</metadata>
</newsitem>
