<?xml version="1.0" encoding="iso-8859-1" ?>
<newsitem itemid="203213" id="root" date="1996-11-20" xml:lang="en">
<title>USA: NYS unemploment rate at 5.7 percent in October.</title>
<headline>NYS unemploment rate at 5.7 percent in October.</headline>
<dateline>NEW YORK 1996-11-20</dateline>
<text>
<p>New York State Labor Department reported the unemployment rate remained at 5.7 percent in October after falling below 6.0 percent in September for the first time in six years.</p>
<p>In addition, the department reported that the number of umemployed persons in New York was below 500,000 for the second month in a row.</p>
<p>The number of non-farm jobs increased by 61,000 from September to October or about 10,000 more than the usual for this time of the year.  </p>
<p>&quot;The job count continued to expand in October and the unemployment rate was at its lowest level since 1990,&quot; said Thomas Rodick, director of Division of Research and Statistics.</p>
<p>By county, Tompkins at 2.9 percent, Yates at 2.9 percent and Columbia at 2.9 percent had the lowest October 1996 unemployment rates in the state. The highest rates occured in the Bronx County at 10.6 percent and Kings County at 9.2 percent.</p>
<p>New York City unemployment rate for Octoober was 8.6 percent, up from 8.0 percent in September, the report said.</p>
<p>--U.S. Municipal Desk, 212-859-1650</p>
</text>
<copyright>(c) Reuters Limited 1996</copyright>
<metadata>
<codes class="bip:countries:1.0">
  <code code="USA">
    <editdetail attribution="Reuters BIP Coding Group" action="confirmed" date="1996-11-20"/>
  </code>
</codes>
<codes class="bip:topics:1.0">
  <code code="E41">
    <editdetail attribution="Reuters BIP Coding Group" action="confirmed" date="1996-11-20"/>
  </code>
  <code code="ECAT">
    <editdetail attribution="Reuters BIP Coding Group" action="confirmed" date="1996-11-20"/>
  </code>
  <code code="GCAT">
    <editdetail attribution="Reuters BIP Coding Group" action="confirmed" date="1996-11-20"/>
  </code>
  <code code="GJOB">
    <editdetail attribution="Reuters BIP Coding Group" action="confirmed" date="1996-11-20"/>
  </code>
</codes>
<dc element="dc.date.created" value="1996-11-20"/>
<dc element="dc.publisher" value="Reuters Holdings Plc"/>
<dc element="dc.date.published" value="1996-11-20"/>
<dc element="dc.source" value="Reuters"/>
<dc element="dc.creator.location" value="NEW YORK"/>
<dc element="dc.creator.location.country.name" value="USA"/>
<dc element="dc.source" value="Reuters"/>
</metadata>
</newsitem>
