<?xml version="1.0" encoding="iso-8859-1" ?>
<newsitem itemid="604953" id="root" date="1997-05-22" xml:lang="en">
<title>RUSSIA: Russia Vimpelcom telecom sale to boost ADR float.</title>
<headline>Russia Vimpelcom telecom sale to boost ADR float.</headline>
<dateline>MOSCOW 1997-05-22</dateline>
<text>
<p>A U.S. investment vehicle will liquidate its holdings this week in Russian telecoms firm Vimpelcom and the shares will be sold in American Depositary Receipt (ADR) form, Renaissance Capital bank said on Thursday.</p>
<p>&quot;The ADR float will increase from 24 percent to 38 percent (of capital) based on this offering,&quot; Renaissance investment banking co-head Alan Apter told Reuters. ADRs allow foreign trading of local shares.</p>
<p>FGI Wireless Ltd will sell 3.458 million shares in Vimpelcom (Vympelkom in Russian), a cellular phone operator, raising ADR-covered capital to about $300 million from $190 million, he said. Vimpelcom's total market capitalisation is $800 million.</p>
<p>Apter said Renaissance and Donaldson Lufkin &amp; Jenrette would place over $100 million of the ADRs, which are being sold to increase liquidity of the stake and pay taxes.</p>
<p>Vimpelcom ADRs, each covering three quarters of one underlying share, closed at $30-3/4 on the New York Stock Exchange on Wednesday after $31-5/8 on Tuesday.</p>
<p>Vimpelcom shares last traded on the Russian Trading System on May 8 for $43.50.</p>
<p>--Peter Henderson, Moscow Newsroom, +7095 941 8520</p>
</text>
<copyright>(c) Reuters Limited 1997</copyright>
<metadata>
<codes class="bip:countries:1.0">
  <code code="RUSS">
    <editdetail attribution="Reuters BIP Coding Group" action="confirmed" date="1997-05-22"/>
  </code>
  <code code="USA">
    <editdetail attribution="Reuters BIP Coding Group" action="confirmed" date="1997-05-22"/>
  </code>
</codes>
<codes class="bip:industries:1.0">
  <code code="I79020">
    <editdetail attribution="Reuters BIP Coding Group" action="confirmed" date="1997-05-22"/>
  </code>
</codes>
<codes class="bip:topics:1.0">
  <code code="C14">
    <editdetail attribution="Reuters BIP Coding Group" action="confirmed" date="1997-05-22"/>
  </code>
  <code code="C17">
    <editdetail attribution="Reuters BIP Coding Group" action="confirmed" date="1997-05-22"/>
  </code>
  <code code="C171">
    <editdetail attribution="Reuters BIP Coding Group" action="confirmed" date="1997-05-22"/>
  </code>
  <code code="CCAT">
    <editdetail attribution="Reuters BIP Coding Group" action="confirmed" date="1997-05-22"/>
  </code>
</codes>
<dc element="dc.date.created" value="1997-05-22"/>
<dc element="dc.publisher" value="Reuters Holdings Plc"/>
<dc element="dc.date.published" value="1997-05-22"/>
<dc element="dc.source" value="Reuters"/>
<dc element="dc.creator.location" value="MOSCOW"/>
<dc element="dc.creator.location.country.name" value="RUSSIA"/>
<dc element="dc.source" value="Reuters"/>
</metadata>
</newsitem>
