<?xml version="1.0" encoding="iso-8859-1" ?>
<newsitem itemid="104480" id="root" date="1996-10-09" xml:lang="en">
<title>USA: Jan Bell Sept same-store sales fall 3 pct.</title>
<headline>Jan Bell Sept same-store sales fall 3 pct.</headline>
<dateline>SUNRISE, Fla. 1996-10-09</dateline>
<text>
<p>Percent change</p>
<p>		    1996	 1995	     Total     Same-Store</p>
<p>Month		$15.2 $15.5		-1.9	 -3.0</p>
<p>Year-to-date    $124.4	  N/A	+5.1	 +3.8</p>
<p>NOTE: Figures in millions except percentage.</p>
<p>    Month is   five weeks ended     October 5.</p>
<p>    Full company name is		  Jan Bell Marketing Inc</p>
</text>
<copyright>(c) Reuters Limited 1996</copyright>
<metadata>
<codes class="bip:countries:1.0">
  <code code="USA">
    <editdetail attribution="Reuters BIP Coding Group" action="confirmed" date="1996-10-09"/>
  </code>
</codes>
<codes class="bip:topics:1.0">
  <code code="C31">
    <editdetail attribution="Reuters BIP Coding Group" action="confirmed" date="1996-10-09"/>
  </code>
  <code code="CCAT">
    <editdetail attribution="Reuters BIP Coding Group" action="confirmed" date="1996-10-09"/>
  </code>
</codes>
<dc element="dc.date.created" value="1996-10-09"/>
<dc element="dc.publisher" value="Reuters Holdings Plc"/>
<dc element="dc.date.published" value="1996-10-09"/>
<dc element="dc.source" value="Reuters"/>
<dc element="dc.creator.location" value="SUNRISE, Fla."/>
<dc element="dc.creator.location.country.name" value="USA"/>
<dc element="dc.source" value="Reuters"/>
</metadata>
</newsitem>
