<?xml version="1.0" encoding="iso-8859-1" ?>
<newsitem itemid="105789" id="root" date="1996-10-09" xml:lang="en">
<title>CANADA: Ontario sets C$500 million 7.6 pct bond due 2027.</title>
<headline>Ontario sets C$500 million 7.6 pct bond due 2027.</headline>
<dateline>TORONTO 1996-10-09</dateline>
<text>
<p>The Province of Ontario on Wednesday set a C$500 million 7.6 percent bond due June 2, 2027 in the Canadian market, said lead manager ScotiaMcLeod Inc.</p>
<p>The issue was priced at C$98.539 to yield 7.724 percent for a spread of 31 basis points above the Government of Canada's 8.0 percent bond due June, 2023.</p>
<p>The issue, which pays interest on December 2 and June 2, will be delivered on October 17, 1996.</p>
<p>-- Reuters Toronto bureau (416) 941-8100</p>
</text>
<copyright>(c) Reuters Limited 1996</copyright>
<metadata>
<codes class="bip:countries:1.0">
  <code code="CANA">
    <editdetail attribution="Reuters BIP Coding Group" action="confirmed" date="1996-10-09"/>
  </code>
</codes>
<codes class="bip:topics:1.0">
  <code code="E21">
    <editdetail attribution="Reuters BIP Coding Group" action="confirmed" date="1996-10-09"/>
  </code>
  <code code="E212">
    <editdetail attribution="Reuters BIP Coding Group" action="confirmed" date="1996-10-09"/>
  </code>
  <code code="ECAT">
    <editdetail attribution="Reuters BIP Coding Group" action="confirmed" date="1996-10-09"/>
  </code>
  <code code="M12">
    <editdetail attribution="Reuters BIP Coding Group" action="confirmed" date="1996-10-09"/>
  </code>
  <code code="MCAT">
    <editdetail attribution="Reuters BIP Coding Group" action="confirmed" date="1996-10-09"/>
  </code>
</codes>
<dc element="dc.date.created" value="1996-10-09"/>
<dc element="dc.publisher" value="Reuters Holdings Plc"/>
<dc element="dc.date.published" value="1996-10-09"/>
<dc element="dc.source" value="Reuters"/>
<dc element="dc.creator.location" value="TORONTO"/>
<dc element="dc.creator.location.country.name" value="CANADA"/>
<dc element="dc.source" value="Reuters"/>
</metadata>
</newsitem>
