<?xml version="1.0" encoding="iso-8859-1" ?>
<newsitem itemid="128228" id="root" date="1996-10-18" xml:lang="en">
<title>JAPAN: Real estate shares up on policy hopes.</title>
<headline>Real estate shares up on policy hopes.</headline>
<dateline>TOKYO 1996-10-18</dateline>
<text>
<p>Real estate sector shares rallied in Friday morning trade, supported by renewed expectations that new policies to activate land transactions will be proposed later this year, traders said.</p>
<p>Shares of Mitsui Fudosan Co Ltd was up 30 yen at 1,520 yen at 0122 GMT. Turnover was 2.931 million shares, making it the third most heavily traded issue.</p>
<p>Mitsubishi Estate Co Ltd was up 20 yen at 1,540 yen, on volume of 1.255 million shares. Sumitomo Realty &amp; Development Co Ltd was unchanged at 870 yen after rising briefly to 875 yen. Turnover was 761,000 shares.  </p>
<p>Market hopes were reignited by a newspaper report on Friday saying that an advisory panel to the prime minister was likely to propose a review on the land taxation system by the end of November.</p>
<p>The stock market has been supported by underlying optimism that the Liberal Democratic Party will win Sunday's general election and create a stable government that will implement reforms of the taxation system smoothly, brokers said.</p>
</text>
<copyright>(c) Reuters Limited 1996</copyright>
<metadata>
<codes class="bip:countries:1.0">
  <code code="JAP">
    <editdetail attribution="Reuters BIP Coding Group" action="confirmed" date="1996-10-18"/>
  </code>
</codes>
<codes class="bip:industries:1.0">
  <code code="I85000">
    <editdetail attribution="Reuters BIP Coding Group" action="confirmed" date="1996-10-18"/>
  </code>
</codes>
<codes class="bip:topics:1.0">
  <code code="C15">
    <editdetail attribution="Reuters BIP Coding Group" action="confirmed" date="1996-10-18"/>
  </code>
  <code code="C152">
    <editdetail attribution="Reuters BIP Coding Group" action="confirmed" date="1996-10-18"/>
  </code>
  <code code="CCAT">
    <editdetail attribution="Reuters BIP Coding Group" action="confirmed" date="1996-10-18"/>
  </code>
</codes>
<dc element="dc.date.created" value="1996-10-18"/>
<dc element="dc.publisher" value="Reuters Holdings Plc"/>
<dc element="dc.date.published" value="1996-10-18"/>
<dc element="dc.source" value="Reuters"/>
<dc element="dc.creator.location" value="TOKYO"/>
<dc element="dc.creator.location.country.name" value="JAPAN"/>
<dc element="dc.source" value="Reuters"/>
</metadata>
</newsitem>
