<?xml version="1.0" encoding="iso-8859-1" ?>
<newsitem itemid="41666" id="root" date="1996-09-09" xml:lang="en">
<title>INDIA: India's Great Eastern plans $50 mln FRN.</title>
<headline>India's Great Eastern plans $50 mln FRN.</headline>
<dateline>BOMBAY 1996-09-09</dateline>
<text>
<p>Indian shipping company Great Eastern Shipping Company Ltd plans to raise $50 million through a floating rate note (FRN) issue, an official of ANZ Grindlays Bank in Bombay said on Monday.  </p>
<p>&quot;We are expecting a wide distribution among investors across Asia and Europe,&quot; Rana Kapoor, General Manager, Corporate Finance and Capital Markets at ANZ Grindlays, told Reuters.</p>
<p>He said the issue, a seven-year bullet, was scheduled to be launched in the last week of September or early October. Terms of the issue would be decided at roadshows later this month.</p>
<p>Kapoor said the funds would be used by Great Eastern to acquire ships. &quot;It is India's premier shipping firm. We are helping them to raise funds on an unsecured basis,&quot; he said.</p>
<p>-- Shyam Kumar, Bombay newsroom +91-22-265 9000</p>
</text>
<copyright>(c) Reuters Limited 1996</copyright>
<metadata>
<codes class="bip:countries:1.0">
  <code code="INDIA">
    <editdetail attribution="Reuters BIP Coding Group" action="confirmed" date="1996-09-09"/>
  </code>
</codes>
<codes class="bip:industries:1.0">
  <code code="I74000">
    <editdetail attribution="Reuters BIP Coding Group" action="confirmed" date="1996-09-09"/>
  </code>
</codes>
<codes class="bip:topics:1.0">
  <code code="C17">
    <editdetail attribution="Reuters BIP Coding Group" action="confirmed" date="1996-09-09"/>
  </code>
  <code code="C172">
    <editdetail attribution="Reuters BIP Coding Group" action="confirmed" date="1996-09-09"/>
  </code>
  <code code="CCAT">
    <editdetail attribution="Reuters BIP Coding Group" action="confirmed" date="1996-09-09"/>
  </code>
</codes>
<dc element="dc.date.created" value="1996-09-09"/>
<dc element="dc.publisher" value="Reuters Holdings Plc"/>
<dc element="dc.date.published" value="1996-09-09"/>
<dc element="dc.source" value="Reuters"/>
<dc element="dc.creator.location" value="BOMBAY"/>
<dc element="dc.creator.location.country.name" value="INDIA"/>
<dc element="dc.source" value="Reuters"/>
</metadata>
</newsitem>
