<?xml version="1.0" encoding="iso-8859-1" ?>
<newsitem itemid="94409" id="root" date="1996-10-03" xml:lang="en">
<title>USA: RESEARCH ALERT - M.A. Hanna cut to hold.</title>
<headline>RESEARCH ALERT - M.A. Hanna cut to hold.</headline>
<text>
<p>-- Salomon Brothers said it downgraded M.A. Hanna Co to hold from buy &quot;based on our concerns over volume softness in some of Hanna's key segments and the leveraged impact that these relatively small changes in volume are likely to have on the company's earnings.&quot;</p>
<p>-- The stock lost one to 21-7/8.</p>
</text>
<copyright>(c) Reuters Limited 1996</copyright>
<metadata>
<codes class="bip:countries:1.0">
  <code code="USA">
    <editdetail attribution="Reuters BIP Coding Group" action="confirmed" date="1996-10-03"/>
  </code>
</codes>
<codes class="bip:industries:1.0">
  <code code="I25140">
    <editdetail attribution="Reuters BIP Coding Group" action="confirmed" date="1996-10-03"/>
  </code>
</codes>
<codes class="bip:topics:1.0">
  <code code="C15">
    <editdetail attribution="Reuters BIP Coding Group" action="confirmed" date="1996-10-03"/>
  </code>
  <code code="C152">
    <editdetail attribution="Reuters BIP Coding Group" action="confirmed" date="1996-10-03"/>
  </code>
  <code code="CCAT">
    <editdetail attribution="Reuters BIP Coding Group" action="confirmed" date="1996-10-03"/>
  </code>
</codes>
<dc element="dc.publisher" value="Reuters Holdings Plc"/>
<dc element="dc.date.published" value="1996-10-03"/>
<dc element="dc.source" value="Reuters"/>
<dc element="dc.creator.location.country.name" value="USA"/>
<dc element="dc.source" value="Reuters"/>
</metadata>
</newsitem>
