<?xml version="1.0" encoding="iso-8859-1" ?>
<newsitem itemid="192213" id="root" date="1996-11-15" xml:lang="en">
<title>CZECH REPUBLIC: Czech CEZ CZK 7.0 bln 9month net - Czech acct.</title>
<headline>Czech CEZ CZK 7.0 bln 9month net - Czech acct.</headline>
<dateline>PRAGUE 1996-11-15</dateline>
<text>
<p>Results for nine-month period ending September 30, 1996: (in billions of crowns)</p>
<p> Net profit	  7.037    vs    6.674</p>
</text>
<copyright>(c) Reuters Limited 1996</copyright>
<metadata>
<codes class="bip:countries:1.0">
  <code code="CZREP">
    <editdetail attribution="Reuters BIP Coding Group" action="confirmed" date="1996-11-15"/>
  </code>
</codes>
<codes class="bip:industries:1.0">
  <code code="I16100">
    <editdetail attribution="Reuters BIP Coding Group" action="confirmed" date="1996-11-15"/>
  </code>
</codes>
<codes class="bip:topics:1.0">
  <code code="C15">
    <editdetail attribution="Reuters BIP Coding Group" action="confirmed" date="1996-11-15"/>
  </code>
  <code code="C151">
    <editdetail attribution="Reuters BIP Coding Group" action="confirmed" date="1996-11-15"/>
  </code>
  <code code="CCAT">
    <editdetail attribution="Reuters BIP Coding Group" action="confirmed" date="1996-11-15"/>
  </code>
</codes>
<dc element="dc.date.created" value="1996-11-15"/>
<dc element="dc.publisher" value="Reuters Holdings Plc"/>
<dc element="dc.date.published" value="1996-11-15"/>
<dc element="dc.source" value="Reuters"/>
<dc element="dc.creator.location" value="PRAGUE"/>
<dc element="dc.creator.location.country.name" value="CZECH REPUBLIC"/>
<dc element="dc.source" value="Reuters"/>
</metadata>
</newsitem>
