<?xml version="1.0" encoding="iso-8859-1" ?>
<newsitem itemid="569987" id="root" date="1997-05-08" xml:lang="en">
<title>CANADA: TrizecHahn Corp Q1 shr net turns to profit.</title>
<headline>TrizecHahn Corp Q1 shr net turns to profit.</headline>
<dateline>TORONTO 1997-05-08</dateline>
<text>
<p>1997			    1996</p>
<p> Shr	 profit     US$0.07     loss     US$0.12</p>
<p> Net	 profit	 9,300     loss	12,100</p>
<p> Revs			   N/A			N/A</p>
<p>(All data above 000s except per share numbers)</p>
<p>((Reuters Toronto Bureau (416) 941-8100))</p>
</text>
<copyright>(c) Reuters Limited 1997</copyright>
<metadata>
<codes class="bip:countries:1.0">
  <code code="CANA">
    <editdetail attribution="Reuters BIP Coding Group" action="confirmed" date="1997-05-08"/>
  </code>
</codes>
<codes class="bip:industries:1.0">
  <code code="I85000">
    <editdetail attribution="Reuters BIP Coding Group" action="confirmed" date="1997-05-08"/>
  </code>
</codes>
<codes class="bip:topics:1.0">
  <code code="C15">
    <editdetail attribution="Reuters BIP Coding Group" action="confirmed" date="1997-05-08"/>
  </code>
  <code code="C151">
    <editdetail attribution="Reuters BIP Coding Group" action="confirmed" date="1997-05-08"/>
  </code>
  <code code="CCAT">
    <editdetail attribution="Reuters BIP Coding Group" action="confirmed" date="1997-05-08"/>
  </code>
</codes>
<dc element="dc.date.created" value="1997-05-08"/>
<dc element="dc.publisher" value="Reuters Holdings Plc"/>
<dc element="dc.date.published" value="1997-05-08"/>
<dc element="dc.source" value="Reuters"/>
<dc element="dc.creator.location" value="TORONTO"/>
<dc element="dc.creator.location.country.name" value="CANADA"/>
<dc element="dc.source" value="Reuters"/>
</metadata>
</newsitem>
