<?xml version="1.0" encoding="iso-8859-1" ?>
<newsitem itemid="737182" id="root" date="1997-07-17" xml:lang="en">
<title>USA: U.S. stocks drift down in early trade.</title>
<headline>U.S. stocks drift down in early trade.</headline>
<dateline>NEW YORK 1997-07-17</dateline>
<text>
<p>Wall Street shares edged down in early trade on Thursday, as profit-taking shaved some gains off yesterday's powerful session, which saw the Dow industrials crack the 8,000-point mark for the first time.</p>
<p>The Dow Jones Industrial average paused for breath, dipping around five points to 8034.</p>
<p>The Nasdaq composite, which registered its largest single-point gain on Wednesday, shed five points to 1575.</p>
<p>The long bond rose 5/32 to yield 6.47 percent following a drop in weekly jobless claims and a 4.8 percent gain in housing starts for June.</p>
<p>((Wall Street desk 212-859-1730))</p>
</text>
<copyright>(c) Reuters Limited 1997</copyright>
<metadata>
<codes class="bip:countries:1.0">
  <code code="USA">
    <editdetail attribution="Reuters BIP Coding Group" action="confirmed" date="1997-07-17"/>
  </code>
</codes>
<codes class="bip:topics:1.0">
  <code code="M11">
    <editdetail attribution="Reuters BIP Coding Group" action="confirmed" date="1997-07-17"/>
  </code>
  <code code="MCAT">
    <editdetail attribution="Reuters BIP Coding Group" action="confirmed" date="1997-07-17"/>
  </code>
</codes>
<dc element="dc.date.created" value="1997-07-17"/>
<dc element="dc.publisher" value="Reuters Holdings Plc"/>
<dc element="dc.date.published" value="1997-07-17"/>
<dc element="dc.source" value="Reuters"/>
<dc element="dc.creator.location" value="NEW YORK"/>
<dc element="dc.creator.location.country.name" value="USA"/>
<dc element="dc.source" value="Reuters"/>
</metadata>
</newsitem>
