<?xml version="1.0" encoding="iso-8859-1" ?>
<newsitem itemid="686132" id="root" date="1997-06-25" xml:lang="en">
<title>USA: Prudential Securities Scale on Maui Co, Hawaii.</title>
<headline>Prudential Securities Scale on Maui Co, Hawaii.</headline>
<text>
<p>AMT: 17,750,000     DATE: 06/25/97	NYC Time: 1200	CUSIP: 577285</p>
<p>ISSUER: Maui County						     ST: HI</p>
<p>ISSUE: General Obligation, 1997 series A			  TAX STAT:Exempt-ULT</p>
<p>M/SP/F: A1/A+/NA							  BOOK ENTRY: Y</p>
<p>ENHANCEMENTS: FGIC Aaa/AAA/NA					 BANK QUAL: N</p>
<p>DTD: 06/15/97							     SURE BID: Y</p>
<p>DUE: 9/1/98-17						SR MGR: Prudential Securities</p>
<p>1ST CPN: 03/01/98					   DOLLAR BID: 100.00</p>
<p>CALL: 9/1/07 @ 101, dtp 9/1/08			  TIC 5.18</p>
<p>DELIVERY: 7/10/97 approx				  ORDERS: 2 HRS</p>
<p>PAYING AGENT: Director of Finance's Office, Wailuku</p>
<p>L.O.: Orrick, Herrington &amp; Sutcliffe, San Francisco</p>
<p>F.A.: John Nuveen &amp; Co., Chicago</p>
<p>LAST SALE: $14,500,000 MBIA 6/12/96 @ 5.7402% TIC; 12yrs 2mos avg; BBI- 5.94% Year		     Amount    Coupon     Yield     Price  Conc.</p>
<p>1998		    415,000     3.800     8.500		  .00</p>
<p>1999		    565,000     4.150     8.500		  .00</p>
<p>2000		    590,000     4.250     8.500		  .00</p>
<p>2001		    620,000     4.350     8.500		  .00</p>
<p>2002		    650,000     4.400     5.375		  .00</p>
<p>2003		    680,000     4.500     4.500		  .00</p>
<p>2004		    710,000     4.600     4.600		  .00</p>
<p>2005		    745,000     4.650     4.650		  .00</p>
<p>2006		    785,000     4.700     4.700		  .00</p>
<p>2007		    825,000     4.750     4.750		  .00</p>
<p>2008		    870,000     4.850     4.800		  .00</p>
<p>2009		    915,000     4.950     4.900		  .00</p>
<p>2010		    960,000     5.050     5.000		  .00</p>
<p>2011		  1,015,000     5.150     5.100		  .00</p>
<p>2012		  1,070,000     5.250     5.200		  .00</p>
<p>2013		  1,130,000     5.300     5.250		  .00</p>
<p>2014		  1,195,000     5.350     5.300		  .00</p>
<p>2015		  1,265,000     5.375     5.250		  .00</p>
<p>2016		  1,335,000     5.400     5.250		  .00</p>
<p>2017		  1,410,000     5.450     5.000		  .00</p>
</text>
<copyright>(c) Reuters Limited 1997</copyright>
<metadata>
<codes class="bip:countries:1.0">
  <code code="USA">
    <editdetail attribution="Reuters BIP Coding Group" action="confirmed" date="1997-06-25"/>
  </code>
</codes>
<codes class="bip:topics:1.0">
  <code code="E21">
    <editdetail attribution="Reuters BIP Coding Group" action="confirmed" date="1997-06-25"/>
  </code>
  <code code="E212">
    <editdetail attribution="Reuters BIP Coding Group" action="confirmed" date="1997-06-25"/>
  </code>
  <code code="ECAT">
    <editdetail attribution="Reuters BIP Coding Group" action="confirmed" date="1997-06-25"/>
  </code>
</codes>
<dc element="dc.publisher" value="Reuters Holdings Plc"/>
<dc element="dc.date.published" value="1997-06-25"/>
<dc element="dc.source" value="Reuters"/>
<dc element="dc.creator.location.country.name" value="USA"/>
<dc element="dc.source" value="Reuters"/>
</metadata>
</newsitem>
