<?xml version="1.0" encoding="iso-8859-1" ?>
<newsitem itemid="335541" id="root" date="1997-01-27" xml:lang="en">
<title>UK: GDR REPORT-Indian GDRs lag Bombay rally.</title>
<headline>GDR REPORT-Indian GDRs lag Bombay rally.</headline>
<dateline>LONDON 1997-01-27</dateline>
<text>
<p>Indian global depositary receipts posted gains in light London trade but lacked follow-through support after Bombay stocks rallied earlier, traders said.</p>
<p>&quot;The market was very quiet and never really reflected local market strength,&quot; a trader said.</p>
<p>The HSBC James Capel Indian GDR index  JCEAI closed up 0.62 points at 69.56, with the premium over the local market at 11.73 percent, well down on Friday's 14.94 percent.</p>
<p>The Bombay Stock Exchange 30-share index closed 3.7 percent higher at 3,562.74 after stocks rallied on rising hopes of the government unveiling a policy package to stimulate markets and encourage investment.</p>
<p>Indian Prime Minister H.D. Deve Gowda said earlier that new economic policy measures would be announced this week.</p>
<p>A trader said the Indian GDRs had some room to climb if current strength in the local market continued.</p>
<p>&quot;But most do not trust the run,&quot; he said.</p>
<p>State Bank of India and Reliance attracted early interest in otherwise light volumes. SBI GDRs added 31 cents to $19.63/$20.13 and Reliance rose 42 cents to $14.00/$15.00.</p>
<p>The Capel Korea GDR Index ended 1.76 points down at 64.73, a premium of 53.05 percent over the local market after the Korea Composite index shed 2.98 percent to a provisional 664.70.</p>
<p>The Capel Taiwan GDR Index ended 1.77 points lower at 98.83, a premium of 5.72 percent after the Taiwan Weighted Index lost 55.32 points or 0.77 percent to finish at 7,156.96.</p>
<p>-- Andrew Gill, London newsroom 44 171 542 5887</p>
</text>
<copyright>(c) Reuters Limited 1997</copyright>
<metadata>
<codes class="bip:countries:1.0">
  <code code="INDIA">
    <editdetail attribution="Reuters BIP Coding Group" action="confirmed" date="1997-01-27"/>
  </code>
  <code code="UK">
    <editdetail attribution="Reuters BIP Coding Group" action="confirmed" date="1997-01-27"/>
  </code>
</codes>
<codes class="bip:topics:1.0">
  <code code="M11">
    <editdetail attribution="Reuters BIP Coding Group" action="confirmed" date="1997-01-27"/>
  </code>
  <code code="MCAT">
    <editdetail attribution="Reuters BIP Coding Group" action="confirmed" date="1997-01-27"/>
  </code>
</codes>
<dc element="dc.date.created" value="1997-01-27"/>
<dc element="dc.publisher" value="Reuters Holdings Plc"/>
<dc element="dc.date.published" value="1997-01-27"/>
<dc element="dc.source" value="Reuters"/>
<dc element="dc.creator.location" value="LONDON"/>
<dc element="dc.creator.location.country.name" value="UK"/>
<dc element="dc.source" value="Reuters"/>
</metadata>
</newsitem>
