<?xml version="1.0" encoding="iso-8859-1" ?>
<newsitem itemid="283245" id="root" date="1997-01-02" xml:lang="en">
<title>USA: Restrac sees Q1 net loss $0.02-$0.03/shr.</title>
<headline>Restrac sees Q1 net loss $0.02-$0.03/shr.</headline>
<dateline>DEDHAM, Mass. 1997-01-02</dateline>
<text>
<p>Restrac Inc said Thursday it expected to post a net loss for the first quarter of between $0.02 and $0.03 per share on projected revenues of about $4.7 million.</p>
<p>The first quarter ended December 31.  </p>
<p>The company, which designs, develops and markets human resource staffing software, said it expected the quarter's net loss would be in the range of $200,000 to $300,000.</p>
<p>Restrac President and Chief Executive Lars Perkins said it appears as though the company's &quot;sales cycles are lengthening.&quot;  </p>
<p>&quot;At the present time, we believe that this is caused by a number of factors including, sales productivity, the number of new choices available to automate the staffing process and uncertainty created by the continuous re-engineering of the (human resources) function,&quot; he added.</p>
<p>Figures for the comparable period in the prior year were not immediately available.</p>
</text>
<copyright>(c) Reuters Limited 1997</copyright>
<metadata>
<codes class="bip:countries:1.0">
  <code code="USA">
    <editdetail attribution="Reuters BIP Coding Group" action="confirmed" date="1997-01-02"/>
  </code>
</codes>
<codes class="bip:industries:1.0">
  <code code="I33020">
    <editdetail attribution="Reuters BIP Coding Group" action="confirmed" date="1997-01-02"/>
  </code>
</codes>
<codes class="bip:topics:1.0">
  <code code="C15">
    <editdetail attribution="Reuters BIP Coding Group" action="confirmed" date="1997-01-02"/>
  </code>
  <code code="C152">
    <editdetail attribution="Reuters BIP Coding Group" action="confirmed" date="1997-01-02"/>
  </code>
  <code code="CCAT">
    <editdetail attribution="Reuters BIP Coding Group" action="confirmed" date="1997-01-02"/>
  </code>
</codes>
<dc element="dc.date.created" value="1997-01-02"/>
<dc element="dc.publisher" value="Reuters Holdings Plc"/>
<dc element="dc.date.published" value="1997-01-02"/>
<dc element="dc.source" value="Reuters"/>
<dc element="dc.creator.location" value="DEDHAM, Mass."/>
<dc element="dc.creator.location.country.name" value="USA"/>
<dc element="dc.source" value="Reuters"/>
</metadata>
</newsitem>
