<?xml version="1.0" encoding="iso-8859-1" ?>
<newsitem itemid="330639" id="root" date="1997-01-24" xml:lang="en">
<title>USA: TIG Capital Trust I may issue capital securities.</title>
<headline>TIG Capital Trust I may issue capital securities.</headline>
<dateline>NEW YORK 1997-01-24</dateline>
<text>
<p>TIG Capital Trust I is expected to tap the market with an offering of $125 million in capital securities early next week, syndicate sources said on Friday.</p>
<p>The deal, which is expected to consist of a 30-year maturity, will be underwritten by Smith Barney Inc, sources added.</p>
<p>No further details were available on the offering.</p>
<p>(( --Nancy Leinfuss, 212-859-1675))</p>
</text>
<copyright>(c) Reuters Limited 1997</copyright>
<metadata>
<codes class="bip:countries:1.0">
  <code code="USA">
    <editdetail attribution="Reuters BIP Coding Group" action="confirmed" date="1997-01-24"/>
  </code>
</codes>
<codes class="bip:industries:1.0">
  <code code="I81502">
    <editdetail attribution="Reuters BIP Coding Group" action="confirmed" date="1997-01-24"/>
  </code>
</codes>
<codes class="bip:topics:1.0">
  <code code="C17">
    <editdetail attribution="Reuters BIP Coding Group" action="confirmed" date="1997-01-24"/>
  </code>
  <code code="CCAT">
    <editdetail attribution="Reuters BIP Coding Group" action="confirmed" date="1997-01-24"/>
  </code>
</codes>
<dc element="dc.date.created" value="1997-01-24"/>
<dc element="dc.publisher" value="Reuters Holdings Plc"/>
<dc element="dc.date.published" value="1997-01-24"/>
<dc element="dc.source" value="Reuters"/>
<dc element="dc.creator.location" value="NEW YORK"/>
<dc element="dc.creator.location.country.name" value="USA"/>
<dc element="dc.source" value="Reuters"/>
</metadata>
</newsitem>
