<?xml version="1.0" encoding="iso-8859-1" ?>
<newsitem itemid="514790" id="root" date="1997-04-16" xml:lang="en">
<title>SPAIN: Spain's Bankinter Q1 net profit up 8.13 pct.</title>
<headline>Spain's Bankinter Q1 net profit up 8.13 pct.</headline>
<dateline>MADRID 1997-04-16</dateline>
<text>
<p>Banco Intercontinental Espanol SA group, three months to March 31:</p>
<p>(billion pesetas, unless stated)</p>
<p>					Jan-Mar 97   Jan-Mar 96</p>
<p> Net profit				5.12     vs   4.73</p>
<p> Pretax profit			   7.56     vs   6.96</p>
<p> Net interest income		   9.12     vs   8.74</p>
<p> Ordinary profit			16.79     vs  15.17</p>
<p> Operating profit			9.18     vs   8.06</p>
</text>
<copyright>(c) Reuters Limited 1997</copyright>
<metadata>
<codes class="bip:countries:1.0">
  <code code="SPAIN">
    <editdetail attribution="Reuters BIP Coding Group" action="confirmed" date="1997-04-16"/>
  </code>
</codes>
<codes class="bip:industries:1.0">
  <code code="I81402">
    <editdetail attribution="Reuters BIP Coding Group" action="confirmed" date="1997-04-16"/>
  </code>
</codes>
<codes class="bip:topics:1.0">
  <code code="C15">
    <editdetail attribution="Reuters BIP Coding Group" action="confirmed" date="1997-04-16"/>
  </code>
  <code code="C151">
    <editdetail attribution="Reuters BIP Coding Group" action="confirmed" date="1997-04-16"/>
  </code>
  <code code="CCAT">
    <editdetail attribution="Reuters BIP Coding Group" action="confirmed" date="1997-04-16"/>
  </code>
</codes>
<dc element="dc.date.created" value="1997-04-16"/>
<dc element="dc.publisher" value="Reuters Holdings Plc"/>
<dc element="dc.date.published" value="1997-04-16"/>
<dc element="dc.source" value="Reuters"/>
<dc element="dc.creator.location" value="MADRID"/>
<dc element="dc.creator.location.country.name" value="SPAIN"/>
<dc element="dc.source" value="Reuters"/>
</metadata>
</newsitem>
