<?xml version="1.0" encoding="iso-8859-1" ?>
<newsitem itemid="135582" id="root" date="1996-10-22" xml:lang="en">
<title>SWITZERLAND: ABB Q3 profit rises 28.4 pct.</title>
<headline>ABB Q3 profit rises 28.4 pct.</headline>
<dateline>ZURICH 1996-10-22</dateline>
<text>
<p>Third quarter 1996 compared with third quarter 1995:</p>
<p>				    (million dollars unless stated)</p>
<p> Group net profit	  253		  vs   197</p>
<p> Operating earnings</p>
<p> after depreciation	666		  vs   635</p>
<p> Pre-tax profit	    425		  vs   350</p>
<p> Revenue		   8,090		  vs 7,992</p>
<p> NOTE - Full name is ABB Asea Brown Boveri AG.</p>
<p>-- Peter Nielsen, Zurich Editorial +41 1 631 7340</p>
</text>
<copyright>(c) Reuters Limited 1996</copyright>
<metadata>
<codes class="bip:countries:1.0">
  <code code="GFR">
    <editdetail attribution="Reuters BIP Coding Group" action="confirmed" date="1996-10-22"/>
  </code>
  <code code="SWITZ">
    <editdetail attribution="Reuters BIP Coding Group" action="confirmed" date="1996-10-22"/>
  </code>
</codes>
<codes class="bip:industries:1.0">
  <code code="I34000">
    <editdetail attribution="Reuters BIP Coding Group" action="confirmed" date="1996-10-22"/>
  </code>
  <code code="I34200">
    <editdetail attribution="Reuters BIP Coding Group" action="confirmed" date="1996-10-22"/>
  </code>
</codes>
<codes class="bip:topics:1.0">
  <code code="C15">
    <editdetail attribution="Reuters BIP Coding Group" action="confirmed" date="1996-10-22"/>
  </code>
  <code code="C151">
    <editdetail attribution="Reuters BIP Coding Group" action="confirmed" date="1996-10-22"/>
  </code>
  <code code="CCAT">
    <editdetail attribution="Reuters BIP Coding Group" action="confirmed" date="1996-10-22"/>
  </code>
</codes>
<dc element="dc.date.created" value="1996-10-22"/>
<dc element="dc.publisher" value="Reuters Holdings Plc"/>
<dc element="dc.date.published" value="1996-10-22"/>
<dc element="dc.source" value="Reuters"/>
<dc element="dc.creator.location" value="ZURICH"/>
<dc element="dc.creator.location.country.name" value="SWITZERLAND"/>
<dc element="dc.source" value="Reuters"/>
</metadata>
</newsitem>
