<?xml version="1.0" encoding="iso-8859-1" ?>
<newsitem itemid="681364" id="root" date="1997-06-23" xml:lang="en">
<title>GERMANY: Bonn to issue about 41 bln dmk in new debt in Q3.</title>
<headline>Bonn to issue about 41 bln dmk in new debt in Q3.</headline>
<dateline>FRANKFURT 1997-06-23</dateline>
<text>
<p>The German government plans to issue the following debt in the third quarter of 1997, the Bundesbank as issuing agent said on Monday.</p>
<p>    PAPER	     MATURITY     VOLUME (DMK)     TIME OF ISSUE</p>
<p> Treasury Bond	 30 years    about 10 bln	July 1, 2</p>
<p> Bubills		 6 months    about 11 bln	July 16</p>
<p> Treasury bond	 5 years     about 10 bln     3rd 10-day</p>
<p>  Bobls							period in Aug</p>
<p> Treasury notes	2 years     about 10 bln     2nd 10-day</p>
<p>								 period in Sep</p>
<p>NOTE - The planned 30-year isse will be strippable as of July 4. The exact date of each issue will be announced one week beforehand, the Bundesbank said. The issue calendar for the fourth quarter of 1997 will be announced in the third 10-day period of September.</p>
<p>-- Frankfurt Newsroom, +49 69 756525</p>
</text>
<copyright>(c) Reuters Limited 1997</copyright>
<metadata>
<codes class="bip:countries:1.0">
  <code code="GFR">
    <editdetail attribution="Reuters BIP Coding Group" action="confirmed" date="1997-06-23"/>
  </code>
</codes>
<codes class="bip:topics:1.0">
  <code code="E21">
    <editdetail attribution="Reuters BIP Coding Group" action="confirmed" date="1997-06-23"/>
  </code>
  <code code="E212">
    <editdetail attribution="Reuters BIP Coding Group" action="confirmed" date="1997-06-23"/>
  </code>
  <code code="ECAT">
    <editdetail attribution="Reuters BIP Coding Group" action="confirmed" date="1997-06-23"/>
  </code>
</codes>
<dc element="dc.date.created" value="1997-06-23"/>
<dc element="dc.publisher" value="Reuters Holdings Plc"/>
<dc element="dc.date.published" value="1997-06-23"/>
<dc element="dc.source" value="Reuters"/>
<dc element="dc.creator.location" value="FRANKFURT"/>
<dc element="dc.creator.location.country.name" value="GERMANY"/>
<dc element="dc.source" value="Reuters"/>
</metadata>
</newsitem>
