<?xml version="1.0" encoding="iso-8859-1" ?>
<newsitem itemid="742568" id="root" date="1997-07-21" xml:lang="en">
<title>CZECH REPUBLIC: CZECH CENTRAL BANK 2-WEEK REV REPO YIELD 16.0 PCT.</title>
<headline>CZECH CENTRAL BANK 2-WEEK REV REPO YIELD 16.0 PCT.</headline>
<dateline>PRAGUE 1997-07-21</dateline>
<text>
<p>The average yield in a Czech National Bank (CNB) two-week reverse repo tender draining liquidity reached the limit yield of 16.0 percent, the CNB said on Monday.</p>
<p>The CNB said it accepted all bids at that level. The yield was the same as in a similar tender on July 16. The two-week Prague interbank offered rate ranged around 17.20 percent in morning trading on Wednesday.</p>
<p>Earlier on Monday, the central bank drained one-week funds, also at 16.0 percent.</p>
<p>-- Prague Newsroom, 420-2-2423-0003</p>
</text>
<copyright>(c) Reuters Limited 1997</copyright>
<metadata>
<codes class="bip:countries:1.0">
  <code code="CZREP">
    <editdetail attribution="Reuters BIP Coding Group" action="confirmed" date="1997-07-21"/>
  </code>
</codes>
<codes class="bip:topics:1.0">
  <code code="M13">
    <editdetail attribution="Reuters BIP Coding Group" action="confirmed" date="1997-07-21"/>
  </code>
  <code code="M131">
    <editdetail attribution="Reuters BIP Coding Group" action="confirmed" date="1997-07-21"/>
  </code>
  <code code="MCAT">
    <editdetail attribution="Reuters BIP Coding Group" action="confirmed" date="1997-07-21"/>
  </code>
</codes>
<dc element="dc.date.created" value="1997-07-21"/>
<dc element="dc.publisher" value="Reuters Holdings Plc"/>
<dc element="dc.date.published" value="1997-07-21"/>
<dc element="dc.source" value="Reuters"/>
<dc element="dc.creator.location" value="PRAGUE"/>
<dc element="dc.creator.location.country.name" value="CZECH REPUBLIC"/>
<dc element="dc.source" value="Reuters"/>
</metadata>
</newsitem>
