<?xml version="1.0" encoding="iso-8859-1" ?>
<newsitem itemid="100150" id="root" date="1996-10-07" xml:lang="en">
<title>USA: PRESS DIGEST - New York Times business - Oct 7.</title>
<headline>PRESS DIGEST - New York Times business - Oct 7.</headline>
<dateline>NEW YORK 1996-10-07</dateline>
<text>
<p>The New York Times reported the following business stories on Monday:</p>
<p>* Microsoft Corp is trying to stop or change planned technical standards for digital television broadcasting by lobbying the U.S. Federal Communications Commission to accommodate the computer software company and its industry allies.</p>
<p>* The Canadian Automobile Workers union is demanding that General Motors Corp agree to a new labor contract that would prevent management from selling factories and transfering jobs abroad.</p>
<p>* The United States has filed a complaint against Canada before the World Trade Organisation, saying the neighboring country's 80-percent excise tax on Canadian editions of U.S. magazines restricts competition.</p>
<p>* Olivetti SpA joins a series of European computer makers that have abandoned the industry in the face of U.S. competition by selling their personal computer divisions.</p>
<p>* New computer software company  Marimba Inc is to introduce software that will quicken the distribution of information over the Internet on Monday.</p>
<p>-- New York Newsdesk 212 859-1610</p>
</text>
<copyright>(c) Reuters Limited 1996</copyright>
<metadata>
<codes class="bip:countries:1.0">
  <code code="USA">
    <editdetail attribution="Reuters BIP Coding Group" action="confirmed" date="1996-10-07"/>
  </code>
</codes>
<codes class="bip:topics:1.0">
  <code code="GCAT">
    <editdetail attribution="Reuters BIP Coding Group" action="confirmed" date="1996-10-07"/>
  </code>
</codes>
<dc element="dc.date.created" value="1996-10-07"/>
<dc element="dc.publisher" value="Reuters Holdings Plc"/>
<dc element="dc.date.published" value="1996-10-07"/>
<dc element="dc.source" value="Reuters"/>
<dc element="dc.creator.location" value="NEW YORK"/>
<dc element="dc.creator.location.country.name" value="USA"/>
<dc element="dc.source" value="Reuters"/>
</metadata>
</newsitem>
