<?xml version="1.0" encoding="iso-8859-1" ?>
<newsitem itemid="338225" id="root" date="1997-01-28" xml:lang="en">
<title>PAKISTAN: Pakistan stocks end down after wide fluctuations.</title>
<headline>Pakistan stocks end down after wide fluctuations.</headline>
<dateline>KARACHI, Pakistan 1997-01-28</dateline>
<text>
<p>Pakistani stocks ended slightly down on Tuesday as profit-taking wiped off early gains.</p>
<p>Dealers said investors were uncertain about how the Supreme Court will rule on ousted prime minister Benazir Bhutto's plea for reinstatement. The decision is expected on Wednesday.</p>
<p>According to final figures, the Karachi 100-share index ended 1.32 points, or 0.09 percent, down at 1,500.84, after rising to 1,522.61 earlier. Gainers led losers 173 to 47 in a turnover of 35 million shares, up from Monday's 24.8 million.</p>
</text>
<copyright>(c) Reuters Limited 1997</copyright>
<metadata>
<codes class="bip:countries:1.0">
  <code code="PAKIS">
    <editdetail attribution="Reuters BIP Coding Group" action="confirmed" date="1997-01-28"/>
  </code>
</codes>
<codes class="bip:topics:1.0">
  <code code="M11">
    <editdetail attribution="Reuters BIP Coding Group" action="confirmed" date="1997-01-28"/>
  </code>
  <code code="MCAT">
    <editdetail attribution="Reuters BIP Coding Group" action="confirmed" date="1997-01-28"/>
  </code>
</codes>
<dc element="dc.date.created" value="1997-01-28"/>
<dc element="dc.publisher" value="Reuters Holdings Plc"/>
<dc element="dc.date.published" value="1997-01-28"/>
<dc element="dc.source" value="Reuters"/>
<dc element="dc.creator.location" value="KARACHI, Pakistan"/>
<dc element="dc.creator.location.country.name" value="PAKISTAN"/>
<dc element="dc.source" value="Reuters"/>
</metadata>
</newsitem>
