<?xml version="1.0" encoding="iso-8859-1" ?>
<newsitem itemid="481506" id="root" date="1997-04-02" xml:lang="en">
<title>PHILIPPINES: PH-ADR Philippine stocks traded abroad.</title>
<headline>PH-ADR Philippine stocks traded abroad.</headline>
<dateline>MANILA 1996-04-03</dateline>
<text>
<p>Closing prices of Philippine stocks traded on Wall Street on Wednesday:</p>
<p> Company   Close	 Net Change  High     Low	 Volume</p>
<p> PLDT	US$59 5/8   -0 1/2	60 1/8   59 1/2     26200</p>
<p> Benguet   US$0 12/32  No change   0 12/32  0 12/32    12300</p>
<p> 1st Phil  US$15 7/8   No change   15 7/8   15 3/4     39500</p>
</text>
<copyright>(c) Reuters Limited 1997</copyright>
<metadata>
<codes class="bip:countries:1.0">
  <code code="PHLNS">
    <editdetail attribution="Reuters BIP Coding Group" action="confirmed" date="1997-04-02"/>
  </code>
  <code code="USA">
    <editdetail attribution="Reuters BIP Coding Group" action="confirmed" date="1997-04-02"/>
  </code>
</codes>
<codes class="bip:topics:1.0">
  <code code="M11">
    <editdetail attribution="Reuters BIP Coding Group" action="confirmed" date="1997-04-02"/>
  </code>
  <code code="MCAT">
    <editdetail attribution="Reuters BIP Coding Group" action="confirmed" date="1997-04-02"/>
  </code>
</codes>
<dc element="dc.date.created" value="1996-04-03"/>
<dc element="dc.publisher" value="Reuters Holdings Plc"/>
<dc element="dc.date.published" value="1997-04-02"/>
<dc element="dc.source" value="Reuters"/>
<dc element="dc.creator.location" value="MANILA"/>
<dc element="dc.creator.location.country.name" value="PHILIPPINES"/>
<dc element="dc.source" value="Reuters"/>
</metadata>
</newsitem>
