<?xml version="1.0" encoding="iso-8859-1" ?>
<newsitem itemid="551356" id="root" date="1997-04-30" xml:lang="en">
<title>USA: Connecticut Energy Q2 shr $1.67 vs $1.64.</title>
<headline>Connecticut Energy Q2 shr $1.67 vs $1.64.</headline>
<dateline>BRIDGEPORT, CT 1997-04-30</dateline>
<text>
<p>CONNECTICUT ENERGY CORP</p>
<p>Principal Items</p>
<p>(Dollars in thousands, except per share)</p>
<p>				 Three Months	     Six Months</p>
<p>				    Ended		     Ended</p>
<p>			   Mar. 31     Mar. 31    Mar. 31   Mar. 31</p>
<p>				 1997	 1996	 1997	1996</p>
<p> Operating Revenues $ 106,866  $ 120,189  $ 181,739 $ 189,964</p>
<p> Gross Margin	    51,130     53,423     85,694    85,705</p>
<p> Net Income		15,211     14,635     20,620    19,664</p>
<p> Net Income per share    1.67	 1.64	 2.28	2.21</p>
<p>Weighted Average</p>
<p>Common Shares</p>
<p>   Outstanding	    9,085	8,904	9,050     8,887</p>
<p>-- New York Newsdesk 212 859-1610</p>
</text>
<copyright>(c) Reuters Limited 1997</copyright>
<metadata>
<codes class="bip:countries:1.0">
  <code code="USA">
    <editdetail attribution="Reuters BIP Coding Group" action="confirmed" date="1997-04-30"/>
  </code>
</codes>
<codes class="bip:industries:1.0">
  <code code="I16200">
    <editdetail attribution="Reuters BIP Coding Group" action="confirmed" date="1997-04-30"/>
  </code>
</codes>
<codes class="bip:topics:1.0">
  <code code="C15">
    <editdetail attribution="Reuters BIP Coding Group" action="confirmed" date="1997-04-30"/>
  </code>
  <code code="C151">
    <editdetail attribution="Reuters BIP Coding Group" action="confirmed" date="1997-04-30"/>
  </code>
  <code code="CCAT">
    <editdetail attribution="Reuters BIP Coding Group" action="confirmed" date="1997-04-30"/>
  </code>
</codes>
<dc element="dc.date.created" value="1997-04-30"/>
<dc element="dc.publisher" value="Reuters Holdings Plc"/>
<dc element="dc.date.published" value="1997-04-30"/>
<dc element="dc.source" value="Reuters"/>
<dc element="dc.creator.location" value="BRIDGEPORT, CT"/>
<dc element="dc.creator.location.country.name" value="USA"/>
<dc element="dc.source" value="Reuters"/>
</metadata>
</newsitem>
