<?xml version="1.0" encoding="iso-8859-1" ?>
<newsitem itemid="703476" id="root" date="1997-07-02" xml:lang="en">
<title>UK: Burford to buy Trocadero properties.</title>
<headline>Burford to buy Trocadero properties.</headline>
<dateline>LONDON 1997-07-02</dateline>
<text>
<p>British property investment group Burford Holdings Plc said on Wednesday it was buying the freehold interests in the Trocadero properties for up to 210 million stg.  </p>
<p>Burford said 160 million stg was payable upon completion to Trocadero Plc and the remainder of the purchase price was deferred over an expected 24 months.</p>
<p>&quot;The proposed acquisition of the Trocadero and London Pavilion properties represents a rare opportunity to acquire an attractive retail and leisure investment of substantial lot size in London's West End market,&quot; said Nigel Wray, chairman of Burford.</p>
<p>Trocadero Plc said in a separate statement that it will have a cash surplus of up to 73 million stg on the sale, which it will use to develop its leisure and media activities.</p>
<p>--London Newsroom +44 171 542 4019</p>
</text>
<copyright>(c) Reuters Limited 1997</copyright>
<metadata>
<codes class="bip:countries:1.0">
  <code code="UK">
    <editdetail attribution="Reuters BIP Coding Group" action="confirmed" date="1997-07-02"/>
  </code>
</codes>
<codes class="bip:industries:1.0">
  <code code="I85000">
    <editdetail attribution="Reuters BIP Coding Group" action="confirmed" date="1997-07-02"/>
  </code>
  <code code="I97412">
    <editdetail attribution="Reuters BIP Coding Group" action="confirmed" date="1997-07-02"/>
  </code>
</codes>
<codes class="bip:topics:1.0">
  <code code="C18">
    <editdetail attribution="Reuters BIP Coding Group" action="confirmed" date="1997-07-02"/>
  </code>
  <code code="C182">
    <editdetail attribution="Reuters BIP Coding Group" action="confirmed" date="1997-07-02"/>
  </code>
  <code code="CCAT">
    <editdetail attribution="Reuters BIP Coding Group" action="confirmed" date="1997-07-02"/>
  </code>
</codes>
<dc element="dc.date.created" value="1997-07-02"/>
<dc element="dc.publisher" value="Reuters Holdings Plc"/>
<dc element="dc.date.published" value="1997-07-02"/>
<dc element="dc.source" value="Reuters"/>
<dc element="dc.creator.location" value="LONDON"/>
<dc element="dc.creator.location.country.name" value="UK"/>
<dc element="dc.source" value="Reuters"/>
</metadata>
</newsitem>
