<?xml version="1.0" encoding="iso-8859-1" ?>
<newsitem itemid="57911" id="root" date="1996-09-17" xml:lang="en">
<title>GHANA: Housing firm offers Ghana's first corporate bond.</title>
<headline>Housing firm offers Ghana's first corporate bond.</headline>
<dateline>ACCRA 1996-09-17</dateline>
<text>
<p>Ghana's Home Finance Co Ltd (HFC) unveiled plans on Tuesday for the country's first offer of a registered public bond intended to boost its housing portfolio.</p>
<p>The $2 million, five-year bond, demoninated in dollars and yielding seven percent, will be the first corporate bond to be listed on the Ghana Stock Exchange, HFC's managing director Stephanie Baeta Ansah told a news conference.</p>
<p>The offer opens on Wednesday and closes on October 18 and will be listed on the exchange three weeks later.</p>
<p>Databank Financial Services Ltd is the lead manager for Wednesday's bond offering.</p>
</text>
<copyright>(c) Reuters Limited 1996</copyright>
<metadata>
<codes class="bip:countries:1.0">
  <code code="GHANA">
    <editdetail attribution="Reuters BIP Coding Group" action="confirmed" date="1996-09-17"/>
  </code>
</codes>
<codes class="bip:industries:1.0">
  <code code="I81501">
    <editdetail attribution="Reuters BIP Coding Group" action="confirmed" date="1996-09-17"/>
  </code>
  <code code="I8150103">
    <editdetail attribution="Reuters BIP Coding Group" action="confirmed" date="1996-09-17"/>
  </code>
</codes>
<codes class="bip:topics:1.0">
  <code code="C17">
    <editdetail attribution="Reuters BIP Coding Group" action="confirmed" date="1996-09-17"/>
  </code>
  <code code="C172">
    <editdetail attribution="Reuters BIP Coding Group" action="confirmed" date="1996-09-17"/>
  </code>
  <code code="CCAT">
    <editdetail attribution="Reuters BIP Coding Group" action="confirmed" date="1996-09-17"/>
  </code>
</codes>
<dc element="dc.date.created" value="1996-09-17"/>
<dc element="dc.publisher" value="Reuters Holdings Plc"/>
<dc element="dc.date.published" value="1996-09-17"/>
<dc element="dc.source" value="Reuters"/>
<dc element="dc.creator.location" value="ACCRA"/>
<dc element="dc.creator.location.country.name" value="GHANA"/>
<dc element="dc.source" value="Reuters"/>
</metadata>
</newsitem>
