<?xml version="1.0" encoding="iso-8859-1" ?>
<newsitem itemid="138645" id="root" date="1996-10-23" xml:lang="en">
<title>JAPAN: Belgium king calls for action to combat child sex.</title>
<headline>Belgium king calls for action to combat child sex.</headline>
<dateline>TOKYO 1996-10-22</dateline>
<text>
<p>Belgium's King Albert called for international cooperation to stamp out the kind of exploitation of children and trade in humans seen in his country's paedophile scandal.</p>
<p>In a speech at a state banquet in his honour on Tuesday night, the king said Belgium and Japan must &quot;act resolutely against these two terrible moral plagues&quot;.</p>
<p>&quot;Lately my country has experienced a terrible tragedy in this context,&quot; King Albert said. &quot;These dramas take on ever bigger international proportions, making an efficient cooperation between nations urgently needed.&quot;</p>
<p>The king and Queen Donna Paola arrived in Japan on Monday for a five-day state visit.</p>
<p>The uncovering this year of a child sex gang in Belgium which abducted, abused and -- in at least four cases -- murdered children has set off worldwide calls to protect children from paedophiles and stamp out child pornography.</p>
<p>Public outrage in Belgium over the scandal was exacerbated when the nation's top court removed a popular magistrate from investigations into the paedophile ring, ruling that he had compromised himself by accepting a free dinner from a support group specialising in helping the parents of missing children.</p>
<p>Earlier this week, hundreds of thousands of Belgians held a rally in Brussels to voice their anger at the judicial system.</p>
</text>
<copyright>(c) Reuters Limited 1996</copyright>
<metadata>
<codes class="bip:countries:1.0">
  <code code="BELG">
    <editdetail attribution="Reuters BIP Coding Group" action="confirmed" date="1996-10-23"/>
  </code>
  <code code="JAP">
    <editdetail attribution="Reuters BIP Coding Group" action="confirmed" date="1996-10-23"/>
  </code>
</codes>
<codes class="bip:topics:1.0">
  <code code="GCAT">
    <editdetail attribution="Reuters BIP Coding Group" action="confirmed" date="1996-10-23"/>
  </code>
  <code code="GCRIM">
    <editdetail attribution="Reuters BIP Coding Group" action="confirmed" date="1996-10-23"/>
  </code>
  <code code="GDIP">
    <editdetail attribution="Reuters BIP Coding Group" action="confirmed" date="1996-10-23"/>
  </code>
</codes>
<dc element="dc.date.created" value="1996-10-22"/>
<dc element="dc.publisher" value="Reuters Holdings Plc"/>
<dc element="dc.date.published" value="1996-10-23"/>
<dc element="dc.source" value="Reuters"/>
<dc element="dc.creator.location" value="TOKYO"/>
<dc element="dc.creator.location.country.name" value="JAPAN"/>
<dc element="dc.source" value="Reuters"/>
</metadata>
</newsitem>
