<?xml version="1.0" encoding="iso-8859-1" ?>
<newsitem itemid="102188" id="root" date="1996-10-08" xml:lang="en">
<title>POLAND: Kredyt Bank trades on kerb at PLN 8.5.</title>
<headline>Kredyt Bank trades on kerb at PLN 8.5.</headline>
<dateline>WARSAW 1996-10-08</dateline>
<text>
<p>A kerb transaction of 600,000 shares of Kredyt Bank at 8.5 zlotys a share was struck on the Warsaw bourse on Tuesday, the bourse said in a statement.</p>
<p>At the regular session Kredyt Bank fell 0.6 percent to 8.15 zlotys in a volume of 23,134 shares.</p>
<p>-- Warsaw Newsroom +48 22 653 9700</p>
</text>
<copyright>(c) Reuters Limited 1996</copyright>
<metadata>
<codes class="bip:countries:1.0">
  <code code="POL">
    <editdetail attribution="Reuters BIP Coding Group" action="confirmed" date="1996-10-08"/>
  </code>
</codes>
<codes class="bip:industries:1.0">
  <code code="I81402">
    <editdetail attribution="Reuters BIP Coding Group" action="confirmed" date="1996-10-08"/>
  </code>
</codes>
<codes class="bip:topics:1.0">
  <code code="C15">
    <editdetail attribution="Reuters BIP Coding Group" action="confirmed" date="1996-10-08"/>
  </code>
  <code code="C152">
    <editdetail attribution="Reuters BIP Coding Group" action="confirmed" date="1996-10-08"/>
  </code>
  <code code="CCAT">
    <editdetail attribution="Reuters BIP Coding Group" action="confirmed" date="1996-10-08"/>
  </code>
</codes>
<dc element="dc.date.created" value="1996-10-08"/>
<dc element="dc.publisher" value="Reuters Holdings Plc"/>
<dc element="dc.date.published" value="1996-10-08"/>
<dc element="dc.source" value="Reuters"/>
<dc element="dc.creator.location" value="WARSAW"/>
<dc element="dc.creator.location.country.name" value="POLAND"/>
<dc element="dc.source" value="Reuters"/>
</metadata>
</newsitem>
