<?xml version="1.0" encoding="iso-8859-1" ?>
<newsitem itemid="451978" id="root" date="1997-03-19" xml:lang="en">
<title>CANADA: Manitoba to open Manitoba Hydro monopoly.</title>
<headline>Manitoba to open Manitoba Hydro monopoly.</headline>
<dateline>WINNIPEG 1997-03-19</dateline>
<text>
<p>Manitoba's provincial government plans legislation in the current legislative session to open Manitoba Hydro's monopoly to U.S. utilities, a government spokesman said on Wednesday.</p>
<p>&quot;This is just something we have to do to secure our U.S. markets and hopefully expand them,&quot; spokesman Roger Matas said in a phone interview.</p>
<p>The government-owned utility sells C$300 million of electricity a year to the United States, Matas said.</p>
<p>Matas said that in order to keep exporting power to the United States, Manitoba Hydro must open its power lines to U.S. competitors to comply with a 1992 U.S. law deregulating the U.S. industry.</p>
<p>((Gilbert Le Gras 204 947 3548))</p>
</text>
<copyright>(c) Reuters Limited 1997</copyright>
<metadata>
<codes class="bip:countries:1.0">
  <code code="USA">
    <editdetail attribution="Reuters BIP Coding Group" action="confirmed" date="1997-03-19"/>
  </code>
</codes>
<codes class="bip:industries:1.0">
  <code code="I1610107">
    <editdetail attribution="Reuters BIP Coding Group" action="confirmed" date="1997-03-19"/>
  </code>
</codes>
<codes class="bip:topics:1.0">
  <code code="C13">
    <editdetail attribution="Reuters BIP Coding Group" action="confirmed" date="1997-03-19"/>
  </code>
  <code code="C34">
    <editdetail attribution="Reuters BIP Coding Group" action="confirmed" date="1997-03-19"/>
  </code>
  <code code="CCAT">
    <editdetail attribution="Reuters BIP Coding Group" action="confirmed" date="1997-03-19"/>
  </code>
</codes>
<dc element="dc.date.created" value="1997-03-19"/>
<dc element="dc.publisher" value="Reuters Holdings Plc"/>
<dc element="dc.date.published" value="1997-03-19"/>
<dc element="dc.source" value="Reuters"/>
<dc element="dc.creator.location" value="WINNIPEG"/>
<dc element="dc.creator.location.country.name" value="CANADA"/>
<dc element="dc.source" value="Reuters"/>
</metadata>
</newsitem>
