<?xml version="1.0" encoding="iso-8859-1" ?>
<newsitem itemid="663354" id="root" date="1997-06-16" xml:lang="en">
<title>VIETNAM: Vietnam rejects labour rights condemnation.</title>
<headline>Vietnam rejects labour rights condemnation.</headline>
<dateline>HANOI 1997-06-16</dateline>
<text>
<p>Vietnam on Monday rebuffed a world labour group's condemnation of its trade union practices, dubbing it as offensive to workers and the unions which represent them.</p>
<p>&quot;The International Confederation of Free Trade Unions' (ICFTU) evaluation of trade union organisations...shows that they lack understanding of the real situation in Vietnam and offends both Vietnamese labourers and the trade unions that represent their interests,&quot; the Foreign Ministry said in a statement.</p>
<p>Last week's report by the Brussels-based ICFTU said workers' rights were under fierce assault around the world as employers drive to exploit free markets and economic globalisation to increase profits.</p>
<p>It said many governments in Asia still viewed trade unions as &quot;an alien institution bent on frustrating economic progress&quot; and alleged that Burma, Vietnam and North Korea simply placed officials in charge of &quot;fake unions&quot;.</p>
<p>Vietnam's Foreign Ministry said it saw no reason why the ICFTU's &quot;erroneous evaluation&quot; should affect Hanoi's efforts to join the World Trade Organisation and reach a comprehensive trade agreement with the United States.</p>
</text>
<copyright>(c) Reuters Limited 1997</copyright>
<metadata>
<codes class="bip:countries:1.0">
  <code code="VIETN">
    <editdetail attribution="Reuters BIP Coding Group" action="confirmed" date="1997-06-16"/>
  </code>
</codes>
<codes class="bip:topics:1.0">
  <code code="E41">
    <editdetail attribution="Reuters BIP Coding Group" action="confirmed" date="1997-06-16"/>
  </code>
  <code code="ECAT">
    <editdetail attribution="Reuters BIP Coding Group" action="confirmed" date="1997-06-16"/>
  </code>
  <code code="GCAT">
    <editdetail attribution="Reuters BIP Coding Group" action="confirmed" date="1997-06-16"/>
  </code>
  <code code="GDIP">
    <editdetail attribution="Reuters BIP Coding Group" action="confirmed" date="1997-06-16"/>
  </code>
  <code code="GJOB">
    <editdetail attribution="Reuters BIP Coding Group" action="confirmed" date="1997-06-16"/>
  </code>
  <code code="GPOL">
    <editdetail attribution="Reuters BIP Coding Group" action="confirmed" date="1997-06-16"/>
  </code>
</codes>
<dc element="dc.date.created" value="1997-06-16"/>
<dc element="dc.publisher" value="Reuters Holdings Plc"/>
<dc element="dc.date.published" value="1997-06-16"/>
<dc element="dc.source" value="Reuters"/>
<dc element="dc.creator.location" value="HANOI"/>
<dc element="dc.creator.location.country.name" value="VIETNAM"/>
<dc element="dc.source" value="Reuters"/>
</metadata>
</newsitem>
