<?xml version="1.0" encoding="iso-8859-1" ?>
<newsitem itemid="71940" id="root" date="1996-09-24" xml:lang="en">
<title>ITALY: TENNIS-BERASATEGUI SUFFERS FOOD POISONING AFTER EASY WIN.</title>
<headline>TENNIS-BERASATEGUI SUFFERS FOOD POISONING AFTER EASY WIN.</headline>
<dateline>PALERMO, Sicily 1996-09-24</dateline>
<text>
<p>Spain's Alberto Berasategui suffered a severe bout of food poisoning moments after his opponent pulled out of their second round match at the Sicily international tennis tournament on Tuesday.</p>
<p>Berasategui, ranked 18th in the world, was leading 5-3 when Kris Goosens of Belgium was forced to abandon their match in the first set after suffering a pulled muscle.</p>
<p>The second-seeded Spaniard needed medical treatment in the dressing room after the game. It was not immediately clear whether he would be able to carry on in the tournament.</p>
</text>
<copyright>(c) Reuters Limited 1996</copyright>
<metadata>
<codes class="bip:countries:1.0">
  <code code="BELG">
    <editdetail attribution="Reuters BIP Coding Group" action="confirmed" date="1996-09-24"/>
  </code>
  <code code="ITALY">
    <editdetail attribution="Reuters BIP Coding Group" action="confirmed" date="1996-09-24"/>
  </code>
  <code code="SPAIN">
    <editdetail attribution="Reuters BIP Coding Group" action="confirmed" date="1996-09-24"/>
  </code>
</codes>
<codes class="bip:topics:1.0">
  <code code="GCAT">
    <editdetail attribution="Reuters BIP Coding Group" action="confirmed" date="1996-09-24"/>
  </code>
  <code code="GSPO">
    <editdetail attribution="Reuters BIP Coding Group" action="confirmed" date="1996-09-24"/>
  </code>
</codes>
<dc element="dc.date.created" value="1996-09-24"/>
<dc element="dc.publisher" value="Reuters Holdings Plc"/>
<dc element="dc.date.published" value="1996-09-24"/>
<dc element="dc.source" value="Reuters"/>
<dc element="dc.creator.location" value="PALERMO, Sicily"/>
<dc element="dc.creator.location.country.name" value="ITALY"/>
<dc element="dc.source" value="Reuters"/>
</metadata>
</newsitem>
