<?xml version="1.0" encoding="iso-8859-1" ?>
<newsitem itemid="66223" id="root" date="1996-09-20" xml:lang="en">
<title>USA: Black Hills Corp unit to buy part of mine.</title>
<headline>Black Hills Corp unit to buy part of mine.</headline>
<dateline>RAPID CITY, S.D. 1996-09-20</dateline>
<text>
<p>Black Hills Corp said on Friday its Wyodak Resources Development Corp unit has signed an agreement to buy part of the Clovis Point Mine properties from a Kerr-McGee Corp unit for royalties and other considerations.</p>
<p>The Clovis Point Mine properties are coal mining properties.</p>
<p>The holding costs for the transaction will be in the range of $250,000-$500,000 a year, the company said in a statement.</p>
<p>The company was not immediately available for further details.</p>
<p>--Reuters Chicago newsdesk, 312-408-8787</p>
</text>
<copyright>(c) Reuters Limited 1996</copyright>
<metadata>
<codes class="bip:countries:1.0">
  <code code="USA">
    <editdetail attribution="Reuters BIP Coding Group" action="confirmed" date="1996-09-20"/>
  </code>
</codes>
<codes class="bip:industries:1.0">
  <code code="I13000">
    <editdetail attribution="Reuters BIP Coding Group" action="confirmed" date="1996-09-20"/>
  </code>
  <code code="I83960">
    <editdetail attribution="Reuters BIP Coding Group" action="confirmed" date="1996-09-20"/>
  </code>
</codes>
<codes class="bip:topics:1.0">
  <code code="C18">
    <editdetail attribution="Reuters BIP Coding Group" action="confirmed" date="1996-09-20"/>
  </code>
  <code code="C182">
    <editdetail attribution="Reuters BIP Coding Group" action="confirmed" date="1996-09-20"/>
  </code>
  <code code="CCAT">
    <editdetail attribution="Reuters BIP Coding Group" action="confirmed" date="1996-09-20"/>
  </code>
</codes>
<dc element="dc.date.created" value="1996-09-20"/>
<dc element="dc.publisher" value="Reuters Holdings Plc"/>
<dc element="dc.date.published" value="1996-09-20"/>
<dc element="dc.source" value="Reuters"/>
<dc element="dc.creator.location" value="RAPID CITY, S.D."/>
<dc element="dc.creator.location.country.name" value="USA"/>
<dc element="dc.source" value="Reuters"/>
</metadata>
</newsitem>
