<?xml version="1.0" encoding="iso-8859-1" ?>
<newsitem itemid="182262" id="root" date="1996-11-12" xml:lang="en">
<title>ROMANIA: PRESS DIGEST - Romania - Nov 12.</title>
<headline>PRESS DIGEST - Romania - Nov 12.</headline>
<dateline>BUCHAREST 1996-11-12</dateline>
<text>
<p>Here are highlights of stories in Romania's press on Tuesday. Reuters has not verified these stories and does not vouch for their accuracy:</p>
<p>Business:</p>
<p>ADEVARUL</p>
<p>- The signing of a contract between Romanian aircraft manufacturer  IAR SA and U.S. company Bell Helicopter Textron was postponed until after presidential elections.</p>
<p>- The leu currency continues to depreciate and Ion Ghica, president of  Banca Comerciala Romana SA, says direct intervention by the central bank had been widely expected.</p>
<p>TINERETUL LIBER</p>
<p>- Farmers managed to sow to wheat 80 percent of planned areas and experts recommend sowing work should be halted and resumed in spring.</p>
<p>CRONICA ROMANA</p>
<p>- State-run steel plant  Siderca SA launched a domestic bond issue. The selling price is 18,000 lei per share.</p>
<p>JURNALUL NATIONAL</p>
<p>- Another 50 companies will join trading on the over-the-counter (OTC) market this week.</p>
<p>LIBERTATEA</p>
<p>- Negotiations between Swiss investor  Winlook Management Zurich and troubled  Banca Dacia Felix SA were halted and are expected to resume after the presidential polls on Sunday.</p>
<p>CURIERUL NATIONAL</p>
<p>- A new investment fund --  Retcon -- started operating. The fund, the first to open after upsets in the funds sector earlier this year, is administered by  Pact Invest SA.</p>
<p>General:</p>
<p>ROMANIA LIBERA</p>
<p>- President Ion Iliescu's campaign is offensive to Romanian voters as it assumes they are stupid, former dissident Doina Cornea said.</p>
<p>- The newspaper publishes a two-page report on fraud cases allegedly condoned by Iliescu.</p>
<p>- Democratic Convention (CDR) presidential candidate Emil Constantinescu pledged not to allow dismissals for political reasons.</p>
<p>- Hundreds of thousands of voters were not include on electoral lists for Novemver 3 polls, the LADO human rights group said. The elections were improperly conducted, it said.</p>
<p>- National Unity Party leader Gheorghe Funar said he would support Constantinescu in the presidential run-off.</p>
<p>- Romania's five liberal parties are looking at merging in the first half of 1997.</p>
<p>ADEVARUL</p>
<p>- An &quot;attempted coup&quot; to remove the leader of the Orthodox Church (BOR) was only a diversion, Patriarch Teoctist, head of BOR, said.</p>
<p>- The Social Democratic Union (USD) and its presidential candidate, former Prime Minister Petre Roman, had the most attractive electoral campaign, says a poll by the Acadaemy's Institute for Sociology.</p>
<p>- The CDR and USD are to hold joint electoral rally in centre Bucharest on Wednesday.</p>
<p>EVENIMENTUL ZILEI</p>
<p>- Iliescu lost his temper during a weekend rally and his attitude does not help national reconciliation, analyst Ion Cristoiu says in an editorial. He says Iliescu's campaign speeches unnecessarily excite both his supporters and those of his rival and could lead to radical intolerance, social unrest and even civil war.</p>
<p>- Italian prosecution phonetaps show Romania's involvement in illegal arms dealing.</p>
<p>- The USD started campaigning across the country in support of Constantinescu for the run-off.</p>
<p>- The Socialist Labour Party, the remnants of Romania's former Communist party, will not support Constantinescu.</p>
<p>JURNALUL NATIONAL</p>
<p>- Romania spends 4.5 million lei per year to treat a child with AIDS and 5.4 million for an adult. Children infected with the HIV virus need an annual 2.0 million, adults 1.6 million.</p>
<p>COTIDIANUL</p>
<p>- The newspaper lists eight parties backing Constantinescu in the second round of presidential polls. It says Iliescu is playing a nationalist tune in his campaign.</p>
<p>CRONICA ROMANA</p>
<p>- A family needs at least 16 million lei to furnish an apartment.</p>
<p>CURIERUL NATIONAL</p>
<p>- The Hungarian Democratic Union will be part of the government, Constantinescu said.</p>
<p>- 32 new cases of hepatitis were registered in Bucharest.</p>
<p>LIBERTATEA</p>
<p>- Some 60 percent of parliament members have changed after November 3 polls.</p>
<p>- Italian and German smuggling networks buy kidneys and other organs for some $2,500 each and sell them 10 times more.</p>
<p>VOCEA ROMANIEI</p>
<p>- Constantinescu was a Communist party member for 25 years. ($=3,452 lei) -- Bucharest Newsromm 40-1 3120264</p>
</text>
<copyright>(c) Reuters Limited 1996</copyright>
<metadata>
<codes class="bip:countries:1.0">
  <code code="ROM">
    <editdetail attribution="Reuters BIP Coding Group" action="confirmed" date="1996-11-12"/>
  </code>
</codes>
<codes class="bip:topics:1.0">
  <code code="GCAT">
    <editdetail attribution="Reuters BIP Coding Group" action="confirmed" date="1996-11-12"/>
  </code>
</codes>
<dc element="dc.date.created" value="1996-11-12"/>
<dc element="dc.publisher" value="Reuters Holdings Plc"/>
<dc element="dc.date.published" value="1996-11-12"/>
<dc element="dc.source" value="Reuters"/>
<dc element="dc.creator.location" value="BUCHAREST"/>
<dc element="dc.creator.location.country.name" value="ROMANIA"/>
<dc element="dc.source" value="Reuters"/>
</metadata>
</newsitem>
