<?xml version="1.0" encoding="iso-8859-1" ?>
<newsitem itemid="605372" id="root" date="1997-05-22" xml:lang="en">
<title>JAPAN: Japan buys 80,000 tonnes of wheat, 20,000 barley.</title>
<headline>Japan buys 80,000 tonnes of wheat, 20,000 barley.</headline>
<dateline>TOKYO 1997-05-22</dateline>
<text>
<p>Japan's Food Agency said on Thursday it had bought 40,000 tonnes of U.S. wheat, 40,000 of Canadian wheat and 20,000 of Australian barley in its weekly tender. All the purchases are for July shipment.</p>
<p>The following is a breakdown (in tonnes):</p>
<p>WHEAT</p>
<p> COUNTRY    QUANTITY</p>
<p> U.S.	 40,000    Dark Northern Spring  10,000</p>
<p>			    Western White	   20,000</p>
<p>			    Hard Red Winter	 10,000</p>
<p>			    (Protein 11.5 pct)</p>
<p> Canada     40,000    1CW			 40,000</p>
<p>BARLEY</p>
<p> Australia  20,000    Feed			20,000</p>
<p>-- Tokyo Commodities Desk (+81-3-3432-7391)</p>
</text>
<copyright>(c) Reuters Limited 1997</copyright>
<metadata>
<codes class="bip:countries:1.0">
  <code code="JAP">
    <editdetail attribution="Reuters BIP Coding Group" action="confirmed" date="1997-05-22"/>
  </code>
</codes>
<codes class="bip:topics:1.0">
  <code code="M14">
    <editdetail attribution="Reuters BIP Coding Group" action="confirmed" date="1997-05-22"/>
  </code>
  <code code="M141">
    <editdetail attribution="Reuters BIP Coding Group" action="confirmed" date="1997-05-22"/>
  </code>
  <code code="MCAT">
    <editdetail attribution="Reuters BIP Coding Group" action="confirmed" date="1997-05-22"/>
  </code>
</codes>
<dc element="dc.date.created" value="1997-05-22"/>
<dc element="dc.publisher" value="Reuters Holdings Plc"/>
<dc element="dc.date.published" value="1997-05-22"/>
<dc element="dc.source" value="Reuters"/>
<dc element="dc.creator.location" value="TOKYO"/>
<dc element="dc.creator.location.country.name" value="JAPAN"/>
<dc element="dc.source" value="Reuters"/>
</metadata>
</newsitem>
