<?xml version="1.0" encoding="iso-8859-1" ?>
<newsitem itemid="260424" id="root" date="1996-12-17" xml:lang="en">
<title>CANADA: DBRS confirms Magna's debt rating. [CORRECTED 23:27 GMT]</title>
<headline>DBRS confirms Magna's debt rating. [CORRECTED 23:27 GMT]</headline>
<dateline>TORONTO 1996-12-17</dateline>
<text>
<p>Dominion Bond Rating Service Ltd confirmed on Tuesday an A rating on Magna International's senior debt and a R-1 low rating on the company's commercial paper.</p>
<p>DBRS's positive outlook for the auto parts manufacturer followed an announcement yesterday of a strategic alliance between Magna and TRW Inc for the design, development and production of automotive products for the global market.</p>
<p>Under the terms of the alliance, Magna will sell an 80-percent interest in two German-based operations for C$570 million - a move that will not have a &quot;material impact&quot; on Magna's earnings in fiscal 1997, DBRS said. (Corrects to add dropped word &quot;not&quot; to show the move will not have a &quot;material impact&quot; on the company's fiscal 1997 earnings.)</p>
<p>Magna will be able to provide complete interior and structural vehicle safety systems without a substantial investment, DBRS said.</p>
<p>DBRS added that the alliance will add to Magna's existing cash reserves, helping the company to fund its expansion strategies.</p>
<p>((Reuters Toronto Bureau (416) 941-8100))</p>
</text>
<copyright>(c) Reuters Limited 1996</copyright>
<metadata>
<codes class="bip:countries:1.0">
  <code code="CANA">
    <editdetail attribution="Reuters BIP Coding Group" action="confirmed" date="1996-12-17"/>
  </code>
</codes>
<codes class="bip:industries:1.0">
  <code code="I35300">
    <editdetail attribution="Reuters BIP Coding Group" action="confirmed" date="1996-12-17"/>
  </code>
</codes>
<codes class="bip:topics:1.0">
  <code code="C17">
    <editdetail attribution="Reuters BIP Coding Group" action="confirmed" date="1996-12-17"/>
  </code>
  <code code="C174">
    <editdetail attribution="Reuters BIP Coding Group" action="confirmed" date="1996-12-17"/>
  </code>
  <code code="CCAT">
    <editdetail attribution="Reuters BIP Coding Group" action="confirmed" date="1996-12-17"/>
  </code>
</codes>
<dc element="dc.date.created" value="1996-12-17"/>
<dc element="dc.publisher" value="Reuters Holdings Plc"/>
<dc element="dc.date.published" value="1996-12-17"/>
<dc element="dc.source" value="Reuters"/>
<dc element="dc.creator.location" value="TORONTO"/>
<dc element="dc.creator.location.country.name" value="CANADA"/>
<dc element="dc.source" value="Reuters"/>
</metadata>
</newsitem>
