<?xml version="1.0" encoding="iso-8859-1" ?>
<newsitem itemid="588183" id="root" date="1997-05-15" xml:lang="en">
<title>JAPAN: Mitsui Wood System - 96/97 parent results.</title>
<headline>Mitsui Wood System - 96/97 parent results.</headline>
<dateline>TOKYO 1997-05-15</dateline>
<text>
<p>Year to March 31, 1997</p>
<p> (Parent)	(in billions of yen unless specified)</p>
<p> Sales		 93.88		vs	   82.34</p>
<p> Operating	    4.46		vs	    3.48</p>
<p> Current		4.31		vs	    3.52</p>
<p> Net		    1.77		vs	    1.59</p>
<p> EPS		   59.28 yen	  vs	   54.90 yen</p>
<p> Diluted EPS	 54.11 yen	  vs	     nil yen</p>
<p> Shares	     30 million	  vs	  29 million</p>
<p> Ord div	     13.00 yen	  vs	   11.00 yen</p>
<p>NOTE - Mitsui Wood Systems Inc is a builder of conventional custom-built houses.</p>
</text>
<copyright>(c) Reuters Limited 1997</copyright>
<metadata>
<codes class="bip:countries:1.0">
  <code code="JAP">
    <editdetail attribution="Reuters BIP Coding Group" action="confirmed" date="1997-05-15"/>
  </code>
</codes>
<codes class="bip:industries:1.0">
  <code code="I24300">
    <editdetail attribution="Reuters BIP Coding Group" action="confirmed" date="1997-05-15"/>
  </code>
</codes>
<codes class="bip:topics:1.0">
  <code code="C15">
    <editdetail attribution="Reuters BIP Coding Group" action="confirmed" date="1997-05-15"/>
  </code>
  <code code="C151">
    <editdetail attribution="Reuters BIP Coding Group" action="confirmed" date="1997-05-15"/>
  </code>
  <code code="C1511">
    <editdetail attribution="Reuters BIP Coding Group" action="confirmed" date="1997-05-15"/>
  </code>
  <code code="CCAT">
    <editdetail attribution="Reuters BIP Coding Group" action="confirmed" date="1997-05-15"/>
  </code>
</codes>
<dc element="dc.date.created" value="1997-05-15"/>
<dc element="dc.publisher" value="Reuters Holdings Plc"/>
<dc element="dc.date.published" value="1997-05-15"/>
<dc element="dc.source" value="Reuters"/>
<dc element="dc.creator.location" value="TOKYO"/>
<dc element="dc.creator.location.country.name" value="JAPAN"/>
<dc element="dc.source" value="Reuters"/>
</metadata>
</newsitem>
