<?xml version="1.0" encoding="iso-8859-1" ?>
<newsitem itemid="310771" id="root" date="1997-01-16" xml:lang="en">
<title>USA: Dao Heng Bank sets $350 mln 144A notes.</title>
<headline>Dao Heng Bank sets $350 mln 144A notes.</headline>
<dateline>NEW YORK 1997-01-16</dateline>
<text>
<p>The following debt issue from Dao Heng Bank was priced via Merrill Lynch &amp; Co in the 144A private placement on Thursday, said a market source.</p>
<p>BORROWER DAO HENG BANK</p>
<p>AMT $350 MLN	 COUPON 7.75 PCT   MATURITY 01/24/2007</p>
<p>TYPE SUB NOTES     ISS PRICE 99.897  FIRST PAY DATE N.A.</p>
<p>LAST MOODY'S BAA1  YIELD 7.765 PCT   PAY FREQ	 N.A.</p>
<p>LAST S&amp;P BBB	 SPREAD 123 BP     CALLABLE	 NO</p>
<p>U.S. corporate bond unit, 212 859-1678</p>
</text>
<copyright>(c) Reuters Limited 1997</copyright>
<metadata>
<codes class="bip:countries:1.0">
  <code code="HKONG">
    <editdetail attribution="Reuters BIP Coding Group" action="confirmed" date="1997-01-16"/>
  </code>
  <code code="USA">
    <editdetail attribution="Reuters BIP Coding Group" action="confirmed" date="1997-01-16"/>
  </code>
</codes>
<codes class="bip:industries:1.0">
  <code code="I81402">
    <editdetail attribution="Reuters BIP Coding Group" action="confirmed" date="1997-01-16"/>
  </code>
</codes>
<codes class="bip:topics:1.0">
  <code code="C17">
    <editdetail attribution="Reuters BIP Coding Group" action="confirmed" date="1997-01-16"/>
  </code>
  <code code="C172">
    <editdetail attribution="Reuters BIP Coding Group" action="confirmed" date="1997-01-16"/>
  </code>
  <code code="CCAT">
    <editdetail attribution="Reuters BIP Coding Group" action="confirmed" date="1997-01-16"/>
  </code>
</codes>
<dc element="dc.date.created" value="1997-01-16"/>
<dc element="dc.publisher" value="Reuters Holdings Plc"/>
<dc element="dc.date.published" value="1997-01-16"/>
<dc element="dc.source" value="Reuters"/>
<dc element="dc.creator.location" value="NEW YORK"/>
<dc element="dc.creator.location.country.name" value="USA"/>
<dc element="dc.source" value="Reuters"/>
</metadata>
</newsitem>
