<?xml version="1.0" encoding="iso-8859-1" ?>
<newsitem itemid="140404" id="root" date="1996-10-24" xml:lang="en">
<title>MOROCCO: Israel worries over French writer visit to Morocco.</title>
<headline>Israel worries over French writer visit to Morocco.</headline>
<dateline>RABAT 1996-10-24</dateline>
<text>
<p>Israel on Thursday raised alarm over a visit by controversial Moslem French writer Roger Garaudy to Morocco, saying it would stir anti-semitism feelings.</p>
<p>&quot;We are considering with concern the support of the Moroccan academic institutions to Mr Garaudi's intentions to propagate anti-semitism,&quot; said the Rabat-based Israeli liaison office in a statement sent to Reuters.</p>
<p>Roger Garaudy, a leading communist ideologue turned controversial Moslem intellectual, caused uproaor over a recent book about Israel's history.</p>
<p>&quot;This attitude, which hurts the feelings of Jews worldwide, is an unprecedented move in the history of inter-communal relations between (Moslem and Jews) in Morocco,&quot; the Israeli liaison office added.</p>
<p>There is up to 10,000 Jews living in Morocco.</p>
<p>Garaudy, a member of the Moroccan Academy, has often visited Morocco where he lectured university students and academics as an honourary scholar on Islamic issues.</p>
<p>The official Moroccan news agency MAP said on Thursday Garaudy would hold a conference in Rabat on Monday about his book titled &quot;the Founder Myths of Israel&quot;.</p>
<p>Morocco and Israel established low-level diplomatic relations through liaison offices in both countries in 1994.</p>
</text>
<copyright>(c) Reuters Limited 1996</copyright>
<metadata>
<codes class="bip:countries:1.0">
  <code code="FRA">
    <editdetail attribution="Reuters BIP Coding Group" action="confirmed" date="1996-10-24"/>
  </code>
  <code code="ISRAEL">
    <editdetail attribution="Reuters BIP Coding Group" action="confirmed" date="1996-10-24"/>
  </code>
  <code code="MOROC">
    <editdetail attribution="Reuters BIP Coding Group" action="confirmed" date="1996-10-24"/>
  </code>
</codes>
<codes class="bip:topics:1.0">
  <code code="GCAT">
    <editdetail attribution="Reuters BIP Coding Group" action="confirmed" date="1996-10-24"/>
  </code>
  <code code="GDIP">
    <editdetail attribution="Reuters BIP Coding Group" action="confirmed" date="1996-10-24"/>
  </code>
  <code code="GENT">
    <editdetail attribution="Reuters BIP Coding Group" action="confirmed" date="1996-10-24"/>
  </code>
</codes>
<dc element="dc.date.created" value="1996-10-24"/>
<dc element="dc.publisher" value="Reuters Holdings Plc"/>
<dc element="dc.date.published" value="1996-10-24"/>
<dc element="dc.source" value="Reuters"/>
<dc element="dc.creator.location" value="RABAT"/>
<dc element="dc.creator.location.country.name" value="MOROCCO"/>
<dc element="dc.source" value="Reuters"/>
</metadata>
</newsitem>
