<?xml version="1.0" encoding="iso-8859-1" ?>
<newsitem itemid="405374" id="root" date="1997-02-26" xml:lang="en">
<title>CHINA: Shanghai soybeans end down on weak sentiment.</title>
<headline>Shanghai soybeans end down on weak sentiment.</headline>
<dateline>SHANGHAI 1997-02-26</dateline>
<text>
<p>Shanghai soybean futures ended down across the board on Wednesday on weak market sentiment despite Tuesday's gains, traders said.</p>
<p>The most active September contract fell 10 yuan to end at an intra-day low of 3,315 yuan ($399) per tonne. It opened at 3,320 and hit an intra-day high of 3,325.</p>
<p>March did not trade, May fell 55 to 3,100, July 84 to 3,246, November six to 3,326 and January 1998 four to 3,336.</p>
<p>Combined volume fell to 19,100 tonnes from 19,400.  </p>
<p>Traders said investors were not optimistic about the future market trend and any possible technical rebounds would trigger liquidation at high levels.</p>
<p>&quot;Few investors are willing to build long positions given the poor market sentiment,&quot; one trader said.</p>
<p>Traders expect soybeans to drop further in the next few days.</p>
<p>($1=8.2946 yuan)</p>
<p>-- Shanghai newsroom (86-21) 6279-7004</p>
</text>
<copyright>(c) Reuters Limited 1997</copyright>
<metadata>
<codes class="bip:countries:1.0">
  <code code="CHINA">
    <editdetail attribution="Reuters BIP Coding Group" action="confirmed" date="1997-02-26"/>
  </code>
</codes>
<codes class="bip:topics:1.0">
  <code code="M14">
    <editdetail attribution="Reuters BIP Coding Group" action="confirmed" date="1997-02-26"/>
  </code>
  <code code="M141">
    <editdetail attribution="Reuters BIP Coding Group" action="confirmed" date="1997-02-26"/>
  </code>
  <code code="MCAT">
    <editdetail attribution="Reuters BIP Coding Group" action="confirmed" date="1997-02-26"/>
  </code>
</codes>
<dc element="dc.date.created" value="1997-02-26"/>
<dc element="dc.publisher" value="Reuters Holdings Plc"/>
<dc element="dc.date.published" value="1997-02-26"/>
<dc element="dc.source" value="Reuters"/>
<dc element="dc.creator.location" value="SHANGHAI"/>
<dc element="dc.creator.location.country.name" value="CHINA"/>
<dc element="dc.source" value="Reuters"/>
</metadata>
</newsitem>
