<?xml version="1.0" encoding="iso-8859-1" ?>
<newsitem itemid="728151" id="root" date="1997-07-15" xml:lang="en">
<title>USA: TABLE - Plum Creek Timber Co LP Q2 results.</title>
<headline>TABLE - Plum Creek Timber Co LP Q2 results.</headline>
<dateline>SEATTLE 1997-07-15</dateline>
<text>
<p>PLUM CREEK TIMBER COMPANY, L.P.</p>
<p>			 COMBINED STATEMENT OF INCOME</p>
<p>				    (UNAUDITED)</p>
<p>						    Quarter Ended June 30,</p>
<p>							 1997	  1996</p>
<p>					 (In Thousands, Except Per Unit)</p>
<p>Revenues					 $ 171,962    $ 138,744</p>
<p>Costs and Expenses:</p>
<p>   Cost of Goods Sold			  118,226	 98,002</p>
<p>   Selling, General and Administrative    11,053	  7,992</p>
<p>     Total Costs and Expenses		129,279	105,994</p>
<p>Operating Income				  42,683	 32,750</p>
<p>Interest Expense				 (15,055)     (11,541)</p>
<p>Interest Income					202	    192</p>
<p>Other Expense - Net				 (454)	   (59)</p>
<p>Income before Income Taxes		    27,376	 21,342</p>
<p>Provision for Income Taxes			 152	    365</p>
<p>Net Income				     $  27,224    $  20,977</p>
<p>General Partner Interest			 8,218	  5,819</p>
<p>Net Income Allocable to Unitholders    $  19,006    $  15,158</p>
<p>Net Income per Unit			  $    0.42    $    0.37</p>
<p>			  PLUM CREEK TIMBER COMPANY, L.P.</p>
<p>			   COMBINED STATEMENT OF INCOME</p>
<p>					(UNAUDITED)</p>
<p>						Six Months Ended June 30,</p>
<p>						     1997	  1996</p>
<p>					(In Thousands, Except Per Unit)</p>
<p>Revenues				     $  343,210  $  266,438</p>
<p>Costs and Expenses:</p>
<p>   Cost of Goods Sold			 235,710     190,903</p>
<p>   Selling, General and Administrative   21,595	15,387</p>
<p>     Total Costs and Expenses	     257,305     206,290</p>
<p>Operating Income				 85,905	60,148</p>
<p>Interest Expense				(30,520)    (23,061)</p>
<p>Interest Income				     459	   331</p>
<p>Other Expense - Net				(692)	  (83)</p>
<p>Income before Income Taxes		   55,152	37,335</p>
<p>Provision for Income Taxes			570	   443</p>
<p>Net Income				    $  54,582   $  36,892</p>
<p>General Partner Interest		     15,429	11,537</p>
<p>Net Income Allocable to Unitholders   $  39,153   $  25,355</p>
<p>Net Income per Unit			 $    0.85   $    0.62</p>
</text>
<copyright>(c) Reuters Limited 1997</copyright>
<metadata>
<codes class="bip:countries:1.0">
  <code code="USA">
    <editdetail attribution="Reuters BIP Coding Group" action="confirmed" date="1997-07-15"/>
  </code>
</codes>
<codes class="bip:industries:1.0">
  <code code="I46000">
    <editdetail attribution="Reuters BIP Coding Group" action="confirmed" date="1997-07-15"/>
  </code>
</codes>
<codes class="bip:topics:1.0">
  <code code="C15">
    <editdetail attribution="Reuters BIP Coding Group" action="confirmed" date="1997-07-15"/>
  </code>
  <code code="C151">
    <editdetail attribution="Reuters BIP Coding Group" action="confirmed" date="1997-07-15"/>
  </code>
  <code code="CCAT">
    <editdetail attribution="Reuters BIP Coding Group" action="confirmed" date="1997-07-15"/>
  </code>
</codes>
<dc element="dc.date.created" value="1997-07-15"/>
<dc element="dc.publisher" value="Reuters Holdings Plc"/>
<dc element="dc.date.published" value="1997-07-15"/>
<dc element="dc.source" value="Reuters"/>
<dc element="dc.creator.location" value="SEATTLE"/>
<dc element="dc.creator.location.country.name" value="USA"/>
<dc element="dc.source" value="Reuters"/>
</metadata>
</newsitem>
