<?xml version="1.0" encoding="iso-8859-1" ?>
<newsitem itemid="11820" id="root" date="1996-08-23" xml:lang="en">
<title>CANADA: LGS Group Inc Q1 June 30 shr net drops.</title>
<headline>LGS Group Inc Q1 June 30 shr net drops.</headline>
<dateline>MONTREAL 1996-08-23</dateline>
<text>
<p>1996			    1995</p>
<p> Shr			 C$0.02		   C$0.04</p>
<p> Net			    190			382</p>
<p> Revs			19,956		   19,690</p>
<p>(All data above 000s except per share numbers)</p>
<p>-- Reuters Toronto Bureau (416) 941-8100</p>
</text>
<copyright>(c) Reuters Limited 1996</copyright>
<metadata>
<codes class="bip:countries:1.0">
  <code code="CANA">
    <editdetail attribution="Reuters BIP Coding Group" action="confirmed" date="1996-08-23"/>
  </code>
</codes>
<codes class="bip:topics:1.0">
  <code code="C15">
    <editdetail attribution="Reuters BIP Coding Group" action="confirmed" date="1996-08-23"/>
  </code>
  <code code="C151">
    <editdetail attribution="Reuters BIP Coding Group" action="confirmed" date="1996-08-23"/>
  </code>
  <code code="CCAT">
    <editdetail attribution="Reuters BIP Coding Group" action="confirmed" date="1996-08-23"/>
  </code>
</codes>
<dc element="dc.date.created" value="1996-08-23"/>
<dc element="dc.publisher" value="Reuters Holdings Plc"/>
<dc element="dc.date.published" value="1996-08-23"/>
<dc element="dc.source" value="Reuters"/>
<dc element="dc.creator.location" value="MONTREAL"/>
<dc element="dc.creator.location.country.name" value="CANADA"/>
<dc element="dc.source" value="Reuters"/>
</metadata>
</newsitem>
