<?xml version="1.0" encoding="iso-8859-1" ?>
<newsitem itemid="191857" id="root" date="1996-11-15" xml:lang="en">
<title>UK: Nigeria will not push for OPEC quota rise - OPECNA.</title>
<headline>Nigeria will not push for OPEC quota rise - OPECNA.</headline>
<dateline>LONDON 1996-11-15</dateline>
<text>
<p>Nigerian oil minister Dan Etete said on Thursday his country would not be pushing for a rise in its OPEC quota at the November 27 meeting in Vienna, the OPEC news agency reported on Friday.</p>
<p>Speaking on Nigerian television, he said OPEC must not be lured into raising its production ceiling because of a recent rally in prices.  </p>
<p>Nigeria has an official OPEC quota of 1.865 million barrels per day (bpd), but produced 2.156 million bpd in August, according to an official Nigerian Department of Petroleum Resources report released on Tuesday.</p>
<p>OPEC ministers will be meeting in Vienna to set the group's output ceiling for at least the first six months of next year. Gulf sources and OPEC delegates have said it is unlikely that the group will change its ceiling of 25.003 mbpd in Vienna.</p>
<p>Etete also said that Nigeria's crude production capacity could rise to 3.1 million bpd with improved funding, although he did not specify when this might be achieved.</p>
<p>-- London Newsroom +44 171 542 8145</p>
</text>
<copyright>(c) Reuters Limited 1996</copyright>
<metadata>
<codes class="bip:countries:1.0">
  <code code="NIGEA">
    <editdetail attribution="Reuters BIP Coding Group" action="confirmed" date="1996-11-15"/>
  </code>
  <code code="OPEC">
    <editdetail attribution="Reuters BIP Coding Group" action="confirmed" date="1996-11-15"/>
  </code>
  <code code="UK">
    <editdetail attribution="Reuters BIP Coding Group" action="confirmed" date="1996-11-15"/>
  </code>
</codes>
<codes class="bip:industries:1.0">
  <code code="I13000">
    <editdetail attribution="Reuters BIP Coding Group" action="confirmed" date="1996-11-15"/>
  </code>
  <code code="I1300003">
    <editdetail attribution="Reuters BIP Coding Group" action="confirmed" date="1996-11-15"/>
  </code>
</codes>
<codes class="bip:topics:1.0">
  <code code="C13">
    <editdetail attribution="Reuters BIP Coding Group" action="confirmed" date="1996-11-15"/>
  </code>
  <code code="C21">
    <editdetail attribution="Reuters BIP Coding Group" action="confirmed" date="1996-11-15"/>
  </code>
  <code code="CCAT">
    <editdetail attribution="Reuters BIP Coding Group" action="confirmed" date="1996-11-15"/>
  </code>
</codes>
<dc element="dc.date.created" value="1996-11-15"/>
<dc element="dc.publisher" value="Reuters Holdings Plc"/>
<dc element="dc.date.published" value="1996-11-15"/>
<dc element="dc.source" value="Reuters"/>
<dc element="dc.creator.location" value="LONDON"/>
<dc element="dc.creator.location.country.name" value="UK"/>
<dc element="dc.source" value="Reuters"/>
</metadata>
</newsitem>
