<?xml version="1.0" encoding="iso-8859-1" ?>
<newsitem itemid="236983" id="root" date="1996-12-05" xml:lang="en">
<title>PHILIPPINES: Meralco capex 31 bln pesos over 5 years.</title>
<headline>Meralco capex 31 bln pesos over 5 years.</headline>
<dateline>MANILA 1996-12-05</dateline>
<text>
<p>Manila Electric Co said on Thursday it will need 31.05 billion pesos in capital expenditures over the next five years to upgrade existing facilities and put up new substations.</p>
<p>Meralco senior vice-president Jesus Francisco told reporters that in 1997 the company will need 5.227 billion pesos for its projects.</p>
<p>Francisco said the bulk of the capital outlay over the next five years, 14.39 billion pesos, will be earmarked for the company's engineering services.</p>
<p>A total of 96 substations will be built over the five-year period.</p>
<p>- Manila newsroom 63 2 8418939 fax 8176267</p>
</text>
<copyright>(c) Reuters Limited 1996</copyright>
<metadata>
<codes class="bip:countries:1.0">
  <code code="PHLNS">
    <editdetail attribution="Reuters BIP Coding Group" action="confirmed" date="1996-12-05"/>
  </code>
</codes>
<codes class="bip:industries:1.0">
  <code code="I16100">
    <editdetail attribution="Reuters BIP Coding Group" action="confirmed" date="1996-12-05"/>
  </code>
</codes>
<codes class="bip:topics:1.0">
  <code code="C11">
    <editdetail attribution="Reuters BIP Coding Group" action="confirmed" date="1996-12-05"/>
  </code>
  <code code="C24">
    <editdetail attribution="Reuters BIP Coding Group" action="confirmed" date="1996-12-05"/>
  </code>
  <code code="CCAT">
    <editdetail attribution="Reuters BIP Coding Group" action="confirmed" date="1996-12-05"/>
  </code>
</codes>
<dc element="dc.date.created" value="1996-12-05"/>
<dc element="dc.publisher" value="Reuters Holdings Plc"/>
<dc element="dc.date.published" value="1996-12-05"/>
<dc element="dc.source" value="Reuters"/>
<dc element="dc.creator.location" value="MANILA"/>
<dc element="dc.creator.location.country.name" value="PHILIPPINES"/>
<dc element="dc.source" value="Reuters"/>
</metadata>
</newsitem>
