<?xml version="1.0" encoding="iso-8859-1" ?>
<newsitem itemid="660762" id="root" date="1997-06-13" xml:lang="en">
<title>SWITZERLAND: Hilti sees sharp rise in operating profit.</title>
<headline>Hilti sees sharp rise in operating profit.</headline>
<dateline>ZURICH 1997-06-13</dateline>
<text>
<p>Specialty construction equipment maker Hilti AG said it expected a double-digit rise in operating 1997 profit and net profit at or slightly above the 1996 level of 204.2 million Swiss francs.</p>
<p>&quot;We expect double-digit growth in operating results,&quot; chief executive Pius Baschera told reporters ahead of the annual news conference.</p>
<p>He said operating and net profit this year would be boosted by more favourable exchange rates than in the prior year and by reorganisation paid for from 1996 accounts.</p>
<p>Baschera said it was too early to make a detailed forecast for net profit for 1997.</p>
<p>&quot;That depends on a lot of things, including operating results and developments in financial markets,&quot; he said.</p>
<p>&quot;We expect to maintain the previous year's levels or exceed it slightly,&quot; he said about 1997 net profit. -- Zurich Editorial +41  631 7340</p>
</text>
<copyright>(c) Reuters Limited 1997</copyright>
<metadata>
<codes class="bip:countries:1.0">
  <code code="LIECHT">
    <editdetail attribution="Reuters BIP Coding Group" action="confirmed" date="1997-06-13"/>
  </code>
  <code code="SWITZ">
    <editdetail attribution="Reuters BIP Coding Group" action="confirmed" date="1997-06-13"/>
  </code>
</codes>
<codes class="bip:industries:1.0">
  <code code="I32200">
    <editdetail attribution="Reuters BIP Coding Group" action="confirmed" date="1997-06-13"/>
  </code>
</codes>
<codes class="bip:topics:1.0">
  <code code="C15">
    <editdetail attribution="Reuters BIP Coding Group" action="confirmed" date="1997-06-13"/>
  </code>
  <code code="C152">
    <editdetail attribution="Reuters BIP Coding Group" action="confirmed" date="1997-06-13"/>
  </code>
  <code code="CCAT">
    <editdetail attribution="Reuters BIP Coding Group" action="confirmed" date="1997-06-13"/>
  </code>
</codes>
<dc element="dc.date.created" value="1997-06-13"/>
<dc element="dc.publisher" value="Reuters Holdings Plc"/>
<dc element="dc.date.published" value="1997-06-13"/>
<dc element="dc.source" value="Reuters"/>
<dc element="dc.creator.location" value="ZURICH"/>
<dc element="dc.creator.location.country.name" value="SWITZERLAND"/>
<dc element="dc.source" value="Reuters"/>
</metadata>
</newsitem>
