<?xml version="1.0" encoding="iso-8859-1" ?>
<newsitem itemid="84094" id="root" date="1996-09-30" xml:lang="en">
<title>EU: OFFICIAL JOURNAL CONTENTS - OJ C 284 OF SEPTEMBER 27, 1996.</title>
<headline>OFFICIAL JOURNAL CONTENTS - OJ C 284 OF SEPTEMBER 27, 1996.</headline>
<text>
<p>*</p>
<p>(Note - contents are displayed in reverse order to that in the printed Journal)</p>
<p>*</p>
<p>Consultancy services - 'Air Quality' Call for tender</p>
<p>Innovative projects for women in agriculture and in rural areas Call for proposals for pilot projects and demonstration projects concerning innovative schemes for women in agriculture and in rural areas</p>
<p>EUROPEAN ECONOMIC INTEREST GROUPING Notices published pursuant to Council Regulation (EEC) No 2137/85 of 25 July 1985 - Formation</p>
<p>Notice concerning the organization of an open competition</p>
<p>Summary of Community decisions on marketing authorizations in respect of medicinal products from 15 August 1996 to 15 September 1996 (Decisions taken pursuant to Article 14 of Directive 75/319/EEC or Article 22 of Directive 81/851/EEC)</p>
<p>Summary of Community decisions on marketing authorizations in respect of medicinal products from 15 August 1996 to 15 September 1996 (Published pursuant to Article 12 or Article 34 of Council Regulation (EEC) No 2309/93)</p>
<p>Authorization for State aid pursuant to Articles 92 and 93 of the EC Treaty Cases where the Commission raises no objections</p>
<p>STATE AID C 48/95 (ex N 295/95, ex N 296/95) Belgium</p>
<p>Ecu 26 September 1996</p>
<p>Proposal for a Council Directive amending Council Directive 92/118/EEC of 17 December 1992 laying down animal health and public health requirements governing trade in and imports into the Community of products not subject to the said requirements laid down in specific Community rules referred to in Annex A (I) to Directive 89/662/EEC and, as regards pathogens, to Directive 90/425/EEC</p>
<p>AGREEMENT on the fisheries relations between the European Community and the Republic of Lithuania</p>
<p>Proposal for a Council Regulation (EC) on the conclusion of an Agreement on fisheries relations between the European Community and the Republic of Lithuania</p>
<p>PROTOCOL Laying down the conditions relating to temporary joint ventures and joint enterprises provided for in the Agreement on fisheries relations between the European Community and the Republic of Lithuania END OF DOCUMENT.</p>
</text>
<copyright>(c) Reuters Limited 1996</copyright>
<metadata>
<codes class="bip:countries:1.0">
  <code code="EEC">
    <editdetail attribution="Reuters BIP Coding Group" action="confirmed" date="1996-09-30"/>
  </code>
</codes>
<codes class="bip:topics:1.0">
  <code code="G15">
    <editdetail attribution="Reuters BIP Coding Group" action="confirmed" date="1996-09-30"/>
  </code>
  <code code="GCAT">
    <editdetail attribution="Reuters BIP Coding Group" action="confirmed" date="1996-09-30"/>
  </code>
</codes>
<dc element="dc.publisher" value="Reuters Holdings Plc"/>
<dc element="dc.date.published" value="1996-09-30"/>
<dc element="dc.source" value="Reuters"/>
<dc element="dc.creator.location.country.name" value="EU"/>
<dc element="dc.source" value="Reuters"/>
</metadata>
</newsitem>
