<?xml version="1.0" encoding="iso-8859-1" ?>
<newsitem itemid="284751" id="root" date="1997-01-02" xml:lang="en">
<title>SINGAPORE: Singapore rubber market closed for holidays.</title>
<headline>Singapore rubber market closed for holidays.</headline>
<dateline>SINGAPORE 1997-01-02</dateline>
<text>
<p>The Singapore rubber futures market was closed on Wednesday for the New Year holidays and on Thursday for general elections here. The market will reopen on Friday.</p>
<p>At the close of the market on Tuesday, March RSS3 settled unchanged at 127.00 U.S. cents a kg. April/June RSS1 settled slightly higher at 184.00 Singapore cents (US$1.31) a kg from 183.50 cents.</p>
<p>January TSR20 settled unchanged at 169.75 Singapore cents (US$1.21) a kg.</p>
<p>-- (US$1-S$1.40) - Rene Pastor (65-8703305)</p>
</text>
<copyright>(c) Reuters Limited 1997</copyright>
<metadata>
<codes class="bip:countries:1.0">
  <code code="SINGP">
    <editdetail attribution="Reuters BIP Coding Group" action="confirmed" date="1997-01-02"/>
  </code>
</codes>
<codes class="bip:topics:1.0">
  <code code="M14">
    <editdetail attribution="Reuters BIP Coding Group" action="confirmed" date="1997-01-02"/>
  </code>
  <code code="M141">
    <editdetail attribution="Reuters BIP Coding Group" action="confirmed" date="1997-01-02"/>
  </code>
  <code code="MCAT">
    <editdetail attribution="Reuters BIP Coding Group" action="confirmed" date="1997-01-02"/>
  </code>
</codes>
<dc element="dc.date.created" value="1997-01-02"/>
<dc element="dc.publisher" value="Reuters Holdings Plc"/>
<dc element="dc.date.published" value="1997-01-02"/>
<dc element="dc.source" value="Reuters"/>
<dc element="dc.creator.location" value="SINGAPORE"/>
<dc element="dc.creator.location.country.name" value="SINGAPORE"/>
<dc element="dc.source" value="Reuters"/>
</metadata>
</newsitem>
