<?xml version="1.0" encoding="iso-8859-1" ?>
<newsitem itemid="721633" id="root" date="1997-07-11" xml:lang="en">
<title>UK: MOTOR RACING-PRACTICE TIMES AT BRITISH GRAND PRIX.</title>
<headline>MOTOR RACING-PRACTICE TIMES AT BRITISH GRAND PRIX.</headline>
<dateline>SILVERSTONE, Britain 1997-07-11</dateline>
<text>
<p>Leading times after</p>
<p>Friday's opening practice session for Sunday's British Grand</p>
<p>Prix.</p>
<p>    1. Mika Hakkinen (Finland) McLaren	    1:22.935</p>
<p>    2. Jacques Villeneuve (Canada) Williams     1:23.266</p>
<p>    3. Heinz-Harald Frentzen (Germany) Williams 1:23.327</p>
<p>    4. Johnny Herbert (Britain) Sauber	    1:23.581</p>
<p>    5. Jean Alesi (France) Benetton		 1:23.785</p>
<p>    6. Giancarlo Fisichella (Italy) Jordan	1:23.883</p>
<p>    7. Michael Schumacher (Germany) Ferrari     1:24.132</p>
<p>    8. Alexander Wurz (Austria) Benetton	  1:24.203</p>
<p>    9. Eddie Irvine (Britain) Ferrari	     1:24.424</p>
<p>    10. Jarno Trulli (Italy) Prost		  1:24.946</p>
<p>    11. Ralf Schumacher (Germany) Jordan	  1:24.948</p>
<p>    12. Jan Magnussen (Denmark) Stewart	   1:25.136</p>
</text>
<copyright>(c) Reuters Limited 1997</copyright>
<metadata>
<codes class="bip:countries:1.0">
  <code code="UK">
    <editdetail attribution="Reuters BIP Coding Group" action="confirmed" date="1997-07-11"/>
  </code>
</codes>
<codes class="bip:topics:1.0">
  <code code="GCAT">
    <editdetail attribution="Reuters BIP Coding Group" action="confirmed" date="1997-07-11"/>
  </code>
  <code code="GSPO">
    <editdetail attribution="Reuters BIP Coding Group" action="confirmed" date="1997-07-11"/>
  </code>
</codes>
<dc element="dc.date.created" value="1997-07-11"/>
<dc element="dc.publisher" value="Reuters Holdings Plc"/>
<dc element="dc.date.published" value="1997-07-11"/>
<dc element="dc.source" value="Reuters"/>
<dc element="dc.creator.location" value="SILVERSTONE, Britain"/>
<dc element="dc.creator.location.country.name" value="UK"/>
<dc element="dc.source" value="Reuters"/>
</metadata>
</newsitem>
