<?xml version="1.0" encoding="iso-8859-1" ?>
<newsitem itemid="305128" id="root" date="1997-01-14" xml:lang="en">
<title>POLAND: POLISH NET RESERVES RISE TO $21.61 BLN IN DEC 1-20.</title>
<headline>POLISH NET RESERVES RISE TO $21.61 BLN IN DEC 1-20.</headline>
<dateline>WARSAW 1997-01-14</dateline>
<text>
<p>Polish net foreign currency</p>
<p>reserves, those held by the whole banking system, grew by</p>
<p>$143.5 million in December 1-20 to $21.61 billion, the National</p>
<p>Bank of Poland said on Tuesday.</p>
<p>It said the reserves grew $1.17 billion since the start of</p>
<p>the year.</p>
<p>    POLISH RESERVES (bln dlrs)   Dec 20	Nov 96     1995</p>
<p>    Official reserves		  na	   na	 14.96</p>
<p>    Net reserves		     21.61	 21.46     20.44</p>
<p>NOTE - Figures in billions of dollars. Official reserves</p>
<p>are those held by the state. Net reserves mean the total amount</p>
<p>of hard currencies in the whole banking system.</p>
<p>-- Warsaw Newsroom +48 22 653 9700</p>
</text>
<copyright>(c) Reuters Limited 1997</copyright>
<metadata>
<codes class="bip:countries:1.0">
  <code code="POL">
    <editdetail attribution="Reuters BIP Coding Group" action="confirmed" date="1997-01-14"/>
  </code>
</codes>
<codes class="bip:topics:1.0">
  <code code="E51">
    <editdetail attribution="Reuters BIP Coding Group" action="confirmed" date="1997-01-14"/>
  </code>
  <code code="E513">
    <editdetail attribution="Reuters BIP Coding Group" action="confirmed" date="1997-01-14"/>
  </code>
  <code code="ECAT">
    <editdetail attribution="Reuters BIP Coding Group" action="confirmed" date="1997-01-14"/>
  </code>
</codes>
<dc element="dc.date.created" value="1997-01-14"/>
<dc element="dc.publisher" value="Reuters Holdings Plc"/>
<dc element="dc.date.published" value="1997-01-14"/>
<dc element="dc.source" value="Reuters"/>
<dc element="dc.creator.location" value="WARSAW"/>
<dc element="dc.creator.location.country.name" value="POLAND"/>
<dc element="dc.source" value="Reuters"/>
</metadata>
</newsitem>
