<?xml version="1.0" encoding="iso-8859-1" ?>
<newsitem itemid="514568" id="root" date="1997-04-16" xml:lang="en">
<title>CANADA: WCE canola/grain pre-opening calls.</title>
<headline>WCE canola/grain pre-opening calls.</headline>
<dateline>WINNIPEG 1997-04-16</dateline>
<text>
<p>WCE canola and grain futures pre-opening call as of 0842 CDT, according to analysts.</p>
<p>CANOLA - Steady to C$0.50 higher on CBOT soybean calls capped by overbought sentiments following Tuesday's late local short covering rally. May WCE futures crush profit margin fell to -14.59 Tuesday from -13.65 Monday. July WCE futures crush profit margin Tuesday was -17.48. The Canadian dollar opened flat at C$1.3963 and fell against Japan's yen at 89.84 from 90.31.</p>
<p>FLAX - Steady to C$0.50 higher on spillover strength from other oilseed markets.</p>
<p>WESTERN BARLEY - C$0.10 lower in the nearby on CBOT corn calls with commercial demand seen in the May at C$140 with deferreds seen opening C$0.50 to C$1.00 lower on Saskatchewan Agriculture's bearishly construed acreage estimate setting barley area only two percent lower relative to last spring.</p>
<p>FEED WHEAT - C$0.30 to C$0.50 down on CBOT wheat, corn.</p>
<p>PEAS/OATS - Steady.</p>
<p>(All values in Canadian dollars/tonne except peas, oats)</p>
<p>((Gilbert Le Gras 204 947 3548))</p>
</text>
<copyright>(c) Reuters Limited 1997</copyright>
<metadata>
<codes class="bip:countries:1.0">
  <code code="CANA">
    <editdetail attribution="Reuters BIP Coding Group" action="confirmed" date="1997-04-16"/>
  </code>
</codes>
<codes class="bip:topics:1.0">
  <code code="M14">
    <editdetail attribution="Reuters BIP Coding Group" action="confirmed" date="1997-04-16"/>
  </code>
  <code code="M141">
    <editdetail attribution="Reuters BIP Coding Group" action="confirmed" date="1997-04-16"/>
  </code>
  <code code="MCAT">
    <editdetail attribution="Reuters BIP Coding Group" action="confirmed" date="1997-04-16"/>
  </code>
</codes>
<dc element="dc.date.created" value="1997-04-16"/>
<dc element="dc.publisher" value="Reuters Holdings Plc"/>
<dc element="dc.date.published" value="1997-04-16"/>
<dc element="dc.source" value="Reuters"/>
<dc element="dc.creator.location" value="WINNIPEG"/>
<dc element="dc.creator.location.country.name" value="CANADA"/>
<dc element="dc.source" value="Reuters"/>
</metadata>
</newsitem>
