<?xml version="1.0" encoding="iso-8859-1" ?>
<newsitem itemid="12760" id="root" date="1996-08-24" xml:lang="en">
<title>TUNISIA: PRESS DIGEST - Tunisia - Aug 24.</title>
<headline>PRESS DIGEST - Tunisia - Aug 24.</headline>
<dateline>TUNIS 1996-08-24</dateline>
<text>
<p>These are the leading stories in the Tunisian press on Saturday. Reuters has not verified these stories and does not vouch for their accuracy.</p>
<p>LA PRESSE</p>
<p>- President Ben Ali orders Foreign Affairs Minister Ben Yahia to follow up contacts at bilateral, regional and international levels on Middle East peace process.</p>
<p>ASSABAH</p>
<p>- PLO's Farouk Kaddoumi praises Tunisia's efforts in Middle East peace process.</p>
</text>
<copyright>(c) Reuters Limited 1996</copyright>
<metadata>
<codes class="bip:countries:1.0">
  <code code="TUNIS">
    <editdetail attribution="Reuters BIP Coding Group" action="confirmed" date="1996-08-24"/>
  </code>
</codes>
<codes class="bip:topics:1.0">
  <code code="GCAT">
    <editdetail attribution="Reuters BIP Coding Group" action="confirmed" date="1996-08-24"/>
  </code>
</codes>
<dc element="dc.date.created" value="1996-08-24"/>
<dc element="dc.publisher" value="Reuters Holdings Plc"/>
<dc element="dc.date.published" value="1996-08-24"/>
<dc element="dc.source" value="Reuters"/>
<dc element="dc.creator.location" value="TUNIS"/>
<dc element="dc.creator.location.country.name" value="TUNISIA"/>
<dc element="dc.source" value="Reuters"/>
</metadata>
</newsitem>
