<?xml version="1.0" encoding="iso-8859-1" ?>
<newsitem itemid="23952" id="root" date="1996-08-30" xml:lang="en">
<title>NIGERIA: Nigerian forex demand falls at auction.</title>
<headline>Nigerian forex demand falls at auction.</headline>
<dateline>LAGOS 1996-08-30</dateline>
<text>
<p>Nigeria's central bank said on Friday it sold $41.65 million in foreign exchange at a rate of 80 naira to the dollar at its latest weekly auction.</p>
<p>Last week, it sold $46.39 million at the same rate.</p>
<p>--Lagos newsroom +234 1 2630317</p>
</text>
<copyright>(c) Reuters Limited 1996</copyright>
<metadata>
<codes class="bip:countries:1.0">
  <code code="NIGEA">
    <editdetail attribution="Reuters BIP Coding Group" action="confirmed" date="1996-08-30"/>
  </code>
</codes>
<codes class="bip:topics:1.0">
  <code code="M13">
    <editdetail attribution="Reuters BIP Coding Group" action="confirmed" date="1996-08-30"/>
  </code>
  <code code="M132">
    <editdetail attribution="Reuters BIP Coding Group" action="confirmed" date="1996-08-30"/>
  </code>
  <code code="MCAT">
    <editdetail attribution="Reuters BIP Coding Group" action="confirmed" date="1996-08-30"/>
  </code>
</codes>
<dc element="dc.date.created" value="1996-08-30"/>
<dc element="dc.publisher" value="Reuters Holdings Plc"/>
<dc element="dc.date.published" value="1996-08-30"/>
<dc element="dc.source" value="Reuters"/>
<dc element="dc.creator.location" value="LAGOS"/>
<dc element="dc.creator.location.country.name" value="NIGERIA"/>
<dc element="dc.source" value="Reuters"/>
</metadata>
</newsitem>
