<?xml version="1.0" encoding="iso-8859-1" ?>
<newsitem itemid="255635" id="root" date="1996-12-13" xml:lang="en">
<title>USA: AirTouch ups stake in Portuguese operator.</title>
<headline>AirTouch ups stake in Portuguese operator.</headline>
<dateline>SAN FRANCISCO 1996-12-13</dateline>
<text>
<p>AirTouch Communications said it raised its stake in Portuguese cellular operator Telecel-Comunicacoes Pessoais to 51 percent.</p>
<p>It previously held a 39 percent stake and is now the majority shareholder.</p>
<p>Telecel just completed an initial public offering (IPO) of 7,645,000 shares.  The underwriters also have exercised their option to buy up to 763,650 additional shares to cover over-allotments, bringing the total IPO to 39 percent of the company, AirTouch said.  </p>
<p>The shares are listed on the Lisbon Stock Exchange and quoted on the SEAQ International.  About 20 percent of the shares were sold in the U.S. under Rule 144A.</p>
<p>The price per share was set at 7,950 escudos (about $51), for a total offering of around 67 billion escudos (about $425 million).  Demand for the total offering was 15 times greater than supply.  The company said the offering was Portugal's largest-ever IPO by a non-governmental company.  The proceeds went to Telepri-Telecomunicacoes Privadas, the selling shareholder.</p>
<p>AirTouch, through its European subsidiary, purchased its additional shares from Telepri in a separate transaction.</p>
<p>Financial terms were not disclosed.</p>
</text>
<copyright>(c) Reuters Limited 1996</copyright>
<metadata>
<codes class="bip:countries:1.0">
  <code code="PORL">
    <editdetail attribution="Reuters BIP Coding Group" action="confirmed" date="1996-12-13"/>
  </code>
  <code code="USA">
    <editdetail attribution="Reuters BIP Coding Group" action="confirmed" date="1996-12-13"/>
  </code>
</codes>
<codes class="bip:industries:1.0">
  <code code="I79020">
    <editdetail attribution="Reuters BIP Coding Group" action="confirmed" date="1996-12-13"/>
  </code>
</codes>
<codes class="bip:topics:1.0">
  <code code="C18">
    <editdetail attribution="Reuters BIP Coding Group" action="confirmed" date="1996-12-13"/>
  </code>
  <code code="C181">
    <editdetail attribution="Reuters BIP Coding Group" action="confirmed" date="1996-12-13"/>
  </code>
  <code code="CCAT">
    <editdetail attribution="Reuters BIP Coding Group" action="confirmed" date="1996-12-13"/>
  </code>
</codes>
<dc element="dc.date.created" value="1996-12-13"/>
<dc element="dc.publisher" value="Reuters Holdings Plc"/>
<dc element="dc.date.published" value="1996-12-13"/>
<dc element="dc.source" value="Reuters"/>
<dc element="dc.creator.location" value="SAN FRANCISCO"/>
<dc element="dc.creator.location.country.name" value="USA"/>
<dc element="dc.source" value="Reuters"/>
</metadata>
</newsitem>
