<?xml version="1.0" encoding="iso-8859-1" ?>
<newsitem itemid="410355" id="root" date="1997-02-28" xml:lang="en">
<title>HONG KONG: Cargolux alters Hong Kong flight skeds.</title>
<headline>Cargolux alters Hong Kong flight skeds.</headline>
<byline>Jim Gilchrist</byline>
<dateline>HONG KONG 1997-02-28</dateline>
<text>
<p>Cargolux has changed its ex-Hong Kong flight schedule for a trial period because of slot congestion at Kai Tai, according to the airline's district manager for Hong Kong, Macau and Guangzhou, Patrick Ng.</p>
<p>Instead of the twice weekly all-cargo flights on Wednesday and Fridays leaving at around 0900, departure is now around 2100 and the routing has also been changed which means a reduction in ex-Hong Kong payload,Ng said.</p>
<p>Instead of flying Hong Kong, Bangkok, Abu Dhabi and Luxembourg, Cargolux now flies direct to Abu Dhabi and calls at Bangkok on the return leg. Cargolux operate either one of four Boeing 747-200s or one of three Boeing 747-400s for the Hong Kong service.</p>
<p>&quot;There is a payload penalty of around 10-15 tonnes. But the departure 12 hours later than normal is a better timing for our aircraft rotation and means flights will stay on time. It was also help us cope with cargo arriving from China in the afternoon giving shippers a more convenient transit time,&quot; Ng said.</p>
<p>The trial period is expected for the next month when a long term decision will be made, he added. - Reuters Air Cargo Newsroom Tel:+44 171 542 7706 Fax:5017</p>
</text>
<copyright>(c) Reuters Limited 1997</copyright>
<metadata>
<codes class="bip:countries:1.0">
  <code code="HKONG">
    <editdetail attribution="Reuters BIP Coding Group" action="confirmed" date="1997-02-28"/>
  </code>
  <code code="LUX">
    <editdetail attribution="Reuters BIP Coding Group" action="confirmed" date="1997-02-28"/>
  </code>
</codes>
<codes class="bip:industries:1.0">
  <code code="I75000">
    <editdetail attribution="Reuters BIP Coding Group" action="confirmed" date="1997-02-28"/>
  </code>
  <code code="I77002">
    <editdetail attribution="Reuters BIP Coding Group" action="confirmed" date="1997-02-28"/>
  </code>
</codes>
<codes class="bip:topics:1.0">
  <code code="C21">
    <editdetail attribution="Reuters BIP Coding Group" action="confirmed" date="1997-02-28"/>
  </code>
  <code code="CCAT">
    <editdetail attribution="Reuters BIP Coding Group" action="confirmed" date="1997-02-28"/>
  </code>
</codes>
<dc element="dc.date.created" value="1997-02-28"/>
<dc element="dc.publisher" value="Reuters Holdings Plc"/>
<dc element="dc.date.published" value="1997-02-28"/>
<dc element="dc.source" value="Reuters"/>
<dc element="dc.creator.location" value="HONG KONG"/>
<dc element="dc.creator.location.country.name" value="HONG KONG"/>
<dc element="dc.source" value="Reuters"/>
</metadata>
</newsitem>
