<?xml version="1.0" encoding="iso-8859-1" ?>
<newsitem itemid="635521" id="root" date="1997-06-03" xml:lang="en">
<title>JAPAN: Tomen sets terms on straight bond.</title>
<headline>Tomen sets terms on straight bond.</headline>
<dateline>TOKYO 1997-06-03</dateline>
<text>
<p>BORROWER - Tomen Corp</p>
<p>LEAD MGR - Tokai Int'l Securities</p>
<p>TRUSTEE - Tokyo-Mitsubishi Bank Ltd</p>
<p> TYPE straight bond   ISSUE NO   5	  AMT   10 bln yen</p>
<p> COUPON 3.0%	    ISS PRICE  100.00   MATURITY 24.Jun.04</p>
<p> LAST MOODY'S	   PAY DATE 24.Jun.97  INT PAY 24th Jun/Dec</p>
<p> LAST S&amp;P		 SIGN DATE	     SUB DATE 3.Jun</p>
<p> LAST JCR		 LAST JBRI	     LAST NIS   A</p>
</text>
<copyright>(c) Reuters Limited 1997</copyright>
<metadata>
<codes class="bip:countries:1.0">
  <code code="JAP">
    <editdetail attribution="Reuters BIP Coding Group" action="confirmed" date="1997-06-03"/>
  </code>
</codes>
<codes class="bip:industries:1.0">
  <code code="I63000">
    <editdetail attribution="Reuters BIP Coding Group" action="confirmed" date="1997-06-03"/>
  </code>
</codes>
<codes class="bip:topics:1.0">
  <code code="C17">
    <editdetail attribution="Reuters BIP Coding Group" action="confirmed" date="1997-06-03"/>
  </code>
  <code code="C172">
    <editdetail attribution="Reuters BIP Coding Group" action="confirmed" date="1997-06-03"/>
  </code>
  <code code="CCAT">
    <editdetail attribution="Reuters BIP Coding Group" action="confirmed" date="1997-06-03"/>
  </code>
</codes>
<dc element="dc.date.created" value="1997-06-03"/>
<dc element="dc.publisher" value="Reuters Holdings Plc"/>
<dc element="dc.date.published" value="1997-06-03"/>
<dc element="dc.source" value="Reuters"/>
<dc element="dc.creator.location" value="TOKYO"/>
<dc element="dc.creator.location.country.name" value="JAPAN"/>
<dc element="dc.source" value="Reuters"/>
</metadata>
</newsitem>
