<?xml version="1.0" encoding="iso-8859-1" ?>
<newsitem itemid="69580" id="root" date="1996-09-23" xml:lang="en">
<title>UK: CRICKET-ENGLISH COUNTY CHAMPIONSHIP AVERAGES.</title>
<headline>CRICKET-ENGLISH COUNTY CHAMPIONSHIP AVERAGES.</headline>
<dateline>LONDON 1996-09-23</dateline>
<text>
<p>Leading averages in English</p>
<p>county championship cricket after the season's final matches</p>
<p>ending on Sunday:</p>
<p>Bowling averages (tabulated - player, overs, maidens, runs,</p>
<p>wickets, average, five wickets, 10 wickets, best bowling):</p>
<p> Shahid Nazir	   47    8  164   12   13.66  0   0   4  43</p>
<p> Saqlain Mushtaq    166.5  43  456   29   15.72  2   0   6  52</p>
<p> C.Ambrose	    284.4  80  717   43   16.67  5   1   6  26</p>
<p> C.Walsh		 26.3 145 1432   85   16.84  7   1   6  22</p>
<p> P.Simmons	    364.4  87 1021   56   18.23  3   0   6  14</p>
<p> D.Masceranhas	 92    21  297   16   18.56  1   0   6  88</p>
<p> G.Gilder		95.1  29  243   13   18.69  1   1   8  22</p>
<p> Mushtaq Ahmed	325    85  861   41   21.00  5   1   7  91</p>
<p> M.Ealham	     401.4 130  995   47   21.17  3   1   8  36</p>
<p> Waqar Younis	 195.1  42  654   30   21.80  1   0   5  42</p>
<p> C.Connor	     362.4  99 1071   49   21.85  2   0   9  38</p>
<p> P.Tufnell	    839.1 273 1712   78   21.94  6   1   7  49</p>
<p> N.Llong		 80.5  23  249   11   22.63  1   0   5  21</p>
<p> D.Gough		573.3 142 1535   67   22.91  2   0   6  36</p>
<p> J.Lewry		302    59  942   41   22.97  4   1   6  44</p>
<p> D.Bicknell	   124.2  21  368   16   23.00  0   0   3   7</p>
<p> D.Millns	     538.1 133 1659   72   23.04  2   1   6  54</p>
<p> S.Lugsden	     70.3   9  262   11   23.81  0   0   3  45</p>
<p> G.Rose		 393.2  98 1218   50   24.36  3   1   7  47</p>
<p> M.Alleyne	    458.1 123 1316   54   24.37  2   0   5  32</p>
<p> Wasim Akram	  271.5  67  787   32   24.59  1   0   5  58</p>
<p> M.Bicknell	   568.1 146 1633   66   24.74  3   0   5  17</p>
<p> M.McCague	    590   120 1897   76   24.96  3   0   6  51</p>
<p> E.Giddins	    367.4  66 1204   48   25.08  2   0   6  47</p>
<p> B.Hollioake	   65    12  252   10   25.20  0   0   4  74</p>
<p>Batting averages (tabulated - matches, innings, not outs,</p>
<p>runs scored, highest score, average, centuries, fifties):</p>
<p> S.Ganguly	    9   14   6   762  136   95.25  3  4</p>
<p> Saeed Anwar	 10   19   1  1224  219n  68.00  5  4</p>
<p> G.Gooch	     17   30   1  1944  201   67.03  8  6</p>
<p> H.Gibbs		8   14   1   867  183   66.69  2  5</p>
<p> A.Hollioake	 17   29   6  1522  129   66.17  5  8</p>
<p> Izamam-ul-Haq	9   14   2   792  169n  66.00  3  4</p>
<p> M.Bevan	     12   22   3  1225  160n  64.47  3  8</p>
<p> S.Tendulkar	  7   11   0   707  177   64.27  2  5</p>
<p> G.Thorpe	    16   29   4  1569  185   62.76  6  7</p>
<p> M.Maynard	   17   30   4  1610  214   61.92  6  6</p>
</text>
<copyright>(c) Reuters Limited 1996</copyright>
<metadata>
<codes class="bip:countries:1.0">
  <code code="UK">
    <editdetail attribution="Reuters BIP Coding Group" action="confirmed" date="1996-09-23"/>
  </code>
</codes>
<codes class="bip:topics:1.0">
  <code code="GCAT">
    <editdetail attribution="Reuters BIP Coding Group" action="confirmed" date="1996-09-23"/>
  </code>
  <code code="GSPO">
    <editdetail attribution="Reuters BIP Coding Group" action="confirmed" date="1996-09-23"/>
  </code>
</codes>
<dc element="dc.date.created" value="1996-09-23"/>
<dc element="dc.publisher" value="Reuters Holdings Plc"/>
<dc element="dc.date.published" value="1996-09-23"/>
<dc element="dc.source" value="Reuters"/>
<dc element="dc.creator.location" value="LONDON"/>
<dc element="dc.creator.location.country.name" value="UK"/>
<dc element="dc.source" value="Reuters"/>
</metadata>
</newsitem>
