<?xml version="1.0" encoding="iso-8859-1" ?>
<newsitem itemid="452635" id="root" date="1997-03-19" xml:lang="en">
<title>SLOVENIA: Spain says supports Slovenia's EU, NATO bids.</title>
<headline>Spain says supports Slovenia's EU, NATO bids.</headline>
<dateline>LJUBLJANA 1997-03-19</dateline>
<text>
<p>Spain supports Slovenia's bids for membership of NATO and the European Union, Spain's state secretary at the Foreign Ministry said on Wednesday.</p>
<p>&quot;Spain will back Slovenia's entry to NATO and the EU based on objective criteria,&quot; Romon de Miguel told a news conference during a two-day visit to Ljubljana. &quot;We firmly believe Slovenia meets the criteria for both.&quot;</p>
<p>Spain also supports Slovenia's bid to enter the United Nations Security Council as a non-permanent member in the years 1998 and 1999.</p>
<p>Slovenia signed the association agreement with the EU in June 1996 and said it would ratify it by the end of June.</p>
<p>Nine other former communist states -- Poland, Hungary, the Czech Republic, Slovakia, Estonia, Lithuania, Latvia, Romania and Bulgaria -- have already signed EU association agreements and are seeking full membership.  REUTER</p>
</text>
<copyright>(c) Reuters Limited 1997</copyright>
<metadata>
<codes class="bip:countries:1.0">
  <code code="EEC">
    <editdetail attribution="Reuters BIP Coding Group" action="confirmed" date="1997-03-19"/>
  </code>
  <code code="NATO">
    <editdetail attribution="Reuters BIP Coding Group" action="confirmed" date="1997-03-19"/>
  </code>
  <code code="SLVNIA">
    <editdetail attribution="Reuters BIP Coding Group" action="confirmed" date="1997-03-19"/>
  </code>
  <code code="SPAIN">
    <editdetail attribution="Reuters BIP Coding Group" action="confirmed" date="1997-03-19"/>
  </code>
</codes>
<codes class="bip:topics:1.0">
  <code code="G15">
    <editdetail attribution="Reuters BIP Coding Group" action="confirmed" date="1997-03-19"/>
  </code>
  <code code="G158">
    <editdetail attribution="Reuters BIP Coding Group" action="confirmed" date="1997-03-19"/>
  </code>
  <code code="GCAT">
    <editdetail attribution="Reuters BIP Coding Group" action="confirmed" date="1997-03-19"/>
  </code>
  <code code="GDEF">
    <editdetail attribution="Reuters BIP Coding Group" action="confirmed" date="1997-03-19"/>
  </code>
  <code code="GDIP">
    <editdetail attribution="Reuters BIP Coding Group" action="confirmed" date="1997-03-19"/>
  </code>
</codes>
<dc element="dc.date.created" value="1997-03-19"/>
<dc element="dc.publisher" value="Reuters Holdings Plc"/>
<dc element="dc.date.published" value="1997-03-19"/>
<dc element="dc.source" value="Reuters"/>
<dc element="dc.creator.location" value="LJUBLJANA"/>
<dc element="dc.creator.location.country.name" value="SLOVENIA"/>
<dc element="dc.source" value="Reuters"/>
</metadata>
</newsitem>
