<?xml version="1.0" encoding="iso-8859-1" ?>
<newsitem itemid="342753" id="root" date="1997-01-29" xml:lang="en">
<title>SWEDEN: Sweden debt office head warns on budget optimism.</title>
<headline>Sweden debt office head warns on budget optimism.</headline>
<dateline>STOCKHOLM 1997-01-29</dateline>
<text>
<p>The head of Sweden's National Debt Office, Thomas Franzen, warned on Wednesday that Sweden should not count on state finances continuing to improve faster than forecast, according to a report in a business daily.</p>
<p>&quot;I have to warn of being too optimistic even if we believe in a surplus,&quot; Franzen told Dagens Industri.</p>
<p>His comments came after Prime Minister Goran Persson last week forecast a budget surplus of 10 billion crowns in 1998, pledging this money to municipalities for health and education. This caused interest rates to rise and the crown to weaken.</p>
<p>But Franzen said people should not be too optimistic. He said a surplus is needed for up to 10 years to pay off state debt and to handle future pensions.</p>
<p>Franzen did not directly want to comment on Persson's promise.</p>
<p>&quot;You should not put too much emphasis on short term reactions, but the reaction and the discussion show that the room to act is limited when you have a large debt and a past that we have,&quot; Franzen told the newspaper.</p>
<p>But if politicians kept strengthening state finances, there should be room for lower bond yields, he said.</p>
<p>-- Birgitta Forsberg, Stockholm newsroom +46-8-700 1006</p>
</text>
<copyright>(c) Reuters Limited 1997</copyright>
<metadata>
<codes class="bip:countries:1.0">
  <code code="SWED">
    <editdetail attribution="Reuters BIP Coding Group" action="confirmed" date="1997-01-29"/>
  </code>
</codes>
<codes class="bip:topics:1.0">
  <code code="E21">
    <editdetail attribution="Reuters BIP Coding Group" action="confirmed" date="1997-01-29"/>
  </code>
  <code code="E211">
    <editdetail attribution="Reuters BIP Coding Group" action="confirmed" date="1997-01-29"/>
  </code>
  <code code="E212">
    <editdetail attribution="Reuters BIP Coding Group" action="confirmed" date="1997-01-29"/>
  </code>
  <code code="ECAT">
    <editdetail attribution="Reuters BIP Coding Group" action="confirmed" date="1997-01-29"/>
  </code>
  <code code="GCAT">
    <editdetail attribution="Reuters BIP Coding Group" action="confirmed" date="1997-01-29"/>
  </code>
  <code code="GPOL">
    <editdetail attribution="Reuters BIP Coding Group" action="confirmed" date="1997-01-29"/>
  </code>
</codes>
<dc element="dc.date.created" value="1997-01-29"/>
<dc element="dc.publisher" value="Reuters Holdings Plc"/>
<dc element="dc.date.published" value="1997-01-29"/>
<dc element="dc.source" value="Reuters"/>
<dc element="dc.creator.location" value="STOCKHOLM"/>
<dc element="dc.creator.location.country.name" value="SWEDEN"/>
<dc element="dc.source" value="Reuters"/>
</metadata>
</newsitem>
