<?xml version="1.0" encoding="iso-8859-1" ?>
<newsitem itemid="722847" id="root" date="1997-07-11" xml:lang="en">
<title>USA: Tops Appliance City Q2 shr profit $0.02.</title>
<headline>Tops Appliance City Q2 shr profit $0.02.</headline>
<text>
<p>EDISON, N.J. - July 11</p>
<p>				1997			1996</p>
<p> Shr  profit		$0.02     loss	 $0.30</p>
<p> Net  profit		  141     loss	 2,189</p>
<p> Revs			78,500		   81,923</p>
<p> Avg shrs	     7,284,049		7,265,698</p>
<p>	  6  MONTHS</p>
<p> Shr   loss		 $0.51     loss	 $0.78</p>
<p> Net   loss		 3,712     loss	 5,653</p>
<p> Revs		     142,826		  150,594</p>
<p> Avg shrs	     7,284,049		7,265,698</p>
<p>(All data above 000s except per share numbers)</p>
</text>
<copyright>(c) Reuters Limited 1997</copyright>
<metadata>
<codes class="bip:countries:1.0">
  <code code="USA">
    <editdetail attribution="Reuters BIP Coding Group" action="confirmed" date="1997-07-11"/>
  </code>
</codes>
<codes class="bip:industries:1.0">
  <code code="I65400">
    <editdetail attribution="Reuters BIP Coding Group" action="confirmed" date="1997-07-11"/>
  </code>
</codes>
<codes class="bip:topics:1.0">
  <code code="C15">
    <editdetail attribution="Reuters BIP Coding Group" action="confirmed" date="1997-07-11"/>
  </code>
  <code code="C151">
    <editdetail attribution="Reuters BIP Coding Group" action="confirmed" date="1997-07-11"/>
  </code>
  <code code="CCAT">
    <editdetail attribution="Reuters BIP Coding Group" action="confirmed" date="1997-07-11"/>
  </code>
</codes>
<dc element="dc.publisher" value="Reuters Holdings Plc"/>
<dc element="dc.date.published" value="1997-07-11"/>
<dc element="dc.source" value="Reuters"/>
<dc element="dc.creator.location.country.name" value="USA"/>
<dc element="dc.source" value="Reuters"/>
</metadata>
</newsitem>
