<?xml version="1.0" encoding="iso-8859-1" ?>
<newsitem itemid="189084" id="root" date="1996-11-14" xml:lang="en">
<title>USA: Gap reports higher third quarter profits.</title>
<headline>Gap reports higher third quarter profits.</headline>
<dateline>SAN FRANCISCO</dateline>
<text>
<p>Gap Inc. Thursday reported a 15 percent jump in third-quarter profits, reflecting strong sales in all three of its retail chains.</p>
<p>The company, which operates Gap, Banana Republic and Old Navy stores, said profits rose to $134.3 million, or 48 cents a share, in the quarter ended on Nov. 2, from $116.9 million, or 41 cents a share, in the 1995 quarter. Sales rose 20 percent to $1.38 billion from $1.16 billion.</p>
<p>Sales at stores open for more than one year rose 1 percent in the quarter.</p>
<p>&quot;Our third quarter results are a tribute to the balance we have in our businesses,&quot; said Millard Drexler, president and chief executive officer. &quot;Each of these brands -- Gap, Banana Republic, and Old Navy -- contributed to total sales growth, with exceptional results at Old Navy, leading to our record third quarter earnings.&quot;</p>
<p>Earnings for the first nine months of the fiscal year grew 41 percent to $281.7 million, or 99 cents a share, from $199.4 million, or 69 cents a share, last year. Net sales grew 26 percent to $3.62 billion from $2.87 billion.</p>
<p>Gap operated 1,823 stores as of Nov. 2, including 935 Gap stores, 222 Banana Republic stores, 486 GapKids stores and 180 Old Navy stores.</p>
<p>Gap stock fell 50 cents to $31.375 on the New York Stock Exchange.</p>
</text>
<copyright>(c) Reuters Limited 1996</copyright>
<metadata>
<codes class="bip:countries:1.0">
  <code code="USA">
    <editdetail attribution="Reuters BIP Coding Group" action="confirmed" date="1996-11-14"/>
  </code>
</codes>
<codes class="bip:industries:1.0">
  <code code="I64500">
    <editdetail attribution="Reuters BIP Coding Group" action="confirmed" date="1996-11-14"/>
  </code>
</codes>
<codes class="bip:topics:1.0">
  <code code="C15">
    <editdetail attribution="Reuters BIP Coding Group" action="confirmed" date="1996-11-14"/>
  </code>
  <code code="C151">
    <editdetail attribution="Reuters BIP Coding Group" action="confirmed" date="1996-11-14"/>
  </code>
  <code code="CCAT">
    <editdetail attribution="Reuters BIP Coding Group" action="confirmed" date="1996-11-14"/>
  </code>
</codes>
<dc element="dc.publisher" value="Reuters Holdings Plc"/>
<dc element="dc.date.published" value="1996-11-14"/>
<dc element="dc.source" value="Reuters"/>
<dc element="dc.creator.location" value="SAN FRANCISCO"/>
<dc element="dc.creator.location.country.name" value="USA"/>
<dc element="dc.source" value="Reuters"/>
</metadata>
</newsitem>
