<?xml version="1.0" encoding="iso-8859-1" ?>
<newsitem itemid="164130" id="root" date="1996-11-04" xml:lang="en">
<title>FRANCE: Air France ups prices due fuel costs rise.</title>
<headline>Air France ups prices due fuel costs rise.</headline>
<dateline>PARIS 1996-11-04</dateline>
<text>
<p>Air France said on Monday it would raise prices because of an increase in fuel costs of around 40 percent since January.</p>
<p>Price rises for European and African destinations would be limited to one percent, while the increase would be 2.5 percent for Asia and two to five percent for the Americas, it said in a statement.</p>
</text>
<copyright>(c) Reuters Limited 1996</copyright>
<metadata>
<codes class="bip:countries:1.0">
  <code code="FRA">
    <editdetail attribution="Reuters BIP Coding Group" action="confirmed" date="1996-11-04"/>
  </code>
</codes>
<codes class="bip:industries:1.0">
  <code code="I75000">
    <editdetail attribution="Reuters BIP Coding Group" action="confirmed" date="1996-11-04"/>
  </code>
</codes>
<codes class="bip:topics:1.0">
  <code code="C31">
    <editdetail attribution="Reuters BIP Coding Group" action="confirmed" date="1996-11-04"/>
  </code>
  <code code="CCAT">
    <editdetail attribution="Reuters BIP Coding Group" action="confirmed" date="1996-11-04"/>
  </code>
</codes>
<dc element="dc.date.created" value="1996-11-04"/>
<dc element="dc.publisher" value="Reuters Holdings Plc"/>
<dc element="dc.date.published" value="1996-11-04"/>
<dc element="dc.source" value="Reuters"/>
<dc element="dc.creator.location" value="PARIS"/>
<dc element="dc.creator.location.country.name" value="FRANCE"/>
<dc element="dc.source" value="Reuters"/>
</metadata>
</newsitem>
