<?xml version="1.0" encoding="iso-8859-1" ?>
<newsitem itemid="617216" id="root" date="1997-05-27" xml:lang="en">
<title>FRANCE: Aero Cargo is French gsa for Czech airline.</title>
<headline>Aero Cargo is French gsa for Czech airline.</headline>
<dateline>PARIS 1997-05-27</dateline>
<text>
<p>Aero Cargo International said it had been appointed general cargo sales agent for Ceskoslovenske Aerolinie (C.S.A.), effective June 1.</p>
<p>The Czech republic carrier, currently represented  by Air France, operates a twice-daily Boeing 737 passenger service between Paris and Prague.</p>
<p>Aero Cargo's airline customers include Aeromexico, Asiana, Austrian Airlines British Midland, Corsair, Cubana and Kenya Airways.</p>
<p>--Reuters Air Cargo Newsroom Tel+44 171 542-7706 Fax+5017</p>
</text>
<copyright>(c) Reuters Limited 1997</copyright>
<metadata>
<codes class="bip:countries:1.0">
  <code code="CZREP">
    <editdetail attribution="Reuters BIP Coding Group" action="confirmed" date="1997-05-27"/>
  </code>
  <code code="FRA">
    <editdetail attribution="Reuters BIP Coding Group" action="confirmed" date="1997-05-27"/>
  </code>
</codes>
<codes class="bip:industries:1.0">
  <code code="I75000">
    <editdetail attribution="Reuters BIP Coding Group" action="confirmed" date="1997-05-27"/>
  </code>
  <code code="I76400">
    <editdetail attribution="Reuters BIP Coding Group" action="confirmed" date="1997-05-27"/>
  </code>
</codes>
<codes class="bip:topics:1.0">
  <code code="C33">
    <editdetail attribution="Reuters BIP Coding Group" action="confirmed" date="1997-05-27"/>
  </code>
  <code code="CCAT">
    <editdetail attribution="Reuters BIP Coding Group" action="confirmed" date="1997-05-27"/>
  </code>
</codes>
<dc element="dc.date.created" value="1997-05-27"/>
<dc element="dc.publisher" value="Reuters Holdings Plc"/>
<dc element="dc.date.published" value="1997-05-27"/>
<dc element="dc.source" value="Reuters"/>
<dc element="dc.creator.location" value="PARIS"/>
<dc element="dc.creator.location.country.name" value="FRANCE"/>
<dc element="dc.source" value="Reuters"/>
</metadata>
</newsitem>
