<?xml version="1.0" encoding="iso-8859-1" ?>
<newsitem itemid="120708" id="root" date="1996-10-16" xml:lang="en">
<title>USA: SFX Broadcasting buys concert promoter.</title>
<headline>SFX Broadcasting buys concert promoter.</headline>
<dateline>NEW YORK 1996-10-16</dateline>
<text>
<p>Delsener/Slater Enterprises Ltd. -- which has promoted concerts by the likes of the Rolling Stones, Paul McCartney and Elton John -- will be bought by SFX Broadcasting Inc., the multistate radio station owner announced Wednesday.</p>
<p>SFX, which announced an agreement to buy radio station owner Secret Communications' assets for $300 million Tuesday, did not disclose how much it was paying for Delsener/Slater.</p>
<p>Delsener/Slater will become an independent division of SFX and will retain its name, management and location, SFX said. Both companies are based in New York.</p>
<p>Ron Delsener and Mitch Slater will each hold the title of co-president and co-chief executive officer.</p>
<p>SFX Broadcasting Chairman Robert Sillerman said the acquisition would produce &quot;great opportunities for promotional tie-ins&quot; for the company's radio stations with live music events produced by Delsener/Slater.</p>
<p>The concert promoter, founded in 1966, has produced concerts by the Rolling Stones, Billy Joel, McCartney, John, the Eagles, Pink Floyd and Kiss around the Northeast, including New York City's Yankee Stadium and Shea Stadium. They also created popular &quot;free concerts&quot; in New York's Central Park as well as $1 summer concerts.</p>
<p>SFX owns, operates or provides content to 77 stations in 23 markets in Texas, California, Pennsylvania, Ohio, Rhode Island, Indiana, Connecticut, the Carolinas, Tennessee, Florida, Virginia, New York state, Kansas, Arizona, Massachusetts and Mississippi.</p>
</text>
<copyright>(c) Reuters Limited 1996</copyright>
<metadata>
<codes class="bip:countries:1.0">
  <code code="USA">
    <editdetail attribution="Reuters BIP Coding Group" action="confirmed" date="1996-10-16"/>
  </code>
</codes>
<codes class="bip:industries:1.0">
  <code code="I9741105">
    <editdetail attribution="Reuters BIP Coding Group" action="confirmed" date="1996-10-16"/>
  </code>
</codes>
<codes class="bip:topics:1.0">
  <code code="C18">
    <editdetail attribution="Reuters BIP Coding Group" action="confirmed" date="1996-10-16"/>
  </code>
  <code code="C181">
    <editdetail attribution="Reuters BIP Coding Group" action="confirmed" date="1996-10-16"/>
  </code>
  <code code="CCAT">
    <editdetail attribution="Reuters BIP Coding Group" action="confirmed" date="1996-10-16"/>
  </code>
  <code code="GCAT">
    <editdetail attribution="Reuters BIP Coding Group" action="confirmed" date="1996-10-16"/>
  </code>
  <code code="GENT">
    <editdetail attribution="Reuters BIP Coding Group" action="confirmed" date="1996-10-16"/>
  </code>
</codes>
<dc element="dc.date.created" value="1996-10-16"/>
<dc element="dc.publisher" value="Reuters Holdings Plc"/>
<dc element="dc.date.published" value="1996-10-16"/>
<dc element="dc.source" value="Reuters"/>
<dc element="dc.creator.location" value="NEW YORK"/>
<dc element="dc.creator.location.country.name" value="USA"/>
<dc element="dc.source" value="Reuters"/>
</metadata>
</newsitem>
