<?xml version="1.0" encoding="iso-8859-1" ?>
<newsitem itemid="587898" id="root" date="1997-05-15" xml:lang="en">
<title>GERMANY: BASF chief bets on better results in 97.</title>
<headline>BASF chief bets on better results in 97.</headline>
<dateline>FRANKFURT 1997-05-15</dateline>
<text>
<p>German chemicals and drug group BASF AG said on Thursday that it expected sales and profits to remain at high levels and for full year sales to top 50 billion marks and profits to be higher.</p>
<p>Fresh from posting a nearly four percent rise in first quarter pre-tax profits and a 13.6 percent rise in sales, BASF chairman Juergen Strube said that results would continue to be strong.</p>
<p>&quot;In 1997 we will again show our shareholders that BASF has become more agile, quicker, and more profitable,&quot; Strube said in the text of a speech distributed before the annual meeting.</p>
<p>-- Frankfurt Newsroom, +49 59 756525</p>
</text>
<copyright>(c) Reuters Limited 1997</copyright>
<metadata>
<codes class="bip:countries:1.0">
  <code code="GFR">
    <editdetail attribution="Reuters BIP Coding Group" action="confirmed" date="1997-05-15"/>
  </code>
</codes>
<codes class="bip:industries:1.0">
  <code code="I25000">
    <editdetail attribution="Reuters BIP Coding Group" action="confirmed" date="1997-05-15"/>
  </code>
</codes>
<codes class="bip:topics:1.0">
  <code code="C15">
    <editdetail attribution="Reuters BIP Coding Group" action="confirmed" date="1997-05-15"/>
  </code>
  <code code="C152">
    <editdetail attribution="Reuters BIP Coding Group" action="confirmed" date="1997-05-15"/>
  </code>
  <code code="CCAT">
    <editdetail attribution="Reuters BIP Coding Group" action="confirmed" date="1997-05-15"/>
  </code>
</codes>
<dc element="dc.date.created" value="1997-05-15"/>
<dc element="dc.publisher" value="Reuters Holdings Plc"/>
<dc element="dc.date.published" value="1997-05-15"/>
<dc element="dc.source" value="Reuters"/>
<dc element="dc.creator.location" value="FRANKFURT"/>
<dc element="dc.creator.location.country.name" value="GERMANY"/>
<dc element="dc.source" value="Reuters"/>
</metadata>
</newsitem>
