<?xml version="1.0" encoding="iso-8859-1" ?>
<newsitem itemid="798053" id="root" date="1997-08-13" xml:lang="en">
<title>CHINA: HK businesses urge non-intervention in industry.</title>
<headline>HK businesses urge non-intervention in industry.</headline>
<dateline>HONG KONG 1997-08-13</dateline>
<text>
<p>Hong Kong's business community urged the territory's leader Tung Chee-hwa on Wednesday not to meddle in industry, saying the hands-off policy adopted in the past had been successful.</p>
<p>The General Chamber of Commerce said chairman James Tien had written to Tung to air its views on industrial policy.</p>
<p>&quot;He pointed out that few industrialists in Hong Kong would like to see the government in the driver's seat of industrial development,&quot; the chamber's statement said.</p>
<p>&quot;Rather, they advocate a middle-of-the-road approach of appropriate government support to industry,&quot; it said.</p>
<p>The chamber called for minimum market intervention.</p>
<p>Hong Kong, formerly a British colony, reverted to China on July 1. The former administration adopted a laissez faire policy but provided certain support to industry.</p>
<p>China-appointed Tung has signalled he will take a greater interest in industrial development policy.</p>
<p>&quot;The government's industrial policy so far has been quite successful, otherwise we won't be as prosperous as we are now,&quot; the Chamber of Commerce quoted Tien's letter as saying.</p>
<p>The chamber, however, also called for government support to help industry adjust to economic changes.</p>
<p>&quot;In the end, what Hong Kong needs is a policy that provides the environment for Hong Kong to be a centre for innovation in both services and manufacturing,&quot; it said.</p>
</text>
<copyright>(c) Reuters Limited 1997</copyright>
<metadata>
<codes class="bip:countries:1.0">
  <code code="CHINA">
    <editdetail attribution="Reuters BIP Coding Group" action="confirmed" date="1997-08-13"/>
  </code>
  <code code="HKONG">
    <editdetail attribution="Reuters BIP Coding Group" action="confirmed" date="1997-08-13"/>
  </code>
</codes>
<codes class="bip:topics:1.0">
  <code code="C13">
    <editdetail attribution="Reuters BIP Coding Group" action="confirmed" date="1997-08-13"/>
  </code>
  <code code="CCAT">
    <editdetail attribution="Reuters BIP Coding Group" action="confirmed" date="1997-08-13"/>
  </code>
  <code code="E12">
    <editdetail attribution="Reuters BIP Coding Group" action="confirmed" date="1997-08-13"/>
  </code>
  <code code="ECAT">
    <editdetail attribution="Reuters BIP Coding Group" action="confirmed" date="1997-08-13"/>
  </code>
  <code code="GCAT">
    <editdetail attribution="Reuters BIP Coding Group" action="confirmed" date="1997-08-13"/>
  </code>
  <code code="GPOL">
    <editdetail attribution="Reuters BIP Coding Group" action="confirmed" date="1997-08-13"/>
  </code>
</codes>
<dc element="dc.date.created" value="1997-08-13"/>
<dc element="dc.publisher" value="Reuters Holdings Plc"/>
<dc element="dc.date.published" value="1997-08-13"/>
<dc element="dc.source" value="Reuters"/>
<dc element="dc.creator.location" value="HONG KONG"/>
<dc element="dc.creator.location.country.name" value="CHINA"/>
<dc element="dc.source" value="Reuters"/>
</metadata>
</newsitem>
