<?xml version="1.0" encoding="iso-8859-1" ?>
<newsitem itemid="494277" id="root" date="1997-04-08" xml:lang="en">
<title>FRANCE: Air France, Royal Air Maroc strengthen ties.</title>
<headline>Air France, Royal Air Maroc strengthen ties.</headline>
<dateline>PARIS 1997-04-08</dateline>
<text>
<p>French state-owned airline Air France announced on Tuesday it had signed an agreement with Royal Air Maroc to increase cooperation between the two carriers.</p>
<p>&quot;The main aim of this agreement is to develop new services and promote air traffic as much between Morocco and France as between their hubs,&quot; Air France said in a statement.</p>
<p>Air France said the deal provided for closer flight programme coordination and gradual implementation of so-called code sharing between the two carriers. Code sharing allows one airline to issue a through ticket using a connecting flight on its partner's network, helping save costs and increase traffic.</p>
<p>The code sharing would cover flights this winter between Casablanca and Lyon and Casablanca and Strasbourg.</p>
<p>Air France holds 3.97 percent of the capital of Royal Air Maroc.</p>
<p>The two airlines will also explore cooperation in such areas as maintenance, stopover assistance, purchasing and freight.</p>
<p>-- Paris Newsroom +33 1 4221 5452</p>
</text>
<copyright>(c) Reuters Limited 1997</copyright>
<metadata>
<codes class="bip:countries:1.0">
  <code code="FRA">
    <editdetail attribution="Reuters BIP Coding Group" action="confirmed" date="1997-04-08"/>
  </code>
  <code code="MOROC">
    <editdetail attribution="Reuters BIP Coding Group" action="confirmed" date="1997-04-08"/>
  </code>
</codes>
<codes class="bip:industries:1.0">
  <code code="I75000">
    <editdetail attribution="Reuters BIP Coding Group" action="confirmed" date="1997-04-08"/>
  </code>
</codes>
<codes class="bip:topics:1.0">
  <code code="C11">
    <editdetail attribution="Reuters BIP Coding Group" action="confirmed" date="1997-04-08"/>
  </code>
  <code code="CCAT">
    <editdetail attribution="Reuters BIP Coding Group" action="confirmed" date="1997-04-08"/>
  </code>
</codes>
<dc element="dc.date.created" value="1997-04-08"/>
<dc element="dc.publisher" value="Reuters Holdings Plc"/>
<dc element="dc.date.published" value="1997-04-08"/>
<dc element="dc.source" value="Reuters"/>
<dc element="dc.creator.location" value="PARIS"/>
<dc element="dc.creator.location.country.name" value="FRANCE"/>
<dc element="dc.source" value="Reuters"/>
</metadata>
</newsitem>
