<?xml version="1.0" encoding="iso-8859-1" ?>
<newsitem itemid="28967" id="root" date="1996-09-03" xml:lang="en">
<title>USA: Salomon says starts Horsham Corp.</title>
<headline>Salomon says starts Horsham Corp.</headline>
<dateline>NEW YORK 1996-09-03</dateline>
<text>
<p>Salomon Brothers analyst Donald A. Zwyer said he initiated coverage of Horsham Corp with a strong buy rating and 12-month price target of $20.</p>
<p>&quot;Motivated management plans to take actions to surface the company's underlying value, including asset sales or stock buyback,&quot; Zwyer said in a research note.</p>
<p>&quot;Horsham stock is recommended for investors interested in buying gold, real estate and energy assets at a discount.&quot;</p>
<p>Shares were up 1/4 at 13-1/2 on the NYSE.</p>
</text>
<copyright>(c) Reuters Limited 1996</copyright>
<metadata>
<codes class="bip:countries:1.0">
  <code code="CANA">
    <editdetail attribution="Reuters BIP Coding Group" action="confirmed" date="1996-09-03"/>
  </code>
  <code code="USA">
    <editdetail attribution="Reuters BIP Coding Group" action="confirmed" date="1996-09-03"/>
  </code>
</codes>
<codes class="bip:industries:1.0">
  <code code="I21000">
    <editdetail attribution="Reuters BIP Coding Group" action="confirmed" date="1996-09-03"/>
  </code>
</codes>
<codes class="bip:topics:1.0">
  <code code="C15">
    <editdetail attribution="Reuters BIP Coding Group" action="confirmed" date="1996-09-03"/>
  </code>
  <code code="C152">
    <editdetail attribution="Reuters BIP Coding Group" action="confirmed" date="1996-09-03"/>
  </code>
  <code code="CCAT">
    <editdetail attribution="Reuters BIP Coding Group" action="confirmed" date="1996-09-03"/>
  </code>
</codes>
<dc element="dc.date.created" value="1996-09-03"/>
<dc element="dc.publisher" value="Reuters Holdings Plc"/>
<dc element="dc.date.published" value="1996-09-03"/>
<dc element="dc.source" value="Reuters"/>
<dc element="dc.creator.location" value="NEW YORK"/>
<dc element="dc.creator.location.country.name" value="USA"/>
<dc element="dc.source" value="Reuters"/>
</metadata>
</newsitem>
