<?xml version="1.0" encoding="iso-8859-1" ?>
<newsitem itemid="346710" id="root" date="1997-01-31" xml:lang="en">
<title>BRAZIL: Brazil 1997 GDP growth seen at up to 5.0 pct -Ipea.</title>
<headline>Brazil 1997 GDP growth seen at up to 5.0 pct -Ipea.</headline>
<dateline>RIO DE JANEIRO 1997-01-31</dateline>
<text>
<p>Brazil's Gross Domestic Product is expected to grow 4.0 percent to 5.0 percent in 1997, the Planning Ministry's Applied Economic Research Institute (Ipea) said.</p>
<p>Ipea also said in its January bulletin that GDP growth in 1996 was about 3.0 percent.  </p>
<p>It added that the government will continue to reduce its net public sector operational deficit to around 2.5 percent of GDP in 1997.</p>
<p>The deficit dropped to around 4.5 percent of GDP last year from 5.0 percent in 1995, according to government estimates.</p>
<p>The Ipea bulletin said public sector debt also would be reduced this year, resulting in a lowering of interest rates. But it did not provide figures for either.</p>
<p>Industrial production is expected to grow between five percent and six percent in 1997, the bulletin said.</p>
<p>As a result of GDP growth, per capita income in 1997 would rise by 3.5 percent, Ipea said.</p>
<p>((-- Simona de Logu, Rio de Janeiro newsroom 5521 507 4151))</p>
</text>
<copyright>(c) Reuters Limited 1997</copyright>
<metadata>
<codes class="bip:countries:1.0">
  <code code="BRAZ">
    <editdetail attribution="Reuters BIP Coding Group" action="confirmed" date="1997-01-31"/>
  </code>
</codes>
<codes class="bip:topics:1.0">
  <code code="E11">
    <editdetail attribution="Reuters BIP Coding Group" action="confirmed" date="1997-01-31"/>
  </code>
  <code code="ECAT">
    <editdetail attribution="Reuters BIP Coding Group" action="confirmed" date="1997-01-31"/>
  </code>
</codes>
<dc element="dc.date.created" value="1997-01-31"/>
<dc element="dc.publisher" value="Reuters Holdings Plc"/>
<dc element="dc.date.published" value="1997-01-31"/>
<dc element="dc.source" value="Reuters"/>
<dc element="dc.creator.location" value="RIO DE JANEIRO"/>
<dc element="dc.creator.location.country.name" value="BRAZIL"/>
<dc element="dc.source" value="Reuters"/>
</metadata>
</newsitem>
