<?xml version="1.0" encoding="iso-8859-1" ?>
<newsitem itemid="539244" id="root" date="1997-04-25" xml:lang="en">
<title>USA: New US corporate deals well-bid in secondary mart.</title>
<headline>New US corporate deals well-bid in secondary mart.</headline>
<dateline>NEW YORK 1997-04-25</dateline>
<text>
<p>There was solid demand from investors for new corporate bond issues, in an otherwise quiet day of trading in the secondary market on Friday, traders said.</p>
<p>Traders said this may be a sign of growing confidence in the U.S. corporate bond market.</p>
<p>Traders said new issues such as Comcast Cable Communications Inc's $1.7 billion four-tranche deal, KSL Recreation Group Inc's $125 million in notes and L-3 Communications Inc $225 million in notes, traded at par or higher on Friday.</p>
<p>Prices in the broader investment-grade and high-yield corporate bond market remained largely unchanged, they said.</p>
</text>
<copyright>(c) Reuters Limited 1997</copyright>
<metadata>
<codes class="bip:countries:1.0">
  <code code="USA">
    <editdetail attribution="Reuters BIP Coding Group" action="confirmed" date="1997-04-25"/>
  </code>
</codes>
<codes class="bip:topics:1.0">
  <code code="M12">
    <editdetail attribution="Reuters BIP Coding Group" action="confirmed" date="1997-04-25"/>
  </code>
  <code code="MCAT">
    <editdetail attribution="Reuters BIP Coding Group" action="confirmed" date="1997-04-25"/>
  </code>
</codes>
<dc element="dc.date.created" value="1997-04-25"/>
<dc element="dc.publisher" value="Reuters Holdings Plc"/>
<dc element="dc.date.published" value="1997-04-25"/>
<dc element="dc.source" value="Reuters"/>
<dc element="dc.creator.location" value="NEW YORK"/>
<dc element="dc.creator.location.country.name" value="USA"/>
<dc element="dc.source" value="Reuters"/>
</metadata>
</newsitem>
