<?xml version="1.0" encoding="iso-8859-1" ?>
<newsitem itemid="152476" id="root" date="1996-10-30" xml:lang="en">
<title>USA: Esquire concludes pact to buy M&amp;M Court.</title>
<headline>Esquire concludes pact to buy M&amp;M Court.</headline>
<dateline>NEW YORK 1996-10-30</dateline>
<text>
<p>Esquire Communications Ltd said on Wednesday that it has concluded its purchase of M&amp;M Certified Court Reporters of California for an undisclosed combination of stock, cash and notes.</p>
<p>M&amp;M had about $5 million in revenues for 1995, Esquire said.</p>
<p>Esquire Communications Ltd provides court reporting and legal support services. It reported about $20.7 million in revenues for fiscal 1995.</p>
</text>
<copyright>(c) Reuters Limited 1996</copyright>
<metadata>
<codes class="bip:countries:1.0">
  <code code="USA">
    <editdetail attribution="Reuters BIP Coding Group" action="confirmed" date="1996-10-30"/>
  </code>
</codes>
<codes class="bip:industries:1.0">
  <code code="I34400">
    <editdetail attribution="Reuters BIP Coding Group" action="confirmed" date="1996-10-30"/>
  </code>
</codes>
<codes class="bip:topics:1.0">
  <code code="C18">
    <editdetail attribution="Reuters BIP Coding Group" action="confirmed" date="1996-10-30"/>
  </code>
  <code code="C181">
    <editdetail attribution="Reuters BIP Coding Group" action="confirmed" date="1996-10-30"/>
  </code>
  <code code="CCAT">
    <editdetail attribution="Reuters BIP Coding Group" action="confirmed" date="1996-10-30"/>
  </code>
</codes>
<dc element="dc.date.created" value="1996-10-30"/>
<dc element="dc.publisher" value="Reuters Holdings Plc"/>
<dc element="dc.date.published" value="1996-10-30"/>
<dc element="dc.source" value="Reuters"/>
<dc element="dc.creator.location" value="NEW YORK"/>
<dc element="dc.creator.location.country.name" value="USA"/>
<dc element="dc.source" value="Reuters"/>
</metadata>
</newsitem>
