<?xml version="1.0" encoding="iso-8859-1" ?>
<newsitem itemid="216020" id="root" date="1996-11-25" xml:lang="en">
<title>EGYPT: PRESS DIGEST - Egypt - Nov 25.</title>
<headline>PRESS DIGEST - Egypt - Nov 25.</headline>
<dateline>CAIRO 1996-11-25</dateline>
<text>
<p>These are the leading stories in the Egyptian press on Monday. Reuters has not verified these stories and does not vouch for their accuracy.</p>
<p>AL-AHRAM</p>
<p>- In an atmosphere of escalating anger in the occupied territories, Foreign Minister Amr Moussa warned that Israel's pursuit of its settlement policies and practices raises extremely difficult questions about the real intentions of the present Israeli government.</p>
<p>- Egypt said it supported the decision to postpone the imposition of sanctions on Sudan for 30 days to give the Sudanese government more time to consider its position.</p>
<p>- Mrs Suzanne Mubarak opened the Cairo International Children's Book Fair.</p>
<p>- Prime Minister Kamal Ganzouri announced that the government's bill on the tax on agricultural land is meant to make life easier for owners and tenants by not imposing any new taxes on farm produce.</p>
<p>- Supply and Trade Minister Ahmed Gueily announced that the council of ministers will discuss setting up a cotton compensation fund and that this would have a capital of 700 million pounds ($206 million). He said the export target for this year was 1.5 million qantars (75,000 tonnes).</p>
<p>- An official security source denied Sudanese reports that Egyptian police detained and tortured a group of Sudanese students.</p>
<p>- Ganzouri said the parliamentary bill on a free zone in the Gulf of Suez will be ready within a few days for submission to parliament and approval by the end of December.</p>
<p>AL-AKHBAR</p>
<p>- Amr Moussa on settlement policy.</p>
<p>- Oil Minister Hamdi el-Banbi announced a new petrol discovery in the Belayim area in the Gulf of Suez, in an area operated by Petrobel, a joint venture between Agip SpA and the state's Egyptian General Petroleum Corporation.</p>
<p>- Ganzouri said the government would do what it could to help the victims of floods in the south.</p>
<p>- Police arrested an Israeli driver who tried to buy goods with a counterfeit $100 bill.</p>
<p>AL-GOMHURIA</p>
<p>- The land tax will stay the same for the next five years.</p>
<p>- Amin Bassioui, formerly the head of the Egyptian Radio and Television Union, has been appointed chairman of the newly created Egyptian Satellite Company (Nilesat)</p>
<p>AL-WAFD</p>
<p>- The government has ignored the victims of floods in the provinces of Aswan and Qena. The Ministry of Public Works expects more floods in the south.</p>
<p>-- Cairo newsroom +20 2 578 3290/1</p>
</text>
<copyright>(c) Reuters Limited 1996</copyright>
<metadata>
<codes class="bip:countries:1.0">
  <code code="EGYPT">
    <editdetail attribution="Reuters BIP Coding Group" action="confirmed" date="1996-11-25"/>
  </code>
</codes>
<codes class="bip:topics:1.0">
  <code code="GCAT">
    <editdetail attribution="Reuters BIP Coding Group" action="confirmed" date="1996-11-25"/>
  </code>
</codes>
<dc element="dc.date.created" value="1996-11-25"/>
<dc element="dc.publisher" value="Reuters Holdings Plc"/>
<dc element="dc.date.published" value="1996-11-25"/>
<dc element="dc.source" value="Reuters"/>
<dc element="dc.creator.location" value="CAIRO"/>
<dc element="dc.creator.location.country.name" value="EGYPT"/>
<dc element="dc.source" value="Reuters"/>
</metadata>
</newsitem>
