<?xml version="1.0" encoding="iso-8859-1" ?>
<newsitem itemid="396343" id="root" date="1997-02-22" xml:lang="en">
<title>BANGLADESH: Dhaka stocks close lower amid profit taking.</title>
<headline>Dhaka stocks close lower amid profit taking.</headline>
<dateline>DHAKA 1997-02-22</dateline>
<text>
<p>Dhaka stocks closed lower as retail investors booked profit on blue chip shares, brokers said.</p>
<p>The Dhaka Stock Exchange (DSE) all-share price index fell 22.36 points or 1.23 percent at 1,781.73 on a turnover of 125.7 million taka. Friday is the weekend in Bangladesh. Of 125 traded issues, 35 gained and 86 lost.</p>
<p>Brokers said market sentiment was positive and investors wanted to cash in gains from rises over the past few sessions. Singer Bangladesh shed 151 to 13,117, Shine Pukur rose 6.0 to 295 and Usmani Glass Sheet was down 141 to 1,403.</p>
<p>-- Dhaka Newsroom +880-2-506363</p>
</text>
<copyright>(c) Reuters Limited 1997</copyright>
<metadata>
<codes class="bip:countries:1.0">
  <code code="BANDH">
    <editdetail attribution="Reuters BIP Coding Group" action="confirmed" date="1997-02-22"/>
  </code>
</codes>
<codes class="bip:topics:1.0">
  <code code="M11">
    <editdetail attribution="Reuters BIP Coding Group" action="confirmed" date="1997-02-22"/>
  </code>
  <code code="MCAT">
    <editdetail attribution="Reuters BIP Coding Group" action="confirmed" date="1997-02-22"/>
  </code>
</codes>
<dc element="dc.date.created" value="1997-02-22"/>
<dc element="dc.publisher" value="Reuters Holdings Plc"/>
<dc element="dc.date.published" value="1997-02-22"/>
<dc element="dc.source" value="Reuters"/>
<dc element="dc.creator.location" value="DHAKA"/>
<dc element="dc.creator.location.country.name" value="BANGLADESH"/>
<dc element="dc.source" value="Reuters"/>
</metadata>
</newsitem>
