<?xml version="1.0" encoding="iso-8859-1" ?>
<newsitem itemid="702961" id="root" date="1997-07-02" xml:lang="en">
<title>MOROCCO: Strike hits Morocco's Cosumar sugar plant.</title>
<headline>Strike hits Morocco's Cosumar sugar plant.</headline>
<dateline>RABAT 1997-07-02</dateline>
<text>
<p>Morocco's main sugar refiner Cosumar was paralysed on Wednesday with workers on an indefinite strike, a union spokesman said.</p>
<p>&quot;The management's irrational behaviour and provocation pushed Cosumar workers to an indefinite strike...The (Casablanca-based) refinery was paralysed on Wednesday...as no solution was found yet to the dispute,&quot; Fouad Benseddik, Union Marocaine du Travail (Moroccan Work Union - UMT) spokesman, told Reuters by telephone.</p>
<p>He said the strike had started last week.</p>
<p>The dispute involved pay rises for the workforce and compensation for workers laid off as part of the restructuring being carried out by the firm, he said.</p>
<p>Cosumar, a subsidiary of Morocco's largest conglomerate ONA group, has nearly 3,000 employees and annual production of 670,000 tonnes of sugar.</p>
<p>An ONA manager said that the firm had given all due rights for the workers.</p>
<p>&quot;Compensations and other benefits have been paid to the workers...The refinery is undergoing a restructuring policy...and it is in the interest of everybody to comply with this policy to face forthcoming foreign competitiveness,&quot; the manager said.</p>
<p>&quot;We are aware of the firm's restructuring policy, we agree with it but we cannot accept the immediate layoff of 350 workers, including 40 UMT affiliates,&quot; Benseddik said, adding that the problem could be resolved through serious dialogue.</p>
<p>According to Cosumar officials the refinery had enough refined sugar stock to respond to the market's immediate demands.</p>
<p>Cosumar, which is the country's major importer and refiner of raw sugar, bought more than half a million tonnes of raw sugar or about 50 percent of Moroccan consumption in 1996.</p>
<p>On the Casablanca bourse, Cosumar was last traded at 880 dirhams per share.</p>
<p>($1= 9.4 dirhams)</p>
<p>-- Ali Bouzerda, Rabat newsroom +212-7 72 65 18</p>
</text>
<copyright>(c) Reuters Limited 1997</copyright>
<metadata>
<codes class="bip:countries:1.0">
  <code code="MOROC">
    <editdetail attribution="Reuters BIP Coding Group" action="confirmed" date="1997-07-02"/>
  </code>
</codes>
<codes class="bip:industries:1.0">
  <code code="I42000">
    <editdetail attribution="Reuters BIP Coding Group" action="confirmed" date="1997-07-02"/>
  </code>
  <code code="I83960">
    <editdetail attribution="Reuters BIP Coding Group" action="confirmed" date="1997-07-02"/>
  </code>
</codes>
<codes class="bip:topics:1.0">
  <code code="C42">
    <editdetail attribution="Reuters BIP Coding Group" action="confirmed" date="1997-07-02"/>
  </code>
  <code code="CCAT">
    <editdetail attribution="Reuters BIP Coding Group" action="confirmed" date="1997-07-02"/>
  </code>
  <code code="E41">
    <editdetail attribution="Reuters BIP Coding Group" action="confirmed" date="1997-07-02"/>
  </code>
  <code code="ECAT">
    <editdetail attribution="Reuters BIP Coding Group" action="confirmed" date="1997-07-02"/>
  </code>
  <code code="GCAT">
    <editdetail attribution="Reuters BIP Coding Group" action="confirmed" date="1997-07-02"/>
  </code>
  <code code="GJOB">
    <editdetail attribution="Reuters BIP Coding Group" action="confirmed" date="1997-07-02"/>
  </code>
</codes>
<dc element="dc.date.created" value="1997-07-02"/>
<dc element="dc.publisher" value="Reuters Holdings Plc"/>
<dc element="dc.date.published" value="1997-07-02"/>
<dc element="dc.source" value="Reuters"/>
<dc element="dc.creator.location" value="RABAT"/>
<dc element="dc.creator.location.country.name" value="MOROCCO"/>
<dc element="dc.source" value="Reuters"/>
</metadata>
</newsitem>
