<?xml version="1.0" encoding="iso-8859-1" ?>
<newsitem itemid="89168" id="root" date="1996-10-01" xml:lang="en">
<title>ITALY: Olivetti shareholders want board changes.</title>
<headline>Olivetti shareholders want board changes.</headline>
<dateline>MILAN 1996-10-01</dateline>
<text>
<p>The Association of Italian small shareholders and the committee of small shareholders in Olivetti said they wanted to see the election of a new board at Olivetti as the only solution to save the company.</p>
<p>A joint statement by the two shareholder groups said the only way to save the company was the election of a new executive board elected by an assembly of shareholders.</p>
<p>The two groups have asked a group of foreign funds, which represent up 25 percent of the capital in Olivetti, not to be content with just one member on the Olivetti board representing shareholders, as has been suggested by Olivetti.</p>
<p>-- Milan newsroom +392 66129502</p>
</text>
<copyright>(c) Reuters Limited 1996</copyright>
<metadata>
<codes class="bip:countries:1.0">
  <code code="ITALY">
    <editdetail attribution="Reuters BIP Coding Group" action="confirmed" date="1996-10-01"/>
  </code>
</codes>
<codes class="bip:industries:1.0">
  <code code="I33020">
    <editdetail attribution="Reuters BIP Coding Group" action="confirmed" date="1996-10-01"/>
  </code>
  <code code="I3302003">
    <editdetail attribution="Reuters BIP Coding Group" action="confirmed" date="1996-10-01"/>
  </code>
</codes>
<codes class="bip:topics:1.0">
  <code code="C11">
    <editdetail attribution="Reuters BIP Coding Group" action="confirmed" date="1996-10-01"/>
  </code>
  <code code="C41">
    <editdetail attribution="Reuters BIP Coding Group" action="confirmed" date="1996-10-01"/>
  </code>
  <code code="C411">
    <editdetail attribution="Reuters BIP Coding Group" action="confirmed" date="1996-10-01"/>
  </code>
  <code code="CCAT">
    <editdetail attribution="Reuters BIP Coding Group" action="confirmed" date="1996-10-01"/>
  </code>
</codes>
<dc element="dc.date.created" value="1996-10-01"/>
<dc element="dc.publisher" value="Reuters Holdings Plc"/>
<dc element="dc.date.published" value="1996-10-01"/>
<dc element="dc.source" value="Reuters"/>
<dc element="dc.creator.location" value="MILAN"/>
<dc element="dc.creator.location.country.name" value="ITALY"/>
<dc element="dc.source" value="Reuters"/>
</metadata>
</newsitem>
