<?xml version="1.0" encoding="iso-8859-1" ?>
<newsitem itemid="603858" id="root" date="1997-05-21" xml:lang="en">
<title>SOUTH KOREA: Samsung Display to produce touch panel.</title>
<headline>Samsung Display to produce touch panel.</headline>
<dateline>SEOUL 1997-05-21</dateline>
<text>
<p>Samsung Display Devices Co, a unit of South Korea's Samsung Group , said on Wednesday it would produce the country's first &quot;touch panel&quot; from August.</p>
<p>Touch panels, widely used in personal digital assistants and notebooks, are memory devices that allow operation through the use of a finger or a plastic pen instead of the traditional keyboard or mouse.</p>
<p>Samsung Display had invested three billion won in development. It said it would have a monthly production capacity of 30,000 units for 300mm X 370mm sized panels and 60,000 units for 370mm X 480mm sized panels.</p>
</text>
<copyright>(c) Reuters Limited 1997</copyright>
<metadata>
<codes class="bip:countries:1.0">
  <code code="SKOREA">
    <editdetail attribution="Reuters BIP Coding Group" action="confirmed" date="1997-05-21"/>
  </code>
</codes>
<codes class="bip:industries:1.0">
  <code code="I34531">
    <editdetail attribution="Reuters BIP Coding Group" action="confirmed" date="1997-05-21"/>
  </code>
</codes>
<codes class="bip:topics:1.0">
  <code code="C22">
    <editdetail attribution="Reuters BIP Coding Group" action="confirmed" date="1997-05-21"/>
  </code>
  <code code="CCAT">
    <editdetail attribution="Reuters BIP Coding Group" action="confirmed" date="1997-05-21"/>
  </code>
</codes>
<dc element="dc.date.created" value="1997-05-21"/>
<dc element="dc.publisher" value="Reuters Holdings Plc"/>
<dc element="dc.date.published" value="1997-05-21"/>
<dc element="dc.source" value="Reuters"/>
<dc element="dc.creator.location" value="SEOUL"/>
<dc element="dc.creator.location.country.name" value="SOUTH KOREA"/>
<dc element="dc.source" value="Reuters"/>
</metadata>
</newsitem>
