<?xml version="1.0" encoding="iso-8859-1" ?>
<newsitem itemid="183796" id="root" date="1996-11-12" xml:lang="en">
<title>USA: St. Joseph County, Ind., $1.9 mln issue A1-Moody's.</title>
<headline>St. Joseph County, Ind., $1.9 mln issue A1-Moody's.</headline>
<dateline>NEW YORK 1996-11-12</dateline>
<text>
<p>Moody's Investors Service -</p>
<p>Rating Announcement As of 11/08/96.</p>
<p>Issuer		: St. Joseph County</p>
<p>State		 : IN</p>
<p>Rating		: A1</p>
<p>Sale Amount	 : 1,920,000</p>
<p>Expected Sale Date: 11/12/96</p>
<p>--U.S. Municipal Desk, 212-859-1650</p>
</text>
<copyright>(c) Reuters Limited 1996</copyright>
<metadata>
<codes class="bip:countries:1.0">
  <code code="USA">
    <editdetail attribution="Reuters BIP Coding Group" action="confirmed" date="1996-11-12"/>
  </code>
</codes>
<codes class="bip:topics:1.0">
  <code code="C17">
    <editdetail attribution="Reuters BIP Coding Group" action="confirmed" date="1996-11-12"/>
  </code>
  <code code="C174">
    <editdetail attribution="Reuters BIP Coding Group" action="confirmed" date="1996-11-12"/>
  </code>
  <code code="CCAT">
    <editdetail attribution="Reuters BIP Coding Group" action="confirmed" date="1996-11-12"/>
  </code>
  <code code="E21">
    <editdetail attribution="Reuters BIP Coding Group" action="confirmed" date="1996-11-12"/>
  </code>
  <code code="E212">
    <editdetail attribution="Reuters BIP Coding Group" action="confirmed" date="1996-11-12"/>
  </code>
  <code code="ECAT">
    <editdetail attribution="Reuters BIP Coding Group" action="confirmed" date="1996-11-12"/>
  </code>
</codes>
<dc element="dc.date.created" value="1996-11-12"/>
<dc element="dc.publisher" value="Reuters Holdings Plc"/>
<dc element="dc.date.published" value="1996-11-12"/>
<dc element="dc.source" value="Reuters"/>
<dc element="dc.creator.location" value="NEW YORK"/>
<dc element="dc.creator.location.country.name" value="USA"/>
<dc element="dc.source" value="Reuters"/>
</metadata>
</newsitem>
