<?xml version="1.0" encoding="iso-8859-1" ?>
<newsitem itemid="280988" id="root" date="1996-12-30" xml:lang="en">
<title>INDIA: Indian Shipping -- Madras cargoes - Dec 30.</title>
<headline>Indian Shipping -- Madras cargoes - Dec 30.</headline>
<dateline>BOMBAY 1996-12-30</dateline>
<text>
<p>Following is the berthing schedule of major vessels loading and unloading at India's Madras port on December 30:</p>
<p> Commodity		Tons		  Ship	    Berthing</p>
<p>		  (LDD/ULD)  (Balance)</p>
<p>----------------------------------------------------------------</p>
<p> Containers	  168 (LDD)    162     E.Nilgiris	 27/12</p>
<p> Steel	     4,944 (ULD)  1,009     Anastasia	  25/12</p>
<p> Potash	   19,810 (ULD)  4,960     Ratnavandana     29/12</p>
<p> Sugar	    11,422 (LDD)    573     Feng Cheng	 25/12</p>
<p> General	   2,726 (ULD)  2,010     Veersarvarkar    27/12</p>
<p> General/Granite 3,346 (ULD)	7     Kranj		21/12</p>
<p> General/Granite 6,347 (LDD) 10,653     Kranj		21/12</p>
<p> Scrap	    11,198 (ULD) 12,802     Sea Resource     22/12</p>
<p> Steel	     1,429 (ULD)  4,916     Trade Dawn	 29/12</p>
<p> Thermal Coal    5,270 (ULD) 28,047     Jag Rahul	  29/12</p>
<p> Thermal Coal   25,308 (ULD)  9,100     Nand Neeti	 26/12</p>
<p> Iron Ore	  3,500 (ULD)120,370     Treasure Sunrise 29/12</p>
<p> Containers	  532 (ULD)     75     Tiger Island     28/12</p>
<p> Containers	  133 (ULD)     31     Kota Chahaya     29/12</p>
<p> Containers	   48 (LDD)    406     Kota Chahaya     29/12</p>
<p> Containers	  164 (ULD)     35     Novokubansk	29/12</p>
<p> Containers	   55 (LDD)    399     Novokubansk	29/12</p>
<p> Palm Oil	  3,300 (ULD)  2,700     Lisa		 30/12</p>
<p> Palm Oil	  1,446 (ULD)    516     Orient Miracle   27/12</p>
<p>--------------------------------------------------------------</p>
<p>	    Note:</p>
<p>	    LDD - Loading</p>
<p>	    ULD - Unloading</p>
<p>(Source: J.M.Baxi &amp; Co, Madras)</p>
<p>-- Bombay newsroom +91-22-265 9000</p>
</text>
<copyright>(c) Reuters Limited 1996</copyright>
<metadata>
<codes class="bip:countries:1.0">
  <code code="INDIA">
    <editdetail attribution="Reuters BIP Coding Group" action="confirmed" date="1996-12-30"/>
  </code>
</codes>
<codes class="bip:topics:1.0">
  <code code="M14">
    <editdetail attribution="Reuters BIP Coding Group" action="confirmed" date="1996-12-30"/>
  </code>
  <code code="MCAT">
    <editdetail attribution="Reuters BIP Coding Group" action="confirmed" date="1996-12-30"/>
  </code>
</codes>
<dc element="dc.date.created" value="1996-12-30"/>
<dc element="dc.publisher" value="Reuters Holdings Plc"/>
<dc element="dc.date.published" value="1996-12-30"/>
<dc element="dc.source" value="Reuters"/>
<dc element="dc.creator.location" value="BOMBAY"/>
<dc element="dc.creator.location.country.name" value="INDIA"/>
<dc element="dc.source" value="Reuters"/>
</metadata>
</newsitem>
