<?xml version="1.0" encoding="iso-8859-1" ?>
<newsitem itemid="328035" id="root" date="1997-01-23" xml:lang="en">
<title>USA: Texas/w Oklahoma feedlot cattle roundup - USDA.</title>
<headline>Texas/w Oklahoma feedlot cattle roundup - USDA.</headline>
<dateline>AMARILLO 1997-01-23</dateline>
<text>
<p>USDA said trade was moderate in the panhandle area late Wednesday. Slaughter steers and heifers closed $1.00 lower than last week.</p>
<p>Feedlots reported moderate inquiry from buyers. Sales reported on 3,200 slaughter steers and 3,600 heifers; 42,700 head confirmed for the week to date which includes 31,400 formulated cattle to be shipped this week.</p>
<p>Steers - select and choice 2-3 1100-1250 lbs 65.00.</p>
<p>Heifers - select and choice 2-3 1000-1150 lbs 65.00.</p>
<p>Confirmed:    6,800   Week Ago:  3,800   Year Ago:  13,100</p>
<p>Wk to Date:  44,800   Week Ago: 77,900   Year Ago: 124,900</p>
</text>
<copyright>(c) Reuters Limited 1997</copyright>
<metadata>
<codes class="bip:countries:1.0">
  <code code="USA">
    <editdetail attribution="Reuters BIP Coding Group" action="confirmed" date="1997-01-23"/>
  </code>
</codes>
<codes class="bip:topics:1.0">
  <code code="M14">
    <editdetail attribution="Reuters BIP Coding Group" action="confirmed" date="1997-01-23"/>
  </code>
  <code code="M141">
    <editdetail attribution="Reuters BIP Coding Group" action="confirmed" date="1997-01-23"/>
  </code>
  <code code="MCAT">
    <editdetail attribution="Reuters BIP Coding Group" action="confirmed" date="1997-01-23"/>
  </code>
</codes>
<dc element="dc.date.created" value="1997-01-23"/>
<dc element="dc.publisher" value="Reuters Holdings Plc"/>
<dc element="dc.date.published" value="1997-01-23"/>
<dc element="dc.source" value="Reuters"/>
<dc element="dc.creator.location" value="AMARILLO"/>
<dc element="dc.creator.location.country.name" value="USA"/>
<dc element="dc.source" value="Reuters"/>
</metadata>
</newsitem>
