<?xml version="1.0" encoding="iso-8859-1" ?>
<newsitem itemid="72160" id="root" date="1996-09-24" xml:lang="en">
<title>USA: Baltimore sees 646 MW coal unit up Oct 21.</title>
<headline>Baltimore sees 646 MW coal unit up Oct 21.</headline>
<dateline>NEW YORK 1996-09-24</dateline>
<text>
<p>Baltimore Gas &amp; Electric Co (BGE) said Tuesday it expected its 646 MW coal-fired Brandon Shores unit 2 to resume operation next month after being shut more than a week ago for seasonal maintenance,</p>
<p>&quot;It went down September 13. Everything's on target for its return on October 21,&quot; the spokesman said, adding the adjoining 645 MW unit 1 remained in service.</p>
<p>The Brandon Shores facility is located in metropolitan Baltimore, in Anne Arundael County. Both units account for approximately 20 percent of the BGE's installed generating capacity.</p>
<p>Baltimore Gas &amp; Electric is the operator and sole owner of Brandon Shores.</p>
<p>--R Leong, New York Power Desk +1 212 859 1622</p>
</text>
<copyright>(c) Reuters Limited 1996</copyright>
<metadata>
<codes class="bip:countries:1.0">
  <code code="USA">
    <editdetail attribution="Reuters BIP Coding Group" action="confirmed" date="1996-09-24"/>
  </code>
</codes>
<codes class="bip:industries:1.0">
  <code code="I16000">
    <editdetail attribution="Reuters BIP Coding Group" action="confirmed" date="1996-09-24"/>
  </code>
</codes>
<codes class="bip:topics:1.0">
  <code code="C21">
    <editdetail attribution="Reuters BIP Coding Group" action="confirmed" date="1996-09-24"/>
  </code>
  <code code="C24">
    <editdetail attribution="Reuters BIP Coding Group" action="confirmed" date="1996-09-24"/>
  </code>
  <code code="CCAT">
    <editdetail attribution="Reuters BIP Coding Group" action="confirmed" date="1996-09-24"/>
  </code>
</codes>
<dc element="dc.date.created" value="1996-09-24"/>
<dc element="dc.publisher" value="Reuters Holdings Plc"/>
<dc element="dc.date.published" value="1996-09-24"/>
<dc element="dc.source" value="Reuters"/>
<dc element="dc.creator.location" value="NEW YORK"/>
<dc element="dc.creator.location.country.name" value="USA"/>
<dc element="dc.source" value="Reuters"/>
</metadata>
</newsitem>
