<?xml version="1.0" encoding="iso-8859-1" ?>
<newsitem itemid="188530" id="root" date="1996-11-14" xml:lang="en">
<title>CANADA: Canada to ink C$4.5 billion atomic deal with China.</title>
<headline>Canada to ink C$4.5 billion atomic deal with China.</headline>
<dateline>OTTAWA 1996-11-14</dateline>
<text>
<p>Canada will complete a multibillion dollar deal this month to build two nuclear power plants in China, government officials said on Thursday.</p>
<p>The final pact will be signed during a visit to Shanghai by Prime Minister Jean Chretien.</p>
<p>The officials told reporters that China had agreed to safeguards, to be enforced by monitoring from the United Nations' International Atomic Energy Agency, under which it will not use any of the nuclear material for military purposes.</p>
<p>&quot;They don't need us to proliferate. They have nuclear weapons already,&quot; one official said.</p>
<p>He added that France and Britain already had built reactors in China, and he said Canada's safeguards were stricter.</p>
<p>The deal is worth $4.5 billion Canadian ($3.4 billion U.S.) and will provide two heavy water reactors, each with a capacity of 700 megawatts, an official with the government's Atomic Energy of Canada Limited said.</p>
<p>He said such a reactor in the West could provide power to a city of 700,000 people, probably significantly more in China since its people use less energy.</p>
<p>Chretien plans to swing through Shanghai on Nov. 26 during a visit to Asia.</p>
<p>An agreement in principle for the reactors was signed during a trade mission to China in 1994.</p>
<p>After attending the Nov. 23-25 Asia-Pacific Economic Cooperation summit in Manila, Chretien is to fly to Shanghai and then visit Japan from Nov. 26-30.</p>
</text>
<copyright>(c) Reuters Limited 1996</copyright>
<metadata>
<codes class="bip:countries:1.0">
  <code code="CANA">
    <editdetail attribution="Reuters BIP Coding Group" action="confirmed" date="1996-11-14"/>
  </code>
  <code code="CHINA">
    <editdetail attribution="Reuters BIP Coding Group" action="confirmed" date="1996-11-14"/>
  </code>
</codes>
<codes class="bip:industries:1.0">
  <code code="I15000">
    <editdetail attribution="Reuters BIP Coding Group" action="confirmed" date="1996-11-14"/>
  </code>
  <code code="I1610109">
    <editdetail attribution="Reuters BIP Coding Group" action="confirmed" date="1996-11-14"/>
  </code>
  <code code="I50200">
    <editdetail attribution="Reuters BIP Coding Group" action="confirmed" date="1996-11-14"/>
  </code>
  <code code="I5020044">
    <editdetail attribution="Reuters BIP Coding Group" action="confirmed" date="1996-11-14"/>
  </code>
</codes>
<codes class="bip:topics:1.0">
  <code code="C24">
    <editdetail attribution="Reuters BIP Coding Group" action="confirmed" date="1996-11-14"/>
  </code>
  <code code="C33">
    <editdetail attribution="Reuters BIP Coding Group" action="confirmed" date="1996-11-14"/>
  </code>
  <code code="CCAT">
    <editdetail attribution="Reuters BIP Coding Group" action="confirmed" date="1996-11-14"/>
  </code>
</codes>
<dc element="dc.date.created" value="1996-11-14"/>
<dc element="dc.publisher" value="Reuters Holdings Plc"/>
<dc element="dc.date.published" value="1996-11-14"/>
<dc element="dc.source" value="Reuters"/>
<dc element="dc.creator.location" value="OTTAWA"/>
<dc element="dc.creator.location.country.name" value="CANADA"/>
<dc element="dc.source" value="Reuters"/>
</metadata>
</newsitem>
