<?xml version="1.0" encoding="iso-8859-1" ?>
<newsitem itemid="271404" id="root" date="1996-12-20" xml:lang="en">
<title>AUSTRIA: VA Stahl, Gabrielli buy Veneta Nastri.</title>
<headline>VA Stahl, Gabrielli buy Veneta Nastri.</headline>
<dateline>VIENNA 1996-12-20</dateline>
<text>
<p>Austria's VA Stahl AG and Italy's Gabrielli group have acquired northern Italian steel firm Veneta Nastri AsP through their joint venture Metallservice SpA, VA Stahl said on Friday.</p>
<p>VA Stahl has a 40 percent stake in Cittadella-based Metallservice SpA. Gabrielli has a 60 percent stake.</p>
<p>In a statement VA Stahl said the deal would strengthen its position on the Italian steel market. It gave no financial details.</p>
<p>Veneta Nastri employs 140 staff and in 1995 had a turnover of 1.5 billion schillings, VA Stahl said.</p>
<p>-- Vienna Newsroom, 43-1-53112-258</p>
</text>
<copyright>(c) Reuters Limited 1996</copyright>
<metadata>
<codes class="bip:countries:1.0">
  <code code="AUST">
    <editdetail attribution="Reuters BIP Coding Group" action="confirmed" date="1996-12-20"/>
  </code>
  <code code="ITALY">
    <editdetail attribution="Reuters BIP Coding Group" action="confirmed" date="1996-12-20"/>
  </code>
</codes>
<codes class="bip:industries:1.0">
  <code code="I22100">
    <editdetail attribution="Reuters BIP Coding Group" action="confirmed" date="1996-12-20"/>
  </code>
</codes>
<codes class="bip:topics:1.0">
  <code code="C18">
    <editdetail attribution="Reuters BIP Coding Group" action="confirmed" date="1996-12-20"/>
  </code>
  <code code="C181">
    <editdetail attribution="Reuters BIP Coding Group" action="confirmed" date="1996-12-20"/>
  </code>
  <code code="CCAT">
    <editdetail attribution="Reuters BIP Coding Group" action="confirmed" date="1996-12-20"/>
  </code>
</codes>
<dc element="dc.date.created" value="1996-12-20"/>
<dc element="dc.publisher" value="Reuters Holdings Plc"/>
<dc element="dc.date.published" value="1996-12-20"/>
<dc element="dc.source" value="Reuters"/>
<dc element="dc.creator.location" value="VIENNA"/>
<dc element="dc.creator.location.country.name" value="AUSTRIA"/>
<dc element="dc.source" value="Reuters"/>
</metadata>
</newsitem>
