<?xml version="1.0" encoding="iso-8859-1" ?>
<newsitem itemid="442371" id="root" date="1997-03-14" xml:lang="en">
<title>RUSSIA: Russia's Gazprom names firm to assess gas reserves.</title>
<headline>Russia's Gazprom names firm to assess gas reserves.</headline>
<dateline>MOSCOW 1997-03-14</dateline>
<text>
<p>Russian gas monopoly Gazprom said on Friday it had chosen U.S. petroleum consultants DeGolyer and MacNaughton to prepare an independent assessment of its natural gas reserves in line with international standards.</p>
<p>The first stage of the work, due to be completed this year, involves selecting eight major gas reserves for assessment, Gazprom said in a statement.</p>
<p>They form the main part of RAO Gazprom's exploited reserves, it said.</p>
<p>--Moscow Newsroom +7095 941 8520</p>
</text>
<copyright>(c) Reuters Limited 1997</copyright>
<metadata>
<codes class="bip:countries:1.0">
  <code code="RUSS">
    <editdetail attribution="Reuters BIP Coding Group" action="confirmed" date="1997-03-14"/>
  </code>
  <code code="USA">
    <editdetail attribution="Reuters BIP Coding Group" action="confirmed" date="1997-03-14"/>
  </code>
</codes>
<codes class="bip:industries:1.0">
  <code code="I13000">
    <editdetail attribution="Reuters BIP Coding Group" action="confirmed" date="1997-03-14"/>
  </code>
</codes>
<codes class="bip:topics:1.0">
  <code code="C33">
    <editdetail attribution="Reuters BIP Coding Group" action="confirmed" date="1997-03-14"/>
  </code>
  <code code="CCAT">
    <editdetail attribution="Reuters BIP Coding Group" action="confirmed" date="1997-03-14"/>
  </code>
</codes>
<dc element="dc.date.created" value="1997-03-14"/>
<dc element="dc.publisher" value="Reuters Holdings Plc"/>
<dc element="dc.date.published" value="1997-03-14"/>
<dc element="dc.source" value="Reuters"/>
<dc element="dc.creator.location" value="MOSCOW"/>
<dc element="dc.creator.location.country.name" value="RUSSIA"/>
<dc element="dc.source" value="Reuters"/>
</metadata>
</newsitem>
