<?xml version="1.0" encoding="iso-8859-1" ?>
<newsitem itemid="362687" id="root" date="1997-02-07" xml:lang="en">
<title>BELGIUM: BELGIUM TO CHANGE TAX DISPUTE APPEAL LAWS.</title>
<headline>BELGIUM TO CHANGE TAX DISPUTE APPEAL LAWS.</headline>
<dateline>BRUSSELS 1997-02-07</dateline>
<text>
<p>The Belgian government said on Friday it plans to change the law that allows a person or firm with a complaint about tax treatment to appeal directly to the Finance Minister.</p>
<p>Finance Minister Philippe Maystadt said the change would initially apply only to cases concerning value added tax and direct contributions.</p>
<p>It did not, he said, apply to cases such as the Kredietbank affair, which concerned bourse tax and was therefore dealt with under a different article of the tax code.</p>
<p>However, he said there was no reason why the logic that was behind the change in the law should not be applied equally to other taxes.</p>
<p>In place of being allowed to appeal direct to the minister, people with a complaint would first address themselves to the person in charge of their case and then, if necessary to a tribunal, Maystadt said.</p>
<p>-- Brussels Newsroom +32 2 287 6810, Fax +32 2 230 7710</p>
</text>
<copyright>(c) Reuters Limited 1997</copyright>
<metadata>
<codes class="bip:countries:1.0">
  <code code="BELG">
    <editdetail attribution="Reuters BIP Coding Group" action="confirmed" date="1997-02-07"/>
  </code>
</codes>
<codes class="bip:topics:1.0">
  <code code="E21">
    <editdetail attribution="Reuters BIP Coding Group" action="confirmed" date="1997-02-07"/>
  </code>
  <code code="E211">
    <editdetail attribution="Reuters BIP Coding Group" action="confirmed" date="1997-02-07"/>
  </code>
  <code code="ECAT">
    <editdetail attribution="Reuters BIP Coding Group" action="confirmed" date="1997-02-07"/>
  </code>
</codes>
<dc element="dc.date.created" value="1997-02-07"/>
<dc element="dc.publisher" value="Reuters Holdings Plc"/>
<dc element="dc.date.published" value="1997-02-07"/>
<dc element="dc.source" value="Reuters"/>
<dc element="dc.creator.location" value="BRUSSELS"/>
<dc element="dc.creator.location.country.name" value="BELGIUM"/>
<dc element="dc.source" value="Reuters"/>
</metadata>
</newsitem>
