<?xml version="1.0" encoding="iso-8859-1" ?>
<newsitem itemid="695808" id="root" date="1997-06-30" xml:lang="en">
<title>SLOVENIA: Upimo Group to list on Ljubljana OTC market.</title>
<headline>Upimo Group to list on Ljubljana OTC market.</headline>
<dateline>LJUBLJANA 1997-06-30</dateline>
<text>
<p>Financial company Upimo Group will list its shares on the over-the-counter (OTC) section of the Ljubljana bourse on July 9, the bourse said on Monday.</p>
<p>The company will list 215,000 ordinary shares with a nominal value of 1,000 tolars ($6.37) each.</p>
<p>Currently there are 29 shares traded on the main section of the Ljubljana stock exchange and 42 on the OTC market. -- Ljubljana newsroom, 386-61-125-8439</p>
</text>
<copyright>(c) Reuters Limited 1997</copyright>
<metadata>
<codes class="bip:countries:1.0">
  <code code="SLVNIA">
    <editdetail attribution="Reuters BIP Coding Group" action="confirmed" date="1997-06-30"/>
  </code>
</codes>
<codes class="bip:industries:1.0">
  <code code="I83100">
    <editdetail attribution="Reuters BIP Coding Group" action="confirmed" date="1997-06-30"/>
  </code>
</codes>
<codes class="bip:topics:1.0">
  <code code="C14">
    <editdetail attribution="Reuters BIP Coding Group" action="confirmed" date="1997-06-30"/>
  </code>
  <code code="C17">
    <editdetail attribution="Reuters BIP Coding Group" action="confirmed" date="1997-06-30"/>
  </code>
  <code code="C171">
    <editdetail attribution="Reuters BIP Coding Group" action="confirmed" date="1997-06-30"/>
  </code>
  <code code="CCAT">
    <editdetail attribution="Reuters BIP Coding Group" action="confirmed" date="1997-06-30"/>
  </code>
</codes>
<dc element="dc.date.created" value="1997-06-30"/>
<dc element="dc.publisher" value="Reuters Holdings Plc"/>
<dc element="dc.date.published" value="1997-06-30"/>
<dc element="dc.source" value="Reuters"/>
<dc element="dc.creator.location" value="LJUBLJANA"/>
<dc element="dc.creator.location.country.name" value="SLOVENIA"/>
<dc element="dc.source" value="Reuters"/>
</metadata>
</newsitem>
