<?xml version="1.0" encoding="iso-8859-1" ?>
<newsitem itemid="468934" id="root" date="1997-03-26" xml:lang="en">
<title>BULGARIA: Bulgaria sells 51.724 bln levs 1- and 4-wk T-bills.</title>
<headline>Bulgaria sells 51.724 bln levs 1- and 4-wk T-bills.</headline>
<dateline>SOFIA 1997-03-26</dateline>
<text>
<p>Bulgaria's Finance Ministry on Wednesday sold two discount T-bill issues with maturities of one week and four weeks, yielding 3.81 percent and 17.62 percent to maturity, respectively, the central bank said.</p>
<p>Bids were received for a total of 51.974 billion levs of T-bills but the ministry approved bids for 51.724 billion levs worth of paper.</p>
<p>The issues were offered with no par value or minimum acceptable price set in advance by the ministry. Auction date and maturity date for each issue overlap.</p>
<p>Details of the issues follow. Prices in percent of par:</p>
<p> Issue number		  BG3023297008	 BG3023397006</p>
<p> Term			    one week	     four weeks</p>
<p> Issue date		    March 26	     March 26</p>
<p> Maturity date		 April 2		April 23</p>
<p> Bids received		 27,680.7 million levs  24,292.8 million</p>
<p> Avg price of bids	   96.33 pct	    85.02</p>
<p> Bids approved		 27,430.7 million levs  24,292.8 million</p>
<p> Avg accepted price	  96.33 pct	    85.02 pct</p>
<p> Avg yield to maturity     3.81 pct	     17.62 pct</p>
<p>-- Sofia Newsroom, (++359-2) 981 8569</p>
</text>
<copyright>(c) Reuters Limited 1997</copyright>
<metadata>
<codes class="bip:countries:1.0">
  <code code="BUL">
    <editdetail attribution="Reuters BIP Coding Group" action="confirmed" date="1997-03-26"/>
  </code>
</codes>
<codes class="bip:topics:1.0">
  <code code="M13">
    <editdetail attribution="Reuters BIP Coding Group" action="confirmed" date="1997-03-26"/>
  </code>
  <code code="M131">
    <editdetail attribution="Reuters BIP Coding Group" action="confirmed" date="1997-03-26"/>
  </code>
  <code code="MCAT">
    <editdetail attribution="Reuters BIP Coding Group" action="confirmed" date="1997-03-26"/>
  </code>
</codes>
<dc element="dc.date.created" value="1997-03-26"/>
<dc element="dc.publisher" value="Reuters Holdings Plc"/>
<dc element="dc.date.published" value="1997-03-26"/>
<dc element="dc.source" value="Reuters"/>
<dc element="dc.creator.location" value="SOFIA"/>
<dc element="dc.creator.location.country.name" value="BULGARIA"/>
<dc element="dc.source" value="Reuters"/>
</metadata>
</newsitem>
