<?xml version="1.0" encoding="iso-8859-1" ?>
<newsitem itemid="379022" id="root" date="1997-02-14" xml:lang="en">
<title>INDIA: India - Forward dollar rates-(closing)-Feb 14.</title>
<headline>India - Forward dollar rates-(closing)-Feb 14.</headline>
<dateline>BOMBAY 1997-02-14</dateline>
<text>
<p>Bombay banks quoted the forward premia on dollar at the following rates (in paise):</p>
<p>	     Cash Spot    Cash Tom	Tom Spot</p>
<p>----------------------------------------------------------------</p>
<p>  TIME	Bid/Ask	Bid/Ask	Bid/Ask</p>
<p>(in IST)</p>
<p>----------------------------------------------------------------</p>
<p>1030	 0250/0300     ---/---	---/---</p>
<p>1100	 0250/0300     ---/---	---/---</p>
<p>1200	 0200/0300     ---/---	---/---</p>
<p>1300	 0225/0275     ---/---	---/---</p>
<p>1400	 0250/0300     ---/---	---/---</p>
<p>1500	 0250/0300     ---/---	---/---</p>
<p>1600	 0250/0300     ---/---	---/---</p>
<p>.</p>
<p>----------------------------------------------------------------</p>
<p>	   Feb   Mar   Apr   May    Jun     Jul     Aug     Dec</p>
<p>----------------------------------------------------------------</p>
<p>1030     4/6  24/26 48/50 69/71  90/92  114/116 135/137 210/230</p>
<p>1100     4/6  23/25 49/51 69/71  91/93  114/117 135/137 210/230</p>
<p>1200     3/5  22/25 47/50 68/71  89/92  113/116 134/137 210/230</p>
<p>1300     3/5  22/25 48/50 68/71  88/91  113/116 133/136 210/230</p>
<p>1400     4/5  22/24 47/49 67/69  88/90  111/113 131/133 210/230</p>
<p>1500     3/5  22/24 47/49 67/69  88/91  111/113 131/133 210/230</p>
<p>1600     3/4  22/24 47/49 67/69  87/89  110/112 130/132 210/230</p>
<p>.</p>
<p>These indicative rates are based on contributions from ABN Amro, ANZ Grindlays, Andhra Bank, Bank of America, Banque Nationale De Paris,Barclays Bank Ltd,Canara Bank,Citibank,Credit Lyonnais, Deutsche Bank, Dresdner Bank, Global Trust Bank, HDFC Bank, Hongkong Bank, L.C.Raheja, Mashreq Bank,Nucleus Securities, Societe Generale, Standard Chartered Bank, State Bank of India - Calcutta, Syndicate Bank.</p>
<p>For contributions contact Samir Shah on 022-265 9000</p>
</text>
<copyright>(c) Reuters Limited 1997</copyright>
<metadata>
<codes class="bip:countries:1.0">
  <code code="INDIA">
    <editdetail attribution="Reuters BIP Coding Group" action="confirmed" date="1997-02-14"/>
  </code>
</codes>
<codes class="bip:topics:1.0">
  <code code="M13">
    <editdetail attribution="Reuters BIP Coding Group" action="confirmed" date="1997-02-14"/>
  </code>
  <code code="M132">
    <editdetail attribution="Reuters BIP Coding Group" action="confirmed" date="1997-02-14"/>
  </code>
  <code code="MCAT">
    <editdetail attribution="Reuters BIP Coding Group" action="confirmed" date="1997-02-14"/>
  </code>
</codes>
<dc element="dc.date.created" value="1997-02-14"/>
<dc element="dc.publisher" value="Reuters Holdings Plc"/>
<dc element="dc.date.published" value="1997-02-14"/>
<dc element="dc.source" value="Reuters"/>
<dc element="dc.creator.location" value="BOMBAY"/>
<dc element="dc.creator.location.country.name" value="INDIA"/>
<dc element="dc.source" value="Reuters"/>
</metadata>
</newsitem>
