<?xml version="1.0" encoding="iso-8859-1" ?>
<newsitem itemid="332698" id="root" date="1997-01-24" xml:lang="en">
<title>GERMANY: GERMAN DATA DUE - NRW consumer price report.</title>
<headline>GERMAN DATA DUE - NRW consumer price report.</headline>
<dateline>FRANKFURT 1997-01-24</dateline>
<text>
<p>The German state of North Rhine-Westphalia will report January consumer prices on Friday afternoon, a spokesman said.</p>
<p>In December, NRW said CPI climbed 1.6 percent from a year ago and 0.4 percent from November.</p>
<p>Baden-Wuerttemberg also said it would publish CPI data on Friday, probably by 0930 GMT.</p>
<p>--Frankfurt Newsroom + 49 69 756525</p>
</text>
<copyright>(c) Reuters Limited 1997</copyright>
<metadata>
<codes class="bip:countries:1.0">
  <code code="GFR">
    <editdetail attribution="Reuters BIP Coding Group" action="confirmed" date="1997-01-24"/>
  </code>
</codes>
<codes class="bip:topics:1.0">
  <code code="E13">
    <editdetail attribution="Reuters BIP Coding Group" action="confirmed" date="1997-01-24"/>
  </code>
  <code code="E131">
    <editdetail attribution="Reuters BIP Coding Group" action="confirmed" date="1997-01-24"/>
  </code>
  <code code="ECAT">
    <editdetail attribution="Reuters BIP Coding Group" action="confirmed" date="1997-01-24"/>
  </code>
</codes>
<dc element="dc.date.created" value="1997-01-24"/>
<dc element="dc.publisher" value="Reuters Holdings Plc"/>
<dc element="dc.date.published" value="1997-01-24"/>
<dc element="dc.source" value="Reuters"/>
<dc element="dc.creator.location" value="FRANKFURT"/>
<dc element="dc.creator.location.country.name" value="GERMANY"/>
<dc element="dc.source" value="Reuters"/>
</metadata>
</newsitem>
