<?xml version="1.0" encoding="iso-8859-1" ?>
<newsitem itemid="649362" id="root" date="1997-06-10" xml:lang="en">
<title>SOUTH AFRICA: SAfrica JSE mkt cap at record 1,254 bln rand high.</title>
<headline>SAfrica JSE mkt cap at record 1,254 bln rand high.</headline>
<dateline>JOHANNESBURG 1997-06-10</dateline>
<text>
<p>South Africa's Johannesburg Stock Exchange (JSE) said on Tuesday that market capitalisation on the bourse had hit a fresh all-time high of 1,254 billion rand on Monday, June 9.</p>
<p>The previous record high of 1,248 billion rand was recorded on June 6.</p>
<p>-- Johannesburg newsroom, +27 11 482-1003</p>
</text>
<copyright>(c) Reuters Limited 1997</copyright>
<metadata>
<codes class="bip:countries:1.0">
  <code code="SAFR">
    <editdetail attribution="Reuters BIP Coding Group" action="confirmed" date="1997-06-10"/>
  </code>
</codes>
<codes class="bip:topics:1.0">
  <code code="M11">
    <editdetail attribution="Reuters BIP Coding Group" action="confirmed" date="1997-06-10"/>
  </code>
  <code code="MCAT">
    <editdetail attribution="Reuters BIP Coding Group" action="confirmed" date="1997-06-10"/>
  </code>
</codes>
<dc element="dc.date.created" value="1997-06-10"/>
<dc element="dc.publisher" value="Reuters Holdings Plc"/>
<dc element="dc.date.published" value="1997-06-10"/>
<dc element="dc.source" value="Reuters"/>
<dc element="dc.creator.location" value="JOHANNESBURG"/>
<dc element="dc.creator.location.country.name" value="SOUTH AFRICA"/>
<dc element="dc.source" value="Reuters"/>
</metadata>
</newsitem>
