<?xml version="1.0" encoding="iso-8859-1" ?>
<newsitem itemid="635847" id="root" date="1997-06-04" xml:lang="en">
<title>USA: Samsonite Corp Q1 April 30 profit vs loss.</title>
<headline>Samsonite Corp Q1 April 30 profit vs loss.</headline>
<dateline>DENVER 1997-06-04</dateline>
<text>
<p>(in thousands, except per share data)</p>
<p>					   Three months ended April 30,</p>
<p>							  1997	  1996</p>
<p> Net Sales					$169,562     $169,867</p>
<p> Income (loss) before extraordinary item   8,499     (10,802)</p>
<p>Extraordinary item - loss on extinguishment</p>
<p>   of debt, net of income tax		(6,633)	     --</p>
<p> Net income (loss)				 1,866     (10,802)</p>
<p>Net income (loss) per share:</p>
<p>   Income (loss) before extraordinary item  0.41	 (0.68)</p>
<p> Extraordinary loss			     (0.32)	     --</p>
<p> Net income (loss)				  0.09	 (0.68)</p>
<p>((-- New York Newsdesk 212 859-1610))</p>
</text>
<copyright>(c) Reuters Limited 1997</copyright>
<metadata>
<codes class="bip:countries:1.0">
  <code code="USA">
    <editdetail attribution="Reuters BIP Coding Group" action="confirmed" date="1997-06-04"/>
  </code>
</codes>
<codes class="bip:topics:1.0">
  <code code="C15">
    <editdetail attribution="Reuters BIP Coding Group" action="confirmed" date="1997-06-04"/>
  </code>
  <code code="C151">
    <editdetail attribution="Reuters BIP Coding Group" action="confirmed" date="1997-06-04"/>
  </code>
  <code code="CCAT">
    <editdetail attribution="Reuters BIP Coding Group" action="confirmed" date="1997-06-04"/>
  </code>
</codes>
<dc element="dc.date.created" value="1997-06-04"/>
<dc element="dc.publisher" value="Reuters Holdings Plc"/>
<dc element="dc.date.published" value="1997-06-04"/>
<dc element="dc.source" value="Reuters"/>
<dc element="dc.creator.location" value="DENVER"/>
<dc element="dc.creator.location.country.name" value="USA"/>
<dc element="dc.source" value="Reuters"/>
</metadata>
</newsitem>
