<?xml version="1.0" encoding="iso-8859-1" ?>
<newsitem itemid="249433" id="root" date="1996-12-11" xml:lang="en">
<title>USA: Municipal sales to total $1.2 bln for Thursday.</title>
<headline>Municipal sales to total $1.2 bln for Thursday.</headline>
<dateline>NEW YORK 1996-12-11</dateline>
<text>
<p>Scheduled competitive and negotiated municipal bond sales are expected to total $1.2 billion in 30 offerings for Thursday, according to Reuters Municipal Bond Information Group.</p>
<p>Competitive sales total $368 million in 20 issues. The largest issue is a $78.5 million Virginia housing bond deal at 1100 EST.</p>
<p>Negotiated sales total $809 million in 10 offerings. The largest is a $300 million Alameda County, Calif., deal through MR Beal &amp; Co.</p>
<p>An additional $91 million of negotiated deals in five offerings are on the possible sales calendar, meaning underwriters have said they may price them Thursday depending on market conditions.</p>
<p>--U.S. Municipal Information Group, 212-859-1826</p>
</text>
<copyright>(c) Reuters Limited 1996</copyright>
<metadata>
<codes class="bip:countries:1.0">
  <code code="USA">
    <editdetail attribution="Reuters BIP Coding Group" action="confirmed" date="1996-12-11"/>
  </code>
</codes>
<codes class="bip:topics:1.0">
  <code code="E21">
    <editdetail attribution="Reuters BIP Coding Group" action="confirmed" date="1996-12-11"/>
  </code>
  <code code="E212">
    <editdetail attribution="Reuters BIP Coding Group" action="confirmed" date="1996-12-11"/>
  </code>
  <code code="ECAT">
    <editdetail attribution="Reuters BIP Coding Group" action="confirmed" date="1996-12-11"/>
  </code>
  <code code="M12">
    <editdetail attribution="Reuters BIP Coding Group" action="confirmed" date="1996-12-11"/>
  </code>
  <code code="MCAT">
    <editdetail attribution="Reuters BIP Coding Group" action="confirmed" date="1996-12-11"/>
  </code>
</codes>
<dc element="dc.date.created" value="1996-12-11"/>
<dc element="dc.publisher" value="Reuters Holdings Plc"/>
<dc element="dc.date.published" value="1996-12-11"/>
<dc element="dc.source" value="Reuters"/>
<dc element="dc.creator.location" value="NEW YORK"/>
<dc element="dc.creator.location.country.name" value="USA"/>
<dc element="dc.source" value="Reuters"/>
</metadata>
</newsitem>
