<?xml version="1.0" encoding="iso-8859-1" ?>
<newsitem itemid="569986" id="root" date="1997-05-08" xml:lang="en">
<title>CANADA: Canada April housing starts fall 7.8 pct.</title>
<headline>Canada April housing starts fall 7.8 pct.</headline>
<dateline>OTTAWA 1997-05-08</dateline>
<text>
<p>Canadian housing starts fell by 7.8 percent in April to a seasonally adjusted annual rate (SAAR) of 145,700 units from 158,000 units in March, the Canada Mortgage and Housing Corp (CMHC) said on Thursday.</p>
<p>A Reuter survey of economists had forecast housing starts of 157,750 units.</p>
<p>Actual housing starts rose to 13,207 in April from 8,208 the month before (revised from 8,189). The SAAR is a monthly figure adjusted to remove normal seasonal variation and multiplied by 12.  </p>
<p>CMHC provided the following SAAR data for urban centres:</p>
<p>			     April     March     Pct change</p>
<p>Single-detached	  72,300    87,400    -17.3</p>
<p>Multiple units	   50,500    46,400     +8.8</p>
<p>Rural starts fell to 22,900 from 24,200.</p>
<p>It said the national housing start total was nonetheless 36.6 percent higher than the 106,700 a year ago.</p>
<p>&quot;Though slightly lower, the April figure is still one of the best since 1994,&quot; CMHC senior economist Michel Laurence stated. &quot;Mortgage rate increases in March and April were a factor in slowing activity, but rates dropped again on May 3.&quot;  </p>
<p>    Starts (SAAR)	  April    March</p>
<p>NEWFOUNDLAND		   33	  16</p>
<p>PEI				12	   6</p>
<p>NOVA SCOTIA		   155	 238</p>
<p>NEW BRUNSWICK		 196	  19</p>
<p>QUEBEC			2,268     1,342</p>
<p>ONTARIO		     4,569     2,457</p>
<p>MANITOBA			166	  88</p>
<p>SASKATCHEWAN		  216	  85</p>
<p>ALBERTA		     1,596     1,372</p>
<p>BRITISH COLUMBIA	  1,825     1,518</p>
<p>OTHER AREA ESTIMATES    2,171     1,048</p>
<p>The provincial estimates are for centers with more than 10,000 people. The other area estimates are for centers with less than 10,000.</p>
<p>((Reuters Ottawa Bureau 613 235-6745))</p>
</text>
<copyright>(c) Reuters Limited 1997</copyright>
<metadata>
<codes class="bip:countries:1.0">
  <code code="CANA">
    <editdetail attribution="Reuters BIP Coding Group" action="confirmed" date="1997-05-08"/>
  </code>
</codes>
<codes class="bip:topics:1.0">
  <code code="E61">
    <editdetail attribution="Reuters BIP Coding Group" action="confirmed" date="1997-05-08"/>
  </code>
  <code code="ECAT">
    <editdetail attribution="Reuters BIP Coding Group" action="confirmed" date="1997-05-08"/>
  </code>
</codes>
<dc element="dc.date.created" value="1997-05-08"/>
<dc element="dc.publisher" value="Reuters Holdings Plc"/>
<dc element="dc.date.published" value="1997-05-08"/>
<dc element="dc.source" value="Reuters"/>
<dc element="dc.creator.location" value="OTTAWA"/>
<dc element="dc.creator.location.country.name" value="CANADA"/>
<dc element="dc.source" value="Reuters"/>
</metadata>
</newsitem>
