<?xml version="1.0" encoding="iso-8859-1" ?>
<newsitem itemid="560260" id="root" date="1997-05-05" xml:lang="en">
<title>USA: JMC Group Inc Q1 shr loss widens.</title>
<headline>JMC Group Inc Q1 shr loss widens.</headline>
<dateline>SAN DIEGO 1997-05-05</dateline>
<text>
<p>JMC Group, Inc. Financial Highlights</p>
<p>							 FIRST QUARTER</p>
<p>						   1997		 1996</p>
<p> TOTAL REVENUE			  $1,206,226	 $2,840,077</p>
<p> TOTAL OPERATING EXPENSES	    1,617,695	  3,047,714</p>
<p>	 INCOME (LOSS) BEFORE</p>
<p>	   INCOME TAXES		  (411,469)	  (207,637)</p>
<p> INCOME TAX PROVISION (BENEFIT)    (160,889)	   (75,395)</p>
<p>	  NET INCOME (LOSS)	    (250,580)	  (132,242)</p>
<p> EARNINGS (LOSS) PER SHARE		(0.04)	     (0.02)</p>
<p>WEIGHTED AVERAGE SHARES OUTSTANDING</p>
<p>    PRIMARY AND FULLY DILUTED	6,090,533	  6,198,898</p>
</text>
<copyright>(c) Reuters Limited 1997</copyright>
<metadata>
<codes class="bip:countries:1.0">
  <code code="USA">
    <editdetail attribution="Reuters BIP Coding Group" action="confirmed" date="1997-05-05"/>
  </code>
</codes>
<codes class="bip:industries:1.0">
  <code code="I83100">
    <editdetail attribution="Reuters BIP Coding Group" action="confirmed" date="1997-05-05"/>
  </code>
</codes>
<codes class="bip:topics:1.0">
  <code code="C15">
    <editdetail attribution="Reuters BIP Coding Group" action="confirmed" date="1997-05-05"/>
  </code>
  <code code="C151">
    <editdetail attribution="Reuters BIP Coding Group" action="confirmed" date="1997-05-05"/>
  </code>
  <code code="CCAT">
    <editdetail attribution="Reuters BIP Coding Group" action="confirmed" date="1997-05-05"/>
  </code>
</codes>
<dc element="dc.date.created" value="1997-05-05"/>
<dc element="dc.publisher" value="Reuters Holdings Plc"/>
<dc element="dc.date.published" value="1997-05-05"/>
<dc element="dc.source" value="Reuters"/>
<dc element="dc.creator.location" value="SAN DIEGO"/>
<dc element="dc.creator.location.country.name" value="USA"/>
<dc element="dc.source" value="Reuters"/>
</metadata>
</newsitem>
