<?xml version="1.0" encoding="iso-8859-1" ?>
<newsitem itemid="548831" id="root" date="1997-04-29" xml:lang="en">
<title>VIETNAM: PRESS DIGEST - Vietnam - April 29.</title>
<headline>PRESS DIGEST - Vietnam - April 29.</headline>
<dateline>HANOI 1997-04-29</dateline>
<text>
<p>These are some of the leading stories in the official Vietnamese press on Tuesday. Reuters has not verified these stories and does not vouch for their accuracy.</p>
<p>- - - -</p>
<p>VIETNAM NEWS</p>
<p>-- The National Assembly adopted the Corporate Income Tax Law on Monday, which will come into effect on January 1, 1999.</p>
<p>-- Communist Party General Secretary Do Muoi instructed local agencies and enterprises in central Vietnam to respect the local leadership of the party.</p>
<p>- - - -</p>
<p>SAIGON TIMES DAILY</p>
<p>-- A feasibility study for the $130-million East-West Highway linking Vietnam, Laos and Thailand has been completed, according to Ministry of Communications and Transport.</p>
<p>-- The Ministry of Planning and Investment said that foreign firect investment in Vietnam has amounted to $531.8 million since early this year.</p>
<p>- - - -</p>
<p>NHAN DAN</p>
<p>-- Domestic journalists were informed at a news conference about a government review of the socio-economic situation since the start of this year and measures to settle pending issues, especially in the last two months of the second quarter.</p>
<p>- - - -</p>
<p>HA NOI MOI</p>
<p>-- Communist Party General Secretary Do Muoi, President Le Duc Anh and other leaders met on Monday to celebrate the 22nd annivesary of the April 30 Liberation Day and the May 1 Labour Day.</p>
<p>-- The Ministry of Trade opened a seminar on &quot;Vietnam in the process to join the World Trade Organisation (WTO)&quot; to help Vietnamese enterprises understand the nature, principles and rules of the WTO.</p>
<p>- - - -</p>
<p>SAIGON GIAI PHONG</p>
<p>-- Politburo member Truong Tan Sang called on party members to implement strictly regulations which state that party members should not be involved in private business.</p>
<p>- - - -</p>
</text>
<copyright>(c) Reuters Limited 1997</copyright>
<metadata>
<codes class="bip:countries:1.0">
  <code code="VIETN">
    <editdetail attribution="Reuters BIP Coding Group" action="confirmed" date="1997-04-29"/>
  </code>
</codes>
<codes class="bip:topics:1.0">
  <code code="GCAT">
    <editdetail attribution="Reuters BIP Coding Group" action="confirmed" date="1997-04-29"/>
  </code>
</codes>
<dc element="dc.date.created" value="1997-04-29"/>
<dc element="dc.publisher" value="Reuters Holdings Plc"/>
<dc element="dc.date.published" value="1997-04-29"/>
<dc element="dc.source" value="Reuters"/>
<dc element="dc.creator.location" value="HANOI"/>
<dc element="dc.creator.location.country.name" value="VIETNAM"/>
<dc element="dc.source" value="Reuters"/>
</metadata>
</newsitem>
