<?xml version="1.0" encoding="iso-8859-1" ?>
<newsitem itemid="277419" id="root" date="1996-12-27" xml:lang="en">
<title>ZIMBABWE: CRICKET-ENGLAND SLUMP TO 156 ALL OUT.</title>
<headline>CRICKET-ENGLAND SLUMP TO 156 ALL OUT.</headline>
<dateline>HARARE 1996-12-27</dateline>
<text>
<p>Zimbabwe dismissed</p>
<p>England for a paltry 156 on Friday then reached 35 for one in reply.</p>
<p>England's last pair of John Crawley and Phil Tufnell held Zimbabwe up for 10 overs on the second day of the second test before Tufnell was out to a short ball from Heath Streak that richocheted from his midriff on to the stumps.</p>
<p>Crawley was left high and dry on 47 not out from 172 balls. Streak finished with four for 43 and Guy Whittall took a career-best four for 18.</p>
<p>Mark Dekker was an early victim in the Zimbabwe reply, edging an Alan Mullally out-swinger through to the wicketkeeper when he had made two.</p>
<p>Mullally and Darren Gough were hostile with the new ball, but Zimbabwe's second wicket pair of Alistair Campbell (15) and Grant Flower (16) held out until the lunch.</p>
</text>
<copyright>(c) Reuters Limited 1996</copyright>
<metadata>
<codes class="bip:countries:1.0">
  <code code="UK">
    <editdetail attribution="Reuters BIP Coding Group" action="confirmed" date="1996-12-27"/>
  </code>
  <code code="ZIMBAB">
    <editdetail attribution="Reuters BIP Coding Group" action="confirmed" date="1996-12-27"/>
  </code>
</codes>
<codes class="bip:topics:1.0">
  <code code="GCAT">
    <editdetail attribution="Reuters BIP Coding Group" action="confirmed" date="1996-12-27"/>
  </code>
  <code code="GSPO">
    <editdetail attribution="Reuters BIP Coding Group" action="confirmed" date="1996-12-27"/>
  </code>
</codes>
<dc element="dc.date.created" value="1996-12-27"/>
<dc element="dc.publisher" value="Reuters Holdings Plc"/>
<dc element="dc.date.published" value="1996-12-27"/>
<dc element="dc.source" value="Reuters"/>
<dc element="dc.creator.location" value="HARARE"/>
<dc element="dc.creator.location.country.name" value="ZIMBABWE"/>
<dc element="dc.source" value="Reuters"/>
</metadata>
</newsitem>
