<?xml version="1.0" encoding="iso-8859-1" ?>
<newsitem itemid="576416" id="root" date="1997-05-12" xml:lang="en">
<title>USA: Illinois direct hogs firm/up $0.50 - USDA.</title>
<headline>Illinois direct hogs firm/up $0.50 - USDA.</headline>
<dateline>SPRINGFIELD 1997-05-12</dateline>
<text>
<p>Barrows and gilts firm to</p>
<p>$0.50 higher than late Friday. Demand moderate to good. Top</p>
<p>$58.50 per cwt. - USDA</p>
<p>US 1-2 230-260 lbs.  57.00-58.50, liberal volume 57.50-58.00</p>
<p>US 2-3 230-260 lbs.  56.00-57.00</p>
<p>Sows: Firm to 1.00 higher. Top 53.00. US 1-3  300-400 lbs. 44.00-46.00, few 47.00</p>
<p>	  400-500 lbs. 46.00-49.00</p>
<p>	  500-600 lbs. 49.00-52.00</p>
<p> few over  600 lbs. 51.00-53.00</p>
</text>
<copyright>(c) Reuters Limited 1997</copyright>
<metadata>
<codes class="bip:countries:1.0">
  <code code="USA">
    <editdetail attribution="Reuters BIP Coding Group" action="confirmed" date="1997-05-12"/>
  </code>
</codes>
<codes class="bip:topics:1.0">
  <code code="M14">
    <editdetail attribution="Reuters BIP Coding Group" action="confirmed" date="1997-05-12"/>
  </code>
  <code code="M141">
    <editdetail attribution="Reuters BIP Coding Group" action="confirmed" date="1997-05-12"/>
  </code>
  <code code="MCAT">
    <editdetail attribution="Reuters BIP Coding Group" action="confirmed" date="1997-05-12"/>
  </code>
</codes>
<dc element="dc.date.created" value="1997-05-12"/>
<dc element="dc.publisher" value="Reuters Holdings Plc"/>
<dc element="dc.date.published" value="1997-05-12"/>
<dc element="dc.source" value="Reuters"/>
<dc element="dc.creator.location" value="SPRINGFIELD"/>
<dc element="dc.creator.location.country.name" value="USA"/>
<dc element="dc.source" value="Reuters"/>
</metadata>
</newsitem>
