<?xml version="1.0" encoding="iso-8859-1" ?>
<newsitem itemid="83896" id="root" date="1996-09-29" xml:lang="en">
<title>BAHRAIN: PRESS DIGEST - Bahrain - Sept 29.</title>
<headline>PRESS DIGEST - Bahrain - Sept 29.</headline>
<dateline>MANAMA 1996-09-29</dateline>
<text>
<p>These are some of the leading stories in the Bahraini press on Sunday. Reuters has not verified these stories and does not vouch for their accuracy.</p>
<p>AL-AYAM</p>
<p>- Bahrain's Emir Sheikh Isa bin Sulman al-Khalifa appoints 40 members in the new Shura Council.</p>
<p>- Bahrain to send a memorandum to the International Court of Justice at The Hague in response to Qatar's claim over disputed islands in the Gulf.</p>
<p>AKHBAR AL-KHALEEJ</p>
<p>- Crown Prince Sheikh Hamad discusses with his Saudi counterpart Prince Abdullah the situation in the region and bilateral relations.</p>
<p>- Bahrain arrests four suspects accused of an arson attack in Manama in which three people were injured, one seriously.</p>
</text>
<copyright>(c) Reuters Limited 1996</copyright>
<metadata>
<codes class="bip:countries:1.0">
  <code code="BAHRN">
    <editdetail attribution="Reuters BIP Coding Group" action="confirmed" date="1996-09-29"/>
  </code>
</codes>
<codes class="bip:topics:1.0">
  <code code="GCAT">
    <editdetail attribution="Reuters BIP Coding Group" action="confirmed" date="1996-09-29"/>
  </code>
</codes>
<dc element="dc.date.created" value="1996-09-29"/>
<dc element="dc.publisher" value="Reuters Holdings Plc"/>
<dc element="dc.date.published" value="1996-09-29"/>
<dc element="dc.source" value="Reuters"/>
<dc element="dc.creator.location" value="MANAMA"/>
<dc element="dc.creator.location.country.name" value="BAHRAIN"/>
<dc element="dc.source" value="Reuters"/>
</metadata>
</newsitem>
