<?xml version="1.0" encoding="iso-8859-1" ?>
<newsitem itemid="618736" id="root" date="1997-05-27" xml:lang="en">
<title>SINGAPORE: Iran renews fuel oil contract with Singapore firms.</title>
<headline>Iran renews fuel oil contract with Singapore firms.</headline>
<dateline>SINGAPORE 1997-05-27</dateline>
<text>
<p>National Iranian Oil Co (NIOC) has renewed its annual fuel oil term sale contracts with two Singapore companies, Hin Leong Trading and Kuo International for 1997/1998, an NIOC official said on Tuesday.</p>
<p>Under the contract for March 1997 to February 1998 liftings, Hin Leong will take four cargoes and Kuo two cargoes per month, he said.  </p>
<p>Each cargo is between 75,000 and 90,000 tonnes.</p>
<p>Iran sells 280-centistoke grade fuel oil during summer which lasts between mid-March and mid-November and the 180-centistoke grade during the winter months of December to early March.</p>
<p>Trade sources said the price was at a discount of between $2.00 and $3.00 per tonne to MidEast spot quotes, free-on-board (fob) basis.</p>
<p>However, NIOC has not renewed its term sale contract with another Singapore buyer, Singapore Petroleum Co (SPC), sources said.</p>
<p>-- Singapore Newsroom (+65-870 3084)</p>
</text>
<copyright>(c) Reuters Limited 1997</copyright>
<metadata>
<codes class="bip:countries:1.0">
  <code code="IRAN">
    <editdetail attribution="Reuters BIP Coding Group" action="confirmed" date="1997-05-27"/>
  </code>
  <code code="SINGP">
    <editdetail attribution="Reuters BIP Coding Group" action="confirmed" date="1997-05-27"/>
  </code>
</codes>
<codes class="bip:industries:1.0">
  <code code="I13000">
    <editdetail attribution="Reuters BIP Coding Group" action="confirmed" date="1997-05-27"/>
  </code>
  <code code="I14000">
    <editdetail attribution="Reuters BIP Coding Group" action="confirmed" date="1997-05-27"/>
  </code>
</codes>
<codes class="bip:topics:1.0">
  <code code="C33">
    <editdetail attribution="Reuters BIP Coding Group" action="confirmed" date="1997-05-27"/>
  </code>
  <code code="CCAT">
    <editdetail attribution="Reuters BIP Coding Group" action="confirmed" date="1997-05-27"/>
  </code>
  <code code="M14">
    <editdetail attribution="Reuters BIP Coding Group" action="confirmed" date="1997-05-27"/>
  </code>
  <code code="M143">
    <editdetail attribution="Reuters BIP Coding Group" action="confirmed" date="1997-05-27"/>
  </code>
  <code code="MCAT">
    <editdetail attribution="Reuters BIP Coding Group" action="confirmed" date="1997-05-27"/>
  </code>
</codes>
<dc element="dc.date.created" value="1997-05-27"/>
<dc element="dc.publisher" value="Reuters Holdings Plc"/>
<dc element="dc.date.published" value="1997-05-27"/>
<dc element="dc.source" value="Reuters"/>
<dc element="dc.creator.location" value="SINGAPORE"/>
<dc element="dc.creator.location.country.name" value="SINGAPORE"/>
<dc element="dc.source" value="Reuters"/>
</metadata>
</newsitem>
