<?xml version="1.0" encoding="iso-8859-1" ?>
<newsitem itemid="302053" id="root" date="1997-01-13" xml:lang="en">
<title>USA: Bank debt unmoved by positive earnings reports.</title>
<headline>Bank debt unmoved by positive earnings reports.</headline>
<dateline>NEW YORK 1997-01-13</dateline>
<text>
<p>Bank debt failed to budge on Monday despite reports of positive fourth quarter earnings for a few banks, corporate bond traders said.</p>
<p>On Monday, NationsBank Corp reported a 24 percent increase in fourth quarter earnings to $2.19 per share versus $1.87 while Barnett Banks said fourth quarter earnings rose 13 percent to $0.76 per share versus $0.67.</p>
<p>&quot;There was really very little movement in the paper,&quot; one high-grade trader said. &quot;Both earnings came in very much as expected.&quot;</p>
<p>NationsBank earnings received a boost from bond trading and investment banking results.</p>
<p>The bank completed its acquisition of Boatmen's Bancshares Inc of St. Louis, a move that lifted the bank from its ranking of fifth largest bank in the U.S., to fourth place.</p>
<p>Barnett, which sold $776 million of non-core credit card loans to Household International Inc during the quarter, saw its fourth quarter credit card charge-offs fall sharply as a result.</p>
<p>Barnett Banks' stock ended the trading day up 1/4 at 40-7/8 while NationsBank stock closed off 1/8 at 102-7/8.</p>
<p>(( -- Nancy Leinfuss, 212-859-1675 ))</p>
</text>
<copyright>(c) Reuters Limited 1997</copyright>
<metadata>
<codes class="bip:countries:1.0">
  <code code="USA">
    <editdetail attribution="Reuters BIP Coding Group" action="confirmed" date="1997-01-13"/>
  </code>
</codes>
<codes class="bip:industries:1.0">
  <code code="I81402">
    <editdetail attribution="Reuters BIP Coding Group" action="confirmed" date="1997-01-13"/>
  </code>
  <code code="I83100">
    <editdetail attribution="Reuters BIP Coding Group" action="confirmed" date="1997-01-13"/>
  </code>
</codes>
<codes class="bip:topics:1.0">
  <code code="C15">
    <editdetail attribution="Reuters BIP Coding Group" action="confirmed" date="1997-01-13"/>
  </code>
  <code code="C152">
    <editdetail attribution="Reuters BIP Coding Group" action="confirmed" date="1997-01-13"/>
  </code>
  <code code="CCAT">
    <editdetail attribution="Reuters BIP Coding Group" action="confirmed" date="1997-01-13"/>
  </code>
</codes>
<dc element="dc.date.created" value="1997-01-13"/>
<dc element="dc.publisher" value="Reuters Holdings Plc"/>
<dc element="dc.date.published" value="1997-01-13"/>
<dc element="dc.source" value="Reuters"/>
<dc element="dc.creator.location" value="NEW YORK"/>
<dc element="dc.creator.location.country.name" value="USA"/>
<dc element="dc.source" value="Reuters"/>
</metadata>
</newsitem>
