<?xml version="1.0" encoding="iso-8859-1" ?>
<newsitem itemid="185698" id="root" date="1996-11-13" xml:lang="en">
<title>UK: UK SIB bids to break pensions misselling logjam.</title>
<headline>UK SIB bids to break pensions misselling logjam.</headline>
<dateline>LONDON 1996-11-13</dateline>
<text>
<p>Britain's top financial markets watchdog on Wednesday announced a new strategy to try and clear a logjam in the pensions industry's review of the misselling of pension products and the payment of compensation to investors.</p>
<p>The proposals coincided with the publication of evidence that the two year investigation was substantially incomplete, for which regulators, insurance and investment companies have received a barrage of criticism.  </p>
<p>&quot;Those who persist in dragging their feet, should expect this to be taken as a prompt for regulatory action leading to appropriate discipline,&quot; he warned the companies involved.</p>
<p>The Personal Investment Authority (PIA), one of three regulators reporting to the SIB, on Wednesday published statistics on the progress of the review. They showed less than five percent of 520,000 cases have been fully investigated.</p>
<p>The Association of British Insurers (ABI), which said the review was at present costly and information difficult to obtain from the occupational schemes, welcomed the new proposals. The British Bankers Association (BBA) also supported the changes.</p>
</text>
<copyright>(c) Reuters Limited 1996</copyright>
<metadata>
<codes class="bip:countries:1.0">
  <code code="UK">
    <editdetail attribution="Reuters BIP Coding Group" action="confirmed" date="1996-11-13"/>
  </code>
</codes>
<codes class="bip:industries:1.0">
  <code code="I81502">
    <editdetail attribution="Reuters BIP Coding Group" action="confirmed" date="1996-11-13"/>
  </code>
  <code code="I8150214">
    <editdetail attribution="Reuters BIP Coding Group" action="confirmed" date="1996-11-13"/>
  </code>
</codes>
<codes class="bip:topics:1.0">
  <code code="C13">
    <editdetail attribution="Reuters BIP Coding Group" action="confirmed" date="1996-11-13"/>
  </code>
  <code code="CCAT">
    <editdetail attribution="Reuters BIP Coding Group" action="confirmed" date="1996-11-13"/>
  </code>
</codes>
<dc element="dc.date.created" value="1996-11-13"/>
<dc element="dc.publisher" value="Reuters Holdings Plc"/>
<dc element="dc.date.published" value="1996-11-13"/>
<dc element="dc.source" value="Reuters"/>
<dc element="dc.creator.location" value="LONDON"/>
<dc element="dc.creator.location.country.name" value="UK"/>
<dc element="dc.source" value="Reuters"/>
</metadata>
</newsitem>
