<?xml version="1.0" encoding="iso-8859-1" ?>
<newsitem itemid="416583" id="root" date="1997-03-03" xml:lang="en">
<title>GREECE: INSIGHT - Main Greek stock technical indicators.</title>
<headline>INSIGHT - Main Greek stock technical indicators.</headline>
<dateline>ATHENS 1997-03-03</dateline>
<text>
<p>The following are some main technical indicators for Greek shares based on closing price data of February 28.</p>
<p>  5-day Moving Average					 1379.79</p>
<p>  14-day Moving Average					1309.68</p>
<p>  30-day Moving Average					1222.71</p>
<p>  200-day Moving Average					971.11</p>
<p>  Exponential Moving Average (smoothing factor=0.2)  1338.62</p>
<p>  Exponential Moving Average (smoothing factor=0.4)  1352.75</p>
<p>  RSI (14)							   57.68</p>
<p>  30-day Momentum						 219.81</p>
<p>--Dimitris Kontogiannis, Athens Newsroom +301 3311812-4</p>
</text>
<copyright>(c) Reuters Limited 1997</copyright>
<metadata>
<codes class="bip:countries:1.0">
  <code code="GREECE">
    <editdetail attribution="Reuters BIP Coding Group" action="confirmed" date="1997-03-03"/>
  </code>
</codes>
<codes class="bip:topics:1.0">
  <code code="M11">
    <editdetail attribution="Reuters BIP Coding Group" action="confirmed" date="1997-03-03"/>
  </code>
  <code code="MCAT">
    <editdetail attribution="Reuters BIP Coding Group" action="confirmed" date="1997-03-03"/>
  </code>
</codes>
<dc element="dc.date.created" value="1997-03-03"/>
<dc element="dc.publisher" value="Reuters Holdings Plc"/>
<dc element="dc.date.published" value="1997-03-03"/>
<dc element="dc.source" value="Reuters"/>
<dc element="dc.creator.location" value="ATHENS"/>
<dc element="dc.creator.location.country.name" value="GREECE"/>
<dc element="dc.source" value="Reuters"/>
</metadata>
</newsitem>
