<?xml version="1.0" encoding="iso-8859-1" ?>
<newsitem itemid="624154" id="root" date="1997-05-29" xml:lang="en">
<title>UK: London coal/ore fixtures.</title>
<headline>London coal/ore fixtures.</headline>
<dateline>LONDON 1997-05-29</dateline>
<text>
<p>Tai Shan (1990) 140000/10 Bolivar/Moneypoint 28 June/7 Jhuly $5.75 fio (chtrs d/a disport) 40000c/25000c - ESB.</p>
<p>Thalassini Niki (1994) 60000/10 Richards Bay/Brindisi early June $8.50 fio scale/10000c - D'Amato.</p>
<p>Magnum (1972) 50000/10 Baltimore/Bourgas 3/10 June $10.95 fio 25000/10000c - Can Ommeren.</p>
<p>SGC Express (1996) 180000/10 Narvik/Ijmuiden 19/29 June region $2.80/3.00 fio 7 shinc - Hoogovens</p>
<p>Forum Cape (1973) 90000/10 Tubarao/Bahrain mid-June $9.50 fio 24000c/20000c - Coe and Clerici.</p>
</text>
<copyright>(c) Reuters Limited 1997</copyright>
<metadata>
<codes class="bip:countries:1.0">
  <code code="UK">
    <editdetail attribution="Reuters BIP Coding Group" action="confirmed" date="1997-05-29"/>
  </code>
</codes>
<codes class="bip:topics:1.0">
  <code code="M14">
    <editdetail attribution="Reuters BIP Coding Group" action="confirmed" date="1997-05-29"/>
  </code>
  <code code="MCAT">
    <editdetail attribution="Reuters BIP Coding Group" action="confirmed" date="1997-05-29"/>
  </code>
</codes>
<dc element="dc.date.created" value="1997-05-29"/>
<dc element="dc.publisher" value="Reuters Holdings Plc"/>
<dc element="dc.date.published" value="1997-05-29"/>
<dc element="dc.source" value="Reuters"/>
<dc element="dc.creator.location" value="LONDON"/>
<dc element="dc.creator.location.country.name" value="UK"/>
<dc element="dc.source" value="Reuters"/>
</metadata>
</newsitem>
