<?xml version="1.0" encoding="iso-8859-1" ?>
<newsitem itemid="537865" id="root" date="1997-04-24" xml:lang="en">
<title>BELGIUM: Belgian investment rose yr/yr 2.3 pct in January.</title>
<headline>Belgian investment rose yr/yr 2.3 pct in January.</headline>
<dateline>BRUSSELS 1997-04-24</dateline>
<text>
<p>Belgium's National Statistics Office released the following data on corporate investment, calculated from VAT returns, for January -</p>
<p>    COMPANY INVESTMENT     Jan 1997   Dec 1996  Jan 1996 *</p>
<p>    Index (base 100=1985)  152.4	351.4     149.0</p>
<p>    Yr/yr pct change	 2.3	  6.9	 n/a</p>
<p>* January 1996 figure revised from 144.4.</p>
<p>NOTE - non-industrial investments fell 0.2 percent in January, industrial investments rose 4.6 percent.</p>
<p>-- Brussels Newsroom +32 2 287 6810, Fax +32 2 230 7710</p>
</text>
<copyright>(c) Reuters Limited 1997</copyright>
<metadata>
<codes class="bip:countries:1.0">
  <code code="BELG">
    <editdetail attribution="Reuters BIP Coding Group" action="confirmed" date="1997-04-24"/>
  </code>
</codes>
<codes class="bip:topics:1.0">
  <code code="CCAT">
    <editdetail attribution="Reuters BIP Coding Group" action="confirmed" date="1997-04-24"/>
  </code>
  <code code="E11">
    <editdetail attribution="Reuters BIP Coding Group" action="confirmed" date="1997-04-24"/>
  </code>
  <code code="ECAT">
    <editdetail attribution="Reuters BIP Coding Group" action="confirmed" date="1997-04-24"/>
  </code>
</codes>
<dc element="dc.date.created" value="1997-04-24"/>
<dc element="dc.publisher" value="Reuters Holdings Plc"/>
<dc element="dc.date.published" value="1997-04-24"/>
<dc element="dc.source" value="Reuters"/>
<dc element="dc.creator.location" value="BRUSSELS"/>
<dc element="dc.creator.location.country.name" value="BELGIUM"/>
<dc element="dc.source" value="Reuters"/>
</metadata>
</newsitem>
