<?xml version="1.0" encoding="iso-8859-1" ?>
<newsitem itemid="618743" id="root" date="1997-05-27" xml:lang="en">
<title>JAPAN: Isuzu - 96/97 parent results.</title>
<headline>Isuzu - 96/97 parent results.</headline>
<dateline>TOKYO 1997-05-27</dateline>
<text>
<p>Year to March 31, 1997</p>
<p> (Parent)	(in billions of yen unless specified)</p>
<p> Sales		  1.19 trln	 vs	    1.22 trln</p>
<p> Operating	   33.13		vs	   40.77</p>
<p> Current	     26.27		vs	   38.88</p>
<p> Net		   10.39		vs	   44.91</p>
<p> EPS		   10.08 yen	  vs	   43.57 yen</p>
<p> Diluted EPS	 10.06 yen	  vs	   41.82 yen</p>
<p> Shares	   1.03 billion	  vs	1.03 billion</p>
<p> Ord div		5.00 yen	  vs	    5.00 yen</p>
<p>NOTE - Isuzu Motors Ltd specialises in light trucks and buses.</p>
</text>
<copyright>(c) Reuters Limited 1997</copyright>
<metadata>
<codes class="bip:countries:1.0">
  <code code="JAP">
    <editdetail attribution="Reuters BIP Coding Group" action="confirmed" date="1997-05-27"/>
  </code>
</codes>
<codes class="bip:industries:1.0">
  <code code="I35101">
    <editdetail attribution="Reuters BIP Coding Group" action="confirmed" date="1997-05-27"/>
  </code>
</codes>
<codes class="bip:topics:1.0">
  <code code="C15">
    <editdetail attribution="Reuters BIP Coding Group" action="confirmed" date="1997-05-27"/>
  </code>
  <code code="C151">
    <editdetail attribution="Reuters BIP Coding Group" action="confirmed" date="1997-05-27"/>
  </code>
  <code code="C1511">
    <editdetail attribution="Reuters BIP Coding Group" action="confirmed" date="1997-05-27"/>
  </code>
  <code code="CCAT">
    <editdetail attribution="Reuters BIP Coding Group" action="confirmed" date="1997-05-27"/>
  </code>
</codes>
<dc element="dc.date.created" value="1997-05-27"/>
<dc element="dc.publisher" value="Reuters Holdings Plc"/>
<dc element="dc.date.published" value="1997-05-27"/>
<dc element="dc.source" value="Reuters"/>
<dc element="dc.creator.location" value="TOKYO"/>
<dc element="dc.creator.location.country.name" value="JAPAN"/>
<dc element="dc.source" value="Reuters"/>
</metadata>
</newsitem>
