<?xml version="1.0" encoding="iso-8859-1" ?>
<newsitem itemid="598179" id="root" date="1997-05-20" xml:lang="en">
<title>USA: Envirodyne says wins final results from meeting.</title>
<headline>Envirodyne says wins final results from meeting.</headline>
<dateline>OAK BROOK, Ill. 1997-05-20</dateline>
<text>
<p>Envirodyne Industries Inc said the final results of voting at its annual meeting of May 16 showed stockholders overwhelmingly elected the five director nominees proposed by the company.</p>
<p>Envirodyne said stockholders also rejected a proposal submitted by Zapata Corp to eliminate the company's stockholder rights plan.</p>
<p>&quot;The final results indicated that in excess of 99 percent of the shares voted were voted in favor of management's slate of directors and against Zapata's proposal,&quot; Envirodyne said.</p>
<p>Zapata did not vote its shares at the meeting, said Envirodyne, a food packaging and food supplies concern.</p>
<p>((--Chicago Newsdesk 312-408-8787))</p>
</text>
<copyright>(c) Reuters Limited 1997</copyright>
<metadata>
<codes class="bip:countries:1.0">
  <code code="USA">
    <editdetail attribution="Reuters BIP Coding Group" action="confirmed" date="1997-05-20"/>
  </code>
</codes>
<codes class="bip:industries:1.0">
  <code code="I13000">
    <editdetail attribution="Reuters BIP Coding Group" action="confirmed" date="1997-05-20"/>
  </code>
  <code code="I25140">
    <editdetail attribution="Reuters BIP Coding Group" action="confirmed" date="1997-05-20"/>
  </code>
</codes>
<codes class="bip:topics:1.0">
  <code code="C11">
    <editdetail attribution="Reuters BIP Coding Group" action="confirmed" date="1997-05-20"/>
  </code>
  <code code="C18">
    <editdetail attribution="Reuters BIP Coding Group" action="confirmed" date="1997-05-20"/>
  </code>
  <code code="C181">
    <editdetail attribution="Reuters BIP Coding Group" action="confirmed" date="1997-05-20"/>
  </code>
  <code code="C41">
    <editdetail attribution="Reuters BIP Coding Group" action="confirmed" date="1997-05-20"/>
  </code>
  <code code="C411">
    <editdetail attribution="Reuters BIP Coding Group" action="confirmed" date="1997-05-20"/>
  </code>
  <code code="CCAT">
    <editdetail attribution="Reuters BIP Coding Group" action="confirmed" date="1997-05-20"/>
  </code>
</codes>
<dc element="dc.date.created" value="1997-05-20"/>
<dc element="dc.publisher" value="Reuters Holdings Plc"/>
<dc element="dc.date.published" value="1997-05-20"/>
<dc element="dc.source" value="Reuters"/>
<dc element="dc.creator.location" value="OAK BROOK, Ill."/>
<dc element="dc.creator.location.country.name" value="USA"/>
<dc element="dc.source" value="Reuters"/>
</metadata>
</newsitem>
