<?xml version="1.0" encoding="iso-8859-1" ?>
<newsitem itemid="77833" id="root" date="1996-09-26" xml:lang="en">
<title>ARGENTINA: SOCCER-DEPORTIVO ESPANOL'S MARTIN VARGAS TESTS POSITIVE.</title>
<headline>SOCCER-DEPORTIVO ESPANOL'S MARTIN VARGAS TESTS POSITIVE.</headline>
<dateline>BUENOS AIRES 1996-09-25</dateline>
<text>
<p>Deportivo Espanol's Martin Vargas tested positive for drugs two months ago, a spokesman for Diego Maradona's club Bocca Juniors said on Wednesday.</p>
<p>Ivan Pavlovsky told reporters at the Buenos Aires ground of Argentina's most famous club that a police drug squad had raided Boca Juniors, the Argentina Football Association and a sports training centre where match drug tests are examined.</p>
<p>He said the police had been interested in the records of tests two months ago on Maradona, who was banned for 15 months after testing positive at the 1994 U.S. World Cup and Vargas.</p>
<p>The test on Maradona, who recently spent 10 days at a Swiss drugs clinic, was negative but Vargas tested positive.</p>
</text>
<copyright>(c) Reuters Limited 1996</copyright>
<metadata>
<codes class="bip:countries:1.0">
  <code code="ARG">
    <editdetail attribution="Reuters BIP Coding Group" action="confirmed" date="1996-09-26"/>
  </code>
</codes>
<codes class="bip:topics:1.0">
  <code code="GCAT">
    <editdetail attribution="Reuters BIP Coding Group" action="confirmed" date="1996-09-26"/>
  </code>
  <code code="GSPO">
    <editdetail attribution="Reuters BIP Coding Group" action="confirmed" date="1996-09-26"/>
  </code>
</codes>
<dc element="dc.date.created" value="1996-09-25"/>
<dc element="dc.publisher" value="Reuters Holdings Plc"/>
<dc element="dc.date.published" value="1996-09-26"/>
<dc element="dc.source" value="Reuters"/>
<dc element="dc.creator.location" value="BUENOS AIRES"/>
<dc element="dc.creator.location.country.name" value="ARGENTINA"/>
<dc element="dc.source" value="Reuters"/>
</metadata>
</newsitem>
