<?xml version="1.0" encoding="iso-8859-1" ?>
<newsitem itemid="123261" id="root" date="1996-10-17" xml:lang="en">
<title>CROATIA: Croatia signs DM 200 mln two-year syndicated loan.</title>
<headline>Croatia signs DM 200 mln two-year syndicated loan.</headline>
<dateline>ZAGREB 1996-10-17</dateline>
<text>
<p>Croatia signed an agreement on Thursday with some 30 foreign commercial creditor banks for its first 200 million German marks syndicated loan.</p>
<p>The loan, repayable in total in two years, was granted at 1.75 percentage points above Libor, government officials and representatives of the arranger Dresdner Bank told reporters.</p>
<p>They said the syndication was substantially oversubscribed, allowing Croatia to raise the target for the borrowing from the original 150 million marks.</p>
<p>This was Croatia's sovereign debut on the international capital market after it reached a rescheduling deal with the London Club of commercial creditors for a 29.5 percent share of the former Yugoslav debt earlier this year. -- Kolumbina Bencevic, Zagreb Newsroom, 385-1-4557075</p>
</text>
<copyright>(c) Reuters Limited 1996</copyright>
<metadata>
<codes class="bip:countries:1.0">
  <code code="CRTIA">
    <editdetail attribution="Reuters BIP Coding Group" action="confirmed" date="1996-10-17"/>
  </code>
  <code code="GFR">
    <editdetail attribution="Reuters BIP Coding Group" action="confirmed" date="1996-10-17"/>
  </code>
</codes>
<codes class="bip:topics:1.0">
  <code code="E21">
    <editdetail attribution="Reuters BIP Coding Group" action="confirmed" date="1996-10-17"/>
  </code>
  <code code="E212">
    <editdetail attribution="Reuters BIP Coding Group" action="confirmed" date="1996-10-17"/>
  </code>
  <code code="ECAT">
    <editdetail attribution="Reuters BIP Coding Group" action="confirmed" date="1996-10-17"/>
  </code>
</codes>
<dc element="dc.date.created" value="1996-10-17"/>
<dc element="dc.publisher" value="Reuters Holdings Plc"/>
<dc element="dc.date.published" value="1996-10-17"/>
<dc element="dc.source" value="Reuters"/>
<dc element="dc.creator.location" value="ZAGREB"/>
<dc element="dc.creator.location.country.name" value="CROATIA"/>
<dc element="dc.source" value="Reuters"/>
</metadata>
</newsitem>
