<?xml version="1.0" encoding="iso-8859-1" ?>
<newsitem itemid="560709" id="root" date="1997-05-05" xml:lang="en">
<title>UK: British arms plant raided in Indonesian protest.</title>
<headline>British arms plant raided in Indonesian protest.</headline>
<dateline>LONDON 1997-05-05</dateline>
<text>
<p>Nine people were arrested on Monday after breaching security at a factory in southern Britain to protest the export to Indonesia of armoured vehicles and water cannons produced at the plant.</p>
<p>The group said it used paint to mark the items at the Glover Webb facility in Southampton: &quot;Not for Export to Indonesia&quot;.</p>
<p>&quot;British water cannon and armoured vehicles were used last year in brutal attacks by the (Indonesian) police that led to many injuries and deaths. We cannot allow the export of more,&quot; Angie Zelter, spokeswoman for the group, said.</p>
<p>The company said no completed vehicles were at the site and no real damage had been caused in the raid.</p>
<p>Human rights activists accuse the Indonesian government of gross violations, particularly in East Timor, a former Portuguese colony invaded by Indonesia in 1975.</p>
<p>Three refugees from East Timor participated in Monday's protest, Zelter said.</p>
</text>
<copyright>(c) Reuters Limited 1997</copyright>
<metadata>
<codes class="bip:countries:1.0">
  <code code="INDON">
    <editdetail attribution="Reuters BIP Coding Group" action="confirmed" date="1997-05-05"/>
  </code>
  <code code="UK">
    <editdetail attribution="Reuters BIP Coding Group" action="confirmed" date="1997-05-05"/>
  </code>
</codes>
<codes class="bip:topics:1.0">
  <code code="GCAT">
    <editdetail attribution="Reuters BIP Coding Group" action="confirmed" date="1997-05-05"/>
  </code>
  <code code="GDEF">
    <editdetail attribution="Reuters BIP Coding Group" action="confirmed" date="1997-05-05"/>
  </code>
  <code code="GVIO">
    <editdetail attribution="Reuters BIP Coding Group" action="confirmed" date="1997-05-05"/>
  </code>
</codes>
<dc element="dc.date.created" value="1997-05-05"/>
<dc element="dc.publisher" value="Reuters Holdings Plc"/>
<dc element="dc.date.published" value="1997-05-05"/>
<dc element="dc.source" value="Reuters"/>
<dc element="dc.creator.location" value="LONDON"/>
<dc element="dc.creator.location.country.name" value="UK"/>
<dc element="dc.source" value="Reuters"/>
</metadata>
</newsitem>
