<?xml version="1.0" encoding="iso-8859-1" ?>
<newsitem itemid="254261" id="root" date="1996-12-13" xml:lang="en">
<title>SPAIN: SOCCER-PROSINECKI MOVES TO SEVILLA AFTER PAYMENT HICCUP.</title>
<headline>SOCCER-PROSINECKI MOVES TO SEVILLA AFTER PAYMENT HICCUP.</headline>
<dateline>SEVILLE, Spain 1996-12-13</dateline>
<text>
<p>Croatian midfielder Robert Prosinecki finally joined Sevilla on Friday after a hiccup in the payment of the 174 million pesetas ($1.34 million) transfer fee.</p>
<p>&quot;I've done a lot of transfers in my life...and I've never seen a situation like this,&quot; said Barcelona vice-president Joan Gaspart who extended the time limit for payment to 3pm on Friday after the first cheques bounced.</p>
<p>Gaspart said that on Thursday the club had received a fax which explained that the cheques deposited by Sevilla &quot;couldn't be processed through lack of funds&quot;.</p>
<p>Prosinecki struggled to find a regular first-team place at Barcelona with Johan Cruyff in charge and has hardly played under new coach Bobby Robson.</p>
</text>
<copyright>(c) Reuters Limited 1996</copyright>
<metadata>
<codes class="bip:countries:1.0">
  <code code="CRTIA">
    <editdetail attribution="Reuters BIP Coding Group" action="confirmed" date="1996-12-13"/>
  </code>
  <code code="SPAIN">
    <editdetail attribution="Reuters BIP Coding Group" action="confirmed" date="1996-12-13"/>
  </code>
</codes>
<codes class="bip:topics:1.0">
  <code code="GCAT">
    <editdetail attribution="Reuters BIP Coding Group" action="confirmed" date="1996-12-13"/>
  </code>
  <code code="GSPO">
    <editdetail attribution="Reuters BIP Coding Group" action="confirmed" date="1996-12-13"/>
  </code>
</codes>
<dc element="dc.date.created" value="1996-12-13"/>
<dc element="dc.publisher" value="Reuters Holdings Plc"/>
<dc element="dc.date.published" value="1996-12-13"/>
<dc element="dc.source" value="Reuters"/>
<dc element="dc.creator.location" value="SEVILLE, Spain"/>
<dc element="dc.creator.location.country.name" value="SPAIN"/>
<dc element="dc.source" value="Reuters"/>
</metadata>
</newsitem>
