<?xml version="1.0" encoding="iso-8859-1" ?>
<newsitem itemid="228430" id="root" date="1996-12-02" xml:lang="en">
<title>PHILIPPINES: Filinvest sets 18 centavo cash dividend.</title>
<headline>Filinvest sets 18 centavo cash dividend.</headline>
<dateline>MANILA 1996-12-02</dateline>
<text>
<p>Philippine conglomerate Filinvest Development Corp is giving an 18-centavo cash dividend to its shareholders as of December 16, the Philippine Stock Exchange said on Monday.</p>
<p>The ex-dividend date is set on December 5.</p>
<p>Filinvest is majority owned by Andrew Gotianun, one of the country's Chinese-Filipino taipans.</p>
<p>- Manila newsroom 63 2 8418938 Fax 8176267</p>
</text>
<copyright>(c) Reuters Limited 1996</copyright>
<metadata>
<codes class="bip:countries:1.0">
  <code code="PHLNS">
    <editdetail attribution="Reuters BIP Coding Group" action="confirmed" date="1996-12-02"/>
  </code>
</codes>
<codes class="bip:topics:1.0">
  <code code="C15">
    <editdetail attribution="Reuters BIP Coding Group" action="confirmed" date="1996-12-02"/>
  </code>
  <code code="C151">
    <editdetail attribution="Reuters BIP Coding Group" action="confirmed" date="1996-12-02"/>
  </code>
  <code code="CCAT">
    <editdetail attribution="Reuters BIP Coding Group" action="confirmed" date="1996-12-02"/>
  </code>
</codes>
<dc element="dc.date.created" value="1996-12-02"/>
<dc element="dc.publisher" value="Reuters Holdings Plc"/>
<dc element="dc.date.published" value="1996-12-02"/>
<dc element="dc.source" value="Reuters"/>
<dc element="dc.creator.location" value="MANILA"/>
<dc element="dc.creator.location.country.name" value="PHILIPPINES"/>
<dc element="dc.source" value="Reuters"/>
</metadata>
</newsitem>
