<?xml version="1.0" encoding="iso-8859-1" ?>
<newsitem itemid="29474" id="root" date="1996-09-03" xml:lang="en">
<title>ARGENTINA: Argentine grain/oilseed reference prices adjusted.</title>
<headline>Argentine grain/oilseed reference prices adjusted.</headline>
<dateline>BUENOS AIRES 1996-09-03</dateline>
<text>
<p>Argentina's Agricultural Secretariat adjusted prices, used for fixing exporters' rebates, in dollars a tonne FOB, previous bracketed:</p>
<p> Wheat			   Nov 205 (203)     Dec 163 (163)</p>
<p> Maize			   Jan 161 (164)     Feb 139 (139)</p>
<p> Soybean			 Mar --- (306)     Apr --- (288)</p>
<p> Sunseed			     267 (264)</p>
<p> Sorghum			     --- (139)</p>
<p> Millet sole shipment	    --- (116)</p>
<p> Linseed sole shipment	   --- (235)</p>
<p> Birdseed sole shipment	  --- (580)</p>
<p> Soybean oil		   Aug --- (523)     Sep --- (535)</p>
<p> Sunflower oil		 Aug --- (528)     Sep --- (540)</p>
<p> Cotton oil, sole shipment	   --- (490)</p>
<p> Peanut oil, sole shipment	   --- (815)</p>
<p> Linseed oil, sole shipment	  --- (470)</p>
<p> Soybean expellers		     --- (269)     --- (---)</p>
<p> Soybean pellets			 --- (261)     --- (---)</p>
<p> Soybean meal			    --- (261)     --- (---)</p>
<p> Linseed expellers sole shipment   --- (210)</p>
<p> Linseed pellets sole shipment     --- (188)</p>
<p> Linseed meal sole shipment	  --- (178)</p>
<p> Sunseed expellers		     --- (137)     ---(---)</p>
<p> Sunseed pellets			 --- (135)     ---(---)</p>
<p> Sunseed pell., wholemeal	    --- (112)     ---(---)</p>
<p> Sunseed meal,			   --- (137)     ---(---)</p>
<p> Peanut expell. sole shipment	--- (230)</p>
<p> Peanut pellets sole shipment	--- (224)</p>
<p> Peanut meal sole shipment	   --- (223)</p>
<p> Cottonseed expellers		  --- (133)</p>
<p> Cottonseed pellets		    --- (126)</p>
<p> Cottonseed meal			 --- (121)</p>
<p> Wheat flour sole shipment	   --- (310)</p>
<p> Wheat pellets sole shipment	 --- (170)</p>
<p> Wheat, durum			Dec --- (230)</p>
<p> Edible peanuts sole shipment	--- (770)</p>
<p> Peanuts, for crushing		 --- (340)</p>
<p> Barley, brewers sole shipment     --- (220)</p>
<p> Barley, other			   --- (145)</p>
<p> Oats					--- (180)</p>
<p> Safflower seed			  --- (240)</p>
<p>-- Buenos Aires Newsroom +541 318-0695</p>
</text>
<copyright>(c) Reuters Limited 1996</copyright>
<metadata>
<codes class="bip:countries:1.0">
  <code code="ARG">
    <editdetail attribution="Reuters BIP Coding Group" action="confirmed" date="1996-09-03"/>
  </code>
</codes>
<codes class="bip:topics:1.0">
  <code code="M14">
    <editdetail attribution="Reuters BIP Coding Group" action="confirmed" date="1996-09-03"/>
  </code>
  <code code="M141">
    <editdetail attribution="Reuters BIP Coding Group" action="confirmed" date="1996-09-03"/>
  </code>
  <code code="MCAT">
    <editdetail attribution="Reuters BIP Coding Group" action="confirmed" date="1996-09-03"/>
  </code>
</codes>
<dc element="dc.date.created" value="1996-09-03"/>
<dc element="dc.publisher" value="Reuters Holdings Plc"/>
<dc element="dc.date.published" value="1996-09-03"/>
<dc element="dc.source" value="Reuters"/>
<dc element="dc.creator.location" value="BUENOS AIRES"/>
<dc element="dc.creator.location.country.name" value="ARGENTINA"/>
<dc element="dc.source" value="Reuters"/>
</metadata>
</newsitem>
