<?xml version="1.0" encoding="iso-8859-1" ?>
<newsitem itemid="362024" id="root" date="1997-02-06" xml:lang="en">
<title>JAPAN: Yamaha shares hit high for fiscal year.</title>
<headline>Yamaha shares hit high for fiscal year.</headline>
<dateline>TOKYO 1997-02-06</dateline>
<text>
<p>Shares in Yamaha Corp jumped to their highest level this financial year on Thursday, after it said it would announce the signing of an original equipment manufacturing (OEM) contract with a U.S. chip maker at 3 p.m. (0600 GMT).</p>
<p>At 0345 GMT, the share was up 60 yen at 2,140.</p>
<p>Volume was 4.265 million shares. It was the seventh most heavily traded issue on the first section of the Tokyo Stock Exchange.</p>
</text>
<copyright>(c) Reuters Limited 1997</copyright>
<metadata>
<codes class="bip:countries:1.0">
  <code code="JAP">
    <editdetail attribution="Reuters BIP Coding Group" action="confirmed" date="1997-02-06"/>
  </code>
</codes>
<codes class="bip:industries:1.0">
  <code code="I49200">
    <editdetail attribution="Reuters BIP Coding Group" action="confirmed" date="1997-02-06"/>
  </code>
</codes>
<codes class="bip:topics:1.0">
  <code code="C15">
    <editdetail attribution="Reuters BIP Coding Group" action="confirmed" date="1997-02-06"/>
  </code>
  <code code="C152">
    <editdetail attribution="Reuters BIP Coding Group" action="confirmed" date="1997-02-06"/>
  </code>
  <code code="CCAT">
    <editdetail attribution="Reuters BIP Coding Group" action="confirmed" date="1997-02-06"/>
  </code>
</codes>
<dc element="dc.date.created" value="1997-02-06"/>
<dc element="dc.publisher" value="Reuters Holdings Plc"/>
<dc element="dc.date.published" value="1997-02-06"/>
<dc element="dc.source" value="Reuters"/>
<dc element="dc.creator.location" value="TOKYO"/>
<dc element="dc.creator.location.country.name" value="JAPAN"/>
<dc element="dc.source" value="Reuters"/>
</metadata>
</newsitem>
