<?xml version="1.0" encoding="iso-8859-1" ?>
<newsitem itemid="465785" id="root" date="1997-03-25" xml:lang="en">
<title>SLOVAKIA: Major Slovak stocks steady, SAX slightly higher.</title>
<headline>Major Slovak stocks steady, SAX slightly higher.</headline>
<dateline>BRATISLAVA 1997-03-25</dateline>
<text>
<p>Slovak blue chips held steady in moderate trading on the Bratislava Stock Exchange (BSE) on Tuesday, with gains to shares of drug maker Slovakofarma pushing the SAX index up 0.49 points to 206.64.</p>
<p>Slovakofarma rose 50 to 5,100 crowns, but brokers said volumes were small making it necessary to wait until a larger parcel of shares was available to show any longer-term trend.</p>
<p>&quot;There is stable demand for Slovakofarma shares, but there seems to be a lack of liquidity at the moment,&quot; said Libor Briska of Creditanstalt.  </p>
<p>Briska said investors were generally very quiet at present, but noted there is still interest in the blue chips, &quot;so the market is more likely to slightly rise rather than decline in the mid-term.&quot;</p>
<p>Overall volume rose to 1,975,782 share - due mainly to 1,956,672 changing hands in direct trades - from 546,514 shares on Monday. Turnover increased to 1.09 billion crowns, from 383.55 million on Monday.</p>
<p>-- Peter Laca, Bratislava Newsroom, 421-7-521-8402</p>
</text>
<copyright>(c) Reuters Limited 1997</copyright>
<metadata>
<codes class="bip:countries:1.0">
  <code code="SLVAK">
    <editdetail attribution="Reuters BIP Coding Group" action="confirmed" date="1997-03-25"/>
  </code>
</codes>
<codes class="bip:topics:1.0">
  <code code="M11">
    <editdetail attribution="Reuters BIP Coding Group" action="confirmed" date="1997-03-25"/>
  </code>
  <code code="MCAT">
    <editdetail attribution="Reuters BIP Coding Group" action="confirmed" date="1997-03-25"/>
  </code>
</codes>
<dc element="dc.date.created" value="1997-03-25"/>
<dc element="dc.publisher" value="Reuters Holdings Plc"/>
<dc element="dc.date.published" value="1997-03-25"/>
<dc element="dc.source" value="Reuters"/>
<dc element="dc.creator.location" value="BRATISLAVA"/>
<dc element="dc.creator.location.country.name" value="SLOVAKIA"/>
<dc element="dc.source" value="Reuters"/>
</metadata>
</newsitem>
