<?xml version="1.0" encoding="iso-8859-1" ?>
<newsitem itemid="359416" id="root" date="1997-02-06" xml:lang="en">
<title>USA: Net $1.15 bln of US securities stripped in Jan.</title>
<headline>Net $1.15 bln of US securities stripped in Jan.</headline>
<dateline>WASHINGTON 1997-02-06</dateline>
<text>
<p>The Treasury Department said on Thursday a net $1.15 billion of government securities were stripped in January, compared with $13 million that were reconstituted in December.</p>
<p>The Strips, or Separate Trading of Registered Interest and Principal of Securities program, are created by separating the interest coupon from the principal payment. Securities can be reconstituted by rejoining the principal and coupon.</p>
<p>The Treasury said $928.14 billion of securities were eligible for stripping in January. Of the total, $224.29 billion were held in stripped form on Jan 31, compared with $223.15 billion on Dec 31.</p>
</text>
<copyright>(c) Reuters Limited 1997</copyright>
<metadata>
<codes class="bip:countries:1.0">
  <code code="USA">
    <editdetail attribution="Reuters BIP Coding Group" action="confirmed" date="1997-02-06"/>
  </code>
</codes>
<codes class="bip:topics:1.0">
  <code code="M12">
    <editdetail attribution="Reuters BIP Coding Group" action="confirmed" date="1997-02-06"/>
  </code>
  <code code="MCAT">
    <editdetail attribution="Reuters BIP Coding Group" action="confirmed" date="1997-02-06"/>
  </code>
</codes>
<dc element="dc.date.created" value="1997-02-06"/>
<dc element="dc.publisher" value="Reuters Holdings Plc"/>
<dc element="dc.date.published" value="1997-02-06"/>
<dc element="dc.source" value="Reuters"/>
<dc element="dc.creator.location" value="WASHINGTON"/>
<dc element="dc.creator.location.country.name" value="USA"/>
<dc element="dc.source" value="Reuters"/>
</metadata>
</newsitem>
