<?xml version="1.0" encoding="iso-8859-1" ?>
<newsitem itemid="685817" id="root" date="1997-06-25" xml:lang="en">
<title>ARGENTINA: Sevel gives Peugeot option to take control.</title>
<headline>Sevel gives Peugeot option to take control.</headline>
<dateline>BUENOS AIRES 1997-06-25</dateline>
<text>
<p>Sevel Argentina on Wednesday said it granted the French carmaker Automobiles Peugeot an option to take control of the company.</p>
<p>The option runs until July 1999, Francisco Macri, president of Sevel's holding company Grupo Macri, told the Buenos Aires Exchange.</p>
<p>Sevel produces cars in Argentina under license from Peugeot, a division of PSA Peugeot Citroen.</p>
<p>Earlier in the day, Peugeot announced in Paris that it agreed to take an initial 15 percent of Sevel for $35 milllion through a capital increase. It said it planned to raise its stake to 23 percent next year for about the same amount.</p>
<p>&quot;Grupo Macri will grant (Automobiles Peugeot) a buy option until July 15, 1999, of the number of Sevel shares that may be necessary for AP...to get a 50 percent of the capital and voting power of the mentioned company, plus one share with voting power,&quot; Macri said.</p>
<p>(-- Guillermo Haskel, Buenos Aires Newsroom, 541 318-0618))</p>
</text>
<copyright>(c) Reuters Limited 1997</copyright>
<metadata>
<codes class="bip:countries:1.0">
  <code code="ARG">
    <editdetail attribution="Reuters BIP Coding Group" action="confirmed" date="1997-06-25"/>
  </code>
  <code code="FRA">
    <editdetail attribution="Reuters BIP Coding Group" action="confirmed" date="1997-06-25"/>
  </code>
</codes>
<codes class="bip:industries:1.0">
  <code code="I35101">
    <editdetail attribution="Reuters BIP Coding Group" action="confirmed" date="1997-06-25"/>
  </code>
</codes>
<codes class="bip:topics:1.0">
  <code code="C18">
    <editdetail attribution="Reuters BIP Coding Group" action="confirmed" date="1997-06-25"/>
  </code>
  <code code="C181">
    <editdetail attribution="Reuters BIP Coding Group" action="confirmed" date="1997-06-25"/>
  </code>
  <code code="CCAT">
    <editdetail attribution="Reuters BIP Coding Group" action="confirmed" date="1997-06-25"/>
  </code>
</codes>
<dc element="dc.date.created" value="1997-06-25"/>
<dc element="dc.publisher" value="Reuters Holdings Plc"/>
<dc element="dc.date.published" value="1997-06-25"/>
<dc element="dc.source" value="Reuters"/>
<dc element="dc.creator.location" value="BUENOS AIRES"/>
<dc element="dc.creator.location.country.name" value="ARGENTINA"/>
<dc element="dc.source" value="Reuters"/>
</metadata>
</newsitem>
