<?xml version="1.0" encoding="iso-8859-1" ?>
<newsitem itemid="434865" id="root" date="1997-03-11" xml:lang="en">
<title>JAPAN: Fire at Japan nuclear fuel plant soon put out.</title>
<headline>Fire at Japan nuclear fuel plant soon put out.</headline>
<dateline>TOKYO 1997-03-11</dateline>
<text>
<p>A small fire broke out at a nuclear fuel reprocessing plant north of Tokyo on Tuesday morning, but it was soon extinguished and there was no damage to the environment, the operator of the plant said.</p>
<p>The fire at Power Reactor and Nuclear Fuel Development Corp's (PNC) Tokaimura plant in Ibaraki Prefecture, north of Tokyo, broke out at 10.08 a.m. (0108 GMT) but was put out about 15 minutes later, a spokesman for the state-run firm said.</p>
<p>There were no injuries, he said, adding that he could not provide any information on the impact on the firm's operations or the cost of the damage until an investigation was completed.</p>
<p>PNC has a prototype fast-breeder reactor, &quot;Monju&quot;, operations of which have been suspended since an accident in December 1995 when sodium coolant leaked from the reactor.</p>
<p>No damage was caused to the environment in that incident, but the operators are still investigating the cause.</p>
<p>Revelations of an attempt to cover up the scale of the incident increased public distrust of Japan's nuclear policy.</p>
<p>Japan relies on nuclear reactors for about 32 percent of its electricity needs and currently ships the bulk of its nuclear waste to Europe to be reprocessed.</p>
</text>
<copyright>(c) Reuters Limited 1997</copyright>
<metadata>
<codes class="bip:countries:1.0">
  <code code="JAP">
    <editdetail attribution="Reuters BIP Coding Group" action="confirmed" date="1997-03-11"/>
  </code>
</codes>
<codes class="bip:industries:1.0">
  <code code="I1610109">
    <editdetail attribution="Reuters BIP Coding Group" action="confirmed" date="1997-03-11"/>
  </code>
</codes>
<codes class="bip:topics:1.0">
  <code code="C24">
    <editdetail attribution="Reuters BIP Coding Group" action="confirmed" date="1997-03-11"/>
  </code>
  <code code="CCAT">
    <editdetail attribution="Reuters BIP Coding Group" action="confirmed" date="1997-03-11"/>
  </code>
  <code code="GCAT">
    <editdetail attribution="Reuters BIP Coding Group" action="confirmed" date="1997-03-11"/>
  </code>
  <code code="GDIS">
    <editdetail attribution="Reuters BIP Coding Group" action="confirmed" date="1997-03-11"/>
  </code>
  <code code="GENV">
    <editdetail attribution="Reuters BIP Coding Group" action="confirmed" date="1997-03-11"/>
  </code>
</codes>
<dc element="dc.date.created" value="1997-03-11"/>
<dc element="dc.publisher" value="Reuters Holdings Plc"/>
<dc element="dc.date.published" value="1997-03-11"/>
<dc element="dc.source" value="Reuters"/>
<dc element="dc.creator.location" value="TOKYO"/>
<dc element="dc.creator.location.country.name" value="JAPAN"/>
<dc element="dc.source" value="Reuters"/>
</metadata>
</newsitem>
