<?xml version="1.0" encoding="iso-8859-1" ?>
<newsitem itemid="47297" id="root" date="1996-09-11" xml:lang="en">
<title>UK: BGB Finance sets 750 million mark five-year bond.</title>
<headline>BGB Finance sets 750 million mark five-year bond.</headline>
<dateline>LONDON 1996-09-11</dateline>
<text>
<p>The following bond was announced</p>
<p>by joint lead managers CS First Boston and J.P. Morgan.</p>
<p> BORROWER   BANKGESELLSCHAFT BERLIN FINANCE IRELAND PLC</p>
<p>GUARANTOR  BANKGESELLSCHAFT BERLIN GROUP</p>
<p> AMT    750 MLN DEM   COUPON     5.375     MATURITY    04.OCT.01</p>
<p> TYPE	 STRAIGHT  ISS PRICE  101.575   PAY DATE    04.OCT.96</p>
<p> FULL FEES  2.0	 REOFFER    99.825    SPREAD	+35 BP</p>
<p> MOODY	AA1	 LISTING    FFT BER   PAY FREQ    =</p>
<p> S&amp;P	  =	   DENOMS (K) 1-10-100  SALE LIMITS DE/IE</p>
<p> NEG PLG    *YES	CRS DEFLT  NO	  FORCE MAJ   YES</p>
<p> GOV LAW    GERMAN    HOME CTRY  =	   TAX PROVS   =</p>
<p> MGT/UND    0.25	SELL CONC  1.75	PRAECIPUUM  =</p>
<p>UNDERLYING GOVT BOND 119 BOBL</p>
<p> NOTES	*ISSUER ONLY</p>
<p>-- London Newsroom +44 171 542 7658</p>
</text>
<copyright>(c) Reuters Limited 1996</copyright>
<metadata>
<codes class="bip:countries:1.0">
  <code code="GFR">
    <editdetail attribution="Reuters BIP Coding Group" action="confirmed" date="1996-09-11"/>
  </code>
  <code code="IRE">
    <editdetail attribution="Reuters BIP Coding Group" action="confirmed" date="1996-09-11"/>
  </code>
</codes>
<codes class="bip:industries:1.0">
  <code code="I81402">
    <editdetail attribution="Reuters BIP Coding Group" action="confirmed" date="1996-09-11"/>
  </code>
</codes>
<codes class="bip:topics:1.0">
  <code code="C17">
    <editdetail attribution="Reuters BIP Coding Group" action="confirmed" date="1996-09-11"/>
  </code>
  <code code="C172">
    <editdetail attribution="Reuters BIP Coding Group" action="confirmed" date="1996-09-11"/>
  </code>
  <code code="CCAT">
    <editdetail attribution="Reuters BIP Coding Group" action="confirmed" date="1996-09-11"/>
  </code>
</codes>
<dc element="dc.date.created" value="1996-09-11"/>
<dc element="dc.publisher" value="Reuters Holdings Plc"/>
<dc element="dc.date.published" value="1996-09-11"/>
<dc element="dc.source" value="Reuters"/>
<dc element="dc.creator.location" value="LONDON"/>
<dc element="dc.creator.location.country.name" value="UK"/>
<dc element="dc.source" value="Reuters"/>
</metadata>
</newsitem>
