<?xml version="1.0" encoding="iso-8859-1" ?>
<newsitem itemid="137046" id="root" date="1996-10-23" xml:lang="en">
<title>USA: Penril holders to meet Nov 15 on merger.</title>
<headline>Penril holders to meet Nov 15 on merger.</headline>
<dateline>GAITHERSBURG, Md. 1996-10-23</dateline>
<text>
<p>Penril DataComm Network said Wednesday it scheduled a shareholders meeting for November 15 to vote on the spinoff of its networking products business and subsequent merger with Bay Networks Inc.</p>
<p>Bay plans to buy Penril's digital signal processing (DSP) modem business for $10 per share in stock. The networking products business would become a new publicly traded company called Access Beyond Inc.</p>
<p>Penril said Ronald Howard, 40, was expected to be chairman, chief executive officer and president of Access Beyond. He was president of Penril's datability networks unit.  </p>
<p>Other expected members of Access's board of directors were Arthur Samberg, 55, president of investment advisor Dawson-Samberg Capital Management Inc, Barbara Perrier, 44, vice president and chief financial officer of Communication Systems Technology Inc, John Howard, 43, chief executive officer of Gryphon Capital Partners Corp, and Paul Schaller, 48, president of managment consulting firm Schaller Associates.</p>
<p>-- New York newsdesk 212-859-1610</p>
</text>
<copyright>(c) Reuters Limited 1996</copyright>
<metadata>
<codes class="bip:countries:1.0">
  <code code="USA">
    <editdetail attribution="Reuters BIP Coding Group" action="confirmed" date="1996-10-23"/>
  </code>
</codes>
<codes class="bip:industries:1.0">
  <code code="I33020">
    <editdetail attribution="Reuters BIP Coding Group" action="confirmed" date="1996-10-23"/>
  </code>
  <code code="I3302021">
    <editdetail attribution="Reuters BIP Coding Group" action="confirmed" date="1996-10-23"/>
  </code>
  <code code="I34410">
    <editdetail attribution="Reuters BIP Coding Group" action="confirmed" date="1996-10-23"/>
  </code>
</codes>
<codes class="bip:topics:1.0">
  <code code="C18">
    <editdetail attribution="Reuters BIP Coding Group" action="confirmed" date="1996-10-23"/>
  </code>
  <code code="C181">
    <editdetail attribution="Reuters BIP Coding Group" action="confirmed" date="1996-10-23"/>
  </code>
  <code code="CCAT">
    <editdetail attribution="Reuters BIP Coding Group" action="confirmed" date="1996-10-23"/>
  </code>
</codes>
<dc element="dc.date.created" value="1996-10-23"/>
<dc element="dc.publisher" value="Reuters Holdings Plc"/>
<dc element="dc.date.published" value="1996-10-23"/>
<dc element="dc.source" value="Reuters"/>
<dc element="dc.creator.location" value="GAITHERSBURG, Md."/>
<dc element="dc.creator.location.country.name" value="USA"/>
<dc element="dc.source" value="Reuters"/>
</metadata>
</newsitem>
