<?xml version="1.0" encoding="iso-8859-1" ?>
<newsitem itemid="107548" id="root" date="1996-10-10" xml:lang="en">
<title>UK: London shipsales.</title>
<headline>London shipsales.</headline>
<dateline>LONDON 1996-10-10</dateline>
<text>
<p>Secondhand tonnage brokers reported the sale of the following vessels.</p>
<p>COMBINATION CARRIERS - Brahms - (built 1972) 51,173 dwt sold to Greek buyers for $4 million.</p>
<p>REEFERS - Amber Cherry - (built 1992) 393,300 cubic ft plus sisterships:</p>
<p>Amber Lily (built 1994) and Amber Rose (built 1992) sold for $53.4 million enbloc including seven years timecharter.</p>
<p>Some of these sales may not be final as they may be subject to inspection, survey or other conditions.</p>
</text>
<copyright>(c) Reuters Limited 1996</copyright>
<metadata>
<codes class="bip:countries:1.0">
  <code code="UK">
    <editdetail attribution="Reuters BIP Coding Group" action="confirmed" date="1996-10-10"/>
  </code>
</codes>
<codes class="bip:topics:1.0">
  <code code="M14">
    <editdetail attribution="Reuters BIP Coding Group" action="confirmed" date="1996-10-10"/>
  </code>
  <code code="MCAT">
    <editdetail attribution="Reuters BIP Coding Group" action="confirmed" date="1996-10-10"/>
  </code>
</codes>
<dc element="dc.date.created" value="1996-10-10"/>
<dc element="dc.publisher" value="Reuters Holdings Plc"/>
<dc element="dc.date.published" value="1996-10-10"/>
<dc element="dc.source" value="Reuters"/>
<dc element="dc.creator.location" value="LONDON"/>
<dc element="dc.creator.location.country.name" value="UK"/>
<dc element="dc.source" value="Reuters"/>
</metadata>
</newsitem>
