<?xml version="1.0" encoding="iso-8859-1" ?>
<newsitem itemid="438601" id="root" date="1997-03-13" xml:lang="en">
<title>USA: Systems of Excellence files Chapter 11.</title>
<headline>Systems of Excellence files Chapter 11.</headline>
<dateline>MCLEAN, Va. 1997-03-13</dateline>
<text>
<p>Systems of Excellence Inc said on Thursday it filed a petition under Chapter 11 of the U.S. Bankruptcy Code.</p>
<p>The Florida-based company said the filing would not excuse it from complying with injunctive orders entered in connection with a U.S. Securities and Exchange Commission court action.</p>
<p>A purported class-action suit was filed in December on behalf of stockholders alleging that the company and its former chief executive, Charles Huttoe, manipulated the stock price through misrepresentations.</p>
<p>Systems of Excellence makes video tele-conferencing systems.</p>
</text>
<copyright>(c) Reuters Limited 1997</copyright>
<metadata>
<codes class="bip:countries:1.0">
  <code code="USA">
    <editdetail attribution="Reuters BIP Coding Group" action="confirmed" date="1997-03-13"/>
  </code>
</codes>
<codes class="bip:industries:1.0">
  <code code="I33020">
    <editdetail attribution="Reuters BIP Coding Group" action="confirmed" date="1997-03-13"/>
  </code>
  <code code="I3302021">
    <editdetail attribution="Reuters BIP Coding Group" action="confirmed" date="1997-03-13"/>
  </code>
</codes>
<codes class="bip:topics:1.0">
  <code code="C16">
    <editdetail attribution="Reuters BIP Coding Group" action="confirmed" date="1997-03-13"/>
  </code>
  <code code="CCAT">
    <editdetail attribution="Reuters BIP Coding Group" action="confirmed" date="1997-03-13"/>
  </code>
</codes>
<dc element="dc.date.created" value="1997-03-13"/>
<dc element="dc.publisher" value="Reuters Holdings Plc"/>
<dc element="dc.date.published" value="1997-03-13"/>
<dc element="dc.source" value="Reuters"/>
<dc element="dc.creator.location" value="MCLEAN, Va."/>
<dc element="dc.creator.location.country.name" value="USA"/>
<dc element="dc.source" value="Reuters"/>
</metadata>
</newsitem>
