<?xml version="1.0" encoding="iso-8859-1" ?>
<newsitem itemid="107186" id="root" date="1996-10-10" xml:lang="en">
<title>POLAND: POLISH BANK HANDLOWY SELLS PLN 9 MLN FORD CPS.</title>
<headline>POLISH BANK HANDLOWY SELLS PLN 9 MLN FORD CPS.</headline>
<dateline>WARSAW 1996-10-10</dateline>
<text>
<p>Poland's Bank Handlowy on Thursday sold nine million zlotys of commercial paper for Ford Credit Europe plc, a unit of Ford Motor Co., maturing on December 18, the bank said in a statement.</p>
<p>It said Ford Credit Europe's paper was sold at an average yield of 18.91 percent and a maximum yield of 18.96 percent.</p>
<p>The offering was a part of Ford's 200-million zloty borrowing programme.</p>
<p>-- Warsaw Newsroom +48 22 653 9700</p>
</text>
<copyright>(c) Reuters Limited 1996</copyright>
<metadata>
<codes class="bip:countries:1.0">
  <code code="POL">
    <editdetail attribution="Reuters BIP Coding Group" action="confirmed" date="1996-10-10"/>
  </code>
  <code code="UK">
    <editdetail attribution="Reuters BIP Coding Group" action="confirmed" date="1996-10-10"/>
  </code>
  <code code="USA">
    <editdetail attribution="Reuters BIP Coding Group" action="confirmed" date="1996-10-10"/>
  </code>
</codes>
<codes class="bip:industries:1.0">
  <code code="I35101">
    <editdetail attribution="Reuters BIP Coding Group" action="confirmed" date="1996-10-10"/>
  </code>
</codes>
<codes class="bip:topics:1.0">
  <code code="C17">
    <editdetail attribution="Reuters BIP Coding Group" action="confirmed" date="1996-10-10"/>
  </code>
  <code code="C172">
    <editdetail attribution="Reuters BIP Coding Group" action="confirmed" date="1996-10-10"/>
  </code>
  <code code="CCAT">
    <editdetail attribution="Reuters BIP Coding Group" action="confirmed" date="1996-10-10"/>
  </code>
</codes>
<dc element="dc.date.created" value="1996-10-10"/>
<dc element="dc.publisher" value="Reuters Holdings Plc"/>
<dc element="dc.date.published" value="1996-10-10"/>
<dc element="dc.source" value="Reuters"/>
<dc element="dc.creator.location" value="WARSAW"/>
<dc element="dc.creator.location.country.name" value="POLAND"/>
<dc element="dc.source" value="Reuters"/>
</metadata>
</newsitem>
