<?xml version="1.0" encoding="iso-8859-1" ?>
<newsitem itemid="735610" id="root" date="1997-07-17" xml:lang="en">
<title>BRAZIL: Brazil OJ industry reports new season output.</title>
<headline>Brazil OJ industry reports new season output.</headline>
<dateline>RIO DE JANEIRO 1997-07-17</dateline>
<text>
<p>The Brazilian Association of Citrus Exporters (Abecitrus) reported the following output and exports of frozen concentrated orange juice in metric tonnes 66 Brix for the new season from June 2 to July 13 .</p>
<p>From next week Abecitrus will return to publishing weekly figures.</p>
<p>	   June 2-July 13  July 1-14	TOTAL	  TOTAL</p>
<p>		 1997/98     1996/97	1997/98	1996/97</p>
<p> Stocks/open    123,912.1   169,940.6</p>
<p> Production     142,754.1    76,214.8   142,754.1     76,214.8</p>
<p> Shipment	  19,179.6    27,455.1    19,179.6     27,455.1</p>
<p> Home Market	  690.2	 600.5	 690.2	  600.5</p>
<p> Stocks/close   246,796.4   218,099.8</p>
<p>((-Caroline Bulloch, Rio de Janeiro newsroom, 5521 5074151))</p>
</text>
<copyright>(c) Reuters Limited 1997</copyright>
<metadata>
<codes class="bip:countries:1.0">
  <code code="BRAZ">
    <editdetail attribution="Reuters BIP Coding Group" action="confirmed" date="1997-07-17"/>
  </code>
</codes>
<codes class="bip:industries:1.0">
  <code code="I01002">
    <editdetail attribution="Reuters BIP Coding Group" action="confirmed" date="1997-07-17"/>
  </code>
  <code code="I0100216">
    <editdetail attribution="Reuters BIP Coding Group" action="confirmed" date="1997-07-17"/>
  </code>
  <code code="I41400">
    <editdetail attribution="Reuters BIP Coding Group" action="confirmed" date="1997-07-17"/>
  </code>
</codes>
<codes class="bip:topics:1.0">
  <code code="C21">
    <editdetail attribution="Reuters BIP Coding Group" action="confirmed" date="1997-07-17"/>
  </code>
  <code code="CCAT">
    <editdetail attribution="Reuters BIP Coding Group" action="confirmed" date="1997-07-17"/>
  </code>
  <code code="M14">
    <editdetail attribution="Reuters BIP Coding Group" action="confirmed" date="1997-07-17"/>
  </code>
  <code code="M141">
    <editdetail attribution="Reuters BIP Coding Group" action="confirmed" date="1997-07-17"/>
  </code>
  <code code="MCAT">
    <editdetail attribution="Reuters BIP Coding Group" action="confirmed" date="1997-07-17"/>
  </code>
</codes>
<dc element="dc.date.created" value="1997-07-17"/>
<dc element="dc.publisher" value="Reuters Holdings Plc"/>
<dc element="dc.date.published" value="1997-07-17"/>
<dc element="dc.source" value="Reuters"/>
<dc element="dc.creator.location" value="RIO DE JANEIRO"/>
<dc element="dc.creator.location.country.name" value="BRAZIL"/>
<dc element="dc.source" value="Reuters"/>
</metadata>
</newsitem>
