<?xml version="1.0" encoding="iso-8859-1" ?>
<newsitem itemid="336091" id="root" date="1997-01-27" xml:lang="en">
<title>UK: Market's EMU expectations edge lower - JP Morgan.</title>
<headline>Market's EMU expectations edge lower - JP Morgan.</headline>
<dateline>LONDON 1997-01-27</dateline>
<text>
<p>Market expectations of a broad-based European monetary union have edged lower in the past week with only Denmark showing a rise in the probability of participating along with expected core members, according to JP Morgan's EMU calculator.</p>
<p>In the past five trading days, market prices indicated that the perceived probability of Spain, Sweden and the UK joining EMU in 1999 all receded.</p>
<p>Spain fell 4.0 percentage points to 79 percent, Sweden 3.0 points to 73 percent and the UK, deemed the least likely to join EMU in 1999, was down 1.0 point to 41 percent.</p>
<p>The assigned probability of Italy joining was unchanged at 74 percent, while Denmark rose 4.0 points to 60 percent. The market still believes there is a 100 percent chance of France and Belgium joining in 1999, which was the same as last week, the calculator showed.</p>
<p>JP Morgan's EMU calculator derives from the interest rate swaps market probabilities of individual countries joining Germany in EMU in 1999.</p>
<p>The probabilities are derived from the actual swap spread, an in-house assumption of what the spread would be if EMU were not a factor, and the expected spread after EMU participation, which is zero.</p>
<p>-- London Forex desk, +44 171 542 6762</p>
</text>
<copyright>(c) Reuters Limited 1997</copyright>
<metadata>
<codes class="bip:countries:1.0">
  <code code="DEN">
    <editdetail attribution="Reuters BIP Coding Group" action="confirmed" date="1997-01-27"/>
  </code>
  <code code="EEC">
    <editdetail attribution="Reuters BIP Coding Group" action="confirmed" date="1997-01-27"/>
  </code>
  <code code="SPAIN">
    <editdetail attribution="Reuters BIP Coding Group" action="confirmed" date="1997-01-27"/>
  </code>
  <code code="SWED">
    <editdetail attribution="Reuters BIP Coding Group" action="confirmed" date="1997-01-27"/>
  </code>
  <code code="UK">
    <editdetail attribution="Reuters BIP Coding Group" action="confirmed" date="1997-01-27"/>
  </code>
</codes>
<codes class="bip:topics:1.0">
  <code code="G15">
    <editdetail attribution="Reuters BIP Coding Group" action="confirmed" date="1997-01-27"/>
  </code>
  <code code="G154">
    <editdetail attribution="Reuters BIP Coding Group" action="confirmed" date="1997-01-27"/>
  </code>
  <code code="GCAT">
    <editdetail attribution="Reuters BIP Coding Group" action="confirmed" date="1997-01-27"/>
  </code>
  <code code="M13">
    <editdetail attribution="Reuters BIP Coding Group" action="confirmed" date="1997-01-27"/>
  </code>
  <code code="M132">
    <editdetail attribution="Reuters BIP Coding Group" action="confirmed" date="1997-01-27"/>
  </code>
  <code code="MCAT">
    <editdetail attribution="Reuters BIP Coding Group" action="confirmed" date="1997-01-27"/>
  </code>
</codes>
<dc element="dc.date.created" value="1997-01-27"/>
<dc element="dc.publisher" value="Reuters Holdings Plc"/>
<dc element="dc.date.published" value="1997-01-27"/>
<dc element="dc.source" value="Reuters"/>
<dc element="dc.creator.location" value="LONDON"/>
<dc element="dc.creator.location.country.name" value="UK"/>
<dc element="dc.source" value="Reuters"/>
</metadata>
</newsitem>
