<?xml version="1.0" encoding="iso-8859-1" ?>
<newsitem itemid="447235" id="root" date="1997-03-17" xml:lang="en">
<title>USA: Chevron's Chandeleur Pipe Line to expand.</title>
<headline>Chevron's Chandeleur Pipe Line to expand.</headline>
<dateline>HOUSTON 1997-03-17</dateline>
<text>
<p>Chandeleur Pipe Line on Monday said it plans to expand natural gas delivery by an extra 200 million cubic feet per day, directly linking an affiliated plant at Venice, La., to Mississippi pipelines.</p>
<p>The pipe line company is a unit of Chevron Corp.</p>
<p>&quot;This expansion will provide producers with gas at Venice a new outlet that bypasses growing pipeline bottlenecks in southeast Louisiana,&quot; says Bill Erwin, president of Chandeleur.</p>
<p>The expanded line will start up in January 1999, after the company adds 26 miles of 24-inch pipe from Venice to an offshore platform at Main Pass 41, where the Chandeleur pipeline now originates.</p>
<p>An additional four miles of 24-inch pipe will be added onshore at Pascagoula, Miss., to connect to the new Destin Pipeline, the company said.</p>
<p>The new sections will help producers bypass bottlenecks in Louisiana as line space nears capacity in the next few years, the company said.</p>
<p>Chandeleur expects to file its certificate applications by March 31 with the Federal Energy Regulatory Commission, which must approve the project.</p>
</text>
<copyright>(c) Reuters Limited 1997</copyright>
<metadata>
<codes class="bip:countries:1.0">
  <code code="USA">
    <editdetail attribution="Reuters BIP Coding Group" action="confirmed" date="1997-03-17"/>
  </code>
</codes>
<codes class="bip:industries:1.0">
  <code code="I13000">
    <editdetail attribution="Reuters BIP Coding Group" action="confirmed" date="1997-03-17"/>
  </code>
</codes>
<codes class="bip:topics:1.0">
  <code code="C24">
    <editdetail attribution="Reuters BIP Coding Group" action="confirmed" date="1997-03-17"/>
  </code>
  <code code="CCAT">
    <editdetail attribution="Reuters BIP Coding Group" action="confirmed" date="1997-03-17"/>
  </code>
</codes>
<dc element="dc.date.created" value="1997-03-17"/>
<dc element="dc.publisher" value="Reuters Holdings Plc"/>
<dc element="dc.date.published" value="1997-03-17"/>
<dc element="dc.source" value="Reuters"/>
<dc element="dc.creator.location" value="HOUSTON"/>
<dc element="dc.creator.location.country.name" value="USA"/>
<dc element="dc.source" value="Reuters"/>
</metadata>
</newsitem>
