<?xml version="1.0" encoding="iso-8859-1" ?>
<newsitem itemid="735540" id="root" date="1997-07-17" xml:lang="en">
<title>ROMANIA: PRESS DIGEST - ROMANIA - JULY 17.</title>
<headline>PRESS DIGEST - ROMANIA - JULY 17.</headline>
<dateline>BUCHAREST 1997-07-17</dateline>
<text>
<p>Here are highlights of stories in Romania's press on Thursday. Reuters has not verified these stories and does not vouch for their accuracy:</p>
<p>Business:</p>
<p>CAPITAL</p>
<p>- A group led by Trita Fanita, a member of parliament from the Democratic Party, has won a tender for the largest grain terminal in the free trade area of the Black Sea port of Constanta, the newspaper says.</p>
<p>- Romania has increased excise duties on medium-priced foreign cigarettes.</p>
<p>- Production costs for wheat are bigger than market prices, says a newspaper report.</p>
<p>BURSA</p>
<p>- Renel electricity authority has hired British-based consultants Coopers &amp; Lybrand to help to restructure the energy sector.</p>
<p>ADEVARUL</p>
<p>- Romania has been left out of initial membership talks postponed by the European Union after being excluded by NATO, says a report on the European Commission's decision to start membership talks only with five East European countries.</p>
<p>ROMANIA LIBERA</p>
<p>- Next week, Romania's Romtelecom state-run telephone operator will announce the winner of a tender bid to size up the company ahead of privatisation.</p>
<p>- The newspaper quotes a report drafted by Britain's The Banker manazine, listing only one Romanian bank, Banca Comerciala Romania (BCR) among the world's top 1,000 banks.</p>
<p>General:</p>
<p>EVENIMENTUL ZILEI</p>
<p>- Former King Michael will go to Timisoara, in western Romania, in August, and spend his summer holidays in his homeland.</p>
<p>- Tinker gypsy clans from two villages near Suceava fought pitched battles over a 13-year old girl, the newspaper says.</p>
<p>ADEVARUL</p>
<p>- Three Romanian convicts, serving eight-year jail terms for robbery, escaped from a Greek prison on the island of Crete, the newspaper says.</p>
<p>- The Hungarian consular office in Cluj will be open for three working days a week, starting July 28, says a newspaper report.</p>
<p>LIBERTATEA</p>
<p>- Half of Romania's school-age Gypsy children don't go to school, according to a survey by a local pollster, which also shows that the number of school drop-outs is three times lower now than in 1989.</p>
<p>-- Bucharest Newsroom 40-1 3120264</p>
</text>
<copyright>(c) Reuters Limited 1997</copyright>
<metadata>
<codes class="bip:countries:1.0">
  <code code="ROM">
    <editdetail attribution="Reuters BIP Coding Group" action="confirmed" date="1997-07-17"/>
  </code>
</codes>
<codes class="bip:topics:1.0">
  <code code="GCAT">
    <editdetail attribution="Reuters BIP Coding Group" action="confirmed" date="1997-07-17"/>
  </code>
</codes>
<dc element="dc.date.created" value="1997-07-17"/>
<dc element="dc.publisher" value="Reuters Holdings Plc"/>
<dc element="dc.date.published" value="1997-07-17"/>
<dc element="dc.source" value="Reuters"/>
<dc element="dc.creator.location" value="BUCHAREST"/>
<dc element="dc.creator.location.country.name" value="ROMANIA"/>
<dc element="dc.source" value="Reuters"/>
</metadata>
</newsitem>
