<?xml version="1.0" encoding="iso-8859-1" ?>
<newsitem itemid="344123" id="root" date="1997-01-30" xml:lang="en">
<title>USA: Yields on Bond Buyer's weekly indices edge up.</title>
<headline>Yields on Bond Buyer's weekly indices edge up.</headline>
<dateline>NEW YORK 1997-01-30</dateline>
<text>
<p>Yields on the Bond Buyer municipal bond indices edged up this week.</p>
<p>The yield on the 20-bond index of general obligation bonds calculated Thursday was 5.73 percent, up one basis point from last week.</p>
<p>The yield on the 11-bond index of GO bonds was 5.63 percent, up one basis point from last week.</p>
<p>The yield on the 30-year revenue bond index was 6.02 percent, up two basis points from last week.</p>
<p>20 Bond Index			5.73%   5.72%  1/30/97</p>
<p>11 Bond index			5.63%   5.62%  1/30/97</p>
<p>Revenue Bond Index		 6.02%   6.00%  1/30/97</p>
<p>--U.S. Municipal Desk, 212-859-1650</p>
</text>
<copyright>(c) Reuters Limited 1997</copyright>
<metadata>
<codes class="bip:countries:1.0">
  <code code="USA">
    <editdetail attribution="Reuters BIP Coding Group" action="confirmed" date="1997-01-30"/>
  </code>
</codes>
<codes class="bip:topics:1.0">
  <code code="M12">
    <editdetail attribution="Reuters BIP Coding Group" action="confirmed" date="1997-01-30"/>
  </code>
  <code code="MCAT">
    <editdetail attribution="Reuters BIP Coding Group" action="confirmed" date="1997-01-30"/>
  </code>
</codes>
<dc element="dc.date.created" value="1997-01-30"/>
<dc element="dc.publisher" value="Reuters Holdings Plc"/>
<dc element="dc.date.published" value="1997-01-30"/>
<dc element="dc.source" value="Reuters"/>
<dc element="dc.creator.location" value="NEW YORK"/>
<dc element="dc.creator.location.country.name" value="USA"/>
<dc element="dc.source" value="Reuters"/>
</metadata>
</newsitem>
