<?xml version="1.0" encoding="iso-8859-1" ?>
<newsitem itemid="414233" id="root" date="1997-03-03" xml:lang="en">
<title>UK: IADB says will launch $1.0 bln 10-year global bond.</title>
<headline>IADB says will launch $1.0 bln 10-year global bond.</headline>
<dateline>LONDON 1997-03-03</dateline>
<text>
<p>The Inter-American Development Bank (IADB) said in a statement on Monday it plans to issue a $1.0 billion 10-year global bond via lead managers Credit Suisse First Boston and Morgan Stanley.</p>
<p>No further details were available.  </p>
<p>Eurobond traders away from the lead managers said the deal was expected this week, and spread talk was 17 to 18 basis points over U.S. Treasury notes.</p>
<p>-- London Newsroom +44 171 542 7748</p>
</text>
<copyright>(c) Reuters Limited 1997</copyright>
<metadata>
<codes class="bip:countries:1.0">
  <code code="UK">
    <editdetail attribution="Reuters BIP Coding Group" action="confirmed" date="1997-03-03"/>
  </code>
  <code code="USA">
    <editdetail attribution="Reuters BIP Coding Group" action="confirmed" date="1997-03-03"/>
  </code>
</codes>
<codes class="bip:industries:1.0">
  <code code="I81501">
    <editdetail attribution="Reuters BIP Coding Group" action="confirmed" date="1997-03-03"/>
  </code>
  <code code="I8150106">
    <editdetail attribution="Reuters BIP Coding Group" action="confirmed" date="1997-03-03"/>
  </code>
</codes>
<codes class="bip:topics:1.0">
  <code code="C17">
    <editdetail attribution="Reuters BIP Coding Group" action="confirmed" date="1997-03-03"/>
  </code>
  <code code="C172">
    <editdetail attribution="Reuters BIP Coding Group" action="confirmed" date="1997-03-03"/>
  </code>
  <code code="CCAT">
    <editdetail attribution="Reuters BIP Coding Group" action="confirmed" date="1997-03-03"/>
  </code>
</codes>
<dc element="dc.date.created" value="1997-03-03"/>
<dc element="dc.publisher" value="Reuters Holdings Plc"/>
<dc element="dc.date.published" value="1997-03-03"/>
<dc element="dc.source" value="Reuters"/>
<dc element="dc.creator.location" value="LONDON"/>
<dc element="dc.creator.location.country.name" value="UK"/>
<dc element="dc.source" value="Reuters"/>
</metadata>
</newsitem>
