<?xml version="1.0" encoding="iso-8859-1" ?>
<newsitem itemid="482958" id="root" date="1997-04-02" xml:lang="en">
<title>USA: AMBAC qualifies five muni issues for insurance.</title>
<headline>AMBAC qualifies five muni issues for insurance.</headline>
<dateline>NEW YORK 1997-04-02</dateline>
<text>
<p>AMBAC Indemnity Corp. said Wednesday it qualified for bond insurance the following five municipal issues scheduled for competitive sale today:</p>
<p>--Bettendorf Community School District, Iowa, $4.9 million school bonds.  </p>
<p>--Scarborough, Maine, $4.23 million general obligation bonds.</p>
<p>--Chester Township, N.J., $3.412 million GOs.</p>
<p>--Cohoes City School District, N.Y., $2.955 million school district bonds.</p>
<p>--Springville Central School District, N.Y., $9.7 million school district bonds.</p>
<p>--U.S. Municipal Desk, 212-859-1650</p>
</text>
<copyright>(c) Reuters Limited 1997</copyright>
<metadata>
<codes class="bip:countries:1.0">
  <code code="USA">
    <editdetail attribution="Reuters BIP Coding Group" action="confirmed" date="1997-04-02"/>
  </code>
</codes>
<codes class="bip:topics:1.0">
  <code code="E21">
    <editdetail attribution="Reuters BIP Coding Group" action="confirmed" date="1997-04-02"/>
  </code>
  <code code="E212">
    <editdetail attribution="Reuters BIP Coding Group" action="confirmed" date="1997-04-02"/>
  </code>
  <code code="ECAT">
    <editdetail attribution="Reuters BIP Coding Group" action="confirmed" date="1997-04-02"/>
  </code>
</codes>
<dc element="dc.date.created" value="1997-04-02"/>
<dc element="dc.publisher" value="Reuters Holdings Plc"/>
<dc element="dc.date.published" value="1997-04-02"/>
<dc element="dc.source" value="Reuters"/>
<dc element="dc.creator.location" value="NEW YORK"/>
<dc element="dc.creator.location.country.name" value="USA"/>
<dc element="dc.source" value="Reuters"/>
</metadata>
</newsitem>
