<?xml version="1.0" encoding="iso-8859-1" ?>
<newsitem itemid="686128" id="root" date="1997-06-25" xml:lang="en">
<title>USA: PRESALE - Leonia, N.J..</title>
<headline>PRESALE - Leonia, N.J..</headline>
<text>
<p>AMT: 2,686,000	DATE: 07/01/97	NYC Time: 1100	CUSIP: 526660</p>
<p>ISSUER: Leonia							    ST: NJ</p>
<p>ISSUE: General improvement					    TAX STAT:Exempt-ULT</p>
<p>M/SP/F: NA/NA/NA							  BOOK ENTRY: Y</p>
<p>ENHANCEMENTS: None							BANK QUAL: Y</p>
<p>DTD: 07/15/97							     SURE BID: N</p>
<p>DUE: 7/15/98-09					     SR MGR:</p>
<p>1ST CPN: 01/15/98</p>
<p>CALL: Non-Callable					  LOWEST RATE:</p>
<p>DELIVERY: 7/15/97 approx				  ORDERS:</p>
<p>PAYING AGENT: Chief Financial Officer's Office, Leonia</p>
<p>L.O.: LeBoeuf, Lamb, Greene &amp; MacRae, Newark</p>
<p>F.A.: None</p>
<p>LAST SALE: $2,121,000 3/10/93 @ 3.695% NIC; 3yrs 8mos avg; BBI- 5.47%</p>
<p>Year		     Amount    Coupon     Yield     Price  Conc.</p>
<p>1998		     60,000</p>
<p>1999		     80,000</p>
<p>2000		    210,000</p>
<p>2001		    220,000</p>
<p>2002		    230,000</p>
<p>2003		    240,000</p>
<p>2004		    250,000</p>
<p>2005		    260,000</p>
<p>2006		    270,000</p>
<p>2007		    280,000</p>
<p>2008		    290,000</p>
<p>2009		    296,000</p>
<p>COMPETITIVE PRE-SALE CONTRIBUTED BY J.J. KENNY K-SHEETS:</p>
</text>
<copyright>(c) Reuters Limited 1997</copyright>
<metadata>
<codes class="bip:countries:1.0">
  <code code="USA">
    <editdetail attribution="Reuters BIP Coding Group" action="confirmed" date="1997-06-25"/>
  </code>
</codes>
<codes class="bip:topics:1.0">
  <code code="E21">
    <editdetail attribution="Reuters BIP Coding Group" action="confirmed" date="1997-06-25"/>
  </code>
  <code code="E212">
    <editdetail attribution="Reuters BIP Coding Group" action="confirmed" date="1997-06-25"/>
  </code>
  <code code="ECAT">
    <editdetail attribution="Reuters BIP Coding Group" action="confirmed" date="1997-06-25"/>
  </code>
</codes>
<dc element="dc.publisher" value="Reuters Holdings Plc"/>
<dc element="dc.date.published" value="1997-06-25"/>
<dc element="dc.source" value="Reuters"/>
<dc element="dc.creator.location.country.name" value="USA"/>
<dc element="dc.source" value="Reuters"/>
</metadata>
</newsitem>
