<?xml version="1.0" encoding="iso-8859-1" ?>
<newsitem itemid="217110" id="root" date="1996-11-26" xml:lang="en">
<title>COLOMBIA: Colombian stocks close higher on local demand.</title>
<headline>Colombian stocks close higher on local demand.</headline>
<dateline>BOGOTA 1996-11-26</dateline>
<text>
<p>Colombian stocks edged up for the third consecutive session on the back of moderate demand from local investors.</p>
<p>Bogota's IBB index rose 0.3 percent to 839.2 on a 948.4 million peso volume, while Medellin's IBOMED general price index gained 0.3 percent to close at 13,294.8 amid a 1.8 billion peso trade.</p>
<p>&quot;The market moved a little more than Monday but trading volumes were still small,&quot; one Bogota broker said.</p>
</text>
<copyright>(c) Reuters Limited 1996</copyright>
<metadata>
<codes class="bip:countries:1.0">
  <code code="COL">
    <editdetail attribution="Reuters BIP Coding Group" action="confirmed" date="1996-11-26"/>
  </code>
</codes>
<codes class="bip:topics:1.0">
  <code code="M11">
    <editdetail attribution="Reuters BIP Coding Group" action="confirmed" date="1996-11-26"/>
  </code>
  <code code="MCAT">
    <editdetail attribution="Reuters BIP Coding Group" action="confirmed" date="1996-11-26"/>
  </code>
</codes>
<dc element="dc.date.created" value="1996-11-26"/>
<dc element="dc.publisher" value="Reuters Holdings Plc"/>
<dc element="dc.date.published" value="1996-11-26"/>
<dc element="dc.source" value="Reuters"/>
<dc element="dc.creator.location" value="BOGOTA"/>
<dc element="dc.creator.location.country.name" value="COLOMBIA"/>
<dc element="dc.source" value="Reuters"/>
</metadata>
</newsitem>
