<?xml version="1.0" encoding="iso-8859-1" ?>
<newsitem itemid="797047" id="root" date="1997-08-13" xml:lang="en">
<title>INDIA: TABLE - INDIA SHIPPING - BOMBAY/KANDLA CARGOES, AUG 13.</title>
<headline>TABLE - INDIA SHIPPING - BOMBAY/KANDLA CARGOES, AUG 13.</headline>
<dateline>BOMBAY 1997-08-13</dateline>
<text>
<p>Following is the berthing schedule of major vessels unloading at Bombay and Kandla ports:</p>
<p>   Commodity	  Tons/TEUs    Port    Ship Berthing</p>
<p>---------------------------------------------------------------</p>
<p>   Containers	   1,333/84    ID   Jaya Mars	   09/08</p>
<p>   Containers	  3,640/215    ID   Nordcap	     06/08</p>
<p>   Containers	     354/64    ID   Kosy Bay	    11/08</p>
<p>   General	     1,460/308    ID   Uni World	   11/08</p>
<p>   Chick peas	     500/--    ID   Dehkhoda	    10/08</p>
<p>   Rock phosphate     1,185/--    ID   Prabhu Gopal	26/07</p>
<p>   St.Sheets &amp; cont.  2,010/--    ID   Southgate	   09/08</p>
<p>   Sulphur		  620/--    ID   Wald Al Agouz     11/08</p>
<p>   Cont./gen.	   1,140/40    ID   Faarabi	     07/08</p>
<p>   Chick peas	     728/--    ID   Alam Tenaga	 17/08</p>
<p>   General		   67/--    ID   Vishva Parijat    30/07</p>
<p>   Shredded scrap     1,320/--    ID   Visayan Glory     05/08</p>
<p>   Cotton		   253/--    ID   Hermelin	    07/08</p>
<p>   S.Plates/N.Print     477/--    ID   Hai Meng	    31/07</p>
<p>   RBD palmolein	1,000/--    ID   Melissa	     11/08</p>
<p>Plates,billets &amp; sheets</p>
<p>				787/--    ID   Med Neapolis	07/08</p>
<p>   Steel/gen.	   2,805/--    ID   Ken Pan	     10/08</p>
<p>   N.Print &amp; cont.	346/13    ID   Global Prosperity 11/08</p>
<p>   Chick peas	     472/--    ID   General Mojica    01/08</p>
<p>Sunflower &amp; soya bean</p>
<p>			    2,440/--    ID   Reneta 11	   08/08</p>
<p>   Pulses/gen.	    771/--    ID   Ritz		  23/07</p>
<p>   Containers	     694/59    ID   Alam Talang	 09/08</p>
<p>   Ulexite		  418/--    ID   Yan Men	     01/08</p>
<p>   Containers	     553/50    ID   Tulsidas	    11/08</p>
<p>   Containers	  2,937/226    ID   Hoegh Miranda     10/08</p>
<p>---------------------------------------------------------------</p>
<p>Liquid cargo tankers:</p>
<p>   HSD			21,647    KD   Jag Priya	   OJ-1</p>
<p>   Palmolein		 6,000    KD   Normal Spelndour  OJ-11</p>
<p>   HSD			28,000    KD   Aspheron	    OJ-111</p>
<p>   HSD			18,000    KD   J.N.Vyas	    VJ-1</p>
<p>   HSD			20,000    KD   Jag Praja	   VJ-11</p>
<p>   HSD			45,000    KD   Byzantion	   stream</p>
<p>   HSD			38,172    KD   Torm Asia	   stream</p>
<p>   HSD			43,915    KD   A.K.Pal	     stream</p>
<p>   HSD			42,300    KD   B.C.Chatterjee    stream</p>
<p>   HSD			45,000    KD   Cielo Di Parma    stream</p>
<p>   SKO			22,000    KD   Maykop		stream</p>
<p>   HSD			42,734    KD   Ascot		 stream</p>
<p>   HSD			41,000    KD   Dynamic Express   stream</p>
<p>   HSD			39,994    KD   Tom Ayda	    stream</p>
<p>   Fuel oil		  1,330    KD   God Premium	 stream</p>
<p>   HSD			44,000    KD   Sanmar Sanata     stream</p>
<p>   Edible oil	     10,400    KD   Kristal	     stream</p>
<p>   HSD			86,026    KD   Ocean Success     stream</p>
<p>   HSD			42,946    KD   Jag Padma	   stream</p>
<p>   Ammonia		  15,000    KD   Spic Diamond	stream</p>
<p>   Phos. Acid	     20,308    KD   Unitank	     stream</p>
<p>   CPS			 2,480    KD   Princess Penang   stream</p>
<p>   HSD			18,000    KD   Oriental Violet   13/08</p>
<p>   Phos.Acid &amp; Chem.    29,000    KD   Bow Viking	  14/08</p>
<p>----------------------------------------------------------------</p>
<p>Ships awaiting berth:</p>
<p>   Sulphur		   8,008    ID   Augusta M	   20/07</p>
<p>   Rock phosphate	 14,200    ID   Rizcun Enterprise 25/07</p>
<p>   W.Paper/gen.	421/1,700   P&amp;V   Ko Mal San	  28/07</p>
<p>   Logs/pulses	 1,089/768    ID   Janice		30/07</p>
<p>   Containers		   50    ID   Vishva Nandini    03/08</p>
<p>   Rock phosphate	 14,216    ID   Eleni		 06/08</p>
<p>Paper reels/chick peas</p>
<p>			   4,611/775    ID   Buga		  10/08</p>
<p>   W.Paper/gen.	750/2,500   P&amp;V   Nablus		11/08</p>
<p>Wood pulp/Gen./veh.</p>
<p>		    1,914/2,000/25    ID   Global Progress   11/08</p>
<p>---------------------------------------------------------------</p>
<p>Berthing vessels:</p>
<p>Cal.Carbide/S.Pipes/white logwoods/SBM</p>
<p>	     992/400/1,900/7,000    ID   Majestic	    06/07</p>
<p>   Onions &amp; gen.     1,000/200   P&amp;V   Atlantic Reefer11 27/07</p>
<p>Borax pentahydrate/crude calcium borate/kestelek</p>
<p>		     6,107/1,500/2    ID   Fairwind	    03/08</p>
<p>Rice/SBM/sodium sulphate/steel/gen.</p>
<p>   3,000/1,000/1,000/2,500/300    ID   Avdeevka	    05/08</p>
<p>   Containers		1,276    ID   Transcord	   06/08</p>
<p>   Gen./cont./H.Lifts 4,100/4/18  ID   Mathew 1	    07/08</p>
<p>   Cont./gen./veh. 475/100/100    ID   Clipper Santos    08/08</p>
<p>   Containers		  770    ID   Sinar Toba	  11/08</p>
<p>   Containers		  205   P&amp;V   Chekhov	     11/08</p>
<p>   Containers		  700    ID   Eastern Oasis     11/08</p>
<p>   Castor oil		4,200    ID   Oriental Lily     11/08</p>
<p>   Containers		  521   P&amp;V   Eagle Sky	   11/08</p>
<p>   Containers		  999    ID   Trade Fast	  11/08</p>
<p>---------------------------------------------------------------</p>
<p>BPT: Bombay Port Trust</p>
<p>ID:  Bombay Indira Docks, Harbour Wall</p>
<p>P&amp;V: Bombay Princess and Victoria Docks</p>
<p>KD:  Kandla</p>
<p>-- Bombay newsroom +91-22-265 9000</p>
</text>
<copyright>(c) Reuters Limited 1997</copyright>
<metadata>
<codes class="bip:countries:1.0">
  <code code="INDIA">
    <editdetail attribution="Reuters BIP Coding Group" action="confirmed" date="1997-08-13"/>
  </code>
</codes>
<codes class="bip:industries:1.0">
  <code code="I74000">
    <editdetail attribution="Reuters BIP Coding Group" action="confirmed" date="1997-08-13"/>
  </code>
  <code code="I76300">
    <editdetail attribution="Reuters BIP Coding Group" action="confirmed" date="1997-08-13"/>
  </code>
</codes>
<codes class="bip:topics:1.0">
  <code code="CCAT">
    <editdetail attribution="Reuters BIP Coding Group" action="confirmed" date="1997-08-13"/>
  </code>
</codes>
<dc element="dc.date.created" value="1997-08-13"/>
<dc element="dc.publisher" value="Reuters Holdings Plc"/>
<dc element="dc.date.published" value="1997-08-13"/>
<dc element="dc.source" value="Reuters"/>
<dc element="dc.creator.location" value="BOMBAY"/>
<dc element="dc.creator.location.country.name" value="INDIA"/>
<dc element="dc.source" value="Reuters"/>
</metadata>
</newsitem>
