<?xml version="1.0" encoding="iso-8859-1" ?>
<newsitem itemid="230302" id="root" date="1996-12-03" xml:lang="en">
<title>USA: Health O Meter Products Inc Q4 net rises.</title>
<headline>Health O Meter Products Inc Q4 net rises.</headline>
<dateline>CLEVELAND 1996-12-03</dateline>
<text>
<p>Consolidated Statements of Operations</p>
<p>		 (In thousands, except share and per share data)</p>
<p>		  Thirteen Weeks ending:	 Year ending:</p>
<p>		  Sept. 29,    Oct. 1,    Sept. 29,   Oct. 1,</p>
<p>		    1996	  1995	  1996	 1995</p>
<p>Net sales     $69,956	$65,664    $282,977   $267,887</p>
<p>Operating income 7,273	 7,421	26,636     22,373</p>
<p>Net income     $1,190	   $677	$2,959	 $712</p>
<p>Net income per share $0.13   $0.07	 $0.33	$0.08</p>
<p>Weighted average number</p>
<p>of common shares and</p>
<p>equivalents	9,078	  9,071	 9,073	9,071</p>
<p>-- New York newsdesk 212-859-1610</p>
</text>
<copyright>(c) Reuters Limited 1996</copyright>
<metadata>
<codes class="bip:countries:1.0">
  <code code="USA">
    <editdetail attribution="Reuters BIP Coding Group" action="confirmed" date="1996-12-03"/>
  </code>
</codes>
<codes class="bip:industries:1.0">
  <code code="I37100">
    <editdetail attribution="Reuters BIP Coding Group" action="confirmed" date="1996-12-03"/>
  </code>
</codes>
<codes class="bip:topics:1.0">
  <code code="C15">
    <editdetail attribution="Reuters BIP Coding Group" action="confirmed" date="1996-12-03"/>
  </code>
  <code code="C151">
    <editdetail attribution="Reuters BIP Coding Group" action="confirmed" date="1996-12-03"/>
  </code>
  <code code="C1511">
    <editdetail attribution="Reuters BIP Coding Group" action="confirmed" date="1996-12-03"/>
  </code>
  <code code="CCAT">
    <editdetail attribution="Reuters BIP Coding Group" action="confirmed" date="1996-12-03"/>
  </code>
</codes>
<dc element="dc.date.created" value="1996-12-03"/>
<dc element="dc.publisher" value="Reuters Holdings Plc"/>
<dc element="dc.date.published" value="1996-12-03"/>
<dc element="dc.source" value="Reuters"/>
<dc element="dc.creator.location" value="CLEVELAND"/>
<dc element="dc.creator.location.country.name" value="USA"/>
<dc element="dc.source" value="Reuters"/>
</metadata>
</newsitem>
