<?xml version="1.0" encoding="iso-8859-1" ?>
<newsitem itemid="519318" id="root" date="1997-04-17" xml:lang="en">
<title>FINLAND: Baltic Ice-Slow melting but restrictions unchanged.</title>
<headline>Baltic Ice-Slow melting but restrictions unchanged.</headline>
<dateline>HELSINKI 1997-04-17</dateline>
<text>
<p>Ice levels continued to ease gradually but all restrictions to navigation were unchanged, the Finnish Institute of Marine Research said in its twice-weekly ice report on Thursday.</p>
<p>Five ice-breakers were assisting in the northern end of the Gulf of Bothnia and one in the middle outside Kokkola and Pietarsaari, the institute said. Four ice-breakers remained in action near St Petersburg in the eastern Gulf of Finland.</p>
<p>(Temperatures of nearby isotherms, degrees Celsius)</p>
<p> PORT	    TEMP ICE TYPE    THICKNESS  RESTRICTIONS</p>
<p> St Petersburg n/a  Open/ridged     15-30  Russian ice class 13,</p>
<p>							  min 2,000 hp</p>
<p> Vyborg	  n/a  Fast/ridged     30-40  Russian ice class 13,</p>
<p>							  min 2,000 hp</p>
<p> Ventspils     1    None		  n/a  None</p>
<p> Riga	    1    None		  n/a  None</p>
<p> Parnu	   n/a  None		  n/a  None</p>
<p> Tallinn	 n/a  None		  n/a  None</p>
<p> Kotka,Hamina, n/a  Scant		5-30  None</p>
<p>Loviisa</p>
<p> Porvoo	  n/a  Scant		 n/a  None</p>
<p> Helsinki	n/a  Scant		 n/a  None</p>
<p> Rauma	   n/a  Scant		5-15  None</p>
<p> Stockholm     1    None		  n/a  None</p>
<p> Oulu	    n/a  Consolidated/   50-75  Ice class IA,</p>
<p>			  ridged/cracks	     min 4,000 DWT</p>
<p> Kemi	    n/a  Consolidated/   50-80  Ice class IA</p>
<p>			  ridged/cracks	     min 4,000 DWT</p>
<p> Lulea	   n/a  Fast/level	30-50  Ice class IA,</p>
<p>							  min 3,000 DWT</p>
<p> Umea	    n/a  None		  n/a  None</p>
<p> Kokkola,	n/a  Fast/compact/   40-70  Ice class IA,</p>
<p> Pietarsaari	  ridged			min 2,000 DWT</p>
<p> Vaasa	   n/a  Fast		10-40  Ice classs IA, IB</p>
<p>							  min 1,300 DWT</p>
<p>								 or</p>
<p>							 Ice class IC, II</p>
<p>							  min 2,000 DWT</p>
<p> Sundsvall     n/a  None		 n/a   None</p>
<p> Ornskoldsvik  n/a  None		 n/a   None</p>
<p>NOTES: New ice - forming, thin and still moving. Fast ice - not moving level flat ice. Level ice - thick flat ice.</p>
<p>Consolidated/compact - compact close ice. Rafted - ridges forming, 10-20 cm thick. Ridged - ridged or hummocked ice. Open - floes with water at rate of 4-6:10.</p>
<p>--Helsinki newsroom +358 9 6805 0242, news@reuters.fi</p>
</text>
<copyright>(c) Reuters Limited 1997</copyright>
<metadata>
<codes class="bip:countries:1.0">
  <code code="FIN">
    <editdetail attribution="Reuters BIP Coding Group" action="confirmed" date="1997-04-17"/>
  </code>
</codes>
<codes class="bip:industries:1.0">
  <code code="I74000">
    <editdetail attribution="Reuters BIP Coding Group" action="confirmed" date="1997-04-17"/>
  </code>
</codes>
<codes class="bip:topics:1.0">
  <code code="CCAT">
    <editdetail attribution="Reuters BIP Coding Group" action="confirmed" date="1997-04-17"/>
  </code>
  <code code="GCAT">
    <editdetail attribution="Reuters BIP Coding Group" action="confirmed" date="1997-04-17"/>
  </code>
  <code code="GWEA">
    <editdetail attribution="Reuters BIP Coding Group" action="confirmed" date="1997-04-17"/>
  </code>
</codes>
<dc element="dc.date.created" value="1997-04-17"/>
<dc element="dc.publisher" value="Reuters Holdings Plc"/>
<dc element="dc.date.published" value="1997-04-17"/>
<dc element="dc.source" value="Reuters"/>
<dc element="dc.creator.location" value="HELSINKI"/>
<dc element="dc.creator.location.country.name" value="FINLAND"/>
<dc element="dc.source" value="Reuters"/>
</metadata>
</newsitem>
