<?xml version="1.0" encoding="iso-8859-1" ?>
<newsitem itemid="732636" id="root" date="1997-07-16" xml:lang="en">
<title>USA: TABLE-CMAC Investment Q2 shr $0.76 vs $0.63.</title>
<headline>TABLE-CMAC Investment Q2 shr $0.76 vs $0.63.</headline>
<dateline>PHILADELPHIA 1997-07-16</dateline>
<text>
<p>CMAC Investment Corp and subsidiaries</p>
<p>			   Consolidated statement of income</p>
<p>					Quarter Ended  Six Months Ended</p>
<p>					     June 30	  June 30</p>
<p> (Thousands of dollars,	1997     1996     1997	1996</p>
<p>except per-share and other data)</p>
<p>Revenues:</p>
<p> Net premiums written	56,638   41,847   103,722   82,084</p>
<p> Premiums earned	     57,772   45,851   112,084   87,797</p>
<p> Net Investment income	8,428    7,348    16,512   14,465</p>
<p>Gain on sales</p>
<p>  of investments		  372	332	 484	770</p>
<p> Other income		   1,125	951     2,215    1,981</p>
<p>				   67,697   54,482   131,295  105,013</p>
<p>Expenses:</p>
<p> Provision for losses	28,266   21,912    55,019   41,938</p>
<p> Policy acquisition costs   7,753    6,717    15,191   13,129</p>
<p> Other operating expenses   6,331    5,464    12,277   10,487</p>
<p>				   42,350   34,093    82,487   65,554</p>
<p> Pretax income		 25,347   20,389    48,808   39,459</p>
<p>Provision for</p>
<p>  income taxes		(6,785)  (5,118)  (12,962)  (9,761)</p>
<p> Net income		    18,562   15,271    35,846   29,698</p>
<p> Net income per share	 $0.76    $0.63     $1.47    $1.22</p>
<p>Weighted average shares</p>
<p>outstanding (in thousands)</p>
<p>				   23,358   23,074    23,311   23,038</p>
<p>Primary new insurance written</p>
<p>  ($ millions)		  3,167    3,314     6,011    6,187</p>
<p>Primary risk written ($ millions)</p>
<p>					819	843     1,525    1,577</p>
<p>Pool risk written ($ millions)</p>
<p>					 60	 24	 111	 69</p>
<p> Statutory loss ratio	 50.4%    49.5%     50.6%    49.6%</p>
<p> Statutory expense ratio    21.2%    25.5%     22.4%    24.5%</p>
<p>				    71.6%    75.0%     73.0%    74.1%</p>
<p>Persistency</p>
<p>(twelve months ended June 30)</p>
<p>				    87.9%    85.7%	 N/A	N/A</p>
<p>Percentage of primary new</p>
<p>insurance written:</p>
<p> Monthlies			  95%	91%	 95%	91%</p>
<p> Refinances			 13%	18%	 16%	22%</p>
<p> 95% LTV and above		45%	45%	 44%	44%</p>
<p> ARMs				 19%	14%	 17%	12%</p>
<p>			    Consolidated balance sheet</p>
<p>					Jun 30	   Dec 31    Jun 30</p>
<p> (Thousands of dollars)	   1997	     1996	1996</p>
<p>Assets:</p>
<p> Cash and investments	  556,330	  516,347   472,046</p>
<p> Other assets		     86,226	   76,401    64,674</p>
<p>   Total assets		  642,556	  592,748   536,720</p>
<p>Liabilities and stockholders'</p>
<p>equity:</p>
<p> Unearned premiums		46,092	   53,384    51,645</p>
<p> Reserve for losses	    125,157	  108,206    86,814</p>
<p> Other liabilities		40,685	   34,814    34,270</p>
<p>   Total liabilities	   211,934	  196,404   172,729</p>
<p> Preferred stock		  40,000	   40,000    40,000</p>
<p> Common stock			   22		 22	  11</p>
<p> Additional paid-in capital  177,969	  176,431   164,779</p>
<p> Retained earnings	     210,046	  177,195   158,749</p>
<p>Unrealized gain on investments</p>
<p>					 2,585	    2,696	 452</p>
<p>Total common stockholders'</p>
<p>  equity			   390,622	  356,344   323,991</p>
<p>Total liabilities and</p>
<p>  stockholders' equity	 642,556	  592,748   536,720</p>
<p> Book value per share	   $17.40	   $15.91    $14.50</p>
<p>Other statistical information:</p>
<p>Direct primary insurance</p>
<p>  in force ($millions)	  43,564	   39,438    36,394</p>
<p>Direct primary risk</p>
<p>  in force ($millions)	   9,265	    8,352     7,569</p>
<p>Direct pool risk</p>
<p>  in force ($millions)	     438		342	 292</p>
<p>Primary insurance:</p>
<p> Number of insured loans     416,753	  382,243   356,957</p>
<p> Number of loans in default    9,328	    9,115     7,926</p>
<p>Percentage of loans in default</p>
<p>					2.240%	    2.38%     2.22%</p>
<p>Pool insurance:</p>
<p>   Number of insured loans   149,694	   93,531    71,341</p>
<p>   Number of loans in default  1,364	    1,012	 641</p>
<p>Percentage of loans in default</p>
<p>					 0.91%	    1.08%     0.90%</p>
<p> Risk to capital ratio	  18.6:1	   18.4:1    18.4:1</p>
<p>SOURCE  CMAC Investment Corp</p>
<p>-- New York Newsdesk 212 859-1610</p>
</text>
<copyright>(c) Reuters Limited 1997</copyright>
<metadata>
<codes class="bip:countries:1.0">
  <code code="USA">
    <editdetail attribution="Reuters BIP Coding Group" action="confirmed" date="1997-07-16"/>
  </code>
</codes>
<codes class="bip:industries:1.0">
  <code code="I82003">
    <editdetail attribution="Reuters BIP Coding Group" action="confirmed" date="1997-07-16"/>
  </code>
</codes>
<codes class="bip:topics:1.0">
  <code code="C15">
    <editdetail attribution="Reuters BIP Coding Group" action="confirmed" date="1997-07-16"/>
  </code>
  <code code="C151">
    <editdetail attribution="Reuters BIP Coding Group" action="confirmed" date="1997-07-16"/>
  </code>
  <code code="CCAT">
    <editdetail attribution="Reuters BIP Coding Group" action="confirmed" date="1997-07-16"/>
  </code>
</codes>
<dc element="dc.date.created" value="1997-07-16"/>
<dc element="dc.publisher" value="Reuters Holdings Plc"/>
<dc element="dc.date.published" value="1997-07-16"/>
<dc element="dc.source" value="Reuters"/>
<dc element="dc.creator.location" value="PHILADELPHIA"/>
<dc element="dc.creator.location.country.name" value="USA"/>
<dc element="dc.source" value="Reuters"/>
</metadata>
</newsitem>
