<?xml version="1.0" encoding="iso-8859-1" ?>
<newsitem itemid="398657" id="root" date="1997-02-24" xml:lang="en">
<title>USA: ShowBiz Pizza files for share offering.</title>
<headline>ShowBiz Pizza files for share offering.</headline>
<dateline>IRVING, Texas 1997-02-24</dateline>
<text>
<p>ShowBiz Pizza Time Inc said it has filed a registration statement with the Securities and Exchange Commission covering a proposed public offering of 3.2 million shares of common stock.</p>
<p>The company said all of these shares will be sold by Hallwood Group Inc and certain of its affiliates.</p>
<p>Hallwood has also granted the underwriters an option to purchase an additional 454,746 shares of common stock owned by Hallwood to cover over-allotments if any.</p>
<p>Credit Suisse First Boston and Principal Financial Securities will be managers for the proposed offering. ShowBiz Pizza will not receive any proceeds from the proposed sale of shares by the selling stockholders.</p>
</text>
<copyright>(c) Reuters Limited 1997</copyright>
<metadata>
<codes class="bip:countries:1.0">
  <code code="USA">
    <editdetail attribution="Reuters BIP Coding Group" action="confirmed" date="1997-02-24"/>
  </code>
</codes>
<codes class="bip:industries:1.0">
  <code code="I66100">
    <editdetail attribution="Reuters BIP Coding Group" action="confirmed" date="1997-02-24"/>
  </code>
  <code code="I85000">
    <editdetail attribution="Reuters BIP Coding Group" action="confirmed" date="1997-02-24"/>
  </code>
</codes>
<codes class="bip:topics:1.0">
  <code code="C17">
    <editdetail attribution="Reuters BIP Coding Group" action="confirmed" date="1997-02-24"/>
  </code>
  <code code="C171">
    <editdetail attribution="Reuters BIP Coding Group" action="confirmed" date="1997-02-24"/>
  </code>
  <code code="C18">
    <editdetail attribution="Reuters BIP Coding Group" action="confirmed" date="1997-02-24"/>
  </code>
  <code code="C181">
    <editdetail attribution="Reuters BIP Coding Group" action="confirmed" date="1997-02-24"/>
  </code>
  <code code="CCAT">
    <editdetail attribution="Reuters BIP Coding Group" action="confirmed" date="1997-02-24"/>
  </code>
</codes>
<dc element="dc.date.created" value="1997-02-24"/>
<dc element="dc.publisher" value="Reuters Holdings Plc"/>
<dc element="dc.date.published" value="1997-02-24"/>
<dc element="dc.source" value="Reuters"/>
<dc element="dc.creator.location" value="IRVING, Texas"/>
<dc element="dc.creator.location.country.name" value="USA"/>
<dc element="dc.source" value="Reuters"/>
</metadata>
</newsitem>
