<?xml version="1.0" encoding="iso-8859-1" ?>
<newsitem itemid="581020" id="root" date="1997-05-13" xml:lang="en">
<title>JAPAN: Mitani Sekisan - 96/97 group results.</title>
<headline>Mitani Sekisan - 96/97 group results.</headline>
<dateline>TOKYO 1997-05-13</dateline>
<text>
<p>Year to March 31, 1997</p>
<p> (Group)	(in billions of yen unless specified)</p>
<p> Sales		 34.63		vs	   31.43</p>
<p> Operating	    2.82		vs	    1.99</p>
<p> Current		2.48		vs	    1.70</p>
<p> Net		    1.32		vs	  603    million</p>
<p> EPS		   52.63 yen	  vs	   24.16 yen</p>
<p> Diluted EPS	     -		vs		 -</p>
<p>NOTE - Mitani Sekisan Co Ltd is a medium-scale maker of secondary concrete products.</p>
</text>
<copyright>(c) Reuters Limited 1997</copyright>
<metadata>
<codes class="bip:countries:1.0">
  <code code="JAP">
    <editdetail attribution="Reuters BIP Coding Group" action="confirmed" date="1997-05-13"/>
  </code>
</codes>
<codes class="bip:industries:1.0">
  <code code="I24000">
    <editdetail attribution="Reuters BIP Coding Group" action="confirmed" date="1997-05-13"/>
  </code>
</codes>
<codes class="bip:topics:1.0">
  <code code="C15">
    <editdetail attribution="Reuters BIP Coding Group" action="confirmed" date="1997-05-13"/>
  </code>
  <code code="C151">
    <editdetail attribution="Reuters BIP Coding Group" action="confirmed" date="1997-05-13"/>
  </code>
  <code code="C1511">
    <editdetail attribution="Reuters BIP Coding Group" action="confirmed" date="1997-05-13"/>
  </code>
  <code code="CCAT">
    <editdetail attribution="Reuters BIP Coding Group" action="confirmed" date="1997-05-13"/>
  </code>
</codes>
<dc element="dc.date.created" value="1997-05-13"/>
<dc element="dc.publisher" value="Reuters Holdings Plc"/>
<dc element="dc.date.published" value="1997-05-13"/>
<dc element="dc.source" value="Reuters"/>
<dc element="dc.creator.location" value="TOKYO"/>
<dc element="dc.creator.location.country.name" value="JAPAN"/>
<dc element="dc.source" value="Reuters"/>
</metadata>
</newsitem>
