<?xml version="1.0" encoding="iso-8859-1" ?>
<newsitem itemid="51980" id="root" date="1996-09-13" xml:lang="en">
<title>USA: lowers U.S. posted crude prices 50 cts/bbl.</title>
<headline>lowers U.S. posted crude prices 50 cts/bbl.</headline>
<dateline>NEW YORK 1996-09-13</dateline>
<text>
<p>Sun Oil Co said Friday it cut the price it will pay for U.S. crude oil by 50 cents a barrel.</p>
<p>The decrease brings the new price for U.S. benchmark grade West Texas Intermediate to $22.75 a barrel, and West Texas Sour to $20.25 a barrel.</p>
<p>Light Louisiana sweet crude is now $22.50 a barrel, and Oklahoma sweet is $22.75.</p>
<p>-- New York Energy Desk, +1 212 859-1620</p>
</text>
<copyright>(c) Reuters Limited 1996</copyright>
<metadata>
<codes class="bip:countries:1.0">
  <code code="USA">
    <editdetail attribution="Reuters BIP Coding Group" action="confirmed" date="1996-09-13"/>
  </code>
</codes>
<codes class="bip:topics:1.0">
  <code code="M14">
    <editdetail attribution="Reuters BIP Coding Group" action="confirmed" date="1996-09-13"/>
  </code>
  <code code="M143">
    <editdetail attribution="Reuters BIP Coding Group" action="confirmed" date="1996-09-13"/>
  </code>
  <code code="MCAT">
    <editdetail attribution="Reuters BIP Coding Group" action="confirmed" date="1996-09-13"/>
  </code>
</codes>
<dc element="dc.date.created" value="1996-09-13"/>
<dc element="dc.publisher" value="Reuters Holdings Plc"/>
<dc element="dc.date.published" value="1996-09-13"/>
<dc element="dc.source" value="Reuters"/>
<dc element="dc.creator.location" value="NEW YORK"/>
<dc element="dc.creator.location.country.name" value="USA"/>
<dc element="dc.source" value="Reuters"/>
</metadata>
</newsitem>
