<?xml version="1.0" encoding="iso-8859-1" ?>
<newsitem itemid="24537" id="root" date="1996-08-30" xml:lang="en">
<title>FRANCE: French beet test shows partial recovery - analysts.</title>
<headline>French beet test shows partial recovery - analysts.</headline>
<dateline>PARIS 1996-08-30</dateline>
<text>
<p>Results of the third sugar beet test by French producers showed thirsty crops partially recovered due to rain in August but final yields would still end up below last year's levels, industry analysts said on Friday.</p>
<p>&quot;Things have improved. But we are heading neither for a great year nor for a disaster,&quot; one analyst said.</p>
<p>Analysts predicted the national sugar yield may fall to between 9.0 and 9.6 tonnes per hectare from 9.8 tonnes last year.</p>
<p>French sugar intervention board FIRS has maintained its estimate for a crop of 3.9 million tonnes against 4.2 million last year, assuming a yield of 9.4 tonnes.</p>
<p>Manufacturers' association SNFS said the test carried out on August 26 showed sugar weight per hectare fell by 9.6 percent to 7.647 tonnes from 8.457 tonnes in last year's third test.</p>
<p>This represented a 15 percent fall against the five-year average of 9.016 tonnes.</p>
<p>Analysts have blamed a prolonged dry spell during the growing period but had expected crop prospects to improve due to scattered rains this month.</p>
<p>Good moisture levels helped boost root weight between the second and the third test but hit sugar content, analysts said.</p>
<p>They also said they feared sugar content may fall further if current cool temperatures were to last.</p>
<p>--Dominique Vidalon, Paris newsroom +331 4221 5432</p>
</text>
<copyright>(c) Reuters Limited 1996</copyright>
<metadata>
<codes class="bip:countries:1.0">
  <code code="FRA">
    <editdetail attribution="Reuters BIP Coding Group" action="confirmed" date="1996-08-30"/>
  </code>
</codes>
<codes class="bip:industries:1.0">
  <code code="I01001">
    <editdetail attribution="Reuters BIP Coding Group" action="confirmed" date="1996-08-30"/>
  </code>
  <code code="I0100128">
    <editdetail attribution="Reuters BIP Coding Group" action="confirmed" date="1996-08-30"/>
  </code>
</codes>
<codes class="bip:topics:1.0">
  <code code="C24">
    <editdetail attribution="Reuters BIP Coding Group" action="confirmed" date="1996-08-30"/>
  </code>
  <code code="CCAT">
    <editdetail attribution="Reuters BIP Coding Group" action="confirmed" date="1996-08-30"/>
  </code>
  <code code="M14">
    <editdetail attribution="Reuters BIP Coding Group" action="confirmed" date="1996-08-30"/>
  </code>
  <code code="M141">
    <editdetail attribution="Reuters BIP Coding Group" action="confirmed" date="1996-08-30"/>
  </code>
  <code code="MCAT">
    <editdetail attribution="Reuters BIP Coding Group" action="confirmed" date="1996-08-30"/>
  </code>
</codes>
<dc element="dc.date.created" value="1996-08-30"/>
<dc element="dc.publisher" value="Reuters Holdings Plc"/>
<dc element="dc.date.published" value="1996-08-30"/>
<dc element="dc.source" value="Reuters"/>
<dc element="dc.creator.location" value="PARIS"/>
<dc element="dc.creator.location.country.name" value="FRANCE"/>
<dc element="dc.source" value="Reuters"/>
</metadata>
</newsitem>
