<?xml version="1.0" encoding="iso-8859-1" ?>
<newsitem itemid="794392" id="root" date="1997-08-12" xml:lang="en">
<title>AUSTRIA: Flashy Austrian tycoon to stand for president.</title>
<headline>Flashy Austrian tycoon to stand for president.</headline>
<dateline>VIENNA 1997-08-12</dateline>
<text>
<p>Austrian construction tycoon Richard Lugner, arguably more famous for his choice of celebrity companions to the glitzy Vienna Opera Ball than his buildings, said on Tuesday he plans to stand for president.</p>
<p>The stocky 64-year old, reported to have paid $40,000 for the pleasure of seeing in the New Year in the exclusive company of Britain's Duchess of York, told Die Presse's Wednesday edition he would finance his candidature with his own money.</p>
<p>Incumbent President Thomas Klestil's six-year term in office runs out in 1998. The presidential elections are scheduled to be held in April next year.</p>
<p>Lugner, ridiculed in Austrian society as a flashy parvenu, said he would campaign as an &quot;unpolitical person from the business world&quot; and that he was not being supported by any political grouping.</p>
<p>The building magnate's past ball companions include actresses Sophia Loren and Bo Derek, socialite Ivana Trump and singer Grace Jones.</p>
</text>
<copyright>(c) Reuters Limited 1997</copyright>
<metadata>
<codes class="bip:countries:1.0">
  <code code="AUST">
    <editdetail attribution="Reuters BIP Coding Group" action="confirmed" date="1997-08-12"/>
  </code>
</codes>
<codes class="bip:topics:1.0">
  <code code="GCAT">
    <editdetail attribution="Reuters BIP Coding Group" action="confirmed" date="1997-08-12"/>
  </code>
  <code code="GPOL">
    <editdetail attribution="Reuters BIP Coding Group" action="confirmed" date="1997-08-12"/>
  </code>
  <code code="GPRO">
    <editdetail attribution="Reuters BIP Coding Group" action="confirmed" date="1997-08-12"/>
  </code>
</codes>
<dc element="dc.date.created" value="1997-08-12"/>
<dc element="dc.publisher" value="Reuters Holdings Plc"/>
<dc element="dc.date.published" value="1997-08-12"/>
<dc element="dc.source" value="Reuters"/>
<dc element="dc.creator.location" value="VIENNA"/>
<dc element="dc.creator.location.country.name" value="AUSTRIA"/>
<dc element="dc.source" value="Reuters"/>
</metadata>
</newsitem>
