<?xml version="1.0" encoding="iso-8859-1" ?>
<newsitem itemid="755293" id="root" date="1997-07-24" xml:lang="en">
<title>GERMANY: Bundesbank says does not plan news conference.</title>
<headline>Bundesbank says does not plan news conference.</headline>
<dateline>FRANKFURT 1997-07-24</dateline>
<text>
<p>The Bundesbank said on Thursday it does not plan to hold a news conference after its regular fortnightly council meeting today.</p>
<p>--Frankfurt Newsroom, +49 69 756525</p>
</text>
<copyright>(c) Reuters Limited 1997</copyright>
<metadata>
<codes class="bip:countries:1.0">
  <code code="GFR">
    <editdetail attribution="Reuters BIP Coding Group" action="confirmed" date="1997-07-24"/>
  </code>
</codes>
<codes class="bip:topics:1.0">
  <code code="ECAT">
    <editdetail attribution="Reuters BIP Coding Group" action="confirmed" date="1997-07-24"/>
  </code>
</codes>
<dc element="dc.date.created" value="1997-07-24"/>
<dc element="dc.publisher" value="Reuters Holdings Plc"/>
<dc element="dc.date.published" value="1997-07-24"/>
<dc element="dc.source" value="Reuters"/>
<dc element="dc.creator.location" value="FRANKFURT"/>
<dc element="dc.creator.location.country.name" value="GERMANY"/>
<dc element="dc.source" value="Reuters"/>
</metadata>
</newsitem>
