<?xml version="1.0" encoding="iso-8859-1" ?>
<newsitem itemid="734666" id="root" date="1997-07-17" xml:lang="en">
<title>USA: TABLE - Capital Factors Q2 shr flat.</title>
<headline>TABLE - Capital Factors Q2 shr flat.</headline>
<dateline>BOCA RATON, Fla. 1997-07-17</dateline>
<text>
<p>Period Ended June 30, 1997</p>
<p>(Unaudited - in thousands except for per share data)</p>
<p>RESULTS OF OPERATION,		    1997	     1996</p>
<p>for the quarter ended June 30:</p>
<p>Factoring fees			   $7,053	    $6,119</p>
<p>Net interest income		     4,794	     3,436</p>
<p>Letter of credit and other fees     1,659		 853</p>
<p>Other					    63		 357</p>
<p>   Operating Revenues		  13,569	    10,765</p>
<p>Provision for credit losses	     800	     1,000</p>
<p>Operating expenses			7,511	     5,465</p>
<p>   Total Expenses			 8,311	     6,465</p>
<p>Income before income taxes	    5,258	     4,300</p>
<p>Net income				  3,140	     2,558</p>
<p>Net income per share		     0.26		0.26</p>
<p>Return of average assets (A)	  2.19%  2.34%    Return</p>
<p> average equity (A)		   18.88%  27.67%</p>
<p>Factored Sales			  746,249	   614,614</p>
<p>RESULTS OF OPERATION,</p>
<p>for the six months ended June 30:</p>
<p>Factoring fees			   13,878	    11,643</p>
<p>Net interest income		     8,874	     6,535</p>
<p>Letter of credit and other fees     3,025	     1,525</p>
<p>Other					    74		 649</p>
<p>   Operating Revenues		  25,851	    20,352</p>
<p>Provision for credit losses	   2,200	     2,100</p>
<p>Operating expenses		     14,464	    10,754</p>
<p>   Total Expenses			16,664	    12,854</p>
<p>Income before income taxes	    9,187	     7,498</p>
<p>Net Income				  5,460	     4,461</p>
<p>Net income per share		     0.44		0.45</p>
<p>Return of average assets (A)	  1.99%	     2.14%</p>
<p>Return of average equity (A)	 16.91%	    25.22%</p>
<p>Factored Sales			1,476,426	 1,178,603</p>
<p>Note: Full company name is Capital Factors Holding Inc.</p>
<p>(A) Annualized.</p>
<p>(( --New York Newsdesk 212-859-1610.))</p>
</text>
<copyright>(c) Reuters Limited 1997</copyright>
<metadata>
<codes class="bip:countries:1.0">
  <code code="USA">
    <editdetail attribution="Reuters BIP Coding Group" action="confirmed" date="1997-07-17"/>
  </code>
</codes>
<codes class="bip:topics:1.0">
  <code code="C15">
    <editdetail attribution="Reuters BIP Coding Group" action="confirmed" date="1997-07-17"/>
  </code>
  <code code="C151">
    <editdetail attribution="Reuters BIP Coding Group" action="confirmed" date="1997-07-17"/>
  </code>
  <code code="CCAT">
    <editdetail attribution="Reuters BIP Coding Group" action="confirmed" date="1997-07-17"/>
  </code>
</codes>
<dc element="dc.date.created" value="1997-07-17"/>
<dc element="dc.publisher" value="Reuters Holdings Plc"/>
<dc element="dc.date.published" value="1997-07-17"/>
<dc element="dc.source" value="Reuters"/>
<dc element="dc.creator.location" value="BOCA RATON, Fla."/>
<dc element="dc.creator.location.country.name" value="USA"/>
<dc element="dc.source" value="Reuters"/>
</metadata>
</newsitem>
