<?xml version="1.0" encoding="iso-8859-1" ?>
<newsitem itemid="202298" id="root" date="1996-11-20" xml:lang="en">
<title>LATVIA: Yields mixed at Latvian T-bill sale.</title>
<headline>Yields mixed at Latvian T-bill sale.</headline>
<dateline>RIGA 1996-11-20</dateline>
<text>
<p>Two average yields fell and two rose at an auction of Latvian Treasury bills on Wednesday, where demand was positive, the finance ministry said.</p>
<p>All amounts are in millions of lats</p>
<p> MATURITY   AV YIELD   (LAST WEEK)   ISSUE   BID   SOLD</p>
<p> 28-day	10.08	 10.14	  0.75   1.87   0.5</p>
<p> 91-day	10.45	 10.20	  1.0    1.65   0.1</p>
<p> 182-day     11.60	 11.53	  2.0    2.85   2.0</p>
<p> One-year    12.55	 12.76	  1.25   3.1    1.25</p>
<p>-- Riga Newsroom, +371 721 5240</p>
</text>
<copyright>(c) Reuters Limited 1996</copyright>
<metadata>
<codes class="bip:countries:1.0">
  <code code="LATV">
    <editdetail attribution="Reuters BIP Coding Group" action="confirmed" date="1996-11-20"/>
  </code>
</codes>
<codes class="bip:topics:1.0">
  <code code="M13">
    <editdetail attribution="Reuters BIP Coding Group" action="confirmed" date="1996-11-20"/>
  </code>
  <code code="M131">
    <editdetail attribution="Reuters BIP Coding Group" action="confirmed" date="1996-11-20"/>
  </code>
  <code code="MCAT">
    <editdetail attribution="Reuters BIP Coding Group" action="confirmed" date="1996-11-20"/>
  </code>
</codes>
<dc element="dc.date.created" value="1996-11-20"/>
<dc element="dc.publisher" value="Reuters Holdings Plc"/>
<dc element="dc.date.published" value="1996-11-20"/>
<dc element="dc.source" value="Reuters"/>
<dc element="dc.creator.location" value="RIGA"/>
<dc element="dc.creator.location.country.name" value="LATVIA"/>
<dc element="dc.source" value="Reuters"/>
</metadata>
</newsitem>
