<?xml version="1.0" encoding="iso-8859-1" ?>
<newsitem itemid="642890" id="root" date="1997-06-06" xml:lang="en">
<title>COLOMBIA: Colombia's Jan-May vehicle sales up 8.9 pct.</title>
<headline>Colombia's Jan-May vehicle sales up 8.9 pct.</headline>
<dateline>BOGOTA 1997-06-06</dateline>
<text>
<p>Vehicle sales in Colombia rose 8.9 percent in the first five months of 1997 compared to the same period last year, a closely watched auto industry survey showed Friday.</p>
<p>The survey, compiled by GM Colmotores, the local subsidiary of General Motors Corp, said 53,159 cars and trucks were sold in Colombia in January-May, up from 48,778 in the same period a year ago.</p>
<p>Sales grew by a hefty 22.3 percent in May to a total of 12,205 units, up from 9,978 in May 1996, the survey said.</p>
<p>((-- Javier Mozzo, Bogota newsroom, 571 610 7944))</p>
</text>
<copyright>(c) Reuters Limited 1997</copyright>
<metadata>
<codes class="bip:countries:1.0">
  <code code="COL">
    <editdetail attribution="Reuters BIP Coding Group" action="confirmed" date="1997-06-06"/>
  </code>
</codes>
<codes class="bip:industries:1.0">
  <code code="I35101">
    <editdetail attribution="Reuters BIP Coding Group" action="confirmed" date="1997-06-06"/>
  </code>
</codes>
<codes class="bip:topics:1.0">
  <code code="C31">
    <editdetail attribution="Reuters BIP Coding Group" action="confirmed" date="1997-06-06"/>
  </code>
  <code code="CCAT">
    <editdetail attribution="Reuters BIP Coding Group" action="confirmed" date="1997-06-06"/>
  </code>
</codes>
<dc element="dc.date.created" value="1997-06-06"/>
<dc element="dc.publisher" value="Reuters Holdings Plc"/>
<dc element="dc.date.published" value="1997-06-06"/>
<dc element="dc.source" value="Reuters"/>
<dc element="dc.creator.location" value="BOGOTA"/>
<dc element="dc.creator.location.country.name" value="COLOMBIA"/>
<dc element="dc.source" value="Reuters"/>
</metadata>
</newsitem>
