<?xml version="1.0" encoding="iso-8859-1" ?>
<newsitem itemid="676260" id="root" date="1997-06-20" xml:lang="en">
<title>USA: Clinton to create task force on any tobacco pact.</title>
<headline>Clinton to create task force on any tobacco pact.</headline>
<dateline>WASHINGTON 1997-06-20</dateline>
<text>
<p>President Clinton intends to name a special task force to examine the details of an expected agreement in tobacco settlement negotiations, senior administration officials said on Friday.</p>
<p>The task force would be headed by Donna Shalala, secretary of health and human services, and Bruce Reed, the president's top domestic policy adviser. The group would be expected to present its assessment &quot;within about 30 days,&quot; one official said.  </p>
<p>State attorneys general and negotiators for the tobacco industry called a news conference for Friday afternoon regarding a possible agreement that would require the companies to pay as much as $370 billion to settle lawsuits and fund anti-smoking efforts.</p>
<p>One official said the selection of Shalala and Reed to head the task force &quot;sends a strong message that all views will be listened to&quot; in reviewing the accord.</p>
<p>Shalala has been an ardent supporter of efforts to impose strict public health standards in any agreement, while Reed advocates what one official described as &quot;a more middle of the road approach.&quot;</p>
<p>&quot;The president wants the best advice on this, and that's why he turned to them,&quot; one White House official said. &quot;He wants all views considered.&quot; The administration officials said the exact size of the task force was not set and could grow as its deliberations were underway.</p>
</text>
<copyright>(c) Reuters Limited 1997</copyright>
<metadata>
<codes class="bip:countries:1.0">
  <code code="USA">
    <editdetail attribution="Reuters BIP Coding Group" action="confirmed" date="1997-06-20"/>
  </code>
</codes>
<codes class="bip:industries:1.0">
  <code code="I42900">
    <editdetail attribution="Reuters BIP Coding Group" action="confirmed" date="1997-06-20"/>
  </code>
</codes>
<codes class="bip:topics:1.0">
  <code code="C12">
    <editdetail attribution="Reuters BIP Coding Group" action="confirmed" date="1997-06-20"/>
  </code>
  <code code="C13">
    <editdetail attribution="Reuters BIP Coding Group" action="confirmed" date="1997-06-20"/>
  </code>
  <code code="CCAT">
    <editdetail attribution="Reuters BIP Coding Group" action="confirmed" date="1997-06-20"/>
  </code>
  <code code="GCAT">
    <editdetail attribution="Reuters BIP Coding Group" action="confirmed" date="1997-06-20"/>
  </code>
  <code code="GCRIM">
    <editdetail attribution="Reuters BIP Coding Group" action="confirmed" date="1997-06-20"/>
  </code>
  <code code="GHEA">
    <editdetail attribution="Reuters BIP Coding Group" action="confirmed" date="1997-06-20"/>
  </code>
  <code code="GPOL">
    <editdetail attribution="Reuters BIP Coding Group" action="confirmed" date="1997-06-20"/>
  </code>
</codes>
<dc element="dc.date.created" value="1997-06-20"/>
<dc element="dc.publisher" value="Reuters Holdings Plc"/>
<dc element="dc.date.published" value="1997-06-20"/>
<dc element="dc.source" value="Reuters"/>
<dc element="dc.creator.location" value="WASHINGTON"/>
<dc element="dc.creator.location.country.name" value="USA"/>
<dc element="dc.source" value="Reuters"/>
</metadata>
</newsitem>
