<?xml version="1.0" encoding="iso-8859-1" ?>
<newsitem itemid="472136" id="root" date="1997-03-27" xml:lang="en">
<title>USA: Intime Systems Intl Q4 full results.</title>
<headline>Intime Systems Intl Q4 full results.</headline>
<dateline>WEST PALM BEACH, Fla. 1997-03-27</dateline>
<text>
<p>InTime Systems International Inc</p>
<p>			   Consolidated Statements of Operations</p>
<p>		  For the fourth quarter	  For the year</p>
<p>		    ended December 31,	 ended December 31,</p>
<p>			1996	     1995	 1996	  1995</p>
<p>Net Revenues</p>
<p>		$3,277,310	$1,820,821 $11,736,869 $7,513,042</p>
<p>Income (Loss)</p>
<p>Before</p>
<p>Provisions for</p>
<p>Income Taxes</p>
<p>		   158,622     (1,162,356)     60,335 (2,248,686)</p>
<p>(Provision)</p>
<p>Benefit for</p>
<p>  Income Taxes	--		  --	   --     414,633</p>
<p>Net Income</p>
<p>  (Loss)	 158,622     (1,162,356)     60,335 (1,834,053)</p>
<p>Net Income</p>
<p>(Loss)</p>
<p>  Per Share	  .06	     (.45)	  .02	 (.77)</p>
<p>--(( New York Newsdesk 212 859-1610 ))</p>
</text>
<copyright>(c) Reuters Limited 1997</copyright>
<metadata>
<codes class="bip:countries:1.0">
  <code code="USA">
    <editdetail attribution="Reuters BIP Coding Group" action="confirmed" date="1997-03-27"/>
  </code>
</codes>
<codes class="bip:topics:1.0">
  <code code="C15">
    <editdetail attribution="Reuters BIP Coding Group" action="confirmed" date="1997-03-27"/>
  </code>
  <code code="C151">
    <editdetail attribution="Reuters BIP Coding Group" action="confirmed" date="1997-03-27"/>
  </code>
  <code code="C1511">
    <editdetail attribution="Reuters BIP Coding Group" action="confirmed" date="1997-03-27"/>
  </code>
  <code code="CCAT">
    <editdetail attribution="Reuters BIP Coding Group" action="confirmed" date="1997-03-27"/>
  </code>
</codes>
<dc element="dc.date.created" value="1997-03-27"/>
<dc element="dc.publisher" value="Reuters Holdings Plc"/>
<dc element="dc.date.published" value="1997-03-27"/>
<dc element="dc.source" value="Reuters"/>
<dc element="dc.creator.location" value="WEST PALM BEACH, Fla."/>
<dc element="dc.creator.location.country.name" value="USA"/>
<dc element="dc.source" value="Reuters"/>
</metadata>
</newsitem>
