<?xml version="1.0" encoding="iso-8859-1" ?>
<newsitem itemid="9123" id="root" date="1996-08-22" xml:lang="en">
<title>RUSSIA: Yeltsin meets candidates for new ministerial jobs.</title>
<headline>Yeltsin meets candidates for new ministerial jobs.</headline>
<dateline>MOSCOW 1996-08-22</dateline>
<text>
<p>President Boris Yeltsin, back in the Kremlin after a two-day holiday, moved to complete his government team on Thursday and met several candidates for top ministerial jobs.</p>
<p>Russian news agencies said decrees naming the new ministers would be signed in the near future.</p>
<p>Itar-Tass news agency said Pyotr Rodionov -- not to be confused with defence minister Igor Rodionov -- was named fuel and energy minister, Yuri Bespalov is the new industry minister, Anatoly Zaitsev is minister for railway communications and Viktor Orlov is minister for natural resources.</p>
<p>Tatyana Dmitrieva, the new health minister, is the only woman so far in the new cabinet of Prime Minister Viktor Chernomyrdin.</p>
<p>Most ministers were appointed earlier this month after Yeltsin was inaugurated for a second term as Russian president.</p>
<p>But a list of ministers left some posts vacant. Yeltsin has still not named a minister for culture or one responsible for relations with other former Soviet states.</p>
<p>The agencies gave no details of what was discussed at the meetings between Yeltsin and the candidates.</p>
<p>Yeltsin, 65, has not been seen in public since he was inaugurated for a second term on August 9.</p>
<p>His absence prompted speculation that he was ill but aides insisted he was just resting after a gruelling reelection campaign.</p>
</text>
<copyright>(c) Reuters Limited 1996</copyright>
<metadata>
<codes class="bip:countries:1.0">
  <code code="RUSS">
    <editdetail attribution="Reuters BIP Coding Group" action="confirmed" date="1996-08-22"/>
  </code>
</codes>
<codes class="bip:topics:1.0">
  <code code="GCAT">
    <editdetail attribution="Reuters BIP Coding Group" action="confirmed" date="1996-08-22"/>
  </code>
  <code code="GPOL">
    <editdetail attribution="Reuters BIP Coding Group" action="confirmed" date="1996-08-22"/>
  </code>
</codes>
<dc element="dc.date.created" value="1996-08-22"/>
<dc element="dc.publisher" value="Reuters Holdings Plc"/>
<dc element="dc.date.published" value="1996-08-22"/>
<dc element="dc.source" value="Reuters"/>
<dc element="dc.creator.location" value="MOSCOW"/>
<dc element="dc.creator.location.country.name" value="RUSSIA"/>
<dc element="dc.source" value="Reuters"/>
</metadata>
</newsitem>
