<?xml version="1.0" encoding="iso-8859-1" ?>
<newsitem itemid="218225" id="root" date="1996-11-26" xml:lang="en">
<title>BAHRAIN: Saudi 52-week T-bill drops to 5.6524 percent.</title>
<headline>Saudi 52-week T-bill drops to 5.6524 percent.</headline>
<dateline>MANAMA 1996-11-26</dateline>
<text>
<p>The yield on the 52-week Saudi treasury bills worth 500 million riyals dropped to 5.6524 percent from 5.8427 percent last month, a banker in Saudi Arabia said on Tuesday.</p>
<p>The average price climbed to 94.59375 from 94.42188 last month.</p>
<p>The bills are offered once a month by the Saudi Arabian Monetary Agency to Saudi-based banks.</p>
<p>One-year Saudi riyal interbank deposit rates were quoted at 5-3/4, 5/8 percent.</p>
</text>
<copyright>(c) Reuters Limited 1996</copyright>
<metadata>
<codes class="bip:countries:1.0">
  <code code="SAARAB">
    <editdetail attribution="Reuters BIP Coding Group" action="confirmed" date="1996-11-26"/>
  </code>
</codes>
<codes class="bip:topics:1.0">
  <code code="M13">
    <editdetail attribution="Reuters BIP Coding Group" action="confirmed" date="1996-11-26"/>
  </code>
  <code code="M131">
    <editdetail attribution="Reuters BIP Coding Group" action="confirmed" date="1996-11-26"/>
  </code>
  <code code="MCAT">
    <editdetail attribution="Reuters BIP Coding Group" action="confirmed" date="1996-11-26"/>
  </code>
</codes>
<dc element="dc.date.created" value="1996-11-26"/>
<dc element="dc.publisher" value="Reuters Holdings Plc"/>
<dc element="dc.date.published" value="1996-11-26"/>
<dc element="dc.source" value="Reuters"/>
<dc element="dc.creator.location" value="MANAMA"/>
<dc element="dc.creator.location.country.name" value="BAHRAIN"/>
<dc element="dc.source" value="Reuters"/>
</metadata>
</newsitem>
