<?xml version="1.0" encoding="iso-8859-1" ?>
<newsitem itemid="361559" id="root" date="1997-02-06" xml:lang="en">
<title>SPAIN: Spain Jan car registrations up 22.2 pct on yr.</title>
<headline>Spain Jan car registrations up 22.2 pct on yr.</headline>
<dateline>MADRID 1997-02-06</dateline>
<text>
<p>Spanish car registrations rose 22.2 percent in January from the year before to 68,639 units, automobile association ANFAC said on Thursday.</p>
<p>But ANFAC said the high percentage growth was explained by a low figure in January 1996, which was well below the average for the same month during the previous seven years.</p>
<p>-- Madrid newsroom +341 585 2160</p>
</text>
<copyright>(c) Reuters Limited 1997</copyright>
<metadata>
<codes class="bip:countries:1.0">
  <code code="SPAIN">
    <editdetail attribution="Reuters BIP Coding Group" action="confirmed" date="1997-02-06"/>
  </code>
</codes>
<codes class="bip:industries:1.0">
  <code code="I35101">
    <editdetail attribution="Reuters BIP Coding Group" action="confirmed" date="1997-02-06"/>
  </code>
</codes>
<codes class="bip:topics:1.0">
  <code code="C31">
    <editdetail attribution="Reuters BIP Coding Group" action="confirmed" date="1997-02-06"/>
  </code>
  <code code="CCAT">
    <editdetail attribution="Reuters BIP Coding Group" action="confirmed" date="1997-02-06"/>
  </code>
</codes>
<dc element="dc.date.created" value="1997-02-06"/>
<dc element="dc.publisher" value="Reuters Holdings Plc"/>
<dc element="dc.date.published" value="1997-02-06"/>
<dc element="dc.source" value="Reuters"/>
<dc element="dc.creator.location" value="MADRID"/>
<dc element="dc.creator.location.country.name" value="SPAIN"/>
<dc element="dc.source" value="Reuters"/>
</metadata>
</newsitem>
