<?xml version="1.0" encoding="iso-8859-1" ?>
<newsitem itemid="710964" id="root" date="1997-07-07" xml:lang="en">
<title>INDIA: DEBT-India Mata's quotes on govt securities-July 7.</title>
<headline>DEBT-India Mata's quotes on govt securities-July 7.</headline>
<dateline>BOMBAY 1997-07-07</dateline>
<text>
<p>Following are some indicative quotes made by Bombay-based Mata Securities  for dated Indian government securities and treasury bills on Monday at 1310 IST.</p>
<p>Government securities (bid/offer in rupees)</p>
<p>------------------------------------------</p>
<p> 13.50% GOI 97    100.78/100.82</p>
<p> 13.50% GOI 98    100.35/103.40</p>
<p> 13.62% GOI 98    104.46/104.50</p>
<p> 13.65% GOI 99    104.95/105.05</p>
<p> 13.40% GOI 99    105.45/105.55</p>
<p> 12.00% GOI 99    ------/102.80</p>
<p> 00.00% GOI 00     72.20/72.50</p>
<p> 12.14% GOI 00    102.08/102.11</p>
<p> 11.75% GOI 01    100.42/100.50</p>
<p> 13.82% GOI 02    106.50/106.65</p>
<p> 13.80% GOI 02    106.45/106.55</p>
<p> 12.69% GOI 02    ------/102.55</p>
<p> 12.50% GOI 04    100.90/101.00</p>
<p> 13.05% GOI 07    102.75/------</p>
<p>Treasury bills (bid/offer in percent)</p>
<p>------------------------------------</p>
<p>Maturing on</p>
<p> Tbill maturing on  24/04/98	     8.55/8.40</p>
<p> Tbill maturing on  --/--/--	   ------/------</p>
<p>	     MATA   : Mata Securities India Pvt. Ltd.</p>
<p>			  (Mr. R.G.Bhat, Mr.Vikrant, Ms.Chandra,</p>
<p>			  Mr. Dilip, Mr. Umesh)</p>
<p>			  Tel: 2677740/2617071-4,2699714 Fax:2651583)</p>
<p>	   -- Bombay newsroom +91-22-265 9000</p>
</text>
<copyright>(c) Reuters Limited 1997</copyright>
<metadata>
<codes class="bip:countries:1.0">
  <code code="INDIA">
    <editdetail attribution="Reuters BIP Coding Group" action="confirmed" date="1997-07-07"/>
  </code>
</codes>
<codes class="bip:topics:1.0">
  <code code="M12">
    <editdetail attribution="Reuters BIP Coding Group" action="confirmed" date="1997-07-07"/>
  </code>
  <code code="MCAT">
    <editdetail attribution="Reuters BIP Coding Group" action="confirmed" date="1997-07-07"/>
  </code>
</codes>
<dc element="dc.date.created" value="1997-07-07"/>
<dc element="dc.publisher" value="Reuters Holdings Plc"/>
<dc element="dc.date.published" value="1997-07-07"/>
<dc element="dc.source" value="Reuters"/>
<dc element="dc.creator.location" value="BOMBAY"/>
<dc element="dc.creator.location.country.name" value="INDIA"/>
<dc element="dc.source" value="Reuters"/>
</metadata>
</newsitem>
