<?xml version="1.0" encoding="iso-8859-1" ?>
<newsitem itemid="236142" id="root" date="1996-12-05" xml:lang="en">
<title>USA: US stocks hold steady despite skidding bonds.</title>
<headline>US stocks hold steady despite skidding bonds.</headline>
<dateline>NEW YORK 1996-12-05</dateline>
<text>
<p>U.S. stocks held steady despite stiff selling in the bond market, as investors renewed their bargain-hunting in laggard issues and focused attention on smaller cap issues.</p>
<p>The steadiness in stocks amid the bond selloff &quot;is somewhat surprising,&quot; said Ed Nicoski, a Piper Jaffray technical analyst.  &quot;What we've seen the last few weeks and very noticeably yesterday is smaller caps acting better than blue chips.  The Russell 200 is up and the S&amp;P is down. There's bargain-hunting in depressed issues and that will probably help preclude a major selloff in the near-term.&quot;  </p>
<p>The Dow industrials rose 11 to 6434.  The S&amp;P 500 was off fractionally to 745.  The Russell 2000, a measure of small company stocks, rose one to 359.</p>
<p>The Nasdaq Composite rose four to 1301.</p>
<p>Losers outpaced winners 12-11 on heavy NYSE volume of 347 million shares.</p>
<p>The long bond slumped 1-11/32 to yield 6.50 percent amid profit-taking and technical selling and some wariness ahead of Friday's key November employment report.</p>
<p>-- Betty Wong, Wall Street desk 212 859 1721</p>
</text>
<copyright>(c) Reuters Limited 1996</copyright>
<metadata>
<codes class="bip:countries:1.0">
  <code code="USA">
    <editdetail attribution="Reuters BIP Coding Group" action="confirmed" date="1996-12-05"/>
  </code>
</codes>
<codes class="bip:topics:1.0">
  <code code="M11">
    <editdetail attribution="Reuters BIP Coding Group" action="confirmed" date="1996-12-05"/>
  </code>
  <code code="MCAT">
    <editdetail attribution="Reuters BIP Coding Group" action="confirmed" date="1996-12-05"/>
  </code>
</codes>
<dc element="dc.date.created" value="1996-12-05"/>
<dc element="dc.publisher" value="Reuters Holdings Plc"/>
<dc element="dc.date.published" value="1996-12-05"/>
<dc element="dc.source" value="Reuters"/>
<dc element="dc.creator.location" value="NEW YORK"/>
<dc element="dc.creator.location.country.name" value="USA"/>
<dc element="dc.source" value="Reuters"/>
</metadata>
</newsitem>
