<?xml version="1.0" encoding="iso-8859-1" ?>
<newsitem itemid="313778" id="root" date="1997-01-16" xml:lang="en">
<title>PHILIPPINES: PCIBank, CCN Group of Britain in venture.</title>
<headline>PCIBank, CCN Group of Britain in venture.</headline>
<dateline>MANILA 1997-01-16</dateline>
<text>
<p>The Philippine Commercial Internatiomal Bank (PCIBank) said on Thursday it has forged a joint venture with the CCN Group Ltd of Britain.</p>
<p>&quot;The PCIBank-CCN joint venture is intended primarily to market and operate computer-based account and transaction processing services to credit card companies as well as other financial services companies in the Philippines and the Asia Pacific,&quot; it said in a statement.</p>
<p>Bankard Inc, an affiliate of PCIBank, is the joint venture's first client in the Philippines, the bank said.</p>
<p>PCIBank said it will share equal equity with CCN in the joint venture.</p>
<p>--Manila newsroom (632) 841-89-36, fax 817-62-67</p>
</text>
<copyright>(c) Reuters Limited 1997</copyright>
<metadata>
<codes class="bip:countries:1.0">
  <code code="PHLNS">
    <editdetail attribution="Reuters BIP Coding Group" action="confirmed" date="1997-01-16"/>
  </code>
  <code code="UK">
    <editdetail attribution="Reuters BIP Coding Group" action="confirmed" date="1997-01-16"/>
  </code>
</codes>
<codes class="bip:industries:1.0">
  <code code="I65600">
    <editdetail attribution="Reuters BIP Coding Group" action="confirmed" date="1997-01-16"/>
  </code>
  <code code="I6560003">
    <editdetail attribution="Reuters BIP Coding Group" action="confirmed" date="1997-01-16"/>
  </code>
  <code code="I81402">
    <editdetail attribution="Reuters BIP Coding Group" action="confirmed" date="1997-01-16"/>
  </code>
</codes>
<codes class="bip:topics:1.0">
  <code code="C11">
    <editdetail attribution="Reuters BIP Coding Group" action="confirmed" date="1997-01-16"/>
  </code>
  <code code="CCAT">
    <editdetail attribution="Reuters BIP Coding Group" action="confirmed" date="1997-01-16"/>
  </code>
</codes>
<dc element="dc.date.created" value="1997-01-16"/>
<dc element="dc.publisher" value="Reuters Holdings Plc"/>
<dc element="dc.date.published" value="1997-01-16"/>
<dc element="dc.source" value="Reuters"/>
<dc element="dc.creator.location" value="MANILA"/>
<dc element="dc.creator.location.country.name" value="PHILIPPINES"/>
<dc element="dc.source" value="Reuters"/>
</metadata>
</newsitem>
