<?xml version="1.0" encoding="iso-8859-1" ?>
<newsitem itemid="288502" id="root" date="1997-01-06" xml:lang="en">
<title>PERU: Peru says Q3 joblessness down to 7.0 pct vs yr-ago.</title>
<headline>Peru says Q3 joblessness down to 7.0 pct vs yr-ago.</headline>
<dateline>LIMA 1997-01-06</dateline>
<text>
<p>The Peruvian jobless rate was 7.0 percent in the third quarter of last year, down from 7.6 percent in the same period of 1995, the Labor Ministry said Monday.</p>
<p>Among age groups, the highest unemployment rate, 12.7 percent, was among youths between 14 and 24 years old.</p>
<p>The worst affected area, with 11.2 percent unemployment, was the northern highland zone of Peru.  </p>
<p>The ministry began last year basing its unemployment figure on surveys throughout the country. The government's previous methodology had only collected data from the capital Lima.</p>
<p>Third quarter 1996 unemployment for men was 6.4 percent, down from 6.0 percent last year, while for women the rate fell to 7.9 percent from 10.1 percent.</p>
<p>Peru also has an underemployment rate of around 47 percent, according to government officials, with many in that figure employed in the informal economy.</p>
<p>((-- Andrew Cawthorne, Lima newsroom, 511 221-2134))</p>
</text>
<copyright>(c) Reuters Limited 1997</copyright>
<metadata>
<codes class="bip:countries:1.0">
  <code code="PERU">
    <editdetail attribution="Reuters BIP Coding Group" action="confirmed" date="1997-01-06"/>
  </code>
</codes>
<codes class="bip:topics:1.0">
  <code code="E41">
    <editdetail attribution="Reuters BIP Coding Group" action="confirmed" date="1997-01-06"/>
  </code>
  <code code="E411">
    <editdetail attribution="Reuters BIP Coding Group" action="confirmed" date="1997-01-06"/>
  </code>
  <code code="ECAT">
    <editdetail attribution="Reuters BIP Coding Group" action="confirmed" date="1997-01-06"/>
  </code>
  <code code="GCAT">
    <editdetail attribution="Reuters BIP Coding Group" action="confirmed" date="1997-01-06"/>
  </code>
  <code code="GJOB">
    <editdetail attribution="Reuters BIP Coding Group" action="confirmed" date="1997-01-06"/>
  </code>
</codes>
<dc element="dc.date.created" value="1997-01-06"/>
<dc element="dc.publisher" value="Reuters Holdings Plc"/>
<dc element="dc.date.published" value="1997-01-06"/>
<dc element="dc.source" value="Reuters"/>
<dc element="dc.creator.location" value="LIMA"/>
<dc element="dc.creator.location.country.name" value="PERU"/>
<dc element="dc.source" value="Reuters"/>
</metadata>
</newsitem>
