<?xml version="1.0" encoding="iso-8859-1" ?>
<newsitem itemid="614287" id="root" date="1997-05-26" xml:lang="en">
<title>ISRAEL: B.V.R. Technologies Q1 loss vs profit.</title>
<headline>B.V.R. Technologies Q1 loss vs profit.</headline>
<dateline>TEL AVIV 1997-05-26</dateline>
<text>
<p>B.V.R. Technologies Ltd.</p>
<p>			   (in thousands of dollars except per share)</p>
<p>				Consolidated</p>
<p>				Q1 97	   Q1 96</p>
<p>Sales			 7,067	   4,775</p>
<p>Gross profit		1,272	   1,883</p>
<p>Operating profit (loss)  (797)	   (991)</p>
<p>Net profit (loss)	(1,075)  profit  954</p>
<p>Earnings (loss) per     (0.18)  profit 0.16</p>
<p>share  </p>
<p>The 1996 first quarter net profit includes capital gains but company officials could not immediately confirm the size of the gain.</p>
<p>Backlogged orders total $69.6 million against $55.1 million on March 31, the Israeli company said in a statement.</p>
<p>The results, excluding subsidiaries, showed continued growth in sales and profits. Sales for the first three months rose to $7.052 million from $4.237 million a year earlier while operating profit was $60,000 against an operating loss of $543,000 a year earlier.</p>
<p>B.V.R. held 31 percent of Nexus Telecommunications Ltd as of March 31, 1997. Its share in the losses of Nexus in the first quarter amounted to $373,000 compared with $342,000 a year earlier.</p>
<p>B.V.R.'s share in the losses of its wholly owned subsidiary Entertainment Application of Virtual Reality Ltd in the first quarter was $854,000 against $448,000 a year earlier.</p>
<p>B.V.R. officials reached later said the company had a capital gain of $1.761 million in the first quarter of 1996.</p>
<p>-Tel Aviv newsroom, 972-3-537-2211</p>
</text>
<copyright>(c) Reuters Limited 1997</copyright>
<metadata>
<codes class="bip:countries:1.0">
  <code code="ISRAEL">
    <editdetail attribution="Reuters BIP Coding Group" action="confirmed" date="1997-05-26"/>
  </code>
</codes>
<codes class="bip:topics:1.0">
  <code code="C15">
    <editdetail attribution="Reuters BIP Coding Group" action="confirmed" date="1997-05-26"/>
  </code>
  <code code="C151">
    <editdetail attribution="Reuters BIP Coding Group" action="confirmed" date="1997-05-26"/>
  </code>
  <code code="CCAT">
    <editdetail attribution="Reuters BIP Coding Group" action="confirmed" date="1997-05-26"/>
  </code>
</codes>
<dc element="dc.date.created" value="1997-05-26"/>
<dc element="dc.publisher" value="Reuters Holdings Plc"/>
<dc element="dc.date.published" value="1997-05-26"/>
<dc element="dc.source" value="Reuters"/>
<dc element="dc.creator.location" value="TEL AVIV"/>
<dc element="dc.creator.location.country.name" value="ISRAEL"/>
<dc element="dc.source" value="Reuters"/>
</metadata>
</newsitem>
