<?xml version="1.0" encoding="iso-8859-1" ?>
<newsitem itemid="567814" id="root" date="1997-05-07" xml:lang="en">
<title>AUSTRALIA: Melbourne Airport buy mostly debt-funded - BAA.</title>
<headline>Melbourne Airport buy mostly debt-funded - BAA.</headline>
<dateline>SYDNEY 1997-05-07</dateline>
<text>
<p>Australia Pacific Airports Corp Ltd (APA), the consortium which has been awarded the long-term lease of Melbourne Airport, said on Wednesday it would provide A$345 million in equity with the rest funded by borrowing facilities.</p>
<p>The Australian government said earlier that APA would pay A$1.307 billion for Melbourne Airport.</p>
<p>BAA Plc, the leader of the consortium, would have an initial stake of 25.1 percent in APA and would make a capital contribution of A$53 million.  </p>
<p>BAA's stake would fall to 15.1 percent if a proposed fourth partner, Melbourne-based Hastings Funds Management, exercised its option to take a 10 percent stake.</p>
<p>The other APA partners are the Australian Mutual Provident Society (AMP) with a 49.9 percent holding and Sydney-based funds manager Axiom with 25.0 percent.</p>
<p>Axiom was last week sold to Deutsche Morgan Grenfell by the New South Wales government for A$240 million.</p>
</text>
<copyright>(c) Reuters Limited 1997</copyright>
<metadata>
<codes class="bip:countries:1.0">
  <code code="AUSTR">
    <editdetail attribution="Reuters BIP Coding Group" action="confirmed" date="1997-05-07"/>
  </code>
</codes>
<codes class="bip:industries:1.0">
  <code code="I76400">
    <editdetail attribution="Reuters BIP Coding Group" action="confirmed" date="1997-05-07"/>
  </code>
</codes>
<codes class="bip:topics:1.0">
  <code code="C17">
    <editdetail attribution="Reuters BIP Coding Group" action="confirmed" date="1997-05-07"/>
  </code>
  <code code="C18">
    <editdetail attribution="Reuters BIP Coding Group" action="confirmed" date="1997-05-07"/>
  </code>
  <code code="C181">
    <editdetail attribution="Reuters BIP Coding Group" action="confirmed" date="1997-05-07"/>
  </code>
  <code code="CCAT">
    <editdetail attribution="Reuters BIP Coding Group" action="confirmed" date="1997-05-07"/>
  </code>
</codes>
<dc element="dc.date.created" value="1997-05-07"/>
<dc element="dc.publisher" value="Reuters Holdings Plc"/>
<dc element="dc.date.published" value="1997-05-07"/>
<dc element="dc.source" value="Reuters"/>
<dc element="dc.creator.location" value="SYDNEY"/>
<dc element="dc.creator.location.country.name" value="AUSTRALIA"/>
<dc element="dc.source" value="Reuters"/>
</metadata>
</newsitem>
