<?xml version="1.0" encoding="iso-8859-1" ?>
<newsitem itemid="466256" id="root" date="1997-03-25" xml:lang="en">
<title>USA: FINAL PRICING -- South Louisiana Port Commission.</title>
<headline>FINAL PRICING -- South Louisiana Port Commission.</headline>
<text>
<p>SOUTH LOUISIANA PORT COMMISSION</p>
<p>RE: $15,375,000</p>
<p>% Port Facilities Refunding Revenue Bonds</p>
<p>(Cargill, Incorporated Project)</p>
<p>Series 1997</p>
<p>WRITTEN AWARD.</p>
<p>    MOODY'S: Aa3		   S&amp;P: NAF</p>
<p>		 Confirmed</p>
<p>    DATED: 04/01/1997	    FIRST COUPON: 10/01/1997</p>
<p>DUE: 04/01</p>
<p>ALL BONDS ARE PRICED AT PAR.</p>
<p> MATURITY		AMOUNT     COUPON</p>
<p>04/01/2017	     15,375M    5.85  %</p>
<p>CALL FEATURES: 04/01/2007    102.00</p>
<p>		   DTP 04/01/2009</p>
<p>Delivery is firm for April 22, 1997.</p>
<p>This issue is book entry.  DTC is pending.</p>
<p>Lehman Brothers</p>
<p>--U.S. Municipal Desk, 212-859-1650</p>
</text>
<copyright>(c) Reuters Limited 1997</copyright>
<metadata>
<codes class="bip:countries:1.0">
  <code code="USA">
    <editdetail attribution="Reuters BIP Coding Group" action="confirmed" date="1997-03-25"/>
  </code>
</codes>
<codes class="bip:topics:1.0">
  <code code="E21">
    <editdetail attribution="Reuters BIP Coding Group" action="confirmed" date="1997-03-25"/>
  </code>
  <code code="E212">
    <editdetail attribution="Reuters BIP Coding Group" action="confirmed" date="1997-03-25"/>
  </code>
  <code code="ECAT">
    <editdetail attribution="Reuters BIP Coding Group" action="confirmed" date="1997-03-25"/>
  </code>
</codes>
<dc element="dc.publisher" value="Reuters Holdings Plc"/>
<dc element="dc.date.published" value="1997-03-25"/>
<dc element="dc.source" value="Reuters"/>
<dc element="dc.creator.location.country.name" value="USA"/>
<dc element="dc.source" value="Reuters"/>
</metadata>
</newsitem>
