<?xml version="1.0" encoding="iso-8859-1" ?>
<newsitem itemid="339796" id="root" date="1997-01-29" xml:lang="en">
<title>USA: Aflac Inc Q4 shr rises.</title>
<headline>Aflac Inc Q4 shr rises.</headline>
<dateline>COLUMBUS, Ga. 1997-01-29</dateline>
<text>
<p>AFLAC INCORPORATED AND SUBSIDIARIES</p>
<p>	    ($000 OMITTED, EXCEPT FOR PER-SHARE AMOUNTS)</p>
<p>    Three months ended Dec. 31,	1996	  1995  % Chg.</p>
<p> Total revenues			 1,853,047   1,732,455   7.0</p>
<p>Operating earnings (excluding net</p>
<p>  realized investment gains/losses)  86,229	83,377   3.4</p>
<p> Operating earnings per share	     .60	   .57   5.3</p>
<p>Net earnings (including net realized</p>
<p>  investment gains/losses)	    133,748	83,308  60.5</p>
<p> Net earnings per share		     .93	   .57  63.2</p>
<p> Cash dividends paid per share	    .10	  .087  14.9</p>
<p> Avg shares				 143,224     146,009   ---</p>
<p>    Twelve months ended Dec. 31,     1996	  1995  % Chg.</p>
<p> Total revenues			$7,100,203  $7,190,620  (1.3)</p>
<p>Operating earnings (excluding net</p>
<p>  realized invest gains/losses)     347,425     348,734  (.4)</p>
<p> Operating earnings per share	    2.40	  2.33   3.0</p>
<p>Net earnings (including net realized</p>
<p>  investment gains/losses)	    394,363     349,057  13.0</p>
<p> Net earnings per share		    2.73	  2.33  17.2</p>
<p> Cash dividends paid per share	   .387	  .338  14.5</p>
<p> Avg shares				 144,512     149,540   ---</p>
<p>NOTE: 1996 revenues includes a $60.3 million gain from the sale of a television station in 1996. 1996 operating earnings excludes a $48.2 million after-tax gain, or $.33 per share, from the sale of a television station in 1996.</p>
<p>((New York newsdesk 212-859-1610))</p>
</text>
<copyright>(c) Reuters Limited 1997</copyright>
<metadata>
<codes class="bip:countries:1.0">
  <code code="USA">
    <editdetail attribution="Reuters BIP Coding Group" action="confirmed" date="1997-01-29"/>
  </code>
</codes>
<codes class="bip:industries:1.0">
  <code code="I82002">
    <editdetail attribution="Reuters BIP Coding Group" action="confirmed" date="1997-01-29"/>
  </code>
</codes>
<codes class="bip:topics:1.0">
  <code code="C15">
    <editdetail attribution="Reuters BIP Coding Group" action="confirmed" date="1997-01-29"/>
  </code>
  <code code="C151">
    <editdetail attribution="Reuters BIP Coding Group" action="confirmed" date="1997-01-29"/>
  </code>
  <code code="C1511">
    <editdetail attribution="Reuters BIP Coding Group" action="confirmed" date="1997-01-29"/>
  </code>
  <code code="CCAT">
    <editdetail attribution="Reuters BIP Coding Group" action="confirmed" date="1997-01-29"/>
  </code>
</codes>
<dc element="dc.date.created" value="1997-01-29"/>
<dc element="dc.publisher" value="Reuters Holdings Plc"/>
<dc element="dc.date.published" value="1997-01-29"/>
<dc element="dc.source" value="Reuters"/>
<dc element="dc.creator.location" value="COLUMBUS, Ga."/>
<dc element="dc.creator.location.country.name" value="USA"/>
<dc element="dc.source" value="Reuters"/>
</metadata>
</newsitem>
