<?xml version="1.0" encoding="iso-8859-1" ?>
<newsitem itemid="394044" id="root" date="1997-02-21" xml:lang="en">
<title>USA: American National Q2 Jan 31 net is $0.22.</title>
<headline>American National Q2 Jan 31 net is $0.22.</headline>
<dateline>BALTIMORE 1997-02-21</dateline>
<text>
<p>1996			1995</p>
<p> Shr		 $0.22		    $0.11</p>
<p> Net		 773			431</p>
<p>	  6  MONTHS</p>
<p> Shr		 $0.02		    N/A</p>
<p> Net		 85			 614</p>
<p>(All data above 000s except per share numbers)</p>
<p>NOTES: Full name of company is American National Bancorp Inc.</p>
<p>Earnings per share not applicable to first six months of fiscal 1996 because company's stock offering not complete until October 31, 1995.</p>
<p>1997 six-month results include one-time charge that reduced net per share by $0.38.</p>
<p>((-- New York Newsdesk 212 859-1610))</p>
</text>
<copyright>(c) Reuters Limited 1997</copyright>
<metadata>
<codes class="bip:countries:1.0">
  <code code="USA">
    <editdetail attribution="Reuters BIP Coding Group" action="confirmed" date="1997-02-21"/>
  </code>
</codes>
<codes class="bip:industries:1.0">
  <code code="I81403">
    <editdetail attribution="Reuters BIP Coding Group" action="confirmed" date="1997-02-21"/>
  </code>
</codes>
<codes class="bip:topics:1.0">
  <code code="C15">
    <editdetail attribution="Reuters BIP Coding Group" action="confirmed" date="1997-02-21"/>
  </code>
  <code code="C151">
    <editdetail attribution="Reuters BIP Coding Group" action="confirmed" date="1997-02-21"/>
  </code>
  <code code="CCAT">
    <editdetail attribution="Reuters BIP Coding Group" action="confirmed" date="1997-02-21"/>
  </code>
</codes>
<dc element="dc.date.created" value="1997-02-21"/>
<dc element="dc.publisher" value="Reuters Holdings Plc"/>
<dc element="dc.date.published" value="1997-02-21"/>
<dc element="dc.source" value="Reuters"/>
<dc element="dc.creator.location" value="BALTIMORE"/>
<dc element="dc.creator.location.country.name" value="USA"/>
<dc element="dc.source" value="Reuters"/>
</metadata>
</newsitem>
