<?xml version="1.0" encoding="iso-8859-1" ?>
<newsitem itemid="667323" id="root" date="1997-06-17" xml:lang="en">
<title>USA: Apogee Enterprises Inc Q1 May 31 net up.</title>
<headline>Apogee Enterprises Inc Q1 May 31 net up.</headline>
<dateline>MINNEAPOLIS 1997-06-17</dateline>
<text>
<p>First quarter Ended</p>
<p>			     May 31, 1997    Jun 1, 1996</p>
<p> Net sales		$244,782,000   $228,608,000</p>
<p> Cost of goods sold    199,101,000    192,080,000</p>
<p> Gross profit	     45,681,000     36,528,000</p>
<p>Selling, general and</p>
<p>  administrative costs  32,353,000     26,171,000</p>
<p>     Operating income   13,328,000     10,357,000</p>
<p>Earnings before income</p>
<p>  taxes, other items    11,024,000	8,002,000</p>
<p> Income taxes		4,000,000	2,954,000</p>
<p>Equity in net</p>
<p>   loss of affiliates	250,000	   60,000</p>
<p> Minority interest		  --	   12,000</p>
<p>   Net earnings	    6,774,000	4,976,000</p>
<p>   Earnings per share	   0.24	     0.18</p>
<p> Average common shares  28,509,407     27,662,248</p>
<p>((Reuters Chicago Newsdesk (312) 408-8787))</p>
</text>
<copyright>(c) Reuters Limited 1997</copyright>
<metadata>
<codes class="bip:countries:1.0">
  <code code="USA">
    <editdetail attribution="Reuters BIP Coding Group" action="confirmed" date="1997-06-17"/>
  </code>
</codes>
<codes class="bip:industries:1.0">
  <code code="I24000">
    <editdetail attribution="Reuters BIP Coding Group" action="confirmed" date="1997-06-17"/>
  </code>
</codes>
<codes class="bip:topics:1.0">
  <code code="C15">
    <editdetail attribution="Reuters BIP Coding Group" action="confirmed" date="1997-06-17"/>
  </code>
  <code code="C151">
    <editdetail attribution="Reuters BIP Coding Group" action="confirmed" date="1997-06-17"/>
  </code>
  <code code="CCAT">
    <editdetail attribution="Reuters BIP Coding Group" action="confirmed" date="1997-06-17"/>
  </code>
</codes>
<dc element="dc.date.created" value="1997-06-17"/>
<dc element="dc.publisher" value="Reuters Holdings Plc"/>
<dc element="dc.date.published" value="1997-06-17"/>
<dc element="dc.source" value="Reuters"/>
<dc element="dc.creator.location" value="MINNEAPOLIS"/>
<dc element="dc.creator.location.country.name" value="USA"/>
<dc element="dc.source" value="Reuters"/>
</metadata>
</newsitem>
