<?xml version="1.0" encoding="iso-8859-1" ?>
<newsitem itemid="265368" id="root" date="1996-12-18" xml:lang="en">
<title>FRANCE: Eurotunnel sees operations resuming May 15.</title>
<headline>Eurotunnel sees operations resuming May 15.</headline>
<dateline>LILLE 1996-12-18</dateline>
<text>
<p>Work on a fire-damaged section of the Channel Tunnel operated by Eurotunnel will begin in mid-January and if the repairs go according to plan, full service is expected to resume around May 15, a spokesman for the Anglo-French company said on Wednesday.</p>
</text>
<copyright>(c) Reuters Limited 1996</copyright>
<metadata>
<codes class="bip:countries:1.0">
  <code code="FRA">
    <editdetail attribution="Reuters BIP Coding Group" action="confirmed" date="1996-12-18"/>
  </code>
  <code code="UK">
    <editdetail attribution="Reuters BIP Coding Group" action="confirmed" date="1996-12-18"/>
  </code>
</codes>
<codes class="bip:industries:1.0">
  <code code="I71000">
    <editdetail attribution="Reuters BIP Coding Group" action="confirmed" date="1996-12-18"/>
  </code>
</codes>
<codes class="bip:topics:1.0">
  <code code="C24">
    <editdetail attribution="Reuters BIP Coding Group" action="confirmed" date="1996-12-18"/>
  </code>
  <code code="CCAT">
    <editdetail attribution="Reuters BIP Coding Group" action="confirmed" date="1996-12-18"/>
  </code>
</codes>
<dc element="dc.date.created" value="1996-12-18"/>
<dc element="dc.publisher" value="Reuters Holdings Plc"/>
<dc element="dc.date.published" value="1996-12-18"/>
<dc element="dc.source" value="Reuters"/>
<dc element="dc.creator.location" value="LILLE"/>
<dc element="dc.creator.location.country.name" value="FRANCE"/>
<dc element="dc.source" value="Reuters"/>
</metadata>
</newsitem>
