<?xml version="1.0" encoding="iso-8859-1" ?>
<newsitem itemid="71030" id="root" date="1996-09-23" xml:lang="en">
<title>UK: Caymans law tightens screws on money launderers.</title>
<headline>Caymans law tightens screws on money launderers.</headline>
<dateline>LONDON 1996-09-23</dateline>
<text>
<p>The proceeds of serious crime being laundered in the Cayman Islands now risk being seized by the islands' authorities under the terms of a new law, the Caribbean island group said on Monday.</p>
<p>&quot;This legislation makes it clear that the Cayman Islands is not a place for those who wish to hide illicit proceeds,&quot; said Richard Coles, the islands' attorney general, in a statement released in London.</p>
<p>&quot;It will also reassure those legitimate users of the financial services in the Cayman Islands that their business will not be tainted by any illicit proceeds,&quot; he added.</p>
<p>The Cayman Islands, which passed the law late on Friday, is the first centre in the Caribbean to introduce such legislation. It is based on British law and the UK welcomed the move.</p>
<p>&quot;This decision marks an important step in the Caymans' fight against international money laundering and will help to ensure that the Islands are not used to hide or launder illicit proceeds,&quot; a British foreign office spokesman said.</p>
<p>The law makes it a criminal offence if a provider of financial services fails to report any suspicions that a client may be involved with or be benefiting from crime.</p>
<p>It also allows applications to be made to the courts for an order restraining and eventually confiscating criminal proceeds, whether in the form of property or the contents of a bank account, pending prosecution.</p>
<p>Confiscation orders made in designated nations may now also be registered in the islands and enforced by its grand court.</p>
<p>Britain is pressing other dependent territories to follow the islands' example as soon as possible, the statement added. --Caroline Brothers, London Newsroom +44 171 542 2734</p>
</text>
<copyright>(c) Reuters Limited 1996</copyright>
<metadata>
<codes class="bip:countries:1.0">
  <code code="CAYI">
    <editdetail attribution="Reuters BIP Coding Group" action="confirmed" date="1996-09-23"/>
  </code>
  <code code="UK">
    <editdetail attribution="Reuters BIP Coding Group" action="confirmed" date="1996-09-23"/>
  </code>
</codes>
<codes class="bip:industries:1.0">
  <code code="I81402">
    <editdetail attribution="Reuters BIP Coding Group" action="confirmed" date="1996-09-23"/>
  </code>
</codes>
<codes class="bip:topics:1.0">
  <code code="C13">
    <editdetail attribution="Reuters BIP Coding Group" action="confirmed" date="1996-09-23"/>
  </code>
  <code code="CCAT">
    <editdetail attribution="Reuters BIP Coding Group" action="confirmed" date="1996-09-23"/>
  </code>
  <code code="GCAT">
    <editdetail attribution="Reuters BIP Coding Group" action="confirmed" date="1996-09-23"/>
  </code>
  <code code="GCRIM">
    <editdetail attribution="Reuters BIP Coding Group" action="confirmed" date="1996-09-23"/>
  </code>
</codes>
<dc element="dc.date.created" value="1996-09-23"/>
<dc element="dc.publisher" value="Reuters Holdings Plc"/>
<dc element="dc.date.published" value="1996-09-23"/>
<dc element="dc.source" value="Reuters"/>
<dc element="dc.creator.location" value="LONDON"/>
<dc element="dc.creator.location.country.name" value="UK"/>
<dc element="dc.source" value="Reuters"/>
</metadata>
</newsitem>
