<?xml version="1.0" encoding="iso-8859-1" ?>
<newsitem itemid="32119" id="root" date="1996-09-04" xml:lang="en">
<title>USA: FOB Gulf Grain - Soy firms, Wheat mostly steady.</title>
<headline>FOB Gulf Grain - Soy firms, Wheat mostly steady.</headline>
<dateline>CHICAGO 1996-09-04</dateline>
<text>
<p>FOB Gulf basis values for most soybean positions firmed on Wednesday while corn and wheat values were mostly steady.</p>
<p>But export demand for U.S. grains continued to be slow.</p>
<p>South Korea said it will tender Sept 5 for 20,000 tonnes of U.S. No. 1 soybean. Bids will be opened Sept 6. Shipment was set for Sept 26-Oct 15 if from the U.S. Gulf or for October 11-30 if from the Pacific Northwest.</p>
<p>Also, U.S. exporters reported sales of 100,000 tonnes of optional origin wheat to Sri Lanka for the 1996/97 marketing year, USDA said Wednesday. The sale comprised 50,000 tonnes hard red winter and 50,000 tonnes soft red winter.  </p>
<p>Dealers quoted the following afternoon FOB U.S. Gulf values, basis Chicago futures, except hard red winter wheat basis Kansas City. (In cents per bushel).</p>
<p>No. 3 yellow corn -</p>
<p>September 5-25  - no bid, 43 ov Sept offered</p>
<p>September 11-30 - no bid, 38 ov Sept offered</p>
<p>October 1-20    - no bid, 58 ov Dec  offered</p>
<p>October 12-31   - no bid, 50 ov Dec  offered</p>
<p>November 1-15   - no bid, 40 ov Dec  offered</p>
<p>No. 2 yellow soybeans</p>
<p>September 16-30- no bid, 55 ov Nov offered</p>
<p>October 1-20   - no bid, 45 ov Nov offered</p>
<p>October 12-31  - no bid, 35 ov Nov offered</p>
<p>November 1-20  - no bid, 33 ov Nov offered</p>
<p>November 11-30 - no bid, 36 ov Nov offered</p>
<p>December 1-20  - no bid, 33 ov Jan offered</p>
<p>December 12-31 - no bid, 36 ov Jan offered</p>
<p>HRW wheat</p>
<p>September  - no bid, 44 ov Sep offered</p>
<p>October    - no bid, 45 ov Dec offered</p>
<p>November   - no bid, 47 ov Dec offered</p>
<p>SRW wheat</p>
<p>September  - no bid, 24 ov Dec  offered</p>
<p>October    - no bid, 28 ov Dec  offered</p>
<p>November   - no bid, 33 ov Dec  offered</p>
<p>--Chicago newsdesk 312-408 8720</p>
</text>
<copyright>(c) Reuters Limited 1996</copyright>
<metadata>
<codes class="bip:countries:1.0">
  <code code="USA">
    <editdetail attribution="Reuters BIP Coding Group" action="confirmed" date="1996-09-04"/>
  </code>
</codes>
<codes class="bip:topics:1.0">
  <code code="M14">
    <editdetail attribution="Reuters BIP Coding Group" action="confirmed" date="1996-09-04"/>
  </code>
  <code code="M141">
    <editdetail attribution="Reuters BIP Coding Group" action="confirmed" date="1996-09-04"/>
  </code>
  <code code="MCAT">
    <editdetail attribution="Reuters BIP Coding Group" action="confirmed" date="1996-09-04"/>
  </code>
</codes>
<dc element="dc.date.created" value="1996-09-04"/>
<dc element="dc.publisher" value="Reuters Holdings Plc"/>
<dc element="dc.date.published" value="1996-09-04"/>
<dc element="dc.source" value="Reuters"/>
<dc element="dc.creator.location" value="CHICAGO"/>
<dc element="dc.creator.location.country.name" value="USA"/>
<dc element="dc.source" value="Reuters"/>
</metadata>
</newsitem>
