<?xml version="1.0" encoding="iso-8859-1" ?>
<newsitem itemid="322060" id="root" date="1997-01-21" xml:lang="en">
<title>PAKISTAN: Pakistan weekly forex reserves dip to $1.474 bln.</title>
<headline>Pakistan weekly forex reserves dip to $1.474 bln.</headline>
<dateline>KARACHI, Pakistan 1997-01-21</dateline>
<text>
<p>Following is the weekly foreign exchange reserves holdings position in Pakistan:</p>
<p>    (BLN DLRS)		JAN 16     JAN 9    JAN 18, 1996</p>
<p>TOTAL			   1.474	1.485    2.301</p>
<p>Forex in Pakistan	   0.444	0.409    1.354</p>
<p>Forex outside Pakistan    0.341	0.387    0.225</p>
<p>Gold coins and bullion    0.676	0.676    0.707</p>
<p>Special Drawing Rights    0.013	0.013    0.015</p>
<p>-- Karachi newsroom 9221-5685192</p>
</text>
<copyright>(c) Reuters Limited 1997</copyright>
<metadata>
<codes class="bip:countries:1.0">
  <code code="PAKIS">
    <editdetail attribution="Reuters BIP Coding Group" action="confirmed" date="1997-01-21"/>
  </code>
</codes>
<codes class="bip:topics:1.0">
  <code code="E51">
    <editdetail attribution="Reuters BIP Coding Group" action="confirmed" date="1997-01-21"/>
  </code>
  <code code="E513">
    <editdetail attribution="Reuters BIP Coding Group" action="confirmed" date="1997-01-21"/>
  </code>
  <code code="ECAT">
    <editdetail attribution="Reuters BIP Coding Group" action="confirmed" date="1997-01-21"/>
  </code>
</codes>
<dc element="dc.date.created" value="1997-01-21"/>
<dc element="dc.publisher" value="Reuters Holdings Plc"/>
<dc element="dc.date.published" value="1997-01-21"/>
<dc element="dc.source" value="Reuters"/>
<dc element="dc.creator.location" value="KARACHI, Pakistan"/>
<dc element="dc.creator.location.country.name" value="PAKISTAN"/>
<dc element="dc.source" value="Reuters"/>
</metadata>
</newsitem>
