<?xml version="1.0" encoding="iso-8859-1" ?>
<newsitem itemid="280789" id="root" date="1996-12-30" xml:lang="en">
<title>USA: NOTICE OF SALE - Albuquerque, N.M.</title>
<headline>NOTICE OF SALE - Albuquerque, N.M.</headline>
<text>
<p>NOTICE OF INTENTION TO SELL BONDS</p>
<p>				  $51,320,000</p>
<p>			    City of Albuquerque</p>
<p>				  New Mexico</p>
<p>		 General Obligation Bonds, Series 1997</p>
<p>Consisting of $44,620,000 General Purpose Bonds, Series</p>
<p>				   1997A and</p>
<p>	    $6,700,000 Storm Sewer Bonds, Series 1997B</p>
<p>NOTICE IS HEREBY GIVEN  that the City  of Albuquerque, New Mexico on</p>
<p>			  Monday, January 6, 1997</p>
<p>will receive unconditional bids in a sealed envelope  marked  Proposal  for  City  of  Albuquerque   General  Obligation</p>
<p>Bonds'' until  the  hour  of 11:00  o'clock  a.m.,  Mountain  Standard    Time,    in    the    City    Clerk's    Office,</p>
<p>Albuquerque/Bernalillo County Government  Center, One  Civic Plaza, N.W., 11th FLoor,  Albuquerque, New Mexico 87102  for the purchase of all,  but not less than  all, of the  City's General Obligation Bonds, Series 1997 (the  Bonds'') to be issued in two series but sold  as one issue in an  aggregate principal amount of $51,320,000. The opening of bids may  be postponed by  the City  until 11:00  o'clock a.m.,  Mountain Standard Time,  on  January  22,  1997by  publishing  notice thereof in Munifacts prior to 2:00  P.M., local time in  the City of New York, New York, on January 3, 1997. A good faith deposit in the form of a certified or cashier's check in the  amount  of   $1,026,400  payable   to  the   order  of   the Treasurer, City of Albuquerque'', is required.</p>
<p>NOTICE IS  ALSO  GIVEN  that  the  Bonds will  be  offered subject to the terms and  conditions of the Official  Notice of Bond  Sale,  dated  December  16,  1996.  Copies  of  the Official Notice of Bond Sale  and of a Preliminary  Official  Statement relating  to the  Bonds will   be  furnished  upon</p>
<p> request  made  to  Perry   M.  Baird,  Debt  Manager,   City</p>
<p>Treasurer's Office,  City  of Albuquerque,  P.O.  Box  1293, Albuquerque, NM 87103, telephone  (505) 768-3309, fax  (505) 768-3447.</p>
<p>Dated:December 16, 1996</p>
<p>				 /s/ City Clerk</p>
<p>			  (From The Bond Buyer)</p>
<p>--U.S. Municipal Desk, 212-859-1650</p>
</text>
<copyright>(c) Reuters Limited 1996</copyright>
<metadata>
<codes class="bip:countries:1.0">
  <code code="USA">
    <editdetail attribution="Reuters BIP Coding Group" action="confirmed" date="1996-12-30"/>
  </code>
</codes>
<codes class="bip:topics:1.0">
  <code code="E21">
    <editdetail attribution="Reuters BIP Coding Group" action="confirmed" date="1996-12-30"/>
  </code>
  <code code="E212">
    <editdetail attribution="Reuters BIP Coding Group" action="confirmed" date="1996-12-30"/>
  </code>
  <code code="ECAT">
    <editdetail attribution="Reuters BIP Coding Group" action="confirmed" date="1996-12-30"/>
  </code>
</codes>
<dc element="dc.publisher" value="Reuters Holdings Plc"/>
<dc element="dc.date.published" value="1996-12-30"/>
<dc element="dc.source" value="Reuters"/>
<dc element="dc.creator.location.country.name" value="USA"/>
<dc element="dc.source" value="Reuters"/>
</metadata>
</newsitem>
