<?xml version="1.0" encoding="iso-8859-1" ?>
<newsitem itemid="623977" id="root" date="1997-05-29" xml:lang="en">
<title>USA: Sun City Industries Inc Q4 loss narrows.</title>
<headline>Sun City Industries Inc Q4 loss narrows.</headline>
<dateline>FORT LAUDERDALE, Fla. 1997-05-29</dateline>
<text>
<p>CONSOLIDATED STATEMENT OF OPERATIONS</p>
<p>			    Fiscal Year Ended   4th Quarter Ended</p>
<p>			Feb. 1,     Feb. 3,     Feb. 1,     Feb. 3,</p>
<p>			   1997	 1996	  1997	  1996</p>
<p> Sales	  $68,245,383 $91,084,629 $17,649,386 $24,715,194</p>
<p> Gross Profit   4,115,872   4,332,254     586,963   1,519,624</p>
<p> SG&amp;A	     4,446,724   5,941,599   1,328,310   2,454,600</p>
<p>Interest Expense</p>
<p>			893,135   1,044,443     237,509     238,071</p>
<p> Net (Loss)   (1,167,087) (2,761,305)   (854,266) (1,184,922)</p>
<p>(Loss) Per Common</p>
<p>   Share	     (0.81)	(1.92)	(0.59)	(0.82)</p>
<p> Shares Used    1,447,902   1,438,952   1,447,902   1,438,952</p>
<p>			    CONSOLIDATED BALANCE SHEETS</p>
<p> ASSETS			Feb. 1, 1997		Feb. 3, 1996</p>
<p> Current assets		$8,093,896		 $10,520,516</p>
<p>Property, plant &amp; equipment,</p>
<p>  net of depreciation	 1,531,788		   1,537,759</p>
<p> Property held for sale	 504,849		     596,318</p>
<p> Goodwill			 1,780,836		   1,615,611</p>
<p> Other assets		     535,648		     659,610</p>
<p> Total			   12,447,017		  14,929,814</p>
<p>LIABILITIES AND STOCKHOLDERS'</p>
<p>EQUITY</p>
<p> Current liabilities	  7,672,559		   6,378,452</p>
<p> Long term debt		 5,409,828		   8,096,798</p>
<p> Other liabilities		123,106			99,028</p>
<p> Stockholders' equity	 (758,476)		     355,536</p>
<p> Total			   12,447,017		  14,929,814</p>
<p>The auditor's comments were released today with its fiscal 1997 earnings.  Sun City reported a loss of $1.1  million this year and $2.8 million in fiscal 1996.</p>
<p>Sun City said that as a result of a major liquidity problem experienced during the second half of the fiscal year, it defaulted on its senior subordinated convertible debentures due August 1, 1996 and February 1, 1997 amounting to $119,000.</p>
<p>As a result, the $1.4 million of bonds are being classified as a current liability.</p>
<p>Finally Sun City said that as a result of its poor financial condition, the company no longer satisfies the guidelines for continued listing on the American Stock Exchange, and may be delisted.</p>
<p>Sun City recently eliminated its egg processing operations and is repositioning itself as a food distributor.  </p>
<p>-- New York Newsdesk 212 859-1610</p>
</text>
<copyright>(c) Reuters Limited 1997</copyright>
<metadata>
<codes class="bip:countries:1.0">
  <code code="USA">
    <editdetail attribution="Reuters BIP Coding Group" action="confirmed" date="1997-05-29"/>
  </code>
</codes>
<codes class="bip:industries:1.0">
  <code code="I41000">
    <editdetail attribution="Reuters BIP Coding Group" action="confirmed" date="1997-05-29"/>
  </code>
</codes>
<codes class="bip:topics:1.0">
  <code code="C15">
    <editdetail attribution="Reuters BIP Coding Group" action="confirmed" date="1997-05-29"/>
  </code>
  <code code="C151">
    <editdetail attribution="Reuters BIP Coding Group" action="confirmed" date="1997-05-29"/>
  </code>
  <code code="C1511">
    <editdetail attribution="Reuters BIP Coding Group" action="confirmed" date="1997-05-29"/>
  </code>
  <code code="CCAT">
    <editdetail attribution="Reuters BIP Coding Group" action="confirmed" date="1997-05-29"/>
  </code>
</codes>
<dc element="dc.date.created" value="1997-05-29"/>
<dc element="dc.publisher" value="Reuters Holdings Plc"/>
<dc element="dc.date.published" value="1997-05-29"/>
<dc element="dc.source" value="Reuters"/>
<dc element="dc.creator.location" value="FORT LAUDERDALE, Fla."/>
<dc element="dc.creator.location.country.name" value="USA"/>
<dc element="dc.source" value="Reuters"/>
</metadata>
</newsitem>
