<?xml version="1.0" encoding="iso-8859-1" ?>
<newsitem itemid="283726" id="root" date="1997-01-02" xml:lang="en">
<title>DOMINICAN REPUBLIC: Violent protests rock Dominican town.</title>
<headline>Violent protests rock Dominican town.</headline>
<dateline>SANTO DOMINGO, Dominican Republic 1997-01-02</dateline>
<text>
<p>Angry crowds burned tires, blocked streets and threw stones in the Dominican city of Yamasa on Thursday to protest against a 20 percent increase in the cost of public transportation.</p>
<p>Local radio reports said crowds of youths stopped a dozen buses from leaving the city for Santo Domingo, about 35 miles (55 km) to the southwest, leaving hundreds stranded.</p>
<p>The exact number of protesters was not known. A spokesman for the National Police in Santo Domingo said a team of riot police had been sent to the city to restore order.</p>
<p>Bus companies raised their prices in the past week, following a government-mandated 20 percent increase in the cost of fuel.</p>
</text>
<copyright>(c) Reuters Limited 1997</copyright>
<metadata>
<codes class="bip:countries:1.0">
  <code code="DOMR">
    <editdetail attribution="Reuters BIP Coding Group" action="confirmed" date="1997-01-02"/>
  </code>
</codes>
<codes class="bip:topics:1.0">
  <code code="GCAT">
    <editdetail attribution="Reuters BIP Coding Group" action="confirmed" date="1997-01-02"/>
  </code>
  <code code="GVIO">
    <editdetail attribution="Reuters BIP Coding Group" action="confirmed" date="1997-01-02"/>
  </code>
</codes>
<dc element="dc.date.created" value="1997-01-02"/>
<dc element="dc.publisher" value="Reuters Holdings Plc"/>
<dc element="dc.date.published" value="1997-01-02"/>
<dc element="dc.source" value="Reuters"/>
<dc element="dc.creator.location" value="SANTO DOMINGO, Dominican Republic"/>
<dc element="dc.creator.location.country.name" value="DOMINICAN REPUBLIC"/>
<dc element="dc.source" value="Reuters"/>
</metadata>
</newsitem>
