<?xml version="1.0" encoding="iso-8859-1" ?>
<newsitem itemid="104492" id="root" date="1996-10-09" xml:lang="en">
<title>USA: Broderbund says near term &quot;challenging&quot;.</title>
<headline>Broderbund says near term &quot;challenging&quot;.</headline>
<dateline>NOVATO, Calif. 1996-10-09</dateline>
<text>
<p>Broderbund Software Inc Wednesday said it is optimistic about its long-term prospects but the company's near term outlook is challenging.</p>
<p>&quot;Our growth rate stalled this year as the consumer software market became more competitive and grew at a slower rate,&quot; Chairman Doug Carlston said in a statement accompanying the software firm's fourth quarter results. &quot;While the near-term prospects remain challenging, we are optimistic regarding the long-term outlook for Broderbund as a leader in the consumer software market.&quot;</p>
</text>
<copyright>(c) Reuters Limited 1996</copyright>
<metadata>
<codes class="bip:countries:1.0">
  <code code="USA">
    <editdetail attribution="Reuters BIP Coding Group" action="confirmed" date="1996-10-09"/>
  </code>
</codes>
<codes class="bip:industries:1.0">
  <code code="I33020">
    <editdetail attribution="Reuters BIP Coding Group" action="confirmed" date="1996-10-09"/>
  </code>
  <code code="I3302021">
    <editdetail attribution="Reuters BIP Coding Group" action="confirmed" date="1996-10-09"/>
  </code>
</codes>
<codes class="bip:topics:1.0">
  <code code="C15">
    <editdetail attribution="Reuters BIP Coding Group" action="confirmed" date="1996-10-09"/>
  </code>
  <code code="C152">
    <editdetail attribution="Reuters BIP Coding Group" action="confirmed" date="1996-10-09"/>
  </code>
  <code code="CCAT">
    <editdetail attribution="Reuters BIP Coding Group" action="confirmed" date="1996-10-09"/>
  </code>
</codes>
<dc element="dc.date.created" value="1996-10-09"/>
<dc element="dc.publisher" value="Reuters Holdings Plc"/>
<dc element="dc.date.published" value="1996-10-09"/>
<dc element="dc.source" value="Reuters"/>
<dc element="dc.creator.location" value="NOVATO, Calif."/>
<dc element="dc.creator.location.country.name" value="USA"/>
<dc element="dc.source" value="Reuters"/>
</metadata>
</newsitem>
