<?xml version="1.0" encoding="iso-8859-1" ?>
<newsitem itemid="338391" id="root" date="1997-01-28" xml:lang="en">
<title>USA: Sled Dogs in need of short-term financing.</title>
<headline>Sled Dogs in need of short-term financing.</headline>
<dateline>MINNEAPOLIS 1997-01-28</dateline>
<text>
<p>Sled Dogs Co said Tuesday the company needs additional short-term financing to fund operations for the 1997-1998 winter season.</p>
<p>Sled Dogs said its board of directors named Kent Rodriguez to the newly created position of chairman. The company said Rodriquez has experience in commercial and investment banking, and will be focusing on the preparation of short- and long-term budgets and the placement of additional financing for the company.  </p>
<p>&quot;Additional short-term financing is currently required to support operations and to fund operations for the 97-98 winter season,&quot; Sled Dogs said in a release. &quot;(B)usiness will be materially adversely affected if it is unable to secure short-term financing in the near future.&quot;</p>
<p>Earlier, Sled Dogs, which provides snow skates and related accessories, reported a net loss for the fiscal second quarter ended December 31 of $1.25 million or $0.09 a share versus $808,145 or $0.09 the previous year.</p>
<p>Sales for the quarter rose to $1.33 million from $504,866.</p>
<p>Sled Dogs said the increase in the net loss is primarily the result of increased media and selling expenses related to promoting the sport of snow skating and the Sled Dogs brand.</p>
<p>&quot;While we're encouraged by the sales growth we've achieved so far this year, the company currently requires additional capital to support operations and continue our sport development and brand building initiatives,&quot; John Sundet, president and chief executive, said in a statement.</p>
<p>((--Chicago newsdesk, 312-408-8787))</p>
</text>
<copyright>(c) Reuters Limited 1997</copyright>
<metadata>
<codes class="bip:countries:1.0">
  <code code="USA">
    <editdetail attribution="Reuters BIP Coding Group" action="confirmed" date="1997-01-28"/>
  </code>
</codes>
<codes class="bip:industries:1.0">
  <code code="I49420">
    <editdetail attribution="Reuters BIP Coding Group" action="confirmed" date="1997-01-28"/>
  </code>
</codes>
<codes class="bip:topics:1.0">
  <code code="C15">
    <editdetail attribution="Reuters BIP Coding Group" action="confirmed" date="1997-01-28"/>
  </code>
  <code code="C151">
    <editdetail attribution="Reuters BIP Coding Group" action="confirmed" date="1997-01-28"/>
  </code>
  <code code="C17">
    <editdetail attribution="Reuters BIP Coding Group" action="confirmed" date="1997-01-28"/>
  </code>
  <code code="C41">
    <editdetail attribution="Reuters BIP Coding Group" action="confirmed" date="1997-01-28"/>
  </code>
  <code code="C411">
    <editdetail attribution="Reuters BIP Coding Group" action="confirmed" date="1997-01-28"/>
  </code>
  <code code="CCAT">
    <editdetail attribution="Reuters BIP Coding Group" action="confirmed" date="1997-01-28"/>
  </code>
</codes>
<dc element="dc.date.created" value="1997-01-28"/>
<dc element="dc.publisher" value="Reuters Holdings Plc"/>
<dc element="dc.date.published" value="1997-01-28"/>
<dc element="dc.source" value="Reuters"/>
<dc element="dc.creator.location" value="MINNEAPOLIS"/>
<dc element="dc.creator.location.country.name" value="USA"/>
<dc element="dc.source" value="Reuters"/>
</metadata>
</newsitem>
