<?xml version="1.0" encoding="iso-8859-1" ?>
<newsitem itemid="69750" id="root" date="1996-09-23" xml:lang="en">
<title>USA: Kiwi International says Aug load factor rises.</title>
<headline>Kiwi International says Aug load factor rises.</headline>
<dateline>NEWARK, N.J. 1996-09-23</dateline>
<text>
<p>Kiwi International Air Lines said on Monday its August load factor increased to 62 percent from 54 percent in the year ago period.</p>
<p>In August 1996, the company flew 11 aircraft, compared with 15 in August 1995.</p>
<p>The U.S. Federal Aviation Administration grounded a portion of Kiwi's fleet in late June after the agency found problems with pilot training records.  </p>
<p>&quot;We're pleased to see bookings bounce back after a slow June and July, which was due to the ValuJet crash and our partial grounding,&quot; president and chief executive officer Jerry Murphy said in a statement.</p>
<p>Murphy was referring to a crash of a Valujet Inc flight in the Florida Everglades in May, killing 110 passengers. The crash slowed passenger traffic at many low-cost carriers across the United States during the summer.</p>
<p>Kiwi's revenue passenger miles increased 13 percent to 121.8 million in August 1996 from 107.8 million in the year ago period. Available seat miles slipped one percent to 196.6 million in August from 198.4 million in August 1995.</p>
<p>Total passengers boarded increased four percent to 167,200 in August 1996 from the comparable year ago period.</p>
</text>
<copyright>(c) Reuters Limited 1996</copyright>
<metadata>
<codes class="bip:countries:1.0">
  <code code="USA">
    <editdetail attribution="Reuters BIP Coding Group" action="confirmed" date="1996-09-23"/>
  </code>
</codes>
<codes class="bip:industries:1.0">
  <code code="I75000">
    <editdetail attribution="Reuters BIP Coding Group" action="confirmed" date="1996-09-23"/>
  </code>
</codes>
<codes class="bip:topics:1.0">
  <code code="C31">
    <editdetail attribution="Reuters BIP Coding Group" action="confirmed" date="1996-09-23"/>
  </code>
  <code code="CCAT">
    <editdetail attribution="Reuters BIP Coding Group" action="confirmed" date="1996-09-23"/>
  </code>
</codes>
<dc element="dc.date.created" value="1996-09-23"/>
<dc element="dc.publisher" value="Reuters Holdings Plc"/>
<dc element="dc.date.published" value="1996-09-23"/>
<dc element="dc.source" value="Reuters"/>
<dc element="dc.creator.location" value="NEWARK, N.J."/>
<dc element="dc.creator.location.country.name" value="USA"/>
<dc element="dc.source" value="Reuters"/>
</metadata>
</newsitem>
