<?xml version="1.0" encoding="iso-8859-1" ?>
<newsitem itemid="146517" id="root" date="1996-10-28" xml:lang="en">
<title>UK: SOCCER-STANDINGS IN THE EUROPEAN CHAMPIONS LEAGUE.</title>
<headline>SOCCER-STANDINGS IN THE EUROPEAN CHAMPIONS LEAGUE.</headline>
<dateline>LONDON 1996-10-28</dateline>
<text>
<p>Standings in the European</p>
<p>champions' league before this Wednesday's matches (tabulate</p>
<p>under played, won, drawn, lost, goals for, goals against,</p>
<p>points)</p>
<p>Group A</p>
<p> Ajax (Netherlands)		    3   2   0   1   5   2   6</p>
<p> Grasshopper Zurich (Switzerland)  3   2   0   1   4   1   6</p>
<p> Auxerre (France)			3   2   0   1   3   2   6</p>
<p> Glasgow Rangers (Scotland)	  3   0   0   3   2   9   0</p>
<p>Group B</p>
<p> Borussia Dortmund (Germany)	 3   3   0   0   6   1   9</p>
<p> Atletico Madrid (Spain)	     3   2   0   1   8   2   6</p>
<p> Steaua Bucharest (Romania)	  3   1   0   2   1   7   3</p>
<p> Widzew Lodz (Poland)		  3   0   0   3   2   7   0</p>
<p>Group C</p>
<p> Juventus (Italy)			3   21   0   3   1   7</p>
<p> Manchester United (England)	 3   2   0   1   4   1   6</p>
<p> Rapid Vienna (Austria)		3   0   2   1   2   4   2</p>
<p> Fenerbahce (Turkey)		   3   0   1   2   1   4   1</p>
<p>Group D</p>
<p> Porto (Portugal)			3   3   0   0   6   3   9</p>
<p> AC Milan (Italy)			3   1   0   2   7   6   3</p>
<p> Gothenburg (Sweden)		   3   1   0   2   5   6   3</p>
<p> Rosenborg (Norway)		    3   1   0   2   4   7   3</p>
</text>
<copyright>(c) Reuters Limited 1996</copyright>
<metadata>
<codes class="bip:countries:1.0">
  <code code="FRA">
    <editdetail attribution="Reuters BIP Coding Group" action="confirmed" date="1996-10-28"/>
  </code>
  <code code="GFR">
    <editdetail attribution="Reuters BIP Coding Group" action="confirmed" date="1996-10-28"/>
  </code>
  <code code="NETH">
    <editdetail attribution="Reuters BIP Coding Group" action="confirmed" date="1996-10-28"/>
  </code>
  <code code="POL">
    <editdetail attribution="Reuters BIP Coding Group" action="confirmed" date="1996-10-28"/>
  </code>
  <code code="ROM">
    <editdetail attribution="Reuters BIP Coding Group" action="confirmed" date="1996-10-28"/>
  </code>
  <code code="SPAIN">
    <editdetail attribution="Reuters BIP Coding Group" action="confirmed" date="1996-10-28"/>
  </code>
  <code code="SWITZ">
    <editdetail attribution="Reuters BIP Coding Group" action="confirmed" date="1996-10-28"/>
  </code>
  <code code="UK">
    <editdetail attribution="Reuters BIP Coding Group" action="confirmed" date="1996-10-28"/>
  </code>
</codes>
<codes class="bip:topics:1.0">
  <code code="GCAT">
    <editdetail attribution="Reuters BIP Coding Group" action="confirmed" date="1996-10-28"/>
  </code>
  <code code="GSPO">
    <editdetail attribution="Reuters BIP Coding Group" action="confirmed" date="1996-10-28"/>
  </code>
</codes>
<dc element="dc.date.created" value="1996-10-28"/>
<dc element="dc.publisher" value="Reuters Holdings Plc"/>
<dc element="dc.date.published" value="1996-10-28"/>
<dc element="dc.source" value="Reuters"/>
<dc element="dc.creator.location" value="LONDON"/>
<dc element="dc.creator.location.country.name" value="UK"/>
<dc element="dc.source" value="Reuters"/>
</metadata>
</newsitem>
