<?xml version="1.0" encoding="iso-8859-1" ?>
<newsitem itemid="560193" id="root" date="1997-05-05" xml:lang="en">
<title>USA: Nasdaq closing most actives - May 5.</title>
<headline>Nasdaq closing most actives - May 5.</headline>
<dateline>NEW YORK</dateline>
<text>
<p>The following were the most active</p>
<p>issues in Nasdaq trading Monday.</p>
<p>Cisco Systems     21,177,800    58 7/8     up   1-5/8</p>
<p>Microsoft Cp	13,882,600    120	  off  3/4</p>
<p>Oracle Corp	 13,782,700    44 3/4     up   2-1/4</p>
<p>Intel Corp	  13,077,100    162 1/2    up   4-7/8</p>
<p>Three Com Cp	11,138,300    35 11/16   up   1-5/16</p>
<p>Adobe Sys	   9,683,000     46 1/2     up   2-1/2</p>
<p>Petsmart	    9,414,500     11 1/8     off  1</p>
<p>Ascend Comm	 8,692,700     52 1/2     up   2-5/8</p>
<p>Informix Corp     8,461,800     8 5/16     up   13/16</p>
<p>Pairgain Tech     8,408,400     20 7/8     up   3/8</p>
<p>Total Volume:  835,134,600</p>
</text>
<copyright>(c) Reuters Limited 1997</copyright>
<metadata>
<codes class="bip:countries:1.0">
  <code code="USA">
    <editdetail attribution="Reuters BIP Coding Group" action="confirmed" date="1997-05-05"/>
  </code>
</codes>
<codes class="bip:topics:1.0">
  <code code="M11">
    <editdetail attribution="Reuters BIP Coding Group" action="confirmed" date="1997-05-05"/>
  </code>
  <code code="MCAT">
    <editdetail attribution="Reuters BIP Coding Group" action="confirmed" date="1997-05-05"/>
  </code>
</codes>
<dc element="dc.publisher" value="Reuters Holdings Plc"/>
<dc element="dc.date.published" value="1997-05-05"/>
<dc element="dc.source" value="Reuters"/>
<dc element="dc.creator.location" value="NEW YORK"/>
<dc element="dc.creator.location.country.name" value="USA"/>
<dc element="dc.source" value="Reuters"/>
</metadata>
</newsitem>
