<?xml version="1.0" encoding="iso-8859-1" ?>
<newsitem itemid="185961" id="root" date="1996-11-13" xml:lang="en">
<title>KAZAKHSTAN: Kazakh jet insurance broker clarifying liabilities.</title>
<headline>Kazakh jet insurance broker clarifying liabilities.</headline>
<dateline>ALMATY 1996-11-13</dateline>
<text>
<p>Alexander Howden Aviation, the broker which places insurance cover for Kazakhstan's state airline, said on Wednesday it was trying to establish insurance details for the Kazakh cargo plane which collided with a Saudi jumbo killing some 350 people.</p>
<p>A spokesman for the company said that as it was a charter flight, it is not clear who assumes responsibility.</p>
<p>The Kazakhstan National Airways (KazAir) plane was chartered to Kosmokraft, a trading company from neighbouring Kyrgyzstan, Kazakh transport officials said.</p>
<p>Search teams found the flight data and cockpit voice recorders of the cargo plane on Wednesday which crashed 80 km (50 miles) from New Delhi on Tuesday.</p>
<p>Alexander Howden Aviation, a division of the Alexander Howden Group Ltd based in Britain, places insurance for some of the troubled Kazakh state airline's aircraft.</p>
<p>Dogged by financial problems, KazaAir was formally closed down in August after being criticised by the government for falling safety standards and running up debts of $149 million. A new air company is in the process of registration.</p>
<p>--Chris Bird, Almaty Newsroom, +7 3272 509410</p>
</text>
<copyright>(c) Reuters Limited 1996</copyright>
<metadata>
<codes class="bip:countries:1.0">
  <code code="INDIA">
    <editdetail attribution="Reuters BIP Coding Group" action="confirmed" date="1996-11-13"/>
  </code>
  <code code="KAZK">
    <editdetail attribution="Reuters BIP Coding Group" action="confirmed" date="1996-11-13"/>
  </code>
  <code code="SAARAB">
    <editdetail attribution="Reuters BIP Coding Group" action="confirmed" date="1996-11-13"/>
  </code>
</codes>
<codes class="bip:industries:1.0">
  <code code="I75000">
    <editdetail attribution="Reuters BIP Coding Group" action="confirmed" date="1996-11-13"/>
  </code>
  <code code="I82000">
    <editdetail attribution="Reuters BIP Coding Group" action="confirmed" date="1996-11-13"/>
  </code>
  <code code="I83200">
    <editdetail attribution="Reuters BIP Coding Group" action="confirmed" date="1996-11-13"/>
  </code>
</codes>
<codes class="bip:topics:1.0">
  <code code="CCAT">
    <editdetail attribution="Reuters BIP Coding Group" action="confirmed" date="1996-11-13"/>
  </code>
  <code code="GCAT">
    <editdetail attribution="Reuters BIP Coding Group" action="confirmed" date="1996-11-13"/>
  </code>
  <code code="GDIS">
    <editdetail attribution="Reuters BIP Coding Group" action="confirmed" date="1996-11-13"/>
  </code>
</codes>
<dc element="dc.date.created" value="1996-11-13"/>
<dc element="dc.publisher" value="Reuters Holdings Plc"/>
<dc element="dc.date.published" value="1996-11-13"/>
<dc element="dc.source" value="Reuters"/>
<dc element="dc.creator.location" value="ALMATY"/>
<dc element="dc.creator.location.country.name" value="KAZAKHSTAN"/>
<dc element="dc.source" value="Reuters"/>
</metadata>
</newsitem>
