<?xml version="1.0" encoding="iso-8859-1" ?>
<newsitem itemid="643088" id="root" date="1997-06-06" xml:lang="en">
<title>TAIWAN: Land Bank of Taiwan cuts prime lending rate.</title>
<headline>Land Bank of Taiwan cuts prime lending rate.</headline>
<dateline>TAIPEI 1997-06-06</dateline>
<text>
<p>Land Bank of Taiwan said on Friday it would cut its prime lending rate by 0.025 percentage points to 7.275 following a string of minor interest rate cuts by the island's major commercial banks.</p>
<p>The Land Bank also would reduce its various time and saving deposit rates by 0.10-0.20 percentage points, effective from Saturday.</p>
<p>The interest rate reductions were to reflect loose liquidity in the banking system, the banks have said.</p>
<p>-- Taipei Newsroom (2-5080815)</p>
</text>
<copyright>(c) Reuters Limited 1997</copyright>
<metadata>
<codes class="bip:countries:1.0">
  <code code="TAIWAN">
    <editdetail attribution="Reuters BIP Coding Group" action="confirmed" date="1997-06-06"/>
  </code>
</codes>
<codes class="bip:industries:1.0">
  <code code="I81402">
    <editdetail attribution="Reuters BIP Coding Group" action="confirmed" date="1997-06-06"/>
  </code>
</codes>
<codes class="bip:topics:1.0">
  <code code="C31">
    <editdetail attribution="Reuters BIP Coding Group" action="confirmed" date="1997-06-06"/>
  </code>
  <code code="CCAT">
    <editdetail attribution="Reuters BIP Coding Group" action="confirmed" date="1997-06-06"/>
  </code>
</codes>
<dc element="dc.date.created" value="1997-06-06"/>
<dc element="dc.publisher" value="Reuters Holdings Plc"/>
<dc element="dc.date.published" value="1997-06-06"/>
<dc element="dc.source" value="Reuters"/>
<dc element="dc.creator.location" value="TAIPEI"/>
<dc element="dc.creator.location.country.name" value="TAIWAN"/>
<dc element="dc.source" value="Reuters"/>
</metadata>
</newsitem>
