<?xml version="1.0" encoding="iso-8859-1" ?>
<newsitem itemid="782564" id="root" date="1997-08-06" xml:lang="en">
<title>USA: TABLE- Mecklermedia Q3 net loss vs profit.</title>
<headline>TABLE- Mecklermedia Q3 net loss vs profit.</headline>
<dateline>WESTPORT, Conn. 1997-08-05</dateline>
<text>
<p>MECKLERMEDIA CORPORATION AND SUBSIDIARIES</p>
<p>THREE AND NINE MONTHS ENDED JUNE 30, 1997 AND 1996</p>
<p>(Unaudited) (Dollars in thousands, except per share amounts)</p>
<p>				Three Months Ended  Nine Months Ended</p>
<p>						 June 30	June 30</p>
<p>				  1997	   1996     1997     1996</p>
<p>REVENUES:</p>
<p> Trade shows		   $865	$5,971  $26,987  $11,865</p>
<p> Magazines and newspaper  4,524	 4,649   14,817   10,954</p>
<p> Other			    881	   990    2,468    1,681</p>
<p>				  6,270	11,610   44,272   24,500</p>
<p>COST OF SALES AND DIRECT COSTS:</p>
<p> Trade shows		    128	 2,997   13,598    6,987</p>
<p> Magazines and newspaper  3,961	 2,925   10,421    7,167</p>
<p> Other			    404	   438    1,254	699</p>
<p>				  4,493	 6,360   25,273   14,853</p>
<p>Gross profit after cost of sales</p>
<p>   and direct costs	 1,777	 5,250   18,999    9,647</p>
<p>OPERATING EXPENSES:</p>
<p>Advertising, promotion and</p>
<p>   selling		    2,834	 2,550   10,089    7,064</p>
<p>General and administrative</p>
<p>				  2,196	 2,410    6,844    5,235</p>
<p>Operating income (loss)</p>
<p>				(3,253)	   290    2,066  (2,652)</p>
<p> Interest income, net	 279	   243	825	750</p>
<p>Income (loss) before</p>
<p>   income taxes	   (2,974)	   533    2,891  (1,902)</p>
<p>Provision (benefit) for</p>
<p>   income taxes	   (1,046)	    20    (773)	 65</p>
<p> Net income (loss)	(1,928)	   513    3,664  (1,967)</p>
<p> Income (loss) per share (0.23)	  0.06     0.42   (0.23)</p>
<p>Weighted average number of common</p>
<p>shares and equivalents</p>
<p>				  8,512	 8,720    8,773    8,405</p>
<p>(( -- New York Newsdesk 212 859-1610))</p>
</text>
<copyright>(c) Reuters Limited 1997</copyright>
<metadata>
<codes class="bip:countries:1.0">
  <code code="USA">
    <editdetail attribution="Reuters BIP Coding Group" action="confirmed" date="1997-08-06"/>
  </code>
</codes>
<codes class="bip:industries:1.0">
  <code code="I83954">
    <editdetail attribution="Reuters BIP Coding Group" action="confirmed" date="1997-08-06"/>
  </code>
</codes>
<codes class="bip:topics:1.0">
  <code code="C15">
    <editdetail attribution="Reuters BIP Coding Group" action="confirmed" date="1997-08-06"/>
  </code>
  <code code="C151">
    <editdetail attribution="Reuters BIP Coding Group" action="confirmed" date="1997-08-06"/>
  </code>
  <code code="CCAT">
    <editdetail attribution="Reuters BIP Coding Group" action="confirmed" date="1997-08-06"/>
  </code>
</codes>
<dc element="dc.date.created" value="1997-08-05"/>
<dc element="dc.publisher" value="Reuters Holdings Plc"/>
<dc element="dc.date.published" value="1997-08-06"/>
<dc element="dc.source" value="Reuters"/>
<dc element="dc.creator.location" value="WESTPORT, Conn."/>
<dc element="dc.creator.location.country.name" value="USA"/>
<dc element="dc.source" value="Reuters"/>
</metadata>
</newsitem>
