<?xml version="1.0" encoding="iso-8859-1" ?>
<newsitem itemid="557723" id="root" date="1997-05-02" xml:lang="en">
<title>MALAYSIA: Ipmuda to distribute Perwaja products.</title>
<headline>Ipmuda to distribute Perwaja products.</headline>
<dateline>KUALA LUMPUR 1997-05-02</dateline>
<text>
<p>Ipmuda Bhd said that it has entered into a sole distributor agreement with unlisted Perwaja Steel Sdn Bhd to distribute Perwaja's products.</p>
<p>In a statement sent to the Kuala Lumpur Stock Exchange late on Wednesday, Ipmuda said the agreement is effective from June 1 and will continue for five years with an extension of five more years unless terminated by either firm.</p>
<p>The products made by Perwaja include reinforcement bars, wire rods, wire mesh, nails and structural sections.</p>
<p>Terms of the agreement were not disclosed.</p>
<p>Ipmuda is a building materials and hardware products trading firm. Its stock was suspended on April 16 and was requoted on Friday. It traded down five cents to 6.20 ringgit at 0228 GMT.</p>
<p>Perwaja, a state-owned insolvent steel maker, was found last year to have accumulated losses of 2.9 billion ringgit. Its previous government-appointed managers were investigated for financial mismanagement.</p>
<p>-- Kuala Lumpur newsroom (603 206 2323)</p>
</text>
<copyright>(c) Reuters Limited 1997</copyright>
<metadata>
<codes class="bip:countries:1.0">
  <code code="MALAY">
    <editdetail attribution="Reuters BIP Coding Group" action="confirmed" date="1997-05-02"/>
  </code>
</codes>
<codes class="bip:industries:1.0">
  <code code="I22100">
    <editdetail attribution="Reuters BIP Coding Group" action="confirmed" date="1997-05-02"/>
  </code>
  <code code="I61000">
    <editdetail attribution="Reuters BIP Coding Group" action="confirmed" date="1997-05-02"/>
  </code>
</codes>
<codes class="bip:topics:1.0">
  <code code="C33">
    <editdetail attribution="Reuters BIP Coding Group" action="confirmed" date="1997-05-02"/>
  </code>
  <code code="CCAT">
    <editdetail attribution="Reuters BIP Coding Group" action="confirmed" date="1997-05-02"/>
  </code>
</codes>
<dc element="dc.date.created" value="1997-05-02"/>
<dc element="dc.publisher" value="Reuters Holdings Plc"/>
<dc element="dc.date.published" value="1997-05-02"/>
<dc element="dc.source" value="Reuters"/>
<dc element="dc.creator.location" value="KUALA LUMPUR"/>
<dc element="dc.creator.location.country.name" value="MALAYSIA"/>
<dc element="dc.source" value="Reuters"/>
</metadata>
</newsitem>
