<?xml version="1.0" encoding="iso-8859-1" ?>
<newsitem itemid="692040" id="root" date="1997-06-27" xml:lang="en">
<title>POLAND: Polish shares close higher in continuous trade.</title>
<headline>Polish shares close higher in continuous trade.</headline>
<dateline>WARSAW 1997-06-27</dateline>
<text>
<p>Seven stocks rose, four fell and six were flat in seven-million-zloty Warsaw bourse continuous trade on Friday with the WIG 20 index up 1.1 percent to 1,524.4 points.</p>
<p>The remaining six stocks did not trade.</p>
<p>NFI units fell 0.7 percent in a 4.9-million-zloty turnover.</p>
<p>-- Warsaw Newsroom +48 22 653 9700</p>
</text>
<copyright>(c) Reuters Limited 1997</copyright>
<metadata>
<codes class="bip:countries:1.0">
  <code code="POL">
    <editdetail attribution="Reuters BIP Coding Group" action="confirmed" date="1997-06-27"/>
  </code>
</codes>
<codes class="bip:topics:1.0">
  <code code="M11">
    <editdetail attribution="Reuters BIP Coding Group" action="confirmed" date="1997-06-27"/>
  </code>
  <code code="MCAT">
    <editdetail attribution="Reuters BIP Coding Group" action="confirmed" date="1997-06-27"/>
  </code>
</codes>
<dc element="dc.date.created" value="1997-06-27"/>
<dc element="dc.publisher" value="Reuters Holdings Plc"/>
<dc element="dc.date.published" value="1997-06-27"/>
<dc element="dc.source" value="Reuters"/>
<dc element="dc.creator.location" value="WARSAW"/>
<dc element="dc.creator.location.country.name" value="POLAND"/>
<dc element="dc.source" value="Reuters"/>
</metadata>
</newsitem>
