<?xml version="1.0" encoding="iso-8859-1" ?>
<newsitem itemid="247369" id="root" date="1996-12-10" xml:lang="en">
<title>NETHERLANDS: Robeco awaiting completion of Scot Amicable deal.</title>
<headline>Robeco awaiting completion of Scot Amicable deal.</headline>
<dateline>AMSTERDAM 1996-12-10</dateline>
<text>
<p>Dutch fund management group Robeco said on Tuesday it would make an announcement on the purchase of a property business from Scottish Amicable Investment Managers when the deal is completed.</p>
<p>Scottish Amicable earlier said it would sell its property management business to Robeco for an undisclosed sum.</p>
<p>Robeco spokesman Hans de Klerk confirmed the deal but said he could not add anything until the sale was completed, which he expected this month.</p>
<p>&quot;We will come with an announcement after the full completion of the deal,&quot; he told Reuters.</p>
<p>But he added that the purchase was being made by the Robeco group rather than any of the listed companies in the group such as property manager Rodamco NV.</p>
<p>Robeco, the largest independent fund management group in Europe, had about 17 percent of its 76 billion guilders under management at June 30 invested in property.</p>
<p>-- Amsterdam newsroom +31 20 504 5000, Fax +31 20 504 5040</p>
</text>
<copyright>(c) Reuters Limited 1996</copyright>
<metadata>
<codes class="bip:countries:1.0">
  <code code="NETH">
    <editdetail attribution="Reuters BIP Coding Group" action="confirmed" date="1996-12-10"/>
  </code>
  <code code="UK">
    <editdetail attribution="Reuters BIP Coding Group" action="confirmed" date="1996-12-10"/>
  </code>
</codes>
<codes class="bip:industries:1.0">
  <code code="I81502">
    <editdetail attribution="Reuters BIP Coding Group" action="confirmed" date="1996-12-10"/>
  </code>
  <code code="I8150206">
    <editdetail attribution="Reuters BIP Coding Group" action="confirmed" date="1996-12-10"/>
  </code>
  <code code="I82002">
    <editdetail attribution="Reuters BIP Coding Group" action="confirmed" date="1996-12-10"/>
  </code>
</codes>
<codes class="bip:topics:1.0">
  <code code="C18">
    <editdetail attribution="Reuters BIP Coding Group" action="confirmed" date="1996-12-10"/>
  </code>
  <code code="C181">
    <editdetail attribution="Reuters BIP Coding Group" action="confirmed" date="1996-12-10"/>
  </code>
  <code code="CCAT">
    <editdetail attribution="Reuters BIP Coding Group" action="confirmed" date="1996-12-10"/>
  </code>
</codes>
<dc element="dc.date.created" value="1996-12-10"/>
<dc element="dc.publisher" value="Reuters Holdings Plc"/>
<dc element="dc.date.published" value="1996-12-10"/>
<dc element="dc.source" value="Reuters"/>
<dc element="dc.creator.location" value="AMSTERDAM"/>
<dc element="dc.creator.location.country.name" value="NETHERLANDS"/>
<dc element="dc.source" value="Reuters"/>
</metadata>
</newsitem>
