<?xml version="1.0" encoding="iso-8859-1" ?>
<newsitem itemid="728166" id="root" date="1997-07-15" xml:lang="en">
<title>USA: TABLE - Therapeutic Discovery Corp Q2 results.</title>
<headline>TABLE - Therapeutic Discovery Corp Q2 results.</headline>
<dateline>PALO ALTO, Calif. 1997-07-15</dateline>
<text>
<p>Therapeutic Discovery Corporation</p>
<p>			   Summary Financial Information</p>
<p>(In thousands, except number of shares and per share data)</p>
<p>					Quarter	   Six Months</p>
<p>				   Ended June 30,  Ended June 30,</p>
<p>				1997	1996	 1997	 1996</p>
<p>Revenues:</p>
<p>Net interest and</p>
<p>   other income	   $838     $1,993     $1,505     $4,665</p>
<p>Costs and expenses:</p>
<p>Research and product</p>
<p>    development	 26,375     28,312     48,616     49,886</p>
<p>General and</p>
<p>    administrative	 513	  705	1,168	1,254</p>
<p>Total costs and</p>
<p>  expenses		26,888     29,017     49,784     51,140</p>
<p> Net loss	     (26,050)   (27,024)   (48,279)   (46,475)</p>
<p>Net loss per</p>
<p>   common share	 (3.37)     (3.49)     (6.24)     (6.01)</p>
<p> Common shares     7,734,524  7,734,524  7,734,524  7,734,524</p>
</text>
<copyright>(c) Reuters Limited 1997</copyright>
<metadata>
<codes class="bip:countries:1.0">
  <code code="USA">
    <editdetail attribution="Reuters BIP Coding Group" action="confirmed" date="1997-07-15"/>
  </code>
</codes>
<codes class="bip:industries:1.0">
  <code code="I37200">
    <editdetail attribution="Reuters BIP Coding Group" action="confirmed" date="1997-07-15"/>
  </code>
</codes>
<codes class="bip:topics:1.0">
  <code code="C15">
    <editdetail attribution="Reuters BIP Coding Group" action="confirmed" date="1997-07-15"/>
  </code>
  <code code="C151">
    <editdetail attribution="Reuters BIP Coding Group" action="confirmed" date="1997-07-15"/>
  </code>
  <code code="CCAT">
    <editdetail attribution="Reuters BIP Coding Group" action="confirmed" date="1997-07-15"/>
  </code>
</codes>
<dc element="dc.date.created" value="1997-07-15"/>
<dc element="dc.publisher" value="Reuters Holdings Plc"/>
<dc element="dc.date.published" value="1997-07-15"/>
<dc element="dc.source" value="Reuters"/>
<dc element="dc.creator.location" value="PALO ALTO, Calif."/>
<dc element="dc.creator.location.country.name" value="USA"/>
<dc element="dc.source" value="Reuters"/>
</metadata>
</newsitem>
