<?xml version="1.0" encoding="iso-8859-1" ?>
<newsitem itemid="414341" id="root" date="1997-03-03" xml:lang="en">
<title>SOUTH AFRICA: SAfrica money mkt shortage below 9 bln rand Friday.</title>
<headline>SAfrica money mkt shortage below 9 bln rand Friday.</headline>
<dateline>JOHANNESBURG 1997-03-03</dateline>
<text>
<p>South Africa's money market shortage fell to 8.823 billion rand on Friday from 9.179 billion rand on Thursday, the Reserve Bank said.</p>
<p>-- Johannesburg newsroom, +27 11 482-1003</p>
</text>
<copyright>(c) Reuters Limited 1997</copyright>
<metadata>
<codes class="bip:countries:1.0">
  <code code="SAFR">
    <editdetail attribution="Reuters BIP Coding Group" action="confirmed" date="1997-03-03"/>
  </code>
</codes>
<codes class="bip:topics:1.0">
  <code code="M13">
    <editdetail attribution="Reuters BIP Coding Group" action="confirmed" date="1997-03-03"/>
  </code>
  <code code="M131">
    <editdetail attribution="Reuters BIP Coding Group" action="confirmed" date="1997-03-03"/>
  </code>
  <code code="MCAT">
    <editdetail attribution="Reuters BIP Coding Group" action="confirmed" date="1997-03-03"/>
  </code>
</codes>
<dc element="dc.date.created" value="1997-03-03"/>
<dc element="dc.publisher" value="Reuters Holdings Plc"/>
<dc element="dc.date.published" value="1997-03-03"/>
<dc element="dc.source" value="Reuters"/>
<dc element="dc.creator.location" value="JOHANNESBURG"/>
<dc element="dc.creator.location.country.name" value="SOUTH AFRICA"/>
<dc element="dc.source" value="Reuters"/>
</metadata>
</newsitem>
