<?xml version="1.0" encoding="iso-8859-1" ?>
<newsitem itemid="105917" id="root" date="1996-10-09" xml:lang="en">
<title>USA: DeKalb Genetics Corp Q4 Aug 31 loss.</title>
<headline>DeKalb Genetics Corp Q4 Aug 31 loss.</headline>
<dateline>DEKALB, Ill. 1996-10-09</dateline>
<text>
<p>(In Millions, Except Per Share Amounts)</p>
<p>					Three Months Ended  Years Ended</p>
<p>				     8/31/96  8/31/95  8/31/96 8/31/95</p>
<p> Consolidated revenues	     20.1     25.1   387.5  319.4</p>
<p>Earnings from continuing</p>
<p>  operations			  (1.2)     (1.2)   17.0    9.5</p>
<p> Discontinued operations	    ---	 ---    ---    1.2</p>
<p> Net earnings			( 1.2)    ( 1.2)   17.0   10.7</p>
<p>Per Share Amounts:</p>
<p> Earnings (Loss) per share     (0.07)    (0.08)   1.03   0.61</p>
<p>from continuing operations</p>
<p> Discontinued operations	    ---	 ---    ---    .08</p>
<p> Net earnings (Loss) per share (0.07)    (0.08)   1.03   0.69</p>
<p>-- Chicago Newsdesk 312-408-8787</p>
</text>
<copyright>(c) Reuters Limited 1996</copyright>
<metadata>
<codes class="bip:countries:1.0">
  <code code="USA">
    <editdetail attribution="Reuters BIP Coding Group" action="confirmed" date="1996-10-09"/>
  </code>
</codes>
<codes class="bip:industries:1.0">
  <code code="I01001">
    <editdetail attribution="Reuters BIP Coding Group" action="confirmed" date="1996-10-09"/>
  </code>
</codes>
<codes class="bip:topics:1.0">
  <code code="C15">
    <editdetail attribution="Reuters BIP Coding Group" action="confirmed" date="1996-10-09"/>
  </code>
  <code code="C151">
    <editdetail attribution="Reuters BIP Coding Group" action="confirmed" date="1996-10-09"/>
  </code>
  <code code="C1511">
    <editdetail attribution="Reuters BIP Coding Group" action="confirmed" date="1996-10-09"/>
  </code>
  <code code="CCAT">
    <editdetail attribution="Reuters BIP Coding Group" action="confirmed" date="1996-10-09"/>
  </code>
</codes>
<dc element="dc.date.created" value="1996-10-09"/>
<dc element="dc.publisher" value="Reuters Holdings Plc"/>
<dc element="dc.date.published" value="1996-10-09"/>
<dc element="dc.source" value="Reuters"/>
<dc element="dc.creator.location" value="DEKALB, Ill."/>
<dc element="dc.creator.location.country.name" value="USA"/>
<dc element="dc.source" value="Reuters"/>
</metadata>
</newsitem>
