<?xml version="1.0" encoding="iso-8859-1" ?>
<newsitem itemid="499465" id="root" date="1997-04-10" xml:lang="en">
<title>HUNGARY: PRESS DIGEST - Hungary - April 10.</title>
<headline>PRESS DIGEST - Hungary - April 10.</headline>
<dateline>BUDAPEST 1997-04-10</dateline>
<text>
<p>Here are highlights of stories reported by Hungary's press, based on information by Nepszabadsag's Hungary Around the Clock service. For further details on how to subscribe to Hungary Around the Clock, please contact Monica Kovacs at (361) 351 7142 or fax your request to (361) 351 7141.</p>
<p>ALL PAPERS</p>
<p>- President Arpad Goncz proceeded to Asuncion, capital of Paraguay, yesterday after winding up talks in Argentina.</p>
<p>- Luxembourg Foreign Minister and Deputy Premier Jacques Poos stressed in Budapest on Wednesday that Hungary, of the countries seeking to join the EU, stands the best chance of gaining admission.</p>
<p>- NATO Deputy Secretary General Norman W. Ray pointed out to Defence Minister Gyorgy Keleti in Budapest that there is no centrally guided arms procurement within NATO, nor does the alliance set any binding requirements for arms purchases and modernisation.</p>
<p>- Minister of Justice Pal Vastagh said on Wednesday that the coalition is to use its 72 percent majority to pass a constitutional amendment required for a reform of the justice system, if no consensus is reached with the opposition.</p>
<p>- Gyula Kosa, president of the Agricultural Producers' Advocacy Organisation (Metesz) announced that Metesz will take the government. Nepszabadsag prints the full text of the MTI correspondent's report taken from a tape recording of Kosa's speech at a meeting last Saturday.</p>
<p>- Hungary exported $2.381 billion in January-February, while imports totalled $2.812 billion, said Deputy State Secretary at the Ministry of Industry Lajos Berenyi.</p>
<p>- Industrial production prices in February increased 2.1 percent on January and 22.5 percent on a year earlier.</p>
<p>- GDP could grow by up to 2 percent this year along with an inflation rate of 18-19 percent, according to managing director of market research institute Kopint-Datorg.</p>
<p>- National Police Commander Laszlo Forgacs said that crime rose 6.2 percent in the first three months of the year, particulary white collar crime and that related to property and drug abuse.</p>
<p>NEPSZAVA</p>
<p>- This paper reports that the State Audit Office and the Government Supervisory Office are examining the circumstances of the disputed missile systems tender launched by the Defence Ministry.</p>
<p>MAGYAR HIRLAP</p>
<p>- The Smallholders Party has convened a national agricultural round table conference for the weekend. People's Party MP Gyorgy Rasko dismissed the plan as an election ploy.</p>
<p>- Representatives of 30 political parties from the region are expected to attend a three-day conference at Lakitelek on April 18-20 hosted by the Democratic Forum.</p>
<p>VILAGGAZDASAG</p>
<p>- The cabinet today is expected to hear a report on the main guidelines of economic policy between 1990 and 2000.</p>
<p>- EBRD financed seven projects to a total value of ECU 133 million in Hungary last year, the bank's annual report reveals.</p>
<p>- Merrill Lynch analyst Tom Chadwick said Hungary is in a very strong position as it may be in a period of sustainable economic growth.</p>
<p>- EBRD board of directors has approved a $30 million subordinated loan to K&amp;H Bank.</p>
<p>NEPSZABADSAG</p>
<p>- Interior Minister Gabor Kuncze and Avigdor Kahalani, the Israeli Minister of Internal Security signed a pact according to which crime-fighting bodies will coordinate work.</p>
<p>- Police have recently recommended that the Capital's prosecutor's office should ask Parliament to suspend the immunity rights of Socialist MP Zoltan Haller of Esztergom, on suspicion of misuse of funds, embezzlement and bribery.</p>
<p>			    -- Budapest newsroom (361) 327 4040</p>
</text>
<copyright>(c) Reuters Limited 1997</copyright>
<metadata>
<codes class="bip:countries:1.0">
  <code code="HUNG">
    <editdetail attribution="Reuters BIP Coding Group" action="confirmed" date="1997-04-10"/>
  </code>
</codes>
<codes class="bip:topics:1.0">
  <code code="GCAT">
    <editdetail attribution="Reuters BIP Coding Group" action="confirmed" date="1997-04-10"/>
  </code>
</codes>
<dc element="dc.date.created" value="1997-04-10"/>
<dc element="dc.publisher" value="Reuters Holdings Plc"/>
<dc element="dc.date.published" value="1997-04-10"/>
<dc element="dc.source" value="Reuters"/>
<dc element="dc.creator.location" value="BUDAPEST"/>
<dc element="dc.creator.location.country.name" value="HUNGARY"/>
<dc element="dc.source" value="Reuters"/>
</metadata>
</newsitem>
