<?xml version="1.0" encoding="iso-8859-1" ?>
<newsitem itemid="366655" id="root" date="1997-02-10" xml:lang="en">
<title>POLAND: FORECAST - Polish 3-month WIBOR seen at 18.66 end-97.</title>
<headline>FORECAST - Polish 3-month WIBOR seen at 18.66 end-97.</headline>
<dateline>WARSAW 1997-02-10</dateline>
<text>
<p>The Warsaw Interbank Offered Rate (WIBOR) for three-month deposits is expected to ease to 18.66 percent by the end of the year from 22.53 percent on Monday, a Reuter poll of Poland's 24 biggest banks showed.</p>
<p>The prediction is a mean average of banks' forecasts ranging from 17.00 percent to 20.60 percent.</p>
<p>Last month, banks saw the rate at 18.51 percent on average at the end of 1997.</p>
<p>Banks expected the rate to ease to 18.25 percent in February 1998 with a range of predictions from 16.0 to 20.60 percent against 22.32 percent on average seen this month with a range from 21.60 to 22.8 percent.</p>
<p>-- Warsaw Newsroom +48 22 653 9700</p>
</text>
<copyright>(c) Reuters Limited 1997</copyright>
<metadata>
<codes class="bip:countries:1.0">
  <code code="POL">
    <editdetail attribution="Reuters BIP Coding Group" action="confirmed" date="1997-02-10"/>
  </code>
</codes>
<codes class="bip:topics:1.0">
  <code code="M13">
    <editdetail attribution="Reuters BIP Coding Group" action="confirmed" date="1997-02-10"/>
  </code>
  <code code="M131">
    <editdetail attribution="Reuters BIP Coding Group" action="confirmed" date="1997-02-10"/>
  </code>
  <code code="MCAT">
    <editdetail attribution="Reuters BIP Coding Group" action="confirmed" date="1997-02-10"/>
  </code>
</codes>
<dc element="dc.date.created" value="1997-02-10"/>
<dc element="dc.publisher" value="Reuters Holdings Plc"/>
<dc element="dc.date.published" value="1997-02-10"/>
<dc element="dc.source" value="Reuters"/>
<dc element="dc.creator.location" value="WARSAW"/>
<dc element="dc.creator.location.country.name" value="POLAND"/>
<dc element="dc.source" value="Reuters"/>
</metadata>
</newsitem>
