<?xml version="1.0" encoding="iso-8859-1" ?>
<newsitem itemid="251674" id="root" date="1996-12-12" xml:lang="en">
<title>NAMIBIA: Namibia and Germany sign two loan agreements.</title>
<headline>Namibia and Germany sign two loan agreements.</headline>
<dateline>WINDHOEK 1996-12-12</dateline>
<text>
<p>Namibia and Germany on Thursday signed two financial co-operation agreements, providing loan funds worth N$93.8 million for two development projects.</p>
<p>The loan will allow for the modernisation of the Walvis Bay Harbour and the expansion of Windhoek's water reclamation plant.</p>
<p>The extension of Walvis Bay, Namibia's foremost commercial port, will be funded with N$35.4 million. The project aims to expand the container terminal and upgrade the tanker quay.</p>
<p>The remaining N$58.4 million will be spent on expanding Windhoek's existing waste water reclamation plant.</p>
<p>Director General of the National Planning Commission, Sarah Kuukongelwa who was signing the agreements on behalf of the Nambian government, stressed the importance of both projects.</p>
<p>She said that because of Namibia's critical water shortage, managing the country's scarce water resources was a priority.</p>
<p>She added that when modernised, Walvis Bay should attract more trade and stimulate exports.</p>
<p>Describing the funds as &quot;a favourable loan,&quot; Kuukongelwa said it was granted at an interest rate of two percent per annum with a maturity of 30 years including a grace period of 10 years.</p>
<p>The funds will go to the Namibian government, which will then loan the money at a market-oriented interest rate to the municipality of Windhoek amd the Namibian port authority.</p>
<p>German ambassador to Namibia Hanns Schumacher said both projects were commercially viable.</p>
<p>He pointed out that the Windhoek municipality had already drastically restructured its water tariffs to be able to pay for the loan, while the port authority was already operating at a considerable profit.</p>
<p>Germany is the largest bilateral donor to Namibia and is already supporting several large infrastructural projects such as telecommunications, water supply and roads.</p>
</text>
<copyright>(c) Reuters Limited 1996</copyright>
<metadata>
<codes class="bip:countries:1.0">
  <code code="GFR">
    <editdetail attribution="Reuters BIP Coding Group" action="confirmed" date="1996-12-12"/>
  </code>
  <code code="NAMIB">
    <editdetail attribution="Reuters BIP Coding Group" action="confirmed" date="1996-12-12"/>
  </code>
</codes>
<codes class="bip:topics:1.0">
  <code code="E21">
    <editdetail attribution="Reuters BIP Coding Group" action="confirmed" date="1996-12-12"/>
  </code>
  <code code="E212">
    <editdetail attribution="Reuters BIP Coding Group" action="confirmed" date="1996-12-12"/>
  </code>
  <code code="E51">
    <editdetail attribution="Reuters BIP Coding Group" action="confirmed" date="1996-12-12"/>
  </code>
  <code code="ECAT">
    <editdetail attribution="Reuters BIP Coding Group" action="confirmed" date="1996-12-12"/>
  </code>
  <code code="GCAT">
    <editdetail attribution="Reuters BIP Coding Group" action="confirmed" date="1996-12-12"/>
  </code>
  <code code="GDIP">
    <editdetail attribution="Reuters BIP Coding Group" action="confirmed" date="1996-12-12"/>
  </code>
</codes>
<dc element="dc.date.created" value="1996-12-12"/>
<dc element="dc.publisher" value="Reuters Holdings Plc"/>
<dc element="dc.date.published" value="1996-12-12"/>
<dc element="dc.source" value="Reuters"/>
<dc element="dc.creator.location" value="WINDHOEK"/>
<dc element="dc.creator.location.country.name" value="NAMIBIA"/>
<dc element="dc.source" value="Reuters"/>
</metadata>
</newsitem>
