<?xml version="1.0" encoding="iso-8859-1" ?>
<newsitem itemid="643307" id="root" date="1997-06-06" xml:lang="en">
<title>USA: Major feedlot daily weighted averages - USDA.</title>
<headline>Major feedlot daily weighted averages - USDA.</headline>
<dateline>OMAHA 1997-06-06</dateline>
<text>
<p>Five area daily weighted averages for Thursday, June 5, 1997</p>
<p>Texas-Okla; Kansas; Colorado; Nebraska; Iowa-So. Minn Feedlots</p>
<p>Confirmed:  17,029     Week Ago:  33,111   Last Year: 241,641</p>
<p>Week to Date: 447,255  Week Ago: 193,801   Last Year: 380,126</p>
<p>Live Basis Sales     Weight/lbs  Price/dollars   Weighted Avgs</p>
<p>Slaughter Steers (Beef Breeds)</p>
<p>1,022 SE/CH 65-80%  1212 -1246     64.00 - 64.48 1228    64.22</p>
<p>  561 SE/CH 35-65%  1150 -1210     62.50 - 63.07 1170    62.92</p>
<p>			  Weight/lbs	 Price/dollars   Weighted Avgs</p>
<p>Live Basis Sales    - Slaughter Heifers (Beef Breeds)</p>
<p>  733 SE/CH 65-80%  1116 -1134     63.66 - 64.77 1128    64.42</p>
<p>  950 SE/CH 35-65%  1048 -1112     63.00 - 63.39 1070    63.09</p>
<p>Dressed Basis Sales - Slaughter Steers (Beef Breeds)</p>
<p>1,033 SE/CH 65-80%  1192 -1225    103.34 -103.62 1217   103.41</p>
<p>  671 SE/CH 35-65%	  1221		102.84 1221   102.84</p>
<p>Dressed Basis Sales  - Slaughter Heifers (Beef Breeds)</p>
<p>			   Weight/lbs    Price/dollars     Weighted Avgs</p>
<p>1,047 SE/CH 65-80%  1124 -1131    103.29 -103.73 1129   103.39</p>
<p>  684 SE/CH 35-65%	  1110		102.94 1110   102.94</p>
<p>Thursday's Daily Weighted Averages (Beef Breeds)</p>
<p>Live Steer     : 1207  lbs   -    $63.76 -  1,583 Hd.</p>
<p>Live Heifer    : 1095  lbs   -    $63.67 -  1,683 Hd.</p>
<p>Dressed Steer  : 1218  lbs   -   $103.19 -  1,704 Hd.</p>
<p>Dressed Heifer : 1121  lbs   -   $103.21 -  1,731 Hd.</p>
<p>Total Other:     10,328 Hd.	Total Weighted -  6,701 Hd.</p>
<p>Week Ago Weighted Averages:</p>
<p>Live Steer     : 1210  lbs   -    $65.61</p>
<p>Live Heifer    : 1081  lbs   -    $65.26</p>
<p>Dressed Steer  : 1214  lbs   -   $105.35</p>
<p>Dressed Heifer : 1112  lbs   -   $105.17</p>
<p>Year Ago Weighted Averages:</p>
<p>Live Steer     : 1204  lbs   -    $61.73</p>
<p>Live Heifer    : 1092  lbs   -    $61.68</p>
<p>Dressed Steer  : 1228  lbs   -    $96.90</p>
<p>Dressed Heifer : 1111  lbs   -    $96.67</p>
<p>((Chicago newsdesk 312-408-8720))</p>
</text>
<copyright>(c) Reuters Limited 1997</copyright>
<metadata>
<codes class="bip:countries:1.0">
  <code code="USA">
    <editdetail attribution="Reuters BIP Coding Group" action="confirmed" date="1997-06-06"/>
  </code>
</codes>
<codes class="bip:topics:1.0">
  <code code="M14">
    <editdetail attribution="Reuters BIP Coding Group" action="confirmed" date="1997-06-06"/>
  </code>
  <code code="M141">
    <editdetail attribution="Reuters BIP Coding Group" action="confirmed" date="1997-06-06"/>
  </code>
  <code code="MCAT">
    <editdetail attribution="Reuters BIP Coding Group" action="confirmed" date="1997-06-06"/>
  </code>
</codes>
<dc element="dc.date.created" value="1997-06-06"/>
<dc element="dc.publisher" value="Reuters Holdings Plc"/>
<dc element="dc.date.published" value="1997-06-06"/>
<dc element="dc.source" value="Reuters"/>
<dc element="dc.creator.location" value="OMAHA"/>
<dc element="dc.creator.location.country.name" value="USA"/>
<dc element="dc.source" value="Reuters"/>
</metadata>
</newsitem>
