<?xml version="1.0" encoding="iso-8859-1" ?>
<newsitem itemid="44635" id="root" date="1996-09-10" xml:lang="en">
<title>CANADA: Canada August housing starts little changed.</title>
<headline>Canada August housing starts little changed.</headline>
<dateline>OTTAWA 1996-09-10</dateline>
<text>
<p>Canadian housing starts were little changed in August at a seasonally adjusted annual rate (SAAR) of 128,500 units, from a revised 128,400 units in July, the Canada Mortgage and Housing Corp (CMHC) said on Tuesday.</p>
<p>A Reuter survey of economists had forecast housing starts of 134,700 units.</p>
<p>Actual housing starts fell to 9,537 in August from a revised 13,429 the month before. The SAAR is a monthly figure adjusted to remove normal seasonal variation and multiplied by 12.  </p>
<p>CMHC provided the following SAAR data for urban centers:</p>
<p>			     August    July	Pct change</p>
<p>Single-detached	  59,500    61,500     -3.3</p>
<p>Multiple units	   45,300    43,200     +4.9x</p>
<p>The housing corporation said recent declines in mortgage rates usually boost the existing home market first.</p>
<p>&quot;The rate reductions will have more of an effect on housing starts over the next few months, especially if mortgage rates remain low,&quot; said Michel Laurence, senior economist with the CMHC market analysis center.  </p>
<p>    Starts (SAAR)	  August    July</p>
<p>NEWFOUNDLAND		  900     1,100</p>
<p>PEI			     200	 300</p>
<p>NOVA SCOTIA		 2,700     2,100</p>
<p>NEW BRUNSWICK	     1,700     1,500</p>
<p>QUEBEC		     16,200    13,900</p>
<p>ONTARIO		    39,400    39,700</p>
<p>MANITOBA			900     1,700</p>
<p>SASKATCHEWAN		 2,800    1,600</p>
<p>ALBERTA		     14,200   11,800</p>
<p>BRITISH COLUMBIA	  25,800   31,000</p>
<p>OTHER AREA ESTIMATES    23,700   23,700</p>
<p>-- Ottawa Bureau 613 235-6745</p>
</text>
<copyright>(c) Reuters Limited 1996</copyright>
<metadata>
<codes class="bip:countries:1.0">
  <code code="CANA">
    <editdetail attribution="Reuters BIP Coding Group" action="confirmed" date="1996-09-10"/>
  </code>
</codes>
<codes class="bip:topics:1.0">
  <code code="E61">
    <editdetail attribution="Reuters BIP Coding Group" action="confirmed" date="1996-09-10"/>
  </code>
  <code code="ECAT">
    <editdetail attribution="Reuters BIP Coding Group" action="confirmed" date="1996-09-10"/>
  </code>
</codes>
<dc element="dc.date.created" value="1996-09-10"/>
<dc element="dc.publisher" value="Reuters Holdings Plc"/>
<dc element="dc.date.published" value="1996-09-10"/>
<dc element="dc.source" value="Reuters"/>
<dc element="dc.creator.location" value="OTTAWA"/>
<dc element="dc.creator.location.country.name" value="CANADA"/>
<dc element="dc.source" value="Reuters"/>
</metadata>
</newsitem>
