<?xml version="1.0" encoding="iso-8859-1" ?>
<newsitem itemid="296522" id="root" date="1997-01-09" xml:lang="en">
<title>USA: Plantronics Q3 shr rises to $0.89 vs $0.74.</title>
<headline>Plantronics Q3 shr rises to $0.89 vs $0.74.</headline>
<dateline>SANTA CRUZ, Calif. 1997-01-09</dateline>
<text>
<p>SUMMARY CONSOLIDATED FINANCIAL STATEMENTS</p>
<p>			 (in thousands, except per share data)</p>
<p>				    Quarter Ended   Nine Months Ended</p>
<p>				  12/31/96 12/31/95 12/31/96 12/31/95</p>
<p> Net sales		     $ 50,309$ 46,565 $143,014 $135,849</p>
<p> Cost of sales		   23,548  21,978   66,420   64,896</p>
<p> Gross profit		    26,761  24,587   76,594   70,953</p>
<p> Gross profit %		   53.2%   52.8%    53.6%    52.2%</p>
<p>Research, development</p>
<p>   and engineering		3,637   3,274   10,370   10,467</p>
<p>Selling, general and</p>
<p>   administrative		10,020   9,026   29,373   25,655</p>
<p> Total operating expenses    13,657  12,300   39,743   36,122</p>
<p> Operating income		13,104  12,287   36,851   34,831</p>
<p> Interest expense		 1,763   1,784    5,314    5,377</p>
<p>Interest income and other</p>
<p>   income, net		    (542)   (491)  (1,218)  (1,082)</p>
<p> Income before income taxes  11,883  10,994   32,755   30,536</p>
<p> Income tax expense	     4,040   4,287   11,137   11,909</p>
<p> Net income			 7,843   6,707   21,618   18,627</p>
<p> % to Sales			 15.6%   14.4%    15.1%    13.7%</p>
<p> Net income per share	    0.89    0.74     2.43     2.08</p>
<p>Shares used in per</p>
<p>   share calculations	   8,820   9,037    8,905    8,963</p>
</text>
<copyright>(c) Reuters Limited 1997</copyright>
<metadata>
<codes class="bip:countries:1.0">
  <code code="USA">
    <editdetail attribution="Reuters BIP Coding Group" action="confirmed" date="1997-01-09"/>
  </code>
</codes>
<codes class="bip:industries:1.0">
  <code code="I34400">
    <editdetail attribution="Reuters BIP Coding Group" action="confirmed" date="1997-01-09"/>
  </code>
</codes>
<codes class="bip:topics:1.0">
  <code code="C15">
    <editdetail attribution="Reuters BIP Coding Group" action="confirmed" date="1997-01-09"/>
  </code>
  <code code="C151">
    <editdetail attribution="Reuters BIP Coding Group" action="confirmed" date="1997-01-09"/>
  </code>
  <code code="CCAT">
    <editdetail attribution="Reuters BIP Coding Group" action="confirmed" date="1997-01-09"/>
  </code>
</codes>
<dc element="dc.date.created" value="1997-01-09"/>
<dc element="dc.publisher" value="Reuters Holdings Plc"/>
<dc element="dc.date.published" value="1997-01-09"/>
<dc element="dc.source" value="Reuters"/>
<dc element="dc.creator.location" value="SANTA CRUZ, Calif."/>
<dc element="dc.creator.location.country.name" value="USA"/>
<dc element="dc.source" value="Reuters"/>
</metadata>
</newsitem>
