<?xml version="1.0" encoding="iso-8859-1" ?>
<newsitem itemid="356944" id="root" date="1997-02-05" xml:lang="en">
<title>ECUADOR: Ecuador opposition rejects OAS intervention.</title>
<headline>Ecuador opposition rejects OAS intervention.</headline>
<dateline>QUITO 1997-02-05</dateline>
<text>
<p>Ecuadoran opposition congressmen and unions on Wednesday spoke out against President Abdala Bucaram's call for intervention by the Organisation of American States (OAS) in the crisis facing the government.</p>
<p>&quot;The intervention of the OAS is necessary in problems concerning sovereignty, but not in internal ones such as these,&quot; Heinz Moeller, an opposition Social Christian Party member of Congress, told reporters.</p>
<p>&quot;The OAS should not intervene in this case,&quot; said Cesar Verduga, an opposition Social Democrat Congress member.</p>
<p>OAS Secretary General Cesar Gaviria flew to Ecuador on Wednesday to help solve the crisis leading to a 48-hour general strike that started Wednesday. It was called by trade unions protesting against government austerity measures and demanding Bucaram's resignation.</p>
<p>Union leaders threatened to prevent Gaviria from landing in the country.</p>
<p>&quot;We are going to take the installations at the airport to prevent Cesar Gaviria from getting out of the airplane,&quot; Stalin Vargas, president of the country's teachers union, told reporters.</p>
</text>
<copyright>(c) Reuters Limited 1997</copyright>
<metadata>
<codes class="bip:countries:1.0">
  <code code="ECU">
    <editdetail attribution="Reuters BIP Coding Group" action="confirmed" date="1997-02-05"/>
  </code>
  <code code="OAMS">
    <editdetail attribution="Reuters BIP Coding Group" action="confirmed" date="1997-02-05"/>
  </code>
  <code code="USA">
    <editdetail attribution="Reuters BIP Coding Group" action="confirmed" date="1997-02-05"/>
  </code>
</codes>
<codes class="bip:topics:1.0">
  <code code="GCAT">
    <editdetail attribution="Reuters BIP Coding Group" action="confirmed" date="1997-02-05"/>
  </code>
  <code code="GDIP">
    <editdetail attribution="Reuters BIP Coding Group" action="confirmed" date="1997-02-05"/>
  </code>
</codes>
<dc element="dc.date.created" value="1997-02-05"/>
<dc element="dc.publisher" value="Reuters Holdings Plc"/>
<dc element="dc.date.published" value="1997-02-05"/>
<dc element="dc.source" value="Reuters"/>
<dc element="dc.creator.location" value="QUITO"/>
<dc element="dc.creator.location.country.name" value="ECUADOR"/>
<dc element="dc.source" value="Reuters"/>
</metadata>
</newsitem>
