<?xml version="1.0" encoding="iso-8859-1" ?>
<newsitem itemid="766755" id="root" date="1997-07-30" xml:lang="en">
<title>USA: FMR group has 7.42 pct Toolex Alpha stake.</title>
<headline>FMR group has 7.42 pct Toolex Alpha stake.</headline>
<dateline>WASHINGTON 1997-07-30</dateline>
<text>
<p>A group led by FMR Corp Wednesday said it has acquired a 7.42 percent stake or 1.5 million common shares of Dutch optical discs equipment maker Toolex Alpha NV.</p>
<p>In a filing with the Securities and Exchange Commission, the FMR group said it bought the stake for approximately $15.5 million and that it acquired it for investment purposes.</p>
</text>
<copyright>(c) Reuters Limited 1997</copyright>
<metadata>
<codes class="bip:countries:1.0">
  <code code="USA">
    <editdetail attribution="Reuters BIP Coding Group" action="confirmed" date="1997-07-30"/>
  </code>
</codes>
<codes class="bip:industries:1.0">
  <code code="I34520">
    <editdetail attribution="Reuters BIP Coding Group" action="confirmed" date="1997-07-30"/>
  </code>
  <code code="I81502">
    <editdetail attribution="Reuters BIP Coding Group" action="confirmed" date="1997-07-30"/>
  </code>
</codes>
<codes class="bip:topics:1.0">
  <code code="C18">
    <editdetail attribution="Reuters BIP Coding Group" action="confirmed" date="1997-07-30"/>
  </code>
  <code code="C181">
    <editdetail attribution="Reuters BIP Coding Group" action="confirmed" date="1997-07-30"/>
  </code>
  <code code="CCAT">
    <editdetail attribution="Reuters BIP Coding Group" action="confirmed" date="1997-07-30"/>
  </code>
</codes>
<dc element="dc.date.created" value="1997-07-30"/>
<dc element="dc.publisher" value="Reuters Holdings Plc"/>
<dc element="dc.date.published" value="1997-07-30"/>
<dc element="dc.source" value="Reuters"/>
<dc element="dc.creator.location" value="WASHINGTON"/>
<dc element="dc.creator.location.country.name" value="USA"/>
<dc element="dc.source" value="Reuters"/>
</metadata>
</newsitem>
