<?xml version="1.0" encoding="iso-8859-1" ?>
<newsitem itemid="495361" id="root" date="1997-04-08" xml:lang="en">
<title>SOUTH KOREA: S.Korean groups plan $20 mln food aid for N.Korea.</title>
<headline>S.Korean groups plan $20 mln food aid for N.Korea.</headline>
<dateline>SEOUL 1997-04-08</dateline>
<text>
<p>Religious and other civic groups in South Korea plan to raise about $20 million to ship 110,000 tonnes of corn to hunger-stricken North Korea, a spokesman said on Tuesday.</p>
<p>&quot;We have already raised 1.37 billion won ($1.53 million) and set a target of raising 17 billion won ($18.99 million) over the next two months,&quot; said Kim Sung-yeoun, planning manager at the Korea Sharing Movement.  </p>
<p>Kim said South Korea's six major religious groups and 22 civic organisations plan to ship 5,000 tonnes of corn to North Korea next week and another 5,000 tonnes the following week. The shipments will be made through the South Korean Red Cross.</p>
<p>&quot;Our target is a daunting one but we are confident we will meet it. We raised 1.37 billion won between March 28 and April 7 and our campaign is picking up pace,&quot; he said.</p>
<p>Last week, the South Korean Red Cross sent more than $1 million worth of food and vegetable seed to impoverished North Korea.</p>
<p>International aid groups have said famine is only weeks away in North Korea, which has been hit hard by two years of devastating floods.</p>
</text>
<copyright>(c) Reuters Limited 1997</copyright>
<metadata>
<codes class="bip:countries:1.0">
  <code code="NKOREA">
    <editdetail attribution="Reuters BIP Coding Group" action="confirmed" date="1997-04-08"/>
  </code>
  <code code="SKOREA">
    <editdetail attribution="Reuters BIP Coding Group" action="confirmed" date="1997-04-08"/>
  </code>
</codes>
<codes class="bip:topics:1.0">
  <code code="E51">
    <editdetail attribution="Reuters BIP Coding Group" action="confirmed" date="1997-04-08"/>
  </code>
  <code code="ECAT">
    <editdetail attribution="Reuters BIP Coding Group" action="confirmed" date="1997-04-08"/>
  </code>
  <code code="GCAT">
    <editdetail attribution="Reuters BIP Coding Group" action="confirmed" date="1997-04-08"/>
  </code>
  <code code="GDIP">
    <editdetail attribution="Reuters BIP Coding Group" action="confirmed" date="1997-04-08"/>
  </code>
</codes>
<dc element="dc.date.created" value="1997-04-08"/>
<dc element="dc.publisher" value="Reuters Holdings Plc"/>
<dc element="dc.date.published" value="1997-04-08"/>
<dc element="dc.source" value="Reuters"/>
<dc element="dc.creator.location" value="SEOUL"/>
<dc element="dc.creator.location.country.name" value="SOUTH KOREA"/>
<dc element="dc.source" value="Reuters"/>
</metadata>
</newsitem>
