<?xml version="1.0" encoding="iso-8859-1" ?>
<newsitem itemid="121347" id="root" date="1996-10-16" xml:lang="en">
<title>UK: Barclays Bank sets 2.0 billion FRF nine-year bond.</title>
<headline>Barclays Bank sets 2.0 billion FRF nine-year bond.</headline>
<dateline>LONDON 1996-10-16</dateline>
<text>
<p>The following bond was announced by lead manager Cie Financiere BZW.</p>
<p> BORROWER   BARCLAYS BANK PLC</p>
<p> AMT    2.0 BLN FRF   COUPON     6.00	MATURITY    15.NOV.05</p>
<p> TYPE	 STRAIGHT  ISS PRICE  101.378   PAY DATE    15.NOV.96</p>
<p> FULL FEES  2.00	REOFFER    99.728    SPREAD	+20 BP</p>
<p> MOODY	AA2	 LISTING    PARIS     PAY FREQ    ANNUAL</p>
<p> S&amp;P	  AA	  DENOMS (K) 10-100    SALE LIMITS US/UK/FR</p>
<p> NEG PLG    NO	  CRS DEFLT  NO	  FORCE MAJ   IPMA 2</p>
<p> GOV LAW    ENGLISH   HOME CTRY  BRITAIN   TAX PROVS   STANDARD</p>
<p> MGT/UND    0.35	SELL CONC  1.65	PRAECIPUUM  NONE</p>
<p>UNDERLYING GOVT BOND 7.75 PCT OAT DUE OCT.05 -- London Newsroom +44 171 542 7658</p>
</text>
<copyright>(c) Reuters Limited 1996</copyright>
<metadata>
<codes class="bip:countries:1.0">
  <code code="UK">
    <editdetail attribution="Reuters BIP Coding Group" action="confirmed" date="1996-10-16"/>
  </code>
</codes>
<codes class="bip:industries:1.0">
  <code code="I81402">
    <editdetail attribution="Reuters BIP Coding Group" action="confirmed" date="1996-10-16"/>
  </code>
</codes>
<codes class="bip:topics:1.0">
  <code code="C17">
    <editdetail attribution="Reuters BIP Coding Group" action="confirmed" date="1996-10-16"/>
  </code>
  <code code="C172">
    <editdetail attribution="Reuters BIP Coding Group" action="confirmed" date="1996-10-16"/>
  </code>
  <code code="CCAT">
    <editdetail attribution="Reuters BIP Coding Group" action="confirmed" date="1996-10-16"/>
  </code>
</codes>
<dc element="dc.date.created" value="1996-10-16"/>
<dc element="dc.publisher" value="Reuters Holdings Plc"/>
<dc element="dc.date.published" value="1996-10-16"/>
<dc element="dc.source" value="Reuters"/>
<dc element="dc.creator.location" value="LONDON"/>
<dc element="dc.creator.location.country.name" value="UK"/>
<dc element="dc.source" value="Reuters"/>
</metadata>
</newsitem>
