<?xml version="1.0" encoding="iso-8859-1" ?>
<newsitem itemid="402514" id="root" date="1997-02-25" xml:lang="en">
<title>JAPAN: Japan, US to hold financial services talks March 5.</title>
<headline>Japan, US to hold financial services talks March 5.</headline>
<dateline>TOKYO 1997-02-25</dateline>
<text>
<p>Japanese and U.S. senior officials will hold a follow-up meeting of bilateral financial services talks on March 5 in Tokyo, Japan's Finance Ministry (MOF) said on Tuesday.</p>
<p>The meeting will be between the U.S. Treasury's Senior Deputy Assistant Secretary Timothy Geithner and Hideichiro Hamanaka, senior deputy director-general of MOF's International Finance Bureau.</p>
<p>A senior MOF official told reporters there were no pending issues between the two nations but added that Japan's &quot;Big Bang&quot; financial reforms would be one of the issues discussed.</p>
</text>
<copyright>(c) Reuters Limited 1997</copyright>
<metadata>
<codes class="bip:countries:1.0">
  <code code="JAP">
    <editdetail attribution="Reuters BIP Coding Group" action="confirmed" date="1997-02-25"/>
  </code>
  <code code="USA">
    <editdetail attribution="Reuters BIP Coding Group" action="confirmed" date="1997-02-25"/>
  </code>
</codes>
<codes class="bip:industries:1.0">
  <code code="I83100">
    <editdetail attribution="Reuters BIP Coding Group" action="confirmed" date="1997-02-25"/>
  </code>
</codes>
<codes class="bip:topics:1.0">
  <code code="C13">
    <editdetail attribution="Reuters BIP Coding Group" action="confirmed" date="1997-02-25"/>
  </code>
  <code code="CCAT">
    <editdetail attribution="Reuters BIP Coding Group" action="confirmed" date="1997-02-25"/>
  </code>
</codes>
<dc element="dc.date.created" value="1997-02-25"/>
<dc element="dc.publisher" value="Reuters Holdings Plc"/>
<dc element="dc.date.published" value="1997-02-25"/>
<dc element="dc.source" value="Reuters"/>
<dc element="dc.creator.location" value="TOKYO"/>
<dc element="dc.creator.location.country.name" value="JAPAN"/>
<dc element="dc.source" value="Reuters"/>
</metadata>
</newsitem>
