<?xml version="1.0" encoding="iso-8859-1" ?>
<newsitem itemid="397139" id="root" date="1997-02-24" xml:lang="en">
<title>USA: CalComp president/CEO to retire.</title>
<headline>CalComp president/CEO to retire.</headline>
<dateline>ANAHEIM, Calif. 1997-02-24</dateline>
<text>
<p>CalComp Technology Inc said Monday that President and Chief Executive Officer Gary Long, 64, will retire at the end of the month.</p>
<p>Long will be succeeded by Chief Financial Officer John Millerick on an interim basis, it said.</p>
<p>Long has been president of CalComp since January 1994.</p>
</text>
<copyright>(c) Reuters Limited 1997</copyright>
<metadata>
<codes class="bip:countries:1.0">
  <code code="USA">
    <editdetail attribution="Reuters BIP Coding Group" action="confirmed" date="1997-02-24"/>
  </code>
</codes>
<codes class="bip:industries:1.0">
  <code code="I33020">
    <editdetail attribution="Reuters BIP Coding Group" action="confirmed" date="1997-02-24"/>
  </code>
</codes>
<codes class="bip:topics:1.0">
  <code code="C41">
    <editdetail attribution="Reuters BIP Coding Group" action="confirmed" date="1997-02-24"/>
  </code>
  <code code="C411">
    <editdetail attribution="Reuters BIP Coding Group" action="confirmed" date="1997-02-24"/>
  </code>
  <code code="CCAT">
    <editdetail attribution="Reuters BIP Coding Group" action="confirmed" date="1997-02-24"/>
  </code>
</codes>
<dc element="dc.date.created" value="1997-02-24"/>
<dc element="dc.publisher" value="Reuters Holdings Plc"/>
<dc element="dc.date.published" value="1997-02-24"/>
<dc element="dc.source" value="Reuters"/>
<dc element="dc.creator.location" value="ANAHEIM, Calif."/>
<dc element="dc.creator.location.country.name" value="USA"/>
<dc element="dc.source" value="Reuters"/>
</metadata>
</newsitem>
