<?xml version="1.0" encoding="iso-8859-1" ?>
<newsitem itemid="326302" id="root" date="1997-01-22" xml:lang="en">
<title>BELGIUM: EU threat to World Cup soccer in Paris stadium row.</title>
<headline>EU threat to World Cup soccer in Paris stadium row.</headline>
<dateline>BRUSSELS 1997-01-22</dateline>
<text>
<p>The European Commission dealt a blow to France's efforts to host the 1998 soccer World Cup finals on Wednesday, stepping up legal moves against the way Paris awarded contracts to build and run its new stadium.</p>
<p>&quot;The European Commission has decided to send a reasoned opinion to France for its incorrect application of EU public works rules related to the construction of the 'Stade de France' at Saint Denis in the Paris suburbs,&quot; it said in a statement.</p>
<p>&quot;Reasoned opinions&quot; are the last stage before a disputed case goes to the European Court of Justice.</p>
<p>&quot;Concerns raised by the Commission relate to the award of the contract and concessions and the non-respect of the principle of equal treatment, because the offer was changed during the course of proceedings,&quot; it added.</p>
<p>&quot;In the absence of a satisfactory response within two months of receiving this reasoned opinion, the Commission could take action before the Court of Justice,&quot; the statement said.</p>
<p>The challenge could delay work on the 80,000-seater &quot;Grand Stade de France&quot; stadium being built in northern Paris as the centrepiece of French plans for the finals.</p>
<p>Commission inquiries stem from October 1995, after competing contractors cried foul over the allocation of contracts, accusing successful bidders Bouyges, Dumez and SGE of having changed their bid after its submission.</p>
<p>Other issues include concern about the granting of stadium operating concessions without a tendering procedure.</p>
<p>The 2.67-billion-franc ($487 million) stadium is due for completion in November this year. ($=5.48 francs)</p>
</text>
<copyright>(c) Reuters Limited 1997</copyright>
<metadata>
<codes class="bip:countries:1.0">
  <code code="EEC">
    <editdetail attribution="Reuters BIP Coding Group" action="confirmed" date="1997-01-22"/>
  </code>
  <code code="FRA">
    <editdetail attribution="Reuters BIP Coding Group" action="confirmed" date="1997-01-22"/>
  </code>
</codes>
<codes class="bip:industries:1.0">
  <code code="I50000">
    <editdetail attribution="Reuters BIP Coding Group" action="confirmed" date="1997-01-22"/>
  </code>
  <code code="I50100">
    <editdetail attribution="Reuters BIP Coding Group" action="confirmed" date="1997-01-22"/>
  </code>
  <code code="I5010031">
    <editdetail attribution="Reuters BIP Coding Group" action="confirmed" date="1997-01-22"/>
  </code>
  <code code="I50200">
    <editdetail attribution="Reuters BIP Coding Group" action="confirmed" date="1997-01-22"/>
  </code>
  <code code="I83960">
    <editdetail attribution="Reuters BIP Coding Group" action="confirmed" date="1997-01-22"/>
  </code>
</codes>
<codes class="bip:topics:1.0">
  <code code="C15">
    <editdetail attribution="Reuters BIP Coding Group" action="confirmed" date="1997-01-22"/>
  </code>
  <code code="C152">
    <editdetail attribution="Reuters BIP Coding Group" action="confirmed" date="1997-01-22"/>
  </code>
  <code code="C33">
    <editdetail attribution="Reuters BIP Coding Group" action="confirmed" date="1997-01-22"/>
  </code>
  <code code="CCAT">
    <editdetail attribution="Reuters BIP Coding Group" action="confirmed" date="1997-01-22"/>
  </code>
</codes>
<dc element="dc.date.created" value="1997-01-22"/>
<dc element="dc.publisher" value="Reuters Holdings Plc"/>
<dc element="dc.date.published" value="1997-01-22"/>
<dc element="dc.source" value="Reuters"/>
<dc element="dc.creator.location" value="BRUSSELS"/>
<dc element="dc.creator.location.country.name" value="BELGIUM"/>
<dc element="dc.source" value="Reuters"/>
</metadata>
</newsitem>
