<?xml version="1.0" encoding="iso-8859-1" ?>
<newsitem itemid="366622" id="root" date="1997-02-10" xml:lang="en">
<title>RUSSIA: FedEx lowers its rates from Russia.</title>
<headline>FedEx lowers its rates from Russia.</headline>
<dateline>MOSCOW 1997-02-10</dateline>
<text>
<p>U.S. courier Federal Express has lowered its rates from Russia to all destinations worldwide, the company's Moscow office said on Monday.</p>
<p>The cost of sending a 500-gram (1.1-lb) letter from Moscow to North or South America was lowered to $38 from $65, the Memphis-based company said in a statement.</p>
<p>It will now also cost $38 to send a letter of the same weight to many destinations in Western Europe, down from $60, and to Eastern Europe, which previously cost $65.</p>
<p>&quot;Our new tariff offers substantial savings to international express shippers, who expect top quality service for the most competitive price,&quot; Petra Rittersberger, FedEx marketing manager for Central and Eastern Europe, said in a statement.</p>
<p>FedEx competes with a number of foreign companies, -- including DHL, TNT and United Parcel Service -- in Russia, where the local mail system has a poor reputation for reliability.</p>
<p>The FedEx rate reduction also applied to heavier packages.</p>
<p>FedEx senior vice-president David Bronczek said his company had invested about $16 million expanding its operations in Russia.</p>
<p>Last year FedEx began daily cargo service from Moscow's Vnukovo airport to Paris via Frankfurt operating a Boeing 727-200 jet.</p>
<p>--Viktor Anoshkin, Moscow Newsroom, +7095 941 8520</p>
</text>
<copyright>(c) Reuters Limited 1997</copyright>
<metadata>
<codes class="bip:countries:1.0">
  <code code="RUSS">
    <editdetail attribution="Reuters BIP Coding Group" action="confirmed" date="1997-02-10"/>
  </code>
</codes>
<codes class="bip:industries:1.0">
  <code code="I77002">
    <editdetail attribution="Reuters BIP Coding Group" action="confirmed" date="1997-02-10"/>
  </code>
</codes>
<codes class="bip:topics:1.0">
  <code code="C31">
    <editdetail attribution="Reuters BIP Coding Group" action="confirmed" date="1997-02-10"/>
  </code>
  <code code="CCAT">
    <editdetail attribution="Reuters BIP Coding Group" action="confirmed" date="1997-02-10"/>
  </code>
</codes>
<dc element="dc.date.created" value="1997-02-10"/>
<dc element="dc.publisher" value="Reuters Holdings Plc"/>
<dc element="dc.date.published" value="1997-02-10"/>
<dc element="dc.source" value="Reuters"/>
<dc element="dc.creator.location" value="MOSCOW"/>
<dc element="dc.creator.location.country.name" value="RUSSIA"/>
<dc element="dc.source" value="Reuters"/>
</metadata>
</newsitem>
