<?xml version="1.0" encoding="iso-8859-1" ?>
<newsitem itemid="700019" id="root" date="1997-07-01" xml:lang="en">
<title>USA: Ohio Governor signs $36 bln biennium budget.</title>
<headline>Ohio Governor signs $36 bln biennium budget.</headline>
<dateline>COLUMBUS, Ohio 1997-07-01</dateline>
<text>
<p>Ohio Gov. George Voinovich signed a $36.07 billion general fund budget Monday for fiscal 1997-99.</p>
<p>Ohio lawmakers had forwarded the budget for the fiscal biennium beginning Tuesday to Voinovich last week.</p>
<p>The budget includes a new indexing of personal income tax exemptions and a 4.5 percent income tax cut totalling $286 million for taxes payable in 1998.</p>
<p>Lawmakers included $250 million for school construction assistance in the budget added to previously approved authority to issue $300 million of school construction bonds as needed.</p>
<p>Ohio also has another $100 million of school construction bond authority remaining from the capital spending plan approved last year.</p>
<p>Cash-strapped Central State University near Dayton received $28 million in aid and $6 million of capital spending authority in the higher education budget.</p>
<p>Head Start childcare programs will receive $83.7 million in fiscal 1998 and $97.5 million in fiscal 1999. Childcare subsidies will total $229 million in fiscal 1998 and $252 in fiscal 1999.</p>
<p>Voinovich also exercised his line-item veto to strike 17 provisions.</p>
<p>((--David Bailey, Chicago Newsroom, 312-408-8647))</p>
</text>
<copyright>(c) Reuters Limited 1997</copyright>
<metadata>
<codes class="bip:countries:1.0">
  <code code="USA">
    <editdetail attribution="Reuters BIP Coding Group" action="confirmed" date="1997-07-01"/>
  </code>
</codes>
<codes class="bip:topics:1.0">
  <code code="E21">
    <editdetail attribution="Reuters BIP Coding Group" action="confirmed" date="1997-07-01"/>
  </code>
  <code code="E211">
    <editdetail attribution="Reuters BIP Coding Group" action="confirmed" date="1997-07-01"/>
  </code>
  <code code="ECAT">
    <editdetail attribution="Reuters BIP Coding Group" action="confirmed" date="1997-07-01"/>
  </code>
  <code code="GCAT">
    <editdetail attribution="Reuters BIP Coding Group" action="confirmed" date="1997-07-01"/>
  </code>
  <code code="GPOL">
    <editdetail attribution="Reuters BIP Coding Group" action="confirmed" date="1997-07-01"/>
  </code>
</codes>
<dc element="dc.date.created" value="1997-07-01"/>
<dc element="dc.publisher" value="Reuters Holdings Plc"/>
<dc element="dc.date.published" value="1997-07-01"/>
<dc element="dc.source" value="Reuters"/>
<dc element="dc.creator.location" value="COLUMBUS, Ohio"/>
<dc element="dc.creator.location.country.name" value="USA"/>
<dc element="dc.source" value="Reuters"/>
</metadata>
</newsitem>
