<?xml version="1.0" encoding="iso-8859-1" ?>
<newsitem itemid="567118" id="root" date="1997-05-07" xml:lang="en">
<title>USA: Ba Merchant Q1 shr $0.16.</title>
<headline>Ba Merchant Q1 shr $0.16.</headline>
<dateline>SAN FRANCISCO 1997-05-06</dateline>
<text>
<p>BA MERCHANT SERVICES, INC.</p>
<p>FINANCIAL HIGHLIGHTS</p>
<p>Table 1</p>
<p>Quarterly Summary of Results and Statistical Data</p>
<p>						   First		First</p>
<p>						     Qtr		  Qtr</p>
<p>  ($ in 000's except per share data)   1997		  1996</p>
<p> 1. Net revenue			     32,890	     28,242</p>
<p> 2. Operating income			10,456		9,746</p>
<p> 3. Net income				 7,220		5,721</p>
<p> 4. Operating margin(1)		    31.8%		34.5%</p>
<p> 5. Pro forma net income(2)		  N/A		6,872</p>
<p> 6. Earnings per share			0.16		  N/A</p>
<p>7. Pro forma earnings per share, as</p>
<p>     adjusted (2,3)			    N/A		 0.15</p>
<p>8. Number of credit card transactions</p>
<p>     processed				80,004	     63,040</p>
<p>9. Number of debit card transactions</p>
<p>     processed				24,287	     17,702</p>
<p> 10. Total transactions processed    104,291	     80,742</p>
<p>(thousands)</p>
<p>11. Credit card sales volume processed</p>
<p>						   6,020		4,924</p>
<p> 12. Debit card sales volume processed   725		  489</p>
<p> 13. Total sales volume processed	6,745		5,413</p>
<p>($ million) (1) Pre-tax income from operations as a percent of net revenue (2) Pro forma net income, as adjusted, assumes that the net proceeds for the Offerings in the fourth quarter of 1996 were available from January 1, 1994 and were invested in short-term investments.</p>
<p>						  Actual	  Pro forma</p>
<p>(3) (000's)				   1Q 1997	   1Q 1996</p>
<p> Average number of shares outstanding  46,538	    46,300</p>
<p>Fully diluted average number of shares</p>
<p>  outstanding				  46,538	    46,300</p>
<p>BA MERCHANT SERVICES, INC. Table 2 Statement of Operations</p>
<p>				     1st	  First</p>
<p>			   Quarter  Quarter   Increase / (Decrease)</p>
<p>  ($ in 000's)		   1997	1996   Amount  Percent</p>
<p> 1.  Net revenue		  32,890   28,242    4,648    16%</p>
<p>Operating expense:</p>
<p>2.  Data processing and</p>
<p>	communications	     7,565    6,678	887    13%</p>
<p>3.  Salaries and employee</p>
<p>	benefits		     7,402    5,960    1,442    24%</p>
<p>4.  General and</p>
<p>	administrative	     4,634    3,199    1,435    45%</p>
<p> 5.  Depreciation		  2,100    1,903	197    10%</p>
<p> 6.  Occupancy			 620	468	152    32%</p>
<p>7.  Amortization of</p>
<p>	intangibles		    113	288    (175)  (61%)</p>
<p> 8.  Total operating expense  22,434   18,496    3,938    21%</p>
<p> 9.  Operating income	   10,456    9,746	710     7%</p>
<p> 10. Net interest income	 1,850	  0    1,850     --</p>
<p>11. Provision for</p>
<p>	income taxes		 5,086    4,025    1,061    26%</p>
<p> 12. Net income		    7,220    5,721    1,499    26%</p>
<p>BA MERCHANT SERVICES, INC.</p>
<p>Table 3</p>
<p>Balance Sheet</p>
<p> ($ in 000's)				 3/31/97	12/31/96</p>
<p>ASSETS</p>
<p>Current assets:</p>
<p> 1.  Cash and cash equivalents	   211,334	 138,398</p>
<p> 2.  Drafts in transit			29,764	  87,803</p>
<p> 3.  Accounts receivable		    33,941	  35,282</p>
<p> 4.  Total current assets		  275,039	 261,483</p>
<p> 5.  Property and equipment, net	  18,902	  16,760</p>
<p> 6.	 Other assets			 9,912	   8,478</p>
<p> 7.	 Total Assets		     303,853	 286,721</p>
<p>LIABILITIES AND EQUITY</p>
<p>Current liabilities:</p>
<p> 8.   Accounts payable			 3,534	     415</p>
<p> 9.  Merchants payable			14,341	  14,092</p>
<p> 10. Accrued liabilities		     4,671	   5,603</p>
<p>11. Accrued credit card association</p>
<p>	and interchange fees		   7,471	   5,060</p>
<p> 12. Income taxes payable		    7,632	   3,188</p>
<p> 13. Total current liabilities	    37,649	  28,358</p>
<p> 14. Other liabilities			 6,853	   6,238</p>
<p> 15. Total liabilities			44,502	  34,596</p>
<p> 16. Common stock				  464	     464</p>
<p> 17. Additional paid-in capital	  249,628	 249,622</p>
<p> 18. Retained earnings			 9,259	   2,039</p>
<p> 19. Total stockholders' equity	  259,351	 252,125</p>
<p>20. Total liabilities &amp;</p>
<p>	stockholders' equity		 303,853	 286,721</p>
<p>BA MERCHANT SERVICES, INC.</p>
<p>Table 4</p>
<p>Net Income and Earnings per Share</p>
<p>						     First	   First</p>
<p>							  Qtr	     Qtr</p>
<p> ($ in 000's except per share data)	 1997	     1996</p>
<p> 1. Operating income			   10,456	   9,746</p>
<p> 2. Interest income			     1,944	     N/A</p>
<p> 3. Pro forma interest income(1)		N/A	   1,960</p>
<p> 4. Net income				    7,220	   5,721</p>
<p> 5. Pro forma net income, as adjusted(2)    N/A	   6,872</p>
<p> 6. Average shares outstanding	     46,538	     N/A</p>
<p> 7. Pro forma shares outstanding		N/A	  46,300</p>
<p> 8. Earnings per share			   0.16	     N/A</p>
<p>9. Pro forma earnings per share</p>
<p>     as adjusted(2)				 N/A	    0.15</p>
<p>(1) Pro forma is based on average short term overnight Eurodollar rates.</p>
<p>(2) Pro forma net income, as adjusted, assumes that proceeds from the Offerings in the fourth quarter of 1996 were available from January 1, 1994 and were invested in short-term investments.</p>
</text>
<copyright>(c) Reuters Limited 1997</copyright>
<metadata>
<codes class="bip:countries:1.0">
  <code code="USA">
    <editdetail attribution="Reuters BIP Coding Group" action="confirmed" date="1997-05-07"/>
  </code>
</codes>
<codes class="bip:topics:1.0">
  <code code="C15">
    <editdetail attribution="Reuters BIP Coding Group" action="confirmed" date="1997-05-07"/>
  </code>
  <code code="C151">
    <editdetail attribution="Reuters BIP Coding Group" action="confirmed" date="1997-05-07"/>
  </code>
  <code code="CCAT">
    <editdetail attribution="Reuters BIP Coding Group" action="confirmed" date="1997-05-07"/>
  </code>
</codes>
<dc element="dc.date.created" value="1997-05-06"/>
<dc element="dc.publisher" value="Reuters Holdings Plc"/>
<dc element="dc.date.published" value="1997-05-07"/>
<dc element="dc.source" value="Reuters"/>
<dc element="dc.creator.location" value="SAN FRANCISCO"/>
<dc element="dc.creator.location.country.name" value="USA"/>
<dc element="dc.source" value="Reuters"/>
</metadata>
</newsitem>
