<?xml version="1.0" encoding="iso-8859-1" ?>
<newsitem itemid="214123" id="root" date="1996-11-25" xml:lang="en">
<title>AUSTRALIA: RTRS-Australia govt maintains big poll lead.</title>
<headline>RTRS-Australia govt maintains big poll lead.</headline>
<dateline>CANBERRA 1996-11-26</dateline>
<text>
<p>Australia's Liberal-National government has maintained its strong lead over the Labor opposition in a major opinion poll published on Tuesday.</p>
<p>Support for Prime Minster John Howard's government was 49 percent, 13 points ahead of Labor's 36 percent backing, The Australian newspaper's Newspoll found.</p>
<p>Howard also continued to strongly lead opposition leader Kim Beazley as preferred prime minister -- 51 percent to 22 percent.  </p>
<p>But the government's lead and Howard's lead narrowed from the previous poll, two weeks ago, the survey said. Support for the government slipped from 51 percent, while Labor's backing increased two points from 34 percent in the last survey.</p>
<p>And while Beazley's rating as preferred prime minister remained unchanged, Howard's backing dropped three points from 54 per cent. The latest results compare with the government's primary vote of 47.3 percent and Labor's 38.8 percent in the March 2 national election that ended 13 years of Labor rule.</p>
<p>The Newspoll surveyed 1,151 voters around the country by telephone last weekend.</p>
</text>
<copyright>(c) Reuters Limited 1996</copyright>
<metadata>
<codes class="bip:countries:1.0">
  <code code="AUSTR">
    <editdetail attribution="Reuters BIP Coding Group" action="confirmed" date="1996-11-25"/>
  </code>
</codes>
<codes class="bip:topics:1.0">
  <code code="GCAT">
    <editdetail attribution="Reuters BIP Coding Group" action="confirmed" date="1996-11-25"/>
  </code>
  <code code="GPOL">
    <editdetail attribution="Reuters BIP Coding Group" action="confirmed" date="1996-11-25"/>
  </code>
</codes>
<dc element="dc.date.created" value="1996-11-26"/>
<dc element="dc.publisher" value="Reuters Holdings Plc"/>
<dc element="dc.date.published" value="1996-11-25"/>
<dc element="dc.source" value="Reuters"/>
<dc element="dc.creator.location" value="CANBERRA"/>
<dc element="dc.creator.location.country.name" value="AUSTRALIA"/>
<dc element="dc.source" value="Reuters"/>
</metadata>
</newsitem>
