<?xml version="1.0" encoding="iso-8859-1" ?>
<newsitem itemid="69089" id="root" date="1996-09-22" xml:lang="en">
<title>GERMANY: SOCCER-LEADING GOALSCORERS IN GERMAN FIRST DIVISION.</title>
<headline>SOCCER-LEADING GOALSCORERS IN GERMAN FIRST DIVISION.</headline>
<dateline>BONN 1996-09-22</dateline>
<text>
<p>Leading German first division</p>
<p>scorers on Sunday:</p>
<p>7 - Ulf Kirsten (Bayer Leverkusen)</p>
<p>6 - Jonathan Akpoborie (Hansa Rostock)</p>
<p>5 - Harry Decheiver (Freiburg), Sean Dundee (Karlsruhe), Martin</p>
<p>Max (Schalke)</p>
<p>4 - Andreas Herzog (Werder Bremen), Bruno Labbadia (Werder</p>
<p>Bremen), Bernhard Winkler (1860 Munich), Krasimir Balakov (VfB</p>
<p>Stuttgart), Fredi Bobic (VfB Stuttgart), Paulo Sergio (Bayer</p>
<p>Leverkusen)</p>
</text>
<copyright>(c) Reuters Limited 1996</copyright>
<metadata>
<codes class="bip:countries:1.0">
  <code code="GFR">
    <editdetail attribution="Reuters BIP Coding Group" action="confirmed" date="1996-09-22"/>
  </code>
</codes>
<codes class="bip:topics:1.0">
  <code code="GCAT">
    <editdetail attribution="Reuters BIP Coding Group" action="confirmed" date="1996-09-22"/>
  </code>
  <code code="GSPO">
    <editdetail attribution="Reuters BIP Coding Group" action="confirmed" date="1996-09-22"/>
  </code>
</codes>
<dc element="dc.date.created" value="1996-09-22"/>
<dc element="dc.publisher" value="Reuters Holdings Plc"/>
<dc element="dc.date.published" value="1996-09-22"/>
<dc element="dc.source" value="Reuters"/>
<dc element="dc.creator.location" value="BONN"/>
<dc element="dc.creator.location.country.name" value="GERMANY"/>
<dc element="dc.source" value="Reuters"/>
</metadata>
</newsitem>
