<?xml version="1.0" encoding="iso-8859-1" ?>
<newsitem itemid="698639" id="root" date="1997-07-01" xml:lang="en">
<title>RUSSIA: Russian court to mull proceedings vs Norilsk plant.</title>
<headline>Russian court to mull proceedings vs Norilsk plant.</headline>
<dateline>MOSCOW 1997-07-01</dateline>
<text>
<p>A Russian court may consider starting bankruptcy proceedings against the flagship plant of metals group Norilsk Nickel, a court official said on Tuesday.</p>
<p>&quot;On July 18, we will look at this case...but we would probably need time to investigate the problem,&quot; said the official at the Krasnoyarsk regional arbitration court, which has jurisdiction over the matter. She said the court was considering complaints from Norilsk's energy supplier, Norilskgazprom, which says Norilsk owes it billions of roubles for gas supplies and which has already cut deliveries.  </p>
<p>Russian courts have often said they may liquidate insolvent enterprises but there are almost no instances of this actually happening.</p>
<p>Norilsk, the lead plant of the RAO Norilsky Nikel group, one of the world's top producers of nickel, cobalt and platinum group metals, said last month a one-third reduction in gas supplies was hitting metals production.</p>
<p>Norilskgazprom says the financially-troubled flagship plant, based in the Arctic town of Norilsk, owes it 1.9 trillion roubles ($330 million). The plant also has major tax arrears totalling about as much as the gas debts, but it is improving the timeliness of tax payments. ($1 = 5,779 roubles)</p>
<p>--Mike Collett-White, Moscow Newsroom, +7095 941 8520</p>
</text>
<copyright>(c) Reuters Limited 1997</copyright>
<metadata>
<codes class="bip:countries:1.0">
  <code code="RUSS">
    <editdetail attribution="Reuters BIP Coding Group" action="confirmed" date="1997-07-01"/>
  </code>
</codes>
<codes class="bip:industries:1.0">
  <code code="I22471">
    <editdetail attribution="Reuters BIP Coding Group" action="confirmed" date="1997-07-01"/>
  </code>
</codes>
<codes class="bip:topics:1.0">
  <code code="C12">
    <editdetail attribution="Reuters BIP Coding Group" action="confirmed" date="1997-07-01"/>
  </code>
  <code code="C16">
    <editdetail attribution="Reuters BIP Coding Group" action="confirmed" date="1997-07-01"/>
  </code>
  <code code="CCAT">
    <editdetail attribution="Reuters BIP Coding Group" action="confirmed" date="1997-07-01"/>
  </code>
  <code code="GCAT">
    <editdetail attribution="Reuters BIP Coding Group" action="confirmed" date="1997-07-01"/>
  </code>
  <code code="GCRIM">
    <editdetail attribution="Reuters BIP Coding Group" action="confirmed" date="1997-07-01"/>
  </code>
</codes>
<dc element="dc.date.created" value="1997-07-01"/>
<dc element="dc.publisher" value="Reuters Holdings Plc"/>
<dc element="dc.date.published" value="1997-07-01"/>
<dc element="dc.source" value="Reuters"/>
<dc element="dc.creator.location" value="MOSCOW"/>
<dc element="dc.creator.location.country.name" value="RUSSIA"/>
<dc element="dc.source" value="Reuters"/>
</metadata>
</newsitem>
