<?xml version="1.0" encoding="iso-8859-1" ?>
<newsitem itemid="638034" id="root" date="1997-06-04" xml:lang="en">
<title>USA: Texas Utils Comanche nuke hits full output.</title>
<headline>Texas Utils Comanche nuke hits full output.</headline>
<dateline>NEW YORK 1997-06-04</dateline>
<text>
<p>Texas Utilities Co's 1,150 megawatt (MW) Comanche Peak 2 nuclear power plant was back at full power after its output was trimmed earlier this week, the Nuclear Regulatory Commission (NRC) said Wednesday.</p>
<p>The unit's power production was cut to about half its capacity last week while repairs were carried out on a main feedwater pump.</p>
<p>The neighboring unit, Comanche Peak 1, continued to operate at 100 percent of its 1,150 MW rated capacity, the NRC said.</p>
<p>The Comanche Peak generating facility is in Glen Rose, Texas.</p>
<p>((--New York Power Desk +212 859 1621))</p>
</text>
<copyright>(c) Reuters Limited 1997</copyright>
<metadata>
<codes class="bip:countries:1.0">
  <code code="USA">
    <editdetail attribution="Reuters BIP Coding Group" action="confirmed" date="1997-06-04"/>
  </code>
</codes>
<codes class="bip:industries:1.0">
  <code code="I16100">
    <editdetail attribution="Reuters BIP Coding Group" action="confirmed" date="1997-06-04"/>
  </code>
</codes>
<codes class="bip:topics:1.0">
  <code code="C21">
    <editdetail attribution="Reuters BIP Coding Group" action="confirmed" date="1997-06-04"/>
  </code>
  <code code="C24">
    <editdetail attribution="Reuters BIP Coding Group" action="confirmed" date="1997-06-04"/>
  </code>
  <code code="CCAT">
    <editdetail attribution="Reuters BIP Coding Group" action="confirmed" date="1997-06-04"/>
  </code>
</codes>
<dc element="dc.date.created" value="1997-06-04"/>
<dc element="dc.publisher" value="Reuters Holdings Plc"/>
<dc element="dc.date.published" value="1997-06-04"/>
<dc element="dc.source" value="Reuters"/>
<dc element="dc.creator.location" value="NEW YORK"/>
<dc element="dc.creator.location.country.name" value="USA"/>
<dc element="dc.source" value="Reuters"/>
</metadata>
</newsitem>
