<?xml version="1.0" encoding="iso-8859-1" ?>
<newsitem itemid="806333" id="root" date="1997-08-18" xml:lang="en">
<title>INDIA: India HG Asia's quotes on govt securities - Aug 18.</title>
<headline>India HG Asia's quotes on govt securities - Aug 18.</headline>
<dateline>BOMBAY 1997-08-18</dateline>
<text>
<p>Following are some indicative quotes made by Bombay-based Hoare Govett India Securities Ltd. for dated Indian government securities and treasury bills on Monday.</p>
<p>.</p>
<p>Government securities (bid/offer in rupees)</p>
<p>------------------------------------------</p>
<p>.</p>
<p> 12.14% GOI 00    104.23/104.33</p>
<p> 12.59% GOI 04    106.95/107.05</p>
<p> 12.50% GOI 04    106.65/------</p>
<p> 11.19% GOI 05    100.40/100.50</p>
<p>.</p>
<p>Treasury bills (bid/offer in percent)</p>
<p>------------------------------------</p>
<p>Maturing on</p>
<p> Tbill maturing on  --/--/--	     ----/----</p>
<p>.</p>
<p>	     HG ASIA: Hoare Govett India Securities Ltd.</p>
<p>			  (Mr.Anupam,Mr.Chaitanya,Ms.Kavita)</p>
<p>			  Tel: 4964967/0405/0406/2699 Fax:4936535)</p>
<p>--</p>
<p>	   -- Bombay newsroom +91-22-265 9000</p>
</text>
<copyright>(c) Reuters Limited 1997</copyright>
<metadata>
<codes class="bip:countries:1.0">
  <code code="INDIA">
    <editdetail attribution="Reuters BIP Coding Group" action="confirmed" date="1997-08-18"/>
  </code>
</codes>
<codes class="bip:topics:1.0">
  <code code="M12">
    <editdetail attribution="Reuters BIP Coding Group" action="confirmed" date="1997-08-18"/>
  </code>
  <code code="MCAT">
    <editdetail attribution="Reuters BIP Coding Group" action="confirmed" date="1997-08-18"/>
  </code>
</codes>
<dc element="dc.date.created" value="1997-08-18"/>
<dc element="dc.publisher" value="Reuters Holdings Plc"/>
<dc element="dc.date.published" value="1997-08-18"/>
<dc element="dc.source" value="Reuters"/>
<dc element="dc.creator.location" value="BOMBAY"/>
<dc element="dc.creator.location.country.name" value="INDIA"/>
<dc element="dc.source" value="Reuters"/>
</metadata>
</newsitem>
