<?xml version="1.0" encoding="iso-8859-1" ?>
<newsitem itemid="4567" id="root" date="1996-08-20" xml:lang="en">
<title>TAIWAN: PRESS DIGEST - Taiwan newspapers - August 20.</title>
<headline>PRESS DIGEST - Taiwan newspapers - August 20.</headline>
<text>
<p>Newspaper headlines</p>
<p>CHINA TIMES - Vice President Lien Chan may be in Hungary for private visit.</p>
<p>Taiwan severs diplomatic ties with Niger after Niger renews diplomatic relations with China.</p>
<p>UNITED DAILY NEWS - Vice President Lien Chan flies to Kiev and will meet with Ukraine's head of state.</p>
<p>Five people injured in gas well burst at Chinese Petroleum Corp oil well.</p>
<p>COMMERCIAL TIMES - Taiwan stock market plunges 181 points due to uncertain relations across the Taiwan strait.</p>
<p>Chiang Ping-kun, head of the Council for Economic Planning and Development, says relations with mainland China will move at steady pace and government will not change direction.</p>
<p>ECONOMIC DAILY NEWS - Taiwan central bank to study plan to control capital outflows to China.</p>
<p>Taiwan severs ties with Niger.</p>
<p>-- Taipei Newsroom (2-5080815)</p>
</text>
<copyright>(c) Reuters Limited 1996</copyright>
<metadata>
<codes class="bip:countries:1.0">
  <code code="TAIWAN">
    <editdetail attribution="Reuters BIP Coding Group" action="confirmed" date="1996-08-20"/>
  </code>
</codes>
<codes class="bip:topics:1.0">
  <code code="GCAT">
    <editdetail attribution="Reuters BIP Coding Group" action="confirmed" date="1996-08-20"/>
  </code>
</codes>
<dc element="dc.publisher" value="Reuters Holdings Plc"/>
<dc element="dc.date.published" value="1996-08-20"/>
<dc element="dc.source" value="Reuters"/>
<dc element="dc.creator.location.country.name" value="TAIWAN"/>
<dc element="dc.source" value="Reuters"/>
</metadata>
</newsitem>
