<?xml version="1.0" encoding="iso-8859-1" ?>
<newsitem itemid="470774" id="root" date="1997-03-26" xml:lang="en">
<title>AUSTRALIA: Australian 13-week T-note yields 5.930 pct.</title>
<headline>Australian 13-week T-note yields 5.930 pct.</headline>
<dateline>SYDNEY 1997-03-26</dateline>
<text>
<p>The Reserve Bank of Australia said the result of this week's T-note tender was as follows:</p>
<p> 13-week -    Amount	Av. yield   Range	 Previous</p>
<p>		  AS400 million   5.930	 5.92-5.94   5.926</p>
<p>		  (RBA take-up A$200 million, pct allotted at top 11)</p>
<p> 5-week  -    Amount	Av. yield   Range	 Previous</p>
<p>		  AS300 million   5.910	 5.91 only   5.903</p>
<p>		  (RBA take-up A$100 million, pct allotted at top 85)</p>
<p> 26-week -    Amount	Av. yield   Range	 Previous</p>
<p>		  AS300 million   5.972	 5.97-5.98   5.946</p>
<p>		  (RBA take-up nil, pct allotted at top eight)</p>
<p>-- Sydney newsroom 61-2 9373-1800</p>
</text>
<copyright>(c) Reuters Limited 1997</copyright>
<metadata>
<codes class="bip:countries:1.0">
  <code code="AUSTR">
    <editdetail attribution="Reuters BIP Coding Group" action="confirmed" date="1997-03-26"/>
  </code>
</codes>
<codes class="bip:topics:1.0">
  <code code="M13">
    <editdetail attribution="Reuters BIP Coding Group" action="confirmed" date="1997-03-26"/>
  </code>
  <code code="M131">
    <editdetail attribution="Reuters BIP Coding Group" action="confirmed" date="1997-03-26"/>
  </code>
  <code code="MCAT">
    <editdetail attribution="Reuters BIP Coding Group" action="confirmed" date="1997-03-26"/>
  </code>
</codes>
<dc element="dc.date.created" value="1997-03-26"/>
<dc element="dc.publisher" value="Reuters Holdings Plc"/>
<dc element="dc.date.published" value="1997-03-26"/>
<dc element="dc.source" value="Reuters"/>
<dc element="dc.creator.location" value="SYDNEY"/>
<dc element="dc.creator.location.country.name" value="AUSTRALIA"/>
<dc element="dc.source" value="Reuters"/>
</metadata>
</newsitem>
