<?xml version="1.0" encoding="iso-8859-1" ?>
<newsitem itemid="499274" id="root" date="1997-04-10" xml:lang="en">
<title>ROMANIA: Romania leu closes unchanged at 6,950/7,050 to dlr.</title>
<headline>Romania leu closes unchanged at 6,950/7,050 to dlr.</headline>
<text>
<p>1510 GMT - Romania's leu closed at 6,950/7,050 to the dollar on Thursday, unchanged from morning levels, on a quiet interbank market, operators said.</p>
<p>* Traders said hard currency owners were reluctant to sell and had adopted a wait-and-see attitude, expecting the leu to depreciate slightly and reach a more attractive exchange rate.</p>
<p>* The leu might slide to the 7,500/8,000 levels within a month, traders said.</p>
<p>* The central bank said the indicative rate of the leu was 7,032 to the dollar for Thursday.</p>
<p>* The money market operated with short-term prices at around 105 percent.</p>
<p>* Leu-dollar rates at retail shops hovered at around 6,550/6,900.</p>
<p>-- Bucharest Newsroom 40-1 3120264</p>
</text>
<copyright>(c) Reuters Limited 1997</copyright>
<metadata>
<codes class="bip:countries:1.0">
  <code code="ROM">
    <editdetail attribution="Reuters BIP Coding Group" action="confirmed" date="1997-04-10"/>
  </code>
</codes>
<codes class="bip:topics:1.0">
  <code code="M13">
    <editdetail attribution="Reuters BIP Coding Group" action="confirmed" date="1997-04-10"/>
  </code>
  <code code="M132">
    <editdetail attribution="Reuters BIP Coding Group" action="confirmed" date="1997-04-10"/>
  </code>
  <code code="MCAT">
    <editdetail attribution="Reuters BIP Coding Group" action="confirmed" date="1997-04-10"/>
  </code>
</codes>
<dc element="dc.publisher" value="Reuters Holdings Plc"/>
<dc element="dc.date.published" value="1997-04-10"/>
<dc element="dc.source" value="Reuters"/>
<dc element="dc.creator.location.country.name" value="ROMANIA"/>
<dc element="dc.source" value="Reuters"/>
</metadata>
</newsitem>
