<?xml version="1.0" encoding="iso-8859-1" ?>
<newsitem itemid="118068" id="root" date="1996-10-15" xml:lang="en">
<title>TUNISIA: Agip SpA makes new oil discovery in Tunisia.</title>
<headline>Agip SpA makes new oil discovery in Tunisia.</headline>
<dateline>TUNIS 1996-10-15</dateline>
<text>
<p>Agip Tunisia, a subsidiary of Italian group Agip SpA, has made a new oil discovery in the Oued Zar production field in southern Tunisia, energy officials said on Tuesday.</p>
<p>The Oued Zar-I well has tested up to 2500 bpd, Agip's engeneer Jamel Ben Yacoub told an oil conference.</p>
<p>The Tunisian state-run oil company ETAP, which owns half of the permit, confirmed the discovery at the opening session of the four-day fifth Tunisian Petroleum Exploration Conference in Tunis, attended by more than 200 oil experts.</p>
<p>ETAP added that a long-term test started in August 1996 for a period of 60 days in order to observe the performance of the two oil bearing levels A1 and A3. It said that the current production rate from the A3 reservoir is 850 bpd.</p>
<p>Ben Yacoub told the conference that the discovery in the Upper Silurian Acacus sandstones upgrades the area as a new promising play. The recent regional geological assessment, together with the Oued Zar discovery, showed that the Acacus sandstones have &quot;fair to good reservoir quality,&quot; he added.</p>
<p>- Tunis newsroom, 2161-787538</p>
</text>
<copyright>(c) Reuters Limited 1996</copyright>
<metadata>
<codes class="bip:countries:1.0">
  <code code="TUNIS">
    <editdetail attribution="Reuters BIP Coding Group" action="confirmed" date="1996-10-15"/>
  </code>
</codes>
<codes class="bip:industries:1.0">
  <code code="I13000">
    <editdetail attribution="Reuters BIP Coding Group" action="confirmed" date="1996-10-15"/>
  </code>
</codes>
<codes class="bip:topics:1.0">
  <code code="C24">
    <editdetail attribution="Reuters BIP Coding Group" action="confirmed" date="1996-10-15"/>
  </code>
  <code code="CCAT">
    <editdetail attribution="Reuters BIP Coding Group" action="confirmed" date="1996-10-15"/>
  </code>
</codes>
<dc element="dc.date.created" value="1996-10-15"/>
<dc element="dc.publisher" value="Reuters Holdings Plc"/>
<dc element="dc.date.published" value="1996-10-15"/>
<dc element="dc.source" value="Reuters"/>
<dc element="dc.creator.location" value="TUNIS"/>
<dc element="dc.creator.location.country.name" value="TUNISIA"/>
<dc element="dc.source" value="Reuters"/>
</metadata>
</newsitem>
