<?xml version="1.0" encoding="iso-8859-1" ?>
<newsitem itemid="33532" id="root" date="1996-09-04" xml:lang="en">
<title>TAIWAN: Taiwan electronics rise on rising DRAM prices.</title>
<headline>Taiwan electronics rise on rising DRAM prices.</headline>
<dateline>TAIPEI 1996-09-04</dateline>
<text>
<p>Taiwan's electronics shares rose sharply in late Wednesday trade despite a weak market as prices for dynamic random access memory chips have rebounded in international markets, brokers said.</p>
<p>With 40 minutes left, the most active issue, Acer Inc, had jumped T$1.9 or 4.96 percent to T$40.2. Macronix was up 90 cents or 2.67 percent to T$34.6.  </p>
<p>Many local electronic firms, including Acer, were forced to slash their 1996 profit forecasts due to recently tumbling DRAM prices, said Tank Hung of Yuan Ta Securities.</p>
<p>&quot;The rebound in DRAM prices is expected to boost the companies' performance significantly,&quot; Hung said.</p>
<p>Many foreign funds have actively bought blue chip electronics shares since Morgan Stanley began including Taiwan in its global indices on September 2, brokers said.</p>
<p>-- Taipei Newsroom (2-5080815)</p>
</text>
<copyright>(c) Reuters Limited 1996</copyright>
<metadata>
<codes class="bip:countries:1.0">
  <code code="TAIWAN">
    <editdetail attribution="Reuters BIP Coding Group" action="confirmed" date="1996-09-04"/>
  </code>
</codes>
<codes class="bip:industries:1.0">
  <code code="I33020">
    <editdetail attribution="Reuters BIP Coding Group" action="confirmed" date="1996-09-04"/>
  </code>
  <code code="I3302003">
    <editdetail attribution="Reuters BIP Coding Group" action="confirmed" date="1996-09-04"/>
  </code>
  <code code="I34531">
    <editdetail attribution="Reuters BIP Coding Group" action="confirmed" date="1996-09-04"/>
  </code>
</codes>
<codes class="bip:topics:1.0">
  <code code="C15">
    <editdetail attribution="Reuters BIP Coding Group" action="confirmed" date="1996-09-04"/>
  </code>
  <code code="C152">
    <editdetail attribution="Reuters BIP Coding Group" action="confirmed" date="1996-09-04"/>
  </code>
  <code code="CCAT">
    <editdetail attribution="Reuters BIP Coding Group" action="confirmed" date="1996-09-04"/>
  </code>
</codes>
<dc element="dc.date.created" value="1996-09-04"/>
<dc element="dc.publisher" value="Reuters Holdings Plc"/>
<dc element="dc.date.published" value="1996-09-04"/>
<dc element="dc.source" value="Reuters"/>
<dc element="dc.creator.location" value="TAIPEI"/>
<dc element="dc.creator.location.country.name" value="TAIWAN"/>
<dc element="dc.source" value="Reuters"/>
</metadata>
</newsitem>
