<?xml version="1.0" encoding="iso-8859-1" ?>
<newsitem itemid="267115" id="root" date="1996-12-19" xml:lang="en">
<title>USA: WEEKLY U.S. MORTGAGE RATE SURVEY - FREDDIE MAC.</title>
<headline>WEEKLY U.S. MORTGAGE RATE SURVEY - FREDDIE MAC.</headline>
<text>
<p>Week ending Dec 20, 1996</p>
<p>------------------30-Yr Fixed-Rate Mortgages------------------</p>
<p>	     U.S	North-    South-   North-   South-  the</p>
<p>	     AVG.     East	East     Central  West    West</p>
<p>AVERAGE    7.74     7.65	7.77	7.81     7.73    7.74</p>
<p>FEES/PTS   1.8	2.0	 1.6	 1.4	1.8     1.8</p>
<p>------------------15-Yr Fixed-Rate Mortgages------------------</p>
<p>	     U.S	North-    South-   North-   South-  the</p>
<p>	     AVG.     East	East     Central  West    West</p>
<p>AVERAGE    7.21     7.10	7.24	7.29     7.24    7.23</p>
<p>FEES/PTS   1.8	2.1	 1.6	 1.4	1.7     1.9</p>
<p>			Week ending Dec 20, 1996</p>
<p>------------------Adjustable-Rate Mortgages------------------</p>
<p>	     U.S	North-    South-   North-   South-  the</p>
<p>	     AVG.     East	East     Central  West    West</p>
<p>AVERAGE    5.53     5.25	5.65     5.70     5.41    5.65</p>
<p>FEES/PTS   1.4	1.7	 1.3	1.2	1.5     1.3</p>
</text>
<copyright>(c) Reuters Limited 1996</copyright>
<metadata>
<codes class="bip:countries:1.0">
  <code code="USA">
    <editdetail attribution="Reuters BIP Coding Group" action="confirmed" date="1996-12-19"/>
  </code>
</codes>
<codes class="bip:industries:1.0">
  <code code="I81501">
    <editdetail attribution="Reuters BIP Coding Group" action="confirmed" date="1996-12-19"/>
  </code>
  <code code="I8150103">
    <editdetail attribution="Reuters BIP Coding Group" action="confirmed" date="1996-12-19"/>
  </code>
</codes>
<codes class="bip:topics:1.0">
  <code code="C31">
    <editdetail attribution="Reuters BIP Coding Group" action="confirmed" date="1996-12-19"/>
  </code>
  <code code="CCAT">
    <editdetail attribution="Reuters BIP Coding Group" action="confirmed" date="1996-12-19"/>
  </code>
</codes>
<dc element="dc.publisher" value="Reuters Holdings Plc"/>
<dc element="dc.date.published" value="1996-12-19"/>
<dc element="dc.source" value="Reuters"/>
<dc element="dc.creator.location.country.name" value="USA"/>
<dc element="dc.source" value="Reuters"/>
</metadata>
</newsitem>
