<?xml version="1.0" encoding="iso-8859-1" ?>
<newsitem itemid="455631" id="root" date="1997-03-20" xml:lang="en">
<title>BAHAMAS: GOVERNMENT LIST.</title>
<headline>GOVERNMENT LIST.</headline>
<text>
<p>BAHAMAS GOVERNMENT LIST (970320)</p>
<p> Governor-General............Orville TURNQUEST</p>
<p>				   - - - - - -</p>
<p>FREE NATIONAL MOVEMENT (FNM) GOVERNMENT:</p>
<p>(Reshuffled 19 Mar 97)</p>
<p> Prime Minister.............Hubert A. INGRAHAM</p>
<p>(Sworn in for second term 18 Mar 97)</p>
<p> Deputy Prime Minister.........Frank A. WATSON</p>
<p>(Also Minister of National Security, Public Service</p>
<p>and Public Utilities)</p>
<p>				   - - - - - -</p>
<p>MINISTERS:</p>
<p> Agriculture &amp; Fisheries......Dr. Earl DEVEAUX</p>
<p> Attorney General &amp; Justice.....Tennyson WELLS</p>
<p> Consumer Welfare &amp; Aviation.....Pierre DUPUCH</p>
<p> Education........Ivy L. DUMONT</p>
<p> Finance &amp; Planning...........William C. ALLEN</p>
<p> Foreign Affairs.............Janet G. BOSTWICK</p>
<p> Health .....Dr. Ronald KNOWLES</p>
<p> Justice...See Attorney General</p>
<p> Labour, Immigration &amp; Training........Theresa MOXEY-INGRAHAM</p>
<p>National Security, Public Service &amp;</p>
<p>     Public Utilities............See Deputy PM</p>
<p> Public Works...Tommy TURNQUEST</p>
<p> Social Development &amp; Housing...Algernon ALLEN</p>
<p> Tourism.............C.A. SMITH</p>
<p> Transport........James KNOWLES</p>
<p>(Also Leader of the House of Assembly)</p>
<p>				   - - - - - -</p>
<p> Central Bank Governor..........James H. SMITH</p>
<p>				   - - - - - -</p>
<p>	 NOTE: Any comments/queries on the content of this</p>
<p>		 government list, please contact the Reuter</p>
<p>		 Editorial Reference Unit, London, on (171) 542</p>
<p>		 7968.</p>
<p>			     (End Government List)</p>
</text>
<copyright>(c) Reuters Limited 1997</copyright>
<metadata>
<codes class="bip:countries:1.0">
  <code code="BAH">
    <editdetail attribution="Reuters BIP Coding Group" action="confirmed" date="1997-03-20"/>
  </code>
</codes>
<codes class="bip:topics:1.0">
  <code code="GCAT">
    <editdetail attribution="Reuters BIP Coding Group" action="confirmed" date="1997-03-20"/>
  </code>
  <code code="GPOL">
    <editdetail attribution="Reuters BIP Coding Group" action="confirmed" date="1997-03-20"/>
  </code>
</codes>
<dc element="dc.publisher" value="Reuters Holdings Plc"/>
<dc element="dc.date.published" value="1997-03-20"/>
<dc element="dc.source" value="Reuters"/>
<dc element="dc.creator.location.country.name" value="BAHAMAS"/>
<dc element="dc.source" value="Reuters"/>
</metadata>
</newsitem>
