<?xml version="1.0" encoding="iso-8859-1" ?>
<newsitem itemid="212692" id="root" date="1996-11-24" xml:lang="en">
<title>GERMANY: SPEED SKATING-WORLD CUP RESULTS.</title>
<headline>SPEED SKATING-WORLD CUP RESULTS.</headline>
<dateline>BERLIN 1996-11-24</dateline>
<text>
<p>World Cup speed skating results on</p>
<p>Sunday:</p>
<p>Men's 5,000 metres</p>
<p> 1. Gianni Romme (Netherlands)    6 minutes 51.20 seconds</p>
<p> 2. Rintje Ritsma (Netherlands)   6:53.19</p>
<p> 3. Kjell Storelid (Norwegen)     6:54.40</p>
<p> 4. Bart Veldkamp (Belgium)	 6:54.87</p>
<p> 5. Keiji Shirahata (Japan)	 6:56.41</p>
<p>Women's 3,000 metres</p>
<p> 1. Tonny de Jong (Netherlands)   4:22.90</p>
<p>2. Carla Zijlstra (Netherlands)  4:23.39</p>
<p> 3. Gunda Niemann (Germany)	 4:24.15</p>
<p> 4. Kistin Holum (U.S.)	     4:27.92</p>
<p>5. Barbara de Loor (Netherlands) 4:28.86</p>
</text>
<copyright>(c) Reuters Limited 1996</copyright>
<metadata>
<codes class="bip:countries:1.0">
  <code code="GFR">
    <editdetail attribution="Reuters BIP Coding Group" action="confirmed" date="1996-11-24"/>
  </code>
  <code code="NETH">
    <editdetail attribution="Reuters BIP Coding Group" action="confirmed" date="1996-11-24"/>
  </code>
</codes>
<codes class="bip:topics:1.0">
  <code code="GCAT">
    <editdetail attribution="Reuters BIP Coding Group" action="confirmed" date="1996-11-24"/>
  </code>
  <code code="GSPO">
    <editdetail attribution="Reuters BIP Coding Group" action="confirmed" date="1996-11-24"/>
  </code>
</codes>
<dc element="dc.date.created" value="1996-11-24"/>
<dc element="dc.publisher" value="Reuters Holdings Plc"/>
<dc element="dc.date.published" value="1996-11-24"/>
<dc element="dc.source" value="Reuters"/>
<dc element="dc.creator.location" value="BERLIN"/>
<dc element="dc.creator.location.country.name" value="GERMANY"/>
<dc element="dc.source" value="Reuters"/>
</metadata>
</newsitem>
