<?xml version="1.0" encoding="iso-8859-1" ?>
<newsitem itemid="337501" id="root" date="1997-01-28" xml:lang="en">
<title>ARGENTINA: Argentine labor talks agenda to be set Thursday.</title>
<headline>Argentine labor talks agenda to be set Thursday.</headline>
<dateline>BUENOS AIRES 1997-01-27</dateline>
<text>
<p>Argentine government officials, trade union leaders and businessmen will meet at 1700 local/2000 GMT this Thursday to draw up an agenda for negotiations on labor reforms, local news agencies reported.</p>
<p>The meeting was scheduled for Wednesday but postponed without further explanation.</p>
<p>Cabinet Strategic Secretary Alberto Abad said Wednesday there were no restrictions on the three-way negotiations on labor reforms that will start up in February.</p>
<p>But he said the agenda would be short in order for the talks to be effective.  </p>
<p>&quot;Nobody imposes debate on any problems because we want an agenda agreed by consensus,&quot; Abad said.</p>
<p>&quot;There are no preconceived ideas about what can or can't be debated,&quot; he said.  &quot;What is clear is that the government's main policies will be upheld, and what we will do is debate aspects that can be refocused or revitalized...and allow all sides to be satisfied.&quot;</p>
<p>The CGT labor federation has warned that workers would go back on the warparth with strikes and marches if the labor reform negotiations failed.</p>
<p>It has staged two strikes since September against moves to make employment conditions more flexible, curtail union control over health care plans and reduce their role in collective wage bargaining.</p>
<p>Three labor reform decrees signed by President Carlos Menem in December have been overturned by the courts, while the remaining reform bills await debate in in Congress.</p>
<p>((-- Carmen Pignotti, Buenos Aires Newsroom 541 318-0657))</p>
</text>
<copyright>(c) Reuters Limited 1997</copyright>
<metadata>
<codes class="bip:countries:1.0">
  <code code="ARG">
    <editdetail attribution="Reuters BIP Coding Group" action="confirmed" date="1997-01-28"/>
  </code>
</codes>
<codes class="bip:topics:1.0">
  <code code="C42">
    <editdetail attribution="Reuters BIP Coding Group" action="confirmed" date="1997-01-28"/>
  </code>
  <code code="CCAT">
    <editdetail attribution="Reuters BIP Coding Group" action="confirmed" date="1997-01-28"/>
  </code>
  <code code="E41">
    <editdetail attribution="Reuters BIP Coding Group" action="confirmed" date="1997-01-28"/>
  </code>
  <code code="ECAT">
    <editdetail attribution="Reuters BIP Coding Group" action="confirmed" date="1997-01-28"/>
  </code>
  <code code="GCAT">
    <editdetail attribution="Reuters BIP Coding Group" action="confirmed" date="1997-01-28"/>
  </code>
  <code code="GJOB">
    <editdetail attribution="Reuters BIP Coding Group" action="confirmed" date="1997-01-28"/>
  </code>
  <code code="GPOL">
    <editdetail attribution="Reuters BIP Coding Group" action="confirmed" date="1997-01-28"/>
  </code>
</codes>
<dc element="dc.date.created" value="1997-01-27"/>
<dc element="dc.publisher" value="Reuters Holdings Plc"/>
<dc element="dc.date.published" value="1997-01-28"/>
<dc element="dc.source" value="Reuters"/>
<dc element="dc.creator.location" value="BUENOS AIRES"/>
<dc element="dc.creator.location.country.name" value="ARGENTINA"/>
<dc element="dc.source" value="Reuters"/>
</metadata>
</newsitem>
