<?xml version="1.0" encoding="iso-8859-1" ?>
<newsitem itemid="385376" id="root" date="1997-02-18" xml:lang="en">
<title>USA: BEFORE THE BELL - Mergers spark increased shr bids.</title>
<headline>BEFORE THE BELL - Mergers spark increased shr bids.</headline>
<dateline>NEW YORK 1997-02-18</dateline>
<text>
<p>A series of corporate mergers announced early Tuesday touched off vigorous bidding for the target companies before the market open as investors sought takeover-premium windfalls, traders said.</p>
<p>Great Western Financial Corp shares were bid up to 38-1/2 from 34-1/4 after H.F. Ahmanson and Co said it is offering $42.53 per share for Great Western.</p>
<p>Ahmanson shares made no moves preceding Tuesday's market open, they said.  </p>
<p>Also, Renaissance Hotel Group N.V. shares rose to 29-5/8 from 25-1/8 after Marriott International Inc said it agreed to acquire Renaissance for $30 per share cash in a deal worth a totoal of $1 billion.</p>
<p>Related to the announcement were higher bids for shares in Doubletree Corp, bid up 3/8 to 41.</p>
<p>Doubletree announced in December an agreement to buy Renaissance for $850 million in cash and stock, but said this morning after the Marriott announcement it would no longer pursue Renaissance.  </p>
<p>&quot;Doubletree went out at 40-1/2 and looks like it will open up at least a dollar,&quot; a trader said.</p>
<p>In another huge merger, Healthsouth Corp said it will exchange 0.42169 of each of its shares for every Horizon/CMS Healthcare Corp share in a $1.6 billion merger.</p>
<p>In dollar terms, the deal values Horizon at about $18.18 per share, up from Horizon's $14.25 close February 14, and traders said Horizon shares were bid at 15-3/4.  </p>
<p>Traders said the announcement brough early selling to Healthsouth shares, which they said are expected to open at around 41 to 42, off from 43-1/8.</p>
<p>Evergreen Media Corp shares rose to 33-1/6 from 32-3/4 and Chancellor Broadcasting Co shares traded up to 29-5/8 from 27-15/16.</p>
<p>Evergreen said it would acquire Chancellor in a stock swap.</p>
<p>((--Brendan Intindola, Wall Street Desk, 212-859-1734)).</p>
</text>
<copyright>(c) Reuters Limited 1997</copyright>
<metadata>
<codes class="bip:countries:1.0">
  <code code="USA">
    <editdetail attribution="Reuters BIP Coding Group" action="confirmed" date="1997-02-18"/>
  </code>
</codes>
<codes class="bip:industries:1.0">
  <code code="I66500">
    <editdetail attribution="Reuters BIP Coding Group" action="confirmed" date="1997-02-18"/>
  </code>
  <code code="I81501">
    <editdetail attribution="Reuters BIP Coding Group" action="confirmed" date="1997-02-18"/>
  </code>
  <code code="I8150103">
    <editdetail attribution="Reuters BIP Coding Group" action="confirmed" date="1997-02-18"/>
  </code>
  <code code="I84804">
    <editdetail attribution="Reuters BIP Coding Group" action="confirmed" date="1997-02-18"/>
  </code>
  <code code="I95100">
    <editdetail attribution="Reuters BIP Coding Group" action="confirmed" date="1997-02-18"/>
  </code>
  <code code="I97400">
    <editdetail attribution="Reuters BIP Coding Group" action="confirmed" date="1997-02-18"/>
  </code>
</codes>
<codes class="bip:topics:1.0">
  <code code="C15">
    <editdetail attribution="Reuters BIP Coding Group" action="confirmed" date="1997-02-18"/>
  </code>
  <code code="C152">
    <editdetail attribution="Reuters BIP Coding Group" action="confirmed" date="1997-02-18"/>
  </code>
  <code code="C18">
    <editdetail attribution="Reuters BIP Coding Group" action="confirmed" date="1997-02-18"/>
  </code>
  <code code="C181">
    <editdetail attribution="Reuters BIP Coding Group" action="confirmed" date="1997-02-18"/>
  </code>
  <code code="CCAT">
    <editdetail attribution="Reuters BIP Coding Group" action="confirmed" date="1997-02-18"/>
  </code>
</codes>
<dc element="dc.date.created" value="1997-02-18"/>
<dc element="dc.publisher" value="Reuters Holdings Plc"/>
<dc element="dc.date.published" value="1997-02-18"/>
<dc element="dc.source" value="Reuters"/>
<dc element="dc.creator.location" value="NEW YORK"/>
<dc element="dc.creator.location.country.name" value="USA"/>
<dc element="dc.source" value="Reuters"/>
</metadata>
</newsitem>
