<?xml version="1.0" encoding="iso-8859-1" ?>
<newsitem itemid="198179" id="root" date="1996-11-18" xml:lang="en">
<title>SINGAPORE: Singapore government securities end narrowly mixed.</title>
<headline>Singapore government securities end narrowly mixed.</headline>
<dateline>SINGAPORE 1996-11-18</dateline>
<text>
<p>Singapore government securities ended narrowly mixed in moderate trade on interbank and retail interest, dealers said on Monday.</p>
<p>&quot;The interbank rate eased slightly today but there was little impact on the market. Treasury bill yields were slightly higher but bond prices were slightly lower. Volume was moderate,&quot; a local dealer said.</p>
<p>In treasury bills, three-months closed at a yield of 2.55/2.50 percent compared with last Friday's yield of 2.43/2.38 percent and one-year at a yield of 2.33/2.28 percent against 2.22/2.17 percent.  </p>
<p>Among bonds, July 1998 ended at S$97.93/97.98 from last Friday's close of S$98.14/98.19, September 2001 at S$96.77/96.82 versus S$97.35/97.40 and June 2003 at S$95.48/95.53 against S$96.23/96.28.</p>
<p>The overnight interbank offered rate eased to 3-1/2 3-3/8 percent from last Friday's 3-5/8 3-1/2 percent.</p>
<p>-- Singapore newsroom (65-870-3080)</p>
</text>
<copyright>(c) Reuters Limited 1996</copyright>
<metadata>
<codes class="bip:countries:1.0">
  <code code="SINGP">
    <editdetail attribution="Reuters BIP Coding Group" action="confirmed" date="1996-11-18"/>
  </code>
</codes>
<codes class="bip:topics:1.0">
  <code code="M12">
    <editdetail attribution="Reuters BIP Coding Group" action="confirmed" date="1996-11-18"/>
  </code>
  <code code="M13">
    <editdetail attribution="Reuters BIP Coding Group" action="confirmed" date="1996-11-18"/>
  </code>
  <code code="M131">
    <editdetail attribution="Reuters BIP Coding Group" action="confirmed" date="1996-11-18"/>
  </code>
  <code code="MCAT">
    <editdetail attribution="Reuters BIP Coding Group" action="confirmed" date="1996-11-18"/>
  </code>
</codes>
<dc element="dc.date.created" value="1996-11-18"/>
<dc element="dc.publisher" value="Reuters Holdings Plc"/>
<dc element="dc.date.published" value="1996-11-18"/>
<dc element="dc.source" value="Reuters"/>
<dc element="dc.creator.location" value="SINGAPORE"/>
<dc element="dc.creator.location.country.name" value="SINGAPORE"/>
<dc element="dc.source" value="Reuters"/>
</metadata>
</newsitem>
