<?xml version="1.0" encoding="iso-8859-1" ?>
<newsitem itemid="324865" id="root" date="1997-01-22" xml:lang="en">
<title>USA: Texas spot power prices again hold mostly steady.</title>
<headline>Texas spot power prices again hold mostly steady.</headline>
<dateline>NEW YORK 1997-01-22</dateline>
<text>
<p>Spot bulk power prices in the Electric Reliability Council of Texas (ERCOT) held mostly steady again Wednesday as mild temperatures continued to limit power demand in the state, industry sources said.</p>
<p>Temperatures were forecast to reach highs in the 60s and 70s degrees Fahrenheit area through Texas on Thursday, and longer term forecasts called for much above-normal temperatures from Jan 26 to 30.</p>
<p>ERCOT firm, peak power for a 16-hour block for Thursday delivery was pegged at $19.00-23.00 from $22.00-24.00 per megawatt hour (MWh) on Tuesday, the brokers and marketers said.</p>
<p>Non-firm on peak power was said to have been talked at $16.00-19.00 on Wednesday for Thursday delivery.</p>
<p>Firm off-peak next day ERCOT deliveries were assessed steady at $10.00-14.00, while non firm off peak power was pegged unchanged at $8.00-10.00 for Thursday delivery.</p>
<p>February ERCOT peak power was said to have eased to $27.25-27.75 from $27.50-27.85 on Tuesday, the sources said.</p>
<p>March ERCOT peak power was said to be discussed at $23.25-23.75 with one unconfirmed trade reported at $23.50, while June was talked at $23.50-24.50 and July/August was talked at $25.00-25.90 per MWh.</p>
<p>((--Chris Reese, New York Power Desk +1 212 859 1627))</p>
</text>
<copyright>(c) Reuters Limited 1997</copyright>
<metadata>
<codes class="bip:countries:1.0">
  <code code="USA">
    <editdetail attribution="Reuters BIP Coding Group" action="confirmed" date="1997-01-22"/>
  </code>
</codes>
<codes class="bip:topics:1.0">
  <code code="M14">
    <editdetail attribution="Reuters BIP Coding Group" action="confirmed" date="1997-01-22"/>
  </code>
  <code code="M143">
    <editdetail attribution="Reuters BIP Coding Group" action="confirmed" date="1997-01-22"/>
  </code>
  <code code="MCAT">
    <editdetail attribution="Reuters BIP Coding Group" action="confirmed" date="1997-01-22"/>
  </code>
</codes>
<dc element="dc.date.created" value="1997-01-22"/>
<dc element="dc.publisher" value="Reuters Holdings Plc"/>
<dc element="dc.date.published" value="1997-01-22"/>
<dc element="dc.source" value="Reuters"/>
<dc element="dc.creator.location" value="NEW YORK"/>
<dc element="dc.creator.location.country.name" value="USA"/>
<dc element="dc.source" value="Reuters"/>
</metadata>
</newsitem>
