<?xml version="1.0" encoding="iso-8859-1" ?>
<newsitem itemid="728030" id="root" date="1997-07-15" xml:lang="en">
<title>USA: TABLE-Northern Technologies Q3 May 31 net.</title>
<headline>TABLE-Northern Technologies Q3 May 31 net.</headline>
<dateline>LINO LAKES, Minn. 1997-07-15</dateline>
<text>
<p>Third Quarter Ended May 31		   1997	    1996</p>
<p> Sales					 $2,518,582    $1,751,478</p>
<p> Net Income				     733,260	 507,039</p>
<p> Earnings per common share			.17	     .12</p>
<p> Nine Months Ended May 31		     1997	    1996</p>
<p> Sales					  6,532,957     4,977,396</p>
<p> Net Income				   1,796,371     1,384,098</p>
<p> Earnings per common share			.42	     .32</p>
<p>NOTE: Full company name is Northern Technologies</p>
<p>International Corp.</p>
<p>((Chicago newsdesk, 312-408-8787))</p>
</text>
<copyright>(c) Reuters Limited 1997</copyright>
<metadata>
<codes class="bip:countries:1.0">
  <code code="USA">
    <editdetail attribution="Reuters BIP Coding Group" action="confirmed" date="1997-07-15"/>
  </code>
</codes>
<codes class="bip:industries:1.0">
  <code code="I34420">
    <editdetail attribution="Reuters BIP Coding Group" action="confirmed" date="1997-07-15"/>
  </code>
</codes>
<codes class="bip:topics:1.0">
  <code code="C15">
    <editdetail attribution="Reuters BIP Coding Group" action="confirmed" date="1997-07-15"/>
  </code>
  <code code="C151">
    <editdetail attribution="Reuters BIP Coding Group" action="confirmed" date="1997-07-15"/>
  </code>
  <code code="CCAT">
    <editdetail attribution="Reuters BIP Coding Group" action="confirmed" date="1997-07-15"/>
  </code>
</codes>
<dc element="dc.date.created" value="1997-07-15"/>
<dc element="dc.publisher" value="Reuters Holdings Plc"/>
<dc element="dc.date.published" value="1997-07-15"/>
<dc element="dc.source" value="Reuters"/>
<dc element="dc.creator.location" value="LINO LAKES, Minn."/>
<dc element="dc.creator.location.country.name" value="USA"/>
<dc element="dc.source" value="Reuters"/>
</metadata>
</newsitem>
