<?xml version="1.0" encoding="iso-8859-1" ?>
<newsitem itemid="406327" id="root" date="1997-02-27" xml:lang="en">
<title>USA: Fila Holding Q4 shr 208 lira vs 141.</title>
<headline>Fila Holding Q4 shr 208 lira vs 141.</headline>
<dateline>NEW YORK 1997-02-27</dateline>
<text>
<p>1996			1995</p>
<p> Shr		 208			141</p>
<p> Net		 27,591		   18,556</p>
<p> Revs		491,075		  359,391</p>
<p> Avg shrs	  132,777		  131,196</p>
<p>	  12 MONTHS</p>
<p> Shr		 1,340		    787</p>
<p> Net		 177,704		  99,647</p>
<p> Revs		2,136,791		1,480,020</p>
<p> Avg shrs	  132,570		  126,562</p>
<p>(All data in millions (Lire) except share earnings)</p>
<p>NOTE: On American Depository Shares, 1995 Q4 share earnings, net income and revenue were $0.44, $11.6 million and $224.9 million respectively, and $0.68, $18.1 million and $322.7 million in 1996 Q4.</p>
<p>On American Depositary Shares, 1995 share earnings, net income and revenues were  $2.42, $61.2 million and $908.5 million respectively, and $4.34, $115.2 million and $1.38 billion in 1996.</p>
</text>
<copyright>(c) Reuters Limited 1997</copyright>
<metadata>
<codes class="bip:countries:1.0">
  <code code="USA">
    <editdetail attribution="Reuters BIP Coding Group" action="confirmed" date="1997-02-27"/>
  </code>
</codes>
<codes class="bip:topics:1.0">
  <code code="C15">
    <editdetail attribution="Reuters BIP Coding Group" action="confirmed" date="1997-02-27"/>
  </code>
  <code code="C151">
    <editdetail attribution="Reuters BIP Coding Group" action="confirmed" date="1997-02-27"/>
  </code>
  <code code="C1511">
    <editdetail attribution="Reuters BIP Coding Group" action="confirmed" date="1997-02-27"/>
  </code>
  <code code="CCAT">
    <editdetail attribution="Reuters BIP Coding Group" action="confirmed" date="1997-02-27"/>
  </code>
</codes>
<dc element="dc.date.created" value="1997-02-27"/>
<dc element="dc.publisher" value="Reuters Holdings Plc"/>
<dc element="dc.date.published" value="1997-02-27"/>
<dc element="dc.source" value="Reuters"/>
<dc element="dc.creator.location" value="NEW YORK"/>
<dc element="dc.creator.location.country.name" value="USA"/>
<dc element="dc.source" value="Reuters"/>
</metadata>
</newsitem>
