<?xml version="1.0" encoding="iso-8859-1" ?>
<newsitem itemid="670044" id="root" date="1997-06-18" xml:lang="en">
<title>JAPAN: Tokyo stocks end modestly lower after trade data.</title>
<headline>Tokyo stocks end modestly lower after trade data.</headline>
<dateline>TOKYO 1997-06-18</dateline>
<text>
<p>Tokyo stocks closed down on Wednesday, but losses were limited as the dollar/yen rate did not react much to the big rise in Japan's trade surplus for May, brokers said.</p>
<p>But turnover remained light, as participants were cautious ahead of the Group of Seven (G7) nations' summit meeting in Denver on June 20-22, they said.</p>
<p>The 225-share Nikkei average lost 95.81 points or 0.47 percent to close at 20,497.85. It traded in a range of 20,428.74 and 20,620.36.</p>
</text>
<copyright>(c) Reuters Limited 1997</copyright>
<metadata>
<codes class="bip:countries:1.0">
  <code code="JAP">
    <editdetail attribution="Reuters BIP Coding Group" action="confirmed" date="1997-06-18"/>
  </code>
</codes>
<codes class="bip:topics:1.0">
  <code code="M11">
    <editdetail attribution="Reuters BIP Coding Group" action="confirmed" date="1997-06-18"/>
  </code>
  <code code="MCAT">
    <editdetail attribution="Reuters BIP Coding Group" action="confirmed" date="1997-06-18"/>
  </code>
</codes>
<dc element="dc.date.created" value="1997-06-18"/>
<dc element="dc.publisher" value="Reuters Holdings Plc"/>
<dc element="dc.date.published" value="1997-06-18"/>
<dc element="dc.source" value="Reuters"/>
<dc element="dc.creator.location" value="TOKYO"/>
<dc element="dc.creator.location.country.name" value="JAPAN"/>
<dc element="dc.source" value="Reuters"/>
</metadata>
</newsitem>
