<?xml version="1.0" encoding="iso-8859-1" ?>
<newsitem itemid="258284" id="root" date="1996-12-16" xml:lang="en">
<title>UGANDA: Uganda's coffee goes to U.S. speciality market.</title>
<headline>Uganda's coffee goes to U.S. speciality market.</headline>
<byline>Steven Shalita</byline>
<dateline>KAMPALA 1996-12-16</dateline>
<text>
<p>Uganda's prime washed arabica coffees will be presented to a speciality coffee conference in New Orleans, Florida, in April as part of Uganda's drive to gain a foothold in the lucrative speciality market.</p>
<p>&quot;Last week, we concluded a deal with the Speciality Coffee Association of the U.S. which has admitted Uganda's prime washed coffee from Bugisu into the speciality movement,&quot; Uganda Coffee Trade Federation (UCTF) executive director Fred Kawuma said.</p>
<p>The Bugisu coffee will be marketed by Aproma, the Brussels-based association that promotes coffee trade between African Caribbean Countries (ACP) and the European Union.</p>
<p>Aproma recently concluded a study in the U.S. and Uganda on the potential international demand for Ugandan washed coffees. It has also been working on generic promotions in Kenya, Ethiopia and Tanzania, according to UCTF officials.</p>
<p>&quot;Next year when Aproma presents its originals, Uganda will be one of them,&quot; Kawuma told Reuters.</p>
<p>Bugisu washed coffees, which grow at the foot of Mount Elgon, near the Kenyan border in eastern Uganda, are the best of the country's arabicas.</p>
<p>The Bugisu coffee will have four selected origins: Buginyana, Bulago, Bulecheke and Sebei -- based on quality displayed during the Aproma study.</p>
<p>&quot;It is very important for exporters of that coffee to participate at that show,&quot; said Kawuma.</p>
<p>Uganda's admission to the speciality market meant exporters of the Bugisu would be able to get premiums, he said.</p>
<p>Bugisu coffee is currently sold at a discount of about 30 cents to other types at the Grade C level.</p>
<p>Kawuma said the Uganda Coffee Development Authority (UCDA) would be charged with ensuring that the Bugisu coffee met international requirements. UCDA would have to modernise testing facilities to be able to cope, he added.</p>
<p>About 70 percent of Uganda's coffee exports, which totalled 4.1 million bags in 1995/96, go to European Union countries.</p>
<p>--Nairobi Newsroom ++254-2 330-261</p>
</text>
<copyright>(c) Reuters Limited 1996</copyright>
<metadata>
<codes class="bip:countries:1.0">
  <code code="UGANDA">
    <editdetail attribution="Reuters BIP Coding Group" action="confirmed" date="1996-12-16"/>
  </code>
  <code code="USA">
    <editdetail attribution="Reuters BIP Coding Group" action="confirmed" date="1996-12-16"/>
  </code>
</codes>
<codes class="bip:industries:1.0">
  <code code="I01001">
    <editdetail attribution="Reuters BIP Coding Group" action="confirmed" date="1996-12-16"/>
  </code>
  <code code="I0100137">
    <editdetail attribution="Reuters BIP Coding Group" action="confirmed" date="1996-12-16"/>
  </code>
</codes>
<codes class="bip:topics:1.0">
  <code code="C31">
    <editdetail attribution="Reuters BIP Coding Group" action="confirmed" date="1996-12-16"/>
  </code>
  <code code="C312">
    <editdetail attribution="Reuters BIP Coding Group" action="confirmed" date="1996-12-16"/>
  </code>
  <code code="CCAT">
    <editdetail attribution="Reuters BIP Coding Group" action="confirmed" date="1996-12-16"/>
  </code>
  <code code="M14">
    <editdetail attribution="Reuters BIP Coding Group" action="confirmed" date="1996-12-16"/>
  </code>
  <code code="M141">
    <editdetail attribution="Reuters BIP Coding Group" action="confirmed" date="1996-12-16"/>
  </code>
  <code code="MCAT">
    <editdetail attribution="Reuters BIP Coding Group" action="confirmed" date="1996-12-16"/>
  </code>
</codes>
<dc element="dc.date.created" value="1996-12-16"/>
<dc element="dc.publisher" value="Reuters Holdings Plc"/>
<dc element="dc.date.published" value="1996-12-16"/>
<dc element="dc.source" value="Reuters"/>
<dc element="dc.creator.location" value="KAMPALA"/>
<dc element="dc.creator.location.country.name" value="UGANDA"/>
<dc element="dc.source" value="Reuters"/>
</metadata>
</newsitem>
