<?xml version="1.0" encoding="iso-8859-1" ?>
<newsitem itemid="28708" id="root" date="1996-09-03" xml:lang="en">
<title>CANADA: Speedy files for US$125 mln notes offering.</title>
<headline>Speedy files for US$125 mln notes offering.</headline>
<dateline>TORONTO 1996-09-03</dateline>
<text>
<p>Speedy Muffler King Inc said on Tuesday it filed a registration statement with the U.S. Securities and Exchange Commission for a proposed public offering of US$125 million senior notes due 2006.</p>
<p>Speedy said the net proceeds from the offering would be used to repay most of the company's outstanding bank debt in North America and Europe.</p>
<p>The notes will be callable after five years but the company will be permitted to repay up to 35 percent of the outstanding notes if it completes an equity offering within the first three years, Speedy said.  </p>
<p>It said the registration statement had not yet become effective and the notes had not been and would not be qualified for sale in Canada.</p>
<p>Speedy president and chief executive Hershell Ezrin said the offering was consistent with the financing objectives of the company.</p>
<p>&quot;It will provide us with stable long-term financing,&quot; said Ezrin in a statement. &quot;Furthermore, it will enable us to realign our obligations to better match the cash being generated by our North American and European operations.&quot;</p>
<p>-- Reuters Toronto Bureau  (416) 941-8100</p>
</text>
<copyright>(c) Reuters Limited 1996</copyright>
<metadata>
<codes class="bip:countries:1.0">
  <code code="CANA">
    <editdetail attribution="Reuters BIP Coding Group" action="confirmed" date="1996-09-03"/>
  </code>
  <code code="USA">
    <editdetail attribution="Reuters BIP Coding Group" action="confirmed" date="1996-09-03"/>
  </code>
</codes>
<codes class="bip:industries:1.0">
  <code code="I67000">
    <editdetail attribution="Reuters BIP Coding Group" action="confirmed" date="1996-09-03"/>
  </code>
</codes>
<codes class="bip:topics:1.0">
  <code code="C17">
    <editdetail attribution="Reuters BIP Coding Group" action="confirmed" date="1996-09-03"/>
  </code>
  <code code="C172">
    <editdetail attribution="Reuters BIP Coding Group" action="confirmed" date="1996-09-03"/>
  </code>
  <code code="CCAT">
    <editdetail attribution="Reuters BIP Coding Group" action="confirmed" date="1996-09-03"/>
  </code>
</codes>
<dc element="dc.date.created" value="1996-09-03"/>
<dc element="dc.publisher" value="Reuters Holdings Plc"/>
<dc element="dc.date.published" value="1996-09-03"/>
<dc element="dc.source" value="Reuters"/>
<dc element="dc.creator.location" value="TORONTO"/>
<dc element="dc.creator.location.country.name" value="CANADA"/>
<dc element="dc.source" value="Reuters"/>
</metadata>
</newsitem>
