<?xml version="1.0" encoding="iso-8859-1" ?>
<newsitem itemid="41528" id="root" date="1996-09-09" xml:lang="en">
<title>USA: Muni dealers traded $951 mln bonds Friday - MSRB.</title>
<headline>Muni dealers traded $951 mln bonds Friday - MSRB.</headline>
<dateline>NEW YORK 1996-09-09</dateline>
<text>
<p>Municipal bond dealers traded $950.9 million of bonds Friday on 3,367 trades, the Municipal Securities Rulemaking Board said.</p>
<p>A total of 1,852 individual issues changed hands, with 114 of those trading four or more times, MSRB said, citing figures from an automated clearance system of interdealer trades.</p>
<p>--U.S. Municipal Desk, 212-859-1650</p>
</text>
<copyright>(c) Reuters Limited 1996</copyright>
<metadata>
<codes class="bip:countries:1.0">
  <code code="USA">
    <editdetail attribution="Reuters BIP Coding Group" action="confirmed" date="1996-09-09"/>
  </code>
</codes>
<codes class="bip:topics:1.0">
  <code code="M12">
    <editdetail attribution="Reuters BIP Coding Group" action="confirmed" date="1996-09-09"/>
  </code>
  <code code="MCAT">
    <editdetail attribution="Reuters BIP Coding Group" action="confirmed" date="1996-09-09"/>
  </code>
</codes>
<dc element="dc.date.created" value="1996-09-09"/>
<dc element="dc.publisher" value="Reuters Holdings Plc"/>
<dc element="dc.date.published" value="1996-09-09"/>
<dc element="dc.source" value="Reuters"/>
<dc element="dc.creator.location" value="NEW YORK"/>
<dc element="dc.creator.location.country.name" value="USA"/>
<dc element="dc.source" value="Reuters"/>
</metadata>
</newsitem>
