<?xml version="1.0" encoding="iso-8859-1" ?>
<newsitem itemid="617129" id="root" date="1997-05-27" xml:lang="en">
<title>USA: Robert A. Reid DD, Mich., won by Morgan Keegan. [CORRECTED 20:00 GMT]</title>
<headline>Robert A. Reid DD, Mich., won by Morgan Keegan. [CORRECTED 20:00 GMT]</headline>
<dateline>NEW YORK 1997-05-27</dateline>
<text>
<p>(Corrects winner from EVEREN Securities.)</p>
<p>Morgan Keegan said it won $5.555 million of Robert A. Reid Drainage District, Mich., limited tax drain bonds, with a net interest cost of 5.2849 (corrects from 5.30) percent.</p>
</text>
<copyright>(c) Reuters Limited 1997</copyright>
<metadata>
<codes class="bip:countries:1.0">
  <code code="USA">
    <editdetail attribution="Reuters BIP Coding Group" action="confirmed" date="1997-05-27"/>
  </code>
</codes>
<codes class="bip:topics:1.0">
  <code code="E21">
    <editdetail attribution="Reuters BIP Coding Group" action="confirmed" date="1997-05-27"/>
  </code>
  <code code="E212">
    <editdetail attribution="Reuters BIP Coding Group" action="confirmed" date="1997-05-27"/>
  </code>
  <code code="ECAT">
    <editdetail attribution="Reuters BIP Coding Group" action="confirmed" date="1997-05-27"/>
  </code>
</codes>
<dc element="dc.date.created" value="1997-05-27"/>
<dc element="dc.publisher" value="Reuters Holdings Plc"/>
<dc element="dc.date.published" value="1997-05-27"/>
<dc element="dc.source" value="Reuters"/>
<dc element="dc.creator.location" value="NEW YORK"/>
<dc element="dc.creator.location.country.name" value="USA"/>
<dc element="dc.source" value="Reuters"/>
</metadata>
</newsitem>
