<?xml version="1.0" encoding="iso-8859-1" ?>
<newsitem itemid="311985" id="root" date="1997-01-16" xml:lang="en">
<title>USA: PRESALE - Greenfield, Wis.</title>
<headline>PRESALE - Greenfield, Wis.</headline>
<text>
<p>AMT: 6,950,000	DATE: 01/22/97	NYC Time: 1200     CUSIP: 395226</p>
<p>ISSUER: Greenfield						     ST: WI</p>
<p>ISSUE: General obligation refunding series 1997A	     TAX STAT: Exempt-ULT</p>
<p>M/SP/F:								    BOOK ENTRY: Y</p>
<p>ENHANCEMENTS: None						     BANK QUAL: Y</p>
<p>DTD: 01/30/97							    SURE BID: Y</p>
<p>DUE: 2/1/98-00						SR MGR:</p>
<p>1ST CPN: 08/01/97</p>
<p>CALL: Non-Callable					  TIC</p>
<p>DELIVERY: 1/30/97 approx				  ORDERS:</p>
<p>PAYING AGENT: City Treasurer's Office, Greenfield</p>
<p>L.O.: Godfrey &amp; Kahn, S.C., Milwaukee</p>
<p>F.A.: Ehlers &amp; Associates, Inc., Minneapolis</p>
<p>LAST SALE: $3,935,000 AMBAC 2/17/93 @ 4.7200% TIC; 8yrs 8mos avg; BBI- 5.97%</p>
<p>Year		     Amount    Coupon     Yield     Price  Conc.</p>
<p>1998		  3,175,000</p>
<p>1999		  3,275,000</p>
<p>2000		    500,000</p>
<p>COMPETITIVE PRE-SALE CONTRIBUTED BY J.J. KENNY K-SHEETS:</p>
</text>
<copyright>(c) Reuters Limited 1997</copyright>
<metadata>
<codes class="bip:countries:1.0">
  <code code="USA">
    <editdetail attribution="Reuters BIP Coding Group" action="confirmed" date="1997-01-16"/>
  </code>
</codes>
<codes class="bip:topics:1.0">
  <code code="E21">
    <editdetail attribution="Reuters BIP Coding Group" action="confirmed" date="1997-01-16"/>
  </code>
  <code code="E212">
    <editdetail attribution="Reuters BIP Coding Group" action="confirmed" date="1997-01-16"/>
  </code>
  <code code="ECAT">
    <editdetail attribution="Reuters BIP Coding Group" action="confirmed" date="1997-01-16"/>
  </code>
</codes>
<dc element="dc.publisher" value="Reuters Holdings Plc"/>
<dc element="dc.date.published" value="1997-01-16"/>
<dc element="dc.source" value="Reuters"/>
<dc element="dc.creator.location.country.name" value="USA"/>
<dc element="dc.source" value="Reuters"/>
</metadata>
</newsitem>
