<?xml version="1.0" encoding="iso-8859-1" ?>
<newsitem itemid="582352" id="root" date="1997-05-14" xml:lang="en">
<title>VENEZUELA: Venezuelans protest ICA toll road hike.</title>
<headline>Venezuelans protest ICA toll road hike.</headline>
<dateline>CARACAS 1997-05-14</dateline>
<text>
<p>Shops, factories and transport companies closed down in the Venezuelan port town La Guaira Wednesday as residents stepped up protests over a sharp increase in tolls on the highway to the capital.</p>
<p>&quot;Ninety percent of businesses are closed and public transport, which is the most important, is paralyzed,&quot; said Lenin Marcano, mayor of the La Vargas district through which most of the toll road runs.</p>
<p>Marcano has led protests against the recent toll increase by the highway concession owner Asoven, which is majority owned by Mexican construction giant Empresas ICA.  </p>
<p>He said the La Guaira port, Venezuela's largest, was only working for emergency cases at about five percent of normal capacity. The country's main international and national airports, also located in La Guaira, were operating normally.</p>
<p>The protest started at midnight Tuesday (0400 GMT Wednesday) and was due to continue until 6 p.m. local time (2200 GMT).</p>
<p>Since taking over the 10-mile (16-km) Caracas-La Guaira road in April Asoven has raised the round trip toll for private cars tenfold to 100 bolivars ($0.21) and set tolls for heavy goods traffic of over 10,000 bolivars ($20.80).</p>
<p>The increased tolls are to fund a $214 million investment program to improve and maintain the highway.</p>
<p>Transport and Communications Minister Moises Orozco Graterol has said the government will not be swayed by the protests since it cannot afford to fund the necessary repairs to the highway.</p>
<p>The 30-year concession is the first to be awarded under a reformed law passed in 1994.</p>
<p>((-- Paul Hughes, Caracas newsroom, 582 505 2600))</p>
</text>
<copyright>(c) Reuters Limited 1997</copyright>
<metadata>
<codes class="bip:countries:1.0">
  <code code="VEN">
    <editdetail attribution="Reuters BIP Coding Group" action="confirmed" date="1997-05-14"/>
  </code>
</codes>
<codes class="bip:industries:1.0">
  <code code="I50100">
    <editdetail attribution="Reuters BIP Coding Group" action="confirmed" date="1997-05-14"/>
  </code>
</codes>
<codes class="bip:topics:1.0">
  <code code="C31">
    <editdetail attribution="Reuters BIP Coding Group" action="confirmed" date="1997-05-14"/>
  </code>
  <code code="CCAT">
    <editdetail attribution="Reuters BIP Coding Group" action="confirmed" date="1997-05-14"/>
  </code>
  <code code="E41">
    <editdetail attribution="Reuters BIP Coding Group" action="confirmed" date="1997-05-14"/>
  </code>
  <code code="ECAT">
    <editdetail attribution="Reuters BIP Coding Group" action="confirmed" date="1997-05-14"/>
  </code>
  <code code="GCAT">
    <editdetail attribution="Reuters BIP Coding Group" action="confirmed" date="1997-05-14"/>
  </code>
  <code code="GJOB">
    <editdetail attribution="Reuters BIP Coding Group" action="confirmed" date="1997-05-14"/>
  </code>
</codes>
<dc element="dc.date.created" value="1997-05-14"/>
<dc element="dc.publisher" value="Reuters Holdings Plc"/>
<dc element="dc.date.published" value="1997-05-14"/>
<dc element="dc.source" value="Reuters"/>
<dc element="dc.creator.location" value="CARACAS"/>
<dc element="dc.creator.location.country.name" value="VENEZUELA"/>
<dc element="dc.source" value="Reuters"/>
</metadata>
</newsitem>
