<?xml version="1.0" encoding="iso-8859-1" ?>
<newsitem itemid="69531" id="root" date="1996-09-22" xml:lang="en">
<title>CHINA: China foreign trade minister to visit U.S.</title>
<headline>China foreign trade minister to visit U.S.</headline>
<dateline>BEIJING</dateline>
<text>
<p>China's Foreign Trade Minister Wu Yi will visit the United States this month for consultations on bilateral trade issues, the Xinhua news agency said on Sunday.</p>
<p>Wu will head an economic and trade delegation to the United States from Sept. 26-27 at the invitation of U.S. Commerce Secretary Mickey Kantor, Xinhua said.</p>
<p>Wu and Kantor would co-chair the 10th meeting of the Sino-U.S. Joint Committee of Commerce and Trade, discussing trade and investment, legal issues and industrial cooperation, the agency said. It gave no further details.</p>
<p>U.S. trade officials this month announced punitive charges against China's 1996 textile and apparel quotas.</p>
<p>Beijing urged the United States not to politicize trade disputes by slashing the quotas, saying the door was open for consultations to reach a conclusion satisfactory to both sides. China has pledged to crackdown on illegal transshipments of textiles.</p>
<p>In February 1995 and in June this year, Beijing and Washington only narrowly avoided what would have been a bruising trade war over China allowing widespread copyright piracy to go unchecked.</p>
</text>
<copyright>(c) Reuters Limited 1996</copyright>
<metadata>
<codes class="bip:countries:1.0">
  <code code="CHINA">
    <editdetail attribution="Reuters BIP Coding Group" action="confirmed" date="1996-09-22"/>
  </code>
  <code code="USA">
    <editdetail attribution="Reuters BIP Coding Group" action="confirmed" date="1996-09-22"/>
  </code>
</codes>
<codes class="bip:topics:1.0">
  <code code="E51">
    <editdetail attribution="Reuters BIP Coding Group" action="confirmed" date="1996-09-22"/>
  </code>
  <code code="E512">
    <editdetail attribution="Reuters BIP Coding Group" action="confirmed" date="1996-09-22"/>
  </code>
  <code code="ECAT">
    <editdetail attribution="Reuters BIP Coding Group" action="confirmed" date="1996-09-22"/>
  </code>
  <code code="GCAT">
    <editdetail attribution="Reuters BIP Coding Group" action="confirmed" date="1996-09-22"/>
  </code>
  <code code="GDIP">
    <editdetail attribution="Reuters BIP Coding Group" action="confirmed" date="1996-09-22"/>
  </code>
</codes>
<dc element="dc.publisher" value="Reuters Holdings Plc"/>
<dc element="dc.date.published" value="1996-09-22"/>
<dc element="dc.source" value="Reuters"/>
<dc element="dc.creator.location" value="BEIJING"/>
<dc element="dc.creator.location.country.name" value="CHINA"/>
<dc element="dc.source" value="Reuters"/>
</metadata>
</newsitem>
