<?xml version="1.0" encoding="iso-8859-1" ?>
<newsitem itemid="549226" id="root" date="1997-04-30" xml:lang="en">
<title>USA: Continental Materials Corp Q1 loss narrows.</title>
<headline>Continental Materials Corp Q1 loss narrows.</headline>
<dateline>CHICAGO 1997-04-30</dateline>
<text>
<p>1997			1996</p>
<p> Shr	  loss	  $0.04     loss	 $0.52</p>
<p> Net	  loss	     42     loss	   577</p>
<p> Revs			20,905		   17,852</p>
<p> Avg shrs		   1,104		    1,110</p>
<p>(All data above 000s except per share numbers)</p>
<p>((--Chicago newsdesk, 312-408-8787))</p>
</text>
<copyright>(c) Reuters Limited 1997</copyright>
<metadata>
<codes class="bip:countries:1.0">
  <code code="USA">
    <editdetail attribution="Reuters BIP Coding Group" action="confirmed" date="1997-04-30"/>
  </code>
</codes>
<codes class="bip:industries:1.0">
  <code code="I24300">
    <editdetail attribution="Reuters BIP Coding Group" action="confirmed" date="1997-04-30"/>
  </code>
</codes>
<codes class="bip:topics:1.0">
  <code code="C15">
    <editdetail attribution="Reuters BIP Coding Group" action="confirmed" date="1997-04-30"/>
  </code>
  <code code="C151">
    <editdetail attribution="Reuters BIP Coding Group" action="confirmed" date="1997-04-30"/>
  </code>
  <code code="CCAT">
    <editdetail attribution="Reuters BIP Coding Group" action="confirmed" date="1997-04-30"/>
  </code>
</codes>
<dc element="dc.date.created" value="1997-04-30"/>
<dc element="dc.publisher" value="Reuters Holdings Plc"/>
<dc element="dc.date.published" value="1997-04-30"/>
<dc element="dc.source" value="Reuters"/>
<dc element="dc.creator.location" value="CHICAGO"/>
<dc element="dc.creator.location.country.name" value="USA"/>
<dc element="dc.source" value="Reuters"/>
</metadata>
</newsitem>
