<?xml version="1.0" encoding="iso-8859-1" ?>
<newsitem itemid="508528" id="root" date="1997-04-15" xml:lang="en">
<title>UK: DIARY - WORLD SPORTS - TO MAY 16.</title>
<headline>DIARY - WORLD SPORTS - TO MAY 16.</headline>
<dateline>LONDON 1996-04-16</dateline>
<text>
<p>World Sports diary for period</p>
<p>April 17 to May 16 (all times GMT):</p>
<p>THURSDAY, APRIL 17</p>
<p>TENNIS</p>
<p> Japan Open men's tournament (continued to 20)		Tokyo</p>
<p>Barcelona Open men's tournament (continued to 20)</p>
<p>Barcelona</p>
<p>SWIMMING</p>
<p> World short course championships (to 20)    Gothenburg, Sweden</p>
<p>GOLF</p>
<p> Cannes Open (to 20)				     Cannes, France</p>
<p> MCI Classic (to 20)	   Hilton Head Island, South Carolina</p>
<p>CRICKET</p>
<p> West Indies v India, fifth test (to 21)     Georgetown, Guyana</p>
<p>FRIDAY, APRIL 18</p>
<p>RUGBY UNION</p>
<p>Super 12 tournament</p>
<p>Otago v Australian Capital Territory</p>
<p>					(0735)  Invercargill, New Zealand</p>
<p>SATURDAY, APRIL 19</p>
<p>RUGBY UNION</p>
<p>Super 12 tournament</p>
<p> Auckland v Gauteng Lions     (0235)	Auckland, New Zealand</p>
<p> Northern Transvaal v Waikato (1315)     Pretoria, South Africa</p>
<p> Canterbury v Natal	     (0735)  Christchurch, New Zealand</p>
<p> New South Wales v Queensland (1000)			   Sydney</p>
<p>SNOOKER</p>
<p>World professional championships</p>
<p> (to May 5)					    Sheffield, England</p>
<p>SOCCER</p>
<p>European match of the week</p>
<p>Liverpool v Manchester United (1015),</p>
<p> English premier league					 Liverpool</p>
<p>World Cup Asian zone qualifier</p>
<p> Jordan v Bahrain, group 3					  Dubai</p>
<p>SUNDAY, APRIL 20</p>
<p>MOTORCYCLING</p>
<p> Japanese Grand Prix						 Suzuka</p>
<p> Superbike world championship event		   Misano, Italy</p>
<p>ATHLETICS</p>
<p> Paris marathon							 Paris</p>
<p> Rotterdam marathon					     Rotterdam</p>
<p>CYCLING</p>
<p> Liege-Bastogne-Liege (World Cup) race	     Liege, Belgium</p>
<p>RUGBY UNION</p>
<p>Super 12 tournament</p>
<p> Wellington v Free State	    (0235)		 Wellington</p>
<p>SOCCER</p>
<p>World Cup Asian zone qualifier</p>
<p> Cambodia v Yemen		     (0830)		 Phnom Penh</p>
<p>World Cup CONCACAF zone final round</p>
<p> United States v Mexico	     (1045) Foxboro, Massachusetts</p>
<p>MONDAY, APRIL 21</p>
<p>ATHLETICS</p>
<p> Boston marathon						     Boston</p>
<p>TENNIS</p>
<p> Monte Carlo Open men's tournament (to 26)		   Monaco</p>
<p> Budapest Open women's tournament (to 26)		  Budapest</p>
<p> Danamon Open women's tournament (to 26)		    Jakarta</p>
<p>TUESDAY, APRIL 22</p>
<p>BASKETBALL</p>
<p>    Men's EuroLeague final four (to 24):			 Rome</p>
<p>Ljubljana (Slovenia) v Olympiakos (Greece)</p>
<p>Barcelona (Spain) v Villeurbanne (France)</p>
<p>SOCCER</p>
<p>UEFA Cup semifinals, second leg</p>
<p>Schalke (Germany) v Tenerife (Spain) (1845, first leg 0-1)</p>
<p> Monaco (France) v Internazionale (Italy)   (1830) (1-3)</p>
<p>World Cup Asian zone qualifier</p>
<p> United Arab Emirates v Bahrain, group 3			Dubai</p>
<p>WEDNESDAY, APRIL 23</p>
<p>SOCCER</p>
<p>    European Cup semifinals, second leg			     </p>
<p> Manchester United (England) v Borussia Dortmund (Germany)    </p>
<p>							  (1830) (0-1)</p>
<p> Juventus (Italy) v Ajax Amsterdam (Netherlands)		  </p>
<p>							  (1830) (2-1)</p>
<p>THURSDAY, APRIL 24</p>
<p>GOLF</p>
<p> Spanish Open (to 27)						Madrid</p>
<p>Greater Greensboro Classic (to 27)  Greensboro, North Carolina</p>
<p>CRICKET</p>
<p> Trinidad v India					   Port-of-Spain</p>
<p>SOCCER</p>
<p>    European Cup Winners' Cup semifinals, second leg	    </p>
<p> Fiorentina (Italy) v Barcelona (Spain)	    (1830) (1-1)</p>
<p>Liverpool (England) v Paris St Germain (France) (1830) (0-3)</p>
<p>TABLE TENNIS</p>
<p> World championships (to May 5)		 Manchester, England</p>
<p>FRIDAY, APRIL 25</p>
<p>RUGBY LEAGUE</p>
<p> Australia v New Zealand, Super League			Sydney</p>
<p>RUGBY UNION</p>
<p>Super 12 tournament</p>
<p> Canterbury v Gauteng Lions    (0735) Christchurch, New Zealand</p>
<p>SATURDAY, APRIL 26</p>
<p>SOCCER</p>
<p>European match of the week</p>
<p> Monaco v Marseille, French first division  (1800)	 Monaco</p>
<p>World Cup African zone qualifiers</p>
<p> Namibia v Egypt, group 2					Windhoek</p>
<p> Sierra Leone v Morocco, group 5  (1630)		   Freetown</p>
<p>World Cup Asian zone qualifiers:</p>
<p> United Arab Emirates v Jordan, group 3			 Dubai</p>
<p> Singapore v Kuwait, group 7				  Singapore</p>
<p>ICE HOCKEY</p>
<p>World Championship, Pool A (in Finland):</p>
<p> Czech Republic v Germany, Group A  (1300)		 Helsinki</p>
<p> Finland v France, Group A	    (1700)		 Helsinki</p>
<p> Canada v Norway, Group B	     (1200)		    Turku</p>
<p> Sweden v Italy, Group B		(1600)		    Turku</p>
<p>CRICKET</p>
<p>West Indies v India, first one-day international, Port-of-Spain</p>
<p>CYCLING</p>
<p> Amstel Gold (World Cup) race	     Maastricht, Netherlands</p>
<p>RUGBY UNION</p>
<p>Super 12 tournament</p>
<p>Australian Capital Territory v New South Wales</p>
<p>					 (0935)			Canberra</p>
<p> Wellington v Otago		(0235)		    Wellington</p>
<p> Free State v Waikato	    (1315)		  Bloemfontein</p>
<p>SUNDAY, APRIL 27</p>
<p>MOTOR RACING</p>
<p> San Marino Grand Prix	   (1200)		  Imola, Italy</p>
<p> Indycar world series race		   Nazareth, Pennsylvania</p>
<p>SOCCER</p>
<p> Rest of the World v Europe				   Barcelona</p>
<p>World Cup African zone qualifiers:</p>
<p> Burkina Faso v Nigeria, group 1			  Ouagadougou</p>
<p> Kenya v Guinea, group 1	    (1300)		    Nairobi</p>
<p> Tunisia v Liberia, group 2					 Tunis</p>
<p> Zambia v Congo, group 3					   Lusaka</p>
<p> Zaire v South Africa, group 3    (1430)			 Lome</p>
<p> Zimbabwe v Angola, group 4	 (1300)		     Harare</p>
<p> Cameroon v Togo, group 4					  Douala</p>
<p> Ghana v Gabon, group 5					     Accra</p>
<p>World Cup Asian zone qualifier</p>
<p> Cambodia v Indonesia	    (0830)		    Phnom Penh</p>
<p>World Cup CONCACAF zone final round</p>
<p> Canada v Jamaica						 Vancouver</p>
<p>ATHLETICS</p>
<p> Madrid marathon						     Madrid</p>
<p>RUGBY UNION</p>
<p>Super 12 tournament</p>
<p> Auckland v Natal		  (0235)			Auckland</p>
<p>CRICKET</p>
<p>West Indies v India, second one-day international,Port-of-Spain</p>
<p>ICE HOCKEY</p>
<p>    World championship, pool A:					 </p>
<p> Russia v Slovakia, Group A	  (1300)		   Helsinki</p>
<p> Finland v Czech Republic, Group A (1700)		   Helsinki</p>
<p> United States v Latvia, Group B   (1200)			Turku</p>
<p> Sweden v Canada, Group B	    (1600)			Turku</p>
<p>MONDAY, APRIL 28</p>
<p>TENNIS</p>
<p> BMW Open men's tournament (to May 4)			  Munich</p>
<p> Czech Republic Open men's tournament (to May 4)	   Prague</p>
<p> AT and T Challenge men's tournament (to May 4)	   Atlanta</p>
<p> Croatian Open women's touranment (to May 4)		    Bol</p>
<p> Rexona Cup women's tournament (to May 4)		   Hamburg</p>
<p>ICE HOCKEY</p>
<p>World Championship, Pool A:</p>
<p> Slovakia v France, Group A (1300)			   Helsinki</p>
<p> Germany v Russia, Group A  (1700)			   Helsinki</p>
<p>TUESDAY, APRIL 29</p>
<p>ICE HOCKEY</p>
<p>    World championship, pool A:					  </p>
<p> Germany v Finland, Group A (1600)			    Helsinki</p>
<p>SOCCER</p>
<p>World Cup</p>
<p>Chile v Venezuela, South Americanzone qualifier (0100) Santiago</p>
<p>European under-21 championship qualifiers:</p>
<p> Greece v Croatia, group 1			 (1800)	Edessa</p>
<p> England v Georgia, group 2			(1845)	London</p>
<p> Norway v Finland, group 3			 (1700)    Sognadal</p>
<p> Switzerland v Hungary, group 3		  (1730)  Winterthur</p>
<p> Austria v Estonia, group 4			(1600)   Amstetten</p>
<p> Sweden v Scotland, group 4			(1630) Trollhattan</p>
<p> Latvia v Belarus, group 4			 (1300)    Valmeira</p>
<p> Russia v Luxembourg, group 5		    (1500)	Moscow</p>
<p> Yugoslavia v Spain, group 6		     (1500)    Novi Sad</p>
<p> Turkey v Belgium, group 7			 (1700)    Istanbul</p>
<p> San Marino v Netherlands, group 7	     (1830)  San Marino</p>
<p> Romania v Ireland, group 8			(1745)   Bucharest</p>
<p> Germany v Ukraine, group 9			(1725)	Meppen</p>
<p>WEDNESDAY, APRIL 30</p>
<p>SOCCER</p>
<p>World Cup</p>
<p>European zone qualifiers:</p>
<p> Denmark v Slovenia, group 1	     (1715)	  Copenhagen</p>
<p> Greece v Croatia, group 1				 Thessalonika</p>
<p> England v Georgia, group 2		(1900)		London</p>
<p> Italy v Poland, group 2		   (1830)		Naples</p>
<p> Norway v Finland, group 3		 (1800)		  Oslo</p>
<p> Switzerland v Hungary, group 3	  (1815)		Zurich</p>
<p> Austria v Estonia, group 4		(1800)		Vienna</p>
<p> Sweden v Scotland, group 4		(1730)	  Gothenburg</p>
<p> Latvia v Belarus, group 4		 (1400)		  Riga</p>
<p> Israel v Cyprus, group 5		  (1230)	    Tel Aviv</p>
<p> Russia v Luxembourg, group 5	    (1500)		Moscow</p>
<p> Yugoslavia v Spain, group 6				   Belgrade</p>
<p> Malta v Faroe Islands, group 6	  (1615)	    Valletta</p>
<p> San Marino v Netherlands, group 7     (1830)	  San Marino</p>
<p> Turkey v Belgium, group 7		 (1730)	    Istanbul</p>
<p> Romania v Ireland, group 8		(1700)	   Bucharest</p>
<p> Liechtenstein v Lithuania, group 8    (1630)		 Vaduz</p>
<p> Germany v Ukraine, group 9		(1730)		Bremen</p>
<p> Armenia v Northern Ireland, group 9   (1200)	     Yerevan</p>
<p>South American zone qualifiers:</p>
<p> Argentina v Ecuador					 Buenos Aires</p>
<p> Paraguay v Uruguay						Asuncion</p>
<p> Colombia v Peru					     Barranquilla</p>
<p>European under-21 championship qualifiers:</p>
<p> Denmark v Slovenia, group 1	     (1230)		 Koege</p>
<p> Israel v Cyprus, group 5		  (1230)	    Tel Aviv</p>
<p>CRICKET</p>
<p> West Indies v India, third one-day international     St Vincent</p>
<p>ICE HOCKEY</p>
<p>    World championship, pool A:					  </p>
<p> Russia v France, Group A		  (1300)	    Helsinki</p>
<p> Czech Republic v Slovakia, Group A    (1700)	    Helsinki</p>
<p> United Stated v Italy, Group B	  (1200)		 Turku</p>
<p> Canada v Latvia, Group B		  (1600)		 Turku</p>
<p>THURSDAY, MAY 1</p>
<p>GOLF</p>
<p> Italian Open (to 4)					     Florence</p>
<p> Houston Open (to 4)			     The Woodlands, Texas</p>
<p>CYCLING</p>
<p> Tour DuPont (to 11)			     Wilmington, Delaware</p>
<p>ICE HOCKEY</p>
<p>World championship, pool A:</p>
<p> Czech Republic v Russia, Group A     (1600)	     Helsinki</p>
<p> Canada v United States, Group B	(1530)		  Turku</p>
<p>SOCCER</p>
<p>European under-21 championship qualifier</p>
<p> Italy v Poland, group 2					Benevento</p>
<p>FRIDAY, MAY 2</p>
<p>ICE HOCKEY</p>
<p>World championship, pool A:</p>
<p> France v Germany, Group A		(1300)	     Helsinki</p>
<p> Finland v Slovakia, Group A	    (1700)	     Helsinki</p>
<p> Italy v Norway, Group B		  (1200)		  Turku</p>
<p> Sweden v Latvia, Group B		 (1600)		  Turku</p>
<p>TENNIS</p>
<p>Davis Cup Euro/African zone group two, first round (to 4):</p>
<p> Egypt v Portugal						     Cairo</p>
<p> Finland v Greece						  Helsinki</p>
<p> Georgia v Slovenia						 Tbilisi</p>
<p> Ireland v Belarus						   Dublin</p>
<p> Ivory Coast v Latvia					     Abidjan</p>
<p> Lithuania v Yugoslavia					   Vilnius</p>
<p> Norway v Nigeria						   Snaroya</p>
<p> Poland v Ghana							Warsaw</p>
<p>RUGBY UNION</p>
<p>Super 12 tournament</p>
<p> Wellington v New South Wales   (0735)	Napier, New Zealand</p>
<p>SATURDAY, MAY 3</p>
<p>SOCCER</p>
<p>European feature match of the week</p>
<p>1860 Munich v Bayern Munich, German first division	 Munich</p>
<p>ATHLETICS</p>
<p> International meeting					  Barcelona</p>
<p> International meeting				   Bergen, Norway</p>
<p>BOXING</p>
<p>Prince Naseem Hamed (Britain) v Billy Hardy (Britain), IBF/WBO</p>
<p> featherweight boxing championship	    Manchester, England</p>
<p>CRICKET</p>
<p>West Indies v India, fourth one-day international, Bridgetown,</p>
<p>									Barbados</p>
<p>ICE HOCKEY</p>
<p>World championship, pool A:</p>
<p> France v Czech Republic, Group A    (1000)		Helsinki</p>
<p> Slovakia v Germany, Group A	   (1330)		Helsinki</p>
<p> Russia v Finland, Group A	     (1700)		Helsinki</p>
<p> Italy v Canada, Group B		 (1000)		   Turku</p>
<p> United States v Sweden, Group B     (1330)		   Turku</p>
<p> Latvia v Norway, Group B		(1700)		   Turku</p>
<p>HORSE RACING</p>
<p> English 2,000 Guineas					  Newmarket</p>
<p> Kentucky Derby						  Louisville</p>
<p>RUGBY LEAGUE</p>
<p>St Helens v Bradford Bulls,</p>
<p> English Challenge Cup final	   (1400)		  London</p>
<p>RUGBY UNION</p>
<p>Super 12 tournament</p>
<p> Northern Transvaal v Canterbury			     Pretoria</p>
<p> Otago v Auckland						   Dunedin</p>
<p> Queensland v Natal						Brisbane</p>
<p> Waikato v Gauteng Lions					 Hamilton</p>
<p>SUNDAY, MAY 4</p>
<p>ATHLETICS</p>
<p> IAAF Grand Prix meeting				 Rio de Janeiro</p>
<p> International marathon			     Vancouver, Canada</p>
<p> International marathon					    Munich</p>
<p>MOTORCYCLING</p>
<p> Spanish Grand Prix						   Jerez</p>
<p> Superbike world championship event	    Donington, England</p>
<p>MOTOCROSS</p>
<p> French 250cc Grand Prix					     Brou</p>
<p> Austrian 125cc Grand Prix				 Schwanestadt</p>
<p>RALLYING</p>
<p> Tour of Corsica (to 8)					   Ajaccio</p>
<p>HORSE RACING</p>
<p> English 1,000 Guineas					  Newmarket</p>
<p>SOCCER</p>
<p>World Cup Asian zone group 8 qualifiers</p>
<p>Turkmenistan v China</p>
<p> Tajikistan v Vietnam   (1200)				 Dushanbe</p>
<p>World Cup CONCACAF zone final round</p>
<p> El Salvador v Costa Rica				  San Salvador</p>
<p>MONDAY, MAY 5</p>
<p>ICE HOCKEY</p>
<p>World championship, pool A</p>
<p> Final round (two matches)				     Helsinki</p>
<p>TENNIS</p>
<p> Men's German Open (to 11)					Hamburg</p>
<p> U.S. Clay Court championships (to 11)   Pinehurst, Connecticut</p>
<p> Women's Italian Open (to 11)					Rome</p>
<p>TUESDAY, MAY 6</p>
<p>CYCLING</p>
<p> Dunkirk four-days (to 11)			    Dunkirk, France</p>
<p> Tour of Romandie (to 11)				   Switzerland</p>
<p>ICE HOCKEY</p>
<p>World championship, pool A</p>
<p> Final round (two matches)				     Helsinki</p>
<p>SOCCER</p>
<p>European under-21 championship qualifier</p>
<p> Ukraine v Armenia, group 9					   TBA</p>
<p>WEDNESDAY, MAY 7</p>
<p>SOCCER</p>
<p> Ukraine v Armenia, World Cup European zone		    Kiev</p>
<p> group 9 qualifier							  </p>
<p> UEFA Cup Final, first leg						</p>
<p>ICE HOCKEY</p>
<p>World championship, pool A</p>
<p> Final round (two matches)				     Helsinki</p>
<p>WRESTLING</p>
<p> European freestyle championships (to 10)	Varsovie, Poland</p>
<p>THURSDAY, MAY 8</p>
<p>GOLF</p>
<p> Benson and Hedges International Open (to 11)    Thame, England</p>
<p> BellSouth Classic (to 11)			  Marietta, Georgia</p>
<p>ICE HOCKEY</p>
<p>World championship, pool A</p>
<p> Final round (one match)					 Helsinki</p>
<p>SOCCER</p>
<p> Kuwait v Lebanon, World Cup Asian zone group 7 qualifier   TBA</p>
<p>FRIDAY, MAY 9</p>
<p>CRICKET</p>
<p> Pakistan v New Zealand, Independence Cup	 Delhi or Cochin</p>
<p>ICE HOCKEY</p>
<p>World championship, pool A</p>
<p> Final round (two matches)				     Helsinki</p>
<p>SOCCER</p>
<p>Yemen v Uzbekistan, World Cup Asian zone group 5 qualifier</p>
<p>						  (1300)		  Sanaa</p>
<p>RUGBY UNION</p>
<p>Super 12 tournament</p>
<p> Otago v New South Wales					  Dunedin</p>
<p> Australian Capital Territory v Waikato		    Canberra</p>
<p>RUGBY LEAGUE</p>
<p> New Zealand v Queensland, Super League			Sydney</p>
<p>SATURDAY, MAY 10</p>
<p>ATHLETICS</p>
<p> IAAF Grand Prix meeting				   Osaka, Japan</p>
<p> International meeting		    Eisenhuttenstadt, Germany</p>
<p>ICE HOCKEY</p>
<p>World championship, pool A</p>
<p> Final round, 3rd-4th place play-off			 Helsinki</p>
<p>RUGBY UNION</p>
<p>Super 12 tournament</p>
<p> Free Stage v Canterbury				   Bloemfontein</p>
<p> Auckland v Wellington					   Auckland</p>
<p> Queensland v Gauteng Lions				    Brisbane</p>
<p>Pacific Rim tounament</p>
<p> Canada v United States			     Vancouver, Canada</p>
<p>SUNDAY, MAY 11</p>
<p>MOTOR RACING</p>
<p> Monaco Grand Prix		 (1230)		   Monte Carlo</p>
<p> World GT championship, round 2		Silverstone, England</p>
<p>MOTOCROSS</p>
<p> Czech 250cc Grand Prix					     Loket</p>
<p> Italian 125cc Grand Prix					Maggoira</p>
<p>ATHLETICS</p>
<p> International marathon				    Turin, Italy</p>
<p>ICE HOCKEY</p>
<p>World championship, pool A</p>
<p> Match 1 of final						  Helsinki</p>
<p>SOCCER</p>
<p>World Cup Asian zone qualifiers</p>
<p> Kazakhstan v Pakistan					     Almaty</p>
<p> Turkmenistan v Tajikistan				     Ashkabad</p>
<p> Vietnam v China					 Ho Chi Minh City</p>
<p>World Cup CONCACAF zone final round</p>
<p> Costa Rica v Jamaica					    San Jose</p>
<p>RUGBY UNION</p>
<p>Super 12 tournament</p>
<p> Natal v Northern Transvaal					Durban</p>
<p>MONDAY, MAY 12</p>
<p>TENNIS</p>
<p> Men's Italian Open tennis (to 16)				 Rome</p>
<p>America's Red Clay championships</p>
<p> (to 16)					   Coral Springs, Florida</p>
<p> Women's German Open 9to 16)				     Berlin</p>
<p>TUESDAY, MAY 13</p>
<p>CRICKET</p>
<p> Pakistan v Sri Lanka, Independence Cup		    Gwalior</p>
<p>ICE HOCKEY</p>
<p>World championship, pool A</p>
<p> Match 2 of final						  Helsinki</p>
<p>WEDNESDAY, MAY 14</p>
<p>SOCCER</p>
<p> European Cup Winners' Cup Final			    Rotterdam</p>
<p>CRICKET</p>
<p> India v New Zealand, Independence Cup		     Bangalore</p>
<p>ICE HOCKEY</p>
<p>World championship, pool A</p>
<p> Match 3 of final - if required				Helsinki</p>
<p>THURSDAY, MAY 15</p>
<p>CRICKET</p>
<p> Duke of Norfolk's XI v Australia		  Arundel, England</p>
<p>GOLF</p>
<p> English Open (to 18)				    Arden, England</p>
<p> Byron Nelson Classic (to 18)			   Irving, Texas</p>
<p>JUDO</p>
<p> European championships (to 18)				  Greece</p>
<p>FRIDAY, MAY 16</p>
<p>CYCLING</p>
<p> Tour de l'Oise (to 18)					    France</p>
<p>SOCCER</p>
<p> Yemen v Cambodia, World Cup Asian zone qualifier	     TBA</p>
<p>RUGBY UNION</p>
<p>Super 12 tournament</p>
<p> Wakaito v Otago						   Hamilton</p>
<p> Northern Transvaal v Free State			    Pretoria</p>
<p> New South Wales v Auckland					Sydney</p>
<p>Reuters Sports Desk, Paul Radford +44 171 542 7920</p>
</text>
<copyright>(c) Reuters Limited 1997</copyright>
<metadata>
<codes class="bip:countries:1.0">
  <code code="AUSTR">
    <editdetail attribution="Reuters BIP Coding Group" action="confirmed" date="1997-04-15"/>
  </code>
  <code code="FRA">
    <editdetail attribution="Reuters BIP Coding Group" action="confirmed" date="1997-04-15"/>
  </code>
  <code code="GUY">
    <editdetail attribution="Reuters BIP Coding Group" action="confirmed" date="1997-04-15"/>
  </code>
  <code code="INDIA">
    <editdetail attribution="Reuters BIP Coding Group" action="confirmed" date="1997-04-15"/>
  </code>
  <code code="JAP">
    <editdetail attribution="Reuters BIP Coding Group" action="confirmed" date="1997-04-15"/>
  </code>
  <code code="NZ">
    <editdetail attribution="Reuters BIP Coding Group" action="confirmed" date="1997-04-15"/>
  </code>
  <code code="SPAIN">
    <editdetail attribution="Reuters BIP Coding Group" action="confirmed" date="1997-04-15"/>
  </code>
  <code code="SWED">
    <editdetail attribution="Reuters BIP Coding Group" action="confirmed" date="1997-04-15"/>
  </code>
  <code code="UK">
    <editdetail attribution="Reuters BIP Coding Group" action="confirmed" date="1997-04-15"/>
  </code>
  <code code="USA">
    <editdetail attribution="Reuters BIP Coding Group" action="confirmed" date="1997-04-15"/>
  </code>
</codes>
<codes class="bip:topics:1.0">
  <code code="GCAT">
    <editdetail attribution="Reuters BIP Coding Group" action="confirmed" date="1997-04-15"/>
  </code>
  <code code="GSPO">
    <editdetail attribution="Reuters BIP Coding Group" action="confirmed" date="1997-04-15"/>
  </code>
</codes>
<dc element="dc.date.created" value="1996-04-16"/>
<dc element="dc.publisher" value="Reuters Holdings Plc"/>
<dc element="dc.date.published" value="1997-04-15"/>
<dc element="dc.source" value="Reuters"/>
<dc element="dc.creator.location" value="LONDON"/>
<dc element="dc.creator.location.country.name" value="UK"/>
<dc element="dc.source" value="Reuters"/>
</metadata>
</newsitem>
