<?xml version="1.0" encoding="iso-8859-1" ?>
<newsitem itemid="161393" id="root" date="1996-11-01" xml:lang="en">
<title>HONG KONG: Hengli to float A shares in Shenzhen.</title>
<headline>Hengli to float A shares in Shenzhen.</headline>
<dateline>HONG KONG 1996-11-01</dateline>
<text>
<p>Yueyang Hengli Air-conditioner Co Ltd has been given the go-ahead by the Shenzhen bourse to list 10 million A shares and three million staff shares in Shenzhen next Wednesday, a company spokesman said on Friday.</p>
<p>The A shares were issued at 5.98 yuan ($0.72) each in October, and the employee shares were offered at one yuan per share in 1993, the official told the Hong Kong-based newsletter, the China Securities Bulletin.</p>
<p>All of the shares would be for domestic investors.</p>
<p>The public portion of the offer would have a price-to- earnings ratio of 15.7 times based on estimated net profits of 0.38 yuan per share for 1996, the spokesman added.</p>
<p>Shanghai Shenyin &amp; Wanguo Securities has been appointed Hengli's listing promoter, the official said.</p>
<p>Hengli, which produces air-conditioners for buses and cars, said in its prospectus it would use proceeds to expand its core operations and revamp production facilities and technology.</p>
<p>Hengli, based in the city of Yueyang in central China's Hunan province, said it has forecast net earnings of 19.79 million yuan for this year, compared with 7.45 million yuan in 1995 and 3.79 million yuan a year earlier.</p>
</text>
<copyright>(c) Reuters Limited 1996</copyright>
<metadata>
<codes class="bip:countries:1.0">
  <code code="CHINA">
    <editdetail attribution="Reuters BIP Coding Group" action="confirmed" date="1996-11-01"/>
  </code>
</codes>
<codes class="bip:industries:1.0">
  <code code="I32840">
    <editdetail attribution="Reuters BIP Coding Group" action="confirmed" date="1996-11-01"/>
  </code>
</codes>
<codes class="bip:topics:1.0">
  <code code="C14">
    <editdetail attribution="Reuters BIP Coding Group" action="confirmed" date="1996-11-01"/>
  </code>
  <code code="C17">
    <editdetail attribution="Reuters BIP Coding Group" action="confirmed" date="1996-11-01"/>
  </code>
  <code code="C171">
    <editdetail attribution="Reuters BIP Coding Group" action="confirmed" date="1996-11-01"/>
  </code>
  <code code="CCAT">
    <editdetail attribution="Reuters BIP Coding Group" action="confirmed" date="1996-11-01"/>
  </code>
</codes>
<dc element="dc.date.created" value="1996-11-01"/>
<dc element="dc.publisher" value="Reuters Holdings Plc"/>
<dc element="dc.date.published" value="1996-11-01"/>
<dc element="dc.source" value="Reuters"/>
<dc element="dc.creator.location" value="HONG KONG"/>
<dc element="dc.creator.location.country.name" value="HONG KONG"/>
<dc element="dc.source" value="Reuters"/>
</metadata>
</newsitem>
