<?xml version="1.0" encoding="iso-8859-1" ?>
<newsitem itemid="536790" id="root" date="1997-04-24" xml:lang="en">
<title>USA: Mitek Systems Inc Q2 net income declines.</title>
<headline>Mitek Systems Inc Q2 net income declines.</headline>
<dateline>SAN DIEGO 1997-04-23</dateline>
<text>
<p>Three months ended  Six months ended</p>
<p>				 March 31,		 March 31,</p>
<p>			    1997	 1996	  1997	 1996</p>
<p> Net sales	 $1,875,000 $1,924,000  $2,976,000 $3,749,000</p>
<p>Cost of goods sold</p>
<p>			  481,000    737,000     882,000  1,476,000</p>
<p> Gross margin     1,394,000  1,187,000   2,094,000  2,273,000</p>
<p>Costs and expenses:</p>
<p>Selling and marketing</p>
<p>			  510,000    283,000     935,000    587,000</p>
<p>General and</p>
<p>   administrative   372,000    259,000     675,000    613,000</p>
<p>Research and</p>
<p>   development	320,000    319,000     624,000    587,000</p>
<p>  Interest	   (36,000)     33,000    (49,000)     82,000</p>
<p>Total costs and</p>
<p>   expenses	 1,166,000    894,000   2,185,000  1,869,000</p>
<p>Income (loss) before</p>
<p>  income taxes	228,000    293,000    (91,000)    404,000</p>
<p>Provision (benefit)</p>
<p>  for income taxes   23,000     38,000     (9,000)     60,000</p>
<p> Net income (loss)  205,000    255,000    (82,000)    344,000</p>
<p>Earnings (loss)</p>
<p>per share:</p>
<p>Common and common-</p>
<p>equivalent shares</p>
<p>			    2 cts	3 cts	(1 ct)	4 cts</p>
<p>Weighted average</p>
<p>common and common-</p>
<p>equivalent shares</p>
<p>		     11,254,329  7,952,297  10,520,715  7,898,307</p>
</text>
<copyright>(c) Reuters Limited 1997</copyright>
<metadata>
<codes class="bip:countries:1.0">
  <code code="USA">
    <editdetail attribution="Reuters BIP Coding Group" action="confirmed" date="1997-04-24"/>
  </code>
</codes>
<codes class="bip:industries:1.0">
  <code code="I33020">
    <editdetail attribution="Reuters BIP Coding Group" action="confirmed" date="1997-04-24"/>
  </code>
  <code code="I3302004">
    <editdetail attribution="Reuters BIP Coding Group" action="confirmed" date="1997-04-24"/>
  </code>
</codes>
<codes class="bip:topics:1.0">
  <code code="C15">
    <editdetail attribution="Reuters BIP Coding Group" action="confirmed" date="1997-04-24"/>
  </code>
  <code code="C151">
    <editdetail attribution="Reuters BIP Coding Group" action="confirmed" date="1997-04-24"/>
  </code>
  <code code="CCAT">
    <editdetail attribution="Reuters BIP Coding Group" action="confirmed" date="1997-04-24"/>
  </code>
</codes>
<dc element="dc.date.created" value="1997-04-23"/>
<dc element="dc.publisher" value="Reuters Holdings Plc"/>
<dc element="dc.date.published" value="1997-04-24"/>
<dc element="dc.source" value="Reuters"/>
<dc element="dc.creator.location" value="SAN DIEGO"/>
<dc element="dc.creator.location.country.name" value="USA"/>
<dc element="dc.source" value="Reuters"/>
</metadata>
</newsitem>
