<?xml version="1.0" encoding="iso-8859-1" ?>
<newsitem itemid="550949" id="root" date="1997-04-30" xml:lang="en">
<title>USA: N.J. vote on $636 mln rail link on hold - paper.</title>
<headline>N.J. vote on $636 mln rail link on hold - paper.</headline>
<dateline>NEW YORK 1997-04-30</dateline>
<text>
<p>New Jersey transportation officials postponed voting on a $636 million light-rail link between Newark and Elizabeth after a proposal would have focused initial work only in Newark, the Star Ledger reported Wednesday.</p>
<p>Uncoupling the southern eight miles and concentrating just on the northern segment connecting Newark's Penn Station to Broad Street would be a &quot;death sentence&quot; for the prject, according to officials involved in the project, the newspaper said.</p>
<p>New Jersey Transit staff proposed the split development idea, and the ensuing criticism prompted the state to postpone a board vote on the entire project.</p>
<p>--Steven Dickson, 212-859-1652</p>
</text>
<copyright>(c) Reuters Limited 1997</copyright>
<metadata>
<codes class="bip:countries:1.0">
  <code code="USA">
    <editdetail attribution="Reuters BIP Coding Group" action="confirmed" date="1997-04-30"/>
  </code>
</codes>
<codes class="bip:industries:1.0">
  <code code="I71000">
    <editdetail attribution="Reuters BIP Coding Group" action="confirmed" date="1997-04-30"/>
  </code>
</codes>
<codes class="bip:topics:1.0">
  <code code="C13">
    <editdetail attribution="Reuters BIP Coding Group" action="confirmed" date="1997-04-30"/>
  </code>
  <code code="C24">
    <editdetail attribution="Reuters BIP Coding Group" action="confirmed" date="1997-04-30"/>
  </code>
  <code code="CCAT">
    <editdetail attribution="Reuters BIP Coding Group" action="confirmed" date="1997-04-30"/>
  </code>
</codes>
<dc element="dc.date.created" value="1997-04-30"/>
<dc element="dc.publisher" value="Reuters Holdings Plc"/>
<dc element="dc.date.published" value="1997-04-30"/>
<dc element="dc.source" value="Reuters"/>
<dc element="dc.creator.location" value="NEW YORK"/>
<dc element="dc.creator.location.country.name" value="USA"/>
<dc element="dc.source" value="Reuters"/>
</metadata>
</newsitem>
