<?xml version="1.0" encoding="iso-8859-1" ?>
<newsitem itemid="401295" id="root" date="1997-02-25" xml:lang="en">
<title>USA: US copper refinery shipments rise in October -ABMS.</title>
<headline>US copper refinery shipments rise in October -ABMS.</headline>
<dateline>NEW YORK 1997-02-25</dateline>
<text>
<p>Shipments of copper cathode by refineries in the United States rose to 208,800 short tons in October 1996, up from 184,500 short tons in September, the American Bureau of Metal Statistics reported.</p>
<p>Imports from non-U.S. refiners in October were 38,000 tons, down from 56,500 tons in September.</p>
<p>ABMS has altered the way it gathers global copper data which has led to major revisions.</p>
<p>Refined cathode production in the U.S. in October was 223,100 short tons, up from 196,900 tons in September.</p>
<p>Inventory at the end of October at U.S. refineries totaled 13,000 tons, down from 14,100 tons in September.</p>
<p>Inventory at refineries outside the U.S. in October were 161,700 tons, barely changed from September's 161,800 tons.</p>
<p>((New York Commodity Desk 212-859-1646))</p>
</text>
<copyright>(c) Reuters Limited 1997</copyright>
<metadata>
<codes class="bip:countries:1.0">
  <code code="USA">
    <editdetail attribution="Reuters BIP Coding Group" action="confirmed" date="1997-02-25"/>
  </code>
</codes>
<codes class="bip:industries:1.0">
  <code code="I22460">
    <editdetail attribution="Reuters BIP Coding Group" action="confirmed" date="1997-02-25"/>
  </code>
</codes>
<codes class="bip:topics:1.0">
  <code code="C21">
    <editdetail attribution="Reuters BIP Coding Group" action="confirmed" date="1997-02-25"/>
  </code>
  <code code="C31">
    <editdetail attribution="Reuters BIP Coding Group" action="confirmed" date="1997-02-25"/>
  </code>
  <code code="CCAT">
    <editdetail attribution="Reuters BIP Coding Group" action="confirmed" date="1997-02-25"/>
  </code>
  <code code="M14">
    <editdetail attribution="Reuters BIP Coding Group" action="confirmed" date="1997-02-25"/>
  </code>
  <code code="M142">
    <editdetail attribution="Reuters BIP Coding Group" action="confirmed" date="1997-02-25"/>
  </code>
  <code code="MCAT">
    <editdetail attribution="Reuters BIP Coding Group" action="confirmed" date="1997-02-25"/>
  </code>
</codes>
<dc element="dc.date.created" value="1997-02-25"/>
<dc element="dc.publisher" value="Reuters Holdings Plc"/>
<dc element="dc.date.published" value="1997-02-25"/>
<dc element="dc.source" value="Reuters"/>
<dc element="dc.creator.location" value="NEW YORK"/>
<dc element="dc.creator.location.country.name" value="USA"/>
<dc element="dc.source" value="Reuters"/>
</metadata>
</newsitem>
