<?xml version="1.0" encoding="iso-8859-1" ?>
<newsitem itemid="274358" id="root" date="1996-12-23" xml:lang="en">
<title>MALAYSIA: Taiping Super debuts at 8.50 rgt.</title>
<headline>Taiping Super debuts at 8.50 rgt.</headline>
<dateline>KUALA LUMPUR 1996-12-23</dateline>
<text>
<p>Shares of Taiping Super Bhd debuted on the Kuala Lumpur Stock Exchange (KLSE) on Monday at 8.50 ringgit.</p>
<p>The company, which makes buses, had offered 2.15 million shares to the Malaysian public at 2.50 ringgit per share.  </p>
<p>Taiping Super is listed on the KLSE's Second Board.</p>
<p>At 0140 GMT, the stock was trading at 10.00 ringgit after more than 700,000 shares had changed hands.</p>
<p>Taiping Super estimated a net profit of 1.67 million ringgit or net earnings per share of 32 cents for the year ending December 31, 1996. For the 1997 financial year, it has projected a net profit of 8.38 million ringgit or net earnings per share of 60 cents.</p>
<p>-- Kuala Lumpur newsroom (603-230 8911)</p>
</text>
<copyright>(c) Reuters Limited 1996</copyright>
<metadata>
<codes class="bip:countries:1.0">
  <code code="MALAY">
    <editdetail attribution="Reuters BIP Coding Group" action="confirmed" date="1996-12-23"/>
  </code>
</codes>
<codes class="bip:industries:1.0">
  <code code="I35102">
    <editdetail attribution="Reuters BIP Coding Group" action="confirmed" date="1996-12-23"/>
  </code>
</codes>
<codes class="bip:topics:1.0">
  <code code="C14">
    <editdetail attribution="Reuters BIP Coding Group" action="confirmed" date="1996-12-23"/>
  </code>
  <code code="C15">
    <editdetail attribution="Reuters BIP Coding Group" action="confirmed" date="1996-12-23"/>
  </code>
  <code code="C152">
    <editdetail attribution="Reuters BIP Coding Group" action="confirmed" date="1996-12-23"/>
  </code>
  <code code="C17">
    <editdetail attribution="Reuters BIP Coding Group" action="confirmed" date="1996-12-23"/>
  </code>
  <code code="C171">
    <editdetail attribution="Reuters BIP Coding Group" action="confirmed" date="1996-12-23"/>
  </code>
  <code code="CCAT">
    <editdetail attribution="Reuters BIP Coding Group" action="confirmed" date="1996-12-23"/>
  </code>
</codes>
<dc element="dc.date.created" value="1996-12-23"/>
<dc element="dc.publisher" value="Reuters Holdings Plc"/>
<dc element="dc.date.published" value="1996-12-23"/>
<dc element="dc.source" value="Reuters"/>
<dc element="dc.creator.location" value="KUALA LUMPUR"/>
<dc element="dc.creator.location.country.name" value="MALAYSIA"/>
<dc element="dc.source" value="Reuters"/>
</metadata>
</newsitem>
