<?xml version="1.0" encoding="iso-8859-1" ?>
<newsitem itemid="562262" id="root" date="1997-05-06" xml:lang="en">
<title>UK: BoE's George - new regime may cut costs of low RPI.</title>
<headline>BoE's George - new regime may cut costs of low RPI.</headline>
<dateline>LONDON 1997-05-06</dateline>
<text>
<p>Bank of England Governor Eddie George said on Tuesday reforms to Britain's monetary policy structure would cut the costs of keeping inflation low.</p>
<p>&quot;People will be persuaded we are really serious about inflation,&quot; he told BBC Television. &quot;That will actually reduce the cost of achieving low inflation and that will be good for the economy.&quot;</p>
<p>Earlier, Chancellor of the Exchequer Gordon Brown announced he would give the Bank operational independence to set interest rates and set up a new monetary policy committee which will hold executive power.</p>
<p>Economists said the new regime removed the threat of rates being moved for political purposes, leaving the markets more confident that inflation will be kept under control.</p>
<p>That in turn could reduce the risk premium on government bonds, allowing debt to be issued more cheaply.</p>
<p>-- Mike Peacock, London Newsroom +44 171 542 5109</p>
</text>
<copyright>(c) Reuters Limited 1997</copyright>
<metadata>
<codes class="bip:countries:1.0">
  <code code="UK">
    <editdetail attribution="Reuters BIP Coding Group" action="confirmed" date="1997-05-06"/>
  </code>
</codes>
<codes class="bip:industries:1.0">
  <code code="I81401">
    <editdetail attribution="Reuters BIP Coding Group" action="confirmed" date="1997-05-06"/>
  </code>
</codes>
<codes class="bip:topics:1.0">
  <code code="E12">
    <editdetail attribution="Reuters BIP Coding Group" action="confirmed" date="1997-05-06"/>
  </code>
  <code code="E13">
    <editdetail attribution="Reuters BIP Coding Group" action="confirmed" date="1997-05-06"/>
  </code>
  <code code="E131">
    <editdetail attribution="Reuters BIP Coding Group" action="confirmed" date="1997-05-06"/>
  </code>
  <code code="ECAT">
    <editdetail attribution="Reuters BIP Coding Group" action="confirmed" date="1997-05-06"/>
  </code>
</codes>
<dc element="dc.date.created" value="1997-05-06"/>
<dc element="dc.publisher" value="Reuters Holdings Plc"/>
<dc element="dc.date.published" value="1997-05-06"/>
<dc element="dc.source" value="Reuters"/>
<dc element="dc.creator.location" value="LONDON"/>
<dc element="dc.creator.location.country.name" value="UK"/>
<dc element="dc.source" value="Reuters"/>
</metadata>
</newsitem>
