<?xml version="1.0" encoding="iso-8859-1" ?>
<newsitem itemid="502971" id="root" date="1997-04-11" xml:lang="en">
<title>USA: Hussey copper price cut one cent to 124 cents a lb.</title>
<headline>Hussey copper price cut one cent to 124 cents a lb.</headline>
<dateline>NEW YORK 1997-04-11</dateline>
<text>
<p>Hussey Copper Ltd said its contained copper price was cut one cent to 124.00 cents a lb, effective with today's shipments.</p>
<p>--New York Commodity Desk, 212-859-1640</p>
</text>
<copyright>(c) Reuters Limited 1997</copyright>
<metadata>
<codes class="bip:countries:1.0">
  <code code="USA">
    <editdetail attribution="Reuters BIP Coding Group" action="confirmed" date="1997-04-11"/>
  </code>
</codes>
<codes class="bip:topics:1.0">
  <code code="M14">
    <editdetail attribution="Reuters BIP Coding Group" action="confirmed" date="1997-04-11"/>
  </code>
  <code code="M142">
    <editdetail attribution="Reuters BIP Coding Group" action="confirmed" date="1997-04-11"/>
  </code>
  <code code="MCAT">
    <editdetail attribution="Reuters BIP Coding Group" action="confirmed" date="1997-04-11"/>
  </code>
</codes>
<dc element="dc.date.created" value="1997-04-11"/>
<dc element="dc.publisher" value="Reuters Holdings Plc"/>
<dc element="dc.date.published" value="1997-04-11"/>
<dc element="dc.source" value="Reuters"/>
<dc element="dc.creator.location" value="NEW YORK"/>
<dc element="dc.creator.location.country.name" value="USA"/>
<dc element="dc.source" value="Reuters"/>
</metadata>
</newsitem>
