<?xml version="1.0" encoding="iso-8859-1" ?>
<newsitem itemid="142362" id="root" date="1996-10-24" xml:lang="en">
<title>GERMANY: Germans seek free mkt wheat, barley, rye export.</title>
<headline>Germans seek free mkt wheat, barley, rye export.</headline>
<dateline>FRANKFURT 1996-10-24</dateline>
<text>
<p>German grain traders sought to export 8,000 tonnes of free market soft wheat with restitutions in a range of 6.05-12.85 Ecus a tonne, grain intervention board BLE said on Thursday.</p>
<p>BLE also received bids for 5,000 tonnes of free market barley exports, with rebates in a 30.05-34.72 Ecus range, and for 5,000 tonnes of free market rye, where the range of rebates was 32.47-34.47 Ecus.</p>
<p>--Hamburg newsroom, +49-40-41903275</p>
</text>
<copyright>(c) Reuters Limited 1996</copyright>
<metadata>
<codes class="bip:countries:1.0">
  <code code="GFR">
    <editdetail attribution="Reuters BIP Coding Group" action="confirmed" date="1996-10-24"/>
  </code>
</codes>
<codes class="bip:topics:1.0">
  <code code="M14">
    <editdetail attribution="Reuters BIP Coding Group" action="confirmed" date="1996-10-24"/>
  </code>
  <code code="M141">
    <editdetail attribution="Reuters BIP Coding Group" action="confirmed" date="1996-10-24"/>
  </code>
  <code code="MCAT">
    <editdetail attribution="Reuters BIP Coding Group" action="confirmed" date="1996-10-24"/>
  </code>
</codes>
<dc element="dc.date.created" value="1996-10-24"/>
<dc element="dc.publisher" value="Reuters Holdings Plc"/>
<dc element="dc.date.published" value="1996-10-24"/>
<dc element="dc.source" value="Reuters"/>
<dc element="dc.creator.location" value="FRANKFURT"/>
<dc element="dc.creator.location.country.name" value="GERMANY"/>
<dc element="dc.source" value="Reuters"/>
</metadata>
</newsitem>
