<?xml version="1.0" encoding="iso-8859-1" ?>
<newsitem itemid="232089" id="root" date="1996-12-03" xml:lang="en">
<title>UK: Major says no Emu decision ahead of election.</title>
<headline>Major says no Emu decision ahead of election.</headline>
<dateline>LONDON 1996-12-03</dateline>
<text>
<p>Prime Minister John Major said on Tuesday his Government would not decide ahead of a general election whether Britain should join a single European currency.</p>
<p>&quot;This remains unequivocally the position of the Government,&quot; Major said in Parliament in reply to a question from Labour leader Tony Blair.  </p>
<p>Major also reaffirmed an assurance given earlier on Tuesday by deputy Prime Minister Michael Heseltine that the Conservatives would not budge from a wait-and-see attitude to Economic and Monetary Union during the election campaign.</p>
<p>Major must call a general election by May 22.</p>
<p>He said finance minister Kenneth Clarke would spell out in a statement that he had won assurances at a meeting of European Union ministers in Brussels on Monday that a proposed stability pact limiting EMU members' budget deficits would not apply to Britain.</p>
<p>&quot;Our position is legally protected under the treaty but we do intend to ensure that the detailed regulations leave no room for ambiguity,&quot; Major said.</p>
</text>
<copyright>(c) Reuters Limited 1996</copyright>
<metadata>
<codes class="bip:countries:1.0">
  <code code="EEC">
    <editdetail attribution="Reuters BIP Coding Group" action="confirmed" date="1996-12-03"/>
  </code>
  <code code="UK">
    <editdetail attribution="Reuters BIP Coding Group" action="confirmed" date="1996-12-03"/>
  </code>
</codes>
<codes class="bip:topics:1.0">
  <code code="E12">
    <editdetail attribution="Reuters BIP Coding Group" action="confirmed" date="1996-12-03"/>
  </code>
  <code code="ECAT">
    <editdetail attribution="Reuters BIP Coding Group" action="confirmed" date="1996-12-03"/>
  </code>
  <code code="G15">
    <editdetail attribution="Reuters BIP Coding Group" action="confirmed" date="1996-12-03"/>
  </code>
  <code code="G154">
    <editdetail attribution="Reuters BIP Coding Group" action="confirmed" date="1996-12-03"/>
  </code>
  <code code="GCAT">
    <editdetail attribution="Reuters BIP Coding Group" action="confirmed" date="1996-12-03"/>
  </code>
  <code code="GPOL">
    <editdetail attribution="Reuters BIP Coding Group" action="confirmed" date="1996-12-03"/>
  </code>
  <code code="M13">
    <editdetail attribution="Reuters BIP Coding Group" action="confirmed" date="1996-12-03"/>
  </code>
  <code code="M132">
    <editdetail attribution="Reuters BIP Coding Group" action="confirmed" date="1996-12-03"/>
  </code>
  <code code="MCAT">
    <editdetail attribution="Reuters BIP Coding Group" action="confirmed" date="1996-12-03"/>
  </code>
</codes>
<dc element="dc.date.created" value="1996-12-03"/>
<dc element="dc.publisher" value="Reuters Holdings Plc"/>
<dc element="dc.date.published" value="1996-12-03"/>
<dc element="dc.source" value="Reuters"/>
<dc element="dc.creator.location" value="LONDON"/>
<dc element="dc.creator.location.country.name" value="UK"/>
<dc element="dc.source" value="Reuters"/>
</metadata>
</newsitem>
