<?xml version="1.0" encoding="iso-8859-1" ?>
<newsitem itemid="105505" id="root" date="1996-10-09" xml:lang="en">
<title>USA: La Porte, Ind., $2.7 mln rated Baa1 by Moody's.</title>
<headline>La Porte, Ind., $2.7 mln rated Baa1 by Moody's.</headline>
<text>
<p>NEW YORK, Oct 9 - Moody's Investors Service - Rating Announcement As of 10/07/96.</p>
<p>Issuer		: La Porte</p>
<p>State		 : IN</p>
<p>Rating		: Baa1</p>
<p>Sale Amount	 : 2,735,000</p>
<p>Expected Sale Date: 10/09/96</p>
</text>
<copyright>(c) Reuters Limited 1996</copyright>
<metadata>
<codes class="bip:countries:1.0">
  <code code="USA">
    <editdetail attribution="Reuters BIP Coding Group" action="confirmed" date="1996-10-09"/>
  </code>
</codes>
<codes class="bip:topics:1.0">
  <code code="C17">
    <editdetail attribution="Reuters BIP Coding Group" action="confirmed" date="1996-10-09"/>
  </code>
  <code code="C174">
    <editdetail attribution="Reuters BIP Coding Group" action="confirmed" date="1996-10-09"/>
  </code>
  <code code="CCAT">
    <editdetail attribution="Reuters BIP Coding Group" action="confirmed" date="1996-10-09"/>
  </code>
  <code code="E21">
    <editdetail attribution="Reuters BIP Coding Group" action="confirmed" date="1996-10-09"/>
  </code>
  <code code="E212">
    <editdetail attribution="Reuters BIP Coding Group" action="confirmed" date="1996-10-09"/>
  </code>
  <code code="ECAT">
    <editdetail attribution="Reuters BIP Coding Group" action="confirmed" date="1996-10-09"/>
  </code>
</codes>
<dc element="dc.publisher" value="Reuters Holdings Plc"/>
<dc element="dc.date.published" value="1996-10-09"/>
<dc element="dc.source" value="Reuters"/>
<dc element="dc.creator.location.country.name" value="USA"/>
<dc element="dc.source" value="Reuters"/>
</metadata>
</newsitem>
