<?xml version="1.0" encoding="iso-8859-1" ?>
<newsitem itemid="763714" id="root" date="1997-07-29" xml:lang="en">
<title>USA: TABLE-Berg Electronics Q2 net income rises.</title>
<headline>TABLE-Berg Electronics Q2 net income rises.</headline>
<dateline>ST. LOUIS 1997-07-29</dateline>
<text>
<p>BERG ELECTRONICS CORP</p>
<p> Three Months Ended June 30,		    1997	  1996</p>
<p> Net Sales					  202,505     178,063</p>
<p> Net income					   9,845	 7,612</p>
<p> Net EPS						 0.47	  0.37</p>
<p>Average common shares outstanding(a)  20,787,184  20,763,487</p>
<p> EBITDA						40,108	34,061</p>
<p> Cash earnings per share(b)			1.27	  1.11</p>
<p>		   ($ in thousands, except per share data)</p>
<p>NOTE: (a) Includes 20,518,972 and 20,471,038 shares actually outstanding, 1997 and 1996 respectively, plus effects of assumed exercise of outstanding options.</p>
<p>(b)  Cash EPS defined as net income plus depreciation and amortization, divided by average common shares outstanding.</p>
<p>				     ACTUAL		     PRO FORMA</p>
<p> Six Months Ended June 30,    1997	     1996     1996(a)</p>
<p> Net Sales		     391,016	   358,181    358,181</p>
<p>Net income before extraordinary</p>
<p>items and preferred stock</p>
<p>   requirements		 18,491	    13,167     13,886</p>
<p> Extraordinary items, net	 --	  (18,664)	   --</p>
<p> Net income (loss)	    18,491	   (5,497)     13,886</p>
<p> Preferred stock requirements   --	  (27,335)	   --</p>
<p>Net income (loss) applicable</p>
<p>   to common shares	   18,491	  (32,832)     13,886</p>
<p> Net eps			    0.89	    (1.82)	 0.68</p>
<p> Avg shrs		20,776,974(b)	17,990,681  20,500,000</p>
<p> EBITDA			   77,714	    66,194	   --</p>
<p> Cash EPS (c)		     2.49		2.18	   --</p>
<p>(a)  1996 Pro forma presents results as if the IPO and refinancing had been effective at December 31, 1995.</p>
<p>(b)  Includes 20,514,332 shares actually outstanding, plus effects of assumed exercise of outstanding options.</p>
<p>(c)  Cash EPS as net income plus depreciation and amortization, divided by average common shares outstanding.</p>
</text>
<copyright>(c) Reuters Limited 1997</copyright>
<metadata>
<codes class="bip:countries:1.0">
  <code code="USA">
    <editdetail attribution="Reuters BIP Coding Group" action="confirmed" date="1997-07-29"/>
  </code>
</codes>
<codes class="bip:industries:1.0">
  <code code="I34440">
    <editdetail attribution="Reuters BIP Coding Group" action="confirmed" date="1997-07-29"/>
  </code>
</codes>
<codes class="bip:topics:1.0">
  <code code="C15">
    <editdetail attribution="Reuters BIP Coding Group" action="confirmed" date="1997-07-29"/>
  </code>
  <code code="C151">
    <editdetail attribution="Reuters BIP Coding Group" action="confirmed" date="1997-07-29"/>
  </code>
  <code code="CCAT">
    <editdetail attribution="Reuters BIP Coding Group" action="confirmed" date="1997-07-29"/>
  </code>
</codes>
<dc element="dc.date.created" value="1997-07-29"/>
<dc element="dc.publisher" value="Reuters Holdings Plc"/>
<dc element="dc.date.published" value="1997-07-29"/>
<dc element="dc.source" value="Reuters"/>
<dc element="dc.creator.location" value="ST. LOUIS"/>
<dc element="dc.creator.location.country.name" value="USA"/>
<dc element="dc.source" value="Reuters"/>
</metadata>
</newsitem>
