<?xml version="1.0" encoding="iso-8859-1" ?>
<newsitem itemid="126769" id="root" date="1996-10-18" xml:lang="en">
<title>USA: CFSA--US terminal market values for grain.</title>
<headline>CFSA--US terminal market values for grain.</headline>
<dateline>KANSAS CITY, Mo 1996-10-18</dateline>
<text>
<p>The Consolidated Farm Service Agency (CFSA) established these unit values for commodities offered from government stocks through redemption of Commodity Credit Corp commodity certificates, effective through today. Price per bushel. Sorghum is priced per CWT, corn yellow grade only.</p>
<p>     WHEAT	 HRW   HRS  SRW   SWW   DURUM</p>
<p> Chicago	   --    --   4.01   --    --</p>
<p> Ill. Track	--    --   4.04   --    --</p>
<p> Toledo	    --    --   4.06  3.92   --</p>
<p> Memphis	   --    --   4.13   --    --</p>
<p>		    HRW   HRS   SRW   SWW   DURUM</p>
<p> Peoria	   --    --    4.04  --    --</p>
<p> Denver	   4.26  4.26  --    --    --</p>
<p> Evansville     --    --    3.99  --    --</p>
<p> Cincinnati     --    --    3.91  --    --</p>
<p> Minneapolis    4.81  4.58  --    --   5.00</p>
<p> Balt./Norfolk  --    --    4.16  4.02  --</p>
<p> Kansas City    4.77  --    4.37  --    --</p>
<p> St. Louis	4.09  --    4.09  --    --</p>
<p> Amarillo	 4.48  --    --    --    --</p>
<p>		    HRW   HRS   SRW   SWW   DURUM</p>
<p> Louisiana Gulf  --    --   4.36  --    --</p>
<p> Portland	 5.14  4.72   --   4.38  5.50</p>
<p> Stockton	 4.84   --    --    --   --</p>
<p> Los Angeles    5.18   --    --    --   5.50</p>
<p> Duluth	   4.81  4.58  --    --    5.00</p>
<p> Texas Gulf     4.88   --   4.36   --    --</p>
<p>		 CORN BARLEY OATS  RYE  SOYBNS SORG</p>
<p> Chicago     2.83  --    --    --    6.94  4.59</p>
<p> Ill. Track  3.00  --    --    --    6.97  4.87</p>
<p> Toledo	2.84  2.20  2.11  --    6.90  4.61</p>
<p> Memphis     3.00  2.15  2.17  --    7.01  4.93</p>
<p> Peoria	2.99  ---   --    --    ---   4.99</p>
<p> Denver	2.93  2.51  --    --    ---   4.45</p>
<p> Evansville  3.00  2.15  --    --    ---   4.87</p>
<p> Cincinnati  2.95    --  2.07  --    6.94  4.79</p>
<p> Minneapolis 2.78  2.20  2.07  --    6.71  ---</p>
<p> Balt/Norf   3.05  2.15  --    --    7.14  4.96</p>
<p>		 CORN  BRLY  OATS  RYE   SOYB  SORG</p>
<p> Kansas City 2.83  2.51  2.07  --    6.75  4.50</p>
<p> St Louis    2.97   --   2.23  --    ---   4.83</p>
<p> Amarillo    3.12  2.51  --    --    ---   5.24</p>
<p> Lou Gulf    3.27  --    --    --    7.25  5.31</p>
<p> Port/Seatl  3.47  2.76  2.25  --    7.37   --</p>
<p> Stockton    3.60  3.13  2.45  --    --    6.31</p>
<p> Los Angeles 3.80  3.32  --    --    --    6.31</p>
<p> Duluth	2.78  2.20  2.07  --    ---   ---</p>
<p> Texas Gulf  3.27  2.56  2.23  --    7.25  5.31</p>
<p>--</p>
<p>TXG and LAG sorghum and corn differentials have been discontinued as of June 10 until further notice.</p>
<p>(CHICAGO NEWSDESK 312-408-8720)</p>
</text>
<copyright>(c) Reuters Limited 1996</copyright>
<metadata>
<codes class="bip:countries:1.0">
  <code code="USA">
    <editdetail attribution="Reuters BIP Coding Group" action="confirmed" date="1996-10-18"/>
  </code>
</codes>
<codes class="bip:topics:1.0">
  <code code="M14">
    <editdetail attribution="Reuters BIP Coding Group" action="confirmed" date="1996-10-18"/>
  </code>
  <code code="M141">
    <editdetail attribution="Reuters BIP Coding Group" action="confirmed" date="1996-10-18"/>
  </code>
  <code code="MCAT">
    <editdetail attribution="Reuters BIP Coding Group" action="confirmed" date="1996-10-18"/>
  </code>
</codes>
<dc element="dc.date.created" value="1996-10-18"/>
<dc element="dc.publisher" value="Reuters Holdings Plc"/>
<dc element="dc.date.published" value="1996-10-18"/>
<dc element="dc.source" value="Reuters"/>
<dc element="dc.creator.location" value="KANSAS CITY, Mo"/>
<dc element="dc.creator.location.country.name" value="USA"/>
<dc element="dc.source" value="Reuters"/>
</metadata>
</newsitem>
