<?xml version="1.0" encoding="iso-8859-1" ?>
<newsitem itemid="465948" id="root" date="1997-03-25" xml:lang="en">
<title>MEXICO: Banco de Mexico assigns all secondary auctions.</title>
<headline>Banco de Mexico assigns all secondary auctions.</headline>
<dateline>MEXICO CITY 1997-03-25</dateline>
<text>
<p>Banco de Mexico assigned all four auctions whereby it sought to drain 1.966 billion pesos from the secondary market on Tuesday, dealers said.</p>
<p>The auctions were offered as follows:</p>
<p>    AMOUNT     TERM	AVERAGE RATE</p>
<p>    491 million    16 days   22.91 pct</p>
<p>    600 million    14 days   22.75 pct</p>
<p>    400 million    13 days   22.70 pct</p>
<p>    475 million     1 day    22.72 pct</p>
<p>*Amounts in pesos</p>
<p>((--Mexico City newsroom +525 728-9559))</p>
</text>
<copyright>(c) Reuters Limited 1997</copyright>
<metadata>
<codes class="bip:countries:1.0">
  <code code="MEX">
    <editdetail attribution="Reuters BIP Coding Group" action="confirmed" date="1997-03-25"/>
  </code>
</codes>
<codes class="bip:topics:1.0">
  <code code="M13">
    <editdetail attribution="Reuters BIP Coding Group" action="confirmed" date="1997-03-25"/>
  </code>
  <code code="M131">
    <editdetail attribution="Reuters BIP Coding Group" action="confirmed" date="1997-03-25"/>
  </code>
  <code code="MCAT">
    <editdetail attribution="Reuters BIP Coding Group" action="confirmed" date="1997-03-25"/>
  </code>
</codes>
<dc element="dc.date.created" value="1997-03-25"/>
<dc element="dc.publisher" value="Reuters Holdings Plc"/>
<dc element="dc.date.published" value="1997-03-25"/>
<dc element="dc.source" value="Reuters"/>
<dc element="dc.creator.location" value="MEXICO CITY"/>
<dc element="dc.creator.location.country.name" value="MEXICO"/>
<dc element="dc.source" value="Reuters"/>
</metadata>
</newsitem>
