<?xml version="1.0" encoding="iso-8859-1" ?>
<newsitem itemid="619408" id="root" date="1997-05-28" xml:lang="en">
<title>ROMANIA: RADIO ROMANIA AFTERNOON HEADLINES AT 1 PM.</title>
<headline>RADIO ROMANIA AFTERNOON HEADLINES AT 1 PM.</headline>
<dateline>BUCHAREST 1997-05-28</dateline>
<text>
<p>Radio Romania news headlines:</p>
<p>* Romanian Foreign Minister Adrian Severin is expected to attend a North Atlantic Council reunion in Portugal on May 30.</p>
<p>* The spring session of the Council of Europe's Parliamentary Assembly continued for a third day in Bucharest. The session is expected to adopt a Black Sea Region Charta.</p>
<p>* Romania is eager to boost its contribution to Council Of Europe activities, Prime Minister Victor Ciorbea said.</p>
<p>-- Bucharest Newsroom 40-1 3120264</p>
</text>
<copyright>(c) Reuters Limited 1997</copyright>
<metadata>
<codes class="bip:countries:1.0">
  <code code="ROM">
    <editdetail attribution="Reuters BIP Coding Group" action="confirmed" date="1997-05-28"/>
  </code>
</codes>
<codes class="bip:topics:1.0">
  <code code="GCAT">
    <editdetail attribution="Reuters BIP Coding Group" action="confirmed" date="1997-05-28"/>
  </code>
</codes>
<dc element="dc.date.created" value="1997-05-28"/>
<dc element="dc.publisher" value="Reuters Holdings Plc"/>
<dc element="dc.date.published" value="1997-05-28"/>
<dc element="dc.source" value="Reuters"/>
<dc element="dc.creator.location" value="BUCHAREST"/>
<dc element="dc.creator.location.country.name" value="ROMANIA"/>
<dc element="dc.source" value="Reuters"/>
</metadata>
</newsitem>
