<?xml version="1.0" encoding="iso-8859-1" ?>
<newsitem itemid="219902" id="root" date="1996-11-27" xml:lang="en">
<title>YUGOSLAVIA: Yugoslavia seen importing 300,000 tonnes of wheat.</title>
<headline>Yugoslavia seen importing 300,000 tonnes of wheat.</headline>
<text>
<p>BELGRADE, Nov 27 (Reuter) _ Yugoslavia will import about 300,000 tonnes of wheat for domestic needs, a source close to the government said on Wednesday.</p>
<p>&quot;We will not have enough wheat till the next year's harvest,&quot; the government source told Reuters. &quot;We are forced to import about 300,000 tonnes to meet domestic market needs.&quot;</p>
<p>Belgrade newspapers earlier this week said the government would meet on Thursday to discuss an import quota for wheat.</p>
<p>According to the government statistics office, the 1996 wheat harvest dropped to a 25-year low of 1.72 million tonnes, down from 2.97 million in 1995.</p>
<p>Yields were at their lowest since 1972, falling to 2.96 tonnes per hectare from 3.4 tonnes the previous year.</p>
<p>Yugoslavia, comprising Serbia and Montenegro, reduced its wheat area in 1995 by 300,000 hectares to 582,965.</p>
<p>Reduced area, bad weather and a lack of fuel and fertiliser were the main reasons for the fall in output.</p>
<p>Wheat sowing has been completed on about 820,000 hectares out of 850,000 hectares planned this year, the source said.</p>
<p>&quot;We expect next year to produce enough to export about one million tonnes of wheat,&quot; the source said.</p>
<p>--Gordana Kukic, Belgrade Newsroom +381 11 222 4254</p>
</text>
<copyright>(c) Reuters Limited 1996</copyright>
<metadata>
<codes class="bip:countries:1.0">
  <code code="YUG">
    <editdetail attribution="Reuters BIP Coding Group" action="confirmed" date="1996-11-27"/>
  </code>
</codes>
<codes class="bip:industries:1.0">
  <code code="I01001">
    <editdetail attribution="Reuters BIP Coding Group" action="confirmed" date="1996-11-27"/>
  </code>
  <code code="I0100132">
    <editdetail attribution="Reuters BIP Coding Group" action="confirmed" date="1996-11-27"/>
  </code>
</codes>
<codes class="bip:topics:1.0">
  <code code="C31">
    <editdetail attribution="Reuters BIP Coding Group" action="confirmed" date="1996-11-27"/>
  </code>
  <code code="C311">
    <editdetail attribution="Reuters BIP Coding Group" action="confirmed" date="1996-11-27"/>
  </code>
  <code code="CCAT">
    <editdetail attribution="Reuters BIP Coding Group" action="confirmed" date="1996-11-27"/>
  </code>
  <code code="M14">
    <editdetail attribution="Reuters BIP Coding Group" action="confirmed" date="1996-11-27"/>
  </code>
  <code code="M141">
    <editdetail attribution="Reuters BIP Coding Group" action="confirmed" date="1996-11-27"/>
  </code>
  <code code="MCAT">
    <editdetail attribution="Reuters BIP Coding Group" action="confirmed" date="1996-11-27"/>
  </code>
</codes>
<dc element="dc.publisher" value="Reuters Holdings Plc"/>
<dc element="dc.date.published" value="1996-11-27"/>
<dc element="dc.source" value="Reuters"/>
<dc element="dc.creator.location.country.name" value="YUGOSLAVIA"/>
<dc element="dc.source" value="Reuters"/>
</metadata>
</newsitem>
