<?xml version="1.0" encoding="iso-8859-1" ?>
<newsitem itemid="719220" id="root" date="1997-07-10" xml:lang="en">
<title>JAPAN: RESEARCH ALERT-Kato Sangyo raised.</title>
<headline>RESEARCH ALERT-Kato Sangyo raised.</headline>
<dateline>TOKYO 1996-07-11</dateline>
<text>
<p>Daiwa Institute of Research Ltd upgraded Kato Sangyo Co Ltd to a &quot;A&quot; from its previous &quot;B&quot;, Daiwa Securities brokers said on Friday.</p>
<p>In its three-grade rating system, the research institute assigns an &quot;A&quot; rating to issues whose values it sees outperforming the Tokyo Stock Exchange first-section TOPIX index by more than 10 percentage points over the next six months.</p>
</text>
<copyright>(c) Reuters Limited 1997</copyright>
<metadata>
<codes class="bip:countries:1.0">
  <code code="JAP">
    <editdetail attribution="Reuters BIP Coding Group" action="confirmed" date="1997-07-10"/>
  </code>
</codes>
<codes class="bip:industries:1.0">
  <code code="I61000">
    <editdetail attribution="Reuters BIP Coding Group" action="confirmed" date="1997-07-10"/>
  </code>
</codes>
<codes class="bip:topics:1.0">
  <code code="C15">
    <editdetail attribution="Reuters BIP Coding Group" action="confirmed" date="1997-07-10"/>
  </code>
  <code code="C152">
    <editdetail attribution="Reuters BIP Coding Group" action="confirmed" date="1997-07-10"/>
  </code>
  <code code="CCAT">
    <editdetail attribution="Reuters BIP Coding Group" action="confirmed" date="1997-07-10"/>
  </code>
</codes>
<dc element="dc.date.created" value="1996-07-11"/>
<dc element="dc.publisher" value="Reuters Holdings Plc"/>
<dc element="dc.date.published" value="1997-07-10"/>
<dc element="dc.source" value="Reuters"/>
<dc element="dc.creator.location" value="TOKYO"/>
<dc element="dc.creator.location.country.name" value="JAPAN"/>
<dc element="dc.source" value="Reuters"/>
</metadata>
</newsitem>
