<?xml version="1.0" encoding="iso-8859-1" ?>
<newsitem itemid="266080" id="root" date="1996-12-19" xml:lang="en">
<title>USA: Mid-Atlantic Community ups annual payout.</title>
<headline>Mid-Atlantic Community ups annual payout.</headline>
<dateline>GLOUCESTER, Va. 1996-12-19</dateline>
<text>
<p>Annual</p>
<p>			  Latest		     Prior</p>
<p> Amount		  $0.25		     $0.12</p>
<p> Pay		     Jan 6</p>
<p> Record		 Dec 10</p>
<p>Note: Full name of company is Mid-Atlantic Community BankGroup Inc.</p>
</text>
<copyright>(c) Reuters Limited 1996</copyright>
<metadata>
<codes class="bip:countries:1.0">
  <code code="USA">
    <editdetail attribution="Reuters BIP Coding Group" action="confirmed" date="1996-12-19"/>
  </code>
</codes>
<codes class="bip:industries:1.0">
  <code code="I81402">
    <editdetail attribution="Reuters BIP Coding Group" action="confirmed" date="1996-12-19"/>
  </code>
</codes>
<codes class="bip:topics:1.0">
  <code code="C15">
    <editdetail attribution="Reuters BIP Coding Group" action="confirmed" date="1996-12-19"/>
  </code>
  <code code="C151">
    <editdetail attribution="Reuters BIP Coding Group" action="confirmed" date="1996-12-19"/>
  </code>
  <code code="C1511">
    <editdetail attribution="Reuters BIP Coding Group" action="confirmed" date="1996-12-19"/>
  </code>
  <code code="CCAT">
    <editdetail attribution="Reuters BIP Coding Group" action="confirmed" date="1996-12-19"/>
  </code>
</codes>
<dc element="dc.date.created" value="1996-12-19"/>
<dc element="dc.publisher" value="Reuters Holdings Plc"/>
<dc element="dc.date.published" value="1996-12-19"/>
<dc element="dc.source" value="Reuters"/>
<dc element="dc.creator.location" value="GLOUCESTER, Va."/>
<dc element="dc.creator.location.country.name" value="USA"/>
<dc element="dc.source" value="Reuters"/>
</metadata>
</newsitem>
