<?xml version="1.0" encoding="iso-8859-1" ?>
<newsitem itemid="237249" id="root" date="1996-12-05" xml:lang="en">
<title>USA: Cattlemen criticize USDA's proposed EQIP rule.</title>
<headline>Cattlemen criticize USDA's proposed EQIP rule.</headline>
<dateline>WASHINGTON 1996-12-05</dateline>
<text>
<p>National Cattlemen's Beef Association Thursday criticized USDA's proposed rule for the Environmental Quality Incentive Program saying it created &quot;more burdens than incentives.&quot;</p>
<p>&quot;NCBA continues to support the premise of the EQIP but feels the proposed rule creates more burdens than incentives for producers and raises more questions and uncertainties than it resolves,&quot; said Jim Little, chairman of the trade group's Property Rights and Environmental Management Committee.</p>
<p>USDA needs to clarify at what point an EQIP contract is formed and if it can be modified, what standards will be used to determine environmental protection and cost-effectiveness, and who has access to participants' property, NCBA said in a statement. It said it has supplied written comments to USDA.</p>
<p>In October, USDA unveiled rules for the $1.3 billion program, which would provide cost-share money and expert advice to crop and livestock farmers who want to make environmental and conservation improvements. Half the money is for livestock farmers. EQIP was created as part of the 1996 farm policy law.</p>
</text>
<copyright>(c) Reuters Limited 1996</copyright>
<metadata>
<codes class="bip:countries:1.0">
  <code code="USA">
    <editdetail attribution="Reuters BIP Coding Group" action="confirmed" date="1996-12-05"/>
  </code>
</codes>
<codes class="bip:industries:1.0">
  <code code="I01001">
    <editdetail attribution="Reuters BIP Coding Group" action="confirmed" date="1996-12-05"/>
  </code>
  <code code="I0100105">
    <editdetail attribution="Reuters BIP Coding Group" action="confirmed" date="1996-12-05"/>
  </code>
</codes>
<codes class="bip:topics:1.0">
  <code code="C13">
    <editdetail attribution="Reuters BIP Coding Group" action="confirmed" date="1996-12-05"/>
  </code>
  <code code="CCAT">
    <editdetail attribution="Reuters BIP Coding Group" action="confirmed" date="1996-12-05"/>
  </code>
  <code code="GCAT">
    <editdetail attribution="Reuters BIP Coding Group" action="confirmed" date="1996-12-05"/>
  </code>
  <code code="GENV">
    <editdetail attribution="Reuters BIP Coding Group" action="confirmed" date="1996-12-05"/>
  </code>
  <code code="M14">
    <editdetail attribution="Reuters BIP Coding Group" action="confirmed" date="1996-12-05"/>
  </code>
  <code code="M141">
    <editdetail attribution="Reuters BIP Coding Group" action="confirmed" date="1996-12-05"/>
  </code>
  <code code="MCAT">
    <editdetail attribution="Reuters BIP Coding Group" action="confirmed" date="1996-12-05"/>
  </code>
</codes>
<dc element="dc.date.created" value="1996-12-05"/>
<dc element="dc.publisher" value="Reuters Holdings Plc"/>
<dc element="dc.date.published" value="1996-12-05"/>
<dc element="dc.source" value="Reuters"/>
<dc element="dc.creator.location" value="WASHINGTON"/>
<dc element="dc.creator.location.country.name" value="USA"/>
<dc element="dc.source" value="Reuters"/>
</metadata>
</newsitem>
