<?xml version="1.0" encoding="iso-8859-1" ?>
<newsitem itemid="601010" id="root" date="1997-05-21" xml:lang="en">
<title>USA: Household deal seen accretive in '98.</title>
<headline>Household deal seen accretive in '98.</headline>
<dateline>CHICAGO 1997-05-21</dateline>
<text>
<p>Household International Inc's planned purchase of the consumer finance business of Transamerica Corp is expected to be neutral to slightly accretive to 1997 earnings and to add $0.15 to $0.20 a share in 1998, analyst said.</p>
<p>Household officials were not available to comment or confirm the earnings estimates.</p>
<p>Analysts said Household's $1.1 billion acquisition will help it increase its network of consumer finance offices under the HFC brand.  </p>
<p>&quot;There is a certain type of consumer who doesn't like banks. Household International just acquired thousands of relationships with non-bank customers,&quot; Piper Jaffray analyst Jeff Evanson said. &quot;That's the core customer that they want.&quot;</p>
<p>Household's primary business is HFC, the oldest consumer finance company in the United States. It also issues private label and general purpose credit cards.</p>
<p>Household shares traded up 3/8 at 92-1/4 and Transamerica's stock was down 1/8 at 87-1/8.</p>
<p>Duff &amp; Phelps fixed income analyst Chris Reed said he believed the $1.1 billion reflected a &quot;healthy premium&quot; paid by Household for the Transamerica business.</p>
<p>&quot;They definitely paid a healthy premium for what they acquired as reflected by the purchase price,&quot; Reed said. &quot;There was extensive competition for the acquisition.&quot;</p>
<p>((Reuters Chicago Newsdesk (312) 408-8787))</p>
</text>
<copyright>(c) Reuters Limited 1997</copyright>
<metadata>
<codes class="bip:countries:1.0">
  <code code="USA">
    <editdetail attribution="Reuters BIP Coding Group" action="confirmed" date="1997-05-21"/>
  </code>
</codes>
<codes class="bip:industries:1.0">
  <code code="I82000">
    <editdetail attribution="Reuters BIP Coding Group" action="confirmed" date="1997-05-21"/>
  </code>
  <code code="I83100">
    <editdetail attribution="Reuters BIP Coding Group" action="confirmed" date="1997-05-21"/>
  </code>
</codes>
<codes class="bip:topics:1.0">
  <code code="C15">
    <editdetail attribution="Reuters BIP Coding Group" action="confirmed" date="1997-05-21"/>
  </code>
  <code code="C152">
    <editdetail attribution="Reuters BIP Coding Group" action="confirmed" date="1997-05-21"/>
  </code>
  <code code="C18">
    <editdetail attribution="Reuters BIP Coding Group" action="confirmed" date="1997-05-21"/>
  </code>
  <code code="C181">
    <editdetail attribution="Reuters BIP Coding Group" action="confirmed" date="1997-05-21"/>
  </code>
  <code code="CCAT">
    <editdetail attribution="Reuters BIP Coding Group" action="confirmed" date="1997-05-21"/>
  </code>
</codes>
<dc element="dc.date.created" value="1997-05-21"/>
<dc element="dc.publisher" value="Reuters Holdings Plc"/>
<dc element="dc.date.published" value="1997-05-21"/>
<dc element="dc.source" value="Reuters"/>
<dc element="dc.creator.location" value="CHICAGO"/>
<dc element="dc.creator.location.country.name" value="USA"/>
<dc element="dc.source" value="Reuters"/>
</metadata>
</newsitem>
