<?xml version="1.0" encoding="iso-8859-1" ?>
<newsitem itemid="441886" id="root" date="1997-03-14" xml:lang="en">
<title>ITALY: MOTOR RACING-FAST TIME FOR SCHUMACHER ON TEST TRACK.</title>
<headline>MOTOR RACING-FAST TIME FOR SCHUMACHER ON TEST TRACK.</headline>
<dateline>MARANELLO, Italy 1997-03-14</dateline>
<text>
<p>Michael Schumacher set an unofficial track record at Ferrari's private Fiorano circuit in a tyre and brake testing session on Friday.</p>
<p>The German former Formula One world champion put in 71 laps with a fastest time of 59.54 seconds, inside the previous best of 59.77 set by Briton Eddie Irvine last year.</p>
<p>Driving a Ferrari with the same engine as that used in this month's Australian Grand Prix, where he finished second, Schumacher tested two types of tyres and appeared satisfied.</p>
<p>&quot;I'm happy, these tests went in the right direction for the development of the car. I am also very satisfied with the tyre tests,&quot; he told reporters afterwards.</p>
</text>
<copyright>(c) Reuters Limited 1997</copyright>
<metadata>
<codes class="bip:countries:1.0">
  <code code="ITALY">
    <editdetail attribution="Reuters BIP Coding Group" action="confirmed" date="1997-03-14"/>
  </code>
</codes>
<codes class="bip:topics:1.0">
  <code code="GCAT">
    <editdetail attribution="Reuters BIP Coding Group" action="confirmed" date="1997-03-14"/>
  </code>
  <code code="GSPO">
    <editdetail attribution="Reuters BIP Coding Group" action="confirmed" date="1997-03-14"/>
  </code>
</codes>
<dc element="dc.date.created" value="1997-03-14"/>
<dc element="dc.publisher" value="Reuters Holdings Plc"/>
<dc element="dc.date.published" value="1997-03-14"/>
<dc element="dc.source" value="Reuters"/>
<dc element="dc.creator.location" value="MARANELLO, Italy"/>
<dc element="dc.creator.location.country.name" value="ITALY"/>
<dc element="dc.source" value="Reuters"/>
</metadata>
</newsitem>
