<?xml version="1.0" encoding="iso-8859-1" ?>
<newsitem itemid="611122" id="root" date="1997-05-23" xml:lang="en">
<title>JAPAN: Sari -96/97 parent results.</title>
<headline>Sari -96/97 parent results.</headline>
<dateline>TOKYO 1997-05-23</dateline>
<text>
<p>Year to March 31, 1997</p>
<p> (Parent)	(in billions of yen unless specified)</p>
<p> Sales		 28.16		vs	   25.73</p>
<p> Operating	  373    million	  vs	  793    million</p>
<p> Current	    217    million	  vs	    1.15</p>
<p> Net	     loss 1.17		vs	prft 150 million</p>
<p> EPS	   loss 139.49 yen	  vs    prft 19.71 yen</p>
<p> Diluted EPS	     -		vs	   18.15</p>
<p> Shares		8 million	  vs	   8 million</p>
<p> Ord div		4.00 yen	  vs	    7.50 yen</p>
<p>NOTE - Sari Corp is a discount store chain specialising in alcoholic drinks.</p>
</text>
<copyright>(c) Reuters Limited 1997</copyright>
<metadata>
<codes class="bip:countries:1.0">
  <code code="JAP">
    <editdetail attribution="Reuters BIP Coding Group" action="confirmed" date="1997-05-23"/>
  </code>
</codes>
<codes class="bip:industries:1.0">
  <code code="I64200">
    <editdetail attribution="Reuters BIP Coding Group" action="confirmed" date="1997-05-23"/>
  </code>
</codes>
<codes class="bip:topics:1.0">
  <code code="C15">
    <editdetail attribution="Reuters BIP Coding Group" action="confirmed" date="1997-05-23"/>
  </code>
  <code code="C151">
    <editdetail attribution="Reuters BIP Coding Group" action="confirmed" date="1997-05-23"/>
  </code>
  <code code="C1511">
    <editdetail attribution="Reuters BIP Coding Group" action="confirmed" date="1997-05-23"/>
  </code>
  <code code="CCAT">
    <editdetail attribution="Reuters BIP Coding Group" action="confirmed" date="1997-05-23"/>
  </code>
</codes>
<dc element="dc.date.created" value="1997-05-23"/>
<dc element="dc.publisher" value="Reuters Holdings Plc"/>
<dc element="dc.date.published" value="1997-05-23"/>
<dc element="dc.source" value="Reuters"/>
<dc element="dc.creator.location" value="TOKYO"/>
<dc element="dc.creator.location.country.name" value="JAPAN"/>
<dc element="dc.source" value="Reuters"/>
</metadata>
</newsitem>
