<?xml version="1.0" encoding="iso-8859-1" ?>
<newsitem itemid="759954" id="root" date="1997-07-28" xml:lang="en">
<title>USA: U.S. interest rates mixed in latest week.</title>
<headline>U.S. interest rates mixed in latest week.</headline>
<dateline>WASHINGTON 1997-07-28</dateline>
<text>
<p>The Federal Reserve announced average interest rates for the week ended July 25, compared with the July 18 week, as follows:</p>
<p>   Federal funds rate.................5.43 vs 5.44</p>
<p>   3-month Treasury bills.............5.08 vs 5.05</p>
<p>   3-month commercial paper...........5.55 vs 5.56</p>
<p>   3-month bankers acceptances........5.51 vs 5.53</p>
<p>   3-month CDs........................5.59 vs 5.59</p>
<p>   3-month Eurodollar.................5.59 vs 5.63</p>
<p>   30-year Government bond............6.46 vs 6.52</p>
</text>
<copyright>(c) Reuters Limited 1997</copyright>
<metadata>
<codes class="bip:countries:1.0">
  <code code="USA">
    <editdetail attribution="Reuters BIP Coding Group" action="confirmed" date="1997-07-28"/>
  </code>
</codes>
<codes class="bip:topics:1.0">
  <code code="M12">
    <editdetail attribution="Reuters BIP Coding Group" action="confirmed" date="1997-07-28"/>
  </code>
  <code code="M13">
    <editdetail attribution="Reuters BIP Coding Group" action="confirmed" date="1997-07-28"/>
  </code>
  <code code="M131">
    <editdetail attribution="Reuters BIP Coding Group" action="confirmed" date="1997-07-28"/>
  </code>
  <code code="MCAT">
    <editdetail attribution="Reuters BIP Coding Group" action="confirmed" date="1997-07-28"/>
  </code>
</codes>
<dc element="dc.date.created" value="1997-07-28"/>
<dc element="dc.publisher" value="Reuters Holdings Plc"/>
<dc element="dc.date.published" value="1997-07-28"/>
<dc element="dc.source" value="Reuters"/>
<dc element="dc.creator.location" value="WASHINGTON"/>
<dc element="dc.creator.location.country.name" value="USA"/>
<dc element="dc.source" value="Reuters"/>
</metadata>
</newsitem>
