<?xml version="1.0" encoding="iso-8859-1" ?>
<newsitem itemid="104379" id="root" date="1996-10-09" xml:lang="en">
<title>HUNGARY: HUNGARY SIGNS TAURUS DEAL WITH MICHELIN.</title>
<headline>HUNGARY SIGNS TAURUS DEAL WITH MICHELIN.</headline>
<dateline>BUDAPEST 1996-10-09</dateline>
<text>
<p>Hungary's state privatisation agency on Wednesday signed an agreement with Compagnie Financiere Michelin (CFM) on the sale of a 90 percent stake in Hungarian tyremaker Taurus Gumiipari Rt.</p>
<p>CFM, the Swiss holding company of France's Michelin, will pay a total $66 million for the stake plus Taurus' debts amounting to 8.26 billion forints, parties of the deal told a news conference.</p>
<p>Michelin undertook to invest $60 million and will maintain the Taurus brandname for at least 80 percent of Taurus' current product range.</p>
<p>Following the transaction APV will offer the remaining 10 percent stake to Taurus employees at a 50 percent discount on the purchase price, APV said in a statement.</p>
<p>Michelin will make a 60-day buy-back offer to employees.</p>
<p>-- Emese Bartha, Budapest newsroom (36 1) 327-4040</p>
</text>
<copyright>(c) Reuters Limited 1996</copyright>
<metadata>
<codes class="bip:countries:1.0">
  <code code="FRA">
    <editdetail attribution="Reuters BIP Coding Group" action="confirmed" date="1996-10-09"/>
  </code>
  <code code="HUNG">
    <editdetail attribution="Reuters BIP Coding Group" action="confirmed" date="1996-10-09"/>
  </code>
  <code code="SWITZ">
    <editdetail attribution="Reuters BIP Coding Group" action="confirmed" date="1996-10-09"/>
  </code>
</codes>
<codes class="bip:industries:1.0">
  <code code="I48110">
    <editdetail attribution="Reuters BIP Coding Group" action="confirmed" date="1996-10-09"/>
  </code>
</codes>
<codes class="bip:topics:1.0">
  <code code="C18">
    <editdetail attribution="Reuters BIP Coding Group" action="confirmed" date="1996-10-09"/>
  </code>
  <code code="C181">
    <editdetail attribution="Reuters BIP Coding Group" action="confirmed" date="1996-10-09"/>
  </code>
  <code code="C183">
    <editdetail attribution="Reuters BIP Coding Group" action="confirmed" date="1996-10-09"/>
  </code>
  <code code="CCAT">
    <editdetail attribution="Reuters BIP Coding Group" action="confirmed" date="1996-10-09"/>
  </code>
</codes>
<dc element="dc.date.created" value="1996-10-09"/>
<dc element="dc.publisher" value="Reuters Holdings Plc"/>
<dc element="dc.date.published" value="1996-10-09"/>
<dc element="dc.source" value="Reuters"/>
<dc element="dc.creator.location" value="BUDAPEST"/>
<dc element="dc.creator.location.country.name" value="HUNGARY"/>
<dc element="dc.source" value="Reuters"/>
</metadata>
</newsitem>
