<?xml version="1.0" encoding="iso-8859-1" ?>
<newsitem itemid="666923" id="root" date="1997-06-17" xml:lang="en">
<title>USA: US Treasury new issues calendar--bills/notes/bonds.</title>
<headline>US Treasury new issues calendar--bills/notes/bonds.</headline>
<text>
<p>Issue    Size-$BN  Auction    Settles   Anncmt   Yield-Pct</p>
<p>52-wk    $13.0     June 19    June 25   June 13</p>
<p>3-,6-mo  $14.0     June 23    June 26   June 17</p>
<p>Pricings of Recent Government Auctions</p>
<p>3-,6-mo  $14.0     Jun 16     Jun 19    June 10  4.88/5.10</p>
<p>3-,6-mo  $14.0     Jun 9	Jun 12    June 3   4.94/5.20</p>
<p>3-,6-mo  $15.0     Jun 2	Jun 5     May 27   4.93/5.22</p>
<p>14-day   $30.0     Jun 2	Jun 3     May 27	  5.25</p>
<p>5-yr     $12.0     May 29     Jun 2     May 21	 6.616</p>
<p>2-yr     $16.5     May 28     Jun 2     May 21	 6.328</p>
<p>3-,6-mo  $15.0     May 27     May 29    May 20   5.03/5.26</p>
<p>(( -- N.A. Treasury Desk, 212-859-1660 ))</p>
</text>
<copyright>(c) Reuters Limited 1997</copyright>
<metadata>
<codes class="bip:countries:1.0">
  <code code="USA">
    <editdetail attribution="Reuters BIP Coding Group" action="confirmed" date="1997-06-17"/>
  </code>
</codes>
<codes class="bip:topics:1.0">
  <code code="M12">
    <editdetail attribution="Reuters BIP Coding Group" action="confirmed" date="1997-06-17"/>
  </code>
  <code code="M13">
    <editdetail attribution="Reuters BIP Coding Group" action="confirmed" date="1997-06-17"/>
  </code>
  <code code="M131">
    <editdetail attribution="Reuters BIP Coding Group" action="confirmed" date="1997-06-17"/>
  </code>
  <code code="MCAT">
    <editdetail attribution="Reuters BIP Coding Group" action="confirmed" date="1997-06-17"/>
  </code>
</codes>
<dc element="dc.publisher" value="Reuters Holdings Plc"/>
<dc element="dc.date.published" value="1997-06-17"/>
<dc element="dc.source" value="Reuters"/>
<dc element="dc.creator.location.country.name" value="USA"/>
<dc element="dc.source" value="Reuters"/>
</metadata>
</newsitem>
