<?xml version="1.0" encoding="iso-8859-1" ?>
<newsitem itemid="284768" id="root" date="1997-01-02" xml:lang="en">
<title>HONG KONG: Hefei Pesticide applies to issue 50 mln A shares.</title>
<headline>Hefei Pesticide applies to issue 50 mln A shares.</headline>
<dateline>HONG KONG 1997-01-02</dateline>
<text>
<p>Hefei Pesticide and Seed Co Ltd has filed an application with the China Securities Regulatory Commission to issue 50 million A shares and list them in Shenzhen, a company official said on Thursday.</p>
<p>The company, based in Hefei, capital of eastern Anhui province, produces seeds and pesticides he told the Hong Kong-based newsletter China Securities Bulletin.</p>
<p>Anhui Securities Co Ltd has been named as the main underwriter for the share offer, the official said.</p>
<p>Hefei Pesticide, which has total share capital of 60 million state shares, will use the proceeds in its main operations, he said.</p>
<p>The company estimates its 1996 post-tax profits at 36 million yuan against 30 million yuan in 1995, the official said. He did not give a forecast for 1997.</p>
</text>
<copyright>(c) Reuters Limited 1997</copyright>
<metadata>
<codes class="bip:countries:1.0">
  <code code="CHINA">
    <editdetail attribution="Reuters BIP Coding Group" action="confirmed" date="1997-01-02"/>
  </code>
  <code code="HKONG">
    <editdetail attribution="Reuters BIP Coding Group" action="confirmed" date="1997-01-02"/>
  </code>
</codes>
<codes class="bip:industries:1.0">
  <code code="I25680">
    <editdetail attribution="Reuters BIP Coding Group" action="confirmed" date="1997-01-02"/>
  </code>
</codes>
<codes class="bip:topics:1.0">
  <code code="C17">
    <editdetail attribution="Reuters BIP Coding Group" action="confirmed" date="1997-01-02"/>
  </code>
  <code code="C171">
    <editdetail attribution="Reuters BIP Coding Group" action="confirmed" date="1997-01-02"/>
  </code>
  <code code="CCAT">
    <editdetail attribution="Reuters BIP Coding Group" action="confirmed" date="1997-01-02"/>
  </code>
</codes>
<dc element="dc.date.created" value="1997-01-02"/>
<dc element="dc.publisher" value="Reuters Holdings Plc"/>
<dc element="dc.date.published" value="1997-01-02"/>
<dc element="dc.source" value="Reuters"/>
<dc element="dc.creator.location" value="HONG KONG"/>
<dc element="dc.creator.location.country.name" value="HONG KONG"/>
<dc element="dc.source" value="Reuters"/>
</metadata>
</newsitem>
