<?xml version="1.0" encoding="iso-8859-1" ?>
<newsitem itemid="690796" id="root" date="1997-06-26" xml:lang="en">
<title>UK: SEK sets 1.0 bln rand Dec 2027 zero-coupon bond.</title>
<headline>SEK sets 1.0 bln rand Dec 2027 zero-coupon bond.</headline>
<dateline>LONDON 1997-06-26</dateline>
<text>
<p>The following bond was announced</p>
<p>by lead manager Hambros.</p>
<p> BORROWER   SWEDISH EXPORT CREDIT</p>
<p> AMT    1.0 BLN RAND  COUPON     ZERO	MATURITY    15.DEC.27</p>
<p> TYPE	 STRAIGHT  ISS PRICE  3.14	PAY DATE    01.AUG.97</p>
<p> FULL FEES  0.25	LISTING    LUX	 PAY FREQ    =</p>
<p> MOODY/S&amp;P  =	   DENOMS (K) 5-50-500  SALE LIMITS US/UK/SA</p>
<p> NEG PLG    YES	 CRS DEFLT  YES	 FORCE MAJ   YES</p>
<p> GOV LAW    ENGLISH   MGT/UND    0.125     SELL CONC   0.125</p>
<p>PRAECIPUUM 0.10</p>
<p>-- London Newsroom +44 171 542 7658</p>
</text>
<copyright>(c) Reuters Limited 1997</copyright>
<metadata>
<codes class="bip:countries:1.0">
  <code code="SWED">
    <editdetail attribution="Reuters BIP Coding Group" action="confirmed" date="1997-06-26"/>
  </code>
  <code code="UK">
    <editdetail attribution="Reuters BIP Coding Group" action="confirmed" date="1997-06-26"/>
  </code>
</codes>
<codes class="bip:industries:1.0">
  <code code="I81501">
    <editdetail attribution="Reuters BIP Coding Group" action="confirmed" date="1997-06-26"/>
  </code>
  <code code="I8150110">
    <editdetail attribution="Reuters BIP Coding Group" action="confirmed" date="1997-06-26"/>
  </code>
</codes>
<codes class="bip:topics:1.0">
  <code code="C17">
    <editdetail attribution="Reuters BIP Coding Group" action="confirmed" date="1997-06-26"/>
  </code>
  <code code="C172">
    <editdetail attribution="Reuters BIP Coding Group" action="confirmed" date="1997-06-26"/>
  </code>
  <code code="CCAT">
    <editdetail attribution="Reuters BIP Coding Group" action="confirmed" date="1997-06-26"/>
  </code>
</codes>
<dc element="dc.date.created" value="1997-06-26"/>
<dc element="dc.publisher" value="Reuters Holdings Plc"/>
<dc element="dc.date.published" value="1997-06-26"/>
<dc element="dc.source" value="Reuters"/>
<dc element="dc.creator.location" value="LONDON"/>
<dc element="dc.creator.location.country.name" value="UK"/>
<dc element="dc.source" value="Reuters"/>
</metadata>
</newsitem>
