<?xml version="1.0" encoding="iso-8859-1" ?>
<newsitem itemid="156677" id="root" date="1996-10-31" xml:lang="en">
<title>HONG KONG: Cathay increases HK/KL frequency.</title>
<headline>Cathay increases HK/KL frequency.</headline>
<dateline>HONG KONG 1996-10-31</dateline>
<text>
<p>Cathay Pacific Airways Ltd has added two flights from Hong Kong to Kuala Lumpur bringing the total number of services to the Malaysian capital to nine per week, an airline statement says.</p>
<p>The two new morning flights leave Hong Kong on Tuesday and Thursdays at 1010 local, arriving in Kuala Lumpur at 1405 local, the statement adds.</p>
<p>&quot;The increase in capacity is in response to customer demand for more frequencies. In addition, the timing of the new return flight, which leaves Kuala Lumpur at 1605 local and arrives at 1955 local, offers Cathay passengers excellent connections to our European and Los Angeles flights,&quot; said Cathay's south east Asian route manager William Ling in a statement.</p>
<p>- Air Cargo Newsroom Tel+44 171 542 7706 Fax+44 171 542 5017</p>
</text>
<copyright>(c) Reuters Limited 1996</copyright>
<metadata>
<codes class="bip:countries:1.0">
  <code code="HKONG">
    <editdetail attribution="Reuters BIP Coding Group" action="confirmed" date="1996-10-31"/>
  </code>
  <code code="MALAY">
    <editdetail attribution="Reuters BIP Coding Group" action="confirmed" date="1996-10-31"/>
  </code>
</codes>
<codes class="bip:industries:1.0">
  <code code="I75000">
    <editdetail attribution="Reuters BIP Coding Group" action="confirmed" date="1996-10-31"/>
  </code>
</codes>
<codes class="bip:topics:1.0">
  <code code="C22">
    <editdetail attribution="Reuters BIP Coding Group" action="confirmed" date="1996-10-31"/>
  </code>
  <code code="CCAT">
    <editdetail attribution="Reuters BIP Coding Group" action="confirmed" date="1996-10-31"/>
  </code>
</codes>
<dc element="dc.date.created" value="1996-10-31"/>
<dc element="dc.publisher" value="Reuters Holdings Plc"/>
<dc element="dc.date.published" value="1996-10-31"/>
<dc element="dc.source" value="Reuters"/>
<dc element="dc.creator.location" value="HONG KONG"/>
<dc element="dc.creator.location.country.name" value="HONG KONG"/>
<dc element="dc.source" value="Reuters"/>
</metadata>
</newsitem>
