<?xml version="1.0" encoding="iso-8859-1" ?>
<newsitem itemid="349584" id="root" date="1997-02-02" xml:lang="en">
<title>NEW ZEALAND: CRICKET-SCOREBOARD ON THE 4TH DAY OF ENGLAND VS NZ A.</title>
<headline>CRICKET-SCOREBOARD ON THE 4TH DAY OF ENGLAND VS NZ A.</headline>
<dateline>WANGANUI, New Zealand 1997-02-02</dateline>
<text>
<p>Scoreboard on the</p>
<p>fourth and last day of England's match against New Zealand A on</p>
<p>Sunday:</p>
<p>New Zealand A first innings 181</p>
<p>New Zealand A second innings 288</p>
<p>England first innings 107</p>
<p>England second innings (166 for six wickets overnight)</p>
<p> N.Knight c Spearman b Allott		 4</p>
<p> M.Atherton lbw b Allott			0</p>
<p> N.Hussain c Allott b Davis		  57</p>
<p> J.Crawley c Mills b Allott		  38</p>
<p> C.White c Chandler b Wiseman		21</p>
<p> R.Irani b Allott				 4</p>
<p> J.Russell not out			     61</p>
<p> R.Croft c Chandler b Wiseman		49</p>
<p> A.Caddick c Horne b Davis		   12</p>
<p> C.Silverwood run out			  10</p>
<p> P.Tufnell c Kennedy b Harris		 2</p>
<p> Extras (b-7, lb-6 nb-1)		     14</p>
<p> Total					    272</p>
<p>Fall of wickets: 1-3 2-6 3-72 4-126 5-126 6-143 7-216 8-241 9-</p>
<p>266</p>
<p>Bowling: Allott 16-1-76-4, Davis 18-3-63-2 (1nb), Kennedy</p>
<p>10-2-32-0, Wiseman 30-6-84-2, Harris 2.4-1-4-1.</p>
<p>Result: Win to New Zealand A by 90 runs.</p>
</text>
<copyright>(c) Reuters Limited 1997</copyright>
<metadata>
<codes class="bip:countries:1.0">
  <code code="NZ">
    <editdetail attribution="Reuters BIP Coding Group" action="confirmed" date="1997-02-02"/>
  </code>
  <code code="UK">
    <editdetail attribution="Reuters BIP Coding Group" action="confirmed" date="1997-02-02"/>
  </code>
</codes>
<codes class="bip:topics:1.0">
  <code code="GCAT">
    <editdetail attribution="Reuters BIP Coding Group" action="confirmed" date="1997-02-02"/>
  </code>
  <code code="GSPO">
    <editdetail attribution="Reuters BIP Coding Group" action="confirmed" date="1997-02-02"/>
  </code>
</codes>
<dc element="dc.date.created" value="1997-02-02"/>
<dc element="dc.publisher" value="Reuters Holdings Plc"/>
<dc element="dc.date.published" value="1997-02-02"/>
<dc element="dc.source" value="Reuters"/>
<dc element="dc.creator.location" value="WANGANUI, New Zealand"/>
<dc element="dc.creator.location.country.name" value="NEW ZEALAND"/>
<dc element="dc.source" value="Reuters"/>
</metadata>
</newsitem>
