<?xml version="1.0" encoding="iso-8859-1" ?>
<newsitem itemid="678876" id="root" date="1997-06-22" xml:lang="en">
<title>JAPAN: Foreigners net buyer of Japan stocks via Big Four.</title>
<headline>Foreigners net buyer of Japan stocks via Big Four.</headline>
<dateline>TOKYO 1996-06-23</dateline>
<text>
<p>Orders placed by foreign investors via Japan's &quot;Big Four&quot; securities houses before the start of stock trading on Monday showed a net buying stance of 1.5 million shares, market sources said.</p>
<p>Foreign investors placed 7.5 million shares of sell orders against nine million shares of buys.</p>
</text>
<copyright>(c) Reuters Limited 1997</copyright>
<metadata>
<codes class="bip:countries:1.0">
  <code code="JAP">
    <editdetail attribution="Reuters BIP Coding Group" action="confirmed" date="1997-06-22"/>
  </code>
</codes>
<codes class="bip:topics:1.0">
  <code code="M11">
    <editdetail attribution="Reuters BIP Coding Group" action="confirmed" date="1997-06-22"/>
  </code>
  <code code="MCAT">
    <editdetail attribution="Reuters BIP Coding Group" action="confirmed" date="1997-06-22"/>
  </code>
</codes>
<dc element="dc.date.created" value="1996-06-23"/>
<dc element="dc.publisher" value="Reuters Holdings Plc"/>
<dc element="dc.date.published" value="1997-06-22"/>
<dc element="dc.source" value="Reuters"/>
<dc element="dc.creator.location" value="TOKYO"/>
<dc element="dc.creator.location.country.name" value="JAPAN"/>
<dc element="dc.source" value="Reuters"/>
</metadata>
</newsitem>
