<?xml version="1.0" encoding="iso-8859-1" ?>
<newsitem itemid="613454" id="root" date="1997-05-26" xml:lang="en">
<title>NIGERIA: PRESS DIGEST - Nigeria - May 26.</title>
<headline>PRESS DIGEST - Nigeria - May 26.</headline>
<dateline>LAGOS 1997-05-26</dateline>
<text>
<p>These are significant stories in the Nigerian press on Monday. Reuters has not verified these stories and does not vouch for their accuracy.</p>
<p>BUSINESS TIMES</p>
<p>- Quoted companies are poised for a showdown with Nigerian stock exchange over directives that they should fees for participation in the newly installed central clearing system.</p>
<p>- A list of mortgage institutions approved to participate in the national housing fund is soon to be released by the Federal Mortgage Bank.</p>
<p>- Venezuela has shown interest in buying Nigeria's Bonny light crude oil in a deal that would involve swapping it for Venezuela's heavy crude.</p>
<p>- Trading would soon begin on derivatives instruments in a move to broaden the range of activities on the stock market.</p>
<p>DAILY TIMES</p>
<p>- Blow to democracy as President Ahmad Tejan Kabbah of Sierra Leone is overthrown in army coup and flees to Guinea.</p>
<p>- Despite elaborate preparations there have been massive leakage in weekend examinations for admission into Nigerian universities.</p>
<p>- Director general of the federal ministry of health, Julius Makanjuola, the top civil servant in the ministry, has been removed and the next most senior officer ordered to take charge.</p>
<p>- Liquidity in financial system has shot up with payment of 10 billion naira to oil companies by the federal government.</p>
<p>- Oil-producing companies call for the scrapping of the Oil Mineral Producing Areas Development Commission, which is charged with providing amenities in Nigerian swamps where oil is mined.</p>
<p>THE GUARDIAN</p>
<p>- Capital grants for government agencies in this year's budget will not be released until they have given account of how they spent last year's vote, says finance minister Anthony Ani.</p>
<p>- Six private telecommunications operators were at the weekend given mandate to be connected to the national telephone grid.</p>
<p>- The Nigerian Emerging Market Fund, with assets worth $7.5 million, may appoint Nigeria International Bank, a subsidiary of Citibank of New York, its local agent.</p>
<p>- Japanese firm Kenwood Corp and Communications Associates of Nigeria Ltd at the weekend signed a marketing agreement on communications equipment.</p>
<p>THISDAY</p>
<p>- A foreign investor, New York-based International Asset Transactions Limited, says it will invest $5 million in the Nigerian stock market over the next nine months.</p>
<p>- Chevron Corp starts work on second phase of its Escravos gas project in Nigeria just weeks after the plant commenced production.</p>
<p>($1=85)</p>
<p>-- Lagos newsroom +234 1 2630317</p>
</text>
<copyright>(c) Reuters Limited 1997</copyright>
<metadata>
<codes class="bip:countries:1.0">
  <code code="NIGEA">
    <editdetail attribution="Reuters BIP Coding Group" action="confirmed" date="1997-05-26"/>
  </code>
</codes>
<codes class="bip:topics:1.0">
  <code code="GCAT">
    <editdetail attribution="Reuters BIP Coding Group" action="confirmed" date="1997-05-26"/>
  </code>
</codes>
<dc element="dc.date.created" value="1997-05-26"/>
<dc element="dc.publisher" value="Reuters Holdings Plc"/>
<dc element="dc.date.published" value="1997-05-26"/>
<dc element="dc.source" value="Reuters"/>
<dc element="dc.creator.location" value="LAGOS"/>
<dc element="dc.creator.location.country.name" value="NIGERIA"/>
<dc element="dc.source" value="Reuters"/>
</metadata>
</newsitem>
