<?xml version="1.0" encoding="iso-8859-1" ?>
<newsitem itemid="221860" id="root" date="1996-11-27" xml:lang="en">
<title>TAIWAN: Taiwan October index of leading indicators up.</title>
<headline>Taiwan October index of leading indicators up.</headline>
<dateline>TAIPEI 1996-11-27</dateline>
<text>
<p>Taiwan's index of leading business indicators, which forecasts peaks and troughs in the business cycle, rose in October from September, the cabinet's Council for Economic Planning and Development said on Wednesday.</p>
<p>The index increased 1.5 percentage points to 100.4 in October from September.</p>
<p>But the index of coincident indicators fell 0.2 percentage point to 101.3 from a month ago.</p>
<p>The council said the economy turned to a &quot;yellow blue light&quot; condition, indicating a possible slowdown from September's &quot;green light&quot; condition, which indicated a possible recovery.</p>
<p>Twenty-two percent of a sample polling of manufacturing executives said the economy would worsen, slightly up from 21 percent in September, while 19 percent said the economy would improve, slightly down from 20 percent a month earlier.</p>
<p>The rest said the economy would remain unchanged.</p>
<p>Many analysts have expected Taiwan's economy to gradually recover in the fourth quarter of 1996 due to more buoyant export orders and industrial output. -- Taipei Newsroom (2-5080815)</p>
</text>
<copyright>(c) Reuters Limited 1996</copyright>
<metadata>
<codes class="bip:countries:1.0">
  <code code="TAIWAN">
    <editdetail attribution="Reuters BIP Coding Group" action="confirmed" date="1996-11-27"/>
  </code>
</codes>
<codes class="bip:topics:1.0">
  <code code="E71">
    <editdetail attribution="Reuters BIP Coding Group" action="confirmed" date="1996-11-27"/>
  </code>
  <code code="ECAT">
    <editdetail attribution="Reuters BIP Coding Group" action="confirmed" date="1996-11-27"/>
  </code>
</codes>
<dc element="dc.date.created" value="1996-11-27"/>
<dc element="dc.publisher" value="Reuters Holdings Plc"/>
<dc element="dc.date.published" value="1996-11-27"/>
<dc element="dc.source" value="Reuters"/>
<dc element="dc.creator.location" value="TAIPEI"/>
<dc element="dc.creator.location.country.name" value="TAIWAN"/>
<dc element="dc.source" value="Reuters"/>
</metadata>
</newsitem>
