<?xml version="1.0" encoding="iso-8859-1" ?>
<newsitem itemid="9999" id="root" date="1996-08-22" xml:lang="en">
<title>PHILIPPINES: PDCP to issue 1 bln-peso convertible shrs.</title>
<headline>PDCP to issue 1 bln-peso convertible shrs.</headline>
<dateline>MANILA 1996-08-22</dateline>
<text>
<p>PDCP Development Bank said on Thursday its board approved the issue of one billion pesos' worth of convertible preferred shares.</p>
<p>The proceeds of the issue will fund lending operations, computerisation, and refurbishing of branch offices, it said.</p>
<p>The preferred stock issue will be offered to shareholders of record as of September 18, 1996. This issue is convertible to common shares after two years and would have to be redeemed by PDCP after five years.</p>
<p>PDCP said it has appointed Dharmala Capital Investment and Trust Co as issue manager and lead underwriter of the issue.</p>
<p>PDCP is the banking affiliate of diversified firm Metro Pacific Corp.</p>
<p>-- Manila newsroom (632) 841-8937</p>
</text>
<copyright>(c) Reuters Limited 1996</copyright>
<metadata>
<codes class="bip:countries:1.0">
  <code code="PHLNS">
    <editdetail attribution="Reuters BIP Coding Group" action="confirmed" date="1996-08-22"/>
  </code>
</codes>
<codes class="bip:industries:1.0">
  <code code="I81402">
    <editdetail attribution="Reuters BIP Coding Group" action="confirmed" date="1996-08-22"/>
  </code>
</codes>
<codes class="bip:topics:1.0">
  <code code="C17">
    <editdetail attribution="Reuters BIP Coding Group" action="confirmed" date="1996-08-22"/>
  </code>
  <code code="C171">
    <editdetail attribution="Reuters BIP Coding Group" action="confirmed" date="1996-08-22"/>
  </code>
  <code code="CCAT">
    <editdetail attribution="Reuters BIP Coding Group" action="confirmed" date="1996-08-22"/>
  </code>
</codes>
<dc element="dc.date.created" value="1996-08-22"/>
<dc element="dc.publisher" value="Reuters Holdings Plc"/>
<dc element="dc.date.published" value="1996-08-22"/>
<dc element="dc.source" value="Reuters"/>
<dc element="dc.creator.location" value="MANILA"/>
<dc element="dc.creator.location.country.name" value="PHILIPPINES"/>
<dc element="dc.source" value="Reuters"/>
</metadata>
</newsitem>
