<?xml version="1.0" encoding="iso-8859-1" ?>
<newsitem itemid="111482" id="root" date="1996-10-11" xml:lang="en">
<title>UK: NWE naphtha easier despite an aggressive bidder.</title>
<headline>NWE naphtha easier despite an aggressive bidder.</headline>
<dateline>LONDON 1996-10-11</dateline>
<text>
<p>NWE naphtha was easier on Friday as the paper market defied crude to shed $2.</p>
<p>A bearish tonne also prevailed on the physical market with the reopening on Thursday of Algeria's Skikda oil port, releasing at least two delayed spot cargoes onto the European market. Another delayed cargo is set to head to Brazil.</p>
<p>A trader was still seen bidding at $228 a tonne cif NWE for a pipeline spec cargo after picking up a 61 paraffin Indian cargo in an exchange on Thursday. But an appropriate cargo was not on offer and some traders said the bidder had a long swaps position.</p>
</text>
<copyright>(c) Reuters Limited 1996</copyright>
<metadata>
<codes class="bip:countries:1.0">
  <code code="ALG">
    <editdetail attribution="Reuters BIP Coding Group" action="confirmed" date="1996-10-11"/>
  </code>
  <code code="UK">
    <editdetail attribution="Reuters BIP Coding Group" action="confirmed" date="1996-10-11"/>
  </code>
</codes>
<codes class="bip:topics:1.0">
  <code code="M14">
    <editdetail attribution="Reuters BIP Coding Group" action="confirmed" date="1996-10-11"/>
  </code>
  <code code="M143">
    <editdetail attribution="Reuters BIP Coding Group" action="confirmed" date="1996-10-11"/>
  </code>
  <code code="MCAT">
    <editdetail attribution="Reuters BIP Coding Group" action="confirmed" date="1996-10-11"/>
  </code>
</codes>
<dc element="dc.date.created" value="1996-10-11"/>
<dc element="dc.publisher" value="Reuters Holdings Plc"/>
<dc element="dc.date.published" value="1996-10-11"/>
<dc element="dc.source" value="Reuters"/>
<dc element="dc.creator.location" value="LONDON"/>
<dc element="dc.creator.location.country.name" value="UK"/>
<dc element="dc.source" value="Reuters"/>
</metadata>
</newsitem>
