<?xml version="1.0" encoding="iso-8859-1" ?>
<newsitem itemid="794668" id="root" date="1997-08-12" xml:lang="en">
<title>INDIA: INDIA-STCI TWO-WAY QUOTES ON SECURITIES - AUG 12.</title>
<headline>INDIA-STCI TWO-WAY QUOTES ON SECURITIES - AUG 12.</headline>
<dateline>BOMBAY 1997-08-12</dateline>
<text>
<p>The Securities Trading Corporation of India (STCI) on Tuesday announced its two-way quotes for dated government securities and treasury bills</p>
<p>.</p>
<p>	  Indicative opening quotes for govt securities</p>
<p>.</p>
<p>GOI DATED SECURITIES			  PRICES (in rupees)</p>
<p>--------------------			  Bid	     Offer</p>
<p>10.85% GoI stock, 2001		    100.55	   100.75</p>
<p>11.83% GoI stock, 2003		    103.40	   103.60</p>
<p>12.59% GoI stock, 2004		    106.75	   107.00</p>
<p>13.05% GoI stock, 2007		    109.35	   109.75</p>
<p>.</p>
<p>TREASURY BILLS</p>
<p>---------------</p>
<p>Maturities					   Yield pct p.a</p>
<p>						    Bid	     Offer</p>
<p>01/11/97					  7.00	     6.60</p>
<p>18/07/98					  8.30	     8.00</p>
</text>
<copyright>(c) Reuters Limited 1997</copyright>
<metadata>
<codes class="bip:countries:1.0">
  <code code="INDIA">
    <editdetail attribution="Reuters BIP Coding Group" action="confirmed" date="1997-08-12"/>
  </code>
</codes>
<codes class="bip:topics:1.0">
  <code code="M12">
    <editdetail attribution="Reuters BIP Coding Group" action="confirmed" date="1997-08-12"/>
  </code>
  <code code="MCAT">
    <editdetail attribution="Reuters BIP Coding Group" action="confirmed" date="1997-08-12"/>
  </code>
</codes>
<dc element="dc.date.created" value="1997-08-12"/>
<dc element="dc.publisher" value="Reuters Holdings Plc"/>
<dc element="dc.date.published" value="1997-08-12"/>
<dc element="dc.source" value="Reuters"/>
<dc element="dc.creator.location" value="BOMBAY"/>
<dc element="dc.creator.location.country.name" value="INDIA"/>
<dc element="dc.source" value="Reuters"/>
</metadata>
</newsitem>
