<?xml version="1.0" encoding="iso-8859-1" ?>
<newsitem itemid="496547" id="root" date="1997-04-09" xml:lang="en">
<title>MEXICO: Mexico to remain net sugar exporter - Pinto.</title>
<headline>Mexico to remain net sugar exporter - Pinto.</headline>
<dateline>CANCUN, Mexico 1997-04-09</dateline>
<text>
<p>Mexico has turned the corner and become a net sugar exporter and the scenario is unlikley to change, one of the country's top industrialists said here Wednesday.</p>
<p>&quot;We have enetered an export phase and we will continue to be exporters,&quot; Jose Pinto Mazal, director of the sugar mill owners Grupo Beta San Miguel, told the F.O. Licht World Sugar and Sweetners' Conference.</p>
<p>Pinto, also a vice-president of the National Sugar Chamber, showed slides of the chamber's estimates for exports this year. THe 1997 estimate for exports is 700,000 tonnes, against 658,704 tonnes in 1996 and 230,459 tonnes in 1995.</p>
<p>That, he said, compared to imports of a predicted 290,000 tonnes this year, 250,538 tonnes in 1996 and 28,082 tonnes in 1995.</p>
<p>Earlier at the conference, Mexico's Trade Minitser Herminio Blanco predicted Mexico would export 600,000 tonnes this year.</p>
<p>Mexico has traditionally hovered between being a net importer and exporter, largely because of production fluctuations and high per capita consumption.</p>
<p>((--Chris Aspin, Mexico City newsroom +525 7289530))</p>
</text>
<copyright>(c) Reuters Limited 1997</copyright>
<metadata>
<codes class="bip:countries:1.0">
  <code code="MEX">
    <editdetail attribution="Reuters BIP Coding Group" action="confirmed" date="1997-04-09"/>
  </code>
</codes>
<codes class="bip:industries:1.0">
  <code code="I01001">
    <editdetail attribution="Reuters BIP Coding Group" action="confirmed" date="1997-04-09"/>
  </code>
  <code code="I0100136">
    <editdetail attribution="Reuters BIP Coding Group" action="confirmed" date="1997-04-09"/>
  </code>
  <code code="I42000">
    <editdetail attribution="Reuters BIP Coding Group" action="confirmed" date="1997-04-09"/>
  </code>
</codes>
<codes class="bip:topics:1.0">
  <code code="C31">
    <editdetail attribution="Reuters BIP Coding Group" action="confirmed" date="1997-04-09"/>
  </code>
  <code code="C312">
    <editdetail attribution="Reuters BIP Coding Group" action="confirmed" date="1997-04-09"/>
  </code>
  <code code="CCAT">
    <editdetail attribution="Reuters BIP Coding Group" action="confirmed" date="1997-04-09"/>
  </code>
  <code code="M14">
    <editdetail attribution="Reuters BIP Coding Group" action="confirmed" date="1997-04-09"/>
  </code>
  <code code="M141">
    <editdetail attribution="Reuters BIP Coding Group" action="confirmed" date="1997-04-09"/>
  </code>
  <code code="MCAT">
    <editdetail attribution="Reuters BIP Coding Group" action="confirmed" date="1997-04-09"/>
  </code>
</codes>
<dc element="dc.date.created" value="1997-04-09"/>
<dc element="dc.publisher" value="Reuters Holdings Plc"/>
<dc element="dc.date.published" value="1997-04-09"/>
<dc element="dc.source" value="Reuters"/>
<dc element="dc.creator.location" value="CANCUN, Mexico"/>
<dc element="dc.creator.location.country.name" value="MEXICO"/>
<dc element="dc.source" value="Reuters"/>
</metadata>
</newsitem>
