<?xml version="1.0" encoding="iso-8859-1" ?>
<newsitem itemid="298732" id="root" date="1997-01-10" xml:lang="en">
<title>CANADA: Canadian Exchanges Closing - Jan 10.</title>
<headline>Canadian Exchanges Closing - Jan 10.</headline>
<text>
<p>T-BILLS</p>
<p> CAN.DOLLAR 1.3485-90	1M   2.58  CALL LOAN 3.16</p>
<p>   CAD/DEM  1.1752-62	2M   2.76</p>
<p>   CAD/JPY  86.00-10	 3M   2.91</p>
<p>   CAD/CHF  1.0198-08	WI   2.95  CANADA BONDS YIELD</p>
<p>   GBP/CAD  2.2660-70	6M   3.33     2YR    103.19 4.242</p>
<p>				   WI   3.34     5YR    104.90 5.775</p>
<p> CANADA DOLLAR FORWARDS    1Y   3.81    10YR    102.03 6.714</p>
<p>	 1MTH 27.5-27	  WI   3.84    30YR    107.60 7.343</p>
<p>	 2MTH 52.5-51.5</p>
<p>	 3MTH 80.3-79.3</p>
</text>
<copyright>(c) Reuters Limited 1997</copyright>
<metadata>
<codes class="bip:countries:1.0">
  <code code="CANA">
    <editdetail attribution="Reuters BIP Coding Group" action="confirmed" date="1997-01-10"/>
  </code>
</codes>
<codes class="bip:topics:1.0">
  <code code="M12">
    <editdetail attribution="Reuters BIP Coding Group" action="confirmed" date="1997-01-10"/>
  </code>
  <code code="M13">
    <editdetail attribution="Reuters BIP Coding Group" action="confirmed" date="1997-01-10"/>
  </code>
  <code code="M131">
    <editdetail attribution="Reuters BIP Coding Group" action="confirmed" date="1997-01-10"/>
  </code>
  <code code="M132">
    <editdetail attribution="Reuters BIP Coding Group" action="confirmed" date="1997-01-10"/>
  </code>
  <code code="MCAT">
    <editdetail attribution="Reuters BIP Coding Group" action="confirmed" date="1997-01-10"/>
  </code>
</codes>
<dc element="dc.publisher" value="Reuters Holdings Plc"/>
<dc element="dc.date.published" value="1997-01-10"/>
<dc element="dc.source" value="Reuters"/>
<dc element="dc.creator.location.country.name" value="CANADA"/>
<dc element="dc.source" value="Reuters"/>
</metadata>
</newsitem>
