<?xml version="1.0" encoding="iso-8859-1" ?>
<newsitem itemid="436490" id="root" date="1997-03-12" xml:lang="en">
<title>USA: PRESALE - Bemidji ISD 31, Minn.</title>
<headline>PRESALE - Bemidji ISD 31, Minn.</headline>
<text>
<p>AMT: 1,370,000	DATE: 03/17/97	NYC Time: 1300	CUSIP: 081401</p>
<p>ISSUER: Bemidji Independent School District No 31	     ST: MN</p>
<p>ISSUE: GO Capital Facilities of 1997			     TAX STAT: Exempt-ULT</p>
<p>M/SP/F: NA/NA/NA							  BOOK ENTRY: Y</p>
<p>ENHANCEMENTS: None							BANK QUAL: Y</p>
<p>DTD: 03/01/97							     SURE BID: Y</p>
<p>DUE: 2/1/98-07						SR MGR:</p>
<p>1ST CPN: 08/01/97</p>
<p>CALL: 2/1/05 @ par					  NIC</p>
<p>DELIVERY: 40 days					   ORDERS:</p>
<p>PAYING AGENT: First Trust N.A., St. Paul</p>
<p>L.O.: Dorsey &amp; Whitney, Minneapolis</p>
<p>F.A.: Evensen Dodge, Inc., Minneapolis</p>
<p>LAST SALE: $8,190,000 10/21/96 @ 5.2317% NIC; 8yrs 3mos avg; BBI- 5.72%</p>
<p>Year		     Amount    Coupon     Yield     Price  Conc.</p>
<p>1999		    115,000</p>
<p>2000		    115,000</p>
<p>2001		    120,000</p>
<p>2002		    125,000</p>
<p>2003		    135,000</p>
<p>2004		    140,000</p>
<p>2005		    145,000</p>
<p>2006		    150,000</p>
<p>2007		    160,000</p>
<p>2008		    165,000</p>
<p>COMPETITIVE PRE-SALE CONTRIBUTED BY J.J. KENNY K-SHEETS:</p>
</text>
<copyright>(c) Reuters Limited 1997</copyright>
<metadata>
<codes class="bip:countries:1.0">
  <code code="USA">
    <editdetail attribution="Reuters BIP Coding Group" action="confirmed" date="1997-03-12"/>
  </code>
</codes>
<codes class="bip:topics:1.0">
  <code code="E21">
    <editdetail attribution="Reuters BIP Coding Group" action="confirmed" date="1997-03-12"/>
  </code>
  <code code="E212">
    <editdetail attribution="Reuters BIP Coding Group" action="confirmed" date="1997-03-12"/>
  </code>
  <code code="ECAT">
    <editdetail attribution="Reuters BIP Coding Group" action="confirmed" date="1997-03-12"/>
  </code>
</codes>
<dc element="dc.publisher" value="Reuters Holdings Plc"/>
<dc element="dc.date.published" value="1997-03-12"/>
<dc element="dc.source" value="Reuters"/>
<dc element="dc.creator.location.country.name" value="USA"/>
<dc element="dc.source" value="Reuters"/>
</metadata>
</newsitem>
