<?xml version="1.0" encoding="iso-8859-1" ?>
<newsitem itemid="53486" id="root" date="1996-09-13" xml:lang="en">
<title>SWEDEN: Swedish FinMin says EMU link still open question.</title>
<headline>Swedish FinMin says EMU link still open question.</headline>
<dateline>STOCKHOLM 1996-09-13</dateline>
<text>
<p>Sweden's Finance Minister Erik Asbrink said on Friday that Swedish participation in Europe's Economic and Monetary Union (EMU) was still an open question.  </p>
<p>&quot;I have not said no to EMU, I have said it's an open question,&quot; Asbrink told reporters after a European Union committee meeting.</p>
<p>He said Sweden understood the demands of various automatic checks or fines to ensure EMU members continued to meet stability requirements, but said Sweden was not entirely in agreement with them. &quot;We oppose a high degree of automatic and large fines but have not entirely discarded them,&quot; he said.</p>
<p>Asbrink said he was not concerned that Sweden would, in the case of EMU participation, be hit hard by such sanctions.</p>
<p>&quot;Sweden will meet ambitious budget goals as well,&quot; he said.</p>
<p>-- Erik Aronsson, Stockholm newsroom, +46-8-700 1017</p>
</text>
<copyright>(c) Reuters Limited 1996</copyright>
<metadata>
<codes class="bip:countries:1.0">
  <code code="EEC">
    <editdetail attribution="Reuters BIP Coding Group" action="confirmed" date="1996-09-13"/>
  </code>
  <code code="SWED">
    <editdetail attribution="Reuters BIP Coding Group" action="confirmed" date="1996-09-13"/>
  </code>
</codes>
<codes class="bip:topics:1.0">
  <code code="E12">
    <editdetail attribution="Reuters BIP Coding Group" action="confirmed" date="1996-09-13"/>
  </code>
  <code code="ECAT">
    <editdetail attribution="Reuters BIP Coding Group" action="confirmed" date="1996-09-13"/>
  </code>
  <code code="G15">
    <editdetail attribution="Reuters BIP Coding Group" action="confirmed" date="1996-09-13"/>
  </code>
  <code code="G154">
    <editdetail attribution="Reuters BIP Coding Group" action="confirmed" date="1996-09-13"/>
  </code>
  <code code="GCAT">
    <editdetail attribution="Reuters BIP Coding Group" action="confirmed" date="1996-09-13"/>
  </code>
</codes>
<dc element="dc.date.created" value="1996-09-13"/>
<dc element="dc.publisher" value="Reuters Holdings Plc"/>
<dc element="dc.date.published" value="1996-09-13"/>
<dc element="dc.source" value="Reuters"/>
<dc element="dc.creator.location" value="STOCKHOLM"/>
<dc element="dc.creator.location.country.name" value="SWEDEN"/>
<dc element="dc.source" value="Reuters"/>
</metadata>
</newsitem>
