<?xml version="1.0" encoding="iso-8859-1" ?>
<newsitem itemid="127913" id="root" date="1996-10-18" xml:lang="en">
<title>NEW ZEALAND: New Zealand shares end stronger in optimistic mkt.</title>
<headline>New Zealand shares end stronger in optimistic mkt.</headline>
<text>
<p>* NZ shares close stronger, Telecom leads the way</p>
<p>* Some profit-taking sees market close off its highs</p>
<p>* Market optimistic monetary policy easing drawing closer  </p>
<p>&quot;There was very good demand all week after the CPI came out (on Tuesday) and people put a monetary policy easing back into their forecasts,&quot; Koller said.</p>
<p>The consumer price inflation data came in lower than expectated and the market has rallied since then, posting fresh 32-month highs each session.</p>
<p>New Zealand's debt markets have also rallied. Interest rates have continued to fall, underpinning equities, despite the Reserve Bank's comment on Wednesday that it saw no scope for a further easing in monetary conditions.</p>
</text>
<copyright>(c) Reuters Limited 1996</copyright>
<metadata>
<codes class="bip:countries:1.0">
  <code code="NZ">
    <editdetail attribution="Reuters BIP Coding Group" action="confirmed" date="1996-10-18"/>
  </code>
</codes>
<codes class="bip:topics:1.0">
  <code code="M11">
    <editdetail attribution="Reuters BIP Coding Group" action="confirmed" date="1996-10-18"/>
  </code>
  <code code="MCAT">
    <editdetail attribution="Reuters BIP Coding Group" action="confirmed" date="1996-10-18"/>
  </code>
</codes>
<dc element="dc.publisher" value="Reuters Holdings Plc"/>
<dc element="dc.date.published" value="1996-10-18"/>
<dc element="dc.source" value="Reuters"/>
<dc element="dc.creator.location.country.name" value="NEW ZEALAND"/>
<dc element="dc.source" value="Reuters"/>
</metadata>
</newsitem>
