<?xml version="1.0" encoding="iso-8859-1" ?>
<newsitem itemid="768745" id="root" date="1997-07-31" xml:lang="en">
<title>SOUTH AFRICA: SAfrica industrials still up on Dow, rate cut talk.</title>
<headline>SAfrica industrials still up on Dow, rate cut talk.</headline>
<text>
<p>1020 GMT - South African noon industrial shares still firm, but slightly off peaks, helped by a firm Wall Street overnight and hopes that Reserve Bank Governor Chris Stals could cut interest rates before year-end.</p>
<p>* But golds softer on a dull bullion price. Dealers say overall volumes moderate with around 360 million rand worth of shares changing hands in market seen ending on positive territory.</p>
<p>* Chemicals, oils and plastics firm Engen sees high volumes after stockbrokers Deutche Morgan Grenfell sell a million shares on the stock for around 21 million rand to a local broker. The stock, however, sheds 25 cents to 21.75 rand with volumes at 24.3 million rand.</p>
<p>* Information technology firm Q Data adds 105 cents to 10.95 rand on news compay had signed a three million rand deal to supply hardware and software to medical aid firm Interdoc.</p>
<p>* Industrials add 18.3 points to 9,140.7, golds shed 4.8 points to 977.8, and all-shares gain 4.2 points to 7,477.9.</p>
<p>-- Johannesburg newsroom +27 11 482 1003</p>
</text>
<copyright>(c) Reuters Limited 1997</copyright>
<metadata>
<codes class="bip:countries:1.0">
  <code code="SAFR">
    <editdetail attribution="Reuters BIP Coding Group" action="confirmed" date="1997-07-31"/>
  </code>
</codes>
<codes class="bip:topics:1.0">
  <code code="M11">
    <editdetail attribution="Reuters BIP Coding Group" action="confirmed" date="1997-07-31"/>
  </code>
  <code code="MCAT">
    <editdetail attribution="Reuters BIP Coding Group" action="confirmed" date="1997-07-31"/>
  </code>
</codes>
<dc element="dc.publisher" value="Reuters Holdings Plc"/>
<dc element="dc.date.published" value="1997-07-31"/>
<dc element="dc.source" value="Reuters"/>
<dc element="dc.creator.location.country.name" value="SOUTH AFRICA"/>
<dc element="dc.source" value="Reuters"/>
</metadata>
</newsitem>
