<?xml version="1.0" encoding="iso-8859-1" ?>
<newsitem itemid="539191" id="root" date="1997-04-25" xml:lang="en">
<title>USA: CUSIPS -- Virginia Public Building Authority.</title>
<headline>CUSIPS -- Virginia Public Building Authority.</headline>
<text>
<p>VIRGINIA PUBLIC BUILDING AUTHORITY</p>
<p>RE: $152,885,000</p>
<p>PUBLIC FACILITIES REVENUE BONDS</p>
<p>SERIES 1997A</p>
<p>This issue is book entry through DTC.</p>
<p>     Award:		  04/25/1997</p>
<p>     Delivery:	     05/06/1997 (Firm)</p>
<p>     Initial trade:	04/25/1997</p>
<p>Time of execution:  2:00PM</p>
<p>	     MATURITY			     CUSIP</p>
<p>	     --------			     -----</p>
<p>	    08/01/1998			  928172AA3</p>
<p>	    08/01/1999			  928172AB1</p>
<p>	    08/01/2000			  928172AC9</p>
<p>	    08/01/2001			  928172AD7</p>
<p>	    08/01/2002			  928172AE5</p>
<p>	    08/01/2003			  928172AF2</p>
<p>	    08/01/2004			  928172AG0</p>
<p>	    08/01/2005			  928172AH8</p>
<p>	    08/01/2006			  928172AJ4</p>
<p>	    08/01/2007			  928172AK1</p>
<p>	    08/01/2008			  928172AL9</p>
<p>	    08/01/2009			  928172AM7</p>
<p>	    08/01/2010			  928172AN5</p>
<p>	    08/01/2011			  928172AP0</p>
<p>	    08/01/2012			  928172AQ8</p>
<p>	    08/01/2013			  928172AR6</p>
<p>	    08/01/2014			  928172AS4</p>
<p>	    08/01/2015			  928172AT2</p>
<p>	    08/01/2016			  928172AU9</p>
<p>	    08/01/2017			  928172AV7</p>
<p>Craigie Incorporated</p>
<p>Bear, Stearns &amp; Co. Inc.</p>
<p>Davenport &amp; Co. Of Virginia, Inc.</p>
<p>Legg Mason Wood Walker, Inc.</p>
<p>Wheat First Butcher Singer</p>
<p>--U.S. Municipal Desk, 212-859-1650</p>
</text>
<copyright>(c) Reuters Limited 1997</copyright>
<metadata>
<codes class="bip:countries:1.0">
  <code code="USA">
    <editdetail attribution="Reuters BIP Coding Group" action="confirmed" date="1997-04-25"/>
  </code>
</codes>
<codes class="bip:topics:1.0">
  <code code="E21">
    <editdetail attribution="Reuters BIP Coding Group" action="confirmed" date="1997-04-25"/>
  </code>
  <code code="E212">
    <editdetail attribution="Reuters BIP Coding Group" action="confirmed" date="1997-04-25"/>
  </code>
  <code code="ECAT">
    <editdetail attribution="Reuters BIP Coding Group" action="confirmed" date="1997-04-25"/>
  </code>
</codes>
<dc element="dc.publisher" value="Reuters Holdings Plc"/>
<dc element="dc.date.published" value="1997-04-25"/>
<dc element="dc.source" value="Reuters"/>
<dc element="dc.creator.location.country.name" value="USA"/>
<dc element="dc.source" value="Reuters"/>
</metadata>
</newsitem>
