<?xml version="1.0" encoding="iso-8859-1" ?>
<newsitem itemid="107060" id="root" date="1996-10-10" xml:lang="en">
<title>UK: Telewest business prices cut by up to 30 pct. [CORRECTED 11:25 GMT 12/10]</title>
<headline>Telewest business prices cut by up to 30 pct. [CORRECTED 11:25 GMT 12/10]</headline>
<dateline>LONDON 1996-10-10</dateline>
<text>
<p>Telewest Communications Plc said on Thursday it would be cutting business call prices by 10 percent on average in a bid to undercut the UK's dominant player British Telecommunications Plc</p>
<p>Telewest, the UK's biggest cable operator, said in a statement that from October 25 there would be a 10 percent cut in UK weekday daytime rates, with a 20 percent cut in weekday evening and night rates and a 30 percent cut in weekday daytime international rates. Telewest has already announced cuts for residential customer calls.</p>
<p>It said the new business rates are 10 percent (Corrects from 10 times) cheaper than BT.</p>
<p>--London newsroom +44 171 5427717</p>
</text>
<copyright>(c) Reuters Limited 1996</copyright>
<metadata>
<codes class="bip:countries:1.0">
  <code code="UK">
    <editdetail attribution="Reuters BIP Coding Group" action="confirmed" date="1996-10-10"/>
  </code>
</codes>
<codes class="bip:industries:1.0">
  <code code="I79020">
    <editdetail attribution="Reuters BIP Coding Group" action="confirmed" date="1996-10-10"/>
  </code>
  <code code="I9741109">
    <editdetail attribution="Reuters BIP Coding Group" action="confirmed" date="1996-10-10"/>
  </code>
</codes>
<codes class="bip:topics:1.0">
  <code code="C31">
    <editdetail attribution="Reuters BIP Coding Group" action="confirmed" date="1996-10-10"/>
  </code>
  <code code="CCAT">
    <editdetail attribution="Reuters BIP Coding Group" action="confirmed" date="1996-10-10"/>
  </code>
</codes>
<dc element="dc.date.created" value="1996-10-10"/>
<dc element="dc.publisher" value="Reuters Holdings Plc"/>
<dc element="dc.date.published" value="1996-10-10"/>
<dc element="dc.source" value="Reuters"/>
<dc element="dc.creator.location" value="LONDON"/>
<dc element="dc.creator.location.country.name" value="UK"/>
<dc element="dc.source" value="Reuters"/>
</metadata>
</newsitem>
