<?xml version="1.0" encoding="iso-8859-1" ?>
<newsitem itemid="320155" id="root" date="1997-01-20" xml:lang="en">
<title>HONG KONG: Deutsche Morgan Grenfell HK appoints stock chiefs.</title>
<headline>Deutsche Morgan Grenfell HK appoints stock chiefs.</headline>
<dateline>HONG KONG 1997-01-20</dateline>
<text>
<p>Deutsche Bank said on Monday its brokerage arm Deutsche Morgan Grenfell had appointed senior stock executives based in Hong Kong.</p>
<p>Lawrence Ang will join as head of China research by mid-February from BZW Asia where he holds a similar position, the bank said in a statement.</p>
<p>Victor Kwok joined Deutsche Morgan Grenfell as head of Hong Kong research on January 1. Previously, he was the regional head of property research of SBC Warburg, it said.</p>
<p>Daniel Poon came from HG Asia to be head of Hong Kong/China sales, and Jeffrey Hil joined as senior salesman for Hong Kong/China from HG Asia.</p>
<p>-- Hong Kong Newsroom (852) 2843 6369</p>
</text>
<copyright>(c) Reuters Limited 1997</copyright>
<metadata>
<codes class="bip:countries:1.0">
  <code code="CHINA">
    <editdetail attribution="Reuters BIP Coding Group" action="confirmed" date="1997-01-20"/>
  </code>
  <code code="GFR">
    <editdetail attribution="Reuters BIP Coding Group" action="confirmed" date="1997-01-20"/>
  </code>
  <code code="HKONG">
    <editdetail attribution="Reuters BIP Coding Group" action="confirmed" date="1997-01-20"/>
  </code>
</codes>
<codes class="bip:industries:1.0">
  <code code="I81402">
    <editdetail attribution="Reuters BIP Coding Group" action="confirmed" date="1997-01-20"/>
  </code>
</codes>
<codes class="bip:topics:1.0">
  <code code="C41">
    <editdetail attribution="Reuters BIP Coding Group" action="confirmed" date="1997-01-20"/>
  </code>
  <code code="C411">
    <editdetail attribution="Reuters BIP Coding Group" action="confirmed" date="1997-01-20"/>
  </code>
  <code code="CCAT">
    <editdetail attribution="Reuters BIP Coding Group" action="confirmed" date="1997-01-20"/>
  </code>
</codes>
<dc element="dc.date.created" value="1997-01-20"/>
<dc element="dc.publisher" value="Reuters Holdings Plc"/>
<dc element="dc.date.published" value="1997-01-20"/>
<dc element="dc.source" value="Reuters"/>
<dc element="dc.creator.location" value="HONG KONG"/>
<dc element="dc.creator.location.country.name" value="HONG KONG"/>
<dc element="dc.source" value="Reuters"/>
</metadata>
</newsitem>
