<?xml version="1.0" encoding="iso-8859-1" ?>
<newsitem itemid="177232" id="root" date="1996-11-08" xml:lang="en">
<title>ITALY: Olivetti rises on asset sale reports.</title>
<headline>Olivetti rises on asset sale reports.</headline>
<dateline>MILAN 1996-11-08</dateline>
<text>
<p>Shares in information technology group Olivetti were 7.35 percent higher at 473 lire, with buying spurred by reports that the group is close to finalising the sale of shareholdings in two companies.</p>
<p>Newspapers reported Friday that Olivetti was close to concluding the sale of eight percent of mobile phone venture Omnitel to Germany's Mannesmann and that U.S. company Gtech was interested in Olivetti's stake in Tecnost.</p>
<p>&quot;The reports in the newspapers and today's increase make one think of the conclusion of one of these deals,&quot; said a Milan broker.</p>
<p>Olivetti announced last month that it intended to sell part of its holding in Omnitel but to retain a dominant stake in the mobile phone company.</p>
<p>Tecnost makes automated teller machines for banks and ticketing systems.</p>
<p>-- Milan newsroom +392-66102321</p>
</text>
<copyright>(c) Reuters Limited 1996</copyright>
<metadata>
<codes class="bip:countries:1.0">
  <code code="GFR">
    <editdetail attribution="Reuters BIP Coding Group" action="confirmed" date="1996-11-08"/>
  </code>
  <code code="ITALY">
    <editdetail attribution="Reuters BIP Coding Group" action="confirmed" date="1996-11-08"/>
  </code>
  <code code="USA">
    <editdetail attribution="Reuters BIP Coding Group" action="confirmed" date="1996-11-08"/>
  </code>
</codes>
<codes class="bip:industries:1.0">
  <code code="I32000">
    <editdetail attribution="Reuters BIP Coding Group" action="confirmed" date="1996-11-08"/>
  </code>
  <code code="I33020">
    <editdetail attribution="Reuters BIP Coding Group" action="confirmed" date="1996-11-08"/>
  </code>
  <code code="I3302003">
    <editdetail attribution="Reuters BIP Coding Group" action="confirmed" date="1996-11-08"/>
  </code>
  <code code="I79020">
    <editdetail attribution="Reuters BIP Coding Group" action="confirmed" date="1996-11-08"/>
  </code>
</codes>
<codes class="bip:topics:1.0">
  <code code="C15">
    <editdetail attribution="Reuters BIP Coding Group" action="confirmed" date="1996-11-08"/>
  </code>
  <code code="C152">
    <editdetail attribution="Reuters BIP Coding Group" action="confirmed" date="1996-11-08"/>
  </code>
  <code code="C18">
    <editdetail attribution="Reuters BIP Coding Group" action="confirmed" date="1996-11-08"/>
  </code>
  <code code="C181">
    <editdetail attribution="Reuters BIP Coding Group" action="confirmed" date="1996-11-08"/>
  </code>
  <code code="CCAT">
    <editdetail attribution="Reuters BIP Coding Group" action="confirmed" date="1996-11-08"/>
  </code>
</codes>
<dc element="dc.date.created" value="1996-11-08"/>
<dc element="dc.publisher" value="Reuters Holdings Plc"/>
<dc element="dc.date.published" value="1996-11-08"/>
<dc element="dc.source" value="Reuters"/>
<dc element="dc.creator.location" value="MILAN"/>
<dc element="dc.creator.location.country.name" value="ITALY"/>
<dc element="dc.source" value="Reuters"/>
</metadata>
</newsitem>
