<?xml version="1.0" encoding="iso-8859-1" ?>
<newsitem itemid="268644" id="root" date="1996-12-19" xml:lang="en">
<title>HONG KONG: Hong Kong gold ends unchanged after two-way trade.</title>
<headline>Hong Kong gold ends unchanged after two-way trade.</headline>
<dateline>HONG KONG 1996-12-19</dateline>
<text>
<p>Hong Kong gold ended unchanged on Thursday from its overnight New York finish after a day of lacklustre two-way trade, gold market sources said.</p>
<p>Bullion ended at US$369.10/60 an ounce, unchanged from New York's close on Wednesday. &quot;There was some shortcovering but things were pretty flat,&quot; said one gold dealer.</p>
<p>Physical demand remained average, dealers said.</p>
<p>Christmas holidays had diluted turnover, and volumes remained thin in afternoon trade, dalers said.</p>
<p>Local gold ended HK$1 lower at HK$3,408 a tael.</p>
<p>The carry over charge at the Chinese Gold and Silver Exchange Society fell to -4.00 from its previous close at -6.00.</p>
<p>BULLION -</p>
<p> Hong Kong midday - US$369.30/80</p>
<p> Hong Kong open   - US$369.40/90</p>
<p> Hong Kong close  - US$369.10/60</p>
<p> New York close   - US$369.10/60</p>
<p>HONG KONG TAEL MARKET -</p>
<p> Midday	     - HK$3,412</p>
<p> Open		 - HK$3,412</p>
<p> Close		- HK$3,408</p>
<p> Previous close   - HK$3,409</p>
<p>-- Mishi Saran (852) 2843 6358</p>
</text>
<copyright>(c) Reuters Limited 1996</copyright>
<metadata>
<codes class="bip:countries:1.0">
  <code code="HKONG">
    <editdetail attribution="Reuters BIP Coding Group" action="confirmed" date="1996-12-19"/>
  </code>
</codes>
<codes class="bip:topics:1.0">
  <code code="M14">
    <editdetail attribution="Reuters BIP Coding Group" action="confirmed" date="1996-12-19"/>
  </code>
  <code code="M142">
    <editdetail attribution="Reuters BIP Coding Group" action="confirmed" date="1996-12-19"/>
  </code>
  <code code="MCAT">
    <editdetail attribution="Reuters BIP Coding Group" action="confirmed" date="1996-12-19"/>
  </code>
</codes>
<dc element="dc.date.created" value="1996-12-19"/>
<dc element="dc.publisher" value="Reuters Holdings Plc"/>
<dc element="dc.date.published" value="1996-12-19"/>
<dc element="dc.source" value="Reuters"/>
<dc element="dc.creator.location" value="HONG KONG"/>
<dc element="dc.creator.location.country.name" value="HONG KONG"/>
<dc element="dc.source" value="Reuters"/>
</metadata>
</newsitem>
