<?xml version="1.0" encoding="iso-8859-1" ?>
<newsitem itemid="111366" id="root" date="1996-10-11" xml:lang="en">
<title>USA: Carbo Ceramics Sept 30 Q3 shr up to $0.30.</title>
<headline>Carbo Ceramics Sept 30 Q3 shr up to $0.30.</headline>
<dateline>IRVING, Texas 1996-10-11</dateline>
<text>
<p>1996			1995</p>
<p> Shr		 $0.30		    $0.26</p>
<p> Net		 4,350		    3,866</p>
<p> Revs		17,898		   15,736</p>
<p> Avg shrs	  14,720		   14,602</p>
<p>	   9 MONTHS</p>
<p> Shr		 $0.70		    $0.73</p>
<p> Net		 10,237		   10,615</p>
<p> Revs		48,330		   44,191</p>
<p> Avg shrs	  14,686		   14,602</p>
<p>(All data above 000s except per share numbers)</p>
<p>Full company name is Carbo Ceramics Inc</p>
<p>NOTE: The company said net income data was based on the company's effective tax rate. Prior to April 24, 1996, the company elected S corporation status under the internal revenue code. Net income for the nine months ended Sept 30 1996 included a $700,000 or $0.04 per share non-recurring charge connected with its initial public offering.</p>
</text>
<copyright>(c) Reuters Limited 1996</copyright>
<metadata>
<codes class="bip:countries:1.0">
  <code code="USA">
    <editdetail attribution="Reuters BIP Coding Group" action="confirmed" date="1996-10-11"/>
  </code>
</codes>
<codes class="bip:industries:1.0">
  <code code="I24800">
    <editdetail attribution="Reuters BIP Coding Group" action="confirmed" date="1996-10-11"/>
  </code>
</codes>
<codes class="bip:topics:1.0">
  <code code="C15">
    <editdetail attribution="Reuters BIP Coding Group" action="confirmed" date="1996-10-11"/>
  </code>
  <code code="C151">
    <editdetail attribution="Reuters BIP Coding Group" action="confirmed" date="1996-10-11"/>
  </code>
  <code code="CCAT">
    <editdetail attribution="Reuters BIP Coding Group" action="confirmed" date="1996-10-11"/>
  </code>
</codes>
<dc element="dc.date.created" value="1996-10-11"/>
<dc element="dc.publisher" value="Reuters Holdings Plc"/>
<dc element="dc.date.published" value="1996-10-11"/>
<dc element="dc.source" value="Reuters"/>
<dc element="dc.creator.location" value="IRVING, Texas"/>
<dc element="dc.creator.location.country.name" value="USA"/>
<dc element="dc.source" value="Reuters"/>
</metadata>
</newsitem>
