<?xml version="1.0" encoding="iso-8859-1" ?>
<newsitem itemid="229436" id="root" date="1996-12-02" xml:lang="en">
<title>SWITZERLAND: Swiss bond market closing report.</title>
<headline>Swiss bond market closing report.</headline>
<dateline>ZURICH 1996-12-02</dateline>
<text>
<p>Swiss bonds ended the first day of a new month in minus territory as the franc tumbled versus the dollar and mark to its lowest levels in nearly two years.</p>
<p>December Swiss Confederate &quot;Conf&quot; futures were able to briefly retest the contract high of 115.80 set on October 9 as the session began. But the brush with old peaks was short-lived as the franc weakened. U.S. and German debt prices also fell.</p>
<p>Shorter maturities began under pressure and continued to drop. LIFFE's March three-month EuroSwiss contract ended near its lows for the day. But the contract remained inside an ever-narrowing range seen since late October.  </p>
<p>-- Monday prices as follows:</p>
<p>Dec Conf futures  CONFZ6 down 20 at 115.20.</p>
<p>Dec Comi medium-term bond  COMIZ6 off three at 110.07</p>
<p>Mar Euro Swiss francs  FESM7 down eight at 97.81.</p>
<p>4-1/2 Apr 2006 bond  CH061893= 104.50/60 yield 3.90</p>
<p>(Friday close 104.50/60 yield 3.90 pct)</p>
<p>4-1/2 Jun 2007 bond  CH470458= 103.95/104.05 yld 4.018</p>
<p>(Friday close 104.07/17 yield 4.0 pct)</p>
<p>-- Zurich Editorial +41 1 631 7340</p>
</text>
<copyright>(c) Reuters Limited 1996</copyright>
<metadata>
<codes class="bip:countries:1.0">
  <code code="SWITZ">
    <editdetail attribution="Reuters BIP Coding Group" action="confirmed" date="1996-12-02"/>
  </code>
</codes>
<codes class="bip:topics:1.0">
  <code code="M12">
    <editdetail attribution="Reuters BIP Coding Group" action="confirmed" date="1996-12-02"/>
  </code>
  <code code="MCAT">
    <editdetail attribution="Reuters BIP Coding Group" action="confirmed" date="1996-12-02"/>
  </code>
</codes>
<dc element="dc.date.created" value="1996-12-02"/>
<dc element="dc.publisher" value="Reuters Holdings Plc"/>
<dc element="dc.date.published" value="1996-12-02"/>
<dc element="dc.source" value="Reuters"/>
<dc element="dc.creator.location" value="ZURICH"/>
<dc element="dc.creator.location.country.name" value="SWITZERLAND"/>
<dc element="dc.source" value="Reuters"/>
</metadata>
</newsitem>
