<?xml version="1.0" encoding="iso-8859-1" ?>
<newsitem itemid="481476" id="root" date="1997-04-02" xml:lang="en">
<title>NEW ZEALAND: Strong NZ dollar inevitable, says Bolger.</title>
<headline>Strong NZ dollar inevitable, says Bolger.</headline>
<dateline>WELLINGTON 1996-04-03</dateline>
<text>
<p>Prime Minister Jim Bolger said on Thursday that confidence in the New Zealand economy meant a strong New Zealand dollar was inevitable.  </p>
<p>Bolger said New Zealand was attempting to secure greater international competitiveness &quot;while acknowledging that confidence in New Zealand's government and its economy will inevitably ensure a strong New Zealand dollar&quot;.  </p>
<p>He was speaking at the 1997 Government to Business Summit in Wellington.  </p>
<p>Bolger said the government's budget due in June would be consistent with the National and New Zealand First parties' coalition agreement.</p>
<p>&quot;It will be a budget that emphasises health and education.</p>
<p>&quot;These are two core areas that we seek to advance as we look to the decades ahead and seek to ensure that the right structures and systems are in place.&quot;</p>
<p>Bolger said change to the government's pension scheme would come whatever the outcome to a referendum in September on compulsory superannuation.  </p>
<p>&quot;Whatever is decided -- a savings-based scheme or a tax-based scheme -- they are both compulsory and the status quo is not sustainable on present tax levels for very long.</p>
<p>&quot;Change will come.&quot;</p>
<p>-- Wellington newsroom 64 4 4734 746</p>
</text>
<copyright>(c) Reuters Limited 1997</copyright>
<metadata>
<codes class="bip:countries:1.0">
  <code code="NZ">
    <editdetail attribution="Reuters BIP Coding Group" action="confirmed" date="1997-04-02"/>
  </code>
</codes>
<codes class="bip:topics:1.0">
  <code code="E12">
    <editdetail attribution="Reuters BIP Coding Group" action="confirmed" date="1997-04-02"/>
  </code>
  <code code="ECAT">
    <editdetail attribution="Reuters BIP Coding Group" action="confirmed" date="1997-04-02"/>
  </code>
  <code code="M13">
    <editdetail attribution="Reuters BIP Coding Group" action="confirmed" date="1997-04-02"/>
  </code>
  <code code="M132">
    <editdetail attribution="Reuters BIP Coding Group" action="confirmed" date="1997-04-02"/>
  </code>
  <code code="MCAT">
    <editdetail attribution="Reuters BIP Coding Group" action="confirmed" date="1997-04-02"/>
  </code>
</codes>
<dc element="dc.date.created" value="1996-04-03"/>
<dc element="dc.publisher" value="Reuters Holdings Plc"/>
<dc element="dc.date.published" value="1997-04-02"/>
<dc element="dc.source" value="Reuters"/>
<dc element="dc.creator.location" value="WELLINGTON"/>
<dc element="dc.creator.location.country.name" value="NEW ZEALAND"/>
<dc element="dc.source" value="Reuters"/>
</metadata>
</newsitem>
