<?xml version="1.0" encoding="iso-8859-1" ?>
<newsitem itemid="117143" id="root" date="1996-10-15" xml:lang="en">
<title>USA: U.S. interest rates mixed in latest week.</title>
<headline>U.S. interest rates mixed in latest week.</headline>
<dateline>WASHINGTON 1996-10-15</dateline>
<text>
<p>The Federal Reserve announced average interest rates for the week ended Oct 11, compared with the Oct 4 week, as follows:</p>
<p>   Federal funds rate.................5.14 vs 5.40</p>
<p>   3-month Treasury bills.............4.98 vs 4.91</p>
<p>   3-month commercial paper...........5.43 vs 5.48</p>
<p>   3-month bankers acceptances........5.35 vs 5.34</p>
<p>   3-month CDs........................5.40 vs 5.48</p>
<p>   3-month Eurodollar.................5.41 vs 5.49</p>
<p>   30-year Government bond............6.83 vs 6.85</p>
</text>
<copyright>(c) Reuters Limited 1996</copyright>
<metadata>
<codes class="bip:countries:1.0">
  <code code="USA">
    <editdetail attribution="Reuters BIP Coding Group" action="confirmed" date="1996-10-15"/>
  </code>
</codes>
<codes class="bip:topics:1.0">
  <code code="M13">
    <editdetail attribution="Reuters BIP Coding Group" action="confirmed" date="1996-10-15"/>
  </code>
  <code code="M131">
    <editdetail attribution="Reuters BIP Coding Group" action="confirmed" date="1996-10-15"/>
  </code>
  <code code="MCAT">
    <editdetail attribution="Reuters BIP Coding Group" action="confirmed" date="1996-10-15"/>
  </code>
</codes>
<dc element="dc.date.created" value="1996-10-15"/>
<dc element="dc.publisher" value="Reuters Holdings Plc"/>
<dc element="dc.date.published" value="1996-10-15"/>
<dc element="dc.source" value="Reuters"/>
<dc element="dc.creator.location" value="WASHINGTON"/>
<dc element="dc.creator.location.country.name" value="USA"/>
<dc element="dc.source" value="Reuters"/>
</metadata>
</newsitem>
