<?xml version="1.0" encoding="iso-8859-1" ?>
<newsitem itemid="353826" id="root" date="1997-02-04" xml:lang="en">
<title>HUNGARY: Hungary one-month T-bill yield drops to 21.60 pct.</title>
<headline>Hungary one-month T-bill yield drops to 21.60 pct.</headline>
<dateline>BUDAPEST 1997-02-04</dateline>
<text>
<p>The average annual yield on the latest issue of one-month discount treasury bills was set by auction at 21.60 percent, down from 21.73 percent at an auction one week ago, the Government Debt Management Agency said. Full details of the auction follow.</p>
<p>    Total on offer	     1,000 million forints</p>
<p>    Total bids received	2,758.62 million forints</p>
<p>    Total allocated	    1,000 million forints</p>
<p>    Total issued		 1,000 million forints</p>
<p>    Average annual yield	    21.60 pct</p>
<p>    Average price		     98.3700 pct</p>
</text>
<copyright>(c) Reuters Limited 1997</copyright>
<metadata>
<codes class="bip:countries:1.0">
  <code code="HUNG">
    <editdetail attribution="Reuters BIP Coding Group" action="confirmed" date="1997-02-04"/>
  </code>
</codes>
<codes class="bip:topics:1.0">
  <code code="M13">
    <editdetail attribution="Reuters BIP Coding Group" action="confirmed" date="1997-02-04"/>
  </code>
  <code code="M131">
    <editdetail attribution="Reuters BIP Coding Group" action="confirmed" date="1997-02-04"/>
  </code>
  <code code="MCAT">
    <editdetail attribution="Reuters BIP Coding Group" action="confirmed" date="1997-02-04"/>
  </code>
</codes>
<dc element="dc.date.created" value="1997-02-04"/>
<dc element="dc.publisher" value="Reuters Holdings Plc"/>
<dc element="dc.date.published" value="1997-02-04"/>
<dc element="dc.source" value="Reuters"/>
<dc element="dc.creator.location" value="BUDAPEST"/>
<dc element="dc.creator.location.country.name" value="HUNGARY"/>
<dc element="dc.source" value="Reuters"/>
</metadata>
</newsitem>
