<?xml version="1.0" encoding="iso-8859-1" ?>
<newsitem itemid="33538" id="root" date="1996-09-04" xml:lang="en">
<title>INDONESIA: Indonesian monthly inflation 0.27 pct in August.</title>
<headline>Indonesian monthly inflation 0.27 pct in August.</headline>
<dateline>JAKARTA 1996-09-04</dateline>
<text>
<p>Indonesia posted month-on-month inflation of 0.27 percent in August against 0.68 percent in July, government sources said on Wednesday.</p>
<p>Month-on-month inflation in August 1995 was 0.32 percent.</p>
</text>
<copyright>(c) Reuters Limited 1996</copyright>
<metadata>
<codes class="bip:countries:1.0">
  <code code="INDON">
    <editdetail attribution="Reuters BIP Coding Group" action="confirmed" date="1996-09-04"/>
  </code>
</codes>
<codes class="bip:topics:1.0">
  <code code="E13">
    <editdetail attribution="Reuters BIP Coding Group" action="confirmed" date="1996-09-04"/>
  </code>
  <code code="E131">
    <editdetail attribution="Reuters BIP Coding Group" action="confirmed" date="1996-09-04"/>
  </code>
  <code code="ECAT">
    <editdetail attribution="Reuters BIP Coding Group" action="confirmed" date="1996-09-04"/>
  </code>
</codes>
<dc element="dc.date.created" value="1996-09-04"/>
<dc element="dc.publisher" value="Reuters Holdings Plc"/>
<dc element="dc.date.published" value="1996-09-04"/>
<dc element="dc.source" value="Reuters"/>
<dc element="dc.creator.location" value="JAKARTA"/>
<dc element="dc.creator.location.country.name" value="INDONESIA"/>
<dc element="dc.source" value="Reuters"/>
</metadata>
</newsitem>
