<?xml version="1.0" encoding="iso-8859-1" ?>
<newsitem itemid="634995" id="root" date="1997-06-03" xml:lang="en">
<title>FINLAND: Hartwall says Coke co-op to end.</title>
<headline>Hartwall says Coke co-op to end.</headline>
<dateline>HELSINKI 1997-06-03</dateline>
<text>
<p>Finnish beverages group Oy Hartwall Ab said in a statement on Tuesday its agreement with U.S. Coca-Cola Co to produce, sell and distribute Coca-Cola products in Finland would continue until end-1998 and then end.</p>
<p>&quot;Cooperation will end due to different views on long-term strategy,&quot; Hartwall said.</p>
<p>Coca-Cola would pay Hartwall a one-time compensation of about 200 million markka in 1997-99, and a &quot;little more than half of the total compensation&quot; would &quot;have a positive effect on the financial results of Hartwall&quot; in 1997 and 1998, it said.</p>
<p>Hartwall's sales of Coca-Cola products in Finland amounted to 86 million litres in 1996, or 14.8 percent of total group sales volume, and 22.4 percent of domestic sales volume.</p>
<p>Coca Cola products accounted for 8.9 percent of Hartwall's operating profit in 1996 -- excluding the Baltic Beverages Holding joint venture, it said.</p>
<p>The compensation includes the working capital involved with Hartwall's Coca-Cola operations as well as its shares of Oy CC Cold Drink Ab, which will be transferred to Coca-Cola on December 30, 1997.</p>
<p>The transition period would give each company sufficient time for the necessary reorganisation of their operations, Hartwall said.</p>
<p>&quot;Hartwall aims to maintain its position as the leading Finnish beer and soft drinks company, with own strong brands also in the latter product group,&quot; it said.</p>
<p>--Helsinki newsroom +358-9-680 50 245, news@reuters.fi</p>
</text>
<copyright>(c) Reuters Limited 1997</copyright>
<metadata>
<codes class="bip:countries:1.0">
  <code code="FIN">
    <editdetail attribution="Reuters BIP Coding Group" action="confirmed" date="1997-06-03"/>
  </code>
  <code code="USA">
    <editdetail attribution="Reuters BIP Coding Group" action="confirmed" date="1997-06-03"/>
  </code>
</codes>
<codes class="bip:industries:1.0">
  <code code="I42700">
    <editdetail attribution="Reuters BIP Coding Group" action="confirmed" date="1997-06-03"/>
  </code>
  <code code="I42800">
    <editdetail attribution="Reuters BIP Coding Group" action="confirmed" date="1997-06-03"/>
  </code>
</codes>
<codes class="bip:topics:1.0">
  <code code="C33">
    <editdetail attribution="Reuters BIP Coding Group" action="confirmed" date="1997-06-03"/>
  </code>
  <code code="CCAT">
    <editdetail attribution="Reuters BIP Coding Group" action="confirmed" date="1997-06-03"/>
  </code>
</codes>
<dc element="dc.date.created" value="1997-06-03"/>
<dc element="dc.publisher" value="Reuters Holdings Plc"/>
<dc element="dc.date.published" value="1997-06-03"/>
<dc element="dc.source" value="Reuters"/>
<dc element="dc.creator.location" value="HELSINKI"/>
<dc element="dc.creator.location.country.name" value="FINLAND"/>
<dc element="dc.source" value="Reuters"/>
</metadata>
</newsitem>
