<?xml version="1.0" encoding="iso-8859-1" ?>
<newsitem itemid="525208" id="root" date="1997-04-21" xml:lang="en">
<title>NETHERLANDS: Kok stresses Dutch anti-drugs credentials.</title>
<headline>Kok stresses Dutch anti-drugs credentials.</headline>
<dateline>AMSTERDAM 1997-04-21</dateline>
<text>
<p>Dutch Prime Minister Wim Kok on Monday stressed the Netherlands' desire to fight drug abuse and trafficking and said he hoped the European Union would soon develop techniques to identify new synthetic drugs.</p>
<p>Kok was speaking at the international &quot;Cities and Addictions&quot; conference in Rotterdam.</p>
<p>He said joint European action was essential to combat drug trafficking, adding that the adoption of the Joint Action on Drugs by the European Council in Dublin in December was an essential first step.</p>
<p>He called for increased discussion and exchange of knowledge, despite differences of opinion.</p>
<p>&quot;Even though our methods may differ from country to country, we are all allies in the fight against drugs,&quot; Kok said.</p>
<p>The Dutch premier was keen to squash the perception that the Netherlands is a haven for soft drugs, mentioning a reduction in the number of &quot;coffee shops&quot; where soft drugs are available and recent efforts to combat advertising aimed at luring young &quot;drugs tourists&quot;.</p>
<p>Like all other European nations, the Dutch would not tolerate any drug abuse, Kok said.</p>
<p>&quot;Our prime consideration in fighting drug abuse...is that all drug abuse is harmful to health,&quot; he added.</p>
</text>
<copyright>(c) Reuters Limited 1997</copyright>
<metadata>
<codes class="bip:countries:1.0">
  <code code="EEC">
    <editdetail attribution="Reuters BIP Coding Group" action="confirmed" date="1997-04-21"/>
  </code>
  <code code="NETH">
    <editdetail attribution="Reuters BIP Coding Group" action="confirmed" date="1997-04-21"/>
  </code>
</codes>
<codes class="bip:topics:1.0">
  <code code="G15">
    <editdetail attribution="Reuters BIP Coding Group" action="confirmed" date="1997-04-21"/>
  </code>
  <code code="GCAT">
    <editdetail attribution="Reuters BIP Coding Group" action="confirmed" date="1997-04-21"/>
  </code>
  <code code="GCRIM">
    <editdetail attribution="Reuters BIP Coding Group" action="confirmed" date="1997-04-21"/>
  </code>
</codes>
<dc element="dc.date.created" value="1997-04-21"/>
<dc element="dc.publisher" value="Reuters Holdings Plc"/>
<dc element="dc.date.published" value="1997-04-21"/>
<dc element="dc.source" value="Reuters"/>
<dc element="dc.creator.location" value="AMSTERDAM"/>
<dc element="dc.creator.location.country.name" value="NETHERLANDS"/>
<dc element="dc.source" value="Reuters"/>
</metadata>
</newsitem>
