<?xml version="1.0" encoding="iso-8859-1" ?>
<newsitem itemid="250671" id="root" date="1996-12-11" xml:lang="en">
<title>AUSTRALIA: RTRS-Australian Telstra vote seen late Wednesday.</title>
<headline>RTRS-Australian Telstra vote seen late Wednesday.</headline>
<dateline>CANBERRA 1996-12-11</dateline>
<text>
<p>Minority parties in the Australian Senate have agreed to vote finally on Wednesday on the bill to sell a third of government telecommunications carrier Telstra Corp, Senate sources said.</p>
<p>They also agreed in a meeting with the Liberal-National government to extended sitting hours on Thursday and Friday, the last sitting day for 1997, to ensure that essential budget bills are passed, the sources told Reuters.</p>
<p>&quot;We'll sit on Thursday from 9.30 a.m. (2230 GMT) until midnight (1300 GMT),&quot; one party official said.  </p>
<p>The Senate would sit from 9.00 a.m. Friday (2200 GMT Thursday) until Friday evening, local time, in order to finish the budget bills, officials said.</p>
<p>Budget measures at risk in the Senate are worth about a quarter of the A$7.2 billion fiscal tightening that the government has programmed for the year to June 1998.</p>
<p>The bulk of those doubtful measures will be determined by the Senate, in which the government does not have a majority, on Thursday and Friday.</p>
</text>
<copyright>(c) Reuters Limited 1996</copyright>
<metadata>
<codes class="bip:countries:1.0">
  <code code="AUSTR">
    <editdetail attribution="Reuters BIP Coding Group" action="confirmed" date="1996-12-11"/>
  </code>
</codes>
<codes class="bip:industries:1.0">
  <code code="I79020">
    <editdetail attribution="Reuters BIP Coding Group" action="confirmed" date="1996-12-11"/>
  </code>
</codes>
<codes class="bip:topics:1.0">
  <code code="C18">
    <editdetail attribution="Reuters BIP Coding Group" action="confirmed" date="1996-12-11"/>
  </code>
  <code code="C183">
    <editdetail attribution="Reuters BIP Coding Group" action="confirmed" date="1996-12-11"/>
  </code>
  <code code="CCAT">
    <editdetail attribution="Reuters BIP Coding Group" action="confirmed" date="1996-12-11"/>
  </code>
  <code code="E12">
    <editdetail attribution="Reuters BIP Coding Group" action="confirmed" date="1996-12-11"/>
  </code>
  <code code="ECAT">
    <editdetail attribution="Reuters BIP Coding Group" action="confirmed" date="1996-12-11"/>
  </code>
  <code code="GCAT">
    <editdetail attribution="Reuters BIP Coding Group" action="confirmed" date="1996-12-11"/>
  </code>
  <code code="GPOL">
    <editdetail attribution="Reuters BIP Coding Group" action="confirmed" date="1996-12-11"/>
  </code>
</codes>
<dc element="dc.date.created" value="1996-12-11"/>
<dc element="dc.publisher" value="Reuters Holdings Plc"/>
<dc element="dc.date.published" value="1996-12-11"/>
<dc element="dc.source" value="Reuters"/>
<dc element="dc.creator.location" value="CANBERRA"/>
<dc element="dc.creator.location.country.name" value="AUSTRALIA"/>
<dc element="dc.source" value="Reuters"/>
</metadata>
</newsitem>
