<?xml version="1.0" encoding="iso-8859-1" ?>
<newsitem itemid="18535" id="root" date="1996-08-28" xml:lang="en">
<title>POLAND: OPTIMUS TO SELL PHILIPS' MONITORS.</title>
<headline>OPTIMUS TO SELL PHILIPS' MONITORS.</headline>
<dateline>WARSAW 1996-08-28</dateline>
<text>
<p>Dutch Philips Electronics NV signed a coooperation agreement on Wednesday with Polish computer maker Optimus SA on distributing its computer monitors in Optimus's retail net, the chief of Philips' Polish unit said.</p>
<p>&quot;From now on Philips computer monitors will be offered in Optimus net,&quot; Jaap C. van Oost told a news conference.</p>
<p>He said Philips targeted a 10-percent computer monitors market share in Poland. He declined to say what the market share was at present.</p>
<p>Optimus president Roman Kluska, also present, said Philips and Optimus were also thinking of cooperating in production, but said it was too early to reveal any details.</p>
<p>Philips, which has so far invested $130 million in Poland, has majority stakes in seven Polish companies. Its turnover in Poland doubled last year to $300-350 million, compared with 1994. -- Malgorzata Rzepka +48 22 653 9700</p>
</text>
<copyright>(c) Reuters Limited 1996</copyright>
<metadata>
<codes class="bip:countries:1.0">
  <code code="NETH">
    <editdetail attribution="Reuters BIP Coding Group" action="confirmed" date="1996-08-28"/>
  </code>
  <code code="POL">
    <editdetail attribution="Reuters BIP Coding Group" action="confirmed" date="1996-08-28"/>
  </code>
</codes>
<codes class="bip:industries:1.0">
  <code code="I33020">
    <editdetail attribution="Reuters BIP Coding Group" action="confirmed" date="1996-08-28"/>
  </code>
  <code code="I34000">
    <editdetail attribution="Reuters BIP Coding Group" action="confirmed" date="1996-08-28"/>
  </code>
</codes>
<codes class="bip:topics:1.0">
  <code code="C33">
    <editdetail attribution="Reuters BIP Coding Group" action="confirmed" date="1996-08-28"/>
  </code>
  <code code="CCAT">
    <editdetail attribution="Reuters BIP Coding Group" action="confirmed" date="1996-08-28"/>
  </code>
</codes>
<dc element="dc.date.created" value="1996-08-28"/>
<dc element="dc.publisher" value="Reuters Holdings Plc"/>
<dc element="dc.date.published" value="1996-08-28"/>
<dc element="dc.source" value="Reuters"/>
<dc element="dc.creator.location" value="WARSAW"/>
<dc element="dc.creator.location.country.name" value="POLAND"/>
<dc element="dc.source" value="Reuters"/>
</metadata>
</newsitem>
