<?xml version="1.0" encoding="iso-8859-1" ?>
<newsitem itemid="29796" id="root" date="1996-09-03" xml:lang="en">
<title>USA: New York physical copper market.</title>
<headline>New York physical copper market.</headline>
<dateline>NEW YORK 1996-09-03</dateline>
<text>
<p>Based on COMEX settlement prices, merchant copper cathodes for August shipment were quoted at a nominal 99.15 to 99.65 cents a lb.</p>
<p>No. 2 scrap copper was quoted at a nominal 78 cents a lb, unchanged from August 30th.</p>
<p>-- New York Commodities Desk 212-859-1640</p>
</text>
<copyright>(c) Reuters Limited 1996</copyright>
<metadata>
<codes class="bip:countries:1.0">
  <code code="USA">
    <editdetail attribution="Reuters BIP Coding Group" action="confirmed" date="1996-09-03"/>
  </code>
</codes>
<codes class="bip:topics:1.0">
  <code code="M14">
    <editdetail attribution="Reuters BIP Coding Group" action="confirmed" date="1996-09-03"/>
  </code>
  <code code="M142">
    <editdetail attribution="Reuters BIP Coding Group" action="confirmed" date="1996-09-03"/>
  </code>
  <code code="MCAT">
    <editdetail attribution="Reuters BIP Coding Group" action="confirmed" date="1996-09-03"/>
  </code>
</codes>
<dc element="dc.date.created" value="1996-09-03"/>
<dc element="dc.publisher" value="Reuters Holdings Plc"/>
<dc element="dc.date.published" value="1996-09-03"/>
<dc element="dc.source" value="Reuters"/>
<dc element="dc.creator.location" value="NEW YORK"/>
<dc element="dc.creator.location.country.name" value="USA"/>
<dc element="dc.source" value="Reuters"/>
</metadata>
</newsitem>
