<?xml version="1.0" encoding="iso-8859-1" ?>
<newsitem itemid="426252" id="root" date="1997-03-07" xml:lang="en">
<title>LITHUANIA: EBRD eyes Lithuanian privatisation process.</title>
<headline>EBRD eyes Lithuanian privatisation process.</headline>
<dateline>VILNIUS 1997-03-07</dateline>
<text>
<p>Lithuania's European affairs ministry said on Friday the European Bank for Reconstruction and Development (EBRD) was interested in the privatisation of the country's energy, port and communications sectors.</p>
<p>&quot;Representatives from the EBRD expressed their wish to participate in the privatisation of Lithuanian Telecom and some companies in the Klaipeda port,&quot; the ministry said in a statement.</p>
<p>&quot;The representatives are interested in the Butinge Oil terminal project...and the privatisation strategy for big energy, transport and communication companies,&quot; it added.</p>
<p>Lithuania's right-of-centre government has committed itself to privatising key enterprises in these sectors, which economists and analysts say are inefficient and in urgent need of reform.</p>
<p>-- Vilnius newsroom, +370 2 223 518</p>
</text>
<copyright>(c) Reuters Limited 1997</copyright>
<metadata>
<codes class="bip:countries:1.0">
  <code code="LITH">
    <editdetail attribution="Reuters BIP Coding Group" action="confirmed" date="1997-03-07"/>
  </code>
</codes>
<codes class="bip:industries:1.0">
  <code code="I13000">
    <editdetail attribution="Reuters BIP Coding Group" action="confirmed" date="1997-03-07"/>
  </code>
  <code code="I76300">
    <editdetail attribution="Reuters BIP Coding Group" action="confirmed" date="1997-03-07"/>
  </code>
  <code code="I79020">
    <editdetail attribution="Reuters BIP Coding Group" action="confirmed" date="1997-03-07"/>
  </code>
  <code code="I81501">
    <editdetail attribution="Reuters BIP Coding Group" action="confirmed" date="1997-03-07"/>
  </code>
  <code code="I8150106">
    <editdetail attribution="Reuters BIP Coding Group" action="confirmed" date="1997-03-07"/>
  </code>
</codes>
<codes class="bip:topics:1.0">
  <code code="C11">
    <editdetail attribution="Reuters BIP Coding Group" action="confirmed" date="1997-03-07"/>
  </code>
  <code code="C18">
    <editdetail attribution="Reuters BIP Coding Group" action="confirmed" date="1997-03-07"/>
  </code>
  <code code="C183">
    <editdetail attribution="Reuters BIP Coding Group" action="confirmed" date="1997-03-07"/>
  </code>
  <code code="CCAT">
    <editdetail attribution="Reuters BIP Coding Group" action="confirmed" date="1997-03-07"/>
  </code>
</codes>
<dc element="dc.date.created" value="1997-03-07"/>
<dc element="dc.publisher" value="Reuters Holdings Plc"/>
<dc element="dc.date.published" value="1997-03-07"/>
<dc element="dc.source" value="Reuters"/>
<dc element="dc.creator.location" value="VILNIUS"/>
<dc element="dc.creator.location.country.name" value="LITHUANIA"/>
<dc element="dc.source" value="Reuters"/>
</metadata>
</newsitem>
