<?xml version="1.0" encoding="iso-8859-1" ?>
<newsitem itemid="733890" id="root" date="1997-07-16" xml:lang="en">
<title>GREECE: Greek Progress Fund H1 profit up 92.2 pct.</title>
<headline>Greek Progress Fund H1 profit up 92.2 pct.</headline>
<dateline>ATHENS 1997-07-16</dateline>
<text>
<p>Closed-end fund Greek Progress said its half-year net profit rose 92.2 percent year-on-year to 2,276 million drachmas, mostly due to a jump in gains from portfolio transactions to 1.8 billion drachmas from year-earlier 0.74 billion.</p>
<p>The fund's portfolio had unrealised gains of 3.7 billion drachmas at end-June, climbing to 4.67 billion by July 14, 1997, it said in a statement.</p>
<p>On June 30, 1997 the fund's shares traded at a 25.6 percent discount to their net asset value (NAV) of 3,348 drachmas.</p>
<p>By July 14 NAV per share had risen to 3,505 and the dicount narrowed to 25 percent.</p>
<p>The fund said it had introduced more active asset management but would not deviate from its conservative investment approach and transaction costs would not be affected considerably.</p>
<p>It reshuffled its portfolio towards Athens bourse listings and away from foreign bonds, providing greater exposure to Greek securities for its foreign shareholders who hold 40 percent of its stock, it said.</p>
<p>Positions in ETBA Leasing, Benrubi, Volos Technical, Hellenic Fabrics, Katselis were shaken out in favour of additional positions in Mtka and Heracles Cement.</p>
<p>Its main equity positions included ErgoBank, Alpha Credit, Chipita, Goody's, Titan Cement, Hellenic Bottling, Delta Dairy and Papastratos, it said.</p>
<p>As of June 30, the fund was 81.3 percent invested in Athens-listed equities with non-listed stocks accounting for another 4.7 percent of its assets.</p>
<p>It reported the following asset allocation in its equity portfolio:</p>
<p>    Food &amp; Beverage	29.0%</p>
<p>    Banks		    20.5%</p>
<p>    Building Materials   13.0%</p>
<p>    Construction	   11.4%</p>
<p>    Telecoms		  7.4%</p>
<p>    Metallurgical	   4.5%</p>
<p>    Leasing		   2.3%</p>
<p>    Chemicals		 2.2%</p>
<p>    Tobacco		   2.1%</p>
<p>    Miscellaneous	   7.6%</p>
<p>Progress Fund's shares lost 20 drachmas to 2,630 on Wednesday on volume of 28,700 shares.</p>
<p>--Angelos Kiosklis, Athens Newsroom +301 3311812-4</p>
</text>
<copyright>(c) Reuters Limited 1997</copyright>
<metadata>
<codes class="bip:countries:1.0">
  <code code="GREECE">
    <editdetail attribution="Reuters BIP Coding Group" action="confirmed" date="1997-07-16"/>
  </code>
</codes>
<codes class="bip:industries:1.0">
  <code code="I81502">
    <editdetail attribution="Reuters BIP Coding Group" action="confirmed" date="1997-07-16"/>
  </code>
</codes>
<codes class="bip:topics:1.0">
  <code code="C15">
    <editdetail attribution="Reuters BIP Coding Group" action="confirmed" date="1997-07-16"/>
  </code>
  <code code="C151">
    <editdetail attribution="Reuters BIP Coding Group" action="confirmed" date="1997-07-16"/>
  </code>
  <code code="CCAT">
    <editdetail attribution="Reuters BIP Coding Group" action="confirmed" date="1997-07-16"/>
  </code>
</codes>
<dc element="dc.date.created" value="1997-07-16"/>
<dc element="dc.publisher" value="Reuters Holdings Plc"/>
<dc element="dc.date.published" value="1997-07-16"/>
<dc element="dc.source" value="Reuters"/>
<dc element="dc.creator.location" value="ATHENS"/>
<dc element="dc.creator.location.country.name" value="GREECE"/>
<dc element="dc.source" value="Reuters"/>
</metadata>
</newsitem>
