<?xml version="1.0" encoding="iso-8859-1" ?>
<newsitem itemid="260927" id="root" date="1996-12-17" xml:lang="en">
<title>Czech republic: Czech RPIX rises but turnover declines sharply.</title>
<headline>Czech RPIX rises but turnover declines sharply.</headline>
<text>
<p>1300 GMT - The Czech RPIX closes higher on Tuesday but activity falls away.</p>
<p>* .RPIX up 7.8 points, 0.73 percent, to 1,072.2</p>
<p>* Turnover, 12.9 million crowns</p>
<p>* RIF rises 22 crowns to 842 - most heavily traded share with turnover at 4.1 million crowns</p>
<p>* SPIF Cesky falls 10 crowns to 420</p>
<p>* SPT Telecom gains 37 crowns to 3,128</p>
<p>* Komercni Banka up 11 crowns to 2,091</p>
<p>-- Prague Newsroom, 42-2-2423-0003</p>
</text>
<copyright>(c) Reuters Limited 1996</copyright>
<metadata>
<codes class="bip:countries:1.0">
  <code code="CZREP">
    <editdetail attribution="Reuters BIP Coding Group" action="confirmed" date="1996-12-17"/>
  </code>
</codes>
<codes class="bip:topics:1.0">
  <code code="M11">
    <editdetail attribution="Reuters BIP Coding Group" action="confirmed" date="1996-12-17"/>
  </code>
  <code code="MCAT">
    <editdetail attribution="Reuters BIP Coding Group" action="confirmed" date="1996-12-17"/>
  </code>
</codes>
<dc element="dc.publisher" value="Reuters Holdings Plc"/>
<dc element="dc.date.published" value="1996-12-17"/>
<dc element="dc.source" value="Reuters"/>
<dc element="dc.creator.location.country.name" value="CZECH REPUBLIC"/>
<dc element="dc.source" value="Reuters"/>
</metadata>
</newsitem>
