<?xml version="1.0" encoding="iso-8859-1" ?>
<newsitem itemid="773601" id="root" date="1997-08-01" xml:lang="en">
<title>USA: TABLE - IFS Internatl yr shr profit vs loss.</title>
<headline>TABLE - IFS Internatl yr shr profit vs loss.</headline>
<dateline>TROY, N.Y. 1997-07-31</dateline>
<text>
<p>IFS INTERNATIONAL INC.</p>
<p>				   Twelve Months Ended</p>
<p>						  April 30,</p>
<p>					   1997			 1996</p>
<p> Total revenues		$3,733,218		  $2,440,783</p>
<p> Service revenues		 955,843		     412,743</p>
<p> Gross profit		   2,826,505		   1,936,022</p>
<p> Total operating expenses   2,444,088		   1,933,652</p>
<p>Income (loss)</p>
<p>   from operations		382,417			 2,370</p>
<p> Net income (loss)		287,936		    (48,380)</p>
<p>Net income (loss)</p>
<p>   per common share		  0.18			(0.05)</p>
<p>NOTE - Full company name is IFS International Inc</p>
<p>((-- New York Newsdesk 212-859-1610))</p>
</text>
<copyright>(c) Reuters Limited 1997</copyright>
<metadata>
<codes class="bip:countries:1.0">
  <code code="USA">
    <editdetail attribution="Reuters BIP Coding Group" action="confirmed" date="1997-08-01"/>
  </code>
</codes>
<codes class="bip:topics:1.0">
  <code code="C15">
    <editdetail attribution="Reuters BIP Coding Group" action="confirmed" date="1997-08-01"/>
  </code>
  <code code="C151">
    <editdetail attribution="Reuters BIP Coding Group" action="confirmed" date="1997-08-01"/>
  </code>
  <code code="C1511">
    <editdetail attribution="Reuters BIP Coding Group" action="confirmed" date="1997-08-01"/>
  </code>
  <code code="CCAT">
    <editdetail attribution="Reuters BIP Coding Group" action="confirmed" date="1997-08-01"/>
  </code>
</codes>
<dc element="dc.date.created" value="1997-07-31"/>
<dc element="dc.publisher" value="Reuters Holdings Plc"/>
<dc element="dc.date.published" value="1997-08-01"/>
<dc element="dc.source" value="Reuters"/>
<dc element="dc.creator.location" value="TROY, N.Y."/>
<dc element="dc.creator.location.country.name" value="USA"/>
<dc element="dc.source" value="Reuters"/>
</metadata>
</newsitem>
