<?xml version="1.0" encoding="iso-8859-1" ?>
<newsitem itemid="777349" id="root" date="1997-08-04" xml:lang="en">
<title>SINGAPORE: Singapore government securities end narrowly mixed.</title>
<headline>Singapore government securities end narrowly mixed.</headline>
<dateline>SINGAPORE 1997-08-04</dateline>
<text>
<p>Singapore government securities ended narrowly mixed in moderate trade on Monday on interbank and retail interest, dealers said.</p>
<p>&quot;The interbank rate eased slightly today but there was little impact on the market. Treasury bill yields were steady to easier but bond prices were slightly higher. Volume was moderate,&quot; a local dealer said.</p>
<p>In treasury bills, three-months closed at a yield of 2.85/2.80 percent compared with last Friday's yield of 2.93/2.88 percent but one-year was unchanged from last Friday's yield of 2.80/2.75 percent.  </p>
<p>Among bonds, April 1999 ended at S$98.38/98.43 against last Friday's close of S$98.30/98.35, May 2002 at S$99.38/99.43 versus S$99.33/99.38 and June 2003 at S$94.38/94.43 from S$94.33/94.38.</p>
<p>The overnight interbank offered rate eased to 2-3/8 2-1/4 percent against last Friday's 3 2-7/8 percent.</p>
<p>-- Singapore newsroom (65-870-3080)</p>
</text>
<copyright>(c) Reuters Limited 1997</copyright>
<metadata>
<codes class="bip:countries:1.0">
  <code code="SINGP">
    <editdetail attribution="Reuters BIP Coding Group" action="confirmed" date="1997-08-04"/>
  </code>
</codes>
<codes class="bip:topics:1.0">
  <code code="M12">
    <editdetail attribution="Reuters BIP Coding Group" action="confirmed" date="1997-08-04"/>
  </code>
  <code code="M13">
    <editdetail attribution="Reuters BIP Coding Group" action="confirmed" date="1997-08-04"/>
  </code>
  <code code="M131">
    <editdetail attribution="Reuters BIP Coding Group" action="confirmed" date="1997-08-04"/>
  </code>
  <code code="MCAT">
    <editdetail attribution="Reuters BIP Coding Group" action="confirmed" date="1997-08-04"/>
  </code>
</codes>
<dc element="dc.date.created" value="1997-08-04"/>
<dc element="dc.publisher" value="Reuters Holdings Plc"/>
<dc element="dc.date.published" value="1997-08-04"/>
<dc element="dc.source" value="Reuters"/>
<dc element="dc.creator.location" value="SINGAPORE"/>
<dc element="dc.creator.location.country.name" value="SINGAPORE"/>
<dc element="dc.source" value="Reuters"/>
</metadata>
</newsitem>
