<?xml version="1.0" encoding="iso-8859-1" ?>
<newsitem itemid="507089" id="root" date="1997-04-14" xml:lang="en">
<title>PORTUGAL: Portuguese bond report.</title>
<headline>Portuguese bond report.</headline>
<dateline>LISBON 1997-04-14</dateline>
<text>
<p>Bonds (OT) firmed with other periphery European markets and dealers said that the shorter end had most potential for gain while the longer bonds would struggle to bring the yield spread against Bunds below its current 83 basis points (bp) level.</p>
<p>&quot;We're waiting for the Bank of Spain. A cut in the Spanish repo will boost the non-resident demand for shorter OT tomorrow&quot;, one trader said.</p>
<p>&quot;The prices of the 10-year cash, whose spread (vs Bund) is near all-time lows, have no upside potential. The greatest potential is at the shorter end of the curve&quot;, another said.  </p>
<p>&quot;A cut in the Spanish repo would encourage the Bank of Portugal (BP) to do the same, in the short-term&quot;, the trader added.</p>
<p>&quot;With a cut of the Spanish repo, the curve would steepen more and the spread between the two- and 10-year bonds would widen five to 10 basis points,&quot; added another trader.</p>
<p>The spread between the March 1999 OT and the February 2007 OT was at 104 bps against 108 bps at the opening.</p>
<p>--LISBON BUREAU 3511-3538254</p>
</text>
<copyright>(c) Reuters Limited 1997</copyright>
<metadata>
<codes class="bip:countries:1.0">
  <code code="PORL">
    <editdetail attribution="Reuters BIP Coding Group" action="confirmed" date="1997-04-14"/>
  </code>
</codes>
<codes class="bip:topics:1.0">
  <code code="M12">
    <editdetail attribution="Reuters BIP Coding Group" action="confirmed" date="1997-04-14"/>
  </code>
  <code code="MCAT">
    <editdetail attribution="Reuters BIP Coding Group" action="confirmed" date="1997-04-14"/>
  </code>
</codes>
<dc element="dc.date.created" value="1997-04-14"/>
<dc element="dc.publisher" value="Reuters Holdings Plc"/>
<dc element="dc.date.published" value="1997-04-14"/>
<dc element="dc.source" value="Reuters"/>
<dc element="dc.creator.location" value="LISBON"/>
<dc element="dc.creator.location.country.name" value="PORTUGAL"/>
<dc element="dc.source" value="Reuters"/>
</metadata>
</newsitem>
