<?xml version="1.0" encoding="iso-8859-1" ?>
<newsitem itemid="24695" id="root" date="1996-08-30" xml:lang="en">
<title>USA: PICOM Insurance wins reorganization OK.</title>
<headline>PICOM Insurance wins reorganization OK.</headline>
<dateline>OKEMOS, Mich. 1996-08-30</dateline>
<text>
<p>PICOM Insurance Co said on Friday the Michigan insurance commissioner granted final approval for the company's reorganization into a holding company system.</p>
<p>Effective at the close of business on August 30, PICOM will be a wholly-owned subsidiary of Professionals Insurance Co Management Group, a corporation formed to serve as the holding company.</p>
<p>The stock of Professionals Group will trade on the Nasdaq National Market under the symbol, which has been used by PICOM since 1993.</p>
<p>PICOM is a midwest professional liability insurer for physicians, hospitals and other health care professionals, lawyers and law firms.</p>
</text>
<copyright>(c) Reuters Limited 1996</copyright>
<metadata>
<codes class="bip:countries:1.0">
  <code code="USA">
    <editdetail attribution="Reuters BIP Coding Group" action="confirmed" date="1996-08-30"/>
  </code>
</codes>
<codes class="bip:industries:1.0">
  <code code="I82003">
    <editdetail attribution="Reuters BIP Coding Group" action="confirmed" date="1996-08-30"/>
  </code>
</codes>
<codes class="bip:topics:1.0">
  <code code="C11">
    <editdetail attribution="Reuters BIP Coding Group" action="confirmed" date="1996-08-30"/>
  </code>
  <code code="C13">
    <editdetail attribution="Reuters BIP Coding Group" action="confirmed" date="1996-08-30"/>
  </code>
  <code code="CCAT">
    <editdetail attribution="Reuters BIP Coding Group" action="confirmed" date="1996-08-30"/>
  </code>
</codes>
<dc element="dc.date.created" value="1996-08-30"/>
<dc element="dc.publisher" value="Reuters Holdings Plc"/>
<dc element="dc.date.published" value="1996-08-30"/>
<dc element="dc.source" value="Reuters"/>
<dc element="dc.creator.location" value="OKEMOS, Mich."/>
<dc element="dc.creator.location.country.name" value="USA"/>
<dc element="dc.source" value="Reuters"/>
</metadata>
</newsitem>
