<?xml version="1.0" encoding="iso-8859-1" ?>
<newsitem itemid="766282" id="root" date="1997-07-30" xml:lang="en">
<title>INDONESIA: U.S. wants Indonesia to lead on financial services.</title>
<headline>U.S. wants Indonesia to lead on financial services.</headline>
<dateline>JAKARTA 1997-07-30</dateline>
<text>
<p>The United States said on Wednesday it wanted Indonesia to lead the deregulation of financial services in Southeast Asia under the World Trade Organisation (WTO).</p>
<p>Under Secretary of State for Economic, Business and Agriculture Stuart Eizenstat said he had urged Indonesia's Finance Minister Mar'ie Muhammad and central bank governor Soedradjad Djiwandono to take up the initiative.</p>
<p>&quot;We're hoping that Indonesia will take the same kind of leadership role in the financial services negotiations, which have twice failed, as it did in the information technology agreement (ITA),&quot; Eizenstat said.</p>
<p>Eizenstat told a news conference the U.S. position was looked at with respect by Indonesian officials he met but there was still some resistance to ideas until people saw advantages and modified their opinions.</p>
<p>The next talks on the issue would be in September with the hope an agreement could be reached by December.</p>
<p>Indonesia would have to increasingly deregulate its financial services sector and bind this with WTO practices if it were to take up the leadership role the U.S. is urging, he said.</p>
<p>&quot;We're willing to look for all the ASEAN countries for phased in liberalisation,&quot; he said.</p>
<p>The Association of South East Asian Nations groups Brunei, Burma, Indonesia, Laos, Malaysia, the Philippines, Singapore, Thailand and Vietnam.</p>
<p>&quot;We have made an offer to immediately throw open our market to foreign competition at the earliest possible date,&quot; Eizenstat said.</p>
<p>&quot;What we are looking for is reasonable time periods and reasonable market opening provisions so we can get a critical mass of countries as we did with the ITA....so trade will be more a two way street,&quot; he said.</p>
<p>Eizenstat said that as Indonesia sought to build a more sophisticated economy it needed a stronger financial sector.</p>
<p>&quot;This will provide a stronger banking sector, it ought to be well regulated, but by having it increasingly open for insurance and for a variety of financial instruments it will support the increased domestic and foreign investment,&quot; he said.</p>
</text>
<copyright>(c) Reuters Limited 1997</copyright>
<metadata>
<codes class="bip:countries:1.0">
  <code code="INDON">
    <editdetail attribution="Reuters BIP Coding Group" action="confirmed" date="1997-07-30"/>
  </code>
  <code code="USA">
    <editdetail attribution="Reuters BIP Coding Group" action="confirmed" date="1997-07-30"/>
  </code>
</codes>
<codes class="bip:industries:1.0">
  <code code="I81402">
    <editdetail attribution="Reuters BIP Coding Group" action="confirmed" date="1997-07-30"/>
  </code>
  <code code="I81502">
    <editdetail attribution="Reuters BIP Coding Group" action="confirmed" date="1997-07-30"/>
  </code>
  <code code="I82000">
    <editdetail attribution="Reuters BIP Coding Group" action="confirmed" date="1997-07-30"/>
  </code>
  <code code="I83100">
    <editdetail attribution="Reuters BIP Coding Group" action="confirmed" date="1997-07-30"/>
  </code>
</codes>
<codes class="bip:topics:1.0">
  <code code="C13">
    <editdetail attribution="Reuters BIP Coding Group" action="confirmed" date="1997-07-30"/>
  </code>
  <code code="C31">
    <editdetail attribution="Reuters BIP Coding Group" action="confirmed" date="1997-07-30"/>
  </code>
  <code code="CCAT">
    <editdetail attribution="Reuters BIP Coding Group" action="confirmed" date="1997-07-30"/>
  </code>
  <code code="E51">
    <editdetail attribution="Reuters BIP Coding Group" action="confirmed" date="1997-07-30"/>
  </code>
  <code code="E512">
    <editdetail attribution="Reuters BIP Coding Group" action="confirmed" date="1997-07-30"/>
  </code>
  <code code="ECAT">
    <editdetail attribution="Reuters BIP Coding Group" action="confirmed" date="1997-07-30"/>
  </code>
</codes>
<dc element="dc.date.created" value="1997-07-30"/>
<dc element="dc.publisher" value="Reuters Holdings Plc"/>
<dc element="dc.date.published" value="1997-07-30"/>
<dc element="dc.source" value="Reuters"/>
<dc element="dc.creator.location" value="JAKARTA"/>
<dc element="dc.creator.location.country.name" value="INDONESIA"/>
<dc element="dc.source" value="Reuters"/>
</metadata>
</newsitem>
