<?xml version="1.0" encoding="iso-8859-1" ?>
<newsitem itemid="179126" id="root" date="1996-11-11" xml:lang="en">
<title>USA: Alexion drug blocks blood vessel damage.</title>
<headline>Alexion drug blocks blood vessel damage.</headline>
<dateline>BOSTON 1996-11-11</dateline>
<text>
<p>Alexion Pharmaceuticals Inc said on Monday that a study found that Alexion's C5 Inhibitor blocks damage to blood vessel cells after heart attacks.</p>
<p>The study was conducted by Dr. Gregory Stahl, an assistant professor of anesthesia at Harvard Medical School, Alexion said.</p>
<p>Stahl's model showed that the drug was able to prevent the damage from swelling blood vessels after they are deprived of oxygen and then reoxygenated. Blood vessel walls often swell and are damaged from the swelling after heart attacks and strokes, Alexion said.</p>
<p>The drug is presently being tested in a phase I/II clinical trial in patients undergoing cardiopulmonary bypasses, Alexion said.</p>
<p>-- New York Newsdesk  212 859-1610</p>
</text>
<copyright>(c) Reuters Limited 1996</copyright>
<metadata>
<codes class="bip:countries:1.0">
  <code code="USA">
    <editdetail attribution="Reuters BIP Coding Group" action="confirmed" date="1996-11-11"/>
  </code>
</codes>
<codes class="bip:industries:1.0">
  <code code="I25700">
    <editdetail attribution="Reuters BIP Coding Group" action="confirmed" date="1996-11-11"/>
  </code>
</codes>
<codes class="bip:topics:1.0">
  <code code="C23">
    <editdetail attribution="Reuters BIP Coding Group" action="confirmed" date="1996-11-11"/>
  </code>
  <code code="CCAT">
    <editdetail attribution="Reuters BIP Coding Group" action="confirmed" date="1996-11-11"/>
  </code>
</codes>
<dc element="dc.date.created" value="1996-11-11"/>
<dc element="dc.publisher" value="Reuters Holdings Plc"/>
<dc element="dc.date.published" value="1996-11-11"/>
<dc element="dc.source" value="Reuters"/>
<dc element="dc.creator.location" value="BOSTON"/>
<dc element="dc.creator.location.country.name" value="USA"/>
<dc element="dc.source" value="Reuters"/>
</metadata>
</newsitem>
