<?xml version="1.0" encoding="iso-8859-1" ?>
<newsitem itemid="167598" id="root" date="1996-11-05" xml:lang="en">
<title>GERMANY: Commerzbank 9-mo oper profit up 36.9 pct.</title>
<headline>Commerzbank 9-mo oper profit up 36.9 pct.</headline>
<dateline>FRANKFURT 1996-11-05</dateline>
<text>
<p>Nine months to Sept 30</p>
<p>(in millions of marks unless otherwise stated)</p>
<p>    Group oper profit after provisions	1,672 vs 1,221</p>
<p>    Group net bad debt provisions	     658   vs 562</p>
<p>    Group own-account trading profit	  402   vs 361</p>
<p>    Balance on other items			+3    vs -96</p>
<p>    Group pre-tax profit			  1,675 vs 1,125</p>
<p>    Group net interest income		   4,378 vs 3,873</p>
<p>    Group net commission income		 1,691 vs 1,419</p>
<p>NOTE - Full name of the German bank is Commerzbank AG.</p>
<p>Results compare with the first nine months of 1995. The operating profit figure is below analysts's forecast for the operating profit, which had averaged 1.8 billion marks and ranged from 1.71 billion marks to 1.92 billion. Commerzbank said that given an expected tax ratio of around 40 percent, the after-tax profit should be roughly one billion marks, which translates into a return-on-equity of just over 11 percent after tax, and 18.7 percent before tax. Bank gave no year-ago for after-tax profit.</p>
<p>    Group balance sheet total		   434,683 vs  404,167</p>
<p>    Group lending volume			  293,407 vs  260,273</p>
<p>    Group business volume			 437,675 vs  407,030</p>
<p>    Group operating expenses		    4,164   vs  3,882</p>
<p>    Balance of other op. income/expenses    +23     vs  +12</p>
<p>NOTE - Balance sheet total, business volume and lending volume compare September 30 levels with December 31, 1995.</p>
<p>--Frankfurt Newsroom +49 69 756525</p>
</text>
<copyright>(c) Reuters Limited 1996</copyright>
<metadata>
<codes class="bip:countries:1.0">
  <code code="GFR">
    <editdetail attribution="Reuters BIP Coding Group" action="confirmed" date="1996-11-05"/>
  </code>
</codes>
<codes class="bip:industries:1.0">
  <code code="I81402">
    <editdetail attribution="Reuters BIP Coding Group" action="confirmed" date="1996-11-05"/>
  </code>
</codes>
<codes class="bip:topics:1.0">
  <code code="C15">
    <editdetail attribution="Reuters BIP Coding Group" action="confirmed" date="1996-11-05"/>
  </code>
  <code code="C151">
    <editdetail attribution="Reuters BIP Coding Group" action="confirmed" date="1996-11-05"/>
  </code>
  <code code="CCAT">
    <editdetail attribution="Reuters BIP Coding Group" action="confirmed" date="1996-11-05"/>
  </code>
</codes>
<dc element="dc.date.created" value="1996-11-05"/>
<dc element="dc.publisher" value="Reuters Holdings Plc"/>
<dc element="dc.date.published" value="1996-11-05"/>
<dc element="dc.source" value="Reuters"/>
<dc element="dc.creator.location" value="FRANKFURT"/>
<dc element="dc.creator.location.country.name" value="GERMANY"/>
<dc element="dc.source" value="Reuters"/>
</metadata>
</newsitem>
