<?xml version="1.0" encoding="iso-8859-1" ?>
<newsitem itemid="106141" id="root" date="1996-10-09" xml:lang="en">
<title>ISRAEL: Tremor shakes Israel.</title>
<headline>Tremor shakes Israel.</headline>
<dateline>JERUSALEM 1996-10-09</dateline>
<text>
<p>An earthquake shook Israel on Wednesday, but there were no immediate reports of injuries or damage, Israel's Itim news agency said.</p>
<p>The tremor, whose magnitude was not immediately available, was felt at 1314 GMT in Tel Aviv, Jerusalem and the West Bank town of Ramallah, witnesses said. Furniture shook in the Reuters bureau in downtown Jerusalem.  </p>
<p>A Reuters correspondent in Tel Aviv described the tremor felt there as powerful.</p>
<p>&quot;They evacuated the whole building. The floors shook,&quot; she said by mobile telephone outside the Reuters office in Tel Aviv.</p>
<p>Palestinians in Gaza said they also felt the tremor.</p>
<p>Officials at Israel's seismology institute were not immediately available to comment.</p>
</text>
<copyright>(c) Reuters Limited 1996</copyright>
<metadata>
<codes class="bip:countries:1.0">
  <code code="ISRAEL">
    <editdetail attribution="Reuters BIP Coding Group" action="confirmed" date="1996-10-09"/>
  </code>
</codes>
<codes class="bip:topics:1.0">
  <code code="GCAT">
    <editdetail attribution="Reuters BIP Coding Group" action="confirmed" date="1996-10-09"/>
  </code>
  <code code="GDIS">
    <editdetail attribution="Reuters BIP Coding Group" action="confirmed" date="1996-10-09"/>
  </code>
  <code code="GENV">
    <editdetail attribution="Reuters BIP Coding Group" action="confirmed" date="1996-10-09"/>
  </code>
</codes>
<dc element="dc.date.created" value="1996-10-09"/>
<dc element="dc.publisher" value="Reuters Holdings Plc"/>
<dc element="dc.date.published" value="1996-10-09"/>
<dc element="dc.source" value="Reuters"/>
<dc element="dc.creator.location" value="JERUSALEM"/>
<dc element="dc.creator.location.country.name" value="ISRAEL"/>
<dc element="dc.source" value="Reuters"/>
</metadata>
</newsitem>
