<?xml version="1.0" encoding="iso-8859-1" ?>
<newsitem itemid="74999" id="root" date="1996-09-25" xml:lang="en">
<title>POLAND: Bank Komunalny to issue convertible bonds.</title>
<headline>Bank Komunalny to issue convertible bonds.</headline>
<dateline>GDANSK, Poland 1996-09-25</dateline>
<text>
<p>Polish Bank Komunalny w Gdyni SA plans to issue two million, 30-month convertible bonds late 1996 or early 1997, to raise about 50 million zlotys, a bank official said.</p>
<p>&quot;Convertible bonds issue is currently the best way to attract funds for the bank's development,&quot; Slawomir Bohdziewicz, a director of the bank's research department told Reuters.</p>
<p>He said the bank planned to list the bonds on the Warsaw Stock Exchange, but did not give further details.</p>
<p>-- Jan Kreft +48 22 653 9700</p>
</text>
<copyright>(c) Reuters Limited 1996</copyright>
<metadata>
<codes class="bip:countries:1.0">
  <code code="POL">
    <editdetail attribution="Reuters BIP Coding Group" action="confirmed" date="1996-09-25"/>
  </code>
</codes>
<codes class="bip:industries:1.0">
  <code code="I81402">
    <editdetail attribution="Reuters BIP Coding Group" action="confirmed" date="1996-09-25"/>
  </code>
</codes>
<codes class="bip:topics:1.0">
  <code code="C17">
    <editdetail attribution="Reuters BIP Coding Group" action="confirmed" date="1996-09-25"/>
  </code>
  <code code="C172">
    <editdetail attribution="Reuters BIP Coding Group" action="confirmed" date="1996-09-25"/>
  </code>
  <code code="CCAT">
    <editdetail attribution="Reuters BIP Coding Group" action="confirmed" date="1996-09-25"/>
  </code>
</codes>
<dc element="dc.date.created" value="1996-09-25"/>
<dc element="dc.publisher" value="Reuters Holdings Plc"/>
<dc element="dc.date.published" value="1996-09-25"/>
<dc element="dc.source" value="Reuters"/>
<dc element="dc.creator.location" value="GDANSK, Poland"/>
<dc element="dc.creator.location.country.name" value="POLAND"/>
<dc element="dc.source" value="Reuters"/>
</metadata>
</newsitem>
