<?xml version="1.0" encoding="iso-8859-1" ?>
<newsitem itemid="494434" id="root" date="1997-04-08" xml:lang="en">
<title>INDIA: India's soybean trade unhappy on new import rules.</title>
<headline>India's soybean trade unhappy on new import rules.</headline>
<dateline>INDORE, India 1997-04-08</dateline>
<text>
<p>A representative group of India's soymeal traders on Tuesday expressed concern over the government's decision to continue a ban on oilseeds imports in the new trade policy.</p>
<p>The government earlier this month announced the Export-Import (Exim) Policy for 1997-2002 in which it allowed only the state-run agencies to import oilseeds.</p>
<p>The Soybean Processors' Association of India (SOPA) said that allowing private traders to import oilseeds would have helped to use the idle refining capacity, which is currently more than 60 percent.</p>
<p>SOPA is the chief soymeal trade body in the central state of Madhya Pradesh, the hub of India's soybean industry, which contributes nearly 80 percent of the country's soybean output.</p>
<p>&quot;It is beyond doubt and more prudent to allow raw material import rather than continuing the present policy of importing oil, which is a finished product,&quot; said Davish Jain, chairman of SOPA in a statement.</p>
<p>&quot;SOPA had expected a fair treatment in the Exim Policy in view of the large export earnings by the industry which is otherwise suffering from low capacity utilisation,&quot; Jain said.</p>
<p>India imports more than one million tonnes of edible oil annually. Industry officials expect edible oil imports to rise to 1.5 million tonnes in 1996/97 (November-October) from 1.2 million tonnes.</p>
<p>-- New Delhi newsroom +91-11 301 2024</p>
</text>
<copyright>(c) Reuters Limited 1997</copyright>
<metadata>
<codes class="bip:countries:1.0">
  <code code="INDIA">
    <editdetail attribution="Reuters BIP Coding Group" action="confirmed" date="1997-04-08"/>
  </code>
</codes>
<codes class="bip:industries:1.0">
  <code code="I01002">
    <editdetail attribution="Reuters BIP Coding Group" action="confirmed" date="1997-04-08"/>
  </code>
  <code code="I0100223">
    <editdetail attribution="Reuters BIP Coding Group" action="confirmed" date="1997-04-08"/>
  </code>
</codes>
<codes class="bip:topics:1.0">
  <code code="C31">
    <editdetail attribution="Reuters BIP Coding Group" action="confirmed" date="1997-04-08"/>
  </code>
  <code code="C311">
    <editdetail attribution="Reuters BIP Coding Group" action="confirmed" date="1997-04-08"/>
  </code>
  <code code="CCAT">
    <editdetail attribution="Reuters BIP Coding Group" action="confirmed" date="1997-04-08"/>
  </code>
  <code code="E51">
    <editdetail attribution="Reuters BIP Coding Group" action="confirmed" date="1997-04-08"/>
  </code>
  <code code="E512">
    <editdetail attribution="Reuters BIP Coding Group" action="confirmed" date="1997-04-08"/>
  </code>
  <code code="ECAT">
    <editdetail attribution="Reuters BIP Coding Group" action="confirmed" date="1997-04-08"/>
  </code>
  <code code="M14">
    <editdetail attribution="Reuters BIP Coding Group" action="confirmed" date="1997-04-08"/>
  </code>
  <code code="M141">
    <editdetail attribution="Reuters BIP Coding Group" action="confirmed" date="1997-04-08"/>
  </code>
  <code code="MCAT">
    <editdetail attribution="Reuters BIP Coding Group" action="confirmed" date="1997-04-08"/>
  </code>
</codes>
<dc element="dc.date.created" value="1997-04-08"/>
<dc element="dc.publisher" value="Reuters Holdings Plc"/>
<dc element="dc.date.published" value="1997-04-08"/>
<dc element="dc.source" value="Reuters"/>
<dc element="dc.creator.location" value="INDORE, India"/>
<dc element="dc.creator.location.country.name" value="INDIA"/>
<dc element="dc.source" value="Reuters"/>
</metadata>
</newsitem>
