<?xml version="1.0" encoding="iso-8859-1" ?>
<newsitem itemid="627799" id="root" date="1997-05-30" xml:lang="en">
<title>AUSTRALIA: ACCC says two weeks to Westpac bid ruling.</title>
<headline>ACCC says two weeks to Westpac bid ruling.</headline>
<dateline>MELBOURNE 1997-05-30</dateline>
<text>
<p>The Australian Competition and Consumer Commission (ACCC) said on Friday it was two weeks away from ruling on Westpac Banking Corp's bid for Bank of Melbourne Ltd (BML).</p>
<p>&quot;We are still working on it. It should be finished in about two weeks,&quot; said a spokeswoman for the corporate regulator.</p>
<p>Sydney-based Westpac, one of Australia's big four banks, announced its A$1.435 billion friendly bid for the Victorian regional bank in early April.  </p>
<p>The ACCC has the power to veto any mergers it believed inhibited competition and Australian Treasurer Peter Costello has the additional power to veto bank acquisitions and mergers.</p>
<p>Costello has said that he would be guided in the exercise of his discretion by the commission's guidelines that have previously blocked mergers that would eliminate the last major regional bank in a state.</p>
<p>Westpac has said its planned takeover of BML was integral to its strategy of strengthening its presence in several key markets.</p>
<p>-- Melbourne Bureau 61-3 9286-1435</p>
</text>
<copyright>(c) Reuters Limited 1997</copyright>
<metadata>
<codes class="bip:countries:1.0">
  <code code="AUSTR">
    <editdetail attribution="Reuters BIP Coding Group" action="confirmed" date="1997-05-30"/>
  </code>
</codes>
<codes class="bip:industries:1.0">
  <code code="I81402">
    <editdetail attribution="Reuters BIP Coding Group" action="confirmed" date="1997-05-30"/>
  </code>
</codes>
<codes class="bip:topics:1.0">
  <code code="C13">
    <editdetail attribution="Reuters BIP Coding Group" action="confirmed" date="1997-05-30"/>
  </code>
  <code code="C18">
    <editdetail attribution="Reuters BIP Coding Group" action="confirmed" date="1997-05-30"/>
  </code>
  <code code="C181">
    <editdetail attribution="Reuters BIP Coding Group" action="confirmed" date="1997-05-30"/>
  </code>
  <code code="C34">
    <editdetail attribution="Reuters BIP Coding Group" action="confirmed" date="1997-05-30"/>
  </code>
  <code code="CCAT">
    <editdetail attribution="Reuters BIP Coding Group" action="confirmed" date="1997-05-30"/>
  </code>
</codes>
<dc element="dc.date.created" value="1997-05-30"/>
<dc element="dc.publisher" value="Reuters Holdings Plc"/>
<dc element="dc.date.published" value="1997-05-30"/>
<dc element="dc.source" value="Reuters"/>
<dc element="dc.creator.location" value="MELBOURNE"/>
<dc element="dc.creator.location.country.name" value="AUSTRALIA"/>
<dc element="dc.source" value="Reuters"/>
</metadata>
</newsitem>
