<?xml version="1.0" encoding="iso-8859-1" ?>
<newsitem itemid="586925" id="root" date="1997-05-15" xml:lang="en">
<title>SWEDEN: Astra lifts Swedish shares to end higher.</title>
<headline>Astra lifts Swedish shares to end higher.</headline>
<dateline>STOCKHOLM 1997-05-15</dateline>
<text>
<p>Share prices ended higher on Thursday after coming off intra-day levels, helped by late rallies in drugs major Astra and car safety equipment maker Autoliv.</p>
<p>The general index rose 0.82 percent to 2,801.15 in turnover totalling 5.25 billion crowns.</p>
<p>Drug company Astra jumped 8.5 crowns to 323.5 on rumours the company would received approval from the U.S. Food and Drug Administration for its Pulmicort Turbuhaler this summer. No one at Astra was immediately available for comment.</p>
<p>Rival Pharmacia &amp; Upjohn rose three to 258.5 crowns.</p>
<p>Autoliv jumped 10.5 crowns to 304.5. Brokers said the share was considered cheap in view of recent selling by U.S. investors.</p>
<p>Metals and mining group Trelleborg gained 5.5 crowns to 137.5 amid speculation how much the company will gain from spinning off its Boliden unit.</p>
<p>Appliance maker Electrolux slid 22 crowns to 460, off a session low of 438, as it was traded excluding rights to shares in Granges, a unit it is spinning off.</p>
<p>S-E-Banken rose 2.5 crowns to 86.5.</p>
</text>
<copyright>(c) Reuters Limited 1997</copyright>
<metadata>
<codes class="bip:countries:1.0">
  <code code="SWED">
    <editdetail attribution="Reuters BIP Coding Group" action="confirmed" date="1997-05-15"/>
  </code>
</codes>
<codes class="bip:topics:1.0">
  <code code="M11">
    <editdetail attribution="Reuters BIP Coding Group" action="confirmed" date="1997-05-15"/>
  </code>
  <code code="MCAT">
    <editdetail attribution="Reuters BIP Coding Group" action="confirmed" date="1997-05-15"/>
  </code>
</codes>
<dc element="dc.date.created" value="1997-05-15"/>
<dc element="dc.publisher" value="Reuters Holdings Plc"/>
<dc element="dc.date.published" value="1997-05-15"/>
<dc element="dc.source" value="Reuters"/>
<dc element="dc.creator.location" value="STOCKHOLM"/>
<dc element="dc.creator.location.country.name" value="SWEDEN"/>
<dc element="dc.source" value="Reuters"/>
</metadata>
</newsitem>
