<?xml version="1.0" encoding="iso-8859-1" ?>
<newsitem itemid="295518" id="root" date="1997-01-09" xml:lang="en">
<title>UK: NWE oil products - mogas, naphtha firmer, fuel dow.</title>
<headline>NWE oil products - mogas, naphtha firmer, fuel dow.</headline>
<dateline>LONDON 1997-01-09</dateline>
<text>
<p>NWE oil products were mixed on Thursday, with gas oil up and fuel oil easier, traders said.</p>
<p>Gasoline and naphtha both gained ground, taking support from U.S. demand. Gasoline was up $1-2, naphtha up to $4. European interest for both was still limited.</p>
<p>Gas oil rose $4 a tonne on stronger futures. Heating oil demand boosted cargo and barge premiums by $1 a tonne.</p>
<p>High sulphur cracked fuel eased as more avails of straight run appeared. Low sulphur pridces settled at lower levels, with a deal heard done for a Danish cargo at around $116 fob NWE.</p>
<p>-- London newsroom +44 171 542 7646</p>
</text>
<copyright>(c) Reuters Limited 1997</copyright>
<metadata>
<codes class="bip:countries:1.0">
  <code code="UK">
    <editdetail attribution="Reuters BIP Coding Group" action="confirmed" date="1997-01-09"/>
  </code>
</codes>
<codes class="bip:topics:1.0">
  <code code="M14">
    <editdetail attribution="Reuters BIP Coding Group" action="confirmed" date="1997-01-09"/>
  </code>
  <code code="M143">
    <editdetail attribution="Reuters BIP Coding Group" action="confirmed" date="1997-01-09"/>
  </code>
  <code code="MCAT">
    <editdetail attribution="Reuters BIP Coding Group" action="confirmed" date="1997-01-09"/>
  </code>
</codes>
<dc element="dc.date.created" value="1997-01-09"/>
<dc element="dc.publisher" value="Reuters Holdings Plc"/>
<dc element="dc.date.published" value="1997-01-09"/>
<dc element="dc.source" value="Reuters"/>
<dc element="dc.creator.location" value="LONDON"/>
<dc element="dc.creator.location.country.name" value="UK"/>
<dc element="dc.source" value="Reuters"/>
</metadata>
</newsitem>
