<?xml version="1.0" encoding="iso-8859-1" ?>
<newsitem itemid="207122" id="root" date="1996-11-21" xml:lang="en">
<title>GERMANY: Air France in Hahn airport trucking hub.</title>
<headline>Air France in Hahn airport trucking hub.</headline>
<dateline>FRANKFURT 1996-11-21</dateline>
<text>
<p>Air France said it is looking into opening a road feeder services Germany cargo hub at Hahn airport (HHN).</p>
<p>&quot;We are studying a project at present. We want to see if we can do it,&quot; Air France Cargo Germany director, Helmut Scherret, told Reuters.</p>
<p>&quot;It would be a cost-saving measure for trucking but I cannot say any more than that,&quot; he added.</p>
<p>The airline was still considering the project and it was too early to release any further details, Scherret stressed.</p>
<p>He declined to comment on a report in German financial newspaper Handelsblatt that the hub could handle 60,000 tonnes a year of air freight and that it could go into operation next spring.</p>
<p>Hahn airport is a former U.S. military airbase in the state of Rhineland-Palatinate to the west of Frankfurt airport and has a 24-hour operations licence.</p>
<p>It is seeking to establish itself as airport for heavy lift cargo and logistics operations.</p>
<p>-- Air Cargo Newsroom Tel+44 171 542 7706 Fax+44 171 542 5017</p>
</text>
<copyright>(c) Reuters Limited 1996</copyright>
<metadata>
<codes class="bip:countries:1.0">
  <code code="FRA">
    <editdetail attribution="Reuters BIP Coding Group" action="confirmed" date="1996-11-21"/>
  </code>
  <code code="GFR">
    <editdetail attribution="Reuters BIP Coding Group" action="confirmed" date="1996-11-21"/>
  </code>
</codes>
<codes class="bip:industries:1.0">
  <code code="I75000">
    <editdetail attribution="Reuters BIP Coding Group" action="confirmed" date="1996-11-21"/>
  </code>
  <code code="I76400">
    <editdetail attribution="Reuters BIP Coding Group" action="confirmed" date="1996-11-21"/>
  </code>
  <code code="I77002">
    <editdetail attribution="Reuters BIP Coding Group" action="confirmed" date="1996-11-21"/>
  </code>
</codes>
<codes class="bip:topics:1.0">
  <code code="C24">
    <editdetail attribution="Reuters BIP Coding Group" action="confirmed" date="1996-11-21"/>
  </code>
  <code code="CCAT">
    <editdetail attribution="Reuters BIP Coding Group" action="confirmed" date="1996-11-21"/>
  </code>
</codes>
<dc element="dc.date.created" value="1996-11-21"/>
<dc element="dc.publisher" value="Reuters Holdings Plc"/>
<dc element="dc.date.published" value="1996-11-21"/>
<dc element="dc.source" value="Reuters"/>
<dc element="dc.creator.location" value="FRANKFURT"/>
<dc element="dc.creator.location.country.name" value="GERMANY"/>
<dc element="dc.source" value="Reuters"/>
</metadata>
</newsitem>
