<?xml version="1.0" encoding="iso-8859-1" ?>
<newsitem itemid="479736" id="root" date="1997-04-01" xml:lang="en">
<title>FINLAND: ETLA SEES FINNISH KEY RATE ON HOLD UNTIL PAY DEAL.</title>
<headline>ETLA SEES FINNISH KEY RATE ON HOLD UNTIL PAY DEAL.</headline>
<dateline>HELSINKI 1997-04-01</dateline>
<text>
<p>Finnish monetary policy is likely to remain on hold until the impact of next year's pay deal -- and of potential related income tax breaks -- is known, a Finnish think-tank said in a report received on Tuesday.</p>
<p>&quot;Last time the Bank of Finland raised interest rates before the beginning of the wage round,&quot; the Research Institute of the Finnish Economy (ETLA) said, referring to the summer of 1995 when the central bank last raised its key tender rate.</p>
<p>&quot;This time the central bank is expected to take a wait-and-see attitude until the terms of the wage settlement and possible tax changes are known,&quot; it said.  </p>
<p>&quot;The tightness of monetary policy in Finland next year will hinge upon this autumn's wage settlement and inflation outlook for the next few years,&quot; ETLA added.</p>
<p>Unions and employers are scheduled in the coming autumn to negotiate wages for a deal from February 1998 onward. </p>
<p>The government has said it may contribute to boost workers' real earnings by introducing further income tax breaks in exchange for non-inflationary low nominal pay rises. --Helsinki newsroom +358-9-680 50 245, e-mail news@reuters.fi</p>
</text>
<copyright>(c) Reuters Limited 1997</copyright>
<metadata>
<codes class="bip:countries:1.0">
  <code code="FIN">
    <editdetail attribution="Reuters BIP Coding Group" action="confirmed" date="1997-04-01"/>
  </code>
</codes>
<codes class="bip:topics:1.0">
  <code code="E12">
    <editdetail attribution="Reuters BIP Coding Group" action="confirmed" date="1997-04-01"/>
  </code>
  <code code="E41">
    <editdetail attribution="Reuters BIP Coding Group" action="confirmed" date="1997-04-01"/>
  </code>
  <code code="ECAT">
    <editdetail attribution="Reuters BIP Coding Group" action="confirmed" date="1997-04-01"/>
  </code>
  <code code="GCAT">
    <editdetail attribution="Reuters BIP Coding Group" action="confirmed" date="1997-04-01"/>
  </code>
  <code code="GJOB">
    <editdetail attribution="Reuters BIP Coding Group" action="confirmed" date="1997-04-01"/>
  </code>
</codes>
<dc element="dc.date.created" value="1997-04-01"/>
<dc element="dc.publisher" value="Reuters Holdings Plc"/>
<dc element="dc.date.published" value="1997-04-01"/>
<dc element="dc.source" value="Reuters"/>
<dc element="dc.creator.location" value="HELSINKI"/>
<dc element="dc.creator.location.country.name" value="FINLAND"/>
<dc element="dc.source" value="Reuters"/>
</metadata>
</newsitem>
