<?xml version="1.0" encoding="iso-8859-1" ?>
<newsitem itemid="325795" id="root" date="1997-01-22" xml:lang="en">
<title>UK: Quebec sets $750 million bond due 2007.</title>
<headline>Quebec sets $750 million bond due 2007.</headline>
<dateline>LONDON 1997-01-22</dateline>
<text>
<p>The following bond was announced by joint lead managers Merrill Lynch, CSFB, Goldman Sachs, Nomura and SBC Warburg.</p>
<p> BORROWER   QUEBEC, PROVINCE OF</p>
<p> AMT    $750 MLN	COUPON     **	  MATURITY    30.JAN.07</p>
<p> TYPE	 STRAIGHT  ISS PRICE  **	  PAY DATE    30.JAN.97</p>
<p> FULL FEES  37.5 BP   REOFFER    **	  SPREAD    **+38-40 BP</p>
<p> NOTES	**TO BE PRICED LATER</p>
</text>
<copyright>(c) Reuters Limited 1997</copyright>
<metadata>
<codes class="bip:countries:1.0">
  <code code="CANA">
    <editdetail attribution="Reuters BIP Coding Group" action="confirmed" date="1997-01-22"/>
  </code>
  <code code="UK">
    <editdetail attribution="Reuters BIP Coding Group" action="confirmed" date="1997-01-22"/>
  </code>
</codes>
<codes class="bip:topics:1.0">
  <code code="E21">
    <editdetail attribution="Reuters BIP Coding Group" action="confirmed" date="1997-01-22"/>
  </code>
  <code code="E212">
    <editdetail attribution="Reuters BIP Coding Group" action="confirmed" date="1997-01-22"/>
  </code>
  <code code="ECAT">
    <editdetail attribution="Reuters BIP Coding Group" action="confirmed" date="1997-01-22"/>
  </code>
</codes>
<dc element="dc.date.created" value="1997-01-22"/>
<dc element="dc.publisher" value="Reuters Holdings Plc"/>
<dc element="dc.date.published" value="1997-01-22"/>
<dc element="dc.source" value="Reuters"/>
<dc element="dc.creator.location" value="LONDON"/>
<dc element="dc.creator.location.country.name" value="UK"/>
<dc element="dc.source" value="Reuters"/>
</metadata>
</newsitem>
