<?xml version="1.0" encoding="iso-8859-1" ?>
<newsitem itemid="536533" id="root" date="1997-04-24" xml:lang="en">
<title>USA: Kennametal Inc Q3 March 31 net falls.</title>
<headline>Kennametal Inc Q3 March 31 net falls.</headline>
<dateline>LATROBE, Pa. 1997-04-24</dateline>
<text>
<p>KENNAMETAL INC.</p>
<p>				     Quarter Ended  Nine Months Ended</p>
<p>					 March 31,	  March 31,</p>
<p>				1997	   1996	1997	1996</p>
<p>Operations:</p>
<p> Net sales	     $295,365    $286,095  $844,003  $800,172</p>
<p> Cost of goods sold   168,799     162,129   489,381   461,960</p>
<p>  Gross profit	  126,566     123,966   354,622   338,212</p>
<p>Research and development</p>
<p>  expenses		  6,154	 5,346    17,587    15,287</p>
</text>
<copyright>(c) Reuters Limited 1997</copyright>
<metadata>
<codes class="bip:countries:1.0">
  <code code="USA">
    <editdetail attribution="Reuters BIP Coding Group" action="confirmed" date="1997-04-24"/>
  </code>
</codes>
<codes class="bip:industries:1.0">
  <code code="I32200">
    <editdetail attribution="Reuters BIP Coding Group" action="confirmed" date="1997-04-24"/>
  </code>
</codes>
<codes class="bip:topics:1.0">
  <code code="C15">
    <editdetail attribution="Reuters BIP Coding Group" action="confirmed" date="1997-04-24"/>
  </code>
  <code code="C151">
    <editdetail attribution="Reuters BIP Coding Group" action="confirmed" date="1997-04-24"/>
  </code>
  <code code="CCAT">
    <editdetail attribution="Reuters BIP Coding Group" action="confirmed" date="1997-04-24"/>
  </code>
</codes>
<dc element="dc.date.created" value="1997-04-24"/>
<dc element="dc.publisher" value="Reuters Holdings Plc"/>
<dc element="dc.date.published" value="1997-04-24"/>
<dc element="dc.source" value="Reuters"/>
<dc element="dc.creator.location" value="LATROBE, Pa."/>
<dc element="dc.creator.location.country.name" value="USA"/>
<dc element="dc.source" value="Reuters"/>
</metadata>
</newsitem>
