<?xml version="1.0" encoding="iso-8859-1" ?>
<newsitem itemid="112267" id="root" date="1996-10-11" xml:lang="en">
<title>FRANCE: French Sep official reserves 303.69 bln Ffr.</title>
<headline>French Sep official reserves 303.69 bln Ffr.</headline>
<dateline>PARIS 1996-10-11</dateline>
<text>
<p>The Bank of France and the finance ministry gave the following breakdown of offical gold and foreign exchange reserves (in billions of francs)</p>
<p>					  Sep    Aug</p>
<p> Total reserves		   303.685  303.690</p>
<p> Gold				 164.814  164.814</p>
<p> Ecu				   55.849   55.849</p>
<p> Foreign exchange		  64.047   63.993</p>
<p> Credits with IMF		  18.975   19.034</p>
<p>-- Paris Newsroom +331 4221 5452</p>
</text>
<copyright>(c) Reuters Limited 1996</copyright>
<metadata>
<codes class="bip:countries:1.0">
  <code code="FRA">
    <editdetail attribution="Reuters BIP Coding Group" action="confirmed" date="1996-10-11"/>
  </code>
</codes>
<codes class="bip:topics:1.0">
  <code code="E51">
    <editdetail attribution="Reuters BIP Coding Group" action="confirmed" date="1996-10-11"/>
  </code>
  <code code="E513">
    <editdetail attribution="Reuters BIP Coding Group" action="confirmed" date="1996-10-11"/>
  </code>
  <code code="ECAT">
    <editdetail attribution="Reuters BIP Coding Group" action="confirmed" date="1996-10-11"/>
  </code>
</codes>
<dc element="dc.date.created" value="1996-10-11"/>
<dc element="dc.publisher" value="Reuters Holdings Plc"/>
<dc element="dc.date.published" value="1996-10-11"/>
<dc element="dc.source" value="Reuters"/>
<dc element="dc.creator.location" value="PARIS"/>
<dc element="dc.creator.location.country.name" value="FRANCE"/>
<dc element="dc.source" value="Reuters"/>
</metadata>
</newsitem>
