<?xml version="1.0" encoding="iso-8859-1" ?>
<newsitem itemid="341092" id="root" date="1997-01-29" xml:lang="en">
<title>USA: Thieves in U.S. use tow truck in bank withdrawal.</title>
<headline>Thieves in U.S. use tow truck in bank withdrawal.</headline>
<dateline>PORTLAND, Tenn. 1997-01-29</dateline>
<text>
<p>Thieves used a stolen tow truck to winch an automatic teller machine from its foundation, haul it to a cornfield and steal the money inside, police said on Wednesday.</p>
<p>Richard Smith, assistant police chief in this town northeast of Nashville, said the FBI had been called in to investigate but no arrests had been made.</p>
<p>The teller machine was found in a field on Tuesday. It was a stand-alone device, anchored in concrete, owned by the Farmers Bank of Portland.</p>
<p>Smith said the amount of money stolen had not been disclosed.</p>
</text>
<copyright>(c) Reuters Limited 1997</copyright>
<metadata>
<codes class="bip:countries:1.0">
  <code code="USA">
    <editdetail attribution="Reuters BIP Coding Group" action="confirmed" date="1997-01-29"/>
  </code>
</codes>
<codes class="bip:topics:1.0">
  <code code="GCAT">
    <editdetail attribution="Reuters BIP Coding Group" action="confirmed" date="1997-01-29"/>
  </code>
  <code code="GCRIM">
    <editdetail attribution="Reuters BIP Coding Group" action="confirmed" date="1997-01-29"/>
  </code>
</codes>
<dc element="dc.date.created" value="1997-01-29"/>
<dc element="dc.publisher" value="Reuters Holdings Plc"/>
<dc element="dc.date.published" value="1997-01-29"/>
<dc element="dc.source" value="Reuters"/>
<dc element="dc.creator.location" value="PORTLAND, Tenn."/>
<dc element="dc.creator.location.country.name" value="USA"/>
<dc element="dc.source" value="Reuters"/>
</metadata>
</newsitem>
