<?xml version="1.0" encoding="iso-8859-1" ?>
<newsitem itemid="749748" id="root" date="1997-07-23" xml:lang="en">
<title>USA: Consumer group seeks to cancel utility bond plans. [CORRECTED 17:51 GMT]</title>
<headline>Consumer group seeks to cancel utility bond plans. [CORRECTED 17:51 GMT]</headline>
<dateline>LOS ANGELES 1997-07-22</dateline>
<text>
<p>A coalition of consumer groups announced Tuesday a push to organize public opposition to state-approved plans by California's investor-owned utilities to issue up to $9 billion (corrects from $9 million)  of &quot;stranded cost&quot; bonds this year.</p>
<p>The bonds are part of the state's effort to deregulate its electricity industry, while guaranteeing residential and small commerical ratepayers a 10 percent rate cut and allowing utilities to recover previous investments.</p>
<p>Starting in January, California will allow consumers to choose their power supplier, although large industrial users are expected to be the main beneficiaries of the change.</p>
<p>&quot;Californians against Utility Taxes&quot; (CUT), which includes consumer advocate Ralph Nader, said Tuesday the rate cut for small customers amounts to less than two percent after the financing costs for the new bonds are included.</p>
<p>The group also said the plan shifts the cost of nuclear and other uneconomic investments back to consumers.</p>
<p>&quot;Instead of ensuring that California's artificially inflated rates dropped to market levels under deregulation, this new law keeps utility rates 50 percent higher than the national average for five years,&quot; said consumer advocate Harvey Rosenfield.</p>
<p>PG&amp;E Corp's Pacific Gas &amp; Electric Co and Edison International's Southern California Edison Co are expected to issue the first tranche of bonds later this year. The utilities are seeking to issue up to $28.5 billion of the securities, but regulators have final say over the amount.</p>
<p>(--Los Angeles bureau + 1 213 955 6761))</p>
</text>
<copyright>(c) Reuters Limited 1997</copyright>
<metadata>
<codes class="bip:countries:1.0">
  <code code="USA">
    <editdetail attribution="Reuters BIP Coding Group" action="confirmed" date="1997-07-23"/>
  </code>
</codes>
<codes class="bip:industries:1.0">
  <code code="I16000">
    <editdetail attribution="Reuters BIP Coding Group" action="confirmed" date="1997-07-23"/>
  </code>
  <code code="I16100">
    <editdetail attribution="Reuters BIP Coding Group" action="confirmed" date="1997-07-23"/>
  </code>
</codes>
<codes class="bip:topics:1.0">
  <code code="C13">
    <editdetail attribution="Reuters BIP Coding Group" action="confirmed" date="1997-07-23"/>
  </code>
  <code code="C17">
    <editdetail attribution="Reuters BIP Coding Group" action="confirmed" date="1997-07-23"/>
  </code>
  <code code="C172">
    <editdetail attribution="Reuters BIP Coding Group" action="confirmed" date="1997-07-23"/>
  </code>
  <code code="CCAT">
    <editdetail attribution="Reuters BIP Coding Group" action="confirmed" date="1997-07-23"/>
  </code>
</codes>
<dc element="dc.date.created" value="1997-07-22"/>
<dc element="dc.publisher" value="Reuters Holdings Plc"/>
<dc element="dc.date.published" value="1997-07-23"/>
<dc element="dc.source" value="Reuters"/>
<dc element="dc.creator.location" value="LOS ANGELES"/>
<dc element="dc.creator.location.country.name" value="USA"/>
<dc element="dc.source" value="Reuters"/>
</metadata>
</newsitem>
