<?xml version="1.0" encoding="iso-8859-1" ?>
<newsitem itemid="202303" id="root" date="1996-11-20" xml:lang="en">
<title>ESTONIA: Estonian Savings Bank in focus on active bourse.</title>
<headline>Estonian Savings Bank in focus on active bourse.</headline>
<dateline>TALLINN 1996-11-20</dateline>
<text>
<p>Shares in Estonia's second largest bank, Savings Bank, were in the spotlight on the stock market on Wednesday where business in general was active and the index gained, dealers said.</p>
<p>Trade on the official list came to 11.7 million kroons and the Tallinn stock exchange index rose 0.96 percent to close above the 110 mark at 110.46.</p>
<p>Savings Bank accounted for 3.4 million kroons of trade and closed nearly three kroons higher at 53 kroons.</p>
<p>&quot;There are serious buyers in the market that have a long-term interest,&quot; Hansapank dealer Maart Meerits said.</p>
<p>Union Bank was the second most active stock with volume of 3.3 million kroons and it closed slightly higher at 22.25 kroons versus 22 kroons.</p>
<p>Hansapank, Estonia's leading bank, turned over three millions kroons of shares and rose slightly to 107.95 from 107.60 kroons.</p>
<p>The over-the-counter market saw trade of 3.5 million kroons and the Norma plastics maker was again the most traded at 1.6 million kroons closing slightly higher at 29 kroons.</p>
<p>The newest share on the free market, construction group EMV, announced 10 month profits of 11.9 million kroons but dealers said this had little impact on the group's shares.</p>
<p>-- Riga Newsroom, +371 721 5240</p>
</text>
<copyright>(c) Reuters Limited 1996</copyright>
<metadata>
<codes class="bip:countries:1.0">
  <code code="ESTNIA">
    <editdetail attribution="Reuters BIP Coding Group" action="confirmed" date="1996-11-20"/>
  </code>
</codes>
<codes class="bip:topics:1.0">
  <code code="M11">
    <editdetail attribution="Reuters BIP Coding Group" action="confirmed" date="1996-11-20"/>
  </code>
  <code code="MCAT">
    <editdetail attribution="Reuters BIP Coding Group" action="confirmed" date="1996-11-20"/>
  </code>
</codes>
<dc element="dc.date.created" value="1996-11-20"/>
<dc element="dc.publisher" value="Reuters Holdings Plc"/>
<dc element="dc.date.published" value="1996-11-20"/>
<dc element="dc.source" value="Reuters"/>
<dc element="dc.creator.location" value="TALLINN"/>
<dc element="dc.creator.location.country.name" value="ESTONIA"/>
<dc element="dc.source" value="Reuters"/>
</metadata>
</newsitem>
