<?xml version="1.0" encoding="iso-8859-1" ?>
<newsitem itemid="61103" id="root" date="1996-09-18" xml:lang="en">
<title>BULGARIA: Bulgaria offers two T-bill issues Sept 23.</title>
<headline>Bulgaria offers two T-bill issues Sept 23.</headline>
<dateline>SOFIA 1996-09-18</dateline>
<text>
<p>Bulgaria's Finance Ministry will offer two T-bill issues with a total par of 8.4 billion levs, both dated September 25, at separate auctions on Monday, the Bulgarian National Bank (BNB) said.</p>
<p>One of the issues has a one-year maturity and a floater coupon equal to the BNB's central interest rate for the period to maturity. The CIR is now set at an annual 108 percent.</p>
<p>The issue was offered with no minimum acceptable price set in advance by the ministry, the BNB said in a statement.</p>
<p>The second issue is a 49-day discount one.</p>
<p>Details of the issues follow:</p>
<p> Issue number	BG 3018696024	BG 3018796006</p>
<p> Type		  Floater coupon     Discount</p>
<p> Par value	   3.2 bln levs	 5.2 bln levs</p>
<p> Auction date	Sept 23, 1996	Sept 23, 1996</p>
<p> Issue date	  Sept 25, 1996	Sept 25, 1996</p>
<p> Maturity date     Sept 24, 1997	Nov 13, 1996</p>
<p>-- Sofia Newsroom, (++359-2) 981 8569</p>
</text>
<copyright>(c) Reuters Limited 1996</copyright>
<metadata>
<codes class="bip:countries:1.0">
  <code code="BUL">
    <editdetail attribution="Reuters BIP Coding Group" action="confirmed" date="1996-09-18"/>
  </code>
</codes>
<codes class="bip:topics:1.0">
  <code code="M13">
    <editdetail attribution="Reuters BIP Coding Group" action="confirmed" date="1996-09-18"/>
  </code>
  <code code="M131">
    <editdetail attribution="Reuters BIP Coding Group" action="confirmed" date="1996-09-18"/>
  </code>
  <code code="MCAT">
    <editdetail attribution="Reuters BIP Coding Group" action="confirmed" date="1996-09-18"/>
  </code>
</codes>
<dc element="dc.date.created" value="1996-09-18"/>
<dc element="dc.publisher" value="Reuters Holdings Plc"/>
<dc element="dc.date.published" value="1996-09-18"/>
<dc element="dc.source" value="Reuters"/>
<dc element="dc.creator.location" value="SOFIA"/>
<dc element="dc.creator.location.country.name" value="BULGARIA"/>
<dc element="dc.source" value="Reuters"/>
</metadata>
</newsitem>
