<?xml version="1.0" encoding="iso-8859-1" ?>
<newsitem itemid="499216" id="root" date="1997-04-10" xml:lang="en">
<title>SOUTH AFRICA: Primedia buys 69 pct of UK firm Mailcom.</title>
<headline>Primedia buys 69 pct of UK firm Mailcom.</headline>
<dateline>JOHANNESBURG 1997-04-10</dateline>
<text>
<p>South Africa media group Primedia Ltd said on Thursday it had bought a 69 percent stake in British marketing firm Mailcom for 40 million rand.</p>
<p>&quot;The a rcquisition is in line with Primedia's policy of taking significant holdings in well managed businesses which have leadership positions in their sectors and offer opportunities for...growth,&quot; chief executive William Kirsh said in a statement.r</p>
<p>Kirsh said Mailcom would fall under its Primedia Direct unit which currently has 50 percent of the direct-to-home distribution industry in South Africa, distributing around 450 million pamphlets and catalogues a year to 5.5 million homes.</p>
<p>The buy will help the group develop an integrated marketing services operation and also help it expand offshore, he added.</p>
<p>&quot;The remaining shareholding will belong to the entrepreneurial senior management team who have entered into service contracts with Primedia,&quot; Kirsh added.</p>
<p>The purchase price will be settled by a mix of cash from resources within South Africa and an issue of combined units.</p>
<p>Milton Keynes-based Mailcom operates in database marketing, direct mail processing, response handling, mail order, tele-marketing and provides direct marketing support services.</p>
<p>-- Johannesburg newsroom 27 11 482 1003</p>
</text>
<copyright>(c) Reuters Limited 1997</copyright>
<metadata>
<codes class="bip:countries:1.0">
  <code code="SAFR">
    <editdetail attribution="Reuters BIP Coding Group" action="confirmed" date="1997-04-10"/>
  </code>
  <code code="UK">
    <editdetail attribution="Reuters BIP Coding Group" action="confirmed" date="1997-04-10"/>
  </code>
</codes>
<codes class="bip:industries:1.0">
  <code code="I81502">
    <editdetail attribution="Reuters BIP Coding Group" action="confirmed" date="1997-04-10"/>
  </code>
</codes>
<codes class="bip:topics:1.0">
  <code code="C18">
    <editdetail attribution="Reuters BIP Coding Group" action="confirmed" date="1997-04-10"/>
  </code>
  <code code="C181">
    <editdetail attribution="Reuters BIP Coding Group" action="confirmed" date="1997-04-10"/>
  </code>
  <code code="CCAT">
    <editdetail attribution="Reuters BIP Coding Group" action="confirmed" date="1997-04-10"/>
  </code>
</codes>
<dc element="dc.date.created" value="1997-04-10"/>
<dc element="dc.publisher" value="Reuters Holdings Plc"/>
<dc element="dc.date.published" value="1997-04-10"/>
<dc element="dc.source" value="Reuters"/>
<dc element="dc.creator.location" value="JOHANNESBURG"/>
<dc element="dc.creator.location.country.name" value="SOUTH AFRICA"/>
<dc element="dc.source" value="Reuters"/>
</metadata>
</newsitem>
