<?xml version="1.0" encoding="iso-8859-1" ?>
<newsitem itemid="92824" id="root" date="1996-10-03" xml:lang="en">
<title>USA: KirchGroup takes stake in Regency Enterprises.</title>
<headline>KirchGroup takes stake in Regency Enterprises.</headline>
<dateline>BURBANK, Calif. 1996-10-03</dateline>
<text>
<p>European media firm KirchGroup said Thursday it has committed to acquire a 7.5 percent equity stake in Regency Enterprises a privately held movie production company primarily owned by Arnon Milchan.</p>
<p>The investment gives Regency a value of $850 million and will be made in two stages, with the first stage giving Leo Kirch, founder of KirchGroup a 5 percent ownership.</p>
<p>&quot;We are very excited to enter into this new relationship with Leo Kirch,&quot; said Milchan in a statement.</p>
<p>Regency known primarily as a film production and distribution company is aggressively increasing its televsion production. The company also said it plans to enter the music business with a soon to be announced acquisition of a record company.</p>
<p>Regency's recent films include &quot;Tin Cup,&quot; &quot;Time to Kill,&quot; &quot;Heat,&quot; &quot;JFK,&quot; and &quot;Pretty Woman.&quot;</p>
</text>
<copyright>(c) Reuters Limited 1996</copyright>
<metadata>
<codes class="bip:countries:1.0">
  <code code="GFR">
    <editdetail attribution="Reuters BIP Coding Group" action="confirmed" date="1996-10-03"/>
  </code>
  <code code="USA">
    <editdetail attribution="Reuters BIP Coding Group" action="confirmed" date="1996-10-03"/>
  </code>
</codes>
<codes class="bip:industries:1.0">
  <code code="I97100">
    <editdetail attribution="Reuters BIP Coding Group" action="confirmed" date="1996-10-03"/>
  </code>
  <code code="I97400">
    <editdetail attribution="Reuters BIP Coding Group" action="confirmed" date="1996-10-03"/>
  </code>
</codes>
<codes class="bip:topics:1.0">
  <code code="C18">
    <editdetail attribution="Reuters BIP Coding Group" action="confirmed" date="1996-10-03"/>
  </code>
  <code code="C181">
    <editdetail attribution="Reuters BIP Coding Group" action="confirmed" date="1996-10-03"/>
  </code>
  <code code="CCAT">
    <editdetail attribution="Reuters BIP Coding Group" action="confirmed" date="1996-10-03"/>
  </code>
</codes>
<dc element="dc.date.created" value="1996-10-03"/>
<dc element="dc.publisher" value="Reuters Holdings Plc"/>
<dc element="dc.date.published" value="1996-10-03"/>
<dc element="dc.source" value="Reuters"/>
<dc element="dc.creator.location" value="BURBANK, Calif."/>
<dc element="dc.creator.location.country.name" value="USA"/>
<dc element="dc.source" value="Reuters"/>
</metadata>
</newsitem>
