<?xml version="1.0" encoding="iso-8859-1" ?>
<newsitem itemid="364206" id="root" date="1997-02-07" xml:lang="en">
<title>USA: US SEC sees fee collections up despite rate drop.</title>
<headline>US SEC sees fee collections up despite rate drop.</headline>
<dateline>WASHINGTON 1997-02-06</dateline>
<text>
<p>The Securities and Exchange Commission said Thursday it expects fee collections to rise in fiscal 1998, despite lower fee rates, because of one-time circumstances and an anticipated increase in market activity.</p>
<p>The agency's budget estimate projects $996.5 million in fee revenue for the year beginning October 1, up from estimated collections of $795.3 million in the current fiscal year.</p>
<p>Total fee collections for 1998 would amount to 314 percent of the SEC's requested budget of $317.4 million. But in later years, it said it expects fee collections to decline.</p>
<p>Of the total, $572.6 million is expected from securities registration fees in fiscal 1998, up from $546.2 million in fiscal 1997. The projected increase anticipates a higher volume of registrations that will more than offset a congressionally mandated cut in the fee rate for fiscal 1998 to 1/34 of 1 percent from 1/33 of 1 percent, SEC officials said.</p>
<p>Fees on securities transactions are expected to rise to $400.9 million from $226 million because of special one-time events in which 1998 collections cover a wider period of time and because of growth in market activity, they said.</p>
<p>The SEC is not seeking budget hikes for enforcement or for its Electronic Data Gathering And Retrieval (EDGAR) service.</p>
</text>
<copyright>(c) Reuters Limited 1997</copyright>
<metadata>
<codes class="bip:countries:1.0">
  <code code="USA">
    <editdetail attribution="Reuters BIP Coding Group" action="confirmed" date="1997-02-07"/>
  </code>
</codes>
<codes class="bip:industries:1.0">
  <code code="I83100">
    <editdetail attribution="Reuters BIP Coding Group" action="confirmed" date="1997-02-07"/>
  </code>
</codes>
<codes class="bip:topics:1.0">
  <code code="C13">
    <editdetail attribution="Reuters BIP Coding Group" action="confirmed" date="1997-02-07"/>
  </code>
  <code code="CCAT">
    <editdetail attribution="Reuters BIP Coding Group" action="confirmed" date="1997-02-07"/>
  </code>
  <code code="M11">
    <editdetail attribution="Reuters BIP Coding Group" action="confirmed" date="1997-02-07"/>
  </code>
  <code code="MCAT">
    <editdetail attribution="Reuters BIP Coding Group" action="confirmed" date="1997-02-07"/>
  </code>
</codes>
<dc element="dc.date.created" value="1997-02-06"/>
<dc element="dc.publisher" value="Reuters Holdings Plc"/>
<dc element="dc.date.published" value="1997-02-07"/>
<dc element="dc.source" value="Reuters"/>
<dc element="dc.creator.location" value="WASHINGTON"/>
<dc element="dc.creator.location.country.name" value="USA"/>
<dc element="dc.source" value="Reuters"/>
</metadata>
</newsitem>
