<?xml version="1.0" encoding="iso-8859-1" ?>
<newsitem itemid="79874" id="root" date="1996-09-26" xml:lang="en">
<title>NETHERLANDS: CMG SAYS MAKES SECOND REOFFERING.</title>
<headline>CMG SAYS MAKES SECOND REOFFERING.</headline>
<dateline>AMSTERDAM 1996-09-26</dateline>
<text>
<p>Anglo-Dutch computer services firm Computer Management Group (CMG) said on Thursday it was making a second reoffering of 2.4 million shares.</p>
<p>&quot;ABN AMRO Hoare Govett announces it will make a second reoffer of 2.4 million shares CMG today,&quot; it said in a statement.</p>
<p>The shares will be placed with institutional investors in the Netherlands and abroad.</p>
<p>The 2.4 million shares count for about 3.8 percent of the total amount outstanding.</p>
<p>-- Amsterdam newsroom +31 20 504 5000</p>
</text>
<copyright>(c) Reuters Limited 1996</copyright>
<metadata>
<codes class="bip:countries:1.0">
  <code code="NETH">
    <editdetail attribution="Reuters BIP Coding Group" action="confirmed" date="1996-09-26"/>
  </code>
  <code code="UK">
    <editdetail attribution="Reuters BIP Coding Group" action="confirmed" date="1996-09-26"/>
  </code>
</codes>
<codes class="bip:industries:1.0">
  <code code="I83940">
    <editdetail attribution="Reuters BIP Coding Group" action="confirmed" date="1996-09-26"/>
  </code>
</codes>
<codes class="bip:topics:1.0">
  <code code="C17">
    <editdetail attribution="Reuters BIP Coding Group" action="confirmed" date="1996-09-26"/>
  </code>
  <code code="C171">
    <editdetail attribution="Reuters BIP Coding Group" action="confirmed" date="1996-09-26"/>
  </code>
  <code code="CCAT">
    <editdetail attribution="Reuters BIP Coding Group" action="confirmed" date="1996-09-26"/>
  </code>
</codes>
<dc element="dc.date.created" value="1996-09-26"/>
<dc element="dc.publisher" value="Reuters Holdings Plc"/>
<dc element="dc.date.published" value="1996-09-26"/>
<dc element="dc.source" value="Reuters"/>
<dc element="dc.creator.location" value="AMSTERDAM"/>
<dc element="dc.creator.location.country.name" value="NETHERLANDS"/>
<dc element="dc.source" value="Reuters"/>
</metadata>
</newsitem>
