<?xml version="1.0" encoding="iso-8859-1" ?>
<newsitem itemid="751125" id="root" date="1997-07-23" xml:lang="en">
<title>CHINA: PRESS DIGEST - HK newspaper headlines - July 23.</title>
<headline>PRESS DIGEST - HK newspaper headlines - July 23.</headline>
<dateline>HONG KONG 1997-07-23</dateline>
<text>
<p>These are some of the leading stories in the Hong Kong press on Wednesday. Reuters has not verified these stories and does not vouch for their accuracy.</p>
<p>-- MING PAO -- Solicitor-general Daniel Fung said the Court of Appeal had no power to rule on the legality of the provisional legislature. He said if courts ruled the body was unlawful, Hong Kong would be plunged into a state of emergency.</p>
<p>-- Beijing instructed provinces and cities to set up a system to report on local emergencies to prevent overseas media and hostile forces from using certain incidents to mislead international opinion.</p>
<p>-- APPLE DAILY -- One of the major issues discussed during a meeting of top Chinese officials was the introduction of the shareholding system to China's state-owned enterprises.</p>
<p>-- TIN TIN DAILY -- A survey on political figures in China and Taiwan showed Chinese Foreign Minister Qian Qichen was more popular than President Jiang Zemin among Hong Kong people.</p>
<p>-- TA KUNG PAO -- China's economy grew by 9.5 percent in the first half of the year.</p>
<p>-- The newly-appointed leader of the Sino-British Joint Liaison Group's Chinese side, Wang Guisheng, siad the JLG was not a centre of power and would not be involved in the administration of the Hong Kong government.</p>
<p>-- SOUTH CHINA MORNING POST -- Political foes of Chinese President Jiang Zemin were opposing his three candidates for promotion to the Politburo Standing Committee.</p>
<p>-- Moves by the Hong Kong Monetary Authority to pre-empt speculation in the Hong Kong dollar appear to have worked, with the Hong Kong dollar strengthening on Tuesday.</p>
<p>-- HONG KONG STANDARD -- It was revealed that Hong Kong had admitted only 99 one-way permit holders -- mainland Chinese immigrants -- each day between January to April, less than two-thirds of the daily quota of 150.</p>
<p>-- Hong Kong Newsroom (852) 2843 6441</p>
</text>
<copyright>(c) Reuters Limited 1997</copyright>
<metadata>
<codes class="bip:countries:1.0">
  <code code="HKONG">
    <editdetail attribution="Reuters BIP Coding Group" action="confirmed" date="1997-07-23"/>
  </code>
</codes>
<codes class="bip:topics:1.0">
  <code code="GCAT">
    <editdetail attribution="Reuters BIP Coding Group" action="confirmed" date="1997-07-23"/>
  </code>
</codes>
<dc element="dc.date.created" value="1997-07-23"/>
<dc element="dc.publisher" value="Reuters Holdings Plc"/>
<dc element="dc.date.published" value="1997-07-23"/>
<dc element="dc.source" value="Reuters"/>
<dc element="dc.creator.location" value="HONG KONG"/>
<dc element="dc.creator.location.country.name" value="CHINA"/>
<dc element="dc.source" value="Reuters"/>
</metadata>
</newsitem>
