<?xml version="1.0" encoding="iso-8859-1" ?>
<newsitem itemid="35538" id="root" date="1996-09-05" xml:lang="en">
<title>USA: RESEARCH ALERT - Check Point started.</title>
<headline>RESEARCH ALERT - Check Point started.</headline>
<text>
<p>-- UBS Securities analyst Gibbs R. Moody said he initiated coverage of Check Point Software Technologies Ltd with a hold rating.</p>
<p>-- &quot;Check Point has the dominant unit market share in the rapidly emerging network firewall market,&quot; he said.  But he also said that the company's valuation appeared somewhat ahead of itself.</p>
<p>-- The stock was up 1/2 at 25-1/4.</p>
</text>
<copyright>(c) Reuters Limited 1996</copyright>
<metadata>
<codes class="bip:countries:1.0">
  <code code="USA">
    <editdetail attribution="Reuters BIP Coding Group" action="confirmed" date="1996-09-05"/>
  </code>
</codes>
<codes class="bip:industries:1.0">
  <code code="I33020">
    <editdetail attribution="Reuters BIP Coding Group" action="confirmed" date="1996-09-05"/>
  </code>
  <code code="I3302021">
    <editdetail attribution="Reuters BIP Coding Group" action="confirmed" date="1996-09-05"/>
  </code>
</codes>
<codes class="bip:topics:1.0">
  <code code="C15">
    <editdetail attribution="Reuters BIP Coding Group" action="confirmed" date="1996-09-05"/>
  </code>
  <code code="C152">
    <editdetail attribution="Reuters BIP Coding Group" action="confirmed" date="1996-09-05"/>
  </code>
  <code code="CCAT">
    <editdetail attribution="Reuters BIP Coding Group" action="confirmed" date="1996-09-05"/>
  </code>
</codes>
<dc element="dc.publisher" value="Reuters Holdings Plc"/>
<dc element="dc.date.published" value="1996-09-05"/>
<dc element="dc.source" value="Reuters"/>
<dc element="dc.creator.location.country.name" value="USA"/>
<dc element="dc.source" value="Reuters"/>
</metadata>
</newsitem>
