<?xml version="1.0" encoding="iso-8859-1" ?>
<newsitem itemid="582145" id="root" date="1997-05-14" xml:lang="en">
<title>CROATIA: Croatian stocks mixed, trade back to normal.</title>
<headline>Croatian stocks mixed, trade back to normal.</headline>
<dateline>ZAGREB 1997-05-14</dateline>
<text>
<p>Croatian stocks were mixed on Wednesday with volume and turnover back to normal after reaching exceptionally high levels the previous day.</p>
<p>* Six of 17 active issues rose, six fell and five were flat.</p>
<p>* Volume halved to 7,791 units, turnover down to 6.5 million kuna.</p>
<p>* Biggest gainer textile firm Varteks added 10 kuna or 14.3 percent to 80 kuna, on volume of 470 units.</p>
<p>* Biggest decliner hotelier Istraturist lost 8 kuna or 4 percent to 185 on volume of 100 shares.</p>
<p>* Most active issue Zagrebacka Banka's ordinary stock lost 21 kuna to 2,000 on volume of 2,063 units.</p>
<p>-- Zagreb Newsroom, 385-1-4557075</p>
</text>
<copyright>(c) Reuters Limited 1997</copyright>
<metadata>
<codes class="bip:countries:1.0">
  <code code="CRTIA">
    <editdetail attribution="Reuters BIP Coding Group" action="confirmed" date="1997-05-14"/>
  </code>
</codes>
<codes class="bip:topics:1.0">
  <code code="M11">
    <editdetail attribution="Reuters BIP Coding Group" action="confirmed" date="1997-05-14"/>
  </code>
  <code code="MCAT">
    <editdetail attribution="Reuters BIP Coding Group" action="confirmed" date="1997-05-14"/>
  </code>
</codes>
<dc element="dc.date.created" value="1997-05-14"/>
<dc element="dc.publisher" value="Reuters Holdings Plc"/>
<dc element="dc.date.published" value="1997-05-14"/>
<dc element="dc.source" value="Reuters"/>
<dc element="dc.creator.location" value="ZAGREB"/>
<dc element="dc.creator.location.country.name" value="CROATIA"/>
<dc element="dc.source" value="Reuters"/>
</metadata>
</newsitem>
