<?xml version="1.0" encoding="iso-8859-1" ?>
<newsitem itemid="519608" id="root" date="1997-04-18" xml:lang="en">
<title>USA: Wavetech Inc Q2 shr loss $0.03.</title>
<headline>Wavetech Inc Q2 shr loss $0.03.</headline>
<dateline>TUCSON, Ariz. 1997-04-18</dateline>
<text>
<p>Feb. 28, 1997     Q2     Feb. 29, 1996</p>
<p> Shr	  loss	  $0.03    loss	  $0.04</p>
<p> Net	  loss	    405    loss	    410</p>
<p> Revs			   514			  3</p>
<p> Avg shrs		  14,314		   10,500</p>
<p>					 6  MONTHS</p>
<p> Shr	  loss	  $0.06    loss	  $0.07</p>
<p> Net	  loss	    896    loss	    697</p>
<p> Revs			   523			  2</p>
<p> Avg shrs primary	14,229		   10,433</p>
<p>(All data above 000s except per share numbers)</p>
</text>
<copyright>(c) Reuters Limited 1997</copyright>
<metadata>
<codes class="bip:countries:1.0">
  <code code="USA">
    <editdetail attribution="Reuters BIP Coding Group" action="confirmed" date="1997-04-18"/>
  </code>
</codes>
<codes class="bip:topics:1.0">
  <code code="C15">
    <editdetail attribution="Reuters BIP Coding Group" action="confirmed" date="1997-04-18"/>
  </code>
  <code code="C151">
    <editdetail attribution="Reuters BIP Coding Group" action="confirmed" date="1997-04-18"/>
  </code>
  <code code="CCAT">
    <editdetail attribution="Reuters BIP Coding Group" action="confirmed" date="1997-04-18"/>
  </code>
</codes>
<dc element="dc.date.created" value="1997-04-18"/>
<dc element="dc.publisher" value="Reuters Holdings Plc"/>
<dc element="dc.date.published" value="1997-04-18"/>
<dc element="dc.source" value="Reuters"/>
<dc element="dc.creator.location" value="TUCSON, Ariz."/>
<dc element="dc.creator.location.country.name" value="USA"/>
<dc element="dc.source" value="Reuters"/>
</metadata>
</newsitem>
