<?xml version="1.0" encoding="iso-8859-1" ?>
<newsitem itemid="614939" id="root" date="1997-05-26" xml:lang="en">
<title>JAPAN: Escom - 96/97 parent results.</title>
<headline>Escom - 96/97 parent results.</headline>
<dateline>TOKYO 1997-05-26</dateline>
<text>
<p>Year to March 31, 1997</p>
<p> (Parent)	(in billions of yen unless specified)</p>
<p> Sales		  6.97		vs	    8.11</p>
<p> Operating	   22    million    vs	  672    million</p>
<p> Current     loss 257    million    vs	prft 614 million</p>
<p> Net	   loss 418    million    vs	prft 241 million</p>
<p> EPS	    loss 40.26 yen	  vs    prft 23.22 yen</p>
<p> Diluted EPS	     -		vs		 -</p>
<p> Shares	     10 million	  vs	  10 million</p>
<p> Ord div	     10.00 yen	  vs	   10.00 yen</p>
<p>NOTE - Escom Inc publishes educational materials.</p>
</text>
<copyright>(c) Reuters Limited 1997</copyright>
<metadata>
<codes class="bip:countries:1.0">
  <code code="JAP">
    <editdetail attribution="Reuters BIP Coding Group" action="confirmed" date="1997-05-26"/>
  </code>
</codes>
<codes class="bip:industries:1.0">
  <code code="I47530">
    <editdetail attribution="Reuters BIP Coding Group" action="confirmed" date="1997-05-26"/>
  </code>
</codes>
<codes class="bip:topics:1.0">
  <code code="C15">
    <editdetail attribution="Reuters BIP Coding Group" action="confirmed" date="1997-05-26"/>
  </code>
  <code code="C151">
    <editdetail attribution="Reuters BIP Coding Group" action="confirmed" date="1997-05-26"/>
  </code>
  <code code="C1511">
    <editdetail attribution="Reuters BIP Coding Group" action="confirmed" date="1997-05-26"/>
  </code>
  <code code="CCAT">
    <editdetail attribution="Reuters BIP Coding Group" action="confirmed" date="1997-05-26"/>
  </code>
</codes>
<dc element="dc.date.created" value="1997-05-26"/>
<dc element="dc.publisher" value="Reuters Holdings Plc"/>
<dc element="dc.date.published" value="1997-05-26"/>
<dc element="dc.source" value="Reuters"/>
<dc element="dc.creator.location" value="TOKYO"/>
<dc element="dc.creator.location.country.name" value="JAPAN"/>
<dc element="dc.source" value="Reuters"/>
</metadata>
</newsitem>
