<?xml version="1.0" encoding="iso-8859-1" ?>
<newsitem itemid="76952" id="root" date="1996-09-25" xml:lang="en">
<title>AUSTRALIA: RTRS-Australian wheat tender fetches A$213 per/t.</title>
<headline>RTRS-Australian wheat tender fetches A$213 per/t.</headline>
<dateline>SYDNEY 1996-09-25</dateline>
<text>
<p>The Australian Wheat Board (AWB) said on Wednesday it sold 2,000 tonnes of Australian Hard1 (AH1) for A$213 a tonne from its pools at the port of Fremantle.</p>
<p>Bids were submitted for 18,000 tonnes of new crop wheat in Fremantle, Newcastle and Port Kembla, AWB said.</p>
<p>The highest failed bid was for APW wheat at A$161 per tonne, the AWB said.</p>
<p>The closing date for the next tender is October 9.</p>
<p>-- Sydney Newsroom 61-2 973-1800</p>
</text>
<copyright>(c) Reuters Limited 1996</copyright>
<metadata>
<codes class="bip:countries:1.0">
  <code code="AUSTR">
    <editdetail attribution="Reuters BIP Coding Group" action="confirmed" date="1996-09-25"/>
  </code>
</codes>
<codes class="bip:topics:1.0">
  <code code="M14">
    <editdetail attribution="Reuters BIP Coding Group" action="confirmed" date="1996-09-25"/>
  </code>
  <code code="M141">
    <editdetail attribution="Reuters BIP Coding Group" action="confirmed" date="1996-09-25"/>
  </code>
  <code code="MCAT">
    <editdetail attribution="Reuters BIP Coding Group" action="confirmed" date="1996-09-25"/>
  </code>
</codes>
<dc element="dc.date.created" value="1996-09-25"/>
<dc element="dc.publisher" value="Reuters Holdings Plc"/>
<dc element="dc.date.published" value="1996-09-25"/>
<dc element="dc.source" value="Reuters"/>
<dc element="dc.creator.location" value="SYDNEY"/>
<dc element="dc.creator.location.country.name" value="AUSTRALIA"/>
<dc element="dc.source" value="Reuters"/>
</metadata>
</newsitem>
