<?xml version="1.0" encoding="iso-8859-1" ?>
<newsitem itemid="111632" id="root" date="1996-10-11" xml:lang="en">
<title>USA: Miami may tax commuters to help close deficit.</title>
<headline>Miami may tax commuters to help close deficit.</headline>
<dateline>MIAMI 1996-10-11</dateline>
<text>
<p>The Miami city commission has agreed to consider a proposal by Mayor Jo Carollo to impose a $10 per month &quot;commuter fee&quot; on people who work but don't live in the city.</p>
<p>In a unanimous vote on Thursday, the commission asked the city attorney to investigate whether a commuter tax is feasible and how it could be collected.</p>
<p>Several U.S. cities, including New York, Kansas City and Philadelphia levy taxes on non-residents who commute into the cities to work to help pay for city roads, trash collection and police services.</p>
<p>A $10 monthly commuter tax in Miami would raise an estimated $72 million a year in non-resident taxes, based on the assumption that about 600,000 people commute to Miami on weekdays. But a commuter tax proposal is also likely to be opposed by businesses.</p>
<p>The city commission met Thursday to try and find ways to reduce a $68 million budget deficit.</p>
<p>-- Miami news bureau 305-374-5013</p>
</text>
<copyright>(c) Reuters Limited 1996</copyright>
<metadata>
<codes class="bip:countries:1.0">
  <code code="USA">
    <editdetail attribution="Reuters BIP Coding Group" action="confirmed" date="1996-10-11"/>
  </code>
</codes>
<codes class="bip:topics:1.0">
  <code code="E21">
    <editdetail attribution="Reuters BIP Coding Group" action="confirmed" date="1996-10-11"/>
  </code>
  <code code="E211">
    <editdetail attribution="Reuters BIP Coding Group" action="confirmed" date="1996-10-11"/>
  </code>
  <code code="ECAT">
    <editdetail attribution="Reuters BIP Coding Group" action="confirmed" date="1996-10-11"/>
  </code>
</codes>
<dc element="dc.date.created" value="1996-10-11"/>
<dc element="dc.publisher" value="Reuters Holdings Plc"/>
<dc element="dc.date.published" value="1996-10-11"/>
<dc element="dc.source" value="Reuters"/>
<dc element="dc.creator.location" value="MIAMI"/>
<dc element="dc.creator.location.country.name" value="USA"/>
<dc element="dc.source" value="Reuters"/>
</metadata>
</newsitem>
