<?xml version="1.0" encoding="iso-8859-1" ?>
<newsitem itemid="248803" id="root" date="1996-12-11" xml:lang="en">
<title>UKRAINE: Ukraine to get $40 mln from EU programme - statement.</title>
<headline>Ukraine to get $40 mln from EU programme - statement.</headline>
<dateline>KIEV 1996-12-11</dateline>
<text>
<p>Ukraine is set to receive $40 million in technical assistance this year under a special European Union programme, a government statement received by Reuters said on Wednesday.</p>
<p>&quot;Ukraine will be given $40 million by the end of the year for projects of government reform, economic restructuring, development of the private sector, and development of non-nuclear electrical energy projects,&quot; Ukraine's National Agency for Reconstruction and Development said.</p>
<p>The agreement under the EU's Tacis plan followed a two-day visit to Brussels by Roman Shpek, head of the agency which holds talks with international lending bodies.</p>
<p>Joly Dixon, director of international economic and financial matters at the European Union, will visit Kiev on December 12 and 13 for talks with government officials, a separate EU statement said.</p>
<p>The agency said Ukraine was seeking trade deficit support for 1997 and wanted a 400 million ECU (about $625 million) loan to complete construction of the Rivne and Khmelnitsky nuclear reactors, to replace energy lost when Chernobyl closes by 2000.</p>
<p>EU officials signed a deal in September giving Ukraine about $675 million in technical aid, and most of the funds were to be distributed over three years as part of the Tacis plan.</p>
<p>The plan seeks to bring the economies of eastern Europe up to western European levels.</p>
<p>Ukraine is getting about $3 billion in aid and credits to restructure its wasteful energy sector as part of plans to shut Chernobyl, site of the world's worst nuclear disaster in 1986.</p>
<p>--Irene Marushko, Kiev Newsroom +380 44 229 2264</p>
</text>
<copyright>(c) Reuters Limited 1996</copyright>
<metadata>
<codes class="bip:countries:1.0">
  <code code="EEC">
    <editdetail attribution="Reuters BIP Coding Group" action="confirmed" date="1996-12-11"/>
  </code>
  <code code="UKRN">
    <editdetail attribution="Reuters BIP Coding Group" action="confirmed" date="1996-12-11"/>
  </code>
</codes>
<codes class="bip:topics:1.0">
  <code code="E51">
    <editdetail attribution="Reuters BIP Coding Group" action="confirmed" date="1996-12-11"/>
  </code>
  <code code="ECAT">
    <editdetail attribution="Reuters BIP Coding Group" action="confirmed" date="1996-12-11"/>
  </code>
  <code code="G15">
    <editdetail attribution="Reuters BIP Coding Group" action="confirmed" date="1996-12-11"/>
  </code>
  <code code="G158">
    <editdetail attribution="Reuters BIP Coding Group" action="confirmed" date="1996-12-11"/>
  </code>
  <code code="GCAT">
    <editdetail attribution="Reuters BIP Coding Group" action="confirmed" date="1996-12-11"/>
  </code>
</codes>
<dc element="dc.date.created" value="1996-12-11"/>
<dc element="dc.publisher" value="Reuters Holdings Plc"/>
<dc element="dc.date.published" value="1996-12-11"/>
<dc element="dc.source" value="Reuters"/>
<dc element="dc.creator.location" value="KIEV"/>
<dc element="dc.creator.location.country.name" value="UKRAINE"/>
<dc element="dc.source" value="Reuters"/>
</metadata>
</newsitem>
