<?xml version="1.0" encoding="iso-8859-1" ?>
<newsitem itemid="46758" id="root" date="1996-09-11" xml:lang="en">
<title>ITALY: Salomon to chase more Italian business - Europe CEO.</title>
<headline>Salomon to chase more Italian business - Europe CEO.</headline>
<dateline>MILAN 1996-09-11</dateline>
<text>
<p>U.S. investment bank Salomon Brothers intends to chase more business in Italy following the establishment of an office in Milan, Peter Middleton, Salomon Europe's chief executive officer said on Wednesday.</p>
<p>&quot;Some opportunities have passed us by because we did not have a local presence,&quot; Middleton told reporters.</p>
<p>Salomon has in recent months assembled a team of 17 people in Milan and recently moved the head of Italian fixed income customer trading to Italy, said Middleton. Salomon is now a primary dealer in the Italian government market.</p>
<p>Leonardo Pagni, the head of Salomon's Milan office, said the next objective was to expand investment banking in Italy.</p>
<p>&quot;We are essentially dedicated to trading fixed income. We will develop the sales side of the business and related money market activities are very important,&quot; he said, adding the key idea was to move closer to clients.</p>
<p>&quot;The next step will be in terms of investment banking in Europe,&quot; Pagni added. Middleton said Salomon was determined not to expand too quickly in continental Europe.</p>
<p>&quot;You cannot let costs get too far ahead of your revenues,&quot; he said.</p>
<p>-- Milan newsroom +392-66102321</p>
</text>
<copyright>(c) Reuters Limited 1996</copyright>
<metadata>
<codes class="bip:countries:1.0">
  <code code="ITALY">
    <editdetail attribution="Reuters BIP Coding Group" action="confirmed" date="1996-09-11"/>
  </code>
  <code code="USA">
    <editdetail attribution="Reuters BIP Coding Group" action="confirmed" date="1996-09-11"/>
  </code>
</codes>
<codes class="bip:industries:1.0">
  <code code="I83100">
    <editdetail attribution="Reuters BIP Coding Group" action="confirmed" date="1996-09-11"/>
  </code>
</codes>
<codes class="bip:topics:1.0">
  <code code="C11">
    <editdetail attribution="Reuters BIP Coding Group" action="confirmed" date="1996-09-11"/>
  </code>
  <code code="C24">
    <editdetail attribution="Reuters BIP Coding Group" action="confirmed" date="1996-09-11"/>
  </code>
  <code code="CCAT">
    <editdetail attribution="Reuters BIP Coding Group" action="confirmed" date="1996-09-11"/>
  </code>
</codes>
<dc element="dc.date.created" value="1996-09-11"/>
<dc element="dc.publisher" value="Reuters Holdings Plc"/>
<dc element="dc.date.published" value="1996-09-11"/>
<dc element="dc.source" value="Reuters"/>
<dc element="dc.creator.location" value="MILAN"/>
<dc element="dc.creator.location.country.name" value="ITALY"/>
<dc element="dc.source" value="Reuters"/>
</metadata>
</newsitem>
