<?xml version="1.0" encoding="iso-8859-1" ?>
<newsitem itemid="245635" id="root" date="1996-12-10" xml:lang="en">
<title>SPAIN: SOCCER-REAL FACE VALLADOLID IN SPANISH CUP.</title>
<headline>SOCCER-REAL FACE VALLADOLID IN SPANISH CUP.</headline>
<dateline>MADRID 1996-12-10</dateline>
<text>
<p>Real Madrid will play Valladolid</p>
<p>three times in less than a month after being paired with the</p>
<p>season's surprise side in Tuesday's Spanish Cup third round</p>
<p>draw.</p>
<p>Real were already scheduled to play Valladolid in the league</p>
<p>on December 22 and will now meet Vicente Cantatore's side,</p>
<p>currently eighth in the table, on January 8 and 15 as well.</p>
<p>Deportivo Coruna meet the player who led them to cup success</p>
<p>in 1995 when they face Brazilian striker Bebeto's new club</p>
<p>Sevilla.</p>
<p>Third round (first named teams play at home first)</p>
<p> Real Madrid    v Valladolid</p>
<p> Granada	  v Real Betis</p>
<p> Lleida	   v Hercules</p>
<p> Villareal	v Athletic Bilbao</p>
<p> Osasuna	  v Rayo Vallecano</p>
<p> Celta Vigo     v Logrones</p>
<p> Oviedo	   v Compostela</p>
<p> Zaragoza	 v Racing Santander</p>
<p> Espanyol	 v Sporting Gijon</p>
<p> Sevilla	  v Deportivo Coruna</p>
</text>
<copyright>(c) Reuters Limited 1996</copyright>
<metadata>
<codes class="bip:countries:1.0">
  <code code="SPAIN">
    <editdetail attribution="Reuters BIP Coding Group" action="confirmed" date="1996-12-10"/>
  </code>
</codes>
<codes class="bip:topics:1.0">
  <code code="GCAT">
    <editdetail attribution="Reuters BIP Coding Group" action="confirmed" date="1996-12-10"/>
  </code>
  <code code="GSPO">
    <editdetail attribution="Reuters BIP Coding Group" action="confirmed" date="1996-12-10"/>
  </code>
</codes>
<dc element="dc.date.created" value="1996-12-10"/>
<dc element="dc.publisher" value="Reuters Holdings Plc"/>
<dc element="dc.date.published" value="1996-12-10"/>
<dc element="dc.source" value="Reuters"/>
<dc element="dc.creator.location" value="MADRID"/>
<dc element="dc.creator.location.country.name" value="SPAIN"/>
<dc element="dc.source" value="Reuters"/>
</metadata>
</newsitem>
