<?xml version="1.0" encoding="iso-8859-1" ?>
<newsitem itemid="466221" id="root" date="1997-03-25" xml:lang="en">
<title>USA: NY metals futures est. volumes - final - March 25.</title>
<headline>NY metals futures est. volumes - final - March 25.</headline>
<text>
<p>Time	 0900 hr 1000   1100   1200   1300   1400  final</p>
<p>GOLD	 3500   17000  29000  41000  50000  60000  80000</p>
<p>SILVER     2000    5000   9000  10000  12000  15000  19000</p>
<p>COPPER	600    1200   3000   4500   6000   ****   8500</p>
<p>PALLADIUM  ****    ****   1180   1234   1289   1333   1491</p>
<p>PLATINUM   ****    ****   3525   4087   5382   6540   7216</p>
</text>
<copyright>(c) Reuters Limited 1997</copyright>
<metadata>
<codes class="bip:countries:1.0">
  <code code="USA">
    <editdetail attribution="Reuters BIP Coding Group" action="confirmed" date="1997-03-25"/>
  </code>
</codes>
<codes class="bip:topics:1.0">
  <code code="M14">
    <editdetail attribution="Reuters BIP Coding Group" action="confirmed" date="1997-03-25"/>
  </code>
  <code code="M142">
    <editdetail attribution="Reuters BIP Coding Group" action="confirmed" date="1997-03-25"/>
  </code>
  <code code="MCAT">
    <editdetail attribution="Reuters BIP Coding Group" action="confirmed" date="1997-03-25"/>
  </code>
</codes>
<dc element="dc.publisher" value="Reuters Holdings Plc"/>
<dc element="dc.date.published" value="1997-03-25"/>
<dc element="dc.source" value="Reuters"/>
<dc element="dc.creator.location.country.name" value="USA"/>
<dc element="dc.source" value="Reuters"/>
</metadata>
</newsitem>
