<?xml version="1.0" encoding="iso-8859-1" ?>
<newsitem itemid="509681" id="root" date="1997-04-15" xml:lang="en">
<title>PHILIPPINES: Manila's Napocor 1997 Q1 net up 20 pct.</title>
<headline>Manila's Napocor 1997 Q1 net up 20 pct.</headline>
<dateline>MANILA 1997-04-15</dateline>
<text>
<p>State-owned National Power Corp (Napocor) said on Tuesday it posted 1.345 billion pesos in net income for the first quarter of the year, up 20 percent from 1.122 billion pesos in the same period in 1996.</p>
<p>Napocor president Guido Delgado said in a statement the company's gross revenues reached 17.339 billion pesos for the first three months this year, 25 percent more than the year-ago level of 13.914 billion pesos.</p>
<p>Delgado attributed the rise in profits to higher energy sales and lower interest expenses.  </p>
<p>Delgado said energy sales of Napocor rose to 8,094 gigawatt-hours in the first quarter of this year from 7,705 a year earlier.</p>
<p>Interest expenses slid to 1.49 billion pesos for the first three months of the year from 1.60 billion in the same period last year due to the strengthening of the peso versus the dollar and the yen.</p>
<p>Delgado said the actual first quarter net income of Napocor was more than double its 623 million peso forecast.</p>
<p>A bill is currently being debated in Congress to sell up to 30 percent of Napocor.</p>
<p>-- Manila newsroom 63 2 8418939 fax 8176267</p>
</text>
<copyright>(c) Reuters Limited 1997</copyright>
<metadata>
<codes class="bip:countries:1.0">
  <code code="PHLNS">
    <editdetail attribution="Reuters BIP Coding Group" action="confirmed" date="1997-04-15"/>
  </code>
</codes>
<codes class="bip:industries:1.0">
  <code code="I16100">
    <editdetail attribution="Reuters BIP Coding Group" action="confirmed" date="1997-04-15"/>
  </code>
</codes>
<codes class="bip:topics:1.0">
  <code code="C15">
    <editdetail attribution="Reuters BIP Coding Group" action="confirmed" date="1997-04-15"/>
  </code>
  <code code="C151">
    <editdetail attribution="Reuters BIP Coding Group" action="confirmed" date="1997-04-15"/>
  </code>
  <code code="CCAT">
    <editdetail attribution="Reuters BIP Coding Group" action="confirmed" date="1997-04-15"/>
  </code>
</codes>
<dc element="dc.date.created" value="1997-04-15"/>
<dc element="dc.publisher" value="Reuters Holdings Plc"/>
<dc element="dc.date.published" value="1997-04-15"/>
<dc element="dc.source" value="Reuters"/>
<dc element="dc.creator.location" value="MANILA"/>
<dc element="dc.creator.location.country.name" value="PHILIPPINES"/>
<dc element="dc.source" value="Reuters"/>
</metadata>
</newsitem>
