<?xml version="1.0" encoding="iso-8859-1" ?>
<newsitem itemid="304447" id="root" date="1997-01-13" xml:lang="en">
<title>JAPAN: Hikari Tsushin plans share split.</title>
<headline>Hikari Tsushin plans share split.</headline>
<dateline>TOKYO 1997-01-13</dateline>
<text>
<p>Hikari Tsushin Co Ltd said on Monday it planned a 1.3-for-1 share split on April 18, for shareholders as of February 28.</p>
</text>
<copyright>(c) Reuters Limited 1997</copyright>
<metadata>
<codes class="bip:countries:1.0">
  <code code="JAP">
    <editdetail attribution="Reuters BIP Coding Group" action="confirmed" date="1997-01-13"/>
  </code>
</codes>
<codes class="bip:industries:1.0">
  <code code="I79020">
    <editdetail attribution="Reuters BIP Coding Group" action="confirmed" date="1997-01-13"/>
  </code>
</codes>
<codes class="bip:topics:1.0">
  <code code="C17">
    <editdetail attribution="Reuters BIP Coding Group" action="confirmed" date="1997-01-13"/>
  </code>
  <code code="C171">
    <editdetail attribution="Reuters BIP Coding Group" action="confirmed" date="1997-01-13"/>
  </code>
  <code code="CCAT">
    <editdetail attribution="Reuters BIP Coding Group" action="confirmed" date="1997-01-13"/>
  </code>
</codes>
<dc element="dc.date.created" value="1997-01-13"/>
<dc element="dc.publisher" value="Reuters Holdings Plc"/>
<dc element="dc.date.published" value="1997-01-13"/>
<dc element="dc.source" value="Reuters"/>
<dc element="dc.creator.location" value="TOKYO"/>
<dc element="dc.creator.location.country.name" value="JAPAN"/>
<dc element="dc.source" value="Reuters"/>
</metadata>
</newsitem>
