<?xml version="1.0" encoding="iso-8859-1" ?>
<newsitem itemid="415693" id="root" date="1997-03-03" xml:lang="en">
<title>KUWAIT: Kuwait import payments fall in Nov month-on-month.</title>
<headline>Kuwait import payments fall in Nov month-on-month.</headline>
<dateline>KUWAIT 1997-03-03</dateline>
<text>
<p>Payments made by banks in Kuwait to finance imports fell to 113.5 million dinars in November from 134.0 million in October, a Central Bank monthly bulletin said.</p>
<p>The payments were 131.4 million dinars in November 1995.</p>
<p>			   Figures in millions of dinars</p>
<p>				     Nov '96     Oct '96   Nov '95</p>
<p>Documentary LCs		   84.0	  90.6	100.7</p>
<p>Bills for collection	    16.5	  18.6	 16.3</p>
<p>Other payment orders	    12.9	  24.9	 14.4</p>
<p>The relative importance of the U.S. dollar in the financing fell to 55.2 percent in November from 60.3 in October. That of the Japanese yen rose to 15.5 percent from 5.5 percent.</p>
<p>Slight discrepancies in figures are due to rounding.</p>
<p>($1 = 0.303 dinar)</p>
</text>
<copyright>(c) Reuters Limited 1997</copyright>
<metadata>
<codes class="bip:countries:1.0">
  <code code="KUWAIT">
    <editdetail attribution="Reuters BIP Coding Group" action="confirmed" date="1997-03-03"/>
  </code>
</codes>
<codes class="bip:industries:1.0">
  <code code="I81402">
    <editdetail attribution="Reuters BIP Coding Group" action="confirmed" date="1997-03-03"/>
  </code>
</codes>
<codes class="bip:topics:1.0">
  <code code="C21">
    <editdetail attribution="Reuters BIP Coding Group" action="confirmed" date="1997-03-03"/>
  </code>
  <code code="CCAT">
    <editdetail attribution="Reuters BIP Coding Group" action="confirmed" date="1997-03-03"/>
  </code>
  <code code="E51">
    <editdetail attribution="Reuters BIP Coding Group" action="confirmed" date="1997-03-03"/>
  </code>
  <code code="E512">
    <editdetail attribution="Reuters BIP Coding Group" action="confirmed" date="1997-03-03"/>
  </code>
  <code code="ECAT">
    <editdetail attribution="Reuters BIP Coding Group" action="confirmed" date="1997-03-03"/>
  </code>
</codes>
<dc element="dc.date.created" value="1997-03-03"/>
<dc element="dc.publisher" value="Reuters Holdings Plc"/>
<dc element="dc.date.published" value="1997-03-03"/>
<dc element="dc.source" value="Reuters"/>
<dc element="dc.creator.location" value="KUWAIT"/>
<dc element="dc.creator.location.country.name" value="KUWAIT"/>
<dc element="dc.source" value="Reuters"/>
</metadata>
</newsitem>
