<?xml version="1.0" encoding="iso-8859-1" ?>
<newsitem itemid="797736" id="root" date="1997-08-13" xml:lang="en">
<title>USA: U.S. HEADLINE STOCKS - ISSUES TO WATCH - AUG 13.</title>
<headline>U.S. HEADLINE STOCKS - ISSUES TO WATCH - AUG 13.</headline>
<dateline>NEW YORK 1997-08-13</dateline>
<text>
<p>Stocks to watch this morning:</p>
<p>-- General Dynamics Corp has bid about $1.0 billion for military-vehicle producer United Defence LP, the Wall Street Journal reported.</p>
<p>-- Shares in Applied Materials Inc rose sharply in after-hours trading Tuesday after the company posted third quarter results significantly above analysts' estimates.</p>
<p>-- Teva Pharmaceuticals Industries Ltd traded higher after the close. Earlier in the day the company said it had resolved a manufacturing problem associated with its Clindamycin antibiotic.  </p>
<p>-- Crown Cork &amp; Seal Co Inc said after close of trade Tuesday that it would close six manufacturing locations in the U.S., generating an after-tax charge of $0.31 per share in the third quarter. Savings from the actions will total some $20 million in a year, the company said.</p>
<p>-- Federal prosecutors have declared Columbia/HCA Healthcare Corp the target of a criminal investigation into whether the company defrauded the federal government, the Wall Street Journal reported.</p>
<p>-- Fleet Financial Group Inc has agreed to buy privately held mutual fund company Columbia Management for $500-$600 million cash, USA today reported.</p>
<p>-- Walt Disney Co's ABC Television said it probably would not use high-definition television to broadcast several new channels during its initial move to digital television, the Wall Street Journal reported.</p>
<p>((--Wall Street Desk 212-859-1730))</p>
</text>
<copyright>(c) Reuters Limited 1997</copyright>
<metadata>
<codes class="bip:countries:1.0">
  <code code="USA">
    <editdetail attribution="Reuters BIP Coding Group" action="confirmed" date="1997-08-13"/>
  </code>
</codes>
<codes class="bip:topics:1.0">
  <code code="C151">
    <editdetail attribution="Reuters BIP Coding Group" action="confirmed" date="1997-08-13"/>
  </code>
  <code code="C152">
    <editdetail attribution="Reuters BIP Coding Group" action="confirmed" date="1997-08-13"/>
  </code>
  <code code="C171">
    <editdetail attribution="Reuters BIP Coding Group" action="confirmed" date="1997-08-13"/>
  </code>
</codes>
<dc element="dc.date.created" value="1997-08-13"/>
<dc element="dc.publisher" value="Reuters Holdings Plc"/>
<dc element="dc.date.published" value="1997-08-13"/>
<dc element="dc.source" value="Reuters"/>
<dc element="dc.creator.location" value="NEW YORK"/>
<dc element="dc.creator.location.country.name" value="USA"/>
<dc element="dc.source" value="Reuters"/>
</metadata>
</newsitem>
