<?xml version="1.0" encoding="iso-8859-1" ?>
<newsitem itemid="648868" id="root" date="1997-06-10" xml:lang="en">
<title>USA: EquiMed Inc Q1 $0.10 vs $0.02. [CORRECTED 22:50 GMT]</title>
<headline>EquiMed Inc Q1 $0.10 vs $0.02. [CORRECTED 22:50 GMT]</headline>
<dateline>STATE COLLEGE, Pa. 1997-06-10</dateline>
<text>
<p>(Corrects headline from &quot;$0.04 vs $0.02&quot; to &quot;$0.10 vs $0.02&quot;.)</p>
<p>		     1997		     1996</p>
<p> Shr		 $0.10		    $0.02</p>
<p> Net		 2,800		    381</p>
<p> Revs		17,700		   20,732</p>
<p> Avg shrs	  28,000		   25,327</p>
<p>(All data above 000s except per share numbers)</p>
<p>Note: Quarters ended March 31.</p>
<p>Proforma earnings for Q1 1996 were $0.04, reflecting the exclusion of a division that was sold.</p>
</text>
<copyright>(c) Reuters Limited 1997</copyright>
<metadata>
<codes class="bip:countries:1.0">
  <code code="USA">
    <editdetail attribution="Reuters BIP Coding Group" action="confirmed" date="1997-06-10"/>
  </code>
</codes>
<codes class="bip:industries:1.0">
  <code code="I95100">
    <editdetail attribution="Reuters BIP Coding Group" action="confirmed" date="1997-06-10"/>
  </code>
</codes>
<codes class="bip:topics:1.0">
  <code code="C15">
    <editdetail attribution="Reuters BIP Coding Group" action="confirmed" date="1997-06-10"/>
  </code>
  <code code="C151">
    <editdetail attribution="Reuters BIP Coding Group" action="confirmed" date="1997-06-10"/>
  </code>
  <code code="CCAT">
    <editdetail attribution="Reuters BIP Coding Group" action="confirmed" date="1997-06-10"/>
  </code>
</codes>
<dc element="dc.date.created" value="1997-06-10"/>
<dc element="dc.publisher" value="Reuters Holdings Plc"/>
<dc element="dc.date.published" value="1997-06-10"/>
<dc element="dc.source" value="Reuters"/>
<dc element="dc.creator.location" value="STATE COLLEGE, Pa."/>
<dc element="dc.creator.location.country.name" value="USA"/>
<dc element="dc.source" value="Reuters"/>
</metadata>
</newsitem>
