<?xml version="1.0" encoding="iso-8859-1" ?>
<newsitem itemid="280570" id="root" date="1996-12-30" xml:lang="en">
<title>USA: Sioux City cattle, too few to test - USDA.</title>
<headline>Sioux City cattle, too few to test - USDA.</headline>
<dateline>SIOUX CITY 1996-12-30</dateline>
<text>
<p>Not enough slaughter steers and heifers for market test. - USDA</p>
<p>Slaughter Steers - Couple packages Select and Choice 2-3 1250-1325 lbs 67.00-67.60.</p>
<p>Slaughter Heifers - Package of Select and Choice 2-3 1150 lbs 66.85.</p>
</text>
<copyright>(c) Reuters Limited 1996</copyright>
<metadata>
<codes class="bip:countries:1.0">
  <code code="USA">
    <editdetail attribution="Reuters BIP Coding Group" action="confirmed" date="1996-12-30"/>
  </code>
</codes>
<codes class="bip:topics:1.0">
  <code code="M14">
    <editdetail attribution="Reuters BIP Coding Group" action="confirmed" date="1996-12-30"/>
  </code>
  <code code="M141">
    <editdetail attribution="Reuters BIP Coding Group" action="confirmed" date="1996-12-30"/>
  </code>
  <code code="MCAT">
    <editdetail attribution="Reuters BIP Coding Group" action="confirmed" date="1996-12-30"/>
  </code>
</codes>
<dc element="dc.date.created" value="1996-12-30"/>
<dc element="dc.publisher" value="Reuters Holdings Plc"/>
<dc element="dc.date.published" value="1996-12-30"/>
<dc element="dc.source" value="Reuters"/>
<dc element="dc.creator.location" value="SIOUX CITY"/>
<dc element="dc.creator.location.country.name" value="USA"/>
<dc element="dc.source" value="Reuters"/>
</metadata>
</newsitem>
