<?xml version="1.0" encoding="iso-8859-1" ?>
<newsitem itemid="88678" id="root" date="1996-10-01" xml:lang="en">
<title>USA: Clark County, Nev., Public, Building Aa - Moody's.</title>
<headline>Clark County, Nev., Public, Building Aa - Moody's.</headline>
<dateline>NEW YORK 1996-10-01</dateline>
<text>
<p>Moody's Investors Service -</p>
<p>Rating Announcement As of 09/06/96.</p>
<p>Issuer		: Clark County Public bldg. &amp; rec. fac.</p>
<p>			  (G.O. lt. &amp; rev.) Las Vegas Convention &amp;</p>
<p>			  Visitors Auth.</p>
<p>State		 : NV</p>
<p>Rating		: Aa</p>
<p>Sale Amount	 : 120,000,000</p>
<p>Expected Sale Date: 09/10/96</p>
<p>--U.S. Municipal Desk, 212-859-1650</p>
</text>
<copyright>(c) Reuters Limited 1996</copyright>
<metadata>
<codes class="bip:countries:1.0">
  <code code="USA">
    <editdetail attribution="Reuters BIP Coding Group" action="confirmed" date="1996-10-01"/>
  </code>
</codes>
<codes class="bip:topics:1.0">
  <code code="C17">
    <editdetail attribution="Reuters BIP Coding Group" action="confirmed" date="1996-10-01"/>
  </code>
  <code code="C174">
    <editdetail attribution="Reuters BIP Coding Group" action="confirmed" date="1996-10-01"/>
  </code>
  <code code="CCAT">
    <editdetail attribution="Reuters BIP Coding Group" action="confirmed" date="1996-10-01"/>
  </code>
  <code code="E21">
    <editdetail attribution="Reuters BIP Coding Group" action="confirmed" date="1996-10-01"/>
  </code>
  <code code="E212">
    <editdetail attribution="Reuters BIP Coding Group" action="confirmed" date="1996-10-01"/>
  </code>
  <code code="ECAT">
    <editdetail attribution="Reuters BIP Coding Group" action="confirmed" date="1996-10-01"/>
  </code>
</codes>
<dc element="dc.date.created" value="1996-10-01"/>
<dc element="dc.publisher" value="Reuters Holdings Plc"/>
<dc element="dc.date.published" value="1996-10-01"/>
<dc element="dc.source" value="Reuters"/>
<dc element="dc.creator.location" value="NEW YORK"/>
<dc element="dc.creator.location.country.name" value="USA"/>
<dc element="dc.source" value="Reuters"/>
</metadata>
</newsitem>
