<?xml version="1.0" encoding="iso-8859-1" ?>
<newsitem itemid="213167" id="root" date="1996-11-24" xml:lang="en">
<title>GERMANY: Bonn's Ruehe sees &quot;positive&quot; Eurofighter decision.</title>
<headline>Bonn's Ruehe sees &quot;positive&quot; Eurofighter decision.</headline>
<dateline>BONN 1996-11-24</dateline>
<text>
<p>Defence Minister Volker Ruehe said in an interview published on Sunday he expected the German parliament to make a &quot;positive decision&quot; early next year on buying Eurofighter combat jets.</p>
<p>&quot;I'm optimistic that we'll come to a positive decision in parliament in the first quarter of 1997,&quot; Ruehe told the Welt am Sonntag weekly newspaper.</p>
<p>Britain and Spain have already placed firm orders for the aircraft, due to be delivered in 2001, but Germany has delayed its decision because of pressures on the defence budget.</p>
<p>The Eurofigher consortium of British Aerospace, Germany's Daimler-Benz Aerospace, Alenia of Italy and Casa of Spain had hoped their governments would have a memorandum of understanding on the project by the end of 1997.</p>
<p>Ruehe has said Germany hopes to order 140 Eurofighters as fighters and another 40 as attack aircraft.</p>
<p>Britain wants 232 aircraft from the project, Italy is slated to take 140 and Spain 87.</p>
</text>
<copyright>(c) Reuters Limited 1996</copyright>
<metadata>
<codes class="bip:countries:1.0">
  <code code="GFR">
    <editdetail attribution="Reuters BIP Coding Group" action="confirmed" date="1996-11-24"/>
  </code>
  <code code="ITALY">
    <editdetail attribution="Reuters BIP Coding Group" action="confirmed" date="1996-11-24"/>
  </code>
  <code code="SPAIN">
    <editdetail attribution="Reuters BIP Coding Group" action="confirmed" date="1996-11-24"/>
  </code>
  <code code="UK">
    <editdetail attribution="Reuters BIP Coding Group" action="confirmed" date="1996-11-24"/>
  </code>
</codes>
<codes class="bip:industries:1.0">
  <code code="I32000">
    <editdetail attribution="Reuters BIP Coding Group" action="confirmed" date="1996-11-24"/>
  </code>
  <code code="I35000">
    <editdetail attribution="Reuters BIP Coding Group" action="confirmed" date="1996-11-24"/>
  </code>
  <code code="I36400">
    <editdetail attribution="Reuters BIP Coding Group" action="confirmed" date="1996-11-24"/>
  </code>
  <code code="I3640047">
    <editdetail attribution="Reuters BIP Coding Group" action="confirmed" date="1996-11-24"/>
  </code>
</codes>
<codes class="bip:topics:1.0">
  <code code="C23">
    <editdetail attribution="Reuters BIP Coding Group" action="confirmed" date="1996-11-24"/>
  </code>
  <code code="C33">
    <editdetail attribution="Reuters BIP Coding Group" action="confirmed" date="1996-11-24"/>
  </code>
  <code code="C331">
    <editdetail attribution="Reuters BIP Coding Group" action="confirmed" date="1996-11-24"/>
  </code>
  <code code="CCAT">
    <editdetail attribution="Reuters BIP Coding Group" action="confirmed" date="1996-11-24"/>
  </code>
  <code code="GCAT">
    <editdetail attribution="Reuters BIP Coding Group" action="confirmed" date="1996-11-24"/>
  </code>
  <code code="GDEF">
    <editdetail attribution="Reuters BIP Coding Group" action="confirmed" date="1996-11-24"/>
  </code>
</codes>
<dc element="dc.date.created" value="1996-11-24"/>
<dc element="dc.publisher" value="Reuters Holdings Plc"/>
<dc element="dc.date.published" value="1996-11-24"/>
<dc element="dc.source" value="Reuters"/>
<dc element="dc.creator.location" value="BONN"/>
<dc element="dc.creator.location.country.name" value="GERMANY"/>
<dc element="dc.source" value="Reuters"/>
</metadata>
</newsitem>
