<?xml version="1.0" encoding="iso-8859-1" ?>
<newsitem itemid="666328" id="root" date="1997-06-17" xml:lang="en">
<title>UKRAINE: Ukraine May unemployment rises to 1.90 pct.</title>
<headline>Ukraine May unemployment rises to 1.90 pct.</headline>
<dateline>KIEV 1997-06-17</dateline>
<text>
<p>Registered unemployment in Ukraine rose to 1.90 percent of the labour force in May, or 510,039 unemployed, against 1.8 percent in April, or 497,349 unemployed, the Statistics Ministry said on Tuesday.</p>
<p> UKRAINIAN UNEMPLOYMENT  May 97    April 97    May 96</p>
<p> number of unemployed    510,039   497,349     219,600</p>
<p> pct of labour force     1.90	1.80	  not given</p>
<p>NOTE - Official information in Ukraine, with a population of 50 million people, tends to understate unemployment levels.</p>
<p>--Kiev Newsroom +380 44 244-9150</p>
</text>
<copyright>(c) Reuters Limited 1997</copyright>
<metadata>
<codes class="bip:countries:1.0">
  <code code="UKRN">
    <editdetail attribution="Reuters BIP Coding Group" action="confirmed" date="1997-06-17"/>
  </code>
</codes>
<codes class="bip:topics:1.0">
  <code code="E41">
    <editdetail attribution="Reuters BIP Coding Group" action="confirmed" date="1997-06-17"/>
  </code>
  <code code="E411">
    <editdetail attribution="Reuters BIP Coding Group" action="confirmed" date="1997-06-17"/>
  </code>
  <code code="ECAT">
    <editdetail attribution="Reuters BIP Coding Group" action="confirmed" date="1997-06-17"/>
  </code>
  <code code="GCAT">
    <editdetail attribution="Reuters BIP Coding Group" action="confirmed" date="1997-06-17"/>
  </code>
  <code code="GJOB">
    <editdetail attribution="Reuters BIP Coding Group" action="confirmed" date="1997-06-17"/>
  </code>
</codes>
<dc element="dc.date.created" value="1997-06-17"/>
<dc element="dc.publisher" value="Reuters Holdings Plc"/>
<dc element="dc.date.published" value="1997-06-17"/>
<dc element="dc.source" value="Reuters"/>
<dc element="dc.creator.location" value="KIEV"/>
<dc element="dc.creator.location.country.name" value="UKRAINE"/>
<dc element="dc.source" value="Reuters"/>
</metadata>
</newsitem>
