<?xml version="1.0" encoding="iso-8859-1" ?>
<newsitem itemid="104060" id="root" date="1996-10-08" xml:lang="en">
<title>MALAYSIA: Malaysia Red Box shares suspended.</title>
<headline>Malaysia Red Box shares suspended.</headline>
<dateline>KUALA LUMPUR 1996-10-08</dateline>
<text>
<p>Red Box (Malaysia) Bhd's stock was suspended on Tuesday pending a company announcement, an official at the Kuala Lumpur Stock Exchange said.</p>
<p>Officials at the firm, which makes photo frames and albums, were not immediately available for comment.</p>
<p>Shares of Red Box ended at 7.00 ringgit on Monday.</p>
<p>-- Kuala Lumpur newsroom (603-230 8911)</p>
</text>
<copyright>(c) Reuters Limited 1996</copyright>
<metadata>
<codes class="bip:countries:1.0">
  <code code="MALAY">
    <editdetail attribution="Reuters BIP Coding Group" action="confirmed" date="1996-10-08"/>
  </code>
</codes>
<codes class="bip:industries:1.0">
  <code code="I47200">
    <editdetail attribution="Reuters BIP Coding Group" action="confirmed" date="1996-10-08"/>
  </code>
</codes>
<codes class="bip:topics:1.0">
  <code code="C14">
    <editdetail attribution="Reuters BIP Coding Group" action="confirmed" date="1996-10-08"/>
  </code>
  <code code="CCAT">
    <editdetail attribution="Reuters BIP Coding Group" action="confirmed" date="1996-10-08"/>
  </code>
</codes>
<dc element="dc.date.created" value="1996-10-08"/>
<dc element="dc.publisher" value="Reuters Holdings Plc"/>
<dc element="dc.date.published" value="1996-10-08"/>
<dc element="dc.source" value="Reuters"/>
<dc element="dc.creator.location" value="KUALA LUMPUR"/>
<dc element="dc.creator.location.country.name" value="MALAYSIA"/>
<dc element="dc.source" value="Reuters"/>
</metadata>
</newsitem>
