<?xml version="1.0" encoding="iso-8859-1" ?>
<newsitem itemid="607070" id="root" date="1997-05-22" xml:lang="en">
<title>SOUTH KOREA: Bank of Korea to siphon off 400 bln won in repo.</title>
<headline>Bank of Korea to siphon off 400 bln won in repo.</headline>
<dateline>SEOUL 1997-05-22</dateline>
<text>
<p>The central Bank of Korea said on Thursday it had decided to absorb 400 billion from the banking system through an overnight repurchase agreement (repo).  </p>
<p>A central bank official said banks would remain liquid after they met a twice-monthly deadline of won reserve requirements due on Thursday.</p>
<p>A repo is a bond issued by the central bank to control money in circulation.</p>
<p>-- Seoul newsroom (822) 727 5647</p>
</text>
<copyright>(c) Reuters Limited 1997</copyright>
<metadata>
<codes class="bip:countries:1.0">
  <code code="SKOREA">
    <editdetail attribution="Reuters BIP Coding Group" action="confirmed" date="1997-05-22"/>
  </code>
</codes>
<codes class="bip:topics:1.0">
  <code code="E12">
    <editdetail attribution="Reuters BIP Coding Group" action="confirmed" date="1997-05-22"/>
  </code>
  <code code="ECAT">
    <editdetail attribution="Reuters BIP Coding Group" action="confirmed" date="1997-05-22"/>
  </code>
  <code code="M13">
    <editdetail attribution="Reuters BIP Coding Group" action="confirmed" date="1997-05-22"/>
  </code>
  <code code="M131">
    <editdetail attribution="Reuters BIP Coding Group" action="confirmed" date="1997-05-22"/>
  </code>
  <code code="MCAT">
    <editdetail attribution="Reuters BIP Coding Group" action="confirmed" date="1997-05-22"/>
  </code>
</codes>
<dc element="dc.date.created" value="1997-05-22"/>
<dc element="dc.publisher" value="Reuters Holdings Plc"/>
<dc element="dc.date.published" value="1997-05-22"/>
<dc element="dc.source" value="Reuters"/>
<dc element="dc.creator.location" value="SEOUL"/>
<dc element="dc.creator.location.country.name" value="SOUTH KOREA"/>
<dc element="dc.source" value="Reuters"/>
</metadata>
</newsitem>
