<?xml version="1.0" encoding="iso-8859-1" ?>
<newsitem itemid="426325" id="root" date="1997-03-07" xml:lang="en">
<title>HUNGARY: Liquidator to offer Goldsun 's assets.</title>
<headline>Liquidator to offer Goldsun 's assets.</headline>
<dateline>BUDAPEST 1997-03-07</dateline>
<text>
<p>Hungarian liquidator Takarek Rt said on Friday it will publicly offer for sale or for operational use the total assets of frozen foods maker Goldsun Hutoipari Rt, which is under liquidation.</p>
<p>The public offer will take place on March 26, Takarek said in the official bourse gazette.</p>
<p>In 1996 the company generated a loss of 893.9 million forints on sales of 1.48 billion forints.</p>
<p>-- Budapest newsroom +36 1 327-4040</p>
</text>
<copyright>(c) Reuters Limited 1997</copyright>
<metadata>
<codes class="bip:countries:1.0">
  <code code="HUNG">
    <editdetail attribution="Reuters BIP Coding Group" action="confirmed" date="1997-03-07"/>
  </code>
</codes>
<codes class="bip:industries:1.0">
  <code code="I41400">
    <editdetail attribution="Reuters BIP Coding Group" action="confirmed" date="1997-03-07"/>
  </code>
  <code code="I81403">
    <editdetail attribution="Reuters BIP Coding Group" action="confirmed" date="1997-03-07"/>
  </code>
</codes>
<codes class="bip:topics:1.0">
  <code code="C18">
    <editdetail attribution="Reuters BIP Coding Group" action="confirmed" date="1997-03-07"/>
  </code>
  <code code="C181">
    <editdetail attribution="Reuters BIP Coding Group" action="confirmed" date="1997-03-07"/>
  </code>
  <code code="CCAT">
    <editdetail attribution="Reuters BIP Coding Group" action="confirmed" date="1997-03-07"/>
  </code>
</codes>
<dc element="dc.date.created" value="1997-03-07"/>
<dc element="dc.publisher" value="Reuters Holdings Plc"/>
<dc element="dc.date.published" value="1997-03-07"/>
<dc element="dc.source" value="Reuters"/>
<dc element="dc.creator.location" value="BUDAPEST"/>
<dc element="dc.creator.location.country.name" value="HUNGARY"/>
<dc element="dc.source" value="Reuters"/>
</metadata>
</newsitem>
