<?xml version="1.0" encoding="iso-8859-1" ?>
<newsitem itemid="207495" id="root" date="1996-11-21" xml:lang="en">
<title>FINLAND: RAUMA SAYS DID NOT BUY PONSSE.</title>
<headline>RAUMA SAYS DID NOT BUY PONSSE.</headline>
<dateline>HELSINKI 1996-11-21</dateline>
<text>
<p>Finnish engineering group Rauma Oy said it had not bought the 9.3 percent stake in forestry harvester maker Ponsse Oy sold on Thursday by Eero Suutari.</p>
<p>&quot;The answer is no,&quot; Rauma chief financing officer Sakari Tamminen told Reuters by telephone, when asked whether Rauma or its forestry harvester unit Timberjack had bought the Ponsse stake.</p>
<p>Eero Suutari, previously one of the biggest owners in Ponsse, said he had sold his entire holding in Ponsse through brokerage Protos, but did not know, who was the buyer.</p>
<p>Tamminen said Rauma had no plans to acquire Timberjack's rival.</p>
<p>&quot;Ponsse is a local company so there would be no industrial logic (in the acquisition),&quot; he said, noting that Timberjack is a global player, which has in Finland the same type of products and operations as Ponsse.</p>
<p>Ponsse's 1995 net sales were 314 million markka, while Rauma's Timberjack had net sales of 2.76 billion markka.</p>
<p>Rauma, which had a 9.8 billion markka net sales in 1995, has said earlier its high solidity and strong cashflow would allow it to seek growth through acquisitions.</p>
<p>--- Ilkka Virtanen, Helsinki newsroom +358-0-680 50 248</p>
</text>
<copyright>(c) Reuters Limited 1996</copyright>
<metadata>
<codes class="bip:countries:1.0">
  <code code="FIN">
    <editdetail attribution="Reuters BIP Coding Group" action="confirmed" date="1996-11-21"/>
  </code>
</codes>
<codes class="bip:industries:1.0">
  <code code="I32000">
    <editdetail attribution="Reuters BIP Coding Group" action="confirmed" date="1996-11-21"/>
  </code>
  <code code="I32100">
    <editdetail attribution="Reuters BIP Coding Group" action="confirmed" date="1996-11-21"/>
  </code>
</codes>
<codes class="bip:topics:1.0">
  <code code="C18">
    <editdetail attribution="Reuters BIP Coding Group" action="confirmed" date="1996-11-21"/>
  </code>
  <code code="C181">
    <editdetail attribution="Reuters BIP Coding Group" action="confirmed" date="1996-11-21"/>
  </code>
  <code code="CCAT">
    <editdetail attribution="Reuters BIP Coding Group" action="confirmed" date="1996-11-21"/>
  </code>
</codes>
<dc element="dc.date.created" value="1996-11-21"/>
<dc element="dc.publisher" value="Reuters Holdings Plc"/>
<dc element="dc.date.published" value="1996-11-21"/>
<dc element="dc.source" value="Reuters"/>
<dc element="dc.creator.location" value="HELSINKI"/>
<dc element="dc.creator.location.country.name" value="FINLAND"/>
<dc element="dc.source" value="Reuters"/>
</metadata>
</newsitem>
