<?xml version="1.0" encoding="iso-8859-1" ?>
<newsitem itemid="455971" id="root" date="1997-03-20" xml:lang="en">
<title>COLOMBIA: Police seize illegal Colombian coffee shipment.</title>
<headline>Police seize illegal Colombian coffee shipment.</headline>
<dateline>BOGOTA 1997-03-20</dateline>
<text>
<p>Colombian police seized 5,000 70- kg bags of coffee in 26 containers as they were about to be smuggled out of the country, the authorities said Thursday.</p>
<p>The consigment of export-grade coffee, which one private exporter estimated to be worth about $1.5 million, was due to be shipped out of the Caribbean coast port of Cartagena to Central America, police said.</p>
<p>Police were unaware of the shipment's final destination and said they did not know who owned the coffee.</p>
<p>Colombia's National Coffee Federation maintains a strict control over the quality and timing of all exports. Police said the 5,000 bags were not cleared for export by either the federation or customs.</p>
<p>((--Karl Penhaul, Bogota newsrooom, 571 610 7944))</p>
</text>
<copyright>(c) Reuters Limited 1997</copyright>
<metadata>
<codes class="bip:countries:1.0">
  <code code="COL">
    <editdetail attribution="Reuters BIP Coding Group" action="confirmed" date="1997-03-20"/>
  </code>
</codes>
<codes class="bip:industries:1.0">
  <code code="I01001">
    <editdetail attribution="Reuters BIP Coding Group" action="confirmed" date="1997-03-20"/>
  </code>
  <code code="I0100137">
    <editdetail attribution="Reuters BIP Coding Group" action="confirmed" date="1997-03-20"/>
  </code>
</codes>
<codes class="bip:topics:1.0">
  <code code="C12">
    <editdetail attribution="Reuters BIP Coding Group" action="confirmed" date="1997-03-20"/>
  </code>
  <code code="C31">
    <editdetail attribution="Reuters BIP Coding Group" action="confirmed" date="1997-03-20"/>
  </code>
  <code code="C312">
    <editdetail attribution="Reuters BIP Coding Group" action="confirmed" date="1997-03-20"/>
  </code>
  <code code="CCAT">
    <editdetail attribution="Reuters BIP Coding Group" action="confirmed" date="1997-03-20"/>
  </code>
  <code code="GCAT">
    <editdetail attribution="Reuters BIP Coding Group" action="confirmed" date="1997-03-20"/>
  </code>
  <code code="GCRIM">
    <editdetail attribution="Reuters BIP Coding Group" action="confirmed" date="1997-03-20"/>
  </code>
</codes>
<dc element="dc.date.created" value="1997-03-20"/>
<dc element="dc.publisher" value="Reuters Holdings Plc"/>
<dc element="dc.date.published" value="1997-03-20"/>
<dc element="dc.source" value="Reuters"/>
<dc element="dc.creator.location" value="BOGOTA"/>
<dc element="dc.creator.location.country.name" value="COLOMBIA"/>
<dc element="dc.source" value="Reuters"/>
</metadata>
</newsitem>
