<?xml version="1.0" encoding="iso-8859-1" ?>
<newsitem itemid="115605" id="root" date="1996-10-14" xml:lang="en">
<title>JAPAN: Fujisawa to transfer Astra sales rights in Japan.</title>
<headline>Fujisawa to transfer Astra sales rights in Japan.</headline>
<dateline>TOKYO 1996-10-14</dateline>
<text>
<p>Fujisawa Pharmaceutical Co Ltd said on Monday that it had agreed with AB Astra of Sweden to transfer the right to sell Astra products to Astra Japan Ltd in April 1998.</p>
<p>Fujisawa Pharmaceutical sold 23.9 billion yen worth of Astra products in the 1995/96 business year, the company said in a statement.</p>
<p>Astra Japan, in which the Swedish drug maker owns 90 percent and Fujisawa 10 percent, is currently constructing its own packaging factory and distribution centre in Japan, the statement said.</p>
</text>
<copyright>(c) Reuters Limited 1996</copyright>
<metadata>
<codes class="bip:countries:1.0">
  <code code="JAP">
    <editdetail attribution="Reuters BIP Coding Group" action="confirmed" date="1996-10-14"/>
  </code>
  <code code="SWED">
    <editdetail attribution="Reuters BIP Coding Group" action="confirmed" date="1996-10-14"/>
  </code>
</codes>
<codes class="bip:industries:1.0">
  <code code="I25700">
    <editdetail attribution="Reuters BIP Coding Group" action="confirmed" date="1996-10-14"/>
  </code>
</codes>
<codes class="bip:topics:1.0">
  <code code="C11">
    <editdetail attribution="Reuters BIP Coding Group" action="confirmed" date="1996-10-14"/>
  </code>
  <code code="CCAT">
    <editdetail attribution="Reuters BIP Coding Group" action="confirmed" date="1996-10-14"/>
  </code>
</codes>
<dc element="dc.date.created" value="1996-10-14"/>
<dc element="dc.publisher" value="Reuters Holdings Plc"/>
<dc element="dc.date.published" value="1996-10-14"/>
<dc element="dc.source" value="Reuters"/>
<dc element="dc.creator.location" value="TOKYO"/>
<dc element="dc.creator.location.country.name" value="JAPAN"/>
<dc element="dc.source" value="Reuters"/>
</metadata>
</newsitem>
