<?xml version="1.0" encoding="iso-8859-1" ?>
<newsitem itemid="786466" id="root" date="1997-08-07" xml:lang="en">
<title>JAPAN: MOODY'S ASSIGNS A3 COUNTERPARTY RATING TO TANABE.</title>
<headline>MOODY'S ASSIGNS A3 COUNTERPARTY RATING TO TANABE.</headline>
<dateline>TOKYO 1997-08-07</dateline>
<text>
<p>Moody's Investors Service said on Thursday that it had assigned an A3 counterparty rating to Tanabe Seiyaku Co Ltd.</p>
<p>The rating reflects Tanabe's leading position in the cardiovascular pharmaceuticals field, the modest outlook of new drugs in the clinical stages, and the company's adequate debt-protection measurements.</p>
</text>
<copyright>(c) Reuters Limited 1997</copyright>
<metadata>
<codes class="bip:countries:1.0">
  <code code="JAP">
    <editdetail attribution="Reuters BIP Coding Group" action="confirmed" date="1997-08-07"/>
  </code>
</codes>
<codes class="bip:industries:1.0">
  <code code="I25700">
    <editdetail attribution="Reuters BIP Coding Group" action="confirmed" date="1997-08-07"/>
  </code>
</codes>
<codes class="bip:topics:1.0">
  <code code="C17">
    <editdetail attribution="Reuters BIP Coding Group" action="confirmed" date="1997-08-07"/>
  </code>
  <code code="C174">
    <editdetail attribution="Reuters BIP Coding Group" action="confirmed" date="1997-08-07"/>
  </code>
  <code code="CCAT">
    <editdetail attribution="Reuters BIP Coding Group" action="confirmed" date="1997-08-07"/>
  </code>
</codes>
<dc element="dc.date.created" value="1997-08-07"/>
<dc element="dc.publisher" value="Reuters Holdings Plc"/>
<dc element="dc.date.published" value="1997-08-07"/>
<dc element="dc.source" value="Reuters"/>
<dc element="dc.creator.location" value="TOKYO"/>
<dc element="dc.creator.location.country.name" value="JAPAN"/>
<dc element="dc.source" value="Reuters"/>
</metadata>
</newsitem>
