<?xml version="1.0" encoding="iso-8859-1" ?>
<newsitem itemid="712964" id="root" date="1997-07-08" xml:lang="en">
<title>BRAZIL: Brazil CVRD to invest 800 mln reais in '97.</title>
<headline>Brazil CVRD to invest 800 mln reais in '97.</headline>
<dateline>VOLTA REDONDA, Brazil 1997-07-08</dateline>
<text>
<p>The chairman of recently-privatized mining giant Companhia Vale do Rio Doce (CVRD) said the company's investment in 1997 will be raised to 800 million reais from 600 million reais.</p>
<p>Benjamin Steinbruch told a news conference investment levels would be raised especially in railway and iron ore. The company has two railways.  </p>
<p>CVRD is the world's biggest iron ore producer and exporter. It also owns the world's largest iron ore deposit of 18 billion tonnes in the Carajas mining district in Brazil's northern Para state.</p>
<p>Steinbruch, who leads a group of investors who bought a controlling stake in the privatized company in early May, said a model for a new company structure would be ready within 30 days and then discussed by the new controlling shareholders.  </p>
<p>The international Valepar consortium led by Steinbruch includes local pension funds, NationsBank Corp, Opportunity Asset Management's offshore investment fund, CVRD employees, the investment arm of Brazil's National Development Bank (BNDESPar) and private steelmaker CSN, of which Steinbruch is chairman.</p>
<p>Steinbruch held the news conference to mark the celebration of CSN's production of 100 million tonnes of steel for the first time in its 51 years of operation.</p>
<p>((-- Simona de Logu, Rio de Janeiro newsroom 5521 5074151))</p>
</text>
<copyright>(c) Reuters Limited 1997</copyright>
<metadata>
<codes class="bip:countries:1.0">
  <code code="BRAZ">
    <editdetail attribution="Reuters BIP Coding Group" action="confirmed" date="1997-07-08"/>
  </code>
</codes>
<codes class="bip:industries:1.0">
  <code code="I21000">
    <editdetail attribution="Reuters BIP Coding Group" action="confirmed" date="1997-07-08"/>
  </code>
  <code code="I22100">
    <editdetail attribution="Reuters BIP Coding Group" action="confirmed" date="1997-07-08"/>
  </code>
  <code code="I81402">
    <editdetail attribution="Reuters BIP Coding Group" action="confirmed" date="1997-07-08"/>
  </code>
</codes>
<codes class="bip:topics:1.0">
  <code code="C11">
    <editdetail attribution="Reuters BIP Coding Group" action="confirmed" date="1997-07-08"/>
  </code>
  <code code="CCAT">
    <editdetail attribution="Reuters BIP Coding Group" action="confirmed" date="1997-07-08"/>
  </code>
</codes>
<dc element="dc.date.created" value="1997-07-08"/>
<dc element="dc.publisher" value="Reuters Holdings Plc"/>
<dc element="dc.date.published" value="1997-07-08"/>
<dc element="dc.source" value="Reuters"/>
<dc element="dc.creator.location" value="VOLTA REDONDA, Brazil"/>
<dc element="dc.creator.location.country.name" value="BRAZIL"/>
<dc element="dc.source" value="Reuters"/>
</metadata>
</newsitem>
