<?xml version="1.0" encoding="iso-8859-1" ?>
<newsitem itemid="694887" id="root" date="1997-06-29" xml:lang="en">
<title>JAPAN: INSIGHT - JGBs seen rising towards recent high.</title>
<headline>INSIGHT - JGBs seen rising towards recent high.</headline>
<text>
<p>--------------------------------------------------------------</p>
<p>FUTURE RANGE/DAY   SPPRT    RSTNC    RSI-9   MA-5     MA-25</p>
<p>JGB  123.80-124.40 123.50   124.50   58pct   123.76   123.16</p>
<p>OUTLOOK OF BOJ OPERATION AT 0020 GMT: drainage of 300 bln yen -------------VIEWS FROM THE MARKET - June 30------------------</p>
<p>*Key September 10-year Japanese government bond (JGB) futures contract likely to rise toward recent high of 124.41 on Monday. *But further rises above that level difficult without investors' cash buying, trader said. *Focus whether Nikkei stock average manages to rise to key 21,000 level. *September seen firmly underpinned at around 124.00.</p>
</text>
<copyright>(c) Reuters Limited 1997</copyright>
<metadata>
<codes class="bip:countries:1.0">
  <code code="JAP">
    <editdetail attribution="Reuters BIP Coding Group" action="confirmed" date="1997-06-29"/>
  </code>
</codes>
<codes class="bip:topics:1.0">
  <code code="M12">
    <editdetail attribution="Reuters BIP Coding Group" action="confirmed" date="1997-06-29"/>
  </code>
  <code code="MCAT">
    <editdetail attribution="Reuters BIP Coding Group" action="confirmed" date="1997-06-29"/>
  </code>
</codes>
<dc element="dc.publisher" value="Reuters Holdings Plc"/>
<dc element="dc.date.published" value="1997-06-29"/>
<dc element="dc.source" value="Reuters"/>
<dc element="dc.creator.location.country.name" value="JAPAN"/>
<dc element="dc.source" value="Reuters"/>
</metadata>
</newsitem>
