<?xml version="1.0" encoding="iso-8859-1" ?>
<newsitem itemid="130985" id="root" date="1996-10-21" xml:lang="en">
<title>BELGIUM: Commission sees mixed success for third aviation package.</title>
<headline>Commission sees mixed success for third aviation package.</headline>
<dateline>BRUSSELS 1996-10-21</dateline>
<text>
<p>&quot;Not bad but could do better&quot; appears to be the conclusion of a European Commission report, due to be adopted on Tuesday on airlines' response to the the third package of aviation liberalisations.</p>
<p>&quot;The majority of fares have come down substantially but there's still a part of the market which remains very stubborn,&quot; a Commission spokeswoman told Reuters on Monday.</p>
<p>She was speaking ahead of Tuesday's expected adoption of a report on the state of progress in advance of next April's planned full liberalisation of aviation traffic rights for airlines based within the European Union.</p>
<p>&quot;The whole idea of the report is to put some facts and figures behind anecdotal complaints about (airlines') abuses of dominant positions or excessive fares,&quot; she said.</p>
<p>&quot;We want to look again at those routes which seem particularly over-priced or where duopolies have replaced monopolies with no particular signs that there are any changes in fares,&quot; said the spokeswoman, without giving further detail.</p>
<p>While gradual changes during the last 10 years have brought west European passengers greater flexibility in choosing routes, flight times and cheaper fare options, fully flexible fares remain high for those travelling at the last minute.</p>
<p>&quot;There has been no dramatic decrease in fares, no spectacular disappearance of major carriers, no substantial penetration of domestic markets by foreign competitors,&quot; European Commission official Philip Lowe said in a recent speech on the subject in Brussels.</p>
<p>&quot;Whilst the effects of liberalisation are now noticeable, they are appearing slowly,&quot; said Lowe, chef de cabinet to Transport Commissioner Neil Kinnock.</p>
<p>He singled out domestic routes in Germany, France and Italy as ones where fares remained very high compared with the United States, where deregulation took place in the late 1970s.</p>
</text>
<copyright>(c) Reuters Limited 1996</copyright>
<metadata>
<codes class="bip:countries:1.0">
  <code code="BELG">
    <editdetail attribution="Reuters BIP Coding Group" action="confirmed" date="1996-10-21"/>
  </code>
  <code code="EEC">
    <editdetail attribution="Reuters BIP Coding Group" action="confirmed" date="1996-10-21"/>
  </code>
</codes>
<codes class="bip:industries:1.0">
  <code code="I75000">
    <editdetail attribution="Reuters BIP Coding Group" action="confirmed" date="1996-10-21"/>
  </code>
</codes>
<codes class="bip:topics:1.0">
  <code code="C13">
    <editdetail attribution="Reuters BIP Coding Group" action="confirmed" date="1996-10-21"/>
  </code>
  <code code="C31">
    <editdetail attribution="Reuters BIP Coding Group" action="confirmed" date="1996-10-21"/>
  </code>
  <code code="CCAT">
    <editdetail attribution="Reuters BIP Coding Group" action="confirmed" date="1996-10-21"/>
  </code>
  <code code="G15">
    <editdetail attribution="Reuters BIP Coding Group" action="confirmed" date="1996-10-21"/>
  </code>
  <code code="G152">
    <editdetail attribution="Reuters BIP Coding Group" action="confirmed" date="1996-10-21"/>
  </code>
  <code code="GCAT">
    <editdetail attribution="Reuters BIP Coding Group" action="confirmed" date="1996-10-21"/>
  </code>
</codes>
<dc element="dc.date.created" value="1996-10-21"/>
<dc element="dc.publisher" value="Reuters Holdings Plc"/>
<dc element="dc.date.published" value="1996-10-21"/>
<dc element="dc.source" value="Reuters"/>
<dc element="dc.creator.location" value="BRUSSELS"/>
<dc element="dc.creator.location.country.name" value="BELGIUM"/>
<dc element="dc.source" value="Reuters"/>
</metadata>
</newsitem>
