<?xml version="1.0" encoding="iso-8859-1" ?>
<newsitem itemid="211812" id="root" date="1996-11-22" xml:lang="en">
<title>MALAYSIA: Nam Fatt venture gets MAS contract.</title>
<headline>Nam Fatt venture gets MAS contract.</headline>
<dateline>KUALA LUMPUR 1996-11-22</dateline>
<text>
<p>Malaysia's Nam Fatt Corp Bhd said that a joint venture between it and Gurun Corp (M) Sdn Bhd has been awarded a contract totalling 103.34 million ringgit by Malaysian Airline System Bhd.</p>
<p>In a statement sent to the Kuala Lumpur Stock Exchange late on Thursday, Nam Fatt said the contract is to construct engineering support buildings at the Sepang airport in central Selangor state.</p>
<p>The contract is not expected to have any material effect on Nam Fatt's earnings or net tangible assets for the current financial year ending December 31, 1996, the statement said.</p>
<p>-- Kuala Lumpur newsroom (603 230 8911)</p>
</text>
<copyright>(c) Reuters Limited 1996</copyright>
<metadata>
<codes class="bip:countries:1.0">
  <code code="MALAY">
    <editdetail attribution="Reuters BIP Coding Group" action="confirmed" date="1996-11-22"/>
  </code>
</codes>
<codes class="bip:industries:1.0">
  <code code="I50200">
    <editdetail attribution="Reuters BIP Coding Group" action="confirmed" date="1996-11-22"/>
  </code>
  <code code="I75000">
    <editdetail attribution="Reuters BIP Coding Group" action="confirmed" date="1996-11-22"/>
  </code>
</codes>
<codes class="bip:topics:1.0">
  <code code="C11">
    <editdetail attribution="Reuters BIP Coding Group" action="confirmed" date="1996-11-22"/>
  </code>
  <code code="C33">
    <editdetail attribution="Reuters BIP Coding Group" action="confirmed" date="1996-11-22"/>
  </code>
  <code code="CCAT">
    <editdetail attribution="Reuters BIP Coding Group" action="confirmed" date="1996-11-22"/>
  </code>
</codes>
<dc element="dc.date.created" value="1996-11-22"/>
<dc element="dc.publisher" value="Reuters Holdings Plc"/>
<dc element="dc.date.published" value="1996-11-22"/>
<dc element="dc.source" value="Reuters"/>
<dc element="dc.creator.location" value="KUALA LUMPUR"/>
<dc element="dc.creator.location.country.name" value="MALAYSIA"/>
<dc element="dc.source" value="Reuters"/>
</metadata>
</newsitem>
