<?xml version="1.0" encoding="iso-8859-1" ?>
<newsitem itemid="596967" id="root" date="1997-05-20" xml:lang="en">
<title>USA: Pfizer to sponsor major heart drug trial.</title>
<headline>Pfizer to sponsor major heart drug trial.</headline>
<dateline>NEW YORK 1997-05-20</dateline>
<text>
<p>Pfizer Inc on Tuesday said it will sponsor a major European clinical trial involving 18,000 patients to compare the effectiveness of new hypertension drugs against older therapies.</p>
<p>The goal of the trial -- one of the largest hypertension studies ever -- is to show reduced rates of heart attacks and strokes in patients using new drugs to control high blood pressure, the company said. The Pfizer drug Norvasc will be included in the study.</p>
<p>Pfizer said the five-year study, dubbed the Anglo-Scandinavian Cardiac Outcomes Trial, will involve patients recruited by family physicians in six countries -- Britain, Ireland, Sweded, Finland, Norway and Denmark.</p>
<p>Pfizer is spending $55 million on the study, it said.</p>
<p>A secondary goal of the study is to compare healthcare costs for patients treated with newer agents to the costs for those using older therapies, Pfizer said.</p>
<p>The trial will also study the effects of using Norvasc for hypertension in combination with the drug Lipitor for high cholesterol.</p>
</text>
<copyright>(c) Reuters Limited 1997</copyright>
<metadata>
<codes class="bip:countries:1.0">
  <code code="USA">
    <editdetail attribution="Reuters BIP Coding Group" action="confirmed" date="1997-05-20"/>
  </code>
</codes>
<codes class="bip:industries:1.0">
  <code code="I25000">
    <editdetail attribution="Reuters BIP Coding Group" action="confirmed" date="1997-05-20"/>
  </code>
</codes>
<codes class="bip:topics:1.0">
  <code code="C23">
    <editdetail attribution="Reuters BIP Coding Group" action="confirmed" date="1997-05-20"/>
  </code>
  <code code="C32">
    <editdetail attribution="Reuters BIP Coding Group" action="confirmed" date="1997-05-20"/>
  </code>
  <code code="CCAT">
    <editdetail attribution="Reuters BIP Coding Group" action="confirmed" date="1997-05-20"/>
  </code>
  <code code="GCAT">
    <editdetail attribution="Reuters BIP Coding Group" action="confirmed" date="1997-05-20"/>
  </code>
  <code code="GHEA">
    <editdetail attribution="Reuters BIP Coding Group" action="confirmed" date="1997-05-20"/>
  </code>
</codes>
<dc element="dc.date.created" value="1997-05-20"/>
<dc element="dc.publisher" value="Reuters Holdings Plc"/>
<dc element="dc.date.published" value="1997-05-20"/>
<dc element="dc.source" value="Reuters"/>
<dc element="dc.creator.location" value="NEW YORK"/>
<dc element="dc.creator.location.country.name" value="USA"/>
<dc element="dc.source" value="Reuters"/>
</metadata>
</newsitem>
