<?xml version="1.0" encoding="iso-8859-1" ?>
<newsitem itemid="236750" id="root" date="1996-12-05" xml:lang="en">
<title>COLOMBIA: Colombian peso down to 996.55 in quiet session.</title>
<headline>Colombian peso down to 996.55 in quiet session.</headline>
<dateline>BOGOTA 1996-12-05</dateline>
<text>
<p>Colombia's peso drifted down 0.63 to 996.55 per dollar in steady trading Thursday, interbank dealers said.</p>
<p>&quot;The markets were very quiet and I think that was the reason that nobody was trading large volumes,&quot; one trader said.</p>
<p>Fluctuations throughout the session were slight. The peso hit an intra-day high of 996.26 and a low of 996.65 after opening at 996.35.</p>
<p>Dealers reported 227 trades worth a of $147.5 million. There were few individual trades worth more than $60,000, reflecting the small volumes being traded.  </p>
<p>Dealers predicted the peso would continue close to the ceiling of its floating rate exchange band, which was set Thursday at 996.26.</p>
<p>--Juan Guillermo Londono, Bogota newsroom, 571 610 7944</p>
</text>
<copyright>(c) Reuters Limited 1996</copyright>
<metadata>
<codes class="bip:countries:1.0">
  <code code="COL">
    <editdetail attribution="Reuters BIP Coding Group" action="confirmed" date="1996-12-05"/>
  </code>
</codes>
<codes class="bip:topics:1.0">
  <code code="M13">
    <editdetail attribution="Reuters BIP Coding Group" action="confirmed" date="1996-12-05"/>
  </code>
  <code code="M132">
    <editdetail attribution="Reuters BIP Coding Group" action="confirmed" date="1996-12-05"/>
  </code>
  <code code="MCAT">
    <editdetail attribution="Reuters BIP Coding Group" action="confirmed" date="1996-12-05"/>
  </code>
</codes>
<dc element="dc.date.created" value="1996-12-05"/>
<dc element="dc.publisher" value="Reuters Holdings Plc"/>
<dc element="dc.date.published" value="1996-12-05"/>
<dc element="dc.source" value="Reuters"/>
<dc element="dc.creator.location" value="BOGOTA"/>
<dc element="dc.creator.location.country.name" value="COLOMBIA"/>
<dc element="dc.source" value="Reuters"/>
</metadata>
</newsitem>
