<?xml version="1.0" encoding="iso-8859-1" ?>
<newsitem itemid="808817" id="root" date="1997-08-19" xml:lang="en">
<title>USA: Bond Buyer closing muni index up 5/32 at 120-17/32.</title>
<headline>Bond Buyer closing muni index up 5/32 at 120-17/32.</headline>
<dateline>NEW YORK</dateline>
<text>
<p>The Bond Buyer said its municipal bond index rose 5/32 to 120-17/32, yielding 5.50 percent at the closing (1500 Eastern) calculation.</p>
<p>The index is the underlying component of the Chicago Board of Trade's municipal bond futures and options contracts.</p>
<p>Reflecting data on 40 bonds, the index is calculated twice daily from prices submitted by six interdealer municipal bond brokers.</p>
<p>--U.S. Municipal Desk, 212-859-1650</p>
</text>
<copyright>(c) Reuters Limited 1997</copyright>
<metadata>
<codes class="bip:countries:1.0">
  <code code="USA">
    <editdetail attribution="Reuters BIP Coding Group" action="confirmed" date="1997-08-19"/>
  </code>
</codes>
<codes class="bip:topics:1.0">
  <code code="M12">
    <editdetail attribution="Reuters BIP Coding Group" action="confirmed" date="1997-08-19"/>
  </code>
  <code code="MCAT">
    <editdetail attribution="Reuters BIP Coding Group" action="confirmed" date="1997-08-19"/>
  </code>
</codes>
<dc element="dc.publisher" value="Reuters Holdings Plc"/>
<dc element="dc.date.published" value="1997-08-19"/>
<dc element="dc.source" value="Reuters"/>
<dc element="dc.creator.location" value="NEW YORK"/>
<dc element="dc.creator.location.country.name" value="USA"/>
<dc element="dc.source" value="Reuters"/>
</metadata>
</newsitem>
