<?xml version="1.0" encoding="iso-8859-1" ?>
<newsitem itemid="701512" id="root" date="1997-07-02" xml:lang="en">
<title>HUNGARY: Budapest barley futures limit-down on crop outlook.</title>
<headline>Budapest barley futures limit-down on crop outlook.</headline>
<dateline>BUDAPEST 1997-07-02</dateline>
<text>
<p>Barley futures prices on the Budapest Commodity Exchange (BCE) went limit-down on Wednesday, weighed down by a good harvest and cheap wheat, dealers said.</p>
<p>&quot;Barley is still expensive compared with wheat,&quot; said Gabor Gyori of Order brokerage.</p>
<p>All barley futures dropped the daily allowed 400 forints per tonne to finish at between 17,800 forints for August and 20,800 forints for May.</p>
<p>Milling wheat futures were trendless, rising 10 forints for August to 19,860 and 150 forints for March to 22,130, while September eased 30 forints to 19,930 and December went down 150 to 20,710. Other milling wheat maturities remained flat.</p>
<p>Maize futures finished 100 to 370 forints per tonne lower for all but steady March, in relatively low turnover.</p>
<p>Total grains turnover on the BCE was 1,122 lots, slightly below Tuesday's 1,252 lots, but unusually high sunflower seed trade increased turnover in forint terms to 555 million forints from 522.66 million.</p>
<p>Sunflower seed rose 200 forints to 44,500 for November and closed at 44,700 for December, up 200.</p>
<p>(Lot size=20,000 kgs $=187.79 Hungarian forints)</p>
<p>-- Denes Albert, Budapest newsroom +36 1 327 4040</p>
</text>
<copyright>(c) Reuters Limited 1997</copyright>
<metadata>
<codes class="bip:countries:1.0">
  <code code="HUNG">
    <editdetail attribution="Reuters BIP Coding Group" action="confirmed" date="1997-07-02"/>
  </code>
</codes>
<codes class="bip:topics:1.0">
  <code code="M14">
    <editdetail attribution="Reuters BIP Coding Group" action="confirmed" date="1997-07-02"/>
  </code>
  <code code="M141">
    <editdetail attribution="Reuters BIP Coding Group" action="confirmed" date="1997-07-02"/>
  </code>
  <code code="MCAT">
    <editdetail attribution="Reuters BIP Coding Group" action="confirmed" date="1997-07-02"/>
  </code>
</codes>
<dc element="dc.date.created" value="1997-07-02"/>
<dc element="dc.publisher" value="Reuters Holdings Plc"/>
<dc element="dc.date.published" value="1997-07-02"/>
<dc element="dc.source" value="Reuters"/>
<dc element="dc.creator.location" value="BUDAPEST"/>
<dc element="dc.creator.location.country.name" value="HUNGARY"/>
<dc element="dc.source" value="Reuters"/>
</metadata>
</newsitem>
