<?xml version="1.0" encoding="iso-8859-1" ?>
<newsitem itemid="549079" id="root" date="1997-04-29" xml:lang="en">
<title>FRANCE: French consumer spending flat in March.</title>
<headline>French consumer spending flat in March.</headline>
<dateline>PARIS 1997-04-29</dateline>
<text>
<p>National statistics institute INSEE gave the following seasonally adjusted figures for household spending on manufactured goods in billions of 1980 francs. It originally reported that household spending on manufactured goods fell 1.7 percent in February.</p>
<p>					   March  Feb     Jan    March 96</p>
<p> Total				   57.58  57.61   58.37     58.40</p>
<p> Total change (pct v pvs month)    0.0   -1.3     2.7	-1.4</p>
<p> Retail sector			 38.61  38.48   39.34     38.27</p>
<p> Durables				16.81  16.81   16.63     18.09</p>
<p> Textiles, leather		   11.46  11.16   11.64     11.03</p>
<p> Other				   29.31  29.64   30.09     29.28</p>
<p>It gave the following percentage changes (month-on-month unless stated)</p>
<p>					    March  Feb    Jan March yr/yr</p>
<p>Total				     0.0   -1.3     2.7    -1.4</p>
<p> Retail sector			  0.3   -2.2     3.8     0.9</p>
<p> Durables				 0.0    1.0    -0.3    -7.1</p>
<p>   of which cars			1.4    8.5    -9.1   -13.7</p>
<p>   household equipment	     -0.8   -3.1     5.4    -2.4</p>
<p> Textiles, leather		    2.7   -4.2     5.5     4.0</p>
<p> Other				   -1.1   -1.5     3.4     0.1</p>
</text>
<copyright>(c) Reuters Limited 1997</copyright>
<metadata>
<codes class="bip:countries:1.0">
  <code code="FRA">
    <editdetail attribution="Reuters BIP Coding Group" action="confirmed" date="1997-04-29"/>
  </code>
</codes>
<codes class="bip:topics:1.0">
  <code code="E14">
    <editdetail attribution="Reuters BIP Coding Group" action="confirmed" date="1997-04-29"/>
  </code>
  <code code="ECAT">
    <editdetail attribution="Reuters BIP Coding Group" action="confirmed" date="1997-04-29"/>
  </code>
</codes>
<dc element="dc.date.created" value="1997-04-29"/>
<dc element="dc.publisher" value="Reuters Holdings Plc"/>
<dc element="dc.date.published" value="1997-04-29"/>
<dc element="dc.source" value="Reuters"/>
<dc element="dc.creator.location" value="PARIS"/>
<dc element="dc.creator.location.country.name" value="FRANCE"/>
<dc element="dc.source" value="Reuters"/>
</metadata>
</newsitem>
