<?xml version="1.0" encoding="iso-8859-1" ?>
<newsitem itemid="201952" id="root" date="1996-11-20" xml:lang="en">
<title>SOUTH AFRICA: S.AFRICA TRUCKING STRIKE BITES ACROSS ALL SECTORS.</title>
<headline>S.AFRICA TRUCKING STRIKE BITES ACROSS ALL SECTORS.</headline>
<dateline>JOHANNESBURG 1996-11-20</dateline>
<text>
<p>A national trucking strike by around 36,000 workers, which kicked off Wednesday morning, had spread to all sectors of the South African economy by the afternoon, employer spokesman Johan van der Walt said.</p>
<p>&quot;The strike is widespread with some companies at a complete standstill while others are still running...it has affected sectors across-the-board,&quot; van der Walt, who is chairman of the Road Freight Association, said.</p>
<p>Truckers went on strike Wednesday morning after a last minute attempt by the Commission for Conciliation, Mediation and Arbitration (CCMA) -- set up in terms of the new Labour Relations Act -- to mediate a wage dispute between employers and unions failed on Tuesday night.</p>
<p>The CCMA is a vehicle for dispute resolution which provides statutory dispute resolution services.</p>
<p>A Transport and General Workers Union (TGWU) spokesman told Reuters workers originally demanded 14 to 18 percent across-the-board, but the union was seeking members' mandate on a 10 percent offer from employers.</p>
<p>The further meeting between the two sides is planned for late Wednesaday.</p>
<p>Workers went on strike at major venues throughout the country including Johannesburg, the Western Cape, Vanderbijlpark, Empangeni, Durban and Pretoria.</p>
<p>Sectors of the economy affected include banking, air freight, waste companies, livestock vehicles, and the ferrying of chemicals and fuels.</p>
<p>By Wednesday afternoon it was not yet clear whether there had been any trucker blockades on major highways.</p>
<p>This is the first time in fifty years that unions organised in the sector have resorted to industrial action.</p>
<p>-- Vera von Lieres, Johannesburg newsroom +27 11 482 1003</p>
</text>
<copyright>(c) Reuters Limited 1996</copyright>
<metadata>
<codes class="bip:countries:1.0">
  <code code="SAFR">
    <editdetail attribution="Reuters BIP Coding Group" action="confirmed" date="1996-11-20"/>
  </code>
</codes>
<codes class="bip:industries:1.0">
  <code code="I72300">
    <editdetail attribution="Reuters BIP Coding Group" action="confirmed" date="1996-11-20"/>
  </code>
</codes>
<codes class="bip:topics:1.0">
  <code code="C42">
    <editdetail attribution="Reuters BIP Coding Group" action="confirmed" date="1996-11-20"/>
  </code>
  <code code="CCAT">
    <editdetail attribution="Reuters BIP Coding Group" action="confirmed" date="1996-11-20"/>
  </code>
  <code code="E41">
    <editdetail attribution="Reuters BIP Coding Group" action="confirmed" date="1996-11-20"/>
  </code>
  <code code="ECAT">
    <editdetail attribution="Reuters BIP Coding Group" action="confirmed" date="1996-11-20"/>
  </code>
  <code code="GCAT">
    <editdetail attribution="Reuters BIP Coding Group" action="confirmed" date="1996-11-20"/>
  </code>
  <code code="GJOB">
    <editdetail attribution="Reuters BIP Coding Group" action="confirmed" date="1996-11-20"/>
  </code>
</codes>
<dc element="dc.date.created" value="1996-11-20"/>
<dc element="dc.publisher" value="Reuters Holdings Plc"/>
<dc element="dc.date.published" value="1996-11-20"/>
<dc element="dc.source" value="Reuters"/>
<dc element="dc.creator.location" value="JOHANNESBURG"/>
<dc element="dc.creator.location.country.name" value="SOUTH AFRICA"/>
<dc element="dc.source" value="Reuters"/>
</metadata>
</newsitem>
