<?xml version="1.0" encoding="iso-8859-1" ?>
<newsitem itemid="384432" id="root" date="1997-02-18" xml:lang="en">
<title>SLOVAKIA: Slovak foreign minister says ready to join NATO.</title>
<headline>Slovak foreign minister says ready to join NATO.</headline>
<dateline>BRATISLAVA 1997-02-18</dateline>
<text>
<p>Doubts over Slovakia's readiness for NATO membership are unfounded, Foreign Minister Pavol Hamzik was quoted as saying on Tuesday.</p>
<p>In an interview with the independent daily Pravda, Hamzik also said he expected a big turnout in a planned referendum on Slovak membership of the North Atlantic Treaty Organisation, though he did not predict the result.</p>
<p>&quot;(There are)...in my opinion unfounded doubts over Slovakia's preparedness for NATO membership and eventual membership of other integrated organisations,&quot; Hamzik said.</p>
<p>Slovakia has said it wants to be among the first wave of post-Communist countries admitted to the alliance and to the</p>
</text>
<copyright>(c) Reuters Limited 1997</copyright>
<metadata>
<codes class="bip:countries:1.0">
  <code code="NATO">
    <editdetail attribution="Reuters BIP Coding Group" action="confirmed" date="1997-02-18"/>
  </code>
  <code code="SLVAK">
    <editdetail attribution="Reuters BIP Coding Group" action="confirmed" date="1997-02-18"/>
  </code>
</codes>
<codes class="bip:topics:1.0">
  <code code="GCAT">
    <editdetail attribution="Reuters BIP Coding Group" action="confirmed" date="1997-02-18"/>
  </code>
  <code code="GDEF">
    <editdetail attribution="Reuters BIP Coding Group" action="confirmed" date="1997-02-18"/>
  </code>
  <code code="GDIP">
    <editdetail attribution="Reuters BIP Coding Group" action="confirmed" date="1997-02-18"/>
  </code>
</codes>
<dc element="dc.date.created" value="1997-02-18"/>
<dc element="dc.publisher" value="Reuters Holdings Plc"/>
<dc element="dc.date.published" value="1997-02-18"/>
<dc element="dc.source" value="Reuters"/>
<dc element="dc.creator.location" value="BRATISLAVA"/>
<dc element="dc.creator.location.country.name" value="SLOVAKIA"/>
<dc element="dc.source" value="Reuters"/>
</metadata>
</newsitem>
