<?xml version="1.0" encoding="iso-8859-1" ?>
<newsitem itemid="773579" id="root" date="1997-08-01" xml:lang="en">
<title>USA: VLSI Technology to Sell COMPASS unit.</title>
<headline>VLSI Technology to Sell COMPASS unit.</headline>
<dateline>SAN JOSE, Calif. 1997-07-31</dateline>
<text>
<p>VLSI Technology Inc and Avant  Corp said on Thursday that VLSI agreed to sell its COMPASS Design  Automation subsidiary to Avant for $44 million in cash and stock.</p>
<p>COMPASS makes software for the design of semiconductors.</p>
<p>The transaction is expected to close by the end of the current quarter,  the companies said in separate statements.</p>
<p>VLSI said it will focus on its semiconductor business.</p>
<p>Avant said COMPASS will be useful in its development of software for  system-on-a-chip systems.</p>
<p>A VLSI spokesman said COMPASS was losing money, but it was in a situation  where COMPASS's potential customers, namely semiconductor makers,  did not want to do business with a competitor.</p>
</text>
<copyright>(c) Reuters Limited 1997</copyright>
<metadata>
<codes class="bip:countries:1.0">
  <code code="USA">
    <editdetail attribution="Reuters BIP Coding Group" action="confirmed" date="1997-08-01"/>
  </code>
</codes>
<codes class="bip:industries:1.0">
  <code code="I33020">
    <editdetail attribution="Reuters BIP Coding Group" action="confirmed" date="1997-08-01"/>
  </code>
  <code code="I3302021">
    <editdetail attribution="Reuters BIP Coding Group" action="confirmed" date="1997-08-01"/>
  </code>
  <code code="I34531">
    <editdetail attribution="Reuters BIP Coding Group" action="confirmed" date="1997-08-01"/>
  </code>
</codes>
<codes class="bip:topics:1.0">
  <code code="C18">
    <editdetail attribution="Reuters BIP Coding Group" action="confirmed" date="1997-08-01"/>
  </code>
  <code code="C181">
    <editdetail attribution="Reuters BIP Coding Group" action="confirmed" date="1997-08-01"/>
  </code>
  <code code="CCAT">
    <editdetail attribution="Reuters BIP Coding Group" action="confirmed" date="1997-08-01"/>
  </code>
</codes>
<dc element="dc.date.created" value="1997-07-31"/>
<dc element="dc.publisher" value="Reuters Holdings Plc"/>
<dc element="dc.date.published" value="1997-08-01"/>
<dc element="dc.source" value="Reuters"/>
<dc element="dc.creator.location" value="SAN JOSE, Calif."/>
<dc element="dc.creator.location.country.name" value="USA"/>
<dc element="dc.source" value="Reuters"/>
</metadata>
</newsitem>
