<?xml version="1.0" encoding="iso-8859-1" ?>
<newsitem itemid="390187" id="root" date="1997-02-20" xml:lang="en">
<title>USA: Overseas Shipholding Group Q4 loss vs profit.</title>
<headline>Overseas Shipholding Group Q4 loss vs profit.</headline>
<dateline>NEW YORK 1997-02-20</dateline>
<text>
<p>THREE MONTHS ENDED	     YEAR ENDED</p>
<p>		     DECEMBER 31		   DECEMBER 31</p>
<p>			1996	  1995	   1996	   1995</p>
<p>Shipping Revs</p>
<p>	   $109,072,000 $114,883,000 $455,868,000 $413,917,000</p>
<p>Net Income/(Loss)</p>
<p>	    (5,176,000)    1,404,000    2,502,000  (8,632,000)</p>
<p>Net Income/(Loss)</p>
<p>  Per Share     (.14)	    .04	    .07	  (.24)</p>
<p>Average Number of</p>
<p>Shares Outstanding</p>
<p>		36,235,224   36,227,396   36,233,791   36,220,401</p>
<p>NOTE: Net income includes a net gain from disposal of vessels, after tax, of $3.8 million, or $.10 per share, in 1996, reflecting a fourth quarter provision of $717,000, or $.02 per share, for loss on the sale in 1997 of a joint venture tanker.</p>
<p>Net gains from the disposal of vessels, after tax, totaled $1.8 million, or $.05 per share, in 1995, all in the fourth quarter. In 1996, there was an income tax provision of $885,000 for the year, reflecting a tax credit of $2.2 million for the fourth quarter. In 1995, there was an income tax credit of $5.3 million for the year, reflecting a tax provision of $790,000 for the fourth quarter.</p>
<p>((-- New York Newsdesk 212 859-1610))</p>
</text>
<copyright>(c) Reuters Limited 1997</copyright>
<metadata>
<codes class="bip:countries:1.0">
  <code code="USA">
    <editdetail attribution="Reuters BIP Coding Group" action="confirmed" date="1997-02-20"/>
  </code>
</codes>
<codes class="bip:industries:1.0">
  <code code="I74000">
    <editdetail attribution="Reuters BIP Coding Group" action="confirmed" date="1997-02-20"/>
  </code>
</codes>
<codes class="bip:topics:1.0">
  <code code="C15">
    <editdetail attribution="Reuters BIP Coding Group" action="confirmed" date="1997-02-20"/>
  </code>
  <code code="C151">
    <editdetail attribution="Reuters BIP Coding Group" action="confirmed" date="1997-02-20"/>
  </code>
  <code code="C1511">
    <editdetail attribution="Reuters BIP Coding Group" action="confirmed" date="1997-02-20"/>
  </code>
  <code code="CCAT">
    <editdetail attribution="Reuters BIP Coding Group" action="confirmed" date="1997-02-20"/>
  </code>
</codes>
<dc element="dc.date.created" value="1997-02-20"/>
<dc element="dc.publisher" value="Reuters Holdings Plc"/>
<dc element="dc.date.published" value="1997-02-20"/>
<dc element="dc.source" value="Reuters"/>
<dc element="dc.creator.location" value="NEW YORK"/>
<dc element="dc.creator.location.country.name" value="USA"/>
<dc element="dc.source" value="Reuters"/>
</metadata>
</newsitem>
