<?xml version="1.0" encoding="iso-8859-1" ?>
<newsitem itemid="474330" id="root" date="1997-03-28" xml:lang="en">
<title>USA: Marvel Q4 loss steepens.</title>
<headline>Marvel Q4 loss steepens.</headline>
<dateline>NEW YORK 1997-03-28</dateline>
<text>
<p>Marvel Entertainment Group Inc.</p>
<p>				 (debtor-in-possession)</p>
<p>	 (Dollars in millions, except per share data)</p>
<p>					    Three Months	Year</p>
<p>					   Ended Dec 31,  Ended Dec 31,</p>
<p>					 1996     1995     1996    1995</p>
<p> Net revenues		     $164.3  $232.8   $745.5  $828.9</p>
<p> Cost of sales		     164.0   180.7    536.4   533.3</p>
<p> Selling, gen. &amp; admin. exp.    76.4    70.7    244.5   226.7</p>
<p> Restructuring charges	    15.8    25.0     15.8    25.0</p>
<p> Depreciation &amp; amortization    16.2     8.8     31.8    21.2</p>
<p>Amortization of goodwill,</p>
<p>intangibles &amp; deferred charges(a)</p>
<p>					 286.5     5.3    303.3    17.9</p>
<p> Interest expense, net	    16.2    13.0     58.9    43.2</p>
<p>Foreign exchange loss/(gain), net</p>
<p>					 (1.0)     0.4	1.1   (0.4)</p>
<p>Gain on sale of</p>
<p>  Toy Biz common stock		--	--     22.0    14.3</p>
<p>Equity in net (loss) income of</p>
<p>unconsolidated subsidiaries</p>
<p>					 (0.6)     0.1    (1.2)     1.7</p>
<p>Loss before reorg. items, provision</p>
<p>(benefit) for income  taxes, minority</p>
<p>interest &amp; extraordinary item</p>
<p>				     (410.4)  (71.0)  (425.5)  (22.0)</p>
<p> Reorganization items		5.5	--	5.5	--</p>
<p>Loss before provision (benefit)</p>
<p>for income taxes, minority  </p>
<p>interest &amp; extraordinary item</p>
<p>				     (415.9)  (71.0)  (431.0)  (22.0)</p>
<p>Provision (benefit) for</p>
<p>  income taxes			22.4  (19.9)     21.7     5.7</p>
<p>Loss bef. minority interest &amp;</p>
<p>  extraordinary item	   (438.3)  (51.1)  (452.7)  (27.7)</p>
<p>Minority interest in (loss)</p>
<p>  earnings of Toy Biz	    (1.8)     7.4     11.7    17.4</p>
<p>Loss before extraordinary item</p>
<p>				     (436.5)  (58.5)  (464.4)  (45.1)</p>
<p>Extraordinary item, net of taxes</p>
<p>					    --	--	 --   (3.3)</p>
<p> Net loss			( 436.5)  ( 58.5) ( 464.4) ( 48.4)</p>
<p>Loss per share:</p>
<p>Loss before extraordinary item</p>
<p>				    ( 4.29)  ( 0.58)  ( 4.56) ( 0.45)</p>
<p> Extraordinary item		   --	--	 --  (0.03)</p>
<p> Net loss			 ( 4.29)  ( 0.58)  ( 4.56) ( 0.48)</p>
<p>Number of common shares</p>
<p>  outstanding (in millions)    101.8   101.7    101.8   101.7</p>
<p>(a)  Includes non-cash charges off $278.5 million in the quarter ended December 31, 1996 representing a write-down of goodwill and other intangibles, primarily related to trading card operations.</p>
</text>
<copyright>(c) Reuters Limited 1997</copyright>
<metadata>
<codes class="bip:countries:1.0">
  <code code="USA">
    <editdetail attribution="Reuters BIP Coding Group" action="confirmed" date="1997-03-28"/>
  </code>
</codes>
<codes class="bip:industries:1.0">
  <code code="I47520">
    <editdetail attribution="Reuters BIP Coding Group" action="confirmed" date="1997-03-28"/>
  </code>
</codes>
<codes class="bip:topics:1.0">
  <code code="C15">
    <editdetail attribution="Reuters BIP Coding Group" action="confirmed" date="1997-03-28"/>
  </code>
  <code code="C151">
    <editdetail attribution="Reuters BIP Coding Group" action="confirmed" date="1997-03-28"/>
  </code>
  <code code="C1511">
    <editdetail attribution="Reuters BIP Coding Group" action="confirmed" date="1997-03-28"/>
  </code>
  <code code="CCAT">
    <editdetail attribution="Reuters BIP Coding Group" action="confirmed" date="1997-03-28"/>
  </code>
</codes>
<dc element="dc.date.created" value="1997-03-28"/>
<dc element="dc.publisher" value="Reuters Holdings Plc"/>
<dc element="dc.date.published" value="1997-03-28"/>
<dc element="dc.source" value="Reuters"/>
<dc element="dc.creator.location" value="NEW YORK"/>
<dc element="dc.creator.location.country.name" value="USA"/>
<dc element="dc.source" value="Reuters"/>
</metadata>
</newsitem>
