<?xml version="1.0" encoding="iso-8859-1" ?>
<newsitem itemid="76494" id="root" date="1996-09-25" xml:lang="en">
<title>USA: Edison Intl sees nuclear unit down two weeks.</title>
<headline>Edison Intl sees nuclear unit down two weeks.</headline>
<dateline>LOS ANGELES 1996-09-24</dateline>
<text>
<p>Edison International's Southern California Edison Co expects the 1,080-megawatt (MW) unit 2 at the San Onofre nuclear plant to be out of service for two weeks, a company spokesman said Tuesday</p>
<p>The unit was taken off-line early Monday morning due to a leak in the reactor's coolant piping system.</p>
<p>&quot;We will use the downtime for repairs and also to conduct some other maintenance work,&quot; said spokesman Ray Golden.</p>
<p>The San Onofre plant's other 1,070-MW unit 2 continues to operate, but the performance of its reactor coolant pump seals are being carefully monitored, Golden noted.</p>
<p>Edison hopes to keep unit 2 on-line until the Nov. 30 start of a scheduled refueling outage, but has said there is a chance the seals may need to be revamped before that time.</p>
<p>Golden added that the timeframe for unit 2's refueling outage has been extended to 70 days from an original 65-day schedule.</p>
<p>SoCal Edison has a 75 percent stake in the San Onofre plant, while San Diego Gas and Electric Co., a subsidiary of Enova Corp, owns 20 percent and municipal utilities share the remaining five percent.</p>
<p>--D Beasley, Los Angeles bureau, + 1 213 955 6761</p>
</text>
<copyright>(c) Reuters Limited 1996</copyright>
<metadata>
<codes class="bip:countries:1.0">
  <code code="USA">
    <editdetail attribution="Reuters BIP Coding Group" action="confirmed" date="1996-09-25"/>
  </code>
</codes>
<codes class="bip:industries:1.0">
  <code code="I16000">
    <editdetail attribution="Reuters BIP Coding Group" action="confirmed" date="1996-09-25"/>
  </code>
  <code code="I16100">
    <editdetail attribution="Reuters BIP Coding Group" action="confirmed" date="1996-09-25"/>
  </code>
</codes>
<codes class="bip:topics:1.0">
  <code code="C24">
    <editdetail attribution="Reuters BIP Coding Group" action="confirmed" date="1996-09-25"/>
  </code>
  <code code="CCAT">
    <editdetail attribution="Reuters BIP Coding Group" action="confirmed" date="1996-09-25"/>
  </code>
</codes>
<dc element="dc.date.created" value="1996-09-24"/>
<dc element="dc.publisher" value="Reuters Holdings Plc"/>
<dc element="dc.date.published" value="1996-09-25"/>
<dc element="dc.source" value="Reuters"/>
<dc element="dc.creator.location" value="LOS ANGELES"/>
<dc element="dc.creator.location.country.name" value="USA"/>
<dc element="dc.source" value="Reuters"/>
</metadata>
</newsitem>
