<?xml version="1.0" encoding="iso-8859-1" ?>
<newsitem itemid="635422" id="root" date="1997-06-03" xml:lang="en">
<title>HONG KONG: HK Land Auction--HK$5.2 bln asked for Stanley site.</title>
<headline>HK Land Auction--HK$5.2 bln asked for Stanley site.</headline>
<dateline>HONG KONG 1997-06-03</dateline>
<text>
<p>The government opened bidding for the Stanley site in Hong Kong's land auction with an asking price of HK$5.2 billion, but there were no bidders after five minutes.</p>
<p>-- Hong Kong Newsroom (852) 2843-6441</p>
</text>
<copyright>(c) Reuters Limited 1997</copyright>
<metadata>
<codes class="bip:countries:1.0">
  <code code="HKONG">
    <editdetail attribution="Reuters BIP Coding Group" action="confirmed" date="1997-06-03"/>
  </code>
</codes>
<codes class="bip:industries:1.0">
  <code code="I85000">
    <editdetail attribution="Reuters BIP Coding Group" action="confirmed" date="1997-06-03"/>
  </code>
</codes>
<codes class="bip:topics:1.0">
  <code code="C18">
    <editdetail attribution="Reuters BIP Coding Group" action="confirmed" date="1997-06-03"/>
  </code>
  <code code="C182">
    <editdetail attribution="Reuters BIP Coding Group" action="confirmed" date="1997-06-03"/>
  </code>
  <code code="CCAT">
    <editdetail attribution="Reuters BIP Coding Group" action="confirmed" date="1997-06-03"/>
  </code>
</codes>
<dc element="dc.date.created" value="1997-06-03"/>
<dc element="dc.publisher" value="Reuters Holdings Plc"/>
<dc element="dc.date.published" value="1997-06-03"/>
<dc element="dc.source" value="Reuters"/>
<dc element="dc.creator.location" value="HONG KONG"/>
<dc element="dc.creator.location.country.name" value="HONG KONG"/>
<dc element="dc.source" value="Reuters"/>
</metadata>
</newsitem>
