<?xml version="1.0" encoding="iso-8859-1" ?>
<newsitem itemid="471048" id="root" date="1997-03-26" xml:lang="en">
<title>SINGAPORE: Nippecraft's Malaysian unit raises capital.</title>
<headline>Nippecraft's Malaysian unit raises capital.</headline>
<dateline>SINGAPORE 1997-03-26</dateline>
<text>
<p>Stationery maker Nippecraft said on Wednesday its Malaysian unit Jinmei Industrial Sdn Bhd had increased its authorised share capital to 5.0 million ringgit from 1.0 million ringgit.</p>
<p>It said in a statement Jinmei also raised its issued and paid-up capital from 972,140 ringgit to 3.27 million ringgit.</p>
<p>This was done by the allotment and issue of an additional 2.3 million ordinary shares of one ringgit each to the company for cash at par.  </p>
<p>The increase in capital was to bring Jenmei's working capital requirements in line with its level of business, Nippecraft said.</p>
<p>The company has moved most of its labour-intensive operations to Jenmei, which now produces organisers, diaries, calendars, stationery and other related products.</p>
<p>--Singapore newsroom (65 870 3080)</p>
</text>
<copyright>(c) Reuters Limited 1997</copyright>
<metadata>
<codes class="bip:countries:1.0">
  <code code="MALAY">
    <editdetail attribution="Reuters BIP Coding Group" action="confirmed" date="1997-03-26"/>
  </code>
  <code code="SINGP">
    <editdetail attribution="Reuters BIP Coding Group" action="confirmed" date="1997-03-26"/>
  </code>
</codes>
<codes class="bip:industries:1.0">
  <code code="I47200">
    <editdetail attribution="Reuters BIP Coding Group" action="confirmed" date="1997-03-26"/>
  </code>
</codes>
<codes class="bip:topics:1.0">
  <code code="C17">
    <editdetail attribution="Reuters BIP Coding Group" action="confirmed" date="1997-03-26"/>
  </code>
  <code code="C171">
    <editdetail attribution="Reuters BIP Coding Group" action="confirmed" date="1997-03-26"/>
  </code>
  <code code="CCAT">
    <editdetail attribution="Reuters BIP Coding Group" action="confirmed" date="1997-03-26"/>
  </code>
</codes>
<dc element="dc.date.created" value="1997-03-26"/>
<dc element="dc.publisher" value="Reuters Holdings Plc"/>
<dc element="dc.date.published" value="1997-03-26"/>
<dc element="dc.source" value="Reuters"/>
<dc element="dc.creator.location" value="SINGAPORE"/>
<dc element="dc.creator.location.country.name" value="SINGAPORE"/>
<dc element="dc.source" value="Reuters"/>
</metadata>
</newsitem>
