<?xml version="1.0" encoding="iso-8859-1" ?>
<newsitem itemid="571108" id="root" date="1997-05-08" xml:lang="en">
<title>CHINA: China electronics exports seen at $35 bln by 2000.</title>
<headline>China electronics exports seen at $35 bln by 2000.</headline>
<dateline>BEIJING 1997-05-08</dateline>
<text>
<p>China's electronics industry is forecast to export $35 billion worth of goods in the year 2000, the International Business Daily said on Thursday.</p>
<p>The figure was $18.4 billion in 1996, up 15 percent from 1995, the newspaper said, quoting unidentified sources.</p>
<p>The output value of electronics products was forecast to total 700 billion yuan ($84.3 billion) in 2000, it said.</p>
<p>Exports by China's 600 foreign-funded enterprises accounted for 34 percent of total electronics exports in 1996, the newspaper said.</p>
<p>Electronics exports made up 38 percent of China's total exports, the daily said.</p>
<p>China's electronics industry has attracted foreign investment totalling about $7.0 billion, the newspaper said. It gave no further details.</p>
<p>($1 = 8.3 yuan)</p>
<p>-- Beijing Newsroom (8610) 6532 1921</p>
</text>
<copyright>(c) Reuters Limited 1997</copyright>
<metadata>
<codes class="bip:countries:1.0">
  <code code="CHINA">
    <editdetail attribution="Reuters BIP Coding Group" action="confirmed" date="1997-05-08"/>
  </code>
</codes>
<codes class="bip:industries:1.0">
  <code code="I34000">
    <editdetail attribution="Reuters BIP Coding Group" action="confirmed" date="1997-05-08"/>
  </code>
</codes>
<codes class="bip:topics:1.0">
  <code code="C15">
    <editdetail attribution="Reuters BIP Coding Group" action="confirmed" date="1997-05-08"/>
  </code>
  <code code="C152">
    <editdetail attribution="Reuters BIP Coding Group" action="confirmed" date="1997-05-08"/>
  </code>
  <code code="C31">
    <editdetail attribution="Reuters BIP Coding Group" action="confirmed" date="1997-05-08"/>
  </code>
  <code code="C312">
    <editdetail attribution="Reuters BIP Coding Group" action="confirmed" date="1997-05-08"/>
  </code>
  <code code="CCAT">
    <editdetail attribution="Reuters BIP Coding Group" action="confirmed" date="1997-05-08"/>
  </code>
</codes>
<dc element="dc.date.created" value="1997-05-08"/>
<dc element="dc.publisher" value="Reuters Holdings Plc"/>
<dc element="dc.date.published" value="1997-05-08"/>
<dc element="dc.source" value="Reuters"/>
<dc element="dc.creator.location" value="BEIJING"/>
<dc element="dc.creator.location.country.name" value="CHINA"/>
<dc element="dc.source" value="Reuters"/>
</metadata>
</newsitem>
