<?xml version="1.0" encoding="iso-8859-1" ?>
<newsitem itemid="108527" id="root" date="1996-10-10" xml:lang="en">
<title>BELGIUM: Commission spokesman defends Bangemann.</title>
<headline>Commission spokesman defends Bangemann.</headline>
<dateline>BRUSSELS 1996-10-10</dateline>
<text>
<p>European Commission chief spokesman Nikolaus van der Pas defended Industry Commissioner Martin Bangemann on Thursday, saying he played an active role in Commission meetings.</p>
<p>&quot;Mr Bangemann is almost always there,&quot; he told a news briefing. &quot;I would also add, very objectively, that Mr Bangemann is there participating very actively in the work.&quot;</p>
<p>Van der Pas was responding to complaints about Bangemann's reaction at a news conference on Wednesday when he was asked by a German journalist if it was true Commission President Jacques Santer had asked him to be more active and present within the Commission.</p>
<p>Bangemann described the question as &quot;rubbish&quot; and walked out.</p>
<p>Journalists told van der Pas the commissioner's behaviour was inappropriate.</p>
</text>
<copyright>(c) Reuters Limited 1996</copyright>
<metadata>
<codes class="bip:countries:1.0">
  <code code="EEC">
    <editdetail attribution="Reuters BIP Coding Group" action="confirmed" date="1996-10-10"/>
  </code>
</codes>
<codes class="bip:topics:1.0">
  <code code="G15">
    <editdetail attribution="Reuters BIP Coding Group" action="confirmed" date="1996-10-10"/>
  </code>
  <code code="G155">
    <editdetail attribution="Reuters BIP Coding Group" action="confirmed" date="1996-10-10"/>
  </code>
  <code code="GCAT">
    <editdetail attribution="Reuters BIP Coding Group" action="confirmed" date="1996-10-10"/>
  </code>
  <code code="GPOL">
    <editdetail attribution="Reuters BIP Coding Group" action="confirmed" date="1996-10-10"/>
  </code>
</codes>
<dc element="dc.date.created" value="1996-10-10"/>
<dc element="dc.publisher" value="Reuters Holdings Plc"/>
<dc element="dc.date.published" value="1996-10-10"/>
<dc element="dc.source" value="Reuters"/>
<dc element="dc.creator.location" value="BRUSSELS"/>
<dc element="dc.creator.location.country.name" value="BELGIUM"/>
<dc element="dc.source" value="Reuters"/>
</metadata>
</newsitem>
