<?xml version="1.0" encoding="iso-8859-1" ?>
<newsitem itemid="671952" id="root" date="1997-06-19" xml:lang="en">
<title>USA: National Fuel ups qtly div to $0.435.</title>
<headline>National Fuel ups qtly div to $0.435.</headline>
<dateline>BUFFALO, New York 1997-06-19</dateline>
<text>
<p>Quarterly</p>
<p>		   Latest		    Prior</p>
<p> Amount	  $0.435		    $0.42</p>
<p> Pay	     July 15</p>
<p> Record	  June 30</p>
<p>Note: Full name of company is National Fuel Gas Co.</p>
<p>-- New York newsdesk 212-859-1610</p>
</text>
<copyright>(c) Reuters Limited 1997</copyright>
<metadata>
<codes class="bip:countries:1.0">
  <code code="USA">
    <editdetail attribution="Reuters BIP Coding Group" action="confirmed" date="1997-06-19"/>
  </code>
</codes>
<codes class="bip:industries:1.0">
  <code code="I16200">
    <editdetail attribution="Reuters BIP Coding Group" action="confirmed" date="1997-06-19"/>
  </code>
</codes>
<codes class="bip:topics:1.0">
  <code code="C15">
    <editdetail attribution="Reuters BIP Coding Group" action="confirmed" date="1997-06-19"/>
  </code>
  <code code="C151">
    <editdetail attribution="Reuters BIP Coding Group" action="confirmed" date="1997-06-19"/>
  </code>
  <code code="CCAT">
    <editdetail attribution="Reuters BIP Coding Group" action="confirmed" date="1997-06-19"/>
  </code>
</codes>
<dc element="dc.date.created" value="1997-06-19"/>
<dc element="dc.publisher" value="Reuters Holdings Plc"/>
<dc element="dc.date.published" value="1997-06-19"/>
<dc element="dc.source" value="Reuters"/>
<dc element="dc.creator.location" value="BUFFALO, New York"/>
<dc element="dc.creator.location.country.name" value="USA"/>
<dc element="dc.source" value="Reuters"/>
</metadata>
</newsitem>
