<?xml version="1.0" encoding="iso-8859-1" ?>
<newsitem itemid="763302" id="root" date="1997-07-29" xml:lang="en">
<title>USA: KCBT HRW wheat called one-two cents higher.</title>
<headline>KCBT HRW wheat called one-two cents higher.</headline>
<dateline>KANSAS CITY, Mo. 1997-07-29</dateline>
<text>
<p>KCBT hard red winter wheat futures were called one to two cents per bushel higher on an anticipated wheat sale to Pakistan and spillover support from expected gains in CBOT soybean futures, traders said.</p>
<p>Results of Pakistan's tender for 500,000 tonnes of wheat were expected Tuesday morning. U.S. exporters said 225,000 to 250,000 tonnes could be U.S. wheat and the balance from Australia and Canada.</p>
<p>Hedge selling may limit gains in KCBT wheat, they said. Cash wheat sales increased this week ahead of expiration of 30-day free storage deals.</p>
<p>((Chicago newsdesk 312-408-8720))</p>
</text>
<copyright>(c) Reuters Limited 1997</copyright>
<metadata>
<codes class="bip:countries:1.0">
  <code code="USA">
    <editdetail attribution="Reuters BIP Coding Group" action="confirmed" date="1997-07-29"/>
  </code>
</codes>
<codes class="bip:topics:1.0">
  <code code="M14">
    <editdetail attribution="Reuters BIP Coding Group" action="confirmed" date="1997-07-29"/>
  </code>
  <code code="M141">
    <editdetail attribution="Reuters BIP Coding Group" action="confirmed" date="1997-07-29"/>
  </code>
  <code code="MCAT">
    <editdetail attribution="Reuters BIP Coding Group" action="confirmed" date="1997-07-29"/>
  </code>
</codes>
<dc element="dc.date.created" value="1997-07-29"/>
<dc element="dc.publisher" value="Reuters Holdings Plc"/>
<dc element="dc.date.published" value="1997-07-29"/>
<dc element="dc.source" value="Reuters"/>
<dc element="dc.creator.location" value="KANSAS CITY, Mo."/>
<dc element="dc.creator.location.country.name" value="USA"/>
<dc element="dc.source" value="Reuters"/>
</metadata>
</newsitem>
