<?xml version="1.0" encoding="iso-8859-1" ?>
<newsitem itemid="276969" id="root" date="1996-12-26" xml:lang="en">
<title>CHINA: FORECAST-China 97 economic growth seen at 10.5 pct.</title>
<headline>FORECAST-China 97 economic growth seen at 10.5 pct.</headline>
<dateline>BEIJING 1996-12-26</dateline>
<text>
<p>China's economy is expected to grow 10.5 percent in 1997, with inflation kept under six percent, the China Daily on Thursday quoted an official thinktank as saying.</p>
<p>Economists and experts at a seminar in Beijing had generally agreed with the forecasts by the Institute of Economy, a research body under the State Planning Commission, the newspaper said.</p>
<p>Abundant commodity stockpiles and high foreign exchange reserves would help to keep inflation down while reform of China's lumbering state-owned enterprises was expected to bolster economic growth, it said.</p>
<p>The People's Bank of China, the central bank, has predicted that Beijing's tough tight-credit policy will cool 1996 economic growth to under 10 percent.</p>
<p>Official forecasts say inflation in 1996 will be about 6.5 percent, down from last year's 14.8 percent and 1994's communist-era high of 21.7 percent.</p>
</text>
<copyright>(c) Reuters Limited 1996</copyright>
<metadata>
<codes class="bip:countries:1.0">
  <code code="CHINA">
    <editdetail attribution="Reuters BIP Coding Group" action="confirmed" date="1996-12-26"/>
  </code>
</codes>
<codes class="bip:topics:1.0">
  <code code="E11">
    <editdetail attribution="Reuters BIP Coding Group" action="confirmed" date="1996-12-26"/>
  </code>
  <code code="E13">
    <editdetail attribution="Reuters BIP Coding Group" action="confirmed" date="1996-12-26"/>
  </code>
  <code code="E131">
    <editdetail attribution="Reuters BIP Coding Group" action="confirmed" date="1996-12-26"/>
  </code>
  <code code="ECAT">
    <editdetail attribution="Reuters BIP Coding Group" action="confirmed" date="1996-12-26"/>
  </code>
</codes>
<dc element="dc.date.created" value="1996-12-26"/>
<dc element="dc.publisher" value="Reuters Holdings Plc"/>
<dc element="dc.date.published" value="1996-12-26"/>
<dc element="dc.source" value="Reuters"/>
<dc element="dc.creator.location" value="BEIJING"/>
<dc element="dc.creator.location.country.name" value="CHINA"/>
<dc element="dc.source" value="Reuters"/>
</metadata>
</newsitem>
