<?xml version="1.0" encoding="iso-8859-1" ?>
<newsitem itemid="667324" id="root" date="1997-06-17" xml:lang="en">
<title>USA: FGIC qualifies eight bond issues for insurance.</title>
<headline>FGIC qualifies eight bond issues for insurance.</headline>
<dateline>NEW YORK 1997-06-17</dateline>
<text>
<p>Financial Guaranty Insurance Co. said on Tuesday that it qualified for bond insurance the following eight municipal bond issues scheduled for competitive sale today.</p>
<p>--Alum Rock Elem SD, Calif., $12 million general obligations.</p>
<p>--Wichita, Kan., $64.93 million water &amp; sewer revs.</p>
<p>--Lees Summit, Mo., $12 million GO improvement.</p>
<p>--Brewster CSD, N.Y., $9.6 million school district bonds.</p>
<p>--Evans-Brant CSD, N.Y., $6.866 million school district bonds.</p>
<p>--Shikellamy SD, Pa., $4.995 million GOs.</p>
<p>--Williamson County, Texas, $15 million road bonds.</p>
<p>--U.S. Municipal Desk, 212-859-1650</p>
</text>
<copyright>(c) Reuters Limited 1997</copyright>
<metadata>
<codes class="bip:countries:1.0">
  <code code="USA">
    <editdetail attribution="Reuters BIP Coding Group" action="confirmed" date="1997-06-17"/>
  </code>
</codes>
<codes class="bip:topics:1.0">
  <code code="E21">
    <editdetail attribution="Reuters BIP Coding Group" action="confirmed" date="1997-06-17"/>
  </code>
  <code code="E212">
    <editdetail attribution="Reuters BIP Coding Group" action="confirmed" date="1997-06-17"/>
  </code>
  <code code="ECAT">
    <editdetail attribution="Reuters BIP Coding Group" action="confirmed" date="1997-06-17"/>
  </code>
</codes>
<dc element="dc.date.created" value="1997-06-17"/>
<dc element="dc.publisher" value="Reuters Holdings Plc"/>
<dc element="dc.date.published" value="1997-06-17"/>
<dc element="dc.source" value="Reuters"/>
<dc element="dc.creator.location" value="NEW YORK"/>
<dc element="dc.creator.location.country.name" value="USA"/>
<dc element="dc.source" value="Reuters"/>
</metadata>
</newsitem>
