<?xml version="1.0" encoding="iso-8859-1" ?>
<newsitem itemid="730255" id="root" date="1997-07-15" xml:lang="en">
<title>UK: C&amp;W shares at record high, BT off. [CORRECTED 11:21 GMT]</title>
<headline>C&amp;W shares at record high, BT off. [CORRECTED 11:21 GMT]</headline>
<dateline>LONDON 1997-07-15</dateline>
<text>
<p>Shares in Cable and Wireless Plc (corrects company name from &quot;Cable and Wireless Communications Plc&quot;) rose to an all-time best on Tuesday, after Hong Kong Telecom powered higher overnight, dealers said.</p>
<p>British Telecommunications shares fell on worries over its merger with MCI ahead of BT's annual shareholders meeting on Wednesday, they said.</p>
<p>At 0953 GMT, C&amp;W shares traded 11p higher at 596-1/2p. BT stock fell 6-1/2p to 450p, topping the most active list and bucking the FTSE 100's jump to a record high.</p>
</text>
<copyright>(c) Reuters Limited 1997</copyright>
<metadata>
<codes class="bip:countries:1.0">
  <code code="UK">
    <editdetail attribution="Reuters BIP Coding Group" action="confirmed" date="1997-07-15"/>
  </code>
</codes>
<codes class="bip:industries:1.0">
  <code code="I79020">
    <editdetail attribution="Reuters BIP Coding Group" action="confirmed" date="1997-07-15"/>
  </code>
</codes>
<codes class="bip:topics:1.0">
  <code code="C15">
    <editdetail attribution="Reuters BIP Coding Group" action="confirmed" date="1997-07-15"/>
  </code>
  <code code="C152">
    <editdetail attribution="Reuters BIP Coding Group" action="confirmed" date="1997-07-15"/>
  </code>
  <code code="CCAT">
    <editdetail attribution="Reuters BIP Coding Group" action="confirmed" date="1997-07-15"/>
  </code>
</codes>
<dc element="dc.date.created" value="1997-07-15"/>
<dc element="dc.publisher" value="Reuters Holdings Plc"/>
<dc element="dc.date.published" value="1997-07-15"/>
<dc element="dc.source" value="Reuters"/>
<dc element="dc.creator.location" value="LONDON"/>
<dc element="dc.creator.location.country.name" value="UK"/>
<dc element="dc.source" value="Reuters"/>
</metadata>
</newsitem>
