<?xml version="1.0" encoding="iso-8859-1" ?>
<newsitem itemid="93545" id="root" date="1996-10-03" xml:lang="en">
<title>RUSSIA: Rouble lower at 5,413 per dlr in Moscow.</title>
<headline>Rouble lower at 5,413 per dlr in Moscow.</headline>
<dateline>MOSCOW 1996-10-03</dateline>
<text>
<p>The rouble eased to 5,413 to the dollar on the Moscow Interbank Currency Exchange (MICEX) from 5,410 on Wednesday. Dealers said the central bank sold $1.54 million to close trading.</p>
<p>					  Oct 3		   Oct 2</p>
<p> Dollar rate			  5,413		   5,410</p>
<p> Volume traded (million $)	13.09		   33.70</p>
<p>--Moscow Newsroom, +7095 941 8520</p>
</text>
<copyright>(c) Reuters Limited 1996</copyright>
<metadata>
<codes class="bip:countries:1.0">
  <code code="RUSS">
    <editdetail attribution="Reuters BIP Coding Group" action="confirmed" date="1996-10-03"/>
  </code>
</codes>
<codes class="bip:topics:1.0">
  <code code="M13">
    <editdetail attribution="Reuters BIP Coding Group" action="confirmed" date="1996-10-03"/>
  </code>
  <code code="M132">
    <editdetail attribution="Reuters BIP Coding Group" action="confirmed" date="1996-10-03"/>
  </code>
  <code code="MCAT">
    <editdetail attribution="Reuters BIP Coding Group" action="confirmed" date="1996-10-03"/>
  </code>
</codes>
<dc element="dc.date.created" value="1996-10-03"/>
<dc element="dc.publisher" value="Reuters Holdings Plc"/>
<dc element="dc.date.published" value="1996-10-03"/>
<dc element="dc.source" value="Reuters"/>
<dc element="dc.creator.location" value="MOSCOW"/>
<dc element="dc.creator.location.country.name" value="RUSSIA"/>
<dc element="dc.source" value="Reuters"/>
</metadata>
</newsitem>
