<?xml version="1.0" encoding="iso-8859-1" ?>
<newsitem itemid="512286" id="root" date="1997-04-16" xml:lang="en">
<title>USA: SAF T LOK 1996 full year results.</title>
<headline>SAF T LOK 1996 full year results.</headline>
<dateline>TEQUESTA, Fla. 1997-04-16</dateline>
<text>
<p>Year Ended</p>
<p>								December 31,</p>
<p>							1997	1996</p>
<p>Revenues (A)				  $57,349		$0</p>
<p>Loss from Continuing Operations    (2,841,716)		0</p>
<p>Loss from Discontinued Operations    (433,626)   (1,260,240)</p>
<p>Net Loss				  $ 3,275,342   $(1,260,240)</p>
<p>Per share:</p>
<p>Loss from Continuing Operation	    $(.54)		0</p>
<p>Loss from Discontinued Operations	  (.08)	   (.36)</p>
<p>Net Loss					  $(.62)	  $(.36)</p>
<p>Weighted Average Shares Outstanding 5,243,936     3,508,799</p>
<p>Note: Full company name is SAF T LOK Inc.</p>
<p>(A)  Excludes sales from discontinued video editing operation.</p>
<p>((-- New York Newsdesk 212 859-1610))</p>
</text>
<copyright>(c) Reuters Limited 1997</copyright>
<metadata>
<codes class="bip:countries:1.0">
  <code code="USA">
    <editdetail attribution="Reuters BIP Coding Group" action="confirmed" date="1997-04-16"/>
  </code>
</codes>
<codes class="bip:industries:1.0">
  <code code="I33020">
    <editdetail attribution="Reuters BIP Coding Group" action="confirmed" date="1997-04-16"/>
  </code>
  <code code="I3302004">
    <editdetail attribution="Reuters BIP Coding Group" action="confirmed" date="1997-04-16"/>
  </code>
</codes>
<codes class="bip:topics:1.0">
  <code code="C15">
    <editdetail attribution="Reuters BIP Coding Group" action="confirmed" date="1997-04-16"/>
  </code>
  <code code="C151">
    <editdetail attribution="Reuters BIP Coding Group" action="confirmed" date="1997-04-16"/>
  </code>
  <code code="C1511">
    <editdetail attribution="Reuters BIP Coding Group" action="confirmed" date="1997-04-16"/>
  </code>
  <code code="CCAT">
    <editdetail attribution="Reuters BIP Coding Group" action="confirmed" date="1997-04-16"/>
  </code>
</codes>
<dc element="dc.date.created" value="1997-04-16"/>
<dc element="dc.publisher" value="Reuters Holdings Plc"/>
<dc element="dc.date.published" value="1997-04-16"/>
<dc element="dc.source" value="Reuters"/>
<dc element="dc.creator.location" value="TEQUESTA, Fla."/>
<dc element="dc.creator.location.country.name" value="USA"/>
<dc element="dc.source" value="Reuters"/>
</metadata>
</newsitem>
