<?xml version="1.0" encoding="iso-8859-1" ?>
<newsitem itemid="135839" id="root" date="1996-10-23" xml:lang="en">
<title>USA: RESEARCH ALERT - RAKS Electronik started.</title>
<headline>RESEARCH ALERT - RAKS Electronik started.</headline>
<text>
<p>-- Caspian Securities said it started coverage of Turkey's RAKS Electronik A.S. on Wednesday with a buy rating at a price of $0.25 a share.</p>
<p>-- Analyst Murat Bahcivanoglu set a 12-month price target of $0.31 a share.</p>
<p>-- &quot;RAKS' shares represent an attractively valued play for investors who seek exposure to Turkey&quot; in part because of the prospect of strong volume growth during the next three years and high production efficiency, he wrote.</p>
<p>-- Ian Simpson, Wall Street desk, (212) 859-1879</p>
</text>
<copyright>(c) Reuters Limited 1996</copyright>
<metadata>
<codes class="bip:countries:1.0">
  <code code="TURK">
    <editdetail attribution="Reuters BIP Coding Group" action="confirmed" date="1996-10-23"/>
  </code>
  <code code="USA">
    <editdetail attribution="Reuters BIP Coding Group" action="confirmed" date="1996-10-23"/>
  </code>
</codes>
<codes class="bip:industries:1.0">
  <code code="I34600">
    <editdetail attribution="Reuters BIP Coding Group" action="confirmed" date="1996-10-23"/>
  </code>
</codes>
<codes class="bip:topics:1.0">
  <code code="C15">
    <editdetail attribution="Reuters BIP Coding Group" action="confirmed" date="1996-10-23"/>
  </code>
  <code code="C152">
    <editdetail attribution="Reuters BIP Coding Group" action="confirmed" date="1996-10-23"/>
  </code>
  <code code="CCAT">
    <editdetail attribution="Reuters BIP Coding Group" action="confirmed" date="1996-10-23"/>
  </code>
</codes>
<dc element="dc.publisher" value="Reuters Holdings Plc"/>
<dc element="dc.date.published" value="1996-10-23"/>
<dc element="dc.source" value="Reuters"/>
<dc element="dc.creator.location.country.name" value="USA"/>
<dc element="dc.source" value="Reuters"/>
</metadata>
</newsitem>
