<?xml version="1.0" encoding="iso-8859-1" ?>
<newsitem itemid="100092" id="root" date="1996-10-07" xml:lang="en">
<title>USA: White House mulling oil/gas pipeline safety bill.</title>
<headline>White House mulling oil/gas pipeline safety bill.</headline>
<dateline>WASHINGTON 1996-10-07</dateline>
<text>
<p>The Clinton administration is weighing whether to sign an oil and natural gas pipeline regulation bill that a several House Democrats blasted as a &quot;pipeline deregulation bill.&quot;</p>
<p>The White House has not decided on the legislation, but is to act on it by October 14, an administration official said.</p>
<p>Democratic Reps. John Dingell of Michigan, Frank Pallone of New Jersey, Edward Markey of Massachusetts, Henry Waxman of California and George Miller of California in a letter urged President Clinton to veto the bill. &quot;This bill, drafted with far more input from industry than from House Democrats, allows pipeline operators to decide for themselves which safety precautions to take and which to ignore, while making it more difficult for federal regulators to promulgate safety requirements,&quot; the congressmen said in a letter.</p>
<p>But the Transportation Department's Office of Pipeline Safety endorsed the bill, which the Senate passed unanimously and the House passed 276-125.</p>
<p>The bill requires regulators to make more use of cost-assessment studies and risk analyses in setting new rules.</p>
</text>
<copyright>(c) Reuters Limited 1996</copyright>
<metadata>
<codes class="bip:countries:1.0">
  <code code="USA">
    <editdetail attribution="Reuters BIP Coding Group" action="confirmed" date="1996-10-07"/>
  </code>
</codes>
<codes class="bip:industries:1.0">
  <code code="I13000">
    <editdetail attribution="Reuters BIP Coding Group" action="confirmed" date="1996-10-07"/>
  </code>
</codes>
<codes class="bip:topics:1.0">
  <code code="C13">
    <editdetail attribution="Reuters BIP Coding Group" action="confirmed" date="1996-10-07"/>
  </code>
  <code code="CCAT">
    <editdetail attribution="Reuters BIP Coding Group" action="confirmed" date="1996-10-07"/>
  </code>
</codes>
<dc element="dc.date.created" value="1996-10-07"/>
<dc element="dc.publisher" value="Reuters Holdings Plc"/>
<dc element="dc.date.published" value="1996-10-07"/>
<dc element="dc.source" value="Reuters"/>
<dc element="dc.creator.location" value="WASHINGTON"/>
<dc element="dc.creator.location.country.name" value="USA"/>
<dc element="dc.source" value="Reuters"/>
</metadata>
</newsitem>
