<?xml version="1.0" encoding="iso-8859-1" ?>
<newsitem itemid="238825" id="root" date="1996-12-05" xml:lang="en">
<title>MALAYSIA: Malaysia Mining explains Bakun pullout.</title>
<headline>Malaysia Mining explains Bakun pullout.</headline>
<dateline>KUALA LUMPUR 1996-12-05</dateline>
<text>
<p>Malaysia Mining Corp Bhd (MMC) said on Wednesday it had pulled out of the Bakun hydroelectric dam project in order to channel its resources into another infrastructure project.</p>
<p>&quot;MMC feels that instead of taking up the five percent, it is best to utilise the resources for the impending implementation of (the) East Coast Highway that will need a lot of cap ital,&quot; said MMC in a statement to the Kuala Lumpur Stock Exchange.</p>
<p>Deputy Prime Minister Anwar Ibrahim said on Tuesday MMC's five percent stake in the dam holding company had been taken over by the government's investment arm Khazanah Holdings Bhd.</p>
<p>The $5.5 billion dollar Bakun dam is being developed in Sarawak state on the island of Borneo.</p>
<p>Anwar had told reporters on Tuesday that one reason for MMC's pullout was that it was unable to gain more say in the management of the project.</p>
<p>MMC was among the first companies to be involved in the dam project in 1990, the company said in its statement.  </p>
<p>In November, the government had said that all future highway projects would be privatised. Works Minister S. Samy Vellu said that more than 100 proposals had been submitted to the government by private companies to undertake such projects.</p>
<p>The total cost of road works in the country to 2000 is estimated at 26 billion ringgit, said Samy Vellu.</p>
<p>-- Kuala Lumpur newsroom (603-230 8911)</p>
</text>
<copyright>(c) Reuters Limited 1996</copyright>
<metadata>
<codes class="bip:countries:1.0">
  <code code="MALAY">
    <editdetail attribution="Reuters BIP Coding Group" action="confirmed" date="1996-12-05"/>
  </code>
</codes>
<codes class="bip:industries:1.0">
  <code code="I21000">
    <editdetail attribution="Reuters BIP Coding Group" action="confirmed" date="1996-12-05"/>
  </code>
  <code code="I22471">
    <editdetail attribution="Reuters BIP Coding Group" action="confirmed" date="1996-12-05"/>
  </code>
  <code code="I83960">
    <editdetail attribution="Reuters BIP Coding Group" action="confirmed" date="1996-12-05"/>
  </code>
</codes>
<codes class="bip:topics:1.0">
  <code code="C11">
    <editdetail attribution="Reuters BIP Coding Group" action="confirmed" date="1996-12-05"/>
  </code>
  <code code="C21">
    <editdetail attribution="Reuters BIP Coding Group" action="confirmed" date="1996-12-05"/>
  </code>
  <code code="C24">
    <editdetail attribution="Reuters BIP Coding Group" action="confirmed" date="1996-12-05"/>
  </code>
  <code code="CCAT">
    <editdetail attribution="Reuters BIP Coding Group" action="confirmed" date="1996-12-05"/>
  </code>
</codes>
<dc element="dc.date.created" value="1996-12-05"/>
<dc element="dc.publisher" value="Reuters Holdings Plc"/>
<dc element="dc.date.published" value="1996-12-05"/>
<dc element="dc.source" value="Reuters"/>
<dc element="dc.creator.location" value="KUALA LUMPUR"/>
<dc element="dc.creator.location.country.name" value="MALAYSIA"/>
<dc element="dc.source" value="Reuters"/>
</metadata>
</newsitem>
