<?xml version="1.0" encoding="iso-8859-1" ?>
<newsitem itemid="298597" id="root" date="1997-01-10" xml:lang="en">
<title>FRANCE: SOCCER-WORLD CUP TICKET SALES REACH 900,000 IN SIX WEEKS.</title>
<headline>SOCCER-WORLD CUP TICKET SALES REACH 900,000 IN SIX WEEKS.</headline>
<dateline>PARIS 1997-01-10</dateline>
<text>
<p>Some 900,000 tickets for the 1998 World Cup soccer finals have been snapped up since they went on sale to the public six weeks ago, organisers said on Friday.</p>
<p>&quot;It is extremely satisfactory and promising. It shows that the formula we chose was good,&quot; Jacques Lambert, general director of the organising commitee (CFO), told the sports daily l'Equipe.</p>
<p>French Soccer Federation licence holders took up 335,000 tickets and sponsors bought 170,000 more before the tickets went on sale to the public on November 27.</p>
<p>In all, 1.5 million tickets will be available in France. A further one million are going to soccer's world governing body FIFA and to tour operators for sale in the countries which qualify for the finals.</p>
</text>
<copyright>(c) Reuters Limited 1997</copyright>
<metadata>
<codes class="bip:countries:1.0">
  <code code="FRA">
    <editdetail attribution="Reuters BIP Coding Group" action="confirmed" date="1997-01-10"/>
  </code>
</codes>
<codes class="bip:topics:1.0">
  <code code="GCAT">
    <editdetail attribution="Reuters BIP Coding Group" action="confirmed" date="1997-01-10"/>
  </code>
  <code code="GSPO">
    <editdetail attribution="Reuters BIP Coding Group" action="confirmed" date="1997-01-10"/>
  </code>
</codes>
<dc element="dc.date.created" value="1997-01-10"/>
<dc element="dc.publisher" value="Reuters Holdings Plc"/>
<dc element="dc.date.published" value="1997-01-10"/>
<dc element="dc.source" value="Reuters"/>
<dc element="dc.creator.location" value="PARIS"/>
<dc element="dc.creator.location.country.name" value="FRANCE"/>
<dc element="dc.source" value="Reuters"/>
</metadata>
</newsitem>
