<?xml version="1.0" encoding="iso-8859-1" ?>
<newsitem itemid="25486" id="root" date="1996-08-30" xml:lang="en">
<title>JAPAN: BOJ governor's next scheduled briefing on Sept 18.</title>
<headline>BOJ governor's next scheduled briefing on Sept 18.</headline>
<dateline>TOKYO 1996-08-30</dateline>
<text>
<p>The Bank of Japan (BOJ) said on Friday that the next scheduled news conference of its governor, Yasuo Matsushita, will be at 3 p.m. (0600 GMT) on September 18.</p>
<p>Financial market operators are awaiting comments by Matsushita on BOJ monetary policy after the release on Wednesday of the central bank's key short-term corporate survey, or &quot;tankan&quot;, for August.</p>
<p>The tankan showed the business outlook among major manufacturers had worsened since the previous survey in May.</p>
<p>Matsushita has said Japan's economy has been recovering gradually and that the BOJ's policy is aimed at ensuring a basis for recovery.</p>
<p>The central back has kept its official discount rate at a record low 0.5 percent since September last year.</p>
</text>
<copyright>(c) Reuters Limited 1996</copyright>
<metadata>
<codes class="bip:countries:1.0">
  <code code="JAP">
    <editdetail attribution="Reuters BIP Coding Group" action="confirmed" date="1996-08-30"/>
  </code>
</codes>
<codes class="bip:topics:1.0">
  <code code="E12">
    <editdetail attribution="Reuters BIP Coding Group" action="confirmed" date="1996-08-30"/>
  </code>
  <code code="ECAT">
    <editdetail attribution="Reuters BIP Coding Group" action="confirmed" date="1996-08-30"/>
  </code>
</codes>
<dc element="dc.date.created" value="1996-08-30"/>
<dc element="dc.publisher" value="Reuters Holdings Plc"/>
<dc element="dc.date.published" value="1996-08-30"/>
<dc element="dc.source" value="Reuters"/>
<dc element="dc.creator.location" value="TOKYO"/>
<dc element="dc.creator.location.country.name" value="JAPAN"/>
<dc element="dc.source" value="Reuters"/>
</metadata>
</newsitem>
