<?xml version="1.0" encoding="iso-8859-1" ?>
<newsitem itemid="338518" id="root" date="1997-01-28" xml:lang="en">
<title>USA: Merck q4 shr $0.87 vs $0.70.</title>
<headline>Merck q4 shr $0.87 vs $0.70.</headline>
<dateline>WHITEHOUSE STATION, N.J. 1997-01-28</dateline>
<text>
<p>(In Millions Except Earnings per Common Share)</p>
<p>				  Quarter Ended December 31</p>
<p>										%</p>
<p>						 1996	  1995  Change</p>
<p> Sales				    $5,406.1   $4,556.9     19%</p>
<p> Income Before Taxes		   1,470.0    1,212.9     21%</p>
<p> Taxes on Income			   426.5	355.1</p>
<p> Net Income				1,043.5	857.8     22%</p>
<p> Earnings per Common Share		0.87	 0.70     24%</p>
<p> Average Shares Outstanding	  1,205.7    1,230.4</p>
<p>		   (In Millions Except Earnings per Common Share)</p>
<p>				    12 Months Ended December 31</p>
<p>										%</p>
<p>						 1996	 1995   Change</p>
<p> Sales				   $19,828.7  $16,681.1  19%(b)</p>
<p> Income Before Taxes		   5,540.8    4,797.2     16%</p>
<p> Taxes on Income			 1,659.5    1,462.0</p>
<p> Net Income				3,881.3    3,335.2     16%</p>
<p> Earnings per Common Share		3.20	 2.70     19%</p>
<p> Average Shares Outstanding	  1,213.6    1,236.1 (b)</p>
<p>NOTE: Adjusted for the effects of the sales of Kelco in the first quarter of 1995 and Medco Behavioral Care Corp. In the beginning of the fourth quarter of 1995, sales growth was 21%.</p>
<p>-- New York Newsdesk 212 859-1610</p>
</text>
<copyright>(c) Reuters Limited 1997</copyright>
<metadata>
<codes class="bip:countries:1.0">
  <code code="USA">
    <editdetail attribution="Reuters BIP Coding Group" action="confirmed" date="1997-01-28"/>
  </code>
</codes>
<codes class="bip:industries:1.0">
  <code code="I25700">
    <editdetail attribution="Reuters BIP Coding Group" action="confirmed" date="1997-01-28"/>
  </code>
</codes>
<codes class="bip:topics:1.0">
  <code code="C15">
    <editdetail attribution="Reuters BIP Coding Group" action="confirmed" date="1997-01-28"/>
  </code>
  <code code="C151">
    <editdetail attribution="Reuters BIP Coding Group" action="confirmed" date="1997-01-28"/>
  </code>
  <code code="C1511">
    <editdetail attribution="Reuters BIP Coding Group" action="confirmed" date="1997-01-28"/>
  </code>
  <code code="CCAT">
    <editdetail attribution="Reuters BIP Coding Group" action="confirmed" date="1997-01-28"/>
  </code>
</codes>
<dc element="dc.date.created" value="1997-01-28"/>
<dc element="dc.publisher" value="Reuters Holdings Plc"/>
<dc element="dc.date.published" value="1997-01-28"/>
<dc element="dc.source" value="Reuters"/>
<dc element="dc.creator.location" value="WHITEHOUSE STATION, N.J."/>
<dc element="dc.creator.location.country.name" value="USA"/>
<dc element="dc.source" value="Reuters"/>
</metadata>
</newsitem>
