<?xml version="1.0" encoding="iso-8859-1" ?>
<newsitem itemid="739183" id="root" date="1997-07-18" xml:lang="en">
<title>USA: FOB Gulf Grain- Soy and corn nearby offers drop.</title>
<headline>FOB Gulf Grain- Soy and corn nearby offers drop.</headline>
<dateline>CHICAGO 1997-07-18</dateline>
<text>
<p>U.S. FOB Gulf corn and soybean offers dropped in the nearby positions of July and August on Friday while hard red winter wheat values rose, dealers said.</p>
<p>Dealers cited very few farm sales of corn and wheat, and they said export activity was quiet.</p>
<p>FOB values so far showed little reaction to the closure of the mouth of the Mississippi River to commercial shipping traffic on Friday as Hurricane Danny swept across coastal Louisiana, one dealer said.  </p>
<p>CORN (No. 3 yellow, FOB, U.S. Gulf, basis CBOT, cts/bu) -</p>
<p>    --	 Bid	    Chng     Offer	     Chng</p>
<p>July	   unq  + U     unc	+25.5  +  U   dn 1.5</p>
<p>August 1-20  +22  + U  dn 1.5	+26.5  +  U   dn .5</p>
<p>September    +25  + U     unc	+27.5  +  U   dn .5</p>
<p>October	+28  + Z     unc	+31    +  Z     unc</p>
<p>November     +29  + Z     unc	+32    +  Z     unc</p>
<p>-------- -------- Note: U=CBOT Sept, Z=CBOT Dec, nc=no comparison.  </p>
<p>SOYBEANS (No. 2 yellow, FOB, U.S. Gulf, basis CBOT, cts/bu)</p>
<p>    --	 Bid	    Chng     Offer	     Chng</p>
<p>LH July     unq	     nc	+50    +  Q    dn 1</p>
<p>August	unq	     nc	+50    +  Q    dn 1</p>
<p>Sept 1-20   unq	     nc     +177    +  X    dn 3</p>
<p>Sept 11-30  unq	     nc     +165    +  X    up 5</p>
<p>Oct 1-20    unq	     nc	+90    +  X    unc</p>
<p>Oct 16-31   unq	     nc	+60    +  X    up 5</p>
<p>Oct25-Nov15 unq	     nc	+45    +  X    up 1</p>
<p>--- Note: Q=CBOT August, X=CBOT November, nc=no comparison  </p>
<p>SRW WHEAT (FOB, U.S. Gulf, basis CBOT, cts/bu) -</p>
<p>    --	 Bid	    Chng     Offer	     Chng</p>
<p>July	  unq	     nc	+8     +  U    dn 1</p>
<p>August	unq	     nc	+8     +  U    dn 1</p>
<p>September   unq	     nc	+15    +  U    unc</p>
<p>HRW WHEAT (FOB, U.S. Gulf, basis KCBT, cts/bu) - July	  unq	     nc	+40    +  U    up 4</p>
<p>August	unq	     nc	+42    +  U    up 6</p>
<p>September   unq	     nc	+43    +  U    up 5</p>
<p>--- --- Note:  U=September futures.</p>
<p>((Chicago newsdesk 312-408-8720))</p>
</text>
<copyright>(c) Reuters Limited 1997</copyright>
<metadata>
<codes class="bip:countries:1.0">
  <code code="USA">
    <editdetail attribution="Reuters BIP Coding Group" action="confirmed" date="1997-07-18"/>
  </code>
</codes>
<codes class="bip:topics:1.0">
  <code code="M14">
    <editdetail attribution="Reuters BIP Coding Group" action="confirmed" date="1997-07-18"/>
  </code>
  <code code="M141">
    <editdetail attribution="Reuters BIP Coding Group" action="confirmed" date="1997-07-18"/>
  </code>
  <code code="MCAT">
    <editdetail attribution="Reuters BIP Coding Group" action="confirmed" date="1997-07-18"/>
  </code>
</codes>
<dc element="dc.date.created" value="1997-07-18"/>
<dc element="dc.publisher" value="Reuters Holdings Plc"/>
<dc element="dc.date.published" value="1997-07-18"/>
<dc element="dc.source" value="Reuters"/>
<dc element="dc.creator.location" value="CHICAGO"/>
<dc element="dc.creator.location.country.name" value="USA"/>
<dc element="dc.source" value="Reuters"/>
</metadata>
</newsitem>
