<?xml version="1.0" encoding="iso-8859-1" ?>
<newsitem itemid="184295" id="root" date="1996-11-12" xml:lang="en">
<title>INDONESIA: Indonesia urges state firms to be enterpreneurs.</title>
<headline>Indonesia urges state firms to be enterpreneurs.</headline>
<dateline>JAKARTA 1996-11-12</dateline>
<text>
<p>Indonesian Finance Minister Mar'ie Muhammad urged state-owned companies on Tuesday to follow the lead of private firms and act as entrepreneurs.</p>
<p>&quot;The government itself needs to behave as an entrepreneur, so do state-owned companies,&quot; Mar'ie told a meeting attended by officials of state firms.</p>
<p>&quot;Competition has increased. It is important to focus on our customers. We must be customer-oriented at all costs,&quot; he added. &quot;There is a need to redefine the position and the role of state-owned companies. If I may advise, it is the same as the role of private companies.&quot;</p>
<p>Mar'ie said state-owned companies should respond swiftly to customers' needs.</p>
<p>The minister has said the number of state-owned firms had fallen to 178 last year from 183 in 1993.</p>
</text>
<copyright>(c) Reuters Limited 1996</copyright>
<metadata>
<codes class="bip:countries:1.0">
  <code code="INDON">
    <editdetail attribution="Reuters BIP Coding Group" action="confirmed" date="1996-11-12"/>
  </code>
</codes>
<codes class="bip:topics:1.0">
  <code code="E12">
    <editdetail attribution="Reuters BIP Coding Group" action="confirmed" date="1996-11-12"/>
  </code>
  <code code="ECAT">
    <editdetail attribution="Reuters BIP Coding Group" action="confirmed" date="1996-11-12"/>
  </code>
</codes>
<dc element="dc.date.created" value="1996-11-12"/>
<dc element="dc.publisher" value="Reuters Holdings Plc"/>
<dc element="dc.date.published" value="1996-11-12"/>
<dc element="dc.source" value="Reuters"/>
<dc element="dc.creator.location" value="JAKARTA"/>
<dc element="dc.creator.location.country.name" value="INDONESIA"/>
<dc element="dc.source" value="Reuters"/>
</metadata>
</newsitem>
