<?xml version="1.0" encoding="iso-8859-1" ?>
<newsitem itemid="764750" id="root" date="1997-07-29" xml:lang="en">
<title>JAPAN: Nikko Sec can't confirm report on racketeer deals.</title>
<headline>Nikko Sec can't confirm report on racketeer deals.</headline>
<dateline>TOKYO 1997-07-29</dateline>
<text>
<p>Nikko Securities Co Ltd said on Tuesday it could not confirm a newspaper report that it may have done illegal deals for a &quot;sokaiya&quot; racketeer who is a key figure in a high-profile payoff scandal.</p>
<p>The Japanese daily Sankei Shimbun said on Tuesday that racketeer Ryuichi Koike had an account at Nikko which it said was suspected of violating securities and commercial laws by conducting illegal transactions for Koike.</p>
<p>Tokyo prosecutors will soon begin investigating Nikko and two other big securities houses, Daiwa Securities Co Ltd and Yamaichi Securities Co Ltd, for possible deals for Koike, the paper said.</p>
<p>&quot;We have not confirmed anything reported in the article,&quot; a Nikko spokesman said.</p>
<p>On Monday, Tokyo prosecutors indicted a former chairman of Dai-Ichi Kangyo Bank Ltd (DKB) on suspicion of making illegal loans to Koike.</p>
</text>
<copyright>(c) Reuters Limited 1997</copyright>
<metadata>
<codes class="bip:countries:1.0">
  <code code="JAP">
    <editdetail attribution="Reuters BIP Coding Group" action="confirmed" date="1997-07-29"/>
  </code>
</codes>
<codes class="bip:industries:1.0">
  <code code="I81402">
    <editdetail attribution="Reuters BIP Coding Group" action="confirmed" date="1997-07-29"/>
  </code>
  <code code="I83100">
    <editdetail attribution="Reuters BIP Coding Group" action="confirmed" date="1997-07-29"/>
  </code>
</codes>
<codes class="bip:topics:1.0">
  <code code="C12">
    <editdetail attribution="Reuters BIP Coding Group" action="confirmed" date="1997-07-29"/>
  </code>
  <code code="C13">
    <editdetail attribution="Reuters BIP Coding Group" action="confirmed" date="1997-07-29"/>
  </code>
  <code code="CCAT">
    <editdetail attribution="Reuters BIP Coding Group" action="confirmed" date="1997-07-29"/>
  </code>
  <code code="GCAT">
    <editdetail attribution="Reuters BIP Coding Group" action="confirmed" date="1997-07-29"/>
  </code>
  <code code="GCRIM">
    <editdetail attribution="Reuters BIP Coding Group" action="confirmed" date="1997-07-29"/>
  </code>
</codes>
<dc element="dc.date.created" value="1997-07-29"/>
<dc element="dc.publisher" value="Reuters Holdings Plc"/>
<dc element="dc.date.published" value="1997-07-29"/>
<dc element="dc.source" value="Reuters"/>
<dc element="dc.creator.location" value="TOKYO"/>
<dc element="dc.creator.location.country.name" value="JAPAN"/>
<dc element="dc.source" value="Reuters"/>
</metadata>
</newsitem>
