<?xml version="1.0" encoding="iso-8859-1" ?>
<newsitem itemid="643273" id="root" date="1997-06-06" xml:lang="en">
<title>USA: Reuters 30-day muni supply rises to $8.821 bln.</title>
<headline>Reuters 30-day muni supply rises to $8.821 bln.</headline>
<dateline>NEW YORK 1997-06-06</dateline>
<text>
<p>Reuters said Friday it calculated its 30-day visible supply of upcoming municipal bond sales at $8.821 billion, up $3.8 billion from Thursday.</p>
<p>Negotiated sales total $6.243 billion in 86 issues and competitive bond sales total $2.578 billion in 164 issues.</p>
<p>Reuters visible supply counts all deals underwriters have either scheduled for sale in the next 30 business days, or have said they tentatively plan to price during the period.</p>
<p>The supply figure is based on sales data compiled by Reuters Municipal Bond Information Group and uses municipal securities with maturities 13 months or longer. All bond deals $1 million or larger are included.</p>
<p>--U.S. Municipal Desk, 212-859-1650</p>
</text>
<copyright>(c) Reuters Limited 1997</copyright>
<metadata>
<codes class="bip:countries:1.0">
  <code code="USA">
    <editdetail attribution="Reuters BIP Coding Group" action="confirmed" date="1997-06-06"/>
  </code>
</codes>
<codes class="bip:topics:1.0">
  <code code="M12">
    <editdetail attribution="Reuters BIP Coding Group" action="confirmed" date="1997-06-06"/>
  </code>
  <code code="MCAT">
    <editdetail attribution="Reuters BIP Coding Group" action="confirmed" date="1997-06-06"/>
  </code>
</codes>
<dc element="dc.date.created" value="1997-06-06"/>
<dc element="dc.publisher" value="Reuters Holdings Plc"/>
<dc element="dc.date.published" value="1997-06-06"/>
<dc element="dc.source" value="Reuters"/>
<dc element="dc.creator.location" value="NEW YORK"/>
<dc element="dc.creator.location.country.name" value="USA"/>
<dc element="dc.source" value="Reuters"/>
</metadata>
</newsitem>
