<?xml version="1.0" encoding="iso-8859-1" ?>
<newsitem itemid="93518" id="root" date="1996-10-03" xml:lang="en">
<title>CZECH REPUBLIC: Czech CNB fixes crown +2.62 pct vs mark/USD basket.</title>
<headline>Czech CNB fixes crown +2.62 pct vs mark/USD basket.</headline>
<dateline>PRAGUE 1996-10-03</dateline>
<text>
<p>The Czech National Bank (CNB) fixed the crown on Thursday at 27.138 to the dollar after Wednesday's fixing at 27.026, and at 17.713 to the mark from 17.730.</p>
<p>The above rates imply a deviation from the midpoint of the central bank's mark/dollar basket of +2.62 percent, after a deviation of +2.70 on Wednesday.</p>
<p>During the minute at which the central bank calculated today's fixing, the crown was trading on the interbank market at +2.62 percent.</p>
<p>The crown fixing is announced daily at about 1140 CET (0940 GMT), and is within plus/minus 7.5 percent of the mark/dollar basket midpoint calculated between 11:30:00 and 11:30:59 CET.</p>
<p>-- Prague Newsroom, 42-2-2423-0003</p>
</text>
<copyright>(c) Reuters Limited 1996</copyright>
<metadata>
<codes class="bip:countries:1.0">
  <code code="CZREP">
    <editdetail attribution="Reuters BIP Coding Group" action="confirmed" date="1996-10-03"/>
  </code>
</codes>
<codes class="bip:topics:1.0">
  <code code="M13">
    <editdetail attribution="Reuters BIP Coding Group" action="confirmed" date="1996-10-03"/>
  </code>
  <code code="M132">
    <editdetail attribution="Reuters BIP Coding Group" action="confirmed" date="1996-10-03"/>
  </code>
  <code code="MCAT">
    <editdetail attribution="Reuters BIP Coding Group" action="confirmed" date="1996-10-03"/>
  </code>
</codes>
<dc element="dc.date.created" value="1996-10-03"/>
<dc element="dc.publisher" value="Reuters Holdings Plc"/>
<dc element="dc.date.published" value="1996-10-03"/>
<dc element="dc.source" value="Reuters"/>
<dc element="dc.creator.location" value="PRAGUE"/>
<dc element="dc.creator.location.country.name" value="CZECH REPUBLIC"/>
<dc element="dc.source" value="Reuters"/>
</metadata>
</newsitem>
