<?xml version="1.0" encoding="iso-8859-1" ?>
<newsitem itemid="182574" id="root" date="1996-11-12" xml:lang="en">
<title>USA: Asia Pulp &amp; Paper at 10-5/8 in New York.</title>
<headline>Asia Pulp &amp; Paper at 10-5/8 in New York.</headline>
<dateline>NEW YORK 1996-11-12</dateline>
<text>
<p>Asian Pulp &amp; Paper closed at 10-5/8 in New York on Tuesday. It recorded the day's low of 10-3/8 and the day's high of 10-5/8.</p>
<p>Volume was 13,300 American Depository Shares. Block volume was nil. Its previous close on Monday was 10-3/8.</p>
<p>One ADS represents four common shares.</p>
<p>-- Jakarta newsroom (Tel: 6221-3846364).</p>
</text>
<copyright>(c) Reuters Limited 1996</copyright>
<metadata>
<codes class="bip:countries:1.0">
  <code code="USA">
    <editdetail attribution="Reuters BIP Coding Group" action="confirmed" date="1996-11-12"/>
  </code>
</codes>
<codes class="bip:industries:1.0">
  <code code="I47100">
    <editdetail attribution="Reuters BIP Coding Group" action="confirmed" date="1996-11-12"/>
  </code>
</codes>
<codes class="bip:topics:1.0">
  <code code="C15">
    <editdetail attribution="Reuters BIP Coding Group" action="confirmed" date="1996-11-12"/>
  </code>
  <code code="C152">
    <editdetail attribution="Reuters BIP Coding Group" action="confirmed" date="1996-11-12"/>
  </code>
  <code code="CCAT">
    <editdetail attribution="Reuters BIP Coding Group" action="confirmed" date="1996-11-12"/>
  </code>
</codes>
<dc element="dc.date.created" value="1996-11-12"/>
<dc element="dc.publisher" value="Reuters Holdings Plc"/>
<dc element="dc.date.published" value="1996-11-12"/>
<dc element="dc.source" value="Reuters"/>
<dc element="dc.creator.location" value="NEW YORK"/>
<dc element="dc.creator.location.country.name" value="USA"/>
<dc element="dc.source" value="Reuters"/>
</metadata>
</newsitem>
