<?xml version="1.0" encoding="iso-8859-1" ?>
<newsitem itemid="800997" id="root" date="1997-08-14" xml:lang="en">
<title>MALAYSIA: PRESS DIGEST - MALAYSIA - AUG 14.</title>
<headline>PRESS DIGEST - MALAYSIA - AUG 14.</headline>
<text>
<p>Following are the main stories in today's Malaysian newspapers. Reuters has not verified these stories and does not vouch for their accuracy.</p>
<p>NEW STRAITS TIMES</p>
<p>-- Malaysia offers to help Indonesia put out forest fires in Sumatra island. The fires are blamed for a haze surrounding most of Peninsular Malaysia and causing air pollution problems</p>
<p>-- Privatisation of state agency to help ethnic Malays, Mara Holdings Bhd, has been awarded to a consortium led by Nadzmi Mohd Salleh, former managing director of Proton, the national car maker.</p>
<p>THE STAR</p>
<p>-- Malaysia will amend the land code to make high-rise apartment owners to get title for the property easily.</p>
<p>-- Government may tax speculators in a move to curb volatility in the Malaysian ringgit, Prime Minister Mahathir Mohamad said.</p>
<p>BUSINESS TIMES</p>
<p>-- The Kuala Lumpur Stock Exchange is at a price-to-earnings ratio of 15 times, which is very attractive to buy, KLSE president Salleh Abdul Majid said.</p>
<p>-- The newly launched Multimedia Super Corridor zone for high technology companies will contribute up to $25 billion in the first five years to the nation's economy</p>
<p>-- About 50 percent of the total industrial investment of over 85 billion ringgit in Malaysia's economy in the 1985-96 period was contributed by foreigners, the Malaysian Industrial Development Authority Zainal Abidin Sulong said.</p>
<p>-- Kuala Lumpur newsroom 603-201 4813; Fax - 603-232 6752</p>
<p>-- E-mail: kuala.lumpur.newsroom@reuters.com</p>
</text>
<copyright>(c) Reuters Limited 1997</copyright>
<metadata>
<codes class="bip:countries:1.0">
  <code code="MALAY">
    <editdetail attribution="Reuters BIP Coding Group" action="confirmed" date="1997-08-14"/>
  </code>
</codes>
<codes class="bip:topics:1.0">
  <code code="GCAT">
    <editdetail attribution="Reuters BIP Coding Group" action="confirmed" date="1997-08-14"/>
  </code>
</codes>
<dc element="dc.publisher" value="Reuters Holdings Plc"/>
<dc element="dc.date.published" value="1997-08-14"/>
<dc element="dc.source" value="Reuters"/>
<dc element="dc.creator.location.country.name" value="MALAYSIA"/>
<dc element="dc.source" value="Reuters"/>
</metadata>
</newsitem>
