<?xml version="1.0" encoding="iso-8859-1" ?>
<newsitem itemid="142413" id="root" date="1996-10-24" xml:lang="en">
<title>SWITZERLAND: Holderbank gets 20 pct stake in Egypt's ECC.</title>
<headline>Holderbank gets 20 pct stake in Egypt's ECC.</headline>
<dateline>GLARIS, Switzerland 1996-10-24</dateline>
<text>
<p>Holderbank Financiere Glaris Ltd said it was acquiring a 20 percent stake in Cairo-based  Egyptian Cement Co (ECC) for 57.5 Egyptian pounds. The shares have a par value of 50 million pounds.</p>
<p>&quot;Holderbank will fully subscribe all shares of the capital increase in ECC under suspension of preemptive rights of the present shareholders,&quot; it said it a statement, putting ECC's new share capital at 250 million pounds.</p>
<p>It said ECC's major shareholder was the ORASCOM Group, a construction and tourism company with a 40 percent stake.</p>
<p>Holderbank said it was the first international cement group to invest in Egypt.</p>
<p>Holderbank said ECC was building a cement plant with an annual capacity of 2.8 million tonnes between Cairo and Suez. One of the two production lines is scheduled to start operating in 1998.</p>
<p>-- Zurich newsroom +41 1 631 7340</p>
</text>
<copyright>(c) Reuters Limited 1996</copyright>
<metadata>
<codes class="bip:countries:1.0">
  <code code="EGYPT">
    <editdetail attribution="Reuters BIP Coding Group" action="confirmed" date="1996-10-24"/>
  </code>
</codes>
<codes class="bip:industries:1.0">
  <code code="I24200">
    <editdetail attribution="Reuters BIP Coding Group" action="confirmed" date="1996-10-24"/>
  </code>
</codes>
<codes class="bip:topics:1.0">
  <code code="C18">
    <editdetail attribution="Reuters BIP Coding Group" action="confirmed" date="1996-10-24"/>
  </code>
  <code code="C181">
    <editdetail attribution="Reuters BIP Coding Group" action="confirmed" date="1996-10-24"/>
  </code>
  <code code="CCAT">
    <editdetail attribution="Reuters BIP Coding Group" action="confirmed" date="1996-10-24"/>
  </code>
</codes>
<dc element="dc.date.created" value="1996-10-24"/>
<dc element="dc.publisher" value="Reuters Holdings Plc"/>
<dc element="dc.date.published" value="1996-10-24"/>
<dc element="dc.source" value="Reuters"/>
<dc element="dc.creator.location" value="GLARIS, Switzerland"/>
<dc element="dc.creator.location.country.name" value="SWITZERLAND"/>
<dc element="dc.source" value="Reuters"/>
</metadata>
</newsitem>
