<?xml version="1.0" encoding="iso-8859-1" ?>
<newsitem itemid="59666" id="root" date="1996-09-17" xml:lang="en">
<title>UK: Boutros-Ghali pledges to fight for second term.</title>
<headline>Boutros-Ghali pledges to fight for second term.</headline>
<dateline>LONDON 1996-09-17</dateline>
<text>
<p>United Nations Secretary-General Boutros Boutros-Ghali has vowed to defy U.S. resistance and fight to the bitter end for a second term.</p>
<p>&quot;I want to be re-elected to be able to continue the reform,&quot; he said in an interview with Britain's Independent newspaper published on Tuesday.</p>
<p>&quot;I believe that my departure would create more problems for this institution because you need the continuity at this particular period,&quot; he added.</p>
<p>Boutros-Ghali defended his tenure, citing as successes the establishment of peace in El Salvador and Mozambique as well as the adoption of a zero-growth U.N. budget.</p>
<p>He said the U.N. floundered in Bosnia because it was asked to defend safe havens without the 34,000-strong force he had asked for and he blamed the international community for the shortfall.</p>
<p>Boutros-Ghali said many governments had taken their eye off international affairs.</p>
<p>&quot;You find this new provincialism, neo-isolation. The great majority of the member states are not interested in international affairs. This is the real problem we face.&quot;</p>
</text>
<copyright>(c) Reuters Limited 1996</copyright>
<metadata>
<codes class="bip:countries:1.0">
  <code code="UK">
    <editdetail attribution="Reuters BIP Coding Group" action="confirmed" date="1996-09-17"/>
  </code>
  <code code="UN">
    <editdetail attribution="Reuters BIP Coding Group" action="confirmed" date="1996-09-17"/>
  </code>
  <code code="USA">
    <editdetail attribution="Reuters BIP Coding Group" action="confirmed" date="1996-09-17"/>
  </code>
</codes>
<codes class="bip:topics:1.0">
  <code code="GCAT">
    <editdetail attribution="Reuters BIP Coding Group" action="confirmed" date="1996-09-17"/>
  </code>
  <code code="GDIP">
    <editdetail attribution="Reuters BIP Coding Group" action="confirmed" date="1996-09-17"/>
  </code>
</codes>
<dc element="dc.date.created" value="1996-09-17"/>
<dc element="dc.publisher" value="Reuters Holdings Plc"/>
<dc element="dc.date.published" value="1996-09-17"/>
<dc element="dc.source" value="Reuters"/>
<dc element="dc.creator.location" value="LONDON"/>
<dc element="dc.creator.location.country.name" value="UK"/>
<dc element="dc.source" value="Reuters"/>
</metadata>
</newsitem>
