<?xml version="1.0" encoding="iso-8859-1" ?>
<newsitem itemid="261911" id="root" date="1996-12-17" xml:lang="en">
<title>ITALY: EIB expects to maintain heavy lira borrowing in 97.</title>
<headline>EIB expects to maintain heavy lira borrowing in 97.</headline>
<dateline>ROME 1996-12-17</dateline>
<text>
<p>The European Investment Bank (EIB) expects to maintain or even increase its heavy flow of lira borrowing in 1997, EIB chairman Brian Unwin said on Tuesday.</p>
<p>Unwin told a news conference that the EIB operated in 22 different currencies but a quarter of total borrowing in 1996 had been in the Italian lira. This cash was used to help finance Italian projects worth some 7.94 trillion lire.</p>
<p>&quot;Total borrowing to Italy (in 1997) will be the same amount as this year, or maybe even more,&quot; Unwin said.</p>
<p>He said that 40 percent of funding in Italy in 1996 went on energy projects, 20 percent on urban renewal and 25 percent on supporting small and medium-sized companies.</p>
<p>He expected more funding next year to be aimed at transport projects and at the small and medium-sized firms, especially in the south of Italy. -- Rome newsroom +396 6782501</p>
</text>
<copyright>(c) Reuters Limited 1996</copyright>
<metadata>
<codes class="bip:countries:1.0">
  <code code="EEC">
    <editdetail attribution="Reuters BIP Coding Group" action="confirmed" date="1996-12-17"/>
  </code>
  <code code="ITALY">
    <editdetail attribution="Reuters BIP Coding Group" action="confirmed" date="1996-12-17"/>
  </code>
</codes>
<codes class="bip:industries:1.0">
  <code code="I81501">
    <editdetail attribution="Reuters BIP Coding Group" action="confirmed" date="1996-12-17"/>
  </code>
  <code code="I8150106">
    <editdetail attribution="Reuters BIP Coding Group" action="confirmed" date="1996-12-17"/>
  </code>
</codes>
<codes class="bip:topics:1.0">
  <code code="C17">
    <editdetail attribution="Reuters BIP Coding Group" action="confirmed" date="1996-12-17"/>
  </code>
  <code code="CCAT">
    <editdetail attribution="Reuters BIP Coding Group" action="confirmed" date="1996-12-17"/>
  </code>
</codes>
<dc element="dc.date.created" value="1996-12-17"/>
<dc element="dc.publisher" value="Reuters Holdings Plc"/>
<dc element="dc.date.published" value="1996-12-17"/>
<dc element="dc.source" value="Reuters"/>
<dc element="dc.creator.location" value="ROME"/>
<dc element="dc.creator.location.country.name" value="ITALY"/>
<dc element="dc.source" value="Reuters"/>
</metadata>
</newsitem>
