<?xml version="1.0" encoding="iso-8859-1" ?>
<newsitem itemid="624928" id="root" date="1997-05-29" xml:lang="en">
<title>JAPAN: Broadcasting Niigata - 96/97 group results.</title>
<headline>Broadcasting Niigata - 96/97 group results.</headline>
<dateline>TOKYO 1997-05-29</dateline>
<text>
<p>Year to March 31, 1997</p>
<p> (Group)	(in billions of yen unless specified)</p>
<p> Sales		 22.23		vs	   21.23</p>
<p> Operating	    1.42		vs	    1.31</p>
<p> Current		1.36		vs	    1.26</p>
<p> Net		  591    million    vs	  403    million</p>
<p> EPS		   98.61 yen	  vs	   67.20 yen</p>
<p> Diluted EPS	     -		vs		 -</p>
<p>NOTE - Broadcasting System of Niigata Inc is a broadcasting company affiliated to Tokyo Broadcasting System.</p>
</text>
<copyright>(c) Reuters Limited 1997</copyright>
<metadata>
<codes class="bip:countries:1.0">
  <code code="JAP">
    <editdetail attribution="Reuters BIP Coding Group" action="confirmed" date="1997-05-29"/>
  </code>
</codes>
<codes class="bip:industries:1.0">
  <code code="I97400">
    <editdetail attribution="Reuters BIP Coding Group" action="confirmed" date="1997-05-29"/>
  </code>
</codes>
<codes class="bip:topics:1.0">
  <code code="C15">
    <editdetail attribution="Reuters BIP Coding Group" action="confirmed" date="1997-05-29"/>
  </code>
  <code code="C151">
    <editdetail attribution="Reuters BIP Coding Group" action="confirmed" date="1997-05-29"/>
  </code>
  <code code="C1511">
    <editdetail attribution="Reuters BIP Coding Group" action="confirmed" date="1997-05-29"/>
  </code>
  <code code="CCAT">
    <editdetail attribution="Reuters BIP Coding Group" action="confirmed" date="1997-05-29"/>
  </code>
</codes>
<dc element="dc.date.created" value="1997-05-29"/>
<dc element="dc.publisher" value="Reuters Holdings Plc"/>
<dc element="dc.date.published" value="1997-05-29"/>
<dc element="dc.source" value="Reuters"/>
<dc element="dc.creator.location" value="TOKYO"/>
<dc element="dc.creator.location.country.name" value="JAPAN"/>
<dc element="dc.source" value="Reuters"/>
</metadata>
</newsitem>
