<?xml version="1.0" encoding="iso-8859-1" ?>
<newsitem itemid="757014" id="root" date="1997-07-25" xml:lang="en">
<title>SOUTH KOREA: S.Korea's H1 gold imports, exports rise yr-on-yr.</title>
<headline>S.Korea's H1 gold imports, exports rise yr-on-yr.</headline>
<dateline>SEOUL 1997-07-25</dateline>
<text>
<p>South Korea's gold imports surged 25.6 percent to 304 tonnes for the first six months of this year from 242 tonnes in the same period last year, an official with the central Bank of Korea said on Friday.  </p>
<p>The official said the country's exports for the first half rose 23.9 percent to 285 tonnes from 230 tonnes a year earlier.</p>
<p>In value terms, imports of the period totalled $3.40 billion, compared to $3.08 billion a year ago. Exports of the first six months totalled $3.16 billion, compared to $2.91 billion a year earlier, the official said.</p>
<p>Traders said the rise in gold trade was mainly due to increasing bullion transshipment trade, helped by stable foreign exchange rates during the period.</p>
<p>They said the gold trade had temporarily decreased early this year due to the won's weakness against the dollar.  </p>
<p>Last July, South Korea cracked down on booming bullion transshipment trade by shortening the deferred-payment period to a maximum of 30 days from 120 days.</p>
<p>Bullion houses had imported huge amounts of gold on 90-day deferred payments, then immediately exported the yellow metal and parked the proceeds in high interest-bearing domestic money market instruments.</p>
<p>They reaped huge profits from arbitrage between local interest rates of more than 11 percent and London Interbank Offered Rates of around five percent.</p>
<p>-- Seoul Newsroom (822) 727 5651</p>
</text>
<copyright>(c) Reuters Limited 1997</copyright>
<metadata>
<codes class="bip:countries:1.0">
  <code code="SKOREA">
    <editdetail attribution="Reuters BIP Coding Group" action="confirmed" date="1997-07-25"/>
  </code>
</codes>
<codes class="bip:industries:1.0">
  <code code="I22472">
    <editdetail attribution="Reuters BIP Coding Group" action="confirmed" date="1997-07-25"/>
  </code>
</codes>
<codes class="bip:topics:1.0">
  <code code="C31">
    <editdetail attribution="Reuters BIP Coding Group" action="confirmed" date="1997-07-25"/>
  </code>
  <code code="C311">
    <editdetail attribution="Reuters BIP Coding Group" action="confirmed" date="1997-07-25"/>
  </code>
  <code code="C312">
    <editdetail attribution="Reuters BIP Coding Group" action="confirmed" date="1997-07-25"/>
  </code>
  <code code="CCAT">
    <editdetail attribution="Reuters BIP Coding Group" action="confirmed" date="1997-07-25"/>
  </code>
  <code code="M14">
    <editdetail attribution="Reuters BIP Coding Group" action="confirmed" date="1997-07-25"/>
  </code>
  <code code="M142">
    <editdetail attribution="Reuters BIP Coding Group" action="confirmed" date="1997-07-25"/>
  </code>
  <code code="MCAT">
    <editdetail attribution="Reuters BIP Coding Group" action="confirmed" date="1997-07-25"/>
  </code>
</codes>
<dc element="dc.date.created" value="1997-07-25"/>
<dc element="dc.publisher" value="Reuters Holdings Plc"/>
<dc element="dc.date.published" value="1997-07-25"/>
<dc element="dc.source" value="Reuters"/>
<dc element="dc.creator.location" value="SEOUL"/>
<dc element="dc.creator.location.country.name" value="SOUTH KOREA"/>
<dc element="dc.source" value="Reuters"/>
</metadata>
</newsitem>
