<?xml version="1.0" encoding="iso-8859-1" ?>
<newsitem itemid="403265" id="root" date="1997-02-26" xml:lang="en">
<title>USA: Affinity Entertainment sees FY 97 EPS $0.35.</title>
<headline>Affinity Entertainment sees FY 97 EPS $0.35.</headline>
<dateline>NEW YORK 1997-02-26</dateline>
<text>
<p>Affinity Entertainment Inc said Wednesday it expects earnings for fiscal 1997 to be about $0.35 per share based upon management's 1997 revenue estimates of more than $15 million, to be booked mostly in the fourth quarter.</p>
<p>This compares with revenues of $2.1 million and a loss of $0.56 per share for the company's 1996 fiscal year ended September 30, 1996, the company said.</p>
</text>
<copyright>(c) Reuters Limited 1997</copyright>
<metadata>
<codes class="bip:countries:1.0">
  <code code="USA">
    <editdetail attribution="Reuters BIP Coding Group" action="confirmed" date="1997-02-26"/>
  </code>
</codes>
<codes class="bip:industries:1.0">
  <code code="I9741112">
    <editdetail attribution="Reuters BIP Coding Group" action="confirmed" date="1997-02-26"/>
  </code>
</codes>
<codes class="bip:topics:1.0">
  <code code="C15">
    <editdetail attribution="Reuters BIP Coding Group" action="confirmed" date="1997-02-26"/>
  </code>
  <code code="C152">
    <editdetail attribution="Reuters BIP Coding Group" action="confirmed" date="1997-02-26"/>
  </code>
  <code code="CCAT">
    <editdetail attribution="Reuters BIP Coding Group" action="confirmed" date="1997-02-26"/>
  </code>
</codes>
<dc element="dc.date.created" value="1997-02-26"/>
<dc element="dc.publisher" value="Reuters Holdings Plc"/>
<dc element="dc.date.published" value="1997-02-26"/>
<dc element="dc.source" value="Reuters"/>
<dc element="dc.creator.location" value="NEW YORK"/>
<dc element="dc.creator.location.country.name" value="USA"/>
<dc element="dc.source" value="Reuters"/>
</metadata>
</newsitem>
