<?xml version="1.0" encoding="iso-8859-1" ?>
<newsitem itemid="348651" id="root" date="1997-01-31" xml:lang="en">
<title>PHILIPPINES: Lepanto says 1996 net at 91.33 mln pesos.</title>
<headline>Lepanto says 1996 net at 91.33 mln pesos.</headline>
<dateline>MANILA 1997-01-31</dateline>
<text>
<p>Philippine gold and copper miner Lepanto Consolidated Mining Co said on Friday it posted net income of 91.33 million pesos in 1996.</p>
<p>The company said in a statement operating revenues in the year were 825.71 million pesos while expenses were 897.6 million pesos. It said net income was achieved from contributions from affiliates.</p>
<p>No comparative figures were given.</p>
<p>-- Manila newsroom (632) 841 8914</p>
</text>
<copyright>(c) Reuters Limited 1997</copyright>
<metadata>
<codes class="bip:countries:1.0">
  <code code="PHLNS">
    <editdetail attribution="Reuters BIP Coding Group" action="confirmed" date="1997-01-31"/>
  </code>
</codes>
<codes class="bip:industries:1.0">
  <code code="I22460">
    <editdetail attribution="Reuters BIP Coding Group" action="confirmed" date="1997-01-31"/>
  </code>
</codes>
<codes class="bip:topics:1.0">
  <code code="C15">
    <editdetail attribution="Reuters BIP Coding Group" action="confirmed" date="1997-01-31"/>
  </code>
  <code code="C151">
    <editdetail attribution="Reuters BIP Coding Group" action="confirmed" date="1997-01-31"/>
  </code>
  <code code="C1511">
    <editdetail attribution="Reuters BIP Coding Group" action="confirmed" date="1997-01-31"/>
  </code>
  <code code="CCAT">
    <editdetail attribution="Reuters BIP Coding Group" action="confirmed" date="1997-01-31"/>
  </code>
</codes>
<dc element="dc.date.created" value="1997-01-31"/>
<dc element="dc.publisher" value="Reuters Holdings Plc"/>
<dc element="dc.date.published" value="1997-01-31"/>
<dc element="dc.source" value="Reuters"/>
<dc element="dc.creator.location" value="MANILA"/>
<dc element="dc.creator.location.country.name" value="PHILIPPINES"/>
<dc element="dc.source" value="Reuters"/>
</metadata>
</newsitem>
