<?xml version="1.0" encoding="iso-8859-1" ?>
<newsitem itemid="262278" id="root" date="1996-12-17" xml:lang="en">
<title>GREECE: TABLE OF GREEK CENTRAL BANK FIXING RATES, DEC 17.</title>
<headline>TABLE OF GREEK CENTRAL BANK FIXING RATES, DEC 17.</headline>
<dateline>ATHENS 1996-12-17</dateline>
<text>
<p>The Bank of Greece's fixing rates</p>
<p>for leading currencies on Tuesday were as follows.</p>
<p>--------------------------------------------------------</p>
<p> Currency:	Dec 17	Dec 16	DEC 29 95    NET</p>
<p>--------------------------------------------------------</p>
<p>- USD =	  244.500     245.100     237.040    3.15 %</p>
<p>- ECU =	  304.760     304.630     303.640    0.37 %</p>
<p>- DEM =	  158.185     157.665     165.490   -4.41 %</p>
<p>- FRF =	   46.860	46.728	48.410   -3.20 %</p>
<p>- GBP =	  407.460     406.780     366.280   11.24 %</p>
<p>- NLG =	  140.995     140.555     147.886   -4.66 %</p>
<p>- ITL (100) =   16.051	16.021	14.975    7.19 %</p>
<p>- JPY (100) =  214.920     215.380     230.135   -6.61 %</p>
<p>- ESP =	    1.880	 1.875	 1.939   -3.04 %</p>
<p>- PTE =	    1.568	 1.565	 1.575   -0.44 %</p>
<p>- CHF =	  185.185     184.750     206.030  -10.12 %</p>
<p>Note: The percentage net change is calculated as the percentage</p>
<p>difference between the most recent fixing rate and the December</p>
<p>29, 1995 rate.</p>
<p>--George Georgiopoulos, Athens Newsroom +301 3311812-4</p>
</text>
<copyright>(c) Reuters Limited 1996</copyright>
<metadata>
<codes class="bip:countries:1.0">
  <code code="GREECE">
    <editdetail attribution="Reuters BIP Coding Group" action="confirmed" date="1996-12-17"/>
  </code>
</codes>
<codes class="bip:topics:1.0">
  <code code="M13">
    <editdetail attribution="Reuters BIP Coding Group" action="confirmed" date="1996-12-17"/>
  </code>
  <code code="M132">
    <editdetail attribution="Reuters BIP Coding Group" action="confirmed" date="1996-12-17"/>
  </code>
  <code code="MCAT">
    <editdetail attribution="Reuters BIP Coding Group" action="confirmed" date="1996-12-17"/>
  </code>
</codes>
<dc element="dc.date.created" value="1996-12-17"/>
<dc element="dc.publisher" value="Reuters Holdings Plc"/>
<dc element="dc.date.published" value="1996-12-17"/>
<dc element="dc.source" value="Reuters"/>
<dc element="dc.creator.location" value="ATHENS"/>
<dc element="dc.creator.location.country.name" value="GREECE"/>
<dc element="dc.source" value="Reuters"/>
</metadata>
</newsitem>
