<?xml version="1.0" encoding="iso-8859-1" ?>
<newsitem itemid="772343" id="root" date="1997-08-01" xml:lang="en">
<title>AUSTRALIA: News Ltd appoints corporate affairs head.</title>
<headline>News Ltd appoints corporate affairs head.</headline>
<dateline>SYDNEY 1997-08-01</dateline>
<text>
<p>News Ltd, the Australian arm of Rupert Murdoch's  News Corp Ltd, said on Friday it had appointed Aileen Berry as director  of corporate affairs.</p>
<p>Berry, who takes up the position from August 18, is a former journalist  and was most recently managing director of News Corp subsidiary Broadsystem  Australia, News Ltd said. She replaces Geraldine Paton, who resigned  from the company's board and stepped down as corporate affairs director  last month.</p>
<p>-- Sydney Newsroom 61-2 9373-1800</p>
</text>
<copyright>(c) Reuters Limited 1997</copyright>
<metadata>
<codes class="bip:countries:1.0">
  <code code="AUSTR">
    <editdetail attribution="Reuters BIP Coding Group" action="confirmed" date="1997-08-01"/>
  </code>
</codes>
<codes class="bip:industries:1.0">
  <code code="I47500">
    <editdetail attribution="Reuters BIP Coding Group" action="confirmed" date="1997-08-01"/>
  </code>
</codes>
<codes class="bip:topics:1.0">
  <code code="C41">
    <editdetail attribution="Reuters BIP Coding Group" action="confirmed" date="1997-08-01"/>
  </code>
  <code code="C411">
    <editdetail attribution="Reuters BIP Coding Group" action="confirmed" date="1997-08-01"/>
  </code>
  <code code="CCAT">
    <editdetail attribution="Reuters BIP Coding Group" action="confirmed" date="1997-08-01"/>
  </code>
</codes>
<dc element="dc.date.created" value="1997-08-01"/>
<dc element="dc.publisher" value="Reuters Holdings Plc"/>
<dc element="dc.date.published" value="1997-08-01"/>
<dc element="dc.source" value="Reuters"/>
<dc element="dc.creator.location" value="SYDNEY"/>
<dc element="dc.creator.location.country.name" value="AUSTRALIA"/>
<dc element="dc.source" value="Reuters"/>
</metadata>
</newsitem>
