<?xml version="1.0" encoding="iso-8859-1" ?>
<newsitem itemid="162039" id="root" date="1996-11-03" xml:lang="en">
<title>UK: RUGBY UNION-CONNORS TO RETURN HOME.</title>
<headline>RUGBY UNION-CONNORS TO RETURN HOME.</headline>
<dateline>GLASGOW 1996-11-03</dateline>
<text>
<p>Australia are seeking further reinforcements to their squad after confirming their number eight Mark Connors will play no further part in their injury-hit tour of Europe.</p>
<p>Connors sustained medial ligament damage during Saturday's 37-19 win over a combined Edinburgh-Glasgow side, adding to Wallaby coach Greg Smith's availability problems.</p>
<p>Lock Garrick Morgan has already gone home with a broken ankle, flanker Michael Brial is another long-term casualty and centre Jason Little will be missing from next Saturday's test against Scotland at Murrayfield.</p>
<p>Flanker Brett Robinson and lock David Giffin are also suffering from hamstring problems, although uncapped centre Adam Magro and back-rower Owen Finegan have joined the party.</p>
<p>&quot;We will try to get extra players over here,&quot; promised Smith, concerned he will have to field test players on Tuesday against the Combined Districts side at Perth.</p>
<p>&quot;You could do that in days gone by, but the present is not linked to the past. Rugby is a professional game now, so we must protect our test players.&quot;</p>
</text>
<copyright>(c) Reuters Limited 1996</copyright>
<metadata>
<codes class="bip:countries:1.0">
  <code code="AUSTR">
    <editdetail attribution="Reuters BIP Coding Group" action="confirmed" date="1996-11-03"/>
  </code>
  <code code="UK">
    <editdetail attribution="Reuters BIP Coding Group" action="confirmed" date="1996-11-03"/>
  </code>
</codes>
<codes class="bip:topics:1.0">
  <code code="GCAT">
    <editdetail attribution="Reuters BIP Coding Group" action="confirmed" date="1996-11-03"/>
  </code>
  <code code="GSPO">
    <editdetail attribution="Reuters BIP Coding Group" action="confirmed" date="1996-11-03"/>
  </code>
</codes>
<dc element="dc.date.created" value="1996-11-03"/>
<dc element="dc.publisher" value="Reuters Holdings Plc"/>
<dc element="dc.date.published" value="1996-11-03"/>
<dc element="dc.source" value="Reuters"/>
<dc element="dc.creator.location" value="GLASGOW"/>
<dc element="dc.creator.location.country.name" value="UK"/>
<dc element="dc.source" value="Reuters"/>
</metadata>
</newsitem>
