<?xml version="1.0" encoding="iso-8859-1" ?>
<newsitem itemid="508410" id="root" date="1997-04-14" xml:lang="en">
<title>SWEDEN: NorScan stocks fell 139,000 tonnes in March - Sodra.</title>
<headline>NorScan stocks fell 139,000 tonnes in March - Sodra.</headline>
<dateline>STOCKHOLM 1997-04-14</dateline>
<text>
<p>Swedish forestry group Sodra said on Monday that North American and Scandinavian (NorScan) pulp stocks fell around 139,000 tonnes in March.  </p>
<p>&quot;This is really a very preliminary figure, which often is changed when confirmed figures are released,&quot; the head of Sodra's unit Sodra Cell, Tom Almgren, told Reuters.</p>
<p>-- Olle Lindstrom, Stockholm newsroom +46-8-700 1017</p>
</text>
<copyright>(c) Reuters Limited 1997</copyright>
<metadata>
<codes class="bip:countries:1.0">
  <code code="SWED">
    <editdetail attribution="Reuters BIP Coding Group" action="confirmed" date="1997-04-14"/>
  </code>
</codes>
<codes class="bip:industries:1.0">
  <code code="I47101">
    <editdetail attribution="Reuters BIP Coding Group" action="confirmed" date="1997-04-14"/>
  </code>
</codes>
<codes class="bip:topics:1.0">
  <code code="C21">
    <editdetail attribution="Reuters BIP Coding Group" action="confirmed" date="1997-04-14"/>
  </code>
  <code code="CCAT">
    <editdetail attribution="Reuters BIP Coding Group" action="confirmed" date="1997-04-14"/>
  </code>
</codes>
<dc element="dc.date.created" value="1997-04-14"/>
<dc element="dc.publisher" value="Reuters Holdings Plc"/>
<dc element="dc.date.published" value="1997-04-14"/>
<dc element="dc.source" value="Reuters"/>
<dc element="dc.creator.location" value="STOCKHOLM"/>
<dc element="dc.creator.location.country.name" value="SWEDEN"/>
<dc element="dc.source" value="Reuters"/>
</metadata>
</newsitem>
