<?xml version="1.0" encoding="iso-8859-1" ?>
<newsitem itemid="136082" id="root" date="1996-10-23" xml:lang="en">
<title>USA: National Home Health sets stock dividend.</title>
<headline>National Home Health sets stock dividend.</headline>
<dateline>SCARSDALE, N.Y. 1996-10-23</dateline>
<text>
<p>National Home Health Care Corp said directors declared a 6 percent stock dividend payable December 4, to stockholders of record on November 8.</p>
<p>The company said the dividend increases the number outstanding shares to about 5,088,00 from 4,800,000.</p>
<p>-- New York Newsdesk 212-859-1610.</p>
</text>
<copyright>(c) Reuters Limited 1996</copyright>
<metadata>
<codes class="bip:countries:1.0">
  <code code="USA">
    <editdetail attribution="Reuters BIP Coding Group" action="confirmed" date="1996-10-23"/>
  </code>
</codes>
<codes class="bip:industries:1.0">
  <code code="I95100">
    <editdetail attribution="Reuters BIP Coding Group" action="confirmed" date="1996-10-23"/>
  </code>
</codes>
<codes class="bip:topics:1.0">
  <code code="C15">
    <editdetail attribution="Reuters BIP Coding Group" action="confirmed" date="1996-10-23"/>
  </code>
  <code code="C151">
    <editdetail attribution="Reuters BIP Coding Group" action="confirmed" date="1996-10-23"/>
  </code>
  <code code="CCAT">
    <editdetail attribution="Reuters BIP Coding Group" action="confirmed" date="1996-10-23"/>
  </code>
</codes>
<dc element="dc.date.created" value="1996-10-23"/>
<dc element="dc.publisher" value="Reuters Holdings Plc"/>
<dc element="dc.date.published" value="1996-10-23"/>
<dc element="dc.source" value="Reuters"/>
<dc element="dc.creator.location" value="SCARSDALE, N.Y."/>
<dc element="dc.creator.location.country.name" value="USA"/>
<dc element="dc.source" value="Reuters"/>
</metadata>
</newsitem>
