<?xml version="1.0" encoding="iso-8859-1" ?>
<newsitem itemid="700632" id="root" date="1997-07-01" xml:lang="en">
<title>SOUTH KOREA: Kia Motors June sales up 73 pct.</title>
<headline>Kia Motors June sales up 73 pct.</headline>
<dateline>SEOUL 1997-07-01</dateline>
<text>
<p>Kia Motors Corp, one of South Korea's three largest carmakers, said on Tuesday its vehicle sales in June rose 73 percent to 67,746 units from 39,125 units a year earlier.  </p>
<p>A Kia statement said Kia's vehicle exports jumped 343 percent to 40,093 units from 9,048 units a year ago, when a wildcat strike hampered shipments.</p>
<p>However, Kia's domestic sales fell eight percent to 27,653 units from 30,077 units.</p>
<p>A Kia official said the introduction of new passenger cars by Daewoo Motors had eroded Kia's sales at home.</p>
<p>He said Kia's domestic sales would improve in the second half with the advent of its new models, including a new version of its Sephia compact car.</p>
</text>
<copyright>(c) Reuters Limited 1997</copyright>
<metadata>
<codes class="bip:countries:1.0">
  <code code="SKOREA">
    <editdetail attribution="Reuters BIP Coding Group" action="confirmed" date="1997-07-01"/>
  </code>
</codes>
<codes class="bip:industries:1.0">
  <code code="I35101">
    <editdetail attribution="Reuters BIP Coding Group" action="confirmed" date="1997-07-01"/>
  </code>
</codes>
<codes class="bip:topics:1.0">
  <code code="C31">
    <editdetail attribution="Reuters BIP Coding Group" action="confirmed" date="1997-07-01"/>
  </code>
  <code code="CCAT">
    <editdetail attribution="Reuters BIP Coding Group" action="confirmed" date="1997-07-01"/>
  </code>
</codes>
<dc element="dc.date.created" value="1997-07-01"/>
<dc element="dc.publisher" value="Reuters Holdings Plc"/>
<dc element="dc.date.published" value="1997-07-01"/>
<dc element="dc.source" value="Reuters"/>
<dc element="dc.creator.location" value="SEOUL"/>
<dc element="dc.creator.location.country.name" value="SOUTH KOREA"/>
<dc element="dc.source" value="Reuters"/>
</metadata>
</newsitem>
