<?xml version="1.0" encoding="iso-8859-1" ?>
<newsitem itemid="302431" id="root" date="1997-01-13" xml:lang="en">
<title>NEW ZEALAND: YACHTING - Build-up regattas for America's Cup.</title>
<headline>YACHTING - Build-up regattas for America's Cup.</headline>
<text>
<p>AUCKLAND, Jan 13 - Team New Zealand will stage a series of international regattas in the lead-up to their defence of the America's Cup in 2000, team leader Sir Peter Blake said on Monday.</p>
<p>The first series, in the two identical Team New Zealand yachts which were built for New Zealand's 1992 challenge in San Diego, will begin in Wellington in March.</p>
<p>Team New Zealand, under skipper Russell Coutts, will race against the New York Yacht Club in the &quot;Road to America's Cup&quot; regatta.  </p>
<p>The two yachts have been refurbished, with one painted and liveried in the same manner as the victorious Black Magic, while the other is painted white.</p>
<p>After racing in the capital, the yachts will be transported to Auckland where three as-yet-unnamed syndicates will race in April.</p>
<p>Blake said the New York Yacht Club, as the challenger of record for 2000, were automatic invitees.</p>
<p>The international regattas would take place over three summers leading up to 2000.</p>
</text>
<copyright>(c) Reuters Limited 1997</copyright>
<metadata>
<codes class="bip:countries:1.0">
  <code code="NZ">
    <editdetail attribution="Reuters BIP Coding Group" action="confirmed" date="1997-01-13"/>
  </code>
  <code code="USA">
    <editdetail attribution="Reuters BIP Coding Group" action="confirmed" date="1997-01-13"/>
  </code>
</codes>
<codes class="bip:topics:1.0">
  <code code="GCAT">
    <editdetail attribution="Reuters BIP Coding Group" action="confirmed" date="1997-01-13"/>
  </code>
  <code code="GSPO">
    <editdetail attribution="Reuters BIP Coding Group" action="confirmed" date="1997-01-13"/>
  </code>
</codes>
<dc element="dc.publisher" value="Reuters Holdings Plc"/>
<dc element="dc.date.published" value="1997-01-13"/>
<dc element="dc.source" value="Reuters"/>
<dc element="dc.creator.location.country.name" value="NEW ZEALAND"/>
<dc element="dc.source" value="Reuters"/>
</metadata>
</newsitem>
