<?xml version="1.0" encoding="iso-8859-1" ?>
<newsitem itemid="177940" id="root" date="1996-11-09" xml:lang="en">
<title>DUBAI: ADGAS to sell more LNG to Spain's Enagas.</title>
<headline>ADGAS to sell more LNG to Spain's Enagas.</headline>
<dateline>DUBAI 1996-11-09</dateline>
<text>
<p>Abu Dhabi Gas Liquefaction Company Ltd (ADGAS) will sell an extra cargo of liquefied natural gas (LNG) to Spanish distributor Enagas in both November and December, the official UAE news agency WAM said on Saturday.</p>
<p>It did not give further details on the size the LNG cargoes or pricing terms.</p>
<p>ADGAS began selling LNG to Enagas in April last year, building on sales to Belgium's Distrigaz and Gaz de France.</p>
<p>Power utilities in Asia are ADGAS's main customers.</p>
<p>-- Dubai Newsroom, +971 4 6071255.</p>
</text>
<copyright>(c) Reuters Limited 1996</copyright>
<metadata>
<codes class="bip:countries:1.0">
  <code code="SPAIN">
    <editdetail attribution="Reuters BIP Coding Group" action="confirmed" date="1996-11-09"/>
  </code>
  <code code="UAE">
    <editdetail attribution="Reuters BIP Coding Group" action="confirmed" date="1996-11-09"/>
  </code>
</codes>
<codes class="bip:industries:1.0">
  <code code="I13000">
    <editdetail attribution="Reuters BIP Coding Group" action="confirmed" date="1996-11-09"/>
  </code>
  <code code="I16200">
    <editdetail attribution="Reuters BIP Coding Group" action="confirmed" date="1996-11-09"/>
  </code>
</codes>
<codes class="bip:topics:1.0">
  <code code="C33">
    <editdetail attribution="Reuters BIP Coding Group" action="confirmed" date="1996-11-09"/>
  </code>
  <code code="CCAT">
    <editdetail attribution="Reuters BIP Coding Group" action="confirmed" date="1996-11-09"/>
  </code>
  <code code="M14">
    <editdetail attribution="Reuters BIP Coding Group" action="confirmed" date="1996-11-09"/>
  </code>
  <code code="M143">
    <editdetail attribution="Reuters BIP Coding Group" action="confirmed" date="1996-11-09"/>
  </code>
  <code code="MCAT">
    <editdetail attribution="Reuters BIP Coding Group" action="confirmed" date="1996-11-09"/>
  </code>
</codes>
<dc element="dc.date.created" value="1996-11-09"/>
<dc element="dc.publisher" value="Reuters Holdings Plc"/>
<dc element="dc.date.published" value="1996-11-09"/>
<dc element="dc.source" value="Reuters"/>
<dc element="dc.creator.location" value="DUBAI"/>
<dc element="dc.creator.location.country.name" value="DUBAI"/>
<dc element="dc.source" value="Reuters"/>
</metadata>
</newsitem>
