<?xml version="1.0" encoding="iso-8859-1" ?>
<newsitem itemid="583333" id="root" date="1997-05-14" xml:lang="en">
<title>USA: Foundation Health Q1 pro forma shr $0.47.</title>
<headline>Foundation Health Q1 pro forma shr $0.47.</headline>
<dateline>LOS ANGELES 1997-05-14</dateline>
<text>
<p>FOUNDATION HEALTH SYSTEMS, INC.</p>
<p>PRO FORMA UNAUDITED CONSOLIDATED STATEMENT OF OPERATIONS</p>
<p>		  Three Months ended March 31, 1996 &amp; 1997</p>
<p>		   (Dollars in thousands, except share data)</p>
<p>							     31-Mar</p>
<p>							1996	    1997</p>
<p>Revenues:</p>
<p>    Health Plan premiums		 $1,311,181    $1,420,096</p>
<p>    Government contracts		    147,347	 246,034</p>
<p>    Workers' compensation revenue	 137,831	 130,664</p>
<p>    Specialty services revenue	     56,011	  63,823</p>
<p>    Investment and other income	    23,613	  34,526</p>
<p>						  1,675,983     1,895,143</p>
<p>Expenses:</p>
<p>    Health plan services		  1,066,556     1,176,156</p>
<p>    Government health care services     103,062	 190,912</p>
<p>    Workers' compensation costs	   121,449	 122,527</p>
<p>    Specialty services costs		 48,846	  53,601</p>
<p>    Selling, general &amp; administrative   197,617	 219,383</p>
<p>    Amortization and depreciation	  26,726	  25,600</p>
<p>    Interest expense			    9,309	  15,005</p>
<p>						  1,573,565     1,803,184</p>
<p>Income from operations before</p>
<p>income taxes and discontinued</p>
<p> operations				     102,418	  91,959</p>
<p> Income tax provision			  36,751	  33,478</p>
<p>Income before</p>
<p> discontinued operations		     65,667	  58,481</p>
<p>Loss on discontinued</p>
<p> operations, net of tax		     (3,390)		 0</p>
<p> Net income					62,277	  58,481</p>
<p>Earnings per share primary</p>
<p> and fully diluted				 0.50	    0.47</p>
<p> Weighted Avg. Shares Outstanding   124,071,214   125,681,993</p>
<p>NOTE: Earnings are on a pro forma basis reflecting the April 1, 1997 merger of Foundation Health Corp and Health Systems International Inc.</p>
</text>
<copyright>(c) Reuters Limited 1997</copyright>
<metadata>
<codes class="bip:countries:1.0">
  <code code="USA">
    <editdetail attribution="Reuters BIP Coding Group" action="confirmed" date="1997-05-14"/>
  </code>
</codes>
<codes class="bip:industries:1.0">
  <code code="I95100">
    <editdetail attribution="Reuters BIP Coding Group" action="confirmed" date="1997-05-14"/>
  </code>
</codes>
<codes class="bip:topics:1.0">
  <code code="C15">
    <editdetail attribution="Reuters BIP Coding Group" action="confirmed" date="1997-05-14"/>
  </code>
  <code code="C151">
    <editdetail attribution="Reuters BIP Coding Group" action="confirmed" date="1997-05-14"/>
  </code>
  <code code="CCAT">
    <editdetail attribution="Reuters BIP Coding Group" action="confirmed" date="1997-05-14"/>
  </code>
</codes>
<dc element="dc.date.created" value="1997-05-14"/>
<dc element="dc.publisher" value="Reuters Holdings Plc"/>
<dc element="dc.date.published" value="1997-05-14"/>
<dc element="dc.source" value="Reuters"/>
<dc element="dc.creator.location" value="LOS ANGELES"/>
<dc element="dc.creator.location.country.name" value="USA"/>
<dc element="dc.source" value="Reuters"/>
</metadata>
</newsitem>
