<?xml version="1.0" encoding="iso-8859-1" ?>
<newsitem itemid="802429" id="root" date="1997-08-15" xml:lang="en">
<title>USA: Wallingford-Swathmore SD, Pa., top yld 5.45 pct.</title>
<headline>Wallingford-Swathmore SD, Pa., top yld 5.45 pct.</headline>
<text>
<p>WALLINGFORD-SWATHMORE SCHOOL DISTRICT</p>
<p>RE: $27,785,000*</p>
<p>DELAWARE COUNTY, PENNSYLVANIA</p>
<p>SERIES A, B &amp; C OF 1997</p>
<p>					    16,000,000*</p>
<p>				   GENERAL OBLIGATION BONDS</p>
<p>					  SERIES A OF 1997</p>
<p>     MOODY'S: NAF		   S&amp;P: AAA</p>
<p>						A+ (UNDERLYING)</p>
<p>FSA INSURED</p>
<p>     DATED: 09/15/1997	   FIRST COUPON: 11/15/1997</p>
<p>DUE: 05/15</p>
<p> MATURITY		AMOUNT*    COUPON	   PRICE</p>
<p>05/15/2000		    5M    4.20  %	100.00</p>
<p>05/15/2001		  115M    4.30  %	100.00</p>
<p>05/15/2002		  125M    4.40  %	100.00</p>
<p>05/15/2003		  130M    4.50  %	100.00</p>
<p>05/15/2004		  135M    4.60  %	100.00</p>
<p>05/15/2005		  150M    4.60  %	  4.65</p>
<p>						  (Approx. $ Price 99.675)</p>
<p>05/15/2007		1,810M    4.85  %	  4.75</p>
<p>						  (Approx. $ Price 100.761)</p>
<p>05/15/2008		  975M    4.80  %	  4.90</p>
<p>						  (Approx. $ Price 99.171)</p>
<p>05/15/2009		1,025M    5.00  %	100.00</p>
<p>05/15/2010		1,075M    5.00  %	  5.10</p>
<p>						  (Approx. $ Price 99.068)</p>
<p>05/15/2011		1,125M    5.00  %	  5.20</p>
<p>						  (Approx. $ Price 98.054)</p>
<p>05/15/2012		1,185M    5.10  %	  5.25</p>
<p>						  (Approx. $ Price 98.472)</p>
<p>05/15/2013		1,250M    5.10  %	  5.30</p>
<p>						  (Approx. $ Price 97.882)</p>
<p>05/15/2014		1,310M    5.20  %	  5.35</p>
<p>						  (Approx. $ Price 98.352)</p>
<p>05/15/2017		5,585M    5.25  %	  5.45</p>
<p>						  (Approx. $ Price 97.597)</p>
<p>CALL FEATURES: 05/15/2007    100.00</p>
<p>----------------------------------------------------------------</p>
<p>					     1,310,000*</p>
<p>			     GENERAL OBLIGATION REFUNDING BONDS</p>
<p>					  SERIES B OF 1997</p>
<p>    MOODY'S: NAF		   S&amp;P: AAA</p>
<p>						A+ (UNDERLYING)</p>
<p>FSA INSURED</p>
<p>    DATED: 09/15/1997	    FIRST COUPON: 11/15/1997</p>
<p>DUE: 05/15</p>
<p> MATURITY		AMOUNT*    COUPON	   PRICE</p>
<p>05/15/1999		   35M    4.10  %	100.00</p>
<p>05/15/2000		   75M    4.20  %	100.00</p>
<p>05/15/2001		   75M    4.30  %	100.00</p>
<p>05/15/2002		   80M    4.40  %	100.00</p>
<p>05/15/2003		1,045M    4.50  %	100.00</p>
<p>CALL FEATURES: NON-CALLABLE</p>
<p>----------------------------------------------------------------</p>
<p>					    10,475,000*</p>
<p>			     GENERAL OBLIGATION REFUNDING BONDS</p>
<p>					  SERIES C OF 1997</p>
<p>    MOODY'S: NAF		   S&amp;P: AAA</p>
<p>						A+ (UNDERLYING)</p>
<p>FSA INSURED</p>
<p>    DATED: 09/15/1997	    FIRST COUPON: 11/15/1997</p>
<p>DUE: 05/15</p>
<p> MATURITY		AMOUNT*    COUPON	   PRICE</p>
<p>05/15/1998		   30M    3.85  %	100.00</p>
<p>05/15/1999		   25M    4.10  %	100.00</p>
<p>05/15/2000		   30M    4.20  %	100.00</p>
<p>05/15/2001		   30M    4.30  %	100.00</p>
<p>05/15/2002		   35M    4.40  %	100.00</p>
<p>05/15/2003		   45M    4.50  %	100.00</p>
<p>05/15/2004		   50M    4.60  %	100.00</p>
<p>05/15/2005		  205M    4.60  %	  4.65</p>
<p>						  (Approx. $ Price 99.675)</p>
<p>05/15/2007		1,445M    4.85  %	  4.75</p>
<p>						  (Approx. $ Price 100.761)</p>
<p>05/15/2008		  770M    4.80  %	  4.90</p>
<p>						  (Approx. $ Price 99.171)</p>
<p>05/15/2009		  810M    5.00  %	100.00</p>
<p>05/15/2010		  850M    5.00  %	  5.10</p>
<p>						  (Approx. $ Price 99.068)</p>
<p>05/15/2011		  900M    5.00  %	  5.20</p>
<p>						  (Approx. $ Price 98.054)</p>
<p>05/15/2012		  945M    5.10  %	  5.25</p>
<p>						  (Approx. $ Price 98.472)</p>
<p>05/15/2013		  990M    5.10  %	  5.30</p>
<p>						  (Approx. $ Price 97.882)</p>
<p>05/15/2014		1,050M    5.20  %	  5.35</p>
<p>						  (Approx. $ Price 98.352)</p>
<p>05/15/2016		2,265M    5.125 %	  5.42</p>
<p>						  (Approx. $ Price 96.556)</p>
<p>CALL FEATURES: 05/15/2007    100.00</p>
<p>* - APPROXIMATE SUBJECT TO CHANGE</p>
<p>The compliance addendum MSRB Rule G-11 will apply.</p>
<p>The award is expected Monday, August 18, 1997.</p>
<p>Delivery is expected on September 18, 1997.</p>
<p>This issue is not book entry.  This issue is pending through DTC.</p>
<p>Wheat First Butcher Singer</p>
<p>--U.S. Municipal Desk, 212-859-1650</p>
</text>
<copyright>(c) Reuters Limited 1997</copyright>
<metadata>
<codes class="bip:countries:1.0">
  <code code="USA">
    <editdetail attribution="Reuters BIP Coding Group" action="confirmed" date="1997-08-15"/>
  </code>
</codes>
<codes class="bip:topics:1.0">
  <code code="E21">
    <editdetail attribution="Reuters BIP Coding Group" action="confirmed" date="1997-08-15"/>
  </code>
  <code code="E212">
    <editdetail attribution="Reuters BIP Coding Group" action="confirmed" date="1997-08-15"/>
  </code>
  <code code="ECAT">
    <editdetail attribution="Reuters BIP Coding Group" action="confirmed" date="1997-08-15"/>
  </code>
</codes>
<dc element="dc.publisher" value="Reuters Holdings Plc"/>
<dc element="dc.date.published" value="1997-08-15"/>
<dc element="dc.source" value="Reuters"/>
<dc element="dc.creator.location.country.name" value="USA"/>
<dc element="dc.source" value="Reuters"/>
</metadata>
</newsitem>
