<?xml version="1.0" encoding="iso-8859-1" ?>
<newsitem itemid="601568" id="root" date="1997-05-21" xml:lang="en">
<title>CROATIA: Croatian lending rate rises 80 bps to 11.2 pct.</title>
<headline>Croatian lending rate rises 80 bps to 11.2 pct.</headline>
<dateline>ZAGREB 1997-05-21</dateline>
<text>
<p>The Croatian average lending rate rose 80 basis points to 11.2 on Wednesday, lifted by a higher volume of term loans, dealers said.</p>
<p>Daily settlements totalled 33.1 million kuna against 48 million in supply.</p>
<p>Fresh trade accounted for 21.3 million kuna and was mostly call money loans, granted at a steady rate of 10.5 percent.</p>
<p>Term deals were struck at betwen 10 and 16.5 percent for one-week funds to 30-day borrowings.</p>
<p>Insurers charged nine percent for renewed one-week funds.</p>
<p>The central bank calculated its kuna midrate for Thursday firmer at 6.0275 against the dollar and at 3.5687 against the German mark. -- Sandra Kalogjera, Zagreb Newsroom, 385-1-4557075</p>
</text>
<copyright>(c) Reuters Limited 1997</copyright>
<metadata>
<codes class="bip:countries:1.0">
  <code code="CRTIA">
    <editdetail attribution="Reuters BIP Coding Group" action="confirmed" date="1997-05-21"/>
  </code>
</codes>
<codes class="bip:topics:1.0">
  <code code="M13">
    <editdetail attribution="Reuters BIP Coding Group" action="confirmed" date="1997-05-21"/>
  </code>
  <code code="M131">
    <editdetail attribution="Reuters BIP Coding Group" action="confirmed" date="1997-05-21"/>
  </code>
  <code code="MCAT">
    <editdetail attribution="Reuters BIP Coding Group" action="confirmed" date="1997-05-21"/>
  </code>
</codes>
<dc element="dc.date.created" value="1997-05-21"/>
<dc element="dc.publisher" value="Reuters Holdings Plc"/>
<dc element="dc.date.published" value="1997-05-21"/>
<dc element="dc.source" value="Reuters"/>
<dc element="dc.creator.location" value="ZAGREB"/>
<dc element="dc.creator.location.country.name" value="CROATIA"/>
<dc element="dc.source" value="Reuters"/>
</metadata>
</newsitem>
