<?xml version="1.0" encoding="iso-8859-1" ?>
<newsitem itemid="2528" id="root" date="1996-08-20" xml:lang="en">
<title>USA: Tenneco unit buys Argentine exhaust maker.</title>
<headline>Tenneco unit buys Argentine exhaust maker.</headline>
<dateline>DEERFIELD, Ill. 1996-08-20</dateline>
<text>
<p>Tenneco Automotive said Tuesday one of its units had acquired Argentinian exhaust manufacturer Minuzzi as part of its plan to establish exhaust manufacturing operations in Argentina and neighbouring Brazil.</p>
<p>Tenneco did not elaborate on terms of the acquisition of the company, which it described as Argentina's second-largest exhaust manufacturer.</p>
<p>It said it was the first time that its Walker Manufacturing unit had entered the South American market. Tenneco Automotive already operates in Brazil through its Monroe ride control division.</p>
<p>Tenneco said Minuzzi, which provides exhaust products for Volkswagen, Daimler-Benz AG and General Motors Corp., would provide just-in-time products to Ford Motor Co. for its 1997 Escort. The Buenos Aires plant will operate under the Walker Argentina name, it added.</p>
<p>Tenneco said it had also begun exhaust manufacturing at its Monroe do Brasil ride control facility in Mogi Mirim, Brazil.</p>
<p>It said the company, known as Walker Exhaust Systems do Brasil, would supply catalytic converters and exhaust systems for the Volkswagen AB9 and CS5 platforms.</p>
<p>Tenneco said it expected to achieve 200 percent growth in combined Brazil and Argentina revenues by 2000.</p>
</text>
<copyright>(c) Reuters Limited 1996</copyright>
<metadata>
<codes class="bip:countries:1.0">
  <code code="ARG">
    <editdetail attribution="Reuters BIP Coding Group" action="confirmed" date="1996-08-20"/>
  </code>
  <code code="BRAZ">
    <editdetail attribution="Reuters BIP Coding Group" action="confirmed" date="1996-08-20"/>
  </code>
  <code code="USA">
    <editdetail attribution="Reuters BIP Coding Group" action="confirmed" date="1996-08-20"/>
  </code>
</codes>
<codes class="bip:industries:1.0">
  <code code="I16200">
    <editdetail attribution="Reuters BIP Coding Group" action="confirmed" date="1996-08-20"/>
  </code>
  <code code="I35300">
    <editdetail attribution="Reuters BIP Coding Group" action="confirmed" date="1996-08-20"/>
  </code>
</codes>
<codes class="bip:topics:1.0">
  <code code="C18">
    <editdetail attribution="Reuters BIP Coding Group" action="confirmed" date="1996-08-20"/>
  </code>
  <code code="C181">
    <editdetail attribution="Reuters BIP Coding Group" action="confirmed" date="1996-08-20"/>
  </code>
  <code code="CCAT">
    <editdetail attribution="Reuters BIP Coding Group" action="confirmed" date="1996-08-20"/>
  </code>
</codes>
<dc element="dc.date.created" value="1996-08-20"/>
<dc element="dc.publisher" value="Reuters Holdings Plc"/>
<dc element="dc.date.published" value="1996-08-20"/>
<dc element="dc.source" value="Reuters"/>
<dc element="dc.creator.location" value="DEERFIELD, Ill."/>
<dc element="dc.creator.location.country.name" value="USA"/>
<dc element="dc.source" value="Reuters"/>
</metadata>
</newsitem>
