<?xml version="1.0" encoding="iso-8859-1" ?>
<newsitem itemid="543505" id="root" date="1997-04-28" xml:lang="en">
<title>MEXICO: Modelo 1997 Q1 net profit increases.</title>
<headline>Modelo 1997 Q1 net profit increases.</headline>
<dateline>MEXICO CITY 1997-04-18</dateline>
<text>
<p>Q1 1997			Q1 1996</p>
<p>     Shr		  n.a.		     n.a.</p>
<p>     Net		  266.28 million	     219.18 million</p>
<p>     Revs		 3.021 bln		3.100 bln</p>
<p>     Gross profit     1.494 bln		1.473 bln</p>
<p>     Oper income	609.40 million	     535.99 million</p>
<p>     Integ fin cost   5.91 million	 gain  13.85 million</p>
<p>	    Int paid    1.49 million		 2.27 million</p>
<p>	    FX loss     71,000	   loss  4.69 million</p>
<p>	    Int earned  145.29 million	     252.053 million</p>
<p>	    Mon loss    149.64 million     loss  231.24 million</p>
<p>	    NOTE: All figures in Mexican pesos.</p>
<p>	    Full company name is Grupo Modelo SA de CV.</p>
<p>((--Dan Trotta, Mexico City newsroom, +525 728-9507))</p>
</text>
<copyright>(c) Reuters Limited 1997</copyright>
<metadata>
<codes class="bip:countries:1.0">
  <code code="MEX">
    <editdetail attribution="Reuters BIP Coding Group" action="confirmed" date="1997-04-28"/>
  </code>
</codes>
<codes class="bip:industries:1.0">
  <code code="I42700">
    <editdetail attribution="Reuters BIP Coding Group" action="confirmed" date="1997-04-28"/>
  </code>
</codes>
<codes class="bip:topics:1.0">
  <code code="C15">
    <editdetail attribution="Reuters BIP Coding Group" action="confirmed" date="1997-04-28"/>
  </code>
  <code code="C151">
    <editdetail attribution="Reuters BIP Coding Group" action="confirmed" date="1997-04-28"/>
  </code>
  <code code="CCAT">
    <editdetail attribution="Reuters BIP Coding Group" action="confirmed" date="1997-04-28"/>
  </code>
</codes>
<dc element="dc.date.created" value="1997-04-18"/>
<dc element="dc.publisher" value="Reuters Holdings Plc"/>
<dc element="dc.date.published" value="1997-04-28"/>
<dc element="dc.source" value="Reuters"/>
<dc element="dc.creator.location" value="MEXICO CITY"/>
<dc element="dc.creator.location.country.name" value="MEXICO"/>
<dc element="dc.source" value="Reuters"/>
</metadata>
</newsitem>
