<?xml version="1.0" encoding="iso-8859-1" ?>
<newsitem itemid="332888" id="root" date="1997-01-25" xml:lang="en">
<title>USA: MOTOR RACING-TOP TEN RESULTS IN IRL RACE.</title>
<headline>MOTOR RACING-TOP TEN RESULTS IN IRL RACE.</headline>
<dateline>ORLANDO, Florida 1997-01-24</dateline>
<text>
<p>Top ten finishers in</p>
<p>Saturday's Walt Disney World 200 Indy Racing League race</p>
<p>(tabulate by driver, country, chassis, engine, laps</p>
<p>completed):</p>
<p>1. Eddie Cheever, (U.S.) G Force Oldsmobile, 149 laps,</p>
<p>133.995 mph/215.638 kph</p>
<p>2. Mike Groff (U.S.) G Force Infiniti, 149</p>
<p>3. Scott Goodyear (Canada) G Force Oldsmobile, 149</p>
<p>4. Scott Sharp (U.S.) Dallara Oldsmobile, 149</p>
<p>5. Buddy Lazier (U.S.) Dallara Infiniti, 149</p>
<p>6. Jim Guthrie (U.S.) Dallara Oldsmobile, 148</p>
<p>7. Davey Hamilton (U.S.) Dallara Oldsmobile, 148</p>
<p>8. Marco Greco (Brazil) Dallara Oldsmobile, 147</p>
<p>9. Fermin Velez (Spain) Dallara Oldsmobile, 147</p>
<p>10. Tony Stewart (U.S.) G Force Oldsmobile, 146</p>
</text>
<copyright>(c) Reuters Limited 1997</copyright>
<metadata>
<codes class="bip:countries:1.0">
  <code code="USA">
    <editdetail attribution="Reuters BIP Coding Group" action="confirmed" date="1997-01-25"/>
  </code>
</codes>
<codes class="bip:topics:1.0">
  <code code="GCAT">
    <editdetail attribution="Reuters BIP Coding Group" action="confirmed" date="1997-01-25"/>
  </code>
  <code code="GSPO">
    <editdetail attribution="Reuters BIP Coding Group" action="confirmed" date="1997-01-25"/>
  </code>
</codes>
<dc element="dc.date.created" value="1997-01-24"/>
<dc element="dc.publisher" value="Reuters Holdings Plc"/>
<dc element="dc.date.published" value="1997-01-25"/>
<dc element="dc.source" value="Reuters"/>
<dc element="dc.creator.location" value="ORLANDO, Florida"/>
<dc element="dc.creator.location.country.name" value="USA"/>
<dc element="dc.source" value="Reuters"/>
</metadata>
</newsitem>
