<?xml version="1.0" encoding="iso-8859-1" ?>
<newsitem itemid="23359" id="root" date="1996-08-29" xml:lang="en">
<title>TURKEY: PRESS DIGEST - Turkey - August 29.</title>
<headline>PRESS DIGEST - Turkey - August 29.</headline>
<dateline>ANKARA 1996-08-29</dateline>
<text>
<p>These are the leading stories in the Turkish press on Thursday. Reuters has not verified these stories and does not vouch for their accuracy.</p>
<p>SABAH</p>
<p>- The spilling of innocent blood in the drive-by killing of an organised crime boss is harshly criticised.</p>
<p>- Parliamentary commission approves that security forces should be given the right to open fire at those disobeying the order to &quot;surrender&quot; in southeast Turkey. The draft law will be discussed in parliament on Thusday.</p>
<p>MILLIYET</p>
<p>- 136 school students detained in a operation held by the narcotics squad in Istanbul.</p>
<p>HURRIYET</p>
<p>- The conservative Motherland Party will apply to the Constitutional Court if the government does not pay its employees back a money cut from their wages over the years under a recently-scrapped compulsory saving scheme.</p>
<p>- The Islamist-led government signed a second military accord in secret. The Islamists had harshly criticised the original accord and vowed to tear it up while in opposition.</p>
<p>CUMHURIYET</p>
<p>- A book published by the Directorate of Religious Affairs blames Turkish intellectuals and the press for the country's social problems.</p>
<p>YENI YUZYIL</p>
<p>- Islamist MP Fethullah Erbas sees dialogue as essential in solving a 12-year Kurdish insurgency in the southeast.</p>
<p>DUNYA</p>
<p>- The Istanbul Chamber of Industry names Turkey's top 500 industries.</p>
<p>ZAMAN</p>
<p>- The World Health Organisation warns countries about the spreading of syphilis after the dismantling of the Russian block.</p>
</text>
<copyright>(c) Reuters Limited 1996</copyright>
<metadata>
<codes class="bip:countries:1.0">
  <code code="TURK">
    <editdetail attribution="Reuters BIP Coding Group" action="confirmed" date="1996-08-29"/>
  </code>
</codes>
<codes class="bip:topics:1.0">
  <code code="GCAT">
    <editdetail attribution="Reuters BIP Coding Group" action="confirmed" date="1996-08-29"/>
  </code>
</codes>
<dc element="dc.date.created" value="1996-08-29"/>
<dc element="dc.publisher" value="Reuters Holdings Plc"/>
<dc element="dc.date.published" value="1996-08-29"/>
<dc element="dc.source" value="Reuters"/>
<dc element="dc.creator.location" value="ANKARA"/>
<dc element="dc.creator.location.country.name" value="TURKEY"/>
<dc element="dc.source" value="Reuters"/>
</metadata>
</newsitem>
