<?xml version="1.0" encoding="iso-8859-1" ?>
<newsitem itemid="397720" id="root" date="1997-02-24" xml:lang="en">
<title>BRAZIL: Santos port union to vote on ending strike.</title>
<headline>Santos port union to vote on ending strike.</headline>
<dateline>SAO PAULO 1997-02-24</dateline>
<text>
<p>The Administrative Portworkers' Union at Brazil's key port of Santos was due to vote at 1930 local/2200 GMT on a proposal by port authorities to resume work immediately, a union spokesman said.</p>
<p>&quot;(The port authority) Codesp made a proposal of an immediate return to work,&quot; said Ademir Estevessa after round-table talks at the regional delegation of the Labour Ministry in Santos.</p>
<p>Warehouse workers, who have been striking since 0700/1000 over a dispute over backpay, were due to vote on the proposal later.</p>
<p>If they agree to return to work, Codesp will hold talks at 09301230 on Feb 25 to discuss the working conditions of warehouse workers.</p>
<p>&quot;These negotiations will be specifically about the labour market conditions of warehouse workers,&quot; Estevessa said. &quot;In a second phase, they would then discuss resuming the payment of a production salary which was suspended in July of last year.&quot;</p>
<p>Union officials earlier said the strike was affecting 90 percent of imports as well as a smaller percentage of exports. But port officials said exports were unaffected by the strike.</p>
<p>((--Joelle Diderich, Sao Paulo newsroom +55 11 248 5417))</p>
</text>
<copyright>(c) Reuters Limited 1997</copyright>
<metadata>
<codes class="bip:countries:1.0">
  <code code="BRAZ">
    <editdetail attribution="Reuters BIP Coding Group" action="confirmed" date="1997-02-24"/>
  </code>
</codes>
<codes class="bip:industries:1.0">
  <code code="I76300">
    <editdetail attribution="Reuters BIP Coding Group" action="confirmed" date="1997-02-24"/>
  </code>
</codes>
<codes class="bip:topics:1.0">
  <code code="C42">
    <editdetail attribution="Reuters BIP Coding Group" action="confirmed" date="1997-02-24"/>
  </code>
  <code code="CCAT">
    <editdetail attribution="Reuters BIP Coding Group" action="confirmed" date="1997-02-24"/>
  </code>
  <code code="E41">
    <editdetail attribution="Reuters BIP Coding Group" action="confirmed" date="1997-02-24"/>
  </code>
  <code code="ECAT">
    <editdetail attribution="Reuters BIP Coding Group" action="confirmed" date="1997-02-24"/>
  </code>
  <code code="GCAT">
    <editdetail attribution="Reuters BIP Coding Group" action="confirmed" date="1997-02-24"/>
  </code>
  <code code="GJOB">
    <editdetail attribution="Reuters BIP Coding Group" action="confirmed" date="1997-02-24"/>
  </code>
</codes>
<dc element="dc.date.created" value="1997-02-24"/>
<dc element="dc.publisher" value="Reuters Holdings Plc"/>
<dc element="dc.date.published" value="1997-02-24"/>
<dc element="dc.source" value="Reuters"/>
<dc element="dc.creator.location" value="SAO PAULO"/>
<dc element="dc.creator.location.country.name" value="BRAZIL"/>
<dc element="dc.source" value="Reuters"/>
</metadata>
</newsitem>
