<?xml version="1.0" encoding="iso-8859-1" ?>
<newsitem itemid="425961" id="root" date="1997-03-07" xml:lang="en">
<title>ROMANIA: ROMANIA OTC MARKET TURNOVER FALLS.</title>
<headline>ROMANIA OTC MARKET TURNOVER FALLS.</headline>
<dateline>BUCHAREST 1997-03-07</dateline>
<text>
<p>Romania's over-the-counter (OTC) market turnover fell to 16.7 billion lei this week from the 25.4 billion lei from the previous lei.</p>
<p>A firming leu currency affected the OTC market, with a lack of interest from foreign investors and pushed turnover down.</p>
<p>&quot;Foreign investors await better exchange rates to make new investments,&quot; one trader said.</p>
<p>Some 8 million shares changed hands on the RASDAQ -- the Romanian OTC system modelled on the U.S. NASDAQ -- slighty down from 8.9 million the previous week.</p>
<p>Cement maker Romcim SA which was investors' main target in the past weeks ended on Friday 307 lei firmer to close at 34,307 lei and took some 66 percent of the week's turnover.</p>
<p>The independent VAB-RASDAQ index, computed by Vanguard SA securities, rose 7 points on the week to 1,616.7.</p>
<p>The RASDAQ, which opened last October to eventually trade 5,000 companies privatised under a mass selloff, now lists 2,669 stocks. It traded an average 327 companies this week. ($=7,744 lei)</p>
<p>-- Andrei Iva, Bucharest Newsroom 40-1 3120264</p>
</text>
<copyright>(c) Reuters Limited 1997</copyright>
<metadata>
<codes class="bip:countries:1.0">
  <code code="ROM">
    <editdetail attribution="Reuters BIP Coding Group" action="confirmed" date="1997-03-07"/>
  </code>
</codes>
<codes class="bip:topics:1.0">
  <code code="M11">
    <editdetail attribution="Reuters BIP Coding Group" action="confirmed" date="1997-03-07"/>
  </code>
  <code code="MCAT">
    <editdetail attribution="Reuters BIP Coding Group" action="confirmed" date="1997-03-07"/>
  </code>
</codes>
<dc element="dc.date.created" value="1997-03-07"/>
<dc element="dc.publisher" value="Reuters Holdings Plc"/>
<dc element="dc.date.published" value="1997-03-07"/>
<dc element="dc.source" value="Reuters"/>
<dc element="dc.creator.location" value="BUCHAREST"/>
<dc element="dc.creator.location.country.name" value="ROMANIA"/>
<dc element="dc.source" value="Reuters"/>
</metadata>
</newsitem>
