<?xml version="1.0" encoding="iso-8859-1" ?>
<newsitem itemid="720301" id="root" date="1997-07-10" xml:lang="en">
<title>UK: UK's Leicester City FC may reverse into market.</title>
<headline>UK's Leicester City FC may reverse into market.</headline>
<dateline>LONDON 1997-07-10</dateline>
<text>
<p>English premier league soccer club Leicester City is likely to join the stock market through a reverse takeover of Soccer Investments Plc, sources close to the deal said on Thursday.</p>
<p>Trading in Soccer Investments shares on AIM was suspended after the company said it was in exclusive discussions which may lead to an offer for Leicester.</p>
<p>Soccer Investments was set up by a group of institutional investors seeking a stake in a British club. It has 10 million stg in cash which would be made available to Leicester to fund stadium expansion and squad strengthening.</p>
<p>&quot;Soccer Investments is a ready-made vehicle for a club seeking a flotation,&quot; one of the sources said.</p>
<p>The enlarged company would be relisted as Leicester City Plc and new shares issued to the club's current stockholders if the deal goes ahead.</p>
<p>Leicester, based in the English Midlands, will play in Europe's UEFA Cup next season after winning the English League Cup in the last campaign.</p>
<p>-- Keith Weir, London Newsroom +44 171 542 8793</p>
</text>
<copyright>(c) Reuters Limited 1997</copyright>
<metadata>
<codes class="bip:countries:1.0">
  <code code="UK">
    <editdetail attribution="Reuters BIP Coding Group" action="confirmed" date="1997-07-10"/>
  </code>
</codes>
<codes class="bip:industries:1.0">
  <code code="I83100">
    <editdetail attribution="Reuters BIP Coding Group" action="confirmed" date="1997-07-10"/>
  </code>
  <code code="I97911">
    <editdetail attribution="Reuters BIP Coding Group" action="confirmed" date="1997-07-10"/>
  </code>
</codes>
<codes class="bip:topics:1.0">
  <code code="C14">
    <editdetail attribution="Reuters BIP Coding Group" action="confirmed" date="1997-07-10"/>
  </code>
  <code code="C18">
    <editdetail attribution="Reuters BIP Coding Group" action="confirmed" date="1997-07-10"/>
  </code>
  <code code="C181">
    <editdetail attribution="Reuters BIP Coding Group" action="confirmed" date="1997-07-10"/>
  </code>
  <code code="CCAT">
    <editdetail attribution="Reuters BIP Coding Group" action="confirmed" date="1997-07-10"/>
  </code>
</codes>
<dc element="dc.date.created" value="1997-07-10"/>
<dc element="dc.publisher" value="Reuters Holdings Plc"/>
<dc element="dc.date.published" value="1997-07-10"/>
<dc element="dc.source" value="Reuters"/>
<dc element="dc.creator.location" value="LONDON"/>
<dc element="dc.creator.location.country.name" value="UK"/>
<dc element="dc.source" value="Reuters"/>
</metadata>
</newsitem>
