<?xml version="1.0" encoding="iso-8859-1" ?>
<newsitem itemid="389955" id="root" date="1997-02-20" xml:lang="en">
<title>USA: PS Financial Inc Q4 net rises.</title>
<headline>PS Financial Inc Q4 net rises.</headline>
<dateline>CHICAGO 1997-02-20</dateline>
<text>
<p>1996			1995</p>
<p> Shr			    n/a			n/a</p>
<p> Net			    291			200</p>
<p>	  12 MONTHS</p>
<p> Shr			    n/a			n/a</p>
<p> Net			  1,002		    1,055</p>
<p>(All data above 000s except per share numbers)</p>
<p>NOTE: Share data was not available, as company became public Nov 26, 1996.</p>
<p>((Chicago newsdesk, 312-408-8787))</p>
</text>
<copyright>(c) Reuters Limited 1997</copyright>
<metadata>
<codes class="bip:countries:1.0">
  <code code="USA">
    <editdetail attribution="Reuters BIP Coding Group" action="confirmed" date="1997-02-20"/>
  </code>
</codes>
<codes class="bip:topics:1.0">
  <code code="C15">
    <editdetail attribution="Reuters BIP Coding Group" action="confirmed" date="1997-02-20"/>
  </code>
  <code code="C151">
    <editdetail attribution="Reuters BIP Coding Group" action="confirmed" date="1997-02-20"/>
  </code>
  <code code="C1511">
    <editdetail attribution="Reuters BIP Coding Group" action="confirmed" date="1997-02-20"/>
  </code>
  <code code="CCAT">
    <editdetail attribution="Reuters BIP Coding Group" action="confirmed" date="1997-02-20"/>
  </code>
</codes>
<dc element="dc.date.created" value="1997-02-20"/>
<dc element="dc.publisher" value="Reuters Holdings Plc"/>
<dc element="dc.date.published" value="1997-02-20"/>
<dc element="dc.source" value="Reuters"/>
<dc element="dc.creator.location" value="CHICAGO"/>
<dc element="dc.creator.location.country.name" value="USA"/>
<dc element="dc.source" value="Reuters"/>
</metadata>
</newsitem>
