<?xml version="1.0" encoding="iso-8859-1" ?>
<newsitem itemid="537455" id="root" date="1997-04-24" xml:lang="en">
<title>AUSTRALIA: INDICATORS-Latest Australian monthly stats.</title>
<headline>INDICATORS-Latest Australian monthly stats.</headline>
<dateline>SYDNEY 1997-04-24</dateline>
<text>
<p>Latest Australian monthly economic data.</p>
<p>				  MONTHLY STATISTICS</p>
<p>				  Period  Latest  Prev1  Prev2    Next</p>
<p>Balance of Goods and Services (s/adj, A$ million current prices)</p>
<p>	 G&amp;S Balance	   Feb    +336     -38    +280   Apr 30</p>
<p>	 Trade Balance	 Feb     +67    -255    +121   Apr 30</p>
<p>	 Services Balance    Feb    +269    +217    +159   Apr 30</p>
<p>Merchandise Exports (s/adj, m/m pct)</p>
<p>	 Exports (m/m pct)   Feb    +6.4    -0.1    +7.6   Apr 30</p>
<p>	 Exports (y/y pct)   Feb    +8.5    -0.5    +1.1   Apr 30</p>
<p>	 Rural (m/m pct)     Feb    +4.8    +7.6    +7.5   Apr 30</p>
<p>	 Non-Rural (m/m pct) Feb    +7.1    -3.2    +7.7   Apr 30</p>
<p>Merchandise Imports (s/adj, m/m pct)</p>
<p>	 Total		   Feb    +1.4    +5.7    -0.6   Apr 30</p>
<p>	 Total (y/y pct)     Feb    +2.7    +1.5    -0.6   Apr 30</p>
<p>	 Consumer		Feb    +8.1    -0.7    -0.3   Apr 30</p>
<p>	 Capital		 Feb   -13.2   +28.6    -6.9   Apr 30</p>
<p>	 Intermediate	  Feb    +6.1    -0.7    +2.1   Apr 30</p>
<p>Labour Force (s/adj)</p>
<p>	 Employment (000)    Mar   -33.9    -7.2   +28.4   May 08</p>
<p>	 - full time (000)   Mar   -30.4   -24.2    +2.2   May 08</p>
<p>	 - part time (000)   Mar    -3.4   +17.0   +26.1   May 08</p>
<p>	 Unemployment (pct)  Mar     8.7     8.8     8.6   May 08</p>
<p>	 Participation rate  Mar    63.3    63.7    63.7   May 08</p>
<p>ANZ job advertisements</p>
<p>	 (s/adj, m/m pct)    Feb    -1.9    +1.8    +3.3   May 05</p>
<p>	 (s/adj, y/y pct)    Feb    -9.4    -8.2   -15.7   May 05</p>
<p>	 (trend, m/m pct)    Feb    +0.4    +0.4    +0.4   May 05</p>
<p>Building Approvals</p>
<p>	 (s/adj, m/m pct)    Feb    -3.7   +10.4    -1.5   May 01</p>
<p>	 (s/adj, y/y pct)    Feb   +11.3   +22.5    +5.6   May 01</p>
<p>	 (trend, m/m pct)    Feb    +1.6    +1.6    +1.8   May 01</p>
<p>Housing finance for owner occupation (pct)</p>
<p>	 Total (s/adj, m/m)  Feb    -6.9    +5.0    +5.0   May 12</p>
<p>	 Total (s/adj, y/y)  Feb    -0.3    +9.3    +7.1   May 12</p>
<p>	 Total (trend, m/m)  Feb    +0.1    +0.2    +0.6   May 12</p>
<p>Retail Trade (current prices)</p>
<p>	 Total (s/adj, m/m)  Feb    +0.8    +2.7    -1.0   May 02</p>
<p>	 Total (s/adj, y/y)  Feb    +3.3    +2.6    +0.8   May 02</p>
<p>	 Total (trend, m/m)  Feb    +0.6    +0.5    +0.4   May 02</p>
<p>New Motor Vehicles registrations</p>
<p>	 Total (s/adj, m/m)  Mar    +1.3    +5.4    +2.9   May 30</p>
<p>	 Total (s/adj, y/y)  Mar   +10.9    +7.0    +5.0   May 30</p>
<p>	 Total (trend, m/m)  Mar    +2.0    +2.1    +2.1   May 30</p>
<p>Westpac/Melbourne Institute Consumer Sentiment</p>
<p>	 Index level	   Apr   105.4   106.2   101.2   May 14</p>
<p>	 Pct change(m/m)     Apr    -0.7    +4.9    -7.9   May 14</p>
<p>	 Points change(m/m)  Apr    -0.8    +5.0    -8.7   May 14</p>
<p>Westpac/Melbourne Institute Leading Index</p>
<p>	 Pct change(m/m)     Feb    +0.6    +1.1     0.0   May 21</p>
<p>	 Points change(m/m)  Feb    +0.9    +1.7     0.0   May 21</p>
<p>Private Sector Credit</p>
<p>	 Credit (m/m, s/adj) Feb    +0.4    +1.0    +0.9   May 15</p>
<p>	 Credit (y/y, s/adj) Feb   +10.1   +10.9   +11.1   May 15</p>
<p>Manufacturing Input Prices</p>
<p>	 Price Index (m/m)   Feb    -0.5    +1.3    -0.2   May 15</p>
<p>	 Price Index (y/y)   Feb    -3.8    -4.6    -4.5   May 15</p>
<p>Manufacturing Output Prices</p>
<p>	 Price Index (m/m)   Feb    +0.2    +0.3    +0.1   May 12</p>
<p>	 Price Index (y/y)   Feb    +0.6    +0.5    +0.2   May 12</p>
<p>Export Prices</p>
<p>	 Price Index (m/m)   Feb    +1.4    +1.0    -0.1   May 15</p>
<p>	 Price Index (y/y)   Feb    -4.0    -6.0    -6.2   May 15</p>
<p>Import Prices</p>
<p>	 Price Index (m/m)   Feb    +0.5    +0.7    -0.6   May 15</p>
<p>	 Price Index (y/y)   Feb    -4.7    -6.3    -6.5   May 15</p>
<p>RBA Commodity Price Index</p>
<p>	 $AUD Index Level    Mar    -1.4    +0.3    +2.7   May 01</p>
<p>	 SDR Index Level     Mar    +1.9    +1.4    +1.6   May 01</p>
<p>	 $US Index Level     Mar    +1.2    -1.1    +0.2   May 01</p>
<p>-- Sydney Newsroom 61-2 9373-1800 (Fax 61-2 9262-4727)</p>
</text>
<copyright>(c) Reuters Limited 1997</copyright>
<metadata>
<codes class="bip:countries:1.0">
  <code code="AUSTR">
    <editdetail attribution="Reuters BIP Coding Group" action="confirmed" date="1997-04-24"/>
  </code>
</codes>
<codes class="bip:topics:1.0">
  <code code="E71">
    <editdetail attribution="Reuters BIP Coding Group" action="confirmed" date="1997-04-24"/>
  </code>
  <code code="ECAT">
    <editdetail attribution="Reuters BIP Coding Group" action="confirmed" date="1997-04-24"/>
  </code>
</codes>
<dc element="dc.date.created" value="1997-04-24"/>
<dc element="dc.publisher" value="Reuters Holdings Plc"/>
<dc element="dc.date.published" value="1997-04-24"/>
<dc element="dc.source" value="Reuters"/>
<dc element="dc.creator.location" value="SYDNEY"/>
<dc element="dc.creator.location.country.name" value="AUSTRALIA"/>
<dc element="dc.source" value="Reuters"/>
</metadata>
</newsitem>
