<?xml version="1.0" encoding="iso-8859-1" ?>
<newsitem itemid="448197" id="root" date="1997-03-17" xml:lang="en">
<title>FINLAND: Nokia, Siemens in TV chip deal.</title>
<headline>Nokia, Siemens in TV chip deal.</headline>
<dateline>HELSINKI 1997-03-17</dateline>
<text>
<p>Finnish telecoms group Nokia Oy said in a statement on Monday it signed a letter of intent with German electronics company Siemens AG to jointly develop a new chip for use in digital televisions.  </p>
<p>&quot;Siemens Semiconductors and Nokia Multimedia Network Terminals signed a letter of intent for their joint development of a new, integrated receiver chip to be designed for use in terrestrial digital TV reception equipment,&quot; Nokia said.</p>
<p>It said it had long been considered that a common European standard for terrestrial digital video broadcasting (DVB-T) would be impossible, but that &quot;thanks to a new chip technology it is becoming reality.&quot;</p>
<p>The new chip would support different standards &quot;enabling one type of receiver unit to be used in continental Europe, in Scandinavia and in the United Kingdom,&quot; Nokia said.  </p>
<p>&quot;Our combined resources can guarantee the timely delivery of the coming generation of digital terrestrial receiver technology,&quot; Nokia Multimedia Network Terminals assistant vice president Ari Nieminen said in the statement.</p>
<p>&quot;In the light of recent developments on this front in both the UK and Scandinavia, the market potential of digital terrestrial distribution is set to rapidly grow,&quot; he added.</p>
<p>Siemens Semiconductors senior marketing manger for video and Audio, Fabian Ruechardt, said in the Nokia statement that the project would allow Siemens &quot;to offer a single attractive solution to both the British and the Scandinavian markets.&quot;  </p>
<p>&quot;Our customers will have the advantage to receive a single system created for a volume market which will greatly contribute towards keeping down costs,&quot; he added.</p>
<p>No financial details were given about the chip development project.</p>
<p>The first chips would be available in time for the launch of digital services in Sweden at the end of 1997 and in the United Kingdom in mid-1998, Nokia said.</p>
<p>--Helsinki newsroom +358-9-680 50 245, e-mail news@reuters.fi</p>
</text>
<copyright>(c) Reuters Limited 1997</copyright>
<metadata>
<codes class="bip:countries:1.0">
  <code code="FIN">
    <editdetail attribution="Reuters BIP Coding Group" action="confirmed" date="1997-03-17"/>
  </code>
  <code code="GFR">
    <editdetail attribution="Reuters BIP Coding Group" action="confirmed" date="1997-03-17"/>
  </code>
</codes>
<codes class="bip:industries:1.0">
  <code code="I34400">
    <editdetail attribution="Reuters BIP Coding Group" action="confirmed" date="1997-03-17"/>
  </code>
</codes>
<codes class="bip:topics:1.0">
  <code code="C22">
    <editdetail attribution="Reuters BIP Coding Group" action="confirmed" date="1997-03-17"/>
  </code>
  <code code="C33">
    <editdetail attribution="Reuters BIP Coding Group" action="confirmed" date="1997-03-17"/>
  </code>
  <code code="CCAT">
    <editdetail attribution="Reuters BIP Coding Group" action="confirmed" date="1997-03-17"/>
  </code>
</codes>
<dc element="dc.date.created" value="1997-03-17"/>
<dc element="dc.publisher" value="Reuters Holdings Plc"/>
<dc element="dc.date.published" value="1997-03-17"/>
<dc element="dc.source" value="Reuters"/>
<dc element="dc.creator.location" value="HELSINKI"/>
<dc element="dc.creator.location.country.name" value="FINLAND"/>
<dc element="dc.source" value="Reuters"/>
</metadata>
</newsitem>
