<?xml version="1.0" encoding="iso-8859-1" ?>
<newsitem itemid="501132" id="root" date="1997-04-10" xml:lang="en">
<title>GERMANY: Shorter hours won't create jobs - Germany's Jagoda.</title>
<headline>Shorter hours won't create jobs - Germany's Jagoda.</headline>
<dateline>BONN 1997-04-10</dateline>
<text>
<p>The head of Germany's jobs agency said on Thursday that a trade union proposal to cut the industrial working week to 32 hours would not create new jobs and would instead encourage companies to cut costs.</p>
<p>Federal Labour Office head Bernhard Jagoda said what was needed instead was greater labour market flexibility in order to win the battle to cut Germany's 4.5 million unemployed.</p>
<p>&quot;If we reduce working times step-by-step, I have the great fear that this could be offset by rationalisation,&quot; Jagoda told Saarland radio.</p>
<p>Jagoda earlier this week announced jobless figures which showed a fall from February's 64-year record unemployment. New jobs came from hiring outdoor workers and there was no stimulus creating jobs coming from the economy.</p>
<p>His remarks came in response to a call by Klaus Zwickel, head of the powerful IG Metall industrial union, for a cut in the working week to try and boost job creation.</p>
<p>Jagoda said it was important to reach agreements which would increase the running time of industrial machinery to boost productivity, while offering workers more control over their job hours.</p>
<p>-- Bonn newsroom, 49-228-26097150</p>
</text>
<copyright>(c) Reuters Limited 1997</copyright>
<metadata>
<codes class="bip:countries:1.0">
  <code code="GFR">
    <editdetail attribution="Reuters BIP Coding Group" action="confirmed" date="1997-04-10"/>
  </code>
</codes>
<codes class="bip:topics:1.0">
  <code code="C42">
    <editdetail attribution="Reuters BIP Coding Group" action="confirmed" date="1997-04-10"/>
  </code>
  <code code="CCAT">
    <editdetail attribution="Reuters BIP Coding Group" action="confirmed" date="1997-04-10"/>
  </code>
  <code code="E41">
    <editdetail attribution="Reuters BIP Coding Group" action="confirmed" date="1997-04-10"/>
  </code>
  <code code="ECAT">
    <editdetail attribution="Reuters BIP Coding Group" action="confirmed" date="1997-04-10"/>
  </code>
  <code code="GCAT">
    <editdetail attribution="Reuters BIP Coding Group" action="confirmed" date="1997-04-10"/>
  </code>
  <code code="GJOB">
    <editdetail attribution="Reuters BIP Coding Group" action="confirmed" date="1997-04-10"/>
  </code>
</codes>
<dc element="dc.date.created" value="1997-04-10"/>
<dc element="dc.publisher" value="Reuters Holdings Plc"/>
<dc element="dc.date.published" value="1997-04-10"/>
<dc element="dc.source" value="Reuters"/>
<dc element="dc.creator.location" value="BONN"/>
<dc element="dc.creator.location.country.name" value="GERMANY"/>
<dc element="dc.source" value="Reuters"/>
</metadata>
</newsitem>
