<?xml version="1.0" encoding="iso-8859-1" ?>
<newsitem itemid="410748" id="root" date="1997-02-28" xml:lang="en">
<title>GERMANY: Debis takes majority stake in software gp Bankware.</title>
<headline>Debis takes majority stake in software gp Bankware.</headline>
<dateline>LEINFELDEN, Germany 1997-02-28</dateline>
<text>
<p>Germany's Debis Systemhaus GmbH said on Friday it had taken a 51 percent stake in a Frankfurt-based company Bankware GmbH &amp; Co KG.</p>
<p>Debis said in a statement that the investment would allow its to offer integrated solutions for the trading, treasury and risk management departments of banks.</p>
<p>Debis said its new service range would allow debis also to offer solutions generally within industry in these areas.</p>
<p>It said its services would include the setting-up of trading platforms and risk management and even a bank's full controlling system.</p>
<p>Bankware specialises in software for trading in shares, money/foreign exchange, and derivatives as well as in the integration of digital trading platforms.</p>
<p>--Frankfurt Newsroom +49 69 756525</p>
</text>
<copyright>(c) Reuters Limited 1997</copyright>
<metadata>
<codes class="bip:countries:1.0">
  <code code="GFR">
    <editdetail attribution="Reuters BIP Coding Group" action="confirmed" date="1997-02-28"/>
  </code>
</codes>
<codes class="bip:industries:1.0">
  <code code="I33010">
    <editdetail attribution="Reuters BIP Coding Group" action="confirmed" date="1997-02-28"/>
  </code>
</codes>
<codes class="bip:topics:1.0">
  <code code="C18">
    <editdetail attribution="Reuters BIP Coding Group" action="confirmed" date="1997-02-28"/>
  </code>
  <code code="C181">
    <editdetail attribution="Reuters BIP Coding Group" action="confirmed" date="1997-02-28"/>
  </code>
  <code code="CCAT">
    <editdetail attribution="Reuters BIP Coding Group" action="confirmed" date="1997-02-28"/>
  </code>
</codes>
<dc element="dc.date.created" value="1997-02-28"/>
<dc element="dc.publisher" value="Reuters Holdings Plc"/>
<dc element="dc.date.published" value="1997-02-28"/>
<dc element="dc.source" value="Reuters"/>
<dc element="dc.creator.location" value="LEINFELDEN, Germany"/>
<dc element="dc.creator.location.country.name" value="GERMANY"/>
<dc element="dc.source" value="Reuters"/>
</metadata>
</newsitem>
