<?xml version="1.0" encoding="iso-8859-1" ?>
<newsitem itemid="138981" id="root" date="1996-10-24" xml:lang="en">
<title>ITALY: SOCCER-RESULT IN ITALIAN CUP THIRD ROUND TIE.</title>
<headline>SOCCER-RESULT IN ITALIAN CUP THIRD ROUND TIE.</headline>
<dateline>CAGLIARI, Sardinia 1996-10-24</dateline>
<text>
<p>Result in an Italian</p>
<p>cup third round tie on Thursday.</p>
<p>    Cagliari	     2    Inter	   2</p>
<p>Replay on November 6. Quarter-final matches take place over</p>
<p>two legs on November 13 and 27.</p>
</text>
<copyright>(c) Reuters Limited 1996</copyright>
<metadata>
<codes class="bip:countries:1.0">
  <code code="ITALY">
    <editdetail attribution="Reuters BIP Coding Group" action="confirmed" date="1996-10-24"/>
  </code>
</codes>
<codes class="bip:topics:1.0">
  <code code="GCAT">
    <editdetail attribution="Reuters BIP Coding Group" action="confirmed" date="1996-10-24"/>
  </code>
  <code code="GSPO">
    <editdetail attribution="Reuters BIP Coding Group" action="confirmed" date="1996-10-24"/>
  </code>
</codes>
<dc element="dc.date.created" value="1996-10-24"/>
<dc element="dc.publisher" value="Reuters Holdings Plc"/>
<dc element="dc.date.published" value="1996-10-24"/>
<dc element="dc.source" value="Reuters"/>
<dc element="dc.creator.location" value="CAGLIARI, Sardinia"/>
<dc element="dc.creator.location.country.name" value="ITALY"/>
<dc element="dc.source" value="Reuters"/>
</metadata>
</newsitem>
