<?xml version="1.0" encoding="iso-8859-1" ?>
<newsitem itemid="369991" id="root" date="1997-02-11" xml:lang="en">
<title>NETHERLANDS: Timmer to quit Philips supervisory board.</title>
<headline>Timmer to quit Philips supervisory board.</headline>
<dateline>EINDHOVEN, Netherlands 1997-02-11</dateline>
<text>
<p>Philips Electronics NV said on Tuesday that former executive board chairman Jan Timmer planned to resign from the supervisory board.  </p>
<p>&quot;The supervisory board regrets this decision, but respects the personal considerations which have led to his departure,&quot; Philips said.</p>
<p>Timmer, who joined the company in 1952, was executive board chairman between July 1990 and October 1996.</p>
<p>He stepped down last year to make way for Cor Boonstra after setting up the Centurion restructuring plan, which is widely acknowledged to have rescued Philips from near-bankruptcy.</p>
<p>The company is expected to report a severe fall in profits when it reports for 1996 on Thursday.</p>
<p>The supervisory board gives the final approval to decisions of the management board, which is involved in the day-to-day running of the company.</p>
<p>A Philips spokesperson could not be contacted for further comment.</p>
<p>-- Amsterdam newsroom +31 20 504 5000, Fax +31 20 504 5040</p>
</text>
<copyright>(c) Reuters Limited 1997</copyright>
<metadata>
<codes class="bip:countries:1.0">
  <code code="NETH">
    <editdetail attribution="Reuters BIP Coding Group" action="confirmed" date="1997-02-11"/>
  </code>
</codes>
<codes class="bip:industries:1.0">
  <code code="I34000">
    <editdetail attribution="Reuters BIP Coding Group" action="confirmed" date="1997-02-11"/>
  </code>
</codes>
<codes class="bip:topics:1.0">
  <code code="C41">
    <editdetail attribution="Reuters BIP Coding Group" action="confirmed" date="1997-02-11"/>
  </code>
  <code code="C411">
    <editdetail attribution="Reuters BIP Coding Group" action="confirmed" date="1997-02-11"/>
  </code>
  <code code="CCAT">
    <editdetail attribution="Reuters BIP Coding Group" action="confirmed" date="1997-02-11"/>
  </code>
</codes>
<dc element="dc.date.created" value="1997-02-11"/>
<dc element="dc.publisher" value="Reuters Holdings Plc"/>
<dc element="dc.date.published" value="1997-02-11"/>
<dc element="dc.source" value="Reuters"/>
<dc element="dc.creator.location" value="EINDHOVEN, Netherlands"/>
<dc element="dc.creator.location.country.name" value="NETHERLANDS"/>
<dc element="dc.source" value="Reuters"/>
</metadata>
</newsitem>
