<?xml version="1.0" encoding="iso-8859-1" ?>
<newsitem itemid="603275" id="root" date="1997-05-21" xml:lang="en">
<title>SOUTH KOREA: South Korean Red Cross to offer flour to North.</title>
<headline>South Korean Red Cross to offer flour to North.</headline>
<dateline>SEOUL 1997-05-21</dateline>
<text>
<p>South Korea's Red Cross said it would offer 3,000 tonnes of flour to the North at a meeting with the North Korean Red Cross in Beijing on Friday.</p>
<p>A statement on Wednesday said the South Korean Red Cross would fund the flour purchase of one billion won ($1.12 million) from its own budget, not from private donations.  </p>
<p>&quot;We plan to offer the food aid at the next meeting,&quot; said an official at the South Korean Red Cross.</p>
<p>The inter-Korean Red Cross talks on speeding up food aid to North Korea will resume on Friday in Beijing after Seoul backed down and agreed to the Chinese capital as a venue.</p>
<p>The last round of talks on May 3 and 5 were also held in Beijing, but they broke down after the North demanded to know the exact amount of aid it could expect before discussing moves to speed up delivery.</p>
<p>The South has now agreed to that demand.</p>
<p>($1 = 890.6)</p>
</text>
<copyright>(c) Reuters Limited 1997</copyright>
<metadata>
<codes class="bip:countries:1.0">
  <code code="CHINA">
    <editdetail attribution="Reuters BIP Coding Group" action="confirmed" date="1997-05-21"/>
  </code>
  <code code="NKOREA">
    <editdetail attribution="Reuters BIP Coding Group" action="confirmed" date="1997-05-21"/>
  </code>
  <code code="SKOREA">
    <editdetail attribution="Reuters BIP Coding Group" action="confirmed" date="1997-05-21"/>
  </code>
</codes>
<codes class="bip:topics:1.0">
  <code code="E51">
    <editdetail attribution="Reuters BIP Coding Group" action="confirmed" date="1997-05-21"/>
  </code>
  <code code="ECAT">
    <editdetail attribution="Reuters BIP Coding Group" action="confirmed" date="1997-05-21"/>
  </code>
</codes>
<dc element="dc.date.created" value="1997-05-21"/>
<dc element="dc.publisher" value="Reuters Holdings Plc"/>
<dc element="dc.date.published" value="1997-05-21"/>
<dc element="dc.source" value="Reuters"/>
<dc element="dc.creator.location" value="SEOUL"/>
<dc element="dc.creator.location.country.name" value="SOUTH KOREA"/>
<dc element="dc.source" value="Reuters"/>
</metadata>
</newsitem>
