<?xml version="1.0" encoding="iso-8859-1" ?>
<newsitem itemid="405773" id="root" date="1997-02-26" xml:lang="en">
<title>USA: USWC gasoline prices firm after bullish APIs.</title>
<headline>USWC gasoline prices firm after bullish APIs.</headline>
<dateline>LOS ANGELES 1997-02-25</dateline>
<text>
<p>U.S. West Coast spot gasoline prices firmed Tuesday, as inventories fell and shippers increased buying ahead of Thursday's pipeline scheduling deadline, brokers said.</p>
<p>The American Petroleum Institute (API) reported West Coast gasoline inventories at 28.8 million barrels, down 554,000 barrels for the week ended February 21.</p>
<p>&quot;The inventories today were bullish,&quot; one broker said.</p>
<p>Spot prices gained support from March NYMEX gasoline, which climbed 0.77 cents a gallon on ACCESS, after ending the floor session 1.99 cents higher at 62.23 cents.  </p>
<p>NYMEX crude, another influence on PADD 5 spot trade, rose 14 cents a barrel on ACCESS to $21.14 after API showed U.S. Gulf stocks off 2.9 million barrels last week.</p>
<p>The draw lent a bearish undertone to the total U.S. build of 516,000 barrels last week.</p>
<p>Bids for CARB gasoline in Los Angeles were talked two cents a gallon higher at 73.00 cents, with deals done at 73.50 cents and 73 cents Tuesday, traders said.</p>
<p>Conventional gasoline in L.A. was assessed between 68 and 68.50 cents a gallon, about two cents over yesterday's levels.</p>
<p>Buyers scrambled to buy barrels before Thursday's deadline to commit shipments on the Santa Fe Pipeline. Barrels must be set before the first barrels are sent next week, traders said.</p>
<p>Buying remained slack for distillates, with CARB diesel bids in L.A. falling 2.50 cents a gallon to 70.50.</p>
<p>((David Brinkerhoff, Los Angeles bureau +1 213 380 2014))</p>
</text>
<copyright>(c) Reuters Limited 1997</copyright>
<metadata>
<codes class="bip:countries:1.0">
  <code code="USA">
    <editdetail attribution="Reuters BIP Coding Group" action="confirmed" date="1997-02-26"/>
  </code>
</codes>
<codes class="bip:topics:1.0">
  <code code="M14">
    <editdetail attribution="Reuters BIP Coding Group" action="confirmed" date="1997-02-26"/>
  </code>
  <code code="M143">
    <editdetail attribution="Reuters BIP Coding Group" action="confirmed" date="1997-02-26"/>
  </code>
  <code code="MCAT">
    <editdetail attribution="Reuters BIP Coding Group" action="confirmed" date="1997-02-26"/>
  </code>
</codes>
<dc element="dc.date.created" value="1997-02-25"/>
<dc element="dc.publisher" value="Reuters Holdings Plc"/>
<dc element="dc.date.published" value="1997-02-26"/>
<dc element="dc.source" value="Reuters"/>
<dc element="dc.creator.location" value="LOS ANGELES"/>
<dc element="dc.creator.location.country.name" value="USA"/>
<dc element="dc.source" value="Reuters"/>
</metadata>
</newsitem>
