<?xml version="1.0" encoding="iso-8859-1" ?>
<newsitem itemid="100712" id="root" date="1996-10-07" xml:lang="en">
<title>MOROCCO: Morocco's Eqdom raises capital to $19.1 mln.</title>
<headline>Morocco's Eqdom raises capital to $19.1 mln.</headline>
<dateline>CASABLANCA 1996-10-07</dateline>
<text>
<p>Morocco's credit firm Eqdom, said on Monday it was to increase its capital to 166.6 million dirhams ($19.1 million) from 111.1 million dirhams ($12.7 million).</p>
<p>&quot;Eqdom decided to increase its capital in two simultanous operations of stock split and rights issue to 166.5 million dirhams,&quot; the firm said.</p>
<p>The company said the stock will be increased to 1.6 million shares from 1.1 million shares. It gave no date.</p>
<p>Eqdom, Morocco's first consumer credit company, was set up in 1974 by two government owned organisations, the Societe Nationale d'Investissement and Caisse de Depot et de Gestion.</p>
<p>In 1995, as part of its privatisation programme, the government sold 18 percent of its share capital through a public offering on the stock market.</p>
<p>According to the Casablanca Finance Intermediation (CFI), Eqdom has extended its activity form providing civil servants with small credits for the purchase of household appliances to a larger scale of personal lending.</p>
<p>&quot;Personal lending has been growing rapidly over the past few years and accounted for 48 percent of new loans granted in 1995 ... It accounts for an increasingly large proportion of the total loan book and is likely to push through the 50 percent barrier in 1996,&quot; CFI said in a recent report.</p>
<p>Eqdom, is among the 46-listed companies on the Casablanca stock market. Its shares were traded on the bourse on Monday at 1,009 dirhams, up 29 dirhams on the previous session.</p>
<p>The total dividend paid in 1996 will amount to 18.9 million dirhams, a pay-out of only 16.6 percent of 1995 profit or 21 percent of 1996 estimated net profit, CFI added.</p>
<p>($1= 8.7 dirhams)</p>
<p>- Rabat newsroom (212-7) 726518</p>
</text>
<copyright>(c) Reuters Limited 1996</copyright>
<metadata>
<codes class="bip:countries:1.0">
  <code code="MOROC">
    <editdetail attribution="Reuters BIP Coding Group" action="confirmed" date="1996-10-07"/>
  </code>
</codes>
<codes class="bip:industries:1.0">
  <code code="I81400">
    <editdetail attribution="Reuters BIP Coding Group" action="confirmed" date="1996-10-07"/>
  </code>
</codes>
<codes class="bip:topics:1.0">
  <code code="C17">
    <editdetail attribution="Reuters BIP Coding Group" action="confirmed" date="1996-10-07"/>
  </code>
  <code code="C171">
    <editdetail attribution="Reuters BIP Coding Group" action="confirmed" date="1996-10-07"/>
  </code>
  <code code="CCAT">
    <editdetail attribution="Reuters BIP Coding Group" action="confirmed" date="1996-10-07"/>
  </code>
</codes>
<dc element="dc.date.created" value="1996-10-07"/>
<dc element="dc.publisher" value="Reuters Holdings Plc"/>
<dc element="dc.date.published" value="1996-10-07"/>
<dc element="dc.source" value="Reuters"/>
<dc element="dc.creator.location" value="CASABLANCA"/>
<dc element="dc.creator.location.country.name" value="MOROCCO"/>
<dc element="dc.source" value="Reuters"/>
</metadata>
</newsitem>
