<?xml version="1.0" encoding="iso-8859-1" ?>
<newsitem itemid="515967" id="root" date="1997-04-17" xml:lang="en">
<title>USA: Stifel Financial Q1 shr $0.34 vs $0.03.</title>
<headline>Stifel Financial Q1 shr $0.34 vs $0.03.</headline>
<dateline>ST. LOUIS, Mo. 1997-04-17</dateline>
<text>
<p>1997			1996</p>
<p> Shr primary		$0.34		    $0.03</p>
<p> Shr diluted		 0.28		     0.03</p>
<p> Net			  1,647			150</p>
<p> Revs			31,845		   23,438</p>
<p> Avg shrs primary	 4,852		    4,724</p>
<p> Avg shrs diluted	 6,270		    6,145</p>
<p>(All data above 000s except per share numbers)</p>
<p>NOTE For quarters ended March 27, 1997, and March 29, 1996.</p>
<p>All share figures reflect a five percent stock dividend of Jan 21. Fully diluted earnings reflect the possible dilutive effect of $10 million in senior convertible notes. Fully diluted earnings for the first quarter of 1996 were anti-dilutive.</p>
</text>
<copyright>(c) Reuters Limited 1997</copyright>
<metadata>
<codes class="bip:countries:1.0">
  <code code="USA">
    <editdetail attribution="Reuters BIP Coding Group" action="confirmed" date="1997-04-17"/>
  </code>
</codes>
<codes class="bip:industries:1.0">
  <code code="I83100">
    <editdetail attribution="Reuters BIP Coding Group" action="confirmed" date="1997-04-17"/>
  </code>
</codes>
<codes class="bip:topics:1.0">
  <code code="C15">
    <editdetail attribution="Reuters BIP Coding Group" action="confirmed" date="1997-04-17"/>
  </code>
  <code code="C151">
    <editdetail attribution="Reuters BIP Coding Group" action="confirmed" date="1997-04-17"/>
  </code>
  <code code="CCAT">
    <editdetail attribution="Reuters BIP Coding Group" action="confirmed" date="1997-04-17"/>
  </code>
</codes>
<dc element="dc.date.created" value="1997-04-17"/>
<dc element="dc.publisher" value="Reuters Holdings Plc"/>
<dc element="dc.date.published" value="1997-04-17"/>
<dc element="dc.source" value="Reuters"/>
<dc element="dc.creator.location" value="ST. LOUIS, Mo."/>
<dc element="dc.creator.location.country.name" value="USA"/>
<dc element="dc.source" value="Reuters"/>
</metadata>
</newsitem>
