<?xml version="1.0" encoding="iso-8859-1" ?>
<newsitem itemid="431762" id="root" date="1997-03-10" xml:lang="en">
<title>PHILIPPINES: Metro Pacific to double capital. [corrected 09:50 gmt]</title>
<headline>Metro Pacific to double capital. [corrected 09:50 gmt]</headline>
<dateline>MANILA 1997-03-10</dateline>
<text>
<p>The board of directors of Metro Pacific Corp has approved the doubling of the company's authorised capital stock to ten billion pesos from five billion pesos, the company said in a statement on Monday.</p>
<p>Metro Pacific, a diversified concern, is the flagship unit of Hong Kong's First Pacific Co Ltd.</p>
<p>The new capital structure will be divided into nine billion common shares and one billion preferred shares, the company said in the statement submitted to the Securities and Exchange Commission.</p>
<p>The previous structure had four billion common (corrects type of share from &quot;preferred&quot;) and one billion preferred shares.</p>
<p>- Manila newsroom 63 2 841-8937 fax 8176267</p>
</text>
<copyright>(c) Reuters Limited 1997</copyright>
<metadata>
<codes class="bip:countries:1.0">
  <code code="HKONG">
    <editdetail attribution="Reuters BIP Coding Group" action="confirmed" date="1997-03-10"/>
  </code>
  <code code="PHLNS">
    <editdetail attribution="Reuters BIP Coding Group" action="confirmed" date="1997-03-10"/>
  </code>
</codes>
<codes class="bip:industries:1.0">
  <code code="I83960">
    <editdetail attribution="Reuters BIP Coding Group" action="confirmed" date="1997-03-10"/>
  </code>
</codes>
<codes class="bip:topics:1.0">
  <code code="C17">
    <editdetail attribution="Reuters BIP Coding Group" action="confirmed" date="1997-03-10"/>
  </code>
  <code code="C171">
    <editdetail attribution="Reuters BIP Coding Group" action="confirmed" date="1997-03-10"/>
  </code>
  <code code="CCAT">
    <editdetail attribution="Reuters BIP Coding Group" action="confirmed" date="1997-03-10"/>
  </code>
</codes>
<dc element="dc.date.created" value="1997-03-10"/>
<dc element="dc.publisher" value="Reuters Holdings Plc"/>
<dc element="dc.date.published" value="1997-03-10"/>
<dc element="dc.source" value="Reuters"/>
<dc element="dc.creator.location" value="MANILA"/>
<dc element="dc.creator.location.country.name" value="PHILIPPINES"/>
<dc element="dc.source" value="Reuters"/>
</metadata>
</newsitem>
