<?xml version="1.0" encoding="iso-8859-1" ?>
<newsitem itemid="493274" id="root" date="1997-04-08" xml:lang="en">
<title>NIGERIA: Nigeria's Abacha promises fuel to paralysed Lagos.</title>
<headline>Nigeria's Abacha promises fuel to paralysed Lagos.</headline>
<dateline>LAGOS 1997-04-08</dateline>
<text>
<p>Nigeria's military strongman General Sani Abacha has ordered petrol to be sent to the commercial capital Lagos, paralysed by fuel scarcity, his close aide said on Tuesday.</p>
<p>Speaking on national television the military governor of Lagos State, Colonel Mohammed Marwa, said Abacha had given the order for the immediate supply of petrol to Lagos and for importation of fuel to avoid long-term shortages.</p>
<p>&quot;In a matter of days things are going to improve,&quot; Marwa said. He did not say where the petrol would be found to send to Lagos, with most of the country now suffering shortages.</p>
<p>For over two weeks the hub of Nigerian business has suffered an intensifying fuel shortage which in recent days has spread across the country, including the government capital Abuja.</p>
<p>The bitter irony of fuel shortages in Africa's biggest oil producer has not been lost on a local press which has dubbed it a &quot;national shame&quot;.</p>
<p>The state-run Nigerian National Petroleum Corporation (NNPC) has not given any definite explanation for the shortages, but NNPC officials privately say corruption is partly to blame.</p>
<p>&quot;The ultimate solution is to deregulate the petroleum industry. If that is done the refineries will run profitably and there will be no fuel shortage,&quot; said one NNPC official.</p>
<p>Long queues have become a common feature at any pump station dispensing fuel, while a black market is booming with people paying as much 4,000 naira ($47) for a 50-litre (10 gallon) can of petrol, more than seven times the normal price.</p>
<p>Nigeria, a major player in the Organisation of Petroleum Exporting Countries (OPEC), produces roughly two million barrels a day (bpd) of crude oil.</p>
<p>Of this, 250,000 bpd is allocated to four refineries with a combined capacity to process 445,000 bpd of crude, but they are currently operating well below that.</p>
<p>($1=85 naira)</p>
</text>
<copyright>(c) Reuters Limited 1997</copyright>
<metadata>
<codes class="bip:countries:1.0">
  <code code="NIGEA">
    <editdetail attribution="Reuters BIP Coding Group" action="confirmed" date="1997-04-08"/>
  </code>
</codes>
<codes class="bip:industries:1.0">
  <code code="I13000">
    <editdetail attribution="Reuters BIP Coding Group" action="confirmed" date="1997-04-08"/>
  </code>
  <code code="I1300003">
    <editdetail attribution="Reuters BIP Coding Group" action="confirmed" date="1997-04-08"/>
  </code>
  <code code="I14000">
    <editdetail attribution="Reuters BIP Coding Group" action="confirmed" date="1997-04-08"/>
  </code>
  <code code="I65200">
    <editdetail attribution="Reuters BIP Coding Group" action="confirmed" date="1997-04-08"/>
  </code>
</codes>
<codes class="bip:topics:1.0">
  <code code="C21">
    <editdetail attribution="Reuters BIP Coding Group" action="confirmed" date="1997-04-08"/>
  </code>
  <code code="C24">
    <editdetail attribution="Reuters BIP Coding Group" action="confirmed" date="1997-04-08"/>
  </code>
  <code code="CCAT">
    <editdetail attribution="Reuters BIP Coding Group" action="confirmed" date="1997-04-08"/>
  </code>
</codes>
<dc element="dc.date.created" value="1997-04-08"/>
<dc element="dc.publisher" value="Reuters Holdings Plc"/>
<dc element="dc.date.published" value="1997-04-08"/>
<dc element="dc.source" value="Reuters"/>
<dc element="dc.creator.location" value="LAGOS"/>
<dc element="dc.creator.location.country.name" value="NIGERIA"/>
<dc element="dc.source" value="Reuters"/>
</metadata>
</newsitem>
