<?xml version="1.0" encoding="iso-8859-1" ?>
<newsitem itemid="665568" id="root" date="1997-06-17" xml:lang="en">
<title>USA: RESEARCH ALERT - Thorn Apple rated buy.</title>
<headline>RESEARCH ALERT - Thorn Apple rated buy.</headline>
<dateline>MINNEAPOLIS 1997-06-17</dateline>
<text>
<p>Dain Bosworth analyst Bonnie Wittenburg said Tuesday she began coverage of pork processor Thorn Apple Valley Inc with a buy rating.</p>
<p>-- &quot;We believe a significant turnaround is underway at Thorn Apple Valley...,&quot; Wittenburg said in a report.</p>
<p>-- She added she expects earnings to grow from a &quot;slight loss&quot; in fiscal 1997 on a LIFO-adjusted basis to a profit of $1.05 a share in fiscal 1998 and $2.50 in fiscal 1999.</p>
<p>-- Thorn Apple shares were up 3/8 at 18.  </p>
<p>-- In a report, Wittenburg said Thorn Apple was hit severely in fiscal 1996 when it made a substantial acquisition and undertook &quot;huge&quot; capital expenditures to upgrade and build facilities, at a time when industry pork margins suffered.</p>
<p>-- &quot;Now Thorn Apple Valley is the largest and most efficient that it has ever been; its capital spending needs are modest, margins are improving; debt is being reduced, interest rates have come down, and cash flow is improving dramatically,&quot; Wittenburg said.</p>
<p>-- She added Thorn Apple is changing from being heavily dependent on private label and fresh pork commodity products to deriving a majority of its sales and earnings from higher margin proprietary branded products.</p>
<p>((Reuters Chicago Newsdesk (312) 408-8787))</p>
</text>
<copyright>(c) Reuters Limited 1997</copyright>
<metadata>
<codes class="bip:countries:1.0">
  <code code="USA">
    <editdetail attribution="Reuters BIP Coding Group" action="confirmed" date="1997-06-17"/>
  </code>
</codes>
<codes class="bip:industries:1.0">
  <code code="I41220">
    <editdetail attribution="Reuters BIP Coding Group" action="confirmed" date="1997-06-17"/>
  </code>
</codes>
<codes class="bip:topics:1.0">
  <code code="C15">
    <editdetail attribution="Reuters BIP Coding Group" action="confirmed" date="1997-06-17"/>
  </code>
  <code code="C152">
    <editdetail attribution="Reuters BIP Coding Group" action="confirmed" date="1997-06-17"/>
  </code>
  <code code="CCAT">
    <editdetail attribution="Reuters BIP Coding Group" action="confirmed" date="1997-06-17"/>
  </code>
</codes>
<dc element="dc.date.created" value="1997-06-17"/>
<dc element="dc.publisher" value="Reuters Holdings Plc"/>
<dc element="dc.date.published" value="1997-06-17"/>
<dc element="dc.source" value="Reuters"/>
<dc element="dc.creator.location" value="MINNEAPOLIS"/>
<dc element="dc.creator.location.country.name" value="USA"/>
<dc element="dc.source" value="Reuters"/>
</metadata>
</newsitem>
