<?xml version="1.0" encoding="iso-8859-1" ?>
<newsitem itemid="390989" id="root" date="1997-02-20" xml:lang="en">
<title>MEXICO: Mexican daily port, shipping update for Feb. 20.</title>
<headline>Mexican daily port, shipping update for Feb. 20.</headline>
<dateline>MEXICO CITY 1997-02-20</dateline>
<text>
<p>All major Mexican ports were reported open Thursday, the Communications and Transport Ministry said in its 1000 local/1600 GMT daily meteorological report.</p>
<p>The ministry said El Mezquital was shut to smaller tourism and fishing boats.</p>
<p>The ministry updated port conditions and shipping warnings for the Gulf of Mexico, Caribbean and Pacific Coast.</p>
<p>-- Pacific Coast:</p>
<p>Lower temperatures along the northern coastline with winds reported from 10 to 20 knots (19 to 38 km/11 to 22 miles per hour) and waves from seven to nine feet high. Clear skies and light winds along remainder of shores.</p>
<p>-- Gulf of Mexico:</p>
<p>Weak cold front dropping temperatures in northwest of golf. Some clouds along rest of coast with winds from east and southeast at 10 to 20 knots and waves four to seven feet high.</p>
<p>-- Caribbean:</p>
<p>Possible light rains and strong winds along coasts of Quintana Roo state and Belize. Winds from the east and southeast from about 20 to 30 km per hour.</p>
<p>((--Timna Tanners, Mexico City newsroom +525 728-7903))</p>
</text>
<copyright>(c) Reuters Limited 1997</copyright>
<metadata>
<codes class="bip:countries:1.0">
  <code code="MEX">
    <editdetail attribution="Reuters BIP Coding Group" action="confirmed" date="1997-02-20"/>
  </code>
</codes>
<codes class="bip:industries:1.0">
  <code code="I76300">
    <editdetail attribution="Reuters BIP Coding Group" action="confirmed" date="1997-02-20"/>
  </code>
</codes>
<codes class="bip:topics:1.0">
  <code code="C24">
    <editdetail attribution="Reuters BIP Coding Group" action="confirmed" date="1997-02-20"/>
  </code>
  <code code="CCAT">
    <editdetail attribution="Reuters BIP Coding Group" action="confirmed" date="1997-02-20"/>
  </code>
</codes>
<dc element="dc.date.created" value="1997-02-20"/>
<dc element="dc.publisher" value="Reuters Holdings Plc"/>
<dc element="dc.date.published" value="1997-02-20"/>
<dc element="dc.source" value="Reuters"/>
<dc element="dc.creator.location" value="MEXICO CITY"/>
<dc element="dc.creator.location.country.name" value="MEXICO"/>
<dc element="dc.source" value="Reuters"/>
</metadata>
</newsitem>
