<?xml version="1.0" encoding="iso-8859-1" ?>
<newsitem itemid="160971" id="root" date="1996-11-01" xml:lang="en">
<title>UK: UK money market forecasts 1.2 bln stg shortage.</title>
<headline>UK money market forecasts 1.2 bln stg shortage.</headline>
<dateline>LONDON 1996-11-01</dateline>
<text>
<p>The average of forecasts by UK money market brokers of today's market shortage is 1.2 billion stg, according to a Reuter market survey.</p>
<p>The official forecast for the shortage will be released by the Bank of England at between 0945 GMT and 1000 GMT.</p>
</text>
<copyright>(c) Reuters Limited 1996</copyright>
<metadata>
<codes class="bip:countries:1.0">
  <code code="UK">
    <editdetail attribution="Reuters BIP Coding Group" action="confirmed" date="1996-11-01"/>
  </code>
</codes>
<codes class="bip:topics:1.0">
  <code code="M13">
    <editdetail attribution="Reuters BIP Coding Group" action="confirmed" date="1996-11-01"/>
  </code>
  <code code="M131">
    <editdetail attribution="Reuters BIP Coding Group" action="confirmed" date="1996-11-01"/>
  </code>
  <code code="MCAT">
    <editdetail attribution="Reuters BIP Coding Group" action="confirmed" date="1996-11-01"/>
  </code>
</codes>
<dc element="dc.date.created" value="1996-11-01"/>
<dc element="dc.publisher" value="Reuters Holdings Plc"/>
<dc element="dc.date.published" value="1996-11-01"/>
<dc element="dc.source" value="Reuters"/>
<dc element="dc.creator.location" value="LONDON"/>
<dc element="dc.creator.location.country.name" value="UK"/>
<dc element="dc.source" value="Reuters"/>
</metadata>
</newsitem>
