<?xml version="1.0" encoding="iso-8859-1" ?>
<newsitem itemid="343911" id="root" date="1997-01-30" xml:lang="en">
<title>CHINA: Two China zoo staff eat endangered deer.</title>
<headline>Two China zoo staff eat endangered deer.</headline>
<dateline>BEIJING 1997-01-30</dateline>
<text>
<p>Police have arrested two staff of a zoo in central China who killed and ate an endangered white fallow deer, officials said on Thursday.</p>
<p>Police in Wuhan, Hubei province, detained the two after their January 23 feast, a zoo official said.</p>
<p>The two men entered the deer pen, broke the deer's neck, cooked and ate it, the official said.</p>
<p>The Wuhan zoo had just bought three of the endangered deer that live in southern Europe for 4,000 yuan ($480) each.</p>
</text>
<copyright>(c) Reuters Limited 1997</copyright>
<metadata>
<codes class="bip:countries:1.0">
  <code code="CHINA">
    <editdetail attribution="Reuters BIP Coding Group" action="confirmed" date="1997-01-30"/>
  </code>
</codes>
<codes class="bip:topics:1.0">
  <code code="GCAT">
    <editdetail attribution="Reuters BIP Coding Group" action="confirmed" date="1997-01-30"/>
  </code>
  <code code="GCRIM">
    <editdetail attribution="Reuters BIP Coding Group" action="confirmed" date="1997-01-30"/>
  </code>
  <code code="GENV">
    <editdetail attribution="Reuters BIP Coding Group" action="confirmed" date="1997-01-30"/>
  </code>
  <code code="GODD">
    <editdetail attribution="Reuters BIP Coding Group" action="confirmed" date="1997-01-30"/>
  </code>
</codes>
<dc element="dc.date.created" value="1997-01-30"/>
<dc element="dc.publisher" value="Reuters Holdings Plc"/>
<dc element="dc.date.published" value="1997-01-30"/>
<dc element="dc.source" value="Reuters"/>
<dc element="dc.creator.location" value="BEIJING"/>
<dc element="dc.creator.location.country.name" value="CHINA"/>
<dc element="dc.source" value="Reuters"/>
</metadata>
</newsitem>
