<?xml version="1.0" encoding="iso-8859-1" ?>
<newsitem itemid="235396" id="root" date="1996-12-04" xml:lang="en">
<title>SWEDEN: S&amp;P affirms Saga Petroleum BBB+ rating.</title>
<headline>S&amp;P affirms Saga Petroleum BBB+ rating.</headline>
<dateline>STOCKHOLM 1996-12-04</dateline>
<text>
<p>U.S. credit rating agency Standard &amp; Poor's (S&amp;P) on Wednesday affirmed the senior unsecured debt rating for Saga Petroleum A.S. at BBB+ after the company's acquisition of Kuwaiti-owned North Sea exploration group Santa Fe Exploration Ltd.</p>
<p>It said Saga's outlook was stable.  </p>
<p>S&amp;P said Saga was to pay $1.2 billion to state-owned Kuwait Petroleum Corp for Santa Fe financed by debt. Initially net debt to capital will rise to around 60 percent against 31 percent this August.</p>
<p>&quot;While a dramatic increase, the rating anticipated investment beyond internally generated funds,&quot; S&amp;P said in a statement.</p>
<p>&quot;Nevertheless the flexibility within the rating category is now limited and a reduction in leverage is expected in coming years although not to the pre-acquistion level.&quot;</p>
<p>S&amp;P said the purchase was in line with Saga's strategy to increase its revenue base and to broaden its geographical coverage.</p>
<p>The agency said the company's outlook was stable.</p>
<p>&quot;The flexibility within the rating category is now limited and a reduction in leverage is expected in coming years,&quot; it said.</p>
<p>Saga's deal is the second biggest acquisition by a Norwegian company following Kvaerner's takeover of British conglomerate Trafalgar House Plc in April for 8.9 billion crowns ($1.4 billion).</p>
<p>-- Belinda Goldsmith, Stockholm newsroom +46-8-700 1017</p>
</text>
<copyright>(c) Reuters Limited 1996</copyright>
<metadata>
<codes class="bip:countries:1.0">
  <code code="KUWAIT">
    <editdetail attribution="Reuters BIP Coding Group" action="confirmed" date="1996-12-04"/>
  </code>
  <code code="SWED">
    <editdetail attribution="Reuters BIP Coding Group" action="confirmed" date="1996-12-04"/>
  </code>
  <code code="UK">
    <editdetail attribution="Reuters BIP Coding Group" action="confirmed" date="1996-12-04"/>
  </code>
</codes>
<codes class="bip:industries:1.0">
  <code code="I13000">
    <editdetail attribution="Reuters BIP Coding Group" action="confirmed" date="1996-12-04"/>
  </code>
  <code code="I1300003">
    <editdetail attribution="Reuters BIP Coding Group" action="confirmed" date="1996-12-04"/>
  </code>
</codes>
<codes class="bip:topics:1.0">
  <code code="C17">
    <editdetail attribution="Reuters BIP Coding Group" action="confirmed" date="1996-12-04"/>
  </code>
  <code code="C174">
    <editdetail attribution="Reuters BIP Coding Group" action="confirmed" date="1996-12-04"/>
  </code>
  <code code="C18">
    <editdetail attribution="Reuters BIP Coding Group" action="confirmed" date="1996-12-04"/>
  </code>
  <code code="C181">
    <editdetail attribution="Reuters BIP Coding Group" action="confirmed" date="1996-12-04"/>
  </code>
  <code code="CCAT">
    <editdetail attribution="Reuters BIP Coding Group" action="confirmed" date="1996-12-04"/>
  </code>
</codes>
<dc element="dc.date.created" value="1996-12-04"/>
<dc element="dc.publisher" value="Reuters Holdings Plc"/>
<dc element="dc.date.published" value="1996-12-04"/>
<dc element="dc.source" value="Reuters"/>
<dc element="dc.creator.location" value="STOCKHOLM"/>
<dc element="dc.creator.location.country.name" value="SWEDEN"/>
<dc element="dc.source" value="Reuters"/>
</metadata>
</newsitem>
