<?xml version="1.0" encoding="iso-8859-1" ?>
<newsitem itemid="114471" id="root" date="1996-10-14" xml:lang="en">
<title>USA: Viacom Inc, Sprint in Internet pact.</title>
<headline>Viacom Inc, Sprint in Internet pact.</headline>
<dateline>NEW YORK 1996-10-14</dateline>
<text>
<p>Viacom Inc and Sprint said Monday they had entered into an agreement to develop and distribute branded direct Internet access products.</p>
<p>In a dual announcement, the companies said the agreement lays the foundation for Sprint to develop and distribute Internet access products with Viacom's various business units, including Blockbuster Entertainment Group and Simon &amp; Schuster.</p>
<p>The companies said they expect to announce the first of these offerings later this fall.</p>
</text>
<copyright>(c) Reuters Limited 1996</copyright>
<metadata>
<codes class="bip:countries:1.0">
  <code code="USA">
    <editdetail attribution="Reuters BIP Coding Group" action="confirmed" date="1996-10-14"/>
  </code>
</codes>
<codes class="bip:industries:1.0">
  <code code="I33030">
    <editdetail attribution="Reuters BIP Coding Group" action="confirmed" date="1996-10-14"/>
  </code>
  <code code="I79020">
    <editdetail attribution="Reuters BIP Coding Group" action="confirmed" date="1996-10-14"/>
  </code>
  <code code="I97400">
    <editdetail attribution="Reuters BIP Coding Group" action="confirmed" date="1996-10-14"/>
  </code>
</codes>
<codes class="bip:topics:1.0">
  <code code="C11">
    <editdetail attribution="Reuters BIP Coding Group" action="confirmed" date="1996-10-14"/>
  </code>
  <code code="C33">
    <editdetail attribution="Reuters BIP Coding Group" action="confirmed" date="1996-10-14"/>
  </code>
  <code code="CCAT">
    <editdetail attribution="Reuters BIP Coding Group" action="confirmed" date="1996-10-14"/>
  </code>
</codes>
<dc element="dc.date.created" value="1996-10-14"/>
<dc element="dc.publisher" value="Reuters Holdings Plc"/>
<dc element="dc.date.published" value="1996-10-14"/>
<dc element="dc.source" value="Reuters"/>
<dc element="dc.creator.location" value="NEW YORK"/>
<dc element="dc.creator.location.country.name" value="USA"/>
<dc element="dc.source" value="Reuters"/>
</metadata>
</newsitem>
