<?xml version="1.0" encoding="iso-8859-1" ?>
<newsitem itemid="315462" id="root" date="1997-01-17" xml:lang="en">
<title>USA: Ore. based Portland Genl rate cut on costs.</title>
<headline>Ore. based Portland Genl rate cut on costs.</headline>
<dateline>LOS ANGELES 1997-01-16</dateline>
<text>
<p>A proposed rate reduction for Portland General Electric Co's customers was based on cost and revenue shifts which would result from Enron Corp's planned merger with the utility, a member of the Oregon Public Utility Commission staff said on Thursday.</p>
<p>Commission staff have advised that the merger be conditional on a rate cut for Portland General's (PGE) customers of $47.5 million annually for four years.</p>
<p>Under the proposal, the rate cut would then fall to $11.2 million per year until the utility's next rate case.</p>
<p>Mike Myers, OPUC programme manager, said the recommendation was based on cost savings attributed to the merger, compensation for PGE's trading floor which will be absorbed by Enron's and revenue that PGE's trading operations would have generated.</p>
<p>Assets such as the good-will of the utility name were also factored into the rate cut proposal, he said.</p>
<p>The OPUC staff also set conditions such as assurances of service quality for approval of the merger.</p>
<p>OPUC staff are due to make a final merger recommendation by January 31, with the commission scheduled to make its decision on March 17. --D Beasley, Los Angeles bureau (213) 955 6761</p>
</text>
<copyright>(c) Reuters Limited 1997</copyright>
<metadata>
<codes class="bip:countries:1.0">
  <code code="USA">
    <editdetail attribution="Reuters BIP Coding Group" action="confirmed" date="1997-01-17"/>
  </code>
</codes>
<codes class="bip:industries:1.0">
  <code code="I13000">
    <editdetail attribution="Reuters BIP Coding Group" action="confirmed" date="1997-01-17"/>
  </code>
  <code code="I16100">
    <editdetail attribution="Reuters BIP Coding Group" action="confirmed" date="1997-01-17"/>
  </code>
</codes>
<codes class="bip:topics:1.0">
  <code code="C13">
    <editdetail attribution="Reuters BIP Coding Group" action="confirmed" date="1997-01-17"/>
  </code>
  <code code="C18">
    <editdetail attribution="Reuters BIP Coding Group" action="confirmed" date="1997-01-17"/>
  </code>
  <code code="C181">
    <editdetail attribution="Reuters BIP Coding Group" action="confirmed" date="1997-01-17"/>
  </code>
  <code code="C31">
    <editdetail attribution="Reuters BIP Coding Group" action="confirmed" date="1997-01-17"/>
  </code>
  <code code="CCAT">
    <editdetail attribution="Reuters BIP Coding Group" action="confirmed" date="1997-01-17"/>
  </code>
</codes>
<dc element="dc.date.created" value="1997-01-16"/>
<dc element="dc.publisher" value="Reuters Holdings Plc"/>
<dc element="dc.date.published" value="1997-01-17"/>
<dc element="dc.source" value="Reuters"/>
<dc element="dc.creator.location" value="LOS ANGELES"/>
<dc element="dc.creator.location.country.name" value="USA"/>
<dc element="dc.source" value="Reuters"/>
</metadata>
</newsitem>
