<?xml version="1.0" encoding="iso-8859-1" ?>
<newsitem itemid="191531" id="root" date="1996-11-15" xml:lang="en">
<title>USA: IVAX Corp amends credit facility.</title>
<headline>IVAX Corp amends credit facility.</headline>
<dateline>MIAMI 1996-11-15</dateline>
<text>
<p>IVAX Corp said Friday that it had amended its revolving credit facility to permit borrowings of up to $375 million.</p>
<p>As a result of the amendment, all amounts outstanding under the facility are classified as long term debt, the company said, adding that it is in full compliance with all provisions of the facility.</p>
<p>The facility matures in November 1999 and contains financial and other covenants, including a prohibition on the payment of dividends, the company said.</p>
</text>
<copyright>(c) Reuters Limited 1996</copyright>
<metadata>
<codes class="bip:countries:1.0">
  <code code="USA">
    <editdetail attribution="Reuters BIP Coding Group" action="confirmed" date="1996-11-15"/>
  </code>
</codes>
<codes class="bip:industries:1.0">
  <code code="I25700">
    <editdetail attribution="Reuters BIP Coding Group" action="confirmed" date="1996-11-15"/>
  </code>
</codes>
<codes class="bip:topics:1.0">
  <code code="C17">
    <editdetail attribution="Reuters BIP Coding Group" action="confirmed" date="1996-11-15"/>
  </code>
  <code code="C173">
    <editdetail attribution="Reuters BIP Coding Group" action="confirmed" date="1996-11-15"/>
  </code>
  <code code="CCAT">
    <editdetail attribution="Reuters BIP Coding Group" action="confirmed" date="1996-11-15"/>
  </code>
</codes>
<dc element="dc.date.created" value="1996-11-15"/>
<dc element="dc.publisher" value="Reuters Holdings Plc"/>
<dc element="dc.date.published" value="1996-11-15"/>
<dc element="dc.source" value="Reuters"/>
<dc element="dc.creator.location" value="MIAMI"/>
<dc element="dc.creator.location.country.name" value="USA"/>
<dc element="dc.source" value="Reuters"/>
</metadata>
</newsitem>
