<?xml version="1.0" encoding="iso-8859-1" ?>
<newsitem itemid="728042" id="root" date="1997-07-15" xml:lang="en">
<title>USA: TABLE - Mission West Properties Q2 results.</title>
<headline>TABLE - Mission West Properties Q2 results.</headline>
<dateline>SAN DIEGO 1997-07-15</dateline>
<text>
<p>Mission West Properties</p>
<p>				  Financial Highlights</p>
<p>		    Three Months Ended	   Six Months Ended</p>
<p>			    May 31			  May 31</p>
<p>			 1997	 1996	    1997	  1996</p>
<p> Revenues   $ 3,260,000 $ 1,910,000  $ 52,117,000 $ 3,797,000</p>
<p>Costs and</p>
<p>   Expenses   3,536,000   1,795,000    47,306,000   3,543,000</p>
<p>Income (Loss)</p>
<p>Before Income</p>
<p>   Taxes	(276,000)     115,000     4,811,000     254,000</p>
<p>Income Taxes</p>
<p>   (Benefit)  (318,000)	46,000     1,373,000     102,000</p>
<p> Net Income	42,000	69,000     3,438,000     152,000</p>
<p>Net Income</p>
<p>   Per Share	 0.03	  0.05	    2.34	  0.11</p>
<p>Average Number</p>
<p>of Shares</p>
<p>Outstanding</p>
<p>		  1,533,121   1,371,121     1,467,253   1,369,941</p>
</text>
<copyright>(c) Reuters Limited 1997</copyright>
<metadata>
<codes class="bip:countries:1.0">
  <code code="USA">
    <editdetail attribution="Reuters BIP Coding Group" action="confirmed" date="1997-07-15"/>
  </code>
</codes>
<codes class="bip:industries:1.0">
  <code code="I85000">
    <editdetail attribution="Reuters BIP Coding Group" action="confirmed" date="1997-07-15"/>
  </code>
</codes>
<codes class="bip:topics:1.0">
  <code code="C15">
    <editdetail attribution="Reuters BIP Coding Group" action="confirmed" date="1997-07-15"/>
  </code>
  <code code="C151">
    <editdetail attribution="Reuters BIP Coding Group" action="confirmed" date="1997-07-15"/>
  </code>
  <code code="CCAT">
    <editdetail attribution="Reuters BIP Coding Group" action="confirmed" date="1997-07-15"/>
  </code>
</codes>
<dc element="dc.date.created" value="1997-07-15"/>
<dc element="dc.publisher" value="Reuters Holdings Plc"/>
<dc element="dc.date.published" value="1997-07-15"/>
<dc element="dc.source" value="Reuters"/>
<dc element="dc.creator.location" value="SAN DIEGO"/>
<dc element="dc.creator.location.country.name" value="USA"/>
<dc element="dc.source" value="Reuters"/>
</metadata>
</newsitem>
