<?xml version="1.0" encoding="iso-8859-1" ?>
<newsitem itemid="457156" id="root" date="1997-03-20" xml:lang="en">
<title>UK: Eastern Electricity prices 200 mln stg bond.</title>
<headline>Eastern Electricity prices 200 mln stg bond.</headline>
<dateline>LONDON 1997-03-20</dateline>
<text>
<p>The following bond, announced earlier by joint lead managers BZW and HSBC, has been priced.</p>
<p> BORROWER   EASTERN ELECTRICITY PLC</p>
<p> AMT    200 MLN STG   COUPON     8.75	MATURITY    30.MAR.12</p>
<p> TYPE	 STRAIGHT  ISS PRICE  101.197   PAY DATE    14.APR.97</p>
<p> FULL FEES  2.50	REOFFER    99.322    SPREAD	+90 BP</p>
<p> MOODY	A1	  LISTING    LONDON    PAY FREQ    ANNUAL</p>
<p> S&amp;P	  A	   DENOMS (K) 1-10-100  SALE LIMITS US/UK</p>
<p> NEG PLG    YES	 CRS DEFLT  YES	 FORCE MAJ   YES</p>
<p> GOV LAW    ENGLISH   HOME CTRY  UK	  TAX PROVS   =</p>
<p>UNDERLYING GOVT BOND 9.0 PCT GILT DUE 2012 -- London Newsroom +44 171 542 7658</p>
</text>
<copyright>(c) Reuters Limited 1997</copyright>
<metadata>
<codes class="bip:countries:1.0">
  <code code="UK">
    <editdetail attribution="Reuters BIP Coding Group" action="confirmed" date="1997-03-20"/>
  </code>
</codes>
<codes class="bip:industries:1.0">
  <code code="I16000">
    <editdetail attribution="Reuters BIP Coding Group" action="confirmed" date="1997-03-20"/>
  </code>
</codes>
<codes class="bip:topics:1.0">
  <code code="C17">
    <editdetail attribution="Reuters BIP Coding Group" action="confirmed" date="1997-03-20"/>
  </code>
  <code code="C172">
    <editdetail attribution="Reuters BIP Coding Group" action="confirmed" date="1997-03-20"/>
  </code>
  <code code="CCAT">
    <editdetail attribution="Reuters BIP Coding Group" action="confirmed" date="1997-03-20"/>
  </code>
</codes>
<dc element="dc.date.created" value="1997-03-20"/>
<dc element="dc.publisher" value="Reuters Holdings Plc"/>
<dc element="dc.date.published" value="1997-03-20"/>
<dc element="dc.source" value="Reuters"/>
<dc element="dc.creator.location" value="LONDON"/>
<dc element="dc.creator.location.country.name" value="UK"/>
<dc element="dc.source" value="Reuters"/>
</metadata>
</newsitem>
