<?xml version="1.0" encoding="iso-8859-1" ?>
<newsitem itemid="752119" id="root" date="1997-07-24" xml:lang="en">
<title>LITHUANIA: LITHAUANIA-NOON RADIO HEADLINES-JULY 24.</title>
<headline>LITHAUANIA-NOON RADIO HEADLINES-JULY 24.</headline>
<dateline>VILNIUS 1997-07-24</dateline>
<text>
<p>These were the main headlines reported by Lithuania's M-1 Plus radio station at noon on Thursday. Reuters has not verified these stories and does not vouch for their accuracy.</p>
<p>- Reform Party chairman Algirdas Pilvelis said on Thursday that he will enter the December presidential race.</p>
<p>- Two Lithuanian military frigates are participating in the &quot;Amber Sea&quot; military games of the three Baltic countries.</p>
<p>-- Vilnius newsroom +370 2 22 35 18</p>
</text>
<copyright>(c) Reuters Limited 1997</copyright>
<metadata>
<codes class="bip:countries:1.0">
  <code code="LITH">
    <editdetail attribution="Reuters BIP Coding Group" action="confirmed" date="1997-07-24"/>
  </code>
</codes>
<codes class="bip:topics:1.0">
  <code code="GCAT">
    <editdetail attribution="Reuters BIP Coding Group" action="confirmed" date="1997-07-24"/>
  </code>
</codes>
<dc element="dc.date.created" value="1997-07-24"/>
<dc element="dc.publisher" value="Reuters Holdings Plc"/>
<dc element="dc.date.published" value="1997-07-24"/>
<dc element="dc.source" value="Reuters"/>
<dc element="dc.creator.location" value="VILNIUS"/>
<dc element="dc.creator.location.country.name" value="LITHUANIA"/>
<dc element="dc.source" value="Reuters"/>
</metadata>
</newsitem>
