<?xml version="1.0" encoding="iso-8859-1" ?>
<newsitem itemid="562592" id="root" date="1997-05-06" xml:lang="en">
<title>SLOVENIA: PRESS DIGEST - Slovenia -  May 6.</title>
<headline>PRESS DIGEST - Slovenia -  May 6.</headline>
<dateline>LJUBLJANA 1997-05-06</dateline>
<text>
<p>Following are the main stories in Slovenia's Tuesday morning newspapers:</p>
<p>DELO</p>
<p>- Railway employees stage a four-hour warning strike to demand higher salaries.</p>
<p>- A two-day conference on investment opportunities in the Central European Free Trade Area (CEFTA), including Slovenia, the Czech Republic, Slovakia, Poland and Hungary, started in New York on Monday.</p>
<p>- The Austrian parliament's speaker Heinz Fischer said the assembly supported Slovenia's bid to join the European Union and NATO as soon as possible. Fischer met his Slovenian counterpart Janez Podobnik in Vienna on Monday.</p>
<p>- Petrol trader Petrol was listed on the main market of the Ljubljana bourse on Monday, when its shares fell 4.6 percent from the opening price of 18,000 tolars.</p>
<p>- Foreign Minister Zoran Thaler will participate at a ministerial meeting of the Council of Europe in Strasbourg on Tuesday.</p>
<p>- Newspaper Delo has launched an Internet website for its main stories.</p>
<p>DNEVNIK</p>
<p>- Police discovered a group of 14 people who were smuggling cigarettes, alcohol and arms.</p>
<p>VECER</p>
<p>- Coal mine Zagorje, which stopped production last year, will be closed by the year 2001.</p>
</text>
<copyright>(c) Reuters Limited 1997</copyright>
<metadata>
<codes class="bip:countries:1.0">
  <code code="SLVNIA">
    <editdetail attribution="Reuters BIP Coding Group" action="confirmed" date="1997-05-06"/>
  </code>
</codes>
<codes class="bip:topics:1.0">
  <code code="GCAT">
    <editdetail attribution="Reuters BIP Coding Group" action="confirmed" date="1997-05-06"/>
  </code>
</codes>
<dc element="dc.date.created" value="1997-05-06"/>
<dc element="dc.publisher" value="Reuters Holdings Plc"/>
<dc element="dc.date.published" value="1997-05-06"/>
<dc element="dc.source" value="Reuters"/>
<dc element="dc.creator.location" value="LJUBLJANA"/>
<dc element="dc.creator.location.country.name" value="SLOVENIA"/>
<dc element="dc.source" value="Reuters"/>
</metadata>
</newsitem>
