<?xml version="1.0" encoding="iso-8859-1" ?>
<newsitem itemid="798520" id="root" date="1997-08-14" xml:lang="en">
<title>UK: UPS Teamster unions in Holland Friday.</title>
<headline>UPS Teamster unions in Holland Friday.</headline>
<dateline>LONDON 1997-08-14</dateline>
<text>
<p>A U.S. Teamsters delegation in Europe visiting unions with European employees of UPS will be in Amsterdam on Friday to seek the support of the Dutch FNV transport union, an official at the International Transport Workers Federation (ITF) here said.</p>
<p>The Teamster delegation led by its international affairs coordinator Andy Banks were in Germany on Thursday. The OeTV transport union later said it was considering strike action at UPS German locations in support of U.S. Teamster dispute.</p>
<p>The ITF official said a meeting has been called for next Thursday morning at the International Confederation of Free Trade Unions (ICFTU) in Brussels of the ITF-UPS World Council which was set up in February this year by unions as a global body to coordinate their dealings with UPS.</p>
</text>
<copyright>(c) Reuters Limited 1997</copyright>
<metadata>
<codes class="bip:countries:1.0">
  <code code="GFR">
    <editdetail attribution="Reuters BIP Coding Group" action="confirmed" date="1997-08-14"/>
  </code>
  <code code="NETH">
    <editdetail attribution="Reuters BIP Coding Group" action="confirmed" date="1997-08-14"/>
  </code>
  <code code="UK">
    <editdetail attribution="Reuters BIP Coding Group" action="confirmed" date="1997-08-14"/>
  </code>
  <code code="USA">
    <editdetail attribution="Reuters BIP Coding Group" action="confirmed" date="1997-08-14"/>
  </code>
</codes>
<codes class="bip:industries:1.0">
  <code code="I79010">
    <editdetail attribution="Reuters BIP Coding Group" action="confirmed" date="1997-08-14"/>
  </code>
</codes>
<codes class="bip:topics:1.0">
  <code code="C42">
    <editdetail attribution="Reuters BIP Coding Group" action="confirmed" date="1997-08-14"/>
  </code>
  <code code="CCAT">
    <editdetail attribution="Reuters BIP Coding Group" action="confirmed" date="1997-08-14"/>
  </code>
  <code code="E41">
    <editdetail attribution="Reuters BIP Coding Group" action="confirmed" date="1997-08-14"/>
  </code>
  <code code="ECAT">
    <editdetail attribution="Reuters BIP Coding Group" action="confirmed" date="1997-08-14"/>
  </code>
  <code code="GCAT">
    <editdetail attribution="Reuters BIP Coding Group" action="confirmed" date="1997-08-14"/>
  </code>
  <code code="GJOB">
    <editdetail attribution="Reuters BIP Coding Group" action="confirmed" date="1997-08-14"/>
  </code>
</codes>
<dc element="dc.date.created" value="1997-08-14"/>
<dc element="dc.publisher" value="Reuters Holdings Plc"/>
<dc element="dc.date.published" value="1997-08-14"/>
<dc element="dc.source" value="Reuters"/>
<dc element="dc.creator.location" value="LONDON"/>
<dc element="dc.creator.location.country.name" value="UK"/>
<dc element="dc.source" value="Reuters"/>
</metadata>
</newsitem>
