<?xml version="1.0" encoding="iso-8859-1" ?>
<newsitem itemid="662468" id="root" date="1997-06-15" xml:lang="en">
<title>USA: Oregon Senate defeats transportation tax bill.</title>
<headline>Oregon Senate defeats transportation tax bill.</headline>
<dateline>PORTLAND, Oregon 1997-06-14</dateline>
<text>
<p>Oregon's Republican-controlled Senate on Saturday rejected a controversial transportation tax bill less than a week after it was narrowly approved by the House.</p>
<p>The House plan would have raised $1.6 billion, partly from a three-cent-a-year increase in gas taxes over the next three years. That plan also called for a $1.20 surcharge on telephone bills to fund alternative transportation for the disabled and elderly. Vehicle registration fees were also to increase.</p>
<p>The Senate Transportation Committee reduced the gas tax and registration fee increases, and eliminated the surcharge.</p>
<p>The full Senate began debating the amended tax bill Friday afternoon. It was defeated early Saturday after two floor votes, state officials said.</p>
</text>
<copyright>(c) Reuters Limited 1997</copyright>
<metadata>
<codes class="bip:countries:1.0">
  <code code="USA">
    <editdetail attribution="Reuters BIP Coding Group" action="confirmed" date="1997-06-15"/>
  </code>
</codes>
<codes class="bip:topics:1.0">
  <code code="E21">
    <editdetail attribution="Reuters BIP Coding Group" action="confirmed" date="1997-06-15"/>
  </code>
  <code code="E211">
    <editdetail attribution="Reuters BIP Coding Group" action="confirmed" date="1997-06-15"/>
  </code>
  <code code="ECAT">
    <editdetail attribution="Reuters BIP Coding Group" action="confirmed" date="1997-06-15"/>
  </code>
  <code code="GCAT">
    <editdetail attribution="Reuters BIP Coding Group" action="confirmed" date="1997-06-15"/>
  </code>
  <code code="GPOL">
    <editdetail attribution="Reuters BIP Coding Group" action="confirmed" date="1997-06-15"/>
  </code>
</codes>
<dc element="dc.date.created" value="1997-06-14"/>
<dc element="dc.publisher" value="Reuters Holdings Plc"/>
<dc element="dc.date.published" value="1997-06-15"/>
<dc element="dc.source" value="Reuters"/>
<dc element="dc.creator.location" value="PORTLAND, Oregon"/>
<dc element="dc.creator.location.country.name" value="USA"/>
<dc element="dc.source" value="Reuters"/>
</metadata>
</newsitem>
