<?xml version="1.0" encoding="iso-8859-1" ?>
<newsitem itemid="751356" id="root" date="1997-07-23" xml:lang="en">
<title>THAILAND: TABLE- Kiatnakin Finance posts H1 loss.</title>
<headline>TABLE- Kiatnakin Finance posts H1 loss.</headline>
<dateline>BANGKOK 1997-07-23</dateline>
<text>
<p>First six months ended June 30, 1997.</p>
<p>			    (in millions of baht unless stated)</p>
<p>				 1997			    1996</p>
<p>    Shr (baht)   loss    0.57     vs   profit	1.59</p>
<p>    Net	    loss   42.78     vs   profit    118.97</p>
<p>Notes: Results are unaudited. The company's full name is Kiatnakin Finance and Securities Plc.</p>
<p>-- Bangkok newsroom (662) 652-0642</p>
</text>
<copyright>(c) Reuters Limited 1997</copyright>
<metadata>
<codes class="bip:countries:1.0">
  <code code="THAIL">
    <editdetail attribution="Reuters BIP Coding Group" action="confirmed" date="1997-07-23"/>
  </code>
</codes>
<codes class="bip:industries:1.0">
  <code code="I83100">
    <editdetail attribution="Reuters BIP Coding Group" action="confirmed" date="1997-07-23"/>
  </code>
</codes>
<codes class="bip:topics:1.0">
  <code code="C15">
    <editdetail attribution="Reuters BIP Coding Group" action="confirmed" date="1997-07-23"/>
  </code>
  <code code="C151">
    <editdetail attribution="Reuters BIP Coding Group" action="confirmed" date="1997-07-23"/>
  </code>
  <code code="CCAT">
    <editdetail attribution="Reuters BIP Coding Group" action="confirmed" date="1997-07-23"/>
  </code>
</codes>
<dc element="dc.date.created" value="1997-07-23"/>
<dc element="dc.publisher" value="Reuters Holdings Plc"/>
<dc element="dc.date.published" value="1997-07-23"/>
<dc element="dc.source" value="Reuters"/>
<dc element="dc.creator.location" value="BANGKOK"/>
<dc element="dc.creator.location.country.name" value="THAILAND"/>
<dc element="dc.source" value="Reuters"/>
</metadata>
</newsitem>
