<?xml version="1.0" encoding="iso-8859-1" ?>
<newsitem itemid="503583" id="root" date="1997-04-11" xml:lang="en">
<title>UK: Barlows to take over Rowlinson.</title>
<headline>Barlows to take over Rowlinson.</headline>
<dateline>LONDON 1997-04-11</dateline>
<text>
<p>British property investment and development group Barlows Plc said on Friday it had made a recommended offer for real estate group Rowlinson Securities Plc.</p>
<p>Barlows said it had made a share offer valuing Rowlinson at around 46.37 million stg or a cash alternative at 320p per Rowlinson share which valued the company at around 39.97 million.</p>
<p>Barlows said it already had irrevocable acceptances for more than 90 percent of Rowlinson's share capital.  </p>
<p>Under the terms of the share offer, Rowlinson shareholders will receive 11 new Barlows shares for every two Rowlinson shares held.</p>
<p>Barlows said it also planned to raise up to 5.58 million stg before expenses in a two for five rights issue at 52.5p per share.</p>
<p>--London Newsroom +44 171 542 4017</p>
</text>
<copyright>(c) Reuters Limited 1997</copyright>
<metadata>
<codes class="bip:countries:1.0">
  <code code="UK">
    <editdetail attribution="Reuters BIP Coding Group" action="confirmed" date="1997-04-11"/>
  </code>
</codes>
<codes class="bip:industries:1.0">
  <code code="I50100">
    <editdetail attribution="Reuters BIP Coding Group" action="confirmed" date="1997-04-11"/>
  </code>
  <code code="I85000">
    <editdetail attribution="Reuters BIP Coding Group" action="confirmed" date="1997-04-11"/>
  </code>
</codes>
<codes class="bip:topics:1.0">
  <code code="C18">
    <editdetail attribution="Reuters BIP Coding Group" action="confirmed" date="1997-04-11"/>
  </code>
  <code code="C181">
    <editdetail attribution="Reuters BIP Coding Group" action="confirmed" date="1997-04-11"/>
  </code>
  <code code="CCAT">
    <editdetail attribution="Reuters BIP Coding Group" action="confirmed" date="1997-04-11"/>
  </code>
</codes>
<dc element="dc.date.created" value="1997-04-11"/>
<dc element="dc.publisher" value="Reuters Holdings Plc"/>
<dc element="dc.date.published" value="1997-04-11"/>
<dc element="dc.source" value="Reuters"/>
<dc element="dc.creator.location" value="LONDON"/>
<dc element="dc.creator.location.country.name" value="UK"/>
<dc element="dc.source" value="Reuters"/>
</metadata>
</newsitem>
