<?xml version="1.0" encoding="iso-8859-1" ?>
<newsitem itemid="412281" id="root" date="1997-02-28" xml:lang="en">
<title>SOUTH KOREA: S.Korean Samsung Display 1996 net rises.</title>
<headline>S.Korean Samsung Display 1996 net rises.</headline>
<dateline>SEOUL 1997-02-28</dateline>
<text>
<p>Year to December 31, 1996</p>
<p>(in billion won unless stated)</p>
<p>							   1996	  1995</p>
<p>    Shr (won)				    6,357    vs 5,555</p>
<p>    Net						164.23 vs   102.02</p>
<p>    Turnover				     2,460.64 vs 1,932.39</p>
<p>Dividend (pct, par 5,000 won)</p>
<p>	common shares				 17    vs    17</p>
<p>	preferred shares			    18    vs    18</p>
<p>    Profit before tax			    185.89 vs   119.06</p>
<p>    Extraordinaries (both loss)		  6.24 vs     3.87</p>
<p>NOTE - Samsung Display Devices Co is a unit of the Samsung Group  and one of the world's major manufacturers of colour picture and display tubes. It said its share capital increased by 4.95 million shares to 28.7 million in 1996 due to dividend payments in stocks, conversion of convertible bonds and rights and bonus offerings. --Seoul Newsroom (822) 727 5646</p>
</text>
<copyright>(c) Reuters Limited 1997</copyright>
<metadata>
<codes class="bip:countries:1.0">
  <code code="SKOREA">
    <editdetail attribution="Reuters BIP Coding Group" action="confirmed" date="1997-02-28"/>
  </code>
</codes>
<codes class="bip:industries:1.0">
  <code code="I34531">
    <editdetail attribution="Reuters BIP Coding Group" action="confirmed" date="1997-02-28"/>
  </code>
</codes>
<codes class="bip:topics:1.0">
  <code code="C15">
    <editdetail attribution="Reuters BIP Coding Group" action="confirmed" date="1997-02-28"/>
  </code>
  <code code="C151">
    <editdetail attribution="Reuters BIP Coding Group" action="confirmed" date="1997-02-28"/>
  </code>
  <code code="C1511">
    <editdetail attribution="Reuters BIP Coding Group" action="confirmed" date="1997-02-28"/>
  </code>
  <code code="CCAT">
    <editdetail attribution="Reuters BIP Coding Group" action="confirmed" date="1997-02-28"/>
  </code>
</codes>
<dc element="dc.date.created" value="1997-02-28"/>
<dc element="dc.publisher" value="Reuters Holdings Plc"/>
<dc element="dc.date.published" value="1997-02-28"/>
<dc element="dc.source" value="Reuters"/>
<dc element="dc.creator.location" value="SEOUL"/>
<dc element="dc.creator.location.country.name" value="SOUTH KOREA"/>
<dc element="dc.source" value="Reuters"/>
</metadata>
</newsitem>
