<?xml version="1.0" encoding="iso-8859-1" ?>
<newsitem itemid="15459" id="root" date="1996-08-26" xml:lang="en">
<title>BAHRAIN: Bahrain 91-day treasury bill rate down at 5.53pct.</title>
<headline>Bahrain 91-day treasury bill rate down at 5.53pct.</headline>
<dateline>MANAMA 1996-08-26</dateline>
<text>
<p>The average yield at this week's tender for ten million dinars of 91-day Bahrain treasury bills edged down to 5.53 percent from 5.55 percent last week, a spokesman for the Bahrain Monetary Agency said.</p>
<p>The average price rose to 98.621 from 98.617 last week and the minimum price accepted was 98.613.</p>
<p>Banks submitted bids for 28.9 million dinars worth of bills, up from 18.95 million dinars the previous week.</p>
<p>The bills are offered on Monday and issued on Wednesday.</p>
</text>
<copyright>(c) Reuters Limited 1996</copyright>
<metadata>
<codes class="bip:countries:1.0">
  <code code="BAHRN">
    <editdetail attribution="Reuters BIP Coding Group" action="confirmed" date="1996-08-26"/>
  </code>
</codes>
<codes class="bip:topics:1.0">
  <code code="M13">
    <editdetail attribution="Reuters BIP Coding Group" action="confirmed" date="1996-08-26"/>
  </code>
  <code code="M131">
    <editdetail attribution="Reuters BIP Coding Group" action="confirmed" date="1996-08-26"/>
  </code>
  <code code="MCAT">
    <editdetail attribution="Reuters BIP Coding Group" action="confirmed" date="1996-08-26"/>
  </code>
</codes>
<dc element="dc.date.created" value="1996-08-26"/>
<dc element="dc.publisher" value="Reuters Holdings Plc"/>
<dc element="dc.date.published" value="1996-08-26"/>
<dc element="dc.source" value="Reuters"/>
<dc element="dc.creator.location" value="MANAMA"/>
<dc element="dc.creator.location.country.name" value="BAHRAIN"/>
<dc element="dc.source" value="Reuters"/>
</metadata>
</newsitem>
