<?xml version="1.0" encoding="iso-8859-1" ?>
<newsitem itemid="264437" id="root" date="1996-12-18" xml:lang="en">
<title>USA: Westchester County, N.Y., repriced, yields raised.</title>
<headline>Westchester County, N.Y., repriced, yields raised.</headline>
<dateline>NEW YORK 1996-12-18</dateline>
<text>
<p>Smith Barney Inc said Wednesday it repriced Westchester County, N.Y.'s $62.9 million Industrial Development Agency bonds, raising yields five basis points in each maturity.</p>
<p>The repricing follows:</p>
<p>COUNTY OF WESTCHESTER INDUSTRIAL DEVELOPMENT AGCY</p>
<p>RE: $62,875,000*</p>
<p>RESOURCE RECOVERY BONDS</p>
<p>(WESTCHESTER RESCO COMPANY PROJECT)</p>
<p>SERIES 1996</p>
<p>VERBAL AWARD.</p>
<p>NOTE COUPON AND PRICE CHANGES.</p>
<p>NOTE CHANGES IN THE CALL FEATURE.</p>
<p>SUBJECT TO ALTERNATIVE MINIMUM TAX</p>
<p>    MOODY'S: Aaa		 S&amp;P: AAA</p>
<p>		 (A1 UNDERLYING)	  (A UNDERLYING)</p>
<p>AMBAC INSURED</p>
<p>    DATED: 12/26/1996	  FIRST COUPON: 07/01/1997</p>
<p>DUE: 07/01</p>
<p> MATURITY		AMOUNT*    COUPON	   PRICE</p>
<p>07/01/2001		3,200M    4.625 %	  4.75</p>
<p>						  (Approx. $ Price 99.496)</p>
<p>07/01/2002		4,120M    4.75  %	  4.85</p>
<p>						  (Approx. $ Price 99.52 )</p>
<p>07/01/2003		5,085M    4.80  %	  4.95</p>
<p>						  (Approx. $ Price 99.172)</p>
<p>07/01/2004		6,195M    5.00  %	  5.05</p>
<p>						  (Approx. $ Price 99.689)</p>
<p>07/01/2005		7,205M    5.00  %	  5.15</p>
<p>						  (Approx. $ Price 98.975)</p>
<p>07/01/2006		7,750M    5.125 %	  5.25</p>
<p>						  (Approx. $ Price 99.072)</p>
<p>07/01/2007		7,795M    5.20  %	  5.35</p>
<p>						  (Approx. $ Price 98.804)</p>
<p>07/01/2008		9,240M    6.00  %	  5.45</p>
<p>						  (Approx. $ Price 104.657)</p>
<p>07/01/2009	     12,285M    6.00  %	  5.55</p>
<p>						  (Approx. $ Price 104.02 )</p>
<p>CALL FEATURES: NO OPTIONAL CALL</p>
<p>		   PLEASE SEE PAGES 22 AND 23 OF THE PRELIMINARY</p>
<p>OFFICIAL STATEMENT FOR EXTRAORDINARY CALLS.</p>
<p>* - APPROXIMATE SUBJECT TO CHANGE</p>
<p>The compliance addendum MSRB Rule G-11 will apply.</p>
<p>The award is expected Thursday, December 19, 1996.</p>
<p>Delivery is expected on December 26, 1996.</p>
<p>This issue is book entry through DTC.</p>
<p>Smith Barney Inc.</p>
<p>Greenwich Partners, Inc.</p>
<p>Bear, Stearns &amp; Co. Inc.</p>
<p>--U.S. Municipal Desk, 212-859-1650</p>
</text>
<copyright>(c) Reuters Limited 1996</copyright>
<metadata>
<codes class="bip:countries:1.0">
  <code code="USA">
    <editdetail attribution="Reuters BIP Coding Group" action="confirmed" date="1996-12-18"/>
  </code>
</codes>
<codes class="bip:topics:1.0">
  <code code="E21">
    <editdetail attribution="Reuters BIP Coding Group" action="confirmed" date="1996-12-18"/>
  </code>
  <code code="E212">
    <editdetail attribution="Reuters BIP Coding Group" action="confirmed" date="1996-12-18"/>
  </code>
  <code code="ECAT">
    <editdetail attribution="Reuters BIP Coding Group" action="confirmed" date="1996-12-18"/>
  </code>
</codes>
<dc element="dc.date.created" value="1996-12-18"/>
<dc element="dc.publisher" value="Reuters Holdings Plc"/>
<dc element="dc.date.published" value="1996-12-18"/>
<dc element="dc.source" value="Reuters"/>
<dc element="dc.creator.location" value="NEW YORK"/>
<dc element="dc.creator.location.country.name" value="USA"/>
<dc element="dc.source" value="Reuters"/>
</metadata>
</newsitem>
