<?xml version="1.0" encoding="iso-8859-1" ?>
<newsitem itemid="554037" id="root" date="1997-05-01" xml:lang="en">
<title>USA: Avon, Mattel to launch Barbie cosmetics.</title>
<headline>Avon, Mattel to launch Barbie cosmetics.</headline>
<dateline>NEW YORK 1997-05-01</dateline>
<text>
<p>Avon Products Inc said on Thursday it agreed to market Mattel Inc's Barbie dolls and other products in the United States and a new line of Barbie cosmetics worldwide, in an expanded alliance expected to boost Avon's net sales by $100 million annually.</p>
<p>Avon and Mattel first came together last year when Avon sales representatives marketed Barbie dolls designed for Avon by Mattel. The dolls were Avon's best-selling gift product ever, generating $40 million in sales, the company said.</p>
<p>Later this year, Avon will again market Barbies made specially for it by Mattel.</p>
<p>But Avon also will market a broader range of Mattel products through its direct sales channel, including Disney, Sesame Street and Cabbage Patch characters.</p>
<p>The companies also said they will launch a global line of licensed Barbie cosmetics, fragrance and toiletry products.</p>
<p>The line will be launched in the fourth quarter in the United States, Canada and certain Latin American markets, with markets in Europe and Asia under active consideration.</p>
<p>Mattel chief executive Jill Barad said in a statement that her company looked forward to working with Avon in such overseas markets as China.</p>
</text>
<copyright>(c) Reuters Limited 1997</copyright>
<metadata>
<codes class="bip:countries:1.0">
  <code code="USA">
    <editdetail attribution="Reuters BIP Coding Group" action="confirmed" date="1997-05-01"/>
  </code>
</codes>
<codes class="bip:industries:1.0">
  <code code="I25800">
    <editdetail attribution="Reuters BIP Coding Group" action="confirmed" date="1997-05-01"/>
  </code>
  <code code="I49410">
    <editdetail attribution="Reuters BIP Coding Group" action="confirmed" date="1997-05-01"/>
  </code>
</codes>
<codes class="bip:topics:1.0">
  <code code="C21">
    <editdetail attribution="Reuters BIP Coding Group" action="confirmed" date="1997-05-01"/>
  </code>
  <code code="C33">
    <editdetail attribution="Reuters BIP Coding Group" action="confirmed" date="1997-05-01"/>
  </code>
  <code code="CCAT">
    <editdetail attribution="Reuters BIP Coding Group" action="confirmed" date="1997-05-01"/>
  </code>
</codes>
<dc element="dc.date.created" value="1997-05-01"/>
<dc element="dc.publisher" value="Reuters Holdings Plc"/>
<dc element="dc.date.published" value="1997-05-01"/>
<dc element="dc.source" value="Reuters"/>
<dc element="dc.creator.location" value="NEW YORK"/>
<dc element="dc.creator.location.country.name" value="USA"/>
<dc element="dc.source" value="Reuters"/>
</metadata>
</newsitem>
