<?xml version="1.0" encoding="iso-8859-1" ?>
<newsitem itemid="322353" id="root" date="1997-01-21" xml:lang="en">
<title>USA: BJ Services Co Q1 Dec 31 net rises.</title>
<headline>BJ Services Co Q1 Dec 31 net rises.</headline>
<dateline>HOUSTON 1997-01-21</dateline>
<text>
<p>Three Months Ended</p>
<p>						   12/31/96	12/31/95</p>
<p>				 (in thousands except per share data)</p>
<p> Revenue					 $341,092	$206,501</p>
<p>Operating Expenses:</p>
<p>   Cost of sales and services	     271,957	 167,086</p>
<p>   Research and engineering		   5,224	   3,744</p>
<p>   Marketing				     11,571	   8,283</p>
<p>   General and administrative		12,368	   8,489</p>
<p>   Goodwill amortization			3,633	   1,342</p>
<p>     Total Operating Expenses	     304,753	 188,944</p>
<p> Operating income				36,339	  17,557</p>
<p> Interest expense - net		     (8,279)	 (5,538)</p>
<p> Other income (expense) - net		  (68)	     679</p>
<p> Income before income taxes		  27,992	  12,698</p>
<p> Income taxes				     8,018	   3,553</p>
<p> Net income					19,974	   9,145</p>
<p>Earnings per share:</p>
<p>     Basic*					   .52	     .33</p>
<p>     Primary					  .49	     .32</p>
<p>     Fully diluted				  .49	     .32</p>
<p>Average shares outstanding:</p>
<p>     Actual					38,209	  28,015</p>
<p>     Primary				     40,626	  28,475</p>
<p>     Fully diluted			     41,072	  28,660</p>
<p>Other Data:</p>
<p>   Depreciation and amortization	   22,598	  14,427</p>
<p>   Capital expenditures			12,659	  10,408</p>
<p>   U.S. revenue				 182,791	 128,630</p>
<p>   International revenue		    158,301	  77,871</p>
<p>* Net income divided by actual shares outstanding.  Excludes the effect of dilutive options and warrants.  Included for presentation purposes only.</p>
</text>
<copyright>(c) Reuters Limited 1997</copyright>
<metadata>
<codes class="bip:countries:1.0">
  <code code="USA">
    <editdetail attribution="Reuters BIP Coding Group" action="confirmed" date="1997-01-21"/>
  </code>
</codes>
<codes class="bip:industries:1.0">
  <code code="I83700">
    <editdetail attribution="Reuters BIP Coding Group" action="confirmed" date="1997-01-21"/>
  </code>
</codes>
<codes class="bip:topics:1.0">
  <code code="C15">
    <editdetail attribution="Reuters BIP Coding Group" action="confirmed" date="1997-01-21"/>
  </code>
  <code code="C151">
    <editdetail attribution="Reuters BIP Coding Group" action="confirmed" date="1997-01-21"/>
  </code>
  <code code="CCAT">
    <editdetail attribution="Reuters BIP Coding Group" action="confirmed" date="1997-01-21"/>
  </code>
</codes>
<dc element="dc.date.created" value="1997-01-21"/>
<dc element="dc.publisher" value="Reuters Holdings Plc"/>
<dc element="dc.date.published" value="1997-01-21"/>
<dc element="dc.source" value="Reuters"/>
<dc element="dc.creator.location" value="HOUSTON"/>
<dc element="dc.creator.location.country.name" value="USA"/>
<dc element="dc.source" value="Reuters"/>
</metadata>
</newsitem>
