<?xml version="1.0" encoding="iso-8859-1" ?>
<newsitem itemid="524667" id="root" date="1997-04-21" xml:lang="en">
<title>HONG KONG: Dragonfield seen issuing 90mln shrs in IPO-sources.</title>
<headline>Dragonfield seen issuing 90mln shrs in IPO-sources.</headline>
<dateline>HONG KONG 1997-04-21</dateline>
<text>
<p>Leather garments manufacturer and distributor Dragonfield Holdings Ltd is expected to issue 90 million new shares at HK$1.00 each in an initial public offering (IPO) in Hong Kong, market sources said on Monday.</p>
<p>&quot;The issue price is expected to represent a P/E (price/earnings) multiple of about eight times,&quot; said an analyst after attending a company presentation on Monday.</p>
<p>Sources said net proceeds raised were expected to be used to expand the company's distribution network in Hong Kong and China.</p>
<p>Dragonfield engages in trading and manufacturing of leather garments in Hong Kong and China.</p>
<p>Sources said the manufacture of garments accounted for about 45 percent of its total sales for the year ended in March 1996, while 55 percent was from distribution of leather garments.</p>
<p>The company posted a turnover of HK$371.35 million for the year ended in March 1996, up from HK$234.14 million in 1995. Its profit was at HK$34.91 million in 1996, up from HK$29.49 million in 1995, sources said.</p>
<p>The IPO is expected to kick off later in April with dealing in shares to begin in May, sources said. Lippo Securities is expected to be the sponsor of the issue, they said.</p>
</text>
<copyright>(c) Reuters Limited 1997</copyright>
<metadata>
<codes class="bip:countries:1.0">
  <code code="HKONG">
    <editdetail attribution="Reuters BIP Coding Group" action="confirmed" date="1997-04-21"/>
  </code>
</codes>
<codes class="bip:industries:1.0">
  <code code="I44000">
    <editdetail attribution="Reuters BIP Coding Group" action="confirmed" date="1997-04-21"/>
  </code>
</codes>
<codes class="bip:topics:1.0">
  <code code="C14">
    <editdetail attribution="Reuters BIP Coding Group" action="confirmed" date="1997-04-21"/>
  </code>
  <code code="C17">
    <editdetail attribution="Reuters BIP Coding Group" action="confirmed" date="1997-04-21"/>
  </code>
  <code code="C171">
    <editdetail attribution="Reuters BIP Coding Group" action="confirmed" date="1997-04-21"/>
  </code>
  <code code="CCAT">
    <editdetail attribution="Reuters BIP Coding Group" action="confirmed" date="1997-04-21"/>
  </code>
</codes>
<dc element="dc.date.created" value="1997-04-21"/>
<dc element="dc.publisher" value="Reuters Holdings Plc"/>
<dc element="dc.date.published" value="1997-04-21"/>
<dc element="dc.source" value="Reuters"/>
<dc element="dc.creator.location" value="HONG KONG"/>
<dc element="dc.creator.location.country.name" value="HONG KONG"/>
<dc element="dc.source" value="Reuters"/>
</metadata>
</newsitem>
