<?xml version="1.0" encoding="iso-8859-1" ?>
<newsitem itemid="786192" id="root" date="1997-08-07" xml:lang="en">
<title>GERMANY: Bilfinger - H1 profit good, sees output up.</title>
<headline>Bilfinger - H1 profit good, sees output up.</headline>
<dateline>MANNHEIM, Germany 1997-08-07</dateline>
<text>
<p>German construction group Bilfinger + Berger AG said on Thursday its earnings were satisfactory overall in the first six months of 1997 and that it expected construction output to rise four percent to 9.6 billion marks in the full year.  </p>
<p>Bilfinger said in a statement that despite the recession plaguing the domestic building sector, earnings overall remained satisfactory.</p>
<p>&quot;We expect that our annual results will match the quality of the previous year,&quot; Bilfinger said.</p>
<p>It predicted construction output would rise four percent to 9.6 billion marks from 9.2 billion marks in 1997 after rising 14 percent to 4.7 billion marks in the first six months.</p>
<p>Incoming orders in the period fell two percent to 4.44 billion marks, with a seven percent decline in domestic orders to 1.61 billion and a two percent rise in foreign orders to 2.83 billion marks.</p>
<p>Bilfinger said it expected domestic orders to keep falling in the second half while foreign orders should remain good.</p>
<p>--Frankfurt Newsroom, +49 69 756525</p>
</text>
<copyright>(c) Reuters Limited 1997</copyright>
<metadata>
<codes class="bip:countries:1.0">
  <code code="GFR">
    <editdetail attribution="Reuters BIP Coding Group" action="confirmed" date="1997-08-07"/>
  </code>
</codes>
<codes class="bip:industries:1.0">
  <code code="I50000">
    <editdetail attribution="Reuters BIP Coding Group" action="confirmed" date="1997-08-07"/>
  </code>
</codes>
<codes class="bip:topics:1.0">
  <code code="C15">
    <editdetail attribution="Reuters BIP Coding Group" action="confirmed" date="1997-08-07"/>
  </code>
  <code code="C151">
    <editdetail attribution="Reuters BIP Coding Group" action="confirmed" date="1997-08-07"/>
  </code>
  <code code="C152">
    <editdetail attribution="Reuters BIP Coding Group" action="confirmed" date="1997-08-07"/>
  </code>
  <code code="CCAT">
    <editdetail attribution="Reuters BIP Coding Group" action="confirmed" date="1997-08-07"/>
  </code>
</codes>
<dc element="dc.date.created" value="1997-08-07"/>
<dc element="dc.publisher" value="Reuters Holdings Plc"/>
<dc element="dc.date.published" value="1997-08-07"/>
<dc element="dc.source" value="Reuters"/>
<dc element="dc.creator.location" value="MANNHEIM, Germany"/>
<dc element="dc.creator.location.country.name" value="GERMANY"/>
<dc element="dc.source" value="Reuters"/>
</metadata>
</newsitem>
