<?xml version="1.0" encoding="iso-8859-1" ?>
<newsitem itemid="564105" id="root" date="1997-05-06" xml:lang="en">
<title>USA: Clinton to change government contract awards-Times.</title>
<headline>Clinton to change government contract awards-Times.</headline>
<dateline>NEW YORK 1997-05-06</dateline>
<text>
<p>The Clinton administration is set to announce changes to how it awards government contracts, possibly ending preferences for some minority-owned businesses but helping others, the New York Times said on Tuesday.</p>
<p>Rules for awarding federal contracts worth an annual $200 billion would change substantially under a new approach in proposed Justice Department regulations to be issued later this week, the newspaper said.</p>
<p>The new approach will use industry review to pinpoint where minority groups face discrimination in the awarding of government contracts, the newspaper said, citing officials.</p>
<p>The Times said some businesses owned by minorities could be helped by the findings but others might be found to be overrepresented in some areas.</p>
<p>According to officials, preferences in those cases would be reduced, suspended or terminated, the paper said.</p>
<p>A 1995 Supreme Court decision curtailed the capacity of federal programmes to award benefits due to race or sex, the Times said.</p>
</text>
<copyright>(c) Reuters Limited 1997</copyright>
<metadata>
<codes class="bip:countries:1.0">
  <code code="USA">
    <editdetail attribution="Reuters BIP Coding Group" action="confirmed" date="1997-05-06"/>
  </code>
</codes>
<codes class="bip:topics:1.0">
  <code code="C33">
    <editdetail attribution="Reuters BIP Coding Group" action="confirmed" date="1997-05-06"/>
  </code>
  <code code="CCAT">
    <editdetail attribution="Reuters BIP Coding Group" action="confirmed" date="1997-05-06"/>
  </code>
  <code code="E12">
    <editdetail attribution="Reuters BIP Coding Group" action="confirmed" date="1997-05-06"/>
  </code>
  <code code="ECAT">
    <editdetail attribution="Reuters BIP Coding Group" action="confirmed" date="1997-05-06"/>
  </code>
  <code code="GCAT">
    <editdetail attribution="Reuters BIP Coding Group" action="confirmed" date="1997-05-06"/>
  </code>
  <code code="GPOL">
    <editdetail attribution="Reuters BIP Coding Group" action="confirmed" date="1997-05-06"/>
  </code>
</codes>
<dc element="dc.date.created" value="1997-05-06"/>
<dc element="dc.publisher" value="Reuters Holdings Plc"/>
<dc element="dc.date.published" value="1997-05-06"/>
<dc element="dc.source" value="Reuters"/>
<dc element="dc.creator.location" value="NEW YORK"/>
<dc element="dc.creator.location.country.name" value="USA"/>
<dc element="dc.source" value="Reuters"/>
</metadata>
</newsitem>
