<?xml version="1.0" encoding="iso-8859-1" ?>
<newsitem itemid="595414" id="root" date="1997-05-19" xml:lang="en">
<title>USA: Designs Inc Q1 loss $0.20 vs loss $0.07.</title>
<headline>Designs Inc Q1 loss $0.20 vs loss $0.07.</headline>
<dateline>NEEDHAM, Mass. 1997-05-19</dateline>
<text>
<p>DESIGNS, INC.</p>
<p>				CONSOLIDATED STATEMENTS OF INCOME</p>
<p>			    (In thousands, except per share data)</p>
<p>					 (Unaudited)</p>
<p>			Three Months Ended	Twelve Months Ended</p>
<p>			May 3,	  May 4,     May 3,	May 4,</p>
<p>			 1997	     1996	 1997	  1996</p>
<p> Sales	   $  55,470     $  59,336 $  285,727  $  302,932</p>
<p>Cost of goods sold</p>
<p>including</p>
<p>  occupancy	 41,984	  43,179    202,169     213,895</p>
<p> Gross profit     13,486	  16,157     83,558	89,037</p>
<p>Expenses:</p>
<p>Selling,</p>
<p>general and</p>
<p>administrative</p>
<p>			16,055	  16,060     65,931	70,991</p>
<p>Depreciation and</p>
<p>    amortization   2,786	   2,484     10,705	 7,253</p>
<p>  Total expenses  18,841	  18,544     76,636	78,244</p>
<p>Operating income</p>
<p>		     (5,355)	 (2,387)	6,922	10,793</p>
<p> Interest expense    151		44	  304	   218</p>
<p> Interest income	55	     318	  903	 1,438</p>
<p>Income before</p>
<p>minority interest</p>
<p>and income taxes</p>
<p>		     (5,451)	 (2,113)	7,521	12,013</p>
<p>Less Minority</p>
<p>   Interest	   (16)	   (145)	  624	   140</p>
<p>Income (loss) before</p>
<p>   income taxes  (5,435)	 (1,968)	6,897	11,873</p>
<p>Provision (benefit)</p>
<p>for income taxes</p>
<p>		     (2,251)	   (823)	2,672	 4,819</p>
<p>Net income (loss)</p>
<p>		     (3,184)	 (1,145)	4,225	 7,054</p>
<p>Net income per</p>
<p>  share	     (0.20)	  (0.07)	 0.27	  0.45</p>
<p>Weighted average</p>
<p>shares</p>
<p>  outstanding     15,595	  15,812     15,720	15,778</p>
<p>-- New York Newsdesk 212 859-1610</p>
</text>
<copyright>(c) Reuters Limited 1997</copyright>
<metadata>
<codes class="bip:countries:1.0">
  <code code="USA">
    <editdetail attribution="Reuters BIP Coding Group" action="confirmed" date="1997-05-19"/>
  </code>
</codes>
<codes class="bip:industries:1.0">
  <code code="I64500">
    <editdetail attribution="Reuters BIP Coding Group" action="confirmed" date="1997-05-19"/>
  </code>
</codes>
<codes class="bip:topics:1.0">
  <code code="C15">
    <editdetail attribution="Reuters BIP Coding Group" action="confirmed" date="1997-05-19"/>
  </code>
  <code code="C151">
    <editdetail attribution="Reuters BIP Coding Group" action="confirmed" date="1997-05-19"/>
  </code>
  <code code="CCAT">
    <editdetail attribution="Reuters BIP Coding Group" action="confirmed" date="1997-05-19"/>
  </code>
</codes>
<dc element="dc.date.created" value="1997-05-19"/>
<dc element="dc.publisher" value="Reuters Holdings Plc"/>
<dc element="dc.date.published" value="1997-05-19"/>
<dc element="dc.source" value="Reuters"/>
<dc element="dc.creator.location" value="NEEDHAM, Mass."/>
<dc element="dc.creator.location.country.name" value="USA"/>
<dc element="dc.source" value="Reuters"/>
</metadata>
</newsitem>
