<?xml version="1.0" encoding="iso-8859-1" ?>
<newsitem itemid="407552" id="root" date="1997-02-27" xml:lang="en">
<title>USA: RESEARCH ALERT - 3Com cut to neutral.</title>
<headline>RESEARCH ALERT - 3Com cut to neutral.</headline>
<text>
<p>- Gruntal &amp; Co Inc said Thursday it downgraded its rating on 3Com Corp to neutral from long-term outperform, based on the added risk of the proposed merger of it and modem maker U.S. Robotics Corp.</p>
<p>&quot;While the combined company has unbeatable strengths in the access market and in retail channels, we also see near-term risks outweighing near-term gains,&quot; analyst David Takata said in a statement.  </p>
<p>- U.S. Robotics is in a transition to its &quot;x2&quot; 56-kilobit per second modem technology, as are others in the computer modem industry. As there is still no compatibility standard for the high-speed technolgoy, Gruntal said it creates a &quot;winner take all&quot; situation.</p>
<p>&quot;While investors are 'braced' for a poor U.S. Robotics quarter, we are concerned that 3Com is adopting a U.S. Robotics product transition risk of considerable magnitude,&quot; Takata said.</p>
<p>- Gruntal said it is maintaining its 1998 earnings estimates, except for the expectation of a &quot;large&quot; one-time charge related to the merger, either in its fiscal first or fourth quarter.</p>
<p>- Long term, Gruntal said it expects a strong combined company in the access markets and reseller channels, and expects it to benefit from low-cost manufacturing.</p>
<p>- Shares of 3Com traded off 3-1/4 at 35-5/8.</p>
<p>   ((--Chicago newsdesk, 312-408-8787))</p>
</text>
<copyright>(c) Reuters Limited 1997</copyright>
<metadata>
<codes class="bip:countries:1.0">
  <code code="USA">
    <editdetail attribution="Reuters BIP Coding Group" action="confirmed" date="1997-02-27"/>
  </code>
</codes>
<codes class="bip:industries:1.0">
  <code code="I33020">
    <editdetail attribution="Reuters BIP Coding Group" action="confirmed" date="1997-02-27"/>
  </code>
  <code code="I3302003">
    <editdetail attribution="Reuters BIP Coding Group" action="confirmed" date="1997-02-27"/>
  </code>
  <code code="I34410">
    <editdetail attribution="Reuters BIP Coding Group" action="confirmed" date="1997-02-27"/>
  </code>
</codes>
<codes class="bip:topics:1.0">
  <code code="C15">
    <editdetail attribution="Reuters BIP Coding Group" action="confirmed" date="1997-02-27"/>
  </code>
  <code code="C152">
    <editdetail attribution="Reuters BIP Coding Group" action="confirmed" date="1997-02-27"/>
  </code>
  <code code="C18">
    <editdetail attribution="Reuters BIP Coding Group" action="confirmed" date="1997-02-27"/>
  </code>
  <code code="C181">
    <editdetail attribution="Reuters BIP Coding Group" action="confirmed" date="1997-02-27"/>
  </code>
  <code code="CCAT">
    <editdetail attribution="Reuters BIP Coding Group" action="confirmed" date="1997-02-27"/>
  </code>
</codes>
<dc element="dc.publisher" value="Reuters Holdings Plc"/>
<dc element="dc.date.published" value="1997-02-27"/>
<dc element="dc.source" value="Reuters"/>
<dc element="dc.creator.location.country.name" value="USA"/>
<dc element="dc.source" value="Reuters"/>
</metadata>
</newsitem>
