<?xml version="1.0" encoding="iso-8859-1" ?>
<newsitem itemid="25249" id="root" date="1996-08-30" xml:lang="en">
<title>NETHERLANDS: Alpinvest first-half net falls 15.7 pct.</title>
<headline>Alpinvest first-half net falls 15.7 pct.</headline>
<dateline>AMSTERDAM 1996-08-30</dateline>
<text>
<p>Six months to June 30, 1996</p>
<p>(in millions of guilders unless otherwise stated)</p>
<p>    Net profit			    55.3  vs  65.6</p>
<p>    Total div and interest income   18.1  vs  19.3</p>
<p>    Total operating costs		5.3  vs   4.8</p>
<p>    Operating profit		    12.8  vs  14.4</p>
<p>    Net capital gains		   42.5  vs  51.2</p>
<p>NOTE - Venture capital firm Alpinvest Holding NV, which is almost 49 percent owned by ABN AMRO Bank, said it expected 1996 full-year net profit to be slightly below 1995's 71 million guilders.</p>
<p>-- Amsterdam newsroom +31 20 504 5000, Fax +31 20 504 5040</p>
</text>
<copyright>(c) Reuters Limited 1996</copyright>
<metadata>
<codes class="bip:countries:1.0">
  <code code="NETH">
    <editdetail attribution="Reuters BIP Coding Group" action="confirmed" date="1996-08-30"/>
  </code>
</codes>
<codes class="bip:industries:1.0">
  <code code="I81502">
    <editdetail attribution="Reuters BIP Coding Group" action="confirmed" date="1996-08-30"/>
  </code>
  <code code="I8150203">
    <editdetail attribution="Reuters BIP Coding Group" action="confirmed" date="1996-08-30"/>
  </code>
</codes>
<codes class="bip:topics:1.0">
  <code code="C15">
    <editdetail attribution="Reuters BIP Coding Group" action="confirmed" date="1996-08-30"/>
  </code>
  <code code="C151">
    <editdetail attribution="Reuters BIP Coding Group" action="confirmed" date="1996-08-30"/>
  </code>
  <code code="CCAT">
    <editdetail attribution="Reuters BIP Coding Group" action="confirmed" date="1996-08-30"/>
  </code>
</codes>
<dc element="dc.date.created" value="1996-08-30"/>
<dc element="dc.publisher" value="Reuters Holdings Plc"/>
<dc element="dc.date.published" value="1996-08-30"/>
<dc element="dc.source" value="Reuters"/>
<dc element="dc.creator.location" value="AMSTERDAM"/>
<dc element="dc.creator.location.country.name" value="NETHERLANDS"/>
<dc element="dc.source" value="Reuters"/>
</metadata>
</newsitem>
