<?xml version="1.0" encoding="iso-8859-1" ?>
<newsitem itemid="587193" id="root" date="1997-05-15" xml:lang="en">
<title>USA: Jean Philippe sees improved earnings in Q3.</title>
<headline>Jean Philippe sees improved earnings in Q3.</headline>
<dateline>NEW YORK 1997-05-15</dateline>
<text>
<p>Jean Philippe Fragrances Inc said Thursday it expects to see a trend of improved earnings beginning in the third quarter of 1997, which is when it expects to see the positive impact of some recent changes.</p>
<p>The company said that during the quarter, it matched its competition's pricing structure and lowered its selling prices.</p>
<p>The company said it gave up its Cutex license, and restructured its domestic operations and reduced its domestic work force by more than 20 percent.</p>
<p>The company said these moves should help it significantly reduce its domestic selling, general and administrative expenses.</p>
<p>The company reported first quarter earnings per share of $0.04 compared to $0.18 for the same period a year ago.</p>
</text>
<copyright>(c) Reuters Limited 1997</copyright>
<metadata>
<codes class="bip:countries:1.0">
  <code code="USA">
    <editdetail attribution="Reuters BIP Coding Group" action="confirmed" date="1997-05-15"/>
  </code>
</codes>
<codes class="bip:industries:1.0">
  <code code="I61000">
    <editdetail attribution="Reuters BIP Coding Group" action="confirmed" date="1997-05-15"/>
  </code>
</codes>
<codes class="bip:topics:1.0">
  <code code="C15">
    <editdetail attribution="Reuters BIP Coding Group" action="confirmed" date="1997-05-15"/>
  </code>
  <code code="C152">
    <editdetail attribution="Reuters BIP Coding Group" action="confirmed" date="1997-05-15"/>
  </code>
  <code code="CCAT">
    <editdetail attribution="Reuters BIP Coding Group" action="confirmed" date="1997-05-15"/>
  </code>
</codes>
<dc element="dc.date.created" value="1997-05-15"/>
<dc element="dc.publisher" value="Reuters Holdings Plc"/>
<dc element="dc.date.published" value="1997-05-15"/>
<dc element="dc.source" value="Reuters"/>
<dc element="dc.creator.location" value="NEW YORK"/>
<dc element="dc.creator.location.country.name" value="USA"/>
<dc element="dc.source" value="Reuters"/>
</metadata>
</newsitem>
