<?xml version="1.0" encoding="iso-8859-1" ?>
<newsitem itemid="396326" id="root" date="1997-02-22" xml:lang="en">
<title>FRANCE: PRESS DIGEST - Algeria - Feb 22.</title>
<headline>PRESS DIGEST - Algeria - Feb 22.</headline>
<dateline>PARIS 1997-02-22</dateline>
<text>
<p>These are the leading stories in the Algerian press on Saturday. Reuters has not verified these stories and does not vouch for their accuracy.</p>
<p>AL KHABAR</p>
<p>- National Democratic Rally party (NDR) was set up under the presidency of Abdelkader Bensaleh.</p>
<p>- The killings recently increased as legislative elections draw near.</p>
<p>EL MOUDJAHID</p>
<p>- The creation of NDR party is considered as a party of hope in Algeria.</p>
<p>EL WATAN</p>
<p>- The creation of NDR party will modify the Algerian politicaly chart.</p>
<p>LA TRIBUNE</p>
<p>- Moderate Islamic Hamas party to hold its congress on March 19. The party will discuss the issue of changing its title despite reservations expressed by its conservative leaders.</p>
</text>
<copyright>(c) Reuters Limited 1997</copyright>
<metadata>
<codes class="bip:countries:1.0">
  <code code="ALG">
    <editdetail attribution="Reuters BIP Coding Group" action="confirmed" date="1997-02-22"/>
  </code>
</codes>
<codes class="bip:topics:1.0">
  <code code="GCAT">
    <editdetail attribution="Reuters BIP Coding Group" action="confirmed" date="1997-02-22"/>
  </code>
</codes>
<dc element="dc.date.created" value="1997-02-22"/>
<dc element="dc.publisher" value="Reuters Holdings Plc"/>
<dc element="dc.date.published" value="1997-02-22"/>
<dc element="dc.source" value="Reuters"/>
<dc element="dc.creator.location" value="PARIS"/>
<dc element="dc.creator.location.country.name" value="FRANCE"/>
<dc element="dc.source" value="Reuters"/>
</metadata>
</newsitem>
