<?xml version="1.0" encoding="iso-8859-1" ?>
<newsitem itemid="72998" id="root" date="1996-09-24" xml:lang="en">
<title>NETHERLANDS: Smit Trafo posts Dfl 47.1 mln loss in '95.</title>
<headline>Smit Trafo posts Dfl 47.1 mln loss in '95.</headline>
<dateline>NIJMEGEN, Netherlands 1996-09-24</dateline>
<text>
<p>Full-year 1995</p>
<p>(in millions of guilders unless otherwise stated)</p>
<p>    Net per shr (guilders)     loss 13.92 vs   3.91 profit</p>
<p>    Net profit		     loss 47.1  vs  12.0  profit</p>
<p>    Dividend (guilders)		 Nil   vs   1.35</p>
<p>    Turnover			     135.0  vs 154.6</p>
<p>    Cash flow			loss 40.9  vs  17.8</p>
<p>Note - Transformer maker Smit Transformatoren NV earlier forecast full-year 1995 profit would be lower than that of 1994. ABN AMRO owns a 58.3 percent stake in Smit Trafo, after lead-managing its October 1994 bourse flotation.</p>
<p>ABN AMRO acquired the Smit Trafo shares after a mojarity of investors accepted its offer to buy them back after the stock price collapsed on the back of loss warnings. When it went to the bourse Smit said it expected profits to grow in the coming years.</p>
<p>Smit posted a net loss of 4.4 million guilders in the first six months of 1995.</p>
<p>The announcement of the 1995 full-year results was postponed from August 29.</p>
<p>-- Amsterdam newsroom +31 20 504 5000 fax +31 20 504 5040</p>
</text>
<copyright>(c) Reuters Limited 1996</copyright>
<metadata>
<codes class="bip:countries:1.0">
  <code code="NETH">
    <editdetail attribution="Reuters BIP Coding Group" action="confirmed" date="1996-09-24"/>
  </code>
</codes>
<codes class="bip:industries:1.0">
  <code code="I34200">
    <editdetail attribution="Reuters BIP Coding Group" action="confirmed" date="1996-09-24"/>
  </code>
</codes>
<codes class="bip:topics:1.0">
  <code code="C15">
    <editdetail attribution="Reuters BIP Coding Group" action="confirmed" date="1996-09-24"/>
  </code>
  <code code="C151">
    <editdetail attribution="Reuters BIP Coding Group" action="confirmed" date="1996-09-24"/>
  </code>
  <code code="C1511">
    <editdetail attribution="Reuters BIP Coding Group" action="confirmed" date="1996-09-24"/>
  </code>
  <code code="CCAT">
    <editdetail attribution="Reuters BIP Coding Group" action="confirmed" date="1996-09-24"/>
  </code>
</codes>
<dc element="dc.date.created" value="1996-09-24"/>
<dc element="dc.publisher" value="Reuters Holdings Plc"/>
<dc element="dc.date.published" value="1996-09-24"/>
<dc element="dc.source" value="Reuters"/>
<dc element="dc.creator.location" value="NIJMEGEN, Netherlands"/>
<dc element="dc.creator.location.country.name" value="NETHERLANDS"/>
<dc element="dc.source" value="Reuters"/>
</metadata>
</newsitem>
