<?xml version="1.0" encoding="iso-8859-1" ?>
<newsitem itemid="405949" id="root" date="1997-02-26" xml:lang="en">
<title>NORWAY: Aker Maritime stock falls sharply.</title>
<headline>Aker Maritime stock falls sharply.</headline>
<dateline>OSLO 1997-02-26</dateline>
<text>
<p>Shares in Norwegian offshore services company Aker Maritime ASA slumped 16 percent in early afternoon trade on Wednesday following the release of 1996 results.</p>
<p>Aker Maritime shares were down 20 crowns at 105 crowns at 1230gmt on the Oslo Bourse after deputy managing director Tor Bergstroem told a presentation for analysts that the company would have to work hard to live up to market expectations this year. Turnover was 27 million crowns.</p>
<p>The share at first fell a few crowns after the company announced profits before tax of 301 million crowns, despite it being a rise of 70 percent on the year-earlier period.</p>
<p>--Oslo newsroom, +47 22 42 50 41</p>
</text>
<copyright>(c) Reuters Limited 1997</copyright>
<metadata>
<codes class="bip:countries:1.0">
  <code code="NORW">
    <editdetail attribution="Reuters BIP Coding Group" action="confirmed" date="1997-02-26"/>
  </code>
</codes>
<codes class="bip:industries:1.0">
  <code code="I32000">
    <editdetail attribution="Reuters BIP Coding Group" action="confirmed" date="1997-02-26"/>
  </code>
</codes>
<codes class="bip:topics:1.0">
  <code code="C15">
    <editdetail attribution="Reuters BIP Coding Group" action="confirmed" date="1997-02-26"/>
  </code>
  <code code="C152">
    <editdetail attribution="Reuters BIP Coding Group" action="confirmed" date="1997-02-26"/>
  </code>
  <code code="CCAT">
    <editdetail attribution="Reuters BIP Coding Group" action="confirmed" date="1997-02-26"/>
  </code>
</codes>
<dc element="dc.date.created" value="1997-02-26"/>
<dc element="dc.publisher" value="Reuters Holdings Plc"/>
<dc element="dc.date.published" value="1997-02-26"/>
<dc element="dc.source" value="Reuters"/>
<dc element="dc.creator.location" value="OSLO"/>
<dc element="dc.creator.location.country.name" value="NORWAY"/>
<dc element="dc.source" value="Reuters"/>
</metadata>
</newsitem>
