<?xml version="1.0" encoding="iso-8859-1" ?>
<newsitem itemid="379917" id="root" date="1997-02-14" xml:lang="en">
<title>UK: Vitec buys U.S. firm Anton/Bauer.</title>
<headline>Vitec buys U.S. firm Anton/Bauer.</headline>
<dateline>LONDON 1997-02-14</dateline>
<text>
<p>Vitec Group Plc said on Friday that it is buying Anton/Bauer Inc. of the U.S. for a maximum payment of $22.0 million in cash.</p>
</text>
<copyright>(c) Reuters Limited 1997</copyright>
<metadata>
<codes class="bip:countries:1.0">
  <code code="UK">
    <editdetail attribution="Reuters BIP Coding Group" action="confirmed" date="1997-02-14"/>
  </code>
  <code code="USA">
    <editdetail attribution="Reuters BIP Coding Group" action="confirmed" date="1997-02-14"/>
  </code>
</codes>
<codes class="bip:industries:1.0">
  <code code="I37330">
    <editdetail attribution="Reuters BIP Coding Group" action="confirmed" date="1997-02-14"/>
  </code>
</codes>
<codes class="bip:topics:1.0">
  <code code="C18">
    <editdetail attribution="Reuters BIP Coding Group" action="confirmed" date="1997-02-14"/>
  </code>
  <code code="C181">
    <editdetail attribution="Reuters BIP Coding Group" action="confirmed" date="1997-02-14"/>
  </code>
  <code code="CCAT">
    <editdetail attribution="Reuters BIP Coding Group" action="confirmed" date="1997-02-14"/>
  </code>
</codes>
<dc element="dc.date.created" value="1997-02-14"/>
<dc element="dc.publisher" value="Reuters Holdings Plc"/>
<dc element="dc.date.published" value="1997-02-14"/>
<dc element="dc.source" value="Reuters"/>
<dc element="dc.creator.location" value="LONDON"/>
<dc element="dc.creator.location.country.name" value="UK"/>
<dc element="dc.source" value="Reuters"/>
</metadata>
</newsitem>
