<?xml version="1.0" encoding="iso-8859-1" ?>
<newsitem itemid="302333" id="root" date="1997-01-13" xml:lang="en">
<title>UK: Lloyd's List newspaper to float stock.</title>
<headline>Lloyd's List newspaper to float stock.</headline>
<dateline>LONDON</dateline>
<text>
<p>LLP Ltd., publisher of Lloyd's List, reputed to be the world's oldest newspaper, said Monday it planned to offer shares on the stock exchange.</p>
<p>It said it had appointed NatWest Markets to advise the company in preparation for a future flotation, and had appointed Cazenove &amp; Co. as corporate brokers.</p>
<p>LLP Ltd. was formerly a subsidiary of the Lloyd's of London insurance market and was target of a management buyout in December 1995.</p>
<p>The company describes itself as the world's leading maritime publisher. It publishes more than 300 international titles in addition to the shipping and insurance newspaper Lloyd's List, which was founded in 1734.</p>
<p>The statement put no value on the company, but the Sunday Telegraph newspaper reported that the float might value the group at more than 100 million pounds ($167 million), noting the management buyout was for 82.5 million pounds ($138 million).</p>
</text>
<copyright>(c) Reuters Limited 1997</copyright>
<metadata>
<codes class="bip:countries:1.0">
  <code code="UK">
    <editdetail attribution="Reuters BIP Coding Group" action="confirmed" date="1997-01-13"/>
  </code>
</codes>
<codes class="bip:industries:1.0">
  <code code="I82003">
    <editdetail attribution="Reuters BIP Coding Group" action="confirmed" date="1997-01-13"/>
  </code>
</codes>
<codes class="bip:topics:1.0">
  <code code="C17">
    <editdetail attribution="Reuters BIP Coding Group" action="confirmed" date="1997-01-13"/>
  </code>
  <code code="C171">
    <editdetail attribution="Reuters BIP Coding Group" action="confirmed" date="1997-01-13"/>
  </code>
  <code code="CCAT">
    <editdetail attribution="Reuters BIP Coding Group" action="confirmed" date="1997-01-13"/>
  </code>
</codes>
<dc element="dc.publisher" value="Reuters Holdings Plc"/>
<dc element="dc.date.published" value="1997-01-13"/>
<dc element="dc.source" value="Reuters"/>
<dc element="dc.creator.location" value="LONDON"/>
<dc element="dc.creator.location.country.name" value="UK"/>
<dc element="dc.source" value="Reuters"/>
</metadata>
</newsitem>
