<?xml version="1.0" encoding="iso-8859-1" ?>
<newsitem itemid="175600" id="root" date="1996-11-08" xml:lang="en">
<title>UK: Enterprise Oil rebounds from recent drop.</title>
<headline>Enterprise Oil rebounds from recent drop.</headline>
<dateline>LONDON 1996-11-08</dateline>
<text>
<p>Shares in Enterprise Oil rebounded on Friday, gaining 11-1/2p to 543-1/2p by 1313 GMT, amid perceptions the recent decline was overdone, dealers said.</p>
<p>&quot;It has been a bad market for a while and shares got pushed down too far,&quot; said one dealer. &quot;I think this is closer to the level where they ought to be.&quot;</p>
<p>Shares across the oil sector were firm.</p>
<p>Shell Transport shares climbed 9p to 967-1/2p, recovering some of the ground lost during the last couple of weeks.  </p>
<p>Shares in British Petroleum added 4p to 638p as Salomon Brothers set a price target 720p for the shares on expectations for a strong fourth quarter.</p>
<p>--Debra Sherman, London newsroom +44 171 542 4026</p>
</text>
<copyright>(c) Reuters Limited 1996</copyright>
<metadata>
<codes class="bip:countries:1.0">
  <code code="UK">
    <editdetail attribution="Reuters BIP Coding Group" action="confirmed" date="1996-11-08"/>
  </code>
</codes>
<codes class="bip:industries:1.0">
  <code code="I13000">
    <editdetail attribution="Reuters BIP Coding Group" action="confirmed" date="1996-11-08"/>
  </code>
  <code code="I1300003">
    <editdetail attribution="Reuters BIP Coding Group" action="confirmed" date="1996-11-08"/>
  </code>
</codes>
<codes class="bip:topics:1.0">
  <code code="C15">
    <editdetail attribution="Reuters BIP Coding Group" action="confirmed" date="1996-11-08"/>
  </code>
  <code code="C152">
    <editdetail attribution="Reuters BIP Coding Group" action="confirmed" date="1996-11-08"/>
  </code>
  <code code="CCAT">
    <editdetail attribution="Reuters BIP Coding Group" action="confirmed" date="1996-11-08"/>
  </code>
</codes>
<dc element="dc.date.created" value="1996-11-08"/>
<dc element="dc.publisher" value="Reuters Holdings Plc"/>
<dc element="dc.date.published" value="1996-11-08"/>
<dc element="dc.source" value="Reuters"/>
<dc element="dc.creator.location" value="LONDON"/>
<dc element="dc.creator.location.country.name" value="UK"/>
<dc element="dc.source" value="Reuters"/>
</metadata>
</newsitem>
