<?xml version="1.0" encoding="iso-8859-1" ?>
<newsitem itemid="711823" id="root" date="1997-07-07" xml:lang="en">
<title>AUSTRALIA: Philippines poll doubts prevent rating upgrade -S&amp;P.</title>
<headline>Philippines poll doubts prevent rating upgrade -S&amp;P.</headline>
<dateline>SYDNEY 1997-07-07</dateline>
<text>
<p>The Philippines' political outlook is a key uncertainty holding back another credit rating upgrade, a top official with Standard &amp; Poor's Corp said.</p>
<p>David Beers, managing director of S&amp;P's sovereign rating division, said with the line-up of candidates for the 1998 presidential elections undecided, another upgrade was unlikely.</p>
<p>&quot;That's a key uncertainty still holding back another rating upgrade,&quot; Beers told Reuters Financial Television (RFTV) in Sydney.</p>
<p>S&amp;P upgraded the Philippines' long-term foreign currency debt to BB-plus from BB in February.  </p>
<p>&quot;The rating can definitely move higher,&quot; Beers said.</p>
<p>&quot;If it does, it will be if the government is able through the next presidential election to persist with the current fiscal strategy.&quot;</p>
<p>&quot;We're still waiting to get a little more insight into who the main presidential candidates are going to be and what their policies are going to be,&quot; he said.</p>
<p>So far, a dozen politicians have expressed interest in the Philippines presidency, which will be contested in a poll in June, 1998.  </p>
<p>These include five senior members of the administration of President Fidel Ramos, who is constitutionally barred from seeking re-election.</p>
<p>-- Sydney newsroom 61-2 9373-1800</p>
</text>
<copyright>(c) Reuters Limited 1997</copyright>
<metadata>
<codes class="bip:countries:1.0">
  <code code="AUSTR">
    <editdetail attribution="Reuters BIP Coding Group" action="confirmed" date="1997-07-07"/>
  </code>
  <code code="PHLNS">
    <editdetail attribution="Reuters BIP Coding Group" action="confirmed" date="1997-07-07"/>
  </code>
</codes>
<codes class="bip:topics:1.0">
  <code code="C17">
    <editdetail attribution="Reuters BIP Coding Group" action="confirmed" date="1997-07-07"/>
  </code>
  <code code="C174">
    <editdetail attribution="Reuters BIP Coding Group" action="confirmed" date="1997-07-07"/>
  </code>
  <code code="CCAT">
    <editdetail attribution="Reuters BIP Coding Group" action="confirmed" date="1997-07-07"/>
  </code>
  <code code="E21">
    <editdetail attribution="Reuters BIP Coding Group" action="confirmed" date="1997-07-07"/>
  </code>
  <code code="E212">
    <editdetail attribution="Reuters BIP Coding Group" action="confirmed" date="1997-07-07"/>
  </code>
  <code code="ECAT">
    <editdetail attribution="Reuters BIP Coding Group" action="confirmed" date="1997-07-07"/>
  </code>
</codes>
<dc element="dc.date.created" value="1997-07-07"/>
<dc element="dc.publisher" value="Reuters Holdings Plc"/>
<dc element="dc.date.published" value="1997-07-07"/>
<dc element="dc.source" value="Reuters"/>
<dc element="dc.creator.location" value="SYDNEY"/>
<dc element="dc.creator.location.country.name" value="AUSTRALIA"/>
<dc element="dc.source" value="Reuters"/>
</metadata>
</newsitem>
