<?xml version="1.0" encoding="iso-8859-1" ?>
<newsitem itemid="611529" id="root" date="1997-05-23" xml:lang="en">
<title>JAPAN: SS Pharmaceutical - 96/97 parent results.</title>
<headline>SS Pharmaceutical - 96/97 parent results.</headline>
<dateline>TOKYO 1997-05-23</dateline>
<text>
<p>Year to March 31, 1997</p>
<p> (Parent)	(in billions of yen unless specified)</p>
<p> Sales		 56.25		vs	   56.71</p>
<p> Operating	    4.12		vs	    4.72</p>
<p> Current		4.25		vs	    4.66</p>
<p> Net		    2.03		vs	    2.24</p>
<p> EPS		   16.56 yen	  vs	   18.36 yen</p>
<p> Diluted EPS	 15.53 yen	  vs	   17.03 yen</p>
<p> Shares	    122 million	  vs	 122 million</p>
<p> Ord div		9.00 yen	  vs	    9.00 yen</p>
<p>NOTE - SS Pharmaceutical Co Ltd makes metabolic organ accelerants, nervous system agents and other drugs.</p>
</text>
<copyright>(c) Reuters Limited 1997</copyright>
<metadata>
<codes class="bip:countries:1.0">
  <code code="JAP">
    <editdetail attribution="Reuters BIP Coding Group" action="confirmed" date="1997-05-23"/>
  </code>
</codes>
<codes class="bip:industries:1.0">
  <code code="I25700">
    <editdetail attribution="Reuters BIP Coding Group" action="confirmed" date="1997-05-23"/>
  </code>
</codes>
<codes class="bip:topics:1.0">
  <code code="C15">
    <editdetail attribution="Reuters BIP Coding Group" action="confirmed" date="1997-05-23"/>
  </code>
  <code code="C151">
    <editdetail attribution="Reuters BIP Coding Group" action="confirmed" date="1997-05-23"/>
  </code>
  <code code="C1511">
    <editdetail attribution="Reuters BIP Coding Group" action="confirmed" date="1997-05-23"/>
  </code>
  <code code="CCAT">
    <editdetail attribution="Reuters BIP Coding Group" action="confirmed" date="1997-05-23"/>
  </code>
</codes>
<dc element="dc.date.created" value="1997-05-23"/>
<dc element="dc.publisher" value="Reuters Holdings Plc"/>
<dc element="dc.date.published" value="1997-05-23"/>
<dc element="dc.source" value="Reuters"/>
<dc element="dc.creator.location" value="TOKYO"/>
<dc element="dc.creator.location.country.name" value="JAPAN"/>
<dc element="dc.source" value="Reuters"/>
</metadata>
</newsitem>
