<?xml version="1.0" encoding="iso-8859-1" ?>
<newsitem itemid="393905" id="root" date="1997-02-21" xml:lang="en">
<title>USA: Hycor Biomedical Inc Q4 net profit vs loss.</title>
<headline>Hycor Biomedical Inc Q4 net profit vs loss.</headline>
<dateline>IRVINE, Calif. 1997-02-21</dateline>
<text>
<p>HYCOR BIOMEDICAL INC.</p>
<p>				   CONSOLIDATED STATEMENTS</p>
<p>					3 Mos Ended	12 Mos Ended</p>
<p>					  Dec. 31,	    Dec. 31,</p>
<p> INCOME STATEMENT		1996	1995     1996     1995</p>
<p> Product Sales		   4,868    6,247   20,084   25,185</p>
<p> Cost of Sales		   2,279    3,515    9,145   11,948</p>
<p>   Gross Profit on Sales     2,589    2,732   10,939   13,237</p>
<p> Expenses			  2,675    3,631   11,358   12,407</p>
<p> Restructuring Charge		0    1,069	  0    1,069</p>
<p>   Operating Income	     (86)  (1,968)    (419)    (239)</p>
<p> Interest Income		    93	112	404	321</p>
<p> Foreign Exchange Gain	     2	  6	 26	188</p>
<p> Net Income (Loss) Before Taxes  9  (1,850)	 11	270</p>
<p> Income Tax Provision (Benefit)  8    (712)	(6)	139</p>
<p> Net Income (Loss)		   1  (1,138)	 17	131</p>
<p> Per Common Share		 0.00   (0.14)     0.00     0.02</p>
<p> Weighted Average Shares     7,475    8,089    7,723    8,258</p>
</text>
<copyright>(c) Reuters Limited 1997</copyright>
<metadata>
<codes class="bip:countries:1.0">
  <code code="USA">
    <editdetail attribution="Reuters BIP Coding Group" action="confirmed" date="1997-02-21"/>
  </code>
</codes>
<codes class="bip:industries:1.0">
  <code code="I25700">
    <editdetail attribution="Reuters BIP Coding Group" action="confirmed" date="1997-02-21"/>
  </code>
</codes>
<codes class="bip:topics:1.0">
  <code code="C15">
    <editdetail attribution="Reuters BIP Coding Group" action="confirmed" date="1997-02-21"/>
  </code>
  <code code="C151">
    <editdetail attribution="Reuters BIP Coding Group" action="confirmed" date="1997-02-21"/>
  </code>
  <code code="C1511">
    <editdetail attribution="Reuters BIP Coding Group" action="confirmed" date="1997-02-21"/>
  </code>
  <code code="CCAT">
    <editdetail attribution="Reuters BIP Coding Group" action="confirmed" date="1997-02-21"/>
  </code>
</codes>
<dc element="dc.date.created" value="1997-02-21"/>
<dc element="dc.publisher" value="Reuters Holdings Plc"/>
<dc element="dc.date.published" value="1997-02-21"/>
<dc element="dc.source" value="Reuters"/>
<dc element="dc.creator.location" value="IRVINE, Calif."/>
<dc element="dc.creator.location.country.name" value="USA"/>
<dc element="dc.source" value="Reuters"/>
</metadata>
</newsitem>
