<?xml version="1.0" encoding="iso-8859-1" ?>
<newsitem itemid="540894" id="root" date="1997-04-25" xml:lang="en">
<title>JAPAN: NTT -97/98 parent forecast.</title>
<headline>NTT -97/98 parent forecast.</headline>
<dateline>TOKYO 1997-04-25</dateline>
<text>
<p>Year to March 31, 1998</p>
<p>		   (in billions of yen unless specified)</p>
<p>			   LATEST	    PREVIOUS	   ACTUAL</p>
<p> (Parent)	     FORECAST	   FORECAST	  YEAR-AGO</p>
<p> Sales		  6.46 trln	  6.53 trln	  6.42 trln</p>
<p> Current	    387.00	     354.00	     349.00</p>
<p>NOTE - Nippon Telegraph and Telephone Corp revised its</p>
<p>97/98 parent earnings forefast, following the establishment</p>
<p>of NTT Communicationware Corp, a wholly-owned computer</p>
<p>software firm on April 1.</p>
</text>
<copyright>(c) Reuters Limited 1997</copyright>
<metadata>
<codes class="bip:countries:1.0">
  <code code="JAP">
    <editdetail attribution="Reuters BIP Coding Group" action="confirmed" date="1997-04-25"/>
  </code>
</codes>
<codes class="bip:industries:1.0">
  <code code="I79020">
    <editdetail attribution="Reuters BIP Coding Group" action="confirmed" date="1997-04-25"/>
  </code>
</codes>
<codes class="bip:topics:1.0">
  <code code="C15">
    <editdetail attribution="Reuters BIP Coding Group" action="confirmed" date="1997-04-25"/>
  </code>
  <code code="C152">
    <editdetail attribution="Reuters BIP Coding Group" action="confirmed" date="1997-04-25"/>
  </code>
  <code code="CCAT">
    <editdetail attribution="Reuters BIP Coding Group" action="confirmed" date="1997-04-25"/>
  </code>
</codes>
<dc element="dc.date.created" value="1997-04-25"/>
<dc element="dc.publisher" value="Reuters Holdings Plc"/>
<dc element="dc.date.published" value="1997-04-25"/>
<dc element="dc.source" value="Reuters"/>
<dc element="dc.creator.location" value="TOKYO"/>
<dc element="dc.creator.location.country.name" value="JAPAN"/>
<dc element="dc.source" value="Reuters"/>
</metadata>
</newsitem>
