<?xml version="1.0" encoding="iso-8859-1" ?>
<newsitem itemid="295956" id="root" date="1997-01-09" xml:lang="en">
<title>MEXICO: Mexico's Ahmsa debt rated MA- by Duff.</title>
<headline>Mexico's Ahmsa debt rated MA- by Duff.</headline>
<dateline>MONTERREY, Mexico 1997-01-08</dateline>
<text>
<p>Duff &amp; Phelps Credit Rating on Wednesday said it assigned an MA- rating to a $300 million issue of medium-term notes issued by steelmaker Altos Hornos de Mexico.</p>
<p>&quot;Its operating earnings declined (in year-on-year terms in the third quarter of 1996) by 6.7 percent. Despite this, its debt coverage improved from 1.4 times in September 1995 to 1.84 times in September 1996,&quot; analysts Marco Sotomayor and Horacio Flores said in a report.</p>
<p>The analysts said Ahmsa's main risks involved the competitive nature of the steel business, as well as the impact of general economic conditions on sales of the company's products and activity in the construction industry in particular.</p>
<p>((--Monterrey bureau, +528 345-7617))</p>
</text>
<copyright>(c) Reuters Limited 1997</copyright>
<metadata>
<codes class="bip:countries:1.0">
  <code code="MEX">
    <editdetail attribution="Reuters BIP Coding Group" action="confirmed" date="1997-01-09"/>
  </code>
</codes>
<codes class="bip:industries:1.0">
  <code code="I22100">
    <editdetail attribution="Reuters BIP Coding Group" action="confirmed" date="1997-01-09"/>
  </code>
</codes>
<codes class="bip:topics:1.0">
  <code code="C17">
    <editdetail attribution="Reuters BIP Coding Group" action="confirmed" date="1997-01-09"/>
  </code>
  <code code="C174">
    <editdetail attribution="Reuters BIP Coding Group" action="confirmed" date="1997-01-09"/>
  </code>
  <code code="CCAT">
    <editdetail attribution="Reuters BIP Coding Group" action="confirmed" date="1997-01-09"/>
  </code>
</codes>
<dc element="dc.date.created" value="1997-01-08"/>
<dc element="dc.publisher" value="Reuters Holdings Plc"/>
<dc element="dc.date.published" value="1997-01-09"/>
<dc element="dc.source" value="Reuters"/>
<dc element="dc.creator.location" value="MONTERREY, Mexico"/>
<dc element="dc.creator.location.country.name" value="MEXICO"/>
<dc element="dc.source" value="Reuters"/>
</metadata>
</newsitem>
