<?xml version="1.0" encoding="iso-8859-1" ?>
<newsitem itemid="762088" id="root" date="1997-07-29" xml:lang="en">
<title>USA: Mikohn says exterior margins increasing.</title>
<headline>Mikohn says exterior margins increasing.</headline>
<dateline>LAS VEGAS 1997-07-29</dateline>
<text>
<p>Mikohn Gaming Corp said Tuesday profit margins, especially in exterior signs, are increasing.</p>
<p>Mikohn said in a statement growth in its core interior signage business primarily reflected casino remodeling and refurbishing.  Mikohn said second quarter gross margins were 37.6 percent, compared with 36.5 percent in the first quarter, and 34.3 percent in the year-ago second quarter.</p>
<p>Mikohn posted profits of $852,000, or $0.09 a share, for its second quarter, ended June 30, compared with $94,000, or $0.01 a share in the comparable year-ago period.</p>
<p>Revenues were $25.8 million compared with $23 million in the year-ago period.</p>
</text>
<copyright>(c) Reuters Limited 1997</copyright>
<metadata>
<codes class="bip:countries:1.0">
  <code code="USA">
    <editdetail attribution="Reuters BIP Coding Group" action="confirmed" date="1997-07-29"/>
  </code>
</codes>
<codes class="bip:industries:1.0">
  <code code="I97912">
    <editdetail attribution="Reuters BIP Coding Group" action="confirmed" date="1997-07-29"/>
  </code>
</codes>
<codes class="bip:topics:1.0">
  <code code="C15">
    <editdetail attribution="Reuters BIP Coding Group" action="confirmed" date="1997-07-29"/>
  </code>
  <code code="C151">
    <editdetail attribution="Reuters BIP Coding Group" action="confirmed" date="1997-07-29"/>
  </code>
  <code code="CCAT">
    <editdetail attribution="Reuters BIP Coding Group" action="confirmed" date="1997-07-29"/>
  </code>
</codes>
<dc element="dc.date.created" value="1997-07-29"/>
<dc element="dc.publisher" value="Reuters Holdings Plc"/>
<dc element="dc.date.published" value="1997-07-29"/>
<dc element="dc.source" value="Reuters"/>
<dc element="dc.creator.location" value="LAS VEGAS"/>
<dc element="dc.creator.location.country.name" value="USA"/>
<dc element="dc.source" value="Reuters"/>
</metadata>
</newsitem>
