<?xml version="1.0" encoding="iso-8859-1" ?>
<newsitem itemid="338675" id="root" date="1997-01-28" xml:lang="en">
<title>UK: United tumbles amid stock overhang.</title>
<headline>United tumbles amid stock overhang.</headline>
<dateline>LONDON 1997-01-28</dateline>
<text>
<p>Shares in United Assurance extended recent losses amid an overhang of stock, dealers said.</p>
<p>By 1133 GMT, the shares were trading at 487-1/2p, down 17-1/2p on the day and down 40-1/2p since January 20.  </p>
<p>Dealers said there was a large line of stock to be placed several days ago. Not all of it had been placed, they said.</p>
<p>Elsewhere in the sector, shares in Legal &amp; General Plc eased 10-1/2p to 366 on profit-taking, dealers said.</p>
<p>--London newsroom +44 171 542 4026</p>
</text>
<copyright>(c) Reuters Limited 1997</copyright>
<metadata>
<codes class="bip:countries:1.0">
  <code code="UK">
    <editdetail attribution="Reuters BIP Coding Group" action="confirmed" date="1997-01-28"/>
  </code>
</codes>
<codes class="bip:industries:1.0">
  <code code="I82001">
    <editdetail attribution="Reuters BIP Coding Group" action="confirmed" date="1997-01-28"/>
  </code>
  <code code="I82002">
    <editdetail attribution="Reuters BIP Coding Group" action="confirmed" date="1997-01-28"/>
  </code>
</codes>
<codes class="bip:topics:1.0">
  <code code="C15">
    <editdetail attribution="Reuters BIP Coding Group" action="confirmed" date="1997-01-28"/>
  </code>
  <code code="C152">
    <editdetail attribution="Reuters BIP Coding Group" action="confirmed" date="1997-01-28"/>
  </code>
  <code code="CCAT">
    <editdetail attribution="Reuters BIP Coding Group" action="confirmed" date="1997-01-28"/>
  </code>
</codes>
<dc element="dc.date.created" value="1997-01-28"/>
<dc element="dc.publisher" value="Reuters Holdings Plc"/>
<dc element="dc.date.published" value="1997-01-28"/>
<dc element="dc.source" value="Reuters"/>
<dc element="dc.creator.location" value="LONDON"/>
<dc element="dc.creator.location.country.name" value="UK"/>
<dc element="dc.source" value="Reuters"/>
</metadata>
</newsitem>
