<?xml version="1.0" encoding="iso-8859-1" ?>
<newsitem itemid="244993" id="root" date="1996-12-09" xml:lang="en">
<title>CHINA: China's Nov industrial output up 13.4 pct y/y.</title>
<headline>China's Nov industrial output up 13.4 pct y/y.</headline>
<dateline>BEIJING 1996-12-09</dateline>
<text>
<p>China's industrial output rose 13.4 percent year on year in November, the State Statistical Bureau said on Monday.  </p>
<p>Total output was 173.7 billion yuan ($20.9 billion).</p>
<p>In October, industrial output rose 13.3 percent from a year-earlier period.</p>
<p>The State Statistical Bureau gave no figures for the January to November period.</p>
<p>It said that in November alone state-owned industry showed a rise in output of 7.3 percent while collectively-owned industry posted a growth of 17.7 percent and the private sector rose 12 percent.  </p>
<p>Light industry showed a rise of 15 percent in output while heavy industry was up 12.1 percent.</p>
<p>The State Statistical Bureau said the ratio of sales to production was 96.75 percent in November, up 0.93 percentage point from the same month a year ago.</p>
<p>Primary energy production rose 5.5 percent during the month with coal output rising 5.2 percent and crude oil climbing six percent. Electric power generation was up 5.7 percent.</p>
<p>Production of steel products and other key non-ferrous metals products showed increases ranging from 5.2 percent to 10.1 percent. Details were not available.</p>
<p>Output of telecommunications equipment showed a rapid rise during the month with digital switching equipment up as much as 29.5 percent.</p>
</text>
<copyright>(c) Reuters Limited 1996</copyright>
<metadata>
<codes class="bip:countries:1.0">
  <code code="CHINA">
    <editdetail attribution="Reuters BIP Coding Group" action="confirmed" date="1996-12-09"/>
  </code>
</codes>
<codes class="bip:topics:1.0">
  <code code="E31">
    <editdetail attribution="Reuters BIP Coding Group" action="confirmed" date="1996-12-09"/>
  </code>
  <code code="E311">
    <editdetail attribution="Reuters BIP Coding Group" action="confirmed" date="1996-12-09"/>
  </code>
  <code code="ECAT">
    <editdetail attribution="Reuters BIP Coding Group" action="confirmed" date="1996-12-09"/>
  </code>
</codes>
<dc element="dc.date.created" value="1996-12-09"/>
<dc element="dc.publisher" value="Reuters Holdings Plc"/>
<dc element="dc.date.published" value="1996-12-09"/>
<dc element="dc.source" value="Reuters"/>
<dc element="dc.creator.location" value="BEIJING"/>
<dc element="dc.creator.location.country.name" value="CHINA"/>
<dc element="dc.source" value="Reuters"/>
</metadata>
</newsitem>
