<?xml version="1.0" encoding="iso-8859-1" ?>
<newsitem itemid="768352" id="root" date="1997-07-31" xml:lang="en">
<title>USA: TABLE - MEMCO Software Ltd Q2 net increases.</title>
<headline>TABLE - MEMCO Software Ltd Q2 net increases.</headline>
<dateline>NEW YORK 1997-07-31</dateline>
<text>
<p>Three Months Ended	Six Months Ended</p>
<p>			  Jun 30,    Jun 30,	 Jun 30,  Jun 30,</p>
<p>			    1997	  1996	    1997     1996</p>
<p> Revenues	     $ 5,910    $ 2,815	$ 10,375  $ 4,939</p>
<p> Net income	     1,647	  643	   2,897	792</p>
<p>Net income per</p>
<p>  share		    0.10	 0.05	    0.18     0.06</p>
<p>Weighted average</p>
<p>number of shares</p>
<p>		 (In thousands, except share and per share data)</p>
</text>
<copyright>(c) Reuters Limited 1997</copyright>
<metadata>
<codes class="bip:countries:1.0">
  <code code="USA">
    <editdetail attribution="Reuters BIP Coding Group" action="confirmed" date="1997-07-31"/>
  </code>
</codes>
<codes class="bip:industries:1.0">
  <code code="I33020">
    <editdetail attribution="Reuters BIP Coding Group" action="confirmed" date="1997-07-31"/>
  </code>
  <code code="I3302021">
    <editdetail attribution="Reuters BIP Coding Group" action="confirmed" date="1997-07-31"/>
  </code>
</codes>
<codes class="bip:topics:1.0">
  <code code="C15">
    <editdetail attribution="Reuters BIP Coding Group" action="confirmed" date="1997-07-31"/>
  </code>
  <code code="C151">
    <editdetail attribution="Reuters BIP Coding Group" action="confirmed" date="1997-07-31"/>
  </code>
  <code code="CCAT">
    <editdetail attribution="Reuters BIP Coding Group" action="confirmed" date="1997-07-31"/>
  </code>
</codes>
<dc element="dc.date.created" value="1997-07-31"/>
<dc element="dc.publisher" value="Reuters Holdings Plc"/>
<dc element="dc.date.published" value="1997-07-31"/>
<dc element="dc.source" value="Reuters"/>
<dc element="dc.creator.location" value="NEW YORK"/>
<dc element="dc.creator.location.country.name" value="USA"/>
<dc element="dc.source" value="Reuters"/>
</metadata>
</newsitem>
