<?xml version="1.0" encoding="iso-8859-1" ?>
<newsitem itemid="220491" id="root" date="1996-11-27" xml:lang="en">
<title>SPAIN: Spain calls for NATO focus to turn to Mediterranean.</title>
<headline>Spain calls for NATO focus to turn to Mediterranean.</headline>
<dateline>MADRID 1996-11-27</dateline>
<text>
<p>Spain said on Wednesday NATO should shift its focus in Europe toward the Mediterranean after spending so many Cold War years looking east.</p>
<p>Defence Minister Eduardo Serra called the Mediterranean a &quot;true strategic area&quot; and said southern Europe had the right to demand attention from its NATO allies.</p>
<p>&quot;We need to turn our eyes to the south after looking eastward for the past 50 years,&quot; Serra said at a conference in Madrid sponsored by the International Herald Tribune newspaper.</p>
<p>Diplomats in Madrid say that Washington believes Spain would serve as a key staging ground for any conflict in Africa or the Middle East.</p>
<p>Serra said Spain wanted a greater presence in NATO command structures following parliament's decision earlier this month to join the alliance's military structure.</p>
<p>NATO officials are expected to recommend soon the creation of a new sub-regional command for Iberia on Spanish territory, answering one of Madrid's central demands in negotiations on full integration into the alliance's military command.</p>
<p>NATO currently has three regional commands in Europe - in Britain, the Netherlands and Italy - and sub-regional commands scattered across the continent.</p>
</text>
<copyright>(c) Reuters Limited 1996</copyright>
<metadata>
<codes class="bip:countries:1.0">
  <code code="NATO">
    <editdetail attribution="Reuters BIP Coding Group" action="confirmed" date="1996-11-27"/>
  </code>
  <code code="SPAIN">
    <editdetail attribution="Reuters BIP Coding Group" action="confirmed" date="1996-11-27"/>
  </code>
</codes>
<codes class="bip:topics:1.0">
  <code code="GCAT">
    <editdetail attribution="Reuters BIP Coding Group" action="confirmed" date="1996-11-27"/>
  </code>
  <code code="GDEF">
    <editdetail attribution="Reuters BIP Coding Group" action="confirmed" date="1996-11-27"/>
  </code>
  <code code="GDIP">
    <editdetail attribution="Reuters BIP Coding Group" action="confirmed" date="1996-11-27"/>
  </code>
</codes>
<dc element="dc.date.created" value="1996-11-27"/>
<dc element="dc.publisher" value="Reuters Holdings Plc"/>
<dc element="dc.date.published" value="1996-11-27"/>
<dc element="dc.source" value="Reuters"/>
<dc element="dc.creator.location" value="MADRID"/>
<dc element="dc.creator.location.country.name" value="SPAIN"/>
<dc element="dc.source" value="Reuters"/>
</metadata>
</newsitem>
