<?xml version="1.0" encoding="iso-8859-1" ?>
<newsitem itemid="619225" id="root" date="1997-05-28" xml:lang="en">
<title>USA: IPO FOCUS- Ireland's Ryanair.</title>
<headline>IPO FOCUS- Ireland's Ryanair.</headline>
<dateline>NEW YORK 1997-05-28</dateline>
<text>
<p>Ireland's &quot;low-fares no-frills&quot; airline Ryanair Holdings Plc could soar at its take-off on the U.S. stock market due Thursday.</p>
<p>The stock of the Irish airline, which is run by U.S. entrepreneur David Bonderman, will debut on both sides of the Atlantic on the Nasdaq and the Irish stock exchange in an initial public offering of 54,167,596 ordinary shares.</p>
<p>Bonderman, formerly chairman of Continental Airlines Inc, led a $450 million investment that helped bring Continental out of bankruptcy in 1993. He remains the company's largest stockholder and has a seat on its board.  </p>
<p>IPO analysts are forecasting, on average, a jump of 1-1/2 points and some are even more optimistic.</p>
<p>&quot;The IPO market is back on. If you can get a two point jump out of Carey, Ryanair should be worth at least three,&quot; said Vince Slavin, who tracks IPOs for Cantor Fitzgerald.</p>
<p>Carey International Inc jumped 2-1/2 to 13 after its IPO on Wednesday.</p>
<p>Ryanair, which has been operating since 1985, runs short flights primarily btween Ireland and the United Kingdom.</p>
<p>&quot;&quot;Our secret is low fares, low fares and even more low fares. No meals, no frills, no newspapers, no nuts,&quot; Ryanair chief executive Michael O'Leary told reporters earlier this month at an announcement of the flotation.</p>
<p>Ryanair is selling 33.3 million of the total number of shares to be offered while existing stockholders will sell 20.8 million.</p>
<p>In the United States, American Depositary shares will be offered, each representing five shares. The ADSs are estimated to price in a range of 12.28 to 14.52, according to lead underwriter Morgan Stanley and Co.</p>
<p>((--J. Westhoven, Wall Street Desk 212 859 1881))</p>
</text>
<copyright>(c) Reuters Limited 1997</copyright>
<metadata>
<codes class="bip:countries:1.0">
  <code code="IRE">
    <editdetail attribution="Reuters BIP Coding Group" action="confirmed" date="1997-05-28"/>
  </code>
  <code code="USA">
    <editdetail attribution="Reuters BIP Coding Group" action="confirmed" date="1997-05-28"/>
  </code>
</codes>
<codes class="bip:industries:1.0">
  <code code="I75000">
    <editdetail attribution="Reuters BIP Coding Group" action="confirmed" date="1997-05-28"/>
  </code>
</codes>
<codes class="bip:topics:1.0">
  <code code="C15">
    <editdetail attribution="Reuters BIP Coding Group" action="confirmed" date="1997-05-28"/>
  </code>
  <code code="C152">
    <editdetail attribution="Reuters BIP Coding Group" action="confirmed" date="1997-05-28"/>
  </code>
  <code code="C17">
    <editdetail attribution="Reuters BIP Coding Group" action="confirmed" date="1997-05-28"/>
  </code>
  <code code="C171">
    <editdetail attribution="Reuters BIP Coding Group" action="confirmed" date="1997-05-28"/>
  </code>
  <code code="CCAT">
    <editdetail attribution="Reuters BIP Coding Group" action="confirmed" date="1997-05-28"/>
  </code>
</codes>
<dc element="dc.date.created" value="1997-05-28"/>
<dc element="dc.publisher" value="Reuters Holdings Plc"/>
<dc element="dc.date.published" value="1997-05-28"/>
<dc element="dc.source" value="Reuters"/>
<dc element="dc.creator.location" value="NEW YORK"/>
<dc element="dc.creator.location.country.name" value="USA"/>
<dc element="dc.source" value="Reuters"/>
</metadata>
</newsitem>
