<?xml version="1.0" encoding="iso-8859-1" ?>
<newsitem itemid="266576" id="root" date="1996-12-19" xml:lang="en">
<title>COTE D'IVOIRE: PRESS DIGEST - Ivory Coast - Dec 19.</title>
<headline>PRESS DIGEST - Ivory Coast - Dec 19.</headline>
<dateline>ABIDJAN 1996-12-19</dateline>
<text>
<p>These are significant items in the Ivorian press on Thursday. Reuters has not verified these items and does not vouch for their accuracy. FRATERNITE MATIN - Ivory Coast's government decides to raise tariffs at the Port of Abidjan by an average of 3.8 percent from January 1 1997, with most of the increase falling on ships using the port, cabinet statement says. Other decisions include:</p>
<p>* Officer thrown out of army and two others sanctioned for failing in their duty after Liberian rebels killed Ivorian and Liberian civilians during attack on village of Bazobli in June</p>
<p>* Government signs protocol with Canadian company Falconbridge Ltd on project to exploit nickel at Biankouma-Touba in the north, including mining and processing factory; investment estimated at 500 billion CFA with factory due to create 1,500 jobs in 2003</p>
<p>* Ivory Coast to devise strategy to brush up its image in outside world, particularly Europe and United States - Transport and transit company SDV Cote d'Ivoire announces 18 percent increase in turnover net of tax in financial year from October 1995 to September 1996. LA VOIE - Government announces creation of 250 million CFA special fund to help the independent press LE JOUR - Head of Ivorian employers' group, the National Federation of Industries, Pierre Magne, expresses concern about level of Ivory Coast's internal debt, which federation estimates at 37 billion CFA francs; says in interview companies need to be repaid to contribute to national development - Unemployment in Ivory Coast in 1995 was four percent, agency for studying and promoting employment says in report; jobless rate in 15-30 age group was 7.1 percent - Police tear-gas students protesting about unpaid grants and allowances at Abidjan university campus</p>
<p>($1=225 CFA francs) -- Abidjan newsroom +225 21 90 90</p>
</text>
<copyright>(c) Reuters Limited 1996</copyright>
<metadata>
<codes class="bip:countries:1.0">
  <code code="ICST">
    <editdetail attribution="Reuters BIP Coding Group" action="confirmed" date="1996-12-19"/>
  </code>
</codes>
<codes class="bip:topics:1.0">
  <code code="GCAT">
    <editdetail attribution="Reuters BIP Coding Group" action="confirmed" date="1996-12-19"/>
  </code>
</codes>
<dc element="dc.date.created" value="1996-12-19"/>
<dc element="dc.publisher" value="Reuters Holdings Plc"/>
<dc element="dc.date.published" value="1996-12-19"/>
<dc element="dc.source" value="Reuters"/>
<dc element="dc.creator.location" value="ABIDJAN"/>
<dc element="dc.creator.location.country.name" value="COTE D'IVOIRE"/>
<dc element="dc.source" value="Reuters"/>
</metadata>
</newsitem>
