<?xml version="1.0" encoding="iso-8859-1" ?>
<newsitem itemid="217863" id="root" date="1996-11-26" xml:lang="en">
<title>INDIA: DEBT-Indian brokers quotes on securities - Nov 26.</title>
<headline>DEBT-Indian brokers quotes on securities - Nov 26.</headline>
<dateline>BOMBAY 1996-11-26</dateline>
<text>
<p>Following are some indicative quotes made by Bombay-based brokers for dated Indian government securities and treasury bills on Tuesday.</p>
<p>.</p>
<p>Government securities (bid/offer in rupees)</p>
<p>------------------------------------------</p>
<p>		     MATA		-----	     -----</p>
<p>13.50% 97    102.55/102.60   ------/------   ------/------</p>
<p>13.50% 98    102.45/102.55   ------/------   ------/------</p>
<p>13.62% 98    ------/103.58   ------/------   ------/------</p>
<p>00.00% 00    ------/62.25    ------/------   ------/------</p>
<p>11.64% 00     95.18/95.30    ------/------   ------/------</p>
<p>13.85% 01    ------/101.90   ------/------   ------/------</p>
<p>13.82% 02    ------/101.90   ------/------   ------/------</p>
<p>12.50% 04     94.45/94.60    ------/------   ------/------</p>
<p>.</p>
<p>Treasury bills (bid/offer in percent)</p>
<p>------------------------------------</p>
<p>Maturing on	MATA		 ---		 ---</p>
<p>--/--/--     ------/------   ------/------   ------/------</p>
<p>11/01/97     ------/8.75     ------/------   ------/------</p>
<p>01/02/97     ------/9.00     ------/------   ------/------</p>
<p>24/10/97     ------/9.75     ------/------   ------/------</p>
<p>.</p>
<p>Note:	MATA   : Mata Securities India Pvt. Ltd.</p>
<p>			  (Mr. R.G.Bhat, Mr.Vikrant, Ms.Chandra,</p>
<p>			  Mr. Dilip, Mr. Umesh)</p>
<p>			  Tel: 2677740/2617071-4,2699714 Fax:2651583)</p>
<p>--</p>
<p>	   -- Bombay newsroom +91-22-265 9000</p>
</text>
<copyright>(c) Reuters Limited 1996</copyright>
<metadata>
<codes class="bip:countries:1.0">
  <code code="INDIA">
    <editdetail attribution="Reuters BIP Coding Group" action="confirmed" date="1996-11-26"/>
  </code>
</codes>
<codes class="bip:topics:1.0">
  <code code="M12">
    <editdetail attribution="Reuters BIP Coding Group" action="confirmed" date="1996-11-26"/>
  </code>
  <code code="M13">
    <editdetail attribution="Reuters BIP Coding Group" action="confirmed" date="1996-11-26"/>
  </code>
  <code code="M131">
    <editdetail attribution="Reuters BIP Coding Group" action="confirmed" date="1996-11-26"/>
  </code>
  <code code="MCAT">
    <editdetail attribution="Reuters BIP Coding Group" action="confirmed" date="1996-11-26"/>
  </code>
</codes>
<dc element="dc.date.created" value="1996-11-26"/>
<dc element="dc.publisher" value="Reuters Holdings Plc"/>
<dc element="dc.date.published" value="1996-11-26"/>
<dc element="dc.source" value="Reuters"/>
<dc element="dc.creator.location" value="BOMBAY"/>
<dc element="dc.creator.location.country.name" value="INDIA"/>
<dc element="dc.source" value="Reuters"/>
</metadata>
</newsitem>
