<?xml version="1.0" encoding="iso-8859-1" ?>
<newsitem itemid="503787" id="root" date="1997-04-11" xml:lang="en">
<title>USA: US Airways could cut routes to lower costs - NYT.</title>
<headline>US Airways could cut routes to lower costs - NYT.</headline>
<dateline>NEW YORK 1997-04-11</dateline>
<text>
<p>US Airways may start dropping unprofitable routes bewteen the East and West U.S. coasts if it fails to reach a pact with its labour unions which would lower costs, the New York Times reported on Friday.</p>
<p>It could also eliminate routes in Florida and at its Baltimore hub, and ground some planes to save money on training and spare parts, the newspaper said.</p>
<p>The newspaper said the company offered these possibilities at a meeting with employees in Charlotte, North Carolina on Thursday.</p>
<p>((New York newsdesk 212-859-1610))</p>
</text>
<copyright>(c) Reuters Limited 1997</copyright>
<metadata>
<codes class="bip:countries:1.0">
  <code code="USA">
    <editdetail attribution="Reuters BIP Coding Group" action="confirmed" date="1997-04-11"/>
  </code>
</codes>
<codes class="bip:industries:1.0">
  <code code="I75000">
    <editdetail attribution="Reuters BIP Coding Group" action="confirmed" date="1997-04-11"/>
  </code>
</codes>
<codes class="bip:topics:1.0">
  <code code="C11">
    <editdetail attribution="Reuters BIP Coding Group" action="confirmed" date="1997-04-11"/>
  </code>
  <code code="C21">
    <editdetail attribution="Reuters BIP Coding Group" action="confirmed" date="1997-04-11"/>
  </code>
  <code code="C24">
    <editdetail attribution="Reuters BIP Coding Group" action="confirmed" date="1997-04-11"/>
  </code>
  <code code="C42">
    <editdetail attribution="Reuters BIP Coding Group" action="confirmed" date="1997-04-11"/>
  </code>
  <code code="CCAT">
    <editdetail attribution="Reuters BIP Coding Group" action="confirmed" date="1997-04-11"/>
  </code>
  <code code="E41">
    <editdetail attribution="Reuters BIP Coding Group" action="confirmed" date="1997-04-11"/>
  </code>
  <code code="ECAT">
    <editdetail attribution="Reuters BIP Coding Group" action="confirmed" date="1997-04-11"/>
  </code>
  <code code="GCAT">
    <editdetail attribution="Reuters BIP Coding Group" action="confirmed" date="1997-04-11"/>
  </code>
  <code code="GJOB">
    <editdetail attribution="Reuters BIP Coding Group" action="confirmed" date="1997-04-11"/>
  </code>
</codes>
<dc element="dc.date.created" value="1997-04-11"/>
<dc element="dc.publisher" value="Reuters Holdings Plc"/>
<dc element="dc.date.published" value="1997-04-11"/>
<dc element="dc.source" value="Reuters"/>
<dc element="dc.creator.location" value="NEW YORK"/>
<dc element="dc.creator.location.country.name" value="USA"/>
<dc element="dc.source" value="Reuters"/>
</metadata>
</newsitem>
