<?xml version="1.0" encoding="iso-8859-1" ?>
<newsitem itemid="684533" id="root" date="1997-06-24" xml:lang="en">
<title>AUSTRALIA: Canberra confident will pass ASX demutualisation.</title>
<headline>Canberra confident will pass ASX demutualisation.</headline>
<dateline>CANBERRA 1997-06-24</dateline>
<text>
<p>The Australian government was confident it would pass legislation in time to allow the Australian Stock Exchange (ASX) to demutualise and publicly list on schedule, a spokesman said on Tuesday.</p>
<p>A meeting of Liberal-National coalition parliamentarians on Tuesday approved legislation removing any Federal impediments to the move, a party spokesman told reporters.</p>
<p>Parliament begins its winter break next week. But the legislation will be introduced and debated in the next session, beginning in August, a spokeswoman for Ian Campbell, the parliamentary secretary to the Treasurer, told Reuters.  </p>
<p>The exchange plans to demutualise from January 1, 1998.</p>
<p>&quot;We are still hopeful of meeting that timetable,&quot; Campbell's spokeswoman said.</p>
<p>Exchange members in October approved the demutualisation, in a move which would clear the way for the exchange to become the first publicly-listed stock exchange in the world.</p>
<p>The planned legislation also limits individual holdings to a maximum five percent of the exchange's stock.</p>
<p>-- Canberra bureau 61-6 273-2</p>
</text>
<copyright>(c) Reuters Limited 1997</copyright>
<metadata>
<codes class="bip:countries:1.0">
  <code code="AUSTR">
    <editdetail attribution="Reuters BIP Coding Group" action="confirmed" date="1997-06-24"/>
  </code>
</codes>
<codes class="bip:industries:1.0">
  <code code="I83100">
    <editdetail attribution="Reuters BIP Coding Group" action="confirmed" date="1997-06-24"/>
  </code>
</codes>
<codes class="bip:topics:1.0">
  <code code="C13">
    <editdetail attribution="Reuters BIP Coding Group" action="confirmed" date="1997-06-24"/>
  </code>
  <code code="C14">
    <editdetail attribution="Reuters BIP Coding Group" action="confirmed" date="1997-06-24"/>
  </code>
  <code code="C17">
    <editdetail attribution="Reuters BIP Coding Group" action="confirmed" date="1997-06-24"/>
  </code>
  <code code="C171">
    <editdetail attribution="Reuters BIP Coding Group" action="confirmed" date="1997-06-24"/>
  </code>
  <code code="CCAT">
    <editdetail attribution="Reuters BIP Coding Group" action="confirmed" date="1997-06-24"/>
  </code>
  <code code="GCAT">
    <editdetail attribution="Reuters BIP Coding Group" action="confirmed" date="1997-06-24"/>
  </code>
  <code code="GPOL">
    <editdetail attribution="Reuters BIP Coding Group" action="confirmed" date="1997-06-24"/>
  </code>
</codes>
<dc element="dc.date.created" value="1997-06-24"/>
<dc element="dc.publisher" value="Reuters Holdings Plc"/>
<dc element="dc.date.published" value="1997-06-24"/>
<dc element="dc.source" value="Reuters"/>
<dc element="dc.creator.location" value="CANBERRA"/>
<dc element="dc.creator.location.country.name" value="AUSTRALIA"/>
<dc element="dc.source" value="Reuters"/>
</metadata>
</newsitem>
