<?xml version="1.0" encoding="iso-8859-1" ?>
<newsitem itemid="178635" id="root" date="1996-11-10" xml:lang="en">
<title>USA: Bomb scare closes TWA terminal at JFK airport.</title>
<headline>Bomb scare closes TWA terminal at JFK airport.</headline>
<dateline>NEW YORK 1996-11-09</dateline>
<text>
<p>A bomb scare closed Trans World Airlines Inc's international terminal at John F. Kennedy International Airport for over an hour on Saturday after a bomb-sniffing dog thought it had detected explosives in a bag carried by a passenger, officials said.</p>
<p>&quot;The incident happened around 4:30 p.m. EST (2130 GMT) in the TWA terminal at the screening point,&quot; said Gwen Williams, a spokeswoman for the Port Authority that operates the three major airports in the New York City area.</p>
<p>She said the terminal was evacuated for more than an hour and an unidentified man was detained by airport police as the New York City Bomb Squad examined the suspicious package.</p>
<p>&quot;It was not a bomb or any type of explosive device,&quot; Williams said, adding that it is unclear what was in the carry-on package.</p>
<p>A spokesman for the authority later said that nitrate, a substance used in explosive devices, was found on the man by the bomb squad, but it would not say where. WCBS local radio said the nitrate was found on the man's shoes.</p>
</text>
<copyright>(c) Reuters Limited 1996</copyright>
<metadata>
<codes class="bip:countries:1.0">
  <code code="USA">
    <editdetail attribution="Reuters BIP Coding Group" action="confirmed" date="1996-11-10"/>
  </code>
</codes>
<codes class="bip:industries:1.0">
  <code code="I75000">
    <editdetail attribution="Reuters BIP Coding Group" action="confirmed" date="1996-11-10"/>
  </code>
</codes>
<codes class="bip:topics:1.0">
  <code code="C24">
    <editdetail attribution="Reuters BIP Coding Group" action="confirmed" date="1996-11-10"/>
  </code>
  <code code="CCAT">
    <editdetail attribution="Reuters BIP Coding Group" action="confirmed" date="1996-11-10"/>
  </code>
  <code code="GCAT">
    <editdetail attribution="Reuters BIP Coding Group" action="confirmed" date="1996-11-10"/>
  </code>
  <code code="GCRIM">
    <editdetail attribution="Reuters BIP Coding Group" action="confirmed" date="1996-11-10"/>
  </code>
</codes>
<dc element="dc.date.created" value="1996-11-09"/>
<dc element="dc.publisher" value="Reuters Holdings Plc"/>
<dc element="dc.date.published" value="1996-11-10"/>
<dc element="dc.source" value="Reuters"/>
<dc element="dc.creator.location" value="NEW YORK"/>
<dc element="dc.creator.location.country.name" value="USA"/>
<dc element="dc.source" value="Reuters"/>
</metadata>
</newsitem>
