<?xml version="1.0" encoding="iso-8859-1" ?>
<newsitem itemid="101385" id="root" date="1996-10-07" xml:lang="en">
<title>FINLAND: Finnlines says has option to up BTL stake.</title>
<headline>Finnlines says has option to up BTL stake.</headline>
<dateline>HELSINKI 1996-10-07</dateline>
<text>
<p>Finnish cargo shipping group Finnlines Oy said in a statement on Monday it had an option to increase its ownership in Swedish firm BTL to 45.03 percent of votes from 24.84 percent.  </p>
<p>Finnlines said it had an option to buy Swedish AB Catena's shares in Bilspedition Transport &amp; Logistics AB.</p>
<p>&quot;Catena has given Finnlines the right, under the terms of an option agreement valid until March 31, 1997, to acquire all shares in ... BTL owned by Catena,&quot; Finnlines said.</p>
<p>If this option -- together with a deal reached on October 3 with Swedish firm  Walleniusrederierna AB -- were exercised, Finnlines' ownership in BTL would rise to 31.20 percent of BTL's shares from 20.81 percent, it said.</p>
<p>-- Helsinki newsroom +358-0-6805 0248</p>
</text>
<copyright>(c) Reuters Limited 1996</copyright>
<metadata>
<codes class="bip:countries:1.0">
  <code code="FIN">
    <editdetail attribution="Reuters BIP Coding Group" action="confirmed" date="1996-10-07"/>
  </code>
  <code code="SWED">
    <editdetail attribution="Reuters BIP Coding Group" action="confirmed" date="1996-10-07"/>
  </code>
</codes>
<codes class="bip:industries:1.0">
  <code code="I65100">
    <editdetail attribution="Reuters BIP Coding Group" action="confirmed" date="1996-10-07"/>
  </code>
  <code code="I72300">
    <editdetail attribution="Reuters BIP Coding Group" action="confirmed" date="1996-10-07"/>
  </code>
  <code code="I74000">
    <editdetail attribution="Reuters BIP Coding Group" action="confirmed" date="1996-10-07"/>
  </code>
</codes>
<codes class="bip:topics:1.0">
  <code code="C18">
    <editdetail attribution="Reuters BIP Coding Group" action="confirmed" date="1996-10-07"/>
  </code>
  <code code="C181">
    <editdetail attribution="Reuters BIP Coding Group" action="confirmed" date="1996-10-07"/>
  </code>
  <code code="CCAT">
    <editdetail attribution="Reuters BIP Coding Group" action="confirmed" date="1996-10-07"/>
  </code>
</codes>
<dc element="dc.date.created" value="1996-10-07"/>
<dc element="dc.publisher" value="Reuters Holdings Plc"/>
<dc element="dc.date.published" value="1996-10-07"/>
<dc element="dc.source" value="Reuters"/>
<dc element="dc.creator.location" value="HELSINKI"/>
<dc element="dc.creator.location.country.name" value="FINLAND"/>
<dc element="dc.source" value="Reuters"/>
</metadata>
</newsitem>
