<?xml version="1.0" encoding="iso-8859-1" ?>
<newsitem itemid="31396" id="root" date="1996-09-04" xml:lang="en">
<title>FRANCE: CYCLING-TWO FRENCH RIDERS BANNED FOR DOPING.</title>
<headline>CYCLING-TWO FRENCH RIDERS BANNED FOR DOPING.</headline>
<dateline>PARIS 1996-09-04</dateline>
<text>
<p>French riders Jacky Durand and Thierry Laurent were banned from racing for eight months for failing dope tests but will be allowed to compete pending an appeal, the French Cycling Federation (FFC) said on Wednesday.</p>
<p>The FFC refused to reveal what the riders had taken or when their appeal committee would meet to discuss the case. A spokeswoman only confirmed the ban and the appeal.</p>
<p>It is the policy of French cycling authorities not to disclose doping cases or even bans and riders have been known to be out of action for weeks for so-called injuries when actually suspended for drug taking.</p>
</text>
<copyright>(c) Reuters Limited 1996</copyright>
<metadata>
<codes class="bip:countries:1.0">
  <code code="FRA">
    <editdetail attribution="Reuters BIP Coding Group" action="confirmed" date="1996-09-04"/>
  </code>
</codes>
<codes class="bip:topics:1.0">
  <code code="GCAT">
    <editdetail attribution="Reuters BIP Coding Group" action="confirmed" date="1996-09-04"/>
  </code>
  <code code="GSPO">
    <editdetail attribution="Reuters BIP Coding Group" action="confirmed" date="1996-09-04"/>
  </code>
</codes>
<dc element="dc.date.created" value="1996-09-04"/>
<dc element="dc.publisher" value="Reuters Holdings Plc"/>
<dc element="dc.date.published" value="1996-09-04"/>
<dc element="dc.source" value="Reuters"/>
<dc element="dc.creator.location" value="PARIS"/>
<dc element="dc.creator.location.country.name" value="FRANCE"/>
<dc element="dc.source" value="Reuters"/>
</metadata>
</newsitem>
