<?xml version="1.0" encoding="iso-8859-1" ?>
<newsitem itemid="22363" id="root" date="1996-08-29" xml:lang="en">
<title>USA: DM Management Q4 net loss after charges.</title>
<headline>DM Management Q4 net loss after charges.</headline>
<dateline>HINGHAM, Mass. 1996-08-29</dateline>
<text>
<p>CONDENSED CONSOLIDATED STATEMENTS OF OPERATIONS</p>
<p>		     In thousands, except per share data</p>
<p>			    Three Months Ended  Twelve Months Ended</p>
<p>					 (unaudited)</p>
<p>				    Jun 29, Jun 24,   Jun 29, Jun 24,</p>
<p>					 1996    1995     1996     1995</p>
<p> Sales			    $21,582 $19,561   $80,585 $72,691</p>
<p> Gross profit		     8,720   7,448    32,804  29,968</p>
<p>Selling, general and</p>
<p>  administrative expenses     8,059   7,300    32,237  29,101</p>
<p>  administrative expenses     8,059   7,300    32,237  29,101</p>
<p> Income from operations	   661     148	 567     867</p>
<p> Interest expense		    55	48	 306	16</p>
<p> Income before taxes		606     100	 261     851</p>
<p> Provision for Income taxes	61	11	  26	86</p>
<p>Income from continuing</p>
<p>  operations			  545	89	 235     765</p>
<p>Income (loss) from</p>
<p>  discontinued operations   (9,001)	68   (9,585)	 8</p>
<p> Net income (loss)	   ( 8,456)     157  ( 9,350)     773</p>
<p>Primary earnings per share:</p>
<p>  Continuing operations	  0.11    0.02	0.05    0.17</p>
<p> Discontinued operations    ( 1.90)    0.01   ( 2.16)    0.00</p>
<p>Net income (loss) per share</p>
<p>				    ( 1.79)    0.03   ( 2.11)    0.17</p>
<p>Weighted average shares</p>
<p>  outstanding		     4,737   4,531     4,441   4,610</p>
</text>
<copyright>(c) Reuters Limited 1996</copyright>
<metadata>
<codes class="bip:countries:1.0">
  <code code="USA">
    <editdetail attribution="Reuters BIP Coding Group" action="confirmed" date="1996-08-29"/>
  </code>
</codes>
<codes class="bip:industries:1.0">
  <code code="I83954">
    <editdetail attribution="Reuters BIP Coding Group" action="confirmed" date="1996-08-29"/>
  </code>
  <code code="I8395449">
    <editdetail attribution="Reuters BIP Coding Group" action="confirmed" date="1996-08-29"/>
  </code>
</codes>
<codes class="bip:topics:1.0">
  <code code="C15">
    <editdetail attribution="Reuters BIP Coding Group" action="confirmed" date="1996-08-29"/>
  </code>
  <code code="C151">
    <editdetail attribution="Reuters BIP Coding Group" action="confirmed" date="1996-08-29"/>
  </code>
  <code code="C1511">
    <editdetail attribution="Reuters BIP Coding Group" action="confirmed" date="1996-08-29"/>
  </code>
  <code code="CCAT">
    <editdetail attribution="Reuters BIP Coding Group" action="confirmed" date="1996-08-29"/>
  </code>
</codes>
<dc element="dc.date.created" value="1996-08-29"/>
<dc element="dc.publisher" value="Reuters Holdings Plc"/>
<dc element="dc.date.published" value="1996-08-29"/>
<dc element="dc.source" value="Reuters"/>
<dc element="dc.creator.location" value="HINGHAM, Mass."/>
<dc element="dc.creator.location.country.name" value="USA"/>
<dc element="dc.source" value="Reuters"/>
</metadata>
</newsitem>
