<?xml version="1.0" encoding="iso-8859-1" ?>
<newsitem itemid="8085" id="root" date="1996-08-22" xml:lang="en">
<title>JORDAN: Jordan delays start of school year after riots.</title>
<headline>Jordan delays start of school year after riots.</headline>
<dateline>AMMAN 1996-08-22</dateline>
<text>
<p>Jordan delayed the start of the academic year for thousands of children across the kingdom by a week because of last weekend's bread riots, officials said on Thursday.</p>
<p>&quot;The Minister of Education has announced on Thursday the delay of the start of the school year in the kingdom to Saturday 31 August from Saturday 24 August,&quot; a ministry of education official told Reuters.</p>
<p>The official said the decision was to allow the ministry &quot;to undertake the necessary maintenance to repair the damage to school buildings in some areas&quot;.</p>
<p>But other government officials said the move was a precaution to head off any trouble at schools. There are nearly 1.3 million students.</p>
<p>A few schools and the office of the education ministry for the southern city of Karak and surrounding villages were damaged by demonstrators who rioted after a government decision to double bread prices.</p>
</text>
<copyright>(c) Reuters Limited 1996</copyright>
<metadata>
<codes class="bip:countries:1.0">
  <code code="JORDAN">
    <editdetail attribution="Reuters BIP Coding Group" action="confirmed" date="1996-08-22"/>
  </code>
</codes>
<codes class="bip:topics:1.0">
  <code code="GCAT">
    <editdetail attribution="Reuters BIP Coding Group" action="confirmed" date="1996-08-22"/>
  </code>
  <code code="GVIO">
    <editdetail attribution="Reuters BIP Coding Group" action="confirmed" date="1996-08-22"/>
  </code>
</codes>
<dc element="dc.date.created" value="1996-08-22"/>
<dc element="dc.publisher" value="Reuters Holdings Plc"/>
<dc element="dc.date.published" value="1996-08-22"/>
<dc element="dc.source" value="Reuters"/>
<dc element="dc.creator.location" value="AMMAN"/>
<dc element="dc.creator.location.country.name" value="JORDAN"/>
<dc element="dc.source" value="Reuters"/>
</metadata>
</newsitem>
