<?xml version="1.0" encoding="iso-8859-1" ?>
<newsitem itemid="291279" id="root" date="1997-01-07" xml:lang="en">
<title>USA: Porsche to make sport utility vehicle.</title>
<headline>Porsche to make sport utility vehicle.</headline>
<dateline>DETROIT</dateline>
<text>
<p>German sports car maker Porsche AG said Tuesday it plans to enter the sport utility vehicle market.</p>
<p>&quot;It's only a question of time, not the decision. The decision is made,&quot; Porsche Chairman Wendelin Wiedeking told a news conference at the North American International Auto Show.</p>
<p>The company's plan &quot;is to bring this product to the market this century,&quot; he said.</p>
<p>Wiedeking said Porsche was talking to a third party about the vehicles but would not say whether Porsche or the third party would make them. He did not identify the party.</p>
<p>The move into the growing sport utility market is part of Porsche's plan to sell high performance vehicles other than sports cars, he said.</p>
<p>Porsche also said it expects its new Boxster sports car to help it double its sales in the United States this year.</p>
<p>The company is confident the introduction of the car &quot;will double 1996 U.S. sales this year to approximately 14,000,&quot; Fred Schwab, Porsche Cars North America president, told reporters at the auto show.</p>
<p>With a manufacturers suggested retail price of $39,980, the two-seat Boxster is priced below the Porsche 911. It includes a 2.5 litre 201 horsepower engine and can go from zero to 62 mph in 6.9 seconds, Schwab said. The car has a top track speed of 149 mph.</p>
</text>
<copyright>(c) Reuters Limited 1997</copyright>
<metadata>
<codes class="bip:countries:1.0">
  <code code="GFR">
    <editdetail attribution="Reuters BIP Coding Group" action="confirmed" date="1997-01-07"/>
  </code>
  <code code="USA">
    <editdetail attribution="Reuters BIP Coding Group" action="confirmed" date="1997-01-07"/>
  </code>
</codes>
<codes class="bip:industries:1.0">
  <code code="I35101">
    <editdetail attribution="Reuters BIP Coding Group" action="confirmed" date="1997-01-07"/>
  </code>
</codes>
<codes class="bip:topics:1.0">
  <code code="C22">
    <editdetail attribution="Reuters BIP Coding Group" action="confirmed" date="1997-01-07"/>
  </code>
  <code code="CCAT">
    <editdetail attribution="Reuters BIP Coding Group" action="confirmed" date="1997-01-07"/>
  </code>
</codes>
<dc element="dc.publisher" value="Reuters Holdings Plc"/>
<dc element="dc.date.published" value="1997-01-07"/>
<dc element="dc.source" value="Reuters"/>
<dc element="dc.creator.location" value="DETROIT"/>
<dc element="dc.creator.location.country.name" value="USA"/>
<dc element="dc.source" value="Reuters"/>
</metadata>
</newsitem>
