<?xml version="1.0" encoding="iso-8859-1" ?>
<newsitem itemid="568019" id="root" date="1997-05-07" xml:lang="en">
<title>JAPAN: NKK sets terms on straight bond at 1.55%.</title>
<headline>NKK sets terms on straight bond at 1.55%.</headline>
<dateline>TOKYO 1997-05-07</dateline>
<text>
<p>BORROWER - NKK Corp</p>
<p>LEAD MGR - Fuji Securities Co Ltd</p>
<p>FISCAL AGENT - Fuji Bank Ltd</p>
<p> TYPE straight bond   ISSUE NO   20	 AMT   10 bln yen</p>
<p> COUPON 1.55%	   ISS PRICE  100.00   MATURITY 22.May.00</p>
<p> LAST MOODY'S	   PAY DATE 21.May.97  INT PAY 22nd May/Nov</p>
<p> LAST S&amp;P		 SIGN DATE	     SUB DATE 7.May</p>
<p> LAST JCR   AA	  LAST JBRI	     LAST NIS</p>
</text>
<copyright>(c) Reuters Limited 1997</copyright>
<metadata>
<codes class="bip:countries:1.0">
  <code code="JAP">
    <editdetail attribution="Reuters BIP Coding Group" action="confirmed" date="1997-05-07"/>
  </code>
</codes>
<codes class="bip:industries:1.0">
  <code code="I22100">
    <editdetail attribution="Reuters BIP Coding Group" action="confirmed" date="1997-05-07"/>
  </code>
</codes>
<codes class="bip:topics:1.0">
  <code code="C17">
    <editdetail attribution="Reuters BIP Coding Group" action="confirmed" date="1997-05-07"/>
  </code>
  <code code="C172">
    <editdetail attribution="Reuters BIP Coding Group" action="confirmed" date="1997-05-07"/>
  </code>
  <code code="CCAT">
    <editdetail attribution="Reuters BIP Coding Group" action="confirmed" date="1997-05-07"/>
  </code>
</codes>
<dc element="dc.date.created" value="1997-05-07"/>
<dc element="dc.publisher" value="Reuters Holdings Plc"/>
<dc element="dc.date.published" value="1997-05-07"/>
<dc element="dc.source" value="Reuters"/>
<dc element="dc.creator.location" value="TOKYO"/>
<dc element="dc.creator.location.country.name" value="JAPAN"/>
<dc element="dc.source" value="Reuters"/>
</metadata>
</newsitem>
