<?xml version="1.0" encoding="iso-8859-1" ?>
<newsitem itemid="10558" id="root" date="1996-08-23" xml:lang="en">
<title>USA: TENNIS-MEDVEDEV ADVANCES AT HAMLET CUP.</title>
<headline>TENNIS-MEDVEDEV ADVANCES AT HAMLET CUP.</headline>
<dateline>COMMACK, New York 1996-08-22</dateline>
<text>
<p>Fifth-seeded Ukrainian Andrei Medvedev, driving for a better tennis ranking, reached the quarter-finals of the Hamlet Cup tournament with a 6-3 6-2 victory over Jan Kroslak of Slovakia Thursday.</p>
<p>Medvedev, who held a number four ranking two years ago and is 38th this week, has been shaking off an assortment of injuries to his wrist, knee and back.</p>
<p>&quot;I played well,&quot; he said after eliminating Kroslak in one hour. He won the last three games of the first set and the last four of the match.</p>
<p>He was one of the pLayers who objected strongly to the U.S. Tennis Association's procedure in making the draw for the U.S. Open starting Monday, prompting the USTA to redo the draw Thursday.</p>
<p>&quot;I've increased the level of my game with an eye to the Open,&quot; he said. &quot;But honestly, I still have to improve more. I'm not yet up to the U.S. Open standards.&quot;</p>
<p>Thomas Johansson of Sweden, Adrian Voinea of Romania and American Jonathan Stark, three unseeded players, also reached the quarter-finals.</p>
<p>Johansson beat Fernon Wibier of the Netherlands 6-3 6-3. Wibier, who replaced injured Yevgeny Kafelnikov of Russia, never threatened Johansson's service in the 64-minute match.</p>
<p>Voinea rallied to beat qualifier Nir Welgreen of Israel 5-7 6-0 6-2 and Stark edged compatriot Vincent Spadea 6-2 6-7 (5-7) 7-6.</p>
</text>
<copyright>(c) Reuters Limited 1996</copyright>
<metadata>
<codes class="bip:countries:1.0">
  <code code="USA">
    <editdetail attribution="Reuters BIP Coding Group" action="confirmed" date="1996-08-23"/>
  </code>
</codes>
<codes class="bip:topics:1.0">
  <code code="GCAT">
    <editdetail attribution="Reuters BIP Coding Group" action="confirmed" date="1996-08-23"/>
  </code>
  <code code="GSPO">
    <editdetail attribution="Reuters BIP Coding Group" action="confirmed" date="1996-08-23"/>
  </code>
</codes>
<dc element="dc.date.created" value="1996-08-22"/>
<dc element="dc.publisher" value="Reuters Holdings Plc"/>
<dc element="dc.date.published" value="1996-08-23"/>
<dc element="dc.source" value="Reuters"/>
<dc element="dc.creator.location" value="COMMACK, New York"/>
<dc element="dc.creator.location.country.name" value="USA"/>
<dc element="dc.source" value="Reuters"/>
</metadata>
</newsitem>
