<?xml version="1.0" encoding="iso-8859-1" ?>
<newsitem itemid="498508" id="root" date="1997-04-09" xml:lang="en">
<title>ISRAEL: Arab wounded in West Bank shooting - official.</title>
<headline>Arab wounded in West Bank shooting - official.</headline>
<dateline>JERUSALEM 1997-04-09</dateline>
<text>
<p>A Palestinian suspected of cooperating with Israeli security forces was shot twice in the head in the West Bank on Wednesday, a spokesman for Israel's Magen David Adom ambulance service said.</p>
<p>&quot;He was very seriously wounded and taken to hospital in Israel,&quot; the spokesman said. &quot;He is a local Arab man suspected of collaboration and he was shot twice in the head at a petrol station near the village of Kfar Azzoun.&quot;</p>
<p>Israel Army Radio said the Palestinian was hit by gunfire from a car with yellow Israeli licence plates which drove off towards the Israeli town of Kfar Saba. It reported the background to the shooting appeared to be &quot;criminal&quot;.</p>
<p>A wave of violence has swept the West Bank since Israel broke ground for a Jewish settlement in Arab East Jerusalem on March 18.</p>
</text>
<copyright>(c) Reuters Limited 1997</copyright>
<metadata>
<codes class="bip:countries:1.0">
  <code code="ISRAEL">
    <editdetail attribution="Reuters BIP Coding Group" action="confirmed" date="1997-04-09"/>
  </code>
</codes>
<codes class="bip:topics:1.0">
  <code code="GCAT">
    <editdetail attribution="Reuters BIP Coding Group" action="confirmed" date="1997-04-09"/>
  </code>
  <code code="GVIO">
    <editdetail attribution="Reuters BIP Coding Group" action="confirmed" date="1997-04-09"/>
  </code>
</codes>
<dc element="dc.date.created" value="1997-04-09"/>
<dc element="dc.publisher" value="Reuters Holdings Plc"/>
<dc element="dc.date.published" value="1997-04-09"/>
<dc element="dc.source" value="Reuters"/>
<dc element="dc.creator.location" value="JERUSALEM"/>
<dc element="dc.creator.location.country.name" value="ISRAEL"/>
<dc element="dc.source" value="Reuters"/>
</metadata>
</newsitem>
