<?xml version="1.0" encoding="iso-8859-1" ?>
<newsitem itemid="788404" id="root" date="1997-08-08" xml:lang="en">
<title>USA: First Call Earnings Surprises Aug 7.</title>
<headline>First Call Earnings Surprises Aug 7.</headline>
<dateline>NEW YORK 1997-08-08</dateline>
<text>
<p>The following are lists of positive and negative earnings surprises compiled by First Call.Earnings surprises and historical information are provided by First Call.</p>
<p>				 First Call Earnings Surprises</p>
<p>Positive Surprises</p>
<p>------------------</p>
<p>						  First Call</p>
<p>						  Consensus Actual</p>
<p>Company Name	    Ticker   Period    EPS     EPS   Surp</p>
<p>Intl. Airline Support YLF     Q4May97    0.22    0.37  68.2%</p>
<p>Heftel Broadcasting   HBCCA   Q2Jun97    0.22    0.35  59.1%</p>
<p>Schuff Steel Company  SHUF    Q2Jun97    0.20    0.29  45.0%</p>
<p>SCPIE Holdings Inc.   SKP     Q2Jun97    0.50    0.65  30.0%</p>
<p>Ethan Allen Interiors ETH     Q4Jun97    0.84    1.02  21.4%</p>
<p>Utilicorp United, Inc UCU     Q2Jun97    0.32    0.38  18.8%</p>
<p>Banner Aerospace	BAR     Q1Jun97    0.12    0.14  16.7%</p>
<p>Thermo Instrument Sys THI     Q2Jun97    0.33    0.38  15.2%</p>
<p>Telco Communications  TCGX    Q2Jun97    0.22    0.25  13.6%</p>
<p>Fisher Scientific Int FSH     Q2Jun97    0.57    0.64  12.3%</p>
<p>Equitable Cos. Inc.   EQ	Q2Jun97    0.66    0.74  12.1%</p>
<p>Alliant Tech Systems  ATK     Q1Jun97    0.99    1.10  11.1%</p>
<p>First Brands Corp     FBR     Q4Jun97    0.29    0.32  10.3%</p>
<p>Leviathan Gas Pipelin LEV     Q2Jun97    0.20    0.22  10.0%</p>
<p>PMC Commercial Trust  PCC     Q2Jun97    0.41    0.45   9.8%</p>
<p>Applied Industrial    APZ     Q4Jun97    0.66    0.72   9.1%</p>
<p>Comfort Systems USA I FIX     Q2Jun97    0.14    0.15   7.1%</p>
<p>Ames Department Store AMES    Q2Jul97    0.29    0.31   6.9%</p>
<p>US Industries Inc.    USI     Q3Jun97    0.62    0.66   6.5%</p>
<p>Metzler Group	   METZ    Q2Jun97    0.16    0.17   6.3%</p>
<p>Parexel int'l Corp.   PRXL    Q4Jun97    0.16    0.17   6.3%</p>
<p>Caribiner		 CWC     Q3Jun97    0.33    0.35   6.1%</p>
<p>Universal Corp.	 UVV     Q4Jun97    0.60    0.63   5.0%</p>
<p>Cephalon Inc.	   CEPH    Q2Jun97   -0.78   -0.76     N+</p>
<p>Eagle Point Software  EGPT    Q4Jun97   -0.06   -0.02     N+</p>
<p>Eott Energy Partners  EOT     Q2Jun97   -0.35   -0.32     N+</p>
<p>EPIX Medical	    EPIX    Q2Jun97   -0.25   -0.17     N+</p>
<p>Neurex Corp.	    NXCO    Q2Jun97   -0.39   -0.27     N+</p>
<p>Premier Parks Inc.    PARK    Q2Jun97   -0.03    0.30     N+</p>
<p>Providence Energy Cor PVY     Q3Jun97   -0.15    0.02     N+</p>
<p>U.S. Franchise	  USFS    Q2Jun97   -0.18   -0.17     N+</p>
<p>Viacom Inc.	     VIA     Q2Jun97   -0.14   -0.08     N+</p>
<p>Viatel		    VYTL    Q2Jun97   -0.53   -0.45     N+</p>
<p>Advanced Health Corp. ADVH    Q2Jun97    0.08    0.14    N/A</p>
<p>Physicians Health Ser PHSV    Q2Jun97    0.08    0.12    N/A</p>
<p>Information Mgmt Reso IMRS    Q2Jun97    0.08    0.11    N/A</p>
<p>Negative Surprises</p>
<p>------------------</p>
<p>						  First Call</p>
<p>						  Consensus Actual</p>
<p>Company Name	    Ticker   Period    EPS     EPS   Surp</p>
<p>Citizens Utilities Co CZNB    Q2Jun97    0.13    0.05  -61.5%</p>
<p>Preferred Employers H PEGI    Q2Jun97    0.12    0.09  -25.0%</p>
<p>Autocam Corp	    ACAM    Q4Jun97    0.28    0.24  -14.3%</p>
<p>Gryphon Holdings Inc. GRYP    Q2Jun97    0.37    0.32  -13.5%</p>
<p>Bacou USA  Inc.	 BACU    Q2Jun97    0.37    0.34   -8.1%</p>
<p>Mastec Inc		MTZ     Q2Jun97    0.44    0.41   -6.8%</p>
<p>Enamelon Inc.	   ENML    Q2Jun97   -0.32   -0.38	N-</p>
<p>Molecular Biosystems  MB	Q1Jun97   -0.21   -0.27	N-</p>
<p>PDT Inc.		  PDTI    Q2Jun97   -0.42   -0.46	N-</p>
<p>Coinmach Industries C WDRY    Q1Jun97   -0.03   -0.34	N-</p>
<p>Midwest Grain Product MWGP    Q4Jun97    0.01   -0.08     N/A</p>
<p>Costilla Energy	 COSE    Q2Jun97    0.04   -0.23     N/A</p>
<p>Hugoton Energy Corp.  HUGO    Q2Jun97    0.05   -0.12     N/A</p>
<p>Western Gas Resources WGR     Q2Jun97    0.07   -0.05     N/A</p>
<p>Hahn Automotive Wareh HAHN    Q3Jun97    0.07    0.04     N/A</p>
<p>Aasche Transportation ASHE    Q2Jun97    0.09    0.07     N/A</p>
<p>				Other Companies Reporting Today</p>
<p>Positive Reports</p>
<p>----------------</p>
<p>						  First Call</p>
<p>						  Consensus Actual</p>
<p>Company Name	    Ticker   Period    EPS     EPS   Diff</p>
<p>Developers Diversifie DDR     Q2Jun97    0.82    0.86  4.9%</p>
<p>Republic Group	  RGC     Q4Jun97    0.41    0.43  4.9%</p>
<p>USA Waste Services In UW	Q2Jun97    0.41    0.43  4.9%</p>
<p>Interim Services	IS	Q2Jun97    0.48    0.50  4.2%</p>
<p>CIBER, Inc.	     CBR     Q4Jun97    0.26    0.27  3.8%</p>
<p>Executive Risk	  ER	Q2Jun97    0.78    0.81  3.8%</p>
<p>Imnet Systems	   IMNT    Q4Jun97    0.28    0.29  3.6%</p>
<p>Mutual Risk Managemen MM	Q2Jun97    0.56    0.58  3.6%</p>
<p>Tesoro Petroleum Corp TSO     Q2Jun97    0.29    0.30  3.4%</p>
<p>Essex Property Trust  ESS     Q2Jun97    0.61    0.63  3.3%</p>
<p>Americredit Corp	ACF     Q4Jun97    0.35    0.36  2.9%</p>
<p>Cass Commercial Corp. CASS    Q2Jun97    0.43    0.44  2.3%</p>
<p>Home Properties of Ne HME     Q2Jun97    0.50    0.51  2.0%</p>
<p>Weeks Corp. (New FFO) WKS     Q2Jun97    0.57    0.58  1.8%</p>
<p>Commercial Federal Co CFB     Q4Jun97    0.77    0.78  1.3%</p>
<p>Cohr, Inc.		CHRI    Q1Jun97    0.24    0.24  0.0%</p>
<p>Emcare Holdings	 EMCR    Q2Jun97    0.36    0.36  0.0%</p>
<p>Equity Corp Internati EQU     Q2Jun97    0.15    0.15  0.0%</p>
<p>Greenwich Air Service GASIB   Q3Jun97    0.33    0.33  0.0%</p>
<p>Harborside Healthcare HBR     Q2Jun97    0.20    0.20  0.0%</p>
<p>Micrion Corporation   MICN    Q4Jun97    0.13    0.13  0.0%</p>
<p>PacifiCare Health Sys PHSYB   Q2Jun97    0.39    0.39  0.0%</p>
<p>PMC Capital	     PMC     Q2Jun97    0.31    0.31  0.0%</p>
<p>Sitel Corporation     SWW     Q2Jun97    0.10    0.10  0.0%</p>
<p>Medallion Financial C TAXI    Q2Jun97    0.24    0.24  0.0%</p>
<p>Thomas Group	    TGIS    Q2Jun97    0.25    0.25  0.0%</p>
<p>Thermo Electron Corp. TMO     Q2Jun97    0.35    0.35  0.0%</p>
<p>United Healthcare Cor UNH     Q2Jun97    0.57    0.57  0.0%</p>
<p>United Waste Systems  UWST    Q2Jun97    0.37    0.37  0.0%</p>
<p>Consolidated Delivery CDLI    Q2Jun97    0.00    0.03    N+</p>
<p>Neurogen Corp	   NRGN    Q2Jun97   -0.05   -0.02    N+</p>
<p>Strategic Distributio STRD    Q2Jun97   -0.04   -0.03    N+</p>
<p>White Pine Software I WPNE    Q2Jun97   -0.21   -0.20    N+</p>
<p>CPI Aerostructures, I CPIA    Q2Jun97    0.03    0.05   N/A</p>
<p>Simione Central Holdi SCHID   Q2Jun97    0.06    0.08   N/A</p>
<p>Elcom International   ELCO    Q2Jun97    0.07    0.07   N/A</p>
<p>Lomak Petroleum Inc.  LOM     Q2Jun97    0.09    0.09   N/A</p>
<p>NABI			NABI    Q2Jun97    0.06    0.06   N/A</p>
<p>Brown (Tom), Inc.     TMBR    Q2Jun97    0.01    0.01   N/A</p>
<p>Negative Reports</p>
<p>----------------</p>
<p>						  First Call</p>
<p>						  Consensus Actual</p>
<p>Company Name	    Ticker   Period    EPS     EPS   Diff</p>
<p>Granite Construction  GVA     Q2Jun97    0.48    0.46  -4.2%</p>
<p>St. Mary Land &amp; Explo MARY    Q2Jun97    0.27    0.26  -3.7%</p>
<p>Interpool Inc.	  IPX     Q2Jun97    0.32    0.31  -3.1%</p>
<p>Fresh America Corp.   FRES    Q2Jun97    0.40    0.39  -2.5%</p>
<p>Sara Lee Corp.	  SLE     Q4Jun97    0.56    0.55  -1.8%</p>
<p>Fluke Corp.	     FLK     Q1Jul97    0.70    0.69  -1.4%</p>
<p>American Exploration  AX	Q2Jun97   -0.21   -0.22     N-</p>
<p>Kelley Oil &amp; Gas Corp KOGC    Q2Jun97   -0.05   -0.06     N-</p>
<p>J. Alexander's Corp.  JAX     Q2Jun97    0.02    0.00    N/A</p>
<p>Legend:</p>
<p>N/A	All or some data necessary for calculation is</p>
<p>	   unavailable.</p>
<p>N/C	Not Calculable, e.g. divisor (Mean estimate) = 0, and</p>
<p>	   there is more than one estimate.</p>
<p>N+	 Actual EPS is larger than Mean estimate. Mean estimate</p>
<p>	   is negative or zero.</p>
<p>N-	 Actual EPS is smaller than Mean estimate. Mean</p>
<p>	   estimate is negative or zero.</p>
</text>
<copyright>(c) Reuters Limited 1997</copyright>
<metadata>
<codes class="bip:countries:1.0">
  <code code="USA">
    <editdetail attribution="Reuters BIP Coding Group" action="confirmed" date="1997-08-08"/>
  </code>
</codes>
<codes class="bip:topics:1.0">
  <code code="C15">
    <editdetail attribution="Reuters BIP Coding Group" action="confirmed" date="1997-08-08"/>
  </code>
  <code code="C151">
    <editdetail attribution="Reuters BIP Coding Group" action="confirmed" date="1997-08-08"/>
  </code>
  <code code="C152">
    <editdetail attribution="Reuters BIP Coding Group" action="confirmed" date="1997-08-08"/>
  </code>
  <code code="CCAT">
    <editdetail attribution="Reuters BIP Coding Group" action="confirmed" date="1997-08-08"/>
  </code>
</codes>
<dc element="dc.date.created" value="1997-08-08"/>
<dc element="dc.publisher" value="Reuters Holdings Plc"/>
<dc element="dc.date.published" value="1997-08-08"/>
<dc element="dc.source" value="Reuters"/>
<dc element="dc.creator.location" value="NEW YORK"/>
<dc element="dc.creator.location.country.name" value="USA"/>
<dc element="dc.source" value="Reuters"/>
</metadata>
</newsitem>
