<?xml version="1.0" encoding="iso-8859-1" ?>
<newsitem itemid="586201" id="root" date="1997-05-15" xml:lang="en">
<title>AUSTRALIA: Australian Stocks to Watch Today - May 16.</title>
<headline>Australian Stocks to Watch Today - May 16.</headline>
<dateline>SYDNEY 1996-05-16</dateline>
<text>
<p>Some Australian stocks to watch this morning:</p>
<p>* Westpac Banking Corp A$7.321 (-.129)</p>
<p>* National Australia Bank Ltd A$18.11 (-.23)</p>
<p>* Australia &amp; New Zealand Banking Group A$8.43 (-.037)</p>
<p>* Commonwealth Bank of Australia A$14.65 (-.13)</p>
<p>Focus on banks after recent half year results from Westpac and NAB showed outlook for Australian banking market is very tough.</p>
<p>*News Corp Ltd A$5.70 (-.02)</p>
<p>Reports that News Corp plans to merge its U.S. satellite business with fellow satellite broadcaster Primestar.</p>
<p>*Lend Lease Corp Ltd A$24.50 (-.25)</p>
<p>Property and financial services group plans to sell its MLC building society business.</p>
<p>*Westfield Holdings Ltd A$23.00 (-.20)</p>
<p>The property group's U.S. arm Westfield America floats on New York Stock exchange at lower than estimated price.</p>
<p>*Leighton Holdings Ltd A$5.79 (-.01)</p>
<p>Constuction group to release third quarter activities report giving update on company's value of work in hand.</p>
<p>-- Sydney newsroom 61-2 9373-1800</p>
</text>
<copyright>(c) Reuters Limited 1997</copyright>
<metadata>
<codes class="bip:countries:1.0">
  <code code="AUSTR">
    <editdetail attribution="Reuters BIP Coding Group" action="confirmed" date="1997-05-15"/>
  </code>
</codes>
<codes class="bip:industries:1.0">
  <code code="I47500">
    <editdetail attribution="Reuters BIP Coding Group" action="confirmed" date="1997-05-15"/>
  </code>
  <code code="I50200">
    <editdetail attribution="Reuters BIP Coding Group" action="confirmed" date="1997-05-15"/>
  </code>
  <code code="I81402">
    <editdetail attribution="Reuters BIP Coding Group" action="confirmed" date="1997-05-15"/>
  </code>
  <code code="I85000">
    <editdetail attribution="Reuters BIP Coding Group" action="confirmed" date="1997-05-15"/>
  </code>
</codes>
<codes class="bip:topics:1.0">
  <code code="C15">
    <editdetail attribution="Reuters BIP Coding Group" action="confirmed" date="1997-05-15"/>
  </code>
  <code code="C152">
    <editdetail attribution="Reuters BIP Coding Group" action="confirmed" date="1997-05-15"/>
  </code>
  <code code="CCAT">
    <editdetail attribution="Reuters BIP Coding Group" action="confirmed" date="1997-05-15"/>
  </code>
  <code code="M11">
    <editdetail attribution="Reuters BIP Coding Group" action="confirmed" date="1997-05-15"/>
  </code>
  <code code="MCAT">
    <editdetail attribution="Reuters BIP Coding Group" action="confirmed" date="1997-05-15"/>
  </code>
</codes>
<dc element="dc.date.created" value="1996-05-16"/>
<dc element="dc.publisher" value="Reuters Holdings Plc"/>
<dc element="dc.date.published" value="1997-05-15"/>
<dc element="dc.source" value="Reuters"/>
<dc element="dc.creator.location" value="SYDNEY"/>
<dc element="dc.creator.location.country.name" value="AUSTRALIA"/>
<dc element="dc.source" value="Reuters"/>
</metadata>
</newsitem>
