<?xml version="1.0" encoding="iso-8859-1" ?>
<newsitem itemid="645251" id="root" date="1997-06-07" xml:lang="en">
<title>SINGAPORE: Singapore PM sees 4-6 pct growth for next 20 years.</title>
<headline>Singapore PM sees 4-6 pct growth for next 20 years.</headline>
<dateline>SINGAPORE 1997-06-07</dateline>
<text>
<p>Singapore Prime Minister Goh Chok Tong said sustainable growth for the economy over the next 20 years should average four to six percent annually as the country matures.</p>
<p>In an interview with five Filipino journalists released on Saturday, Goh said, &quot;We think that the sustainable growth of Singapore per year over the next 20 years should average about four to six percent.&quot;</p>
<p>&quot;There is no slack labour, land is becoming expensive, the economy has matured.&quot;</p>
<p>A transcript of the interview, conducted on May 30, was released by the government.</p>
<p>Goh said, &quot;But we hope to get one or two percent growth from the region. This is where the national product should grow faster than the domestic product.&quot;</p>
<p>Earlier this month, the Ministry of Trade and Industry said Singapore should have five to seven percent economic growth for the next decade after experiencing an average of 8.6 percent domestic growth annually in the five years to 1996.</p>
<p>-- Singapore Newsroom (+65-870 3080) rr jwn</p>
</text>
<copyright>(c) Reuters Limited 1997</copyright>
<metadata>
<codes class="bip:countries:1.0">
  <code code="SINGP">
    <editdetail attribution="Reuters BIP Coding Group" action="confirmed" date="1997-06-07"/>
  </code>
</codes>
<codes class="bip:topics:1.0">
  <code code="E11">
    <editdetail attribution="Reuters BIP Coding Group" action="confirmed" date="1997-06-07"/>
  </code>
  <code code="ECAT">
    <editdetail attribution="Reuters BIP Coding Group" action="confirmed" date="1997-06-07"/>
  </code>
</codes>
<dc element="dc.date.created" value="1997-06-07"/>
<dc element="dc.publisher" value="Reuters Holdings Plc"/>
<dc element="dc.date.published" value="1997-06-07"/>
<dc element="dc.source" value="Reuters"/>
<dc element="dc.creator.location" value="SINGAPORE"/>
<dc element="dc.creator.location.country.name" value="SINGAPORE"/>
<dc element="dc.source" value="Reuters"/>
</metadata>
</newsitem>
