<?xml version="1.0" encoding="iso-8859-1" ?>
<newsitem itemid="11867" id="root" date="1996-08-23" xml:lang="en">
<title>USA: Boyd Gaming Corp Q4 shr falls.</title>
<headline>Boyd Gaming Corp Q4 shr falls.</headline>
<dateline>LAS VEGAS 1996-08-23</dateline>
<text>
<p>BOYD GAMING CORPORATION AND SUBSIDIARIES</p>
<p>			CONSOLIDATED STATEMENTS OF INCOME</p>
<p>			(In thousands, except share data)</p>
<p>				    THREE MONTHS ENDED  YEAR ENDED</p>
<p>					    JUNE 30,	JUNE 30,</p>
<p>				  1996	1995	1996	1995</p>
<p>REVENUES</p>
<p>  CASINO		   $135,070  $114,883  $548,167  $463,179</p>
<p>  FOOD AND BEVERAGE	36,717    30,952   142,420   123,527</p>
<p>  ROOMS			17,337    17,088    69,645    62,300</p>
<p>  OTHER			14,595     9,682    49,895    37,563</p>
<p>MANAGEMENT FEES AND</p>
<p>   JOINT VENTURE	   10,683    10,794    41,576    35,763</p>
<p> GROSS REVENUES	   214,402   183,399   851,703   722,332</p>
<p>LESS PROMOTIONAL ALLOWANCES</p>
<p>				 20,054    15,444    75,846    61,992</p>
<p>   NET REVENUES	   194,348   167,955   775,857   660,340</p>
<p>COSTS AND EXPENSES</p>
<p>  CASINO		     69,226    55,365   272,995   221,844</p>
<p>  FOOD AND BEVERAGE	25,938    22,606   100,275    90,670</p>
<p>  ROOMS			 7,419     6,485    25,329    24,578</p>
<p>  OTHER			11,177     6,292    36,830    25,567</p>
<p>SELLING, GENERAL AND</p>
<p>   ADMINISTRATIVE	  30,589    19,747   113,768    79,785</p>
<p>MAINTENANCE AND UTILITIES</p>
<p>				  8,281     6,814    30,901    28,452</p>
<p>DEPRECIATION AND AMORTIZATION</p>
<p>				 14,758    13,565    60,626    54,518</p>
<p>  CORPORATE EXPENSE	 7,926     7,329    24,343    24,356</p>
<p>  PREOPENING EXPENSE	  ---	 ---    10,004	 ---</p>
<p>    TOTAL		   175,314   138,203   675,071   549,770</p>
<p>  OPERATING INCOME	  19,034    29,752   100,786   110,570</p>
<p>OTHER INCOME (EXPENSE)</p>
<p>  INTEREST INCOME	     187	 390     1,174     2,072</p>
<p>INTEREST EXPENSE, NET</p>
<p>			     (13,038)  (10,503)  (52,360)  (48,443)</p>
<p>    TOTAL		  (12,851)  (10,113)  (51,186)  (46,371)</p>
<p>INCOME BEFORE PROVISION FOR</p>
<p>INCOME TAXES AND</p>
<p>  EXTRAORDINARY ITEM	6,183    19,639    49,600    64,199</p>
<p>PROVISION FOR INCOME TAXES</p>
<p>				  2,706     7,685    20,021    27,950</p>
<p>INCOME BEFORE EXTRAORDINARY ITEM</p>
<p>				  3,477    11,954    29,579    36,249</p>
<p>EXTRAORDINARY ITEM,</p>
<p>  NET OF TAX BENEFIT OF $88  1,435    ---     1,435	 ---</p>
<p> NET INCOME		   2,042    11,954    28,144    36,249</p>
<p>NET INCOME PER COMMON SHARE</p>
<p>INCOME BEFORE EXTRAORDINARY ITEM</p>
<p>				   0.06	0.21	0.52	0.64</p>
<p> EXTRAORDINARY ITEM	  0.02	 ---	0.03	 ---</p>
<p> NET INCOME		    0.04	0.21	0.49	0.64</p>
<p> AVG SHRS	  57,116,800  56,924,000  57,057,550 56,870,100</p>
</text>
<copyright>(c) Reuters Limited 1996</copyright>
<metadata>
<codes class="bip:countries:1.0">
  <code code="USA">
    <editdetail attribution="Reuters BIP Coding Group" action="confirmed" date="1996-08-23"/>
  </code>
</codes>
<codes class="bip:industries:1.0">
  <code code="I97912">
    <editdetail attribution="Reuters BIP Coding Group" action="confirmed" date="1996-08-23"/>
  </code>
</codes>
<codes class="bip:topics:1.0">
  <code code="C15">
    <editdetail attribution="Reuters BIP Coding Group" action="confirmed" date="1996-08-23"/>
  </code>
  <code code="C151">
    <editdetail attribution="Reuters BIP Coding Group" action="confirmed" date="1996-08-23"/>
  </code>
  <code code="C1511">
    <editdetail attribution="Reuters BIP Coding Group" action="confirmed" date="1996-08-23"/>
  </code>
  <code code="CCAT">
    <editdetail attribution="Reuters BIP Coding Group" action="confirmed" date="1996-08-23"/>
  </code>
</codes>
<dc element="dc.date.created" value="1996-08-23"/>
<dc element="dc.publisher" value="Reuters Holdings Plc"/>
<dc element="dc.date.published" value="1996-08-23"/>
<dc element="dc.source" value="Reuters"/>
<dc element="dc.creator.location" value="LAS VEGAS"/>
<dc element="dc.creator.location.country.name" value="USA"/>
<dc element="dc.source" value="Reuters"/>
</metadata>
</newsitem>
