<?xml version="1.0" encoding="iso-8859-1" ?>
<newsitem itemid="457178" id="root" date="1997-03-20" xml:lang="en">
<title>UK: Ex-dividends to take 3.69 points off FTSE, Mar 24.</title>
<headline>Ex-dividends to take 3.69 points off FTSE, Mar 24.</headline>
<dateline>LONDON 1997-03-20</dateline>
<text>
<p>The following FTSE 100 stocks will go ex-dividend on March 24 and analysts estimate the effect will be to take 3.69 points off the index that day.</p>
<p>					    DIVIDEND	INDEX</p>
<p>					    (PENCE)	 EFFECT</p>
<p>	COMPANY			  Net   Gross    Gross</p>
<p> * Enterprise Oil		   10.50   13.125   0.381</p>
<p> * Prudential Corporation	 11.50   14.375   1.610</p>
<p> * Rank Organisation		12.00   15.000   0.735</p>
<p> * Reckitt &amp; Colman		  (a)    17.523   0.421</p>
<p> * Schroders (ordinary)	   14.00   17.500   0.158</p>
<p> * Schroders (non-voting)	 14.00   17.500   0.052</p>
<p> * TI Group			    9.75   12.188   0.341</p>
<p>(a) Dividend amount for Reckitt &amp; Colman is 15.42p and includes a Foreign Income Dividend (FID) amount of 7.01p.</p>
<p>-- London Newsroom +44 171 542 7954</p>
</text>
<copyright>(c) Reuters Limited 1997</copyright>
<metadata>
<codes class="bip:countries:1.0">
  <code code="UK">
    <editdetail attribution="Reuters BIP Coding Group" action="confirmed" date="1997-03-20"/>
  </code>
</codes>
<codes class="bip:industries:1.0">
  <code code="I13000">
    <editdetail attribution="Reuters BIP Coding Group" action="confirmed" date="1997-03-20"/>
  </code>
  <code code="I1300003">
    <editdetail attribution="Reuters BIP Coding Group" action="confirmed" date="1997-03-20"/>
  </code>
  <code code="I25800">
    <editdetail attribution="Reuters BIP Coding Group" action="confirmed" date="1997-03-20"/>
  </code>
  <code code="I32000">
    <editdetail attribution="Reuters BIP Coding Group" action="confirmed" date="1997-03-20"/>
  </code>
  <code code="I82001">
    <editdetail attribution="Reuters BIP Coding Group" action="confirmed" date="1997-03-20"/>
  </code>
  <code code="I83100">
    <editdetail attribution="Reuters BIP Coding Group" action="confirmed" date="1997-03-20"/>
  </code>
  <code code="I83960">
    <editdetail attribution="Reuters BIP Coding Group" action="confirmed" date="1997-03-20"/>
  </code>
</codes>
<codes class="bip:topics:1.0">
  <code code="C15">
    <editdetail attribution="Reuters BIP Coding Group" action="confirmed" date="1997-03-20"/>
  </code>
  <code code="C152">
    <editdetail attribution="Reuters BIP Coding Group" action="confirmed" date="1997-03-20"/>
  </code>
  <code code="CCAT">
    <editdetail attribution="Reuters BIP Coding Group" action="confirmed" date="1997-03-20"/>
  </code>
  <code code="M11">
    <editdetail attribution="Reuters BIP Coding Group" action="confirmed" date="1997-03-20"/>
  </code>
  <code code="MCAT">
    <editdetail attribution="Reuters BIP Coding Group" action="confirmed" date="1997-03-20"/>
  </code>
</codes>
<dc element="dc.date.created" value="1997-03-20"/>
<dc element="dc.publisher" value="Reuters Holdings Plc"/>
<dc element="dc.date.published" value="1997-03-20"/>
<dc element="dc.source" value="Reuters"/>
<dc element="dc.creator.location" value="LONDON"/>
<dc element="dc.creator.location.country.name" value="UK"/>
<dc element="dc.source" value="Reuters"/>
</metadata>
</newsitem>
