<?xml version="1.0" encoding="iso-8859-1" ?>
<newsitem itemid="585485" id="root" date="1997-05-15" xml:lang="en">
<title>SPAIN: SOCCER-SUMMARY IN THE SPANISH LEAGUE CHAMPIONSHIP.</title>
<headline>SOCCER-SUMMARY IN THE SPANISH LEAGUE CHAMPIONSHIP.</headline>
<dateline>MADRID 1997-05-15</dateline>
<text>
<p>Summary of the game in the Spanish league championship on Thursday.</p>
<p>Tenerife  2 - Slavisa Jokanovic 16, Meho Kodro 30 Atletico Madrid  3 - Milinko Pantic 13, Juan Eduardo Esnaider 51, Diego Simeone 74.</p>
<p>HT: 2-1  Attendance: 17,000</p>
</text>
<copyright>(c) Reuters Limited 1997</copyright>
<metadata>
<codes class="bip:countries:1.0">
  <code code="SPAIN">
    <editdetail attribution="Reuters BIP Coding Group" action="confirmed" date="1997-05-15"/>
  </code>
</codes>
<codes class="bip:topics:1.0">
  <code code="GCAT">
    <editdetail attribution="Reuters BIP Coding Group" action="confirmed" date="1997-05-15"/>
  </code>
  <code code="GSPO">
    <editdetail attribution="Reuters BIP Coding Group" action="confirmed" date="1997-05-15"/>
  </code>
</codes>
<dc element="dc.date.created" value="1997-05-15"/>
<dc element="dc.publisher" value="Reuters Holdings Plc"/>
<dc element="dc.date.published" value="1997-05-15"/>
<dc element="dc.source" value="Reuters"/>
<dc element="dc.creator.location" value="MADRID"/>
<dc element="dc.creator.location.country.name" value="SPAIN"/>
<dc element="dc.source" value="Reuters"/>
</metadata>
</newsitem>
