<?xml version="1.0" encoding="iso-8859-1" ?>
<newsitem itemid="676835" id="root" date="1997-06-20" xml:lang="en">
<title>UK: NWE naphtha flat amid steady crude, slow demand.</title>
<headline>NWE naphtha flat amid steady crude, slow demand.</headline>
<dateline>LONDON 1997-06-20</dateline>
<text>
<p>NWE naphtha was holding steady on Friday morning as the market keep an eagle eye on flat screen crude.</p>
<p>Prompt demand remains slow which has steepened the contango in naphtha swaps to about $1 from July to August and $2 from July to September.</p>
<p>July swaps were heard talking around $174/175, but nothing was thought done.</p>
<p>-- London Newsroom +44 171 542 8980</p>
</text>
<copyright>(c) Reuters Limited 1997</copyright>
<metadata>
<codes class="bip:countries:1.0">
  <code code="UK">
    <editdetail attribution="Reuters BIP Coding Group" action="confirmed" date="1997-06-20"/>
  </code>
</codes>
<codes class="bip:topics:1.0">
  <code code="M14">
    <editdetail attribution="Reuters BIP Coding Group" action="confirmed" date="1997-06-20"/>
  </code>
  <code code="M143">
    <editdetail attribution="Reuters BIP Coding Group" action="confirmed" date="1997-06-20"/>
  </code>
  <code code="MCAT">
    <editdetail attribution="Reuters BIP Coding Group" action="confirmed" date="1997-06-20"/>
  </code>
</codes>
<dc element="dc.date.created" value="1997-06-20"/>
<dc element="dc.publisher" value="Reuters Holdings Plc"/>
<dc element="dc.date.published" value="1997-06-20"/>
<dc element="dc.source" value="Reuters"/>
<dc element="dc.creator.location" value="LONDON"/>
<dc element="dc.creator.location.country.name" value="UK"/>
<dc element="dc.source" value="Reuters"/>
</metadata>
</newsitem>
