<?xml version="1.0" encoding="iso-8859-1" ?>
<newsitem itemid="443568" id="root" date="1997-03-14" xml:lang="en">
<title>USA: Mrs Clinton still plans to go on Africa trip.</title>
<headline>Mrs Clinton still plans to go on Africa trip.</headline>
<dateline>WASHINGTON 1997-03-14</dateline>
<text>
<p>Hillary Rodham Clinton still plans to go on a two-week tour of Africa but her scheduled departure on Saturday could be delayed because of President Bill Clinton's leg injury, an aide said on Friday.</p>
<p>&quot;We're still going,&quot; said a spokesman for the first lady, Neel Lattimore.</p>
<p>He said Mrs. Clinton wanted to see the severity of her husband's injury before deciding when to leave. The president will have surgery on Friday to repair a torn tendon in his right leg after a late-night fall.</p>
<p>Mrs. Clinton had been scheduled to leave on Saturday morning and a departure later that day may be possible.</p>
<p>&quot;She's concerned about the president,&quot; Lattimore said. &quot;Having a trip ahead of her is the last thing on her mind right now.&quot;</p>
<p>Her six-nation goodwill mission to Africa includes visits to Senegal, South Africa, Zimbabwe, Tanzania, Uganda and Eritrea. It would be the first lady's ninth solo trip outside the United States.</p>
</text>
<copyright>(c) Reuters Limited 1997</copyright>
<metadata>
<codes class="bip:countries:1.0">
  <code code="AFRICA">
    <editdetail attribution="Reuters BIP Coding Group" action="confirmed" date="1997-03-14"/>
  </code>
  <code code="USA">
    <editdetail attribution="Reuters BIP Coding Group" action="confirmed" date="1997-03-14"/>
  </code>
</codes>
<codes class="bip:topics:1.0">
  <code code="GCAT">
    <editdetail attribution="Reuters BIP Coding Group" action="confirmed" date="1997-03-14"/>
  </code>
  <code code="GDIP">
    <editdetail attribution="Reuters BIP Coding Group" action="confirmed" date="1997-03-14"/>
  </code>
</codes>
<dc element="dc.date.created" value="1997-03-14"/>
<dc element="dc.publisher" value="Reuters Holdings Plc"/>
<dc element="dc.date.published" value="1997-03-14"/>
<dc element="dc.source" value="Reuters"/>
<dc element="dc.creator.location" value="WASHINGTON"/>
<dc element="dc.creator.location.country.name" value="USA"/>
<dc element="dc.source" value="Reuters"/>
</metadata>
</newsitem>
