<?xml version="1.0" encoding="iso-8859-1" ?>
<newsitem itemid="687766" id="root" date="1997-06-25" xml:lang="en">
<title>CHINA: China synthetic rubber output at 900,000T in 2000.</title>
<headline>China synthetic rubber output at 900,000T in 2000.</headline>
<dateline>BEIJING 1997-06-25</dateline>
<text>
<p>China's domestic synthetic rubber output is estimated to reach 900,000 tonnes in the year 2000, up from 590,000 tonnes last year, the China Business Times said on Wednesday.</p>
<p>The newspaper said domestic output will meet 90 percent of domestic demand in 2000 compared with 60 to 70 percent last year.</p>
<p>China has said it imported 367,000 tonnes of synthetic rubber in 1996.</p>
<p>-- Beijing Newsroom (8610) 6532 1921</p>
</text>
<copyright>(c) Reuters Limited 1997</copyright>
<metadata>
<codes class="bip:countries:1.0">
  <code code="CHINA">
    <editdetail attribution="Reuters BIP Coding Group" action="confirmed" date="1997-06-25"/>
  </code>
</codes>
<codes class="bip:industries:1.0">
  <code code="I48000">
    <editdetail attribution="Reuters BIP Coding Group" action="confirmed" date="1997-06-25"/>
  </code>
</codes>
<codes class="bip:topics:1.0">
  <code code="C21">
    <editdetail attribution="Reuters BIP Coding Group" action="confirmed" date="1997-06-25"/>
  </code>
  <code code="C31">
    <editdetail attribution="Reuters BIP Coding Group" action="confirmed" date="1997-06-25"/>
  </code>
  <code code="C311">
    <editdetail attribution="Reuters BIP Coding Group" action="confirmed" date="1997-06-25"/>
  </code>
  <code code="CCAT">
    <editdetail attribution="Reuters BIP Coding Group" action="confirmed" date="1997-06-25"/>
  </code>
</codes>
<dc element="dc.date.created" value="1997-06-25"/>
<dc element="dc.publisher" value="Reuters Holdings Plc"/>
<dc element="dc.date.published" value="1997-06-25"/>
<dc element="dc.source" value="Reuters"/>
<dc element="dc.creator.location" value="BEIJING"/>
<dc element="dc.creator.location.country.name" value="CHINA"/>
<dc element="dc.source" value="Reuters"/>
</metadata>
</newsitem>
