<?xml version="1.0" encoding="iso-8859-1" ?>
<newsitem itemid="801934" id="root" date="1997-08-15" xml:lang="en">
<title>USA: TABLE-Medical Sterilization Inc Q2 net up.</title>
<headline>TABLE-Medical Sterilization Inc Q2 net up.</headline>
<dateline>SYOSSET, N.Y. 1997-08-15</dateline>
<text>
<p>Three Months Ended</p>
<p>				     Jun 30, 1997	  Jun 30, 1996</p>
<p> Revenues			    $2,466,879	    $2,158,189</p>
<p> Net income (loss)		     80,567		  22,651</p>
<p> Net income (loss) per share	   0.02		    0.00</p>
<p>Weighted average shares of</p>
<p>  common stock outstanding	5,369,193	     5,101,498</p>
<p>						   Six Months Ended</p>
<p>				     Jun 30, 1997	  Jun 30, 1996</p>
<p> Revenues			    $4,732,894	    $4,214,279</p>
<p> Net Income (loss)		  141 679		 (105,306)</p>
<p> Net Income (loss) per share	   0.03		  (0.04)</p>
<p>Weighted Average Shares</p>
<p>   of Common Stock Outstanding  5,410,853	 2,982,579 (a)</p>
<p>(a) Common stock equivalents have been excluded from the computation of net income per share of common stock for the six months ended June 30, 1996, since the result would be anti-dilutive.</p>
</text>
<copyright>(c) Reuters Limited 1997</copyright>
<metadata>
<codes class="bip:countries:1.0">
  <code code="USA">
    <editdetail attribution="Reuters BIP Coding Group" action="confirmed" date="1997-08-15"/>
  </code>
</codes>
<codes class="bip:industries:1.0">
  <code code="I37200">
    <editdetail attribution="Reuters BIP Coding Group" action="confirmed" date="1997-08-15"/>
  </code>
</codes>
<codes class="bip:topics:1.0">
  <code code="C15">
    <editdetail attribution="Reuters BIP Coding Group" action="confirmed" date="1997-08-15"/>
  </code>
  <code code="C151">
    <editdetail attribution="Reuters BIP Coding Group" action="confirmed" date="1997-08-15"/>
  </code>
  <code code="CCAT">
    <editdetail attribution="Reuters BIP Coding Group" action="confirmed" date="1997-08-15"/>
  </code>
</codes>
<dc element="dc.date.created" value="1997-08-15"/>
<dc element="dc.publisher" value="Reuters Holdings Plc"/>
<dc element="dc.date.published" value="1997-08-15"/>
<dc element="dc.source" value="Reuters"/>
<dc element="dc.creator.location" value="SYOSSET, N.Y."/>
<dc element="dc.creator.location.country.name" value="USA"/>
<dc element="dc.source" value="Reuters"/>
</metadata>
</newsitem>
