<?xml version="1.0" encoding="iso-8859-1" ?>
<newsitem itemid="466919" id="root" date="1997-03-25" xml:lang="en">
<title>USA: Simula Inc Q4 loss vs profit.</title>
<headline>Simula Inc Q4 loss vs profit.</headline>
<dateline>PHOENIX 1997-03-25</dateline>
<text>
<p>SIMULA, INC.</p>
<p>							 Three Months Ended</p>
<p>		    Year Ended December 31,     December 31,</p>
<p>			1996	   1995	   1996	  1995</p>
<p> Revenue    $65,761,957  $59,088,613  $16,488,972 $15,782,852</p>
<p>Cost of revenue</p>
<p>		 55,239,176   39,036,471   16,679,039   8,637,957</p>
<p>Gross margin</p>
<p>		 10,522,781   20,052,142    (190,067)   7,144,895</p>
<p>Operating (loss)</p>
</text>
<copyright>(c) Reuters Limited 1997</copyright>
<metadata>
<codes class="bip:countries:1.0">
  <code code="USA">
    <editdetail attribution="Reuters BIP Coding Group" action="confirmed" date="1997-03-25"/>
  </code>
</codes>
<codes class="bip:industries:1.0">
  <code code="I36400">
    <editdetail attribution="Reuters BIP Coding Group" action="confirmed" date="1997-03-25"/>
  </code>
</codes>
<codes class="bip:topics:1.0">
  <code code="C15">
    <editdetail attribution="Reuters BIP Coding Group" action="confirmed" date="1997-03-25"/>
  </code>
  <code code="C151">
    <editdetail attribution="Reuters BIP Coding Group" action="confirmed" date="1997-03-25"/>
  </code>
  <code code="C1511">
    <editdetail attribution="Reuters BIP Coding Group" action="confirmed" date="1997-03-25"/>
  </code>
  <code code="CCAT">
    <editdetail attribution="Reuters BIP Coding Group" action="confirmed" date="1997-03-25"/>
  </code>
</codes>
<dc element="dc.date.created" value="1997-03-25"/>
<dc element="dc.publisher" value="Reuters Holdings Plc"/>
<dc element="dc.date.published" value="1997-03-25"/>
<dc element="dc.source" value="Reuters"/>
<dc element="dc.creator.location" value="PHOENIX"/>
<dc element="dc.creator.location.country.name" value="USA"/>
<dc element="dc.source" value="Reuters"/>
</metadata>
</newsitem>
