<?xml version="1.0" encoding="iso-8859-1" ?>
<newsitem itemid="737646" id="root" date="1997-07-17" xml:lang="en">
<title>SINGAPORE: S'pore refinery petroleum product postings - ESSO.</title>
<headline>S'pore refinery petroleum product postings - ESSO.</headline>
<text>
<p>DIESEL/FUEL OIL:DLRS PER BARREL * ALL OTHERS:CENTS PER GALLON</p>
<p>			SHELL   MOBIL   ESSO   CALTEX   BP	SPC</p>
<p>EFFECTIVE DATE     9/7    15/7    16/7    16/7    15/7    17/6</p>
<p>GASOLINE.4 PB 97  --    DELETED   --	--	--	--</p>
<p>		  95  --    DELETED   --	--	--	--</p>
<p>		  92  --	--	--	--	--	--</p>
<p>		  85  --	53.0    --	--	--	--</p>
<p>GASOLINE.15PB 98  62.0    64.5    63.0    --	62.1    62.0</p>
<p>		  97  61.0    61.5    --	62.0    60.1    60.0</p>
<p>		  95  60.0    60.0    --	61.5    58.9    --</p>
<p>		  92  58.5    58.5    60.0    60.0    57.5    57.2</p>
<p>			SHELL   MOBIL   ESSO    CALTEX   BP     SPC</p>
<p>GASOLINE UNL  98  67.0    66.0    67.0    66.5    67.0    67.0</p>
<p>GASOLINE UNL  97  63.0    63.0    64.0    64.0    63.0    63.0</p>
<p>GASOLINE UNL  95  61.0    61.0    --	--	60.6    60.5</p>
<p>GASOLINE UNL  92  59.0    58.5    61.0    61.0    58.3    58.2</p>
<p>LPG		   62.0    --	62.0    62.0    62.0    62.0</p>
<p>NAPHTHA STRAIGHT  53.0    53.0    56.0    53.0    --	56.0</p>
<p>JET KEROSENE	57.0    57.5    57.0    61.0    57.0    62.0</p>
<p>PREMIUM KEROSENE  --    DELETED   --	--	60.0  DELETED</p>
<p>KEROSENE	    --	--	--	61.5    --    DELETED</p>
<p>DUALPURPOSE KERO  --	58.5    58.0    --	--	63.0</p>
<p>			SHELL   MOBIL   ESSO    CALTEX  BP	SPC</p>
<p>GAS OIL   0.3% S  53.0    53.5    51.0    54.5    54.0    61.0</p>
<p>GAS OIL   O.5% S  52.0    52.5    50.0    53.5    53.0    60.0</p>
<p>GAS OIL   1.O% S  51.5    52.0    49.5    53.0    52.5    59.5</p>
<p>DIESEL    MARINE  21.00   20.9    21.0    --	--	24.0</p>
<p>	INDUSTRIAL  --	21.4    --	--	--	--</p>
<p>FUEL OIL   LIGHT  --	18.0    --	--	--	--</p>
<p>	    MEDIUM  16.5    17.0    17.0    17.00   17.0    17.0</p>
<p>	     HEAVY  --	--	--	16.25   --	16.25</p>
</text>
<copyright>(c) Reuters Limited 1997</copyright>
<metadata>
<codes class="bip:countries:1.0">
  <code code="SINGP">
    <editdetail attribution="Reuters BIP Coding Group" action="confirmed" date="1997-07-17"/>
  </code>
</codes>
<codes class="bip:topics:1.0">
  <code code="M14">
    <editdetail attribution="Reuters BIP Coding Group" action="confirmed" date="1997-07-17"/>
  </code>
  <code code="M143">
    <editdetail attribution="Reuters BIP Coding Group" action="confirmed" date="1997-07-17"/>
  </code>
  <code code="MCAT">
    <editdetail attribution="Reuters BIP Coding Group" action="confirmed" date="1997-07-17"/>
  </code>
</codes>
<dc element="dc.publisher" value="Reuters Holdings Plc"/>
<dc element="dc.date.published" value="1997-07-17"/>
<dc element="dc.source" value="Reuters"/>
<dc element="dc.creator.location.country.name" value="SINGAPORE"/>
<dc element="dc.source" value="Reuters"/>
</metadata>
</newsitem>
