<?xml version="1.0" encoding="iso-8859-1" ?>
<newsitem itemid="43790" id="root" date="1996-09-10" xml:lang="en">
<title>HONG KONG: Changchai to list 100 mln B shares Friday.</title>
<headline>Changchai to list 100 mln B shares Friday.</headline>
<dateline>HONG KONG 1996-09-10</dateline>
<text>
<p>Diesel engine maker Changchai Co Ltd has obtained the approval of the Shenzhen Stock Exchange to list 100 million class B shares on September 13, an official of the chief domestic underwriter said on Tuesday.</p>
<p>The Shenzhen J&amp;A Securities official said the issue had been at least five times oversubscribed.</p>
<p>Changchai's offer of 100 million B shares for foreign investors was priced at HK$4.97 per share, carrying a projected price/earnings ratio of 7.46 times based on forecast net earnings per share of 0.715 yuan for 1996, the official said.</p>
<p>DBS Asia Capital Ltd was international coordinator, he said.</p>
<p>Changchai's chairman, Shen Tieping, earlier said Changchai planned to funnel the proceeds into expanding its diesel engine output and upgrading production facilities and technology.</p>
<p>Changchai aimed to expand its domestic market share to 40 percent by 2000 from the present 22.8 percent, Shen said.</p>
<p>Shen said Changchai expected to produce 1.60 million diesel engines this year, compared with 1.22 million units in 1995.</p>
<p>Following the B share issue, Changchai's total share capital expanded to 352 million shares, including 150.9 million state shares, 38 million legal person shares and 63 million class A shares for domestic investors.</p>
</text>
<copyright>(c) Reuters Limited 1996</copyright>
<metadata>
<codes class="bip:countries:1.0">
  <code code="HKONG">
    <editdetail attribution="Reuters BIP Coding Group" action="confirmed" date="1996-09-10"/>
  </code>
</codes>
<codes class="bip:industries:1.0">
  <code code="I35300">
    <editdetail attribution="Reuters BIP Coding Group" action="confirmed" date="1996-09-10"/>
  </code>
</codes>
<codes class="bip:topics:1.0">
  <code code="C14">
    <editdetail attribution="Reuters BIP Coding Group" action="confirmed" date="1996-09-10"/>
  </code>
  <code code="C17">
    <editdetail attribution="Reuters BIP Coding Group" action="confirmed" date="1996-09-10"/>
  </code>
  <code code="C171">
    <editdetail attribution="Reuters BIP Coding Group" action="confirmed" date="1996-09-10"/>
  </code>
  <code code="CCAT">
    <editdetail attribution="Reuters BIP Coding Group" action="confirmed" date="1996-09-10"/>
  </code>
</codes>
<dc element="dc.date.created" value="1996-09-10"/>
<dc element="dc.publisher" value="Reuters Holdings Plc"/>
<dc element="dc.date.published" value="1996-09-10"/>
<dc element="dc.source" value="Reuters"/>
<dc element="dc.creator.location" value="HONG KONG"/>
<dc element="dc.creator.location.country.name" value="HONG KONG"/>
<dc element="dc.source" value="Reuters"/>
</metadata>
</newsitem>
