<?xml version="1.0" encoding="iso-8859-1" ?>
<newsitem itemid="451972" id="root" date="1997-03-19" xml:lang="en">
<title>EU:  OFFICIAL JOURNAL CONTENTS - OJ L 77 OF MARCH 19, 1997.</title>
<headline>OFFICIAL JOURNAL CONTENTS - OJ L 77 OF MARCH 19, 1997.</headline>
<text>
<p>*</p>
<p>(Note - contents are displayed in reverse order to that in the printed Journal)</p>
<p>*</p>
<p>COMMISSION DECISION of 14 March 1997 authorizing the Member States to provide for derogations from certain provisions of Council Directive 77/93/EEC in respect of potatoes, other than potatoes intended for planting, originating in Cuba (97/186/EC)</p>
<p>COMMISSION DECISION of 28 February 1997 approving the programme on viral heamorrhagic septicaemia submitted by the United Kingdom (Only the English text is authentic) (Text with EEA relevance) (97/185/EC)</p>
<p>COUNCIL DECISION of 13 March 1997 concerning the conclusion, on behalf of the Community, of an Agreement between the European Community and the United Mexican States on cooperation regarding the control of precursors and chemical substances frequently used in the illicit manufacture of narcotic drugs or psychotropic substances (97/184/EC)</p>
<p>COMMISSION REGULATION (EC) No 498/97 of 18 March 1997 determining the world market price for unginned cotton and the rate for the aid</p>
<p>COMMISSION REGULATION (EC) No 497/97 of 18 March 1997 fixing the agricultural conversion rates</p>
<p>COMMISSION REGULATION (EC) No 496/97 of 18 March 1997 establishing the standard import values for determining the entry price of certain fruit and vegetables</p>
<p>COMMISSION REGULATION (EC) No 495/97 of 18 March 1997 amending Regulation (EEC) No 3665/87 laying down common detailed rules for the application of the system of export refunds on agricultural products and Regulation (EEC) No 3719/88 laying down common detailed rules for the application of the system of import and export licences and advance fixing certificates for agricultural products</p>
<p>COMMISSION REGULATION (EC) No 494/97 of 18 March 1997 modifying Commission Regulation (EEC) No 2868/88 establishing detailed rules for the application of the Joint International Inspection Scheme adopted by the North-West Atlantic Fisheries Organization (NAFO)</p>
<p>COMMISSION REGULATION (EC) No 493/97 of 18 March 1997 correcting Regulation (EC) No 439/97 altering the rates of refund applicable for certain products of the cereals and rice sectors exported in the form of goods not covered by Annex II to the Treaty</p>
<p>COMMISSION REGULATION (EC) No 492/97 of 18 March 1997 amending Regulation (EC) No 315/97 setting export refunds on products processed from fruit and vegetables other than those granted for added sugar END OF DOCUMENT.</p>
</text>
<copyright>(c) Reuters Limited 1997</copyright>
<metadata>
<codes class="bip:countries:1.0">
  <code code="EEC">
    <editdetail attribution="Reuters BIP Coding Group" action="confirmed" date="1997-03-19"/>
  </code>
</codes>
<codes class="bip:topics:1.0">
  <code code="G15">
    <editdetail attribution="Reuters BIP Coding Group" action="confirmed" date="1997-03-19"/>
  </code>
  <code code="GCAT">
    <editdetail attribution="Reuters BIP Coding Group" action="confirmed" date="1997-03-19"/>
  </code>
</codes>
<dc element="dc.publisher" value="Reuters Holdings Plc"/>
<dc element="dc.date.published" value="1997-03-19"/>
<dc element="dc.source" value="Reuters"/>
<dc element="dc.creator.location.country.name" value="EU"/>
<dc element="dc.source" value="Reuters"/>
</metadata>
</newsitem>
