<?xml version="1.0" encoding="iso-8859-1" ?>
<newsitem itemid="307068" id="root" date="1997-01-14" xml:lang="en">
<title>GERMANY: PRESS DIGEST - Germany - Jan 12.</title>
<headline>PRESS DIGEST - Germany - Jan 12.</headline>
<dateline>BONN 1997-01-12</dateline>
<text>
<p>The following are the main stories from Tuesday morning's German newspapers:</p>
<p>FRANKFURTER ALLGEMEINE ZEITUNG</p>
<p>- German association of taxpayers demands that 8 billion mark surplus paid by workers for disability insurance be paid back to contributors.</p>
<p>- Germany tightening visa rules for foreign children in a measure which means that tens of thousands of youngsters born here to Turkish and Yugoslav parents will have to apply for residence permits.</p>
<p>- The bourse upturn continues, DAX rises to 2954 points.</p>
<p>- Unions and SPD oppose government's pension reform plans</p>
<p>HANDELSBLATT</p>
<p>- Government wants to cut top tax rate to 35 percent, rather than to 39 percent, from 1999, according to government sources. The lowest tax rate will be cut to under 20 percent.</p>
<p>- Deutsche Telekom share price falls under 30 marks for the first time since it was floated on bourse in November</p>
<p>- Airbus to receive new structure.</p>
<p>SUEDDEUTSCHE ZEITUNG</p>
<p>- Increase in value-added tax has already been planned, Finance Minister Theo Waigel' commission calculating on an two-point increase in the value-added tax to compensate for declines in income tax after tax reform</p>
<p>- Different positions on how to fight unemployment emerge from among parties. SPD favours programme to boost economy, CDU/CSU wants moderate wage increases and overtime cuts.</p>
<p>- Tietmeyer to remain chairman of G-10</p>
<p>- Former Bundesbank president Karl Otto Poehl says that euro could fail</p>
<p>DIE WELT</p>
<p>- Economics Minister Guenter Rexrodt (FDP) comes under pressure in the coaltion because of his call to make it easier for employers to fire workers.</p>
<p>- FDP wants to dismantle all rules on shop opening hours.</p>
<p>-- Bonn Newsroom +49 228 26097160</p>
</text>
<copyright>(c) Reuters Limited 1997</copyright>
<metadata>
<codes class="bip:countries:1.0">
  <code code="GFR">
    <editdetail attribution="Reuters BIP Coding Group" action="confirmed" date="1997-01-14"/>
  </code>
</codes>
<codes class="bip:topics:1.0">
  <code code="GCAT">
    <editdetail attribution="Reuters BIP Coding Group" action="confirmed" date="1997-01-14"/>
  </code>
</codes>
<dc element="dc.date.created" value="1997-01-12"/>
<dc element="dc.publisher" value="Reuters Holdings Plc"/>
<dc element="dc.date.published" value="1997-01-14"/>
<dc element="dc.source" value="Reuters"/>
<dc element="dc.creator.location" value="BONN"/>
<dc element="dc.creator.location.country.name" value="GERMANY"/>
<dc element="dc.source" value="Reuters"/>
</metadata>
</newsitem>
