<?xml version="1.0" encoding="iso-8859-1" ?>
<newsitem itemid="417313" id="root" date="1997-03-04" xml:lang="en">
<title>RUSSIA: Yeltsin approves Chernomyrdin trips up to May.</title>
<headline>Yeltsin approves Chernomyrdin trips up to May.</headline>
<dateline>MOSCOW 1997-03-04</dateline>
<text>
<p>Russian President Boris Yeltsin has approved the schedule of foreign trips by Prime Minister Viktor Chernomyrdin up to at least May, the chief presidential spokesman said on Tuesday.</p>
<p>Yeltsin's press secretary Sergei Yastrzhembsky told a briefing that during their regular meeting Yeltsin had agreed to Chernomyrdin's trips to China, Slovakia and the Czech Republic.</p>
<p>Asked when the visits would take place, Yastrzhembsky said at least one of them had been scheduled for May.</p>
<p>His remarks suggested the premier would retain his post during a government reshuffle proposed by Yeltsin and expected later this week.</p>
<p>Some Russian media have speculated Chernomyrdin might lose his job during the reshuffle.</p>
<p>--Moscow Newsroom, +7095 941 8520</p>
</text>
<copyright>(c) Reuters Limited 1997</copyright>
<metadata>
<codes class="bip:countries:1.0">
  <code code="CHINA">
    <editdetail attribution="Reuters BIP Coding Group" action="confirmed" date="1997-03-04"/>
  </code>
  <code code="CZREP">
    <editdetail attribution="Reuters BIP Coding Group" action="confirmed" date="1997-03-04"/>
  </code>
  <code code="RUSS">
    <editdetail attribution="Reuters BIP Coding Group" action="confirmed" date="1997-03-04"/>
  </code>
  <code code="SLVAK">
    <editdetail attribution="Reuters BIP Coding Group" action="confirmed" date="1997-03-04"/>
  </code>
</codes>
<codes class="bip:topics:1.0">
  <code code="GCAT">
    <editdetail attribution="Reuters BIP Coding Group" action="confirmed" date="1997-03-04"/>
  </code>
  <code code="GDIP">
    <editdetail attribution="Reuters BIP Coding Group" action="confirmed" date="1997-03-04"/>
  </code>
  <code code="GPOL">
    <editdetail attribution="Reuters BIP Coding Group" action="confirmed" date="1997-03-04"/>
  </code>
</codes>
<dc element="dc.date.created" value="1997-03-04"/>
<dc element="dc.publisher" value="Reuters Holdings Plc"/>
<dc element="dc.date.published" value="1997-03-04"/>
<dc element="dc.source" value="Reuters"/>
<dc element="dc.creator.location" value="MOSCOW"/>
<dc element="dc.creator.location.country.name" value="RUSSIA"/>
<dc element="dc.source" value="Reuters"/>
</metadata>
</newsitem>
