<?xml version="1.0" encoding="iso-8859-1" ?>
<newsitem itemid="319344" id="root" date="1997-01-20" xml:lang="en">
<title>UK: UK Labour's Brown promises tough spending approach.</title>
<headline>UK Labour's Brown promises tough spending approach.</headline>
<dateline>LONDON 1997-01-20</dateline>
<text>
<p>Britain's opposition Labour Party will not look to increase public spending beyond what the Conservative government already plans in the first two years of office, economics spokesman Gordon Brown said on Monday.  </p>
<p>&quot;Our first budget will not reopen overall spending allocations (for government departments) for the 1997-8 financial year,&quot; Brown said in a keynote speech on public finance.</p>
<p>&quot;These are the figures upon which departments are already planning, and should continue to plan.&quot;</p>
<p>He added that for the 1998-9 financial year, spending would be changed in line with Labour's priorities, but would not be increased.</p>
<p>&quot;Instead of our departments spending the first year of a Labour government debating how to spend more money, they will use their time examining how they can reorder existing budgets to meet our priorities,&quot; Brown said. -- London Newsroom +44 171 5427767</p>
</text>
<copyright>(c) Reuters Limited 1997</copyright>
<metadata>
<codes class="bip:countries:1.0">
  <code code="UK">
    <editdetail attribution="Reuters BIP Coding Group" action="confirmed" date="1997-01-20"/>
  </code>
</codes>
<codes class="bip:topics:1.0">
  <code code="E21">
    <editdetail attribution="Reuters BIP Coding Group" action="confirmed" date="1997-01-20"/>
  </code>
  <code code="E211">
    <editdetail attribution="Reuters BIP Coding Group" action="confirmed" date="1997-01-20"/>
  </code>
  <code code="ECAT">
    <editdetail attribution="Reuters BIP Coding Group" action="confirmed" date="1997-01-20"/>
  </code>
  <code code="GCAT">
    <editdetail attribution="Reuters BIP Coding Group" action="confirmed" date="1997-01-20"/>
  </code>
  <code code="GPOL">
    <editdetail attribution="Reuters BIP Coding Group" action="confirmed" date="1997-01-20"/>
  </code>
</codes>
<dc element="dc.date.created" value="1997-01-20"/>
<dc element="dc.publisher" value="Reuters Holdings Plc"/>
<dc element="dc.date.published" value="1997-01-20"/>
<dc element="dc.source" value="Reuters"/>
<dc element="dc.creator.location" value="LONDON"/>
<dc element="dc.creator.location.country.name" value="UK"/>
<dc element="dc.source" value="Reuters"/>
</metadata>
</newsitem>
