<?xml version="1.0" encoding="iso-8859-1" ?>
<newsitem itemid="807376" id="root" date="1997-08-18" xml:lang="en">
<title>INDONESIA: Jakarta call money volatile, liquidity tight.</title>
<headline>Jakarta call money volatile, liquidity tight.</headline>
<dateline>JAKARTA 1997-08-18</dateline>
<text>
<p>Jakarta call money remained volatile after easing to 35 percent at midday on Monday from 90 percent in the morning, dealers said.</p>
<p>They said liquidity remained tight, with the central bank still absent from the short-term securities (SBPUs) market.</p>
<p>But there was also no auction of central bank certificates (SBIs) on Monday.</p>
<p>A balance of 620 billion rupiah was available to the market from the maturing central bank papers.</p>
<p>One local bank dealer said trading was mainly for short-term money as operators expected the situation to be temporary.</p>
<p>Dealers said the central bank was likely to reverse the policy once the foreign exchange market stabilised.</p>
<p>Money longer than one-week was traded at around 35/40 percent, suggesting the temporary nature of the rates.</p>
<p>The central bank maintained its bilateral rates for SBIs on Monday.</p>
<p>The bank kept its overnight SBIs at 15.0 percent, two-to-four day SBIs at 16.0 percent, one-week at 10.5, two-week at 11.0, one-month at 11.625, three at 11.5, six at 12.125 and one-year at 12.75 percent.</p>
<p>The average overnight interbank rate on Friday was 54.74 percent, compared with 47.22 percent on Thursday.</p>
<p>-- Jakarta newsroom (6221) 384-6364; Fax (6221) 344-8404</p>
<p>-- Email: jakarta.newsroom@reuters.com</p>
</text>
<copyright>(c) Reuters Limited 1997</copyright>
<metadata>
<codes class="bip:countries:1.0">
  <code code="INDON">
    <editdetail attribution="Reuters BIP Coding Group" action="confirmed" date="1997-08-18"/>
  </code>
</codes>
<codes class="bip:topics:1.0">
  <code code="M13">
    <editdetail attribution="Reuters BIP Coding Group" action="confirmed" date="1997-08-18"/>
  </code>
  <code code="M131">
    <editdetail attribution="Reuters BIP Coding Group" action="confirmed" date="1997-08-18"/>
  </code>
  <code code="MCAT">
    <editdetail attribution="Reuters BIP Coding Group" action="confirmed" date="1997-08-18"/>
  </code>
</codes>
<dc element="dc.date.created" value="1997-08-18"/>
<dc element="dc.publisher" value="Reuters Holdings Plc"/>
<dc element="dc.date.published" value="1997-08-18"/>
<dc element="dc.source" value="Reuters"/>
<dc element="dc.creator.location" value="JAKARTA"/>
<dc element="dc.creator.location.country.name" value="INDONESIA"/>
<dc element="dc.source" value="Reuters"/>
</metadata>
</newsitem>
