<?xml version="1.0" encoding="iso-8859-1" ?>
<newsitem itemid="82483" id="root" date="1996-09-27" xml:lang="en">
<title>NETHERLANDS: ENDEMOL SEES 15-20 PCT PROFIT RISE IN 1996/97.</title>
<headline>ENDEMOL SEES 15-20 PCT PROFIT RISE IN 1996/97.</headline>
<dateline>AMSTERDAM 1996-09-27</dateline>
<text>
<p>Endemol Entertainment said on Friday it expected its turnover and net profit to rise by 15 to 20 percent in the current 1996/97 financial year which began on August 1.</p>
<p>&quot;The company expects to be able to double its turnover and net profit within five years,&quot; Endemol said.</p>
<p>Television production and live entertainment company Endemol Entertainment plans a flotation of its shares on the Amsterdam Stock Exchange later this year.</p>
<p>Endemol's net profit in the financial year 1995/96 rose 38.5 percent to 60.5 million guilders. Turnover rose from 468.4 million guilders in 1994/95 to 642.4 million guilders.</p>
<p>-- Amsterdam newsroom +31 20 504 5000, Fax +31 20 504 5040</p>
</text>
<copyright>(c) Reuters Limited 1996</copyright>
<metadata>
<codes class="bip:countries:1.0">
  <code code="NETH">
    <editdetail attribution="Reuters BIP Coding Group" action="confirmed" date="1996-09-27"/>
  </code>
</codes>
<codes class="bip:topics:1.0">
  <code code="C151">
    <editdetail attribution="Reuters BIP Coding Group" action="confirmed" date="1996-09-27"/>
  </code>
</codes>
<dc element="dc.date.created" value="1996-09-27"/>
<dc element="dc.publisher" value="Reuters Holdings Plc"/>
<dc element="dc.date.published" value="1996-09-27"/>
<dc element="dc.source" value="Reuters"/>
<dc element="dc.creator.location" value="AMSTERDAM"/>
<dc element="dc.creator.location.country.name" value="NETHERLANDS"/>
<dc element="dc.source" value="Reuters"/>
</metadata>
</newsitem>
