<?xml version="1.0" encoding="iso-8859-1" ?>
<newsitem itemid="247178" id="root" date="1996-12-10" xml:lang="en">
<title>EGYPT: Egypt overnight, one-week rates narrow.</title>
<headline>Egypt overnight, one-week rates narrow.</headline>
<dateline>CAIRO 1996-12-10</dateline>
<text>
<p>Overnight interbank rates on the Egyptian pound narrowed on Tuesday in a liquid private sector market to between 10-1/8 and 10-1/4 percent from Monday's range of 10-1/8 and 10-1/2 percent, bankers said.</p>
<p>One-week rates narrowed to between 10-1/4 and 10-3/8 percent from 10-1/8 and 10-1/2 percent on Monday. Some bankers said they traded at rates as low as 10 percent.</p>
<p>The bankers said the central bank's repo deal worth 500 million pounds had injected liquidity in the market.</p>
<p>State-owned banks maintained their minimum overnight lending rate at 10-1/2 percent.</p>
<p>-- Cairo newsroom +20 2 578 3290/1</p>
</text>
<copyright>(c) Reuters Limited 1996</copyright>
<metadata>
<codes class="bip:countries:1.0">
  <code code="EGYPT">
    <editdetail attribution="Reuters BIP Coding Group" action="confirmed" date="1996-12-10"/>
  </code>
</codes>
<codes class="bip:topics:1.0">
  <code code="M13">
    <editdetail attribution="Reuters BIP Coding Group" action="confirmed" date="1996-12-10"/>
  </code>
  <code code="M131">
    <editdetail attribution="Reuters BIP Coding Group" action="confirmed" date="1996-12-10"/>
  </code>
  <code code="MCAT">
    <editdetail attribution="Reuters BIP Coding Group" action="confirmed" date="1996-12-10"/>
  </code>
</codes>
<dc element="dc.date.created" value="1996-12-10"/>
<dc element="dc.publisher" value="Reuters Holdings Plc"/>
<dc element="dc.date.published" value="1996-12-10"/>
<dc element="dc.source" value="Reuters"/>
<dc element="dc.creator.location" value="CAIRO"/>
<dc element="dc.creator.location.country.name" value="EGYPT"/>
<dc element="dc.source" value="Reuters"/>
</metadata>
</newsitem>
