<?xml version="1.0" encoding="iso-8859-1" ?>
<newsitem itemid="456365" id="root" date="1997-03-20" xml:lang="en">
<title>USA: U.S. weekly soybean crush 28,121,000 bushels.</title>
<headline>U.S. weekly soybean crush 28,121,000 bushels.</headline>
<dateline>WASHINGTON 1997-03-20</dateline>
<text>
<p>National Oilseed Processors Association weekly soybean crushings by reporting members (crushings/capacity in bu, soymeal exports in short tons):</p>
<p>			 03/19/97    03/12/97	Year-Ago</p>
<p> Crushings	 28,121,000  30,106,000    25,193,000</p>
<p> Meal Exports	 131,450     126,903	     N/A</p>
<p> Capacity-X	35,324,000  35,324,000    33,981,000</p>
<p> Capacity-Y	35,516,775  35,516,775	     N/A</p>
<p>X-Members reporting weekly. Y-Weekly reporters plus members reporting only monthly. N/A-Not Available. Totals may not agree due to rounding by NOPA. R-revised  </p>
<p>NOPA reported the following soybean crushings and capacity use by state for the week, with comparisons, in bushels:</p>
<p>    CRUSHINGS --   03/19/97    03/12/97     Year-Ago</p>
<p> Illinois	   4,921,000   5,197,000     4,413,000</p>
<p> Ind, Ky, Ohio    4,792,000   4,963,000     4,355,000</p>
<p> Southeast	  4,239,000   5,011,000     4,271,000</p>
<p> South Central    2,876,000   3,133,000     2,311,000</p>
<p> Southwest	  3,968,000   4,249,000     3,022,000</p>
<p> Iowa		 5,117,000   5,394,000     4,928,000</p>
<p> Minn,ND,SD,Mont  2,207,000   2,159,000     1,893,000</p>
<p> Total U.S.	28,121,000  30,106,000    25,193,000</p>
</text>
<copyright>(c) Reuters Limited 1997</copyright>
<metadata>
<codes class="bip:countries:1.0">
  <code code="USA">
    <editdetail attribution="Reuters BIP Coding Group" action="confirmed" date="1997-03-20"/>
  </code>
</codes>
<codes class="bip:topics:1.0">
  <code code="M14">
    <editdetail attribution="Reuters BIP Coding Group" action="confirmed" date="1997-03-20"/>
  </code>
  <code code="M141">
    <editdetail attribution="Reuters BIP Coding Group" action="confirmed" date="1997-03-20"/>
  </code>
  <code code="MCAT">
    <editdetail attribution="Reuters BIP Coding Group" action="confirmed" date="1997-03-20"/>
  </code>
</codes>
<dc element="dc.date.created" value="1997-03-20"/>
<dc element="dc.publisher" value="Reuters Holdings Plc"/>
<dc element="dc.date.published" value="1997-03-20"/>
<dc element="dc.source" value="Reuters"/>
<dc element="dc.creator.location" value="WASHINGTON"/>
<dc element="dc.creator.location.country.name" value="USA"/>
<dc element="dc.source" value="Reuters"/>
</metadata>
</newsitem>
