<?xml version="1.0" encoding="iso-8859-1" ?>
<newsitem itemid="582078" id="root" date="1997-05-14" xml:lang="en">
<title>HUNGARY: Hungarian grains futures firm on hot weather.</title>
<headline>Hungarian grains futures firm on hot weather.</headline>
<dateline>BUDAPEST 1997-05-13</dateline>
<text>
<p>Hungary's milling wheat and maize futures rose on Wednesday, mainly on worries caused by the unseasonally hot weather and insufficient, and partly on the export outlook, traders said.</p>
<p>Most milling wheat futures closed higher on the Budapest Commodity Echange, except the October maturity, which finished at 25,350 forints, down 140 forints due to a technical correction, traders said.</p>
<p>They said that other milling wheat futures rose as the hot weather which could worsen crop outlooks, coupled with increasing demand on the spot market, made sellers cautious.</p>
<p>&quot;Probably the weather and a substantial buying interest on the physical market contributed (to the rise),&quot; said Robert Vajo of Termin Broker.</p>
<p>&quot;Traders hope that they can sell the wheat at a good price in August and September,&quot; he added.</p>
<p>The price of August milling wheat futures was settled at 24,380 forints, up 280.</p>
<p>The hot weather, and buying interest for smaller amounts from Poland, pushed most maize futures prices up, traders said.</p>
<p>($1=181.24 Hungarian forints)</p>
<p>-- Sandor Peto, Budapest newsroom +36 1 327 4040</p>
</text>
<copyright>(c) Reuters Limited 1997</copyright>
<metadata>
<codes class="bip:countries:1.0">
  <code code="HUNG">
    <editdetail attribution="Reuters BIP Coding Group" action="confirmed" date="1997-05-14"/>
  </code>
</codes>
<codes class="bip:topics:1.0">
  <code code="M14">
    <editdetail attribution="Reuters BIP Coding Group" action="confirmed" date="1997-05-14"/>
  </code>
  <code code="M141">
    <editdetail attribution="Reuters BIP Coding Group" action="confirmed" date="1997-05-14"/>
  </code>
  <code code="MCAT">
    <editdetail attribution="Reuters BIP Coding Group" action="confirmed" date="1997-05-14"/>
  </code>
</codes>
<dc element="dc.date.created" value="1997-05-13"/>
<dc element="dc.publisher" value="Reuters Holdings Plc"/>
<dc element="dc.date.published" value="1997-05-14"/>
<dc element="dc.source" value="Reuters"/>
<dc element="dc.creator.location" value="BUDAPEST"/>
<dc element="dc.creator.location.country.name" value="HUNGARY"/>
<dc element="dc.source" value="Reuters"/>
</metadata>
</newsitem>
