<?xml version="1.0" encoding="iso-8859-1" ?>
<newsitem itemid="143533" id="root" date="1996-10-25" xml:lang="en">
<title>SINGAPORE: SICOM adjusts trading hours for coffee contract.</title>
<headline>SICOM adjusts trading hours for coffee contract.</headline>
<dateline>SINGAPORE 1996-10-25</dateline>
<text>
<p>The Singapore Commodity Exchange (SICOM) said on Friday the trading hours of the robusta coffee futures contract will begin and end one hour later to adjust to winter time in Britain.</p>
<p>In a statement, SICOM said the morning session will start at 1000 (0200 GMT) and end at 1130 (0330 GMT) hours local time. The afternoon session will start at 1630 (0830 GMT) and end at 2030 (1230 GMT) hours.</p>
<p>The settlement prices will be available at 2130 (1330 GMT) hours, SICOM said.</p>
<p>- Singapore Newsroom (65-8703305)</p>
</text>
<copyright>(c) Reuters Limited 1996</copyright>
<metadata>
<codes class="bip:countries:1.0">
  <code code="SINGP">
    <editdetail attribution="Reuters BIP Coding Group" action="confirmed" date="1996-10-25"/>
  </code>
</codes>
<codes class="bip:topics:1.0">
  <code code="M14">
    <editdetail attribution="Reuters BIP Coding Group" action="confirmed" date="1996-10-25"/>
  </code>
  <code code="M141">
    <editdetail attribution="Reuters BIP Coding Group" action="confirmed" date="1996-10-25"/>
  </code>
  <code code="MCAT">
    <editdetail attribution="Reuters BIP Coding Group" action="confirmed" date="1996-10-25"/>
  </code>
</codes>
<dc element="dc.date.created" value="1996-10-25"/>
<dc element="dc.publisher" value="Reuters Holdings Plc"/>
<dc element="dc.date.published" value="1996-10-25"/>
<dc element="dc.source" value="Reuters"/>
<dc element="dc.creator.location" value="SINGAPORE"/>
<dc element="dc.creator.location.country.name" value="SINGAPORE"/>
<dc element="dc.source" value="Reuters"/>
</metadata>
</newsitem>
