<?xml version="1.0" encoding="iso-8859-1" ?>
<newsitem itemid="165411" id="root" date="1996-11-05" xml:lang="en">
<title>USA: KCS Energy files for 3.0 mln common shares.</title>
<headline>KCS Energy files for 3.0 mln common shares.</headline>
<dateline>WASHINGTON 1996-11-05</dateline>
<text>
<p>KCS Energy Inc filed on Tuesday with the Securities and Exchange Commission for an offering of up to 3.0 million common shares.</p>
<p>Of the total, 2.4 million shares will be offered in the U.S. and Canada and 600,000 shares in other countries, the Edison, N.J.,-based company said.  </p>
<p>The offering will be made through Salomon Bros Inc, Dillon Read &amp; Co Inc, Prudential Securities Inc, Morgan Keegan &amp; Co Inc and Southcoast Capital Corp. The underwriters have an over-allotment option for up to 450,000 additional shares.</p>
<p>The company said it will use net proceeds to reduce its debt under bank credit facilities, including a revolving credit agreement to be entered into in connection with its acquisition of InterCoast Oil and Gas Co, GED Energy Services Inc and InterCoast Gas Services Co for about $221 million.</p>
<p>InterCoast Oil was formerly known as Medallion Production Company. The companies being acquired are units of MidAmerican Energy Co..</p>
</text>
<copyright>(c) Reuters Limited 1996</copyright>
<metadata>
<codes class="bip:countries:1.0">
  <code code="USA">
    <editdetail attribution="Reuters BIP Coding Group" action="confirmed" date="1996-11-05"/>
  </code>
</codes>
<codes class="bip:industries:1.0">
  <code code="I13000">
    <editdetail attribution="Reuters BIP Coding Group" action="confirmed" date="1996-11-05"/>
  </code>
</codes>
<codes class="bip:topics:1.0">
  <code code="C17">
    <editdetail attribution="Reuters BIP Coding Group" action="confirmed" date="1996-11-05"/>
  </code>
  <code code="C171">
    <editdetail attribution="Reuters BIP Coding Group" action="confirmed" date="1996-11-05"/>
  </code>
  <code code="CCAT">
    <editdetail attribution="Reuters BIP Coding Group" action="confirmed" date="1996-11-05"/>
  </code>
</codes>
<dc element="dc.date.created" value="1996-11-05"/>
<dc element="dc.publisher" value="Reuters Holdings Plc"/>
<dc element="dc.date.published" value="1996-11-05"/>
<dc element="dc.source" value="Reuters"/>
<dc element="dc.creator.location" value="WASHINGTON"/>
<dc element="dc.creator.location.country.name" value="USA"/>
<dc element="dc.source" value="Reuters"/>
</metadata>
</newsitem>
