<?xml version="1.0" encoding="iso-8859-1" ?>
<newsitem itemid="560079" id="root" date="1997-05-05" xml:lang="en">
<title>INDIA: India panel discusses ITI capital recast.</title>
<headline>India panel discusses ITI capital recast.</headline>
<dateline>NEW DELHI 1997-05-05</dateline>
<text>
<p>The Indian government's Telecom Commission discussed on Monday a proposal to restructure the capital of state-run Indian Telephone Industries (ITI), a Communications Ministry statement said.</p>
<p>The government's Disinvestment Commission, set up last year to oversee a partial privatisation programme, recommended in April that the government sell up to 74 percent of its stake in the company.</p>
<p>&quot;As the report of the Disinvestment Commission has since been received it was noted that the matter may be processed further in the light of the commission's recommendations and a proposal, thereafter, be placed before the government,&quot; the statement said.</p>
<p>-- New Delhi newsroom +91-11-301 2024</p>
</text>
<copyright>(c) Reuters Limited 1997</copyright>
<metadata>
<codes class="bip:countries:1.0">
  <code code="INDIA">
    <editdetail attribution="Reuters BIP Coding Group" action="confirmed" date="1997-05-05"/>
  </code>
</codes>
<codes class="bip:industries:1.0">
  <code code="I34410">
    <editdetail attribution="Reuters BIP Coding Group" action="confirmed" date="1997-05-05"/>
  </code>
</codes>
<codes class="bip:topics:1.0">
  <code code="C13">
    <editdetail attribution="Reuters BIP Coding Group" action="confirmed" date="1997-05-05"/>
  </code>
  <code code="C18">
    <editdetail attribution="Reuters BIP Coding Group" action="confirmed" date="1997-05-05"/>
  </code>
  <code code="C183">
    <editdetail attribution="Reuters BIP Coding Group" action="confirmed" date="1997-05-05"/>
  </code>
  <code code="CCAT">
    <editdetail attribution="Reuters BIP Coding Group" action="confirmed" date="1997-05-05"/>
  </code>
</codes>
<dc element="dc.date.created" value="1997-05-05"/>
<dc element="dc.publisher" value="Reuters Holdings Plc"/>
<dc element="dc.date.published" value="1997-05-05"/>
<dc element="dc.source" value="Reuters"/>
<dc element="dc.creator.location" value="NEW DELHI"/>
<dc element="dc.creator.location.country.name" value="INDIA"/>
<dc element="dc.source" value="Reuters"/>
</metadata>
</newsitem>
