<?xml version="1.0" encoding="iso-8859-1" ?>
<newsitem itemid="393975" id="root" date="1997-02-21" xml:lang="en">
<title>USA: Triad Systems stake cut by Gabelli group.</title>
<headline>Triad Systems stake cut by Gabelli group.</headline>
<dateline>WASHINGTON 1997-02-21</dateline>
<text>
<p>A group led by New York investment manager Mario Gabelli said Friday it cut its stake in Triad Systems Corp to 1,031,200 common shares or 5.78 percent from 7.63 percent previously held.</p>
<p>In a filing with the Securities and Exchange Commission, the group said its latest transactions include the sale of 335,000 common shares between Feb 11 and 19 at $9.3750 to $9.8747 per share.</p>
<p>Triad Systems, based in Livermore Calif., creates business and informaton management solutions for the automotive parts aftermarket and retail hardgoods industry.</p>
</text>
<copyright>(c) Reuters Limited 1997</copyright>
<metadata>
<codes class="bip:countries:1.0">
  <code code="USA">
    <editdetail attribution="Reuters BIP Coding Group" action="confirmed" date="1997-02-21"/>
  </code>
</codes>
<codes class="bip:industries:1.0">
  <code code="I81502">
    <editdetail attribution="Reuters BIP Coding Group" action="confirmed" date="1997-02-21"/>
  </code>
  <code code="I83940">
    <editdetail attribution="Reuters BIP Coding Group" action="confirmed" date="1997-02-21"/>
  </code>
</codes>
<codes class="bip:topics:1.0">
  <code code="C18">
    <editdetail attribution="Reuters BIP Coding Group" action="confirmed" date="1997-02-21"/>
  </code>
  <code code="C181">
    <editdetail attribution="Reuters BIP Coding Group" action="confirmed" date="1997-02-21"/>
  </code>
  <code code="CCAT">
    <editdetail attribution="Reuters BIP Coding Group" action="confirmed" date="1997-02-21"/>
  </code>
</codes>
<dc element="dc.date.created" value="1997-02-21"/>
<dc element="dc.publisher" value="Reuters Holdings Plc"/>
<dc element="dc.date.published" value="1997-02-21"/>
<dc element="dc.source" value="Reuters"/>
<dc element="dc.creator.location" value="WASHINGTON"/>
<dc element="dc.creator.location.country.name" value="USA"/>
<dc element="dc.source" value="Reuters"/>
</metadata>
</newsitem>
