<?xml version="1.0" encoding="iso-8859-1" ?>
<newsitem itemid="656109" id="root" date="1997-06-12" xml:lang="en">
<title>ARGENTINA: Argentine bonds end up, boosted by U.S., Moody's.</title>
<headline>Argentine bonds end up, boosted by U.S., Moody's.</headline>
<dateline>BUENOS AIRES 1997-06-12</dateline>
<text>
<p>Argentine bonds finished higher Thursday after a sharp rally in U.S. Treasuries on soft retail sales figures and uplifting comments by Moody's Investors Service on Argentina's economy.</p>
<p>&quot;The market rose on the retail sales. Many people are now ruling out a U.S. rate hike in July,&quot; said a trader at a local bank.</p>
<p>Argentina's FRB Brady bond due 2005 was up 3/8 at 94-1/4 while the dollar-denominated Bocon Previsional 4 due 2002 was up $0.10 at 118.10.  </p>
<p>A Moody's analyst said Thursday the rating agency may place Argentina's B1 sovereign rating on review for a possible upgrade some time in the next 12 to 18 months, but it is not currently considering a ratings change.</p>
<p>Despite the strong sentiment in the local market which led to busy activity this session, traders said performance in coming days will continue to depend on U.S. markets.</p>
<p>&quot;The market will depend on how the U.S. (PPI) figures are tomorrow but I am optimistic we will get more gains,&quot; said another trader.</p>
<p>Call money rates fell to 5.5 percent from 5.58 percent.</p>
<p>((--Axel Bugge, Buenos Aires Newsroom, 541 318-0668))</p>
</text>
<copyright>(c) Reuters Limited 1997</copyright>
<metadata>
<codes class="bip:countries:1.0">
  <code code="ARG">
    <editdetail attribution="Reuters BIP Coding Group" action="confirmed" date="1997-06-12"/>
  </code>
</codes>
<codes class="bip:topics:1.0">
  <code code="M12">
    <editdetail attribution="Reuters BIP Coding Group" action="confirmed" date="1997-06-12"/>
  </code>
  <code code="MCAT">
    <editdetail attribution="Reuters BIP Coding Group" action="confirmed" date="1997-06-12"/>
  </code>
</codes>
<dc element="dc.date.created" value="1997-06-12"/>
<dc element="dc.publisher" value="Reuters Holdings Plc"/>
<dc element="dc.date.published" value="1997-06-12"/>
<dc element="dc.source" value="Reuters"/>
<dc element="dc.creator.location" value="BUENOS AIRES"/>
<dc element="dc.creator.location.country.name" value="ARGENTINA"/>
<dc element="dc.source" value="Reuters"/>
</metadata>
</newsitem>
