<?xml version="1.0" encoding="iso-8859-1" ?>
<newsitem itemid="584138" id="root" date="1997-05-14" xml:lang="en">
<title>SPAIN: Corp. Mapfre group Q1 profit 3.25 bln ptas.</title>
<headline>Corp. Mapfre group Q1 profit 3.25 bln ptas.</headline>
<dateline>MADRID 1997-05-14</dateline>
<text>
<p>Results for three months to March,</p>
<p>in billions of pesetas, unless stated:</p>
<p> Net attributable profit	     3.25     vs     2.64</p>
<p> Pretax profit			   5.66     vs     4.19</p>
<p> Premium income			 84.31     vs    68.46</p>
<p> Direct insurance in Spain	   2.74     vs     2.35</p>
<p> Direct insurance abroad	     0.59     vs     0.29</p>
<p> Accepted reinsurance		  1.59     vs     1.06</p>
<p> Assistance				0.02     vs     0.03</p>
<p> Banking				   0.09     vs     0.14</p>
<p> Real estate development	     0.11     vs     0.16</p>
<p>NOTE: Full name Corporacion Mapfre SA. The company, majority owned by Mapfre Mutualidad, is the listed holding company within Spain's largest insurance and reinsurance group.</p>
</text>
<copyright>(c) Reuters Limited 1997</copyright>
<metadata>
<codes class="bip:countries:1.0">
  <code code="SPAIN">
    <editdetail attribution="Reuters BIP Coding Group" action="confirmed" date="1997-05-14"/>
  </code>
</codes>
<codes class="bip:industries:1.0">
  <code code="I82001">
    <editdetail attribution="Reuters BIP Coding Group" action="confirmed" date="1997-05-14"/>
  </code>
</codes>
<codes class="bip:topics:1.0">
  <code code="C15">
    <editdetail attribution="Reuters BIP Coding Group" action="confirmed" date="1997-05-14"/>
  </code>
  <code code="C151">
    <editdetail attribution="Reuters BIP Coding Group" action="confirmed" date="1997-05-14"/>
  </code>
  <code code="CCAT">
    <editdetail attribution="Reuters BIP Coding Group" action="confirmed" date="1997-05-14"/>
  </code>
</codes>
<dc element="dc.date.created" value="1997-05-14"/>
<dc element="dc.publisher" value="Reuters Holdings Plc"/>
<dc element="dc.date.published" value="1997-05-14"/>
<dc element="dc.source" value="Reuters"/>
<dc element="dc.creator.location" value="MADRID"/>
<dc element="dc.creator.location.country.name" value="SPAIN"/>
<dc element="dc.source" value="Reuters"/>
</metadata>
</newsitem>
