<?xml version="1.0" encoding="iso-8859-1" ?>
<newsitem itemid="358736" id="root" date="1997-02-05" xml:lang="en">
<title>NEW ZEALAND: NZ M-3 money supply rose 1.0 pct in December.</title>
<headline>NZ M-3 money supply rose 1.0 pct in December.</headline>
<dateline>WELLINGTON 1997-02-05</dateline>
<text>
<p>The Reserve Bank of New Zealand on Wednesday released the following estimated money supply figures for December</p>
<p>    M3		   Dec 1996	 Nov 1996	  Dec 1995</p>
<p>    mthly change	1.0 pct	 -0.9 pct	   1.9 pct</p>
<p>    yr-on-yr change  11.8 pct	 12.8 pct	  15.6 pct</p>
</text>
<copyright>(c) Reuters Limited 1997</copyright>
<metadata>
<codes class="bip:countries:1.0">
  <code code="NZ">
    <editdetail attribution="Reuters BIP Coding Group" action="confirmed" date="1997-02-05"/>
  </code>
</codes>
<codes class="bip:topics:1.0">
  <code code="E12">
    <editdetail attribution="Reuters BIP Coding Group" action="confirmed" date="1997-02-05"/>
  </code>
  <code code="E121">
    <editdetail attribution="Reuters BIP Coding Group" action="confirmed" date="1997-02-05"/>
  </code>
  <code code="ECAT">
    <editdetail attribution="Reuters BIP Coding Group" action="confirmed" date="1997-02-05"/>
  </code>
</codes>
<dc element="dc.date.created" value="1997-02-05"/>
<dc element="dc.publisher" value="Reuters Holdings Plc"/>
<dc element="dc.date.published" value="1997-02-05"/>
<dc element="dc.source" value="Reuters"/>
<dc element="dc.creator.location" value="WELLINGTON"/>
<dc element="dc.creator.location.country.name" value="NEW ZEALAND"/>
<dc element="dc.source" value="Reuters"/>
</metadata>
</newsitem>
