<?xml version="1.0" encoding="iso-8859-1" ?>
<newsitem itemid="323740" id="root" date="1997-01-22" xml:lang="en">
<title>USA: California Water sets stock split.</title>
<headline>California Water sets stock split.</headline>
<dateline>SAN JOSE, Calif. 1997-01-22</dateline>
<text>
<p>California Water Service Co on Wednesday said it plans a two-for-one stock split in conjunction with a change in structure to a holding company.</p>
<p>In addition, the company said it raised its annual dividend to $2.11 a share from $2.08. The first quarterly dividend payment will be made on February 15 to shareholders of record on February 3.</p>
<p>Under the stock split plan, each share of California Water Service will be converted into two shares of the new holding company, which will be named California Water Service Group.  </p>
<p>California Water's shareholders will vote on the new structure and stock split at an annual meeting in April, the company said.</p>
<p>Under the holding company structure, the company's non-regulated business will be operated by a new subsidiary called CWS Utility Services, and its regulated business will continue to be operated by California Water Service Co.</p>
</text>
<copyright>(c) Reuters Limited 1997</copyright>
<metadata>
<codes class="bip:countries:1.0">
  <code code="USA">
    <editdetail attribution="Reuters BIP Coding Group" action="confirmed" date="1997-01-22"/>
  </code>
</codes>
<codes class="bip:industries:1.0">
  <code code="I17000">
    <editdetail attribution="Reuters BIP Coding Group" action="confirmed" date="1997-01-22"/>
  </code>
</codes>
<codes class="bip:topics:1.0">
  <code code="C17">
    <editdetail attribution="Reuters BIP Coding Group" action="confirmed" date="1997-01-22"/>
  </code>
  <code code="C171">
    <editdetail attribution="Reuters BIP Coding Group" action="confirmed" date="1997-01-22"/>
  </code>
  <code code="CCAT">
    <editdetail attribution="Reuters BIP Coding Group" action="confirmed" date="1997-01-22"/>
  </code>
</codes>
<dc element="dc.date.created" value="1997-01-22"/>
<dc element="dc.publisher" value="Reuters Holdings Plc"/>
<dc element="dc.date.published" value="1997-01-22"/>
<dc element="dc.source" value="Reuters"/>
<dc element="dc.creator.location" value="SAN JOSE, Calif."/>
<dc element="dc.creator.location.country.name" value="USA"/>
<dc element="dc.source" value="Reuters"/>
</metadata>
</newsitem>
