<?xml version="1.0" encoding="iso-8859-1" ?>
<newsitem itemid="240332" id="root" date="1996-12-06" xml:lang="en">
<title>INDIA: Forthcoming record dates of Indian companies.</title>
<headline>Forthcoming record dates of Indian companies.</headline>
<text>
<p>COMPANY			 DATE		   PURPOSE</p>
<p>--------------------------------------------------------------</p>
<p> Colgate Palmolive	     Dec  6	     Rs.1.60 Interim</p>
<p>							    dividend</p>
<p> Powmex Steels		   Dec  6	     Amalgamation of</p>
<p>							    company will</p>
<p>							    GKW Ltd.</p>
<p> IFB Industries		  Dec  9	     Interest &amp;</p>
<p>							    Redemption</p>
<p> Agro Dutch Foods		Dec 10	     Rights issue</p>
<p> DCM Shriram Industries	Dec 10	     Interest</p>
<p> IVP				 Dec 10	     Bonus issue</p>
<p> Procter &amp; Gamble		Dec 10	     Interest</p>
<p> Thirumalai Chemicals	  Dec 10	     Interim dividend</p>
<p> VBC Finance &amp; Leasing	 Dec 10	     Rights issue</p>
<p> Kesoram Industries	    Dec 11	     Interest</p>
<p> Cable Corporation of India  Dec 12	     Interest</p>
<p> Gujarat Ambuja Cements	Dec 12	     Interest</p>
<p> Indian Rayon &amp; Industries   Dec 12	     Interest</p>
<p> Industrial Inv. Trust Copor.Dec 12	     Bonus issue</p>
<p> Lupin Chemicals		 Dec 12	     Interest</p>
<p> Lupin Laboratories	    Dec 12	     Interest</p>
<p> Majestic Auto		   Dec 12	     9% Interim</p>
<p>							    dividend</p>
<p> Rhone-Poulenc		   Dec 12	     60% Interim</p>
<p> Whirlpool Washing Machine   Dec 12	     Merger of the</p>
<p>							    company with</p>
<p>							    Whirlpool of India</p>
<p>							    Ltd</p>
<p> KSB Pumps			 Dec 13	     10% Interim</p>
<p>							    dividend</p>
<p> Kalyani Sharp		   Dec 13	     Interest</p>
<p> Murudeshwar Ceramics	  Dec 14	     Dividend &amp;</p>
<p>							    Interest</p>
<p> SCICI (Deb)		     Dec 14	     Interest</p>
<p> Abbott Laboratories	   Dec 15	     Interest</p>
<p> ITC Hotels			Dec 15	     Interest</p>
<p> DCM				 Dec 16	     Interest</p>
<p> Indian Seamless Metal Tubes Dec 16	     Interest</p>
<p> Jain Irrigation Systems     Dec 16	     Interest</p>
<p> Pennar Profiles		 Dec 16	     Interest</p>
<p> Punjab Tractors		 Dec 16	     Bonus issue</p>
<p> Rajashree Polyfil	     Dec 16	     Interest</p>
<p> Rajasthan Petro Synthetics  Dec 16	     Interest</p>
<p> Shree Synthetics		Dec 16	     Interest</p>
<p> Smithkline Beecham Consumer Dec 16	     2nd Interim</p>
<p>							    dividend</p>
<p> Steel Tubes Of India	  Dec 16	     Interest</p>
<p> Supreme Industries	    Dec 16	     Interest</p>
<p> Supreme Petrochem	     Dec 16	     Interest</p>
<p> Swaraj Engines		  Dec 16	     Bonus issue</p>
<p> Vadilal Industries	    Dec 16	     Interest</p>
<p> Vinyl Chemicals		 Dec 16	     Interest</p>
<p> Apple Industries		Dec 17	     Interest</p>
<p> Acme Mfg. Co.		   Dec 17	     Interest</p>
<p> Bajaj Hindustan		 Dec 17	     Redemption</p>
<p> Boeringe Mannheim	     Dec 17	     Redemption &amp;</p>
<p>							    Interest</p>
<p> Caprihans India		 Dec 17	     Interest</p>
<p> Carborundum Universal	 Dec 17	     Interest</p>
<p> Century Enka		    Dec 17	     Rs 18/- Interim</p>
<p>							    dividend</p>
<p> Com Products Co.		Dec 17	     Interest</p>
<p> Hindustan Lever		 Dec 17	     Interest</p>
<p> Mafatlal Finance Co.	  Dec 17	     Interest</p>
<p> Boeringe Mannheim	     Dec 17	     Redemption &amp;</p>
<p>							    Interest</p>
<p>--------------------------------------------------------------</p>
<p> Solidaire India		 Dec 17	     Interest</p>
<p> Synergy Financial Exchange  Dec 17	     Interest</p>
<p> Videocon Narmada Electronic Dec 17	     Interest</p>
<p> Camlin			    Dec 18	     Interest</p>
<p> Garware Shipping Corp.	Dec 18	     Redemption</p>
<p> Hindustan Construction Co.  Dec 18	     Interest</p>
<p> Oriental Hotels		 Dec 18	     Bonus shares</p>
<p>							    (Revised)</p>
<p> PAL-Peugeot		     Dec 18	     Interest</p>
<p> Rhutu Bearings &amp; Estates    Dec 18	     AGM</p>
<p> Madras Aluminium Co.	  Dec 19	     Exchange of new</p>
<p>							    equity shares of</p>
<p>							    Rs.10/- each in</p>
<p>							    place of shares of</p>
<p>							    Rs.100/- each.</p>
<p> Patspin India		   Dec 19	     Rights issue</p>
<p> Udaipur Phosphates &amp; Fert.  Dec 19	     Interest</p>
<p> Anagram Finance		 Dec 20	     Interest</p>
<p> CESC				Dec 20	     Interest</p>
<p> Crosland Research Laborator.Dec 20	     15% Interim</p>
<p>							    dividend</p>
<p> Essar Oil			 Dec 20	     Interest</p>
<p> J.B. Chemicals &amp; Pharmaceut.Dec 20	     18% Interim</p>
<p>							    dividend</p>
<p> Marico Industries	     Dec 20	     20% Interim</p>
<p>							    dividend</p>
<p> Smithkline Beecham Consumer Dec 20	     2nd Interim</p>
<p>							    dividend</p>
<p> Essel Packaging		 Dec 21	     15% Interim</p>
<p>							    dividend</p>
<p> Kirloskar Oil Engines	 Dec 22	     Interest</p>
<p> Indo Rama Synthetics	  Dec 23	     Interest</p>
<p> Larsen &amp; Toubro		 Dec 24	     Issue of bond</p>
<p>							    certificates</p>
<p>							    against Letter of</p>
<p>							    Allotment</p>
<p> Oswal Chemicals &amp; Fert.     Dec 24	     Interim dividend</p>
<p> Solar Farmachem		 Dec 24	     AGM</p>
<p> Orient Press		    Dec 26	     Interest</p>
<p> Atlas Cycle Industries	Dec 27	     To apply of</p>
<p>							    equity shares</p>
<p> Rallis			    Dec 27	     EGM</p>
<p> Shamrock Industrial	   Dec 27	     Conversion</p>
<p> Tata Constructions &amp; ProjectDec 27	     Interest</p>
<p> Teknomin Aqua Exports	 Dec 27	     AGM</p>
<p> Usha Udyog			Dec 27	     Interest</p>
<p> Magna Hardtemp		  Dec 28	     AGM</p>
<p> FAL Industries		  Dec 29	     Bonus issue</p>
<p> Gujarat Cotex		   Dec 30	     Dividend</p>
<p> Western India Sugar Chem.   Dec 30	     Interest</p>
<p> Aman &amp; Aditya Financial     Dec 31	     AGM</p>
<p> Bombay Barmah Trading Corp. Dec 31	     Interest</p>
<p> Flex Industries		 Dec 31	     Interest</p>
<p> Mysore Kirloskar		Dec 31	     Interest</p>
<p> Numech Emballage		Dec 31	     AGM</p>
<p> Orient Abrasives		Dec 31	     Bonus issue</p>
<p> Patspin			   Dec 31	     Rights issue</p>
<p> Rajinder Pipes		  Dec 31	     Interest</p>
<p> Simplex Concrete Piles	Dec 31	     Interest</p>
<p> Anagram Finance		 Jan 1 '97	  Interest</p>
<p> Finolex Industries	    Jan 1		Interest</p>
<p> G.L. Hotels		     Jan 1		Bonus Issue</p>
<p> Harshita Organics	     Jan 1		Interim dividend</p>
<p> Manugraph Ind.		  Jan 1		Interest</p>
<p> Nycleus Securities	    Jan 1		To exercise right</p>
<p>							    apply for equity</p>
<p>							    shares against</p>
<p>							    warrants</p>
<p> Rama Paper Mills		Jan 2		Bonus issue</p>
<p> Alok Textile Industries     Jan 3		Rights issue</p>
<p>--------------------------------------------------------------</p>
<p> Asea Brown Boveri	     Jan 3		30% dividend and</p>
<p>							    Bonus issue</p>
<p> Gabriel India		   Jan 3		Interest</p>
<p> Mold-Tek Plastics	     Jan 4		Conversion</p>
<p> Exide Industries		Jan 6		To exercise for</p>
<p>							    conversion of</p>
<p>							    warrants into</p>
<p>							    equity shares</p>
<p> Mangalore Refinery &amp; Petro. Jan 6		Interest</p>
<p> Trans Plastics		  Jan 6		Rights issue</p>
<p> Bharat Gears		    Jan 7		Interest</p>
<p> Oudh Sugar Mills		Jan 8		Sub division of</p>
<p>							    ordinary shares of</p>
<p>							    Rs.100/- each of</p>
<p>							    the company into</p>
<p>							    10 ordinary shares</p>
<p>							    of Rs.10/- each.</p>
<p> Sundaram Clayton		Jan 8		Bonus issue</p>
<p> Thana Electric Supply Co.   Jan 9		Final Call of</p>
<p>							    Rights equity</p>
<p>							    shares</p>
<p> DCM Shriram Consolidated    Jan 10	     Interest</p>
<p> IBP Co.			   Jan 10	     Bonus issue</p>
<p> KEC International	     Jan 10	     Interest</p>
<p> Baroda Electric Meters	Jan 13	     10% Interim</p>
<p>							    dividend</p>
<p> Glaxo			     Jan 14	     Interim dividend</p>
<p> Indian Aluminium Co.	  Jan 14	     20% Interim</p>
<p>							    dividend</p>
<p> Anagram Finance		 Jan 15	     Bonus Issue</p>
<p> National Organic Chemical   Jan 15	     10% Interim</p>
<p>							    dividend</p>
<p> Pittie Cement and IndustriesJan 15	     Interest</p>
<p> Burroughs Welcome	     Jan 16	     Interim dividend</p>
<p> Pennar Aluminium Co.	  Jan 16	     Interest</p>
<p> Kirloskar Brothers	    Jan 16	     Bonus issue</p>
<p> Novopan Industries	    Jan 20	     Interest</p>
<p> Standard Industries	   Feb 14	     Interest</p>
<p>.</p>
<p>*  PCDs  -  Partly convertible debentures</p>
<p>*  FCDs  -  Fully convertible debentures</p>
<p>     *  NCD   -  Non-convertible debentures</p>
<p>     *  R.D   -  Record date</p>
<p>     *  CPS   -  Cumulative Preference Shares</p>
<p>-- Bombay newsroom +91-22-265 9000</p>
</text>
<copyright>(c) Reuters Limited 1996</copyright>
<metadata>
<codes class="bip:countries:1.0">
  <code code="INDIA">
    <editdetail attribution="Reuters BIP Coding Group" action="confirmed" date="1996-12-06"/>
  </code>
</codes>
<codes class="bip:topics:1.0">
  <code code="C15">
    <editdetail attribution="Reuters BIP Coding Group" action="confirmed" date="1996-12-06"/>
  </code>
  <code code="C151">
    <editdetail attribution="Reuters BIP Coding Group" action="confirmed" date="1996-12-06"/>
  </code>
  <code code="CCAT">
    <editdetail attribution="Reuters BIP Coding Group" action="confirmed" date="1996-12-06"/>
  </code>
</codes>
<dc element="dc.publisher" value="Reuters Holdings Plc"/>
<dc element="dc.date.published" value="1996-12-06"/>
<dc element="dc.source" value="Reuters"/>
<dc element="dc.creator.location.country.name" value="INDIA"/>
<dc element="dc.source" value="Reuters"/>
</metadata>
</newsitem>
