<?xml version="1.0" encoding="iso-8859-1" ?>
<newsitem itemid="335225" id="root" date="1997-01-27" xml:lang="en">
<title>PAKISTAN: Pakistan key economic indicators - January 27.</title>
<headline>Pakistan key economic indicators - January 27.</headline>
<text>
<p>======DAILY INDICATORS ============</p>
<p>					  SUNDAY		PREVIOUS</p>
<p> Rupee/US $ (inter-bank)	  40.3607	     40.3607</p>
<p> SBP Reference Rate (Rs/$)	40.3206	     40.3206</p>
<p> Rupee/US $ (kerb market)	 41.90		 41.93</p>
<p> Karachi 100-share index	  1,476.49	    1,451.41</p>
<p>Call money rate 20.0 pct 20.0 pct</p>
<p> Gold (Karachi) Rs/10 gm	  4,962		 4,962</p>
<p> Silver .999 (Rs/kg)		7,715		 7,715</p>
<p>Short-term Federal Bonds Data</p>
<p>  Maturity Yield Per Annum	16.50 pct	   16.50 pct</p>
<p>Sovereign Bond Data</p>
<p>  ISMA Closing		     104.00/105.25    104.00/105.25</p>
<p>  Maturity Yield Per Annum	9.856		9.856</p>
<p>  Maturity Yield Semi-Annual    9.624		9.624</p>
<p>Floating Rate Note Data</p>
<p>  ISMA Closing		     97.75/98.95	97.75/98.95</p>
<p>  Accrued Interest		 0.696		0.696</p>
<p>			   -------------**************-------------</p>
<p>WEEKLY</p>
<p>					 JAN 16     JAN 9	YEAR-AGO</p>
<p>  Forex reserves    (SBP)	$1.474bln  $1.485bln  $2.301bln</p>
<p>  Forex within  Pak (SBP)	$0.444bln  $0.409bln  $1.354bln</p>
<p>  Forex outside Pak (SBP)	$0.341bln  $0.387bln  $0.225bln</p>
<p>  Gold, SDRs	  (SBP)	$0.689bln  $0.689bln  $0.722bln</p>
<p>-------------**************------------- MONTHLY</p>
<p>						CURRENT	   YEAR-AGO</p>
<p>Growth in:</p>
<p>  Consumer price index  (FBS) DEC   11.41 pct	 12.34 pct</p>
<p>  Wholesale price index (FBS) DEC   14.41 pct	 12.86 pct</p>
<p>  M2 yr-on-yr	     (SBP) DEC   16.6 pct	  16.9  pct</p>
<p>Forex reserves	    (SBP) DEC   $1.182bln	 $2.303bln</p>
<p>  Forex within  Pak     (SBP) DEC   $0.409bln	 $0.756bln</p>
<p>  Forex outside Pak     (SBP) DEC   $0.084bln	 $0.825bln</p>
<p>  Gold, SDRs		(SBP) DEC   $0.689bln	 $0.722bln</p>
<p>Trade Balance	     (FBS) DEC  -$160  million	-$246  million</p>
<p>  Exports		   (FBS) DEC   $800  million	 $717  million</p>
<p>  Imports		   (FBS) DEC   $960  million	 $963  million</p>
<p>			   --------------*************--------------</p>
<p>    ANNUAL (State Bank of Pakistan)  1995/96	  1994/95</p>
<p> Population (millions)		   131.45	    127.75</p>
<p> Per capita income (market prices) Rs4,828**	  Rs4,697</p>
<p> External debt			    $28.6bln*	  $27.07bln</p>
<p> Debt service ratio			52.2*	     55.7</p>
<p> Real GDP growth (pct)		   6.1		  4.4</p>
<p> Fiscal deficit (pct of GDP)	   6.3		  5.5</p>
<p> Trade balance (July/June)	   -$3.666bln**     -$2.537bln</p>
<p>  Exports				   $8.3 bln**	 $7.759bln</p>
<p>  Imports				   $11.966bln**     $10.296bln</p>
<p> Current a/c balance (July/June)   -$4.244bln**     -$2.163bln</p>
<p> As pct of GDP			    6.6**		3.6</p>
<p>Industrial production (1980-81=100) 245.7*	     238.3</p>
<p> index (pct growth)			6.1		  2.9</p>
<p> Agricultural production (1959=100)  167		  152</p>
<p> index (pct growth)			6.74		 4.67</p>
<p>*  = estimate</p>
<p>** = provisional</p>
<p>SBP= State (central) Bank of Pakistan</p>
<p>FBS= Federal Bureau of Statistics</p>
<p>-- Karachi newsroom 9221-5685192</p>
</text>
<copyright>(c) Reuters Limited 1997</copyright>
<metadata>
<codes class="bip:countries:1.0">
  <code code="PAKIS">
    <editdetail attribution="Reuters BIP Coding Group" action="confirmed" date="1997-01-27"/>
  </code>
</codes>
<codes class="bip:topics:1.0">
  <code code="E71">
    <editdetail attribution="Reuters BIP Coding Group" action="confirmed" date="1997-01-27"/>
  </code>
  <code code="ECAT">
    <editdetail attribution="Reuters BIP Coding Group" action="confirmed" date="1997-01-27"/>
  </code>
</codes>
<dc element="dc.publisher" value="Reuters Holdings Plc"/>
<dc element="dc.date.published" value="1997-01-27"/>
<dc element="dc.source" value="Reuters"/>
<dc element="dc.creator.location.country.name" value="PAKISTAN"/>
<dc element="dc.source" value="Reuters"/>
</metadata>
</newsitem>
