<?xml version="1.0" encoding="iso-8859-1" ?>
<newsitem itemid="358187" id="root" date="1997-02-05" xml:lang="en">
<title>USA: NOTICE OF SALE - County of Westchester, N.Y.</title>
<headline>NOTICE OF SALE - County of Westchester, N.Y.</headline>
<text>
<p>SUMMARY NOTICE OF SALE</p>
<p>				 $100,000,000</p>
<p>			   County of Westchester</p>
<p>				    New York</p>
<p>			Tax Anticipation Notes-1997</p>
<p>SEALED PROPOSALS  will  be  received  by  the  undersigned Commissioner of Finance  of the County  of Westchester,  New York, at his  office at the  Michaelian Office Building  148 Martine Avenue, Room 720, White Plains, New York, on</p>
<p>			     February 13, 1997,</p>
<p>until 11:00  a.m.  (E.S.T.)  at  which  time  they  will  be publicly opened and announced for the purchase at a price of not less than par and  accrued interest of $100,000,000  Tax Anticipation Notes-1997, (the) dated Feb</p>
<p>1997, maturing December 11, 1997. Interest on the Notes  will be computed on  the basis of a 30-day-month, 360-day-year. The Notes will not be subject to prior redemption. The right is reserved  to reject any and  all bids and any bid not complying with the terms of the Notice of Sale  will be rejected.</p>
<p>The  Notes  are  general  obligations  of  the  County  of Westchester. There is  no limitation, either  as to rate  or amount, upon ad  valorem taxes on  taxable real property  in the County of Westchester which may  be required to pay  the Notes and  the  interest  thereon.  The  State  Constitution requires the County of Westchester  to pledge its faith  and credit for the payment of the principal of the Notes and the interest thereon.</p>
<p>The successful bidder(s) will  be furnished, without cost, with the  approving opinions  of the  law firms  of  Whitman Breed Abbott &amp;  Morgan and Plunkett  &amp; Jaffe, P.C.,  Co-Bond Counsel, to the effect that the Notes are valid and  legally binding general obligations of the County of Westchester for which the County  has validly pledged  its faith and  credit and,  unless  paid  from  other  sources,  all  the  taxable property within  the County  is subject  to the  levy of  ad valorem real estate taxes to pay the Notes and the  interest thereon without limitation of  rate or amount. Said  opinion shall also contain  a further statement  to the effect  that the enforceability  of rights  or remedies  with respect  to such Notes may be limited by bankruptcy, insolvency or other laws affecting creditors' rights  or remedies heretofore  or hereafter enacted.</p>
<p>A Preliminary Official Statement, Notice  of Sale, and Bid Form may be obtained from the Office of the Commissioner  of Finance of the County of Westchester, in  White Plains,  New York, at (914) 285-2756, from  the offices of Whitman  Breed Abbott &amp; Morgan, New York, New  York, at (212) 351-3236,  or the offices  of Plunkett  &amp;Jaffe,  P.C., White  Plains,  New York, at (914) 948-7722.</p>
<p>Dated:January 31, 1997</p>
<p>			   Commission of Finance</p>
<p>				 and Chief Fiscal Officer</p>
<p>			  (From The Bond Buyer)</p>
</text>
<copyright>(c) Reuters Limited 1997</copyright>
<metadata>
<codes class="bip:countries:1.0">
  <code code="USA">
    <editdetail attribution="Reuters BIP Coding Group" action="confirmed" date="1997-02-05"/>
  </code>
</codes>
<codes class="bip:topics:1.0">
  <code code="E21">
    <editdetail attribution="Reuters BIP Coding Group" action="confirmed" date="1997-02-05"/>
  </code>
  <code code="E212">
    <editdetail attribution="Reuters BIP Coding Group" action="confirmed" date="1997-02-05"/>
  </code>
  <code code="ECAT">
    <editdetail attribution="Reuters BIP Coding Group" action="confirmed" date="1997-02-05"/>
  </code>
</codes>
<dc element="dc.publisher" value="Reuters Holdings Plc"/>
<dc element="dc.date.published" value="1997-02-05"/>
<dc element="dc.source" value="Reuters"/>
<dc element="dc.creator.location.country.name" value="USA"/>
<dc element="dc.source" value="Reuters"/>
</metadata>
</newsitem>
