<?xml version="1.0" encoding="iso-8859-1" ?>
<newsitem itemid="122715" id="root" date="1996-10-17" xml:lang="en">
<title>USA: IPO PRICING-Metrogolf Inc. at $6.</title>
<headline>IPO PRICING-Metrogolf Inc. at $6.</headline>
<dateline>NEW YORK 1996-10-17</dateline>
<text>
<p>Company Name			Metrogolf Inc</p>
<p>   Priced At					  $6</p>
<p>   Estimated Pricing Range		   $6-$8</p>
<p>   Number of Shares			1,200,000</p>
<p>   Lead Underwriter	  Laidlaw Equities</p>
<p>Metrogolf Inc is based in Denver. Its business is urban golf.</p>
</text>
<copyright>(c) Reuters Limited 1996</copyright>
<metadata>
<codes class="bip:countries:1.0">
  <code code="USA">
    <editdetail attribution="Reuters BIP Coding Group" action="confirmed" date="1996-10-17"/>
  </code>
</codes>
<codes class="bip:industries:1.0">
  <code code="I97911">
    <editdetail attribution="Reuters BIP Coding Group" action="confirmed" date="1996-10-17"/>
  </code>
</codes>
<codes class="bip:topics:1.0">
  <code code="C17">
    <editdetail attribution="Reuters BIP Coding Group" action="confirmed" date="1996-10-17"/>
  </code>
  <code code="C171">
    <editdetail attribution="Reuters BIP Coding Group" action="confirmed" date="1996-10-17"/>
  </code>
  <code code="CCAT">
    <editdetail attribution="Reuters BIP Coding Group" action="confirmed" date="1996-10-17"/>
  </code>
</codes>
<dc element="dc.date.created" value="1996-10-17"/>
<dc element="dc.publisher" value="Reuters Holdings Plc"/>
<dc element="dc.date.published" value="1996-10-17"/>
<dc element="dc.source" value="Reuters"/>
<dc element="dc.creator.location" value="NEW YORK"/>
<dc element="dc.creator.location.country.name" value="USA"/>
<dc element="dc.source" value="Reuters"/>
</metadata>
</newsitem>
