<?xml version="1.0" encoding="iso-8859-1" ?>
<newsitem itemid="602018" id="root" date="1997-05-21" xml:lang="en">
<title>USA: Voters reject Georgetown Cty, S.C., school bonds.</title>
<headline>Voters reject Georgetown Cty, S.C., school bonds.</headline>
<dateline>MYRTLE BEACH, S.C. 1997-05-21</dateline>
<text>
<p>Voters in South Carolina's Georgetown County rejected a $107.5 million general obligation bond issue for schools by a 2-1 margin, elections officials said.</p>
<p>The measure failed with 4,303 no votes and 1,705 no votes in Tuesday's referendum.</p>
<p>The proposal would have financed construction of five new schools and renovations at existing schools, enabling the county to eliminate the use of portable classrooms.</p>
<p>A $108.8 million GO referndum for schools also failed, by a narrow margin. A second bond proposal last year was scrapped after the U.S. Justice Department said it would not adequately address desegregation issues.</p>
<p>With the failure of the latest bond proposal, the county school board must draft a new proposal to meet the Justice Department's requiremet that it better integrate its schools.</p>
<p>((--Jane Sutton, 305-374-5013))</p>
</text>
<copyright>(c) Reuters Limited 1997</copyright>
<metadata>
<codes class="bip:countries:1.0">
  <code code="USA">
    <editdetail attribution="Reuters BIP Coding Group" action="confirmed" date="1997-05-21"/>
  </code>
</codes>
<codes class="bip:topics:1.0">
  <code code="E21">
    <editdetail attribution="Reuters BIP Coding Group" action="confirmed" date="1997-05-21"/>
  </code>
  <code code="E212">
    <editdetail attribution="Reuters BIP Coding Group" action="confirmed" date="1997-05-21"/>
  </code>
  <code code="ECAT">
    <editdetail attribution="Reuters BIP Coding Group" action="confirmed" date="1997-05-21"/>
  </code>
  <code code="GCAT">
    <editdetail attribution="Reuters BIP Coding Group" action="confirmed" date="1997-05-21"/>
  </code>
  <code code="GPOL">
    <editdetail attribution="Reuters BIP Coding Group" action="confirmed" date="1997-05-21"/>
  </code>
  <code code="GVOTE">
    <editdetail attribution="Reuters BIP Coding Group" action="confirmed" date="1997-05-21"/>
  </code>
</codes>
<dc element="dc.date.created" value="1997-05-21"/>
<dc element="dc.publisher" value="Reuters Holdings Plc"/>
<dc element="dc.date.published" value="1997-05-21"/>
<dc element="dc.source" value="Reuters"/>
<dc element="dc.creator.location" value="MYRTLE BEACH, S.C."/>
<dc element="dc.creator.location.country.name" value="USA"/>
<dc element="dc.source" value="Reuters"/>
</metadata>
</newsitem>
