<?xml version="1.0" encoding="iso-8859-1" ?>
<newsitem itemid="445369" id="root" date="1997-03-16" xml:lang="en">
<title>USA: ALPINE SKIING-ALPHAND NEAR-CERTAIN WINNER OF WORLD CUP.</title>
<headline>ALPINE SKIING-ALPHAND NEAR-CERTAIN WINNER OF WORLD CUP.</headline>
<dateline>VAIL, Colorado 1997-03-16</dateline>
<text>
<p>Norway's Finn Christian Jagge was fastest in the first leg of the men's slalom on Sunday but his compatriot Kjetil Andre Aamodt lagged way behind to make France's Luc Alphand a virtual certainty for the overall Alpine skiing World Cup title.</p>
<p>Aamodt, needing to finish first or second in the climactic race of the World Cup season, stood 16th after the first leg, 1.71 seconds off the pace. Only an epidemic of crashes in the final run would give him a chance to overtake Alphand.</p>
<p>Jagge, skiing from the fourth start position, knifed through the 62-gate course on Vail Mountain in 50.35 seconds, 0.72 of a second ahead of slalom standings leader Thomas Sykora of Austria.</p>
<p>Victory by Jagge, who began the race ranked sixth in the slalom standings, could lift him to third place.</p>
<p>One-hundredth of a second slower than Sykora was his compatriot Thomas Stangassinger, who entered the race 76 points behind Sykora in the standings.</p>
<p>Italian star Alberto Tomba, who has struggled with injuries this season, was fifth fastest behind Tom Stiansen of Norway.</p>
<p>Frenchman Sebastien Amiez, third in the standings going into the race, missed a gate near the top and came back on to finish the course more than six seconds off the pace.</p>
<p>Tomba, 0.89 of a second slower than Jagge, would need to win the race to overtake Amiez in the season standings.</p>
</text>
<copyright>(c) Reuters Limited 1997</copyright>
<metadata>
<codes class="bip:countries:1.0">
  <code code="FIN">
    <editdetail attribution="Reuters BIP Coding Group" action="confirmed" date="1997-03-16"/>
  </code>
  <code code="FRA">
    <editdetail attribution="Reuters BIP Coding Group" action="confirmed" date="1997-03-16"/>
  </code>
  <code code="NORW">
    <editdetail attribution="Reuters BIP Coding Group" action="confirmed" date="1997-03-16"/>
  </code>
  <code code="USA">
    <editdetail attribution="Reuters BIP Coding Group" action="confirmed" date="1997-03-16"/>
  </code>
</codes>
<codes class="bip:topics:1.0">
  <code code="GCAT">
    <editdetail attribution="Reuters BIP Coding Group" action="confirmed" date="1997-03-16"/>
  </code>
  <code code="GSPO">
    <editdetail attribution="Reuters BIP Coding Group" action="confirmed" date="1997-03-16"/>
  </code>
</codes>
<dc element="dc.date.created" value="1997-03-16"/>
<dc element="dc.publisher" value="Reuters Holdings Plc"/>
<dc element="dc.date.published" value="1997-03-16"/>
<dc element="dc.source" value="Reuters"/>
<dc element="dc.creator.location" value="VAIL, Colorado"/>
<dc element="dc.creator.location.country.name" value="USA"/>
<dc element="dc.source" value="Reuters"/>
</metadata>
</newsitem>
