<?xml version="1.0" encoding="iso-8859-1" ?>
<newsitem itemid="509116" id="root" date="1997-04-15" xml:lang="en">
<title>ARGENTINA: Argentine cash soybeans slip after Chicago.</title>
<headline>Argentine cash soybeans slip after Chicago.</headline>
<dateline>BUENOS AIRES 1997-04-15</dateline>
<text>
<p>Argentine soybeans weakened in slow cash market trade in the wake of lower Chicago prices, traders said.</p>
<p>Prices paid to farmers for soybeans in Rosario lost $4 to $298. Maize was mixed in good volume trade, with good demand by exporters to fill ships in port. Buenos Aires spot maize was unchanged at $112. May sunflower seed firmed $2 in medium volume, helped by good crush margins, to $220. Wheat rose in tight trade, helped higher by bad U.S. crop weather. Bahia Blanca wheatr rose $3 to $150.</p>
<p>((-- Buenos Aires Newsroom +541 318-0655))</p>
</text>
<copyright>(c) Reuters Limited 1997</copyright>
<metadata>
<codes class="bip:countries:1.0">
  <code code="ARG">
    <editdetail attribution="Reuters BIP Coding Group" action="confirmed" date="1997-04-15"/>
  </code>
  <code code="USA">
    <editdetail attribution="Reuters BIP Coding Group" action="confirmed" date="1997-04-15"/>
  </code>
</codes>
<codes class="bip:topics:1.0">
  <code code="M14">
    <editdetail attribution="Reuters BIP Coding Group" action="confirmed" date="1997-04-15"/>
  </code>
  <code code="M141">
    <editdetail attribution="Reuters BIP Coding Group" action="confirmed" date="1997-04-15"/>
  </code>
  <code code="MCAT">
    <editdetail attribution="Reuters BIP Coding Group" action="confirmed" date="1997-04-15"/>
  </code>
</codes>
<dc element="dc.date.created" value="1997-04-15"/>
<dc element="dc.publisher" value="Reuters Holdings Plc"/>
<dc element="dc.date.published" value="1997-04-15"/>
<dc element="dc.source" value="Reuters"/>
<dc element="dc.creator.location" value="BUENOS AIRES"/>
<dc element="dc.creator.location.country.name" value="ARGENTINA"/>
<dc element="dc.source" value="Reuters"/>
</metadata>
</newsitem>
