<?xml version="1.0" encoding="iso-8859-1" ?>
<newsitem itemid="342453" id="root" date="1997-01-29" xml:lang="en">
<title>THAILAND: Thailand says backs new new IMF emergency fund.</title>
<headline>Thailand says backs new new IMF emergency fund.</headline>
<dateline>BANGKOK 1997-01-29</dateline>
<text>
<p>Thailand said on Wednesday it would support a $48 billion line of credit to be used by the International Monetary Fund in situations that threatened stability of the world monetary system.</p>
<p>Finance Minister Amnuay told reporters Thailand was prepared to contribute up to about $490 million to the New Arrangements to Borrow (NAB), through which about 25 countries would contribute loans to the IMF when emergency resources were needed.</p>
</text>
<copyright>(c) Reuters Limited 1997</copyright>
<metadata>
<codes class="bip:countries:1.0">
  <code code="THAIL">
    <editdetail attribution="Reuters BIP Coding Group" action="confirmed" date="1997-01-29"/>
  </code>
</codes>
<codes class="bip:topics:1.0">
  <code code="E12">
    <editdetail attribution="Reuters BIP Coding Group" action="confirmed" date="1997-01-29"/>
  </code>
  <code code="ECAT">
    <editdetail attribution="Reuters BIP Coding Group" action="confirmed" date="1997-01-29"/>
  </code>
</codes>
<dc element="dc.date.created" value="1997-01-29"/>
<dc element="dc.publisher" value="Reuters Holdings Plc"/>
<dc element="dc.date.published" value="1997-01-29"/>
<dc element="dc.source" value="Reuters"/>
<dc element="dc.creator.location" value="BANGKOK"/>
<dc element="dc.creator.location.country.name" value="THAILAND"/>
<dc element="dc.source" value="Reuters"/>
</metadata>
</newsitem>
