<?xml version="1.0" encoding="iso-8859-1" ?>
<newsitem itemid="231108" id="root" date="1996-12-03" xml:lang="en">
<title>MALAYSIA: Pelangi Bhd 6-mth net up 14.2 pct.</title>
<headline>Pelangi Bhd 6-mth net up 14.2 pct.</headline>
<dateline>KUALA LUMPUR 1996-12-02</dateline>
<text>
<p>Six months to Sept 30, 1996</p>
<p>			  (in million ringgit unless stated)</p>
<p>    Net profit	   29.95	  vs	   26.21</p>
<p>    Group shr (cents)   9.3	   vs	    8.1</p>
<p>    Turnover	     96.16	  vs	  100.91</p>
<p>    Pre-tax profit     36.34	  vs	   37.64</p>
<p>    Minorities (less)   0.92	  vs   (less) 1.00</p>
<p>NOTE: Full name of the company is Pelangi Bhd. The company is involved in property development and the operation of car parks.</p>
<p>-- Kuala Lumpur newsroom (603-230 8911)</p>
</text>
<copyright>(c) Reuters Limited 1996</copyright>
<metadata>
<codes class="bip:countries:1.0">
  <code code="MALAY">
    <editdetail attribution="Reuters BIP Coding Group" action="confirmed" date="1996-12-03"/>
  </code>
</codes>
<codes class="bip:industries:1.0">
  <code code="I85000">
    <editdetail attribution="Reuters BIP Coding Group" action="confirmed" date="1996-12-03"/>
  </code>
</codes>
<codes class="bip:topics:1.0">
  <code code="C15">
    <editdetail attribution="Reuters BIP Coding Group" action="confirmed" date="1996-12-03"/>
  </code>
  <code code="C151">
    <editdetail attribution="Reuters BIP Coding Group" action="confirmed" date="1996-12-03"/>
  </code>
  <code code="CCAT">
    <editdetail attribution="Reuters BIP Coding Group" action="confirmed" date="1996-12-03"/>
  </code>
</codes>
<dc element="dc.date.created" value="1996-12-02"/>
<dc element="dc.publisher" value="Reuters Holdings Plc"/>
<dc element="dc.date.published" value="1996-12-03"/>
<dc element="dc.source" value="Reuters"/>
<dc element="dc.creator.location" value="KUALA LUMPUR"/>
<dc element="dc.creator.location.country.name" value="MALAYSIA"/>
<dc element="dc.source" value="Reuters"/>
</metadata>
</newsitem>
