<?xml version="1.0" encoding="iso-8859-1" ?>
<newsitem itemid="104268" id="root" date="1996-10-09" xml:lang="en">
<title>UK: RUGBY UNION-ENGLISH CLUBS POSTPONE BREAKAWAY.</title>
<headline>RUGBY UNION-ENGLISH CLUBS POSTPONE BREAKAWAY.</headline>
<dateline>LONDON 1996-10-09</dateline>
<text>
<p>England's leading clubs have postponed Friday's scheduled breakaway from the Rugby Football Union (RFU), improving the chances of a settlement to the long-running dispute between the two sides.</p>
<p>A meeting between the RFU and the English Professional Rugby Union Clubs (EPRUC) is scheduled for the same day in a final attempt to solve the power struggle which has threatened to strip the national team of its top players.</p>
</text>
<copyright>(c) Reuters Limited 1996</copyright>
<metadata>
<codes class="bip:countries:1.0">
  <code code="UK">
    <editdetail attribution="Reuters BIP Coding Group" action="confirmed" date="1996-10-09"/>
  </code>
</codes>
<codes class="bip:topics:1.0">
  <code code="GCAT">
    <editdetail attribution="Reuters BIP Coding Group" action="confirmed" date="1996-10-09"/>
  </code>
  <code code="GSPO">
    <editdetail attribution="Reuters BIP Coding Group" action="confirmed" date="1996-10-09"/>
  </code>
</codes>
<dc element="dc.date.created" value="1996-10-09"/>
<dc element="dc.publisher" value="Reuters Holdings Plc"/>
<dc element="dc.date.published" value="1996-10-09"/>
<dc element="dc.source" value="Reuters"/>
<dc element="dc.creator.location" value="LONDON"/>
<dc element="dc.creator.location.country.name" value="UK"/>
<dc element="dc.source" value="Reuters"/>
</metadata>
</newsitem>
