<?xml version="1.0" encoding="iso-8859-1" ?>
<newsitem itemid="526403" id="root" date="1997-04-21" xml:lang="en">
<title>JAPAN: Russia cen bank, Japan to discuss gold-backed bonds.</title>
<headline>Russia cen bank, Japan to discuss gold-backed bonds.</headline>
<dateline>TOKYO 1997-04-21</dateline>
<text>
<p>Russian central bank officials are to meet with several Japanese trading houses in Tokyo this week to discuss the possible use of gold to back bonds issued by the Russian government, a source in Japan said on Monday.  </p>
<p>No further details were immediately available.</p>
<p>Traders have speculated that possible precious metal swaps or deliveries as collateral to foreign banks could be part of a major overhaul of the way Russia's often archaic and always secretive precious metals market is run.</p>
<p>The government still has a tight grip over production and exports of gold, platinum, palladium and diamonds.</p>
<p>But on Friday, Russian First Deputy Prime Minister Anatoly Chubais said the country needs radical changes to its gold market and that concrete proposals for liberalising it would be made within the next 10 days.</p>
<p>-- Tokyo Commodities Desk +81-3-3432-7391</p>
</text>
<copyright>(c) Reuters Limited 1997</copyright>
<metadata>
<codes class="bip:countries:1.0">
  <code code="JAP">
    <editdetail attribution="Reuters BIP Coding Group" action="confirmed" date="1997-04-21"/>
  </code>
  <code code="RUSS">
    <editdetail attribution="Reuters BIP Coding Group" action="confirmed" date="1997-04-21"/>
  </code>
</codes>
<codes class="bip:topics:1.0">
  <code code="E21">
    <editdetail attribution="Reuters BIP Coding Group" action="confirmed" date="1997-04-21"/>
  </code>
  <code code="E212">
    <editdetail attribution="Reuters BIP Coding Group" action="confirmed" date="1997-04-21"/>
  </code>
  <code code="ECAT">
    <editdetail attribution="Reuters BIP Coding Group" action="confirmed" date="1997-04-21"/>
  </code>
  <code code="M14">
    <editdetail attribution="Reuters BIP Coding Group" action="confirmed" date="1997-04-21"/>
  </code>
  <code code="M142">
    <editdetail attribution="Reuters BIP Coding Group" action="confirmed" date="1997-04-21"/>
  </code>
  <code code="MCAT">
    <editdetail attribution="Reuters BIP Coding Group" action="confirmed" date="1997-04-21"/>
  </code>
</codes>
<dc element="dc.date.created" value="1997-04-21"/>
<dc element="dc.publisher" value="Reuters Holdings Plc"/>
<dc element="dc.date.published" value="1997-04-21"/>
<dc element="dc.source" value="Reuters"/>
<dc element="dc.creator.location" value="TOKYO"/>
<dc element="dc.creator.location.country.name" value="JAPAN"/>
<dc element="dc.source" value="Reuters"/>
</metadata>
</newsitem>
