<?xml version="1.0" encoding="iso-8859-1" ?>
<newsitem itemid="20171" id="root" date="1996-08-28" xml:lang="en">
<title>SPAIN: Santander plans more moves in East Europe.</title>
<headline>Santander plans more moves in East Europe.</headline>
<dateline>MADRID 1996-08-28</dateline>
<text>
<p>Spain's Banco de Santander is looking for more business opportunities in Eastern Europe having bought a stake in a private Hungarian bank, a spokesman for the bank said on Wednesday.</p>
<p>Santander is also studying expansion possibilities for its German unit CC-Bank Moenchengladbach in East Germany, as well as in the Czech Republic and Poland, he added.</p>
<p>A month ago Santander bought almost five percent of Hungarian bank Inter-Europa Bank for which it has an option to increase the stake to 9.9 percent before year-end.</p>
<p>&quot;It was a relatively small operation. But we consider it a starting point for opportunities in Eastern Europe,&quot; the spokesman said.</p>
<p>Inter-Europa Bank is a high street bank, also licensed for corporate and private clients.</p>
<p>In April Santander increased its stake in CC-Bank to 100 percent from 50 percent, paying 25 billion pesetas.</p>
<p>-- Madrid newsroom +341 585 2160</p>
</text>
<copyright>(c) Reuters Limited 1996</copyright>
<metadata>
<codes class="bip:countries:1.0">
  <code code="CZREP">
    <editdetail attribution="Reuters BIP Coding Group" action="confirmed" date="1996-08-28"/>
  </code>
  <code code="EEUR">
    <editdetail attribution="Reuters BIP Coding Group" action="confirmed" date="1996-08-28"/>
  </code>
  <code code="GFR">
    <editdetail attribution="Reuters BIP Coding Group" action="confirmed" date="1996-08-28"/>
  </code>
  <code code="HUNG">
    <editdetail attribution="Reuters BIP Coding Group" action="confirmed" date="1996-08-28"/>
  </code>
  <code code="POL">
    <editdetail attribution="Reuters BIP Coding Group" action="confirmed" date="1996-08-28"/>
  </code>
  <code code="SPAIN">
    <editdetail attribution="Reuters BIP Coding Group" action="confirmed" date="1996-08-28"/>
  </code>
</codes>
<codes class="bip:industries:1.0">
  <code code="I81402">
    <editdetail attribution="Reuters BIP Coding Group" action="confirmed" date="1996-08-28"/>
  </code>
</codes>
<codes class="bip:topics:1.0">
  <code code="C11">
    <editdetail attribution="Reuters BIP Coding Group" action="confirmed" date="1996-08-28"/>
  </code>
  <code code="CCAT">
    <editdetail attribution="Reuters BIP Coding Group" action="confirmed" date="1996-08-28"/>
  </code>
</codes>
<dc element="dc.date.created" value="1996-08-28"/>
<dc element="dc.publisher" value="Reuters Holdings Plc"/>
<dc element="dc.date.published" value="1996-08-28"/>
<dc element="dc.source" value="Reuters"/>
<dc element="dc.creator.location" value="MADRID"/>
<dc element="dc.creator.location.country.name" value="SPAIN"/>
<dc element="dc.source" value="Reuters"/>
</metadata>
</newsitem>
