<?xml version="1.0" encoding="iso-8859-1" ?>
<newsitem itemid="802973" id="root" date="1997-08-15" xml:lang="en">
<title>USA: TABLE - ACTV Inc Q2 shr loss widens.</title>
<headline>TABLE - ACTV Inc Q2 shr loss widens.</headline>
<dateline>NEW YORK 1997-08-14</dateline>
<text>
<p>Three months ended June 30,</p>
<p>						1997		    1996</p>
<p> Revenues				 434,911		 422,922</p>
<p> Net Income (loss)		(1,842,723)	   (1,492,136)</p>
<p> Net Income (loss) per share	 (0.15)		  (0.13)</p>
<p>Weighted average number of</p>
<p>  common shares outstanding    12,003,573	    11,891,160</p>
<p>					    Six months ended June 30,</p>
<p>						1997		    1996</p>
<p> Revenues			    $1,342,855		$773,596</p>
<p> Net Income (loss)		(3,489,025)	   (4,053,019)</p>
<p> Net Income (loss) per share	 (0.29)		  (0.35)</p>
<p>Weighted average number of</p>
<p>  common shares outstanding    11,916,823	    11,684,987</p>
<p>((-- New York Newsdesk 212-859-1610))</p>
</text>
<copyright>(c) Reuters Limited 1997</copyright>
<metadata>
<codes class="bip:countries:1.0">
  <code code="USA">
    <editdetail attribution="Reuters BIP Coding Group" action="confirmed" date="1997-08-15"/>
  </code>
</codes>
<codes class="bip:industries:1.0">
  <code code="I97400">
    <editdetail attribution="Reuters BIP Coding Group" action="confirmed" date="1997-08-15"/>
  </code>
</codes>
<codes class="bip:topics:1.0">
  <code code="C15">
    <editdetail attribution="Reuters BIP Coding Group" action="confirmed" date="1997-08-15"/>
  </code>
  <code code="C151">
    <editdetail attribution="Reuters BIP Coding Group" action="confirmed" date="1997-08-15"/>
  </code>
  <code code="CCAT">
    <editdetail attribution="Reuters BIP Coding Group" action="confirmed" date="1997-08-15"/>
  </code>
</codes>
<dc element="dc.date.created" value="1997-08-14"/>
<dc element="dc.publisher" value="Reuters Holdings Plc"/>
<dc element="dc.date.published" value="1997-08-15"/>
<dc element="dc.source" value="Reuters"/>
<dc element="dc.creator.location" value="NEW YORK"/>
<dc element="dc.creator.location.country.name" value="USA"/>
<dc element="dc.source" value="Reuters"/>
</metadata>
</newsitem>
