<?xml version="1.0" encoding="iso-8859-1" ?>
<newsitem itemid="298239" id="root" date="1997-01-09" xml:lang="en">
<title>FRANCE: PRESS DIGEST - FRANCE - Jan 9.</title>
<headline>PRESS DIGEST - FRANCE - Jan 9.</headline>
<text>
<p>PARIS, Jan 9 (Reuter) These are the leading stories in this morning's Paris newspapers.</p>
<p>-- State to take over some 134.2 billion francs, up nine billion francs from plans unveiled last June, of infrastructure-related debt from state-owned railroad operator SNCF, to help it return to financial balance. (Les Echos, La Tribune, Le Figaro, Liberation).</p>
<p>-- Economists reach consensus for 1997 GDP growth around 2 percent, a prerequisite for France to tackle public deficits and meet Maastricht treaty criteria and timetable. (Le Figaro).</p>
<p>LES ECHOS</p>
<p>-- National statistics office survey finds company cash flow in good shape thanks to lower interest rates and improving sales volume in most industries, but automobile sector remains fragile and investment prospects are scarce.</p>
<p>-- Prime Minister Alain Juppe vows to seek better communication between government and the French people.</p>
<p>LA TRIBUNE</p>
<p>-- Southern European countries angered by Dutch finance minister's talk of a reduced European monetary union for 1999, which may exclude Italy, Spain and Portugal.</p>
<p>-- Labour unions oppose labour flexibility called for by some to help reduce unemployment, criticise planned introduction of pension funds in France.</p>
<p>-- Planned branch office restructuring at the Bank of France may jeopardise up to 1,000 jobs.</p>
<p>LE FIGARO-ECONOMIE</p>
<p>-- Banks asked to audit value of Aerospatiale prior to merger with Dassault have diverging points of view -- Paribas estimates Aerospatiale to be worth some 4.5 billion francs, Lazard sees it as worth 25 to 28 billion. Privatisation commission to take final estimate.</p>
<p>-- Structure selling off Credit Lyonnais assets considers selling its share in Rhone-Poulenc, in which it holds a five percent stake.</p>
<p>THE INTERNATIONAL HERALD TRIBUNE</p>
<p>-- France will privatise aerospace company after merger of Aerospatiale and Dassault planned for spring of 1997</p>
<p>-- Lazard chief Michel David-Weill says he has no immediate plans to step down, and has not yet appointed a successor.</p>
<p>-- Paris Newsroom +33 1 4221 5381</p>
</text>
<copyright>(c) Reuters Limited 1997</copyright>
<metadata>
<codes class="bip:countries:1.0">
  <code code="FRA">
    <editdetail attribution="Reuters BIP Coding Group" action="confirmed" date="1997-01-09"/>
  </code>
</codes>
<codes class="bip:topics:1.0">
  <code code="GCAT">
    <editdetail attribution="Reuters BIP Coding Group" action="confirmed" date="1997-01-09"/>
  </code>
</codes>
<dc element="dc.publisher" value="Reuters Holdings Plc"/>
<dc element="dc.date.published" value="1997-01-09"/>
<dc element="dc.source" value="Reuters"/>
<dc element="dc.creator.location.country.name" value="FRANCE"/>
<dc element="dc.source" value="Reuters"/>
</metadata>
</newsitem>
