<?xml version="1.0" encoding="iso-8859-1" ?>
<newsitem itemid="105674" id="root" date="1996-10-09" xml:lang="en">
<title>INDIA: * India overseas country funds rates - Oct 9.</title>
<headline>* India overseas country funds rates - Oct 9.</headline>
<text>
<p>------------------INDIA COUNTRY FUNDS------------------</p>
<p>NAME			    SIZE  ISSUE  NAV    NAV   INDICATIVE</p>
<p>(ISSUER/LAUNCH)  LISTING ($million) PRICE  DATE   ($)   MKTPRICE($)</p>
<p>					   ($)</p>
<p>INDIA FUND A	    O  GBP75  P1.05  30/09 P2.66   P2.61/2.69</p>
<p>(UTI/Jul'86)</p>
<p>INDIA FUND B	    O  GBP41  P1.06  30/09 P0.93   P0.96/1.01</p>
<p>(UTI/Oct'86)</p>
<p>INDIA GROWTH FUND     C     65  12.00  02/10 11.08  10.75/11.25</p>
<p>(UTI/Aug'88)</p>
<p>INDIA MAGNUM FD A     C    205  20.00  27/09 41.85  38.50/42.50</p>
<p>(SBI/Oct'89)</p>
<p>INDIA MAGNUM FD B     C    205  20.00  27/09 41.85  38.50/42.50</p>
<p>HIMALAYAN FUND	  C    105  11.00  02/10 12.83  11.25/12.00</p>
<p>JF INDIA TRUST FUND   O    310  N.A    08/10  N/A   19.05/20.17</p>
<p>(J.Fleming/May'93)</p>
<p>BOMBAY FUND	     O     30  11.39  01/10  8.66   8.50/9.00</p>
<p>(BZW/Aug'93)</p>
<p>INDIA OPPORTUNITIES   O    100  10.35  02/10  8.47   8.45/8.95</p>
<p>(Martin Currie/Jul'93)</p>
<p>INDIA INVESTMENT CO   O    160  10.00  08/10  5.42	174.80</p>
<p>(F &amp; Colonial/Oct'93)</p>
<p>INDIA FUND, INC.	C    510  15.00  04/10  7.57   6.63/7.13</p>
<p>Oppenheimer/Feb'94)</p>
<p>MORGAN STANLEY FUND   C    500  15.00  08/10  N/A	   8.25</p>
<p>(Morgan/Feb'94)</p>
<p>MADRAS(I) EQUITY FD A O 11.750  20.00  07/10  17.89 17.89/18.83</p>
<p>(G.Flight/Nov'95)</p>
<p>MADRAS(I) EQUITY FD B O  2.080  20.00  07/10  17.98 17.98/18.93</p>
<p>(G.Flight/Nov'95)</p>
<p>JARDINE FLEMING FD    C    150  15.00  03/10   7.48  6.88/7.38</p>
<p>(J.Fleming/Feb'94)</p>
<p>FLEMING INDIA TRUST   C  GBP84  100p   08/10  N/A	  44.50</p>
<p>(Fleming/Apr'94)</p>
<p>TAJ PERFORMANCE FD    O     30  15.00  03/10   7.37  6.00/6.50</p>
<p>(Raymond James/Apr'94)</p>
<p>C - Close-ended, O - Open-ended, N.A - not available</p>
<p>GBP or P- Pound sterling, p-pence</p>
<p>Note: India country fund prices are compiled from the rates quoted by Jardine Fleming Securities, Merrill Lynch, Robert Fleming, Barclays De Zoete Wedd, Barings, Bear Stearns, Credit Lyonnais and WI Carr in London. They are indicative and for reference only. For further information please telephone Shyam Kumar in Bombay on 022-265 9000.</p>
</text>
<copyright>(c) Reuters Limited 1996</copyright>
<metadata>
<codes class="bip:countries:1.0">
  <code code="INDIA">
    <editdetail attribution="Reuters BIP Coding Group" action="confirmed" date="1996-10-09"/>
  </code>
</codes>
<codes class="bip:industries:1.0">
  <code code="I81502">
    <editdetail attribution="Reuters BIP Coding Group" action="confirmed" date="1996-10-09"/>
  </code>
  <code code="I8150211">
    <editdetail attribution="Reuters BIP Coding Group" action="confirmed" date="1996-10-09"/>
  </code>
</codes>
<codes class="bip:topics:1.0">
  <code code="C15">
    <editdetail attribution="Reuters BIP Coding Group" action="confirmed" date="1996-10-09"/>
  </code>
  <code code="C151">
    <editdetail attribution="Reuters BIP Coding Group" action="confirmed" date="1996-10-09"/>
  </code>
  <code code="CCAT">
    <editdetail attribution="Reuters BIP Coding Group" action="confirmed" date="1996-10-09"/>
  </code>
</codes>
<dc element="dc.publisher" value="Reuters Holdings Plc"/>
<dc element="dc.date.published" value="1996-10-09"/>
<dc element="dc.source" value="Reuters"/>
<dc element="dc.creator.location.country.name" value="INDIA"/>
<dc element="dc.source" value="Reuters"/>
</metadata>
</newsitem>
