<?xml version="1.0" encoding="iso-8859-1" ?>
<newsitem itemid="6004" id="root" date="1996-08-21" xml:lang="en">
<title>HUNGARY: Warsaw airport cargo exports Jan-May up 14.2 pct.</title>
<headline>Warsaw airport cargo exports Jan-May up 14.2 pct.</headline>
<dateline>BUDAPEST 1996-08-21</dateline>
<text>
<p>Cargo exports at Okecie International Airport in Warsaw increased in the January-to-May period by 14.2 percent in 1996 from 1995, according to data provided to Reuters.</p>
<p>Data were supplied by the airport's cargo handling agent, LOT Ground Services Sp z oo, owned 51 percent by Polish state-owned airline Polskie Linie Lotnicze LOT SA and 49 percent by the  Polish Airports State Enterprise (PPL).</p>
<p> CARGO EXPORTS (in tonnes)		1996     1995  PCT CHANGE</p>
<p>--------------------------------------------------------------</p>
<p> YEAR TO DATE			    5,125.5  4,489.0	 +14.2</p>
<p> --chartered flights		     146.7     43.2	+239.6</p>
<p> --scheduled flights domestic	1,276.7  1,118.0	 +14.2</p>
<p> --scheduled flights international 3,091.9  2,885.5	  +7.2</p>
<p> --trucks				    610.2    442.3	 +38.0</p>
<p> MAY					 1,048.6    910.2	 +15.2</p>
<p> --chartered flights			 6.2	0.0	     -</p>
<p> --scheduled flights domestic	  261.8    239.3	  +9.4</p>
<p> --scheduled flights international   654.3    591.1	 +10.7</p>
<p> --trucks				    126.3     79.8	 +58.3</p>
<p> APRIL				     1,081.4    871.9	 +24.0</p>
<p> --chartered flights			23.3	0.1   +23,200.0</p>
<p> --scheduled flights domestic	  263.0    205.1	 +28.2</p>
<p> --scheduled flights international   653.0    571.4	 +14.3</p>
<p> --trucks				    142.1     95.3	 +49.1</p>
<p> MARCH				     1,124.3    969.8	 +15.9</p>
<p> --chartered flights			56.1	0.0	     -</p>
<p> --scheduled flights domestic	  262.1    232.6	 +12.7</p>
<p> --scheduled flights international   672.5    635.1	  +5.9</p>
<p> --trucks				    133.6    102.1	 +30.9</p>
<p> FEBRUARY				    943.3    879.2	  +7.3</p>
<p> --chartered flights			 1.0     43.1	 -97.7</p>
<p> --scheduled flights domestic	  246.9    209.2	 +18.0</p>
<p> --scheduled flights international   590.7    545.4	  +8.3</p>
<p> --trucks				    104.7     81.5	 +28.5</p>
<p> JANUARY				     927.9    857.9	  +8.2</p>
<p> --chartered flights			60.1	0.0	     -</p>
<p> --scheduled flights domestic	  242.9    231.8	  +4.8</p>
<p> --scheduled flights international   521.4    542.5	  -3.9</p>
<p> --trucks				    103.5     83.6	 +23.8</p>
<p>--------------------------------------------------------------</p>
<p>Chartered flights include supplemental scheduled flights.</p>
<p>-- Ryan Tutak, Budapest newsroom (36 1) 266 2410</p>
</text>
<copyright>(c) Reuters Limited 1996</copyright>
<metadata>
<codes class="bip:countries:1.0">
  <code code="HUNG">
    <editdetail attribution="Reuters BIP Coding Group" action="confirmed" date="1996-08-21"/>
  </code>
  <code code="POL">
    <editdetail attribution="Reuters BIP Coding Group" action="confirmed" date="1996-08-21"/>
  </code>
</codes>
<codes class="bip:industries:1.0">
  <code code="I75000">
    <editdetail attribution="Reuters BIP Coding Group" action="confirmed" date="1996-08-21"/>
  </code>
  <code code="I76400">
    <editdetail attribution="Reuters BIP Coding Group" action="confirmed" date="1996-08-21"/>
  </code>
  <code code="I77002">
    <editdetail attribution="Reuters BIP Coding Group" action="confirmed" date="1996-08-21"/>
  </code>
</codes>
<codes class="bip:topics:1.0">
  <code code="C31">
    <editdetail attribution="Reuters BIP Coding Group" action="confirmed" date="1996-08-21"/>
  </code>
  <code code="C312">
    <editdetail attribution="Reuters BIP Coding Group" action="confirmed" date="1996-08-21"/>
  </code>
  <code code="CCAT">
    <editdetail attribution="Reuters BIP Coding Group" action="confirmed" date="1996-08-21"/>
  </code>
</codes>
<dc element="dc.date.created" value="1996-08-21"/>
<dc element="dc.publisher" value="Reuters Holdings Plc"/>
<dc element="dc.date.published" value="1996-08-21"/>
<dc element="dc.source" value="Reuters"/>
<dc element="dc.creator.location" value="BUDAPEST"/>
<dc element="dc.creator.location.country.name" value="HUNGARY"/>
<dc element="dc.source" value="Reuters"/>
</metadata>
</newsitem>
