<?xml version="1.0" encoding="iso-8859-1" ?>
<newsitem itemid="405447" id="root" date="1997-02-26" xml:lang="en">
<title>INDONESIA: Croatian PM's Indonesia visit to focus on trade.</title>
<headline>Croatian PM's Indonesia visit to focus on trade.</headline>
<dateline>JAKARTA 1997-02-26</dateline>
<text>
<p>Croatian Prime Minister Zlatko Matesa arrived in Jakarta on Wednesday for a five-day official visit to discuss economic and trade ties with Indonesian President Suharto, a government minister said.</p>
<p>&quot;The Prime Minister's visit will focus on the economic and trade relationship with Indonesia,&quot; State Secretary Murdiono told reporters.</p>
<p>&quot;The potential to expand economic and trade relations between the two countries is big, the question is how to utilise that,&quot; he said.</p>
<p>Matesa is scheduled to hold official talks with Suharto on Thursday before visiting the factory of state-owned aicraft maker PT Industri Pesawat Terbang Nusantara (IPTN) and the resort island of Bali on Friday.</p>
<p>He is scheduled to fly to Kuala Lumpur on Sunday from Bali.</p>
<p>Indonesia opened diplomatic relations with Croatia in 1992.</p>
</text>
<copyright>(c) Reuters Limited 1997</copyright>
<metadata>
<codes class="bip:countries:1.0">
  <code code="CRTIA">
    <editdetail attribution="Reuters BIP Coding Group" action="confirmed" date="1997-02-26"/>
  </code>
  <code code="INDON">
    <editdetail attribution="Reuters BIP Coding Group" action="confirmed" date="1997-02-26"/>
  </code>
</codes>
<codes class="bip:topics:1.0">
  <code code="E51">
    <editdetail attribution="Reuters BIP Coding Group" action="confirmed" date="1997-02-26"/>
  </code>
  <code code="E512">
    <editdetail attribution="Reuters BIP Coding Group" action="confirmed" date="1997-02-26"/>
  </code>
  <code code="ECAT">
    <editdetail attribution="Reuters BIP Coding Group" action="confirmed" date="1997-02-26"/>
  </code>
  <code code="GCAT">
    <editdetail attribution="Reuters BIP Coding Group" action="confirmed" date="1997-02-26"/>
  </code>
  <code code="GDIP">
    <editdetail attribution="Reuters BIP Coding Group" action="confirmed" date="1997-02-26"/>
  </code>
</codes>
<dc element="dc.date.created" value="1997-02-26"/>
<dc element="dc.publisher" value="Reuters Holdings Plc"/>
<dc element="dc.date.published" value="1997-02-26"/>
<dc element="dc.source" value="Reuters"/>
<dc element="dc.creator.location" value="JAKARTA"/>
<dc element="dc.creator.location.country.name" value="INDONESIA"/>
<dc element="dc.source" value="Reuters"/>
</metadata>
</newsitem>
