<?xml version="1.0" encoding="iso-8859-1" ?>
<newsitem itemid="363717" id="root" date="1997-02-07" xml:lang="en">
<title>INDIA: Hoechst seeks to exploit India auto boom.</title>
<headline>Hoechst seeks to exploit India auto boom.</headline>
<dateline>BOMBAY 1997-02-07</dateline>
<text>
<p>German chemicals group Hoechst AG is looking at ways to profit from the emerging automobile boom in India, senior officials said on Friday.</p>
<p>&quot;We have several things in the mind,&quot; Utz-Helmuth Felcht, member of the board, told reporters.</p>
<p>Bernhard Hofmann, managing director of Hoechst South Asia Investment Ltd, a wholly-owned subsidiary, said group firm Herberts GmbH was close to signining a joint venture with Indian paint maker Jenson &amp; Nicholson to manufacture automotive repair paints.</p>
<p>Hofmann said Trevira India Ltd, a 50-50 joint venture with India's Reliance Industries Ltd to manufacture polyester tyrecord, was expected to begin production at Hazira on the western coast in the next 18 months.</p>
<p>&quot;We have environment-friendly water-based paint technology which is widely used in car manufacture,&quot; Felcht said.</p>
<p>&quot;We want to convince new car manufacturing units to be built in India to invest in water-based coating lines,&quot; he said.</p>
<p>Ford Motor Co, Hyundai Motor Co, Toyota Motor, Honda Motor Co Ltd, and Volkswagen are some global majors planning to make cars in India.</p>
<p>Hofmann said his group was also seeking to increase its presence in plastics as many plastic automobile components are still imported. The group may establish a compounding facility to supply Indian plastic processors in the near future, he added.</p>
<p>-- Bombay newsroom +91-22-265 9000</p>
</text>
<copyright>(c) Reuters Limited 1997</copyright>
<metadata>
<codes class="bip:countries:1.0">
  <code code="INDIA">
    <editdetail attribution="Reuters BIP Coding Group" action="confirmed" date="1997-02-07"/>
  </code>
</codes>
<codes class="bip:industries:1.0">
  <code code="I25000">
    <editdetail attribution="Reuters BIP Coding Group" action="confirmed" date="1997-02-07"/>
  </code>
  <code code="I25120">
    <editdetail attribution="Reuters BIP Coding Group" action="confirmed" date="1997-02-07"/>
  </code>
  <code code="I25510">
    <editdetail attribution="Reuters BIP Coding Group" action="confirmed" date="1997-02-07"/>
  </code>
  <code code="I35300">
    <editdetail attribution="Reuters BIP Coding Group" action="confirmed" date="1997-02-07"/>
  </code>
</codes>
<codes class="bip:topics:1.0">
  <code code="C11">
    <editdetail attribution="Reuters BIP Coding Group" action="confirmed" date="1997-02-07"/>
  </code>
  <code code="C24">
    <editdetail attribution="Reuters BIP Coding Group" action="confirmed" date="1997-02-07"/>
  </code>
  <code code="CCAT">
    <editdetail attribution="Reuters BIP Coding Group" action="confirmed" date="1997-02-07"/>
  </code>
</codes>
<dc element="dc.date.created" value="1997-02-07"/>
<dc element="dc.publisher" value="Reuters Holdings Plc"/>
<dc element="dc.date.published" value="1997-02-07"/>
<dc element="dc.source" value="Reuters"/>
<dc element="dc.creator.location" value="BOMBAY"/>
<dc element="dc.creator.location.country.name" value="INDIA"/>
<dc element="dc.source" value="Reuters"/>
</metadata>
</newsitem>
