<?xml version="1.0" encoding="iso-8859-1" ?>
<newsitem itemid="197998" id="root" date="1996-11-18" xml:lang="en">
<title>UK: Thorn shares slip on cautious outlook.</title>
<headline>Thorn shares slip on cautious outlook.</headline>
<dateline>LONDON 1996-11-18</dateline>
<text>
<p>Shares in newly demerged electrical rentals group Thorn Plc fell on Monday after the company's first half profits beat expectations but the company said difficult trading conditions would impact next year.</p>
<p>The shares fell 16p to 331-1/2p by 0920 GMT, despite pre-exceptional interim operating profits of 87 million stg, which beat a consensus forecast of 79 million stg.</p>
<p>Chief executive Mike Metcalf said Thorn was optimistic that profits would continue to improve despite competitive trading conditions in the U.S. and the delay in achieving cost efficiencies in the UK.  </p>
<p>&quot;However, these factors will have some impact on the outlook for the next financial year,&quot; he said.  </p>
<p>--London Newsroom +44 171 542 4027</p>
</text>
<copyright>(c) Reuters Limited 1996</copyright>
<metadata>
<codes class="bip:countries:1.0">
  <code code="UK">
    <editdetail attribution="Reuters BIP Coding Group" action="confirmed" date="1996-11-18"/>
  </code>
</codes>
<codes class="bip:industries:1.0">
  <code code="I34540">
    <editdetail attribution="Reuters BIP Coding Group" action="confirmed" date="1996-11-18"/>
  </code>
</codes>
<codes class="bip:topics:1.0">
  <code code="C15">
    <editdetail attribution="Reuters BIP Coding Group" action="confirmed" date="1996-11-18"/>
  </code>
  <code code="C152">
    <editdetail attribution="Reuters BIP Coding Group" action="confirmed" date="1996-11-18"/>
  </code>
  <code code="CCAT">
    <editdetail attribution="Reuters BIP Coding Group" action="confirmed" date="1996-11-18"/>
  </code>
</codes>
<dc element="dc.date.created" value="1996-11-18"/>
<dc element="dc.publisher" value="Reuters Holdings Plc"/>
<dc element="dc.date.published" value="1996-11-18"/>
<dc element="dc.source" value="Reuters"/>
<dc element="dc.creator.location" value="LONDON"/>
<dc element="dc.creator.location.country.name" value="UK"/>
<dc element="dc.source" value="Reuters"/>
</metadata>
</newsitem>
