<?xml version="1.0" encoding="iso-8859-1" ?>
<newsitem itemid="792638" id="root" date="1997-08-12" xml:lang="en">
<title>CANADA: Canada daily lumber export figures to U.S..</title>
<headline>Canada daily lumber export figures to U.S..</headline>
<dateline>OTTAWA 1997-08-12</dateline>
<text>
<p>Canada softwood lumber exports to the United States as of 0001 EDT on Aug 12 in board feet, according to data from the Canadian Department of Foreign Affairs and International Trade:</p>
<p>		  For the July 1 - September 30 quarter</p>
<p>Province    BC	 Alberta    Ontario    Quebec    Total</p>
<p>bonus     1.57 mln   0.15 mln  0.002 mln   4.28 mln   6.00 mln</p>
<p>EB	943.17 mln 130.44 mln 173.08 mln 374.49 mln  1.621 bln</p>
<p>LFB	 0.50 mln   0.09 mln   0.04 mln   0.71 mln   1.34 mln</p>
<p>UFB	 0.42 mln   0.06 mln   0.10 mln   0.21 mln   0.79 mln</p>
<p>Total   945.66 mln 130.73 mln 173.22 mln 379.69 mln  1.629 bln</p>
<p>Pct exported: EB - 11.02  LFB - 0.20</p>
<p>		  For the April 1 - June 30 quarter:</p>
<p>Province    BC	 Alberta    Ontario    Quebec    Total</p>
<p>bonus     9.86 mln   8.45 mln   7.26 mln  44.72 mln  70.30 mln</p>
<p>EB	 2.302 bln 305.22 mln 409.80 mln 940.95 mln  3.957 bln</p>
<p>LFB	73.96 mln  24.54 mln  20.20 mln  12.76 mln 131.47 mln</p>
<p>UFB	 3.17 mln   7.04 mln   8.48 mln   2.97 mln  21.65 mln</p>
<p>Total    2.389 bln 345.26 mln 445.74 mln  1.001 bln  4.181 bln</p>
<p>Pct exported: EB - 26.92  LFB - 20.22</p>
<p>		 Total year to date (April 1 1997 to present)</p>
<p>Province    BC	 Alberta    Ontario    Quebec    Total</p>
<p>bonus    11.43 mln   8.60 mln   7.26 mln  49.00 mln  76.30 mln</p>
<p>EB	 3.245 bln 435.66 mln 582.88 mln  1.315 bln  5.579 bln</p>
<p>LFB	74.46 mln  24.64 mln  20.24 mln  13.47 mln 132.80 mln</p>
<p>UFB	 3.59 mln   7.10 mln   8.57 mln   3.18 mln  22.44 mln</p>
<p>Total    3.334 bln 475.99 mln 618.96 mln  1.381 bln  5.810 bln</p>
<p>Pct exported: EB - 37.95 LFB - 20.43</p>
<p>Source: Export and Import Controls Bureau, Department of Foreign Affairs and International Trade.</p>
<p>NOTE: EB = established base shipments, LFB = lower fee base, UFB = upper base fee.</p>
<p>From April 1, 1997, Canadian lumber exports which exceed quarterly or annual quotas are subject to export fees. Exports above 14.7 billion board feet annually or 4.226 billion board feet quarterly are subject to US$50 fee for every 1,000 board feet. If such excess exports exceed 650 million board feet, they are subject to a US$100 fee for every 1,000 board feet.</p>
<p>Export quotas are allocated for each province on a company-by-company basis. Shippers who have not been given an allocation are subject to the US$100 fee for any lumber they export.</p>
<p>This export data is based on Canadian export permits. There is about a one-week lag between the entry of lumber into the United States and the application for a Canadian permit.</p>
<p>((Reuters Ottawa Bureau (613) 235-6745))</p>
</text>
<copyright>(c) Reuters Limited 1997</copyright>
<metadata>
<codes class="bip:countries:1.0">
  <code code="CANA">
    <editdetail attribution="Reuters BIP Coding Group" action="confirmed" date="1997-08-12"/>
  </code>
  <code code="USA">
    <editdetail attribution="Reuters BIP Coding Group" action="confirmed" date="1997-08-12"/>
  </code>
</codes>
<codes class="bip:topics:1.0">
  <code code="C31">
    <editdetail attribution="Reuters BIP Coding Group" action="confirmed" date="1997-08-12"/>
  </code>
  <code code="C312">
    <editdetail attribution="Reuters BIP Coding Group" action="confirmed" date="1997-08-12"/>
  </code>
  <code code="CCAT">
    <editdetail attribution="Reuters BIP Coding Group" action="confirmed" date="1997-08-12"/>
  </code>
  <code code="E51">
    <editdetail attribution="Reuters BIP Coding Group" action="confirmed" date="1997-08-12"/>
  </code>
  <code code="E512">
    <editdetail attribution="Reuters BIP Coding Group" action="confirmed" date="1997-08-12"/>
  </code>
  <code code="ECAT">
    <editdetail attribution="Reuters BIP Coding Group" action="confirmed" date="1997-08-12"/>
  </code>
</codes>
<dc element="dc.date.created" value="1997-08-12"/>
<dc element="dc.publisher" value="Reuters Holdings Plc"/>
<dc element="dc.date.published" value="1997-08-12"/>
<dc element="dc.source" value="Reuters"/>
<dc element="dc.creator.location" value="OTTAWA"/>
<dc element="dc.creator.location.country.name" value="CANADA"/>
<dc element="dc.source" value="Reuters"/>
</metadata>
</newsitem>
