<?xml version="1.0" encoding="iso-8859-1" ?>
<newsitem itemid="132503" id="root" date="1996-10-22" xml:lang="en">
<title>USA: Oak Technology Q1 net loss vs profit.</title>
<headline>Oak Technology Q1 net loss vs profit.</headline>
<dateline>SUNNYVALE, Calif. 1996-10-22</dateline>
<text>
<p>CONDENSED CONSOLIDATED STATEMENTS OF INCOME</p>
<p>			(in thousands, except per share data)</p>
<p>			   (Unaudited)</p>
<p>							Three Months Ended</p>
<p>								Sept. 30</p>
<p>							     1996	1995</p>
<p> Net revenues					 $ 18,926 $ 56,472</p>
<p> Cost of revenues				     10,216   25,136</p>
<p> Gross profit					    8,710   31,336</p>
<p> Research and development expenses		 8,094    5,905</p>
<p>Selling, general, and administrative expenses</p>
<p>							     4,293    3,739</p>
<p> Operating income (loss)			   (3,677)   21,692</p>
<p> Nonoperating income				   1,134	363</p>
<p> Income (loss) before income taxes	     (2,543)   22,055</p>
<p> Income taxes					    (890)    8,822</p>
<p> Net income (loss)				   (1,653)   13,233</p>
<p> Net income (loss) per share			(0.04)     0.31</p>
<p>Shares used in computing net income (loss)</p>
<p> per share						40,297   42,682</p>
<p>-- New York Newsdesk 212 859-1610</p>
</text>
<copyright>(c) Reuters Limited 1996</copyright>
<metadata>
<codes class="bip:countries:1.0">
  <code code="USA">
    <editdetail attribution="Reuters BIP Coding Group" action="confirmed" date="1996-10-22"/>
  </code>
</codes>
<codes class="bip:industries:1.0">
  <code code="I34531">
    <editdetail attribution="Reuters BIP Coding Group" action="confirmed" date="1996-10-22"/>
  </code>
</codes>
<codes class="bip:topics:1.0">
  <code code="C15">
    <editdetail attribution="Reuters BIP Coding Group" action="confirmed" date="1996-10-22"/>
  </code>
  <code code="C151">
    <editdetail attribution="Reuters BIP Coding Group" action="confirmed" date="1996-10-22"/>
  </code>
  <code code="CCAT">
    <editdetail attribution="Reuters BIP Coding Group" action="confirmed" date="1996-10-22"/>
  </code>
</codes>
<dc element="dc.date.created" value="1996-10-22"/>
<dc element="dc.publisher" value="Reuters Holdings Plc"/>
<dc element="dc.date.published" value="1996-10-22"/>
<dc element="dc.source" value="Reuters"/>
<dc element="dc.creator.location" value="SUNNYVALE, Calif."/>
<dc element="dc.creator.location.country.name" value="USA"/>
<dc element="dc.source" value="Reuters"/>
</metadata>
</newsitem>
