<?xml version="1.0" encoding="iso-8859-1" ?>
<newsitem itemid="317670" id="root" date="1997-01-19" xml:lang="en">
<title>PAKISTAN: Pakistan overnight rates steady at 20 percent.</title>
<headline>Pakistan overnight rates steady at 20 percent.</headline>
<dateline>KARACHI, Pakistan 1997-01-19</dateline>
<text>
<p>Pakistan's money rates stayed high on Sunday amid a shortage of liquidity and dealers said rates were likely to open at similar levels on Monday.</p>
<p>&quot;Overnight money market maintained yesterday's level of 20 percent,&quot; dealer Imran Ahad at Standard Chartered Bank said.</p>
<p>He said banks discounted about 13 billion rupees with the State (central) Bank of Pakistan.</p>
<p>A dealer at KASB &amp; Co said the central bank aimed to sell four billion rupees of short-term federal bonds at an auction set to match an inflow of 4.091 billion rupees on maturity of bonds auctioned earlier. -- Ovais Subhani 9221-5685192</p>
</text>
<copyright>(c) Reuters Limited 1997</copyright>
<metadata>
<codes class="bip:countries:1.0">
  <code code="PAKIS">
    <editdetail attribution="Reuters BIP Coding Group" action="confirmed" date="1997-01-19"/>
  </code>
</codes>
<codes class="bip:topics:1.0">
  <code code="M13">
    <editdetail attribution="Reuters BIP Coding Group" action="confirmed" date="1997-01-19"/>
  </code>
  <code code="M131">
    <editdetail attribution="Reuters BIP Coding Group" action="confirmed" date="1997-01-19"/>
  </code>
  <code code="MCAT">
    <editdetail attribution="Reuters BIP Coding Group" action="confirmed" date="1997-01-19"/>
  </code>
</codes>
<dc element="dc.date.created" value="1997-01-19"/>
<dc element="dc.publisher" value="Reuters Holdings Plc"/>
<dc element="dc.date.published" value="1997-01-19"/>
<dc element="dc.source" value="Reuters"/>
<dc element="dc.creator.location" value="KARACHI, Pakistan"/>
<dc element="dc.creator.location.country.name" value="PAKISTAN"/>
<dc element="dc.source" value="Reuters"/>
</metadata>
</newsitem>
