<?xml version="1.0" encoding="iso-8859-1" ?>
<newsitem itemid="617803" id="root" date="1997-05-27" xml:lang="en">
<title>USA: FGIC qualifies two municipal bond issues.</title>
<headline>FGIC qualifies two municipal bond issues.</headline>
<dateline>NEW YORK 1997-05-27</dateline>
<text>
<p>Financial Guaranty Insurance Co. on Tuesday said it qualified the following two municipal bond issues scheduled for competitive sale:</p>
<p>--Gilbert, Ariz., $5.335 milion revenue bonds and 4.450 million revenue bonds as a direct purchase.</p>
<p>--U.S. Municipal Desk, 212-859-1650</p>
</text>
<copyright>(c) Reuters Limited 1997</copyright>
<metadata>
<codes class="bip:countries:1.0">
  <code code="USA">
    <editdetail attribution="Reuters BIP Coding Group" action="confirmed" date="1997-05-27"/>
  </code>
</codes>
<codes class="bip:topics:1.0">
  <code code="E21">
    <editdetail attribution="Reuters BIP Coding Group" action="confirmed" date="1997-05-27"/>
  </code>
  <code code="E212">
    <editdetail attribution="Reuters BIP Coding Group" action="confirmed" date="1997-05-27"/>
  </code>
  <code code="ECAT">
    <editdetail attribution="Reuters BIP Coding Group" action="confirmed" date="1997-05-27"/>
  </code>
</codes>
<dc element="dc.date.created" value="1997-05-27"/>
<dc element="dc.publisher" value="Reuters Holdings Plc"/>
<dc element="dc.date.published" value="1997-05-27"/>
<dc element="dc.source" value="Reuters"/>
<dc element="dc.creator.location" value="NEW YORK"/>
<dc element="dc.creator.location.country.name" value="USA"/>
<dc element="dc.source" value="Reuters"/>
</metadata>
</newsitem>
