<?xml version="1.0" encoding="iso-8859-1" ?>
<newsitem itemid="32922" id="root" date="1996-09-04" xml:lang="en">
<title>USA: PRESS DIGEST - New York Times business - Sept 4.</title>
<headline>PRESS DIGEST - New York Times business - Sept 4.</headline>
<dateline>NEW YORK 1996-09-04</dateline>
<text>
<p>The New York Times reported the following business stories on Wednesday:</p>
<p>* It's yuppie heaven in Poland.</p>
<p>* Moves against Iraq send oil prices surging.</p>
<p>* U.S. factory activity expands for the third consecutive month in August.</p>
<p>* United Auto Workers choose Ford Motor Co as their lead contract target.</p>
<p>* Olivetti chairman Carlo De Benedetti resigns.</p>
<p>* Chrysler Corp reports a nine percent sales rise in August.</p>
<p>* Settlement is reached in suit between travel agents and major U.S. airlines.</p>
<p>* The Dow Jones Industrial Average ends up 32.18 points at 5,648.39.</p>
<p>* Underwriter Stratton Oakmont's latest plans are to take E-Net Inc public.</p>
<p>* Advertising agency Arnold Communications is now vying for national attention.</p>
<p>* Airbus Industrie wins $3 billion in new orders.</p>
<p>* Borders Books and Music opens huge store in Manhattan.</p>
<p>-- New York newsroom, (212) 859-1610</p>
</text>
<copyright>(c) Reuters Limited 1996</copyright>
<metadata>
<codes class="bip:countries:1.0">
  <code code="USA">
    <editdetail attribution="Reuters BIP Coding Group" action="confirmed" date="1996-09-04"/>
  </code>
</codes>
<codes class="bip:topics:1.0">
  <code code="GCAT">
    <editdetail attribution="Reuters BIP Coding Group" action="confirmed" date="1996-09-04"/>
  </code>
</codes>
<dc element="dc.date.created" value="1996-09-04"/>
<dc element="dc.publisher" value="Reuters Holdings Plc"/>
<dc element="dc.date.published" value="1996-09-04"/>
<dc element="dc.source" value="Reuters"/>
<dc element="dc.creator.location" value="NEW YORK"/>
<dc element="dc.creator.location.country.name" value="USA"/>
<dc element="dc.source" value="Reuters"/>
</metadata>
</newsitem>
