<?xml version="1.0" encoding="iso-8859-1" ?>
<newsitem itemid="651890" id="root" date="1997-06-10" xml:lang="en">
<title>HONG KONG: HK stocks set for jump but HK Telecom seen weaker.</title>
<headline>HK stocks set for jump but HK Telecom seen weaker.</headline>
<dateline>HONG KONG 1997-06-10</dateline>
<text>
<p>Hong Kong stocks are expected to push ahead on Tuesday, drawing strength from record highs on Wall Street, but Hongkong Telecom is set for profit-taking after its parent announced it would sell shares to China Telecom.</p>
<p>The Hong Kong market was closed on Monday for a public holiday but the Hong Kong London Reference Index of Hong Kong shares in London gained 215.63 points to 14,870.76 on Monday following a surge in U.S. share prices.</p>
<p>&quot;The market is going higher but I think we are going to see some profit-taking around 15,000 points,&quot; said Alex Tang, head of research at Yamaichi International.  </p>
<p>Peter So, deputy head of research at Schroder Securities, said profit-taking in Hongkong Telecom shares should cap the Hang Seng Index's rise.</p>
<p>&quot;Today's rise will probably be kept within a 100 to 200 point range,&quot; he said.</p>
<p>Shares in Hongkong Telecom rose sharply last week ahead of an announcement late on Friday that Cable &amp; Wireless would sell a 5.5 percent stake in Hongkong Telecom to the Chinese Ministry of Post and Telecommunications.</p>
<p>&quot;People are likely to sell on the good news,&quot; said So.</p>
<p>-- Hong Kong newsroom (852) 2843 6345   http://www.hk97.com</p>
</text>
<copyright>(c) Reuters Limited 1997</copyright>
<metadata>
<codes class="bip:countries:1.0">
  <code code="HKONG">
    <editdetail attribution="Reuters BIP Coding Group" action="confirmed" date="1997-06-10"/>
  </code>
</codes>
<codes class="bip:topics:1.0">
  <code code="M11">
    <editdetail attribution="Reuters BIP Coding Group" action="confirmed" date="1997-06-10"/>
  </code>
  <code code="MCAT">
    <editdetail attribution="Reuters BIP Coding Group" action="confirmed" date="1997-06-10"/>
  </code>
</codes>
<dc element="dc.date.created" value="1997-06-10"/>
<dc element="dc.publisher" value="Reuters Holdings Plc"/>
<dc element="dc.date.published" value="1997-06-10"/>
<dc element="dc.source" value="Reuters"/>
<dc element="dc.creator.location" value="HONG KONG"/>
<dc element="dc.creator.location.country.name" value="HONG KONG"/>
<dc element="dc.source" value="Reuters"/>
</metadata>
</newsitem>
