<?xml version="1.0" encoding="iso-8859-1" ?>
<newsitem itemid="459163" id="root" date="1997-03-21" xml:lang="en">
<title>USA: US firm barred from offering FCC license services.</title>
<headline>US firm barred from offering FCC license services.</headline>
<dateline>WASHINGTON 1997-03-21</dateline>
<text>
<p>A federal judge has barred Micom Corp and a top executive from offering any investment that involves a license or permit issued by the U.S. government, regulators said Friday.</p>
<p>The judge issued the order after upholding Federal Trade Commission charges that the New York-based company and Joseph Viggiano, its principal, ran a scheme involving bogus promises to help consumers apply for paging licenses issued by the Federal Communications Commission, the FTC said. The order includes a $1.6 million judgment and a ban on making false pitches involving investments or offerings over the phone.</p>
</text>
<copyright>(c) Reuters Limited 1997</copyright>
<metadata>
<codes class="bip:countries:1.0">
  <code code="USA">
    <editdetail attribution="Reuters BIP Coding Group" action="confirmed" date="1997-03-21"/>
  </code>
</codes>
<codes class="bip:topics:1.0">
  <code code="C12">
    <editdetail attribution="Reuters BIP Coding Group" action="confirmed" date="1997-03-21"/>
  </code>
  <code code="CCAT">
    <editdetail attribution="Reuters BIP Coding Group" action="confirmed" date="1997-03-21"/>
  </code>
  <code code="GCAT">
    <editdetail attribution="Reuters BIP Coding Group" action="confirmed" date="1997-03-21"/>
  </code>
  <code code="GCRIM">
    <editdetail attribution="Reuters BIP Coding Group" action="confirmed" date="1997-03-21"/>
  </code>
</codes>
<dc element="dc.date.created" value="1997-03-21"/>
<dc element="dc.publisher" value="Reuters Holdings Plc"/>
<dc element="dc.date.published" value="1997-03-21"/>
<dc element="dc.source" value="Reuters"/>
<dc element="dc.creator.location" value="WASHINGTON"/>
<dc element="dc.creator.location.country.name" value="USA"/>
<dc element="dc.source" value="Reuters"/>
</metadata>
</newsitem>
