<?xml version="1.0" encoding="iso-8859-1" ?>
<newsitem itemid="768203" id="root" date="1997-07-31" xml:lang="en">
<title>USA: TABLE - Consolidated-Tomoka Q2 net decreases.</title>
<headline>TABLE - Consolidated-Tomoka Q2 net decreases.</headline>
<dateline>DAYTONA BEACH, Fla. 1997-07-31</dateline>
<text>
<p>QUARTER ENDED</p>
<p>				   JUNE 30		     JUNE30</p>
<p>				    1997			  1996</p>
<p>REVENUES		    $3,837,097		  $6,259,064</p>
<p>NET INCOME		    $516,014		  $1,116,286</p>
<p>EARNINGS PER SHARE:</p>
<p>     NET INCOME		 $0.08			 $0.18</p>
<p>						 SIX MONTHS ENDED</p>
<p>				    JUNE 30			JUNE 30</p>
<p>					 1997			  1996</p>
<p>REVENUES		     $9,408,927		 $14,394,661</p>
<p>NET INCOME		     $742,318		  $2,765,162</p>
<p>EARNINGS PER SHARE:</p>
<p>     NET INCOME		   $0.12			 $0.44</p>
<p>NOTE:  Full name of company is Consolidated-Tomoka Land Co.</p>
</text>
<copyright>(c) Reuters Limited 1997</copyright>
<metadata>
<codes class="bip:countries:1.0">
  <code code="USA">
    <editdetail attribution="Reuters BIP Coding Group" action="confirmed" date="1997-07-31"/>
  </code>
</codes>
<codes class="bip:industries:1.0">
  <code code="I85000">
    <editdetail attribution="Reuters BIP Coding Group" action="confirmed" date="1997-07-31"/>
  </code>
</codes>
<codes class="bip:topics:1.0">
  <code code="C15">
    <editdetail attribution="Reuters BIP Coding Group" action="confirmed" date="1997-07-31"/>
  </code>
  <code code="C151">
    <editdetail attribution="Reuters BIP Coding Group" action="confirmed" date="1997-07-31"/>
  </code>
  <code code="CCAT">
    <editdetail attribution="Reuters BIP Coding Group" action="confirmed" date="1997-07-31"/>
  </code>
</codes>
<dc element="dc.date.created" value="1997-07-31"/>
<dc element="dc.publisher" value="Reuters Holdings Plc"/>
<dc element="dc.date.published" value="1997-07-31"/>
<dc element="dc.source" value="Reuters"/>
<dc element="dc.creator.location" value="DAYTONA BEACH, Fla."/>
<dc element="dc.creator.location.country.name" value="USA"/>
<dc element="dc.source" value="Reuters"/>
</metadata>
</newsitem>
