<?xml version="1.0" encoding="iso-8859-1" ?>
<newsitem itemid="147189" id="root" date="1996-10-28" xml:lang="en">
<title>SOUTH AFRICA: Wit Nigel Sept qtr falls further into loss.</title>
<headline>Wit Nigel Sept qtr falls further into loss.</headline>
<dateline>JOHANNESBURG 1996-10-28</dateline>
<text>
<p>Results for the quarter ended September versus the quarter ended June</p>
<p>		     (million rand unless stated)</p>
<p>    Net income from mining     0.13   vs  0.09</p>
<p>    Clean up and rents	   0.11   vs  0.12</p>
<p>    Expenses			 0.42   vs  0.24</p>
<p>    Net loss			 0.17   vs  0.02</p>
<p>    Capital spending	     0.014  vs  0.009</p>
<p>Full name: Witwatersrand Nigel Ltd</p>
<p>-- Johannesburg newsroom +27 11 482 1003</p>
</text>
<copyright>(c) Reuters Limited 1996</copyright>
<metadata>
<codes class="bip:countries:1.0">
  <code code="SAFR">
    <editdetail attribution="Reuters BIP Coding Group" action="confirmed" date="1996-10-28"/>
  </code>
</codes>
<codes class="bip:industries:1.0">
  <code code="I21000">
    <editdetail attribution="Reuters BIP Coding Group" action="confirmed" date="1996-10-28"/>
  </code>
</codes>
<codes class="bip:topics:1.0">
  <code code="C15">
    <editdetail attribution="Reuters BIP Coding Group" action="confirmed" date="1996-10-28"/>
  </code>
  <code code="C151">
    <editdetail attribution="Reuters BIP Coding Group" action="confirmed" date="1996-10-28"/>
  </code>
  <code code="CCAT">
    <editdetail attribution="Reuters BIP Coding Group" action="confirmed" date="1996-10-28"/>
  </code>
</codes>
<dc element="dc.date.created" value="1996-10-28"/>
<dc element="dc.publisher" value="Reuters Holdings Plc"/>
<dc element="dc.date.published" value="1996-10-28"/>
<dc element="dc.source" value="Reuters"/>
<dc element="dc.creator.location" value="JOHANNESBURG"/>
<dc element="dc.creator.location.country.name" value="SOUTH AFRICA"/>
<dc element="dc.source" value="Reuters"/>
</metadata>
</newsitem>
