<?xml version="1.0" encoding="iso-8859-1" ?>
<newsitem itemid="131676" id="root" date="1996-10-21" xml:lang="en">
<title>FRANCE: Ingenico jumps on stock value forecast.</title>
<headline>Ingenico jumps on stock value forecast.</headline>
<dateline>PARIS 1996-10-21</dateline>
<text>
<p>Shares in Ingenico rose sharply on Monday after its chairman Jean-Jacques Poutrel said a proposed U.S. acquisition may increase the value of the stock to 150 francs eventually.</p>
<p>The shares were up 10.63 percent at 69.70 francs at 1045 GMT in volume of 107,000 issues. They fell 3.07 percent on Friday after the card chip producer said it planned to acquire a Nasdaq-listed company which it did not identify.</p>
<p>Poutrel told the Journal des Finances weekly that although the deal would hurt Ingenico's results for the next two or three years, the share's value may then rise to around 150 francs.</p>
</text>
<copyright>(c) Reuters Limited 1996</copyright>
<metadata>
<codes class="bip:countries:1.0">
  <code code="FRA">
    <editdetail attribution="Reuters BIP Coding Group" action="confirmed" date="1996-10-21"/>
  </code>
  <code code="USA">
    <editdetail attribution="Reuters BIP Coding Group" action="confirmed" date="1996-10-21"/>
  </code>
</codes>
<codes class="bip:industries:1.0">
  <code code="I33030">
    <editdetail attribution="Reuters BIP Coding Group" action="confirmed" date="1996-10-21"/>
  </code>
</codes>
<codes class="bip:topics:1.0">
  <code code="C15">
    <editdetail attribution="Reuters BIP Coding Group" action="confirmed" date="1996-10-21"/>
  </code>
  <code code="C152">
    <editdetail attribution="Reuters BIP Coding Group" action="confirmed" date="1996-10-21"/>
  </code>
  <code code="C18">
    <editdetail attribution="Reuters BIP Coding Group" action="confirmed" date="1996-10-21"/>
  </code>
  <code code="C181">
    <editdetail attribution="Reuters BIP Coding Group" action="confirmed" date="1996-10-21"/>
  </code>
  <code code="CCAT">
    <editdetail attribution="Reuters BIP Coding Group" action="confirmed" date="1996-10-21"/>
  </code>
</codes>
<dc element="dc.date.created" value="1996-10-21"/>
<dc element="dc.publisher" value="Reuters Holdings Plc"/>
<dc element="dc.date.published" value="1996-10-21"/>
<dc element="dc.source" value="Reuters"/>
<dc element="dc.creator.location" value="PARIS"/>
<dc element="dc.creator.location.country.name" value="FRANCE"/>
<dc element="dc.source" value="Reuters"/>
</metadata>
</newsitem>
