<?xml version="1.0" encoding="iso-8859-1" ?>
<newsitem itemid="368286" id="root" date="1997-02-10" xml:lang="en">
<title>JAPAN: Hokkaido Electric to buy power from Nippon Steel.</title>
<headline>Hokkaido Electric to buy power from Nippon Steel.</headline>
<dateline>TOKYO 1997-02-10</dateline>
<text>
<p>Hokkaido Electric Power Co Inc said on Monday it will buy 100,000 kilowatts (kw) of electricity from Nippon Steel Corp's Muroran Works for 15 years starting in October 2001.</p>
<p>Following the deregulation of Japan's electricity industry in December 1995, Hokkaido Electric floated its first-ever tender last year to buy electricity from independent power producers.</p>
<p>The electric utility, serving about 2.32 million households on Japan's northern major island of Hokkaido, is planning to hold a tender again this year to buy another 100,000 kw of electricity for 15 years from 2004, a company spokesman said.</p>
</text>
<copyright>(c) Reuters Limited 1997</copyright>
<metadata>
<codes class="bip:countries:1.0">
  <code code="JAP">
    <editdetail attribution="Reuters BIP Coding Group" action="confirmed" date="1997-02-10"/>
  </code>
</codes>
<codes class="bip:industries:1.0">
  <code code="I16100">
    <editdetail attribution="Reuters BIP Coding Group" action="confirmed" date="1997-02-10"/>
  </code>
  <code code="I22100">
    <editdetail attribution="Reuters BIP Coding Group" action="confirmed" date="1997-02-10"/>
  </code>
</codes>
<codes class="bip:topics:1.0">
  <code code="C33">
    <editdetail attribution="Reuters BIP Coding Group" action="confirmed" date="1997-02-10"/>
  </code>
  <code code="CCAT">
    <editdetail attribution="Reuters BIP Coding Group" action="confirmed" date="1997-02-10"/>
  </code>
</codes>
<dc element="dc.date.created" value="1997-02-10"/>
<dc element="dc.publisher" value="Reuters Holdings Plc"/>
<dc element="dc.date.published" value="1997-02-10"/>
<dc element="dc.source" value="Reuters"/>
<dc element="dc.creator.location" value="TOKYO"/>
<dc element="dc.creator.location.country.name" value="JAPAN"/>
<dc element="dc.source" value="Reuters"/>
</metadata>
</newsitem>
