<?xml version="1.0" encoding="iso-8859-1" ?>
<newsitem itemid="494379" id="root" date="1997-04-08" xml:lang="en">
<title>NETHERLANDS: Aerolinas Argentinas doubles Maastricht cargo flights.</title>
<headline>Aerolinas Argentinas doubles Maastricht cargo flights.</headline>
<dateline>AMSTERDAM 1997-04-08</dateline>
<text>
<p>Aerolineas Argentinas will double its freighter flights to Buenos Aires from Maastricht Aachen airport this weekend to meet strong demand, Iberia's Dutch cargo manager, Ton Jansen said.</p>
<p>He told Reuters there will now be two flights a week from the Dutch airport to the Argentinean capital.</p>
<p>Iberia has a 10 percent stake in the Argentinean carrier and is responsible for selling the cargo service from the Netherlands.</p>
<p>The flights are is operated by a Boeing 747-200 freighter leased from the Michigan-based Kalitta Airlines departing Maastricht on Wednesdays and Sundays.</p>
<p>Commenting on why the airline has increased the flight frequency, Jansen said: &quot;The freighter is always a 100 percent full, in and outbound.&quot;</p>
<p>Ironically, the British beef crisis has helped fill the aircraft on the return journey, as, the freighter is almost full of beef from Argentina for destinations all over Europe, he said.</p>
<p>It also carries some horse meat , he added. - Reuters Air Cargo Newsroom Tel+44 171 542 7706 Fax:5017</p>
</text>
<copyright>(c) Reuters Limited 1997</copyright>
<metadata>
<codes class="bip:countries:1.0">
  <code code="ARG">
    <editdetail attribution="Reuters BIP Coding Group" action="confirmed" date="1997-04-08"/>
  </code>
  <code code="NETH">
    <editdetail attribution="Reuters BIP Coding Group" action="confirmed" date="1997-04-08"/>
  </code>
</codes>
<codes class="bip:industries:1.0">
  <code code="I75000">
    <editdetail attribution="Reuters BIP Coding Group" action="confirmed" date="1997-04-08"/>
  </code>
  <code code="I77002">
    <editdetail attribution="Reuters BIP Coding Group" action="confirmed" date="1997-04-08"/>
  </code>
</codes>
<codes class="bip:topics:1.0">
  <code code="C21">
    <editdetail attribution="Reuters BIP Coding Group" action="confirmed" date="1997-04-08"/>
  </code>
  <code code="CCAT">
    <editdetail attribution="Reuters BIP Coding Group" action="confirmed" date="1997-04-08"/>
  </code>
</codes>
<dc element="dc.date.created" value="1997-04-08"/>
<dc element="dc.publisher" value="Reuters Holdings Plc"/>
<dc element="dc.date.published" value="1997-04-08"/>
<dc element="dc.source" value="Reuters"/>
<dc element="dc.creator.location" value="AMSTERDAM"/>
<dc element="dc.creator.location.country.name" value="NETHERLANDS"/>
<dc element="dc.source" value="Reuters"/>
</metadata>
</newsitem>
