<?xml version="1.0" encoding="iso-8859-1" ?>
<newsitem itemid="765008" id="root" date="1997-07-30" xml:lang="en">
<title>BELGIUM: EU formally clears Boeing merger.</title>
<headline>EU formally clears Boeing merger.</headline>
<dateline>BRUSSELS 1997-07-30</dateline>
<text>
<p>The European Commission on Wednesday formally cleared the merger of Boeing Co and McDonnell Douglas ending a five-month investigation which almost provoked a transatlantic trade war.</p>
<p>&quot;There was no vote. There was no discussion,&quot; an EU source said, referring to the meeting of the 20 European commissioners.  </p>
<p>The decision was a formality after the Euroepan Union's advisory committee of national competition experts last Friday approved the $15 billion deal following last-minute concessions by Boeing aimed at reducing the deal's anti-competitive effect in Europe.</p>
<p>Boeing's share of the commercial jets market will increase to 70 percent from its current level of 64 percent, leaving only European consortium Airbus in a position to compete.</p>
<p>The merged company is expected to generate $49 billion in revenue this year, of which 61 percent would come from commercial jets. Without the acquisition, Boeing would have $34.7 billion in revenue this year, with 76 percent coming from the commercial side.</p>
</text>
<copyright>(c) Reuters Limited 1997</copyright>
<metadata>
<codes class="bip:countries:1.0">
  <code code="EEC">
    <editdetail attribution="Reuters BIP Coding Group" action="confirmed" date="1997-07-30"/>
  </code>
</codes>
<codes class="bip:topics:1.0">
  <code code="C181">
    <editdetail attribution="Reuters BIP Coding Group" action="confirmed" date="1997-07-30"/>
  </code>
  <code code="G152">
    <editdetail attribution="Reuters BIP Coding Group" action="confirmed" date="1997-07-30"/>
  </code>
  <code code="G155">
    <editdetail attribution="Reuters BIP Coding Group" action="confirmed" date="1997-07-30"/>
  </code>
  <code code="GVIO">
    <editdetail attribution="Reuters BIP Coding Group" action="confirmed" date="1997-07-30"/>
  </code>
</codes>
<dc element="dc.date.created" value="1997-07-30"/>
<dc element="dc.publisher" value="Reuters Holdings Plc"/>
<dc element="dc.date.published" value="1997-07-30"/>
<dc element="dc.source" value="Reuters"/>
<dc element="dc.creator.location" value="BRUSSELS"/>
<dc element="dc.creator.location.country.name" value="BELGIUM"/>
<dc element="dc.source" value="Reuters"/>
</metadata>
</newsitem>
