<?xml version="1.0" encoding="iso-8859-1" ?>
<newsitem itemid="667421" id="root" date="1997-06-17" xml:lang="en">
<title>USA: Excel CFO McLaine named president/COO.</title>
<headline>Excel CFO McLaine named president/COO.</headline>
<dateline>DALLAS 1997-06-16</dateline>
<text>
<p>Excel Communications Inc said on Monday it has named Chief Financial Officer John McLaine to the president's post and the newly created position of chief operating officer.</p>
<p>McLaine will continue to hold the chief financial officer's title until that position is filled, the company said.</p>
<p>He succeeds Kenny Troutt, the founder of the company who remains as chief executive and chairman.</p>
<p>Dallas-based Excel is a long-distance telecommunications company.</p>
<p>-- New York newsdesk 212-859-1610</p>
</text>
<copyright>(c) Reuters Limited 1997</copyright>
<metadata>
<codes class="bip:countries:1.0">
  <code code="USA">
    <editdetail attribution="Reuters BIP Coding Group" action="confirmed" date="1997-06-17"/>
  </code>
</codes>
<codes class="bip:topics:1.0">
  <code code="C41">
    <editdetail attribution="Reuters BIP Coding Group" action="confirmed" date="1997-06-17"/>
  </code>
  <code code="C411">
    <editdetail attribution="Reuters BIP Coding Group" action="confirmed" date="1997-06-17"/>
  </code>
  <code code="CCAT">
    <editdetail attribution="Reuters BIP Coding Group" action="confirmed" date="1997-06-17"/>
  </code>
</codes>
<dc element="dc.date.created" value="1997-06-16"/>
<dc element="dc.publisher" value="Reuters Holdings Plc"/>
<dc element="dc.date.published" value="1997-06-17"/>
<dc element="dc.source" value="Reuters"/>
<dc element="dc.creator.location" value="DALLAS"/>
<dc element="dc.creator.location.country.name" value="USA"/>
<dc element="dc.source" value="Reuters"/>
</metadata>
</newsitem>
