<?xml version="1.0" encoding="iso-8859-1" ?>
<newsitem itemid="694041" id="root" date="1997-06-27" xml:lang="en">
<title>THAILAND: Thai stocks rise 2.37 pct despite finance turmoil.</title>
<headline>Thai stocks rise 2.37 pct despite finance turmoil.</headline>
<dateline>BANGKOK 1997-06-27</dateline>
<text>
<p>Thai stocks rallied in early trade on Friday extending a foreign-led technical rally despite anticipation of a heavy sell-off of finance stocks after the suspension of nine listed finance firms, tarders said.</p>
<p>After opening lower the SET index bounced back to rise 12.32 points to 532.34 points by 0332 GMT. The SET 50 rose 1.13 points or 3.01 percent to 38.73 in trade worth 772 million baht.</p>
<p>&quot;I think there are lot of foreigners who sold out two or three weeks ago covering short positions before the Hong Kong handover market closure,&quot; said an analyst at a Thai Military Bank affiliate.  </p>
<p>The finance sector was down 2.56 points as the risks to equity investors in the sector increased on the possibility that other stocks could face suspension, traders said.</p>
<p>Most other key sectors were all sharply higher.</p>
<p>Thai Farmers Bank Plc was up three to 86, Advanced Info Services Plc added 11 to 206 and Tipco Asphalt Plc gained four to 132.</p>
<p>--James Mclean (662) 652 0642</p>
</text>
<copyright>(c) Reuters Limited 1997</copyright>
<metadata>
<codes class="bip:countries:1.0">
  <code code="THAIL">
    <editdetail attribution="Reuters BIP Coding Group" action="confirmed" date="1997-06-27"/>
  </code>
</codes>
<codes class="bip:topics:1.0">
  <code code="M11">
    <editdetail attribution="Reuters BIP Coding Group" action="confirmed" date="1997-06-27"/>
  </code>
  <code code="MCAT">
    <editdetail attribution="Reuters BIP Coding Group" action="confirmed" date="1997-06-27"/>
  </code>
</codes>
<dc element="dc.date.created" value="1997-06-27"/>
<dc element="dc.publisher" value="Reuters Holdings Plc"/>
<dc element="dc.date.published" value="1997-06-27"/>
<dc element="dc.source" value="Reuters"/>
<dc element="dc.creator.location" value="BANGKOK"/>
<dc element="dc.creator.location.country.name" value="THAILAND"/>
<dc element="dc.source" value="Reuters"/>
</metadata>
</newsitem>
