<?xml version="1.0" encoding="iso-8859-1" ?>
<newsitem itemid="193008" id="root" date="1996-11-15" xml:lang="en">
<title>JAPAN: Isetan - 6mth parent results.</title>
<headline>Isetan - 6mth parent results.</headline>
<dateline>TOKYO 1996-11-15</dateline>
<text>
<p>Six months to September 30, 1996</p>
<p> (Parent)	(in billions of yen unless specified)</p>
<p> Revenues	   209.70		vs	  192.82</p>
<p> Operating	    3.96		vs	    3.02</p>
<p> Current		2.37		vs	    1.23</p>
<p> Net		   10.63		vs	  605    million</p>
<p> EPS		   48.26 yen	  vs	    2.75 yen</p>
<p> Shares	    220 million	  vs	 220 million</p>
<p> Interim div	  5.00 yen	  vs	    5.00 yen</p>
<p>NOTE - Isetan Co Ltd is a leading department store.</p>
</text>
<copyright>(c) Reuters Limited 1996</copyright>
<metadata>
<codes class="bip:countries:1.0">
  <code code="JAP">
    <editdetail attribution="Reuters BIP Coding Group" action="confirmed" date="1996-11-15"/>
  </code>
</codes>
<codes class="bip:industries:1.0">
  <code code="I65600">
    <editdetail attribution="Reuters BIP Coding Group" action="confirmed" date="1996-11-15"/>
  </code>
  <code code="I6560002">
    <editdetail attribution="Reuters BIP Coding Group" action="confirmed" date="1996-11-15"/>
  </code>
</codes>
<codes class="bip:topics:1.0">
  <code code="C15">
    <editdetail attribution="Reuters BIP Coding Group" action="confirmed" date="1996-11-15"/>
  </code>
  <code code="C151">
    <editdetail attribution="Reuters BIP Coding Group" action="confirmed" date="1996-11-15"/>
  </code>
  <code code="CCAT">
    <editdetail attribution="Reuters BIP Coding Group" action="confirmed" date="1996-11-15"/>
  </code>
</codes>
<dc element="dc.date.created" value="1996-11-15"/>
<dc element="dc.publisher" value="Reuters Holdings Plc"/>
<dc element="dc.date.published" value="1996-11-15"/>
<dc element="dc.source" value="Reuters"/>
<dc element="dc.creator.location" value="TOKYO"/>
<dc element="dc.creator.location.country.name" value="JAPAN"/>
<dc element="dc.source" value="Reuters"/>
</metadata>
</newsitem>
