<?xml version="1.0" encoding="iso-8859-1" ?>
<newsitem itemid="324059" id="root" date="1997-01-22" xml:lang="en">
<title>UK: Reuters historical calendar - January 29.</title>
<headline>Reuters historical calendar - January 29.</headline>
<dateline>LONDON 1997-01-22</dateline>
<text>
<p>Following are some of the major events to have occurred on January 29 in history.</p>
<p>1635 - The Academie Francaise, one of the most famous literary societies in Europe, was founded.</p>
<p>1730 - Peter II, tsar of Russia (1727-30), died of smallpox on the day set for his wedding.</p>
<p>1820 - King George III of Great Britain and Ireland (1760-1820) died. The American colonies achieved independence from Britain during his reign.</p>
<p>1843 - William McKinley, 25th U.S. president (1897-1901), born; he was assassinated in 1901.</p>
<p>1853 - Napoleon III married Eugenie de Montijo at the Tuileries Palace, Paris.</p>
<p>1856 - The Victoria Cross, Britain's highest military decoration, was instituted.</p>
<p>1861 - Kansas became the 34th U.S. state.</p>
<p>1888 - Edward Lear, English landscape painter and writer of nonsense verse, died.</p>
<p>1891 - Hawaii proclaimed as its queen Liliuokalani, renowned for her song &quot;Aloha Oe&quot;.</p>
<p>1896 - U.S. physician Emile Grubbe became the first to use radiation treatment for breast cancer.</p>
<p>1899 - Alfred Sisley, English painter and one of the creators of French Impressionism, died.</p>
<p>1900 - The American Baseball League was founded in Chicago.</p>
<p>1916 - The first bombings of Paris by German Zeppelins took place.</p>
<p>1916 - British military tanks were tested for the first time at Hatfield, Hertfordshire.</p>
<p>1928 - Douglas Haig, British field marshal and commander in chief of British forces in France for most of World War One, died.</p>
<p>1941 - Ioannis Metaxas, dictator of Greece from 1936 to 1941, died.</p>
<p>1962 - Fritz Kreisler, Austrian-born virtuoso violinist, died. In 1910 he gave the first performance of Elgar's &quot;Violin Concerto&quot;, dedicated to him.</p>
<p>1963 - U.S. poet Robert Frost died. Awarded the Pulitzer Prize for poetry four times, he was invited to read a poem at the 1961 inauguration of President John Kennedy.</p>
<p>1963 - Negotiations on Britain's entry to the European Economic Community collapsed.</p>
<p>1964 - U.S. film actor Alan Ladd died. His films included &quot;The Glass Key&quot; and &quot;Shane&quot;.</p>
<p>1980 - Jimmy Durante, U.S. comedian, actor and singer, died. One of America's best loved clowns, his beaked nose earned him the nickname &quot;Schnozzle&quot;.</p>
<p>1994 - Japanese Prime Minister Morihiro Hosokawa, who came to power pledging to clean up Japan's corrupt politics, saw his reform bills pass into law but in a watered-down form.</p>
<p>1996 - Eight people died in South Africa when gunmen opened fire on people queuing up for jobs at a Johannesburg factory.</p>
<p>1996 - Venice's opera house, fatefully named La Fenice or &quot;The Phoenix&quot;, was destroyed by fire for the second time in its history.</p>
</text>
<copyright>(c) Reuters Limited 1997</copyright>
<metadata>
<codes class="bip:countries:1.0">
  <code code="UK">
    <editdetail attribution="Reuters BIP Coding Group" action="confirmed" date="1997-01-22"/>
  </code>
</codes>
<codes class="bip:topics:1.0">
  <code code="GCAT">
    <editdetail attribution="Reuters BIP Coding Group" action="confirmed" date="1997-01-22"/>
  </code>
</codes>
<dc element="dc.date.created" value="1997-01-22"/>
<dc element="dc.publisher" value="Reuters Holdings Plc"/>
<dc element="dc.date.published" value="1997-01-22"/>
<dc element="dc.source" value="Reuters"/>
<dc element="dc.creator.location" value="LONDON"/>
<dc element="dc.creator.location.country.name" value="UK"/>
<dc element="dc.source" value="Reuters"/>
</metadata>
</newsitem>
