<?xml version="1.0" encoding="iso-8859-1" ?>
<newsitem itemid="149427" id="root" date="1996-10-29" xml:lang="en">
<title>POLAND: POLISH FULE PRICES MAY RISE AFTER COURT RULING.</title>
<headline>POLISH FULE PRICES MAY RISE AFTER COURT RULING.</headline>
<dateline>WARSAW 1996-10-29</dateline>
<text>
<p>Polands' Constitutional Tribunal on Tuesday ruled unconstitutional an excise tax relief enjoyed by five small southern refineries due to a finance ministry regulation of November 1995, PAP news agency said.</p>
<p>It quoted unnamed finance ministry officials as saying the ruling could lead to a rise of prices of fuel produced in these companies -- about 10 percent of all petrol produced in Poland.</p>
<p>The finance ministry allowed the five refineries not to pay excise tax on some products it bought and sold to help them survive despite their high production costs coming from old technologies.</p>
<p>The court ruled the ministry's regulation, granting tax relief to a group of companies rather than a group of products was against the constitutional rules of equality to law.</p>
<p>The Tribunal's ruling is final.</p>
<p>-- Jan Strupczewski +48 22 653 9700</p>
</text>
<copyright>(c) Reuters Limited 1996</copyright>
<metadata>
<codes class="bip:countries:1.0">
  <code code="POL">
    <editdetail attribution="Reuters BIP Coding Group" action="confirmed" date="1996-10-29"/>
  </code>
</codes>
<codes class="bip:industries:1.0">
  <code code="I14000">
    <editdetail attribution="Reuters BIP Coding Group" action="confirmed" date="1996-10-29"/>
  </code>
</codes>
<codes class="bip:topics:1.0">
  <code code="C12">
    <editdetail attribution="Reuters BIP Coding Group" action="confirmed" date="1996-10-29"/>
  </code>
  <code code="C31">
    <editdetail attribution="Reuters BIP Coding Group" action="confirmed" date="1996-10-29"/>
  </code>
  <code code="CCAT">
    <editdetail attribution="Reuters BIP Coding Group" action="confirmed" date="1996-10-29"/>
  </code>
  <code code="GCAT">
    <editdetail attribution="Reuters BIP Coding Group" action="confirmed" date="1996-10-29"/>
  </code>
  <code code="GCRIM">
    <editdetail attribution="Reuters BIP Coding Group" action="confirmed" date="1996-10-29"/>
  </code>
</codes>
<dc element="dc.date.created" value="1996-10-29"/>
<dc element="dc.publisher" value="Reuters Holdings Plc"/>
<dc element="dc.date.published" value="1996-10-29"/>
<dc element="dc.source" value="Reuters"/>
<dc element="dc.creator.location" value="WARSAW"/>
<dc element="dc.creator.location.country.name" value="POLAND"/>
<dc element="dc.source" value="Reuters"/>
</metadata>
</newsitem>
