<?xml version="1.0" encoding="iso-8859-1" ?>
<newsitem itemid="135611" id="root" date="1996-10-22" xml:lang="en">
<title>GERMANY: Fresenius Medical to issue $710 mln in debt, shares.</title>
<headline>Fresenius Medical to issue $710 mln in debt, shares.</headline>
<dateline>FRANKFURT 1996-10-22</dateline>
<text>
<p>German medical group Fresenius Medical Care said on Tuesday it planned to issue $710 million in new preference shares and debt which will be used to pay back bank debts.</p>
<p>Fresenius Medical Care is the world's biggest dialysis group which was formed when Fresenius AG purchased National Medical Care Inc from U.S. group W.R. Grace &amp; Co earlier this year.  </p>
<p>In a mandatory statement Fresenius Medical said the new debt would be derived from subordinated debt worth about $360 million and from preference shares from its authorised capital, which is estimated to have an expected bourse value of $350 million.</p>
<p>Fresenius said the statement merely informed the public of its plans but did not represent an invitation to place interest to buy the new debt.</p>
<p>--Frankfurt Newsroom +49 69 756525</p>
</text>
<copyright>(c) Reuters Limited 1996</copyright>
<metadata>
<codes class="bip:countries:1.0">
  <code code="GFR">
    <editdetail attribution="Reuters BIP Coding Group" action="confirmed" date="1996-10-22"/>
  </code>
</codes>
<codes class="bip:industries:1.0">
  <code code="I25700">
    <editdetail attribution="Reuters BIP Coding Group" action="confirmed" date="1996-10-22"/>
  </code>
</codes>
<codes class="bip:topics:1.0">
  <code code="C17">
    <editdetail attribution="Reuters BIP Coding Group" action="confirmed" date="1996-10-22"/>
  </code>
  <code code="C171">
    <editdetail attribution="Reuters BIP Coding Group" action="confirmed" date="1996-10-22"/>
  </code>
  <code code="C172">
    <editdetail attribution="Reuters BIP Coding Group" action="confirmed" date="1996-10-22"/>
  </code>
  <code code="CCAT">
    <editdetail attribution="Reuters BIP Coding Group" action="confirmed" date="1996-10-22"/>
  </code>
</codes>
<dc element="dc.date.created" value="1996-10-22"/>
<dc element="dc.publisher" value="Reuters Holdings Plc"/>
<dc element="dc.date.published" value="1996-10-22"/>
<dc element="dc.source" value="Reuters"/>
<dc element="dc.creator.location" value="FRANKFURT"/>
<dc element="dc.creator.location.country.name" value="GERMANY"/>
<dc element="dc.source" value="Reuters"/>
</metadata>
</newsitem>
