<?xml version="1.0" encoding="iso-8859-1" ?>
<newsitem itemid="636806" id="root" date="1997-06-04" xml:lang="en">
<title>INDONESIA: Indonesian rubber stable in late trading.</title>
<headline>Indonesian rubber stable in late trading.</headline>
<dateline>JAKARTA 1997-06-04</dateline>
<text>
<p>Indonesian tyre-grade SIR20 rubber prices were stable in late trading on Wednesday on the back of improved market sentiment, traders said.</p>
<p>They said European buyers bought rubber at 48.00 U.S. cents/lb fob Palembang for August shipment. Offer prices in other trading centres were generally stable with a few bids reported.</p>
<p>&quot;Market sentiment is improving as demand has been coming in the past few days. What we can do is hope this trend will continue through the week to keep our spirits high,&quot; one trader said.</p>
<p>Traders said supply was generally tight in most of the centres, except for Palembang where tappers had started tapping again after a recent spate of rain had ended.</p>
<p>Traders said offer prices were quoted at 48.50 fob Medan, 48.00 fob Padang, 48.25 fob Surabaya and 47.75 fob Pontianak and Jambi.</p>
<p>-- Lewa Pardomuan, Jakarta Newsroom + 6221 384-6364</p>
</text>
<copyright>(c) Reuters Limited 1997</copyright>
<metadata>
<codes class="bip:countries:1.0">
  <code code="INDON">
    <editdetail attribution="Reuters BIP Coding Group" action="confirmed" date="1997-06-04"/>
  </code>
</codes>
<codes class="bip:topics:1.0">
  <code code="M14">
    <editdetail attribution="Reuters BIP Coding Group" action="confirmed" date="1997-06-04"/>
  </code>
  <code code="M141">
    <editdetail attribution="Reuters BIP Coding Group" action="confirmed" date="1997-06-04"/>
  </code>
  <code code="MCAT">
    <editdetail attribution="Reuters BIP Coding Group" action="confirmed" date="1997-06-04"/>
  </code>
</codes>
<dc element="dc.date.created" value="1997-06-04"/>
<dc element="dc.publisher" value="Reuters Holdings Plc"/>
<dc element="dc.date.published" value="1997-06-04"/>
<dc element="dc.source" value="Reuters"/>
<dc element="dc.creator.location" value="JAKARTA"/>
<dc element="dc.creator.location.country.name" value="INDONESIA"/>
<dc element="dc.source" value="Reuters"/>
</metadata>
</newsitem>
