<?xml version="1.0" encoding="iso-8859-1" ?>
<newsitem itemid="623799" id="root" date="1997-05-29" xml:lang="en">
<title>BELGIUM: EU launches debate on mobile communications.</title>
<headline>EU launches debate on mobile communications.</headline>
<dateline>BRUSSELS 1997-05-29</dateline>
<text>
<p>The European Commission launched a debate on Thursday on ways Europe can profit from the new generation of mobile communications technology.</p>
<p>The European Union executive adopted a paper asking for input on how to promote Universal Mobile Telecommunications System (UMTS), a technology that will give consumers global access to multimedia services over portable terminals.</p>
<p>&quot;The mobile communications sector has come to crossroads where answers to key strategic questions, both in the industrial domain as well as in the regulatory domain, need to be found urgently,&quot; the Commission said in a statement.</p>
<p>Noting that UMTS will be introduced at the start of the next century, it said in a report that it wanted to open discussion on what policy decisions are needed.</p>
<p>The report highlighted the worldwide success of the GSM digital mobile phone standard that was developed by European companies, saying it had contributed to the well-being of the EU's telecoms industry and ITS economy as a whole.</p>
<p>It said use of mobile communications was growing rapidly in western Europe, where there were now 37 million users</p>
<p>The Commission asked a series of questions, including whether the EU should define a strategy for introducing UMTS or wait before introducing regulations. It also asked whether there was a consensus on whether UMTS would be a single technology or a number of &quot;interoperable solutions&quot;.</p>
<p>The Commission said it also wanted to know what roles the private and public sectors should play, how UMTS would affect Europe's industrial competitiveness and how to ensure the &quot;wireless information society&quot; serves broader societal interests.</p>
<p>It said interested parties should submit comments by July 15, after which it would propose appropriate initiatives. -- Brussels Newsroom 32 2 287 6800</p>
</text>
<copyright>(c) Reuters Limited 1997</copyright>
<metadata>
<codes class="bip:countries:1.0">
  <code code="EEC">
    <editdetail attribution="Reuters BIP Coding Group" action="confirmed" date="1997-05-29"/>
  </code>
</codes>
<codes class="bip:industries:1.0">
  <code code="I79020">
    <editdetail attribution="Reuters BIP Coding Group" action="confirmed" date="1997-05-29"/>
  </code>
  <code code="I83940">
    <editdetail attribution="Reuters BIP Coding Group" action="confirmed" date="1997-05-29"/>
  </code>
</codes>
<codes class="bip:topics:1.0">
  <code code="C13">
    <editdetail attribution="Reuters BIP Coding Group" action="confirmed" date="1997-05-29"/>
  </code>
  <code code="C21">
    <editdetail attribution="Reuters BIP Coding Group" action="confirmed" date="1997-05-29"/>
  </code>
  <code code="C31">
    <editdetail attribution="Reuters BIP Coding Group" action="confirmed" date="1997-05-29"/>
  </code>
  <code code="CCAT">
    <editdetail attribution="Reuters BIP Coding Group" action="confirmed" date="1997-05-29"/>
  </code>
  <code code="G15">
    <editdetail attribution="Reuters BIP Coding Group" action="confirmed" date="1997-05-29"/>
  </code>
  <code code="G152">
    <editdetail attribution="Reuters BIP Coding Group" action="confirmed" date="1997-05-29"/>
  </code>
  <code code="GCAT">
    <editdetail attribution="Reuters BIP Coding Group" action="confirmed" date="1997-05-29"/>
  </code>
</codes>
<dc element="dc.date.created" value="1997-05-29"/>
<dc element="dc.publisher" value="Reuters Holdings Plc"/>
<dc element="dc.date.published" value="1997-05-29"/>
<dc element="dc.source" value="Reuters"/>
<dc element="dc.creator.location" value="BRUSSELS"/>
<dc element="dc.creator.location.country.name" value="BELGIUM"/>
<dc element="dc.source" value="Reuters"/>
</metadata>
</newsitem>
