<?xml version="1.0" encoding="iso-8859-1" ?>
<newsitem itemid="303474" id="root" date="1997-01-13" xml:lang="en">
<title>USA: First Federal Financial to buy back shrs.</title>
<headline>First Federal Financial to buy back shrs.</headline>
<dateline>IRONTON, Ohio 1997-01-13</dateline>
<text>
<p>First Federal Financial Bancorp Inc said Monday it plans to buy back up to 33,589 shares of its common stock, representing about five percent of its outstanding shares.</p>
<p>The repurchases are to be made from time to time during a six-month period ending June 3.  The repurchased shares are to be held as treasury stock and will be available for general corporate purposes, First Federal said.</p>
</text>
<copyright>(c) Reuters Limited 1997</copyright>
<metadata>
<codes class="bip:countries:1.0">
  <code code="USA">
    <editdetail attribution="Reuters BIP Coding Group" action="confirmed" date="1997-01-13"/>
  </code>
</codes>
<codes class="bip:topics:1.0">
  <code code="C17">
    <editdetail attribution="Reuters BIP Coding Group" action="confirmed" date="1997-01-13"/>
  </code>
  <code code="C171">
    <editdetail attribution="Reuters BIP Coding Group" action="confirmed" date="1997-01-13"/>
  </code>
  <code code="C18">
    <editdetail attribution="Reuters BIP Coding Group" action="confirmed" date="1997-01-13"/>
  </code>
  <code code="C181">
    <editdetail attribution="Reuters BIP Coding Group" action="confirmed" date="1997-01-13"/>
  </code>
  <code code="CCAT">
    <editdetail attribution="Reuters BIP Coding Group" action="confirmed" date="1997-01-13"/>
  </code>
</codes>
<dc element="dc.date.created" value="1997-01-13"/>
<dc element="dc.publisher" value="Reuters Holdings Plc"/>
<dc element="dc.date.published" value="1997-01-13"/>
<dc element="dc.source" value="Reuters"/>
<dc element="dc.creator.location" value="IRONTON, Ohio"/>
<dc element="dc.creator.location.country.name" value="USA"/>
<dc element="dc.source" value="Reuters"/>
</metadata>
</newsitem>
