<?xml version="1.0" encoding="iso-8859-1" ?>
<newsitem itemid="488560" id="root" date="1997-04-04" xml:lang="en">
<title>UK: Tomkins gains as SBC Warburg repeats &quot;buy&quot;.</title>
<headline>Tomkins gains as SBC Warburg repeats &quot;buy&quot;.</headline>
<dateline>LONDON 1997-04-04</dateline>
<text>
<p>Shares in British baking-to-engineering conglomerate Tomkins Plc were higher on Friday after analysts at SBC Warburg repeated their &quot;buy&quot; advice and gave a share price target of 316p.</p>
<p>The shares were up 6-1/2p at 275-1/2p by 0856 GMT.  </p>
<p>SBC Warburg gave Tomkins a sum of the parts valuation of 316p, noting that the quality of some of its operations was not recognised in its current rating, according to market sources.</p>
<p>The strength of the group's cash flow relative to earnings was also said to be a factor in setting the 12- month share price target.</p>
<p>-- London Newsroom +44 171 542 4027</p>
</text>
<copyright>(c) Reuters Limited 1997</copyright>
<metadata>
<codes class="bip:countries:1.0">
  <code code="UK">
    <editdetail attribution="Reuters BIP Coding Group" action="confirmed" date="1997-04-04"/>
  </code>
</codes>
<codes class="bip:industries:1.0">
  <code code="I83960">
    <editdetail attribution="Reuters BIP Coding Group" action="confirmed" date="1997-04-04"/>
  </code>
</codes>
<codes class="bip:topics:1.0">
  <code code="C15">
    <editdetail attribution="Reuters BIP Coding Group" action="confirmed" date="1997-04-04"/>
  </code>
  <code code="C152">
    <editdetail attribution="Reuters BIP Coding Group" action="confirmed" date="1997-04-04"/>
  </code>
  <code code="CCAT">
    <editdetail attribution="Reuters BIP Coding Group" action="confirmed" date="1997-04-04"/>
  </code>
</codes>
<dc element="dc.date.created" value="1997-04-04"/>
<dc element="dc.publisher" value="Reuters Holdings Plc"/>
<dc element="dc.date.published" value="1997-04-04"/>
<dc element="dc.source" value="Reuters"/>
<dc element="dc.creator.location" value="LONDON"/>
<dc element="dc.creator.location.country.name" value="UK"/>
<dc element="dc.source" value="Reuters"/>
</metadata>
</newsitem>
