<?xml version="1.0" encoding="iso-8859-1" ?>
<newsitem itemid="6856" id="root" date="1996-08-21" xml:lang="en">
<title>USA: American HomePatient buys two companies.</title>
<headline>American HomePatient buys two companies.</headline>
<dateline>BRENTWOOD, Tenn.. 1996-08-21</dateline>
<text>
<p>American HomePatient Inc said on Wednesday that it has acquired Flemington Medical Products Inc and Cranbury Medical Supplies Inc.</p>
<p>The terms of the acquisitions were not disclosed.</p>
<p>Both acquired companies provide respiratory services and home medical equipment and supplies. Combined, they add three new home health care centers and annualized revenues of $1.5 million, American HomePatient said.</p>
<p>Flemington and Cranbury were both owned by Roger Kreider who will remain with American HomePatient as general manager, the company said.</p>
</text>
<copyright>(c) Reuters Limited 1996</copyright>
<metadata>
<codes class="bip:countries:1.0">
  <code code="USA">
    <editdetail attribution="Reuters BIP Coding Group" action="confirmed" date="1996-08-21"/>
  </code>
</codes>
<codes class="bip:industries:1.0">
  <code code="I37200">
    <editdetail attribution="Reuters BIP Coding Group" action="confirmed" date="1996-08-21"/>
  </code>
  <code code="I95100">
    <editdetail attribution="Reuters BIP Coding Group" action="confirmed" date="1996-08-21"/>
  </code>
</codes>
<codes class="bip:topics:1.0">
  <code code="C18">
    <editdetail attribution="Reuters BIP Coding Group" action="confirmed" date="1996-08-21"/>
  </code>
  <code code="C181">
    <editdetail attribution="Reuters BIP Coding Group" action="confirmed" date="1996-08-21"/>
  </code>
  <code code="CCAT">
    <editdetail attribution="Reuters BIP Coding Group" action="confirmed" date="1996-08-21"/>
  </code>
</codes>
<dc element="dc.date.created" value="1996-08-21"/>
<dc element="dc.publisher" value="Reuters Holdings Plc"/>
<dc element="dc.date.published" value="1996-08-21"/>
<dc element="dc.source" value="Reuters"/>
<dc element="dc.creator.location" value="BRENTWOOD, Tenn.."/>
<dc element="dc.creator.location.country.name" value="USA"/>
<dc element="dc.source" value="Reuters"/>
</metadata>
</newsitem>
