<?xml version="1.0" encoding="iso-8859-1" ?>
<newsitem itemid="683276" id="root" date="1997-06-24" xml:lang="en">
<title>USA: Levitt applauds PSA &quot;pay-to-play&quot; letter to lawyers.</title>
<headline>Levitt applauds PSA &quot;pay-to-play&quot; letter to lawyers.</headline>
<dateline>WASHINGTON 1997-06-24</dateline>
<text>
<p>SEC Chairman Arthur Levitt on Tuesday applauded municipal bond dealers for urging the American Bar Association to follow their lead and adopt a voluntary ban on &quot;pay-to-play&quot; at an upcoming annual meeting.</p>
<p>&quot;In calling for the ABA to take strong steps to end pay-to-play by lawyers, PSA points out that the integrity of the municipal bond market rests upon the shoulders of all, including lawyers,&quot; Levitt said, referring to a June 23 letter from PSA The Bond Market Trade Association to ABA President Lee Cooper.  </p>
<p>&quot;I applaud this call for action from those who are active in this market and have taken steps themselves to end pay-to-play,&quot; Levitt said.</p>
<p>SEC announced on Tuesday that Levitt will deliver a &quot;major address later this week on the integrity of the municipal securities markets and the need to end pay-to-play by municipal securities lawyers.&quot;</p>
<p>He is scheduled to speak Thursday at 1230 EST (1630GMT) at the Fixed Income Conference; Wyndham Franklin Plaza Hotel Ballroom; 17th and Race Sts., in Philadelphia.</p>
<p>In her one-page letter to Cooper, PSA President Heather Ruth said bond dealers recognized that the muni market's integrity hinges on each dealer maintaining the highest ethical standards.</p>
<p>&quot;This principle is equally applicable to other participants in the offering of municipal securities, including lawyers,&quot; Ruth said.</p>
<p>The ABA's Cooper was unavailable for comment.</p>
<p>--Vicky Stamas, U.S. Municipals Desk, 202-898-8314</p>
</text>
<copyright>(c) Reuters Limited 1997</copyright>
<metadata>
<codes class="bip:countries:1.0">
  <code code="USA">
    <editdetail attribution="Reuters BIP Coding Group" action="confirmed" date="1997-06-24"/>
  </code>
</codes>
<codes class="bip:industries:1.0">
  <code code="I83100">
    <editdetail attribution="Reuters BIP Coding Group" action="confirmed" date="1997-06-24"/>
  </code>
</codes>
<codes class="bip:topics:1.0">
  <code code="C13">
    <editdetail attribution="Reuters BIP Coding Group" action="confirmed" date="1997-06-24"/>
  </code>
  <code code="C31">
    <editdetail attribution="Reuters BIP Coding Group" action="confirmed" date="1997-06-24"/>
  </code>
  <code code="CCAT">
    <editdetail attribution="Reuters BIP Coding Group" action="confirmed" date="1997-06-24"/>
  </code>
</codes>
<dc element="dc.date.created" value="1997-06-24"/>
<dc element="dc.publisher" value="Reuters Holdings Plc"/>
<dc element="dc.date.published" value="1997-06-24"/>
<dc element="dc.source" value="Reuters"/>
<dc element="dc.creator.location" value="WASHINGTON"/>
<dc element="dc.creator.location.country.name" value="USA"/>
<dc element="dc.source" value="Reuters"/>
</metadata>
</newsitem>
