<?xml version="1.0" encoding="iso-8859-1" ?>
<newsitem itemid="3745" id="root" date="1996-08-20" xml:lang="en">
<title>USA: Eastern Cornbelt hogs carcass close - USDA.</title>
<headline>Eastern Cornbelt hogs carcass close - USDA.</headline>
<dateline>SPRINGFIELD 1996-08-20</dateline>
<text>
<p>Receipts Tuesday 26,000, Week Ago 33,400, Year Ago 28,500. Trend: Steady to instances of $1.00 to $1.75. -- USDA</p>
<p>Lean Value Summary for 170-191 lbs Carcasses</p>
<p>Percent  10th Rib	Last Rib     Carcass Cwt</p>
<p>Lean	Backfat	 Backfat     Price Range</p>
<p>45-46%   1.15-1.24&quot;   1.20-1.29&quot;    75.05  79.06</p>
<p>47-48%   1.00-1.14&quot;   1.10-1.19&quot;    78.02  80.69</p>
<p>49-50%    .90- .99&quot;   1.00-1.09&quot;    78.75  82.32</p>
<p>51-52%    .75- .89&quot;    .80- .99&quot;    80.25  83.95</p>
<p>53-54%    .60- .74&quot;    .60- .79&quot;    81.25  86.12</p>
</text>
<copyright>(c) Reuters Limited 1996</copyright>
<metadata>
<codes class="bip:countries:1.0">
  <code code="USA">
    <editdetail attribution="Reuters BIP Coding Group" action="confirmed" date="1996-08-20"/>
  </code>
</codes>
<codes class="bip:topics:1.0">
  <code code="M14">
    <editdetail attribution="Reuters BIP Coding Group" action="confirmed" date="1996-08-20"/>
  </code>
  <code code="M141">
    <editdetail attribution="Reuters BIP Coding Group" action="confirmed" date="1996-08-20"/>
  </code>
  <code code="MCAT">
    <editdetail attribution="Reuters BIP Coding Group" action="confirmed" date="1996-08-20"/>
  </code>
</codes>
<dc element="dc.date.created" value="1996-08-20"/>
<dc element="dc.publisher" value="Reuters Holdings Plc"/>
<dc element="dc.date.published" value="1996-08-20"/>
<dc element="dc.source" value="Reuters"/>
<dc element="dc.creator.location" value="SPRINGFIELD"/>
<dc element="dc.creator.location.country.name" value="USA"/>
<dc element="dc.source" value="Reuters"/>
</metadata>
</newsitem>
