<?xml version="1.0" encoding="iso-8859-1" ?>
<newsitem itemid="430961" id="root" date="1997-03-10" xml:lang="en">
<title>USA: Heinz declines comment on pretax charge.</title>
<headline>Heinz declines comment on pretax charge.</headline>
<dateline>PITTSBURGH 1997-03-10</dateline>
<text>
<p>A spokeswoman for H.J. Heinz Co on Monday declined to comment on a Wall Street Journal report that said the food company will take a pretax charge of more than $500 million in its fiscal fourth quarter ending April 30.</p>
<p>The report also said Heinz will cut its 43,000-person workforce by six percent and sell ancillary businesses in the coming year that contribute $400 to $500 million in annual sales.  </p>
<p>&quot;We're not confirming anything at this point,&quot; the spokeswoman said.  &quot;We'll have more to say on Friday.&quot;</p>
<p>The company is scheduled to hold a previously announced meeting on Friday in San Francisco for analysts that will detail its expected restructuring plan.  The company has been saying for several months that it plans to restructure but has not disclosed details.</p>
<p>-- ((Pittsburgh newsroom 412-471-7088))</p>
</text>
<copyright>(c) Reuters Limited 1997</copyright>
<metadata>
<codes class="bip:countries:1.0">
  <code code="USA">
    <editdetail attribution="Reuters BIP Coding Group" action="confirmed" date="1997-03-10"/>
  </code>
</codes>
<codes class="bip:industries:1.0">
  <code code="I41000">
    <editdetail attribution="Reuters BIP Coding Group" action="confirmed" date="1997-03-10"/>
  </code>
</codes>
<codes class="bip:topics:1.0">
  <code code="C15">
    <editdetail attribution="Reuters BIP Coding Group" action="confirmed" date="1997-03-10"/>
  </code>
  <code code="C152">
    <editdetail attribution="Reuters BIP Coding Group" action="confirmed" date="1997-03-10"/>
  </code>
  <code code="CCAT">
    <editdetail attribution="Reuters BIP Coding Group" action="confirmed" date="1997-03-10"/>
  </code>
</codes>
<dc element="dc.date.created" value="1997-03-10"/>
<dc element="dc.publisher" value="Reuters Holdings Plc"/>
<dc element="dc.date.published" value="1997-03-10"/>
<dc element="dc.source" value="Reuters"/>
<dc element="dc.creator.location" value="PITTSBURGH"/>
<dc element="dc.creator.location.country.name" value="USA"/>
<dc element="dc.source" value="Reuters"/>
</metadata>
</newsitem>
