<?xml version="1.0" encoding="iso-8859-1" ?>
<newsitem itemid="191416" id="root" date="1996-11-15" xml:lang="en">
<title>USA: UniComp wins British Telecomm contract.</title>
<headline>UniComp wins British Telecomm contract.</headline>
<dateline>HOUSTON 1996-11-15</dateline>
<text>
<p>UniComp Inc said on Friday its CMI subsidiary won a contract from British Telecommunications plan worth an estimated $300,000 for the support of its desktop environment throughout Northern Ireland.</p>
<p>British Telecomm also named CMI an authorized dealer for its portfolio of network services, UniComp said.  </p>
<p>The two would also work together on British Telecomm's CampusWorld project, which provides secure Internet access for the education sector throughout the United Kingdom, UniComp said.</p>
<p>UniComp develops, markets and supports platform-migration application and payment processing software products for Unix-based computer systems and point of transaction processors worldwide.</p>
</text>
<copyright>(c) Reuters Limited 1996</copyright>
<metadata>
<codes class="bip:countries:1.0">
  <code code="UK">
    <editdetail attribution="Reuters BIP Coding Group" action="confirmed" date="1996-11-15"/>
  </code>
  <code code="USA">
    <editdetail attribution="Reuters BIP Coding Group" action="confirmed" date="1996-11-15"/>
  </code>
</codes>
<codes class="bip:industries:1.0">
  <code code="I33020">
    <editdetail attribution="Reuters BIP Coding Group" action="confirmed" date="1996-11-15"/>
  </code>
  <code code="I79020">
    <editdetail attribution="Reuters BIP Coding Group" action="confirmed" date="1996-11-15"/>
  </code>
</codes>
<codes class="bip:topics:1.0">
  <code code="C33">
    <editdetail attribution="Reuters BIP Coding Group" action="confirmed" date="1996-11-15"/>
  </code>
  <code code="CCAT">
    <editdetail attribution="Reuters BIP Coding Group" action="confirmed" date="1996-11-15"/>
  </code>
</codes>
<dc element="dc.date.created" value="1996-11-15"/>
<dc element="dc.publisher" value="Reuters Holdings Plc"/>
<dc element="dc.date.published" value="1996-11-15"/>
<dc element="dc.source" value="Reuters"/>
<dc element="dc.creator.location" value="HOUSTON"/>
<dc element="dc.creator.location.country.name" value="USA"/>
<dc element="dc.source" value="Reuters"/>
</metadata>
</newsitem>
