<?xml version="1.0" encoding="iso-8859-1" ?>
<newsitem itemid="488902" id="root" date="1997-04-04" xml:lang="en">
<title>EGYPT: PRESS DIGEST - Egypt - April 4.</title>
<headline>PRESS DIGEST - Egypt - April 4.</headline>
<dateline>CAIRO 1997-04-04</dateline>
<text>
<p>These are the leading stories in the Egyptian press on Friday. Reuters has not verified these stories and does not vouch for their accuracy.</p>
<p>AL-AHRAM</p>
<p>- All political parties wholeheartedly welcome the &quot;21st Century Egypt&quot; document which reflects President Hosni Mubarak's vision for the future and the projects that will take Egypt into the next century.</p>
<p>- World Bank delegation to visit Cairo mid-month to discuss the New Valley project. International Monetary Fund approves the revised version of the economic reform programme.</p>
<p>- Public Enterprise Minister Atef Obeid will head a commercial delegation including 65 businessmen to the United Arab Emirates and Qatar.</p>
<p>- Presidential adviser Osama el-Baz tells Reuters Television that the chances for the success of the U.S. initiative hinge on freezing settlement activities in Jerusalem.</p>
<p>- Turkish President Suleyman Demirel to visit Egypt this month to sign cooperation and partnership agreements.</p>
<p>AL-AKHBAR</p>
<p>- Clinton may ask Netanyahu to stop settlements for six months! Israeli plans to build thousands of settlements in the West Bank.</p>
<p>- For the Eid al-Adha festival: 35,000 sheep and 6,000 cows arrive from Australia.</p>
<p>- Prime Minister Kamal Ganzouri says the government is keen to support the democratic process.</p>
<p>AL-GOMHURIA</p>
<p>- Ganzouri says the government is able to pay for the infrastructure of the New Valley project.</p>
<p>- Egyptian delegation will travel to Washington to promote the international tender to prospect for oil in 155,000 square metres of land in the New Valley, Siwa oasis and Aswan.</p>
<p>$1 = 3.395 pounds</p>
<p>-- Cairo newsroom +20 2 578 3290/1</p>
</text>
<copyright>(c) Reuters Limited 1997</copyright>
<metadata>
<codes class="bip:countries:1.0">
  <code code="EGYPT">
    <editdetail attribution="Reuters BIP Coding Group" action="confirmed" date="1997-04-04"/>
  </code>
</codes>
<codes class="bip:topics:1.0">
  <code code="GCAT">
    <editdetail attribution="Reuters BIP Coding Group" action="confirmed" date="1997-04-04"/>
  </code>
</codes>
<dc element="dc.date.created" value="1997-04-04"/>
<dc element="dc.publisher" value="Reuters Holdings Plc"/>
<dc element="dc.date.published" value="1997-04-04"/>
<dc element="dc.source" value="Reuters"/>
<dc element="dc.creator.location" value="CAIRO"/>
<dc element="dc.creator.location.country.name" value="EGYPT"/>
<dc element="dc.source" value="Reuters"/>
</metadata>
</newsitem>
