<?xml version="1.0" encoding="iso-8859-1" ?>
<newsitem itemid="135595" id="root" date="1996-10-22" xml:lang="en">
<title>GERMANY: Bundesbank sets 14-day repo tender at fixed 3 pct.</title>
<headline>Bundesbank sets 14-day repo tender at fixed 3 pct.</headline>
<dateline>FRANKFURT 1996-10-22</dateline>
<text>
<p>The Bundesbank said on Tuesday it was setting a tender for 14-day securities repurchase agreements, offering banks liquidity at a fixed rate of three percent.</p>
<p>Funds will be credited to accounts tomorrow and the securities have to be repurchased on November 6.</p>
<p>A 69.9 billion-mark facility set at a fixed three percent interest rate expires on Wednesday.</p>
<p>A 14-day facility set last week carried interest rates of three percent.</p>
<p>--Frankfurt Newsroom, +49 69 756525</p>
</text>
<copyright>(c) Reuters Limited 1996</copyright>
<metadata>
<codes class="bip:countries:1.0">
  <code code="GFR">
    <editdetail attribution="Reuters BIP Coding Group" action="confirmed" date="1996-10-22"/>
  </code>
</codes>
<codes class="bip:topics:1.0">
  <code code="M13">
    <editdetail attribution="Reuters BIP Coding Group" action="confirmed" date="1996-10-22"/>
  </code>
  <code code="M131">
    <editdetail attribution="Reuters BIP Coding Group" action="confirmed" date="1996-10-22"/>
  </code>
  <code code="MCAT">
    <editdetail attribution="Reuters BIP Coding Group" action="confirmed" date="1996-10-22"/>
  </code>
</codes>
<dc element="dc.date.created" value="1996-10-22"/>
<dc element="dc.publisher" value="Reuters Holdings Plc"/>
<dc element="dc.date.published" value="1996-10-22"/>
<dc element="dc.source" value="Reuters"/>
<dc element="dc.creator.location" value="FRANKFURT"/>
<dc element="dc.creator.location.country.name" value="GERMANY"/>
<dc element="dc.source" value="Reuters"/>
</metadata>
</newsitem>
