<?xml version="1.0" encoding="iso-8859-1" ?>
<newsitem itemid="137902" id="root" date="1996-10-23" xml:lang="en">
<title>UK: Saint George adds 100 mln marks to five-year FRN.</title>
<headline>Saint George adds 100 mln marks to five-year FRN.</headline>
<dateline>LONDON 1996-10-23</dateline>
<text>
<p>The following floating-rate issue was announced by lead manager UBS (Deutschland).</p>
<p> BORROWER   SAINT GEORGE</p>
<p> AMT ** 100 MLN DEM   BASE	 3M-LIBOR  MATURITY    13.AUG.01</p>
<p> TYPE	 FRN	 MARGIN     +15 BP    PAY DATE    13.NOV.96</p>
<p> LAST MOODY BAA1	ISS PRICE  99.95     FULL FEES   20 BP</p>
<p> LAST S&amp;P   A-	  REOFFER    99.95</p>
<p> NOTES   ** FUNGIBLE WITH 200 MLN DEM BOND LAUNCHED 22.JUL.96</p>
<p> LISTING    FFRT	DENOMS (K) 1-10	SALE LIMS US/UK/GE/AU</p>
<p> NEG PLG    YES	 CRS DEFLT  YES	 FORCE MAJ   YES</p>
<p> GOV LAW    ENGLISH   MGT/UND    10 BP     SELL CONC  7.5 BP</p>
<p> LIST FEE   2.5 BP</p>
<p> NOTES	LAUNCHED OFF AN EMTN PROGRAMME.</p>
<p>-- London Newsroom +44 171 542 8863</p>
</text>
<copyright>(c) Reuters Limited 1996</copyright>
<metadata>
<codes class="bip:countries:1.0">
  <code code="AUSTR">
    <editdetail attribution="Reuters BIP Coding Group" action="confirmed" date="1996-10-23"/>
  </code>
  <code code="UK">
    <editdetail attribution="Reuters BIP Coding Group" action="confirmed" date="1996-10-23"/>
  </code>
</codes>
<codes class="bip:industries:1.0">
  <code code="I81402">
    <editdetail attribution="Reuters BIP Coding Group" action="confirmed" date="1996-10-23"/>
  </code>
</codes>
<codes class="bip:topics:1.0">
  <code code="C17">
    <editdetail attribution="Reuters BIP Coding Group" action="confirmed" date="1996-10-23"/>
  </code>
  <code code="C172">
    <editdetail attribution="Reuters BIP Coding Group" action="confirmed" date="1996-10-23"/>
  </code>
  <code code="CCAT">
    <editdetail attribution="Reuters BIP Coding Group" action="confirmed" date="1996-10-23"/>
  </code>
</codes>
<dc element="dc.date.created" value="1996-10-23"/>
<dc element="dc.publisher" value="Reuters Holdings Plc"/>
<dc element="dc.date.published" value="1996-10-23"/>
<dc element="dc.source" value="Reuters"/>
<dc element="dc.creator.location" value="LONDON"/>
<dc element="dc.creator.location.country.name" value="UK"/>
<dc element="dc.source" value="Reuters"/>
</metadata>
</newsitem>
