<?xml version="1.0" encoding="iso-8859-1" ?>
<newsitem itemid="358715" id="root" date="1997-02-05" xml:lang="en">
<title>NEW ZEALAND: NZ wool prices mixed at Christchurch/Napier sales.</title>
<headline>NZ wool prices mixed at Christchurch/Napier sales.</headline>
<dateline>WELLINGTON 1997-02-05</dateline>
<text>
<p>Wool prices were mixed but generally unchanged at wool sales at Christchurch and Napier on Thursday, Wools of New Zealand said.</p>
<p>The market indicator fell three cents to 445 cents with the fine segment up 12 to 818 cents, the medium up two to 526, strong down two to 397 and lamb down nine to 401.</p>
<p>Main buying interest came from China, Western Europe, local mills, Nepal, Turkey and Australia with support from the U.S. and India.  </p>
<p>Merino fleece was up to 2 percent dearer, halfbred fleece up to 2 percent dearer, crossbred fleece 0-1 percent dearer, cotts and second shear unchanged, first lambs 27-29 micron 2.5 percent dearer, 30-32 micron 2-4 percent cheaper, second lambs 2.5-5.0 percent dearer, bulky skirtings 0-2 percent cheaper.</p>
<p>The next sale is at Christchurch on February 13.</p>
<p>-- Wellington newsroom 64 4 4734 746</p>
</text>
<copyright>(c) Reuters Limited 1997</copyright>
<metadata>
<codes class="bip:countries:1.0">
  <code code="NZ">
    <editdetail attribution="Reuters BIP Coding Group" action="confirmed" date="1997-02-05"/>
  </code>
</codes>
<codes class="bip:topics:1.0">
  <code code="M14">
    <editdetail attribution="Reuters BIP Coding Group" action="confirmed" date="1997-02-05"/>
  </code>
  <code code="M141">
    <editdetail attribution="Reuters BIP Coding Group" action="confirmed" date="1997-02-05"/>
  </code>
  <code code="MCAT">
    <editdetail attribution="Reuters BIP Coding Group" action="confirmed" date="1997-02-05"/>
  </code>
</codes>
<dc element="dc.date.created" value="1997-02-05"/>
<dc element="dc.publisher" value="Reuters Holdings Plc"/>
<dc element="dc.date.published" value="1997-02-05"/>
<dc element="dc.source" value="Reuters"/>
<dc element="dc.creator.location" value="WELLINGTON"/>
<dc element="dc.creator.location.country.name" value="NEW ZEALAND"/>
<dc element="dc.source" value="Reuters"/>
</metadata>
</newsitem>
