<?xml version="1.0" encoding="iso-8859-1" ?>
<newsitem itemid="775689" id="root" date="1997-08-04" xml:lang="en">
<title>INDONESIA: Pertamina to invest $1.3 bln in Pakanbaru block.</title>
<headline>Pertamina to invest $1.3 bln in Pakanbaru block.</headline>
<dateline>JAKARTA 1997-08-04</dateline>
<text>
<p>Indonesian state oil company Pertamina said on Monday that it would plough around $1.3 billion into developing the Coastal Plain Pakanbaru (CPP) block, which it plans to take over from PT Caltex Pacific Indonesia.</p>
<p>&quot;Pertamina will finance by itself the total of around $1.3 billion in investment to develop the CPP block for another 20 years. PT Caltex Pacific Indonesia's contract expires in 2001, Pertamina will continue to develop the block with an enhanced oil recovery project,&quot; Pertamina finance director Sugianto told reporters.</p>
<p>&quot;Pertamina views that the government will get more benefit if it is operating the block despite such high investment. We are ready for it,&quot; he added.</p>
<p>&quot;You can calculate the benefit, with an average production of around 70,000 barrels-per-day and assuming oil prices at $16.50 a barrel, we will get more than $400 million a year,&quot; he said.</p>
<p>&quot;Maybe when the block is handed over to Pertamina in 2001, the production will decline from current levels. But the oil in place will still be there. It is a matter of time and technology to recover the oil,&quot; Sugianto said.</p>
<p>&quot;The reserves are still quite big in the CPP block,&quot; he added without giving details.</p>
<p>Pertamina said on July 23 it would take over the CPP block in 2001 when the 30-year contract of the operator -- Caltex -- runs out.</p>
<p>Caltex, equally owned by U.S. oil giants Chevron Corp and Texaco Inc, operates four production sharing blocks in Indonesia that produce mainly heavy sweet Minas and Duri crudes.</p>
<p>The CPP block, on Sumatra Island, produces 77,000 barrels per day (bpd) of crude oil.</p>
</text>
<copyright>(c) Reuters Limited 1997</copyright>
<metadata>
<codes class="bip:countries:1.0">
  <code code="INDON">
    <editdetail attribution="Reuters BIP Coding Group" action="confirmed" date="1997-08-04"/>
  </code>
</codes>
<codes class="bip:industries:1.0">
  <code code="I13000">
    <editdetail attribution="Reuters BIP Coding Group" action="confirmed" date="1997-08-04"/>
  </code>
  <code code="I1300003">
    <editdetail attribution="Reuters BIP Coding Group" action="confirmed" date="1997-08-04"/>
  </code>
  <code code="I14000">
    <editdetail attribution="Reuters BIP Coding Group" action="confirmed" date="1997-08-04"/>
  </code>
</codes>
<codes class="bip:topics:1.0">
  <code code="C24">
    <editdetail attribution="Reuters BIP Coding Group" action="confirmed" date="1997-08-04"/>
  </code>
  <code code="CCAT">
    <editdetail attribution="Reuters BIP Coding Group" action="confirmed" date="1997-08-04"/>
  </code>
</codes>
<dc element="dc.date.created" value="1997-08-04"/>
<dc element="dc.publisher" value="Reuters Holdings Plc"/>
<dc element="dc.date.published" value="1997-08-04"/>
<dc element="dc.source" value="Reuters"/>
<dc element="dc.creator.location" value="JAKARTA"/>
<dc element="dc.creator.location.country.name" value="INDONESIA"/>
<dc element="dc.source" value="Reuters"/>
</metadata>
</newsitem>
