<?xml version="1.0" encoding="iso-8859-1" ?>
<newsitem itemid="422085" id="root" date="1997-03-05" xml:lang="en">
<title>UK: FORECAST - Consensus of key economic indicators.</title>
<headline>FORECAST - Consensus of key economic indicators.</headline>
<text>
<p>GMT------------KEY INDICATOR------------F/CAST-----RANGE---PRVS</p>
<p> 0700  Wed   GER. GDP (Q/Q)	 Q4   -0.2  PCT -0.3/0.1    0.8</p>
<p> 0700  Wed   GER. GDP (Y/Y)	 Q4    1.8  PCT  1.6/2.0    1.9</p>
<p> 0700  Wed   W.G. GDP (Q/Q)	 Q4    N/F  PCT    N/A	0.7</p>
<p> 0700  Wed   W.G. GDP (Y/Y)	 Q4    N/F  PCT    N/A	1.7</p>
<p> 2350  Wed   JPN  C/A (YEN;NSA;IMFJAN   -31  BLN  -96/40    33.0</p>
<p> 2350  Wed   JPN  TRADE BAL. (YEN;JAN   N/F  BLN    N/A	271</p>
<p> N/A   We-We E.G. INDUST PROD (Y/YJAN   N/F  PCT    N/A     10.9</p>
<p> N/A   We-We GER. INDUST PROD     JAN  -1.0  PCT -2.0/-0.3   0.8</p>
<p> N/A   We-We GER. INDUST PROD (Y/YJAN   2.7  PCT  1.0/5.6    2.9</p>
<p> N/A   We-We W.G. INDUST PROD (Y/YJAN   N/F  PCT    N/A	2.0</p>
<p> 0855  Thu   E.G. UNEMPLOYMENT(NSAFEB   N/F  PCT    N/A     18.7</p>
<p> 0855  Thu   E.G. UNEMPLOYMENT(NSAFEB   N/F  MLN    N/A	1.4</p>
<p> 0855  Thu   E.G. UNEMPLOYMENT(SA)FEB   N/F  K	N/A	 81</p>
<p> 0855  Thu   GER  UNEMPLOYMENT(NSAFEB   12.2 PCT    N/A     12.2</p>
<p> 0855  Thu   GER  UNEMPLOYMENT(NSAFEB   N/F  MLN    N/A	4.7</p>
<p> 0855  Thu   GER  UNEMPLOYMENT(SA)FEB   5,000    -40K/50K    160</p>
<p> 0855  Thu   W.G. UNEMPLOYMENT(NSAFEB   N/F  PCT    N/A     10.6</p>
<p> 0855  Thu   W.G. UNEMPLOYMENT(NSAFEB   N/F  MLN    N/A	3.3</p>
<p> 0855  Thu   W.G. UNEMPLOYMENT(SA)FEB   N/F  K	N/A     78.0</p>
<p> 1130  Thu   UK   CBI SVY OF DISTRIBUTIVE TRADES - FEBRUARY</p>
<p> 1330  Thu   CAN  HELP WANTED INDXFEB   97   PCT    97	  96</p>
<p> 1330  Thu   CAN  BUILDING PERMITSJAN   5.0  PCT    5.0     -4.6</p>
<p> 1330  Thu   USA  JOBLESS CLAIMS 01-Mar 317,000     N/A	316</p>
<p> 1500  Th-Mo FRA  M3 (Y/Y) SA     JAN   N/F  PCT    N/A     -2.9</p>
<p> 1500  Thu   USA  FACTORY ORDERS  JAN   2.0  PCT  0.2/2.0   -1.3</p>
<p> 2130  Thu   USA  M1	     24-Feb   N/F  BLN    N/A     -6.4</p>
<p> 2130  Thu   USA  M2	     24-Feb   N/F  BLN    N/A	5.4</p>
<p> 2130  Thu   USA  M3	     24-Feb   N/F  BLN    N/A     17.0</p>
<p> N/A   Th-Th E.G. MANU NEW ORDS Y/JAN   N/F  PCT    N/A     -0.9</p>
<p> N/A   Th-Th GER. MANU NEW ORDERS JAN   0.9  PCT -0.5/3.0   -1.8</p>
<p> N/A   Th-Th GER. MANU NEW ORDS Y/JAN   2.9  PCT -1.5/5.3    2.0</p>
<p> N/A   Th-Th W.G. MANU NEW ORDS Y/JAN   N/F  PCT    N/A	2.2</p>
<p> 0930  Fri   UK   CONSTRUCTION ORDQ4    N/F  PCT    N/A     UNCH</p>
<p> 0930  Fri   UK   HOUSING COMPLETIJAN   N/F  K	N/A     47.3</p>
<p> 0930  Fri   UK   HOUSING STARTS (JAN   N/F  K	N/A     41.1</p>
<p> 1200  Fri   CAN  UNEMPLOYMENT    FEB   9.6  PCT  9.6/9.7    9.7</p>
<p> 1200  Fri   CAN  EMPLOYMENT GROWTFEB   36,000    30K/40K     5K</p>
<p> 1330  Fri   USA  PAYROLL EMPLOY  FEB   230,000   118/260    271</p>
<p> 1330  Fri   USA  UNEMPLOYMENT    FEB   5.3  PCT  5.2/5.4    5.4</p>
<p> 1330  Fri   USA  AVG HRLY EARNS  FEB   0.4  PCT  0.2/0.5    0.1</p>
<p> 2000  Fri   USA  CONSUMER CREDIT JAN   5.6  BLN  4.5/6.0    4.9</p>
<p>* ECONOMIC INDICATORS WEEK COMMENCING MARCH 10</p>
<p> 2330  Sun   JPN  WHOLESALE  (Y/Y)FEB   N/F  PCT    N/A	1.0</p>
<p> 2330  Sun   JPN  WHOLESALE PRICESFEB   N/F  PCT    N/A	0.3</p>
<p> 0500  Mo-Su JPN  MACH ORDERS OVERJAN   N/F  PCT    N/A	-18</p>
<p> 0500  Mo-Su JPN  MACHINERY ORDERSJAN   N/F  PCT    N/A	9.8</p>
<p> 0500  Mo-Su JPN  ORDRS ex ships (JAN   N/F  PCT    N/A	-13</p>
<p> 0500  Mo-Su JPN  ORDRS ex ships, JAN   N/F  PCT    N/A     12.2</p>
<p> 0630  Mo-Th JPN  GDP (Q/Q)	 Q4    0.6  PCT -0.4/1.3    0.1</p>
<p> 0630  Mo-Th JPN  GDP (Y/Y)	 Q4    N/F  PCT    N/A	0.4</p>
<p> 0930  Mon   UK   PPI (INPUT) SA  FEB   N/F  PCT    N/A     -0.6</p>
<p> 0930  Mon   UK   PPI (INPUT) SA YFEB   N/F  PCT    N/A     -6.3</p>
<p> 0930  Mon   UK   PPI (OUTPUT)  Y/FEB   N/F  PCT    N/A	0.2</p>
<p> 0930  Mon   UK   PPI (OUTPUT)NSA FEB   N/F  PCT    N/A	1.5</p>
<p> 0930  Mon   UK   OUTPUT EX F.D.T.FEB   N/F  PCT    N/A	0.3</p>
<p> 0930  Mon   UK   OUTPUT EX F.D.T.FEB   N/F  PCT    N/A	0.6</p>
<p> 1315  Mon   CAN  HOUSING STARTS (FEB   N/F  K	N/A	145</p>
<p> N/A   Mo-Fr GER. RETAIL SLS(NM;Y/JAN   N/F  PCT    N/A     -3.3</p>
<p> N/A   Mo-Fr GER. RETAIL SLS(RL;Y/JAN   N/F  PCT    N/A     -4.4</p>
<p> 0930  Tue   UK   CONST'N NEW ORDSJAN   N/F  PCT    N/A	8.0</p>
<p> 0930  Tue   UK   CYCLICAL INDICAT	N/F	   N/A	N/A</p>
<p> 1330  Tue   CAN  NEW MTR VHCL SLSJAN   N/F  PCT    N/A	5.1</p>
<p> 1500  Tue   USA  WHOLESALE TRADE JAN   N/F  PCT    N/A     -0.6</p>
<p> 0930  Wed   UK   INDUSTRIAL (Y/Y)JAN   N/F  PCT    N/A	1.9</p>
<p> 0930  Wed   UK   INDUSTRIAL PROD JAN   N/F  PCT    N/A	0.6</p>
<p> 0930  Wed   UK   MANUF. (Y/Y)    JAN   N/F  PCT    N/A	1.4</p>
<p> 0930  Wed   UK   MANUF. OUTPUT   JAN   N/F  PCT    N/A	0.2</p>
<p> 1330  Wed   CAN  NEW HOUSING PRICJAN   N/F  PCT    N/A     -0.9</p>
<p> 0745  Wed   FRA  CONSUMER PRICES FEB   N/F  PCT    N/A	0.3</p>
<p> 0745  Wed   FRA  CPI (PREL) (Y/Y)FEB   N/F  PCT    N/A	1.8</p>
<p> 1330  Thu   CAN  BUILDING PERMITSNOV   N/F  PCT    N/A	2.1</p>
<p> 1330  Thu   USA  RETAIL SALES    FEB   N/F  PCT    N/A	0.6</p>
<p> 1330  Thu   USA  SALES EX AUTO   FEB   N/F  PCT    N/A	0.4</p>
<p> 1500  Thu   USA  CURRENT ACCOUNT Q4   -39   PCT  -52/-27    -48</p>
<p> 0630  Fri   JPN  INDUST PROD (REVJAN   N/F  PCT    N/A	5.3</p>
<p> 0630  Fri   JPN  INDUST PROD (Y/YJAN   N/F  PCT    N/A	8.5</p>
<p> 0745  Fri   FRA  CURRENT A/C SA FDEC   N/F  BLN    N/A	8.0</p>
<p> 1330  Fri   USA  BUSINESS INVENT JAN   N/F  PCT    N/A     -0.1</p>
<p> 1330  Fri   USA  PPI EX FOOD/ENERFEB   N/F  PCT    N/A     UNCH</p>
<p> 1330  Fri   USA  PRODUCER PRI Y/YFEB   N/F  PCT    N/A	2.5</p>
<p> 1330  Fri   USA  PRODUCER PRICES FEB   N/F  PCT    N/A     -0.3</p>
<p> 1415  Fri   USA  CAPACITY UTIL   FEB   N/F  PCT    N/A     83.3</p>
<p> 1415  Fri   USA  INDUSTRIAL PROD FEB   N/F  PCT    N/A     UNCH</p>
<p> 1500  Fri   USA  MICH SVY(PREL)  MAR   N/F	   N/A	N/A</p>
<p> 1500  Fri   USA  REAL EARNINGS   FEB   N/F  PCT    N/A     -2.0</p>
<p>* ECONOMIC INDICATORS WEEK COMMENCING MARCH 17</p>
<p> 0200  Mo-We JPN  M2 + CD	   FEB   N/F  PCT    N/A	3.1</p>
<p> 0500  Mo-Mo JPN  NM HOUSEHOLD SPEJAN   N/F  PCT    N/A	0.1</p>
<p> 0500  Mo-Mo JPN  REAL HOUSEHOLD SJAN   N/F  PCT    N/A     -1.1</p>
<p> 1330  Mon   CAN  I-S RATIO	 JAN   N/F  PCT    N/A	1.3</p>
<p> 1330  Mon   CAN  MANUF NEW ORDRS JAN   N/F  PCT    N/A	1.3</p>
<p> 1330  Mon   CAN  MANUF SHIPMENTS JAN   N/F  PCT    N/A	3.0</p>
<p> 1330  Mon   CAN  MANUF UNFILLD ORJAN   N/F  PCT    N/A	1.1</p>
<p> 1500  Mon   USA  PHIL. FED DIFFUSMAR   N/F	   N/A     17.4</p>
<p> 2350  Mo-Mo JPN  TRADE BAL(CC;NSAFEB   N/F  BLN    N/A	5.2</p>
<p> N/A   Mo-We E.G. CST OF LVNG  Y/YFEB   N/F  PCT    N/A	1.7</p>
<p> N/A   Mo-We GER. COST OF LIVING  FEB   N/F  PCT    N/A	0.5</p>
<p> N/A   Mo-We GER. CST OF LVNG  Y/YFEB   N/F  PCT    N/A	1.8</p>
<p> N/A   Mo-We W.G. CST OF LVNG  Y/YFEB   N/F  PCT    N/A	1.9</p>
<p> 0800  Tue   ITA  INDUST PROD(SA) JAN   N/F  PCT    N/A     -2.2</p>
<p> 0800  Tue   ITA  INDUSTRIAL NSA (JAN   N/F  PCT    N/A     -3.1</p>
<p> 0930  Tue   UK   PSBR		FEB   N/F  BLN    N/A	5.8</p>
<p> 1330  Tue   CAN  COMPOSITE INDEX FEB   N/F  PCT    N/A	0.9</p>
<p> 1330  Tue   USA  HOUSING STARTS  FEB   N/F  MLN    N/A	1.4</p>
<p> N/A   Tu-Fr GER  WHOLESALE (Y/Y) FEB   N/F  PCT    N/A	1.5</p>
<p> N/A   Tu-Fr GER  WHOLESALE PRICESFEB   N/F  PCT    N/A	1.2</p>
<p> 0930  Wed   UK   RETAIL SALES SA FEB   N/F  PCT    N/A	0.6</p>
<p> 0930  Wed   UK   RETAIL SLS (Y/Y)FEB   N/F  PCT    N/A	4.6</p>
<p> 0930  Wed   UK   AVERAGE EARNINGSJAN   N/F  PCT    N/A	4.3</p>
<p> 0930  Wed   UK   UNEMPLOYMENT    FEB   N/F  K	N/A	-68</p>
<p> 0930  Wed   UK   UNEMPLOYMENT    FEB   N/F  PCT    N/A	6.5</p>
<p> 0930  Wed   UK   UNIT WAGE COSTS JAN   N/F  PCT    N/A	3.2</p>
<p> 1330  Wed   CAN  WHOLESALE TRADE JAN   N/F  PCT    N/A     FLAT</p>
<p> 1330  Wed   USA  CONSUMER PRICES FEB   N/F  PCT    N/A	0.1</p>
<p> 1330  Wed   USA  CPI (Y/Y)	 FEB   N/F  PCT    N/A	3.0</p>
<p> 1330  Wed   USA  CPI EX FOOD/ENRGFEB   N/F  PCT    N/A	0.1</p>
<p> 1630  We-Fr ITA  CONSUMER PRICES MAR   N/F  PCT    N/A	N/A</p>
<p> 1630  We-Fr ITA  CPI (CITIES)(Y/YMAR   N/F  PCT    N/A	N/A</p>
<p> N/A   We-Fr GER. M3(ANLD VS Q4 95FEB   N/F  PCT    N/A	8.6</p>
<p> 0500  Th-Th JPN  LEADING IND     JAN   N/F  PCT    N/A     70.0</p>
<p> 0930  Thu   UK   RETAIL PRI Y/Y  FEB   N/F  PCT    N/A	2.8</p>
<p> 0930  Thu   UK   RETAIL PRICES   FEB   N/F  PCT    N/A     UNCH</p>
<p> 0930  Thu   UK   RPI-X Y/Y	 FEB   N/F  PCT    N/A	3.1</p>
<p> 0930  Thu   UK   RPI-Y Y/Y	 FEB   N/F  PCT    N/A	2.8</p>
<p> 0930  Thu   UK   M4 (PROV.)	FEB   N/F  PCT    N/A	1.6</p>
<p> 0930  Thu   UK   M4 (PROV.)(Y/Y) FEB   N/F  PCT    N/A	9.8</p>
<p> 0930  Thu   UK   M4 LENDING (PROVFEB   N/F  BLN    N/A     12.8</p>
<p> 0930  Thu   UK   B/S NET MORT APPFEB   N/F  BLN    N/A	3.3</p>
<p> 0930  Thu   UK   MOTOR VHCL PROD FEB   N/F  PCT    N/A	9.7</p>
<p> 1330  Thu   CAN  MERCH. EXPORTS  JAN   N/F  BLN    N/A     22.3</p>
<p> 1330  Thu   CAN  MERCH. IMPORTS  JAN   N/F  BLN    N/A     20.0</p>
<p> 1330  Thu   CAN  MERCH. TRADE    JAN   N/F  BLN    N/A	2.4</p>
<p> 1330  Thu   CAN  RETAIL SALES    JAN   N/F  PCT    N/A     -0.3</p>
<p> 1330  Thu   USA  INT'L TRADE     JAN   N/F  BLN    N/A     29.6</p>
<p> N/A   Th-Tu E.G  PRODUCER (Y/Y)  FEB   N/F  PCT    N/A	1.8</p>
<p> N/A   Th-Tu GER. PRODUCER (Y/Y)  FEB   N/F  PCT    N/A	0.3</p>
<p> N/A   Th-Tu GER. PRODUCER PRI    FEB   N/F  PCT    N/A	0.7</p>
<p> N/A   Th-Tu W.G  PRODUCER (Y/Y)  FEB   N/F  PCT    N/A	0.6</p>
<p> 0030  Fri   UK   CBI MONTHLY TRENMAR   N/F	   N/A	N/A</p>
<p> 0500  Fr-Mo JPN  COINCIDENT IND  JAN   N/F  PCT    N/A     90.0</p>
<p> 1200  Fri   CAN  CONSUMER PRI(NSAFEB   N/F  PCT    N/A	0.2</p>
<p> 1200  Fri   CAN  CONSUMER PRI(SA)FEB   N/F  PCT    N/A	0.1</p>
<p> 1200  Fri   CAN  CONSUMER PRI(Y/YFEB   N/F  PCT    N/A	2.2</p>
<p> 1200  Fri   CAN  EX FOOD ENERGY NFEB   N/F  PCT    N/A	1.8</p>
<p> 2000  Fri   USA  FED BUDGET	FEB   N/F  BLN    N/A     13.4</p>
<p>* ECONOMIC INDICATORS WEEK COMMENCING MARCH 24</p>
<p> 0930  Mon   UK   GDP (FINAL) Q/Q Q4    0.8  PCT  0.7/1.1    0.8</p>
<p> 0930  Mon   UK   GDP (FINAL) Y/Y Q4    2.6  PCT   2.5/2.9   2.7</p>
<p> 0930  Mon   UK   GDP EX OIL (FINAQ4    N/F  PCT    N/A	0.7</p>
<p> 0930  Mon   UK   GDP EX OIL Y/Y  Q4    N/F  PCT    N/A	2.5</p>
<p> 0930  Mon   UK   CURRENT ACCOUNT Q4   -0.4  MLN -1.9/0.8    -71</p>
<p> 0930  Mon   UK   TRADE IN GOODS  Q4    2.6  BLN  1.2/4.7   -2.9</p>
<p> N/A   Mo-Fr GER. EXPORT PRI (Y/Y)FEB   N/F  PCT    N/A	0.5</p>
<p> N/A   Mo-Fr GER. EXPORT PRICES   FEB   N/F  PCT    N/A	0.4</p>
<p> N/A   Mo-Fr GER. IMPORT PRI (Y/Y)FEB   N/F  PCT    N/A	2.6</p>
<p> N/A   Mo-Fr GER. IMPORT PRICES   FEB   N/F  PCT    N/A	1.0</p>
<p> 0745  Tue   FRA  CONSUMER PRICES FEB   N/F  PCT    N/A	0.3</p>
<p> 0745  Tue   FRA  CPI FINAL (Y/Y) FEB   N/F  PCT    N/A	1.8</p>
<p> 0745  Tue   FRA  HOUSING STARTS  FEB   N/F  PCT    N/A     -7.8</p>
<p> 1500  Tue   USA  EXISTING HOME   FEB   N/F  MLN    N/A	N/A</p>
<p> N/A   Tu-We W.G. CST OF LVNG (PRVMAR   N/F  PCT    N/A	N/A</p>
<p> 0745  Wed   FRA  INDUST PROD     JAN   N/F  PCT    N/A	0.6</p>
<p> 0745  Wed   FRA  INDUST PROD (Y/YJAN   N/F  PCT    N/A	2.0</p>
<p> 0745  Wed   FRA  CONSUMER SPEND  FEB   N/F  PCT    N/A	1.9</p>
<p> 0830  Wed   ITA  UNEMPLOYMENT    JAM  12.0  PCT 11.6/12.4  12.2</p>
<p> 0930  Wed   UK   NON-EU TRADE    FEB   N/F  MLN    N/A     -398</p>
<p> 0930  Wed   UK   TRADE IN GOODS  JAN   N/F  MLN    N/A     -845</p>
<p> 0930  Wed   UK   TRD IN GDS EX OIJAN   N/F  MLN    N/A    -1944</p>
<p> 1330  Wed   CAN  INDUSTRIAL PRICEJAN   N/F  PCT    N/A     -0.2</p>
<p> 1330  Wed   CAN  RAW MATERIALS   JAN   N/F  PCT    N/A	0.1</p>
<p> 1330  Wed   USA  DURABLE GOODS ORFEB   N/F  PCT    N/A	N/A</p>
<p> 1330  Wed   USA  EX DEFENCE	FEB   N/F  PCT    N/A	N/A</p>
<p> 0030  Thu   JPN  CONSUMER PRI(TOKMAR   N/F  PCT    N/A	N/A</p>
<p> 0030  Thu   JPN  CONSUMER PRICE (FEB   N/F  PCT    N/A	N/A</p>
<p> 0030  Thu   JPN  CPI (NAT'L) Y/Y FEB   N/F  PCT    N/A	N/A</p>
<p> 0030  Thu   JPN  CPI (TOKYO;Y/Y) MAR   N/F  PCT    N/A	N/A</p>
<p> 0630  Thu   JPN  INDUST PROD  PREJAN   N/F  PCT    N/A	5.3</p>
<p> 0630  Thu   JPN  INDUST PROD (Y/YJAN   N/F  PCT    N/A	8.5</p>
<p> 0630  Thu   JPN  RETAIL SLS (PRELFEB   N/F  PCT    N/A     -0.6</p>
<p> 1330  Thu   CAN  GDP (MONTHLY)   JAN   N/F  PCT    N/A	N/A</p>
<p> 0030  Fri   JPN  JOB RATIO	 FEB   N/F	   N/A	N/A</p>
<p> 0030  Fri   JPN  UNEMPLOYMENT SA FEB   N/F  PCT    N/A	N/A</p>
<p> 0500  Fri   JPN  CONSTRUCTION ORDFEB   N/F  PCT    N/A	N/A</p>
<p> 0500  Fri   JPN  HOUSING STARTS  FEB   N/F  PCT    N/A	N/A</p>
<p> 0745  Fri   FRA  UNEMPLOYMENT    FEB   N/F  K	N/A	N/A</p>
<p> 0745  Fri   FRA  UNEMPLOYMENT    FEB   N/F  PCT    N/A	N/A</p>
<p> 0930  Fri   UK   CONSUMER CREDIT FEB   N/F  MLN    N/A	N/A</p>
<p> 1330  Fri   USA  IMPL DEFLATOR   Q4    N/F  PCT    N/A	N/A</p>
<p> 1330  Fri   USA  PRICE INDEX     Q4    N/F  PCT    N/A	N/A</p>
<p> 1330  Fri   USA  REAL GDP (FINAL)Q4    2.6  PCT   1.2/4.7   N/A</p>
<p> 1500  Fri   CAN  AVG WEKLY EARNINJAN   N/F  PCT    N/A	N/A</p>
<p> 1500  Fri   USA  NEW HOME SALES  MAR   N/F  K	N/A	N/A</p>
<p>* ECONOMIC INDICATORS WEEK COMMENCING MARCH 31</p>
<p> 1330  Mon   USA  PERSONAL INCOME FEB   N/F  PCT    N/A	N/A</p>
<p> 1330  Mon   USA  PERSONAL SPEND  FEB   N/F  PCT    N/A	N/A</p>
<p> 0200  Tu-Tu JPN  TANKAN SURVEY   Q1    N/F	   N/A     -3.0</p>
<p> 0730  Tue   JPN  FOREIGN RESERVESMAR   N/F  BLN    N/A	N/A</p>
<p> 0930  Tue   UK   PURCH MGR. INDEXMAR   N/F  PCT    N/A	N/A</p>
<p> 1330  Tue   USA  LEAD INDICATORS FEB   N/F  PCT    N/A	N/A</p>
<p> 1500  Tue   USA  NAPM		MAR   N/F	   N/A	N/A</p>
<p> 0930  Wed   UK   M0 (PROV.) SA   MAR   N/F  PCT    N/A	N/A</p>
<p> 0930  Wed   UK   M0 (PROV;Y/Y) SAMAR   N/F  PCT    N/A	N/A</p>
<p> 0930  Wed   UK   OFFICIAL RSRVS (MAR   N/F  MLN    N/A	N/A</p>
<p> 0930  Wed   UK   M4 (FINAL)	FEB   N/F  PCT    N/A	N/A</p>
<p> 0930  Wed   UK   M4 (FINAL;Y/Y)  FEB   N/F  PCT    N/A	N/A</p>
<p> 0930  Wed   UK   M4 LENDING FINALFEB   N/F  BLN    N/A	N/A</p>
<p> 0930  Thu   UK   CONSUMER CREDIT FEB   N/F  MLN    N/A	N/A</p>
<p> 1330  Thu   CAN  HELP WANTED INDEMAR   N/F	   N/A	N/A</p>
<p> N/A   Th-Mo E.G. INDUST PROD (Y/YFEB   N/F  PCT    N/A	N/A</p>
<p> N/A   Th-Mo GER. INDUST PROD     FEB   N/F  PCT    N/A	N/A</p>
<p> N/A   Th-Mo GER. INDUST PROD (Y/YFEB   N/F  PCT    N/A	N/A</p>
<p> N/A   Th-Th GER. CURRENT ACCOUNT JAN   N/F  BLN    N/A	N/A</p>
<p> N/A   Th-Th GER. TRADE BALANCE (DJAN   N/F  BLN    N/A	N/A</p>
<p> N/A   Thu   USA  AUTO SALES	MAR   N/F  MLN    N/A	N/A</p>
<p> N/A   Th-Mo W.G. INDUST PROD (Y/YFEB   N/F  PCT    N/A	N/A</p>
<p> 0030  Fri   UK   CBI SVY OF DISTRMAR   N/F	   N/A	N/A</p>
<p> 0745  Fri   FRA  TRADE BAL. (FF.)JAN   N/F  BLN    N/A     11.3</p>
<p> 1200  Fri   CAN  EMPLOYMENT GROWTMAR   N/F  K	N/A	N/A</p>
<p> 1200  Fri   CAN  UNEMPLOYMENT    MAR   N/F  PCT    N/A	N/A</p>
<p> 1330  Fri   CAN  BUILDING PERMITSFEB   N/F  PCT    N/A	N/A</p>
<p> 1330  Fri   USA  LEAD INDICATORS JAN   N/F  PCT    N/A	0.1</p>
<p> 1330  Fri   USA  PAYROLL EMPLOY  MAR   N/F  K	N/A	N/A</p>
<p> 1330  Fri   USA  UNEMPLOYMENT. RAMAR   N/F  PCT    N/A	N/A</p>
<p> 1500  Fri   USA  NEW HOME SALES  MAR   N/F  K	N/A	N/A</p>
<p> N/A   Fr-Mo E.G. MANU NEW ORDS Y/FEB   N/F  PCT    N/A	N/A</p>
<p> N/A   Fr-Mo GER. MANU NEW ORDERS FEB   N/F  PCT    N/A	N/A</p>
<p> N/A   Fr-Mo GER. MANU NEW ORDS Y/FEB   N/F  PCT    N/A	N/A</p>
<p> N/A   Fr-Mo W.G. MANU NEW ORDS Y/FEB   N/F  PCT    N/A	N/A</p>
<p>* ECONOMIC INDICATORS WEEK COMMENCING APRIL 7</p>
<p> 0800  Mon   ITA  CONSUMER PRICES MAR   N/F  PCT    N/A	N/A</p>
<p> 0800  Mon   ITA  CPI 1995 BASE (YMAR   N/F  PCT    N/A	N/A</p>
<p> 1500  Mon   FRA  M3 (Y/Y) SA (TIMFEB   N/F  PCT    N/A	N/A</p>
<p> 1500  Mon   USA  FACTORY ORDERS  FEB   N/F  PCT    N/A	N/A</p>
<p> 1315  Tue   CAN  HOUSING STARTS (MAR   N/F  K	N/A	N/A</p>
<p> 1330  Tue   CAN  NEW HOUSING PRICFEB   N/F  PCT    N/A	N/A</p>
<p> 2350  Tu-Mo JPN  C/A (YEN;NSA;IMFFEB   N/F  BLN    N/A	N/A</p>
<p> 2350  Tu-Mo JPN  TRADE BAL. (YEN;FEB   N/F  BLN    N/A	N/A</p>
<p> 2350  Tue   JPN  WHOLESALE PRICE MAR   N/F  PCT    N/A	N/A</p>
<p> 2350  Tue   JPN  WHOLESALE PRICESMAR   N/F  PCT    N/A	N/A</p>
<p> 0500  We-Mo JPN  MACH. ORDERS Y/YFEB   N/F  PCT    N/A	N/A</p>
<p> 0500  We-Mo JPN  MACHINERY ORDERSFEB   N/F  PCT    N/A	N/A</p>
<p> 0500  We-Mo JPN  ORDRS ex ships, FEB   N/F  PCT    N/A	N/A</p>
<p> 0500  We-Mo JPN  ORDRS ex ships, FEB   N/F  PCT    N/A	N/A</p>
<p> 0930  Wed   UK   INDUSTRIAL PROD FEB   N/F  PCT    N/A	N/A</p>
<p> 0930  Wed   UK   INDUSTRIAL (Y/Y)FEB   N/F  PCT    N/A	N/A</p>
<p> 0930  Wed   UK   MANUF. OUTPUT   FEB   N/F  PCT    N/A	N/A</p>
<p> 0930  Wed   UK   MANUF. (Y/Y)    FEB   N/F  PCT    N/A	N/A</p>
<p> 0930  Wed   UK   HOUSING COMPLETIFEB   N/F  K	N/A	N/A</p>
<p> 0930  Wed   UK   HOUSING STARTS (FEB   N/F  K	N/A	N/A</p>
<p> 0855  Thu   E.G. UNEMPLOYMENT(NSAMAR   N/F  PCT    N/A	N/A</p>
<p> 0855  Thu   E.G. UNEMPLOYMENT(NSAMAR   N/F  MLN    N/A	N/A</p>
<p> 0855  Thu   E.G. UNEMPLOYMENT(SA)MAR   N/F  K	N/A	N/A</p>
<p> 0855  Thu   GER  UNEMPLOYMENT(NSAMAR   N/F  PCT    N/A	N/A</p>
<p> 0855  Thu   GER  UNEMPLOYMENT(NSAMAR   N/F  MLN    N/A	N/A</p>
<p> 0855  Thu   GER  UNEMPLOYMENT(SA)MAR   N/F  K	N/A	N/A</p>
<p> 0855  Thu   W.G. UNEMPLOYMENT(NSAMAR   N/F  PCT    N/A	N/A</p>
<p> 0855  Thu   W.G. UNEMPLOYMENT(NSAMAR   N/F  MLN    N/A	N/A</p>
<p> 0855  Thu   W.G. UNEMPLOYMENT(SA)MAR   N/F  K	N/A	N/A</p>
<p> 0930  Thu   UK   CONST'N NEW ORDSFEB   N/F  PCT    N/A	N/A</p>
<p> 0745  Thu   FRA  CONSUMER PRICES MAR   N/F  PCT    N/A	N/A</p>
<p> 0745  Thu   FRA  CPI (PREL) (Y/Y)MAR   N/F  PCT    N/A	N/A</p>
<p> 1330  Fri   CAN  NEW MOTOR VEHICLJAN   N/F  PCT    N/A	N/A</p>
<p> 1330  Fri   CAN  NEW HOUSING PRICFEB   N/F  PCT    N/A	N/A</p>
<p> N/A   Fr-Th GER. RETAIL SLS(NM;Y/FEB   N/F  PCT    N/A	N/A</p>
<p> N/A   Fr-Th GER. RETAIL SLS(RL;Y/FEB   N/F  PCT    N/A	N/A</p>
<p>* ECONOMIC INDICATORS WEEK COMMENCING APRIL 14</p>
<p> 0745  Sun   FRA  CONSUMER PRICES MAR   N/F  PCT    N/A	N/A</p>
<p> 0745  Sun   FRA  CPI PREL (Y/Y)  MAR   N/F  PCT    N/A	N/A</p>
<p> 0630  Mo-Th JPN  INDUST PROD (REVFEB   N/F  PCT    N/A	N/A</p>
<p> 0630  Mo-Th JPN  INDUST PROD (Y/YFEB   N/F  PCT    N/A	N/A</p>
<p> 0700  Mon   ITA  GDP (Q/Q) FINAL Q4    N/F  PCT    N/A	0.7</p>
<p> 0700  Mon   ITA  GDP (Y/Y) FINAL Q4    N/F  PCT    N/A	N/A</p>
<p> 0745  Mon   FRA  CONSUMER PRICES MAR   N/F  PCT    N/A	N/A</p>
<p> 0745  Mon   FRA  CPI PREL (Y/Y)  MAR   N/F  PCT    N/A	N/A</p>
<p> 0930  Mon   UK   PPI (INPUT) SA  MAR   N/F  PCT    N/A	N/A</p>
<p> 0930  Mon   UK   PPI (INPUT) Y/Y MAR   N/F  PCT    N/A	N/A</p>
<p> 0930  Mon   UK   PPI (OUTPUT) NSAMAR   N/F  PCT    N/A	N/A</p>
<p> 0930  Mon   UK   PPI (OUTPUT)Y/Y MAR   N/F  PCT    N/A	N/A</p>
<p> 0930  Mon   UK   OUTPUT EX FOOD DMAR   N/F  PCT    N/A	N/A</p>
<p> 0930  Mon   UK   OUTPUT EX FOOD DMAR   N/F  PCT    N/A	N/A</p>
<p> 1330  Mon   USA  CONSUMER PRICES MAR   N/F  PCT    N/A	N/A</p>
<p> 1330  Mon   USA  CPI (Y/Y)	 MAR   N/F  PCT    N/A	N/A</p>
<p> 1330  Mon   USA  CPI EX FOOD/ENRGMAR   N/F  PCT    N/A	N/A</p>
<p> 1415  Mon   USA  CAPACITY UTIL   MAR   N/F  PCT    N/A	N/A</p>
<p> 1415  Mon   USA  INDUSTRIAL PROD MAR   N/F  PCT    N/A	N/A</p>
<p> 1500  Mon   USA  REAL EARNINGS   MAR   N/F  PCT    N/A	N/A</p>
<p> N/A   Mo-Fr GER  WHOLESALE PRICESMAR   N/F  PCT    N/A	N/A</p>
<p> N/A   Mo-Fr GER  WHOLESALE (Y/Y) MAR   N/F  PCT    N/A	N/A</p>
<p> 0800  Tue   ITA  INDUSTRIAL PROD FEB   N/F  PCT    N/A	N/A</p>
<p> 0800  Tue   ITA  INDUSTRIAL (Y/Y)FEB   N/F  PCT    N/A	N/A</p>
<p> 1330  Tue   USA  BUSINESS INVENT FEB   N/F  PCT    N/A	N/A</p>
<p> 0930  Wed   UK   PSBR		MAR   N/F  BLN    N/A	N/A</p>
<p> 0930  Wed   UK   AVERAGE EARNINGSFEB   N/F  PCT    N/A	N/A</p>
<p> 0930  Wed   UK   UNEMPLOYMENT    MAR   N/F  K	N/A	N/A</p>
<p> 0930  Wed   UK   UNEMPLOYMENT    MAR   N/F  PCT    N/A	N/A</p>
<p> 0930  Wed   UK   UNIT WAGE COSTS FEB   N/F  PCT    N/A	N/A</p>
<p> 1500  Wed   USA  PHIL. FED DIFFUSAPR   N/F	   N/A	N/A</p>
<p> 0930  Thu   UK   RETAIL PRICES   MAR   N/F  PCT    N/A	N/A</p>
<p> 0930  Thu   UK   RETAIL PRICES (YMAR   N/F  PCT    N/A	N/A</p>
<p> 0930  Thu   UK   RPI-X Y/Y	 MAR   N/F  PCT    N/A	N/A</p>
<p> 0930  Thu   UK   RPI-Y Y/Y	 MAR   N/F  PCT    N/A	N/A</p>
<p> 1330  Thu   CAN  I-S RATIO	 FEB   N/F  PCT    N/A	N/A</p>
<p> 1330  Thu   CAN  MANUF UNFILLD ORFEB   N/F  PCT    N/A	N/A</p>
<p> 1330  Thu   CAN  MANUF NEW ORDRS FEB   N/F  PCT    N/A	N/A</p>
<p> 1330  Thu   CAN  MANUF SHIPMENTS FEB   N/F  PCT    N/A	N/A</p>
<p> 1330  Thu   CAN  MERCH. EXPORTS  FEB   N/F  BLN    N/A	N/A</p>
<p> 1330  Thu   CAN  MERCH. IMPORTS  FEB   N/F  BLN    N/A	N/A</p>
<p> 1330  Thu   CAN  MERCH. TRADE    FEB   N/F  BLN    N/A	N/A</p>
<p> 1330  Thu   USA  HOUSING STARTS  MAR   N/F  MLN    N/A	N/A</p>
<p> 2350  Th-Tu JPN  TRADE BAL(CC;NSAJAN   N/F  BLN    N/A	N/A</p>
<p> N/A   Th-Th GER. M3(ANLD VS Q4 95MAR   N/F  PCT    N/A	N/A</p>
<p> 0930  Fri   UK   B/S NET MORT APPMAR   N/F  BLN    N/A	N/A</p>
<p> 0930  Fri   UK   MOTOR VHCL PROD MAR   N/F  PCT    N/A	N/A</p>
<p> 0930  Fri   UK   M4 (PROV.)	MAR   N/F  PCT    N/A	N/A</p>
<p> 0930  Fri   UK   M4 (PROV.)(Y/Y) MAR   N/F  PCT    N/A	N/A</p>
<p> 0930  Fri   UK   M4 LENDING (PROVMAR   N/F  BLN    N/A	N/A</p>
<p>* ECONOMIC INDICATORS WEEK COMMENCING APRIL 21</p>
<p> 0500  Mo-Mo JPN  COINCIDENT IND  FEB   N/F  PCT    N/A	N/A</p>
<p> 0500  Mo-Mo JPN  LEADING IND     FEB   N/F  PCT    N/A	N/A</p>
<p> 1200  Mon   CAN  CONSUMER PRI(NSAMAR   N/F  PCT    N/A	N/A</p>
<p> 1200  Mon   CAN  CONSUMER PRI(SA)MAR   N/F  PCT    N/A	N/A</p>
<p> 1200  Mon   CAN  CONSUMER PRI(Y/YMAR   N/F  PCT    N/A	N/A</p>
<p> 1200  Mon   CAN  EX FOOD ENERGY NMAR   N/F  PCT    N/A	N/A</p>
<p> 0745  Tue   FRA  INDUST PROD     FEB   N/F  PCT    N/A	N/A</p>
<p> 0745  Tue   FRA  INDUST PROD (Y/YFEB   N/F  PCT    N/A	N/A</p>
<p> 1330  Tue   CAN  COMPOSITE INDEX MAR   N/F  PCT    N/A	N/A</p>
<p> 1330  Tue   CAN  RETAIL SALES    FEB   N/F  PCT    N/A	1.1</p>
<p> 0745  Wed   FRA  CURRENT A/C SA FJAN   N/F  BLN    N/A	N/A</p>
<p> 0930  Wed   UK   RETAIL SALES SA MAR   N/F  PCT    N/A	N/A</p>
<p> 0930  Wed   UK   RETAIL SLS (Y/Y)MAR   N/F  PCT    N/A	N/A</p>
<p> 1130  Wed   UK   CBI INDUSTRIAL TAPR   N/F	   N/A	N/A</p>
<p> 2000  Wed   USA  FED BUDGET	MAR   N/F  BLN    N/A	N/A</p>
<p> 0930  Thu   UK   NON-EU TRADE    MAR   N/F  MLN    N/A	N/A</p>
<p> 0930  Thu   UK   TRADE IN GOODS  FEB   N/F  MLN    N/A	N/A</p>
<p> 0930  Thu   UK   TRD IN GDS EX OIFEB   N/F  MLN    N/A	N/A</p>
<p> 1315  Thu   CAN  HOUSING STARTS (Q1    N/F  K	N/A    129.3</p>
<p> 1330  Thu   CAN  GDP (MONTHLY)   FEB   N/F  PCT    N/A	N/A</p>
<p> 0030  Fri   JPN  JOB RATIO	 MAR   N/F	   N/A	N/A</p>
<p> 0030  Fri   JPN  UNEMPLOYMENT SA MAR   N/F  PCT    N/A	N/A</p>
<p> 0745  Fri   FRA  CONSUMER PRICES MAR   N/F  PCT    N/A	N/A</p>
<p> 0745  Fri   FRA  CPI FINAL (Y/Y) MAR   N/F  PCT    N/A	N/A</p>
<p> 0745  Fri   FRA  GDP (FINAL)     Q4    N/F  PCT    N/A	N/A</p>
<p> 0745  Fri   FRA  GDP (FINAL) Y/Y Q4    N/F  PCT    N/A	N/A</p>
<p> 0745  Fri   FRA  HOUSING STARTS  MAR   N/F  PCT    N/A	N/A</p>
<p> 0745  Fri   FRA  GDP (FINAL)     Q1    FLAT PCT -0.3/0.3    0.2</p>
<p> 0745  Fri   FRA  GDP (PREL) Y/Y  Q1    1.9  PCT  1.7/2.2    1.3</p>
<p>* ECONOMIC INDICATORS WEEK COMMENCING APRIL 28</p>
<p> 0630  Mon   JPN  INDUST PROD  PREFEB   N/F  PCT    N/A	N/A</p>
<p> 0630  Mon   JPN  INDUST PROD (Y/YFEB   N/F  PCT    N/A	N/A</p>
<p> 1330  Mon   USA  DURABLE GDS ORDEMAR   N/F  PCT    N/A	N/A</p>
<p> 1330  Mon   USA  EX DEFENCE	MAR   N/F  PCT    N/A	N/A</p>
<p> 1500  Mon   CAN  AVG WEKLY EARNINFEB   N/F  PCT    N/A	N/A</p>
<p> 1500  Mon   USA  EXISTING HOME   MAR   N/F  MLN    N/A	N/A</p>
<p> 0745  Tue   FRA  CONSUMER SPEND  MAR   N/F  PCT    N/A	N/A</p>
<p> 0745  Tue   FRA  HOUSING STARTS  MAR   N/F  PCT    N/A	N/A</p>
<p> 0930  Tue   UK   GDP (PREL) Q/Q  Q1    N/F  PCT    N/A	N/A</p>
<p> 0930  Tue   UK   GDP (PREL) Y/Y  Q1    N/F  PCT    N/A	N/A</p>
<p> 0930  Tue   UK   GDP EX OIL (PRELQ1    N/F  PCT    N/A	N/A</p>
<p> 0930  Tue   UK   GDP EX OIL Y/Y  Q1    N/F  PCT    N/A	N/A</p>
<p> 0930  Tue   UK   M4 (PROV.)	MAR   N/F  PCT    N/A	N/A</p>
<p> 0930  Tue   UK   M4 (PROV.)(Y/Y) MAR   N/F  PCT    N/A	N/A</p>
<p> 0930  Tue   UK   M4 LENDING (PROVMAR   N/F  BLN    N/A	N/A</p>
<p> 1030  Tue   UK   CONSUMER CREDIT MAR   N/F  MLN    N/A	N/A</p>
<p> 0745  Wed   FRA  TRADE BAL. (FF.)FEB   N/F  BLN    N/A	N/A</p>
<p> 0745  Wed   FRA  UNEMPLOYMENT CORMAR   N/F  K	N/A	N/A</p>
<p> 0745  Wed   FRA  UNEMPLOYMENT CORMAR   N/F  PCT    N/A	N/A</p>
<p> 1330  Wed   USA  REAL GDP (ADVANCQ1    2.1  PCT  1.5/2.9    N/A</p>
<p> 1330  Wed   USA  IMPLICIT DEFLATOQ1    N/F  PCT    N/A	N/A</p>
<p> 1330  Wed   USA  PRICE INDEX     Q1    N/F  PCT    N/A	N/A</p>
<p> 0730  Thu   JPN  FOREIGN RESERVESAPR   N/F  BLN    N/A	N/A</p>
<p> 0930  Thu   UK   PURCH MGR. INDEXAPR   N/F  PCT    N/A	N/A</p>
<p> 0930  Fri   UK   OFFICIAL RSRVS (APR   N/F  MLN    N/A	N/A</p>
<p> 1200  Fri   CAN  EMPLOYMENT GROWTAPR   N/F  K	N/A	N/A</p>
<p> 1200  Fri   CAN  UNEMPLOYMENT. RAAPR   N/F  PCT    N/A	N/A</p>
<p>** Danielle Gann London newsroom +44 171 542 6425 **</p>
</text>
<copyright>(c) Reuters Limited 1997</copyright>
<metadata>
<codes class="bip:countries:1.0">
  <code code="UK">
    <editdetail attribution="Reuters BIP Coding Group" action="confirmed" date="1997-03-05"/>
  </code>
</codes>
<codes class="bip:topics:1.0">
  <code code="E71">
    <editdetail attribution="Reuters BIP Coding Group" action="confirmed" date="1997-03-05"/>
  </code>
  <code code="ECAT">
    <editdetail attribution="Reuters BIP Coding Group" action="confirmed" date="1997-03-05"/>
  </code>
</codes>
<dc element="dc.publisher" value="Reuters Holdings Plc"/>
<dc element="dc.date.published" value="1997-03-05"/>
<dc element="dc.source" value="Reuters"/>
<dc element="dc.creator.location.country.name" value="UK"/>
<dc element="dc.source" value="Reuters"/>
</metadata>
</newsitem>
