<?xml version="1.0" encoding="iso-8859-1" ?>
<newsitem itemid="206452" id="root" date="1996-11-21" xml:lang="en">
<title>MEXICO: Banco de Mexico assigns secondary credit.</title>
<headline>Banco de Mexico assigns secondary credit.</headline>
<dateline>MEXICO CITY 1996-11-21</dateline>
<text>
<p>Banco de Mexico has</p>
<p>completed the single credit auction it had offered in the</p>
<p>secondary market.</p>
<p>    CREDIT AUCTIONS    TERM     AVERAGE RATE</p>
<p>    1.456  bln pesos   1 day    31.12 pct</p>
<p>-- Mexico City Newsroom 525 728-9500</p>
</text>
<copyright>(c) Reuters Limited 1996</copyright>
<metadata>
<codes class="bip:countries:1.0">
  <code code="MEX">
    <editdetail attribution="Reuters BIP Coding Group" action="confirmed" date="1996-11-21"/>
  </code>
</codes>
<codes class="bip:topics:1.0">
  <code code="M13">
    <editdetail attribution="Reuters BIP Coding Group" action="confirmed" date="1996-11-21"/>
  </code>
  <code code="M131">
    <editdetail attribution="Reuters BIP Coding Group" action="confirmed" date="1996-11-21"/>
  </code>
  <code code="MCAT">
    <editdetail attribution="Reuters BIP Coding Group" action="confirmed" date="1996-11-21"/>
  </code>
</codes>
<dc element="dc.date.created" value="1996-11-21"/>
<dc element="dc.publisher" value="Reuters Holdings Plc"/>
<dc element="dc.date.published" value="1996-11-21"/>
<dc element="dc.source" value="Reuters"/>
<dc element="dc.creator.location" value="MEXICO CITY"/>
<dc element="dc.creator.location.country.name" value="MEXICO"/>
<dc element="dc.source" value="Reuters"/>
</metadata>
</newsitem>
