<?xml version="1.0" encoding="iso-8859-1" ?>
<newsitem itemid="709814" id="root" date="1997-07-07" xml:lang="en">
<title>INDIA: CRICKET-AZHARUDDIN RECALLED TO NATIONAL SQUAD.</title>
<headline>CRICKET-AZHARUDDIN RECALLED TO NATIONAL SQUAD.</headline>
<dateline>BANGALORE, India 1997-07-07</dateline>
<text>
<p>Former captain Mohammad Azharuddin was recalled by India on Monday for their tour of Sri Lanka beginning later this month.</p>
<p>Azharuddin was dropped for the recent Independence Cup one-day tournament in India following a poor run of form on the tour of the West Indies.</p>
<p>Two newcomers have been included in the 14-man squad, paceman Debashish Mohanty and left-arm spinner Nilesh Kulkarni.</p>
<p>The selectors omitted left-hand batsman Vinod Kambli, wicketkeeper Nayan Mongia and all-rounder Sunil Joshi from the squad that played in the Independence Cup tournament.</p>
<p>Sachin Tendulkar and Anil Kumble were retained as captain and vice-captain.</p>
<p>Following the four-nation Asia Cup limited-overs tournament, which also includes Pakistan and Bangladesh, India will play two tests and three one-day internationals against Sri Lanka.</p>
<p>The Indian squad is: Sachin Tendulkar (captain), Anil Kumble, Navjot Sidhu, Rahul Dravid, Sourav Ganguly, Mohammad Azharuddin, Saba Karim, Ajay Jadeja, Debashish Mohanty, Nilesh Kulkarni, Venkatesh Prasad, Abey Kuruvilla, Noel David, Robin Singh.</p>
</text>
<copyright>(c) Reuters Limited 1997</copyright>
<metadata>
<codes class="bip:countries:1.0">
  <code code="INDIA">
    <editdetail attribution="Reuters BIP Coding Group" action="confirmed" date="1997-07-07"/>
  </code>
  <code code="SRILAN">
    <editdetail attribution="Reuters BIP Coding Group" action="confirmed" date="1997-07-07"/>
  </code>
</codes>
<codes class="bip:topics:1.0">
  <code code="GCAT">
    <editdetail attribution="Reuters BIP Coding Group" action="confirmed" date="1997-07-07"/>
  </code>
  <code code="GSPO">
    <editdetail attribution="Reuters BIP Coding Group" action="confirmed" date="1997-07-07"/>
  </code>
</codes>
<dc element="dc.date.created" value="1997-07-07"/>
<dc element="dc.publisher" value="Reuters Holdings Plc"/>
<dc element="dc.date.published" value="1997-07-07"/>
<dc element="dc.source" value="Reuters"/>
<dc element="dc.creator.location" value="BANGALORE, India"/>
<dc element="dc.creator.location.country.name" value="INDIA"/>
<dc element="dc.source" value="Reuters"/>
</metadata>
</newsitem>
