<?xml version="1.0" encoding="iso-8859-1" ?>
<newsitem itemid="217216" id="root" date="1996-11-26" xml:lang="en">
<title>AUSTRALIA: RTRS-Top 20 Australian Dividend Yields - Nov 27.</title>
<headline>RTRS-Top 20 Australian Dividend Yields - Nov 27.</headline>
<dateline>SYDNEY 1996-11-27</dateline>
<text>
<p>Twenty highest dividend yields for Australian companies included in the 320-share All Ordinaries Index based on closing prices on Tuesday.</p>
<p>Dividends based on rolling 12 months.</p>
<p>Yields are not grossed up for franking credits.</p>
<p>					   Dividend</p>
<p>Rank Name		     Yield    Close</p>
<p> 1   Villa World	    10.48     1.05</p>
<p> 2   Prime Credit Tr	10.21     0.96</p>
<p> 3   Schroder Intl	  10.02     2.40</p>
<p> 4   MT Leyshon Gold	 9.62     2.60</p>
<p> 5   BT Prop Trust	   9.54     1.71</p>
<p> 6   Prop Income Inv	 9.50     1.07</p>
<p> 7   Indu Property	   9.38     0.97</p>
<p> 8   Aust Tour		 8.82     0.85</p>
<p> 9   Colonial Mutual	 8.81     1.18</p>
<p>10   Centro Prop	     8.63     2.26</p>
<p>11   Gandel Retail Tr	8.39     0.93</p>
<p>12   Armstrong Retail	8.35     0.79</p>
<p>13   Gen Prop Tr	     8.17     2.46</p>
<p>14   Natl In Prop	    8.12     1.03</p>
<p>15   Barclays Mirvac	 8.09     1.36</p>
<p>16   Schroder Prop	   7.97     2.32</p>
<p>17   Equitilink		7.94     0.63</p>
<p>18   Westfield Trust	 7.92     2.45</p>
<p>19   Caltex Aust	     7.89     4.18</p>
<p>20   Advance Pro CB	  7.89     1.47</p>
<p>-- Sydney Newsroom 61-2 9373-1800</p>
</text>
<copyright>(c) Reuters Limited 1996</copyright>
<metadata>
<codes class="bip:countries:1.0">
  <code code="AUSTR">
    <editdetail attribution="Reuters BIP Coding Group" action="confirmed" date="1996-11-26"/>
  </code>
</codes>
<codes class="bip:industries:1.0">
  <code code="I14000">
    <editdetail attribution="Reuters BIP Coding Group" action="confirmed" date="1996-11-26"/>
  </code>
  <code code="I21000">
    <editdetail attribution="Reuters BIP Coding Group" action="confirmed" date="1996-11-26"/>
  </code>
  <code code="I66500">
    <editdetail attribution="Reuters BIP Coding Group" action="confirmed" date="1996-11-26"/>
  </code>
  <code code="I81502">
    <editdetail attribution="Reuters BIP Coding Group" action="confirmed" date="1996-11-26"/>
  </code>
  <code code="I8150206">
    <editdetail attribution="Reuters BIP Coding Group" action="confirmed" date="1996-11-26"/>
  </code>
  <code code="I83100">
    <editdetail attribution="Reuters BIP Coding Group" action="confirmed" date="1996-11-26"/>
  </code>
  <code code="I85000">
    <editdetail attribution="Reuters BIP Coding Group" action="confirmed" date="1996-11-26"/>
  </code>
  <code code="I8500029">
    <editdetail attribution="Reuters BIP Coding Group" action="confirmed" date="1996-11-26"/>
  </code>
</codes>
<codes class="bip:topics:1.0">
  <code code="C15">
    <editdetail attribution="Reuters BIP Coding Group" action="confirmed" date="1996-11-26"/>
  </code>
  <code code="C152">
    <editdetail attribution="Reuters BIP Coding Group" action="confirmed" date="1996-11-26"/>
  </code>
  <code code="CCAT">
    <editdetail attribution="Reuters BIP Coding Group" action="confirmed" date="1996-11-26"/>
  </code>
</codes>
<dc element="dc.date.created" value="1996-11-27"/>
<dc element="dc.publisher" value="Reuters Holdings Plc"/>
<dc element="dc.date.published" value="1996-11-26"/>
<dc element="dc.source" value="Reuters"/>
<dc element="dc.creator.location" value="SYDNEY"/>
<dc element="dc.creator.location.country.name" value="AUSTRALIA"/>
<dc element="dc.source" value="Reuters"/>
</metadata>
</newsitem>
