<?xml version="1.0" encoding="iso-8859-1" ?>
<newsitem itemid="38859" id="root" date="1996-09-06" xml:lang="en">
<title>CHINA: China, United Arab Emirates establish air links.</title>
<headline>China, United Arab Emirates establish air links.</headline>
<dateline>BEIJING 1996-09-06</dateline>
<text>
<p>China has inaugurated air links with the United Arab Emirates (UAE), the Xinhua news agency said on Friday.</p>
<p>The South China Aviation Corp on Wednesday began operating two flights a week between Beijing and the UAE city of Ash Shariqah via the northwestern Chinese city of Urumqi, Xinhua said.</p>
<p>It was the first direct air link between Gulf states and China, the agency said. It gave no further details.</p>
</text>
<copyright>(c) Reuters Limited 1996</copyright>
<metadata>
<codes class="bip:countries:1.0">
  <code code="CHINA">
    <editdetail attribution="Reuters BIP Coding Group" action="confirmed" date="1996-09-06"/>
  </code>
  <code code="UAE">
    <editdetail attribution="Reuters BIP Coding Group" action="confirmed" date="1996-09-06"/>
  </code>
</codes>
<codes class="bip:industries:1.0">
  <code code="I75000">
    <editdetail attribution="Reuters BIP Coding Group" action="confirmed" date="1996-09-06"/>
  </code>
</codes>
<codes class="bip:topics:1.0">
  <code code="C13">
    <editdetail attribution="Reuters BIP Coding Group" action="confirmed" date="1996-09-06"/>
  </code>
  <code code="CCAT">
    <editdetail attribution="Reuters BIP Coding Group" action="confirmed" date="1996-09-06"/>
  </code>
  <code code="E51">
    <editdetail attribution="Reuters BIP Coding Group" action="confirmed" date="1996-09-06"/>
  </code>
  <code code="ECAT">
    <editdetail attribution="Reuters BIP Coding Group" action="confirmed" date="1996-09-06"/>
  </code>
</codes>
<dc element="dc.date.created" value="1996-09-06"/>
<dc element="dc.publisher" value="Reuters Holdings Plc"/>
<dc element="dc.date.published" value="1996-09-06"/>
<dc element="dc.source" value="Reuters"/>
<dc element="dc.creator.location" value="BEIJING"/>
<dc element="dc.creator.location.country.name" value="CHINA"/>
<dc element="dc.source" value="Reuters"/>
</metadata>
</newsitem>
