<?xml version="1.0" encoding="iso-8859-1" ?>
<newsitem itemid="737653" id="root" date="1997-07-17" xml:lang="en">
<title>CHINA: PRESS DIGEST - HK newspaper headlines - July 17.</title>
<headline>PRESS DIGEST - HK newspaper headlines - July 17.</headline>
<dateline>HONG KONG 1997-07-17</dateline>
<text>
<p>These are some of the leading stories in the Hong Kong press on Thursday. Reuters has not verified these stories and does not vouch for their accuracy.</p>
<p>-- MING PAO -- About 13,000 quota spots for mainland Chinese children to be reunited with their Hong Kong parents were used for other purposes over the past three and a half years. Former legislator James To demanded an explanation from the government.</p>
<p>-- APPLE DAILY -- The foreign affairs department of China's Xinhua news agency in Hong Kong will be closed in October and all its staff sent home. The Ministry of Foreign Affairs' Hong Kong Commission preferred to use its own team.</p>
<p>-- The People's Liberation Army's Hong Kong garrison has started to contact Hong Kong government officials on details of laws and regulations relating to the Chinese troops.</p>
<p>-- ECONOMIC JOURNAL -- China's Securities Regulatory Commission said several state-owned enterprises needed to be re-organised to fall into line with the general restructuring of the nation's economy. Big groups would be formed through mergers and acquisitions.</p>
<p>-- TA KUNG PAO -- China Resources said accusations in the United States that the company was involved in non-commercial activities there were unfounded and that it had hired American lawyers to take legal action.</p>
<p>-- EXPRESS NEWS -- A peasant in Guangxi province became a cadre by forging qualifications and Communist Party membership documents. He hid his background and took bribes of 200,000 yuan. Authorities realised he was a con man only after he was caught in a bribery case and stripped of his party membership.</p>
<p>-- SOUTH CHINA MORNING POST -- A new Sino-Taiwan row was looming after the island's lawmakers backed planned constitutional changes that would weaken its status as a province of China.</p>
<p>-- HONGKONG STANDARD -- China's Securities Regulatory Commission has given the go-ahead to the restructuring plan of China Telecom, a company executive said.</p>
<p>-- Hong Kong newsroom (852) 2843 6441</p>
</text>
<copyright>(c) Reuters Limited 1997</copyright>
<metadata>
<codes class="bip:countries:1.0">
  <code code="HKONG">
    <editdetail attribution="Reuters BIP Coding Group" action="confirmed" date="1997-07-17"/>
  </code>
</codes>
<codes class="bip:topics:1.0">
  <code code="GCAT">
    <editdetail attribution="Reuters BIP Coding Group" action="confirmed" date="1997-07-17"/>
  </code>
</codes>
<dc element="dc.date.created" value="1997-07-17"/>
<dc element="dc.publisher" value="Reuters Holdings Plc"/>
<dc element="dc.date.published" value="1997-07-17"/>
<dc element="dc.source" value="Reuters"/>
<dc element="dc.creator.location" value="HONG KONG"/>
<dc element="dc.creator.location.country.name" value="CHINA"/>
<dc element="dc.source" value="Reuters"/>
</metadata>
</newsitem>
