<?xml version="1.0" encoding="iso-8859-1" ?>
<newsitem itemid="767622" id="root" date="1997-07-30" xml:lang="en">
<title>PHILIPPINES: Atlas sees H1 net loss 250 mln pesos.</title>
<headline>Atlas sees H1 net loss 250 mln pesos.</headline>
<dateline>MANILA 1997-07-30</dateline>
<text>
<p>Atlas Consolidated Mining and Development Corp is expected to post a net loss of 250 million pesos in the first half of 1997, Zoilo Castrillo, the firm's senior vice president, said on Wednesday.  </p>
<p>He said this is an improvement from last year when the loss was 250 million pesos in the first quarter alone.</p>
<p>The lower net loss was due to reduced operating expenses from the retrenchment of manpower, he said.</p>
<p>Atlas posted a wider loss of 1.29 billion pesos in 1996 compared with 952 million in 1995.  </p>
<p>Shareholders of the company approved at their annual meeting on Wednesday a plan to rehabilitate its copper mines in central Cebu province, which were closed in 1994 due to mudflows.</p>
<p>Philippine firm Minoro Mining and Exploration Corp has agreed with Atlas to assume its 3.7-billion peso debt from banks and other creditors and later convert this into equity in Atlas.</p>
<p>Minoro chairman Frank Lubbock said Atlas needed at least $140 million to bring its Cebu copper mines back into operation.</p>
<p>--Manila newsroom (6 3 2) 841-8936, Fax 817-6267</p>
</text>
<copyright>(c) Reuters Limited 1997</copyright>
<metadata>
<codes class="bip:countries:1.0">
  <code code="PHLNS">
    <editdetail attribution="Reuters BIP Coding Group" action="confirmed" date="1997-07-30"/>
  </code>
</codes>
<codes class="bip:industries:1.0">
  <code code="I21000">
    <editdetail attribution="Reuters BIP Coding Group" action="confirmed" date="1997-07-30"/>
  </code>
</codes>
<codes class="bip:topics:1.0">
  <code code="C15">
    <editdetail attribution="Reuters BIP Coding Group" action="confirmed" date="1997-07-30"/>
  </code>
  <code code="C152">
    <editdetail attribution="Reuters BIP Coding Group" action="confirmed" date="1997-07-30"/>
  </code>
  <code code="CCAT">
    <editdetail attribution="Reuters BIP Coding Group" action="confirmed" date="1997-07-30"/>
  </code>
</codes>
<dc element="dc.date.created" value="1997-07-30"/>
<dc element="dc.publisher" value="Reuters Holdings Plc"/>
<dc element="dc.date.published" value="1997-07-30"/>
<dc element="dc.source" value="Reuters"/>
<dc element="dc.creator.location" value="MANILA"/>
<dc element="dc.creator.location.country.name" value="PHILIPPINES"/>
<dc element="dc.source" value="Reuters"/>
</metadata>
</newsitem>
