<?xml version="1.0" encoding="iso-8859-1" ?>
<newsitem itemid="293908" id="root" date="1997-01-08" xml:lang="en">
<title>USA: Medical Center Hospital, Texas, issue A2 - Moody's.</title>
<headline>Medical Center Hospital, Texas, issue A2 - Moody's.</headline>
<dateline>NEW YORK 1997-01-08</dateline>
<text>
<p>Moody's Investors Service -</p>
<p>Rating Announcement As of 01/08/97.</p>
<p>Issuer		: Medical Center Hospital-Ector County</p>
<p>			  Hospital District</p>
<p>State		 : TX</p>
<p>Rating		: A2</p>
<p>Sale Amount	 : 24,245,000</p>
<p>Expected Sale Date: 01/13/97</p>
<p>--U.S. Municipal Desk, 212-859-1650</p>
</text>
<copyright>(c) Reuters Limited 1997</copyright>
<metadata>
<codes class="bip:countries:1.0">
  <code code="USA">
    <editdetail attribution="Reuters BIP Coding Group" action="confirmed" date="1997-01-08"/>
  </code>
</codes>
<codes class="bip:topics:1.0">
  <code code="C17">
    <editdetail attribution="Reuters BIP Coding Group" action="confirmed" date="1997-01-08"/>
  </code>
  <code code="C174">
    <editdetail attribution="Reuters BIP Coding Group" action="confirmed" date="1997-01-08"/>
  </code>
  <code code="CCAT">
    <editdetail attribution="Reuters BIP Coding Group" action="confirmed" date="1997-01-08"/>
  </code>
  <code code="E21">
    <editdetail attribution="Reuters BIP Coding Group" action="confirmed" date="1997-01-08"/>
  </code>
  <code code="E212">
    <editdetail attribution="Reuters BIP Coding Group" action="confirmed" date="1997-01-08"/>
  </code>
  <code code="ECAT">
    <editdetail attribution="Reuters BIP Coding Group" action="confirmed" date="1997-01-08"/>
  </code>
</codes>
<dc element="dc.date.created" value="1997-01-08"/>
<dc element="dc.publisher" value="Reuters Holdings Plc"/>
<dc element="dc.date.published" value="1997-01-08"/>
<dc element="dc.source" value="Reuters"/>
<dc element="dc.creator.location" value="NEW YORK"/>
<dc element="dc.creator.location.country.name" value="USA"/>
<dc element="dc.source" value="Reuters"/>
</metadata>
</newsitem>
