<?xml version="1.0" encoding="iso-8859-1" ?>
<newsitem itemid="721918" id="root" date="1997-07-11" xml:lang="en">
<title>YUGOSLAVIA: Ruling Montenegrin party splits in two.</title>
<headline>Ruling Montenegrin party splits in two.</headline>
<dateline>PODGORICA 1997-07-11</dateline>
<text>
<p>Montenegro's ruling DPS party split in two on Friday when reformers ousted President Momir Bulatovic as party leader.</p>
<p>A third of the DPS main board left with Bulatovic who predicted the holding of early presidential elections to settle his running dispute with Prime Minister Milo Djukanovic.</p>
<p>Djukanovic, an open opponent of Serbian President Slobodan Milosevic, emerged as favourite for the DPS nomination for the presidency.</p>
<p>Elections are due to be held by November.</p>
<p>Former Montenegrin culture minister Goran Rakocevic told Belgrade's Radio Index that the split could lead to Montenegro's rejection of support for Milosevic's expected bid to become president of Federal Yugoslavia.</p>
<p>Djukanovic has accused Milosevic of slowing Montenegro's economic development by refusing cooperation with the international community since the lifting of U.N. sanctions against Yugoslavia.</p>
<p>Montenegro has equal status with Serbia in the federation despite being a fraction of its size in terms of population and its economy.</p>
</text>
<copyright>(c) Reuters Limited 1997</copyright>
<metadata>
<codes class="bip:countries:1.0">
  <code code="YUG">
    <editdetail attribution="Reuters BIP Coding Group" action="confirmed" date="1997-07-11"/>
  </code>
</codes>
<codes class="bip:topics:1.0">
  <code code="GCAT">
    <editdetail attribution="Reuters BIP Coding Group" action="confirmed" date="1997-07-11"/>
  </code>
  <code code="GPOL">
    <editdetail attribution="Reuters BIP Coding Group" action="confirmed" date="1997-07-11"/>
  </code>
</codes>
<dc element="dc.date.created" value="1997-07-11"/>
<dc element="dc.publisher" value="Reuters Holdings Plc"/>
<dc element="dc.date.published" value="1997-07-11"/>
<dc element="dc.source" value="Reuters"/>
<dc element="dc.creator.location" value="PODGORICA"/>
<dc element="dc.creator.location.country.name" value="YUGOSLAVIA"/>
<dc element="dc.source" value="Reuters"/>
</metadata>
</newsitem>
