<?xml version="1.0" encoding="iso-8859-1" ?>
<newsitem itemid="768519" id="root" date="1997-07-31" xml:lang="en">
<title>USA: BASEBALL-STANDINGS AFTER WEDNESDAY'S MAJOR LEAGUE GAMES.</title>
<headline>BASEBALL-STANDINGS AFTER WEDNESDAY'S MAJOR LEAGUE GAMES.</headline>
<dateline>NEW YORK 1997-07-31</dateline>
<text>
<p>Major League Baseball</p>
<p>standings after games on Wednesday (tabulate under wins,</p>
<p>losses, winning percentage and games behind first):</p>
<p>		  AMERICAN LEAGUE</p>
<p>		  EAST DIVISION</p>
<p>			 W    L   PCT  GB</p>
<p> BALTIMORE	  66   38  .635   -</p>
<p> NY YANKEES	 61   44  .581   5 1/2</p>
<p> TORONTO	    50   54  .481  16</p>
<p> BOSTON	     51   56  .477  16 1/2</p>
<p> DETROIT	    48   56  .462  18</p>
<p>		  CENTRAL DIVISION</p>
<p>			 W    L   PCT  GB</p>
<p> CLEVELAND	  54   48  .529   -</p>
<p> MILWAUKEE	  52   52  .500   3</p>
<p> CHI WHITE SOX    52   53  .495   3 1/2</p>
<p> MINNESOTA	  48   58  .453   8</p>
<p> KANSAS CITY	43   60  .417  11 1/2</p>
<p>		  WEST DIVISION</p>
<p>			 W    L   PCT  GB</p>
<p> SEATTLE	    60   46  .566   -</p>
<p> ANAHEIM	    60   47  .561     1/2</p>
<p> TEXAS		50   56  .472  10</p>
<p> OAKLAND	    42   67  .385  19 1/2</p>
<p>THURSDAY, JULY 31 SCHEDULE</p>
<p>TORONTO AT DETROIT  </p>
<p>BOSTON AT KANSAS CITY</p>
<p>SEATTLE AT MILWAUKEE</p>
<p>CHI WHITE SOX AT ANAHEIM</p>
<p> BALTIMORE AT OAKLAND    </p>
<p>		  NATIONAL LEAGUE</p>
<p>		  EAST DIVISION</p>
<p>			 W    L   PCT  GB</p>
<p> ATLANTA	    69   39  .639   -</p>
<p> FLORIDA	    60   45  .571   7 1/2</p>
<p> NY METS	    60   46  .566   8</p>
<p> MONTREAL	   54   51  .514  13 1/2</p>
<p> PHILADELPHIA     32   72  .308  35</p>
<p>		  CENTRAL DIVISION</p>
<p>			 W    L   PCT  GB</p>
<p> HOUSTON	    59   49  .546   -</p>
<p> PITTSBURGH	 52   55  .486   6 1/2</p>
<p> ST LOUIS	   51   55  .481   7</p>
<p> CINCINNATI	 45   60  .429  12 1/2</p>
<p> CHICAGO CUBS     43   65  .398  16</p>
<p>		  WEST DIVISION</p>
<p>			 W    L   PCT  GB</p>
<p> SAN FRANCISCO    59   49  .546   -</p>
<p> LOS ANGELES	58   49  .542     1/2</p>
<p> SAN DIEGO	  52   55  .486   6 1/2</p>
<p> COLORADO	   51   57  .472   8</p>
<p>THURSDAY, JULY 31 SCHEDULE</p>
<p> ATLANTA AT FLORIDA   </p>
<p>SAN DIEGO AT MONTREAL</p>
<p>ST LOUIS AT PHILADELPHIA</p>
<p>COLORADO AT PITTSBURGH </p>
<p>LOS ANGELES AT CHICAGO CUBS</p>
</text>
<copyright>(c) Reuters Limited 1997</copyright>
<metadata>
<codes class="bip:countries:1.0">
  <code code="USA">
    <editdetail attribution="Reuters BIP Coding Group" action="confirmed" date="1997-07-31"/>
  </code>
</codes>
<codes class="bip:topics:1.0">
  <code code="GCAT">
    <editdetail attribution="Reuters BIP Coding Group" action="confirmed" date="1997-07-31"/>
  </code>
  <code code="GSPO">
    <editdetail attribution="Reuters BIP Coding Group" action="confirmed" date="1997-07-31"/>
  </code>
</codes>
<dc element="dc.date.created" value="1997-07-31"/>
<dc element="dc.publisher" value="Reuters Holdings Plc"/>
<dc element="dc.date.published" value="1997-07-31"/>
<dc element="dc.source" value="Reuters"/>
<dc element="dc.creator.location" value="NEW YORK"/>
<dc element="dc.creator.location.country.name" value="USA"/>
<dc element="dc.source" value="Reuters"/>
</metadata>
</newsitem>
