<?xml version="1.0" encoding="iso-8859-1" ?>
<newsitem itemid="673537" id="root" date="1997-06-19" xml:lang="en">
<title>INDIA: Indian rupee eases in mild spurt in dollar demand.</title>
<headline>Indian rupee eases in mild spurt in dollar demand.</headline>
<dateline>BOMBAY 1997-06-19</dateline>
<text>
<p>India's spot rupee slipped mildly to 35.82/83 on Thursday morning from 35.81/82 opening following a mild spurt in dollar demand, dealers said.</p>
<p>&quot;The market must have been square to short,&quot; a dealer said. The State Bank of India (SBI) was expected to be out of the market after a proposed strike called off early on Thursday morning, dealers said.</p>
<p>They said SBI was giving wide quotes, showing lack of appetite for dollars on Thursday.</p>
<p>The rupee opened stronger against the forward dollar on easy money market conditions, dealers said.</p>
<p>-- Bombay newsroom +91-22-265 9000</p>
</text>
<copyright>(c) Reuters Limited 1997</copyright>
<metadata>
<codes class="bip:countries:1.0">
  <code code="INDIA">
    <editdetail attribution="Reuters BIP Coding Group" action="confirmed" date="1997-06-19"/>
  </code>
</codes>
<codes class="bip:topics:1.0">
  <code code="M13">
    <editdetail attribution="Reuters BIP Coding Group" action="confirmed" date="1997-06-19"/>
  </code>
  <code code="M132">
    <editdetail attribution="Reuters BIP Coding Group" action="confirmed" date="1997-06-19"/>
  </code>
  <code code="MCAT">
    <editdetail attribution="Reuters BIP Coding Group" action="confirmed" date="1997-06-19"/>
  </code>
</codes>
<dc element="dc.date.created" value="1997-06-19"/>
<dc element="dc.publisher" value="Reuters Holdings Plc"/>
<dc element="dc.date.published" value="1997-06-19"/>
<dc element="dc.source" value="Reuters"/>
<dc element="dc.creator.location" value="BOMBAY"/>
<dc element="dc.creator.location.country.name" value="INDIA"/>
<dc element="dc.source" value="Reuters"/>
</metadata>
</newsitem>
