<?xml version="1.0" encoding="iso-8859-1" ?>
<newsitem itemid="437430" id="root" date="1997-03-12" xml:lang="en">
<title>UK: House of Fraser refurbishes four stores.</title>
<headline>House of Fraser refurbishes four stores.</headline>
<dateline>LONDON 1997-03-12</dateline>
<text>
<p>British department store House of Fraser Plc said on Wednesday that it is refurbishing four of its stores at a total cost of 3.7 million stg.</p>
<p>The stores are situated in Carlisle, Leamington Spa, Milton Keynes and Thurrock.</p>
<p>It said that three of the stores would be re-branded as House of Fraser.</p>
<p>-- London Newsroom +44 171 542 4019</p>
</text>
<copyright>(c) Reuters Limited 1997</copyright>
<metadata>
<codes class="bip:countries:1.0">
  <code code="UK">
    <editdetail attribution="Reuters BIP Coding Group" action="confirmed" date="1997-03-12"/>
  </code>
</codes>
<codes class="bip:industries:1.0">
  <code code="I65600">
    <editdetail attribution="Reuters BIP Coding Group" action="confirmed" date="1997-03-12"/>
  </code>
  <code code="I6560002">
    <editdetail attribution="Reuters BIP Coding Group" action="confirmed" date="1997-03-12"/>
  </code>
</codes>
<codes class="bip:topics:1.0">
  <code code="C24">
    <editdetail attribution="Reuters BIP Coding Group" action="confirmed" date="1997-03-12"/>
  </code>
  <code code="CCAT">
    <editdetail attribution="Reuters BIP Coding Group" action="confirmed" date="1997-03-12"/>
  </code>
</codes>
<dc element="dc.date.created" value="1997-03-12"/>
<dc element="dc.publisher" value="Reuters Holdings Plc"/>
<dc element="dc.date.published" value="1997-03-12"/>
<dc element="dc.source" value="Reuters"/>
<dc element="dc.creator.location" value="LONDON"/>
<dc element="dc.creator.location.country.name" value="UK"/>
<dc element="dc.source" value="Reuters"/>
</metadata>
</newsitem>
