<?xml version="1.0" encoding="iso-8859-1" ?>
<newsitem itemid="398632" id="root" date="1997-02-24" xml:lang="en">
<title>USA: Fed adds reserves via three-day fixed system RPs.</title>
<headline>Fed adds reserves via three-day fixed system RPs.</headline>
<dateline>NEW YORK 1997-02-24</dateline>
<text>
<p>The Federal Reserve added reserves to the banking system on Monday through three-day fixed system repurchase agreements, a Fed spokeswoman said.</p>
<p>The move was in line with the market's expectations.</p>
<p>At 1030 EST/1530 GMT, the time when the Fed usually intervenes in the market, the federal funds were traded at 5-1/4 percent, in line with the Fed's target for the rate.</p>
<p>(( -- N.A. Treasury Desk, 212-859-1676 ))</p>
</text>
<copyright>(c) Reuters Limited 1997</copyright>
<metadata>
<codes class="bip:countries:1.0">
  <code code="USA">
    <editdetail attribution="Reuters BIP Coding Group" action="confirmed" date="1997-02-24"/>
  </code>
</codes>
<codes class="bip:topics:1.0">
  <code code="M13">
    <editdetail attribution="Reuters BIP Coding Group" action="confirmed" date="1997-02-24"/>
  </code>
  <code code="M131">
    <editdetail attribution="Reuters BIP Coding Group" action="confirmed" date="1997-02-24"/>
  </code>
  <code code="MCAT">
    <editdetail attribution="Reuters BIP Coding Group" action="confirmed" date="1997-02-24"/>
  </code>
</codes>
<dc element="dc.date.created" value="1997-02-24"/>
<dc element="dc.publisher" value="Reuters Holdings Plc"/>
<dc element="dc.date.published" value="1997-02-24"/>
<dc element="dc.source" value="Reuters"/>
<dc element="dc.creator.location" value="NEW YORK"/>
<dc element="dc.creator.location.country.name" value="USA"/>
<dc element="dc.source" value="Reuters"/>
</metadata>
</newsitem>
