<?xml version="1.0" encoding="iso-8859-1" ?>
<newsitem itemid="69857" id="root" date="1996-09-23" xml:lang="en">
<title>USA: Security Associates says TJS takes stake.</title>
<headline>Security Associates says TJS takes stake.</headline>
<dateline>ARLINGTON HEIGHTS, Ill. 1996-09-23</dateline>
<text>
<p>Security Associates International Inc said Monday TJS Partners LP of New York made a $5 million investment in the company consisting of newly issued stock and a convertible subordinated promissory note.</p>
<p>The transaction makes TJS Partners the largest shareholder in Security Associates, with 49 percent of the common shares outstanding.</p>
<p>The note is convertible into common stock of the company if it issues additional common stock in a securities offering or in certain acquisitions.</p>
<p>Proceeds of the transaction were used to acquire all minority interests in the company's operating subsidiaries, including Security Associates Command Centers and the Monitor Service Group, and to repay existing debt.</p>
<p>Separately, Security Associates said it is holding discussions with several banks on a new senior debt facility.</p>
<p>Security Associates operates third-party monitoring centers, acquires and consolidates recurring monthly revenue through the purchase of monitored accounts and provides training programs to its hundreds of dealers.</p>
<p>	   -- Chicago newsdesk 312 408-8787</p>
</text>
<copyright>(c) Reuters Limited 1996</copyright>
<metadata>
<codes class="bip:countries:1.0">
  <code code="USA">
    <editdetail attribution="Reuters BIP Coding Group" action="confirmed" date="1996-09-23"/>
  </code>
</codes>
<codes class="bip:topics:1.0">
  <code code="C18">
    <editdetail attribution="Reuters BIP Coding Group" action="confirmed" date="1996-09-23"/>
  </code>
  <code code="C181">
    <editdetail attribution="Reuters BIP Coding Group" action="confirmed" date="1996-09-23"/>
  </code>
  <code code="CCAT">
    <editdetail attribution="Reuters BIP Coding Group" action="confirmed" date="1996-09-23"/>
  </code>
</codes>
<dc element="dc.date.created" value="1996-09-23"/>
<dc element="dc.publisher" value="Reuters Holdings Plc"/>
<dc element="dc.date.published" value="1996-09-23"/>
<dc element="dc.source" value="Reuters"/>
<dc element="dc.creator.location" value="ARLINGTON HEIGHTS, Ill."/>
<dc element="dc.creator.location.country.name" value="USA"/>
<dc element="dc.source" value="Reuters"/>
</metadata>
</newsitem>
