<?xml version="1.0" encoding="iso-8859-1" ?>
<newsitem itemid="58969" id="root" date="1996-09-17" xml:lang="en">
<title>CANADA: Canada July wage settlements average 0.7 pct rise.</title>
<headline>Canada July wage settlements average 0.7 pct rise.</headline>
<dateline>OTTAWA 1996-09-17</dateline>
<text>
<p>Annual wage increases in Canadian collective bargaining agreements reached in July averaged 0.7 percent, up from 0.5 percent in June, the Department of Human Resources Development said on Tuesday.</p>
<p>			   Agreements/employees    Pct change</p>
<p>Public sector	  14/29,302		   +0.3</p>
<p>Private sector	 20/62,638		   +0.8</p>
<p>A Reuters survey of economists had forecast a 0.8 percent increase in wage settlements in July.</p>
<p>Wage increases are the average annual percentage increase in base rates -- the wage rate of the lowest paid classification in a bargaining unit -- over the term of the agreement in settlements negotiated during the period shown.</p>
<p>(For more information on the settlements, contact Human Resources Development's Workplace Information Directorate, at 1-800-567-6866 or 819-997-3117.)</p>
<p>-- Reuters Ottawa Bureau (613) 235-6745</p>
</text>
<copyright>(c) Reuters Limited 1996</copyright>
<metadata>
<codes class="bip:countries:1.0">
  <code code="CANA">
    <editdetail attribution="Reuters BIP Coding Group" action="confirmed" date="1996-09-17"/>
  </code>
</codes>
<codes class="bip:topics:1.0">
  <code code="C42">
    <editdetail attribution="Reuters BIP Coding Group" action="confirmed" date="1996-09-17"/>
  </code>
  <code code="CCAT">
    <editdetail attribution="Reuters BIP Coding Group" action="confirmed" date="1996-09-17"/>
  </code>
  <code code="E41">
    <editdetail attribution="Reuters BIP Coding Group" action="confirmed" date="1996-09-17"/>
  </code>
  <code code="ECAT">
    <editdetail attribution="Reuters BIP Coding Group" action="confirmed" date="1996-09-17"/>
  </code>
  <code code="GCAT">
    <editdetail attribution="Reuters BIP Coding Group" action="confirmed" date="1996-09-17"/>
  </code>
  <code code="GJOB">
    <editdetail attribution="Reuters BIP Coding Group" action="confirmed" date="1996-09-17"/>
  </code>
</codes>
<dc element="dc.date.created" value="1996-09-17"/>
<dc element="dc.publisher" value="Reuters Holdings Plc"/>
<dc element="dc.date.published" value="1996-09-17"/>
<dc element="dc.source" value="Reuters"/>
<dc element="dc.creator.location" value="OTTAWA"/>
<dc element="dc.creator.location.country.name" value="CANADA"/>
<dc element="dc.source" value="Reuters"/>
</metadata>
</newsitem>
