<?xml version="1.0" encoding="iso-8859-1" ?>
<newsitem itemid="105638" id="root" date="1996-10-09" xml:lang="en">
<title>NETHERLANDS: Dutch Rabobank cofinances Romanian brewer.</title>
<headline>Dutch Rabobank cofinances Romanian brewer.</headline>
<dateline>UTRECHT 1996-10-09</dateline>
<text>
<p>Dutch Rabobank said on Wednesday it had put up 24 million dollars to co-finance the construction of a brewery near Bucharest, Romania.</p>
<p>&quot;Rabobank is co-financing the greenfields project under the European Bank for Reconstruction and Development, which itself is putting up 43 million dollars,&quot; a bank spokesman said.</p>
<p>The new brewery, United Romanian Breweries Bereprod, is due for completion in late 1997 or early 1998.</p>
<p>Aimed at the premium beer segment, the brewery is a joint venture between Carlsberg of Denmark, Danish development fund I.O, Israeli Breweries and Romania's Tarpeia. It will have capacity of 0.5 million hectolitres a year.</p>
<p>-- Amsterdam newsroom +31 20 504 5000, Fax +31 20 504 5040</p>
</text>
<copyright>(c) Reuters Limited 1996</copyright>
<metadata>
<codes class="bip:countries:1.0">
  <code code="NETH">
    <editdetail attribution="Reuters BIP Coding Group" action="confirmed" date="1996-10-09"/>
  </code>
  <code code="ROM">
    <editdetail attribution="Reuters BIP Coding Group" action="confirmed" date="1996-10-09"/>
  </code>
</codes>
<codes class="bip:industries:1.0">
  <code code="I42700">
    <editdetail attribution="Reuters BIP Coding Group" action="confirmed" date="1996-10-09"/>
  </code>
  <code code="I81402">
    <editdetail attribution="Reuters BIP Coding Group" action="confirmed" date="1996-10-09"/>
  </code>
  <code code="I81501">
    <editdetail attribution="Reuters BIP Coding Group" action="confirmed" date="1996-10-09"/>
  </code>
  <code code="I8150106">
    <editdetail attribution="Reuters BIP Coding Group" action="confirmed" date="1996-10-09"/>
  </code>
</codes>
<codes class="bip:topics:1.0">
  <code code="C11">
    <editdetail attribution="Reuters BIP Coding Group" action="confirmed" date="1996-10-09"/>
  </code>
  <code code="C17">
    <editdetail attribution="Reuters BIP Coding Group" action="confirmed" date="1996-10-09"/>
  </code>
  <code code="C24">
    <editdetail attribution="Reuters BIP Coding Group" action="confirmed" date="1996-10-09"/>
  </code>
  <code code="CCAT">
    <editdetail attribution="Reuters BIP Coding Group" action="confirmed" date="1996-10-09"/>
  </code>
</codes>
<dc element="dc.date.created" value="1996-10-09"/>
<dc element="dc.publisher" value="Reuters Holdings Plc"/>
<dc element="dc.date.published" value="1996-10-09"/>
<dc element="dc.source" value="Reuters"/>
<dc element="dc.creator.location" value="UTRECHT"/>
<dc element="dc.creator.location.country.name" value="NETHERLANDS"/>
<dc element="dc.source" value="Reuters"/>
</metadata>
</newsitem>
