<?xml version="1.0" encoding="iso-8859-1" ?>
<newsitem itemid="429547" id="root" date="1997-03-10" xml:lang="en">
<title>USA: INTERVIEW - Marriott says eying acqusitions.</title>
<headline>INTERVIEW - Marriott says eying acqusitions.</headline>
<dateline>NEW YORK 1997-03-10</dateline>
<text>
<p>Even while it moves to complete the $1 billion acquisition of Renaissance Hotel Group N.V., Marriott International Inc is prowling the upscale lodging market for new takeover targets.</p>
<p>Marriott chief financial officer Michael Stein told Reuters in an interview the dearth of new supply in luxury and full-service hotel rooms makes the time right to continue buying new lodging capacity.</p>
<p>Further, it remains less expensive to acquire rather than construct existing properties, a maxim especially applicable to the luxury tier of the business, he said.</p>
</text>
<copyright>(c) Reuters Limited 1997</copyright>
<metadata>
<codes class="bip:countries:1.0">
  <code code="USA">
    <editdetail attribution="Reuters BIP Coding Group" action="confirmed" date="1997-03-10"/>
  </code>
</codes>
<codes class="bip:industries:1.0">
  <code code="I66500">
    <editdetail attribution="Reuters BIP Coding Group" action="confirmed" date="1997-03-10"/>
  </code>
</codes>
<codes class="bip:topics:1.0">
  <code code="C11">
    <editdetail attribution="Reuters BIP Coding Group" action="confirmed" date="1997-03-10"/>
  </code>
  <code code="C18">
    <editdetail attribution="Reuters BIP Coding Group" action="confirmed" date="1997-03-10"/>
  </code>
  <code code="C181">
    <editdetail attribution="Reuters BIP Coding Group" action="confirmed" date="1997-03-10"/>
  </code>
  <code code="CCAT">
    <editdetail attribution="Reuters BIP Coding Group" action="confirmed" date="1997-03-10"/>
  </code>
</codes>
<dc element="dc.date.created" value="1997-03-10"/>
<dc element="dc.publisher" value="Reuters Holdings Plc"/>
<dc element="dc.date.published" value="1997-03-10"/>
<dc element="dc.source" value="Reuters"/>
<dc element="dc.creator.location" value="NEW YORK"/>
<dc element="dc.creator.location.country.name" value="USA"/>
<dc element="dc.source" value="Reuters"/>
</metadata>
</newsitem>
