<?xml version="1.0" encoding="iso-8859-1" ?>
<newsitem itemid="96272" id="root" date="1996-10-04" xml:lang="en">
<title>YUGOSLAVIA: PRESS DIGEST - Yugoslavia - Oct 4.</title>
<headline>PRESS DIGEST - Yugoslavia - Oct 4.</headline>
<dateline>BELGRADE 1996-10-04</dateline>
<text>
<p>These are the leading stories in the Belgrade press on Friday. Reuters has not verified them and does not vouch for their accuracy.</p>
<p>POLITIKA</p>
<p>- Bosnia will recognise Yugoslavia's continuity and Yugoslavia will respect Bosnia's integrity according to a statement signed in Paris by Serbian President Slobodan Milosevic and President of the Bosnain Presidency Alija Izetbegovic.</p>
<p>- Yugoslavia and France agree to step up bilateral economic cooperation during the meeting of Serbian president Slobodan Milosevic and French President Jacques Chirac.</p>
<p>- Serbian Prime  Minister Mirko Marjanovic expects Serbia's development to bee more rapid after the lifting of sanctions.</p>
<p>- Average retail price growth in the January-September period was 47.2 percent in relation to December 1995, says Federal Statistics office. It does not expect annual inflation to exceed 60 percent.</p>
<p>- Trepca metals complex signed a $225 million deal over a three-year period with American firm Trafigura.</p>
<p>- Hungarian and Serbian police form joint expert group and agree to cooperate in combatting organised crime, drug trafficking and terrorism.</p>
<p>NASA BORBA</p>
<p>- Workers of Zastava arms from Kragujevac end six week strike.</p>
<p>- Yugoslav Foreign Minister Milan Milutinovic heads the list of the three party coalition -- Socialist party of Serbia (SPS), Yugoslav left (YUL) and New Democracy (ND) for the November 3 elections.</p>
<p>- Official exchange rate will remain stable as long as imports are financed with foreign currency stashed abroad and will start going up when this source is exhausted, analysis.</p>
<p>- Serbian trade ministry officially approves rise of milk prices from October 1.</p>
<p>BORBA</p>
<p>- Belgrade fasihion fair to be held from October 8 to 11.</p>
<p>POLITIKA EKSPRES</p>
<p>- We cannot expect spectacular improvements in Yugoslavia's economy after the lifting of sanctions, say economic experts.</p>
<p>- The road to getting back Yugoslavia's assets, blocked in almost fourty countries of the world while sanctions were in force, will be slow and gradual, says vice-governor of the National Bank of Yugoslavia Zarko Trbojevic.</p>
<p>-- Belgrade newsroom, +381 11 222 43 05</p>
</text>
<copyright>(c) Reuters Limited 1996</copyright>
<metadata>
<codes class="bip:countries:1.0">
  <code code="YUG">
    <editdetail attribution="Reuters BIP Coding Group" action="confirmed" date="1996-10-04"/>
  </code>
</codes>
<codes class="bip:topics:1.0">
  <code code="GCAT">
    <editdetail attribution="Reuters BIP Coding Group" action="confirmed" date="1996-10-04"/>
  </code>
</codes>
<dc element="dc.date.created" value="1996-10-04"/>
<dc element="dc.publisher" value="Reuters Holdings Plc"/>
<dc element="dc.date.published" value="1996-10-04"/>
<dc element="dc.source" value="Reuters"/>
<dc element="dc.creator.location" value="BELGRADE"/>
<dc element="dc.creator.location.country.name" value="YUGOSLAVIA"/>
<dc element="dc.source" value="Reuters"/>
</metadata>
</newsitem>
