<?xml version="1.0" encoding="iso-8859-1" ?>
<newsitem itemid="82768" id="root" date="1996-09-27" xml:lang="en">
<title>JAPAN: Ten Allied -96/97 group forecast.</title>
<headline>Ten Allied -96/97 group forecast.</headline>
<dateline>TOKYO 1996-09-27</dateline>
<text>
<p>Year to March 31, 1997</p>
<p>		   (in billions of yen unless specified)</p>
<p>			   LATEST	    PREVIOUS	   ACTUAL</p>
<p> (Group)		FORECAST	   FORECAST	  YEAR-AGO</p>
<p> Sales		 32.25		33.25		28.51</p>
<p> Current		1.53		 3.03		 2.33</p>
<p> Net		  763    million	   1.52		 1.06</p>
<p>NOTE - Ten Allied Co Ltd operates Japanese-style pubs and is well-known for its &quot;Tengu&quot; chain.</p>
</text>
<copyright>(c) Reuters Limited 1996</copyright>
<metadata>
<codes class="bip:countries:1.0">
  <code code="JAP">
    <editdetail attribution="Reuters BIP Coding Group" action="confirmed" date="1996-09-27"/>
  </code>
</codes>
<codes class="bip:industries:1.0">
  <code code="I66100">
    <editdetail attribution="Reuters BIP Coding Group" action="confirmed" date="1996-09-27"/>
  </code>
</codes>
<codes class="bip:topics:1.0">
  <code code="C15">
    <editdetail attribution="Reuters BIP Coding Group" action="confirmed" date="1996-09-27"/>
  </code>
  <code code="C152">
    <editdetail attribution="Reuters BIP Coding Group" action="confirmed" date="1996-09-27"/>
  </code>
  <code code="CCAT">
    <editdetail attribution="Reuters BIP Coding Group" action="confirmed" date="1996-09-27"/>
  </code>
</codes>
<dc element="dc.date.created" value="1996-09-27"/>
<dc element="dc.publisher" value="Reuters Holdings Plc"/>
<dc element="dc.date.published" value="1996-09-27"/>
<dc element="dc.source" value="Reuters"/>
<dc element="dc.creator.location" value="TOKYO"/>
<dc element="dc.creator.location.country.name" value="JAPAN"/>
<dc element="dc.source" value="Reuters"/>
</metadata>
</newsitem>
