<?xml version="1.0" encoding="iso-8859-1" ?>
<newsitem itemid="400218" id="root" date="1997-02-25" xml:lang="en">
<title>USA: Fed says Tuesday's coupon pass totaled $818 mln.</title>
<headline>Fed says Tuesday's coupon pass totaled $818 mln.</headline>
<dateline>NEW YORK 1997-02-25</dateline>
<text>
<p>The Federal Reserve permanently added a total of $818 million during its coupon pass operation on Tuesday, a New York Fed spokesman said.</p>
<p>(( -- N.A. Treasury Desk 212-859-1660 ))</p>
</text>
<copyright>(c) Reuters Limited 1997</copyright>
<metadata>
<codes class="bip:countries:1.0">
  <code code="USA">
    <editdetail attribution="Reuters BIP Coding Group" action="confirmed" date="1997-02-25"/>
  </code>
</codes>
<codes class="bip:topics:1.0">
  <code code="M13">
    <editdetail attribution="Reuters BIP Coding Group" action="confirmed" date="1997-02-25"/>
  </code>
  <code code="M131">
    <editdetail attribution="Reuters BIP Coding Group" action="confirmed" date="1997-02-25"/>
  </code>
  <code code="MCAT">
    <editdetail attribution="Reuters BIP Coding Group" action="confirmed" date="1997-02-25"/>
  </code>
</codes>
<dc element="dc.date.created" value="1997-02-25"/>
<dc element="dc.publisher" value="Reuters Holdings Plc"/>
<dc element="dc.date.published" value="1997-02-25"/>
<dc element="dc.source" value="Reuters"/>
<dc element="dc.creator.location" value="NEW YORK"/>
<dc element="dc.creator.location.country.name" value="USA"/>
<dc element="dc.source" value="Reuters"/>
</metadata>
</newsitem>
