<?xml version="1.0" encoding="iso-8859-1" ?>
<newsitem itemid="672795" id="root" date="1997-06-19" xml:lang="en">
<title>CHINA: China to inaugurate new ceremonial cannon for HK.</title>
<headline>China to inaugurate new ceremonial cannon for HK.</headline>
<dateline>BEIJING 1997-06-19</dateline>
<text>
<p>Heads of state who visit China after the Hong Kong handover on July 1 will be greeted by a ceremonial salute from sleeker, louder cannon inaugurated to celebrate the recovery of the British colony.</p>
<p>The new &quot;97&quot; cannon -- marking China's July 1, 1997 resumption of sovereignty over Hong Kong -- replace the previous &quot;86&quot; cannon in use for a decade, the Xinhua news agency said on Thursday.</p>
<p>The 97 generation of cannon that will fire the ceremonial salute for visiting heads of state is more sleekly designed and has a rich thundering sound that can be heard from far away, Xinhua said.</p>
</text>
<copyright>(c) Reuters Limited 1997</copyright>
<metadata>
<codes class="bip:countries:1.0">
  <code code="CHINA">
    <editdetail attribution="Reuters BIP Coding Group" action="confirmed" date="1997-06-19"/>
  </code>
  <code code="HKONG">
    <editdetail attribution="Reuters BIP Coding Group" action="confirmed" date="1997-06-19"/>
  </code>
</codes>
<codes class="bip:topics:1.0">
  <code code="GCAT">
    <editdetail attribution="Reuters BIP Coding Group" action="confirmed" date="1997-06-19"/>
  </code>
  <code code="GDIP">
    <editdetail attribution="Reuters BIP Coding Group" action="confirmed" date="1997-06-19"/>
  </code>
  <code code="GPOL">
    <editdetail attribution="Reuters BIP Coding Group" action="confirmed" date="1997-06-19"/>
  </code>
</codes>
<dc element="dc.date.created" value="1997-06-19"/>
<dc element="dc.publisher" value="Reuters Holdings Plc"/>
<dc element="dc.date.published" value="1997-06-19"/>
<dc element="dc.source" value="Reuters"/>
<dc element="dc.creator.location" value="BEIJING"/>
<dc element="dc.creator.location.country.name" value="CHINA"/>
<dc element="dc.source" value="Reuters"/>
</metadata>
</newsitem>
