<?xml version="1.0" encoding="iso-8859-1" ?>
<newsitem itemid="461449" id="root" date="1997-03-22" xml:lang="en">
<title>FRANCE: SOCCER-FRENCH LEAGUE RESULTS/STANDINGS.</title>
<headline>SOCCER-FRENCH LEAGUE RESULTS/STANDINGS.</headline>
<dateline>PARIS 1997-03-22</dateline>
<text>
<p>Results of French first division</p>
<p>matches on Saturday:</p>
<p> Monaco		    3  Bastia		    1</p>
<p> Nantes		    1  Lille		     0</p>
<p> Lyon			2  Le Havre		  1</p>
<p> Lens			2  Auxerre		   1</p>
<p> Montpellier	     2  Nice			1</p>
<p> Nancy		     1  Bordeaux		  1</p>
<p> Cannes		    1  Rennes		    0</p>
<p> Guingamp		  2  Strasbourg		1</p>
<p>Playing on Sunday:</p>
<p>Paris St Germain v Metz</p>
<p>Caen v Marseille</p>
<p>    Standings		  P   W  D  L   Gf  Ga  Pts</p>
<p>  1. Monaco		    30  18  8  4  54  23  62</p>
<p>  2. Paris St Germain	29  14 10  5  42  23  52</p>
<p>  3. Nantes		    30  13 12  5  51  27  51</p>
<p>  4. Bordeaux		  30  13 11  6  48  32  50</p>
<p>  5. Strasbourg		30  16  2 12  42  39  50</p>
<p>  6. Bastia		    29  14  7  8  41  34  49</p>
<p>  7. Auxerre		   30  12 10  8  36  24  46</p>
<p>  8. Metz			29  12 10  7  32  23  46</p>
<p>  9. Lyon			30  11 10  9  40  44  43</p>
<p> 10. Guingamp		  30  10 10 10  29  29  40</p>
<p> 11. Marseille		 29   9 10 10  31  31  37</p>
<p> 12. Montpellier	     30   8 13  9  28  30  37</p>
<p> 13. Cannes		    30   8 11 11  18  28  35</p>
<p> 14. Le Havre		  30   8 10 12  27  34  34</p>
<p> 15. Rennes		    30   9  6 15  30  42  33</p>
<p> 16. Lens			30   9  6 15  31  45  33</p>
<p> 17. Lille		     30   8  9 13  29  45  33</p>
<p> 18. Nancy		     30   6  8 16  24  39  26</p>
<p> 19. Caen			28   5 10 13  24  36  25</p>
<p> 20. Nice			30   4  7 19  24  53  19</p>
</text>
<copyright>(c) Reuters Limited 1997</copyright>
<metadata>
<codes class="bip:countries:1.0">
  <code code="FRA">
    <editdetail attribution="Reuters BIP Coding Group" action="confirmed" date="1997-03-22"/>
  </code>
  <code code="MONAC">
    <editdetail attribution="Reuters BIP Coding Group" action="confirmed" date="1997-03-22"/>
  </code>
</codes>
<codes class="bip:topics:1.0">
  <code code="GCAT">
    <editdetail attribution="Reuters BIP Coding Group" action="confirmed" date="1997-03-22"/>
  </code>
  <code code="GSPO">
    <editdetail attribution="Reuters BIP Coding Group" action="confirmed" date="1997-03-22"/>
  </code>
</codes>
<dc element="dc.date.created" value="1997-03-22"/>
<dc element="dc.publisher" value="Reuters Holdings Plc"/>
<dc element="dc.date.published" value="1997-03-22"/>
<dc element="dc.source" value="Reuters"/>
<dc element="dc.creator.location" value="PARIS"/>
<dc element="dc.creator.location.country.name" value="FRANCE"/>
<dc element="dc.source" value="Reuters"/>
</metadata>
</newsitem>
