<?xml version="1.0" encoding="iso-8859-1" ?>
<newsitem itemid="715047" id="root" date="1997-07-08" xml:lang="en">
<title>NETHERLANDS: Transavia to take over KLM's Casablanca service.</title>
<headline>Transavia to take over KLM's Casablanca service.</headline>
<dateline>AMSTERDAM 1997-07-08</dateline>
<text>
<p>Dutch flag carrier KLM Royal Dutch Airlines said on Tuesday its 80 percent owned charter airline Transavia would take over KLM's daily scheduled service between Amsterdam and Casablanca from October 26 of this year.</p>
<p>The flights will be under a code-sharing agreement with KLM.</p>
<p>&quot;This means that the flights that Transavia provides along this route will be listed in the reservations system under a collective flight number,&quot; KLM said.</p>
<p>It added that the flights would be run in scheduled slots which are already maintained by KLM, giving travellers better transfer opportunities at Amsterdam's Schiphol Airport.</p>
<p>KLM said it would give Transavia access to the global sales network operated by KLM and its partners.</p>
<p>The capacity freed at KLM by switching the Casablanca service to Transavia will be used in other parts of KLM's European route network.</p>
<p>Transavia is mainly active as a charter airline but is increasing the number of its scheduled services, which will total 15 once it takes over the Casablanca service.</p>
<p>-- Amsterdam newsroom +31 20 504 5000, Fax +31 20 504 5040</p>
</text>
<copyright>(c) Reuters Limited 1997</copyright>
<metadata>
<codes class="bip:countries:1.0">
  <code code="MOROC">
    <editdetail attribution="Reuters BIP Coding Group" action="confirmed" date="1997-07-08"/>
  </code>
  <code code="NETH">
    <editdetail attribution="Reuters BIP Coding Group" action="confirmed" date="1997-07-08"/>
  </code>
</codes>
<codes class="bip:industries:1.0">
  <code code="I75000">
    <editdetail attribution="Reuters BIP Coding Group" action="confirmed" date="1997-07-08"/>
  </code>
</codes>
<codes class="bip:topics:1.0">
  <code code="C11">
    <editdetail attribution="Reuters BIP Coding Group" action="confirmed" date="1997-07-08"/>
  </code>
  <code code="CCAT">
    <editdetail attribution="Reuters BIP Coding Group" action="confirmed" date="1997-07-08"/>
  </code>
</codes>
<dc element="dc.date.created" value="1997-07-08"/>
<dc element="dc.publisher" value="Reuters Holdings Plc"/>
<dc element="dc.date.published" value="1997-07-08"/>
<dc element="dc.source" value="Reuters"/>
<dc element="dc.creator.location" value="AMSTERDAM"/>
<dc element="dc.creator.location.country.name" value="NETHERLANDS"/>
<dc element="dc.source" value="Reuters"/>
</metadata>
</newsitem>
