<?xml version="1.0" encoding="iso-8859-1" ?>
<newsitem itemid="640079" id="root" date="1997-06-05" xml:lang="en">
<title>USA: PRESALE - Pelham UFSD, N.Y..</title>
<headline>PRESALE - Pelham UFSD, N.Y..</headline>
<text>
<p>AMT: 3,300,000	DATE: 06/11/97	NYC Time: 1130	CUSIP: 705795</p>
<p>ISSUER: Pelham Union Free School District			 ST: NY</p>
<p>ISSUE: School district serial 1997				  TAX STAT:Exempt-ULT</p>
<p>M/SP/F: NA/NA/NA							  BOOK ENTRY: Y</p>
<p>ENHANCEMENTS: None							BANK QUAL: Y</p>
<p>DTD: 06/01/97							     SURE BID: N</p>
<p>DUE: 6/1/99-12						SR MGR:</p>
<p>1ST CPN: 06/01/98</p>
<p>CALL: 6/1/07 @ 101, dtp 6/1/09			  NIC</p>
<p>DELIVERY: 6/19/97 approx				  ORDERS:</p>
<p>PAYING AGENT: District Treasurer's Office, Pelham</p>
<p>L.O.: Sullivan &amp; Donovan, NYC</p>
<p>F.A.: New York Municipal Advisors Corp., Hicksville</p>
<p>LAST SALE: $8,220,000 4/9/92 @ 5.7108% NIC; 7yrs 11mos avg; BBI- 6.73%</p>
<p>Year		     Amount    Coupon     Yield     Price  Conc.</p>
<p>1999		    225,000</p>
<p>2000		    225,000</p>
<p>2001		    225,000</p>
<p>2002		    225,000</p>
<p>2003		    225,000</p>
<p>2004		    225,000</p>
<p>2005		    225,000</p>
<p>2006		    225,000</p>
<p>2007		    250,000</p>
<p>2008		    250,000</p>
<p>2009		    250,000</p>
<p>2010		    250,000</p>
<p>2011		    250,000</p>
<p>2012		    250,000</p>
<p>COMPETITIVE PRE-SALE CONTRIBUTED BY J.J. KENNY K-SHEETS:</p>
</text>
<copyright>(c) Reuters Limited 1997</copyright>
<metadata>
<codes class="bip:countries:1.0">
  <code code="USA">
    <editdetail attribution="Reuters BIP Coding Group" action="confirmed" date="1997-06-05"/>
  </code>
</codes>
<codes class="bip:topics:1.0">
  <code code="E21">
    <editdetail attribution="Reuters BIP Coding Group" action="confirmed" date="1997-06-05"/>
  </code>
  <code code="E212">
    <editdetail attribution="Reuters BIP Coding Group" action="confirmed" date="1997-06-05"/>
  </code>
  <code code="ECAT">
    <editdetail attribution="Reuters BIP Coding Group" action="confirmed" date="1997-06-05"/>
  </code>
</codes>
<dc element="dc.publisher" value="Reuters Holdings Plc"/>
<dc element="dc.date.published" value="1997-06-05"/>
<dc element="dc.source" value="Reuters"/>
<dc element="dc.creator.location.country.name" value="USA"/>
<dc element="dc.source" value="Reuters"/>
</metadata>
</newsitem>
