<?xml version="1.0" encoding="iso-8859-1" ?>
<newsitem itemid="434515" id="root" date="1997-03-11" xml:lang="en">
<title>FINLAND: YIT SAYS TO ISSUE FOUR MLN NEW SHARES.</title>
<headline>YIT SAYS TO ISSUE FOUR MLN NEW SHARES.</headline>
<dateline>HELSINKI 1997-03-11</dateline>
<text>
<p>Finnish construction group YIT-Yhtyma Oy said on Tuesday it would issue a preliminary amount of four million new shares to Finnish and international institutional investors, to the public and to its employees.</p>
<p>&quot;The book building period for institutional investors will begin on March 12, 1997 and end on or about March 24, 1997,&quot; YIT said in a statement, adding that the board could increase the amount of shares to be issued up to 4.88 million shares.  </p>
<p>YIT said the offer price would be announced after the book building period on or about March 25, and the subscription period for the offerings to retail investors and employees would end around March 26.</p>
<p>&quot;The purpose of the share offering is to support YIT's growth strategy, raise its equity ratio, improve the liquidity of the share and expand the shareholder base,&quot; it said.</p>
<p>Merita Corporate Finance Oy is issue lead manager, YIT said.</p>
<p>-- Helsinki newsroom +358-9-6805 0248, news@Reuters.fi</p>
</text>
<copyright>(c) Reuters Limited 1997</copyright>
<metadata>
<codes class="bip:countries:1.0">
  <code code="FIN">
    <editdetail attribution="Reuters BIP Coding Group" action="confirmed" date="1997-03-11"/>
  </code>
</codes>
<codes class="bip:industries:1.0">
  <code code="I50100">
    <editdetail attribution="Reuters BIP Coding Group" action="confirmed" date="1997-03-11"/>
  </code>
</codes>
<codes class="bip:topics:1.0">
  <code code="C17">
    <editdetail attribution="Reuters BIP Coding Group" action="confirmed" date="1997-03-11"/>
  </code>
  <code code="C171">
    <editdetail attribution="Reuters BIP Coding Group" action="confirmed" date="1997-03-11"/>
  </code>
  <code code="CCAT">
    <editdetail attribution="Reuters BIP Coding Group" action="confirmed" date="1997-03-11"/>
  </code>
</codes>
<dc element="dc.date.created" value="1997-03-11"/>
<dc element="dc.publisher" value="Reuters Holdings Plc"/>
<dc element="dc.date.published" value="1997-03-11"/>
<dc element="dc.source" value="Reuters"/>
<dc element="dc.creator.location" value="HELSINKI"/>
<dc element="dc.creator.location.country.name" value="FINLAND"/>
<dc element="dc.source" value="Reuters"/>
</metadata>
</newsitem>
