<?xml version="1.0" encoding="iso-8859-1" ?>
<newsitem itemid="702113" id="root" date="1997-07-02" xml:lang="en">
<title>USA: Iowa-S Minn fed cattle trade steady, light - USDA.</title>
<headline>Iowa-S Minn fed cattle trade steady, light - USDA.</headline>
<dateline>DES MOINES 1997-07-02</dateline>
<text>
<p>Slaughter steers and heifers</p>
<p>were steady on a live basis, compared with Tuesday's close,</p>
<p>USDA said. Trade was light to moderate. Demand and seller</p>
<p>interest light to moderate. Offerings continue current.</p>
<p>Confirmed Sales:   2,800 Week Ago:  17,300 Year Ago: 10,300</p>
<p>Week to Date:     17,400 Week Ago:  24,100 Year Ago: 36,600</p>
<p>Steers:  Select to mostly Choice 2-4 1150-1300 lb 64.00-65.00 Heifers: Select to mostly Choice 2-4 1100-1200 lb 63.00-64.50</p>
<p>Carcass basis (weight only), compared with Tuesday's</p>
<p>close, slaughter steers and heifers were steady.</p>
<p>Steers:  Select to mostly Choice 2-4 1150-1300 lb</p>
<p>102.00-103.00.</p>
<p>Holstein: (weight only) Select to mostly Choice 2-3 1250-1400</p>
<p>lbs  98.00-99.00 Holsteins: ( grade &amp; weight)</p>
<p>Choice 2-3 1250-1450 lbs 100.00</p>
<p>Select 2-3 1250-1450 lbs  96.00</p>
<p>Heifers: Select to mostly Choice 2-4 1100-1200 lbs</p>
<p>102.00-103.00 ld 101.50</p>
<p>((Chicago newsdesk 312-408-8720))</p>
</text>
<copyright>(c) Reuters Limited 1997</copyright>
<metadata>
<codes class="bip:countries:1.0">
  <code code="USA">
    <editdetail attribution="Reuters BIP Coding Group" action="confirmed" date="1997-07-02"/>
  </code>
</codes>
<codes class="bip:topics:1.0">
  <code code="M14">
    <editdetail attribution="Reuters BIP Coding Group" action="confirmed" date="1997-07-02"/>
  </code>
  <code code="M141">
    <editdetail attribution="Reuters BIP Coding Group" action="confirmed" date="1997-07-02"/>
  </code>
  <code code="MCAT">
    <editdetail attribution="Reuters BIP Coding Group" action="confirmed" date="1997-07-02"/>
  </code>
</codes>
<dc element="dc.date.created" value="1997-07-02"/>
<dc element="dc.publisher" value="Reuters Holdings Plc"/>
<dc element="dc.date.published" value="1997-07-02"/>
<dc element="dc.source" value="Reuters"/>
<dc element="dc.creator.location" value="DES MOINES"/>
<dc element="dc.creator.location.country.name" value="USA"/>
<dc element="dc.source" value="Reuters"/>
</metadata>
</newsitem>
