<?xml version="1.0" encoding="iso-8859-1" ?>
<newsitem itemid="74464" id="root" date="1996-09-25" xml:lang="en">
<title>RUSSIA: PRESS DIGEST - RUSSIA - SEPT 25.</title>
<headline>PRESS DIGEST - RUSSIA - SEPT 25.</headline>
<text>
<p>IZVESTIA</p>
<p>- Officers in cash-strapped Russian anti-aircraft defence units in the Far East have been ordered to look for part-time jobs.</p>
<p>- Journalists accredited at a cardiological conference in Moscow, which included doctors who will decide when and where President Boris Yeltsin will undergo heart surgery, outnumbered participants by two to one.</p>
<p>- Antique manuscripts worth at least $400,000 were stolen in a meticulously prepared and executed burglary from a Moscow library.</p>
<p>SEVODNYA</p>
<p>- Whether he needs it or not, President Yeltsin must now undergo heart surgery for political reasons, to prove he is fit for the presidency.</p>
<p>- Russian Duma deputies are planning to soften the 1997 budget considerably, leaving a loophole for higher inflation.</p>
<p>NEZAVISIMAYA GAZETA</p>
<p>- Naina Yeltsin is expected to stay in the Central Clinical Hospital in Moscow, where her husband is being prepared for heart surgery, for as long as it takes doctors to set a date for his operation.</p>
<p>ROSSIISKAYA GAZETA</p>
<p>- The upper chamber of the Russian parliament may prove a stumbling block for the 1997 budget as regional leaders expect more money for their needs then currently envisaged.</p>
<p>MOSKOVSKY KOMSOMOLETS</p>
<p>- Organisers of Michael Jackson's recent concert in Moscow suffered substantial losses as they managed to sell only about a half the seats at the event.</p>
<p>--Andrei Shukshin, Moscow Newsroom, +7095 941 8520</p>
</text>
<copyright>(c) Reuters Limited 1996</copyright>
<metadata>
<codes class="bip:countries:1.0">
  <code code="RUSS">
    <editdetail attribution="Reuters BIP Coding Group" action="confirmed" date="1996-09-25"/>
  </code>
</codes>
<codes class="bip:topics:1.0">
  <code code="GCAT">
    <editdetail attribution="Reuters BIP Coding Group" action="confirmed" date="1996-09-25"/>
  </code>
</codes>
<dc element="dc.publisher" value="Reuters Holdings Plc"/>
<dc element="dc.date.published" value="1996-09-25"/>
<dc element="dc.source" value="Reuters"/>
<dc element="dc.creator.location.country.name" value="RUSSIA"/>
<dc element="dc.source" value="Reuters"/>
</metadata>
</newsitem>
