<?xml version="1.0" encoding="iso-8859-1" ?>
<newsitem itemid="262650" id="root" date="1996-12-17" xml:lang="en">
<title>UK: Glaxo leads sector lower after ADRs slump.</title>
<headline>Glaxo leads sector lower after ADRs slump.</headline>
<dateline>LONDON 1996-12-17</dateline>
<text>
<p>Shares in major UK pharmaceutical firms were indicated lower in pre-market dealings after their ADRs slumped in New York overnight.</p>
<p>At 0808 GMT, shares in Glaxo Wellcome were marked down 11p to 927-1/2p after their ADRs fell $3/8 to $30-3/4.</p>
<p>Shares in Zeneca Group were indicated 5-1/2p lower at 1588-1/2p after Zeneca's ADRs shed $1 to $79, while shares in SmithKline Beecham eased 9p to 802-1/2p after their ADRs slipped $5/8 to $66-1/2.  </p>
<p>&quot;The currency doesn't help, and the way the ADRs are priced gives them an additional knock,&quot; said one market maker.</p>
<p>Glaxo shares, under the additional weight of a series of recent broker downgrades, stand at their lowest level since early September.</p>
<p>--Debra Sherman, London newsroom +44 171 542 4026</p>
</text>
<copyright>(c) Reuters Limited 1996</copyright>
<metadata>
<codes class="bip:countries:1.0">
  <code code="UK">
    <editdetail attribution="Reuters BIP Coding Group" action="confirmed" date="1996-12-17"/>
  </code>
</codes>
<codes class="bip:industries:1.0">
  <code code="I25700">
    <editdetail attribution="Reuters BIP Coding Group" action="confirmed" date="1996-12-17"/>
  </code>
</codes>
<codes class="bip:topics:1.0">
  <code code="C15">
    <editdetail attribution="Reuters BIP Coding Group" action="confirmed" date="1996-12-17"/>
  </code>
  <code code="C152">
    <editdetail attribution="Reuters BIP Coding Group" action="confirmed" date="1996-12-17"/>
  </code>
  <code code="CCAT">
    <editdetail attribution="Reuters BIP Coding Group" action="confirmed" date="1996-12-17"/>
  </code>
</codes>
<dc element="dc.date.created" value="1996-12-17"/>
<dc element="dc.publisher" value="Reuters Holdings Plc"/>
<dc element="dc.date.published" value="1996-12-17"/>
<dc element="dc.source" value="Reuters"/>
<dc element="dc.creator.location" value="LONDON"/>
<dc element="dc.creator.location.country.name" value="UK"/>
<dc element="dc.source" value="Reuters"/>
</metadata>
</newsitem>
