<?xml version="1.0" encoding="iso-8859-1" ?>
<newsitem itemid="345028" id="root" date="1997-01-30" xml:lang="en">
<title>UK: OPEC basket price firmed to $22.59 on Wednesday.</title>
<headline>OPEC basket price firmed to $22.59 on Wednesday.</headline>
<dateline>LONDON 1997-01-30</dateline>
<text>
<p>The price of OPEC's basket of seven crudes stood at $22.59 per barrel on Wednesday, against $22.16 on Tuesday, according to the OPEC Secretariat's calculations, the OPEC news agency said on Thursday.</p>
<p>The basket comprises Algeria's Saharan Blend, Indonesia's Minas, Nigeria's Bonny Light, Saudi Arabia's Arabian Light, Dubai of the UAE, Venezuela's Tia Juana and Mexico's Isthmus.</p>
<p>-- London Newsroom +44 171 542 7630</p>
</text>
<copyright>(c) Reuters Limited 1997</copyright>
<metadata>
<codes class="bip:countries:1.0">
  <code code="OPEC">
    <editdetail attribution="Reuters BIP Coding Group" action="confirmed" date="1997-01-30"/>
  </code>
  <code code="UK">
    <editdetail attribution="Reuters BIP Coding Group" action="confirmed" date="1997-01-30"/>
  </code>
</codes>
<codes class="bip:industries:1.0">
  <code code="I13000">
    <editdetail attribution="Reuters BIP Coding Group" action="confirmed" date="1997-01-30"/>
  </code>
</codes>
<codes class="bip:topics:1.0">
  <code code="C31">
    <editdetail attribution="Reuters BIP Coding Group" action="confirmed" date="1997-01-30"/>
  </code>
  <code code="CCAT">
    <editdetail attribution="Reuters BIP Coding Group" action="confirmed" date="1997-01-30"/>
  </code>
  <code code="M14">
    <editdetail attribution="Reuters BIP Coding Group" action="confirmed" date="1997-01-30"/>
  </code>
  <code code="M143">
    <editdetail attribution="Reuters BIP Coding Group" action="confirmed" date="1997-01-30"/>
  </code>
  <code code="MCAT">
    <editdetail attribution="Reuters BIP Coding Group" action="confirmed" date="1997-01-30"/>
  </code>
</codes>
<dc element="dc.date.created" value="1997-01-30"/>
<dc element="dc.publisher" value="Reuters Holdings Plc"/>
<dc element="dc.date.published" value="1997-01-30"/>
<dc element="dc.source" value="Reuters"/>
<dc element="dc.creator.location" value="LONDON"/>
<dc element="dc.creator.location.country.name" value="UK"/>
<dc element="dc.source" value="Reuters"/>
</metadata>
</newsitem>
