<?xml version="1.0" encoding="iso-8859-1" ?>
<newsitem itemid="230454" id="root" date="1996-12-03" xml:lang="en">
<title>BELGIUM: SOCCER-WALEM STRIKE GIVES UNINSPIRED ANDERLECHT VICTORY.</title>
<headline>SOCCER-WALEM STRIKE GIVES UNINSPIRED ANDERLECHT VICTORY.</headline>
<dateline>BRUSSELS 1996-12-03</dateline>
<text>
<p>A second half strike by Belgium midfielder Johan Walem helped seasoned European campaigners Anderlecht squeeze past Helsingborg of Sweden into the UEFA Cup quarter-finals on Tuesday.</p>
<p>The prestigious Brussels club, just a pale shadow of the glorious team which won the UEFA Cup in 1983, created few clear chances until Walem broke the goalless deadlock in the 68th minute. They won 1-0 on aggregate.</p>
<p>The mercurial Walem lifted the ball over goalkeeper Sven Andersson after Anderlecht's Swedish international midfielder Par Zetterberg had beaten four Helsingborg defenders.</p>
<p>Helsingborg came close to an equaliser two minutes from time but Glen De Boeck cleared the loose ball just in time.</p>
<p>The victory restored some pride for the Belgians who have slipped to eighth in the domestic standings, their lowest position for 26 years.</p>
<p>&quot;This is a transitional year for us and this victory should finally give us some confidence again after four or five goalless draws,&quot; Anderlecht manager Michel Verschueren said.</p>
</text>
<copyright>(c) Reuters Limited 1996</copyright>
<metadata>
<codes class="bip:countries:1.0">
  <code code="BELG">
    <editdetail attribution="Reuters BIP Coding Group" action="confirmed" date="1996-12-03"/>
  </code>
  <code code="SWED">
    <editdetail attribution="Reuters BIP Coding Group" action="confirmed" date="1996-12-03"/>
  </code>
</codes>
<codes class="bip:topics:1.0">
  <code code="GCAT">
    <editdetail attribution="Reuters BIP Coding Group" action="confirmed" date="1996-12-03"/>
  </code>
  <code code="GSPO">
    <editdetail attribution="Reuters BIP Coding Group" action="confirmed" date="1996-12-03"/>
  </code>
</codes>
<dc element="dc.date.created" value="1996-12-03"/>
<dc element="dc.publisher" value="Reuters Holdings Plc"/>
<dc element="dc.date.published" value="1996-12-03"/>
<dc element="dc.source" value="Reuters"/>
<dc element="dc.creator.location" value="BRUSSELS"/>
<dc element="dc.creator.location.country.name" value="BELGIUM"/>
<dc element="dc.source" value="Reuters"/>
</metadata>
</newsitem>
