<?xml version="1.0" encoding="iso-8859-1" ?>
<newsitem itemid="399690" id="root" date="1997-02-24" xml:lang="en">
<title>SWITZERLAND: Greenpeace blocks Swiss road in trucks protest.</title>
<headline>Greenpeace blocks Swiss road in trucks protest.</headline>
<dateline>ZURICH 1997-02-24</dateline>
<text>
<p>Greenpeace environmental activists blocked a motorway into Switzerland from Germany on Monday to protest against European Union pressure for an end to Swiss limits on trans-Alpine truck traffic.</p>
<p>About 30 demonstrators barred the A2 motorway on the border in Basel, causing traffic to snarl up on a major entry to Switzerland from the north, police said.</p>
<p>But cars and trucks were able to detour through several other border posts in the area, which has a large number of crossings between Basel and neighbouring Germany and France.</p>
<p>A Greenpeace spokesman said the protest was aimed at stopping Switzerland from conceding EU demands in bilateral talks.</p>
<p>Switzerland wants a trade treaty from the EU, in which it is not a member, but Brussels is demanding that Berne in return raise weight limits that keep most EU trucks from carrying goods across the Swiss Alps.</p>
</text>
<copyright>(c) Reuters Limited 1997</copyright>
<metadata>
<codes class="bip:countries:1.0">
  <code code="EEC">
    <editdetail attribution="Reuters BIP Coding Group" action="confirmed" date="1997-02-24"/>
  </code>
  <code code="GFR">
    <editdetail attribution="Reuters BIP Coding Group" action="confirmed" date="1997-02-24"/>
  </code>
  <code code="SWITZ">
    <editdetail attribution="Reuters BIP Coding Group" action="confirmed" date="1997-02-24"/>
  </code>
</codes>
<codes class="bip:industries:1.0">
  <code code="I72300">
    <editdetail attribution="Reuters BIP Coding Group" action="confirmed" date="1997-02-24"/>
  </code>
</codes>
<codes class="bip:topics:1.0">
  <code code="C13">
    <editdetail attribution="Reuters BIP Coding Group" action="confirmed" date="1997-02-24"/>
  </code>
  <code code="CCAT">
    <editdetail attribution="Reuters BIP Coding Group" action="confirmed" date="1997-02-24"/>
  </code>
  <code code="E51">
    <editdetail attribution="Reuters BIP Coding Group" action="confirmed" date="1997-02-24"/>
  </code>
  <code code="E512">
    <editdetail attribution="Reuters BIP Coding Group" action="confirmed" date="1997-02-24"/>
  </code>
  <code code="ECAT">
    <editdetail attribution="Reuters BIP Coding Group" action="confirmed" date="1997-02-24"/>
  </code>
  <code code="G15">
    <editdetail attribution="Reuters BIP Coding Group" action="confirmed" date="1997-02-24"/>
  </code>
  <code code="G156">
    <editdetail attribution="Reuters BIP Coding Group" action="confirmed" date="1997-02-24"/>
  </code>
  <code code="G158">
    <editdetail attribution="Reuters BIP Coding Group" action="confirmed" date="1997-02-24"/>
  </code>
  <code code="GCAT">
    <editdetail attribution="Reuters BIP Coding Group" action="confirmed" date="1997-02-24"/>
  </code>
  <code code="GENV">
    <editdetail attribution="Reuters BIP Coding Group" action="confirmed" date="1997-02-24"/>
  </code>
  <code code="GVIO">
    <editdetail attribution="Reuters BIP Coding Group" action="confirmed" date="1997-02-24"/>
  </code>
</codes>
<dc element="dc.date.created" value="1997-02-24"/>
<dc element="dc.publisher" value="Reuters Holdings Plc"/>
<dc element="dc.date.published" value="1997-02-24"/>
<dc element="dc.source" value="Reuters"/>
<dc element="dc.creator.location" value="ZURICH"/>
<dc element="dc.creator.location.country.name" value="SWITZERLAND"/>
<dc element="dc.source" value="Reuters"/>
</metadata>
</newsitem>
