<?xml version="1.0" encoding="iso-8859-1" ?>
<newsitem itemid="500606" id="root" date="1997-04-10" xml:lang="en">
<title>USA: Life Technologies Q1 shr $0.33 vs $0.29.</title>
<headline>Life Technologies Q1 shr $0.33 vs $0.29.</headline>
<dateline>GAITHERSBURG, Md. 1997-04-10</dateline>
<text>
<p>LIFE TECHNOLOGIES, INC.</p>
<p>			  Consolidated Statement of Income</p>
<p>		 (amounts in thousands, except per share data)</p>
<p>					 Three months ended March 31,</p>
<p>					    1997	1996	 Change</p>
<p>Revenues:</p>
<p>    Net sales			 $80,168  $76,630	     5%</p>
<p>    Net royalties			 344	 --	     --</p>
<p>					   80,512   76,630	     5%</p>
<p>Operating expenses:  </p>
<p>   Cost of sales		    36,116   35,744	     1%</p>
<p>    Marketing &amp; administrative   26,759   25,401	     5%</p>
<p>    Research &amp; development	  5,176    4,569	    13%</p>
<p>	 Total operating expenses  68,051   65,714	     4%</p>
<p> Operating income		    12,461   10,916	    14%</p>
<p>Other income (expense):</p>
<p>    Investment income		    89	118	  (25%)</p>
<p>    Interest expense		    (9)     (42)	  (79%)</p>
<p>Income before minority interests</p>
<p>					    8,026    7,035	    14%</p>
<p> Minority interests		   (188)    (353)	  (47%)</p>
<p>Net income			     7,838    6,682	    17%</p>
<p> Average shares outstanding	23,794   23,298	     2%</p>
<p> Net income per share		  0.33     0.29	    14%</p>
<p> Dividends per share		   0.04     0.03	    33%</p>
<p>NOTE: Net sales in Q1 1997 were adversely affected by foreign currency tranlations, which resulted in revenues $2.7 million, or 3.5 percent less than if Q1 1996 rates had been used.</p>
</text>
<copyright>(c) Reuters Limited 1997</copyright>
<metadata>
<codes class="bip:countries:1.0">
  <code code="USA">
    <editdetail attribution="Reuters BIP Coding Group" action="confirmed" date="1997-04-10"/>
  </code>
</codes>
<codes class="bip:industries:1.0">
  <code code="I25700">
    <editdetail attribution="Reuters BIP Coding Group" action="confirmed" date="1997-04-10"/>
  </code>
</codes>
<codes class="bip:topics:1.0">
  <code code="C15">
    <editdetail attribution="Reuters BIP Coding Group" action="confirmed" date="1997-04-10"/>
  </code>
  <code code="C151">
    <editdetail attribution="Reuters BIP Coding Group" action="confirmed" date="1997-04-10"/>
  </code>
  <code code="CCAT">
    <editdetail attribution="Reuters BIP Coding Group" action="confirmed" date="1997-04-10"/>
  </code>
</codes>
<dc element="dc.date.created" value="1997-04-10"/>
<dc element="dc.publisher" value="Reuters Holdings Plc"/>
<dc element="dc.date.published" value="1997-04-10"/>
<dc element="dc.source" value="Reuters"/>
<dc element="dc.creator.location" value="GAITHERSBURG, Md."/>
<dc element="dc.creator.location.country.name" value="USA"/>
<dc element="dc.source" value="Reuters"/>
</metadata>
</newsitem>
