<?xml version="1.0" encoding="iso-8859-1" ?>
<newsitem itemid="8846" id="root" date="1996-08-22" xml:lang="en">
<title>USA: Omnipoint issues $150 mln in 144A debt.</title>
<headline>Omnipoint issues $150 mln in 144A debt.</headline>
<dateline>NEW YORK 1996-08-22</dateline>
<text>
<p>The following rule 144A private placement debt issue was priced on Thursday, according to market sources. Donaldson, Lufin &amp; Jenrette is lead manager on the deal.</p>
<p>BORROWER: OMNIPOINT CORP</p>
<p>AMT $150 MLN	    COUPON 11.625 PCT  MATURITY 08/15/2006</p>
<p>TYPE SNR NOTES	  ISS PRICE 100	PAY DATE 8/27/96</p>
<p>LAST MOODY B2	   REOFFER 100	  PAY FREQ SEMI-ANNUAL</p>
<p>LAST S&amp;P CCC+	   YIELD 11.625 PCT   CALLABLE NC 5</p>
<p>NOTES EQUITY CALL FOR 1/3 AT 11.625</p>
</text>
<copyright>(c) Reuters Limited 1996</copyright>
<metadata>
<codes class="bip:countries:1.0">
  <code code="USA">
    <editdetail attribution="Reuters BIP Coding Group" action="confirmed" date="1996-08-22"/>
  </code>
</codes>
<codes class="bip:industries:1.0">
  <code code="I34400">
    <editdetail attribution="Reuters BIP Coding Group" action="confirmed" date="1996-08-22"/>
  </code>
</codes>
<codes class="bip:topics:1.0">
  <code code="C17">
    <editdetail attribution="Reuters BIP Coding Group" action="confirmed" date="1996-08-22"/>
  </code>
  <code code="C172">
    <editdetail attribution="Reuters BIP Coding Group" action="confirmed" date="1996-08-22"/>
  </code>
  <code code="CCAT">
    <editdetail attribution="Reuters BIP Coding Group" action="confirmed" date="1996-08-22"/>
  </code>
</codes>
<dc element="dc.date.created" value="1996-08-22"/>
<dc element="dc.publisher" value="Reuters Holdings Plc"/>
<dc element="dc.date.published" value="1996-08-22"/>
<dc element="dc.source" value="Reuters"/>
<dc element="dc.creator.location" value="NEW YORK"/>
<dc element="dc.creator.location.country.name" value="USA"/>
<dc element="dc.source" value="Reuters"/>
</metadata>
</newsitem>
