<?xml version="1.0" encoding="iso-8859-1" ?>
<newsitem itemid="407353" id="root" date="1997-02-27" xml:lang="en">
<title>MEXICO: Mexico forms committee to smooth natgas prices.</title>
<headline>Mexico forms committee to smooth natgas prices.</headline>
<dateline>MEXICO CITY 1997-02-26</dateline>
<text>
<p>The Mexican Natural Gas Association said Wednesday it had created a &quot;Prices and Tariffs Committee&quot; to try and smooth out seasonal price fluctuations.</p>
<p>Natural gas distributors within the association were looking to protect consumers against violent fluctuations in natural gas prices, the association said. Natural gas prices hit a five-year high of $3.73 per million British Thermal Units (BTUs) in December.</p>
<p>The statement did not say how it would smooth out price fluctuations but said it was looking at technical norms and management methods and was in touch with official organizations such as the government Energy Regulatory Commission.</p>
<p>Under current regulations, it said, &quot;the natural gas supplier will charge the distributor the cost of the raw material (natural gas), the storage and gas transport services. The distributor only adds the costs passed on by the supplier, plus that of the distribution service,&quot; it said.</p>
<p>The association includes 38 natural gas companies, both domestic and international.</p>
<p>Mexico is setting up a natural gas distribution network by adjudicating transportation, distribution and storage concessions to private business as part of a program to liberalize the natural gas sector.</p>
<p>The sector was formerly monopolized by state oil and gas firm Petroleos Mexicanos (Pemex), which retains its hold on natural gas production in Mexico.</p>
<p>The liberalization program also allows the import of natural gas from abroad.</p>
<p>((--Timna Tanners, Mexico City newsroom +525 728-7903))</p>
</text>
<copyright>(c) Reuters Limited 1997</copyright>
<metadata>
<codes class="bip:countries:1.0">
  <code code="MEX">
    <editdetail attribution="Reuters BIP Coding Group" action="confirmed" date="1997-02-27"/>
  </code>
</codes>
<codes class="bip:industries:1.0">
  <code code="I13000">
    <editdetail attribution="Reuters BIP Coding Group" action="confirmed" date="1997-02-27"/>
  </code>
</codes>
<codes class="bip:topics:1.0">
  <code code="C13">
    <editdetail attribution="Reuters BIP Coding Group" action="confirmed" date="1997-02-27"/>
  </code>
  <code code="CCAT">
    <editdetail attribution="Reuters BIP Coding Group" action="confirmed" date="1997-02-27"/>
  </code>
  <code code="M14">
    <editdetail attribution="Reuters BIP Coding Group" action="confirmed" date="1997-02-27"/>
  </code>
  <code code="M143">
    <editdetail attribution="Reuters BIP Coding Group" action="confirmed" date="1997-02-27"/>
  </code>
  <code code="MCAT">
    <editdetail attribution="Reuters BIP Coding Group" action="confirmed" date="1997-02-27"/>
  </code>
</codes>
<dc element="dc.date.created" value="1997-02-26"/>
<dc element="dc.publisher" value="Reuters Holdings Plc"/>
<dc element="dc.date.published" value="1997-02-27"/>
<dc element="dc.source" value="Reuters"/>
<dc element="dc.creator.location" value="MEXICO CITY"/>
<dc element="dc.creator.location.country.name" value="MEXICO"/>
<dc element="dc.source" value="Reuters"/>
</metadata>
</newsitem>
