<?xml version="1.0" encoding="iso-8859-1" ?>
<newsitem itemid="111521" id="root" date="1996-10-11" xml:lang="en">
<title>UK: Credit Suisse set calls on Swiss service sector.</title>
<headline>Credit Suisse set calls on Swiss service sector.</headline>
<dateline>LONDON 1996-10-11</dateline>
<text>
<p>Credit Suisse (Zurich) has issued 22 million American-style call warrants on Swiss blue chips in the service sector, lead manager Credit Suisse said. There are five million warrants on Swiss Bank Corp, four million warrants on Union Bank of switzerland, five million warrants on Swiss Reinsurance, three million warrants on Winterthur Insurance, three million warrants on Zurich Insurance and two million warrants on Swissair.</p>
<p>COMMON TERMS:</p>
<p> EXERCISE PERIOD 30.OCT.96-15.OCT.97   PAYDATE	30.OCT.96</p>
<p> LISTING APPLIED-SWISS EXCHANGE	  MIN EXER LOT 100</p>
<p>+ + + + + + + + +</p>
<p> WARRANT    SPOT	 STRIKE    ISSUE	PREMIUM   GEARING</p>
<p> SBC	  249.75 CHF 260 CHF   0.89 CHF   11.2 PCT  14.0 X</p>
<p> UBS	  1248 CHF   1275 CHF  4.84 CHF   9.9 PCT   12.9 X</p>
<p> SWISS RE   1354 CHF   1400 CHF  4.98 CHF   10.8 PCT  13.6 X</p>
<p> WINTERTHUR 771 CHF    825 CHF   2.46 CHF   13.4 PCT  15.7 X</p>
<p> ZURICH IN  355 CHF    370 CHF   1.38 CHF   12.0 PCT  12.9 X</p>
<p> SWISSAIR   1078 CHF   1125 CHF  4.78 CHF   13.2 PCT  11.3 X</p>
<p>--Reuter London Newsroom +44 171 542 7658</p>
</text>
<copyright>(c) Reuters Limited 1996</copyright>
<metadata>
<codes class="bip:countries:1.0">
  <code code="SWITZ">
    <editdetail attribution="Reuters BIP Coding Group" action="confirmed" date="1996-10-11"/>
  </code>
  <code code="UK">
    <editdetail attribution="Reuters BIP Coding Group" action="confirmed" date="1996-10-11"/>
  </code>
</codes>
<codes class="bip:industries:1.0">
  <code code="I75000">
    <editdetail attribution="Reuters BIP Coding Group" action="confirmed" date="1996-10-11"/>
  </code>
  <code code="I81402">
    <editdetail attribution="Reuters BIP Coding Group" action="confirmed" date="1996-10-11"/>
  </code>
  <code code="I82001">
    <editdetail attribution="Reuters BIP Coding Group" action="confirmed" date="1996-10-11"/>
  </code>
  <code code="I82003">
    <editdetail attribution="Reuters BIP Coding Group" action="confirmed" date="1996-10-11"/>
  </code>
  <code code="I8200318">
    <editdetail attribution="Reuters BIP Coding Group" action="confirmed" date="1996-10-11"/>
  </code>
</codes>
<codes class="bip:topics:1.0">
  <code code="C21">
    <editdetail attribution="Reuters BIP Coding Group" action="confirmed" date="1996-10-11"/>
  </code>
  <code code="CCAT">
    <editdetail attribution="Reuters BIP Coding Group" action="confirmed" date="1996-10-11"/>
  </code>
</codes>
<dc element="dc.date.created" value="1996-10-11"/>
<dc element="dc.publisher" value="Reuters Holdings Plc"/>
<dc element="dc.date.published" value="1996-10-11"/>
<dc element="dc.source" value="Reuters"/>
<dc element="dc.creator.location" value="LONDON"/>
<dc element="dc.creator.location.country.name" value="UK"/>
<dc element="dc.source" value="Reuters"/>
</metadata>
</newsitem>
