<?xml version="1.0" encoding="iso-8859-1" ?>
<newsitem itemid="61642" id="root" date="1996-09-18" xml:lang="en">
<title>USA: US House committee backs oil reserve through Sep97.</title>
<headline>US House committee backs oil reserve through Sep97.</headline>
<dateline>WASHINGTON 1996-09-18</dateline>
<text>
<p>The U.S. House Commerce Committee on Wednesday voted to extend through September 1997 the president's authority to draw down oil from the Strategic Petroleum Reserve in an energy emergency.</p>
<p>The measure, extending provisions of the Energy Policy and Conservation Act (EPCA) governing the government's oil stockpile, included no new terms for using the reserve.</p>
<p>Republican Rep. Dan Schaefer of Colorado, who has opposed the recent sales of oil from the SPR to help balance the budget, said authority for the reserve should be extended one year at a time until Congress reviews its oil sale policy.</p>
<p>If the money-raising oil sales become habitual, &quot;we should pass shorter term EPCA extensions until we come up with a new comprehensive plan to address energy security issues,&quot; Schaefer said at the Commerce Committee meeting.</p>
<p>The SPR provisions must be reauthorizee by the Full House and Senate before Congress closes its session at the end of this month, because the current law expires September 30.</p>
<p>&quot;While an energy emergency which would require the Reserve to be drawn down (while Congress is adjourned) is unlikely, it is not impossible,&quot; Schaefer warned, pointing to the terrorist attack on U.S. troops in Saudi Arabia and tension in Iraq.</p>
</text>
<copyright>(c) Reuters Limited 1996</copyright>
<metadata>
<codes class="bip:countries:1.0">
  <code code="USA">
    <editdetail attribution="Reuters BIP Coding Group" action="confirmed" date="1996-09-18"/>
  </code>
</codes>
<codes class="bip:industries:1.0">
  <code code="I13000">
    <editdetail attribution="Reuters BIP Coding Group" action="confirmed" date="1996-09-18"/>
  </code>
</codes>
<codes class="bip:topics:1.0">
  <code code="C13">
    <editdetail attribution="Reuters BIP Coding Group" action="confirmed" date="1996-09-18"/>
  </code>
  <code code="C21">
    <editdetail attribution="Reuters BIP Coding Group" action="confirmed" date="1996-09-18"/>
  </code>
  <code code="CCAT">
    <editdetail attribution="Reuters BIP Coding Group" action="confirmed" date="1996-09-18"/>
  </code>
  <code code="GCAT">
    <editdetail attribution="Reuters BIP Coding Group" action="confirmed" date="1996-09-18"/>
  </code>
  <code code="GPOL">
    <editdetail attribution="Reuters BIP Coding Group" action="confirmed" date="1996-09-18"/>
  </code>
</codes>
<dc element="dc.date.created" value="1996-09-18"/>
<dc element="dc.publisher" value="Reuters Holdings Plc"/>
<dc element="dc.date.published" value="1996-09-18"/>
<dc element="dc.source" value="Reuters"/>
<dc element="dc.creator.location" value="WASHINGTON"/>
<dc element="dc.creator.location.country.name" value="USA"/>
<dc element="dc.source" value="Reuters"/>
</metadata>
</newsitem>
