<?xml version="1.0" encoding="iso-8859-1" ?>
<newsitem itemid="50907" id="root" date="1996-09-12" xml:lang="en">
<title>NEW ZEALAND: NZ sees 2.5 pct growth in March 97 yr - Treasury.</title>
<headline>NZ sees 2.5 pct growth in March 97 yr - Treasury.</headline>
<dateline>WELLINGTON 1996-09-12</dateline>
<text>
<p>The New Zealand government said on Thursday it forecast growth of 2.5 percent in the year to March 1997.</p>
<p>For the 1997/98 year it projected growth of 3.7 percent, underpinned by the second round of tax cuts which take effect on July 1, 1997.</p>
<p>In its previous forecasts prepared for the budget in May, the government said GDP would rise 2.6 percent in 1996/97 and four percent in 1997/98 (March years).</p>
<p>Latest figures from Statistics New Zealand showed production based GDP rose 2.1 percent in the March 1996 year.</p>
</text>
<copyright>(c) Reuters Limited 1996</copyright>
<metadata>
<codes class="bip:countries:1.0">
  <code code="NZ">
    <editdetail attribution="Reuters BIP Coding Group" action="confirmed" date="1996-09-12"/>
  </code>
</codes>
<codes class="bip:topics:1.0">
  <code code="E11">
    <editdetail attribution="Reuters BIP Coding Group" action="confirmed" date="1996-09-12"/>
  </code>
  <code code="ECAT">
    <editdetail attribution="Reuters BIP Coding Group" action="confirmed" date="1996-09-12"/>
  </code>
</codes>
<dc element="dc.date.created" value="1996-09-12"/>
<dc element="dc.publisher" value="Reuters Holdings Plc"/>
<dc element="dc.date.published" value="1996-09-12"/>
<dc element="dc.source" value="Reuters"/>
<dc element="dc.creator.location" value="WELLINGTON"/>
<dc element="dc.creator.location.country.name" value="NEW ZEALAND"/>
<dc element="dc.source" value="Reuters"/>
</metadata>
</newsitem>
