<?xml version="1.0" encoding="iso-8859-1" ?>
<newsitem itemid="384607" id="root" date="1997-02-18" xml:lang="en">
<title>BRAZIL: Brazil Cenbank sets new weaker reais trade level.</title>
<headline>Brazil Cenbank sets new weaker reais trade level.</headline>
<dateline>SAO PAULO 1997-02-18</dateline>
<text>
<p>Brazil's Central Bank signalled a new weaker trading level for the reais currency by buying dollars at 1.0490 reais and selling dollars at 1.0540 reais in the buy/sell tender in the commercial foreign exchange market, dealers said.</p>
<p>Under the previous mini-band set on Feb 13, the reais was traded between 1.0485 and 1.0535 reais to the dollar.</p>
<p>((-- Alexandre Caverni, Sao Paulo newsroom, 55-11-2485418))</p>
</text>
<copyright>(c) Reuters Limited 1997</copyright>
<metadata>
<codes class="bip:countries:1.0">
  <code code="BRAZ">
    <editdetail attribution="Reuters BIP Coding Group" action="confirmed" date="1997-02-18"/>
  </code>
</codes>
<codes class="bip:topics:1.0">
  <code code="E12">
    <editdetail attribution="Reuters BIP Coding Group" action="confirmed" date="1997-02-18"/>
  </code>
  <code code="ECAT">
    <editdetail attribution="Reuters BIP Coding Group" action="confirmed" date="1997-02-18"/>
  </code>
  <code code="M13">
    <editdetail attribution="Reuters BIP Coding Group" action="confirmed" date="1997-02-18"/>
  </code>
  <code code="M132">
    <editdetail attribution="Reuters BIP Coding Group" action="confirmed" date="1997-02-18"/>
  </code>
  <code code="MCAT">
    <editdetail attribution="Reuters BIP Coding Group" action="confirmed" date="1997-02-18"/>
  </code>
</codes>
<dc element="dc.date.created" value="1997-02-18"/>
<dc element="dc.publisher" value="Reuters Holdings Plc"/>
<dc element="dc.date.published" value="1997-02-18"/>
<dc element="dc.source" value="Reuters"/>
<dc element="dc.creator.location" value="SAO PAULO"/>
<dc element="dc.creator.location.country.name" value="BRAZIL"/>
<dc element="dc.source" value="Reuters"/>
</metadata>
</newsitem>
