<?xml version="1.0" encoding="iso-8859-1" ?>
<newsitem itemid="31483" id="root" date="1996-09-04" xml:lang="en">
<title>CANADA: Newbridge shares rise after studies.</title>
<headline>Newbridge shares rise after studies.</headline>
<dateline>TORONTO 1996-09-04</dateline>
<text>
<p>Shares in Newbridge Networks Corp rose in relatively heavy trade on Wednesday after the company revealed four studies which named it as the market leader in sales of asynchronous transfer mode (ATM) wide area network (WAN) switches.</p>
<p>Newbridge said data industry analysis firms International Data Corp, Dataquest, Vertical Systems Group and In-Stat identified it as the leader in this market.</p>
<p>One portfolio manager said the studies were helping to stimulate Newbridge shares, which rose 1.65 to 82.30 in trade of 131,748 shares on the Toronto Stock Exchange.  </p>
<p>In New York, Newbridge gained 1-1/4 to 60.</p>
<p>The company is also holding a technology seminar in Ottawa today with analysts and reporters.</p>
<p>At the conference, a senior executive revealed that Newbridge plans to take a minority equity stake in a Canadian firm that is expert in very high-speed radio frequencies that may be useful for business communications.</p>
<p>&quot;Our interest is in using that two-way transmission technology for business as opposed to (using) fibre optics,&quot; executive vice president Conrad Lewis told reporters.  </p>
<p>He declined to name the company.</p>
<p>Newbridge also announced a number of senior management changes and the creation of a new position, vice-president of broadband alliance.</p>
<p>-- Sarah Edmonds, Reuters Toronto Bureau (416) 941-8100, E-mail sarah.edmonds@reuters.com</p>
</text>
<copyright>(c) Reuters Limited 1996</copyright>
<metadata>
<codes class="bip:countries:1.0">
  <code code="CANA">
    <editdetail attribution="Reuters BIP Coding Group" action="confirmed" date="1996-09-04"/>
  </code>
</codes>
<codes class="bip:industries:1.0">
  <code code="I33030">
    <editdetail attribution="Reuters BIP Coding Group" action="confirmed" date="1996-09-04"/>
  </code>
</codes>
<codes class="bip:topics:1.0">
  <code code="C15">
    <editdetail attribution="Reuters BIP Coding Group" action="confirmed" date="1996-09-04"/>
  </code>
  <code code="C152">
    <editdetail attribution="Reuters BIP Coding Group" action="confirmed" date="1996-09-04"/>
  </code>
  <code code="CCAT">
    <editdetail attribution="Reuters BIP Coding Group" action="confirmed" date="1996-09-04"/>
  </code>
</codes>
<dc element="dc.date.created" value="1996-09-04"/>
<dc element="dc.publisher" value="Reuters Holdings Plc"/>
<dc element="dc.date.published" value="1996-09-04"/>
<dc element="dc.source" value="Reuters"/>
<dc element="dc.creator.location" value="TORONTO"/>
<dc element="dc.creator.location.country.name" value="CANADA"/>
<dc element="dc.source" value="Reuters"/>
</metadata>
</newsitem>
