<?xml version="1.0" encoding="iso-8859-1" ?>
<newsitem itemid="262815" id="root" date="1996-12-17" xml:lang="en">
<title>SINGAPORE: Singapore's PCS secures 80-pct naphtha on term.</title>
<headline>Singapore's PCS secures 80-pct naphtha on term.</headline>
<dateline>SINGAPORE 1996-12-17</dateline>
<text>
<p>The Petrochemical Corporation of Singapore (PCS) has secured term contracts for the supply of up to 80 percent of naphtha feedstock needed for its new 515,000 tonne per year ethylene plant due to start up in April, a senior company official said on Tuesday.</p>
<p>&quot;In anticipation of next year's feedstock requirement, we have already increased the intake quantities in the term contracts this year,&quot; managing director Takayuki Okada told Reuters in an interview.  </p>
<p>The company's annual demand for naphtha following the start up of the new plant will increase from close to 1 million tonnes (24,600 barrels-per-day) to around 2.5 million tonnes (62,000 bpd).</p>
<p>PCS currently operates a 450,000 tonne per year ethylene plant at Pulau Ayer Merbau, one of a group of small islands off the southern coast of Singapore.</p>
<p>The plant is connected by pipeline to two oil refineries, the 280,000-bpd Singapore Refining Co (SRC) plant and Esso Singapore's 230,00-bpd refinery.  </p>
<p>SRC is joint-venture between Singapore Petroleum Co, British Petroleum and Caltex, the joint-venture between majors Chevron Corp and Texaco Inc. Okada said the company &quot;will also buy spot cargoes as and when needed to supplement our requirement&quot;.</p>
<p>To strengthen the company's buying position, PCS has also leased substantial storage space at the adjoining 600,000 cubic metre independent tank farm operated by Oil Tanking Singapore Limited at Pulau Seraya.  </p>
<p>The storage space gives PCS &quot;extra access to the outside market&quot;, Okada said.</p>
<p>PCS will keep the volume of naphtha imported from the Gulf steady at about 10 percent of its requirements even after the new plant is operational, he said.</p>
<p>The company also has the flexibility to use liquified petroleum gas (LPG) up to about 20 percent of the total feedstock in place of naphtha if the economics make it worthwhile, Okada added.</p>
<p>-- Raj Rajendran, Singapore Newsroom (+65-870-3093)</p>
</text>
<copyright>(c) Reuters Limited 1996</copyright>
<metadata>
<codes class="bip:countries:1.0">
  <code code="SINGP">
    <editdetail attribution="Reuters BIP Coding Group" action="confirmed" date="1996-12-17"/>
  </code>
</codes>
<codes class="bip:industries:1.0">
  <code code="I13000">
    <editdetail attribution="Reuters BIP Coding Group" action="confirmed" date="1996-12-17"/>
  </code>
  <code code="I1300003">
    <editdetail attribution="Reuters BIP Coding Group" action="confirmed" date="1996-12-17"/>
  </code>
  <code code="I14000">
    <editdetail attribution="Reuters BIP Coding Group" action="confirmed" date="1996-12-17"/>
  </code>
</codes>
<codes class="bip:topics:1.0">
  <code code="C33">
    <editdetail attribution="Reuters BIP Coding Group" action="confirmed" date="1996-12-17"/>
  </code>
  <code code="CCAT">
    <editdetail attribution="Reuters BIP Coding Group" action="confirmed" date="1996-12-17"/>
  </code>
  <code code="M14">
    <editdetail attribution="Reuters BIP Coding Group" action="confirmed" date="1996-12-17"/>
  </code>
  <code code="M143">
    <editdetail attribution="Reuters BIP Coding Group" action="confirmed" date="1996-12-17"/>
  </code>
  <code code="MCAT">
    <editdetail attribution="Reuters BIP Coding Group" action="confirmed" date="1996-12-17"/>
  </code>
</codes>
<dc element="dc.date.created" value="1996-12-17"/>
<dc element="dc.publisher" value="Reuters Holdings Plc"/>
<dc element="dc.date.published" value="1996-12-17"/>
<dc element="dc.source" value="Reuters"/>
<dc element="dc.creator.location" value="SINGAPORE"/>
<dc element="dc.creator.location.country.name" value="SINGAPORE"/>
<dc element="dc.source" value="Reuters"/>
</metadata>
</newsitem>
