<?xml version="1.0" encoding="iso-8859-1" ?>
<newsitem itemid="480244" id="root" date="1997-04-01" xml:lang="en">
<title>NETHERLANDS: ROTO SMEETS 1996 PROFITS JUMO.</title>
<headline>ROTO SMEETS 1996 PROFITS JUMO.</headline>
<dateline>AMSTERDAM 1997-04-01</dateline>
<text>
<p>Year 1996</p>
<p>(in millions of guilders unless otherwise stated)</p>
<p>    Net per shr (guilders)	     8.98 vs   4.85 </p>
<p>    Net profit			    26.7  vs  14.3 </p>
<p>    Dividend (guilders)		  1.50 vs   0.80 </p>
<p>    Turnover (billion)		   1.11 vs   1.03</p>
<p>    Operating profit		    57.1  vs  39.9</p>
<p>    Tax				     15.4  vs   7.7</p>
<p>NOTE - Full name of printing firm is Roto Smeets de Boer.</p>
<p>The firm said in a statement it expected 1997 earnings per share</p>
<p>to be at least equal to 1996 earnings per share.</p>
<p>-- Amsterdam newsroom +31 20 504 5000, Fax +31 20 504 5040</p>
</text>
<copyright>(c) Reuters Limited 1997</copyright>
<metadata>
<codes class="bip:countries:1.0">
  <code code="NETH">
    <editdetail attribution="Reuters BIP Coding Group" action="confirmed" date="1997-04-01"/>
  </code>
</codes>
<codes class="bip:industries:1.0">
  <code code="I47500">
    <editdetail attribution="Reuters BIP Coding Group" action="confirmed" date="1997-04-01"/>
  </code>
</codes>
<codes class="bip:topics:1.0">
  <code code="C15">
    <editdetail attribution="Reuters BIP Coding Group" action="confirmed" date="1997-04-01"/>
  </code>
  <code code="C151">
    <editdetail attribution="Reuters BIP Coding Group" action="confirmed" date="1997-04-01"/>
  </code>
  <code code="C1511">
    <editdetail attribution="Reuters BIP Coding Group" action="confirmed" date="1997-04-01"/>
  </code>
  <code code="CCAT">
    <editdetail attribution="Reuters BIP Coding Group" action="confirmed" date="1997-04-01"/>
  </code>
</codes>
<dc element="dc.date.created" value="1997-04-01"/>
<dc element="dc.publisher" value="Reuters Holdings Plc"/>
<dc element="dc.date.published" value="1997-04-01"/>
<dc element="dc.source" value="Reuters"/>
<dc element="dc.creator.location" value="AMSTERDAM"/>
<dc element="dc.creator.location.country.name" value="NETHERLANDS"/>
<dc element="dc.source" value="Reuters"/>
</metadata>
</newsitem>
