<?xml version="1.0" encoding="iso-8859-1" ?>
<newsitem itemid="336481" id="root" date="1997-01-27" xml:lang="en">
<title>NETHERLANDS: Bijenkorf slides after profit-warning.</title>
<headline>Bijenkorf slides after profit-warning.</headline>
<dateline>AMSTERDAM 1997-01-27</dateline>
<text>
<p>Shares in department stores group Koninklijke Bijenkorf Beheer NV (KBB) were down nearly eight percent at 113.50 guilders in early Monday trading following a profit-warning issued late on Friday.</p>
<p>KBB announced that lower-than-expected results at its M&amp;S Mode clothing unit would drag on group net from normal operations in the year to end-January. The company said it expected results would be significantly lower and put initial estimates at between 55 million and 60 million guilders.</p>
<p>In 1995/96 KBB net profit from normal operations was 98.6 million guilders. -- Amsterdam Newsroom +31 20 504 5000</p>
</text>
<copyright>(c) Reuters Limited 1997</copyright>
<metadata>
<codes class="bip:countries:1.0">
  <code code="NETH">
    <editdetail attribution="Reuters BIP Coding Group" action="confirmed" date="1997-01-27"/>
  </code>
</codes>
<codes class="bip:industries:1.0">
  <code code="I65600">
    <editdetail attribution="Reuters BIP Coding Group" action="confirmed" date="1997-01-27"/>
  </code>
  <code code="I6560002">
    <editdetail attribution="Reuters BIP Coding Group" action="confirmed" date="1997-01-27"/>
  </code>
</codes>
<codes class="bip:topics:1.0">
  <code code="C15">
    <editdetail attribution="Reuters BIP Coding Group" action="confirmed" date="1997-01-27"/>
  </code>
  <code code="C152">
    <editdetail attribution="Reuters BIP Coding Group" action="confirmed" date="1997-01-27"/>
  </code>
  <code code="CCAT">
    <editdetail attribution="Reuters BIP Coding Group" action="confirmed" date="1997-01-27"/>
  </code>
</codes>
<dc element="dc.date.created" value="1997-01-27"/>
<dc element="dc.publisher" value="Reuters Holdings Plc"/>
<dc element="dc.date.published" value="1997-01-27"/>
<dc element="dc.source" value="Reuters"/>
<dc element="dc.creator.location" value="AMSTERDAM"/>
<dc element="dc.creator.location.country.name" value="NETHERLANDS"/>
<dc element="dc.source" value="Reuters"/>
</metadata>
</newsitem>
