<?xml version="1.0" encoding="iso-8859-1" ?>
<newsitem itemid="760693" id="root" date="1997-07-28" xml:lang="en">
<title>UK: LIFFE coffee inches up, sugar at contract high AM.</title>
<headline>LIFFE coffee inches up, sugar at contract high AM.</headline>
<text>
<p>COFFEE - Inches higher in slow start to the week. Sept up $10 at $1,600 at 1001 GMT on tiny volume of 279 lots.</p>
<p>COCOA - Gaps higher as expected, then reverses on lack of follow-through support. Sept down five stg at 987 stg.</p>
<p>SUGAR - Holds recent strength. Oct nudges higher to hit new life-of-contract high of $331.00, up $2.30 on the day.</p>
</text>
<copyright>(c) Reuters Limited 1997</copyright>
<metadata>
<codes class="bip:countries:1.0">
  <code code="UK">
    <editdetail attribution="Reuters BIP Coding Group" action="confirmed" date="1997-07-28"/>
  </code>
</codes>
<codes class="bip:topics:1.0">
  <code code="M14">
    <editdetail attribution="Reuters BIP Coding Group" action="confirmed" date="1997-07-28"/>
  </code>
  <code code="M141">
    <editdetail attribution="Reuters BIP Coding Group" action="confirmed" date="1997-07-28"/>
  </code>
  <code code="MCAT">
    <editdetail attribution="Reuters BIP Coding Group" action="confirmed" date="1997-07-28"/>
  </code>
</codes>
<dc element="dc.publisher" value="Reuters Holdings Plc"/>
<dc element="dc.date.published" value="1997-07-28"/>
<dc element="dc.source" value="Reuters"/>
<dc element="dc.creator.location.country.name" value="UK"/>
<dc element="dc.source" value="Reuters"/>
</metadata>
</newsitem>
