<?xml version="1.0" encoding="iso-8859-1" ?>
<newsitem itemid="166183" id="root" date="1996-11-05" xml:lang="en">
<title>ESTONIA: Estonian trade deficit rises in September.</title>
<headline>Estonian trade deficit rises in September.</headline>
<dateline>TALLINN 1996-11-05</dateline>
<text>
<p>The trade deficit of the Baltic state of Estonia rose to 1.1 billion kroons in September from 954 million kroons the previous month, the statistics office said on Tuesday.</p>
<p> ESTONIAN TRADE BALANCE    Sept '96    Aug '96    Sept '95</p>
<p> Imports			 3.2	   3.1	  2.4</p>
<p> Exports			 2.1	   2.1	  2.05</p>
<p> Trade balance		 -1.1     -954 million   -361 million</p>
<p>Note -- All figures are in billions of kroons unless otherwise stated.</p>
<p>MAJOR TRADING PARTNERS IN AUGUST</p>
<p> Imports (pct share)    Finland 30.8, Russia 11.8, Germany 10.6</p>
<p> Exports (pct share)    Finland 20.1, Russia 16.6, Sweden 11.7</p>
<p>-- Riga Newsroom, +371 721 5240</p>
</text>
<copyright>(c) Reuters Limited 1996</copyright>
<metadata>
<codes class="bip:countries:1.0">
  <code code="ESTNIA">
    <editdetail attribution="Reuters BIP Coding Group" action="confirmed" date="1996-11-05"/>
  </code>
</codes>
<codes class="bip:topics:1.0">
  <code code="E51">
    <editdetail attribution="Reuters BIP Coding Group" action="confirmed" date="1996-11-05"/>
  </code>
  <code code="E512">
    <editdetail attribution="Reuters BIP Coding Group" action="confirmed" date="1996-11-05"/>
  </code>
  <code code="ECAT">
    <editdetail attribution="Reuters BIP Coding Group" action="confirmed" date="1996-11-05"/>
  </code>
</codes>
<dc element="dc.date.created" value="1996-11-05"/>
<dc element="dc.publisher" value="Reuters Holdings Plc"/>
<dc element="dc.date.published" value="1996-11-05"/>
<dc element="dc.source" value="Reuters"/>
<dc element="dc.creator.location" value="TALLINN"/>
<dc element="dc.creator.location.country.name" value="ESTONIA"/>
<dc element="dc.source" value="Reuters"/>
</metadata>
</newsitem>
