<?xml version="1.0" encoding="iso-8859-1" ?>
<newsitem itemid="348858" id="root" date="1997-01-31" xml:lang="en">
<title>JAPAN: Mikuni assigns preliminary bond credit ratings.</title>
<headline>Mikuni assigns preliminary bond credit ratings.</headline>
<dateline>TOKYO 1997-01-31</dateline>
<text>
<p>Mikuni and Co Ltd said on Friday it had assigned the following preliminary ratings to planned bond issues:</p>
<p>-AA-</p>
<p>Osaka Gas Co Ltd, 20 billion yen unsecured due 2017</p>
<p>-BB-</p>
<p>Kinki Nippon Railway Co Ltd, 20 billion yen unsecured due 2002</p>
<p>Oji Paper Co Ltd, 40 billion yen unsecured due 2007  </p>
<p>-CCC-</p>
<p>Tokai Corp, five billion yen unsecured due 2001</p>
</text>
<copyright>(c) Reuters Limited 1997</copyright>
<metadata>
<codes class="bip:countries:1.0">
  <code code="JAP">
    <editdetail attribution="Reuters BIP Coding Group" action="confirmed" date="1997-01-31"/>
  </code>
</codes>
<codes class="bip:industries:1.0">
  <code code="I16200">
    <editdetail attribution="Reuters BIP Coding Group" action="confirmed" date="1997-01-31"/>
  </code>
  <code code="I47100">
    <editdetail attribution="Reuters BIP Coding Group" action="confirmed" date="1997-01-31"/>
  </code>
  <code code="I71000">
    <editdetail attribution="Reuters BIP Coding Group" action="confirmed" date="1997-01-31"/>
  </code>
</codes>
<codes class="bip:topics:1.0">
  <code code="C17">
    <editdetail attribution="Reuters BIP Coding Group" action="confirmed" date="1997-01-31"/>
  </code>
  <code code="C174">
    <editdetail attribution="Reuters BIP Coding Group" action="confirmed" date="1997-01-31"/>
  </code>
  <code code="CCAT">
    <editdetail attribution="Reuters BIP Coding Group" action="confirmed" date="1997-01-31"/>
  </code>
</codes>
<dc element="dc.date.created" value="1997-01-31"/>
<dc element="dc.publisher" value="Reuters Holdings Plc"/>
<dc element="dc.date.published" value="1997-01-31"/>
<dc element="dc.source" value="Reuters"/>
<dc element="dc.creator.location" value="TOKYO"/>
<dc element="dc.creator.location.country.name" value="JAPAN"/>
<dc element="dc.source" value="Reuters"/>
</metadata>
</newsitem>
