<?xml version="1.0" encoding="iso-8859-1" ?>
<newsitem itemid="34186" id="root" date="1996-09-05" xml:lang="en">
<title>SOUTH AFRICA: Strike at Engen refinery continues.</title>
<headline>Strike at Engen refinery continues.</headline>
<dateline>DURBAN, South Africa 1996-09-05</dateline>
<text>
<p>A strike by 120 of the 520 workers at Engen's Durban refinery had not affected production because the refinery was already down for maintenance, general manager Peter Dent said on Thursday.</p>
<p>The workers, who began their strike on Monday afternoon, are demanding that written warnings issued last Tuesday for a two hour work stoppage in support of the Chemical Workers Industrial Union (CWIU) be withdrawn, Dent told Reuters.</p>
<p>&quot;The strike has not affected production at all because we were down for maintenance any way. The supply situation is unaffected because we have plenty in tankage and also recently received imports,&quot; Dent said.</p>
<p>The strike was restricted to workers from the operating areas of the plant, he said.</p>
<p>Dent said management and union representatives were locked in negotiations but declined to say how they were going or when agreement could be reached.</p>
<p>&quot;We are talking and that is a positive sign. (Engen) is trying desperately to get the guys to go back to work,&quot; he said.</p>
<p>Dent did not specify what disciplinary action would be taken against the striking workers when they resumed work, but warned: &quot;You can't just walk off a live, operating plant and expect nothing to happen.&quot;</p>
<p>Union officials were unavailable for comment.</p>
<p>-- Durban newsroom, +27 31 307-1877</p>
</text>
<copyright>(c) Reuters Limited 1996</copyright>
<metadata>
<codes class="bip:countries:1.0">
  <code code="SAFR">
    <editdetail attribution="Reuters BIP Coding Group" action="confirmed" date="1996-09-05"/>
  </code>
</codes>
<codes class="bip:industries:1.0">
  <code code="I14000">
    <editdetail attribution="Reuters BIP Coding Group" action="confirmed" date="1996-09-05"/>
  </code>
</codes>
<codes class="bip:topics:1.0">
  <code code="C21">
    <editdetail attribution="Reuters BIP Coding Group" action="confirmed" date="1996-09-05"/>
  </code>
  <code code="C42">
    <editdetail attribution="Reuters BIP Coding Group" action="confirmed" date="1996-09-05"/>
  </code>
  <code code="CCAT">
    <editdetail attribution="Reuters BIP Coding Group" action="confirmed" date="1996-09-05"/>
  </code>
  <code code="E41">
    <editdetail attribution="Reuters BIP Coding Group" action="confirmed" date="1996-09-05"/>
  </code>
  <code code="ECAT">
    <editdetail attribution="Reuters BIP Coding Group" action="confirmed" date="1996-09-05"/>
  </code>
  <code code="GCAT">
    <editdetail attribution="Reuters BIP Coding Group" action="confirmed" date="1996-09-05"/>
  </code>
  <code code="GJOB">
    <editdetail attribution="Reuters BIP Coding Group" action="confirmed" date="1996-09-05"/>
  </code>
</codes>
<dc element="dc.date.created" value="1996-09-05"/>
<dc element="dc.publisher" value="Reuters Holdings Plc"/>
<dc element="dc.date.published" value="1996-09-05"/>
<dc element="dc.source" value="Reuters"/>
<dc element="dc.creator.location" value="DURBAN, South Africa"/>
<dc element="dc.creator.location.country.name" value="SOUTH AFRICA"/>
<dc element="dc.source" value="Reuters"/>
</metadata>
</newsitem>
