<?xml version="1.0" encoding="iso-8859-1" ?>
<newsitem itemid="714947" id="root" date="1997-07-08" xml:lang="en">
<title>JAPAN: Tokai collapse will not lead to other failures-EPA.</title>
<headline>Tokai collapse will not lead to other failures-EPA.</headline>
<dateline>TOKYO 1997-07-08</dateline>
<text>
<p>The collapse of general contractor Tokai Kogyo Co Ltd, which filed for court protection from creditors on Friday, should not lead to failures at other construction firms, Economic Planning Agency Minister Taro Aso said on Tuesday.</p>
<p>He said that Tokai's problems had not arisen through its main construction business but through property investments made during the &quot;bubble&quot; era of inflated asset prices.</p>
<p>&quot;I doubt there will be any major failures coming out of this,&quot; Aso told a news conference.</p>
</text>
<copyright>(c) Reuters Limited 1997</copyright>
<metadata>
<codes class="bip:countries:1.0">
  <code code="JAP">
    <editdetail attribution="Reuters BIP Coding Group" action="confirmed" date="1997-07-08"/>
  </code>
</codes>
<codes class="bip:industries:1.0">
  <code code="I50100">
    <editdetail attribution="Reuters BIP Coding Group" action="confirmed" date="1997-07-08"/>
  </code>
</codes>
<codes class="bip:topics:1.0">
  <code code="C16">
    <editdetail attribution="Reuters BIP Coding Group" action="confirmed" date="1997-07-08"/>
  </code>
  <code code="CCAT">
    <editdetail attribution="Reuters BIP Coding Group" action="confirmed" date="1997-07-08"/>
  </code>
</codes>
<dc element="dc.date.created" value="1997-07-08"/>
<dc element="dc.publisher" value="Reuters Holdings Plc"/>
<dc element="dc.date.published" value="1997-07-08"/>
<dc element="dc.source" value="Reuters"/>
<dc element="dc.creator.location" value="TOKYO"/>
<dc element="dc.creator.location.country.name" value="JAPAN"/>
<dc element="dc.source" value="Reuters"/>
</metadata>
</newsitem>
