<?xml version="1.0" encoding="iso-8859-1" ?>
<newsitem itemid="47492" id="root" date="1996-09-11" xml:lang="en">
<title>USA: Waller ISD, Texas, won by Southwest Securities.</title>
<headline>Waller ISD, Texas, won by Southwest Securities.</headline>
<dateline>NEW YORK 1996-09-11</dateline>
<text>
<p>Southwest Securities said it won $17.750 million of Waller Independent Sch Dist, Texas, school building general obligation bonds, Series 1996, with a net interest cost of 5.73 percent.</p>
</text>
<copyright>(c) Reuters Limited 1996</copyright>
<metadata>
<codes class="bip:countries:1.0">
  <code code="USA">
    <editdetail attribution="Reuters BIP Coding Group" action="confirmed" date="1996-09-11"/>
  </code>
</codes>
<codes class="bip:topics:1.0">
  <code code="E21">
    <editdetail attribution="Reuters BIP Coding Group" action="confirmed" date="1996-09-11"/>
  </code>
  <code code="E212">
    <editdetail attribution="Reuters BIP Coding Group" action="confirmed" date="1996-09-11"/>
  </code>
  <code code="ECAT">
    <editdetail attribution="Reuters BIP Coding Group" action="confirmed" date="1996-09-11"/>
  </code>
</codes>
<dc element="dc.date.created" value="1996-09-11"/>
<dc element="dc.publisher" value="Reuters Holdings Plc"/>
<dc element="dc.date.published" value="1996-09-11"/>
<dc element="dc.source" value="Reuters"/>
<dc element="dc.creator.location" value="NEW YORK"/>
<dc element="dc.creator.location.country.name" value="USA"/>
<dc element="dc.source" value="Reuters"/>
</metadata>
</newsitem>
