<?xml version="1.0" encoding="iso-8859-1" ?>
<newsitem itemid="47339" id="root" date="1996-09-11" xml:lang="en">
<title>UK: Danzas moves its Glasgow base.</title>
<headline>Danzas moves its Glasgow base.</headline>
<dateline>LONDON 1996-09-11</dateline>
<text>
<p>Danzas, the international logistics and freight forwarding company, has moved its Glasgow base to larger premises, a company statement said on Wednesday.</p>
<p>The move to the new 10,000 sq ft logistics centre will result in the creation of some jobs and all Danzas employees from the existing site will be transferring to the new premises, the statement added.</p>
<p>A new fleet of vehicles has been purchased for the new centre.</p>
<p>Opening the new centre forms part of an ambitious plan to double UK turnover to more than 157 million stg by 2001, it added.</p>
<p>-Air Cargo Newsroom tel:+44 171 542 7706 fax:+44 171 542 5017</p>
</text>
<copyright>(c) Reuters Limited 1996</copyright>
<metadata>
<codes class="bip:countries:1.0">
  <code code="UK">
    <editdetail attribution="Reuters BIP Coding Group" action="confirmed" date="1996-09-11"/>
  </code>
</codes>
<codes class="bip:industries:1.0">
  <code code="I77002">
    <editdetail attribution="Reuters BIP Coding Group" action="confirmed" date="1996-09-11"/>
  </code>
</codes>
<codes class="bip:topics:1.0">
  <code code="C24">
    <editdetail attribution="Reuters BIP Coding Group" action="confirmed" date="1996-09-11"/>
  </code>
  <code code="CCAT">
    <editdetail attribution="Reuters BIP Coding Group" action="confirmed" date="1996-09-11"/>
  </code>
</codes>
<dc element="dc.date.created" value="1996-09-11"/>
<dc element="dc.publisher" value="Reuters Holdings Plc"/>
<dc element="dc.date.published" value="1996-09-11"/>
<dc element="dc.source" value="Reuters"/>
<dc element="dc.creator.location" value="LONDON"/>
<dc element="dc.creator.location.country.name" value="UK"/>
<dc element="dc.source" value="Reuters"/>
</metadata>
</newsitem>
