<?xml version="1.0" encoding="iso-8859-1" ?>
<newsitem itemid="404474" id="root" date="1997-02-26" xml:lang="en">
<title>USA: Bio Fluorescent to acquire Immune Network.</title>
<headline>Bio Fluorescent to acquire Immune Network.</headline>
<dateline>SCOTTSDALE, Ariz. 1997-02-26</dateline>
<text>
<p>Bio Fluorescent Technologies Inc on Wednesday said it has agreed to acquire all the assets of Immune Network Research Ltd, based in Vancouver, British Columbia.</p>
<p>Bio Fluorescent will pay 9.0 million common shares plus options to acquire up to 717,000 of its common shares for Immune Network.</p>
<p>Immune Network is a drug research and development firm specializing in immunological products treating AIDS and other human immune system disorders.</p>
</text>
<copyright>(c) Reuters Limited 1997</copyright>
<metadata>
<codes class="bip:countries:1.0">
  <code code="CANA">
    <editdetail attribution="Reuters BIP Coding Group" action="confirmed" date="1997-02-26"/>
  </code>
  <code code="USA">
    <editdetail attribution="Reuters BIP Coding Group" action="confirmed" date="1997-02-26"/>
  </code>
</codes>
<codes class="bip:topics:1.0">
  <code code="C18">
    <editdetail attribution="Reuters BIP Coding Group" action="confirmed" date="1997-02-26"/>
  </code>
  <code code="C181">
    <editdetail attribution="Reuters BIP Coding Group" action="confirmed" date="1997-02-26"/>
  </code>
  <code code="CCAT">
    <editdetail attribution="Reuters BIP Coding Group" action="confirmed" date="1997-02-26"/>
  </code>
</codes>
<dc element="dc.date.created" value="1997-02-26"/>
<dc element="dc.publisher" value="Reuters Holdings Plc"/>
<dc element="dc.date.published" value="1997-02-26"/>
<dc element="dc.source" value="Reuters"/>
<dc element="dc.creator.location" value="SCOTTSDALE, Ariz."/>
<dc element="dc.creator.location.country.name" value="USA"/>
<dc element="dc.source" value="Reuters"/>
</metadata>
</newsitem>
