<?xml version="1.0" encoding="iso-8859-1" ?>
<newsitem itemid="218066" id="root" date="1996-11-26" xml:lang="en">
<title>USA: Allstate seeks to cut some insurance rates.</title>
<headline>Allstate seeks to cut some insurance rates.</headline>
<dateline>NORTHBROOK, Ill. 1996-11-25</dateline>
<text>
<p>Allstate Corp said Monday its Allstate Insurance unit would lower statewide auto insurance rates in California by an average of seven percent.</p>
<p>Allstate filed with California insurance regulators to increase the discounts it offers to motorists with good driving records, the company said. The rate reduction is expected to go into effect in January 1997, Allstate said.</p>
<p>It is the second auto rate reduction filed by Allstate in California this year. A rate decrease averaging 2.7 percent went into effect July 29.</p>
<p>Allstate is the nation's second-largest personal lines insurance company, providing insurance coverage to more than 20 million customers.</p>
<p>- Chicago newsdesk (312) 408-8787</p>
</text>
<copyright>(c) Reuters Limited 1996</copyright>
<metadata>
<codes class="bip:countries:1.0">
  <code code="USA">
    <editdetail attribution="Reuters BIP Coding Group" action="confirmed" date="1996-11-26"/>
  </code>
</codes>
<codes class="bip:industries:1.0">
  <code code="I82000">
    <editdetail attribution="Reuters BIP Coding Group" action="confirmed" date="1996-11-26"/>
  </code>
</codes>
<codes class="bip:topics:1.0">
  <code code="C13">
    <editdetail attribution="Reuters BIP Coding Group" action="confirmed" date="1996-11-26"/>
  </code>
  <code code="C31">
    <editdetail attribution="Reuters BIP Coding Group" action="confirmed" date="1996-11-26"/>
  </code>
  <code code="CCAT">
    <editdetail attribution="Reuters BIP Coding Group" action="confirmed" date="1996-11-26"/>
  </code>
</codes>
<dc element="dc.date.created" value="1996-11-25"/>
<dc element="dc.publisher" value="Reuters Holdings Plc"/>
<dc element="dc.date.published" value="1996-11-26"/>
<dc element="dc.source" value="Reuters"/>
<dc element="dc.creator.location" value="NORTHBROOK, Ill."/>
<dc element="dc.creator.location.country.name" value="USA"/>
<dc element="dc.source" value="Reuters"/>
</metadata>
</newsitem>
