<?xml version="1.0" encoding="iso-8859-1" ?>
<newsitem itemid="796924" id="root" date="1997-08-13" xml:lang="en">
<title>BANGLADESH: BANGLADESH JUTE PRICES - AUG 12.</title>
<headline>BANGLADESH JUTE PRICES - AUG 12.</headline>
<text>
<p>Rates supplied by the Bangladesh Jute Association</p>
<p>JUTE</p>
<p>VARIETY			 BALES		     FOB Naraynaganj</p>
<p>			   (One bale = 180 kg)	  (Taka per bale)</p>
<p>						    Ready Position (in taka)</p>
<p>Bangla white special     (BW special)		 3,550</p>
<p>Bangla white A	     (BWA)			  3,350</p>
<p>Bangla white B	     (BWB)			  3,050</p>
<p>Bangla white C	     (BWC)			  2,750</p>
<p>Bangla white D	     (BWD)			  2,400</p>
<p>Bangla white E	     (BWE)			  2,050</p>
<p>Bangla tossa special     (BTS)			  3,600</p>
<p>Bangla tossa A	     (BTA)			  3,400</p>
<p>Bangla tossa B	     (BTB)			  3,100</p>
<p>Bangla tossa C	     (BTC)			  2,800</p>
<p>Bangla tossa D	     (BTD)			  2,450</p>
<p>Bangla tossa E	     (BTE)			  2,100</p>
<p>WRS/TRS, HABIJABI, CUT ROPES</p>
<p>Bangla white rejection   (BWR)			  1,650</p>
<p>Bangla white habijabi    (BWH)			  1,350</p>
<p>Bangla tossa rejection   (BTR)			  1,750</p>
<p>Bangla tossa habijabi    (BTH)			  1,400</p>
<p>Bangla cut ropes	   (BCR)			  1,350</p>
<p>CUTTINGS</p>
<p>Bangla white cuttings A  (BWCA)			 1,300</p>
<p>Bangla white cuttings B  (BWCB)			 1,200</p>
<p>Bangla tossa cuttings A  (BTCA)			 1,400</p>
<p>Bangla tossa cuttings B  (BTCB)			 1,300</p>
<p>MESHTA</p>
<p>Meshta special					     2,400</p>
<p>Meshta A						     2,300</p>
<p>Meshta B						     2,100</p>
<p>Meshta C						     1,900</p>
<p>Special meshta cuttings				  1,200</p>
<p>Ordinary meshta cuttings				 1,100</p>
<p>Meshta- SMR						  1,500</p>
<p>STATE OF THE MARKET--REMARKS</p>
<p>Quality		 - average</p>
<p>Condition	     - normal</p>
<p>Naryanganj imports  - About 10,000 monds Daulatpur imports   - About 15,000 monds</p>
<p>(37.32 kg =1 mond)</p>
<p>Market		  - Steady</p>
<p>NOTE</p>
<p>Raw jute exports (1.7.1996 to 31.7.97)</p>
<p>127,000 bales</p>
<p>Value</p>
<p>260.3 million taka ($1 = 44.10 taka)</p>
<p>Source :  - Bangladesh Jute Association, Dhaka +880-2-9552916, Narayanganj tel No. +880-671-72193, +880-671-62756</p>
</text>
<copyright>(c) Reuters Limited 1997</copyright>
<metadata>
<codes class="bip:countries:1.0">
  <code code="BANDH">
    <editdetail attribution="Reuters BIP Coding Group" action="confirmed" date="1997-08-13"/>
  </code>
</codes>
<codes class="bip:topics:1.0">
  <code code="M14">
    <editdetail attribution="Reuters BIP Coding Group" action="confirmed" date="1997-08-13"/>
  </code>
  <code code="M141">
    <editdetail attribution="Reuters BIP Coding Group" action="confirmed" date="1997-08-13"/>
  </code>
  <code code="MCAT">
    <editdetail attribution="Reuters BIP Coding Group" action="confirmed" date="1997-08-13"/>
  </code>
</codes>
<dc element="dc.publisher" value="Reuters Holdings Plc"/>
<dc element="dc.date.published" value="1997-08-13"/>
<dc element="dc.source" value="Reuters"/>
<dc element="dc.creator.location.country.name" value="BANGLADESH"/>
<dc element="dc.source" value="Reuters"/>
</metadata>
</newsitem>
