<?xml version="1.0" encoding="iso-8859-1" ?>
<newsitem itemid="412586" id="root" date="1997-02-28" xml:lang="en">
<title>RUSSIA: Ford talks to Russian plants on car assembly.</title>
<headline>Ford talks to Russian plants on car assembly.</headline>
<dateline>MOSCOW 1997-02-28</dateline>
<text>
<p>Ford Motor Co is negotiating with several Russian companies about setting up a car assembly plant in Russia, Olga Fyodorova, public relations manager with Ford in Mosocw, said on Friday.</p>
<p>&quot;We are at the negotiations stage with several plants, which are not big ones, not monopolies. It is the Ford strategy to start small or medium-sized production in a country like Russia,&quot; she told Reuters.</p>
<p>&quot;We are in talks with young, smaller companies which want to grow with Ford,&quot; she said, but said Ford could still consider proposals by Russia's biggest car producers such as AvtoVAZ or GAZ, which make Lada and Volga cars.</p>
</text>
<copyright>(c) Reuters Limited 1997</copyright>
<metadata>
<codes class="bip:countries:1.0">
  <code code="RUSS">
    <editdetail attribution="Reuters BIP Coding Group" action="confirmed" date="1997-02-28"/>
  </code>
</codes>
<codes class="bip:industries:1.0">
  <code code="I35101">
    <editdetail attribution="Reuters BIP Coding Group" action="confirmed" date="1997-02-28"/>
  </code>
</codes>
<codes class="bip:topics:1.0">
  <code code="C11">
    <editdetail attribution="Reuters BIP Coding Group" action="confirmed" date="1997-02-28"/>
  </code>
  <code code="C24">
    <editdetail attribution="Reuters BIP Coding Group" action="confirmed" date="1997-02-28"/>
  </code>
  <code code="CCAT">
    <editdetail attribution="Reuters BIP Coding Group" action="confirmed" date="1997-02-28"/>
  </code>
</codes>
<dc element="dc.date.created" value="1997-02-28"/>
<dc element="dc.publisher" value="Reuters Holdings Plc"/>
<dc element="dc.date.published" value="1997-02-28"/>
<dc element="dc.source" value="Reuters"/>
<dc element="dc.creator.location" value="MOSCOW"/>
<dc element="dc.creator.location.country.name" value="RUSSIA"/>
<dc element="dc.source" value="Reuters"/>
</metadata>
</newsitem>
