<?xml version="1.0" encoding="iso-8859-1" ?>
<newsitem itemid="611121" id="root" date="1997-05-23" xml:lang="en">
<title>JAPAN: Sato Foods -96/97 parent results.</title>
<headline>Sato Foods -96/97 parent results.</headline>
<dateline>TOKYO 1997-05-23</dateline>
<text>
<p>Year to March 31, 1997</p>
<p> (Parent)	(in billions of yen unless specified)</p>
<p> Sales		  5.12		vs	    4.92</p>
<p> Operating	  981    million	  vs	  840    million</p>
<p> Current		1.00		vs	  924    million</p>
<p> Net		  477    million	  vs	  438    million</p>
<p> EPS		   70.62 yen	  vs	   64.93 yen</p>
<p> Diluted EPS	     -		vs		 -</p>
<p> Shares		7 million	  vs	   7 million</p>
<p> Ord div	     17.00 yen	  vs	   16.00 yen</p>
<p>NOTE - Sato Foods Industries Co Ltd manufactures natural seasonings.</p>
</text>
<copyright>(c) Reuters Limited 1997</copyright>
<metadata>
<codes class="bip:countries:1.0">
  <code code="JAP">
    <editdetail attribution="Reuters BIP Coding Group" action="confirmed" date="1997-05-23"/>
  </code>
</codes>
<codes class="bip:industries:1.0">
  <code code="I41000">
    <editdetail attribution="Reuters BIP Coding Group" action="confirmed" date="1997-05-23"/>
  </code>
</codes>
<codes class="bip:topics:1.0">
  <code code="C15">
    <editdetail attribution="Reuters BIP Coding Group" action="confirmed" date="1997-05-23"/>
  </code>
  <code code="C151">
    <editdetail attribution="Reuters BIP Coding Group" action="confirmed" date="1997-05-23"/>
  </code>
  <code code="C1511">
    <editdetail attribution="Reuters BIP Coding Group" action="confirmed" date="1997-05-23"/>
  </code>
  <code code="CCAT">
    <editdetail attribution="Reuters BIP Coding Group" action="confirmed" date="1997-05-23"/>
  </code>
</codes>
<dc element="dc.date.created" value="1997-05-23"/>
<dc element="dc.publisher" value="Reuters Holdings Plc"/>
<dc element="dc.date.published" value="1997-05-23"/>
<dc element="dc.source" value="Reuters"/>
<dc element="dc.creator.location" value="TOKYO"/>
<dc element="dc.creator.location.country.name" value="JAPAN"/>
<dc element="dc.source" value="Reuters"/>
</metadata>
</newsitem>
