<?xml version="1.0" encoding="iso-8859-1" ?>
<newsitem itemid="440194" id="root" date="1997-03-13" xml:lang="en">
<title>PAKISTAN: Pakistan central bank sells 450mln rupees in bonds.</title>
<headline>Pakistan central bank sells 450mln rupees in bonds.</headline>
<dateline>KARACHI, Pakistan 1997-03-13</dateline>
<text>
<p>The State (central) Bank of Pakistan said it had accepted 450 million rupees in an open market operation in Short-Term Federal Bonds on Wednesday.</p>
<p>			     Offered    Accepted    Max cut-off</p>
<p> Five-month		    450	 450	16.45 pct</p>
<p> Three-month		   Nil	 Nil	  Nil</p>
<p> One-month		     Nil	 Nil	  Nil</p>
<p>($1=40.22 rupees) -- Amir Zia 9221-5685192</p>
</text>
<copyright>(c) Reuters Limited 1997</copyright>
<metadata>
<codes class="bip:countries:1.0">
  <code code="PAKIS">
    <editdetail attribution="Reuters BIP Coding Group" action="confirmed" date="1997-03-13"/>
  </code>
</codes>
<codes class="bip:topics:1.0">
  <code code="M13">
    <editdetail attribution="Reuters BIP Coding Group" action="confirmed" date="1997-03-13"/>
  </code>
  <code code="M131">
    <editdetail attribution="Reuters BIP Coding Group" action="confirmed" date="1997-03-13"/>
  </code>
  <code code="MCAT">
    <editdetail attribution="Reuters BIP Coding Group" action="confirmed" date="1997-03-13"/>
  </code>
</codes>
<dc element="dc.date.created" value="1997-03-13"/>
<dc element="dc.publisher" value="Reuters Holdings Plc"/>
<dc element="dc.date.published" value="1997-03-13"/>
<dc element="dc.source" value="Reuters"/>
<dc element="dc.creator.location" value="KARACHI, Pakistan"/>
<dc element="dc.creator.location.country.name" value="PAKISTAN"/>
<dc element="dc.source" value="Reuters"/>
</metadata>
</newsitem>
