<?xml version="1.0" encoding="iso-8859-1" ?>
<newsitem itemid="126389" id="root" date="1996-10-18" xml:lang="en">
<title>POLAND: Polish shares end lower in continuous trade.</title>
<headline>Polish shares end lower in continuous trade.</headline>
<dateline>WARSAW 1996-10-18</dateline>
<text>
<p>Universal closed higher, Stalexport lower and BIG was flat in Warsaw bourse continuous trade on Friday.</p>
<p>Turnover fell to 0.4 million zlotys from Thursday's 1.5 million zlotys.</p>
<p>The remaining seven stocks did not trade.</p>
<p>NFI units rose in a 15-million-zloty turnover.</p>
<p>-- Warsaw Newsroom +48 22 653 9700</p>
</text>
<copyright>(c) Reuters Limited 1996</copyright>
<metadata>
<codes class="bip:countries:1.0">
  <code code="POL">
    <editdetail attribution="Reuters BIP Coding Group" action="confirmed" date="1996-10-18"/>
  </code>
</codes>
<codes class="bip:topics:1.0">
  <code code="M11">
    <editdetail attribution="Reuters BIP Coding Group" action="confirmed" date="1996-10-18"/>
  </code>
  <code code="MCAT">
    <editdetail attribution="Reuters BIP Coding Group" action="confirmed" date="1996-10-18"/>
  </code>
</codes>
<dc element="dc.date.created" value="1996-10-18"/>
<dc element="dc.publisher" value="Reuters Holdings Plc"/>
<dc element="dc.date.published" value="1996-10-18"/>
<dc element="dc.source" value="Reuters"/>
<dc element="dc.creator.location" value="WARSAW"/>
<dc element="dc.creator.location.country.name" value="POLAND"/>
<dc element="dc.source" value="Reuters"/>
</metadata>
</newsitem>
