<?xml version="1.0" encoding="iso-8859-1" ?>
<newsitem itemid="422532" id="root" date="1997-03-05" xml:lang="en">
<title>IRAQ: PRESS DIGEST - Iraq - March 5.</title>
<headline>PRESS DIGEST - Iraq - March 5.</headline>
<dateline>BAGHDAD 1997-03-05</dateline>
<text>
<p>These are some of the leading stories in the official Iraqi press on Wednesday. Reuters has not verified these stories and does not vouch for their accuracy.</p>
<p>THAWRA</p>
<p>- Sudanese president receives envoy from President Saddam Hussein</p>
<p>- Iraqi Deputy Prime Minister Tareq Aziz arrives in Moscow</p>
<p>- In a move to cover its responsibility, Washington blames United Nations for delay in arrival of food and medical supplies to Iraq</p>
<p>- Yemeni president urges Saudi Arabia to work for lifting sanctions on Iraq</p>
<p>- Vice-Chairman of Revolutionary Command Council Izzat Ibrahim attacks Washington</p>
<p>- (The above were also carried by AL-IRAQ and JUMHOURIYA)</p>
<p>- Commentary attacks U.N. arms envoy for misleading statements on Iraq</p>
<p>- Article says United States leads the world in crime incidence</p>
<p>JUMHOURIYA</p>
<p>- Iraq and Malta review means they to resume bilateral trade</p>
<p>- Editorial slams Ekeus for anti-Iraq statements</p>
</text>
<copyright>(c) Reuters Limited 1997</copyright>
<metadata>
<codes class="bip:countries:1.0">
  <code code="IRAQ">
    <editdetail attribution="Reuters BIP Coding Group" action="confirmed" date="1997-03-05"/>
  </code>
</codes>
<codes class="bip:topics:1.0">
  <code code="GCAT">
    <editdetail attribution="Reuters BIP Coding Group" action="confirmed" date="1997-03-05"/>
  </code>
</codes>
<dc element="dc.date.created" value="1997-03-05"/>
<dc element="dc.publisher" value="Reuters Holdings Plc"/>
<dc element="dc.date.published" value="1997-03-05"/>
<dc element="dc.source" value="Reuters"/>
<dc element="dc.creator.location" value="BAGHDAD"/>
<dc element="dc.creator.location.country.name" value="IRAQ"/>
<dc element="dc.source" value="Reuters"/>
</metadata>
</newsitem>
