<?xml version="1.0" encoding="iso-8859-1" ?>
<newsitem itemid="518334" id="root" date="1997-04-17" xml:lang="en">
<title>ISRAEL: VW, Dead Sea to dedicate Israel magnesium plant.</title>
<headline>VW, Dead Sea to dedicate Israel magnesium plant.</headline>
<dateline>TEL AVIV 1997-04-17</dateline>
<text>
<p>Volkswagen AG and Israel's Dead Sea Works will dedicate their joint magnesium plant in Sdom, on the banks of the Dead Sea, on Thursday night, company officials said.</p>
<p>On Thursday morning Volkswagen chairman Ferdinand Piech and Erwin Eisenberg, chairman of Dead Sea's parent Israel Chemicals, held a meeting with Prime Minister Benjamin Netanyahu.</p>
<p>The meeting was closed to reporters. But a statement from Netanyahu's office quoted the prime minister as saying: &quot;Volkswagen's decision to invest in the new magnesium plant that will be dedicated tonight in Sdom is an important landmark and I hope the German concern will continue to expand its investments in Israel.&quot;</p>
<p>Dead Sea Works holds a 65 percent interest in the joint venture, called Dead Sea Magnesium, and Volkswagen holds 35 percent.</p>
<p>Total investment in the project will amount to $750 million to $800 million, including $425 million in the first stage.</p>
<p>Trial production has already begun. When the plant reaches full production in 1998 annual output will reach 27,000 tonnes.</p>
<p>A third of the output is earmarked by Volkswagen for use in producing auto parts.</p>
<p>Piech said the second stage of the project, which calls for doubling production to 55,000 tonnes annually, is already in the planning stage.</p>
<p>The plant will make Dead Sea one of the four largest producers of magnesium in the world.</p>
<p>Eisenberg and Israel Chemicals president and CEO Yigal Diamant told Netanyahu the company plans to expand its investments in the southern Negev region, which suffers from high unemployment. Eisenberg said the magnesium plant has already hired over 300 workers.</p>
<p>-Tel Aviv newsroom, 972-3-537-2211</p>
</text>
<copyright>(c) Reuters Limited 1997</copyright>
<metadata>
<codes class="bip:countries:1.0">
  <code code="ISRAEL">
    <editdetail attribution="Reuters BIP Coding Group" action="confirmed" date="1997-04-17"/>
  </code>
</codes>
<codes class="bip:industries:1.0">
  <code code="I23000">
    <editdetail attribution="Reuters BIP Coding Group" action="confirmed" date="1997-04-17"/>
  </code>
  <code code="I25000">
    <editdetail attribution="Reuters BIP Coding Group" action="confirmed" date="1997-04-17"/>
  </code>
  <code code="I35101">
    <editdetail attribution="Reuters BIP Coding Group" action="confirmed" date="1997-04-17"/>
  </code>
</codes>
<codes class="bip:topics:1.0">
  <code code="C24">
    <editdetail attribution="Reuters BIP Coding Group" action="confirmed" date="1997-04-17"/>
  </code>
  <code code="CCAT">
    <editdetail attribution="Reuters BIP Coding Group" action="confirmed" date="1997-04-17"/>
  </code>
</codes>
<dc element="dc.date.created" value="1997-04-17"/>
<dc element="dc.publisher" value="Reuters Holdings Plc"/>
<dc element="dc.date.published" value="1997-04-17"/>
<dc element="dc.source" value="Reuters"/>
<dc element="dc.creator.location" value="TEL AVIV"/>
<dc element="dc.creator.location.country.name" value="ISRAEL"/>
<dc element="dc.source" value="Reuters"/>
</metadata>
</newsitem>
