<?xml version="1.0" encoding="iso-8859-1" ?>
<newsitem itemid="372274" id="root" date="1997-02-12" xml:lang="en">
<title>MEXICO: Pemex says eyeing lira, yankee bond markets.</title>
<headline>Pemex says eyeing lira, yankee bond markets.</headline>
<dateline>MEXICO CITY 1997-02-11</dateline>
<text>
<p>Officials from Mexico's state oil and gas monopoly Petroleos Mexicanos (Pemex) said on Tuesday the company is looking to place bonds in Italian liras or in U.S. dollars.</p>
<p>Corporate finance director Juan Manuel Romero said at a news conference that the company will probably place three debt issues totalling $800 million in 1997. The company will have $1.2 billion in maturing debt, he said.</p>
<p>&quot;Next year we should have net debt programmed of $400 million,&quot; Pemex director general Adrian Lajous told reporters at a presentation of 1996 results.</p>
<p>Pemex is observing the markets for the best conditions, Romero added.</p>
<p>In April last year Pemex placed a two-year 300 billion lira bond with a yield of 300 basis points over U.S. Treasuries. The company may renew existing commercial and bank paper with paper at more attractive rates, he said.</p>
<p>((--Timna Tanners, Mexico City newsroom +525 728-7903))</p>
</text>
<copyright>(c) Reuters Limited 1997</copyright>
<metadata>
<codes class="bip:countries:1.0">
  <code code="MEX">
    <editdetail attribution="Reuters BIP Coding Group" action="confirmed" date="1997-02-12"/>
  </code>
</codes>
<codes class="bip:industries:1.0">
  <code code="I13000">
    <editdetail attribution="Reuters BIP Coding Group" action="confirmed" date="1997-02-12"/>
  </code>
</codes>
<codes class="bip:topics:1.0">
  <code code="C17">
    <editdetail attribution="Reuters BIP Coding Group" action="confirmed" date="1997-02-12"/>
  </code>
  <code code="C172">
    <editdetail attribution="Reuters BIP Coding Group" action="confirmed" date="1997-02-12"/>
  </code>
  <code code="CCAT">
    <editdetail attribution="Reuters BIP Coding Group" action="confirmed" date="1997-02-12"/>
  </code>
</codes>
<dc element="dc.date.created" value="1997-02-11"/>
<dc element="dc.publisher" value="Reuters Holdings Plc"/>
<dc element="dc.date.published" value="1997-02-12"/>
<dc element="dc.source" value="Reuters"/>
<dc element="dc.creator.location" value="MEXICO CITY"/>
<dc element="dc.creator.location.country.name" value="MEXICO"/>
<dc element="dc.source" value="Reuters"/>
</metadata>
</newsitem>
