<?xml version="1.0" encoding="iso-8859-1" ?>
<newsitem itemid="170402" id="root" date="1996-11-06" xml:lang="en">
<title>USA: Piper Jaffray Cos Inc Q4 Sept 30 net down.</title>
<headline>Piper Jaffray Cos Inc Q4 Sept 30 net down.</headline>
<dateline>MINNEAPOLIS 1996-11-06</dateline>
<text>
<p>Three Months	   12 Months</p>
<p>				 1996	 1995	1996	 1995</p>
<p>Total revenues	   136,155   132,195   553,904    431,707</p>
<p>Charge for settlement	 --	  --	  --     56,090</p>
<p>Total expenses	   128,859   123,325   541,943    454,360</p>
<p>Income (loss) before</p>
<p>  income taxes	     7,296     8,870    11,961   (22,653)</p>
<p>Income taxes (benefit)   2,846     3,459     4,665    (8,535)</p>
<p>Net income (loss)	  4,450     5,411     7,296   (14,118)</p>
<p>Net income (loss) per share</p>
<p>				 $0.24     $0.30     $0.40     $(0.82)</p>
<p>Weighted average shares</p>
<p> outstanding		18,534    18,080    18,377     17,300</p>
<p>Reuters Chicago Newsdesk - 312-408-8787</p>
</text>
<copyright>(c) Reuters Limited 1996</copyright>
<metadata>
<codes class="bip:countries:1.0">
  <code code="USA">
    <editdetail attribution="Reuters BIP Coding Group" action="confirmed" date="1996-11-06"/>
  </code>
</codes>
<codes class="bip:industries:1.0">
  <code code="I83100">
    <editdetail attribution="Reuters BIP Coding Group" action="confirmed" date="1996-11-06"/>
  </code>
</codes>
<codes class="bip:topics:1.0">
  <code code="C15">
    <editdetail attribution="Reuters BIP Coding Group" action="confirmed" date="1996-11-06"/>
  </code>
  <code code="C151">
    <editdetail attribution="Reuters BIP Coding Group" action="confirmed" date="1996-11-06"/>
  </code>
  <code code="C1511">
    <editdetail attribution="Reuters BIP Coding Group" action="confirmed" date="1996-11-06"/>
  </code>
  <code code="CCAT">
    <editdetail attribution="Reuters BIP Coding Group" action="confirmed" date="1996-11-06"/>
  </code>
</codes>
<dc element="dc.date.created" value="1996-11-06"/>
<dc element="dc.publisher" value="Reuters Holdings Plc"/>
<dc element="dc.date.published" value="1996-11-06"/>
<dc element="dc.source" value="Reuters"/>
<dc element="dc.creator.location" value="MINNEAPOLIS"/>
<dc element="dc.creator.location.country.name" value="USA"/>
<dc element="dc.source" value="Reuters"/>
</metadata>
</newsitem>
