<?xml version="1.0" encoding="iso-8859-1" ?>
<newsitem itemid="796911" id="root" date="1997-08-13" xml:lang="en">
<title>PORTUGAL: Portugal, Indonesia to hold Timor talks in October.</title>
<headline>Portugal, Indonesia to hold Timor talks in October.</headline>
<dateline>LISBON 1997-08-13</dateline>
<text>
<p>New ambassadorial-level talks between Portugal and Indonesia about the disputed territory of East Timor will be held in early October, a Portuguese Foreign Ministry spokeswoman said on Wednesday.</p>
<p>The two countries will meet in New York where a first round of discussions was held this month under the chairmanship of Pakistani diplomat Jamseed Marker, U.N. Secretary-General Kofi Annan's special representative for East Timor.</p>
<p>The talks are part of a new bid by Annan to find a solution to the long-running diplomatic tussle over the territory, which Indonesia annexed in 1976 after a bloody invasion.</p>
<p>The United Nations has never recognised Jakarta's occupation and regards Portugal, the former colonial ruler, as its legal administrator.</p>
<p>Years of regular meetings between the two countries' foreign ministers made little progress so Annan opted for a new approach, reducing the level of the contacts but increasing their frequency in the hope of reaching some common ground.</p>
<p>Portugal backs the call of East Timor resistance groups for a referendum in the territory to let its people decide their future.</p>
<p>Jakarta says that East Timor tribal leaders freely agreed to integration with Indonesia in 1976.</p>
</text>
<copyright>(c) Reuters Limited 1997</copyright>
<metadata>
<codes class="bip:countries:1.0">
  <code code="INDON">
    <editdetail attribution="Reuters BIP Coding Group" action="confirmed" date="1997-08-13"/>
  </code>
  <code code="PORL">
    <editdetail attribution="Reuters BIP Coding Group" action="confirmed" date="1997-08-13"/>
  </code>
  <code code="TIMOR">
    <editdetail attribution="Reuters BIP Coding Group" action="confirmed" date="1997-08-13"/>
  </code>
  <code code="UN">
    <editdetail attribution="Reuters BIP Coding Group" action="confirmed" date="1997-08-13"/>
  </code>
</codes>
<codes class="bip:topics:1.0">
  <code code="GCAT">
    <editdetail attribution="Reuters BIP Coding Group" action="confirmed" date="1997-08-13"/>
  </code>
  <code code="GDIP">
    <editdetail attribution="Reuters BIP Coding Group" action="confirmed" date="1997-08-13"/>
  </code>
  <code code="GVIO">
    <editdetail attribution="Reuters BIP Coding Group" action="confirmed" date="1997-08-13"/>
  </code>
</codes>
<dc element="dc.date.created" value="1997-08-13"/>
<dc element="dc.publisher" value="Reuters Holdings Plc"/>
<dc element="dc.date.published" value="1997-08-13"/>
<dc element="dc.source" value="Reuters"/>
<dc element="dc.creator.location" value="LISBON"/>
<dc element="dc.creator.location.country.name" value="PORTUGAL"/>
<dc element="dc.source" value="Reuters"/>
</metadata>
</newsitem>
