<?xml version="1.0" encoding="iso-8859-1" ?>
<newsitem itemid="603282" id="root" date="1997-05-21" xml:lang="en">
<title>JAPAN: Kanto Denka -96/97 parent results.</title>
<headline>Kanto Denka -96/97 parent results.</headline>
<dateline>TOKYO 1997-05-21</dateline>
<text>
<p>Year to March 31, 1997</p>
<p> (Parent)	(in billions of yen unless specified)</p>
<p> Sales		 30.05		vs	   29.41</p>
<p> Operating	    2.53		vs	    2.53</p>
<p> Current		2.02		vs	    1.92</p>
<p> Net		  916    million	  vs	  755    million</p>
<p> EPS		   15.93 yen	  vs	   13.13 yen</p>
<p> Diluted EPS	     -		vs		 -</p>
<p> Shares	     58 million	  vs	  58 million</p>
<p> Ord div		5.00 yen	  vs	    3.00 yen</p>
<p>NOTE - Kanto Denka Kogyo Co Ltd is a chemical manufacturer.</p>
</text>
<copyright>(c) Reuters Limited 1997</copyright>
<metadata>
<codes class="bip:countries:1.0">
  <code code="JAP">
    <editdetail attribution="Reuters BIP Coding Group" action="confirmed" date="1997-05-21"/>
  </code>
</codes>
<codes class="bip:industries:1.0">
  <code code="I25100">
    <editdetail attribution="Reuters BIP Coding Group" action="confirmed" date="1997-05-21"/>
  </code>
</codes>
<codes class="bip:topics:1.0">
  <code code="C15">
    <editdetail attribution="Reuters BIP Coding Group" action="confirmed" date="1997-05-21"/>
  </code>
  <code code="C151">
    <editdetail attribution="Reuters BIP Coding Group" action="confirmed" date="1997-05-21"/>
  </code>
  <code code="C1511">
    <editdetail attribution="Reuters BIP Coding Group" action="confirmed" date="1997-05-21"/>
  </code>
  <code code="CCAT">
    <editdetail attribution="Reuters BIP Coding Group" action="confirmed" date="1997-05-21"/>
  </code>
</codes>
<dc element="dc.date.created" value="1997-05-21"/>
<dc element="dc.publisher" value="Reuters Holdings Plc"/>
<dc element="dc.date.published" value="1997-05-21"/>
<dc element="dc.source" value="Reuters"/>
<dc element="dc.creator.location" value="TOKYO"/>
<dc element="dc.creator.location.country.name" value="JAPAN"/>
<dc element="dc.source" value="Reuters"/>
</metadata>
</newsitem>
