<?xml version="1.0" encoding="iso-8859-1" ?>
<newsitem itemid="378252" id="root" date="1997-02-14" xml:lang="en">
<title>BRAZIL: Brazil's real drops 0.07 pct in listless trade.</title>
<headline>Brazil's real drops 0.07 pct in listless trade.</headline>
<dateline>SAO PAULO 1997-02-14</dateline>
<text>
<p>Brazil's real dropped 0.07 percent to close at 1.0493 per dollar in the commercial foreign exchange market in listless trade ahead of Monday's President's Day holiday in the United States, dealers said.</p>
<p>The real's fall was due to players buying dollars today because Monday's holiday meant they would have no carry-over cost to hold greenbacks over the weekend, they added.</p>
<p>Because of the holiday, today's transactions will be settled on Wednesday, together with Monday's transactions, they added.</p>
<p>In the floating exchange rate market, the real dropped 0.05 percent to close at 1.0547 per dollar.</p>
<p>In the illegal parallel market, the real fell 0.19 percent to end at 1.077 per greenback, traders said.</p>
<p>((-- Alexandre Caverni, Sao Paulo newsroom, 5511-2485418))</p>
</text>
<copyright>(c) Reuters Limited 1997</copyright>
<metadata>
<codes class="bip:countries:1.0">
  <code code="BRAZ">
    <editdetail attribution="Reuters BIP Coding Group" action="confirmed" date="1997-02-14"/>
  </code>
</codes>
<codes class="bip:topics:1.0">
  <code code="M13">
    <editdetail attribution="Reuters BIP Coding Group" action="confirmed" date="1997-02-14"/>
  </code>
  <code code="M132">
    <editdetail attribution="Reuters BIP Coding Group" action="confirmed" date="1997-02-14"/>
  </code>
  <code code="MCAT">
    <editdetail attribution="Reuters BIP Coding Group" action="confirmed" date="1997-02-14"/>
  </code>
</codes>
<dc element="dc.date.created" value="1997-02-14"/>
<dc element="dc.publisher" value="Reuters Holdings Plc"/>
<dc element="dc.date.published" value="1997-02-14"/>
<dc element="dc.source" value="Reuters"/>
<dc element="dc.creator.location" value="SAO PAULO"/>
<dc element="dc.creator.location.country.name" value="BRAZIL"/>
<dc element="dc.source" value="Reuters"/>
</metadata>
</newsitem>
