<?xml version="1.0" encoding="iso-8859-1" ?>
<newsitem itemid="407781" id="root" date="1997-02-27" xml:lang="en">
<title>USA: Siebert Financial year full results.</title>
<headline>Siebert Financial year full results.</headline>
<dateline>NEW YORK 1997-02-27</dateline>
<text>
<p>Year Ended</p>
<p>						  December 31,</p>
<p>						  1995	1996</p>
<p> Revenues				  $ 24,163  $ 21,040</p>
<p>Expenses:</p>
<p> Salaries and commissions		 8,586     9,754</p>
<p> Clearing costs			     4,585     4,249</p>
<p>Other</p>
<p>						  7,659     6,960</p>
<p>						 21,998    19,795</p>
<p> Net income before income tax	   2,165</p>
<p> Income tax				     201</p>
<p> Net income - historical		  1,964     1,245</p>
<p> Pro forma income taxes		     752	 548</p>
<p> Pro forma net income		     1,212	 697</p>
<p> Pro forma earnings per share	    0.23	0.13</p>
<p>Pro forma earnings per share</p>
<p>additionally adjusted to give</p>
<p>effect to Ms. Siebert's new</p>
<p>base salary arrangement in</p>
<p>lieu of her S corporation</p>
<p>compensation and income, net</p>
<p>  of tax					 0.55	0.45</p>
<p>Weighted average common</p>
<p> shares outstanding		   5,235,897 5,235,897</p>
<p>Note: Full company name is Siebert Financial Corp.</p>
<p>(in thousands, except share and per share amounts)</p>
<p>((-- New York Newsdesk 212 859-1610))</p>
</text>
<copyright>(c) Reuters Limited 1997</copyright>
<metadata>
<codes class="bip:countries:1.0">
  <code code="USA">
    <editdetail attribution="Reuters BIP Coding Group" action="confirmed" date="1997-02-27"/>
  </code>
</codes>
<codes class="bip:topics:1.0">
  <code code="C15">
    <editdetail attribution="Reuters BIP Coding Group" action="confirmed" date="1997-02-27"/>
  </code>
  <code code="C151">
    <editdetail attribution="Reuters BIP Coding Group" action="confirmed" date="1997-02-27"/>
  </code>
  <code code="C1511">
    <editdetail attribution="Reuters BIP Coding Group" action="confirmed" date="1997-02-27"/>
  </code>
  <code code="CCAT">
    <editdetail attribution="Reuters BIP Coding Group" action="confirmed" date="1997-02-27"/>
  </code>
</codes>
<dc element="dc.date.created" value="1997-02-27"/>
<dc element="dc.publisher" value="Reuters Holdings Plc"/>
<dc element="dc.date.published" value="1997-02-27"/>
<dc element="dc.source" value="Reuters"/>
<dc element="dc.creator.location" value="NEW YORK"/>
<dc element="dc.creator.location.country.name" value="USA"/>
<dc element="dc.source" value="Reuters"/>
</metadata>
</newsitem>
