<?xml version="1.0" encoding="iso-8859-1" ?>
<newsitem itemid="165254" id="root" date="1996-11-04" xml:lang="en">
<title>SWEDEN: AGA slips over 4 pct on 9 months result.</title>
<headline>AGA slips over 4 pct on 9 months result.</headline>
<dateline>STOCKHOLM 1996-11-04</dateline>
<text>
<p>Shares in Swedish gas company AGA slipped over four percent in early trade on Monday after posting weaker than expected nine month figures.</p>
<p>By 0915 GMT AGA shares were 4.5 crowns lower at 101 crowns.</p>
<p>AGA earlier posted a 14 percent fall in profits after financial items to 1.38 billion crowns for the nine months ending September 30, compared with market consensus forecasts of 1.42 billion.</p>
<p>AGA itself forecast full year 1996 profit would be at least 15 percent less than in 1995.</p>
<p>&quot;(This is) due primarily to a continued weak economic climate in several countries and the stronger Swedish crown,&quot; AGA said in its nine month report.</p>
<p>-- Belinda Goldsmith, Stockholm newsroom +46-8-700 1045</p>
</text>
<copyright>(c) Reuters Limited 1996</copyright>
<metadata>
<codes class="bip:countries:1.0">
  <code code="SWED">
    <editdetail attribution="Reuters BIP Coding Group" action="confirmed" date="1996-11-04"/>
  </code>
</codes>
<codes class="bip:industries:1.0">
  <code code="I25670">
    <editdetail attribution="Reuters BIP Coding Group" action="confirmed" date="1996-11-04"/>
  </code>
</codes>
<codes class="bip:topics:1.0">
  <code code="C15">
    <editdetail attribution="Reuters BIP Coding Group" action="confirmed" date="1996-11-04"/>
  </code>
  <code code="C151">
    <editdetail attribution="Reuters BIP Coding Group" action="confirmed" date="1996-11-04"/>
  </code>
  <code code="C152">
    <editdetail attribution="Reuters BIP Coding Group" action="confirmed" date="1996-11-04"/>
  </code>
  <code code="CCAT">
    <editdetail attribution="Reuters BIP Coding Group" action="confirmed" date="1996-11-04"/>
  </code>
</codes>
<dc element="dc.date.created" value="1996-11-04"/>
<dc element="dc.publisher" value="Reuters Holdings Plc"/>
<dc element="dc.date.published" value="1996-11-04"/>
<dc element="dc.source" value="Reuters"/>
<dc element="dc.creator.location" value="STOCKHOLM"/>
<dc element="dc.creator.location.country.name" value="SWEDEN"/>
<dc element="dc.source" value="Reuters"/>
</metadata>
</newsitem>
