<?xml version="1.0" encoding="iso-8859-1" ?>
<newsitem itemid="411869" id="root" date="1997-02-28" xml:lang="en">
<title>UK: LB Schleswig-Holstein sets 100 mln stg bond.</title>
<headline>LB Schleswig-Holstein sets 100 mln stg bond.</headline>
<dateline>LONDON 1997-02-28</dateline>
<text>
<p>The following bond was announced by lead manager Hambros Bank.</p>
<p> BORROWER   LANDESBANK SCHLESWIG-HOLSTEIN  LSHG.D</p>
<p> AMT    100 MLN STG   COUPON     6.75	MATURITY    10.APR.00</p>
<p> TYPE	 STRAIGHT  ISS PRICE  100.80    PAY DATE</p>
<p> FULL FEES  1.375     REOFFER    99.625    SPREAD	+27 BP</p>
<p> MOODY	AA1	 LISTING    LUX	 PAY FREQ    =</p>
<p> S&amp;P	  =	   DENOMS (K) 1-10-100  SALE LIMITS US/UK</p>
<p> NEG PLG    NO	  CRS DEFLT  YES	 FORCE MAJ   YES</p>
<p> GOV LAW    ENGLISH   HOME CTRY  GERMANY   TAX PROVS   STANDARD</p>
<p> MGT/UND    0.20	SELL CONC  1.175     PRAECIPUUM  NONE</p>
<p>UNDERLYING GOVT BOND 6.0 PCT GILT DUE AUGUST 1999</p>
</text>
<copyright>(c) Reuters Limited 1997</copyright>
<metadata>
<codes class="bip:countries:1.0">
  <code code="GFR">
    <editdetail attribution="Reuters BIP Coding Group" action="confirmed" date="1997-02-28"/>
  </code>
  <code code="UK">
    <editdetail attribution="Reuters BIP Coding Group" action="confirmed" date="1997-02-28"/>
  </code>
</codes>
<codes class="bip:industries:1.0">
  <code code="I81402">
    <editdetail attribution="Reuters BIP Coding Group" action="confirmed" date="1997-02-28"/>
  </code>
</codes>
<codes class="bip:topics:1.0">
  <code code="C17">
    <editdetail attribution="Reuters BIP Coding Group" action="confirmed" date="1997-02-28"/>
  </code>
  <code code="C172">
    <editdetail attribution="Reuters BIP Coding Group" action="confirmed" date="1997-02-28"/>
  </code>
  <code code="CCAT">
    <editdetail attribution="Reuters BIP Coding Group" action="confirmed" date="1997-02-28"/>
  </code>
</codes>
<dc element="dc.date.created" value="1997-02-28"/>
<dc element="dc.publisher" value="Reuters Holdings Plc"/>
<dc element="dc.date.published" value="1997-02-28"/>
<dc element="dc.source" value="Reuters"/>
<dc element="dc.creator.location" value="LONDON"/>
<dc element="dc.creator.location.country.name" value="UK"/>
<dc element="dc.source" value="Reuters"/>
</metadata>
</newsitem>
