<?xml version="1.0" encoding="iso-8859-1" ?>
<newsitem itemid="740955" id="root" date="1997-07-19" xml:lang="en">
<title>HUNGARY: SOCCER-HUNGARIAN FIRST DIVISION RESULT.</title>
<headline>SOCCER-HUNGARIAN FIRST DIVISION RESULT.</headline>
<dateline>BUDAPEST 1997-07-19</dateline>
<text>
<p>Result of first match of</p>
<p>Hungary's first division soccer championship season (played on</p>
<p>Friday):</p>
<p> BVSC    2   Debrecen   1  (halftime 2-0)</p>
<p>Remaining first round matches to be played later Saturday.</p>
</text>
<copyright>(c) Reuters Limited 1997</copyright>
<metadata>
<codes class="bip:countries:1.0">
  <code code="HUNG">
    <editdetail attribution="Reuters BIP Coding Group" action="confirmed" date="1997-07-19"/>
  </code>
</codes>
<codes class="bip:topics:1.0">
  <code code="GCAT">
    <editdetail attribution="Reuters BIP Coding Group" action="confirmed" date="1997-07-19"/>
  </code>
  <code code="GSPO">
    <editdetail attribution="Reuters BIP Coding Group" action="confirmed" date="1997-07-19"/>
  </code>
</codes>
<dc element="dc.date.created" value="1997-07-19"/>
<dc element="dc.publisher" value="Reuters Holdings Plc"/>
<dc element="dc.date.published" value="1997-07-19"/>
<dc element="dc.source" value="Reuters"/>
<dc element="dc.creator.location" value="BUDAPEST"/>
<dc element="dc.creator.location.country.name" value="HUNGARY"/>
<dc element="dc.source" value="Reuters"/>
</metadata>
</newsitem>
