<?xml version="1.0" encoding="iso-8859-1" ?>
<newsitem itemid="734857" id="root" date="1997-07-17" xml:lang="en">
<title>USA: TABLE-Affiliated Community Bancorp Q2 net.</title>
<headline>TABLE-Affiliated Community Bancorp Q2 net.</headline>
<dateline>WALTHAM, Mass. 1997-07-17</dateline>
<text>
<p>1997			1996</p>
<p> Shr			  $0.44		    $0.37</p>
<p> Net			  2,942		    2,399</p>
<p> Avg shrs		   6,638		    6,417</p>
<p>		     First Half</p>
<p> Shr			  $0.89		    $0.70</p>
<p> Net			  5,879		    4,522</p>
<p> Avg shrs		   6,625		    6,458</p>
<p>(All Data Omits 000s Except Per Share Numbers)</p>
<p>NOTES: Full name is Affiliated Community Bancorp Inc.</p>
<p>Share data reflects 25 percent stock dividend on May 30, 1977.</p>
<p>((-- New York Newsdesk 212 859-1610))</p>
</text>
<copyright>(c) Reuters Limited 1997</copyright>
<metadata>
<codes class="bip:countries:1.0">
  <code code="USA">
    <editdetail attribution="Reuters BIP Coding Group" action="confirmed" date="1997-07-17"/>
  </code>
</codes>
<codes class="bip:industries:1.0">
  <code code="I81402">
    <editdetail attribution="Reuters BIP Coding Group" action="confirmed" date="1997-07-17"/>
  </code>
</codes>
<codes class="bip:topics:1.0">
  <code code="C15">
    <editdetail attribution="Reuters BIP Coding Group" action="confirmed" date="1997-07-17"/>
  </code>
  <code code="C151">
    <editdetail attribution="Reuters BIP Coding Group" action="confirmed" date="1997-07-17"/>
  </code>
  <code code="CCAT">
    <editdetail attribution="Reuters BIP Coding Group" action="confirmed" date="1997-07-17"/>
  </code>
</codes>
<dc element="dc.date.created" value="1997-07-17"/>
<dc element="dc.publisher" value="Reuters Holdings Plc"/>
<dc element="dc.date.published" value="1997-07-17"/>
<dc element="dc.source" value="Reuters"/>
<dc element="dc.creator.location" value="WALTHAM, Mass."/>
<dc element="dc.creator.location.country.name" value="USA"/>
<dc element="dc.source" value="Reuters"/>
</metadata>
</newsitem>
