<?xml version="1.0" encoding="iso-8859-1" ?>
<newsitem itemid="469557" id="root" date="1997-03-26" xml:lang="en">
<title>USA: Eastern Cornbelt hog carcass close - USDA.</title>
<headline>Eastern Cornbelt hog carcass close - USDA.</headline>
<dateline>SPRINGFIELD 1997-03-26</dateline>
<text>
<p>Receipts: Today 38,300, Week Ago: 36,500, Year Ago: 39,100. Trend: UNEVENLY STEADY TO $2.06 LOWER. - USDA</p>
<p>Lean Value Summary for 170-191 lbs Carcasses</p>
<p>Percent  10th Rib	Last Rib     Carcass Cwt</p>
<p>Lean	Backfat	 Backfat     Price Range</p>
<p>45-46%   1.15-1.24&quot;   1.20-1.29&quot;    64.16  68.25</p>
<p>47-48%   1.00-1.14&quot;   1.10-1.19&quot;    66.39  69.16</p>
<p>49-50%    .90- .99&quot;   1.00-1.09&quot;    67.12  70.45</p>
<p>51-52%    .75- .89&quot;    .80- .99&quot;    69.47  73.25</p>
<p>53-54%    .60- .74&quot;    .60- .79&quot;    70.75  75.25</p>
</text>
<copyright>(c) Reuters Limited 1997</copyright>
<metadata>
<codes class="bip:countries:1.0">
  <code code="USA">
    <editdetail attribution="Reuters BIP Coding Group" action="confirmed" date="1997-03-26"/>
  </code>
</codes>
<codes class="bip:topics:1.0">
  <code code="M14">
    <editdetail attribution="Reuters BIP Coding Group" action="confirmed" date="1997-03-26"/>
  </code>
  <code code="M141">
    <editdetail attribution="Reuters BIP Coding Group" action="confirmed" date="1997-03-26"/>
  </code>
  <code code="MCAT">
    <editdetail attribution="Reuters BIP Coding Group" action="confirmed" date="1997-03-26"/>
  </code>
</codes>
<dc element="dc.date.created" value="1997-03-26"/>
<dc element="dc.publisher" value="Reuters Holdings Plc"/>
<dc element="dc.date.published" value="1997-03-26"/>
<dc element="dc.source" value="Reuters"/>
<dc element="dc.creator.location" value="SPRINGFIELD"/>
<dc element="dc.creator.location.country.name" value="USA"/>
<dc element="dc.source" value="Reuters"/>
</metadata>
</newsitem>
