<?xml version="1.0" encoding="iso-8859-1" ?>
<newsitem itemid="311189" id="root" date="1997-01-16" xml:lang="en">
<title>FINLAND: NOKIA ADR OPENS AT $65-1/8 ON WALL STREET.</title>
<headline>NOKIA ADR OPENS AT $65-1/8 ON WALL STREET.</headline>
<dateline>HELSINKI 1997-01-16</dateline>
<text>
<p>Nokia Oy's A share ADR opened up $0-1/4 at $65-1/8 in New York on Thursday.</p>
<p>The price corresponds to about 309.00 markka.</p>
<p>--- Helsinki newsroom +358-9-680 50 235</p>
</text>
<copyright>(c) Reuters Limited 1997</copyright>
<metadata>
<codes class="bip:countries:1.0">
  <code code="FIN">
    <editdetail attribution="Reuters BIP Coding Group" action="confirmed" date="1997-01-16"/>
  </code>
  <code code="USA">
    <editdetail attribution="Reuters BIP Coding Group" action="confirmed" date="1997-01-16"/>
  </code>
</codes>
<codes class="bip:industries:1.0">
  <code code="I34400">
    <editdetail attribution="Reuters BIP Coding Group" action="confirmed" date="1997-01-16"/>
  </code>
</codes>
<codes class="bip:topics:1.0">
  <code code="C15">
    <editdetail attribution="Reuters BIP Coding Group" action="confirmed" date="1997-01-16"/>
  </code>
  <code code="C152">
    <editdetail attribution="Reuters BIP Coding Group" action="confirmed" date="1997-01-16"/>
  </code>
  <code code="CCAT">
    <editdetail attribution="Reuters BIP Coding Group" action="confirmed" date="1997-01-16"/>
  </code>
</codes>
<dc element="dc.date.created" value="1997-01-16"/>
<dc element="dc.publisher" value="Reuters Holdings Plc"/>
<dc element="dc.date.published" value="1997-01-16"/>
<dc element="dc.source" value="Reuters"/>
<dc element="dc.creator.location" value="HELSINKI"/>
<dc element="dc.creator.location.country.name" value="FINLAND"/>
<dc element="dc.source" value="Reuters"/>
</metadata>
</newsitem>
