<?xml version="1.0" encoding="iso-8859-1" ?>
<newsitem itemid="378156" id="root" date="1997-02-14" xml:lang="en">
<title>POLAND: Polish steel sector profit's plunges in 1996.</title>
<headline>Polish steel sector profit's plunges in 1996.</headline>
<dateline>WARSAW 1997-02-14</dateline>
<text>
<p>The Polish steel sector's net profit plunged to 21.5 million zlotys last year from 339.9 million zlotys in 1995, according to a report of the Polish Steel Trade Chamber published on Friday.</p>
<p>The report, in Nowa Europa economic daily, said the industry's gross profit fell to 35.6 million zlotys last year from 740.7 million zlotys in 1995, while sales slightly increased to 12.83 billion zlotys from 12.77 billion zlotys.</p>
<p>The Rzeczpospolita business daily also reported that out of Poland's 20 steel mills, seven suffered net and gross losses last year.</p>
<p>Rzeczpospolita quoted the chamber's president Tadeusz Torz as saying the plunge resulted from smaller demand for steel products last year.</p>
<p>The government has said that Polish steel mills, which have invested about $1 billion in modernisation over the last several years, still need some $2.5 billion over the next three years.</p>
<p>The investment is needed to prepare the industry for foreign competition after Poland lifts barriers protecting the sector around 2000. Analysts say the money can come only from foreign strategic investors.</p>
<p>Last year, the then deputy Treasury Minister Wieslaw Kaczmarek said talks were under way with foreign investors on selling Poland's two largest steel mills --  Huta Katowice SA and  Huta Sedzimira SA.</p>
<p>-- Warsaw Newsroom +48 22 653 9700</p>
</text>
<copyright>(c) Reuters Limited 1997</copyright>
<metadata>
<codes class="bip:countries:1.0">
  <code code="POL">
    <editdetail attribution="Reuters BIP Coding Group" action="confirmed" date="1997-02-14"/>
  </code>
</codes>
<codes class="bip:industries:1.0">
  <code code="I22100">
    <editdetail attribution="Reuters BIP Coding Group" action="confirmed" date="1997-02-14"/>
  </code>
</codes>
<codes class="bip:topics:1.0">
  <code code="C15">
    <editdetail attribution="Reuters BIP Coding Group" action="confirmed" date="1997-02-14"/>
  </code>
  <code code="C151">
    <editdetail attribution="Reuters BIP Coding Group" action="confirmed" date="1997-02-14"/>
  </code>
  <code code="CCAT">
    <editdetail attribution="Reuters BIP Coding Group" action="confirmed" date="1997-02-14"/>
  </code>
</codes>
<dc element="dc.date.created" value="1997-02-14"/>
<dc element="dc.publisher" value="Reuters Holdings Plc"/>
<dc element="dc.date.published" value="1997-02-14"/>
<dc element="dc.source" value="Reuters"/>
<dc element="dc.creator.location" value="WARSAW"/>
<dc element="dc.creator.location.country.name" value="POLAND"/>
<dc element="dc.source" value="Reuters"/>
</metadata>
</newsitem>
