<?xml version="1.0" encoding="iso-8859-1" ?>
<newsitem itemid="556252" id="root" date="1997-05-02" xml:lang="en">
<title>USA: Nebraska fed cattle market quiet, no trade - USDA.</title>
<headline>Nebraska fed cattle market quiet, no trade - USDA.</headline>
<dateline>OMAHA 1997-05-02</dateline>
<text>
<p>Trading on slaughter steers and heifers was quiet Friday following large weekly movement of 109,000, USDA said.</p>
<p>Some buyer inquiry evident, but selling side has already completed their week's work and showlists pretty well depleted. Despite the sessions large sales volume, trade members continue to expect ample available supplies through the coming weeks.</p>
<p>Live basis sales - Equivalent 3 percent shrink delivered and FOB, some FOB 4% shrink. Dressed basis delivered ( paid on hot carcass weights)</p>
<p>Slaughter Steers -  No reported sales.</p>
<p>Slaughter Heifers - No reported sales.</p>
<p>Sales confirmed - None.   For the week - None.</p>
<p>((Chicago newsdesk 312 408 8720))</p>
</text>
<copyright>(c) Reuters Limited 1997</copyright>
<metadata>
<codes class="bip:countries:1.0">
  <code code="USA">
    <editdetail attribution="Reuters BIP Coding Group" action="confirmed" date="1997-05-02"/>
  </code>
</codes>
<codes class="bip:topics:1.0">
  <code code="M14">
    <editdetail attribution="Reuters BIP Coding Group" action="confirmed" date="1997-05-02"/>
  </code>
  <code code="M141">
    <editdetail attribution="Reuters BIP Coding Group" action="confirmed" date="1997-05-02"/>
  </code>
  <code code="MCAT">
    <editdetail attribution="Reuters BIP Coding Group" action="confirmed" date="1997-05-02"/>
  </code>
</codes>
<dc element="dc.date.created" value="1997-05-02"/>
<dc element="dc.publisher" value="Reuters Holdings Plc"/>
<dc element="dc.date.published" value="1997-05-02"/>
<dc element="dc.source" value="Reuters"/>
<dc element="dc.creator.location" value="OMAHA"/>
<dc element="dc.creator.location.country.name" value="USA"/>
<dc element="dc.source" value="Reuters"/>
</metadata>
</newsitem>
