<?xml version="1.0" encoding="iso-8859-1" ?>
<newsitem itemid="539991" id="root" date="1997-04-25" xml:lang="en">
<title>USA: CKF Bancorp Q1 shr $0.21 vs $0.18.</title>
<headline>CKF Bancorp Q1 shr $0.21 vs $0.18.</headline>
<text>
<p>DANVILLE, Ky., April 24 (Reuter)</p>
<p>			1997			1996</p>
<p> Shr		 $0.21		    $0.18</p>
<p> Net		 182			167</p>
<p>(All data above 000s except per share numbers)</p>
<p>NOTE: Total assets as of March 31 were $60.2 million vs $60.0 million December 31, 1996.</p>
</text>
<copyright>(c) Reuters Limited 1997</copyright>
<metadata>
<codes class="bip:countries:1.0">
  <code code="USA">
    <editdetail attribution="Reuters BIP Coding Group" action="confirmed" date="1997-04-25"/>
  </code>
</codes>
<codes class="bip:topics:1.0">
  <code code="C15">
    <editdetail attribution="Reuters BIP Coding Group" action="confirmed" date="1997-04-25"/>
  </code>
  <code code="C151">
    <editdetail attribution="Reuters BIP Coding Group" action="confirmed" date="1997-04-25"/>
  </code>
  <code code="CCAT">
    <editdetail attribution="Reuters BIP Coding Group" action="confirmed" date="1997-04-25"/>
  </code>
</codes>
<dc element="dc.publisher" value="Reuters Holdings Plc"/>
<dc element="dc.date.published" value="1997-04-25"/>
<dc element="dc.source" value="Reuters"/>
<dc element="dc.creator.location.country.name" value="USA"/>
<dc element="dc.source" value="Reuters"/>
</metadata>
</newsitem>
