<?xml version="1.0" encoding="iso-8859-1" ?>
<newsitem itemid="717591" id="root" date="1997-07-09" xml:lang="en">
<title>BELGIUM: EU unemployment unchanged at 10.8 pct in May.</title>
<headline>EU unemployment unchanged at 10.8 pct in May.</headline>
<dateline>BRUSSELS 1997-07-09</dateline>
<text>
<p>Unemployment in the European Union showed no signs of improvement in May, with the rate of joblessness unchanged at 10.8 percent, the same as in the past three months, the EU said on Wednesday.</p>
<p>The latest result compared with a jobless rate of 10.9 percent a year ago and 10.7 percent in May 1995.</p>
<p>The total number of those without work was put at 18.2 million people.</p>
<p>Spain continued to show the highest rate of unemployment at 20.8 percent, while Luxembourg posted the best performance with a jobless rate of only 3.7 percent.</p>
<p>Following are the May figures for the EU's 15 nations:</p>
<p>    Luxembourg	3.7 pct	   Ireland     10.8</p>
<p>    Austria	   4.4		 Sweden	10.9</p>
<p>    Netherlands     n.a.		Italy	 n.a.</p>
<p>    Denmark	   6.2		 France	12.6</p>
<p>    Britain	   6.9		 Finland     n.a.</p>
<p>    Portugal	  7.2		 Spain	 20.8</p>
<p>    Belgium	   9.6		 Greece	n.a.</p>
<p>    Germany	   9.8</p>
<p>-- Brussels newsroom 32 2 287 6830</p>
</text>
<copyright>(c) Reuters Limited 1997</copyright>
<metadata>
<codes class="bip:countries:1.0">
  <code code="EEC">
    <editdetail attribution="Reuters BIP Coding Group" action="confirmed" date="1997-07-09"/>
  </code>
</codes>
<codes class="bip:topics:1.0">
  <code code="E41">
    <editdetail attribution="Reuters BIP Coding Group" action="confirmed" date="1997-07-09"/>
  </code>
  <code code="E411">
    <editdetail attribution="Reuters BIP Coding Group" action="confirmed" date="1997-07-09"/>
  </code>
  <code code="ECAT">
    <editdetail attribution="Reuters BIP Coding Group" action="confirmed" date="1997-07-09"/>
  </code>
  <code code="GCAT">
    <editdetail attribution="Reuters BIP Coding Group" action="confirmed" date="1997-07-09"/>
  </code>
  <code code="GJOB">
    <editdetail attribution="Reuters BIP Coding Group" action="confirmed" date="1997-07-09"/>
  </code>
</codes>
<dc element="dc.date.created" value="1997-07-09"/>
<dc element="dc.publisher" value="Reuters Holdings Plc"/>
<dc element="dc.date.published" value="1997-07-09"/>
<dc element="dc.source" value="Reuters"/>
<dc element="dc.creator.location" value="BRUSSELS"/>
<dc element="dc.creator.location.country.name" value="BELGIUM"/>
<dc element="dc.source" value="Reuters"/>
</metadata>
</newsitem>
