<?xml version="1.0" encoding="iso-8859-1" ?>
<newsitem itemid="248330" id="root" date="1996-12-11" xml:lang="en">
<title>USA: USAir plane makes emergency landing.</title>
<headline>USAir plane makes emergency landing.</headline>
<dateline>CHARLOTTE, N.C. 1996-12-11</dateline>
<text>
<p>A USAir Group Inc plane made an emergency landing in Indiana on Wednesday due to a possible fire, a spokesman said.</p>
<p>None of the 171 passengers aboard the Boeing Co 757 aircraft travelling from Phoenix to Pittsburgh were injured.</p>
<p>&quot;(The plane) had indications of a problem,&quot; said spokesman Paul Turk, adding that it &quot;diverted with possible fire.&quot;</p>
<p>He could not confirm reports by cable television station MSNBC that smoke was in the back of the plane.  </p>
<p>Flight 158 was at the gate in Terre Haute, Ind., for inspection, said Turk of Arlington, Va.-based USAir.</p>
<p>&quot;Whatever (the problem) was, it was over when they got down on the ground,&quot; Turk said.</p>
</text>
<copyright>(c) Reuters Limited 1996</copyright>
<metadata>
<codes class="bip:countries:1.0">
  <code code="USA">
    <editdetail attribution="Reuters BIP Coding Group" action="confirmed" date="1996-12-11"/>
  </code>
</codes>
<codes class="bip:industries:1.0">
  <code code="I75000">
    <editdetail attribution="Reuters BIP Coding Group" action="confirmed" date="1996-12-11"/>
  </code>
</codes>
<codes class="bip:topics:1.0">
  <code code="CCAT">
    <editdetail attribution="Reuters BIP Coding Group" action="confirmed" date="1996-12-11"/>
  </code>
  <code code="GCAT">
    <editdetail attribution="Reuters BIP Coding Group" action="confirmed" date="1996-12-11"/>
  </code>
  <code code="GDIS">
    <editdetail attribution="Reuters BIP Coding Group" action="confirmed" date="1996-12-11"/>
  </code>
</codes>
<dc element="dc.date.created" value="1996-12-11"/>
<dc element="dc.publisher" value="Reuters Holdings Plc"/>
<dc element="dc.date.published" value="1996-12-11"/>
<dc element="dc.source" value="Reuters"/>
<dc element="dc.creator.location" value="CHARLOTTE, N.C."/>
<dc element="dc.creator.location.country.name" value="USA"/>
<dc element="dc.source" value="Reuters"/>
</metadata>
</newsitem>
