<?xml version="1.0" encoding="iso-8859-1" ?>
<newsitem itemid="371892" id="root" date="1997-02-12" xml:lang="en">
<title>SOUTH AFRICA: Tiger Wheels lifts half yr shr 39 percent.</title>
<headline>Tiger Wheels lifts half yr shr 39 percent.</headline>
<dateline>JOHANNESBURG 1997-02-12</dateline>
<text>
<p>Half year ended December 31</p>
<p>			(million rand unless stated)</p>
<p>    Shr, attrib (cts)  28.8	   vs   20.7</p>
<p>    Attrib income	13.17	  vs    8.47</p>
<p>    Pre-tax		17.49	  vs   11.02</p>
<p>    Tax		     4.55	  vs    2.76</p>
<p>    Interest paid	 0.78 (gain) vs    1.95 (paid)</p>
<p>    Turnover	    208.26	  vs  166.13</p>
<p>Full name: Tiger Wheels Ltd</p>
<p>NOTE - The company said it was cautiously optimistic that its performance levels could be maintained for the remainder of the current financial year, provided no unforeseen circumstances arose. The group pays dividends at year-end.</p>
<p>-- Johannesburg newsroom +27 11 482 1003</p>
</text>
<copyright>(c) Reuters Limited 1997</copyright>
<metadata>
<codes class="bip:countries:1.0">
  <code code="SAFR">
    <editdetail attribution="Reuters BIP Coding Group" action="confirmed" date="1997-02-12"/>
  </code>
</codes>
<codes class="bip:industries:1.0">
  <code code="I48110">
    <editdetail attribution="Reuters BIP Coding Group" action="confirmed" date="1997-02-12"/>
  </code>
</codes>
<codes class="bip:topics:1.0">
  <code code="C15">
    <editdetail attribution="Reuters BIP Coding Group" action="confirmed" date="1997-02-12"/>
  </code>
  <code code="C151">
    <editdetail attribution="Reuters BIP Coding Group" action="confirmed" date="1997-02-12"/>
  </code>
  <code code="CCAT">
    <editdetail attribution="Reuters BIP Coding Group" action="confirmed" date="1997-02-12"/>
  </code>
</codes>
<dc element="dc.date.created" value="1997-02-12"/>
<dc element="dc.publisher" value="Reuters Holdings Plc"/>
<dc element="dc.date.published" value="1997-02-12"/>
<dc element="dc.source" value="Reuters"/>
<dc element="dc.creator.location" value="JOHANNESBURG"/>
<dc element="dc.creator.location.country.name" value="SOUTH AFRICA"/>
<dc element="dc.source" value="Reuters"/>
</metadata>
</newsitem>
