<?xml version="1.0" encoding="iso-8859-1" ?>
<newsitem itemid="551539" id="root" date="1997-04-30" xml:lang="en">
<title>USA: Weingarten Realty Investors Q1 FFO shr up.</title>
<headline>Weingarten Realty Investors Q1 FFO shr up.</headline>
<dateline>HOUSTON 1997-04-29</dateline>
<text>
<p>Three months ended</p>
<p>							    March 31,</p>
<p>						  1997		   1996</p>
<p> Total Revenue				41,673	     36,762</p>
<p>  Total Expense			     28,946	     24,633</p>
<p> Income from Operations		   12,727	     12,129</p>
<p> Gain on Sale				     49		  496</p>
<p> Net Income				   12,776	     12,625</p>
<p> Funds from Operations		    21,920	     20,151</p>
<p>Per Share:</p>
<p> Net Income				     $.48		 $.48</p>
<p> Funds from Operations			$.82		 $.76</p>
<p>Weighted Average Number of Shares</p>
<p>   Outstanding				26,589	     26,547</p>
</text>
<copyright>(c) Reuters Limited 1997</copyright>
<metadata>
<codes class="bip:countries:1.0">
  <code code="USA">
    <editdetail attribution="Reuters BIP Coding Group" action="confirmed" date="1997-04-30"/>
  </code>
</codes>
<codes class="bip:industries:1.0">
  <code code="I85000">
    <editdetail attribution="Reuters BIP Coding Group" action="confirmed" date="1997-04-30"/>
  </code>
</codes>
<codes class="bip:topics:1.0">
  <code code="C15">
    <editdetail attribution="Reuters BIP Coding Group" action="confirmed" date="1997-04-30"/>
  </code>
  <code code="C151">
    <editdetail attribution="Reuters BIP Coding Group" action="confirmed" date="1997-04-30"/>
  </code>
  <code code="CCAT">
    <editdetail attribution="Reuters BIP Coding Group" action="confirmed" date="1997-04-30"/>
  </code>
</codes>
<dc element="dc.date.created" value="1997-04-29"/>
<dc element="dc.publisher" value="Reuters Holdings Plc"/>
<dc element="dc.date.published" value="1997-04-30"/>
<dc element="dc.source" value="Reuters"/>
<dc element="dc.creator.location" value="HOUSTON"/>
<dc element="dc.creator.location.country.name" value="USA"/>
<dc element="dc.source" value="Reuters"/>
</metadata>
</newsitem>
