<?xml version="1.0" encoding="iso-8859-1" ?>
<newsitem itemid="638262" id="root" date="1997-06-04" xml:lang="en">
<title>AUSTRIA: Austrian insolvencies fall sharply in Jan-May 1997.</title>
<headline>Austrian insolvencies fall sharply in Jan-May 1997.</headline>
<dateline>VIENNA 1997-06-04</dateline>
<text>
<p>The number of Austrian insolvencies and the liabilities of insolvent firms declined drastically in the first five months of the year, the Austrian creditor protection agency said on Wednesday.</p>
<p>Liabilities fell to 12.9 billion schillings from 34.5 billion in the same period last year, the agency said in a statement. The overall number of insolvencies declined to 1,991 from 2,489 in the year-ago period, it added. -- Vienna newsroom, +431 53112 274</p>
</text>
<copyright>(c) Reuters Limited 1997</copyright>
<metadata>
<codes class="bip:countries:1.0">
  <code code="AUST">
    <editdetail attribution="Reuters BIP Coding Group" action="confirmed" date="1997-06-04"/>
  </code>
</codes>
<codes class="bip:topics:1.0">
  <code code="C16">
    <editdetail attribution="Reuters BIP Coding Group" action="confirmed" date="1997-06-04"/>
  </code>
  <code code="CCAT">
    <editdetail attribution="Reuters BIP Coding Group" action="confirmed" date="1997-06-04"/>
  </code>
  <code code="ECAT">
    <editdetail attribution="Reuters BIP Coding Group" action="confirmed" date="1997-06-04"/>
  </code>
</codes>
<dc element="dc.date.created" value="1997-06-04"/>
<dc element="dc.publisher" value="Reuters Holdings Plc"/>
<dc element="dc.date.published" value="1997-06-04"/>
<dc element="dc.source" value="Reuters"/>
<dc element="dc.creator.location" value="VIENNA"/>
<dc element="dc.creator.location.country.name" value="AUSTRIA"/>
<dc element="dc.source" value="Reuters"/>
</metadata>
</newsitem>
