<?xml version="1.0" encoding="iso-8859-1" ?>
<newsitem itemid="370209" id="root" date="1997-02-11" xml:lang="en">
<title>USA: Richmond Fed--Jan manufacturing, services indexes.</title>
<headline>Richmond Fed--Jan manufacturing, services indexes.</headline>
<dateline>WASHINGTON 1997-02-11</dateline>
<text>
<p>Federal Reserve Bank of Richmond indexes monitoring manufacturing and service-sector</p>
<p>activity in January.</p>
<p> MANUFACTURING SURVEY     Jan	     Dec</p>
<p>  Shipments		    -9		-2</p>
<p>  New Orders		    3		 2</p>
<p>  Backlog Orders		0	     -11</p>
<p>  Number of Employees	-7		-7</p>
<p>  Average workweek	   -6	     -16</p>
<p>  Prices received	  0.07	   -0.29</p>
<p>  Prices paid		0.53	   -0.10</p>
<p> SERVICES SURVEY	    Jan	     Dec</p>
<p>  Service revenues	   12		 5</p>
<p>  Number of Employees	 1		 1</p>
<p>  Service wage		 24		26</p>
<p>  Retail revenues	     0		11</p>
<p>  Retail employees	  -12		10</p>
<p>  Retail wage		  12		28</p>
<p>  Shopper traffic	     0	     -11</p>
<p>The increase in the services-sector revenues index was not typical for January.</p>
<p>&quot;For the past three years, the average change in the index of service-sector revenues has been a 30-point decline from December to January,&quot; the Richmond Fed said in its survey. &quot;However, this January the index rose seven points.&quot;  </p>
<p>Richmond Federal Reserve economist Raymond Owens said respondents to the surveys reported &quot;very modest&quot; price rises but no significant price pressures.</p>
<p>&quot;Respondents to these surveys have been reporting very modest price increases for some time now, perhaps too modest in the context of what we see in the real world,&quot; Owens said in an interview with Reuters Financial Television.</p>
<p>&quot;But nevertheless their predictions of very modest price increases month-to-month do perhaps mimic what we see in the overall in the economy rather well,&quot; he added. &quot;At this point they are not reporting any significant increase in price pressures.&quot;</p>
</text>
<copyright>(c) Reuters Limited 1997</copyright>
<metadata>
<codes class="bip:countries:1.0">
  <code code="USA">
    <editdetail attribution="Reuters BIP Coding Group" action="confirmed" date="1997-02-11"/>
  </code>
</codes>
<codes class="bip:topics:1.0">
  <code code="E31">
    <editdetail attribution="Reuters BIP Coding Group" action="confirmed" date="1997-02-11"/>
  </code>
  <code code="E311">
    <editdetail attribution="Reuters BIP Coding Group" action="confirmed" date="1997-02-11"/>
  </code>
  <code code="E71">
    <editdetail attribution="Reuters BIP Coding Group" action="confirmed" date="1997-02-11"/>
  </code>
  <code code="ECAT">
    <editdetail attribution="Reuters BIP Coding Group" action="confirmed" date="1997-02-11"/>
  </code>
</codes>
<dc element="dc.date.created" value="1997-02-11"/>
<dc element="dc.publisher" value="Reuters Holdings Plc"/>
<dc element="dc.date.published" value="1997-02-11"/>
<dc element="dc.source" value="Reuters"/>
<dc element="dc.creator.location" value="WASHINGTON"/>
<dc element="dc.creator.location.country.name" value="USA"/>
<dc element="dc.source" value="Reuters"/>
</metadata>
</newsitem>
