<?xml version="1.0" encoding="iso-8859-1" ?>
<newsitem itemid="179043" id="root" date="1996-11-11" xml:lang="en">
<title>USA: AutoZone's Hanemann retiring.</title>
<headline>AutoZone's Hanemann retiring.</headline>
<dateline>MEMPHIS 1996-11-08</dateline>
<text>
<p>AutoZone Inc said president Thomas Hanemann, 59, plans to retire from the company.</p>
<p>Mr. Hanemann's retirement will be effective at the company's annual meeting, December 12, but he will remain on the company's board of directors.</p>
<p>AutoZone said vice chairman and chief operating officer, Johnston Adams Jr, 48, will become president and chief operating officer at the December 12 board meeting.</p>
<p>Adams will assume Hanemann's responsibilities for exploring the company's opportunities to expand internationally, according to the company.</p>
</text>
<copyright>(c) Reuters Limited 1996</copyright>
<metadata>
<codes class="bip:countries:1.0">
  <code code="USA">
    <editdetail attribution="Reuters BIP Coding Group" action="confirmed" date="1996-11-11"/>
  </code>
</codes>
<codes class="bip:industries:1.0">
  <code code="I65400">
    <editdetail attribution="Reuters BIP Coding Group" action="confirmed" date="1996-11-11"/>
  </code>
</codes>
<codes class="bip:topics:1.0">
  <code code="C41">
    <editdetail attribution="Reuters BIP Coding Group" action="confirmed" date="1996-11-11"/>
  </code>
  <code code="C411">
    <editdetail attribution="Reuters BIP Coding Group" action="confirmed" date="1996-11-11"/>
  </code>
  <code code="CCAT">
    <editdetail attribution="Reuters BIP Coding Group" action="confirmed" date="1996-11-11"/>
  </code>
</codes>
<dc element="dc.date.created" value="1996-11-08"/>
<dc element="dc.publisher" value="Reuters Holdings Plc"/>
<dc element="dc.date.published" value="1996-11-11"/>
<dc element="dc.source" value="Reuters"/>
<dc element="dc.creator.location" value="MEMPHIS"/>
<dc element="dc.creator.location.country.name" value="USA"/>
<dc element="dc.source" value="Reuters"/>
</metadata>
</newsitem>
