<?xml version="1.0" encoding="iso-8859-1" ?>
<newsitem itemid="672240" id="root" date="1997-06-19" xml:lang="en">
<title>UK: Hong Kong stocks firm in London as FTSE rebounds.</title>
<headline>Hong Kong stocks firm in London as FTSE rebounds.</headline>
<dateline>LONDON 1997-06-19</dateline>
<text>
<p>Hong Kong shares were generally firmer in London on Thursday as UK's FTSE 100 recouped most of its early losses, dealers said.</p>
<p>AT 1522 GMT, the Hang Seng London Reference Index was up 61.19 points to 14,567.68, led by gains in HSBC Holdings, which was up about HK$1.50 from the Hong Kong close, they said.</p>
<p>&quot;The banks are stronger in general, but we're seeing most of the interest in Hong Kong bank (HSBC),&quot; a dealer said.</p>
<p>In Hong Kong, the Hang Seng index jumped 302.60 points, or 2.13 percent, to 14,506.49.</p>
</text>
<copyright>(c) Reuters Limited 1997</copyright>
<metadata>
<codes class="bip:countries:1.0">
  <code code="UK">
    <editdetail attribution="Reuters BIP Coding Group" action="confirmed" date="1997-06-19"/>
  </code>
</codes>
<codes class="bip:topics:1.0">
  <code code="M11">
    <editdetail attribution="Reuters BIP Coding Group" action="confirmed" date="1997-06-19"/>
  </code>
  <code code="MCAT">
    <editdetail attribution="Reuters BIP Coding Group" action="confirmed" date="1997-06-19"/>
  </code>
</codes>
<dc element="dc.date.created" value="1997-06-19"/>
<dc element="dc.publisher" value="Reuters Holdings Plc"/>
<dc element="dc.date.published" value="1997-06-19"/>
<dc element="dc.source" value="Reuters"/>
<dc element="dc.creator.location" value="LONDON"/>
<dc element="dc.creator.location.country.name" value="UK"/>
<dc element="dc.source" value="Reuters"/>
</metadata>
</newsitem>
