<?xml version="1.0" encoding="iso-8859-1" ?>
<newsitem itemid="33514" id="root" date="1996-09-04" xml:lang="en">
<title>JAPAN: Hokuetsu Paper sets terms on straight bond.</title>
<headline>Hokuetsu Paper sets terms on straight bond.</headline>
<dateline>TOKYO 1996-09-04</dateline>
<text>
<p>BORROWER - Hokuetsu Paper Mills Ltd</p>
<p> LEAD MGR - DKB Securities Co Ltd</p>
<p> FISCAL AGENT - Dai-Ichi Kangyo Bank Ltd</p>
<p> TYPE straight bond   ISSUE NO   12	 AMT   10 bln yen</p>
<p> COUPON 2.75%	   ISS PRICE  100.00   MATURITY 30.Sep.02</p>
<p> LAST MOODY	     PAY DATE 30.Sep.96  INT PAY 30th Mar/Sep</p>
<p> LAST S&amp;P		 SIGN DATE	     SUB DATE 4.Sep</p>
<p> LAST JCR   A-	  LAST JBRI	     LAST NIS   A-</p>
</text>
<copyright>(c) Reuters Limited 1996</copyright>
<metadata>
<codes class="bip:countries:1.0">
  <code code="JAP">
    <editdetail attribution="Reuters BIP Coding Group" action="confirmed" date="1996-09-04"/>
  </code>
</codes>
<codes class="bip:industries:1.0">
  <code code="I47100">
    <editdetail attribution="Reuters BIP Coding Group" action="confirmed" date="1996-09-04"/>
  </code>
</codes>
<codes class="bip:topics:1.0">
  <code code="C17">
    <editdetail attribution="Reuters BIP Coding Group" action="confirmed" date="1996-09-04"/>
  </code>
  <code code="C172">
    <editdetail attribution="Reuters BIP Coding Group" action="confirmed" date="1996-09-04"/>
  </code>
  <code code="CCAT">
    <editdetail attribution="Reuters BIP Coding Group" action="confirmed" date="1996-09-04"/>
  </code>
</codes>
<dc element="dc.date.created" value="1996-09-04"/>
<dc element="dc.publisher" value="Reuters Holdings Plc"/>
<dc element="dc.date.published" value="1996-09-04"/>
<dc element="dc.source" value="Reuters"/>
<dc element="dc.creator.location" value="TOKYO"/>
<dc element="dc.creator.location.country.name" value="JAPAN"/>
<dc element="dc.source" value="Reuters"/>
</metadata>
</newsitem>
