<?xml version="1.0" encoding="iso-8859-1" ?>
<newsitem itemid="112502" id="root" date="1996-10-12" xml:lang="en">
<title>USA: UNITED STATES GOVERNMENT LIST.</title>
<headline>UNITED STATES GOVERNMENT LIST.</headline>
<text>
<p>UNITED STATES GOVERNMENT LIST (961012)</p>
<p>  ************************************************************</p>
<p>  * 5 Nov 96 - Presidential elections.			     *</p>
<p>  ************************************************************</p>
<p>				 - - - - - - -</p>
<p>  President (Sworn in 20 January 1993)............Bill CLINTON</p>
<p>  Vice President...................................Albert GORE</p>
<p>				 - - - - - - -</p>
<p>DEMOCRATIC PARTY GOVERNMENT (Jan 20 1993):</p>
<p>CABINET SECRETARIES:</p>
<p>  Agriculture.....................................Dan GLICKMAN</p>
<p>  Ambassador to the United Nations..........Madeleine ALBRIGHT</p>
<p>  Attorney General..................................Janet RENO</p>
<p>  Commerce.......................................Mickey KANTOR</p>
<p>  Defence........................................William PERRY</p>
<p>  Director of the Environmental</p>
<p>     Protection Agency...........................Carol BROWNER</p>
<p>  Director of the Office of Management</p>
<p>     &amp; Budget..................................Franklin RAINES</p>
<p>  Education......................................Richard RILEY</p>
<p>  Energy.........................................Hazel O'LEARY</p>
<p>  Health &amp; Human Services........................Donna SHALALA</p>
<p>  Housing &amp; Urban Development...................Henry CISNEROS</p>
<p>  Interior.......................................Bruce BABBITT</p>
<p>  Labour..........................................Robert REICH</p>
<p>  State.....................................Warren CHRISTOPHER</p>
<p>  Trade Representative (Acting)............Charlene BARSHEFSKY</p>
<p>  Transportation.................................Federico PENA</p>
<p>  Treasury........................................Robert RUBIN</p>
<p>  Veteran Affairs..................................Jesse BROWN</p>
<p>				 - - - - - -</p>
<p>OTHER SENIOR POSITIONS:</p>
<p>  Director of the Central Intelligence</p>
<p>     Agency (CIA)..................................John DEUTCH</p>
<p>  Head of the National Economic Council............Laura TYSON</p>
<p>  National Security Adviser.......................Anthony LAKE</p>
<p>  White House Chief of Staff......................Leon PANETTA</p>
<p>  White House Press Secretary.....................Mike McCURRY</p>
<p>				 - - - - - -</p>
<p>  Chairman of Federal Reserve Board.............Alan GREENSPAN</p>
<p>President of New York Federal Reserve</p>
<p>     Bank.................................William J. MCDONOUGH</p>
<p>				 - - - - - -</p>
<p>	 NOTE: Any comments/queries on the content of this</p>
<p>		 government list, please contact the Reuter</p>
<p>		 Editorial Reference Unit, London, on (171) 542</p>
<p>		 7968.</p>
<p>			  (End Government List)</p>
</text>
<copyright>(c) Reuters Limited 1996</copyright>
<metadata>
<codes class="bip:countries:1.0">
  <code code="USA">
    <editdetail attribution="Reuters BIP Coding Group" action="confirmed" date="1996-10-12"/>
  </code>
</codes>
<codes class="bip:topics:1.0">
  <code code="GCAT">
    <editdetail attribution="Reuters BIP Coding Group" action="confirmed" date="1996-10-12"/>
  </code>
  <code code="GPOL">
    <editdetail attribution="Reuters BIP Coding Group" action="confirmed" date="1996-10-12"/>
  </code>
</codes>
<dc element="dc.publisher" value="Reuters Holdings Plc"/>
<dc element="dc.date.published" value="1996-10-12"/>
<dc element="dc.source" value="Reuters"/>
<dc element="dc.creator.location.country.name" value="USA"/>
<dc element="dc.source" value="Reuters"/>
</metadata>
</newsitem>
