<?xml version="1.0" encoding="iso-8859-1" ?>
<newsitem itemid="313003" id="root" date="1997-01-16" xml:lang="en">
<title>UK: BOE gives money mkt 250 mln stg help at set rates.</title>
<headline>BOE gives money mkt 250 mln stg help at set rates.</headline>
<dateline>LONDON 1997-01-16</dateline>
<text>
<p>The Bank of England said that it provided the UK money market with 250 million stg of assistance at established interest rates.</p>
<p>			    EARLY	1200 GMT   1400 GMT   LATE</p>
<p> FORECAST SHORTAGE    1.0 BLN    =	    =	    =</p>
<p> CUMULATIVE SUPPLY    250 MLN    =	    =	    =</p>
<p>DETAILS</p>
<p> BILL/FRG TO FEB 3    250 MLN!</p>
<p>! INTEREST RATE OF 5-31/32 PCT(INDICATES UNCHANGED BASE RATES)</p>
</text>
<copyright>(c) Reuters Limited 1997</copyright>
<metadata>
<codes class="bip:countries:1.0">
  <code code="UK">
    <editdetail attribution="Reuters BIP Coding Group" action="confirmed" date="1997-01-16"/>
  </code>
</codes>
<codes class="bip:topics:1.0">
  <code code="M13">
    <editdetail attribution="Reuters BIP Coding Group" action="confirmed" date="1997-01-16"/>
  </code>
  <code code="M131">
    <editdetail attribution="Reuters BIP Coding Group" action="confirmed" date="1997-01-16"/>
  </code>
  <code code="MCAT">
    <editdetail attribution="Reuters BIP Coding Group" action="confirmed" date="1997-01-16"/>
  </code>
</codes>
<dc element="dc.date.created" value="1997-01-16"/>
<dc element="dc.publisher" value="Reuters Holdings Plc"/>
<dc element="dc.date.published" value="1997-01-16"/>
<dc element="dc.source" value="Reuters"/>
<dc element="dc.creator.location" value="LONDON"/>
<dc element="dc.creator.location.country.name" value="UK"/>
<dc element="dc.source" value="Reuters"/>
</metadata>
</newsitem>
