<?xml version="1.0" encoding="iso-8859-1" ?>
<newsitem itemid="687955" id="root" date="1997-06-25" xml:lang="en">
<title>SOUTH KOREA: Dainong, Midopa shrs hit limit high.</title>
<headline>Dainong, Midopa shrs hit limit high.</headline>
<dateline>SEOUL 1997-06-25</dateline>
<text>
<p>South Korea's Dainong Corp and Midopa Department Store went limit up in early Wednesday trading on news that its parent Dainong Group had agreed to cede management rights of both firms, brokers said.</p>
<p>Dainong was also the most heavily trading stock of the morning with 237,730 shares changing hands.  </p>
<p>Dainong shares surged to the daily limit high of 3,440 won, up 250 won, while Midopa stocks rose to 8,200 won, up 600.</p>
<p>&quot;Investors are buying up the shares of Dainong and Midopa on news that they'll be able to get the emergency loans,&quot; said Koh Kyung-bae of Hyundai Securities.</p>
<p>However, brokers said the rally was unlikely to continue long.</p>
<p>&quot;They could slip back as early as in the afternoon,&quot; Koh said. --Seoul Newsroom (822) 727 5643</p>
</text>
<copyright>(c) Reuters Limited 1997</copyright>
<metadata>
<codes class="bip:countries:1.0">
  <code code="SKOREA">
    <editdetail attribution="Reuters BIP Coding Group" action="confirmed" date="1997-06-25"/>
  </code>
</codes>
<codes class="bip:industries:1.0">
  <code code="I65600">
    <editdetail attribution="Reuters BIP Coding Group" action="confirmed" date="1997-06-25"/>
  </code>
  <code code="I6560002">
    <editdetail attribution="Reuters BIP Coding Group" action="confirmed" date="1997-06-25"/>
  </code>
</codes>
<codes class="bip:topics:1.0">
  <code code="C11">
    <editdetail attribution="Reuters BIP Coding Group" action="confirmed" date="1997-06-25"/>
  </code>
  <code code="C15">
    <editdetail attribution="Reuters BIP Coding Group" action="confirmed" date="1997-06-25"/>
  </code>
  <code code="C152">
    <editdetail attribution="Reuters BIP Coding Group" action="confirmed" date="1997-06-25"/>
  </code>
  <code code="CCAT">
    <editdetail attribution="Reuters BIP Coding Group" action="confirmed" date="1997-06-25"/>
  </code>
</codes>
<dc element="dc.date.created" value="1997-06-25"/>
<dc element="dc.publisher" value="Reuters Holdings Plc"/>
<dc element="dc.date.published" value="1997-06-25"/>
<dc element="dc.source" value="Reuters"/>
<dc element="dc.creator.location" value="SEOUL"/>
<dc element="dc.creator.location.country.name" value="SOUTH KOREA"/>
<dc element="dc.source" value="Reuters"/>
</metadata>
</newsitem>
