<?xml version="1.0" encoding="iso-8859-1" ?>
<newsitem itemid="339724" id="root" date="1997-01-29" xml:lang="en">
<title>USA: First Industrial Realty portfolio grows.</title>
<headline>First Industrial Realty portfolio grows.</headline>
<dateline>CHICAGO 1997-01-29</dateline>
<text>
<p>First Industrial Realty Trust Inc said Wednesday its in-service portfolio grew 45 percent in 1996 through acquisitions and investments worth $267 million.</p>
<p>First Industrial said it added 112 properties to its portfolio last year with a total of 10.4 million square feet of space. The company added it has eight development and redevelopment projects under way in 1997.</p>
<p>First Industrial is a real estate company that owns and develops bulk warehouse and light industrial properties in 15 major U.S. markets.</p>
<p>Its shares were trading down 1/4 Wednesday at 29-3/4.</p>
<p>((Chicago newsdesk (312) 408-8787))</p>
</text>
<copyright>(c) Reuters Limited 1997</copyright>
<metadata>
<codes class="bip:countries:1.0">
  <code code="USA">
    <editdetail attribution="Reuters BIP Coding Group" action="confirmed" date="1997-01-29"/>
  </code>
</codes>
<codes class="bip:industries:1.0">
  <code code="I81502">
    <editdetail attribution="Reuters BIP Coding Group" action="confirmed" date="1997-01-29"/>
  </code>
  <code code="I8150206">
    <editdetail attribution="Reuters BIP Coding Group" action="confirmed" date="1997-01-29"/>
  </code>
</codes>
<codes class="bip:topics:1.0">
  <code code="C15">
    <editdetail attribution="Reuters BIP Coding Group" action="confirmed" date="1997-01-29"/>
  </code>
  <code code="C151">
    <editdetail attribution="Reuters BIP Coding Group" action="confirmed" date="1997-01-29"/>
  </code>
  <code code="CCAT">
    <editdetail attribution="Reuters BIP Coding Group" action="confirmed" date="1997-01-29"/>
  </code>
</codes>
<dc element="dc.date.created" value="1997-01-29"/>
<dc element="dc.publisher" value="Reuters Holdings Plc"/>
<dc element="dc.date.published" value="1997-01-29"/>
<dc element="dc.source" value="Reuters"/>
<dc element="dc.creator.location" value="CHICAGO"/>
<dc element="dc.creator.location.country.name" value="USA"/>
<dc element="dc.source" value="Reuters"/>
</metadata>
</newsitem>
