<?xml version="1.0" encoding="iso-8859-1" ?>
<newsitem itemid="788312" id="root" date="1997-08-08" xml:lang="en">
<title>USA: TABLE-Barringer Technologies Q2 net rises.</title>
<headline>TABLE-Barringer Technologies Q2 net rises.</headline>
<dateline>MURRAY HILL, N.J. 1997-08-07</dateline>
<text>
<p>Barringer Technologies Inc</p>
<p>			Consolidated statement of income</p>
<p>	    (In thousands, except share and per share data)</p>
<p>				(Unaudited)</p>
<p>				 Three months ended  Six months ended</p>
<p>						 June 30,	June 30,</p>
<p>					1997	  1996   1997    1996</p>
<p> Revenues			$ 5,816     $ 2,658$ 9,438 $ 5,012</p>
<p> Net income			1,415	   375  2,260     564</p>
<p> Preferred stock dividends	 3	    24	6	24</p>
<p>Primary earnings per</p>
<p>   common share		   0.22	  0.10   0.36    0.16</p>
<p>Fully diluted earnings</p>
<p>   per common share	     0.22	  0.10   0.35    0.15</p>
<p>Weighted average common and</p>
<p>common equivalent shares:</p>
<p> Primary			   6,297	 3,489  6,176   3,483</p>
<p> Fully diluted		   6,418	 3,489  6,388   3,854</p>
<p>NOTE: Net income for the 1997 three- and six-month periods, include net tax benefits of $56 and $131, respectively.</p>
<p>Source:  Barringer Technologies Inc</p>
<p>-- New York Newsdesk 212 859-1610</p>
</text>
<copyright>(c) Reuters Limited 1997</copyright>
<metadata>
<codes class="bip:countries:1.0">
  <code code="USA">
    <editdetail attribution="Reuters BIP Coding Group" action="confirmed" date="1997-08-08"/>
  </code>
</codes>
<codes class="bip:industries:1.0">
  <code code="I34420">
    <editdetail attribution="Reuters BIP Coding Group" action="confirmed" date="1997-08-08"/>
  </code>
</codes>
<codes class="bip:topics:1.0">
  <code code="C15">
    <editdetail attribution="Reuters BIP Coding Group" action="confirmed" date="1997-08-08"/>
  </code>
  <code code="C151">
    <editdetail attribution="Reuters BIP Coding Group" action="confirmed" date="1997-08-08"/>
  </code>
  <code code="CCAT">
    <editdetail attribution="Reuters BIP Coding Group" action="confirmed" date="1997-08-08"/>
  </code>
</codes>
<dc element="dc.date.created" value="1997-08-07"/>
<dc element="dc.publisher" value="Reuters Holdings Plc"/>
<dc element="dc.date.published" value="1997-08-08"/>
<dc element="dc.source" value="Reuters"/>
<dc element="dc.creator.location" value="MURRAY HILL, N.J."/>
<dc element="dc.creator.location.country.name" value="USA"/>
<dc element="dc.source" value="Reuters"/>
</metadata>
</newsitem>
