<?xml version="1.0" encoding="iso-8859-1" ?>
<newsitem itemid="455633" id="root" date="1997-03-20" xml:lang="en">
<title>VENEZUELA: GOVERNMENT LIST.</title>
<headline>GOVERNMENT LIST.</headline>
<text>
<p>VENEZUELA GOVERNMENT LIST (970320)</p>
<p>President (Sworn in 2 Feb 94)...Rafael CALDERA</p>
<p>				   - - - - - - -</p>
<p>CABINET (Formed 2 Feb 94, Reshuffled 20 Mar 97)</p>
<p>MINISTERS:</p>
<p> Agriculture......Raul ALLEGRETT</p>
<p> Decentralization........Jose Guillermo ANDUEZA</p>
<p> Defence..............Gen. Pedro VALENCIA Vivas</p>
<p> Education......Antonio Luis CARDENAS Colmenter</p>
<p>Energy &amp; Mines....Erwin ARRIETA</p>
<p> Environment.............Rafael MARTINEZ Monroe</p>
<p>Family..Carlos ALTIMARI Gasperi</p>
<p>Finance..Luis Raul MATOS Azocar</p>
<p> Foreign.............Miguel Angel BURELLI Rivas</p>
<p> Governor of Caracas..........Abdon VIVAS Teran</p>
<p> Health.........Jose FELIX Oleta</p>
<p> Interior................Jose Guillermo ANDUEZA</p>
<p> Justice........Hilarion CARDOZO</p>
<p> Labour................Maria BERNADONI de Gobea</p>
<p> Presidential Secretariat.......Asdrubal AGUIAR</p>
<p>Privatisation.....See Ministers of State,</p>
<p>			 Venezuelan Investment Fund (privatizations)</p>
<p> Trade &amp; Industry............Freddy ROJAS Parra</p>
<p> Transport...............Moises OROZCO Graterol</p>
<p>Urban Development...Julio MARTI</p>
<p>				   - - - - - - -</p>
<p>MINISTERS OF STATE:</p>
<p>Border Affairs..Pompeyo MARQUEZ</p>
<p> Central Information Office Director............Fernando EGANA</p>
<p>Corporacion Venezolana de</p>
<p>     Guayana President........Elias Nadim YNATY</p>
<p>Higher Education....Guido ARNAL</p>
<p> National Securities Commission............Luis Garcia MONTOYA</p>
<p> Planning........Teodoro PETKOFF</p>
<p>President of the Venezuelan Investment Fund</p>
<p>     (Privatizations)...........Alberto POLETTO</p>
<p> Relations with Congress...........Simon GARCIA</p>
<p>Social Security Reform...Jose Miguel UZCATEGUI</p>
<p>State Reform..Ricardo COMBELLAS</p>
<p>Tourism....Hermann Luis SORIANO</p>
<p> Youth................Maria del Pilar IRIBARREN</p>
<p>				   - - - - - - -</p>
<p>Petroleos de Venezuela President...Luis GIUSTI</p>
<p>				   - - - - - - -</p>
<p>Central Bank President..Antonio CASAS Gonzalez</p>
<p>				   - - - - - - -</p>
<p>	 NOTE: Any comments/queries on the content of this</p>
<p>		 government list, please contact the Reuter</p>
<p>		 Editorial Reference Unit, London, on (171) 542</p>
<p>		 7968.</p>
<p>			     (End Government List)</p>
</text>
<copyright>(c) Reuters Limited 1997</copyright>
<metadata>
<codes class="bip:countries:1.0">
  <code code="VEN">
    <editdetail attribution="Reuters BIP Coding Group" action="confirmed" date="1997-03-20"/>
  </code>
</codes>
<codes class="bip:topics:1.0">
  <code code="GCAT">
    <editdetail attribution="Reuters BIP Coding Group" action="confirmed" date="1997-03-20"/>
  </code>
  <code code="GPOL">
    <editdetail attribution="Reuters BIP Coding Group" action="confirmed" date="1997-03-20"/>
  </code>
</codes>
<dc element="dc.publisher" value="Reuters Holdings Plc"/>
<dc element="dc.date.published" value="1997-03-20"/>
<dc element="dc.source" value="Reuters"/>
<dc element="dc.creator.location.country.name" value="VENEZUELA"/>
<dc element="dc.source" value="Reuters"/>
</metadata>
</newsitem>
