<?xml version="1.0" encoding="iso-8859-1" ?>
<newsitem itemid="589702" id="root" date="1997-05-16" xml:lang="en">
<title>RUSSIA: Korean car plant opens in Russia.</title>
<headline>Korean car plant opens in Russia.</headline>
<dateline>KALININGRAD, Russia 1997-05-16</dateline>
<text>
<p>Russian Premier Viktor Chernomyridn on Friday drove a Korean car off an assembly line here in a project that may eventually be worth $1.2 billion.</p>
<p>About 30,000 cars will be built at the Kia Motors-Baltika plant this year, officials said.</p>
<p>&quot;We do not have to import everything,&quot; Chernomyrdin said at the factory inauguration.</p>
<p>&quot;We are ready, in our government, to work with foreign firms like the one represented here,&quot; he said.</p>
<p>Russian consumers badly need new cars, but they need jobs, which Chernomyrdin promised, even more.</p>
<p>Federation of Independent Trade Unions President Mikhail Shmakov said the 1.2 million roubles ($200) monthly wage at the factory would be twice the regional average.</p>
<p>The factory expect to raise production to 80,000 cars within three or four years, with 65 percent of parts made locally in three to five years, Kia-Baltika chief executive Vladimir Ryndin said.</p>
<p>But the $1.2 billion total cost of the venture cited by the International Foundation for Promoting Investment and Privatisation (Interprivatiszatsia), the Russian holding company which owns all the Kia-Baltika factories, will only be met when profits are reinvested, additional new funds found and parts factories built.</p>
<p>So far only about $54 million has been invested, Ryndin said.</p>
</text>
<copyright>(c) Reuters Limited 1997</copyright>
<metadata>
<codes class="bip:countries:1.0">
  <code code="RUSS">
    <editdetail attribution="Reuters BIP Coding Group" action="confirmed" date="1997-05-16"/>
  </code>
  <code code="SKOREA">
    <editdetail attribution="Reuters BIP Coding Group" action="confirmed" date="1997-05-16"/>
  </code>
</codes>
<codes class="bip:industries:1.0">
  <code code="I35101">
    <editdetail attribution="Reuters BIP Coding Group" action="confirmed" date="1997-05-16"/>
  </code>
</codes>
<codes class="bip:topics:1.0">
  <code code="C24">
    <editdetail attribution="Reuters BIP Coding Group" action="confirmed" date="1997-05-16"/>
  </code>
  <code code="CCAT">
    <editdetail attribution="Reuters BIP Coding Group" action="confirmed" date="1997-05-16"/>
  </code>
</codes>
<dc element="dc.date.created" value="1997-05-16"/>
<dc element="dc.publisher" value="Reuters Holdings Plc"/>
<dc element="dc.date.published" value="1997-05-16"/>
<dc element="dc.source" value="Reuters"/>
<dc element="dc.creator.location" value="KALININGRAD, Russia"/>
<dc element="dc.creator.location.country.name" value="RUSSIA"/>
<dc element="dc.source" value="Reuters"/>
</metadata>
</newsitem>
