<?xml version="1.0" encoding="iso-8859-1" ?>
<newsitem itemid="580140" id="root" date="1997-05-13" xml:lang="en">
<title>UK: BFI up two as Panamaxes show some life.</title>
<headline>BFI up two as Panamaxes show some life.</headline>
<dateline>LONDON 1997-05-13</dateline>
<text>
<p>The Baltic Freight Index (BFI) was up two points to 1,281 and the Baltic Handy Index was down six to 1,079.</p>
<p>Capers have remained largely unchanged but brokers reported improving rates for Panamaxes.</p>
<p>Market rumours suggested 54,000 heavy grain USGulf to Japan was fixed at $21.50 no combination (up 25 cents) and a Panamax has been booked for end May from Plate and Brazil to Lisbon-Hamburg range at a lumpsum equivalent of about between $19.75 and $20.00 basis two to one.</p>
<p>Rumours also suggested 54,000 heavy grain NoPac to Taiwan has been fixed by Joyous World at $11.90 and Seatrans were reported to have fixed Win Trader 73,500 dwt prompt Far East for three to five months at a higher level of $10,250 daily.</p>
<p>At 1200 GMT BIFFEX was up five points in the traded positions and turnover was only 13 lots.</p>
<p>London Newsroom, +44 171 542 7771</p>
</text>
<copyright>(c) Reuters Limited 1997</copyright>
<metadata>
<codes class="bip:countries:1.0">
  <code code="UK">
    <editdetail attribution="Reuters BIP Coding Group" action="confirmed" date="1997-05-13"/>
  </code>
</codes>
<codes class="bip:topics:1.0">
  <code code="M14">
    <editdetail attribution="Reuters BIP Coding Group" action="confirmed" date="1997-05-13"/>
  </code>
  <code code="MCAT">
    <editdetail attribution="Reuters BIP Coding Group" action="confirmed" date="1997-05-13"/>
  </code>
</codes>
<dc element="dc.date.created" value="1997-05-13"/>
<dc element="dc.publisher" value="Reuters Holdings Plc"/>
<dc element="dc.date.published" value="1997-05-13"/>
<dc element="dc.source" value="Reuters"/>
<dc element="dc.creator.location" value="LONDON"/>
<dc element="dc.creator.location.country.name" value="UK"/>
<dc element="dc.source" value="Reuters"/>
</metadata>
</newsitem>
