<?xml version="1.0" encoding="iso-8859-1" ?>
<newsitem itemid="528235" id="root" date="1997-04-22" xml:lang="en">
<title>USA: Motorola's 8-bit microcontrollers available.</title>
<headline>Motorola's 8-bit microcontrollers available.</headline>
<dateline>AUSTIN, Tex. 1997-04-22</dateline>
<text>
<p>Motorola Inc's Customer Specified Integrated Circuits Consumer &amp; Smartcard Division said Tuesday the first two chips in its new series of eight-bit Universal Serial Bus (USB) microcontrollers are now available.</p>
<p>The USB chips are used for low-speed computer mouse applications, Motorola said.</p>
<p>The 68HC705JB2 chip has a suggested list price of $3.50 each for pilot production volumes, and the 68HC05JB2 has a suggested list of $1.40 each in high volume, the company said.</p>
<p>Motorola provides wireless communications, semiconductors and advanced electronic systems, components and services.</p>
<p>((--Chicago newsdesk, 312-408-8787))</p>
</text>
<copyright>(c) Reuters Limited 1997</copyright>
<metadata>
<codes class="bip:countries:1.0">
  <code code="USA">
    <editdetail attribution="Reuters BIP Coding Group" action="confirmed" date="1997-04-22"/>
  </code>
</codes>
<codes class="bip:industries:1.0">
  <code code="I34531">
    <editdetail attribution="Reuters BIP Coding Group" action="confirmed" date="1997-04-22"/>
  </code>
</codes>
<codes class="bip:topics:1.0">
  <code code="C22">
    <editdetail attribution="Reuters BIP Coding Group" action="confirmed" date="1997-04-22"/>
  </code>
  <code code="C31">
    <editdetail attribution="Reuters BIP Coding Group" action="confirmed" date="1997-04-22"/>
  </code>
  <code code="CCAT">
    <editdetail attribution="Reuters BIP Coding Group" action="confirmed" date="1997-04-22"/>
  </code>
</codes>
<dc element="dc.date.created" value="1997-04-22"/>
<dc element="dc.publisher" value="Reuters Holdings Plc"/>
<dc element="dc.date.published" value="1997-04-22"/>
<dc element="dc.source" value="Reuters"/>
<dc element="dc.creator.location" value="AUSTIN, Tex."/>
<dc element="dc.creator.location.country.name" value="USA"/>
<dc element="dc.source" value="Reuters"/>
</metadata>
</newsitem>
