<?xml version="1.0" encoding="iso-8859-1" ?>
<newsitem itemid="765683" id="root" date="1997-07-30" xml:lang="en">
<title>UK: TABLE - Consensus of key economic indicators.</title>
<headline>TABLE - Consensus of key economic indicators.</headline>
<text>
<p>GMT--DAY-------KEY INDICATOR---------F/CAST-----RANGE-----PRVS</p>
<p> 0500 Thu   JPN HOUSING STARTS Y/JUN  -4.2 PCT  -6.2/-2.9  -9.6</p>
<p> 0500 Thu   JPN CONSTRUCT ORDERS JUN  N/F  PCT     N/A	6.2</p>
<p> 0645 Thu   FRA UNEMPLOYMENT     JUN  12.5 PCT  12.5/12.6  12.5</p>
<p> 0645 Thu   FRA UNEMPLOYMENT     JUN  5,000	-10/19    32.4</p>
<p> 0700 Thu   ITA RETAIL SALES(Y/Y)APR  N/F  PCT     N/A	1.8</p>
<p> 1230 Thu   CAN REAL GDP (FACTOR MAY  0.3  PCT   0.2/0.4    0.8</p>
<p> 1230 Thu   USA JOBLESS CLMS  26-Jul  306,00     280/330    299</p>
<p> 1230 Thu   USA REAL GDP (ADVANCEQ2   1.9  PCT   1.0/2.8    5.9</p>
<p> 1230 Thu   USA PRICE INDEX	Q2   N/F  PCT     N/A	2.7</p>
<p> 1230 Thu   USA IMPLICIT DEFLATORQ2   N/F  PCT     N/A	2.2</p>
<p> 1400 Thu   USA CHICAGO  PMI     JUL  59.8	57.5/62.5  61.5</p>
<p> 1400 Thu   USA HELP WANTED INDX JUN  83	     N/A	 81</p>
<p> 2030 Thu   USA M1		21-Jul  N/F  BLN     N/A     -9.0</p>
<p> 2030 Thu   USA M2		21-Jul  N/F  BLN     N/A    -10.7</p>
<p> 2030 Thu   USA M3		21-Jul  N/F  BLN     N/A     -3.0</p>
<p> 0000 Fri   JPN JOB RATIO	  JUN  0.73	0.72/0.74  0.73</p>
<p> 0000 Fri   JPN UNEMPLOYMENT SA  JUN  3.5  PCT   3.4/3.5    3.5</p>
<p> 0730 Fri   GER BME/RTR PMI	JUL  N/F	    N/A     56.8</p>
<p> 0730 Fri   JPN FOREIGN RESERVES JUL  N/F  BLN     N/A	222</p>
<p> 0830 Fri   UK  PURCH MGR. INDEX.JUL  N/F  PCT     N/A     53.4</p>
<p> 1230 Fri   USA NONFARM PAYROLLS JUL  193  K     150/235    217</p>
<p> 1230 Fri   USA UNEMPLOYMENT     JUL  4.9  PCT   4.9/5.1    5.0</p>
<p> 1230 Fri   USA PERSONAL INCOME  JUN  0.4  PCT   0.3/0.6    0.3</p>
<p> 1230 Fri   USA PERSONAL SPEND   JUN  0.4  PCT   0.2/0.7    0.3</p>
<p> 1230 Fri   USA AVERAGE HRLY EARNJUL  0.2  PCT     N/A	0.3</p>
<p> 1400 Fri   USA FACTORY ORDERS   JUN  1.5  PCT     N/A     -0.7</p>
<p> 1400 Fri   USA NAPM		 JUL  56.1	   N/A     55.7</p>
<p> 1400 Fri   USA MICH SVY(FINAL)  JUL  N/F	    N/A    104.5</p>
<p> GMT  DAY	 KEY INDICATOR	   F/CAS	RANGE     PRVS</p>
<p>* ECONOMIC INDICATORS WEEK COMMENCING AUGUST 4</p>
<p> 0830 Mon   UK  M0 (PROV) SA     JUL  0.4  PCT     N/A	1.0</p>
<p> 0830 Mon   UK  M0 (PROV) Y/Y    JUL  6.1  PCT     N/A	6.3</p>
<p> 0830 Mon   UK  OFFICIAL RSRVS $ JUL  N/F  MLN     N/A	 -2</p>
<p> 0830 Mon   UK  PURCH MGR SRVCS  JUL  N/F  PCT     N/A     62.9</p>
<p> 0830 Mon   UK  HOUSING CMPLTNS (JUN  N/F  K	 N/A     43.6</p>
<p> 0830 Mon   UK  HOUSING STARTS (YJUN  N/F  K	 N/A     50.4</p>
<p> 1400 Mon   USA CONSTRUC SPNDG   JUN  N/F  PCT     N/A     -1.8</p>
<p> 2350 Mo-Fr JPN C/A YEN;NSA;IMF  JUN  N/F  BLN     N/A	907</p>
<p> 2350 Mo-Fr JPN TRADE YEN;NSA;IMFJUN  N/F  BLN     N/A	928</p>
<p> N/A  Mo-Mo FRA M3 (Y/Y) SA	JUN  N/F  PCT     N/A     -1.5</p>
<p> N/A  Mo-We E.G.INDUST PROD (Y/Y)JUN  N/F  PCT     N/A	1.6</p>
<p> N/A  Mo-We GER.INDUST PROD	JUN  N/F  PCT     N/A	0.3</p>
<p> N/A  Mo-We GER.INDUST PROD (Y/Y)JUN  N/F  PCT     N/A	3.0</p>
<p> N/A  Mo-We W.G.INDUST PROD (Y/Y)JUN  N/F  PCT     N/A	1.8</p>
<p> 0500 Tue   JPN NM HOUSEHOLD SPENJUN  N/F  PCT     N/A     -0.3</p>
<p> 0500 Tue   JPN REAL HOUSEHOLD SPJUN  -2.1 PCT     N/A     -2.2</p>
<p> 0700 Tue   ITA CONSUMER PRICES  JUL  FLAT PCT   FLAT/0.1  FLAT</p>
<p> 0700 Tue   ITA CPI 1995 BASE Y/YJUL  1.6  PCT   1.6/1.7    1.6</p>
<p> 0830 Tue   UK  INDUSTRIAL PROD  JUN  N/F  PCT     N/A     -0.2</p>
<p> 0830 Tue   UK  INDUSTRIAL (Y/Y) JUN  N/F  PCT     N/A     -0.9</p>
<p> 0830 Tue   UK  MANUF. OUTPUT    JUN  N/F  PCT     N/A	1.0</p>
<p> 0830 Tue   UK  MANUF. (Y/Y)     JUN  N/F  PCT     N/A     -1.1</p>
<p> 1000 Tue   UK  CBI REGIONAL TRENAUG  N/F	    N/A	N/A</p>
<p> 1215 Tue   CAN INT'L RESERVES   JUL  N/F  BLN     N/A     21.3</p>
<p> 1230 Tue   CAN BUILDING PERMITS MAY  N/F  PCT     N/A    -12.0</p>
<p> 1230 Tue   USA LEAD INDICATORS  JUN  N/F  PCT     N/A	0.3</p>
<p> 1400 Tue   USA HOUSING COMPLETIOJUN  N/F  PCT     N/A     -6.5</p>
<p> N/A  Tu-Th E.G.MANU NEW ORDS Y/YJUN  N/F  PCT     N/A     11.1</p>
<p> N/A  Tu-Th GER.MANU NEW ORDERS  JUN  0.6  PCT     N/A     -1.4</p>
<p> N/A  Tu-Th GER.MANU NEW ORDS Y/YJUN  4.7  PCT     N/A	5.1</p>
<p> N/A  Tu-Th W.G.MANU NEW ORDS Y/YJUN  N/F  PCT     N/A	4.8</p>
<p> 0700 Wed   ITA NON-EU TRADE     JUN  N/F  TRN     N/A     4.53</p>
<p> 0755 Wed   E.G.UNEMPLOYMENT(NSA)JUL  N/F  PCT     N/A     17.3</p>
<p> 0755 Wed   E.G.UNEMPLOYMENT(NSA)JUL  N/F  MLN     N/A	1.3</p>
<p> 0755 Wed   E.G.UNEMPLOYMENT(SA) JUL  N/F  K	 N/A     12.0</p>
<p> 0755 Wed   GER UNEMPLOYMENT(NSA)JUL  N/F  PCT     N/A     11.1</p>
<p> 0755 Wed   GER UNEMPLOYMENT(NSA)JUL  N/F  MLN     N/A	4.2</p>
<p> 0755 Wed   GER UNEMPLOYMENT(SA) JUL  N/F  K	 N/A	 11</p>
<p> 0755 Wed   W.G.UNEMPLOYMENT(NSA)JUL  N/F  PCT     N/A	9.5</p>
<p> 0755 Wed   W.G.UNEMPLOYMENT(NSA)JUL  N/F  MLN     N/A	2.9</p>
<p> 0755 Wed   W.G.UNEMPLOYMENT(SA) JUL  N/F  K	 N/A     -1.0</p>
<p> 0830 Thu   UK  CONST'N NEW ORDS JUN  N/F  PCT     N/A	N/A</p>
<p> 0900 Thu   UK  CBI SVY OF DISTRIJUL  N/F	    N/A	N/A</p>
<p> 1230 Thu   CAN HELP WANTED INDEXJUL  N/F	    N/A	121</p>
<p> 1400 Thu   USA WHOLESALE TRADE  JUN  N/F  PCT     N/A	0.2</p>
<p> 1900 Thu   USA CONSUMER CREDIT  JUN  N/F  BLN     N/A	3.0</p>
<p> 2350 Thu   JPN WHOLESALE PRICES JUL  -0.5 PCT     N/A     -0.7</p>
<p> 2350 Thu   JPN WHOLESALE PRI Y/YJUL  1.7  PCT     N/A	1.9</p>
<p> 0500 Fri   JPN ORDRS ex ships,  JUN  -3.1 PCT     N/A     12.9</p>
<p> 0500 Fri   JPN ex ships (Y/Y)   JUN  N/F  PCT     N/A     13.8</p>
<p> 0500 Fri   JPN MACHINERY ORDERS JUN  N/F  PCT     N/A     11.5</p>
<p> 0500 Fri   JPN MACH ORDERS y/y  JUN  N/F  PCT     N/A	8.8</p>
<p> 0645 Fri   FRA CURRENT A/C SA FFMAY  N/F  BLN     N/A     23.8</p>
<p> 0700 Fri   ITA INDUSTRIAL PROD  JUN  N/F  PCT     N/A	0.3</p>
<p> 0700 Fri   ITA INDUSTRIAL (Y/Y) JUN  N/F  PCT     N/A     -1.0</p>
<p> 1100 Fri   CAN EMPLOYMENT GROWTHJUL  N/F  K	 N/A	 61</p>
<p> 1100 Fri   CAN UNEMPLOYMENT RATEJUL  N/F  PCT     N/A	9.1</p>
<p>* ECONOMIC INDICATORS WEEK COMMENCING AUGUST 11</p>
<p> 0830 Mon   UK  PPI (INPUT) SA   JUL  N/F  PCT     N/A     -1.4</p>
<p> 0830 Mon   UK  PPI (INPUT) Y/Y  JUL  N/F  PCT     N/A     -8.6</p>
<p> 0830 Mon   UK  PPI (OUTPUT) NSA JUL  N/F  PCT     N/A     -0.2</p>
<p> 0830 Mon   UK  PPI (OUTPUT)Y/Y  JUL  N/F  PCT     N/A	1.1</p>
<p> 0830 Mon   UK  OUTPUT EX FDT    JUL  N/F  PCT     N/A     -0.2</p>
<p> 0830 Mon   UK  OUTPUT X FDT Y/Y JUL  N/F  PCT     N/A	0.6</p>
<p> 1215 Mon   CAN HOUSING STARTS   JUL  N/F  K	 N/A    140.2</p>
<p> N/A  Mo-Fr E.G.CST OF LVNG  Y/Y JUL  N/F  PCT     N/A	1.9</p>
<p> N/A  Mo-Fr GER.COST OF LIVING   JUL  N/F  PCT     N/A	0.2</p>
<p> N/A  Mo-Fr GER.CST OF LVNG  Y/Y JUL  N/F  PCT     N/A	1.7</p>
<p> N/A  Mo-Fr W.G.CST OF LVNG  Y/Y JUL  N/F  PCT     N/A	1.8</p>
<p> N/A  Mo-Mo GER.RETAIL SLS RL;Y/YJUN  N/F  PCT     N/A     -2.3</p>
<p> N/A  Mo-Mo GER.RETAIL SLS NM;Y/YJUN  N/F  PCT     N/A     -1.4</p>
<p> 0645 Tue   FRA CONSUMER PRICES  JUL  N/F  PCT     N/A     FLAT</p>
<p> 0645 Tue   FRA CPI (PREL Y/Y)   JUL  N/F  PCT     N/A	1.0</p>
<p> 0830 Tue   UK  RETAIL PRICES    JUL  N/F  PCT     N/A	0.4</p>
<p> 0830 Tue   UK  RETAIL PRI (Y/Y) JUL  2.1  PCT     N/A	2.9</p>
<p> 0830 Tue   UK  RPI-X	 Y/Y  JUL  2.6  PCT     N/A	2.7</p>
<p> 0830 Tue   UK  RPI-Y	 Y/Y  JUL  N/F  PCT     N/A	2.2</p>
<p> 1230 Tue   CAN NEW HOUSE PRICE YJUN  N/F  PCT     N/A	1.0</p>
<p> 0600 We-Fr GER WHOLESALE PRICES JUL  N/F  PCT     N/A     -0.3</p>
<p> 0600 We-Fr GER WHOLESALE (Y/Y)  JUL  N/F  PCT     N/A	2.6</p>
<p> 0700 Wed   ITA.PRODUCER PRI     JUN  N/F  PCT     N/A	0.1</p>
<p> 0700 Wed   ITA.PRODUCER (Y/Y)   JUN  N/F  PCT     N/A	1.1</p>
<p> 0700 Wed   ITA.WHOLESALE PRI    JUN  N/F  PCT     N/A	0.2</p>
<p> 0700 Wed   ITA.WHOLESALE (Y/Y)  JUN  N/F  PCT     N/A     -0.2</p>
<p> 0830 Wed   UK  AVERAGE EARNINGS JUN  N/F  PCT     N/A	4.3</p>
<p> 0830 Wed   UK  UNEMPLOYMENT     JUL  N/F  K	 N/A    -36.5</p>
<p> 0830 Wed   UK  UNEMPLOYMENT     JUL  N/F  PCT     N/A	5.7</p>
<p> 0830 Wed   UK  WAGE COSTS 3MTH/3JUN  N/F  PCT     N/A	3.4</p>
<p> 1230 Wed   CAN MOTOR VEH SALES  JUN  N/F  PCT     N/A	1.8</p>
<p> 1230 Wed   USA PRODUCER PRI Y/Y JUL  N/F  PCT     N/A     -0.1</p>
<p> 1230 Wed   USA PRODUCER PRICES  JUL  N/F  PCT     N/A     -0.1</p>
<p> 1230 Wed   USA PPI EX FOOD/ENERGJUL  N/F  PCT     N/A	0.1</p>
<p> 1230 Wed   USA RETAIL SALES     JUL  N/F  PCT     N/A	0.5</p>
<p> 1230 Wed   USA SALES EX AUTO    JUL  N/F  PCT     N/A	0.3</p>
<p> 1230 Thu   USA BUSINESS INVENT  JUN  N/F  PCT     N/A	0.2</p>
<p> 1230 Thu   USA CONSUMER PRICES  JUL  N/F  PCT     N/A	0.1</p>
<p> 1230 Thu   USA CPI (Y/Y)	  JUL  N/F  PCT     N/A	2.3</p>
<p> 1230 Thu   USA CPI EX FOOD/ENRGYJUL  N/F  PCT     N/A	0.2</p>
<p> 1315 Thu   USA CAPACITY UTIL    JUN  N/F  PCT     N/A     83.5</p>
<p> 1315 Thu   USA INDUSTRIAL PROD  JUN  N/F  PCT     N/A	0.3</p>
<p> 1400 Thu   USA REAL EARNINGS    JUL  N/F  PCT     N/A	0.5</p>
<p> 0630 Fr-Tu JPN INDUST  (REV Y/Y)JUN  N/F  PCT     N/A     -3.1</p>
<p> 0630 Fr-Tu JPN INDUSTRIAL PRODCTJUN  N/F  PCT     N/A	8.0</p>
<p> 1230 Fri   CAN COMPOSITE INDEX  JUL  N/F  PCT     N/A	0.8</p>
<p>* ECONOMIC INDICATORS WEEK COMMENCING AUGUST 18</p>
<p> 2350 Sun   JPN M2 + CD	    JUL  N/F  PCT     N/A	2.8</p>
<p> 0830 Mon   UK  PSBR		 JUL  N/F  BLN     N/A     4.75</p>
<p> 1230 Mon   CAN MANUF SHIPMENTS  JUN  N/F  PCT     N/A     -0.2</p>
<p> 1230 Mon   CAN MANUF UNFILLD ORDJUN  N/F  PCT     N/A	2.4</p>
<p> 1230 Mon   CAN MANUF NEW ORDRS  JUN  N/F  PCT     N/A     -2.4</p>
<p> 1230 Mon   CAN I-S RATIO	  JUN  N/F  PCT     N/A     1.30</p>
<p> 1400 Mon   USA EXPORT PRICES    JUL  N/F  PCT     N/A     -0.1</p>
<p> 1400 Mon   USA IMPORT PRICES    JUL  N/F  PCT     N/A	0.4</p>
<p> 2350 Mo-We JPN TRADE BAL(CC;NSA)JUL  N/F  MLN     N/A	934</p>
<p> 1100 Tue   CAN CONSUMER PRI NSA JUL  N/F  PCT     N/A	0.2</p>
<p> 1100 Tue   CAN CONSUMER PRI SA  JUL  N/F  PCT     N/A	0.1</p>
<p> 1100 Tue   CAN CONSUMER PRI Y/Y JUL  N/F  PCT     N/A	1.8</p>
<p> 1100 Tue   CAN EX FOOD ENRGY Y/YJUL  N/F  PCT     N/A	2.0</p>
<p> 1230 Tue   USA HOUSING STARTS   JUL  N/F  MLN     N/A	1.5</p>
<p> 1400 Tue   CAN WAGE SETTLEMENTS JUN  N/F  PCT     N/A	1.6</p>
<p> N/A  Tu-Fr GER.M3(ANLD VS Q4 96)JUL  N/F  PCT     N/A	6.4</p>
<p> N/A  Tu-Fr GER.M3(ANLD VS Q4 95)JUL  N/F  PCT     N/A	7.4</p>
<p> 0500 We-Mo JPN COINCIDENT IND   JUN  N/F  PCT     N/A     75.0</p>
<p> 0500 We-Mo JPN LEADING IND	JUN  N/F  PCT     N/A     33.3</p>
<p> 0830 Wed   UK  RETAIL SALES SA  JUL  N/F  PCT     N/A	0.6</p>
<p> 0830 Wed   UK  RETAIL SLS (Y/Y) JUL  N/F  PCT     N/A	5.4</p>
<p> 0830 Wed   UK  M4     (PROV.)   JUL  N/F  PCT     N/A	0.9</p>
<p> 0830 Wed   UK  M4     (PROV;Y/Y)JUL  N/F  PCT     N/A     11.7</p>
<p> 0830 Wed   UK  M4 LENDING	 JUL  N/F  PCT     N/A	5.7</p>
<p> 0830 Wed   UK  B/S NET MORT APPSJUL  N/F  BLN     N/A	2.2</p>
<p> 1230 Wed   CAN MERCH. TRADE     JUN  N/F  BLN     N/A     2.02</p>
<p> 1230 Wed   CAN MERCH. EXPORTS   JUN  N/F  BLN     N/A    24.49</p>
<p> 1230 Wed   CAN MERCH. IMPORTS   JUN  N/F  BLN     N/A    22.48</p>
<p> 1230 Wed   USA INT'L TRADE	JUN  N/F  BLN     N/A    -10.2</p>
<p> 1230 Wed   CAN WHOLESALE TRADE  JUN  N/F  PCT     N/A	1.0</p>
<p> 0830 Thu   UK  GDP (FINAL) Q/Q  Q2   N/F  PCT     N/A	0.9</p>
<p> 0830 Thu   UK  GDP (FINAL) Y/Y  Q2   3.4  PCT   2.7/4.0    3.4</p>
<p> 0830 Thu   UK  GDP EX OIL (FINALQ2   N/F  PCT     N/A	1.0</p>
<p> 0830 Thu   UK  GDP EX OIL Y/Y   Q2   N/F  PCT     N/A	3.6</p>
<p> 1030 Thu   UK  CBI MONTHLY TRENDAUG  N/F	    N/A	N/A</p>
<p> 1400 Thu   USA PHIL. FED SURVEY AUG  N/F	    N/A     28.1</p>
<p> 1530 Th-Fr ITA CONSUMER PRICES  AUG  N/F  PCT     N/A	N/A</p>
<p> 1530 Th-Fr ITA CPI (CITIES Y/Y) AUG  N/F  PCT     N/A	N/A</p>
<p> 2000 Thu   USA FED BUDGET	 JUL  N/F  BLN     N/A    54.50</p>
<p> N/A  Th-Mo E.G PRODUCER    (Y/Y)JUL  N/F  PCT     N/A	2.2</p>
<p> N/A  Th-Mo GER.PRODUCER PRI     JUL  N/F  PCT     N/A	0.1</p>
<p> N/A  Th-Mo GER.PRODUCER    (Y/Y)JUL  N/F  PCT     N/A	1.4</p>
<p> N/A  Th-Mo W.G PRODUCER    (Y/Y)JUL  N/F  PCT     N/A	1.3</p>
<p> 0830 Fri   UK  MOTOR VHCL PROD  JUL  N/F  PCT     N/A	4.6</p>
<p> 1230 Fri   CAN RETAIL SALES     JUN  N/F  PCT     N/A	0.5</p>
<p>* ECONOMIC INDICATORS WEEK COMMENCING AUGUST 25</p>
<p> 0645 Mon   FRA CONSUMER PRICES  JUL  N/F  PCT     N/A     FLAT</p>
<p> 0645 Mon   FRA CPI FINAL (Y/Y)  JUL  N/F  PCT     N/A	1.0</p>
<p> 1400 Mon   USA CONSUMER CONF    JUL  N/F	    N/A    126.5</p>
<p> 1400 Mon   USA EXIST HOME SALES JUL  N/F  MLN     N/A	N/A</p>
<p> N/A  Mo-Tu GER.EXPORT PRI  (Y/Y)JUL  N/F  PCT     N/A	0.3</p>
<p> N/A  Mo-Tu GER.EXPORT PRICES    JUL  N/F  PCT     N/A	1.5</p>
<p> N/A  Mo-Tu GER.IMPORT PRI  (Y/Y)JUL  N/F  PCT     N/A     -0.2</p>
<p> N/A  Mo-Tu GER.IMPORT PRICES    JUL  N/F  PCT     N/A	3.3</p>
<p> N/A  Mo-We W.G.CST OF LVNG (PRV)AUG  N/F  PCT     N/A	N/A</p>
<p> 0645 Tue   FRA HOUSING STARTS   JUL  N/F  PCT     N/A     -2.6</p>
<p> 1230 Tue   USA DURABLE GDS ORDRSJUL  N/F  PCT     N/A	2.3</p>
<p> 1230 Tue   USA EX DEFENCE	 JUL  N/F  PCT     N/A	2.1</p>
<p> 0430 We-Fr JPN RETAIL SLS (PREL)JUL  N/F  PCT     N/A	3.4</p>
<p> 0830 Wed   UK  TRADE IN GOODS   JUN  N/F  MLN     N/A     -508</p>
<p> 0830 Wed   UK  TRD IN GDS EX OILJUN  N/F  MLN     N/A     -953</p>
<p> 0830 Wed   UK  NON-EU TRADE     JUL  N/F  MLN     N/A     -713</p>
<p> 0830 Wed   UK  HICP (Y/Y)	 JUL  N/F  PCT     N/A	1.7</p>
<p> 1230 Wed   CAN INDUSTRIAL PRICESJUL  N/F  PCT     N/A     -0.2</p>
<p> 1230 Wed   CAN RAW MATERIALS    JUL  N/F  PCT     N/A     -2.3</p>
<p> 1400 Wed   USA HELP WANTED INDX JUL  N/F	    N/A	N/A</p>
<p> N/A  We-Fr GER.CURRENT A/C (DM) JUN  N/F  BLN     N/A     -2.5</p>
<p> N/A  We-Fr GER.TRADE BAL. (DM)  JUN  N/F  BLN     N/A	9.8</p>
<p> 0645 Thu   FRA TRADE BAL. (FF.) JUN  N/F  BLN     N/A    16.49</p>
<p> 1230 Thu   CAN AVERAGE WKLY EARNJUN  N/F  PCT     N/A	3.0</p>
<p> 1230 Thu   USA REAL GDP (ADV)   Q2   N/F  PCT     N/A	5.9</p>
<p> 1230 Thu   USA PRICE INDEX	Q2   N/F  PCT     N/A	2.7</p>
<p> 1230 Thu   USA IMPLICIT DEFLATORQ2   N/F  PCT     N/A	2.2</p>
<p> 0030 Fri   JPN CONSUMER PRICES  JUL  N/F  PCT     N/A     FLAT</p>
<p> 0030 Fri   JPN CPI (NAT'L;Y/Y)  JUL  N/F  PCT     N/A	2.2</p>
<p> 0030 Fri   JPN CONSUMER PRICES  JUL  N/F  PCT     N/A     -0.4</p>
<p> 0030 Fri   JPN CPI (TOKYO;Y/Y)  JUL  N/F  PCT     N/A	1.4</p>
<p> 0030 Fri   JPN JOB RATIO	  JUL  N/F	    N/A	N/A</p>
<p> 0030 Fri   JPN UNEMPLOYMENT SA  JUL  N/F	    N/A	N/A</p>
<p> 0500 Fri   JPN CONSTRUCT ORDERS JUL  N/F  PCT     N/A	N/A</p>
<p> 0500 Fri   JPN HOUSING STRTS Y/YJUL  N/F  PCT     N/A	N/A</p>
<p> 0630 Fri   JPN INDUST PREL Y/Y  JUN  N/F  PCT     N/A     -3.1</p>
<p> 0630 Fri   JPN INDUST PROD PREL JUN  N/F  PCT     N/A	8.0</p>
<p> 0645 Fri   FRA INDUST PROD	JUN  N/F  PCT     N/A     -1.6</p>
<p> 0645 Fri   FRA INDUST PROD (Y/Y)JUN  N/F  PCT     N/A	2.2</p>
<p> 0645 Fri   FRA UNEMPLOYMENT     JUL  N/F  K	 N/A	N/A</p>
<p> 0645 Fri   FRA UNEMPLOYMENT     JUL  N/F  PCT     N/A	N/A</p>
<p> 0700 Fri   ITA GDP (Q/Q) PREL   Q2   1.0  PCT   0.2/1.9   -0.2</p>
<p> 0700 Fri   ITA GDP (Y/Y) PREL   Q2   N/F  PCT     N/A     -0.4</p>
<p> 1230 Fri   CAN CURRENT ACCOUNT  Q2  -0.5  BLN  -4.7/6.0  -1.22</p>
<p> 1230 Fri   CAN REAL GDP	   Q2   3.7  PCT   0.9/5.2    0.8</p>
<p> 1230 Fri   CAN GDP DEFLATOR     Q2   N/F  PCT     N/A	0.4</p>
<p> 1230 Fri   CAN REAL GDP (FACTOR JUN  N/F  PCT     N/A	N/A</p>
<p> 1330 Fri   USA PERSONAL INCOME  JUL  N/F  PCT     N/A	N/A</p>
<p> 1330 Fri   USA PERSONAL SPEND   JUL  N/F  PCT     N/A	N/A</p>
<p> 1400 Fri   USA NEW HOME SALES   AUG  N/F  K	 N/A	N/A</p>
<p> 1400 Fri   USA MICH SVY(FINAL)  AUG  N/F	    N/A	N/A</p>
<p> 1400 Fri   USA CHICAGO  PMI     AUG  N/F	    N/A	N/A</p>
<p>* ECONOMIC INDICATORS WEEK COMMENCING SEPTEMBER 1</p>
<p> 0730 Mon   JPN FOREIGN RESERVES AUG  N/F  BLN     N/A	N/A</p>
<p> 0730 Mon   GER BME/RTR PMI	AUG  N/F	    N/A	N/A</p>
<p> 0830 Mon   UK  CONSUMER CREDIT  JUL  N/F  MLN     N/A     1275</p>
<p> 0830 Mon   UK  PURCH MGR. INDEX.AUG  N/F  PCT     N/A	N/A</p>
<p> 0830 Mon   UK  M4 (FINAL) SA    JUL  N/F  PCT     N/A	0.9</p>
<p> 0830 Mon   UK  M4 (FINAL)(Y/Y)  JUL  N/F  PCT     N/A     11.7</p>
<p> 0830 Mon   UK  M4 LENDING (FINALJUL  N/F  BLN     N/A	5.7</p>
<p> 0830 Mon   UK  M0 (PROV) SA     AUG  N/F  PCT     N/A	N/A</p>
<p> 0830 Mon   UK  M0 (PROV) Y/Y    AUG  N/F  PCT     N/A	N/A</p>
<p> 1215 Mon   CAN INT'L RESERVES   AUG  N/F  BLN     N/A	N/A</p>
<p> 0830 Tue   UK  OFFICIAL RSRVS $ AUG  N/F  MLN     N/A	N/A</p>
<p> 1400 Tue   USA NAPM		 AUG  N/F	    N/A	N/A</p>
<p> 0500 We-Fr JPN NM HOUSEHOLD SPENJUL  N/F  PCT     N/A	N/A</p>
<p> 0500 We-Fr JPN REAL HOUSEHOLD SPJUL  N/F  PCT     N/A	N/A</p>
<p> 1400 Wed   USA CONSTRUC SPNDG   JUN  N/F  PCT     N/A	N/A</p>
<p> 1400 Wed   USA LEAD INDICATORS  JUL  N/F  PCT     N/A	N/A</p>
<p> N/A  Wed   USA CARS		 AUG  N/F  MLN     N/A	N/A</p>
<p> N/A  We-Fr E.G.INDUST PROD (Y/Y)JUL  N/F  PCT     N/A	N/A</p>
<p> N/A  We-Mo E.G.MANU NEW ORDS Y/YJUL  N/F  PCT     N/A	N/A</p>
<p> N/A  We-Fr GER.INDUST PROD	JUL  N/F  PCT     N/A	N/A</p>
<p> N/A  We-Fr GER.INDUST PROD (Y/Y)JUL  N/F  PCT     N/A	N/A</p>
<p> N/A  We-Mo GER.MANU NEW ORDERS  JUL  N/F  PCT     N/A	N/A</p>
<p> N/A  We-Mo GER.MANU NEW ORDS Y/YJUL  N/F  PCT     N/A	N/A</p>
<p> N/A  We-Fr W.G.INDUST PROD (Y/Y)JUL  N/F  PCT     N/A	N/A</p>
<p> N/A  We-Mo W.G.MANU NEW ORDS Y/YJUL  N/F  PCT     N/A	N/A</p>
<p> 0700 Thu   ITA CONSUMER PRICES  AUG  N/F  PCT     N/A	N/A</p>
<p> 0700 Thu   ITA CPI 1995 BASE Y/YAUG  N/F  PCT     N/A	N/A</p>
<p> 0830 Thu   UK  CONST'N NEW ORDS JUL  N/F  PCT     N/A	N/A</p>
<p> 0830 Thu   UK  PURCH MGR SRVCS  AUG  N/F  PCT     N/A	N/A</p>
<p> 1230 Thu   CAN BUILDING PERMITS JUL  N/F  PCT     N/A	N/A</p>
<p> 1400 Thu   USA FACTORY ORDERS   JUL  N/F  PCT     N/A	N/A</p>
<p> N/A  Th-Th FRA M3 (Y/Y) SA	JUL  N/F  PCT     N/A	N/A</p>
<p> 0645 Fri   FRA GDP (PREL)	 Q2   1.1  PCT   0.4/1.6    0.2</p>
<p> 0645 Fri   FRA GDP (PREL) Y/Y   Q2   2.3  PCT   1.6/2.8    0.9</p>
<p> 0700 Fri   ITA RETAIL SALES(Y/Y)MAY  N/F  PCT     N/A	N/A</p>
<p> 0830 Fri   UK  HOUSING CMPLTNS (JUL  N/F  K	 N/A	N/A</p>
<p> 0830 Fri   UK  HOUSING STARTS (YJUL  N/F  K	 N/A	N/A</p>
<p> 1100 Fri   CAN EMPLOYMENT GROWTHAUG  N/F  K	 N/A	N/A</p>
<p> 1100 Fri   CAN UNEMPLOYMENT RATEAUG  N/F  PCT     N/A	N/A</p>
<p> 1230 Fri   USA AVERAGE HRLY EARNAUG  N/F  PCT     N/A	N/A</p>
<p> 1330 Fri   USA NONFARM PAYROLLS AUG  N/F  K	 N/A	N/A</p>
<p> 1330 Fri   USA UNEMPLOYMENT     AUG  N/F  PCT     N/A	N/A</p>
<p> 1400 Fri   USA HOUSING COMPLETIOJUL  N/F  PCT     N/A	N/A</p>
<p>* ECONOMIC INDICATORS WEEK COMMENCING SEPTEMBER 8</p>
<p> 2350 Su-Th JPN TRADE YEN;NSA;IMFJUL  N/F  BLN     N/A	N/A</p>
<p> 2350 Su-Th JPN WHOLESALE PRI Y/YAUG  N/F  PCT     N/A	N/A</p>
<p> 2350 Su-Th JPN WHOLESALE PRICES AUG  N/F  PCT     N/A	N/A</p>
<p> 0500 Mo-We JPN ex ships (Y/Y)   JUL  N/F  PCT     N/A	N/A</p>
<p> 0500 Mo-We JPN MACH ORDERS y/y  JUL  N/F  PCT     N/A	N/A</p>
<p> 0500 Mo-We JPN MACHINERY ORDERS JUL  N/F  PCT     N/A	N/A</p>
<p> 0500 Mo-We JPN ORDRS ex ships,  JUL  N/F  PCT     N/A	N/A</p>
<p> 0830 Mon   UK  INDUSTRIAL PROD  JUL  N/F  PCT     N/A	N/A</p>
<p> 0830 Mon   UK  INDUSTRIAL (Y/Y) JUL  N/F  PCT     N/A	N/A</p>
<p> 0830 Mon   UK  MANUF. OUTPUT    JUL  N/F  PCT     N/A	N/A</p>
<p> 0830 Mon   UK  MANUF. (Y/Y)     JUL  N/F  PCT     N/A	N/A</p>
<p> 0830 Mon   UK  PPI (OUTPUT) NSA AUG  N/F  PCT     N/A	N/A</p>
<p> 0830 Mon   UK  PPI (OUTPUT)Y/Y  AUG  N/F  PCT     N/A	N/A</p>
<p> 0830 Mon   UK  OUTPUT EX FDT    AUG  N/F  PCT     N/A	N/A</p>
<p> 0830 Mon   UK  OUTPUT X FDT Y/Y AUG  N/F  PCT     N/A	N/A</p>
<p> 0830 Mon   UK  PPI (INPUT) SA   AUG  N/F  PCT     N/A	N/A</p>
<p> 0830 Mon   UK  PPI (INPUT) Y/Y  AUG  N/F  PCT     N/A	N/A</p>
<p> 2000 Mon   USA CONSUMER CREDIT  JUL  N/F  BLN     N/A	N/A</p>
<p> 2350 Mo-Fr JPN C/A YEN;NSA;IMF  JUL  N/F  BLN     N/A	N/A</p>
<p> 0755 Tue   E.G.UNEMPLOYMENT(NSA)AUG  N/F  PCT     N/A	N/A</p>
<p> 0755 Tue   E.G.UNEMPLOYMENT(NSA)AUG  N/F  MLN     N/A	N/A</p>
<p> 0755 Tue   E.G.UNEMPLOYMENT(SA) AUG  N/F  K	 N/A	N/A</p>
<p> 0755 Tue   GER UNEMPLOYMENT(NSA)AUG  N/F  PCT     N/A	N/A</p>
<p> 0755 Tue   GER UNEMPLOYMENT(NSA)AUG  N/F  MLN     N/A	N/A</p>
<p> 0755 Tue   GER UNEMPLOYMENT(SA) AUG  N/F  K	 N/A	N/A</p>
<p> 0755 Tue   W.G.UNEMPLOYMENT(NSA)AUG  N/F  PCT     N/A	N/A</p>
<p> 0755 Tue   W.G.UNEMPLOYMENT(NSA)AUG  N/F  MLN     N/A	N/A</p>
<p> 0755 Tue   W.G.UNEMPLOYMENT(SA) AUG  N/F  K	 N/A	N/A</p>
<p> 0830 Tue   UK  RETAIL PRICES    AUG  N/F  PCT     N/A	N/A</p>
<p> 0830 Tue   UK  RETAIL PRI (Y/Y) AUG  N/F  PCT     N/A	N/A</p>
<p> 0830 Tue   UK  RPI-X	 Y/Y  AUG  N/F  PCT     N/A	N/A</p>
<p> 0830 Tue   UK  RPI-Y	 Y/Y  AUG  N/F  PCT     N/A	N/A</p>
<p> 1215 Tue   CAN HOUSING STARTS   AUG  N/F  K	 N/A	N/A</p>
<p> 1230 Tue   CAN CAPACITY UTIL    Q2   N/F	    N/A     85.0</p>
<p> 1230 Tue   CAN HELP WANTED INDEXAUG  N/F	    N/A	N/A</p>
<p> 1230 Tue   CAN NEW HOUSE PRICE YJUL  N/F  PCT     N/A	N/A</p>
<p> 1400 Tue   USA PRODUCTIVITY (REVQ2   N/F	    N/A	2.6</p>
<p> 1400 Tue   USA WHOLESALE TRADE  JUL  N/F  PCT     N/A	N/A</p>
<p> N/A  We-We E.G.CST OF LVNG  Y/Y AUG  N/F  PCT     N/A	N/A</p>
<p> N/A  We-We GER.COST OF LIVING   AUG  N/F  PCT     N/A	N/A</p>
<p> N/A  We-We GER.CST OF LVNG  Y/Y AUG  N/F  PCT     N/A	N/A</p>
<p> N/A  We-We W.G.CST OF LVNG  Y/Y AUG  N/F  PCT     N/A	N/A</p>
<p> N/A  Wed   E.G.GDP (Y/Y)	  Q2   N/F  PCT     N/A	2.8</p>
<p> N/A  Wed   GER.GDP (Q/Q)	  Q2   N/F  PCT     N/A	0.5</p>
<p> N/A  Wed   GER.GDP (Y/Y)	  Q2   2.0  PCT   0.8/2.4    1.4</p>
<p> N/A  Wed   W.G.GDP (Y/Y)	  Q2   N/F  PCT     N/A	1.2</p>
<p> 0600 Fr-Mo GER WHOLESALE (Y/Y)  AUG  N/F  PCT     N/A	N/A</p>
<p> 0600 Fr-Mo GER WHOLESALE PRICES AUG  N/F  PCT     N/A	N/A</p>
<p> 0645 Fri   FRA CONSUMER PRICES  AUG  N/F  PCT     N/A	N/A</p>
<p> 0645 Fri   FRA CPI (PREL Y/Y)   AUG  N/F  PCT     N/A	N/A</p>
<p> 0645 Fri   FRA CURRENT A/C SA FFJUN  N/F  BLN     N/A	N/A</p>
<p> 0700 Fri   ITA NON-EU TRADE     JUL  N/F  TRN     N/A	N/A</p>
<p> 1330 Fri   USA PPI EX FOOD/ENERGAUG  N/F  PCT     N/A	N/A</p>
<p> 1330 Fri   USA PRODUCER PRI Y/Y AUG  N/F  PCT     N/A	N/A</p>
<p> 1330 Fri   USA PRODUCER PRICES  AUG  N/F  PCT     N/A	N/A</p>
<p> 1430 Fri   USA RETAIL SALES     AUG  N/F  PCT     N/A	N/A</p>
<p> 1430 Fri   USA SALES EX AUTO    AUG  N/F  PCT     N/A	N/A</p>
<p>* ECONOMIC INDICATORS WEEK COMMENCING SEPTEMBER 15</p>
<p> 1230 Mon   CAN COMPOSITE INDEX  AUG  N/F  PCT     N/A	N/A</p>
<p> 1400 Mon   USA REAL EARNINGS    AUG  N/F  PCT     N/A	N/A</p>
<p> 1400 Mon   CAN WAGE SETTLEMENTS JUL  N/F  PCT     N/A	N/A</p>
<p> N/A  Mo-Mo GER.RETAIL SLS NM;Y/YJUL  N/F  PCT     N/A	N/A</p>
<p> N/A  Mo-Mo GER.RETAIL SLS RL;Y/YJUL  N/F  PCT     N/A	N/A</p>
<p> 0630 Tu-Fr JPN INDUST  (REV Y/Y)JUN  N/F  PCT     N/A	N/A</p>
<p> 0630 Tu-Fr JPN INDUSTRIAL PRODCTJUN  N/F  PCT     N/A	N/A</p>
<p> 0830 Tue   UK  PSBR		 AUG  N/F  BLN     N/A	N/A</p>
<p> 1230 Tue   USA BUSINESS INVENT  JUL  N/F  PCT     N/A	N/A</p>
<p> 1330 Tue   USA CONSUMER PRICES  AUG  N/F  PCT     N/A	N/A</p>
<p> 1330 Tue   USA CPI (Y/Y)	  AUG  N/F  PCT     N/A	N/A</p>
<p> 1330 Tue   USA CPI EX FOOD/ENRGYAUG  N/F  PCT     N/A	N/A</p>
<p> 1415 Tue   USA CAPACITY UTIL    JUL  N/F  PCT     N/A	N/A</p>
<p> 1415 Tue   USA INDUSTRIAL PROD  JUL  N/F  PCT     N/A	N/A</p>
<p> 2350 Tu-Th JPN M2 + CD	    AUG  N/F  PCT     N/A	N/A</p>
<p> 2350 Tu-Th JPN TRADE BAL(CC;NSA)AUG  N/F	    N/A	N/A</p>
<p> N/A  Tue   ITA.PRODUCER (Y/Y)   JUL  N/F  PCT     N/A	N/A</p>
<p> N/A  Tue   ITA.PRODUCER PRI     JUL  N/F  PCT     N/A	N/A</p>
<p> 0630 Wed   JPN GDP (Q/Q)	  Q2   N/F  PCT     N/A	1.6</p>
<p> 0630 Wed   JPN GDP (Y/Y)	  Q2  -1.2  PCT  -2.3/-0.6   6.6</p>
<p> 0830 Wed   UK  RETAIL SALES SA  AUG  N/F  PCT     N/A	N/A</p>
<p> 0830 Wed   UK  RETAIL SLS (Y/Y) AUG  N/F  PCT     N/A	N/A</p>
<p> 0830 Wed   UK  WAGE COSTS 3MTH/3JUL  N/F  PCT     N/A	N/A</p>
<p> 0830 Wed   UK  UNEMPLOYMENT     AUG  N/F  K	 N/A	N/A</p>
<p> 0830 Wed   UK  UNEMPLOYMENT     AUG  N/F  PCT     N/A	N/A</p>
<p> 0830 Wed   UK  AVERAGE EARNINGS JUL  N/F  PCT     N/A	N/A</p>
<p> 1230 Wed   CAN I-S RATIO	  JUL  N/F  PCT     N/A	N/A</p>
<p> 1230 Wed   CAN MANUF NEW ORDRS  JUL  N/F  PCT     N/A	N/A</p>
<p> 1230 Wed   CAN MANUF SHIPMENTS  JUL  N/F  PCT     N/A	N/A</p>
<p> 1230 Wed   CAN MANUF UNFILLD ORDJUL  N/F  PCT     N/A	N/A</p>
<p> 1330 Wed   USA HOUSING STARTS   AUG  N/F  MLN     N/A	N/A</p>
<p> 0700 Thu   ITA INDUSTRIAL (Y/Y) JUL  N/F  PCT     N/A	N/A</p>
<p> 0700 Thu   ITA INDUSTRIAL PROD  JUL  N/F  PCT     N/A	N/A</p>
<p> 0830 Thu   UK  MOTOR VHCL PROD  AUG  N/F  PCT     N/A	N/A</p>
<p> 0830 Thu   UK  B/S NET MORT APPSAUG  N/F  BLN     N/A	N/A</p>
<p> 0830 Thu   UK  M4     (PROV.)   AUG  N/F  PCT     N/A	N/A</p>
<p> 0830 Thu   UK  M4 LENDING	 AUG  N/F  PCT     N/A	N/A</p>
<p> 0930 Thu   UK  M4     (PROV;Y/Y)JUL  N/F  PCT     N/A	N/A</p>
<p> 1030 Thu   UK  CBI MONTHLY TRENDSEP  N/F	    N/A	N/A</p>
<p> 1230 Thu   CAN MERCH. EXPORTS   JUL  N/F  BLN     N/A	N/A</p>
<p> 1230 Thu   CAN MERCH. IMPORTS   JUL  N/F  BLN     N/A	N/A</p>
<p> 1230 Thu   CAN MERCH. TRADE     JUL  N/F  BLN     N/A	N/A</p>
<p> 1230 Thu   CAN WHOLESALE TRADE  JUL  N/F  PCT     N/A	N/A</p>
<p> 1330 Thu   USA INT'L TRADE	JUL  N/F  BLN     N/A	N/A</p>
<p> 1400 Thu   USA EXPORT PRICES    AUG  N/F  PCT     N/A	N/A</p>
<p> 1400 Thu   USA IMPORT PRICES    AUG  N/F  PCT     N/A	N/A</p>
<p> 1400 Thu   USA PHIL. FED SURVEY SEP  N/F	    N/A	N/A</p>
<p> 1100 Fri   CAN CONSUMER PRI NSA AUG  N/F  PCT     N/A	N/A</p>
<p> 1100 Fri   CAN CONSUMER PRI SA  AUG  N/F  PCT     N/A	N/A</p>
<p> 1100 Fri   CAN CONSUMER PRI Y/Y AUG  N/F  PCT     N/A	N/A</p>
<p> 1100 Fri   CAN EX FOOD ENRGY Y/YAUG  N/F  PCT     N/A	N/A</p>
<p> 1230 Fri   CAN RETAIL SALES     JUL  N/F  PCT     N/A	N/A</p>
<p> 1230 Fri   CAN SALES EX AUTO    JUL  N/F  PCT     N/A	N/A</p>
<p> N/A  Fr-Th GER.M3(ANLD VS Q4 95)AUG  N/F  PCT     N/A	N/A</p>
<p> N/A  Fr-Th GER.M3(ANLD VS Q4 96)AUG  N/F  PCT     N/A	N/A</p>
<p>* ECONOMIC INDICATORS WEEK COMMENCING SEPTEMBER 22</p>
<p> 0500 Mo-We JPN COINCIDENT IND   JUL  N/F  PCT     N/A	N/A</p>
<p> 0500 Mo-We JPN LEADING IND	JUL  N/F  PCT     N/A	N/A</p>
<p> 1530 Mo-Tu ITA CONSUMER PRICES  SEP  N/F  PCT     N/A	N/A</p>
<p> 1530 Mo-Tu ITA CPI (CITIES Y/Y) SEP  N/F  PCT     N/A	N/A</p>
<p> 2000 Mon   USA FED BUDGET	 AUG  N/F  BLN     N/A	N/A</p>
<p> N/A  Mo-Th E.G PRODUCER    (Y/Y)AUG  N/F  PCT     N/A	N/A</p>
<p> N/A  Mo-Th GER.PRODUCER    (Y/Y)AUG  N/F  PCT     N/A	N/A</p>
<p> N/A  Mo-Th GER.PRODUCER PRI     AUG  N/F  PCT     N/A	N/A</p>
<p> N/A  Mo-Th W.G PRODUCER    (Y/Y)AUG  N/F  PCT     N/A	N/A</p>
<p> 0645 Tue   FRA HOUSING STARTS   AUG  N/F  PCT     N/A	N/A</p>
<p> 0830 Tue   UK  CURRENT ACCOUNT  Q2   -0.6 BLN  -1.8/0.6   1.46</p>
<p> 0830 Tue   UK  TRADE IN GOODS   Q2   -3.2 BLN  -4.0/-2.2 -2.05</p>
<p> 0645 Wed   FRA CONSUMER SPEND   JUL  N/F  PCT     N/A     -2.9</p>
<p> 0645 Wed   FRA CONSUMER SPEND   AUG  N/F  PCT     N/A	N/A</p>
<p> 1400 Wed   USA CONSUMER CONF    AUG  N/F	    N/A	N/A</p>
<p> N/A  We-Fr GER.EXPORT PRI  (Y/Y)AUG  N/F  PCT     N/A	N/A</p>
<p> N/A  We-Fr GER.EXPORT PRICES    AUG  N/F  PCT     N/A	N/A</p>
<p> N/A  We-Fr GER.IMPORT PRI  (Y/Y)AUG  N/F  PCT     N/A	N/A</p>
<p> N/A  We-Fr GER.IMPORT PRICES    AUG  N/F  PCT     N/A	N/A</p>
<p> N/A  We-Fr W.G.CST OF LVNG (PRV)SEP  N/F  PCT     N/A	N/A</p>
<p> 0645 Thu   FRA CONSUMER PRICES  AUG  N/F  PCT     N/A	N/A</p>
<p> 0645 Thu   FRA CPI FINAL (Y/Y)  AUG  N/F  PCT     N/A	N/A</p>
<p> 0730 Thu   ITA UNEMPLOYMENT     JUL  11.9 PCT   11.3/12.6  N/A</p>
<p> 0830 Thu   UK  HICP (Y/Y)	 AUG  N/F  PCT     N/A	N/A</p>
<p> 0830 Thu   UK  TRADE IN GOODS   JUL  N/F  MLN     N/A	N/A</p>
<p> 0830 Thu   UK  TRD IN GDS EX OILJUL  N/F  MLN     N/A	N/A</p>
<p> 0830 Thu   UK  NON-EU TRADE     AUG  N/F  MLN     N/A	N/A</p>
<p> 1230 Thu   USA DURABLE GDS ORDRSAUG  N/F  PCT     N/A	N/A</p>
<p> 1230 Thu   USA EX DEFENCE	 AUG  N/F  PCT     N/A	N/A</p>
<p> 1230 Thu   CAN REAL GDP (FACTOR JUL  N/F  PCT     N/A	N/A</p>
<p> 1400 Thu   USA EXIST HOME SALES AUG  N/F  MLN     N/A	4.1</p>
<p> 0030 Fri   JPN CONSUMER PRICES  AUG  N/F  PCT     N/A	N/A</p>
<p> 0030 Fri   JPN CPI (NAT'L;Y/Y)  AUG  N/F  PCT     N/A	N/A</p>
<p> 0030 Fri   JPN CONSUMER PRICES  AUG  N/F  PCT     N/A	N/A</p>
<p> 0030 Fri   JPN CPI (TOKYO;Y/Y)  AUG  N/F  PCT     N/A	N/A</p>
<p> 0645 Fri   FRA TRADE BAL. (FF.) JUL  N/F  BLN     N/A	N/A</p>
<p> 1230 Fri   USA IMPLICIT DEFLATORQ2   N/F  PCT     N/A	N/A</p>
<p> 1230 Fri   USA PRICE INDEX	Q2   N/F  PCT     N/A	N/A</p>
<p> 1230 Fri   USA REAL GDP (FINAL) Q2   2.7  PCT   2.0/3.4    N/A</p>
<p> 1230 Fri   CAN INDUSTRIAL PRICESAUG  N/F  PCT     N/A	N/A</p>
<p> 1230 Fri   CAN RAW MATERIALS    AUG  N/F  PCT     N/A	N/A</p>
<p> 1400 Fri   USA HELP WANTED INDX AUG  N/F	    N/A	N/A</p>
<p>** Danielle Gann London newsroom +44 171 542 6425 **</p>
</text>
<copyright>(c) Reuters Limited 1997</copyright>
<metadata>
<codes class="bip:countries:1.0">
  <code code="UK">
    <editdetail attribution="Reuters BIP Coding Group" action="confirmed" date="1997-07-30"/>
  </code>
</codes>
<codes class="bip:topics:1.0">
  <code code="E71">
    <editdetail attribution="Reuters BIP Coding Group" action="confirmed" date="1997-07-30"/>
  </code>
  <code code="ECAT">
    <editdetail attribution="Reuters BIP Coding Group" action="confirmed" date="1997-07-30"/>
  </code>
</codes>
<dc element="dc.publisher" value="Reuters Holdings Plc"/>
<dc element="dc.date.published" value="1997-07-30"/>
<dc element="dc.source" value="Reuters"/>
<dc element="dc.creator.location.country.name" value="UK"/>
<dc element="dc.source" value="Reuters"/>
</metadata>
</newsitem>
