<?xml version="1.0" encoding="iso-8859-1" ?>
<newsitem itemid="163222" id="root" date="1996-11-04" xml:lang="en">
<title>CANADA: CIBC sets C$100 mln fund for high-tech firms.</title>
<headline>CIBC sets C$100 mln fund for high-tech firms.</headline>
<dateline>TORONTO 1996-11-04</dateline>
<text>
<p>Canadian Imperial Bank of Commerce said on Monday that it set up a C$100 million equity fund for knowledge-based businesses.</p>
<p>The CIBC Innovation Fund would provide venture capital financing to companies involved in software, computers, telecommunications, multimedia, medical and environmental technology, the bank said.</p>
<p>&quot;These businesses often have trouble funding their growth because they may have virtually no track record, or few tangible assets,&quot; said Jo-Anne Raynes, head of CIBC's knowledge-based business group.  </p>
<p>CIBC said the fund would make available financing as low as C$250,000 to companies that needed only small amounts of capital to get started.</p>
<p>CIBC said advanced technology was a C$50 billion industry in Canada and growing at eight percent annually.</p>
<p>&quot;Over the next 10 to 15 years, knowledge-based business will account for 20 percent of the Canadian economy -- up from today's level of five percent of GDP,&quot; the bank said.</p>
<p>The fund is scheduled to start up in early 1997.</p>
<p>-- Reuters Toronto Bureau (416) 941-8100</p>
</text>
<copyright>(c) Reuters Limited 1996</copyright>
<metadata>
<codes class="bip:countries:1.0">
  <code code="CANA">
    <editdetail attribution="Reuters BIP Coding Group" action="confirmed" date="1996-11-04"/>
  </code>
</codes>
<codes class="bip:industries:1.0">
  <code code="I81402">
    <editdetail attribution="Reuters BIP Coding Group" action="confirmed" date="1996-11-04"/>
  </code>
  <code code="I81502">
    <editdetail attribution="Reuters BIP Coding Group" action="confirmed" date="1996-11-04"/>
  </code>
  <code code="I8150203">
    <editdetail attribution="Reuters BIP Coding Group" action="confirmed" date="1996-11-04"/>
  </code>
</codes>
<codes class="bip:topics:1.0">
  <code code="C22">
    <editdetail attribution="Reuters BIP Coding Group" action="confirmed" date="1996-11-04"/>
  </code>
  <code code="CCAT">
    <editdetail attribution="Reuters BIP Coding Group" action="confirmed" date="1996-11-04"/>
  </code>
</codes>
<dc element="dc.date.created" value="1996-11-04"/>
<dc element="dc.publisher" value="Reuters Holdings Plc"/>
<dc element="dc.date.published" value="1996-11-04"/>
<dc element="dc.source" value="Reuters"/>
<dc element="dc.creator.location" value="TORONTO"/>
<dc element="dc.creator.location.country.name" value="CANADA"/>
<dc element="dc.source" value="Reuters"/>
</metadata>
</newsitem>
