<?xml version="1.0" encoding="iso-8859-1" ?>
<newsitem itemid="279684" id="root" date="1996-12-30" xml:lang="en">
<title>CANADA: RESEARCH ALERT - Merrill starts communications cos.</title>
<headline>RESEARCH ALERT - Merrill starts communications cos.</headline>
<text>
<p>-- Merrill Lynch said it initiated coverage of several Canadian communications companies, such as Rogers Communications Inc. Merrill started coverage of Rogers as near-term neutral and as long-term accumulate.</p>
<p>-- Merrill Lynch initiated coverage of Shaw Communications Inc as both near-term and long-term accumulate.</p>
<p>-- Merrill also initiated coverage of Videotron Groupe Ltee as both near-term and long-term accumulate.</p>
<p>-- Merrill also raised its rating of Rogers Cantel Mobile Communications Inc to near-term accumulate from near-term neutral.</p>
</text>
<copyright>(c) Reuters Limited 1996</copyright>
<metadata>
<codes class="bip:countries:1.0">
  <code code="CANA">
    <editdetail attribution="Reuters BIP Coding Group" action="confirmed" date="1996-12-30"/>
  </code>
</codes>
<codes class="bip:industries:1.0">
  <code code="I79020">
    <editdetail attribution="Reuters BIP Coding Group" action="confirmed" date="1996-12-30"/>
  </code>
  <code code="I97400">
    <editdetail attribution="Reuters BIP Coding Group" action="confirmed" date="1996-12-30"/>
  </code>
</codes>
<codes class="bip:topics:1.0">
  <code code="C15">
    <editdetail attribution="Reuters BIP Coding Group" action="confirmed" date="1996-12-30"/>
  </code>
  <code code="C152">
    <editdetail attribution="Reuters BIP Coding Group" action="confirmed" date="1996-12-30"/>
  </code>
  <code code="CCAT">
    <editdetail attribution="Reuters BIP Coding Group" action="confirmed" date="1996-12-30"/>
  </code>
</codes>
<dc element="dc.publisher" value="Reuters Holdings Plc"/>
<dc element="dc.date.published" value="1996-12-30"/>
<dc element="dc.source" value="Reuters"/>
<dc element="dc.creator.location.country.name" value="CANADA"/>
<dc element="dc.source" value="Reuters"/>
</metadata>
</newsitem>
