<?xml version="1.0" encoding="iso-8859-1" ?>
<newsitem itemid="255977" id="root" date="1996-12-13" xml:lang="en">
<title>USA: NYMEX ACCESS energy prices up in range-bound trade.</title>
<headline>NYMEX ACCESS energy prices up in range-bound trade.</headline>
<dateline>LOS ANGELES 1996-12-12</dateline>
<text>
<p>U.S. energy futures prices rose slightly in thin range-bound trade during ACCESS, with sellers assessing the market higher amid news that Iraqi leader Saddam Hussein's son was wounded by gunfire Thursday.</p>
<p>After-hours, January crude gained 13 cents to $23.85 a barrel, as 450 lots traded in the front-month with 890 exchanged overall.</p>
<p>About 122 lots of January heating oil traded, with 230 changing hands in all months as the contract climbed 0.53 cents a gallon to 69.20 cents a gallon.</p>
<p>Front-month gasoline increased to 65.20 cents a gallon, up 0.58 cents as 122 lots changed hands.</p>
<p>-- David Brinkerhoff, Los Angeles bureau +1 213 380 2014</p>
</text>
<copyright>(c) Reuters Limited 1996</copyright>
<metadata>
<codes class="bip:countries:1.0">
  <code code="USA">
    <editdetail attribution="Reuters BIP Coding Group" action="confirmed" date="1996-12-13"/>
  </code>
</codes>
<codes class="bip:topics:1.0">
  <code code="M14">
    <editdetail attribution="Reuters BIP Coding Group" action="confirmed" date="1996-12-13"/>
  </code>
  <code code="M143">
    <editdetail attribution="Reuters BIP Coding Group" action="confirmed" date="1996-12-13"/>
  </code>
  <code code="MCAT">
    <editdetail attribution="Reuters BIP Coding Group" action="confirmed" date="1996-12-13"/>
  </code>
</codes>
<dc element="dc.date.created" value="1996-12-12"/>
<dc element="dc.publisher" value="Reuters Holdings Plc"/>
<dc element="dc.date.published" value="1996-12-13"/>
<dc element="dc.source" value="Reuters"/>
<dc element="dc.creator.location" value="LOS ANGELES"/>
<dc element="dc.creator.location.country.name" value="USA"/>
<dc element="dc.source" value="Reuters"/>
</metadata>
</newsitem>
