<?xml version="1.0" encoding="iso-8859-1" ?>
<newsitem itemid="175931" id="root" date="1996-11-08" xml:lang="en">
<title>SLOVENIA: Slovenia govt institute sees 1996 GDP up 3.1 pct.</title>
<headline>Slovenia govt institute sees 1996 GDP up 3.1 pct.</headline>
<dateline>LJUBLJANA 1996-11-08</dateline>
<text>
<p>Slovenia's state Institute of Macroeconomic Analysis said on Friday the country's gross domestic product for 1996 would rise by between 2.9 and 3.1 percent, at the lower end of the government's own forecast.</p>
<p>&quot;The latest figures show GDP growth will not be far from three percent, possibly a 10th of a point more or less,&quot; the institute's senior analyst Dusan Kidric told Reuters.</p>
<p>He said industrial production, agricultural and construction figures all showed signs of growth.</p>
<p>Prime Minister Janez Drnovsek, who faces a general election on Sunday, has said he expects GDP in 1996 to grow by between three and four percent.</p>
<p>Drnvosek on Thursday pledged that Slovenian growth would rise by between four and five percent each of the next four years, should his government be returned to power.</p>
<p>&quot;These growth figures are realistic...providing that our expectations of rising domestic and foreign investment after the privatisation process ends (in 1997) come true,&quot; Kidric said.</p>
<p>GDP growth in 1995 was 3.5 percent, down from 4.9 percent in 1994. - Marja Novak, Ljubljana newsroom, +386-61 125-8438</p>
</text>
<copyright>(c) Reuters Limited 1996</copyright>
<metadata>
<codes class="bip:countries:1.0">
  <code code="SLVNIA">
    <editdetail attribution="Reuters BIP Coding Group" action="confirmed" date="1996-11-08"/>
  </code>
</codes>
<codes class="bip:topics:1.0">
  <code code="E11">
    <editdetail attribution="Reuters BIP Coding Group" action="confirmed" date="1996-11-08"/>
  </code>
  <code code="ECAT">
    <editdetail attribution="Reuters BIP Coding Group" action="confirmed" date="1996-11-08"/>
  </code>
</codes>
<dc element="dc.date.created" value="1996-11-08"/>
<dc element="dc.publisher" value="Reuters Holdings Plc"/>
<dc element="dc.date.published" value="1996-11-08"/>
<dc element="dc.source" value="Reuters"/>
<dc element="dc.creator.location" value="LJUBLJANA"/>
<dc element="dc.creator.location.country.name" value="SLOVENIA"/>
<dc element="dc.source" value="Reuters"/>
</metadata>
</newsitem>
