<?xml version="1.0" encoding="iso-8859-1" ?>
<newsitem itemid="502812" id="root" date="1997-04-11" xml:lang="en">
<title>USA: National Computer buys electronic testing company.</title>
<headline>National Computer buys electronic testing company.</headline>
<dateline>MINNEAPOLIS 1997-04-11</dateline>
<text>
<p>National Computer Systems Inc said Friday it has completed acquisition of Virtual University Enterprises, a Bloomington, Minn.-based electronic course registration and electronic testing company.</p>
<p>Terms of the transaction were not disclosed.</p>
<p>National Computer Systems provides test scoring, analysis and reporting services.</p>
<p>National Computer Systems said Virtual University will provide it with entry into the electronic testing and certification market for professionals.</p>
<p>Shares of National Computer Systems were trading off 1/4 to 24-3/4.</p>
<p>	   ((Chicago newsdesk 312 408 8787))</p>
</text>
<copyright>(c) Reuters Limited 1997</copyright>
<metadata>
<codes class="bip:countries:1.0">
  <code code="USA">
    <editdetail attribution="Reuters BIP Coding Group" action="confirmed" date="1997-04-11"/>
  </code>
</codes>
<codes class="bip:industries:1.0">
  <code code="I33020">
    <editdetail attribution="Reuters BIP Coding Group" action="confirmed" date="1997-04-11"/>
  </code>
  <code code="I83954">
    <editdetail attribution="Reuters BIP Coding Group" action="confirmed" date="1997-04-11"/>
  </code>
</codes>
<codes class="bip:topics:1.0">
  <code code="C18">
    <editdetail attribution="Reuters BIP Coding Group" action="confirmed" date="1997-04-11"/>
  </code>
  <code code="C181">
    <editdetail attribution="Reuters BIP Coding Group" action="confirmed" date="1997-04-11"/>
  </code>
  <code code="CCAT">
    <editdetail attribution="Reuters BIP Coding Group" action="confirmed" date="1997-04-11"/>
  </code>
</codes>
<dc element="dc.date.created" value="1997-04-11"/>
<dc element="dc.publisher" value="Reuters Holdings Plc"/>
<dc element="dc.date.published" value="1997-04-11"/>
<dc element="dc.source" value="Reuters"/>
<dc element="dc.creator.location" value="MINNEAPOLIS"/>
<dc element="dc.creator.location.country.name" value="USA"/>
<dc element="dc.source" value="Reuters"/>
</metadata>
</newsitem>
