<?xml version="1.0" encoding="iso-8859-1" ?>
<newsitem itemid="621334" id="root" date="1997-05-28" xml:lang="en">
<title>DUBAI: Saudi Aramco cuts bunker fuel prices.</title>
<headline>Saudi Aramco cuts bunker fuel prices.</headline>
<dateline>DUBAI 1997-05-28</dateline>
<text>
<p>Saudi Aramco has cut A-960 bunker fuel prices from Ras Tanura and Dammam by $1.50 to $103.50 a tonne ($15.89 a barrel) with effect May 29, the company said on Wednesday.</p>
<p>A-960 bunker fuel oil from the Red Sea ports of Jeddah and Yanbu went down by $1.50 to $98.50 a tonne ($15.12 a barrel).</p>
<p>A-888 bunker diesel from the two Gulf ports is $2 lower at $210 a tonne and $2 lower from the Red Sea at $196.50 a tonne.</p>
</text>
<copyright>(c) Reuters Limited 1997</copyright>
<metadata>
<codes class="bip:countries:1.0">
  <code code="SAARAB">
    <editdetail attribution="Reuters BIP Coding Group" action="confirmed" date="1997-05-28"/>
  </code>
</codes>
<codes class="bip:topics:1.0">
  <code code="M14">
    <editdetail attribution="Reuters BIP Coding Group" action="confirmed" date="1997-05-28"/>
  </code>
  <code code="M143">
    <editdetail attribution="Reuters BIP Coding Group" action="confirmed" date="1997-05-28"/>
  </code>
  <code code="MCAT">
    <editdetail attribution="Reuters BIP Coding Group" action="confirmed" date="1997-05-28"/>
  </code>
</codes>
<dc element="dc.date.created" value="1997-05-28"/>
<dc element="dc.publisher" value="Reuters Holdings Plc"/>
<dc element="dc.date.published" value="1997-05-28"/>
<dc element="dc.source" value="Reuters"/>
<dc element="dc.creator.location" value="DUBAI"/>
<dc element="dc.creator.location.country.name" value="DUBAI"/>
<dc element="dc.source" value="Reuters"/>
</metadata>
</newsitem>
