<?xml version="1.0" encoding="iso-8859-1" ?>
<newsitem itemid="367152" id="root" date="1997-02-10" xml:lang="en">
<title>USA: SunAmerica fund hires high-yield manager.</title>
<headline>SunAmerica fund hires high-yield manager.</headline>
<dateline>NEW YORK 1997-02-10</dateline>
<text>
<p>SunAmerica Asset Management Corp said it hired John Risner as senior portfolio manager for its fixed income investment team.</p>
<p>Risner will focus on high-yield investments for both mutual funds and annuities.</p>
<p>Risner joins SunAmerica from Value Line Asset Management, where he was senior portfolio manager of the Value Line Aggressive Income Trust and Value Line Convertible funds.</p>
<p>SunAmerica Asset Management is the mutual fund management and investment advisory unit of SunAmerica Inc.</p>
</text>
<copyright>(c) Reuters Limited 1997</copyright>
<metadata>
<codes class="bip:countries:1.0">
  <code code="USA">
    <editdetail attribution="Reuters BIP Coding Group" action="confirmed" date="1997-02-10"/>
  </code>
</codes>
<codes class="bip:industries:1.0">
  <code code="I83100">
    <editdetail attribution="Reuters BIP Coding Group" action="confirmed" date="1997-02-10"/>
  </code>
</codes>
<codes class="bip:topics:1.0">
  <code code="C41">
    <editdetail attribution="Reuters BIP Coding Group" action="confirmed" date="1997-02-10"/>
  </code>
  <code code="C411">
    <editdetail attribution="Reuters BIP Coding Group" action="confirmed" date="1997-02-10"/>
  </code>
  <code code="CCAT">
    <editdetail attribution="Reuters BIP Coding Group" action="confirmed" date="1997-02-10"/>
  </code>
</codes>
<dc element="dc.date.created" value="1997-02-10"/>
<dc element="dc.publisher" value="Reuters Holdings Plc"/>
<dc element="dc.date.published" value="1997-02-10"/>
<dc element="dc.source" value="Reuters"/>
<dc element="dc.creator.location" value="NEW YORK"/>
<dc element="dc.creator.location.country.name" value="USA"/>
<dc element="dc.source" value="Reuters"/>
</metadata>
</newsitem>
