<?xml version="1.0" encoding="iso-8859-1" ?>
<newsitem itemid="32606" id="root" date="1996-09-04" xml:lang="en">
<title>USA: Lechters Inc August same-store sales rise.</title>
<headline>Lechters Inc August same-store sales rise.</headline>
<dateline>HARRISON, N.J. 1996-09-04</dateline>
<text>
<p>Percent change</p>
<p>		    1996	 1995	     Total     Same-Store</p>
<p>Month		$33.3	$30.8	  +8	 +3.8</p>
<p>Year-to-date    $211.0     $199.8	+5.6	 +0.3</p>
<p>NOTE: Figures in millions except percentage.</p>
<p>Month is 4 weeks ended August 26.</p>
</text>
<copyright>(c) Reuters Limited 1996</copyright>
<metadata>
<codes class="bip:countries:1.0">
  <code code="USA">
    <editdetail attribution="Reuters BIP Coding Group" action="confirmed" date="1996-09-04"/>
  </code>
</codes>
<codes class="bip:industries:1.0">
  <code code="I65400">
    <editdetail attribution="Reuters BIP Coding Group" action="confirmed" date="1996-09-04"/>
  </code>
</codes>
<codes class="bip:topics:1.0">
  <code code="C31">
    <editdetail attribution="Reuters BIP Coding Group" action="confirmed" date="1996-09-04"/>
  </code>
  <code code="CCAT">
    <editdetail attribution="Reuters BIP Coding Group" action="confirmed" date="1996-09-04"/>
  </code>
</codes>
<dc element="dc.date.created" value="1996-09-04"/>
<dc element="dc.publisher" value="Reuters Holdings Plc"/>
<dc element="dc.date.published" value="1996-09-04"/>
<dc element="dc.source" value="Reuters"/>
<dc element="dc.creator.location" value="HARRISON, N.J."/>
<dc element="dc.creator.location.country.name" value="USA"/>
<dc element="dc.source" value="Reuters"/>
</metadata>
</newsitem>
