<?xml version="1.0" encoding="iso-8859-1" ?>
<newsitem itemid="454051" id="root" date="1997-03-19" xml:lang="en">
<title>TURKEY: Turks mandate JP Morgan, Warburg for Eurodlr issue.</title>
<headline>Turks mandate JP Morgan, Warburg for Eurodlr issue.</headline>
<dateline>ISTANBUL 1997-03-19</dateline>
<text>
<p>Turkey has mandated J.P. Morgan and SBC Warburg to arrange a five-year $250-million Eurodollar issue, state minister Ufuk Soylemez said.</p>
<p>&quot;The treasury gave mandate on Tuesday,&quot; he told Reuters.</p>
<p>Soylemez said the issue was expected to be set in the first half of April.</p>
<p>Turkey had set 300 billion Italian lire of five-year bond in February.</p>
</text>
<copyright>(c) Reuters Limited 1997</copyright>
<metadata>
<codes class="bip:countries:1.0">
  <code code="TURK">
    <editdetail attribution="Reuters BIP Coding Group" action="confirmed" date="1997-03-19"/>
  </code>
</codes>
<codes class="bip:topics:1.0">
  <code code="E21">
    <editdetail attribution="Reuters BIP Coding Group" action="confirmed" date="1997-03-19"/>
  </code>
  <code code="E212">
    <editdetail attribution="Reuters BIP Coding Group" action="confirmed" date="1997-03-19"/>
  </code>
  <code code="ECAT">
    <editdetail attribution="Reuters BIP Coding Group" action="confirmed" date="1997-03-19"/>
  </code>
</codes>
<dc element="dc.date.created" value="1997-03-19"/>
<dc element="dc.publisher" value="Reuters Holdings Plc"/>
<dc element="dc.date.published" value="1997-03-19"/>
<dc element="dc.source" value="Reuters"/>
<dc element="dc.creator.location" value="ISTANBUL"/>
<dc element="dc.creator.location.country.name" value="TURKEY"/>
<dc element="dc.source" value="Reuters"/>
</metadata>
</newsitem>
