<?xml version="1.0" encoding="iso-8859-1" ?>
<newsitem itemid="196804" id="root" date="1996-11-18" xml:lang="en">
<title>USA: U.S. GULF REFORMULATED GASOLINE 1738 - NOV 18.</title>
<headline>U.S. GULF REFORMULATED GASOLINE 1738 - NOV 18.</headline>
<text>
<p>Oct CTS/gal		  DIFFS		    OUTRIGHT</p>
<p>		     NYMEX   BUY/SELL		    CTS/GAL</p>
<p>  RFG 93 PPT	DEC6   2.25/2.50  N   PPT   68.02/68.27</p>
<p>  RFG 93 ANY	DEC6   1.75/2.00  N   ANY   67.52/67.77</p>
<p>  RFG 87 PPT	DEC6  -1.50/-1.25 N   PPT   64.27/64.52</p>
<p>  RFG 87 ANY	DEC6  -1.50/-1.25 N   ANY   64.27/64.52</p>
<p>NOTE: RFG=2.0% OXYGEN BY WEIGHT</p>
</text>
<copyright>(c) Reuters Limited 1996</copyright>
<metadata>
<codes class="bip:countries:1.0">
  <code code="USA">
    <editdetail attribution="Reuters BIP Coding Group" action="confirmed" date="1996-11-18"/>
  </code>
</codes>
<codes class="bip:topics:1.0">
  <code code="M14">
    <editdetail attribution="Reuters BIP Coding Group" action="confirmed" date="1996-11-18"/>
  </code>
  <code code="M143">
    <editdetail attribution="Reuters BIP Coding Group" action="confirmed" date="1996-11-18"/>
  </code>
  <code code="MCAT">
    <editdetail attribution="Reuters BIP Coding Group" action="confirmed" date="1996-11-18"/>
  </code>
</codes>
<dc element="dc.publisher" value="Reuters Holdings Plc"/>
<dc element="dc.date.published" value="1996-11-18"/>
<dc element="dc.source" value="Reuters"/>
<dc element="dc.creator.location.country.name" value="USA"/>
<dc element="dc.source" value="Reuters"/>
</metadata>
</newsitem>
