<?xml version="1.0" encoding="iso-8859-1" ?>
<newsitem itemid="452538" id="root" date="1997-03-19" xml:lang="en">
<title>ANGOLA: More than 160 prisoners escape from Angola jail.</title>
<headline>More than 160 prisoners escape from Angola jail.</headline>
<dateline>LUANDA 1997-03-19</dateline>
<text>
<p>More than 160 prisoners escaped from a Luanda jail on the outskirts of the capital at the weekend, Angolan state radio said.</p>
<p>A guard at the Luanda Central jail told the radio on Tuesday a total of 169 prisoners had escaped on Saturday, many of them hardened criminals.</p>
<p>The guard, speaking on condition of anonymity, told the radio the jailbreak was due to a breach in security.</p>
<p>&quot;Obviously something went wrong with our security on Saturday and you can't rule out complacency on the part of the guards,&quot; the guard told the radio.</p>
<p>He said no one was killed or injured during the escape.</p>
</text>
<copyright>(c) Reuters Limited 1997</copyright>
<metadata>
<codes class="bip:countries:1.0">
  <code code="ANGOL">
    <editdetail attribution="Reuters BIP Coding Group" action="confirmed" date="1997-03-19"/>
  </code>
</codes>
<codes class="bip:topics:1.0">
  <code code="GCAT">
    <editdetail attribution="Reuters BIP Coding Group" action="confirmed" date="1997-03-19"/>
  </code>
  <code code="GCRIM">
    <editdetail attribution="Reuters BIP Coding Group" action="confirmed" date="1997-03-19"/>
  </code>
</codes>
<dc element="dc.date.created" value="1997-03-19"/>
<dc element="dc.publisher" value="Reuters Holdings Plc"/>
<dc element="dc.date.published" value="1997-03-19"/>
<dc element="dc.source" value="Reuters"/>
<dc element="dc.creator.location" value="LUANDA"/>
<dc element="dc.creator.location.country.name" value="ANGOLA"/>
<dc element="dc.source" value="Reuters"/>
</metadata>
</newsitem>
