<?xml version="1.0" encoding="iso-8859-1" ?>
<newsitem itemid="250896" id="root" date="1996-12-11" xml:lang="en">
<title>HONG KONG: Yiu Wing in HK$50 mln share placement.</title>
<headline>Yiu Wing in HK$50 mln share placement.</headline>
<dateline>HONG KONG 1996-12-11</dateline>
<text>
<p>Yiu Wing International Holdings Ltd said on Wednesday it agreed to place 43.10 million new shares, or 8.1 percent of the enlarged share capital, to independent investors at a price of HK$1.18 per share.</p>
<p>It said net proceeds of about HK$50.50 million from the placement will be used to repay the outstanding principal of HK$49.99 million on a HK$60 million convertible redeemable note due on December 18.</p>
<p>The note was issued to a wholly owned subsidiary of Cheung Kong (Holdings) Ltd, Yiu Wing said.</p>
<p>The construction and property investment group said it would place 29.10 million shares to Wang Jian Guo and 14 million shares to Cheung Kee.</p>
<p>The shareholdings of Wang and Cheung Kee, independent investors in Yiu Wing, will be increased to 6.5 percent and 5.0 percent, respectively, from 1.1 percent and 2.6 percent on completion of the deal on December 18.</p>
<p>Yiu Wing shares were at HK$1.39 per share at midday on Wednesday, up HK$0.05 from Tuesday's close.  </p>
<p>&quot;The investors will hold the placing shares as a long-term investment and have undertaken not to sell or transfer the placing shares within one year after completion of the placing,&quot; Yiu Wing chairman Cheung Yiu Wing said in the statement.</p>
<p>&quot;No change in the management of the company is expected,&quot; he added.</p>
<p>The chairman's stake in Yiu Wing will be diluted to 22.5 percent from 24.5 percent following the deal, managing director Cheng Chao Ming's shareholding will be reduced to 14.3 percent from 15.6 percent, and director Cheung Kung Tai's stake will be cut to 12.4 percent from 13.5 percent.</p>
<p>-- Hong Kong Newsroom (852) 2843 6370</p>
</text>
<copyright>(c) Reuters Limited 1996</copyright>
<metadata>
<codes class="bip:countries:1.0">
  <code code="HKONG">
    <editdetail attribution="Reuters BIP Coding Group" action="confirmed" date="1996-12-11"/>
  </code>
</codes>
<codes class="bip:industries:1.0">
  <code code="I50000">
    <editdetail attribution="Reuters BIP Coding Group" action="confirmed" date="1996-12-11"/>
  </code>
  <code code="I85000">
    <editdetail attribution="Reuters BIP Coding Group" action="confirmed" date="1996-12-11"/>
  </code>
</codes>
<codes class="bip:topics:1.0">
  <code code="C17">
    <editdetail attribution="Reuters BIP Coding Group" action="confirmed" date="1996-12-11"/>
  </code>
  <code code="C171">
    <editdetail attribution="Reuters BIP Coding Group" action="confirmed" date="1996-12-11"/>
  </code>
  <code code="C172">
    <editdetail attribution="Reuters BIP Coding Group" action="confirmed" date="1996-12-11"/>
  </code>
  <code code="CCAT">
    <editdetail attribution="Reuters BIP Coding Group" action="confirmed" date="1996-12-11"/>
  </code>
</codes>
<dc element="dc.date.created" value="1996-12-11"/>
<dc element="dc.publisher" value="Reuters Holdings Plc"/>
<dc element="dc.date.published" value="1996-12-11"/>
<dc element="dc.source" value="Reuters"/>
<dc element="dc.creator.location" value="HONG KONG"/>
<dc element="dc.creator.location.country.name" value="HONG KONG"/>
<dc element="dc.source" value="Reuters"/>
</metadata>
</newsitem>
