<?xml version="1.0" encoding="iso-8859-1" ?>
<newsitem itemid="680140" id="root" date="1997-06-23" xml:lang="en">
<title>INDONESIA: Indonesia palm olein stable in late trade.</title>
<headline>Indonesia palm olein stable in late trade.</headline>
<dateline>JAKARTA 1997-06-23</dateline>
<text>
<p>Indonesian palm olein prices were mostly stable in late trading on Monday, with the absence of fresh leads keeping the market quiet, traders said.</p>
<p>They said palm olein was quoted at 1,370-75 rupiah/kg in Jakarta, unchanged from the opening, but trades were also heard at 1,365 rupiah. Crude palm oil was last done at 1,175 rupiah.</p>
<p>&quot;There was not much business for me today,&quot; one trader said. &quot;Demand was not there and a dull day in Malaysia did not help. Buyers are waiting for fresh leads.&quot;</p>
<p>Another trader said a crude palm oil tender on Tuesday in the North Sumatran city of Medan should give some direction.</p>
</text>
<copyright>(c) Reuters Limited 1997</copyright>
<metadata>
<codes class="bip:countries:1.0">
  <code code="INDON">
    <editdetail attribution="Reuters BIP Coding Group" action="confirmed" date="1997-06-23"/>
  </code>
</codes>
<codes class="bip:topics:1.0">
  <code code="M14">
    <editdetail attribution="Reuters BIP Coding Group" action="confirmed" date="1997-06-23"/>
  </code>
  <code code="M141">
    <editdetail attribution="Reuters BIP Coding Group" action="confirmed" date="1997-06-23"/>
  </code>
  <code code="MCAT">
    <editdetail attribution="Reuters BIP Coding Group" action="confirmed" date="1997-06-23"/>
  </code>
</codes>
<dc element="dc.date.created" value="1997-06-23"/>
<dc element="dc.publisher" value="Reuters Holdings Plc"/>
<dc element="dc.date.published" value="1997-06-23"/>
<dc element="dc.source" value="Reuters"/>
<dc element="dc.creator.location" value="JAKARTA"/>
<dc element="dc.creator.location.country.name" value="INDONESIA"/>
<dc element="dc.source" value="Reuters"/>
</metadata>
</newsitem>
