<?xml version="1.0" encoding="iso-8859-1" ?>
<newsitem itemid="278674" id="root" date="1996-12-27" xml:lang="en">
<title>PHILIPPINES: Philippine Jardine to sell affiliates.</title>
<headline>Philippine Jardine to sell affiliates.</headline>
<dateline>MANILA 1996-12-27</dateline>
<text>
<p>Jardine Davies Inc said on Friday its board had approved a plan to dispose of its entire equity holdings in three of its affiliates.</p>
<p>Corporate secretary B.S. Chungunco told the Philipine Stock Exchange that the company planned to sell 75,000 shares in Thorn Lighting (Philippines) Inc, where it holds a 50 percent equity stake; 140,000 shares in Jardine Wines and Spirits Philippines Inc, where it holds 40 percent, and 300,000 shares in Jardine Aboitiz Insurance Brokers Inc, where it holds 27.5 percent.</p>
<p>Chungunco did not say how much the company, 72 percent owned by Jardine Matheson Holdings Ltd, is expected to generate from the sale, but said the matter would be finalised within the year.</p>
<p>He said the plan was part of its corporate restructuring.</p>
<p>Jardine has interests in securities broking, life insurance, shipping, manufacturing and distribution of cement, refractories and timber.</p>
<p>- Manila newsroom 63 2 8418938 Fax 8176267</p>
</text>
<copyright>(c) Reuters Limited 1996</copyright>
<metadata>
<codes class="bip:countries:1.0">
  <code code="HKONG">
    <editdetail attribution="Reuters BIP Coding Group" action="confirmed" date="1996-12-27"/>
  </code>
  <code code="PHLNS">
    <editdetail attribution="Reuters BIP Coding Group" action="confirmed" date="1996-12-27"/>
  </code>
</codes>
<codes class="bip:industries:1.0">
  <code code="I83960">
    <editdetail attribution="Reuters BIP Coding Group" action="confirmed" date="1996-12-27"/>
  </code>
</codes>
<codes class="bip:topics:1.0">
  <code code="C11">
    <editdetail attribution="Reuters BIP Coding Group" action="confirmed" date="1996-12-27"/>
  </code>
  <code code="C18">
    <editdetail attribution="Reuters BIP Coding Group" action="confirmed" date="1996-12-27"/>
  </code>
  <code code="C181">
    <editdetail attribution="Reuters BIP Coding Group" action="confirmed" date="1996-12-27"/>
  </code>
  <code code="CCAT">
    <editdetail attribution="Reuters BIP Coding Group" action="confirmed" date="1996-12-27"/>
  </code>
</codes>
<dc element="dc.date.created" value="1996-12-27"/>
<dc element="dc.publisher" value="Reuters Holdings Plc"/>
<dc element="dc.date.published" value="1996-12-27"/>
<dc element="dc.source" value="Reuters"/>
<dc element="dc.creator.location" value="MANILA"/>
<dc element="dc.creator.location.country.name" value="PHILIPPINES"/>
<dc element="dc.source" value="Reuters"/>
</metadata>
</newsitem>
