<?xml version="1.0" encoding="iso-8859-1" ?>
<newsitem itemid="720696" id="root" date="1997-07-10" xml:lang="en">
<title>SPAIN: Catalonia allotted 12.6 mln pesetas at auction.</title>
<headline>Catalonia allotted 12.6 mln pesetas at auction.</headline>
<dateline>MADRID 1996-07-11</dateline>
<text>
<p>Spain's Catalonia regional government announced on Thursday the following results of its auction of three-, five-, and 10-year bonds for a total of 12.6 billion pesetas.</p>
<p>    ISSUE     YIELD  (PVS)    PRICES  (PVS)  ALLOTTED</p>
<p> 5.30%-2000  5.147  5.248    101.75  101.1   2.5</p>
<p> 5.75%-2002  5.504  5.708    103.15  101.9   2.3</p>
<p> 6.70%-2007  6.346  6.613    104.50  102.1   7.8</p>
<p>NOTE - All these bonds are new tranches of previous issues already auctioned on June 12 when Catalonia reopened its monthly note and bond auction.</p>
<p>The payment of today's allottment will be on July 17.</p>
<p>-- Madrid newsroom + 34 1 585 8340</p>
</text>
<copyright>(c) Reuters Limited 1997</copyright>
<metadata>
<codes class="bip:countries:1.0">
  <code code="SPAIN">
    <editdetail attribution="Reuters BIP Coding Group" action="confirmed" date="1997-07-10"/>
  </code>
</codes>
<codes class="bip:topics:1.0">
  <code code="E21">
    <editdetail attribution="Reuters BIP Coding Group" action="confirmed" date="1997-07-10"/>
  </code>
  <code code="E212">
    <editdetail attribution="Reuters BIP Coding Group" action="confirmed" date="1997-07-10"/>
  </code>
  <code code="ECAT">
    <editdetail attribution="Reuters BIP Coding Group" action="confirmed" date="1997-07-10"/>
  </code>
  <code code="M12">
    <editdetail attribution="Reuters BIP Coding Group" action="confirmed" date="1997-07-10"/>
  </code>
  <code code="MCAT">
    <editdetail attribution="Reuters BIP Coding Group" action="confirmed" date="1997-07-10"/>
  </code>
</codes>
<dc element="dc.date.created" value="1996-07-11"/>
<dc element="dc.publisher" value="Reuters Holdings Plc"/>
<dc element="dc.date.published" value="1997-07-10"/>
<dc element="dc.source" value="Reuters"/>
<dc element="dc.creator.location" value="MADRID"/>
<dc element="dc.creator.location.country.name" value="SPAIN"/>
<dc element="dc.source" value="Reuters"/>
</metadata>
</newsitem>
