<?xml version="1.0" encoding="iso-8859-1" ?>
<newsitem itemid="488020" id="root" date="1997-04-04" xml:lang="en">
<title>CANADA: Canadian Gas Association storage survey - March 28.</title>
<headline>Canadian Gas Association storage survey - March 28.</headline>
<dateline>CALGARY 1997-04-04</dateline>
<text>
<p>Canadian Gas Association (CGA) weekly survey of Canadian natural gas in storage in billion cubic feet (bcf):</p>
<p>							 Pct Full  Pct Full</p>
<p>		 03/28/97  03/21/97  Pct Full  Week Ago  Year Ago</p>
<p>East	     10.26     13.84     4.41	 5.95	4.9</p>
<p>West	     44.92     43.52    17.34	16.80     27.6</p>
<p>Total Canada   55.19     57.36    11.22	11.67     16.9</p>
<p>East-West division is the Manitoba/Saskatchewan and North Dakota/Minnesota borders.</p>
<p>East capacity 03/28/97: 232.55 bcf, 03/21/97: 232.55 bcf.  </p>
<p>West capacity 03/28/97: 259.11 bcf, 03/21/96: 259.11 bcf.</p>
<p>The Canadian Gas Association survey includes liquefied petroleum gas, all Canadian operators of gas storage and Canadian companies contracting gas storage in the U.S.</p>
<p>((--Calgary Bureau (403) 531-1624))</p>
</text>
<copyright>(c) Reuters Limited 1997</copyright>
<metadata>
<codes class="bip:countries:1.0">
  <code code="CANA">
    <editdetail attribution="Reuters BIP Coding Group" action="confirmed" date="1997-04-04"/>
  </code>
</codes>
<codes class="bip:industries:1.0">
  <code code="I13000">
    <editdetail attribution="Reuters BIP Coding Group" action="confirmed" date="1997-04-04"/>
  </code>
</codes>
<codes class="bip:topics:1.0">
  <code code="C21">
    <editdetail attribution="Reuters BIP Coding Group" action="confirmed" date="1997-04-04"/>
  </code>
  <code code="CCAT">
    <editdetail attribution="Reuters BIP Coding Group" action="confirmed" date="1997-04-04"/>
  </code>
  <code code="M14">
    <editdetail attribution="Reuters BIP Coding Group" action="confirmed" date="1997-04-04"/>
  </code>
  <code code="M143">
    <editdetail attribution="Reuters BIP Coding Group" action="confirmed" date="1997-04-04"/>
  </code>
  <code code="MCAT">
    <editdetail attribution="Reuters BIP Coding Group" action="confirmed" date="1997-04-04"/>
  </code>
</codes>
<dc element="dc.date.created" value="1997-04-04"/>
<dc element="dc.publisher" value="Reuters Holdings Plc"/>
<dc element="dc.date.published" value="1997-04-04"/>
<dc element="dc.source" value="Reuters"/>
<dc element="dc.creator.location" value="CALGARY"/>
<dc element="dc.creator.location.country.name" value="CANADA"/>
<dc element="dc.source" value="Reuters"/>
</metadata>
</newsitem>
