<?xml version="1.0" encoding="iso-8859-1" ?>
<newsitem itemid="241460" id="root" date="1996-12-06" xml:lang="en">
<title>DENMARK: Danish central bank sells CDs at unchanged rate.</title>
<headline>Danish central bank sells CDs at unchanged rate.</headline>
<dateline>COPENHAGEN 1996-12-06</dateline>
<text>
<p>Denmark's central bank said on Friday it offered to sell 14-day certificates of deposit (CDs) at a fixed yield of 3.50 percent, unchanged from the previous two-week offer.</p>
<p>The bank steers money market rates and liquidity through its 14-day certificates of deposit (CDs) deals and state paper repos.</p>
<p>The central bank discount and key deposit rates were unchanged at 3.25 percent. --Steve Weizman, Copenhagen newsroom, 45-33-969650</p>
</text>
<copyright>(c) Reuters Limited 1996</copyright>
<metadata>
<codes class="bip:countries:1.0">
  <code code="DEN">
    <editdetail attribution="Reuters BIP Coding Group" action="confirmed" date="1996-12-06"/>
  </code>
</codes>
<codes class="bip:topics:1.0">
  <code code="M13">
    <editdetail attribution="Reuters BIP Coding Group" action="confirmed" date="1996-12-06"/>
  </code>
  <code code="M131">
    <editdetail attribution="Reuters BIP Coding Group" action="confirmed" date="1996-12-06"/>
  </code>
  <code code="MCAT">
    <editdetail attribution="Reuters BIP Coding Group" action="confirmed" date="1996-12-06"/>
  </code>
</codes>
<dc element="dc.date.created" value="1996-12-06"/>
<dc element="dc.publisher" value="Reuters Holdings Plc"/>
<dc element="dc.date.published" value="1996-12-06"/>
<dc element="dc.source" value="Reuters"/>
<dc element="dc.creator.location" value="COPENHAGEN"/>
<dc element="dc.creator.location.country.name" value="DENMARK"/>
<dc element="dc.source" value="Reuters"/>
</metadata>
</newsitem>
