<?xml version="1.0" encoding="iso-8859-1" ?>
<newsitem itemid="559887" id="root" date="1997-05-05" xml:lang="en">
<title>USA: Mid-South direct hogs carcass close - USDA.</title>
<headline>Mid-South direct hogs carcass close - USDA.</headline>
<dateline>THOMASVILLE, GA 1997-05-05</dateline>
<text>
<p>Receipts: Today 51,600,</p>
<p>Week Ago: 52,700, Year Ago: 53,700. Trend: Steady to $0.34 to</p>
<p>1.00 lower. - USDA</p>
<p>Lean Value Summary for 170-191 lbs Carcasses</p>
<p>Percent  10th Rib	Last Rib     Carcass Cwt</p>
<p>Lean	Backfat	 Backfat     Price Range</p>
<p>45-46   1.15-1.24&quot;   1.20-1.29&quot;    64.65  76.80</p>
<p>47-48   1.00-1.14&quot;   1.10-1.19&quot;    72.51  77.85</p>
<p>49-50    .90- .99&quot;   1.00-1.09&quot;    74.83  78.90</p>
<p>51-52    .75- .89&quot;    .80- .99&quot;    75.58  79.96</p>
<p>53-54    .60- .74&quot;    .60- .79&quot;    76.33  81.01</p>
<p>(Chicago newsdesk 312 408 8720)</p>
</text>
<copyright>(c) Reuters Limited 1997</copyright>
<metadata>
<codes class="bip:countries:1.0">
  <code code="USA">
    <editdetail attribution="Reuters BIP Coding Group" action="confirmed" date="1997-05-05"/>
  </code>
</codes>
<codes class="bip:topics:1.0">
  <code code="M14">
    <editdetail attribution="Reuters BIP Coding Group" action="confirmed" date="1997-05-05"/>
  </code>
  <code code="M141">
    <editdetail attribution="Reuters BIP Coding Group" action="confirmed" date="1997-05-05"/>
  </code>
  <code code="MCAT">
    <editdetail attribution="Reuters BIP Coding Group" action="confirmed" date="1997-05-05"/>
  </code>
</codes>
<dc element="dc.date.created" value="1997-05-05"/>
<dc element="dc.publisher" value="Reuters Holdings Plc"/>
<dc element="dc.date.published" value="1997-05-05"/>
<dc element="dc.source" value="Reuters"/>
<dc element="dc.creator.location" value="THOMASVILLE, GA"/>
<dc element="dc.creator.location.country.name" value="USA"/>
<dc element="dc.source" value="Reuters"/>
</metadata>
</newsitem>
