<?xml version="1.0" encoding="iso-8859-1" ?>
<newsitem itemid="273483" id="root" date="1996-12-23" xml:lang="en">
<title>INDIA: Indian cotton prices fall ahead of crucial meet.</title>
<headline>Indian cotton prices fall ahead of crucial meet.</headline>
<dateline>BOMBAY 1996-12-23</dateline>
<text>
<p>Indian cotton prices fell on low volumes and ahead of a meeting of the official Cotton Advisory Board later on Friday, dealers said.</p>
<p>The board is expected to discuss India's cotton demand and supply situation, they said. Mill demand remained low while higher new crop arrivals triggered fresh offerings they said.</p>
<p>In spot deals Bengal-deshi fell by 15/25 rupees to 805/835 rupees per maund (37.32 kg) while Punjab saw-ginned slid by 10/30 rupees to 1,360/1,610. Gujarat Sankar-4 (long-staple) however remained steady at 17,500/18,000 rupees per candy (355.56 kg) on limited activity.</p>
<p>-- Bombay Commodities +91-22-265 9000</p>
</text>
<copyright>(c) Reuters Limited 1996</copyright>
<metadata>
<codes class="bip:countries:1.0">
  <code code="INDIA">
    <editdetail attribution="Reuters BIP Coding Group" action="confirmed" date="1996-12-23"/>
  </code>
</codes>
<codes class="bip:topics:1.0">
  <code code="M14">
    <editdetail attribution="Reuters BIP Coding Group" action="confirmed" date="1996-12-23"/>
  </code>
  <code code="M141">
    <editdetail attribution="Reuters BIP Coding Group" action="confirmed" date="1996-12-23"/>
  </code>
  <code code="MCAT">
    <editdetail attribution="Reuters BIP Coding Group" action="confirmed" date="1996-12-23"/>
  </code>
</codes>
<dc element="dc.date.created" value="1996-12-23"/>
<dc element="dc.publisher" value="Reuters Holdings Plc"/>
<dc element="dc.date.published" value="1996-12-23"/>
<dc element="dc.source" value="Reuters"/>
<dc element="dc.creator.location" value="BOMBAY"/>
<dc element="dc.creator.location.country.name" value="INDIA"/>
<dc element="dc.source" value="Reuters"/>
</metadata>
</newsitem>
