<?xml version="1.0" encoding="iso-8859-1" ?>
<newsitem itemid="248087" id="root" date="1996-12-10" xml:lang="en">
<title>NETHERLANDS: Dutch PTT says now has 93.5 pct of TNT.</title>
<headline>Dutch PTT says now has 93.5 pct of TNT.</headline>
<dateline>THE HAGUE 1996-12-10</dateline>
<text>
<p>Dutch post and telecoms group PTT Nederland NV said on Tuesday it was now entitled to 93.5 percent of issued ordinary shares of TNT shares and 85.9 percent of issued converting preference shares.  </p>
<p>&quot;KPN (Australia) has now received acceptances from over 12,300 TNT shareholders,&quot; PTT said in a statement.</p>
<p>The company declared its A$2 billion bid for transport group TNT unconditional late last month after it received acceptances for more than 50 percent of the issued capital.</p>
<p>KPN had previously said the bid would be unconditional from a level of 90 percent of acceptance. The A$2.45 cash offer for ordinary and preference shares closes on December 12.</p>
<p>-- Amsterdam newsroom +31 20 504 5000, Fax +31 20 504 5040</p>
</text>
<copyright>(c) Reuters Limited 1996</copyright>
<metadata>
<codes class="bip:countries:1.0">
  <code code="AUSTR">
    <editdetail attribution="Reuters BIP Coding Group" action="confirmed" date="1996-12-10"/>
  </code>
  <code code="NETH">
    <editdetail attribution="Reuters BIP Coding Group" action="confirmed" date="1996-12-10"/>
  </code>
</codes>
<codes class="bip:industries:1.0">
  <code code="I79020">
    <editdetail attribution="Reuters BIP Coding Group" action="confirmed" date="1996-12-10"/>
  </code>
</codes>
<codes class="bip:topics:1.0">
  <code code="C18">
    <editdetail attribution="Reuters BIP Coding Group" action="confirmed" date="1996-12-10"/>
  </code>
  <code code="C181">
    <editdetail attribution="Reuters BIP Coding Group" action="confirmed" date="1996-12-10"/>
  </code>
  <code code="CCAT">
    <editdetail attribution="Reuters BIP Coding Group" action="confirmed" date="1996-12-10"/>
  </code>
</codes>
<dc element="dc.date.created" value="1996-12-10"/>
<dc element="dc.publisher" value="Reuters Holdings Plc"/>
<dc element="dc.date.published" value="1996-12-10"/>
<dc element="dc.source" value="Reuters"/>
<dc element="dc.creator.location" value="THE HAGUE"/>
<dc element="dc.creator.location.country.name" value="NETHERLANDS"/>
<dc element="dc.source" value="Reuters"/>
</metadata>
</newsitem>
