<?xml version="1.0" encoding="iso-8859-1" ?>
<newsitem itemid="540533" id="root" date="1997-04-25" xml:lang="en">
<title>AUSTRIA: Austrian ATX ends off, more losses seen ahead.</title>
<headline>Austrian ATX ends off, more losses seen ahead.</headline>
<dateline>VIENNA 1997-04-25</dateline>
<text>
<p>Austrian shares trudged lower on Friday, coming under pressure from Germany and weakness in market heavyweights, and traders said it was possible the ATX index could fall to 1,200 points next week.</p>
<p>&quot;The market was driven lower today by market heavyweights,&quot; said one trader. Yesterday's reversal by Wall Street had also contributed to uncertainty in the market, he noted.</p>
<p>&quot;I think we will see further correction on Monday, possibly even below 1,200,&quot; said another trader.</p>
<p>The ATX fell 9.06 points or 0.75 percent to 1,206.21. Among its constituents four shares rose, 16 fell and one was unchanged.</p>
<p>The session's top gainer was high-grade steelmaker Boehler-Uddeholm, adding 3.53 percent to 882 schillings.</p>
<p>Luxury hosiery maker Wolford led the losers, shedding 2.23 percent to 1,270 schillings.</p>
<p>The May ATX future tumbled 13.5 points to 1,196.2. -- Vienna newsroom, +431 53112 257</p>
</text>
<copyright>(c) Reuters Limited 1997</copyright>
<metadata>
<codes class="bip:countries:1.0">
  <code code="AUST">
    <editdetail attribution="Reuters BIP Coding Group" action="confirmed" date="1997-04-25"/>
  </code>
</codes>
<codes class="bip:topics:1.0">
  <code code="M11">
    <editdetail attribution="Reuters BIP Coding Group" action="confirmed" date="1997-04-25"/>
  </code>
  <code code="MCAT">
    <editdetail attribution="Reuters BIP Coding Group" action="confirmed" date="1997-04-25"/>
  </code>
</codes>
<dc element="dc.date.created" value="1997-04-25"/>
<dc element="dc.publisher" value="Reuters Holdings Plc"/>
<dc element="dc.date.published" value="1997-04-25"/>
<dc element="dc.source" value="Reuters"/>
<dc element="dc.creator.location" value="VIENNA"/>
<dc element="dc.creator.location.country.name" value="AUSTRIA"/>
<dc element="dc.source" value="Reuters"/>
</metadata>
</newsitem>
