<?xml version="1.0" encoding="iso-8859-1" ?>
<newsitem itemid="217691" id="root" date="1996-11-26" xml:lang="en">
<title>BELGIUM: EU high-tech awards to British, Dane, Finn firms.</title>
<headline>EU high-tech awards to British, Dane, Finn firms.</headline>
<dateline>BRUSSELS 1996-11-26</dateline>
<text>
<p>A hand-held scanner that makes three-dimensional computer models, a digital compact hearing aid and an advanced security system for corporate data won the 1996 European Information Technology awards on Tuesday.</p>
<p>European Commission President Jacques Santer presented awards, including a cash prize of 200,000 European currency units ($250,000) each, to designers from Britain, Denmark and Finland.</p>
<p>The awards, sponsored by the European Commission, honour creativity, good business sense and devlopment of products with strong market potential. There were more than 250 entrants from all over Europe.</p>
<p>Britain's winner, 3D Scanners, won with its ModelMaker product, a light-weight, easy-to-use unit that can transform a real object into a three dimensional computer model in seconds.</p>
<p>Danish company Oticon was recognised for DigiFocus, a fully digital hearing aid that is tailored to a person's hearing difficulty using a microchip set as powerful as a desktop computer.</p>
<p>Finland's Data Fellows company was honoured for F-Secure SSH software, described as 'an all-encompassing family of cryptography software for the corporate environment, with military-grade specification.'</p>
<p>Other entries, from the Czech Republic, Slovenia, Poland and Hungary as well as more traditional technology centres such as Germany and Holland, included a face-recognition security system, a taxi-dispatch system and simultaneous translation software for personal computers.</p>
</text>
<copyright>(c) Reuters Limited 1996</copyright>
<metadata>
<codes class="bip:countries:1.0">
  <code code="DEN">
    <editdetail attribution="Reuters BIP Coding Group" action="confirmed" date="1996-11-26"/>
  </code>
  <code code="EEC">
    <editdetail attribution="Reuters BIP Coding Group" action="confirmed" date="1996-11-26"/>
  </code>
  <code code="FIN">
    <editdetail attribution="Reuters BIP Coding Group" action="confirmed" date="1996-11-26"/>
  </code>
  <code code="UK">
    <editdetail attribution="Reuters BIP Coding Group" action="confirmed" date="1996-11-26"/>
  </code>
</codes>
<codes class="bip:industries:1.0">
  <code code="I34430">
    <editdetail attribution="Reuters BIP Coding Group" action="confirmed" date="1996-11-26"/>
  </code>
</codes>
<codes class="bip:topics:1.0">
  <code code="G15">
    <editdetail attribution="Reuters BIP Coding Group" action="confirmed" date="1996-11-26"/>
  </code>
  <code code="G152">
    <editdetail attribution="Reuters BIP Coding Group" action="confirmed" date="1996-11-26"/>
  </code>
  <code code="GCAT">
    <editdetail attribution="Reuters BIP Coding Group" action="confirmed" date="1996-11-26"/>
  </code>
  <code code="GSCI">
    <editdetail attribution="Reuters BIP Coding Group" action="confirmed" date="1996-11-26"/>
  </code>
</codes>
<dc element="dc.date.created" value="1996-11-26"/>
<dc element="dc.publisher" value="Reuters Holdings Plc"/>
<dc element="dc.date.published" value="1996-11-26"/>
<dc element="dc.source" value="Reuters"/>
<dc element="dc.creator.location" value="BRUSSELS"/>
<dc element="dc.creator.location.country.name" value="BELGIUM"/>
<dc element="dc.source" value="Reuters"/>
</metadata>
</newsitem>
