<?xml version="1.0" encoding="iso-8859-1" ?>
<newsitem itemid="697011" id="root" date="1997-06-30" xml:lang="en">
<title>JORDAN: Jordan dinar overnight rates fall to 1.61 percent.</title>
<headline>Jordan dinar overnight rates fall to 1.61 percent.</headline>
<dateline>AMMAN 1997-06-30</dateline>
<text>
<p>The weighted average overnight interbank rate on the Jordanian dinar fell to 1.61 percent on Monday from 1.67 percent on Sunday, the Central Bank said.</p>
<p>The Central Bank said three banks traded in 17 reported transactions worth 37.3 million dinars ($52.6 million).</p>
<p>$1 = 0.709 dinars</p>
<p>-- Amman newsroom +962 6 623 776</p>
</text>
<copyright>(c) Reuters Limited 1997</copyright>
<metadata>
<codes class="bip:countries:1.0">
  <code code="JORDAN">
    <editdetail attribution="Reuters BIP Coding Group" action="confirmed" date="1997-06-30"/>
  </code>
</codes>
<codes class="bip:topics:1.0">
  <code code="M13">
    <editdetail attribution="Reuters BIP Coding Group" action="confirmed" date="1997-06-30"/>
  </code>
  <code code="M131">
    <editdetail attribution="Reuters BIP Coding Group" action="confirmed" date="1997-06-30"/>
  </code>
  <code code="MCAT">
    <editdetail attribution="Reuters BIP Coding Group" action="confirmed" date="1997-06-30"/>
  </code>
</codes>
<dc element="dc.date.created" value="1997-06-30"/>
<dc element="dc.publisher" value="Reuters Holdings Plc"/>
<dc element="dc.date.published" value="1997-06-30"/>
<dc element="dc.source" value="Reuters"/>
<dc element="dc.creator.location" value="AMMAN"/>
<dc element="dc.creator.location.country.name" value="JORDAN"/>
<dc element="dc.source" value="Reuters"/>
</metadata>
</newsitem>
