<?xml version="1.0" encoding="iso-8859-1" ?>
<newsitem itemid="545406" id="root" date="1997-04-28" xml:lang="en">
<title>HONG KONG: Shenzhen Textile 1996 net dives 60 pct.</title>
<headline>Shenzhen Textile 1996 net dives 60 pct.</headline>
<dateline>HONG KONG 1997-04-28</dateline>
<text>
<p>Year ended December 31, 1996</p>
<p>(in millions of yuan unless stated, against 1995 figures)</p>
<p> Turnover     195.09   vs   274.69</p>
<p> Net Profits    4.12   vs    10.23</p>
<p> Earnings per share    0.116 yuan  vs 0.148 yuan</p>
<p> Net assets per share  2.92 yuan   vs 2.81 yuan</p>
<p>Company name: Shenzhen Textile (Holdings) Co Ltd</p>
<p>.</p>
<p>Note: The results, contained in an annual report published in the Shenzhen-based Securities Times on Monday, were calculated under Chinese accounting standards, except for the net profit figure which was based on international standards.</p>
<p>Based on Chinese standards, the company posted net profits of 15.82 million yuan for 1996 against 20.19 million yuan for 1995.</p>
<p>The firm has proposed no dividend for 1996 but a two-for-10 bonus issue based on capital surplus, pending approval of shareholders at a meeting on June 18, the annual report said.</p>
<p>Trading in the company's A and B shares was suspended on Monday morning and will resume in the afternoon, according to the Shenzhen Stock Exchange.</p>
</text>
<copyright>(c) Reuters Limited 1997</copyright>
<metadata>
<codes class="bip:countries:1.0">
  <code code="CHINA">
    <editdetail attribution="Reuters BIP Coding Group" action="confirmed" date="1997-04-28"/>
  </code>
  <code code="HKONG">
    <editdetail attribution="Reuters BIP Coding Group" action="confirmed" date="1997-04-28"/>
  </code>
</codes>
<codes class="bip:industries:1.0">
  <code code="I43000">
    <editdetail attribution="Reuters BIP Coding Group" action="confirmed" date="1997-04-28"/>
  </code>
</codes>
<codes class="bip:topics:1.0">
  <code code="C15">
    <editdetail attribution="Reuters BIP Coding Group" action="confirmed" date="1997-04-28"/>
  </code>
  <code code="C151">
    <editdetail attribution="Reuters BIP Coding Group" action="confirmed" date="1997-04-28"/>
  </code>
  <code code="C1511">
    <editdetail attribution="Reuters BIP Coding Group" action="confirmed" date="1997-04-28"/>
  </code>
  <code code="CCAT">
    <editdetail attribution="Reuters BIP Coding Group" action="confirmed" date="1997-04-28"/>
  </code>
</codes>
<dc element="dc.date.created" value="1997-04-28"/>
<dc element="dc.publisher" value="Reuters Holdings Plc"/>
<dc element="dc.date.published" value="1997-04-28"/>
<dc element="dc.source" value="Reuters"/>
<dc element="dc.creator.location" value="HONG KONG"/>
<dc element="dc.creator.location.country.name" value="HONG KONG"/>
<dc element="dc.source" value="Reuters"/>
</metadata>
</newsitem>
