<?xml version="1.0" encoding="iso-8859-1" ?>
<newsitem itemid="631655" id="root" date="1997-06-02" xml:lang="en">
<title>USA: Sioux City hogs $1.00-1.50 higher - USDA.</title>
<headline>Sioux City hogs $1.00-1.50 higher - USDA.</headline>
<dateline>SIOUX CITY 1997-06-02</dateline>
<text>
<p>Barrows and gilts were $1.00-1.50 higher compared to Friday. Top $55.50 per cwt. - USDA</p>
<p>US 1-3   220-270 lbs     55.50</p>
<p>	   270-280 lbs     54.50-55.00</p>
<p>US 2-3   280-300 lbs     53.00-54.50</p>
<p>US 3-4   300-330 lbs     51.00-52.50</p>
<p>Sows:   300-500 lbs steady to 1.00 lower; 500-700 lbs thin test,</p>
<p>2.00-3.00 lower. Top 48.00</p>
<p>US 1-3   300-400 lbs	45.00</p>
<p>	   400-500 lbs	45.50</p>
<p>	   500-550 lbs	46.00</p>
<p>	   550-600 lbs	47.00</p>
<p>	   600-700 lbs	48.00</p>
</text>
<copyright>(c) Reuters Limited 1997</copyright>
<metadata>
<codes class="bip:countries:1.0">
  <code code="USA">
    <editdetail attribution="Reuters BIP Coding Group" action="confirmed" date="1997-06-02"/>
  </code>
</codes>
<codes class="bip:topics:1.0">
  <code code="M14">
    <editdetail attribution="Reuters BIP Coding Group" action="confirmed" date="1997-06-02"/>
  </code>
  <code code="M141">
    <editdetail attribution="Reuters BIP Coding Group" action="confirmed" date="1997-06-02"/>
  </code>
  <code code="MCAT">
    <editdetail attribution="Reuters BIP Coding Group" action="confirmed" date="1997-06-02"/>
  </code>
</codes>
<dc element="dc.date.created" value="1997-06-02"/>
<dc element="dc.publisher" value="Reuters Holdings Plc"/>
<dc element="dc.date.published" value="1997-06-02"/>
<dc element="dc.source" value="Reuters"/>
<dc element="dc.creator.location" value="SIOUX CITY"/>
<dc element="dc.creator.location.country.name" value="USA"/>
<dc element="dc.source" value="Reuters"/>
</metadata>
</newsitem>
