<?xml version="1.0" encoding="iso-8859-1" ?>
<newsitem itemid="763570" id="root" date="1997-07-29" xml:lang="en">
<title>USA: TABLE- Triangle Pacific Corp Q2 shr $0.59.</title>
<headline>TABLE- Triangle Pacific Corp Q2 shr $0.59.</headline>
<dateline>DALLAS 1997-07-29</dateline>
<text>
<p>Three Months Ended	   Six Months Ended</p>
<p>			07/04/97  06/28/96	  07/04/97  06/28/96</p>
<p>Net sales</p>
<p>    Flooring	$126,379  $ 76,032	  $225,220  $139,756</p>
<p>    Cabinets	  48,870    55,439	    95,234   102,240</p>
<p>    Total net sales175,249   131,471	   320,454   241,996</p>
<p>    Net income    $  9,058  $  7,433	  $ 14,917  $ 11,337</p>
<p>    Net EPS	    $0.59  $   0.50	  $   0.97  $   0.76</p>
<p>    Wgtd avg shrs   15,308    14,955	    15,300    14,920</p>
<p>			 (In thousands, except per share data)</p>
</text>
<copyright>(c) Reuters Limited 1997</copyright>
<metadata>
<codes class="bip:countries:1.0">
  <code code="USA">
    <editdetail attribution="Reuters BIP Coding Group" action="confirmed" date="1997-07-29"/>
  </code>
</codes>
<codes class="bip:industries:1.0">
  <code code="I46000">
    <editdetail attribution="Reuters BIP Coding Group" action="confirmed" date="1997-07-29"/>
  </code>
</codes>
<codes class="bip:topics:1.0">
  <code code="C15">
    <editdetail attribution="Reuters BIP Coding Group" action="confirmed" date="1997-07-29"/>
  </code>
  <code code="C151">
    <editdetail attribution="Reuters BIP Coding Group" action="confirmed" date="1997-07-29"/>
  </code>
  <code code="CCAT">
    <editdetail attribution="Reuters BIP Coding Group" action="confirmed" date="1997-07-29"/>
  </code>
</codes>
<dc element="dc.date.created" value="1997-07-29"/>
<dc element="dc.publisher" value="Reuters Holdings Plc"/>
<dc element="dc.date.published" value="1997-07-29"/>
<dc element="dc.source" value="Reuters"/>
<dc element="dc.creator.location" value="DALLAS"/>
<dc element="dc.creator.location.country.name" value="USA"/>
<dc element="dc.source" value="Reuters"/>
</metadata>
</newsitem>
