<?xml version="1.0" encoding="iso-8859-1" ?>
<newsitem itemid="432397" id="root" date="1997-03-11" xml:lang="en">
<title>USA: Safeguard Health Q4 shr $0.05 vs $0.15.</title>
<headline>Safeguard Health Q4 shr $0.05 vs $0.15.</headline>
<dateline>ANAHEIM, Calif. 1997-03-11</dateline>
<text>
<p>Safeguard Health Enterprises, Inc.</p>
<p>		Condensed Consolidated Statements of Operations</p>
<p>	     (Unaudited - 000's omitted, except per share data)</p>
<p>				   Quarter Ended  Twelve Months Ended</p>
<p>					    December 31,  December 31,</p>
<p>				     1996     1995     1996     1995</p>
<p>REVENUES</p>
<p> Managed care plans	   20,880  16,201   72,555    60,732</p>
<p> Orthodontic revenue	   2,037   1,522    8,281     6,350</p>
<p> Interest Income &amp; other	 275     440	984     1,286</p>
<p>     Total revenues	   23,192  18,163   81,820    68,368</p>
<p>EXPENSES</p>
<p> Managed care plans	   15,052  12,453   53,780    45,285</p>
<p> Orthodontic costs	     1,239   1,144    5,032     4,458</p>
<p> Selling, general &amp; admin    5,968   3,379   16,892    13,451</p>
<p> Interest Expense		  485	 0	485	   0</p>
<p>     Total expenses	   22,743  16,976   76,189    63,194</p>
<p>Income before taxes, cumulative</p>
<p>effect and discontinued</p>
<p>   operations			448   1,187    5,631     5,175</p>
<p> Income tax provision	    179     459    2,218     1,969</p>
<p>Income before cumulative effect</p>
<p>of a change in accounting principle</p>
<p>and discontinued operations</p>
<p>					 269     728    3,412     3,206</p>
<p>Cumulative effect of change in</p>
<p>   accounting principle	    0	 0	824	   0</p>
<p>Net income before</p>
<p>	  discontinued operations</p>
<p>					 269     728    4,236     3,206</p>
<p>Discontinued operations</p>
<p>Loss from dental operations</p>
<p>to be disposed of (net of</p>
<p>after tax deferred loss of $621</p>
<p>and net of income tax benefits of</p>
<p>$366 and $1,830 in 1996 and</p>
<p>	$5 and $23 in 1995)    (550)    (24)  (2,863)     (818)</p>
<p>Gain on disposal of dental</p>
<p>practices (net of income taxes of</p>
<p>$366 and $1,073 in 1996</p>
<p>	and $0 in 1995)	    550	 0    1,678	   0</p>
<p>Net income (loss) from</p>
<p>     discontinued operations     0    (24)  (1,185)     (818)</p>
<p> Net income			  269     704    3,051     2,389</p>
<p>Earnings per share:</p>
<p>Income before cumulative effect</p>
<p>of a change in accounting</p>
<p>principle and discontinued</p>
<p>   operations		     0.05    0.15     0.69	0.68</p>
<p>Cumulative effect of change in</p>
<p>   accounting principle	 0.00    0.00     0.17	0.00</p>
<p>Net income (loss) before</p>
<p>   discontinued operations    0.05    0.15     0.86	0.68</p>
<p>Net income (loss) from</p>
<p>   discontinued operations    0.00    0.00  ( 0.24)   ( 0.17)</p>
<p> Earnings per share	     0.05    0.15     0.62	0.51</p>
<p>	 Weighted average</p>
<p>	   shares outstanding  4,944   4,820    4,940     4,725</p>
<p>		     Condensed Selected Balance Sheet Data</p>
<p>					   Dec			    Dec</p>
<p>				   31, 1996			31, 1995</p>
<p>Cash and short-term securities</p>
<p>					 8,646			 14,746</p>
<p> Current assets		   22,888			 20,578</p>
<p> Current liabilities	    11,683			  5,941</p>
<p> Long term debt		   19,836				0</p>
<p> Stockholders' equity	   37,515			 31,929</p>
<p> Total assets		     71,285			 38,343</p>
<p>SOURCE  Safeguard Health Enterprises, Inc.</p>
<p>-- New York Newsdesk 212 859-1610</p>
</text>
<copyright>(c) Reuters Limited 1997</copyright>
<metadata>
<codes class="bip:countries:1.0">
  <code code="USA">
    <editdetail attribution="Reuters BIP Coding Group" action="confirmed" date="1997-03-11"/>
  </code>
</codes>
<codes class="bip:industries:1.0">
  <code code="I95100">
    <editdetail attribution="Reuters BIP Coding Group" action="confirmed" date="1997-03-11"/>
  </code>
</codes>
<codes class="bip:topics:1.0">
  <code code="C15">
    <editdetail attribution="Reuters BIP Coding Group" action="confirmed" date="1997-03-11"/>
  </code>
  <code code="C151">
    <editdetail attribution="Reuters BIP Coding Group" action="confirmed" date="1997-03-11"/>
  </code>
  <code code="C1511">
    <editdetail attribution="Reuters BIP Coding Group" action="confirmed" date="1997-03-11"/>
  </code>
  <code code="CCAT">
    <editdetail attribution="Reuters BIP Coding Group" action="confirmed" date="1997-03-11"/>
  </code>
</codes>
<dc element="dc.date.created" value="1997-03-11"/>
<dc element="dc.publisher" value="Reuters Holdings Plc"/>
<dc element="dc.date.published" value="1997-03-11"/>
<dc element="dc.source" value="Reuters"/>
<dc element="dc.creator.location" value="ANAHEIM, Calif."/>
<dc element="dc.creator.location.country.name" value="USA"/>
<dc element="dc.source" value="Reuters"/>
</metadata>
</newsitem>
