<?xml version="1.0" encoding="iso-8859-1" ?>
<newsitem itemid="436527" id="root" date="1997-03-12" xml:lang="en">
<title>USA: Nortek Inc issues $175 mln 144A notes.</title>
<headline>Nortek Inc issues $175 mln 144A notes.</headline>
<dateline>NEW YORK 1997-03-12</dateline>
<text>
<p>The following high-yield debt issue from Nortek Inc was priced in the 144A private placement market on Wednesday, the company said.</p>
<p>Proceeds from the issue will be used to repay approximately $47.2 million outstanding debt, fund acquisitions and other general corporate purposes, said Richard Bready, chairman and chief executive officer.</p>
<p>Nortek manufactures and markets residential, commercial and industrial building products.</p>
<p>Bear, Stearns &amp; Co was lead manager on the deal.</p>
<p>BORROWER NORTEK INC</p>
<p>AMT $175 MLN	 COUPON 9-1/4 PCT  MATURITY 3/15/2007</p>
<p>TYPE SNR NOTES     ISS PRICE 99.422  FIRST PAY DATE 9/15/97</p>
<p>LAST MOODY'S BA3   YIELD 9.34 PCT    PAY FREQ SEMI-ANNUAL</p>
<p>LAST S&amp;P B-PLUS    SPREAD 275 BP     CALLABLE NON-CALL FIVE</p>
<p>((--U.S. Corporate Bond Unit, 212 859-1672))</p>
</text>
<copyright>(c) Reuters Limited 1997</copyright>
<metadata>
<codes class="bip:countries:1.0">
  <code code="USA">
    <editdetail attribution="Reuters BIP Coding Group" action="confirmed" date="1997-03-12"/>
  </code>
</codes>
<codes class="bip:industries:1.0">
  <code code="I32840">
    <editdetail attribution="Reuters BIP Coding Group" action="confirmed" date="1997-03-12"/>
  </code>
</codes>
<codes class="bip:topics:1.0">
  <code code="C17">
    <editdetail attribution="Reuters BIP Coding Group" action="confirmed" date="1997-03-12"/>
  </code>
  <code code="C172">
    <editdetail attribution="Reuters BIP Coding Group" action="confirmed" date="1997-03-12"/>
  </code>
  <code code="CCAT">
    <editdetail attribution="Reuters BIP Coding Group" action="confirmed" date="1997-03-12"/>
  </code>
</codes>
<dc element="dc.date.created" value="1997-03-12"/>
<dc element="dc.publisher" value="Reuters Holdings Plc"/>
<dc element="dc.date.published" value="1997-03-12"/>
<dc element="dc.source" value="Reuters"/>
<dc element="dc.creator.location" value="NEW YORK"/>
<dc element="dc.creator.location.country.name" value="USA"/>
<dc element="dc.source" value="Reuters"/>
</metadata>
</newsitem>
