<?xml version="1.0" encoding="iso-8859-1" ?>
<newsitem itemid="490064" id="root" date="1997-04-07" xml:lang="en">
<title>USA: TENNIS-BAUSCH &amp; LOMB CHAMPIONSHIPS WOMEN'S RESULTS.</title>
<headline>TENNIS-BAUSCH &amp; LOMB CHAMPIONSHIPS WOMEN'S RESULTS.</headline>
<dateline>AMELIA ISLAND, Florida 1997-04-07</dateline>
<text>
<p>Results from</p>
<p>the $450,000 Bausch &amp; Lomb Championships women's tennis</p>
<p>tournament on Monday (prefix number denotes seeding):</p>
<p>First round</p>
<p>Chanda Rubin (U.S.) beat 10-Barbara Paulus (Austria) 6-4 7-6</p>
<p>(7-3)</p>
<p>12-Amanda Coetzer (South Africa) beat Eva Martincova (Czech</p>
<p>Republic) 7-5 6-1</p>
<p>16-Ruxandra Dragomir (Romania) beat Denisa Chladkova (Czech</p>
<p>Republic) 6-4 6-2</p>
<p>Jennifer Capriati (U.S.) beat Catalina Cristea (Romania) 7-6</p>
<p>(7-3) 6-2</p>
<p>Silvia Farina (Italy) beat Marion Maruska (Austria) 7-5 7-5</p>
<p>Barbara Schett (Austria) beat Corina Morariu (U.S.) 6-4 6-1</p>
<p>Radka Zrubakova (Slovakia) beat Ines Gorochategui (Argentina)</p>
<p>6-4 6-3</p>
<p>Amelie Mauresmo (France) beat Gala Leon Garcia (Spain) 4-6</p>
<p>7-6 (7-4) 6-2</p>
<p>Marlene Weingartner (Germany) beat Jessica Steck (South</p>
<p>Africa) 7-5 6-3</p>
<p>Sandra Kleinova (Czech Republic) beat Bettina Fulco Villella</p>
<p>(Argentina) 5-7 6-4 6-0</p>
<p>Patricia Hy-Boulais (Canada) beat Rachel McQuillan</p>
<p>(Australia) 4-6 6-2 6-1</p>
<p>Joanette Kruger (South Africa) beat Patty Schnyder</p>
<p>(Switzerland) 7-6 (11-9) 5-7 6-4</p>
<p>Shi-Ting Wang (Taiwan) beat Magui Serna (Spain) 4-6 6-2 6-1</p>
<p>Henrietta Nagyova (Slovakia) beat Elena Makarova (Russia) 6-1</p>
<p>6-4</p>
<p>Ann Grossman (U.S.) beat Petra Langrova (Czech Republic) 6-2</p>
<p>6-4</p>
<p>Florencia Labat (Argentina) beat Karin Kshwendt (Austria) 6-3</p>
<p>6-1</p>
</text>
<copyright>(c) Reuters Limited 1997</copyright>
<metadata>
<codes class="bip:countries:1.0">
  <code code="USA">
    <editdetail attribution="Reuters BIP Coding Group" action="confirmed" date="1997-04-07"/>
  </code>
</codes>
<codes class="bip:topics:1.0">
  <code code="GCAT">
    <editdetail attribution="Reuters BIP Coding Group" action="confirmed" date="1997-04-07"/>
  </code>
  <code code="GSPO">
    <editdetail attribution="Reuters BIP Coding Group" action="confirmed" date="1997-04-07"/>
  </code>
</codes>
<dc element="dc.date.created" value="1997-04-07"/>
<dc element="dc.publisher" value="Reuters Holdings Plc"/>
<dc element="dc.date.published" value="1997-04-07"/>
<dc element="dc.source" value="Reuters"/>
<dc element="dc.creator.location" value="AMELIA ISLAND, Florida"/>
<dc element="dc.creator.location.country.name" value="USA"/>
<dc element="dc.source" value="Reuters"/>
</metadata>
</newsitem>
