<?xml version="1.0" encoding="iso-8859-1" ?>
<newsitem itemid="186665" id="root" date="1996-11-13" xml:lang="en">
<title>ITALY: Italian government wins third confidence vote.</title>
<headline>Italian government wins third confidence vote.</headline>
<dateline>ROME 1996-11-13</dateline>
<text>
<p>The Italian government won a third confidence vote in the Senate (upper house) on Wednesday to convert into law a decree on socially useful labour.</p>
<p>The motion brought by Prime Minister Romano Prodi's centre-left coalition government was carried with 167 votes in favour and 67 against with no abstentions.</p>
<p>The government won two confidence votes earlier on Wednesday, one pushing through a plan for ailing southern bank Banco di Napoli and another covering a development project in Naples.</p>
<p>-- Rome newsroom +396-6782505</p>
</text>
<copyright>(c) Reuters Limited 1996</copyright>
<metadata>
<codes class="bip:countries:1.0">
  <code code="ITALY">
    <editdetail attribution="Reuters BIP Coding Group" action="confirmed" date="1996-11-13"/>
  </code>
</codes>
<codes class="bip:industries:1.0">
  <code code="I81402">
    <editdetail attribution="Reuters BIP Coding Group" action="confirmed" date="1996-11-13"/>
  </code>
</codes>
<codes class="bip:topics:1.0">
  <code code="C13">
    <editdetail attribution="Reuters BIP Coding Group" action="confirmed" date="1996-11-13"/>
  </code>
  <code code="C17">
    <editdetail attribution="Reuters BIP Coding Group" action="confirmed" date="1996-11-13"/>
  </code>
  <code code="CCAT">
    <editdetail attribution="Reuters BIP Coding Group" action="confirmed" date="1996-11-13"/>
  </code>
  <code code="GCAT">
    <editdetail attribution="Reuters BIP Coding Group" action="confirmed" date="1996-11-13"/>
  </code>
  <code code="GPOL">
    <editdetail attribution="Reuters BIP Coding Group" action="confirmed" date="1996-11-13"/>
  </code>
</codes>
<dc element="dc.date.created" value="1996-11-13"/>
<dc element="dc.publisher" value="Reuters Holdings Plc"/>
<dc element="dc.date.published" value="1996-11-13"/>
<dc element="dc.source" value="Reuters"/>
<dc element="dc.creator.location" value="ROME"/>
<dc element="dc.creator.location.country.name" value="ITALY"/>
<dc element="dc.source" value="Reuters"/>
</metadata>
</newsitem>
