<?xml version="1.0" encoding="iso-8859-1" ?>
<newsitem itemid="454720" id="root" date="1997-03-19" xml:lang="en">
<title>TAIWAN: Taiwan dollar ends softer on reduced fund inflows.</title>
<headline>Taiwan dollar ends softer on reduced fund inflows.</headline>
<dateline>TAIPEI 1997-03-19</dateline>
<text>
<p>The Taiwan dollar reversed early gains to close slightly lower against its U.S. counterpart on Wednesday amid reduced foreign fund inflows following the stock market's correction, dealers said.</p>
<p>The local unit ended at T$27.527, off an intra-day high of T$27.513, against Tuesday's T$27.522 close.</p>
<p>Turnover through dealers was a slow US$125 million.</p>
<p>&quot;Expected foreign fund inflows entered only a bit, probably because the stock market encountered its biggest downward correction in recent sessions,&quot; said one dealer.  </p>
<p>Following seven straight days of rises, the stock index on Wednesday closed down 84.68 points or 0.99 percent at 8,441.52.</p>
<p>Another factor for U.S. dollar demand slightly outstripping supply was the loosening of liquidity in the domestic money market, the dealer said.</p>
<p>Previously, tight liquidity had triggered U.S. dollar selling in exchange for Taiwan dollar cash, dealers said.</p>
<p>&quot;But overall today's trade was thin, and that's probably because investors all went to the stock market,&quot; one dealer joked.</p>
<p>For Thursday, a T$27.51-27.54 range was seen.</p>
<p>-- James Peng (5080815)</p>
</text>
<copyright>(c) Reuters Limited 1997</copyright>
<metadata>
<codes class="bip:countries:1.0">
  <code code="TAIWAN">
    <editdetail attribution="Reuters BIP Coding Group" action="confirmed" date="1997-03-19"/>
  </code>
</codes>
<codes class="bip:topics:1.0">
  <code code="M13">
    <editdetail attribution="Reuters BIP Coding Group" action="confirmed" date="1997-03-19"/>
  </code>
  <code code="M132">
    <editdetail attribution="Reuters BIP Coding Group" action="confirmed" date="1997-03-19"/>
  </code>
  <code code="MCAT">
    <editdetail attribution="Reuters BIP Coding Group" action="confirmed" date="1997-03-19"/>
  </code>
</codes>
<dc element="dc.date.created" value="1997-03-19"/>
<dc element="dc.publisher" value="Reuters Holdings Plc"/>
<dc element="dc.date.published" value="1997-03-19"/>
<dc element="dc.source" value="Reuters"/>
<dc element="dc.creator.location" value="TAIPEI"/>
<dc element="dc.creator.location.country.name" value="TAIWAN"/>
<dc element="dc.source" value="Reuters"/>
</metadata>
</newsitem>
