<?xml version="1.0" encoding="iso-8859-1" ?>
<newsitem itemid="682855" id="root" date="1997-06-24" xml:lang="en">
<title>PERU: Peru's May copper output rises 1.85 percent.</title>
<headline>Peru's May copper output rises 1.85 percent.</headline>
<dateline>LIMA 1997-06-24</dateline>
<text>
<p>Peru's copper output rose 1.85 percent to 41,086 tonnes in May compared with the same month last year, according to preliminary figures released Tuesday by the Energy and Mines Ministry.</p>
<p>Copper output rose 6.89 percent to 205,017 tonnes in the first five months, compared with the same period last year, the ministry added in its monthly report.</p>
<p>In 1996, Peru's copper output rose 18.1 percent to 483,880 tonnes from 409,693 tonnes in 1995.</p>
<p>Peru is the world's sixth largest copper producer. The country's largest producer, Southern Peru Copper Corp, accounts for around 60 percent of the country's output.</p>
<p>((-- Andrew Cawthorne, Lima newsroom 511 221-2134))</p>
</text>
<copyright>(c) Reuters Limited 1997</copyright>
<metadata>
<codes class="bip:countries:1.0">
  <code code="PERU">
    <editdetail attribution="Reuters BIP Coding Group" action="confirmed" date="1997-06-24"/>
  </code>
</codes>
<codes class="bip:industries:1.0">
  <code code="I21000">
    <editdetail attribution="Reuters BIP Coding Group" action="confirmed" date="1997-06-24"/>
  </code>
  <code code="I22460">
    <editdetail attribution="Reuters BIP Coding Group" action="confirmed" date="1997-06-24"/>
  </code>
</codes>
<codes class="bip:topics:1.0">
  <code code="C21">
    <editdetail attribution="Reuters BIP Coding Group" action="confirmed" date="1997-06-24"/>
  </code>
  <code code="CCAT">
    <editdetail attribution="Reuters BIP Coding Group" action="confirmed" date="1997-06-24"/>
  </code>
  <code code="M14">
    <editdetail attribution="Reuters BIP Coding Group" action="confirmed" date="1997-06-24"/>
  </code>
  <code code="M142">
    <editdetail attribution="Reuters BIP Coding Group" action="confirmed" date="1997-06-24"/>
  </code>
  <code code="MCAT">
    <editdetail attribution="Reuters BIP Coding Group" action="confirmed" date="1997-06-24"/>
  </code>
</codes>
<dc element="dc.date.created" value="1997-06-24"/>
<dc element="dc.publisher" value="Reuters Holdings Plc"/>
<dc element="dc.date.published" value="1997-06-24"/>
<dc element="dc.source" value="Reuters"/>
<dc element="dc.creator.location" value="LIMA"/>
<dc element="dc.creator.location.country.name" value="PERU"/>
<dc element="dc.source" value="Reuters"/>
</metadata>
</newsitem>
