<?xml version="1.0" encoding="iso-8859-1" ?>
<newsitem itemid="354454" id="root" date="1997-02-04" xml:lang="en">
<title>USA: Omaha hogs firm/up $1.00 - USDA.</title>
<headline>Omaha hogs firm/up $1.00 - USDA.</headline>
<dateline>OMAHA 1997-02-04</dateline>
<text>
<p>USDA said barrows and gilts were firm to $1.00 higher. Top $56.00 per cwt.</p>
<p>    US 1-3   230-260 lbs    55.00-56.00</p>
<p>Sow - not established.</p>
</text>
<copyright>(c) Reuters Limited 1997</copyright>
<metadata>
<codes class="bip:countries:1.0">
  <code code="USA">
    <editdetail attribution="Reuters BIP Coding Group" action="confirmed" date="1997-02-04"/>
  </code>
</codes>
<codes class="bip:topics:1.0">
  <code code="M14">
    <editdetail attribution="Reuters BIP Coding Group" action="confirmed" date="1997-02-04"/>
  </code>
  <code code="M141">
    <editdetail attribution="Reuters BIP Coding Group" action="confirmed" date="1997-02-04"/>
  </code>
  <code code="MCAT">
    <editdetail attribution="Reuters BIP Coding Group" action="confirmed" date="1997-02-04"/>
  </code>
</codes>
<dc element="dc.date.created" value="1997-02-04"/>
<dc element="dc.publisher" value="Reuters Holdings Plc"/>
<dc element="dc.date.published" value="1997-02-04"/>
<dc element="dc.source" value="Reuters"/>
<dc element="dc.creator.location" value="OMAHA"/>
<dc element="dc.creator.location.country.name" value="USA"/>
<dc element="dc.source" value="Reuters"/>
</metadata>
</newsitem>
