<?xml version="1.0" encoding="iso-8859-1" ?>
<newsitem itemid="559717" id="root" date="1997-05-05" xml:lang="en">
<title>MOROCCO: Arab Maghreb Union to cut staff -diplomat.</title>
<headline>Arab Maghreb Union to cut staff -diplomat.</headline>
<dateline>RABAT 1997-05-05</dateline>
<text>
<p>The Arab Maghreb Union, grouping five North African countries, is to cut staff at its secretariat by two-thirds because of financial problems and lack of activity, an Arab diplomat said on Monday.</p>
<p>The union composed of Algeria, Libya, Mauritania, Morocco and Tunisia was set up in 1989. Its secretariat headquarters was established in the Moroccan capital Rabat in 1992, headed by Tunisian national Mohamed Amamou.</p>
<p>&quot;Governments of the five-country union were recently informed that the Rabat secretariat will reduce its staff to five civil servants from a total of 15...The decision taken by Amamou will be effective from May 16, 1997,&quot; the North African diplomat, who declined to be identified, told Reuters.</p>
<p>The move was justified by &quot;budget problems and lack of feasable economic and social projects in the region&quot;, the diplomat said.</p>
<p>AMU secretariat officials were not immediately available for comment.</p>
<p>The AMU has been largely paralysed since December 1995 because of differences between members over issues such as Moslem fundamentalism and the Western Sahara dispute between the Algeria-backed Polisario front and Morocco over the future of the territory.</p>
<p>Since a U.N. embargo was imposed on Tripoli in the early 1990s, Libyan authorities declined twice to take over the union's alternating presidency in protest at what they called lack of solidarity from the other four members.</p>
<p>The AMU was created with the idea of forming an economic trading bloc and to strengthen cooperation between members, particularly in negotiations with their main trading partner, the European Union.</p>
<p>Each member contributes $350,000 a year to secretariat budget, the diplomat said.</p>
</text>
<copyright>(c) Reuters Limited 1997</copyright>
<metadata>
<codes class="bip:countries:1.0">
  <code code="ALG">
    <editdetail attribution="Reuters BIP Coding Group" action="confirmed" date="1997-05-05"/>
  </code>
  <code code="ARMHG">
    <editdetail attribution="Reuters BIP Coding Group" action="confirmed" date="1997-05-05"/>
  </code>
  <code code="LIBYA">
    <editdetail attribution="Reuters BIP Coding Group" action="confirmed" date="1997-05-05"/>
  </code>
  <code code="MAURTN">
    <editdetail attribution="Reuters BIP Coding Group" action="confirmed" date="1997-05-05"/>
  </code>
  <code code="MOROC">
    <editdetail attribution="Reuters BIP Coding Group" action="confirmed" date="1997-05-05"/>
  </code>
  <code code="TUNIS">
    <editdetail attribution="Reuters BIP Coding Group" action="confirmed" date="1997-05-05"/>
  </code>
</codes>
<codes class="bip:topics:1.0">
  <code code="C42">
    <editdetail attribution="Reuters BIP Coding Group" action="confirmed" date="1997-05-05"/>
  </code>
  <code code="CCAT">
    <editdetail attribution="Reuters BIP Coding Group" action="confirmed" date="1997-05-05"/>
  </code>
  <code code="E41">
    <editdetail attribution="Reuters BIP Coding Group" action="confirmed" date="1997-05-05"/>
  </code>
  <code code="ECAT">
    <editdetail attribution="Reuters BIP Coding Group" action="confirmed" date="1997-05-05"/>
  </code>
  <code code="GCAT">
    <editdetail attribution="Reuters BIP Coding Group" action="confirmed" date="1997-05-05"/>
  </code>
  <code code="GDIP">
    <editdetail attribution="Reuters BIP Coding Group" action="confirmed" date="1997-05-05"/>
  </code>
  <code code="GJOB">
    <editdetail attribution="Reuters BIP Coding Group" action="confirmed" date="1997-05-05"/>
  </code>
</codes>
<dc element="dc.date.created" value="1997-05-05"/>
<dc element="dc.publisher" value="Reuters Holdings Plc"/>
<dc element="dc.date.published" value="1997-05-05"/>
<dc element="dc.source" value="Reuters"/>
<dc element="dc.creator.location" value="RABAT"/>
<dc element="dc.creator.location.country.name" value="MOROCCO"/>
<dc element="dc.source" value="Reuters"/>
</metadata>
</newsitem>
