<?xml version="1.0" encoding="iso-8859-1" ?>
<newsitem itemid="458887" id="root" date="1997-03-21" xml:lang="en">
<title>KAZAKHSTAN: Gas blast kills mother and children in Kazakhstan.</title>
<headline>Gas blast kills mother and children in Kazakhstan.</headline>
<dateline>ALMATY 1997-03-21</dateline>
<text>
<p>Three people were killed and two were injured when a gas explosion ripped through an apartment block near the Chimbulak ski resort in Kazakhstan, an official said on Friday.</p>
<p>&quot;A woman and her two children died when a gas cylinder exploded in their flat,&quot; a spokesman for the State Committee for Emergency Situations told Reuters.</p>
<p>Tenants of seven other flats damaged by the powerful blast late on Thursday had been relocated, he said.</p>
<p>The ski resort is about 20 km (12 miles) south of the Kazakh capital Almaty.</p>
<p>Household gas shortages in the energy-rich former Soviet republic have forced people to improvise heating, leading to a host of similar accidents in recent months.</p>
</text>
<copyright>(c) Reuters Limited 1997</copyright>
<metadata>
<codes class="bip:countries:1.0">
  <code code="KAZK">
    <editdetail attribution="Reuters BIP Coding Group" action="confirmed" date="1997-03-21"/>
  </code>
</codes>
<codes class="bip:topics:1.0">
  <code code="GCAT">
    <editdetail attribution="Reuters BIP Coding Group" action="confirmed" date="1997-03-21"/>
  </code>
  <code code="GDIS">
    <editdetail attribution="Reuters BIP Coding Group" action="confirmed" date="1997-03-21"/>
  </code>
</codes>
<dc element="dc.date.created" value="1997-03-21"/>
<dc element="dc.publisher" value="Reuters Holdings Plc"/>
<dc element="dc.date.published" value="1997-03-21"/>
<dc element="dc.source" value="Reuters"/>
<dc element="dc.creator.location" value="ALMATY"/>
<dc element="dc.creator.location.country.name" value="KAZAKHSTAN"/>
<dc element="dc.source" value="Reuters"/>
</metadata>
</newsitem>
