<?xml version="1.0" encoding="iso-8859-1" ?>
<newsitem itemid="389754" id="root" date="1997-02-19" xml:lang="en">
<title>NORWAY: Christiania 1996 pre-tax profits fall.</title>
<headline>Christiania 1996 pre-tax profits fall.</headline>
<dateline>OSLO 1997-02-19</dateline>
<text>
<p>Twelve months to December 31.</p>
<p>				  (millions of crowns unless stated)</p>
<p> Net interest income		  3,429   vs	3,299</p>
<p> Non-interest income		  1,481   vs	1,316</p>
<p> Non-interest expenses		3,365   vs	2,937</p>
<p> Operating profit before losses   1,545   vs	1,678</p>
<p> Pre-tax operating profit	   2,170   vs	2,785</p>
<p> Net profit			     2,154   vs	2,776</p>
<p> EPS (crowns)			    3.91   vs	 5.04</p>
<p> Proposed dividend (crowns)	  1.55   vs	 1.10</p>
<p>NOTE - Full name of Norway's second largest commercial bank is Christiania Bank og Kreditkasse ASA. Seven analysts polled by Reuters forecast pre-tax operating profits at 1.86 billion crowns. Two of the analysts recommended to buy the share, four said hold and one said sell.</p>
<p>--Oslo newsroom, +47 22 42 50 41</p>
</text>
<copyright>(c) Reuters Limited 1997</copyright>
<metadata>
<codes class="bip:countries:1.0">
  <code code="NORW">
    <editdetail attribution="Reuters BIP Coding Group" action="confirmed" date="1997-02-19"/>
  </code>
</codes>
<codes class="bip:industries:1.0">
  <code code="I81402">
    <editdetail attribution="Reuters BIP Coding Group" action="confirmed" date="1997-02-19"/>
  </code>
</codes>
<codes class="bip:topics:1.0">
  <code code="C15">
    <editdetail attribution="Reuters BIP Coding Group" action="confirmed" date="1997-02-19"/>
  </code>
  <code code="C151">
    <editdetail attribution="Reuters BIP Coding Group" action="confirmed" date="1997-02-19"/>
  </code>
  <code code="C1511">
    <editdetail attribution="Reuters BIP Coding Group" action="confirmed" date="1997-02-19"/>
  </code>
  <code code="CCAT">
    <editdetail attribution="Reuters BIP Coding Group" action="confirmed" date="1997-02-19"/>
  </code>
</codes>
<dc element="dc.date.created" value="1997-02-19"/>
<dc element="dc.publisher" value="Reuters Holdings Plc"/>
<dc element="dc.date.published" value="1997-02-19"/>
<dc element="dc.source" value="Reuters"/>
<dc element="dc.creator.location" value="OSLO"/>
<dc element="dc.creator.location.country.name" value="NORWAY"/>
<dc element="dc.source" value="Reuters"/>
</metadata>
</newsitem>
