<?xml version="1.0" encoding="iso-8859-1" ?>
<newsitem itemid="487242" id="root" date="1997-04-04" xml:lang="en">
<title>CZECH REPUBLIC: Czech CNB-120 index falls 6.0 points to 780.4 pts.</title>
<headline>Czech CNB-120 index falls 6.0 points to 780.4 pts.</headline>
<dateline>PRAGUE 1997-04-04</dateline>
<text>
<p>The CNB-120 index, a broad daily measure of Czech equities, fell 6.0 points, or 0.76 percent, on Friday to 780.4, the Czech National Bank (CNB) said.</p>
<p>Eight of the ten sectoral indices lost, with the banking index losing the most, down 17.6 points, or 1.72 percent, to 1,005.6 points.</p>
<p>-- Prague Newsroom, 420-2-2423-0003</p>
</text>
<copyright>(c) Reuters Limited 1997</copyright>
<metadata>
<codes class="bip:countries:1.0">
  <code code="CZREP">
    <editdetail attribution="Reuters BIP Coding Group" action="confirmed" date="1997-04-04"/>
  </code>
</codes>
<codes class="bip:topics:1.0">
  <code code="M11">
    <editdetail attribution="Reuters BIP Coding Group" action="confirmed" date="1997-04-04"/>
  </code>
  <code code="MCAT">
    <editdetail attribution="Reuters BIP Coding Group" action="confirmed" date="1997-04-04"/>
  </code>
</codes>
<dc element="dc.date.created" value="1997-04-04"/>
<dc element="dc.publisher" value="Reuters Holdings Plc"/>
<dc element="dc.date.published" value="1997-04-04"/>
<dc element="dc.source" value="Reuters"/>
<dc element="dc.creator.location" value="PRAGUE"/>
<dc element="dc.creator.location.country.name" value="CZECH REPUBLIC"/>
<dc element="dc.source" value="Reuters"/>
</metadata>
</newsitem>
