<?xml version="1.0" encoding="iso-8859-1" ?>
<newsitem itemid="344481" id="root" date="1997-01-30" xml:lang="en">
<title>INDIA: Indian Shipping -- Madras cargoes - Jan 30.</title>
<headline>Indian Shipping -- Madras cargoes - Jan 30.</headline>
<dateline>BOMBAY 1997-01-30</dateline>
<text>
<p>Following is the berthing schedule of major vessels loading and unloading at India's Madras port on January 30:</p>
<p> Commodity		Tons		  Ship	    Berthing</p>
<p>		  (LDD/ULD)  (Balance)</p>
<p>----------------------------------------------------------------</p>
<p> General	   1,060 (ULD)  1,942     Kabirdas	   28/01</p>
<p> Container	   230 (ULD)    ---     Express Renown   28/01</p>
<p> Container	    71 (LDD)    179     Express Renown   28/01</p>
<p> General	   1,450 (ULD)  2,085     Vishva Prafullah 28/01</p>
<p> Sugar		 207 (LDD) 11,793     Geroiranfilovey  29/01</p>
<p> General	     665 (ULD)    561     Vijay		27/01</p>
<p> Steel/Granite B.3,356 (ULD)    214     Celji		27/01</p>
<p> Steel/Granite B.1,092 (LDD) 13,908     Celji		27/01</p>
<p> Thermal Coal   10,468 (ULD) 20,795     Ch.Polivu	  29/01</p>
<p> Thermal Coal   21,805 (ULD)  9,700     Ch.Veeram	  26/01</p>
<p> Thermal Coal   14,308 (ULD) 22,848     Gem Of Madras    28/01</p>
<p>High Speed</p>
<p>  Diesel	  13,048 (ULD)    ---     Jag Priya	  28/01</p>
<p> Crude Oil	96,000 (ULD)    ---     M.Dayanand	 27/01</p>
<p> Container	   370 (LDD)     57     Tiger Bridge     27/01</p>
<p> Containers	  332 (ULD)    ---     Orient Mumbai    28/01</p>
<p> Containers	   97 (LDD)    144     Orient Mumbai    28/01</p>
<p>---------------------------------------------------------------</p>
<p>	    Note:</p>
<p>	    LDD - Loading</p>
<p>	    ULD - Unloading</p>
<p>(Source: J.M.Baxi &amp; Co, Madras)</p>
<p>-- Bombay newsroom +91-22-265 9000</p>
</text>
<copyright>(c) Reuters Limited 1997</copyright>
<metadata>
<codes class="bip:countries:1.0">
  <code code="INDIA">
    <editdetail attribution="Reuters BIP Coding Group" action="confirmed" date="1997-01-30"/>
  </code>
</codes>
<codes class="bip:industries:1.0">
  <code code="I74000">
    <editdetail attribution="Reuters BIP Coding Group" action="confirmed" date="1997-01-30"/>
  </code>
  <code code="I76300">
    <editdetail attribution="Reuters BIP Coding Group" action="confirmed" date="1997-01-30"/>
  </code>
  <code code="I77002">
    <editdetail attribution="Reuters BIP Coding Group" action="confirmed" date="1997-01-30"/>
  </code>
</codes>
<codes class="bip:topics:1.0">
  <code code="CCAT">
    <editdetail attribution="Reuters BIP Coding Group" action="confirmed" date="1997-01-30"/>
  </code>
</codes>
<dc element="dc.date.created" value="1997-01-30"/>
<dc element="dc.publisher" value="Reuters Holdings Plc"/>
<dc element="dc.date.published" value="1997-01-30"/>
<dc element="dc.source" value="Reuters"/>
<dc element="dc.creator.location" value="BOMBAY"/>
<dc element="dc.creator.location.country.name" value="INDIA"/>
<dc element="dc.source" value="Reuters"/>
</metadata>
</newsitem>
