<?xml version="1.0" encoding="iso-8859-1" ?>
<newsitem itemid="728771" id="root" date="1997-07-15" xml:lang="en">
<title>BRAZIL: Opening prices for July 16 Brazil coffee auction.</title>
<headline>Opening prices for July 16 Brazil coffee auction.</headline>
<dateline>RIO DE JANEIRO 1997-07-15</dateline>
<text>
<p>Opening prices for the 149,705 60-kg bags of coffee stocks to be auctioned by the Brazilian government at 1400 local/1700 GMT on July 16 are as follows, according to Banco do Brasil which is holding the sale.</p>
<p>Quantity is given in bags, price in Brazilian reais per bag.</p>
<p>    QTY	CROP	COLOR	LOCATION			PRICE</p>
<p> 22,890   1986/87   Yellowish   Conceicao Rio Verde, MG  139</p>
<p> 10,000   1987/88   Yellowish   Juiz de Fora, MG	   134</p>
<p> 12,300   1987/88   Greenish    Cianorte, PR		 139</p>
<p> 24,900   1987/88   Yellowish   Loanda, PR		   132</p>
<p> 13,150   1987/88   Whitish     Rolandia, PR		 132</p>
<p> 10,264   1987/88   Yellowish   Rolandia, PR		 132</p>
<p> 10,000   1987/88   Light green Ribeirao Pinhal, PR	139</p>
<p> 25,868   1987/88   Yellowish   St Cruz Rio Pardo, SP    134</p>
<p>  6,998   1987/88   Yellowish   Catanduva, SP		134</p>
<p>  2,966   1987/88   Yellowish   Catanduva, SP		139</p>
<p> 10,369   1987/88   Yellowish   Lins, SP		     134</p>
<p>TOTAL - 149,705 bags</p>
<p>((-Caroline Bulloch, Rio de Janeiro newsroom, 5521 5074151))</p>
</text>
<copyright>(c) Reuters Limited 1997</copyright>
<metadata>
<codes class="bip:countries:1.0">
  <code code="BRAZ">
    <editdetail attribution="Reuters BIP Coding Group" action="confirmed" date="1997-07-15"/>
  </code>
</codes>
<codes class="bip:topics:1.0">
  <code code="M14">
    <editdetail attribution="Reuters BIP Coding Group" action="confirmed" date="1997-07-15"/>
  </code>
  <code code="M141">
    <editdetail attribution="Reuters BIP Coding Group" action="confirmed" date="1997-07-15"/>
  </code>
  <code code="MCAT">
    <editdetail attribution="Reuters BIP Coding Group" action="confirmed" date="1997-07-15"/>
  </code>
</codes>
<dc element="dc.date.created" value="1997-07-15"/>
<dc element="dc.publisher" value="Reuters Holdings Plc"/>
<dc element="dc.date.published" value="1997-07-15"/>
<dc element="dc.source" value="Reuters"/>
<dc element="dc.creator.location" value="RIO DE JANEIRO"/>
<dc element="dc.creator.location.country.name" value="BRAZIL"/>
<dc element="dc.source" value="Reuters"/>
</metadata>
</newsitem>
