<?xml version="1.0" encoding="iso-8859-1" ?>
<newsitem itemid="5129" id="root" date="1996-08-21" xml:lang="en">
<title>JAPAN: Mitsubishi Heavy -6mth parent forecast.</title>
<headline>Mitsubishi Heavy -6mth parent forecast.</headline>
<dateline>TOKYO 1996-08-21</dateline>
<text>
<p>Six months to September 30, 1996</p>
<p>		   (in billions of yen unless specified)</p>
<p>			   LATEST	    ACTUAL</p>
<p> (Parent)	     FORECAST	  YEAR-AGO</p>
<p> Sales		  1.20 trln	  1.07 trln</p>
<p> Current	     90.00		79.17</p>
<p> Net		   50.00		45.59</p>
<p>NOTE - Mitsubishi Heavy Industries Ltd is a major heavy machinery maker.</p>
</text>
<copyright>(c) Reuters Limited 1996</copyright>
<metadata>
<codes class="bip:countries:1.0">
  <code code="JAP">
    <editdetail attribution="Reuters BIP Coding Group" action="confirmed" date="1996-08-21"/>
  </code>
</codes>
<codes class="bip:topics:1.0">
  <code code="C152">
    <editdetail attribution="Reuters BIP Coding Group" action="confirmed" date="1996-08-21"/>
  </code>
</codes>
<dc element="dc.date.created" value="1996-08-21"/>
<dc element="dc.publisher" value="Reuters Holdings Plc"/>
<dc element="dc.date.published" value="1996-08-21"/>
<dc element="dc.source" value="Reuters"/>
<dc element="dc.creator.location" value="TOKYO"/>
<dc element="dc.creator.location.country.name" value="JAPAN"/>
<dc element="dc.source" value="Reuters"/>
</metadata>
</newsitem>
