<?xml version="1.0" encoding="iso-8859-1" ?>
<newsitem itemid="348704" id="root" date="1997-01-31" xml:lang="en">
<title>JAPAN: Matsushita unit to triple lithium battery output.</title>
<headline>Matsushita unit to triple lithium battery output.</headline>
<dateline>TOKYO 1997-01-31</dateline>
<text>
<p>A unit of Matsushita Electric Industrial Co said on Friday it plans to spend 130 billion yen to boost battery output, with about half that sum allotted for more than tripling lithium-ion battery production.</p>
<p>A Matsushita Battery Industrial Co spokesman said output of lithium-ion batteries, increasingly popular in portable computers and cellular phones, will be expanded to 20 million cells a month by April 1999 from the current six million cells.</p>
<p>He said the company aims to capture a 30 percent share of the global market, with consolidated sales seen at about 400 billion yen by the fiscal year through April 2001.</p>
<p>He added the company sought to catch up with rival producer Sony Corp, which in December announced that it would raise its monthly lithium-ion battery output to 15 million cells in the business year from April 1997, after a boost to 10 million cells per month in the current year.</p>
<p>The Matsushita spokesman said the 130 billion yen spending plan would cover a five-year period through March 2001 and may also include an increase in nickel-hydride battery production from the current level of 15 million units per month.</p>
<p>-- Tokyo Commodity Desk +81-3-3432-6179</p>
</text>
<copyright>(c) Reuters Limited 1997</copyright>
<metadata>
<codes class="bip:countries:1.0">
  <code code="JAP">
    <editdetail attribution="Reuters BIP Coding Group" action="confirmed" date="1997-01-31"/>
  </code>
</codes>
<codes class="bip:industries:1.0">
  <code code="I34320">
    <editdetail attribution="Reuters BIP Coding Group" action="confirmed" date="1997-01-31"/>
  </code>
  <code code="I34540">
    <editdetail attribution="Reuters BIP Coding Group" action="confirmed" date="1997-01-31"/>
  </code>
</codes>
<codes class="bip:topics:1.0">
  <code code="C11">
    <editdetail attribution="Reuters BIP Coding Group" action="confirmed" date="1997-01-31"/>
  </code>
  <code code="C21">
    <editdetail attribution="Reuters BIP Coding Group" action="confirmed" date="1997-01-31"/>
  </code>
  <code code="C31">
    <editdetail attribution="Reuters BIP Coding Group" action="confirmed" date="1997-01-31"/>
  </code>
  <code code="C313">
    <editdetail attribution="Reuters BIP Coding Group" action="confirmed" date="1997-01-31"/>
  </code>
  <code code="CCAT">
    <editdetail attribution="Reuters BIP Coding Group" action="confirmed" date="1997-01-31"/>
  </code>
</codes>
<dc element="dc.date.created" value="1997-01-31"/>
<dc element="dc.publisher" value="Reuters Holdings Plc"/>
<dc element="dc.date.published" value="1997-01-31"/>
<dc element="dc.source" value="Reuters"/>
<dc element="dc.creator.location" value="TOKYO"/>
<dc element="dc.creator.location.country.name" value="JAPAN"/>
<dc element="dc.source" value="Reuters"/>
</metadata>
</newsitem>
