<?xml version="1.0" encoding="iso-8859-1" ?>
<newsitem itemid="420713" id="root" date="1997-03-05" xml:lang="en">
<title>POLAND: Polish BDK bank registers unit in Ukraine.</title>
<headline>Polish BDK bank registers unit in Ukraine.</headline>
<dateline>WARSAW 1997-03-05</dateline>
<text>
<p>A subsidiary of Polish Bank Depozytowo-Kredytowy SA (BDK) has been registered by the Ukrainian National Bank, BDK's spokesman said on Wednesday.</p>
<p>PAP news agency quoted Marek Gedek as saying that  Bank Depozytowo-Kredytowy Ukraina Ltd would begin operations within one month and plans to employ 30 people at the start.</p>
<p>BDK Ukraina has a share capital of five million Ecu with 35 percent shares owned directly by the parent bank and the remainder through two Polish firms controlled by BDK.</p>
<p>BDK, along with two other state-owned commercial banks, was grouped under Polish banking giant Pekao SA at the end of 1996, with the whole group slated for privatisation in 1998.</p>
<p>-- Warsaw Newsroom +48 22 653 9700</p>
</text>
<copyright>(c) Reuters Limited 1997</copyright>
<metadata>
<codes class="bip:countries:1.0">
  <code code="POL">
    <editdetail attribution="Reuters BIP Coding Group" action="confirmed" date="1997-03-05"/>
  </code>
  <code code="UKRN">
    <editdetail attribution="Reuters BIP Coding Group" action="confirmed" date="1997-03-05"/>
  </code>
</codes>
<codes class="bip:industries:1.0">
  <code code="I81402">
    <editdetail attribution="Reuters BIP Coding Group" action="confirmed" date="1997-03-05"/>
  </code>
</codes>
<codes class="bip:topics:1.0">
  <code code="C11">
    <editdetail attribution="Reuters BIP Coding Group" action="confirmed" date="1997-03-05"/>
  </code>
  <code code="C13">
    <editdetail attribution="Reuters BIP Coding Group" action="confirmed" date="1997-03-05"/>
  </code>
  <code code="C24">
    <editdetail attribution="Reuters BIP Coding Group" action="confirmed" date="1997-03-05"/>
  </code>
  <code code="CCAT">
    <editdetail attribution="Reuters BIP Coding Group" action="confirmed" date="1997-03-05"/>
  </code>
</codes>
<dc element="dc.date.created" value="1997-03-05"/>
<dc element="dc.publisher" value="Reuters Holdings Plc"/>
<dc element="dc.date.published" value="1997-03-05"/>
<dc element="dc.source" value="Reuters"/>
<dc element="dc.creator.location" value="WARSAW"/>
<dc element="dc.creator.location.country.name" value="POLAND"/>
<dc element="dc.source" value="Reuters"/>
</metadata>
</newsitem>
