<?xml version="1.0" encoding="iso-8859-1" ?>
<newsitem itemid="271892" id="root" date="1996-12-21" xml:lang="en">
<title>BANGLADESH: Dhaka stocks seen falling amid cautious trading.</title>
<headline>Dhaka stocks seen falling amid cautious trading.</headline>
<dateline>DHAKA 1996-12-21</dateline>
<text>
<p>Shares on the Dhaka Stock Exchange (DSE) may ease amid cautious trading when the market reopens after the Moslem Friday weekend, brokers said.</p>
<p>&quot;The market may continue to remain bearish as the investors are expected to be cautious in trading. They will prefer to watch the market before making any move,&quot; said Golam Sarwar of Mahbub Morshed &amp; Co. Prices may fall across the board, he said.</p>
<p>The DSE all-share price index closed 74.37 points or 2.79 percent down at 2,587.24 on a turnover of 77 million taka on Thursday. -- Dhaka Newsroom +880-2-506363</p>
</text>
<copyright>(c) Reuters Limited 1996</copyright>
<metadata>
<codes class="bip:countries:1.0">
  <code code="BANDH">
    <editdetail attribution="Reuters BIP Coding Group" action="confirmed" date="1996-12-21"/>
  </code>
</codes>
<codes class="bip:topics:1.0">
  <code code="M11">
    <editdetail attribution="Reuters BIP Coding Group" action="confirmed" date="1996-12-21"/>
  </code>
  <code code="MCAT">
    <editdetail attribution="Reuters BIP Coding Group" action="confirmed" date="1996-12-21"/>
  </code>
</codes>
<dc element="dc.date.created" value="1996-12-21"/>
<dc element="dc.publisher" value="Reuters Holdings Plc"/>
<dc element="dc.date.published" value="1996-12-21"/>
<dc element="dc.source" value="Reuters"/>
<dc element="dc.creator.location" value="DHAKA"/>
<dc element="dc.creator.location.country.name" value="BANGLADESH"/>
<dc element="dc.source" value="Reuters"/>
</metadata>
</newsitem>
