<?xml version="1.0" encoding="iso-8859-1" ?>
<newsitem itemid="488640" id="root" date="1997-04-04" xml:lang="en">
<title>AUSTRALIA: Australia building approvals fell 3.7 pct in Feb.</title>
<headline>Australia building approvals fell 3.7 pct in Feb.</headline>
<dateline>CANBERRA 1997-04-04</dateline>
<text>
<p>Australian dwelling unit building approvals fell a seasonally-adjusted 3.7 percent in February to 11,578 from 12,020 in January, compared with 10,407 in February 1996, the Australian Bureau of Statistics said.</p>
<p>Economists on average had expected building approvals to</p>
<p>fall 2.0 percent.</p>
<p>Australian housing building approvals-</p>
<p>    SEASONALLY ADJUSTED		   Feb 97    Jan 97   Feb 96</p>
<p>    Private Sector Houses		  7,152     7,578    7,031</p>
<p>    Total houses			     7,317     7,702    7,225</p>
<p>    Total private dwelling units	11,113    11,257    9,941</p>
<p>    Total dwelling units		  11,578    12,020   10,407</p>
<p>    Value residential building (A$ bln) 1.39	1.40     1.17</p>
<p>    Value total buildings (A$ bln)	2.27	2.55     2.18</p>
<p>TREND ESTIMATES</p>
<p>    Private Sector Houses		  7,403     7,367    7,071</p>
<p>    Total Dwelling Units		  11,649    11,464   10,231</p>
<p>The Bureau said the number of approvals for private sector house fell by 5.6 percent in seasonally adjusted terms in February, following a fall of 0.5 percent in January.</p>
<p>Seasonally adjusted estimate for other residential dwelling units fell by 1.3 percent in February, following an increae of 36.7 percent in January.</p>
<p>-- Sydney Newsroom 61-2 9373-1800</p>
</text>
<copyright>(c) Reuters Limited 1997</copyright>
<metadata>
<codes class="bip:countries:1.0">
  <code code="AUSTR">
    <editdetail attribution="Reuters BIP Coding Group" action="confirmed" date="1997-04-04"/>
  </code>
</codes>
<codes class="bip:industries:1.0">
  <code code="I50100">
    <editdetail attribution="Reuters BIP Coding Group" action="confirmed" date="1997-04-04"/>
  </code>
  <code code="I5010022">
    <editdetail attribution="Reuters BIP Coding Group" action="confirmed" date="1997-04-04"/>
  </code>
</codes>
<codes class="bip:topics:1.0">
  <code code="C31">
    <editdetail attribution="Reuters BIP Coding Group" action="confirmed" date="1997-04-04"/>
  </code>
  <code code="CCAT">
    <editdetail attribution="Reuters BIP Coding Group" action="confirmed" date="1997-04-04"/>
  </code>
  <code code="ECAT">
    <editdetail attribution="Reuters BIP Coding Group" action="confirmed" date="1997-04-04"/>
  </code>
</codes>
<dc element="dc.date.created" value="1997-04-04"/>
<dc element="dc.publisher" value="Reuters Holdings Plc"/>
<dc element="dc.date.published" value="1997-04-04"/>
<dc element="dc.source" value="Reuters"/>
<dc element="dc.creator.location" value="CANBERRA"/>
<dc element="dc.creator.location.country.name" value="AUSTRALIA"/>
<dc element="dc.source" value="Reuters"/>
</metadata>
</newsitem>
