<?xml version="1.0" encoding="iso-8859-1" ?>
<newsitem itemid="173299" id="root" date="1996-11-07" xml:lang="en">
<title>FRANCE: EU grants free-mkt wheat, barley, rye.</title>
<headline>EU grants free-mkt wheat, barley, rye.</headline>
<dateline>PARIS 1996-11-07</dateline>
<text>
<p>The European Union on Thursday granted the following export licences for free-market grain, EU grain officials said.</p>
<p>The refunds agreed by the EU's cereals management committee in Brussels are in Ecus per tonne.</p>
<p>			 Tonnage		Maximum Rebate</p>
<p> Soft wheat	  350,500		22.35 Ecus/tonne</p>
<p> Barley		133,500		31.49 Ecus/tonne</p>
<p> Rye		     8,200		31.89 Ecus/tonne</p>
<p> Oats		  bids rejected</p>
<p>--Paris newsroom +331 4221 5432</p>
</text>
<copyright>(c) Reuters Limited 1996</copyright>
<metadata>
<codes class="bip:countries:1.0">
  <code code="EEC">
    <editdetail attribution="Reuters BIP Coding Group" action="confirmed" date="1996-11-07"/>
  </code>
</codes>
<codes class="bip:topics:1.0">
  <code code="M14">
    <editdetail attribution="Reuters BIP Coding Group" action="confirmed" date="1996-11-07"/>
  </code>
  <code code="M141">
    <editdetail attribution="Reuters BIP Coding Group" action="confirmed" date="1996-11-07"/>
  </code>
  <code code="MCAT">
    <editdetail attribution="Reuters BIP Coding Group" action="confirmed" date="1996-11-07"/>
  </code>
</codes>
<dc element="dc.date.created" value="1996-11-07"/>
<dc element="dc.publisher" value="Reuters Holdings Plc"/>
<dc element="dc.date.published" value="1996-11-07"/>
<dc element="dc.source" value="Reuters"/>
<dc element="dc.creator.location" value="PARIS"/>
<dc element="dc.creator.location.country.name" value="FRANCE"/>
<dc element="dc.source" value="Reuters"/>
</metadata>
</newsitem>
