<?xml version="1.0" encoding="iso-8859-1" ?>
<newsitem itemid="82495" id="root" date="1996-09-27" xml:lang="en">
<title>GREECE: PRESS DIGEST - GREECE - SEPT 27.</title>
<headline>PRESS DIGEST - GREECE - SEPT 27.</headline>
<dateline>ATHENS 1996-09-27</dateline>
<text>
<p>Leading stories in the Greek press:</p>
<p>ELEFTHEROTYPIA</p>
<p>--Main opposition New Democracy party true to its pre-election pledge and finds work to do. Flurry of activity and proposals on leadership vacuum continues.</p>
<p>--Tax department uncovers billions in unpaid taxes in investigation of BP.</p>
<p>TA NEA</p>
<p>--Miltiades Evert appears determined to re-contest leadership of New Democracy, bringing field to four candidates. Proposal for deputy president Ioannis Varvitsiotis to play interim leader role sinks.</p>
<p>ELEFTHEROS TYPOS</p>
<p>--More than 70 New Democracy cadres support an Evert re-election.</p>
<p>ETHNOS</p>
<p>--Enormous scam by multinational BP, which is alleged to have concealed 15 billion drachmas in profits over 1991-1993. Tax department throws the book at them, in what is one of the biggest cases of tax evasion ever.</p>
<p>--Former assistant secretary of state Richard Holbrooke to mediate for the US on issues in the Aegean and Cyprus.</p>
<p>KATHIMERINI</p>
<p>--Economy and finance ministry meeting today to examine course of current budget and set targets for 1997 budget.</p>
<p>--The deadlock in the opposition New Democracy takes hold as the protagonists in the leadership battle appear unwilling to give ground on any issue. Resigned leader Miltiades Evert still considering whether to contest the leadership.</p>
<p>--Commercial Bank considering voluntary resignation incentives for highly-paid employees in effort to cut back on operating expenses and wage bills.</p>
<p>--National Bank prepares immediate steps to bolster market position: priority the review of the bank's bond loan and preparing the ground with mutual fund firms to increase share capital.</p>
<p>IMERISIA</p>
<p>--BP slapped with fine of 7.5 billion drachmas by finance ministry, following three years of alleged tax evasion.</p>
<p>--Economy and Finance Minister Yannos Papandoniou chairs meeting today on budget, the first in a series, to examine priorities and pending issues.</p>
<p>KERDOS</p>
<p>--Increased liquidity in the economy in August, Bank of Greece says. Both M3 money supply and M4 monetary aggregate rises slightly.</p>
<p>--Concerns about how to satisfy election promises as costing shows readjustment of farmers' pensions to total 40 billion drachmas.</p>
<p>--Bourse general price index is being reformed to become more representative of market trends.</p>
<p>--Interest rates stable for new T-bills issue set for month's end. Foreign and smaller Greek banks continue to be displeased with exclusion from private placement of new bonds by finance ministry on Wednesday.</p>
<p>--Could over the future of another two insurance firms.</p>
<p>EXPRESS</p>
<p>--Alarm bells go off over the budget. Fiscal policy at the epicentre of prepartions of government's economic policy statements in Parliament and the drafting of the 1997 state budget.</p>
<p>--Liquidity contained in August.</p>
<p>--European Commission to ask government for clarifications on state grants of over 10 billion drachmas to &quot;Drapetsona Fertilisers&quot; and AEBAL.</p>
<p>NAFTEMBORIKI</p>
<p>--Finance ministry sources say changes to objective tax criteria system are in the pipeline.</p>
<p>--All state utilities (DEKO) to be limited liability companies by the end of the year. National economy ministry circular calls for prompt response by boards to provisions of Community law.</p>
<p>--Credit Agricole buys 11.5 percent of Aspis Pronia.</p>
<p>--Athens Newsroom +301 3311812-4</p>
</text>
<copyright>(c) Reuters Limited 1996</copyright>
<metadata>
<codes class="bip:countries:1.0">
  <code code="GREECE">
    <editdetail attribution="Reuters BIP Coding Group" action="confirmed" date="1996-09-27"/>
  </code>
</codes>
<codes class="bip:topics:1.0">
  <code code="GCAT">
    <editdetail attribution="Reuters BIP Coding Group" action="confirmed" date="1996-09-27"/>
  </code>
</codes>
<dc element="dc.date.created" value="1996-09-27"/>
<dc element="dc.publisher" value="Reuters Holdings Plc"/>
<dc element="dc.date.published" value="1996-09-27"/>
<dc element="dc.source" value="Reuters"/>
<dc element="dc.creator.location" value="ATHENS"/>
<dc element="dc.creator.location.country.name" value="GREECE"/>
<dc element="dc.source" value="Reuters"/>
</metadata>
</newsitem>
