<?xml version="1.0" encoding="iso-8859-1" ?>
<newsitem itemid="206331" id="root" date="1996-11-21" xml:lang="en">
<title>RUSSIA: Rouble firms as banks shift funds to T-bills.</title>
<headline>Rouble firms as banks shift funds to T-bills.</headline>
<dateline>MOSCOW 1996-11-21</dateline>
<text>
<p>The rouble edged up on Thursday after banks shifted funds into the government bond market, dealers said.</p>
<p> roubles/dollar	Nov 21 midday  Nov 21 early   Nov 20 close</p>
<p> today settlement    5,487-90	 5,494-96	 5,493-95</p>
<p> tomorrow settlement 5,493-96	 5,494-96	 5,493-95</p>
<p> overnight credit (%)   40-50	    20-30	    20-30</p>
<p>			   Nov 21				Nov 20</p>
<p> central bank	  5,487/97			    5,486/96</p>
<p> MICEX		   5,489				 5,487</p>
<p>&quot;Banks left roubles on the Treasury bill market after (Wednesday's) auctions so overnight rouble credit rates have firmed,&quot; Inkombank dealer Alexei Ostrovsky said.</p>
<p>Another dealer said the rouble had firmed against the dollar on day-in-day settlement for the same reason.</p>
<p>On Wednesday the central bank auctioned eight trillion roubles of new six-month paper and an additional tranche of three trillion roubles of six-month bills.</p>
<p>--Artyom Danielyan, Moscow newsroom (095) 941 8520</p>
</text>
<copyright>(c) Reuters Limited 1996</copyright>
<metadata>
<codes class="bip:countries:1.0">
  <code code="RUSS">
    <editdetail attribution="Reuters BIP Coding Group" action="confirmed" date="1996-11-21"/>
  </code>
</codes>
<codes class="bip:topics:1.0">
  <code code="M13">
    <editdetail attribution="Reuters BIP Coding Group" action="confirmed" date="1996-11-21"/>
  </code>
  <code code="M131">
    <editdetail attribution="Reuters BIP Coding Group" action="confirmed" date="1996-11-21"/>
  </code>
  <code code="M132">
    <editdetail attribution="Reuters BIP Coding Group" action="confirmed" date="1996-11-21"/>
  </code>
  <code code="MCAT">
    <editdetail attribution="Reuters BIP Coding Group" action="confirmed" date="1996-11-21"/>
  </code>
</codes>
<dc element="dc.date.created" value="1996-11-21"/>
<dc element="dc.publisher" value="Reuters Holdings Plc"/>
<dc element="dc.date.published" value="1996-11-21"/>
<dc element="dc.source" value="Reuters"/>
<dc element="dc.creator.location" value="MOSCOW"/>
<dc element="dc.creator.location.country.name" value="RUSSIA"/>
<dc element="dc.source" value="Reuters"/>
</metadata>
</newsitem>
