<?xml version="1.0" encoding="iso-8859-1" ?>
<newsitem itemid="719332" id="root" date="1997-07-10" xml:lang="en">
<title>USA: Texas/w Okla fed cattle trade slow at $62 - USDA.</title>
<headline>Texas/w Okla fed cattle trade slow at $62 - USDA.</headline>
<dateline>AMARILLO 1997-07-10</dateline>
<text>
<p>Trade was slow in the Panhandle area on Thursday, USDA said. Slaughter steers and heifers were steady to $1.00 per cwt higher in limited test.</p>
<p>Confirmed -    1,400  Last week - None    Year Ago - 71,200</p>
<p>WK to date - 112,500  Last week - 78,700  Year Ago - 95,700 Steers -  Select and Choice 2-3 1150-1250 lbs 62.00.</p>
<p>Heifers - Select and Choice 2-3 1050-1150 lbs 61.00-62.00.</p>
<p>Feedlots reported light inquiry from buyers. Sales reported on 500 slaughter steers and 900 heifers; 112,500 head confirmed for week to date which includes 27,800 formulated and 100 previously contracted cattle to be shipped this week.</p>
<p>Note - all cattle prices based on net weights FOB the feedlot after a 4 percent shrink.</p>
<p>((Chicago newsdesk 312 408 8720))</p>
</text>
<copyright>(c) Reuters Limited 1997</copyright>
<metadata>
<codes class="bip:countries:1.0">
  <code code="USA">
    <editdetail attribution="Reuters BIP Coding Group" action="confirmed" date="1997-07-10"/>
  </code>
</codes>
<codes class="bip:topics:1.0">
  <code code="M14">
    <editdetail attribution="Reuters BIP Coding Group" action="confirmed" date="1997-07-10"/>
  </code>
  <code code="M141">
    <editdetail attribution="Reuters BIP Coding Group" action="confirmed" date="1997-07-10"/>
  </code>
  <code code="MCAT">
    <editdetail attribution="Reuters BIP Coding Group" action="confirmed" date="1997-07-10"/>
  </code>
</codes>
<dc element="dc.date.created" value="1997-07-10"/>
<dc element="dc.publisher" value="Reuters Holdings Plc"/>
<dc element="dc.date.published" value="1997-07-10"/>
<dc element="dc.source" value="Reuters"/>
<dc element="dc.creator.location" value="AMARILLO"/>
<dc element="dc.creator.location.country.name" value="USA"/>
<dc element="dc.source" value="Reuters"/>
</metadata>
</newsitem>
