<?xml version="1.0" encoding="iso-8859-1" ?>
<newsitem itemid="589425" id="root" date="1997-05-16" xml:lang="en">
<title>POLAND: RELPOL APRIL NET RISES TO PLN 0.6 MLN.</title>
<headline>RELPOL APRIL NET RISES TO PLN 0.6 MLN.</headline>
<dateline>WARSAW 1997-05-16</dateline>
<text>
<p>Preliminary results April</p>
<p>(in million zlotys unless stated)</p>
<p> APRIL		    1997     1996</p>
<p> Net profit	     0.63 vs   0.49</p>
<p> Pre-tax profit	 1.01 vs   0.74</p>
<p> Operating profit     0.43 vs   0.61</p>
<p> Sales		    4.42 vs   3.37</p>
<p> JANUARY-APRIL	  1997     1996</p>
<p> Net profit	     2.32 vs   1.84</p>
<p> Pre-tax profit	 3.58 vs   2.75</p>
<p> Operating profit     1.81 vs   2.13</p>
<p> Sales		   15.79 vs  13.40</p>
<p>Note. Full name of the Polish electromagnetic transmiter maker</p>
<p>is Relpol SA.</p>
<p>-- Warsaw Newsroom +48 22 653 9700</p>
</text>
<copyright>(c) Reuters Limited 1997</copyright>
<metadata>
<codes class="bip:countries:1.0">
  <code code="POL">
    <editdetail attribution="Reuters BIP Coding Group" action="confirmed" date="1997-05-16"/>
  </code>
</codes>
<codes class="bip:industries:1.0">
  <code code="I34000">
    <editdetail attribution="Reuters BIP Coding Group" action="confirmed" date="1997-05-16"/>
  </code>
</codes>
<codes class="bip:topics:1.0">
  <code code="C15">
    <editdetail attribution="Reuters BIP Coding Group" action="confirmed" date="1997-05-16"/>
  </code>
  <code code="C151">
    <editdetail attribution="Reuters BIP Coding Group" action="confirmed" date="1997-05-16"/>
  </code>
  <code code="CCAT">
    <editdetail attribution="Reuters BIP Coding Group" action="confirmed" date="1997-05-16"/>
  </code>
</codes>
<dc element="dc.date.created" value="1997-05-16"/>
<dc element="dc.publisher" value="Reuters Holdings Plc"/>
<dc element="dc.date.published" value="1997-05-16"/>
<dc element="dc.source" value="Reuters"/>
<dc element="dc.creator.location" value="WARSAW"/>
<dc element="dc.creator.location.country.name" value="POLAND"/>
<dc element="dc.source" value="Reuters"/>
</metadata>
</newsitem>
