<?xml version="1.0" encoding="iso-8859-1" ?>
<newsitem itemid="660048" id="root" date="1997-06-13" xml:lang="en">
<title>INDIA: Indian rupee gains against spot, forward dollar.</title>
<headline>Indian rupee gains against spot, forward dollar.</headline>
<dateline>BOMBAY 1997-06-13</dateline>
<text>
<p>The Indian rupee edged up against the spot and forward dollar in late morning trade on Friday, dealers said.</p>
<p>Spot rupee had gained to 35.815.825 from 35.83/84 opening on subdued dollar demand.</p>
<p>Dealers said the Industrial Development Bank of India was looking to buy dollars at 35.815 levels.</p>
<p>&quot;The 35.80 level seems to be well supported,&quot; a dealer said.</p>
<p>The forward premiums eased as exporter sales triggered by Thursday's fall in the rupee's spot rate continued, he said.</p>
<p>The indecision of the United Front government on the long-talked about oil price hike seemed to take away an impending factor that could move the forex market, dealers said.</p>
<p>-- Bombay newsroom +91-22-265 9000</p>
</text>
<copyright>(c) Reuters Limited 1997</copyright>
<metadata>
<codes class="bip:countries:1.0">
  <code code="INDIA">
    <editdetail attribution="Reuters BIP Coding Group" action="confirmed" date="1997-06-13"/>
  </code>
</codes>
<codes class="bip:topics:1.0">
  <code code="M13">
    <editdetail attribution="Reuters BIP Coding Group" action="confirmed" date="1997-06-13"/>
  </code>
  <code code="M132">
    <editdetail attribution="Reuters BIP Coding Group" action="confirmed" date="1997-06-13"/>
  </code>
  <code code="MCAT">
    <editdetail attribution="Reuters BIP Coding Group" action="confirmed" date="1997-06-13"/>
  </code>
</codes>
<dc element="dc.date.created" value="1997-06-13"/>
<dc element="dc.publisher" value="Reuters Holdings Plc"/>
<dc element="dc.date.published" value="1997-06-13"/>
<dc element="dc.source" value="Reuters"/>
<dc element="dc.creator.location" value="BOMBAY"/>
<dc element="dc.creator.location.country.name" value="INDIA"/>
<dc element="dc.source" value="Reuters"/>
</metadata>
</newsitem>
