<?xml version="1.0" encoding="iso-8859-1" ?>
<newsitem itemid="282587" id="root" date="1996-12-31" xml:lang="en">
<title>INDONESIA: Indonesia shipping - Belawan Port - Dec 31.</title>
<headline>Indonesia shipping - Belawan Port - Dec 31.</headline>
<text>
<p>Vessels at Belawan Port, North Sumatra Summary:</p>
<p>Vessels unloading : 22   Vessels loading : 21</p>
<p>---------------------------------------------------------------</p>
<p>Name	    Arrival	 Scheduled    P/Origin   Unloading</p>
<p>Grt	     Date/Time     departure    P/Dest     Loading</p>
<p>Agent</p>
<p>---------------------------------------------------------------</p>
<p>KM		29-12-96	31-12-96     S'pore     g.cargo</p>
<p>Brastagi I    0700	    2300	   S'pore     108 tns</p>
<p>2,496							     g.cargo</p>
<p>PT Deli Madju						   1,100 tns</p>
<p>---------------------------------------------------------------</p>
<p>MV		30-12-96	31-12-96     S'pore	   -</p>
<p>Hoegh Minava  0600	    2400	   T.Bayur    g.cargo</p>
<p>30,985							    1,764 tns</p>
<p>PT Pulau Laut</p>
<p>---------------------------------------------------------------</p>
<p>MV		30-12-96	31-12-96     Surabaya	 -</p>
<p>Kwan Chang    0800	    2400	   S'pore     plywood</p>
<p>1,590							     2,000 tns</p>
<p>PT Trikora Lloyd</p>
<p>---------------------------------------------------------------</p>
<p>KM		31-12-96	01-01-97     Palembang  palm kernal</p>
<p>Kabanjahe     0200	    2400	   Singkil    expeller</p>
<p>1,733							     2,000 tns</p>
<p>PT Deli Madju							 -</p>
<p>---------------------------------------------------------------</p>
<p>KM		30-12-96	05-01-97     T.Priok    cement</p>
<p>Tanto Raya    2300	    1800	   T.Priok    1,500 tns</p>
<p>3,286							     g.cargo</p>
<p>PT Tanjung							3,300</p>
<p>								    g.cargo</p>
<p>								    3,000 tns</p>
<p>---------------------------------------------------------------</p>
<p>MV		30-12-96	31-12-96     Lhoknga    cement</p>
<p>Florida	 1700	    1500	   Lhoknga    8,000 tns</p>
<p>6,023								   -</p>
<p>PT Burung Laut</p>
<p>---------------------------------------------------------------</p>
<p>Caraka Jaya   29-12-96	31-12-96     T.Priok    g.cargo</p>
<p>N.III-39	2000	    2400	   T.Priok    2,600 tns</p>
<p>PT Bahari Haluan Samudera				   container</p>
<p>								    40 teus</p>
<p>								    g.cargo</p>
<p>								    1,100 tns</p>
<p>---------------------------------------------------------------</p>
<p>MV		30-12-96	31-12-96     S'pore	   -</p>
<p>Afair Ace     2200	    0700	   Pekanbaru  plywood</p>
<p>5,654							     950 tns</p>
<p>PT Karana Line</p>
<p>---------------------------------------------------------------</p>
<p>MV		31-12-96	02-01-97     China	    -</p>
<p>Lian Hua-     0600	    1800	   Shanghai   pulp</p>
<p>Ling								5,000 tns</p>
<p>4,612</p>
<p>PT Admiral Line</p>
<p>---------------------------------------------------------------</p>
<p>MV		30-12-96	01-01-97     S'pore     container</p>
<p>Feeder-3	2300	    0200	   S'pore     48 teus</p>
<p>3,875							     container</p>
<p>PT Jaya Kesuma Perdana Line				 186 teus</p>
<p>---------------------------------------------------------------</p>
<p>---------------------------------------------------------------</p>
<p>MV		30-12-96	01-01-97     P.Klang    container</p>
<p>Kota Suria    2200	    2400	   P.Klang    210 teus</p>
<p>1,249							     container</p>
<p>PT Djakarta Lloyd					     228 teus</p>
<p>---------------------------------------------------------------</p>
<p>KM		30-12-96	02-01-97     Penang	   -</p>
<p>Cipta Karya   1200	    1700	   Penang     vegetables</p>
<p>171								 150 tns</p>
<p>PT Cakrawala Kirana Rintis Nusantara</p>
<p>---------------------------------------------------------------</p>
<p>TB.Buhilla    31-12-96	03-12-97     Tanjung-   crude palm</p>
<p>/TK C.JYI					  Sarang     oil</p>
<p>75						   Elang	828 tns</p>
<p>PT Asseatic Sejati Shipping		  Labuhan-	 -</p>
<p>						     Bilik</p>
<p>---------------------------------------------------------------</p>
<p>MT		29-12-96	01-01-97     T.Priok	  -</p>
<p>Susel Prima   0100	    1800	   Cirebon    palm olein</p>
<p>III								 1,600 tns</p>
<p>928</p>
<p>PT Samudera Indonesia</p>
<p>---------------------------------------------------------------</p>
<p>MV		30-12-96	03-01-97     Pontianak  palm kernal</p>
<p>Kota Selatan  1100	    1800	   Pontianak  expeller</p>
<p>592								 500 tns</p>
<p>PT Bahtera Adhiguna Jakarta				 cement</p>
<p>								    1,000 tns</p>
<p>---------------------------------------------------------------</p>
<p>TB.C3-106/TK  30-12-96	08-01-97     Tapak-     logs</p>
<p>111	     0600	    1800	   Tuan	 2,161 tns</p>
<p>PT Citra Antar Buana			   Sei-	    -</p>
<p>						     Guntung</p>
<p>---------------------------------------------------------------</p>
<p>MT		30-12-96	01-01-97     Siak	 crude palm</p>
<p>Marina 85     0900	    0600	   Siak	 oil</p>
<p>952								 1,600 tns</p>
<p>PT Sumatera Indah Raya Line				    -</p>
<p>---------------------------------------------------------------</p>
<p>MT		29-12-96	31-12-96     Surabaya	-</p>
<p>Mahkota	 1500	    1800	   Bitung     palm olein</p>
<p>946								 1,600 tns</p>
<p>PT Malta Meridian Lloyd</p>
<p>---------------------------------------------------------------</p>
<p>KM		28-12-96	03-01-97     P.Bangka   kaulin</p>
<p>Intan-9	 2300	    2400	   Palembang  300 tns</p>
<p>406								 g.cargo</p>
<p>PT Lohot Bahtera						300 tns</p>
<p>---------------------------------------------------------------</p>
<p>KM		30-12-96	02-01-97     Lhokseu-	 -</p>
<p>Buana Abadi   1000	    1800	   mawe	 fertiliser</p>
<p>252						  Pekanbaru  400 tna</p>
<p>PT Sumatera Indah Raya Line</p>
<p>---------------------------------------------------------------</p>
<p>---------------------------------------------------------------</p>
<p>KM		29-12-96	03-01-97     P.Klang    g.cargo</p>
<p>Dwi Daya	10-00	   2400	   Pekanbaru  400 tns</p>
<p>245								 fertiliser</p>
<p>PT Sumatera Indah Raya Line				 400 tns</p>
<p>---------------------------------------------------------------</p>
<p>MT		23-12-96	01-01-97     Palembang  marine fuel</p>
<p>Pertamina-    0500	    0700	   P.Sambu    oil</p>
<p>XIV								 3,662 tns</p>
<p>2,000								   -</p>
<p>PT Pertamina</p>
<p>---------------------------------------------------------------</p>
<p>MT		30-12-96	31-12-96     T.Priok	  -</p>
<p>Bobo-IV	 0900	    1800	   T.Priok    g.cargo</p>
<p>2,369							     5,000 tns</p>
<p>PT Samudera Indonesia</p>
<p>---------------------------------------------------------------</p>
<p>MT		29-12-96	31-12-96     Surabaya	 -</p>
<p>Bumimegah     0200	    1800	   T.Priok    palm olein</p>
<p>2,631							     4,200 tns</p>
<p>PT Burung Laut</p>
<p>---------------------------------------------------------------</p>
<p>MT		29-12-96	31-12-96     Batam	fatty</p>
<p>alcohol</p>
<p>Superin-1     0700	    2000	   Batam	600 tns</p>
<p>615								     -</p>
<p>PT Superin Lines</p>
<p>---------------------------------------------------------------</p>
<p>MV		26-12-96	31-12-96     Surabaya	 -</p>
<p>Kang Da	 2000	    0800	   Korea	palm kernal</p>
<p>7,387							     expeller</p>
<p>PT Samudera Indonesia					 3,500 tns</p>
<p>---------------------------------------------------------------</p>
<p>KM		27-12-96	31-12-96     T.Bayur    cement</p>
<p>Rimba Lima    2400	    1800	   T.Bayur    8,126 tns</p>
<p>5,237								   -</p>
<p>PT Rimba Segara Line</p>
<p>---------------------------------------------------------------</p>
<p>KM		28-12-96	31-12-96     T.Priok    g.cargo</p>
<p>Pulau-	  1200	    2400	   T.Priok    1,932 tns</p>
<p>Sumatera							     -</p>
<p>1,964</p>
<p>PT United Shipping Organization</p>
<p>--------------------------------------------------------------</p>
<p>KM		28-12-96	06-01-97     Surabaya   g.cargo</p>
<p>Armada-	 1800	    1800	   Singkil    11,000 tns</p>
<p>Juwita								 -</p>
<p>3,187</p>
<p>PT Salam Pacific Indonesia Line</p>
<p>--------------------------------------------------------------</p>
<p>KM		27-12-96	30-12-96     T.Priok    g.cargo</p>
<p>Pulau Jawa    1000	    2400	   Pontianak  1,233 tns</p>
<p>1,378								   -</p>
<p>PT United Shipping Organization</p>
<p>---------------------------------------------------------------</p>
<p>---------------------------------------------------------------</p>
<p>KM		25-12-96	31-12-96     Palembang  palm kernal</p>
<p>Dewi Mas	0500	    1800	   Palembang  expeller</p>
<p>497								 600 tns</p>
<p>PT Dewi Indah Raya					    fertiliser</p>
<p>								    800 tns</p>
<p>----------------------------------------------------------------</p>
<p>TB CB-	  26-12-96	31-12-96     Sei-	 logs</p>
<p>940/TK	  1600	    1800	   Guntung    2,402 tns</p>
<p>1,273						Sei-	    -</p>
<p>PT Citra Antar Buana			   Guntung</p>
<p>---------------------------------------------------------------</p>
<p>TB		21-12-96	31-12-96     Meulaboh   palm kernal</p>
<p>Teclona /TK   2200	    1800	   Singkil    expeller</p>
<p>1,290							     300 tns</p>
<p>PT Citra Antar Buana					  fertiliser</p>
<p>								    300 tns</p>
<p>---------------------------------------------------------------</p>
<p>-- Jakarta Newsroom +6221 384-6364</p>
</text>
<copyright>(c) Reuters Limited 1996</copyright>
<metadata>
<codes class="bip:countries:1.0">
  <code code="INDON">
    <editdetail attribution="Reuters BIP Coding Group" action="confirmed" date="1996-12-31"/>
  </code>
</codes>
<codes class="bip:topics:1.0">
  <code code="M14">
    <editdetail attribution="Reuters BIP Coding Group" action="confirmed" date="1996-12-31"/>
  </code>
  <code code="MCAT">
    <editdetail attribution="Reuters BIP Coding Group" action="confirmed" date="1996-12-31"/>
  </code>
</codes>
<dc element="dc.publisher" value="Reuters Holdings Plc"/>
<dc element="dc.date.published" value="1996-12-31"/>
<dc element="dc.source" value="Reuters"/>
<dc element="dc.creator.location.country.name" value="INDONESIA"/>
<dc element="dc.source" value="Reuters"/>
</metadata>
</newsitem>
