<?xml version="1.0" encoding="iso-8859-1" ?>
<newsitem itemid="421678" id="root" date="1997-03-05" xml:lang="en">
<title>UK: Heavy rains seen abating in southern Peru.</title>
<headline>Heavy rains seen abating in southern Peru.</headline>
<dateline>LONDON 1997-03-05</dateline>
<text>
<p>No more heavy rain is forecast over the next few weeks in southern Peru, where flooding caused copper output to be disrupted at operations of Asarco Inc's Southern Peru Copper Corp, U.S.-based private forecaster Weather Services Corp (WSC) said on Wednesday.</p>
<p>Asarco said on Tuesday operations had been curtailed since Monday at the Toquepala and Cuajone mines and a smelter at Ilo in southern Peru after being hit by flooding and heavy rains.</p>
<p>&quot;Heavy rain is not likely as the region returns to a more normal weather pattern,&quot; senior meteorologist Joel Burgio told Reuters by telephone.</p>
<p>The strong front that pounded the area recently was unusual for the time of year, he added.</p>
<p>&quot;Currently the area is under sunny to partly cloudy skies,&quot; he said, adding that there was a chance of light to locally moderate showers over the next few weeks.</p>
<p>--Eric Onstad, London Newsroom +44 171 542-8065</p>
</text>
<copyright>(c) Reuters Limited 1997</copyright>
<metadata>
<codes class="bip:countries:1.0">
  <code code="PERU">
    <editdetail attribution="Reuters BIP Coding Group" action="confirmed" date="1997-03-05"/>
  </code>
  <code code="UK">
    <editdetail attribution="Reuters BIP Coding Group" action="confirmed" date="1997-03-05"/>
  </code>
</codes>
<codes class="bip:industries:1.0">
  <code code="I21000">
    <editdetail attribution="Reuters BIP Coding Group" action="confirmed" date="1997-03-05"/>
  </code>
</codes>
<codes class="bip:topics:1.0">
  <code code="C24">
    <editdetail attribution="Reuters BIP Coding Group" action="confirmed" date="1997-03-05"/>
  </code>
  <code code="CCAT">
    <editdetail attribution="Reuters BIP Coding Group" action="confirmed" date="1997-03-05"/>
  </code>
  <code code="GCAT">
    <editdetail attribution="Reuters BIP Coding Group" action="confirmed" date="1997-03-05"/>
  </code>
  <code code="GWEA">
    <editdetail attribution="Reuters BIP Coding Group" action="confirmed" date="1997-03-05"/>
  </code>
</codes>
<dc element="dc.date.created" value="1997-03-05"/>
<dc element="dc.publisher" value="Reuters Holdings Plc"/>
<dc element="dc.date.published" value="1997-03-05"/>
<dc element="dc.source" value="Reuters"/>
<dc element="dc.creator.location" value="LONDON"/>
<dc element="dc.creator.location.country.name" value="UK"/>
<dc element="dc.source" value="Reuters"/>
</metadata>
</newsitem>
