<?xml version="1.0" encoding="iso-8859-1" ?>
<newsitem itemid="373094" id="root" date="1997-02-12" xml:lang="en">
<title>USA: Tosco Corp ups authorized shrs to 250 mln.</title>
<headline>Tosco Corp ups authorized shrs to 250 mln.</headline>
<dateline>STAMFORD, Conn. 1997-02-12</dateline>
<text>
<p>Tosco Corp Wednesday said stockholders approved a proposal to increase the number of authorized common shares to 250 million shares from 50 million shares.</p>
<p>The company said the proposal gives it the shares needed to complete the pending acquisition of the assets of the 76 Products Co, the West Coast refining and marketing division of Unocal Corp.</p>
<p>It said the move allows the company to proceed with its recently announced 3-for-1 split of Tosco's common stock.</p>
</text>
<copyright>(c) Reuters Limited 1997</copyright>
<metadata>
<codes class="bip:countries:1.0">
  <code code="USA">
    <editdetail attribution="Reuters BIP Coding Group" action="confirmed" date="1997-02-12"/>
  </code>
</codes>
<codes class="bip:industries:1.0">
  <code code="I13000">
    <editdetail attribution="Reuters BIP Coding Group" action="confirmed" date="1997-02-12"/>
  </code>
  <code code="I14000">
    <editdetail attribution="Reuters BIP Coding Group" action="confirmed" date="1997-02-12"/>
  </code>
</codes>
<codes class="bip:topics:1.0">
  <code code="C17">
    <editdetail attribution="Reuters BIP Coding Group" action="confirmed" date="1997-02-12"/>
  </code>
  <code code="C171">
    <editdetail attribution="Reuters BIP Coding Group" action="confirmed" date="1997-02-12"/>
  </code>
  <code code="C18">
    <editdetail attribution="Reuters BIP Coding Group" action="confirmed" date="1997-02-12"/>
  </code>
  <code code="C182">
    <editdetail attribution="Reuters BIP Coding Group" action="confirmed" date="1997-02-12"/>
  </code>
  <code code="CCAT">
    <editdetail attribution="Reuters BIP Coding Group" action="confirmed" date="1997-02-12"/>
  </code>
</codes>
<dc element="dc.date.created" value="1997-02-12"/>
<dc element="dc.publisher" value="Reuters Holdings Plc"/>
<dc element="dc.date.published" value="1997-02-12"/>
<dc element="dc.source" value="Reuters"/>
<dc element="dc.creator.location" value="STAMFORD, Conn."/>
<dc element="dc.creator.location.country.name" value="USA"/>
<dc element="dc.source" value="Reuters"/>
</metadata>
</newsitem>
