<?xml version="1.0" encoding="iso-8859-1" ?>
<newsitem itemid="224349" id="root" date="1996-11-28" xml:lang="en">
<title>NETHERLANDS: Dutch Q3 consumer spending rises 3.2 pct yr/yr.</title>
<headline>Dutch Q3 consumer spending rises 3.2 pct yr/yr.</headline>
<dateline>VOORBURG, Netherlands 1996-11-28</dateline>
<text>
<p>Dutch consumer spending rose 3.2 percent in volume terms in the third quarter of 1996 compared with the same period of 1995, the Central Bureau of Statistics (CBS) said.</p>
<p> DUTCH CONSUMER SPENDING     Q3 96  Q2 96  Q1 96  Q4 95  Q3 95</p>
<p>yr-on-yr pct volume changes</p>
<p> Total consumer spending	 3.2    3.0    3.3    2.0    2.2</p>
<p>  - food, beverages, tobacco   1.8    2.7    2.7    1.6    2.4</p>
<p>  - durable goods		  7.0    4.5    2.1   -0.1    0.8</p>
<p>  - other goods and services   2.5    2.6    3.7    2.8    2.6</p>
<p>-- Amsterdam newsroom, +31 20 570 8500</p>
</text>
<copyright>(c) Reuters Limited 1996</copyright>
<metadata>
<codes class="bip:countries:1.0">
  <code code="NETH">
    <editdetail attribution="Reuters BIP Coding Group" action="confirmed" date="1996-11-28"/>
  </code>
</codes>
<codes class="bip:topics:1.0">
  <code code="E14">
    <editdetail attribution="Reuters BIP Coding Group" action="confirmed" date="1996-11-28"/>
  </code>
  <code code="ECAT">
    <editdetail attribution="Reuters BIP Coding Group" action="confirmed" date="1996-11-28"/>
  </code>
</codes>
<dc element="dc.date.created" value="1996-11-28"/>
<dc element="dc.publisher" value="Reuters Holdings Plc"/>
<dc element="dc.date.published" value="1996-11-28"/>
<dc element="dc.source" value="Reuters"/>
<dc element="dc.creator.location" value="VOORBURG, Netherlands"/>
<dc element="dc.creator.location.country.name" value="NETHERLANDS"/>
<dc element="dc.source" value="Reuters"/>
</metadata>
</newsitem>
