<?xml version="1.0" encoding="iso-8859-1" ?>
<newsitem itemid="108670" id="root" date="1996-10-10" xml:lang="en">
<title>INDIA: India eases rules to help private firms in ports.</title>
<headline>India eases rules to help private firms in ports.</headline>
<dateline>NEW DELHI 1996-10-10</dateline>
<text>
<p>The Indian cabinet has approved a proposal to encourage private sector investment in ports, a government statement said on Thursday.</p>
<p>The new proposal would allow port-based industries to set up captive facilities, including oil jetties, on certain conditions, the statement said.</p>
<p>It did not specify the conditions.</p>
<p>&quot;It will speed up the private sector's participation in infrastructure projects by providing clear and transparent guidelines,&quot; the statement said.</p>
<p>The government would set up an independent regulatory body to revise and set port tariffs, the statement said.</p>
<p>&quot;It will give better investor confidence when an independent authority fixes tariffs applicable to both private investors and the port trusts,&quot; it said.</p>
<p>The new policy would also allow leasing of existing facilities by port authorities to private firms under certain condition, the statement said.</p>
<p>--New Delhi newsroom +91-11-301-2024</p>
</text>
<copyright>(c) Reuters Limited 1996</copyright>
<metadata>
<codes class="bip:countries:1.0">
  <code code="INDIA">
    <editdetail attribution="Reuters BIP Coding Group" action="confirmed" date="1996-10-10"/>
  </code>
</codes>
<codes class="bip:industries:1.0">
  <code code="I76300">
    <editdetail attribution="Reuters BIP Coding Group" action="confirmed" date="1996-10-10"/>
  </code>
</codes>
<codes class="bip:topics:1.0">
  <code code="C13">
    <editdetail attribution="Reuters BIP Coding Group" action="confirmed" date="1996-10-10"/>
  </code>
  <code code="C17">
    <editdetail attribution="Reuters BIP Coding Group" action="confirmed" date="1996-10-10"/>
  </code>
  <code code="CCAT">
    <editdetail attribution="Reuters BIP Coding Group" action="confirmed" date="1996-10-10"/>
  </code>
</codes>
<dc element="dc.date.created" value="1996-10-10"/>
<dc element="dc.publisher" value="Reuters Holdings Plc"/>
<dc element="dc.date.published" value="1996-10-10"/>
<dc element="dc.source" value="Reuters"/>
<dc element="dc.creator.location" value="NEW DELHI"/>
<dc element="dc.creator.location.country.name" value="INDIA"/>
<dc element="dc.source" value="Reuters"/>
</metadata>
</newsitem>
