<?xml version="1.0" encoding="iso-8859-1" ?>
<newsitem itemid="783857" id="root" date="1997-08-07" xml:lang="en">
<title>USA: American Real Estate offers rights.</title>
<headline>American Real Estate offers rights.</headline>
<dateline>MOUNT KISCO, N.Y. 1997-08-07</dateline>
<text>
<p>American Real Estate Partners LP said Thursday said it is offering holders of its depositary units of record August 8 one right for each five unts held.</p>
<p>The partnership said each right will entitle the holder to purchase four depositary units and one five percent cumulative pay-in-kind redeemable preferred unit, each representing limited partner interests, for $52 until 1700 EDT/2100 GMT September 11.</p>
<p>It said the price is allocable $42 in the aggregate to the four depositary units and $10 to the preferred unit.</p>
<p>The company said the registration it filed last month has been declared effective by the Securities and Exchange Commission.</p>
<p>It said exercising rights holders also will be entitled to subscribe under an over-subscription privilege for all or any portion of the depositary units and preferred units not subscribed for by other rights holders.</p>
<p>American Real Estate Partners said it anticipates certificates evidencing the rights to subscribe, together with a prospectus, will be mailed to unitholders by August 13.</p>
<p>((-- New York Newsdesk 212 859-1610))</p>
</text>
<copyright>(c) Reuters Limited 1997</copyright>
<metadata>
<codes class="bip:countries:1.0">
  <code code="USA">
    <editdetail attribution="Reuters BIP Coding Group" action="confirmed" date="1997-08-07"/>
  </code>
</codes>
<codes class="bip:industries:1.0">
  <code code="I85000">
    <editdetail attribution="Reuters BIP Coding Group" action="confirmed" date="1997-08-07"/>
  </code>
</codes>
<codes class="bip:topics:1.0">
  <code code="C17">
    <editdetail attribution="Reuters BIP Coding Group" action="confirmed" date="1997-08-07"/>
  </code>
  <code code="C171">
    <editdetail attribution="Reuters BIP Coding Group" action="confirmed" date="1997-08-07"/>
  </code>
  <code code="CCAT">
    <editdetail attribution="Reuters BIP Coding Group" action="confirmed" date="1997-08-07"/>
  </code>
</codes>
<dc element="dc.date.created" value="1997-08-07"/>
<dc element="dc.publisher" value="Reuters Holdings Plc"/>
<dc element="dc.date.published" value="1997-08-07"/>
<dc element="dc.source" value="Reuters"/>
<dc element="dc.creator.location" value="MOUNT KISCO, N.Y."/>
<dc element="dc.creator.location.country.name" value="USA"/>
<dc element="dc.source" value="Reuters"/>
</metadata>
</newsitem>
