<?xml version="1.0" encoding="iso-8859-1" ?>
<newsitem itemid="311879" id="root" date="1997-01-16" xml:lang="en">
<title>HONG KONG: HK industrial production index down 4.8 pct in Q3.</title>
<headline>HK industrial production index down 4.8 pct in Q3.</headline>
<dateline>HONG KONG 1997-01-16</dateline>
<text>
<p>Hong Kong's index of industrial production decreased by 4.8 percent in the third quarter of 1996, the Census and Statistics department said on Thursday.</p>
<p>Textiles output fell 8.4 percent and that of electrical and electronic products, machinery, professional equipment and optical goods fell 8.3 percent.</p>
<p>Consumer electrical and electronic products output decreased 13.5 percent. Chemicals, rubber, plastic and non-metallic mineral products output rose 0.2 percent.</p>
<p>Food, beverages and tobacco output increased 8.7 percent while paper products and printing output fell 2.5 percent.</p>
<p>Basic metals and fabricated metal products output decreased 5.8 percent and that of machinery, equipment, apparatus, parts and components slipped 4.2 percent.</p>
<p>Production of wearing apparel, except footwear, fell 8.4 percent.</p>
<p>-- Hong Kong Newsroom (852) 2843 6441</p>
</text>
<copyright>(c) Reuters Limited 1997</copyright>
<metadata>
<codes class="bip:countries:1.0">
  <code code="HKONG">
    <editdetail attribution="Reuters BIP Coding Group" action="confirmed" date="1997-01-16"/>
  </code>
</codes>
<codes class="bip:topics:1.0">
  <code code="E31">
    <editdetail attribution="Reuters BIP Coding Group" action="confirmed" date="1997-01-16"/>
  </code>
  <code code="E311">
    <editdetail attribution="Reuters BIP Coding Group" action="confirmed" date="1997-01-16"/>
  </code>
  <code code="ECAT">
    <editdetail attribution="Reuters BIP Coding Group" action="confirmed" date="1997-01-16"/>
  </code>
</codes>
<dc element="dc.date.created" value="1997-01-16"/>
<dc element="dc.publisher" value="Reuters Holdings Plc"/>
<dc element="dc.date.published" value="1997-01-16"/>
<dc element="dc.source" value="Reuters"/>
<dc element="dc.creator.location" value="HONG KONG"/>
<dc element="dc.creator.location.country.name" value="HONG KONG"/>
<dc element="dc.source" value="Reuters"/>
</metadata>
</newsitem>
