<?xml version="1.0" encoding="iso-8859-1" ?>
<newsitem itemid="737179" id="root" date="1997-07-17" xml:lang="en">
<title>USA: RESEARCH ALERT - Sinclair Broadcast.</title>
<headline>RESEARCH ALERT - Sinclair Broadcast.</headline>
<dateline>NEW YORK 1997-07-17</dateline>
<text>
<p>Alex. Brown said it upgraded Sinclair Broadcast Group Inc to strong buy from buy.</p>
<p>-- Additional details were not immediately available.</p>
<p>-- On Wednesday, Sinclair Broadcast agreed to acquire the radio and television stations of Heritage Media Group for $630 million in cash. The deal would be completed upon the closing of Heritage's merger agreement with News Corp Ltd, which remains subject to regulatory approval.</p>
<p>-- Sinclair Broadcast gained four to 33-3/4.</p>
</text>
<copyright>(c) Reuters Limited 1997</copyright>
<metadata>
<codes class="bip:countries:1.0">
  <code code="USA">
    <editdetail attribution="Reuters BIP Coding Group" action="confirmed" date="1997-07-17"/>
  </code>
</codes>
<codes class="bip:industries:1.0">
  <code code="I9741102">
    <editdetail attribution="Reuters BIP Coding Group" action="confirmed" date="1997-07-17"/>
  </code>
</codes>
<codes class="bip:topics:1.0">
  <code code="C15">
    <editdetail attribution="Reuters BIP Coding Group" action="confirmed" date="1997-07-17"/>
  </code>
  <code code="C152">
    <editdetail attribution="Reuters BIP Coding Group" action="confirmed" date="1997-07-17"/>
  </code>
  <code code="CCAT">
    <editdetail attribution="Reuters BIP Coding Group" action="confirmed" date="1997-07-17"/>
  </code>
</codes>
<dc element="dc.date.created" value="1997-07-17"/>
<dc element="dc.publisher" value="Reuters Holdings Plc"/>
<dc element="dc.date.published" value="1997-07-17"/>
<dc element="dc.source" value="Reuters"/>
<dc element="dc.creator.location" value="NEW YORK"/>
<dc element="dc.creator.location.country.name" value="USA"/>
<dc element="dc.source" value="Reuters"/>
</metadata>
</newsitem>
