<?xml version="1.0" encoding="iso-8859-1" ?>
<newsitem itemid="545789" id="root" date="1997-04-29" xml:lang="en">
<title>USA: Paging Partners Corp Q1 net loss narrows.</title>
<headline>Paging Partners Corp Q1 net loss narrows.</headline>
<dateline>FREEHOLD, N.J. 1997-04-29</dateline>
<text>
<p>Three Months Ended</p>
<p>					   March 31,	 December 31,</p>
<p>					1997	 1996	 1996</p>
<p>Total Revenue		1,775,000    1,583,000  1,817,000</p>
<p>NET LOSS		    $(464,000)   $(658,000) $(562,000)</p>
<p>NET LOSS PER COMMON SHARE</p>
<p>				    $(.08)	 $(.14)     $(.10)</p>
<p>Weighted average common shares</p>
<p>     outstanding	   5,830,000    4,800,000  5,673,000</p>
</text>
<copyright>(c) Reuters Limited 1997</copyright>
<metadata>
<codes class="bip:countries:1.0">
  <code code="USA">
    <editdetail attribution="Reuters BIP Coding Group" action="confirmed" date="1997-04-29"/>
  </code>
</codes>
<codes class="bip:industries:1.0">
  <code code="I79020">
    <editdetail attribution="Reuters BIP Coding Group" action="confirmed" date="1997-04-29"/>
  </code>
</codes>
<codes class="bip:topics:1.0">
  <code code="C15">
    <editdetail attribution="Reuters BIP Coding Group" action="confirmed" date="1997-04-29"/>
  </code>
  <code code="C151">
    <editdetail attribution="Reuters BIP Coding Group" action="confirmed" date="1997-04-29"/>
  </code>
  <code code="CCAT">
    <editdetail attribution="Reuters BIP Coding Group" action="confirmed" date="1997-04-29"/>
  </code>
</codes>
<dc element="dc.date.created" value="1997-04-29"/>
<dc element="dc.publisher" value="Reuters Holdings Plc"/>
<dc element="dc.date.published" value="1997-04-29"/>
<dc element="dc.source" value="Reuters"/>
<dc element="dc.creator.location" value="FREEHOLD, N.J."/>
<dc element="dc.creator.location.country.name" value="USA"/>
<dc element="dc.source" value="Reuters"/>
</metadata>
</newsitem>
