<?xml version="1.0" encoding="iso-8859-1" ?>
<newsitem itemid="666105" id="root" date="1997-06-17" xml:lang="en">
<title>UK: Highland Timber posts premium on AIM debut.</title>
<headline>Highland Timber posts premium on AIM debut.</headline>
<dateline>LONDON 1997-06-17</dateline>
<text>
<p>Shares in Highland Timber Plc rose on Tuesday to a six percent premium on their first day of dealings on the London Stock Exchange's Alternative Investment Market (AIM) but dealers described the volume as thin.</p>
<p>Highland shares, issued at 120p, gained 7-1/2p to 127-1/2p by 1114 GMT.  </p>
<p>Highland raised over eight million stg from an offer for subscription and said it aimed to establish a forest portfolio which will be restocked as felling takes place.</p>
<p>The group has bought three forests in the UK and said it is looking to buy a forest in New Zealand where Highland said timber grows approximately 40 to 50 percent quicker than in the UK.</p>
<p>--Andrew Langlands, London Newsroom +44 171 542 3496</p>
</text>
<copyright>(c) Reuters Limited 1997</copyright>
<metadata>
<codes class="bip:countries:1.0">
  <code code="UK">
    <editdetail attribution="Reuters BIP Coding Group" action="confirmed" date="1997-06-17"/>
  </code>
</codes>
<codes class="bip:industries:1.0">
  <code code="I02000">
    <editdetail attribution="Reuters BIP Coding Group" action="confirmed" date="1997-06-17"/>
  </code>
</codes>
<codes class="bip:topics:1.0">
  <code code="C15">
    <editdetail attribution="Reuters BIP Coding Group" action="confirmed" date="1997-06-17"/>
  </code>
  <code code="C152">
    <editdetail attribution="Reuters BIP Coding Group" action="confirmed" date="1997-06-17"/>
  </code>
  <code code="CCAT">
    <editdetail attribution="Reuters BIP Coding Group" action="confirmed" date="1997-06-17"/>
  </code>
</codes>
<dc element="dc.date.created" value="1997-06-17"/>
<dc element="dc.publisher" value="Reuters Holdings Plc"/>
<dc element="dc.date.published" value="1997-06-17"/>
<dc element="dc.source" value="Reuters"/>
<dc element="dc.creator.location" value="LONDON"/>
<dc element="dc.creator.location.country.name" value="UK"/>
<dc element="dc.source" value="Reuters"/>
</metadata>
</newsitem>
