<?xml version="1.0" encoding="iso-8859-1" ?>
<newsitem itemid="542546" id="root" date="1997-04-28" xml:lang="en">
<title>USA: Microtouch Q1 shr $0.25 vs $0.14.</title>
<headline>Microtouch Q1 shr $0.25 vs $0.14.</headline>
<dateline>METHUEN, Mass. 1997-04-28</dateline>
<text>
<p>Consolidated Sales/Earnings Summary</p>
<p>				   (Unaudited)</p>
<p>(in thousands, except for per share data)</p>
<p>					   Three Months Ended March 31,</p>
<p>						   1997	  1996</p>
<p> Net sales				   $30,076    $21,055</p>
<p> Cost of sales				18,728     13,129</p>
<p>    Gross profit			    11,348	7,926</p>
<p> Total operating expenses		  8,512	6,261</p>
<p> Operating income			    2,836	1,665</p>
<p> Other income				    378	  175</p>
<p>Income before provision for</p>
<p>  income taxes				 3,214	1,840</p>
<p> Provision for income taxes		1,157	  672</p>
<p> Net income				    2,057	1,168</p>
<p>Net income per share:</p>
<p>     Primary				    0.25	 0.14</p>
<p>     Fully diluted			    0.25	 0.14</p>
<p>Weighted average common shares</p>
<p>     Primary				   8,250	8,065</p>
<p>     Fully diluted			   8,250	8,065</p>
</text>
<copyright>(c) Reuters Limited 1997</copyright>
<metadata>
<codes class="bip:countries:1.0">
  <code code="USA">
    <editdetail attribution="Reuters BIP Coding Group" action="confirmed" date="1997-04-28"/>
  </code>
</codes>
<codes class="bip:industries:1.0">
  <code code="I33020">
    <editdetail attribution="Reuters BIP Coding Group" action="confirmed" date="1997-04-28"/>
  </code>
  <code code="I3302004">
    <editdetail attribution="Reuters BIP Coding Group" action="confirmed" date="1997-04-28"/>
  </code>
</codes>
<codes class="bip:topics:1.0">
  <code code="C15">
    <editdetail attribution="Reuters BIP Coding Group" action="confirmed" date="1997-04-28"/>
  </code>
  <code code="C151">
    <editdetail attribution="Reuters BIP Coding Group" action="confirmed" date="1997-04-28"/>
  </code>
  <code code="CCAT">
    <editdetail attribution="Reuters BIP Coding Group" action="confirmed" date="1997-04-28"/>
  </code>
</codes>
<dc element="dc.date.created" value="1997-04-28"/>
<dc element="dc.publisher" value="Reuters Holdings Plc"/>
<dc element="dc.date.published" value="1997-04-28"/>
<dc element="dc.source" value="Reuters"/>
<dc element="dc.creator.location" value="METHUEN, Mass."/>
<dc element="dc.creator.location.country.name" value="USA"/>
<dc element="dc.source" value="Reuters"/>
</metadata>
</newsitem>
