<?xml version="1.0" encoding="iso-8859-1" ?>
<newsitem itemid="694003" id="root" date="1997-06-27" xml:lang="en">
<title>MALAYSIA: KL tin down 12 cents on London's fall, small bids.</title>
<headline>KL tin down 12 cents on London's fall, small bids.</headline>
<dateline>KUALA LUMPUR 1997-06-27</dateline>
<text>
<p>Malaysia's tin price fell 12 cents to close at 13.69 ringgit ($5.43) a kg, a new 27-month low, traders said.</p>
<p>The market was pressured by an overnight fall on the London Metal Exchange (LME) and lack of bids, they said.</p>
<p>Traders noted initial bids for only 26 tonnes against offers for 124 tonnes. Final turnover was 104 tonnes, up from 70 on Thursday.</p>
<p>&quot;The market should see some rebound next week but it would depend very much on LME's performance,&quot; said one trader. &quot;The London market is weak at the moment.&quot;  </p>
<p>Buyers were from Japan, Europe and Malaysia, traders said.</p>
<p>The local price premium over LME has narrowed to $35 a tonne from $70 previously, they said.</p>
<p>-- Syed Azman (603-206 2323) ($1=2.5225 ringgit)</p>
</text>
<copyright>(c) Reuters Limited 1997</copyright>
<metadata>
<codes class="bip:countries:1.0">
  <code code="MALAY">
    <editdetail attribution="Reuters BIP Coding Group" action="confirmed" date="1997-06-27"/>
  </code>
</codes>
<codes class="bip:topics:1.0">
  <code code="M14">
    <editdetail attribution="Reuters BIP Coding Group" action="confirmed" date="1997-06-27"/>
  </code>
  <code code="M142">
    <editdetail attribution="Reuters BIP Coding Group" action="confirmed" date="1997-06-27"/>
  </code>
  <code code="MCAT">
    <editdetail attribution="Reuters BIP Coding Group" action="confirmed" date="1997-06-27"/>
  </code>
</codes>
<dc element="dc.date.created" value="1997-06-27"/>
<dc element="dc.publisher" value="Reuters Holdings Plc"/>
<dc element="dc.date.published" value="1997-06-27"/>
<dc element="dc.source" value="Reuters"/>
<dc element="dc.creator.location" value="KUALA LUMPUR"/>
<dc element="dc.creator.location.country.name" value="MALAYSIA"/>
<dc element="dc.source" value="Reuters"/>
</metadata>
</newsitem>
