<?xml version="1.0" encoding="iso-8859-1" ?>
<newsitem itemid="522544" id="root" date="1997-04-19" xml:lang="en">
<title>SHARJAH: SOCCER-JORDAN BEAT BAHRAIN 4-1 IN WORLD CUP QUALIFIER.</title>
<headline>SOCCER-JORDAN BEAT BAHRAIN 4-1 IN WORLD CUP QUALIFIER.</headline>
<dateline>SHARJAH, United Arab Emirates 1997-04-19</dateline>
<text>
<p>Jordan</p>
<p>beat Bahrain 4-1 (halftime 2-1) in a World Cup Asian zone group</p>
<p>3 qualifier on Saturday.</p>
<p>Scorers:</p>
<p>Jordan - Badran Shaqran 15, Hassouneh Qassem 33, Bassam</p>
<p>Khatib 89, Jamal Abuaded 90</p>
<p>Bahrain - Faisal Aziz Rashid 42</p>
<p>Attendance: 1,200</p>
</text>
<copyright>(c) Reuters Limited 1997</copyright>
<metadata>
<codes class="bip:countries:1.0">
  <code code="BAHRN">
    <editdetail attribution="Reuters BIP Coding Group" action="confirmed" date="1997-04-19"/>
  </code>
  <code code="JORDAN">
    <editdetail attribution="Reuters BIP Coding Group" action="confirmed" date="1997-04-19"/>
  </code>
  <code code="SHAJH">
    <editdetail attribution="Reuters BIP Coding Group" action="confirmed" date="1997-04-19"/>
  </code>
</codes>
<codes class="bip:topics:1.0">
  <code code="GCAT">
    <editdetail attribution="Reuters BIP Coding Group" action="confirmed" date="1997-04-19"/>
  </code>
  <code code="GSPO">
    <editdetail attribution="Reuters BIP Coding Group" action="confirmed" date="1997-04-19"/>
  </code>
</codes>
<dc element="dc.date.created" value="1997-04-19"/>
<dc element="dc.publisher" value="Reuters Holdings Plc"/>
<dc element="dc.date.published" value="1997-04-19"/>
<dc element="dc.source" value="Reuters"/>
<dc element="dc.creator.location" value="SHARJAH, United Arab Emirates"/>
<dc element="dc.creator.location.country.name" value="SHARJAH"/>
<dc element="dc.source" value="Reuters"/>
</metadata>
</newsitem>
