<?xml version="1.0" encoding="iso-8859-1" ?>
<newsitem itemid="438765" id="root" date="1997-03-13" xml:lang="en">
<title>LATVIA: PM SHKELE DOUBTS HE WILL RUN FOR NEXT PERIOD.</title>
<headline>PM SHKELE DOUBTS HE WILL RUN FOR NEXT PERIOD.</headline>
<dateline>RIGA 1997-03-13</dateline>
<text>
<p>Latvian Prime Minister Andris Shkele told Reuters that he doubted that he would participate in the next elections.</p>
<p>&quot;I doubt it,&quot; he said in an interview on Thursday.</p>
<p>&quot;Maybe it is better to leave good memories.&quot;</p>
<p>-- Riga newsroom +371 721 5240</p>
</text>
<copyright>(c) Reuters Limited 1997</copyright>
<metadata>
<codes class="bip:countries:1.0">
  <code code="LATV">
    <editdetail attribution="Reuters BIP Coding Group" action="confirmed" date="1997-03-13"/>
  </code>
</codes>
<codes class="bip:topics:1.0">
  <code code="GCAT">
    <editdetail attribution="Reuters BIP Coding Group" action="confirmed" date="1997-03-13"/>
  </code>
  <code code="GPOL">
    <editdetail attribution="Reuters BIP Coding Group" action="confirmed" date="1997-03-13"/>
  </code>
  <code code="GVOTE">
    <editdetail attribution="Reuters BIP Coding Group" action="confirmed" date="1997-03-13"/>
  </code>
</codes>
<dc element="dc.date.created" value="1997-03-13"/>
<dc element="dc.publisher" value="Reuters Holdings Plc"/>
<dc element="dc.date.published" value="1997-03-13"/>
<dc element="dc.source" value="Reuters"/>
<dc element="dc.creator.location" value="RIGA"/>
<dc element="dc.creator.location.country.name" value="LATVIA"/>
<dc element="dc.source" value="Reuters"/>
</metadata>
</newsitem>
