<?xml version="1.0" encoding="iso-8859-1" ?>
<newsitem itemid="294763" id="root" date="1997-01-08" xml:lang="en">
<title>PORTUGAL: INSTANT VIEW - Telecel could hit 12,000 esc.</title>
<headline>INSTANT VIEW - Telecel could hit 12,000 esc.</headline>
<dateline>LISBON 1997-01-08</dateline>
<text>
<p>The following is analysts' reaction to the surge in the price of Telecel-Comunicacoes Pessoais, the Portuguese mobile phone company, to record highs on Wednesday. The stock was up 9.6 percent at 11,601 escudos.</p>
<p>JOSE FREIRE, ESR-ESPIRITO SANTO RESEARCH</p>
<p>&quot;In the short term, the shares could hit 12,000 escudos, or even go beyond, because I think when we get figures for the number of subscribers at the end of January it is going to be higher than had been forecast.&quot;</p>
<p>&quot;The level of (market) penetration should be above the six percent predicted, given the aggressive marketing.&quot;  </p>
<p>JOSE CARLOS TOMAS, BANCO PORTUGUES DE INVESTIMENTO</p>
<p>&quot;This prices is discounting a very optimistic outlook for the level of penetration over the long term. It is also discounting...a very high income level per user. It is unthinkable that with current prices, the rate of penetration can be sustained. So the price is high because it is discounting some very optimistic scenarios.&quot;</p>
<p>--Lisbon bureau 3511-3150035</p>
</text>
<copyright>(c) Reuters Limited 1997</copyright>
<metadata>
<codes class="bip:countries:1.0">
  <code code="PORL">
    <editdetail attribution="Reuters BIP Coding Group" action="confirmed" date="1997-01-08"/>
  </code>
</codes>
<codes class="bip:industries:1.0">
  <code code="I79020">
    <editdetail attribution="Reuters BIP Coding Group" action="confirmed" date="1997-01-08"/>
  </code>
</codes>
<codes class="bip:topics:1.0">
  <code code="C15">
    <editdetail attribution="Reuters BIP Coding Group" action="confirmed" date="1997-01-08"/>
  </code>
  <code code="C152">
    <editdetail attribution="Reuters BIP Coding Group" action="confirmed" date="1997-01-08"/>
  </code>
  <code code="CCAT">
    <editdetail attribution="Reuters BIP Coding Group" action="confirmed" date="1997-01-08"/>
  </code>
</codes>
<dc element="dc.date.created" value="1997-01-08"/>
<dc element="dc.publisher" value="Reuters Holdings Plc"/>
<dc element="dc.date.published" value="1997-01-08"/>
<dc element="dc.source" value="Reuters"/>
<dc element="dc.creator.location" value="LISBON"/>
<dc element="dc.creator.location.country.name" value="PORTUGAL"/>
<dc element="dc.source" value="Reuters"/>
</metadata>
</newsitem>
