<?xml version="1.0" encoding="iso-8859-1" ?>
<newsitem itemid="652690" id="root" date="1997-06-11" xml:lang="en">
<title>YUGOSLAVIA: Yugo, Greece reach accord avoiding double taxes.</title>
<headline>Yugo, Greece reach accord avoiding double taxes.</headline>
<dateline>BELGRADE 1997-05-28</dateline>
<text>
<p>Yugoslavia and Greece initialed on Wednesday an agreement to avoid double taxation, Tanjug news agency quoted the Yugoslav information ministry as saying.</p>
<p>&quot;The agreement represents a substantial contribution to the promotion of economic and financial cooperation between Yugoslavia and Greece because it removes the problem of double taxation,&quot; the ministry said in a statement.</p>
<p>The accord was initialed in Belgrade by Yugoslav Deputy Finance Minister Miodrag Bulajic and head of the tax department in the Greek Finance Ministry Vrisis Vinieri. -- Beti Bilandzic, Belgrade newsroom +381 11 222 4305</p>
</text>
<copyright>(c) Reuters Limited 1997</copyright>
<metadata>
<codes class="bip:countries:1.0">
  <code code="GREECE">
    <editdetail attribution="Reuters BIP Coding Group" action="confirmed" date="1997-06-11"/>
  </code>
  <code code="YUG">
    <editdetail attribution="Reuters BIP Coding Group" action="confirmed" date="1997-06-11"/>
  </code>
</codes>
<codes class="bip:topics:1.0">
  <code code="E21">
    <editdetail attribution="Reuters BIP Coding Group" action="confirmed" date="1997-06-11"/>
  </code>
  <code code="E211">
    <editdetail attribution="Reuters BIP Coding Group" action="confirmed" date="1997-06-11"/>
  </code>
  <code code="E51">
    <editdetail attribution="Reuters BIP Coding Group" action="confirmed" date="1997-06-11"/>
  </code>
  <code code="E512">
    <editdetail attribution="Reuters BIP Coding Group" action="confirmed" date="1997-06-11"/>
  </code>
  <code code="ECAT">
    <editdetail attribution="Reuters BIP Coding Group" action="confirmed" date="1997-06-11"/>
  </code>
</codes>
<dc element="dc.date.created" value="1997-05-28"/>
<dc element="dc.publisher" value="Reuters Holdings Plc"/>
<dc element="dc.date.published" value="1997-06-11"/>
<dc element="dc.source" value="Reuters"/>
<dc element="dc.creator.location" value="BELGRADE"/>
<dc element="dc.creator.location.country.name" value="YUGOSLAVIA"/>
<dc element="dc.source" value="Reuters"/>
</metadata>
</newsitem>
