<?xml version="1.0" encoding="iso-8859-1" ?>
<newsitem itemid="449193" id="root" date="1997-03-18" xml:lang="en">
<title>USA: Cellular Technical accepts forecasts.</title>
<headline>Cellular Technical accepts forecasts.</headline>
<dateline>SEATTLE 1997-03-18</dateline>
<text>
<p>Information manager Cellular Technical Services Co Inc said Tuesday it was confident that it would meet expectations for its earnings and revenues this year.  </p>
<p>&quot;Based upon improvements in our operations and the pace of business thus far this year, we remain comfortable with our ability to meet the financial community's expectations for revenues and earnings in the first quarter and full-year 1997,&quot; it said.</p>
<p>Consensus among industry analysts compiled by First Call sees the company reporting a first-quarter profit of $0.21 a share and a profit of $0.77 a share for the entire year.</p>
<p>Earlier in the day, Cellular Technical reported a net loss for the fourth quarter of $0.13 a share against a net profit of $0.02 a year ago. Those figures compared with a First Call forecast of a $0.11-per-share loss.</p>
<p>The company provides real-time information management systems for the wireless communications industry.</p>
</text>
<copyright>(c) Reuters Limited 1997</copyright>
<metadata>
<codes class="bip:countries:1.0">
  <code code="USA">
    <editdetail attribution="Reuters BIP Coding Group" action="confirmed" date="1997-03-18"/>
  </code>
</codes>
<codes class="bip:industries:1.0">
  <code code="I34410">
    <editdetail attribution="Reuters BIP Coding Group" action="confirmed" date="1997-03-18"/>
  </code>
</codes>
<codes class="bip:topics:1.0">
  <code code="C15">
    <editdetail attribution="Reuters BIP Coding Group" action="confirmed" date="1997-03-18"/>
  </code>
  <code code="C152">
    <editdetail attribution="Reuters BIP Coding Group" action="confirmed" date="1997-03-18"/>
  </code>
  <code code="CCAT">
    <editdetail attribution="Reuters BIP Coding Group" action="confirmed" date="1997-03-18"/>
  </code>
</codes>
<dc element="dc.date.created" value="1997-03-18"/>
<dc element="dc.publisher" value="Reuters Holdings Plc"/>
<dc element="dc.date.published" value="1997-03-18"/>
<dc element="dc.source" value="Reuters"/>
<dc element="dc.creator.location" value="SEATTLE"/>
<dc element="dc.creator.location.country.name" value="USA"/>
<dc element="dc.source" value="Reuters"/>
</metadata>
</newsitem>
