<?xml version="1.0" encoding="iso-8859-1" ?>
<newsitem itemid="545413" id="root" date="1997-04-28" xml:lang="en">
<title>SOUTH KOREA: S.Korean firms buy 30,000T of Argentine feed wheat.</title>
<headline>S.Korean firms buy 30,000T of Argentine feed wheat.</headline>
<dateline>SEOUL 1997-04-28</dateline>
<text>
<p>South Korean feed milling companies bought a combined 30,000 tonnes of Argentine feed wheat at $142.20 a tonne C&amp;F, traders said on Monday.</p>
<p>They said the purchase was made by Tradi Grain through private negotiation last Thursday. Traders said arrival was set by July 10 to the western port of Inchon.</p>
<p>-- Seoul Newsroom (822) 727 5651</p>
</text>
<copyright>(c) Reuters Limited 1997</copyright>
<metadata>
<codes class="bip:countries:1.0">
  <code code="ARG">
    <editdetail attribution="Reuters BIP Coding Group" action="confirmed" date="1997-04-28"/>
  </code>
  <code code="SKOREA">
    <editdetail attribution="Reuters BIP Coding Group" action="confirmed" date="1997-04-28"/>
  </code>
</codes>
<codes class="bip:topics:1.0">
  <code code="M14">
    <editdetail attribution="Reuters BIP Coding Group" action="confirmed" date="1997-04-28"/>
  </code>
  <code code="M141">
    <editdetail attribution="Reuters BIP Coding Group" action="confirmed" date="1997-04-28"/>
  </code>
  <code code="MCAT">
    <editdetail attribution="Reuters BIP Coding Group" action="confirmed" date="1997-04-28"/>
  </code>
</codes>
<dc element="dc.date.created" value="1997-04-28"/>
<dc element="dc.publisher" value="Reuters Holdings Plc"/>
<dc element="dc.date.published" value="1997-04-28"/>
<dc element="dc.source" value="Reuters"/>
<dc element="dc.creator.location" value="SEOUL"/>
<dc element="dc.creator.location.country.name" value="SOUTH KOREA"/>
<dc element="dc.source" value="Reuters"/>
</metadata>
</newsitem>
