<?xml version="1.0" encoding="iso-8859-1" ?>
<newsitem itemid="429011" id="root" date="1997-03-09" xml:lang="en">
<title>UK: Pathe may sell 17 percent BSkyB stake - paper.</title>
<headline>Pathe may sell 17 percent BSkyB stake - paper.</headline>
<dateline>LONDON 1997-03-09</dateline>
<text>
<p>French media company Pathe may sell its 17 percent stake in British Sky Broadcasting Group Plc (BSkyB), worth around 1.8 billion stg ($2.89 billion), a British newspaper said on Sunday.</p>
<p>The Sunday Telegraph said the stake represented too much money tied up in one asset for Pathe, created out of the break up of the Chargeurs holding company last year.</p>
<p>Pathe had not yet decided how to dispose of its holding, the Sunday Telegraph said, but selling the stake could create large capital gains tax liabilities.</p>
<p>($1=.6228 Stg)</p>
</text>
<copyright>(c) Reuters Limited 1997</copyright>
<metadata>
<codes class="bip:countries:1.0">
  <code code="FRA">
    <editdetail attribution="Reuters BIP Coding Group" action="confirmed" date="1997-03-09"/>
  </code>
  <code code="UK">
    <editdetail attribution="Reuters BIP Coding Group" action="confirmed" date="1997-03-09"/>
  </code>
</codes>
<codes class="bip:industries:1.0">
  <code code="I43000">
    <editdetail attribution="Reuters BIP Coding Group" action="confirmed" date="1997-03-09"/>
  </code>
  <code code="I97100">
    <editdetail attribution="Reuters BIP Coding Group" action="confirmed" date="1997-03-09"/>
  </code>
  <code code="I9741110">
    <editdetail attribution="Reuters BIP Coding Group" action="confirmed" date="1997-03-09"/>
  </code>
</codes>
<codes class="bip:topics:1.0">
  <code code="C18">
    <editdetail attribution="Reuters BIP Coding Group" action="confirmed" date="1997-03-09"/>
  </code>
  <code code="C181">
    <editdetail attribution="Reuters BIP Coding Group" action="confirmed" date="1997-03-09"/>
  </code>
  <code code="CCAT">
    <editdetail attribution="Reuters BIP Coding Group" action="confirmed" date="1997-03-09"/>
  </code>
</codes>
<dc element="dc.date.created" value="1997-03-09"/>
<dc element="dc.publisher" value="Reuters Holdings Plc"/>
<dc element="dc.date.published" value="1997-03-09"/>
<dc element="dc.source" value="Reuters"/>
<dc element="dc.creator.location" value="LONDON"/>
<dc element="dc.creator.location.country.name" value="UK"/>
<dc element="dc.source" value="Reuters"/>
</metadata>
</newsitem>
