<?xml version="1.0" encoding="iso-8859-1" ?>
<newsitem itemid="625464" id="root" date="1997-05-30" xml:lang="en">
<title>USA: Bradley files for $200 mln shelf.</title>
<headline>Bradley files for $200 mln shelf.</headline>
<dateline>WASHINGTON 1997-05-30</dateline>
<text>
<p>Bradley Real Estate Inc filed Friday with the Securities and Exchange Commission a shelf registration to sell up to $200 million in common and preferred stock.</p>
<p>When combined with a previous registration, Bradley will have a total offering of $234,460,000 in common and preferred stock available for sale.</p>
<p>Net proceeds will be used to repay debt incurred in connection with the acquisition or improvement of shopping centers, to acquire additional shopping centers and to fund expansion of and/or improvements to such shopping centers or to certain shopping centers already owned by the company.</p>
<p>Bradley, based in Northbrook, Ill., is a fully-integrated real estate operating company and an owner and operator of community and neighborhood shopping centers in the midwest.</p>
</text>
<copyright>(c) Reuters Limited 1997</copyright>
<metadata>
<codes class="bip:countries:1.0">
  <code code="USA">
    <editdetail attribution="Reuters BIP Coding Group" action="confirmed" date="1997-05-30"/>
  </code>
</codes>
<codes class="bip:industries:1.0">
  <code code="I81502">
    <editdetail attribution="Reuters BIP Coding Group" action="confirmed" date="1997-05-30"/>
  </code>
</codes>
<codes class="bip:topics:1.0">
  <code code="C17">
    <editdetail attribution="Reuters BIP Coding Group" action="confirmed" date="1997-05-30"/>
  </code>
  <code code="C172">
    <editdetail attribution="Reuters BIP Coding Group" action="confirmed" date="1997-05-30"/>
  </code>
  <code code="CCAT">
    <editdetail attribution="Reuters BIP Coding Group" action="confirmed" date="1997-05-30"/>
  </code>
</codes>
<dc element="dc.date.created" value="1997-05-30"/>
<dc element="dc.publisher" value="Reuters Holdings Plc"/>
<dc element="dc.date.published" value="1997-05-30"/>
<dc element="dc.source" value="Reuters"/>
<dc element="dc.creator.location" value="WASHINGTON"/>
<dc element="dc.creator.location.country.name" value="USA"/>
<dc element="dc.source" value="Reuters"/>
</metadata>
</newsitem>
