<?xml version="1.0" encoding="iso-8859-1" ?>
<newsitem itemid="252937" id="root" date="1996-12-12" xml:lang="en">
<title>USA: Coin Bill net to grow slower than revenues.</title>
<headline>Coin Bill net to grow slower than revenues.</headline>
<dateline>HAUPPAUGE, N.Y. 1996-12-12</dateline>
<text>
<p>Coin Bill Validator Inc said on Thursday it aims to increase its fiscal year revenues by 25 percent, but increased operating expenses in the near term will cause earnings to grow somewhat slower than revenues.</p>
<p>The company said it expects improvemnts in the second half of the fiscal year as operating expenses decline as a percentage of revenues and earnings per share increase.  </p>
<p>Coin Bill, a maker of paper currency validation systems, reported revenues for the year ended September 30 of $16.6 million and profits of $272,000, including a $1.1 million pre-tax inventory write-down.</p>
<p>The company said it is increasing its market share in the gaming business, but it expects &quot;significant opportunities&quot; in the global beverage and vending markets.</p>
</text>
<copyright>(c) Reuters Limited 1996</copyright>
<metadata>
<codes class="bip:countries:1.0">
  <code code="USA">
    <editdetail attribution="Reuters BIP Coding Group" action="confirmed" date="1996-12-12"/>
  </code>
</codes>
<codes class="bip:industries:1.0">
  <code code="I47500">
    <editdetail attribution="Reuters BIP Coding Group" action="confirmed" date="1996-12-12"/>
  </code>
</codes>
<codes class="bip:topics:1.0">
  <code code="C15">
    <editdetail attribution="Reuters BIP Coding Group" action="confirmed" date="1996-12-12"/>
  </code>
  <code code="C152">
    <editdetail attribution="Reuters BIP Coding Group" action="confirmed" date="1996-12-12"/>
  </code>
  <code code="C31">
    <editdetail attribution="Reuters BIP Coding Group" action="confirmed" date="1996-12-12"/>
  </code>
  <code code="CCAT">
    <editdetail attribution="Reuters BIP Coding Group" action="confirmed" date="1996-12-12"/>
  </code>
</codes>
<dc element="dc.date.created" value="1996-12-12"/>
<dc element="dc.publisher" value="Reuters Holdings Plc"/>
<dc element="dc.date.published" value="1996-12-12"/>
<dc element="dc.source" value="Reuters"/>
<dc element="dc.creator.location" value="HAUPPAUGE, N.Y."/>
<dc element="dc.creator.location.country.name" value="USA"/>
<dc element="dc.source" value="Reuters"/>
</metadata>
</newsitem>
