<?xml version="1.0" encoding="iso-8859-1" ?>
<newsitem itemid="655396" id="root" date="1997-06-12" xml:lang="en">
<title>USA: SEMCO Energy CFO Caldwell resigns.</title>
<headline>SEMCO Energy CFO Caldwell resigns.</headline>
<dateline>PORT HURON, Mich. 1997-06-12</dateline>
<text>
<p>SEMCO Energy Inc said Robert Caldwell resigned as chief financial officer, effective June 30.</p>
<p>The company said Steven Warsinske, vice president of accounting, will serve as chief financial offer until it identifies a successor to Caldwell from external candidates.</p>
<p>&quot;I'm confident that what I've accomplished, especially in terms of bringing heightened fiscal accountability to the company and pursuing an aggressive growth strategy, helps position SEMCO Energy to take full advantage of opportunities presented by a transforming energy industry,&quot; Caldwell said in a statement.</p>
<p>Caldwell has been at the company since 1979. A representative for the company could not be reached for comment.</p>
</text>
<copyright>(c) Reuters Limited 1997</copyright>
<metadata>
<codes class="bip:countries:1.0">
  <code code="USA">
    <editdetail attribution="Reuters BIP Coding Group" action="confirmed" date="1997-06-12"/>
  </code>
</codes>
<codes class="bip:industries:1.0">
  <code code="I16200">
    <editdetail attribution="Reuters BIP Coding Group" action="confirmed" date="1997-06-12"/>
  </code>
</codes>
<codes class="bip:topics:1.0">
  <code code="C41">
    <editdetail attribution="Reuters BIP Coding Group" action="confirmed" date="1997-06-12"/>
  </code>
  <code code="C411">
    <editdetail attribution="Reuters BIP Coding Group" action="confirmed" date="1997-06-12"/>
  </code>
  <code code="CCAT">
    <editdetail attribution="Reuters BIP Coding Group" action="confirmed" date="1997-06-12"/>
  </code>
</codes>
<dc element="dc.date.created" value="1997-06-12"/>
<dc element="dc.publisher" value="Reuters Holdings Plc"/>
<dc element="dc.date.published" value="1997-06-12"/>
<dc element="dc.source" value="Reuters"/>
<dc element="dc.creator.location" value="PORT HURON, Mich."/>
<dc element="dc.creator.location.country.name" value="USA"/>
<dc element="dc.source" value="Reuters"/>
</metadata>
</newsitem>
