<?xml version="1.0" encoding="iso-8859-1" ?>
<newsitem itemid="702092" id="root" date="1997-07-02" xml:lang="en">
<title>USA: FOB Gulf Grain - Soybean, corn basis down.</title>
<headline>FOB Gulf Grain - Soybean, corn basis down.</headline>
<dateline>CHICAGO 1997-07-02</dateline>
<text>
<p>U.S. FOB Gulf soybean and corn values moved lower, with soybeans reacting to the narrowing of CBOT August's premium to November, traders said.</p>
<p>Weak export demand weighed on corn values. However, Taiwan was scheduled to tender overnight for 54,000 tonnes of U.S. corn for August-September shipment.</p>
<p>Winter wheat values were mostly unchanged. Soft red winter wheat harvest resumed Wednesday, which should increase grain movement into export channels, dealers said.  </p>
<p>CORN (No. 3 yellow, FOB, U.S. Gulf, basis CBOT, cts/bu) -</p>
<p>    --	 Bid	    Chng     Offer	     Chng</p>
<p>LH July	unq	   nc     +25.5    +  U     nc</p>
<p>August	 unq	   nc	 +26    +  U     dn 4</p>
<p>September    unq	   nc	 +27    +  U     dn 3</p>
<p>October	unq	   nc	 +30    +  Z     nc</p>
<p>--------</p>
<p>--------</p>
<p>--------</p>
<p>--------</p>
<p>Note: N=CBOT July, U=CBOT Sept, nc=no comparison.</p>
<p>SOYBEANS (No. 2 yellow, FOB, U.S. Gulf, basis CBOT, cts/bu)</p>
<p>    --	 Bid	    Chng     Offer	     Chng</p>
<p>LH July     unq	     nc	+62    +  Q    nc</p>
<p>August	unq	     nc	+62    +  Q    dn 18</p>
<p>September   unq	     nc	unq    +  X    nc</p>
<p>FH Oct	unq	     nc	+72    +  X    nc</p>
<p>LH Oct	unq	     nc	+50    +  X    up 1</p>
<p>---</p>
<p>---</p>
<p>---</p>
<p>Note: Q=CBOT August, X=CBOT November, nc=no comparison  </p>
<p>SRW WHEAT (FOB, U.S. Gulf, basis CBOT, cts/bu) -</p>
<p>    --	 Bid	    Chng     Offer	     Chng</p>
<p>July	  unq	     nc	+13    +  N    unc</p>
<p>August	unq	     nc	+10    +  U    unc</p>
<p>September   unq	     nc	+15    +  U    unc</p>
<p>HRW WHEAT (FOB, U.S. Gulf, basis KCBT, cts/bu) -</p>
<p>July	  unq	     nc	+37    +  N    unc</p>
<p>August	unq	     nc	+37    +  U    unc</p>
<p>September   unq	     nc	+39    +  U    unc</p>
<p>---</p>
<p>---</p>
<p>Note:  N=July futures, U=September futures.</p>
<p>((Chicago newsdesk 312-408-8720))</p>
</text>
<copyright>(c) Reuters Limited 1997</copyright>
<metadata>
<codes class="bip:countries:1.0">
  <code code="USA">
    <editdetail attribution="Reuters BIP Coding Group" action="confirmed" date="1997-07-02"/>
  </code>
</codes>
<codes class="bip:topics:1.0">
  <code code="M14">
    <editdetail attribution="Reuters BIP Coding Group" action="confirmed" date="1997-07-02"/>
  </code>
  <code code="M141">
    <editdetail attribution="Reuters BIP Coding Group" action="confirmed" date="1997-07-02"/>
  </code>
  <code code="MCAT">
    <editdetail attribution="Reuters BIP Coding Group" action="confirmed" date="1997-07-02"/>
  </code>
</codes>
<dc element="dc.date.created" value="1997-07-02"/>
<dc element="dc.publisher" value="Reuters Holdings Plc"/>
<dc element="dc.date.published" value="1997-07-02"/>
<dc element="dc.source" value="Reuters"/>
<dc element="dc.creator.location" value="CHICAGO"/>
<dc element="dc.creator.location.country.name" value="USA"/>
<dc element="dc.source" value="Reuters"/>
</metadata>
</newsitem>
