<?xml version="1.0" encoding="iso-8859-1" ?>
<newsitem itemid="708168" id="root" date="1997-07-04" xml:lang="en">
<title>REPUBLIC OF IRELAND: Irish unemployment rises to seas-adj 256,600 in Ju.</title>
<headline>Irish unemployment rises to seas-adj 256,600 in Ju.</headline>
<dateline>DUBLIN 1997-07-04</dateline>
<text>
<p>The number of those claiming unemployment benefit rose to a seasonally adjusted 256,600 in June from 255,100 in May, Central Statistics Office (CSO) figures showed on Friday.  </p>
<p>On an unadjusted basis, the numbers claiming benefit rose to 254,683 from 248,144 in May.</p>
<p>			   Unadjusted	    Adjusted</p>
<p> Latest		  254,863		 256,600</p>
<p> Previous		248,114		 255,100</p>
<p> Year-ago		282,897		 284,600</p>
<p>(No percentages of the total workforce were given.)</p>
<p>-- Dublin newsroom 353 1 661 3377</p>
</text>
<copyright>(c) Reuters Limited 1997</copyright>
<metadata>
<codes class="bip:countries:1.0">
  <code code="IRE">
    <editdetail attribution="Reuters BIP Coding Group" action="confirmed" date="1997-07-04"/>
  </code>
</codes>
<codes class="bip:topics:1.0">
  <code code="E41">
    <editdetail attribution="Reuters BIP Coding Group" action="confirmed" date="1997-07-04"/>
  </code>
  <code code="E411">
    <editdetail attribution="Reuters BIP Coding Group" action="confirmed" date="1997-07-04"/>
  </code>
  <code code="ECAT">
    <editdetail attribution="Reuters BIP Coding Group" action="confirmed" date="1997-07-04"/>
  </code>
  <code code="GCAT">
    <editdetail attribution="Reuters BIP Coding Group" action="confirmed" date="1997-07-04"/>
  </code>
  <code code="GJOB">
    <editdetail attribution="Reuters BIP Coding Group" action="confirmed" date="1997-07-04"/>
  </code>
</codes>
<dc element="dc.date.created" value="1997-07-04"/>
<dc element="dc.publisher" value="Reuters Holdings Plc"/>
<dc element="dc.date.published" value="1997-07-04"/>
<dc element="dc.source" value="Reuters"/>
<dc element="dc.creator.location" value="DUBLIN"/>
<dc element="dc.creator.location.country.name" value="REPUBLIC OF IRELAND"/>
<dc element="dc.source" value="Reuters"/>
</metadata>
</newsitem>
