<?xml version="1.0" encoding="iso-8859-1" ?>
<newsitem itemid="128998" id="root" date="1996-10-20" xml:lang="en">
<title>GABON: Gabon polling booths smashed amid election chaos.</title>
<headline>Gabon polling booths smashed amid election chaos.</headline>
<dateline>LIBREVILLE 1996-10-20</dateline>
<text>
<p>Frustrated voters smashed polling booths in central Gabon and held an official in the country's oil centre on Sunday as local elections degenerated into chaos, electoral commission officials said.</p>
<p>&quot;The election is completely chaotic. They started smashing the booths at Fougamou,&quot; National Election Committee vice-president Mengome Atome told Reuters. He said a polling official had been held hostage in his office in Port Gentil, the hub of Gabon's oil industry.</p>
</text>
<copyright>(c) Reuters Limited 1996</copyright>
<metadata>
<codes class="bip:countries:1.0">
  <code code="GABON">
    <editdetail attribution="Reuters BIP Coding Group" action="confirmed" date="1996-10-20"/>
  </code>
</codes>
<codes class="bip:topics:1.0">
  <code code="GCAT">
    <editdetail attribution="Reuters BIP Coding Group" action="confirmed" date="1996-10-20"/>
  </code>
  <code code="GPOL">
    <editdetail attribution="Reuters BIP Coding Group" action="confirmed" date="1996-10-20"/>
  </code>
  <code code="GVOTE">
    <editdetail attribution="Reuters BIP Coding Group" action="confirmed" date="1996-10-20"/>
  </code>
</codes>
<dc element="dc.date.created" value="1996-10-20"/>
<dc element="dc.publisher" value="Reuters Holdings Plc"/>
<dc element="dc.date.published" value="1996-10-20"/>
<dc element="dc.source" value="Reuters"/>
<dc element="dc.creator.location" value="LIBREVILLE"/>
<dc element="dc.creator.location.country.name" value="GABON"/>
<dc element="dc.source" value="Reuters"/>
</metadata>
</newsitem>
