<?xml version="1.0" encoding="iso-8859-1" ?>
<newsitem itemid="529755" id="root" date="1997-04-22" xml:lang="en">
<title>UK: Shell helped by U.S. oil firms' results.</title>
<headline>Shell helped by U.S. oil firms' results.</headline>
<dateline>LONDON 1997-04-22</dateline>
<text>
<p>Shares in Shell Transport and Trading Co Plc firmed four pence to 1,055-1/2 in a weaker overall market as they were underpinned by favourable results from U.S. oil firms, dealers said.  </p>
<p>Amoco Corp, Amerada Hess Corp and Exxon Corp on Monday all reported earnings which beat analysts forecasts.</p>
<p>Their results also helped British Petroleum Co Plc, which firmed 1-1/2 pence to 693.</p>
<p>Shell will report its first-quarter earnings on May 1, while BP follows on May 6.</p>
<p>-- London newsroom +44 171 542 7717</p>
</text>
<copyright>(c) Reuters Limited 1997</copyright>
<metadata>
<codes class="bip:countries:1.0">
  <code code="UK">
    <editdetail attribution="Reuters BIP Coding Group" action="confirmed" date="1997-04-22"/>
  </code>
  <code code="USA">
    <editdetail attribution="Reuters BIP Coding Group" action="confirmed" date="1997-04-22"/>
  </code>
</codes>
<codes class="bip:industries:1.0">
  <code code="I13000">
    <editdetail attribution="Reuters BIP Coding Group" action="confirmed" date="1997-04-22"/>
  </code>
  <code code="I1300003">
    <editdetail attribution="Reuters BIP Coding Group" action="confirmed" date="1997-04-22"/>
  </code>
  <code code="I14000">
    <editdetail attribution="Reuters BIP Coding Group" action="confirmed" date="1997-04-22"/>
  </code>
</codes>
<codes class="bip:topics:1.0">
  <code code="C15">
    <editdetail attribution="Reuters BIP Coding Group" action="confirmed" date="1997-04-22"/>
  </code>
  <code code="C152">
    <editdetail attribution="Reuters BIP Coding Group" action="confirmed" date="1997-04-22"/>
  </code>
  <code code="CCAT">
    <editdetail attribution="Reuters BIP Coding Group" action="confirmed" date="1997-04-22"/>
  </code>
</codes>
<dc element="dc.date.created" value="1997-04-22"/>
<dc element="dc.publisher" value="Reuters Holdings Plc"/>
<dc element="dc.date.published" value="1997-04-22"/>
<dc element="dc.source" value="Reuters"/>
<dc element="dc.creator.location" value="LONDON"/>
<dc element="dc.creator.location.country.name" value="UK"/>
<dc element="dc.source" value="Reuters"/>
</metadata>
</newsitem>
