<?xml version="1.0" encoding="iso-8859-1" ?>
<newsitem itemid="351821" id="root" date="1997-02-03" xml:lang="en">
<title>USA: Imagyn says FDA clears fallopian system.</title>
<headline>Imagyn says FDA clears fallopian system.</headline>
<dateline>LAGUNA NIGUEL, Calif. 1997-02-03</dateline>
<text>
<p>Imagyn Medical Inc said it got marketing clearance from the U.S. Food and Drug Administration for its Ovation Falloposcopy System.</p>
<p>The system provides physicians with a diagnostic tool for further evaluation of proximal fallopian tube occlusion.</p>
<p>This marks the first time the FDA has cleared a device enabling physicians to directly view blockages inside the proximal fallopian tubes -- a major underlying reason for infertility in women.  An estimated five million women in the United States are clinically infertile.</p>
</text>
<copyright>(c) Reuters Limited 1997</copyright>
<metadata>
<codes class="bip:countries:1.0">
  <code code="USA">
    <editdetail attribution="Reuters BIP Coding Group" action="confirmed" date="1997-02-03"/>
  </code>
</codes>
<codes class="bip:industries:1.0">
  <code code="I37200">
    <editdetail attribution="Reuters BIP Coding Group" action="confirmed" date="1997-02-03"/>
  </code>
</codes>
<codes class="bip:topics:1.0">
  <code code="C13">
    <editdetail attribution="Reuters BIP Coding Group" action="confirmed" date="1997-02-03"/>
  </code>
  <code code="C22">
    <editdetail attribution="Reuters BIP Coding Group" action="confirmed" date="1997-02-03"/>
  </code>
  <code code="CCAT">
    <editdetail attribution="Reuters BIP Coding Group" action="confirmed" date="1997-02-03"/>
  </code>
</codes>
<dc element="dc.date.created" value="1997-02-03"/>
<dc element="dc.publisher" value="Reuters Holdings Plc"/>
<dc element="dc.date.published" value="1997-02-03"/>
<dc element="dc.source" value="Reuters"/>
<dc element="dc.creator.location" value="LAGUNA NIGUEL, Calif."/>
<dc element="dc.creator.location.country.name" value="USA"/>
<dc element="dc.source" value="Reuters"/>
</metadata>
</newsitem>
