<?xml version="1.0" encoding="iso-8859-1" ?>
<newsitem itemid="438334" id="root" date="1997-03-12" xml:lang="en">
<title>CZECH REPUBLIC: Czech govt agency says plans to sell Skoda stake.</title>
<headline>Czech govt agency says plans to sell Skoda stake.</headline>
<dateline>PRAGUE 1997-03-12</dateline>
<text>
<p>The Czech government privatisation agency, the National Property Fund (NPF), said on Wednesday it was planning to sell a 8.7 percent stake it holds in engineering concern Skoda a.s. soon.</p>
<p>NPF spokesman told Reuters the stake would probably be sold on the capital market within weeks if no property restitution claims appeared which could block it.</p>
</text>
<copyright>(c) Reuters Limited 1997</copyright>
<metadata>
<codes class="bip:countries:1.0">
  <code code="CZREP">
    <editdetail attribution="Reuters BIP Coding Group" action="confirmed" date="1997-03-12"/>
  </code>
</codes>
<codes class="bip:topics:1.0">
  <code code="E12">
    <editdetail attribution="Reuters BIP Coding Group" action="confirmed" date="1997-03-12"/>
  </code>
</codes>
<dc element="dc.date.created" value="1997-03-12"/>
<dc element="dc.publisher" value="Reuters Holdings Plc"/>
<dc element="dc.date.published" value="1997-03-12"/>
<dc element="dc.source" value="Reuters"/>
<dc element="dc.creator.location" value="PRAGUE"/>
<dc element="dc.creator.location.country.name" value="CZECH REPUBLIC"/>
<dc element="dc.source" value="Reuters"/>
</metadata>
</newsitem>
