<?xml version="1.0" encoding="iso-8859-1" ?>
<newsitem itemid="517743" id="root" date="1997-04-17" xml:lang="en">
<title>USA: US Plains cattle sell at $69, trade thin -feedlots.</title>
<headline>US Plains cattle sell at $69, trade thin -feedlots.</headline>
<dateline>CHICAGO 1997-04-17</dateline>
<text>
<p>U.S. Plains feedlot cattle sold at $69.00 per cwt in extremely light volume Thursday morning, generally steady with top prices paid earlier this week on active sales, feedlot sources said.</p>
<p>About 400 steers likely to grade select and choice sold in Kansas but the number was too small for an adequate market test, sources there said.</p>
<p>The Kansas sales brought week-to-date movement close to 91,000 head. The showlist was estimated near 90,000.</p>
</text>
<copyright>(c) Reuters Limited 1997</copyright>
<metadata>
<codes class="bip:countries:1.0">
  <code code="USA">
    <editdetail attribution="Reuters BIP Coding Group" action="confirmed" date="1997-04-17"/>
  </code>
</codes>
<codes class="bip:topics:1.0">
  <code code="M14">
    <editdetail attribution="Reuters BIP Coding Group" action="confirmed" date="1997-04-17"/>
  </code>
  <code code="M141">
    <editdetail attribution="Reuters BIP Coding Group" action="confirmed" date="1997-04-17"/>
  </code>
  <code code="MCAT">
    <editdetail attribution="Reuters BIP Coding Group" action="confirmed" date="1997-04-17"/>
  </code>
</codes>
<dc element="dc.date.created" value="1997-04-17"/>
<dc element="dc.publisher" value="Reuters Holdings Plc"/>
<dc element="dc.date.published" value="1997-04-17"/>
<dc element="dc.source" value="Reuters"/>
<dc element="dc.creator.location" value="CHICAGO"/>
<dc element="dc.creator.location.country.name" value="USA"/>
<dc element="dc.source" value="Reuters"/>
</metadata>
</newsitem>
