<?xml version="1.0" encoding="iso-8859-1" ?>
<newsitem itemid="168947" id="root" date="1996-11-06" xml:lang="en">
<title>NETHERLANDS: SOCCER-DUTCH FIRST DIVISION SUMMARY.</title>
<headline>SOCCER-DUTCH FIRST DIVISION SUMMARY.</headline>
<dateline>AMSTERDAM 1996-11-06</dateline>
<text>
<p>Summary of Dutch first division</p>
<p>soccer match on Wednesday:</p>
<p>Utrecht 1 (Mols 77) Volendam 0.</p>
<p>Halftime 0-0. </p>
<p>Attendance 8,500.</p>
</text>
<copyright>(c) Reuters Limited 1996</copyright>
<metadata>
<codes class="bip:countries:1.0">
  <code code="NETH">
    <editdetail attribution="Reuters BIP Coding Group" action="confirmed" date="1996-11-06"/>
  </code>
</codes>
<codes class="bip:topics:1.0">
  <code code="GCAT">
    <editdetail attribution="Reuters BIP Coding Group" action="confirmed" date="1996-11-06"/>
  </code>
  <code code="GSPO">
    <editdetail attribution="Reuters BIP Coding Group" action="confirmed" date="1996-11-06"/>
  </code>
</codes>
<dc element="dc.date.created" value="1996-11-06"/>
<dc element="dc.publisher" value="Reuters Holdings Plc"/>
<dc element="dc.date.published" value="1996-11-06"/>
<dc element="dc.source" value="Reuters"/>
<dc element="dc.creator.location" value="AMSTERDAM"/>
<dc element="dc.creator.location.country.name" value="NETHERLANDS"/>
<dc element="dc.source" value="Reuters"/>
</metadata>
</newsitem>
