<?xml version="1.0" encoding="iso-8859-1" ?>
<newsitem itemid="533322" id="root" date="1997-04-23" xml:lang="en">
<title>MALTA: PRESS DIGEST - Malta - April 23.</title>
<headline>PRESS DIGEST - Malta - April 23.</headline>
<dateline>VALLETTA 1997-04-23</dateline>
<text>
<p>The following are the leading stories in the Maltese press on Wednesday. Reuters has not verified these stories and does not vouch for their accuracy.</p>
<p>THE TIMES</p>
<p>- Government planning new management structure for state hospitals to give them more autonomy.</p>
<p>L-ORIZZONT</p>
<p>- Government discussing new scheme for waste disposal. Disused quarries to be used for disposal of building debris.</p>
<p>IN-NAZZJON</p>
<p>- General Workers' Union delegation in London talks over De La Rue factory in Malta. The international banknote printing firm has temporarily suspended 63 employees for lack of work.</p>
<p>- Russian youth caught with cocaine in his shoe soles.</p>
</text>
<copyright>(c) Reuters Limited 1997</copyright>
<metadata>
<codes class="bip:countries:1.0">
  <code code="MALTA">
    <editdetail attribution="Reuters BIP Coding Group" action="confirmed" date="1997-04-23"/>
  </code>
</codes>
<codes class="bip:topics:1.0">
  <code code="GCAT">
    <editdetail attribution="Reuters BIP Coding Group" action="confirmed" date="1997-04-23"/>
  </code>
</codes>
<dc element="dc.date.created" value="1997-04-23"/>
<dc element="dc.publisher" value="Reuters Holdings Plc"/>
<dc element="dc.date.published" value="1997-04-23"/>
<dc element="dc.source" value="Reuters"/>
<dc element="dc.creator.location" value="VALLETTA"/>
<dc element="dc.creator.location.country.name" value="MALTA"/>
<dc element="dc.source" value="Reuters"/>
</metadata>
</newsitem>
