<?xml version="1.0" encoding="iso-8859-1" ?>
<newsitem itemid="635692" id="root" date="1997-06-03" xml:lang="en">
<title>SPAIN: B/Spain leaves key rate unchanged at 5.25 pct.</title>
<headline>B/Spain leaves key rate unchanged at 5.25 pct.</headline>
<dateline>MADRID 1997-06-02</dateline>
<text>
<p>The Bank of Spain said it left its key money rate unchanged at 5.25 percent at today's regular repurchase tender for central bank certificates.</p>
<p>It allotted 4.09 trillion pesetas against 4.09 bid.</p>
<p>A Reuter survey of 10 dealers and analysts conducted on Monday revealed none expected the Bank of Spain to cut its rate at the regular auction today.</p>
<p>--Madrid newsroom +34 1 585 2167</p>
</text>
<copyright>(c) Reuters Limited 1997</copyright>
<metadata>
<codes class="bip:countries:1.0">
  <code code="SPAIN">
    <editdetail attribution="Reuters BIP Coding Group" action="confirmed" date="1997-06-03"/>
  </code>
</codes>
<codes class="bip:topics:1.0">
  <code code="M13">
    <editdetail attribution="Reuters BIP Coding Group" action="confirmed" date="1997-06-03"/>
  </code>
  <code code="M131">
    <editdetail attribution="Reuters BIP Coding Group" action="confirmed" date="1997-06-03"/>
  </code>
  <code code="MCAT">
    <editdetail attribution="Reuters BIP Coding Group" action="confirmed" date="1997-06-03"/>
  </code>
</codes>
<dc element="dc.date.created" value="1997-06-02"/>
<dc element="dc.publisher" value="Reuters Holdings Plc"/>
<dc element="dc.date.published" value="1997-06-03"/>
<dc element="dc.source" value="Reuters"/>
<dc element="dc.creator.location" value="MADRID"/>
<dc element="dc.creator.location.country.name" value="SPAIN"/>
<dc element="dc.source" value="Reuters"/>
</metadata>
</newsitem>
