<?xml version="1.0" encoding="iso-8859-1" ?>
<newsitem itemid="418355" id="root" date="1997-03-04" xml:lang="en">
<title>India: INDICATORS - Key Indian economic data-March 4.</title>
<headline>INDICATORS - Key Indian economic data-March 4.</headline>
<text>
<p>*********** DAILY INDICATORS ***********</p>
<p>					    MONDAY	    PREVIOUS</p>
<p>Rupee/US $ (Inter-bank)		35.82		 35.89</p>
<p>--------------------------------------------------------------</p>
<p>RBI Reference Rate (Rs/$)	    35.84		 35.89</p>
<p>--------------------------------------------------------------</p>
<p>Bombay 30-share index		  3,871.05	  3,857.49</p>
<p>--------------------------------------------------------------</p>
<p>BSE National 100-share index	 1,684.26	  1,672.65</p>
<p>--------------------------------------------------------------</p>
<p>Call money rate			  3.50 pct	   7.00 pct</p>
<p>--------------------------------------------------------------</p>
<p>Gold (Bombay) Rs/10gm		  4,950		4,975</p>
<p>---------------------------------------------------------------</p>
<p>Silver.999 (Rs/kg)		     7,660		7,645</p>
<p>--------------------------------------------------------------</p>
<p>  WEEKLY/MONTHLY			   CURRENT	    YEAR-AGO</p>
<p>Growth in:</p>
<p>  Consumer price index  AUG	     8.90 pct	 10.90 pct</p>
<p>  Wholesale price index FEB	     7.99 pct	  4.60 pct</p>
<p>  M3 (yr-on-yr)	   JAN	    16.2  pct	 15.70 pct</p>
<p>  Industrial production SEP	     9.7  pct	 12.6  pct</p>
<p>India forex reserves    FEB	   $23.43 bln	$20.62 bln</p>
<p>  Foreign currency	FEB	   $19.32 bln	$15.98 bln</p>
<p>  Gold, SDRs		FEB	    $4.10 bln	 $4.63 bln</p>
<p>Trade balance	     NOV	   -$0.47 bln	-$0.52 bln</p>
<p>  Exports		   NOV	    $2.48 bln	 $2.58 bln</p>
<p>  Imports		   NOV	    $2.95 bln	 $3.10 bln</p>
<p>-------------------------------------------------------------- .</p>
<p>     ANNUAL		     @1995/96	 1994/95	 1993/4</p>
<p> Population (millions)	    920	     904	    889</p>
<p> Per capita income	   Rs 2,506	Rs 2,401     Rs 2,292</p>
<p> Indian external debt (a)  $92.6 bln     $99.04 bln  $91.1 bln</p>
<p> Debt service ratio	   26.5pct	 26.6pct     25.1 pct</p>
<p> Real GDP growth (pct)	    7.0	     6.3	   5.0</p>
<p> Fiscal deficit (pct of GDP)    5.9	     6.1	   7.5</p>
<p> Consumer price index (pct)     9.0	     9.7	   9.9</p>
<p> Trade balance		 -$4.53bln    -$2.03 bln   -$1.04 bln</p>
<p>  Exports			$31.83bln    $26.23 bln   $22.17 bln</p>
<p>  Imports			$36.37bln    $28.25 bln   $23.21 bln</p>
<p>Current account balance</p>
<p>  as pct of GDP		    -1.5	   -0.8	   -0.1</p>
<p>Industrial production</p>
<p> index  (pct growth)	     10.0 (c)	8.6	    6.0</p>
<p>Agricultural production</p>
<p> index  (pct growth)		-0.1	   4.6	    3.6</p>
<p>Cumulative FII stock</p>
<p> investment (end fiscal)	 5,617.3     $3,208 million $1,657million</p>
<p> Rupee exchange rate Rs/$	   34.63    31.39	  31.37</p>
<p>	    -----------------------------------------</p>
<p>@  Projections are from the Economic survey</p>
<p>a) Source: Reserve Bank of India 1994/95 annual report</p>
<p>c) Government preliminary estimate</p>
<p>---------------------------------------------------------------</p>
<p>-- Bombay newsroom +91-22-265 9000</p>
</text>
<copyright>(c) Reuters Limited 1997</copyright>
<metadata>
<codes class="bip:countries:1.0">
  <code code="INDIA">
    <editdetail attribution="Reuters BIP Coding Group" action="confirmed" date="1997-03-04"/>
  </code>
</codes>
<codes class="bip:topics:1.0">
  <code code="E71">
    <editdetail attribution="Reuters BIP Coding Group" action="confirmed" date="1997-03-04"/>
  </code>
  <code code="ECAT">
    <editdetail attribution="Reuters BIP Coding Group" action="confirmed" date="1997-03-04"/>
  </code>
</codes>
<dc element="dc.publisher" value="Reuters Holdings Plc"/>
<dc element="dc.date.published" value="1997-03-04"/>
<dc element="dc.source" value="Reuters"/>
<dc element="dc.creator.location.country.name" value="INDIA"/>
<dc element="dc.source" value="Reuters"/>
</metadata>
</newsitem>
