<?xml version="1.0" encoding="iso-8859-1" ?>
<newsitem itemid="128972" id="root" date="1996-10-20" xml:lang="en">
<title>UK: British bobbies get new look for millennium.</title>
<headline>British bobbies get new look for millennium.</headline>
<dateline>LONDON 1996-10-20</dateline>
<text>
<p>Britain's &quot;bobbies&quot;, renowned for their distinctive Prussian-style helmets around the world, will get a new look for the next millennium.</p>
<p>The distinctive headgear worn by British policemen since 1863 will be worn only for ceremonial duties. For everyday patrols bobbies will sport cycling-style helmets equipped with radio link and eye shields, American-style blouson jackets and bullet-proof T-shirts.</p>
<p>The new outfit is part of the biggest overall change of image of the British police since the force was formed by Sir Robert Peel in 1828.</p>
<p>&quot;We're not losing the policeman's helmet, we're bringing it into the 21st century,&quot; Assistant Commissioner Bill Hughes of the West Yorkshire Police, who led the Uniform Project Group, told The Observer newspaper.</p>
<p>The Association of Chief Police Officers has accepted the suggested changes from the group and the new look should be seen throughout Britain in 1998.</p>
</text>
<copyright>(c) Reuters Limited 1996</copyright>
<metadata>
<codes class="bip:countries:1.0">
  <code code="UK">
    <editdetail attribution="Reuters BIP Coding Group" action="confirmed" date="1996-10-20"/>
  </code>
</codes>
<codes class="bip:topics:1.0">
  <code code="GCAT">
    <editdetail attribution="Reuters BIP Coding Group" action="confirmed" date="1996-10-20"/>
  </code>
  <code code="GCRIM">
    <editdetail attribution="Reuters BIP Coding Group" action="confirmed" date="1996-10-20"/>
  </code>
  <code code="GODD">
    <editdetail attribution="Reuters BIP Coding Group" action="confirmed" date="1996-10-20"/>
  </code>
</codes>
<dc element="dc.date.created" value="1996-10-20"/>
<dc element="dc.publisher" value="Reuters Holdings Plc"/>
<dc element="dc.date.published" value="1996-10-20"/>
<dc element="dc.source" value="Reuters"/>
<dc element="dc.creator.location" value="LONDON"/>
<dc element="dc.creator.location.country.name" value="UK"/>
<dc element="dc.source" value="Reuters"/>
</metadata>
</newsitem>
