<?xml version="1.0" encoding="iso-8859-1" ?>
<newsitem itemid="147820" id="root" date="1996-10-28" xml:lang="en">
<title>USA: Minn.-St. Paul MAC, Minn., won by First of America.</title>
<headline>Minn.-St. Paul MAC, Minn., won by First of America.</headline>
<dateline>NEW YORK 1996-10-28</dateline>
<text>
<p>First of America said it won $5.525 million of Minneapolis-St. Paul Metro Airports Commission, Minn., general obligation revenue bonds, Series 12, with a true interest cost of 4.52 percent.</p>
</text>
<copyright>(c) Reuters Limited 1996</copyright>
<metadata>
<codes class="bip:countries:1.0">
  <code code="USA">
    <editdetail attribution="Reuters BIP Coding Group" action="confirmed" date="1996-10-28"/>
  </code>
</codes>
<codes class="bip:topics:1.0">
  <code code="E21">
    <editdetail attribution="Reuters BIP Coding Group" action="confirmed" date="1996-10-28"/>
  </code>
  <code code="E212">
    <editdetail attribution="Reuters BIP Coding Group" action="confirmed" date="1996-10-28"/>
  </code>
  <code code="ECAT">
    <editdetail attribution="Reuters BIP Coding Group" action="confirmed" date="1996-10-28"/>
  </code>
</codes>
<dc element="dc.date.created" value="1996-10-28"/>
<dc element="dc.publisher" value="Reuters Holdings Plc"/>
<dc element="dc.date.published" value="1996-10-28"/>
<dc element="dc.source" value="Reuters"/>
<dc element="dc.creator.location" value="NEW YORK"/>
<dc element="dc.creator.location.country.name" value="USA"/>
<dc element="dc.source" value="Reuters"/>
</metadata>
</newsitem>
