<?xml version="1.0" encoding="iso-8859-1" ?>
<newsitem itemid="386500" id="root" date="1997-02-18" xml:lang="en">
<title>ISRAEL: PRESS DIGEST - Israel - Feb 18.</title>
<headline>PRESS DIGEST - Israel - Feb 18.</headline>
<dateline>JERUSALEM 1997-02-18</dateline>
<text>
<p>These are some of the leading stories in Israeli newspapers on Tuesday. Reuters has not verified these stories and does not vouch for their accuracy.</p>
<p>HAARETZ</p>
<p>- Ministerial committee on Jerusalem affairs to discuss today closing five Palestinian institutions in city's Arab eastern half.</p>
<p>- Police to question Prime Minister Benjamin Netanyahu today, asking if he was pressured or threatened in short-lived appointment of former attorney-general Roni Bar-on.</p>
<p>- Commander of air force helicopter unit and head of Tel Nof air force base have begun consultations with lawyers as probe continues into copter collision that killed 73 soldiers this month.</p>
<p>- Ultra-Orthodox head of parliament finance committee holds up transfer of funds from budget reserve in protest at unfulfilled promises government made to ultra-Orthodox, new immigrants.</p>
<p>- Egyptian prosecutors charge Arab Israeli Azam Azam with spying - a capital crime.</p>
<p>- Evidence found that asteroid that crashed on earth caused extinction of the dinosaurs.</p>
<p>JERUSALEM POST</p>
<p>- Prime Minister to give okay to Har Homa neighbourhood in Arab East Jerusalem in several weeks.</p>
<p>- Jerusalem construction debate rages on.</p>
<p>- Mother of Yigal Amir, assassin of late prime minister Yitzhak Rabin, seeks U.S. visa for speaking tour.</p>
<p>MAARIV</p>
<p>- Netanyahu to give testimony today.</p>
<p>- Government leaning toward approval of road construction in Jerusalem, while delaying construction of Har Homa neighbourhood.</p>
<p>- National Religious Party abandons vision of Greater Israel, accepts division of authority between Israel, Palestinians.</p>
<p>- Indictment in Egypt against Arab Israeli Azam Azam.</p>
<p>YEDIOTH AHRONOTH</p>
<p>- Police investigators to ask prime minister how Bar-On was chosen as attorney-general.</p>
<p>- Air force mobilises public relations experts to rehabilitate image of force following helicopter disaster.</p>
<p>- Threats within Netanyahu's coalition to bring down government if Har Homa neighbourhood not built.</p>
<p>- Coming soon: national lottery drawings twice weekly.</p>
</text>
<copyright>(c) Reuters Limited 1997</copyright>
<metadata>
<codes class="bip:countries:1.0">
  <code code="ISRAEL">
    <editdetail attribution="Reuters BIP Coding Group" action="confirmed" date="1997-02-18"/>
  </code>
</codes>
<codes class="bip:topics:1.0">
  <code code="GCAT">
    <editdetail attribution="Reuters BIP Coding Group" action="confirmed" date="1997-02-18"/>
  </code>
</codes>
<dc element="dc.date.created" value="1997-02-18"/>
<dc element="dc.publisher" value="Reuters Holdings Plc"/>
<dc element="dc.date.published" value="1997-02-18"/>
<dc element="dc.source" value="Reuters"/>
<dc element="dc.creator.location" value="JERUSALEM"/>
<dc element="dc.creator.location.country.name" value="ISRAEL"/>
<dc element="dc.source" value="Reuters"/>
</metadata>
</newsitem>
