<?xml version="1.0" encoding="iso-8859-1" ?>
<newsitem itemid="285356" id="root" date="1997-01-03" xml:lang="en">
<title>ARGENTINA: Daily Argentine grain fixings - Camaras Arbitrales.</title>
<headline>Daily Argentine grain fixings - Camaras Arbitrales.</headline>
<dateline>BUENOS AIRES 1997-01-03</dateline>
<text>
<p>Avg January 2 price fix:</p>
<p>		Buenos Aires  Quequen   Rosario   Bahia Blanca</p>
<p> Oats	     unq	   unq	 unq	   unq</p>
<p> Wheat	    128	   129	 130	   129.5</p>
<p> Maize (Flint)  113	   100	 100	   unq</p>
<p> Maize (Dent)   113	   100	 100	   unq</p>
<p> Sorghum	  unq	   unq	 unq	   unq</p>
<p> Millet	   unq	   unq	 unq	   unq</p>
<p> Soybeans	 unq	   unq	 288	   unq</p>
<p> Sunseeds	 214	   211	 219	   211</p>
<p>-- Buenos Aires Newsroom +541 318-0655</p>
</text>
<copyright>(c) Reuters Limited 1997</copyright>
<metadata>
<codes class="bip:countries:1.0">
  <code code="ARG">
    <editdetail attribution="Reuters BIP Coding Group" action="confirmed" date="1997-01-03"/>
  </code>
</codes>
<codes class="bip:topics:1.0">
  <code code="M14">
    <editdetail attribution="Reuters BIP Coding Group" action="confirmed" date="1997-01-03"/>
  </code>
  <code code="M141">
    <editdetail attribution="Reuters BIP Coding Group" action="confirmed" date="1997-01-03"/>
  </code>
  <code code="MCAT">
    <editdetail attribution="Reuters BIP Coding Group" action="confirmed" date="1997-01-03"/>
  </code>
</codes>
<dc element="dc.date.created" value="1997-01-03"/>
<dc element="dc.publisher" value="Reuters Holdings Plc"/>
<dc element="dc.date.published" value="1997-01-03"/>
<dc element="dc.source" value="Reuters"/>
<dc element="dc.creator.location" value="BUENOS AIRES"/>
<dc element="dc.creator.location.country.name" value="ARGENTINA"/>
<dc element="dc.source" value="Reuters"/>
</metadata>
</newsitem>
