<?xml version="1.0" encoding="iso-8859-1" ?>
<newsitem itemid="150217" id="root" date="1996-10-29" xml:lang="en">
<title>MEXICO: Uruguay president starts visit to Mexico.</title>
<headline>Uruguay president starts visit to Mexico.</headline>
<dateline>MEXICO CITY 1996-10-29</dateline>
<text>
<p>Uruguay's President Julio Maria Sanguinetti arrived in Mexico on Tuesday for a five-day visit during which he was expected to promote closer economic and political ties among Latin American nations.</p>
<p>Sanguinetti, travelling with a team of ministers and businessmen, was scheduled to meet President Ernesto Zedillo on Wednesday and will also meet political and business leaders.</p>
<p>Zedillo and Sanguinetti were also expected to sign an accord on extradition between their countries, diplomatic sources said.</p>
<p>Uruguay is a member of the Mercosur trade zone with Argentina, Brazil and Paraguay while Mexico is a member of the North American Free Trade Agreement with Canada and the United States.</p>
</text>
<copyright>(c) Reuters Limited 1996</copyright>
<metadata>
<codes class="bip:countries:1.0">
  <code code="MEX">
    <editdetail attribution="Reuters BIP Coding Group" action="confirmed" date="1996-10-29"/>
  </code>
  <code code="URU">
    <editdetail attribution="Reuters BIP Coding Group" action="confirmed" date="1996-10-29"/>
  </code>
</codes>
<codes class="bip:topics:1.0">
  <code code="E51">
    <editdetail attribution="Reuters BIP Coding Group" action="confirmed" date="1996-10-29"/>
  </code>
  <code code="E512">
    <editdetail attribution="Reuters BIP Coding Group" action="confirmed" date="1996-10-29"/>
  </code>
  <code code="ECAT">
    <editdetail attribution="Reuters BIP Coding Group" action="confirmed" date="1996-10-29"/>
  </code>
  <code code="GCAT">
    <editdetail attribution="Reuters BIP Coding Group" action="confirmed" date="1996-10-29"/>
  </code>
  <code code="GDIP">
    <editdetail attribution="Reuters BIP Coding Group" action="confirmed" date="1996-10-29"/>
  </code>
</codes>
<dc element="dc.date.created" value="1996-10-29"/>
<dc element="dc.publisher" value="Reuters Holdings Plc"/>
<dc element="dc.date.published" value="1996-10-29"/>
<dc element="dc.source" value="Reuters"/>
<dc element="dc.creator.location" value="MEXICO CITY"/>
<dc element="dc.creator.location.country.name" value="MEXICO"/>
<dc element="dc.source" value="Reuters"/>
</metadata>
</newsitem>
