<?xml version="1.0" encoding="iso-8859-1" ?>
<newsitem itemid="196451" id="root" date="1996-11-18" xml:lang="en">
<title>USA: Wireless One Inc Q3 EBITDA loss.</title>
<headline>Wireless One Inc Q3 EBITDA loss.</headline>
<dateline>BATON ROUGE, La. 1996-11-18</dateline>
<text>
<p>Qtr Ended    Nine Mos Ended</p>
<p>					 Sep 30, 1996	Sep 30, 1996</p>
<p> Revenues				 3,428,231	   5,800,363</p>
<p> EBITDA(				(3,691,022)	 (8,115,240)</p>
<p> Interest Expense		     7,974,496	  18,385,408</p>
<p> Depreciation and Amortization    3,387,076	   5,260,167</p>
<p> Avg Rev Per Subscriber	     $31.98/mo	   $31.99/mo</p>
<p>NOTE: Avg revenue per subscriber represents recurring charges per subscriber including pay-per-view.  </p>
<p>				1996			1995</p>
<p> Shr loss	  $0.64		loss$0.72</p>
<p> Revs		3,400		     300</p>
<p>		    9 MONTHS</p>
<p> Shr loss	  $1.61		loss$1.77</p>
<p> Revs		5,800		    800</p>
<p>(All Data Above 000s Except Per Share Numbers)</p>
<p>NOTE: Consolidated earnings before interest, taxes, depreciation and amortization (&quot;EBITDA&quot;) was negative $3.7 million for the third quarter of 1996, versus negative $.8 million for the same period in 1995.  System level EBITDA was negative $1.8 million for the quarter ended September 30, 1996 vs negative $.6 million for the same period in 1995.  Six of the Company's operating systems had achieved positive EBITDA at September 30, 1996.</p>
</text>
<copyright>(c) Reuters Limited 1996</copyright>
<metadata>
<codes class="bip:countries:1.0">
  <code code="USA">
    <editdetail attribution="Reuters BIP Coding Group" action="confirmed" date="1996-11-18"/>
  </code>
</codes>
<codes class="bip:industries:1.0">
  <code code="I9741109">
    <editdetail attribution="Reuters BIP Coding Group" action="confirmed" date="1996-11-18"/>
  </code>
</codes>
<codes class="bip:topics:1.0">
  <code code="C15">
    <editdetail attribution="Reuters BIP Coding Group" action="confirmed" date="1996-11-18"/>
  </code>
  <code code="C151">
    <editdetail attribution="Reuters BIP Coding Group" action="confirmed" date="1996-11-18"/>
  </code>
  <code code="CCAT">
    <editdetail attribution="Reuters BIP Coding Group" action="confirmed" date="1996-11-18"/>
  </code>
</codes>
<dc element="dc.date.created" value="1996-11-18"/>
<dc element="dc.publisher" value="Reuters Holdings Plc"/>
<dc element="dc.date.published" value="1996-11-18"/>
<dc element="dc.source" value="Reuters"/>
<dc element="dc.creator.location" value="BATON ROUGE, La."/>
<dc element="dc.creator.location.country.name" value="USA"/>
<dc element="dc.source" value="Reuters"/>
</metadata>
</newsitem>
