<?xml version="1.0" encoding="iso-8859-1" ?>
<newsitem itemid="693812" id="root" date="1997-06-27" xml:lang="en">
<title>MALAYSIA: Ringgit seen still weak despite Negara rate checks.</title>
<headline>Ringgit seen still weak despite Negara rate checks.</headline>
<dateline>KUALA LUMPUR 1997-06-27</dateline>
<text>
<p>The ringgit remains vulnerable to falls against the dollar later on Friday or next week, despite rumours of a rate-check by the Malaysian central bank earlier, dealers said.</p>
<p>Dollar/ringgit could test its immediate resistance at 2.5250 as the market &quot;wants to test Bank Negara&quot;, said a dealer at a Malaysian bank.</p>
<p>The central Bank Negara was heard checking rates at around 2.5240 a dollar today, to indicate its displeasure at the weak-trending ringgit, dealers said. &quot;They were checking rates at 40, but didn't come in,&quot; said the dealer.</p>
</text>
<copyright>(c) Reuters Limited 1997</copyright>
<metadata>
<codes class="bip:countries:1.0">
  <code code="MALAY">
    <editdetail attribution="Reuters BIP Coding Group" action="confirmed" date="1997-06-27"/>
  </code>
</codes>
<codes class="bip:topics:1.0">
  <code code="M13">
    <editdetail attribution="Reuters BIP Coding Group" action="confirmed" date="1997-06-27"/>
  </code>
  <code code="M132">
    <editdetail attribution="Reuters BIP Coding Group" action="confirmed" date="1997-06-27"/>
  </code>
  <code code="MCAT">
    <editdetail attribution="Reuters BIP Coding Group" action="confirmed" date="1997-06-27"/>
  </code>
</codes>
<dc element="dc.date.created" value="1997-06-27"/>
<dc element="dc.publisher" value="Reuters Holdings Plc"/>
<dc element="dc.date.published" value="1997-06-27"/>
<dc element="dc.source" value="Reuters"/>
<dc element="dc.creator.location" value="KUALA LUMPUR"/>
<dc element="dc.creator.location.country.name" value="MALAYSIA"/>
<dc element="dc.source" value="Reuters"/>
</metadata>
</newsitem>
