<?xml version="1.0" encoding="iso-8859-1" ?>
<newsitem itemid="541387" id="root" date="1997-04-26" xml:lang="en">
<title>UK: SOCCER-ENGLISH LEAGUE RESULTS.</title>
<headline>SOCCER-ENGLISH LEAGUE RESULTS.</headline>
<dateline>LONDON 1997-04-26</dateline>
<text>
<p>Results of English league soccer</p>
<p>matches on Saturday:</p>
<p>Division one</p>
<p> Barnsley		2    Bradford	    0</p>
<p> Birmingham	    2    Oxford United     0</p>
<p> Queens Park Rangers 2    Tranmere	    0</p>
<p> Reading		 2    Oldham		0</p>
<p> Southend		1    Huddersfield	2</p>
<p> Swindon		 0    Crystal Palace    2</p>
<p> West Bromwich	 2    Grimsby	     0</p>
<p>Played Friday</p>
<p> Bolton		  4    Charlton	    1</p>
<p> Norwich		 0    Manchester City   0</p>
<p> Portsmouth	    0    Ipswich	     1</p>
<p> Sheffield United    1    Stoke		 0</p>
<p>Division two</p>
<p> Bournemouth	   2     Wrexham	    1</p>
<p> Blackpool	     3     Bristol Rovers   2</p>
<p> Bristol City	  3     Plymouth	   1</p>
<p> Crewe		   1     Chesterfield     2</p>
<p> Millwall		0     Gillingham	 2</p>
<p> Notts County	  1     Burnley	    1</p>
<p> Peterborough	  0     Luton		1</p>
<p> Rotherham	     0     York		 2</p>
<p> Shrewsbury	    0     Preston	    2</p>
<p> Stockport	     2     Wycombe	    1</p>
<p> Walsall		 1     Brentford	  0</p>
<p> Watford		 0     Bury		 0</p>
<p>Division three</p>
<p> Brighton		1     Doncaster	  0 </p>
<p> Cardiff		 2     Carlisle	   0</p>
<p> Colchester	    0     Northampton	0</p>
<p> Exeter		  1     Chester	    5</p>
<p> Fulham		  2     Hull		 0</p>
<p> Hartlepool	    4     Barnet	     0</p>
<p> Leyton Orient	 2     Hereford	   1</p>
<p> Mansfield	     2     Darlington	 1 </p>
<p> Rochdale		3     Cambridge United 0</p>
<p> Scarborough	   0     Lincoln	    2</p>
<p> Scunthorpe	    1     Swansea	    0</p>
<p> Torquay		 0     Wigan		3</p>
</text>
<copyright>(c) Reuters Limited 1997</copyright>
<metadata>
<codes class="bip:countries:1.0">
  <code code="UK">
    <editdetail attribution="Reuters BIP Coding Group" action="confirmed" date="1997-04-26"/>
  </code>
</codes>
<codes class="bip:topics:1.0">
  <code code="GCAT">
    <editdetail attribution="Reuters BIP Coding Group" action="confirmed" date="1997-04-26"/>
  </code>
  <code code="GSPO">
    <editdetail attribution="Reuters BIP Coding Group" action="confirmed" date="1997-04-26"/>
  </code>
</codes>
<dc element="dc.date.created" value="1997-04-26"/>
<dc element="dc.publisher" value="Reuters Holdings Plc"/>
<dc element="dc.date.published" value="1997-04-26"/>
<dc element="dc.source" value="Reuters"/>
<dc element="dc.creator.location" value="LONDON"/>
<dc element="dc.creator.location.country.name" value="UK"/>
<dc element="dc.source" value="Reuters"/>
</metadata>
</newsitem>
