<?xml version="1.0" encoding="iso-8859-1" ?>
<newsitem itemid="357301" id="root" date="1997-02-05" xml:lang="en">
<title>USA: Mellon Bank names COO of unit.</title>
<headline>Mellon Bank names COO of unit.</headline>
<dateline>PITTSBURGH 1997-02-05</dateline>
<text>
<p>Mellon Bank Corp said Wednesday it has named Ronald O'Hanley chief operating officer of its Mellon Global Asset Management Group, the umbrella organization for its core investment units.</p>
<p>Most recently, O'Hanley was a partner at McKinsey &amp; Co Inc, a consulting firm.</p>
<p>O'Hanley succeeds Philip Roberts, who left the post in early January and is working part-time at Mellon, focusing on strategic asset management, a company spokesman said.</p>
</text>
<copyright>(c) Reuters Limited 1997</copyright>
<metadata>
<codes class="bip:countries:1.0">
  <code code="USA">
    <editdetail attribution="Reuters BIP Coding Group" action="confirmed" date="1997-02-05"/>
  </code>
</codes>
<codes class="bip:industries:1.0">
  <code code="I81402">
    <editdetail attribution="Reuters BIP Coding Group" action="confirmed" date="1997-02-05"/>
  </code>
</codes>
<codes class="bip:topics:1.0">
  <code code="C41">
    <editdetail attribution="Reuters BIP Coding Group" action="confirmed" date="1997-02-05"/>
  </code>
  <code code="C411">
    <editdetail attribution="Reuters BIP Coding Group" action="confirmed" date="1997-02-05"/>
  </code>
  <code code="CCAT">
    <editdetail attribution="Reuters BIP Coding Group" action="confirmed" date="1997-02-05"/>
  </code>
</codes>
<dc element="dc.date.created" value="1997-02-05"/>
<dc element="dc.publisher" value="Reuters Holdings Plc"/>
<dc element="dc.date.published" value="1997-02-05"/>
<dc element="dc.source" value="Reuters"/>
<dc element="dc.creator.location" value="PITTSBURGH"/>
<dc element="dc.creator.location.country.name" value="USA"/>
<dc element="dc.source" value="Reuters"/>
</metadata>
</newsitem>
