<?xml version="1.0" encoding="iso-8859-1" ?>
<newsitem itemid="458038" id="root" date="1997-03-20" xml:lang="en">
<title>HONG KONG: Hang Lung interim net up 34.96 percent.</title>
<headline>Hang Lung interim net up 34.96 percent.</headline>
<dateline>HONG KONG 1997-03-20</dateline>
<text>
<p>Six months ended December 31</p>
<p>(in million HK$ unless stated)</p>
<p>    Shr (H.K. cents)	   106.7    vs  79.1</p>
<p>    Dividend (H.K. cents)    26.0     vs  24.5</p>
<p>    Exceptional items	  nil	vs  nil</p>
<p>    Net			    1,438.8  vs  1,066.1</p>
<p>    Turnover		     4,466.7  vs  3,179.9</p>
<p>    Company name		 Hang Lung Development Co Ltd</p>
<p>    Books close		  April 14-16</p>
<p>    Dividend payable	   April 30</p>
<p>NOTE - Hang Lung Development is an investment holding company that also has interests in property investment and development, hotel, department stores and restaurants.</p>
<p>-- Hong Kong Newsroom (852) 2843 6368</p>
</text>
<copyright>(c) Reuters Limited 1997</copyright>
<metadata>
<codes class="bip:countries:1.0">
  <code code="HKONG">
    <editdetail attribution="Reuters BIP Coding Group" action="confirmed" date="1997-03-20"/>
  </code>
</codes>
<codes class="bip:industries:1.0">
  <code code="I85000">
    <editdetail attribution="Reuters BIP Coding Group" action="confirmed" date="1997-03-20"/>
  </code>
</codes>
<codes class="bip:topics:1.0">
  <code code="C15">
    <editdetail attribution="Reuters BIP Coding Group" action="confirmed" date="1997-03-20"/>
  </code>
  <code code="C151">
    <editdetail attribution="Reuters BIP Coding Group" action="confirmed" date="1997-03-20"/>
  </code>
  <code code="CCAT">
    <editdetail attribution="Reuters BIP Coding Group" action="confirmed" date="1997-03-20"/>
  </code>
</codes>
<dc element="dc.date.created" value="1997-03-20"/>
<dc element="dc.publisher" value="Reuters Holdings Plc"/>
<dc element="dc.date.published" value="1997-03-20"/>
<dc element="dc.source" value="Reuters"/>
<dc element="dc.creator.location" value="HONG KONG"/>
<dc element="dc.creator.location.country.name" value="HONG KONG"/>
<dc element="dc.source" value="Reuters"/>
</metadata>
</newsitem>
