<?xml version="1.0" encoding="iso-8859-1" ?>
<newsitem itemid="798790" id="root" date="1997-08-14" xml:lang="en">
<title>BULGARIA: Balkan, Black Sea firms to discuss energy projects.</title>
<headline>Balkan, Black Sea firms to discuss energy projects.</headline>
<dateline>SOFIA 1997-08-14</dateline>
<text>
<p>Balkan and Black Sea state and private firms will seek to attract potential investors in the construction of new gas and oil pipelines in the region at a conference in Sofia in September, officials said on Thurdsay.</p>
<p>&quot;For the first time a complete picture will be presented of all existing and planned new gas and oil pipelines in the region at a conference to be held September 17-19,&quot; said Valentin Kanev, Executive Director of the Balkan and Black Sea Petroleum Association (BBSPA), which is organising the conference.</p>
<p>Russia's Gazprom is expected to discuss Trans-Balkan and Black Sea gas transmission options and Rosneft's report will focus on oil exports from Black Sea oil terminals, Kanev said.</p>
<p>He said that a number of banks and big private firms had already registered to participate in the conference, including Deutsche Bank and Russia's LUKoil.</p>
<p>BBSPA members include state gas and oil companies of Balkan countries, as well as BG Plc, Texaco and Enterprise Oil, he said.</p>
<p>Russia, Bulgaria and Greece plan a route carrying oil by tanker from Russia's Black Sea port of Novorossiisk to the Bulgarian Black Sea port of Bourgas and then pumped through a pipeline to Alexandropoulis in Greece.</p>
<p>Under another project of the Albanian, Macedonian and Bulgarian Oil Corporation (AMBO), the crude will be carried from Russia, Kazakhstan and Azerbaijan by tanker to Bourgas and then transported via Bulgaria, Macedonia and Albania to Brindisi in Italy.</p>
<p>Russia's Gazprom and Bulgaria, which has a 2,000 km gas pipeline network, are considering an enlargement of a pipeline on Bulgarian territory transiting Russian gas to Turkey, as well as Russian gas supplies to other Balkan countries.</p>
<p>-- Liliana Semerdjieva, Sofia Newsroom, 359-2-91188</p>
</text>
<copyright>(c) Reuters Limited 1997</copyright>
<metadata>
<codes class="bip:countries:1.0">
  <code code="BUL">
    <editdetail attribution="Reuters BIP Coding Group" action="confirmed" date="1997-08-14"/>
  </code>
  <code code="GREECE">
    <editdetail attribution="Reuters BIP Coding Group" action="confirmed" date="1997-08-14"/>
  </code>
  <code code="RUSS">
    <editdetail attribution="Reuters BIP Coding Group" action="confirmed" date="1997-08-14"/>
  </code>
  <code code="TURK">
    <editdetail attribution="Reuters BIP Coding Group" action="confirmed" date="1997-08-14"/>
  </code>
</codes>
<codes class="bip:industries:1.0">
  <code code="I13000">
    <editdetail attribution="Reuters BIP Coding Group" action="confirmed" date="1997-08-14"/>
  </code>
  <code code="I1300003">
    <editdetail attribution="Reuters BIP Coding Group" action="confirmed" date="1997-08-14"/>
  </code>
  <code code="I1300014">
    <editdetail attribution="Reuters BIP Coding Group" action="confirmed" date="1997-08-14"/>
  </code>
  <code code="I16200">
    <editdetail attribution="Reuters BIP Coding Group" action="confirmed" date="1997-08-14"/>
  </code>
  <code code="I50200">
    <editdetail attribution="Reuters BIP Coding Group" action="confirmed" date="1997-08-14"/>
  </code>
  <code code="I5020043">
    <editdetail attribution="Reuters BIP Coding Group" action="confirmed" date="1997-08-14"/>
  </code>
  <code code="I81402">
    <editdetail attribution="Reuters BIP Coding Group" action="confirmed" date="1997-08-14"/>
  </code>
</codes>
<codes class="bip:topics:1.0">
  <code code="C11">
    <editdetail attribution="Reuters BIP Coding Group" action="confirmed" date="1997-08-14"/>
  </code>
  <code code="C24">
    <editdetail attribution="Reuters BIP Coding Group" action="confirmed" date="1997-08-14"/>
  </code>
  <code code="CCAT">
    <editdetail attribution="Reuters BIP Coding Group" action="confirmed" date="1997-08-14"/>
  </code>
</codes>
<dc element="dc.date.created" value="1997-08-14"/>
<dc element="dc.publisher" value="Reuters Holdings Plc"/>
<dc element="dc.date.published" value="1997-08-14"/>
<dc element="dc.source" value="Reuters"/>
<dc element="dc.creator.location" value="SOFIA"/>
<dc element="dc.creator.location.country.name" value="BULGARIA"/>
<dc element="dc.source" value="Reuters"/>
</metadata>
</newsitem>
