<?xml version="1.0" encoding="iso-8859-1" ?>
<newsitem itemid="614557" id="root" date="1997-05-26" xml:lang="en">
<title>AUSTRALIA: Mosaic gas well shows up to 24 BCF reserves.</title>
<headline>Mosaic gas well shows up to 24 BCF reserves.</headline>
<dateline>SYDNEY 1997-05-26</dateline>
<text>
<p>Australian oil and gas company Mosaic Oil NL said on Monday that engineering and geological studies indicated initial recoverable gas reserves of up to 24 billion cubic feet (BCF) in the onshore Downlands gasfield in the Surat Basin of Queensland.</p>
<p>The studies stemmed from production tests at the Downlands-2 gas well, Mosaic said.</p>
<p>The Downlands gasfield has two roughly equal culminations, which are most likely joined, Mosaic said. Depending on whether one or both are filled with gas, initial recoverable reserves estimates range from 10 BCF to 24 BCF, it said.  </p>
<p>&quot;Gas analyses indicate 1.9 tonnes of LPG and 3.7 barrels of condensate per million cubic feet of gas. There are no significant impurities in the gas,&quot; Mosaic said.</p>
<p>Mosaic, the operator of the Bainbilla Block of permit ATP471P in which Downlands is located, said the joint venture had approved seismic work on the Downlands structure and on structures just to the south.</p>
<p>It also said that seismic work was being considered over two structures in the south-west corner of the permit, and that commercial feasibility studies concerning the Downlands gas discovery were being undertaken.  </p>
<p>Mosaic has a 28.889 percent interest in the well, OGM Development Pty Ltd has 42.222 percent, Santos Ltd 16.667 percent and Petroz NL 12.222 percent.</p>
<p>-- Sydney Newsroom 61-2 9373-1800</p>
</text>
<copyright>(c) Reuters Limited 1997</copyright>
<metadata>
<codes class="bip:countries:1.0">
  <code code="AUSTR">
    <editdetail attribution="Reuters BIP Coding Group" action="confirmed" date="1997-05-26"/>
  </code>
</codes>
<codes class="bip:industries:1.0">
  <code code="I13000">
    <editdetail attribution="Reuters BIP Coding Group" action="confirmed" date="1997-05-26"/>
  </code>
  <code code="I1300003">
    <editdetail attribution="Reuters BIP Coding Group" action="confirmed" date="1997-05-26"/>
  </code>
  <code code="I1300014">
    <editdetail attribution="Reuters BIP Coding Group" action="confirmed" date="1997-05-26"/>
  </code>
</codes>
<codes class="bip:topics:1.0">
  <code code="C24">
    <editdetail attribution="Reuters BIP Coding Group" action="confirmed" date="1997-05-26"/>
  </code>
  <code code="CCAT">
    <editdetail attribution="Reuters BIP Coding Group" action="confirmed" date="1997-05-26"/>
  </code>
  <code code="M14">
    <editdetail attribution="Reuters BIP Coding Group" action="confirmed" date="1997-05-26"/>
  </code>
  <code code="M143">
    <editdetail attribution="Reuters BIP Coding Group" action="confirmed" date="1997-05-26"/>
  </code>
  <code code="MCAT">
    <editdetail attribution="Reuters BIP Coding Group" action="confirmed" date="1997-05-26"/>
  </code>
</codes>
<dc element="dc.date.created" value="1997-05-26"/>
<dc element="dc.publisher" value="Reuters Holdings Plc"/>
<dc element="dc.date.published" value="1997-05-26"/>
<dc element="dc.source" value="Reuters"/>
<dc element="dc.creator.location" value="SYDNEY"/>
<dc element="dc.creator.location.country.name" value="AUSTRALIA"/>
<dc element="dc.source" value="Reuters"/>
</metadata>
</newsitem>
