<?xml version="1.0" encoding="iso-8859-1" ?>
<newsitem itemid="22601" id="root" date="1996-08-29" xml:lang="en">
<title>USA: Muni dealers traded $858 mln bonds Wednesday - MSRB.</title>
<headline>Muni dealers traded $858 mln bonds Wednesday - MSRB.</headline>
<dateline>NEW YORK 1996-08-29</dateline>
<text>
<p>Municipal bond dealers traded $858.1 million of bonds Wednesday on 3,322 trades, the Municipal Securities Rulemaking Board said.</p>
<p>A total of 1,961 individual issues changed hands, with 107 of those trading four or more times, MSRB said, citing figures from an automated clearance system of interdealer trades.</p>
<p>--U.S. Municipal Desk, 212-859-1650</p>
</text>
<copyright>(c) Reuters Limited 1996</copyright>
<metadata>
<codes class="bip:countries:1.0">
  <code code="USA">
    <editdetail attribution="Reuters BIP Coding Group" action="confirmed" date="1996-08-29"/>
  </code>
</codes>
<codes class="bip:topics:1.0">
  <code code="M12">
    <editdetail attribution="Reuters BIP Coding Group" action="confirmed" date="1996-08-29"/>
  </code>
  <code code="MCAT">
    <editdetail attribution="Reuters BIP Coding Group" action="confirmed" date="1996-08-29"/>
  </code>
</codes>
<dc element="dc.date.created" value="1996-08-29"/>
<dc element="dc.publisher" value="Reuters Holdings Plc"/>
<dc element="dc.date.published" value="1996-08-29"/>
<dc element="dc.source" value="Reuters"/>
<dc element="dc.creator.location" value="NEW YORK"/>
<dc element="dc.creator.location.country.name" value="USA"/>
<dc element="dc.source" value="Reuters"/>
</metadata>
</newsitem>
