<?xml version="1.0" encoding="iso-8859-1" ?>
<newsitem itemid="56618" id="root" date="1996-09-16" xml:lang="en">
<title>JORDAN: Jordan overnight rates widen to 3.00-5.00 pct.</title>
<headline>Jordan overnight rates widen to 3.00-5.00 pct.</headline>
<dateline>AMMAN 1996-09-16</dateline>
<text>
<p>Overnight rates on the Jordanian dinar widened on Monday to 3.00-5.00 percent on Monday from 3.00 to 4.00 percent on Sunday, bankers said.</p>
<p>They said cash supply was slightly tightened by bank subscriptions to this week's certificate of deposit (CD) offering.</p>
<p>-- Amman newsroom +962 6 623 776</p>
</text>
<copyright>(c) Reuters Limited 1996</copyright>
<metadata>
<codes class="bip:countries:1.0">
  <code code="JORDAN">
    <editdetail attribution="Reuters BIP Coding Group" action="confirmed" date="1996-09-16"/>
  </code>
</codes>
<codes class="bip:topics:1.0">
  <code code="M13">
    <editdetail attribution="Reuters BIP Coding Group" action="confirmed" date="1996-09-16"/>
  </code>
  <code code="M131">
    <editdetail attribution="Reuters BIP Coding Group" action="confirmed" date="1996-09-16"/>
  </code>
  <code code="MCAT">
    <editdetail attribution="Reuters BIP Coding Group" action="confirmed" date="1996-09-16"/>
  </code>
</codes>
<dc element="dc.date.created" value="1996-09-16"/>
<dc element="dc.publisher" value="Reuters Holdings Plc"/>
<dc element="dc.date.published" value="1996-09-16"/>
<dc element="dc.source" value="Reuters"/>
<dc element="dc.creator.location" value="AMMAN"/>
<dc element="dc.creator.location.country.name" value="JORDAN"/>
<dc element="dc.source" value="Reuters"/>
</metadata>
</newsitem>
