<?xml version="1.0" encoding="iso-8859-1" ?>
<newsitem itemid="175079" id="root" date="1996-11-08" xml:lang="en">
<title>CANADA: Summit sees higher production, cash flow.</title>
<headline>Summit sees higher production, cash flow.</headline>
<dateline>CALGARY 1996-11-08</dateline>
<text>
<p>Summit Resources Ltd said on Friday that its 1996 drilling program was expected to result in higher year-end production and stronger 1996 cash flow.</p>
<p>Summit said it expected its 1996 exit production volume to be in the 12,500-13,000 barrels of oil equivalent per day range.</p>
<p>It also said cash flow for 1996, previously forecast at C$43 million, is now expected to be C$48 million or C$1.40 per share.</p>
<p>Earnings for the year are projected to be C$6.5 million or C$0.13 per share, Summit said.</p>
<p>It also said it anticipated its year-end debt to total abpout C$67 million. -- Reuters Calgary Bureau 403 531-1624</p>
</text>
<copyright>(c) Reuters Limited 1996</copyright>
<metadata>
<codes class="bip:countries:1.0">
  <code code="CANA">
    <editdetail attribution="Reuters BIP Coding Group" action="confirmed" date="1996-11-08"/>
  </code>
</codes>
<codes class="bip:industries:1.0">
  <code code="I13000">
    <editdetail attribution="Reuters BIP Coding Group" action="confirmed" date="1996-11-08"/>
  </code>
  <code code="I1300003">
    <editdetail attribution="Reuters BIP Coding Group" action="confirmed" date="1996-11-08"/>
  </code>
</codes>
<codes class="bip:topics:1.0">
  <code code="C15">
    <editdetail attribution="Reuters BIP Coding Group" action="confirmed" date="1996-11-08"/>
  </code>
  <code code="C152">
    <editdetail attribution="Reuters BIP Coding Group" action="confirmed" date="1996-11-08"/>
  </code>
  <code code="C21">
    <editdetail attribution="Reuters BIP Coding Group" action="confirmed" date="1996-11-08"/>
  </code>
  <code code="C24">
    <editdetail attribution="Reuters BIP Coding Group" action="confirmed" date="1996-11-08"/>
  </code>
  <code code="CCAT">
    <editdetail attribution="Reuters BIP Coding Group" action="confirmed" date="1996-11-08"/>
  </code>
</codes>
<dc element="dc.date.created" value="1996-11-08"/>
<dc element="dc.publisher" value="Reuters Holdings Plc"/>
<dc element="dc.date.published" value="1996-11-08"/>
<dc element="dc.source" value="Reuters"/>
<dc element="dc.creator.location" value="CALGARY"/>
<dc element="dc.creator.location.country.name" value="CANADA"/>
<dc element="dc.source" value="Reuters"/>
</metadata>
</newsitem>
