<?xml version="1.0" encoding="iso-8859-1" ?>
<newsitem itemid="735191" id="root" date="1997-07-17" xml:lang="en">
<title>UK: LIFFE cocoa, coffee end at lows, sugar off highs.</title>
<headline>LIFFE cocoa, coffee end at lows, sugar off highs.</headline>
<text>
<p>COCOA - Ends at day's lows after decline in New York on spec selling. Sept off 26 stg at 1,021 stg</p>
<p>COFFEE - Lower and at day's floor on late profit taking to early morning gains. Sept off $25 at $1,595.</p>
<p>SUGAR - Off highs in PM after early fund buying ends. Oct dominates, down 80 cents at $322.00 at 1603 GMT.</p>
</text>
<copyright>(c) Reuters Limited 1997</copyright>
<metadata>
<codes class="bip:countries:1.0">
  <code code="UK">
    <editdetail attribution="Reuters BIP Coding Group" action="confirmed" date="1997-07-17"/>
  </code>
</codes>
<codes class="bip:topics:1.0">
  <code code="M14">
    <editdetail attribution="Reuters BIP Coding Group" action="confirmed" date="1997-07-17"/>
  </code>
  <code code="M141">
    <editdetail attribution="Reuters BIP Coding Group" action="confirmed" date="1997-07-17"/>
  </code>
  <code code="MCAT">
    <editdetail attribution="Reuters BIP Coding Group" action="confirmed" date="1997-07-17"/>
  </code>
</codes>
<dc element="dc.publisher" value="Reuters Holdings Plc"/>
<dc element="dc.date.published" value="1997-07-17"/>
<dc element="dc.source" value="Reuters"/>
<dc element="dc.creator.location.country.name" value="UK"/>
<dc element="dc.source" value="Reuters"/>
</metadata>
</newsitem>
