<?xml version="1.0" encoding="iso-8859-1" ?>
<newsitem itemid="104153" id="root" date="1996-10-08" xml:lang="en">
<title>DENMARK: Danish central bank makes no new money offer.</title>
<headline>Danish central bank makes no new money offer.</headline>
<dateline>COPENHAGEN 1996-10-08</dateline>
<text>
<p>Denmark's central bank made no new 14-day money market offer on Tuesday, keeping its key two-week rate unchanged at 3.50 percent.</p>
<p>The bank steers money market rates and liquidity through its 14-day certificates of deposit (CDs) deals and state paper repos.</p>
<p>The central bank discount and key deposit rates were unchanged at 3.25 percent. --Chris Follett, Copenhagen newsroom, 45-33-969650</p>
</text>
<copyright>(c) Reuters Limited 1996</copyright>
<metadata>
<codes class="bip:countries:1.0">
  <code code="DEN">
    <editdetail attribution="Reuters BIP Coding Group" action="confirmed" date="1996-10-08"/>
  </code>
</codes>
<codes class="bip:topics:1.0">
  <code code="E12">
    <editdetail attribution="Reuters BIP Coding Group" action="confirmed" date="1996-10-08"/>
  </code>
  <code code="ECAT">
    <editdetail attribution="Reuters BIP Coding Group" action="confirmed" date="1996-10-08"/>
  </code>
  <code code="M13">
    <editdetail attribution="Reuters BIP Coding Group" action="confirmed" date="1996-10-08"/>
  </code>
  <code code="M131">
    <editdetail attribution="Reuters BIP Coding Group" action="confirmed" date="1996-10-08"/>
  </code>
  <code code="MCAT">
    <editdetail attribution="Reuters BIP Coding Group" action="confirmed" date="1996-10-08"/>
  </code>
</codes>
<dc element="dc.date.created" value="1996-10-08"/>
<dc element="dc.publisher" value="Reuters Holdings Plc"/>
<dc element="dc.date.published" value="1996-10-08"/>
<dc element="dc.source" value="Reuters"/>
<dc element="dc.creator.location" value="COPENHAGEN"/>
<dc element="dc.creator.location.country.name" value="DENMARK"/>
<dc element="dc.source" value="Reuters"/>
</metadata>
</newsitem>
