<?xml version="1.0" encoding="iso-8859-1" ?>
<newsitem itemid="493542" id="root" date="1997-04-08" xml:lang="en">
<title>MEXICO: Mexico's 28-day Cetes rate rises in auction.</title>
<headline>Mexico's 28-day Cetes rate rises in auction.</headline>
<dateline>MEXICO CITY 1997-04-08</dateline>
<text>
<p>Mexico's 28-day Cetes rate rose in this week's primary auction and demand rose, Banco de Mexico said.</p>
<p>Auction results were: (all rates in percent)</p>
<p>Maturity    Weighted Avg   Change (bps)  Min Rate  Max Rate</p>
<p>28-Day	22.33	    + 47	    22.20     22.48</p>
<p>91-Day	22.98	    +108	    22.75     23.09</p>
<p>182-Day     22.99	    + 59	    22.98     23.02</p>
<p>357-Day     23.94				23.90     23.99</p>
<p>Last week the 364-day paper was assigned at 23.90 pct.  </p>
<p>Maturity    Assigned	  Demand		Bid/Cover</p>
<p>28-Day	800 million pesos   1.75 bln pesos     2.19</p>
<p>91-Day	800 million pesos   3.64 bln pesos     4.55</p>
<p>182-Day     800 million pesos   5.36 bln pesos     6.70</p>
<p>357-Day     600 million pesos   3.00 bln pesos     5.00</p>
<p>The bid-to-cover ratio for the auction as a whole was 4.58 on demand of 13.75 billion pesos compared with 3.27 the week before, on demand of 9.81 billion pesos the week before.</p>
<p>Tails were as follows:</p>
<p>    28-Day			  15  basis points</p>
<p>    91-Day			  11  basis points</p>
<p>    182-Day			  3  basis points</p>
<p>    357-Day			  5  basis points</p>
<p>((-- Mexico City newsroom +525 728-9559))</p>
</text>
<copyright>(c) Reuters Limited 1997</copyright>
<metadata>
<codes class="bip:countries:1.0">
  <code code="MEX">
    <editdetail attribution="Reuters BIP Coding Group" action="confirmed" date="1997-04-08"/>
  </code>
</codes>
<codes class="bip:topics:1.0">
  <code code="M13">
    <editdetail attribution="Reuters BIP Coding Group" action="confirmed" date="1997-04-08"/>
  </code>
  <code code="M131">
    <editdetail attribution="Reuters BIP Coding Group" action="confirmed" date="1997-04-08"/>
  </code>
  <code code="MCAT">
    <editdetail attribution="Reuters BIP Coding Group" action="confirmed" date="1997-04-08"/>
  </code>
</codes>
<dc element="dc.date.created" value="1997-04-08"/>
<dc element="dc.publisher" value="Reuters Holdings Plc"/>
<dc element="dc.date.published" value="1997-04-08"/>
<dc element="dc.source" value="Reuters"/>
<dc element="dc.creator.location" value="MEXICO CITY"/>
<dc element="dc.creator.location.country.name" value="MEXICO"/>
<dc element="dc.source" value="Reuters"/>
</metadata>
</newsitem>
