<?xml version="1.0" encoding="iso-8859-1" ?>
<newsitem itemid="441869" id="root" date="1997-03-14" xml:lang="en">
<title>EU:  EP LEGAL AFFAIRS COMMITTEE AGENDA - MARCH 18-19.</title>
<headline>EP LEGAL AFFAIRS COMMITTEE AGENDA - MARCH 18-19.</headline>
<text>
<p>Committee on Legal Affairs and Citizens' Rights [[ Tuesday 18 March 1997 ]] ===] Tuesday 18 March 1997 ===] afternoon</p>
<p>1. Adoption of draft agenda (PE221.447 )</p>
<p>1.1 In the presence of the Council and Commission</p>
<p>2. Impact and effectiveness of the Single Market (T05333) (93/139) (T05333) COS0502 SEC(96)2378 C4-0655/96 + JURI Avis A BERGER Maria. (PSE) (PE221.026 ) F ECON Fond R HARRISON Lyndon. (PSE) (PE221.263 ) - Consideration of draft opinion - Decision on procedure</p>
<p>3. Implementing Community environmental law. (T04482) (96/133) (T04482) COS0485 COM(96)0500 C4-0591/96 + JURI Avis A GEBHARDT Evelyne. (PSE) (PE220.566 ) F ENVI Fond R COLLINS Kenneth D. (PSE) (PE221.176 ) - Adoption of draft opinion</p>
<p>4. EC ratification of the Agreement for implementing the UN Convention on the L aw of the Sea (fish stock conservation) (T05019) (96/123) (T05019) CNS96238 COM(96)0472 C4-0551/96 + JURI Avis A MEDINA ORTEGA M. (PSE) (PE220.570 ) F PECH Fond R VARELA SUANZES-CARPE (PPE) - Consideration of draft opinion - Decision on procedure</p>
<p>5. Amendment of Regulation 40/94 on the Community trade mark (Protocol on the I nternational Registration of Trade Marks) (T03826) (96/086) CNS96198 COM(96)0372 C4-0651/96 + JURI Fond R MEDINA ORTEGA M. (PSE) (PE219.017/B ) - Adoption of draft report</p>
<p>6. EC accession to the Madrid Protocol on the International Recognition of Mark s (proposal for a decision) (T04948) (96/094) CNS96190 COM(96)0367 C4-0554/96 + JURI Fond R MEDINA ORTEGA M. (PSE) (PE219.018 ) - Adoption of draft report</p>
<p>7. Takeover bids - 13th Council Directive (T04736) (96/032) COD95341 COM(95)0655 C4-0107/96 + JURI Fond R FONTAINE Nicole. (PPE) (PE220.229/A ) - Consideration of amendments</p>
<p>8. Burden of proof in cases of discrimination based on sex (T04705) (96/108) **I (T04705) SYN96196 COM(96)0340 C4-0539/96 + JURI Avis A FONTAINE Nicole. (PPE) (PE220.987 ) F FEMM Fond R GHILARDOTTI Fiorella (PSE) (PE220.959 ) - Adoption of draft opinion</p>
<p>9. Report to the European Council on the application of the subsidiarity princi ple (1994, 1995 and 1996) (T04137) (95/082) COS0268 CSE(96)0007 C4-0215/95 COS0427 CSE(96)0002 C4-0355/96 + JURI Fond R PALACIO VALLELERSUND (PPE) (PE216.338/A ) + JURI Fond S PALACIO VALLELERSUND (PPE) (PE216.338/A ) - Consideration of draft report - Decision on procedure</p>
<p>10. Coordinators' meeting ===] Wednesday 19 March 1997 ===] morning</p>
<p>11. Appointment of rapporteurs and draftsmen - decisions on procedure - (PE221.447/AN1) - (PE221.447/AN2)</p>
<p>12. Investment services in the securities field (T04144) (95/100) COD95188 COM(96)0292 C4-0005/97 + JURI Fond R ODDY Christine M. (PSE) (PE221.008/RC ) - Adoption of draft recommendation</p>
<p>13. Settlement finality and collateral security (proposal for directive) (T04890) (96/077) COD96126 COM(96)0193 C4-0306/96 + JURI Fond R LEHNE Klaus-Heiner. (PPE) (PE219.603 ) - Adoption of draft report</p>
<p>14. Simpler legislation for the Internal Market (SLIM): A Pilot Project (T04938) (96/074) COS0440 COM(96)0559 C4-0446/96 + JURI Fond R CROWLEY Brian. (UPE) (PE218.790 ) - Adoption of draft report</p>
<p>15. The organization of cooperation around agreed Community energy objectives (T05017) (97/023) (T05017) CNS96218 COM(96)0431 C4-0046/97 + JURI Avis GEBHARDT Evelyne. (PSE) F ENER Fond R STOCKMANN Ulrich. (PSE) (PE220.913 ) - Examination of the legal basis</p>
<p>16. Standardization and the global information society: the European approach (T05015) (96/121) (T05015) COS0466 COM(96)0359 C4-0523/96 + JURI Avis A MARTIN David W. (PSE) (PE220.227 ) F ECON Fond R RUBIG Paul. (PPE) - Adoption of draft opinion</p>
<p>17. Any other business</p>
<p>18. Date of next meeting (PE/VII/OJ/09-97 )</p>
<p>18.1 Deadline for texts for translation before the next meeting (reminder): - Tuesday 25 March 1997 A N N E X 1 ===] APPOINTMENT OF RAPPORTEUR</p>
<p>1. United Nations Convention of 10 December 1982 on the Law of the Sea (T05419) (97/024) (T05419) AVC97038 COM(97)0037 + JURI Fond - Rapporteur - - - - - - - - - - - - - - - - - Group - - - - - - Points - - - - - EP Employment Committee agenda - March 17-18</p>
<p>Committee on Employment and Social Affairs [[ Monday 17 March 1997 ]]</p>
<p>0.1</p>
<p>0.2</p>
<p>1. Adoption of draft agenda (PE221.357 )</p>
<p>2. Chairman's announcements</p>
<p>3. Approval of minutes of meeting of: - 5-6 February 1997 (PE221.390 )</p>
<p>4. Social and employment aspects of the liberalization of public services (PE221.350 ) - Exchange of views Exchange of views in the presence of Mr K. Van MIERT, Member of the Commission</p>
<p>5. A strategy for revitalizing the Community's railways (White Paper) (T04954) COS0442 COM(96)0421 C4-0452/96 + ASOC Avis A ETTL Harald. (PSE) (PE221.452 ) F TRAN Fond SARLIS Pavlos. (PPE) - Exchange of views</p>
<p>6. Code of practice on the implementation of equal pay for work of equal value for women and men (T04957) COS0447 COM(96)0336 C4-0460/96 + ASOC Fond R GONZALEZ ALVAREZ L. (GUE) (PE220.249 ) - Exchange of views - Deadline for tabling amendments</p>
<p>7. Development of the social dialogue at Community level (communication from the Commission) (T05005) COS0468 COM(96)0448 C4-0526/96 + ASOC Fond R PETER Helwin. (PSE) (PE221.358/DT ) - Exchange of views</p>
<p>7.1 ===] 5 - 6 p.m.</p>
<p>8. The Irish Presidency's proposal for revision of the Treaties (DVR0462 ) - Exchange of views Exchange of views in the presence of Mr BROK and Mrs GUIGOU ===] 6 p.m.</p>
<p>8.4 Coordinators' meeting ===] Tuesday 18 March ===] Votes</p>
<p>9. 1997 annual economic report (T05087) COS0529 CSE(96)0008 C4-0078/97 + ASOC Avis A HERNANDEZ MOLLAR J. (PPE) (PE221.377 ) F ECON Fond R RANDZIO-PLATH Christ (PSE) (PE221.257 ) - Consideration and adoption of draft opinion</p>
<p>10. Application of social security schemes to migrant workers (amendment of Regulation 1408/71 and 574/72) (T05007) CNS96227 COM(96)0452 C4-0543/96 + ASOC Fond R OOMEN-RUIJTEN M.G.H. (PE220.248 ) (PPE) - Adoption of draft report</p>
<p>11. Burden of proof in cases of discrimination based on sex (T04705) **I (T04705) SYN96196 COM(96)0340 C4-0539/96 + ASOC Avis A ANDERSSON Jan. (PSE) (PE221.352 ) F FEMM Fond R GHILARDOTTI Fiorella (PSE) (PE220.959 ) - Consideration and adoption of draft opinion</p>
<p>12. Industrial benchmarking (T05226) COS0491 COM(96)0463 C4-0622/96 + ASOC Avis A SCHORLING Inger. (V ) (PE221.376 ) F ECON Fond R GARC lA-MARGALLO Y M. (PE221.258/A ) (PPE) - Consideration and adoption of draft opinion</p>
<p>13. Education - Training - Research: the obstacles to trans-national mobility - EC Green Paper (T05293) COS0476 COM(96)0462 C4-0580/96 + ASOC Avis A HERMANGE Marie-There (UPE) (PE221.378 ) F JEUN Fond R TODINI Luisa. (UPE) (PE221.499 ) - Consideration and adoption of draft opinion</p>
<p>14. Stricter rules on impact statement (T05029) INI0897 INI0897 A4-0413/96 + ASOC Avis A SKINNER Peter W. (PSE) F ECON Fond R MATHER Graham. (PPE) (PE219.838/DEF) - Consideration and adoption of draft opinion</p>
<p>15. Safety at sea: minimum level of training for seafarers (amendment of Directive 94/58/EC) (T05012) **I SYN96240 COM(96)0470 C4-0550/96 + ASOC Avis A HERNANDEZ MOLLAR J. (PPE) (PE220.916 ) F TRAN Fond PARODI Eolo. (UPE) (PE221.087 ) - Consideration and adoption of draft opinion</p>
<p>16. A strategy for revitalizing the Community's railways (White Paper) (T04954) COS0442 COM(96)0421 C4-0452/96 + ASOC Avis A ETTL Harald. (PSE) (PE221.452 ) F TRAN Fond SARLIS Pavlos. (PPE) - Adoption of draft opinion</p>
<p>16.1 * * *</p>
<p>17. Learning in the information society: an action plan for a European education initiative (1996-1998) (T05018) COS0469 COM(96)0471 C4-0528/96 + ASOC Avis A MANN Thomas. (PPE) (PE221.354 ) F JEUN Fond R AHLQVIST Birgitta. (PSE) (PE220.556 ) F JEUN Fond AHLQVIST Birgitta. (PSE) (PE220.556 ) - Exchange of views - Deadline for tabling amendments</p>
<p>18. Any other business</p>
<p>19. Appointment of rapporteurs and draftsmen - decisions on procedure</p>
<p>20. Date of next meeting - Tuesday 15 April 1997, 3 - 6.30 p.m.; Wednesday 16 April 1997, 9 a.m. - 12.30 p.m. - Wednesday 16 April 1997, 3 - 6.30 p.m.: hearing on the problems of cross-border workers.</p>
</text>
<copyright>(c) Reuters Limited 1997</copyright>
<metadata>
<codes class="bip:countries:1.0">
  <code code="EEC">
    <editdetail attribution="Reuters BIP Coding Group" action="confirmed" date="1997-03-14"/>
  </code>
</codes>
<codes class="bip:topics:1.0">
  <code code="G15">
    <editdetail attribution="Reuters BIP Coding Group" action="confirmed" date="1997-03-14"/>
  </code>
  <code code="GCAT">
    <editdetail attribution="Reuters BIP Coding Group" action="confirmed" date="1997-03-14"/>
  </code>
  <code code="GCRIM">
    <editdetail attribution="Reuters BIP Coding Group" action="confirmed" date="1997-03-14"/>
  </code>
</codes>
<dc element="dc.publisher" value="Reuters Holdings Plc"/>
<dc element="dc.date.published" value="1997-03-14"/>
<dc element="dc.source" value="Reuters"/>
<dc element="dc.creator.location.country.name" value="EU"/>
<dc element="dc.source" value="Reuters"/>
</metadata>
</newsitem>
