<?xml version="1.0" encoding="iso-8859-1" ?>
<newsitem itemid="697003" id="root" date="1997-06-30" xml:lang="en">
<title>TURKEY: Istanbul gold falls, volume surges on arbitrage.</title>
<headline>Istanbul gold falls, volume surges on arbitrage.</headline>
<dateline>ISTANBUL 1997-06-30</dateline>
<text>
<p>Volume on the Istanbul gold exchange more than doubled to 2,076 kilos on Monday from Friday's 980 kilos due to heavy arbitrage trading by banks, dealers said.</p>
<p>Gold fell to $335.00 an ounce and 1,599,300 lira per gram from Friday's $338.00 and 1,603,000 on lower world levels.</p>
<p>&quot;Only about 600 to 700 kilos of the total trade was to meet demand from the free (gold) market while the rest was arbitrage deals by banks,&quot; said one banker.</p>
<p>&quot;Normally, demand would pick up at such lower price levels, but almost everyone expects gold's trend to be downward in the medium-term,&quot; he added.</p>
<p>The Turkish currency closed weaker at 148,360 against the dollar versus 147,400 on Friday, cushioning the fall in lira prices and thus encouraging arbitrage.</p>
<p>Most of the day's trade -- 1,406 kilos -- took place in the morning session and 57.8 percent of the total volume was in lira. --Istanbul newsroom +90-212-2750875</p>
</text>
<copyright>(c) Reuters Limited 1997</copyright>
<metadata>
<codes class="bip:countries:1.0">
  <code code="TURK">
    <editdetail attribution="Reuters BIP Coding Group" action="confirmed" date="1997-06-30"/>
  </code>
</codes>
<codes class="bip:topics:1.0">
  <code code="M14">
    <editdetail attribution="Reuters BIP Coding Group" action="confirmed" date="1997-06-30"/>
  </code>
  <code code="M142">
    <editdetail attribution="Reuters BIP Coding Group" action="confirmed" date="1997-06-30"/>
  </code>
  <code code="MCAT">
    <editdetail attribution="Reuters BIP Coding Group" action="confirmed" date="1997-06-30"/>
  </code>
</codes>
<dc element="dc.date.created" value="1997-06-30"/>
<dc element="dc.publisher" value="Reuters Holdings Plc"/>
<dc element="dc.date.published" value="1997-06-30"/>
<dc element="dc.source" value="Reuters"/>
<dc element="dc.creator.location" value="ISTANBUL"/>
<dc element="dc.creator.location.country.name" value="TURKEY"/>
<dc element="dc.source" value="Reuters"/>
</metadata>
</newsitem>
