<?xml version="1.0" encoding="iso-8859-1" ?>
<newsitem itemid="141830" id="root" date="1996-10-24" xml:lang="en">
<title>SWEDEN: Sweden's Riksbank sees limited room for repo cuts.</title>
<headline>Sweden's Riksbank sees limited room for repo cuts.</headline>
<dateline>STOCKHOLM 1996-10-24</dateline>
<text>
<p>Sweden's central bank, the Riksbank, said on Thursday that there was still some limited room to lower its key repo rate.</p>
<p>&quot;In the light of the available information, the Riksbank considers that there is still some limited room for lowering the repo rate,&quot; said Riksbank governor Urban Backstrom.</p>
<p>However the analysis of incoming economic data could lead the Riksbank to revise this view, Backstrom said.</p>
<p>&quot;The conclusion to be drawn from the assessments that are made may also turn out to be an unchanged repo rate,&quot; he told a news conference.  </p>
<p>The Riksbank earlier announced a cut in all three interest rates in its three-tiered rate management system, cutting the lending and deposit rates by 0.50 percentage points and the repo by an unexpected 25 basis points to 4.60 percent.</p>
<p>&quot;Since the summer and autumn, there have been more substantial signs of improved activity in industry as well as in trade. The conditions for economic growth in Sweden in the next two years therefore appear to be good,&quot; Backstrom added.</p>
<p>&quot;Even so, it seems that inflationary pressure will be moderate,&quot; he said, adding the prospects of inflation being in line with the bank's inflation target remain good.</p>
<p>-- Simon Haydon, Stockholm newsroom +46-8-700-1004</p>
</text>
<copyright>(c) Reuters Limited 1996</copyright>
<metadata>
<codes class="bip:countries:1.0">
  <code code="SWED">
    <editdetail attribution="Reuters BIP Coding Group" action="confirmed" date="1996-10-24"/>
  </code>
</codes>
<codes class="bip:topics:1.0">
  <code code="E12">
    <editdetail attribution="Reuters BIP Coding Group" action="confirmed" date="1996-10-24"/>
  </code>
  <code code="ECAT">
    <editdetail attribution="Reuters BIP Coding Group" action="confirmed" date="1996-10-24"/>
  </code>
  <code code="M13">
    <editdetail attribution="Reuters BIP Coding Group" action="confirmed" date="1996-10-24"/>
  </code>
  <code code="M131">
    <editdetail attribution="Reuters BIP Coding Group" action="confirmed" date="1996-10-24"/>
  </code>
  <code code="MCAT">
    <editdetail attribution="Reuters BIP Coding Group" action="confirmed" date="1996-10-24"/>
  </code>
</codes>
<dc element="dc.date.created" value="1996-10-24"/>
<dc element="dc.publisher" value="Reuters Holdings Plc"/>
<dc element="dc.date.published" value="1996-10-24"/>
<dc element="dc.source" value="Reuters"/>
<dc element="dc.creator.location" value="STOCKHOLM"/>
<dc element="dc.creator.location.country.name" value="SWEDEN"/>
<dc element="dc.source" value="Reuters"/>
</metadata>
</newsitem>
