<?xml version="1.0" encoding="iso-8859-1" ?>
<newsitem itemid="712216" id="root" date="1997-07-07" xml:lang="en">
<title>JAPAN: Tokyo stocks end modestly lower in thin trade.</title>
<headline>Tokyo stocks end modestly lower in thin trade.</headline>
<dateline>TOKYO 1997-07-07</dateline>
<text>
<p>Tokyo stocks ended modestly lower on Monday, dragged down by profit-taking of blue chips amid signs of strength in the yen against the dollar and also by weakness in construction and banking issues after a medium-sized construction firm's decision to apply for court protection on Friday.</p>
<p>The Nikkei 225 fell 262.83 points or 1.32 percent to 19,705.17. Its September futures slipped 140 to 19,770.</p>
<p>&quot;High-tech issues which were bought recently are starting to slow down, bringing on profit-taking,&quot; said Noboru Yorita, Tachibana Securities general manager.</p>
</text>
<copyright>(c) Reuters Limited 1997</copyright>
<metadata>
<codes class="bip:countries:1.0">
  <code code="JAP">
    <editdetail attribution="Reuters BIP Coding Group" action="confirmed" date="1997-07-07"/>
  </code>
</codes>
<codes class="bip:topics:1.0">
  <code code="M11">
    <editdetail attribution="Reuters BIP Coding Group" action="confirmed" date="1997-07-07"/>
  </code>
</codes>
<dc element="dc.date.created" value="1997-07-07"/>
<dc element="dc.publisher" value="Reuters Holdings Plc"/>
<dc element="dc.date.published" value="1997-07-07"/>
<dc element="dc.source" value="Reuters"/>
<dc element="dc.creator.location" value="TOKYO"/>
<dc element="dc.creator.location.country.name" value="JAPAN"/>
<dc element="dc.source" value="Reuters"/>
</metadata>
</newsitem>
