<?xml version="1.0" encoding="iso-8859-1" ?>
<newsitem itemid="745213" id="root" date="1997-07-22" xml:lang="en">
<title>UK: European precious metals end firmer.</title>
<headline>European precious metals end firmer.</headline>
<text>
<p>GOLD - Closed at $327.80/$328.30 up $1.40. Boosted by further fund short covering overnight and on New York opening. Still faces potential problem clearing $330.00</p>
<p>SILVER - Finished at $4.36/$4.38 up nine cents.</p>
<p>PLATINUM - Also ended up at $417.50/$420.50, up $6.00. Concerned about fresh delays in Russian exports.</p>
<p>PALLADIUM - Firmer with platinum at $198.50/$201.50, up $10.00.</p>
</text>
<copyright>(c) Reuters Limited 1997</copyright>
<metadata>
<codes class="bip:countries:1.0">
  <code code="UK">
    <editdetail attribution="Reuters BIP Coding Group" action="confirmed" date="1997-07-22"/>
  </code>
</codes>
<codes class="bip:topics:1.0">
  <code code="M14">
    <editdetail attribution="Reuters BIP Coding Group" action="confirmed" date="1997-07-22"/>
  </code>
  <code code="M142">
    <editdetail attribution="Reuters BIP Coding Group" action="confirmed" date="1997-07-22"/>
  </code>
  <code code="MCAT">
    <editdetail attribution="Reuters BIP Coding Group" action="confirmed" date="1997-07-22"/>
  </code>
</codes>
<dc element="dc.publisher" value="Reuters Holdings Plc"/>
<dc element="dc.date.published" value="1997-07-22"/>
<dc element="dc.source" value="Reuters"/>
<dc element="dc.creator.location.country.name" value="UK"/>
<dc element="dc.source" value="Reuters"/>
</metadata>
</newsitem>
