<?xml version="1.0" encoding="iso-8859-1" ?>
<newsitem itemid="802784" id="root" date="1997-08-15" xml:lang="en">
<title>INDIA: India RBI says seeks to build forex reserves.</title>
<headline>India RBI says seeks to build forex reserves.</headline>
<dateline>BOMBAY 1997-08-15</dateline>
<text>
<p>Interventions by India's central bank in the country's forex markets are designed to help boost foreign currency reserves, a senior bank official told Reuters Financial Television on Friday.</p>
<p>Deputy Governor Y.V. Reddy of the Reserve Bank of India (RBI), said that RBI intervention is designed to ensure that the rupee's exchange rate reflects the ecnomy's fundamentals.</p>
<p>&quot;We are in the market to curb excess volatility,&quot; he said in reply to a question. &quot;We are also in the business of building adequate reserves.&quot;</p>
<p>The objectives of RBI's intervention in forex markets also encompassed the development of the foreign exchange market, Reddy said.</p>
<p>But this policy has to be used in conjunction with RBI's money supply strategies, he added. RBI's buying of dollars pumps rupees into the economy and has the effect of increasing India's money supply.</p>
<p>--Bombay Newsroom (91) 22 265 9000; Fax (91) 22 264 1699</p>
</text>
<copyright>(c) Reuters Limited 1997</copyright>
<metadata>
<codes class="bip:countries:1.0">
  <code code="INDIA">
    <editdetail attribution="Reuters BIP Coding Group" action="confirmed" date="1997-08-15"/>
  </code>
</codes>
<codes class="bip:topics:1.0">
  <code code="E12">
    <editdetail attribution="Reuters BIP Coding Group" action="confirmed" date="1997-08-15"/>
  </code>
  <code code="E51">
    <editdetail attribution="Reuters BIP Coding Group" action="confirmed" date="1997-08-15"/>
  </code>
  <code code="E513">
    <editdetail attribution="Reuters BIP Coding Group" action="confirmed" date="1997-08-15"/>
  </code>
  <code code="ECAT">
    <editdetail attribution="Reuters BIP Coding Group" action="confirmed" date="1997-08-15"/>
  </code>
  <code code="M13">
    <editdetail attribution="Reuters BIP Coding Group" action="confirmed" date="1997-08-15"/>
  </code>
  <code code="M132">
    <editdetail attribution="Reuters BIP Coding Group" action="confirmed" date="1997-08-15"/>
  </code>
  <code code="MCAT">
    <editdetail attribution="Reuters BIP Coding Group" action="confirmed" date="1997-08-15"/>
  </code>
</codes>
<dc element="dc.date.created" value="1997-08-15"/>
<dc element="dc.publisher" value="Reuters Holdings Plc"/>
<dc element="dc.date.published" value="1997-08-15"/>
<dc element="dc.source" value="Reuters"/>
<dc element="dc.creator.location" value="BOMBAY"/>
<dc element="dc.creator.location.country.name" value="INDIA"/>
<dc element="dc.source" value="Reuters"/>
</metadata>
</newsitem>
