<?xml version="1.0" encoding="iso-8859-1" ?>
<newsitem itemid="591097" id="root" date="1997-05-16" xml:lang="en">
<title>UK: Norddeutsche Hypo sets 100 million mark step-up bond. [CORRECTED 15:05 GMT]</title>
<headline>Norddeutsche Hypo sets 100 million mark step-up bond. [CORRECTED 15:05 GMT]</headline>
<dateline>LONDON 1997-05-16</dateline>
<text>
<p>The following bond was announced by sole manager Dresdner Kleinwort Benson.</p>
<p> BORROWER   NORDDEUTSCHE HYPO</p>
<p> AMT    100 MLN DEM   COUPON    *4.30	MATURITY   *21.AUG.00</p>
<p> TYPE	 STRAIGHT  ISS PRICE  PAR	 PAY DATE    21.MAY.97</p>
<p> FEES    UNDISCLOSED  LISTING    HAMBURG   PAY FREQ    ANNUAL</p>
<p> NOTES     *PAYS 3.60 PCT FOR SHORT FIRST COUPON PERIOD TO</p>
<p>		21.AUG.97 WHEN THERE IS A CALL AT PAR.</p>
<p>(Corrects name of bond issuer from Norddeutsche Landesbank to Norddeutsche Hypo)</p>
<p>-- London Newsroom +44 171 542 7658</p>
</text>
<copyright>(c) Reuters Limited 1997</copyright>
<metadata>
<codes class="bip:countries:1.0">
  <code code="GFR">
    <editdetail attribution="Reuters BIP Coding Group" action="confirmed" date="1997-05-16"/>
  </code>
  <code code="UK">
    <editdetail attribution="Reuters BIP Coding Group" action="confirmed" date="1997-05-16"/>
  </code>
</codes>
<codes class="bip:industries:1.0">
  <code code="I81402">
    <editdetail attribution="Reuters BIP Coding Group" action="confirmed" date="1997-05-16"/>
  </code>
  <code code="I81501">
    <editdetail attribution="Reuters BIP Coding Group" action="confirmed" date="1997-05-16"/>
  </code>
  <code code="I8150103">
    <editdetail attribution="Reuters BIP Coding Group" action="confirmed" date="1997-05-16"/>
  </code>
</codes>
<codes class="bip:topics:1.0">
  <code code="C17">
    <editdetail attribution="Reuters BIP Coding Group" action="confirmed" date="1997-05-16"/>
  </code>
  <code code="C172">
    <editdetail attribution="Reuters BIP Coding Group" action="confirmed" date="1997-05-16"/>
  </code>
  <code code="CCAT">
    <editdetail attribution="Reuters BIP Coding Group" action="confirmed" date="1997-05-16"/>
  </code>
</codes>
<dc element="dc.date.created" value="1997-05-16"/>
<dc element="dc.publisher" value="Reuters Holdings Plc"/>
<dc element="dc.date.published" value="1997-05-16"/>
<dc element="dc.source" value="Reuters"/>
<dc element="dc.creator.location" value="LONDON"/>
<dc element="dc.creator.location.country.name" value="UK"/>
<dc element="dc.source" value="Reuters"/>
</metadata>
</newsitem>
