<?xml version="1.0" encoding="iso-8859-1" ?>
<newsitem itemid="651112" id="root" date="1997-06-10" xml:lang="en">
<title>GERMANY: Adam Opel technical development chief quits.</title>
<headline>Adam Opel technical development chief quits.</headline>
<dateline>RUESSELSHEIM, Germany 1997-06-10</dateline>
<text>
<p>Adam Opel AG, the German unit of U.S. carmaker General Motors Corp said on Tuesday that Juergen Stockmar, Opel board member in charge of the Technical Development Centre was to leave the company.</p>
<p>Opel said in a statement it had agreed to his request to leave the company at a supervisory board meeting today.</p>
<p>Stockmar will be replaced by Peter Hanenberger, 55, who is currently executive vice president of design, product and manufacturing engineering for GM international operations.</p>
<p>He will be named as Stockmar's successor at the next meeting of the Opel supervisory board.</p>
<p>--Frankfurt Newsroom +49 69 756525</p>
</text>
<copyright>(c) Reuters Limited 1997</copyright>
<metadata>
<codes class="bip:countries:1.0">
  <code code="GFR">
    <editdetail attribution="Reuters BIP Coding Group" action="confirmed" date="1997-06-10"/>
  </code>
  <code code="USA">
    <editdetail attribution="Reuters BIP Coding Group" action="confirmed" date="1997-06-10"/>
  </code>
</codes>
<codes class="bip:industries:1.0">
  <code code="I35101">
    <editdetail attribution="Reuters BIP Coding Group" action="confirmed" date="1997-06-10"/>
  </code>
</codes>
<codes class="bip:topics:1.0">
  <code code="C41">
    <editdetail attribution="Reuters BIP Coding Group" action="confirmed" date="1997-06-10"/>
  </code>
  <code code="C411">
    <editdetail attribution="Reuters BIP Coding Group" action="confirmed" date="1997-06-10"/>
  </code>
  <code code="CCAT">
    <editdetail attribution="Reuters BIP Coding Group" action="confirmed" date="1997-06-10"/>
  </code>
</codes>
<dc element="dc.date.created" value="1997-06-10"/>
<dc element="dc.publisher" value="Reuters Holdings Plc"/>
<dc element="dc.date.published" value="1997-06-10"/>
<dc element="dc.source" value="Reuters"/>
<dc element="dc.creator.location" value="RUESSELSHEIM, Germany"/>
<dc element="dc.creator.location.country.name" value="GERMANY"/>
<dc element="dc.source" value="Reuters"/>
</metadata>
</newsitem>
