<?xml version="1.0" encoding="iso-8859-1" ?>
<newsitem itemid="787635" id="root" date="1997-08-08" xml:lang="en">
<title>BRAZIL: BRAZIL TO OPEN BIDS FOR TWO MORE B BAND CELL AREAS.</title>
<headline>BRAZIL TO OPEN BIDS FOR TWO MORE B BAND CELL AREAS.</headline>
<dateline>SAO PAULO 1997-08-08</dateline>
<text>
<p>Brazil's Communications Ministry will open bids Friday morning on two more B Band cellular concessions, including one covering non-metropolitan Sao Paulo state, officials said.</p>
<p>Ministry officials at 0900 local/1200 gmt are set to open bid envelopes for Sao Paulo state area No. 2 as well as area No. 10, comprising the six northeastern states of Alagoas, Ceara, Paraiba, Pernambuco, Piaui and Rio Grande do Norte.</p>
<p>The governmment has set a base price of 600 million reais for area No. 2. But analysts, citing the region's wealth, population and pent-up demand for telecommunications service, expect bidders to offer premiums of 100 percent or more for the licence.</p>
<p>Last month, BCP S.A. group won bidding on area No. 1 covering Sao Paulo city with a stunning 2.64 billion-real ($2.45 billion) bid, some 333 percent above the base price.</p>
<p>For area No. 10, officials have set a 230 million-real minimum price.</p>
<p>Areas 2 and 10 would be the fourth and fifth concessions granted so far in the government's plan to auction 10 B Band licences covering Brazil. Bids were received in April on all but one area.</p>
<p>The B Band selloff is part of the government's plan to privatize the country's massive telecommunications sector which, after China, is considered the world's most-promising emerging telecoms market.</p>
<p>((--James Craig, Sao Paulo newsroom 5511 2485413))</p>
</text>
<copyright>(c) Reuters Limited 1997</copyright>
<metadata>
<codes class="bip:countries:1.0">
  <code code="BRAZ">
    <editdetail attribution="Reuters BIP Coding Group" action="confirmed" date="1997-08-08"/>
  </code>
</codes>
<codes class="bip:industries:1.0">
  <code code="I79020">
    <editdetail attribution="Reuters BIP Coding Group" action="confirmed" date="1997-08-08"/>
  </code>
</codes>
<codes class="bip:topics:1.0">
  <code code="C13">
    <editdetail attribution="Reuters BIP Coding Group" action="confirmed" date="1997-08-08"/>
  </code>
  <code code="C18">
    <editdetail attribution="Reuters BIP Coding Group" action="confirmed" date="1997-08-08"/>
  </code>
  <code code="C183">
    <editdetail attribution="Reuters BIP Coding Group" action="confirmed" date="1997-08-08"/>
  </code>
  <code code="C33">
    <editdetail attribution="Reuters BIP Coding Group" action="confirmed" date="1997-08-08"/>
  </code>
  <code code="CCAT">
    <editdetail attribution="Reuters BIP Coding Group" action="confirmed" date="1997-08-08"/>
  </code>
</codes>
<dc element="dc.date.created" value="1997-08-08"/>
<dc element="dc.publisher" value="Reuters Holdings Plc"/>
<dc element="dc.date.published" value="1997-08-08"/>
<dc element="dc.source" value="Reuters"/>
<dc element="dc.creator.location" value="SAO PAULO"/>
<dc element="dc.creator.location.country.name" value="BRAZIL"/>
<dc element="dc.source" value="Reuters"/>
</metadata>
</newsitem>
