<?xml version="1.0" encoding="iso-8859-1" ?>
<newsitem itemid="575748" id="root" date="1997-05-12" xml:lang="en">
<title>HUNGARY: Human reports rising exports in Q1 1997.</title>
<headline>Human reports rising exports in Q1 1997.</headline>
<dateline>BUDAPEST 1997-05-12</dateline>
<text>
<p>Hungarian pharmaceuticals company Human Rt on Monday reported higher sales and after-tax profit for the first quarter of 1997 and said its exports more than doubled from the same period of 1996.</p>
<p>&quot;Exports amounted to 601.8 million forints, more than doubling from the first quarter of last year,&quot; Human said in its earnings report, adding that exports of blood products exceeded the proportional part of the annual plan.</p>
<p>In the first three months of 1996 Human's exports reached 292.3 million forints.</p>
<p>Human released its January-March consolidated HAS earnings report this morning and said its operating profit declined to 173.5 million forints from 204.0 million, while its after-tax profit edged up to 205.6 million from 199.6 million. Its net sales rose to 4.033 billion forints from 3.368 billion.</p>
<p>Of its export revenues, Human generated 280 million forints from deliveries to Canada's Novopharm Ltd, its majority owner.</p>
<p>&quot;This (280 million forints) almost equals to exports to Canada in the whole of 1996,&quot; it said.</p>
<p>-- Emese Bartha, Budapest newsroom +36 1 327-4040</p>
</text>
<copyright>(c) Reuters Limited 1997</copyright>
<metadata>
<codes class="bip:countries:1.0">
  <code code="HUNG">
    <editdetail attribution="Reuters BIP Coding Group" action="confirmed" date="1997-05-12"/>
  </code>
</codes>
<codes class="bip:industries:1.0">
  <code code="I25700">
    <editdetail attribution="Reuters BIP Coding Group" action="confirmed" date="1997-05-12"/>
  </code>
</codes>
<codes class="bip:topics:1.0">
  <code code="C15">
    <editdetail attribution="Reuters BIP Coding Group" action="confirmed" date="1997-05-12"/>
  </code>
  <code code="C151">
    <editdetail attribution="Reuters BIP Coding Group" action="confirmed" date="1997-05-12"/>
  </code>
  <code code="C31">
    <editdetail attribution="Reuters BIP Coding Group" action="confirmed" date="1997-05-12"/>
  </code>
  <code code="C312">
    <editdetail attribution="Reuters BIP Coding Group" action="confirmed" date="1997-05-12"/>
  </code>
  <code code="CCAT">
    <editdetail attribution="Reuters BIP Coding Group" action="confirmed" date="1997-05-12"/>
  </code>
</codes>
<dc element="dc.date.created" value="1997-05-12"/>
<dc element="dc.publisher" value="Reuters Holdings Plc"/>
<dc element="dc.date.published" value="1997-05-12"/>
<dc element="dc.source" value="Reuters"/>
<dc element="dc.creator.location" value="BUDAPEST"/>
<dc element="dc.creator.location.country.name" value="HUNGARY"/>
<dc element="dc.source" value="Reuters"/>
</metadata>
</newsitem>
