<?xml version="1.0" encoding="iso-8859-1" ?>
<newsitem itemid="308715" id="root" date="1997-01-15" xml:lang="en">
<title>THAILAND: Thai banks, finance firms help Somprasong.</title>
<headline>Thai banks, finance firms help Somprasong.</headline>
<dateline>BANGKOK 1997-01-15</dateline>
<text>
<p>Two major Thai banks and two finance firms on Wednesday agreed to pool 1.8 billion baht ($72 million) to shore up troubled property projects of cash-strapped and suspended property firm Somprasong Land Plc.</p>
<p>Olarn Chaipravat, president of the Siam Commercial Bank Plc, said his bank would join Bangkok Bank Plc, National Finance and Securities Plc and Ekachart Finance and Securities Plc, in setting up the fund to buy prime land owned by Somprosong for commercial development.</p>
</text>
<copyright>(c) Reuters Limited 1997</copyright>
<metadata>
<codes class="bip:countries:1.0">
  <code code="THAIL">
    <editdetail attribution="Reuters BIP Coding Group" action="confirmed" date="1997-01-15"/>
  </code>
</codes>
<codes class="bip:industries:1.0">
  <code code="I50100">
    <editdetail attribution="Reuters BIP Coding Group" action="confirmed" date="1997-01-15"/>
  </code>
  <code code="I81402">
    <editdetail attribution="Reuters BIP Coding Group" action="confirmed" date="1997-01-15"/>
  </code>
  <code code="I83100">
    <editdetail attribution="Reuters BIP Coding Group" action="confirmed" date="1997-01-15"/>
  </code>
</codes>
<codes class="bip:topics:1.0">
  <code code="C17">
    <editdetail attribution="Reuters BIP Coding Group" action="confirmed" date="1997-01-15"/>
  </code>
  <code code="CCAT">
    <editdetail attribution="Reuters BIP Coding Group" action="confirmed" date="1997-01-15"/>
  </code>
</codes>
<dc element="dc.date.created" value="1997-01-15"/>
<dc element="dc.publisher" value="Reuters Holdings Plc"/>
<dc element="dc.date.published" value="1997-01-15"/>
<dc element="dc.source" value="Reuters"/>
<dc element="dc.creator.location" value="BANGKOK"/>
<dc element="dc.creator.location.country.name" value="THAILAND"/>
<dc element="dc.source" value="Reuters"/>
</metadata>
</newsitem>
