<?xml version="1.0" encoding="iso-8859-1" ?>
<newsitem itemid="432523" id="root" date="1997-03-11" xml:lang="en">
<title>GERMANY: SOCCER-GERMAN FIRST DIVISION RESULTS.</title>
<headline>SOCCER-GERMAN FIRST DIVISION RESULTS.</headline>
<dateline>BONN 1997-03-11</dateline>
<text>
<p>Results of soccer matches played</p>
<p>in the German first division on Tuesday:</p>
<p> Karlsruhe		     2  Bochum			  3</p>
<p> Werder Bremen		 2  St Pauli			1</p>
<p> Hamburg			 2  Borussia Moenchengladbach 1</p>
<p> Schalke			 4  Duisburg			0</p>
<p> Cologne			 1  VfB Stuttgart		 5</p>
<p>Playing on Wednesday</p>
<p> Borussia Dortmund	   v  Hansa Rostock</p>
<p> Fortuna Duesseldorf	 v  Freiburg</p>
<p> 1860 Munich		   v  Bayer Leverkusen</p>
<p> Arminia Bielefeld	   v  Bayern Munich</p>
</text>
<copyright>(c) Reuters Limited 1997</copyright>
<metadata>
<codes class="bip:countries:1.0">
  <code code="GFR">
    <editdetail attribution="Reuters BIP Coding Group" action="confirmed" date="1997-03-11"/>
  </code>
</codes>
<codes class="bip:topics:1.0">
  <code code="GCAT">
    <editdetail attribution="Reuters BIP Coding Group" action="confirmed" date="1997-03-11"/>
  </code>
  <code code="GSPO">
    <editdetail attribution="Reuters BIP Coding Group" action="confirmed" date="1997-03-11"/>
  </code>
</codes>
<dc element="dc.date.created" value="1997-03-11"/>
<dc element="dc.publisher" value="Reuters Holdings Plc"/>
<dc element="dc.date.published" value="1997-03-11"/>
<dc element="dc.source" value="Reuters"/>
<dc element="dc.creator.location" value="BONN"/>
<dc element="dc.creator.location.country.name" value="GERMANY"/>
<dc element="dc.source" value="Reuters"/>
</metadata>
</newsitem>
