<?xml version="1.0" encoding="iso-8859-1" ?>
<newsitem itemid="123466" id="root" date="1996-10-17" xml:lang="en">
<title>SINGAPORE: Singapore bunker final report and prices- Oct 17.</title>
<headline>Singapore bunker final report and prices- Oct 17.</headline>
<text>
<p>DELIVERED U.S.$/TONNE)  380 CST   180 CST     MDO     GAS OIL</p>
<p> SINGAPORE CARGO	   116/118   121/123     UNQ     223/226</p>
<p> SINGAPORE BUNKER	  121/124   125/128   223/228   236/239</p>
<p>--------</p>
<p>COMMENTS - Singapore bunker levels ease late Thursday to end little changed from Wednesday following cargo levels, traders said. A major oil company said prices were wide-ranged with prompt 380-cst supplies loading within the next two days offered at $121.50 per tonne while cargoes loading next week were offered at $124. MDO prices firmed on strong gas oil prices.</p>
<p>--Singapore Newsroom (65-870-3082).</p>
</text>
<copyright>(c) Reuters Limited 1996</copyright>
<metadata>
<codes class="bip:countries:1.0">
  <code code="SINGP">
    <editdetail attribution="Reuters BIP Coding Group" action="confirmed" date="1996-10-17"/>
  </code>
</codes>
<codes class="bip:topics:1.0">
  <code code="M14">
    <editdetail attribution="Reuters BIP Coding Group" action="confirmed" date="1996-10-17"/>
  </code>
  <code code="M143">
    <editdetail attribution="Reuters BIP Coding Group" action="confirmed" date="1996-10-17"/>
  </code>
  <code code="MCAT">
    <editdetail attribution="Reuters BIP Coding Group" action="confirmed" date="1996-10-17"/>
  </code>
</codes>
<dc element="dc.publisher" value="Reuters Holdings Plc"/>
<dc element="dc.date.published" value="1996-10-17"/>
<dc element="dc.source" value="Reuters"/>
<dc element="dc.creator.location.country.name" value="SINGAPORE"/>
<dc element="dc.source" value="Reuters"/>
</metadata>
</newsitem>
