<?xml version="1.0" encoding="iso-8859-1" ?>
<newsitem itemid="809912" id="root" date="1997-08-19" xml:lang="en">
<title>FINLAND: Finnish T-bill auction raises FIM 454 mln.</title>
<headline>Finnish T-bill auction raises FIM 454 mln.</headline>
<dateline>HELSINKI 1997-08-19</dateline>
<text>
<p>Result of the State Treasury Office's T-Bill auction August 19 versus August 12</p>
<p>			THIS AUCTION/PREVIOUS AUCTION</p>
<p> Maturity, days   176/183		358/335</p>
<p> Avge yld, pct   3.27/3.24	    3.63/3.55</p>
<p> Highest yld     3.27/3.25	    3.65/3.55</p>
<p> Lowest  yld     3.26/3.24	    3.61/3.54</p>
<p> Amount,FIM million   100/284		354/95</p>
<p> Bids, FIM million    150/384		479/175</p>
<p>After today's auction, the outstanding amount of treasury</p>
<p>bills is 46,866 million markka, the STO said. @</p>
<p>STO had said it would issue at most 800 million markka worth of T-Bills at Tuesday's auction.</p>
<p>-- Helsinki newsroom +358-9-680 50 245, news@Reuters.fi</p>
</text>
<copyright>(c) Reuters Limited 1997</copyright>
<metadata>
<codes class="bip:countries:1.0">
  <code code="FIN">
    <editdetail attribution="Reuters BIP Coding Group" action="confirmed" date="1997-08-19"/>
  </code>
</codes>
<codes class="bip:topics:1.0">
  <code code="M13">
    <editdetail attribution="Reuters BIP Coding Group" action="confirmed" date="1997-08-19"/>
  </code>
  <code code="M131">
    <editdetail attribution="Reuters BIP Coding Group" action="confirmed" date="1997-08-19"/>
  </code>
  <code code="MCAT">
    <editdetail attribution="Reuters BIP Coding Group" action="confirmed" date="1997-08-19"/>
  </code>
</codes>
<dc element="dc.date.created" value="1997-08-19"/>
<dc element="dc.publisher" value="Reuters Holdings Plc"/>
<dc element="dc.date.published" value="1997-08-19"/>
<dc element="dc.source" value="Reuters"/>
<dc element="dc.creator.location" value="HELSINKI"/>
<dc element="dc.creator.location.country.name" value="FINLAND"/>
<dc element="dc.source" value="Reuters"/>
</metadata>
</newsitem>
