<?xml version="1.0" encoding="iso-8859-1" ?>
<newsitem itemid="374204" id="root" date="1997-02-12" xml:lang="en">
<title>PHILIPPINES: Philippine firms sign $300 mln cement venture.</title>
<headline>Philippine firms sign $300 mln cement venture.</headline>
<dateline>MANILA 1997-02-12</dateline>
<text>
<p>Three Philippine companies said they had signed an agreement to participate in the construction of a $300 million cement plant in Cebu island.</p>
<p>Aboitiz Equity Ventures Inc, House of Investment Inc and Pacific Cement Co Inc told the Philippine Stock Exchange on Tuesday they have signed an agreement to form South Western Cement Corp.</p>
<p>On Monday, British building materials group Blue Circle Industries Plc said in London it would hold 20 percent in the joint venture and operate the project and plant.</p>
<p>Japan's Nissho Iwai Corporation and Philippine firm Lo-oc Limestone and Development Corp will also take equity in the project, Aboitiz said.</p>
<p>House of Investments said it would hold a 30 percent equity in South Western Cement while Aboitiz and Pacific Cement said they would each hold 20 percent.</p>
<p>The proposed plant would have a cement capacity of 1.6 million tonnes per annum.</p>
<p>Construction of the plant will start this year and is scheduled to be completed in 1999, House of Investments said.</p>
<p>--Manila newsroom (632) 841-89-36, fax 817-62-67</p>
</text>
<copyright>(c) Reuters Limited 1997</copyright>
<metadata>
<codes class="bip:countries:1.0">
  <code code="PHLNS">
    <editdetail attribution="Reuters BIP Coding Group" action="confirmed" date="1997-02-12"/>
  </code>
</codes>
<codes class="bip:industries:1.0">
  <code code="I24200">
    <editdetail attribution="Reuters BIP Coding Group" action="confirmed" date="1997-02-12"/>
  </code>
  <code code="I37200">
    <editdetail attribution="Reuters BIP Coding Group" action="confirmed" date="1997-02-12"/>
  </code>
  <code code="I81502">
    <editdetail attribution="Reuters BIP Coding Group" action="confirmed" date="1997-02-12"/>
  </code>
  <code code="I83960">
    <editdetail attribution="Reuters BIP Coding Group" action="confirmed" date="1997-02-12"/>
  </code>
</codes>
<codes class="bip:topics:1.0">
  <code code="C11">
    <editdetail attribution="Reuters BIP Coding Group" action="confirmed" date="1997-02-12"/>
  </code>
  <code code="C24">
    <editdetail attribution="Reuters BIP Coding Group" action="confirmed" date="1997-02-12"/>
  </code>
  <code code="CCAT">
    <editdetail attribution="Reuters BIP Coding Group" action="confirmed" date="1997-02-12"/>
  </code>
</codes>
<dc element="dc.date.created" value="1997-02-12"/>
<dc element="dc.publisher" value="Reuters Holdings Plc"/>
<dc element="dc.date.published" value="1997-02-12"/>
<dc element="dc.source" value="Reuters"/>
<dc element="dc.creator.location" value="MANILA"/>
<dc element="dc.creator.location.country.name" value="PHILIPPINES"/>
<dc element="dc.source" value="Reuters"/>
</metadata>
</newsitem>
