<?xml version="1.0" encoding="iso-8859-1" ?>
<newsitem itemid="496363" id="root" date="1997-04-09" xml:lang="en">
<title>POLAND: Komunalny bank to boost conv bond issue.</title>
<headline>Komunalny bank to boost conv bond issue.</headline>
<dateline>WARSAW 1997-04-09</dateline>
<text>
<p>Polish Bank Komunalny SA wants to increase its upcoming convertible two-year bond issue to 82.7 million zlotys from the earlier planned 50 million zlotys, the bank said on Wednesday.</p>
<p>The bonds, of 1,000 zlotys each, would be subject to approval by the general shareholders' meeting on April 21.</p>
<p>The bank plans to issue 3.06 million new shares for the bonds. @</p>
<p>The bonds' conversion price would be at least 23 zlotys plus 15 percent. If unconverted, the bonds would carry six-percent interest. -- Warsaw Newsroom +48 22 653 9700</p>
</text>
<copyright>(c) Reuters Limited 1997</copyright>
<metadata>
<codes class="bip:countries:1.0">
  <code code="POL">
    <editdetail attribution="Reuters BIP Coding Group" action="confirmed" date="1997-04-09"/>
  </code>
</codes>
<codes class="bip:industries:1.0">
  <code code="I81402">
    <editdetail attribution="Reuters BIP Coding Group" action="confirmed" date="1997-04-09"/>
  </code>
</codes>
<codes class="bip:topics:1.0">
  <code code="C17">
    <editdetail attribution="Reuters BIP Coding Group" action="confirmed" date="1997-04-09"/>
  </code>
  <code code="C172">
    <editdetail attribution="Reuters BIP Coding Group" action="confirmed" date="1997-04-09"/>
  </code>
  <code code="CCAT">
    <editdetail attribution="Reuters BIP Coding Group" action="confirmed" date="1997-04-09"/>
  </code>
</codes>
<dc element="dc.date.created" value="1997-04-09"/>
<dc element="dc.publisher" value="Reuters Holdings Plc"/>
<dc element="dc.date.published" value="1997-04-09"/>
<dc element="dc.source" value="Reuters"/>
<dc element="dc.creator.location" value="WARSAW"/>
<dc element="dc.creator.location.country.name" value="POLAND"/>
<dc element="dc.source" value="Reuters"/>
</metadata>
</newsitem>
