<?xml version="1.0" encoding="iso-8859-1" ?>
<newsitem itemid="738845" id="root" date="1997-07-18" xml:lang="en">
<title>CZECH REPUBLIC: Czech cen bank o/n repo avg rate 16.30 pct.</title>
<headline>Czech cen bank o/n repo avg rate 16.30 pct.</headline>
<dateline>PRAGUE 1997-07-18</dateline>
<text>
<p>Average rate in a Czech National Bank (CNB) overnight repo tender adding liquidity to the market was 16.30 percent, equal to the minimum rate offered by the CNB, the central bank said.</p>
<p>It said the maximum yield was 16.32 percent.</p>
<p>-- Prague Newsroom, 420-2-2423-0003</p>
</text>
<copyright>(c) Reuters Limited 1997</copyright>
<metadata>
<codes class="bip:countries:1.0">
  <code code="CZREP">
    <editdetail attribution="Reuters BIP Coding Group" action="confirmed" date="1997-07-18"/>
  </code>
</codes>
<codes class="bip:topics:1.0">
  <code code="M13">
    <editdetail attribution="Reuters BIP Coding Group" action="confirmed" date="1997-07-18"/>
  </code>
  <code code="M131">
    <editdetail attribution="Reuters BIP Coding Group" action="confirmed" date="1997-07-18"/>
  </code>
  <code code="MCAT">
    <editdetail attribution="Reuters BIP Coding Group" action="confirmed" date="1997-07-18"/>
  </code>
</codes>
<dc element="dc.date.created" value="1997-07-18"/>
<dc element="dc.publisher" value="Reuters Holdings Plc"/>
<dc element="dc.date.published" value="1997-07-18"/>
<dc element="dc.source" value="Reuters"/>
<dc element="dc.creator.location" value="PRAGUE"/>
<dc element="dc.creator.location.country.name" value="CZECH REPUBLIC"/>
<dc element="dc.source" value="Reuters"/>
</metadata>
</newsitem>
