<?xml version="1.0" encoding="iso-8859-1" ?>
<newsitem itemid="197679" id="root" date="1996-11-18" xml:lang="en">
<title>DUBAI: BCCI first payout in December - UAE bank governor.</title>
<headline>BCCI first payout in December - UAE bank governor.</headline>
<dateline>DUBAI 1996-11-18</dateline>
<text>
<p>First payment to depositors and creditors of the failed Bank of Credit and Commerce International (BCCI) will be made in December, the United Arab Emirates central bank governor was quoted on Monday as saying.</p>
<p>&quot;First payment will be made to depositors and creditors worldwide at the same time&quot; UAE newspapers quoted Central Bank governer Sultan al-Suweidi as saying.</p>
<p>&quot;The payout will range between 15 and 18 percent of total sums owed to depositors,&quot; he said.</p>
<p>Officials and bankers close to the case were not immediately available for comments.</p>
<p>BCCI, which was founded in 1972 in Luxembourg, was closed by central banks in 1991 and collapsed with debts of more than $12 billion on total deposits of $20 billion when evidence of huge fraud and money laundering was unearthed. Depositors have been fighting to recoup their losses ever since.</p>
<p>Liquidators of the failed bank in May said an agreement with the majority shareholder, the Abu Dhabi government, in which Abu Dhabi would pay $1.8 billion into a pool for distribution to creditors and depositors was a major step towards paying a first dividend to about 250,000 BCCI creditors worldwide.</p>
<p>Along with the UAE where about 45,000 creditors are owed nearly five billion dirhams ($1.34 billion), the largest concentration of creditors is in Britain.</p>
</text>
<copyright>(c) Reuters Limited 1996</copyright>
<metadata>
<codes class="bip:countries:1.0">
  <code code="LUX">
    <editdetail attribution="Reuters BIP Coding Group" action="confirmed" date="1996-11-18"/>
  </code>
  <code code="UAE">
    <editdetail attribution="Reuters BIP Coding Group" action="confirmed" date="1996-11-18"/>
  </code>
</codes>
<codes class="bip:industries:1.0">
  <code code="I81402">
    <editdetail attribution="Reuters BIP Coding Group" action="confirmed" date="1996-11-18"/>
  </code>
</codes>
<codes class="bip:topics:1.0">
  <code code="C15">
    <editdetail attribution="Reuters BIP Coding Group" action="confirmed" date="1996-11-18"/>
  </code>
  <code code="C151">
    <editdetail attribution="Reuters BIP Coding Group" action="confirmed" date="1996-11-18"/>
  </code>
  <code code="C16">
    <editdetail attribution="Reuters BIP Coding Group" action="confirmed" date="1996-11-18"/>
  </code>
  <code code="CCAT">
    <editdetail attribution="Reuters BIP Coding Group" action="confirmed" date="1996-11-18"/>
  </code>
</codes>
<dc element="dc.date.created" value="1996-11-18"/>
<dc element="dc.publisher" value="Reuters Holdings Plc"/>
<dc element="dc.date.published" value="1996-11-18"/>
<dc element="dc.source" value="Reuters"/>
<dc element="dc.creator.location" value="DUBAI"/>
<dc element="dc.creator.location.country.name" value="DUBAI"/>
<dc element="dc.source" value="Reuters"/>
</metadata>
</newsitem>
