<?xml version="1.0" encoding="iso-8859-1" ?>
<newsitem itemid="488669" id="root" date="1997-04-04" xml:lang="en">
<title>INDONESIA: Indonesian rupiah stabilises, sentiment mixed.</title>
<headline>Indonesian rupiah stabilises, sentiment mixed.</headline>
<dateline>JAKARTA 1997-04-04</dateline>
<text>
<p>Indonesia's rupiah stabilised against the dollar in calmer late trading on Friday after a volatile morning, but sentiment remained mixed, dealers said.</p>
<p>&quot;It's a crazy day. The rates are like a yo-yo but we saw concerted local action against offshore players which seems to be successful for now,&quot; one Japanese bank dealer said.</p>
<p>He said domestic players appeared to have succesfully countered a moderate foreign attack and defended the rupiah well. &quot;It's a good fight from Jakarta. We saw plenty of dollar selling from Jakarta. They absorbed Singapore shots well and made a good stance,&quot; one Singapore dealer said.</p>
</text>
<copyright>(c) Reuters Limited 1997</copyright>
<metadata>
<codes class="bip:countries:1.0">
  <code code="INDON">
    <editdetail attribution="Reuters BIP Coding Group" action="confirmed" date="1997-04-04"/>
  </code>
</codes>
<codes class="bip:topics:1.0">
  <code code="M13">
    <editdetail attribution="Reuters BIP Coding Group" action="confirmed" date="1997-04-04"/>
  </code>
  <code code="M132">
    <editdetail attribution="Reuters BIP Coding Group" action="confirmed" date="1997-04-04"/>
  </code>
  <code code="MCAT">
    <editdetail attribution="Reuters BIP Coding Group" action="confirmed" date="1997-04-04"/>
  </code>
</codes>
<dc element="dc.date.created" value="1997-04-04"/>
<dc element="dc.publisher" value="Reuters Holdings Plc"/>
<dc element="dc.date.published" value="1997-04-04"/>
<dc element="dc.source" value="Reuters"/>
<dc element="dc.creator.location" value="JAKARTA"/>
<dc element="dc.creator.location.country.name" value="INDONESIA"/>
<dc element="dc.source" value="Reuters"/>
</metadata>
</newsitem>
