<?xml version="1.0" encoding="iso-8859-1" ?>
<newsitem itemid="264178" id="root" date="1996-12-18" xml:lang="en">
<title>USA: NOTICE OF SALE - Cobleskill-Richmondville CSD, NY.</title>
<headline>NOTICE OF SALE - Cobleskill-Richmondville CSD, NY.</headline>
<text>
<p>SUMMARY NOTICE OF BOND SALE</p>
<p>				  $4,700,000</p>
<p>COBLESKILL-RICHMONDVILLE CENTRAL SCHOOL DISTRICT SCHOHARIE,</p>
<p>	     OTSEGO AND MONTGOMERY COUNTIES, NEW YORK</p>
<p>GENERAL OBLIGATION SCHOOL DISTRICT (SERIAL) BONDS, 1997</p>
<p>		  (BOOK-ENTRY-ONLY)  (BANK QUALIFIED)</p>
<p>SEALED PROPOSALS will  be received  and considered  by the  President  of  the   Board  of   Education  of   Cobleskill-</p>
<p>Richmondville Central School District, Schoharie, Otsego and Montgomery Counties,  New  York  at  the  offices  of  Chase Investment Services  Corp.,  Fixed Income  Department,  21st  Floor, One Chase Square, Rochester, New York   14643,  until</p>
<p>11:00 A.M., Prevailing Time, on</p>
<p>			    Tuesday, January 7, 1997</p>
<p>at which time  and place the  bids will be  opened, for  the purchase IN FEDERAL FUNDS at not  less than par and  accrued interest of $4,700,000 School District (Serial) Bonds, 1997, (the &quot;Bonds&quot;), maturing (without option of prior redemption) on June 15 of each year as follows:</p>
<p>				   MATURITIES</p>
<p>  1998 . . . . . $275,000	    2003 . . . . . $325,000</p>
<p>2008 . . . . . $325,000</p>
<p>  1999 . . . . .  .275,000	   2004 . . . . .  .325,000</p>
<p>2009 . . . . . .325,000</p>
<p>  2000 . . . . .  .300,000	   2005 . . . . .  .325,000</p>
<p>2010 . . . . . .325,000</p>
<p>  2001 . . . . .  .300,000	   2006 . . . . .  .325,000</p>
<p>2011 . . . . . .325,000</p>
<p>  2002 . . . . .  .300,000	   2007 . . . . .  .325,000</p>
<p>2012 . . . . . .325,000</p>
<p>The Bonds will  be dated  January 15,  1997 and  will bear interest payable semi annually on June 15 and December 15 of each year commencing June 15, 1997.</p>
<p>The Bonds  will  be  awarded  to  the bidder  offering  to purchase the Bonds at such rate or rates of interest as will produce the lowest net interest cost in accordance with  the terms set forth in the Notice of Sale.</p>
<p>The School District will designate the Bonds as &quot;qualified tax-exempt obligations&quot; pursuant to Section 265(b)(3) of the Internal Revenue Code of 1986, as amended.</p>
<p>The Bonds  will be  issued by  means of  a book-entry-only system with  The Depository  Trust  Company, New  York,  New York, which will act as securities depository for the Bonds. The School District will furnish the Bonds and the approving legal opinion of Hodgson,  Russ, Andrews, Woods &amp;  Goodyear, LLP, Albany, New York, on or about January 28, 1997.</p>
<p>The School District reserves the right  to change the time and/or date for  the opening of  bids.  Notice  of any  such change shall be provided not less than 48 hours prior to the time set forth above for the  opening of bids by means of  a supplemental notice  of  sale  to be  transmitted  over  The Munifacts Wire.</p>
<p>  Requests  for  copies   of  the  Notice   of  Sale  herein</p>
<p>summarized and the Official Statement relating to the  Bonds</p>
<p>and such  other information  as  the State  Comptroller prescribe by rule  or order may  be directed  to Bernard  P.  Donegan, Inc., PO  Box 70, Victor,  New York   14564;  Phone</p>
<p>(716) 924-2145; Fax (716) 924 4636.</p>
<p>  Dated:			     December 24, 1996   Edward  J.</p>
<p>Zuchorski, Jr.</p>
<p>	  Cobleskill, New York  President, Board of Education</p>
<p>			  (From The Bond Buyer)</p>
</text>
<copyright>(c) Reuters Limited 1996</copyright>
<metadata>
<codes class="bip:countries:1.0">
  <code code="USA">
    <editdetail attribution="Reuters BIP Coding Group" action="confirmed" date="1996-12-18"/>
  </code>
</codes>
<codes class="bip:topics:1.0">
  <code code="E21">
    <editdetail attribution="Reuters BIP Coding Group" action="confirmed" date="1996-12-18"/>
  </code>
  <code code="E212">
    <editdetail attribution="Reuters BIP Coding Group" action="confirmed" date="1996-12-18"/>
  </code>
  <code code="ECAT">
    <editdetail attribution="Reuters BIP Coding Group" action="confirmed" date="1996-12-18"/>
  </code>
</codes>
<dc element="dc.publisher" value="Reuters Holdings Plc"/>
<dc element="dc.date.published" value="1996-12-18"/>
<dc element="dc.source" value="Reuters"/>
<dc element="dc.creator.location.country.name" value="USA"/>
<dc element="dc.source" value="Reuters"/>
</metadata>
</newsitem>
