<?xml version="1.0" encoding="iso-8859-1" ?>
<newsitem itemid="753975" id="root" date="1997-07-24" xml:lang="en">
<title>USA: TABLE - Cambex Corp Q2 shr loss vs profit.</title>
<headline>TABLE - Cambex Corp Q2 shr loss vs profit.</headline>
<dateline>WALTHAM, Mass. 1997-07-23</dateline>
<text>
<p>For the quarter ended	 For six months ended</p>
<p>		   Jun 28,	Jun 29,	 Jun 28,     Jun 29,</p>
<p>		     1997	   1996	    1997	  1996</p>
<p> Revenues  $ 4,376,000  $ 7,124,000   $ 7,403,000$ 15,143,000</p>
<p>Cost of</p>
<p>   Sales     2,851,000    3,334,000     4,699,000   7,816,000</p>
<p>Operating</p>
<p>   Expenses  2,088,000    3,207,000     4,431,000   7,115,000</p>
<p>Other</p>
<p>  Expense	 20,000	379,000	  68,000     997,000</p>
<p>Income (loss)</p>
<p>before Income</p>
<p>  Taxes	(583,000)	204,000   (1,795,000)   (783,000)</p>
<p>Provision</p>
<p>(Credit) for</p>
<p>  Income Taxes	 0		0		 0	     0</p>
<p>Net Income</p>
<p>  (Loss)     (583,000)	204,000   (1,795,000)   (783,000)</p>
<p>Net Income</p>
<p>(Loss) Per</p>
<p>  Common Share  (0.06)	   0.02	  (0.20)	(0.09)</p>
<p>Weighted Average</p>
<p>Shares</p>
<p>Outstanding</p>
<p>		 9,080,000    8,975,000     9,080,000   8,950,000</p>
<p>((-- New York Newsdesk 212-859-1610))</p>
</text>
<copyright>(c) Reuters Limited 1997</copyright>
<metadata>
<codes class="bip:countries:1.0">
  <code code="USA">
    <editdetail attribution="Reuters BIP Coding Group" action="confirmed" date="1997-07-24"/>
  </code>
</codes>
<codes class="bip:industries:1.0">
  <code code="I33020">
    <editdetail attribution="Reuters BIP Coding Group" action="confirmed" date="1997-07-24"/>
  </code>
  <code code="I3302004">
    <editdetail attribution="Reuters BIP Coding Group" action="confirmed" date="1997-07-24"/>
  </code>
</codes>
<codes class="bip:topics:1.0">
  <code code="C15">
    <editdetail attribution="Reuters BIP Coding Group" action="confirmed" date="1997-07-24"/>
  </code>
  <code code="C151">
    <editdetail attribution="Reuters BIP Coding Group" action="confirmed" date="1997-07-24"/>
  </code>
  <code code="CCAT">
    <editdetail attribution="Reuters BIP Coding Group" action="confirmed" date="1997-07-24"/>
  </code>
</codes>
<dc element="dc.date.created" value="1997-07-23"/>
<dc element="dc.publisher" value="Reuters Holdings Plc"/>
<dc element="dc.date.published" value="1997-07-24"/>
<dc element="dc.source" value="Reuters"/>
<dc element="dc.creator.location" value="WALTHAM, Mass."/>
<dc element="dc.creator.location.country.name" value="USA"/>
<dc element="dc.source" value="Reuters"/>
</metadata>
</newsitem>
