<?xml version="1.0" encoding="iso-8859-1" ?>
<newsitem itemid="384870" id="root" date="1997-02-18" xml:lang="en">
<title>USA: CSCE to raise margins on &quot;C&quot; coffee futures.</title>
<headline>CSCE to raise margins on &quot;C&quot; coffee futures.</headline>
<dateline>NEW YORK 1997-02-18</dateline>
<text>
<p>The Coffee, Sugar and Cocoa Exchange Inc said Tuesday it will raise margins on the March 1997 &quot;C&quot; coffee contract by $500, to $5,000, effective February 19.</p>
<p>Margins on May 1997 &quot;C&quot; coffee contracts will be increased by $1,000, to $4,000, the exchange said in a statement.</p>
<p>The CSCE said margins on all other coffee contracts will be raised by $500, to $3,000.</p>
<p>The changes come on the heels of two margin increases in February. Last week, the exchange raised the the March margins by $1,000.</p>
<p>In addition, CSCE said that as of February 19 it will increase trade margins on all straddle and arbitrage transactions between the March 1997 and May 1997 contracts by $500, to $4,000. Margins on all other straddle and arbitrage transactions involving the May 1997 contract will increase by $500 to $2,000.</p>
<p>For customers who are not exchange members or a member of the trade, margins will be 140 percent above trade rates, CSCE said.</p>
<p>((--Patricia Avidan, New York Commodities Desk, 212 859 1640))</p>
</text>
<copyright>(c) Reuters Limited 1997</copyright>
<metadata>
<codes class="bip:countries:1.0">
  <code code="USA">
    <editdetail attribution="Reuters BIP Coding Group" action="confirmed" date="1997-02-18"/>
  </code>
</codes>
<codes class="bip:topics:1.0">
  <code code="M14">
    <editdetail attribution="Reuters BIP Coding Group" action="confirmed" date="1997-02-18"/>
  </code>
  <code code="M141">
    <editdetail attribution="Reuters BIP Coding Group" action="confirmed" date="1997-02-18"/>
  </code>
  <code code="MCAT">
    <editdetail attribution="Reuters BIP Coding Group" action="confirmed" date="1997-02-18"/>
  </code>
</codes>
<dc element="dc.date.created" value="1997-02-18"/>
<dc element="dc.publisher" value="Reuters Holdings Plc"/>
<dc element="dc.date.published" value="1997-02-18"/>
<dc element="dc.source" value="Reuters"/>
<dc element="dc.creator.location" value="NEW YORK"/>
<dc element="dc.creator.location.country.name" value="USA"/>
<dc element="dc.source" value="Reuters"/>
</metadata>
</newsitem>
