<?xml version="1.0" encoding="iso-8859-1" ?>
<newsitem itemid="370165" id="root" date="1997-02-11" xml:lang="en">
<title>USA: Playtex may hit '97 double-digit EPS growth.</title>
<headline>Playtex may hit '97 double-digit EPS growth.</headline>
<dateline>WESTPORT, Conn. 1997-02-11</dateline>
<text>
<p>Playtex Products Inc chief executive officer Michael Gallagher said the company should be able to reach double-digit earnings growth this year.</p>
<p>&quot;I believe the stage is set for us to realize continued double-digit growth in infant care and Sun Care (businesses), while achieving modest growth in feminine care and household products,&quot; said Gallagher.</p>
<p>&quot;If we are successful in accomplishing these goals -- while continuing to hold our promotional and overhead spending in line as we did in the fourth quarter -- we should be able to deliver attractive double-digit growth in earnings per share in 1997 and beyond.&quot;</p>
<p>Playtex manufactures and distributes a variety of personal care products.</p>
</text>
<copyright>(c) Reuters Limited 1997</copyright>
<metadata>
<codes class="bip:countries:1.0">
  <code code="USA">
    <editdetail attribution="Reuters BIP Coding Group" action="confirmed" date="1997-02-11"/>
  </code>
</codes>
<codes class="bip:industries:1.0">
  <code code="I47200">
    <editdetail attribution="Reuters BIP Coding Group" action="confirmed" date="1997-02-11"/>
  </code>
</codes>
<codes class="bip:topics:1.0">
  <code code="C15">
    <editdetail attribution="Reuters BIP Coding Group" action="confirmed" date="1997-02-11"/>
  </code>
  <code code="C152">
    <editdetail attribution="Reuters BIP Coding Group" action="confirmed" date="1997-02-11"/>
  </code>
  <code code="CCAT">
    <editdetail attribution="Reuters BIP Coding Group" action="confirmed" date="1997-02-11"/>
  </code>
</codes>
<dc element="dc.date.created" value="1997-02-11"/>
<dc element="dc.publisher" value="Reuters Holdings Plc"/>
<dc element="dc.date.published" value="1997-02-11"/>
<dc element="dc.source" value="Reuters"/>
<dc element="dc.creator.location" value="WESTPORT, Conn."/>
<dc element="dc.creator.location.country.name" value="USA"/>
<dc element="dc.source" value="Reuters"/>
</metadata>
</newsitem>
