<?xml version="1.0" encoding="iso-8859-1" ?>
<newsitem itemid="159469" id="root" date="1996-11-01" xml:lang="en">
<title>SOUTH AFRICA: SPURHOLD HALF-YEAR SHR UP 23 PERCENT.</title>
<headline>SPURHOLD HALF-YEAR SHR UP 23 PERCENT.</headline>
<dateline>JOHANNESBURG 1996-11-01</dateline>
<text>
<p>Half year ended August 31 </p>
<p>			(million rand unless stated)	 </p>
<p>    Shr, attrib (cts)     32.24	 vs 26.31</p>
<p>    Div (cts)		 20.50	 vs 17.00</p>
<p>    Attrib income	   5.26	  vs 4.23</p>
<p>    Pre-tax		   13.47	 vs 11.93</p>
<p>    Tax			 5.12	  vs 5.29</p>
<p>    Turnover		  35.89	 vs 29.22</p>
<p>Div payable November 29</p>
<p>on register November 15</p>
<p>Full name: Spur Holdings Ltd (fast food retailer)</p>
<p>-- Johannesburg newsroom +27 11 482 1003</p>
</text>
<copyright>(c) Reuters Limited 1996</copyright>
<metadata>
<codes class="bip:countries:1.0">
  <code code="SAFR">
    <editdetail attribution="Reuters BIP Coding Group" action="confirmed" date="1996-11-01"/>
  </code>
</codes>
<codes class="bip:topics:1.0">
  <code code="C15">
    <editdetail attribution="Reuters BIP Coding Group" action="confirmed" date="1996-11-01"/>
  </code>
  <code code="C151">
    <editdetail attribution="Reuters BIP Coding Group" action="confirmed" date="1996-11-01"/>
  </code>
  <code code="CCAT">
    <editdetail attribution="Reuters BIP Coding Group" action="confirmed" date="1996-11-01"/>
  </code>
</codes>
<dc element="dc.date.created" value="1996-11-01"/>
<dc element="dc.publisher" value="Reuters Holdings Plc"/>
<dc element="dc.date.published" value="1996-11-01"/>
<dc element="dc.source" value="Reuters"/>
<dc element="dc.creator.location" value="JOHANNESBURG"/>
<dc element="dc.creator.location.country.name" value="SOUTH AFRICA"/>
<dc element="dc.source" value="Reuters"/>
</metadata>
</newsitem>
