<?xml version="1.0" encoding="iso-8859-1" ?>
<newsitem itemid="622946" id="root" date="1997-05-29" xml:lang="en">
<title>LITHUANIA: LOANS GROW IN LITHUANIAN BANKING SECTOR.</title>
<headline>LOANS GROW IN LITHUANIAN BANKING SECTOR.</headline>
<dateline>VILNIUS 1997-05-29</dateline>
<text>
<p>Loans in Lithuania's banking sector grew in April to 2.612 billion litas from 2.590 billion litas, the country's central bank said on Thursday.  </p>
<p>The central bank said in a statement that loans in foreign currencies rose to 1.585 billion litas from 1.576 billion litas.</p>
<p>Interbank loans fell to 16.5 million litas from 23.0 million litas.</p>
<p>The average annual interest rate dipped to 15.4 percent from 16.7 percent. </p>
<p>-- Andrius Vilkancas, Vilnius newsroom +370 2 22 35 18</p>
</text>
<copyright>(c) Reuters Limited 1997</copyright>
<metadata>
<codes class="bip:countries:1.0">
  <code code="LITH">
    <editdetail attribution="Reuters BIP Coding Group" action="confirmed" date="1997-05-29"/>
  </code>
</codes>
<codes class="bip:industries:1.0">
  <code code="I81402">
    <editdetail attribution="Reuters BIP Coding Group" action="confirmed" date="1997-05-29"/>
  </code>
</codes>
<codes class="bip:topics:1.0">
  <code code="C31">
    <editdetail attribution="Reuters BIP Coding Group" action="confirmed" date="1997-05-29"/>
  </code>
  <code code="CCAT">
    <editdetail attribution="Reuters BIP Coding Group" action="confirmed" date="1997-05-29"/>
  </code>
</codes>
<dc element="dc.date.created" value="1997-05-29"/>
<dc element="dc.publisher" value="Reuters Holdings Plc"/>
<dc element="dc.date.published" value="1997-05-29"/>
<dc element="dc.source" value="Reuters"/>
<dc element="dc.creator.location" value="VILNIUS"/>
<dc element="dc.creator.location.country.name" value="LITHUANIA"/>
<dc element="dc.source" value="Reuters"/>
</metadata>
</newsitem>
