<?xml version="1.0" encoding="iso-8859-1" ?>
<newsitem itemid="454159" id="root" date="1997-03-19" xml:lang="en">
<title>USA: USWC crude jumps with WTI in otherwise thin trade.</title>
<headline>USWC crude jumps with WTI in otherwise thin trade.</headline>
<dateline>LOS ANGELES 1997-03-18</dateline>
<text>
<p>U.S. West Coast crude prices jumped Tuesday with West Texas Intermediate (WTI), after a barge accident and technical rally lifted futures markets, players said.</p>
<p>Talk was thin Tuesday, with most West Coast crude traders attending an industry function which runs through Tuesday.</p>
<p>Discounts for light grades were unchanged from Friday, with Alaska North Slope (ANS) last done at -$0.91 cents off WTI. Line 63 prices were idle at postings plus $0.95 to $1.00.</p>
<p>Technical strength and a shutdown of barge traffic on the Mississippi River sent NYMEX crude prices up $1.14 a barrel.</p>
</text>
<copyright>(c) Reuters Limited 1997</copyright>
<metadata>
<codes class="bip:countries:1.0">
  <code code="USA">
    <editdetail attribution="Reuters BIP Coding Group" action="confirmed" date="1997-03-19"/>
  </code>
</codes>
<codes class="bip:topics:1.0">
  <code code="M14">
    <editdetail attribution="Reuters BIP Coding Group" action="confirmed" date="1997-03-19"/>
  </code>
  <code code="M143">
    <editdetail attribution="Reuters BIP Coding Group" action="confirmed" date="1997-03-19"/>
  </code>
  <code code="MCAT">
    <editdetail attribution="Reuters BIP Coding Group" action="confirmed" date="1997-03-19"/>
  </code>
</codes>
<dc element="dc.date.created" value="1997-03-18"/>
<dc element="dc.publisher" value="Reuters Holdings Plc"/>
<dc element="dc.date.published" value="1997-03-19"/>
<dc element="dc.source" value="Reuters"/>
<dc element="dc.creator.location" value="LOS ANGELES"/>
<dc element="dc.creator.location.country.name" value="USA"/>
<dc element="dc.source" value="Reuters"/>
</metadata>
</newsitem>
