<?xml version="1.0" encoding="iso-8859-1" ?>
<newsitem itemid="491571" id="root" date="1997-04-07" xml:lang="en">
<title>SRI LANKA: Mauritius foreign minister to visit Sri Lanka.</title>
<headline>Mauritius foreign minister to visit Sri Lanka.</headline>
<dateline>COLOMBO 1997-04-07</dateline>
<text>
<p>Mauritius Deputy Prime Minister and Foreign Affairs Minister Paul Raymond Berenger will visit Sri Lanka from April 10-13, the Foreign Ministry said on Monday.</p>
<p>Berenger, the current chairman of the Indian Ocean Rim Association for Regional Co-operation, will hold talks with Foreign Minister Lakshman Kadirgamar, the ministry said in a statement.</p>
<p>The Mauritian minister will also call on Sri Lankan Prime Minister Sirima Bandaranaike, Justice Minister G.L. Peiris and opposition leader Ranil Wickremesinghe, it said.</p>
</text>
<copyright>(c) Reuters Limited 1997</copyright>
<metadata>
<codes class="bip:countries:1.0">
  <code code="MAURTS">
    <editdetail attribution="Reuters BIP Coding Group" action="confirmed" date="1997-04-07"/>
  </code>
  <code code="SRILAN">
    <editdetail attribution="Reuters BIP Coding Group" action="confirmed" date="1997-04-07"/>
  </code>
</codes>
<codes class="bip:topics:1.0">
  <code code="GCAT">
    <editdetail attribution="Reuters BIP Coding Group" action="confirmed" date="1997-04-07"/>
  </code>
  <code code="GDIP">
    <editdetail attribution="Reuters BIP Coding Group" action="confirmed" date="1997-04-07"/>
  </code>
</codes>
<dc element="dc.date.created" value="1997-04-07"/>
<dc element="dc.publisher" value="Reuters Holdings Plc"/>
<dc element="dc.date.published" value="1997-04-07"/>
<dc element="dc.source" value="Reuters"/>
<dc element="dc.creator.location" value="COLOMBO"/>
<dc element="dc.creator.location.country.name" value="SRI LANKA"/>
<dc element="dc.source" value="Reuters"/>
</metadata>
</newsitem>
