<?xml version="1.0" encoding="iso-8859-1" ?>
<newsitem itemid="557820" id="root" date="1997-05-02" xml:lang="en">
<title>SWEDEN: Moody's confirms Nokia ratings.</title>
<headline>Moody's confirms Nokia ratings.</headline>
<dateline>STOCKHOLM 1997-05-02</dateline>
<text>
<p>U.S. credit ratings agency Moody's on Friday confirmed the Prime-1 short term ratings for Nokia Corporation and its guaranteed subsidiaries for commercial paper.</p>
<p>&quot;The ratings are based on Nokia's leading position in the fast growing market for digital mobile telephone equipment and hand-sets, its technological edge in mobile data communications and its strong cash flow that, to date, has allowed (Nokia) to achieve a sound capital structure,&quot; Moody's said in a statement.  </p>
<p>&quot;Nokia's key challenges will be to keep production capacities in line with shifts in customer demand, to broaden its product range in this dynamic marketplace and, longer term, to defend its technological edge against larger competitors in a consolidating and technologically evolving industry,&quot; it said.</p>
<p>Moody's also said that it would become difficult for Nokia to avoid assisting its customers with financing because of competitive reasons, which will result in increasing use of Nokia's debt capacity.</p>
<p>-- Abigail Schmelz, Stockholm newsroom +46-8-700-1003</p>
</text>
<copyright>(c) Reuters Limited 1997</copyright>
<metadata>
<codes class="bip:countries:1.0">
  <code code="FIN">
    <editdetail attribution="Reuters BIP Coding Group" action="confirmed" date="1997-05-02"/>
  </code>
  <code code="SWED">
    <editdetail attribution="Reuters BIP Coding Group" action="confirmed" date="1997-05-02"/>
  </code>
  <code code="USA">
    <editdetail attribution="Reuters BIP Coding Group" action="confirmed" date="1997-05-02"/>
  </code>
</codes>
<codes class="bip:industries:1.0">
  <code code="I34400">
    <editdetail attribution="Reuters BIP Coding Group" action="confirmed" date="1997-05-02"/>
  </code>
</codes>
<codes class="bip:topics:1.0">
  <code code="C17">
    <editdetail attribution="Reuters BIP Coding Group" action="confirmed" date="1997-05-02"/>
  </code>
  <code code="C174">
    <editdetail attribution="Reuters BIP Coding Group" action="confirmed" date="1997-05-02"/>
  </code>
  <code code="CCAT">
    <editdetail attribution="Reuters BIP Coding Group" action="confirmed" date="1997-05-02"/>
  </code>
</codes>
<dc element="dc.date.created" value="1997-05-02"/>
<dc element="dc.publisher" value="Reuters Holdings Plc"/>
<dc element="dc.date.published" value="1997-05-02"/>
<dc element="dc.source" value="Reuters"/>
<dc element="dc.creator.location" value="STOCKHOLM"/>
<dc element="dc.creator.location.country.name" value="SWEDEN"/>
<dc element="dc.source" value="Reuters"/>
</metadata>
</newsitem>
