<?xml version="1.0" encoding="iso-8859-1" ?>
<newsitem itemid="631912" id="root" date="1997-06-02" xml:lang="en">
<title>FRANCE: Bank of France holds intervention rate unchanged.</title>
<headline>Bank of France holds intervention rate unchanged.</headline>
<dateline>PARIS 1997-06-02</dateline>
<text>
<p>The Bank of France said on Monday it was leaving its intervention rate unchanged at 3.10 percent at a money market tender.</p>
<p>Economists had not expected a cut.</p>
<p>The Bank continued to post its five-to-10 day rate at 4.60 percent.</p>
<p>The intervention rate, at which the central bank allocates repo funds, was last cut -- from 3.15 percent -- on January 30, 1997. The Bank last cut its five-to-10 day emergency lending rate, by 15 basis points from 4.75 percent, on December 17, 1996.</p>
<p>-- Paris Newsroom +33 1 4221 5452</p>
</text>
<copyright>(c) Reuters Limited 1997</copyright>
<metadata>
<codes class="bip:countries:1.0">
  <code code="FRA">
    <editdetail attribution="Reuters BIP Coding Group" action="confirmed" date="1997-06-02"/>
  </code>
</codes>
<codes class="bip:topics:1.0">
  <code code="E12">
    <editdetail attribution="Reuters BIP Coding Group" action="confirmed" date="1997-06-02"/>
  </code>
  <code code="ECAT">
    <editdetail attribution="Reuters BIP Coding Group" action="confirmed" date="1997-06-02"/>
  </code>
  <code code="M13">
    <editdetail attribution="Reuters BIP Coding Group" action="confirmed" date="1997-06-02"/>
  </code>
  <code code="M131">
    <editdetail attribution="Reuters BIP Coding Group" action="confirmed" date="1997-06-02"/>
  </code>
  <code code="MCAT">
    <editdetail attribution="Reuters BIP Coding Group" action="confirmed" date="1997-06-02"/>
  </code>
</codes>
<dc element="dc.date.created" value="1997-06-02"/>
<dc element="dc.publisher" value="Reuters Holdings Plc"/>
<dc element="dc.date.published" value="1997-06-02"/>
<dc element="dc.source" value="Reuters"/>
<dc element="dc.creator.location" value="PARIS"/>
<dc element="dc.creator.location.country.name" value="FRANCE"/>
<dc element="dc.source" value="Reuters"/>
</metadata>
</newsitem>
