<?xml version="1.0" encoding="iso-8859-1" ?>
<newsitem itemid="11047" id="root" date="1996-08-23" xml:lang="en">
<title>RUSSIA: Russia to cut '97 domestic borrowing, raise foreign.</title>
<headline>Russia to cut '97 domestic borrowing, raise foreign.</headline>
<dateline>MOSCOW 1996-08-23</dateline>
<text>
<p>Russia will cut its domestic borrowing to 48.50 trillion roubles in 1997 from 56.10 trillion in 1996 but will increase its borrowing on international markets, a finance ministry expert said on Friday.</p>
<p>The 1997 draft budget provides for a deficit of 89.10 trillion roubles and Russia plans to borrow 40.60 trillion roubles on international markets, including loans from the International Monetary Fund, Arkady Dvorkovich told Reuters.</p>
<p>&quot;The goal is to make investment in industry more attractive than investment in government securities,&quot; he said.</p>
<p>The 1997 draft budget is to be submitted to the State Duma lower house on August 31.</p>
<p>--Julie Tolkacheva, Moscow Newsroom, +7095 941 8520</p>
</text>
<copyright>(c) Reuters Limited 1996</copyright>
<metadata>
<codes class="bip:countries:1.0">
  <code code="RUSS">
    <editdetail attribution="Reuters BIP Coding Group" action="confirmed" date="1996-08-23"/>
  </code>
</codes>
<codes class="bip:topics:1.0">
  <code code="E21">
    <editdetail attribution="Reuters BIP Coding Group" action="confirmed" date="1996-08-23"/>
  </code>
  <code code="E212">
    <editdetail attribution="Reuters BIP Coding Group" action="confirmed" date="1996-08-23"/>
  </code>
  <code code="ECAT">
    <editdetail attribution="Reuters BIP Coding Group" action="confirmed" date="1996-08-23"/>
  </code>
</codes>
<dc element="dc.date.created" value="1996-08-23"/>
<dc element="dc.publisher" value="Reuters Holdings Plc"/>
<dc element="dc.date.published" value="1996-08-23"/>
<dc element="dc.source" value="Reuters"/>
<dc element="dc.creator.location" value="MOSCOW"/>
<dc element="dc.creator.location.country.name" value="RUSSIA"/>
<dc element="dc.source" value="Reuters"/>
</metadata>
</newsitem>
