<?xml version="1.0" encoding="iso-8859-1" ?>
<newsitem itemid="406144" id="root" date="1997-02-26" xml:lang="en">
<title>UK: NetNames report details Internet name registration.</title>
<headline>NetNames report details Internet name registration.</headline>
<dateline>LONDON 1997-02-26</dateline>
<text>
<p>NetNames, an Internet name registry based in London and New York, on Wednesday said it is releasing the first Global Domain Name Report, providing comprehensive information on registering Internet domain names all around the world.</p>
<p>The report covers what domain companies should register under, limitations on registration, trademark issues, fees to be paid, and whether companies can make multiple registrations.</p>
<p>The report covers about 200 countries and offers information ranging from the technical to the amusingly useful. &quot;In Singapore you need to be 'in good standing with the registry of companies' to get a registration, while Mauritius demands 'no offensive names or names in bad taste' &quot;, NetNames said.</p>
<p>-- London Advertising Newsdesk +44 171 542 2815</p>
</text>
<copyright>(c) Reuters Limited 1997</copyright>
<metadata>
<codes class="bip:countries:1.0">
  <code code="UK">
    <editdetail attribution="Reuters BIP Coding Group" action="confirmed" date="1997-02-26"/>
  </code>
  <code code="USA">
    <editdetail attribution="Reuters BIP Coding Group" action="confirmed" date="1997-02-26"/>
  </code>
</codes>
<codes class="bip:industries:1.0">
  <code code="I33030">
    <editdetail attribution="Reuters BIP Coding Group" action="confirmed" date="1997-02-26"/>
  </code>
</codes>
<codes class="bip:topics:1.0">
  <code code="C13">
    <editdetail attribution="Reuters BIP Coding Group" action="confirmed" date="1997-02-26"/>
  </code>
  <code code="C21">
    <editdetail attribution="Reuters BIP Coding Group" action="confirmed" date="1997-02-26"/>
  </code>
  <code code="CCAT">
    <editdetail attribution="Reuters BIP Coding Group" action="confirmed" date="1997-02-26"/>
  </code>
</codes>
<dc element="dc.date.created" value="1997-02-26"/>
<dc element="dc.publisher" value="Reuters Holdings Plc"/>
<dc element="dc.date.published" value="1997-02-26"/>
<dc element="dc.source" value="Reuters"/>
<dc element="dc.creator.location" value="LONDON"/>
<dc element="dc.creator.location.country.name" value="UK"/>
<dc element="dc.source" value="Reuters"/>
</metadata>
</newsitem>
