<?xml version="1.0" encoding="iso-8859-1" ?>
<newsitem itemid="354566" id="root" date="1997-02-04" xml:lang="en">
<title>PORTUGAL: BES hits record high on profit news.</title>
<headline>BES hits record high on profit news.</headline>
<dateline>LISBON 1997-02-04</dateline>
<text>
<p>Shares in Banco Espirito Santo (BES) hit a new record high of 3,100 escudos after the bank said it had raised its 1996 consolidated net profit by 21.3 percent.</p>
<p>The shares were up 101 escudos on volume of 266,960.</p>
<p>Dealers said the profits were better than expected but they did not think the share price would rise much higher.</p>
<p>&quot;It think BES may stick at around 3,100,&quot; said one trader.</p>
<p>BES said it would pay a dividend of 131.6 escudos, compared with 114.5 escudos on its 1995 results. It posted a consolidated net profit of 23.59 billion.</p>
<p>-- Lisbon editorial +(351-1) 3538254</p>
</text>
<copyright>(c) Reuters Limited 1997</copyright>
<metadata>
<codes class="bip:countries:1.0">
  <code code="PORL">
    <editdetail attribution="Reuters BIP Coding Group" action="confirmed" date="1997-02-04"/>
  </code>
</codes>
<codes class="bip:industries:1.0">
  <code code="I81402">
    <editdetail attribution="Reuters BIP Coding Group" action="confirmed" date="1997-02-04"/>
  </code>
</codes>
<codes class="bip:topics:1.0">
  <code code="C15">
    <editdetail attribution="Reuters BIP Coding Group" action="confirmed" date="1997-02-04"/>
  </code>
  <code code="C152">
    <editdetail attribution="Reuters BIP Coding Group" action="confirmed" date="1997-02-04"/>
  </code>
  <code code="CCAT">
    <editdetail attribution="Reuters BIP Coding Group" action="confirmed" date="1997-02-04"/>
  </code>
</codes>
<dc element="dc.date.created" value="1997-02-04"/>
<dc element="dc.publisher" value="Reuters Holdings Plc"/>
<dc element="dc.date.published" value="1997-02-04"/>
<dc element="dc.source" value="Reuters"/>
<dc element="dc.creator.location" value="LISBON"/>
<dc element="dc.creator.location.country.name" value="PORTUGAL"/>
<dc element="dc.source" value="Reuters"/>
</metadata>
</newsitem>
