<?xml version="1.0" encoding="iso-8859-1" ?>
<newsitem itemid="472045" id="root" date="1997-03-27" xml:lang="en">
<title>USA: Standard Register names Joseph Schwan COO.</title>
<headline>Standard Register names Joseph Schwan COO.</headline>
<dateline>DAYTON, Ohio 1997-03-27</dateline>
<text>
<p>Standard Register Co said Thursday it had named Joseph Schwan as vice president and chief operating officer of the company.  </p>
<p>Schwan was senior vice president and general manager of the company's document management division, it said.</p>
<p>&quot;Naming a COO strengthens the management team to meet the demands of today's competitive business environment,&quot; it said, without explaining whether the position was a new one.</p>
<p>Company officials were not available for comment.</p>
</text>
<copyright>(c) Reuters Limited 1997</copyright>
<metadata>
<codes class="bip:countries:1.0">
  <code code="USA">
    <editdetail attribution="Reuters BIP Coding Group" action="confirmed" date="1997-03-27"/>
  </code>
</codes>
<codes class="bip:industries:1.0">
  <code code="I33010">
    <editdetail attribution="Reuters BIP Coding Group" action="confirmed" date="1997-03-27"/>
  </code>
</codes>
<codes class="bip:topics:1.0">
  <code code="C41">
    <editdetail attribution="Reuters BIP Coding Group" action="confirmed" date="1997-03-27"/>
  </code>
  <code code="C411">
    <editdetail attribution="Reuters BIP Coding Group" action="confirmed" date="1997-03-27"/>
  </code>
  <code code="CCAT">
    <editdetail attribution="Reuters BIP Coding Group" action="confirmed" date="1997-03-27"/>
  </code>
</codes>
<dc element="dc.date.created" value="1997-03-27"/>
<dc element="dc.publisher" value="Reuters Holdings Plc"/>
<dc element="dc.date.published" value="1997-03-27"/>
<dc element="dc.source" value="Reuters"/>
<dc element="dc.creator.location" value="DAYTON, Ohio"/>
<dc element="dc.creator.location.country.name" value="USA"/>
<dc element="dc.source" value="Reuters"/>
</metadata>
</newsitem>
