<?xml version="1.0" encoding="iso-8859-1" ?>
<newsitem itemid="716947" id="root" date="1997-07-09" xml:lang="en">
<title>INDIA: Indian castorseed steadies on forward trade news.</title>
<headline>Indian castorseed steadies on forward trade news.</headline>
<dateline>BOMBAY 1997-07-09</dateline>
<text>
<p>Indian castorseed September delivery prices held steady at 1,135/1,136 rupees per quintal as the market absorbed news that foreign funds would be allowed in castor oil futures trade, dealers said.</p>
<p>Volumes were low due to poor attendance among operators following continuous rain in the city.</p>
<p>An Indian government spokesman said Tuesday's cabinet decision would enable an inflow of foreign funds in the domestic commodity market.</p>
<p>But dealers said this had little impact on trading.</p>
<p>Groundnut oil was steady at 362/364 rupees per 10 kg amid limited arrivals of 40/50 tonnes while local buying was at a low ebb. In Rajkot spot groundnut oil rose by five rupees at 560/565 rupees per 15 kg.</p>
<p>In Bombay, imported palm oil initially fell from 260 rupees to 256 rupees on fresh offerings but later on prices recovered to 258 rupees per 10 kg following reports of a recovery in the world market.</p>
<p>-- Bombay Commodities +91-22-265 9000</p>
</text>
<copyright>(c) Reuters Limited 1997</copyright>
<metadata>
<codes class="bip:countries:1.0">
  <code code="INDIA">
    <editdetail attribution="Reuters BIP Coding Group" action="confirmed" date="1997-07-09"/>
  </code>
</codes>
<codes class="bip:topics:1.0">
  <code code="M14">
    <editdetail attribution="Reuters BIP Coding Group" action="confirmed" date="1997-07-09"/>
  </code>
  <code code="M141">
    <editdetail attribution="Reuters BIP Coding Group" action="confirmed" date="1997-07-09"/>
  </code>
  <code code="MCAT">
    <editdetail attribution="Reuters BIP Coding Group" action="confirmed" date="1997-07-09"/>
  </code>
</codes>
<dc element="dc.date.created" value="1997-07-09"/>
<dc element="dc.publisher" value="Reuters Holdings Plc"/>
<dc element="dc.date.published" value="1997-07-09"/>
<dc element="dc.source" value="Reuters"/>
<dc element="dc.creator.location" value="BOMBAY"/>
<dc element="dc.creator.location.country.name" value="INDIA"/>
<dc element="dc.source" value="Reuters"/>
</metadata>
</newsitem>
