<?xml version="1.0" encoding="iso-8859-1" ?>
<newsitem itemid="623188" id="root" date="1997-05-29" xml:lang="en">
<title>SOUTH AFRICA: Mast H1 shr up 50 pct on previous 13 months.</title>
<headline>Mast H1 shr up 50 pct on previous 13 months.</headline>
<dateline>JOHANNESBURG 1997-05-29</dateline>
<text>
<p>Half year ended February 28 versus 13 months to August 31</p>
<p>			(million rand unless stated)</p>
<p>    Shr, (cts)		5.89	  vs 3.93</p>
<p>    Div (cts)		 1.50	  vs nil</p>
<p>    Retained income	 3.05	  vs 1.41</p>
<p>    Pre-tax		   3.39	  vs 1.83</p>
<p>    Tax			 0.35	  vs 0.42</p>
<p>    Net financing costs   0.33	  vs 0.15</p>
<p>    Turnover		  28.21	 vs 46.95</p>
<p>Div payable July 14</p>
<p>on register June 20</p>
<p>Full name: Mast Holdings Ltd</p>
<p>NOTE - The company said that a direct comparison between the two reporting periods was difficult due to the cyclical nature of some of the divisions and the inclusion of AdvTech subsidiaries with effect from March 1.</p>
<p>It said an expansion programme had commenced. A new division had been created offering training programmes and consulting services covering high level management issues. Mast Training Consultants would be incorporated into this divison.</p>
<p>Mast said that in view of the recent turnaround achieved, a conservative dividend policy has been adopted for this year to build up reserves.</p>
<p>-- Johannesburg newsroom +27 11 482 1003</p>
</text>
<copyright>(c) Reuters Limited 1997</copyright>
<metadata>
<codes class="bip:countries:1.0">
  <code code="SAFR">
    <editdetail attribution="Reuters BIP Coding Group" action="confirmed" date="1997-05-29"/>
  </code>
</codes>
<codes class="bip:topics:1.0">
  <code code="C15">
    <editdetail attribution="Reuters BIP Coding Group" action="confirmed" date="1997-05-29"/>
  </code>
  <code code="C151">
    <editdetail attribution="Reuters BIP Coding Group" action="confirmed" date="1997-05-29"/>
  </code>
  <code code="CCAT">
    <editdetail attribution="Reuters BIP Coding Group" action="confirmed" date="1997-05-29"/>
  </code>
</codes>
<dc element="dc.date.created" value="1997-05-29"/>
<dc element="dc.publisher" value="Reuters Holdings Plc"/>
<dc element="dc.date.published" value="1997-05-29"/>
<dc element="dc.source" value="Reuters"/>
<dc element="dc.creator.location" value="JOHANNESBURG"/>
<dc element="dc.creator.location.country.name" value="SOUTH AFRICA"/>
<dc element="dc.source" value="Reuters"/>
</metadata>
</newsitem>
