<?xml version="1.0" encoding="iso-8859-1" ?>
<newsitem itemid="147133" id="root" date="1996-10-28" xml:lang="en">
<title>NIGERIA: Nigerian blue chips lower in busy trade.</title>
<headline>Nigerian blue chips lower in busy trade.</headline>
<dateline>LAGOS 1996-10-28</dateline>
<text>
<p>Shares in some of Nigeria's leading companies fell on Monday with investors trying to unload large quantities, traders said.</p>
<p>The all-share index closed at 6620.79 on from 6,621.17 on Friday.</p>
<p>Dealers said profit taking was as much to blame as the dull economy.</p>
<p>Lever Brothers, the most capitalised firm on the exchange, ended five kobo down at 25.50 naira. Another conglomerate UAC fell 10 kobo to 9.50 naira. UTC was down two kobo at 84 kobo.</p>
<p>The bearish trend also hit the banking sector where three of the country's largest four closed lower.</p>
<p>Union Bank fell 10 kobo to 7.40 naira while UBA and Afribank finished five down at 5.00 naira and 5.15 naira respectively.</p>
<p>NAL Merchant Bank had 20 kobo cut off its shares, finishing at 5.40 naira, however interest was sustained in Guaranty Trust Bank and shares rose 10 kobo to 14.10 naira.</p>
<p>Nigerian Breweries and Cadbury dropped by five kobo each to 11.10 naira and 26.30 naira respectively.</p>
<p>The oil sector looked brighter, despite a drop in first half 1996 profits announced by Total.</p>
<p>African Petroleum, National Oil and Unipetrol were 20 kobo up each, respectively at 35.40 naira, 36.90 naira and 44.20 naira.</p>
<p>Total closed unchanged at 49.05 naira.</p>
<p>An improved third quarter result also boosted Insurance company AIICO by 10 kobo to 7.60 naira. In the same sector UNIC was up five kobo at 3.90 naira but BAICO fell by one kobo to 1.81 naira.</p>
<p>Ashaka Cement was unchanged at 19.25 naira despite announcing improved half year results. West African Portland Cement closed 35 kobo higher at 36.40 naira.</p>
<p>In the food sector Nestle remained the leader, rising 40 kobo to 37.70 naira.</p>
<p>($1=80 naira)</p>
<p>--Lagos newsroom +234 1 263 03 17</p>
</text>
<copyright>(c) Reuters Limited 1996</copyright>
<metadata>
<codes class="bip:countries:1.0">
  <code code="NIGEA">
    <editdetail attribution="Reuters BIP Coding Group" action="confirmed" date="1996-10-28"/>
  </code>
</codes>
<codes class="bip:topics:1.0">
  <code code="M11">
    <editdetail attribution="Reuters BIP Coding Group" action="confirmed" date="1996-10-28"/>
  </code>
  <code code="MCAT">
    <editdetail attribution="Reuters BIP Coding Group" action="confirmed" date="1996-10-28"/>
  </code>
</codes>
<dc element="dc.date.created" value="1996-10-28"/>
<dc element="dc.publisher" value="Reuters Holdings Plc"/>
<dc element="dc.date.published" value="1996-10-28"/>
<dc element="dc.source" value="Reuters"/>
<dc element="dc.creator.location" value="LAGOS"/>
<dc element="dc.creator.location.country.name" value="NIGERIA"/>
<dc element="dc.source" value="Reuters"/>
</metadata>
</newsitem>
