<?xml version="1.0" encoding="iso-8859-1" ?>
<newsitem itemid="16698" id="root" date="1996-08-27" xml:lang="en">
<title>USA: IMM currency futures end quiet trading mixed.</title>
<headline>IMM currency futures end quiet trading mixed.</headline>
<text>
<p>Aug 27 - IMM currency futures ended quiet trade mixed. Goldman Sachs in report said it expects Can dollar to rise to C$1.33 per U.S. dollar likely by yearend. Earlier, traders said 674 total Sept Can dollars were bought at $0.7312, $0.7322. Resistance held at $0.7325. Some said a strong Tankan report on Weds could buoy yen. Redbook retail sales rose 0.9 pct, had no effect. -Derivatives Desk(312)408-8750/E-mail:derivatives@reuters.com  </p>
<p>&quot;We hit stops at 1.3680 with a 1.3650 target but we only got to 1.3675, and then Goldman came out with its recommendation,&quot; said another floor broker.</p>
<p>Late in the session, Goldman Sachs and Co Inc said in a weekly research report that it expects the Canadian dollar to rise to C$1.33 per U.S. dollar likely by year end.</p>
<p>By midday in September marks, traders said one fund had sold a total of between 1,000 and 2,000 contracts piecemeal, starting at about $0.6783 to the day's low at $0.6767.</p>
<p>The yen popped up late to the day's peak, but daily volume was scanty at best, estimated at about 8,200 contracts.</p>
</text>
<copyright>(c) Reuters Limited 1996</copyright>
<metadata>
<codes class="bip:countries:1.0">
  <code code="USA">
    <editdetail attribution="Reuters BIP Coding Group" action="confirmed" date="1996-08-27"/>
  </code>
</codes>
<codes class="bip:topics:1.0">
  <code code="M13">
    <editdetail attribution="Reuters BIP Coding Group" action="confirmed" date="1996-08-27"/>
  </code>
  <code code="M132">
    <editdetail attribution="Reuters BIP Coding Group" action="confirmed" date="1996-08-27"/>
  </code>
  <code code="MCAT">
    <editdetail attribution="Reuters BIP Coding Group" action="confirmed" date="1996-08-27"/>
  </code>
</codes>
<dc element="dc.publisher" value="Reuters Holdings Plc"/>
<dc element="dc.date.published" value="1996-08-27"/>
<dc element="dc.source" value="Reuters"/>
<dc element="dc.creator.location.country.name" value="USA"/>
<dc element="dc.source" value="Reuters"/>
</metadata>
</newsitem>
