<?xml version="1.0" encoding="iso-8859-1" ?>
<newsitem itemid="548518" id="root" date="1997-04-29" xml:lang="en">
<title>SWITZERLAND: Kuoni won't rule out higher 1997 dividend.</title>
<headline>Kuoni won't rule out higher 1997 dividend.</headline>
<dateline>ZURICH 1997-04-29</dateline>
<text>
<p>Kuoni Reisen Holding AG said it was possible that its dividend on 1997 results could be increased from the 1996 level if earnings develop as expected.</p>
<p>Asked at the company's annual news conference about prospects for the dividend, Chairman Daniel Affolter said: &quot;If the concern's earnings increase, the dividend can also increase.&quot;</p>
<p>Given expectations of higher earnings this year, &quot;that would mean that the dividend could be increased,&quot; he said.  </p>
<p>Kuoni has proposed a dividend on 1996 results of 14 Swiss franc per A registered share and 70 francs per B registered share. That compares with nine francs and 45 francs respectively on 1995 results.</p>
<p>Affolter said in a presentation that Kuoni was paying out 22.4 million francs in dividends on 1996 earnings, or 32 percent of group profit. &quot;We thus reached our goal of a payout ratio of between 30 and 35 percent,&quot; he said.</p>
<p>Kuoni said earlier it expected double-digit revenue and earnings growth in 1997 if exchange rates remain steady.</p>
<p>-- Zurich newsroom +41 1 631 7340</p>
</text>
<copyright>(c) Reuters Limited 1997</copyright>
<metadata>
<codes class="bip:countries:1.0">
  <code code="SWITZ">
    <editdetail attribution="Reuters BIP Coding Group" action="confirmed" date="1997-04-29"/>
  </code>
</codes>
<codes class="bip:industries:1.0">
  <code code="I77001">
    <editdetail attribution="Reuters BIP Coding Group" action="confirmed" date="1997-04-29"/>
  </code>
</codes>
<codes class="bip:topics:1.0">
  <code code="C15">
    <editdetail attribution="Reuters BIP Coding Group" action="confirmed" date="1997-04-29"/>
  </code>
  <code code="C151">
    <editdetail attribution="Reuters BIP Coding Group" action="confirmed" date="1997-04-29"/>
  </code>
  <code code="CCAT">
    <editdetail attribution="Reuters BIP Coding Group" action="confirmed" date="1997-04-29"/>
  </code>
</codes>
<dc element="dc.date.created" value="1997-04-29"/>
<dc element="dc.publisher" value="Reuters Holdings Plc"/>
<dc element="dc.date.published" value="1997-04-29"/>
<dc element="dc.source" value="Reuters"/>
<dc element="dc.creator.location" value="ZURICH"/>
<dc element="dc.creator.location.country.name" value="SWITZERLAND"/>
<dc element="dc.source" value="Reuters"/>
</metadata>
</newsitem>
