<?xml version="1.0" encoding="iso-8859-1" ?>
<newsitem itemid="526848" id="root" date="1997-04-22" xml:lang="en">
<title>USA: Interface Inc Q1 net rises.</title>
<headline>Interface Inc Q1 net rises.</headline>
<dateline>ATLANTA 1997-04-22</dateline>
<text>
<p>Consolidated Statements of Income	 Three Months Ended</p>
<p> (In thousands, except per share data)  3/30/97	 3/31/96</p>
<p> Net Sales				    $ 257,345     $ 205,017</p>
<p> Net Income					 6,353	   3,708</p>
<p>Primary Earnings Per Common Share</p>
<p> Net Income					  0.28	    0.18</p>
<p> Common Shares Outstanding		   22,584	  18,475</p>
<p>-- New York Newsdesk 212 859-1610</p>
</text>
<copyright>(c) Reuters Limited 1997</copyright>
<metadata>
<codes class="bip:countries:1.0">
  <code code="USA">
    <editdetail attribution="Reuters BIP Coding Group" action="confirmed" date="1997-04-22"/>
  </code>
</codes>
<codes class="bip:industries:1.0">
  <code code="I43000">
    <editdetail attribution="Reuters BIP Coding Group" action="confirmed" date="1997-04-22"/>
  </code>
</codes>
<codes class="bip:topics:1.0">
  <code code="C15">
    <editdetail attribution="Reuters BIP Coding Group" action="confirmed" date="1997-04-22"/>
  </code>
  <code code="C151">
    <editdetail attribution="Reuters BIP Coding Group" action="confirmed" date="1997-04-22"/>
  </code>
  <code code="CCAT">
    <editdetail attribution="Reuters BIP Coding Group" action="confirmed" date="1997-04-22"/>
  </code>
</codes>
<dc element="dc.date.created" value="1997-04-22"/>
<dc element="dc.publisher" value="Reuters Holdings Plc"/>
<dc element="dc.date.published" value="1997-04-22"/>
<dc element="dc.source" value="Reuters"/>
<dc element="dc.creator.location" value="ATLANTA"/>
<dc element="dc.creator.location.country.name" value="USA"/>
<dc element="dc.source" value="Reuters"/>
</metadata>
</newsitem>
