<?xml version="1.0" encoding="iso-8859-1" ?>
<newsitem itemid="41022" id="root" date="1996-09-09" xml:lang="en">
<title>RUSSIA: Transaero launches CIS discounts from Sept 15.</title>
<headline>Transaero launches CIS discounts from Sept 15.</headline>
<dateline>MOSCOW 1996-09-09</dateline>
<text>
<p>Private Russian carrier Transaero announced on Monday discounts on all its regular flights in the former Soviet Union from September 15.</p>
<p>&quot;We will offer 25 percent discounts for all passengers in economy class who are older than 60,&quot; a company spokeswoman Natalya Alexashina told Reuters.</p>
<p>She said Transaero would also offer discounts of 50 percent for tickets for families of more than three persons.</p>
<p>Transaero flies to 20 destinations in the former Soviet Union, and seven other international destinations.</p>
<p>The airline has started five new international and domestic regular routes during this year.</p>
<p>-- Viktor Anoshkin, Moscow Newsroom, +7095 941 8520</p>
</text>
<copyright>(c) Reuters Limited 1996</copyright>
<metadata>
<codes class="bip:countries:1.0">
  <code code="RUSS">
    <editdetail attribution="Reuters BIP Coding Group" action="confirmed" date="1996-09-09"/>
  </code>
  <code code="USSR">
    <editdetail attribution="Reuters BIP Coding Group" action="confirmed" date="1996-09-09"/>
  </code>
</codes>
<codes class="bip:industries:1.0">
  <code code="I75000">
    <editdetail attribution="Reuters BIP Coding Group" action="confirmed" date="1996-09-09"/>
  </code>
</codes>
<codes class="bip:topics:1.0">
  <code code="C31">
    <editdetail attribution="Reuters BIP Coding Group" action="confirmed" date="1996-09-09"/>
  </code>
  <code code="C32">
    <editdetail attribution="Reuters BIP Coding Group" action="confirmed" date="1996-09-09"/>
  </code>
  <code code="CCAT">
    <editdetail attribution="Reuters BIP Coding Group" action="confirmed" date="1996-09-09"/>
  </code>
</codes>
<dc element="dc.date.created" value="1996-09-09"/>
<dc element="dc.publisher" value="Reuters Holdings Plc"/>
<dc element="dc.date.published" value="1996-09-09"/>
<dc element="dc.source" value="Reuters"/>
<dc element="dc.creator.location" value="MOSCOW"/>
<dc element="dc.creator.location.country.name" value="RUSSIA"/>
<dc element="dc.source" value="Reuters"/>
</metadata>
</newsitem>
