<?xml version="1.0" encoding="iso-8859-1" ?>
<newsitem itemid="287313" id="root" date="1997-01-05" xml:lang="en">
<title>TUNISIA: SOCCER-TUNISIAN DEFENDER, 26, DIES FROM HEART ATTACK.</title>
<headline>SOCCER-TUNISIAN DEFENDER, 26, DIES FROM HEART ATTACK.</headline>
<dateline>TUNIS 1997-01-05</dateline>
<text>
<p>One of Tunisia's key international players, defender Hedi Ben Rekhissa, died on Saturday night after a heart attack, the Tunisian Football Federation said on Sunday.</p>
<p>The 26-year-old suffered the attack while playing a friendly for his team Esperance against French team l'Olympique Lyonnais. He was taken to hospital close to the stadium but died shortly afterwards.</p>
<p>Ben Rekhissa was in the Tunisian team for the final of the African Nations' Cup against South Africa last February.</p>
</text>
<copyright>(c) Reuters Limited 1997</copyright>
<metadata>
<codes class="bip:countries:1.0">
  <code code="FRA">
    <editdetail attribution="Reuters BIP Coding Group" action="confirmed" date="1997-01-05"/>
  </code>
  <code code="TUNIS">
    <editdetail attribution="Reuters BIP Coding Group" action="confirmed" date="1997-01-05"/>
  </code>
</codes>
<codes class="bip:topics:1.0">
  <code code="GCAT">
    <editdetail attribution="Reuters BIP Coding Group" action="confirmed" date="1997-01-05"/>
  </code>
  <code code="GSPO">
    <editdetail attribution="Reuters BIP Coding Group" action="confirmed" date="1997-01-05"/>
  </code>
</codes>
<dc element="dc.date.created" value="1997-01-05"/>
<dc element="dc.publisher" value="Reuters Holdings Plc"/>
<dc element="dc.date.published" value="1997-01-05"/>
<dc element="dc.source" value="Reuters"/>
<dc element="dc.creator.location" value="TUNIS"/>
<dc element="dc.creator.location.country.name" value="TUNISIA"/>
<dc element="dc.source" value="Reuters"/>
</metadata>
</newsitem>
