<?xml version="1.0" encoding="iso-8859-1" ?>
<newsitem itemid="603090" id="root" date="1997-05-21" xml:lang="en">
<title>UK: Wilson Bowden sells retail park to Pillar.</title>
<headline>Wilson Bowden sells retail park to Pillar.</headline>
<dateline>LONDON 1997-05-21</dateline>
<text>
<p>British property developer and housebuilder Wilson Bowden Plc said on Wednesday it had sold its Fort retail park in Edinburgh, Scotland, to Pillar Property Investments Plc for 41.8 million stg.  </p>
<p>The 128,000 sq ft retail warehouse development is under construction and scheduled for completion later this year.</p>
<p>Wilson Bowden said in a statement that the park would comprise high quality fashion retail warehouse accommodation in 12 units, most of which have already been pre-let.</p>
<p>Pillar, the property investment and development group, said that 17 million stg of the total price was payable on exchange and the balance after practical completion in September.</p>
<p>Following this acquisition, Pillar will own 14 retail parks, equating to around 210 million stg in this class of property.</p>
<p>-- London newsroom +44 171 542 4365</p>
</text>
<copyright>(c) Reuters Limited 1997</copyright>
<metadata>
<codes class="bip:countries:1.0">
  <code code="UK">
    <editdetail attribution="Reuters BIP Coding Group" action="confirmed" date="1997-05-21"/>
  </code>
</codes>
<codes class="bip:industries:1.0">
  <code code="I50100">
    <editdetail attribution="Reuters BIP Coding Group" action="confirmed" date="1997-05-21"/>
  </code>
  <code code="I85000">
    <editdetail attribution="Reuters BIP Coding Group" action="confirmed" date="1997-05-21"/>
  </code>
</codes>
<codes class="bip:topics:1.0">
  <code code="C18">
    <editdetail attribution="Reuters BIP Coding Group" action="confirmed" date="1997-05-21"/>
  </code>
  <code code="C182">
    <editdetail attribution="Reuters BIP Coding Group" action="confirmed" date="1997-05-21"/>
  </code>
  <code code="CCAT">
    <editdetail attribution="Reuters BIP Coding Group" action="confirmed" date="1997-05-21"/>
  </code>
</codes>
<dc element="dc.date.created" value="1997-05-21"/>
<dc element="dc.publisher" value="Reuters Holdings Plc"/>
<dc element="dc.date.published" value="1997-05-21"/>
<dc element="dc.source" value="Reuters"/>
<dc element="dc.creator.location" value="LONDON"/>
<dc element="dc.creator.location.country.name" value="UK"/>
<dc element="dc.source" value="Reuters"/>
</metadata>
</newsitem>
