<?xml version="1.0" encoding="iso-8859-1" ?>
<newsitem itemid="655349" id="root" date="1997-06-12" xml:lang="en">
<title>USA: U.S. weekly upland cotton exports by country - USDA.</title>
<headline>U.S. weekly upland cotton exports by country - USDA.</headline>
<text>
<p>ALL UPLAND COTTON					    MARKETING YEAR 08/01 - 07/31</p>
<p>OUTSTANDING EXPORT SALES AND EXPORTS BY COUNTRY, REGION AND MARKETING YEAR</p>
<p>1000 RUNNING BALES	    AS OF JUNE 5, 1997</p>
<p>-------------------------------------------------------------------------------</p>
<p>			   :	CURRENT MARKETING YEAR	   :NEXT MARKETING YEAR</p>
<p>			    ---------------------------------------------------------</p>
<p>			    :OUTSTANDING SALES:ACCUMULATED EXPORTS: OUTSTANDING SALES</p>
<p>			    ---------------------------------------------------------</p>
<p>   DESTINATION	  :THIS WEEK: YR AGO:THIS WEEK: YR AGO  :THIS WEEK: YR AGO</p>
<p>-------------------------------------------------------------------------------</p>
<p>			    :</p>
<p>EUROPEAN UNION	  :    56.1     31.2     131.3    269.2	 59.7     57.2</p>
<p>   AUSTRIA		:     0.	 0.	  0.	 2.1	  0.	 0.</p>
<p>   BELGIUM		:     0.	 0.	  1.0	5.9	  0.	 0.</p>
<p>   DENMARK		:     2.9	2.9	10.4     11.4	  0.	 2.0</p>
<p>   FINLAND		:     0.	 0.	  0.	 1.6	  0.	 0.</p>
<p>   FRANCE		 :	.4	 .5	  .1	1.1	  0.	 0.</p>
<p>   GERM, FR	     :     1.7	 .6	10.6     13.2	  1.2	 .6</p>
<p>   GREECE		 :     1.8	 .3	  .9	1.5	  1.4	0.</p>
<p>   IRELAND		:    27.3	8.0	49.4     53.8	 48.1     49.7</p>
<p>   ITALY		  :     3.8	6.8	 8.6     83.8	  1.8	3.2</p>
<p>   PORTUGL		:	.5	 .4	 1.2     11.7	  0.	 1.2</p>
<p>   SPAIN		  :    11.3	8.8	24.2     49.4	  0.	 0.</p>
<p>   SWEDEN		 :     4.3	1.9	20.0     21.0	  0.	  .4</p>
<p>   U KING		 :     2.2	 .9	 5.0     12.6	  7.3	0.</p>
<p>			    :</p>
<p>OTHER WEST EUROPE     :   153.5	4.8     237.9     44.3	  4.4	3.1</p>
<p>   SWITZLD		:     0.	 0.	  4.3	6.2	  0.	  .5</p>
<p>   TURKEY		 :   153.5	4.8     233.6     38.1	  4.4	2.6</p>
<p>			    :</p>
<p>EASTERN EUROPE	  :     0.	  .5	25.3     54.7	  0.	 0.</p>
<p>   ROMANIA		:     0.	 0.	 25.3     54.2	  0.	 0.</p>
<p>   SLOVENIA	     :     0.	  .5	 0.	  .5	  0.	 0.</p>
<p>			    :</p>
<p>FORMER SOVIET UNION   :    58.4	0.	 13.7     32.6	  0.	 0.</p>
<p>   ESTONIA		:     0.	 0.	   .1     10.3	  0.	 0.</p>
<p>   RUSSIA		 :    58.4	0.	 13.6     22.2	  0.	 0.</p>
<p>			    :</p>
<p>JAPAN		     :   142.4    128.8     507.1    781.0	187.7    120.4</p>
<p>			    :</p>
<p>CHINA		     :   194.8     18.6    1380.3   1748.2	   .9	1.0</p>
<p>			    :</p>
<p>TAIWAN		    :    18.5	4.4     205.5    234.7	  6.1	8.0</p>
<p>			    :</p>
<p>OTHER ASIA AND OCEANIA:   314.8    236.3    1392.2   2075.3	234.4     89.7</p>
<p>   AUSTRAL		:     0.	 0.	  0.	 1.0	  0.	 0.</p>
<p>   BANGLADH	     :    24.4     13.9	62.3     61.2	  0.	 0.</p>
<p>   BURMA		  :     0.	 0.	  2.0	1.2	  0.	 0.</p>
<p>   HG KONG		:    31.1     27.1     149.8    207.5	  7.1	0.</p>
<p>   INDNSIA		:    59.5     46.7     457.5    640.6	 78.1     19.9</p>
<p>   ISRAEL		 :     0.	   *	 2.1	1.3	  0.	 0.</p>
<p>   KOR REP		:   126.7     67.1     458.5    676.8	148.9     62.2</p>
<p>   MALAYSA		:	.2	  *	10.2     18.1	  0.	 0.</p>
<p>   PAKISTN		:     1.8     24.2	10.4	4.1	  0.	 0.</p>
<p>   PHIL		   :    15.1	5.6	74.1    141.6	  0.	  .5</p>
<p>   SINGAPR		:     1.0	7.6	  .8	2.6	  0.	 0.</p>
<p>   S ARAB		 :     0.	 0.	  2.0	5.4	  0.	 0.</p>
<p>   S LANKA		:     0.	 0.	   .5     10.2	  0.	 0.</p>
<p>   THAILND		:    19.8	9.3     146.8    284.4	   .3	7.1</p>
<p>   VIETNAM		:    35.2     34.7	15.1     19.2	  0.	 0.</p>
<p>			    :</p>
<p>AFRICA		    :     7.6     19.7	22.5    120.4	  0.	 3.5</p>
<p>   ALGERIA		:     0.	10.9	10.3     18.1	  0.	 0.</p>
<p>   EGYPT		  :     0.	 0.	  0.	90.0	  0.	 0.</p>
<p>   MOROC		  :     0.	 0.	  0.	 1.8	  0.	 0.</p>
<p>   REP SAF		:     0.	 0.	  5.3	1.7	  0.	 0.</p>
<p>   TUNISIA		:     7.6	8.8	 6.9	8.8	  0.	 3.5</p>
<p>			    :</p>
<p>WESTERN HEMISPHERE    :   557.7    353.7    1385.2   1176.7	408.2    165.5</p>
<p>   ARGENT		 :     4.0	1.6	 0.	 0.	   0.	 0.</p>
<p>   BRAZIL		 :    67.5     62.1     136.1    164.5	  8.6     22.1</p>
<p>   C RICA		 :     0.	 1.5	 0.	 1.4	  0.	 0.</p>
<p>   CANADA		 :    61.7     49.6     188.1    190.5	130.1     53.4</p>
<p>   CHILE		  :	.2	0.	   .1	0.	   0.	 0.</p>
<p>   COLOMB		 :    12.2	0.	 67.8     43.0	  3.2	0.</p>
<p>   DOM REP		:     0.	 0.	   .3	 .3	  0.	 0.</p>
<p>   ECUADOR		:    15.5	4.5	48.8     37.8	   .7	 .8</p>
<p>   GUATMAL		:    21.0     19.6	90.9     75.1	 27.9     14.2</p>
<p>   HONDURA		:	.6	 .1	 3.9	1.4	  0.	 0.</p>
<p>   MEXICO		 :   325.9    170.4     684.0    514.7	178.9     36.3</p>
<p>   PERU		   :     5.3	0.	  2.5     12.3	  2.2	3.0</p>
<p>   SALVADR		:    17.0     12.9	89.0     79.0	 29.8	8.7</p>
<p>   VENEZ		  :    26.9     31.5	73.8     56.7	 26.9     26.9</p>
<p>------------------------------------------------------------------------------</p>
<p>TOTAL KNOWN	     :  1503.7    798.2    5301.0   6536.9	901.4    448.4</p>
<p>TOTAL UNKNOWN	   :    11.0    126.6	 0.	 0.	  28.9     17.0</p>
<p>------------------------------------------------------------------------------</p>
<p>TOTAL KNOWN &amp; UNKNOWN :  1514.8    924.8    5301.0   6536.9	930.3    465.4</p>
<p>EXPORTS FOR OWN ACCT  :				0.	 0.</p>
<p>OPTIONAL ORIGIN	 :     0.	 0.				    0.	 0.</p>
<p>------------------------------------------------------------------------------</p>
</text>
<copyright>(c) Reuters Limited 1997</copyright>
<metadata>
<codes class="bip:countries:1.0">
  <code code="USA">
    <editdetail attribution="Reuters BIP Coding Group" action="confirmed" date="1997-06-12"/>
  </code>
</codes>
<codes class="bip:industries:1.0">
  <code code="I01001">
    <editdetail attribution="Reuters BIP Coding Group" action="confirmed" date="1997-06-12"/>
  </code>
  <code code="I0100138">
    <editdetail attribution="Reuters BIP Coding Group" action="confirmed" date="1997-06-12"/>
  </code>
</codes>
<codes class="bip:topics:1.0">
  <code code="C31">
    <editdetail attribution="Reuters BIP Coding Group" action="confirmed" date="1997-06-12"/>
  </code>
  <code code="C312">
    <editdetail attribution="Reuters BIP Coding Group" action="confirmed" date="1997-06-12"/>
  </code>
  <code code="CCAT">
    <editdetail attribution="Reuters BIP Coding Group" action="confirmed" date="1997-06-12"/>
  </code>
  <code code="M14">
    <editdetail attribution="Reuters BIP Coding Group" action="confirmed" date="1997-06-12"/>
  </code>
  <code code="M141">
    <editdetail attribution="Reuters BIP Coding Group" action="confirmed" date="1997-06-12"/>
  </code>
  <code code="MCAT">
    <editdetail attribution="Reuters BIP Coding Group" action="confirmed" date="1997-06-12"/>
  </code>
</codes>
<dc element="dc.publisher" value="Reuters Holdings Plc"/>
<dc element="dc.date.published" value="1997-06-12"/>
<dc element="dc.source" value="Reuters"/>
<dc element="dc.creator.location.country.name" value="USA"/>
<dc element="dc.source" value="Reuters"/>
</metadata>
</newsitem>
