<?xml version="1.0" encoding="iso-8859-1" ?>
<newsitem itemid="658274" id="root" date="1997-06-12" xml:lang="en">
<title>JAPAN: Tokai Lease -97/98 group forecast.</title>
<headline>Tokai Lease -97/98 group forecast.</headline>
<dateline>TOKYO 1997-06-12</dateline>
<text>
<p>Year to March 31, 1998</p>
<p>		   (in billions of yen unless specified)</p>
<p>			   LATEST	    ACTUAL</p>
<p> (Group)		FORECAST	  YEAR-AGO</p>
<p> Sales		 18.36		16.89</p>
<p> Current		1.46		 1.32</p>
<p> Net		  680    million	 371    million</p>
<p> EPS		   27.87 yen	  15.23 yen</p>
<p>NOTE - Tokai Lease Co Ltd is a major leasing company, dealing in temporary prefabricated housing and office units.</p>
</text>
<copyright>(c) Reuters Limited 1997</copyright>
<metadata>
<codes class="bip:countries:1.0">
  <code code="JAP">
    <editdetail attribution="Reuters BIP Coding Group" action="confirmed" date="1997-06-12"/>
  </code>
</codes>
<codes class="bip:industries:1.0">
  <code code="I85000">
    <editdetail attribution="Reuters BIP Coding Group" action="confirmed" date="1997-06-12"/>
  </code>
</codes>
<codes class="bip:topics:1.0">
  <code code="C15">
    <editdetail attribution="Reuters BIP Coding Group" action="confirmed" date="1997-06-12"/>
  </code>
  <code code="C152">
    <editdetail attribution="Reuters BIP Coding Group" action="confirmed" date="1997-06-12"/>
  </code>
  <code code="CCAT">
    <editdetail attribution="Reuters BIP Coding Group" action="confirmed" date="1997-06-12"/>
  </code>
</codes>
<dc element="dc.date.created" value="1997-06-12"/>
<dc element="dc.publisher" value="Reuters Holdings Plc"/>
<dc element="dc.date.published" value="1997-06-12"/>
<dc element="dc.source" value="Reuters"/>
<dc element="dc.creator.location" value="TOKYO"/>
<dc element="dc.creator.location.country.name" value="JAPAN"/>
<dc element="dc.source" value="Reuters"/>
</metadata>
</newsitem>
