<?xml version="1.0" encoding="iso-8859-1" ?>
<newsitem itemid="326117" id="root" date="1997-01-22" xml:lang="en">
<title>BELGIUM: Belgian police seize paedophile porn video tapes.</title>
<headline>Belgian police seize paedophile porn video tapes.</headline>
<dateline>BRUSSELS 1997-01-22</dateline>
<text>
<p>Belgian police have seized video tapes containing pornographic material, some of it involving children, a Brussels court spokesman said on Wednesday.</p>
<p>&quot;Quite a few cassettes have been seized...some of which are paedophile pornography,&quot; spokesman Philippe Van Hecke told Reuters.  </p>
<p>Bernard Van Jansbergt, head of the Belgian Vice Squad, later told Reuters seven peodophile porn, sado-masochism tapes had been seized from one address in Verviers in eastern Belgium.</p>
<p>At the end of one of these tapes a child is shown strapped motionless to a chair.</p>
<p>&quot;We cannot tell if the child is drugged, asleep or dead. It is impossible. No murder is shown,&quot; Van Jansbergt said, adding that at least five different European children were in the films and at least two adults. &quot;There are sexual acts. Sodomy and fellatio,&quot; he said.</p>
<p>Van Jansberg stressed that there was no connection with the tapes, seized in November and January, and the case of child abduction, abuse and murder involving convicted rapist Marc Dutroux.</p>
</text>
<copyright>(c) Reuters Limited 1997</copyright>
<metadata>
<codes class="bip:countries:1.0">
  <code code="BELG">
    <editdetail attribution="Reuters BIP Coding Group" action="confirmed" date="1997-01-22"/>
  </code>
</codes>
<codes class="bip:topics:1.0">
  <code code="GCAT">
    <editdetail attribution="Reuters BIP Coding Group" action="confirmed" date="1997-01-22"/>
  </code>
  <code code="GCRIM">
    <editdetail attribution="Reuters BIP Coding Group" action="confirmed" date="1997-01-22"/>
  </code>
</codes>
<dc element="dc.date.created" value="1997-01-22"/>
<dc element="dc.publisher" value="Reuters Holdings Plc"/>
<dc element="dc.date.published" value="1997-01-22"/>
<dc element="dc.source" value="Reuters"/>
<dc element="dc.creator.location" value="BRUSSELS"/>
<dc element="dc.creator.location.country.name" value="BELGIUM"/>
<dc element="dc.source" value="Reuters"/>
</metadata>
</newsitem>
