<?xml version="1.0" encoding="iso-8859-1" ?>
<newsitem itemid="155656" id="root" date="1996-10-31" xml:lang="en">
<title>USA: Federal Reserve business loans rose in Oct 23 week.</title>
<headline>Federal Reserve business loans rose in Oct 23 week.</headline>
<text>
<p>ONE WEEK ENDED OCT 16</p>
<p>(Seasonally adjusted, millions of dollars)</p>
<p> Business loans............768,600 up.....4,100</p>
<p> Govt, agency securities...702,700 up.....1,300</p>
<p> Large time deposits.......462,300 up.....3,600</p>
<p>ONE WEEK ENDED OCT 23</p>
<p> U.S. commercial paper.....755,758 down.....105</p>
<p> Financial companies.......567,228 up.....1,977</p>
<p> New York business loans....42,425 up.......906</p>
<p> Excluding acceptances......42,175 up.......901</p>
</text>
<copyright>(c) Reuters Limited 1996</copyright>
<metadata>
<codes class="bip:countries:1.0">
  <code code="USA">
    <editdetail attribution="Reuters BIP Coding Group" action="confirmed" date="1996-10-31"/>
  </code>
</codes>
<codes class="bip:topics:1.0">
  <code code="E12">
    <editdetail attribution="Reuters BIP Coding Group" action="confirmed" date="1996-10-31"/>
  </code>
  <code code="E121">
    <editdetail attribution="Reuters BIP Coding Group" action="confirmed" date="1996-10-31"/>
  </code>
  <code code="ECAT">
    <editdetail attribution="Reuters BIP Coding Group" action="confirmed" date="1996-10-31"/>
  </code>
  <code code="M13">
    <editdetail attribution="Reuters BIP Coding Group" action="confirmed" date="1996-10-31"/>
  </code>
  <code code="M131">
    <editdetail attribution="Reuters BIP Coding Group" action="confirmed" date="1996-10-31"/>
  </code>
  <code code="MCAT">
    <editdetail attribution="Reuters BIP Coding Group" action="confirmed" date="1996-10-31"/>
  </code>
</codes>
<dc element="dc.publisher" value="Reuters Holdings Plc"/>
<dc element="dc.date.published" value="1996-10-31"/>
<dc element="dc.source" value="Reuters"/>
<dc element="dc.creator.location.country.name" value="USA"/>
<dc element="dc.source" value="Reuters"/>
</metadata>
</newsitem>
