<?xml version="1.0" encoding="iso-8859-1" ?>
<newsitem itemid="12102" id="root" date="1996-08-23" xml:lang="en">
<title>UK: Wiggins announces Cummins move to Kent site.</title>
<headline>Wiggins announces Cummins move to Kent site.</headline>
<dateline>LONDON 1996-08-23</dateline>
<text>
<p>Wiggins Group Plc said on Friday that a division of Cummins Engine Company Inc. of the U.S. had agreed to build a 17 million stg plant at the &quot;Kent International&quot; development site in southeast England, creating 600 new jobs.</p>
<p>In a statement, Wiggins, the site developer, said that Cummins was the first major occupier.</p>
<p>The U.S. group's Power Generation International unit will establish the manufacturing plant over a 20 acre area.</p>
<p>--London newsroom +44 171 5427717</p>
</text>
<copyright>(c) Reuters Limited 1996</copyright>
<metadata>
<codes class="bip:countries:1.0">
  <code code="UK">
    <editdetail attribution="Reuters BIP Coding Group" action="confirmed" date="1996-08-23"/>
  </code>
  <code code="USA">
    <editdetail attribution="Reuters BIP Coding Group" action="confirmed" date="1996-08-23"/>
  </code>
</codes>
<codes class="bip:industries:1.0">
  <code code="I35300">
    <editdetail attribution="Reuters BIP Coding Group" action="confirmed" date="1996-08-23"/>
  </code>
  <code code="I50100">
    <editdetail attribution="Reuters BIP Coding Group" action="confirmed" date="1996-08-23"/>
  </code>
</codes>
<codes class="bip:topics:1.0">
  <code code="C24">
    <editdetail attribution="Reuters BIP Coding Group" action="confirmed" date="1996-08-23"/>
  </code>
  <code code="C33">
    <editdetail attribution="Reuters BIP Coding Group" action="confirmed" date="1996-08-23"/>
  </code>
  <code code="CCAT">
    <editdetail attribution="Reuters BIP Coding Group" action="confirmed" date="1996-08-23"/>
  </code>
</codes>
<dc element="dc.date.created" value="1996-08-23"/>
<dc element="dc.publisher" value="Reuters Holdings Plc"/>
<dc element="dc.date.published" value="1996-08-23"/>
<dc element="dc.source" value="Reuters"/>
<dc element="dc.creator.location" value="LONDON"/>
<dc element="dc.creator.location.country.name" value="UK"/>
<dc element="dc.source" value="Reuters"/>
</metadata>
</newsitem>
