<?xml version="1.0" encoding="iso-8859-1" ?>
<newsitem itemid="262059" id="root" date="1996-12-17" xml:lang="en">
<title>INDIA: DEBT - Indian brokers quotes on securities - Dec 17.</title>
<headline>DEBT - Indian brokers quotes on securities - Dec 17.</headline>
<dateline>BOMBAY 1996-12-17</dateline>
<text>
<p>Following are some indicative quotes made by Bombay-based brokers for dated Indian government securities and treasury bills on Tuesday.</p>
<p>.</p>
<p>Government securities (bid/offer in rupees)</p>
<p>------------------------------------------</p>
<p>			LBL		 ASIL	   TOWER CAP</p>
<p>13.25% 97    ------/------   101.90/------   ------/------</p>
<p>13.50% 97    ------/------   101.90/------   101.95/102.00</p>
<p>13.50% 98    ------/102.10   ------/------   101.97/102.05</p>
<p>13.62% 98    ------/------   ------/------   102.75/103.00</p>
<p>13.70% 99    ------/------   100.85/------   100.95/102.10</p>
<p>00.00% 99    ------/------   ------/------    76.40/76.50</p>
<p>00.00% 00    ------/------   ------/------    62.30/62.50</p>
<p>11.64% 00    ------/------   ------/------    95.00/95.25</p>
<p>11.75% 01    ------/------   ------/------    94.20/94.25</p>
<p>13.85% 01    ------/------   ------/------   101.75/101.90</p>
<p>13.82% 02    ------/------   ------/------   101.75/101.85</p>
<p>12.50% 04    ------/------   ------/95.00     94.85/95.00</p>
<p>14.00% 05    ------/------   ------/------   101.50/101.75</p>
<p>13.85% 06    ------/------   ------/------   101.55/101.75</p>
<p>14.00% 06    ------/------   ------/102.09   102.10/100.20</p>
<p>.</p>
<p>Treasury bills (bid/offer in percent)</p>
<p>------------------------------------</p>
<p>Maturing on	 LBL		ASIL		 ---</p>
<p>11/01/97     ------/6.50     ------/------   ------/------</p>
<p>25/01/97     ------/7.50     ------/------   ------/------</p>
<p>20/06/97     ------/9.80     ------/9.85     ------/------</p>
<p>18/07/97     ------/9.85     ------/------   ------/------</p>
<p>29/08/97     ------/9.90     ------/------   ------/------</p>
<p>10/10/97     ------/------   ------/10.00    ------/------</p>
<p>05/12/97     ------/10.30    ------/------   ------/------</p>
<p>--/--/--     ------/------   ------/------   ------/------</p>
<p>.</p>
<p>Maturing on	 ---		 ---		 ---</p>
<p>--/--/--     ------/------   ------/------   ------/------</p>
<p>.</p>
<p>Note :     ALIS   : Ashok Leyland Investment Services Ltd.</p>
<p>			  (Mr. Maneesh/Mr. Sashwat)</p>
<p>			  Tel: 2832326,2830568 Fax:2040767</p>
<p>	     LBL    : Lloyds Brokerage Ltd.</p>
<p>			  (Mr. Mithi Somesh)</p>
<p>			  Tel: 2852831-36, Fax: 2854459</p>
<p>	     TOWER  : Tower Capital &amp; Securities Pvt. Ltd.</p>
<p>			  (Mr.Vipul,Ms.Preeti,Mr.Felix,Mr.Benny)</p>
<p>			  Tel : 2045844, 2880064/66 Fax : 2045765</p>
<p>--</p>
<p>	   -- Bombay newsroom +91-22-265 9000</p>
</text>
<copyright>(c) Reuters Limited 1996</copyright>
<metadata>
<codes class="bip:countries:1.0">
  <code code="INDIA">
    <editdetail attribution="Reuters BIP Coding Group" action="confirmed" date="1996-12-17"/>
  </code>
</codes>
<codes class="bip:topics:1.0">
  <code code="M12">
    <editdetail attribution="Reuters BIP Coding Group" action="confirmed" date="1996-12-17"/>
  </code>
  <code code="M13">
    <editdetail attribution="Reuters BIP Coding Group" action="confirmed" date="1996-12-17"/>
  </code>
  <code code="M131">
    <editdetail attribution="Reuters BIP Coding Group" action="confirmed" date="1996-12-17"/>
  </code>
  <code code="MCAT">
    <editdetail attribution="Reuters BIP Coding Group" action="confirmed" date="1996-12-17"/>
  </code>
</codes>
<dc element="dc.date.created" value="1996-12-17"/>
<dc element="dc.publisher" value="Reuters Holdings Plc"/>
<dc element="dc.date.published" value="1996-12-17"/>
<dc element="dc.source" value="Reuters"/>
<dc element="dc.creator.location" value="BOMBAY"/>
<dc element="dc.creator.location.country.name" value="INDIA"/>
<dc element="dc.source" value="Reuters"/>
</metadata>
</newsitem>
