<?xml version="1.0" encoding="iso-8859-1" ?>
<newsitem itemid="226205" id="root" date="1996-11-29" xml:lang="en">
<title>JAPAN: Cowboy -96/97 group forecast.</title>
<headline>Cowboy -96/97 group forecast.</headline>
<dateline>TOKYO 1996-11-29</dateline>
<text>
<p>Year to September 30, 1997</p>
<p>		   (in billions of yen unless specified)</p>
<p>			   LATEST	    ACTUAL</p>
<p> (Group)		FORECAST	  YEAR-AGO</p>
<p> Sales		 53.60		46.75</p>
<p> Current		1.45	     234    million</p>
<p> Net	     prft 1.21	  loss 1.20</p>
<p> EPS	    prft 79.26 yen   loss 78.51 yen</p>
<p>NOTE - Cowboy Co Ltd is a discount store specialising in fresh foods.</p>
</text>
<copyright>(c) Reuters Limited 1996</copyright>
<metadata>
<codes class="bip:countries:1.0">
  <code code="JAP">
    <editdetail attribution="Reuters BIP Coding Group" action="confirmed" date="1996-11-29"/>
  </code>
</codes>
<codes class="bip:industries:1.0">
  <code code="I64100">
    <editdetail attribution="Reuters BIP Coding Group" action="confirmed" date="1996-11-29"/>
  </code>
</codes>
<codes class="bip:topics:1.0">
  <code code="C15">
    <editdetail attribution="Reuters BIP Coding Group" action="confirmed" date="1996-11-29"/>
  </code>
  <code code="C152">
    <editdetail attribution="Reuters BIP Coding Group" action="confirmed" date="1996-11-29"/>
  </code>
  <code code="CCAT">
    <editdetail attribution="Reuters BIP Coding Group" action="confirmed" date="1996-11-29"/>
  </code>
</codes>
<dc element="dc.date.created" value="1996-11-29"/>
<dc element="dc.publisher" value="Reuters Holdings Plc"/>
<dc element="dc.date.published" value="1996-11-29"/>
<dc element="dc.source" value="Reuters"/>
<dc element="dc.creator.location" value="TOKYO"/>
<dc element="dc.creator.location.country.name" value="JAPAN"/>
<dc element="dc.source" value="Reuters"/>
</metadata>
</newsitem>
