<?xml version="1.0" encoding="iso-8859-1" ?>
<newsitem itemid="728652" id="root" date="1997-07-15" xml:lang="en">
<title>KAZAKHSTAN: Kazakh 3-mth T-bill av yield rises to 13.44 pct.</title>
<headline>Kazakh 3-mth T-bill av yield rises to 13.44 pct.</headline>
<dateline>ALMATY 1997-07-15</dateline>
<text>
<p>The average yield on an issue of Kazakhstan's three-month MKM discount Treasury bills rose to 13.44 at an auction on July 15 from 12.84 at the last auction on July 8, the National Bank said. Details of the auction:</p>
<p>					   July 15	    July 8</p>
<p> Series number			 KZ43K1610973     KZ43K0910978</p>
<p> Issue volume (million tenge)	  500		  400</p>
<p> Bids (nominal, bln tenge)	 1,197		1,517</p>
<p> Sold (nominal, million tenge)	 506		  410</p>
<p> Average price			 96.75 pct	  96.89</p>
<p> Average yield			 13.44		12.84</p>
<p> Tenor				   91 days	    91 days</p>
<p> Maturity				Oct 16, 1997     Oct 9, 1997</p>
<p>--Almaty Newsroom, +7 3272 509410</p>
</text>
<copyright>(c) Reuters Limited 1997</copyright>
<metadata>
<codes class="bip:countries:1.0">
  <code code="KAZK">
    <editdetail attribution="Reuters BIP Coding Group" action="confirmed" date="1997-07-15"/>
  </code>
</codes>
<codes class="bip:topics:1.0">
  <code code="M13">
    <editdetail attribution="Reuters BIP Coding Group" action="confirmed" date="1997-07-15"/>
  </code>
  <code code="M131">
    <editdetail attribution="Reuters BIP Coding Group" action="confirmed" date="1997-07-15"/>
  </code>
  <code code="MCAT">
    <editdetail attribution="Reuters BIP Coding Group" action="confirmed" date="1997-07-15"/>
  </code>
</codes>
<dc element="dc.date.created" value="1997-07-15"/>
<dc element="dc.publisher" value="Reuters Holdings Plc"/>
<dc element="dc.date.published" value="1997-07-15"/>
<dc element="dc.source" value="Reuters"/>
<dc element="dc.creator.location" value="ALMATY"/>
<dc element="dc.creator.location.country.name" value="KAZAKHSTAN"/>
<dc element="dc.source" value="Reuters"/>
</metadata>
</newsitem>
