<?xml version="1.0" encoding="iso-8859-1" ?>
<newsitem itemid="550978" id="root" date="1997-04-30" xml:lang="en">
<title>USA: Banco del Istmo has $70 mln commercial paper issue.</title>
<headline>Banco del Istmo has $70 mln commercial paper issue.</headline>
<dateline>MIAMI 1997-04-30</dateline>
<text>
<p>Barclays Plc said Wednesday it led a syndicate which arranged a $70 million U.S. commercial paper program established by Banco del Istmo SA of Panama.</p>
<p>The Barclays Bank Plc Miami Agency said it issued a direct-pay letter of credit in connection with the financing.</p>
<p>Barclays said it was the second time Banco del Istmo accessed the U.S. capital markets as an alternative funding source to finance the growth of its lending activities. In October 1996 a $55 million trust certificates issue was fully subscribed.</p>
<p>The latest financing was originally intended to be $50 million, but was 40 percent oversubscribed, Barclays said.</p>
</text>
<copyright>(c) Reuters Limited 1997</copyright>
<metadata>
<codes class="bip:countries:1.0">
  <code code="PANA">
    <editdetail attribution="Reuters BIP Coding Group" action="confirmed" date="1997-04-30"/>
  </code>
  <code code="USA">
    <editdetail attribution="Reuters BIP Coding Group" action="confirmed" date="1997-04-30"/>
  </code>
</codes>
<codes class="bip:industries:1.0">
  <code code="I81402">
    <editdetail attribution="Reuters BIP Coding Group" action="confirmed" date="1997-04-30"/>
  </code>
</codes>
<codes class="bip:topics:1.0">
  <code code="C17">
    <editdetail attribution="Reuters BIP Coding Group" action="confirmed" date="1997-04-30"/>
  </code>
  <code code="C172">
    <editdetail attribution="Reuters BIP Coding Group" action="confirmed" date="1997-04-30"/>
  </code>
  <code code="CCAT">
    <editdetail attribution="Reuters BIP Coding Group" action="confirmed" date="1997-04-30"/>
  </code>
</codes>
<dc element="dc.date.created" value="1997-04-30"/>
<dc element="dc.publisher" value="Reuters Holdings Plc"/>
<dc element="dc.date.published" value="1997-04-30"/>
<dc element="dc.source" value="Reuters"/>
<dc element="dc.creator.location" value="MIAMI"/>
<dc element="dc.creator.location.country.name" value="USA"/>
<dc element="dc.source" value="Reuters"/>
</metadata>
</newsitem>
