<?xml version="1.0" encoding="iso-8859-1" ?>
<newsitem itemid="53247" id="root" date="1996-09-13" xml:lang="en">
<title>USA: Charterwood District, Texas, final pricing.</title>
<headline>Charterwood District, Texas, final pricing.</headline>
<text>
<p>CHARTERWOOD MUNICIPAL UTILITY DISTRICT</p>
<p>RE: $4,455,000</p>
<p>(HARRIS COUNTY, TEXAS)</p>
<p>UNLIMITED TAX REFUNDING BONDS, SERIES 1996</p>
<p>BANK QUALIFIED</p>
<p>REGISTERED</p>
<p>FINAL PRICING AND AMOUNTS.</p>
<p>THE WRITTEN AWARD RECEIVED</p>
<p>    MOODY'S: NR		    S&amp;P: AA</p>
<p>D&amp;P: AAA</p>
<p>ASSET GUARANTY INSURED</p>
<p>    DATED: 10/01/1996	  FIRST COUPON: 05/01/1997</p>
<p>DUE: 05/01</p>
<p>ALL BONDS ARE PRICED AT PAR.</p>
<p>MATURITY		  AMOUNT     COUPON</p>
<p>05/01/1997		   15M    4.30  %</p>
<p>05/01/1998		   40M    4.55  %</p>
<p>05/01/1999		   40M    4.80  %</p>
<p>05/01/2000		   45M    4.95  %</p>
<p>05/01/2001		   45M    5.05  %</p>
<p>------------------------------------------------------</p>
<p>05/01/2002		   45M    5.15  %</p>
<p>05/01/2003		   50M    5.25  %</p>
<p>05/01/2004		  325M    5.35  %</p>
<p>05/01/2005		  350M    5.45  %</p>
<p>05/01/2006		  215M    5.55  %</p>
<p>------------------------------------------------------</p>
<p>05/01/2007		  240M    5.65  %</p>
<p>05/01/2008		  545M    5.75  %</p>
<p>05/01/2009		  580M    5.80  %</p>
<p>05/01/2010		  615M    5.85  %</p>
<p>05/01/2011		  650M    5.90  %</p>
<p>------------------------------------------------------</p>
<p>05/01/2012		  655M    5.95  %</p>
<p>CALL FEATURES: 05/01/2006    100.00</p>
<p>The compliance addendum MSRB Rule G-11 will apply.</p>
<p>Delivery is firm for October 17, 1996.</p>
<p>This issue is not book entry.</p>
<p>This issue is pending through DTC.</p>
<p>Rauscher Pierce Refsnes, Inc.</p>
<p>First Southwest Company</p>
<p>Juran &amp; Moody, Inc.</p>
<p>Legg Mason Wood Walker, Inc.</p>
<p>--U.S. Municipal Desk, 212-859-1650</p>
</text>
<copyright>(c) Reuters Limited 1996</copyright>
<metadata>
<codes class="bip:countries:1.0">
  <code code="USA">
    <editdetail attribution="Reuters BIP Coding Group" action="confirmed" date="1996-09-13"/>
  </code>
</codes>
<codes class="bip:topics:1.0">
  <code code="E21">
    <editdetail attribution="Reuters BIP Coding Group" action="confirmed" date="1996-09-13"/>
  </code>
  <code code="E212">
    <editdetail attribution="Reuters BIP Coding Group" action="confirmed" date="1996-09-13"/>
  </code>
  <code code="ECAT">
    <editdetail attribution="Reuters BIP Coding Group" action="confirmed" date="1996-09-13"/>
  </code>
</codes>
<dc element="dc.publisher" value="Reuters Holdings Plc"/>
<dc element="dc.date.published" value="1996-09-13"/>
<dc element="dc.source" value="Reuters"/>
<dc element="dc.creator.location.country.name" value="USA"/>
<dc element="dc.source" value="Reuters"/>
</metadata>
</newsitem>
