<?xml version="1.0" encoding="iso-8859-1" ?>
<newsitem itemid="101684" id="root" date="1996-10-08" xml:lang="en">
<title>USA: IPO FILING -- Powerwave Technologies Inc.</title>
<headline>IPO FILING -- Powerwave Technologies Inc.</headline>
<dateline>WASHINGTON 1996-10-08</dateline>
<text>
<p>Company Name		 Powerwave Technologies Inc</p>
<p>Stock symbol			PWAV.O</p>
<p>Estimated price range	   $11-$13/shr</p>
<p>Total shares to be offered    1.8 million</p>
<p>Shrs offered by company	 1.8 million</p>
<p>Shrs outstanding after ipo    15,862,500</p>
<p>Lead Underwriter    Alex Brown &amp; Sons Inc</p>
<p>Underwriters over-allotment  270,000 shrs Business: designs, manufactures and markets ultra-linear radio frequency power amplifers for use in wireless communications market.</p>
<p>Use of Proceeds: capital expenditures, working capital, new product development and other general corporate purposes.</p>
<p>Financial Data in 000s year ended Dec 31:</p>
<p>				  1995		 1994</p>
<p>   - Net Sales	     $36,044	    $22,861</p>
<p>   - Net Income	     $4,480	     $2,946</p>
</text>
<copyright>(c) Reuters Limited 1996</copyright>
<metadata>
<codes class="bip:countries:1.0">
  <code code="USA">
    <editdetail attribution="Reuters BIP Coding Group" action="confirmed" date="1996-10-08"/>
  </code>
</codes>
<codes class="bip:industries:1.0">
  <code code="I34532">
    <editdetail attribution="Reuters BIP Coding Group" action="confirmed" date="1996-10-08"/>
  </code>
</codes>
<codes class="bip:topics:1.0">
  <code code="C14">
    <editdetail attribution="Reuters BIP Coding Group" action="confirmed" date="1996-10-08"/>
  </code>
  <code code="C17">
    <editdetail attribution="Reuters BIP Coding Group" action="confirmed" date="1996-10-08"/>
  </code>
  <code code="C171">
    <editdetail attribution="Reuters BIP Coding Group" action="confirmed" date="1996-10-08"/>
  </code>
  <code code="CCAT">
    <editdetail attribution="Reuters BIP Coding Group" action="confirmed" date="1996-10-08"/>
  </code>
</codes>
<dc element="dc.date.created" value="1996-10-08"/>
<dc element="dc.publisher" value="Reuters Holdings Plc"/>
<dc element="dc.date.published" value="1996-10-08"/>
<dc element="dc.source" value="Reuters"/>
<dc element="dc.creator.location" value="WASHINGTON"/>
<dc element="dc.creator.location.country.name" value="USA"/>
<dc element="dc.source" value="Reuters"/>
</metadata>
</newsitem>
