<?xml version="1.0" encoding="iso-8859-1" ?>
<newsitem itemid="799211" id="root" date="1997-08-14" xml:lang="en">
<title>USA: TABLE - Full House Resorts Inc Q2 results.</title>
<headline>TABLE - Full House Resorts Inc Q2 results.</headline>
<dateline>SAN DIEGO 1997-08-14</dateline>
<text>
<p>Three Months Ended  Six Months Ended</p>
<p>			    1997	 1996	 1997	  1996</p>
<p>Net Operating Revenues</p>
<p>		    $2,106,764  $1,648,993 $3,775,924  $2,727,586</p>
<p>Net Income (Loss)</p>
<p>			 193,401   (297,504)    175,684 (1,182,839)</p>
<p>Net Income (Loss) Per</p>
<p> Common Share	   0.02	(0.03)	 0.01	(0.12)</p>
<p>Weighted Average</p>
<p>Common Shares</p>
<p>  Outstanding   10,340,380  10,339,549 10,340,187  10,339,549</p>
</text>
<copyright>(c) Reuters Limited 1997</copyright>
<metadata>
<codes class="bip:countries:1.0">
  <code code="USA">
    <editdetail attribution="Reuters BIP Coding Group" action="confirmed" date="1997-08-14"/>
  </code>
</codes>
<codes class="bip:industries:1.0">
  <code code="I97912">
    <editdetail attribution="Reuters BIP Coding Group" action="confirmed" date="1997-08-14"/>
  </code>
</codes>
<codes class="bip:topics:1.0">
  <code code="C15">
    <editdetail attribution="Reuters BIP Coding Group" action="confirmed" date="1997-08-14"/>
  </code>
  <code code="C151">
    <editdetail attribution="Reuters BIP Coding Group" action="confirmed" date="1997-08-14"/>
  </code>
  <code code="CCAT">
    <editdetail attribution="Reuters BIP Coding Group" action="confirmed" date="1997-08-14"/>
  </code>
</codes>
<dc element="dc.date.created" value="1997-08-14"/>
<dc element="dc.publisher" value="Reuters Holdings Plc"/>
<dc element="dc.date.published" value="1997-08-14"/>
<dc element="dc.source" value="Reuters"/>
<dc element="dc.creator.location" value="SAN DIEGO"/>
<dc element="dc.creator.location.country.name" value="USA"/>
<dc element="dc.source" value="Reuters"/>
</metadata>
</newsitem>
