<?xml version="1.0" encoding="iso-8859-1" ?>
<newsitem itemid="393422" id="root" date="1997-02-21" xml:lang="en">
<title>INDIA: Cricket-India to host four-team Independence Cup.</title>
<headline>Cricket-India to host four-team Independence Cup.</headline>
<dateline>BOMBAY 1997-02-21</dateline>
<text>
<p>Hosts India, Pakistan, New Zealand and Sri Lanka will take part in the four-nation Independence Cup 50-overs tournament from May 9-28, Indian cricket officials said on Thursday.</p>
<p>All the matches in the competition to mark the 50th anniversary of India's independence from British rule will be day-night, starting after 3.30 p.m. (1000 GMT) in view of the hot weather in May.</p>
<p>Pakistan agreed to participate but wanted India to reciprocate by playing in a two-nation Jinnah Cup it plans to host later in the year, Jagmohan Dalmiya, chairman of the Board of Control for Cricket in India (BCCI) told reporters.</p>
<p>The Independence Cup will be on a league basis initially, with the top two teams qualifying for the best-of-three final, Dalmiya said.</p>
<p>After a first final at Mohali near Chandigarh, a second one will be played at Calcutta. If the finalists win one match each, a decisive third tie would be held in Calcutta.</p>
<p>The first match of the tournament would be played on May 9 in Delhi, if local cricket authorities agree by February 28 to make arrangements for a standard pitch with proper covers in Delhi's floodlit Jawaharlal Nehru Stadium, Dalmiya said.</p>
<p>If there is no such assurance, the venue would be shifted to Cochin, he said.</p>
<p>Delhi's main cricket stadium at Feroze Shah Kotla does not have floodlights, but local authorities wanted to hold a match in the Indian capital because of sentiments associated with Independence, Dalmiya said.</p>
<p>India achieved independence from British rule on August 15, 1947, one day after Pakistan was formed under the leadership of Mohammed Ali Jinnah.</p>
<p>Independence Cup schedule:</p>
<p>May  9  Pakistan v New Zealand, Delhi or Cochin.</p>
<p>May 13  Pakistan v Sri Lanka, Gwalior.</p>
<p>May 14  India v New Zealand, Bangalore.</p>
<p>May 17  India v Sri Lanka, Bombay.</p>
<p>May 20  Sri Lanka v New Zealand, Hyderabad.</p>
<p>May 21  India v Pakistan, Madras.</p>
<p>May 24  First final, Mohali.</p>
<p>May 27  Second final, Calcutta.</p>
<p>May 28  Third final (if needed), Calcutta.</p>
</text>
<copyright>(c) Reuters Limited 1997</copyright>
<metadata>
<codes class="bip:countries:1.0">
  <code code="INDIA">
    <editdetail attribution="Reuters BIP Coding Group" action="confirmed" date="1997-02-21"/>
  </code>
  <code code="NZ">
    <editdetail attribution="Reuters BIP Coding Group" action="confirmed" date="1997-02-21"/>
  </code>
  <code code="PAKIS">
    <editdetail attribution="Reuters BIP Coding Group" action="confirmed" date="1997-02-21"/>
  </code>
  <code code="SRILAN">
    <editdetail attribution="Reuters BIP Coding Group" action="confirmed" date="1997-02-21"/>
  </code>
</codes>
<codes class="bip:topics:1.0">
  <code code="GCAT">
    <editdetail attribution="Reuters BIP Coding Group" action="confirmed" date="1997-02-21"/>
  </code>
  <code code="GSPO">
    <editdetail attribution="Reuters BIP Coding Group" action="confirmed" date="1997-02-21"/>
  </code>
</codes>
<dc element="dc.date.created" value="1997-02-21"/>
<dc element="dc.publisher" value="Reuters Holdings Plc"/>
<dc element="dc.date.published" value="1997-02-21"/>
<dc element="dc.source" value="Reuters"/>
<dc element="dc.creator.location" value="BOMBAY"/>
<dc element="dc.creator.location.country.name" value="INDIA"/>
<dc element="dc.source" value="Reuters"/>
</metadata>
</newsitem>
