<?xml version="1.0" encoding="iso-8859-1" ?>
<newsitem itemid="70980" id="root" date="1996-09-23" xml:lang="en">
<title>USA: Caci wins $110.9 mln federal contract.</title>
<headline>Caci wins $110.9 mln federal contract.</headline>
<dateline>ARLINGTON, Va. 1996-09-23</dateline>
<text>
<p>CACI International Inc said Monday it won a $110.9 million contract to provide information technology support to the U.S. Department of Justice.</p>
<p>The five-year contract was awarded based on CACI's expertise in areas such as Year 2000 solutions, the company said.</p>
<p>CACI specializes in developing and integrating systems, software and simulation products for government and commercial agencies.</p>
</text>
<copyright>(c) Reuters Limited 1996</copyright>
<metadata>
<codes class="bip:countries:1.0">
  <code code="USA">
    <editdetail attribution="Reuters BIP Coding Group" action="confirmed" date="1996-09-23"/>
  </code>
</codes>
<codes class="bip:industries:1.0">
  <code code="I83954">
    <editdetail attribution="Reuters BIP Coding Group" action="confirmed" date="1996-09-23"/>
  </code>
</codes>
<codes class="bip:topics:1.0">
  <code code="C33">
    <editdetail attribution="Reuters BIP Coding Group" action="confirmed" date="1996-09-23"/>
  </code>
  <code code="CCAT">
    <editdetail attribution="Reuters BIP Coding Group" action="confirmed" date="1996-09-23"/>
  </code>
</codes>
<dc element="dc.date.created" value="1996-09-23"/>
<dc element="dc.publisher" value="Reuters Holdings Plc"/>
<dc element="dc.date.published" value="1996-09-23"/>
<dc element="dc.source" value="Reuters"/>
<dc element="dc.creator.location" value="ARLINGTON, Va."/>
<dc element="dc.creator.location.country.name" value="USA"/>
<dc element="dc.source" value="Reuters"/>
</metadata>
</newsitem>
