<?xml version="1.0" encoding="iso-8859-1" ?>
<newsitem itemid="411023" id="root" date="1997-02-28" xml:lang="en">
<title>USA: RESEARCH ALERT -- Intuit cut to hold.</title>
<headline>RESEARCH ALERT -- Intuit cut to hold.</headline>
<text>
<p>-- Deutsche Morgan Grenfell said it downgraded Intuit Inc to hold from accumulate.</p>
<p>-- said Intuit's revenue growth for the first half of 1997 has slowed. DMG said it now expects Intuit to post fiscal year 1997 growth of 13 percent.</p>
<p>-- said operating margins may increase as Intuit cuts costs to offset lower revenues.</p>
<p>-- said Intuit may achieve its earnings per share growth target this year by managing costs. Says next year's earnings will be lower than expected. Additional details were not immediately available.</p>
<p>-- Intuit lost 1-1/4 to 24-1/8.</p>
</text>
<copyright>(c) Reuters Limited 1997</copyright>
<metadata>
<codes class="bip:countries:1.0">
  <code code="USA">
    <editdetail attribution="Reuters BIP Coding Group" action="confirmed" date="1997-02-28"/>
  </code>
</codes>
<codes class="bip:industries:1.0">
  <code code="I33020">
    <editdetail attribution="Reuters BIP Coding Group" action="confirmed" date="1997-02-28"/>
  </code>
  <code code="I3302021">
    <editdetail attribution="Reuters BIP Coding Group" action="confirmed" date="1997-02-28"/>
  </code>
</codes>
<codes class="bip:topics:1.0">
  <code code="C15">
    <editdetail attribution="Reuters BIP Coding Group" action="confirmed" date="1997-02-28"/>
  </code>
  <code code="C152">
    <editdetail attribution="Reuters BIP Coding Group" action="confirmed" date="1997-02-28"/>
  </code>
  <code code="CCAT">
    <editdetail attribution="Reuters BIP Coding Group" action="confirmed" date="1997-02-28"/>
  </code>
</codes>
<dc element="dc.publisher" value="Reuters Holdings Plc"/>
<dc element="dc.date.published" value="1997-02-28"/>
<dc element="dc.source" value="Reuters"/>
<dc element="dc.creator.location.country.name" value="USA"/>
<dc element="dc.source" value="Reuters"/>
</metadata>
</newsitem>
