<?xml version="1.0" encoding="iso-8859-1" ?>
<newsitem itemid="362188" id="root" date="1997-02-06" xml:lang="en">
<title>PORTUGAL: Yield rises on Portuguese 91-day bills.</title>
<headline>Yield rises on Portuguese 91-day bills.</headline>
<dateline>LISBON 1997-02-06</dateline>
<text>
<p>The average yield rose to 6.0868 percent, from 5.8706 percent previously, at the Institute for Public Credit Management's (IGCP) sale of 91-day bills, the Bank of Portugal said.</p>
<p>The IGCP placed 30 billion escudos.</p>
<p>--LISBON BUREAU 3511-3150035</p>
</text>
<copyright>(c) Reuters Limited 1997</copyright>
<metadata>
<codes class="bip:countries:1.0">
  <code code="PORL">
    <editdetail attribution="Reuters BIP Coding Group" action="confirmed" date="1997-02-06"/>
  </code>
</codes>
<codes class="bip:topics:1.0">
  <code code="M13">
    <editdetail attribution="Reuters BIP Coding Group" action="confirmed" date="1997-02-06"/>
  </code>
  <code code="M131">
    <editdetail attribution="Reuters BIP Coding Group" action="confirmed" date="1997-02-06"/>
  </code>
  <code code="MCAT">
    <editdetail attribution="Reuters BIP Coding Group" action="confirmed" date="1997-02-06"/>
  </code>
</codes>
<dc element="dc.date.created" value="1997-02-06"/>
<dc element="dc.publisher" value="Reuters Holdings Plc"/>
<dc element="dc.date.published" value="1997-02-06"/>
<dc element="dc.source" value="Reuters"/>
<dc element="dc.creator.location" value="LISBON"/>
<dc element="dc.creator.location.country.name" value="PORTUGAL"/>
<dc element="dc.source" value="Reuters"/>
</metadata>
</newsitem>
