<?xml version="1.0" encoding="iso-8859-1" ?>
<newsitem itemid="344795" id="root" date="1997-01-30" xml:lang="en">
<title>USA: Cholestech Corp Q3 shr loss $0.01 vs $0.09.</title>
<headline>Cholestech Corp Q3 shr loss $0.01 vs $0.09.</headline>
<dateline>HAYWARD, Calif. 1997-01-29</dateline>
<text>
<p>CONDENSED STATEMENTS OF OPERATIONS</p>
<p>(In thousands, except share and per share amounts, Unaudited)</p>
<p>			   13 weeks ended	  39 weeks ended</p>
<p>			12/27/96   12/29/95   12/27/96    12/29/95</p>
<p>Revenues:</p>
<p>    Domestic	$  2,942   $  1,188   $  8,085    $  3,601</p>
<p>    International	227	  428	  900	   949</p>
<p>			   3,169	1,616	8,985	 4,550</p>
<p>Cost of products sold</p>
<p>			   1,662	1,041	4,931	 2,900</p>
<p> Gross profit	  1,507	  575	4,054	 1,650</p>
<p>Operating expenses:</p>
<p>Sales and marketing</p>
<p>			     989	  806	2,858	 2,206</p>
<p>Research and</p>
<p>     development	 365	  149	  818	   539</p>
<p>General and</p>
<p>     administrative    495	  336	1,374	 1,053</p>
<p>Total operating expenses</p>
<p>			   1,849	1,291	5,050	 3,798</p>
<p>Loss from operations</p>
<p>			   (342)	(716)	(996)	(2,148)</p>
<p> Other income, net     179	   17	  185	   155</p>
<p> Net loss		(163)	(699)	(811)	(1,993)</p>
<p> Net loss per share (0.01)     (0.09)     (0.08)	 (0.25)</p>
<p>Weighted average common</p>
<p>  shares	 11,176,669  8,040,082 10,103,329    8,021,074</p>
</text>
<copyright>(c) Reuters Limited 1997</copyright>
<metadata>
<codes class="bip:countries:1.0">
  <code code="USA">
    <editdetail attribution="Reuters BIP Coding Group" action="confirmed" date="1997-01-30"/>
  </code>
</codes>
<codes class="bip:industries:1.0">
  <code code="I25700">
    <editdetail attribution="Reuters BIP Coding Group" action="confirmed" date="1997-01-30"/>
  </code>
</codes>
<codes class="bip:topics:1.0">
  <code code="C15">
    <editdetail attribution="Reuters BIP Coding Group" action="confirmed" date="1997-01-30"/>
  </code>
  <code code="C151">
    <editdetail attribution="Reuters BIP Coding Group" action="confirmed" date="1997-01-30"/>
  </code>
  <code code="CCAT">
    <editdetail attribution="Reuters BIP Coding Group" action="confirmed" date="1997-01-30"/>
  </code>
</codes>
<dc element="dc.date.created" value="1997-01-29"/>
<dc element="dc.publisher" value="Reuters Holdings Plc"/>
<dc element="dc.date.published" value="1997-01-30"/>
<dc element="dc.source" value="Reuters"/>
<dc element="dc.creator.location" value="HAYWARD, Calif."/>
<dc element="dc.creator.location.country.name" value="USA"/>
<dc element="dc.source" value="Reuters"/>
</metadata>
</newsitem>
