<?xml version="1.0" encoding="iso-8859-1" ?>
<newsitem itemid="576957" id="root" date="1997-05-12" xml:lang="en">
<title>UK: Deutsche Giro sets 1.0 bln mark 7-year Pfandbrief.</title>
<headline>Deutsche Giro sets 1.0 bln mark 7-year Pfandbrief.</headline>
<dateline>LONDON 1997-05-12</dateline>
<text>
<p>The following bond was announced by joint lead managers Deutsche Girozentrale, BGB, HessenLB, NordLB, SachsenLB, SuedwestLB and WestLB.</p>
<p> BORROWER   DEUTSCHE GIROZENTRALE</p>
<p> AMT    1.0 BLN DEM   COUPON     5.0 PCT   MATURITY    14.MAY.04</p>
<p> TYPE	 STRAIGHT  ISS PRICE  98.20     PAY DATE    16.MAY.97</p>
<p> FULL FEES  32.5 BP   REOFFER    97.95     SPREAD	=</p>
<p> MGT/UND    7.5 BP    SELL CONC  25 BP     LISTING    FFT</p>
<p>-- London Newsroom +44 171 542 7658</p>
</text>
<copyright>(c) Reuters Limited 1997</copyright>
<metadata>
<codes class="bip:countries:1.0">
  <code code="GFR">
    <editdetail attribution="Reuters BIP Coding Group" action="confirmed" date="1997-05-12"/>
  </code>
  <code code="UK">
    <editdetail attribution="Reuters BIP Coding Group" action="confirmed" date="1997-05-12"/>
  </code>
</codes>
<codes class="bip:industries:1.0">
  <code code="I81400">
    <editdetail attribution="Reuters BIP Coding Group" action="confirmed" date="1997-05-12"/>
  </code>
</codes>
<codes class="bip:topics:1.0">
  <code code="C17">
    <editdetail attribution="Reuters BIP Coding Group" action="confirmed" date="1997-05-12"/>
  </code>
  <code code="C172">
    <editdetail attribution="Reuters BIP Coding Group" action="confirmed" date="1997-05-12"/>
  </code>
  <code code="CCAT">
    <editdetail attribution="Reuters BIP Coding Group" action="confirmed" date="1997-05-12"/>
  </code>
</codes>
<dc element="dc.date.created" value="1997-05-12"/>
<dc element="dc.publisher" value="Reuters Holdings Plc"/>
<dc element="dc.date.published" value="1997-05-12"/>
<dc element="dc.source" value="Reuters"/>
<dc element="dc.creator.location" value="LONDON"/>
<dc element="dc.creator.location.country.name" value="UK"/>
<dc element="dc.source" value="Reuters"/>
</metadata>
</newsitem>
