<?xml version="1.0" encoding="iso-8859-1" ?>
<newsitem itemid="9284" id="root" date="1996-08-22" xml:lang="en">
<title>MEXICO: Mexican jobs lost in crisis now recovered-Zedillo.</title>
<headline>Mexican jobs lost in crisis now recovered-Zedillo.</headline>
<dateline>MEXICO CITY 1996-08-22</dateline>
<text>
<p>Mexico's President Ernesto Zedillo said Thursday that virtually all the jobs lost during the worst of the country's economic crisis have now been recovered.</p>
<p>&quot;Today we can say that practically all the jobs lost during the most critical part of the crisis have been recovered,&quot; Zedillo said during a tour of the northern state of Coahuila.  </p>
<p>He gave no specific figures but said Mexico still had to create a million jobs a year just to keep pace with the growing working population.</p>
<p>More than a million people are believed to have lost their jobs in the severe recession Mexico went through following the December 1994 peso crisis.</p>
<p>Mexico this week reported second-quarter GDP growth of 7.2 percent compared to the second quarter of last year, however.</p>
<p>Zedillo said earlier this week that the figure showed the economy is now &quot;clearly in a phase of expansion&quot;.</p>
<p>--Martin Langfield, Mexico City newsroom 525 7289558</p>
</text>
<copyright>(c) Reuters Limited 1996</copyright>
<metadata>
<codes class="bip:countries:1.0">
  <code code="MEX">
    <editdetail attribution="Reuters BIP Coding Group" action="confirmed" date="1996-08-22"/>
  </code>
</codes>
<codes class="bip:topics:1.0">
  <code code="E11">
    <editdetail attribution="Reuters BIP Coding Group" action="confirmed" date="1996-08-22"/>
  </code>
  <code code="E41">
    <editdetail attribution="Reuters BIP Coding Group" action="confirmed" date="1996-08-22"/>
  </code>
  <code code="E411">
    <editdetail attribution="Reuters BIP Coding Group" action="confirmed" date="1996-08-22"/>
  </code>
  <code code="ECAT">
    <editdetail attribution="Reuters BIP Coding Group" action="confirmed" date="1996-08-22"/>
  </code>
  <code code="GCAT">
    <editdetail attribution="Reuters BIP Coding Group" action="confirmed" date="1996-08-22"/>
  </code>
  <code code="GJOB">
    <editdetail attribution="Reuters BIP Coding Group" action="confirmed" date="1996-08-22"/>
  </code>
</codes>
<dc element="dc.date.created" value="1996-08-22"/>
<dc element="dc.publisher" value="Reuters Holdings Plc"/>
<dc element="dc.date.published" value="1996-08-22"/>
<dc element="dc.source" value="Reuters"/>
<dc element="dc.creator.location" value="MEXICO CITY"/>
<dc element="dc.creator.location.country.name" value="MEXICO"/>
<dc element="dc.source" value="Reuters"/>
</metadata>
</newsitem>
