<?xml version="1.0" encoding="iso-8859-1" ?>
<newsitem itemid="631189" id="root" date="1997-06-02" xml:lang="en">
<title>INDIA: INDIAN MONEY MARKET RATES - June 2 (1230 IST).</title>
<headline>INDIAN MONEY MARKET RATES - June 2 (1230 IST).</headline>
<text>
<p>Indicative market rates</p>
<p>* Call money:(O/N/)			 4.25-4.75  pct</p>
<p>* Commercial paper: P1+ (90 days)     9.50-12.00 pct</p>
<p>* Commercial paper: P1  (90 days)    12.00-13.00 pct</p>
<p>* Commercial paper: P1+ (30 days)     7.50-8.50  pct</p>
<p>* Commercial paper: P1  (30 days)     8.00-10.00 pct</p>
<p>* Certificate of deposit: 90 day     10.50-12.00 pct</p>
<p>* Treasury bills:</p>
<p>  91  day t-bill			    7.50-7.00 pct</p>
<p>  364 day t-bill			    9.55-9.35  pct</p>
<p>  T-bill maturing on 06/06/97	   5.50-5.00  pct</p>
<p>  T-bill maturing on 20/06/97	   6.50-6.00  pct</p>
<p>  T-bill maturing on 04/07/97	   7.10-7.00  pct</p>
<p>  T-bill maturing on 18/07/97	   7.30-7.00  pct</p>
<p>  T-bill maturing on 15/08/97	   7.75-7.25  pct</p>
<p>  T-bill maturing on 29/08/97	   8.00-7.50  pct</p>
<p>  T-bill maturing on 12/09/97	   8.15-8.00  pct</p>
<p>  T-bill maturing on 10/10/97	   8.35-8.15  pct</p>
<p>  T-bill maturing on 30/01/98	   9.20-8.90  pct</p>
<p>  T-bill maturing on 10/04/98	   9.40-9.30  pct</p>
<p>  T-bill maturing on 24/04/98	   9.55-9.35  pct</p>
<p>.</p>
<p>Inter-corporate deposits:</p>
<p>			(Grade)</p>
<p> 60-90 days	    A		    14.50-16.50 pct</p>
<p> 60-90 days	    B		    16.00-18.50 pct</p>
<p> 60-90 days	    C		    17.50-22.50 pct</p>
<p>.</p>
<p>UTI sale and repurchase prices (Rupees)</p>
<p>---------------------------------------</p>
<p>				 Sale    Repurchase  Secondary Market</p>
<p>				 price   price	 price</p>
<p>  US 64			15.35   14.85</p>
<p>  Mastergain 92	    12.28   11.67</p>
<p>.</p>
<p>* Note: Grade A refers to blue chip corporates</p>
<p>	    Grade B refers to other corporates</p>
<p>* These rates are based on a consensus of rates offered by leading banks.</p>
<p>* To contribute to this daily composite rate, please telephone Money Desk on 022 265-9000.</p>
</text>
<copyright>(c) Reuters Limited 1997</copyright>
<metadata>
<codes class="bip:countries:1.0">
  <code code="INDIA">
    <editdetail attribution="Reuters BIP Coding Group" action="confirmed" date="1997-06-02"/>
  </code>
</codes>
<codes class="bip:topics:1.0">
  <code code="M13">
    <editdetail attribution="Reuters BIP Coding Group" action="confirmed" date="1997-06-02"/>
  </code>
  <code code="M131">
    <editdetail attribution="Reuters BIP Coding Group" action="confirmed" date="1997-06-02"/>
  </code>
  <code code="MCAT">
    <editdetail attribution="Reuters BIP Coding Group" action="confirmed" date="1997-06-02"/>
  </code>
</codes>
<dc element="dc.publisher" value="Reuters Holdings Plc"/>
<dc element="dc.date.published" value="1997-06-02"/>
<dc element="dc.source" value="Reuters"/>
<dc element="dc.creator.location.country.name" value="INDIA"/>
<dc element="dc.source" value="Reuters"/>
</metadata>
</newsitem>
