<?xml version="1.0" encoding="iso-8859-1" ?>
<newsitem itemid="42519" id="root" date="1996-09-09" xml:lang="en">
<title>AUSTRIA: PRESS DIGEST - Austria - Sept 9.</title>
<headline>PRESS DIGEST - Austria - Sept 9.</headline>
<dateline>VIENNA 1996-09-09</dateline>
<text>
<p>The following are the main stories from Monday morning's Austrian newspapers.</p>
<p>DER STANDARD</p>
<p>- Chancellor Franz Vranitzky says he has yet to decide whether he will run for another term after the 1999 general elections.</p>
<p>- Savings bank Die Erste says it may get back in the race for government sell-off candidate Creditanstalt after it left an Austro-Italian-German consortium of bidders on Friday, hours before the group submitted a last-minute offer.</p>
<p>- Creditanstalt unit AVA Bank says operating profit fell to to 182.1 million schillings in 1995 from 268.6 million a year earlier.</p>
<p>KURIER</p>
<p>- Vienna airport plans to expand its transit area for a total of 240 million schillings to prepare for implementation of European Union's Schengen agreement.</p>
<p>- Vienna bourse could see new impulses this week from series of blue-chip earnings due for release.</p>
<p>DIE PRESSE</p>
<p>- Finance Minister Viktor Klima says last-minute bid for Creditanstalt lacks details, needs more information.</p>
<p>- Government considers tender for the country's third mobile phone license.</p>
<p>- 1995 was a good year for Austria's metal industry, but gains should be muted in the current year, the Chamber of Labour says in a study.</p>
<p>- OECD team visits Vienna to gather latest data for next OECD report on Austria.</p>
</text>
<copyright>(c) Reuters Limited 1996</copyright>
<metadata>
<codes class="bip:countries:1.0">
  <code code="AUST">
    <editdetail attribution="Reuters BIP Coding Group" action="confirmed" date="1996-09-09"/>
  </code>
</codes>
<codes class="bip:topics:1.0">
  <code code="GCAT">
    <editdetail attribution="Reuters BIP Coding Group" action="confirmed" date="1996-09-09"/>
  </code>
</codes>
<dc element="dc.date.created" value="1996-09-09"/>
<dc element="dc.publisher" value="Reuters Holdings Plc"/>
<dc element="dc.date.published" value="1996-09-09"/>
<dc element="dc.source" value="Reuters"/>
<dc element="dc.creator.location" value="VIENNA"/>
<dc element="dc.creator.location.country.name" value="AUSTRIA"/>
<dc element="dc.source" value="Reuters"/>
</metadata>
</newsitem>
