<?xml version="1.0" encoding="iso-8859-1" ?>
<newsitem itemid="490598" id="root" date="1997-04-07" xml:lang="en">
<title>NIGERIA: Nigerian 45-day T-bonds sell at 9.6 pct.</title>
<headline>Nigerian 45-day T-bonds sell at 9.6 pct.</headline>
<dateline>LAGOS 1997-04-07</dateline>
<text>
<p>Nigeria's Central Bank said on Wednesday it sold 3,301 million naira worth of 45-day treasury bonds at a weighted average rate of 9.6 percent.</p>
<p>Bids totalled 4,051 million naira and the true yield will be 9.898 percent.</p>
<p>Last week's sales were 6,010 million naira worth of 45-day treasury bonds at a weighted average rate of 9.6 percent.</p>
<p>The central bank also said that on the primary market, 91-day treasury bills worth 7,446 million naira were sold at a marginal rate of 10.0 percent and true yield of 10.25 percent.</p>
<p>It said the bids were worth 10,589 million.</p>
<p>($1=85 naira)</p>
<p>--Lagos newsroom +234 1 263 03 17</p>
</text>
<copyright>(c) Reuters Limited 1997</copyright>
<metadata>
<codes class="bip:countries:1.0">
  <code code="NIGEA">
    <editdetail attribution="Reuters BIP Coding Group" action="confirmed" date="1997-04-07"/>
  </code>
</codes>
<codes class="bip:topics:1.0">
  <code code="M13">
    <editdetail attribution="Reuters BIP Coding Group" action="confirmed" date="1997-04-07"/>
  </code>
  <code code="M131">
    <editdetail attribution="Reuters BIP Coding Group" action="confirmed" date="1997-04-07"/>
  </code>
  <code code="MCAT">
    <editdetail attribution="Reuters BIP Coding Group" action="confirmed" date="1997-04-07"/>
  </code>
</codes>
<dc element="dc.date.created" value="1997-04-07"/>
<dc element="dc.publisher" value="Reuters Holdings Plc"/>
<dc element="dc.date.published" value="1997-04-07"/>
<dc element="dc.source" value="Reuters"/>
<dc element="dc.creator.location" value="LAGOS"/>
<dc element="dc.creator.location.country.name" value="NIGERIA"/>
<dc element="dc.source" value="Reuters"/>
</metadata>
</newsitem>
