<?xml version="1.0" encoding="iso-8859-1" ?>
<newsitem itemid="422983" id="root" date="1997-03-06" xml:lang="en">
<title>USA: Lucent sues Aspect over four patents.</title>
<headline>Lucent sues Aspect over four patents.</headline>
<dateline>MURRAY HILL, N.J. 1997-03-06</dateline>
<text>
<p>Lucent Technologies Inc said Thursday it has filed a patent infringement lawsuit against Aspect Telecommunications Corp in a federal district court in Allentown, Pa.</p>
<p>In the lawsuit, Lucent said it accuses the San Jose, Calif.,-based company of infringing four specific patents in the Aspect CallCenter system, an automatic call distribution (ACD) product.</p>
<p>It said the patents relate to microprocessor-directed call routing, tele-agent management and identification, and computer telephony integration.  </p>
<p>&quot;This filing is part of our ongoing effort to protect our intellectual property rights,&quot; said Richard J. Rawson, senior vice president and general counsel of Lucent Technologies.</p>
<p>No official of Aspect was immediately available to comment.</p>
</text>
<copyright>(c) Reuters Limited 1997</copyright>
<metadata>
<codes class="bip:countries:1.0">
  <code code="USA">
    <editdetail attribution="Reuters BIP Coding Group" action="confirmed" date="1997-03-06"/>
  </code>
</codes>
<codes class="bip:industries:1.0">
  <code code="I34400">
    <editdetail attribution="Reuters BIP Coding Group" action="confirmed" date="1997-03-06"/>
  </code>
</codes>
<codes class="bip:topics:1.0">
  <code code="C12">
    <editdetail attribution="Reuters BIP Coding Group" action="confirmed" date="1997-03-06"/>
  </code>
  <code code="C13">
    <editdetail attribution="Reuters BIP Coding Group" action="confirmed" date="1997-03-06"/>
  </code>
  <code code="CCAT">
    <editdetail attribution="Reuters BIP Coding Group" action="confirmed" date="1997-03-06"/>
  </code>
  <code code="GCAT">
    <editdetail attribution="Reuters BIP Coding Group" action="confirmed" date="1997-03-06"/>
  </code>
  <code code="GCRIM">
    <editdetail attribution="Reuters BIP Coding Group" action="confirmed" date="1997-03-06"/>
  </code>
</codes>
<dc element="dc.date.created" value="1997-03-06"/>
<dc element="dc.publisher" value="Reuters Holdings Plc"/>
<dc element="dc.date.published" value="1997-03-06"/>
<dc element="dc.source" value="Reuters"/>
<dc element="dc.creator.location" value="MURRAY HILL, N.J."/>
<dc element="dc.creator.location.country.name" value="USA"/>
<dc element="dc.source" value="Reuters"/>
</metadata>
</newsitem>
