<?xml version="1.0" encoding="iso-8859-1" ?>
<newsitem itemid="243780" id="root" date="1996-12-09" xml:lang="en">
<title>ITALY: Italian bonds sprint ahead, forget Friday's blues.</title>
<headline>Italian bonds sprint ahead, forget Friday's blues.</headline>
<text>
<p>1710 GMT - Italian bond futures raced ahead as many Euroepan bond market recovered strongly from the sell-off on Friday helped by the stronger dollar and soothing words from Bank of Italy governor Antonio Fazio. He said inflation was averaging 3.8 percent currently for 1996 and noted in a few weeks, data would show whether Italy was going in the right direction.</p>
<p>* Bonds:Jul06 +68bps at 108.93, yield 7.56 pct, spread vs 10-yr Bund 180 bps.</p>
<p>* Futures:Mar LIF +130 bps at 128.70. Sup 128.45. Res 128.90.</p>
<p>* Lira:984.25/4.55 per mark against 985 per mark late Friday.</p>
</text>
<copyright>(c) Reuters Limited 1996</copyright>
<metadata>
<codes class="bip:countries:1.0">
  <code code="ITALY">
    <editdetail attribution="Reuters BIP Coding Group" action="confirmed" date="1996-12-09"/>
  </code>
</codes>
<codes class="bip:topics:1.0">
  <code code="M12">
    <editdetail attribution="Reuters BIP Coding Group" action="confirmed" date="1996-12-09"/>
  </code>
  <code code="M13">
    <editdetail attribution="Reuters BIP Coding Group" action="confirmed" date="1996-12-09"/>
  </code>
  <code code="M131">
    <editdetail attribution="Reuters BIP Coding Group" action="confirmed" date="1996-12-09"/>
  </code>
  <code code="MCAT">
    <editdetail attribution="Reuters BIP Coding Group" action="confirmed" date="1996-12-09"/>
  </code>
</codes>
<dc element="dc.publisher" value="Reuters Holdings Plc"/>
<dc element="dc.date.published" value="1996-12-09"/>
<dc element="dc.source" value="Reuters"/>
<dc element="dc.creator.location.country.name" value="ITALY"/>
<dc element="dc.source" value="Reuters"/>
</metadata>
</newsitem>
