<?xml version="1.0" encoding="iso-8859-1" ?>
<newsitem itemid="508853" id="root" date="1997-04-15" xml:lang="en">
<title>ZIMBABWE: Britain's Prince Andrew to see Africa army drills.</title>
<headline>Britain's Prince Andrew to see Africa army drills.</headline>
<dateline>HARARE 1997-04-15</dateline>
<text>
<p>Britain's Prince Andrew arrived in Zimbabwe on Tuesday for a three-day official visit during which he will witness a landmark joint military exercise by eight southern African nations.</p>
<p>The prince was met at Harare airport by Zimbabwean Foreign Minister Stan Mudenge, and is to meet President Robert Mugabe on Wednesday before travelling to the southern African state's eastern Nyanga district where the 20-day military exercise is being staged.</p>
<p>Britain is partly funding the exercise which ends on April 20.</p>
<p>Some 1,100 troops from Lesotho, Malawi, Mozambique, Namibia, South Africa, Swaziland, Tanzania and Zimbabwe -- all Commonwealth members -- are taking part in the exercise, the first of its kind in Africa aimed at honing peacekeeping skills.</p>
<p>London's Zimbabwe-based British Military Advisory and Training Team is helping run the exercise, code-named Blue Hungwe (Fish Eagle), which it says shows its &quot;commitment to the development of regional peacekeeping operations in Africa&quot;.</p>
<p>President Mugabe will also witness the exercise on Thursday, which is based on United Nations tactics and techniques of international peacekeeping.</p>
</text>
<copyright>(c) Reuters Limited 1997</copyright>
<metadata>
<codes class="bip:countries:1.0">
  <code code="LESOT">
    <editdetail attribution="Reuters BIP Coding Group" action="confirmed" date="1997-04-15"/>
  </code>
  <code code="MALAW">
    <editdetail attribution="Reuters BIP Coding Group" action="confirmed" date="1997-04-15"/>
  </code>
  <code code="MOZAM">
    <editdetail attribution="Reuters BIP Coding Group" action="confirmed" date="1997-04-15"/>
  </code>
  <code code="NAMIB">
    <editdetail attribution="Reuters BIP Coding Group" action="confirmed" date="1997-04-15"/>
  </code>
  <code code="SAFR">
    <editdetail attribution="Reuters BIP Coding Group" action="confirmed" date="1997-04-15"/>
  </code>
  <code code="SWAZD">
    <editdetail attribution="Reuters BIP Coding Group" action="confirmed" date="1997-04-15"/>
  </code>
  <code code="TANZA">
    <editdetail attribution="Reuters BIP Coding Group" action="confirmed" date="1997-04-15"/>
  </code>
  <code code="UK">
    <editdetail attribution="Reuters BIP Coding Group" action="confirmed" date="1997-04-15"/>
  </code>
  <code code="ZIMBAB">
    <editdetail attribution="Reuters BIP Coding Group" action="confirmed" date="1997-04-15"/>
  </code>
</codes>
<codes class="bip:topics:1.0">
  <code code="GCAT">
    <editdetail attribution="Reuters BIP Coding Group" action="confirmed" date="1997-04-15"/>
  </code>
  <code code="GDEF">
    <editdetail attribution="Reuters BIP Coding Group" action="confirmed" date="1997-04-15"/>
  </code>
  <code code="GDIP">
    <editdetail attribution="Reuters BIP Coding Group" action="confirmed" date="1997-04-15"/>
  </code>
</codes>
<dc element="dc.date.created" value="1997-04-15"/>
<dc element="dc.publisher" value="Reuters Holdings Plc"/>
<dc element="dc.date.published" value="1997-04-15"/>
<dc element="dc.source" value="Reuters"/>
<dc element="dc.creator.location" value="HARARE"/>
<dc element="dc.creator.location.country.name" value="ZIMBABWE"/>
<dc element="dc.source" value="Reuters"/>
</metadata>
</newsitem>
