<?xml version="1.0" encoding="iso-8859-1" ?>
<newsitem itemid="332317" id="root" date="1997-01-24" xml:lang="en">
<title>MALAYSIA: PRESS DIGEST - Malaysia - Jan 24.</title>
<headline>PRESS DIGEST - Malaysia - Jan 24.</headline>
<text>
<p>Following are the main stories in Friday's Malaysian newspapers. Reuters has not verified these stories and does not vouch for their accuracy.</p>
<p>ALL PAPERS</p>
<p>-- The government has ordered relevant agencies and public transport companies to come up with solutions to the worsening traffic conditions in Kuala Lumpur in the next two weeks, said Deputy Prime Minister Anwar Ibrahim.</p>
<p>-- The manufacturing sector strengthened further last year, registering significant jumps in proposed approved investments, said International Trade and Industry Minister Rafidah Aziz.</p>
<p>THE STRAITS TIMES</p>
<p>-- A special committee in Sabah state investigating a log-smuggling operation has found documents purportedly issued by the Primary Industries Ministry authorising the export of logs, said Sabah Deputy Chief Minister Abdul Ghapur Salleh.</p>
<p>THE STAR</p>
<p>-- Insurance policy holders have better and clearer protection under the Insurance Act 1996 which came into force in January 1, said the central bank.</p>
<p>-- Investor confidence in banking stocks remain strong despite the surge in the finance sector in the last six months, analysts said.</p>
<p>-- Kuala Lumpur newsroom (603-230 8911)</p>
</text>
<copyright>(c) Reuters Limited 1997</copyright>
<metadata>
<codes class="bip:countries:1.0">
  <code code="MALAY">
    <editdetail attribution="Reuters BIP Coding Group" action="confirmed" date="1997-01-24"/>
  </code>
</codes>
<codes class="bip:topics:1.0">
  <code code="GCAT">
    <editdetail attribution="Reuters BIP Coding Group" action="confirmed" date="1997-01-24"/>
  </code>
</codes>
<dc element="dc.publisher" value="Reuters Holdings Plc"/>
<dc element="dc.date.published" value="1997-01-24"/>
<dc element="dc.source" value="Reuters"/>
<dc element="dc.creator.location.country.name" value="MALAYSIA"/>
<dc element="dc.source" value="Reuters"/>
</metadata>
</newsitem>
