<?xml version="1.0" encoding="iso-8859-1" ?>
<newsitem itemid="172251" id="root" date="1996-11-07" xml:lang="en">
<title>CANADA: CWB chief &quot;concerned&quot; on possible grain price war.</title>
<headline>CWB chief &quot;concerned&quot; on possible grain price war.</headline>
<byline>Gilbert Le Gras</byline>
<dateline>WINNIPEG 1996-11-07</dateline>
<text>
<p>A global grain price war may be looming after the European Union reintroduced wheat and barley export subsidies last month, sparking concerns the United States may not be far behind in reviving subsidies, Canadian Wheat Board chief commissioner Lorne Hehn said on Thursday.</p>
<p>&quot;We are very concerned about the possibility of another full scale trade war in wheat and barley and to this extent, we met recently with our counterparts in the EU to discuss government intervention in the market,&quot; Hehn said in a speech to the United Grain Growers Ltd annual meeting here.  </p>
<p>Canada and Australia, among other wheat exporting nations, campaigned against European and U.S. grain export subsidies for years before those subsidies were suspended last year due to dwindling world grain stocks and soaring grain prices.</p>
<p>But bumper grain crops this year have sent wheat and corn prices plummeting since the summer, creating a much more competitive situation for exporters.</p>
<p>World wheat output in the current marketing year was forecast to be the second largest on record at 573 million tonnes with much of the increase seen in major importing regions such as China, Brazil, and North Africa, Hehn said.  </p>
<p>&quot;We have once again gone from a sellers' market to a buyers' market in a very short time frame,&quot; Hehn said.</p>
<p>Hehn said the EU reintroduced export subsidies equal to C$35 a tonne in wheat and C$50 for barley early in October.</p>
<p>&quot;Of course, the unknown in all of this is whether or not the U.S. will reinstate its Export Enhancement Program (export subsidy),&quot; Hehn said.</p>
<p>Asked if he thought the U.S. would restart EEP subsidies suspended last year, Hehn told Reuters: &quot;It's political, and the Republicans are on record as supporting these things.&quot;  </p>
<p>World wheat demand this year was expected to be 89 million tonnes, Hehn said.</p>
<p>&quot;Argentina's 15-million-tonne crop along with the record Australian 21-million-tonne wheat crop is now causing intense competition in the January forward shipping months,&quot; he added.</p>
<p>Hehn said China was expected to remain the CWB's top milling wheat client and after two years of market development, the CWB made its first ever durum sale to Iran recently, Hehn said.  </p>
<p>&quot;With record barley production on the Prairies, a barley crop of 53 million tonnes in the EU and Australia's barley harvest now under way, competition in feed barley is expected to be fierce,&quot; Hehn said.</p>
<p>Statistics Canada on Oct 8 forecast barley output at a record 15.992 million tonnes, up 23 percent from the previous year's production of 13.035 million tonnes.</p>
<p>&quot;Targeting markets that are not traditional users of Canadian feed barley is a priority,&quot; he said.</p>
<p>South Korea recently reduced feed barley import tariffs, allowing the CWB to conclude its first ever sale there, Hehn said.</p>
<p>-- Winnipeg bureau 204 947 3548</p>
</text>
<copyright>(c) Reuters Limited 1996</copyright>
<metadata>
<codes class="bip:countries:1.0">
  <code code="CANA">
    <editdetail attribution="Reuters BIP Coding Group" action="confirmed" date="1996-11-07"/>
  </code>
  <code code="EEC">
    <editdetail attribution="Reuters BIP Coding Group" action="confirmed" date="1996-11-07"/>
  </code>
  <code code="USA">
    <editdetail attribution="Reuters BIP Coding Group" action="confirmed" date="1996-11-07"/>
  </code>
</codes>
<codes class="bip:industries:1.0">
  <code code="I01001">
    <editdetail attribution="Reuters BIP Coding Group" action="confirmed" date="1996-11-07"/>
  </code>
  <code code="I0100132">
    <editdetail attribution="Reuters BIP Coding Group" action="confirmed" date="1996-11-07"/>
  </code>
  <code code="I41600">
    <editdetail attribution="Reuters BIP Coding Group" action="confirmed" date="1996-11-07"/>
  </code>
</codes>
<codes class="bip:topics:1.0">
  <code code="C13">
    <editdetail attribution="Reuters BIP Coding Group" action="confirmed" date="1996-11-07"/>
  </code>
  <code code="C17">
    <editdetail attribution="Reuters BIP Coding Group" action="confirmed" date="1996-11-07"/>
  </code>
  <code code="C31">
    <editdetail attribution="Reuters BIP Coding Group" action="confirmed" date="1996-11-07"/>
  </code>
  <code code="C312">
    <editdetail attribution="Reuters BIP Coding Group" action="confirmed" date="1996-11-07"/>
  </code>
  <code code="CCAT">
    <editdetail attribution="Reuters BIP Coding Group" action="confirmed" date="1996-11-07"/>
  </code>
  <code code="E51">
    <editdetail attribution="Reuters BIP Coding Group" action="confirmed" date="1996-11-07"/>
  </code>
  <code code="E512">
    <editdetail attribution="Reuters BIP Coding Group" action="confirmed" date="1996-11-07"/>
  </code>
  <code code="ECAT">
    <editdetail attribution="Reuters BIP Coding Group" action="confirmed" date="1996-11-07"/>
  </code>
  <code code="G15">
    <editdetail attribution="Reuters BIP Coding Group" action="confirmed" date="1996-11-07"/>
  </code>
  <code code="G158">
    <editdetail attribution="Reuters BIP Coding Group" action="confirmed" date="1996-11-07"/>
  </code>
  <code code="GCAT">
    <editdetail attribution="Reuters BIP Coding Group" action="confirmed" date="1996-11-07"/>
  </code>
  <code code="M14">
    <editdetail attribution="Reuters BIP Coding Group" action="confirmed" date="1996-11-07"/>
  </code>
  <code code="M141">
    <editdetail attribution="Reuters BIP Coding Group" action="confirmed" date="1996-11-07"/>
  </code>
  <code code="MCAT">
    <editdetail attribution="Reuters BIP Coding Group" action="confirmed" date="1996-11-07"/>
  </code>
</codes>
<dc element="dc.date.created" value="1996-11-07"/>
<dc element="dc.publisher" value="Reuters Holdings Plc"/>
<dc element="dc.date.published" value="1996-11-07"/>
<dc element="dc.source" value="Reuters"/>
<dc element="dc.creator.location" value="WINNIPEG"/>
<dc element="dc.creator.location.country.name" value="CANADA"/>
<dc element="dc.source" value="Reuters"/>
</metadata>
</newsitem>
