<?xml version="1.0" encoding="iso-8859-1" ?>
<newsitem itemid="514645" id="root" date="1997-04-16" xml:lang="en">
<title>USA: N.Y. certificated cotton stocks stay at 221,862.</title>
<headline>N.Y. certificated cotton stocks stay at 221,862.</headline>
<dateline>NEW YORK 1997-04-16</dateline>
<text>
<p>Certificated cotton stocks deliverable against New York Cotton Exchange's No. 2 cotton futures contract as of April 15 totaled 221,862 bales, unchaged from the previous session.</p>
<p>There were no bales issued, no decertification orders, no cancellations, and 569 bales awaiting review.</p>
<p>((-- New York Commodity Desk, 212-859-1640))</p>
</text>
<copyright>(c) Reuters Limited 1997</copyright>
<metadata>
<codes class="bip:countries:1.0">
  <code code="USA">
    <editdetail attribution="Reuters BIP Coding Group" action="confirmed" date="1997-04-16"/>
  </code>
</codes>
<codes class="bip:topics:1.0">
  <code code="M14">
    <editdetail attribution="Reuters BIP Coding Group" action="confirmed" date="1997-04-16"/>
  </code>
  <code code="M141">
    <editdetail attribution="Reuters BIP Coding Group" action="confirmed" date="1997-04-16"/>
  </code>
  <code code="MCAT">
    <editdetail attribution="Reuters BIP Coding Group" action="confirmed" date="1997-04-16"/>
  </code>
</codes>
<dc element="dc.date.created" value="1997-04-16"/>
<dc element="dc.publisher" value="Reuters Holdings Plc"/>
<dc element="dc.date.published" value="1997-04-16"/>
<dc element="dc.source" value="Reuters"/>
<dc element="dc.creator.location" value="NEW YORK"/>
<dc element="dc.creator.location.country.name" value="USA"/>
<dc element="dc.source" value="Reuters"/>
</metadata>
</newsitem>
