<?xml version="1.0" encoding="iso-8859-1" ?>
<newsitem itemid="659779" id="root" date="1997-06-13" xml:lang="en">
<title>USA: Van Kampen American Capital Trust for Investment Grade Municipals Q2 net.</title>
<headline>Van Kampen American Capital Trust for Investment Grade Municipals Q2 net.</headline>
<dateline>OAKBROOK TERRACE, Ill. 1997-06-13</dateline>
<text>
<p>1996			1995</p>
<p> Shr			  $0.25		   $0.263</p>
<p> Net			  9,000		    9,400</p>
<p>		     SIX MONTHS</p>
<p> Shr primary	     $0.512		   $0.514</p>
<p> Net			 18,500		   18,700</p>
<p>(All Data Above 000s Except Per Share Numbers)</p>
<p>NOTE: Full name is Van Kampen American Capital Trust for Investment Grade Municipals.</p>
<p>Period ended April 30.</p>
<p>Q2 1997 net income available to common shareholders $6.8 million vs $7.1 million. Six-month 1997 net earnings available to common shareholders $13.8 million vs $13.9 million.</p>
<p>((Reuters Chicago Newsdesk (312) 408-8787))</p>
</text>
<copyright>(c) Reuters Limited 1997</copyright>
<metadata>
<codes class="bip:countries:1.0">
  <code code="USA">
    <editdetail attribution="Reuters BIP Coding Group" action="confirmed" date="1997-06-13"/>
  </code>
</codes>
<codes class="bip:industries:1.0">
  <code code="I81502">
    <editdetail attribution="Reuters BIP Coding Group" action="confirmed" date="1997-06-13"/>
  </code>
  <code code="I8150206">
    <editdetail attribution="Reuters BIP Coding Group" action="confirmed" date="1997-06-13"/>
  </code>
</codes>
<codes class="bip:topics:1.0">
  <code code="C15">
    <editdetail attribution="Reuters BIP Coding Group" action="confirmed" date="1997-06-13"/>
  </code>
  <code code="C151">
    <editdetail attribution="Reuters BIP Coding Group" action="confirmed" date="1997-06-13"/>
  </code>
  <code code="CCAT">
    <editdetail attribution="Reuters BIP Coding Group" action="confirmed" date="1997-06-13"/>
  </code>
</codes>
<dc element="dc.date.created" value="1997-06-13"/>
<dc element="dc.publisher" value="Reuters Holdings Plc"/>
<dc element="dc.date.published" value="1997-06-13"/>
<dc element="dc.source" value="Reuters"/>
<dc element="dc.creator.location" value="OAKBROOK TERRACE, Ill."/>
<dc element="dc.creator.location.country.name" value="USA"/>
<dc element="dc.source" value="Reuters"/>
</metadata>
</newsitem>
