<?xml version="1.0" encoding="iso-8859-1" ?>
<newsitem itemid="370838" id="root" date="1997-02-11" xml:lang="en">
<title>UK: Sears Roebuck sets $300 mln five-year bond.</title>
<headline>Sears Roebuck sets $300 mln five-year bond.</headline>
<dateline>LONDON 1997-02-11</dateline>
<text>
<p>The following bond was announced by lead manager J.P. Morgan.</p>
<p> BORROWER   SEARS ROEBUCK ACCEPTANCE CORP</p>
<p> AMT    $300 MLN	COUPON     **	  MATURITY    25.FEB.02</p>
<p> TYPE	 STRAIGHT  ISS PRICE  **	  PAY DATE    25.FEB.97</p>
<p> FULL FEES  1.875     REOFFER    **	  SPREAD	+40 BP</p>
<p> NOTES	**TO BE PRICED LATER</p>
<p> MOODY	A2	  LISTING    LUX	 PAY FREQ    ANNUAL</p>
<p> S&amp;P	  A-	  DENOMS (K) 1-10-100  SALE LIMITS US/UK</p>
<p> NEG PLG    NO	  CRS DEFLT  NO	  FORCE MAJ   YES</p>
<p> GOV LAW    N.Y	 HOME CTRY  U.S	 TAX PROVS   STD</p>
<p> MGT/UND    0.325     SELL CONC  1.55	PRAECIPUUM  =</p>
<p>-- London Newsroom +44 171 542 7658</p>
</text>
<copyright>(c) Reuters Limited 1997</copyright>
<metadata>
<codes class="bip:countries:1.0">
  <code code="UK">
    <editdetail attribution="Reuters BIP Coding Group" action="confirmed" date="1997-02-11"/>
  </code>
  <code code="USA">
    <editdetail attribution="Reuters BIP Coding Group" action="confirmed" date="1997-02-11"/>
  </code>
</codes>
<codes class="bip:industries:1.0">
  <code code="I83960">
    <editdetail attribution="Reuters BIP Coding Group" action="confirmed" date="1997-02-11"/>
  </code>
</codes>
<codes class="bip:topics:1.0">
  <code code="C17">
    <editdetail attribution="Reuters BIP Coding Group" action="confirmed" date="1997-02-11"/>
  </code>
  <code code="C172">
    <editdetail attribution="Reuters BIP Coding Group" action="confirmed" date="1997-02-11"/>
  </code>
  <code code="CCAT">
    <editdetail attribution="Reuters BIP Coding Group" action="confirmed" date="1997-02-11"/>
  </code>
</codes>
<dc element="dc.date.created" value="1997-02-11"/>
<dc element="dc.publisher" value="Reuters Holdings Plc"/>
<dc element="dc.date.published" value="1997-02-11"/>
<dc element="dc.source" value="Reuters"/>
<dc element="dc.creator.location" value="LONDON"/>
<dc element="dc.creator.location.country.name" value="UK"/>
<dc element="dc.source" value="Reuters"/>
</metadata>
</newsitem>
