<?xml version="1.0" encoding="iso-8859-1" ?>
<newsitem itemid="5303" id="root" date="1996-08-21" xml:lang="en">
<title>SWEDEN: Volvo sales for H1 by unit.</title>
<headline>Volvo sales for H1 by unit.</headline>
<dateline>STOCKHOLM 1996-08-21</dateline>
<text>
<p>Divisions of Swedish vehicle manufacturer AB Volvo report sales for the six months to June 30, 1996, compared with the same period a year ago.</p>
<p>					(million crowns unless stated)</p>
<p> Volvo Car				   39,828 vs 42,729</p>
<p> Volvo Truck				 23,112 vs 25,744</p>
<p> Volvo Bus				    4,213 vs  3,559</p>
<p> Volvo Construction Equipment	   6,695 vs	-</p>
<p> Volvo Penta				  2,002 vs  2,067</p>
<p> Volvo Aero				   1,962 vs  1,716</p>
<p>Other subsidiaries and eliminations</p>
<p>					 CHARGE 1,546 vs    552 CHARGE</p>
<p> TOTAL AUTOMOTIVE OPERATIONS	   76,266 vs 75,263</p>
<p> VOLVO GROUP TOTAL			 78,059 vs 85,134</p>
<p>-- Stockholm newsroom +46-8-7001017</p>
</text>
<copyright>(c) Reuters Limited 1996</copyright>
<metadata>
<codes class="bip:countries:1.0">
  <code code="SWED">
    <editdetail attribution="Reuters BIP Coding Group" action="confirmed" date="1996-08-21"/>
  </code>
</codes>
<codes class="bip:industries:1.0">
  <code code="I35000">
    <editdetail attribution="Reuters BIP Coding Group" action="confirmed" date="1996-08-21"/>
  </code>
</codes>
<codes class="bip:topics:1.0">
  <code code="C31">
    <editdetail attribution="Reuters BIP Coding Group" action="confirmed" date="1996-08-21"/>
  </code>
  <code code="CCAT">
    <editdetail attribution="Reuters BIP Coding Group" action="confirmed" date="1996-08-21"/>
  </code>
</codes>
<dc element="dc.date.created" value="1996-08-21"/>
<dc element="dc.publisher" value="Reuters Holdings Plc"/>
<dc element="dc.date.published" value="1996-08-21"/>
<dc element="dc.source" value="Reuters"/>
<dc element="dc.creator.location" value="STOCKHOLM"/>
<dc element="dc.creator.location.country.name" value="SWEDEN"/>
<dc element="dc.source" value="Reuters"/>
</metadata>
</newsitem>
