<?xml version="1.0" encoding="iso-8859-1" ?>
<newsitem itemid="740185" id="root" date="1997-07-18" xml:lang="en">
<title>SPAIN: Madrid stocks tumble, eye Wall St, futures expiry.</title>
<headline>Madrid stocks tumble, eye Wall St, futures expiry.</headline>
<text>
<p>MADRID, July 18 (Reuter) 1415 GMT - Madrid shares fell sharply in late trade on Friday, eyeing a one percent drop on Wall Street and amid the expiry of the July Ibex futures contract, dealers said. * Ibex down 228.65 points, 3.25 percent, to 6,806.13 * No clear support seen, but closing losses should hinge on Wall Street's performance, dealers said.</p>
<p>&quot;We've been due for this one for some time, but such a sharp fall in one day might make people nervous. We'll have to see what Wall Street does,&quot; said a trader at a foreign brokerage.</p>
<p>-- Madrid newsroom +341 585 2160</p>
</text>
<copyright>(c) Reuters Limited 1997</copyright>
<metadata>
<codes class="bip:countries:1.0">
  <code code="SPAIN">
    <editdetail attribution="Reuters BIP Coding Group" action="confirmed" date="1997-07-18"/>
  </code>
</codes>
<codes class="bip:topics:1.0">
  <code code="M11">
    <editdetail attribution="Reuters BIP Coding Group" action="confirmed" date="1997-07-18"/>
  </code>
  <code code="MCAT">
    <editdetail attribution="Reuters BIP Coding Group" action="confirmed" date="1997-07-18"/>
  </code>
</codes>
<dc element="dc.publisher" value="Reuters Holdings Plc"/>
<dc element="dc.date.published" value="1997-07-18"/>
<dc element="dc.source" value="Reuters"/>
<dc element="dc.creator.location.country.name" value="SPAIN"/>
<dc element="dc.source" value="Reuters"/>
</metadata>
</newsitem>
