<?xml version="1.0" encoding="iso-8859-1" ?>
<newsitem itemid="317173" id="root" date="1997-01-19" xml:lang="en">
<title>USA: NHL-LINESCORE OF ALL-STAR GAME.</title>
<headline>NHL-LINESCORE OF ALL-STAR GAME.</headline>
<dateline>SAN JOSE, California 1997-01-18</dateline>
<text>
<p>Linescore of</p>
<p>National Hockey League All-Star Game on Saturday:</p>
<p>			   1ST  2ND  3RD     TOTAL</p>
<p>			   ---  ---  ---     -----</p>
<p> EASTERN CONFERENCE   4    6    1	 11</p>
<p> WESTERN CONFERENCE   2    4    1	  7</p>
<p>(MARK REECHI OF THE EAST NAMED MVP OF THE GAME)</p>
<p>GOAL SCORING:</p>
<p>1ST PERIOD</p>
<p>EASTERN - JOHN LECLAIR 1 (PETER BONDRA, SCOTT STEVENS) 8:52</p>
<p>EASTERN - MARIO LEMIEUX 1 (WAYNE GRETZKY) 9:49</p>
<p>EASTERN - MARK RECCHI 1 (MARK MESSIER, DANIEL ALFREDSSON)</p>
<p>15:32</p>
<p>EASTERN - DALE HAWERCHUK 1 (ERIC LINDROS, PAUL COFFEY) 16:19</p>
<p>WESTERN - PAVEL BURE 1 (MATS SUNDIN, TONY AMONTE) 17:36</p>
<p>WESTERN - PAUL KARIYA 1 (PAVEL BURE, SANDIS OZOLINSH) 18:36</p>
<p>2ND PERIOD</p>
<p>EASTERN - MARK RECCHI 2 (ROBERT SVEHLA, MARK MESSIER) 1:56</p>
<p>EASTERN - GEOFF SANDERSON 1 (ERIC LINDROS) 3:21</p>
<p>WESTERN - PAVEL BURE 2 (TEEMU SELANNE, VIACHESLAV FETISOV)</p>
<p>4:40</p>
<p>EASTERN - MARIO LEMIEUX 2 (ROBERT SVEHLA, DINO CICCARELLI)</p>
<p>6:09</p>
<p>EASTERN - MARK MESSIER 1 (KEVIN HATCHER, DANIEL ALFREDSSON)</p>
<p>8:45</p>
<p>EASTERN - MARK RECCHI 3 (ADAM OATES, MARIO LEMIEUX) 10:57</p>
<p>WESTERN - (PP) BRENDAN SHANAHAN 1 (BRETT HULL, SANDIS</p>
<p>OZOLINSH) 16:38</p>
<p>EASTERN - DALE HAWERCHUK 2 (JOHN LECLAIR, SCOTT STEVENS)</p>
<p>17:28</p>
<p>WESTERN - OWEN NOLAN 1 (THEOREN FLEURY, SANDIS OZOLINSH)</p>
<p>18:54</p>
<p>WESTERN - OWEN NOLAN 2 (TONY AMONTE) 19:02</p>
<p>3RD PERIOD</p>
<p>EASTERN - JOHN LECLAIR 2 (PETER BONDRA, ADAM OATES) 8:50</p>
<p>WESTERN - OWEN NOLAN 3 (UNASSISTED) 17:57</p>
<p>POWER-PLAY CONVERSIONS: EAST - 0 OF 0, WEST - 1 OF 2.</p>
<p>SHOTS ON GOAL:</p>
<p>			   1ST  2ND  3RD     TOTAL</p>
<p>			   ---  ---  ---     -----</p>
<p> EASTERN CONFERENCE   15   15   11	 41</p>
<p> WESTERN CONFERENCE   12   13   21	 46</p>
<p>GOALIES:</p>
<p>EASTERN - JOHN VANSBIESBROUCK, M BRODEUR (2ND), DOMINIK HASEK</p>
<p>(3RD)</p>
<p>WESTERN - PATRICK ROY, ANDY MOOG (2ND), GUY HEBERT (3RD)</p>
<p>	     OFFICIALS: REF - SCHICK.  LIN - ASSELSTINE, HODGES</p>
</text>
<copyright>(c) Reuters Limited 1997</copyright>
<metadata>
<codes class="bip:countries:1.0">
  <code code="USA">
    <editdetail attribution="Reuters BIP Coding Group" action="confirmed" date="1997-01-19"/>
  </code>
</codes>
<codes class="bip:topics:1.0">
  <code code="GCAT">
    <editdetail attribution="Reuters BIP Coding Group" action="confirmed" date="1997-01-19"/>
  </code>
  <code code="GSPO">
    <editdetail attribution="Reuters BIP Coding Group" action="confirmed" date="1997-01-19"/>
  </code>
</codes>
<dc element="dc.date.created" value="1997-01-18"/>
<dc element="dc.publisher" value="Reuters Holdings Plc"/>
<dc element="dc.date.published" value="1997-01-19"/>
<dc element="dc.source" value="Reuters"/>
<dc element="dc.creator.location" value="SAN JOSE, California"/>
<dc element="dc.creator.location.country.name" value="USA"/>
<dc element="dc.source" value="Reuters"/>
</metadata>
</newsitem>
