<?xml version="1.0" encoding="iso-8859-1" ?>
<newsitem itemid="92227" id="root" date="1996-10-02" xml:lang="en">
<title>FRANCE: Sommer Allibert sees double-digit rise.</title>
<headline>Sommer Allibert sees double-digit rise.</headline>
<dateline>PARIS 1996-10-02</dateline>
<text>
<p>Sommer Allibert expects double-digit profit growth this year, chairman Marc Assa said on Wednesday.</p>
<p>He also said the group would carry out asset sales of some 500 million francs by the end of the year.</p>
<p>The group had a first-half net attributable profit of 141.9 million francs, down from 203.2 million francs.</p>
</text>
<copyright>(c) Reuters Limited 1996</copyright>
<metadata>
<codes class="bip:countries:1.0">
  <code code="FRA">
    <editdetail attribution="Reuters BIP Coding Group" action="confirmed" date="1996-10-02"/>
  </code>
</codes>
<codes class="bip:industries:1.0">
  <code code="I48300">
    <editdetail attribution="Reuters BIP Coding Group" action="confirmed" date="1996-10-02"/>
  </code>
</codes>
<codes class="bip:topics:1.0">
  <code code="C15">
    <editdetail attribution="Reuters BIP Coding Group" action="confirmed" date="1996-10-02"/>
  </code>
  <code code="C152">
    <editdetail attribution="Reuters BIP Coding Group" action="confirmed" date="1996-10-02"/>
  </code>
  <code code="CCAT">
    <editdetail attribution="Reuters BIP Coding Group" action="confirmed" date="1996-10-02"/>
  </code>
</codes>
<dc element="dc.date.created" value="1996-10-02"/>
<dc element="dc.publisher" value="Reuters Holdings Plc"/>
<dc element="dc.date.published" value="1996-10-02"/>
<dc element="dc.source" value="Reuters"/>
<dc element="dc.creator.location" value="PARIS"/>
<dc element="dc.creator.location.country.name" value="FRANCE"/>
<dc element="dc.source" value="Reuters"/>
</metadata>
</newsitem>
