<?xml version="1.0" encoding="iso-8859-1" ?>
<newsitem itemid="166677" id="root" date="1996-11-05" xml:lang="en">
<title>USA: Iowa-S Minn fed cattle not tested - USDA.</title>
<headline>Iowa-S Minn fed cattle not tested - USDA.</headline>
<dateline>DES MOINES 1996-11-05</dateline>
<text>
<p>Slaughter steers and heifers were not tested on a live basis, compared with Monday's close, USDA said. Trade slow. Demand moderate. Seller interest light. Offerings light and current.</p>
<p>Steers - Select to mostly Choice 2-4 no sales. Heifers - Select to mostly Choice 2-4 no sales.</p>
<p>	 Carcass Basis (weight only) Compared Mondays close -</p>
<p>Slaughter steers and heifers not well tested with a firm undertone noted.</p>
<p>Steers - Select to mostly Choice 2-4 1200-1300 lbs few 116.00-117.00. Holstein - (weight only) Select to mostly Choice 2-3 1250-1400 lbs 105.00-107.00. Holsteins - ( grade and weight) Choice 2-3 1250-1450 lbs ld 108.00 Select 2-3 1250-1450 lbs 102.00.</p>
<p>Heifers - Select to mostly Choice 2-4 no sales.</p>
<p>Confirmed -    500  Week Ago -  9,600  Year Ago -  6,600</p>
<p>Wk to Date-  4,000  Week Ago - 16,200  Year Ago - 11,500</p>
<p>(Chicago newsdesk 312 408 8720)</p>
</text>
<copyright>(c) Reuters Limited 1996</copyright>
<metadata>
<codes class="bip:countries:1.0">
  <code code="USA">
    <editdetail attribution="Reuters BIP Coding Group" action="confirmed" date="1996-11-05"/>
  </code>
</codes>
<codes class="bip:topics:1.0">
  <code code="M14">
    <editdetail attribution="Reuters BIP Coding Group" action="confirmed" date="1996-11-05"/>
  </code>
  <code code="M141">
    <editdetail attribution="Reuters BIP Coding Group" action="confirmed" date="1996-11-05"/>
  </code>
  <code code="MCAT">
    <editdetail attribution="Reuters BIP Coding Group" action="confirmed" date="1996-11-05"/>
  </code>
</codes>
<dc element="dc.date.created" value="1996-11-05"/>
<dc element="dc.publisher" value="Reuters Holdings Plc"/>
<dc element="dc.date.published" value="1996-11-05"/>
<dc element="dc.source" value="Reuters"/>
<dc element="dc.creator.location" value="DES MOINES"/>
<dc element="dc.creator.location.country.name" value="USA"/>
<dc element="dc.source" value="Reuters"/>
</metadata>
</newsitem>
