<?xml version="1.0" encoding="iso-8859-1" ?>
<newsitem itemid="47233" id="root" date="1996-09-11" xml:lang="en">
<title>BELGIUM: BARCO SEES RISE IN 1996 CURRENT PROFIT.</title>
<headline>BARCO SEES RISE IN 1996 CURRENT PROFIT.</headline>
<dateline>BRUSSELS 1996-09-11</dateline>
<text>
<p>Belgian electronics stock Barco said in a statement it expected full year 1996 current net profit to grow by 25 percent.</p>
<p>&quot;Barco also expects to be able to have 10 to 15 percent growth of current net profit internally in 1997,&quot; the company said. &quot;This growth doesn't take account of any future acquisitions.&quot;</p>
<p>Concerning acquisitions, the company added that it currently had over five billion Belgian francs in available cash.</p>
<p>-- Brussels Newsroom +32 2 287 6810, Fax +32 2 230 7710</p>
</text>
<copyright>(c) Reuters Limited 1996</copyright>
<metadata>
<codes class="bip:countries:1.0">
  <code code="BELG">
    <editdetail attribution="Reuters BIP Coding Group" action="confirmed" date="1996-09-11"/>
  </code>
</codes>
<codes class="bip:industries:1.0">
  <code code="I34000">
    <editdetail attribution="Reuters BIP Coding Group" action="confirmed" date="1996-09-11"/>
  </code>
</codes>
<codes class="bip:topics:1.0">
  <code code="C15">
    <editdetail attribution="Reuters BIP Coding Group" action="confirmed" date="1996-09-11"/>
  </code>
  <code code="C152">
    <editdetail attribution="Reuters BIP Coding Group" action="confirmed" date="1996-09-11"/>
  </code>
  <code code="CCAT">
    <editdetail attribution="Reuters BIP Coding Group" action="confirmed" date="1996-09-11"/>
  </code>
</codes>
<dc element="dc.date.created" value="1996-09-11"/>
<dc element="dc.publisher" value="Reuters Holdings Plc"/>
<dc element="dc.date.published" value="1996-09-11"/>
<dc element="dc.source" value="Reuters"/>
<dc element="dc.creator.location" value="BRUSSELS"/>
<dc element="dc.creator.location.country.name" value="BELGIUM"/>
<dc element="dc.source" value="Reuters"/>
</metadata>
</newsitem>
