<?xml version="1.0" encoding="iso-8859-1" ?>
<newsitem itemid="248427" id="root" date="1996-12-11" xml:lang="en">
<title>USA: Fed refrains from open market operations.</title>
<headline>Fed refrains from open market operations.</headline>
<dateline>NEW YORK 1996-12-11</dateline>
<text>
<p>The Federal Reserve refrained from open market operations on Wednesday, dealers said.</p>
<p>Analysts had expected the Fed to take no action, saying that the Fed's temporary addition of reserves to the banking system on Monday through three-day-system repurchase agreements had adequately addressed the current reserve need.</p>
<p>As evidence for this, they cited the Federal funds rate which was trading at 5-3/16 percent during the morning and at the Fed's habitual time for open market operations.</p>
<p>The Fed's target for the funds rate is 5-1/4 percent.</p>
<p>-- North American Treasury Desk 212-859-1679</p>
</text>
<copyright>(c) Reuters Limited 1996</copyright>
<metadata>
<codes class="bip:countries:1.0">
  <code code="USA">
    <editdetail attribution="Reuters BIP Coding Group" action="confirmed" date="1996-12-11"/>
  </code>
</codes>
<codes class="bip:topics:1.0">
  <code code="M13">
    <editdetail attribution="Reuters BIP Coding Group" action="confirmed" date="1996-12-11"/>
  </code>
  <code code="M131">
    <editdetail attribution="Reuters BIP Coding Group" action="confirmed" date="1996-12-11"/>
  </code>
  <code code="MCAT">
    <editdetail attribution="Reuters BIP Coding Group" action="confirmed" date="1996-12-11"/>
  </code>
</codes>
<dc element="dc.date.created" value="1996-12-11"/>
<dc element="dc.publisher" value="Reuters Holdings Plc"/>
<dc element="dc.date.published" value="1996-12-11"/>
<dc element="dc.source" value="Reuters"/>
<dc element="dc.creator.location" value="NEW YORK"/>
<dc element="dc.creator.location.country.name" value="USA"/>
<dc element="dc.source" value="Reuters"/>
</metadata>
</newsitem>
