<?xml version="1.0" encoding="iso-8859-1" ?>
<newsitem itemid="36820" id="root" date="1996-09-06" xml:lang="en">
<title>UK: NWE oil products mainly firmer, focus on gas oil.</title>
<headline>NWE oil products mainly firmer, focus on gas oil.</headline>
<dateline>LONDON 1996-09-06</dateline>
<text>
<p>NWE oil products were generally firmer, gas oil dominating the markets, traders said.</p>
<p>Naphtha prices edged higher on the back of firmer crude but discussion was very thin with buyers relaxed.</p>
<p>Gasoline prices were mixed, barges firmed amid tight Rotterdam supply, European cargoes eased on slack demand and arbitrage cargoes fob U.K. steadied on afternoon NYMEX gains.</p>
<p>Prompt heating oil prices were firmly ensconced above $220 a tonne with concerns over tight supply inflating premiums.</p>
<p>High sulphur fuel oil was firm. A cargo traded at a hefty $109 fob ARA while a low sulphur cargo traded at $106 fob ARA.</p>
</text>
<copyright>(c) Reuters Limited 1996</copyright>
<metadata>
<codes class="bip:countries:1.0">
  <code code="UK">
    <editdetail attribution="Reuters BIP Coding Group" action="confirmed" date="1996-09-06"/>
  </code>
</codes>
<codes class="bip:topics:1.0">
  <code code="M14">
    <editdetail attribution="Reuters BIP Coding Group" action="confirmed" date="1996-09-06"/>
  </code>
  <code code="M143">
    <editdetail attribution="Reuters BIP Coding Group" action="confirmed" date="1996-09-06"/>
  </code>
  <code code="MCAT">
    <editdetail attribution="Reuters BIP Coding Group" action="confirmed" date="1996-09-06"/>
  </code>
</codes>
<dc element="dc.date.created" value="1996-09-06"/>
<dc element="dc.publisher" value="Reuters Holdings Plc"/>
<dc element="dc.date.published" value="1996-09-06"/>
<dc element="dc.source" value="Reuters"/>
<dc element="dc.creator.location" value="LONDON"/>
<dc element="dc.creator.location.country.name" value="UK"/>
<dc element="dc.source" value="Reuters"/>
</metadata>
</newsitem>
