<?xml version="1.0" encoding="iso-8859-1" ?>
<newsitem itemid="598842" id="root" date="1997-05-20" xml:lang="en">
<title>FINLAND: LATER EMU ENTRY NO GOOD FOR FINLAND -MATTI VANHALA.</title>
<headline>LATER EMU ENTRY NO GOOD FOR FINLAND -MATTI VANHALA.</headline>
<dateline>HELSINKI 1997-05-20</dateline>
<text>
<p>Bank of Finland board member Matti Vanhala said on Tuesday that the least satisfactory solution would be for Finland to delay its entry into the European economic and monetary union beyond the 1999 start-up.</p>
<p>&quot;The most difficult would be to say 'Yes, but later',&quot; Vanhala told an EMU seminar arranged by the Metal Workers Union.</p>
<p>Vanhala said that once a country decides either to join or stay out of EMU, &quot;financial markets would begin to act accordingly.&quot;</p>
<p>Regardless of a country's long-term propsects for joining EMU, during the transition phase, those opting out would be vulnerable to interest rate disturbances, Vanhala said.</p>
<p>Vanhala said Europe's current fragmented monetary situation fed speculation.</p>
<p>&quot;Every exchange rate and interest rate movement makes it possible to speculate,&quot; Vanhala said, and added that it was reasonable to assume that monetary conditions would be more stable in the single currency area.</p>
<p>Vanhala said that monetary union should be judged on whether it was likely to bring stable monetary conditions.</p>
<p>The stability pact for EMU added no major obligations to what was already agreed in the Maastrict treaty, Vanhala said.</p>
<p>He said that Finland's own deficit reduction objectives in any case went beyond the requirements for EMU.</p>
<p>&quot;Our goal has been that the public sector should move close to equilibrium,&quot; Vanhala said.</p>
<p>--Helsinki Newsroom +358-9-680 50 235</p>
</text>
<copyright>(c) Reuters Limited 1997</copyright>
<metadata>
<codes class="bip:countries:1.0">
  <code code="EEC">
    <editdetail attribution="Reuters BIP Coding Group" action="confirmed" date="1997-05-20"/>
  </code>
  <code code="FIN">
    <editdetail attribution="Reuters BIP Coding Group" action="confirmed" date="1997-05-20"/>
  </code>
</codes>
<codes class="bip:topics:1.0">
  <code code="E12">
    <editdetail attribution="Reuters BIP Coding Group" action="confirmed" date="1997-05-20"/>
  </code>
  <code code="ECAT">
    <editdetail attribution="Reuters BIP Coding Group" action="confirmed" date="1997-05-20"/>
  </code>
  <code code="G15">
    <editdetail attribution="Reuters BIP Coding Group" action="confirmed" date="1997-05-20"/>
  </code>
  <code code="G154">
    <editdetail attribution="Reuters BIP Coding Group" action="confirmed" date="1997-05-20"/>
  </code>
  <code code="GCAT">
    <editdetail attribution="Reuters BIP Coding Group" action="confirmed" date="1997-05-20"/>
  </code>
  <code code="M13">
    <editdetail attribution="Reuters BIP Coding Group" action="confirmed" date="1997-05-20"/>
  </code>
  <code code="M132">
    <editdetail attribution="Reuters BIP Coding Group" action="confirmed" date="1997-05-20"/>
  </code>
  <code code="MCAT">
    <editdetail attribution="Reuters BIP Coding Group" action="confirmed" date="1997-05-20"/>
  </code>
</codes>
<dc element="dc.date.created" value="1997-05-20"/>
<dc element="dc.publisher" value="Reuters Holdings Plc"/>
<dc element="dc.date.published" value="1997-05-20"/>
<dc element="dc.source" value="Reuters"/>
<dc element="dc.creator.location" value="HELSINKI"/>
<dc element="dc.creator.location.country.name" value="FINLAND"/>
<dc element="dc.source" value="Reuters"/>
</metadata>
</newsitem>
