<?xml version="1.0" encoding="iso-8859-1" ?>
<newsitem itemid="455138" id="root" date="1997-03-19" xml:lang="en">
<title>LITHUANIA: LITHUANIA-DIRBTINIES NEEDS 20 MLN LITAS INVESTMENT.</title>
<headline>LITHUANIA-DIRBTINIES NEEDS 20 MLN LITAS INVESTMENT.</headline>
<dateline>VILNIUS 1997-03-19</dateline>
<text>
<p>Lithuanian textile firm million litas of investment this year and would maybe make another share issue.</p>
<p>&quot;To upgrade its production lines the company would need investment of around 20 million litas in 1997 and we are also considering another share issue this year,&quot; company official Benjamina Jakavichiene told Reuters.</p>
<p>The present share capital of the company is 48 million litas but the company decided to boost it to 96 million litas from its own resources in December 1996.</p>
<p>Only the formalities with the securities commission remain for it to be registered in the near future, Jakavichiene added.</p>
<p>Dirbtinis is based in Lithuania's second city of Kaunas. The state runs 16 percent of the company and the rest stake is held by private investors.</p>
<p>-- Andrius Vilkancas, Vilnius newsroom + 370 2 22 35 17</p>
</text>
<copyright>(c) Reuters Limited 1997</copyright>
<metadata>
<codes class="bip:countries:1.0">
  <code code="LITH">
    <editdetail attribution="Reuters BIP Coding Group" action="confirmed" date="1997-03-19"/>
  </code>
</codes>
<codes class="bip:topics:1.0">
  <code code="C171">
    <editdetail attribution="Reuters BIP Coding Group" action="confirmed" date="1997-03-19"/>
  </code>
</codes>
<dc element="dc.date.created" value="1997-03-19"/>
<dc element="dc.publisher" value="Reuters Holdings Plc"/>
<dc element="dc.date.published" value="1997-03-19"/>
<dc element="dc.source" value="Reuters"/>
<dc element="dc.creator.location" value="VILNIUS"/>
<dc element="dc.creator.location.country.name" value="LITHUANIA"/>
<dc element="dc.source" value="Reuters"/>
</metadata>
</newsitem>
