<?xml version="1.0" encoding="iso-8859-1" ?>
<newsitem itemid="651060" id="root" date="1997-06-10" xml:lang="en">
<title>USA: Ruby Tuesday concludes &quot;dutch auction&quot;.</title>
<headline>Ruby Tuesday concludes &quot;dutch auction&quot;.</headline>
<dateline>MOBILE, Ala. 1997-06-09</dateline>
<text>
<p>Ruby Tuesday Inc said on Monday it has concluded its &quot;dutch auction&quot; tender offer, which led to 670,512 shares being tendered at or below $22 per share.</p>
<p>The offer expired on June 2.</p>
<p>The shares purchased represent about 3.80 percent of the company's shares outstanding immediately prior to the offer. After purchasing the shares, the company has about 17,049,028 shares outstanding.</p>
<p>Ruby Tuesday is a chain of restaurants.</p>
<p>(-- New York Newsdesk 212-859-1610)</p>
</text>
<copyright>(c) Reuters Limited 1997</copyright>
<metadata>
<codes class="bip:countries:1.0">
  <code code="USA">
    <editdetail attribution="Reuters BIP Coding Group" action="confirmed" date="1997-06-10"/>
  </code>
</codes>
<codes class="bip:industries:1.0">
  <code code="I66100">
    <editdetail attribution="Reuters BIP Coding Group" action="confirmed" date="1997-06-10"/>
  </code>
</codes>
<codes class="bip:topics:1.0">
  <code code="C17">
    <editdetail attribution="Reuters BIP Coding Group" action="confirmed" date="1997-06-10"/>
  </code>
  <code code="C171">
    <editdetail attribution="Reuters BIP Coding Group" action="confirmed" date="1997-06-10"/>
  </code>
  <code code="CCAT">
    <editdetail attribution="Reuters BIP Coding Group" action="confirmed" date="1997-06-10"/>
  </code>
</codes>
<dc element="dc.date.created" value="1997-06-09"/>
<dc element="dc.publisher" value="Reuters Holdings Plc"/>
<dc element="dc.date.published" value="1997-06-10"/>
<dc element="dc.source" value="Reuters"/>
<dc element="dc.creator.location" value="MOBILE, Ala."/>
<dc element="dc.creator.location.country.name" value="USA"/>
<dc element="dc.source" value="Reuters"/>
</metadata>
</newsitem>
