<?xml version="1.0" encoding="iso-8859-1" ?>
<newsitem itemid="419403" id="root" date="1997-03-04" xml:lang="en">
<title>Indonesia: Indonesia Key Economic Indicators.</title>
<headline>Indonesia Key Economic Indicators.</headline>
<text>
<p>=================================</p>
<p>--------------------------------------------------------------</p>
<p> Indicator	   Period  Latest     Prev   Yr-Ago     Yr-Yr</p>
<p>--------------------------------------------------------------</p>
<p> GDP	    Pct  Annual  7.80(96) 8.07(95)  7.48(94) 6.7 (93)</p>
<p>--------------------------------------------------------------</p>
<p> CPI	    Pct     Jan   +1.03    +0.55     2.16     5.34</p>
<p>--------------------------------------------------------------</p>
<p> Exports	$Bln    Nov    4.41     4.46     3.99	-</p>
<p>--------------------------------------------------------------</p>
<p> Imports	$Bln    Nov    3.64     3.47     3.35	-</p>
<p>--------------------------------------------------------------</p>
<p>Current A/C  $Bln  Annual -7.51(95) -3.7(94) -3.2(93) -2.9(92)</p>
<p>--------------------------------------------------------------</p>
<p> M2	     Rp-Trn  Nov  277.36   268.32   215.79	n/a</p>
<p>--------------------------------------------------------------</p>
<p> Bank loans   Rp-Trn  Nov  281.99   278.10   226.38	n/a</p>
<p>--------------------------------------------------------------</p>
<p> Rupiah/USD*	  Mar 03  2,395.50 2,396.75  2,313.50   n/a</p>
<p>--------------------------------------------------------------</p>
<p> Foreign Reserves $Bln Jan 19.830   19.125    14.789    n/a</p>
<p>--------------------------------------------------------------</p>
<p> JSE Index	    Mar 03  700.11  705.37    589.11	n/a</p>
<p>--------------------------------------------------------------</p>
<p>*Middle rate</p>
</text>
<copyright>(c) Reuters Limited 1997</copyright>
<metadata>
<codes class="bip:countries:1.0">
  <code code="INDON">
    <editdetail attribution="Reuters BIP Coding Group" action="confirmed" date="1997-03-04"/>
  </code>
</codes>
<codes class="bip:topics:1.0">
  <code code="E71">
    <editdetail attribution="Reuters BIP Coding Group" action="confirmed" date="1997-03-04"/>
  </code>
  <code code="ECAT">
    <editdetail attribution="Reuters BIP Coding Group" action="confirmed" date="1997-03-04"/>
  </code>
</codes>
<dc element="dc.publisher" value="Reuters Holdings Plc"/>
<dc element="dc.date.published" value="1997-03-04"/>
<dc element="dc.source" value="Reuters"/>
<dc element="dc.creator.location.country.name" value="INDONESIA"/>
<dc element="dc.source" value="Reuters"/>
</metadata>
</newsitem>
