<?xml version="1.0" encoding="iso-8859-1" ?>
<newsitem itemid="638671" id="root" date="1997-06-04" xml:lang="en">
<title>TAIWAN: PRESS DIGEST - Taiwan newspapers - June 4.</title>
<headline>PRESS DIGEST - Taiwan newspapers - June 4.</headline>
<dateline>TAIPEI 1997-06-04</dateline>
<text>
<p>These are the leading stories in the Taiwan press on Wednesday. Reuters has not verified these stories and does not vouch for their accuracy.</p>
<p>Newspaper headlines</p>
<p>CHINA TIMES - Taiwan to grant amnesty to 1947 massacre survivors.</p>
<p>President Lee Teng-hui, Premier Lien Chan seek internal support for constitutional amendments.</p>
<p>UNITED DAILY NEWS - Taiwan bans local firms to invest in mainland real estate, power projects.</p>
<p>Members of ruling Nationalist Party and opposition Democratic Progressive Party sharply divided over constitutional revisions.</p>
<p>LIBERTY TIMES - President Lee Teng-hui agrees to grant amnesty to massacre victims.</p>
<p>Lee Teng-hui says decision to freeze all elections at provincial government level not intended to promote Taiwan independence.</p>
<p>COMMERCIAL TIMES - Winbond Electronics Corp gets T$3.03 billion for fire loss.</p>
<p>Taiwan decides to gradually raise business tax.</p>
<p>ECONOMIC DAILY NEWS - Winbond gets gets T$3.03 billion for fire loss.</p>
<p>Liquidity tightens in the banking system.</p>
<p>-- Taipei Newsroom (5080815)</p>
</text>
<copyright>(c) Reuters Limited 1997</copyright>
<metadata>
<codes class="bip:countries:1.0">
  <code code="TAIWAN">
    <editdetail attribution="Reuters BIP Coding Group" action="confirmed" date="1997-06-04"/>
  </code>
</codes>
<codes class="bip:topics:1.0">
  <code code="GCAT">
    <editdetail attribution="Reuters BIP Coding Group" action="confirmed" date="1997-06-04"/>
  </code>
</codes>
<dc element="dc.date.created" value="1997-06-04"/>
<dc element="dc.publisher" value="Reuters Holdings Plc"/>
<dc element="dc.date.published" value="1997-06-04"/>
<dc element="dc.source" value="Reuters"/>
<dc element="dc.creator.location" value="TAIPEI"/>
<dc element="dc.creator.location.country.name" value="TAIWAN"/>
<dc element="dc.source" value="Reuters"/>
</metadata>
</newsitem>
