<?xml version="1.0" encoding="iso-8859-1" ?>
<newsitem itemid="595089" id="root" date="1997-05-19" xml:lang="en">
<title>USA: Pesticides needed for aflatoxin control-researcher.</title>
<headline>Pesticides needed for aflatoxin control-researcher.</headline>
<dateline>WASHINGTON 1997-05-19</dateline>
<text>
<p>U.S. researchers have identified four crops that can be protected by pesticides from insects that spread aflatoxin, the National Center for Food and Agricultural Policy said on Monday.</p>
<p>Aflatoxins are carcinogenic chemicals that occur in crops and food infested with a fungus.</p>
<p>Leonard Gianessi, a senior research associate at the center, said field tests showed the level of aflatoxin can be controlled in peanuts, cotton, almonds and corn when the crops are treated with certain insecticides.  </p>
<p>The most beneficial insecticides are part of a group known as organophosphates, which is the first group of pesticides to be reviewed by the Environmental Protection Agency under a new federal law to protect food quality, he said.</p>
<p>Some environmentalists have said they would oppose organophosphate insecticides from being licensed by EPA.</p>
<p>&quot;There are some pesticides that protect the public's health. These chemicals have value,&quot; Gianessi said.</p>
<p>EPA is scheduled to begin reviewing organophosphate insecticides later this year and will issue a preliminary report on the risks of them in 1998.</p>
<p>In 1977, aflatoxin contaminated nearly two-thirds of the corn grown in the southeastern United States, and in 1988, a Midwestern drought caused aflatoxin to contaminate a large amount of the region's corn crop.</p>
<p>The Food and Drug Administration prohibits human consumption of grain containing more than 20 parts per billion of aflatoxin. Depending on size and breed, farm animals can be fed contaminated grain tested at levels between 20 and 300 parts per billion.</p>
<p>((Washington commodities desk, 202 898 8467))</p>
</text>
<copyright>(c) Reuters Limited 1997</copyright>
<metadata>
<codes class="bip:countries:1.0">
  <code code="USA">
    <editdetail attribution="Reuters BIP Coding Group" action="confirmed" date="1997-05-19"/>
  </code>
</codes>
<codes class="bip:industries:1.0">
  <code code="I01001">
    <editdetail attribution="Reuters BIP Coding Group" action="confirmed" date="1997-05-19"/>
  </code>
  <code code="I0100132">
    <editdetail attribution="Reuters BIP Coding Group" action="confirmed" date="1997-05-19"/>
  </code>
  <code code="I25680">
    <editdetail attribution="Reuters BIP Coding Group" action="confirmed" date="1997-05-19"/>
  </code>
</codes>
<codes class="bip:topics:1.0">
  <code code="C21">
    <editdetail attribution="Reuters BIP Coding Group" action="confirmed" date="1997-05-19"/>
  </code>
  <code code="C23">
    <editdetail attribution="Reuters BIP Coding Group" action="confirmed" date="1997-05-19"/>
  </code>
  <code code="CCAT">
    <editdetail attribution="Reuters BIP Coding Group" action="confirmed" date="1997-05-19"/>
  </code>
  <code code="GCAT">
    <editdetail attribution="Reuters BIP Coding Group" action="confirmed" date="1997-05-19"/>
  </code>
  <code code="GSCI">
    <editdetail attribution="Reuters BIP Coding Group" action="confirmed" date="1997-05-19"/>
  </code>
</codes>
<dc element="dc.date.created" value="1997-05-19"/>
<dc element="dc.publisher" value="Reuters Holdings Plc"/>
<dc element="dc.date.published" value="1997-05-19"/>
<dc element="dc.source" value="Reuters"/>
<dc element="dc.creator.location" value="WASHINGTON"/>
<dc element="dc.creator.location.country.name" value="USA"/>
<dc element="dc.source" value="Reuters"/>
</metadata>
</newsitem>
