<?xml version="1.0" encoding="iso-8859-1" ?>
<newsitem itemid="590361" id="root" date="1997-05-16" xml:lang="en">
<title>USA: American Realty Trust Q1 net loss lessens.</title>
<headline>American Realty Trust Q1 net loss lessens.</headline>
<dateline>DALLAS 1997-05-16</dateline>
<text>
<p>American Realty Trust Inc</p>
<p>(dollars in thousands, except share and per share data)</p>
<p>					    For the three months ended</p>
<p>							 March 31</p>
<p>					     1997		     1996</p>
<p> Revenue			     $  7,499		 $   6,790</p>
<p> Net (loss)			     (140)		     (215)</p>
<p> Net (loss) applicable		(190)		     (215)</p>
<p>to Common Shares</p>
<p>Earnings per share</p>
<p>   Net (loss)			  (0.01)		    (0.02)</p>
<p>Weighted average shares of</p>
<p>common stock used in</p>
<p>computing earnings</p>
<p>   per share		     12,194,644		11,716,656</p>
<p>-- New York Newsdesk 212 859-1610</p>
</text>
<copyright>(c) Reuters Limited 1997</copyright>
<metadata>
<codes class="bip:countries:1.0">
  <code code="USA">
    <editdetail attribution="Reuters BIP Coding Group" action="confirmed" date="1997-05-16"/>
  </code>
</codes>
<codes class="bip:industries:1.0">
  <code code="I85000">
    <editdetail attribution="Reuters BIP Coding Group" action="confirmed" date="1997-05-16"/>
  </code>
</codes>
<codes class="bip:topics:1.0">
  <code code="C15">
    <editdetail attribution="Reuters BIP Coding Group" action="confirmed" date="1997-05-16"/>
  </code>
  <code code="C151">
    <editdetail attribution="Reuters BIP Coding Group" action="confirmed" date="1997-05-16"/>
  </code>
  <code code="CCAT">
    <editdetail attribution="Reuters BIP Coding Group" action="confirmed" date="1997-05-16"/>
  </code>
</codes>
<dc element="dc.date.created" value="1997-05-16"/>
<dc element="dc.publisher" value="Reuters Holdings Plc"/>
<dc element="dc.date.published" value="1997-05-16"/>
<dc element="dc.source" value="Reuters"/>
<dc element="dc.creator.location" value="DALLAS"/>
<dc element="dc.creator.location.country.name" value="USA"/>
<dc element="dc.source" value="Reuters"/>
</metadata>
</newsitem>
