<?xml version="1.0" encoding="iso-8859-1" ?>
<newsitem itemid="354766" id="root" date="1997-02-04" xml:lang="en">
<title>USA: RESEARCH ALERT - Hasbro raised to buy.</title>
<headline>RESEARCH ALERT - Hasbro raised to buy.</headline>
<text>
<p>-- Smith Barney upgraded Hasbro Inc to buy from outperform, a Smith Barney source said.</p>
<p>-- Additional details were not immediately available.</p>
</text>
<copyright>(c) Reuters Limited 1997</copyright>
<metadata>
<codes class="bip:countries:1.0">
  <code code="USA">
    <editdetail attribution="Reuters BIP Coding Group" action="confirmed" date="1997-02-04"/>
  </code>
</codes>
<codes class="bip:industries:1.0">
  <code code="I49410">
    <editdetail attribution="Reuters BIP Coding Group" action="confirmed" date="1997-02-04"/>
  </code>
</codes>
<codes class="bip:topics:1.0">
  <code code="C15">
    <editdetail attribution="Reuters BIP Coding Group" action="confirmed" date="1997-02-04"/>
  </code>
  <code code="C152">
    <editdetail attribution="Reuters BIP Coding Group" action="confirmed" date="1997-02-04"/>
  </code>
  <code code="CCAT">
    <editdetail attribution="Reuters BIP Coding Group" action="confirmed" date="1997-02-04"/>
  </code>
</codes>
<dc element="dc.publisher" value="Reuters Holdings Plc"/>
<dc element="dc.date.published" value="1997-02-04"/>
<dc element="dc.source" value="Reuters"/>
<dc element="dc.creator.location.country.name" value="USA"/>
<dc element="dc.source" value="Reuters"/>
</metadata>
</newsitem>
