<?xml version="1.0" encoding="iso-8859-1" ?>
<newsitem itemid="783694" id="root" date="1997-08-06" xml:lang="en">
<title>MOROCCO: PRESS DIGEST - Morocco - Aug 6.</title>
<headline>PRESS DIGEST - Morocco - Aug 6.</headline>
<dateline>RABAT 1997-08-06</dateline>
<text>
<p>The following are the leading stories in the Moroccan press on Wednesday. Reuters has not verified these stories and does not vouch for their accuracy.</p>
<p>AL BAYANE</p>
<p>- King Hassan releases from government the ministers belonging to the parliamentary majority so they can focus entirely on political activities during campaigning for legislative elections. Special session of parliament called for August 17. Elections due to be held later this year.</p>
<p>- Number of tourists arriving in Morocco in June rose 22.4 percent compared to the same month last year, says tourism minister. The only black mark was the continuing drop in number of British tourists which fell 8.9 percent in the month compared to June 1996.</p>
<p>ALMAGHRIB</p>
<p>- Moroccan city of Casablanca is 81st on a list of 145 of the world's most expensive cities, according to a Geneva-based private consultancy.</p>
<p>- Schooling in Morocco's rural regions is a challenge facing the public authorities.</p>
<p>LE MATIN</p>
<p>- King Hassan thanks government ministers with party ties, says they should focus their activities on next legislative elections.</p>
<p>- Ambassadors of Oman, Indonesia, Yemen and Egypt decorated by king at end of their missions.</p>
<p>LIBERATION</p>
<p>- Households need to prepare for increased water charges.</p>
</text>
<copyright>(c) Reuters Limited 1997</copyright>
<metadata>
<codes class="bip:countries:1.0">
  <code code="MOROC">
    <editdetail attribution="Reuters BIP Coding Group" action="confirmed" date="1997-08-06"/>
  </code>
</codes>
<codes class="bip:topics:1.0">
  <code code="GCAT">
    <editdetail attribution="Reuters BIP Coding Group" action="confirmed" date="1997-08-06"/>
  </code>
</codes>
<dc element="dc.date.created" value="1997-08-06"/>
<dc element="dc.publisher" value="Reuters Holdings Plc"/>
<dc element="dc.date.published" value="1997-08-06"/>
<dc element="dc.source" value="Reuters"/>
<dc element="dc.creator.location" value="RABAT"/>
<dc element="dc.creator.location.country.name" value="MOROCCO"/>
<dc element="dc.source" value="Reuters"/>
</metadata>
</newsitem>
