<?xml version="1.0" encoding="iso-8859-1" ?>
<newsitem itemid="441688" id="root" date="1997-03-13" xml:lang="en">
<title>ISRAEL: PRESS DIGEST - Israel - March 13.</title>
<headline>PRESS DIGEST - Israel - March 13.</headline>
<dateline>JERUSALEM 1997-03-13</dateline>
<text>
<p>These are some of the leading stories in Israeli newspapers on Thursday.</p>
<p>Reuters has not verified these stories and does not vouch for their accuracy.</p>
<p>JERUSALEM POST</p>
<p>- Three government coalition members of Knesset threaten to rebel over approved sale of Migdal Insurance to Assicurazioni Generali, Italian company which refuses to pay out on life insurance policies of Nazi Holocaust victims.</p>
<p>- Average monthly wages eroded by 9.2 percent in 1996, Central Bureau of Statistics says.</p>
<p>- Microsoft Corporation signs deal with Israel-based software developer BackWeb Technologies to expand broadcast channel and delivery options for the American company's Internet Explorer 4.0 version scheduled for release this summer.</p>
<p>- Tadiran, Israel's largest electronics company and a subsidiary of Koor Industries, reports 235 percent increase in earnings to 296 shekels last year from 1995.</p>
<p>- Bezeq Telecommunications pays stockholders intermediate dividend of 120 million shekels -- or 40 percent of its net profit during the first half of 1996.</p>
<p>- Israel Broadcasting Authority TV English news fights for survival.</p>
<p>GLOBES</p>
<p>- Uriel Prokatzia, dean of law faculty at Hebrew University and a drafter of new companies law, says Africa Israel cannot choose to favour value of the sabbath over business interests in operation of controversial Tel Aviv shopping mall.</p>
<p>- Businessmen Michael Strauss and David Federman decide to break up joint control of Elite food company. One of them will propose buying the other's shares in the coming days.</p>
<p>HAARETZ</p>
<p>- Start of Har Homa Jewish settlement put off until High Court of Justice rules on challenge raised against its construction. Compromise being weighed on Palestinian institutions in East Jerusalem: They'll remain open based on declarations they've no connection to Palestinian Authority.</p>
<p>- Justice office of Interior Ministry: &quot;An expulsion or arrest order may not be issued against a foreign worker before he is informed of intention to expel him.&quot;</p>
<p>- Prime Minister Benjamin Netanyahu calls &quot;despicable&quot; the assertion of a history of mental illness in King Hussein's family attributed in Washington Post to a political source in Jerusalem.</p>
<p>- Israeli army chief answers request of ultra-Orthodox Jewish members of parliament, halting educational visits of soldiers to churches and mosques in Jerusalem.</p>
<p>- Bank of Israel purchases $2.7 billion in foreign currency in first two months of 1997, to protect exchange rate system.</p>
<p>MAARIV</p>
<p>- Africa Israel Chairman Lev Leviev says there is no proof keeping the sabbath will harm businesses in Ramat Aviv mall but residents threaten to boycott.</p>
<p>- Increased protection for U.S. Ambassador Martin Indyk.</p>
<p>YEDIOTH AHRONOTH</p>
<p>- Israeli President Ezer Weizman and Arafat expected to meet this week. Arafat in interview to be published on Friday: The peace process is stopped.</p>
<p>- Interior Minister Eli Suissa: We'll not allow the Tel Aviv municipality to stop building permits to Africa Israel.</p>
<p>- Average salary at end of 1996 reached 5,251 shekels a month.</p>
<p>$1 = 3.730 shekels.</p>
</text>
<copyright>(c) Reuters Limited 1997</copyright>
<metadata>
<codes class="bip:countries:1.0">
  <code code="ISRAEL">
    <editdetail attribution="Reuters BIP Coding Group" action="confirmed" date="1997-03-13"/>
  </code>
</codes>
<codes class="bip:topics:1.0">
  <code code="GCAT">
    <editdetail attribution="Reuters BIP Coding Group" action="confirmed" date="1997-03-13"/>
  </code>
</codes>
<dc element="dc.date.created" value="1997-03-13"/>
<dc element="dc.publisher" value="Reuters Holdings Plc"/>
<dc element="dc.date.published" value="1997-03-13"/>
<dc element="dc.source" value="Reuters"/>
<dc element="dc.creator.location" value="JERUSALEM"/>
<dc element="dc.creator.location.country.name" value="ISRAEL"/>
<dc element="dc.source" value="Reuters"/>
</metadata>
</newsitem>
