<?xml version="1.0" encoding="iso-8859-1" ?>
<newsitem itemid="378383" id="root" date="1997-02-14" xml:lang="en">
<title>USA: Trans Leasing Q2 Dec 31 net rises.</title>
<headline>Trans Leasing Q2 Dec 31 net rises.</headline>
<dateline>NORTHBROOK, Ill. 1997-02-14</dateline>
<text>
<p>1996			1995</p>
<p> Shr			$  0.68		   $ 0.09</p>
<p> Net			  2,714			357</p>
<p> Revs			10,528		    8,863</p>
<p> Avg shrs		   4,016		    4,098</p>
<p>(All data above 000s except per share numbers)  </p>
<p>	  SIX MONTHS</p>
<p> Shr			$  0.85		   $ 0.22</p>
<p> Net			  3,431			918</p>
<p> Revs			20,851		   17,447</p>
<p> Avg shrs		   4,029		    4,148</p>
<p>(All data above 000s except per share numbers)</p>
<p>NOTE: 1996 Q2 and six-month net includes gain from key man life insurance income of $2.2 million.</p>
<p>Trans Leasing International Inc is full company name.</p>
<p>	    ((Chicago newsdesk 312 408 8787))</p>
</text>
<copyright>(c) Reuters Limited 1997</copyright>
<metadata>
<codes class="bip:countries:1.0">
  <code code="USA">
    <editdetail attribution="Reuters BIP Coding Group" action="confirmed" date="1997-02-14"/>
  </code>
</codes>
<codes class="bip:topics:1.0">
  <code code="C15">
    <editdetail attribution="Reuters BIP Coding Group" action="confirmed" date="1997-02-14"/>
  </code>
  <code code="C151">
    <editdetail attribution="Reuters BIP Coding Group" action="confirmed" date="1997-02-14"/>
  </code>
  <code code="CCAT">
    <editdetail attribution="Reuters BIP Coding Group" action="confirmed" date="1997-02-14"/>
  </code>
</codes>
<dc element="dc.date.created" value="1997-02-14"/>
<dc element="dc.publisher" value="Reuters Holdings Plc"/>
<dc element="dc.date.published" value="1997-02-14"/>
<dc element="dc.source" value="Reuters"/>
<dc element="dc.creator.location" value="NORTHBROOK, Ill."/>
<dc element="dc.creator.location.country.name" value="USA"/>
<dc element="dc.source" value="Reuters"/>
</metadata>
</newsitem>
