<?xml version="1.0" encoding="iso-8859-1" ?>
<newsitem itemid="66270" id="root" date="1996-09-20" xml:lang="en">
<title>USA: US WCoast prods ease on NYMEX, fundamentals strong.</title>
<headline>US WCoast prods ease on NYMEX, fundamentals strong.</headline>
<dateline>LOS ANGELES 1996-09-20</dateline>
<text>
<p>U.S. West Coast product prices eased under pressure from weak NYMEX gasoline and little buying interest as traders left the market early.</p>
<p>NYMEX October gasoline drifted 0.23 cent lower to 61.09 cents a gallon, weighed by high stocks and a seasonal decline in motorist demand.</p>
<p>The fall came on the heels of a 1.74-cent fall in gasoline futures on Thursday.</p>
<p>Fundamentally, traders saw low regional supplies reversing the downturn in prices, with 26.9 million barrels in stock last week, a fall of 709,000 barrels.  </p>
<p>Conventional or &quot;clear&quot; grade gasoline in Los Angeles added another cent to yesterday's one-cent fall, hitting 64/65 cents a gallon. Discounts for San Francisco grade were two cents under.</p>
<p>And premium conventional in L.A. was 10 cents over regular on ongoing problems with key Mobil gasoline unit, and new rumors of a possible reformer problem at a Texaco plant.</p>
<p>CARB gasoline in L.A. fell two cents to 68.50/69 cents a gallon.</p>
<p>Bids for CARB diesel in L.A. decreased two cents 73.50/75 cents with low sulphur at off about two cents to 68.50/69.50 cents.</p>
<p>--David Brinkerhoff, Los Angeles bureau +1 213 380 2014</p>
</text>
<copyright>(c) Reuters Limited 1996</copyright>
<metadata>
<codes class="bip:countries:1.0">
  <code code="USA">
    <editdetail attribution="Reuters BIP Coding Group" action="confirmed" date="1996-09-20"/>
  </code>
</codes>
<codes class="bip:topics:1.0">
  <code code="M14">
    <editdetail attribution="Reuters BIP Coding Group" action="confirmed" date="1996-09-20"/>
  </code>
  <code code="M143">
    <editdetail attribution="Reuters BIP Coding Group" action="confirmed" date="1996-09-20"/>
  </code>
  <code code="MCAT">
    <editdetail attribution="Reuters BIP Coding Group" action="confirmed" date="1996-09-20"/>
  </code>
</codes>
<dc element="dc.date.created" value="1996-09-20"/>
<dc element="dc.publisher" value="Reuters Holdings Plc"/>
<dc element="dc.date.published" value="1996-09-20"/>
<dc element="dc.source" value="Reuters"/>
<dc element="dc.creator.location" value="LOS ANGELES"/>
<dc element="dc.creator.location.country.name" value="USA"/>
<dc element="dc.source" value="Reuters"/>
</metadata>
</newsitem>
