<?xml version="1.0" encoding="iso-8859-1" ?>
<newsitem itemid="198427" id="root" date="1996-11-18" xml:lang="en">
<title>JAPAN: Daiso - 6mth parent results.</title>
<headline>Daiso - 6mth parent results.</headline>
<dateline>TOKYO 1996-11-18</dateline>
<text>
<p>Six months to September 30, 1996</p>
<p> (Parent)	(in billions of yen unless specified)</p>
<p> Sales		 21.91		vs	   21.75</p>
<p> Operating	  502    million	  vs	  451    million</p>
<p> Current	    574    million	  vs	  552    million</p>
<p> Net		  268    million	  vs	  246    million</p>
<p> EPS		    3.32 yen	  vs	    3.05 yen</p>
<p> Shares	     81 million	  vs	  81 million</p>
<p> Interim div	  2.50 yen	  vs	    2.50 yen</p>
<p>NOTE - Daiso Co Ltd is a caustic soda manufacturer.</p>
</text>
<copyright>(c) Reuters Limited 1996</copyright>
<metadata>
<codes class="bip:countries:1.0">
  <code code="JAP">
    <editdetail attribution="Reuters BIP Coding Group" action="confirmed" date="1996-11-18"/>
  </code>
</codes>
<codes class="bip:industries:1.0">
  <code code="I25110">
    <editdetail attribution="Reuters BIP Coding Group" action="confirmed" date="1996-11-18"/>
  </code>
</codes>
<codes class="bip:topics:1.0">
  <code code="C15">
    <editdetail attribution="Reuters BIP Coding Group" action="confirmed" date="1996-11-18"/>
  </code>
  <code code="C151">
    <editdetail attribution="Reuters BIP Coding Group" action="confirmed" date="1996-11-18"/>
  </code>
  <code code="CCAT">
    <editdetail attribution="Reuters BIP Coding Group" action="confirmed" date="1996-11-18"/>
  </code>
</codes>
<dc element="dc.date.created" value="1996-11-18"/>
<dc element="dc.publisher" value="Reuters Holdings Plc"/>
<dc element="dc.date.published" value="1996-11-18"/>
<dc element="dc.source" value="Reuters"/>
<dc element="dc.creator.location" value="TOKYO"/>
<dc element="dc.creator.location.country.name" value="JAPAN"/>
<dc element="dc.source" value="Reuters"/>
</metadata>
</newsitem>
