<?xml version="1.0" encoding="iso-8859-1" ?>
<newsitem itemid="551763" id="root" date="1997-04-30" xml:lang="en">
<title>CYPRUS: Cyprus Woolworth 96 pre-tax up 3pct.</title>
<headline>Cyprus Woolworth 96 pre-tax up 3pct.</headline>
<dateline>NICOSIA 1997-04-30</dateline>
<text>
<p>Preliminary results for year ended 31 December 1996</p>
<p>(In thousands of Cyprus pounds unless stated)</p>
<p>						    1996	  1995</p>
<p>    Turnover				 37,117.03    25,312.55</p>
<p>Operating profit before interest</p>
<p>    and depreciation			3,953.80     2,827.00</p>
<p>Operating profit after interest</p>
<p>    and depreciation			1,734.65     1,589.84</p>
<p>Percentage of profit from</p>
<p>    associate company			 397.70	479.95</p>
<p>    Pre tax profit			  2,132.34    2,069.80</p>
<p>    Tax					   530.65	532.13</p>
<p>    After tax profit			1,601.70    1,537.66</p>
<p>    Earnings per share (cents)*		4.8	   7.1</p>
<p>NOTES : The results include those of Zako Ltd and Pinnochio textiles Enterprises Ltd, acquired by Woolworth (Cyprus) last year. Zako represents the Next Plc clothes chain in Cyprus.</p>
<p>Earnings per share data has been affected due to the issue of 13,788.642 bonus shares in January 1996, a rights issue of 2,613.382 shares in May 1996 and the issue of 4,279.926 new shares in Woolworth to shareholders of Zako in December 1996, the company said.</p>
<p>-- Nicosia newsroom 357 2 365089</p>
</text>
<copyright>(c) Reuters Limited 1997</copyright>
<metadata>
<codes class="bip:countries:1.0">
  <code code="CYPR">
    <editdetail attribution="Reuters BIP Coding Group" action="confirmed" date="1997-04-30"/>
  </code>
</codes>
<codes class="bip:industries:1.0">
  <code code="I64000">
    <editdetail attribution="Reuters BIP Coding Group" action="confirmed" date="1997-04-30"/>
  </code>
</codes>
<codes class="bip:topics:1.0">
  <code code="C15">
    <editdetail attribution="Reuters BIP Coding Group" action="confirmed" date="1997-04-30"/>
  </code>
  <code code="C151">
    <editdetail attribution="Reuters BIP Coding Group" action="confirmed" date="1997-04-30"/>
  </code>
  <code code="C1511">
    <editdetail attribution="Reuters BIP Coding Group" action="confirmed" date="1997-04-30"/>
  </code>
  <code code="CCAT">
    <editdetail attribution="Reuters BIP Coding Group" action="confirmed" date="1997-04-30"/>
  </code>
</codes>
<dc element="dc.date.created" value="1997-04-30"/>
<dc element="dc.publisher" value="Reuters Holdings Plc"/>
<dc element="dc.date.published" value="1997-04-30"/>
<dc element="dc.source" value="Reuters"/>
<dc element="dc.creator.location" value="NICOSIA"/>
<dc element="dc.creator.location.country.name" value="CYPRUS"/>
<dc element="dc.source" value="Reuters"/>
</metadata>
</newsitem>
