<?xml version="1.0" encoding="iso-8859-1" ?>
<newsitem itemid="153772" id="root" date="1996-10-30" xml:lang="en">
<title>USA: Eastern direct hogs steady-up $0.75 - USDA.</title>
<headline>Eastern direct hogs steady-up $0.75 - USDA.</headline>
<dateline>COLUMBIA, S.C. 1996-10-30</dateline>
<text>
<p>Values for US 1-2 and US 1-3, 220-260 lb barrows and gilts, in dollars per cwt. - USDA</p>
<p>Area	  Price Trend     Country	Plants	Est Rcpts</p>
<p>GA/FLA/ALA  steady	    unq	    48.00-49.00  1,000</p>
<p>Tennessee   firm-up 0.50    49.50-51.00  unq	    1,600</p>
<p>S Carolina  steady-up 0.50  49.00-49.50  unq	    1,300</p>
<p>Kentucky    steady-up 0.75  48.25-49.00  50.50-51.00  2,300</p>
<p>Today's estimate:     6,200	 Last week actual:   5,800</p>
<p>Previous day actual:  8,800	 Year ago actual:   11,400</p>
<p>(Chicago newsdesk 312-983-7278)</p>
</text>
<copyright>(c) Reuters Limited 1996</copyright>
<metadata>
<codes class="bip:countries:1.0">
  <code code="USA">
    <editdetail attribution="Reuters BIP Coding Group" action="confirmed" date="1996-10-30"/>
  </code>
</codes>
<codes class="bip:topics:1.0">
  <code code="M14">
    <editdetail attribution="Reuters BIP Coding Group" action="confirmed" date="1996-10-30"/>
  </code>
  <code code="M141">
    <editdetail attribution="Reuters BIP Coding Group" action="confirmed" date="1996-10-30"/>
  </code>
  <code code="MCAT">
    <editdetail attribution="Reuters BIP Coding Group" action="confirmed" date="1996-10-30"/>
  </code>
</codes>
<dc element="dc.date.created" value="1996-10-30"/>
<dc element="dc.publisher" value="Reuters Holdings Plc"/>
<dc element="dc.date.published" value="1996-10-30"/>
<dc element="dc.source" value="Reuters"/>
<dc element="dc.creator.location" value="COLUMBIA, S.C."/>
<dc element="dc.creator.location.country.name" value="USA"/>
<dc element="dc.source" value="Reuters"/>
</metadata>
</newsitem>
