<?xml version="1.0" encoding="iso-8859-1" ?>
<newsitem itemid="148680" id="root" date="1996-10-28" xml:lang="en">
<title>UK: World Bank adds 500 bln lire to zero-coupon bond.</title>
<headline>World Bank adds 500 bln lire to zero-coupon bond.</headline>
<dateline>LONDON 1996-10-28</dateline>
<text>
<p>The following bond increase was</p>
<p>announced by joint lead managers Citibank and Credito Italiano.</p>
<p> BORROWER   WORLD BANK</p>
<p> AMT    *500 BLN ITL  COUPON     ZERO	MATURITY    07.NOV.16</p>
<p> TYPE	 STRAIGHT  ISS PRICE  23.31     PAY DATE    07.NOV.96</p>
<p> FULL FEES  2.0	 REOFFER    =	   SPREAD	 =</p>
<p> NOTES	*INCREASED TO 2.0 TRILLION LIRE</p>
<p> MOODY	AAA	 LISTING    LUX	 PAY FREQ    =</p>
<p> S&amp;P	  AAA	 DENOMS (K) 5-50-500  SALE LIMITS US/UK/IT</p>
<p> NEG PLG    YES	 CRS DEFLT  YES	 FORCE MAJ   YES</p>
<p> GOV LAW    ENGLISH   HOME CTRY  SUPRA     TAX PROVS   STANDARD</p>
<p> MGT/UND    0.15	SELL CONC  1.85	PRAECIPUUM  =</p>
<p> NOTES	ISSUED OFF THE EMTN PROGRAMME</p>
<p>-- London Newsroom +44 171 542 7658</p>
</text>
<copyright>(c) Reuters Limited 1996</copyright>
<metadata>
<codes class="bip:countries:1.0">
  <code code="UK">
    <editdetail attribution="Reuters BIP Coding Group" action="confirmed" date="1996-10-28"/>
  </code>
  <code code="USA">
    <editdetail attribution="Reuters BIP Coding Group" action="confirmed" date="1996-10-28"/>
  </code>
</codes>
<codes class="bip:industries:1.0">
  <code code="I81501">
    <editdetail attribution="Reuters BIP Coding Group" action="confirmed" date="1996-10-28"/>
  </code>
  <code code="I8150106">
    <editdetail attribution="Reuters BIP Coding Group" action="confirmed" date="1996-10-28"/>
  </code>
</codes>
<codes class="bip:topics:1.0">
  <code code="C17">
    <editdetail attribution="Reuters BIP Coding Group" action="confirmed" date="1996-10-28"/>
  </code>
  <code code="C172">
    <editdetail attribution="Reuters BIP Coding Group" action="confirmed" date="1996-10-28"/>
  </code>
  <code code="CCAT">
    <editdetail attribution="Reuters BIP Coding Group" action="confirmed" date="1996-10-28"/>
  </code>
</codes>
<dc element="dc.date.created" value="1996-10-28"/>
<dc element="dc.publisher" value="Reuters Holdings Plc"/>
<dc element="dc.date.published" value="1996-10-28"/>
<dc element="dc.source" value="Reuters"/>
<dc element="dc.creator.location" value="LONDON"/>
<dc element="dc.creator.location.country.name" value="UK"/>
<dc element="dc.source" value="Reuters"/>
</metadata>
</newsitem>
