<?xml version="1.0" encoding="iso-8859-1" ?>
<newsitem itemid="806700" id="root" date="1997-08-18" xml:lang="en">
<title>DUBAI: Ten bays moved for construction at Dubai airport.</title>
<headline>Ten bays moved for construction at Dubai airport.</headline>
<dateline>DUBAI 1997-08-18</dateline>
<text>
<p>Ten of the 23 aircraft parking bays at Dubai airport have been moved away from the main terminal to make way for a new building which is under construction.</p>
<p>&quot;Construction work means that 10 out of 23 aircraft parking bays which were adjacent to the existing terminal are now located much further afield and airport vehicles often have to take circuitous routes to avoid construction work,&quot; a statement from the Emirates group said.</p>
<p>&quot;This means that resources are being stretched to ensure on-time departure of aircraft and fast delivery of baggage.&quot;</p>
<p>Airport handler DNATA is part of the Emirates group.</p>
<p>The new terminal is due to be ready by December 1999, the statement said, and another terminal for charter operators and Commonwealth of Independent States flights will be opened at this year's Dubai airshow in November.</p>
<p>&quot;Unfortunately, there are times when the sheer logistics of moving people and their baggage around work sites will cause delay,&quot; said Abdulla al-Ansari, acting director general of Dubai's Department of Civil Aviation.</p>
<p>&quot;But we would ask that passengers bear with us for the interim and be assured that we are doing everything possible to lessen disruption during this temporary phase,&quot; he added. - Reuters Air Cargo Service Tel+ 44 171 542 7706 Fax +5017 - www.racs.com</p>
</text>
<copyright>(c) Reuters Limited 1997</copyright>
<metadata>
<codes class="bip:countries:1.0">
  <code code="DUBAI">
    <editdetail attribution="Reuters BIP Coding Group" action="confirmed" date="1997-08-18"/>
  </code>
  <code code="UAE">
    <editdetail attribution="Reuters BIP Coding Group" action="confirmed" date="1997-08-18"/>
  </code>
</codes>
<codes class="bip:industries:1.0">
  <code code="I50200">
    <editdetail attribution="Reuters BIP Coding Group" action="confirmed" date="1997-08-18"/>
  </code>
  <code code="I5020002">
    <editdetail attribution="Reuters BIP Coding Group" action="confirmed" date="1997-08-18"/>
  </code>
  <code code="I75000">
    <editdetail attribution="Reuters BIP Coding Group" action="confirmed" date="1997-08-18"/>
  </code>
  <code code="I76400">
    <editdetail attribution="Reuters BIP Coding Group" action="confirmed" date="1997-08-18"/>
  </code>
</codes>
<codes class="bip:topics:1.0">
  <code code="C24">
    <editdetail attribution="Reuters BIP Coding Group" action="confirmed" date="1997-08-18"/>
  </code>
  <code code="CCAT">
    <editdetail attribution="Reuters BIP Coding Group" action="confirmed" date="1997-08-18"/>
  </code>
</codes>
<dc element="dc.date.created" value="1997-08-18"/>
<dc element="dc.publisher" value="Reuters Holdings Plc"/>
<dc element="dc.date.published" value="1997-08-18"/>
<dc element="dc.source" value="Reuters"/>
<dc element="dc.creator.location" value="DUBAI"/>
<dc element="dc.creator.location.country.name" value="DUBAI"/>
<dc element="dc.source" value="Reuters"/>
</metadata>
</newsitem>
