<?xml version="1.0" encoding="iso-8859-1" ?>
<newsitem itemid="700107" id="root" date="1997-07-01" xml:lang="en">
<title>NETHERLANDS: Dutch, South African towage firms to cooperate.</title>
<headline>Dutch, South African towage firms to cooperate.</headline>
<dateline>ROTTERDAM 1997-07-01</dateline>
<text>
<p>Dutch towage firm SmitWijs said on Tuesday it had struck a global alliance with South Africa's Pentow Marine, a unit of shipping group Safmarine.</p>
<p>SmitWijs, which is a joint venture of Smit Internationale and unlisted towage firm Wijsmuller, said the SmitWijs/Pentow alliance would be based in Rotterdam and would be managed by SmitWijs.</p>
<p>The partners would jointly undertake large towage orders. The first would be shipping a mega-sized oil caisson from Alaska to South Korea. Another joint project will be towing an oil production and storage tanker from Japan to Norway.</p>
<p>SmitWijs owns six large towage vessels and has the international offshore oil and gas industry sectors as its main clients.</p>
<p>Pentow's two seagoing towage vessels will be pooled with SmitWijs' ships, the Dutch group said.</p>
<p>No financial details of the cooperation deal were disclosed.</p>
<p>-- Amsterdam newsroom +31 20 504 5000, Fax +31 20 504 5040</p>
</text>
<copyright>(c) Reuters Limited 1997</copyright>
<metadata>
<codes class="bip:countries:1.0">
  <code code="NETH">
    <editdetail attribution="Reuters BIP Coding Group" action="confirmed" date="1997-07-01"/>
  </code>
  <code code="SAFR">
    <editdetail attribution="Reuters BIP Coding Group" action="confirmed" date="1997-07-01"/>
  </code>
</codes>
<codes class="bip:industries:1.0">
  <code code="I74000">
    <editdetail attribution="Reuters BIP Coding Group" action="confirmed" date="1997-07-01"/>
  </code>
  <code code="I76300">
    <editdetail attribution="Reuters BIP Coding Group" action="confirmed" date="1997-07-01"/>
  </code>
</codes>
<codes class="bip:topics:1.0">
  <code code="C33">
    <editdetail attribution="Reuters BIP Coding Group" action="confirmed" date="1997-07-01"/>
  </code>
  <code code="CCAT">
    <editdetail attribution="Reuters BIP Coding Group" action="confirmed" date="1997-07-01"/>
  </code>
</codes>
<dc element="dc.date.created" value="1997-07-01"/>
<dc element="dc.publisher" value="Reuters Holdings Plc"/>
<dc element="dc.date.published" value="1997-07-01"/>
<dc element="dc.source" value="Reuters"/>
<dc element="dc.creator.location" value="ROTTERDAM"/>
<dc element="dc.creator.location.country.name" value="NETHERLANDS"/>
<dc element="dc.source" value="Reuters"/>
</metadata>
</newsitem>
