<?xml version="1.0" encoding="iso-8859-1" ?>
<newsitem itemid="614793" id="root" date="1997-05-26" xml:lang="en">
<title>JAPAN: Karakami Kankoh - 96/97 parent results.</title>
<headline>Karakami Kankoh - 96/97 parent results.</headline>
<dateline>TOKYO 1997-05-26</dateline>
<text>
<p>Year to March 31, 1997</p>
<p> (Parent)	(in billions of yen unless specified)</p>
<p>			  (full year)		   (two months)</p>
<p> Sales		 19.84		vs	    2.27</p>
<p> Operating	    2.91		vs	  190    million</p>
<p> Current		2.00		vs	   47    million</p>
<p> Net		    1.04		vs	   27    million</p>
<p> EPS		  117.04 yen	  vs	    3.06 yen</p>
<p> Diluted EPS	     -		vs		 -</p>
<p> Shares		9 million	  vs	   9 million</p>
<p> Ord div	     30.00 yen	  vs	    3.00 yen</p>
<p>NOTE - Karakami Kankoh Co Ltd operates a chain of hotels.</p>
</text>
<copyright>(c) Reuters Limited 1997</copyright>
<metadata>
<codes class="bip:countries:1.0">
  <code code="JAP">
    <editdetail attribution="Reuters BIP Coding Group" action="confirmed" date="1997-05-26"/>
  </code>
</codes>
<codes class="bip:industries:1.0">
  <code code="I66500">
    <editdetail attribution="Reuters BIP Coding Group" action="confirmed" date="1997-05-26"/>
  </code>
</codes>
<codes class="bip:topics:1.0">
  <code code="C15">
    <editdetail attribution="Reuters BIP Coding Group" action="confirmed" date="1997-05-26"/>
  </code>
  <code code="C151">
    <editdetail attribution="Reuters BIP Coding Group" action="confirmed" date="1997-05-26"/>
  </code>
  <code code="C1511">
    <editdetail attribution="Reuters BIP Coding Group" action="confirmed" date="1997-05-26"/>
  </code>
  <code code="CCAT">
    <editdetail attribution="Reuters BIP Coding Group" action="confirmed" date="1997-05-26"/>
  </code>
</codes>
<dc element="dc.date.created" value="1997-05-26"/>
<dc element="dc.publisher" value="Reuters Holdings Plc"/>
<dc element="dc.date.published" value="1997-05-26"/>
<dc element="dc.source" value="Reuters"/>
<dc element="dc.creator.location" value="TOKYO"/>
<dc element="dc.creator.location.country.name" value="JAPAN"/>
<dc element="dc.source" value="Reuters"/>
</metadata>
</newsitem>
