<?xml version="1.0" encoding="iso-8859-1" ?>
<newsitem itemid="432136" id="root" date="1997-03-11" xml:lang="en">
<title>USA: RESEARCH ALERT - Nike strong buy repeated.</title>
<headline>RESEARCH ALERT - Nike strong buy repeated.</headline>
<text>
<p>-- Salomon Brothers said analyst Brett Barakett reiterated a strong buy rating on Nike Inc.</p>
<p>-- cited recent stock price weakness. Shares were off 1/8 to 66-3/4, and have slipped since reaching an all-time closing high of 75-3/4 on February 13.</p>
<p>-- said expected earnings of $0.70 per share for the third quarter ended in February. The company was expected to report results on March 20.</p>
<p>-- Gruntal said it raised its rating to outperform from outperform-long term. Analyst Michael Conn also cited weakness in the stock price.</p>
<p>-- Conn estimated earnings of $0.72 for the quarter.</p>
<p>-- shares of Nike slipped earlier Tuesday after a footwear trade magazine reported that Nike may have lost some significant orders for the critical back-to-school season, market sources said.</p>
<p>-- analysts dismissed the reports as unsubstantiated and untrue. The company would not comment, explaining it was in the quiet period in advance of the earnings report.</p>
</text>
<copyright>(c) Reuters Limited 1997</copyright>
<metadata>
<codes class="bip:countries:1.0">
  <code code="USA">
    <editdetail attribution="Reuters BIP Coding Group" action="confirmed" date="1997-03-11"/>
  </code>
</codes>
<codes class="bip:industries:1.0">
  <code code="I45100">
    <editdetail attribution="Reuters BIP Coding Group" action="confirmed" date="1997-03-11"/>
  </code>
</codes>
<codes class="bip:topics:1.0">
  <code code="C15">
    <editdetail attribution="Reuters BIP Coding Group" action="confirmed" date="1997-03-11"/>
  </code>
  <code code="C152">
    <editdetail attribution="Reuters BIP Coding Group" action="confirmed" date="1997-03-11"/>
  </code>
  <code code="CCAT">
    <editdetail attribution="Reuters BIP Coding Group" action="confirmed" date="1997-03-11"/>
  </code>
</codes>
<dc element="dc.publisher" value="Reuters Holdings Plc"/>
<dc element="dc.date.published" value="1997-03-11"/>
<dc element="dc.source" value="Reuters"/>
<dc element="dc.creator.location.country.name" value="USA"/>
<dc element="dc.source" value="Reuters"/>
</metadata>
</newsitem>
