<?xml version="1.0" encoding="iso-8859-1" ?>
<newsitem itemid="753352" id="root" date="1997-07-24" xml:lang="en">
<title>USA: Illinois direct hogs $1.50 lower - USDA.</title>
<headline>Illinois direct hogs $1.50 lower - USDA.</headline>
<dateline>SPRINGFIELD 1997-07-24</dateline>
<text>
<p>Barrows and gilts were $1.50 lower. Demand light. Top $58.00 per cwt. - USDA</p>
<p>US 1-2  230-260 lbs.  57.00-58.00</p>
<p>US 2-3  230-260 lbs.  56.00-57.00</p>
<p>Sows: Weak to mostly 1.00, instances 1.50 lower. Top 50.00.</p>
<p>US 1-3  300-500 lbs. 42.00-45.00,few 46.00</p>
<p>	  500-600 lbs. 45.00-47.00,few 48.00</p>
<p>few over 600 lbs. 47.00-48.00,few 49.00-50.00</p>
</text>
<copyright>(c) Reuters Limited 1997</copyright>
<metadata>
<codes class="bip:countries:1.0">
  <code code="USA">
    <editdetail attribution="Reuters BIP Coding Group" action="confirmed" date="1997-07-24"/>
  </code>
</codes>
<codes class="bip:topics:1.0">
  <code code="M14">
    <editdetail attribution="Reuters BIP Coding Group" action="confirmed" date="1997-07-24"/>
  </code>
  <code code="M141">
    <editdetail attribution="Reuters BIP Coding Group" action="confirmed" date="1997-07-24"/>
  </code>
  <code code="MCAT">
    <editdetail attribution="Reuters BIP Coding Group" action="confirmed" date="1997-07-24"/>
  </code>
</codes>
<dc element="dc.date.created" value="1997-07-24"/>
<dc element="dc.publisher" value="Reuters Holdings Plc"/>
<dc element="dc.date.published" value="1997-07-24"/>
<dc element="dc.source" value="Reuters"/>
<dc element="dc.creator.location" value="SPRINGFIELD"/>
<dc element="dc.creator.location.country.name" value="USA"/>
<dc element="dc.source" value="Reuters"/>
</metadata>
</newsitem>
