<?xml version="1.0" encoding="iso-8859-1" ?>
<newsitem itemid="118535" id="root" date="1996-10-15" xml:lang="en">
<title>SINGAPORE: Singapore HSFO seen discussed around $120-$124/T.</title>
<headline>Singapore HSFO seen discussed around $120-$124/T.</headline>
<dateline>SINGAPORE 1996-10-15</dateline>
<text>
<p>High sulphur fuel oil prices on Tuesday were expected to be discussed firmer than Monday at between $121-$124 for 180-centistoke cargoes loading in October, traders said.</p>
<p>Indications on Monday were between $119-$121 per tonne. Traders said strong overnight crude gains would have caused prices to edge higher. A local trader told Reuters he would place his offer for end October loading supplies at $124 per tonne.</p>
<p>Two cargoes from South Korean refiners were heard to be distressed. Traders said both cargoes were for loading in October, one from Singapore and the other from South Korea.</p>
<p>Most traders agree that supplies remained adequate to meet demand. Pockets of demand were uncovered from Vietnam, Thailand and China, traders said.</p>
<p>In the swaps market, November fuel oil contract was bid/asked at $118.50/$120, up $1 from Monday's quotes.</p>
<p>-- Singapore newsroom (65-870-3082).</p>
</text>
<copyright>(c) Reuters Limited 1996</copyright>
<metadata>
<codes class="bip:countries:1.0">
  <code code="SINGP">
    <editdetail attribution="Reuters BIP Coding Group" action="confirmed" date="1996-10-15"/>
  </code>
</codes>
<codes class="bip:topics:1.0">
  <code code="M14">
    <editdetail attribution="Reuters BIP Coding Group" action="confirmed" date="1996-10-15"/>
  </code>
  <code code="M143">
    <editdetail attribution="Reuters BIP Coding Group" action="confirmed" date="1996-10-15"/>
  </code>
  <code code="MCAT">
    <editdetail attribution="Reuters BIP Coding Group" action="confirmed" date="1996-10-15"/>
  </code>
</codes>
<dc element="dc.date.created" value="1996-10-15"/>
<dc element="dc.publisher" value="Reuters Holdings Plc"/>
<dc element="dc.date.published" value="1996-10-15"/>
<dc element="dc.source" value="Reuters"/>
<dc element="dc.creator.location" value="SINGAPORE"/>
<dc element="dc.creator.location.country.name" value="SINGAPORE"/>
<dc element="dc.source" value="Reuters"/>
</metadata>
</newsitem>
