<?xml version="1.0" encoding="iso-8859-1" ?>
<newsitem itemid="225283" id="root" date="1996-11-29" xml:lang="en">
<title>FRANCE: Algeria sees $12 billion oil/gas exports in 1996.</title>
<headline>Algeria sees $12 billion oil/gas exports in 1996.</headline>
<dateline>PARIS 1996-11-29</dateline>
<text>
<p>Algeria expects to get $12 billion from oil and gas exports this year compared with $9.73 billion in 1995, Algeria's Energy and Mining Minister Amar Makhloufi was quoted on Friday as saying.</p>
<p>OPEC-member Algeria needs between $17 billion and $18 billion to develop new oil and gas projects over the next five years, the official Algerian news agency APS quoted Makhloufi as saying.</p>
<p>Makhloufi said one of the projects was a 1000 km (625 miles) gas pipeline linking southeastern Fagh gas area, near the Libyan border, to Algeria's Hassi R'mel main gas field.</p>
<p>&quot;The minister (also) mentioned talks between Algeria and Spanish and Portuguese gas companies on a partnership distributing gas project in Spain and Portugal,&quot; said APS, giving no details.</p>
<p>The Algerian government said early in November the North African's country receipts from oil and gas, which make up 94.4 percent of its total exports, were expected to reach $16 billion in 2000 when gas exports double to more than 60 billion cubic metre.</p>
<p>Government figures showed Algeria's oil and gas exports were at $8.49 billion in the three first quarters of 1996 compared with $6.76 billion for the same period last year.</p>
</text>
<copyright>(c) Reuters Limited 1996</copyright>
<metadata>
<codes class="bip:countries:1.0">
  <code code="ALG">
    <editdetail attribution="Reuters BIP Coding Group" action="confirmed" date="1996-11-29"/>
  </code>
  <code code="OPEC">
    <editdetail attribution="Reuters BIP Coding Group" action="confirmed" date="1996-11-29"/>
  </code>
</codes>
<codes class="bip:industries:1.0">
  <code code="I13000">
    <editdetail attribution="Reuters BIP Coding Group" action="confirmed" date="1996-11-29"/>
  </code>
</codes>
<codes class="bip:topics:1.0">
  <code code="C24">
    <editdetail attribution="Reuters BIP Coding Group" action="confirmed" date="1996-11-29"/>
  </code>
  <code code="C31">
    <editdetail attribution="Reuters BIP Coding Group" action="confirmed" date="1996-11-29"/>
  </code>
  <code code="C312">
    <editdetail attribution="Reuters BIP Coding Group" action="confirmed" date="1996-11-29"/>
  </code>
  <code code="CCAT">
    <editdetail attribution="Reuters BIP Coding Group" action="confirmed" date="1996-11-29"/>
  </code>
  <code code="M14">
    <editdetail attribution="Reuters BIP Coding Group" action="confirmed" date="1996-11-29"/>
  </code>
  <code code="M143">
    <editdetail attribution="Reuters BIP Coding Group" action="confirmed" date="1996-11-29"/>
  </code>
  <code code="MCAT">
    <editdetail attribution="Reuters BIP Coding Group" action="confirmed" date="1996-11-29"/>
  </code>
</codes>
<dc element="dc.date.created" value="1996-11-29"/>
<dc element="dc.publisher" value="Reuters Holdings Plc"/>
<dc element="dc.date.published" value="1996-11-29"/>
<dc element="dc.source" value="Reuters"/>
<dc element="dc.creator.location" value="PARIS"/>
<dc element="dc.creator.location.country.name" value="FRANCE"/>
<dc element="dc.source" value="Reuters"/>
</metadata>
</newsitem>
