<?xml version="1.0" encoding="iso-8859-1" ?>
<newsitem itemid="189415" id="root" date="1996-11-14" xml:lang="en">
<title>ITALY: St Lucia takes banana row to food summit.</title>
<headline>St Lucia takes banana row to food summit.</headline>
<dateline>ROME 1996-11-14</dateline>
<text>
<p>The tiny Caribbean island of St Lucia, embroiled in a banana export row with the United States, appealed to a world food summit on Thursday to help fight against &quot;unwarranted economic aggression&quot;.</p>
<p>Agriculture minister Ira d'Auvergne told delegates in a speech at the summit that his country was awaiting a World Trade Organisation (WTO) panel report into the dispute but that the panel was &quot;heavily weighted against us&quot;.</p>
<p>He said countries like St Lucia felt abandoned by former friends and left to wonder whether they had become the &quot;forgotten ones in the global political game.&quot;</p>
<p>St Lucia is one of a group of small banana-producing countries in Africa and the Caribbean which export to the European Union under preferential rates and are involved in a complaint before the WTO brought by the United States.</p>
<p>The United States -- backed by four Latin American countries including Ecuador which is the world's leading banana exporter -- argues that certain aspects of the arrangements are violations of WTO agreements on open trade.</p>
<p>D'Auvergne said certain nations were implementing trade policies to undermine the economies of small island states like his by depriving them of markets for traditional exports.</p>
<p>&quot;Those nations together with the multinationals whose interests they promote demonstrate not only a callous disregard for the mission of this summit...but seek by their actions to dislocate our fragile economies,&quot; he said.</p>
<p>&quot;The international community should not sit idly by whilst our small helpless countries continue to suffer from this unwarranted economic aggression,&quot; he said.</p>
<p>D'Auvergne said that if the policies were pursued, his country faced being pushed into what he called the &quot;abyss of unemployment, poverty, hunger and social chaos.&quot;</p>
<p>&quot;Nice words, platitudes, promises and insincere expressions of concern will not solve the problems of hunger,&quot; he said. &quot;Nor will they meet the objectives of this summit.&quot;</p>
</text>
<copyright>(c) Reuters Limited 1996</copyright>
<metadata>
<codes class="bip:countries:1.0">
  <code code="ITALY">
    <editdetail attribution="Reuters BIP Coding Group" action="confirmed" date="1996-11-14"/>
  </code>
  <code code="SLUC">
    <editdetail attribution="Reuters BIP Coding Group" action="confirmed" date="1996-11-14"/>
  </code>
  <code code="USA">
    <editdetail attribution="Reuters BIP Coding Group" action="confirmed" date="1996-11-14"/>
  </code>
</codes>
<codes class="bip:industries:1.0">
  <code code="I01002">
    <editdetail attribution="Reuters BIP Coding Group" action="confirmed" date="1996-11-14"/>
  </code>
  <code code="I0100206">
    <editdetail attribution="Reuters BIP Coding Group" action="confirmed" date="1996-11-14"/>
  </code>
</codes>
<codes class="bip:topics:1.0">
  <code code="C13">
    <editdetail attribution="Reuters BIP Coding Group" action="confirmed" date="1996-11-14"/>
  </code>
  <code code="C31">
    <editdetail attribution="Reuters BIP Coding Group" action="confirmed" date="1996-11-14"/>
  </code>
  <code code="C312">
    <editdetail attribution="Reuters BIP Coding Group" action="confirmed" date="1996-11-14"/>
  </code>
  <code code="CCAT">
    <editdetail attribution="Reuters BIP Coding Group" action="confirmed" date="1996-11-14"/>
  </code>
  <code code="E51">
    <editdetail attribution="Reuters BIP Coding Group" action="confirmed" date="1996-11-14"/>
  </code>
  <code code="E512">
    <editdetail attribution="Reuters BIP Coding Group" action="confirmed" date="1996-11-14"/>
  </code>
  <code code="ECAT">
    <editdetail attribution="Reuters BIP Coding Group" action="confirmed" date="1996-11-14"/>
  </code>
  <code code="GCAT">
    <editdetail attribution="Reuters BIP Coding Group" action="confirmed" date="1996-11-14"/>
  </code>
  <code code="GDIP">
    <editdetail attribution="Reuters BIP Coding Group" action="confirmed" date="1996-11-14"/>
  </code>
</codes>
<dc element="dc.date.created" value="1996-11-14"/>
<dc element="dc.publisher" value="Reuters Holdings Plc"/>
<dc element="dc.date.published" value="1996-11-14"/>
<dc element="dc.source" value="Reuters"/>
<dc element="dc.creator.location" value="ROME"/>
<dc element="dc.creator.location.country.name" value="ITALY"/>
<dc element="dc.source" value="Reuters"/>
</metadata>
</newsitem>
