<?xml version="1.0" encoding="iso-8859-1" ?>
<newsitem itemid="619982" id="root" date="1997-05-28" xml:lang="en">
<title>BRAZIL: Inmates seize hostages at Brazil's largest jail.</title>
<headline>Inmates seize hostages at Brazil's largest jail.</headline>
<dateline>SAO PAULO 1997-05-28</dateline>
<text>
<p>Inmates at Latin America's largest prison seized about a dozen guards on Wednesday and demanded transfers to other facilities, officials said.</p>
<p>Celso Otavio, an aide to the director of Brazil's notorious Carandiru prison, told Reuters between 18 and 20 prisoners wielding utility blades took &quot;more than 10&quot; guards hostage in the prison's Pavilion No. 4.</p>
<p>&quot;No one's been injured. They're negotiating right now,&quot; he said. &quot;The prisoners want to be transferred.&quot;</p>
<p>Carandiru, which houses 6,400 prisoners, was the site of a massacre by military police of 111 rioting inmates in 1992.</p>
<p>The hostage-taking was the latest in a spate of rebellions this year at overcrowded Brazilian prisons and took place a day after inmates at a jail outside Sao Paulo ended a three-day uprising that left two prisoners dead.</p>
<p>On Tuesday, inmates at the Ferraz de Vasconcelos jail laid down knives and other homemade weapons and freed their last 10 hostages, including an eight-month-old baby and three-year-old child.</p>
</text>
<copyright>(c) Reuters Limited 1997</copyright>
<metadata>
<codes class="bip:countries:1.0">
  <code code="BRAZ">
    <editdetail attribution="Reuters BIP Coding Group" action="confirmed" date="1997-05-28"/>
  </code>
</codes>
<codes class="bip:topics:1.0">
  <code code="GCAT">
    <editdetail attribution="Reuters BIP Coding Group" action="confirmed" date="1997-05-28"/>
  </code>
  <code code="GCRIM">
    <editdetail attribution="Reuters BIP Coding Group" action="confirmed" date="1997-05-28"/>
  </code>
  <code code="GVIO">
    <editdetail attribution="Reuters BIP Coding Group" action="confirmed" date="1997-05-28"/>
  </code>
</codes>
<dc element="dc.date.created" value="1997-05-28"/>
<dc element="dc.publisher" value="Reuters Holdings Plc"/>
<dc element="dc.date.published" value="1997-05-28"/>
<dc element="dc.source" value="Reuters"/>
<dc element="dc.creator.location" value="SAO PAULO"/>
<dc element="dc.creator.location.country.name" value="BRAZIL"/>
<dc element="dc.source" value="Reuters"/>
</metadata>
</newsitem>
