<?xml version="1.0" encoding="iso-8859-1" ?>
<newsitem itemid="726300" id="root" date="1997-07-14" xml:lang="en">
<title>USA: Chancellor, Evergreen to buy Katz.</title>
<headline>Chancellor, Evergreen to buy Katz.</headline>
<dateline>IRVING, Texas 1997-07-14</dateline>
<text>
<p>Evergreen Media Corp and Chancellor Broadcasting Co said Monday they have a definitive agreement to acquire Katz Media Group Inc for about $373 million.</p>
<p>Under the terms, Katz shareholders will receive $11 in cash for each share they hold. The transaction value is based on about 14.1 million Katz shares and the assumption of about $218 million of its debt.</p>
<p>Under the deal, Katz Media will ultimately be owned by Chancellor once the pending merger of Evergreen and Chancellor is completed.  </p>
<p>Katz sells national spot advertising time for radio stations, television stations, cable systems and Internet sites throughout the United States.</p>
<p>For the 1996 fiscal year, it generated $183 million in revenue and earnings before interest, taxes, depreciation and amortization of $44.1 million.</p>
<p>The deal is expected to be completed in this year's third quarter. Katz is to retain its name, organizational identity, management team and personnel, as well as its New York headquarters and its 65 regional sales offices.</p>
<p>Terms of the agreement were approved by the boards of directors of all three companies.</p>
<p>((-- New York Newsdesk 212-859-1610))</p>
</text>
<copyright>(c) Reuters Limited 1997</copyright>
<metadata>
<codes class="bip:countries:1.0">
  <code code="USA">
    <editdetail attribution="Reuters BIP Coding Group" action="confirmed" date="1997-07-14"/>
  </code>
</codes>
<codes class="bip:industries:1.0">
  <code code="I83954">
    <editdetail attribution="Reuters BIP Coding Group" action="confirmed" date="1997-07-14"/>
  </code>
  <code code="I8395451">
    <editdetail attribution="Reuters BIP Coding Group" action="confirmed" date="1997-07-14"/>
  </code>
  <code code="I97400">
    <editdetail attribution="Reuters BIP Coding Group" action="confirmed" date="1997-07-14"/>
  </code>
  <code code="I9741105">
    <editdetail attribution="Reuters BIP Coding Group" action="confirmed" date="1997-07-14"/>
  </code>
</codes>
<codes class="bip:topics:1.0">
  <code code="C18">
    <editdetail attribution="Reuters BIP Coding Group" action="confirmed" date="1997-07-14"/>
  </code>
  <code code="C181">
    <editdetail attribution="Reuters BIP Coding Group" action="confirmed" date="1997-07-14"/>
  </code>
  <code code="CCAT">
    <editdetail attribution="Reuters BIP Coding Group" action="confirmed" date="1997-07-14"/>
  </code>
</codes>
<dc element="dc.date.created" value="1997-07-14"/>
<dc element="dc.publisher" value="Reuters Holdings Plc"/>
<dc element="dc.date.published" value="1997-07-14"/>
<dc element="dc.source" value="Reuters"/>
<dc element="dc.creator.location" value="IRVING, Texas"/>
<dc element="dc.creator.location.country.name" value="USA"/>
<dc element="dc.source" value="Reuters"/>
</metadata>
</newsitem>
