<?xml version="1.0" encoding="iso-8859-1" ?>
<newsitem itemid="457980" id="root" date="1997-03-20" xml:lang="en">
<title>HONG KONG: Cheuk Nang interim net jumps 138 percent.</title>
<headline>Cheuk Nang interim net jumps 138 percent.</headline>
<dateline>HONG KONG 1997-03-20</dateline>
<text>
<p>Six months ended December 31</p>
<p>(in million HK$ unless stated)</p>
<p>    Shr (H.K. cents)	 11.4   vs  4.8</p>
<p>    Dividend (H.K. cents)  1.0    vs  1.0</p>
<p>    Exceptional items	nil    vs  nil</p>
<p>    Net			  23.84  vs  10.01</p>
<p>    Turnover		   49.52  vs  35.21</p>
<p>    Company name	     Cheuk Nang Properties (Holdings) Ltd</p>
<p>    Books close		April 21-25</p>
<p>    Dividend payable	 May 30</p>
<p>NOTE - Cheuk Nang Properties is an investment holding and property investment firm.</p>
<p>-- Hong Kong Newsroom (852) 2843 6368</p>
</text>
<copyright>(c) Reuters Limited 1997</copyright>
<metadata>
<codes class="bip:countries:1.0">
  <code code="HKONG">
    <editdetail attribution="Reuters BIP Coding Group" action="confirmed" date="1997-03-20"/>
  </code>
</codes>
<codes class="bip:industries:1.0">
  <code code="I85000">
    <editdetail attribution="Reuters BIP Coding Group" action="confirmed" date="1997-03-20"/>
  </code>
</codes>
<codes class="bip:topics:1.0">
  <code code="C15">
    <editdetail attribution="Reuters BIP Coding Group" action="confirmed" date="1997-03-20"/>
  </code>
  <code code="C151">
    <editdetail attribution="Reuters BIP Coding Group" action="confirmed" date="1997-03-20"/>
  </code>
  <code code="CCAT">
    <editdetail attribution="Reuters BIP Coding Group" action="confirmed" date="1997-03-20"/>
  </code>
</codes>
<dc element="dc.date.created" value="1997-03-20"/>
<dc element="dc.publisher" value="Reuters Holdings Plc"/>
<dc element="dc.date.published" value="1997-03-20"/>
<dc element="dc.source" value="Reuters"/>
<dc element="dc.creator.location" value="HONG KONG"/>
<dc element="dc.creator.location.country.name" value="HONG KONG"/>
<dc element="dc.source" value="Reuters"/>
</metadata>
</newsitem>
