<?xml version="1.0" encoding="iso-8859-1" ?>
<newsitem itemid="576712" id="root" date="1997-05-12" xml:lang="en">
<title>USA: Citrix says gets $75 mln in Microsoft deal.</title>
<headline>Citrix says gets $75 mln in Microsoft deal.</headline>
<dateline>NEW YORK 1997-05-12</dateline>
<text>
<p>Citrix Systems Inc said Monday it  will receive an initial $75 million in fees and up to $100 million in royalties from its agreement with Microsoft Corp to license its multiuser server technology.</p>
<p>Citrix said its royalties depend on the shipment volumes of upcoming multi-user versions of the windows NT server network operating systems.</p>
<p>Citrix said it has also agreed with Microsoft to jointly market and promote the multi-user windows NT server-based software and Citrix's independent computing architecture thin-client/server software.</p>
<p>Citrix also said Microsoft has agreed to endorse for at least two years the Citrix software  as the preferred way to provide multi-user windows access for devices other than windows clients.</p>
<p>Citrix said Microsoft will sell future versions of windows NT server that include multi-server capability, and Citrix will market its software that will run on the new platform.</p>
</text>
<copyright>(c) Reuters Limited 1997</copyright>
<metadata>
<codes class="bip:countries:1.0">
  <code code="USA">
    <editdetail attribution="Reuters BIP Coding Group" action="confirmed" date="1997-05-12"/>
  </code>
</codes>
<codes class="bip:industries:1.0">
  <code code="I33020">
    <editdetail attribution="Reuters BIP Coding Group" action="confirmed" date="1997-05-12"/>
  </code>
  <code code="I3302020">
    <editdetail attribution="Reuters BIP Coding Group" action="confirmed" date="1997-05-12"/>
  </code>
</codes>
<codes class="bip:topics:1.0">
  <code code="C13">
    <editdetail attribution="Reuters BIP Coding Group" action="confirmed" date="1997-05-12"/>
  </code>
  <code code="C33">
    <editdetail attribution="Reuters BIP Coding Group" action="confirmed" date="1997-05-12"/>
  </code>
  <code code="CCAT">
    <editdetail attribution="Reuters BIP Coding Group" action="confirmed" date="1997-05-12"/>
  </code>
</codes>
<dc element="dc.date.created" value="1997-05-12"/>
<dc element="dc.publisher" value="Reuters Holdings Plc"/>
<dc element="dc.date.published" value="1997-05-12"/>
<dc element="dc.source" value="Reuters"/>
<dc element="dc.creator.location" value="NEW YORK"/>
<dc element="dc.creator.location.country.name" value="USA"/>
<dc element="dc.source" value="Reuters"/>
</metadata>
</newsitem>
