<?xml version="1.0" encoding="iso-8859-1" ?>
<newsitem itemid="547453" id="root" date="1997-04-29" xml:lang="en">
<title>SWITZERLAND: Crossair plans unitary registered share.</title>
<headline>Crossair plans unitary registered share.</headline>
<dateline>BASLE, Switzerland 1997-04-29</dateline>
<text>
<p>Crossair AG, the regional airline of the SAirGroup, said its board of directors would ask the shareholders' meeting on June 10 to approve a simplification of the share structure by creating a unitary registered share.  </p>
<p>Crossair said in a statement that SAirGroup would continue to control two thirds of the share capital and votes with a stake of 67.9 percent.</p>
<p>The board made the proposal after suggestion by a group of holders of bearer shares, the statement added.</p>
<p>The board will propose that all 76,000 bearer shares, each with a nominal value of 500 francs, be transformed into 152,000 registered shares with a nominal value of 250 francs.</p>
<p>Crossair's share capital at the end of 1996 comprised 76,000 bearer shares and 1,162,000 registered shares with a value of 250 francs for a total nominal capital of 328.5 million francs.</p>
<p>&quot;The increase in the number of shares as a consequence of the introduction of a unitary share will raise the attractiveness of the share on the stock exchange,&quot; Crossair said.</p>
<p>The move, which is in line with the trend seen in small to medium-capitalised companies, would make Crossair's share structure simpler and more transparent and make a direct contact possible with all share structures.</p>
<p>&quot;For the current holders of bearer shares, the transformation of their shares into registered shares will mean a loss of anyonymity, but in compensation their voting power will be increased,&quot; Crossair said.</p>
<p>-- Zurich Editorial +41 1 631 7340</p>
</text>
<copyright>(c) Reuters Limited 1997</copyright>
<metadata>
<codes class="bip:countries:1.0">
  <code code="SWITZ">
    <editdetail attribution="Reuters BIP Coding Group" action="confirmed" date="1997-04-29"/>
  </code>
</codes>
<codes class="bip:industries:1.0">
  <code code="I75000">
    <editdetail attribution="Reuters BIP Coding Group" action="confirmed" date="1997-04-29"/>
  </code>
  <code code="I83960">
    <editdetail attribution="Reuters BIP Coding Group" action="confirmed" date="1997-04-29"/>
  </code>
</codes>
<codes class="bip:topics:1.0">
  <code code="C17">
    <editdetail attribution="Reuters BIP Coding Group" action="confirmed" date="1997-04-29"/>
  </code>
  <code code="C171">
    <editdetail attribution="Reuters BIP Coding Group" action="confirmed" date="1997-04-29"/>
  </code>
  <code code="CCAT">
    <editdetail attribution="Reuters BIP Coding Group" action="confirmed" date="1997-04-29"/>
  </code>
</codes>
<dc element="dc.date.created" value="1997-04-29"/>
<dc element="dc.publisher" value="Reuters Holdings Plc"/>
<dc element="dc.date.published" value="1997-04-29"/>
<dc element="dc.source" value="Reuters"/>
<dc element="dc.creator.location" value="BASLE, Switzerland"/>
<dc element="dc.creator.location.country.name" value="SWITZERLAND"/>
<dc element="dc.source" value="Reuters"/>
</metadata>
</newsitem>
