<?xml version="1.0" encoding="iso-8859-1" ?>
<newsitem itemid="457809" id="root" date="1997-03-20" xml:lang="en">
<title>UK: Albright &amp; Wilson year profits rise.</title>
<headline>Albright &amp; Wilson year profits rise.</headline>
<dateline>LONDON 1997-03-20</dateline>
<text>
<p>12 months to Dec 31 1996</p>
<p>			   (million stg unless stated)</p>
<p> Shr (pence)		13.9		   vs 12.3</p>
<p> Total dividend (pence) 6.9		    vs 6.5</p>
<p> Pretax		     62.5		   vs 55.0</p>
<p> Turnover		   703.4		  vs 703.2</p>
<p>NOTE - The company said it expected further improvement in margins in surfactants and specialty chemicals, and said problems related to phosphates were largely over.</p>
<p>Company name - Albright &amp; Wilson Plc.</p>
<p>-- London Newsroom +44 171 542 7717</p>
</text>
<copyright>(c) Reuters Limited 1997</copyright>
<metadata>
<codes class="bip:countries:1.0">
  <code code="UK">
    <editdetail attribution="Reuters BIP Coding Group" action="confirmed" date="1997-03-20"/>
  </code>
</codes>
<codes class="bip:industries:1.0">
  <code code="I25000">
    <editdetail attribution="Reuters BIP Coding Group" action="confirmed" date="1997-03-20"/>
  </code>
  <code code="I35300">
    <editdetail attribution="Reuters BIP Coding Group" action="confirmed" date="1997-03-20"/>
  </code>
</codes>
<codes class="bip:topics:1.0">
  <code code="C15">
    <editdetail attribution="Reuters BIP Coding Group" action="confirmed" date="1997-03-20"/>
  </code>
  <code code="C151">
    <editdetail attribution="Reuters BIP Coding Group" action="confirmed" date="1997-03-20"/>
  </code>
  <code code="C1511">
    <editdetail attribution="Reuters BIP Coding Group" action="confirmed" date="1997-03-20"/>
  </code>
  <code code="CCAT">
    <editdetail attribution="Reuters BIP Coding Group" action="confirmed" date="1997-03-20"/>
  </code>
</codes>
<dc element="dc.date.created" value="1997-03-20"/>
<dc element="dc.publisher" value="Reuters Holdings Plc"/>
<dc element="dc.date.published" value="1997-03-20"/>
<dc element="dc.source" value="Reuters"/>
<dc element="dc.creator.location" value="LONDON"/>
<dc element="dc.creator.location.country.name" value="UK"/>
<dc element="dc.source" value="Reuters"/>
</metadata>
</newsitem>
