<?xml version="1.0" encoding="iso-8859-1" ?>
<newsitem itemid="666875" id="root" date="1997-06-17" xml:lang="en">
<title>USA: PRESALE - Oldham Co Pub Fac Construction Corp,Ky.</title>
<headline>PRESALE - Oldham Co Pub Fac Construction Corp,Ky.</headline>
<text>
<p>AMT: 3,070,000	DATE: 06/18/97	NYC Time: 1100	CUSIP: 680448</p>
<p>ISSUER: Oldham Co Public Facilities Construction CorporationST: KY ISSUE: Mortgage recreation ctr proj, series 1997		TAX STAT:Exempt-REV</p>
<p>M/SP/F: NA/NA/NA							  BOOK ENTRY: Y</p>
<p>ENHANCEMENTS: None							BANK QUAL: Y</p>
<p>DTD: 06/01/97							     SURE BID: N</p>
<p>DUE: 6/1/98-17						SR MGR:</p>
<p>1ST CPN: 12/01/97</p>
<p>CALL: 6/1/07 @ 102, dtp 6/1/09			  NIC</p>
<p>DELIVERY: 7/7/97 approx				   ORDERS:</p>
<p>PAYING AGENT: Star Bank, Cincinnati</p>
<p>L.O.: Rubin &amp; Hays. Louisville</p>
<p>F.A.: GEM Capital Corp., Louisville</p>
<p>LAST SALE: $2,500,000 8/16/94 @ 5.8789% NIC; 12yrs 0mos avg; BBI- 6.25%</p>
<p>Year		     Amount    Coupon     Yield     Price  Conc.</p>
<p>1998		     85,000</p>
<p>1999		     90,000</p>
<p>2000		     90,000</p>
<p>2001		    100,000</p>
<p>2002		    105,000</p>
<p>2003		    110,000</p>
<p>2004		    120,000</p>
<p>2005		    125,000</p>
<p>2006		    135,000</p>
<p>2007		    140,000</p>
<p>2008		    150,000</p>
<p>2009		    160,000</p>
<p>2010		    165,000</p>
<p>2011		    175,000</p>
<p>2012		    190,000</p>
<p>2013		    200,000</p>
<p>2014		    210,000</p>
<p>2015		    225,000</p>
<p>2016		    240,000</p>
<p>2017		    255,000</p>
<p>COMPETITIVE PRE-SALE CONTRIBUTED BY J.J. KENNY K-SHEETS:</p>
</text>
<copyright>(c) Reuters Limited 1997</copyright>
<metadata>
<codes class="bip:countries:1.0">
  <code code="USA">
    <editdetail attribution="Reuters BIP Coding Group" action="confirmed" date="1997-06-17"/>
  </code>
</codes>
<codes class="bip:topics:1.0">
  <code code="E21">
    <editdetail attribution="Reuters BIP Coding Group" action="confirmed" date="1997-06-17"/>
  </code>
  <code code="E212">
    <editdetail attribution="Reuters BIP Coding Group" action="confirmed" date="1997-06-17"/>
  </code>
  <code code="ECAT">
    <editdetail attribution="Reuters BIP Coding Group" action="confirmed" date="1997-06-17"/>
  </code>
</codes>
<dc element="dc.publisher" value="Reuters Holdings Plc"/>
<dc element="dc.date.published" value="1997-06-17"/>
<dc element="dc.source" value="Reuters"/>
<dc element="dc.creator.location.country.name" value="USA"/>
<dc element="dc.source" value="Reuters"/>
</metadata>
</newsitem>
