<?xml version="1.0" encoding="iso-8859-1" ?>
<newsitem itemid="415019" id="root" date="1997-03-03" xml:lang="en">
<title>USA: D&amp;P rates Banco Sud Americano debt.</title>
<headline>D&amp;P rates Banco Sud Americano debt.</headline>
<dateline>CHICAGO 1997-03-03</dateline>
<text>
<p>Duff &amp; Phelps Credit Rating Co said Monday it assigned a credit rating of Triple B Plus to the long-term senior unsecured foreign currency debt of Banco Sud Americano SA, the sixth-largest bank in Chile.</p>
<p>The bank's long-term subordinated foreign currency debt is rated Triple B.</p>
<p>Banco Sud Americano had assets of US$3.7 billion at year-end 1996.</p>
<p>((-- Chicago newsdesk 312 408-8787))</p>
</text>
<copyright>(c) Reuters Limited 1997</copyright>
<metadata>
<codes class="bip:countries:1.0">
  <code code="CHIL">
    <editdetail attribution="Reuters BIP Coding Group" action="confirmed" date="1997-03-03"/>
  </code>
  <code code="USA">
    <editdetail attribution="Reuters BIP Coding Group" action="confirmed" date="1997-03-03"/>
  </code>
</codes>
<codes class="bip:industries:1.0">
  <code code="I81402">
    <editdetail attribution="Reuters BIP Coding Group" action="confirmed" date="1997-03-03"/>
  </code>
</codes>
<codes class="bip:topics:1.0">
  <code code="C17">
    <editdetail attribution="Reuters BIP Coding Group" action="confirmed" date="1997-03-03"/>
  </code>
  <code code="C174">
    <editdetail attribution="Reuters BIP Coding Group" action="confirmed" date="1997-03-03"/>
  </code>
  <code code="CCAT">
    <editdetail attribution="Reuters BIP Coding Group" action="confirmed" date="1997-03-03"/>
  </code>
</codes>
<dc element="dc.date.created" value="1997-03-03"/>
<dc element="dc.publisher" value="Reuters Holdings Plc"/>
<dc element="dc.date.published" value="1997-03-03"/>
<dc element="dc.source" value="Reuters"/>
<dc element="dc.creator.location" value="CHICAGO"/>
<dc element="dc.creator.location.country.name" value="USA"/>
<dc element="dc.source" value="Reuters"/>
</metadata>
</newsitem>
