<?xml version="1.0" encoding="iso-8859-1" ?>
<newsitem itemid="390726" id="root" date="1997-02-20" xml:lang="en">
<title>SLOVAKIA: Slovak crown gains on stronger c.bank fix.</title>
<headline>Slovak crown gains on stronger c.bank fix.</headline>
<text>
<p>1500 GMT - Slovak crown extends gains to close some 60 basis points below its mark/dollar basket parity on a stronger central bank crown fix on Thursday.</p>
<p>*Dealers say the fix justified a near-term uptrend.</p>
<p>*Crown/dollar 33.125, crown/mark 19.607, -0.61 pct against basket midpoint, after -0.88 pct at mid-day.</p>
<p>*Thursday's fixing -- crown/dollar 33.267, crown/mark 19.709 putting crown at -1.1 pct against basket midpoint, after Wednesday's fixing at -1.36 pct.</p>
<p>*O/N average rate at 17.24/18.07 pct vs 18.37/19.20 pct at mid-day. 3-month average rate at 17.29/17.75 pct vs 17.46/17.93.</p>
<p>-- Bratislava Newsroom, 42-7-521-8402</p>
</text>
<copyright>(c) Reuters Limited 1997</copyright>
<metadata>
<codes class="bip:countries:1.0">
  <code code="SLVAK">
    <editdetail attribution="Reuters BIP Coding Group" action="confirmed" date="1997-02-20"/>
  </code>
</codes>
<codes class="bip:topics:1.0">
  <code code="M13">
    <editdetail attribution="Reuters BIP Coding Group" action="confirmed" date="1997-02-20"/>
  </code>
  <code code="M132">
    <editdetail attribution="Reuters BIP Coding Group" action="confirmed" date="1997-02-20"/>
  </code>
  <code code="MCAT">
    <editdetail attribution="Reuters BIP Coding Group" action="confirmed" date="1997-02-20"/>
  </code>
</codes>
<dc element="dc.publisher" value="Reuters Holdings Plc"/>
<dc element="dc.date.published" value="1997-02-20"/>
<dc element="dc.source" value="Reuters"/>
<dc element="dc.creator.location.country.name" value="SLOVAKIA"/>
<dc element="dc.source" value="Reuters"/>
</metadata>
</newsitem>
