<?xml version="1.0" encoding="iso-8859-1" ?>
<newsitem itemid="588693" id="root" date="1997-05-15" xml:lang="en">
<title>JAPAN: Tokyo Securities - 96/97 group results.</title>
<headline>Tokyo Securities - 96/97 group results.</headline>
<dateline>TOKYO 1997-05-15</dateline>
<text>
<p>Year to March 31, 1997</p>
<p> (Group)	(in billions of yen unless specified)</p>
<p> Revenues	    24.83		vs	   26.50</p>
<p> Operating     loss 4.08		vs     loss 4.49</p>
<p> Current	 loss 3.55		vs     loss 4.24</p>
<p> Net	     loss 5.41		vs     loss 4.46</p>
<p> EPS	    loss 41.34 yen	  vs    loss 34.08 yen</p>
<p> Diluted EPS	     -		vs		 -</p>
<p>NOTE - Tokyo Securities Co Ltd is a comprehensive securities firm founded in 1929.</p>
</text>
<copyright>(c) Reuters Limited 1997</copyright>
<metadata>
<codes class="bip:countries:1.0">
  <code code="JAP">
    <editdetail attribution="Reuters BIP Coding Group" action="confirmed" date="1997-05-15"/>
  </code>
</codes>
<codes class="bip:industries:1.0">
  <code code="I83100">
    <editdetail attribution="Reuters BIP Coding Group" action="confirmed" date="1997-05-15"/>
  </code>
</codes>
<codes class="bip:topics:1.0">
  <code code="C15">
    <editdetail attribution="Reuters BIP Coding Group" action="confirmed" date="1997-05-15"/>
  </code>
  <code code="C151">
    <editdetail attribution="Reuters BIP Coding Group" action="confirmed" date="1997-05-15"/>
  </code>
  <code code="C1511">
    <editdetail attribution="Reuters BIP Coding Group" action="confirmed" date="1997-05-15"/>
  </code>
  <code code="CCAT">
    <editdetail attribution="Reuters BIP Coding Group" action="confirmed" date="1997-05-15"/>
  </code>
</codes>
<dc element="dc.date.created" value="1997-05-15"/>
<dc element="dc.publisher" value="Reuters Holdings Plc"/>
<dc element="dc.date.published" value="1997-05-15"/>
<dc element="dc.source" value="Reuters"/>
<dc element="dc.creator.location" value="TOKYO"/>
<dc element="dc.creator.location.country.name" value="JAPAN"/>
<dc element="dc.source" value="Reuters"/>
</metadata>
</newsitem>
