<?xml version="1.0" encoding="iso-8859-1" ?>
<newsitem itemid="695821" id="root" date="1997-06-30" xml:lang="en">
<title>POLAND: Polish food prices fall 1.6 pct in June 11-20.</title>
<headline>Polish food prices fall 1.6 pct in June 11-20.</headline>
<dateline>WARSAW 1997-06-30</dateline>
<text>
<p>Polish food prices fell 1.6 percent in the June 11-20 period after rising 4.6 percent in the previous 10 days and were 2.7 percent higher than in the May 11-20 period, the Central Statistical Office (GUS) said.  </p>
<p>				  JUNE 11-20   JUNE 1-10  LAST 30 DAYS</p>
<p>POLISH FOOD PRICES (AVG)     -1.6	   4.6	  2.7 (4.3)</p>
<p> Bread				0.1	   0.0	  0.2 (0.2)</p>
<p> Fruit and vegetables	  -9.4	  35.5	 20.5(31.3)</p>
<p> Meat and meat-products	 0.1	  -0.1	  0.0 (0.1)</p>
<p> Dairy products		   0.1	   0.4	  0.7 (0.8)</p>
<p> Eggs				-1.9	  -3.3	 -6.9(-6.7)</p>
<p>NOTE: In brackets figures for the previous 30-day period ending on June 10.</p>
<p>-- Warsaw Newsroom +48 22 653 9700</p>
</text>
<copyright>(c) Reuters Limited 1997</copyright>
<metadata>
<codes class="bip:countries:1.0">
  <code code="POL">
    <editdetail attribution="Reuters BIP Coding Group" action="confirmed" date="1997-06-30"/>
  </code>
</codes>
<codes class="bip:topics:1.0">
  <code code="E13">
    <editdetail attribution="Reuters BIP Coding Group" action="confirmed" date="1997-06-30"/>
  </code>
  <code code="E131">
    <editdetail attribution="Reuters BIP Coding Group" action="confirmed" date="1997-06-30"/>
  </code>
  <code code="ECAT">
    <editdetail attribution="Reuters BIP Coding Group" action="confirmed" date="1997-06-30"/>
  </code>
</codes>
<dc element="dc.date.created" value="1997-06-30"/>
<dc element="dc.publisher" value="Reuters Holdings Plc"/>
<dc element="dc.date.published" value="1997-06-30"/>
<dc element="dc.source" value="Reuters"/>
<dc element="dc.creator.location" value="WARSAW"/>
<dc element="dc.creator.location.country.name" value="POLAND"/>
<dc element="dc.source" value="Reuters"/>
</metadata>
</newsitem>
