<?xml version="1.0" encoding="iso-8859-1" ?>
<newsitem itemid="254771" id="root" date="1996-12-13" xml:lang="en">
<title>BRAZIL: Brazil southern rail section to go on sale in Rio.</title>
<headline>Brazil southern rail section to go on sale in Rio.</headline>
<dateline>RIO DE JANEIRO 1996-12-13</dateline>
<text>
<p>A 30-year concession to run the southern section of Brazil's federal railway network will be auctioned off on the Rio de Janeiro stock exchange today at 1400 local time (1600 GMT), a stock exchange spokeswoman said.</p>
<p>The 4,100 mile (6,600 km) network which connects Brazil to Argentina and Uruguay will be auctioned at a base price of 158 million reais ($151.9 million).</p>
<p>The southern railway runs through some of Brazil's most prosperous territory in the states of Parana, Santa Catarina and Rio Grande do Sul, carrying grains, oil and alcohol. Last year, it transported 13.6 million tonnes of freight.</p>
<p>Two consortia, one led by investment bank Bozano, Simonsen and Montagens e Projetos Especiais (MPE) and the other led by investment bank Banco Garantia are expected to bid in the auction.</p>
<p>The winning bidder will have to pay 20 percent of the total amount in cash immediately with the balance to be paid after a two-year grace period in 112 quarterly installments.</p>
<p>The southern railway is the fifth of six federal railway sections to be privatized.</p>
<p>-- Simona de Logu, Rio de Janeiro newsroom, 5521 507 4151</p>
</text>
<copyright>(c) Reuters Limited 1996</copyright>
<metadata>
<codes class="bip:countries:1.0">
  <code code="ARG">
    <editdetail attribution="Reuters BIP Coding Group" action="confirmed" date="1996-12-13"/>
  </code>
  <code code="BRAZ">
    <editdetail attribution="Reuters BIP Coding Group" action="confirmed" date="1996-12-13"/>
  </code>
  <code code="URU">
    <editdetail attribution="Reuters BIP Coding Group" action="confirmed" date="1996-12-13"/>
  </code>
</codes>
<codes class="bip:industries:1.0">
  <code code="I71000">
    <editdetail attribution="Reuters BIP Coding Group" action="confirmed" date="1996-12-13"/>
  </code>
</codes>
<codes class="bip:topics:1.0">
  <code code="C18">
    <editdetail attribution="Reuters BIP Coding Group" action="confirmed" date="1996-12-13"/>
  </code>
  <code code="C183">
    <editdetail attribution="Reuters BIP Coding Group" action="confirmed" date="1996-12-13"/>
  </code>
  <code code="CCAT">
    <editdetail attribution="Reuters BIP Coding Group" action="confirmed" date="1996-12-13"/>
  </code>
</codes>
<dc element="dc.date.created" value="1996-12-13"/>
<dc element="dc.publisher" value="Reuters Holdings Plc"/>
<dc element="dc.date.published" value="1996-12-13"/>
<dc element="dc.source" value="Reuters"/>
<dc element="dc.creator.location" value="RIO DE JANEIRO"/>
<dc element="dc.creator.location.country.name" value="BRAZIL"/>
<dc element="dc.source" value="Reuters"/>
</metadata>
</newsitem>
