<?xml version="1.0" encoding="iso-8859-1" ?>
<newsitem itemid="729115" id="root" date="1997-07-15" xml:lang="en">
<title>USA: Texas/w Okla feedlot cattle trade inactive - USDA.</title>
<headline>Texas/w Okla feedlot cattle trade inactive - USDA.</headline>
<dateline>AMARILLO 1997-07-15</dateline>
<text>
<p>Trade was inactive in the Panhandle area early Tuesday, USDA said. Slaughter steers and heifers not tested.</p>
<p>Feedlots reporting moderate inquiry from buyers. Week to date movement was 33,700.</p>
<p>The last established price was $62.00 on Friday. Tuesday's packer bids were $62.00, with asking prices $64.00-$66.00. Note - all cattle prices based on net weights FOB the feedlot after a 4 percent shrink.</p>
<p>Confirmed - None</p>
<p>((Chicago newsdesk 312 408 8720))</p>
</text>
<copyright>(c) Reuters Limited 1997</copyright>
<metadata>
<codes class="bip:countries:1.0">
  <code code="USA">
    <editdetail attribution="Reuters BIP Coding Group" action="confirmed" date="1997-07-15"/>
  </code>
</codes>
<codes class="bip:topics:1.0">
  <code code="M14">
    <editdetail attribution="Reuters BIP Coding Group" action="confirmed" date="1997-07-15"/>
  </code>
  <code code="M141">
    <editdetail attribution="Reuters BIP Coding Group" action="confirmed" date="1997-07-15"/>
  </code>
  <code code="MCAT">
    <editdetail attribution="Reuters BIP Coding Group" action="confirmed" date="1997-07-15"/>
  </code>
</codes>
<dc element="dc.date.created" value="1997-07-15"/>
<dc element="dc.publisher" value="Reuters Holdings Plc"/>
<dc element="dc.date.published" value="1997-07-15"/>
<dc element="dc.source" value="Reuters"/>
<dc element="dc.creator.location" value="AMARILLO"/>
<dc element="dc.creator.location.country.name" value="USA"/>
<dc element="dc.source" value="Reuters"/>
</metadata>
</newsitem>
