<?xml version="1.0" encoding="iso-8859-1" ?>
<newsitem itemid="420158" id="root" date="1997-03-05" xml:lang="en">
<title>USA: Science Dynamics Q4 net $161,445, after write-off.</title>
<headline>Science Dynamics Q4 net $161,445, after write-off.</headline>
<dateline>CHERRY HILL, N.J. 1997-03-05</dateline>
<text>
<p>Science Dynamics Corp said on Wednesday fourth quarter net income was $161,445 after providing for an inventory obsolescence write-off of $449,062.</p>
<p>In the year ago period, the company reported a net loss of $536,722.</p>
<p>Sales for the most recent fourth quarter rose 146 percent to $3,740,974.  </p>
<p>The company said it expects first and second quarter sales to total less than $1 million as market development work proceeds with the company's new Innovative Communications Technology products and product development work begins in linking the company's Commander Platform with Innovative Communications data transmission products.</p>
<p>First quarter 1996 net sales were $548,481 and second quarter net sales were $628,461.</p>
<p>The company purchased Innovative Communications Technology in November to provide more expertise in the computer telephony integration area.  </p>
<p>&quot;Shipments of the new Commander Plus System with 3-way call detection, termination and automated operator service modules accounted for the majority of the sales for the fourth quarter, the company said. This was an exceedingly large sale and is not likely to be repeated in the next two quarters,&quot; the company said.</p>
<p>Results of the development efforts should begin to appear in the third and fourth quarters, the company said.</p>
</text>
<copyright>(c) Reuters Limited 1997</copyright>
<metadata>
<codes class="bip:countries:1.0">
  <code code="USA">
    <editdetail attribution="Reuters BIP Coding Group" action="confirmed" date="1997-03-05"/>
  </code>
</codes>
<codes class="bip:industries:1.0">
  <code code="I34400">
    <editdetail attribution="Reuters BIP Coding Group" action="confirmed" date="1997-03-05"/>
  </code>
</codes>
<codes class="bip:topics:1.0">
  <code code="C15">
    <editdetail attribution="Reuters BIP Coding Group" action="confirmed" date="1997-03-05"/>
  </code>
  <code code="C151">
    <editdetail attribution="Reuters BIP Coding Group" action="confirmed" date="1997-03-05"/>
  </code>
  <code code="C1511">
    <editdetail attribution="Reuters BIP Coding Group" action="confirmed" date="1997-03-05"/>
  </code>
  <code code="CCAT">
    <editdetail attribution="Reuters BIP Coding Group" action="confirmed" date="1997-03-05"/>
  </code>
</codes>
<dc element="dc.date.created" value="1997-03-05"/>
<dc element="dc.publisher" value="Reuters Holdings Plc"/>
<dc element="dc.date.published" value="1997-03-05"/>
<dc element="dc.source" value="Reuters"/>
<dc element="dc.creator.location" value="CHERRY HILL, N.J."/>
<dc element="dc.creator.location.country.name" value="USA"/>
<dc element="dc.source" value="Reuters"/>
</metadata>
</newsitem>
