<?xml version="1.0" encoding="iso-8859-1" ?>
<newsitem itemid="266540" id="root" date="1996-12-19" xml:lang="en">
<title>KENYA: Kenya's T-Bill rates higher at weekly auction.</title>
<headline>Kenya's T-Bill rates higher at weekly auction.</headline>
<dateline>NAIROBI 1996-12-19</dateline>
<text>
<p>Kenya's treasury bill rates reversed a downward trend seen since beginning of October and rose at the weekly treasury bill auction on Thursday, Central Bank of Kenya officials said.</p>
<p>The bank said it accepted bids at an average interest rate of 21.566 percent from 21.406 percent last week on its 91-day main category of treasury bills, while on the 28-day category, it accepted at 16.230 percent from 15.988 percent.</p>
<p>Out of 5.221 billion bids tendered, the central bank accepted bids worth 4.591 billion shillings.</p>
<p>Volumes accepted in the 28-day category eased to 129.9 million shillings from 156.4, while on the 91-day category, volumes accepted increased marginally to 4.460 billion shillings from 4.192 billion.</p>
<p>In the 182-day category, the bank accepted bids worth 900,000 shillings from 5.2 million at a non-competitive rate.</p>
<p>The auction is held every Thursday.</p>
<p>The central bank invited tenders for treasury bills worth seven billion shillings for Friday next week.</p>
<p>--Wambui Chege, Nairobi Newsroom ++254-2 330-261</p>
</text>
<copyright>(c) Reuters Limited 1996</copyright>
<metadata>
<codes class="bip:countries:1.0">
  <code code="KENYA">
    <editdetail attribution="Reuters BIP Coding Group" action="confirmed" date="1996-12-19"/>
  </code>
</codes>
<codes class="bip:topics:1.0">
  <code code="M13">
    <editdetail attribution="Reuters BIP Coding Group" action="confirmed" date="1996-12-19"/>
  </code>
  <code code="M131">
    <editdetail attribution="Reuters BIP Coding Group" action="confirmed" date="1996-12-19"/>
  </code>
  <code code="MCAT">
    <editdetail attribution="Reuters BIP Coding Group" action="confirmed" date="1996-12-19"/>
  </code>
</codes>
<dc element="dc.date.created" value="1996-12-19"/>
<dc element="dc.publisher" value="Reuters Holdings Plc"/>
<dc element="dc.date.published" value="1996-12-19"/>
<dc element="dc.source" value="Reuters"/>
<dc element="dc.creator.location" value="NAIROBI"/>
<dc element="dc.creator.location.country.name" value="KENYA"/>
<dc element="dc.source" value="Reuters"/>
</metadata>
</newsitem>
