<?xml version="1.0" encoding="iso-8859-1" ?>
<newsitem itemid="197831" id="root" date="1996-11-18" xml:lang="en">
<title>GERMANY: Homesick Nigerian seizes German pleasure boat.</title>
<headline>Homesick Nigerian seizes German pleasure boat.</headline>
<dateline>BONN 1996-11-18</dateline>
<text>
<p>A tourist seeking a free trip home to Nigeria broke into a pleasure boat on the Rhine but failed to start the engine and crashed about 100 metres downstream, police said on Monday.</p>
<p>A spokesman for the water police said 33-year-old Samuel O., who lives in London, was sober when he commandeered the boat in Cologne on Sunday morning. The man said he wanted to sail all the way to Nigeria.</p>
<p>&quot;He loosened the lines, tried to start the motor but failed, drifted down the river and then crashed between the river wall and another ship,&quot; the spokesman said. He is being held in custody while police complete their investigation.</p>
</text>
<copyright>(c) Reuters Limited 1996</copyright>
<metadata>
<codes class="bip:countries:1.0">
  <code code="GFR">
    <editdetail attribution="Reuters BIP Coding Group" action="confirmed" date="1996-11-18"/>
  </code>
  <code code="NIGEA">
    <editdetail attribution="Reuters BIP Coding Group" action="confirmed" date="1996-11-18"/>
  </code>
  <code code="UK">
    <editdetail attribution="Reuters BIP Coding Group" action="confirmed" date="1996-11-18"/>
  </code>
</codes>
<codes class="bip:topics:1.0">
  <code code="GCAT">
    <editdetail attribution="Reuters BIP Coding Group" action="confirmed" date="1996-11-18"/>
  </code>
  <code code="GODD">
    <editdetail attribution="Reuters BIP Coding Group" action="confirmed" date="1996-11-18"/>
  </code>
</codes>
<dc element="dc.date.created" value="1996-11-18"/>
<dc element="dc.publisher" value="Reuters Holdings Plc"/>
<dc element="dc.date.published" value="1996-11-18"/>
<dc element="dc.source" value="Reuters"/>
<dc element="dc.creator.location" value="BONN"/>
<dc element="dc.creator.location.country.name" value="GERMANY"/>
<dc element="dc.source" value="Reuters"/>
</metadata>
</newsitem>
