<?xml version="1.0" encoding="iso-8859-1" ?>
<newsitem itemid="732778" id="root" date="1997-07-16" xml:lang="en">
<title>USA: Omaha hogs steady - update - USDA.</title>
<headline>Omaha hogs steady - update - USDA.</headline>
<dateline>OMAHA 1997-07-16</dateline>
<text>
<p>Barrows and gilts were steady. Top $61.50 per cwt. - USDA</p>
<p>US  1-3    220-260 lbs   61.25-61.50</p>
<p>US  2-3    260-280 lbs   60.25-60.75</p>
<p>	     280-290 lbs   59.25</p>
<p>Sows: 20 percent. Firm. Top 49.00.</p>
<p>US 1-3    350-500 lbs    48.00-48.25, few 48.50</p>
<p>US 2-3    500-650 lbs    49.00</p>
</text>
<copyright>(c) Reuters Limited 1997</copyright>
<metadata>
<codes class="bip:countries:1.0">
  <code code="USA">
    <editdetail attribution="Reuters BIP Coding Group" action="confirmed" date="1997-07-16"/>
  </code>
</codes>
<codes class="bip:topics:1.0">
  <code code="M14">
    <editdetail attribution="Reuters BIP Coding Group" action="confirmed" date="1997-07-16"/>
  </code>
  <code code="M141">
    <editdetail attribution="Reuters BIP Coding Group" action="confirmed" date="1997-07-16"/>
  </code>
  <code code="MCAT">
    <editdetail attribution="Reuters BIP Coding Group" action="confirmed" date="1997-07-16"/>
  </code>
</codes>
<dc element="dc.date.created" value="1997-07-16"/>
<dc element="dc.publisher" value="Reuters Holdings Plc"/>
<dc element="dc.date.published" value="1997-07-16"/>
<dc element="dc.source" value="Reuters"/>
<dc element="dc.creator.location" value="OMAHA"/>
<dc element="dc.creator.location.country.name" value="USA"/>
<dc element="dc.source" value="Reuters"/>
</metadata>
</newsitem>
