<?xml version="1.0" encoding="iso-8859-1" ?>
<newsitem itemid="358530" id="root" date="1997-02-05" xml:lang="en">
<title>BELGIUM: AEA air cargo shows dip in 96 N Atlantic traffic.</title>
<headline>AEA air cargo shows dip in 96 N Atlantic traffic.</headline>
<dateline>BRUSSELS 1997-02-05</dateline>
<text>
<p>The Association of European Airlines (AEA) said 1996 air cargo traffic rose by 4.3 percent to 23,525.8 RTKs with volume increases in most markets except for the North Atlantic trade.</p>
<p>AEA spokesman David Henderson said: &quot;It has not been a brilliant year for freight, with the North Atlantic trade being very weak.&quot;</p>
<p>North Atlantic business fell slightly by 1.1 percent, to 8,273.9m RTKF for 1996, compared to the previous year, the AEA said in a statement.</p>
<p>Europe to North Africa and the Middle East was the sector with the strongest growth, increasing by 16.9 percent to 1,027.3m RTFK.</p>
<p>Henderson added that for the first time, the Europe-Far East trade sector was the largest, taking over from the North Atlantic.</p>
<p>Generally, the cargo market continues to be highly variable, he said.</p>
<p>    Region		     Million RTKF	Pct change</p>
<p>								on 1995</p>
<p> Geographical Europe	    916.7	     up    0.3</p>
<p> Europe-N.Africa/M.East     1,027.3	     up   16.9</p>
<p> North Atlantic		 8,273.9	     down  1.1</p>
<p> Europe-F.East/Australasia  8,892.7	     up    8.8</p>
<p> Europe-Sub Saharan Africa  1,894.6	     up    1.8</p>
<p> South Atlantic		 1,322.2	     up    7.4</p>
<p> Mid Atlantic		   1,195.3	     up    5.4</p>
<p> Total longhaul		21,581.8	     up    4.0</p>
<p> Total international	 23,525.8	     up    4.3</p>
<p>*These figures relate to the international scheduled services of AEA member airlines.</p>
<p>- Reuters Air Cargo Newsroom Tel+44 171 542 7706 Fax:5017</p>
</text>
<copyright>(c) Reuters Limited 1997</copyright>
<metadata>
<codes class="bip:countries:1.0">
  <code code="BELG">
    <editdetail attribution="Reuters BIP Coding Group" action="confirmed" date="1997-02-05"/>
  </code>
  <code code="WORLD">
    <editdetail attribution="Reuters BIP Coding Group" action="confirmed" date="1997-02-05"/>
  </code>
</codes>
<codes class="bip:industries:1.0">
  <code code="I75000">
    <editdetail attribution="Reuters BIP Coding Group" action="confirmed" date="1997-02-05"/>
  </code>
  <code code="I77002">
    <editdetail attribution="Reuters BIP Coding Group" action="confirmed" date="1997-02-05"/>
  </code>
</codes>
<codes class="bip:topics:1.0">
  <code code="C31">
    <editdetail attribution="Reuters BIP Coding Group" action="confirmed" date="1997-02-05"/>
  </code>
  <code code="CCAT">
    <editdetail attribution="Reuters BIP Coding Group" action="confirmed" date="1997-02-05"/>
  </code>
</codes>
<dc element="dc.date.created" value="1997-02-05"/>
<dc element="dc.publisher" value="Reuters Holdings Plc"/>
<dc element="dc.date.published" value="1997-02-05"/>
<dc element="dc.source" value="Reuters"/>
<dc element="dc.creator.location" value="BRUSSELS"/>
<dc element="dc.creator.location.country.name" value="BELGIUM"/>
<dc element="dc.source" value="Reuters"/>
</metadata>
</newsitem>
