<?xml version="1.0" encoding="iso-8859-1" ?>
<newsitem itemid="672059" id="root" date="1997-06-19" xml:lang="en">
<title>AUSTRALIA: SOCCER-AUSTRALIA BEAT TAHITI 2-0 IN WORLD CUP QUALIFIER.</title>
<headline>SOCCER-AUSTRALIA BEAT TAHITI 2-0 IN WORLD CUP QUALIFIER.</headline>
<dateline>SYDNEY 1997-06-19</dateline>
<text>
<p>Australia beat Tahiti 2-0 (halftime 1-0) in an Oceania group World Cup qualifying match at Parramatta Stadium on Thursday.</p>
<p>Scorers:</p>
<p>Australia - Ned Zelic (17), Paul Trimboli (86).  </p>
<p>    Standings	   P   W   D   L   F   A   Pts</p>
<p> Australia		4   4   0   0  26   2   12</p>
<p> Solomon Islands	3   1   0   2   6  20    3</p>
<p> Tahiti		   3   0   0   3   1  11    0</p>
<p>Final group match: June 21 - Tahiti v Solomon Islands</p>
</text>
<copyright>(c) Reuters Limited 1997</copyright>
<metadata>
<codes class="bip:countries:1.0">
  <code code="AUSTR">
    <editdetail attribution="Reuters BIP Coding Group" action="confirmed" date="1997-06-19"/>
  </code>
  <code code="FPOLY">
    <editdetail attribution="Reuters BIP Coding Group" action="confirmed" date="1997-06-19"/>
  </code>
</codes>
<codes class="bip:topics:1.0">
  <code code="GCAT">
    <editdetail attribution="Reuters BIP Coding Group" action="confirmed" date="1997-06-19"/>
  </code>
  <code code="GSPO">
    <editdetail attribution="Reuters BIP Coding Group" action="confirmed" date="1997-06-19"/>
  </code>
</codes>
<dc element="dc.date.created" value="1997-06-19"/>
<dc element="dc.publisher" value="Reuters Holdings Plc"/>
<dc element="dc.date.published" value="1997-06-19"/>
<dc element="dc.source" value="Reuters"/>
<dc element="dc.creator.location" value="SYDNEY"/>
<dc element="dc.creator.location.country.name" value="AUSTRALIA"/>
<dc element="dc.source" value="Reuters"/>
</metadata>
</newsitem>
