<?xml version="1.0" encoding="iso-8859-1" ?>
<newsitem itemid="193414" id="root" date="1996-11-15" xml:lang="en">
<title>USA: Wyoming Trust Certificates Aa - Moody's.</title>
<headline>Wyoming Trust Certificates Aa - Moody's.</headline>
<dateline>NEW YORK 1996-11-15</dateline>
<text>
<p>Moody's Investors Service -</p>
<p>Rating Announcement As of 11/06/96.</p>
<p>Issuer		: Trust Ctfs. Bankers Trust ser. BTP-198</p>
<p>			  class A ctfs. (relating to the Wyoming</p>
<p>			  Community Development Authority Single</p>
<p>			  Family Mortgage Bonds, Ser. '88H, Due</p>
<p>			  6-1-2022)</p>
<p>State		 : WY</p>
<p>Rating		: Aa/VMIG 1</p>
<p>Sale Amount	 : 10,710,000</p>
<p>Expected Sale Date: 07/03/96</p>
<p>--U.S. Municipal Desk, 212-859-1650</p>
</text>
<copyright>(c) Reuters Limited 1996</copyright>
<metadata>
<codes class="bip:countries:1.0">
  <code code="USA">
    <editdetail attribution="Reuters BIP Coding Group" action="confirmed" date="1996-11-15"/>
  </code>
</codes>
<codes class="bip:topics:1.0">
  <code code="C17">
    <editdetail attribution="Reuters BIP Coding Group" action="confirmed" date="1996-11-15"/>
  </code>
  <code code="C174">
    <editdetail attribution="Reuters BIP Coding Group" action="confirmed" date="1996-11-15"/>
  </code>
  <code code="CCAT">
    <editdetail attribution="Reuters BIP Coding Group" action="confirmed" date="1996-11-15"/>
  </code>
  <code code="E21">
    <editdetail attribution="Reuters BIP Coding Group" action="confirmed" date="1996-11-15"/>
  </code>
  <code code="E212">
    <editdetail attribution="Reuters BIP Coding Group" action="confirmed" date="1996-11-15"/>
  </code>
  <code code="ECAT">
    <editdetail attribution="Reuters BIP Coding Group" action="confirmed" date="1996-11-15"/>
  </code>
</codes>
<dc element="dc.date.created" value="1996-11-15"/>
<dc element="dc.publisher" value="Reuters Holdings Plc"/>
<dc element="dc.date.published" value="1996-11-15"/>
<dc element="dc.source" value="Reuters"/>
<dc element="dc.creator.location" value="NEW YORK"/>
<dc element="dc.creator.location.country.name" value="USA"/>
<dc element="dc.source" value="Reuters"/>
</metadata>
</newsitem>
