<?xml version="1.0" encoding="iso-8859-1" ?>
<newsitem itemid="745089" id="root" date="1997-07-22" xml:lang="en">
<title>TURKEY: SOCCER-TURKEY'S BURSASPOR SACK COACH MILNE.</title>
<headline>SOCCER-TURKEY'S BURSASPOR SACK COACH MILNE.</headline>
<dateline>ISTANBUL 1997-07-22</dateline>
<text>
<p>Turkish first division club Bursaspor have sacked their British coach Gordon Milne, the Anatolian news agency said on Tuesday.</p>
<p>Fans and officials at the club were angered by pre-season defeats and a failed bid by Milne to win a release from his contract to take over at his former club Besiktas.</p>
<p>Milne signed a two-year contract with Bursaspor just over a year ago after seven years coaching Besiktas and a spell with Japanese club Grampus Eight.</p>
<p>He took the provincial side to fifth place in the Turkish league last year.</p>
<p>Welshman John Toshack took the job at Besiktas after the club refused to pay to release Milne from his contract.</p>
</text>
<copyright>(c) Reuters Limited 1997</copyright>
<metadata>
<codes class="bip:countries:1.0">
  <code code="TURK">
    <editdetail attribution="Reuters BIP Coding Group" action="confirmed" date="1997-07-22"/>
  </code>
  <code code="UK">
    <editdetail attribution="Reuters BIP Coding Group" action="confirmed" date="1997-07-22"/>
  </code>
</codes>
<codes class="bip:topics:1.0">
  <code code="GCAT">
    <editdetail attribution="Reuters BIP Coding Group" action="confirmed" date="1997-07-22"/>
  </code>
  <code code="GSPO">
    <editdetail attribution="Reuters BIP Coding Group" action="confirmed" date="1997-07-22"/>
  </code>
</codes>
<dc element="dc.date.created" value="1997-07-22"/>
<dc element="dc.publisher" value="Reuters Holdings Plc"/>
<dc element="dc.date.published" value="1997-07-22"/>
<dc element="dc.source" value="Reuters"/>
<dc element="dc.creator.location" value="ISTANBUL"/>
<dc element="dc.creator.location.country.name" value="TURKEY"/>
<dc element="dc.source" value="Reuters"/>
</metadata>
</newsitem>
