<?xml version="1.0" encoding="iso-8859-1" ?>
<newsitem itemid="525004" id="root" date="1997-04-21" xml:lang="en">
<title>USA: Canadian natgas prices turn lower on weather.</title>
<headline>Canadian natgas prices turn lower on weather.</headline>
<dateline>NEW YORK 1997-04-21</dateline>
<text>
<p>Canadian natural gas prices turned slightly lower Monday, as injections slowed and more moderate weather weakened demand, market sources said.</p>
<p>At the AECO storage hub, prices fell by five cents to about C$1.77-1.82 per gigajoule (GJ), with the higher-priced deals evident in late morning trade.</p>
<p>Today's forecasts in Calgary are calling for temperature highs of about eight or nine degrees Celsius.</p>
<p>May AECO was talked at C$1.79 per GJ, while May/October pricing was around C$1.75, traders said.</p>
</text>
<copyright>(c) Reuters Limited 1997</copyright>
<metadata>
<codes class="bip:countries:1.0">
  <code code="CANA">
    <editdetail attribution="Reuters BIP Coding Group" action="confirmed" date="1997-04-21"/>
  </code>
  <code code="USA">
    <editdetail attribution="Reuters BIP Coding Group" action="confirmed" date="1997-04-21"/>
  </code>
</codes>
<codes class="bip:topics:1.0">
  <code code="M14">
    <editdetail attribution="Reuters BIP Coding Group" action="confirmed" date="1997-04-21"/>
  </code>
  <code code="M143">
    <editdetail attribution="Reuters BIP Coding Group" action="confirmed" date="1997-04-21"/>
  </code>
  <code code="MCAT">
    <editdetail attribution="Reuters BIP Coding Group" action="confirmed" date="1997-04-21"/>
  </code>
</codes>
<dc element="dc.date.created" value="1997-04-21"/>
<dc element="dc.publisher" value="Reuters Holdings Plc"/>
<dc element="dc.date.published" value="1997-04-21"/>
<dc element="dc.source" value="Reuters"/>
<dc element="dc.creator.location" value="NEW YORK"/>
<dc element="dc.creator.location.country.name" value="USA"/>
<dc element="dc.source" value="Reuters"/>
</metadata>
</newsitem>
