<?xml version="1.0" encoding="iso-8859-1" ?>
<newsitem itemid="105171" id="root" date="1996-10-09" xml:lang="en">
<title>AUSTRALIA: RTRS-TIMELINES-Today in History - Oct 10.</title>
<headline>RTRS-TIMELINES-Today in History - Oct 10.</headline>
<text>
<p>--BIRTHDAYS--</p>
<p>Italian romantic opera composer GIUSEPPE VERDI was born in 1813. He wrote &quot;Rigoletto&quot; and &quot;Aida&quot;.</p>
<p>Actress HELEN HAYES was born in 1900.</p>
<p>Playwright HAROLD PINTER was born in London in 1930. He was originally an actor but turned to writing for the theatre. He specialised in tragicomedy exploring the breakdown in communication. His plays included &quot;The Birthday Party&quot; (1958),  </p>
<p>&quot;The Caretaker&quot; (1960), &quot;The Homecoming&quot; (1965) and &quot;Betrayal&quot; (1978).</p>
<p>British bass player ALAN CARTWRIGHT with the band 'Procol Harum' was born in 1945.</p>
<p>American singer/songwriter DAVID LEE ROTH was born in 1955. He was a member of 'Red Ball Jets' which joined with the 'Van Halen Brothers' to form &quot;Mammoth'. After becoming the loudest group west of Mississippi they called themselves 'Van Halen'. In 1978 their first hit was a million seller -  &quot;Jump&quot;.  LEE ROTH's  </p>
<p>first solo hit was with &quot;California Girls&quot; in 1985. He left the band and continued his solo career. Hits have included &quot;Just A Gigolo&quot; (1985) and &quot;Just Like Paradise&quot; (1988).</p>
<p>Country singer TANYA TUCKER, who had her first hit when she was 13, was born in 1958. She has had ten number one hits. Her biggest crossover hit was &quot;Lizzy And The Rain Man&quot; (1975).  </p>
<p>British bass player with 'Spandau Ballet' MARTIN KEMP was born in 1961.</p>
<p>			   --EVENTS--</p>
<p>    1874 :    The ruling chiefs of Fiji ceded the South Pacific</p>
<p>islands to Britain.  </p>
<p>    1881 :    CHARLES DARWIN published what he considered his</p>
<p>major work. However &quot;The Formation of Vegetable Mould through the Action of Worms with Notes on their Habits&quot; did not attract the same attention or ultimately the same world-wide acclaim as his &quot;Evolution of the Species&quot;.</p>
<p>    1903 :    British suffragette EMMELINE PANKHURST formed the</p>
<p>Women's Social and Political Union to fight for female emancipation.  </p>
<p>    1911 :    Chinese nationalist leader SUN YAT SEN proclaimed</p>
<p>a Republic at Wuchang and began the revolution which overthrew the Manchu dynasty.</p>
<p>    1913 :    The final obstacle in the creation of the Panama</p>
<p>Canal was overcome when US President WOODROW WILSON pushed a button in the Oval office to detonate the explosives, almost six and a half thousand kilometres away.   The final stretch of the</p>
<p>canal was then cleared. American military engineers had spent nine years on the 82 kilometre link between the Atlantic and Pacific Oceans.  </p>
<p>    1924 :    A Sydney report said that architects of modern</p>
<p>buildings were doing away with post verandahs.</p>
<p>    1932 :    In Britain, 19 miners drowned when a pit cage</p>
<p>crashed into water at the bottom of Plank Lane Colliery in Lancashire.</p>
<p>	1940 :    A German bomb destroyed the high altar of St</p>
<p>Paul's Cathedral in London. No text received  </p>
<p>    1956 :    Mobs attacked Europeans as anti-British riots</p>
<p>swept through Hong Kong.</p>
<p>    1957 :    Brisbane sweltered as the temperature reached</p>
<p>110.2 degrees Farenheit, the hottest day for 64 years.</p>
<p>    1962 :    The United States &quot;Mariner II&quot; space probe</p>
<p>revealed the existence of solar winds.  </p>
<p>    1972 :    Two men appeared in a Melbourne court charged with</p>
<p>kidnapping six small girls and their school teacher, five days earlier. The children and their 19 year old teacher MARY GIBBS were driven through bushland and held overnight in the back of a baker's van. The kidnappers demanded one million dollars in ransom from the Victorian government. When the men left the van to meet a government minister to collect the ransom, the teacher kicked her way out of the van and led the girls through the bush. Rabbit hunters then took them to the local police station. The kidnappers never collected the money and fled when they found the van empty.  </p>
<p>    1975 :    After an already confusing past, Hollywood stars</p>
<p>RICHARD BURTON and ELIZABETH TAYLOR remarried in a remote Botswana village. They had married and divorced each other once prior to this marriage. They subsequently divorced again.</p>
<p>    1985 :    Hollywood actor YUL BRYNER died from cancer. The</p>
<p>bald-headed American actor was best known for his role in &quot;The King And I&quot;. No text received  </p>
<p>    1985 :    ORSON WELLES, U.S. stage, radio, film and</p>
<p>television actor, director and producer, died. His film &quot;Citizen Kane&quot; is regarded as one of the great classics of the cinema.</p>
<p>    1994 :    Former Melbourne football identity HARRY BEITZEL</p>
<p>was jailed for 18 months after pleading guilty to mis-using 1.8 million dollars, taken from soccer pools winners.  </p>
<p>    1995 :    Israel began its West Bank pullback and freed</p>
<p>hundreds of Palestinian prisoners under a deal with the Palestine Liberation Organisation; some inmates refused to go in solidarity with others left behind.</p>
<p>(Compiled from ABC ARCHIVES, ABC RADIO NATIONAL, &quot;On This Day&quot; published by REED INTERNATIONAL BOOKS LIMITED, &quot;The Chronicle Of The 20th Century&quot; published by PENGUIN BOOKS and &quot;Rock And Pop (Day By Day)&quot; published by BLANDFORD BOOKS.)  </p>
<p>-- Reuters Sydney newsroom 61-2 9373-1800</p>
</text>
<copyright>(c) Reuters Limited 1996</copyright>
<metadata>
<codes class="bip:countries:1.0">
  <code code="AUSTR">
    <editdetail attribution="Reuters BIP Coding Group" action="confirmed" date="1996-10-09"/>
  </code>
</codes>
<codes class="bip:topics:1.0">
  <code code="GCAT">
    <editdetail attribution="Reuters BIP Coding Group" action="confirmed" date="1996-10-09"/>
  </code>
</codes>
<dc element="dc.publisher" value="Reuters Holdings Plc"/>
<dc element="dc.date.published" value="1996-10-09"/>
<dc element="dc.source" value="Reuters"/>
<dc element="dc.creator.location.country.name" value="AUSTRALIA"/>
<dc element="dc.source" value="Reuters"/>
</metadata>
</newsitem>
