<?xml version="1.0" encoding="iso-8859-1" ?>
<newsitem itemid="442703" id="root" date="1997-03-14" xml:lang="en">
<title>USA: Teleflex sees annual rev and earnings growth.</title>
<headline>Teleflex sees annual rev and earnings growth.</headline>
<dateline>NEW YORK 1997-03-14</dateline>
<text>
<p>Teleflex Inc sees annual growth in revenues and earnings of 15 to 20 percent, said Chief Executive David Boyer at a Smith Barney Multi-Industry Conference in New York.</p>
<p>He said the company was on target to meet that goal thus far into the 1997.</p>
<p>The company reported revenues of $931 million in 1996 and earnings per share of $3.16.</p>
<p>Boyer said that Lehr Precision Inc, a privately held company, acquired last year will add $30 million in sales this year.</p>
</text>
<copyright>(c) Reuters Limited 1997</copyright>
<metadata>
<codes class="bip:countries:1.0">
  <code code="USA">
    <editdetail attribution="Reuters BIP Coding Group" action="confirmed" date="1997-03-14"/>
  </code>
</codes>
<codes class="bip:industries:1.0">
  <code code="I37200">
    <editdetail attribution="Reuters BIP Coding Group" action="confirmed" date="1997-03-14"/>
  </code>
</codes>
<codes class="bip:topics:1.0">
  <code code="C15">
    <editdetail attribution="Reuters BIP Coding Group" action="confirmed" date="1997-03-14"/>
  </code>
  <code code="C152">
    <editdetail attribution="Reuters BIP Coding Group" action="confirmed" date="1997-03-14"/>
  </code>
  <code code="CCAT">
    <editdetail attribution="Reuters BIP Coding Group" action="confirmed" date="1997-03-14"/>
  </code>
</codes>
<dc element="dc.date.created" value="1997-03-14"/>
<dc element="dc.publisher" value="Reuters Holdings Plc"/>
<dc element="dc.date.published" value="1997-03-14"/>
<dc element="dc.source" value="Reuters"/>
<dc element="dc.creator.location" value="NEW YORK"/>
<dc element="dc.creator.location.country.name" value="USA"/>
<dc element="dc.source" value="Reuters"/>
</metadata>
</newsitem>
