<?xml version="1.0" encoding="iso-8859-1" ?>
<newsitem itemid="106673" id="root" date="1996-10-09" xml:lang="en">
<title>MALAYSIA: PRESS DIGEST - Malaysia - Oct 9.</title>
<headline>PRESS DIGEST - Malaysia - Oct 9.</headline>
<text>
<p>Following are the main stories in Wednesday's Malaysian newspapers. Reuters has not verified these stories and does not vouch for their accuracy.</p>
<p>NEW STRAITS TIMES</p>
<p>-- Malaysian Prime Minister Mahathir Mohamad said delegates attending the United Malays National Organisation's (UMNO) general assembly were not compelled to cast their ballots if the candidates were not worthy of their votes. He said he would rather see empty ballot papers than have corrupt and unscrupulous candidates elected.</p>
<p>-- Some 200,000 former Parti Melayu Semangat 46 members, including its president Tengku Razaleigh Hamzah, became UMNO members in a historic ceremony.</p>
<p>-- The government has detected irregularities in the hiring of foreign workers by company officers and is urging chief executives to look into the matter.</p>
<p>THE STAR</p>
<p>-- UMNO President Mahathir Mohamad said elected party leaders can still be dropped from their posts if they are found to have breached party ethics.</p>
<p>-- International Trade and Industry Minister Rafidah Aziz said certain employment agents overseas have been paying recruiting officers of companies in Malaysia to secure jobs for their clients.</p>
<p>-- The Human Resources Ministry has proposed a higher levy for unskilled workers in a move to cut the intake of foreign workers into the country.</p>
<p>BUSINESS TIMES</p>
<p>-- Malaysia has shot down a proposed declared documentation at the World Trade Organisation aimed at compelling member countries to liberalise their telecommunications industry.</p>
<p>- Kuala Lumpur newsroom (603-230 8911)</p>
</text>
<copyright>(c) Reuters Limited 1996</copyright>
<metadata>
<codes class="bip:countries:1.0">
  <code code="MALAY">
    <editdetail attribution="Reuters BIP Coding Group" action="confirmed" date="1996-10-09"/>
  </code>
</codes>
<codes class="bip:topics:1.0">
  <code code="GCAT">
    <editdetail attribution="Reuters BIP Coding Group" action="confirmed" date="1996-10-09"/>
  </code>
</codes>
<dc element="dc.publisher" value="Reuters Holdings Plc"/>
<dc element="dc.date.published" value="1996-10-09"/>
<dc element="dc.source" value="Reuters"/>
<dc element="dc.creator.location.country.name" value="MALAYSIA"/>
<dc element="dc.source" value="Reuters"/>
</metadata>
</newsitem>
