<?xml version="1.0" encoding="iso-8859-1" ?>
<newsitem itemid="53099" id="root" date="1996-09-13" xml:lang="en">
<title>CHINA: China regions get right to okay bigger investment.</title>
<headline>China regions get right to okay bigger investment.</headline>
<dateline>BEIJING 1996-09-13</dateline>
<text>
<p>China is to allow local authorities in its less-developed regions to approve foreign investment of up to $30 million, compared with a previous limit of $10 million, the Financial News said on Friday.</p>
<p>The move, approved by the State Planning Commission in Beijing, is aimed at attracting greater foreign investment to poorer and more backward interior provinces and regions, the newspaper said.</p>
<p>Approved foreign investment in central and western regions accounts for just 10.9 percent of the national total while actual investment accounts for 11.1 percent, the newspaper said.</p>
</text>
<copyright>(c) Reuters Limited 1996</copyright>
<metadata>
<codes class="bip:countries:1.0">
  <code code="CHINA">
    <editdetail attribution="Reuters BIP Coding Group" action="confirmed" date="1996-09-13"/>
  </code>
</codes>
<codes class="bip:topics:1.0">
  <code code="E12">
    <editdetail attribution="Reuters BIP Coding Group" action="confirmed" date="1996-09-13"/>
  </code>
  <code code="E51">
    <editdetail attribution="Reuters BIP Coding Group" action="confirmed" date="1996-09-13"/>
  </code>
  <code code="E511">
    <editdetail attribution="Reuters BIP Coding Group" action="confirmed" date="1996-09-13"/>
  </code>
  <code code="ECAT">
    <editdetail attribution="Reuters BIP Coding Group" action="confirmed" date="1996-09-13"/>
  </code>
</codes>
<dc element="dc.date.created" value="1996-09-13"/>
<dc element="dc.publisher" value="Reuters Holdings Plc"/>
<dc element="dc.date.published" value="1996-09-13"/>
<dc element="dc.source" value="Reuters"/>
<dc element="dc.creator.location" value="BEIJING"/>
<dc element="dc.creator.location.country.name" value="CHINA"/>
<dc element="dc.source" value="Reuters"/>
</metadata>
</newsitem>
