<?xml version="1.0" encoding="iso-8859-1" ?>
<newsitem itemid="747172" id="root" date="1997-07-22" xml:lang="en">
<title>GREECE: Athens bourse approves Themeliodomi's rights issue.</title>
<headline>Athens bourse approves Themeliodomi's rights issue.</headline>
<dateline>ATHENS 1997-07-22</dateline>
<text>
<p>The Athens stock exchange authorities cleared the 3.17 billion drachma rights issue of construction company Themeliodomi, it said in a statement.</p>
<p>Themeliodomi will issue 1,545,000 new common registered shares with a par value of 200 drachmas each, entitling existing shareholders to three new shares per 10 outstanding at 2,050 drachmas.</p>
<p>Proceeds from the rights issue will go towards financing capital investments and working capital, it said. --Angelos Kiosklis, Athens Newsroom +301 3311812-4</p>
</text>
<copyright>(c) Reuters Limited 1997</copyright>
<metadata>
<codes class="bip:countries:1.0">
  <code code="GREECE">
    <editdetail attribution="Reuters BIP Coding Group" action="confirmed" date="1997-07-22"/>
  </code>
</codes>
<codes class="bip:industries:1.0">
  <code code="I50100">
    <editdetail attribution="Reuters BIP Coding Group" action="confirmed" date="1997-07-22"/>
  </code>
</codes>
<codes class="bip:topics:1.0">
  <code code="C13">
    <editdetail attribution="Reuters BIP Coding Group" action="confirmed" date="1997-07-22"/>
  </code>
  <code code="C17">
    <editdetail attribution="Reuters BIP Coding Group" action="confirmed" date="1997-07-22"/>
  </code>
  <code code="C171">
    <editdetail attribution="Reuters BIP Coding Group" action="confirmed" date="1997-07-22"/>
  </code>
  <code code="CCAT">
    <editdetail attribution="Reuters BIP Coding Group" action="confirmed" date="1997-07-22"/>
  </code>
</codes>
<dc element="dc.date.created" value="1997-07-22"/>
<dc element="dc.publisher" value="Reuters Holdings Plc"/>
<dc element="dc.date.published" value="1997-07-22"/>
<dc element="dc.source" value="Reuters"/>
<dc element="dc.creator.location" value="ATHENS"/>
<dc element="dc.creator.location.country.name" value="GREECE"/>
<dc element="dc.source" value="Reuters"/>
</metadata>
</newsitem>
