<?xml version="1.0" encoding="iso-8859-1" ?>
<newsitem itemid="740585" id="root" date="1997-07-18" xml:lang="en">
<title>THAILAND: Thai sugar vessel movements on July 18.</title>
<headline>Thai sugar vessel movements on July 18.</headline>
<dateline>BANGKOK 1997-07-18</dateline>
<text>
<p>Independent surveyors detailed Thai sugar freight movement as follows (in tonne tel quels):</p>
<p> Vessel		  Position	  Quantity    Destination</p>
<p> An Lu Jiang	   SLD Jly 07	14,000	China</p>
<p> Golden Star	   SLD Jly 08	22,000	Japan</p>
<p> Amer Shanti	   SLD Jly 11	14,000	S.Korea</p>
<p> Jon Jin		 SLD Jly 08	19,000	Japan</p>
<p> Asian Spirit	  SLD Jly 07	10,000	Japan</p>
<p> Meridian		SLD Jly 07	 1,500	Vietnam</p>
<p> Leo		     SLD Jly 13	27,442	USA</p>
<p> Bangbua		 SLD Jly 12	 6,000	Philippines</p>
<p> Po Tae San	    ETD Jly 14	14,000	Iran</p>
<p> Kassos		  ETD Jly 15	12,000	Russia</p>
<p> Taiyo		   ETD Jly 16	 6,000	Singapore</p>
<p> Tasmia		  ETD Jly 16	12,000	Indonesia</p>
<p> Fu Shun		 ETD Jly 17	14,000	Japan</p>
<p> Taygetus		ETD Jly 17	15,000	S.Korea</p>
<p> Friendship	    ETA Jly 16	18,900	Japan</p>
<p> Tasmia (to be sub)  N/A		 12,000	Mombaza</p>
<p> Bong Hoa San	  ARRD Jly 10	1,000	N.Korea</p>
<p> Fortune Navigator   ETA Jly 20	 5,000	Vietnam</p>
<p> Manii II		ETA Jly 16	 1,300	Indonesia</p>
<p> Jutha Suphannika    ETA Jly 19	12,000	Japan</p>
<p> Amodelmar	     ETA Jly 15-20    3,000	China</p>
<p> Pervomaysk	    ETA Jly 20-21   10,500	S.Korea</p>
<p> Alam Tenteram	 ETA Jly 23	16,000	Malaysia</p>
<p> Orient Express I    ETA Jly 17-20    1,000	Cambodia</p>
<p> Bangyeerua	    ETA Jly 24	   N/A	Indonesia</p>
<p> Chong Chon Gang     ETA Jly 25-26   12,000	Indonesia</p>
<p>NOTE: SLD indicates that the vessel has left, ETA = Estimated Time of Arrival, ETD = Estimated Time of Departure, ETR = Estimated Time of Readiness, L/CAN indicated period when vessels are expected in for loading or be cancelled.</p>
</text>
<copyright>(c) Reuters Limited 1997</copyright>
<metadata>
<codes class="bip:countries:1.0">
  <code code="THAIL">
    <editdetail attribution="Reuters BIP Coding Group" action="confirmed" date="1997-07-18"/>
  </code>
</codes>
<codes class="bip:industries:1.0">
  <code code="I01001">
    <editdetail attribution="Reuters BIP Coding Group" action="confirmed" date="1997-07-18"/>
  </code>
  <code code="I0100136">
    <editdetail attribution="Reuters BIP Coding Group" action="confirmed" date="1997-07-18"/>
  </code>
  <code code="I74000">
    <editdetail attribution="Reuters BIP Coding Group" action="confirmed" date="1997-07-18"/>
  </code>
  <code code="I76300">
    <editdetail attribution="Reuters BIP Coding Group" action="confirmed" date="1997-07-18"/>
  </code>
</codes>
<codes class="bip:topics:1.0">
  <code code="CCAT">
    <editdetail attribution="Reuters BIP Coding Group" action="confirmed" date="1997-07-18"/>
  </code>
</codes>
<dc element="dc.date.created" value="1997-07-18"/>
<dc element="dc.publisher" value="Reuters Holdings Plc"/>
<dc element="dc.date.published" value="1997-07-18"/>
<dc element="dc.source" value="Reuters"/>
<dc element="dc.creator.location" value="BANGKOK"/>
<dc element="dc.creator.location.country.name" value="THAILAND"/>
<dc element="dc.source" value="Reuters"/>
</metadata>
</newsitem>
