<?xml version="1.0" encoding="iso-8859-1" ?>
<newsitem itemid="226467" id="root" date="1996-11-29" xml:lang="en">
<title>REPUBLIC OF IRELAND: PRESS DIGEST - Ireland - November 29.</title>
<headline>PRESS DIGEST - Ireland - November 29.</headline>
<dateline>DUBLIN 1996-11-29</dateline>
<text>
<p>Following are the highlights of stories reported in the Irish press on Friday.</p>
<p>IRISH TIMES</p>
<p>- The government will engage in intensive Anglo-Irish activity in the next few days to salvage the damaged prospect of a renewed IRA ceasefire over the Christmas period.</p>
<p>- As the number of cases of BSE continues to rise, the Minister for Agriculture, Ivan Yates has allocated 5 million Irish pounds for reasearch into the disease.</p>
<p>- As the pound surged again against the deutschmark on Thursday, business organisation warnmed of ever-tighter margins for Irish exporters to Germany.</p>
<p>- Police are to deploy the &quot;stinger&quot; spike system to deflate the tyres of stolen cars during pursuit operations.</p>
<p>- Over 400 heart surgery patients at the Mater Hospital are to be tested for hepatitis B after being operated on by a doctor who has tested positive for the virus.</p>
<p>IRISH INDEPENDENT</p>
<p>- Finance Minister Ruairi Quinn attempted to restrain rising pay expectations last night and stressed that it was important that &quot;people did not lose the run of themselves&quot; in the current pay talks.</p>
<p>- The government would have had an extra 400 million Irish pounds for tax cuts in its three budgets if it had met its own spending targets.</p>
<p>- A new chief executive is expected to be appointed at food firm Golden Vale on Friday evening. Jim Murphy, current operations director with The Cheese Company, is believed to be the front runner.</p>
<p>--Dublin Newsroom +353 1 676 9775</p>
</text>
<copyright>(c) Reuters Limited 1996</copyright>
<metadata>
<codes class="bip:countries:1.0">
  <code code="IRE">
    <editdetail attribution="Reuters BIP Coding Group" action="confirmed" date="1996-11-29"/>
  </code>
</codes>
<codes class="bip:topics:1.0">
  <code code="GCAT">
    <editdetail attribution="Reuters BIP Coding Group" action="confirmed" date="1996-11-29"/>
  </code>
</codes>
<dc element="dc.date.created" value="1996-11-29"/>
<dc element="dc.publisher" value="Reuters Holdings Plc"/>
<dc element="dc.date.published" value="1996-11-29"/>
<dc element="dc.source" value="Reuters"/>
<dc element="dc.creator.location" value="DUBLIN"/>
<dc element="dc.creator.location.country.name" value="REPUBLIC OF IRELAND"/>
<dc element="dc.source" value="Reuters"/>
</metadata>
</newsitem>
