<?xml version="1.0" encoding="iso-8859-1" ?>
<newsitem itemid="141419" id="root" date="1996-10-24" xml:lang="en">
<title>UK: BOE gives UK money market 75 mln stg late help.</title>
<headline>BOE gives UK money market 75 mln stg late help.</headline>
<dateline>LONDON 1996-10-24</dateline>
<text>
<p>The Bank of England said it provided the UK money market with around 75 million stg of unspecified late assistance.</p>
<p>			    EARLY	1100 GMT   1300 GMT   LATE</p>
<p> FORECAST SHORTAGE    1.3 BLN    1.3 BLN    1.3 BLN    1.3 BLN</p>
<p> CUMULATIVE SUPPLY    354 MLN    509 MLN!   1.142 BLN  1.217 BLN</p>
<p>DETAILS</p>
<p> BAND 1  BANK BILLS   20 MLN*    =	    383 MLN*   =</p>
<p> BAND 2  BANK BILLS   109 MLN*    5 MLN*    120 MLN*   =</p>
<p> BAND 1  T-BILLS				    130 MLN*</p>
<p> UNSPECIFIED LATE ASSISTANCE				   75 MLN</p>
<p>INTEREST RATE - 5-11/16 PCT (INDICATES UNCHANGED BASE RATES) ! INCLUDES 375 MLN STG REPO EXPIRING NOVEMBER 11 AT 5-23/32 PCT</p>
<p>(INDICATES UNCHANGED BASE RATES)</p>
</text>
<copyright>(c) Reuters Limited 1996</copyright>
<metadata>
<codes class="bip:countries:1.0">
  <code code="UK">
    <editdetail attribution="Reuters BIP Coding Group" action="confirmed" date="1996-10-24"/>
  </code>
</codes>
<codes class="bip:topics:1.0">
  <code code="M13">
    <editdetail attribution="Reuters BIP Coding Group" action="confirmed" date="1996-10-24"/>
  </code>
  <code code="M131">
    <editdetail attribution="Reuters BIP Coding Group" action="confirmed" date="1996-10-24"/>
  </code>
  <code code="MCAT">
    <editdetail attribution="Reuters BIP Coding Group" action="confirmed" date="1996-10-24"/>
  </code>
</codes>
<dc element="dc.date.created" value="1996-10-24"/>
<dc element="dc.publisher" value="Reuters Holdings Plc"/>
<dc element="dc.date.published" value="1996-10-24"/>
<dc element="dc.source" value="Reuters"/>
<dc element="dc.creator.location" value="LONDON"/>
<dc element="dc.creator.location.country.name" value="UK"/>
<dc element="dc.source" value="Reuters"/>
</metadata>
</newsitem>
