<?xml version="1.0" encoding="iso-8859-1" ?>
<newsitem itemid="786855" id="root" date="1997-08-07" xml:lang="en">
<title>NETHERLANDS: PRESS DIGEST - NETHERLANDS - AUG 7.</title>
<headline>PRESS DIGEST - NETHERLANDS - AUG 7.</headline>
<dateline>AMSTERDAM 1997-08-07</dateline>
<text>
<p>Following are some of the main stories in Dutch newspapers today. Reuters has not verified these stories and does not vouch for their accuracy.</p>
<p>FINANCIEELE DAGBLAD</p>
<p>- Steel concern Hoogovens forecasts strong profits growth in 1997. (p1)</p>
<p>- KLM/Royal Dutch Airlines departing chief's positive statements cause Italian airline Alitalia's shares to soar. (p1)</p>
<p>- Chemicals concern DSM looks in U.S. to expand specialty chemicals division. (p1)</p>
<p>- Papermaker Crown Van Gelder sees profit in first six months of 1997 drop slightly. (p3)</p>
<p>- Rabobank blocks pig farmers' plans to invest in new stalls. (p7)</p>
<p>-</p>
<p>VOLKSKRANT</p>
<p>- Charter airline Martinair goes to court to demand the raising of ban on Schiphol airport night flights. (p1)</p>
<p>- Bank insurer ING Groep calls for tax collection at the source for the European Union. (p2)</p>
<p>- Dutch Rail NS and building unit Strukton in accord with Volker Wessels Stevin and NBM Amstelland over building activities sale. (p2) -</p>
<p>-</p>
<p>DE TELEGRAAF</p>
<p>- Insurer Delta Lloyd sees first half net drop 23 pct to Dfl 35.4 million due to storm in June. (p29)</p>
<p>- Belgian Bacob Bank takes over Dutch unit Paribas Nederland from French parent. (p29)</p>
<p>- Catering firm Eurest Nederland introduces fast food in company catering. (p31)</p>
<p>-</p>
<p>ALGEMEEN DAGBLAD</p>
<p>- Port services concern Hes Beheer books 22.2 mnl guilders loss in first half of 1997, mainly due to extraordinary costs. (p13)</p>
<p>-</p>
<p>TROUW</p>
<p>- The Netherlands should call for tighter international export rules for raw materials for the pharmaceutical industry, says Wemos society. (p3)</p>
<p>-</p>
<p>-- Amsterdam Newsdesk +31-20-504-5000 (FAX 31-20-504-5040)</p>
</text>
<copyright>(c) Reuters Limited 1997</copyright>
<metadata>
<codes class="bip:countries:1.0">
  <code code="NETH">
    <editdetail attribution="Reuters BIP Coding Group" action="confirmed" date="1997-08-07"/>
  </code>
</codes>
<codes class="bip:topics:1.0">
  <code code="GCAT">
    <editdetail attribution="Reuters BIP Coding Group" action="confirmed" date="1997-08-07"/>
  </code>
</codes>
<dc element="dc.date.created" value="1997-08-07"/>
<dc element="dc.publisher" value="Reuters Holdings Plc"/>
<dc element="dc.date.published" value="1997-08-07"/>
<dc element="dc.source" value="Reuters"/>
<dc element="dc.creator.location" value="AMSTERDAM"/>
<dc element="dc.creator.location.country.name" value="NETHERLANDS"/>
<dc element="dc.source" value="Reuters"/>
</metadata>
</newsitem>
