<?xml version="1.0" encoding="iso-8859-1" ?>
<newsitem itemid="740553" id="root" date="1997-07-18" xml:lang="en">
<title>SOUTH KOREA: S.Korea's SKC Ltd ends up on debut.</title>
<headline>S.Korea's SKC Ltd ends up on debut.</headline>
<dateline>SEOUL 1997-07-18</dateline>
<text>
<p>South Korea's SKC Ltd, which began trading for the first time on Friday, and two other IPO shares ended the day higher, the Korea Stock Exchange said.</p>
<p>Shares of SKC, storage media producer unit of the Sunkyong Group, closed at 22,600 won, up 1,600 won. Volume totalled 449,000 shares.</p>
<p>Young Chang Silup Co, leather goods maker, ended 1,400 won higher at its daily upper limit of 19,900. Volume was low with 320 shares changing hands.</p>
<p>Hankook Steel Co, a machinery and equipment maker, closed at 2,800 won at its limit high of 38,800. There were only buy biddings.</p>
</text>
<copyright>(c) Reuters Limited 1997</copyright>
<metadata>
<codes class="bip:countries:1.0">
  <code code="SKOREA">
    <editdetail attribution="Reuters BIP Coding Group" action="confirmed" date="1997-07-18"/>
  </code>
</codes>
<codes class="bip:industries:1.0">
  <code code="I31000">
    <editdetail attribution="Reuters BIP Coding Group" action="confirmed" date="1997-07-18"/>
  </code>
  <code code="I34520">
    <editdetail attribution="Reuters BIP Coding Group" action="confirmed" date="1997-07-18"/>
  </code>
  <code code="I44000">
    <editdetail attribution="Reuters BIP Coding Group" action="confirmed" date="1997-07-18"/>
  </code>
</codes>
<codes class="bip:topics:1.0">
  <code code="C14">
    <editdetail attribution="Reuters BIP Coding Group" action="confirmed" date="1997-07-18"/>
  </code>
  <code code="C15">
    <editdetail attribution="Reuters BIP Coding Group" action="confirmed" date="1997-07-18"/>
  </code>
  <code code="C152">
    <editdetail attribution="Reuters BIP Coding Group" action="confirmed" date="1997-07-18"/>
  </code>
  <code code="C17">
    <editdetail attribution="Reuters BIP Coding Group" action="confirmed" date="1997-07-18"/>
  </code>
  <code code="C171">
    <editdetail attribution="Reuters BIP Coding Group" action="confirmed" date="1997-07-18"/>
  </code>
  <code code="CCAT">
    <editdetail attribution="Reuters BIP Coding Group" action="confirmed" date="1997-07-18"/>
  </code>
</codes>
<dc element="dc.date.created" value="1997-07-18"/>
<dc element="dc.publisher" value="Reuters Holdings Plc"/>
<dc element="dc.date.published" value="1997-07-18"/>
<dc element="dc.source" value="Reuters"/>
<dc element="dc.creator.location" value="SEOUL"/>
<dc element="dc.creator.location.country.name" value="SOUTH KOREA"/>
<dc element="dc.source" value="Reuters"/>
</metadata>
</newsitem>
