<?xml version="1.0" encoding="iso-8859-1" ?>
<newsitem itemid="730546" id="root" date="1997-07-15" xml:lang="en">
<title>BELGIUM: EU names six for membership talks.</title>
<headline>EU names six for membership talks.</headline>
<dateline>BRUSSELS 1997-07-15</dateline>
<text>
<p>The European Commission formally agreed on Tuesday to recommend six nations for a first wave of EU entry talks, a Commission spokesman said.</p>
<p>&quot;It has been adopted,&quot; spokesman Nikolaus van der Pas said of the Commission's Agenda 2000 document which recommends that Poland, the Czech Republic, Hungary, Slovenia and Estonia join Cyprus in the talks next year.  </p>
<p>The document was adopted without much discussion during a meeting of EU Commissioners in Strasbourg, France, ahead of their formal presentation of the decision to the European Parliament on Wednesday.</p>
<p>The decision means that Latvia, Lithuania, Slovakia, Bulgaria and Romania will have to wait for membership although they will each have contractual accession partnerships allowing them to prepare at their own speed for joining.</p>
</text>
<copyright>(c) Reuters Limited 1997</copyright>
<metadata>
<codes class="bip:countries:1.0">
  <code code="CYPR">
    <editdetail attribution="Reuters BIP Coding Group" action="confirmed" date="1997-07-15"/>
  </code>
  <code code="CZREP">
    <editdetail attribution="Reuters BIP Coding Group" action="confirmed" date="1997-07-15"/>
  </code>
  <code code="EEC">
    <editdetail attribution="Reuters BIP Coding Group" action="confirmed" date="1997-07-15"/>
  </code>
  <code code="ESTNIA">
    <editdetail attribution="Reuters BIP Coding Group" action="confirmed" date="1997-07-15"/>
  </code>
  <code code="HUNG">
    <editdetail attribution="Reuters BIP Coding Group" action="confirmed" date="1997-07-15"/>
  </code>
  <code code="POL">
    <editdetail attribution="Reuters BIP Coding Group" action="confirmed" date="1997-07-15"/>
  </code>
  <code code="SLVNIA">
    <editdetail attribution="Reuters BIP Coding Group" action="confirmed" date="1997-07-15"/>
  </code>
</codes>
<codes class="bip:topics:1.0">
  <code code="G15">
    <editdetail attribution="Reuters BIP Coding Group" action="confirmed" date="1997-07-15"/>
  </code>
  <code code="G158">
    <editdetail attribution="Reuters BIP Coding Group" action="confirmed" date="1997-07-15"/>
  </code>
  <code code="GCAT">
    <editdetail attribution="Reuters BIP Coding Group" action="confirmed" date="1997-07-15"/>
  </code>
  <code code="GDIP">
    <editdetail attribution="Reuters BIP Coding Group" action="confirmed" date="1997-07-15"/>
  </code>
</codes>
<dc element="dc.date.created" value="1997-07-15"/>
<dc element="dc.publisher" value="Reuters Holdings Plc"/>
<dc element="dc.date.published" value="1997-07-15"/>
<dc element="dc.source" value="Reuters"/>
<dc element="dc.creator.location" value="BRUSSELS"/>
<dc element="dc.creator.location.country.name" value="BELGIUM"/>
<dc element="dc.source" value="Reuters"/>
</metadata>
</newsitem>
