<?xml version="1.0" encoding="iso-8859-1" ?>
<newsitem itemid="121300" id="root" date="1996-10-16" xml:lang="en">
<title>FINLAND: M-SERLA START QUARTERLY REPORTING IN 97.</title>
<headline>M-SERLA START QUARTERLY REPORTING IN 97.</headline>
<dateline>HELSINKI 1996-10-16</dateline>
<text>
<p>Finnish forest industry group Metsa-Serla said in a statement on Wednesday it would start releasing quarterly instead of tertial interim reports next year.</p>
<p>&quot;Quarterly reporting will make it easier for shareholders and capital markets to follow the company's financial progress,&quot; it said.</p>
<p>-- Helsinki newsroom +358-0-6805 0245</p>
</text>
<copyright>(c) Reuters Limited 1996</copyright>
<metadata>
<codes class="bip:countries:1.0">
  <code code="FIN">
    <editdetail attribution="Reuters BIP Coding Group" action="confirmed" date="1996-10-16"/>
  </code>
</codes>
<codes class="bip:industries:1.0">
  <code code="I47100">
    <editdetail attribution="Reuters BIP Coding Group" action="confirmed" date="1996-10-16"/>
  </code>
</codes>
<codes class="bip:topics:1.0">
  <code code="C15">
    <editdetail attribution="Reuters BIP Coding Group" action="confirmed" date="1996-10-16"/>
  </code>
  <code code="C151">
    <editdetail attribution="Reuters BIP Coding Group" action="confirmed" date="1996-10-16"/>
  </code>
  <code code="CCAT">
    <editdetail attribution="Reuters BIP Coding Group" action="confirmed" date="1996-10-16"/>
  </code>
</codes>
<dc element="dc.date.created" value="1996-10-16"/>
<dc element="dc.publisher" value="Reuters Holdings Plc"/>
<dc element="dc.date.published" value="1996-10-16"/>
<dc element="dc.source" value="Reuters"/>
<dc element="dc.creator.location" value="HELSINKI"/>
<dc element="dc.creator.location.country.name" value="FINLAND"/>
<dc element="dc.source" value="Reuters"/>
</metadata>
</newsitem>
