<?xml version="1.0" encoding="iso-8859-1" ?>
<newsitem itemid="810045" id="root" date="1997-08-19" xml:lang="en">
<title>UK: UK wool sale sees high clearance.</title>
<headline>UK wool sale sees high clearance.</headline>
<dateline>LONDON 1997-08-19</dateline>
<text>
<p>The Committee of London Wool Brokers offered on behalf of the British Wool Marketing Board some 2,320,000 kilos of British Wool at the first Scottish sale of the season held in Bradford on August 13.</p>
<p>Good competition produced a high clearance of bred and cross wools. Blackface had not been offered since the end of the last season on May 14 but sold well at lower prices. Total clearance was nearly 90 percent.</p>
<p>Compared with the July 13 Bradford sale Halfbred hogs were five percent dearer with other Halfbreds fully firm. Crosses were up to 2.5 percent dearer. Compared with the May 14 Scottish sale Cheviots were fully 2.5 percent dearer. Blackface was 5-10 percent cheaper apart from Light Grey which was 2.5 percent dearer.</p>
</text>
<copyright>(c) Reuters Limited 1997</copyright>
<metadata>
<codes class="bip:countries:1.0">
  <code code="UK">
    <editdetail attribution="Reuters BIP Coding Group" action="confirmed" date="1997-08-19"/>
  </code>
</codes>
<codes class="bip:industries:1.0">
  <code code="I01001">
    <editdetail attribution="Reuters BIP Coding Group" action="confirmed" date="1997-08-19"/>
  </code>
  <code code="I0100124">
    <editdetail attribution="Reuters BIP Coding Group" action="confirmed" date="1997-08-19"/>
  </code>
  <code code="I43000">
    <editdetail attribution="Reuters BIP Coding Group" action="confirmed" date="1997-08-19"/>
  </code>
</codes>
<codes class="bip:topics:1.0">
  <code code="C31">
    <editdetail attribution="Reuters BIP Coding Group" action="confirmed" date="1997-08-19"/>
  </code>
  <code code="CCAT">
    <editdetail attribution="Reuters BIP Coding Group" action="confirmed" date="1997-08-19"/>
  </code>
  <code code="M14">
    <editdetail attribution="Reuters BIP Coding Group" action="confirmed" date="1997-08-19"/>
  </code>
  <code code="M141">
    <editdetail attribution="Reuters BIP Coding Group" action="confirmed" date="1997-08-19"/>
  </code>
  <code code="MCAT">
    <editdetail attribution="Reuters BIP Coding Group" action="confirmed" date="1997-08-19"/>
  </code>
</codes>
<dc element="dc.date.created" value="1997-08-19"/>
<dc element="dc.publisher" value="Reuters Holdings Plc"/>
<dc element="dc.date.published" value="1997-08-19"/>
<dc element="dc.source" value="Reuters"/>
<dc element="dc.creator.location" value="LONDON"/>
<dc element="dc.creator.location.country.name" value="UK"/>
<dc element="dc.source" value="Reuters"/>
</metadata>
</newsitem>
