<?xml version="1.0" encoding="iso-8859-1" ?>
<newsitem itemid="791724" id="root" date="1997-08-11" xml:lang="en">
<title>USA: SIMON DEBARTOLO ACQUIRES 50 PCT OF FLORIDA MALL.</title>
<headline>SIMON DEBARTOLO ACQUIRES 50 PCT OF FLORIDA MALL.</headline>
<dateline>INDIANAPOLIS 1997-08-11</dateline>
<text>
<p>Simon DeBartolo Group Inc said Monday it has acquired 50 percent interest in Dadeland Mall, a 1.4 million square foot super-regional mall located in Miami, Florida.</p>
<p>The purchase was made for an undisclosed amount of cash and Simon DeBartolo stock, said the real estate investment trust which owns and operates regional malls and community shopping centers.</p>
<p>The ownership interest in Dadeland was purchased from Prime Property Fund, a $2.7 billion pooled real estate account for pension fund investors managed by ERE Yarmouth. Prime Property Fund will continue to hold the remaining 50 percent ownership interest. Simon DeBartolo Group will assume primary management, leasing and development responsibilities for the mall effective immediately, the company said</p>
<p>Total 1996 sales at the mall were in excess of $515 million and small shop sales of $649 per square foot, the company said.</p>
<p>Plans have been developed for a major expansion and redevelopment of Dadeland Mall, the company said.</p>
<p>A $12 million redevelopment program to improve access and circulation at the property will be completed in the fall of this year, the company said.</p>
<p>Simon DeBartolo shares closed Friday at 31-7/16.</p>
<p>((--Chicago newsdesk, 312-408-8787))</p>
</text>
<copyright>(c) Reuters Limited 1997</copyright>
<metadata>
<codes class="bip:countries:1.0">
  <code code="USA">
    <editdetail attribution="Reuters BIP Coding Group" action="confirmed" date="1997-08-11"/>
  </code>
</codes>
<codes class="bip:industries:1.0">
  <code code="I81502">
    <editdetail attribution="Reuters BIP Coding Group" action="confirmed" date="1997-08-11"/>
  </code>
  <code code="I8150206">
    <editdetail attribution="Reuters BIP Coding Group" action="confirmed" date="1997-08-11"/>
  </code>
  <code code="I85000">
    <editdetail attribution="Reuters BIP Coding Group" action="confirmed" date="1997-08-11"/>
  </code>
  <code code="I8500021">
    <editdetail attribution="Reuters BIP Coding Group" action="confirmed" date="1997-08-11"/>
  </code>
</codes>
<codes class="bip:topics:1.0">
  <code code="C18">
    <editdetail attribution="Reuters BIP Coding Group" action="confirmed" date="1997-08-11"/>
  </code>
  <code code="C181">
    <editdetail attribution="Reuters BIP Coding Group" action="confirmed" date="1997-08-11"/>
  </code>
  <code code="CCAT">
    <editdetail attribution="Reuters BIP Coding Group" action="confirmed" date="1997-08-11"/>
  </code>
</codes>
<dc element="dc.date.created" value="1997-08-11"/>
<dc element="dc.publisher" value="Reuters Holdings Plc"/>
<dc element="dc.date.published" value="1997-08-11"/>
<dc element="dc.source" value="Reuters"/>
<dc element="dc.creator.location" value="INDIANAPOLIS"/>
<dc element="dc.creator.location.country.name" value="USA"/>
<dc element="dc.source" value="Reuters"/>
</metadata>
</newsitem>
