<?xml version="1.0" encoding="iso-8859-1" ?>
<newsitem itemid="306438" id="root" date="1997-01-14" xml:lang="en">
<title>USA: McCormick &amp; Co Inc Q4 net, shr rise.</title>
<headline>McCormick &amp; Co Inc Q4 net, shr rise.</headline>
<dateline>SPARKS, Md. 1997-01-14</dateline>
<text>
<p>1996			1995</p>
<p> Shr			  $0.58		    $0.52</p>
<p> Net			 45,831		   42,218</p>
<p> Sales		    537,428		  506,341</p>
<p> Avg shrs		  79,339		   81,184</p>
<p>			 12 MONTHS</p>
<p> Shr			  $0.52		    $1.20</p>
<p> Net			 41,918		   97,521</p>
<p> Sales		  1,732,506		1,691,086</p>
<p> Avg shrs		  80,641		   81,181</p>
<p>(All data above 000s except per share numbers)</p>
<p>NOTE: 1995 Q4 earnings from continuing operations were $0.47/shr.</p>
<p>For full year 1996, earnings from continuing operations before third quarter restructuring charges were $1.03 vs $1.04.</p>
</text>
<copyright>(c) Reuters Limited 1997</copyright>
<metadata>
<codes class="bip:countries:1.0">
  <code code="USA">
    <editdetail attribution="Reuters BIP Coding Group" action="confirmed" date="1997-01-14"/>
  </code>
</codes>
<codes class="bip:industries:1.0">
  <code code="I41000">
    <editdetail attribution="Reuters BIP Coding Group" action="confirmed" date="1997-01-14"/>
  </code>
</codes>
<codes class="bip:topics:1.0">
  <code code="C15">
    <editdetail attribution="Reuters BIP Coding Group" action="confirmed" date="1997-01-14"/>
  </code>
  <code code="C151">
    <editdetail attribution="Reuters BIP Coding Group" action="confirmed" date="1997-01-14"/>
  </code>
  <code code="C1511">
    <editdetail attribution="Reuters BIP Coding Group" action="confirmed" date="1997-01-14"/>
  </code>
  <code code="CCAT">
    <editdetail attribution="Reuters BIP Coding Group" action="confirmed" date="1997-01-14"/>
  </code>
</codes>
<dc element="dc.date.created" value="1997-01-14"/>
<dc element="dc.publisher" value="Reuters Holdings Plc"/>
<dc element="dc.date.published" value="1997-01-14"/>
<dc element="dc.source" value="Reuters"/>
<dc element="dc.creator.location" value="SPARKS, Md."/>
<dc element="dc.creator.location.country.name" value="USA"/>
<dc element="dc.source" value="Reuters"/>
</metadata>
</newsitem>
