<?xml version="1.0" encoding="iso-8859-1" ?>
<newsitem itemid="53501" id="root" date="1996-09-13" xml:lang="en">
<title>SWITZERLAND: Von Roll confirms sticking with deal.</title>
<headline>Von Roll confirms sticking with deal.</headline>
<dateline>BASLE, Switzerland 1996-09-13</dateline>
<text>
<p>Technology group Von Roll Holding AG confirmed it would stand by a deal to sell its steel activities in Switzerland to von Moos Holding AG, despite von Moos' attempt to rescind the deal.</p>
<p>&quot;There are no reasons for the contract to be invalid,&quot; Von Roll's chief executive Max Amstutz told a news conference.</p>
<p>&quot;We will fulfill the contract.&quot;</p>
<p>But Amstutz added he was willing to discuss matters with von Moos and he and the company's banks would take steps in that direction.</p>
<p>On Thursday, Swiss steelmaker von Moos said it would declare invalid a deal announced in June under which it would have taken over Von Roll's domestic steelmaking business.</p>
<p>Von Moos said a review of the business found higher environmental protection costs and lower capacity than represented in the purchase contract of June 28.</p>
<p>Amstutz rejected von Moos' charge it had been misled, saying the two firms had negotiated for more than three years and the business and market conditions were known to von Moos.</p>
<p>&quot;This is utter rubbish,&quot; Amstutz added.</p>
<p>-- Zurich Editorial +41 1 631 7340</p>
</text>
<copyright>(c) Reuters Limited 1996</copyright>
<metadata>
<codes class="bip:countries:1.0">
  <code code="SWITZ">
    <editdetail attribution="Reuters BIP Coding Group" action="confirmed" date="1996-09-13"/>
  </code>
</codes>
<codes class="bip:industries:1.0">
  <code code="I22100">
    <editdetail attribution="Reuters BIP Coding Group" action="confirmed" date="1996-09-13"/>
  </code>
</codes>
<codes class="bip:topics:1.0">
  <code code="C11">
    <editdetail attribution="Reuters BIP Coding Group" action="confirmed" date="1996-09-13"/>
  </code>
  <code code="C18">
    <editdetail attribution="Reuters BIP Coding Group" action="confirmed" date="1996-09-13"/>
  </code>
  <code code="C181">
    <editdetail attribution="Reuters BIP Coding Group" action="confirmed" date="1996-09-13"/>
  </code>
  <code code="CCAT">
    <editdetail attribution="Reuters BIP Coding Group" action="confirmed" date="1996-09-13"/>
  </code>
</codes>
<dc element="dc.date.created" value="1996-09-13"/>
<dc element="dc.publisher" value="Reuters Holdings Plc"/>
<dc element="dc.date.published" value="1996-09-13"/>
<dc element="dc.source" value="Reuters"/>
<dc element="dc.creator.location" value="BASLE, Switzerland"/>
<dc element="dc.creator.location.country.name" value="SWITZERLAND"/>
<dc element="dc.source" value="Reuters"/>
</metadata>
</newsitem>
