<?xml version="1.0" encoding="iso-8859-1" ?>
<newsitem itemid="763484" id="root" date="1997-07-29" xml:lang="en">
<title>PAKISTAN: Pakistani stocks rise at noon on settlement day.</title>
<headline>Pakistani stocks rise at noon on settlement day.</headline>
<dateline>KARACHI, Pakistan 1997-07-29</dateline>
<text>
<p>Pakistani stocks rose at noon on Tuesday as blue chip buying by foreign funds and local investors offset the position-squaring on settlement day, dealers said.</p>
<p>&quot;Sentiment is positive and despite squaring of positions on the last day of clearing, the index has gained as actively traded blue chips continued their rally.&quot;</p>
<p>The index rose 30 points, or 1.48 percent, to end at 2,055.41. Gainers beat losers 118 to 44. Hub Power rose 2.20 rupees to 60.30 and Pakistan State Oil 7.0 to 441.</p>
<p>-- Amir Zia 9221-5685192</p>
</text>
<copyright>(c) Reuters Limited 1997</copyright>
<metadata>
<codes class="bip:countries:1.0">
  <code code="PAKIS">
    <editdetail attribution="Reuters BIP Coding Group" action="confirmed" date="1997-07-29"/>
  </code>
</codes>
<codes class="bip:topics:1.0">
  <code code="M11">
    <editdetail attribution="Reuters BIP Coding Group" action="confirmed" date="1997-07-29"/>
  </code>
  <code code="MCAT">
    <editdetail attribution="Reuters BIP Coding Group" action="confirmed" date="1997-07-29"/>
  </code>
</codes>
<dc element="dc.date.created" value="1997-07-29"/>
<dc element="dc.publisher" value="Reuters Holdings Plc"/>
<dc element="dc.date.published" value="1997-07-29"/>
<dc element="dc.source" value="Reuters"/>
<dc element="dc.creator.location" value="KARACHI, Pakistan"/>
<dc element="dc.creator.location.country.name" value="PAKISTAN"/>
<dc element="dc.source" value="Reuters"/>
</metadata>
</newsitem>
