<?xml version="1.0" encoding="iso-8859-1" ?>
<newsitem itemid="753016" id="root" date="1997-07-24" xml:lang="en">
<title>USA: FINAL PRICING  -- West Virginia Hospital Authority.</title>
<headline>FINAL PRICING  -- West Virginia Hospital Authority.</headline>
<text>
<p>WEST VIRGINIA HOSPITAL FINANCE AUTHORITY</p>
<p>RE: $21,710,000*</p>
<p>HOSPITAL REFUNDING REVENUE BONDS, SERIES 1997</p>
<p>(DEPARTMENT OF HEALTH AND HUMAN RESOURCES PROJECT)</p>
<p>VERBAL AWARD.</p>
<p>    MOODY'S: Aaa		   S&amp;P: NR</p>
<p>FSA INSURED</p>
<p>    DATED: 08/01/1997	    FIRST COUPON: 02/01/1998</p>
<p>DUE: 08/01</p>
<p> MATURITY		AMOUNT*    COUPON	   PRICE</p>
<p>08/01/1998		1,420M    3.75  %	100.00</p>
<p>08/01/1999		1,480M    4.00  %	  4.05</p>
<p>						  (Approx. $ Price 99.905)</p>
<p>08/01/2000		1,540M    4.20  %	100.00</p>
<p>08/01/2001		1,605M    4.25  %	  4.30</p>
<p>						  (Approx. $ Price 99.818)</p>
<p>08/01/2002		1,670M    4.30  %	  4.40</p>
<p>						  (Approx. $ Price 99.556)</p>
<p>08/01/2003		1,740M    4.40  %	  4.50</p>
<p>						  (Approx. $ Price 99.48)</p>
<p>08/01/2004		1,820M    4.50  %	  4.60</p>
<p>						  (Approx. $ Price 99.408)</p>
<p>08/01/2005		1,900M    4.50  %	  4.65</p>
<p>						  (Approx. $ Price 99.009)</p>
<p>08/01/2006		1,985M    4.70  %	  4.70</p>
<p>08/01/2007		2,080M    5.00  %	  4.75</p>
<p>						  (Approx. $ Price 101.964)</p>
<p>08/01/2008		2,185M    4.75  %	  4.80</p>
<p>						  (Approx. $ Price 99.575)</p>
<p>08/01/2009		2,285M    5.00  %	  4.90</p>
<p>				  (Approx. $ PTC   08/01/2007  100.779)</p>
<p>CALL FEATURES: 08/01/2007    100.00</p>
<p>* - APPROXIMATE SUBJECT TO CHANGE</p>
<p>The compliance addendum MSRB Rule G-11 will apply.</p>
<p>The award is expected Thursday, July 24, 1997.</p>
<p>Delivery is firm for August 13, 1997.</p>
<p>This issue is book entry.  DTC is pending.</p>
<p>     Award:		  07/24/1997</p>
<p>     Delivery:	     08/13/1997 (Firm)</p>
<p>     Initial trade:	07/25/1997</p>
<p>	     MATURITY			     CUSIP</p>
<p>	    ----------			  ---------</p>
<p>	    08/01/1998			  956622RH9</p>
<p>	    08/01/1999			  956622RJ5</p>
<p>	    08/01/2000			  956622RK2</p>
<p>	    08/01/2001			  956622RL0</p>
<p>	    08/01/2002			  956622RM8</p>
<p>	    08/01/2003			  956622RN6</p>
<p>	    08/01/2004			  956622RP1</p>
<p>	    08/01/2005			  956622RQ8</p>
<p>	    08/01/2006			  956622RR7</p>
<p>	    08/01/2007			  956622RS5</p>
<p>	    08/01/2008			  956622RT3</p>
<p>	    08/01/2009			  956622RU0</p>
<p>Ferris, Baker Watts Inc.</p>
<p>Crews &amp; Associates, Inc.</p>
<p>--U.S. Municipal Desk, 212-859-1650</p>
</text>
<copyright>(c) Reuters Limited 1997</copyright>
<metadata>
<codes class="bip:countries:1.0">
  <code code="USA">
    <editdetail attribution="Reuters BIP Coding Group" action="confirmed" date="1997-07-24"/>
  </code>
</codes>
<codes class="bip:topics:1.0">
  <code code="E21">
    <editdetail attribution="Reuters BIP Coding Group" action="confirmed" date="1997-07-24"/>
  </code>
  <code code="E212">
    <editdetail attribution="Reuters BIP Coding Group" action="confirmed" date="1997-07-24"/>
  </code>
  <code code="ECAT">
    <editdetail attribution="Reuters BIP Coding Group" action="confirmed" date="1997-07-24"/>
  </code>
</codes>
<dc element="dc.publisher" value="Reuters Holdings Plc"/>
<dc element="dc.date.published" value="1997-07-24"/>
<dc element="dc.source" value="Reuters"/>
<dc element="dc.creator.location.country.name" value="USA"/>
<dc element="dc.source" value="Reuters"/>
</metadata>
</newsitem>
