<?xml version="1.0" encoding="iso-8859-1" ?>
<newsitem itemid="799164" id="root" date="1997-08-14" xml:lang="en">
<title>USA: TABLE - Pep Boys Q2 Aug 2 net slips.</title>
<headline>TABLE - Pep Boys Q2 Aug 2 net slips.</headline>
<dateline>PHILADELPHIA 1997-08-14</dateline>
<text>
<p>PEP BOYS FINANCIAL HIGHLIGHTS</p>
<p>				   Thirteen	   Thirteen</p>
<p>			  Weeks Ended	  Weeks Ended</p>
<p>			    Aug. 2, 1997     Aug. 3, 1996  % Change</p>
<p> Total Revenues	 $ 539,298,000    $ 476,673,000     13.1</p>
<p> Net Earnings		30,088,000	 30,235,000    (0.5)</p>
<p>Net Earnings</p>
<p>  Per Share			   .47		  .49    (4.3)</p>
<p>			  Twenty-Six	   Twenty-Six</p>
<p>			  Weeks Ended	  Weeks Ended</p>
<p>			    Aug. 2, 1997     Aug. 3, 1996  % Change</p>
<p> Total Revenues	 1,028,576,000	905,287,000     13.6</p>
<p> Net Earnings		53,234,000	 50,351,000	5.7</p>
<p>Net Earnings</p>
<p>  Per Share			   .84		  .82	2.4</p>
<p>((-- New York Newsdesk 212 859-1610))</p>
</text>
<copyright>(c) Reuters Limited 1997</copyright>
<metadata>
<codes class="bip:countries:1.0">
  <code code="USA">
    <editdetail attribution="Reuters BIP Coding Group" action="confirmed" date="1997-08-14"/>
  </code>
</codes>
<codes class="bip:industries:1.0">
  <code code="I65400">
    <editdetail attribution="Reuters BIP Coding Group" action="confirmed" date="1997-08-14"/>
  </code>
</codes>
<codes class="bip:topics:1.0">
  <code code="C15">
    <editdetail attribution="Reuters BIP Coding Group" action="confirmed" date="1997-08-14"/>
  </code>
  <code code="C151">
    <editdetail attribution="Reuters BIP Coding Group" action="confirmed" date="1997-08-14"/>
  </code>
  <code code="CCAT">
    <editdetail attribution="Reuters BIP Coding Group" action="confirmed" date="1997-08-14"/>
  </code>
</codes>
<dc element="dc.date.created" value="1997-08-14"/>
<dc element="dc.publisher" value="Reuters Holdings Plc"/>
<dc element="dc.date.published" value="1997-08-14"/>
<dc element="dc.source" value="Reuters"/>
<dc element="dc.creator.location" value="PHILADELPHIA"/>
<dc element="dc.creator.location.country.name" value="USA"/>
<dc element="dc.source" value="Reuters"/>
</metadata>
</newsitem>
