<?xml version="1.0" encoding="iso-8859-1" ?>
<newsitem itemid="230041" id="root" date="1996-12-02" xml:lang="en">
<title>HONG KONG: Group Sense interim net returns to gain.</title>
<headline>Group Sense interim net returns to gain.</headline>
<dateline>HONG KONG 1996-12-02</dateline>
<text>
<p>Six months ended September 30</p>
<p>(in million HK$ unless stated)</p>
<p>    Shr (H.K. cents)	   2.1 gain     vs 3.4 loss</p>
<p>    Dividend (H.K. cents)    1.0	    vs nil</p>
<p>    Exceptional items	  15.66 gain   vs 2.13 gain</p>
<p>    Net			    20.66 profit vs 27.63 loss</p>
<p>    Turnover		     282.92	 vs 221.45</p>
<p>    Company name		 Group Sense (International) Ltd</p>
<p>    Books close		  Dec 30, 1996 to Jan 3, 1997</p>
<p>    Dividend payable	   Jan 17, 1997</p>
<p>NOTE - Group Sense is a consumer electronic manufacturer.</p>
<p>Net is after an exceptional gain on disposal of certain of the group's leasehold properties.</p>
<p>-- Hong Kong Newsroom (852) 2843 6368</p>
</text>
<copyright>(c) Reuters Limited 1996</copyright>
<metadata>
<codes class="bip:countries:1.0">
  <code code="HKONG">
    <editdetail attribution="Reuters BIP Coding Group" action="confirmed" date="1996-12-02"/>
  </code>
</codes>
<codes class="bip:industries:1.0">
  <code code="I33010">
    <editdetail attribution="Reuters BIP Coding Group" action="confirmed" date="1996-12-02"/>
  </code>
</codes>
<codes class="bip:topics:1.0">
  <code code="C15">
    <editdetail attribution="Reuters BIP Coding Group" action="confirmed" date="1996-12-02"/>
  </code>
  <code code="C151">
    <editdetail attribution="Reuters BIP Coding Group" action="confirmed" date="1996-12-02"/>
  </code>
  <code code="CCAT">
    <editdetail attribution="Reuters BIP Coding Group" action="confirmed" date="1996-12-02"/>
  </code>
</codes>
<dc element="dc.date.created" value="1996-12-02"/>
<dc element="dc.publisher" value="Reuters Holdings Plc"/>
<dc element="dc.date.published" value="1996-12-02"/>
<dc element="dc.source" value="Reuters"/>
<dc element="dc.creator.location" value="HONG KONG"/>
<dc element="dc.creator.location.country.name" value="HONG KONG"/>
<dc element="dc.source" value="Reuters"/>
</metadata>
</newsitem>
