<?xml version="1.0" encoding="iso-8859-1" ?>
<newsitem itemid="409700" id="root" date="1997-02-28" xml:lang="en">
<title>NORWAY: ALPINE SKIING-MEN'S DOWNHILL TRAINING CANCELLED.</title>
<headline>ALPINE SKIING-MEN'S DOWNHILL TRAINING CANCELLED.</headline>
<dateline>KVITFJELL, Norway 1997-02-28</dateline>
<text>
<p>Training for a men's Alpine ski World Cup downhill was cancelled on Friday because of rain and fog.</p>
<p>Bad weather all week has limited skiers to just one training run on Thursday on the 3,035-metre Olympiabakken course.</p>
<p>Luc Alphand of France, who leads the downhill and super-G rankings and has an opportunity to sew up both titles this weekend, posted the fastest time on Thursday.</p>
<p>The penultimate downhill of the season is scheduled for Saturday followed by a super-G on Sunday.</p>
</text>
<copyright>(c) Reuters Limited 1997</copyright>
<metadata>
<codes class="bip:countries:1.0">
  <code code="NORW">
    <editdetail attribution="Reuters BIP Coding Group" action="confirmed" date="1997-02-28"/>
  </code>
</codes>
<codes class="bip:topics:1.0">
  <code code="GCAT">
    <editdetail attribution="Reuters BIP Coding Group" action="confirmed" date="1997-02-28"/>
  </code>
  <code code="GSPO">
    <editdetail attribution="Reuters BIP Coding Group" action="confirmed" date="1997-02-28"/>
  </code>
</codes>
<dc element="dc.date.created" value="1997-02-28"/>
<dc element="dc.publisher" value="Reuters Holdings Plc"/>
<dc element="dc.date.published" value="1997-02-28"/>
<dc element="dc.source" value="Reuters"/>
<dc element="dc.creator.location" value="KVITFJELL, Norway"/>
<dc element="dc.creator.location.country.name" value="NORWAY"/>
<dc element="dc.source" value="Reuters"/>
</metadata>
</newsitem>
