<?xml version="1.0" encoding="iso-8859-1" ?>
<newsitem itemid="188684" id="root" date="1996-11-14" xml:lang="en">
<title>RUSSIA: Yeltsin appetite improving - doctors.</title>
<headline>Yeltsin appetite improving - doctors.</headline>
<dateline>MOSCOW 1996-11-14</dateline>
<text>
<p>Doctors treating President Boris Yeltsin said on Thursday his appetite had &quot;improved significantly&quot; and his general condition was satisfactory nine days after his heart bypass operation.</p>
<p>An official bulletin distributed by the Kremlin press service said Yeltsin's condition was &quot;fully satisfactory&quot; and all his organs were working normally.</p>
<p>Yeltsin, 65, is in the Central Clinical Hospital in Moscow. The bulletin said he was working with official papers, reading reviews of the press and listening to classical music.</p>
</text>
<copyright>(c) Reuters Limited 1996</copyright>
<metadata>
<codes class="bip:countries:1.0">
  <code code="RUSS">
    <editdetail attribution="Reuters BIP Coding Group" action="confirmed" date="1996-11-14"/>
  </code>
</codes>
<codes class="bip:topics:1.0">
  <code code="GCAT">
    <editdetail attribution="Reuters BIP Coding Group" action="confirmed" date="1996-11-14"/>
  </code>
  <code code="GPOL">
    <editdetail attribution="Reuters BIP Coding Group" action="confirmed" date="1996-11-14"/>
  </code>
  <code code="GPRO">
    <editdetail attribution="Reuters BIP Coding Group" action="confirmed" date="1996-11-14"/>
  </code>
</codes>
<dc element="dc.date.created" value="1996-11-14"/>
<dc element="dc.publisher" value="Reuters Holdings Plc"/>
<dc element="dc.date.published" value="1996-11-14"/>
<dc element="dc.source" value="Reuters"/>
<dc element="dc.creator.location" value="MOSCOW"/>
<dc element="dc.creator.location.country.name" value="RUSSIA"/>
<dc element="dc.source" value="Reuters"/>
</metadata>
</newsitem>
