<?xml version="1.0" encoding="iso-8859-1" ?>
<newsitem itemid="52599" id="root" date="1996-09-13" xml:lang="en">
<title>ROMANIA: PRESS DIGEST - Romania - Sept 13.</title>
<headline>PRESS DIGEST - Romania - Sept 13.</headline>
<dateline>BUCHAREST 1996-09-13</dateline>
<text>
<p>Here are highlights of stories in Romania's press on Friday. Reuters has not verified these stories and does not vouch for their accuracy:</p>
<p>Business:</p>
<p>ROMANIA LIBERA</p>
<p>- New free trade zone will become operational at Danube port of Giurgiu.</p>
<p>TINERETUL LIBER</p>
<p>- Nuclear reactor at Cernavoda is undergoing tests at full capacity.</p>
<p>- Industry Ministry sources say $3.0 billion are needed to reequip and upgrade Romania's metallurgy.</p>
<p>LIBERTATEA</p>
<p>- Romanian Intelligence Service's (SRI) 1996 report to parliament shows SRI supplied information on illegal credits granted by commercial banks  Banca Dacia Felix SA and Renasterea Creditului Romanesc Credit Bank, forecasting their eventual decline.</p>
<p>General:</p>
<p>ROMANIA LIBERA</p>
<p>- &quot;Romania has one solution left -- to elect as president a person with no political past and not linked to Russia, which wants to keep former communist countries under its influence,&quot; says the newspaper quoting Frazer Cameron from European Commission.</p>
<p>- Two-page report on reform in education system through alternative school books.</p>
<p>- Newspaper publishes report on suicide and desertions in Romania's army.</p>
<p>ADEVARUL</p>
<p>- A priest, quack doctor and a leader of car drivers running for presidency in the November 3 polls is sign of despair indicating the population wants who ever except President Ion Iliescu as president, says editorial.</p>
<p>EVENIMENTUL ZILEI</p>
<p>- Newspaper publishes agenda of pop star Michael Jackson's visit to Bucharest where is is to hold a concert of HIStory tour on Saturday.</p>
<p>- Newspaper publishes excerpt from the 1996 annual report of the Romanian Intelligence Service which says the Italian mafia wants to control hotels, casinos and shops in Romania.</p>
<p>- National Unity Party (PUNR) leader Gheorghe Funar said Romanians from the diaspora will be on the party's list for parliament.</p>
<p>LIBERTATEA</p>
<p>- Children's health is electoral battle theme, reads front page headline on dispute between Bucharest's mayor, of opposition Democratic Convention (CDR) who ordered schools to stay shut for another two weeks due to a meningitis epidemic and health and education ministers, members of ruling Party of Social Democracy (PDSR) who refuse the delay in school start.</p>
<p>CRONICA ROMANA</p>
<p>- Interview with Ioan Gavra, PUNR vice-president, saying President Iliescu and Prime Minister Nicoale Vacaroiu should be dismissed over accepting the Romanian-Hungarian treaty.</p>
<p>- President Iliescu was given a diploma for special contributions.</p>
<p>CURIERUL NATIONAL</p>
<p>- Opinion poll by the Romanian newspaper and the Hungarian daily Magyar Hirlap on Romanian-Hungarian treaty.</p>
<p>VREMEA</p>
<p>- President Iliescu and (former premier) Petre Roman must not be elected, they don't even deserve to run for presidency, says Ion Coja, senator of opposition Democratic Agrarian Party (PDAR) in interview. ($=3,177 lei) -- Bucharest Newsroom 40-1 3120264</p>
</text>
<copyright>(c) Reuters Limited 1996</copyright>
<metadata>
<codes class="bip:countries:1.0">
  <code code="ROM">
    <editdetail attribution="Reuters BIP Coding Group" action="confirmed" date="1996-09-13"/>
  </code>
</codes>
<codes class="bip:topics:1.0">
  <code code="GCAT">
    <editdetail attribution="Reuters BIP Coding Group" action="confirmed" date="1996-09-13"/>
  </code>
</codes>
<dc element="dc.date.created" value="1996-09-13"/>
<dc element="dc.publisher" value="Reuters Holdings Plc"/>
<dc element="dc.date.published" value="1996-09-13"/>
<dc element="dc.source" value="Reuters"/>
<dc element="dc.creator.location" value="BUCHAREST"/>
<dc element="dc.creator.location.country.name" value="ROMANIA"/>
<dc element="dc.source" value="Reuters"/>
</metadata>
</newsitem>
