<?xml version="1.0" encoding="iso-8859-1" ?>
<newsitem itemid="430719" id="root" date="1997-03-10" xml:lang="en">
<title>GERMANY: Sixt plans joint-venture with Eurorent SA.</title>
<headline>Sixt plans joint-venture with Eurorent SA.</headline>
<dateline>PULLACH, Germany 1997-03-10</dateline>
<text>
<p>German car rental firm Sixt AG said on Monday that it is planning a joint-venture with the French group Eurorent SA, which will have potential sales of 200 million marks a year.</p>
<p>The joint-venture company will be called Sixt Eurorent S.A.S. and means Sixt can operate through Eurorent's 100 licencees.</p>
<p>Sixt said in a mandatory statement that it expected the venture to break even this year.</p>
<p>&quot;The opening of business in France is another step in our expansion programme aimed at setting up a network of car rental agencies in Europe,&quot; Sixt said.</p>
<p>--Frankfurt Newsroom +49 69 756525</p>
</text>
<copyright>(c) Reuters Limited 1997</copyright>
<metadata>
<codes class="bip:countries:1.0">
  <code code="FRA">
    <editdetail attribution="Reuters BIP Coding Group" action="confirmed" date="1997-03-10"/>
  </code>
  <code code="GFR">
    <editdetail attribution="Reuters BIP Coding Group" action="confirmed" date="1997-03-10"/>
  </code>
</codes>
<codes class="bip:industries:1.0">
  <code code="I84801">
    <editdetail attribution="Reuters BIP Coding Group" action="confirmed" date="1997-03-10"/>
  </code>
</codes>
<codes class="bip:topics:1.0">
  <code code="C11">
    <editdetail attribution="Reuters BIP Coding Group" action="confirmed" date="1997-03-10"/>
  </code>
  <code code="CCAT">
    <editdetail attribution="Reuters BIP Coding Group" action="confirmed" date="1997-03-10"/>
  </code>
</codes>
<dc element="dc.date.created" value="1997-03-10"/>
<dc element="dc.publisher" value="Reuters Holdings Plc"/>
<dc element="dc.date.published" value="1997-03-10"/>
<dc element="dc.source" value="Reuters"/>
<dc element="dc.creator.location" value="PULLACH, Germany"/>
<dc element="dc.creator.location.country.name" value="GERMANY"/>
<dc element="dc.source" value="Reuters"/>
</metadata>
</newsitem>
