<?xml version="1.0" encoding="iso-8859-1" ?>
<newsitem itemid="374576" id="root" date="1997-02-13" xml:lang="en">
<title>USA: CFC International Q3 Dec 31 net rises.</title>
<headline>CFC International Q3 Dec 31 net rises.</headline>
<dateline>CHICAGO HEIGHTS, Ill. 1997-02-13</dateline>
<text>
<p>1996			1995</p>
<p> Shr			  $0.18		    $0.15</p>
<p> Net			    792			675</p>
<p> Revs			 9,519		    9,160</p>
<p> Avg shrs		   4,520		    4,502</p>
<p>(All data above 000s except per share numbers)</p>
<p>	  12 MONTHS</p>
<p> Shr			  $0.66		    $0.78</p>
<p> Net			  2,983		    3,522</p>
<p> Revs			37,227		   34,177</p>
<p> Avg shrs		   4,517		    4,501</p>
<p>(All data above 000s except per share numbers)</p>
<p>NOTE: Net income figures for fourth quarter 1995 and year ended December 31, 1995 are pro forma. Company went public November 22, 1995.</p>
<p>((Chicago newsdesk (312) 408-8787))</p>
</text>
<copyright>(c) Reuters Limited 1997</copyright>
<metadata>
<codes class="bip:countries:1.0">
  <code code="USA">
    <editdetail attribution="Reuters BIP Coding Group" action="confirmed" date="1997-02-13"/>
  </code>
</codes>
<codes class="bip:industries:1.0">
  <code code="I25140">
    <editdetail attribution="Reuters BIP Coding Group" action="confirmed" date="1997-02-13"/>
  </code>
</codes>
<codes class="bip:topics:1.0">
  <code code="C15">
    <editdetail attribution="Reuters BIP Coding Group" action="confirmed" date="1997-02-13"/>
  </code>
  <code code="C151">
    <editdetail attribution="Reuters BIP Coding Group" action="confirmed" date="1997-02-13"/>
  </code>
  <code code="CCAT">
    <editdetail attribution="Reuters BIP Coding Group" action="confirmed" date="1997-02-13"/>
  </code>
</codes>
<dc element="dc.date.created" value="1997-02-13"/>
<dc element="dc.publisher" value="Reuters Holdings Plc"/>
<dc element="dc.date.published" value="1997-02-13"/>
<dc element="dc.source" value="Reuters"/>
<dc element="dc.creator.location" value="CHICAGO HEIGHTS, Ill."/>
<dc element="dc.creator.location.country.name" value="USA"/>
<dc element="dc.source" value="Reuters"/>
</metadata>
</newsitem>
