<?xml version="1.0" encoding="iso-8859-1" ?>
<newsitem itemid="159274" id="root" date="1996-11-01" xml:lang="en">
<title>USA: Viacom Inc Q3 earnings summary.</title>
<headline>Viacom Inc Q3 earnings summary.</headline>
<dateline>NEW YORK 1996-11-01</dateline>
<text>
<p>1996			1995</p>
<p> Shr primary		$3.82		    $0.21</p>
<p> Shr diluted		 3.69		     0.21</p>
<p> Oper shr primary	  0.24		     0.17</p>
<p> Oper shr diluted	  0.27		     0.17</p>
<p> Net		    1,406,400		   93,800</p>
<p> Revs		   3,351,800		2,953,600</p>
<p> Avg shrs primary     364,000		  376,100</p>
<p> Avg shrs diluted     381,400		  376,400</p>
<p>	  9  MONTHS</p>
<p> Shr primary		$3.85		    $0.46</p>
<p> Shr diluted		 3.79		     0.46</p>
<p> Oper shr primary	  0.26		     0.28</p>
<p> Oper shr diluted	  0.37		     0.28</p>
<p> Net		    1,475,300		  218,000</p>
<p> Revs		   8,885,100		8,308,400</p>
<p> Avg shrs primary     371,600		  374,800</p>
<p> Avg shrs diluted     388,900		  375,100</p>
<p>(All data above 000s except per share numbers)</p>
<p>NOTE - First Call mean estimate for Q3 was $0.15 per share.</p>
<p>Q3 1996 and first nine months of 1996 fully diluted net earnings from continued operations per share exceeds primary net earnings from continuing operations per share due to the assumed conversion of preferred stock which is dilutive to net earnings per share.</p>
<p>-- New York newsdesk 212-859-1610</p>
</text>
<copyright>(c) Reuters Limited 1996</copyright>
<metadata>
<codes class="bip:countries:1.0">
  <code code="USA">
    <editdetail attribution="Reuters BIP Coding Group" action="confirmed" date="1996-11-01"/>
  </code>
</codes>
<codes class="bip:industries:1.0">
  <code code="I97400">
    <editdetail attribution="Reuters BIP Coding Group" action="confirmed" date="1996-11-01"/>
  </code>
</codes>
<codes class="bip:topics:1.0">
  <code code="C15">
    <editdetail attribution="Reuters BIP Coding Group" action="confirmed" date="1996-11-01"/>
  </code>
  <code code="C151">
    <editdetail attribution="Reuters BIP Coding Group" action="confirmed" date="1996-11-01"/>
  </code>
  <code code="CCAT">
    <editdetail attribution="Reuters BIP Coding Group" action="confirmed" date="1996-11-01"/>
  </code>
</codes>
<dc element="dc.date.created" value="1996-11-01"/>
<dc element="dc.publisher" value="Reuters Holdings Plc"/>
<dc element="dc.date.published" value="1996-11-01"/>
<dc element="dc.source" value="Reuters"/>
<dc element="dc.creator.location" value="NEW YORK"/>
<dc element="dc.creator.location.country.name" value="USA"/>
<dc element="dc.source" value="Reuters"/>
</metadata>
</newsitem>
