<?xml version="1.0" encoding="iso-8859-1" ?>
<newsitem itemid="405680" id="root" date="1997-02-26" xml:lang="en">
<title>EGYPT: Egypt to get 400,000T Australian wheat in Apl/May.</title>
<headline>Egypt to get 400,000T Australian wheat in Apl/May.</headline>
<dateline>CAIRO 1997-02-26</dateline>
<text>
<p>Egypt's main commodities buyer said on Wednesday the 400,000 tonnes of soft white Australian wheat Egypt had bought about a month ago from the Australian Wheat Board (AWB) would be shipped in April and May.</p>
<p>Samir Shakankiri, vice chairman of the state's General Authority for Supply Commodities, told Reuters he confirmed an AWB freight offer for 200,000 tonnes of the wheat to be shipped from the beginning of April to April 15.</p>
<p>The other half of the purchase would be shipped in a 100,000 tonne shipment from the beginning of May up to May 5, and another 100,000 tonne shipment from May 5 up to May 10.</p>
<p>&quot;The Egyptian companies failed to match the prices of AWB,&quot; Shakankiri said. --Cairo newsroom +202 578 3290/1</p>
</text>
<copyright>(c) Reuters Limited 1997</copyright>
<metadata>
<codes class="bip:countries:1.0">
  <code code="AUSTR">
    <editdetail attribution="Reuters BIP Coding Group" action="confirmed" date="1997-02-26"/>
  </code>
  <code code="EGYPT">
    <editdetail attribution="Reuters BIP Coding Group" action="confirmed" date="1997-02-26"/>
  </code>
</codes>
<codes class="bip:topics:1.0">
  <code code="M14">
    <editdetail attribution="Reuters BIP Coding Group" action="confirmed" date="1997-02-26"/>
  </code>
  <code code="M141">
    <editdetail attribution="Reuters BIP Coding Group" action="confirmed" date="1997-02-26"/>
  </code>
  <code code="MCAT">
    <editdetail attribution="Reuters BIP Coding Group" action="confirmed" date="1997-02-26"/>
  </code>
</codes>
<dc element="dc.date.created" value="1997-02-26"/>
<dc element="dc.publisher" value="Reuters Holdings Plc"/>
<dc element="dc.date.published" value="1997-02-26"/>
<dc element="dc.source" value="Reuters"/>
<dc element="dc.creator.location" value="CAIRO"/>
<dc element="dc.creator.location.country.name" value="EGYPT"/>
<dc element="dc.source" value="Reuters"/>
</metadata>
</newsitem>
