<?xml version="1.0" encoding="iso-8859-1" ?>
<newsitem itemid="749520" id="root" date="1997-07-23" xml:lang="en">
<title>USA: TABLE - Network General Q1 results.</title>
<headline>TABLE - Network General Q1 results.</headline>
<dateline>MENLO PARK, Calif. 1997-07-23</dateline>
<text>
<p>Network General Corporation</p>
<p>				  Income Statements</p>
<p>		   (In thousands, except per share data)</p>
<p>						   Three Months Ended</p>
<p>					 Jun 30, 1997    Jun 30, 1996</p>
<p>						    (unaudited)</p>
<p>Revenues:</p>
<p>  Product				   $43,017	   $40,639</p>
<p>  Services				   15,306	    11,041</p>
<p> Total revenues			    58,323	    51,680</p>
<p>Cost of Revenues:</p>
<p>  Product				    10,845	     9,661</p>
<p>  Services				    4,845	     3,312</p>
<p> Total cost of revenues		  15,690	    12,973</p>
<p>     Gross margin			  42,633	    38,707</p>
<p>Operating Expenses:</p>
<p>  Sales and marketing		    20,890	    17,022</p>
<p>  Research and development		9,420	     7,176</p>
<p>  General and administrative	    4,418	     3,704</p>
<p> Total operating expenses		34,728	    27,902</p>
<p>     Income from operations	     7,905	    10,805</p>
<p> Interest and other income, net	 2,582	     1,691</p>
<p>Income before provision for</p>
<p>  income taxes			     10,487	    12,496</p>
<p> Provision for income taxes	     3,513	     3,811</p>
<p> Net income				   6,974	     8,685</p>
<p> Earnings per share			  0.16		0.19</p>
<p>Weighted average common and common</p>
<p>   equivalent shares outstanding     44,123	    46,145</p>
</text>
<copyright>(c) Reuters Limited 1997</copyright>
<metadata>
<codes class="bip:countries:1.0">
  <code code="USA">
    <editdetail attribution="Reuters BIP Coding Group" action="confirmed" date="1997-07-23"/>
  </code>
</codes>
<codes class="bip:industries:1.0">
  <code code="I33030">
    <editdetail attribution="Reuters BIP Coding Group" action="confirmed" date="1997-07-23"/>
  </code>
</codes>
<codes class="bip:topics:1.0">
  <code code="C15">
    <editdetail attribution="Reuters BIP Coding Group" action="confirmed" date="1997-07-23"/>
  </code>
  <code code="C151">
    <editdetail attribution="Reuters BIP Coding Group" action="confirmed" date="1997-07-23"/>
  </code>
  <code code="CCAT">
    <editdetail attribution="Reuters BIP Coding Group" action="confirmed" date="1997-07-23"/>
  </code>
</codes>
<dc element="dc.date.created" value="1997-07-23"/>
<dc element="dc.publisher" value="Reuters Holdings Plc"/>
<dc element="dc.date.published" value="1997-07-23"/>
<dc element="dc.source" value="Reuters"/>
<dc element="dc.creator.location" value="MENLO PARK, Calif."/>
<dc element="dc.creator.location.country.name" value="USA"/>
<dc element="dc.source" value="Reuters"/>
</metadata>
</newsitem>
