<?xml version="1.0" encoding="iso-8859-1" ?>
<newsitem itemid="60789" id="root" date="1996-09-18" xml:lang="en">
<title>BULGARIA: BULGARIAN UNEMPLOYMENT STEADY AT 10.4 PCT IN AUGUST.</title>
<headline>BULGARIAN UNEMPLOYMENT STEADY AT 10.4 PCT IN AUGUST.</headline>
<dateline>SOFIA 1996-09-18</dateline>
<text>
<p>The number of people unemployed</p>
<p>in Bulgaria in August was steady at 396,155 or 10.4 percent of</p>
<p>the workforce against 396,381 in July, the National Labour</p>
<p>Exchange (NLE) said.</p>
<p> BULGARIAN UNEMPLOYMENT  AUGUST	JULY     AUGUST'95</p>
<p> monthly total	     396,155    396,381    406,959</p>
<p> pct of workforce	   10.4	 10.4	 10.7</p>
<p>&quot;Jobless rate was practically unchanged as new university</p>
<p>graduates continued to register on the labour market but more</p>
<p>labour vacancies in farming and construction industry were</p>
<p>filled,&quot; NLE chairman Milcho Dimitrov told reportes.</p>
<p>However, the number of jobless in Bulgaria is expected to</p>
<p>rise by the end of the year due to the planned closures of</p>
<p>loss-making state enterprises, Dimitrov added.</p>
<p>The socialist government, in a bid to win cruicial finding</p>
<p>from international lending institutions, has pledged to close</p>
<p>down 64 debt-ridden state firms, where up to 40,000 people were</p>
<p>employed.</p>
<p>&quot;Latest figures show that some 7,600 people have lost their</p>
<p>jobs due to the liquidation of state firms so far,&quot; Dimitrov</p>
<p>said.</p>
<p>He added that the number of people expected to seek jobs on</p>
<p>the labour market by the year-end depended on the options that</p>
<p>would be chosen for some of the firms on the closure list.</p>
<p>Some state companies initially slated for liquidation, such</p>
<p>as the country's second largest oil refinery Plama, were taken</p>
<p>off the list and were privatised.</p>
<p>Cash-strapped Bulgaria is expected to speed up liquidation</p>
<p>of loss-makers after the International Monetary Fund postponed</p>
<p>a second tranche of a loan earlier this month until the</p>
<p>socialist cabinet completes the closures, analysts said.</p>
<p>-- Sofia Newsroom, 359-2-84561</p>
</text>
<copyright>(c) Reuters Limited 1996</copyright>
<metadata>
<codes class="bip:countries:1.0">
  <code code="BUL">
    <editdetail attribution="Reuters BIP Coding Group" action="confirmed" date="1996-09-18"/>
  </code>
</codes>
<codes class="bip:topics:1.0">
  <code code="E41">
    <editdetail attribution="Reuters BIP Coding Group" action="confirmed" date="1996-09-18"/>
  </code>
  <code code="E411">
    <editdetail attribution="Reuters BIP Coding Group" action="confirmed" date="1996-09-18"/>
  </code>
  <code code="ECAT">
    <editdetail attribution="Reuters BIP Coding Group" action="confirmed" date="1996-09-18"/>
  </code>
  <code code="GCAT">
    <editdetail attribution="Reuters BIP Coding Group" action="confirmed" date="1996-09-18"/>
  </code>
  <code code="GJOB">
    <editdetail attribution="Reuters BIP Coding Group" action="confirmed" date="1996-09-18"/>
  </code>
</codes>
<dc element="dc.date.created" value="1996-09-18"/>
<dc element="dc.publisher" value="Reuters Holdings Plc"/>
<dc element="dc.date.published" value="1996-09-18"/>
<dc element="dc.source" value="Reuters"/>
<dc element="dc.creator.location" value="SOFIA"/>
<dc element="dc.creator.location.country.name" value="BULGARIA"/>
<dc element="dc.source" value="Reuters"/>
</metadata>
</newsitem>
