<?xml version="1.0" encoding="iso-8859-1" ?>
<newsitem itemid="164386" id="root" date="1996-11-04" xml:lang="en">
<title>USA: Tommy Hilfiger Corp Q2 shr $0.63 vs $0.49.</title>
<headline>Tommy Hilfiger Corp Q2 shr $0.63 vs $0.49.</headline>
<dateline>NEW YORK 1996-11-04</dateline>
<text>
<p>1996			1995</p>
<p> Shr primary	     $ 0.63		   $ 0.49</p>
<p> Net			 24,100		   18,200</p>
<p> Revs		     178,900		  132,000</p>
<p> Avg shrs primary	38,000		   37,200</p>
<p>	   6 MONTHS</p>
<p> Shr primary	     $ 0.97		   $ 0.70</p>
<p> Net			 36,700		   26,000</p>
<p> Revs		     303,000		  221,500</p>
<p> Avg shrs primary	37,700		   37,000</p>
<p>(All data above 000s except per share numbers)</p>
<p>NOTE: Second Quarter ended September 30, 1996.</p>
<p>-- New York Newsdesk +1 212 859 1610</p>
</text>
<copyright>(c) Reuters Limited 1996</copyright>
<metadata>
<codes class="bip:countries:1.0">
  <code code="USA">
    <editdetail attribution="Reuters BIP Coding Group" action="confirmed" date="1996-11-04"/>
  </code>
</codes>
<codes class="bip:industries:1.0">
  <code code="I45300">
    <editdetail attribution="Reuters BIP Coding Group" action="confirmed" date="1996-11-04"/>
  </code>
</codes>
<codes class="bip:topics:1.0">
  <code code="C15">
    <editdetail attribution="Reuters BIP Coding Group" action="confirmed" date="1996-11-04"/>
  </code>
  <code code="C151">
    <editdetail attribution="Reuters BIP Coding Group" action="confirmed" date="1996-11-04"/>
  </code>
  <code code="CCAT">
    <editdetail attribution="Reuters BIP Coding Group" action="confirmed" date="1996-11-04"/>
  </code>
</codes>
<dc element="dc.date.created" value="1996-11-04"/>
<dc element="dc.publisher" value="Reuters Holdings Plc"/>
<dc element="dc.date.published" value="1996-11-04"/>
<dc element="dc.source" value="Reuters"/>
<dc element="dc.creator.location" value="NEW YORK"/>
<dc element="dc.creator.location.country.name" value="USA"/>
<dc element="dc.source" value="Reuters"/>
</metadata>
</newsitem>
