<?xml version="1.0" encoding="iso-8859-1" ?>
<newsitem itemid="517139" id="root" date="1997-04-17" xml:lang="en">
<title>MEXICO: Banco de Mexico to drain 9.068 bln pesos.</title>
<headline>Banco de Mexico to drain 9.068 bln pesos.</headline>
<dateline>MEXICO CITY 1997-04-17</dateline>
<text>
<p>Banco de Mexico sought to drain 9.754 billion pesos from the secondary market on Thursday, dealers said.</p>
<p>Dealers said they had no further details as to how the central bank intended to drain liquidity. (( --Mexico City newsroom +525 728-9559))</p>
</text>
<copyright>(c) Reuters Limited 1997</copyright>
<metadata>
<codes class="bip:countries:1.0">
  <code code="MEX">
    <editdetail attribution="Reuters BIP Coding Group" action="confirmed" date="1997-04-17"/>
  </code>
</codes>
<codes class="bip:topics:1.0">
  <code code="M13">
    <editdetail attribution="Reuters BIP Coding Group" action="confirmed" date="1997-04-17"/>
  </code>
  <code code="M131">
    <editdetail attribution="Reuters BIP Coding Group" action="confirmed" date="1997-04-17"/>
  </code>
  <code code="MCAT">
    <editdetail attribution="Reuters BIP Coding Group" action="confirmed" date="1997-04-17"/>
  </code>
</codes>
<dc element="dc.date.created" value="1997-04-17"/>
<dc element="dc.publisher" value="Reuters Holdings Plc"/>
<dc element="dc.date.published" value="1997-04-17"/>
<dc element="dc.source" value="Reuters"/>
<dc element="dc.creator.location" value="MEXICO CITY"/>
<dc element="dc.creator.location.country.name" value="MEXICO"/>
<dc element="dc.source" value="Reuters"/>
</metadata>
</newsitem>
