<?xml version="1.0" encoding="iso-8859-1" ?>
<newsitem itemid="102485" id="root" date="1996-10-08" xml:lang="en">
<title>PHILIPPINES: Merrill Lynch wants in on Manila peso bond issue.</title>
<headline>Merrill Lynch wants in on Manila peso bond issue.</headline>
<dateline>MANILA 1996-10-08</dateline>
<text>
<p>A Philippine Central bank official said on Tuesday that Merrill Lynch had become the third international investment house to express interest in lead managing an inaugural Philippine peso eurobond issue.</p>
<p>The U.S.-based institution had proposed a similar sized &quot;europeso&quot; issue, of 1.3 to 2.0 billon pesos, as the two earlier proposals, Cristina Que-Orbetta, director of the bank's management of external debt department, told reporters.</p>
<p>The other two institutions were Deutsche Morgan Grenfell and ING-Barings.</p>
<p>Que-Orbetta said the bank was considering the proposals and would particularly have to weigh the impact of such an issue on the peso market.</p>
<p>Although committed to an open foreign exchange market, the bank maintains a constant vigil on the peso and frequently intervenes to prevent sharp fluctuations.</p>
<p>--Manila newsroom (632) 841-8914</p>
</text>
<copyright>(c) Reuters Limited 1996</copyright>
<metadata>
<codes class="bip:countries:1.0">
  <code code="PHLNS">
    <editdetail attribution="Reuters BIP Coding Group" action="confirmed" date="1996-10-08"/>
  </code>
</codes>
<codes class="bip:industries:1.0">
  <code code="I81402">
    <editdetail attribution="Reuters BIP Coding Group" action="confirmed" date="1996-10-08"/>
  </code>
  <code code="I83100">
    <editdetail attribution="Reuters BIP Coding Group" action="confirmed" date="1996-10-08"/>
  </code>
</codes>
<codes class="bip:topics:1.0">
  <code code="C33">
    <editdetail attribution="Reuters BIP Coding Group" action="confirmed" date="1996-10-08"/>
  </code>
  <code code="CCAT">
    <editdetail attribution="Reuters BIP Coding Group" action="confirmed" date="1996-10-08"/>
  </code>
  <code code="E21">
    <editdetail attribution="Reuters BIP Coding Group" action="confirmed" date="1996-10-08"/>
  </code>
  <code code="E212">
    <editdetail attribution="Reuters BIP Coding Group" action="confirmed" date="1996-10-08"/>
  </code>
  <code code="ECAT">
    <editdetail attribution="Reuters BIP Coding Group" action="confirmed" date="1996-10-08"/>
  </code>
</codes>
<dc element="dc.date.created" value="1996-10-08"/>
<dc element="dc.publisher" value="Reuters Holdings Plc"/>
<dc element="dc.date.published" value="1996-10-08"/>
<dc element="dc.source" value="Reuters"/>
<dc element="dc.creator.location" value="MANILA"/>
<dc element="dc.creator.location.country.name" value="PHILIPPINES"/>
<dc element="dc.source" value="Reuters"/>
</metadata>
</newsitem>
