<?xml version="1.0" encoding="iso-8859-1" ?>
<newsitem itemid="697225" id="root" date="1997-06-30" xml:lang="en">
<title>ITALY: Italy state railways lose 3.84 trln lire in 1996.</title>
<headline>Italy state railways lose 3.84 trln lire in 1996.</headline>
<dateline>ROME 1997-06-30</dateline>
<text>
<p>Italy's state-owned rail company Ferrovie dello Stato (FS) lost 3.84 trillion lire at the parent level last year against a 1.58 trillion lire loss in 1995, the company said in a statement on Monday.</p>
<p>At a consolidated level, FS plunged 3.90 trillion lire into the red.</p>
<p>The railway said its results had been weighed down by a decision to put aside 2.2 trillion lire of funds in case the government decided to withhold transfers of cash to the company in a bid to keep the state deficit down.</p>
<p>Prime Minister Romano Prodi has indicated that transfer of funds to state bodies may be cut in the 1998 budget.</p>
<p>FS said parent company turnover was 14.04 trillion lire in 1996, while group turnover hit 14.75 trillion lire.</p>
<p>Personnel costs rose 9.5 percent to 950 billion lire despite a 3,000 reduction in the workforce from end-1995 levels. The statement said the jump in costs was largely due to a switch in contracts offered to employees.</p>
<p>In the first five months of 1997, freight traffic rose 4.2 percent, in terms of tonnes moved per kilometre, compared with the same period last year.</p>
<p>The statement added that passenger traffic also increased between January and May, but did not specify by how much.</p>
<p>-- Rome newsroom +396 6782501</p>
</text>
<copyright>(c) Reuters Limited 1997</copyright>
<metadata>
<codes class="bip:countries:1.0">
  <code code="ITALY">
    <editdetail attribution="Reuters BIP Coding Group" action="confirmed" date="1997-06-30"/>
  </code>
</codes>
<codes class="bip:industries:1.0">
  <code code="I71000">
    <editdetail attribution="Reuters BIP Coding Group" action="confirmed" date="1997-06-30"/>
  </code>
</codes>
<codes class="bip:topics:1.0">
  <code code="C15">
    <editdetail attribution="Reuters BIP Coding Group" action="confirmed" date="1997-06-30"/>
  </code>
  <code code="C151">
    <editdetail attribution="Reuters BIP Coding Group" action="confirmed" date="1997-06-30"/>
  </code>
  <code code="C1511">
    <editdetail attribution="Reuters BIP Coding Group" action="confirmed" date="1997-06-30"/>
  </code>
  <code code="CCAT">
    <editdetail attribution="Reuters BIP Coding Group" action="confirmed" date="1997-06-30"/>
  </code>
</codes>
<dc element="dc.date.created" value="1997-06-30"/>
<dc element="dc.publisher" value="Reuters Holdings Plc"/>
<dc element="dc.date.published" value="1997-06-30"/>
<dc element="dc.source" value="Reuters"/>
<dc element="dc.creator.location" value="ROME"/>
<dc element="dc.creator.location.country.name" value="ITALY"/>
<dc element="dc.source" value="Reuters"/>
</metadata>
</newsitem>
