<?xml version="1.0" encoding="iso-8859-1" ?>
<newsitem itemid="406061" id="root" date="1997-02-26" xml:lang="en">
<title>FRANCE: PRESS DIGEST - Algeria - Feb 26.</title>
<headline>PRESS DIGEST - Algeria - Feb 26.</headline>
<dateline>PARIS 1997-02-26</dateline>
<text>
<p>These are the leading stories in the Algerian press on Wednesday. Reuters has not verified these stories and does not vouch for their accuracy.</p>
<p>AL KHABAR</p>
<p>- The government and workers' union reached a draft accord to raise salaries and avoid laying off workers in the state service.</p>
<p>LA TRIBUNE</p>
<p>- Algeria's oil and gas exports valued at about $12.5 billion in 1996.</p>
<p>- Security forces kill seven &quot;terrorists&quot; in Algiers.</p>
<p>EL MOUDJAHID</p>
<p>- The government will stop importing cement next July.</p>
<p>EL WATAN</p>
<p>- Several French ministers and businessmen to visit Algiers soon. Prime Minister Alain Juppe will pay an official visit to Algiers before the Algerian parliamentary elections to be held in May or June.</p>
<p>LIBERTE</p>
<p>- The govenment considers a new family law banning polygamy.</p>
</text>
<copyright>(c) Reuters Limited 1997</copyright>
<metadata>
<codes class="bip:countries:1.0">
  <code code="ALG">
    <editdetail attribution="Reuters BIP Coding Group" action="confirmed" date="1997-02-26"/>
  </code>
</codes>
<codes class="bip:topics:1.0">
  <code code="GCAT">
    <editdetail attribution="Reuters BIP Coding Group" action="confirmed" date="1997-02-26"/>
  </code>
</codes>
<dc element="dc.date.created" value="1997-02-26"/>
<dc element="dc.publisher" value="Reuters Holdings Plc"/>
<dc element="dc.date.published" value="1997-02-26"/>
<dc element="dc.source" value="Reuters"/>
<dc element="dc.creator.location" value="PARIS"/>
<dc element="dc.creator.location.country.name" value="FRANCE"/>
<dc element="dc.source" value="Reuters"/>
</metadata>
</newsitem>
