<?xml version="1.0" encoding="iso-8859-1" ?>
<newsitem itemid="252497" id="root" date="1996-12-12" xml:lang="en">
<title>USA: Richmond, Va., notes rated A1/VMIG-1 by Moody's.</title>
<headline>Richmond, Va., notes rated A1/VMIG-1 by Moody's.</headline>
<text>
<p>NEW YORK, Dec 12 - Moody's Investors Service - Rating Announcement As of 12/10/96.</p>
<p>Issuer		: Richmond G.O. Variable Rate Demand (Bans)</p>
<p>			  Ser. A</p>
<p>State		 : VA</p>
<p>Rating		: A1/VMIG 1</p>
<p>Sale Amount	 : 74,300,000</p>
<p>Expected Sale Date: 12/16/96</p>
</text>
<copyright>(c) Reuters Limited 1996</copyright>
<metadata>
<codes class="bip:countries:1.0">
  <code code="USA">
    <editdetail attribution="Reuters BIP Coding Group" action="confirmed" date="1996-12-12"/>
  </code>
</codes>
<codes class="bip:topics:1.0">
  <code code="C17">
    <editdetail attribution="Reuters BIP Coding Group" action="confirmed" date="1996-12-12"/>
  </code>
  <code code="C174">
    <editdetail attribution="Reuters BIP Coding Group" action="confirmed" date="1996-12-12"/>
  </code>
  <code code="CCAT">
    <editdetail attribution="Reuters BIP Coding Group" action="confirmed" date="1996-12-12"/>
  </code>
  <code code="E21">
    <editdetail attribution="Reuters BIP Coding Group" action="confirmed" date="1996-12-12"/>
  </code>
  <code code="E212">
    <editdetail attribution="Reuters BIP Coding Group" action="confirmed" date="1996-12-12"/>
  </code>
  <code code="ECAT">
    <editdetail attribution="Reuters BIP Coding Group" action="confirmed" date="1996-12-12"/>
  </code>
</codes>
<dc element="dc.publisher" value="Reuters Holdings Plc"/>
<dc element="dc.date.published" value="1996-12-12"/>
<dc element="dc.source" value="Reuters"/>
<dc element="dc.creator.location.country.name" value="USA"/>
<dc element="dc.source" value="Reuters"/>
</metadata>
</newsitem>
