<?xml version="1.0" encoding="iso-8859-1" ?>
<newsitem itemid="206705" id="root" date="1996-11-21" xml:lang="en">
<title>USA: FINAL PRICING - Northumberland Cty Auth., Pa.</title>
<headline>FINAL PRICING - Northumberland Cty Auth., Pa.</headline>
<text>
<p>NORTHUMBERLAND COUNTY AUTHORITY, PENNSYLVANIA</p>
<p>RE: $8,500,000*</p>
<p>GUARANTEED REVENUE BONDS</p>
<p>SERIES OF 1996</p>
<p>REGISTERED</p>
<p>NOT BANK QUALIFIED</p>
<p>RECEIVED THE OFFICIAL AWARD.</p>
<p>TRADE DATE AND CUSIP WIRE TO FOLLOW.</p>
<p>THE FOLLOWING BALANCES ARE AVAILABLE:</p>
<p>MATURITY    AMOUNT</p>
<p>--------    ------</p>
<p>2000	   25M</p>
<p>2001	  215M</p>
<p>2002	    5M</p>
<p>MOODY'S: Aaa		   S&amp;P: NR</p>
<p>MBIA INSURED</p>
<p>DATED: 12/01/1996</p>
<p>FIRST COUPON: 06/01/1997</p>
<p>DUE: 12/01</p>
<p> MATURITY		AMOUNT*    COUPON	   PRICE</p>
<p>12/01/1997		  615M    4.00  %	  3.60</p>
<p>						 (Approx. $ Price 100.38)</p>
<p>12/01/1998		  655M    4.00  %	  3.95</p>
<p>						 (Approx. $ Price 100.093)</p>
<p>12/01/1999		  675M    4.15  %	100.00</p>
<p>12/01/2000		  715M    4.25  %	100.00</p>
<p>12/01/2001		  740M    4.35  %	100.00</p>
<p>12/01/2002		  290M    4.45  %	100.00</p>
<p>12/01/2003		  300M    4.55  %	  4.60</p>
<p>						 (Approx. $ Price 99.703)</p>
<p>12/01/2004		  315M    4.65  %	  4.70</p>
<p>						 (Approx. $ Price 99.669)</p>
<p>12/01/2005		  335M    4.75  %	  4.80</p>
<p>						 (Approx. $ Price 99.637)</p>
<p>12/01/2006		  345M    4.85  %	  4.90</p>
<p>						 (Approx. $ Price 99.607)</p>
<p>12/01/2007		  280M    5.00  %	100.00</p>
<p>12/01/2008		  285M    5.00  %	  5.10</p>
<p>						 (Approx. $ Price 99.11)</p>
<p>12/01/2009		  300M    5.10  %	  5.20</p>
<p>						 (Approx. $ Price 99.063)</p>
<p>12/01/2010		  315M    5.25  %	  5.35</p>
<p>						 (Approx. $ Price 99.022)</p>
<p>12/01/2011		  340M    5.30  %	  5.40</p>
<p>						 (Approx. $ Price 98.98)</p>
<p>12/01/2012		  360M    5.40  %	  5.50</p>
<p>						 (Approx. $ Price 98.944)</p>
<p>12/01/2016		1,635M    5.50  %	  5.60</p>
<p>						 (Approx. $ Price 98.805)</p>
<p>CALL FEATURES: 12/01/2003    100.00</p>
<p>* - APPROXIMATE SUBJECT TO CHANGE</p>
<p>Delivery is expected on December 9, 1996.</p>
<p>This issue is pending through DTC.</p>
<p>Wheat First Butcher Singer</p>
<p>PNC Capital Markets, Inc.</p>
<p>Legg Mason Wood Walker, Inc.</p>
<p>--U.S. Municipal Desk, 212-859-1650</p>
</text>
<copyright>(c) Reuters Limited 1996</copyright>
<metadata>
<codes class="bip:countries:1.0">
  <code code="USA">
    <editdetail attribution="Reuters BIP Coding Group" action="confirmed" date="1996-11-21"/>
  </code>
</codes>
<codes class="bip:topics:1.0">
  <code code="E21">
    <editdetail attribution="Reuters BIP Coding Group" action="confirmed" date="1996-11-21"/>
  </code>
  <code code="E212">
    <editdetail attribution="Reuters BIP Coding Group" action="confirmed" date="1996-11-21"/>
  </code>
  <code code="ECAT">
    <editdetail attribution="Reuters BIP Coding Group" action="confirmed" date="1996-11-21"/>
  </code>
</codes>
<dc element="dc.publisher" value="Reuters Holdings Plc"/>
<dc element="dc.date.published" value="1996-11-21"/>
<dc element="dc.source" value="Reuters"/>
<dc element="dc.creator.location.country.name" value="USA"/>
<dc element="dc.source" value="Reuters"/>
</metadata>
</newsitem>
