<?xml version="1.0" encoding="iso-8859-1" ?>
<newsitem itemid="46344" id="root" date="1996-09-11" xml:lang="en">
<title>PHILIPPINES: Philippine firm rejects bids for 35,000T wheat.</title>
<headline>Philippine firm rejects bids for 35,000T wheat.</headline>
<dateline>MANILA 1996-09-11</dateline>
<text>
<p>A Philippine flour mill rejected on Wednesday bids for 35,000 tonnes of U.S. spring wheat for October delivery, traders said.  </p>
<p>&quot;The flour mill decided not to buy because of the high offers,&quot; a trader who participated in the bidding told Reuters.</p>
<p>Philippine flour mills have bought 101,900 tonnes of U.S. wheat, incuding 35,000 tonnes of soft winter wheat rejected by China, since last week, traders said.</p>
<p>--Manila newsroom (632) 841-8936, fax 817-6267</p>
</text>
<copyright>(c) Reuters Limited 1996</copyright>
<metadata>
<codes class="bip:countries:1.0">
  <code code="PHLNS">
    <editdetail attribution="Reuters BIP Coding Group" action="confirmed" date="1996-09-11"/>
  </code>
  <code code="USA">
    <editdetail attribution="Reuters BIP Coding Group" action="confirmed" date="1996-09-11"/>
  </code>
</codes>
<codes class="bip:topics:1.0">
  <code code="M14">
    <editdetail attribution="Reuters BIP Coding Group" action="confirmed" date="1996-09-11"/>
  </code>
  <code code="M141">
    <editdetail attribution="Reuters BIP Coding Group" action="confirmed" date="1996-09-11"/>
  </code>
  <code code="MCAT">
    <editdetail attribution="Reuters BIP Coding Group" action="confirmed" date="1996-09-11"/>
  </code>
</codes>
<dc element="dc.date.created" value="1996-09-11"/>
<dc element="dc.publisher" value="Reuters Holdings Plc"/>
<dc element="dc.date.published" value="1996-09-11"/>
<dc element="dc.source" value="Reuters"/>
<dc element="dc.creator.location" value="MANILA"/>
<dc element="dc.creator.location.country.name" value="PHILIPPINES"/>
<dc element="dc.source" value="Reuters"/>
</metadata>
</newsitem>
