<?xml version="1.0" encoding="iso-8859-1" ?>
<newsitem itemid="750854" id="root" date="1997-07-23" xml:lang="en">
<title>GERMANY: Kinkel says EU must strengthen Airbus.</title>
<headline>Kinkel says EU must strengthen Airbus.</headline>
<dateline>BONN 1997-07-23</dateline>
<text>
<p>German Foreign Minister Klaus Kinkel on Wednesday said Europe must focus on strengthening the Airbus consortium in response to a planned merger of Boeing and McDonnell Douglas rather than block the $14 billion merger.</p>
<p>Speaking in an interview with German Radio, Kinkel said it might be necessary for European countries to provide public aid to Airbus to help the European aerospace group stay competitive in the face of new challenges from the United States.  </p>
<p>&quot;The point is not that we act against something with legal measures -- that might be necessary and correct regarding Europe -- but rather the point is to make a decision regarding industry policy,&quot; Kinkel said.</p>
<p>&quot;The point is that the Americans are leaving us behind in the aerospace industry and aerospace technology as a result of this merger and that we must make a decision regarding European industry policy and that can only mean that we strengthen Airbus,&quot; he added.</p>
<p>Kinkel indicated this could mean providing subsidies for the consortium owned by Daimler-Benz Aerospace, Aerospatiale, British Aerospace and Spain's Casa.</p>
<p>&quot;It won't be possible any other way, but we must join together as Europeans and we must see that we remain competitive against the dominance of the American market in this area,&quot; he said.</p>
<p>-- William Boston, Bonn Newsroom, 49 228 260976 150</p>
</text>
<copyright>(c) Reuters Limited 1997</copyright>
<metadata>
<codes class="bip:countries:1.0">
  <code code="EEC">
    <editdetail attribution="Reuters BIP Coding Group" action="confirmed" date="1997-07-23"/>
  </code>
  <code code="GFR">
    <editdetail attribution="Reuters BIP Coding Group" action="confirmed" date="1997-07-23"/>
  </code>
  <code code="USA">
    <editdetail attribution="Reuters BIP Coding Group" action="confirmed" date="1997-07-23"/>
  </code>
</codes>
<codes class="bip:industries:1.0">
  <code code="I35000">
    <editdetail attribution="Reuters BIP Coding Group" action="confirmed" date="1997-07-23"/>
  </code>
  <code code="I36400">
    <editdetail attribution="Reuters BIP Coding Group" action="confirmed" date="1997-07-23"/>
  </code>
  <code code="I3640010">
    <editdetail attribution="Reuters BIP Coding Group" action="confirmed" date="1997-07-23"/>
  </code>
</codes>
<codes class="bip:topics:1.0">
  <code code="C13">
    <editdetail attribution="Reuters BIP Coding Group" action="confirmed" date="1997-07-23"/>
  </code>
  <code code="C17">
    <editdetail attribution="Reuters BIP Coding Group" action="confirmed" date="1997-07-23"/>
  </code>
  <code code="C18">
    <editdetail attribution="Reuters BIP Coding Group" action="confirmed" date="1997-07-23"/>
  </code>
  <code code="C181">
    <editdetail attribution="Reuters BIP Coding Group" action="confirmed" date="1997-07-23"/>
  </code>
  <code code="C34">
    <editdetail attribution="Reuters BIP Coding Group" action="confirmed" date="1997-07-23"/>
  </code>
  <code code="CCAT">
    <editdetail attribution="Reuters BIP Coding Group" action="confirmed" date="1997-07-23"/>
  </code>
  <code code="G15">
    <editdetail attribution="Reuters BIP Coding Group" action="confirmed" date="1997-07-23"/>
  </code>
  <code code="G152">
    <editdetail attribution="Reuters BIP Coding Group" action="confirmed" date="1997-07-23"/>
  </code>
  <code code="G157">
    <editdetail attribution="Reuters BIP Coding Group" action="confirmed" date="1997-07-23"/>
  </code>
  <code code="GCAT">
    <editdetail attribution="Reuters BIP Coding Group" action="confirmed" date="1997-07-23"/>
  </code>
</codes>
<dc element="dc.date.created" value="1997-07-23"/>
<dc element="dc.publisher" value="Reuters Holdings Plc"/>
<dc element="dc.date.published" value="1997-07-23"/>
<dc element="dc.source" value="Reuters"/>
<dc element="dc.creator.location" value="BONN"/>
<dc element="dc.creator.location.country.name" value="GERMANY"/>
<dc element="dc.source" value="Reuters"/>
</metadata>
</newsitem>
