<?xml version="1.0" encoding="iso-8859-1" ?>
<newsitem itemid="553835" id="root" date="1997-05-01" xml:lang="en">
<title>USA: Major feedlot daily weighted averages - USDA.</title>
<headline>Major feedlot daily weighted averages - USDA.</headline>
<dateline>OMAHA 1997-05-01</dateline>
<text>
<p>5 Area Daily Weighted Averages for Wednesday, April 30, 1997</p>
<p>Texas-Okla; Kansas; Colorado; Nebraska; Iowa-So. Minn Feedlots</p>
<p>Confirmed:	329,311  Week Ago:  74,483  Last Year: 169,511</p>
<p>Week to Date:   362,365  Week Ago: 277,180  Last Year: 208,437</p>
<p>Live Basis Sales  Weight/lbs    Price/dollars Weighted Averages</p>
<p>Slaughter Steers (Beef Breeds)</p>
<p>    351 CH   80-100%	1253	  $69.31 1253 lbs  $69.31</p>
<p>6,531 SE/CH 65-80% 1237-1240 $67.98-$68.60 1238 lbs  $68.19</p>
<p>109,478 SE/CH 35-65% 1177-1220 $67.85-$68.00 1188 lbs  $67.99</p>
<p>2,693 SE/CH 20-35% 1111-1194 $67.00-$67.17 1137 lbs  $67.05</p>
<p>Live Basis Sales    Weight/lbs Price/dollars    Weighted Averages</p>
<p>Slaughter Heifers (Beef Breeds)</p>
<p>   450 CH   80-100%	1162	  $69.21 1162 lbs  $69.21</p>
<p>4,198 SE/CH 65-80% 1122-1158 $67.92-$67.96 1134 lbs  $67.95 52,255 SE/CH 35-65% 1052-1116 $67.81-$67.98 1078 lbs  $67.94  1,808 SE/CH 20-35% 1053-1090	  $67.00 1059 lbs  $67.00</p>
<p>   158 SE     0-20%	1017	  $66.00 1017 lbs  $66.00</p>
<p>Dressed Basis Sales Weight/lbs Price/dollars    Weighted Averages</p>
<p>Slaughter Steers (Beef Breeds)</p>
<p>   464 CH   80-100%	1289	   $111.00 1289 lbs $111.00</p>
<p>39,445 SE/CH 65-80% 1220-1247 $110.02-$110.39 1229 lbs $110.15 37,708 SE/CH 35-65% 1168-1214 $109.10-$110.38 1210 lbs $109.78  </p>
<p>Dressed Basis Sales Weight/lbs  Price/dollars  Weighted Averages Slaughter Heifers (Beef Breeds) 22,999 SE/CH 65-80% 1104-1152 $109.95-$110.09 1125 lbs $110.01 22,622 SE/CH 35-65% 1061-1150 $109.08-$110.31 1085 lbs $109.60</p>
<p>Wednesday's Daily Weighted Averages (Beef Breeds) : Live Steer     : 1190  lbs   -    $67.99 -119,053 Hd.</p>
<p>Live Heifer    : 1081  lbs   -    $67.92 - 58,869 Hd.</p>
<p>Dressed Steer  : 1220  lbs   -   $109.98 - 77,617 Hd.</p>
<p>Dressed Heifer : 1105  lbs   -   $109.81 - 45,621 Hd.</p>
<p>Total Other:  28,151 Hd.	Total Weighted -301,160 Hd.</p>
<p>Week Ago Weighted Averages: Live Steer     : 1180  lbs   -    $68.11</p>
<p>Live Heifer    : 1082  lbs   -    $68.41</p>
<p>Dressed Steer  : 1236  lbs   -   $111.18</p>
<p>Dressed Heifer : 1111  lbs   -   $111.03</p>
<p>Year Ago Weighted Averages: Live Steer     : 1202  lbs   -    $57.49</p>
<p>Live Heifer    : 1092  lbs   -    $57.50</p>
<p>Dressed Steer  : 1235  lbs   -    $89.59</p>
<p>Dressed Heifer : 1127  lbs   -    $89.61</p>
</text>
<copyright>(c) Reuters Limited 1997</copyright>
<metadata>
<codes class="bip:countries:1.0">
  <code code="USA">
    <editdetail attribution="Reuters BIP Coding Group" action="confirmed" date="1997-05-01"/>
  </code>
</codes>
<codes class="bip:topics:1.0">
  <code code="M14">
    <editdetail attribution="Reuters BIP Coding Group" action="confirmed" date="1997-05-01"/>
  </code>
  <code code="M141">
    <editdetail attribution="Reuters BIP Coding Group" action="confirmed" date="1997-05-01"/>
  </code>
  <code code="MCAT">
    <editdetail attribution="Reuters BIP Coding Group" action="confirmed" date="1997-05-01"/>
  </code>
</codes>
<dc element="dc.date.created" value="1997-05-01"/>
<dc element="dc.publisher" value="Reuters Holdings Plc"/>
<dc element="dc.date.published" value="1997-05-01"/>
<dc element="dc.source" value="Reuters"/>
<dc element="dc.creator.location" value="OMAHA"/>
<dc element="dc.creator.location.country.name" value="USA"/>
<dc element="dc.source" value="Reuters"/>
</metadata>
</newsitem>
