<?xml version="1.0" encoding="iso-8859-1" ?>
<newsitem itemid="450768" id="root" date="1997-03-18" xml:lang="en">
<title>BANGLADESH: Bangladesh buys white sugar at $347.47 per tonne.</title>
<headline>Bangladesh buys white sugar at $347.47 per tonne.</headline>
<dateline>DHAKA 1997-03-18</dateline>
<text>
<p>Bangladesh's state-owned Sugar and Food Corporation has bought 25,000 tonnes of white sugar at C &amp; F $347.47 per tonne for shipment by May 1, corporation officials said on Tuesday.</p>
<p>They said G. Premjee of Britain was awarded the deal following a weekend bidding. The first installment of 12,500 tonnes should reach the southeastern Chittagong port by April 25.</p>
</text>
<copyright>(c) Reuters Limited 1997</copyright>
<metadata>
<codes class="bip:countries:1.0">
  <code code="BANDH">
    <editdetail attribution="Reuters BIP Coding Group" action="confirmed" date="1997-03-18"/>
  </code>
</codes>
<codes class="bip:topics:1.0">
  <code code="M14">
    <editdetail attribution="Reuters BIP Coding Group" action="confirmed" date="1997-03-18"/>
  </code>
  <code code="M141">
    <editdetail attribution="Reuters BIP Coding Group" action="confirmed" date="1997-03-18"/>
  </code>
  <code code="MCAT">
    <editdetail attribution="Reuters BIP Coding Group" action="confirmed" date="1997-03-18"/>
  </code>
</codes>
<dc element="dc.date.created" value="1997-03-18"/>
<dc element="dc.publisher" value="Reuters Holdings Plc"/>
<dc element="dc.date.published" value="1997-03-18"/>
<dc element="dc.source" value="Reuters"/>
<dc element="dc.creator.location" value="DHAKA"/>
<dc element="dc.creator.location.country.name" value="BANGLADESH"/>
<dc element="dc.source" value="Reuters"/>
</metadata>
</newsitem>
