<?xml version="1.0" encoding="iso-8859-1" ?>
<newsitem itemid="635720" id="root" date="1997-06-03" xml:lang="en">
<title>FINLAND: PRESS DIGEST - Finland - June 3.</title>
<headline>PRESS DIGEST - Finland - June 3.</headline>
<dateline>HELSINKI 1997-06-03</dateline>
<text>
<p>The following are some of the leading stories in Finnish papers this morning.</p>
<p>HELSINGIN SANOMAT</p>
<p>- Sweden will get an immoderate advantage in the sawn timber industry if it stays out of the third phase of EMU and the crown depreciates, warns Jukka Harmala, chairman of the Central Union of Agricultural Producers and Forest Owners (MTK).</p>
<p>- Stock issues of the newly listed companies have been immensely popular on Helsinki stock exchange.</p>
<p>- Economy continues to have balanced growth and unemployment will fall to 13 percent next year, finance ministry forecasts.</p>
<p>- Finlandia House will after all be covered with marble plaques, Helsinki city council decided on Monday.</p>
<p>- State broadcaster YLE will start experimenting with digital transmissions already next autumn.</p>
<p>- Investigation of economic crimes should be centralised in a wholly new authority formed by economic crime prosecutors and police, researchers say.</p>
<p>KAUPPALEHTI</p>
<p>- New state budget will continue the line of stringent savings, but no new cuts planned, Prime Minister Lipponen says.</p>
<p>- Multinational brand producer Procter &amp; Gamble annoyed by Finland's campaign for domestic products, saying it harms competition.</p>
<p>- Housing and construction subsidies will be cut to achieve billions of markka savings in tax burden and expenses, working group at finance ministry plans.</p>
<p>- Brokerage Carnegie rumoured to be buying Erik Selin.</p>
<p>- Construction company Onninen plans to become market leader in Lithuania.</p>
<p>AAMULEHTI</p>
<p>- No reason to assume anything will change after French elections, Lipponen says.</p>
<p>- Only a few women lead as executives in Finnish companies.</p>
<p>TURUN SANOMAT</p>
<p>- Regional telephone company Turun Puhelin to be sold to provincial LSP-group formed by local telephone companies, Turku city council decided on Monday.</p>
<p>DEMARI</p>
<p>- Finnish decision makers do not believe French leftist election win will change EMU timetable, but it will raise discussion about the substance of monetary union.</p>
<p>-- Nora Hallberg, Helsinki Newsroom +358-9-680 50 292</p>
</text>
<copyright>(c) Reuters Limited 1997</copyright>
<metadata>
<codes class="bip:countries:1.0">
  <code code="EEC">
    <editdetail attribution="Reuters BIP Coding Group" action="confirmed" date="1997-06-03"/>
  </code>
  <code code="FIN">
    <editdetail attribution="Reuters BIP Coding Group" action="confirmed" date="1997-06-03"/>
  </code>
</codes>
<codes class="bip:topics:1.0">
  <code code="GCAT">
    <editdetail attribution="Reuters BIP Coding Group" action="confirmed" date="1997-06-03"/>
  </code>
</codes>
<dc element="dc.date.created" value="1997-06-03"/>
<dc element="dc.publisher" value="Reuters Holdings Plc"/>
<dc element="dc.date.published" value="1997-06-03"/>
<dc element="dc.source" value="Reuters"/>
<dc element="dc.creator.location" value="HELSINKI"/>
<dc element="dc.creator.location.country.name" value="FINLAND"/>
<dc element="dc.source" value="Reuters"/>
</metadata>
</newsitem>
