<?xml version="1.0" encoding="iso-8859-1" ?>
<newsitem itemid="664113" id="root" date="1997-06-16" xml:lang="en">
<title>UK: Ldn silver fixes barely changed, very quiet.</title>
<headline>Ldn silver fixes barely changed, very quiet.</headline>
<text>
<p>SILVER - Fixes at 470.50 cents versus 471.00 on Friday. Extremely quiet, trading in a tiny range.</p>
<p>GOLD - Slightly easier at $340.90/$341.20, down 40 cents. Listless, rangebound above $340.00.</p>
<p>PLATINUM - Barely moving at $434.00/438.00, down $3.</p>
<p>PALLADIUM - Up $2.00 at $204.00/$208.00.</p>
</text>
<copyright>(c) Reuters Limited 1997</copyright>
<metadata>
<codes class="bip:countries:1.0">
  <code code="UK">
    <editdetail attribution="Reuters BIP Coding Group" action="confirmed" date="1997-06-16"/>
  </code>
</codes>
<codes class="bip:topics:1.0">
  <code code="M14">
    <editdetail attribution="Reuters BIP Coding Group" action="confirmed" date="1997-06-16"/>
  </code>
  <code code="M142">
    <editdetail attribution="Reuters BIP Coding Group" action="confirmed" date="1997-06-16"/>
  </code>
  <code code="MCAT">
    <editdetail attribution="Reuters BIP Coding Group" action="confirmed" date="1997-06-16"/>
  </code>
</codes>
<dc element="dc.publisher" value="Reuters Holdings Plc"/>
<dc element="dc.date.published" value="1997-06-16"/>
<dc element="dc.source" value="Reuters"/>
<dc element="dc.creator.location.country.name" value="UK"/>
<dc element="dc.source" value="Reuters"/>
</metadata>
</newsitem>
