<?xml version="1.0" encoding="iso-8859-1" ?>
<newsitem itemid="727767" id="root" date="1997-07-14" xml:lang="en">
<title>CYPRUS: PRESS DIGEST - Cyprus - July 14.</title>
<headline>PRESS DIGEST - Cyprus - July 14.</headline>
<dateline>NICOSIA 1997-07-14</dateline>
<text>
<p>These are the leading stories in the Greek Cypriot press on Monday. Reuters has not verified these reports and does not vouch for their accuracy.</p>
<p>ALITHIA</p>
<p>- The United Nations strive for a solution to the Cyprus problem in 1998, and will seek an agreement between the two sides at the next round of talks at Montreaux, Switzerland, for the two communities to proceed with drawing up a constitution for the new federal state.</p>
<p>- Telephone operators at hospitals demand pay rises and threaten to go on strike on July 23.</p>
<p>HARAVGHI</p>
<p>- President Glafcos Clerides has given a committment he will be present at the next round of talks.</p>
<p>PHILELEPHTHEROS</p>
<p>- The United States kept its distance from the U.N. talks. US presidential emissary Richard Holbrooke meets Clerides and Turkish Cypriot leader Rauf Denktash today.</p>
<p>- The cruise business in Cyprus is booming. Six cruise boats sail from Cyprus almost daily for trips in the region.</p>
<p>SIMERINI</p>
<p>- The state loses millions of pounds each year from inexcusable delays in carrying out development projects already included in annual budgets.</p>
</text>
<copyright>(c) Reuters Limited 1997</copyright>
<metadata>
<codes class="bip:countries:1.0">
  <code code="CYPR">
    <editdetail attribution="Reuters BIP Coding Group" action="confirmed" date="1997-07-14"/>
  </code>
</codes>
<codes class="bip:topics:1.0">
  <code code="GCAT">
    <editdetail attribution="Reuters BIP Coding Group" action="confirmed" date="1997-07-14"/>
  </code>
</codes>
<dc element="dc.date.created" value="1997-07-14"/>
<dc element="dc.publisher" value="Reuters Holdings Plc"/>
<dc element="dc.date.published" value="1997-07-14"/>
<dc element="dc.source" value="Reuters"/>
<dc element="dc.creator.location" value="NICOSIA"/>
<dc element="dc.creator.location.country.name" value="CYPRUS"/>
<dc element="dc.source" value="Reuters"/>
</metadata>
</newsitem>
