<?xml version="1.0" encoding="iso-8859-1" ?>
<newsitem itemid="588830" id="root" date="1997-05-15" xml:lang="en">
<title>EGYPT: PRESS DIGEST - Egypt - May 15.</title>
<headline>PRESS DIGEST - Egypt - May 15.</headline>
<dateline>CAIRO 1997-05-15</dateline>
<text>
<p>These are the leading stories in the Egyptian press on Thursday. Reuters has not verified these stories and does not vouch for their accuracy.</p>
<p>AL-AHRAM</p>
<p>- Egyptian President Hosni Mubarak and Morocco's King Hussein during their summit in Morocco agree to increase ties between the two countries. Five agreements are signed to promote investment and increase bilateral trade and transportation. An increase in trade exchanges to $200 million is seen, as well as setting up a free trade zone and raising the capital of a joint holding company to $300 million.</p>
<p>- Authorities in Assiut catch three people stealing 40 rare antiquities. The value of the pieces was not given but they included statues of birds and people.</p>
<p>- Contacts between Egypt and Turkey are underway on the military exercises Turkey is holding with Israel. A Turkish official said in Ankara that the exercises are not strategic or aimed at sending a message to any country in the region. He said the exercises are focused on rescue and humanitarian operations.</p>
<p>AL-AKHBAR</p>
<p>- Social Development Fund agrees to finance 10 million pounds for youth programmes in various provinces. The projects will provide 3,527 job opportunities.</p>
<p>AL-GOMHURIA</p>
<p>- President Mubarak's son Gamal, who is head of the U.S-Egyptian President Council, calls on the private sector to increase its participation in the economy.</p>
<p>- Cairo newsroom +202 578 3290/1</p>
</text>
<copyright>(c) Reuters Limited 1997</copyright>
<metadata>
<codes class="bip:countries:1.0">
  <code code="EGYPT">
    <editdetail attribution="Reuters BIP Coding Group" action="confirmed" date="1997-05-15"/>
  </code>
</codes>
<codes class="bip:topics:1.0">
  <code code="GCAT">
    <editdetail attribution="Reuters BIP Coding Group" action="confirmed" date="1997-05-15"/>
  </code>
</codes>
<dc element="dc.date.created" value="1997-05-15"/>
<dc element="dc.publisher" value="Reuters Holdings Plc"/>
<dc element="dc.date.published" value="1997-05-15"/>
<dc element="dc.source" value="Reuters"/>
<dc element="dc.creator.location" value="CAIRO"/>
<dc element="dc.creator.location.country.name" value="EGYPT"/>
<dc element="dc.source" value="Reuters"/>
</metadata>
</newsitem>
