<?xml version="1.0" encoding="iso-8859-1" ?>
<newsitem itemid="546512" id="root" date="1997-04-29" xml:lang="en">
<title>MEXICO: Mexican daily port, shipping update for April 29.</title>
<headline>Mexican daily port, shipping update for April 29.</headline>
<dateline>MEXICO CITY 1997-04-29</dateline>
<text>
<p>All Mexican ports were reopened on Tuesday as a storm front dissipated in the Gulf of Mexico, the Communications and Transport Ministry (SCT) said in its 1500 local/2000 GMT daily meteorological report.</p>
<p>Crude shipping port Dos Bocas reopened at 1300 local/1800 GMT after being closed since Sunday at 2200 local/0300 GMT, a port official said.</p>
<p>Puerto Penasco port on the Pacific coast was reported closed to smaller tourism and fishing boats.</p>
<p>The ministry updated port conditions and shipping warnings for the Pacific Coast, Gulf of Mexico and Caribbean.</p>
<p>-- Pacific Coast:</p>
<p>Weak cold front along the northwest of the Baja California coast, moving slowly toward the southeast and drawing lower temperatures and possible rains. Winds from the north at 15 to 20 knots (28 to 38 km/16 to 22 miles per hour) with waves six to eight feet high.</p>
<p>Along the southern coastline winds less than 19 km/11 miles per hour with saves three to five feet high.</p>
<p>-- Gulf of Mexico:</p>
<p>Disperse clouds along coast of southern Veracruz, Tabasco and Campeche states, with possible light rains. Winds from the east and southeast from 10 to 15 knots (19 to 28 km/11 to 16 miles per hour) and waves three to five feet high.</p>
<p>-- Caribbean:</p>
<p>Warmer temperatures and partly cloudy with winds from 20 to 30 km per hour.</p>
<p>((--Timna Tanners, Mexico City newsroom +525 728-7903))</p>
</text>
<copyright>(c) Reuters Limited 1997</copyright>
<metadata>
<codes class="bip:countries:1.0">
  <code code="MEX">
    <editdetail attribution="Reuters BIP Coding Group" action="confirmed" date="1997-04-29"/>
  </code>
</codes>
<codes class="bip:industries:1.0">
  <code code="I74000">
    <editdetail attribution="Reuters BIP Coding Group" action="confirmed" date="1997-04-29"/>
  </code>
  <code code="I76300">
    <editdetail attribution="Reuters BIP Coding Group" action="confirmed" date="1997-04-29"/>
  </code>
</codes>
<codes class="bip:topics:1.0">
  <code code="C24">
    <editdetail attribution="Reuters BIP Coding Group" action="confirmed" date="1997-04-29"/>
  </code>
  <code code="CCAT">
    <editdetail attribution="Reuters BIP Coding Group" action="confirmed" date="1997-04-29"/>
  </code>
</codes>
<dc element="dc.date.created" value="1997-04-29"/>
<dc element="dc.publisher" value="Reuters Holdings Plc"/>
<dc element="dc.date.published" value="1997-04-29"/>
<dc element="dc.source" value="Reuters"/>
<dc element="dc.creator.location" value="MEXICO CITY"/>
<dc element="dc.creator.location.country.name" value="MEXICO"/>
<dc element="dc.source" value="Reuters"/>
</metadata>
</newsitem>
