<?xml version="1.0" encoding="iso-8859-1" ?>
<newsitem itemid="785036" id="root" date="1997-08-07" xml:lang="en">
<title>USA: SIOUX CITY HOGS $1.00 LOWER - USDA.</title>
<headline>SIOUX CITY HOGS $1.00 LOWER - USDA.</headline>
<dateline>SIOUX CITY 1997-08-07</dateline>
<text>
<p>Barrows and gilts were $1.00 lower. Trade moderate. Top $55.00 per cwt. - USDA</p>
<p>US 1-3   220-270 lbs     55.00</p>
<p>	   270-280 lbs     54.50-55.00</p>
<p>US 2-3   280-300 lbs     52.50-54.00</p>
<p>US 3-4   300-330 lbs     49.00-52.00</p>
<p>Sows:  300-550 lbs steady to 0.50 higher; 550-700 lbs 0.50-1.00</p>
<p>lower. Top 49.50.</p>
<p>US 1-3   300-450 lbs     46.50</p>
<p>	   450-500 lbs     48.00-48.25</p>
<p>	   500-550 lbs     48.50</p>
<p>	   550-700 lbs     49.00-49.50</p>
</text>
<copyright>(c) Reuters Limited 1997</copyright>
<metadata>
<codes class="bip:countries:1.0">
  <code code="USA">
    <editdetail attribution="Reuters BIP Coding Group" action="confirmed" date="1997-08-07"/>
  </code>
</codes>
<codes class="bip:topics:1.0">
  <code code="M14">
    <editdetail attribution="Reuters BIP Coding Group" action="confirmed" date="1997-08-07"/>
  </code>
  <code code="M141">
    <editdetail attribution="Reuters BIP Coding Group" action="confirmed" date="1997-08-07"/>
  </code>
  <code code="MCAT">
    <editdetail attribution="Reuters BIP Coding Group" action="confirmed" date="1997-08-07"/>
  </code>
</codes>
<dc element="dc.date.created" value="1997-08-07"/>
<dc element="dc.publisher" value="Reuters Holdings Plc"/>
<dc element="dc.date.published" value="1997-08-07"/>
<dc element="dc.source" value="Reuters"/>
<dc element="dc.creator.location" value="SIOUX CITY"/>
<dc element="dc.creator.location.country.name" value="USA"/>
<dc element="dc.source" value="Reuters"/>
</metadata>
</newsitem>
