<?xml version="1.0" encoding="iso-8859-1" ?>
<newsitem itemid="299414" id="root" date="1997-01-10" xml:lang="en">
<title>USA: NexMed starts two clinical trials in China.</title>
<headline>NexMed starts two clinical trials in China.</headline>
<dateline>LOS ANGELES 1997-01-10</dateline>
<text>
<p>NexMed Inc, development stage drug company, on Friday said it has started two clinical studies of medical products in China.</p>
<p>One study involves a phase II/III 500 patient study on a proprietary topical cream based on of alprostadil and designed to treat male erectile dysfunction.</p>
<p>The second is a pilot study on VIRATROL, a patented medical device to treat herpes simplex. The company expects to conclude the studies by the end of second quarter, 1997.</p>
<p>The Beijing office of Innapharma, a company based in Upper Saddle River, New Jersey, will help manage the studies.</p>
</text>
<copyright>(c) Reuters Limited 1997</copyright>
<metadata>
<codes class="bip:countries:1.0">
  <code code="CHINA">
    <editdetail attribution="Reuters BIP Coding Group" action="confirmed" date="1997-01-10"/>
  </code>
  <code code="USA">
    <editdetail attribution="Reuters BIP Coding Group" action="confirmed" date="1997-01-10"/>
  </code>
</codes>
<codes class="bip:topics:1.0">
  <code code="C23">
    <editdetail attribution="Reuters BIP Coding Group" action="confirmed" date="1997-01-10"/>
  </code>
  <code code="CCAT">
    <editdetail attribution="Reuters BIP Coding Group" action="confirmed" date="1997-01-10"/>
  </code>
</codes>
<dc element="dc.date.created" value="1997-01-10"/>
<dc element="dc.publisher" value="Reuters Holdings Plc"/>
<dc element="dc.date.published" value="1997-01-10"/>
<dc element="dc.source" value="Reuters"/>
<dc element="dc.creator.location" value="LOS ANGELES"/>
<dc element="dc.creator.location.country.name" value="USA"/>
<dc element="dc.source" value="Reuters"/>
</metadata>
</newsitem>
