<?xml version="1.0" encoding="iso-8859-1" ?>
<newsitem itemid="323287" id="root" date="1997-01-21" xml:lang="en">
<title>THAILAND: General Finance year net profit falls.</title>
<headline>General Finance year net profit falls.</headline>
<dateline>BANGKOK 1997-01-21</dateline>
<text>
<p>Unaudited financial results for General Finance and Securities Plc for the year ending 31 December, 1996.</p>
<p>		   (in millions of baht unless stated)</p>
<p>				  For 12 months</p>
<p>				   1996	 1995</p>
<p>    Shr (baht)		 3.89	 5.93</p>
<p>    Net			538.35     641.26</p>
<p>NOTES: Fourth quarter results not stated. Company's full name is General Finance and Securities Plc. The company is a finance and securities firm.</p>
<p>-- Bangkok newsroom 662-652-0642</p>
</text>
<copyright>(c) Reuters Limited 1997</copyright>
<metadata>
<codes class="bip:countries:1.0">
  <code code="THAIL">
    <editdetail attribution="Reuters BIP Coding Group" action="confirmed" date="1997-01-21"/>
  </code>
</codes>
<codes class="bip:industries:1.0">
  <code code="I83100">
    <editdetail attribution="Reuters BIP Coding Group" action="confirmed" date="1997-01-21"/>
  </code>
</codes>
<codes class="bip:topics:1.0">
  <code code="C15">
    <editdetail attribution="Reuters BIP Coding Group" action="confirmed" date="1997-01-21"/>
  </code>
  <code code="C151">
    <editdetail attribution="Reuters BIP Coding Group" action="confirmed" date="1997-01-21"/>
  </code>
  <code code="C1511">
    <editdetail attribution="Reuters BIP Coding Group" action="confirmed" date="1997-01-21"/>
  </code>
  <code code="CCAT">
    <editdetail attribution="Reuters BIP Coding Group" action="confirmed" date="1997-01-21"/>
  </code>
</codes>
<dc element="dc.date.created" value="1997-01-21"/>
<dc element="dc.publisher" value="Reuters Holdings Plc"/>
<dc element="dc.date.published" value="1997-01-21"/>
<dc element="dc.source" value="Reuters"/>
<dc element="dc.creator.location" value="BANGKOK"/>
<dc element="dc.creator.location.country.name" value="THAILAND"/>
<dc element="dc.source" value="Reuters"/>
</metadata>
</newsitem>
