<?xml version="1.0" encoding="iso-8859-1" ?>
<newsitem itemid="106753" id="root" date="1996-10-09" xml:lang="en">
<title>JAPAN: Cox - 6mth parent results.</title>
<headline>Cox - 6mth parent results.</headline>
<dateline>TOKYO 1996-10-09</dateline>
<text>
<p>Six months to August 20, 1996</p>
<p> (Parent)	(in billions of yen unless specified)</p>
<p> Sales		 16.68		vs	   16.72</p>
<p> Operating	  462    million    vs	  378    million</p>
<p> Current	    516    million    vs	  322    million</p>
<p> Net		  200    million    vs	  149    million</p>
<p> EPS		   13.55 yen	  vs	   10.10 yen</p>
<p> Shares	     15 million	  vs	  15 million</p>
<p> Interim div	  --		  vs	    --</p>
<p>NOTE - Cox Co Ltd operates stores selling unisex clothing.</p>
</text>
<copyright>(c) Reuters Limited 1996</copyright>
<metadata>
<codes class="bip:countries:1.0">
  <code code="JAP">
    <editdetail attribution="Reuters BIP Coding Group" action="confirmed" date="1996-10-09"/>
  </code>
</codes>
<codes class="bip:industries:1.0">
  <code code="I64500">
    <editdetail attribution="Reuters BIP Coding Group" action="confirmed" date="1996-10-09"/>
  </code>
</codes>
<codes class="bip:topics:1.0">
  <code code="C15">
    <editdetail attribution="Reuters BIP Coding Group" action="confirmed" date="1996-10-09"/>
  </code>
  <code code="C151">
    <editdetail attribution="Reuters BIP Coding Group" action="confirmed" date="1996-10-09"/>
  </code>
  <code code="CCAT">
    <editdetail attribution="Reuters BIP Coding Group" action="confirmed" date="1996-10-09"/>
  </code>
</codes>
<dc element="dc.date.created" value="1996-10-09"/>
<dc element="dc.publisher" value="Reuters Holdings Plc"/>
<dc element="dc.date.published" value="1996-10-09"/>
<dc element="dc.source" value="Reuters"/>
<dc element="dc.creator.location" value="TOKYO"/>
<dc element="dc.creator.location.country.name" value="JAPAN"/>
<dc element="dc.source" value="Reuters"/>
</metadata>
</newsitem>
