<?xml version="1.0" encoding="iso-8859-1" ?>
<newsitem itemid="743813" id="root" date="1997-07-21" xml:lang="en">
<title>USA: PRESALE - Napa Valley USD, Calif..</title>
<headline>PRESALE - Napa Valley USD, Calif..</headline>
<text>
<p>AMT: 4,600,000	DATE: 07/23/97	NYC Time: 1300	CUSIP: 630361</p>
<p>ISSUER: Napa Valley Unified Sch Dist				ST: CA</p>
<p>ISSUE: Election of 1996 general obligation Series B    TAX STAT: Exempt-ULT</p>
<p>M/SP/F: NA/A+/NA							  BOOK ENTRY: Y</p>
<p>ENHANCEMENTS: None							BANK QUAL: Y</p>
<p>DTD: 08/01/97							     SURE BID: Y</p>
<p>DUE: 8/1/98, 01-06, 08-22				 SR MGR:</p>
<p>1ST CPN: 02/01/98</p>
<p>CALL: 8/1/07 @ 102, dtp 8/1/09			  NIC</p>
<p>DELIVERY: 8/6/97 approx				   ORDERS:</p>
<p>PAYING AGENT: First Trust N.A., Seattle</p>
<p>L.O.: Stradling Yocca Carlson &amp; Rauth, San Francisco</p>
<p>F.A.: A.G. Edwards &amp; Sons, Long Beach</p>
<p>LAST SALE: $4,600,000 FGIC 7/23/96 @ 5.7298% TIC; 14yrs 8mos avg;BBI 6.00%</p>
<p>Year		     Amount    Coupon     Yield     Price  Conc.</p>
<p>1998		    430,000</p>
<p>2001		     30,000</p>
<p>2002		     50,000</p>
<p>2003		     60,000</p>
<p>2004		    100,000</p>
<p>2005		    100,000</p>
<p>2006		    100,000</p>
<p>2008		     50,000</p>
<p>2009		     70,000</p>
<p>2010		    100,000</p>
<p>2011		    110,000</p>
<p>2012		    130,000</p>
<p>2013		    155,000</p>
<p>2014		    175,000</p>
<p>2015		    200,000</p>
<p>2016		    230,000</p>
<p>2017		    255,000</p>
<p>2018		    285,000</p>
<p>2019		    320,000</p>
<p>2020		    355,000</p>
<p>2021		    620,000</p>
<p>2022		    675,000</p>
<p>COMPETITIVE PRE-SALE CONTRIBUTED BY J.J. KENNY K-SHEETS:</p>
</text>
<copyright>(c) Reuters Limited 1997</copyright>
<metadata>
<codes class="bip:countries:1.0">
  <code code="USA">
    <editdetail attribution="Reuters BIP Coding Group" action="confirmed" date="1997-07-21"/>
  </code>
</codes>
<codes class="bip:topics:1.0">
  <code code="C17">
    <editdetail attribution="Reuters BIP Coding Group" action="confirmed" date="1997-07-21"/>
  </code>
  <code code="C172">
    <editdetail attribution="Reuters BIP Coding Group" action="confirmed" date="1997-07-21"/>
  </code>
  <code code="CCAT">
    <editdetail attribution="Reuters BIP Coding Group" action="confirmed" date="1997-07-21"/>
  </code>
</codes>
<dc element="dc.publisher" value="Reuters Holdings Plc"/>
<dc element="dc.date.published" value="1997-07-21"/>
<dc element="dc.source" value="Reuters"/>
<dc element="dc.creator.location.country.name" value="USA"/>
<dc element="dc.source" value="Reuters"/>
</metadata>
</newsitem>
