<?xml version="1.0" encoding="iso-8859-1" ?>
<newsitem itemid="765435" id="root" date="1997-07-30" xml:lang="en">
<title>USA: TABLE-New Dimension Software Q2 shr $0.22.</title>
<headline>TABLE-New Dimension Software Q2 shr $0.22.</headline>
<dateline>NEW YORK 1997-07-30</dateline>
<text>
<p>1997			1996</p>
<p> Shr			  $0.22		    $0.01</p>
<p> Net			  2,644			131</p>
<p> Revs			16,131		    8,860</p>
<p> Avg shrs		     n/a			n/a</p>
<p>	  6  MONTHS ended June 30</p>
<p> Shr			  $0.37		    $0.08</p>
<p> Net			  4,453			945</p>
<p> Revs			28,977		   18,572</p>
<p> Avg shrs		     n/a			n/a</p>
<p>(All data above 000s except per share numbers)</p>
<p>Note: New Dimension Software Ltd said it signed its largest single contract tto date during the second quarter, a $4.3 million federal government contract with Logicon. Of the $4.3 million 1668247156 during the second quarter.  The remaining portion of the contract is for professional services, and will be recognized as these services are performed over the next several quarters.</p>
</text>
<copyright>(c) Reuters Limited 1997</copyright>
<metadata>
<codes class="bip:countries:1.0">
  <code code="USA">
    <editdetail attribution="Reuters BIP Coding Group" action="confirmed" date="1997-07-30"/>
  </code>
</codes>
<codes class="bip:industries:1.0">
  <code code="I33020">
    <editdetail attribution="Reuters BIP Coding Group" action="confirmed" date="1997-07-30"/>
  </code>
</codes>
<codes class="bip:topics:1.0">
  <code code="C15">
    <editdetail attribution="Reuters BIP Coding Group" action="confirmed" date="1997-07-30"/>
  </code>
  <code code="C151">
    <editdetail attribution="Reuters BIP Coding Group" action="confirmed" date="1997-07-30"/>
  </code>
  <code code="CCAT">
    <editdetail attribution="Reuters BIP Coding Group" action="confirmed" date="1997-07-30"/>
  </code>
</codes>
<dc element="dc.date.created" value="1997-07-30"/>
<dc element="dc.publisher" value="Reuters Holdings Plc"/>
<dc element="dc.date.published" value="1997-07-30"/>
<dc element="dc.source" value="Reuters"/>
<dc element="dc.creator.location" value="NEW YORK"/>
<dc element="dc.creator.location.country.name" value="USA"/>
<dc element="dc.source" value="Reuters"/>
</metadata>
</newsitem>
