<?xml version="1.0" encoding="iso-8859-1" ?>
<newsitem itemid="634884" id="root" date="1997-06-03" xml:lang="en">
<title>USA: Bob Dylan discharged; glad not to meet Elvis.</title>
<headline>Bob Dylan discharged; glad not to meet Elvis.</headline>
<dateline>LOS ANGELES 1997-06-02</dateline>
<text>
<p>Rock legend Bob Dylan has been released from an undisclosed hospital where he was treated for a potentially fatal infection, his publicist said on Monday.</p>
<p>&quot;I'm just glad to be feeling better. I really thought I'd be seeing Elvis (Presley) soon,&quot; Dylan said through a Columbia Records spokesman.</p>
<p>Dylan's Los Angeles publicist, Elliot Mintz, said the singer was discharged over the weekend and was expected to fully recover in four to six weeks -- in time to begin the North American leg of his concert tour in August.</p>
<p>Dylan, 56, called off a European tour last Wednesday after being admitted to a hospital suffering from a potentially life-threatening infection.</p>
<p>A source, who asked not to be identified, declined to say where the hospital was but added that it was not in New York as some media had reported.</p>
<p>Dylan was admitted to hospital suffering from severe chest pains. His condition was diagnosed as histoplasmosis, a potentially fatal infection that creates swelling in the sac that surrounds the heart.</p>
</text>
<copyright>(c) Reuters Limited 1997</copyright>
<metadata>
<codes class="bip:countries:1.0">
  <code code="USA">
    <editdetail attribution="Reuters BIP Coding Group" action="confirmed" date="1997-06-03"/>
  </code>
</codes>
<codes class="bip:topics:1.0">
  <code code="GCAT">
    <editdetail attribution="Reuters BIP Coding Group" action="confirmed" date="1997-06-03"/>
  </code>
  <code code="GPRO">
    <editdetail attribution="Reuters BIP Coding Group" action="confirmed" date="1997-06-03"/>
  </code>
</codes>
<dc element="dc.date.created" value="1997-06-02"/>
<dc element="dc.publisher" value="Reuters Holdings Plc"/>
<dc element="dc.date.published" value="1997-06-03"/>
<dc element="dc.source" value="Reuters"/>
<dc element="dc.creator.location" value="LOS ANGELES"/>
<dc element="dc.creator.location.country.name" value="USA"/>
<dc element="dc.source" value="Reuters"/>
</metadata>
</newsitem>
