<?xml version="1.0" encoding="iso-8859-1" ?>
<newsitem itemid="24570" id="root" date="1996-08-30" xml:lang="en">
<title>SRI LANKA: Sri Lanka buys 100,000T wheat at $205.75 in tender.</title>
<headline>Sri Lanka buys 100,000T wheat at $205.75 in tender.</headline>
<dateline>COLOMBO 1996-08-30</dateline>
<text>
<p>Sri Lanka bought a total of 100,000 tonnges of wheat at 205.75 per tonne c and f for October delivery, government officials said on Friday.  </p>
<p>The contract, comprising 50,000 tonnes each of hard and soft wheat, was awarded in a tender to trade firm Louis Dreyfus.</p>
<p>The wheat, to come from several countries,  will be delivered in two shipments, the soft wheat in the first half of October and the hard wheat in the second half of the month, they said.</p>
</text>
<copyright>(c) Reuters Limited 1996</copyright>
<metadata>
<codes class="bip:countries:1.0">
  <code code="SRILAN">
    <editdetail attribution="Reuters BIP Coding Group" action="confirmed" date="1996-08-30"/>
  </code>
</codes>
<codes class="bip:topics:1.0">
  <code code="M14">
    <editdetail attribution="Reuters BIP Coding Group" action="confirmed" date="1996-08-30"/>
  </code>
  <code code="M141">
    <editdetail attribution="Reuters BIP Coding Group" action="confirmed" date="1996-08-30"/>
  </code>
  <code code="MCAT">
    <editdetail attribution="Reuters BIP Coding Group" action="confirmed" date="1996-08-30"/>
  </code>
</codes>
<dc element="dc.date.created" value="1996-08-30"/>
<dc element="dc.publisher" value="Reuters Holdings Plc"/>
<dc element="dc.date.published" value="1996-08-30"/>
<dc element="dc.source" value="Reuters"/>
<dc element="dc.creator.location" value="COLOMBO"/>
<dc element="dc.creator.location.country.name" value="SRI LANKA"/>
<dc element="dc.source" value="Reuters"/>
</metadata>
</newsitem>
