<?xml version="1.0" encoding="iso-8859-1" ?>
<newsitem itemid="148371" id="root" date="1996-10-28" xml:lang="en">
<title>IRAQ: Iraq ratifies rice accord with Vietnam - papers.</title>
<headline>Iraq ratifies rice accord with Vietnam - papers.</headline>
<dateline>BAGHDAD 1996-10-28</dateline>
<text>
<p>Iraqi newspapers said on Monday that a cabinet meeting chaired by President Saddam Hussein had ratified an agreement with Vietnam to improve rice cultivation in Iraq.</p>
<p>&quot;The Council of Ministers...ratified an agreement to improve rice cultivation in Iraq signed with the Socialist Republic of Vietnam,&quot; the newspapers said.</p>
<p>A Vietnamese embassy source in Baghdad said an accord was signed between the two countries during a visit to Hanoi last March by Iraq's agriculture minister. The source said Hanoi would send experts on rice production to Iraq and would also provide Iraq with seeds as well as train Iraqis in Vietnam.</p>
<p>Iraq's agricultural output, according to U.N. estimates, does not meet one fourth of demand even during bumper harvests.</p>
<p>Iraq meets most of its needs for rice, estimated at about one million tonnes a year, through imports from either Pakistan, Vietnam or Thailand.</p>
<p>Last year the Vietnamese embassy said Hanoi signed a deal with Baghdad to supply Iraq with 200,000 tonnes of rice in 1996.</p>
<p>Each Iraqi is entitled to 1.25 kg of rice a month, part of the meagre food basket distributed by the government at giveaway prices. In the commercial market one kg of rice costs about one third of a civil servant's monthly salary.</p>
<p>Since 1990, when sanctions were imposed on Iraq for invading Kuwait, Vietnam has supplied Iraq with a yearly average of 50,000 metric tonnes of rice and 4,000 metric tonnes black tea, the embassy source said.</p>
<p>Before the sanctions there were about 60,000 Vietnamese workers in Iraq.</p>
</text>
<copyright>(c) Reuters Limited 1996</copyright>
<metadata>
<codes class="bip:countries:1.0">
  <code code="IRAQ">
    <editdetail attribution="Reuters BIP Coding Group" action="confirmed" date="1996-10-28"/>
  </code>
  <code code="VIETN">
    <editdetail attribution="Reuters BIP Coding Group" action="confirmed" date="1996-10-28"/>
  </code>
</codes>
<codes class="bip:industries:1.0">
  <code code="I01001">
    <editdetail attribution="Reuters BIP Coding Group" action="confirmed" date="1996-10-28"/>
  </code>
  <code code="I0100132">
    <editdetail attribution="Reuters BIP Coding Group" action="confirmed" date="1996-10-28"/>
  </code>
</codes>
<codes class="bip:topics:1.0">
  <code code="C13">
    <editdetail attribution="Reuters BIP Coding Group" action="confirmed" date="1996-10-28"/>
  </code>
  <code code="CCAT">
    <editdetail attribution="Reuters BIP Coding Group" action="confirmed" date="1996-10-28"/>
  </code>
  <code code="E51">
    <editdetail attribution="Reuters BIP Coding Group" action="confirmed" date="1996-10-28"/>
  </code>
  <code code="E512">
    <editdetail attribution="Reuters BIP Coding Group" action="confirmed" date="1996-10-28"/>
  </code>
  <code code="ECAT">
    <editdetail attribution="Reuters BIP Coding Group" action="confirmed" date="1996-10-28"/>
  </code>
  <code code="GCAT">
    <editdetail attribution="Reuters BIP Coding Group" action="confirmed" date="1996-10-28"/>
  </code>
  <code code="GDIP">
    <editdetail attribution="Reuters BIP Coding Group" action="confirmed" date="1996-10-28"/>
  </code>
</codes>
<dc element="dc.date.created" value="1996-10-28"/>
<dc element="dc.publisher" value="Reuters Holdings Plc"/>
<dc element="dc.date.published" value="1996-10-28"/>
<dc element="dc.source" value="Reuters"/>
<dc element="dc.creator.location" value="BAGHDAD"/>
<dc element="dc.creator.location.country.name" value="IRAQ"/>
<dc element="dc.source" value="Reuters"/>
</metadata>
</newsitem>
