<?xml version="1.0" encoding="iso-8859-1" ?>
<newsitem itemid="634835" id="root" date="1997-06-03" xml:lang="en">
<title>CANADA: Saskatchewan seeds 92 percent of crop by Sunday.</title>
<headline>Saskatchewan seeds 92 percent of crop by Sunday.</headline>
<dateline>WINNIPEG 1997-06-03</dateline>
<text>
<p>Saskatchewan farmers seeded 92 percent of 1997 crops as of Sunday compared to 75 percent at the same time last year and ahead of the five-year average of 85 percent, Saskatchewan Agriculture said in its weekly crop report.</p>
<p>&quot;With the exception of some eastern and northern areas, all areas of the province report over 90 percent of seeding completed,&quot; it said.</p>
<p>Topsoil moisture deteriorated due to wind and warm temperatures. Moisture was rated good on 58 percent of crop land, down from 78 percent last week. Some southeastern, south-central and central regions reported poor moisture conditions.</p>
<p>An average 2 mm (0.08 inch) of rain fell on the southern grainbelt although Maple Creek, in the durum-dominated and arid Palliser Triangle region, saw 20 mm (0.8 inch).</p>
<p>Central Saskatchewan reported an average of 1 mm (0.04 inch) of rain. Northern districts saw an average 3 mm (0.12 inch) of rain.</p>
<p>Seeding was completed in the southwest district while plantings were the furthest behind at 80 percent done in the east central district centred around Melville, Sask.</p>
<p>((Gilbert Le Gras, Reuters Winnipeg bureau 204 947 3548))</p>
</text>
<copyright>(c) Reuters Limited 1997</copyright>
<metadata>
<codes class="bip:countries:1.0">
  <code code="CANA">
    <editdetail attribution="Reuters BIP Coding Group" action="confirmed" date="1997-06-03"/>
  </code>
</codes>
<codes class="bip:industries:1.0">
  <code code="I01001">
    <editdetail attribution="Reuters BIP Coding Group" action="confirmed" date="1997-06-03"/>
  </code>
  <code code="I0100132">
    <editdetail attribution="Reuters BIP Coding Group" action="confirmed" date="1997-06-03"/>
  </code>
</codes>
<codes class="bip:topics:1.0">
  <code code="C21">
    <editdetail attribution="Reuters BIP Coding Group" action="confirmed" date="1997-06-03"/>
  </code>
  <code code="CCAT">
    <editdetail attribution="Reuters BIP Coding Group" action="confirmed" date="1997-06-03"/>
  </code>
  <code code="M14">
    <editdetail attribution="Reuters BIP Coding Group" action="confirmed" date="1997-06-03"/>
  </code>
  <code code="M141">
    <editdetail attribution="Reuters BIP Coding Group" action="confirmed" date="1997-06-03"/>
  </code>
  <code code="MCAT">
    <editdetail attribution="Reuters BIP Coding Group" action="confirmed" date="1997-06-03"/>
  </code>
</codes>
<dc element="dc.date.created" value="1997-06-03"/>
<dc element="dc.publisher" value="Reuters Holdings Plc"/>
<dc element="dc.date.published" value="1997-06-03"/>
<dc element="dc.source" value="Reuters"/>
<dc element="dc.creator.location" value="WINNIPEG"/>
<dc element="dc.creator.location.country.name" value="CANADA"/>
<dc element="dc.source" value="Reuters"/>
</metadata>
</newsitem>
