<?xml version="1.0" encoding="iso-8859-1" ?>
<newsitem itemid="737153" id="root" date="1997-07-17" xml:lang="en">
<title>USA: N.Y. certificated cotton stocks rise to 124,755.</title>
<headline>N.Y. certificated cotton stocks rise to 124,755.</headline>
<dateline>NEW YORK 1997-07-17</dateline>
<text>
<p>Certificated cotton stocks deliverable against New York Cotton Exchange's No. 2 cotton futures contract as of July 16 totaled 124,755 bales, up from 124,596 bales the previous session.</p>
<p>There were 159 bales issued, 6,649 decertification orders, no bales awaiting review, and no cancellations.</p>
<p>-- New York Commodity Desk, 212-859-1640</p>
</text>
<copyright>(c) Reuters Limited 1997</copyright>
<metadata>
<codes class="bip:countries:1.0">
  <code code="USA">
    <editdetail attribution="Reuters BIP Coding Group" action="confirmed" date="1997-07-17"/>
  </code>
</codes>
<codes class="bip:topics:1.0">
  <code code="M14">
    <editdetail attribution="Reuters BIP Coding Group" action="confirmed" date="1997-07-17"/>
  </code>
  <code code="M141">
    <editdetail attribution="Reuters BIP Coding Group" action="confirmed" date="1997-07-17"/>
  </code>
  <code code="MCAT">
    <editdetail attribution="Reuters BIP Coding Group" action="confirmed" date="1997-07-17"/>
  </code>
</codes>
<dc element="dc.date.created" value="1997-07-17"/>
<dc element="dc.publisher" value="Reuters Holdings Plc"/>
<dc element="dc.date.published" value="1997-07-17"/>
<dc element="dc.source" value="Reuters"/>
<dc element="dc.creator.location" value="NEW YORK"/>
<dc element="dc.creator.location.country.name" value="USA"/>
<dc element="dc.source" value="Reuters"/>
</metadata>
</newsitem>
