<?xml version="1.0" encoding="iso-8859-1" ?>
<newsitem itemid="328550" id="root" date="1997-01-23" xml:lang="en">
<title>USA: EMERGENCY WEATHER CONDITIONS -  WSC - 23-JAN.</title>
<headline>EMERGENCY WEATHER CONDITIONS -  WSC - 23-JAN.</headline>
<text>
<p>Tropical Cyclone Gretelle, with 95 mph winds, is east of Madagascar in the southwestern Indian Ocean near 20s/53e. Gretelle is moving south southwest at 8 mph and is expected to turn more to the west southwest again this period. Top winds may peak at 105 mph in about 24 hours before slightly weakening occurs. Landfall is expected in 36 hours along the east central coast of Madagascar. Significant wind damage, flooding, and mudslides will likely occur as Gretelle approaches the shore and then makes landfall.  </p>
<p>Tropical Cyclone Pancho, with 135 mph winds, is over open water in the southern Indian Ocean near 14s/89e, moving southwest at 4 mph. Pancho is expected to begin a slow weakening trend this period, but will still remain quite strong. The storm is a major threat to shipping but no threat to major land areas.  </p>
<p>There are no further statements at this time.</p>
</text>
<copyright>(c) Reuters Limited 1997</copyright>
<metadata>
<codes class="bip:countries:1.0">
  <code code="MALAG">
    <editdetail attribution="Reuters BIP Coding Group" action="confirmed" date="1997-01-23"/>
  </code>
  <code code="USA">
    <editdetail attribution="Reuters BIP Coding Group" action="confirmed" date="1997-01-23"/>
  </code>
</codes>
<codes class="bip:topics:1.0">
  <code code="GCAT">
    <editdetail attribution="Reuters BIP Coding Group" action="confirmed" date="1997-01-23"/>
  </code>
  <code code="GWEA">
    <editdetail attribution="Reuters BIP Coding Group" action="confirmed" date="1997-01-23"/>
  </code>
</codes>
<dc element="dc.publisher" value="Reuters Holdings Plc"/>
<dc element="dc.date.published" value="1997-01-23"/>
<dc element="dc.source" value="Reuters"/>
<dc element="dc.creator.location.country.name" value="USA"/>
<dc element="dc.source" value="Reuters"/>
</metadata>
</newsitem>
