<?xml version="1.0" encoding="iso-8859-1" ?>
<newsitem itemid="237868" id="root" date="1996-12-05" xml:lang="en">
<title>USA: Pier 1 Nov same-store sales rise 16.3 pct.</title>
<headline>Pier 1 Nov same-store sales rise 16.3 pct.</headline>
<dateline>FORT WORTH, Texas 1996-12-05</dateline>
<text>
<p>Pier 1 Imports Inc said Thursday that sales for the four-week period ended November 30, 1996 totaled $81,989,000, an increase of 22.6 percent from $66,865,000.</p>
<p>Comparable store sales increased 16.3 percent from the year earlier period.</p>
<p>Third quarter total sales of $225,598,000 were up 18.6 percent, and same store sales grew 12.1 percent. Year-to-date sales of $661,940,000 were up 16.9 percent, and same store sales grew 10.9 percent.</p>
</text>
<copyright>(c) Reuters Limited 1996</copyright>
<metadata>
<codes class="bip:countries:1.0">
  <code code="USA">
    <editdetail attribution="Reuters BIP Coding Group" action="confirmed" date="1996-12-05"/>
  </code>
</codes>
<codes class="bip:industries:1.0">
  <code code="I65400">
    <editdetail attribution="Reuters BIP Coding Group" action="confirmed" date="1996-12-05"/>
  </code>
</codes>
<codes class="bip:topics:1.0">
  <code code="C31">
    <editdetail attribution="Reuters BIP Coding Group" action="confirmed" date="1996-12-05"/>
  </code>
  <code code="CCAT">
    <editdetail attribution="Reuters BIP Coding Group" action="confirmed" date="1996-12-05"/>
  </code>
</codes>
<dc element="dc.date.created" value="1996-12-05"/>
<dc element="dc.publisher" value="Reuters Holdings Plc"/>
<dc element="dc.date.published" value="1996-12-05"/>
<dc element="dc.source" value="Reuters"/>
<dc element="dc.creator.location" value="FORT WORTH, Texas"/>
<dc element="dc.creator.location.country.name" value="USA"/>
<dc element="dc.source" value="Reuters"/>
</metadata>
</newsitem>
