<?xml version="1.0" encoding="iso-8859-1" ?>
<newsitem itemid="458883" id="root" date="1997-03-21" xml:lang="en">
<title>LITHUANIA: LITHUANIA-Press digest March 21.</title>
<headline>LITHUANIA-Press digest March 21.</headline>
<dateline>VILNIUS 1997-03-21</dateline>
<text>
<p>The following are the stories reported in Lithuanian newspapers on Friday. Reuters has not verified these stories and does not vouch for their accuracy.</p>
<p>ALL THE NEWSPAPERS</p>
<p>- U.S. President Bill Clinton was met at the Inter-Continental hotel in Helsinki by a group of Lithuanian students urging for membership in NATO.</p>
<p>LIETUVOS RYTAS</p>
<p>- Nearly all the prosecutors from the organised crime investigation department, who helped disband the most powerful criminal gang in Vilnius, may resign to start a private bureau, newspaper sources say.</p>
<p>- Lithuania's agricultural exports to the European Union decreased last year by 10 percent to 394.4 million litas.</p>
<p>-The second biggest private financial institution in the country, Hermis bank, reported audited net profit of 27.4 million litas in 1996.</p>
<p>- Lithuania will subsidise the production of meat, 380-600 litas per tonne of beef and 200 litas per tonne of pork.</p>
<p>RESPUBLIKA</p>
<p>- The deputy head of the security department Kazys Pednychia accepted the offer of the minister of justice to take the post of prosecutor general.</p>
<p>- Prime Minister Gediminas Vagnorius said that budget revenues in March improved but were still below the target although he declined to mention figures.</p>
<p>- Major foreign investors said Lithuania was a good place to develop business and the majority of them would invest again, a Lithuania investment agency survey showed.</p>
<p>LIETUVOS AIDAS</p>
<p>- The chairman of parliament Vytautas Landsbergis leaves for a three-day visit to Germany today to launch his political autobiography.</p>
<p>- The government will pay major attention to implementation of economic programmes and the struggle against crime, Vagnorius told a news conference.</p>
<p>VERSLO ZINIOS</p>
<p>- Estonian Hoiupank has decided to move to Lithuania but if it does not come to an agreement to acquire the control share portfolio of one of the three Lithuanian banks, Agricultural, Ukio or Litimpex, before June, the bank will open its representative office, the newspaper said.</p>
<p>- Utenos beverages will start to bottle Pepsi Cola, Mirinda orange and Mirinda lemon on May 1 according to the agreement reached with Pepsi-Cola General Bottlers in February.</p>
<p>- Lietuvos Aidas daily newspaper intends to announce about a share capital boost to 2.8 million litas from 1.3 million litas.</p>
<p>- The national association of road cargo carriers Linava said carriers had 1.5 billion litas income in 1996.</p>
<p>-Andrius Vilkancas, Vilnius newsroom + 370 2 22 35 17</p>
</text>
<copyright>(c) Reuters Limited 1997</copyright>
<metadata>
<codes class="bip:countries:1.0">
  <code code="LITH">
    <editdetail attribution="Reuters BIP Coding Group" action="confirmed" date="1997-03-21"/>
  </code>
</codes>
<codes class="bip:topics:1.0">
  <code code="GCAT">
    <editdetail attribution="Reuters BIP Coding Group" action="confirmed" date="1997-03-21"/>
  </code>
</codes>
<dc element="dc.date.created" value="1997-03-21"/>
<dc element="dc.publisher" value="Reuters Holdings Plc"/>
<dc element="dc.date.published" value="1997-03-21"/>
<dc element="dc.source" value="Reuters"/>
<dc element="dc.creator.location" value="VILNIUS"/>
<dc element="dc.creator.location.country.name" value="LITHUANIA"/>
<dc element="dc.source" value="Reuters"/>
</metadata>
</newsitem>
