<?xml version="1.0" encoding="iso-8859-1" ?>
<newsitem itemid="525374" id="root" date="1997-04-21" xml:lang="en">
<title>INDIA: Indian budget to be passed in May, says official.</title>
<headline>Indian budget to be passed in May, says official.</headline>
<dateline>NEW DELHI 1997-04-21</dateline>
<text>
<p>The pathbreaking 1997/98 (April-March) budget, presented by former finance minister P. Chidambaram in February, was expected to be passed by parliament in the first week of May, a government official said on Monday.</p>
<p>&quot;I have reasonable expectation that it (budget) will be passed in the first week of May,&quot; Cabinet Secretary T.S.R. Subramaniam told a business conference.</p>
<p>&quot;I am hopeful on the budget pending before parliament,&quot; he said.</p>
<p>-- New Delhi newsroom +91-11 301 2024</p>
</text>
<copyright>(c) Reuters Limited 1997</copyright>
<metadata>
<codes class="bip:countries:1.0">
  <code code="INDIA">
    <editdetail attribution="Reuters BIP Coding Group" action="confirmed" date="1997-04-21"/>
  </code>
</codes>
<codes class="bip:topics:1.0">
  <code code="E21">
    <editdetail attribution="Reuters BIP Coding Group" action="confirmed" date="1997-04-21"/>
  </code>
  <code code="E211">
    <editdetail attribution="Reuters BIP Coding Group" action="confirmed" date="1997-04-21"/>
  </code>
  <code code="ECAT">
    <editdetail attribution="Reuters BIP Coding Group" action="confirmed" date="1997-04-21"/>
  </code>
</codes>
<dc element="dc.date.created" value="1997-04-21"/>
<dc element="dc.publisher" value="Reuters Holdings Plc"/>
<dc element="dc.date.published" value="1997-04-21"/>
<dc element="dc.source" value="Reuters"/>
<dc element="dc.creator.location" value="NEW DELHI"/>
<dc element="dc.creator.location.country.name" value="INDIA"/>
<dc element="dc.source" value="Reuters"/>
</metadata>
</newsitem>
