<?xml version="1.0" encoding="iso-8859-1" ?>
<newsitem itemid="751444" id="root" date="1997-07-23" xml:lang="en">
<title>LEBANON: PRESS DIGEST - Lebanon - July 23.</title>
<headline>PRESS DIGEST - Lebanon - July 23.</headline>
<dateline>BEIRUT 1997-07-23</dateline>
<text>
<p>These are the leading stories in the Lebanese press on Wednesday. Reuters has not verified these stories and does not vouch for their accuracy.</p>
<p>THE DAILY STAR</p>
<p>- Pleasantries and platitudes at Beirut economic conference but still no economic detail.</p>
<p>- Christian MPs told to quit in equality push. Protest over &quot;marginalising&quot; by Moslem-dominated cabinet.</p>
<p>- Minister seeks solution to mounting waste.</p>
<p>THE BEIRUT TIMES</p>
<p>- Outcome of Beirut economic summit expected today.</p>
<p>AN-NAHAR</p>
<p>- Lebanese and Egyptian middlemen involved in deal to sell military helicopters to Iraq.</p>
<p>AS-SAFIR</p>
<p>- Israel shells areas in south Lebanon.</p>
<p>- U.S. ambassador discusses developments in Lebanon with Lebanese leaders. Says he expects the U.S. State Department to make a decision on Lebanon travel ban within 72 hours.</p>
</text>
<copyright>(c) Reuters Limited 1997</copyright>
<metadata>
<codes class="bip:countries:1.0">
  <code code="LEBAN">
    <editdetail attribution="Reuters BIP Coding Group" action="confirmed" date="1997-07-23"/>
  </code>
</codes>
<codes class="bip:topics:1.0">
  <code code="GCAT">
    <editdetail attribution="Reuters BIP Coding Group" action="confirmed" date="1997-07-23"/>
  </code>
</codes>
<dc element="dc.date.created" value="1997-07-23"/>
<dc element="dc.publisher" value="Reuters Holdings Plc"/>
<dc element="dc.date.published" value="1997-07-23"/>
<dc element="dc.source" value="Reuters"/>
<dc element="dc.creator.location" value="BEIRUT"/>
<dc element="dc.creator.location.country.name" value="LEBANON"/>
<dc element="dc.source" value="Reuters"/>
</metadata>
</newsitem>
