<?xml version="1.0" encoding="iso-8859-1" ?>
<newsitem itemid="330200" id="root" date="1997-01-24" xml:lang="en">
<title>SLOVAKIA: Slovak c.bank crown/dollar fix at 32.356 (32.428).</title>
<headline>Slovak c.bank crown/dollar fix at 32.356 (32.428).</headline>
<dateline>BRATISLAVA 1997-01-24</dateline>
<text>
<p>The National Bank of Slovakia (NBS) fixed the crown at 32.356 to the dollar after Thursday's fixing at 32.428, and at 19.819 to the mark from 19.788.</p>
<p>The crown fixing is announced daily at about 1140 CET (1040 GMT) and is within plus/minus 5.0 percent of a dollar/mark basket midpoint calculated at 11:30:00 CET.</p>
<p>The above rates imply a deviation from the midpoint of -0.26 percent, the same as on Thursday.</p>
<p>-- Bratislava Newsroom, 42-7-563-3687</p>
</text>
<copyright>(c) Reuters Limited 1997</copyright>
<metadata>
<codes class="bip:countries:1.0">
  <code code="SLVAK">
    <editdetail attribution="Reuters BIP Coding Group" action="confirmed" date="1997-01-24"/>
  </code>
</codes>
<codes class="bip:topics:1.0">
  <code code="M13">
    <editdetail attribution="Reuters BIP Coding Group" action="confirmed" date="1997-01-24"/>
  </code>
  <code code="M132">
    <editdetail attribution="Reuters BIP Coding Group" action="confirmed" date="1997-01-24"/>
  </code>
  <code code="MCAT">
    <editdetail attribution="Reuters BIP Coding Group" action="confirmed" date="1997-01-24"/>
  </code>
</codes>
<dc element="dc.date.created" value="1997-01-24"/>
<dc element="dc.publisher" value="Reuters Holdings Plc"/>
<dc element="dc.date.published" value="1997-01-24"/>
<dc element="dc.source" value="Reuters"/>
<dc element="dc.creator.location" value="BRATISLAVA"/>
<dc element="dc.creator.location.country.name" value="SLOVAKIA"/>
<dc element="dc.source" value="Reuters"/>
</metadata>
</newsitem>
