<?xml version="1.0" encoding="iso-8859-1" ?>
<newsitem itemid="454207" id="root" date="1997-03-19" xml:lang="en">
<title>SPAIN: Spain's MEFF to adapt MIBOR contract to euro.</title>
<headline>Spain's MEFF to adapt MIBOR contract to euro.</headline>
<dateline>MADRID 1997-03-19</dateline>
<text>
<p>Spain's financial futures market MEFF Renta Fija said on Wednesday it will change the settlement basis for two of its short-term contracts, MIBOR 90 plus and MIBOR 360 Plus.</p>
<p>A statement added that the changes will affect contracts maturing after January 1999. Since Spain would be part of European economic and monetary union either in January 1999 or later it will be possible to settle the two contracts in euros instead of in pesetas, MEFF said.</p>
<p>Similarly, the interest rate basis for the FRA at three months and one year would be calculated in euros and not in pesetas anymore.</p>
<p>-- Madrid Newsroom, + 341 585 8340</p>
</text>
<copyright>(c) Reuters Limited 1997</copyright>
<metadata>
<codes class="bip:countries:1.0">
  <code code="SPAIN">
    <editdetail attribution="Reuters BIP Coding Group" action="confirmed" date="1997-03-19"/>
  </code>
</codes>
<codes class="bip:topics:1.0">
  <code code="M13">
    <editdetail attribution="Reuters BIP Coding Group" action="confirmed" date="1997-03-19"/>
  </code>
  <code code="M131">
    <editdetail attribution="Reuters BIP Coding Group" action="confirmed" date="1997-03-19"/>
  </code>
  <code code="MCAT">
    <editdetail attribution="Reuters BIP Coding Group" action="confirmed" date="1997-03-19"/>
  </code>
</codes>
<dc element="dc.date.created" value="1997-03-19"/>
<dc element="dc.publisher" value="Reuters Holdings Plc"/>
<dc element="dc.date.published" value="1997-03-19"/>
<dc element="dc.source" value="Reuters"/>
<dc element="dc.creator.location" value="MADRID"/>
<dc element="dc.creator.location.country.name" value="SPAIN"/>
<dc element="dc.source" value="Reuters"/>
</metadata>
</newsitem>
