<?xml version="1.0" encoding="iso-8859-1" ?>
<newsitem itemid="692864" id="root" date="1997-06-27" xml:lang="en">
<title>INDIA: India Tata Power slips after profit fall.</title>
<headline>India Tata Power slips after profit fall.</headline>
<dateline>BOMBAY 1997-06-27</dateline>
<text>
<p>Shares of Indian power firm Tata Power Ltd fell on the Bombay Stock Exchange on Friday following a sharp fall in the firm's profit for 1996/97 (April-March).</p>
<p>The share fell 4.50 rupees or 3.3 percent, to 133.57 in early trade.</p>
<p>Tata Power said on Thursday its net profit fell to 1.14 billion rupees for the year ended March 1997 compared with 2.23 billion rupees in the previous year.</p>
<p>It said higher tariffs charged by the Maharashtra State Electricity Board affected its bottomlines.</p>
<p>-- Bombay newsroom +91-22-265 9000</p>
</text>
<copyright>(c) Reuters Limited 1997</copyright>
<metadata>
<codes class="bip:countries:1.0">
  <code code="INDIA">
    <editdetail attribution="Reuters BIP Coding Group" action="confirmed" date="1997-06-27"/>
  </code>
</codes>
<codes class="bip:industries:1.0">
  <code code="I16100">
    <editdetail attribution="Reuters BIP Coding Group" action="confirmed" date="1997-06-27"/>
  </code>
</codes>
<codes class="bip:topics:1.0">
  <code code="C15">
    <editdetail attribution="Reuters BIP Coding Group" action="confirmed" date="1997-06-27"/>
  </code>
  <code code="C152">
    <editdetail attribution="Reuters BIP Coding Group" action="confirmed" date="1997-06-27"/>
  </code>
  <code code="CCAT">
    <editdetail attribution="Reuters BIP Coding Group" action="confirmed" date="1997-06-27"/>
  </code>
</codes>
<dc element="dc.date.created" value="1997-06-27"/>
<dc element="dc.publisher" value="Reuters Holdings Plc"/>
<dc element="dc.date.published" value="1997-06-27"/>
<dc element="dc.source" value="Reuters"/>
<dc element="dc.creator.location" value="BOMBAY"/>
<dc element="dc.creator.location.country.name" value="INDIA"/>
<dc element="dc.source" value="Reuters"/>
</metadata>
</newsitem>
