<?xml version="1.0" encoding="iso-8859-1" ?>
<newsitem itemid="133278" id="root" date="1996-10-22" xml:lang="en">
<title>UKRAINE: Hryvnia unchanged at 1.780 per dlr in Kiev.</title>
<headline>Hryvnia unchanged at 1.780 per dlr in Kiev.</headline>
<dateline>KIEV 1996-10-22</dateline>
<text>
<p>The hryvnia was unchanged at 1.780 per dollar on the Ukrainian Interbank Currency Exchange.</p>
<p>				    October 22	   October 21</p>
<p> Hryvnia rate to dollar	  1.780		  1.780</p>
<p> Volume traded		  $5.840 million	   $3.260 million</p>
<p>--Kiev newsroom, +380 44 229 2264</p>
</text>
<copyright>(c) Reuters Limited 1996</copyright>
<metadata>
<codes class="bip:countries:1.0">
  <code code="UKRN">
    <editdetail attribution="Reuters BIP Coding Group" action="confirmed" date="1996-10-22"/>
  </code>
</codes>
<codes class="bip:topics:1.0">
  <code code="M13">
    <editdetail attribution="Reuters BIP Coding Group" action="confirmed" date="1996-10-22"/>
  </code>
  <code code="M132">
    <editdetail attribution="Reuters BIP Coding Group" action="confirmed" date="1996-10-22"/>
  </code>
  <code code="MCAT">
    <editdetail attribution="Reuters BIP Coding Group" action="confirmed" date="1996-10-22"/>
  </code>
</codes>
<dc element="dc.date.created" value="1996-10-22"/>
<dc element="dc.publisher" value="Reuters Holdings Plc"/>
<dc element="dc.date.published" value="1996-10-22"/>
<dc element="dc.source" value="Reuters"/>
<dc element="dc.creator.location" value="KIEV"/>
<dc element="dc.creator.location.country.name" value="UKRAINE"/>
<dc element="dc.source" value="Reuters"/>
</metadata>
</newsitem>
