<?xml version="1.0" encoding="iso-8859-1" ?>
<newsitem itemid="90763" id="root" date="1996-10-02" xml:lang="en">
<title>POLAND: Polish NBP fixes zloty down vs dlr at 2.8115.</title>
<headline>Polish NBP fixes zloty down vs dlr at 2.8115.</headline>
<dateline>WARSAW 1996-10-02</dateline>
<text>
<p>National Bank of Poland fixed the zloty at 2.8115 per dollar, down from 2.8070 on Tuesday and at 1.8435 against the mark, down from 1.8390, the NBP said.</p>
<p>-- Warsaw Newsroom +48 22 653 9700</p>
</text>
<copyright>(c) Reuters Limited 1996</copyright>
<metadata>
<codes class="bip:countries:1.0">
  <code code="POL">
    <editdetail attribution="Reuters BIP Coding Group" action="confirmed" date="1996-10-02"/>
  </code>
</codes>
<codes class="bip:topics:1.0">
  <code code="M13">
    <editdetail attribution="Reuters BIP Coding Group" action="confirmed" date="1996-10-02"/>
  </code>
  <code code="M132">
    <editdetail attribution="Reuters BIP Coding Group" action="confirmed" date="1996-10-02"/>
  </code>
  <code code="MCAT">
    <editdetail attribution="Reuters BIP Coding Group" action="confirmed" date="1996-10-02"/>
  </code>
</codes>
<dc element="dc.date.created" value="1996-10-02"/>
<dc element="dc.publisher" value="Reuters Holdings Plc"/>
<dc element="dc.date.published" value="1996-10-02"/>
<dc element="dc.source" value="Reuters"/>
<dc element="dc.creator.location" value="WARSAW"/>
<dc element="dc.creator.location.country.name" value="POLAND"/>
<dc element="dc.source" value="Reuters"/>
</metadata>
</newsitem>
