<?xml version="1.0" encoding="iso-8859-1" ?>
<newsitem itemid="498999" id="root" date="1997-04-10" xml:lang="en">
<title>LITHUANIA: KLASCO TO BOOST SHARE CAPITAL.</title>
<headline>KLASCO TO BOOST SHARE CAPITAL.</headline>
<dateline>VILNIUS 1997-04-10</dateline>
<text>
<p>Lithuanian Prime Minister Gediminas Vagnorius said on Thursday that the government had decided to boost the share capital of the state-run Klaipeda Stevedoring Company (KLASCO) by over 120 million litas.  </p>
<p>The prime minister also told Reuters after a news conference that the share capital boost would come from the company's profit reserves.</p>
<p>The company's share capital is currently 128.9 million litas.</p>
<p>The company, which is the largest stevedoring firm in Lithuania, is 90 percent state-owned and is slated for privatisation.</p>
<p>The government recently said that it plans later this month to announce a bid for a consultant to draw up a privatisation plan for the company.</p>
<p>The company accounts for around 60 percent of cargo volumes at the port of Klaipeda.</p>
<p>--Andrius Vilkancas, Vilnius newsroom +370 2 22 35 17</p>
</text>
<copyright>(c) Reuters Limited 1997</copyright>
<metadata>
<codes class="bip:countries:1.0">
  <code code="LITH">
    <editdetail attribution="Reuters BIP Coding Group" action="confirmed" date="1997-04-10"/>
  </code>
</codes>
<codes class="bip:industries:1.0">
  <code code="I76300">
    <editdetail attribution="Reuters BIP Coding Group" action="confirmed" date="1997-04-10"/>
  </code>
</codes>
<codes class="bip:topics:1.0">
  <code code="C17">
    <editdetail attribution="Reuters BIP Coding Group" action="confirmed" date="1997-04-10"/>
  </code>
  <code code="C171">
    <editdetail attribution="Reuters BIP Coding Group" action="confirmed" date="1997-04-10"/>
  </code>
  <code code="C18">
    <editdetail attribution="Reuters BIP Coding Group" action="confirmed" date="1997-04-10"/>
  </code>
  <code code="C183">
    <editdetail attribution="Reuters BIP Coding Group" action="confirmed" date="1997-04-10"/>
  </code>
  <code code="CCAT">
    <editdetail attribution="Reuters BIP Coding Group" action="confirmed" date="1997-04-10"/>
  </code>
</codes>
<dc element="dc.date.created" value="1997-04-10"/>
<dc element="dc.publisher" value="Reuters Holdings Plc"/>
<dc element="dc.date.published" value="1997-04-10"/>
<dc element="dc.source" value="Reuters"/>
<dc element="dc.creator.location" value="VILNIUS"/>
<dc element="dc.creator.location.country.name" value="LITHUANIA"/>
<dc element="dc.source" value="Reuters"/>
</metadata>
</newsitem>
