<?xml version="1.0" encoding="iso-8859-1" ?>
<newsitem itemid="111429" id="root" date="1996-10-11" xml:lang="en">
<title>USA: True North in $29 mln media deal.</title>
<headline>True North in $29 mln media deal.</headline>
<dateline>NEW YORK 1996-10-11</dateline>
<text>
<p>True North Communications Inc will combine its TN Technologies unit with Modem Media Advertizing LP in a $29 million stock transaction, the New York Times reported Friday.</p>
<p>The new company will create marketing programs for media like the Internet and interactive television, the newspaper said.</p>
<p>Once the deal is complete, the company will make an initial public offering, it said.</p>
<p>TN Technologies specialises in interactive marketing communications.</p>
</text>
<copyright>(c) Reuters Limited 1996</copyright>
<metadata>
<codes class="bip:countries:1.0">
  <code code="USA">
    <editdetail attribution="Reuters BIP Coding Group" action="confirmed" date="1996-10-11"/>
  </code>
</codes>
<codes class="bip:industries:1.0">
  <code code="I83800">
    <editdetail attribution="Reuters BIP Coding Group" action="confirmed" date="1996-10-11"/>
  </code>
</codes>
<codes class="bip:topics:1.0">
  <code code="C18">
    <editdetail attribution="Reuters BIP Coding Group" action="confirmed" date="1996-10-11"/>
  </code>
  <code code="C181">
    <editdetail attribution="Reuters BIP Coding Group" action="confirmed" date="1996-10-11"/>
  </code>
  <code code="CCAT">
    <editdetail attribution="Reuters BIP Coding Group" action="confirmed" date="1996-10-11"/>
  </code>
</codes>
<dc element="dc.date.created" value="1996-10-11"/>
<dc element="dc.publisher" value="Reuters Holdings Plc"/>
<dc element="dc.date.published" value="1996-10-11"/>
<dc element="dc.source" value="Reuters"/>
<dc element="dc.creator.location" value="NEW YORK"/>
<dc element="dc.creator.location.country.name" value="USA"/>
<dc element="dc.source" value="Reuters"/>
</metadata>
</newsitem>
