<?xml version="1.0" encoding="iso-8859-1" ?>
<newsitem itemid="323132" id="root" date="1997-01-21" xml:lang="en">
<title>THAILAND: Honda says had record 1996 Thai sales.</title>
<headline>Honda says had record 1996 Thai sales.</headline>
<dateline>BANGKOK 1997-01-21</dateline>
<text>
<p>Asian Honda Motor Co Ltd, Honda's Thailand-based regional headquarters, said on Tuesday it had record 1996 sales and increased market shares for all three of its product lines in Thailand.</p>
<p>Honda said in a statement its total vehicle sales soared 44 percent to a record 42,421 units in 1996. It said the company targets an 11 percent increase in sales in 1997 to 47,000 units.  </p>
<p>&quot;With the total Thai passenger car market growing at only 4.6 percent last year, Honda's strong sales performance saw its market share climb from 17.9 percent in 1995 to 23.4 percent in 1996,&quot; the statement said.</p>
<p>Honda said its main car models dominated each of the three market segments in which they are present.</p>
<p>Honda increased its motorcycle sales to 640,545 units, or 52 percent of the market share, the company said.</p>
<p>The company said its power product sales increased by seven percent to a record 175,967 units.</p>
<p>Thailand is Honda's largest manufacturing base in Asia outside Japan.</p>
<p>-- Bangkok newsroom (662) 652-0642</p>
</text>
<copyright>(c) Reuters Limited 1997</copyright>
<metadata>
<codes class="bip:countries:1.0">
  <code code="THAIL">
    <editdetail attribution="Reuters BIP Coding Group" action="confirmed" date="1997-01-21"/>
  </code>
</codes>
<codes class="bip:industries:1.0">
  <code code="I35101">
    <editdetail attribution="Reuters BIP Coding Group" action="confirmed" date="1997-01-21"/>
  </code>
</codes>
<codes class="bip:topics:1.0">
  <code code="C31">
    <editdetail attribution="Reuters BIP Coding Group" action="confirmed" date="1997-01-21"/>
  </code>
  <code code="CCAT">
    <editdetail attribution="Reuters BIP Coding Group" action="confirmed" date="1997-01-21"/>
  </code>
</codes>
<dc element="dc.date.created" value="1997-01-21"/>
<dc element="dc.publisher" value="Reuters Holdings Plc"/>
<dc element="dc.date.published" value="1997-01-21"/>
<dc element="dc.source" value="Reuters"/>
<dc element="dc.creator.location" value="BANGKOK"/>
<dc element="dc.creator.location.country.name" value="THAILAND"/>
<dc element="dc.source" value="Reuters"/>
</metadata>
</newsitem>
