<?xml version="1.0" encoding="iso-8859-1" ?>
<newsitem itemid="732923" id="root" date="1997-07-16" xml:lang="en">
<title>FRANCE: Algeria endorses $38 mln oil deal with Malaysia.</title>
<headline>Algeria endorses $38 mln oil deal with Malaysia.</headline>
<dateline>PARIS 1997-07-16</dateline>
<text>
<p>Algeria on Wednesday approved a $37.8 million oil and gas exploration deal between Algerian state-owned oil and gas firm Sonatrach and Malaysia's Petronas Carigali Overseas.</p>
<p>The official Algerian news agency APS reported a cabinet statement that Petronas Carigali Overseas, a subsidiary of the Malaysian state company Petronas, will carry out three years of seismic research in El Hadjira Oued el Maraa in the southern province of Ouargla.</p>
<p>Under the production sharing contract, Petronas Carigali Overseas will also sink four exploration wells. The two firms had signed the deal in December 1996, pending formal approval by the governments.</p>
<p>Algeria's main oilfied, Hassi Messaoud, lies in the Ouargla area. Sonatrach had already reached similar deals with more than 30 foreign companies to tap oil and gas resources in the North African country.</p>
<p>Hydrocarbons provide Algeria with more than 90 percent of its total exports. The value of the country's oil and gas export was $12.6 billion in 1996, up 29 percent from the previous year.</p>
</text>
<copyright>(c) Reuters Limited 1997</copyright>
<metadata>
<codes class="bip:countries:1.0">
  <code code="ALG">
    <editdetail attribution="Reuters BIP Coding Group" action="confirmed" date="1997-07-16"/>
  </code>
  <code code="MALAY">
    <editdetail attribution="Reuters BIP Coding Group" action="confirmed" date="1997-07-16"/>
  </code>
</codes>
<codes class="bip:industries:1.0">
  <code code="I13000">
    <editdetail attribution="Reuters BIP Coding Group" action="confirmed" date="1997-07-16"/>
  </code>
  <code code="I14000">
    <editdetail attribution="Reuters BIP Coding Group" action="confirmed" date="1997-07-16"/>
  </code>
</codes>
<codes class="bip:topics:1.0">
  <code code="C24">
    <editdetail attribution="Reuters BIP Coding Group" action="confirmed" date="1997-07-16"/>
  </code>
  <code code="C33">
    <editdetail attribution="Reuters BIP Coding Group" action="confirmed" date="1997-07-16"/>
  </code>
  <code code="CCAT">
    <editdetail attribution="Reuters BIP Coding Group" action="confirmed" date="1997-07-16"/>
  </code>
</codes>
<dc element="dc.date.created" value="1997-07-16"/>
<dc element="dc.publisher" value="Reuters Holdings Plc"/>
<dc element="dc.date.published" value="1997-07-16"/>
<dc element="dc.source" value="Reuters"/>
<dc element="dc.creator.location" value="PARIS"/>
<dc element="dc.creator.location.country.name" value="FRANCE"/>
<dc element="dc.source" value="Reuters"/>
</metadata>
</newsitem>
