<?xml version="1.0" encoding="iso-8859-1" ?>
<newsitem itemid="685892" id="root" date="1997-06-25" xml:lang="en">
<title>AUSTRALIA: INDICATORS-Latest Australian quarterly statistics.</title>
<headline>INDICATORS-Latest Australian quarterly statistics.</headline>
<dateline>SYDNEY 1996-06-26</dateline>
<text>
<p>Latest Australian quarterly economic data.</p>
<p>			    QUARTERLY STATISTICS</p>
<p>				 Period  Latest   Prev1  Prev2   Next</p>
<p>Gross Domestic Product (s/adj, constant price, percent)</p>
<p>	 GDP(A) (q/q)	  Q1     +0.9    +0.4    +0.8   Sep 03</p>
<p>	 GDP(A) (y/y)	  Q1     +2.4    +3.1    +3.2   Sep 03</p>
<p>	 GDP(I) (q/q)	  Q1     +0.9    +0.9    +0.9   Sep 03</p>
<p>	 GDP(E) (q/q)	  Q1     +0.8    -0.2    +0.7   Sep 03</p>
<p>	 GDP(P) (q/q)	  Q1     +1.1    +0.4    +0.8   Sep 03</p>
<p>	 GDP(E) deflator(q/q)Q1     +0.3    +0.5    +0.1   Sep 03</p>
<p>	 GNE    (q/q)	  Q1     +0.2    +0.7    +0.2   Sep 03</p>
<p>Consumer Price Index (s/adj, pct)</p>
<p>	 CPI (q/q)	     Q1     +0.2    +0.2    +0.3   Jul 23</p>
<p>	 CPI (y/y)	     Q1     +1.3    +1.5    +2.1   Jul 23</p>
<p>	 Underlying (q/q)    Q1     +0.4    +0.4    +0.5   Jul 23</p>
<p>	 Underlying (y/y)    Q1     +2.1    +2.1    +2.4   Jul 23</p>
<p>Average Weekly Ordinary Time Earnings (s/adj, pct)</p>
<p>	 AWOTE (q/q)    Feb Qtr     +1.0    +1.1    +1.0   Jul 24</p>
<p>	 AWOTE (y/y)    Feb Qtr     +4.3</p>
<p>	 Private sect (q/q) FebQ    +1.3    +0.7    +0.6   Aug 14 </p>
<p>	 Private sect (y/y) FebQ    +3.6    +2.8    +3.4   Aug 14 </p>
<p>	 Public sect  (q/q) FebQ    +0.7    +2.2    +2.5   Aug 14 </p>
<p>	 Public sect  (y/y) FebQ    +7.1    +7.6    +5.5   Aug 14</p>
<p>Federal Enterprise Bargaining Agreements (annual terms, pct)</p>
<p>	 All qtr annualised  Q1     +4.7    +4.4    +4.8   Aug n/a</p>
<p>	 All current	   Q1     +4.8    +4.6    +4.6   Aug n/a</p>
<p>	 Priv qtr annualised Q1     +4.8    +4.4    +5.3   Aug n/a</p>
<p>	 Priv all current    Q1     +4.9    +4.8    +4.8   Aug n/a</p>
<p>	 Pub qtr annualised  Q1     +4.3    +4.3    +4.0   Aug n/a</p>
<p>	 Pub all current     Q1     +4.8    +4.4    +4.3   Aug n/a</p>
<p>Company Profits (pre-tax,interest,depreciation)</p>
<p>	 S/adj q/q	     Q1     -3.4    +8.6    +0.7   Aug 21</p>
<p>	 S/adj y/y	     Q1     -1.9    +8.7    -3.3   Aug 21</p>
<p>Private New Capital Expenditure (s/adj, q/q, constant price)</p>
<p>	 Total		   Q1     +6.5    -1.6    +0.1   Aug 28</p>
<p>	 Total (y/y)	   Q1    +18.6   +20.4   +24.9   Aug 28</p>
<p>	 Build &amp; Struct	Q1     +8.7    -4.0    -5.1   Aug 28</p>
<p>	 Equip, plant &amp; mach Q1     +5.5    -0.4    +2.8   Aug 28</p>
<p>International Investment Position (A$ billions)</p>
<p>	 Gross external debt Q1    250.5   245.9   240.7   Sep 01</p>
<p>	 Net external debt   Q1    199.9   199.2   195.8   Sep 01</p>
<p>	 Net debt pct of GDP Q1     39.4    39.7    39.6   Sep 01</p>
<p>Retail Trade (s/adj, constant price) </p>
<p>	 Total (q/q)	   Q1     +2.2    -1.3    +0.6   Jul 31</p>
<p>	 Total (y/y)	   Q1     +1.1    +0.1    +2.2   Jul 31</p>
<p>	 Trend (q/q)	   Q1     +0.5    +0.2    -0.1   Jul 31</p>
<p>Business Stocks (Inventories) (constant prices, pct, s/adj)</p>
<p>	 Total (q/q pct)     Q1     -2.1    +1.0    +1.5   Sep 01</p>
<p>	 Total (y/y pct)     Q1     +1.8    +4.8    +4.1   Sep 01</p>
<p>Dwelling Units commencements (s/adj, pct)</p>
<p>	 Total (q/q)	   Q1     +4.6    +8.3    -6.0   Sep 11</p>
<p>	 Total (y/y)	   Q1     +2.5    +4.4   -11.4   Sep 11</p>
<p>-- Sydney Newsroom 61-2 9373-1800 Fax 61-2 9262-4727)</p>
</text>
<copyright>(c) Reuters Limited 1997</copyright>
<metadata>
<codes class="bip:countries:1.0">
  <code code="AUSTR">
    <editdetail attribution="Reuters BIP Coding Group" action="confirmed" date="1997-06-25"/>
  </code>
</codes>
<codes class="bip:topics:1.0">
  <code code="E71">
    <editdetail attribution="Reuters BIP Coding Group" action="confirmed" date="1997-06-25"/>
  </code>
  <code code="ECAT">
    <editdetail attribution="Reuters BIP Coding Group" action="confirmed" date="1997-06-25"/>
  </code>
</codes>
<dc element="dc.date.created" value="1996-06-26"/>
<dc element="dc.publisher" value="Reuters Holdings Plc"/>
<dc element="dc.date.published" value="1997-06-25"/>
<dc element="dc.source" value="Reuters"/>
<dc element="dc.creator.location" value="SYDNEY"/>
<dc element="dc.creator.location.country.name" value="AUSTRALIA"/>
<dc element="dc.source" value="Reuters"/>
</metadata>
</newsitem>
