<?xml version="1.0" encoding="iso-8859-1" ?>
<newsitem itemid="296437" id="root" date="1997-01-09" xml:lang="en">
<title>USA: US carlot pork primal cuts-hams -1500 CST - Jan 9.</title>
<headline>US carlot pork primal cuts-hams -1500 CST - Jan 9.</headline>
<text>
<p>REVISED REPORT - HAMS</p>
<p>REPORTING CHANGES - The following changes will run concurrently with the existing pork report for comparison.</p>
<p>Comments on the following primal ham section should be directed to Mike Erwin at USDA Market News (515-284-4460).</p>
<p>************************************************************</p>
<p>			   LDS     PRICE RANGE	 WGHTD AVG.</p>
<p>LOINS, REGULAR, FRESH</p>
<p>	     14-18# *  8.5  103.00 - 109.00	105.94</p>
<p>1/4&quot; Trim  14-18#    7.5  123.00 - 129.00	125.53</p>
<p>1/8&quot; Trm/less 14-18# 1.0	     135.00	135.00</p>
<p>	     18-22# *	 103.00 - 107.00	105.00 A</p>
<p>1/4&quot; Trim  18-22#	   125.00 - 127.00	126.00 A</p>
<p>    combos 22/Up#			 90.00	 90.00 A</p>
<p>LOIN, BNLS CNTR CUT</p>
<p>  5-9#  Strap-on	    196.00 - 211.00	203.50 A</p>
<p>  5-9# Strap-off	    204.00 - 228.00	221.20 A</p>
<p>BNLS SIRLOIN .75-1#  0.50	    154.00	154.00</p>
<p>TENDERLOIN 1.25/DN#		    353.00	353.00 B</p>
<p>PICNIC, FRESH</p>
<p>Smkr Trm, RS, combo		     62.00	 62.00 B</p>
<p>Smkr Trm, SS, boxed		     78.00	 78.00 A</p>
<p>Commodity    4-8 #			50.00	 50.00 B</p>
<p>BOSTON BUTT  4-8 # * 4.0   63.00 -  67.00	 65.00</p>
<p>1/4&quot; Trim    4-8 #   4.0   82.00 -  86.00	 83.75</p>
<p>SPARERIB, FRESH</p>
<p>1.5-3.5#				   120.00	120.00 A</p>
<p>3.5-5.5#				    97.00	 97.00 C</p>
<p>SPARERIB, FROZEN</p>
<p>	   1.5-3.5#			136.00	136.00 B</p>
<p>LOIN BACKRIB (BOXED)</p>
<p>FRSH/FRZN    1.5/DN#</p>
<p>&quot;	   1.75/DN#		     283.00	283.00 B</p>
<p>	  1.75-2.00#		     224.00	224.00 A</p>
<p>LOIN BACKRIB (COMBOS)</p>
<p>	    1.75/DN#   0.5	     257.00	257.00</p>
<p>Note! (*) Reflects 1/4&quot; or 1/8&quot; trimmed product brought back to a regular commodity basis.</p>
<p>HAM,SKND,SELECTED,BONE-IN</p>
<p>Fresh	17-20#    3.0		69.00	 69.00</p>
<p>Fresh	20-23#    2.0		69.00	 69.00</p>
<p>Fresh	23-27#	    66.00 -  67.00	 66.60 A</p>
<p>HAM, SKINNED, COMMODITY</p>
<p>Fresh	17-20#				 unq</p>
<p>Fresh	20-27#    1.0		68.00	 68.00</p>
<p>Fresh	32/up#    1.0		64.00	 64.00</p>
<p>HAM,BNLS MUSCLES 94-96%</p>
<p>* 3 Muscle Group</p>
<p>* 4 Muscle Group</p>
<p>* 5 Muscle Group			 149.00	149.00 A</p>
<p>Inside</p>
<p>Outside</p>
<p>Knuckle</p>
<p>Lite Butt</p>
<p>Inner Shank</p>
<p>HAM TRIMMINGS</p>
<p>Combo 72%  Fresh</p>
<p>Boxed 72%  Frozen</p>
<p>Combo 90%  Fresh</p>
<p>Boxed 90%  Frozen</p>
<p>Outer Shank Frozen			  75.50	 75.50 A</p>
<p>* NOTE: 3 muscle = Inside, Ouside, and Knuckle</p>
<p>4 muscle = Inside, Outside, Knuckle, and Lite Butt</p>
<p>5 muscle = Inside, Outside, Knckl, Lite Butt, &amp; Inner Shank</p>
<p>************************************************************</p>
<p>HAM COMPOSITE VALUE:</p>
<p>************************************************************</p>
<p>ABCDE after quotes represents days since last actual market</p>
<p>test. Quotes are dropped after 5 days of no test or before</p>
<p>if they no longer reflect current market conditions.</p>
</text>
<copyright>(c) Reuters Limited 1997</copyright>
<metadata>
<codes class="bip:countries:1.0">
  <code code="USA">
    <editdetail attribution="Reuters BIP Coding Group" action="confirmed" date="1997-01-09"/>
  </code>
</codes>
<codes class="bip:topics:1.0">
  <code code="M14">
    <editdetail attribution="Reuters BIP Coding Group" action="confirmed" date="1997-01-09"/>
  </code>
  <code code="M141">
    <editdetail attribution="Reuters BIP Coding Group" action="confirmed" date="1997-01-09"/>
  </code>
  <code code="MCAT">
    <editdetail attribution="Reuters BIP Coding Group" action="confirmed" date="1997-01-09"/>
  </code>
</codes>
<dc element="dc.publisher" value="Reuters Holdings Plc"/>
<dc element="dc.date.published" value="1997-01-09"/>
<dc element="dc.source" value="Reuters"/>
<dc element="dc.creator.location.country.name" value="USA"/>
<dc element="dc.source" value="Reuters"/>
</metadata>
</newsitem>
