<?xml version="1.0" encoding="iso-8859-1" ?>
<newsitem itemid="282127" id="root" date="1996-12-31" xml:lang="en">
<title>USA: Texas/w Okla feedlot cattle trade slow at $66 - USDA.</title>
<headline>Texas/w Okla feedlot cattle trade slow at $66 - USDA.</headline>
<dateline>AMARILLO 1996-12-31</dateline>
<text>
<p>Trade slow in the panhandle area Tuesday with slaughter steers and heifers not well tested, USDA Market News said. Top price $66 per cwt.</p>
<p>Feedlots reporting moderate inquiry from buyers with sales reported on 200 slaughter steers and 500 heifers; 18,500 head were confirmed for the week to date including 16,700 formulated cattle to be shipped this week.</p>
<p>Slaughter Steers: Select and Choice 2-3 1150-1250 lbs 66.00.</p>
<p>Slaughter Heifers: Select and Choice 2-3 1050-1100 lbs</p>
<p>66.00. Select, few Choice 2-3 1150 lbs 65.00.  Pen Select, few Choice 2-4 1150- 1175 lbs including heiferettes 63.00.</p>
<p>Confirmed: 700, Week Ago: None, Year Ago: 300</p>
<p>Wk to date: 18,500, Week Ago: 7,900, Year Ago: 700.</p>
<p>(Chicago newsdesk 312 408 8720)</p>
</text>
<copyright>(c) Reuters Limited 1996</copyright>
<metadata>
<codes class="bip:countries:1.0">
  <code code="USA">
    <editdetail attribution="Reuters BIP Coding Group" action="confirmed" date="1996-12-31"/>
  </code>
</codes>
<codes class="bip:topics:1.0">
  <code code="M14">
    <editdetail attribution="Reuters BIP Coding Group" action="confirmed" date="1996-12-31"/>
  </code>
  <code code="M141">
    <editdetail attribution="Reuters BIP Coding Group" action="confirmed" date="1996-12-31"/>
  </code>
  <code code="MCAT">
    <editdetail attribution="Reuters BIP Coding Group" action="confirmed" date="1996-12-31"/>
  </code>
</codes>
<dc element="dc.date.created" value="1996-12-31"/>
<dc element="dc.publisher" value="Reuters Holdings Plc"/>
<dc element="dc.date.published" value="1996-12-31"/>
<dc element="dc.source" value="Reuters"/>
<dc element="dc.creator.location" value="AMARILLO"/>
<dc element="dc.creator.location.country.name" value="USA"/>
<dc element="dc.source" value="Reuters"/>
</metadata>
</newsitem>
