<?xml version="1.0" encoding="iso-8859-1" ?>
<newsitem itemid="424375" id="root" date="1997-03-06" xml:lang="en">
<title>INDIA: Indian Shipping -- Tuticorin cargoes - March 6.</title>
<headline>Indian Shipping -- Tuticorin cargoes - March 6.</headline>
<dateline>BOMBAY 1997-03-06</dateline>
<text>
<p>Following is the berthing schedule of major vessels loading and unloading at India's Tuticorin port on March 6:</p>
<p> Commodity	    Tons/TEUS		   Ship	  Berthing</p>
<p>		   (LDD/ULD) (Balance)</p>
<p>----------------------------------------------------------------</p>
<p>Salt	     8,114/--- (LDD)   401/---   Biu Ryu Gang    01/03</p>
<p>General	    320/--- (LDD)    93/---   Tiger Creek     03/03</p>
<p>General	     48/--- (LDD)   172/---   Orient reek     03/03</p>
<p>General	    100/--- (LDD)    52/---   Jayaceres	 05/03</p>
<p>General	  1,118/--- (ULD) 1,382/---   Progress Lily   03/03</p>
<p>Rock Phos	5,550/--- (ULD) 2,050/---   Kaptin Kissa    02/03</p>
<p>Coal	    11,336/--- (ULD)11,443/---   Padali Puthra   04/03</p>
<p>Dun Peas	 1,334/--- (ULD)13,220/---   Gomain Naree    04/03</p>
<p>Coal	    15,699/--- (ULD) 7,727/---   Ch.Veeram	 04/03</p>
<p>Coal	    14,434/--- (ULD)11,673/---   TAmil Periyar   05/03</p>
<p>Wheat	    1,485/--- (ULD)26,715/---   Lok Keerthy     03/03</p>
<p>----------------------------------------------------------------</p>
<p>		  Note:</p>
<p>	    LDD - Loading</p>
<p>	    ULD - Unloading</p>
<p>(Source: J.M.Baxi &amp; Co, Tuticorin)</p>
<p>-- Bombay newsroom +91-22-265 9000</p>
</text>
<copyright>(c) Reuters Limited 1997</copyright>
<metadata>
<codes class="bip:countries:1.0">
  <code code="INDIA">
    <editdetail attribution="Reuters BIP Coding Group" action="confirmed" date="1997-03-06"/>
  </code>
</codes>
<codes class="bip:topics:1.0">
  <code code="M14">
    <editdetail attribution="Reuters BIP Coding Group" action="confirmed" date="1997-03-06"/>
  </code>
  <code code="MCAT">
    <editdetail attribution="Reuters BIP Coding Group" action="confirmed" date="1997-03-06"/>
  </code>
</codes>
<dc element="dc.date.created" value="1997-03-06"/>
<dc element="dc.publisher" value="Reuters Holdings Plc"/>
<dc element="dc.date.published" value="1997-03-06"/>
<dc element="dc.source" value="Reuters"/>
<dc element="dc.creator.location" value="BOMBAY"/>
<dc element="dc.creator.location.country.name" value="INDIA"/>
<dc element="dc.source" value="Reuters"/>
</metadata>
</newsitem>
