<?xml version="1.0" encoding="iso-8859-1" ?>
<newsitem itemid="773162" id="root" date="1997-08-01" xml:lang="en">
<title>USA: Sioux Falls hogs $1.00 higher - USDA.</title>
<headline>Sioux Falls hogs $1.00 higher - USDA.</headline>
<dateline>SIOUX FALLS 1997-08-01</dateline>
<text>
<p>Barrows and gilts were $1.00 higher.  Top $57.50 per cwt. - USDA</p>
<p>US 1-3    220-260 lbs    57.00-57.50</p>
<p>	    260-270 lbs    56.50-57.00</p>
<p>US 2-3    270-280 lbs    55.50-56.50</p>
<p>	    280-290 lbs    54.50-55.50</p>
<p>US 3-4    290-300 lbs    53.50-54.50</p>
<p>Sows 300-450 lbs steady; 450-500 lbs scarce, 500-650 lbs steady.</p>
<p>Top 49.00.</p>
<p>US 1-3    300-450 lbs    46.00</p>
<p>	    500-650 lbs    48.00-49.00</p>
</text>
<copyright>(c) Reuters Limited 1997</copyright>
<metadata>
<codes class="bip:countries:1.0">
  <code code="USA">
    <editdetail attribution="Reuters BIP Coding Group" action="confirmed" date="1997-08-01"/>
  </code>
</codes>
<codes class="bip:topics:1.0">
  <code code="M14">
    <editdetail attribution="Reuters BIP Coding Group" action="confirmed" date="1997-08-01"/>
  </code>
  <code code="M141">
    <editdetail attribution="Reuters BIP Coding Group" action="confirmed" date="1997-08-01"/>
  </code>
  <code code="MCAT">
    <editdetail attribution="Reuters BIP Coding Group" action="confirmed" date="1997-08-01"/>
  </code>
</codes>
<dc element="dc.date.created" value="1997-08-01"/>
<dc element="dc.publisher" value="Reuters Holdings Plc"/>
<dc element="dc.date.published" value="1997-08-01"/>
<dc element="dc.source" value="Reuters"/>
<dc element="dc.creator.location" value="SIOUX FALLS"/>
<dc element="dc.creator.location.country.name" value="USA"/>
<dc element="dc.source" value="Reuters"/>
</metadata>
</newsitem>
