<?xml version="1.0" encoding="iso-8859-1" ?>
<newsitem itemid="217377" id="root" date="1996-11-26" xml:lang="en">
<title>USA: PRESALE - $4.9 mln Marshall, Minn.</title>
<headline>PRESALE - $4.9 mln Marshall, Minn.</headline>
<text>
<p>AMT: 4,900,000	DATE: 12/02/96	NYC Time: 1300	CUSIP: 572495</p>
<p>ISSUER: Marshall							  ST: MN</p>
<p>ISSUE: GO tax increment series 1997A			     TAX STAT: Exempt-ULT</p>
<p>M/SP/F:								     BOOK ENTRY: Y</p>
<p>ENHANCEMENTS: None							BANK QUAL: Y</p>
<p>DTD: 01/01/97							     SURE BID: Y</p>
<p>DUE: 2/1/98-15						SR MGR:</p>
<p>1ST CPN: 08/01/97</p>
<p>CALL: 2/1/06 @ par					  TIC</p>
<p>DELIVERY: 40 days					   ORDERS:</p>
<p>PAYING AGENT: To be named by the City</p>
<p>L.O.: Gray, Plant, Mooty, Mooty &amp; Bennett, Minneapolis</p>
<p>F.A.: Springsted Inc., St. Paul</p>
<p>LAST SALE: $1,685,000 11/10/93 @ 5.1459% TIC; 11yrs 7mos avg; BBI- 5.45%</p>
<p>Year		     Amount    Coupon     Yield     Price  Conc.</p>
<p>1998		    100,000</p>
<p>1999		    100,000</p>
<p>2000		    100,000</p>
<p>2001		    100,000</p>
<p>2002		    150,000</p>
<p>2003		    200,000</p>
<p>2004		    300,000</p>
<p>2005		    350,000</p>
<p>2006		    350,000</p>
<p>2007		    350,000</p>
<p>2008		    350,000</p>
<p>2009		    350,000</p>
<p>2010		    350,000</p>
<p>2011		    350,000</p>
<p>2012		    350,000</p>
<p>2013		    350,000</p>
<p>2014		    350,000</p>
<p>2015		    350,000</p>
<p>COMPETITIVE PRE-SALE CONTRIBUTED BY J.J. KENNY K-SHEETS:</p>
</text>
<copyright>(c) Reuters Limited 1996</copyright>
<metadata>
<codes class="bip:countries:1.0">
  <code code="USA">
    <editdetail attribution="Reuters BIP Coding Group" action="confirmed" date="1996-11-26"/>
  </code>
</codes>
<codes class="bip:topics:1.0">
  <code code="E21">
    <editdetail attribution="Reuters BIP Coding Group" action="confirmed" date="1996-11-26"/>
  </code>
  <code code="E212">
    <editdetail attribution="Reuters BIP Coding Group" action="confirmed" date="1996-11-26"/>
  </code>
  <code code="ECAT">
    <editdetail attribution="Reuters BIP Coding Group" action="confirmed" date="1996-11-26"/>
  </code>
</codes>
<dc element="dc.publisher" value="Reuters Holdings Plc"/>
<dc element="dc.date.published" value="1996-11-26"/>
<dc element="dc.source" value="Reuters"/>
<dc element="dc.creator.location.country.name" value="USA"/>
<dc element="dc.source" value="Reuters"/>
</metadata>
</newsitem>
