<?xml version="1.0" encoding="iso-8859-1" ?>
<newsitem itemid="603036" id="root" date="1997-05-21" xml:lang="en">
<title>SWEDEN: RIKSBANK POLL SHOWS HIGHER INFLATION EXPECTATIONS.</title>
<headline>RIKSBANK POLL SHOWS HIGHER INFLATION EXPECTATIONS.</headline>
<dateline>STOCKHOLM 1997-05-21</dateline>
<text>
<p>Swedish inflation expectations have risen slightly since February, a survey of the country's business sector commissioned by the Swedish central bank, the Riksbank, showed on Wednesday.</p>
<p>The survey of money market players, purchasing managers and members of employees' and employers' organisations, showed they expect Swedish consumer prices to rise 1.5 percent in one year, 1.8 percent in two years and 2.1 percent in five years.</p>
</text>
<copyright>(c) Reuters Limited 1997</copyright>
<metadata>
<codes class="bip:countries:1.0">
  <code code="SWED">
    <editdetail attribution="Reuters BIP Coding Group" action="confirmed" date="1997-05-21"/>
  </code>
</codes>
<codes class="bip:topics:1.0">
  <code code="E13">
    <editdetail attribution="Reuters BIP Coding Group" action="confirmed" date="1997-05-21"/>
  </code>
  <code code="E131">
    <editdetail attribution="Reuters BIP Coding Group" action="confirmed" date="1997-05-21"/>
  </code>
  <code code="ECAT">
    <editdetail attribution="Reuters BIP Coding Group" action="confirmed" date="1997-05-21"/>
  </code>
</codes>
<dc element="dc.date.created" value="1997-05-21"/>
<dc element="dc.publisher" value="Reuters Holdings Plc"/>
<dc element="dc.date.published" value="1997-05-21"/>
<dc element="dc.source" value="Reuters"/>
<dc element="dc.creator.location" value="STOCKHOLM"/>
<dc element="dc.creator.location.country.name" value="SWEDEN"/>
<dc element="dc.source" value="Reuters"/>
</metadata>
</newsitem>
