<?xml version="1.0" encoding="iso-8859-1" ?>
<newsitem itemid="157043" id="root" date="1996-10-31" xml:lang="en">
<title>USA: Caterpillar equipment bound for Bosnia.</title>
<headline>Caterpillar equipment bound for Bosnia.</headline>
<dateline>PEORIA, Ill. 1996-10-31</dateline>
<text>
<p>Caterpillar Inc said Thursday it has sold $10 million in equipment that will be delivered later this year to a coal mine outside of Sarajevo to boost energy production in Bosnia-Herzegovina this winter.</p>
<p>Funds for the equipment were provided by the U.S. government, Caterpillar said. The machinery, including mining trucks, wheel loaders, excavators and parts, will help lift output at the Kakanj mine, which now has just two pieces of equipment.</p>
<p>Kakanj is one of two mines used to produce coal for electricity in Bosnia-Herzegovina, the company said. Money for the equipment was provided under the USAID Emergency Infrastructure and Services Program.</p>
<p>	   -- Reuter Chicago Newsdesk 312-408-8787</p>
</text>
<copyright>(c) Reuters Limited 1996</copyright>
<metadata>
<codes class="bip:countries:1.0">
  <code code="BSHZG">
    <editdetail attribution="Reuters BIP Coding Group" action="confirmed" date="1996-10-31"/>
  </code>
  <code code="USA">
    <editdetail attribution="Reuters BIP Coding Group" action="confirmed" date="1996-10-31"/>
  </code>
</codes>
<codes class="bip:industries:1.0">
  <code code="I32540">
    <editdetail attribution="Reuters BIP Coding Group" action="confirmed" date="1996-10-31"/>
  </code>
</codes>
<codes class="bip:topics:1.0">
  <code code="C33">
    <editdetail attribution="Reuters BIP Coding Group" action="confirmed" date="1996-10-31"/>
  </code>
  <code code="CCAT">
    <editdetail attribution="Reuters BIP Coding Group" action="confirmed" date="1996-10-31"/>
  </code>
</codes>
<dc element="dc.date.created" value="1996-10-31"/>
<dc element="dc.publisher" value="Reuters Holdings Plc"/>
<dc element="dc.date.published" value="1996-10-31"/>
<dc element="dc.source" value="Reuters"/>
<dc element="dc.creator.location" value="PEORIA, Ill."/>
<dc element="dc.creator.location.country.name" value="USA"/>
<dc element="dc.source" value="Reuters"/>
</metadata>
</newsitem>
