<?xml version="1.0" encoding="iso-8859-1" ?>
<newsitem itemid="267305" id="root" date="1996-12-19" xml:lang="en">
<title>USA: Hussey copper price rises to 119.00 cents.</title>
<headline>Hussey copper price rises to 119.00 cents.</headline>
<dateline>NEW YORK 1996-12-19</dateline>
<text>
<p>Hussey Copper Ltd said its contained copper price was up two cents to 119.00 cents a lb effective with December 19 shipments.</p>
<p>--New York Commodity Desk, 212-859-1640</p>
</text>
<copyright>(c) Reuters Limited 1996</copyright>
<metadata>
<codes class="bip:countries:1.0">
  <code code="USA">
    <editdetail attribution="Reuters BIP Coding Group" action="confirmed" date="1996-12-19"/>
  </code>
</codes>
<codes class="bip:topics:1.0">
  <code code="M14">
    <editdetail attribution="Reuters BIP Coding Group" action="confirmed" date="1996-12-19"/>
  </code>
  <code code="M142">
    <editdetail attribution="Reuters BIP Coding Group" action="confirmed" date="1996-12-19"/>
  </code>
  <code code="MCAT">
    <editdetail attribution="Reuters BIP Coding Group" action="confirmed" date="1996-12-19"/>
  </code>
</codes>
<dc element="dc.date.created" value="1996-12-19"/>
<dc element="dc.publisher" value="Reuters Holdings Plc"/>
<dc element="dc.date.published" value="1996-12-19"/>
<dc element="dc.source" value="Reuters"/>
<dc element="dc.creator.location" value="NEW YORK"/>
<dc element="dc.creator.location.country.name" value="USA"/>
<dc element="dc.source" value="Reuters"/>
</metadata>
</newsitem>
