<?xml version="1.0" encoding="iso-8859-1" ?>
<newsitem itemid="580405" id="root" date="1997-05-13" xml:lang="en">
<title>USA: Indonesia Telkom at 31-3/4 in New York.</title>
<headline>Indonesia Telkom at 31-3/4 in New York.</headline>
<dateline>NEW YORK 1997-05-12</dateline>
<text>
<p>PT Telekomunikasi Indonesia (Telkom) closed at 31-3/4 in New York on Monday. It recorded the day's low of 31-5/8 and the day's high of 32.</p>
<p>Volume was 67,400 American Depository Shares. Block volume was 38,200. It previous close on Friday was 32-1/4. One ADS represents 20 ordinary shares. -- Jakarta newsroom (Tel: 6221-3846364).</p>
</text>
<copyright>(c) Reuters Limited 1997</copyright>
<metadata>
<codes class="bip:countries:1.0">
  <code code="INDON">
    <editdetail attribution="Reuters BIP Coding Group" action="confirmed" date="1997-05-13"/>
  </code>
  <code code="USA">
    <editdetail attribution="Reuters BIP Coding Group" action="confirmed" date="1997-05-13"/>
  </code>
</codes>
<codes class="bip:industries:1.0">
  <code code="I79020">
    <editdetail attribution="Reuters BIP Coding Group" action="confirmed" date="1997-05-13"/>
  </code>
</codes>
<codes class="bip:topics:1.0">
  <code code="C15">
    <editdetail attribution="Reuters BIP Coding Group" action="confirmed" date="1997-05-13"/>
  </code>
  <code code="C152">
    <editdetail attribution="Reuters BIP Coding Group" action="confirmed" date="1997-05-13"/>
  </code>
  <code code="CCAT">
    <editdetail attribution="Reuters BIP Coding Group" action="confirmed" date="1997-05-13"/>
  </code>
</codes>
<dc element="dc.date.created" value="1997-05-12"/>
<dc element="dc.publisher" value="Reuters Holdings Plc"/>
<dc element="dc.date.published" value="1997-05-13"/>
<dc element="dc.source" value="Reuters"/>
<dc element="dc.creator.location" value="NEW YORK"/>
<dc element="dc.creator.location.country.name" value="USA"/>
<dc element="dc.source" value="Reuters"/>
</metadata>
</newsitem>
