<?xml version="1.0" encoding="iso-8859-1" ?>
<newsitem itemid="249292" id="root" date="1996-12-11" xml:lang="en">
<title>USA: Ballot questions and bond referendums by state.</title>
<headline>Ballot questions and bond referendums by state.</headline>
<dateline>NEW YORK</dateline>
<text>
<p>The following is a list of upcoming ballot initiatives and measures. The list will be updated as information is made available.</p>
<p>P - passed. D - defeated. NA - not available</p>
<p>FLORIDA</p>
<p>MARCH 25</p>
<p>--Pinellas Cty, Fla., 10-year extension of one-cent sales tax increase for schools.</p>
<p>NEW JERSEY</p>
<p>DECEMBER 4</p>
<p>P - --$2.95 million Runnemede school district bonds for school renovations.</p>
<p>DECEMBER 10</p>
<p>D - --$145 million Woodbridge school bonds for renovations and new construction.</p>
<p>DECEMBER 12</p>
<p>--$28.5 million Evesham Township School Board bonds for school additions and repairs.</p>
<p>--$2.8 million Essex Fells School District school renovation bonds.</p>
<p>--$2.65 million Northern Highlands Regional High School, in Allendale, school bonds for technology and physical education improvements.</p>
<p>JANUARY 28, 1997</p>
<p>--$10 million Willingboro school bonds for renovations.</p>
<p>OHIO</p>
<p>FEBRUARY 4</p>
<p>--$16.5 million for Highland, Ohio</p>
<p>--$15 million for Cleveland Heights, Ohio</p>
<p>--$6.9 million for Chardon, Ohio</p>
<p>OKLAHOMA</p>
<p>JANUARY 4</p>
<p>--$2.7 million for Alva, Oklahoma</p>
<p>FEBRUARY 4</p>
<p>--$550,000 for Pocola, Oklahoma</p>
<p>PENNSYLVANIA</p>
<p>DECEMBER 12</p>
<p>--Evesham Township School Board bonds for school renovations.</p>
<p>SOUTH CAROLINA</p>
<p>MARCH 8</p>
<p>--Lexington Cty, S.C., School District 3, $12.9 million GO bonds for schools.</p>
<p>WASHINGTON</p>
<p>FEBRUARY 4</p>
<p>--$10.5 million for Bothell, Wash.</p>
<p>--U.S. Municipal Desk, 212-859-1650</p>
</text>
<copyright>(c) Reuters Limited 1996</copyright>
<metadata>
<codes class="bip:countries:1.0">
  <code code="USA">
    <editdetail attribution="Reuters BIP Coding Group" action="confirmed" date="1996-12-11"/>
  </code>
</codes>
<codes class="bip:topics:1.0">
  <code code="E21">
    <editdetail attribution="Reuters BIP Coding Group" action="confirmed" date="1996-12-11"/>
  </code>
  <code code="E212">
    <editdetail attribution="Reuters BIP Coding Group" action="confirmed" date="1996-12-11"/>
  </code>
  <code code="ECAT">
    <editdetail attribution="Reuters BIP Coding Group" action="confirmed" date="1996-12-11"/>
  </code>
  <code code="GCAT">
    <editdetail attribution="Reuters BIP Coding Group" action="confirmed" date="1996-12-11"/>
  </code>
  <code code="GPOL">
    <editdetail attribution="Reuters BIP Coding Group" action="confirmed" date="1996-12-11"/>
  </code>
  <code code="GVOTE">
    <editdetail attribution="Reuters BIP Coding Group" action="confirmed" date="1996-12-11"/>
  </code>
</codes>
<dc element="dc.publisher" value="Reuters Holdings Plc"/>
<dc element="dc.date.published" value="1996-12-11"/>
<dc element="dc.source" value="Reuters"/>
<dc element="dc.creator.location" value="NEW YORK"/>
<dc element="dc.creator.location.country.name" value="USA"/>
<dc element="dc.source" value="Reuters"/>
</metadata>
</newsitem>
