<?xml version="1.0" encoding="iso-8859-1" ?>
<newsitem itemid="742847" id="root" date="1997-07-21" xml:lang="en">
<title>USA: CUSIP - University of Pittsburgh.</title>
<headline>CUSIP - University of Pittsburgh.</headline>
<text>
<p>UNIVERSITY OF PITTSBURGH</p>
<p>RE: $131,385,000</p>
<p>OF THE COMMONWEALTH SYSTEM OF HIGHER EDUCATION</p>
<p>UNIVERSITY REFUNDING BONDS</p>
<p>SERIES B OF 1997</p>
<p>This issue is pending through DTC.</p>
<p>     Award:		  07/18/1997</p>
<p>     Delivery:	     08/12/1997 (Firm)</p>
<p>     Initial trade:	07/21/1997</p>
<p>     Time of trade:	12:00PM</p>
<p>	     MATURITY			     CUSIP</p>
<p>	     --------			     -----</p>
<p>	    06/01/1998			  914805CM6</p>
<p>	    06/01/1999			  914805CN4</p>
<p>	    06/01/2000			  914805CP9</p>
<p>	    06/01/2001			  914805CQ7</p>
<p>	    06/01/2002			  914805CR5</p>
<p>	    06/01/2003			  914805CS3</p>
<p>	    06/01/2004			  914805CT1</p>
<p>	    06/01/2005			  914805CU8</p>
<p>	    06/01/2006			  914805CV6</p>
<p>	    06/01/2007			  914805CW4</p>
<p>	    06/01/2008			  914805CX2</p>
<p>	    06/01/2009			  914805CY0</p>
<p>	    06/01/2010			  914805CZ7</p>
<p>	    06/01/2011			  914805DA1</p>
<p>	    06/01/2012			  914805DB9</p>
<p>	    06/01/2014			  914805DC7</p>
<p>	    06/01/2017			  914805DD5</p>
<p>	    06/01/2021			  914805DE3</p>
<p>PNC Capital Markets, Inc.</p>
<p>Lehman Brothers</p>
<p>Mellon Financial Markets Inc.</p>
<p>--U.S. Municipal Desk, 212-859-1650</p>
</text>
<copyright>(c) Reuters Limited 1997</copyright>
<metadata>
<codes class="bip:countries:1.0">
  <code code="USA">
    <editdetail attribution="Reuters BIP Coding Group" action="confirmed" date="1997-07-21"/>
  </code>
</codes>
<codes class="bip:topics:1.0">
  <code code="E21">
    <editdetail attribution="Reuters BIP Coding Group" action="confirmed" date="1997-07-21"/>
  </code>
  <code code="E212">
    <editdetail attribution="Reuters BIP Coding Group" action="confirmed" date="1997-07-21"/>
  </code>
  <code code="ECAT">
    <editdetail attribution="Reuters BIP Coding Group" action="confirmed" date="1997-07-21"/>
  </code>
</codes>
<dc element="dc.publisher" value="Reuters Holdings Plc"/>
<dc element="dc.date.published" value="1997-07-21"/>
<dc element="dc.source" value="Reuters"/>
<dc element="dc.creator.location.country.name" value="USA"/>
<dc element="dc.source" value="Reuters"/>
</metadata>
</newsitem>
