<?xml version="1.0" encoding="iso-8859-1" ?>
<newsitem itemid="87392" id="root" date="1996-10-01" xml:lang="en">
<title>USA: Dreyfus California sets monthly $0.041/shr.</title>
<headline>Dreyfus California sets monthly $0.041/shr.</headline>
<dateline>NEW YORK 1996-10-01</dateline>
<text>
<p>Monthly</p>
<p>		   Latest		    Prior</p>
<p> Amount		 $0.041		  $0.041</p>
<p> Pay		    Oct 28</p>
<p> Record		 Oct 14</p>
<p>NOTE: Full name of company is Dreyfus California Municipal Income Inc.</p>
</text>
<copyright>(c) Reuters Limited 1996</copyright>
<metadata>
<codes class="bip:countries:1.0">
  <code code="USA">
    <editdetail attribution="Reuters BIP Coding Group" action="confirmed" date="1996-10-01"/>
  </code>
</codes>
<codes class="bip:industries:1.0">
  <code code="I81502">
    <editdetail attribution="Reuters BIP Coding Group" action="confirmed" date="1996-10-01"/>
  </code>
  <code code="I8150206">
    <editdetail attribution="Reuters BIP Coding Group" action="confirmed" date="1996-10-01"/>
  </code>
</codes>
<codes class="bip:topics:1.0">
  <code code="C15">
    <editdetail attribution="Reuters BIP Coding Group" action="confirmed" date="1996-10-01"/>
  </code>
  <code code="C151">
    <editdetail attribution="Reuters BIP Coding Group" action="confirmed" date="1996-10-01"/>
  </code>
  <code code="CCAT">
    <editdetail attribution="Reuters BIP Coding Group" action="confirmed" date="1996-10-01"/>
  </code>
</codes>
<dc element="dc.date.created" value="1996-10-01"/>
<dc element="dc.publisher" value="Reuters Holdings Plc"/>
<dc element="dc.date.published" value="1996-10-01"/>
<dc element="dc.source" value="Reuters"/>
<dc element="dc.creator.location" value="NEW YORK"/>
<dc element="dc.creator.location.country.name" value="USA"/>
<dc element="dc.source" value="Reuters"/>
</metadata>
</newsitem>
