<?xml version="1.0" encoding="iso-8859-1" ?>
<newsitem itemid="500591" id="root" date="1997-04-10" xml:lang="en">
<title>USA: Proffitt's March same-store sales rise.</title>
<headline>Proffitt's March same-store sales rise.</headline>
<dateline>KNOXVILLE, Tenn. 1997-04-10</dateline>
<text>
<p>5 weeks   5 weeks    Total     Comparable</p>
<p>			   ended     ended    increase    increase</p>
<p>			  4/5/97    4/6/96   (decrease)  (decrease)</p>
<p>			 ------    ------   ----------  ----------</p>
<p>Proffitt's		  $ 21.3    $ 24.4     (13%)	  5%</p>
<p>McRae's			 45.7	45.7	 0%	   1%</p>
<p>Younkers			51.7	50.9	 2%	   4%</p>
<p>Herberger's		   25.6	27.1     ( 5%)	( 3%)</p>
<p>				------    ------</p>
<p>Divisions in comp base  $144.3    $148.1     ( 3%)	  2%</p>
<p>Parisian			68.6	   -	 -	  (14%)</p>
<p>				------    ------</p>
<p>Total Company	     $212.9    $148.1	44%	   -</p>
<p>NOTES: March comparable store sales would have been about 3.5 percent without effect of lost sales from store closings on Easter Sunday, which fell in March this year and in April last year. Sales at Herberger's affected by severe winter weather in certain markets in March. Comparable stores sales performance at Herberger's and Parisian Divisions was negatively affected by lower inventory levels than one year ago. Also, as planned, Parisian sales were affected by the shift of a major promotional event into April this year from March last year. Full company name is Proffitt's Inc.</p>
</text>
<copyright>(c) Reuters Limited 1997</copyright>
<metadata>
<codes class="bip:countries:1.0">
  <code code="USA">
    <editdetail attribution="Reuters BIP Coding Group" action="confirmed" date="1997-04-10"/>
  </code>
</codes>
<codes class="bip:industries:1.0">
  <code code="I65600">
    <editdetail attribution="Reuters BIP Coding Group" action="confirmed" date="1997-04-10"/>
  </code>
  <code code="I6560002">
    <editdetail attribution="Reuters BIP Coding Group" action="confirmed" date="1997-04-10"/>
  </code>
</codes>
<codes class="bip:topics:1.0">
  <code code="C31">
    <editdetail attribution="Reuters BIP Coding Group" action="confirmed" date="1997-04-10"/>
  </code>
  <code code="CCAT">
    <editdetail attribution="Reuters BIP Coding Group" action="confirmed" date="1997-04-10"/>
  </code>
</codes>
<dc element="dc.date.created" value="1997-04-10"/>
<dc element="dc.publisher" value="Reuters Holdings Plc"/>
<dc element="dc.date.published" value="1997-04-10"/>
<dc element="dc.source" value="Reuters"/>
<dc element="dc.creator.location" value="KNOXVILLE, Tenn."/>
<dc element="dc.creator.location.country.name" value="USA"/>
<dc element="dc.source" value="Reuters"/>
</metadata>
</newsitem>
