<?xml version="1.0" encoding="iso-8859-1" ?>
<newsitem itemid="159299" id="root" date="1996-11-01" xml:lang="en">
<title>USA: Housecall Medical acquires Messick.</title>
<headline>Housecall Medical acquires Messick.</headline>
<dateline>ATLANTA 1996-11-01</dateline>
<text>
<p>Housecall Medical Resources Inc said on Friday it acquired Messick Homecare Inc in a transaction that closed on October 31.</p>
<p>Housecall said it acquired Messick for approximately $5 million in cash and also paid off approximately $2.1 million of Messick debt.</p>
<p>Housecall shares were trading unchanged at 4-1/2 at midday.</p>
<p>Housecall, headquartered in Atlanta provides home healthcare services.</p>
<p>Messick, founded in 1984, provides home respiratory services and medical equipment.</p>
</text>
<copyright>(c) Reuters Limited 1996</copyright>
<metadata>
<codes class="bip:countries:1.0">
  <code code="USA">
    <editdetail attribution="Reuters BIP Coding Group" action="confirmed" date="1996-11-01"/>
  </code>
</codes>
<codes class="bip:industries:1.0">
  <code code="I95100">
    <editdetail attribution="Reuters BIP Coding Group" action="confirmed" date="1996-11-01"/>
  </code>
</codes>
<codes class="bip:topics:1.0">
  <code code="C18">
    <editdetail attribution="Reuters BIP Coding Group" action="confirmed" date="1996-11-01"/>
  </code>
  <code code="C181">
    <editdetail attribution="Reuters BIP Coding Group" action="confirmed" date="1996-11-01"/>
  </code>
  <code code="CCAT">
    <editdetail attribution="Reuters BIP Coding Group" action="confirmed" date="1996-11-01"/>
  </code>
</codes>
<dc element="dc.date.created" value="1996-11-01"/>
<dc element="dc.publisher" value="Reuters Holdings Plc"/>
<dc element="dc.date.published" value="1996-11-01"/>
<dc element="dc.source" value="Reuters"/>
<dc element="dc.creator.location" value="ATLANTA"/>
<dc element="dc.creator.location.country.name" value="USA"/>
<dc element="dc.source" value="Reuters"/>
</metadata>
</newsitem>
