<?xml version="1.0" encoding="iso-8859-1" ?>
<newsitem itemid="540425" id="root" date="1997-04-25" xml:lang="en">
<title>USA: Bell Atlantic justice O.K. may spur mergers.</title>
<headline>Bell Atlantic justice O.K. may spur mergers.</headline>
<byline>Nick Louth</byline>
<dateline>NEW YORK 1997-04-24</dateline>
<text>
<p>The unconditional approval by the U.S. Department of Justice for the $20 billion Bell Atlantic Corp merger with NYNEX Corp on Thursday raises the chances that other U.S. telephone firms may try to combine.</p>
<p>Share analysts said that the merger is almost certain to go ahead now this crucial approval has been secured. But projected cost savings must materialise to spur other deals.</p>
<p>&quot;If Bell Atlantic and NYNEX prove that there are large cost savings other (phone companies) may look hard at such deals too,&quot; said Bill Deatherage of brokers Bear Stearns.</p>
</text>
<copyright>(c) Reuters Limited 1997</copyright>
<metadata>
<codes class="bip:countries:1.0">
  <code code="USA">
    <editdetail attribution="Reuters BIP Coding Group" action="confirmed" date="1997-04-25"/>
  </code>
</codes>
<codes class="bip:industries:1.0">
  <code code="I79020">
    <editdetail attribution="Reuters BIP Coding Group" action="confirmed" date="1997-04-25"/>
  </code>
</codes>
<codes class="bip:topics:1.0">
  <code code="C18">
    <editdetail attribution="Reuters BIP Coding Group" action="confirmed" date="1997-04-25"/>
  </code>
  <code code="C181">
    <editdetail attribution="Reuters BIP Coding Group" action="confirmed" date="1997-04-25"/>
  </code>
  <code code="CCAT">
    <editdetail attribution="Reuters BIP Coding Group" action="confirmed" date="1997-04-25"/>
  </code>
</codes>
<dc element="dc.date.created" value="1997-04-24"/>
<dc element="dc.publisher" value="Reuters Holdings Plc"/>
<dc element="dc.date.published" value="1997-04-25"/>
<dc element="dc.source" value="Reuters"/>
<dc element="dc.creator.location" value="NEW YORK"/>
<dc element="dc.creator.location.country.name" value="USA"/>
<dc element="dc.source" value="Reuters"/>
</metadata>
</newsitem>
