<?xml version="1.0" encoding="iso-8859-1" ?>
<newsitem itemid="387098" id="root" date="1997-02-19" xml:lang="en">
<title>USA: Harnischfeger Industries Inc Q1 net rises.</title>
<headline>Harnischfeger Industries Inc Q1 net rises.</headline>
<dateline>MILWAUKEE 1997-02-19</dateline>
<text>
<p>1997			1996</p>
<p> Shr			   $0.65		    $0.50</p>
<p> Net			  30,858		   23,191</p>
<p> Revs			708,171		  643,566</p>
<p> Avg shrs		   47,720		   46,795</p>
<p>(All Data Above 000s Except Per Share Numbers)</p>
<p>NOTE: Periods ended Jan 31.</p>
<p>Order backlog at Q1 end was $1.4 bln, flat with a year earlier.  </p>
<p>First Call estimate $0.67/shr.</p>
</text>
<copyright>(c) Reuters Limited 1997</copyright>
<metadata>
<codes class="bip:countries:1.0">
  <code code="USA">
    <editdetail attribution="Reuters BIP Coding Group" action="confirmed" date="1997-02-19"/>
  </code>
</codes>
<codes class="bip:industries:1.0">
  <code code="I32754">
    <editdetail attribution="Reuters BIP Coding Group" action="confirmed" date="1997-02-19"/>
  </code>
</codes>
<codes class="bip:topics:1.0">
  <code code="C15">
    <editdetail attribution="Reuters BIP Coding Group" action="confirmed" date="1997-02-19"/>
  </code>
  <code code="C151">
    <editdetail attribution="Reuters BIP Coding Group" action="confirmed" date="1997-02-19"/>
  </code>
  <code code="CCAT">
    <editdetail attribution="Reuters BIP Coding Group" action="confirmed" date="1997-02-19"/>
  </code>
</codes>
<dc element="dc.date.created" value="1997-02-19"/>
<dc element="dc.publisher" value="Reuters Holdings Plc"/>
<dc element="dc.date.published" value="1997-02-19"/>
<dc element="dc.source" value="Reuters"/>
<dc element="dc.creator.location" value="MILWAUKEE"/>
<dc element="dc.creator.location.country.name" value="USA"/>
<dc element="dc.source" value="Reuters"/>
</metadata>
</newsitem>
