<?xml version="1.0" encoding="iso-8859-1" ?>
<newsitem itemid="182681" id="root" date="1996-11-12" xml:lang="en">
<title>USA: US West Coast crudes ease with WTI, ANS stays flat.</title>
<headline>US West Coast crudes ease with WTI, ANS stays flat.</headline>
<dateline>LOS ANGELES 1996-11-12</dateline>
<text>
<p>U.S. West Coast crudes drifted lower early with benchmark West Texas Intermediate (WTI). But differentials for Alaska crude were unchanged after Monday's deal between BP America and a key California refiner.</p>
<p>Differentials stood at a $2.20 discount to December WTI, up 10 cents from the previous discount.</p>
<p>BP raised its offer price 20 cents to $1.90 a barrel off of WTI following the higher deal, a trader said.</p>
<p>Absolute prices for Dec WTI fell 10 cents to $23.20/23.30 a barrel, pushing outright ANS prices to $20.90/21.20.  </p>
<p>Line 63 crude also fell 10 cents with WTI to $20.00/20.30 a barrel.</p>
<p>Arco said it moved up the deadline for Line 63 shippers' nominations to late next week or early next.</p>
<p>Wilmington remained at $18.15/$18.25 a barrel, while Kern River crude stayed $16.65/$16.85 a barrel.</p>
<p>--David Brinkerhoff, Los Angeles energy +1 213 380 2014</p>
</text>
<copyright>(c) Reuters Limited 1996</copyright>
<metadata>
<codes class="bip:countries:1.0">
  <code code="USA">
    <editdetail attribution="Reuters BIP Coding Group" action="confirmed" date="1996-11-12"/>
  </code>
</codes>
<codes class="bip:topics:1.0">
  <code code="M14">
    <editdetail attribution="Reuters BIP Coding Group" action="confirmed" date="1996-11-12"/>
  </code>
  <code code="M143">
    <editdetail attribution="Reuters BIP Coding Group" action="confirmed" date="1996-11-12"/>
  </code>
  <code code="MCAT">
    <editdetail attribution="Reuters BIP Coding Group" action="confirmed" date="1996-11-12"/>
  </code>
</codes>
<dc element="dc.date.created" value="1996-11-12"/>
<dc element="dc.publisher" value="Reuters Holdings Plc"/>
<dc element="dc.date.published" value="1996-11-12"/>
<dc element="dc.source" value="Reuters"/>
<dc element="dc.creator.location" value="LOS ANGELES"/>
<dc element="dc.creator.location.country.name" value="USA"/>
<dc element="dc.source" value="Reuters"/>
</metadata>
</newsitem>
