<?xml version="1.0" encoding="iso-8859-1" ?>
<newsitem itemid="509892" id="root" date="1997-04-15" xml:lang="en">
<title>USA: MGE spring wheat ends mixed, hedging dents nearbys.</title>
<headline>MGE spring wheat ends mixed, hedging dents nearbys.</headline>
<dateline>MINNEAPOLIS 1997-04-15</dateline>
<text>
<p>MGE spring wheat futures settled mixed amid heavy volume as hedge pressure tied to an increase in country movement weighed on nearby contracts, traders said.</p>
<p>Spillover pressure from CBOT and KCBT May contracts also weighed on the front end in Minneapolis.</p>
<p>&quot;We saw liquidation of May due to commercial hedging,&quot; a MGE floor source said. &quot;Bear spreading between May and September helped support new crop.&quot;</p>
<p>Traders said ongoing concern about planting delays in the northern Plains also buoyed new crop values.</p>
<p>MGE spring wheat futures settled five cents per bushel lower to 2-1/4 cents higher, with May down five cents at $4.45 a bushel. July lost 1/4 cent to settle at $4.41-3/4, but Sept gained 3/4 cent to close at $4.40-1/2.</p>
<p>Traders said Linnco was a featured player, selling 800,000 bushels each of the May, July and Sept contracts. LFG also bought one million each of July and September, and bear-spread 1.5 million July/May bushels.</p>
<p>MGE barley futures did not trade.</p>
<p>((--Greg Frost, 816 561-8671))</p>
</text>
<copyright>(c) Reuters Limited 1997</copyright>
<metadata>
<codes class="bip:countries:1.0">
  <code code="USA">
    <editdetail attribution="Reuters BIP Coding Group" action="confirmed" date="1997-04-15"/>
  </code>
</codes>
<codes class="bip:topics:1.0">
  <code code="M14">
    <editdetail attribution="Reuters BIP Coding Group" action="confirmed" date="1997-04-15"/>
  </code>
  <code code="M141">
    <editdetail attribution="Reuters BIP Coding Group" action="confirmed" date="1997-04-15"/>
  </code>
  <code code="MCAT">
    <editdetail attribution="Reuters BIP Coding Group" action="confirmed" date="1997-04-15"/>
  </code>
</codes>
<dc element="dc.date.created" value="1997-04-15"/>
<dc element="dc.publisher" value="Reuters Holdings Plc"/>
<dc element="dc.date.published" value="1997-04-15"/>
<dc element="dc.source" value="Reuters"/>
<dc element="dc.creator.location" value="MINNEAPOLIS"/>
<dc element="dc.creator.location.country.name" value="USA"/>
<dc element="dc.source" value="Reuters"/>
</metadata>
</newsitem>
