<?xml version="1.0" encoding="iso-8859-1" ?>
<newsitem itemid="312240" id="root" date="1997-01-16" xml:lang="en">
<title>USA: Kentucky outlines revenue collection overhaul.</title>
<headline>Kentucky outlines revenue collection overhaul.</headline>
<dateline>FRANKFORT, Ky 1997-01-16</dateline>
<text>
<p>Kentucky Gov. Paul Patton proposed a list of Revenue Cabninet reforms aimed at increasing efficiency and improving collections, the Herald Leader said Thursday.</p>
<p>The proposals would cost $178.5 milion to implement, but would generate $148 million a year in savings and new revenue when fully operational in 2004, the newspaper said.</p>
<p>They include installing a new computer system, simplifying filing procedures, and making it easier to catch people and businesses who don't fully pay their taxes.</p>
<p>A state budget steering committee headed by Rep. Harry Moberly, D-Richmond, approved the proposals Wednesday even though the cost exceeds the $103 million that Patton had previously on legislative approval to spend.</p>
<p>--Jane Sutton, 305-374-5013</p>
</text>
<copyright>(c) Reuters Limited 1997</copyright>
<metadata>
<codes class="bip:countries:1.0">
  <code code="USA">
    <editdetail attribution="Reuters BIP Coding Group" action="confirmed" date="1997-01-16"/>
  </code>
</codes>
<codes class="bip:topics:1.0">
  <code code="E21">
    <editdetail attribution="Reuters BIP Coding Group" action="confirmed" date="1997-01-16"/>
  </code>
  <code code="E211">
    <editdetail attribution="Reuters BIP Coding Group" action="confirmed" date="1997-01-16"/>
  </code>
  <code code="ECAT">
    <editdetail attribution="Reuters BIP Coding Group" action="confirmed" date="1997-01-16"/>
  </code>
  <code code="GCAT">
    <editdetail attribution="Reuters BIP Coding Group" action="confirmed" date="1997-01-16"/>
  </code>
  <code code="GPOL">
    <editdetail attribution="Reuters BIP Coding Group" action="confirmed" date="1997-01-16"/>
  </code>
</codes>
<dc element="dc.date.created" value="1997-01-16"/>
<dc element="dc.publisher" value="Reuters Holdings Plc"/>
<dc element="dc.date.published" value="1997-01-16"/>
<dc element="dc.source" value="Reuters"/>
<dc element="dc.creator.location" value="FRANKFORT, Ky"/>
<dc element="dc.creator.location.country.name" value="USA"/>
<dc element="dc.source" value="Reuters"/>
</metadata>
</newsitem>
