<?xml version="1.0" encoding="iso-8859-1" ?>
<newsitem itemid="85905" id="root" date="1996-09-30" xml:lang="en">
<title>UK: BOE invites band 1,2 bills, shortage 1.7 bln stg.</title>
<headline>BOE invites band 1,2 bills, shortage 1.7 bln stg.</headline>
<dateline>LONDON 1996-09-30</dateline>
<text>
<p>The Bank of England invited UK money market operators to offer band 1 and 2 bills in exchange for cash to help alleviate a revised forecast 1.7 billion stg liquidity shortage in the market.</p>
</text>
<copyright>(c) Reuters Limited 1996</copyright>
<metadata>
<codes class="bip:countries:1.0">
  <code code="UK">
    <editdetail attribution="Reuters BIP Coding Group" action="confirmed" date="1996-09-30"/>
  </code>
</codes>
<codes class="bip:topics:1.0">
  <code code="M13">
    <editdetail attribution="Reuters BIP Coding Group" action="confirmed" date="1996-09-30"/>
  </code>
  <code code="M131">
    <editdetail attribution="Reuters BIP Coding Group" action="confirmed" date="1996-09-30"/>
  </code>
  <code code="MCAT">
    <editdetail attribution="Reuters BIP Coding Group" action="confirmed" date="1996-09-30"/>
  </code>
</codes>
<dc element="dc.date.created" value="1996-09-30"/>
<dc element="dc.publisher" value="Reuters Holdings Plc"/>
<dc element="dc.date.published" value="1996-09-30"/>
<dc element="dc.source" value="Reuters"/>
<dc element="dc.creator.location" value="LONDON"/>
<dc element="dc.creator.location.country.name" value="UK"/>
<dc element="dc.source" value="Reuters"/>
</metadata>
</newsitem>
