<?xml version="1.0" encoding="iso-8859-1" ?>
<newsitem itemid="530657" id="root" date="1997-04-23" xml:lang="en">
<title>USA: HDS Network Systems Inc Q3 $0.05 vs $0.02.</title>
<headline>HDS Network Systems Inc Q3 $0.05 vs $0.02.</headline>
<dateline>KING OF PRUSSIA, Pa. 1997-04-23</dateline>
<text>
<p>(unaudited)</p>
<p>		    Three Months Ended	  Nine Months Ended</p>
<p>			Mar 31,     Mar 31,     Mar 31,     Mar 31,</p>
<p>			  1997	  1996	  1997	  1996</p>
<p>Net revenues $ 6,092,369 $ 3,681,011 $18,472,791 $15,686,094</p>
<p>Cost of revenues</p>
<p>		    3,845,093   2,647,720  12,332,528  11,855,927</p>
<p>Gross profit</p>
<p>		    2,247,276   1,033,291   6,140,263   3,830,167</p>
<p>Operating expenses</p>
<p>Sales and marketing</p>
<p>			993,660     591,991   2,776,150   1,441,542</p>
<p>Research and</p>
<p>  development     404,712     193,207     967,824     486,843</p>
<p>General and</p>
<p>  administrative  438,496     297,373   1,231,247     887,558</p>
<p>Total operating</p>
<p>    expenses    1,836,868   1,082,571   4,975,221   2,815,943</p>
<p>	 Operating</p>
<p>	  income    410,408    (49,280)   1,165,042   1,014,224</p>
<p>Interest income, net</p>
<p>			 25,687	57,182     101,543     178,672</p>
<p>Income before</p>
<p>     taxes	  436,095	 7,902   1,266,585   1,192,896</p>
<p> Income taxes     155,062	 2,845     429,286     433,787</p>
<p> Net income	 281,033	 5,057     837,299     759,109</p>
<p>Earnings per</p>
<p>  share		  0.05	  0.02	  0.12	  0.13</p>
<p>Weighted average shares</p>
<p>  outstanding  10,941,471  10,553,186  10,937,774   7,257,717</p>
<p>-- New York Newsdesk 212 859-1610</p>
<p>NOTE: The company's revenues for the current quarter represent shipments of its new line of network computers and related Windows NT applicaiton server software. Revenues for the comparative quarter in the prior year represent shipments of the company's X terminal product line, which the company marketed and manufactured prior to the introduction of its network computers. </p>
<p>-- New York Newsdesk 212 859-1610</p>
</text>
<copyright>(c) Reuters Limited 1997</copyright>
<metadata>
<codes class="bip:countries:1.0">
  <code code="USA">
    <editdetail attribution="Reuters BIP Coding Group" action="confirmed" date="1997-04-23"/>
  </code>
</codes>
<codes class="bip:industries:1.0">
  <code code="I33020">
    <editdetail attribution="Reuters BIP Coding Group" action="confirmed" date="1997-04-23"/>
  </code>
  <code code="I3302017">
    <editdetail attribution="Reuters BIP Coding Group" action="confirmed" date="1997-04-23"/>
  </code>
</codes>
<codes class="bip:topics:1.0">
  <code code="C15">
    <editdetail attribution="Reuters BIP Coding Group" action="confirmed" date="1997-04-23"/>
  </code>
  <code code="C151">
    <editdetail attribution="Reuters BIP Coding Group" action="confirmed" date="1997-04-23"/>
  </code>
  <code code="CCAT">
    <editdetail attribution="Reuters BIP Coding Group" action="confirmed" date="1997-04-23"/>
  </code>
</codes>
<dc element="dc.date.created" value="1997-04-23"/>
<dc element="dc.publisher" value="Reuters Holdings Plc"/>
<dc element="dc.date.published" value="1997-04-23"/>
<dc element="dc.source" value="Reuters"/>
<dc element="dc.creator.location" value="KING OF PRUSSIA, Pa."/>
<dc element="dc.creator.location.country.name" value="USA"/>
<dc element="dc.source" value="Reuters"/>
</metadata>
</newsitem>
