<?xml version="1.0" encoding="iso-8859-1" ?>
<newsitem itemid="670503" id="root" date="1997-06-18" xml:lang="en">
<title>USA: Summary of winning and other bidders for June 17.</title>
<headline>Summary of winning and other bidders for June 17.</headline>
<dateline>NEW YORK 1997-06-18</dateline>
<text>
<p>The following are the results of competitive bond offerings for Tuesday, June 17.</p>
<p>JUNE 17</p>
<p>------------------------------------------------------------------------</p>
<p>Wichita, Kan. $64.930 million	     Univ of Maryland $60 million</p>
<p>1.PaineWebber	  NIC 4.9824     1.Goldman Sachs     TIC 5.128</p>
<p>2.William Hough	    4.9993</p>
<p>3.Lehman Brothers	  5.0088     Complete results not available.</p>
<p>4.A.G. Edwards	     5.0125</p>
<p>5.Merrill Lynch	    5.0255</p>
<p>6.J.P. Morgan		5.0401</p>
<p>7.George Baum		5.0433</p>
<p>------------------------------------------------------------------------</p>
<p>Provo City SD, Utah $22.5 million   Antioch Area PFFA, Calif. $18.45 million</p>
<p>1.Merrill Lynch	TIC 5.2286     1.Smith Barney	TIC 5.3731</p>
<p>2.Prudential		 5.2466     2.Prudential		5.414</p>
<p>3.Dain Bosworth	    5.2525     3.BancAmerica	     5.4834</p>
<p>4.PaineWebber		5.2532</p>
<p>5.Raymond James	    5.2570</p>
<p>6.First Security	   5.2589</p>
<p>7.Hutchinson Shockey     5.2597</p>
<p>8.First of America	 5.2767</p>
<p>------------------------------------------------------------------------</p>
<p>Santa Clara, Calif. $16.075 million     Williamson Cty, Texas $15 million</p>
<p>1.BancAmerica	TIC 5.3463	 1.ABN AMRO	    TIC 5.2111</p>
<p>2.Smith Barney	   5.3993	 2.Merrill Lynch	   5.2159</p>
<p>3.PaineWebber	    5.4176	 3.William Hough	   5.2362</p>
<p>						4.Prudential		5.3173</p>
<p>------------------------------------------------------------------------</p>
<p>New Hampshire MBB $14.215 million	 New Hampshire MBB $13.63 million</p>
<p>1.State Street     TIC 4.8836	 1.State Street	TIC 4.9230</p>
<p>2.First Albany	   4.9177	 2.First Albany	    4.9656</p>
<p>3.Merrill Lynch	  4.9643	 3.Merrill Lynch	   4.9888</p>
<p>4.Fleet Securities     4.9798	 4.Fleet Securities	4.9983</p>
<p>------------------------------------------------------------------------</p>
<p>Evansville Wtrwks, Ind. $13.25 million  Lee's Summit, Mo. $12 million</p>
<p>1.Merrill Lynch    NIC 5.19	   1.UMB Bank	     NIC 4.6144</p>
<p>2.Griffin Kubik	  5.2641	 2.Merrill Lynch	    4.6240</p>
<p>3.Prudential	     5.2915	 3.Prudential		 4.6395</p>
<p>4.EVEREN		   5.2995	 4.Piper Jaffray	    4.6638</p>
<p>5.City Securities	5.3210	 5.Hutchinson Shockey     4.6761</p>
<p>						6.NationsBank		4.6886</p>
<p>						7.Dain Bosworth	    4.7373</p>
<p>------------------------------------------------------------------------</p>
<p>Alum Rock UESD, Calif. $10 million	Brewster CSD, N.Y. $9.6 million</p>
<p>1.Merrill Lynch     TIC 5.4609	1.Roosevelt &amp; Cross  NIC 5.0447</p>
<p>2.BancAmerica	     5.5144	2.Fleet Securities	 5.1100</p>
<p>3.Smith Barney	    5.5468</p>
<p>4.EVEREN		    5.6061</p>
<p>------------------------------------------------------------------------</p>
<p>Teton Cty SD 1, Wyo. $9.5 million	 Moore ISD 2, Okla. $9.325 million</p>
<p>1.Zions First	NIC 4.5983	 1.State Street	NIC 4.4815</p>
<p>2.Key Capital	    4.6048	 2.Dean Witter	     4.5176</p>
<p>3.Morgan Keegan	  4.6359	 3.Bank of Oklahoma	4.52</p>
<p>4.First Security	 4.6687	 4.UMB Bank		  4.5535</p>
<p>5.Dain Bosworth	  4.7036	 5.Piper Jaffray	   4.5686</p>
<p>6.George Baum	    4.709</p>
<p>7.Mesirow		  4.7173</p>
<p>8.Piper Jaffray	  4.7192</p>
<p>------------------------------------------------------------------------</p>
<p>Williamson Cty, Texas $9.1 million	Needham, Mass. $7.43 million</p>
<p>1.ABN AMRO	    TIC 4.7089	1.Prudential	   TIC 4.4997</p>
<p>2.Morgan Keegan	   4.7282	2.BayBank		    4.5194</p>
<p>3.Merrill Lynch	   4.7387	3.Fleet Securities	 4.5257</p>
<p>4.First Southwest	 4.7479	4.A.G. Edwards	     4.5422</p>
<p>5.William Hough	   4.7580	5.First Union		4.6379</p>
<p>6.Prudential		4.8293	6.J.C. Bradford	    4.7165</p>
<p>------------------------------------------------------------------------</p>
<p>Evans-Brant CSD, N.Y. $6.866 million    Collin Cty CCD, Texas $6.62 million</p>
<p>1.Roosevelt &amp; Cross  NIC 4.9519     1.First Southwest    TIC 5.2455</p>
<p>2.PaineWebber		5.0404     2.PaineWebber		5.3297</p>
<p>						3.Dean Witter		5.3334</p>
<p>						4.Southwest Securities   5.358</p>
<p>------------------------------------------------------------------------</p>
<p>Andover, Minn. $6.315 million	     Orange Twp., N.J. $5.675 million</p>
<p>1.FBS Investment     NIC 4.6554     1.Prudential	  NIC 4.9251</p>
<p>2.Dean Witter		4.6704     2.First Union	     4.9934</p>
<p>3.Smith Barney	     4.7129     3.PNC Capital	     5.0608</p>
<p>4.Dain Bosworth	    4.834</p>
<p>------------------------------------------------------------------------</p>
<p>Shikellamy SD, Pa. $4.995 million	 Lenexa, Kan. $4 million</p>
<p>1.First Union	 TIC 5.1302	1.NationsBank	NIC 4.275</p>
<p>2.Janney Montgomery     5.1531	2.A.H. Williams	  4.3125</p>
<p>3.Boenning		  5.1551	3.UMB Bank		 4.315</p>
<p>4.Mellon		    5.1653	4.Commerce Bank	  4.475</p>
<p>5.Prudential		5.1735</p>
<p>6.PNC			 5.1785</p>
<p>7.William Hough	   5.2048</p>
<p>------------------------------------------------------------------------</p>
<p>Wyoming, Mich. $3.3 million		 Wyoming, Mich. $3.055 million</p>
<p>						1.First of Michigan  NIC 5.27</p>
<p>This issue was postponed.	     2.First of America	 5.298</p>
<p>						3.Smith Barney	     5.318</p>
<p>						4.PaineWebber		5.575</p>
<p>------------------------------------------------------------------------</p>
<p>Agawam, Mass. $3.04 million		 Williamson Cty, Texas $3 million</p>
<p>1.BayBank	    TIC 4.933	  1.Merrill Lynch	TIC 4.849</p>
<p>2.Fleet Securities     4.9531	 2.Morgan Keegan	    4.8725</p>
<p>3.Fidelity Capital     4.9608	 3.William Hough	    4.8816</p>
<p>4.State Street	   4.9874	 4.Prudential		 5.0020</p>
<p>5.A.G. Edwards	   5.0168</p>
<p>6.William Hough	  5.0916</p>
<p>------------------------------------------------------------------------</p>
<p>Rosemount, Minn. $2.8 million	     Lewis Cty, Tenn. $2.7 million</p>
<p>1.Cronin &amp; Co.     TIC 4.78	   1.First Union	  TIC 5.2635</p>
<p>2.Robert Baird	   4.80	   2.J.C. Bradford	    5.2746</p>
<p>3.Piper Jaffray	  4.81	   3.Duncan Williams	  5.2832</p>
<p>4.Griffin Kubik	  4.83	   4.Morgan Keegan	    5.3946</p>
<p>5.FBS Investment	 4.84</p>
<p>6.Harris Trust	   4.85</p>
<p>7.Dain Bosworth	  4.87</p>
<p>------------------------------------------------------------------------</p>
<p>Harris Cty MUD 355, Texas $2.68 million Olmsted Cty, Minn. $2.445 million</p>
<p>1.Legg Mason	 NIC 5.6486	 1.FBS Investment     TIC 4.42</p>
<p>2.First Southwest	5.7867	 2.Dain Bosworth	    4.47</p>
<p>3.Coastal Securities   5.7994	 3.Cronin &amp; Co.	     4.48</p>
<p>4.Rauscher Pierce	5.843	  4.Robert Baird	     4.50</p>
<p>5.Juran &amp; Moody	  5.9242	 5.Harris Trust	     4.523</p>
<p>						6.UMB Bank		   4.547</p>
<p>						7.Piper Jaffray	    4.549</p>
<p>------------------------------------------------------------------------</p>
<p>Waukee CSD, Iowa $2.3 million	     Wyoming, Mich. $2.12 million</p>
<p>1.Dain Bosworth     TIC 5.2529	1.Morgan Keegan	NIC 4.94</p>
<p>2.Harris Trust	    5.2604	2.First of Michigan	5.095</p>
<p>3.EVEREN		    5.2605	3.First of America	 5.181</p>
<p>4.Piper Jaffray	   5.2660</p>
<p>5.Griffin Kubik	   5.3117</p>
<p>------------------------------------------------------------------------</p>
<p>Alum Rock UESD, Calif. $2 million	 Mantua Twp., N.J. $1.845 million</p>
<p>1.BancAmerica     TIC 5.4796	  1.Comm Cap   $1,845,201, cpn 4.75</p>
<p>2.Smith Barney	  5.4878	  2.Prudential $1,845,011, cpn 4.75</p>
<p>3.PaineWebber	   5.5588	  3.PNC	  $1,845,591, cpn 4.80</p>
<p>						4.Janney     $1,845,624, cpn 4.80</p>
<p>						5.Ryan Beck  $1,845,398, cpn 4.85</p>
<p>------------------------------------------------------------------------</p>
<p>Heartland CCD 540, Ill. $1.69 million   Sparta, Wis. $1.6 million</p>
<p>1.Heartland Bank     NIC 4.12	 1.Harris Trust	 TIC 5.24</p>
<p>						2.Smith Barney	     5.25</p>
<p>						3.Robert Baird	     5.26</p>
<p>Complete results not available.     4.Banc One		   5.29</p>
<p>						5.John Kinnard	     5.43</p>
<p>------------------------------------------------------------------------</p>
<p>Bowling Green PPC, Ky. $1.56 million    Bay Village, Ohio $1.455 million</p>
<p>1.Ross Sinclaire    NIC 4.728	 1.Key Capital	 NIC 4.4939</p>
<p>2.Morgan Keegan	   4.7422	2.Seasongood		4.621</p>
<p>3.NatCity		   4.7497	3.Huntington		4.625</p>
<p>4.JJB Hilliard	    4.7823	4.McDonald		  4.6446</p>
<p>						5.The Ohio Company	4.6451</p>
<p>						6.NatCity		   4.6464</p>
<p>						7.Fifth Third	     4.7168</p>
<p>						8.Banc One		  4.7510</p>
<p>------------------------------------------------------------------------</p>
<p>Whiting CSD, Iowa $1.2 million</p>
<p>1.Ruan Securities    NIC 5.238</p>
<p>2.Dain Bosworth	    5.34</p>
<p>--U.S. Municipal Bond Information Group 212-859-1826</p>
</text>
<copyright>(c) Reuters Limited 1997</copyright>
<metadata>
<codes class="bip:countries:1.0">
  <code code="USA">
    <editdetail attribution="Reuters BIP Coding Group" action="confirmed" date="1997-06-18"/>
  </code>
</codes>
<codes class="bip:topics:1.0">
  <code code="E21">
    <editdetail attribution="Reuters BIP Coding Group" action="confirmed" date="1997-06-18"/>
  </code>
  <code code="E212">
    <editdetail attribution="Reuters BIP Coding Group" action="confirmed" date="1997-06-18"/>
  </code>
  <code code="ECAT">
    <editdetail attribution="Reuters BIP Coding Group" action="confirmed" date="1997-06-18"/>
  </code>
  <code code="M12">
    <editdetail attribution="Reuters BIP Coding Group" action="confirmed" date="1997-06-18"/>
  </code>
  <code code="MCAT">
    <editdetail attribution="Reuters BIP Coding Group" action="confirmed" date="1997-06-18"/>
  </code>
</codes>
<dc element="dc.date.created" value="1997-06-18"/>
<dc element="dc.publisher" value="Reuters Holdings Plc"/>
<dc element="dc.date.published" value="1997-06-18"/>
<dc element="dc.source" value="Reuters"/>
<dc element="dc.creator.location" value="NEW YORK"/>
<dc element="dc.creator.location.country.name" value="USA"/>
<dc element="dc.source" value="Reuters"/>
</metadata>
</newsitem>
