<?xml version="1.0" encoding="iso-8859-1" ?>
<newsitem itemid="393946" id="root" date="1997-02-21" xml:lang="en">
<title>USA: Globalink expects lower '96 revenues, loss.</title>
<headline>Globalink expects lower '96 revenues, loss.</headline>
<dateline>FAIRFAX, Va. 1997-02-21</dateline>
<text>
<p>Globalink Inc said on Friday that it expects to report lower 1996 revenues and a loss for the year.</p>
<p>Globalink expects to report a net loss of $2.25 million, or $0.42 a share and sales of $14.0 million, based on preliminary figures. In 1995, the company reported a loss of $1.1 million, or $0.21 a share on revenues of $17.6 million.</p>
</text>
<copyright>(c) Reuters Limited 1997</copyright>
<metadata>
<codes class="bip:countries:1.0">
  <code code="USA">
    <editdetail attribution="Reuters BIP Coding Group" action="confirmed" date="1997-02-21"/>
  </code>
</codes>
<codes class="bip:industries:1.0">
  <code code="I33020">
    <editdetail attribution="Reuters BIP Coding Group" action="confirmed" date="1997-02-21"/>
  </code>
  <code code="I3302021">
    <editdetail attribution="Reuters BIP Coding Group" action="confirmed" date="1997-02-21"/>
  </code>
</codes>
<codes class="bip:topics:1.0">
  <code code="C15">
    <editdetail attribution="Reuters BIP Coding Group" action="confirmed" date="1997-02-21"/>
  </code>
  <code code="C152">
    <editdetail attribution="Reuters BIP Coding Group" action="confirmed" date="1997-02-21"/>
  </code>
  <code code="CCAT">
    <editdetail attribution="Reuters BIP Coding Group" action="confirmed" date="1997-02-21"/>
  </code>
</codes>
<dc element="dc.date.created" value="1997-02-21"/>
<dc element="dc.publisher" value="Reuters Holdings Plc"/>
<dc element="dc.date.published" value="1997-02-21"/>
<dc element="dc.source" value="Reuters"/>
<dc element="dc.creator.location" value="FAIRFAX, Va."/>
<dc element="dc.creator.location.country.name" value="USA"/>
<dc element="dc.source" value="Reuters"/>
</metadata>
</newsitem>
