<?xml version="1.0" encoding="iso-8859-1" ?>
<newsitem itemid="318565" id="root" date="1997-01-20" xml:lang="en">
<title>COLOMBIA: Colombian peso ends 1.9 lower vs dlr at 1,024.10.</title>
<headline>Colombian peso ends 1.9 lower vs dlr at 1,024.10.</headline>
<dateline>BOGOTA 1997-01-20</dateline>
<text>
<p>Colombia's peso closed 1.9 lower against the dollar at 1,024.10 in lackluster trading on the country's interbank market, dealers said.</p>
<p>&quot;The market was very quiet. There weren't many operations involving the corporate sector,&quot; one dealer said in a telephone interview. He and others attributed the lull to the partial holiday in the United States.</p>
<p>Dealers reported just 144 trades for a below-average total of $64.8 million and said the peso held in a 1,022.30 to 1,024.50 range.</p>
<p>((-- Juan Guillermo Londono, Bogota newsroom, 571 610 7944))</p>
</text>
<copyright>(c) Reuters Limited 1997</copyright>
<metadata>
<codes class="bip:countries:1.0">
  <code code="COL">
    <editdetail attribution="Reuters BIP Coding Group" action="confirmed" date="1997-01-20"/>
  </code>
</codes>
<codes class="bip:topics:1.0">
  <code code="M13">
    <editdetail attribution="Reuters BIP Coding Group" action="confirmed" date="1997-01-20"/>
  </code>
  <code code="M132">
    <editdetail attribution="Reuters BIP Coding Group" action="confirmed" date="1997-01-20"/>
  </code>
  <code code="MCAT">
    <editdetail attribution="Reuters BIP Coding Group" action="confirmed" date="1997-01-20"/>
  </code>
</codes>
<dc element="dc.date.created" value="1997-01-20"/>
<dc element="dc.publisher" value="Reuters Holdings Plc"/>
<dc element="dc.date.published" value="1997-01-20"/>
<dc element="dc.source" value="Reuters"/>
<dc element="dc.creator.location" value="BOGOTA"/>
<dc element="dc.creator.location.country.name" value="COLOMBIA"/>
<dc element="dc.source" value="Reuters"/>
</metadata>
</newsitem>
