<?xml version="1.0" encoding="iso-8859-1" ?>
<newsitem itemid="582733" id="root" date="1997-05-14" xml:lang="en">
<title>USA: US deficit rises then falls under budget pact - aide.</title>
<headline>US deficit rises then falls under budget pact - aide.</headline>
<dateline>WASHINGTON 1997-05-14</dateline>
<text>
<p>The budget agreement being worked on between the White House and congressional leaders would increase the deficit in fiscal 1998, before it leveled off and declined to reach balance in 2002, a senior Republican aide said Wednesday.</p>
<p>The Congressional Budget Office has estimated the budget deficit would be $67 billion in fiscal 1997. Based on that projection, under the budget deal the deficit would increase to $80 billion to $85 billion in 1998, level off in 1999, and then fall to about $75 billion in 2000, $40 billion to $50 billion in 2001 before reaching balance in 2002, the aide said.  </p>
<p>The aide said the increase in the deficit in fiscal 1998 was a &quot;natural phenomenon&quot; due to tax cuts kicking in before savings from entitlement programs.</p>
</text>
<copyright>(c) Reuters Limited 1997</copyright>
<metadata>
<codes class="bip:countries:1.0">
  <code code="USA">
    <editdetail attribution="Reuters BIP Coding Group" action="confirmed" date="1997-05-14"/>
  </code>
</codes>
<codes class="bip:topics:1.0">
  <code code="E21">
    <editdetail attribution="Reuters BIP Coding Group" action="confirmed" date="1997-05-14"/>
  </code>
  <code code="E211">
    <editdetail attribution="Reuters BIP Coding Group" action="confirmed" date="1997-05-14"/>
  </code>
  <code code="ECAT">
    <editdetail attribution="Reuters BIP Coding Group" action="confirmed" date="1997-05-14"/>
  </code>
  <code code="GCAT">
    <editdetail attribution="Reuters BIP Coding Group" action="confirmed" date="1997-05-14"/>
  </code>
  <code code="GPOL">
    <editdetail attribution="Reuters BIP Coding Group" action="confirmed" date="1997-05-14"/>
  </code>
</codes>
<dc element="dc.date.created" value="1997-05-14"/>
<dc element="dc.publisher" value="Reuters Holdings Plc"/>
<dc element="dc.date.published" value="1997-05-14"/>
<dc element="dc.source" value="Reuters"/>
<dc element="dc.creator.location" value="WASHINGTON"/>
<dc element="dc.creator.location.country.name" value="USA"/>
<dc element="dc.source" value="Reuters"/>
</metadata>
</newsitem>
