<?xml version="1.0" encoding="iso-8859-1" ?>
<newsitem itemid="105526" id="root" date="1996-10-09" xml:lang="en">
<title>USA: Corona Redev Agency, Calif., won by Smith Barney.</title>
<headline>Corona Redev Agency, Calif., won by Smith Barney.</headline>
<dateline>NEW YORK 1996-10-09</dateline>
<text>
<p>Smith Barney said it won $9.640 million of Corona Revelopment Agency, Calif., project area A housing tax allocation bonds, with a true interest cost of 5.5871 percent.</p>
</text>
<copyright>(c) Reuters Limited 1996</copyright>
<metadata>
<codes class="bip:countries:1.0">
  <code code="USA">
    <editdetail attribution="Reuters BIP Coding Group" action="confirmed" date="1996-10-09"/>
  </code>
</codes>
<codes class="bip:topics:1.0">
  <code code="E21">
    <editdetail attribution="Reuters BIP Coding Group" action="confirmed" date="1996-10-09"/>
  </code>
  <code code="E212">
    <editdetail attribution="Reuters BIP Coding Group" action="confirmed" date="1996-10-09"/>
  </code>
  <code code="ECAT">
    <editdetail attribution="Reuters BIP Coding Group" action="confirmed" date="1996-10-09"/>
  </code>
</codes>
<dc element="dc.date.created" value="1996-10-09"/>
<dc element="dc.publisher" value="Reuters Holdings Plc"/>
<dc element="dc.date.published" value="1996-10-09"/>
<dc element="dc.source" value="Reuters"/>
<dc element="dc.creator.location" value="NEW YORK"/>
<dc element="dc.creator.location.country.name" value="USA"/>
<dc element="dc.source" value="Reuters"/>
</metadata>
</newsitem>
