<?xml version="1.0" encoding="iso-8859-1" ?>
<newsitem itemid="371057" id="root" date="1997-02-11" xml:lang="en">
<title>THAILAND: Essex to delist from Thai bourse.</title>
<headline>Essex to delist from Thai bourse.</headline>
<dateline>BANGKOK 1997-02-11</dateline>
<text>
<p>Jewellery manufacturer Essex International Plc said on Tuesday it had decided to delist the company from the Stock Exchange of Thailand.</p>
<p>The company said in a filing to the bourse that the board had unanimously approved the delisting at a meeting on Monday.</p>
<p>Essex International said a shareholders' extraordinary meeting would be held on March 20 to approve the delisting and to close its share register from February 25.</p>
<p>-- Bangkok newsroom (662) 652-0642</p>
</text>
<copyright>(c) Reuters Limited 1997</copyright>
<metadata>
<codes class="bip:countries:1.0">
  <code code="THAIL">
    <editdetail attribution="Reuters BIP Coding Group" action="confirmed" date="1997-02-11"/>
  </code>
</codes>
<codes class="bip:industries:1.0">
  <code code="I49100">
    <editdetail attribution="Reuters BIP Coding Group" action="confirmed" date="1997-02-11"/>
  </code>
</codes>
<codes class="bip:topics:1.0">
  <code code="C14">
    <editdetail attribution="Reuters BIP Coding Group" action="confirmed" date="1997-02-11"/>
  </code>
  <code code="CCAT">
    <editdetail attribution="Reuters BIP Coding Group" action="confirmed" date="1997-02-11"/>
  </code>
</codes>
<dc element="dc.date.created" value="1997-02-11"/>
<dc element="dc.publisher" value="Reuters Holdings Plc"/>
<dc element="dc.date.published" value="1997-02-11"/>
<dc element="dc.source" value="Reuters"/>
<dc element="dc.creator.location" value="BANGKOK"/>
<dc element="dc.creator.location.country.name" value="THAILAND"/>
<dc element="dc.source" value="Reuters"/>
</metadata>
</newsitem>
