<?xml version="1.0" encoding="iso-8859-1" ?>
<newsitem itemid="800342" id="root" date="1997-08-14" xml:lang="en">
<title>UK: UK TAKEOVERS AND MERGERS - AUGUST 14.</title>
<headline>UK TAKEOVERS AND MERGERS - AUGUST 14.</headline>
<dateline>LONDON 1997-08-14</dateline>
<text>
<p>The following are additions and deletions to the takeovers and mergers list for the week beginning August 11, as provided by the Takeover Panel.</p>
<p>* = Discussions or possible takeover</p>
<p>COMPANY BID FOR</p>
<p>ADDITIONS</p>
<p>Eurodollar Holdings Plc		     Republic Industries</p>
<p>						    (UK) Plc (a wholly</p>
<p>						    owned subsidiary of</p>
<p>						    Republic Industries</p>
<p>						    Inc)</p>
<p>Leigh Interests Plc	)		  *</p>
<p>General Utilities Plc    )</p>
<p>St James Beach Hotels Plc		   Elegant Hotels Limited</p>
<p>DELETIONS</p>
<p>Albert Fisher Group Plc		     *</p>
<p>Grampian Television Plc		     Scottish Media Group</p>
<p>						    Plc</p>
<p>Licensed Leisure Management Plc	   James Edwin Moorby</p>
<p>Roskel Plc					SIG Plc</p>
<p>COMPANY BID FOR				 BIDDER</p>
<p>Appleyard Group Plc			   *</p>
<p>Armour Trust Plc				*</p>
<p>Boosey &amp; Hawkes Plc			   *</p>
<p>Borthwicks Plc				  Danisco A/S</p>
<p>Boustead Plc				    *</p>
<p>Brentford Football &amp; Sports		 Law 844 Ltd</p>
<p>Club Plc</p>
<p>British Building and Engineering	  Britannia Group Plc</p>
<p>Appliances Plc</p>
<p>Bruntcliffe Aggregates Plc    )	   *</p>
<p>Ennstone Plc			)</p>
<p>Central Transport Rental Group Plc	General Electric</p>
<p>						    Capital Corporation</p>
<p>Colleagues Group Plc			  Moore Business Forms</p>
<p>						    Holdings UK Ltd</p>
<p>						    (a wholly owned</p>
<p>						    subsidiary of Moore</p>
<p>						    Corporation Ltd)</p>
<p>Cortworth Plc				   BI Group Plc (a direct</p>
<p>						    wholly owned</p>
<p>						    subsidiary of NIC</p>
<p>						    Holdings (UK) Plc)</p>
<p>David Glass Associates Plc		  Hercules Property</p>
<p>						    Services Plc</p>
<p>Delyn Group Plc				 Newport Holdings Plc</p>
<p>Eurasia Mining Plc   )			*</p>
<p>QEX Resources Inc    )</p>
<p>Eurodollar Holdings Plc		     Republic Industries</p>
<p>						    (UK) Plc (a wholly</p>
<p>						    owned subsidiary of</p>
<p>						    Republic Industries</p>
<p>						    Inc)</p>
<p>Fownes Hotels Plc	)		    *</p>
<p>Fownes Hotel Group Ltd )</p>
<p>Gander Holdings Plc			   *</p>
<p>Grand Metropolitan Plc			Guinness Plc</p>
<p>Graseby Plc				     Smiths Industries Plc</p>
<p>Graystone Plc				   *</p>
<p>Hull City Association Football Club     Bridgestate</p>
<p>Plc						 Developments Limited</p>
<p>Inspirations Plc				Carlson Leisure Group</p>
<p>						    (UK) Limited</p>
<p>Ipeco Holdings Plc			    Castledon Ltd</p>
<p>JKX Oil &amp; Gas Plc			     Ramco Energy Plc</p>
<p>Johnson Fry Second Utilities		Johnson Fry Utilities</p>
<p>Trust Plc					 Trust Plc</p>
<p>Kalamazoo Computer Group Plc		*</p>
<p>Kiln Cotesworth Corporate		   Colrich Limited (a</p>
<p>Capital Fund Plc				wholly-owned</p>
<p>						    subsidiary of NEM</p>
<p>						    (West Indies)</p>
<p>						    Insurance Limited)</p>
<p>Kiln Cotesworth Corporate Capital	 ALIT Underwriting</p>
<p>Fund Plc					  Limited (a wholly</p>
<p>						    owned subsidiary</p>
<p>						    of Abtrust Lloyd's</p>
<p>						    Insurance Trust Plc)</p>
<p>Leicester City Football Club  )	   *</p>
<p>Soccer Investments Plc	  )</p>
<p>Leigh Interests Plc	 )		 *</p>
<p>General Utilities Plc     )</p>
<p>Midland Independent Newspapers Plc	Mirror Group Plc</p>
<p>Plantation &amp; General Investments Plc    Rovida International</p>
<p>						    Limited</p>
<p>Reversionary Gains II Plc )		 *</p>
<p>Reversionary Gains I Plc  )</p>
<p>Ronson Plc					*</p>
<p>Savoy Hotel Plc				 *</p>
<p>Seafield Resources Plc			Dana Petroleum Plc</p>
<p>St James Beach Hotels Plc		   Elegant Hotels Limited</p>
<p>Telewest Communications Plc)		*</p>
<p>NTL Inc			  )</p>
<p>Unionamerica Holdings Plc		   MMI Companies Inc</p>
<p>WEW Group Plc				   *</p>
<p>Wharfside Hotels Plc			  Copthorne Hotels</p>
<p>						    Holdings Ltd</p>
</text>
<copyright>(c) Reuters Limited 1997</copyright>
<metadata>
<codes class="bip:countries:1.0">
  <code code="UK">
    <editdetail attribution="Reuters BIP Coding Group" action="confirmed" date="1997-08-14"/>
  </code>
</codes>
<codes class="bip:topics:1.0">
  <code code="C13">
    <editdetail attribution="Reuters BIP Coding Group" action="confirmed" date="1997-08-14"/>
  </code>
  <code code="C18">
    <editdetail attribution="Reuters BIP Coding Group" action="confirmed" date="1997-08-14"/>
  </code>
  <code code="C181">
    <editdetail attribution="Reuters BIP Coding Group" action="confirmed" date="1997-08-14"/>
  </code>
  <code code="C34">
    <editdetail attribution="Reuters BIP Coding Group" action="confirmed" date="1997-08-14"/>
  </code>
  <code code="CCAT">
    <editdetail attribution="Reuters BIP Coding Group" action="confirmed" date="1997-08-14"/>
  </code>
</codes>
<dc element="dc.date.created" value="1997-08-14"/>
<dc element="dc.publisher" value="Reuters Holdings Plc"/>
<dc element="dc.date.published" value="1997-08-14"/>
<dc element="dc.source" value="Reuters"/>
<dc element="dc.creator.location" value="LONDON"/>
<dc element="dc.creator.location.country.name" value="UK"/>
<dc element="dc.source" value="Reuters"/>
</metadata>
</newsitem>
