<?xml version="1.0" encoding="iso-8859-1" ?>
<newsitem itemid="574557" id="root" date="1997-05-11" xml:lang="en">
<title>UK: PRESS DIGEST - London-based Arab newspapers - May 11.</title>
<headline>PRESS DIGEST - London-based Arab newspapers - May 11.</headline>
<dateline>LONDON 1997-05-11</dateline>
<text>
<p>These are some of the leading stories in two London-based Arabic-language newspapers on Sunday. Reuters has not verified these stories and does not vouch for their accuracy.</p>
<p>AL-HAYAT</p>
<p>- One thousand killed, 40,000 injured in an earthquake in Iran.</p>
<p>- U.S. warns Iran that it will take immediate action if Tehran closes Strait of Hormuz.</p>
<p>ASHARQ AL-AWSAT</p>
<p>- Pope calls for reconciliation among Lebanese.</p>
<p>- Iraq seeks to regain its aircraft, resume flights to Amman.</p>
<p>- Saudi's Makkah for Construction to auction next week 456 apartments built near Islam's holiest shrine in Mecca.</p>
</text>
<copyright>(c) Reuters Limited 1997</copyright>
<metadata>
<codes class="bip:countries:1.0">
  <code code="UK">
    <editdetail attribution="Reuters BIP Coding Group" action="confirmed" date="1997-05-11"/>
  </code>
</codes>
<codes class="bip:topics:1.0">
  <code code="GCAT">
    <editdetail attribution="Reuters BIP Coding Group" action="confirmed" date="1997-05-11"/>
  </code>
</codes>
<dc element="dc.date.created" value="1997-05-11"/>
<dc element="dc.publisher" value="Reuters Holdings Plc"/>
<dc element="dc.date.published" value="1997-05-11"/>
<dc element="dc.source" value="Reuters"/>
<dc element="dc.creator.location" value="LONDON"/>
<dc element="dc.creator.location.country.name" value="UK"/>
<dc element="dc.source" value="Reuters"/>
</metadata>
</newsitem>
