<?xml version="1.0" encoding="iso-8859-1" ?>
<newsitem itemid="635826" id="root" date="1997-06-04" xml:lang="en">
<title>USA: RESEARCH ALERT-Northland Cranberries still a hold.</title>
<headline>RESEARCH ALERT-Northland Cranberries still a hold.</headline>
<dateline>MINNEAPOLIS 1997-06-04</dateline>
<text>
<p>Dain Bosworth Inc analyst Bonnie Wittenburg said Wednesday an announcement by Northland Cranberries Inc naming one of its board members as president and chief operating officer is positive and indicates a possible succession plan is in place.</p>
<p>Jerold Kaminski, a North Cranberries board member, is currently a vice president at General Mills Inc.</p>
<p>Dain Bosworth views Kaminski as the probable successor to Chairman and Chief Executive Officer John Swendrowski, said in a report.</p>
<p>Wittenburg maintains a hold rating on the stock.</p>
<p>Shares of Northland Cranberries closed up 2-5/8 to 15-5/8.</p>
<p>			 ((Chicago newsdesk 312 408 8787))</p>
</text>
<copyright>(c) Reuters Limited 1997</copyright>
<metadata>
<codes class="bip:countries:1.0">
  <code code="USA">
    <editdetail attribution="Reuters BIP Coding Group" action="confirmed" date="1997-06-04"/>
  </code>
</codes>
<codes class="bip:industries:1.0">
  <code code="I01002">
    <editdetail attribution="Reuters BIP Coding Group" action="confirmed" date="1997-06-04"/>
  </code>
  <code code="I0100206">
    <editdetail attribution="Reuters BIP Coding Group" action="confirmed" date="1997-06-04"/>
  </code>
</codes>
<codes class="bip:topics:1.0">
  <code code="C15">
    <editdetail attribution="Reuters BIP Coding Group" action="confirmed" date="1997-06-04"/>
  </code>
  <code code="C152">
    <editdetail attribution="Reuters BIP Coding Group" action="confirmed" date="1997-06-04"/>
  </code>
  <code code="CCAT">
    <editdetail attribution="Reuters BIP Coding Group" action="confirmed" date="1997-06-04"/>
  </code>
</codes>
<dc element="dc.date.created" value="1997-06-04"/>
<dc element="dc.publisher" value="Reuters Holdings Plc"/>
<dc element="dc.date.published" value="1997-06-04"/>
<dc element="dc.source" value="Reuters"/>
<dc element="dc.creator.location" value="MINNEAPOLIS"/>
<dc element="dc.creator.location.country.name" value="USA"/>
<dc element="dc.source" value="Reuters"/>
</metadata>
</newsitem>
