<?xml version="1.0" encoding="iso-8859-1" ?>
<newsitem itemid="310817" id="root" date="1997-01-16" xml:lang="en">
<title>USA: Manhattan Bagel Q4 same-store sales up.</title>
<headline>Manhattan Bagel Q4 same-store sales up.</headline>
<dateline>EATONTOWN, N.J. 1997-01-16</dateline>
<text>
<p>Percent change</p>
<p>		1996	 1995	     Total     Same-Store</p>
<p>Month	 $26.6	$14.0	   +104.6    +4.3</p>
<p>NOTE: Figures in millions except percentage. Results are for the 14-week period ended December 31.</p>
<p>For the 52 weeks ended December 31, the company said its sales grew to $86.2 million from $40.2 million in the previous 53-week year. Same-store sales rose 3.4 percent excluding the additional week from 1995, the company said.</p>
<p>Full company name is Manhattan Bagel Co.)</p>
</text>
<copyright>(c) Reuters Limited 1997</copyright>
<metadata>
<codes class="bip:countries:1.0">
  <code code="USA">
    <editdetail attribution="Reuters BIP Coding Group" action="confirmed" date="1997-01-16"/>
  </code>
</codes>
<codes class="bip:industries:1.0">
  <code code="I41900">
    <editdetail attribution="Reuters BIP Coding Group" action="confirmed" date="1997-01-16"/>
  </code>
</codes>
<codes class="bip:topics:1.0">
  <code code="C15">
    <editdetail attribution="Reuters BIP Coding Group" action="confirmed" date="1997-01-16"/>
  </code>
  <code code="C151">
    <editdetail attribution="Reuters BIP Coding Group" action="confirmed" date="1997-01-16"/>
  </code>
  <code code="CCAT">
    <editdetail attribution="Reuters BIP Coding Group" action="confirmed" date="1997-01-16"/>
  </code>
</codes>
<dc element="dc.date.created" value="1997-01-16"/>
<dc element="dc.publisher" value="Reuters Holdings Plc"/>
<dc element="dc.date.published" value="1997-01-16"/>
<dc element="dc.source" value="Reuters"/>
<dc element="dc.creator.location" value="EATONTOWN, N.J."/>
<dc element="dc.creator.location.country.name" value="USA"/>
<dc element="dc.source" value="Reuters"/>
</metadata>
</newsitem>
