<?xml version="1.0" encoding="iso-8859-1" ?>
<newsitem itemid="12159" id="root" date="1996-08-23" xml:lang="en">
<title>AUSTRALIA: RTRS-Costello says rate cut working through.</title>
<headline>RTRS-Costello says rate cut working through.</headline>
<dateline>MELBOURNE 1996-08-23</dateline>
<text>
<p>Australian Treasurer Peter Costello said on Friday that Australia's recent interest rate cut was still working its way through the economic system.</p>
<p>He also said the government believes it can improve Australia's interest rate regime.  </p>
<p>&quot;I do think that the interest rate regime, which in real terms has been high, has been a terrible burden on manufacture and I think we can improve that,&quot; Costello said.</p>
<p>On the July 31 official interest rate cut to 7.0 percent from 7.50 percent, he said: &quot;We've still got to have the interest rate reduction work its way through the system.&quot;</p>
</text>
<copyright>(c) Reuters Limited 1996</copyright>
<metadata>
<codes class="bip:countries:1.0">
  <code code="AUSTR">
    <editdetail attribution="Reuters BIP Coding Group" action="confirmed" date="1996-08-23"/>
  </code>
</codes>
<codes class="bip:topics:1.0">
  <code code="E12">
    <editdetail attribution="Reuters BIP Coding Group" action="confirmed" date="1996-08-23"/>
  </code>
  <code code="ECAT">
    <editdetail attribution="Reuters BIP Coding Group" action="confirmed" date="1996-08-23"/>
  </code>
</codes>
<dc element="dc.date.created" value="1996-08-23"/>
<dc element="dc.publisher" value="Reuters Holdings Plc"/>
<dc element="dc.date.published" value="1996-08-23"/>
<dc element="dc.source" value="Reuters"/>
<dc element="dc.creator.location" value="MELBOURNE"/>
<dc element="dc.creator.location.country.name" value="AUSTRALIA"/>
<dc element="dc.source" value="Reuters"/>
</metadata>
</newsitem>
