<?xml version="1.0" encoding="iso-8859-1" ?>
<newsitem itemid="317329" id="root" date="1997-01-19" xml:lang="en">
<title>SOUTH AFRICA: Taiwan foreign minister lands in South Africa.</title>
<headline>Taiwan foreign minister lands in South Africa.</headline>
<dateline>JOHANNESBURG 1997-01-19</dateline>
<text>
<p>Taiwanese Foreign Minister John Chang arrived in Johannesburg on Sunday for talks with his South African counterpart Alfred Nzo, officials of the two sides said.</p>
<p>Chang declined to speak to reporters on arrival at Johannesburg airport. He scheduled a news conference for later on Sunday after meeting with Nzo.</p>
<p>President Nelson Mandela said last year South Africa had decided to ditch Taiwan in favour of establishing diplomatic ties with mainland China.</p>
<p>Beijing regards Taiwan as a renegade province and refuses to establish formal ties with countries that recognise Taipei's sovereignty.</p>
</text>
<copyright>(c) Reuters Limited 1997</copyright>
<metadata>
<codes class="bip:countries:1.0">
  <code code="SAFR">
    <editdetail attribution="Reuters BIP Coding Group" action="confirmed" date="1997-01-19"/>
  </code>
  <code code="TAIWAN">
    <editdetail attribution="Reuters BIP Coding Group" action="confirmed" date="1997-01-19"/>
  </code>
</codes>
<codes class="bip:topics:1.0">
  <code code="GCAT">
    <editdetail attribution="Reuters BIP Coding Group" action="confirmed" date="1997-01-19"/>
  </code>
  <code code="GDIP">
    <editdetail attribution="Reuters BIP Coding Group" action="confirmed" date="1997-01-19"/>
  </code>
</codes>
<dc element="dc.date.created" value="1997-01-19"/>
<dc element="dc.publisher" value="Reuters Holdings Plc"/>
<dc element="dc.date.published" value="1997-01-19"/>
<dc element="dc.source" value="Reuters"/>
<dc element="dc.creator.location" value="JOHANNESBURG"/>
<dc element="dc.creator.location.country.name" value="SOUTH AFRICA"/>
<dc element="dc.source" value="Reuters"/>
</metadata>
</newsitem>
