<?xml version="1.0" encoding="iso-8859-1" ?>
<newsitem itemid="481169" id="root" date="1997-04-02" xml:lang="en">
<title>ESTONIA: Estonian banks welcome stricter adequacy ratios.</title>
<headline>Estonian banks welcome stricter adequacy ratios.</headline>
<dateline>TALLINN 1997-04-02</dateline>
<text>
<p>Big Estonian commercial banks welcomed a new, stricter capital adequacy ratio rule on Wednesday, saying it would be positive for banks and the economy as a whole.</p>
<p>Tallinna Pank board vice-chairman Targo Raus told Reuters that the new requirement would theoretically decrease risk in the sector but would not halt lending.</p>
<p>&quot;All the bigger banks have been holding their capital adequacy ratio above 10 percent,&quot; he said.</p>
<p>&quot;It is not going to harm economic growth but rather it will have a positive impact on it,&quot; Raus said.</p>
<p>&quot;The banking sector will be safer and people will bring more money to bank deposits,&quot; he added.</p>
<p>Erkki Raasuke, head of interest rate products at Estonia's largest bank, Hansapank, welcomed the news.</p>
<p>&quot;The news is fundamentally good for Hansapank in the long term as Hansapank's capital adequacy is always higher so it is very welcome,&quot; he said.</p>
<p>&quot;The shift to 10 percent could have been done in a less visible manner and it could hurt the equities market,&quot; he added.</p>
<p>Uhispank vice-president Janek Maggi said the move is positive as it decreases the possibility to take risks.</p>
<p>&quot;One can hold higher risks between eight and 10 percent,&quot; he added.</p>
<p>But he noted that as it diminished the possibilities to take risks, it also decreased the earnings opportunities for banks.</p>
<p>He also said that the bigger banks already have their capital adequacy ratio at 12 percent so the move means it will affect smaller banks more, Maggi added.</p>
<p>-- Eva Palu, Tallinn newsroom, +372 630 8400 reuters@reuters.ee</p>
</text>
<copyright>(c) Reuters Limited 1997</copyright>
<metadata>
<codes class="bip:countries:1.0">
  <code code="ESTNIA">
    <editdetail attribution="Reuters BIP Coding Group" action="confirmed" date="1997-04-02"/>
  </code>
</codes>
<codes class="bip:industries:1.0">
  <code code="I33030">
    <editdetail attribution="Reuters BIP Coding Group" action="confirmed" date="1997-04-02"/>
  </code>
  <code code="I81402">
    <editdetail attribution="Reuters BIP Coding Group" action="confirmed" date="1997-04-02"/>
  </code>
</codes>
<codes class="bip:topics:1.0">
  <code code="C13">
    <editdetail attribution="Reuters BIP Coding Group" action="confirmed" date="1997-04-02"/>
  </code>
  <code code="CCAT">
    <editdetail attribution="Reuters BIP Coding Group" action="confirmed" date="1997-04-02"/>
  </code>
  <code code="E12">
    <editdetail attribution="Reuters BIP Coding Group" action="confirmed" date="1997-04-02"/>
  </code>
  <code code="ECAT">
    <editdetail attribution="Reuters BIP Coding Group" action="confirmed" date="1997-04-02"/>
  </code>
</codes>
<dc element="dc.date.created" value="1997-04-02"/>
<dc element="dc.publisher" value="Reuters Holdings Plc"/>
<dc element="dc.date.published" value="1997-04-02"/>
<dc element="dc.source" value="Reuters"/>
<dc element="dc.creator.location" value="TALLINN"/>
<dc element="dc.creator.location.country.name" value="ESTONIA"/>
<dc element="dc.source" value="Reuters"/>
</metadata>
</newsitem>
