<?xml version="1.0" encoding="iso-8859-1" ?>
<newsitem itemid="562526" id="root" date="1997-05-06" xml:lang="en">
<title>POLAND: Polish PM says Russia will accept NATO growth.</title>
<headline>Polish PM says Russia will accept NATO growth.</headline>
<dateline>WARSAW 1997-05-06</dateline>
<text>
<p>Poland's prime minister said Russia and NATO might finalise details on Tuesday of an agreement that would imply Moscow's acceptance of the Western pact's enlargement.</p>
<p>Premier Wlodzimierz Cimoszewicz said it was possible that the text of an agreement could be finally settled during a meeting in Luxembourg between Russian Foreign Minister Yevgeny Primakov and NATO Secretary-General Javier Solana.</p>
<p>&quot;This fact alone is very significant, as not long ago the Russian leaders claimed that basically they were not interested in any agreement with NATO,&quot; Cimoszewicz told Polish public radio in an interview on Tuesday.</p>
<p>&quot;The agreeing of such an understanding means the de facto acquiescence of Russia to the expansion of the pact,&quot; added Cimoszewicz, whose country threw off Soviet domination in 1989</p>
</text>
<copyright>(c) Reuters Limited 1997</copyright>
<metadata>
<codes class="bip:countries:1.0">
  <code code="NATO">
    <editdetail attribution="Reuters BIP Coding Group" action="confirmed" date="1997-05-06"/>
  </code>
  <code code="POL">
    <editdetail attribution="Reuters BIP Coding Group" action="confirmed" date="1997-05-06"/>
  </code>
  <code code="RUSS">
    <editdetail attribution="Reuters BIP Coding Group" action="confirmed" date="1997-05-06"/>
  </code>
</codes>
<codes class="bip:topics:1.0">
  <code code="GCAT">
    <editdetail attribution="Reuters BIP Coding Group" action="confirmed" date="1997-05-06"/>
  </code>
  <code code="GDEF">
    <editdetail attribution="Reuters BIP Coding Group" action="confirmed" date="1997-05-06"/>
  </code>
  <code code="GDIP">
    <editdetail attribution="Reuters BIP Coding Group" action="confirmed" date="1997-05-06"/>
  </code>
</codes>
<dc element="dc.date.created" value="1997-05-06"/>
<dc element="dc.publisher" value="Reuters Holdings Plc"/>
<dc element="dc.date.published" value="1997-05-06"/>
<dc element="dc.source" value="Reuters"/>
<dc element="dc.creator.location" value="WARSAW"/>
<dc element="dc.creator.location.country.name" value="POLAND"/>
<dc element="dc.source" value="Reuters"/>
</metadata>
</newsitem>
