<?xml version="1.0" encoding="iso-8859-1" ?>
<newsitem itemid="319319" id="root" date="1997-01-20" xml:lang="en">
<title>UK: Goldman Sachs sets warrants on Nestle.</title>
<headline>Goldman Sachs sets warrants on Nestle.</headline>
<dateline>LONDON 1997-01-20</dateline>
<text>
<p>Goldman Sachs International has issued two million American-style call warrants, on Nestle shares, lead manager Goldman Sachs &amp; Co Bank said.</p>
<p>20 warrants control one shares.</p>
<p> STRIKE PRICE    1,500.00 SFR	    PREMIUM	9.26 PCT</p>
<p> ISSUE PRICE     5.95 SFR		  GEARING	12.65 TIMES</p>
<p> EXERCISE PERIOD 30.JAN.97-19.JUN.98   PAYDATE	29.JAN.97</p>
<p> LISTING	   SWISS SE		  MIN EXER LOT 500</p>
<p> SPOT REFERENCE  1,480.00 SFR</p>
<p>--Reuter London Newsroom +44 171 542 7658</p>
</text>
<copyright>(c) Reuters Limited 1997</copyright>
<metadata>
<codes class="bip:countries:1.0">
  <code code="SWITZ">
    <editdetail attribution="Reuters BIP Coding Group" action="confirmed" date="1997-01-20"/>
  </code>
  <code code="UK">
    <editdetail attribution="Reuters BIP Coding Group" action="confirmed" date="1997-01-20"/>
  </code>
</codes>
<codes class="bip:industries:1.0">
  <code code="I41000">
    <editdetail attribution="Reuters BIP Coding Group" action="confirmed" date="1997-01-20"/>
  </code>
</codes>
<codes class="bip:topics:1.0">
  <code code="C21">
    <editdetail attribution="Reuters BIP Coding Group" action="confirmed" date="1997-01-20"/>
  </code>
  <code code="CCAT">
    <editdetail attribution="Reuters BIP Coding Group" action="confirmed" date="1997-01-20"/>
  </code>
</codes>
<dc element="dc.date.created" value="1997-01-20"/>
<dc element="dc.publisher" value="Reuters Holdings Plc"/>
<dc element="dc.date.published" value="1997-01-20"/>
<dc element="dc.source" value="Reuters"/>
<dc element="dc.creator.location" value="LONDON"/>
<dc element="dc.creator.location.country.name" value="UK"/>
<dc element="dc.source" value="Reuters"/>
</metadata>
</newsitem>
