<?xml version="1.0" encoding="iso-8859-1" ?>
<newsitem itemid="237093" id="root" date="1996-12-05" xml:lang="en">
<title>USA: Washington weekly muni bond indices -Piper Jaffray.</title>
<headline>Washington weekly muni bond indices -Piper Jaffray.</headline>
<dateline>NEW YORK 1996-12-05</dateline>
<text>
<p>The following Washington municipal bond indices were compiled by Piper Jaffray Inc for the week ending Dec 6.</p>
<p>						     Previous</p>
<p>					  12/6	  Week	 Change</p>
<p>					  -----------------------------</p>
<p>5 Year A1-rated Gen'l Oblig.    4.25%	 4.30%	-0.05</p>
<p>5 Year A1-rated Utilities Rev.  4.30%	 4.40%	-0.10</p>
<p>10 Year A1-rated Gen'l Oblig.   4.75%	 4.80%	-0.05</p>
<p>10 Year A1-rated Utilities Rev. 4.80%	 4.90%	-0.10</p>
<p>20 Year A1-rated Gen'l Oblig.   5.50%	 5.50%	-0.05</p>
<p>20 Year A1-rated Utilities Rev. 5.60%	 5.60%	-0.10</p>
<p>--U.S. Municipal Desk, 212-859-1650</p>
</text>
<copyright>(c) Reuters Limited 1996</copyright>
<metadata>
<codes class="bip:countries:1.0">
  <code code="USA">
    <editdetail attribution="Reuters BIP Coding Group" action="confirmed" date="1996-12-05"/>
  </code>
</codes>
<codes class="bip:topics:1.0">
  <code code="M12">
    <editdetail attribution="Reuters BIP Coding Group" action="confirmed" date="1996-12-05"/>
  </code>
  <code code="MCAT">
    <editdetail attribution="Reuters BIP Coding Group" action="confirmed" date="1996-12-05"/>
  </code>
</codes>
<dc element="dc.date.created" value="1996-12-05"/>
<dc element="dc.publisher" value="Reuters Holdings Plc"/>
<dc element="dc.date.published" value="1996-12-05"/>
<dc element="dc.source" value="Reuters"/>
<dc element="dc.creator.location" value="NEW YORK"/>
<dc element="dc.creator.location.country.name" value="USA"/>
<dc element="dc.source" value="Reuters"/>
</metadata>
</newsitem>
