<?xml version="1.0" encoding="iso-8859-1" ?>
<newsitem itemid="762070" id="root" date="1997-07-29" xml:lang="en">
<title>USA: No big impact on bonds from US budget deal--Rivlin.</title>
<headline>No big impact on bonds from US budget deal--Rivlin.</headline>
<dateline>WASHINGTON 1997-07-29</dateline>
<text>
<p>Federal Reserve Vice Chair Alice Rivlin on Tuesday welcomed the budget agreement between the White House and Congressional leaders, but said she doubted it would have much of an impact on long-term interest rates.</p>
<p>&quot;I'm very pleased about the balanced budget pact,&quot; she told reporters after testifying to the House Banking Committee.</p>
<p>&quot;Balancing the budget is good for the economy, which certainly has implications for Fed policy, but it is not critical,&quot; she added.  </p>
<p>Rivlin added that the budget agreement was unlikely to have much of an impact on the bond market because the budget deficit is already so low.</p>
<p>&quot;It's unlikely to have a big impact on the market,&quot; she said.</p>
<p>Analysts have forecast that the deficit this year will likely be under $50 billion. Some even believe that the budget could be balanced next year even without the budget agreement.</p>
<p>((--Washington Newsroom 202 898-8300))</p>
</text>
<copyright>(c) Reuters Limited 1997</copyright>
<metadata>
<codes class="bip:countries:1.0">
  <code code="USA">
    <editdetail attribution="Reuters BIP Coding Group" action="confirmed" date="1997-07-29"/>
  </code>
</codes>
<codes class="bip:topics:1.0">
  <code code="E21">
    <editdetail attribution="Reuters BIP Coding Group" action="confirmed" date="1997-07-29"/>
  </code>
  <code code="E211">
    <editdetail attribution="Reuters BIP Coding Group" action="confirmed" date="1997-07-29"/>
  </code>
  <code code="ECAT">
    <editdetail attribution="Reuters BIP Coding Group" action="confirmed" date="1997-07-29"/>
  </code>
  <code code="M12">
    <editdetail attribution="Reuters BIP Coding Group" action="confirmed" date="1997-07-29"/>
  </code>
  <code code="MCAT">
    <editdetail attribution="Reuters BIP Coding Group" action="confirmed" date="1997-07-29"/>
  </code>
</codes>
<dc element="dc.date.created" value="1997-07-29"/>
<dc element="dc.publisher" value="Reuters Holdings Plc"/>
<dc element="dc.date.published" value="1997-07-29"/>
<dc element="dc.source" value="Reuters"/>
<dc element="dc.creator.location" value="WASHINGTON"/>
<dc element="dc.creator.location.country.name" value="USA"/>
<dc element="dc.source" value="Reuters"/>
</metadata>
</newsitem>
