<?xml version="1.0" encoding="iso-8859-1" ?>
<newsitem itemid="398257" id="root" date="1997-02-24" xml:lang="en">
<title>USA: Activision sees growth outside U.S.</title>
<headline>Activision sees growth outside U.S.</headline>
<dateline>SAN FRANCISCO 1997-02-24</dateline>
<text>
<p>Activision Inc will generate much of its revenue growth in 1998 from markets outside the United States and from Sony Corp's PlayStation video game console, the software company's chief executive said Monday.</p>
<p>&quot;We feel in fiscal year 1998 the primary opportunity for growth will come from international sales,&quot; Bobbi Kotick, Activision's chief executive, said at the Robertson Stephens technology conference in San Francisco.</p>
<p>To fuel international expansion, Activision is looking to make acquisitions in Europe, Kotick said.</p>
<p>Activision, based in Los Angeles, also will concentrate on developing games for the Sony PlayStation video game console, which is expected to dominate the market by the end of the year, he said.</p>
<p>Activision will benefit as the PlayStation's retail price drops, Kotick said. He said there was speculation in the industry that Sony planned cut the price of its flagship video game machine to $99 by Christmas.</p>
<p>((--Kourosh Karimkhany in San Francisco, 415 269 6931))</p>
</text>
<copyright>(c) Reuters Limited 1997</copyright>
<metadata>
<codes class="bip:countries:1.0">
  <code code="USA">
    <editdetail attribution="Reuters BIP Coding Group" action="confirmed" date="1997-02-24"/>
  </code>
</codes>
<codes class="bip:industries:1.0">
  <code code="I33020">
    <editdetail attribution="Reuters BIP Coding Group" action="confirmed" date="1997-02-24"/>
  </code>
  <code code="I3302021">
    <editdetail attribution="Reuters BIP Coding Group" action="confirmed" date="1997-02-24"/>
  </code>
  <code code="I34540">
    <editdetail attribution="Reuters BIP Coding Group" action="confirmed" date="1997-02-24"/>
  </code>
</codes>
<codes class="bip:topics:1.0">
  <code code="C11">
    <editdetail attribution="Reuters BIP Coding Group" action="confirmed" date="1997-02-24"/>
  </code>
  <code code="C31">
    <editdetail attribution="Reuters BIP Coding Group" action="confirmed" date="1997-02-24"/>
  </code>
  <code code="C312">
    <editdetail attribution="Reuters BIP Coding Group" action="confirmed" date="1997-02-24"/>
  </code>
  <code code="CCAT">
    <editdetail attribution="Reuters BIP Coding Group" action="confirmed" date="1997-02-24"/>
  </code>
</codes>
<dc element="dc.date.created" value="1997-02-24"/>
<dc element="dc.publisher" value="Reuters Holdings Plc"/>
<dc element="dc.date.published" value="1997-02-24"/>
<dc element="dc.source" value="Reuters"/>
<dc element="dc.creator.location" value="SAN FRANCISCO"/>
<dc element="dc.creator.location.country.name" value="USA"/>
<dc element="dc.source" value="Reuters"/>
</metadata>
</newsitem>
