<?xml version="1.0" encoding="iso-8859-1" ?>
<newsitem itemid="697695" id="root" date="1997-06-30" xml:lang="en">
<title>JAPAN: TOCOM rubber ends mostly down in bearish sentiment.</title>
<headline>TOCOM rubber ends mostly down in bearish sentiment.</headline>
<dateline>TOKYO 1997-06-30</dateline>
<text>
<p>Tokyo rubber futures ended mostly weaker except for the spot July contract in continued bearish sentiment, Japanese traders said on Monday.</p>
<p>Expectations that overseas prices will be weaker on rising output and poor demand in summer, also dampened sentiment.</p>
<p>Prices ranged from 2.2 yen per kg lower to 0.6 yen up. Benchmark December was off 2.2 yen at 119.8 yen.</p>
<p>&quot;Bearish sentiment remains intact,&quot; an analyst at a commodity broker said. &quot;Although some bargain-hunting was detected after the benchmark December broke under 120 yen, the market lacked factors to push up prices,&quot; he said.</p>
</text>
<copyright>(c) Reuters Limited 1997</copyright>
<metadata>
<codes class="bip:countries:1.0">
  <code code="JAP">
    <editdetail attribution="Reuters BIP Coding Group" action="confirmed" date="1997-06-30"/>
  </code>
</codes>
<codes class="bip:topics:1.0">
  <code code="M14">
    <editdetail attribution="Reuters BIP Coding Group" action="confirmed" date="1997-06-30"/>
  </code>
  <code code="M141">
    <editdetail attribution="Reuters BIP Coding Group" action="confirmed" date="1997-06-30"/>
  </code>
  <code code="MCAT">
    <editdetail attribution="Reuters BIP Coding Group" action="confirmed" date="1997-06-30"/>
  </code>
</codes>
<dc element="dc.date.created" value="1997-06-30"/>
<dc element="dc.publisher" value="Reuters Holdings Plc"/>
<dc element="dc.date.published" value="1997-06-30"/>
<dc element="dc.source" value="Reuters"/>
<dc element="dc.creator.location" value="TOKYO"/>
<dc element="dc.creator.location.country.name" value="JAPAN"/>
<dc element="dc.source" value="Reuters"/>
</metadata>
</newsitem>
