<?xml version="1.0" encoding="iso-8859-1" ?>
<newsitem itemid="771267" id="root" date="1997-07-31" xml:lang="en">
<title>JAPAN: Sony - 1st qtr group results.</title>
<headline>Sony - 1st qtr group results.</headline>
<dateline>TOKYO 1997-07-31</dateline>
<text>
<p>Three months to June 30, 1997</p>
<p> (Group)	(in billions of yen unless specified)</p>
<p> Sales		  1.43 trln	 vs	    1.17 trln</p>
<p> Operating	   97.28		vs	   55.32</p>
<p> Pretax		91.88		vs	   43.76</p>
<p> Net		   34.82		vs	   17.10</p>
<p>NOTE - Sony Corp is a large manufacturer of consumer electronics.</p>
</text>
<copyright>(c) Reuters Limited 1997</copyright>
<metadata>
<codes class="bip:countries:1.0">
  <code code="JAP">
    <editdetail attribution="Reuters BIP Coding Group" action="confirmed" date="1997-07-31"/>
  </code>
</codes>
<codes class="bip:industries:1.0">
  <code code="I34540">
    <editdetail attribution="Reuters BIP Coding Group" action="confirmed" date="1997-07-31"/>
  </code>
</codes>
<codes class="bip:topics:1.0">
  <code code="C15">
    <editdetail attribution="Reuters BIP Coding Group" action="confirmed" date="1997-07-31"/>
  </code>
  <code code="C151">
    <editdetail attribution="Reuters BIP Coding Group" action="confirmed" date="1997-07-31"/>
  </code>
  <code code="CCAT">
    <editdetail attribution="Reuters BIP Coding Group" action="confirmed" date="1997-07-31"/>
  </code>
</codes>
<dc element="dc.date.created" value="1997-07-31"/>
<dc element="dc.publisher" value="Reuters Holdings Plc"/>
<dc element="dc.date.published" value="1997-07-31"/>
<dc element="dc.source" value="Reuters"/>
<dc element="dc.creator.location" value="TOKYO"/>
<dc element="dc.creator.location.country.name" value="JAPAN"/>
<dc element="dc.source" value="Reuters"/>
</metadata>
</newsitem>
