<?xml version="1.0" encoding="iso-8859-1" ?>
<newsitem itemid="353339" id="root" date="1997-02-04" xml:lang="en">
<title>SLOVAKIA: BIATHLON-WORLD CHAMPIONSHIP RESULTS.</title>
<headline>BIATHLON-WORLD CHAMPIONSHIP RESULTS.</headline>
<dateline>OSRBLIE, Slovakia 1997-02-04</dateline>
<text>
<p>Leading results from the</p>
<p>biathlon world championships on Tuesday:</p>
<p>Women's 7.5-km team event</p>
<p>1. Norway (Gunn Margit Andreasson, Liv Grete Skjelbreid,</p>
<p>Annette Sikveland, Ann Elen Skjelbreid) 22 minutes 01.8</p>
<p>seconds/1 penalty lap</p>
<p>2. Russia (Olga Romasko, Anna Volkova, Nadezhda Talanova, Olga</p>
<p>Melnik) 22:27.1/2</p>
<p>3. Ukraine (Olena Petrova, Olena Zubrilova, Valentina Tserbe,</p>
<p>Tatiana Vodopyanova) 22:32.5/2</p>
<p>4. Slovakia (Marcela Pavkovcekova, Anna Murinova, Sona</p>
<p>Mohokova, Martina Schwarzbacherova) 22:48.4/0</p>
<p>5. France (Emmanuelle Claret, Veronique Claudel, Christelle</p>
<p>Gros, Delphyne Heymann-Burlet) 22:54.6/3</p>
<p>6. Finland (Mari Lampinen, Katja Holanti, Sanne-Leena Perunka,</p>
<p>Tiina Mikkola) 23:09.0/2</p>
<p>7. Poland (Anna Stera, Agata Suszka, Halina Pinton, Halina</p>
<p>Gunka) 23:37.5/4</p>
<p>8. Bulgaria (Pavlina Filipova, Maria Manolova, Ekaterina</p>
<p>Dafovska, Iva Shkodreva) 23:47.2/3</p>
<p>9. Czech Republic (Jirina Pelcova-Adamcikova, Hana Rychterova,</p>
<p>Irena Novotna, Katerina Losmanova) 24:10.1/3</p>
<p>10.Belarus (Natalia Permiakova, Natalia Moroz, Irina Tananaiko,</p>
<p>Svetlana Belan) 24:12.8/2</p>
</text>
<copyright>(c) Reuters Limited 1997</copyright>
<metadata>
<codes class="bip:countries:1.0">
  <code code="NORW">
    <editdetail attribution="Reuters BIP Coding Group" action="confirmed" date="1997-02-04"/>
  </code>
  <code code="SLVAK">
    <editdetail attribution="Reuters BIP Coding Group" action="confirmed" date="1997-02-04"/>
  </code>
</codes>
<codes class="bip:topics:1.0">
  <code code="GCAT">
    <editdetail attribution="Reuters BIP Coding Group" action="confirmed" date="1997-02-04"/>
  </code>
  <code code="GSPO">
    <editdetail attribution="Reuters BIP Coding Group" action="confirmed" date="1997-02-04"/>
  </code>
</codes>
<dc element="dc.date.created" value="1997-02-04"/>
<dc element="dc.publisher" value="Reuters Holdings Plc"/>
<dc element="dc.date.published" value="1997-02-04"/>
<dc element="dc.source" value="Reuters"/>
<dc element="dc.creator.location" value="OSRBLIE, Slovakia"/>
<dc element="dc.creator.location.country.name" value="SLOVAKIA"/>
<dc element="dc.source" value="Reuters"/>
</metadata>
</newsitem>
