<?xml version="1.0" encoding="iso-8859-1" ?>
<newsitem itemid="279069" id="root" date="1996-12-28" xml:lang="en">
<title>ARGENTINA: Argentina's high court allows pension indexation.</title>
<headline>Argentina's high court allows pension indexation.</headline>
<dateline>BUENOS AIRES 1996-12-27</dateline>
<text>
<p>Argentina's supreme court on Friday ruled that the government must increase back payments to 70,000 pensioners by almost 14 percent.</p>
<p>&quot;The court has re-established the mobility of pension payments since they were fixed through Convertibility,&quot; Julio Nazareno, the president of the supreme court, said on local television.</p>
<p>Argentina's Convertibility plan, introduced in 1991, pegged the peso at par with the dollar and discontinued the practice of indexing pension payments to changes in the cost of living.</p>
<p>&quot;The pension payments in the 1991 to 1994 period will be adjusted,&quot; said Nazareno.</p>
<p>Although it was not immediately clear how much the government will have to pay or how quickly it would have to make back payments, local newspapers have estimated that a 14 percent adjustment would amount to about $3.5 billion.</p>
<p>Some local media have said the back payments may take the form of government bonds.</p>
<p>The pensioners were asking for a 60 percent rise.</p>
<p>The ruling could pave the way for other retired workers in Argentina to make claims against the government for adjustments in their fixed pension payments.</p>
<p>((-- Axel Bugge, Buenos Aires Newsroom, 541 318-0668))</p>
</text>
<copyright>(c) Reuters Limited 1996</copyright>
<metadata>
<codes class="bip:countries:1.0">
  <code code="ARG">
    <editdetail attribution="Reuters BIP Coding Group" action="confirmed" date="1996-12-28"/>
  </code>
</codes>
<codes class="bip:topics:1.0">
  <code code="E21">
    <editdetail attribution="Reuters BIP Coding Group" action="confirmed" date="1996-12-28"/>
  </code>
  <code code="ECAT">
    <editdetail attribution="Reuters BIP Coding Group" action="confirmed" date="1996-12-28"/>
  </code>
  <code code="GCAT">
    <editdetail attribution="Reuters BIP Coding Group" action="confirmed" date="1996-12-28"/>
  </code>
  <code code="GCRIM">
    <editdetail attribution="Reuters BIP Coding Group" action="confirmed" date="1996-12-28"/>
  </code>
  <code code="GWELF">
    <editdetail attribution="Reuters BIP Coding Group" action="confirmed" date="1996-12-28"/>
  </code>
</codes>
<dc element="dc.date.created" value="1996-12-27"/>
<dc element="dc.publisher" value="Reuters Holdings Plc"/>
<dc element="dc.date.published" value="1996-12-28"/>
<dc element="dc.source" value="Reuters"/>
<dc element="dc.creator.location" value="BUENOS AIRES"/>
<dc element="dc.creator.location.country.name" value="ARGENTINA"/>
<dc element="dc.source" value="Reuters"/>
</metadata>
</newsitem>
