<?xml version="1.0" encoding="iso-8859-1" ?>
<newsitem itemid="740422" id="root" date="1997-07-18" xml:lang="en">
<title>UK: Scientist of 'Dolly' fame joins PPL Therap.</title>
<headline>Scientist of 'Dolly' fame joins PPL Therap.</headline>
<dateline>LONDON 1997-07-18</dateline>
<text>
<p>PPL Therapeutics said on Friday that Keith Campbell, the scientist who pioneered the nuclear transfer technology to produce &quot;Dolly the sheep&quot;, was joining it from the Roslin Institute.</p>
<p>At PPL, he will oversee the integration of nuclear transfer technology with the company's transgenic programme, particularly in cattle and sheep.  </p>
<p>&quot;Keith will work with our research teams both in the UK and in the U.S. to develop the technology further, extending it to other species, such as cattle and pigs, so that we can confidently produce transgenic livestock producing important therapeutic proteins quickly,&quot; Alan Colman, research director at PPL, said in a statement.</p>
<p>PPL is a world leader in the production of recombinant proteins using transgenic technology. Successful application of the NT technique would not only increase the efficiency of protein production but may also extend the range of proteins and peptides which can be made this way, it said.</p>
<p>-- London newsroom +44 171 542 4365</p>
</text>
<copyright>(c) Reuters Limited 1997</copyright>
<metadata>
<codes class="bip:countries:1.0">
  <code code="UK">
    <editdetail attribution="Reuters BIP Coding Group" action="confirmed" date="1997-07-18"/>
  </code>
</codes>
<codes class="bip:industries:1.0">
  <code code="I25700">
    <editdetail attribution="Reuters BIP Coding Group" action="confirmed" date="1997-07-18"/>
  </code>
</codes>
<codes class="bip:topics:1.0">
  <code code="C41">
    <editdetail attribution="Reuters BIP Coding Group" action="confirmed" date="1997-07-18"/>
  </code>
  <code code="C411">
    <editdetail attribution="Reuters BIP Coding Group" action="confirmed" date="1997-07-18"/>
  </code>
  <code code="CCAT">
    <editdetail attribution="Reuters BIP Coding Group" action="confirmed" date="1997-07-18"/>
  </code>
</codes>
<dc element="dc.date.created" value="1997-07-18"/>
<dc element="dc.publisher" value="Reuters Holdings Plc"/>
<dc element="dc.date.published" value="1997-07-18"/>
<dc element="dc.source" value="Reuters"/>
<dc element="dc.creator.location" value="LONDON"/>
<dc element="dc.creator.location.country.name" value="UK"/>
<dc element="dc.source" value="Reuters"/>
</metadata>
</newsitem>
