<?xml version="1.0" encoding="iso-8859-1" ?>
<newsitem itemid="747235" id="root" date="1997-07-22" xml:lang="en">
<title>FRANCE: Temperatures hit records in Algerian Sahara.</title>
<headline>Temperatures hit records in Algerian Sahara.</headline>
<dateline>PARIS 1997-07-22</dateline>
<text>
<p>Temperatures in the Tidikelt area of Algeria's Sahara Desert have hit records of more than 48 degrees Celsius (over 118 degrees Fahrenheit) in the shade during the day, Algeria's official news agency APS said on Tuesday.</p>
<p>Even at night, the average has been 34 to 36 degrees (93 to 97 degrees Fahrenheit), it said, adding that fans, air conditioners and humidiers could not cope with the heat.</p>
<p>The agency said there was also a shortage of drinking water caused by the main water distribution firm, which is in financial difficulties, having its power cut off for non-payment of bills.</p>
<p>The main town in Tidikelt region is In Salah, some 550 km (345 miles) north of Algeria's main southern town of Tamanrasset.</p>
</text>
<copyright>(c) Reuters Limited 1997</copyright>
<metadata>
<codes class="bip:countries:1.0">
  <code code="ALG">
    <editdetail attribution="Reuters BIP Coding Group" action="confirmed" date="1997-07-22"/>
  </code>
</codes>
<codes class="bip:topics:1.0">
  <code code="GCAT">
    <editdetail attribution="Reuters BIP Coding Group" action="confirmed" date="1997-07-22"/>
  </code>
  <code code="GWEA">
    <editdetail attribution="Reuters BIP Coding Group" action="confirmed" date="1997-07-22"/>
  </code>
</codes>
<dc element="dc.date.created" value="1997-07-22"/>
<dc element="dc.publisher" value="Reuters Holdings Plc"/>
<dc element="dc.date.published" value="1997-07-22"/>
<dc element="dc.source" value="Reuters"/>
<dc element="dc.creator.location" value="PARIS"/>
<dc element="dc.creator.location.country.name" value="FRANCE"/>
<dc element="dc.source" value="Reuters"/>
</metadata>
</newsitem>
