<?xml version="1.0" encoding="iso-8859-1" ?>
<newsitem itemid="306793" id="root" date="1997-01-14" xml:lang="en">
<title>USA: U.S. Consumer prices up 0.3 percent in December.</title>
<headline>U.S. Consumer prices up 0.3 percent in December.</headline>
<dateline>WASHINGTON 1997-01-14</dateline>
<text>
<p>Consumer prices in December edged higher as inflation for all of 1996 rose at the fastest rate in six years, the Labor Department said on Tuesday.</p>
<p>The Department said the consumer price index rose 0.3 percent in December, identical with November's rise. However, with the often-volatile food and energy sector removed, the so-called core rate increased more modestly, rising only 0.1 percent after being up 0.2 percent in November.</p>
</text>
<copyright>(c) Reuters Limited 1997</copyright>
<metadata>
<codes class="bip:countries:1.0">
  <code code="USA">
    <editdetail attribution="Reuters BIP Coding Group" action="confirmed" date="1997-01-14"/>
  </code>
</codes>
<codes class="bip:topics:1.0">
  <code code="E13">
    <editdetail attribution="Reuters BIP Coding Group" action="confirmed" date="1997-01-14"/>
  </code>
  <code code="E131">
    <editdetail attribution="Reuters BIP Coding Group" action="confirmed" date="1997-01-14"/>
  </code>
  <code code="ECAT">
    <editdetail attribution="Reuters BIP Coding Group" action="confirmed" date="1997-01-14"/>
  </code>
</codes>
<dc element="dc.date.created" value="1997-01-14"/>
<dc element="dc.publisher" value="Reuters Holdings Plc"/>
<dc element="dc.date.published" value="1997-01-14"/>
<dc element="dc.source" value="Reuters"/>
<dc element="dc.creator.location" value="WASHINGTON"/>
<dc element="dc.creator.location.country.name" value="USA"/>
<dc element="dc.source" value="Reuters"/>
</metadata>
</newsitem>
