<?xml version="1.0" encoding="iso-8859-1" ?>
<newsitem itemid="99840" id="root" date="1996-10-07" xml:lang="en">
<title>TURKEY: Turkish lira/bond/forex closing report.</title>
<headline>Turkish lira/bond/forex closing report.</headline>
<dateline>ISTANBUL 1996-10-07</dateline>
<text>
<p>The Turkish lira eased to 92,875 against the dollar on Monday from 92,520 at Friday's close on banks' dollar demand, bankers said.</p>
<p>The central bank set its dollar rate for banks' compulsory currency transfers at 92,700 lira at the opening, up from 92,400 Friday's close.</p>
<p>Bankers said the banks' dollar demand remained relatively firm despite cash shortage, on expectations of speedier lira depreciation due to increasing inflation rate awaited in the last quarter of the year.</p>
<p>They said cash demand was strong as banks repaid the central bank a total of 36.7 trillion lira for overnight borrowing and maturing open market repos.</p>
<p>The central bank injected a total of 39.9 trillion lira -- 16.5 trillion lira by buying seven-day repos at an average annual rate of 73.33 percent in an open market auction and 23.4 trillion lira via overnight lending at 75 percent on the interbank.</p>
<p>The overnight money traded also at 74.75 percent during the day.</p>
<p>T-bill yields eased by around one point ahead of the Treasury's announcement of the week of t-bill auction.</p>
<p>The average yield on the most heavily traded May 7 paper eased to 127.70 percent from 127.97 on Friday. The second most active March 26 paper yielded 123.70 percent, down from Friday's 125.10 percent average.</p>
<p>The central bank said the Treasury would auction 238-day t-bills on Tuesday with Wednesday value date when 145.2 trillion lira will be cashed in from maturing t-bills.</p>
<p>-- Istanbul Newsroom, +90-212-275 0875 IMA EKS</p>
</text>
<copyright>(c) Reuters Limited 1996</copyright>
<metadata>
<codes class="bip:countries:1.0">
  <code code="TURK">
    <editdetail attribution="Reuters BIP Coding Group" action="confirmed" date="1996-10-07"/>
  </code>
</codes>
<codes class="bip:topics:1.0">
  <code code="M12">
    <editdetail attribution="Reuters BIP Coding Group" action="confirmed" date="1996-10-07"/>
  </code>
  <code code="M13">
    <editdetail attribution="Reuters BIP Coding Group" action="confirmed" date="1996-10-07"/>
  </code>
  <code code="M132">
    <editdetail attribution="Reuters BIP Coding Group" action="confirmed" date="1996-10-07"/>
  </code>
  <code code="MCAT">
    <editdetail attribution="Reuters BIP Coding Group" action="confirmed" date="1996-10-07"/>
  </code>
</codes>
<dc element="dc.date.created" value="1996-10-07"/>
<dc element="dc.publisher" value="Reuters Holdings Plc"/>
<dc element="dc.date.published" value="1996-10-07"/>
<dc element="dc.source" value="Reuters"/>
<dc element="dc.creator.location" value="ISTANBUL"/>
<dc element="dc.creator.location.country.name" value="TURKEY"/>
<dc element="dc.source" value="Reuters"/>
</metadata>
</newsitem>
