<?xml version="1.0" encoding="iso-8859-1" ?>
<newsitem itemid="584302" id="root" date="1997-05-14" xml:lang="en">
<title>UK: Airtours up as loss narrows, bookings perk up.</title>
<headline>Airtours up as loss narrows, bookings perk up.</headline>
<dateline>LONDON 1997-05-14</dateline>
<text>
<p>Shares in Airtours Plc rose 18p to 962-1/2p on Wednesday as first-half results and bookings news cheered the market, analysts said.</p>
<p>Winter pre-tax losses narrowed by 45 percent to 12.67 million stg, about two million less than the market expected.</p>
<p>&quot;We will be examining our figures for the year but not until after we've talked to the company this morning. But they certainly won't be going down,&quot; said one analyst.</p>
<p>Airtours said booking levels and load factors for this summer are &quot;showing appreciable gains&quot;.</p>
<p>UK tour operations summer 1997 bookings are 28.8 percent ahead of last year and winter 1997/98 bookings are 49.7 percent higher than the winter just past, the company said. Summer 1998 bookings are ahead of the company's expectations, it said.</p>
<p>-- Louise Ireland, London Newsroom +44 171 542 7717</p>
</text>
<copyright>(c) Reuters Limited 1997</copyright>
<metadata>
<codes class="bip:countries:1.0">
  <code code="UK">
    <editdetail attribution="Reuters BIP Coding Group" action="confirmed" date="1997-05-14"/>
  </code>
</codes>
<codes class="bip:industries:1.0">
  <code code="I77001">
    <editdetail attribution="Reuters BIP Coding Group" action="confirmed" date="1997-05-14"/>
  </code>
</codes>
<codes class="bip:topics:1.0">
  <code code="C15">
    <editdetail attribution="Reuters BIP Coding Group" action="confirmed" date="1997-05-14"/>
  </code>
  <code code="C152">
    <editdetail attribution="Reuters BIP Coding Group" action="confirmed" date="1997-05-14"/>
  </code>
  <code code="CCAT">
    <editdetail attribution="Reuters BIP Coding Group" action="confirmed" date="1997-05-14"/>
  </code>
</codes>
<dc element="dc.date.created" value="1997-05-14"/>
<dc element="dc.publisher" value="Reuters Holdings Plc"/>
<dc element="dc.date.published" value="1997-05-14"/>
<dc element="dc.source" value="Reuters"/>
<dc element="dc.creator.location" value="LONDON"/>
<dc element="dc.creator.location.country.name" value="UK"/>
<dc element="dc.source" value="Reuters"/>
</metadata>
</newsitem>
