<?xml version="1.0" encoding="iso-8859-1" ?>
<newsitem itemid="688880" id="root" date="1997-06-26" xml:lang="en">
<title>BULGARIA: PRESS DIGEST - Bulgaria - June 26.</title>
<headline>PRESS DIGEST - Bulgaria - June 26.</headline>
<dateline>SOFIA 1997-06-26</dateline>
<text>
<p>These are some of the main stories in Sofia newspapers today. Reuters has not verified these stories and does not vouch for their accuracy.</p>
<p>24 CHASA</p>
<p>-- Bulgaria's Supreme Court is expected to rule today on an appeal by First Private Bank against last month's decision by the Bulgarian National Bank to retract its licence.</p>
<p>-- A platoon of Bulgarian engineer corps left for Bosnia to join the United Nations SFOR peace keeping force there. @</p>
<p>-- Bulgaria's state carrier Balkan Airlines plans to replace its old Soviet-made planes before the firm is offered for privatisation, Balkan's executive director Valeri Doganov said.</p>
<p>TRUD</p>
<p>-- Bulgaria is expected to lift restrictions on buying cash foreign currency by Bulgarians as part of preparations to launch a currency board system from July 1, Bulgarian National Bank governor Svetoslav Gavriiski said. @</p>
<p>At present Bulgarians are allowed to buy cash foreign currency up to the equivalent of $2,000 annually under a government decree.</p>
<p>STANDART</p>
<p>-- The Bulgarian National Bank (BNB) has bought enough German marks on global markets to meet cash demand as part of preparations to launch a currency board system, BNB governor Svetoslav Gavriiski said.</p>
<p>-- Bulgaria's State Railways (BSR) said it would allow private railway companies to use BSR's railway tracks from the beginning of 1998. @</p>
<p>-- Bulgaria's central government budget deficit fell by some 39.18 billion levs in the first half of June to 446.04 billion levs, Finance Ministry figures showed.</p>
<p>PARI</p>
<p>-- Bulgaria's State Railways (BSR) said it may choose state United Bulgarian Bank to service company accounts. BSR daily turnover ammounts to some 1.2 billion levs. @</p>
<p>-- Bulgaria's biggest oil refinery Neftochim said it had restructured its board of directors in line with government recommendations to curb losses and tighten administrative control. Neftochim posted some 30 billion levs losses last year.</p>
<p>-- Bulgaria's State Savings Bank, the country's largest savings institution, said it had posted 35.5 billion lev profit for the first five months of this year.</p>
<p>-- Sofia Newsroom, (++359-2) 91188</p>
</text>
<copyright>(c) Reuters Limited 1997</copyright>
<metadata>
<codes class="bip:countries:1.0">
  <code code="BUL">
    <editdetail attribution="Reuters BIP Coding Group" action="confirmed" date="1997-06-26"/>
  </code>
</codes>
<codes class="bip:topics:1.0">
  <code code="GCAT">
    <editdetail attribution="Reuters BIP Coding Group" action="confirmed" date="1997-06-26"/>
  </code>
</codes>
<dc element="dc.date.created" value="1997-06-26"/>
<dc element="dc.publisher" value="Reuters Holdings Plc"/>
<dc element="dc.date.published" value="1997-06-26"/>
<dc element="dc.source" value="Reuters"/>
<dc element="dc.creator.location" value="SOFIA"/>
<dc element="dc.creator.location.country.name" value="BULGARIA"/>
<dc element="dc.source" value="Reuters"/>
</metadata>
</newsitem>
