<?xml version="1.0" encoding="iso-8859-1" ?>
<newsitem itemid="258200" id="root" date="1996-12-16" xml:lang="en">
<title>UK: European jet fuel premiums stable, Asia arb seen.</title>
<headline>European jet fuel premiums stable, Asia arb seen.</headline>
<dateline>LONDON 1996-12-16</dateline>
<text>
<p>European jet fuel business focused largely on the Med on Monday but sentiment was cautious with an arb to Asia opening only periodically, traders said.</p>
<p>The Med was long with most interest seen for dual purpose kerosene into Asia. But for a profitable trade parcels of 40,000 tonnes involving two port loadings were required and these were difficult to arrange, traders said. Premiums were notionally about fob Med high +$4/8.</p>
<p>Benchmark Jan IPE futures rose $8 to $221.75 a tonne following a NYMEX rally on forecasts of cold weather in the United States.</p>
<p>NWE was quiet. Barges fob ARA were notionally unchanged at Jan IPE +$25/27. Cargoes were steady at Jan IPE +$32/4 cif NWE.</p>
<p>-- William Maclean, London newsroom +44 171 542 7646</p>
</text>
<copyright>(c) Reuters Limited 1996</copyright>
<metadata>
<codes class="bip:countries:1.0">
  <code code="UK">
    <editdetail attribution="Reuters BIP Coding Group" action="confirmed" date="1996-12-16"/>
  </code>
</codes>
<codes class="bip:topics:1.0">
  <code code="M14">
    <editdetail attribution="Reuters BIP Coding Group" action="confirmed" date="1996-12-16"/>
  </code>
  <code code="M143">
    <editdetail attribution="Reuters BIP Coding Group" action="confirmed" date="1996-12-16"/>
  </code>
  <code code="MCAT">
    <editdetail attribution="Reuters BIP Coding Group" action="confirmed" date="1996-12-16"/>
  </code>
</codes>
<dc element="dc.date.created" value="1996-12-16"/>
<dc element="dc.publisher" value="Reuters Holdings Plc"/>
<dc element="dc.date.published" value="1996-12-16"/>
<dc element="dc.source" value="Reuters"/>
<dc element="dc.creator.location" value="LONDON"/>
<dc element="dc.creator.location.country.name" value="UK"/>
<dc element="dc.source" value="Reuters"/>
</metadata>
</newsitem>
