<?xml version="1.0" encoding="iso-8859-1" ?>
<newsitem itemid="170851" id="root" date="1996-11-06" xml:lang="en">
<title>ITALY: Safilo turnover up 28 pct in 1st 9 months.</title>
<headline>Safilo turnover up 28 pct in 1st 9 months.</headline>
<dateline>MILAN 1996-11-06</dateline>
<text>
<p>Italian spectacle frame maker Safilo said group turnover in the first nine months of 1996 rose 28 percent to 405.5 billion lire from the year-ago period.</p>
<p>Third quarter turnover totalled 134 billion lire, up 34 percent on the same 1995 period, Safilo said in a statement.</p>
<p>Group financial charges after its acquisitions of U.S. sports sunglasses group Smith Sports Optics Inc in March and Austrian Carrera-Optyl in July were limited to 2.1 percent of turnover, it said.</p>
<p>Operating profitability in the first nine months had equalled 9.6 percent of revenue.</p>
<p>Safilo said in September it aimed for turnover of one trillion lire by 1998.</p>
<p>-- Milan newsroom +392 66129589</p>
</text>
<copyright>(c) Reuters Limited 1996</copyright>
<metadata>
<codes class="bip:countries:1.0">
  <code code="ITALY">
    <editdetail attribution="Reuters BIP Coding Group" action="confirmed" date="1996-11-06"/>
  </code>
</codes>
<codes class="bip:industries:1.0">
  <code code="I37300">
    <editdetail attribution="Reuters BIP Coding Group" action="confirmed" date="1996-11-06"/>
  </code>
</codes>
<codes class="bip:topics:1.0">
  <code code="C15">
    <editdetail attribution="Reuters BIP Coding Group" action="confirmed" date="1996-11-06"/>
  </code>
  <code code="C151">
    <editdetail attribution="Reuters BIP Coding Group" action="confirmed" date="1996-11-06"/>
  </code>
  <code code="CCAT">
    <editdetail attribution="Reuters BIP Coding Group" action="confirmed" date="1996-11-06"/>
  </code>
</codes>
<dc element="dc.date.created" value="1996-11-06"/>
<dc element="dc.publisher" value="Reuters Holdings Plc"/>
<dc element="dc.date.published" value="1996-11-06"/>
<dc element="dc.source" value="Reuters"/>
<dc element="dc.creator.location" value="MILAN"/>
<dc element="dc.creator.location.country.name" value="ITALY"/>
<dc element="dc.source" value="Reuters"/>
</metadata>
</newsitem>
