<?xml version="1.0" encoding="iso-8859-1" ?>
<newsitem itemid="614979" id="root" date="1997-05-26" xml:lang="en">
<title>JAPAN: Nippon Express - 96/97 group results.</title>
<headline>Nippon Express - 96/97 group results.</headline>
<dateline>TOKYO 1997-05-26</dateline>
<text>
<p>Year to March 31, 1997</p>
<p> (Group)	(in billions of yen unless specified)</p>
<p> Sales		  1.79 trln	 vs	    1.71 trln</p>
<p> Operating	   53.02		vs	   57.77</p>
<p> Current	     54.32		vs	   55.50</p>
<p> Net		   27.50		vs	   27.80</p>
<p> EPS		   25.60 yen	  vs	   25.88 yen</p>
<p> Diluted EPS	 24.00 yen	  vs	   24.26 yen</p>
<p>NOTE - Nippon Express Co Ltd is a major transport company.</p>
</text>
<copyright>(c) Reuters Limited 1997</copyright>
<metadata>
<codes class="bip:countries:1.0">
  <code code="JAP">
    <editdetail attribution="Reuters BIP Coding Group" action="confirmed" date="1997-05-26"/>
  </code>
</codes>
<codes class="bip:industries:1.0">
  <code code="I77002">
    <editdetail attribution="Reuters BIP Coding Group" action="confirmed" date="1997-05-26"/>
  </code>
</codes>
<codes class="bip:topics:1.0">
  <code code="C15">
    <editdetail attribution="Reuters BIP Coding Group" action="confirmed" date="1997-05-26"/>
  </code>
  <code code="C151">
    <editdetail attribution="Reuters BIP Coding Group" action="confirmed" date="1997-05-26"/>
  </code>
  <code code="C1511">
    <editdetail attribution="Reuters BIP Coding Group" action="confirmed" date="1997-05-26"/>
  </code>
  <code code="CCAT">
    <editdetail attribution="Reuters BIP Coding Group" action="confirmed" date="1997-05-26"/>
  </code>
</codes>
<dc element="dc.date.created" value="1997-05-26"/>
<dc element="dc.publisher" value="Reuters Holdings Plc"/>
<dc element="dc.date.published" value="1997-05-26"/>
<dc element="dc.source" value="Reuters"/>
<dc element="dc.creator.location" value="TOKYO"/>
<dc element="dc.creator.location.country.name" value="JAPAN"/>
<dc element="dc.source" value="Reuters"/>
</metadata>
</newsitem>
