<?xml version="1.0" encoding="iso-8859-1" ?>
<newsitem itemid="360727" id="root" date="1997-02-06" xml:lang="en">
<title>NETHERLANDS: Amsterdam-Rotterdam-Antwerp product stocks steady.</title>
<headline>Amsterdam-Rotterdam-Antwerp product stocks steady.</headline>
<dateline>AMSTERDAM 1997-02-06</dateline>
<text>
<p>Oil product inventories held in independent tankage in the Amsterdam-Rotterdam-Antwerp area were estimated to be at the following levels currently, a week ago and a year ago, industry sources said.</p>
<p>All figures in thousands of tonnes:</p>
<p>			06/2/97		  30/1/97		9/2/96</p>
<p>    Gasoline	575-600		  550-575	     500-525</p>
<p>    Naphtha	     100			100		 50-75</p>
<p>    Gas oil	   1,800		    1,800		 1,700</p>
<p>    Fuel oil	    400			400		   425</p>
<p>    Jet kero	  15-20			 20		 10-15</p>
<p>Gasoline stocks rose as incoming cargoes and barges offset outgoing material to Germany.</p>
<p>Naphtha stocks were steady as incoming coasters and barges were balanced by outgoing barges to Germany.</p>
<p>Gas oil supplies witnessed incoming CIS cargoes and IPE material, and outgoing barges to Germany and Switzerland.</p>
<p>Fuel oil stocks were unchanged with incoming straight run material and outgoing straight run to Germany and limited material to the bunker sector.</p>
<p>Jet kero stocks fell slightly on outgoing material to the aviation sector. -- Amsterdam Newsroom +31 20 504 5004</p>
</text>
<copyright>(c) Reuters Limited 1997</copyright>
<metadata>
<codes class="bip:countries:1.0">
  <code code="BELG">
    <editdetail attribution="Reuters BIP Coding Group" action="confirmed" date="1997-02-06"/>
  </code>
  <code code="GFR">
    <editdetail attribution="Reuters BIP Coding Group" action="confirmed" date="1997-02-06"/>
  </code>
  <code code="NETH">
    <editdetail attribution="Reuters BIP Coding Group" action="confirmed" date="1997-02-06"/>
  </code>
</codes>
<codes class="bip:topics:1.0">
  <code code="M14">
    <editdetail attribution="Reuters BIP Coding Group" action="confirmed" date="1997-02-06"/>
  </code>
  <code code="M143">
    <editdetail attribution="Reuters BIP Coding Group" action="confirmed" date="1997-02-06"/>
  </code>
  <code code="MCAT">
    <editdetail attribution="Reuters BIP Coding Group" action="confirmed" date="1997-02-06"/>
  </code>
</codes>
<dc element="dc.date.created" value="1997-02-06"/>
<dc element="dc.publisher" value="Reuters Holdings Plc"/>
<dc element="dc.date.published" value="1997-02-06"/>
<dc element="dc.source" value="Reuters"/>
<dc element="dc.creator.location" value="AMSTERDAM"/>
<dc element="dc.creator.location.country.name" value="NETHERLANDS"/>
<dc element="dc.source" value="Reuters"/>
</metadata>
</newsitem>
