<?xml version="1.0" encoding="iso-8859-1" ?>
<newsitem itemid="164523" id="root" date="1996-11-04" xml:lang="en">
<title>UK: Monument confirms purchase of London Bond Broking.</title>
<headline>Monument confirms purchase of London Bond Broking.</headline>
<dateline>LONDON 1996-11-04</dateline>
<text>
<p>Monument Derivatives Ltd said on Monday it had acquired the research and bond broking business of the London Bond Broking Company (LBB) from Albert E Sharp.</p>
<p>Albert E Sharp had previously held 55 percent of the brokerage. No financial details of the deal were given.</p>
<p>&quot;The strengths of Monument and LBB are complementary and the combined group will be in a position to expand the research and brokerage services that it is able to provide,&quot; Monument said in a statement.</p>
<p>Monument, founded in 1991, is an independent broker specialising in derivatives markets.</p>
<p>-- Kate Kelland, International Bonds Unit +44 171 542 8682</p>
</text>
<copyright>(c) Reuters Limited 1996</copyright>
<metadata>
<codes class="bip:countries:1.0">
  <code code="UK">
    <editdetail attribution="Reuters BIP Coding Group" action="confirmed" date="1996-11-04"/>
  </code>
</codes>
<codes class="bip:industries:1.0">
  <code code="I83100">
    <editdetail attribution="Reuters BIP Coding Group" action="confirmed" date="1996-11-04"/>
  </code>
</codes>
<codes class="bip:topics:1.0">
  <code code="C18">
    <editdetail attribution="Reuters BIP Coding Group" action="confirmed" date="1996-11-04"/>
  </code>
  <code code="C181">
    <editdetail attribution="Reuters BIP Coding Group" action="confirmed" date="1996-11-04"/>
  </code>
  <code code="CCAT">
    <editdetail attribution="Reuters BIP Coding Group" action="confirmed" date="1996-11-04"/>
  </code>
</codes>
<dc element="dc.date.created" value="1996-11-04"/>
<dc element="dc.publisher" value="Reuters Holdings Plc"/>
<dc element="dc.date.published" value="1996-11-04"/>
<dc element="dc.source" value="Reuters"/>
<dc element="dc.creator.location" value="LONDON"/>
<dc element="dc.creator.location.country.name" value="UK"/>
<dc element="dc.source" value="Reuters"/>
</metadata>
</newsitem>
