<?xml version="1.0" encoding="iso-8859-1" ?>
<newsitem itemid="510565" id="root" date="1997-04-15" xml:lang="en">
<title>USA: Peoples Heritage Q1 shr up to $0.60.</title>
<headline>Peoples Heritage Q1 shr up to $0.60.</headline>
<dateline>PORTLAND, Maine 1997-04-15</dateline>
<text>
<p>Peoples Heritage Financial Group Inc. and Subsidiaries</p>
<p>SELECTED FINANCIAL HIGHLIGHTS (Unaudited)</p>
<p>(In Thousands, except number of Three Months Ended March 31,</p>
<p>shares and per share data)</p>
<p>							   1997	  1996</p>
<p> Net interest income		     $    57,713  $    45,139</p>
<p> Net income					 17,010	 12,606</p>
<p>Number of shares outstanding</p>
<p>   (end of period)			  28,424,722   25,156,129</p>
<p>Weighted average number of</p>
<p>   shares outstanding		     28,355,812   25,128,427</p>
<p> Earnings per share				 0.60	   0.50</p>
<p> Cash earnings per share			  0.67	   0.54</p>
<p> Shareholders' equity			  447,836	362,155</p>
<p> Book value per share			    15.76	  14.40</p>
<p> Tangible book value per share		 13.30	  12.80</p>
<p>Ratios:</p>
<p>Net interest margin (net interest</p>
<p>income as a % of average earning</p>
<p>   assets) (1)(2)				  4.73%	  4.79%</p>
<p>Net interest spread (yield on</p>
<p>earning assets minus yield on</p>
<p>interest-bearing deposits and</p>
<p>   borrowings) (1)(2)			    4.15%	  4.19%</p>
<p> Return on average assets			1.28%	  1.24%</p>
<p> Cash return on average assets		 1.44%	  1.35%</p>
<p> Return on average equity		     15.55%	 14.06%</p>
<p> Cash return on average equity		17.27%	 15.09%</p>
<p>Tier I leverage capital ratio at end</p>
<p>   of period					 9.13%	  7.95%</p>
<p> Efficiency ratio (3)			   59.57%	 63.85%</p>
<p>Nonperforming loans as a % of</p>
<p>   outstanding loans			     1.14%	  1.36%</p>
<p>Nonperforming assets as a % of total</p>
<p>   assets					    0.94%	  1.27%</p>
<p> Average loans, net			  3,799,499    2,959,218</p>
<p> Average earning assets		    4,916,748    3,804,735</p>
<p> Average total assets			5,388,506    4,077,143</p>
<p> Average total deposits		    4,099,478    3,226,021</p>
<p> Average shareholders' equity		443,677	360,703</p>
<p> Full service banking offices		    132	    111</p>
<p>NOTE: (1) Adjusted to fully taxable equivalent basis.</p>
<p>(2) Excludes effect of unrealized gains or losses on securities available for sale.</p>
<p>(3) Excludes distributions on securities of subsidiary trust.</p>
</text>
<copyright>(c) Reuters Limited 1997</copyright>
<metadata>
<codes class="bip:countries:1.0">
  <code code="USA">
    <editdetail attribution="Reuters BIP Coding Group" action="confirmed" date="1997-04-15"/>
  </code>
</codes>
<codes class="bip:industries:1.0">
  <code code="I81501">
    <editdetail attribution="Reuters BIP Coding Group" action="confirmed" date="1997-04-15"/>
  </code>
  <code code="I8150103">
    <editdetail attribution="Reuters BIP Coding Group" action="confirmed" date="1997-04-15"/>
  </code>
</codes>
<codes class="bip:topics:1.0">
  <code code="C15">
    <editdetail attribution="Reuters BIP Coding Group" action="confirmed" date="1997-04-15"/>
  </code>
  <code code="C151">
    <editdetail attribution="Reuters BIP Coding Group" action="confirmed" date="1997-04-15"/>
  </code>
  <code code="CCAT">
    <editdetail attribution="Reuters BIP Coding Group" action="confirmed" date="1997-04-15"/>
  </code>
</codes>
<dc element="dc.date.created" value="1997-04-15"/>
<dc element="dc.publisher" value="Reuters Holdings Plc"/>
<dc element="dc.date.published" value="1997-04-15"/>
<dc element="dc.source" value="Reuters"/>
<dc element="dc.creator.location" value="PORTLAND, Maine"/>
<dc element="dc.creator.location.country.name" value="USA"/>
<dc element="dc.source" value="Reuters"/>
</metadata>
</newsitem>
