<?xml version="1.0" encoding="iso-8859-1" ?>
<newsitem itemid="317463" id="root" date="1997-01-19" xml:lang="en">
<title>CHINA: China's Tibet output value grows 10 pct in 1996.</title>
<headline>China's Tibet output value grows 10 pct in 1996.</headline>
<dateline>BEIJING 1997-01-19</dateline>
<text>
<p>Output value of China's remote Tibet region grew by 10 percent in 1996 to hit 6.45 billion yuan ($777 million), the Xinhua news agency said on Sunday.</p>
<p>Gross industrial output value of the backward region reached 668 million yuan in 1996, a 15.8 percent increase from the year before, Xinhua said.</p>
<p>Incomes of farmers and herdsmen, who make up the majority of the Himalayan region's 2.3 million people, rose by 9.3 percent, while urban incomes soared by 25.9 percent, the agency said.</p>
<p>Rural per capita incomes were about 600 yuan a year in 1995, while urban incomes neared 2,000 yuan, official figures show.</p>
<p>Total foreign trade of the region rose 65.2 percent in 1996 to hit $116.5 million, it said, without giving a breakdown of imports and exports.</p>
<p>Grain output was seen up seven percent last year to reach 770,000 tonnes, it said, but gave no further details.</p>
<p>($=8.3 yuan)</p>
<p>-- Beijing Newsroom (8610) 6532-1921</p>
</text>
<copyright>(c) Reuters Limited 1997</copyright>
<metadata>
<codes class="bip:countries:1.0">
  <code code="CHINA">
    <editdetail attribution="Reuters BIP Coding Group" action="confirmed" date="1997-01-19"/>
  </code>
</codes>
<codes class="bip:topics:1.0">
  <code code="E14">
    <editdetail attribution="Reuters BIP Coding Group" action="confirmed" date="1997-01-19"/>
  </code>
  <code code="E141">
    <editdetail attribution="Reuters BIP Coding Group" action="confirmed" date="1997-01-19"/>
  </code>
  <code code="E31">
    <editdetail attribution="Reuters BIP Coding Group" action="confirmed" date="1997-01-19"/>
  </code>
  <code code="E311">
    <editdetail attribution="Reuters BIP Coding Group" action="confirmed" date="1997-01-19"/>
  </code>
  <code code="E51">
    <editdetail attribution="Reuters BIP Coding Group" action="confirmed" date="1997-01-19"/>
  </code>
  <code code="E512">
    <editdetail attribution="Reuters BIP Coding Group" action="confirmed" date="1997-01-19"/>
  </code>
  <code code="ECAT">
    <editdetail attribution="Reuters BIP Coding Group" action="confirmed" date="1997-01-19"/>
  </code>
</codes>
<dc element="dc.date.created" value="1997-01-19"/>
<dc element="dc.publisher" value="Reuters Holdings Plc"/>
<dc element="dc.date.published" value="1997-01-19"/>
<dc element="dc.source" value="Reuters"/>
<dc element="dc.creator.location" value="BEIJING"/>
<dc element="dc.creator.location.country.name" value="CHINA"/>
<dc element="dc.source" value="Reuters"/>
</metadata>
</newsitem>
