<?xml version="1.0" encoding="iso-8859-1" ?>
<newsitem itemid="249390" id="root" date="1996-12-11" xml:lang="en">
<title>USA: GTE,Lycos in Internet directory pact.</title>
<headline>GTE,Lycos in Internet directory pact.</headline>
<dateline>NEW YORK 1996-12-11</dateline>
<text>
<p>GTE Directories Corp, a unit of GTE Corp, and Lycos Inc on Wednesday said they agreed to integrate their Internet directory services starting in January 1997.</p>
<p>The terms of the deal were not disclosed.</p>
<p>GTE said its SuperPages U.S. Nationwide Directory service would link with Lycos' City Guide service to provide local business anad entertainment information for more than 400 U.S. cities.  </p>
<p>The SuperPage site is available on the Internet at (http://superpages.gte.net) and also at Lycos' home page at (http://www.lycos.com).</p>
<p>&quot;I think we have an opportunity to take a technical gain and make it a business gain,&quot; said Patrick Marshall, vice president of GTE's new media services unit.</p>
<p>&quot;We're going to see about $1 million unique visitors (to the site) once it becomes available,&quot; he said.</p>
<p>He said that SuperPages had 600,000 unique vistors in October.  </p>
<p>The company said the integrated sites would allow customers to search for specific businesses.</p>
<p>CMG Information Services Inc owns a majority stake in Lycos.</p>
<p>-- New York Newsdesk 212-859-1610.</p>
</text>
<copyright>(c) Reuters Limited 1996</copyright>
<metadata>
<codes class="bip:countries:1.0">
  <code code="USA">
    <editdetail attribution="Reuters BIP Coding Group" action="confirmed" date="1996-12-11"/>
  </code>
</codes>
<codes class="bip:industries:1.0">
  <code code="I33020">
    <editdetail attribution="Reuters BIP Coding Group" action="confirmed" date="1996-12-11"/>
  </code>
  <code code="I3302021">
    <editdetail attribution="Reuters BIP Coding Group" action="confirmed" date="1996-12-11"/>
  </code>
  <code code="I33030">
    <editdetail attribution="Reuters BIP Coding Group" action="confirmed" date="1996-12-11"/>
  </code>
  <code code="I79020">
    <editdetail attribution="Reuters BIP Coding Group" action="confirmed" date="1996-12-11"/>
  </code>
</codes>
<codes class="bip:topics:1.0">
  <code code="C33">
    <editdetail attribution="Reuters BIP Coding Group" action="confirmed" date="1996-12-11"/>
  </code>
  <code code="CCAT">
    <editdetail attribution="Reuters BIP Coding Group" action="confirmed" date="1996-12-11"/>
  </code>
</codes>
<dc element="dc.date.created" value="1996-12-11"/>
<dc element="dc.publisher" value="Reuters Holdings Plc"/>
<dc element="dc.date.published" value="1996-12-11"/>
<dc element="dc.source" value="Reuters"/>
<dc element="dc.creator.location" value="NEW YORK"/>
<dc element="dc.creator.location.country.name" value="USA"/>
<dc element="dc.source" value="Reuters"/>
</metadata>
</newsitem>
