<?xml version="1.0" encoding="iso-8859-1" ?>
<newsitem itemid="465426" id="root" date="1997-03-25" xml:lang="en">
<title>SOUTH AFRICA: SOCCER-CAF CANCEL CLASH WITH ASIAN CHAMPIONS.</title>
<headline>SOCCER-CAF CANCEL CLASH WITH ASIAN CHAMPIONS.</headline>
<dateline>JOHANNESBURG 1997-03-25</dateline>
<text>
<p>This year's Afro-Asian Nations Cup competition between Saudi Arabia and South Africa has been cancelled, the Confederation of African Football (CAF) said on Tuesday.</p>
<p>CAF cited a heavy schedule of qualifying matches for the World Cup and African Nations Cup finals next year, plus the fact that both countries will be playing in the Confederations Cup in Riyadh in December, for the cancellation.</p>
<p>The Afro-Asian Nations Cup is traditionally played every two years between the African champions and the winners of the Asian Cup.</p>
<p>Saudi Arabia won the Asian Cup competition in December, 10 months after South Africa's success in the African Nations Cup finals.</p>
<p>The Afro-Asian Nations Cup has run since 1985, with Cameroon, Algeria, Japan, Nigeria and South Korea winning previous editions. The contest is traditionally decided over two legs.</p>
<p>South African Football Association officials said they were considering a Saudi offer to play a friendly international this year.</p>
</text>
<copyright>(c) Reuters Limited 1997</copyright>
<metadata>
<codes class="bip:countries:1.0">
  <code code="SAARAB">
    <editdetail attribution="Reuters BIP Coding Group" action="confirmed" date="1997-03-25"/>
  </code>
  <code code="SAFR">
    <editdetail attribution="Reuters BIP Coding Group" action="confirmed" date="1997-03-25"/>
  </code>
</codes>
<codes class="bip:topics:1.0">
  <code code="GCAT">
    <editdetail attribution="Reuters BIP Coding Group" action="confirmed" date="1997-03-25"/>
  </code>
  <code code="GSPO">
    <editdetail attribution="Reuters BIP Coding Group" action="confirmed" date="1997-03-25"/>
  </code>
</codes>
<dc element="dc.date.created" value="1997-03-25"/>
<dc element="dc.publisher" value="Reuters Holdings Plc"/>
<dc element="dc.date.published" value="1997-03-25"/>
<dc element="dc.source" value="Reuters"/>
<dc element="dc.creator.location" value="JOHANNESBURG"/>
<dc element="dc.creator.location.country.name" value="SOUTH AFRICA"/>
<dc element="dc.source" value="Reuters"/>
</metadata>
</newsitem>
