<?xml version="1.0" encoding="iso-8859-1" ?>
<newsitem itemid="84325" id="root" date="1996-09-30" xml:lang="en">
<title>USA: Identix files for dismissal of patent case.</title>
<headline>Identix files for dismissal of patent case.</headline>
<dateline>SUNNYVALE, Calif. 1996-09-30</dateline>
<text>
<p>Identix Inc said Monday it filed a motion with a federal court in California for summary judgment against Digital Biometrics Inc seeking dismissal of DBI's claim of patent infringement against the Identix TP-900.</p>
<p>Identix said in a statement that its expected to win its case based on a federal court ruling in August that the company's TouchPrint-600 product, the successor to the TP-900, did not infringe a patent held by Digital Biometrics.</p>
<p>The court has set November 1 as the date to hear the Identix motion.</p>
<p>The TP-600 is used by law enforcement agencies to record fingerprints electronically.</p>
</text>
<copyright>(c) Reuters Limited 1996</copyright>
<metadata>
<codes class="bip:countries:1.0">
  <code code="USA">
    <editdetail attribution="Reuters BIP Coding Group" action="confirmed" date="1996-09-30"/>
  </code>
</codes>
<codes class="bip:industries:1.0">
  <code code="I33020">
    <editdetail attribution="Reuters BIP Coding Group" action="confirmed" date="1996-09-30"/>
  </code>
  <code code="I3302015">
    <editdetail attribution="Reuters BIP Coding Group" action="confirmed" date="1996-09-30"/>
  </code>
  <code code="I34420">
    <editdetail attribution="Reuters BIP Coding Group" action="confirmed" date="1996-09-30"/>
  </code>
</codes>
<codes class="bip:topics:1.0">
  <code code="C12">
    <editdetail attribution="Reuters BIP Coding Group" action="confirmed" date="1996-09-30"/>
  </code>
  <code code="CCAT">
    <editdetail attribution="Reuters BIP Coding Group" action="confirmed" date="1996-09-30"/>
  </code>
  <code code="GCAT">
    <editdetail attribution="Reuters BIP Coding Group" action="confirmed" date="1996-09-30"/>
  </code>
  <code code="GCRIM">
    <editdetail attribution="Reuters BIP Coding Group" action="confirmed" date="1996-09-30"/>
  </code>
</codes>
<dc element="dc.date.created" value="1996-09-30"/>
<dc element="dc.publisher" value="Reuters Holdings Plc"/>
<dc element="dc.date.published" value="1996-09-30"/>
<dc element="dc.source" value="Reuters"/>
<dc element="dc.creator.location" value="SUNNYVALE, Calif."/>
<dc element="dc.creator.location.country.name" value="USA"/>
<dc element="dc.source" value="Reuters"/>
</metadata>
</newsitem>
