<?xml version="1.0" encoding="iso-8859-1" ?>
<newsitem itemid="345800" id="root" date="1997-01-30" xml:lang="en">
<title>FRANCE: Total sees no hindrance to Iraq, Iran oil deals.</title>
<headline>Total sees no hindrance to Iraq, Iran oil deals.</headline>
<dateline>PARIS 1997-01-30</dateline>
<text>
<p>Total SA chairman Thierry Desmarest has said he sees no hindrance to doing deals with Iraq or Iran despite political opposition from the United States.</p>
<p>Total has agreed with Iraq to buy crude oil under the terms of the United Nations oil-for-food deal and is seeking, once sanctions are lifted in full, to develop the giant Nahr Umar field which could have a capacity of 500,000 barrels per day.</p>
<p>&quot;We believe that nothing is preventing us from signing with Iraq under the condition that the contract does not take effect until after the U.N. sanctions have been lifted,&quot; Desmarest told a news conference on the company's results on Wednesday.</p>
<p>In Iran, Total signed a contract with the government in June 1995 for a $600 million contract to develop the Sirri A and E offshore oil fields, a deal which has upset the United States.</p>
<p>In August last year, President Clinton signed the so-called D'Amato bill that seeks to punish foreign firms investing in such countries as Iran or Libya.</p>
<p>&quot;As we have said before. The D'Amato bill is not retroactive and does not affect our deal with Iran. As far as any possible future deals are concerned, Europe is contesting the extraterritorial application of the bill,&quot; Desmarest said.</p>
</text>
<copyright>(c) Reuters Limited 1997</copyright>
<metadata>
<codes class="bip:countries:1.0">
  <code code="IRAN">
    <editdetail attribution="Reuters BIP Coding Group" action="confirmed" date="1997-01-30"/>
  </code>
  <code code="IRAQ">
    <editdetail attribution="Reuters BIP Coding Group" action="confirmed" date="1997-01-30"/>
  </code>
  <code code="UN">
    <editdetail attribution="Reuters BIP Coding Group" action="confirmed" date="1997-01-30"/>
  </code>
  <code code="USA">
    <editdetail attribution="Reuters BIP Coding Group" action="confirmed" date="1997-01-30"/>
  </code>
</codes>
<codes class="bip:industries:1.0">
  <code code="I13000">
    <editdetail attribution="Reuters BIP Coding Group" action="confirmed" date="1997-01-30"/>
  </code>
  <code code="I1300003">
    <editdetail attribution="Reuters BIP Coding Group" action="confirmed" date="1997-01-30"/>
  </code>
</codes>
<codes class="bip:topics:1.0">
  <code code="C24">
    <editdetail attribution="Reuters BIP Coding Group" action="confirmed" date="1997-01-30"/>
  </code>
  <code code="C33">
    <editdetail attribution="Reuters BIP Coding Group" action="confirmed" date="1997-01-30"/>
  </code>
  <code code="CCAT">
    <editdetail attribution="Reuters BIP Coding Group" action="confirmed" date="1997-01-30"/>
  </code>
  <code code="GCAT">
    <editdetail attribution="Reuters BIP Coding Group" action="confirmed" date="1997-01-30"/>
  </code>
  <code code="GDIP">
    <editdetail attribution="Reuters BIP Coding Group" action="confirmed" date="1997-01-30"/>
  </code>
</codes>
<dc element="dc.date.created" value="1997-01-30"/>
<dc element="dc.publisher" value="Reuters Holdings Plc"/>
<dc element="dc.date.published" value="1997-01-30"/>
<dc element="dc.source" value="Reuters"/>
<dc element="dc.creator.location" value="PARIS"/>
<dc element="dc.creator.location.country.name" value="FRANCE"/>
<dc element="dc.source" value="Reuters"/>
</metadata>
</newsitem>
