<?xml version="1.0" encoding="iso-8859-1" ?>
<newsitem itemid="427773" id="root" date="1997-03-07" xml:lang="en">
<title>FRANCE: Aerospatiale 96 profit seen 500-700 mln fr -paper.</title>
<headline>Aerospatiale 96 profit seen 500-700 mln fr -paper.</headline>
<dateline>PARIS 1997-03-07</dateline>
<text>
<p>France's La Tribune newspaper said on Friday that state-owned Aerospatiale was expected to report a profit of 500-700 million francs for 1996.</p>
<p>The group is due to announce its results on Friday morning.</p>
<p>Le Tribune cited a trade union source as saying the profit would be between 500 and 700 million after losses in 1995 and 1994.</p>
<p>-- Paris Newsroom +33 1 4221 5452</p>
</text>
<copyright>(c) Reuters Limited 1997</copyright>
<metadata>
<codes class="bip:countries:1.0">
  <code code="FRA">
    <editdetail attribution="Reuters BIP Coding Group" action="confirmed" date="1997-03-07"/>
  </code>
</codes>
<codes class="bip:industries:1.0">
  <code code="I36400">
    <editdetail attribution="Reuters BIP Coding Group" action="confirmed" date="1997-03-07"/>
  </code>
  <code code="I3640010">
    <editdetail attribution="Reuters BIP Coding Group" action="confirmed" date="1997-03-07"/>
  </code>
</codes>
<codes class="bip:topics:1.0">
  <code code="C15">
    <editdetail attribution="Reuters BIP Coding Group" action="confirmed" date="1997-03-07"/>
  </code>
  <code code="C152">
    <editdetail attribution="Reuters BIP Coding Group" action="confirmed" date="1997-03-07"/>
  </code>
  <code code="CCAT">
    <editdetail attribution="Reuters BIP Coding Group" action="confirmed" date="1997-03-07"/>
  </code>
</codes>
<dc element="dc.date.created" value="1997-03-07"/>
<dc element="dc.publisher" value="Reuters Holdings Plc"/>
<dc element="dc.date.published" value="1997-03-07"/>
<dc element="dc.source" value="Reuters"/>
<dc element="dc.creator.location" value="PARIS"/>
<dc element="dc.creator.location.country.name" value="FRANCE"/>
<dc element="dc.source" value="Reuters"/>
</metadata>
</newsitem>
