<?xml version="1.0" encoding="iso-8859-1" ?>
<newsitem itemid="487243" id="root" date="1997-04-04" xml:lang="en">
<title>KAZAKHSTAN: Kazakhs want speedy entry to WTO - prime minister.</title>
<headline>Kazakhs want speedy entry to WTO - prime minister.</headline>
<dateline>ALMATY 1997-04-04</dateline>
<text>
<p>Kazakh Prime Minister Akezhan Kazhegeldin said on Friday the oil-rich former Soviet republic wanted speedy entry into the World Trade Organisation (WTO).</p>
<p>&quot;We are compelled to this by Kazakhstan's economic structure, where 60 percent of output is intended for export,&quot; Kazhegeldin told a meeting of diplomats and reporters.</p>
<p>Kazakhstan held its first round of negotiations on WTO membership in Geneva last month. A second round of talks is due in September or October.</p>
<p>&quot;We received a positive opinion of the reforms being carried out in Kazakhstan and support for our efforts to join the WTO,&quot; he said.</p>
<p>Kazhegeldin said he expected the WTO to grant Kazakhstan transition economy status.</p>
<p>Some international steel-producing countries have complained that Kazakhstan has in the past sent large quantities of steel onto world markets and depressed prices.</p>
<p>--Tatyana Seroshtanova, Almaty Newsroom +7 3272 509410</p>
</text>
<copyright>(c) Reuters Limited 1997</copyright>
<metadata>
<codes class="bip:countries:1.0">
  <code code="KAZK">
    <editdetail attribution="Reuters BIP Coding Group" action="confirmed" date="1997-04-04"/>
  </code>
</codes>
<codes class="bip:topics:1.0">
  <code code="E51">
    <editdetail attribution="Reuters BIP Coding Group" action="confirmed" date="1997-04-04"/>
  </code>
  <code code="E512">
    <editdetail attribution="Reuters BIP Coding Group" action="confirmed" date="1997-04-04"/>
  </code>
  <code code="ECAT">
    <editdetail attribution="Reuters BIP Coding Group" action="confirmed" date="1997-04-04"/>
  </code>
</codes>
<dc element="dc.date.created" value="1997-04-04"/>
<dc element="dc.publisher" value="Reuters Holdings Plc"/>
<dc element="dc.date.published" value="1997-04-04"/>
<dc element="dc.source" value="Reuters"/>
<dc element="dc.creator.location" value="ALMATY"/>
<dc element="dc.creator.location.country.name" value="KAZAKHSTAN"/>
<dc element="dc.source" value="Reuters"/>
</metadata>
</newsitem>
