<?xml version="1.0" encoding="iso-8859-1" ?>
<newsitem itemid="327370" id="root" date="1997-01-23" xml:lang="en">
<title>USA: UGI Corp Q4 shr rises.</title>
<headline>UGI Corp Q4 shr rises.</headline>
<dateline>VALLEY FORGE, Pa. 1997-01-23</dateline>
<text>
<p>1996		     1995</p>
<p> Shr		 $0.84		    $0.55</p>
<p> Net		 27,900		   18,200</p>
<p> Revs		529,600		  426,900</p>
<p> Avg shrs	  33,200		   31,100</p>
<p>	  12 MONTHS</p>
<p> Shr		 $1.48		    $0.06</p>
<p> Net		 49,200		   1,900</p>
<p> Revs		1,660,300		1,109,600</p>
<p> Avg shrs	  33,200		   32,800</p>
<p>(All data above 000s except per share numbers)</p>
<p>NOTE: '95 yr results includes extraordinary loss of $13.2 million, or $0.40/shr, from propane debt restructuring.</p>
</text>
<copyright>(c) Reuters Limited 1997</copyright>
<metadata>
<codes class="bip:countries:1.0">
  <code code="USA">
    <editdetail attribution="Reuters BIP Coding Group" action="confirmed" date="1997-01-23"/>
  </code>
</codes>
<codes class="bip:industries:1.0">
  <code code="I16000">
    <editdetail attribution="Reuters BIP Coding Group" action="confirmed" date="1997-01-23"/>
  </code>
</codes>
<codes class="bip:topics:1.0">
  <code code="C15">
    <editdetail attribution="Reuters BIP Coding Group" action="confirmed" date="1997-01-23"/>
  </code>
  <code code="C151">
    <editdetail attribution="Reuters BIP Coding Group" action="confirmed" date="1997-01-23"/>
  </code>
  <code code="C1511">
    <editdetail attribution="Reuters BIP Coding Group" action="confirmed" date="1997-01-23"/>
  </code>
  <code code="CCAT">
    <editdetail attribution="Reuters BIP Coding Group" action="confirmed" date="1997-01-23"/>
  </code>
</codes>
<dc element="dc.date.created" value="1997-01-23"/>
<dc element="dc.publisher" value="Reuters Holdings Plc"/>
<dc element="dc.date.published" value="1997-01-23"/>
<dc element="dc.source" value="Reuters"/>
<dc element="dc.creator.location" value="VALLEY FORGE, Pa."/>
<dc element="dc.creator.location.country.name" value="USA"/>
<dc element="dc.source" value="Reuters"/>
</metadata>
</newsitem>
