<?xml version="1.0" encoding="iso-8859-1" ?>
<newsitem itemid="68485" id="root" date="1996-09-20" xml:lang="en">
<title>FINLAND: Finnair to code-share with Maersk Air.</title>
<headline>Finnair to code-share with Maersk Air.</headline>
<dateline>HELSINKI 1996-09-20</dateline>
<text>
<p>Finnish national carrier Finnair Oy said in a statement on Friday it had agreed with Danish company Maersk Air on code share cooperation on flights between Stockholm and Billund in Denmark.  </p>
<p>The agreement will take effect on October 27, it said.</p>
<p>&quot;Billund's modern and well functioning airport provides a good choice for Copenhagen airport,&quot; Finnair said.</p>
<p>Finnair had previously been cooperating with Maersk Air in marketing and reservations, it said.</p>
<p>Finnair last week announced code-share cooperation with Estonian company Estonian Air of which Maersk Air holds 49 percent.</p>
<p>-- Helsinki newsroom +358-0-6805 0245</p>
</text>
<copyright>(c) Reuters Limited 1996</copyright>
<metadata>
<codes class="bip:countries:1.0">
  <code code="DEN">
    <editdetail attribution="Reuters BIP Coding Group" action="confirmed" date="1996-09-20"/>
  </code>
  <code code="FIN">
    <editdetail attribution="Reuters BIP Coding Group" action="confirmed" date="1996-09-20"/>
  </code>
  <code code="SWED">
    <editdetail attribution="Reuters BIP Coding Group" action="confirmed" date="1996-09-20"/>
  </code>
</codes>
<codes class="bip:industries:1.0">
  <code code="I74000">
    <editdetail attribution="Reuters BIP Coding Group" action="confirmed" date="1996-09-20"/>
  </code>
  <code code="I75000">
    <editdetail attribution="Reuters BIP Coding Group" action="confirmed" date="1996-09-20"/>
  </code>
</codes>
<codes class="bip:topics:1.0">
  <code code="C11">
    <editdetail attribution="Reuters BIP Coding Group" action="confirmed" date="1996-09-20"/>
  </code>
  <code code="CCAT">
    <editdetail attribution="Reuters BIP Coding Group" action="confirmed" date="1996-09-20"/>
  </code>
</codes>
<dc element="dc.date.created" value="1996-09-20"/>
<dc element="dc.publisher" value="Reuters Holdings Plc"/>
<dc element="dc.date.published" value="1996-09-20"/>
<dc element="dc.source" value="Reuters"/>
<dc element="dc.creator.location" value="HELSINKI"/>
<dc element="dc.creator.location.country.name" value="FINLAND"/>
<dc element="dc.source" value="Reuters"/>
</metadata>
</newsitem>
