<?xml version="1.0" encoding="iso-8859-1" ?>
<newsitem itemid="568630" id="root" date="1997-05-08" xml:lang="en">
<title>USA: Sterling House Corp Q1 loss widens. [corrected 23:40 gmt]</title>
<headline>Sterling House Corp Q1 loss widens. [corrected 23:40 gmt]</headline>
<dateline>WICHITA, Kan. 1997-05-08</dateline>
<text>
<p>(Corrects 1997 building rentals figure from $1,884,002 to $1,844,002).</p>
<p>						 1997		1996 (A)</p>
<p> Revenue			     $7,691,356	   $ 2,580,889</p>
<p> Residence operating expenses   4,859,780	     1,584,142</p>
<p> Residence operating income     2,831,576		 996,747</p>
<p> Corporate overhead		   938,440		 671,876</p>
<p> Building rentals		   1,844,002		 385,057</p>
<p> Depreciation and amortization    578,930		 227,724</p>
<p> Cost of construction services	9,718		  10,659</p>
<p> Net operating loss		 (539,514)	     (298,569)</p>
<p> Interest income (expense)	   98,148		(15,783)</p>
<p> Other expense			 (10,222)		(12,218)</p>
<p>Minority interest shares of loss</p>
<p>  of subsidiaries			34,553			 0</p>
<p> Loss before income taxes	 (417,035)	     (326,570)</p>
<p> Benefit for income taxes	   112,600		  82,306</p>
<p> Net loss			    ( 304,435)	    ( 244,264)</p>
<p>Net loss per common share</p>
<p> Loss before income tax benefit   ( 0.08)		 ( 0.06)</p>
<p> Income tax benefit			0.02		    0.02</p>
<p> Net loss				  (0.06)		  (0.05)</p>
<p>Weighted average number of common</p>
<p>  shares outstanding		5,038,836	     5,035,000</p>
<p>(A) Certain reclassifications have been made in the March 31, 1996 Consolidated Statement of  Operations to conform with the March 31, 1997 format.</p>
<p>			 ((Chicago newsdesk 312 408 8787))</p>
</text>
<copyright>(c) Reuters Limited 1997</copyright>
<metadata>
<codes class="bip:countries:1.0">
  <code code="USA">
    <editdetail attribution="Reuters BIP Coding Group" action="confirmed" date="1997-05-08"/>
  </code>
</codes>
<codes class="bip:industries:1.0">
  <code code="I50100">
    <editdetail attribution="Reuters BIP Coding Group" action="confirmed" date="1997-05-08"/>
  </code>
</codes>
<codes class="bip:topics:1.0">
  <code code="C15">
    <editdetail attribution="Reuters BIP Coding Group" action="confirmed" date="1997-05-08"/>
  </code>
  <code code="C151">
    <editdetail attribution="Reuters BIP Coding Group" action="confirmed" date="1997-05-08"/>
  </code>
  <code code="CCAT">
    <editdetail attribution="Reuters BIP Coding Group" action="confirmed" date="1997-05-08"/>
  </code>
</codes>
<dc element="dc.date.created" value="1997-05-08"/>
<dc element="dc.publisher" value="Reuters Holdings Plc"/>
<dc element="dc.date.published" value="1997-05-08"/>
<dc element="dc.source" value="Reuters"/>
<dc element="dc.creator.location" value="WICHITA, Kan."/>
<dc element="dc.creator.location.country.name" value="USA"/>
<dc element="dc.source" value="Reuters"/>
</metadata>
</newsitem>
