<?xml version="1.0" encoding="iso-8859-1" ?>
<newsitem itemid="300927" id="root" date="1997-01-11" xml:lang="en">
<title>switzerland: SKI JUMPING-PETERKA JUMPS TO FOURTH WORLD CUP WIN.</title>
<headline>SKI JUMPING-PETERKA JUMPS TO FOURTH WORLD CUP WIN.</headline>
<dateline>ENGELBERG, Switzerland 1997-01-11</dateline>
<text>
<p>Seventeen-year-old Primoz Peterka of Slovenia followed up his Fours Hills victory with his fourth World Cup ski jumping win of the season on Saturday.</p>
<p>Peterka, lying third after the first round, unleashed the day's top jump of 130.60 metres on his second attempt, finishing with a two-jump combined score of 252.50 points.</p>
<p>German Dieter Thoma, who has been battling with Peterka for the lead in the overall standings all season, produced another consistent effort with jumps of 125.00 and 122.30 metres but continued to lose ground to the young Slovenian, settling for second place with a score of 247.30.</p>
<p>Poland's Adam Malysz, the leader after the first round with a jump of 126.90 metres, could do no better than 114.50 on his second and dropped to third with 241.40.</p>
<p>Jani Soininen of Finland was fourth with 233.10.</p>
<p>The victory allowed Peterka to strengthen his lead at the top of the overall standings with 732 points.</p>
<p>He is pursued by Thoma with 620 and Austria's Andreas Goldberger in third with 543.</p>
</text>
<copyright>(c) Reuters Limited 1997</copyright>
<metadata>
<codes class="bip:countries:1.0">
  <code code="SLVNIA">
    <editdetail attribution="Reuters BIP Coding Group" action="confirmed" date="1997-01-11"/>
  </code>
  <code code="SWITZ">
    <editdetail attribution="Reuters BIP Coding Group" action="confirmed" date="1997-01-11"/>
  </code>
</codes>
<codes class="bip:topics:1.0">
  <code code="GCAT">
    <editdetail attribution="Reuters BIP Coding Group" action="confirmed" date="1997-01-11"/>
  </code>
  <code code="GSPO">
    <editdetail attribution="Reuters BIP Coding Group" action="confirmed" date="1997-01-11"/>
  </code>
</codes>
<dc element="dc.date.created" value="1997-01-11"/>
<dc element="dc.publisher" value="Reuters Holdings Plc"/>
<dc element="dc.date.published" value="1997-01-11"/>
<dc element="dc.source" value="Reuters"/>
<dc element="dc.creator.location" value="ENGELBERG, Switzerland"/>
<dc element="dc.creator.location.country.name" value="SWITZERLAND"/>
<dc element="dc.source" value="Reuters"/>
</metadata>
</newsitem>
