<?xml version="1.0" encoding="iso-8859-1" ?>
<newsitem itemid="506326" id="root" date="1997-04-14" xml:lang="en">
<title>USA: Wolverine World Wide momentum continues into Q1.</title>
<headline>Wolverine World Wide momentum continues into Q1.</headline>
<dateline>ROCKFORD, Mich. 1997-04-14</dateline>
<text>
<p>Wolverine World Wide Inc said Monday the sales and earnings momentum established in late 1996 has continued into 1997 with strong gains in quarterly results.</p>
<p>The company said net income in the period ended March 22 reached $4.7 million, or $0.16 a share, versus $3.4 million, or $0.12, a year ago. Sales climbed to $129.3 million from $83.8 million in the same period last year, Wolverine said.</p>
<p>The company said order rates during the quarter for its domestic business were more than 40 percent higher than 1996 levels, and order backlog was 30 percent higher.</p>
<p>Wolverine makes and markets branded and leather footwear.</p>
<p>Its shares closed up one Monday at 36-5/8.</p>
<p>((Chicago newsdesk (3212) 408-8787))</p>
</text>
<copyright>(c) Reuters Limited 1997</copyright>
<metadata>
<codes class="bip:countries:1.0">
  <code code="USA">
    <editdetail attribution="Reuters BIP Coding Group" action="confirmed" date="1997-04-14"/>
  </code>
</codes>
<codes class="bip:industries:1.0">
  <code code="I45100">
    <editdetail attribution="Reuters BIP Coding Group" action="confirmed" date="1997-04-14"/>
  </code>
</codes>
<codes class="bip:topics:1.0">
  <code code="C15">
    <editdetail attribution="Reuters BIP Coding Group" action="confirmed" date="1997-04-14"/>
  </code>
  <code code="C151">
    <editdetail attribution="Reuters BIP Coding Group" action="confirmed" date="1997-04-14"/>
  </code>
  <code code="CCAT">
    <editdetail attribution="Reuters BIP Coding Group" action="confirmed" date="1997-04-14"/>
  </code>
</codes>
<dc element="dc.date.created" value="1997-04-14"/>
<dc element="dc.publisher" value="Reuters Holdings Plc"/>
<dc element="dc.date.published" value="1997-04-14"/>
<dc element="dc.source" value="Reuters"/>
<dc element="dc.creator.location" value="ROCKFORD, Mich."/>
<dc element="dc.creator.location.country.name" value="USA"/>
<dc element="dc.source" value="Reuters"/>
</metadata>
</newsitem>
