<?xml version="1.0" encoding="iso-8859-1" ?>
<newsitem itemid="498984" id="root" date="1997-04-10" xml:lang="en">
<title>GERMANY: TENNIS-GRAF POSTPONES COMEBACK, MISSES HAMBURG OPEN.</title>
<headline>TENNIS-GRAF POSTPONES COMEBACK, MISSES HAMBURG OPEN.</headline>
<dateline>BONN 1997-04-10</dateline>
<text>
<p>Steffi Graf on Thursday postponed her comeback after a knee injury, pulling out of this month's Hamburg Open where she could have clashed with new world number one Martina Hingis.</p>
<p>&quot;My long break from the game means I have to be careful about my preparations which will take a bit longer,&quot; Graf said.</p>
<p>&quot;I don't want to put my good recovery in any danger by coming back too soon.&quot;</p>
<p>Graf lost the number one spot to Hingis at the end of last month. The Hamburg tournament starts on April 29.</p>
</text>
<copyright>(c) Reuters Limited 1997</copyright>
<metadata>
<codes class="bip:countries:1.0">
  <code code="GFR">
    <editdetail attribution="Reuters BIP Coding Group" action="confirmed" date="1997-04-10"/>
  </code>
</codes>
<codes class="bip:topics:1.0">
  <code code="GCAT">
    <editdetail attribution="Reuters BIP Coding Group" action="confirmed" date="1997-04-10"/>
  </code>
  <code code="GSPO">
    <editdetail attribution="Reuters BIP Coding Group" action="confirmed" date="1997-04-10"/>
  </code>
</codes>
<dc element="dc.date.created" value="1997-04-10"/>
<dc element="dc.publisher" value="Reuters Holdings Plc"/>
<dc element="dc.date.published" value="1997-04-10"/>
<dc element="dc.source" value="Reuters"/>
<dc element="dc.creator.location" value="BONN"/>
<dc element="dc.creator.location.country.name" value="GERMANY"/>
<dc element="dc.source" value="Reuters"/>
</metadata>
</newsitem>
