<?xml version="1.0" encoding="iso-8859-1" ?>
<newsitem itemid="414510" id="root" date="1997-03-03" xml:lang="en">
<title>GUYANA: Guyana leader's health worsens in U.S. hospital.</title>
<headline>Guyana leader's health worsens in U.S. hospital.</headline>
<dateline>GEORGETOWN, Guyana 1997-03-03</dateline>
<text>
<p>Guyana's President Cheddi Jagan's condition sharply deteriorated on Monday at the U.S. hospital where he underwent heart surgery two weeks ago, government officials said.</p>
<p>&quot;The president's heart's condition deteriorated this morning and his lungs are not working properly,&quot; Information Minister Moses Nagamootoo told Reuters. He called Jagan's condition &quot;extremely critical.&quot;</p>
<p>Doctors at Walter Reed Army Medical Centre near Washington performed on the 78-year-old leader a procedure called angioplasty to clear blocked arteries after he was flown from Georgetown on Feb. 15 suffering from heart pains.</p>
</text>
<copyright>(c) Reuters Limited 1997</copyright>
<metadata>
<codes class="bip:countries:1.0">
  <code code="GUY">
    <editdetail attribution="Reuters BIP Coding Group" action="confirmed" date="1997-03-03"/>
  </code>
  <code code="USA">
    <editdetail attribution="Reuters BIP Coding Group" action="confirmed" date="1997-03-03"/>
  </code>
</codes>
<codes class="bip:topics:1.0">
  <code code="GCAT">
    <editdetail attribution="Reuters BIP Coding Group" action="confirmed" date="1997-03-03"/>
  </code>
  <code code="GPOL">
    <editdetail attribution="Reuters BIP Coding Group" action="confirmed" date="1997-03-03"/>
  </code>
  <code code="GPRO">
    <editdetail attribution="Reuters BIP Coding Group" action="confirmed" date="1997-03-03"/>
  </code>
</codes>
<dc element="dc.date.created" value="1997-03-03"/>
<dc element="dc.publisher" value="Reuters Holdings Plc"/>
<dc element="dc.date.published" value="1997-03-03"/>
<dc element="dc.source" value="Reuters"/>
<dc element="dc.creator.location" value="GEORGETOWN, Guyana"/>
<dc element="dc.creator.location.country.name" value="GUYANA"/>
<dc element="dc.source" value="Reuters"/>
</metadata>
</newsitem>
