<?xml version="1.0" encoding="iso-8859-1" ?>
<newsitem itemid="500815" id="root" date="1997-04-10" xml:lang="en">
<title>UK: S&amp;P gives public info ratings to 6 Hungarian banks.</title>
<headline>S&amp;P gives public info ratings to 6 Hungarian banks.</headline>
<dateline>LONDON 1997-04-10</dateline>
<text>
<p>Severe stresses and strains on Hungarian banks from economic transition appeared to be largely over but there was still an overhang from the past which was pressuring the banking system, Standard &amp; Poor's said on Thursday.</p>
<p>At the same time S&amp;P said it assigned public information ratings to six Hungarian banks.  </p>
<p>&quot;Past government financial assistance and current foreign investment in the sector mean banks are restructuring and the weaker ones may eventually challenge those that are currently strongest,&quot; S&amp;P said in a statement.  </p>
<p>The public information ratings are assigned as follows.</p>
<p>    --Magyar Hitel Bank PT		    BBBpi</p>
<p>    --OTP Bank				    BBBpi</p>
<p>    --Budapest Bank Ltd			 BBpi</p>
<p>    --Hungarian Foreign Trade Bank Ltd    BBpi</p>
<p>    --Raiffeisen Unicbank RT		  BBpi</p>
<p>    --Kereskedelmi Bank Ltd (K&amp;H Bank)    Bpi</p>
<p>S&amp;P said most of the public information ratings on Hungarian banks are in the BB category, which reflects the fact that they are operating in a transitional economy.</p>
<p>--International Bonds Unit +44 171 542 4041</p>
</text>
<copyright>(c) Reuters Limited 1997</copyright>
<metadata>
<codes class="bip:countries:1.0">
  <code code="HUNG">
    <editdetail attribution="Reuters BIP Coding Group" action="confirmed" date="1997-04-10"/>
  </code>
  <code code="UK">
    <editdetail attribution="Reuters BIP Coding Group" action="confirmed" date="1997-04-10"/>
  </code>
</codes>
<codes class="bip:industries:1.0">
  <code code="I81402">
    <editdetail attribution="Reuters BIP Coding Group" action="confirmed" date="1997-04-10"/>
  </code>
  <code code="I81403">
    <editdetail attribution="Reuters BIP Coding Group" action="confirmed" date="1997-04-10"/>
  </code>
  <code code="I81501">
    <editdetail attribution="Reuters BIP Coding Group" action="confirmed" date="1997-04-10"/>
  </code>
  <code code="I8150110">
    <editdetail attribution="Reuters BIP Coding Group" action="confirmed" date="1997-04-10"/>
  </code>
</codes>
<codes class="bip:topics:1.0">
  <code code="C17">
    <editdetail attribution="Reuters BIP Coding Group" action="confirmed" date="1997-04-10"/>
  </code>
  <code code="C174">
    <editdetail attribution="Reuters BIP Coding Group" action="confirmed" date="1997-04-10"/>
  </code>
  <code code="CCAT">
    <editdetail attribution="Reuters BIP Coding Group" action="confirmed" date="1997-04-10"/>
  </code>
</codes>
<dc element="dc.date.created" value="1997-04-10"/>
<dc element="dc.publisher" value="Reuters Holdings Plc"/>
<dc element="dc.date.published" value="1997-04-10"/>
<dc element="dc.source" value="Reuters"/>
<dc element="dc.creator.location" value="LONDON"/>
<dc element="dc.creator.location.country.name" value="UK"/>
<dc element="dc.source" value="Reuters"/>
</metadata>
</newsitem>
