<?xml version="1.0" encoding="iso-8859-1" ?>
<newsitem itemid="83477" id="root" date="1996-09-29" xml:lang="en">
<title>HONG KONG: TABLE TENNIS-SWEDEN'S SVENSSON PREVENTS CHINA SWEEP.</title>
<headline>TABLE TENNIS-SWEDEN'S SVENSSON PREVENTS CHINA SWEEP.</headline>
<dateline>HONG KONG 1996-09-29</dateline>
<text>
<p>Olympic champion Deng Yaping</p>
<p>powered towards the richest prize in women's table tennis with a</p>
<p>straight games victory over former China team mate Jing Jun Hong</p>
<p>in the World Cup quarter-finals on Sunday.</p>
<p>The world number one beat Jing, who now represents</p>
<p>Singapore, 21-14 21-18 21-12 to stay on course for the US$22,000</p>
<p>winner's cheque.</p>
<p>The Atlanta gold medallist was briefly in trouble at 8-13 in</p>
<p>the first game but won 11 points in succession with great</p>
<p>attacking play to sink Jing.</p>
<p>Deng will play Sweden's Marie Svensson in the semifinals.</p>
<p>Svensson, world number 47, prevented an all-Chinese last</p>
<p>four when she beat world number 23 Ni Xia Lian 21-19 21-13 19-21</p>
<p>15-21 21-19.</p>
<p>The 1994 European champion hit top form to defeat Ni, a</p>
<p>former Chinese squad member now representing Luxembourg.</p>
<p>&quot;I enjoy playing against the best players in the world and</p>
<p>there is really no pressure on me as I'm not expected to win,&quot;</p>
<p>said Svensson, who returned from a six-month injury lay-off at</p>
<p>the Atlanta Games in July.</p>
<p>The other semifinal will be between China's world number</p>
<p>five Wang Chen and Yang Ying, ranked one place lower.</p>
<p>Wang, winner of two events on the women's circuit this</p>
<p>season, swept past Hong Kong's world number eight Chai Po-wa</p>
<p>21-19 21-17 21-18.</p>
<p>Yang beat another home player, Chan Tan-lui, 21-10 21-17</p>
<p>17-21 21-13.</p>
</text>
<copyright>(c) Reuters Limited 1996</copyright>
<metadata>
<codes class="bip:countries:1.0">
  <code code="CHINA">
    <editdetail attribution="Reuters BIP Coding Group" action="confirmed" date="1996-09-29"/>
  </code>
  <code code="HKONG">
    <editdetail attribution="Reuters BIP Coding Group" action="confirmed" date="1996-09-29"/>
  </code>
  <code code="SINGP">
    <editdetail attribution="Reuters BIP Coding Group" action="confirmed" date="1996-09-29"/>
  </code>
  <code code="SWED">
    <editdetail attribution="Reuters BIP Coding Group" action="confirmed" date="1996-09-29"/>
  </code>
</codes>
<codes class="bip:topics:1.0">
  <code code="GCAT">
    <editdetail attribution="Reuters BIP Coding Group" action="confirmed" date="1996-09-29"/>
  </code>
  <code code="GSPO">
    <editdetail attribution="Reuters BIP Coding Group" action="confirmed" date="1996-09-29"/>
  </code>
</codes>
<dc element="dc.date.created" value="1996-09-29"/>
<dc element="dc.publisher" value="Reuters Holdings Plc"/>
<dc element="dc.date.published" value="1996-09-29"/>
<dc element="dc.source" value="Reuters"/>
<dc element="dc.creator.location" value="HONG KONG"/>
<dc element="dc.creator.location.country.name" value="HONG KONG"/>
<dc element="dc.source" value="Reuters"/>
</metadata>
</newsitem>
