<?xml version="1.0" encoding="iso-8859-1" ?>
<newsitem itemid="748464" id="root" date="1997-07-23" xml:lang="en">
<title>SOUTH AFRICA: SASOL FORMS GLOBAL GAS TECHNOLOGY ALLIANCE.</title>
<headline>SASOL FORMS GLOBAL GAS TECHNOLOGY ALLIANCE.</headline>
<dateline>JOHANNESBURG 1997-07-23</dateline>
<text>
<p>South Africa's Sasol Ltd said on Wednesday its Sasol Technology unit had formed a global gas technology alliance with four international companies to develop new technology for the conversion of natural gas to synthesis gas.  </p>
<p>Synthesis gas is the fundamental building block for the production of liquid fuels and chemicals.</p>
<p>Sasol said in a statement the four other members of the newly formed alliance were Amoco Production Company , British Petroleum , Praxair Inc and Norwegian oil and gas company Statoil.</p>
<p>The alliance members would share costs and contribute technical expertise and research development resources.</p>
<p>&quot;They will combine their financial capabilities to develop critical areas and cross-licence technology rights to expeditiously and aggressively move this technology towards commercialisation,&quot; the company said.</p>
<p>It said a unique aspect of the new technology was the use of a ceramic membrane to combine oxygen separation from air with the partial oxidation of methane, in a single unit.</p>
<p>&quot;This will eliminate the need for a separate oxygen production plant and will significantly reduce the energy and capital cost associated with synthesis gas production.&quot;</p>
<p>-- Johannesburg newsroom, +27 11 482-1003</p>
</text>
<copyright>(c) Reuters Limited 1997</copyright>
<metadata>
<codes class="bip:countries:1.0">
  <code code="SAFR">
    <editdetail attribution="Reuters BIP Coding Group" action="confirmed" date="1997-07-23"/>
  </code>
</codes>
<codes class="bip:industries:1.0">
  <code code="I13000">
    <editdetail attribution="Reuters BIP Coding Group" action="confirmed" date="1997-07-23"/>
  </code>
  <code code="I1300003">
    <editdetail attribution="Reuters BIP Coding Group" action="confirmed" date="1997-07-23"/>
  </code>
  <code code="I14000">
    <editdetail attribution="Reuters BIP Coding Group" action="confirmed" date="1997-07-23"/>
  </code>
  <code code="I25670">
    <editdetail attribution="Reuters BIP Coding Group" action="confirmed" date="1997-07-23"/>
  </code>
</codes>
<codes class="bip:topics:1.0">
  <code code="C11">
    <editdetail attribution="Reuters BIP Coding Group" action="confirmed" date="1997-07-23"/>
  </code>
  <code code="CCAT">
    <editdetail attribution="Reuters BIP Coding Group" action="confirmed" date="1997-07-23"/>
  </code>
</codes>
<dc element="dc.date.created" value="1997-07-23"/>
<dc element="dc.publisher" value="Reuters Holdings Plc"/>
<dc element="dc.date.published" value="1997-07-23"/>
<dc element="dc.source" value="Reuters"/>
<dc element="dc.creator.location" value="JOHANNESBURG"/>
<dc element="dc.creator.location.country.name" value="SOUTH AFRICA"/>
<dc element="dc.source" value="Reuters"/>
</metadata>
</newsitem>
