<?xml version="1.0" encoding="iso-8859-1" ?>
<newsitem itemid="624348" id="root" date="1997-05-29" xml:lang="en">
<title>USA: BALANCE - Seagoville, Texas, at $400,000.</title>
<headline>BALANCE - Seagoville, Texas, at $400,000.</headline>
<text>
<p>CITY OF SEAGOVILLE, TEXAS</p>
<p>RE: $1,400,000</p>
<p>(DALLAS &amp; KAUFMAN COUNTIES) TAX &amp; WATER &amp; SEWER</p>
<p>SYSTEM SURPLUS REVENUE CERTIFICATES OF OBLIGATION</p>
<p>SERIES 1997</p>
<p>--** PLEASE NOTE INCREASE IN CONCESSION AND ADDITIONAL</p>
<p>TAKEDOWN. **</p>
<p>    MOODY'S: Aaa / Baa2	  S&amp;P: NAF / N</p>
<p>Delivery Date: 06/18/1997 Expected</p>
<p>FSA INSURED</p>
<p>Maturity	   Balance     Coupon    List</p>
<p>09/01/2002		75M    7.50	  4.80</p>
<p>09/01/2003		60M    5.70	  4.85</p>
<p>09/01/2005		40M    5.00	  4.90</p>
<p>09/01/2010	     120M    5.00	  5.20</p>
<p>09/01/2011	     105M    5.00	  5.25</p>
<p>  Total:		 400M</p>
<p>A.G. Edwards &amp; Sons, Inc.</p>
<p>Prudential Securities Incorporated</p>
<p>Sterne, Agee &amp; Leach, Inc.</p>
<p>--U.S. Municipal Desk, 212-859-1650</p>
</text>
<copyright>(c) Reuters Limited 1997</copyright>
<metadata>
<codes class="bip:countries:1.0">
  <code code="USA">
    <editdetail attribution="Reuters BIP Coding Group" action="confirmed" date="1997-05-29"/>
  </code>
</codes>
<codes class="bip:topics:1.0">
  <code code="E21">
    <editdetail attribution="Reuters BIP Coding Group" action="confirmed" date="1997-05-29"/>
  </code>
  <code code="E212">
    <editdetail attribution="Reuters BIP Coding Group" action="confirmed" date="1997-05-29"/>
  </code>
  <code code="ECAT">
    <editdetail attribution="Reuters BIP Coding Group" action="confirmed" date="1997-05-29"/>
  </code>
</codes>
<dc element="dc.publisher" value="Reuters Holdings Plc"/>
<dc element="dc.date.published" value="1997-05-29"/>
<dc element="dc.source" value="Reuters"/>
<dc element="dc.creator.location.country.name" value="USA"/>
<dc element="dc.source" value="Reuters"/>
</metadata>
</newsitem>
