<?xml version="1.0" encoding="iso-8859-1" ?>
<newsitem itemid="746720" id="root" date="1997-07-22" xml:lang="en">
<title>USA: TABLE-AMC Entertainment Inc Q1 July 3 loss.</title>
<headline>TABLE-AMC Entertainment Inc Q1 July 3 loss.</headline>
<dateline>KANSAS CITY, Mo. 1997-07-22</dateline>
<text>
<p>1997			1996</p>
<p> Shr     loss	     $0.18     loss	 $0.10</p>
<p> Net     loss	     1,839     loss	   177</p>
<p> Revs		     194,462		  161,927</p>
<p> Avg shrs		  18,006		   16,817</p>
<p>	 (All Data Above 000s Except Per Share Numbers)</p>
<p>NOTE: Q1 net loss is before $1,369,000 in preferred dividends vs $1,546,000.</p>
<p>Q1 earnings before interest, taxes, depreciation and amortization were $20.0 million vs $16.1 million.</p>
<p>Q1 depreciation and amortization $16.4 million vs $11.7 million.</p>
<p>((--Chicago Newsdesk (312) 408-8787))</p>
</text>
<copyright>(c) Reuters Limited 1997</copyright>
<metadata>
<codes class="bip:countries:1.0">
  <code code="USA">
    <editdetail attribution="Reuters BIP Coding Group" action="confirmed" date="1997-07-22"/>
  </code>
</codes>
<codes class="bip:industries:1.0">
  <code code="I97100">
    <editdetail attribution="Reuters BIP Coding Group" action="confirmed" date="1997-07-22"/>
  </code>
</codes>
<codes class="bip:topics:1.0">
  <code code="C15">
    <editdetail attribution="Reuters BIP Coding Group" action="confirmed" date="1997-07-22"/>
  </code>
  <code code="C151">
    <editdetail attribution="Reuters BIP Coding Group" action="confirmed" date="1997-07-22"/>
  </code>
  <code code="CCAT">
    <editdetail attribution="Reuters BIP Coding Group" action="confirmed" date="1997-07-22"/>
  </code>
</codes>
<dc element="dc.date.created" value="1997-07-22"/>
<dc element="dc.publisher" value="Reuters Holdings Plc"/>
<dc element="dc.date.published" value="1997-07-22"/>
<dc element="dc.source" value="Reuters"/>
<dc element="dc.creator.location" value="KANSAS CITY, Mo."/>
<dc element="dc.creator.location.country.name" value="USA"/>
<dc element="dc.source" value="Reuters"/>
</metadata>
</newsitem>
