<?xml version="1.0" encoding="iso-8859-1" ?>
<newsitem itemid="588530" id="root" date="1997-05-15" xml:lang="en">
<title>JAPAN: Kahma - 96/97 parent results.</title>
<headline>Kahma - 96/97 parent results.</headline>
<dateline>TOKYO 1997-05-15</dateline>
<text>
<p>Year to March 31, 1997</p>
<p> (Parent)	(in billions of yen unless specified)</p>
<p> Sales		124.60		vs	  113.75</p>
<p> Operating	    4.25		vs	    3.83</p>
<p> Current		4.43		vs	     3.9</p>
<p> Net		    2.04		vs	    1.90</p>
<p> EPS		   61.52 yen	  vs	   59.01 yen</p>
<p> Diluted EPS	     -		vs		 -</p>
<p> Shares	     33 million	  vs	  33 million</p>
<p> Ord div	     15.00 yen	  vs	   15.00 yen</p>
<p> -Commem div	  1.50 yen	  vs		 -</p>
<p>NOTE - Kahma Co Ltd is a major DIY goods manufacturer.</p>
</text>
<copyright>(c) Reuters Limited 1997</copyright>
<metadata>
<codes class="bip:countries:1.0">
  <code code="JAP">
    <editdetail attribution="Reuters BIP Coding Group" action="confirmed" date="1997-05-15"/>
  </code>
</codes>
<codes class="bip:industries:1.0">
  <code code="I65600">
    <editdetail attribution="Reuters BIP Coding Group" action="confirmed" date="1997-05-15"/>
  </code>
</codes>
<codes class="bip:topics:1.0">
  <code code="C15">
    <editdetail attribution="Reuters BIP Coding Group" action="confirmed" date="1997-05-15"/>
  </code>
  <code code="C151">
    <editdetail attribution="Reuters BIP Coding Group" action="confirmed" date="1997-05-15"/>
  </code>
  <code code="C1511">
    <editdetail attribution="Reuters BIP Coding Group" action="confirmed" date="1997-05-15"/>
  </code>
  <code code="CCAT">
    <editdetail attribution="Reuters BIP Coding Group" action="confirmed" date="1997-05-15"/>
  </code>
</codes>
<dc element="dc.date.created" value="1997-05-15"/>
<dc element="dc.publisher" value="Reuters Holdings Plc"/>
<dc element="dc.date.published" value="1997-05-15"/>
<dc element="dc.source" value="Reuters"/>
<dc element="dc.creator.location" value="TOKYO"/>
<dc element="dc.creator.location.country.name" value="JAPAN"/>
<dc element="dc.source" value="Reuters"/>
</metadata>
</newsitem>
