<?xml version="1.0" encoding="iso-8859-1" ?>
<newsitem itemid="394337" id="root" date="1997-02-21" xml:lang="en">
<title>USA: KCBT wheat surges late on fund buying in May, July.</title>
<headline>KCBT wheat surges late on fund buying in May, July.</headline>
<dateline>KANSAS CITY, Mo. 1997-02-21</dateline>
<text>
<p>KCBT hard red winter wheat futures rallied in fast, late trade on fund buying in the May and July contracts, traders said.</p>
<p>&quot;Fund's are buying the May and the July, and March is just following,&quot; a trader said. &quot;It's a break-out.&quot;  </p>
<p>At 1307 CST, KCBT wheat was 5-1/2 to 10 cents per bushel higher, with March up 10 cents at $4.32. May was up 8-1/2 cents at $4.04-1/2.</p>
<p>Charts showed the last time KCBT March wheat traded above $4.32 was Sept 26, 1996, when March traded as high as $4.32-1/2 before settling at $4.27-1/2.</p>
<p>((--Greg Frost, 816 561-8671))</p>
</text>
<copyright>(c) Reuters Limited 1997</copyright>
<metadata>
<codes class="bip:countries:1.0">
  <code code="USA">
    <editdetail attribution="Reuters BIP Coding Group" action="confirmed" date="1997-02-21"/>
  </code>
</codes>
<codes class="bip:topics:1.0">
  <code code="M14">
    <editdetail attribution="Reuters BIP Coding Group" action="confirmed" date="1997-02-21"/>
  </code>
  <code code="M141">
    <editdetail attribution="Reuters BIP Coding Group" action="confirmed" date="1997-02-21"/>
  </code>
  <code code="MCAT">
    <editdetail attribution="Reuters BIP Coding Group" action="confirmed" date="1997-02-21"/>
  </code>
</codes>
<dc element="dc.date.created" value="1997-02-21"/>
<dc element="dc.publisher" value="Reuters Holdings Plc"/>
<dc element="dc.date.published" value="1997-02-21"/>
<dc element="dc.source" value="Reuters"/>
<dc element="dc.creator.location" value="KANSAS CITY, Mo."/>
<dc element="dc.creator.location.country.name" value="USA"/>
<dc element="dc.source" value="Reuters"/>
</metadata>
</newsitem>
