<?xml version="1.0" encoding="iso-8859-1" ?>
<newsitem itemid="106437" id="root" date="1996-10-09" xml:lang="en">
<title>GERMANY: German employers seek compromise on sick pay cuts.</title>
<headline>German employers seek compromise on sick pay cuts.</headline>
<dateline>BONN 1996-10-09</dateline>
<text>
<p>The umbrella organisation of Germany employers associations, the BDA, said on Wednesday it still supported the implementation of sick pay cuts where possible, but saw room for compromise on how they are imposed.  </p>
<p>A group of large companies, led by Daimler-Benz AG, moved to enforce 20 percent sick pay cuts made possible by rule changes which took effect on October 1.</p>
<p>But they suspended their decisions pending a compromise with unions who called out auto workers in brief protests at what they called a violation of their work contracts.</p>
<p>&quot;The ruling must, where possible, be carried out,&quot; BDA chief executive Reinhard Goehner told journalists in Bonn. But, he added there were many ways to do so, depending on how the wage basis for calculating sick pay is determined.</p>
<p>Talks are due to resume between the Gesamtmetall industrial employers group and the powerful IG Metall union on Thursday on sick pay. IG Metall has also announced its call for a 1997 pay increase of between 4.5 and five percent for its members.</p>
</text>
<copyright>(c) Reuters Limited 1996</copyright>
<metadata>
<codes class="bip:countries:1.0">
  <code code="GFR">
    <editdetail attribution="Reuters BIP Coding Group" action="confirmed" date="1996-10-09"/>
  </code>
</codes>
<codes class="bip:industries:1.0">
  <code code="I35000">
    <editdetail attribution="Reuters BIP Coding Group" action="confirmed" date="1996-10-09"/>
  </code>
</codes>
<codes class="bip:topics:1.0">
  <code code="C42">
    <editdetail attribution="Reuters BIP Coding Group" action="confirmed" date="1996-10-09"/>
  </code>
  <code code="CCAT">
    <editdetail attribution="Reuters BIP Coding Group" action="confirmed" date="1996-10-09"/>
  </code>
  <code code="E41">
    <editdetail attribution="Reuters BIP Coding Group" action="confirmed" date="1996-10-09"/>
  </code>
  <code code="ECAT">
    <editdetail attribution="Reuters BIP Coding Group" action="confirmed" date="1996-10-09"/>
  </code>
  <code code="GCAT">
    <editdetail attribution="Reuters BIP Coding Group" action="confirmed" date="1996-10-09"/>
  </code>
  <code code="GJOB">
    <editdetail attribution="Reuters BIP Coding Group" action="confirmed" date="1996-10-09"/>
  </code>
</codes>
<dc element="dc.date.created" value="1996-10-09"/>
<dc element="dc.publisher" value="Reuters Holdings Plc"/>
<dc element="dc.date.published" value="1996-10-09"/>
<dc element="dc.source" value="Reuters"/>
<dc element="dc.creator.location" value="BONN"/>
<dc element="dc.creator.location.country.name" value="GERMANY"/>
<dc element="dc.source" value="Reuters"/>
</metadata>
</newsitem>
