<?xml version="1.0" encoding="iso-8859-1" ?>
<newsitem itemid="454222" id="root" date="1997-03-19" xml:lang="en">
<title>SWEDEN: Sweden to auction 2.0 bln Skr in nine-yr bond.</title>
<headline>Sweden to auction 2.0 bln Skr in nine-yr bond.</headline>
<dateline>STOCKHOLM 1997-03-19</dateline>
<text>
<p>Sweden's National Debt Office invited bids on Wednesday for an auction of 2.0 billion crowns of nine-year bonds.</p>
<p>Bids have to be entered by 1130 GMT on April 9.</p>
<p>Loan 1038</p>
<p> Auction date			    April 9, 1997</p>
<p> Maturity date			   Oct 25, 2006</p>
<p> Coupon  (pct)			   6.50</p>
<p> Amount to the market (billions)   2.0</p>
<p> Settlement date			 April 14, 1997</p>
<p>-- Stockholm newsroom +46-8-700-1017</p>
</text>
<copyright>(c) Reuters Limited 1997</copyright>
<metadata>
<codes class="bip:countries:1.0">
  <code code="SWED">
    <editdetail attribution="Reuters BIP Coding Group" action="confirmed" date="1997-03-19"/>
  </code>
</codes>
<codes class="bip:topics:1.0">
  <code code="E21">
    <editdetail attribution="Reuters BIP Coding Group" action="confirmed" date="1997-03-19"/>
  </code>
  <code code="E212">
    <editdetail attribution="Reuters BIP Coding Group" action="confirmed" date="1997-03-19"/>
  </code>
  <code code="ECAT">
    <editdetail attribution="Reuters BIP Coding Group" action="confirmed" date="1997-03-19"/>
  </code>
  <code code="M12">
    <editdetail attribution="Reuters BIP Coding Group" action="confirmed" date="1997-03-19"/>
  </code>
  <code code="MCAT">
    <editdetail attribution="Reuters BIP Coding Group" action="confirmed" date="1997-03-19"/>
  </code>
</codes>
<dc element="dc.date.created" value="1997-03-19"/>
<dc element="dc.publisher" value="Reuters Holdings Plc"/>
<dc element="dc.date.published" value="1997-03-19"/>
<dc element="dc.source" value="Reuters"/>
<dc element="dc.creator.location" value="STOCKHOLM"/>
<dc element="dc.creator.location.country.name" value="SWEDEN"/>
<dc element="dc.source" value="Reuters"/>
</metadata>
</newsitem>
