<?xml version="1.0" encoding="iso-8859-1" ?>
<newsitem itemid="636439" id="root" date="1997-06-04" xml:lang="en">
<title>BULGARIA: Bulgaria 4-wk T-bill avg yield falls to 3.59 pct.</title>
<headline>Bulgaria 4-wk T-bill avg yield falls to 3.59 pct.</headline>
<dateline>SOFIA 1997-06-04</dateline>
<text>
<p>Yield fell further on Bulgaria's Finance Ministry four-week discount T-bills at the daily auction on Wednesday as the issue was oversubscribed, central bank figures showed.</p>
<p>The average yield to maturity on the issue was 3.59 percent, down from 3.69 percent on Tuesday, 3.77 percent at Monday's auction and 3.81 percent on Friday.</p>
<p>Details of the issue follow. Prices in percent of par:</p>
<p> Issue number		  BG3037497008</p>
<p> Maturity			four weeks</p>
<p> Par value		     24,000 million levs</p>
<p> Issue date		    June 5</p>
<p> Maturity date		 July 3</p>
<p> Bids received		 39,315.1 million levs</p>
<p> Avg price of bids	   96.51 pct</p>
<p> Bids approved		 24,000 million levs</p>
<p> Avg accepted price	  96.53 pct</p>
<p> Avg yield to maturity     3.59 pct</p>
<p>-- Sofia Newsroom, (++359-2) 91188</p>
</text>
<copyright>(c) Reuters Limited 1997</copyright>
<metadata>
<codes class="bip:countries:1.0">
  <code code="BUL">
    <editdetail attribution="Reuters BIP Coding Group" action="confirmed" date="1997-06-04"/>
  </code>
</codes>
<codes class="bip:topics:1.0">
  <code code="M13">
    <editdetail attribution="Reuters BIP Coding Group" action="confirmed" date="1997-06-04"/>
  </code>
  <code code="M131">
    <editdetail attribution="Reuters BIP Coding Group" action="confirmed" date="1997-06-04"/>
  </code>
  <code code="MCAT">
    <editdetail attribution="Reuters BIP Coding Group" action="confirmed" date="1997-06-04"/>
  </code>
</codes>
<dc element="dc.date.created" value="1997-06-04"/>
<dc element="dc.publisher" value="Reuters Holdings Plc"/>
<dc element="dc.date.published" value="1997-06-04"/>
<dc element="dc.source" value="Reuters"/>
<dc element="dc.creator.location" value="SOFIA"/>
<dc element="dc.creator.location.country.name" value="BULGARIA"/>
<dc element="dc.source" value="Reuters"/>
</metadata>
</newsitem>
