<?xml version="1.0" encoding="iso-8859-1" ?>
<newsitem itemid="202135" id="root" date="1996-11-20" xml:lang="en">
<title>CANADA: Canadian Money Market Rates Closing - Nov 20.</title>
<headline>Canadian Money Market Rates Closing - Nov 20.</headline>
<text>
<p>CANADA T-BILLS</p>
<p> 90 DAYS   2.86</p>
<p>180 DAYS  3.01</p>
<p>FINANCE COMPANY PAPER</p>
<p> 30 DAYS   3.04</p>
<p> 60 DAYS   3.04</p>
<p> 90 DAYS   3.04</p>
<p>BANK PAPER</p>
<p> 30 DAYS   3.04</p>
<p> 60 DAYS   3.04</p>
<p> 90 DAYS   3.04</p>
<p>BANKERS ACCEPTANCES</p>
<p> 30 DAYS   3.01</p>
<p> 60 DAYS   3.01</p>
<p> 90 DAYS   3.01</p>
<p>CANADIAN DOLLAR SWAPS</p>
<p> 30 DAYS   2.88</p>
<p> 60 DAYS   2.83</p>
<p> 90 DAYS   2.90</p>
<p>CALL MONEY2.95</p>
<p>DAY MONEY 2.95</p>
<p>PRIME RATE0.75</p>
<p> U.S. DOLLAR BASE RATE   8.25</p>
</text>
<copyright>(c) Reuters Limited 1996</copyright>
<metadata>
<codes class="bip:countries:1.0">
  <code code="CANA">
    <editdetail attribution="Reuters BIP Coding Group" action="confirmed" date="1996-11-20"/>
  </code>
</codes>
<codes class="bip:topics:1.0">
  <code code="M13">
    <editdetail attribution="Reuters BIP Coding Group" action="confirmed" date="1996-11-20"/>
  </code>
  <code code="M131">
    <editdetail attribution="Reuters BIP Coding Group" action="confirmed" date="1996-11-20"/>
  </code>
  <code code="MCAT">
    <editdetail attribution="Reuters BIP Coding Group" action="confirmed" date="1996-11-20"/>
  </code>
</codes>
<dc element="dc.publisher" value="Reuters Holdings Plc"/>
<dc element="dc.date.published" value="1996-11-20"/>
<dc element="dc.source" value="Reuters"/>
<dc element="dc.creator.location.country.name" value="CANADA"/>
<dc element="dc.source" value="Reuters"/>
</metadata>
</newsitem>
