<?xml version="1.0" encoding="iso-8859-1" ?>
<newsitem itemid="362054" id="root" date="1997-02-06" xml:lang="en">
<title>CHINA: China closes 30 small car plants on over-supply.</title>
<headline>China closes 30 small car plants on over-supply.</headline>
<dateline>SHANGHAI 1997-02-06</dateline>
<text>
<p>China has closed 30 vehicle plants in a crackdown on heavy over-supply in the industry, the Business News said on Thursday.</p>
<p>The plants, each with an annual capacity of less than 100 cars, have been ordered to merge with other major producers, apply for bankruptcy or shift their business to other fields, the newspaper said, quoting Zhang Xiaoyu, director of the vehicle industry department of the Machinery Ministry.</p>
<p>The newspaper did not name the plants.</p>
<p>China produced 1.5 million cars in 1996, an increase of 3.4 percent on the previous year, but car stocks have risen at a much greater rate, the newspaper quoted Zhang as saying. There were no further details on inventories.</p>
<p>Due to heavy over-supply, car prices are expected to fall around 10 percent in 1997 after sharp falls last year, the newspaper quoted Zhang as saying.</p>
</text>
<copyright>(c) Reuters Limited 1997</copyright>
<metadata>
<codes class="bip:countries:1.0">
  <code code="CHINA">
    <editdetail attribution="Reuters BIP Coding Group" action="confirmed" date="1997-02-06"/>
  </code>
</codes>
<codes class="bip:industries:1.0">
  <code code="I35101">
    <editdetail attribution="Reuters BIP Coding Group" action="confirmed" date="1997-02-06"/>
  </code>
</codes>
<codes class="bip:topics:1.0">
  <code code="C13">
    <editdetail attribution="Reuters BIP Coding Group" action="confirmed" date="1997-02-06"/>
  </code>
  <code code="C24">
    <editdetail attribution="Reuters BIP Coding Group" action="confirmed" date="1997-02-06"/>
  </code>
  <code code="CCAT">
    <editdetail attribution="Reuters BIP Coding Group" action="confirmed" date="1997-02-06"/>
  </code>
</codes>
<dc element="dc.date.created" value="1997-02-06"/>
<dc element="dc.publisher" value="Reuters Holdings Plc"/>
<dc element="dc.date.published" value="1997-02-06"/>
<dc element="dc.source" value="Reuters"/>
<dc element="dc.creator.location" value="SHANGHAI"/>
<dc element="dc.creator.location.country.name" value="CHINA"/>
<dc element="dc.source" value="Reuters"/>
</metadata>
</newsitem>
