<?xml version="1.0" encoding="iso-8859-1" ?>
<newsitem itemid="436582" id="root" date="1997-03-12" xml:lang="en">
<title>USA: Eastern Iowa Community College A1 - Moody's.</title>
<headline>Eastern Iowa Community College A1 - Moody's.</headline>
<dateline>NEW YORK 1997-03-12</dateline>
<text>
<p>Moody's Investors Service - Rating Announcement As of 03/06/97.</p>
<p>Issuer		: Eastern Iowa Comm. Coll. Dist. (Merged</p>
<p>			  Area IX) Industrial new jobs training</p>
<p>			  ctfs.</p>
<p>State		 : IA</p>
<p>Rating		: A1</p>
<p>Sale Amount	 : 1,295,000</p>
<p>Expected Sale Date: 03/10/97</p>
<p>--U.S. Municipal Desk, 212-859-1650</p>
</text>
<copyright>(c) Reuters Limited 1997</copyright>
<metadata>
<codes class="bip:countries:1.0">
  <code code="USA">
    <editdetail attribution="Reuters BIP Coding Group" action="confirmed" date="1997-03-12"/>
  </code>
</codes>
<codes class="bip:topics:1.0">
  <code code="C17">
    <editdetail attribution="Reuters BIP Coding Group" action="confirmed" date="1997-03-12"/>
  </code>
  <code code="C174">
    <editdetail attribution="Reuters BIP Coding Group" action="confirmed" date="1997-03-12"/>
  </code>
  <code code="CCAT">
    <editdetail attribution="Reuters BIP Coding Group" action="confirmed" date="1997-03-12"/>
  </code>
  <code code="E21">
    <editdetail attribution="Reuters BIP Coding Group" action="confirmed" date="1997-03-12"/>
  </code>
  <code code="E212">
    <editdetail attribution="Reuters BIP Coding Group" action="confirmed" date="1997-03-12"/>
  </code>
  <code code="ECAT">
    <editdetail attribution="Reuters BIP Coding Group" action="confirmed" date="1997-03-12"/>
  </code>
</codes>
<dc element="dc.date.created" value="1997-03-12"/>
<dc element="dc.publisher" value="Reuters Holdings Plc"/>
<dc element="dc.date.published" value="1997-03-12"/>
<dc element="dc.source" value="Reuters"/>
<dc element="dc.creator.location" value="NEW YORK"/>
<dc element="dc.creator.location.country.name" value="USA"/>
<dc element="dc.source" value="Reuters"/>
</metadata>
</newsitem>
