<?xml version="1.0" encoding="iso-8859-1" ?>
<newsitem itemid="229881" id="root" date="1996-12-02" xml:lang="en">
<title>SINGAPORE: S'pore Tech Tele, S'pore Power in telephone bid.</title>
<headline>S'pore Tech Tele, S'pore Power in telephone bid.</headline>
<dateline>SINGAPORE 1996-12-02</dateline>
<text>
<p>Singapore Technologies Telemedia and Singapore Power said on Monday they had entered a partnership to bid for Singapore's second nationwide full service telephone licence.  </p>
<p>The companies, both government-linked, said in a joint statement the partnership would bring strong benefits to the local telecommunications industry.</p>
<p>The statement gave no financial details but a spokeswoman for Singapore Technologies Telemedia (STT), a unit of the private Singapore Technologies group, told Reuters the venture could require a substantial investment.</p>
<p>&quot;Industry estimates say it could cost up to Singapore $1 billion to roll out the infrastructure if the bid for the licence were successful,&quot; said the spokeswoman, who declined to be identified.  </p>
<p>Both Singapore Technologies and Singapore Power are owned by state investment company Temasek Holdings.</p>
<p>The Singapore government said in September it would allow at least one, and possibly two, new operators to compete directly with the current domestic telephone monopoly Singapore Telecom from 2000.</p>
<p>The first stage of the pre-qualification process for the licence would be held on March 1, 1997.</p>
<p>-- Singapore newsroom (65 8703199)</p>
</text>
<copyright>(c) Reuters Limited 1996</copyright>
<metadata>
<codes class="bip:countries:1.0">
  <code code="SINGP">
    <editdetail attribution="Reuters BIP Coding Group" action="confirmed" date="1996-12-02"/>
  </code>
</codes>
<codes class="bip:industries:1.0">
  <code code="I16000">
    <editdetail attribution="Reuters BIP Coding Group" action="confirmed" date="1996-12-02"/>
  </code>
  <code code="I79020">
    <editdetail attribution="Reuters BIP Coding Group" action="confirmed" date="1996-12-02"/>
  </code>
  <code code="I83960">
    <editdetail attribution="Reuters BIP Coding Group" action="confirmed" date="1996-12-02"/>
  </code>
</codes>
<codes class="bip:topics:1.0">
  <code code="C11">
    <editdetail attribution="Reuters BIP Coding Group" action="confirmed" date="1996-12-02"/>
  </code>
  <code code="C13">
    <editdetail attribution="Reuters BIP Coding Group" action="confirmed" date="1996-12-02"/>
  </code>
  <code code="CCAT">
    <editdetail attribution="Reuters BIP Coding Group" action="confirmed" date="1996-12-02"/>
  </code>
</codes>
<dc element="dc.date.created" value="1996-12-02"/>
<dc element="dc.publisher" value="Reuters Holdings Plc"/>
<dc element="dc.date.published" value="1996-12-02"/>
<dc element="dc.source" value="Reuters"/>
<dc element="dc.creator.location" value="SINGAPORE"/>
<dc element="dc.creator.location.country.name" value="SINGAPORE"/>
<dc element="dc.source" value="Reuters"/>
</metadata>
</newsitem>
