<?xml version="1.0" encoding="iso-8859-1" ?>
<newsitem itemid="556812" id="root" date="1997-05-02" xml:lang="en">
<title>UK: UK accountants give victorious Labour wish list.</title>
<headline>UK accountants give victorious Labour wish list.</headline>
<dateline>LONDON 1997-05-02</dateline>
<text>
<p>Britain's Association of Chartered Certified Accountants (ACCA) on Friday called on the victorious Labour party to address 10 key issues aimed at helping small businesses.</p>
<p>&quot;If appropriate measures are taken, the small business sector will expand, make an even more significant contribution to the economy that it is doing already,&quot; the association's president Peter Langard said in a statement.</p>
<p>This focus on small business would also improve employment prospects, Langard said.  </p>
<p>At the top of its list, ACCA urged the new Labour government, which on Thursday won a dramatic landslide victory against the ruling Conservative party, to simplify tax legislation.</p>
<p>&quot;The complexity of tax legislation causes problems even for large companies and is particularly onerous for smaller businesses,&quot; it said.</p>
<p>ACCA called for a lower rate of corporation tax on the first 100,000 pounds of retained profits to encourage re-investment and the removal of tax barriers for small firms wishing to &quot;disincorporate&quot;.  </p>
<p>For small firms in temporary financial difficulties, ACCA proposed a central co-ordinating agency to reschedule debt for tax, value-added-tax (VAT) and national insurance purposes.</p>
<p>On a more general level, ACCA asked Labour to review the question of external scrutiny of the accounts of charitable companies and a permanent exclusion from audit exemption regulations for small companies.</p>
<p>It welcomed a Labour commitment to undertake a review of the law on joint and several liability. And it urged the active promotion of environmental reporting and &quot;an urgent review into the feasibility of mandatory environmental reporting for all environmentally sensitive companies&quot;.</p>
<p>Finally ACCA said it agreed with Labour proposals to simplify capital gains tax. &quot;The tax is too complex and the government should seek to tax short term gains, with a taper relief for longer term gains,&quot; it added.</p>
<p>-- Alexander Smith, London Newsroom +44 171 542 7719</p>
</text>
<copyright>(c) Reuters Limited 1997</copyright>
<metadata>
<codes class="bip:countries:1.0">
  <code code="UK">
    <editdetail attribution="Reuters BIP Coding Group" action="confirmed" date="1997-05-02"/>
  </code>
</codes>
<codes class="bip:industries:1.0">
  <code code="I83600">
    <editdetail attribution="Reuters BIP Coding Group" action="confirmed" date="1997-05-02"/>
  </code>
</codes>
<codes class="bip:topics:1.0">
  <code code="C13">
    <editdetail attribution="Reuters BIP Coding Group" action="confirmed" date="1997-05-02"/>
  </code>
  <code code="CCAT">
    <editdetail attribution="Reuters BIP Coding Group" action="confirmed" date="1997-05-02"/>
  </code>
  <code code="E12">
    <editdetail attribution="Reuters BIP Coding Group" action="confirmed" date="1997-05-02"/>
  </code>
  <code code="ECAT">
    <editdetail attribution="Reuters BIP Coding Group" action="confirmed" date="1997-05-02"/>
  </code>
  <code code="GCAT">
    <editdetail attribution="Reuters BIP Coding Group" action="confirmed" date="1997-05-02"/>
  </code>
  <code code="GPOL">
    <editdetail attribution="Reuters BIP Coding Group" action="confirmed" date="1997-05-02"/>
  </code>
  <code code="GVOTE">
    <editdetail attribution="Reuters BIP Coding Group" action="confirmed" date="1997-05-02"/>
  </code>
</codes>
<dc element="dc.date.created" value="1997-05-02"/>
<dc element="dc.publisher" value="Reuters Holdings Plc"/>
<dc element="dc.date.published" value="1997-05-02"/>
<dc element="dc.source" value="Reuters"/>
<dc element="dc.creator.location" value="LONDON"/>
<dc element="dc.creator.location.country.name" value="UK"/>
<dc element="dc.source" value="Reuters"/>
</metadata>
</newsitem>
