<?xml version="1.0" encoding="iso-8859-1" ?>
<newsitem itemid="177237" id="root" date="1996-11-08" xml:lang="en">
<title>BELGIUM: EIB grants Belgian Sabena 3.6 bln Bfr loan.</title>
<headline>EIB grants Belgian Sabena 3.6 bln Bfr loan.</headline>
<dateline>BRUSSELS 1996-11-08</dateline>
<text>
<p>The European Investment Bank (EIB) is granting Belgian national airline Sabena SA a 3.6 billion Belgian franc loan to renew and expand its short- and medium-range fleet, Sabena said on Friday.</p>
<p>The contract for a first tranche of 1.2 billion francs was signed on Friday, it said.</p>
<p>&quot;This financing will contribute to the purchase of the Avro RJ85 and RJ100 used for the transport of passengers on the regional European network from and to Brussels,&quot; it said in a statement.  </p>
<p>&quot;The fact that a European institution wants to put money in our company is a sign of confidence towards our shareholders,&quot; Sabena spokesman Erik Sclep said. &quot;It means our accounts and financing are being appreciated. This is important for Sabena.&quot;</p>
<p>Sabena, 49.5 percent owned by Swissair, ordered 23 82-seat Avro RJ85 jets from British Aerospace Plc in September 1995 to modernise its European regional fleet.</p>
<p>Thirteen of them are operational and one more will be delivered later this year. Nine 100-seat Avro RJ100 planes will be delivered by 1999.  </p>
<p>&quot;Creating a uniform fleet (23 RJ85s, 6 BAE-146s and 28 Boeing 737s on the European network) allows Sabena to expand its hub and spoke network,&quot; Sabena said in a statement.</p>
<p>It said the first contract worth 1.2 billion francs was signed by Sabena chief executive Paul Reutlinger and EIB vice president Rudolph de Korte.</p>
<p>Sabena said de Korte underlined the importance for EIB of supporting projects such as Sabena's, &quot;projects which enlarge mobility and inter-regional integration within the framework of the European Union by developing performant communication&quot;.</p>
<p>-- Bert Lauwers, Brussels Newsroom +32 2 287 6815</p>
</text>
<copyright>(c) Reuters Limited 1996</copyright>
<metadata>
<codes class="bip:countries:1.0">
  <code code="BELG">
    <editdetail attribution="Reuters BIP Coding Group" action="confirmed" date="1996-11-08"/>
  </code>
  <code code="EEC">
    <editdetail attribution="Reuters BIP Coding Group" action="confirmed" date="1996-11-08"/>
  </code>
</codes>
<codes class="bip:industries:1.0">
  <code code="I36400">
    <editdetail attribution="Reuters BIP Coding Group" action="confirmed" date="1996-11-08"/>
  </code>
  <code code="I3640010">
    <editdetail attribution="Reuters BIP Coding Group" action="confirmed" date="1996-11-08"/>
  </code>
  <code code="I75000">
    <editdetail attribution="Reuters BIP Coding Group" action="confirmed" date="1996-11-08"/>
  </code>
  <code code="I81501">
    <editdetail attribution="Reuters BIP Coding Group" action="confirmed" date="1996-11-08"/>
  </code>
  <code code="I8150106">
    <editdetail attribution="Reuters BIP Coding Group" action="confirmed" date="1996-11-08"/>
  </code>
</codes>
<codes class="bip:topics:1.0">
  <code code="C13">
    <editdetail attribution="Reuters BIP Coding Group" action="confirmed" date="1996-11-08"/>
  </code>
  <code code="C17">
    <editdetail attribution="Reuters BIP Coding Group" action="confirmed" date="1996-11-08"/>
  </code>
  <code code="C173">
    <editdetail attribution="Reuters BIP Coding Group" action="confirmed" date="1996-11-08"/>
  </code>
  <code code="C24">
    <editdetail attribution="Reuters BIP Coding Group" action="confirmed" date="1996-11-08"/>
  </code>
  <code code="CCAT">
    <editdetail attribution="Reuters BIP Coding Group" action="confirmed" date="1996-11-08"/>
  </code>
  <code code="G15">
    <editdetail attribution="Reuters BIP Coding Group" action="confirmed" date="1996-11-08"/>
  </code>
  <code code="G152">
    <editdetail attribution="Reuters BIP Coding Group" action="confirmed" date="1996-11-08"/>
  </code>
  <code code="GCAT">
    <editdetail attribution="Reuters BIP Coding Group" action="confirmed" date="1996-11-08"/>
  </code>
</codes>
<dc element="dc.date.created" value="1996-11-08"/>
<dc element="dc.publisher" value="Reuters Holdings Plc"/>
<dc element="dc.date.published" value="1996-11-08"/>
<dc element="dc.source" value="Reuters"/>
<dc element="dc.creator.location" value="BRUSSELS"/>
<dc element="dc.creator.location.country.name" value="BELGIUM"/>
<dc element="dc.source" value="Reuters"/>
</metadata>
</newsitem>
