<?xml version="1.0" encoding="iso-8859-1" ?>
<newsitem itemid="253343" id="root" date="1996-12-12" xml:lang="en">
<title>BELGIUM: EU 1996 beet sugar crop put at 15.58 mln tonnes.</title>
<headline>EU 1996 beet sugar crop put at 15.58 mln tonnes.</headline>
<dateline>BRUSSELS 1996-12-12</dateline>
<text>
<p>The European Union's 1996 beet sugar output was seen little changed at 15.58 million tonnes, compared with last month's estimate of 15.59 million, an EU official said on Thursday.</p>
<p>But forecast exports of &quot;C&quot; sugar this season were revised down to 1.58 million tonnes, from 1.60 million.</p>
<p>A reduction in the German production estimate is the reason for the fall, but the EU balance could be revised up next time, the official said after the weekly meeting of the sugar management committee on Wednesday.</p>
<p>&quot;The balance sheet is an estimate and some member states indicated that they would be revising their figures to offset the reduction in the German estimate,&quot; the official said.</p>
<p>The EU Commission estimates an average EU yield of 7.73 tonnes per hectare for 1996/97, up 3.4 percent on last season, the official said. Area was seen little changed from last month at 2.02 million ha, but down from 2.09 million last season.</p>
<p>EU sugar production (000 tonnes):</p>
<p>				   1996/97	     1995/96</p>
<p>			     latest    last 1.  Area (million/ha)  2.016    2.014	  2.086 </p>
<p>2.  White Sugar </p>
<p>     Yield (t/ha)	 7.73	7.74	  7.50 </p>
<p>3.   Beet output	 15.580    15.593	15.636</p>
<p>     Cane output	  0.280     0.280	 0.257</p>
<p>     Molasses output    0.019   0.019	   0.019</p>
<p>     Total output	15.879  15.892	  15.912</p>
<p>4. Carryover from</p>
<p>     previous season    0.685   0.685	   0.535 </p>
<p>5.  Total supplies</p>
<p>     (3+4)		 16.564   16.577	  16.447 </p>
<p>6.  Of which</p>
<p>     &quot;A&quot; Quota	   11.724    11.724	  11.723</p>
<p>     &quot;B&quot; Quota	    2.357     2.357	   2.405</p>
<p>     &quot;C&quot; Non-quota	2.483     2.496	   2.319</p>
<p>Of which:</p>
<p>Carry forward</p>
<p>     to next season     0.900     0.900	   0.683</p>
<p>     Exports		1.583     1.596	   1.636 7.   Consumption	 12.600    12.600	  12.650</p>
</text>
<copyright>(c) Reuters Limited 1996</copyright>
<metadata>
<codes class="bip:countries:1.0">
  <code code="EEC">
    <editdetail attribution="Reuters BIP Coding Group" action="confirmed" date="1996-12-12"/>
  </code>
</codes>
<codes class="bip:industries:1.0">
  <code code="I01001">
    <editdetail attribution="Reuters BIP Coding Group" action="confirmed" date="1996-12-12"/>
  </code>
  <code code="I0100128">
    <editdetail attribution="Reuters BIP Coding Group" action="confirmed" date="1996-12-12"/>
  </code>
</codes>
<codes class="bip:topics:1.0">
  <code code="C21">
    <editdetail attribution="Reuters BIP Coding Group" action="confirmed" date="1996-12-12"/>
  </code>
  <code code="CCAT">
    <editdetail attribution="Reuters BIP Coding Group" action="confirmed" date="1996-12-12"/>
  </code>
  <code code="M14">
    <editdetail attribution="Reuters BIP Coding Group" action="confirmed" date="1996-12-12"/>
  </code>
  <code code="M141">
    <editdetail attribution="Reuters BIP Coding Group" action="confirmed" date="1996-12-12"/>
  </code>
  <code code="MCAT">
    <editdetail attribution="Reuters BIP Coding Group" action="confirmed" date="1996-12-12"/>
  </code>
</codes>
<dc element="dc.date.created" value="1996-12-12"/>
<dc element="dc.publisher" value="Reuters Holdings Plc"/>
<dc element="dc.date.published" value="1996-12-12"/>
<dc element="dc.source" value="Reuters"/>
<dc element="dc.creator.location" value="BRUSSELS"/>
<dc element="dc.creator.location.country.name" value="BELGIUM"/>
<dc element="dc.source" value="Reuters"/>
</metadata>
</newsitem>
