<?xml version="1.0" encoding="iso-8859-1" ?>
<newsitem itemid="76987" id="root" date="1996-09-25" xml:lang="en">
<title>AUSTRALIA: RTRS-S&amp;P rates Advance Bank EMTN issue.</title>
<headline>RTRS-S&amp;P rates Advance Bank EMTN issue.</headline>
<dateline>SYDNEY 1996-09-25</dateline>
<text>
<p>Standard and Poor's Corp said on Wednesday it assigned an A long term rating and an A1 short term rating to the senior debt of Advance Bank Australia Ltd's US$700 million Euro medium term note programme.  </p>
<p>S&amp;P said it assigned A long term and A2 short term ratings to the subordinated debt of the EMTN programme.</p>
<p>&quot;At the same time, Standard and Poor's affirms its A long term and A1 short-term credit ratings of Advance,&quot; it said.</p>
<p>&quot;The credit ratings reflect Advance's sound financial profile, as well as its improved competitive position, risk diversification, and financial flexibility with the recent acquisition of the Bank of South Australia Ltd (BankSA).&quot;</p>
<p>S&amp;P said the ratings outlook of Advance, a Sydney-based regional bank with most of its business directed at the mortgage market, was stable. -- Sydney Newsroom 61-2 9373-1800</p>
</text>
<copyright>(c) Reuters Limited 1996</copyright>
<metadata>
<codes class="bip:countries:1.0">
  <code code="AUSTR">
    <editdetail attribution="Reuters BIP Coding Group" action="confirmed" date="1996-09-25"/>
  </code>
</codes>
<codes class="bip:industries:1.0">
  <code code="I81402">
    <editdetail attribution="Reuters BIP Coding Group" action="confirmed" date="1996-09-25"/>
  </code>
</codes>
<codes class="bip:topics:1.0">
  <code code="C17">
    <editdetail attribution="Reuters BIP Coding Group" action="confirmed" date="1996-09-25"/>
  </code>
  <code code="C174">
    <editdetail attribution="Reuters BIP Coding Group" action="confirmed" date="1996-09-25"/>
  </code>
  <code code="CCAT">
    <editdetail attribution="Reuters BIP Coding Group" action="confirmed" date="1996-09-25"/>
  </code>
</codes>
<dc element="dc.date.created" value="1996-09-25"/>
<dc element="dc.publisher" value="Reuters Holdings Plc"/>
<dc element="dc.date.published" value="1996-09-25"/>
<dc element="dc.source" value="Reuters"/>
<dc element="dc.creator.location" value="SYDNEY"/>
<dc element="dc.creator.location.country.name" value="AUSTRALIA"/>
<dc element="dc.source" value="Reuters"/>
</metadata>
</newsitem>
