<?xml version="1.0" encoding="iso-8859-1" ?>
<newsitem itemid="396091" id="root" date="1997-02-22" xml:lang="en">
<title>GERMANY: SOCCER-GERMAN LEAGUE CHAMPIONSHIP RESULTS/STANDINGS.</title>
<headline>SOCCER-GERMAN LEAGUE CHAMPIONSHIP RESULTS/STANDINGS.</headline>
<dateline>BONN 1997-02-22</dateline>
<text>
<p>Results of soccer matches played in</p>
<p>the German league championship on Saturday:</p>
<p> Hansa Rostock		 0 Werder Bremen     1</p>
<p> VfB Stuttgart		 1 Karlsruhe	   0</p>
<p> Borussia Moenchengladbach 0 Schalke	     0</p>
<p> Bochum			  1 Bayern Munich     1</p>
<p> Bayer Leverkusen	    1 Duisburg	    0</p>
<p> 1860 Munich		   2 Cologne	     1</p>
<p>Played on Friday:</p>
<p> Freiburg			0 Hamburg	     4</p>
<p> Fortuna Duesseldorf	 2 Borussia Dortmund 0</p>
<p> St Pauli			2 Arminia Bielefeld 3</p>
<p>Bundesliga standings after Saturday's games</p>
<p>					 P     W   D   L     F   A   Pts</p>
<p> 1. Bayern Munich		 19    11   7   1    31  15    40</p>
<p> 2. Borussia Dortmund	   19    11   4   4    39  21    37</p>
<p> 3. Bayer Leverkusen	    19    11   4   4    40  25    37</p>
<p> 4. VfB Stuttgart		 19    10   4   5    40  20    34</p>
<p> 5. Karlsruhe		     19     8   5   6    31  22    29</p>
<p> 6. Cologne			 19     9   2   8    35  32    29</p>
<p> 7. VfL Bochum		    18     7   8   3    25  23    29</p>
<p> 8. Schalke			 19     8   5   6    26  26    29</p>
<p> 9. Werder Bremen		 19     8   4   7    31  28    28</p>
<p>10. 1860 Munich		   19     6   6   7    30  34    24</p>
<p>11. Hamburg			 19     6   5   8    28  29    23</p>
<p>12. Duisburg			19     6   5   8    18  24    23</p>
<p>13. Arminia Bielefeld	   19     6   4   9    23  32    22</p>
<p>14. Fortuna Duesseldorf	 19     6   3  10    16  28    21</p>
<p>15. Borussia Moenchengladbach 19     5   4  10    14  23    19</p>
<p>16. St Pauli			18     5   3  10    23  35    18</p>
<p>17. Hansa Rostock		 19     4   4  11    20  28    16</p>
<p>18. Freiburg			19     4   1  14    20  45    13</p>
<p>(NOTE ON TABLE: Four UEFA Cup places at stake, three teams</p>
<p>relegated)</p>
</text>
<copyright>(c) Reuters Limited 1997</copyright>
<metadata>
<codes class="bip:countries:1.0">
  <code code="GFR">
    <editdetail attribution="Reuters BIP Coding Group" action="confirmed" date="1997-02-22"/>
  </code>
</codes>
<codes class="bip:topics:1.0">
  <code code="GCAT">
    <editdetail attribution="Reuters BIP Coding Group" action="confirmed" date="1997-02-22"/>
  </code>
  <code code="GSPO">
    <editdetail attribution="Reuters BIP Coding Group" action="confirmed" date="1997-02-22"/>
  </code>
</codes>
<dc element="dc.date.created" value="1997-02-22"/>
<dc element="dc.publisher" value="Reuters Holdings Plc"/>
<dc element="dc.date.published" value="1997-02-22"/>
<dc element="dc.source" value="Reuters"/>
<dc element="dc.creator.location" value="BONN"/>
<dc element="dc.creator.location.country.name" value="GERMANY"/>
<dc element="dc.source" value="Reuters"/>
</metadata>
</newsitem>
