<?xml version="1.0" encoding="iso-8859-1" ?>
<newsitem itemid="521263" id="root" date="1997-04-18" xml:lang="en">
<title>USA: Premier Laser leads group in acquisition.</title>
<headline>Premier Laser leads group in acquisition.</headline>
<dateline>IRVINE, Calif. 1997-04-17</dateline>
<text>
<p>Premier Laser Systems Inc on Thursday said it is leading a group who have signed a letter of intent to purchase Illinois-based Medical Laser Institute of America (MLIA).</p>
<p>Medical Laser, operator of one cosmetic laser surgery center in Chicago with growth plans in Illinois and California, is owned by Canadian-based Mattan Corp.</p>
<p>Premier Laser, a maker of proprietary medical lasers, said it acquired Mattan common stock in 1996. Under the deal, the acquiring group will exchange shares of Mattan it owns for Medical Laser and Mattan will remain a privately-held company.</p>
</text>
<copyright>(c) Reuters Limited 1997</copyright>
<metadata>
<codes class="bip:countries:1.0">
  <code code="USA">
    <editdetail attribution="Reuters BIP Coding Group" action="confirmed" date="1997-04-18"/>
  </code>
</codes>
<codes class="bip:industries:1.0">
  <code code="I37200">
    <editdetail attribution="Reuters BIP Coding Group" action="confirmed" date="1997-04-18"/>
  </code>
  <code code="I95100">
    <editdetail attribution="Reuters BIP Coding Group" action="confirmed" date="1997-04-18"/>
  </code>
</codes>
<codes class="bip:topics:1.0">
  <code code="C18">
    <editdetail attribution="Reuters BIP Coding Group" action="confirmed" date="1997-04-18"/>
  </code>
  <code code="C181">
    <editdetail attribution="Reuters BIP Coding Group" action="confirmed" date="1997-04-18"/>
  </code>
  <code code="CCAT">
    <editdetail attribution="Reuters BIP Coding Group" action="confirmed" date="1997-04-18"/>
  </code>
</codes>
<dc element="dc.date.created" value="1997-04-17"/>
<dc element="dc.publisher" value="Reuters Holdings Plc"/>
<dc element="dc.date.published" value="1997-04-18"/>
<dc element="dc.source" value="Reuters"/>
<dc element="dc.creator.location" value="IRVINE, Calif."/>
<dc element="dc.creator.location.country.name" value="USA"/>
<dc element="dc.source" value="Reuters"/>
</metadata>
</newsitem>
