<?xml version="1.0" encoding="iso-8859-1" ?>
<newsitem itemid="273809" id="root" date="1996-12-23" xml:lang="en">
<title>USA: NOTICE OF SALE - South Windsor, Conn..</title>
<headline>NOTICE OF SALE - South Windsor, Conn..</headline>
<text>
<p>SUMMARY NOTICE OF SALE</p>
<p>			   Town of South Windsor</p>
<p>				  Connecticut</p>
<p>			 General Obligation Bonds</p>
<p>Sealed bids will be received by the Town of South Windsor, Connecticut, at Robinson &amp;Cole, 26th Floor Conference  Room, One Commercial Plaza, Hartford, Connecticut, subject to  the provisions of the official Notice of Sale dated December 23, 1996.</p>
<p>  Sale Date:    Wednesday</p>
<p>		January 8, 1997</p>
<p>  Time:     12:00 NOON (E.S.T.)</p>
<p>Bonds Dated:  January 15, 1997</p>
<p>  Maturities:   $200,000 on January 15  in each of the  years</p>
<p> 1999-2003, both	    inclusive, $250,000  on January  15</p>
<p> in each of the years 2004-	   2007, both inclusive, and</p>
<p>$300,000 on January 15 in each of  the years 2008-2017, both inclusive.</p>
<p>  Interest Paid:     July   15,    1997   and    semiannually</p>
<p> thereafter on January 15 and	 July  15  in  each   year</p>
<p>until maturity.</p>
<p>Legal Opinion:Robinson &amp;Cole</p>
<p>		Hartford, Connecticut</p>
<p>  The Bonds shall   be designated  by the Town  as qualified</p>
<p>tax exempt  obligations  under  the  provisions  of  Section 265(b) of the Internal Revenue Code of 1986, as amended, for purposes of  the  deduction by  financial  institutions  for interest expense allocable to the Bonds.</p>
<p>For copies of  the official  Notice of Sale,  the Official Statement of the Town  of South Windsor, Connecticut,  dated December 23, 1996, and bid form, please contact Mr.  Michael McKinnon, Independent  Bond and  Investment Consultants,  27 Parker Avenue, Madison, Connecticut (203-245-8715).</p>
<p>			  (From The Bond Buyer)</p>
</text>
<copyright>(c) Reuters Limited 1996</copyright>
<metadata>
<codes class="bip:countries:1.0">
  <code code="USA">
    <editdetail attribution="Reuters BIP Coding Group" action="confirmed" date="1996-12-23"/>
  </code>
</codes>
<codes class="bip:topics:1.0">
  <code code="E21">
    <editdetail attribution="Reuters BIP Coding Group" action="confirmed" date="1996-12-23"/>
  </code>
  <code code="E212">
    <editdetail attribution="Reuters BIP Coding Group" action="confirmed" date="1996-12-23"/>
  </code>
  <code code="ECAT">
    <editdetail attribution="Reuters BIP Coding Group" action="confirmed" date="1996-12-23"/>
  </code>
</codes>
<dc element="dc.publisher" value="Reuters Holdings Plc"/>
<dc element="dc.date.published" value="1996-12-23"/>
<dc element="dc.source" value="Reuters"/>
<dc element="dc.creator.location.country.name" value="USA"/>
<dc element="dc.source" value="Reuters"/>
</metadata>
</newsitem>
