<?xml version="1.0" encoding="iso-8859-1" ?>
<newsitem itemid="323884" id="root" date="1997-01-22" xml:lang="en">
<title>USA: Pope &amp; Talbot Q4 shr profit $0.13.</title>
<headline>Pope &amp; Talbot Q4 shr profit $0.13.</headline>
<dateline>PORTLAND, Ore. 1997-01-22</dateline>
<text>
<p>POPE &amp; TALBOT, INC. AND SUBSIDIARIES</p>
<p>			 CONSOLIDATED STATEMENTS OF INCOME</p>
<p>			  (Thousands except per share, unaudited)</p>
<p>			    Three months ended  Twelve months ended</p>
<p>					 December 31    December 31</p>
<p>				   1996     1995	1996	1995</p>
<p>Revenues:</p>
<p>  Wood products	  $ 62,175 $ 66,909  $231,713   $265,576</p>
<p>Pulp and paper</p>
<p>   products		  51,704   67,399   215,781    258,833</p>
<p>   Total		    113,879  134,308   447,494    524,409</p>
<p>Costs and expenses:</p>
<p>Cost of sales:</p>
<p>   Wood products	   52,489   64,470   204,795    257,999</p>
<p>Pulp and paper</p>
<p>    products		 52,289   64,728   214,790    252,664</p>
<p>Selling, general and</p>
<p>   administrative	   5,538    6,188    18,475     21,309</p>
<p>  Interest, net	     2,145    3,089     8,792     13,784</p>
<p>   Total		    112,461  138,475   446,852    545,756</p>
<p> Other gains (losses)     1,852	 --     1,852	   --</p>
<p>Income (loss) before</p>
<p>income taxes and</p>
<p>discontinued operations</p>
<p>				  3,270  (4,167)     2,494   (21,347)</p>
<p>Income tax provision</p>
<p>  (benefit)		   1,505  (1,117)     1,695    (7,551)</p>
<p>Income (loss) from</p>
<p>  continuing operations   1,765  (3,050)	 799   (13,796)</p>
<p>Discontinued operations:</p>
<p>Loss from discontinued</p>
<p>   operations (net of tax)   --  (4,898)	  --   (11,042)</p>
<p>Gain on disposal of discontinued</p>
<p>   operations (net of tax)   --	 --     3,110	   --</p>
<p> Net Income (loss)	  1,765  (7,948)     3,909   (24,838)</p>
<p>Income (loss) per common share:</p>
<p>Income (loss) from</p>
<p>    continuing operations   .13    (.22)	 .06     (1.03)</p>
<p>Income (loss) from</p>
<p>  discontinued operations    --    (.38)	 .23	(.83)</p>
<p>   Net income (loss)	  .13    (.60)	 .29     (1.86)</p>
<p>Segment Information:</p>
<p>Operating profit (loss):</p>
<p>  Wood products	     8,892    1,100    22,943	2,681</p>
<p>Pulp and paper products</p>
<p>				(1,991)	 99   (4,569)    (1,508)</p>
<p>				  6,901    1,199    18,374	1,173</p>
<p>  Other gains (losses)    1,852	 --     1,852	   --</p>
<p> Interest expense, net  (2,145)  (3,089)   (8,792)   (13,784)</p>
<p>General corporate expense</p>
<p>				(3,338)  (2,277)   (8,940)    (8,736)</p>
<p>Income (loss) before income taxes and discontinued operations</p>
<p>				  3,270  (4,167)     2,494   (21,347)</p>
</text>
<copyright>(c) Reuters Limited 1997</copyright>
<metadata>
<codes class="bip:countries:1.0">
  <code code="USA">
    <editdetail attribution="Reuters BIP Coding Group" action="confirmed" date="1997-01-22"/>
  </code>
</codes>
<codes class="bip:industries:1.0">
  <code code="I47100">
    <editdetail attribution="Reuters BIP Coding Group" action="confirmed" date="1997-01-22"/>
  </code>
</codes>
<codes class="bip:topics:1.0">
  <code code="C15">
    <editdetail attribution="Reuters BIP Coding Group" action="confirmed" date="1997-01-22"/>
  </code>
  <code code="C151">
    <editdetail attribution="Reuters BIP Coding Group" action="confirmed" date="1997-01-22"/>
  </code>
  <code code="C1511">
    <editdetail attribution="Reuters BIP Coding Group" action="confirmed" date="1997-01-22"/>
  </code>
  <code code="CCAT">
    <editdetail attribution="Reuters BIP Coding Group" action="confirmed" date="1997-01-22"/>
  </code>
</codes>
<dc element="dc.date.created" value="1997-01-22"/>
<dc element="dc.publisher" value="Reuters Holdings Plc"/>
<dc element="dc.date.published" value="1997-01-22"/>
<dc element="dc.source" value="Reuters"/>
<dc element="dc.creator.location" value="PORTLAND, Ore."/>
<dc element="dc.creator.location.country.name" value="USA"/>
<dc element="dc.source" value="Reuters"/>
</metadata>
</newsitem>
