<?xml version="1.0" encoding="iso-8859-1" ?>
<newsitem itemid="90142" id="root" date="1996-10-02" xml:lang="en">
<title>USA: Watermarc Food Management year-end results.</title>
<headline>Watermarc Food Management year-end results.</headline>
<dateline>HOUSTON 1996-10-02</dateline>
<text>
<p>1996			1995</p>
<p> Shr loss		   $0.02     loss	 $0.82</p>
<p> Net profit		    49     loss	 7,037</p>
<p> Revs			40,129		   37,652</p>
<p> Avg shrs		  12,040		    8,922</p>
<p>(All data above 000s except per share numbers)</p>
<p>NOTE: Full name of company is Watermarc Food Management Co.</p>
<p>NOTE: Net income and net income per share were quoted after giving effects to preferred stock dividends.</p>
</text>
<copyright>(c) Reuters Limited 1996</copyright>
<metadata>
<codes class="bip:countries:1.0">
  <code code="USA">
    <editdetail attribution="Reuters BIP Coding Group" action="confirmed" date="1996-10-02"/>
  </code>
</codes>
<codes class="bip:industries:1.0">
  <code code="I66100">
    <editdetail attribution="Reuters BIP Coding Group" action="confirmed" date="1996-10-02"/>
  </code>
</codes>
<codes class="bip:topics:1.0">
  <code code="C15">
    <editdetail attribution="Reuters BIP Coding Group" action="confirmed" date="1996-10-02"/>
  </code>
  <code code="C151">
    <editdetail attribution="Reuters BIP Coding Group" action="confirmed" date="1996-10-02"/>
  </code>
  <code code="C1511">
    <editdetail attribution="Reuters BIP Coding Group" action="confirmed" date="1996-10-02"/>
  </code>
  <code code="CCAT">
    <editdetail attribution="Reuters BIP Coding Group" action="confirmed" date="1996-10-02"/>
  </code>
</codes>
<dc element="dc.date.created" value="1996-10-02"/>
<dc element="dc.publisher" value="Reuters Holdings Plc"/>
<dc element="dc.date.published" value="1996-10-02"/>
<dc element="dc.source" value="Reuters"/>
<dc element="dc.creator.location" value="HOUSTON"/>
<dc element="dc.creator.location.country.name" value="USA"/>
<dc element="dc.source" value="Reuters"/>
</metadata>
</newsitem>
