<?xml version="1.0" encoding="iso-8859-1" ?>
<newsitem itemid="688019" id="root" date="1997-06-25" xml:lang="en">
<title>CYPRUS: PRESS DIGEST - Cyprus - June 25.</title>
<headline>PRESS DIGEST - Cyprus - June 25.</headline>
<dateline>NICOSIA 1997-06-25</dateline>
<text>
<p>These are some of the leading stories in the Greek Cypriot press on Wednesday. Reuters has not verified these stories and does not vouch for their accuracy.</p>
<p>ALITHIA</p>
<p>- Communist Akel gives lease of life to dialogue with other opposition parties to try to find candidate in presidential elections next year.</p>
<p>- President Clerides says he will stand in next year's presidential elections if there is progress on Cyprus issue.</p>
<p>- Fifty percent of youths who live in tourist areas have dabbled with narctotics at one time or another, says chief of police.</p>
<p>CYPRUS MAIL</p>
<p>- Owner of dog that killed five-year-old boy three months ago has switched plea to guilty from not guilty.</p>
<p>- Police highlight growing problem of drug abuse in Cyprus.</p>
<p>FINANCIAL MIRROR</p>
<p>- Cyprus's first Eurobond issue draws strong interest from international and institutional investors.</p>
<p>- Workers at Thank God It's Friday restaurant in Nicosia are due to end week-old strike on Wednesday.</p>
<p>- Parliament expected to ratify bill on Thursday regulating banking sector.</p>
<p>HARAVGHI</p>
<p>- Opposition parties will continue dialogue on finding candidate for presidential elections.</p>
<p>PHILELEPHTHEROS</p>
<p>- Only basis by which Turkey is discussing a solution to Cyprus problem is formula of territory in return for recognition (of breakaway Turkish Cypriot state).</p>
<p>- Volume on Cyprus stock exchange goes up; it breaks through 15 percent volatility limit.</p>
<p>SIMERINI</p>
<p>- Turkey has asked Turkish Cypriot leader Rauf Denktash to avoid any actions that might result in Turkish side being blamed for any possible failure of direct talks scheduled to begin with President Clerides on July 9.</p>
</text>
<copyright>(c) Reuters Limited 1997</copyright>
<metadata>
<codes class="bip:countries:1.0">
  <code code="CYPR">
    <editdetail attribution="Reuters BIP Coding Group" action="confirmed" date="1997-06-25"/>
  </code>
</codes>
<codes class="bip:topics:1.0">
  <code code="GCAT">
    <editdetail attribution="Reuters BIP Coding Group" action="confirmed" date="1997-06-25"/>
  </code>
</codes>
<dc element="dc.date.created" value="1997-06-25"/>
<dc element="dc.publisher" value="Reuters Holdings Plc"/>
<dc element="dc.date.published" value="1997-06-25"/>
<dc element="dc.source" value="Reuters"/>
<dc element="dc.creator.location" value="NICOSIA"/>
<dc element="dc.creator.location.country.name" value="CYPRUS"/>
<dc element="dc.source" value="Reuters"/>
</metadata>
</newsitem>
