<?xml version="1.0" encoding="iso-8859-1" ?>
<newsitem itemid="678096" id="root" date="1997-06-20" xml:lang="en">
<title>GERMANY: Rexrodt confident Germany to meet EMU target.</title>
<headline>Rexrodt confident Germany to meet EMU target.</headline>
<dateline>BONN 1997-06-20</dateline>
<text>
<p>Economics Minister Guenter Rexrodt said on Friday he is confident that Germany will succeed in its efforts to rein in budget deficits in time to qualify for European economic and monetary union (EMU).</p>
<p>&quot;I am very convinced that we will meet the deficit criterion, which will require above all tenacity and convergence,&quot; Rexrodt told German Radio before leaving for the Group of Seven economic summit in Denver.</p>
<p>The Maastricht treaty on monetary union requires EMU participants to limit budget deficits to three percent of Gross Domestic Product and public debt to 60 percent. There are also targets on inflation and other economic indicators.</p>
<p>Rexrodt added that the euro could only be introduced if a core of European Union members met these criteria, saying that would ensure that the euro was a strong currency.</p>
<p>Commenting on the German economy, he said: &quot;Germany is progressing well,&quot; adding that the current economic development was &quot;acceptable&quot;.</p>
<p>-- Bonn Newsroom, 49 228 26097 150</p>
</text>
<copyright>(c) Reuters Limited 1997</copyright>
<metadata>
<codes class="bip:countries:1.0">
  <code code="EEC">
    <editdetail attribution="Reuters BIP Coding Group" action="confirmed" date="1997-06-20"/>
  </code>
  <code code="GFR">
    <editdetail attribution="Reuters BIP Coding Group" action="confirmed" date="1997-06-20"/>
  </code>
</codes>
<codes class="bip:topics:1.0">
  <code code="E12">
    <editdetail attribution="Reuters BIP Coding Group" action="confirmed" date="1997-06-20"/>
  </code>
  <code code="E21">
    <editdetail attribution="Reuters BIP Coding Group" action="confirmed" date="1997-06-20"/>
  </code>
  <code code="E211">
    <editdetail attribution="Reuters BIP Coding Group" action="confirmed" date="1997-06-20"/>
  </code>
  <code code="ECAT">
    <editdetail attribution="Reuters BIP Coding Group" action="confirmed" date="1997-06-20"/>
  </code>
  <code code="G15">
    <editdetail attribution="Reuters BIP Coding Group" action="confirmed" date="1997-06-20"/>
  </code>
  <code code="G151">
    <editdetail attribution="Reuters BIP Coding Group" action="confirmed" date="1997-06-20"/>
  </code>
  <code code="G154">
    <editdetail attribution="Reuters BIP Coding Group" action="confirmed" date="1997-06-20"/>
  </code>
  <code code="GCAT">
    <editdetail attribution="Reuters BIP Coding Group" action="confirmed" date="1997-06-20"/>
  </code>
</codes>
<dc element="dc.date.created" value="1997-06-20"/>
<dc element="dc.publisher" value="Reuters Holdings Plc"/>
<dc element="dc.date.published" value="1997-06-20"/>
<dc element="dc.source" value="Reuters"/>
<dc element="dc.creator.location" value="BONN"/>
<dc element="dc.creator.location.country.name" value="GERMANY"/>
<dc element="dc.source" value="Reuters"/>
</metadata>
</newsitem>
