<?xml version="1.0" encoding="iso-8859-1" ?>
<newsitem itemid="255691" id="root" date="1996-12-13" xml:lang="en">
<title>USA: Quaker Oats seeks to sell Gatorade - WSJ.</title>
<headline>Quaker Oats seeks to sell Gatorade - WSJ.</headline>
<dateline>NEW YORK 1996-12-13</dateline>
<text>
<p>Several large companies are weighing bids for the beverage business of Quaker Oats Co, which includes its Gatorade sports drink, The Wall Street Jornal reported Friday.</p>
<p>Negotiations have not been announced, but investment bankers and beverage industry representatives confirm that talks have taken place, the story says.</p>
<p>Prices being discussed are between $3 billion and $4 billion, the story says.</p>
<p>The story has no comment from Quaker.</p>
</text>
<copyright>(c) Reuters Limited 1996</copyright>
<metadata>
<codes class="bip:countries:1.0">
  <code code="USA">
    <editdetail attribution="Reuters BIP Coding Group" action="confirmed" date="1996-12-13"/>
  </code>
</codes>
<codes class="bip:industries:1.0">
  <code code="I41000">
    <editdetail attribution="Reuters BIP Coding Group" action="confirmed" date="1996-12-13"/>
  </code>
</codes>
<codes class="bip:topics:1.0">
  <code code="C18">
    <editdetail attribution="Reuters BIP Coding Group" action="confirmed" date="1996-12-13"/>
  </code>
  <code code="C181">
    <editdetail attribution="Reuters BIP Coding Group" action="confirmed" date="1996-12-13"/>
  </code>
  <code code="CCAT">
    <editdetail attribution="Reuters BIP Coding Group" action="confirmed" date="1996-12-13"/>
  </code>
</codes>
<dc element="dc.date.created" value="1996-12-13"/>
<dc element="dc.publisher" value="Reuters Holdings Plc"/>
<dc element="dc.date.published" value="1996-12-13"/>
<dc element="dc.source" value="Reuters"/>
<dc element="dc.creator.location" value="NEW YORK"/>
<dc element="dc.creator.location.country.name" value="USA"/>
<dc element="dc.source" value="Reuters"/>
</metadata>
</newsitem>
