<?xml version="1.0" encoding="iso-8859-1" ?>
<newsitem itemid="601020" id="root" date="1997-05-21" xml:lang="en">
<title>USA: Verio acquires Internet provider Aimnet.</title>
<headline>Verio acquires Internet provider Aimnet.</headline>
<dateline>DENVER 1997-05-21</dateline>
<text>
<p>Verio Inc said Wednesday it had acquired Aimnet Corp, a business-oriented Internet provider based in Santa Clara, Calif.</p>
<p>Terms were not disclosed.</p>
<p>&quot;Adding Aimnet to our network adds significant strength to our presence in the San Francisco Bay area and further reinforces our commitment to be the first national Internet provider that's local,&quot; said Verio President and Chief Operating Officer Mark Johnson.</p>
<p>Verio, a national Internet services provider for small and mid-sized business and institutional customers, said Aimnet is the third Bay-area Internet provider to join the Verio group, which includes regional Internet providers in major markets around the country.</p>
</text>
<copyright>(c) Reuters Limited 1997</copyright>
<metadata>
<codes class="bip:countries:1.0">
  <code code="USA">
    <editdetail attribution="Reuters BIP Coding Group" action="confirmed" date="1997-05-21"/>
  </code>
</codes>
<codes class="bip:industries:1.0">
  <code code="I33030">
    <editdetail attribution="Reuters BIP Coding Group" action="confirmed" date="1997-05-21"/>
  </code>
</codes>
<codes class="bip:topics:1.0">
  <code code="C18">
    <editdetail attribution="Reuters BIP Coding Group" action="confirmed" date="1997-05-21"/>
  </code>
  <code code="C181">
    <editdetail attribution="Reuters BIP Coding Group" action="confirmed" date="1997-05-21"/>
  </code>
  <code code="CCAT">
    <editdetail attribution="Reuters BIP Coding Group" action="confirmed" date="1997-05-21"/>
  </code>
</codes>
<dc element="dc.date.created" value="1997-05-21"/>
<dc element="dc.publisher" value="Reuters Holdings Plc"/>
<dc element="dc.date.published" value="1997-05-21"/>
<dc element="dc.source" value="Reuters"/>
<dc element="dc.creator.location" value="DENVER"/>
<dc element="dc.creator.location.country.name" value="USA"/>
<dc element="dc.source" value="Reuters"/>
</metadata>
</newsitem>
