<?xml version="1.0" encoding="iso-8859-1" ?>
<newsitem itemid="420157" id="root" date="1997-03-05" xml:lang="en">
<title>USA: MCI in call center pact with Genesys.</title>
<headline>MCI in call center pact with Genesys.</headline>
<dateline>COLORADO SPRINGS, Colo. 1997-03-05</dateline>
<text>
<p>MCI Communications Corp Wednesday said it has agreed to use technology from Genesys Telecommunications Laboratories Inc in its development of call center products.</p>
<p>Terms of the deal were not disclosed.</p>
<p>The development focuses on the integration of MCI's current intelligent network technology with San Francisco-based Genesys' intelligent call delivery and other technology.</p>
</text>
<copyright>(c) Reuters Limited 1997</copyright>
<metadata>
<codes class="bip:countries:1.0">
  <code code="USA">
    <editdetail attribution="Reuters BIP Coding Group" action="confirmed" date="1997-03-05"/>
  </code>
</codes>
<codes class="bip:industries:1.0">
  <code code="I79020">
    <editdetail attribution="Reuters BIP Coding Group" action="confirmed" date="1997-03-05"/>
  </code>
</codes>
<codes class="bip:topics:1.0">
  <code code="C33">
    <editdetail attribution="Reuters BIP Coding Group" action="confirmed" date="1997-03-05"/>
  </code>
  <code code="CCAT">
    <editdetail attribution="Reuters BIP Coding Group" action="confirmed" date="1997-03-05"/>
  </code>
</codes>
<dc element="dc.date.created" value="1997-03-05"/>
<dc element="dc.publisher" value="Reuters Holdings Plc"/>
<dc element="dc.date.published" value="1997-03-05"/>
<dc element="dc.source" value="Reuters"/>
<dc element="dc.creator.location" value="COLORADO SPRINGS, Colo."/>
<dc element="dc.creator.location.country.name" value="USA"/>
<dc element="dc.source" value="Reuters"/>
</metadata>
</newsitem>
