<?xml version="1.0" encoding="iso-8859-1" ?>
<newsitem itemid="406990" id="root" date="1997-02-27" xml:lang="en">
<title>TANZANIA: Tanzania shilling weakens against dlr, up vs pound.</title>
<headline>Tanzania shilling weakens against dlr, up vs pound.</headline>
<dateline>DAR ES SALAAM 1997-02-27</dateline>
<text>
<p>The Tanzania shilling fell against the dollar on Thursday but rose against the pound, the central bank said.</p>
<p>The shilling stood at a mean rate of 599.9400 compared to 599.6925 on Wednesday. Against the pound, the shilling stood at mean rate 979.6451 from 980.2604 on Wednesday.</p>
</text>
<copyright>(c) Reuters Limited 1997</copyright>
<metadata>
<codes class="bip:countries:1.0">
  <code code="TANZA">
    <editdetail attribution="Reuters BIP Coding Group" action="confirmed" date="1997-02-27"/>
  </code>
</codes>
<codes class="bip:topics:1.0">
  <code code="M13">
    <editdetail attribution="Reuters BIP Coding Group" action="confirmed" date="1997-02-27"/>
  </code>
  <code code="M132">
    <editdetail attribution="Reuters BIP Coding Group" action="confirmed" date="1997-02-27"/>
  </code>
  <code code="MCAT">
    <editdetail attribution="Reuters BIP Coding Group" action="confirmed" date="1997-02-27"/>
  </code>
</codes>
<dc element="dc.date.created" value="1997-02-27"/>
<dc element="dc.publisher" value="Reuters Holdings Plc"/>
<dc element="dc.date.published" value="1997-02-27"/>
<dc element="dc.source" value="Reuters"/>
<dc element="dc.creator.location" value="DAR ES SALAAM"/>
<dc element="dc.creator.location.country.name" value="TANZANIA"/>
<dc element="dc.source" value="Reuters"/>
</metadata>
</newsitem>
