<?xml version="1.0" encoding="iso-8859-1" ?>
<newsitem itemid="91919" id="root" date="1996-10-02" xml:lang="en">
<title>UK: EU seen awarding up to 100,000 T sugar at tender.</title>
<headline>EU seen awarding up to 100,000 T sugar at tender.</headline>
<dateline>LONDON 1996-10-02</dateline>
<text>
<p>The European Union (EU) is expected to award up to 100,000 tonnes of current series white sugar at its weekly tender on Wednesday, the ninth of the new series for the 1996/97 crop, traders said.</p>
<p>One trader forecast this week's authorised tonnage at between 80,000 and 90,000 tonnes, after the EU awarded 79,500 in its last tender on September 25.</p>
<p>But another, noting a large amount of hedge sales during Tuesday's session, forecast a wider range between 60,000 and 100,000 tonnes.</p>
<p>&quot;I think people are thinking it's time to get rid of it (EU sugar) before the market gets any worse and I think they also want to make room for the C sugar sales,&quot; he said.</p>
<p>&quot;If the market is soft, they'd rather it was soft now than when they want to start selling.&quot;</p>
<p>Traders broadly agreed on the maximum restitution for licences this week and forecast between 45.060 and 45.064 Ecus (European Currency Units) per 100 kg of sugar, after last week's 44.709 Ecus.</p>
<p>Export licences are currently valid from October to March. --Jeremy Smith, London Newsroom +44 171 542 8064</p>
</text>
<copyright>(c) Reuters Limited 1996</copyright>
<metadata>
<codes class="bip:countries:1.0">
  <code code="EEC">
    <editdetail attribution="Reuters BIP Coding Group" action="confirmed" date="1996-10-02"/>
  </code>
  <code code="UK">
    <editdetail attribution="Reuters BIP Coding Group" action="confirmed" date="1996-10-02"/>
  </code>
</codes>
<codes class="bip:topics:1.0">
  <code code="G15">
    <editdetail attribution="Reuters BIP Coding Group" action="confirmed" date="1996-10-02"/>
  </code>
  <code code="G153">
    <editdetail attribution="Reuters BIP Coding Group" action="confirmed" date="1996-10-02"/>
  </code>
  <code code="GCAT">
    <editdetail attribution="Reuters BIP Coding Group" action="confirmed" date="1996-10-02"/>
  </code>
  <code code="M14">
    <editdetail attribution="Reuters BIP Coding Group" action="confirmed" date="1996-10-02"/>
  </code>
  <code code="M141">
    <editdetail attribution="Reuters BIP Coding Group" action="confirmed" date="1996-10-02"/>
  </code>
  <code code="MCAT">
    <editdetail attribution="Reuters BIP Coding Group" action="confirmed" date="1996-10-02"/>
  </code>
</codes>
<dc element="dc.date.created" value="1996-10-02"/>
<dc element="dc.publisher" value="Reuters Holdings Plc"/>
<dc element="dc.date.published" value="1996-10-02"/>
<dc element="dc.source" value="Reuters"/>
<dc element="dc.creator.location" value="LONDON"/>
<dc element="dc.creator.location.country.name" value="UK"/>
<dc element="dc.source" value="Reuters"/>
</metadata>
</newsitem>
