<?xml version="1.0" encoding="iso-8859-1" ?>
<newsitem itemid="240887" id="root" date="1996-12-06" xml:lang="en">
<title>BELGIUM: Belgian broker ups Petrofina EPS forecast.</title>
<headline>Belgian broker ups Petrofina EPS forecast.</headline>
<dateline>BRUSSELS 1996-12-06</dateline>
<text>
<p>Belgian brokerage Vermeulen Raemdonck said on Friday in a research note it would revise upwards its 1997 earnings per share forcast for oil and chemicals company Petrofina.</p>
<p>Co name-----------Sector------Price------Broker-------------</p>
<p>   Petrofina  Oil and Chemicals  *10,700    Vermeulen Raemdonck</p>
<p>COMMENT: We have upgraded our EPS forecast for 1997 from 700 to 730 Belgian francs. We confirm our buy signal for the share which trades at 14.7 times 1997 earnings versus 15 for the sector in Europe.</p>
<p>We believe the share deserves a premium as the company is better positioned than its competitors in the refining sector (75 percent of sales) in view of tighter regulations (to be imposed).</p>
<p>Recommendation: BUY.</p>
<p>(*) Date of research report: 5/12/96</p>
<p> Estimates:   EPS	  pvs est   P/E    Dividend     pvs est</p>
<p> 1997	   730 BFR    700 BFR  14.7    320	    310</p>
<p> 1996	   670 BFR    670 BFR  16.0    290	    285</p>
<p>-- Brussels Newsroom +32 2 287 6810, Fax +32 2 230 7710</p>
</text>
<copyright>(c) Reuters Limited 1996</copyright>
<metadata>
<codes class="bip:countries:1.0">
  <code code="BELG">
    <editdetail attribution="Reuters BIP Coding Group" action="confirmed" date="1996-12-06"/>
  </code>
</codes>
<codes class="bip:industries:1.0">
  <code code="I14000">
    <editdetail attribution="Reuters BIP Coding Group" action="confirmed" date="1996-12-06"/>
  </code>
</codes>
<codes class="bip:topics:1.0">
  <code code="C15">
    <editdetail attribution="Reuters BIP Coding Group" action="confirmed" date="1996-12-06"/>
  </code>
  <code code="C152">
    <editdetail attribution="Reuters BIP Coding Group" action="confirmed" date="1996-12-06"/>
  </code>
  <code code="CCAT">
    <editdetail attribution="Reuters BIP Coding Group" action="confirmed" date="1996-12-06"/>
  </code>
</codes>
<dc element="dc.date.created" value="1996-12-06"/>
<dc element="dc.publisher" value="Reuters Holdings Plc"/>
<dc element="dc.date.published" value="1996-12-06"/>
<dc element="dc.source" value="Reuters"/>
<dc element="dc.creator.location" value="BRUSSELS"/>
<dc element="dc.creator.location.country.name" value="BELGIUM"/>
<dc element="dc.source" value="Reuters"/>
</metadata>
</newsitem>
