<?xml version="1.0" encoding="iso-8859-1" ?>
<newsitem itemid="424078" id="root" date="1997-03-06" xml:lang="en">
<title>USA: U.S. planes deliver African peacekeepers to Liberia.</title>
<headline>U.S. planes deliver African peacekeepers to Liberia.</headline>
<dateline>WASHINGTON 1997-03-06</dateline>
<text>
<p>U.S. planes flew the last of 1,160 African peacekeepers and 452 tons of equipment into Liberia earlier this week, the Defence Department said on Thursday.</p>
<p>It said five C-130 cargo planes delivered the peacekeeping forces from Mali, Ghana and Cote D'Ivoire to join 2,000 African peacekeepers already there.</p>
<p>They are enforcing a peace plan brokered by West African neighbours under which Liberia is to hold presidential and legislative elections on May 30 to end seven years of civil war. The war in the country founded by freed American slaves in 1847 killed well over 150,000 people.</p>
</text>
<copyright>(c) Reuters Limited 1997</copyright>
<metadata>
<codes class="bip:countries:1.0">
  <code code="GHANA">
    <editdetail attribution="Reuters BIP Coding Group" action="confirmed" date="1997-03-06"/>
  </code>
  <code code="ICST">
    <editdetail attribution="Reuters BIP Coding Group" action="confirmed" date="1997-03-06"/>
  </code>
  <code code="LIBER">
    <editdetail attribution="Reuters BIP Coding Group" action="confirmed" date="1997-03-06"/>
  </code>
  <code code="MALI">
    <editdetail attribution="Reuters BIP Coding Group" action="confirmed" date="1997-03-06"/>
  </code>
  <code code="USA">
    <editdetail attribution="Reuters BIP Coding Group" action="confirmed" date="1997-03-06"/>
  </code>
</codes>
<codes class="bip:topics:1.0">
  <code code="GCAT">
    <editdetail attribution="Reuters BIP Coding Group" action="confirmed" date="1997-03-06"/>
  </code>
  <code code="GDIP">
    <editdetail attribution="Reuters BIP Coding Group" action="confirmed" date="1997-03-06"/>
  </code>
  <code code="GPOL">
    <editdetail attribution="Reuters BIP Coding Group" action="confirmed" date="1997-03-06"/>
  </code>
  <code code="GVIO">
    <editdetail attribution="Reuters BIP Coding Group" action="confirmed" date="1997-03-06"/>
  </code>
</codes>
<dc element="dc.date.created" value="1997-03-06"/>
<dc element="dc.publisher" value="Reuters Holdings Plc"/>
<dc element="dc.date.published" value="1997-03-06"/>
<dc element="dc.source" value="Reuters"/>
<dc element="dc.creator.location" value="WASHINGTON"/>
<dc element="dc.creator.location.country.name" value="USA"/>
<dc element="dc.source" value="Reuters"/>
</metadata>
</newsitem>
