<?xml version="1.0" encoding="iso-8859-1" ?>
<newsitem itemid="358824" id="root" date="1997-02-05" xml:lang="en">
<title>SINGAPORE: Taiwan lowers fuel oil bunker prices by $4/T.</title>
<headline>Taiwan lowers fuel oil bunker prices by $4/T.</headline>
<dateline>SINGAPORE 1997-02-05</dateline>
<text>
<p>Taiwan's Chinese Petroleum Corp (CPC) has lowered its bunker fuel prices by $4 per tonne effective February 5, a company statement said on Wednesday.</p>
<p>Posted prices for 180, 280 and 380 centistoke bunker fuel delivered at the ports of Keelung, Hualien, Taichung and Suao were decreased by $4 per tonne, to $123. Term prices were also cut $4 to $120 per tonne.</p>
<p>Spot and term bunker C grade were also lowered by $4 to $121 and $118 respectively.</p>
<p>CPC is Taiwan's monopoly supplier of bunker fuels.</p>
<p>--Singapore Newsroom (+65-870-3571)</p>
</text>
<copyright>(c) Reuters Limited 1997</copyright>
<metadata>
<codes class="bip:countries:1.0">
  <code code="SINGP">
    <editdetail attribution="Reuters BIP Coding Group" action="confirmed" date="1997-02-05"/>
  </code>
  <code code="TAIWAN">
    <editdetail attribution="Reuters BIP Coding Group" action="confirmed" date="1997-02-05"/>
  </code>
</codes>
<codes class="bip:topics:1.0">
  <code code="M14">
    <editdetail attribution="Reuters BIP Coding Group" action="confirmed" date="1997-02-05"/>
  </code>
  <code code="M143">
    <editdetail attribution="Reuters BIP Coding Group" action="confirmed" date="1997-02-05"/>
  </code>
  <code code="MCAT">
    <editdetail attribution="Reuters BIP Coding Group" action="confirmed" date="1997-02-05"/>
  </code>
</codes>
<dc element="dc.date.created" value="1997-02-05"/>
<dc element="dc.publisher" value="Reuters Holdings Plc"/>
<dc element="dc.date.published" value="1997-02-05"/>
<dc element="dc.source" value="Reuters"/>
<dc element="dc.creator.location" value="SINGAPORE"/>
<dc element="dc.creator.location.country.name" value="SINGAPORE"/>
<dc element="dc.source" value="Reuters"/>
</metadata>
</newsitem>
