<?xml version="1.0" encoding="iso-8859-1" ?>
<newsitem itemid="402305" id="root" date="1997-02-25" xml:lang="en">
<title>FINLAND: ASKO SEES '97 PROFIT AT LEAST AT '96 LEVEL.</title>
<headline>ASKO SEES '97 PROFIT AT LEAST AT '96 LEVEL.</headline>
<dateline>HELSINKI 1997-02-25</dateline>
<text>
<p>Finnish furniture and plastic pipe maker Asko Oy said on Tuesday it expected its 1997 profit before reserves and tax to be at least on par with 1996.</p>
<p>&quot;Asko group's 1997 profit before reserves and tax is expected to be at least at the same level as in 1996,&quot; Asko said in a statement with its 1996 report.</p>
<p>Asko's 1996 profit after financial items was 401 million markka, up from 318 million.  </p>
<p>-- Helsinki newsroom +358-9-6805 0248</p>
</text>
<copyright>(c) Reuters Limited 1997</copyright>
<metadata>
<codes class="bip:countries:1.0">
  <code code="FIN">
    <editdetail attribution="Reuters BIP Coding Group" action="confirmed" date="1997-02-25"/>
  </code>
</codes>
<codes class="bip:industries:1.0">
  <code code="I48300">
    <editdetail attribution="Reuters BIP Coding Group" action="confirmed" date="1997-02-25"/>
  </code>
</codes>
<codes class="bip:topics:1.0">
  <code code="C15">
    <editdetail attribution="Reuters BIP Coding Group" action="confirmed" date="1997-02-25"/>
  </code>
  <code code="C152">
    <editdetail attribution="Reuters BIP Coding Group" action="confirmed" date="1997-02-25"/>
  </code>
  <code code="CCAT">
    <editdetail attribution="Reuters BIP Coding Group" action="confirmed" date="1997-02-25"/>
  </code>
</codes>
<dc element="dc.date.created" value="1997-02-25"/>
<dc element="dc.publisher" value="Reuters Holdings Plc"/>
<dc element="dc.date.published" value="1997-02-25"/>
<dc element="dc.source" value="Reuters"/>
<dc element="dc.creator.location" value="HELSINKI"/>
<dc element="dc.creator.location.country.name" value="FINLAND"/>
<dc element="dc.source" value="Reuters"/>
</metadata>
</newsitem>
