<?xml version="1.0" encoding="iso-8859-1" ?>
<newsitem itemid="807496" id="root" date="1997-08-18" xml:lang="en">
<title>IRAN: Iran denies trying to buy nuclear arms components.</title>
<headline>Iran denies trying to buy nuclear arms components.</headline>
<dateline>TEHRAN 1997-08-18</dateline>
<text>
<p>Iran has denied a press report that it had tried to obtain from South Africa items needed to build nuclear weapons, and reiterated that its nuclear capability was for peaceful purposes.</p>
<p>Iran's Atomic Energy Organisation (IAEO) said in a statement late on Sunday that Iran categorically rejected a report by the Times newspaper in London that Iran tried last year to buy from South Africa several items needed to build nuclear weapons.</p>
<p>The statement, issued by the official news agency IRNA, said &quot;all the nuclear activities in Islamic Iran are for peaceful purposes and their activities are under the full control of the International Atomic Energy Agency (IAEA)&quot;.</p>
<p>Iran's media last month quoted the head of the IAEA, Hans Blix, as saying during a visit to Tehran that the Islamic republic's nuclear capability was for peaceful purposes.</p>
<p>The United States has accused Iran of seeking to develop nuclear weapons, a charge Tehran has repeatedly denied.</p>
</text>
<copyright>(c) Reuters Limited 1997</copyright>
<metadata>
<codes class="bip:countries:1.0">
  <code code="IRAN">
    <editdetail attribution="Reuters BIP Coding Group" action="confirmed" date="1997-08-18"/>
  </code>
  <code code="SAFR">
    <editdetail attribution="Reuters BIP Coding Group" action="confirmed" date="1997-08-18"/>
  </code>
  <code code="UK">
    <editdetail attribution="Reuters BIP Coding Group" action="confirmed" date="1997-08-18"/>
  </code>
  <code code="USA">
    <editdetail attribution="Reuters BIP Coding Group" action="confirmed" date="1997-08-18"/>
  </code>
</codes>
<codes class="bip:topics:1.0">
  <code code="GCAT">
    <editdetail attribution="Reuters BIP Coding Group" action="confirmed" date="1997-08-18"/>
  </code>
  <code code="GDEF">
    <editdetail attribution="Reuters BIP Coding Group" action="confirmed" date="1997-08-18"/>
  </code>
  <code code="GDIP">
    <editdetail attribution="Reuters BIP Coding Group" action="confirmed" date="1997-08-18"/>
  </code>
</codes>
<dc element="dc.date.created" value="1997-08-18"/>
<dc element="dc.publisher" value="Reuters Holdings Plc"/>
<dc element="dc.date.published" value="1997-08-18"/>
<dc element="dc.source" value="Reuters"/>
<dc element="dc.creator.location" value="TEHRAN"/>
<dc element="dc.creator.location.country.name" value="IRAN"/>
<dc element="dc.source" value="Reuters"/>
</metadata>
</newsitem>
