<?xml version="1.0" encoding="iso-8859-1" ?>
<newsitem itemid="212436" id="root" date="1996-11-23" xml:lang="en">
<title>DUBAI: UAE court to rule on Filipino death sentence appeal.</title>
<headline>UAE court to rule on Filipino death sentence appeal.</headline>
<dateline>DUBAI 1996-11-23</dateline>
<text>
<p>A United Arab Emirates court will next month rule on an appeal by a Filipino sentenced to death for killing an Indian man, the Philippines embassy said on Saturday.</p>
<p>&quot;The judges said they needed more time to study the matter,&quot; an embassy spokesman said. &quot;The court will issue a ruling on December 28.&quot;</p>
<p>The Federal Supreme Court in Abu Dhabi was scheduled to hand down a verdict on Saturday in the case of John Aquino.</p>
<p>Aquino was sentenced to death by a criminal court in the emirate of Ajman in 1989 for stabbing to death Harbajan Singh and the attempted murder of another Indian during an argument.</p>
<p>A higher court later upheld the death sentence.</p>
<p>The Federal Supreme Court makes the final ruling on death sentences, but any execution must be approved by UAE President Sheikh Zaid bin Sultan al-Nahayan.</p>
<p>The UAE came under international criticism last year when a court sentenced Filipina maid Sarah Balabagan to death for stabbing her 70-year-old employer to death. She claimed he had tried to rape her.</p>
<p>Sheikh Zaid intervened and persuaded the victim's family to drop the death sentence in exchange for blood money. Balabagan returned to the Philippines in August after serving nine months of a one-year sentence.</p>
</text>
<copyright>(c) Reuters Limited 1996</copyright>
<metadata>
<codes class="bip:countries:1.0">
  <code code="ABDBI">
    <editdetail attribution="Reuters BIP Coding Group" action="confirmed" date="1996-11-23"/>
  </code>
  <code code="PHLNS">
    <editdetail attribution="Reuters BIP Coding Group" action="confirmed" date="1996-11-23"/>
  </code>
  <code code="UAE">
    <editdetail attribution="Reuters BIP Coding Group" action="confirmed" date="1996-11-23"/>
  </code>
</codes>
<codes class="bip:topics:1.0">
  <code code="GCAT">
    <editdetail attribution="Reuters BIP Coding Group" action="confirmed" date="1996-11-23"/>
  </code>
  <code code="GCRIM">
    <editdetail attribution="Reuters BIP Coding Group" action="confirmed" date="1996-11-23"/>
  </code>
</codes>
<dc element="dc.date.created" value="1996-11-23"/>
<dc element="dc.publisher" value="Reuters Holdings Plc"/>
<dc element="dc.date.published" value="1996-11-23"/>
<dc element="dc.source" value="Reuters"/>
<dc element="dc.creator.location" value="DUBAI"/>
<dc element="dc.creator.location.country.name" value="DUBAI"/>
<dc element="dc.source" value="Reuters"/>
</metadata>
</newsitem>
