<?xml version="1.0" encoding="iso-8859-1" ?>
<newsitem itemid="103666" id="root" date="1996-10-08" xml:lang="en">
<title>NETHERLANDS: Gilissen cuts Cap Gemini Volmac to Sell.</title>
<headline>Gilissen cuts Cap Gemini Volmac to Sell.</headline>
<dateline>AMSTERDAM 1996-10-08</dateline>
<text>
<p>Summary of Oct 8 research.</p>
<p>Company-------------Sector--------Price---Broker--------------</p>
<p>Cap Gemini (Volmac) IT services   45.50   Theodoor Gilissen</p>
<p>COMMENT: Sell (cut from Hold) - First half results published on Sept 3 were strong, but cannot reveal that company will be unable to achieve EPS growth figures of over 20 percent over longer period. This because of lack of experience in doing major acquisitions, its problems in attracting and keeping experienced personnel and the cyclical nature of its business. After recent rise, shares trading at 19 times estimated 1997 earnings. Gilissen prefers Getronics given risks involved at Cap Gemini.</p>
<p>    Estimates (Dfl):   EPS	  P/E</p>
<p>    1996		   2.15	 21.2</p>
<p>    1997		   2.40	 19.0</p>
<p>-- Amsterdam newsroom, +31 20 504 5000 (Fax +31 20 504 5040)</p>
</text>
<copyright>(c) Reuters Limited 1996</copyright>
<metadata>
<codes class="bip:countries:1.0">
  <code code="NETH">
    <editdetail attribution="Reuters BIP Coding Group" action="confirmed" date="1996-10-08"/>
  </code>
</codes>
<codes class="bip:industries:1.0">
  <code code="I33020">
    <editdetail attribution="Reuters BIP Coding Group" action="confirmed" date="1996-10-08"/>
  </code>
  <code code="I3302021">
    <editdetail attribution="Reuters BIP Coding Group" action="confirmed" date="1996-10-08"/>
  </code>
</codes>
<codes class="bip:topics:1.0">
  <code code="C15">
    <editdetail attribution="Reuters BIP Coding Group" action="confirmed" date="1996-10-08"/>
  </code>
  <code code="C152">
    <editdetail attribution="Reuters BIP Coding Group" action="confirmed" date="1996-10-08"/>
  </code>
  <code code="CCAT">
    <editdetail attribution="Reuters BIP Coding Group" action="confirmed" date="1996-10-08"/>
  </code>
</codes>
<dc element="dc.date.created" value="1996-10-08"/>
<dc element="dc.publisher" value="Reuters Holdings Plc"/>
<dc element="dc.date.published" value="1996-10-08"/>
<dc element="dc.source" value="Reuters"/>
<dc element="dc.creator.location" value="AMSTERDAM"/>
<dc element="dc.creator.location.country.name" value="NETHERLANDS"/>
<dc element="dc.source" value="Reuters"/>
</metadata>
</newsitem>
