<?xml version="1.0" encoding="iso-8859-1" ?>
<newsitem itemid="358996" id="root" date="1997-02-05" xml:lang="en">
<title>JAPAN: KDD to buy stake in Tokyo CATV operator.</title>
<headline>KDD to buy stake in Tokyo CATV operator.</headline>
<dateline>TOKYO 1997-02-05</dateline>
<text>
<p>Kokusai Denshin Denwa Co Ltd said on Wednesday that it would buy a stake in Cable Television Tokyo Ltd in July or August to pursue the possibility of offering multimedia services via a cable television network.</p>
<p>The international telecommunications carrier said it plans to buy two percent of Cable Television Tokyo for 60 million yen.</p>
<p>The cable television firm said it has about 14,000 subscribers.</p>
</text>
<copyright>(c) Reuters Limited 1997</copyright>
<metadata>
<codes class="bip:countries:1.0">
  <code code="JAP">
    <editdetail attribution="Reuters BIP Coding Group" action="confirmed" date="1997-02-05"/>
  </code>
</codes>
<codes class="bip:industries:1.0">
  <code code="I79020">
    <editdetail attribution="Reuters BIP Coding Group" action="confirmed" date="1997-02-05"/>
  </code>
</codes>
<codes class="bip:topics:1.0">
  <code code="C18">
    <editdetail attribution="Reuters BIP Coding Group" action="confirmed" date="1997-02-05"/>
  </code>
  <code code="C181">
    <editdetail attribution="Reuters BIP Coding Group" action="confirmed" date="1997-02-05"/>
  </code>
  <code code="CCAT">
    <editdetail attribution="Reuters BIP Coding Group" action="confirmed" date="1997-02-05"/>
  </code>
</codes>
<dc element="dc.date.created" value="1997-02-05"/>
<dc element="dc.publisher" value="Reuters Holdings Plc"/>
<dc element="dc.date.published" value="1997-02-05"/>
<dc element="dc.source" value="Reuters"/>
<dc element="dc.creator.location" value="TOKYO"/>
<dc element="dc.creator.location.country.name" value="JAPAN"/>
<dc element="dc.source" value="Reuters"/>
</metadata>
</newsitem>
