<?xml version="1.0" encoding="iso-8859-1" ?>
<newsitem itemid="83550" id="root" date="1996-09-29" xml:lang="en">
<title>USA: Medical Resources files for share offering.</title>
<headline>Medical Resources files for share offering.</headline>
<dateline>HACKENSACK, N.J. 1996-09-29</dateline>
<text>
<p>Medical Resources Inc said it filed a registration statement with the U.S. Securities and Exchange Commission for a proposed offering of four million shares of common stock.</p>
<p>The proceeds from the offering will be used to finance future acquisitions, repay debt and for general corporate purposes, Medical Resources said.</p>
<p>Dillon Read &amp; Co Inc and Smith Barney Inc will managed the offering, the company said.</p>
<p>Medical Resources operates diagnostic imaging centers and provdes temporary healthcare staffing.</p>
<p>-- New York Newsdesk 212-859-1610</p>
</text>
<copyright>(c) Reuters Limited 1996</copyright>
<metadata>
<codes class="bip:countries:1.0">
  <code code="USA">
    <editdetail attribution="Reuters BIP Coding Group" action="confirmed" date="1996-09-29"/>
  </code>
</codes>
<codes class="bip:topics:1.0">
  <code code="C17">
    <editdetail attribution="Reuters BIP Coding Group" action="confirmed" date="1996-09-29"/>
  </code>
  <code code="C171">
    <editdetail attribution="Reuters BIP Coding Group" action="confirmed" date="1996-09-29"/>
  </code>
  <code code="CCAT">
    <editdetail attribution="Reuters BIP Coding Group" action="confirmed" date="1996-09-29"/>
  </code>
</codes>
<dc element="dc.date.created" value="1996-09-29"/>
<dc element="dc.publisher" value="Reuters Holdings Plc"/>
<dc element="dc.date.published" value="1996-09-29"/>
<dc element="dc.source" value="Reuters"/>
<dc element="dc.creator.location" value="HACKENSACK, N.J."/>
<dc element="dc.creator.location.country.name" value="USA"/>
<dc element="dc.source" value="Reuters"/>
</metadata>
</newsitem>
