<?xml version="1.0" encoding="iso-8859-1" ?>
<newsitem itemid="102493" id="root" date="1996-10-08" xml:lang="en">
<title>SINGAPORE: SS Land awards building contracts.</title>
<headline>SS Land awards building contracts.</headline>
<dateline>SINGAPORE 1996-10-08</dateline>
<text>
<p>Property developer Straits Steamship Land Ltd said on Tuesday it had awarded two large contracts for the construction of office developments in Singapore to Ssangyong Engineering and Construction Co Ltd and Nishimatsu Lum Chang JV Pte Ltd.  </p>
<p>SSL said in a statement Korea's Ssangyong Engineering and Construction Co Ltd had been awarded a Singapore $92 million contract.</p>
<p>Nishimatsu Lum Chang, a joint venture of Japan's Nishimatsu Construction Co Ltd and Singapore-based Lum Chang Holdings, had been awarded work worth S$71 million.</p>
<p>The contracts were for the construction of Prudential Tower, a 30-storey office block, a public park and an underpass.</p>
<p>Total development costs for Prudential Tower would be about S$460 million, it said.  </p>
<p>Nishimatsu Lum Chang would be the main contractor responsible for Prudential Tower.</p>
<p>Ssangyong would be responsible for the construction of a second office tower, Parcel E, to be 16 storeys high with associated shophouses.</p>
<p>The total development cost of Parcel E would be S$570 million, it said.</p>
<p>SSL is a unit of Singapore marine-based conglomerate Keppel Corp.</p>
<p>-- Singapore newsroom (65 8703080)</p>
</text>
<copyright>(c) Reuters Limited 1996</copyright>
<metadata>
<codes class="bip:countries:1.0">
  <code code="SINGP">
    <editdetail attribution="Reuters BIP Coding Group" action="confirmed" date="1996-10-08"/>
  </code>
</codes>
<codes class="bip:industries:1.0">
  <code code="I50100">
    <editdetail attribution="Reuters BIP Coding Group" action="confirmed" date="1996-10-08"/>
  </code>
  <code code="I5010022">
    <editdetail attribution="Reuters BIP Coding Group" action="confirmed" date="1996-10-08"/>
  </code>
  <code code="I83960">
    <editdetail attribution="Reuters BIP Coding Group" action="confirmed" date="1996-10-08"/>
  </code>
  <code code="I85000">
    <editdetail attribution="Reuters BIP Coding Group" action="confirmed" date="1996-10-08"/>
  </code>
</codes>
<codes class="bip:topics:1.0">
  <code code="C33">
    <editdetail attribution="Reuters BIP Coding Group" action="confirmed" date="1996-10-08"/>
  </code>
  <code code="CCAT">
    <editdetail attribution="Reuters BIP Coding Group" action="confirmed" date="1996-10-08"/>
  </code>
</codes>
<dc element="dc.date.created" value="1996-10-08"/>
<dc element="dc.publisher" value="Reuters Holdings Plc"/>
<dc element="dc.date.published" value="1996-10-08"/>
<dc element="dc.source" value="Reuters"/>
<dc element="dc.creator.location" value="SINGAPORE"/>
<dc element="dc.creator.location.country.name" value="SINGAPORE"/>
<dc element="dc.source" value="Reuters"/>
</metadata>
</newsitem>
