<?xml version="1.0" encoding="iso-8859-1" ?>
<newsitem itemid="652385" id="root" date="1997-06-11" xml:lang="en">
<title>LITHUANIA: LITHUANIA-CABINET FAILS TO DECIDE BUTINGE CREDITS.</title>
<headline>LITHUANIA-CABINET FAILS TO DECIDE BUTINGE CREDITS.</headline>
<dateline>VILNIUS 1997-06-11</dateline>
<text>
<p>The Lithuanian government failed to decide on Wednesday on issuing state guarantee for credits to finance building the Butinge oil terminal.</p>
<p>&quot;The cabinet did not approve the decision on Butinge oil terminal today,&quot; the government's press office told Reuters but declined to give any details before the meeting was over.</p>
<p>The commission for state guarantees backed earlier this month a plan to issue state quarantees up to $200 million for the project and suggested the government to submitt the draft proposal for parliament's approval in emergency way.</p>
<p>Potential investors, including the Union Bank of Switzerland, U.S. EXIM, Bank of Tokyo, offered around $260 million in credits for the project but wanted state guarantees.</p>
<p>The construction price of Butinge is seen at $267 million, of which $65 million will come from the Lithuanian side.</p>
<p>-- Andrius Vilkancas, Vilnius newsroom +370 2 22 35 17</p>
</text>
<copyright>(c) Reuters Limited 1997</copyright>
<metadata>
<codes class="bip:countries:1.0">
  <code code="LITH">
    <editdetail attribution="Reuters BIP Coding Group" action="confirmed" date="1997-06-11"/>
  </code>
</codes>
<codes class="bip:industries:1.0">
  <code code="I13000">
    <editdetail attribution="Reuters BIP Coding Group" action="confirmed" date="1997-06-11"/>
  </code>
  <code code="I76300">
    <editdetail attribution="Reuters BIP Coding Group" action="confirmed" date="1997-06-11"/>
  </code>
</codes>
<codes class="bip:topics:1.0">
  <code code="C24">
    <editdetail attribution="Reuters BIP Coding Group" action="confirmed" date="1997-06-11"/>
  </code>
  <code code="CCAT">
    <editdetail attribution="Reuters BIP Coding Group" action="confirmed" date="1997-06-11"/>
  </code>
  <code code="E21">
    <editdetail attribution="Reuters BIP Coding Group" action="confirmed" date="1997-06-11"/>
  </code>
  <code code="E211">
    <editdetail attribution="Reuters BIP Coding Group" action="confirmed" date="1997-06-11"/>
  </code>
  <code code="ECAT">
    <editdetail attribution="Reuters BIP Coding Group" action="confirmed" date="1997-06-11"/>
  </code>
  <code code="GCAT">
    <editdetail attribution="Reuters BIP Coding Group" action="confirmed" date="1997-06-11"/>
  </code>
  <code code="GPOL">
    <editdetail attribution="Reuters BIP Coding Group" action="confirmed" date="1997-06-11"/>
  </code>
</codes>
<dc element="dc.date.created" value="1997-06-11"/>
<dc element="dc.publisher" value="Reuters Holdings Plc"/>
<dc element="dc.date.published" value="1997-06-11"/>
<dc element="dc.source" value="Reuters"/>
<dc element="dc.creator.location" value="VILNIUS"/>
<dc element="dc.creator.location.country.name" value="LITHUANIA"/>
<dc element="dc.source" value="Reuters"/>
</metadata>
</newsitem>
