<?xml version="1.0" encoding="iso-8859-1" ?>
<newsitem itemid="191405" id="root" date="1996-11-15" xml:lang="en">
<title>USA: Aliant Communications seeks to expand.</title>
<headline>Aliant Communications seeks to expand.</headline>
<dateline>LINCOLN, Neb. 1996-11-15</dateline>
<text>
<p>Aliant Communications Inc said Friday one of its affiliated companies applied to the Nebraska Public Service Commission for authority to expand its local telephone exchange service.</p>
<p>It expects the approval process to be completed by the end of March 1997.</p>
<p>Aliant wants to expand into Omaha and other areas served by U S West Communications Group, GTE Corp and Sprint Corp which operates in Nebraska as United Telecom, an Aliant spokesman said in a telephone interview.</p>
<p>Aliant said it seeks to expand outside its traditional 22-county southeast Nebraska market.</p>
<p>It said it would use its own equipment as well as resell other companies' service including &quot;unbundling&quot; or breaking out individual billing elements.</p>
<p>&quot;We have been doing business outside our traditional telephone exchange market for some time, providing cellular service and business systems to customers across Nebraska,&quot; president and chief operating officer Frank Hilsabeck said in a statement.</p>
<p>- Chicago Newsdesk 312-408-8787</p>
</text>
<copyright>(c) Reuters Limited 1996</copyright>
<metadata>
<codes class="bip:countries:1.0">
  <code code="USA">
    <editdetail attribution="Reuters BIP Coding Group" action="confirmed" date="1996-11-15"/>
  </code>
</codes>
<codes class="bip:industries:1.0">
  <code code="I79020">
    <editdetail attribution="Reuters BIP Coding Group" action="confirmed" date="1996-11-15"/>
  </code>
</codes>
<codes class="bip:topics:1.0">
  <code code="C13">
    <editdetail attribution="Reuters BIP Coding Group" action="confirmed" date="1996-11-15"/>
  </code>
  <code code="C21">
    <editdetail attribution="Reuters BIP Coding Group" action="confirmed" date="1996-11-15"/>
  </code>
  <code code="CCAT">
    <editdetail attribution="Reuters BIP Coding Group" action="confirmed" date="1996-11-15"/>
  </code>
</codes>
<dc element="dc.date.created" value="1996-11-15"/>
<dc element="dc.publisher" value="Reuters Holdings Plc"/>
<dc element="dc.date.published" value="1996-11-15"/>
<dc element="dc.source" value="Reuters"/>
<dc element="dc.creator.location" value="LINCOLN, Neb."/>
<dc element="dc.creator.location.country.name" value="USA"/>
<dc element="dc.source" value="Reuters"/>
</metadata>
</newsitem>
