<?xml version="1.0" encoding="iso-8859-1" ?>
<newsitem itemid="618685" id="root" date="1997-05-27" xml:lang="en">
<title>SINGAPORE: Mobil shuts Altona refining units for maintenance.</title>
<headline>Mobil shuts Altona refining units for maintenance.</headline>
<dateline>SINGAPORE 1997-05-27</dateline>
<text>
<p>Mobil Australia Ltd will close one crude distillation unit (CDU) and three reformers at its 118,000-barrel-per-day (bpd) Altona refinery from May 27 to June 29 for maintenance, a company source said on Tuesday.</p>
<p>The source said turnaround involves the shutdown of a 55,000 bpd CDU No.3 and all three of its reformers with a total capacity of around 31,500-bpd.</p>
<p>Mobil plans its last refinery shutdown for the year in September when it will replace its existing 24,000-bpd thermal catalytic cracker (TCC) at Altona with a fluid catalytic cracker of the same capacity.  </p>
<p>Maintenance work at its Adelaide refinery involving the shutdown of the 75,000-bpd CDU and the 27,000-bpd reformer was carried out between April 22 and May 2, the source said.</p>
<p>--Singapore Newsroom (+65-870-3086)</p>
</text>
<copyright>(c) Reuters Limited 1997</copyright>
<metadata>
<codes class="bip:countries:1.0">
  <code code="AUSTR">
    <editdetail attribution="Reuters BIP Coding Group" action="confirmed" date="1997-05-27"/>
  </code>
</codes>
<codes class="bip:industries:1.0">
  <code code="I13000">
    <editdetail attribution="Reuters BIP Coding Group" action="confirmed" date="1997-05-27"/>
  </code>
  <code code="I1300003">
    <editdetail attribution="Reuters BIP Coding Group" action="confirmed" date="1997-05-27"/>
  </code>
</codes>
<codes class="bip:topics:1.0">
  <code code="C21">
    <editdetail attribution="Reuters BIP Coding Group" action="confirmed" date="1997-05-27"/>
  </code>
  <code code="C24">
    <editdetail attribution="Reuters BIP Coding Group" action="confirmed" date="1997-05-27"/>
  </code>
  <code code="CCAT">
    <editdetail attribution="Reuters BIP Coding Group" action="confirmed" date="1997-05-27"/>
  </code>
</codes>
<dc element="dc.date.created" value="1997-05-27"/>
<dc element="dc.publisher" value="Reuters Holdings Plc"/>
<dc element="dc.date.published" value="1997-05-27"/>
<dc element="dc.source" value="Reuters"/>
<dc element="dc.creator.location" value="SINGAPORE"/>
<dc element="dc.creator.location.country.name" value="SINGAPORE"/>
<dc element="dc.source" value="Reuters"/>
</metadata>
</newsitem>
