<?xml version="1.0" encoding="iso-8859-1" ?>
<newsitem itemid="734993" id="root" date="1997-07-17" xml:lang="en">
<title>USA: BPA cuts Friday peak, firm power prices by $2/MWh.</title>
<headline>BPA cuts Friday peak, firm power prices by $2/MWh.</headline>
<dateline>LOS ANGELES 1997-07-17</dateline>
<text>
<p>The Bonneville Power Administration (BPA) continued to offer 150 megawatts (MW) of peak firm power for Friday pre-schedulings, but lowered prices by $2.00 per megawatt hour (MWh), the agency said Thursday.</p>
<p>BPA offered next-day peak firm power at $16.00 per MWh and $18.00 for California-Oregon (COB) sales.</p>
<p>BPA also continued to offer non-firm power during off-peak hours at unchanged prices.</p>
<p>Friday sales for all deliveries during hours ending ending 0100-0500 and 2400 PDT were steady at $8.00 per MW.</p>
<p>Non-firm power at hours ending 0600 and 2300 on Friday was also unchanged at $10.00, while prices for hours ending 0700-0800 were steady $13.00 per MWh for Northwest sales and $14.00 for COB.</p>
<p>((--Los Angeles bureau, +1 213 955 6761))</p>
</text>
<copyright>(c) Reuters Limited 1997</copyright>
<metadata>
<codes class="bip:countries:1.0">
  <code code="USA">
    <editdetail attribution="Reuters BIP Coding Group" action="confirmed" date="1997-07-17"/>
  </code>
</codes>
<codes class="bip:industries:1.0">
  <code code="I16100">
    <editdetail attribution="Reuters BIP Coding Group" action="confirmed" date="1997-07-17"/>
  </code>
</codes>
<codes class="bip:topics:1.0">
  <code code="C31">
    <editdetail attribution="Reuters BIP Coding Group" action="confirmed" date="1997-07-17"/>
  </code>
  <code code="CCAT">
    <editdetail attribution="Reuters BIP Coding Group" action="confirmed" date="1997-07-17"/>
  </code>
  <code code="M14">
    <editdetail attribution="Reuters BIP Coding Group" action="confirmed" date="1997-07-17"/>
  </code>
  <code code="M143">
    <editdetail attribution="Reuters BIP Coding Group" action="confirmed" date="1997-07-17"/>
  </code>
  <code code="MCAT">
    <editdetail attribution="Reuters BIP Coding Group" action="confirmed" date="1997-07-17"/>
  </code>
</codes>
<dc element="dc.date.created" value="1997-07-17"/>
<dc element="dc.publisher" value="Reuters Holdings Plc"/>
<dc element="dc.date.published" value="1997-07-17"/>
<dc element="dc.source" value="Reuters"/>
<dc element="dc.creator.location" value="LOS ANGELES"/>
<dc element="dc.creator.location.country.name" value="USA"/>
<dc element="dc.source" value="Reuters"/>
</metadata>
</newsitem>
