<?xml version="1.0" encoding="iso-8859-1" ?>
<newsitem itemid="371253" id="root" date="1997-02-12" xml:lang="en">
<title>CANADA: Anderson Exploration Q1 share profit jumps.</title>
<headline>Anderson Exploration Q1 share profit jumps.</headline>
<dateline>CALGARY 1997-02-12</dateline>
<text>
<p>1997			  1996</p>
<p> Shr			 C$0.31		   C$0.07</p>
<p> Net			 37,200		    8,800</p>
<p> Cash flow/shr	     0.98		     0.58</p>
<p> Revs		     197,700		  130,500</p>
<p> Avg shrs		     n/a			n/a</p>
<p>		  (All data above 000s except per share numbers)</p>
<p>Company full name is Anderson Exploration Ltd.</p>
<p>((Reuters Calgary Bureau (403) 531-1624))</p>
</text>
<copyright>(c) Reuters Limited 1997</copyright>
<metadata>
<codes class="bip:countries:1.0">
  <code code="CANA">
    <editdetail attribution="Reuters BIP Coding Group" action="confirmed" date="1997-02-12"/>
  </code>
</codes>
<codes class="bip:industries:1.0">
  <code code="I13000">
    <editdetail attribution="Reuters BIP Coding Group" action="confirmed" date="1997-02-12"/>
  </code>
  <code code="I1300003">
    <editdetail attribution="Reuters BIP Coding Group" action="confirmed" date="1997-02-12"/>
  </code>
</codes>
<codes class="bip:topics:1.0">
  <code code="C15">
    <editdetail attribution="Reuters BIP Coding Group" action="confirmed" date="1997-02-12"/>
  </code>
  <code code="C151">
    <editdetail attribution="Reuters BIP Coding Group" action="confirmed" date="1997-02-12"/>
  </code>
  <code code="CCAT">
    <editdetail attribution="Reuters BIP Coding Group" action="confirmed" date="1997-02-12"/>
  </code>
</codes>
<dc element="dc.date.created" value="1997-02-12"/>
<dc element="dc.publisher" value="Reuters Holdings Plc"/>
<dc element="dc.date.published" value="1997-02-12"/>
<dc element="dc.source" value="Reuters"/>
<dc element="dc.creator.location" value="CALGARY"/>
<dc element="dc.creator.location.country.name" value="CANADA"/>
<dc element="dc.source" value="Reuters"/>
</metadata>
</newsitem>
