<?xml version="1.0" encoding="iso-8859-1" ?>
<newsitem itemid="207480" id="root" date="1996-11-21" xml:lang="en">
<title>USA: Paramark Enterprises Q3 net profit vs loss.</title>
<headline>Paramark Enterprises Q3 net profit vs loss.</headline>
<dateline>SECAUCUS, N.J. 1996-11-20</dateline>
<text>
<p>1996			1995</p>
<p> Shr profit		 $0.40     loss	 $0.04</p>
<p> Net profit		 1,188     loss	   126</p>
<p> Revs			   271			233</p>
<p> Avg shrs		   2,997		    2,919</p>
<p>	  9 MONTHS</p>
<p> Shr profit		 $0.28     loss	 $0.28</p>
<p> Net profit		   840     loss	   827</p>
<p> Revs			 1,030			739</p>
<p> Avg shrs		   2,979		    2,919</p>
<p>(All data above 000s except per share numbers)</p>
<p>NOTE: Full name of company is Paramark Enterprises Inc.</p>
</text>
<copyright>(c) Reuters Limited 1996</copyright>
<metadata>
<codes class="bip:countries:1.0">
  <code code="USA">
    <editdetail attribution="Reuters BIP Coding Group" action="confirmed" date="1996-11-21"/>
  </code>
</codes>
<codes class="bip:industries:1.0">
  <code code="I64100">
    <editdetail attribution="Reuters BIP Coding Group" action="confirmed" date="1996-11-21"/>
  </code>
</codes>
<codes class="bip:topics:1.0">
  <code code="C15">
    <editdetail attribution="Reuters BIP Coding Group" action="confirmed" date="1996-11-21"/>
  </code>
  <code code="C151">
    <editdetail attribution="Reuters BIP Coding Group" action="confirmed" date="1996-11-21"/>
  </code>
  <code code="CCAT">
    <editdetail attribution="Reuters BIP Coding Group" action="confirmed" date="1996-11-21"/>
  </code>
</codes>
<dc element="dc.date.created" value="1996-11-20"/>
<dc element="dc.publisher" value="Reuters Holdings Plc"/>
<dc element="dc.date.published" value="1996-11-21"/>
<dc element="dc.source" value="Reuters"/>
<dc element="dc.creator.location" value="SECAUCUS, N.J."/>
<dc element="dc.creator.location.country.name" value="USA"/>
<dc element="dc.source" value="Reuters"/>
</metadata>
</newsitem>
