<?xml version="1.0" encoding="iso-8859-1" ?>
<newsitem itemid="517420" id="root" date="1997-04-17" xml:lang="en">
<title>USA: PRESALE - Pocantico Hills Central Sch Dist, NY.</title>
<headline>PRESALE - Pocantico Hills Central Sch Dist, NY.</headline>
<text>
<p>AMT: 1,600,000	DATE: 04/22/97	NYC Time: 1100	CUSIP: 730295</p>
<p>ISSUER: Pocantico Hills Central School District		 ST: NY</p>
<p>ISSUE: School district serial 1997				 TAX STAT: Exempt-ULT</p>
<p>M/SP/F: Aa3/NA/NA							 BOOK ENTRY: Y</p>
<p>ENHANCEMENTS: None							BANK QUAL: Y</p>
<p>DTD: 05/01/97							     SURE BID: N</p>
<p>DUE: 5/1/98-16						SR MGR:</p>
<p>1ST CPN: 11/01/97</p>
<p>CALL: 5/1/06 @ 102, dtp 5/1/08			  TIC</p>
<p>DELIVERY: 5/1/97 approx				   ORDERS:</p>
<p>PAYING AGENT: School District Treasurer's Office, North Tarrytown</p>
<p>L.O.: Willkie Farr &amp; Gallagher, NYC</p>
<p>F.A.: Public Finance Associates, Inc., Hopewell</p>
<p>LAST SALE: $1,8000,000 10/20/94 @ 5.9024% NIC; 11yrs 1mos avg; BBI- 6.44%</p>
<p>Year		     Amount    Coupon     Yield     Price  Conc.</p>
<p>1998		     50,000</p>
<p>1999		     55,000</p>
<p>2000		     55,000</p>
<p>2001		     60,000</p>
<p>2002		     65,000</p>
<p>2003		     65,000</p>
<p>2004		     70,000</p>
<p>2005		     70,000</p>
<p>2006		     75,000</p>
<p>2007		     80,000</p>
<p>2008		     85,000</p>
<p>2009		     90,000</p>
<p>2010		     95,000</p>
<p>2011		    100,000</p>
<p>2012		    105,000</p>
<p>2013		    110,000</p>
<p>2014		    115,000</p>
<p>2015		    125,000</p>
<p>2016		    130,000</p>
<p>COMPETITIVE PRE-SALE CONTRIBUTED BY J.J. KENNY K-SHEETS:</p>
</text>
<copyright>(c) Reuters Limited 1997</copyright>
<metadata>
<codes class="bip:countries:1.0">
  <code code="USA">
    <editdetail attribution="Reuters BIP Coding Group" action="confirmed" date="1997-04-17"/>
  </code>
</codes>
<codes class="bip:topics:1.0">
  <code code="E21">
    <editdetail attribution="Reuters BIP Coding Group" action="confirmed" date="1997-04-17"/>
  </code>
  <code code="E212">
    <editdetail attribution="Reuters BIP Coding Group" action="confirmed" date="1997-04-17"/>
  </code>
  <code code="ECAT">
    <editdetail attribution="Reuters BIP Coding Group" action="confirmed" date="1997-04-17"/>
  </code>
</codes>
<dc element="dc.publisher" value="Reuters Holdings Plc"/>
<dc element="dc.date.published" value="1997-04-17"/>
<dc element="dc.source" value="Reuters"/>
<dc element="dc.creator.location.country.name" value="USA"/>
<dc element="dc.source" value="Reuters"/>
</metadata>
</newsitem>
