<?xml version="1.0" encoding="iso-8859-1" ?>
<newsitem itemid="470170" id="root" date="1997-03-26" xml:lang="en">
<title>ISRAEL: Zim Israel Q4 net loss $13.8 mln vs profit.</title>
<headline>Zim Israel Q4 net loss $13.8 mln vs profit.</headline>
<dateline>TEL AVIV 1997-03-26</dateline>
<text>
<p>Zim Israel Navigation Ltd.</p>
<p>			   (in millions of dollars)</p>
<p>			    Q4 96    Q4 95    12-MTH 96  12-MTH 95</p>
<p>Income		    362.5    369.4	1,415.3    1,442.6</p>
<p>Operating income   loss 8.8     14.3	   14.0	 54.0</p>
<p>Net Profit	  loss 13.8	6.1    loss 15.9	 14.8</p>
<p>The 1996 loss was after provision for deferred taxes of $6.3 million, the company said.</p>
<p>In 1996 the company carried 912,353 TEUs against 873,074 in 1995. Zim operated 80 vssels.</p>
<p>Zim cited other factors which negatively affected the results:</p>
<p>- The growing gap between supply of space and demand of cargo volume causing &quot;fierce competition&quot; in the Israeli and international trade, resulting in growing erosion in freight rates.</p>
<p>- Due to difficulties in utilising carrying capacity, large container shipping companies active in East-West routes began entering secondary trade areas including Israel.</p>
<p>- Delays in Israeli and foreign ports and a $6 million increase in fuel expenses.</p>
<p>Zim said it has been taking efficiency steps to increase income and reduce expenses. It is expanding strategic alliances with other shipping companies operating in the same trade areas, while increasing marketing in various areas.</p>
<p>Zim is 51 percent controlled by Israel Corp. The remaining shares are owned by the government, which has said shares in Zim are among the first it intends to sell.</p>
<p>- Tel Aviv newsroom, 972-3-537-2211</p>
</text>
<copyright>(c) Reuters Limited 1997</copyright>
<metadata>
<codes class="bip:countries:1.0">
  <code code="ISRAEL">
    <editdetail attribution="Reuters BIP Coding Group" action="confirmed" date="1997-03-26"/>
  </code>
</codes>
<codes class="bip:industries:1.0">
  <code code="I83960">
    <editdetail attribution="Reuters BIP Coding Group" action="confirmed" date="1997-03-26"/>
  </code>
</codes>
<codes class="bip:topics:1.0">
  <code code="C15">
    <editdetail attribution="Reuters BIP Coding Group" action="confirmed" date="1997-03-26"/>
  </code>
  <code code="C151">
    <editdetail attribution="Reuters BIP Coding Group" action="confirmed" date="1997-03-26"/>
  </code>
  <code code="C1511">
    <editdetail attribution="Reuters BIP Coding Group" action="confirmed" date="1997-03-26"/>
  </code>
  <code code="CCAT">
    <editdetail attribution="Reuters BIP Coding Group" action="confirmed" date="1997-03-26"/>
  </code>
</codes>
<dc element="dc.date.created" value="1997-03-26"/>
<dc element="dc.publisher" value="Reuters Holdings Plc"/>
<dc element="dc.date.published" value="1997-03-26"/>
<dc element="dc.source" value="Reuters"/>
<dc element="dc.creator.location" value="TEL AVIV"/>
<dc element="dc.creator.location.country.name" value="ISRAEL"/>
<dc element="dc.source" value="Reuters"/>
</metadata>
</newsitem>
