<?xml version="1.0" encoding="iso-8859-1" ?>
<newsitem itemid="473916" id="root" date="1997-03-27" xml:lang="en">
<title>GERMANY: PRESS DIGEST - Germany - March 27.</title>
<headline>PRESS DIGEST - Germany - March 27.</headline>
<dateline>BONN 1997-03-27</dateline>
<text>
<p>The following are the main stories from Thursday morning's German newspapers:</p>
<p>FRANKFURTER ALLGEMEINE ZEITUNG</p>
<p>- Foreign Minister Klaus Kinkel says Turkey will not become member of the European Union in the foreseeable future.</p>
<p>- Krupp  KFHG.F and Thyssen agree to found joint steel company.</p>
<p>- Atomic energy industry ready to compromise over problem of waste disposal.</p>
<p>- Krupp and Thyssen company will bring savings of 550 million marks per year, mean the lost of 7,900 jobs.</p>
<p>- Association of savings banks say reform of tax system overdue.</p>
<p>HANDELSBLATT</p>
<p>- No compulsory redundancies as part of steel merger.</p>
<p>- Daimler-Benz plans to pay dividend again, after not doing so for 1995.</p>
<p>- Veba posts record results, plans New York stock exchange listing.</p>
<p>- German Trade Union Federation calls for employment policy agreements to be added to European Union's Maastricht Treaty.</p>
<p>SUEDDEUTSCHE ZEITUNG</p>
<p>- Bavarian interior minister says the state will continue to repatriate Bosnian refugees.</p>
<p>- Row within Bavaria's Christian Social Union (CSU) between Bonn and Munich rumbles on.</p>
<p>- Lower oil prices help bring small drop in consumer prices for western Germany in March.</p>
<p>- Frankfurt court says remailing is against law but refers to European Court for final decision.</p>
<p>DIE WELT</p>
<p>- Ruling coalition puts pressure on opposition Social Democrats (SPD) to resume talks over tax reform.</p>
<p>- Finance Minister Theo Waigel's deliberations about further cuts in social spending provoke controversy.</p>
<p>- Business consultant Roland Berger says Germany is lacking eight million jobs and needs to concentrate on innovation if it is to create new jobs.</p>
<p>-- Bonn Newsroom +49 228 26097160</p>
</text>
<copyright>(c) Reuters Limited 1997</copyright>
<metadata>
<codes class="bip:countries:1.0">
  <code code="GFR">
    <editdetail attribution="Reuters BIP Coding Group" action="confirmed" date="1997-03-27"/>
  </code>
</codes>
<codes class="bip:topics:1.0">
  <code code="GCAT">
    <editdetail attribution="Reuters BIP Coding Group" action="confirmed" date="1997-03-27"/>
  </code>
</codes>
<dc element="dc.date.created" value="1997-03-27"/>
<dc element="dc.publisher" value="Reuters Holdings Plc"/>
<dc element="dc.date.published" value="1997-03-27"/>
<dc element="dc.source" value="Reuters"/>
<dc element="dc.creator.location" value="BONN"/>
<dc element="dc.creator.location.country.name" value="GERMANY"/>
<dc element="dc.source" value="Reuters"/>
</metadata>
</newsitem>
