<?xml version="1.0" encoding="iso-8859-1" ?>
<newsitem itemid="7011" id="root" date="1996-08-21" xml:lang="en">
<title>USA: Lipper general muni fund index 128.43, unchanged.</title>
<headline>Lipper general muni fund index 128.43, unchanged.</headline>
<dateline>NEW YORK 1996-08-21</dateline>
<text>
<p>The Lipper General Municipal Fund Index for Tuesday, August 20, was 128.43, unchanged from Monday, August 19.</p>
<p>The fund index is a principal index only of the 10 largest general municipal bond funds that declare daily dividends. It is calculated on a daily basis and is net asset value weighted based on the number of shares that could have been purchased for $100 as of December 31, 1980.</p>
<p>The components of the index as of June 30, 1995, are as follows: Colonial Tax-Exempt Class A; Dreyfus Municipal Bond Fund; Dean Witter Tax-Exempt Fund; A; MFS Muni Fund Class A; T Rowe Price Tax Free Income Fund; Putnam Tax-Exempt Income Fund A; Keystone Tax Free Fund; Tax-Exempt Bond Fund America; USAA Tax-Exempt Long Term Fund.</p>
<p>--U.S. Municipal Desk, 212-859-1650</p>
</text>
<copyright>(c) Reuters Limited 1996</copyright>
<metadata>
<codes class="bip:countries:1.0">
  <code code="USA">
    <editdetail attribution="Reuters BIP Coding Group" action="confirmed" date="1996-08-21"/>
  </code>
</codes>
<codes class="bip:topics:1.0">
  <code code="M12">
    <editdetail attribution="Reuters BIP Coding Group" action="confirmed" date="1996-08-21"/>
  </code>
  <code code="MCAT">
    <editdetail attribution="Reuters BIP Coding Group" action="confirmed" date="1996-08-21"/>
  </code>
</codes>
<dc element="dc.date.created" value="1996-08-21"/>
<dc element="dc.publisher" value="Reuters Holdings Plc"/>
<dc element="dc.date.published" value="1996-08-21"/>
<dc element="dc.source" value="Reuters"/>
<dc element="dc.creator.location" value="NEW YORK"/>
<dc element="dc.creator.location.country.name" value="USA"/>
<dc element="dc.source" value="Reuters"/>
</metadata>
</newsitem>
