<?xml version="1.0" encoding="iso-8859-1" ?>
<newsitem itemid="98907" id="root" date="1996-10-07" xml:lang="en">
<title>SOUTH AFRICA: SOCCER-AFRICAN NATIONS CUP COLLATED RESULTS.</title>
<headline>SOCCER-AFRICAN NATIONS CUP COLLATED RESULTS.</headline>
<dateline>JOHANNESBURG 1996-10-07</dateline>
<text>
<p>Collated results of first</p>
<p>round African Nations' Cup qualifying group matches at the</p>
<p>weekend:</p>
<p>Group One:</p>
<p>Ghana 2 Angola 1</p>
<p>Sudan 0 Zimbabwe 3</p>
<p>Standings (tabulate under played, won, drawn, lost, goals</p>
<p>for, against, points):</p>
<p>    Zimbabwe    1  1  0  0  3  0  3</p>
<p>    Ghana	 1  1  0  0  2  1  3</p>
<p>    Angola	1  0  0  1  1  2  0</p>
<p>    Sudan	 1  0  0  1  0  3  0</p>
<p>Group Two:</p>
<p>Algeria 4 Ivory Coast 1</p>
<p>Benin 1 Mali 2</p>
<p>Standings:</p>
<p>    Algeria     1  1  0  0  4  1  3</p>
<p>    Mali	  1  1  0  0  2  1  3</p>
<p>    Benin	 1  0  0  1  1  2  3</p>
<p>    Ivory Coast 1  0  0  1  1  4  3</p>
<p>Group Three:</p>
<p>Egypt 1 Morocco 1</p>
<p>Ethiopia 1 Senegal 2</p>
<p>Standings:</p>
<p>    Senegal     1  1  0  0  2  1  3</p>
<p>    Egypt	 1  0  1  0  1  1  1</p>
<p>    Morocco     1  0  1  0  1  1  1</p>
<p>    Ethiopia    1  0  0  1  1  2  0</p>
<p>Group Four:</p>
<p>Central African Republic 2 Guinea 3</p>
<p>Tunisia 2 Sierra Leone 0</p>
<p>Standings:</p>
<p>    Tunisia			1  1  0  0  2  0  3</p>
<p>    Guinea			 1  1  0  0  3  2  3</p>
<p>    Central African Republic 1  0  0  1  2  3  0</p>
<p>    Sierra Leone		 1  0  0  1  0  2  0</p>
<p>Group Five:</p>
<p>Gabon 0 Cameroon 0</p>
<p>Namibia 1 Kenya 0</p>
<p>Standings:</p>
<p>    Namibia    1  1  0  0  1  0  3</p>
<p>    Cameroon   1  0  1  0  0  0  1</p>
<p>    Gabon	1  0  1  0  0  0  1</p>
<p>    Kenya	1  0  0  1  0  1  0</p>
<p>Group Six:</p>
<p>Togo 2 Tanzania 1</p>
<p>Zaire 0 Liberia 0</p>
<p>Standings:</p>
<p>    Togo	1  1  0  0  2  1  3</p>
<p>    Liberia   1  0  1  0  0  0  1</p>
<p>    Zaire     1  0  1  0  0  0  1</p>
<p>Tanzania  1  0  0  1  1  2  0</p>
<p>Group Seven:</p>
<p>Mauritius 1 Malawi 2</p>
<p>Zambia 1 Mozambique 0</p>
<p>Standings:</p>
<p>    Malawi	1  1  0  0  2  1  3</p>
<p>    Zambia	1  1  0  0  1  0  3</p>
<p>    Mauritius   1  0  0  1  1  2  0</p>
<p>Mozambique  1  0  0  1  0  1  0</p>
<p>The top two teams in each group pogress to the finals in</p>
<p>Burkina Faso in 1998 along with the hosts and South Africa, the</p>
<p>defending champions. The next round of matches is January 24-26,</p>
<p>1997.</p>
</text>
<copyright>(c) Reuters Limited 1996</copyright>
<metadata>
<codes class="bip:countries:1.0">
  <code code="SAFR">
    <editdetail attribution="Reuters BIP Coding Group" action="confirmed" date="1996-10-07"/>
  </code>
</codes>
<codes class="bip:topics:1.0">
  <code code="GCAT">
    <editdetail attribution="Reuters BIP Coding Group" action="confirmed" date="1996-10-07"/>
  </code>
  <code code="GSPO">
    <editdetail attribution="Reuters BIP Coding Group" action="confirmed" date="1996-10-07"/>
  </code>
</codes>
<dc element="dc.date.created" value="1996-10-07"/>
<dc element="dc.publisher" value="Reuters Holdings Plc"/>
<dc element="dc.date.published" value="1996-10-07"/>
<dc element="dc.source" value="Reuters"/>
<dc element="dc.creator.location" value="JOHANNESBURG"/>
<dc element="dc.creator.location.country.name" value="SOUTH AFRICA"/>
<dc element="dc.source" value="Reuters"/>
</metadata>
</newsitem>
