<?xml version="1.0" encoding="iso-8859-1" ?>
<newsitem itemid="193760" id="root" date="1996-11-15" xml:lang="en">
<title>FRANCE: Paribas to cancel some shares in 1997.</title>
<headline>Paribas to cancel some shares in 1997.</headline>
<dateline>PARIS 1996-11-15</dateline>
<text>
<p>Groupe Paribas plans to cancel shares held as treasury stock some time next year, chairman Andre Levy-Lang said in an interview with weekly Journal des Finances.</p>
<p>The treasury stock represents 11.4 percent of the holding company's capital.</p>
<p>&quot;This treasury stock is frozen. We do not intend to put it on the market. Currently, our intention is rather to cancel it,&quot; he said in the interview due to appear on Saturday.</p>
<p>He said the move would be &quot;psychologically&quot; better for the bourse as it ruled out any possibility of a placement.</p>
<p>-- Paris newsroom +33 1 4221 5452</p>
</text>
<copyright>(c) Reuters Limited 1996</copyright>
<metadata>
<codes class="bip:countries:1.0">
  <code code="FRA">
    <editdetail attribution="Reuters BIP Coding Group" action="confirmed" date="1996-11-15"/>
  </code>
</codes>
<codes class="bip:industries:1.0">
  <code code="I81402">
    <editdetail attribution="Reuters BIP Coding Group" action="confirmed" date="1996-11-15"/>
  </code>
</codes>
<codes class="bip:topics:1.0">
  <code code="C11">
    <editdetail attribution="Reuters BIP Coding Group" action="confirmed" date="1996-11-15"/>
  </code>
  <code code="C17">
    <editdetail attribution="Reuters BIP Coding Group" action="confirmed" date="1996-11-15"/>
  </code>
  <code code="C171">
    <editdetail attribution="Reuters BIP Coding Group" action="confirmed" date="1996-11-15"/>
  </code>
  <code code="CCAT">
    <editdetail attribution="Reuters BIP Coding Group" action="confirmed" date="1996-11-15"/>
  </code>
</codes>
<dc element="dc.date.created" value="1996-11-15"/>
<dc element="dc.publisher" value="Reuters Holdings Plc"/>
<dc element="dc.date.published" value="1996-11-15"/>
<dc element="dc.source" value="Reuters"/>
<dc element="dc.creator.location" value="PARIS"/>
<dc element="dc.creator.location.country.name" value="FRANCE"/>
<dc element="dc.source" value="Reuters"/>
</metadata>
</newsitem>
