<?xml version="1.0" encoding="iso-8859-1" ?>
<newsitem itemid="196243" id="root" date="1996-11-18" xml:lang="en">
<title>ECUADOR: Ecuador to appeal U.S. ruling favoring Texaco.</title>
<headline>Ecuador to appeal U.S. ruling favoring Texaco.</headline>
<dateline>QUITO, Ecuador 1996-11-18</dateline>
<text>
<p>Ecuador will appeal a U.S. court ruling that dismissed a class-action suit against Texaco Inc for alleged environmental damage in the Andean nation, a prosecutor said Monday.</p>
<p>&quot;In my role as state prosecutor, I will defend the position of the natives and of the country so that it does not continue to be destroyed by Texaco and so many international companies that come and loot Ecuador and cause us harm,&quot; Leonidas Plaza told reporters.</p>
<p>Plaza said he was acting at the request of Ecuadoran legislators and indigenous groups.  </p>
<p>Last week, a U.S. federal judge said the United States was not the appropriate forum for the case, in which a group of Ecuadorans accused Texaco of failing to protect the environment during the company's 28 years operating in the region.</p>
<p>The ruling upheld an earlier U.S. decision to dismiss the case on the same grounds.</p>
<p>In last week's U.S. ruling, the judge said the plaintiffs' failure to bring the case against Ecuador's state oil company and the Ecuadorean government, along with Texaco, was another cause for dismissal, as they also participated in the operations that allegedly led to the environmental damage. Sovereign immunity protects the Ecuadoran participants from such action.</p>
<p>Texaco operated in Ecuador from 1964 to 1992, producing a peak 220,000 barrels per day of oil.</p>
<p>In 1994, the company signed an accord to shut abandoned wells and pits, and revegetate the land. Work is due to be completed in December.</p>
<p>-- Gustavo Oviedo, Quito Newsroom, 5932 258 433</p>
</text>
<copyright>(c) Reuters Limited 1996</copyright>
<metadata>
<codes class="bip:countries:1.0">
  <code code="ECU">
    <editdetail attribution="Reuters BIP Coding Group" action="confirmed" date="1996-11-18"/>
  </code>
  <code code="USA">
    <editdetail attribution="Reuters BIP Coding Group" action="confirmed" date="1996-11-18"/>
  </code>
</codes>
<codes class="bip:industries:1.0">
  <code code="I13000">
    <editdetail attribution="Reuters BIP Coding Group" action="confirmed" date="1996-11-18"/>
  </code>
  <code code="I1300003">
    <editdetail attribution="Reuters BIP Coding Group" action="confirmed" date="1996-11-18"/>
  </code>
</codes>
<codes class="bip:topics:1.0">
  <code code="C12">
    <editdetail attribution="Reuters BIP Coding Group" action="confirmed" date="1996-11-18"/>
  </code>
  <code code="CCAT">
    <editdetail attribution="Reuters BIP Coding Group" action="confirmed" date="1996-11-18"/>
  </code>
  <code code="GCAT">
    <editdetail attribution="Reuters BIP Coding Group" action="confirmed" date="1996-11-18"/>
  </code>
  <code code="GCRIM">
    <editdetail attribution="Reuters BIP Coding Group" action="confirmed" date="1996-11-18"/>
  </code>
  <code code="GENV">
    <editdetail attribution="Reuters BIP Coding Group" action="confirmed" date="1996-11-18"/>
  </code>
</codes>
<dc element="dc.date.created" value="1996-11-18"/>
<dc element="dc.publisher" value="Reuters Holdings Plc"/>
<dc element="dc.date.published" value="1996-11-18"/>
<dc element="dc.source" value="Reuters"/>
<dc element="dc.creator.location" value="QUITO, Ecuador"/>
<dc element="dc.creator.location.country.name" value="ECUADOR"/>
<dc element="dc.source" value="Reuters"/>
</metadata>
</newsitem>
