<?xml version="1.0" encoding="iso-8859-1" ?>
<newsitem itemid="613999" id="root" date="1997-05-26" xml:lang="en">
<title>SPAIN: Spaniard drowns diving for golf balls.</title>
<headline>Spaniard drowns diving for golf balls.</headline>
<dateline>MADRID 1997-05-26</dateline>
<text>
<p>A man diving for lost golf balls drowned in a water hazard on a Madrid course on Monday.</p>
<p>Jose Antonio Guzman Molina, 34, and three friends were on the course in Moraleja, one of Madrid's wealthiest suburbs, before dawn to search a two-metre (six-foot) deep lake for balls to resell, a police spokesman said.</p>
</text>
<copyright>(c) Reuters Limited 1997</copyright>
<metadata>
<codes class="bip:countries:1.0">
  <code code="SPAIN">
    <editdetail attribution="Reuters BIP Coding Group" action="confirmed" date="1997-05-26"/>
  </code>
</codes>
<codes class="bip:topics:1.0">
  <code code="GCAT">
    <editdetail attribution="Reuters BIP Coding Group" action="confirmed" date="1997-05-26"/>
  </code>
  <code code="GODD">
    <editdetail attribution="Reuters BIP Coding Group" action="confirmed" date="1997-05-26"/>
  </code>
</codes>
<dc element="dc.date.created" value="1997-05-26"/>
<dc element="dc.publisher" value="Reuters Holdings Plc"/>
<dc element="dc.date.published" value="1997-05-26"/>
<dc element="dc.source" value="Reuters"/>
<dc element="dc.creator.location" value="MADRID"/>
<dc element="dc.creator.location.country.name" value="SPAIN"/>
<dc element="dc.source" value="Reuters"/>
</metadata>
</newsitem>
