<?xml version="1.0" encoding="iso-8859-1" ?>
<newsitem itemid="741804" id="root" date="1997-07-21" xml:lang="en">
<title>USA: TABLE - Peregrine Systems Inc Q1 results.</title>
<headline>TABLE - Peregrine Systems Inc Q1 results.</headline>
<dateline>SAN DIEGO 1997-07-21</dateline>
<text>
<p>PEREGRINE SYSTEMS, INC.</p>
<p>		  CONDENSED CONSOLIDATED STATEMENTS OF INCOME</p>
<p>		  (In thousands, except for per share amounts)</p>
<p>				  Three Months Ended June 30,</p>
<p>					   Unaudited</p>
<p>								   % Increase</p>
<p>					 1997	    1996  (Decrease)</p>
<p>Revenues:</p>
<p> Licenses			   $6,328	  $3,760	  68%</p>
<p> Maintenance and services	4,687	   3,740	  25%</p>
<p> Total revenues		   11,015	   7,500	  47%</p>
<p>Cost and expenses:</p>
<p> Cost of licenses		     59		61	 (3%)</p>
<p>Cost of maintenance and</p>
<p>  services			   1,781	   1,149	  55%</p>
<p> Sales and marketing	     4,317	   3,725	  16%</p>
<p> Research and development	1,644	   1,415	  16%</p>
<p> General and administrative    1,143	     807	  42%</p>
<p> Total costs and expenses	8,944	   7,157	  25%</p>
<p> Income from operations	  2,071	     343	 504%</p>
<p> Interest income/(expense)	 186	   (113)	  n/m</p>
<p> Other, net			    (8)		 1	  n/m</p>
<p>Net income before income</p>
<p>  tax expense			2,249	     231	 874%</p>
<p> Income tax expense		  832	     ---	  n/m</p>
<p> Net income			  1,417	     231	 513%</p>
<p> Net income per share	     0.08	    0.02	 300%</p>
<p>Shares used in computing</p>
<p>  per share data	    17,567,000    14,330,000	  ---</p>
</text>
<copyright>(c) Reuters Limited 1997</copyright>
<metadata>
<codes class="bip:countries:1.0">
  <code code="USA">
    <editdetail attribution="Reuters BIP Coding Group" action="confirmed" date="1997-07-21"/>
  </code>
</codes>
<codes class="bip:industries:1.0">
  <code code="I33020">
    <editdetail attribution="Reuters BIP Coding Group" action="confirmed" date="1997-07-21"/>
  </code>
  <code code="I3302021">
    <editdetail attribution="Reuters BIP Coding Group" action="confirmed" date="1997-07-21"/>
  </code>
</codes>
<codes class="bip:topics:1.0">
  <code code="C15">
    <editdetail attribution="Reuters BIP Coding Group" action="confirmed" date="1997-07-21"/>
  </code>
  <code code="C151">
    <editdetail attribution="Reuters BIP Coding Group" action="confirmed" date="1997-07-21"/>
  </code>
  <code code="CCAT">
    <editdetail attribution="Reuters BIP Coding Group" action="confirmed" date="1997-07-21"/>
  </code>
</codes>
<dc element="dc.date.created" value="1997-07-21"/>
<dc element="dc.publisher" value="Reuters Holdings Plc"/>
<dc element="dc.date.published" value="1997-07-21"/>
<dc element="dc.source" value="Reuters"/>
<dc element="dc.creator.location" value="SAN DIEGO"/>
<dc element="dc.creator.location.country.name" value="USA"/>
<dc element="dc.source" value="Reuters"/>
</metadata>
</newsitem>
