<?xml version="1.0" encoding="iso-8859-1" ?>
<newsitem itemid="575746" id="root" date="1997-05-12" xml:lang="en">
<title>POLAND: Outlook mixed for Polish shares on Monday.</title>
<headline>Outlook mixed for Polish shares on Monday.</headline>
<dateline>WARSAW 1997-05-12</dateline>
<text>
<p>The outlook for Polish shares was mixed on Monday as downturns in continuous trade on Friday suggested a fall but analysts said the Warsaw bourse might follow the Friday rise on the Dow.</p>
<p>Analysts said the supply at Friday's order balancing and falls in the continuous trade could easily translate into a significant fall on Monday.</p>
<p>However they also pointed to the recent Polish investor tendency to follow daily Wall Street changes.</p>
<p>Lentex was likely to extend its Friday's 10-percent gain to 36.3 zlotys, after the stock started trade on Thursday 53.5 percent above issue.</p>
<p>-- Malgorzata Rzepka +48 22 653 9700</p>
</text>
<copyright>(c) Reuters Limited 1997</copyright>
<metadata>
<codes class="bip:countries:1.0">
  <code code="POL">
    <editdetail attribution="Reuters BIP Coding Group" action="confirmed" date="1997-05-12"/>
  </code>
</codes>
<codes class="bip:topics:1.0">
  <code code="M11">
    <editdetail attribution="Reuters BIP Coding Group" action="confirmed" date="1997-05-12"/>
  </code>
  <code code="MCAT">
    <editdetail attribution="Reuters BIP Coding Group" action="confirmed" date="1997-05-12"/>
  </code>
</codes>
<dc element="dc.date.created" value="1997-05-12"/>
<dc element="dc.publisher" value="Reuters Holdings Plc"/>
<dc element="dc.date.published" value="1997-05-12"/>
<dc element="dc.source" value="Reuters"/>
<dc element="dc.creator.location" value="WARSAW"/>
<dc element="dc.creator.location.country.name" value="POLAND"/>
<dc element="dc.source" value="Reuters"/>
</metadata>
</newsitem>
