<?xml version="1.0" encoding="iso-8859-1" ?>
<newsitem itemid="192688" id="root" date="1996-11-15" xml:lang="en">
<title>JAPAN: Asahi Printing -96/97 parent forecast.</title>
<headline>Asahi Printing -96/97 parent forecast.</headline>
<dateline>TOKYO 1996-11-15</dateline>
<text>
<p>Year to March 31, 1997</p>
<p>		   (in billions of yen unless specified)</p>
<p>			   LATEST	    ACTUAL</p>
<p> (Parent)	     FORECAST	  YEAR-AGO</p>
<p> Sales		 14.40		13.81</p>
<p> Current		1.40		 1.29</p>
<p> Net		  700    million	 653    million</p>
<p> EPS		   60.53 yen	  59.36 yen</p>
<p> Ord div	     17.00 yen	  15.00 yen</p>
<p> -Commem div	     -		 2.00 yen</p>
<p>NOTE - Asahi Printing and Packaging Co Ltd is a printer and manufacturer of wrapping materials.</p>
</text>
<copyright>(c) Reuters Limited 1996</copyright>
<metadata>
<codes class="bip:countries:1.0">
  <code code="JAP">
    <editdetail attribution="Reuters BIP Coding Group" action="confirmed" date="1996-11-15"/>
  </code>
</codes>
<codes class="bip:industries:1.0">
  <code code="I47200">
    <editdetail attribution="Reuters BIP Coding Group" action="confirmed" date="1996-11-15"/>
  </code>
</codes>
<codes class="bip:topics:1.0">
  <code code="C15">
    <editdetail attribution="Reuters BIP Coding Group" action="confirmed" date="1996-11-15"/>
  </code>
  <code code="C152">
    <editdetail attribution="Reuters BIP Coding Group" action="confirmed" date="1996-11-15"/>
  </code>
  <code code="CCAT">
    <editdetail attribution="Reuters BIP Coding Group" action="confirmed" date="1996-11-15"/>
  </code>
</codes>
<dc element="dc.date.created" value="1996-11-15"/>
<dc element="dc.publisher" value="Reuters Holdings Plc"/>
<dc element="dc.date.published" value="1996-11-15"/>
<dc element="dc.source" value="Reuters"/>
<dc element="dc.creator.location" value="TOKYO"/>
<dc element="dc.creator.location.country.name" value="JAPAN"/>
<dc element="dc.source" value="Reuters"/>
</metadata>
</newsitem>
