<?xml version="1.0" encoding="iso-8859-1" ?>
<newsitem itemid="304629" id="root" date="1997-01-13" xml:lang="en">
<title>AUSTRIA: CA, Bank Austria open higher after merger.</title>
<headline>CA, Bank Austria open higher after merger.</headline>
<dateline>VIENNA 1997-01-13</dateline>
<text>
<p>Shares in bank Creditanstalt, which on Sunday was sold to rival Bank Austria, opened 1.3 percent higher on Monday</p>
<p>After the first five minutes of trade, the ordinary voting shares of Creditanstalt were 19.5 schillings ($1.75) higher at 740, having opened at 730, while its preferred shares were up 16.8 at 495.</p>
<p>Bank Austria's preferred shares were were up seven at 408, after having opened at 405 schillings. ($ = 11.14 Austrian Schillings)</p>
</text>
<copyright>(c) Reuters Limited 1997</copyright>
<metadata>
<codes class="bip:countries:1.0">
  <code code="AUST">
    <editdetail attribution="Reuters BIP Coding Group" action="confirmed" date="1997-01-13"/>
  </code>
</codes>
<codes class="bip:industries:1.0">
  <code code="I81402">
    <editdetail attribution="Reuters BIP Coding Group" action="confirmed" date="1997-01-13"/>
  </code>
  <code code="I81403">
    <editdetail attribution="Reuters BIP Coding Group" action="confirmed" date="1997-01-13"/>
  </code>
</codes>
<codes class="bip:topics:1.0">
  <code code="C15">
    <editdetail attribution="Reuters BIP Coding Group" action="confirmed" date="1997-01-13"/>
  </code>
  <code code="C152">
    <editdetail attribution="Reuters BIP Coding Group" action="confirmed" date="1997-01-13"/>
  </code>
  <code code="C18">
    <editdetail attribution="Reuters BIP Coding Group" action="confirmed" date="1997-01-13"/>
  </code>
  <code code="C181">
    <editdetail attribution="Reuters BIP Coding Group" action="confirmed" date="1997-01-13"/>
  </code>
  <code code="CCAT">
    <editdetail attribution="Reuters BIP Coding Group" action="confirmed" date="1997-01-13"/>
  </code>
</codes>
<dc element="dc.date.created" value="1997-01-13"/>
<dc element="dc.publisher" value="Reuters Holdings Plc"/>
<dc element="dc.date.published" value="1997-01-13"/>
<dc element="dc.source" value="Reuters"/>
<dc element="dc.creator.location" value="VIENNA"/>
<dc element="dc.creator.location.country.name" value="AUSTRIA"/>
<dc element="dc.source" value="Reuters"/>
</metadata>
</newsitem>
