<?xml version="1.0" encoding="iso-8859-1" ?>
<newsitem itemid="146564" id="root" date="1996-10-28" xml:lang="en">
<title>GERMANY: GERMAN POLITICIANS TO DO SOCCER BROADCAST.</title>
<headline>GERMAN POLITICIANS TO DO SOCCER BROADCAST.</headline>
<dateline>MUNICH, Germany 1996-10-28</dateline>
<text>
<p>German Finance Minister Theo Waigel will take on political rival Edmund Stoiber, the minister-president of Bavaria, in a different arena -- from the commentary box at a Bundesliga soccer match.</p>
<p>Waigel and Stoiber said on Monday they had agreed to take part in Saturday's radio broadcast when Bayern Munich square off against cross-town rivals 1860 Munich.</p>
<p>Stoiber, a life-long Bayern Munich fan, says he will be living out a childhood dream.</p>
<p>Waigel, who supports 1860 Munich, known locally as The Lions, has postponed other business to meet the challenge.</p>
<p>Both are leaders of south Germany's Christian Social Union, one of Chancellor Helmut Kohl's coalition partners in Bonn.</p>
<p>Waigel suffered a painful defeat in 1993 when Stoiber outmanoeuvered him to become minister-president of Bavaria.</p>
</text>
<copyright>(c) Reuters Limited 1996</copyright>
<metadata>
<codes class="bip:countries:1.0">
  <code code="GFR">
    <editdetail attribution="Reuters BIP Coding Group" action="confirmed" date="1996-10-28"/>
  </code>
</codes>
<codes class="bip:topics:1.0">
  <code code="GCAT">
    <editdetail attribution="Reuters BIP Coding Group" action="confirmed" date="1996-10-28"/>
  </code>
  <code code="GSPO">
    <editdetail attribution="Reuters BIP Coding Group" action="confirmed" date="1996-10-28"/>
  </code>
</codes>
<dc element="dc.date.created" value="1996-10-28"/>
<dc element="dc.publisher" value="Reuters Holdings Plc"/>
<dc element="dc.date.published" value="1996-10-28"/>
<dc element="dc.source" value="Reuters"/>
<dc element="dc.creator.location" value="MUNICH, Germany"/>
<dc element="dc.creator.location.country.name" value="GERMANY"/>
<dc element="dc.source" value="Reuters"/>
</metadata>
</newsitem>
