<?xml version="1.0" encoding="iso-8859-1" ?>
<newsitem itemid="392385" id="root" date="1997-02-20" xml:lang="en">
<title>JAPAN: Mexico launches 50 bln yen 4.0% samurai -- Daiwa Sec. [CORRECTED 09:50 GMT]</title>
<headline>Mexico launches 50 bln yen 4.0% samurai -- Daiwa Sec. [CORRECTED 09:50 GMT]</headline>
<dateline>TOKYO 1997-02-20</dateline>
<text>
<p>Lead manager Daiwa Securities announced the following samurai issue on Thursday:</p>
<p> BORROWER	  Mexico</p>
<p> AMT		 50 bln yen</p>
<p> COUPON	    4.0 pct</p>
<p> ISS PRICE	 par</p>
<p> MATURITY	  11 March 2004 (corrects year)</p>
<p> PAY DATE	  11 March 1997</p>
<p> SUB PERIOD	Feb 26 to March 6</p>
<p> PAY FREQ	  Semi-annual</p>
<p> LAST RATING     S&amp;P BB, Moody's Ba2</p>
<p> LEAD MANAGER    Daiwa Securities</p>
<p> LEAD TRUSTEE    Bank of Tokyo-Mitsubishi</p>
<p>-- Tokyo Treasury Desk +81-3-3432-8785</p>
</text>
<copyright>(c) Reuters Limited 1997</copyright>
<metadata>
<codes class="bip:countries:1.0">
  <code code="JAP">
    <editdetail attribution="Reuters BIP Coding Group" action="confirmed" date="1997-02-20"/>
  </code>
  <code code="MEX">
    <editdetail attribution="Reuters BIP Coding Group" action="confirmed" date="1997-02-20"/>
  </code>
</codes>
<codes class="bip:topics:1.0">
  <code code="E21">
    <editdetail attribution="Reuters BIP Coding Group" action="confirmed" date="1997-02-20"/>
  </code>
  <code code="E212">
    <editdetail attribution="Reuters BIP Coding Group" action="confirmed" date="1997-02-20"/>
  </code>
  <code code="ECAT">
    <editdetail attribution="Reuters BIP Coding Group" action="confirmed" date="1997-02-20"/>
  </code>
</codes>
<dc element="dc.date.created" value="1997-02-20"/>
<dc element="dc.publisher" value="Reuters Holdings Plc"/>
<dc element="dc.date.published" value="1997-02-20"/>
<dc element="dc.source" value="Reuters"/>
<dc element="dc.creator.location" value="TOKYO"/>
<dc element="dc.creator.location.country.name" value="JAPAN"/>
<dc element="dc.source" value="Reuters"/>
</metadata>
</newsitem>
