<?xml version="1.0" encoding="iso-8859-1" ?>
<newsitem itemid="595951" id="root" date="1997-05-19" xml:lang="en">
<title>UK: RESEARCH ALERT - Autostrade cut at CSFB.</title>
<headline>RESEARCH ALERT - Autostrade cut at CSFB.</headline>
<dateline>LONDON 1997-05-19</dateline>
<text>
<p>Autostrade, an Italian motorway operator, was cut to &quot;hold&quot; from &quot;buy&quot; at CS First Boston, the investment bank said on Monday.</p>
<p>CSFB cut its price target on the stock to 3,000 lire from 4,000, arguing that an analysis of its 1996 accounts showed that new depreciation charges had a negative impact on expected cash flow and the valuation of the stock.</p>
<p>-- London Newsroom +44 171 542 4367</p>
</text>
<copyright>(c) Reuters Limited 1997</copyright>
<metadata>
<codes class="bip:countries:1.0">
  <code code="ITALY">
    <editdetail attribution="Reuters BIP Coding Group" action="confirmed" date="1997-05-19"/>
  </code>
  <code code="UK">
    <editdetail attribution="Reuters BIP Coding Group" action="confirmed" date="1997-05-19"/>
  </code>
</codes>
<codes class="bip:industries:1.0">
  <code code="I72300">
    <editdetail attribution="Reuters BIP Coding Group" action="confirmed" date="1997-05-19"/>
  </code>
</codes>
<codes class="bip:topics:1.0">
  <code code="C15">
    <editdetail attribution="Reuters BIP Coding Group" action="confirmed" date="1997-05-19"/>
  </code>
  <code code="C152">
    <editdetail attribution="Reuters BIP Coding Group" action="confirmed" date="1997-05-19"/>
  </code>
  <code code="CCAT">
    <editdetail attribution="Reuters BIP Coding Group" action="confirmed" date="1997-05-19"/>
  </code>
</codes>
<dc element="dc.date.created" value="1997-05-19"/>
<dc element="dc.publisher" value="Reuters Holdings Plc"/>
<dc element="dc.date.published" value="1997-05-19"/>
<dc element="dc.source" value="Reuters"/>
<dc element="dc.creator.location" value="LONDON"/>
<dc element="dc.creator.location.country.name" value="UK"/>
<dc element="dc.source" value="Reuters"/>
</metadata>
</newsitem>
