<?xml version="1.0" encoding="iso-8859-1" ?>
<newsitem itemid="502874" id="root" date="1997-04-11" xml:lang="en">
<title>USA: USDA daily cattle and hog slaughter - April 11. [CORRECTED 19:02 GMT]</title>
<headline>USDA daily cattle and hog slaughter - April 11. [CORRECTED 19:02 GMT]</headline>
<text>
<p>Est weekly and year to date livestock slaughter - USDA</p>
<p>					  Cattle	Calves     Hogs</p>
<p>Friday     04/11/97  (est)	124,000	6,000     328,000</p>
<p>Saturday   04/12/97  (est)	 30,000	    0	58,000</p>
<p>Week ago (est)			 25,000	    0	82,000</p>
<p>Year ago (act)			 39,000	    0	99,000</p>
<p>Week to date (est)		  665,000     31,000   1,719,000</p>
<p>Same Period Last Week (est)     655,000     31,000   1,717,000</p>
<p>Same Period Last Year* (act)    673,000     28,000   1,777,000</p>
<p>1997 Year to date		 9,887,000    449,000  25,102,000</p>
<p>1996 Year to date*	     10,072,000    477,000  26,793,000</p>
<p>Percent change			  -1.8%	-5.8%	 -6.3%</p>
<p>*1996 totals adjusted to reflect NASS revisions</p>
<p>(Corrects week ago, year ago and week to date figures.)</p>
</text>
<copyright>(c) Reuters Limited 1997</copyright>
<metadata>
<codes class="bip:countries:1.0">
  <code code="USA">
    <editdetail attribution="Reuters BIP Coding Group" action="confirmed" date="1997-04-11"/>
  </code>
</codes>
<codes class="bip:topics:1.0">
  <code code="M14">
    <editdetail attribution="Reuters BIP Coding Group" action="confirmed" date="1997-04-11"/>
  </code>
  <code code="M141">
    <editdetail attribution="Reuters BIP Coding Group" action="confirmed" date="1997-04-11"/>
  </code>
  <code code="MCAT">
    <editdetail attribution="Reuters BIP Coding Group" action="confirmed" date="1997-04-11"/>
  </code>
</codes>
<dc element="dc.publisher" value="Reuters Holdings Plc"/>
<dc element="dc.date.published" value="1997-04-11"/>
<dc element="dc.source" value="Reuters"/>
<dc element="dc.creator.location.country.name" value="USA"/>
<dc element="dc.source" value="Reuters"/>
</metadata>
</newsitem>
