<?xml version="1.0" encoding="iso-8859-1" ?>
<newsitem itemid="530272" id="root" date="1997-04-22" xml:lang="en">
<title>AUSTRIA: Wienerberger sees 97 group pretax up 24pct.</title>
<headline>Wienerberger sees 97 group pretax up 24pct.</headline>
<dateline>VIENNA 1997-04-22</dateline>
<text>
<p>Austrian brickmaker Wienerberger Baustoffindustrie said on Tuesday it expected to post a group pretax profit of 1.7 billion schillings in the current year, up 24 percent on 1996.</p>
<p>Wienerberger, the world's largest manufacturer of bricks, earlier reported a group pretax profit of 1.37 billion schillings for 1996. -- Vienna newsroom, +431 531 12256</p>
</text>
<copyright>(c) Reuters Limited 1997</copyright>
<metadata>
<codes class="bip:countries:1.0">
  <code code="AUST">
    <editdetail attribution="Reuters BIP Coding Group" action="confirmed" date="1997-04-22"/>
  </code>
</codes>
<codes class="bip:industries:1.0">
  <code code="I24000">
    <editdetail attribution="Reuters BIP Coding Group" action="confirmed" date="1997-04-22"/>
  </code>
</codes>
<codes class="bip:topics:1.0">
  <code code="C15">
    <editdetail attribution="Reuters BIP Coding Group" action="confirmed" date="1997-04-22"/>
  </code>
  <code code="C152">
    <editdetail attribution="Reuters BIP Coding Group" action="confirmed" date="1997-04-22"/>
  </code>
  <code code="CCAT">
    <editdetail attribution="Reuters BIP Coding Group" action="confirmed" date="1997-04-22"/>
  </code>
</codes>
<dc element="dc.date.created" value="1997-04-22"/>
<dc element="dc.publisher" value="Reuters Holdings Plc"/>
<dc element="dc.date.published" value="1997-04-22"/>
<dc element="dc.source" value="Reuters"/>
<dc element="dc.creator.location" value="VIENNA"/>
<dc element="dc.creator.location.country.name" value="AUSTRIA"/>
<dc element="dc.source" value="Reuters"/>
</metadata>
</newsitem>
