<?xml version="1.0" encoding="iso-8859-1" ?>
<newsitem itemid="309854" id="root" date="1997-01-15" xml:lang="en">
<title>USA: AMBAC qualifies three issues for bond insurance.</title>
<headline>AMBAC qualifies three issues for bond insurance.</headline>
<dateline>NEW YORK 1997-01-15</dateline>
<text>
<p>AMBAC Indemnity Corp said it has qualified for bond insurance the following three municipal issues scheduled for competitive sale today.</p>
<p>--St. Martin Parish, La., $8 million general obligation bonds.</p>
<p>--Florida Dept. of General Services, $9.530 million.</p>
<p>--Pocono Mountain School District, $9.995 million GOs.</p>
<p>--U.S. Municipal Desk, 212-859-1650</p>
</text>
<copyright>(c) Reuters Limited 1997</copyright>
<metadata>
<codes class="bip:countries:1.0">
  <code code="USA">
    <editdetail attribution="Reuters BIP Coding Group" action="confirmed" date="1997-01-15"/>
  </code>
</codes>
<codes class="bip:topics:1.0">
  <code code="E21">
    <editdetail attribution="Reuters BIP Coding Group" action="confirmed" date="1997-01-15"/>
  </code>
  <code code="E212">
    <editdetail attribution="Reuters BIP Coding Group" action="confirmed" date="1997-01-15"/>
  </code>
  <code code="ECAT">
    <editdetail attribution="Reuters BIP Coding Group" action="confirmed" date="1997-01-15"/>
  </code>
</codes>
<dc element="dc.date.created" value="1997-01-15"/>
<dc element="dc.publisher" value="Reuters Holdings Plc"/>
<dc element="dc.date.published" value="1997-01-15"/>
<dc element="dc.source" value="Reuters"/>
<dc element="dc.creator.location" value="NEW YORK"/>
<dc element="dc.creator.location.country.name" value="USA"/>
<dc element="dc.source" value="Reuters"/>
</metadata>
</newsitem>
