<?xml version="1.0" encoding="iso-8859-1" ?>
<newsitem itemid="158411" id="root" date="1996-10-31" xml:lang="en">
<title>SINGAPORE: Singapore bunkers steady, market lacks direction.</title>
<headline>Singapore bunkers steady, market lacks direction.</headline>
<dateline>SINGAPORE 1996-10-31</dateline>
<text>
<p>Singapore bunker indications were little changed on Thursday amid very thin discussions as traders looked to the cargo market for a price direction, brokers said.</p>
<p>Bunker 380-cst prices were quoted at $118-$119 per tonne while 180-cst prices were at $123-$124 per tonne.</p>
<p>A shipowner said he plans to cover a small 2,000 tonne parcel requirement in Singapore later on Wednesday but said he would look to the cargo market for a clearer price direction before making his purchase.</p>
<p>MDO prices were stable at $223-228 and gas oil at $234-$238. -- Singapore Newsroom (+65-870-3082)</p>
</text>
<copyright>(c) Reuters Limited 1996</copyright>
<metadata>
<codes class="bip:countries:1.0">
  <code code="SINGP">
    <editdetail attribution="Reuters BIP Coding Group" action="confirmed" date="1996-10-31"/>
  </code>
</codes>
<codes class="bip:topics:1.0">
  <code code="M14">
    <editdetail attribution="Reuters BIP Coding Group" action="confirmed" date="1996-10-31"/>
  </code>
  <code code="M143">
    <editdetail attribution="Reuters BIP Coding Group" action="confirmed" date="1996-10-31"/>
  </code>
  <code code="MCAT">
    <editdetail attribution="Reuters BIP Coding Group" action="confirmed" date="1996-10-31"/>
  </code>
</codes>
<dc element="dc.date.created" value="1996-10-31"/>
<dc element="dc.publisher" value="Reuters Holdings Plc"/>
<dc element="dc.date.published" value="1996-10-31"/>
<dc element="dc.source" value="Reuters"/>
<dc element="dc.creator.location" value="SINGAPORE"/>
<dc element="dc.creator.location.country.name" value="SINGAPORE"/>
<dc element="dc.source" value="Reuters"/>
</metadata>
</newsitem>
