<?xml version="1.0" encoding="iso-8859-1" ?>
<newsitem itemid="40396" id="root" date="1996-09-09" xml:lang="en">
<title>USA: GOLF-LEADING MONEY WINNERS ON U.S. PGA TOUR.</title>
<headline>GOLF-LEADING MONEY WINNERS ON U.S. PGA TOUR.</headline>
<dateline>PONTE VEDRA, Florida 1996-09-09</dateline>
<text>
<p>Leading money</p>
<p>winners on the U.S. PGA Tour (U.S. unless noted):</p>
<p>  1. Phil Mickelson		  $1,574,799</p>
<p>  2. Mark Brooks			1,370,862</p>
<p>  3. Tom Lehman			 1,240,159</p>
<p>  4. Mark O'Meara		     1,196,949</p>
<p>  5. Steve Stricker		   1,176,739</p>
<p>  6. Fred Couples		     1,048,994</p>
<p>  7. Scott Hoch			   957,054</p>
<p>  8. David Duval			  893,849</p>
<p>  9. Davis Love			   893,739</p>
<p> 10. Greg Norman (Australia)	  891,237</p>
<p> 11. Nick Faldo (Britain)	     889,821</p>
<p> 12. Justin Leonard		     813,413</p>
<p> 13. Ernie Els (South Africa)	 804,944</p>
<p> 14. Kenny Perry			  781,079</p>
<p> 15. Tommy Tolles			 774,007</p>
<p> 16. Corey Pavin			  769,244</p>
<p> 17. Vijay Singh (Fiji)		 758,760</p>
<p> 18. John Cook			    716,035</p>
<p> 19. Jeff Maggert			 700,187</p>
<p> 20. Brad Faxon			   693,058</p>
</text>
<copyright>(c) Reuters Limited 1996</copyright>
<metadata>
<codes class="bip:countries:1.0">
  <code code="USA">
    <editdetail attribution="Reuters BIP Coding Group" action="confirmed" date="1996-09-09"/>
  </code>
</codes>
<codes class="bip:topics:1.0">
  <code code="GCAT">
    <editdetail attribution="Reuters BIP Coding Group" action="confirmed" date="1996-09-09"/>
  </code>
  <code code="GSPO">
    <editdetail attribution="Reuters BIP Coding Group" action="confirmed" date="1996-09-09"/>
  </code>
</codes>
<dc element="dc.date.created" value="1996-09-09"/>
<dc element="dc.publisher" value="Reuters Holdings Plc"/>
<dc element="dc.date.published" value="1996-09-09"/>
<dc element="dc.source" value="Reuters"/>
<dc element="dc.creator.location" value="PONTE VEDRA, Florida"/>
<dc element="dc.creator.location.country.name" value="USA"/>
<dc element="dc.source" value="Reuters"/>
</metadata>
</newsitem>
