<?xml version="1.0" encoding="iso-8859-1" ?>
<newsitem itemid="756488" id="root" date="1997-07-25" xml:lang="en">
<title>HUNGARY: Hungary revises May C/A gap down to $142 mln.</title>
<headline>Hungary revises May C/A gap down to $142 mln.</headline>
<dateline>NUDAPEST 1997-07-25</dateline>
<text>
<p>Hungary's final May current account deficit was $142 million and the trade deficit was $53 million, the National Bank of Hungary' said on Friday.</p>
<p>HUNGARY CURRENT ACCOUNT (in million dollars)</p>
<p>		   May 97  Apr 97   Jan-May 97  May 96  Jan-May 96</p>
<p> Trade balance   -53     -204	-659	-161     -934</p>
<p>		    (-42)		 (-648)</p>
<p>  - Exports    1,550    1,779     7,818     1,232    5,618</p>
<p>		  (1,561)		(7,829)</p>
<p>  - Imports    1,603    1,983     8,477     1,393    6,552</p>
<p>		  (1,603)		(8,477)</p>
<p>Services and</p>
<p>    income	 103	  9	 -61	  76     -225</p>
<p>		     (99)		  (-65)</p>
<p>  - Tourism	137	123	 418	 115	309</p>
<p>		    (136)		  (417)</p>
<p>- Capital</p>
<p>    investment   -38	-85	-448	 -61     -653</p>
<p>		    (-37)		 (-448)</p>
<p>- Other</p>
<p>current</p>
<p>    payments	 4	-29	 -31	  22	119</p>
<p>			(1)		  (-35)</p>
<p>Unrequited</p>
<p>    transfers     91	 84	 274	  95	421</p>
<p>--------------------------------------------------------</p>
<p> Current account 142     -110	-446	  10     -738</p>
<p>		    (148)		 (-439)</p>
<p>------------------------------------------------------------</p>
<p>Foreign direct capital</p>
<p>investments</p>
<p>  - abroad	 -24	 -2	 -45	  -1	 -6</p>
<p>  - in Hungary   491	191     1,155	 131	645</p>
<p>NOTE - Figures that were revised are in brackets. Central bank trade figures are based on cash flow data, while Ministry of Industry, Trade and Tourism trade figures are based on customs statistics.</p>
<p>-- Budapest newsroom +36 1 327 4040</p>
</text>
<copyright>(c) Reuters Limited 1997</copyright>
<metadata>
<codes class="bip:countries:1.0">
  <code code="HUNG">
    <editdetail attribution="Reuters BIP Coding Group" action="confirmed" date="1997-07-25"/>
  </code>
</codes>
<codes class="bip:topics:1.0">
  <code code="E51">
    <editdetail attribution="Reuters BIP Coding Group" action="confirmed" date="1997-07-25"/>
  </code>
  <code code="E511">
    <editdetail attribution="Reuters BIP Coding Group" action="confirmed" date="1997-07-25"/>
  </code>
  <code code="E512">
    <editdetail attribution="Reuters BIP Coding Group" action="confirmed" date="1997-07-25"/>
  </code>
  <code code="ECAT">
    <editdetail attribution="Reuters BIP Coding Group" action="confirmed" date="1997-07-25"/>
  </code>
</codes>
<dc element="dc.date.created" value="1997-07-25"/>
<dc element="dc.publisher" value="Reuters Holdings Plc"/>
<dc element="dc.date.published" value="1997-07-25"/>
<dc element="dc.source" value="Reuters"/>
<dc element="dc.creator.location" value="NUDAPEST"/>
<dc element="dc.creator.location.country.name" value="HUNGARY"/>
<dc element="dc.source" value="Reuters"/>
</metadata>
</newsitem>
