<?xml version="1.0" encoding="iso-8859-1" ?>
<newsitem itemid="172156" id="root" date="1996-11-07" xml:lang="en">
<title>UK: Copper, aluminium stay firm in late Ldn.</title>
<headline>Copper, aluminium stay firm in late Ldn.</headline>
<dateline>LONDON 1996-11-07</dateline>
<text>
<p>Copper and aluminium prices held gains in late inter-office activity after soaring on Thursday on the London Metal Exchange (LME) on tightness that traders saw developing around certain delivery dates.</p>
<p>Three months delivery copper ended the kerb $46 a tonne higher at $2,017 and was bid at $2,016 by the time Comex ended at 1900 GMT.</p>
<p>At that hour aluminium was also assessed just firmer from the end of the kerb when it had stood $33 higher from Wednesday at $1,466.50. This was a two-month high and the day's peak.</p>
<p>Traders said the late drive higher in copper prices coincided with a further widening in the cash/threes backwardation to over $60 from below $50 on Wednesday.</p>
<p>This seemed to signal another sizeable drawdown in LME stocks on Friday.</p>
<p>-- London Newsroom +44 171 542 7729</p>
</text>
<copyright>(c) Reuters Limited 1996</copyright>
<metadata>
<codes class="bip:countries:1.0">
  <code code="UK">
    <editdetail attribution="Reuters BIP Coding Group" action="confirmed" date="1996-11-07"/>
  </code>
</codes>
<codes class="bip:topics:1.0">
  <code code="M14">
    <editdetail attribution="Reuters BIP Coding Group" action="confirmed" date="1996-11-07"/>
  </code>
  <code code="M142">
    <editdetail attribution="Reuters BIP Coding Group" action="confirmed" date="1996-11-07"/>
  </code>
  <code code="MCAT">
    <editdetail attribution="Reuters BIP Coding Group" action="confirmed" date="1996-11-07"/>
  </code>
</codes>
<dc element="dc.date.created" value="1996-11-07"/>
<dc element="dc.publisher" value="Reuters Holdings Plc"/>
<dc element="dc.date.published" value="1996-11-07"/>
<dc element="dc.source" value="Reuters"/>
<dc element="dc.creator.location" value="LONDON"/>
<dc element="dc.creator.location.country.name" value="UK"/>
<dc element="dc.source" value="Reuters"/>
</metadata>
</newsitem>
