<?xml version="1.0" encoding="iso-8859-1" ?>
<newsitem itemid="665347" id="root" date="1997-06-16" xml:lang="en">
<title>FRANCE: French writer opposes euro on linguistic grounds.</title>
<headline>French writer opposes euro on linguistic grounds.</headline>
<dateline>PARIS 1997-06-16</dateline>
<text>
<p>A French writer put forward a new argument on Monday for renegotiating Europe's planned single currency: he said &quot;euro&quot; is a meaningless word that has no plural.</p>
<p>As European Union leaders met in Amsterdam to tackle differences over the currency, Maurice Druon, life secretary of the prestigious French Academy, said the euro &quot;is only the abbreviation of a word that does not exist&quot;.</p>
<p>Nor does it have a plural, as each country will have to invent its own, Druon, chief guardian of the French language, wrote in the daily Le Figaro. The fact it would be divided into 100 &quot;cents&quot;, like the dollar, was a recipe for confusion.</p>
<p>Druon suggested calling the European currency the &quot;as&quot;, after the earliest Roman money. &quot;'As' is a word that can be pronounced in all our languages, and its division is easy: the 'centias',&quot; Druon said.</p>
<p>&quot;A decision as important as the name of the currency that will be used by more than 250 million people cannot be taken lightly.&quot;</p>
</text>
<copyright>(c) Reuters Limited 1997</copyright>
<metadata>
<codes class="bip:countries:1.0">
  <code code="EEC">
    <editdetail attribution="Reuters BIP Coding Group" action="confirmed" date="1997-06-16"/>
  </code>
  <code code="FRA">
    <editdetail attribution="Reuters BIP Coding Group" action="confirmed" date="1997-06-16"/>
  </code>
  <code code="NETH">
    <editdetail attribution="Reuters BIP Coding Group" action="confirmed" date="1997-06-16"/>
  </code>
</codes>
<codes class="bip:topics:1.0">
  <code code="G154">
    <editdetail attribution="Reuters BIP Coding Group" action="confirmed" date="1997-06-16"/>
  </code>
</codes>
<dc element="dc.date.created" value="1997-06-16"/>
<dc element="dc.publisher" value="Reuters Holdings Plc"/>
<dc element="dc.date.published" value="1997-06-16"/>
<dc element="dc.source" value="Reuters"/>
<dc element="dc.creator.location" value="PARIS"/>
<dc element="dc.creator.location.country.name" value="FRANCE"/>
<dc element="dc.source" value="Reuters"/>
</metadata>
</newsitem>
