<?xml version="1.0" encoding="iso-8859-1" ?>
<newsitem itemid="496545" id="root" date="1997-04-09" xml:lang="en">
<title>BRAZIL: Brazil's real ends hairbreadth lower in calm trade.</title>
<headline>Brazil's real ends hairbreadth lower in calm trade.</headline>
<dateline>SAO PAULO 1997-04-09</dateline>
<text>
<p>Brazil's real ended a very slight 0.01 percent lower to 1.0583 per dollar in listless trade in the commercial foreign exchange market, dealers said.</p>
<p>In the interbank floating rate market, the real also dropped 0.03 percent to close at 1.0645 per dollar, they added.</p>
<p>In the illegal parallel market, the real closed flat at 1.13 per greenback.</p>
<p>((-- Alexandre Caverni, Sao Paulo newsroom, 5511 248 5418))</p>
</text>
<copyright>(c) Reuters Limited 1997</copyright>
<metadata>
<codes class="bip:countries:1.0">
  <code code="BRAZ">
    <editdetail attribution="Reuters BIP Coding Group" action="confirmed" date="1997-04-09"/>
  </code>
</codes>
<codes class="bip:topics:1.0">
  <code code="M13">
    <editdetail attribution="Reuters BIP Coding Group" action="confirmed" date="1997-04-09"/>
  </code>
  <code code="M132">
    <editdetail attribution="Reuters BIP Coding Group" action="confirmed" date="1997-04-09"/>
  </code>
  <code code="MCAT">
    <editdetail attribution="Reuters BIP Coding Group" action="confirmed" date="1997-04-09"/>
  </code>
</codes>
<dc element="dc.date.created" value="1997-04-09"/>
<dc element="dc.publisher" value="Reuters Holdings Plc"/>
<dc element="dc.date.published" value="1997-04-09"/>
<dc element="dc.source" value="Reuters"/>
<dc element="dc.creator.location" value="SAO PAULO"/>
<dc element="dc.creator.location.country.name" value="BRAZIL"/>
<dc element="dc.source" value="Reuters"/>
</metadata>
</newsitem>
