<?xml version="1.0" encoding="iso-8859-1" ?>
<newsitem itemid="347860" id="root" date="1997-01-31" xml:lang="en">
<title>BELGIUM: EU says probes Castle Tower's transmission buy.</title>
<headline>EU says probes Castle Tower's transmission buy.</headline>
<dateline>BRUSSELS 1997-01-31</dateline>
<text>
<p>The European Commission said on Friday it was starting a routine probe into the purchase by a consortium led by Castle Tower Corporation of Houston, Texas, of the BBC's domestic television and radio transmission business.</p>
<p>&quot;Upon preliminary examination, the Commission finds that the notified concentration could fall within the scope of (the EU merger regulation),&quot; the Commission said in a statement.</p>
<p>Castle Tower is the managing partner in a consortium which includes Telediffusion de France, a subsidiary of the France Telecom Group, along with investment partners Candover Investments Plc and Berkshire Partners.</p>
<p>The BBC and the CTC consortium said on January 3 they expected to sign a contract for the sale, which analysts estimate could raise up to 200 million pounds, by the end of the month.</p>
<p>The consortium will get a 10-year contract to transmit BBC domestic analogue television and radio services.</p>
<p>The Commission has one month to clear the deal or start an in-depth probe if it is concerned about the impact on competition.</p>
<p>-- Brussels Newsroom 32 2 287 6800</p>
</text>
<copyright>(c) Reuters Limited 1997</copyright>
<metadata>
<codes class="bip:countries:1.0">
  <code code="EEC">
    <editdetail attribution="Reuters BIP Coding Group" action="confirmed" date="1997-01-31"/>
  </code>
  <code code="USA">
    <editdetail attribution="Reuters BIP Coding Group" action="confirmed" date="1997-01-31"/>
  </code>
</codes>
<codes class="bip:topics:1.0">
  <code code="C11">
    <editdetail attribution="Reuters BIP Coding Group" action="confirmed" date="1997-01-31"/>
  </code>
  <code code="C181">
    <editdetail attribution="Reuters BIP Coding Group" action="confirmed" date="1997-01-31"/>
  </code>
  <code code="G152">
    <editdetail attribution="Reuters BIP Coding Group" action="confirmed" date="1997-01-31"/>
  </code>
  <code code="G155">
    <editdetail attribution="Reuters BIP Coding Group" action="confirmed" date="1997-01-31"/>
  </code>
</codes>
<dc element="dc.date.created" value="1997-01-31"/>
<dc element="dc.publisher" value="Reuters Holdings Plc"/>
<dc element="dc.date.published" value="1997-01-31"/>
<dc element="dc.source" value="Reuters"/>
<dc element="dc.creator.location" value="BRUSSELS"/>
<dc element="dc.creator.location.country.name" value="BELGIUM"/>
<dc element="dc.source" value="Reuters"/>
</metadata>
</newsitem>
