<?xml version="1.0" encoding="iso-8859-1" ?>
<newsitem itemid="568307" id="root" date="1997-05-08" xml:lang="en">
<title>USA: Check Technology Corp Q2 March 31 net down.</title>
<headline>Check Technology Corp Q2 March 31 net down.</headline>
<dateline>MINEAPOLIS 1997-05-08</dateline>
<text>
<p>1997			1996</p>
<p> Shr			  $0.04		    $0.11</p>
<p> Net			    242			708</p>
<p> Revs			 6,201		    6,670</p>
<p> Avg shrs		   6,411		    6,354</p>
<p>	  6  MONTHS</p>
<p> Shr			  $0.05		    $0.20</p>
<p> Net			    342		    1,260</p>
<p> Revs			11,689		   12,943</p>
<p> Avg shrs		   6,428		    6,338</p>
<p>(All data above 000s except per share numbers)</p>
<p>((Chicago newsdesk, 312-408-8787))</p>
</text>
<copyright>(c) Reuters Limited 1997</copyright>
<metadata>
<codes class="bip:countries:1.0">
  <code code="USA">
    <editdetail attribution="Reuters BIP Coding Group" action="confirmed" date="1997-05-08"/>
  </code>
</codes>
<codes class="bip:industries:1.0">
  <code code="I47500">
    <editdetail attribution="Reuters BIP Coding Group" action="confirmed" date="1997-05-08"/>
  </code>
</codes>
<codes class="bip:topics:1.0">
  <code code="C15">
    <editdetail attribution="Reuters BIP Coding Group" action="confirmed" date="1997-05-08"/>
  </code>
  <code code="C151">
    <editdetail attribution="Reuters BIP Coding Group" action="confirmed" date="1997-05-08"/>
  </code>
  <code code="CCAT">
    <editdetail attribution="Reuters BIP Coding Group" action="confirmed" date="1997-05-08"/>
  </code>
</codes>
<dc element="dc.date.created" value="1997-05-08"/>
<dc element="dc.publisher" value="Reuters Holdings Plc"/>
<dc element="dc.date.published" value="1997-05-08"/>
<dc element="dc.source" value="Reuters"/>
<dc element="dc.creator.location" value="MINEAPOLIS"/>
<dc element="dc.creator.location.country.name" value="USA"/>
<dc element="dc.source" value="Reuters"/>
</metadata>
</newsitem>
