<?xml version="1.0" encoding="iso-8859-1" ?>
<newsitem itemid="378434" id="root" date="1997-02-14" xml:lang="en">
<title>USA: NYMEX cuts margins on crude, gasoline, heating oil.</title>
<headline>NYMEX cuts margins on crude, gasoline, heating oil.</headline>
<dateline>NEW YORK 1997-02-14</dateline>
<text>
<p>The New York Mercantile Exchange (NYMEX) said it lowered margins on its crude oil, gasoline and heating oil futures contracts at the close of business Friday.</p>
<p>Margins for all three were cut to $1,500 for clearing members; to $1,650 for members; and to $2,025 for customers.</p>
<p>Perviously, crude oil margins were $2,200 for clearing members, $2,420 for members, and $2,970 for customers. Heating oil and gasoline margins were $2,000 for clearing members, $2,200 for members and $2,700 for customers.</p>
<p>-- New York Energy Desk, 212-859-1620</p>
</text>
<copyright>(c) Reuters Limited 1997</copyright>
<metadata>
<codes class="bip:countries:1.0">
  <code code="USA">
    <editdetail attribution="Reuters BIP Coding Group" action="confirmed" date="1997-02-14"/>
  </code>
</codes>
<codes class="bip:topics:1.0">
  <code code="M12">
    <editdetail attribution="Reuters BIP Coding Group" action="confirmed" date="1997-02-14"/>
  </code>
  <code code="MCAT">
    <editdetail attribution="Reuters BIP Coding Group" action="confirmed" date="1997-02-14"/>
  </code>
</codes>
<dc element="dc.date.created" value="1997-02-14"/>
<dc element="dc.publisher" value="Reuters Holdings Plc"/>
<dc element="dc.date.published" value="1997-02-14"/>
<dc element="dc.source" value="Reuters"/>
<dc element="dc.creator.location" value="NEW YORK"/>
<dc element="dc.creator.location.country.name" value="USA"/>
<dc element="dc.source" value="Reuters"/>
</metadata>
</newsitem>
