<?xml version="1.0" encoding="iso-8859-1" ?>
<newsitem itemid="164910" id="root" date="1996-11-04" xml:lang="en">
<title>FINLAND: FINLAND BANK NOV DAILY LIQUIDITY NEED FIM 6.28 BLN.</title>
<headline>FINLAND BANK NOV DAILY LIQUIDITY NEED FIM 6.28 BLN.</headline>
<dateline>HELSINKI 1996-11-04</dateline>
<text>
<p>The Bank of Finland said on</p>
<p>Monday the required daily money market liquidity balance for the</p>
<p>rest of the month 6.28 billion markka.</p>
<p>The central bank gave the following figures (FIM mln):</p>
<p> Liquidity estimate for Nov 6			 4,600</p>
<p> Minimum reserve requirement for Nov		6,362</p>
<p> Average reserves to Nov 3			    7,149</p>
<p> Required daily balance for remaining period    6,275</p>
<p>-- Helsinki newsroom, +358-9-680 50 245</p>
</text>
<copyright>(c) Reuters Limited 1996</copyright>
<metadata>
<codes class="bip:countries:1.0">
  <code code="FIN">
    <editdetail attribution="Reuters BIP Coding Group" action="confirmed" date="1996-11-04"/>
  </code>
</codes>
<codes class="bip:topics:1.0">
  <code code="M13">
    <editdetail attribution="Reuters BIP Coding Group" action="confirmed" date="1996-11-04"/>
  </code>
  <code code="M131">
    <editdetail attribution="Reuters BIP Coding Group" action="confirmed" date="1996-11-04"/>
  </code>
  <code code="MCAT">
    <editdetail attribution="Reuters BIP Coding Group" action="confirmed" date="1996-11-04"/>
  </code>
</codes>
<dc element="dc.date.created" value="1996-11-04"/>
<dc element="dc.publisher" value="Reuters Holdings Plc"/>
<dc element="dc.date.published" value="1996-11-04"/>
<dc element="dc.source" value="Reuters"/>
<dc element="dc.creator.location" value="HELSINKI"/>
<dc element="dc.creator.location.country.name" value="FINLAND"/>
<dc element="dc.source" value="Reuters"/>
</metadata>
</newsitem>
