<?xml version="1.0" encoding="iso-8859-1" ?>
<newsitem itemid="458984" id="root" date="1997-03-21" xml:lang="en">
<title>BRAZIL: Soy shipping conditions at Brazil's Santos port.</title>
<headline>Soy shipping conditions at Brazil's Santos port.</headline>
<dateline>SAO PAULO 1997-03-21</dateline>
<text>
<p>Santos port reported the following conditions for shipments of soybeans and soymeal:</p>
<p>Vessels: Mentese loading 47,000 tonnes soybeans, scheduled to leave at 1900 local (2200 GMT) to be replaced by Ziemia Krakowska. Hilon of Sparta expected by March 21, to load 55,000 soybeans. Sanko Ranger expected 28/03, to load 11,500 tonnes soybeans. At Cargill private terminal, Merinee to dock at 1900 local, expected to load 32,000 tonnes soymeal.</p>
<p>Road: 489 trucks arrived Thursday unloading 12,867 tonnes soybeans.</p>
<p>Rail: No wagons arrived.</p>
<p>Stocks: 107,905 tonnes soybeans, 6,938 tonnes soymeal.</p>
<p>((--Joelle Diderich, Sao Paulo newsroom +55 11 248 5417))</p>
</text>
<copyright>(c) Reuters Limited 1997</copyright>
<metadata>
<codes class="bip:countries:1.0">
  <code code="BRAZ">
    <editdetail attribution="Reuters BIP Coding Group" action="confirmed" date="1997-03-21"/>
  </code>
</codes>
<codes class="bip:industries:1.0">
  <code code="I01002">
    <editdetail attribution="Reuters BIP Coding Group" action="confirmed" date="1997-03-21"/>
  </code>
  <code code="I0100223">
    <editdetail attribution="Reuters BIP Coding Group" action="confirmed" date="1997-03-21"/>
  </code>
  <code code="I41100">
    <editdetail attribution="Reuters BIP Coding Group" action="confirmed" date="1997-03-21"/>
  </code>
  <code code="I76300">
    <editdetail attribution="Reuters BIP Coding Group" action="confirmed" date="1997-03-21"/>
  </code>
</codes>
<codes class="bip:topics:1.0">
  <code code="C24">
    <editdetail attribution="Reuters BIP Coding Group" action="confirmed" date="1997-03-21"/>
  </code>
  <code code="C31">
    <editdetail attribution="Reuters BIP Coding Group" action="confirmed" date="1997-03-21"/>
  </code>
  <code code="C312">
    <editdetail attribution="Reuters BIP Coding Group" action="confirmed" date="1997-03-21"/>
  </code>
  <code code="CCAT">
    <editdetail attribution="Reuters BIP Coding Group" action="confirmed" date="1997-03-21"/>
  </code>
  <code code="M14">
    <editdetail attribution="Reuters BIP Coding Group" action="confirmed" date="1997-03-21"/>
  </code>
  <code code="M141">
    <editdetail attribution="Reuters BIP Coding Group" action="confirmed" date="1997-03-21"/>
  </code>
  <code code="MCAT">
    <editdetail attribution="Reuters BIP Coding Group" action="confirmed" date="1997-03-21"/>
  </code>
</codes>
<dc element="dc.date.created" value="1997-03-21"/>
<dc element="dc.publisher" value="Reuters Holdings Plc"/>
<dc element="dc.date.published" value="1997-03-21"/>
<dc element="dc.source" value="Reuters"/>
<dc element="dc.creator.location" value="SAO PAULO"/>
<dc element="dc.creator.location.country.name" value="BRAZIL"/>
<dc element="dc.source" value="Reuters"/>
</metadata>
</newsitem>
