<?xml version="1.0" encoding="iso-8859-1" ?>
<newsitem itemid="96913" id="root" date="1996-10-04" xml:lang="en">
<title>USA: RESEARCH ALERT - Parker-Hannifin downgraded.</title>
<headline>RESEARCH ALERT - Parker-Hannifin downgraded.</headline>
<text>
<p>-- Dean Witter cut its recommendation on Parker-Hannifin Corp to neutral from buy, according to the analyst's office.</p>
<p>-- In a research note, analyst Richard Rossi also said he lowered the 1997 fiscal year earnings estimate to $3.40 per share from $3.70 and trimmed the FY 1998 estimate to $4.10 from $4.30.</p>
<p>-- Shares fell three to 39 in early New York Stock Exchange trade.</p>
</text>
<copyright>(c) Reuters Limited 1996</copyright>
<metadata>
<codes class="bip:countries:1.0">
  <code code="USA">
    <editdetail attribution="Reuters BIP Coding Group" action="confirmed" date="1996-10-04"/>
  </code>
</codes>
<codes class="bip:industries:1.0">
  <code code="I34420">
    <editdetail attribution="Reuters BIP Coding Group" action="confirmed" date="1996-10-04"/>
  </code>
</codes>
<codes class="bip:topics:1.0">
  <code code="C15">
    <editdetail attribution="Reuters BIP Coding Group" action="confirmed" date="1996-10-04"/>
  </code>
  <code code="C152">
    <editdetail attribution="Reuters BIP Coding Group" action="confirmed" date="1996-10-04"/>
  </code>
  <code code="CCAT">
    <editdetail attribution="Reuters BIP Coding Group" action="confirmed" date="1996-10-04"/>
  </code>
</codes>
<dc element="dc.publisher" value="Reuters Holdings Plc"/>
<dc element="dc.date.published" value="1996-10-04"/>
<dc element="dc.source" value="Reuters"/>
<dc element="dc.creator.location.country.name" value="USA"/>
<dc element="dc.source" value="Reuters"/>
</metadata>
</newsitem>
