<?xml version="1.0" encoding="iso-8859-1" ?>
<newsitem itemid="747402" id="root" date="1997-07-22" xml:lang="en">
<title>UK: Eurobonds - Expected new issues - Latam &amp; Caribbean.</title>
<headline>Eurobonds - Expected new issues - Latam &amp; Caribbean.</headline>
<dateline>LONDON 1997-07-22</dateline>
<text>
<p>Following is a summary of expected new issues from emerging market borrowers in the international primary debt market.</p>
<p>The list was compiled from information provided by borrowers, banks mandated to lead manage the issues and other primary market sources. All terms and conditions are indicative.</p>
<p>Details of upcoming bond issues can be telephoned into the London newsroom on +44 171 542 7748</p>
<p>(OFFICIAL indicates confirmed by borrower)</p>
<p>* * LATIN AMERICA * *</p>
<p>ARGENTINA</p>
<p>+ ARGENTINA to launch $750 million seven-year global bond via</p>
<p>CSFB/SBCW (OFFICIAL) Spread talk 175-210 b.p. over</p>
<p>The issue has been delayed (16.Jul.97) due to market volatility</p>
<p>in the emerging market sector</p>
<p>+ ALPARGATAS SAIC, up to $200 million Eurobond</p>
<p>+ AUTOPISTAS, $380 million 2-tranche bond, Citibank/Goldman Sachs</p>
<p>+ BANCO RIO, to issue $1.1 bln of bonds in 1997 (OFFICIAL)</p>
<p>+ COINTEL, $200 million, 200 million peso bonds, seven years, Goldman</p>
<p>Sachs/Merrill Lynch, week of July 21</p>
<p>+ TELECOM ARGENTINA, eyeing seven-year mark bond</p>
<p>+ YPF, $200 million equivalent, no more than 30-year</p>
<p>maturity (OFFICIAL)</p>
<p>BRAZIL</p>
<p>+ BAHIA state, $200 million Eurobond by April, two</p>
<p>tranches backed by tax revenue</p>
<p>+ BANCO RIO, $500 million and $80 million global bonds (OFFICIAL)</p>
<p>+ BICBANCO, $50 million eight-year, ANZ, week of July 21</p>
<p>+ CEARA STATE, $100 million, Merrill/Credit Agricole Indosuez</p>
<p>+ BNDES, $420 million in 1997 (OFFICIAL)</p>
<p>+ ELETROBRAS, $200 million 10-year bond in July, ABN AMRO</p>
<p>+ ESCELSA, $350 million 10-year, Morgan Stanley, August</p>
<p>+ GLOBO, $100 million three-year bond, Chase, September</p>
<p>+ MINAS GERAIS state, $600 million over next three years,</p>
<p>Lehman advising (OFFICIAL)</p>
<p>+ PETROBRAS, $200 million equivalent yen Samurai (OFFICIAL)</p>
<p>+ SABESP, $300 million 8- or 10-year Eurobond, UBS/DMG,July roadshow</p>
<p>(OFFICIAL)</p>
<p>+ TELEBRAS, Yankee bond for at least $300 million, perhaps in</p>
<p>second half of year (OFFICIAL)</p>
<p>MEXICO</p>
<p>+ Mexico's BANCO NACIONAL DE OBRAS Y SERVICIOS PUBLICO (BANOBRAS)</p>
<p>planning to place $200 to $400 million in bonds</p>
<p>+ BANCOMEXT, up to $1.0 bln more in 1997, $250-300 million five-to</p>
<p>10-year bond possible (OFFICIAL)</p>
<p>OTHER</p>
<p>+ Peru's COFIDE $50 million of $300 EMTN programme via Merrill</p>
<p>+ COLOMBIA, considering launching up to 150 million stg 10-year</p>
<p>+ COSTA RICA, $200 million in September, $300 million in 1998, will</p>
<p>choose lead manager by July 31 (OFFICIAL)</p>
<p>+ ECUADOR, has decided not to issue Eurobond (July 9)</p>
<p>+ Colombia's ECOPETROL, $300 million international bond issue tied to</p>
<p>oil production at Cusiana field in Colombia (OFFICIAL)</p>
<p>+ GUATEMALA, $150 million, BankBoston (OFFICIAL) Roadshows July</p>
<p>17 to 25, launch late July, up to 10 years</p>
<p>+ PERU, seen eyeing dollar bond.</p>
<p>+ SOUTHERN PERU COPPER CORP, $200 million at seven-year</p>
</text>
<copyright>(c) Reuters Limited 1997</copyright>
<metadata>
<codes class="bip:countries:1.0">
  <code code="UK">
    <editdetail attribution="Reuters BIP Coding Group" action="confirmed" date="1997-07-22"/>
  </code>
</codes>
<codes class="bip:topics:1.0">
  <code code="M12">
    <editdetail attribution="Reuters BIP Coding Group" action="confirmed" date="1997-07-22"/>
  </code>
  <code code="MCAT">
    <editdetail attribution="Reuters BIP Coding Group" action="confirmed" date="1997-07-22"/>
  </code>
</codes>
<dc element="dc.date.created" value="1997-07-22"/>
<dc element="dc.publisher" value="Reuters Holdings Plc"/>
<dc element="dc.date.published" value="1997-07-22"/>
<dc element="dc.source" value="Reuters"/>
<dc element="dc.creator.location" value="LONDON"/>
<dc element="dc.creator.location.country.name" value="UK"/>
<dc element="dc.source" value="Reuters"/>
</metadata>
</newsitem>
