<?xml version="1.0" encoding="iso-8859-1" ?>
<newsitem itemid="400408" id="root" date="1997-02-25" xml:lang="en">
<title>BARBADOS: CRICKET-RED STRIPE CUP RESULTS/STANDINGS.</title>
<headline>CRICKET-RED STRIPE CUP RESULTS/STANDINGS.</headline>
<dateline>BRIDGETOWN 1997-02-25</dateline>
<text>
<p>Results of four-day Red Stripe</p>
<p>Cup cricket matches which ended on Monday:</p>
<p>At The Valley, Anguilla: Leeward Islands beat Windward</p>
<p>Islands by two runs. Leeward Islands 168 and 236 (K.Arthurton</p>
<p>95; C.Davis 5-43). Windward Islands 199 and 203 (J.Murray 52).</p>
<p>At Port of Spain: Trinidand and Tobago v Guyana match drawn.</p>
<p>Trinidad and Tobago 305 and 204-9 declared (M.Nagamootoo 4-59).</p>
<p>Guyana 241 and 3-0 when rain stopped play.</p>
<p>Standings (tabulate - played, won, lost, drawn, no result,</p>
<p>points):</p>
<p> Barbados	     5   4   1   0    0    64</p>
<p> Leeward islands    5   2   0   1    2    44</p>
<p> Jamaica		5   1   1   2    1    36</p>
<p> Trinidad/Tobago    5   1   1   2    1    32</p>
<p> Windward islands   5   0   4   0    1    19</p>
<p> Guyana		 5   0   1   1    3    16</p>
<p>Note: Windward Islands gained 15 points in matches where</p>
<p>they had first innings lead.</p>
</text>
<copyright>(c) Reuters Limited 1997</copyright>
<metadata>
<codes class="bip:countries:1.0">
  <code code="BARB">
    <editdetail attribution="Reuters BIP Coding Group" action="confirmed" date="1997-02-25"/>
  </code>
</codes>
<codes class="bip:topics:1.0">
  <code code="GCAT">
    <editdetail attribution="Reuters BIP Coding Group" action="confirmed" date="1997-02-25"/>
  </code>
  <code code="GSPO">
    <editdetail attribution="Reuters BIP Coding Group" action="confirmed" date="1997-02-25"/>
  </code>
</codes>
<dc element="dc.date.created" value="1997-02-25"/>
<dc element="dc.publisher" value="Reuters Holdings Plc"/>
<dc element="dc.date.published" value="1997-02-25"/>
<dc element="dc.source" value="Reuters"/>
<dc element="dc.creator.location" value="BRIDGETOWN"/>
<dc element="dc.creator.location.country.name" value="BARBADOS"/>
<dc element="dc.source" value="Reuters"/>
</metadata>
</newsitem>
