<?xml version="1.0" encoding="iso-8859-1" ?>
<newsitem itemid="575734" id="root" date="1997-05-12" xml:lang="en">
<title>RUSSIA: UES shares rise 12.6 pct on ADR rumours.</title>
<headline>UES shares rise 12.6 pct on ADR rumours.</headline>
<dateline>MOSCOW 1997-05-12</dateline>
<text>
<p>Shares of national electric company UES had risen 12.6 percent on the Russian Trading System at 0800 GMT on rumours that the company would issue American Depositary Receipts soon, traders said on Monday.</p>
<p>&quot;The market is certainly pricing in the imminent launch of an ADR,&quot; said one trader.</p>
<p>RAO UES shares had risen to $0.3150 from $0.2798 at the close on Thursday, the previous trading day for the Russian market. UES preferred shares had risen to $0.2149 from $0.1957.  </p>
<p>Leading shares were bullish on Monday morning after a three-day market holiday and traders said volumes were looking healthy.</p>
<p>UES was rumoured to be readying an American Depositary Receipt, which would allow trading of shares on foreign exchanges, in Regulation S format, which requires relatively little documentation.</p>
<p>UES shares had not broken the 30 cent barrier before and traded at about eight cents last December.</p>
<p>--Peter Henderson, Moscow Newsroom, +7095 941 8520</p>
</text>
<copyright>(c) Reuters Limited 1997</copyright>
<metadata>
<codes class="bip:countries:1.0">
  <code code="RUSS">
    <editdetail attribution="Reuters BIP Coding Group" action="confirmed" date="1997-05-12"/>
  </code>
</codes>
<codes class="bip:industries:1.0">
  <code code="I16100">
    <editdetail attribution="Reuters BIP Coding Group" action="confirmed" date="1997-05-12"/>
  </code>
</codes>
<codes class="bip:topics:1.0">
  <code code="C15">
    <editdetail attribution="Reuters BIP Coding Group" action="confirmed" date="1997-05-12"/>
  </code>
  <code code="C152">
    <editdetail attribution="Reuters BIP Coding Group" action="confirmed" date="1997-05-12"/>
  </code>
  <code code="CCAT">
    <editdetail attribution="Reuters BIP Coding Group" action="confirmed" date="1997-05-12"/>
  </code>
</codes>
<dc element="dc.date.created" value="1997-05-12"/>
<dc element="dc.publisher" value="Reuters Holdings Plc"/>
<dc element="dc.date.published" value="1997-05-12"/>
<dc element="dc.source" value="Reuters"/>
<dc element="dc.creator.location" value="MOSCOW"/>
<dc element="dc.creator.location.country.name" value="RUSSIA"/>
<dc element="dc.source" value="Reuters"/>
</metadata>
</newsitem>
