<?xml version="1.0" encoding="iso-8859-1" ?>
<newsitem itemid="323462" id="root" date="1997-01-21" xml:lang="en">
<title>GERMANY: Merck stocks strongly ahead in pre-bourse trade.</title>
<headline>Merck stocks strongly ahead in pre-bourse trade.</headline>
<dateline>FRANKFURT 1997-01-21</dateline>
<text>
<p>Shares in German drugs and chemical group Merck KGaA were strongly ahead in pre-bourse trade on Tuesday, after reporting an 11.3 percent rise in 1996 group sales and forecasting strong profit growth for the year.</p>
<p>Merck shares were up two marks, or 3.45 percent, at 60.05 marks in pre-bourse trade on the IBIS DAX index. The overall market was up 0.25 percent at 3,006.77 points.</p>
<p>Merck said in a mandatory statement earlier on that 1996 sales climbed to 6.98 billion marks from 6.3 billion marks in 1995, of which pharmaceutical sales were the strongest, up 16 percent to 3.9 billion marks.</p>
<p>The group said it expected to post &quot;another significant rise in profits&quot; during the period, without being more specific. Dealers said the market reaction to the figures was extremely positive.</p>
<p>--Frankfurt Newsroom +49 69 756525</p>
</text>
<copyright>(c) Reuters Limited 1997</copyright>
<metadata>
<codes class="bip:countries:1.0">
  <code code="GFR">
    <editdetail attribution="Reuters BIP Coding Group" action="confirmed" date="1997-01-21"/>
  </code>
</codes>
<codes class="bip:industries:1.0">
  <code code="I25700">
    <editdetail attribution="Reuters BIP Coding Group" action="confirmed" date="1997-01-21"/>
  </code>
</codes>
<codes class="bip:topics:1.0">
  <code code="C15">
    <editdetail attribution="Reuters BIP Coding Group" action="confirmed" date="1997-01-21"/>
  </code>
  <code code="C152">
    <editdetail attribution="Reuters BIP Coding Group" action="confirmed" date="1997-01-21"/>
  </code>
  <code code="CCAT">
    <editdetail attribution="Reuters BIP Coding Group" action="confirmed" date="1997-01-21"/>
  </code>
</codes>
<dc element="dc.date.created" value="1997-01-21"/>
<dc element="dc.publisher" value="Reuters Holdings Plc"/>
<dc element="dc.date.published" value="1997-01-21"/>
<dc element="dc.source" value="Reuters"/>
<dc element="dc.creator.location" value="FRANKFURT"/>
<dc element="dc.creator.location.country.name" value="GERMANY"/>
<dc element="dc.source" value="Reuters"/>
</metadata>
</newsitem>
