<?xml version="1.0" encoding="iso-8859-1" ?>
<newsitem itemid="214323" id="root" date="1996-11-25" xml:lang="en">
<title>USA: LS Capital sells Clutch Games assets.</title>
<headline>LS Capital sells Clutch Games assets.</headline>
<dateline>HOUSTON, Texas 1996-11-25</dateline>
<text>
<p>LS Capital Corp said on Monday it sold the business and assets of its Clutch Games unit to a private investor, resulting in an extraordinary gain of about $200,000 in its fiscal quarter ending December 31.</p>
<p>Sale proceeds would be used as additional capital for its newly formed Griffin Gold mining subsidiary, the company said.</p>
<p>President and Chief Executive Officer Paul Montle said the funds would allow the company to focus more resources on its mining operations.</p>
</text>
<copyright>(c) Reuters Limited 1996</copyright>
<metadata>
<codes class="bip:countries:1.0">
  <code code="USA">
    <editdetail attribution="Reuters BIP Coding Group" action="confirmed" date="1996-11-25"/>
  </code>
</codes>
<codes class="bip:industries:1.0">
  <code code="I97912">
    <editdetail attribution="Reuters BIP Coding Group" action="confirmed" date="1996-11-25"/>
  </code>
</codes>
<codes class="bip:topics:1.0">
  <code code="C18">
    <editdetail attribution="Reuters BIP Coding Group" action="confirmed" date="1996-11-25"/>
  </code>
  <code code="C181">
    <editdetail attribution="Reuters BIP Coding Group" action="confirmed" date="1996-11-25"/>
  </code>
  <code code="CCAT">
    <editdetail attribution="Reuters BIP Coding Group" action="confirmed" date="1996-11-25"/>
  </code>
</codes>
<dc element="dc.date.created" value="1996-11-25"/>
<dc element="dc.publisher" value="Reuters Holdings Plc"/>
<dc element="dc.date.published" value="1996-11-25"/>
<dc element="dc.source" value="Reuters"/>
<dc element="dc.creator.location" value="HOUSTON, Texas"/>
<dc element="dc.creator.location.country.name" value="USA"/>
<dc element="dc.source" value="Reuters"/>
</metadata>
</newsitem>
