<?xml version="1.0" encoding="iso-8859-1" ?>
<newsitem itemid="760318" id="root" date="1997-07-28" xml:lang="en">
<title>INDIA: India GDR, Warrant rates - July 28.</title>
<headline>India GDR, Warrant rates - July 28.</headline>
<text>
<p>---------------GLOBAL DEPOSITARY RECEIPTS--------------</p>
<p>		    SIZE   ISSUE   INDICATIVE  SHARES</p>
<p>		    $MLN   PRICE	RATE	PER    </p>
<p>				$			 GDR   </p>
<p>ARVIND MILLS    125     9.78    4.20/4.60    1</p>
<p>ASHOK LEYLAND   137.8  12.79    7.20/7.70    3</p>
<p>BAJAJ AUTO	110    25.33   31.00/32.00   1</p>
<p>BALLARPUR IND    35   100.00    0.10/1.10    1</p>
<p>BOM.DYEING	 50     9.20    2.80/3.20    1</p>
<p>B.S.E.S	   125    14.40   25.00/25.75   3</p>
<p>C.E.S.C	   125    53.34    1.20/1.60    1</p>
<p>CENTURY TEXT    100   254.70	54/64	1</p>
<p>CORE PARENT	70    12.60    0.05/1.00    1</p>
<p>CROMPTON GR.     50     7.56    2.80/3.20    1</p>
<p>DCW		  25    13.55    2.50/3.50    5</p>
<p>DR. REDDYS	 48    11.16   10.00/11.00   1</p>
<p>E.I.HOTEL	  40     9.30   15.00/15.75   1</p>
<p>E.I.D PARRY	40     8.39    3.00/4.00    1</p>
<p>FLEX IND.	  30     8.05    1.50/3.50    2</p>
<p>FINOLEX CABLE    55    16.60    4.13/4.63    1</p>
<p>GARDEN SILK	50    26.28    1.00/2.00    5</p>
<p>G.E. SHIP.	100    15.94    7.50/8.00    5</p>
<p>G.N.F.C	    55    12.75    2.75/3.75    5</p>
<p>GRASIM	     90    12.98   12.50/13.00   1</p>
<p>GUJ. AMBUJA	80     5.95    9.50/10.00   1</p>
<p>HIMACHAL FUTUR   50     9.30    1.00/2.00    4</p>
<p>HINDALCO	  100    24.00   33.25/34.00   1</p>
<p>HINDUSTAN DEV    76     2.05    0.15/0.35    1</p>
<p>ICICI	     230    11.50   14.80/15.20   5</p>
<p>INDAL		60     6.76    4.13/4.63    1</p>
<p>INDIAN CEMENT    45     4.22    3.20/3.70    1</p>
<p>INDIAN HOTELS    86.2  16.60   21.25/22.00   1</p>
<p>INDO RAMA	  50    11.37    6.50/7.25   10</p>
<p>INDIAN RAYON    125    22.51   11.13/11.63   1</p>
<p>INDO-GULF	 100     4.51    0.80/1.20    1</p>
<p>IPCL		100    13.87   12.75/13.25   3</p>
<p>ITC Ltd	    68.9   7.65   15.75/16.50   1</p>
<p>JAIN IRRIGAT.    30    11.12    0.05/1.00    1</p>
<p>JCT		  45    16.96    1.00/2.00   10</p>
<p>JK CORP	    55     8.00    0.05/1.00    1</p>
<p>Kesoram Ind.     30     1.60    0.70/1.20    1</p>
<p>L &amp; T (old)     150    16.70   17.13/17.63   2</p>
<p>L &amp; T (new)     150    15.35   17.13/17.63   2</p>
<p>M &amp; M		75     4.48   14.25/14.75   1</p>
<p>NEPC MICON	 45     3.18    0.10/0.30    1</p>
<p>NIPPON DENRO    125    21.36    2.00/4.00   10</p>
<p>ORIENTAL HTL     30    12.75   16.00/18.00   1</p>
<p>RANBAXY LABS    100    19.37   23.25/24.00   1</p>
<p>RAYMOND	    60    15.92    4.00/4.50    2</p>
<p>RELIANCE	  450    16.35   22.25/22.75   2</p>
<p>S.A.I.L	   125    12.97    9.75/10.25   15</p>
<p>SANGHI POLY	50     9.56    0.05/1.00    5</p>
<p>S.I.E.L	    40    14.64    0.25/1.25    3</p>
<p>S.I.VISCOSE	45     6.37    0.05/0.75    1</p>
<p>SPIC		 75    11.15    3.50/4.00    5</p>
<p>STATE BANK	369.95 14.15   24.75/25.25   2</p>
<p>STERLITE	  100    17.88    5.00/7.00    1</p>
<p>TATA POWER	 65   710.00     360/410    10</p>
<p>TELCO	     115     8.75   12.70/13.20   1</p>
<p>TELCO (New)     200    14.25   12.70/13.20   1</p>
<p>TISCO	     100     9.28    3.00/5.00    1</p>
<p>TUBE INVEST	45     6.57    1.00/2.00    1</p>
<p>USHA BELTRON     35    10.70    0.75/1.75    1</p>
<p>UNITED PHOS	55    20.50    5.50/6.50    1</p>
<p>VIDEOCON INTL    90     8.10    1.00/1.40    1</p>
<p>VSNL		528    13.93   17.63/18.13  0.5</p>
<p>WOCKHARDT	  75    14.35    8.25/9.25    1</p>
<p>'@ - after conversion of convertible bonds * - ex-bonus .</p>
<p>---------------INDICATIVE PRICE OF WARRANTS---------------</p>
<p>		     WARRANTS/GDR	INDICATIVE MARKET PRICE</p>
<p>				 -----NIL------</p>
<p>(Conversion rate - $1 = 35.70 rupees).</p>
<p>Note: GDR prices are compiled Barings, Merrill Lynch, Robert Fleming, Barclays de Zoete Wedd, Morgan Stanley, Swiss Bank Corporation, Banque Paribas in London and J.Henry Schroder Bank Zurich. They are indicative and for reference only. For further information please telephone Money Desk in Bombay on 022-2659000.</p>
</text>
<copyright>(c) Reuters Limited 1997</copyright>
<metadata>
<codes class="bip:countries:1.0">
  <code code="INDIA">
    <editdetail attribution="Reuters BIP Coding Group" action="confirmed" date="1997-07-28"/>
  </code>
</codes>
<codes class="bip:industries:1.0">
  <code code="I16100">
    <editdetail attribution="Reuters BIP Coding Group" action="confirmed" date="1997-07-28"/>
  </code>
  <code code="I25000">
    <editdetail attribution="Reuters BIP Coding Group" action="confirmed" date="1997-07-28"/>
  </code>
  <code code="I25130">
    <editdetail attribution="Reuters BIP Coding Group" action="confirmed" date="1997-07-28"/>
  </code>
  <code code="I25700">
    <editdetail attribution="Reuters BIP Coding Group" action="confirmed" date="1997-07-28"/>
  </code>
  <code code="I26000">
    <editdetail attribution="Reuters BIP Coding Group" action="confirmed" date="1997-07-28"/>
  </code>
  <code code="I34000">
    <editdetail attribution="Reuters BIP Coding Group" action="confirmed" date="1997-07-28"/>
  </code>
  <code code="I34100">
    <editdetail attribution="Reuters BIP Coding Group" action="confirmed" date="1997-07-28"/>
  </code>
  <code code="I35102">
    <editdetail attribution="Reuters BIP Coding Group" action="confirmed" date="1997-07-28"/>
  </code>
  <code code="I36300">
    <editdetail attribution="Reuters BIP Coding Group" action="confirmed" date="1997-07-28"/>
  </code>
  <code code="I43000">
    <editdetail attribution="Reuters BIP Coding Group" action="confirmed" date="1997-07-28"/>
  </code>
  <code code="I47100">
    <editdetail attribution="Reuters BIP Coding Group" action="confirmed" date="1997-07-28"/>
  </code>
  <code code="I66500">
    <editdetail attribution="Reuters BIP Coding Group" action="confirmed" date="1997-07-28"/>
  </code>
  <code code="I74000">
    <editdetail attribution="Reuters BIP Coding Group" action="confirmed" date="1997-07-28"/>
  </code>
</codes>
<codes class="bip:topics:1.0">
  <code code="C15">
    <editdetail attribution="Reuters BIP Coding Group" action="confirmed" date="1997-07-28"/>
  </code>
  <code code="C152">
    <editdetail attribution="Reuters BIP Coding Group" action="confirmed" date="1997-07-28"/>
  </code>
  <code code="CCAT">
    <editdetail attribution="Reuters BIP Coding Group" action="confirmed" date="1997-07-28"/>
  </code>
  <code code="M11">
    <editdetail attribution="Reuters BIP Coding Group" action="confirmed" date="1997-07-28"/>
  </code>
  <code code="MCAT">
    <editdetail attribution="Reuters BIP Coding Group" action="confirmed" date="1997-07-28"/>
  </code>
</codes>
<dc element="dc.publisher" value="Reuters Holdings Plc"/>
<dc element="dc.date.published" value="1997-07-28"/>
<dc element="dc.source" value="Reuters"/>
<dc element="dc.creator.location.country.name" value="INDIA"/>
<dc element="dc.source" value="Reuters"/>
</metadata>
</newsitem>
