<?xml version="1.0" encoding="iso-8859-1" ?>
<newsitem itemid="603358" id="root" date="1997-05-21" xml:lang="en">
<title>JAPAN: Tokyo aluminium futures finish higher aided by dlr.</title>
<headline>Tokyo aluminium futures finish higher aided by dlr.</headline>
<dateline>TOKYO 1997-05-21</dateline>
<text>
<p>Tokyo yen-based aluminium futures finished higher in thin trade on Wednesday as the dollar's earlier recovery triggered some sporadic buying, traders said.</p>
<p>&quot;It was very quiet,&quot; said one trader. &quot;People are disappointed. The dollar dropped quickly. On the LME, aluminium's upperside proved heavy.&quot;</p>
<p>Traders said market participants had not recovered from a shock on Tuesday when they saw the dollar plunging to below 112 yen from above 115 yen in Tokyo trade.</p>
<p>The dollar was around 113.60 in late trade, compared to its New York close of 112.58/68 yen.</p>
<p>Benchmark April 1998 added one yen to 191.4 yen per kg after opening at its day's low of 190.4 yen. Other contracts were up one yen to two yen. Estimated volume was 3,331 lots, down from 4,169 lots on Tuesday.</p>
<p>-- Tokyo Commodities Desk +81-3-3432-7431</p>
</text>
<copyright>(c) Reuters Limited 1997</copyright>
<metadata>
<codes class="bip:countries:1.0">
  <code code="JAP">
    <editdetail attribution="Reuters BIP Coding Group" action="confirmed" date="1997-05-21"/>
  </code>
</codes>
<codes class="bip:topics:1.0">
  <code code="M14">
    <editdetail attribution="Reuters BIP Coding Group" action="confirmed" date="1997-05-21"/>
  </code>
  <code code="M142">
    <editdetail attribution="Reuters BIP Coding Group" action="confirmed" date="1997-05-21"/>
  </code>
  <code code="MCAT">
    <editdetail attribution="Reuters BIP Coding Group" action="confirmed" date="1997-05-21"/>
  </code>
</codes>
<dc element="dc.date.created" value="1997-05-21"/>
<dc element="dc.publisher" value="Reuters Holdings Plc"/>
<dc element="dc.date.published" value="1997-05-21"/>
<dc element="dc.source" value="Reuters"/>
<dc element="dc.creator.location" value="TOKYO"/>
<dc element="dc.creator.location.country.name" value="JAPAN"/>
<dc element="dc.source" value="Reuters"/>
</metadata>
</newsitem>
