<?xml version="1.0" encoding="iso-8859-1" ?>
<newsitem itemid="301150" id="root" date="1997-01-11" xml:lang="en">
<title>SOUTH KOREA: S.Korean police fire tear gas at 20,000 workers.</title>
<headline>S.Korean police fire tear gas at 20,000 workers.</headline>
<dateline>SEOUL 1997-01-11</dateline>
<text>
<p>South Korean riot police on Saturday fired tear gas to stop about 20,000 workers marching on a Seoul cathedral where union leaders are directing nationwide strikes, witnesses said.</p>
<p>Some of the largest demonstrations since work stoppages began two weeks ago followed attempts by police to arrest seven union leaders camped out in a makeshift tent on the grounds of Myongdong Cathedral.  </p>
<p>The protesters, shouting &quot;down with (President) Kim Young-sam&quot;, hurled stones at riot police in running battles in central Seoul, witnesses said.</p>
<p>Several protesters were led away by police.</p>
<p>There have been a number of violent clashes between striking workers and riot police since the ruling party rammed a controversial labour bill through parliament on December 26.</p>
<p>Union leaders have demanded the government scrap the new law, which allows employers to lay off workers, hire temporary workers to replace strikers and introduce flexible work hours.</p>
</text>
<copyright>(c) Reuters Limited 1997</copyright>
<metadata>
<codes class="bip:countries:1.0">
  <code code="SKOREA">
    <editdetail attribution="Reuters BIP Coding Group" action="confirmed" date="1997-01-11"/>
  </code>
</codes>
<codes class="bip:topics:1.0">
  <code code="C42">
    <editdetail attribution="Reuters BIP Coding Group" action="confirmed" date="1997-01-11"/>
  </code>
  <code code="CCAT">
    <editdetail attribution="Reuters BIP Coding Group" action="confirmed" date="1997-01-11"/>
  </code>
  <code code="E41">
    <editdetail attribution="Reuters BIP Coding Group" action="confirmed" date="1997-01-11"/>
  </code>
  <code code="ECAT">
    <editdetail attribution="Reuters BIP Coding Group" action="confirmed" date="1997-01-11"/>
  </code>
  <code code="GCAT">
    <editdetail attribution="Reuters BIP Coding Group" action="confirmed" date="1997-01-11"/>
  </code>
  <code code="GCRIM">
    <editdetail attribution="Reuters BIP Coding Group" action="confirmed" date="1997-01-11"/>
  </code>
  <code code="GJOB">
    <editdetail attribution="Reuters BIP Coding Group" action="confirmed" date="1997-01-11"/>
  </code>
  <code code="GVIO">
    <editdetail attribution="Reuters BIP Coding Group" action="confirmed" date="1997-01-11"/>
  </code>
</codes>
<dc element="dc.date.created" value="1997-01-11"/>
<dc element="dc.publisher" value="Reuters Holdings Plc"/>
<dc element="dc.date.published" value="1997-01-11"/>
<dc element="dc.source" value="Reuters"/>
<dc element="dc.creator.location" value="SEOUL"/>
<dc element="dc.creator.location.country.name" value="SOUTH KOREA"/>
<dc element="dc.source" value="Reuters"/>
</metadata>
</newsitem>
