<?xml version="1.0" encoding="iso-8859-1" ?>
<newsitem itemid="542967" id="root" date="1997-04-28" xml:lang="en">
<title>FINLAND: LATVIA BEATEN BY ITALY IN ICE HOCKEY WORLD TIE.</title>
<headline>LATVIA BEATEN BY ITALY IN ICE HOCKEY WORLD TIE.</headline>
<dateline>TURKU, Finland 1997-04-28</dateline>
<text>
<p>Results at the world ice hockey championships on Monday:</p>
<p>Pool B</p>
<p>Italy 5 Latvia 4 (0-1 2-3 3-0)</p>
<p>Scorers:</p>
<p>Latvia - Leonids Tambijevs (8:17), Andrei Maticins (28:03), Harius Vitolins (28:18), Aleksandrs Macijevskis (29:40)</p>
<p>Italy - Leo Giuseppe Insam (25:38), Gaetano Orlando (33:07), Mario Chitarroni (42:08), Bruno Zarrillo (45:38, 49:37) Penalties: Italy 20 minutes, Latvia 14 Attendance: 3,506</p>
</text>
<copyright>(c) Reuters Limited 1997</copyright>
<metadata>
<codes class="bip:countries:1.0">
  <code code="FIN">
    <editdetail attribution="Reuters BIP Coding Group" action="confirmed" date="1997-04-28"/>
  </code>
  <code code="ITALY">
    <editdetail attribution="Reuters BIP Coding Group" action="confirmed" date="1997-04-28"/>
  </code>
  <code code="LATV">
    <editdetail attribution="Reuters BIP Coding Group" action="confirmed" date="1997-04-28"/>
  </code>
</codes>
<codes class="bip:topics:1.0">
  <code code="GCAT">
    <editdetail attribution="Reuters BIP Coding Group" action="confirmed" date="1997-04-28"/>
  </code>
  <code code="GSPO">
    <editdetail attribution="Reuters BIP Coding Group" action="confirmed" date="1997-04-28"/>
  </code>
</codes>
<dc element="dc.date.created" value="1997-04-28"/>
<dc element="dc.publisher" value="Reuters Holdings Plc"/>
<dc element="dc.date.published" value="1997-04-28"/>
<dc element="dc.source" value="Reuters"/>
<dc element="dc.creator.location" value="TURKU, Finland"/>
<dc element="dc.creator.location.country.name" value="FINLAND"/>
<dc element="dc.source" value="Reuters"/>
</metadata>
</newsitem>
