<?xml version="1.0" encoding="iso-8859-1" ?>
<newsitem itemid="647951" id="root" date="1997-06-09" xml:lang="en">
<title>USA: CBOT overnight Project A ag volume 1,653 contracts.</title>
<headline>CBOT overnight Project A ag volume 1,653 contracts.</headline>
<dateline>CHICAGO 1997-06-09</dateline>
<text>
<p>Chicago Board of Trade said its Project A overnight agricultural trading volume totaled 1,653 contracts compared to 727 overnight Thursday.</p>
<p>There were 253 wheat, 483 corn, 778 soybean, 98 soymeal, 38 soyoil, two wheat put and one soybean call traded.</p>
<p>In overnight trading, wheat was 1/4 cent higher to one cent lower, corn was steady to two cents lower and soybeans were five to eight cents per bushel lower.</p>
<p>((Chicago Newsdesk 312-408-8720))</p>
</text>
<copyright>(c) Reuters Limited 1997</copyright>
<metadata>
<codes class="bip:countries:1.0">
  <code code="USA">
    <editdetail attribution="Reuters BIP Coding Group" action="confirmed" date="1997-06-09"/>
  </code>
</codes>
<codes class="bip:topics:1.0">
  <code code="M14">
    <editdetail attribution="Reuters BIP Coding Group" action="confirmed" date="1997-06-09"/>
  </code>
  <code code="M141">
    <editdetail attribution="Reuters BIP Coding Group" action="confirmed" date="1997-06-09"/>
  </code>
  <code code="MCAT">
    <editdetail attribution="Reuters BIP Coding Group" action="confirmed" date="1997-06-09"/>
  </code>
</codes>
<dc element="dc.date.created" value="1997-06-09"/>
<dc element="dc.publisher" value="Reuters Holdings Plc"/>
<dc element="dc.date.published" value="1997-06-09"/>
<dc element="dc.source" value="Reuters"/>
<dc element="dc.creator.location" value="CHICAGO"/>
<dc element="dc.creator.location.country.name" value="USA"/>
<dc element="dc.source" value="Reuters"/>
</metadata>
</newsitem>
