<?xml version="1.0" encoding="iso-8859-1" ?>
<newsitem itemid="580552" id="root" date="1997-05-13" xml:lang="en">
<title>FINLAND: Finnish T-bill auction raises FIM 2.68 billion.</title>
<headline>Finnish T-bill auction raises FIM 2.68 billion.</headline>
<dateline>HELSINKI 1997-05-13</dateline>
<text>
<p>Result of the State Treasury Office's T-Bill auction May 13 versus May 6  SUVK :</p>
<p>			THIS AUCTION/PREVIOUS AUCTION</p>
<p> Maturity, days   214/189		365/341</p>
<p> Avge yld, pct   3.15/3.13	    3.33/3.32</p>
<p> Highest yld     3.15/3.13	    3.34/3.32</p>
<p> Lowest  yld     3.15/3.13	    3.32/3.31</p>
<p> Amount,FIM million   771/830	    1,905/1,312</p>
<p> Bids, FIM million  1,961/865	    1,995/1,842</p>
<p>After today's auction, the outstanding amount of treasury bills is 44,034 million markka, the STO said.</p>
<p>-- Helsinki newsroom +358-9-680 50 245, news@Reuters.fi</p>
</text>
<copyright>(c) Reuters Limited 1997</copyright>
<metadata>
<codes class="bip:countries:1.0">
  <code code="FIN">
    <editdetail attribution="Reuters BIP Coding Group" action="confirmed" date="1997-05-13"/>
  </code>
</codes>
<codes class="bip:topics:1.0">
  <code code="M13">
    <editdetail attribution="Reuters BIP Coding Group" action="confirmed" date="1997-05-13"/>
  </code>
  <code code="M131">
    <editdetail attribution="Reuters BIP Coding Group" action="confirmed" date="1997-05-13"/>
  </code>
  <code code="MCAT">
    <editdetail attribution="Reuters BIP Coding Group" action="confirmed" date="1997-05-13"/>
  </code>
</codes>
<dc element="dc.date.created" value="1997-05-13"/>
<dc element="dc.publisher" value="Reuters Holdings Plc"/>
<dc element="dc.date.published" value="1997-05-13"/>
<dc element="dc.source" value="Reuters"/>
<dc element="dc.creator.location" value="HELSINKI"/>
<dc element="dc.creator.location.country.name" value="FINLAND"/>
<dc element="dc.source" value="Reuters"/>
</metadata>
</newsitem>
