<?xml version="1.0" encoding="iso-8859-1" ?>
<newsitem itemid="192435" id="root" date="1996-11-15" xml:lang="en">
<title>HONG KONG: CITIC Pacific signs HK$3.8 bln loan.</title>
<headline>CITIC Pacific signs HK$3.8 bln loan.</headline>
<dateline>HONG KONG 1996-11-15</dateline>
<text>
<p>CITIC Pacific Ltd has signed a HK$3.8 billion equivalent term loan facility with 41 international banks, the coordinating arrangers said Friday.</p>
<p>The facility is comprised of two tranches.</p>
<p>Tranche A of HK$2.942 billion is structured as a 24-month revolving credit converting to a term loan and will be available in both Hong Kong and U.S. dollars.  It has a tenor of seven years with a put option at the fifth anniversary.</p>
<p>Tranche B of US$110 million has an availability period of 6 months and a bullet maturity at the end of year seven.</p>
<p>Tranche A pays an interest margin of 60 basis points per annum from year one to five and 70 basis points per annum from year six to seven, while tranche B pays an interest margin of 67.5 basis points per annum throughout the life of the facility.</p>
<p>Fees range from 45 to 55 basis points for tranche A and 52 to 66 basis points for tranche B.</p>
<p>Proceeds of the facility will be used for general corporate purposes, including refinancing of maturing debt facilities and for new investment in CITIC Pacific's core businesses.</p>
<p>The coordinating arrangers are Chase Manhattan Asia, HSBC Investment Bank Asia and JP Morgan Securities Asia.</p>
<p>-- Hong Kong Newsroom (852) 2843 6960</p>
</text>
<copyright>(c) Reuters Limited 1996</copyright>
<metadata>
<codes class="bip:countries:1.0">
  <code code="HKONG">
    <editdetail attribution="Reuters BIP Coding Group" action="confirmed" date="1996-11-15"/>
  </code>
</codes>
<codes class="bip:topics:1.0">
  <code code="C17">
    <editdetail attribution="Reuters BIP Coding Group" action="confirmed" date="1996-11-15"/>
  </code>
  <code code="C173">
    <editdetail attribution="Reuters BIP Coding Group" action="confirmed" date="1996-11-15"/>
  </code>
  <code code="CCAT">
    <editdetail attribution="Reuters BIP Coding Group" action="confirmed" date="1996-11-15"/>
  </code>
</codes>
<dc element="dc.date.created" value="1996-11-15"/>
<dc element="dc.publisher" value="Reuters Holdings Plc"/>
<dc element="dc.date.published" value="1996-11-15"/>
<dc element="dc.source" value="Reuters"/>
<dc element="dc.creator.location" value="HONG KONG"/>
<dc element="dc.creator.location.country.name" value="HONG KONG"/>
<dc element="dc.source" value="Reuters"/>
</metadata>
</newsitem>
