<?xml version="1.0" encoding="iso-8859-1" ?>
<newsitem itemid="687141" id="root" date="1997-06-25" xml:lang="en">
<title>EGYPT: Egypt to offer 64 hotels for privatisation.</title>
<headline>Egypt to offer 64 hotels for privatisation.</headline>
<dateline>CAIRO 1997-06-25</dateline>
<text>
<p>Egypt will send details of 64 hotels earmarked for privatisation to 30 to 40 institutions, the minister in charge said in an interview published on Wednesday.</p>
<p>Public Enterprise Minister Atef Obeid told the weekly magazine al-Mussawar his ministry would complete the preparatory documents by the beginning of July and send out the invitations to the potential investors in August.</p>
<p>The state hotel sector has fallen far behind in the government's privatisation programme despite a boom in tourism over the past two years.</p>
<p>The minister said the hotels would be offered to investors in groups, with each group to operate as a single company.</p>
<p>-- Cairo newsroom +20 2 578 3290</p>
</text>
<copyright>(c) Reuters Limited 1997</copyright>
<metadata>
<codes class="bip:countries:1.0">
  <code code="EGYPT">
    <editdetail attribution="Reuters BIP Coding Group" action="confirmed" date="1997-06-25"/>
  </code>
</codes>
<codes class="bip:industries:1.0">
  <code code="I66500">
    <editdetail attribution="Reuters BIP Coding Group" action="confirmed" date="1997-06-25"/>
  </code>
</codes>
<codes class="bip:topics:1.0">
  <code code="C18">
    <editdetail attribution="Reuters BIP Coding Group" action="confirmed" date="1997-06-25"/>
  </code>
  <code code="C183">
    <editdetail attribution="Reuters BIP Coding Group" action="confirmed" date="1997-06-25"/>
  </code>
  <code code="CCAT">
    <editdetail attribution="Reuters BIP Coding Group" action="confirmed" date="1997-06-25"/>
  </code>
</codes>
<dc element="dc.date.created" value="1997-06-25"/>
<dc element="dc.publisher" value="Reuters Holdings Plc"/>
<dc element="dc.date.published" value="1997-06-25"/>
<dc element="dc.source" value="Reuters"/>
<dc element="dc.creator.location" value="CAIRO"/>
<dc element="dc.creator.location.country.name" value="EGYPT"/>
<dc element="dc.source" value="Reuters"/>
</metadata>
</newsitem>
