<?xml version="1.0" encoding="iso-8859-1" ?>
<newsitem itemid="619041" id="root" date="1997-05-27" xml:lang="en">
<title>NETHERLANDS: FORECAST - Dutch company results May 26-30.</title>
<headline>FORECAST - Dutch company results May 26-30.</headline>
<dateline>AMSTERDAM 1997-05-27</dateline>
<text>
<p>Analysts' estimates of Dutch company results for the week of May 26-30:</p>
<p>DATE--COMPANY-----PERIOD--PROFIT------CONSENSUS---RANGE-----PVS 28/5  Fortis	Q1 97   net ord ops    184     179/190    157</p>
<p>29/5  ING	   Q1 97   net ord ops    897     868/946    736</p>
<p>NOTES - Profit figures exclude extraordinary items and are in millions of guilders unless otherwise stated. They are stated before deduction of preference dividends where applicable.</p>
<p>* FORTIS figures are for whole group in European currency units (ECUs).</p>
<p>FORECASTS CONTRIBUTED BY: Amstgeld, Generale Bank, ING, Kempen &amp; Co, Labouchere, Van Lanschot, MeesPierson, Rabo/IRIS, SNS Securities, Van Meer James Capel.</p>
<p>-- Amsterdam newsroom +31 20 504 5000, Fax +31 20 504 5040</p>
</text>
<copyright>(c) Reuters Limited 1997</copyright>
<metadata>
<codes class="bip:countries:1.0">
  <code code="NETH">
    <editdetail attribution="Reuters BIP Coding Group" action="confirmed" date="1997-05-27"/>
  </code>
</codes>
<codes class="bip:industries:1.0">
  <code code="I81402">
    <editdetail attribution="Reuters BIP Coding Group" action="confirmed" date="1997-05-27"/>
  </code>
  <code code="I82001">
    <editdetail attribution="Reuters BIP Coding Group" action="confirmed" date="1997-05-27"/>
  </code>
</codes>
<codes class="bip:topics:1.0">
  <code code="C15">
    <editdetail attribution="Reuters BIP Coding Group" action="confirmed" date="1997-05-27"/>
  </code>
  <code code="C152">
    <editdetail attribution="Reuters BIP Coding Group" action="confirmed" date="1997-05-27"/>
  </code>
  <code code="CCAT">
    <editdetail attribution="Reuters BIP Coding Group" action="confirmed" date="1997-05-27"/>
  </code>
</codes>
<dc element="dc.date.created" value="1997-05-27"/>
<dc element="dc.publisher" value="Reuters Holdings Plc"/>
<dc element="dc.date.published" value="1997-05-27"/>
<dc element="dc.source" value="Reuters"/>
<dc element="dc.creator.location" value="AMSTERDAM"/>
<dc element="dc.creator.location.country.name" value="NETHERLANDS"/>
<dc element="dc.source" value="Reuters"/>
</metadata>
</newsitem>
