<?xml version="1.0" encoding="iso-8859-1" ?>
<newsitem itemid="367154" id="root" date="1997-02-10" xml:lang="en">
<title>USA: Brightpoint and MCI in 2-yr pact.</title>
<headline>Brightpoint and MCI in 2-yr pact.</headline>
<dateline>INDIANAPOLIS 1997-02-10</dateline>
<text>
<p>Brightpoint Inc said on Monday it entered into a definitive two-year agreement to provide inventory warehousing, product fulfillment and related services in support of MCI Telecommunications Corp's non-retail cellular and pre-paid cellular services.</p>
<p>MCI Telecommunications is a unit of MCI Communications Corp.</p>
<p>Terms were not disclosed.</p>
<p>Brightpoint distributes wireless communications equipment and products globally and provides related services, including inventory management, fulfillment, packaging and programming.</p>
<p>		    ((Chicago newsdesk 312 408 8787))</p>
</text>
<copyright>(c) Reuters Limited 1997</copyright>
<metadata>
<codes class="bip:countries:1.0">
  <code code="USA">
    <editdetail attribution="Reuters BIP Coding Group" action="confirmed" date="1997-02-10"/>
  </code>
</codes>
<codes class="bip:industries:1.0">
  <code code="I61000">
    <editdetail attribution="Reuters BIP Coding Group" action="confirmed" date="1997-02-10"/>
  </code>
  <code code="I79020">
    <editdetail attribution="Reuters BIP Coding Group" action="confirmed" date="1997-02-10"/>
  </code>
</codes>
<codes class="bip:topics:1.0">
  <code code="C33">
    <editdetail attribution="Reuters BIP Coding Group" action="confirmed" date="1997-02-10"/>
  </code>
  <code code="CCAT">
    <editdetail attribution="Reuters BIP Coding Group" action="confirmed" date="1997-02-10"/>
  </code>
</codes>
<dc element="dc.date.created" value="1997-02-10"/>
<dc element="dc.publisher" value="Reuters Holdings Plc"/>
<dc element="dc.date.published" value="1997-02-10"/>
<dc element="dc.source" value="Reuters"/>
<dc element="dc.creator.location" value="INDIANAPOLIS"/>
<dc element="dc.creator.location.country.name" value="USA"/>
<dc element="dc.source" value="Reuters"/>
</metadata>
</newsitem>
