<?xml version="1.0" encoding="iso-8859-1" ?>
<newsitem itemid="329490" id="root" date="1997-01-23" xml:lang="en">
<title>MALAYSIA: Malaysia manufacturing output up 12.8 pct in 1996.</title>
<headline>Malaysia manufacturing output up 12.8 pct in 1996.</headline>
<dateline>KUALA LUMPUR 1997-01-23</dateline>
<text>
<p>Malaysia's manufacturing output grew by an estimated 12.8 percent last year against 14.5 percent in 1995, the Minister for International Trade and Industry Rafidah Aziz said on Thursday.</p>
<p>The manufacturing sector contributed 34.5 percent to the country's gross domestic product in 1996 against 33.1 percent in the previous year, the minister said at an annual briefing for industrialists and diplomats.  </p>
<p>Rafidah said investment in the manufacturing sector last year was 41.7 billion ringgit against 26.9 billion in 1995.</p>
<p>Malaysia's manufactured exports grew by a slower 5.8 percent against 22.9 percent in 1995, she said.</p>
<p>&quot;The manufacturing sector was the lead growth sector followed by the construction and services sector,&quot; she said.</p>
<p>&quot;The moderation in manufacturing output in 1996 was due to deceleration in the growth of some export oriented industries, particularly electronics, due to a softening of external demand,&quot; the minister said.</p>
</text>
<copyright>(c) Reuters Limited 1997</copyright>
<metadata>
<codes class="bip:countries:1.0">
  <code code="MALAY">
    <editdetail attribution="Reuters BIP Coding Group" action="confirmed" date="1997-01-23"/>
  </code>
</codes>
<codes class="bip:topics:1.0">
  <code code="E31">
    <editdetail attribution="Reuters BIP Coding Group" action="confirmed" date="1997-01-23"/>
  </code>
  <code code="E311">
    <editdetail attribution="Reuters BIP Coding Group" action="confirmed" date="1997-01-23"/>
  </code>
  <code code="ECAT">
    <editdetail attribution="Reuters BIP Coding Group" action="confirmed" date="1997-01-23"/>
  </code>
</codes>
<dc element="dc.date.created" value="1997-01-23"/>
<dc element="dc.publisher" value="Reuters Holdings Plc"/>
<dc element="dc.date.published" value="1997-01-23"/>
<dc element="dc.source" value="Reuters"/>
<dc element="dc.creator.location" value="KUALA LUMPUR"/>
<dc element="dc.creator.location.country.name" value="MALAYSIA"/>
<dc element="dc.source" value="Reuters"/>
</metadata>
</newsitem>
