<?xml version="1.0" encoding="iso-8859-1" ?>
<newsitem itemid="561093" id="root" date="1997-05-05" xml:lang="en">
<title>GREECE: SCHEDULE ON GREEK CORPORATE BRIEFING.</title>
<headline>SCHEDULE ON GREEK CORPORATE BRIEFING.</headline>
<dateline>ATHENS 1997-05-05</dateline>
<text>
<p>Corporate briefing of Greek institutional investors continues with Yalco, the household goods retailer, metals trader Mytilineos and General Commerce, the power tools wholesaler, on Wednesday.</p>
<p>The presentations are part of regular briefings over the fundamentals and business plans of listed Greek companies held on a weekly basis.</p>
<p>A total of 39 Greek listed companies has come under the scrutiny of Greek institutional investors since Dec 18, 1996.</p>
<p>Around 30 more are slated for a presentation in the coming months.</p>
<p>The schedule for the coming weeks is as follows:</p>
<p>	  May 7, 1997     Yalco SA</p>
<p>				Mytilineos SA</p>
<p>				General Commerce SA</p>
<p>	 May 14, 1997     Viohalko SA</p>
<p>				Hellenic Cables SA</p>
<p>--Angelos Kiosklis, Athens Newsroom +301-3311812-4</p>
</text>
<copyright>(c) Reuters Limited 1997</copyright>
<metadata>
<codes class="bip:countries:1.0">
  <code code="GREECE">
    <editdetail attribution="Reuters BIP Coding Group" action="confirmed" date="1997-05-05"/>
  </code>
</codes>
<codes class="bip:industries:1.0">
  <code code="I22460">
    <editdetail attribution="Reuters BIP Coding Group" action="confirmed" date="1997-05-05"/>
  </code>
  <code code="I34100">
    <editdetail attribution="Reuters BIP Coding Group" action="confirmed" date="1997-05-05"/>
  </code>
  <code code="I61000">
    <editdetail attribution="Reuters BIP Coding Group" action="confirmed" date="1997-05-05"/>
  </code>
  <code code="I63000">
    <editdetail attribution="Reuters BIP Coding Group" action="confirmed" date="1997-05-05"/>
  </code>
</codes>
<codes class="bip:topics:1.0">
  <code code="CCAT">
    <editdetail attribution="Reuters BIP Coding Group" action="confirmed" date="1997-05-05"/>
  </code>
</codes>
<dc element="dc.date.created" value="1997-05-05"/>
<dc element="dc.publisher" value="Reuters Holdings Plc"/>
<dc element="dc.date.published" value="1997-05-05"/>
<dc element="dc.source" value="Reuters"/>
<dc element="dc.creator.location" value="ATHENS"/>
<dc element="dc.creator.location.country.name" value="GREECE"/>
<dc element="dc.source" value="Reuters"/>
</metadata>
</newsitem>
