<?xml version="1.0" encoding="iso-8859-1" ?>
<newsitem itemid="664993" id="root" date="1997-06-16" xml:lang="en">
<title>JAPAN: Tsuzuki Denki -96/97 group results.</title>
<headline>Tsuzuki Denki -96/97 group results.</headline>
<dateline>TOKYO 1997-06-16</dateline>
<text>
<p>Year to March 31, 1997</p>
<p> (Group)	(in billions of yen unless specified)</p>
<p> Sales		121.20		vs	  102.76</p>
<p> Operating	    3.02		vs	    2.49</p>
<p> Current		2.85		vs	    1.98</p>
<p> Net		  662    million	  vs	  255    million</p>
<p> EPS		   26.07 yen	  vs	   10.04 yen</p>
<p> Diluted EPS	     -		vs		 -</p>
<p>NOTE - Tsuzuki Denki Co Ltd is a dealer of communications and electronic equipment.</p>
</text>
<copyright>(c) Reuters Limited 1997</copyright>
<metadata>
<codes class="bip:countries:1.0">
  <code code="JAP">
    <editdetail attribution="Reuters BIP Coding Group" action="confirmed" date="1997-06-16"/>
  </code>
</codes>
<codes class="bip:industries:1.0">
  <code code="I61000">
    <editdetail attribution="Reuters BIP Coding Group" action="confirmed" date="1997-06-16"/>
  </code>
</codes>
<codes class="bip:topics:1.0">
  <code code="C15">
    <editdetail attribution="Reuters BIP Coding Group" action="confirmed" date="1997-06-16"/>
  </code>
  <code code="C151">
    <editdetail attribution="Reuters BIP Coding Group" action="confirmed" date="1997-06-16"/>
  </code>
  <code code="C1511">
    <editdetail attribution="Reuters BIP Coding Group" action="confirmed" date="1997-06-16"/>
  </code>
  <code code="CCAT">
    <editdetail attribution="Reuters BIP Coding Group" action="confirmed" date="1997-06-16"/>
  </code>
</codes>
<dc element="dc.date.created" value="1997-06-16"/>
<dc element="dc.publisher" value="Reuters Holdings Plc"/>
<dc element="dc.date.published" value="1997-06-16"/>
<dc element="dc.source" value="Reuters"/>
<dc element="dc.creator.location" value="TOKYO"/>
<dc element="dc.creator.location.country.name" value="JAPAN"/>
<dc element="dc.source" value="Reuters"/>
</metadata>
</newsitem>
