<?xml version="1.0" encoding="iso-8859-1" ?>
<newsitem itemid="473476" id="root" date="1997-03-27" xml:lang="en">
<title>FINLAND: LONGER HELIBOR INTEREST RATES FALL AT FIX.</title>
<headline>LONGER HELIBOR INTEREST RATES FALL AT FIX.</headline>
<dateline>HELSINKI 1997-03-27</dateline>
<text>
<p>Longer Helibor interest rates</p>
<p>fell at the Bank of Finland's daily fixing on Thursday. The</p>
<p>three-month rate was unchanged at 3.08 percent.</p>
<p>			  March 27 fix	  March 26 fix</p>
<p> 1-mth Helibor	   3.01 pct		3.01 pct</p>
<p> 2-mth Helibor	   3.05 pct		3.04 pct</p>
<p> 3-mth Helibor	   3.08 pct		3.08 pct</p>
<p> 6-mth Helibor	   3.22 pct		3.23 pct</p>
<p> 9-mth Helibor	   3.38 pct		3.39 pct</p>
<p> 12-mth Helibor	  3.54 pct		3.56 pct</p>
<p>-- Helsinki Newsroom +358-9-680 50 240, news@reuters.fi</p>
</text>
<copyright>(c) Reuters Limited 1997</copyright>
<metadata>
<codes class="bip:countries:1.0">
  <code code="FIN">
    <editdetail attribution="Reuters BIP Coding Group" action="confirmed" date="1997-03-27"/>
  </code>
</codes>
<codes class="bip:topics:1.0">
  <code code="E12">
    <editdetail attribution="Reuters BIP Coding Group" action="confirmed" date="1997-03-27"/>
  </code>
  <code code="ECAT">
    <editdetail attribution="Reuters BIP Coding Group" action="confirmed" date="1997-03-27"/>
  </code>
  <code code="M13">
    <editdetail attribution="Reuters BIP Coding Group" action="confirmed" date="1997-03-27"/>
  </code>
  <code code="M131">
    <editdetail attribution="Reuters BIP Coding Group" action="confirmed" date="1997-03-27"/>
  </code>
  <code code="MCAT">
    <editdetail attribution="Reuters BIP Coding Group" action="confirmed" date="1997-03-27"/>
  </code>
</codes>
<dc element="dc.date.created" value="1997-03-27"/>
<dc element="dc.publisher" value="Reuters Holdings Plc"/>
<dc element="dc.date.published" value="1997-03-27"/>
<dc element="dc.source" value="Reuters"/>
<dc element="dc.creator.location" value="HELSINKI"/>
<dc element="dc.creator.location.country.name" value="FINLAND"/>
<dc element="dc.source" value="Reuters"/>
</metadata>
</newsitem>
