<?xml version="1.0" encoding="iso-8859-1" ?>
<newsitem itemid="521478" id="root" date="1997-04-18" xml:lang="en">
<title>USA: BALANCE -- Georgia Housing at $570,000.</title>
<headline>BALANCE -- Georgia Housing at $570,000.</headline>
<text>
<p>GEORGIA HOUSING AND FINANCE AUTHORITY</p>
<p>RE: $35,000,000</p>
<p>SINGLE FAMILY MORTGAGE BONDS</p>
<p>1997 SERIES A</p>
<p>					   29,585,000.00</p>
<p>					SUBSERIES A-2 (AMT)</p>
<p>			     SUBJECT TO ALTERNATIVE MINIMUM TAX</p>
<p>    MOODY'S: Aa2		   S&amp;P: AA+</p>
<p>		 CONFIRMED		  COMFIRMED</p>
<p>Delivery Date: 05/01/1997 Expected</p>
<p>Maturity	   Balance     Coupon    List</p>
<p>12/01/2005B	    210M    5.40	100.00</p>
<p>12/01/2009B	    360M    5.75	100.00</p>
<p>  Total:		 570M</p>
<p>Goldman, Sachs &amp; Co.</p>
<p>Smith Barney Inc.</p>
<p>A.G. Edwards &amp; Sons, Inc.</p>
<p>Bear, Stearns &amp; Co. Inc.</p>
<p>Prudential Securities Incorporated</p>
<p>SunTrust Capital Markets, Inc.</p>
<p>--U.S. Municipal Desk, 212-859-1650</p>
</text>
<copyright>(c) Reuters Limited 1997</copyright>
<metadata>
<codes class="bip:countries:1.0">
  <code code="USA">
    <editdetail attribution="Reuters BIP Coding Group" action="confirmed" date="1997-04-18"/>
  </code>
</codes>
<codes class="bip:topics:1.0">
  <code code="E21">
    <editdetail attribution="Reuters BIP Coding Group" action="confirmed" date="1997-04-18"/>
  </code>
  <code code="E212">
    <editdetail attribution="Reuters BIP Coding Group" action="confirmed" date="1997-04-18"/>
  </code>
  <code code="ECAT">
    <editdetail attribution="Reuters BIP Coding Group" action="confirmed" date="1997-04-18"/>
  </code>
</codes>
<dc element="dc.publisher" value="Reuters Holdings Plc"/>
<dc element="dc.date.published" value="1997-04-18"/>
<dc element="dc.source" value="Reuters"/>
<dc element="dc.creator.location.country.name" value="USA"/>
<dc element="dc.source" value="Reuters"/>
</metadata>
</newsitem>
