<?xml version="1.0" encoding="iso-8859-1" ?>
<newsitem itemid="274740" id="root" date="1996-12-24" xml:lang="en">
<title>PERU: peaceful end sought to crisis.</title>
<headline>peaceful end sought to crisis.</headline>
<dateline>LIMA 1996-12-24</dateline>
<text>
<p>Peru's President Alberto Fujimori assured Pope John Paul II in a letter released on Tuesday that he was making every effort to bring the hostage crisis at the Japanese ambassador's residence to a peaceful end.</p>
<p>&quot;Your Holiness can be sure that I will continue making the greatest efforts to ensure that this problem is overcome through peaceful means,&quot; Fujimori wrote in the letter, dated Dec. 23.</p>
<p>The short letter thanked the pope for publicly criticising the Marxist rebels who stormed a cocktail party on Dec. 17, taking hundreds of VIP guests hostage.</p>
<p>&quot;I cannot help but criticise such a cruel and immoral type of coercion,&quot; the pope told pilgrims at St. Peter's Square in his weekly Angelus message on Sunday. &quot;Violence does not construct the future of a people,&quot; he added, speaking in Spanish.</p>
<p>Fujimori has taken a hard line in the hostage crisis, refusing to bow to demands made by rebels belonging to the Tupac Amaru Revolutionary Movement (MRTA) that he free 400 of their jailed comrades.</p>
<p>Roughly 20 heavily armed guerrillas continued on Tuesday to hold about 140 hostages, including the president's brother Pedro Fujimori, two Peruvian government ministers and about 30 Japanese businessmen.</p>
</text>
<copyright>(c) Reuters Limited 1996</copyright>
<metadata>
<codes class="bip:countries:1.0">
  <code code="JAP">
    <editdetail attribution="Reuters BIP Coding Group" action="confirmed" date="1996-12-24"/>
  </code>
  <code code="PERU">
    <editdetail attribution="Reuters BIP Coding Group" action="confirmed" date="1996-12-24"/>
  </code>
</codes>
<codes class="bip:topics:1.0">
  <code code="GCAT">
    <editdetail attribution="Reuters BIP Coding Group" action="confirmed" date="1996-12-24"/>
  </code>
  <code code="GREL">
    <editdetail attribution="Reuters BIP Coding Group" action="confirmed" date="1996-12-24"/>
  </code>
  <code code="GVIO">
    <editdetail attribution="Reuters BIP Coding Group" action="confirmed" date="1996-12-24"/>
  </code>
</codes>
<dc element="dc.date.created" value="1996-12-24"/>
<dc element="dc.publisher" value="Reuters Holdings Plc"/>
<dc element="dc.date.published" value="1996-12-24"/>
<dc element="dc.source" value="Reuters"/>
<dc element="dc.creator.location" value="LIMA"/>
<dc element="dc.creator.location.country.name" value="PERU"/>
<dc element="dc.source" value="Reuters"/>
</metadata>
</newsitem>
