<?xml version="1.0" encoding="iso-8859-1" ?>
<newsitem itemid="644958" id="root" date="1997-06-06" xml:lang="en">
<title>GERMANY: Holzmann says selling Tilbury stake.</title>
<headline>Holzmann says selling Tilbury stake.</headline>
<dateline>FRANKFURT 1997-06-06</dateline>
<text>
<p>German building group Philipp Holzmann AG said it was selling its 29.46 percent stake in Britain's Tilbury Douglas Plc.</p>
<p>It said the sale was part of Holzmann's bid to reorganise its investment portfolio and the restructuring of the German company. The sale was taking place in agreement with Tilbury Douglas, it said.</p>
<p>&quot;The existing good cooperation between Philipp Holzmann and Tilbury Douglas will not be affected by the sale of the stake,&quot; the statement said.</p>
<p>It gave no further details.</p>
</text>
<copyright>(c) Reuters Limited 1997</copyright>
<metadata>
<codes class="bip:countries:1.0">
  <code code="GFR">
    <editdetail attribution="Reuters BIP Coding Group" action="confirmed" date="1997-06-06"/>
  </code>
  <code code="UK">
    <editdetail attribution="Reuters BIP Coding Group" action="confirmed" date="1997-06-06"/>
  </code>
</codes>
<codes class="bip:industries:1.0">
  <code code="I50000">
    <editdetail attribution="Reuters BIP Coding Group" action="confirmed" date="1997-06-06"/>
  </code>
  <code code="I50200">
    <editdetail attribution="Reuters BIP Coding Group" action="confirmed" date="1997-06-06"/>
  </code>
</codes>
<codes class="bip:topics:1.0">
  <code code="C18">
    <editdetail attribution="Reuters BIP Coding Group" action="confirmed" date="1997-06-06"/>
  </code>
  <code code="C181">
    <editdetail attribution="Reuters BIP Coding Group" action="confirmed" date="1997-06-06"/>
  </code>
  <code code="CCAT">
    <editdetail attribution="Reuters BIP Coding Group" action="confirmed" date="1997-06-06"/>
  </code>
</codes>
<dc element="dc.date.created" value="1997-06-06"/>
<dc element="dc.publisher" value="Reuters Holdings Plc"/>
<dc element="dc.date.published" value="1997-06-06"/>
<dc element="dc.source" value="Reuters"/>
<dc element="dc.creator.location" value="FRANKFURT"/>
<dc element="dc.creator.location.country.name" value="GERMANY"/>
<dc element="dc.source" value="Reuters"/>
</metadata>
</newsitem>
