<?xml version="1.0" encoding="iso-8859-1" ?>
<newsitem itemid="491728" id="root" date="1997-04-07" xml:lang="en">
<title>USA: Good Guys Q2 same-store sales drop.</title>
<headline>Good Guys Q2 same-store sales drop.</headline>
<dateline>SAN FRANCISCO 1997-04-07</dateline>
<text>
<p>Percent change</p>
<p>				1997    1996   Total   Same-store</p>
<p> Quarter		  $ 205.1 $ 210.4   -3	  -9</p>
<p> Six-months		 491.7   517.1   -5	  -11</p>
<p>--Full company name is Good Guys Inc.</p>
</text>
<copyright>(c) Reuters Limited 1997</copyright>
<metadata>
<codes class="bip:countries:1.0">
  <code code="USA">
    <editdetail attribution="Reuters BIP Coding Group" action="confirmed" date="1997-04-07"/>
  </code>
</codes>
<codes class="bip:industries:1.0">
  <code code="I65400">
    <editdetail attribution="Reuters BIP Coding Group" action="confirmed" date="1997-04-07"/>
  </code>
</codes>
<codes class="bip:topics:1.0">
  <code code="C31">
    <editdetail attribution="Reuters BIP Coding Group" action="confirmed" date="1997-04-07"/>
  </code>
  <code code="CCAT">
    <editdetail attribution="Reuters BIP Coding Group" action="confirmed" date="1997-04-07"/>
  </code>
</codes>
<dc element="dc.date.created" value="1997-04-07"/>
<dc element="dc.publisher" value="Reuters Holdings Plc"/>
<dc element="dc.date.published" value="1997-04-07"/>
<dc element="dc.source" value="Reuters"/>
<dc element="dc.creator.location" value="SAN FRANCISCO"/>
<dc element="dc.creator.location.country.name" value="USA"/>
<dc element="dc.source" value="Reuters"/>
</metadata>
</newsitem>
