<?xml version="1.0" encoding="iso-8859-1" ?>
<newsitem itemid="656100" id="root" date="1997-06-12" xml:lang="en">
<title>MEXICO: Banorte mulls bid for Aseguradora Obrera.</title>
<headline>Banorte mulls bid for Aseguradora Obrera.</headline>
<dateline>MONTERREY, Mexico 1997-06-12</dateline>
<text>
<p>Grupo Financiero Banorte is eyeing insurer Aseguradora Obrera and may make a bid, a top executive said on Thursday.</p>
<p>&quot;The process of studying the purchase of Aseguradora Obrera is very advanced. Its owners, who are the unions, are keen to get out of that sector, so they want to sell it and Banorte is interested,&quot; Manuel Sescosse, director general of marketing at Banorte, told reporters.</p>
<p>Othon Ruiz Montemayor, director general of the banking group, recently expressed interest in the insurance business, saying it would complement the fledling private pension system that Banorte is involved in.</p>
<p>He said he was looking at commercial insurance and life insurance possibilities.</p>
<p>Aseguradora Obrera is run by petrochemical, sugar, electricity and broadcast unions.</p>
<p>((-- Jacqueline Lerma, Monterrey bureau +528 3457677))</p>
</text>
<copyright>(c) Reuters Limited 1997</copyright>
<metadata>
<codes class="bip:countries:1.0">
  <code code="MEX">
    <editdetail attribution="Reuters BIP Coding Group" action="confirmed" date="1997-06-12"/>
  </code>
</codes>
<codes class="bip:industries:1.0">
  <code code="I81402">
    <editdetail attribution="Reuters BIP Coding Group" action="confirmed" date="1997-06-12"/>
  </code>
</codes>
<codes class="bip:topics:1.0">
  <code code="C18">
    <editdetail attribution="Reuters BIP Coding Group" action="confirmed" date="1997-06-12"/>
  </code>
  <code code="C181">
    <editdetail attribution="Reuters BIP Coding Group" action="confirmed" date="1997-06-12"/>
  </code>
  <code code="CCAT">
    <editdetail attribution="Reuters BIP Coding Group" action="confirmed" date="1997-06-12"/>
  </code>
</codes>
<dc element="dc.date.created" value="1997-06-12"/>
<dc element="dc.publisher" value="Reuters Holdings Plc"/>
<dc element="dc.date.published" value="1997-06-12"/>
<dc element="dc.source" value="Reuters"/>
<dc element="dc.creator.location" value="MONTERREY, Mexico"/>
<dc element="dc.creator.location.country.name" value="MEXICO"/>
<dc element="dc.source" value="Reuters"/>
</metadata>
</newsitem>
