<?xml version="1.0" encoding="iso-8859-1" ?>
<newsitem itemid="286413" id="root" date="1997-01-03" xml:lang="en">
<title>FINLAND: Raisio says new Benecol plant on stream.</title>
<headline>Raisio says new Benecol plant on stream.</headline>
<dateline>HELSINKI 1997-01-03</dateline>
<text>
<p>Finnish food, animal feed and chemicals group Raision Tehtaat Oy Ab said on Friday a new manufacturing plant for the active ingredient in its Benecol cholesterol-cutting margarine had come on stream as planned.</p>
<p>&quot;It is estimated that the recently completed plant will produce enough of Benecol's active ingredient not only to satisfy Finnish demand but also to allow exporting to begin,&quot; Raisio said in a statement.</p>
<p>Raisio said plans had also been made for a second unit to produce the stanol ester ingredient.  </p>
<p>&quot;As announced earlier, both new units will be in use by January 1998,&quot; Raisio said, adding that its annual stanol ester capacity will then be 2,000 tonnes.</p>
<p>-- Helsinki newsroom +358-9-6805 0245</p>
</text>
<copyright>(c) Reuters Limited 1997</copyright>
<metadata>
<codes class="bip:countries:1.0">
  <code code="FIN">
    <editdetail attribution="Reuters BIP Coding Group" action="confirmed" date="1997-01-03"/>
  </code>
</codes>
<codes class="bip:industries:1.0">
  <code code="I41000">
    <editdetail attribution="Reuters BIP Coding Group" action="confirmed" date="1997-01-03"/>
  </code>
</codes>
<codes class="bip:topics:1.0">
  <code code="C24">
    <editdetail attribution="Reuters BIP Coding Group" action="confirmed" date="1997-01-03"/>
  </code>
  <code code="CCAT">
    <editdetail attribution="Reuters BIP Coding Group" action="confirmed" date="1997-01-03"/>
  </code>
</codes>
<dc element="dc.date.created" value="1997-01-03"/>
<dc element="dc.publisher" value="Reuters Holdings Plc"/>
<dc element="dc.date.published" value="1997-01-03"/>
<dc element="dc.source" value="Reuters"/>
<dc element="dc.creator.location" value="HELSINKI"/>
<dc element="dc.creator.location.country.name" value="FINLAND"/>
<dc element="dc.source" value="Reuters"/>
</metadata>
</newsitem>
