<?xml version="1.0" encoding="iso-8859-1" ?>
<newsitem itemid="388325" id="root" date="1997-02-19" xml:lang="en">
<title>USA: CBOT deliverable grain stocks.</title>
<headline>CBOT deliverable grain stocks.</headline>
<dateline>CHICAGO 1997-02-19</dateline>
<text>
<p>CBOT reported the following deliverable stocks of grain, as of Friday, Feb 14, 1997.</p>
<p>(in 000's of bushels, Arkansas rice in 000's CWT)</p>
<p>Location	     WHEAT     CORN  SOYBEANS     OATS     RICE</p>
<p>Chicago		  110	 89	 306	  0	  0</p>
<p>Toledo/Maumee	4,791    4,828     2,018	  0	  0</p>
<p>St Louis	     1,058	575	 347	  0	  0</p>
<p>Minneapolis		0	  0	   0    9,482	  0</p>
<p>Arkansas		   0	  0	   0	  0   12,102</p>
<p>TOTALS		 5,959    5,492     2,671    9,482   12,102</p>
</text>
<copyright>(c) Reuters Limited 1997</copyright>
<metadata>
<codes class="bip:countries:1.0">
  <code code="USA">
    <editdetail attribution="Reuters BIP Coding Group" action="confirmed" date="1997-02-19"/>
  </code>
</codes>
<codes class="bip:topics:1.0">
  <code code="M14">
    <editdetail attribution="Reuters BIP Coding Group" action="confirmed" date="1997-02-19"/>
  </code>
  <code code="M141">
    <editdetail attribution="Reuters BIP Coding Group" action="confirmed" date="1997-02-19"/>
  </code>
  <code code="MCAT">
    <editdetail attribution="Reuters BIP Coding Group" action="confirmed" date="1997-02-19"/>
  </code>
</codes>
<dc element="dc.date.created" value="1997-02-19"/>
<dc element="dc.publisher" value="Reuters Holdings Plc"/>
<dc element="dc.date.published" value="1997-02-19"/>
<dc element="dc.source" value="Reuters"/>
<dc element="dc.creator.location" value="CHICAGO"/>
<dc element="dc.creator.location.country.name" value="USA"/>
<dc element="dc.source" value="Reuters"/>
</metadata>
</newsitem>
