<?xml version="1.0" encoding="iso-8859-1" ?>
<newsitem itemid="150856" id="root" date="1996-10-29" xml:lang="en">
<title>AUSTRIA: VA Tech cuts stake in VA Stahl.</title>
<headline>VA Tech cuts stake in VA Stahl.</headline>
<dateline>VIENNA 1996-10-29</dateline>
<text>
<p>Austrian engineering group VA Technologie said on Tuesday it had cut its stake in VA Stahl to 19.9 percent, in line with its strategy to gradually reduce its investment in the steel maker.</p>
<p>The company said it had sold 124,000 shares of VA Stahl. At current market prices, the stake was worth 43.5 million schillings. -- Vienna newsroom +431 53112 274</p>
</text>
<copyright>(c) Reuters Limited 1996</copyright>
<metadata>
<codes class="bip:countries:1.0">
  <code code="AUST">
    <editdetail attribution="Reuters BIP Coding Group" action="confirmed" date="1996-10-29"/>
  </code>
</codes>
<codes class="bip:industries:1.0">
  <code code="I22100">
    <editdetail attribution="Reuters BIP Coding Group" action="confirmed" date="1996-10-29"/>
  </code>
  <code code="I34000">
    <editdetail attribution="Reuters BIP Coding Group" action="confirmed" date="1996-10-29"/>
  </code>
</codes>
<codes class="bip:topics:1.0">
  <code code="C18">
    <editdetail attribution="Reuters BIP Coding Group" action="confirmed" date="1996-10-29"/>
  </code>
  <code code="C181">
    <editdetail attribution="Reuters BIP Coding Group" action="confirmed" date="1996-10-29"/>
  </code>
  <code code="CCAT">
    <editdetail attribution="Reuters BIP Coding Group" action="confirmed" date="1996-10-29"/>
  </code>
</codes>
<dc element="dc.date.created" value="1996-10-29"/>
<dc element="dc.publisher" value="Reuters Holdings Plc"/>
<dc element="dc.date.published" value="1996-10-29"/>
<dc element="dc.source" value="Reuters"/>
<dc element="dc.creator.location" value="VIENNA"/>
<dc element="dc.creator.location.country.name" value="AUSTRIA"/>
<dc element="dc.source" value="Reuters"/>
</metadata>
</newsitem>
