<?xml version="1.0" encoding="iso-8859-1" ?>
<newsitem itemid="669502" id="root" date="1997-06-18" xml:lang="en">
<title>SOUTH AFRICA: S.Africa minister says privatisation not a panacea.</title>
<headline>S.Africa minister says privatisation not a panacea.</headline>
<dateline>CAPE TOWN 1997-06-18</dateline>
<text>
<p>Privatisation should not be seen as a panacea for all South Africa's inherited social and economic imbalances, Deputy Finance Minister Gill Marcus said on Wednesday.</p>
<p>&quot;It is widely recognised that government alone cannot bear the entire responsibility of providing housing, infrastructure and other basic services,&quot; Marcus said in a mini-debate in the national assembly.</p>
<p>She said that government would be looking at public-private sector partnerships in the provision of basic services, particularly in relation to local needs.</p>
<p>&quot;This is not seen simply as a panacea for all ills but as a way of building partnerships to enable different sectors to gain access to a wider range of services, skills and resources,&quot; Marcus said.</p>
<p>She noted that government had wider responsibilities than the private sector with its primary focus on financial returns, especially with regard to poor people who had little monetary power.</p>
<p>Government's role was to provide the legal, fiscal and regulatory framework needed to galvanise resources and meet demand, she said.</p>
<p>&quot;We are looking at restructuring state assets, not simply privatisation...&quot;</p>
<p>She said the proceeds of privatisation would be used to retire state debt, expand services, ensure technological and skills transfer, or a combination of any of these.</p>
<p>-- Parliamentary newsroom +27 21 403-2502</p>
</text>
<copyright>(c) Reuters Limited 1997</copyright>
<metadata>
<codes class="bip:countries:1.0">
  <code code="SAFR">
    <editdetail attribution="Reuters BIP Coding Group" action="confirmed" date="1997-06-18"/>
  </code>
</codes>
<codes class="bip:topics:1.0">
  <code code="C18">
    <editdetail attribution="Reuters BIP Coding Group" action="confirmed" date="1997-06-18"/>
  </code>
  <code code="C183">
    <editdetail attribution="Reuters BIP Coding Group" action="confirmed" date="1997-06-18"/>
  </code>
  <code code="CCAT">
    <editdetail attribution="Reuters BIP Coding Group" action="confirmed" date="1997-06-18"/>
  </code>
  <code code="E12">
    <editdetail attribution="Reuters BIP Coding Group" action="confirmed" date="1997-06-18"/>
  </code>
  <code code="ECAT">
    <editdetail attribution="Reuters BIP Coding Group" action="confirmed" date="1997-06-18"/>
  </code>
  <code code="GCAT">
    <editdetail attribution="Reuters BIP Coding Group" action="confirmed" date="1997-06-18"/>
  </code>
  <code code="GPOL">
    <editdetail attribution="Reuters BIP Coding Group" action="confirmed" date="1997-06-18"/>
  </code>
</codes>
<dc element="dc.date.created" value="1997-06-18"/>
<dc element="dc.publisher" value="Reuters Holdings Plc"/>
<dc element="dc.date.published" value="1997-06-18"/>
<dc element="dc.source" value="Reuters"/>
<dc element="dc.creator.location" value="CAPE TOWN"/>
<dc element="dc.creator.location.country.name" value="SOUTH AFRICA"/>
<dc element="dc.source" value="Reuters"/>
</metadata>
</newsitem>
