<?xml version="1.0" encoding="iso-8859-1" ?>
<newsitem itemid="463872" id="root" date="1997-03-24" xml:lang="en">
<title>USA: RESEARCH ALERT - Acuson upgraded.</title>
<headline>RESEARCH ALERT - Acuson upgraded.</headline>
<text>
<p>-- Deutsche Morgan Grenfell said it upgraded Acuson Corp to buy from accumulate.</p>
<p>-- In a report, it cited the stock's price and said the company's &quot;earnings power&quot; could be significantly higher than the brokerage's 1998 earnings per share estimate of $1.05, &quot;although it may be too soon in the company's new product cycle to definitively tell.&quot;</p>
<p>-- It estimates the company will earn $0.70 a share in 1997.</p>
<p>-- The stock was up 1/2 to 25.</p>
</text>
<copyright>(c) Reuters Limited 1997</copyright>
<metadata>
<codes class="bip:countries:1.0">
  <code code="USA">
    <editdetail attribution="Reuters BIP Coding Group" action="confirmed" date="1997-03-24"/>
  </code>
</codes>
<codes class="bip:industries:1.0">
  <code code="I37200">
    <editdetail attribution="Reuters BIP Coding Group" action="confirmed" date="1997-03-24"/>
  </code>
</codes>
<codes class="bip:topics:1.0">
  <code code="C15">
    <editdetail attribution="Reuters BIP Coding Group" action="confirmed" date="1997-03-24"/>
  </code>
  <code code="C152">
    <editdetail attribution="Reuters BIP Coding Group" action="confirmed" date="1997-03-24"/>
  </code>
  <code code="CCAT">
    <editdetail attribution="Reuters BIP Coding Group" action="confirmed" date="1997-03-24"/>
  </code>
</codes>
<dc element="dc.publisher" value="Reuters Holdings Plc"/>
<dc element="dc.date.published" value="1997-03-24"/>
<dc element="dc.source" value="Reuters"/>
<dc element="dc.creator.location.country.name" value="USA"/>
<dc element="dc.source" value="Reuters"/>
</metadata>
</newsitem>
