<?xml version="1.0" encoding="iso-8859-1" ?>
<newsitem itemid="696683" id="root" date="1997-06-30" xml:lang="en">
<title>USA: TABLE - Besicorp FY profit vs loss.</title>
<headline>TABLE - Besicorp FY profit vs loss.</headline>
<dateline>KINGSTON, N.Y. 1997-06-30</dateline>
<text>
<p>Year Ended March 31,</p>
<p>						   1997	   1996</p>
<p> Revenues			     $14,567,551   $ 8,079,519</p>
<p> Net Income (Loss)		    1,173,722   (2,478,319)</p>
<p> Income (Loss) per Common Share	   .40	   (.84)</p>
<p>Weighted Number of Shares</p>
<p>   Outstanding (in Thousands)	   2,916	   2,938</p>
<p>NOTE: Besicorp Group Inc.</p>
<p>((-- New York Newsdesk  212-859-1610))</p>
</text>
<copyright>(c) Reuters Limited 1997</copyright>
<metadata>
<codes class="bip:countries:1.0">
  <code code="USA">
    <editdetail attribution="Reuters BIP Coding Group" action="confirmed" date="1997-06-30"/>
  </code>
</codes>
<codes class="bip:industries:1.0">
  <code code="I16100">
    <editdetail attribution="Reuters BIP Coding Group" action="confirmed" date="1997-06-30"/>
  </code>
</codes>
<codes class="bip:topics:1.0">
  <code code="C15">
    <editdetail attribution="Reuters BIP Coding Group" action="confirmed" date="1997-06-30"/>
  </code>
  <code code="C151">
    <editdetail attribution="Reuters BIP Coding Group" action="confirmed" date="1997-06-30"/>
  </code>
  <code code="C1511">
    <editdetail attribution="Reuters BIP Coding Group" action="confirmed" date="1997-06-30"/>
  </code>
  <code code="CCAT">
    <editdetail attribution="Reuters BIP Coding Group" action="confirmed" date="1997-06-30"/>
  </code>
</codes>
<dc element="dc.date.created" value="1997-06-30"/>
<dc element="dc.publisher" value="Reuters Holdings Plc"/>
<dc element="dc.date.published" value="1997-06-30"/>
<dc element="dc.source" value="Reuters"/>
<dc element="dc.creator.location" value="KINGSTON, N.Y."/>
<dc element="dc.creator.location.country.name" value="USA"/>
<dc element="dc.source" value="Reuters"/>
</metadata>
</newsitem>
