<?xml version="1.0" encoding="iso-8859-1" ?>
<newsitem itemid="202302" id="root" date="1996-11-20" xml:lang="en">
<title>TAJIKISTAN: Tajikistan making progress in inflation battle - IMF.</title>
<headline>Tajikistan making progress in inflation battle - IMF.</headline>
<dateline>DUSHANBE 1996-11-20</dateline>
<text>
<p>The head of an International Monetary Fund mission to Tajikistan said on Monday the remote, war-torn country bordering Afghanistan had made important progress in battling inflation.</p>
<p>&quot;The rate of inflation has declined significantly,&quot; Luis Valdivieso, IMF mission chief to the former Soviet republic, told Reuters in an interview in the Tajik capital Dushanbe.</p>
<p>&quot;It is significantly lower than we had anticipated in the programme,&quot; Valdivieso said.</p>
<p>He said lower inflation, which he predicted at around 60-65 percent for 1996, reflected a fall in prices for basic goods such as bread.</p>
<p>Under IMF guidance, Tajikistan planned to slash inflation to 183 percent from 2,223 percent in 1995.</p>
<p>The Fund lent Tajikistan $22 million in May to help stabilise the currency, the Tajik rouble, the first tranche of an $88 million credit earmarked for the republic.</p>
<p>&quot;There have also been significant improvements in credit and fiscal policies and this is an important development considering the difficult general situation in the country,&quot; Valdivieso said.</p>
<p>Economic reform in Tajikistan has been set back by a bitter four-year civil war in which tens of thousands of people have been killed and many more displaced.</p>
<p>--Almaty Newsroom, +7 3272 509410</p>
</text>
<copyright>(c) Reuters Limited 1996</copyright>
<metadata>
<codes class="bip:countries:1.0">
  <code code="TADZK">
    <editdetail attribution="Reuters BIP Coding Group" action="confirmed" date="1996-11-20"/>
  </code>
</codes>
<codes class="bip:topics:1.0">
  <code code="E12">
    <editdetail attribution="Reuters BIP Coding Group" action="confirmed" date="1996-11-20"/>
  </code>
  <code code="E13">
    <editdetail attribution="Reuters BIP Coding Group" action="confirmed" date="1996-11-20"/>
  </code>
  <code code="E131">
    <editdetail attribution="Reuters BIP Coding Group" action="confirmed" date="1996-11-20"/>
  </code>
  <code code="ECAT">
    <editdetail attribution="Reuters BIP Coding Group" action="confirmed" date="1996-11-20"/>
  </code>
</codes>
<dc element="dc.date.created" value="1996-11-20"/>
<dc element="dc.publisher" value="Reuters Holdings Plc"/>
<dc element="dc.date.published" value="1996-11-20"/>
<dc element="dc.source" value="Reuters"/>
<dc element="dc.creator.location" value="DUSHANBE"/>
<dc element="dc.creator.location.country.name" value="TAJIKISTAN"/>
<dc element="dc.source" value="Reuters"/>
</metadata>
</newsitem>
