<?xml version="1.0" encoding="iso-8859-1" ?>
<newsitem itemid="350540" id="root" date="1997-02-03" xml:lang="en">
<title>POLAND: COMPUTERLAND Q4 NET RISES TO PLN 3.8 MLN.</title>
<headline>COMPUTERLAND Q4 NET RISES TO PLN 3.8 MLN.</headline>
<dateline>WARSAW 1997-02-03</dateline>
<text>
<p>Computerland results for the</p>
<p>fourth quarter ending December 31, 1996.</p>
<p>(Figures in millions of zlotys unless stated)</p>
<p>						Q4 1996     Q4 1995</p>
<p>    operating profit			 6.21 vs    4.33</p>
<p>    pre-tax profit			   6.73 vs    4.48</p>
<p>    net profit				 3.76 vs    2.66</p>
<p>NOTE - Full company name is Computerland SA.</p>
<p>    net sales				 63.97 vs   42.18</p>
<p>    costs of sales			  48.13 vs   32.16</p>
<p>    extraordinary	 loss	     0.02 vs    0.00</p>
<p>    income tax				 2.81 vs    1.67</p>
<p>    other taxes				0.17 vs    0.15</p>
<p>    financial revenues		    49.18 vs    1.54</p>
<p>    financial costs			 48.64 vs    1.39</p>
<p>    investment				 1.28 vs    3.16</p>
<p>JANUARY-DECEMBER</p>
<p>    operating profit			16.91 vs    9.96</p>
<p>    pre-tax profit			  18.80 vs   10.81</p>
<p>    net profit				11.23 vs    6.38</p>
<p>    net sales				173.33 vs  102.10</p>
<p>    costs of sales			 129.43 vs   77.38</p>
<p>    extraordinary		 loss     0.01 vs    0.01 profit</p>
<p>    income tax				7.28  vs    3.85</p>
<p>    other taxes			     0.28  vs    0.57</p>
<p>    financial revenues		  109.73  vs    2.71</p>
<p>    financial costs		     107.83  vs    1.87</p>
<p>    investment				5.78  vs    4.83</p>
<p>-- Warsaw Newsroom +48 22 653 9700</p>
</text>
<copyright>(c) Reuters Limited 1997</copyright>
<metadata>
<codes class="bip:countries:1.0">
  <code code="POL">
    <editdetail attribution="Reuters BIP Coding Group" action="confirmed" date="1997-02-03"/>
  </code>
</codes>
<codes class="bip:industries:1.0">
  <code code="I61000">
    <editdetail attribution="Reuters BIP Coding Group" action="confirmed" date="1997-02-03"/>
  </code>
</codes>
<codes class="bip:topics:1.0">
  <code code="C15">
    <editdetail attribution="Reuters BIP Coding Group" action="confirmed" date="1997-02-03"/>
  </code>
  <code code="C151">
    <editdetail attribution="Reuters BIP Coding Group" action="confirmed" date="1997-02-03"/>
  </code>
  <code code="C1511">
    <editdetail attribution="Reuters BIP Coding Group" action="confirmed" date="1997-02-03"/>
  </code>
  <code code="CCAT">
    <editdetail attribution="Reuters BIP Coding Group" action="confirmed" date="1997-02-03"/>
  </code>
</codes>
<dc element="dc.date.created" value="1997-02-03"/>
<dc element="dc.publisher" value="Reuters Holdings Plc"/>
<dc element="dc.date.published" value="1997-02-03"/>
<dc element="dc.source" value="Reuters"/>
<dc element="dc.creator.location" value="WARSAW"/>
<dc element="dc.creator.location.country.name" value="POLAND"/>
<dc element="dc.source" value="Reuters"/>
</metadata>
</newsitem>
