<?xml version="1.0" encoding="iso-8859-1" ?>
<newsitem itemid="780486" id="root" date="1997-08-05" xml:lang="en">
<title>TAIWAN: Taiwan stocks end lower on tightening liquidity.</title>
<headline>Taiwan stocks end lower on tightening liquidity.</headline>
<dateline>TAIPEI 1997-08-05</dateline>
<text>
<p>Taiwan share prices closed sharply lower on Tuesday as tightening liquidity in the banking system threw caution into the stock market following its recent bull charge, brokers said.</p>
<p>The weighted index opened lower and sank throughout the session before closing 146.08 points or 1.45 percent down at 9,919.68 -- only slightly above the intra-day low of 9,914.10.</p>
<p>Turnover was relatively modest at T$189 billion.</p>
<p>Taiwan's overnight interbank rate soared to 7.499 percent on Monday against Saturday's 6.277 finish.</p>
</text>
<copyright>(c) Reuters Limited 1997</copyright>
<metadata>
<codes class="bip:countries:1.0">
  <code code="TAIWAN">
    <editdetail attribution="Reuters BIP Coding Group" action="confirmed" date="1997-08-05"/>
  </code>
</codes>
<codes class="bip:topics:1.0">
  <code code="M11">
    <editdetail attribution="Reuters BIP Coding Group" action="confirmed" date="1997-08-05"/>
  </code>
  <code code="MCAT">
    <editdetail attribution="Reuters BIP Coding Group" action="confirmed" date="1997-08-05"/>
  </code>
</codes>
<dc element="dc.date.created" value="1997-08-05"/>
<dc element="dc.publisher" value="Reuters Holdings Plc"/>
<dc element="dc.date.published" value="1997-08-05"/>
<dc element="dc.source" value="Reuters"/>
<dc element="dc.creator.location" value="TAIPEI"/>
<dc element="dc.creator.location.country.name" value="TAIWAN"/>
<dc element="dc.source" value="Reuters"/>
</metadata>
</newsitem>
