<?xml version="1.0" encoding="iso-8859-1" ?>
<newsitem itemid="667593" id="root" date="1997-06-17" xml:lang="en">
<title>GREECE: Athens bourse approves telecom OTE rights issue.</title>
<headline>Athens bourse approves telecom OTE rights issue.</headline>
<dateline>ATHENS 1997-06-17</dateline>
<text>
<p>The Athens stock exchange cleared the 189.9 billion drachma rights issue of telecom firm OTE, it said in a statement.</p>
<p>OTE will issue 31,649,915 new common registered shares, entitling shareholders to six new shares per 80 outstanding at 6,000 drachmas each.</p>
<p>Shares of OTE will trade ex-rights June 18, but part-floated shares through last week's institutional book-building and public offering will not participate in the rights issue.</p>
<p>The Greek state offers retail investors with small shareholdings -- less than 100 shares -- the option to purchase up to an additional four shares in order to acquire a minimum trading lot of ten shares, it said.</p>
<p>OTE will use proceeds to finance network digitalisation investments between 1997 and 2000, it said.</p>
<p>--Angelos Kiosklis, Athens Newsroom +301 3311812-4</p>
</text>
<copyright>(c) Reuters Limited 1997</copyright>
<metadata>
<codes class="bip:countries:1.0">
  <code code="GREECE">
    <editdetail attribution="Reuters BIP Coding Group" action="confirmed" date="1997-06-17"/>
  </code>
</codes>
<codes class="bip:industries:1.0">
  <code code="I79020">
    <editdetail attribution="Reuters BIP Coding Group" action="confirmed" date="1997-06-17"/>
  </code>
</codes>
<codes class="bip:topics:1.0">
  <code code="C17">
    <editdetail attribution="Reuters BIP Coding Group" action="confirmed" date="1997-06-17"/>
  </code>
  <code code="C171">
    <editdetail attribution="Reuters BIP Coding Group" action="confirmed" date="1997-06-17"/>
  </code>
  <code code="CCAT">
    <editdetail attribution="Reuters BIP Coding Group" action="confirmed" date="1997-06-17"/>
  </code>
</codes>
<dc element="dc.date.created" value="1997-06-17"/>
<dc element="dc.publisher" value="Reuters Holdings Plc"/>
<dc element="dc.date.published" value="1997-06-17"/>
<dc element="dc.source" value="Reuters"/>
<dc element="dc.creator.location" value="ATHENS"/>
<dc element="dc.creator.location.country.name" value="GREECE"/>
<dc element="dc.source" value="Reuters"/>
</metadata>
</newsitem>
