<?xml version="1.0" encoding="iso-8859-1" ?>
<newsitem itemid="768578" id="root" date="1997-07-31" xml:lang="en">
<title>POLAND: PROCHEM Q2 NET RISES TO PLN 2.6 MLN.</title>
<headline>PROCHEM Q2 NET RISES TO PLN 2.6 MLN.</headline>
<dateline>WARSAW 1997-07-31</dateline>
<text>
<p>Prochem preliminary results for</p>
<p>the second quarter of the year ending June 30, 1997.</p>
<p>(Figures in millions of zlotys unless stated)</p>
<p>						Q2 1997	Q2 1996</p>
<p>    operating profit			 0.36 vs	0.05 loss</p>
<p>    pre-tax profit			   1.71 vs	1.06</p>
<p>    net profit				 2.56 vs	0.69</p>
<p>NOTE - full company name is: Prochem SA.</p>
<p>    net sales				 22.44 vs	8.13</p>
<p>    costs of sales			  19.33 vs	6.59</p>
<p>    extraordinary profit		   0.00 vs	0.00</p>
<p>    income tax				 0.71 vs	0.29</p>
<p>    other taxes				0.00 vs	0.00</p>
<p>    financial revenues		     4.06 vs	1.61</p>
<p>    financial costs			  2.71 vs	0.51</p>
<p>    investment				 2.48 vs	2.14</p>
<p>						Q2 1997	Q2 1996</p>
<p>    operating profit			 3.43 vs	0.16</p>
<p>    pre-tax profit			   1.43 vs	0.76</p>
<p>    net profit				 2.83 vs	1.35</p>
<p>    net sales				 40.21 vs     15.12</p>
<p>    costs of sales			  33.66 vs     12.89</p>
<p>    extraordinary profit		   0.00 vs	0.00</p>
<p>    income tax				 1.43 vs	0.76</p>
<p>    other taxes				0.00 vs	0.00</p>
<p>    financial revenues		     6.55 vs	2.47</p>
<p>    financial costs			  6.54 vs	2.47</p>
<p>    investment				 2.81 vs	2.21</p>
<p>-- Warsaw Newsroom +48 22 653 9700</p>
</text>
<copyright>(c) Reuters Limited 1997</copyright>
<metadata>
<codes class="bip:countries:1.0">
  <code code="POL">
    <editdetail attribution="Reuters BIP Coding Group" action="confirmed" date="1997-07-31"/>
  </code>
</codes>
<codes class="bip:industries:1.0">
  <code code="I32450">
    <editdetail attribution="Reuters BIP Coding Group" action="confirmed" date="1997-07-31"/>
  </code>
</codes>
<codes class="bip:topics:1.0">
  <code code="C15">
    <editdetail attribution="Reuters BIP Coding Group" action="confirmed" date="1997-07-31"/>
  </code>
  <code code="C151">
    <editdetail attribution="Reuters BIP Coding Group" action="confirmed" date="1997-07-31"/>
  </code>
  <code code="CCAT">
    <editdetail attribution="Reuters BIP Coding Group" action="confirmed" date="1997-07-31"/>
  </code>
</codes>
<dc element="dc.date.created" value="1997-07-31"/>
<dc element="dc.publisher" value="Reuters Holdings Plc"/>
<dc element="dc.date.published" value="1997-07-31"/>
<dc element="dc.source" value="Reuters"/>
<dc element="dc.creator.location" value="WARSAW"/>
<dc element="dc.creator.location.country.name" value="POLAND"/>
<dc element="dc.source" value="Reuters"/>
</metadata>
</newsitem>
