<?xml version="1.0" encoding="iso-8859-1" ?>
<newsitem itemid="306411" id="root" date="1997-01-14" xml:lang="en">
<title>USA: Linens 'n Things to open 20-25 superstores.</title>
<headline>Linens 'n Things to open 20-25 superstores.</headline>
<dateline>CLIFTON, N.J. 1997-01-14</dateline>
<text>
<p>Linens 'n Things Inc said on Tuesday that the expansion of its superstore concept remains on track, and it expects to open 20-25 superstores in 1997.</p>
<p>The company defines superstores as stores averaging about 35,000 square feet in size, in contrast to traditional stores which average 7,000 to 10,000 square feet.</p>
<p>Linens 'n Things opened a total of 36 superstores in 1996, and is currently operating 169 stores in 34 states.</p>
</text>
<copyright>(c) Reuters Limited 1997</copyright>
<metadata>
<codes class="bip:countries:1.0">
  <code code="USA">
    <editdetail attribution="Reuters BIP Coding Group" action="confirmed" date="1997-01-14"/>
  </code>
</codes>
<codes class="bip:industries:1.0">
  <code code="I64700">
    <editdetail attribution="Reuters BIP Coding Group" action="confirmed" date="1997-01-14"/>
  </code>
</codes>
<codes class="bip:topics:1.0">
  <code code="C24">
    <editdetail attribution="Reuters BIP Coding Group" action="confirmed" date="1997-01-14"/>
  </code>
  <code code="CCAT">
    <editdetail attribution="Reuters BIP Coding Group" action="confirmed" date="1997-01-14"/>
  </code>
</codes>
<dc element="dc.date.created" value="1997-01-14"/>
<dc element="dc.publisher" value="Reuters Holdings Plc"/>
<dc element="dc.date.published" value="1997-01-14"/>
<dc element="dc.source" value="Reuters"/>
<dc element="dc.creator.location" value="CLIFTON, N.J."/>
<dc element="dc.creator.location.country.name" value="USA"/>
<dc element="dc.source" value="Reuters"/>
</metadata>
</newsitem>
