<?xml version="1.0" encoding="iso-8859-1" ?>
<newsitem itemid="275727" id="root" date="1996-12-24" xml:lang="en">
<title>CHINA: China '96 zinc output seen at 1.08 mln tonnes.</title>
<headline>China '96 zinc output seen at 1.08 mln tonnes.</headline>
<dateline>BEIJING 1996-12-24</dateline>
<text>
<p>China expects to produce 1.08 million tonnes of zinc in 1996, the China Daily said on Tuesday, quoting the China National Nonferrous Metals Industry Corporation.</p>
<p>China's zinc output totalled 973,800 tonnes in the first 11 months of 1996, up 0.29 percent compared with the same period last year.</p>
<p>China expects to produce 530,000 tonnes of lead in 1996, the China Daily said.</p>
</text>
<copyright>(c) Reuters Limited 1996</copyright>
<metadata>
<codes class="bip:countries:1.0">
  <code code="CHINA">
    <editdetail attribution="Reuters BIP Coding Group" action="confirmed" date="1996-12-24"/>
  </code>
</codes>
<codes class="bip:industries:1.0">
  <code code="I22471">
    <editdetail attribution="Reuters BIP Coding Group" action="confirmed" date="1996-12-24"/>
  </code>
</codes>
<codes class="bip:topics:1.0">
  <code code="C21">
    <editdetail attribution="Reuters BIP Coding Group" action="confirmed" date="1996-12-24"/>
  </code>
  <code code="CCAT">
    <editdetail attribution="Reuters BIP Coding Group" action="confirmed" date="1996-12-24"/>
  </code>
</codes>
<dc element="dc.date.created" value="1996-12-24"/>
<dc element="dc.publisher" value="Reuters Holdings Plc"/>
<dc element="dc.date.published" value="1996-12-24"/>
<dc element="dc.source" value="Reuters"/>
<dc element="dc.creator.location" value="BEIJING"/>
<dc element="dc.creator.location.country.name" value="CHINA"/>
<dc element="dc.source" value="Reuters"/>
</metadata>
</newsitem>
