<?xml version="1.0" encoding="iso-8859-1" ?>
<newsitem itemid="138560" id="root" date="1996-10-23" xml:lang="en">
<title>JAPAN: Tatsumi -96/97 parent forecast.</title>
<headline>Tatsumi -96/97 parent forecast.</headline>
<dateline>TOKYO 1996-10-23</dateline>
<text>
<p>Year to March 31, 1997</p>
<p>		   (in billions of yen unless specified)</p>
<p>			   LATEST	    ACTUAL</p>
<p> (Parent)	     FORECAST	  YEAR-AGO</p>
<p> Sales		  4.48		 4.45</p>
<p> Current	    189    million	 207    million</p>
<p> Net		   98    million	 101    million</p>
<p> EPS		   16.33 yen	 202.36 yen</p>
<p> Ord div		6.00 yen	  60.00 yen</p>
<p>NOTE - Tatsumi Corporation is the full company name.</p>
</text>
<copyright>(c) Reuters Limited 1996</copyright>
<metadata>
<codes class="bip:countries:1.0">
  <code code="JAP">
    <editdetail attribution="Reuters BIP Coding Group" action="confirmed" date="1996-10-23"/>
  </code>
</codes>
<codes class="bip:topics:1.0">
  <code code="C15">
    <editdetail attribution="Reuters BIP Coding Group" action="confirmed" date="1996-10-23"/>
  </code>
  <code code="C152">
    <editdetail attribution="Reuters BIP Coding Group" action="confirmed" date="1996-10-23"/>
  </code>
  <code code="CCAT">
    <editdetail attribution="Reuters BIP Coding Group" action="confirmed" date="1996-10-23"/>
  </code>
</codes>
<dc element="dc.date.created" value="1996-10-23"/>
<dc element="dc.publisher" value="Reuters Holdings Plc"/>
<dc element="dc.date.published" value="1996-10-23"/>
<dc element="dc.source" value="Reuters"/>
<dc element="dc.creator.location" value="TOKYO"/>
<dc element="dc.creator.location.country.name" value="JAPAN"/>
<dc element="dc.source" value="Reuters"/>
</metadata>
</newsitem>
