<?xml version="1.0" encoding="iso-8859-1" ?>
<newsitem itemid="699477" id="root" date="1997-07-01" xml:lang="en">
<title>USA: RESEARCH ALERT - Thermo Cardio started.</title>
<headline>RESEARCH ALERT - Thermo Cardio started.</headline>
<dateline>NEW YORK 1997-07-01</dateline>
<text>
<p>Cowen &amp; Co said it initiated coverage of Thermo Cardiosystems Inc with a buy.</p>
<p>-- Additional details were not immediately available.</p>
<p>-- Thermo Cardiosystems lost 13/16 to 25-3/16.</p>
</text>
<copyright>(c) Reuters Limited 1997</copyright>
<metadata>
<codes class="bip:countries:1.0">
  <code code="USA">
    <editdetail attribution="Reuters BIP Coding Group" action="confirmed" date="1997-07-01"/>
  </code>
</codes>
<codes class="bip:industries:1.0">
  <code code="I37200">
    <editdetail attribution="Reuters BIP Coding Group" action="confirmed" date="1997-07-01"/>
  </code>
</codes>
<codes class="bip:topics:1.0">
  <code code="C15">
    <editdetail attribution="Reuters BIP Coding Group" action="confirmed" date="1997-07-01"/>
  </code>
  <code code="C152">
    <editdetail attribution="Reuters BIP Coding Group" action="confirmed" date="1997-07-01"/>
  </code>
  <code code="CCAT">
    <editdetail attribution="Reuters BIP Coding Group" action="confirmed" date="1997-07-01"/>
  </code>
</codes>
<dc element="dc.date.created" value="1997-07-01"/>
<dc element="dc.publisher" value="Reuters Holdings Plc"/>
<dc element="dc.date.published" value="1997-07-01"/>
<dc element="dc.source" value="Reuters"/>
<dc element="dc.creator.location" value="NEW YORK"/>
<dc element="dc.creator.location.country.name" value="USA"/>
<dc element="dc.source" value="Reuters"/>
</metadata>
</newsitem>
