<?xml version="1.0" encoding="iso-8859-1" ?>
<newsitem itemid="675585" id="root" date="1997-06-20" xml:lang="en">
<title>COTE D'IVOIRE: Ivorian president vows EU cocoa fat fight.</title>
<headline>Ivorian president vows EU cocoa fat fight.</headline>
<dateline>ABIDJAN 1997-06-20</dateline>
<text>
<p>Ivorian President Henri Konan Bedie has told visiting French confectioners to unite against a European Union proposal which would allow wider use of non-cocoa fats in chocolate.</p>
<p>&quot;We must protect chocolate in its purest form,&quot; he told French chefs visiting ahead of France's 6th Festival International du Chocolat planned for Abidjan in February 1998. &quot;That is, without blends. Without vegetable fats,&quot; he said.</p>
<p>Ivory Coast is the world's top cocoa producer and exporter.</p>
<p>European Union plans under review would allow manufacturers to use up to five percent of non-cocoa fats in chocolate, a move viewed by producers as a threat to export demand.</p>
<p>Bedie was speaking as a week of factory and plantation visits by the French delgation ended on Friday -- when his comments were broadcast on state television.</p>
<p>Ivorian commodities minister Guy-Alain Gauze opposed use of non-cocoa fats move during a world food standards review last October at the Geneva-based Codex Alimentarius.</p>
<p>The world chocolate manufacturers forum, Office International du Cacoa, du Chocolat et de la Confiserie, visiting Ivory Coast in early June, said ageing consumer country populations and perception of chocolate as an unhealthy product posed a far greater threat to the cocoa sector.</p>
<p>--Matthew Bunce, Abidjan newroom + 225 21 90 90</p>
</text>
<copyright>(c) Reuters Limited 1997</copyright>
<metadata>
<codes class="bip:countries:1.0">
  <code code="EEC">
    <editdetail attribution="Reuters BIP Coding Group" action="confirmed" date="1997-06-20"/>
  </code>
  <code code="FRA">
    <editdetail attribution="Reuters BIP Coding Group" action="confirmed" date="1997-06-20"/>
  </code>
  <code code="ICST">
    <editdetail attribution="Reuters BIP Coding Group" action="confirmed" date="1997-06-20"/>
  </code>
</codes>
<codes class="bip:industries:1.0">
  <code code="I01001">
    <editdetail attribution="Reuters BIP Coding Group" action="confirmed" date="1997-06-20"/>
  </code>
  <code code="I0100144">
    <editdetail attribution="Reuters BIP Coding Group" action="confirmed" date="1997-06-20"/>
  </code>
  <code code="I42100">
    <editdetail attribution="Reuters BIP Coding Group" action="confirmed" date="1997-06-20"/>
  </code>
</codes>
<codes class="bip:topics:1.0">
  <code code="C13">
    <editdetail attribution="Reuters BIP Coding Group" action="confirmed" date="1997-06-20"/>
  </code>
  <code code="CCAT">
    <editdetail attribution="Reuters BIP Coding Group" action="confirmed" date="1997-06-20"/>
  </code>
  <code code="G15">
    <editdetail attribution="Reuters BIP Coding Group" action="confirmed" date="1997-06-20"/>
  </code>
  <code code="G152">
    <editdetail attribution="Reuters BIP Coding Group" action="confirmed" date="1997-06-20"/>
  </code>
  <code code="GCAT">
    <editdetail attribution="Reuters BIP Coding Group" action="confirmed" date="1997-06-20"/>
  </code>
</codes>
<dc element="dc.date.created" value="1997-06-20"/>
<dc element="dc.publisher" value="Reuters Holdings Plc"/>
<dc element="dc.date.published" value="1997-06-20"/>
<dc element="dc.source" value="Reuters"/>
<dc element="dc.creator.location" value="ABIDJAN"/>
<dc element="dc.creator.location.country.name" value="COTE D'IVOIRE"/>
<dc element="dc.source" value="Reuters"/>
</metadata>
</newsitem>
