<?xml version="1.0" encoding="iso-8859-1" ?>
<newsitem itemid="146950" id="root" date="1996-10-28" xml:lang="en">
<title>USA: Neuromedical Systems Q3 shr loss narrows.</title>
<headline>Neuromedical Systems Q3 shr loss narrows.</headline>
<dateline>SUFFERN, N.Y. 1996-10-28</dateline>
<text>
<p>THREE MONTHS ENDED		 NINE MONTHS ENDED</p>
<p>		    SEPTEMBER 30,			SEPTEMBER 30,</p>
<p>	     1996	    1995		 1996	    1995</p>
<p>REVENUES  $1,286,000   $698,000	 $2,954,000    $1,765,000</p>
<p>COSTS AND EXPENSES</p>
<p>	    11,851,000  6,700,000	 29,483,000    16,629,000</p>
<p>Other Income (expense),</p>
<p>  net	  977,000   (286,000)	 2,716,000     (344,000)</p>
<p>NET LOSS</p>
<p>	   (9,588,000) (6,288,000)     (23,813,000) (15,208,000)</p>
<p>NET LOSS PER SHARE (A)</p>
<p>		 $(0.33)     $(0.37)	    $(0.82)     $(0.90)</p>
<p>AVG SHRS  29,450,000   16,978,000	29,117,000   16,863,000</p>
<p>Full company name is Neuromedical Systems Inc</p>
<p>NOTE: 1995 per share data on a proforma basis, because the company had an initial public offering in December 1995.</p>
<p>The company said the increased net income loss in the third quarter and first nine months 1996 was due to increased marketing and sales expenses.</p>
</text>
<copyright>(c) Reuters Limited 1996</copyright>
<metadata>
<codes class="bip:countries:1.0">
  <code code="USA">
    <editdetail attribution="Reuters BIP Coding Group" action="confirmed" date="1996-10-28"/>
  </code>
</codes>
<codes class="bip:industries:1.0">
  <code code="I25700">
    <editdetail attribution="Reuters BIP Coding Group" action="confirmed" date="1996-10-28"/>
  </code>
</codes>
<codes class="bip:topics:1.0">
  <code code="C15">
    <editdetail attribution="Reuters BIP Coding Group" action="confirmed" date="1996-10-28"/>
  </code>
  <code code="C151">
    <editdetail attribution="Reuters BIP Coding Group" action="confirmed" date="1996-10-28"/>
  </code>
  <code code="CCAT">
    <editdetail attribution="Reuters BIP Coding Group" action="confirmed" date="1996-10-28"/>
  </code>
</codes>
<dc element="dc.date.created" value="1996-10-28"/>
<dc element="dc.publisher" value="Reuters Holdings Plc"/>
<dc element="dc.date.published" value="1996-10-28"/>
<dc element="dc.source" value="Reuters"/>
<dc element="dc.creator.location" value="SUFFERN, N.Y."/>
<dc element="dc.creator.location.country.name" value="USA"/>
<dc element="dc.source" value="Reuters"/>
</metadata>
</newsitem>
