<?xml version="1.0" encoding="iso-8859-1" ?>
<newsitem itemid="236357" id="root" date="1996-12-05" xml:lang="en">
<title>CROATIA: HUNGARY, CROATIA DISCUSS FREE TRADE ZONE, PIPELINE.</title>
<headline>HUNGARY, CROATIA DISCUSS FREE TRADE ZONE, PIPELINE.</headline>
<dateline>ZAGREB 1996-12-04</dateline>
<text>
<p>Hungary discussed with Croatia on Wednesday its plans to buy shares in Croatia's Adriatic pipeline and to have a free-trade zone at the Adriatic port of Rijeka, state news agency HINA reported.</p>
<p>Hungarian Industry and Trade Minister Szabolcs Fazakas met Croatia's ambassador in Budapest Zdenko Skrabalo to review economic cooperation and ways to boost Hungary's investments in Croatia, HINA said.</p>
<p>They talked about &quot;a free-trade zone for Hungary in Rijeka and state oil company MOL's intention to buy 12.5 percent of the Adriatic pipeline shares,&quot; the agency said.</p>
<p>Fazakas invited two key ministers to come to Budapest for talks before the end of the year.</p>
<p>Economy minister Davor Stern is in charge of free-trade zones and Privatisation Minister Ivan Penic controls the selloff of state-owned companies, including the pipeline. -- Zagreb Newsroom, 385-1-4557075</p>
</text>
<copyright>(c) Reuters Limited 1996</copyright>
<metadata>
<codes class="bip:countries:1.0">
  <code code="CRTIA">
    <editdetail attribution="Reuters BIP Coding Group" action="confirmed" date="1996-12-05"/>
  </code>
  <code code="HUNG">
    <editdetail attribution="Reuters BIP Coding Group" action="confirmed" date="1996-12-05"/>
  </code>
</codes>
<codes class="bip:industries:1.0">
  <code code="I13000">
    <editdetail attribution="Reuters BIP Coding Group" action="confirmed" date="1996-12-05"/>
  </code>
</codes>
<codes class="bip:topics:1.0">
  <code code="C18">
    <editdetail attribution="Reuters BIP Coding Group" action="confirmed" date="1996-12-05"/>
  </code>
  <code code="C182">
    <editdetail attribution="Reuters BIP Coding Group" action="confirmed" date="1996-12-05"/>
  </code>
  <code code="C24">
    <editdetail attribution="Reuters BIP Coding Group" action="confirmed" date="1996-12-05"/>
  </code>
  <code code="CCAT">
    <editdetail attribution="Reuters BIP Coding Group" action="confirmed" date="1996-12-05"/>
  </code>
  <code code="E51">
    <editdetail attribution="Reuters BIP Coding Group" action="confirmed" date="1996-12-05"/>
  </code>
  <code code="E512">
    <editdetail attribution="Reuters BIP Coding Group" action="confirmed" date="1996-12-05"/>
  </code>
  <code code="ECAT">
    <editdetail attribution="Reuters BIP Coding Group" action="confirmed" date="1996-12-05"/>
  </code>
</codes>
<dc element="dc.date.created" value="1996-12-04"/>
<dc element="dc.publisher" value="Reuters Holdings Plc"/>
<dc element="dc.date.published" value="1996-12-05"/>
<dc element="dc.source" value="Reuters"/>
<dc element="dc.creator.location" value="ZAGREB"/>
<dc element="dc.creator.location.country.name" value="CROATIA"/>
<dc element="dc.source" value="Reuters"/>
</metadata>
</newsitem>
