<?xml version="1.0" encoding="iso-8859-1" ?>
<newsitem itemid="66937" id="root" date="1996-09-20" xml:lang="en">
<title>MEXICO: Mexico to stay out of ACPC coffee export scheme.</title>
<headline>Mexico to stay out of ACPC coffee export scheme.</headline>
<dateline>MEXICO CITY 1996-09-20</dateline>
<text>
<p>Mexico reaffirmed Friday that it has no intention of joining the coffee export quota scheme of the Association of Coffee Producing Countries (ACPC), the executive director of the Mexican Coffee Council said.</p>
<p>&quot;We have told them (the ACPC) that we are not going to form part of the group&quot; Ruben Castillo told Reuters in an interview.  </p>
<p>The Mexican Coffee Council is the private and public sector umbrella group for the coffee industry in Mexico. Agriculture Minister Francisco Labastida Ochoa is the council's figurehead president. Castillo is the day-to-day head of the group</p>
<p>ACPC nations, led by Brazil and Colombia, have been pushing Mexico to join the export limit scheme which bids to push up world prices by limiting supplies to consumer nations.</p>
<p>Mexico and Guatemala were earmarked as two nations the ACPC wanted to come into the fold. Guatemala said earlier Friday they would not attend the ACPC gathering.</p>
<p>Mexico has always steered clear of quota schemes, claiming its free trade pact with the United States and Canada -- the North American Free Trade Agreement -- prevents it from joining because it would go against government free market ideals.</p>
<p>Castillo added he would not attend next week's coffee gatherings in London but said Mexican delegations would be formed from representatives from the Mexican Embassy in London.</p>
<p>Both the ACPC and the International Coffee Organisation hold meetings in the British capital next week.</p>
<p>--Chris Aspin, Mexico City newsroom (525) 7289530. E-mail at chris.aspin@reuters.com</p>
</text>
<copyright>(c) Reuters Limited 1996</copyright>
<metadata>
<codes class="bip:countries:1.0">
  <code code="MEX">
    <editdetail attribution="Reuters BIP Coding Group" action="confirmed" date="1996-09-20"/>
  </code>
</codes>
<codes class="bip:industries:1.0">
  <code code="I01001">
    <editdetail attribution="Reuters BIP Coding Group" action="confirmed" date="1996-09-20"/>
  </code>
  <code code="I0100137">
    <editdetail attribution="Reuters BIP Coding Group" action="confirmed" date="1996-09-20"/>
  </code>
</codes>
<codes class="bip:topics:1.0">
  <code code="C13">
    <editdetail attribution="Reuters BIP Coding Group" action="confirmed" date="1996-09-20"/>
  </code>
  <code code="C21">
    <editdetail attribution="Reuters BIP Coding Group" action="confirmed" date="1996-09-20"/>
  </code>
  <code code="C31">
    <editdetail attribution="Reuters BIP Coding Group" action="confirmed" date="1996-09-20"/>
  </code>
  <code code="C312">
    <editdetail attribution="Reuters BIP Coding Group" action="confirmed" date="1996-09-20"/>
  </code>
  <code code="CCAT">
    <editdetail attribution="Reuters BIP Coding Group" action="confirmed" date="1996-09-20"/>
  </code>
</codes>
<dc element="dc.date.created" value="1996-09-20"/>
<dc element="dc.publisher" value="Reuters Holdings Plc"/>
<dc element="dc.date.published" value="1996-09-20"/>
<dc element="dc.source" value="Reuters"/>
<dc element="dc.creator.location" value="MEXICO CITY"/>
<dc element="dc.creator.location.country.name" value="MEXICO"/>
<dc element="dc.source" value="Reuters"/>
</metadata>
</newsitem>
