<?xml version="1.0" encoding="iso-8859-1" ?>
<newsitem itemid="700482" id="root" date="1997-07-01" xml:lang="en">
<title>AUSTRALIA: Spectrum surges as access charges fall.</title>
<headline>Spectrum surges as access charges fall.</headline>
<dateline>SYDNEY 1997-07-01</dateline>
<text>
<p>Shares in Spectrum Network Systems Ltd soared more than 62 percent on Tuesday as the effect of the deregulation to Australia's telecommunictaions market kicked in.</p>
<p>At 3.25 p.m. (0525 GMT), Spectrum shares were 23 cents higher at 55 cents with over one million shares traded.</p>
<p>Traders said the lower access charge for Spectrum to buy telecommunications capacity fron telephone carriers would be positive for Spectrum's earnings.  </p>
<p>Telecommunications regulator the Australian Competition and Consumer Commission (ACCC) set prices at access prices at 2.8 cents per minute from 4.4 cents per minute previously, effective on Tuesday.</p>
<p>&quot;If you multiply that difference by two, you see that would translate to about three cents improvement in margins, which means that for every 100 million minutes of traffic they have, you have a three million improvement on the bottom line, subject to them holding their prices,&quot; one telecommunications analyst said.  </p>
<p>&quot;Basically, their earnings improvement as a result of that (change) means that they will get a kick-up,&quot; he said.</p>
<p>-- Sydney newsroom 61-2 9373-1800</p>
</text>
<copyright>(c) Reuters Limited 1997</copyright>
<metadata>
<codes class="bip:countries:1.0">
  <code code="AUSTR">
    <editdetail attribution="Reuters BIP Coding Group" action="confirmed" date="1997-07-01"/>
  </code>
</codes>
<codes class="bip:industries:1.0">
  <code code="I81502">
    <editdetail attribution="Reuters BIP Coding Group" action="confirmed" date="1997-07-01"/>
  </code>
</codes>
<codes class="bip:topics:1.0">
  <code code="C15">
    <editdetail attribution="Reuters BIP Coding Group" action="confirmed" date="1997-07-01"/>
  </code>
  <code code="C152">
    <editdetail attribution="Reuters BIP Coding Group" action="confirmed" date="1997-07-01"/>
  </code>
  <code code="CCAT">
    <editdetail attribution="Reuters BIP Coding Group" action="confirmed" date="1997-07-01"/>
  </code>
</codes>
<dc element="dc.date.created" value="1997-07-01"/>
<dc element="dc.publisher" value="Reuters Holdings Plc"/>
<dc element="dc.date.published" value="1997-07-01"/>
<dc element="dc.source" value="Reuters"/>
<dc element="dc.creator.location" value="SYDNEY"/>
<dc element="dc.creator.location.country.name" value="AUSTRALIA"/>
<dc element="dc.source" value="Reuters"/>
</metadata>
</newsitem>
