<?xml version="1.0" encoding="iso-8859-1" ?>
<newsitem itemid="772496" id="root" date="1997-08-01" xml:lang="en">
<title>SINGAPORE: Singapore government securities end narrowly mixed.</title>
<headline>Singapore government securities end narrowly mixed.</headline>
<dateline>SINGAPORE 1997-08-01</dateline>
<text>
<p>Singapore government securities ended  narrowly mixed in moderate trade on Friday on retail and interbank  interest, dealers said.</p>
<p>&quot;The interbank rate rose slightly today but there was little impact  on the market. Treasury bill yields were narrowly mixed but bond prices  were slightly lower. Volume was moderate,&quot; a local dealer said.</p>
<p>In treasury bills, three-months closed at a yield of 2.93/2.88 percent  compared with Thursday's yield of 2.90/2.85 percent and one-year at  a yield of 2.80/2.75 percent against 2.82/2.77 percent.  </p>
<p>Among bonds, April 1999 ended at S$98.30/98.35 from Thursday's close  of S$98.32/98.37, May 2002 at S$99.33/99.38 versus S$99.38/99.48 and  June 2003 at S$94.33/94.38 against S$94.40/94.45.</p>
<p>The overnight interbank offered rate rose to 3 2-7/8 percent from  Thursday's 2-1/2 2-3/8 percent.</p>
<p>-- Singapore newsroom (65-870-3080)</p>
</text>
<copyright>(c) Reuters Limited 1997</copyright>
<metadata>
<codes class="bip:countries:1.0">
  <code code="SINGP">
    <editdetail attribution="Reuters BIP Coding Group" action="confirmed" date="1997-08-01"/>
  </code>
</codes>
<codes class="bip:topics:1.0">
  <code code="M12">
    <editdetail attribution="Reuters BIP Coding Group" action="confirmed" date="1997-08-01"/>
  </code>
  <code code="M13">
    <editdetail attribution="Reuters BIP Coding Group" action="confirmed" date="1997-08-01"/>
  </code>
  <code code="M131">
    <editdetail attribution="Reuters BIP Coding Group" action="confirmed" date="1997-08-01"/>
  </code>
  <code code="MCAT">
    <editdetail attribution="Reuters BIP Coding Group" action="confirmed" date="1997-08-01"/>
  </code>
</codes>
<dc element="dc.date.created" value="1997-08-01"/>
<dc element="dc.publisher" value="Reuters Holdings Plc"/>
<dc element="dc.date.published" value="1997-08-01"/>
<dc element="dc.source" value="Reuters"/>
<dc element="dc.creator.location" value="SINGAPORE"/>
<dc element="dc.creator.location.country.name" value="SINGAPORE"/>
<dc element="dc.source" value="Reuters"/>
</metadata>
</newsitem>
