<?xml version="1.0" encoding="iso-8859-1" ?>
<newsitem itemid="221872" id="root" date="1996-11-27" xml:lang="en">
<title>SOUTH KOREA: S.Korea to ease rules on foreign investment trusts.</title>
<headline>S.Korea to ease rules on foreign investment trusts.</headline>
<dateline>SEOUL 1996-11-27</dateline>
<text>
<p>South Korea's finance ministry said on Wednesday it would ease rules on the entry of foreign investment trust companies into the local market as part of a drive to liberalise the financial sector.</p>
<p>It had earlier said qualified foreign investment trusts can open a branch or a joint venture with local firms from next month unless local market conditions are bad.</p>
<p>The ministry will no longer consider local conditions and will ease a requirement for experience in the business of at least 10 years when allowing foreign entries, a ministry statement said.  </p>
<p>An individual foreign company can now have a 49 percent stake in a joint venture instead of the previous limit of 30 percent, the statement said.</p>
<p>But the 30 percent limit for an individual company would remain unchanged for a joint venture with one of South Korea's top 10 business conglomerates.</p>
<p>The rule that the combined foreign stake should not exceed 49 percent in a joint venture would also remain in force until December 1, 1998, when foreigners will be allowed to open a wholly-owned company.  </p>
<p>The ministry will allow a foreign company with good business performance to set up a joint venture or a branch in South Korea even if it has less than 10 years of experience in the trust investment business, the statement said.</p>
<p>Parent companies' or affiliates' experience in the business would also be respected, it added.</p>
<p>-- Seoul newsroom (822) 7275645</p>
</text>
<copyright>(c) Reuters Limited 1996</copyright>
<metadata>
<codes class="bip:countries:1.0">
  <code code="SKOREA">
    <editdetail attribution="Reuters BIP Coding Group" action="confirmed" date="1996-11-27"/>
  </code>
</codes>
<codes class="bip:industries:1.0">
  <code code="I81502">
    <editdetail attribution="Reuters BIP Coding Group" action="confirmed" date="1996-11-27"/>
  </code>
</codes>
<codes class="bip:topics:1.0">
  <code code="C13">
    <editdetail attribution="Reuters BIP Coding Group" action="confirmed" date="1996-11-27"/>
  </code>
  <code code="C21">
    <editdetail attribution="Reuters BIP Coding Group" action="confirmed" date="1996-11-27"/>
  </code>
  <code code="C31">
    <editdetail attribution="Reuters BIP Coding Group" action="confirmed" date="1996-11-27"/>
  </code>
  <code code="CCAT">
    <editdetail attribution="Reuters BIP Coding Group" action="confirmed" date="1996-11-27"/>
  </code>
</codes>
<dc element="dc.date.created" value="1996-11-27"/>
<dc element="dc.publisher" value="Reuters Holdings Plc"/>
<dc element="dc.date.published" value="1996-11-27"/>
<dc element="dc.source" value="Reuters"/>
<dc element="dc.creator.location" value="SEOUL"/>
<dc element="dc.creator.location.country.name" value="SOUTH KOREA"/>
<dc element="dc.source" value="Reuters"/>
</metadata>
</newsitem>
