<?xml version="1.0" encoding="iso-8859-1" ?>
<newsitem itemid="508594" id="root" date="1997-04-15" xml:lang="en">
<title>LITHUANIA: LITHUANIA NOON RADIO HEADLINES - APRIL 15.</title>
<headline>LITHUANIA NOON RADIO HEADLINES - APRIL 15.</headline>
<dateline>VILNIUS 1997-04-15</dateline>
<text>
<p>Here are the main headlines from Lithuania's M-1 plus radio station's noon news report on Tuesday. Reuters has not verified these stories and does not vouch for their accuracy.</p>
<p>- A delegation from the Lithuanian ministry of foreign affairs has gone to Belarus to negotiate agreements on mutual investment protection and promotion.</p>
<p>- Parliamentary chairman Vytautas Landsbergis is in Germany today, where he will meet with German leader Helmut Kohl.</p>
<p>- Gas prices at stations in Vilnius rose on Tuesday by 15 to 23 centas per liter.</p>
<p>- Lithuanian energy authorities have warned dacha owners in the countryside to pay their power bills or else they will be cut off.</p>
<p>--Vilnius newsroom +370 2 22 35 18</p>
</text>
<copyright>(c) Reuters Limited 1997</copyright>
<metadata>
<codes class="bip:countries:1.0">
  <code code="LITH">
    <editdetail attribution="Reuters BIP Coding Group" action="confirmed" date="1997-04-15"/>
  </code>
</codes>
<codes class="bip:topics:1.0">
  <code code="GCAT">
    <editdetail attribution="Reuters BIP Coding Group" action="confirmed" date="1997-04-15"/>
  </code>
</codes>
<dc element="dc.date.created" value="1997-04-15"/>
<dc element="dc.publisher" value="Reuters Holdings Plc"/>
<dc element="dc.date.published" value="1997-04-15"/>
<dc element="dc.source" value="Reuters"/>
<dc element="dc.creator.location" value="VILNIUS"/>
<dc element="dc.creator.location.country.name" value="LITHUANIA"/>
<dc element="dc.source" value="Reuters"/>
</metadata>
</newsitem>
