<?xml version="1.0" encoding="iso-8859-1" ?>
<newsitem itemid="351113" id="root" date="1997-02-03" xml:lang="en">
<title>TAIWAN: Seoul anti-nuclear group threatens Taiwan boycott.</title>
<headline>Seoul anti-nuclear group threatens Taiwan boycott.</headline>
<dateline>TAIPEI 1997-02-03</dateline>
<text>
<p>South Korean anti-nuclear campaigners threatened a boycott of Taiwanese products on Monday, as Taiwan warned Seoul not to be too pushy.</p>
<p>A 12-member delegation, which included four South Korean members of parliament, arrived in Taipei on Friday to try to press the government to cancel a deal with North Korea to ship up to 200,000 barrels of nuclear waste there.</p>
<p>&quot;We will launch a signature drive in our country to boycott Taiwanese products, and we will tell our residents about the possible danger caused by Taiwan's export of nuclear waste,&quot; the delegation said in a departure statement.</p>
<p>The delegation said it will ask the South Korean government to apply stronger pressure on Taiwan over its plan to ship the waste to the impoverished communist state.</p>
<p>South Korea, worried about nuclear contamination on the Korean peninsula, says there is no proof the North -- Seoul's arch-rival -- can store the waste safely.</p>
<p>Taiwan, however, maintains that the waste is is not a health hazard. It also says the Taipei-Pyongyang pact complies with all international regulations and that shipments would be securely contained in steel barrels.</p>
<p>Taiwan's foreign minister John Chang on Monday asked South Korea not to be &quot;too pushy&quot;, saying relations between Taipei and Seoul could be hurt if South Korea does not handle the case cautiously.</p>
<p>&quot;South Korea must consider its international image and should not be too pushy,&quot; he told reporters here.</p>
<p>Taiwan does not maintain official ties with either South Korea or North Korea.</p>
</text>
<copyright>(c) Reuters Limited 1997</copyright>
<metadata>
<codes class="bip:countries:1.0">
  <code code="NKOREA">
    <editdetail attribution="Reuters BIP Coding Group" action="confirmed" date="1997-02-03"/>
  </code>
  <code code="SKOREA">
    <editdetail attribution="Reuters BIP Coding Group" action="confirmed" date="1997-02-03"/>
  </code>
  <code code="TAIWAN">
    <editdetail attribution="Reuters BIP Coding Group" action="confirmed" date="1997-02-03"/>
  </code>
</codes>
<codes class="bip:industries:1.0">
  <code code="I15000">
    <editdetail attribution="Reuters BIP Coding Group" action="confirmed" date="1997-02-03"/>
  </code>
</codes>
<codes class="bip:topics:1.0">
  <code code="C31">
    <editdetail attribution="Reuters BIP Coding Group" action="confirmed" date="1997-02-03"/>
  </code>
  <code code="C311">
    <editdetail attribution="Reuters BIP Coding Group" action="confirmed" date="1997-02-03"/>
  </code>
  <code code="CCAT">
    <editdetail attribution="Reuters BIP Coding Group" action="confirmed" date="1997-02-03"/>
  </code>
  <code code="E51">
    <editdetail attribution="Reuters BIP Coding Group" action="confirmed" date="1997-02-03"/>
  </code>
  <code code="E512">
    <editdetail attribution="Reuters BIP Coding Group" action="confirmed" date="1997-02-03"/>
  </code>
  <code code="ECAT">
    <editdetail attribution="Reuters BIP Coding Group" action="confirmed" date="1997-02-03"/>
  </code>
  <code code="GCAT">
    <editdetail attribution="Reuters BIP Coding Group" action="confirmed" date="1997-02-03"/>
  </code>
  <code code="GDIP">
    <editdetail attribution="Reuters BIP Coding Group" action="confirmed" date="1997-02-03"/>
  </code>
  <code code="GENV">
    <editdetail attribution="Reuters BIP Coding Group" action="confirmed" date="1997-02-03"/>
  </code>
</codes>
<dc element="dc.date.created" value="1997-02-03"/>
<dc element="dc.publisher" value="Reuters Holdings Plc"/>
<dc element="dc.date.published" value="1997-02-03"/>
<dc element="dc.source" value="Reuters"/>
<dc element="dc.creator.location" value="TAIPEI"/>
<dc element="dc.creator.location.country.name" value="TAIWAN"/>
<dc element="dc.source" value="Reuters"/>
</metadata>
</newsitem>
