<?xml version="1.0" encoding="iso-8859-1" ?>
<newsitem itemid="384799" id="root" date="1997-02-18" xml:lang="en">
<title>USA: High court denies appeal of gas gathering ruling.</title>
<headline>High court denies appeal of gas gathering ruling.</headline>
<dateline>WASHINGTON 1997-02-18</dateline>
<text>
<p>The U.S. Supreme Court Tuesdsay denied an appeal by Amoco Corp unit Amoco Energy Trading Corp and other natural gas producers of a Federal Energy Regulatory Commission ruling that it had no jurisdiction to regulate rates that companies charge on gas gathering pipelines.</p>
<p>Gathering pipelines are used to ship natural gas from producing fields to interstate pipelines.</p>
<p>Producers wanted the FERC to make sure that no pipeline company could favor its producing affiliates over other producers in areas where it effectively controlled access to interstate pipelines.</p>
<p>But the FERC ruled in 1993 that states should regulate natural gas gathering because under federal law, the commission had no authority to do so.</p>
<p>Company officials, the attorney for the companies, and FERC officials familiar with the issue were unavailable for comment Tuesday on the Supreme Court's decision not to hear the case.</p>
</text>
<copyright>(c) Reuters Limited 1997</copyright>
<metadata>
<codes class="bip:countries:1.0">
  <code code="USA">
    <editdetail attribution="Reuters BIP Coding Group" action="confirmed" date="1997-02-18"/>
  </code>
</codes>
<codes class="bip:industries:1.0">
  <code code="I14000">
    <editdetail attribution="Reuters BIP Coding Group" action="confirmed" date="1997-02-18"/>
  </code>
</codes>
<codes class="bip:topics:1.0">
  <code code="C12">
    <editdetail attribution="Reuters BIP Coding Group" action="confirmed" date="1997-02-18"/>
  </code>
  <code code="C13">
    <editdetail attribution="Reuters BIP Coding Group" action="confirmed" date="1997-02-18"/>
  </code>
  <code code="C31">
    <editdetail attribution="Reuters BIP Coding Group" action="confirmed" date="1997-02-18"/>
  </code>
  <code code="CCAT">
    <editdetail attribution="Reuters BIP Coding Group" action="confirmed" date="1997-02-18"/>
  </code>
  <code code="GCAT">
    <editdetail attribution="Reuters BIP Coding Group" action="confirmed" date="1997-02-18"/>
  </code>
  <code code="GCRIM">
    <editdetail attribution="Reuters BIP Coding Group" action="confirmed" date="1997-02-18"/>
  </code>
</codes>
<dc element="dc.date.created" value="1997-02-18"/>
<dc element="dc.publisher" value="Reuters Holdings Plc"/>
<dc element="dc.date.published" value="1997-02-18"/>
<dc element="dc.source" value="Reuters"/>
<dc element="dc.creator.location" value="WASHINGTON"/>
<dc element="dc.creator.location.country.name" value="USA"/>
<dc element="dc.source" value="Reuters"/>
</metadata>
</newsitem>
