<?xml version="1.0" encoding="iso-8859-1" ?>
<newsitem itemid="254675" id="root" date="1996-12-13" xml:lang="en">
<title>VENEZUELA: Caracas stocks firm on Electricidad rise.</title>
<headline>Caracas stocks firm on Electricidad rise.</headline>
<dateline>CARACAS 1996-12-13</dateline>
<text>
<p>Caracas stocks firmed for the second day as foreign investors bought Electricidad de Caracas and snapped up other undervalued stocks, traders said.</p>
<p>&quot;The bolsa bounced back after it was oversold earlier this week,&quot; said Intervalores broker Ricardo Marino.</p>
<p>The Venezuelan bolsa slumped earlier this week as foreign investors sold on fears U.S. interest rates would rise.</p>
<p>&quot;It was foreign investors that dumped Electricidad on Wednesday and its been foreign investors that are now bringing it back again,&quot; said another trader.  </p>
<p>The market's index rose one percent to close at 6,209.84 points as 24 stocks rose, six fell and 12 closed flat.</p>
<p>Electricidad gained 5.00 bolivars in strong trade to close at 525.00. Among other widely held stocks, cement company Vencemos rose 5.35 and 44.00 bolivars respectively to end at 1,260.00 and 1090.00 after investment bank Credit Lyonnais rated the share a buy.</p>
<p>A total of 18.47 million shares exchanged hands, worth 3 billion bolivars ($6.4 million).</p>
<p>-- Ana Isabel Martinez, Caracas newsroom, 582 505 2600</p>
</text>
<copyright>(c) Reuters Limited 1996</copyright>
<metadata>
<codes class="bip:countries:1.0">
  <code code="VEN">
    <editdetail attribution="Reuters BIP Coding Group" action="confirmed" date="1996-12-13"/>
  </code>
</codes>
<codes class="bip:topics:1.0">
  <code code="M11">
    <editdetail attribution="Reuters BIP Coding Group" action="confirmed" date="1996-12-13"/>
  </code>
  <code code="MCAT">
    <editdetail attribution="Reuters BIP Coding Group" action="confirmed" date="1996-12-13"/>
  </code>
</codes>
<dc element="dc.date.created" value="1996-12-13"/>
<dc element="dc.publisher" value="Reuters Holdings Plc"/>
<dc element="dc.date.published" value="1996-12-13"/>
<dc element="dc.source" value="Reuters"/>
<dc element="dc.creator.location" value="CARACAS"/>
<dc element="dc.creator.location.country.name" value="VENEZUELA"/>
<dc element="dc.source" value="Reuters"/>
</metadata>
</newsitem>
