<?xml version="1.0" encoding="iso-8859-1" ?>
<newsitem itemid="231181" id="root" date="1996-12-03" xml:lang="en">
<title>USA: API weekly report on fuel production and stocks.</title>
<headline>API weekly report on fuel production and stocks.</headline>
<text>
<p>(In Thousands of Barrels a Day, Except Stocks)</p>
<p>			  11/29/96  11/22/96   12/01/95</p>
<p> Gasoline Production   7,418     7,817	7,835</p>
<p> Gasoline Stocks     188,634   186,704    195,570</p>
<p> RFG Stocks	     36,516    38,337     35,111</p>
<p> Distillate Produc     3,660     3,613	3,359</p>
<p> Distillate Stocks   120,064   118,215    135,122</p>
<p> Residual Fuel Produc    782	 712	  709</p>
<p> Resid Fuel Stocks    40,077    38,576     37,388</p>
<p> Jet Fuel Production   1,563     1,540	1,549</p>
<p> Jet Fuel Stocks	39,396    39,149     40,698</p>
<p> Crude Oil Stocks    299,410   300,278    317,270</p>
<p> Crude Oil Imports     6,484     6,942	7,533</p>
<p> Crude Runs-X	   14,304    14,310     14,223</p>
<p> Pct of Capacity	  93.7	93.7	 93.7</p>
<p>X-Crude runs to processing units. R-revised</p>
</text>
<copyright>(c) Reuters Limited 1996</copyright>
<metadata>
<codes class="bip:countries:1.0">
  <code code="USA">
    <editdetail attribution="Reuters BIP Coding Group" action="confirmed" date="1996-12-03"/>
  </code>
</codes>
<codes class="bip:industries:1.0">
  <code code="I13000">
    <editdetail attribution="Reuters BIP Coding Group" action="confirmed" date="1996-12-03"/>
  </code>
  <code code="I14000">
    <editdetail attribution="Reuters BIP Coding Group" action="confirmed" date="1996-12-03"/>
  </code>
</codes>
<codes class="bip:topics:1.0">
  <code code="C21">
    <editdetail attribution="Reuters BIP Coding Group" action="confirmed" date="1996-12-03"/>
  </code>
  <code code="C24">
    <editdetail attribution="Reuters BIP Coding Group" action="confirmed" date="1996-12-03"/>
  </code>
  <code code="CCAT">
    <editdetail attribution="Reuters BIP Coding Group" action="confirmed" date="1996-12-03"/>
  </code>
  <code code="M14">
    <editdetail attribution="Reuters BIP Coding Group" action="confirmed" date="1996-12-03"/>
  </code>
  <code code="M143">
    <editdetail attribution="Reuters BIP Coding Group" action="confirmed" date="1996-12-03"/>
  </code>
  <code code="MCAT">
    <editdetail attribution="Reuters BIP Coding Group" action="confirmed" date="1996-12-03"/>
  </code>
</codes>
<dc element="dc.publisher" value="Reuters Holdings Plc"/>
<dc element="dc.date.published" value="1996-12-03"/>
<dc element="dc.source" value="Reuters"/>
<dc element="dc.creator.location.country.name" value="USA"/>
<dc element="dc.source" value="Reuters"/>
</metadata>
</newsitem>
