<?xml version="1.0" encoding="iso-8859-1" ?>
<newsitem itemid="373147" id="root" date="1997-02-12" xml:lang="en">
<title>USA: Equitable of Iowa Cos Q4 net up.</title>
<headline>Equitable of Iowa Cos Q4 net up.</headline>
<dateline>DES MOINES, Iowa 1997-02-12</dateline>
<text>
<p>(Thousands except per share data)</p>
<p>			   Q4 1996   Q4 1995    Year 1996  Year 1995</p>
<p>Annuity and universal life</p>
<p>  product charges     $22,453   $13,577    $71,406    $51,466</p>
<p>Life insurance premiums 9,854    10,610     39,566     43,425</p>
<p>Net investment income 186,967   171,461    715,579    641,094</p>
<p>Realized gains		427     6,507     16,255	9,524</p>
<p>Total revenues	  228,814   206,732    868,675    764,862</p>
<p>Amortization of deferred</p>
<p>   acquisition costs   20,065    23,497     79,550     72,537</p>
<p>Amortization of present value</p>
<p>   of in-force acquired 1,830	  --	2,745	   --</p>
<p>Total expenses	  180,557   195,583    673,680    636,356</p>
<p>Dividends on preferred securities</p>
<p>  of subsidiary	  (2,718)	  --    (4,833)	  --</p>
<p>Net income		 29,489     7,636    123,161     84,890</p>
<p>Average shares	   31,977    31,763     31,905     31,709</p>
<p>Oper income per share    0.92	0.84	 3.60	 3.18</p>
<p>Realized gains per share 0.00	0.14	 0.26	 0.24</p>
<p>Guaranty funds per share   --     (0.74)	  --     (0.74)</p>
<p>Net income per share     0.92	0.24	 3.86	 2.68</p>
<p>((--Chicago Newsdesk (312) 408-8787))</p>
</text>
<copyright>(c) Reuters Limited 1997</copyright>
<metadata>
<codes class="bip:countries:1.0">
  <code code="USA">
    <editdetail attribution="Reuters BIP Coding Group" action="confirmed" date="1997-02-12"/>
  </code>
</codes>
<codes class="bip:industries:1.0">
  <code code="I82002">
    <editdetail attribution="Reuters BIP Coding Group" action="confirmed" date="1997-02-12"/>
  </code>
</codes>
<codes class="bip:topics:1.0">
  <code code="C15">
    <editdetail attribution="Reuters BIP Coding Group" action="confirmed" date="1997-02-12"/>
  </code>
  <code code="C151">
    <editdetail attribution="Reuters BIP Coding Group" action="confirmed" date="1997-02-12"/>
  </code>
  <code code="C1511">
    <editdetail attribution="Reuters BIP Coding Group" action="confirmed" date="1997-02-12"/>
  </code>
  <code code="CCAT">
    <editdetail attribution="Reuters BIP Coding Group" action="confirmed" date="1997-02-12"/>
  </code>
</codes>
<dc element="dc.date.created" value="1997-02-12"/>
<dc element="dc.publisher" value="Reuters Holdings Plc"/>
<dc element="dc.date.published" value="1997-02-12"/>
<dc element="dc.source" value="Reuters"/>
<dc element="dc.creator.location" value="DES MOINES, Iowa"/>
<dc element="dc.creator.location.country.name" value="USA"/>
<dc element="dc.source" value="Reuters"/>
</metadata>
</newsitem>
