<?xml version="1.0" encoding="iso-8859-1" ?>
<newsitem itemid="191307" id="root" date="1996-11-15" xml:lang="en">
<title>USA: Camelot Corp to sell DigiPhone rights.</title>
<headline>Camelot Corp to sell DigiPhone rights.</headline>
<dateline>DALLAS 1996-11-15</dateline>
<text>
<p>Camelot Corp said on Friday it would sell international rights to distribute DigiPhone Internet Telephony software to Meteor Technology plc for about $1.6 million in convertible stock.</p>
<p>In addition, Camelot would subscribe for another one million British pounds of loan stock for cash, it said.</p>
<p>Meteor, which already had the European distribution rights for DigiPhone, would acquire distribution rights for the rest of the world, excluding the United States and Canada, on November 22, the company said.</p>
<p>DigiPhone is a software program enabling voice communications over the Internet.</p>
<p>Camelot would receive about $1.6 million payable by the issuance of one million British pounds of 1996-2001 seven percent convertible loan stock, convertible into Meteor shares at 55 pence per share, the company said.</p>
<p>Upon conversion of all the stock, Camelot would own about 19 percent of the enlarged issued share capital of Meteor, the company said.</p>
</text>
<copyright>(c) Reuters Limited 1996</copyright>
<metadata>
<codes class="bip:countries:1.0">
  <code code="UK">
    <editdetail attribution="Reuters BIP Coding Group" action="confirmed" date="1996-11-15"/>
  </code>
  <code code="USA">
    <editdetail attribution="Reuters BIP Coding Group" action="confirmed" date="1996-11-15"/>
  </code>
</codes>
<codes class="bip:industries:1.0">
  <code code="I61000">
    <editdetail attribution="Reuters BIP Coding Group" action="confirmed" date="1996-11-15"/>
  </code>
  <code code="I79020">
    <editdetail attribution="Reuters BIP Coding Group" action="confirmed" date="1996-11-15"/>
  </code>
</codes>
<codes class="bip:topics:1.0">
  <code code="C18">
    <editdetail attribution="Reuters BIP Coding Group" action="confirmed" date="1996-11-15"/>
  </code>
  <code code="C181">
    <editdetail attribution="Reuters BIP Coding Group" action="confirmed" date="1996-11-15"/>
  </code>
  <code code="C33">
    <editdetail attribution="Reuters BIP Coding Group" action="confirmed" date="1996-11-15"/>
  </code>
  <code code="CCAT">
    <editdetail attribution="Reuters BIP Coding Group" action="confirmed" date="1996-11-15"/>
  </code>
</codes>
<dc element="dc.date.created" value="1996-11-15"/>
<dc element="dc.publisher" value="Reuters Holdings Plc"/>
<dc element="dc.date.published" value="1996-11-15"/>
<dc element="dc.source" value="Reuters"/>
<dc element="dc.creator.location" value="DALLAS"/>
<dc element="dc.creator.location.country.name" value="USA"/>
<dc element="dc.source" value="Reuters"/>
</metadata>
</newsitem>
