<?xml version="1.0" encoding="iso-8859-1" ?>
<newsitem itemid="187804" id="root" date="1996-11-13" xml:lang="en">
<title>IRAQ: PRESS DIGEST - Iraq - Nov 13.</title>
<headline>PRESS DIGEST - Iraq - Nov 13.</headline>
<dateline>BAGHDAD 1996-11-13</dateline>
<text>
<p>These are some of the leading stories in the official Iraqi press on Wednesday. Reuters has not verified these stories and does not vouch for their accuracy.</p>
<p>JUMHOURIYA</p>
<p>- Turkey is keen to expand its trade with Iraq.</p>
<p>- Iraq and Poland are holding talks to renew oil contracts.</p>
<p>- Russian foreign ministry issues statement praising cooperation between Baghdad and Moscow.</p>
<p>(The above stories were also carried by THAWRA and IRAQ)</p>
<p>IRAQ</p>
<p>- Deputy Premier Tareq Aziz meets with Turkish Prime Minister and Foreign Minister.</p>
<p>- The United States admits that 385 Americans were killed during the 1991 Gulf War.</p>
<p>- Health Minister meets with Bahraini businessmen.</p>
</text>
<copyright>(c) Reuters Limited 1996</copyright>
<metadata>
<codes class="bip:countries:1.0">
  <code code="IRAQ">
    <editdetail attribution="Reuters BIP Coding Group" action="confirmed" date="1996-11-13"/>
  </code>
</codes>
<codes class="bip:topics:1.0">
  <code code="GCAT">
    <editdetail attribution="Reuters BIP Coding Group" action="confirmed" date="1996-11-13"/>
  </code>
</codes>
<dc element="dc.date.created" value="1996-11-13"/>
<dc element="dc.publisher" value="Reuters Holdings Plc"/>
<dc element="dc.date.published" value="1996-11-13"/>
<dc element="dc.source" value="Reuters"/>
<dc element="dc.creator.location" value="BAGHDAD"/>
<dc element="dc.creator.location.country.name" value="IRAQ"/>
<dc element="dc.source" value="Reuters"/>
</metadata>
</newsitem>
