<?xml version="1.0" encoding="iso-8859-1" ?>
<newsitem itemid="348929" id="root" date="1997-01-31" xml:lang="en">
<title>NORWAY: Statoil awards N.Sea Aasgard contract to Kvaerner.</title>
<headline>Statoil awards N.Sea Aasgard contract to Kvaerner.</headline>
<dateline>OSLO 1997-01-31</dateline>
<text>
<p>Norway's Kvaerner ASA said on Friday its offshore division had been awarded a 6.6 billion crown contract by state Norwegian oil company Den Norske Stats Oljeselskap ASA for the Aasgard B gas platform.</p>
<p>The contract is to build a semi-submersible gas platform for the Aasgard oil and gas field off mid-Norway.</p>
<p>Analysts said the deal was expected to be the largest contract awarded for such a system in the Norwegian and British oil sectors in 1997.</p>
</text>
<copyright>(c) Reuters Limited 1997</copyright>
<metadata>
<codes class="bip:countries:1.0">
  <code code="NORW">
    <editdetail attribution="Reuters BIP Coding Group" action="confirmed" date="1997-01-31"/>
  </code>
</codes>
<codes class="bip:industries:1.0">
  <code code="I13000">
    <editdetail attribution="Reuters BIP Coding Group" action="confirmed" date="1997-01-31"/>
  </code>
  <code code="I1300003">
    <editdetail attribution="Reuters BIP Coding Group" action="confirmed" date="1997-01-31"/>
  </code>
  <code code="I36101">
    <editdetail attribution="Reuters BIP Coding Group" action="confirmed" date="1997-01-31"/>
  </code>
</codes>
<codes class="bip:topics:1.0">
  <code code="C33">
    <editdetail attribution="Reuters BIP Coding Group" action="confirmed" date="1997-01-31"/>
  </code>
  <code code="CCAT">
    <editdetail attribution="Reuters BIP Coding Group" action="confirmed" date="1997-01-31"/>
  </code>
</codes>
<dc element="dc.date.created" value="1997-01-31"/>
<dc element="dc.publisher" value="Reuters Holdings Plc"/>
<dc element="dc.date.published" value="1997-01-31"/>
<dc element="dc.source" value="Reuters"/>
<dc element="dc.creator.location" value="OSLO"/>
<dc element="dc.creator.location.country.name" value="NORWAY"/>
<dc element="dc.source" value="Reuters"/>
</metadata>
</newsitem>
