<?xml version="1.0" encoding="iso-8859-1" ?>
<newsitem itemid="360845" id="root" date="1997-02-06" xml:lang="en">
<title>USA: Halifax Corp Q3 Dec 31 shr $0.18 vs $0.11.</title>
<headline>Halifax Corp Q3 Dec 31 shr $0.18 vs $0.11.</headline>
<text>
<p>Income before income taxes	    1,565,000	  670,000</p>
<p> Income taxes				  618,000	  264,000</p>
<p> Net income				    947,000	  406,000</p>
<p> Net income per share			   0.48	     0.23</p>
<p>Weighted average number of</p>
<p>   common shares outstanding	   1,981,082	1,758,393</p>
<p>-- New York Newsdesk 212 859-1610</p>
</text>
<copyright>(c) Reuters Limited 1997</copyright>
<metadata>
<codes class="bip:countries:1.0">
  <code code="USA">
    <editdetail attribution="Reuters BIP Coding Group" action="confirmed" date="1997-02-06"/>
  </code>
</codes>
<codes class="bip:industries:1.0">
  <code code="I34000">
    <editdetail attribution="Reuters BIP Coding Group" action="confirmed" date="1997-02-06"/>
  </code>
</codes>
<codes class="bip:topics:1.0">
  <code code="C15">
    <editdetail attribution="Reuters BIP Coding Group" action="confirmed" date="1997-02-06"/>
  </code>
  <code code="C151">
    <editdetail attribution="Reuters BIP Coding Group" action="confirmed" date="1997-02-06"/>
  </code>
  <code code="CCAT">
    <editdetail attribution="Reuters BIP Coding Group" action="confirmed" date="1997-02-06"/>
  </code>
</codes>
<dc element="dc.publisher" value="Reuters Holdings Plc"/>
<dc element="dc.date.published" value="1997-02-06"/>
<dc element="dc.source" value="Reuters"/>
<dc element="dc.creator.location.country.name" value="USA"/>
<dc element="dc.source" value="Reuters"/>
</metadata>
</newsitem>
