<?xml version="1.0" encoding="iso-8859-1" ?>
<newsitem itemid="463120" id="root" date="1997-03-24" xml:lang="en">
<title>RUSSIA: Russia Megionneftegaz stock down 8.5 pct.</title>
<headline>Russia Megionneftegaz stock down 8.5 pct.</headline>
<dateline>MOSCOW 1997-03-24</dateline>
<text>
<p>Shares of Russian oil producer Megionneftegaz fell 8.47 percent to $5.40 by 1345 GMT on Monday from $5.90 at the close on Friday on the Russian Trading System.</p>
<p>About $500,000 had traded in Megion, a subsidiary of Russia-Belarus oil holding company Slavneft.</p>
<p>Megionneftegaz told Reuters on Monday it would not issue level one American Depositary Receipts, which allow foreign trading of domestic shares, in the first quarter as expected.</p>
<p>--Christina Ling, Moscow Newsroom, +7095 941 8520</p>
</text>
<copyright>(c) Reuters Limited 1997</copyright>
<metadata>
<codes class="bip:countries:1.0">
  <code code="RUSS">
    <editdetail attribution="Reuters BIP Coding Group" action="confirmed" date="1997-03-24"/>
  </code>
</codes>
<codes class="bip:industries:1.0">
  <code code="I13000">
    <editdetail attribution="Reuters BIP Coding Group" action="confirmed" date="1997-03-24"/>
  </code>
</codes>
<codes class="bip:topics:1.0">
  <code code="C15">
    <editdetail attribution="Reuters BIP Coding Group" action="confirmed" date="1997-03-24"/>
  </code>
  <code code="C152">
    <editdetail attribution="Reuters BIP Coding Group" action="confirmed" date="1997-03-24"/>
  </code>
  <code code="CCAT">
    <editdetail attribution="Reuters BIP Coding Group" action="confirmed" date="1997-03-24"/>
  </code>
</codes>
<dc element="dc.date.created" value="1997-03-24"/>
<dc element="dc.publisher" value="Reuters Holdings Plc"/>
<dc element="dc.date.published" value="1997-03-24"/>
<dc element="dc.source" value="Reuters"/>
<dc element="dc.creator.location" value="MOSCOW"/>
<dc element="dc.creator.location.country.name" value="RUSSIA"/>
<dc element="dc.source" value="Reuters"/>
</metadata>
</newsitem>
