<?xml version="1.0" encoding="iso-8859-1" ?>
<newsitem itemid="685867" id="root" date="1997-06-25" xml:lang="en">
<title>MEXICO: Mexico's UDI bonds real return 6.6 pct.</title>
<headline>Mexico's UDI bonds real return 6.6 pct.</headline>
<dateline>MEXICO CITY 1997-06-24</dateline>
<text>
<p>Mexico's 1,050-day UDI bonds were assigned at a price of 99.7300 UDIs and a real return of 6.60 percent at the primary auction on Tuesday.</p>
<p>Two weeks ago the 1,050-day UDI bonds had a real return of 6.87 percent.  </p>
<p>Demand this week was 1.676 billion UDIs compared to 250 million UDIs on offer from Banco de Mexico with a bid-to-cover ratio of 6.70.</p>
<p>The 1,778-day UDIs were assigned at a price of 99.5800 UDIs and a real return of 6.60 percent.</p>
<p>Two weeks ago the 1,778-day UDI bonds had a real return of 6.90 percent.</p>
<p>Demand this week was 1.597 billion UDIs compared to 250 million UDIs on offer from Banco de Mexico with a bid-to-cover ratio of 6.388.</p>
<p>The daily value of the UDI can be found on  MXAAN.</p>
<p>((--David Luhnow, Mexico City newsroom +525 728-9559))</p>
</text>
<copyright>(c) Reuters Limited 1997</copyright>
<metadata>
<codes class="bip:countries:1.0">
  <code code="MEX">
    <editdetail attribution="Reuters BIP Coding Group" action="confirmed" date="1997-06-25"/>
  </code>
</codes>
<codes class="bip:topics:1.0">
  <code code="M12">
    <editdetail attribution="Reuters BIP Coding Group" action="confirmed" date="1997-06-25"/>
  </code>
  <code code="MCAT">
    <editdetail attribution="Reuters BIP Coding Group" action="confirmed" date="1997-06-25"/>
  </code>
</codes>
<dc element="dc.date.created" value="1997-06-24"/>
<dc element="dc.publisher" value="Reuters Holdings Plc"/>
<dc element="dc.date.published" value="1997-06-25"/>
<dc element="dc.source" value="Reuters"/>
<dc element="dc.creator.location" value="MEXICO CITY"/>
<dc element="dc.creator.location.country.name" value="MEXICO"/>
<dc element="dc.source" value="Reuters"/>
</metadata>
</newsitem>
