<?xml version="1.0" encoding="iso-8859-1" ?>
<newsitem itemid="166896" id="root" date="1996-11-05" xml:lang="en">
<title>ITALY: Italy upbeat on EU GDP/deficit forecast.</title>
<headline>Italy upbeat on EU GDP/deficit forecast.</headline>
<dateline>ROME 1996-11-05</dateline>
<text>
<p>Italy said on Tuesday that it would be extremely satisfied if European Commission figures due out on Wednesday show the country coming close, though not quite meeting, the 1997 budget deficit target for the single currency.</p>
<p>A Treasury Ministry spokesman made the remark in response to an unconfirmed report by an Italian news agency that the forecast would show Italy with a deficit to Gross Domestic Product (GDP) ratio of 3.3 percent.</p>
<p>The target for membership of European economic and monetary union is 3.0 percent.  </p>
<p>&quot;Our judgment would be extremely positive in so far as that would seem to confirm that Italy's deficit/GDP ratio is only a few decimal points above three percent,&quot; the spokesman said.</p>
<p>The European Commission is due to publish its findings for all EU states at 1100 GMT on Wednesday.</p>
<p>Italy has drawn up a 62.5 trillion lire budget for 1997, now going through parliament, to try to make the grade for EMU membership from its planned start in January 1999.</p>
<p>The spokesman said the Commission would not have been able to take account of all financial measures being drawn up by Italy's centre-left government, including a planned one-off &quot;Euro tax.&quot;</p>
<p>He said the Commission forecast of the servicing costs of Italian public debt would also necessarily be based on interest rates which were now out of date following the Bank of Italy's move on October 23 to cut its key discount rate to 7.50 percent from 8.25 percent.</p>
<p>--Rome newsroom +39 6 678 2505</p>
</text>
<copyright>(c) Reuters Limited 1996</copyright>
<metadata>
<codes class="bip:countries:1.0">
  <code code="EEC">
    <editdetail attribution="Reuters BIP Coding Group" action="confirmed" date="1996-11-05"/>
  </code>
  <code code="ITALY">
    <editdetail attribution="Reuters BIP Coding Group" action="confirmed" date="1996-11-05"/>
  </code>
</codes>
<codes class="bip:topics:1.0">
  <code code="E12">
    <editdetail attribution="Reuters BIP Coding Group" action="confirmed" date="1996-11-05"/>
  </code>
  <code code="E21">
    <editdetail attribution="Reuters BIP Coding Group" action="confirmed" date="1996-11-05"/>
  </code>
  <code code="E211">
    <editdetail attribution="Reuters BIP Coding Group" action="confirmed" date="1996-11-05"/>
  </code>
  <code code="E212">
    <editdetail attribution="Reuters BIP Coding Group" action="confirmed" date="1996-11-05"/>
  </code>
  <code code="ECAT">
    <editdetail attribution="Reuters BIP Coding Group" action="confirmed" date="1996-11-05"/>
  </code>
  <code code="G15">
    <editdetail attribution="Reuters BIP Coding Group" action="confirmed" date="1996-11-05"/>
  </code>
  <code code="G154">
    <editdetail attribution="Reuters BIP Coding Group" action="confirmed" date="1996-11-05"/>
  </code>
  <code code="GCAT">
    <editdetail attribution="Reuters BIP Coding Group" action="confirmed" date="1996-11-05"/>
  </code>
</codes>
<dc element="dc.date.created" value="1996-11-05"/>
<dc element="dc.publisher" value="Reuters Holdings Plc"/>
<dc element="dc.date.published" value="1996-11-05"/>
<dc element="dc.source" value="Reuters"/>
<dc element="dc.creator.location" value="ROME"/>
<dc element="dc.creator.location.country.name" value="ITALY"/>
<dc element="dc.source" value="Reuters"/>
</metadata>
</newsitem>
