<?xml version="1.0" encoding="iso-8859-1" ?>
<newsitem itemid="154190" id="root" date="1996-10-30" xml:lang="en">
<title>USA: RichFood Holdings Inc Q2 net rises.</title>
<headline>RichFood Holdings Inc Q2 net rises.</headline>
<dateline>RICHMOND, Va. 1996-10-30</dateline>
<text>
<p>(Amounts in thousands, except per share data)</p>
<p>				    October 12,  October 14,</p>
<p>					  1996		    1995</p>
<p>				   (12 wks)	%  (12 wks)*	%</p>
<p> Sales			   $739,640  100.00  $717,543  100.00</p>
<p> Net earnings		  25,017     1.68     20,015    1.35</p>
<p> Net earnings per		 .53		     .43</p>
<p>common share</p>
<p>Average common</p>
<p>   shares outstanding	47,223		  46,812</p>
<p>* Results for second quarter ended October 14, 1995 included eleven weeks for Super Rite Corp due to conforming Super Rite's accounting periods to those of the co.</p>
</text>
<copyright>(c) Reuters Limited 1996</copyright>
<metadata>
<codes class="bip:countries:1.0">
  <code code="USA">
    <editdetail attribution="Reuters BIP Coding Group" action="confirmed" date="1996-10-30"/>
  </code>
</codes>
<codes class="bip:industries:1.0">
  <code code="I61000">
    <editdetail attribution="Reuters BIP Coding Group" action="confirmed" date="1996-10-30"/>
  </code>
</codes>
<codes class="bip:topics:1.0">
  <code code="C15">
    <editdetail attribution="Reuters BIP Coding Group" action="confirmed" date="1996-10-30"/>
  </code>
  <code code="C151">
    <editdetail attribution="Reuters BIP Coding Group" action="confirmed" date="1996-10-30"/>
  </code>
  <code code="CCAT">
    <editdetail attribution="Reuters BIP Coding Group" action="confirmed" date="1996-10-30"/>
  </code>
</codes>
<dc element="dc.date.created" value="1996-10-30"/>
<dc element="dc.publisher" value="Reuters Holdings Plc"/>
<dc element="dc.date.published" value="1996-10-30"/>
<dc element="dc.source" value="Reuters"/>
<dc element="dc.creator.location" value="RICHMOND, Va."/>
<dc element="dc.creator.location.country.name" value="USA"/>
<dc element="dc.source" value="Reuters"/>
</metadata>
</newsitem>
