<?xml version="1.0" encoding="iso-8859-1" ?>
<newsitem itemid="436223" id="root" date="1997-03-12" xml:lang="en">
<title>MEXICO: Tribasa sees revenues of $700 mln in 1997.</title>
<headline>Tribasa sees revenues of $700 mln in 1997.</headline>
<dateline>MONTERREY, Mexico 1997-03-11</dateline>
<text>
<p>Construction firm Grupo Tribasa expects revenues in 1997 to reach $700 million, more than double the level in 1996, a top company official said on Tuesday.</p>
<p>In 1996, its sales were $299.3 million, up 2.7 percent from 1995.</p>
<p>&quot;I reckon we will end up in Chile and other international projects with around $400 million in revenues, and in Mexico with about $300 million,&quot; Finance Director Andres Caire said on a conference call.</p>
<p>He said the firm aimed to alter its mix of foreign and Mexican contracts from 60/40 to 50/50.</p>
<p>Tribasa's backlog, or contracts to be completed, at the end of the year would be worth around $1.5 billion, up from $1.257 billion in 1996, he said.</p>
<p>-- Daniel Perez-Whitaker, Monterrey newsroom +528 345-7617</p>
</text>
<copyright>(c) Reuters Limited 1997</copyright>
<metadata>
<codes class="bip:countries:1.0">
  <code code="MEX">
    <editdetail attribution="Reuters BIP Coding Group" action="confirmed" date="1997-03-12"/>
  </code>
</codes>
<codes class="bip:industries:1.0">
  <code code="I50100">
    <editdetail attribution="Reuters BIP Coding Group" action="confirmed" date="1997-03-12"/>
  </code>
</codes>
<codes class="bip:topics:1.0">
  <code code="C15">
    <editdetail attribution="Reuters BIP Coding Group" action="confirmed" date="1997-03-12"/>
  </code>
  <code code="C152">
    <editdetail attribution="Reuters BIP Coding Group" action="confirmed" date="1997-03-12"/>
  </code>
  <code code="CCAT">
    <editdetail attribution="Reuters BIP Coding Group" action="confirmed" date="1997-03-12"/>
  </code>
</codes>
<dc element="dc.date.created" value="1997-03-11"/>
<dc element="dc.publisher" value="Reuters Holdings Plc"/>
<dc element="dc.date.published" value="1997-03-12"/>
<dc element="dc.source" value="Reuters"/>
<dc element="dc.creator.location" value="MONTERREY, Mexico"/>
<dc element="dc.creator.location.country.name" value="MEXICO"/>
<dc element="dc.source" value="Reuters"/>
</metadata>
</newsitem>
