<?xml version="1.0" encoding="iso-8859-1" ?>
<newsitem itemid="391405" id="root" date="1997-02-20" xml:lang="en">
<title>USA: Brooks Fiber expands pact with AT&amp;T.</title>
<headline>Brooks Fiber expands pact with AT&amp;T.</headline>
<dateline>ST. LOUIS 1997-02-20</dateline>
<text>
<p>Brooks Fiber Properties Inc said Thursday it expanded its contractual relationship with AT&amp;T Corp in an agreement that allows for Brooks to provide AT&amp;T dedicated access services in six additional cities over its networks.</p>
<p>The agreement includes Salt Lake City, Utah; Minneapolis and St. Paul, Minn.; Portland, Maine, and Manchester and Nashua, N.H. Specifics of the agreement were not disclosed.</p>
<p>Brooks is a nationwide provider of local telecommunications services.</p>
<p>	     ((Chicago newsdesk 312 408-8787))</p>
</text>
<copyright>(c) Reuters Limited 1997</copyright>
<metadata>
<codes class="bip:countries:1.0">
  <code code="USA">
    <editdetail attribution="Reuters BIP Coding Group" action="confirmed" date="1997-02-20"/>
  </code>
</codes>
<codes class="bip:industries:1.0">
  <code code="I79020">
    <editdetail attribution="Reuters BIP Coding Group" action="confirmed" date="1997-02-20"/>
  </code>
</codes>
<codes class="bip:topics:1.0">
  <code code="C33">
    <editdetail attribution="Reuters BIP Coding Group" action="confirmed" date="1997-02-20"/>
  </code>
  <code code="CCAT">
    <editdetail attribution="Reuters BIP Coding Group" action="confirmed" date="1997-02-20"/>
  </code>
</codes>
<dc element="dc.date.created" value="1997-02-20"/>
<dc element="dc.publisher" value="Reuters Holdings Plc"/>
<dc element="dc.date.published" value="1997-02-20"/>
<dc element="dc.source" value="Reuters"/>
<dc element="dc.creator.location" value="ST. LOUIS"/>
<dc element="dc.creator.location.country.name" value="USA"/>
<dc element="dc.source" value="Reuters"/>
</metadata>
</newsitem>
