<?xml version="1.0" encoding="iso-8859-1" ?>
<newsitem itemid="387165" id="root" date="1997-02-19" xml:lang="en">
<title>USA: Sundance Homes Q1 hurt by lower sales.</title>
<headline>Sundance Homes Q1 hurt by lower sales.</headline>
<dateline>SCHAUMBURG, Ill. 1997-02-18</dateline>
<text>
<p>Sundance Homes Inc attributed its loss for the December 31 first quarter to lower sales revenue and gross profit.</p>
<p>Gross profit as a percent of sales decreased to 7.7 percent from 9.3 percent a year ago. Sales fell $9.7 million to $22.7 million, or 131 homes, from $32.4 million, or 185 homes, for the 1995 quarter.</p>
<p>The company said selling, general and administrative expenses were 11.9 percent of sales compared to 7.9 percent in the prior-year period.</p>
<p>&quot;Our results for the quarter were impacted by reduced gross profits at communities where we have offered incentives to close out the remaining homes,&quot; said chairman Maurice Sanderman. &quot;We also incurred additional promotional expenses as a result of our three new communities, which opened for sale during the quarter.&quot;</p>
<p>The sales backlog as of December 31, 1996, was $32.3 million, or 186 homes, compared to $39.9 million, or 229 homes, as of December 31, 1995. &quot;Our short-term results will continue to be affected by the close-out of certain communities. We expect closings in our new suburban and urban communities to begin to be realized in the third and fourth quarters of Fiscal 1997,&quot; Sanderman added.</p>
<p>	 ((Chicago newsdesk 312 408-8787))</p>
</text>
<copyright>(c) Reuters Limited 1997</copyright>
<metadata>
<codes class="bip:countries:1.0">
  <code code="USA">
    <editdetail attribution="Reuters BIP Coding Group" action="confirmed" date="1997-02-19"/>
  </code>
</codes>
<codes class="bip:industries:1.0">
  <code code="I50100">
    <editdetail attribution="Reuters BIP Coding Group" action="confirmed" date="1997-02-19"/>
  </code>
  <code code="I5010022">
    <editdetail attribution="Reuters BIP Coding Group" action="confirmed" date="1997-02-19"/>
  </code>
</codes>
<codes class="bip:topics:1.0">
  <code code="C15">
    <editdetail attribution="Reuters BIP Coding Group" action="confirmed" date="1997-02-19"/>
  </code>
  <code code="C151">
    <editdetail attribution="Reuters BIP Coding Group" action="confirmed" date="1997-02-19"/>
  </code>
  <code code="CCAT">
    <editdetail attribution="Reuters BIP Coding Group" action="confirmed" date="1997-02-19"/>
  </code>
</codes>
<dc element="dc.date.created" value="1997-02-18"/>
<dc element="dc.publisher" value="Reuters Holdings Plc"/>
<dc element="dc.date.published" value="1997-02-19"/>
<dc element="dc.source" value="Reuters"/>
<dc element="dc.creator.location" value="SCHAUMBURG, Ill."/>
<dc element="dc.creator.location.country.name" value="USA"/>
<dc element="dc.source" value="Reuters"/>
</metadata>
</newsitem>
