<?xml version="1.0" encoding="iso-8859-1" ?>
<newsitem itemid="211633" id="root" date="1996-11-22" xml:lang="en">
<title>JAPAN: Tohoku Electric - 6mth parent results.</title>
<headline>Tohoku Electric - 6mth parent results.</headline>
<dateline>TOKYO 1996-11-22</dateline>
<text>
<p>Six months to September 30, 1996</p>
<p> (Parent)	(in billions of yen unless specified)</p>
<p> Sales		727.64		vs	  763.01</p>
<p> Operating	   85.15		vs	   96.07</p>
<p> Current	     29.45		vs	   38.02</p>
<p> Net		   15.91		vs	   19.12</p>
<p> EPS		   31.63 yen	  vs	   38.40 yen</p>
<p> Shares	     503 million	 vs	  498 million</p>
<p> Interim div	 25.00 yen	  vs	   25.00 yen</p>
<p>NOTE - Tohoku Electric Power Co Inc supplies power to the Tohoku and Niigata areas.</p>
</text>
<copyright>(c) Reuters Limited 1996</copyright>
<metadata>
<codes class="bip:countries:1.0">
  <code code="JAP">
    <editdetail attribution="Reuters BIP Coding Group" action="confirmed" date="1996-11-22"/>
  </code>
</codes>
<codes class="bip:industries:1.0">
  <code code="I16100">
    <editdetail attribution="Reuters BIP Coding Group" action="confirmed" date="1996-11-22"/>
  </code>
</codes>
<codes class="bip:topics:1.0">
  <code code="C15">
    <editdetail attribution="Reuters BIP Coding Group" action="confirmed" date="1996-11-22"/>
  </code>
  <code code="C151">
    <editdetail attribution="Reuters BIP Coding Group" action="confirmed" date="1996-11-22"/>
  </code>
  <code code="CCAT">
    <editdetail attribution="Reuters BIP Coding Group" action="confirmed" date="1996-11-22"/>
  </code>
</codes>
<dc element="dc.date.created" value="1996-11-22"/>
<dc element="dc.publisher" value="Reuters Holdings Plc"/>
<dc element="dc.date.published" value="1996-11-22"/>
<dc element="dc.source" value="Reuters"/>
<dc element="dc.creator.location" value="TOKYO"/>
<dc element="dc.creator.location.country.name" value="JAPAN"/>
<dc element="dc.source" value="Reuters"/>
</metadata>
</newsitem>
