<?xml version="1.0" encoding="iso-8859-1" ?>
<newsitem itemid="796762" id="root" date="1997-08-13" xml:lang="en">
<title>USA: AMERICAN HOLDINGS INC FILES IPO, TO RAISE $250 MLN.</title>
<headline>AMERICAN HOLDINGS INC FILES IPO, TO RAISE $250 MLN.</headline>
<dateline>NEWRY, Maine 1997-08-13</dateline>
<text>
<p>American Holdings Inc, parent of American Skiing Co, said Wednesday it filed with the Securities and Exchange Commission for the initial public offering of $250 million of its common shares.</p>
<p>Proceeds will be used to fund the company's acqusition of Steamboat Ski Resort in Steamboat Springs, Colo., and the Heavenly Ski Resort near Lake Tahoe on the California/Nevada border, and to repay debt, it said.</p>
<p>The offering will be made through Donaldson, Lufkin &amp; Jenrette Securities Corp, Furman Selz, Morgan Stanley Dean Witter and Schroder &amp; Co Inc, it said.</p>
<p>ASC said it expects to complete the offering in October.</p>
<p>ASC owns the Canyon ski resort near Park City, Utah. Amercan Skiing owns the Mount Snow, Haystack, Killington, Pico and Sugarbush ski resorts in Vermont; the Attitash Bear Peak ski resort in New Hampshire; and the Sunday River and Sugarloaf/USA ski resorts in Maine.</p>
</text>
<copyright>(c) Reuters Limited 1997</copyright>
<metadata>
<codes class="bip:countries:1.0">
  <code code="USA">
    <editdetail attribution="Reuters BIP Coding Group" action="confirmed" date="1997-08-13"/>
  </code>
</codes>
<codes class="bip:topics:1.0">
  <code code="C17">
    <editdetail attribution="Reuters BIP Coding Group" action="confirmed" date="1997-08-13"/>
  </code>
  <code code="C171">
    <editdetail attribution="Reuters BIP Coding Group" action="confirmed" date="1997-08-13"/>
  </code>
  <code code="CCAT">
    <editdetail attribution="Reuters BIP Coding Group" action="confirmed" date="1997-08-13"/>
  </code>
</codes>
<dc element="dc.date.created" value="1997-08-13"/>
<dc element="dc.publisher" value="Reuters Holdings Plc"/>
<dc element="dc.date.published" value="1997-08-13"/>
<dc element="dc.source" value="Reuters"/>
<dc element="dc.creator.location" value="NEWRY, Maine"/>
<dc element="dc.creator.location.country.name" value="USA"/>
<dc element="dc.source" value="Reuters"/>
</metadata>
</newsitem>
