<?xml version="1.0" encoding="iso-8859-1" ?>
<newsitem itemid="733055" id="root" date="1997-07-16" xml:lang="en">
<title>INDIA: India call rates seen at four pct next fortnight.</title>
<headline>India call rates seen at four pct next fortnight.</headline>
<dateline>BOMBAY 1997-07-16</dateline>
<text>
<p>Indian call money rates are expected to rise next fortnight, averaging four percent compared to the current 1.0-2.0 percent, ICICI Securities and Finance Company (I-Sec) said in a report on Wednesday.</p>
<p>Call money rates have been at abnormally low levels over the past week, I-Sec's latest Debt Market Update said.</p>
<p>&quot;After starting the fortnight near double digit levels, overnight rates have steadily declined and have been between one and two percent since July 10,&quot; the I-Sec report said.</p>
<p>It said a six year government auction and the 364-day treasury bill issue are expected to squeeze out 40 billion rupees, helping push call money to more realistic levels.</p>
<p>&quot;Strong outflows early next fortnight on account of the six year auction and the 364-day treasury bill auction are likely to see the fortnight in a deficit of about 13.0 billion rupees.&quot;</p>
<p>However, this amount is unlikely to put downward pressure on gilt prices or significantly harden call rates.</p>
<p>&quot;Call rates are expected to average about four percent next fortnight,&quot; it said.</p>
<p>&quot;The large amount of of subscription to RBI's repo auctions will provide a buffer and RBI intervention to buy dollars could be higher than estimated, further augmenting rupee liquidity.&quot;</p>
<p>-- Bombay newsroom +91-22-265 9000</p>
</text>
<copyright>(c) Reuters Limited 1997</copyright>
<metadata>
<codes class="bip:countries:1.0">
  <code code="INDIA">
    <editdetail attribution="Reuters BIP Coding Group" action="confirmed" date="1997-07-16"/>
  </code>
</codes>
<codes class="bip:topics:1.0">
  <code code="M13">
    <editdetail attribution="Reuters BIP Coding Group" action="confirmed" date="1997-07-16"/>
  </code>
  <code code="M131">
    <editdetail attribution="Reuters BIP Coding Group" action="confirmed" date="1997-07-16"/>
  </code>
  <code code="MCAT">
    <editdetail attribution="Reuters BIP Coding Group" action="confirmed" date="1997-07-16"/>
  </code>
</codes>
<dc element="dc.date.created" value="1997-07-16"/>
<dc element="dc.publisher" value="Reuters Holdings Plc"/>
<dc element="dc.date.published" value="1997-07-16"/>
<dc element="dc.source" value="Reuters"/>
<dc element="dc.creator.location" value="BOMBAY"/>
<dc element="dc.creator.location.country.name" value="INDIA"/>
<dc element="dc.source" value="Reuters"/>
</metadata>
</newsitem>
