<?xml version="1.0" encoding="iso-8859-1" ?>
<newsitem itemid="182322" id="root" date="1996-11-12" xml:lang="en">
<title>BRAZIL: Brazil Abiove soybean crush 1.8 mln tonnes in Sept.</title>
<headline>Brazil Abiove soybean crush 1.8 mln tonnes in Sept.</headline>
<dateline>RIO DE JANEIRO 1996-11-12</dateline>
<text>
<p>Brazilian firms contributing data to the Brazilian Vegetable Oils Industries Association (ABIOVE) crushed 1.8 million tonnes of soybeans in September, down from 1.94 million in August, ABIOVE said.</p>
<p>Total crushings in the first eight months of the marketing year (February/January) now reached 14.19 million tonnes.</p>
<p>ABIOVE estimates the data it receives represents 91 to 93 percent of total Brazilian crushings.</p>
<p>As well as using domestic soybeans, imports between February and September totalled 750,000 tonnes, Abiove said.</p>
<p>The September figure left industry stocks at 3.11 million tonnes, down from 4.03 million at the end of August.</p>
<p>Crushings last year in September when contributing companies represented 100 percent of the sector reached 1.95 million tonnes, according to ABIOVE statistics.</p>
<p>Stocks at the end of the month in 1995 reached 3.89 million tonnes.</p>
<p>-- Caroline Bulloch, Rio de Janeiro newsroom, 5521 5074151</p>
</text>
<copyright>(c) Reuters Limited 1996</copyright>
<metadata>
<codes class="bip:countries:1.0">
  <code code="BRAZ">
    <editdetail attribution="Reuters BIP Coding Group" action="confirmed" date="1996-11-12"/>
  </code>
</codes>
<codes class="bip:industries:1.0">
  <code code="I01002">
    <editdetail attribution="Reuters BIP Coding Group" action="confirmed" date="1996-11-12"/>
  </code>
  <code code="I0100223">
    <editdetail attribution="Reuters BIP Coding Group" action="confirmed" date="1996-11-12"/>
  </code>
</codes>
<codes class="bip:topics:1.0">
  <code code="C21">
    <editdetail attribution="Reuters BIP Coding Group" action="confirmed" date="1996-11-12"/>
  </code>
  <code code="C24">
    <editdetail attribution="Reuters BIP Coding Group" action="confirmed" date="1996-11-12"/>
  </code>
  <code code="CCAT">
    <editdetail attribution="Reuters BIP Coding Group" action="confirmed" date="1996-11-12"/>
  </code>
  <code code="M14">
    <editdetail attribution="Reuters BIP Coding Group" action="confirmed" date="1996-11-12"/>
  </code>
  <code code="M141">
    <editdetail attribution="Reuters BIP Coding Group" action="confirmed" date="1996-11-12"/>
  </code>
  <code code="MCAT">
    <editdetail attribution="Reuters BIP Coding Group" action="confirmed" date="1996-11-12"/>
  </code>
</codes>
<dc element="dc.date.created" value="1996-11-12"/>
<dc element="dc.publisher" value="Reuters Holdings Plc"/>
<dc element="dc.date.published" value="1996-11-12"/>
<dc element="dc.source" value="Reuters"/>
<dc element="dc.creator.location" value="RIO DE JANEIRO"/>
<dc element="dc.creator.location.country.name" value="BRAZIL"/>
<dc element="dc.source" value="Reuters"/>
</metadata>
</newsitem>
