<?xml version="1.0" encoding="iso-8859-1" ?>
<newsitem itemid="690485" id="root" date="1997-06-26" xml:lang="en">
<title>USA: US West Coast refined prods prices rise with NYMEX.</title>
<headline>US West Coast refined prods prices rise with NYMEX.</headline>
<dateline>LOS ANGELES 1997-06-25</dateline>
<text>
<p>Wholesale prices for U.S West Coast refined petroleum products edged higher Wednesday, tracking strength in energy futures in New York, traders said.</p>
<p>Trade was active for gasoline and distillates, as NYMEX (New York Mercantile Exchange) gasoline for July delivery rose 1.29 cents a gallon to $56.97 cents while crude oil for August firmed 49 cents a barrel to $19.52.</p>
<p>Offers on Los Angeles cleaner-burning CARB gasoline for July delivery rose 0.75 cents to 56 a gallon, traders said, with buyers seen at 55 cents.</p>
<p>Los Angeles CARB diesel, meanwhile, rose 0.50 cents a gallon to 58/59 cents a gallon.</p>
<p>-- David Brinkerhoff, Los Angeles bureau +1 213 380 2014</p>
</text>
<copyright>(c) Reuters Limited 1997</copyright>
<metadata>
<codes class="bip:countries:1.0">
  <code code="USA">
    <editdetail attribution="Reuters BIP Coding Group" action="confirmed" date="1997-06-26"/>
  </code>
</codes>
<codes class="bip:topics:1.0">
  <code code="M14">
    <editdetail attribution="Reuters BIP Coding Group" action="confirmed" date="1997-06-26"/>
  </code>
  <code code="M143">
    <editdetail attribution="Reuters BIP Coding Group" action="confirmed" date="1997-06-26"/>
  </code>
  <code code="MCAT">
    <editdetail attribution="Reuters BIP Coding Group" action="confirmed" date="1997-06-26"/>
  </code>
</codes>
<dc element="dc.date.created" value="1997-06-25"/>
<dc element="dc.publisher" value="Reuters Holdings Plc"/>
<dc element="dc.date.published" value="1997-06-26"/>
<dc element="dc.source" value="Reuters"/>
<dc element="dc.creator.location" value="LOS ANGELES"/>
<dc element="dc.creator.location.country.name" value="USA"/>
<dc element="dc.source" value="Reuters"/>
</metadata>
</newsitem>
