<?xml version="1.0" encoding="iso-8859-1" ?>
<newsitem itemid="521296" id="root" date="1997-04-18" xml:lang="en">
<title>USA: Dress Barn shares to be offered by holder.</title>
<headline>Dress Barn shares to be offered by holder.</headline>
<dateline>WASHINGTON 1997-04-17</dateline>
<text>
<p>Dress Barn Inc. Thursday filed with the U.S. Securities and Exchange Commission to register two million common shares that will be sold by the Jaffe Family Foundation and the Jaffe Family L.P.</p>
<p>The Suffern, N.Y. women's clothing retailer said it will not receive any of the proceeds from the share sale which is being underwritten by Bear, Stearns &amp; Co. Inc. and Robertson Stephens &amp; Co.</p>
<p>Underwriters have an over-allotment option of up to 300,000 shares.</p>
</text>
<copyright>(c) Reuters Limited 1997</copyright>
<metadata>
<codes class="bip:countries:1.0">
  <code code="USA">
    <editdetail attribution="Reuters BIP Coding Group" action="confirmed" date="1997-04-18"/>
  </code>
</codes>
<codes class="bip:industries:1.0">
  <code code="I65400">
    <editdetail attribution="Reuters BIP Coding Group" action="confirmed" date="1997-04-18"/>
  </code>
</codes>
<codes class="bip:topics:1.0">
  <code code="C17">
    <editdetail attribution="Reuters BIP Coding Group" action="confirmed" date="1997-04-18"/>
  </code>
  <code code="C171">
    <editdetail attribution="Reuters BIP Coding Group" action="confirmed" date="1997-04-18"/>
  </code>
  <code code="CCAT">
    <editdetail attribution="Reuters BIP Coding Group" action="confirmed" date="1997-04-18"/>
  </code>
</codes>
<dc element="dc.date.created" value="1997-04-17"/>
<dc element="dc.publisher" value="Reuters Holdings Plc"/>
<dc element="dc.date.published" value="1997-04-18"/>
<dc element="dc.source" value="Reuters"/>
<dc element="dc.creator.location" value="WASHINGTON"/>
<dc element="dc.creator.location.country.name" value="USA"/>
<dc element="dc.source" value="Reuters"/>
</metadata>
</newsitem>
