<?xml version="1.0" encoding="iso-8859-1" ?>
<newsitem itemid="191417" id="root" date="1996-11-15" xml:lang="en">
<title>USA: Ontrack Data opens German recovery lab.</title>
<headline>Ontrack Data opens German recovery lab.</headline>
<dateline>MINNEAPOLIS 1996-11-15</dateline>
<text>
<p>Ontrack Data International Inc said on Friday it opened an office and data recovery laboratory near Stuttgart, Germany.</p>
<p>The facility, which joins the company's existing locations in Minneapolis, Los Angeles, Washington, D.C., London and Tokyo, will serve customers in all German-speaking countries.</p>
<p>Ontrack specializes in recovering lost or corrupted data from any hard drive or alternative storage device.</p>
<p>	   -- Chicago newsdesk 312 408-8787</p>
</text>
<copyright>(c) Reuters Limited 1996</copyright>
<metadata>
<codes class="bip:countries:1.0">
  <code code="GFR">
    <editdetail attribution="Reuters BIP Coding Group" action="confirmed" date="1996-11-15"/>
  </code>
  <code code="JAP">
    <editdetail attribution="Reuters BIP Coding Group" action="confirmed" date="1996-11-15"/>
  </code>
  <code code="UK">
    <editdetail attribution="Reuters BIP Coding Group" action="confirmed" date="1996-11-15"/>
  </code>
  <code code="USA">
    <editdetail attribution="Reuters BIP Coding Group" action="confirmed" date="1996-11-15"/>
  </code>
</codes>
<codes class="bip:industries:1.0">
  <code code="I83940">
    <editdetail attribution="Reuters BIP Coding Group" action="confirmed" date="1996-11-15"/>
  </code>
</codes>
<codes class="bip:topics:1.0">
  <code code="C24">
    <editdetail attribution="Reuters BIP Coding Group" action="confirmed" date="1996-11-15"/>
  </code>
  <code code="CCAT">
    <editdetail attribution="Reuters BIP Coding Group" action="confirmed" date="1996-11-15"/>
  </code>
</codes>
<dc element="dc.date.created" value="1996-11-15"/>
<dc element="dc.publisher" value="Reuters Holdings Plc"/>
<dc element="dc.date.published" value="1996-11-15"/>
<dc element="dc.source" value="Reuters"/>
<dc element="dc.creator.location" value="MINNEAPOLIS"/>
<dc element="dc.creator.location.country.name" value="USA"/>
<dc element="dc.source" value="Reuters"/>
</metadata>
</newsitem>
