<?xml version="1.0" encoding="iso-8859-1" ?>
<newsitem itemid="700532" id="root" date="1997-07-01" xml:lang="en">
<title>INDONESIA: Indonesia shipping - Tanjung Priok - July 1.</title>
<headline>Indonesia shipping - Tanjung Priok - July 1.</headline>
<text>
<p>Vessels at Tanjung Priok Port,</p>
<p>Jakarta Summary:</p>
<p>Vessels unloading : 31   Vessels loading : 07</p>
<p>---------------------------------------------------------------</p>
<p>Name	    Arrival     Scheduled    P/Origin    Unloading Grt</p>
<p>		  Date/Time   departure    P/Dest	Loading</p>
<p>---------------------------------------------------------------</p>
<p>Gao Peng	01-07-97    04-07-97     Belawan     garlic</p>
<p>2,909	   0800	  0800	   S'pore	2,909 tns</p>
<p>Global Putra Indonesia Maritim				 -</p>
<p>---------------------------------------------------------------</p>
<p>Felicia	 30-06-97    01-07-97     Darwin	cows</p>
<p>3,183	   1200	  1200	   Darwin	1,669 heads</p>
<p>Djakarta Lloyd						     -</p>
<p>---------------------------------------------------------------</p>
<p>TK.Regency-   30-06-97    02-07-97     Bangkok     gypsum</p>
<p>4+TB.Ocean-   1700	  1600	   S'pore	6,000 tns</p>
<p>S-2								    -</p>
<p>3,148</p>
<p>Caomexindon Maritime</p>
<p>---------------------------------------------------------------</p>
<p>Sibel Deval   01-07-97    05-07-97     Bangkok     g.cargo</p>
<p>14,673	  0700	  0800	   T.Perak     4,817 tns</p>
<p>Andhika Line							 -</p>
<p>---------------------------------------------------------------</p>
<p>Leopard	 01-07-97    01-07-97     Cirebon     explosive</p>
<p>1,093	   0800	  1600	   S'pore	26 tns</p>
<p>Samudera Indonesia						 -</p>
<p>---------------------------------------------------------------</p>
<p>CNJ III-19    30-06-97    01-07-97     S'pore	container</p>
<p>3,257	   2200	  1600	   Panjang     41 teus</p>
<p>Bahari Haluan Samudera				     container</p>
<p>								   150 teus</p>
<p>---------------------------------------------------------------</p>
<p>Cormorant-    01-07-97    04-07-97     Cigading    pulp +</p>
<p>Arrow	   1400	  1500	   S'pore	granite stone</p>
<p>28,005							   10,535 tns</p>
<p>Djakarta Lloyd						     -</p>
<p>---------------------------------------------------------------</p>
<p>Opal Ray	01-07-97    02-07-97     Inchoen     timor cars</p>
<p>22,454	  1100	  1100	   Inchoen     2,424 units</p>
<p>Tirta Samudera Caraka					    -</p>
<p>---------------------------------------------------------------</p>
<p>Hosei-1	 01-07-97    04-07-97     S'pore	g.cargo</p>
<p>3,947	   1300	  2300	   S'pore	3,623 tns</p>
<p>Samudera Indonesia						 -</p>
<p>---------------------------------------------------------------</p>
<p>Nzol-	   01-07-97    03-07-97     T.Priok     g.cargo</p>
<p>Chalengger    1100	  2400	   P.Klang     1,500 tns</p>
<p>14,385							   container</p>
<p>Bendera Mas Nusantara					68 teus</p>
<p>								   g.cargo</p>
<p>								   26 tns</p>
<p>								   container</p>
<p>								   33 teus</p>
<p>---------------------------------------------------------------</p>
<p>Sinar Jaya    01-07-97    02-07-97     S'pore	container</p>
<p>10,756	  1900	  1100	   S'pore	488 teus</p>
<p>Samudera Indonesia						 -</p>
<p>---------------------------------------------------------------</p>
<p>---------------------------------------------------------------</p>
<p>Hanjin-	 01-07-97    02-07-97     Manila	container</p>
<p>Kunsan	  1100	  0900	   Manila	178 teus</p>
<p>15,561							   container</p>
<p>Bumi Laut Shipping					   494 teus</p>
<p>---------------------------------------------------------------</p>
<p>Golden-	 30-06-97    01-07-97     Taiwan	lube oil</p>
<p>Frontier	0700	  2300	   Australia   3,500 tns</p>
<p>5,667								 -</p>
<p>Pertamina</p>
<p>---------------------------------------------------------------</p>
<p>Xing Cheng    29-06-97    03-07-97     S'pore	g.cargo</p>
<p>4,976	   0800	  1500	   S'pore	10,000 tns</p>
<p>Djakarta Lloyd						    -</p>
<p>---------------------------------------------------------------</p>
<p>TK.LU-80+TB-  29-06-97    02-07-97     S'pore	steel product</p>
<p>LM.Venture    2200	  1500	   S'pore	748 tns</p>
<p>890								   -</p>
<p>Sri Jaya Shipping</p>
<p>---------------------------------------------------------------</p>
<p>Ever Forest   29-06-97    03-07-97     Melbourne   soda ash</p>
<p>17,262	  1100	  1500	   S'pore	15,987 tns</p>
<p>Tirta Samudera Caraka					   -</p>
<p>---------------------------------------------------------------</p>
<p>TK.Elane+TB-  29-06-97    01-07-96     S'pore	scrapt metal</p>
<p>Ericson	 0800	  0800	   S'pore	2,991 tns</p>
<p>1,478								 -</p>
<p>Arpeni Pratama Ocean Line</p>
<p>---------------------------------------------------------------</p>
<p>Panca-	  29-06-97    01-07-97     Cilacap     crude oil</p>
<p>Samudera	1600	  2400	   S'pore	24,461 tns</p>
<p>23,183								-</p>
<p>Pertamina</p>
<p>---------------------------------------------------------------</p>
<p>Tai Shun Hai  29-06-97    02-07-97     Canada	cereal</p>
<p>29,598	  1800	  1800	   Canada	29,000 tns</p>
<p>Bogasari							    -</p>
<p>---------------------------------------------------------------</p>
<p>Sun Marina    30-06-97    01-07-97     Yokohama    methyl ethyl</p>
<p>5,001	   0700	  0600	   Merak	 glicyl</p>
<p>Samudera Indonesia					   1,914 tns</p>
<p>									-</p>
<p>---------------------------------------------------------------</p>
<p>Kestrel Arrow 29-06-97    01-07-97     Taiwan	paper</p>
<p>24,787	  2100	  0700	   T.Perak     3,024 tns</p>
<p>Djakarta Lloyd						    -</p>
<p>---------------------------------------------------------------</p>
<p>Sun Kung-9    30-06-97    01-07-97     HongKong    g.cargo</p>
<p>5,554	   0800	  1600	   Panjang     5,873 tns</p>
<p>Bahtra Adhiguna						   -</p>
<p>---------------------------------------------------------------</p>
<p>---------------------------------------------------------------</p>
<p>Uni Shine     30-06-97    01-07-97     T.Perak     container</p>
<p>14,152	  0900	  1700	   HongKong    301 teus</p>
<p>Jakarta Pacific Line					 container</p>
<p>								   300 teus</p>
<p>---------------------------------------------------------------</p>
<p>Concordia     30-06-97    01-07-97     S'pore	container</p>
<p>17,468	  0700	  1500	   S'pore	492 teus</p>
<p>Arpeni Pratama Ocean Line				  container</p>
<p>								   500 teus</p>
<p>---------------------------------------------------------------</p>
<p>Ming Victory  30-06-97    01-07-97     Manila	container</p>
<p>15,200	  1900	  1300	   T.Perak     169 teus</p>
<p>Harta Hariman						  container</p>
<p>								   225 teus</p>
<p>---------------------------------------------------------------</p>
<p>Australian-   30-06-97    01-07-97     S'pore	container</p>
<p>Enterprise    1100	  0300	   Fremantl    201 teus</p>
<p>35,739							   container</p>
<p>Pelayaran Nasional Indonesia			     199 teus</p>
<p>---------------------------------------------------------------</p>
<p>Handy-	  27-06-97    02-07-97     Fukuyama    clinker</p>
<p>Islander-     1100	  1500	   Fukuyama    25,500 tns</p>
<p>+TK.QM-18							    -</p>
<p>17,189</p>
<p>Mahakam</p>
<p>---------------------------------------------------------------</p>
<p>Tong Shue     26-06-97    02-07-97     XingKiang   g.cargo</p>
<p>11,630	  0800	  0700	   Tanjung-    9,155 tns</p>
<p>Trikora Lloyd				  Perak		-</p>
<p>---------------------------------------------------------------</p>
<p>An Da Hai     24-06-97    03-06-97     Xingkiang   g.cargo</p>
<p>16,681	  1900	  0700	   Xingkiang   9,264 tns</p>
<p>Bahtera Adhiguna						   -</p>
<p>---------------------------------------------------------------</p>
<p>Sea Guardian  21-06-97    03-07-97     Brazillia   cattle fodder</p>
<p>27,554	  2000	  1500	   T.Perak     22,000 tns</p>
<p>Bahtera Adhiguna						   -</p>
<p>---------------------------------------------------------------</p>
<p>Pasific-	19-06-97    01-07-97     Fremantle   scrapt metal</p>
<p>Splendor	1500	  1500	   S'pore	22,493 tns</p>
<p>24,791								 -</p>
<p>Bahtera Adhiguna</p>
<p>---------------------------------------------------------------</p>
<p>--Jakarta Newsroom +6221 384-6364</p>
</text>
<copyright>(c) Reuters Limited 1997</copyright>
<metadata>
<codes class="bip:countries:1.0">
  <code code="INDON">
    <editdetail attribution="Reuters BIP Coding Group" action="confirmed" date="1997-07-01"/>
  </code>
</codes>
<codes class="bip:topics:1.0">
  <code code="M14">
    <editdetail attribution="Reuters BIP Coding Group" action="confirmed" date="1997-07-01"/>
  </code>
  <code code="MCAT">
    <editdetail attribution="Reuters BIP Coding Group" action="confirmed" date="1997-07-01"/>
  </code>
</codes>
<dc element="dc.publisher" value="Reuters Holdings Plc"/>
<dc element="dc.date.published" value="1997-07-01"/>
<dc element="dc.source" value="Reuters"/>
<dc element="dc.creator.location.country.name" value="INDONESIA"/>
<dc element="dc.source" value="Reuters"/>
</metadata>
</newsitem>
