<?xml version="1.0" encoding="iso-8859-1" ?>
<newsitem itemid="530444" id="root" date="1997-04-23" xml:lang="en">
<title>USA: RESEARCH ALERT - Tupperware estimates cut.</title>
<headline>RESEARCH ALERT - Tupperware estimates cut.</headline>
<text>
<p>-- Mesirow Financial Inc said Tuesday it reduced its 1997 earnings estimate for Tupperware Corp to $2.47 a share from $2.60 and the estimate for 1998 to $2.83 from $2.97.</p>
<p>-- Mesirow said the revision stemmed from worse-than-expected results in U.S. and Asian/Pacific markets and Mesirow's expectations of a continuation of the negative trends for the next six months.</p>
<p>-- Mesirow said U.S. markets performed poorly mostly because of Tupperware's efforts to restructure, revamp and redirect its distribution network. Sales fell 28 percent to $31.6 million, Mesirow said.</p>
<p>-- It could take most of 1997 and possibly into 1998 for Tupperware to turn around both the U.S. and Asian/Pacific markets and make them strong contributors, Mesirow said.</p>
<p>-- Tupperware makes storage and other plastic products.</p>
<p>-- Its shares closed off 3-3/4 Tuesday at 31-1/2.</p>
<p>((Chicago newsdesk (312) 408-8787))</p>
</text>
<copyright>(c) Reuters Limited 1997</copyright>
<metadata>
<codes class="bip:countries:1.0">
  <code code="USA">
    <editdetail attribution="Reuters BIP Coding Group" action="confirmed" date="1997-04-23"/>
  </code>
</codes>
<codes class="bip:industries:1.0">
  <code code="I48300">
    <editdetail attribution="Reuters BIP Coding Group" action="confirmed" date="1997-04-23"/>
  </code>
</codes>
<codes class="bip:topics:1.0">
  <code code="C15">
    <editdetail attribution="Reuters BIP Coding Group" action="confirmed" date="1997-04-23"/>
  </code>
  <code code="C152">
    <editdetail attribution="Reuters BIP Coding Group" action="confirmed" date="1997-04-23"/>
  </code>
  <code code="CCAT">
    <editdetail attribution="Reuters BIP Coding Group" action="confirmed" date="1997-04-23"/>
  </code>
</codes>
<dc element="dc.publisher" value="Reuters Holdings Plc"/>
<dc element="dc.date.published" value="1997-04-23"/>
<dc element="dc.source" value="Reuters"/>
<dc element="dc.creator.location.country.name" value="USA"/>
<dc element="dc.source" value="Reuters"/>
</metadata>
</newsitem>
