<?xml version="1.0" encoding="iso-8859-1" ?>
<newsitem itemid="680312" id="root" date="1997-06-23" xml:lang="en">
<title>USA: Ohio wheat development late but condition improves.</title>
<headline>Ohio wheat development late but condition improves.</headline>
<dateline>CHICAGO 1997-06-23</dateline>
<text>
<p>Winter wheat development in Ohio was behind normal as of Sunday, according to the Ohio Agricultural Statistics Service.</p>
<p>Nine percent of the crop was turning color, down from 23 percent last year and a five-year average of 45 percent. The report said the crop was 10 days behind average.</p>
<p>Winter wheat was rated 63 percent good to excellent, up from 56 percent a week earlier.</p>
<p>Corn condition also improved to 59 percent good to excellent, up from 53 percent a week earlier. Emergence had reached 98 percent, versus an average of 95 percent.</p>
<p>&quot;The average corn development for the state is three or four leaves fully emerged,&quot; the report said.</p>
<p>Soybean planting was 95 percent complete, up from 88 percent a week earlier and up from a normal 93 percent.</p>
<p>Emergence was marginally behind normal at 82 percent versus 83 percent. Soybeans were rated 53 percent good or excellent, up from 48 percent a week earlier.</p>
<p>((Chicago Newsdesk 312-408-8720))</p>
</text>
<copyright>(c) Reuters Limited 1997</copyright>
<metadata>
<codes class="bip:countries:1.0">
  <code code="USA">
    <editdetail attribution="Reuters BIP Coding Group" action="confirmed" date="1997-06-23"/>
  </code>
</codes>
<codes class="bip:industries:1.0">
  <code code="I01001">
    <editdetail attribution="Reuters BIP Coding Group" action="confirmed" date="1997-06-23"/>
  </code>
  <code code="I0100132">
    <editdetail attribution="Reuters BIP Coding Group" action="confirmed" date="1997-06-23"/>
  </code>
</codes>
<codes class="bip:topics:1.0">
  <code code="C21">
    <editdetail attribution="Reuters BIP Coding Group" action="confirmed" date="1997-06-23"/>
  </code>
  <code code="C24">
    <editdetail attribution="Reuters BIP Coding Group" action="confirmed" date="1997-06-23"/>
  </code>
  <code code="CCAT">
    <editdetail attribution="Reuters BIP Coding Group" action="confirmed" date="1997-06-23"/>
  </code>
  <code code="M14">
    <editdetail attribution="Reuters BIP Coding Group" action="confirmed" date="1997-06-23"/>
  </code>
  <code code="M141">
    <editdetail attribution="Reuters BIP Coding Group" action="confirmed" date="1997-06-23"/>
  </code>
  <code code="MCAT">
    <editdetail attribution="Reuters BIP Coding Group" action="confirmed" date="1997-06-23"/>
  </code>
</codes>
<dc element="dc.date.created" value="1997-06-23"/>
<dc element="dc.publisher" value="Reuters Holdings Plc"/>
<dc element="dc.date.published" value="1997-06-23"/>
<dc element="dc.source" value="Reuters"/>
<dc element="dc.creator.location" value="CHICAGO"/>
<dc element="dc.creator.location.country.name" value="USA"/>
<dc element="dc.source" value="Reuters"/>
</metadata>
</newsitem>
