<?xml version="1.0" encoding="iso-8859-1" ?>
<newsitem itemid="526656" id="root" date="1997-04-21" xml:lang="en">
<title>FRANCE: Cr Lyonnais plan to go to EU soon - paper.</title>
<headline>Cr Lyonnais plan to go to EU soon - paper.</headline>
<dateline>PARIS 1997-04-21</dateline>
<text>
<p>The French government will submit a long-awaited privatisation plan for state-controlled bank Credit Lyonnais to the European Commission in the next few days, the French business daily Les Echos said.</p>
<p>The plan, originally due to be sent to the Commission in February, will involve the sale of virtually all the bank's European subsidiaries and will not provide for any recapitalisation of the bank, the newspaper said.</p>
<p>The newspaper said that capital gains from sale of certain of the bank's subsidiaries would offset capital losses from sale of other units.</p>
<p>Credit Lyonnais' 50 percent stake in German bank BfG would receive &quot;special treatment&quot;, the newspaper said. Bank officials have said sale of the stake could trigger a five billion franc loss.</p>
<p>The centre-right government had originally been expected to recapitalise the bank to pave the way for its privatisation, expected in late 1998 or early 1999.</p>
<p>But Finance Minister Jean Arthuis said earlier this month that there was &quot;no question of the state taking part in a new recapitalisation&quot;.</p>
<p>The bank's unexpectedly strong recovery is believed to have been a factor in the government's decision not to recapitalise the bank, banking analysts have said.</p>
<p>The government has bailed out Credit Lyonnais twice since the bank nearly collapsed in the early 1990s under the weight of its lending excesses. -- Paris Newsroom, +33 1 4221 5452</p>
</text>
<copyright>(c) Reuters Limited 1997</copyright>
<metadata>
<codes class="bip:countries:1.0">
  <code code="EEC">
    <editdetail attribution="Reuters BIP Coding Group" action="confirmed" date="1997-04-21"/>
  </code>
  <code code="FRA">
    <editdetail attribution="Reuters BIP Coding Group" action="confirmed" date="1997-04-21"/>
  </code>
  <code code="GFR">
    <editdetail attribution="Reuters BIP Coding Group" action="confirmed" date="1997-04-21"/>
  </code>
</codes>
<codes class="bip:industries:1.0">
  <code code="I81402">
    <editdetail attribution="Reuters BIP Coding Group" action="confirmed" date="1997-04-21"/>
  </code>
</codes>
<codes class="bip:topics:1.0">
  <code code="C18">
    <editdetail attribution="Reuters BIP Coding Group" action="confirmed" date="1997-04-21"/>
  </code>
  <code code="C181">
    <editdetail attribution="Reuters BIP Coding Group" action="confirmed" date="1997-04-21"/>
  </code>
  <code code="C183">
    <editdetail attribution="Reuters BIP Coding Group" action="confirmed" date="1997-04-21"/>
  </code>
  <code code="CCAT">
    <editdetail attribution="Reuters BIP Coding Group" action="confirmed" date="1997-04-21"/>
  </code>
  <code code="G15">
    <editdetail attribution="Reuters BIP Coding Group" action="confirmed" date="1997-04-21"/>
  </code>
  <code code="G152">
    <editdetail attribution="Reuters BIP Coding Group" action="confirmed" date="1997-04-21"/>
  </code>
  <code code="GCAT">
    <editdetail attribution="Reuters BIP Coding Group" action="confirmed" date="1997-04-21"/>
  </code>
</codes>
<dc element="dc.date.created" value="1997-04-21"/>
<dc element="dc.publisher" value="Reuters Holdings Plc"/>
<dc element="dc.date.published" value="1997-04-21"/>
<dc element="dc.source" value="Reuters"/>
<dc element="dc.creator.location" value="PARIS"/>
<dc element="dc.creator.location.country.name" value="FRANCE"/>
<dc element="dc.source" value="Reuters"/>
</metadata>
</newsitem>
