<?xml version="1.0" encoding="iso-8859-1" ?>
<newsitem itemid="8361" id="root" date="1996-08-22" xml:lang="en">
<title>PORTUGAL: BPI shares jump after BFE sale.</title>
<headline>BPI shares jump after BFE sale.</headline>
<dateline>LISBON 1996-08-22</dateline>
<text>
<p>Shares in Banco Portugues de Investimento (BPI) jumped on Lisbon bourse after news it was the only candidate in the privatisation of Banco de Fomento &amp; Exterior (BFE) approved by the jury, dealers said.</p>
<p>&quot;The price jumped because the news that there was only one accepted bidder should mean that it will be cheaper to buy BFE,&quot; said one analyst, who asked not to be identified.</p>
<p>Three candidates -- BPI, Banco Finantia and Banco Nacional de Credito Imobiliario -- had lodged bids to buy BFE.</p>
<p>BPI shares rose to a high for the year of 2,102 escudos, up 92 escudos, in volume of 125,516 shares.  </p>
<p>The price offered by BPI for BFE was not immediately known.</p>
<p>BPI was the only candidate for the state's 65 percent stake in BFE whose bid was approved by the selection jury, Finance Minister Antonio Sousa Franco told a news conference.</p>
<p>Shares in BFE were suspended on Thursday at 2,545 escudos ($16.6) ahead of the news conference.</p>
<p>Shares in cement group Cimpor-Cimentos de Portugal, which has an 11.06 percent stake in BFE, were down 40 escudos at 3,350 escudos 1353 GMT.</p>
<p>($1=152.96)</p>
<p>-- Lisbon newsroom +351-1-3538254</p>
</text>
<copyright>(c) Reuters Limited 1996</copyright>
<metadata>
<codes class="bip:countries:1.0">
  <code code="PORL">
    <editdetail attribution="Reuters BIP Coding Group" action="confirmed" date="1996-08-22"/>
  </code>
</codes>
<codes class="bip:industries:1.0">
  <code code="I81402">
    <editdetail attribution="Reuters BIP Coding Group" action="confirmed" date="1996-08-22"/>
  </code>
  <code code="I83100">
    <editdetail attribution="Reuters BIP Coding Group" action="confirmed" date="1996-08-22"/>
  </code>
</codes>
<codes class="bip:topics:1.0">
  <code code="C15">
    <editdetail attribution="Reuters BIP Coding Group" action="confirmed" date="1996-08-22"/>
  </code>
  <code code="C152">
    <editdetail attribution="Reuters BIP Coding Group" action="confirmed" date="1996-08-22"/>
  </code>
  <code code="C18">
    <editdetail attribution="Reuters BIP Coding Group" action="confirmed" date="1996-08-22"/>
  </code>
  <code code="C181">
    <editdetail attribution="Reuters BIP Coding Group" action="confirmed" date="1996-08-22"/>
  </code>
  <code code="C183">
    <editdetail attribution="Reuters BIP Coding Group" action="confirmed" date="1996-08-22"/>
  </code>
  <code code="CCAT">
    <editdetail attribution="Reuters BIP Coding Group" action="confirmed" date="1996-08-22"/>
  </code>
</codes>
<dc element="dc.date.created" value="1996-08-22"/>
<dc element="dc.publisher" value="Reuters Holdings Plc"/>
<dc element="dc.date.published" value="1996-08-22"/>
<dc element="dc.source" value="Reuters"/>
<dc element="dc.creator.location" value="LISBON"/>
<dc element="dc.creator.location.country.name" value="PORTUGAL"/>
<dc element="dc.source" value="Reuters"/>
</metadata>
</newsitem>
