<?xml version="1.0" encoding="iso-8859-1" ?>
<newsitem itemid="259873" id="root" date="1996-12-16" xml:lang="en">
<title>SWEDEN: Astra working on drugs to take over Losec.</title>
<headline>Astra working on drugs to take over Losec.</headline>
<dateline>STOCKHOLM 1996-12-16</dateline>
<text>
<p>Swedish drug company Astra AB said on Monday it was developing the next generation Losec products and the first ones should be on the market when the company's patent for Losec expires.</p>
<p>&quot;The first versions of the new generation Losec products should be on the market before the Oneprazole (Losec's ingredient) patent expires on its largest markets,&quot; Astra Hassle's division head Martin Nicklasson said at a seminar.</p>
<p>-- Lena Torlegard, Stockholm newsroom +46-8-700 1018</p>
</text>
<copyright>(c) Reuters Limited 1996</copyright>
<metadata>
<codes class="bip:countries:1.0">
  <code code="SWED">
    <editdetail attribution="Reuters BIP Coding Group" action="confirmed" date="1996-12-16"/>
  </code>
</codes>
<codes class="bip:industries:1.0">
  <code code="I25700">
    <editdetail attribution="Reuters BIP Coding Group" action="confirmed" date="1996-12-16"/>
  </code>
</codes>
<codes class="bip:topics:1.0">
  <code code="C21">
    <editdetail attribution="Reuters BIP Coding Group" action="confirmed" date="1996-12-16"/>
  </code>
  <code code="C23">
    <editdetail attribution="Reuters BIP Coding Group" action="confirmed" date="1996-12-16"/>
  </code>
  <code code="CCAT">
    <editdetail attribution="Reuters BIP Coding Group" action="confirmed" date="1996-12-16"/>
  </code>
  <code code="GCAT">
    <editdetail attribution="Reuters BIP Coding Group" action="confirmed" date="1996-12-16"/>
  </code>
  <code code="GHEA">
    <editdetail attribution="Reuters BIP Coding Group" action="confirmed" date="1996-12-16"/>
  </code>
</codes>
<dc element="dc.date.created" value="1996-12-16"/>
<dc element="dc.publisher" value="Reuters Holdings Plc"/>
<dc element="dc.date.published" value="1996-12-16"/>
<dc element="dc.source" value="Reuters"/>
<dc element="dc.creator.location" value="STOCKHOLM"/>
<dc element="dc.creator.location.country.name" value="SWEDEN"/>
<dc element="dc.source" value="Reuters"/>
</metadata>
</newsitem>
