<?xml version="1.0" encoding="iso-8859-1" ?>
<newsitem itemid="491958" id="root" date="1997-04-07" xml:lang="en">
<title>LEBANON: Yields mixed on Lebanese t-bills.</title>
<headline>Yields mixed on Lebanese t-bills.</headline>
<dateline>BEIRUT 1997-04-07</dateline>
<text>
<p>Yields fell on shorter-term Lebanese treasury bills and held steady on the longer-term bills for the fourth successive week, the Bank of Lebanon said on Monday.</p>
<p>It announced the following interest rates for its April 10 issues (previous week in brackets):</p>
<p>    Term		     Discount		     Yield</p>
<p>				(percent)		   (percent)</p>
<p>    Three months	  13.27 (13.28)	     13.72 (13.73)</p>
<p>    Six months	    13.49 (13.50)	     14.46 (14.47)</p>
<p>    12 months	     13.20 (13.20)	     15.20 (15.20)</p>
<p>    24 months   (Interest payable twice yearly) 16.08 (16.08)</p>
<p>-Beirut editorial (961 1) 602057 745307 745308</p>
</text>
<copyright>(c) Reuters Limited 1997</copyright>
<metadata>
<codes class="bip:countries:1.0">
  <code code="LEBAN">
    <editdetail attribution="Reuters BIP Coding Group" action="confirmed" date="1997-04-07"/>
  </code>
</codes>
<codes class="bip:topics:1.0">
  <code code="M13">
    <editdetail attribution="Reuters BIP Coding Group" action="confirmed" date="1997-04-07"/>
  </code>
  <code code="M131">
    <editdetail attribution="Reuters BIP Coding Group" action="confirmed" date="1997-04-07"/>
  </code>
  <code code="MCAT">
    <editdetail attribution="Reuters BIP Coding Group" action="confirmed" date="1997-04-07"/>
  </code>
</codes>
<dc element="dc.date.created" value="1997-04-07"/>
<dc element="dc.publisher" value="Reuters Holdings Plc"/>
<dc element="dc.date.published" value="1997-04-07"/>
<dc element="dc.source" value="Reuters"/>
<dc element="dc.creator.location" value="BEIRUT"/>
<dc element="dc.creator.location.country.name" value="LEBANON"/>
<dc element="dc.source" value="Reuters"/>
</metadata>
</newsitem>
