<?xml version="1.0" encoding="iso-8859-1" ?>
<newsitem itemid="48994" id="root" date="1996-09-12" xml:lang="en">
<title>BULGARIA: Bulgaria to set price limits for basic foods.</title>
<headline>Bulgaria to set price limits for basic foods.</headline>
<dateline>SOFIA 1996-09-12</dateline>
<text>
<p>Bulgaria's cabinet on Thursday decided to impose maximum price limits for basic foods in a bid to counter profiteering amid rising inflation sparked by a falling lev and economic instablity, an official said.</p>
<p>&quot;The government is introducing maximum acceptable prices for flour, bread, cooking oil, milk, butter and cheese,&quot; the National Prices Commitee chairman Dimitar Grivekov told reporters after the cabinet's regular weekly session.</p>
<p>Under the new pricing scheme the allowed profit for food producers will be raised by six points to 18 percent of costs and for traders it will stay unchanged at 14 percent, Grivekov added.</p>
<p>The highest permitted price levels are expected to be determined after discussions with the respective producers' unions, Grivekov added.</p>
<p>Consumer price inflation has soared to a cumulative 113 percent for the first eight months after reaching a record high of 23.3 percent in July.</p>
<p>Inflation in Bulgaria is closely linked to the lev/ dollar exchange rate and inflation rate rises in proportion to the dollar rise against the local currency.</p>
<p>The lev has lost 230 percent of its value against the dollar since the beginning of the year.</p>
<p>The government's decision to reimpose price controls is the first since February 1990, when the first post-communist interim government of Dimitar Popov lifted most price controls to offset grave shortages.</p>
<p>&quot;Setting fixed prices (for foods) is not possible because the state has no money to subsidise producers,&quot; Grevekov said. @</p>
<p>-- Sofia Newsroom, (++359-2) 981 8569; 981 4145</p>
</text>
<copyright>(c) Reuters Limited 1996</copyright>
<metadata>
<codes class="bip:countries:1.0">
  <code code="BUL">
    <editdetail attribution="Reuters BIP Coding Group" action="confirmed" date="1996-09-12"/>
  </code>
</codes>
<codes class="bip:industries:1.0">
  <code code="I41000">
    <editdetail attribution="Reuters BIP Coding Group" action="confirmed" date="1996-09-12"/>
  </code>
  <code code="I42000">
    <editdetail attribution="Reuters BIP Coding Group" action="confirmed" date="1996-09-12"/>
  </code>
</codes>
<codes class="bip:topics:1.0">
  <code code="C13">
    <editdetail attribution="Reuters BIP Coding Group" action="confirmed" date="1996-09-12"/>
  </code>
  <code code="C31">
    <editdetail attribution="Reuters BIP Coding Group" action="confirmed" date="1996-09-12"/>
  </code>
  <code code="CCAT">
    <editdetail attribution="Reuters BIP Coding Group" action="confirmed" date="1996-09-12"/>
  </code>
  <code code="E12">
    <editdetail attribution="Reuters BIP Coding Group" action="confirmed" date="1996-09-12"/>
  </code>
  <code code="E13">
    <editdetail attribution="Reuters BIP Coding Group" action="confirmed" date="1996-09-12"/>
  </code>
  <code code="E131">
    <editdetail attribution="Reuters BIP Coding Group" action="confirmed" date="1996-09-12"/>
  </code>
  <code code="ECAT">
    <editdetail attribution="Reuters BIP Coding Group" action="confirmed" date="1996-09-12"/>
  </code>
</codes>
<dc element="dc.date.created" value="1996-09-12"/>
<dc element="dc.publisher" value="Reuters Holdings Plc"/>
<dc element="dc.date.published" value="1996-09-12"/>
<dc element="dc.source" value="Reuters"/>
<dc element="dc.creator.location" value="SOFIA"/>
<dc element="dc.creator.location.country.name" value="BULGARIA"/>
<dc element="dc.source" value="Reuters"/>
</metadata>
</newsitem>
