<?xml version="1.0" encoding="iso-8859-1" ?>
<newsitem itemid="204412" id="root" date="1996-11-20" xml:lang="en">
<title>SWEDEN: Ericsson wins 1 bln SKR Thai contract.</title>
<headline>Ericsson wins 1 bln SKR Thai contract.</headline>
<dateline>STOCKHOLM 1996-11-20</dateline>
<text>
<p>Swedish telecoms giant L M Ericsson AB said on Wednesday it had signed a contract with Thai telephone operator, the Telephone Organisation of Thailand, for AXE exchanges worth one billion crowns.  </p>
<p>In a statement, Ericsson said the major part of the deliveries and installations would take place in 1997.</p>
<p>The Thai group, TOT, is a state-owned telecom company providing a national public telecommunications service in Thailand.</p>
<p>Ericsson spokesman Rolf Granstrom said the two companies have had an excellent relationship since TOT was formed in 1954.</p>
<p>TOT has plans over the next five years to more than double the number of its lines which means six million lines will be installed across the country by the year 2001.</p>
<p>Ericsson currently has about 900 staff in Thailand with a head office in Bangkok and production unit for AXE exchanges at Ayuthaya, north of the capital.</p>
<p>-- Belinda Goldsmith, Stockholm newsroom +46-8-700-1045</p>
</text>
<copyright>(c) Reuters Limited 1996</copyright>
<metadata>
<codes class="bip:countries:1.0">
  <code code="SWED">
    <editdetail attribution="Reuters BIP Coding Group" action="confirmed" date="1996-11-20"/>
  </code>
  <code code="THAIL">
    <editdetail attribution="Reuters BIP Coding Group" action="confirmed" date="1996-11-20"/>
  </code>
</codes>
<codes class="bip:industries:1.0">
  <code code="I34400">
    <editdetail attribution="Reuters BIP Coding Group" action="confirmed" date="1996-11-20"/>
  </code>
</codes>
<codes class="bip:topics:1.0">
  <code code="C33">
    <editdetail attribution="Reuters BIP Coding Group" action="confirmed" date="1996-11-20"/>
  </code>
  <code code="CCAT">
    <editdetail attribution="Reuters BIP Coding Group" action="confirmed" date="1996-11-20"/>
  </code>
</codes>
<dc element="dc.date.created" value="1996-11-20"/>
<dc element="dc.publisher" value="Reuters Holdings Plc"/>
<dc element="dc.date.published" value="1996-11-20"/>
<dc element="dc.source" value="Reuters"/>
<dc element="dc.creator.location" value="STOCKHOLM"/>
<dc element="dc.creator.location.country.name" value="SWEDEN"/>
<dc element="dc.source" value="Reuters"/>
</metadata>
</newsitem>
