<?xml version="1.0" encoding="iso-8859-1" ?>
<newsitem itemid="41139" id="root" date="1996-09-09" xml:lang="en">
<title>MEXICO: Altos Hornos de Mexico granted ISO-9002.</title>
<headline>Altos Hornos de Mexico granted ISO-9002.</headline>
<dateline>MONTERREY, Mexico 1996-09-09</dateline>
<text>
<p>Mexican steelmaker Altos Hornos de Mexico obtained the respected International Standards Organization (ISO) 9002 quality certification for two of its product lines, said the newspaper El Diario de Monterrey.</p>
<p>Certification was granted for cold-rolled steel and electroplated products after an audit undertaken September 5 and 6 by Societe Generale de Surveillance, a Swiss company specializing in international standards compliance.</p>
<p>In addition to the new certification, another eight of Altos Hornos' product lines already comply with the International Standards Organization, according to El Diario de Monterrey.</p>
<p>-- Deborah Montesinos, Monterrey newsroom, +5283 429475</p>
</text>
<copyright>(c) Reuters Limited 1996</copyright>
<metadata>
<codes class="bip:countries:1.0">
  <code code="MEX">
    <editdetail attribution="Reuters BIP Coding Group" action="confirmed" date="1996-09-09"/>
  </code>
</codes>
<codes class="bip:industries:1.0">
  <code code="I22100">
    <editdetail attribution="Reuters BIP Coding Group" action="confirmed" date="1996-09-09"/>
  </code>
</codes>
<codes class="bip:topics:1.0">
  <code code="C13">
    <editdetail attribution="Reuters BIP Coding Group" action="confirmed" date="1996-09-09"/>
  </code>
  <code code="C24">
    <editdetail attribution="Reuters BIP Coding Group" action="confirmed" date="1996-09-09"/>
  </code>
  <code code="CCAT">
    <editdetail attribution="Reuters BIP Coding Group" action="confirmed" date="1996-09-09"/>
  </code>
</codes>
<dc element="dc.date.created" value="1996-09-09"/>
<dc element="dc.publisher" value="Reuters Holdings Plc"/>
<dc element="dc.date.published" value="1996-09-09"/>
<dc element="dc.source" value="Reuters"/>
<dc element="dc.creator.location" value="MONTERREY, Mexico"/>
<dc element="dc.creator.location.country.name" value="MEXICO"/>
<dc element="dc.source" value="Reuters"/>
</metadata>
</newsitem>
