<?xml version="1.0" encoding="iso-8859-1" ?>
<newsitem itemid="420879" id="root" date="1997-03-05" xml:lang="en">
<title>LITHUANIA: PRESS DIGEST - Lithuania - March 5.</title>
<headline>PRESS DIGEST - Lithuania - March 5.</headline>
<dateline>VILNIUS 1997-03-05</dateline>
<text>
<p>Lithuanian newspapers carried the following reports in their Wednesday editions. Reuters has not verified these stories and does not vouch for their accuracy:</p>
<p>LIETUVOS RYTAS</p>
<p>- The ruling Homeland Union party goes to the local elections with basketball players. The head coach of the national basketball team Vladas Garastas and Atlanta Olympics prize winner Tomas Pacesas were included in the candidate list of the Homeland Union.</p>
<p>- The Vilnius prosecutor's office finished the investigation of the biggest petroleum smuggling case involving 11 million litas of petroleum. Four out of six suspects are customs officials.</p>
<p>- The healh care minister intends to promote the local production of pharmaceuticals.</p>
<p>RESPUBLIKA</p>
<p>- Hungarian President Arpad Goncz, who arrived in Vilnius on an official visit, promised that his country will co-operate with Lithuania in seeking membership of EU and NATO.</p>
<p>- The newspaper publishes an interview with the sentenced leader of Kaunas criminal world, Henrikas Daktaras, who denies his guilt.</p>
<p>- Italy is ready to start negotiations concerning a visa-free regime and re-admission agreements  between the two countries.</p>
<p>LIETUVOS AIDAS</p>
<p>- The newspaper publishes an interview with Darius Ereminas who underwent kidney transplant surgery four months ago about the problems he had to overcome after the operation.</p>
<p>VERSLO ZINIOS</p>
<p>- Lithuanian President Algirdas Brazauskas signed a law which will allow the government to pass the control of the planned Butinge oil terminal to private local and foreign investors. According to the law, the state's stake in the terminal will be 34 percent.</p>
<p>- After decentralising the heating energy sector it is expected that prices will rise 30 percent, a decrease in consumers and a flourishing small energy production sector.</p>
<p>- 50 percent of Lithuania's population would vote for membership in the EU and 11 percent against, Baltic Surveys people opinion poll shows. The number of Eurosceptics has increased by 5 percent since 1995.</p>
<p>-- Riga Newsroom +371 721 5240</p>
</text>
<copyright>(c) Reuters Limited 1997</copyright>
<metadata>
<codes class="bip:countries:1.0">
  <code code="LITH">
    <editdetail attribution="Reuters BIP Coding Group" action="confirmed" date="1997-03-05"/>
  </code>
</codes>
<codes class="bip:topics:1.0">
  <code code="GCAT">
    <editdetail attribution="Reuters BIP Coding Group" action="confirmed" date="1997-03-05"/>
  </code>
</codes>
<dc element="dc.date.created" value="1997-03-05"/>
<dc element="dc.publisher" value="Reuters Holdings Plc"/>
<dc element="dc.date.published" value="1997-03-05"/>
<dc element="dc.source" value="Reuters"/>
<dc element="dc.creator.location" value="VILNIUS"/>
<dc element="dc.creator.location.country.name" value="LITHUANIA"/>
<dc element="dc.source" value="Reuters"/>
</metadata>
</newsitem>
