<?xml version="1.0" encoding="iso-8859-1" ?>
<newsitem itemid="634251" id="root" date="1997-06-03" xml:lang="en">
<title>USA: NYC Housing Auth. repriced, yield raised in 2010.</title>
<headline>NYC Housing Auth. repriced, yield raised in 2010.</headline>
<dateline>NEW YORK 1997-06-03</dateline>
<text>
<p>Lehman Brothers repriced a $30 million New York City Housing Authority issue, raising the yield in 2010 to 5.65 percent from 5.625 percent.</p>
<p>NEW YORK CITY HOUSING AUTHORITY</p>
<p>RE: $30,375,000*</p>
<p>Section 8 Assisted Multi Family Refunding Bonds,</p>
<p>1997 Series A</p>
<p>The account is closed.</p>
<p>We have received the verbal award.</p>
<p>MOODY'S: NR		    S&amp;P: A+		    FITCH: A+</p>
<p>DATED: 06/01/1997	  FIRST COUPON: 01/01/1998</p>
<p>DUE: 01/01 &amp; 07/01</p>
<p>ALL BONDS ARE PRICED AT PAR.</p>
<p> MATURITY		AMOUNT*    COUPON</p>
<p>07/01/1998		1,695M    4.10  %</p>
<p>07/01/1999		1,790M    4.50  %</p>
<p>07/01/2000		1,870M    4.75  %</p>
<p>07/01/2001		1,960M    4.90  %</p>
<p>07/01/2002		2,060M    5.00  %</p>
<p>07/01/2003		2,165M    5.10  %</p>
<p>07/01/2004		2,275M    5.20  %</p>
<p>07/01/2005		2,395M    5.25  %</p>
<p>07/01/2006		2,525M    5.30  %</p>
<p>07/01/2007		2,660M    5.35  %</p>
<p>07/01/2008		2,805M    5.45  %</p>
<p>07/01/2010		6,175M    5.65  %</p>
<p>CALL FEATURES: 07/01/2007 at 102.00, DTP 07/01/2009</p>
<p>* - APPROXIMATE SUBJECT TO CHANGE</p>
<p>Lehman Brothers</p>
<p>Samuel A. Ramirez &amp; Company, Inc.</p>
<p>--U.S. Municipal Desk, 212-859-1650</p>
</text>
<copyright>(c) Reuters Limited 1997</copyright>
<metadata>
<codes class="bip:countries:1.0">
  <code code="USA">
    <editdetail attribution="Reuters BIP Coding Group" action="confirmed" date="1997-06-03"/>
  </code>
</codes>
<codes class="bip:topics:1.0">
  <code code="E21">
    <editdetail attribution="Reuters BIP Coding Group" action="confirmed" date="1997-06-03"/>
  </code>
  <code code="E212">
    <editdetail attribution="Reuters BIP Coding Group" action="confirmed" date="1997-06-03"/>
  </code>
  <code code="ECAT">
    <editdetail attribution="Reuters BIP Coding Group" action="confirmed" date="1997-06-03"/>
  </code>
</codes>
<dc element="dc.date.created" value="1997-06-03"/>
<dc element="dc.publisher" value="Reuters Holdings Plc"/>
<dc element="dc.date.published" value="1997-06-03"/>
<dc element="dc.source" value="Reuters"/>
<dc element="dc.creator.location" value="NEW YORK"/>
<dc element="dc.creator.location.country.name" value="USA"/>
<dc element="dc.source" value="Reuters"/>
</metadata>
</newsitem>
