<?xml version="1.0" encoding="iso-8859-1" ?>
<newsitem itemid="604856" id="root" date="1997-05-22" xml:lang="en">
<title>SIERRA LEONE: Sierra Leone bauxite mine finds potential buyer.</title>
<headline>Sierra Leone bauxite mine finds potential buyer.</headline>
<dateline>FREETOWN 1997-05-22</dateline>
<text>
<p>Sierra Leone's Sieromco bauxite mine, a subsidiary of Alusuisse-Lonza Holding AG has found a potential U.S. buyer who could enable mining to resume, Sieromco's managing director said on Thursday.</p>
<p>James Westwood told Reuters Alusuisse had agreed to sell its shares in Sierra Leone Ore and Metal Co to a U.S. company called Innovest Capital Forces Corp.</p>
<p>Westwood said Alusuisse had agreed to assign Sieromco's lease and operations agreement to Louisiana-based Innovest but the deal still needed government approval. The lease has 10 years remaining.</p>
<p>&quot;We have entered the agreement in good faith and we hope that government approval comes quickly so that operations can resume before there is further deterioration of the mines,&quot; Westwood said.</p>
<p>Innovest has financial backing from metals and minerals trader Fuci Metals USA Inc.</p>
<p>Industry sources said other firms who had shown interest in buying the mine included an Iranian company, and local firm Jupiter Export Import Ltd who have a concession in the eastern Port Loko region.</p>
<p>Sieromco began mining bauxite at Mokanji in southern Sierra Leone in 1964. Exports averaged 1.7 million tonnes a year in 1984-88 but declined to 1.3 million tonnes by 1992. The mine was overrun by rebels of the Revolutionary United Front in January 1995 and when the rebel war died down the company decided it was not economically viable to resume.</p>
<p>The company lost an estimated $30 million in assets when the mine was attacked and looted, and industry sources say it has lost a major client in Ukraine.</p>
</text>
<copyright>(c) Reuters Limited 1997</copyright>
<metadata>
<codes class="bip:countries:1.0">
  <code code="SILEN">
    <editdetail attribution="Reuters BIP Coding Group" action="confirmed" date="1997-05-22"/>
  </code>
  <code code="SWITZ">
    <editdetail attribution="Reuters BIP Coding Group" action="confirmed" date="1997-05-22"/>
  </code>
  <code code="USA">
    <editdetail attribution="Reuters BIP Coding Group" action="confirmed" date="1997-05-22"/>
  </code>
</codes>
<codes class="bip:industries:1.0">
  <code code="I21000">
    <editdetail attribution="Reuters BIP Coding Group" action="confirmed" date="1997-05-22"/>
  </code>
  <code code="I22450">
    <editdetail attribution="Reuters BIP Coding Group" action="confirmed" date="1997-05-22"/>
  </code>
</codes>
<codes class="bip:topics:1.0">
  <code code="C18">
    <editdetail attribution="Reuters BIP Coding Group" action="confirmed" date="1997-05-22"/>
  </code>
  <code code="C181">
    <editdetail attribution="Reuters BIP Coding Group" action="confirmed" date="1997-05-22"/>
  </code>
  <code code="CCAT">
    <editdetail attribution="Reuters BIP Coding Group" action="confirmed" date="1997-05-22"/>
  </code>
</codes>
<dc element="dc.date.created" value="1997-05-22"/>
<dc element="dc.publisher" value="Reuters Holdings Plc"/>
<dc element="dc.date.published" value="1997-05-22"/>
<dc element="dc.source" value="Reuters"/>
<dc element="dc.creator.location" value="FREETOWN"/>
<dc element="dc.creator.location.country.name" value="SIERRA LEONE"/>
<dc element="dc.source" value="Reuters"/>
</metadata>
</newsitem>
