<?xml version="1.0" encoding="iso-8859-1" ?>
<newsitem itemid="83827" id="root" date="1996-09-29" xml:lang="en">
<title>DUBAI: Iran seizes 800 kg of opium, kills one smuggler.</title>
<headline>Iran seizes 800 kg of opium, kills one smuggler.</headline>
<dateline>DUBAI 1996-09-29</dateline>
<text>
<p>Iran said on Sunday it had seized 800 kg (1,764 lb) of opium after clashes with drug traffickers in northern Iran in which one smuggler was killed.</p>
<p>&quot;Other traffickers fled the scene, leaving behind a number of...rocket launchers, some ammunition and an AK-47 assault rifle,&quot; Iran's official news agency IRNA said.</p>
<p>The clashes near the border with Turkmenistan took place on Saturday and Sunday, IRNA said.</p>
<p>According to Iranian law, possession of five kg (11 lb) of opium or 30 grammes (just over an ounce) of heroin is punishable by death. More than 1,000 people have been executed in drug-related cases since the law took effect in 1989.</p>
<p>Iran is a key transit route for drugs, mostly opium from which heroin is made, being smuggled to Europe via Turkey from Afghanistan and Pakistan -- the so-called &quot;Golden Crescent&quot;.</p>
</text>
<copyright>(c) Reuters Limited 1996</copyright>
<metadata>
<codes class="bip:countries:1.0">
  <code code="DUBAI">
    <editdetail attribution="Reuters BIP Coding Group" action="confirmed" date="1996-09-29"/>
  </code>
  <code code="IRAN">
    <editdetail attribution="Reuters BIP Coding Group" action="confirmed" date="1996-09-29"/>
  </code>
</codes>
<codes class="bip:topics:1.0">
  <code code="GCAT">
    <editdetail attribution="Reuters BIP Coding Group" action="confirmed" date="1996-09-29"/>
  </code>
  <code code="GCRIM">
    <editdetail attribution="Reuters BIP Coding Group" action="confirmed" date="1996-09-29"/>
  </code>
</codes>
<dc element="dc.date.created" value="1996-09-29"/>
<dc element="dc.publisher" value="Reuters Holdings Plc"/>
<dc element="dc.date.published" value="1996-09-29"/>
<dc element="dc.source" value="Reuters"/>
<dc element="dc.creator.location" value="DUBAI"/>
<dc element="dc.creator.location.country.name" value="DUBAI"/>
<dc element="dc.source" value="Reuters"/>
</metadata>
</newsitem>
