<?xml version="1.0" encoding="iso-8859-1" ?>
<newsitem itemid="654756" id="root" date="1997-06-11" xml:lang="en">
<title>UK: Meyer Intl chairman and CEO to retire.</title>
<headline>Meyer Intl chairman and CEO to retire.</headline>
<dateline>LONDON 1997-06-11</dateline>
<text>
<p>British building materials and timber company Meyer International Plc said on Wednesday its chief executive, John Dobby, would retire at the end of December after 39 years with the group.</p>
<p>Chief operating officer Alan Peterson will succeed Dobby, the company said in a statement.  </p>
<p>Chairman Harry Langman will retire in September and be succeeded by non-executive director Tony Palmer.</p>
<p>Palmer was chief executive of Taylor Woodrow Plc until his retirement this month, Meyer said.</p>
<p>The retirements followed a number of management changes at Meyer this year, including the previous appointment of John Edwards as finance director.</p>
<p>Meyer posted a pretax profit of 45.4 million stg for the year to March 31 compared to 37.6 million stg before exceptional charges. --London Newsroom +44 171 542 7717</p>
</text>
<copyright>(c) Reuters Limited 1997</copyright>
<metadata>
<codes class="bip:countries:1.0">
  <code code="UK">
    <editdetail attribution="Reuters BIP Coding Group" action="confirmed" date="1997-06-11"/>
  </code>
</codes>
<codes class="bip:industries:1.0">
  <code code="I24000">
    <editdetail attribution="Reuters BIP Coding Group" action="confirmed" date="1997-06-11"/>
  </code>
</codes>
<codes class="bip:topics:1.0">
  <code code="C41">
    <editdetail attribution="Reuters BIP Coding Group" action="confirmed" date="1997-06-11"/>
  </code>
  <code code="C411">
    <editdetail attribution="Reuters BIP Coding Group" action="confirmed" date="1997-06-11"/>
  </code>
  <code code="CCAT">
    <editdetail attribution="Reuters BIP Coding Group" action="confirmed" date="1997-06-11"/>
  </code>
</codes>
<dc element="dc.date.created" value="1997-06-11"/>
<dc element="dc.publisher" value="Reuters Holdings Plc"/>
<dc element="dc.date.published" value="1997-06-11"/>
<dc element="dc.source" value="Reuters"/>
<dc element="dc.creator.location" value="LONDON"/>
<dc element="dc.creator.location.country.name" value="UK"/>
<dc element="dc.source" value="Reuters"/>
</metadata>
</newsitem>
