<?xml version="1.0" encoding="iso-8859-1" ?>
<newsitem itemid="305509" id="root" date="1997-01-14" xml:lang="en">
<title>BULGARIA: PRESS DIGEST - Bulgaria - Jan 14.</title>
<headline>PRESS DIGEST - Bulgaria - Jan 14.</headline>
<dateline>SOFIA 1997-01-14</dateline>
<text>
<p>These are some of the main stories in Sofia newspapers today. Reuters has not verified these stories and does not vouch for their accuracy.</p>
<p>STANDART</p>
<p>-- The ruling Bulgarian Socialist Party said it had accepted in principle the opposition's idea of holding early parliamentary elections in the context of a national programme to end the current crisis in the country. @</p>
<p>-- Bulgaria's Finance Ministry has approached the State Fund for Reconstruction and Development (SFRD) which collects external loans, to extend $160 million to the budget to service payments on Bulgaria's foreign debt due in January, a SRDF senior top official said.</p>
<p>TRUD</p>
<p>-- Bulgaria's main opposition Union of Democratic Forces rejected the proposal of the ruling socialist party (BSP) to discuss ways out of the political crisis, saying there was no firm commitment on the part of BSP to hold early parliamentary elections by the year's end, UDF leader Ivan Kostov said. @</p>
<p>-- Former economic advisor to the outgoing Prime Minister Zhan Videnov Ivan Angelov demanded an immediate investigation into the incomes of all ministers, politicians and deputies of the past seven years in a bid to fight corruption in the Bulgaria.</p>
<p>-- Bulgaria's state Agriculture fund said it would continue to extend credits to grain producers at half the central interest rate, now set at 180 percent annually.</p>
<p>-- Bulgaria's biggest oil refinery Neftohim posted some 80 billion lev loss in 1996, Balkan news agency reported.</p>
<p>KONTINENT @</p>
<p>-- Bulgaria's Sunny Beach Black Sea resort posted one billion lev net profit in 1996, a Sunny Beach top official said.</p>
<p>PARI</p>
<p>-- Bulgaria's biggest Confederation of Independent Trade Unions and the Confederation of Labour Podkrepa said that they would join the national political strike set for Wednesday by the opposition with calls for early parliamentary elections.</p>
<p>24 CHASA @</p>
<p>-- Bulgaria's police said it had seized seven mobile phones tuned to police frequency belonging to an Eurovision TV team in Sofia covering current social unrest.</p>
<p>NOVINAR</p>
<p>-- Central heating in Sofia and another nine large Bulgarian cities is expected to be switched off because the state gas monopolist Bulgargas had curtailed gas deliveries to heating stations over unpaid debts, a Bulgargas official said. -- Sofia Newsroom, (++359-2) 981 8569</p>
</text>
<copyright>(c) Reuters Limited 1997</copyright>
<metadata>
<codes class="bip:countries:1.0">
  <code code="BUL">
    <editdetail attribution="Reuters BIP Coding Group" action="confirmed" date="1997-01-14"/>
  </code>
</codes>
<codes class="bip:topics:1.0">
  <code code="GCAT">
    <editdetail attribution="Reuters BIP Coding Group" action="confirmed" date="1997-01-14"/>
  </code>
</codes>
<dc element="dc.date.created" value="1997-01-14"/>
<dc element="dc.publisher" value="Reuters Holdings Plc"/>
<dc element="dc.date.published" value="1997-01-14"/>
<dc element="dc.source" value="Reuters"/>
<dc element="dc.creator.location" value="SOFIA"/>
<dc element="dc.creator.location.country.name" value="BULGARIA"/>
<dc element="dc.source" value="Reuters"/>
</metadata>
</newsitem>
