<?xml version="1.0" encoding="iso-8859-1" ?>
<newsitem itemid="463670" id="root" date="1997-03-24" xml:lang="en">
<title>USA: Korea Telecom files for $200 mln in notes.</title>
<headline>Korea Telecom files for $200 mln in notes.</headline>
<dateline>WASHINGTON 1997-03-24</dateline>
<text>
<p>Korea Telcom filed Monday with the U.S. Securities and Exchange Commission to sell up to $200 million in notes.</p>
<p>The offering will be made through Salomon Brothers Inc, Citicorp Securities Inc and Morgan Stanley &amp; Co Inc.</p>
<p>Proceeds will be used to fund a portion of the acquisition and launch costs of a telecommunications satellite, to fund a portion of the construction costs of additional submarine optical cable networks and to fund a portion of its investment in Vietnam and in Mexico.</p>
<p>Korea Telecom, based in Seoul, is the only licensed supplier of fixed-link, local telephone service in Korea.</p>
</text>
<copyright>(c) Reuters Limited 1997</copyright>
<metadata>
<codes class="bip:countries:1.0">
  <code code="SKOREA">
    <editdetail attribution="Reuters BIP Coding Group" action="confirmed" date="1997-03-24"/>
  </code>
  <code code="USA">
    <editdetail attribution="Reuters BIP Coding Group" action="confirmed" date="1997-03-24"/>
  </code>
</codes>
<codes class="bip:industries:1.0">
  <code code="I79020">
    <editdetail attribution="Reuters BIP Coding Group" action="confirmed" date="1997-03-24"/>
  </code>
</codes>
<codes class="bip:topics:1.0">
  <code code="C17">
    <editdetail attribution="Reuters BIP Coding Group" action="confirmed" date="1997-03-24"/>
  </code>
  <code code="C172">
    <editdetail attribution="Reuters BIP Coding Group" action="confirmed" date="1997-03-24"/>
  </code>
  <code code="CCAT">
    <editdetail attribution="Reuters BIP Coding Group" action="confirmed" date="1997-03-24"/>
  </code>
</codes>
<dc element="dc.date.created" value="1997-03-24"/>
<dc element="dc.publisher" value="Reuters Holdings Plc"/>
<dc element="dc.date.published" value="1997-03-24"/>
<dc element="dc.source" value="Reuters"/>
<dc element="dc.creator.location" value="WASHINGTON"/>
<dc element="dc.creator.location.country.name" value="USA"/>
<dc element="dc.source" value="Reuters"/>
</metadata>
</newsitem>
