<?xml version="1.0" encoding="iso-8859-1" ?>
<newsitem itemid="640857" id="root" date="1997-06-05" xml:lang="en">
<title>USA: Fred's May same store sales up 6.4 pct.</title>
<headline>Fred's May same store sales up 6.4 pct.</headline>
<text>
<p>MEMPHIS, Tenn., June 5 -</p>
<p>							 Percent change</p>
<p>		    1997	 1996	     Total     Same-Store</p>
<p>Month		$34.3	$31.4     +10.4	 +6.4</p>
<p>Year-to-date    $147.0     $133.2	 n/a	 +8.1</p>
<p>NOTE: Figures in millions except percentage.</p>
<p>    Month is   four weeks ended	  May 31.</p>
<p>    Full company name is				  Fred's Inc</p>
</text>
<copyright>(c) Reuters Limited 1997</copyright>
<metadata>
<codes class="bip:countries:1.0">
  <code code="USA">
    <editdetail attribution="Reuters BIP Coding Group" action="confirmed" date="1997-06-05"/>
  </code>
</codes>
<codes class="bip:industries:1.0">
  <code code="I65600">
    <editdetail attribution="Reuters BIP Coding Group" action="confirmed" date="1997-06-05"/>
  </code>
</codes>
<codes class="bip:topics:1.0">
  <code code="C31">
    <editdetail attribution="Reuters BIP Coding Group" action="confirmed" date="1997-06-05"/>
  </code>
  <code code="CCAT">
    <editdetail attribution="Reuters BIP Coding Group" action="confirmed" date="1997-06-05"/>
  </code>
</codes>
<dc element="dc.publisher" value="Reuters Holdings Plc"/>
<dc element="dc.date.published" value="1997-06-05"/>
<dc element="dc.source" value="Reuters"/>
<dc element="dc.creator.location.country.name" value="USA"/>
<dc element="dc.source" value="Reuters"/>
</metadata>
</newsitem>
