<?xml version="1.0" encoding="iso-8859-1" ?>
<newsitem itemid="792883" id="root" date="1997-08-12" xml:lang="en">
<title>USA: TABLE - BEI Electronics Inc Q3 results.</title>
<headline>TABLE - BEI Electronics Inc Q3 results.</headline>
<dateline>SAN FRANCISCO 1997-08-12</dateline>
<text>
<p>(dollars in thousands, except for per share amounts)</p>
<p>			  Unaudited</p>
<p>				Three Months Ended  Nine Months Ended</p>
<p>			     Jun 28	Jun 28     Jun 28   Jun 28</p>
<p>				 1997	  1996	 1997     1996</p>
<p> Net sales		 $2,472	$2,336     $7,606   $6,935</p>
<p> Cost of sales	    1,534	 1,410	4,426    4,323</p>
<p> Gross profit		 938	   926	3,180    2,612</p>
<p>Selling, general and</p>
<p>administrative expenses</p>
<p>				2,216	 1,958	6,012    4,922</p>
<p>Research, development and</p>
<p> related expenses	   479	   334	1,380    1,004</p>
<p>Operating income (loss)</p>
<p>			    (1,757)     (1,366)    (4,212)  (3,314)</p>
<p> Other Income		  16	    87	  128	223</p>
<p> Interest Expense	    13	    24	   53	 86</p>
<p>Income (loss) before income</p>
<p> taxes		    (1,754)     (1,303)    (4,137)  (3,177)</p>
<p>Provision (benefit) for</p>
<p> income taxes	     (617)	 (440)    (1,422)  (1,070)</p>
<p>Net income (loss) from Continuing</p>
<p> Operation		(1,137)	 (863)    (2,715)  (2,107)</p>
<p>Net income from discontinued</p>
<p>operations, net</p>
<p>     of income taxes    1,696	 1,639	3,183    3,845</p>
<p> Net income		   559	   776	  468    1,738</p>
<p>Earnings (loss) from continuing</p>
<p>operations per common share</p>
<p>and common share</p>
<p> equivalents	     (0.16)	(0.12)     (0.38)   (0.30)</p>
<p>Earnings from discontinued</p>
<p>operations per common</p>
<p>share and common share</p>
<p> equivalents		 0.24	  0.23	 0.45     0.54</p>
<p>Earnings per common share</p>
<p>and common share</p>
<p> equivalents		 0.08	  0.11	 0.07     0.25</p>
<p>Weighted average shares</p>
<p> Outstanding		7,175	 7,215	7,131    7,082</p>
<p>Dividends per common</p>
<p> Share			 0.02	  0.02	 0.06     0.06</p>
</text>
<copyright>(c) Reuters Limited 1997</copyright>
<metadata>
<codes class="bip:countries:1.0">
  <code code="USA">
    <editdetail attribution="Reuters BIP Coding Group" action="confirmed" date="1997-08-12"/>
  </code>
</codes>
<codes class="bip:industries:1.0">
  <code code="I34400">
    <editdetail attribution="Reuters BIP Coding Group" action="confirmed" date="1997-08-12"/>
  </code>
</codes>
<codes class="bip:topics:1.0">
  <code code="C15">
    <editdetail attribution="Reuters BIP Coding Group" action="confirmed" date="1997-08-12"/>
  </code>
  <code code="C151">
    <editdetail attribution="Reuters BIP Coding Group" action="confirmed" date="1997-08-12"/>
  </code>
  <code code="CCAT">
    <editdetail attribution="Reuters BIP Coding Group" action="confirmed" date="1997-08-12"/>
  </code>
</codes>
<dc element="dc.date.created" value="1997-08-12"/>
<dc element="dc.publisher" value="Reuters Holdings Plc"/>
<dc element="dc.date.published" value="1997-08-12"/>
<dc element="dc.source" value="Reuters"/>
<dc element="dc.creator.location" value="SAN FRANCISCO"/>
<dc element="dc.creator.location.country.name" value="USA"/>
<dc element="dc.source" value="Reuters"/>
</metadata>
</newsitem>
