<?xml version="1.0" encoding="iso-8859-1" ?>
<newsitem itemid="556086" id="root" date="1997-05-02" xml:lang="en">
<title>USA:L PRESALE - North Dakota Muni Bond Bk, N.D.</title>
<headline>L PRESALE - North Dakota Muni Bond Bk, N.D.</headline>
<text>
<p>AMT: 3,350,000	DATE: 05/07/97	NYC Time: 1200	CUSIP: 658895</p>
<p>ISSUER: North Dakota Municipal Bond Bank			  ST: ND</p>
<p>ISSUE: Capital financing program, series 1997B		 TAX STAT: Taxble-REV</p>
<p>M/SP/F: NA/NA/NA							  BOOK ENTRY: N</p>
<p>ENHANCEMENTS: None							BANK QUAL: N</p>
<p>DTD: 05/20/97							     SURE BID: N</p>
<p>DUE: 12/31/97						 SR MGR:</p>
<p>1ST CPN: 12/31/97</p>
<p>CALL: Non-Callable					  NIC</p>
<p>DELIVERY: 5/20/97 approx				  ORDERS:</p>
<p>PAYING AGENT: The Bank of North Dakota, Bismarck</p>
<p>L.O.: Faegre &amp; Benson, Minneapolis</p>
<p>F.A.: Evensen Dodge, Inc., Minneapolis</p>
<p>LAST SALE: None</p>
<p>Year		     Amount    Coupon     Yield     Price  Conc.</p>
<p>1997		  3,350,000</p>
<p>COMPETITIVE PRE-SALE CONTRIBUTED BY J.J. KENNY K-SHEETS:</p>
</text>
<copyright>(c) Reuters Limited 1997</copyright>
<metadata>
<codes class="bip:countries:1.0">
  <code code="USA">
    <editdetail attribution="Reuters BIP Coding Group" action="confirmed" date="1997-05-02"/>
  </code>
</codes>
<codes class="bip:topics:1.0">
  <code code="E21">
    <editdetail attribution="Reuters BIP Coding Group" action="confirmed" date="1997-05-02"/>
  </code>
  <code code="E212">
    <editdetail attribution="Reuters BIP Coding Group" action="confirmed" date="1997-05-02"/>
  </code>
  <code code="ECAT">
    <editdetail attribution="Reuters BIP Coding Group" action="confirmed" date="1997-05-02"/>
  </code>
</codes>
<dc element="dc.publisher" value="Reuters Holdings Plc"/>
<dc element="dc.date.published" value="1997-05-02"/>
<dc element="dc.source" value="Reuters"/>
<dc element="dc.creator.location.country.name" value="USA"/>
<dc element="dc.source" value="Reuters"/>
</metadata>
</newsitem>
