<?xml version="1.0" encoding="iso-8859-1" ?>
<newsitem itemid="242005" id="root" date="1996-12-08" xml:lang="en">
<title>CROATIA: SOCCER-CROATIAN FIRST DIVISION RESULTS.</title>
<headline>SOCCER-CROATIAN FIRST DIVISION RESULTS.</headline>
<dateline>ZAGREB 1996-12-08</dateline>
<text>
<p>Results of Croatian league first</p>
<p>division soccer matches played at the weekend:</p>
<p>    Zagreb	   3    Rijeka		0</p>
<p>    Osijek	   2    Segesta	     0</p>
<p>    Segesta	  3    Hrv. Dragovovljac 0</p>
<p>    Istra	    1    Hajduk		1</p>
<p>    Sibenik	  1    Marsonia	    2</p>
<p>    Orijent	  1    Croatia	     3</p>
<p>    Zadar	    2    Cibalia	     3</p>
</text>
<copyright>(c) Reuters Limited 1996</copyright>
<metadata>
<codes class="bip:countries:1.0">
  <code code="CRTIA">
    <editdetail attribution="Reuters BIP Coding Group" action="confirmed" date="1996-12-08"/>
  </code>
</codes>
<codes class="bip:topics:1.0">
  <code code="GCAT">
    <editdetail attribution="Reuters BIP Coding Group" action="confirmed" date="1996-12-08"/>
  </code>
  <code code="GSPO">
    <editdetail attribution="Reuters BIP Coding Group" action="confirmed" date="1996-12-08"/>
  </code>
</codes>
<dc element="dc.date.created" value="1996-12-08"/>
<dc element="dc.publisher" value="Reuters Holdings Plc"/>
<dc element="dc.date.published" value="1996-12-08"/>
<dc element="dc.source" value="Reuters"/>
<dc element="dc.creator.location" value="ZAGREB"/>
<dc element="dc.creator.location.country.name" value="CROATIA"/>
<dc element="dc.source" value="Reuters"/>
</metadata>
</newsitem>
