<?xml version="1.0" encoding="iso-8859-1" ?>
<newsitem itemid="543585" id="root" date="1997-04-28" xml:lang="en">
<title>MEXICO: Mexico's Herdez Q1 net rises.</title>
<headline>Mexico's Herdez Q1 net rises.</headline>
<dateline>MEXICO CITY 1997-04-28</dateline>
<text>
<p>Q1 1997			Q1 1996</p>
<p>	Shr			    n/a			n/a</p>
<p>	Oper Income	  42.57 million		30.16 million</p>
<p>	Net		    45.03 million		28.02 million</p>
<p>	Revs		  413.91 million	     354.42 million</p>
<p>	Integ fin cost	2.66 million    gain     2.06 million</p>
<p>	  NOTE: All figures in Mexican pesos.</p>
<p>		Full company name is Grupo Herdez SA de CV</p>
<p>((--Mexico City newsroom +728-7903))</p>
</text>
<copyright>(c) Reuters Limited 1997</copyright>
<metadata>
<codes class="bip:countries:1.0">
  <code code="MEX">
    <editdetail attribution="Reuters BIP Coding Group" action="confirmed" date="1997-04-28"/>
  </code>
</codes>
<codes class="bip:industries:1.0">
  <code code="I42000">
    <editdetail attribution="Reuters BIP Coding Group" action="confirmed" date="1997-04-28"/>
  </code>
</codes>
<codes class="bip:topics:1.0">
  <code code="C15">
    <editdetail attribution="Reuters BIP Coding Group" action="confirmed" date="1997-04-28"/>
  </code>
  <code code="C151">
    <editdetail attribution="Reuters BIP Coding Group" action="confirmed" date="1997-04-28"/>
  </code>
  <code code="CCAT">
    <editdetail attribution="Reuters BIP Coding Group" action="confirmed" date="1997-04-28"/>
  </code>
</codes>
<dc element="dc.date.created" value="1997-04-28"/>
<dc element="dc.publisher" value="Reuters Holdings Plc"/>
<dc element="dc.date.published" value="1997-04-28"/>
<dc element="dc.source" value="Reuters"/>
<dc element="dc.creator.location" value="MEXICO CITY"/>
<dc element="dc.creator.location.country.name" value="MEXICO"/>
<dc element="dc.source" value="Reuters"/>
</metadata>
</newsitem>
