<?xml version="1.0" encoding="iso-8859-1" ?>
<newsitem itemid="296504" id="root" date="1997-01-09" xml:lang="en">
<title>USA: Nicollet Process Engineering Q1 loss widens.</title>
<headline>Nicollet Process Engineering Q1 loss widens.</headline>
<dateline>MINNEAPOLIS 1997-01-09</dateline>
<text>
<p>Nicollet Process Engineering Inc said Thursday the loss of a major customer caused first quarter sales to fall and losses to widen, although sales topped an analyst's forecast of $587,000.</p>
<p>The company reported sales of $593,718 in the period that ended November 30, down sharply from the $967,949 in sales one year ago. Losses in the quarter totaled $370,076, compared to a loss of $142,172 in the first quarter of 1996.</p>
<p>The company said the year-ago figures included large orders from a single, unidentified customer.</p>
<p>&quot;First-quarter sales were considerably ahead of the $359,622 reported in the fourth quarter ended August 31,&quot; Robert Pitner, the company's president and chief executive officer, said.</p>
<p>Nicollet Process Engineering designs and makes process monitoring computing systems for automated manufacturing.</p>
<p>Its shares were trading off 1/8 Thursday at 1-7/8.</p>
<p>((Chicago newsdesk (312) 408-8787))</p>
</text>
<copyright>(c) Reuters Limited 1997</copyright>
<metadata>
<codes class="bip:countries:1.0">
  <code code="USA">
    <editdetail attribution="Reuters BIP Coding Group" action="confirmed" date="1997-01-09"/>
  </code>
</codes>
<codes class="bip:topics:1.0">
  <code code="C15">
    <editdetail attribution="Reuters BIP Coding Group" action="confirmed" date="1997-01-09"/>
  </code>
  <code code="C151">
    <editdetail attribution="Reuters BIP Coding Group" action="confirmed" date="1997-01-09"/>
  </code>
  <code code="C31">
    <editdetail attribution="Reuters BIP Coding Group" action="confirmed" date="1997-01-09"/>
  </code>
  <code code="CCAT">
    <editdetail attribution="Reuters BIP Coding Group" action="confirmed" date="1997-01-09"/>
  </code>
</codes>
<dc element="dc.date.created" value="1997-01-09"/>
<dc element="dc.publisher" value="Reuters Holdings Plc"/>
<dc element="dc.date.published" value="1997-01-09"/>
<dc element="dc.source" value="Reuters"/>
<dc element="dc.creator.location" value="MINNEAPOLIS"/>
<dc element="dc.creator.location.country.name" value="USA"/>
<dc element="dc.source" value="Reuters"/>
</metadata>
</newsitem>
