<?xml version="1.0" encoding="iso-8859-1" ?>
<newsitem itemid="512877" id="root" date="1997-04-16" xml:lang="en">
<title>HUNGARY: Hungary to offer over 13 pct of oil/gas firm MOL.</title>
<headline>Hungary to offer over 13 pct of oil/gas firm MOL.</headline>
<dateline>BUDAPEST 1997-04-16</dateline>
<text>
<p>Hungary will offer at least 12.5 percent of the shares in oil and gas company MOL to international institutional investors and a minimum of one percent to domestic investors, the state privatisation agency APV said on Thursday.</p>
<p>For the global offering, APV granted the joint global co-ordinators -- Dresdner Kleinwort Benson and Salomon Brothers International -- an over-allotment option on a further 2.5 percent, APV said in a statement.</p>
<p>APV plans to hold an international roadshow in Europe, Asia, the Middle East and in North America between April 21 and May 2 and to price and allocate the shares on May 2.</p>
<p>The offering to Hungarian institutional and retail investors is expected to begin on May 9 on condition Hungary's securities market watchdog approves the prospectus. If demand for the shares in Hungary is larger than what is offered, a further one percent will be sold domestically.</p>
<p>Domestic retail investors will be allowed to subscribe in cash instalments, paying 30 percent at the subscription and the remainder by 15 May, 1998.</p>
<p>All shares offered globally and domestically will have the right to a dividend on 1996 results.</p>
<p>MOL Rt had 1996 net income of 22.2 billion HUF, a sharp rise from 1.1 billion in 1995.</p>
<p>MOL's registered capital is 98.4 billion forints.</p>
<p>-- Sandor Peto, Budapest newsroom (36 1) 327 4040</p>
</text>
<copyright>(c) Reuters Limited 1997</copyright>
<metadata>
<codes class="bip:countries:1.0">
  <code code="HUNG">
    <editdetail attribution="Reuters BIP Coding Group" action="confirmed" date="1997-04-16"/>
  </code>
</codes>
<codes class="bip:industries:1.0">
  <code code="I13000">
    <editdetail attribution="Reuters BIP Coding Group" action="confirmed" date="1997-04-16"/>
  </code>
</codes>
<codes class="bip:topics:1.0">
  <code code="C17">
    <editdetail attribution="Reuters BIP Coding Group" action="confirmed" date="1997-04-16"/>
  </code>
  <code code="C171">
    <editdetail attribution="Reuters BIP Coding Group" action="confirmed" date="1997-04-16"/>
  </code>
  <code code="C18">
    <editdetail attribution="Reuters BIP Coding Group" action="confirmed" date="1997-04-16"/>
  </code>
  <code code="C183">
    <editdetail attribution="Reuters BIP Coding Group" action="confirmed" date="1997-04-16"/>
  </code>
  <code code="CCAT">
    <editdetail attribution="Reuters BIP Coding Group" action="confirmed" date="1997-04-16"/>
  </code>
</codes>
<dc element="dc.date.created" value="1997-04-16"/>
<dc element="dc.publisher" value="Reuters Holdings Plc"/>
<dc element="dc.date.published" value="1997-04-16"/>
<dc element="dc.source" value="Reuters"/>
<dc element="dc.creator.location" value="BUDAPEST"/>
<dc element="dc.creator.location.country.name" value="HUNGARY"/>
<dc element="dc.source" value="Reuters"/>
</metadata>
</newsitem>
