<?xml version="1.0" encoding="iso-8859-1" ?>
<newsitem itemid="786653" id="root" date="1997-08-07" xml:lang="en">
<title>INDONESIA: STEADY SAFE TO BUY 19.9 PCT STAKE IN CMNP.</title>
<headline>STEADY SAFE TO BUY 19.9 PCT STAKE IN CMNP.</headline>
<dateline>JAKARTA 1997-08-07</dateline>
<text>
<p>Indonesian transportation firm PT Steady Safe plans to buy up to a 19.9 percent stake in toll road operator PT Citra Marga Nusaphala Persada (CMNP), the Jakarta stock exchange said.</p>
<p>The Jakarta stock exchange said in a statement received on Thursday that Steady Safe's shareholders had agreed to elect President Suharto's daughter Siti Hardianti Rukmana, who controls CMNP, as Steady Safe's president commissioner.</p>
<p>Steady Safe, controlled by businessman Jopie Wijaya, operates bus and taxis.</p>
<p>The statement did not give further details.</p>
<p>-- Jakarta newsroom +6221 384-6364</p>
</text>
<copyright>(c) Reuters Limited 1997</copyright>
<metadata>
<codes class="bip:countries:1.0">
  <code code="INDON">
    <editdetail attribution="Reuters BIP Coding Group" action="confirmed" date="1997-08-07"/>
  </code>
</codes>
<codes class="bip:topics:1.0">
  <code code="C18">
    <editdetail attribution="Reuters BIP Coding Group" action="confirmed" date="1997-08-07"/>
  </code>
  <code code="C181">
    <editdetail attribution="Reuters BIP Coding Group" action="confirmed" date="1997-08-07"/>
  </code>
  <code code="CCAT">
    <editdetail attribution="Reuters BIP Coding Group" action="confirmed" date="1997-08-07"/>
  </code>
</codes>
<dc element="dc.date.created" value="1997-08-07"/>
<dc element="dc.publisher" value="Reuters Holdings Plc"/>
<dc element="dc.date.published" value="1997-08-07"/>
<dc element="dc.source" value="Reuters"/>
<dc element="dc.creator.location" value="JAKARTA"/>
<dc element="dc.creator.location.country.name" value="INDONESIA"/>
<dc element="dc.source" value="Reuters"/>
</metadata>
</newsitem>
