<?xml version="1.0" encoding="iso-8859-1" ?>
<newsitem itemid="802926" id="root" date="1997-08-15" xml:lang="en">
<title>USA: COMEX copper called to open unchanged.</title>
<headline>COMEX copper called to open unchanged.</headline>
<dateline>NEW YORK 1997-08-15</dateline>
<text>
<p>COMEX copper futures were called to open unchanged Friday as the backwardation in London appeared to evaporate amid ample supplies worldwide, dealers said.</p>
<p>COMEX September closed at 103.80 cents a lb Thursday, and traded from 103.80 to 104.10 cents on ACCESS.</p>
<p>The LME three-month price was holding at $2261/2, off from Thursday's close of $2,271 a tonne.</p>
<p>LME warehouse copper stocks jumped another 4,575 tonnes in Friday's report to 260,875 tonnes, with Europe and the U.S. accounting for the increase. Stocks now stand at theire highest level since Sept 19, 1996.</p>
<p>COMEX copper stocks increased another 518 short tons Wednseday to 36,581 short tons.</p>
<p>The LME cash-to-three month backwardation has narrowed to $2/4 a tonne, the narrowest level since October 1996, at which point the copper prices was around 90 cents a pound.</p>
<p>Metal continues to flow into LME warehouses in Europe reflecting the summer shutdowns in that part of the world. In the U.S., over 3,000 tonnes have arrived in exchange warehouses in Baltimore in the last three trading days.</p>
<p>In other news, ZCCM ended labor tensions Friday offering miners a 15 percent wage increase. The mines account for approximately 365,000 tonnes of annual capacity.</p>
<p>((--New York Commodity Desk, 212-859-1646))</p>
</text>
<copyright>(c) Reuters Limited 1997</copyright>
<metadata>
<codes class="bip:countries:1.0">
  <code code="USA">
    <editdetail attribution="Reuters BIP Coding Group" action="confirmed" date="1997-08-15"/>
  </code>
</codes>
<codes class="bip:topics:1.0">
  <code code="M14">
    <editdetail attribution="Reuters BIP Coding Group" action="confirmed" date="1997-08-15"/>
  </code>
  <code code="M142">
    <editdetail attribution="Reuters BIP Coding Group" action="confirmed" date="1997-08-15"/>
  </code>
  <code code="MCAT">
    <editdetail attribution="Reuters BIP Coding Group" action="confirmed" date="1997-08-15"/>
  </code>
</codes>
<dc element="dc.date.created" value="1997-08-15"/>
<dc element="dc.publisher" value="Reuters Holdings Plc"/>
<dc element="dc.date.published" value="1997-08-15"/>
<dc element="dc.source" value="Reuters"/>
<dc element="dc.creator.location" value="NEW YORK"/>
<dc element="dc.creator.location.country.name" value="USA"/>
<dc element="dc.source" value="Reuters"/>
</metadata>
</newsitem>
