<?xml version="1.0" encoding="iso-8859-1" ?>
<newsitem itemid="660778" id="root" date="1997-06-13" xml:lang="en">
<title>UK: LVMH seeks arbitration on Guinness merger.</title>
<headline>LVMH seeks arbitration on Guinness merger.</headline>
<dateline>LONDON 1997-06-13</dateline>
<text>
<p>LVMH Moet Hennessy Louis Vuitton AS said on Friday it has submitted a request for arbitration to the International Chamber of Commerce in its dispute with Guinness Plc over a proposed merger between Guinness and Grand Metropolitan Plc.</p>
<p>French drinks and luxury goods company LVMH is the biggest shareholder in Guinness with a 14.2 percent stake and has opposed the planned merger.</p>
<p>The company wants the chamber to decide if the deal represents a change of control at Guinness. The arbitration concerns a dispute over whether the merger constitutes a &quot;control event&quot; under the terms of agreements between LVMH and Guinness.</p>
<p>LVMH argues that under the terms of agreements signed with Guinness a &quot;control event&quot; would enable LVMH to operate its joint ventures with Guinness independently.</p>
<p>The company has argued that the terms would also allow it to market Guinness brands in key markets like the United States and the Far East for up to 10 years.</p>
<p>LVMH voted against the proposed 24 billion pound merger between Guinness and GrandMet, the largest in British corporate history, saying it would create a food and drinks giant with few synergies and fail to increase shareholder value.</p>
<p>LVMH chairman Bernard Arnault argues that only the wines and spirits of the two groups are complementary and sees more value in merging the drinks activities of LVMH, Guinness and possibly GrandMet.</p>
<p>LVMH drinks include Moet &amp; Chandon champagne and Hennessey cognacs. Guinness owns the Johnny Walker and Dewar whiskies and Gordon's Gin brands, while GrandMet has Smirnoff vodka, J&amp;B whisky and Bailey's liqueur.</p>
<p>Guinness argues that that the merger does not constitute the kind of &quot;control event&quot; allowing LVMH to exercise the rights because it is a merger rather than a takeover of Guinness by GrandMet.</p>
<p>Under the terms of the proposed merger Guinness shareholders will retain their shares in Guinness which is renamed GMG Brands, while GrandMet shareholders receive one GMG Brands share for every one GrandMet share.</p>
<p>If the deal takes place GrandMet shares will be delisted and the name Guinness changed to GMG Brands. The GMG Brands board will be made up of five directors drawn from each company and a joint chairman from each side.</p>
</text>
<copyright>(c) Reuters Limited 1997</copyright>
<metadata>
<codes class="bip:countries:1.0">
  <code code="FRA">
    <editdetail attribution="Reuters BIP Coding Group" action="confirmed" date="1997-06-13"/>
  </code>
  <code code="UK">
    <editdetail attribution="Reuters BIP Coding Group" action="confirmed" date="1997-06-13"/>
  </code>
</codes>
<codes class="bip:industries:1.0">
  <code code="I42400">
    <editdetail attribution="Reuters BIP Coding Group" action="confirmed" date="1997-06-13"/>
  </code>
  <code code="I42600">
    <editdetail attribution="Reuters BIP Coding Group" action="confirmed" date="1997-06-13"/>
  </code>
  <code code="I42700">
    <editdetail attribution="Reuters BIP Coding Group" action="confirmed" date="1997-06-13"/>
  </code>
</codes>
<codes class="bip:topics:1.0">
  <code code="C13">
    <editdetail attribution="Reuters BIP Coding Group" action="confirmed" date="1997-06-13"/>
  </code>
  <code code="C18">
    <editdetail attribution="Reuters BIP Coding Group" action="confirmed" date="1997-06-13"/>
  </code>
  <code code="C181">
    <editdetail attribution="Reuters BIP Coding Group" action="confirmed" date="1997-06-13"/>
  </code>
  <code code="C34">
    <editdetail attribution="Reuters BIP Coding Group" action="confirmed" date="1997-06-13"/>
  </code>
  <code code="CCAT">
    <editdetail attribution="Reuters BIP Coding Group" action="confirmed" date="1997-06-13"/>
  </code>
</codes>
<dc element="dc.date.created" value="1997-06-13"/>
<dc element="dc.publisher" value="Reuters Holdings Plc"/>
<dc element="dc.date.published" value="1997-06-13"/>
<dc element="dc.source" value="Reuters"/>
<dc element="dc.creator.location" value="LONDON"/>
<dc element="dc.creator.location.country.name" value="UK"/>
<dc element="dc.source" value="Reuters"/>
</metadata>
</newsitem>
