<?xml version="1.0" encoding="iso-8859-1" ?>
<newsitem itemid="197913" id="root" date="1996-11-18" xml:lang="en">
<title>GERMANY: Waigel says sound EMU stability pact top priority.</title>
<headline>Waigel says sound EMU stability pact top priority.</headline>
<dateline>FRANKFURT 1996-11-18</dateline>
<text>
<p>German finance minister Theo Waigel said on Monday that it would be better to wait for a good result on the proposed European stability pact than to move too quickly and have an unfavourable result.</p>
<p>&quot;It would be better to wait for a good result, rather than going too quickly,&quot; Waigel told journalists at the launch party for the flotation of Deutsche Telekom.</p>
<p>Asked if he thought an agreement on the stability pact would come before the end of the year, Waigel said it would be good if that was the case, &quot;but we are not under pressure.&quot;</p>
<p>Waigel says sound stability pact top priority</p>
<p>The stability pact, proposed by Waigel about a year ago, is aimed at ensuring that European nations forming a single European currency will retain tough fiscal policies which will ensure a stable Euro, the future European currency.</p>
<p>At a meeting of European economic and finance ministers last week, Germany appeared to block agreement on such a pact by insisting on stiff fines for countries that fail to keep the lid on budget deficits after the start of currency union.</p>
<p>Germany's tough stance in Brussels fuelled speculation that Bonn wants to delay agreement on a stability pact until 1998 when it is clear who will join European Economic and Monetary Union (EMU).</p>
<p>The finance minister told a German magazine over the weekend that if a satisfactory agreement on the stability pact could not be agreed, negotiations would have to continue after the EU summit in Dublin in December.</p>
<p>--Frankfurt Newsroom + 49 69 756525 (c) Reuters Limited 1996</p>
</text>
<copyright>(c) Reuters Limited 1996</copyright>
<metadata>
<codes class="bip:countries:1.0">
  <code code="EEC">
    <editdetail attribution="Reuters BIP Coding Group" action="confirmed" date="1996-11-18"/>
  </code>
  <code code="GFR">
    <editdetail attribution="Reuters BIP Coding Group" action="confirmed" date="1996-11-18"/>
  </code>
</codes>
<codes class="bip:topics:1.0">
  <code code="E12">
    <editdetail attribution="Reuters BIP Coding Group" action="confirmed" date="1996-11-18"/>
  </code>
  <code code="ECAT">
    <editdetail attribution="Reuters BIP Coding Group" action="confirmed" date="1996-11-18"/>
  </code>
  <code code="G15">
    <editdetail attribution="Reuters BIP Coding Group" action="confirmed" date="1996-11-18"/>
  </code>
  <code code="G151">
    <editdetail attribution="Reuters BIP Coding Group" action="confirmed" date="1996-11-18"/>
  </code>
  <code code="G154">
    <editdetail attribution="Reuters BIP Coding Group" action="confirmed" date="1996-11-18"/>
  </code>
  <code code="GCAT">
    <editdetail attribution="Reuters BIP Coding Group" action="confirmed" date="1996-11-18"/>
  </code>
</codes>
<dc element="dc.date.created" value="1996-11-18"/>
<dc element="dc.publisher" value="Reuters Holdings Plc"/>
<dc element="dc.date.published" value="1996-11-18"/>
<dc element="dc.source" value="Reuters"/>
<dc element="dc.creator.location" value="FRANKFURT"/>
<dc element="dc.creator.location.country.name" value="GERMANY"/>
<dc element="dc.source" value="Reuters"/>
</metadata>
</newsitem>
