<?xml version="1.0" encoding="iso-8859-1" ?>
<newsitem itemid="108410" id="root" date="1996-10-10" xml:lang="en">
<title>USA: U.S. to urge extension on EU import standards.</title>
<headline>U.S. to urge extension on EU import standards.</headline>
<dateline>WASHINGTON 1996-10-10</dateline>
<text>
<p>U.S. trade negotiators will ask the European Union to extend its January 1 deadline for implementing a food safety import directive if there is no progress in talks, an Agriculture Department official said Thursday.</p>
<p>&quot;If we get much closer to the deadline and we get no closer (to an agreement), we'll strongly urge them to postpone it further,&quot; USDA Food Safety and Inspection Service associate administrator Thomas Billy said.</p>
<p>Billy, who was speaking at a meeting of broiler producers outside Washington, was replying to a question on ongoing talks on implementation of the EU's so-called third-country directive on food safety.</p>
<p>He said the EU had been &quot;virtually unresponsive&quot; to a U.S. document submitted earlier this year outlining what steps EU members would have to take to enter into a mutual recognition agreement with the United States. The mutual agreement was requested by the EU, he said.</p>
</text>
<copyright>(c) Reuters Limited 1996</copyright>
<metadata>
<codes class="bip:countries:1.0">
  <code code="EEC">
    <editdetail attribution="Reuters BIP Coding Group" action="confirmed" date="1996-10-10"/>
  </code>
  <code code="USA">
    <editdetail attribution="Reuters BIP Coding Group" action="confirmed" date="1996-10-10"/>
  </code>
</codes>
<codes class="bip:topics:1.0">
  <code code="E51">
    <editdetail attribution="Reuters BIP Coding Group" action="confirmed" date="1996-10-10"/>
  </code>
  <code code="E512">
    <editdetail attribution="Reuters BIP Coding Group" action="confirmed" date="1996-10-10"/>
  </code>
  <code code="ECAT">
    <editdetail attribution="Reuters BIP Coding Group" action="confirmed" date="1996-10-10"/>
  </code>
  <code code="G15">
    <editdetail attribution="Reuters BIP Coding Group" action="confirmed" date="1996-10-10"/>
  </code>
  <code code="G158">
    <editdetail attribution="Reuters BIP Coding Group" action="confirmed" date="1996-10-10"/>
  </code>
  <code code="GCAT">
    <editdetail attribution="Reuters BIP Coding Group" action="confirmed" date="1996-10-10"/>
  </code>
</codes>
<dc element="dc.date.created" value="1996-10-10"/>
<dc element="dc.publisher" value="Reuters Holdings Plc"/>
<dc element="dc.date.published" value="1996-10-10"/>
<dc element="dc.source" value="Reuters"/>
<dc element="dc.creator.location" value="WASHINGTON"/>
<dc element="dc.creator.location.country.name" value="USA"/>
<dc element="dc.source" value="Reuters"/>
</metadata>
</newsitem>
