<?xml version="1.0" encoding="iso-8859-1" ?>
<newsitem itemid="771262" id="root" date="1997-07-31" xml:lang="en">
<title>JAPAN: Kyowa Engineering - 6mth parent results.</title>
<headline>Kyowa Engineering - 6mth parent results.</headline>
<dateline>TOKYO 1997-07-31</dateline>
<text>
<p>Six months to May 31, 1997</p>
<p> (Parent)	(in billions of yen unless specified)</p>
<p> Sales		  4.48		vs	    4.83</p>
<p> Operating	  151    million    vs	  252    million</p>
<p> Current	    147    million    vs	  246    million</p>
<p> Net		   58    million    vs	  115    million</p>
<p> EPS		    9.97 yen	  vs	   19.70 yen</p>
<p> Shares		6 million	  vs	   6 million</p>
<p> Interim div	   nil		vs	     nil</p>
<p>NOTE - Kyowa Engineering Consultants Co Ltd is a construction consultant engaged in research, planning and maintenance.</p>
</text>
<copyright>(c) Reuters Limited 1997</copyright>
<metadata>
<codes class="bip:countries:1.0">
  <code code="JAP">
    <editdetail attribution="Reuters BIP Coding Group" action="confirmed" date="1997-07-31"/>
  </code>
</codes>
<codes class="bip:industries:1.0">
  <code code="I83700">
    <editdetail attribution="Reuters BIP Coding Group" action="confirmed" date="1997-07-31"/>
  </code>
</codes>
<codes class="bip:topics:1.0">
  <code code="C15">
    <editdetail attribution="Reuters BIP Coding Group" action="confirmed" date="1997-07-31"/>
  </code>
  <code code="C151">
    <editdetail attribution="Reuters BIP Coding Group" action="confirmed" date="1997-07-31"/>
  </code>
  <code code="CCAT">
    <editdetail attribution="Reuters BIP Coding Group" action="confirmed" date="1997-07-31"/>
  </code>
</codes>
<dc element="dc.date.created" value="1997-07-31"/>
<dc element="dc.publisher" value="Reuters Holdings Plc"/>
<dc element="dc.date.published" value="1997-07-31"/>
<dc element="dc.source" value="Reuters"/>
<dc element="dc.creator.location" value="TOKYO"/>
<dc element="dc.creator.location.country.name" value="JAPAN"/>
<dc element="dc.source" value="Reuters"/>
</metadata>
</newsitem>
