<?xml version="1.0" encoding="iso-8859-1" ?>
<newsitem itemid="347663" id="root" date="1997-01-31" xml:lang="en">
<title>USA: Kenan Transport Q4 shr $0.54 vs $0.42.</title>
<headline>Kenan Transport Q4 shr $0.54 vs $0.42.</headline>
<dateline>CHAPEL HILL, N.C. 1997-01-31</dateline>
<text>
<p>Kenan Transport Company</p>
<p> THREE MONTHS ENDED DECEMBER 31:	     1996	   1995</p>
<p> Revenue				     $17,933,000  $16,702,000</p>
<p> Net Income				    1,286,000    1,009,000</p>
<p> Earnings Per Share				  .54	    .42</p>
<p> YEARS ENDED DECEMBER 31:			1996	   1995</p>
<p> Revenue					68,795,000   61,717,000</p>
<p> Net Income				    3,805,000    3,323,000</p>
<p> Earnings Per Share				 1.59	   1.39</p>
<p>-- New York Newsdesk 212 859-1610</p>
</text>
<copyright>(c) Reuters Limited 1997</copyright>
<metadata>
<codes class="bip:countries:1.0">
  <code code="USA">
    <editdetail attribution="Reuters BIP Coding Group" action="confirmed" date="1997-01-31"/>
  </code>
</codes>
<codes class="bip:topics:1.0">
  <code code="C15">
    <editdetail attribution="Reuters BIP Coding Group" action="confirmed" date="1997-01-31"/>
  </code>
  <code code="C151">
    <editdetail attribution="Reuters BIP Coding Group" action="confirmed" date="1997-01-31"/>
  </code>
  <code code="C1511">
    <editdetail attribution="Reuters BIP Coding Group" action="confirmed" date="1997-01-31"/>
  </code>
  <code code="CCAT">
    <editdetail attribution="Reuters BIP Coding Group" action="confirmed" date="1997-01-31"/>
  </code>
</codes>
<dc element="dc.date.created" value="1997-01-31"/>
<dc element="dc.publisher" value="Reuters Holdings Plc"/>
<dc element="dc.date.published" value="1997-01-31"/>
<dc element="dc.source" value="Reuters"/>
<dc element="dc.creator.location" value="CHAPEL HILL, N.C."/>
<dc element="dc.creator.location.country.name" value="USA"/>
<dc element="dc.source" value="Reuters"/>
</metadata>
</newsitem>
