<?xml version="1.0" encoding="iso-8859-1" ?>
<newsitem itemid="179256" id="root" date="1996-11-11" xml:lang="en">
<title>USA: Rochester Medical sees $3 mln FY97 loss.</title>
<headline>Rochester Medical sees $3 mln FY97 loss.</headline>
<dateline>STEWARTVILLE, Minn. 1996-11-11</dateline>
<text>
<p>Rochester Medical Corp said Monday it expects to report a net loss of $3 million in fiscal year 1997 ending in September, compared with a net loss of $1.4 million in fiscal 1996.</p>
<p>&quot;The net loss will result from expenses associated with ongoing clinical trials and escalation of our preparation activities for market introduction of our new generation products,&quot; Anthony Conway, company president, said in a news release.  &quot;We expect to see the impact of those expenditures in fiscal 1998 and beyond when our new generation products begin to contribute to sales and earnings results.&quot;  </p>
<p>The medical catheter maker said it expects sales from its two existing product lines to rise by more than 50 percent in fiscal 1997.  The company Monday reported sales of $5.5 million for the year ended September 30.</p>
<p>&quot;In most segments, including our strategic relationship with ConvaTec, we expect an acceleration in sales growth,&quot; Conway said.  &quot;We also anticipate that sales to certain large private label accounts will be comparable to last year.&quot;</p>
<p>Rochester Medical shares were up 7/16 at 17 Monday.</p>
<p>--Reuters Chicago newsdesk, 312-408-8787</p>
</text>
<copyright>(c) Reuters Limited 1996</copyright>
<metadata>
<codes class="bip:countries:1.0">
  <code code="USA">
    <editdetail attribution="Reuters BIP Coding Group" action="confirmed" date="1996-11-11"/>
  </code>
</codes>
<codes class="bip:industries:1.0">
  <code code="I37200">
    <editdetail attribution="Reuters BIP Coding Group" action="confirmed" date="1996-11-11"/>
  </code>
</codes>
<codes class="bip:topics:1.0">
  <code code="C15">
    <editdetail attribution="Reuters BIP Coding Group" action="confirmed" date="1996-11-11"/>
  </code>
  <code code="C152">
    <editdetail attribution="Reuters BIP Coding Group" action="confirmed" date="1996-11-11"/>
  </code>
  <code code="CCAT">
    <editdetail attribution="Reuters BIP Coding Group" action="confirmed" date="1996-11-11"/>
  </code>
</codes>
<dc element="dc.date.created" value="1996-11-11"/>
<dc element="dc.publisher" value="Reuters Holdings Plc"/>
<dc element="dc.date.published" value="1996-11-11"/>
<dc element="dc.source" value="Reuters"/>
<dc element="dc.creator.location" value="STEWARTVILLE, Minn."/>
<dc element="dc.creator.location.country.name" value="USA"/>
<dc element="dc.source" value="Reuters"/>
</metadata>
</newsitem>
