<?xml version="1.0" encoding="iso-8859-1" ?>
<newsitem itemid="135768" id="root" date="1996-10-23" xml:lang="en">
<title>ROMANIA: RADIO ROMANIA AFTERNOON HEADLINES AT 1 PM.</title>
<headline>RADIO ROMANIA AFTERNOON HEADLINES AT 1 PM.</headline>
<dateline>BUCHAREST 1996-10-23</dateline>
<text>
<p>Radio Romania news headlines:</p>
<p>* Romania counts on support from the United States, but also from the other NATO member-countries to get a quick admission into the defence alliance, foreign ministry spokesman Sorin Ducaru told a news conference.</p>
<p>* Ducaru said Romania started bilateral talks with NATO officials in Brussles on the country's integration.</p>
<p>* Romanian and Ukrainian foreign ministry experts are due to meet in Kiev on October 26 for discussions on boosting bilateral ties and preparing to resuming negotiations on a frienship treaty, Ducaru said.</p>
<p>* Romania opened centre for promoting privatisation and investments in Tel Aviv.</p>
<p>* Romania will attend meeting of European Union trade ministers on the single internal market project, held in Luxembourg, on October 25, Sorin Ducaru said. -- Bucharest Newsroom 40-1 3120264</p>
</text>
<copyright>(c) Reuters Limited 1996</copyright>
<metadata>
<codes class="bip:countries:1.0">
  <code code="ROM">
    <editdetail attribution="Reuters BIP Coding Group" action="confirmed" date="1996-10-23"/>
  </code>
</codes>
<codes class="bip:topics:1.0">
  <code code="GCAT">
    <editdetail attribution="Reuters BIP Coding Group" action="confirmed" date="1996-10-23"/>
  </code>
</codes>
<dc element="dc.date.created" value="1996-10-23"/>
<dc element="dc.publisher" value="Reuters Holdings Plc"/>
<dc element="dc.date.published" value="1996-10-23"/>
<dc element="dc.source" value="Reuters"/>
<dc element="dc.creator.location" value="BUCHAREST"/>
<dc element="dc.creator.location.country.name" value="ROMANIA"/>
<dc element="dc.source" value="Reuters"/>
</metadata>
</newsitem>
