<?xml version="1.0" encoding="iso-8859-1" ?>
<newsitem itemid="168078" id="root" date="1996-11-05" xml:lang="en">
<title>JAPAN: Aichi Steel - 6mth parent results.</title>
<headline>Aichi Steel - 6mth parent results.</headline>
<dateline>TOKYO 1996-11-05</dateline>
<text>
<p>Six months to September 30, 1996</p>
<p> (Parent)	(in billions of yen unless specified)</p>
<p> Sales		     76.50		vs	   79.74</p>
<p> Operating	  963    million	  vs	    1.54</p>
<p> Current	    714    million	  vs	    1.28</p>
<p> Net		  314    million	  vs	  687    million</p>
<p> EPS			  1.55 yen	  vs	    3.39 yen</p>
<p> Shares		  203 million	  vs	 203 million</p>
<p> Interim div		1.50 yen	  vs	    2.50 yen</p>
<p>NOTE - Aichi Steel Works Ltd is a specialitiy steel maker affiliated with Toyota Motor Corp.</p>
</text>
<copyright>(c) Reuters Limited 1996</copyright>
<metadata>
<codes class="bip:countries:1.0">
  <code code="JAP">
    <editdetail attribution="Reuters BIP Coding Group" action="confirmed" date="1996-11-05"/>
  </code>
</codes>
<codes class="bip:industries:1.0">
  <code code="I22100">
    <editdetail attribution="Reuters BIP Coding Group" action="confirmed" date="1996-11-05"/>
  </code>
  <code code="I35101">
    <editdetail attribution="Reuters BIP Coding Group" action="confirmed" date="1996-11-05"/>
  </code>
</codes>
<codes class="bip:topics:1.0">
  <code code="C15">
    <editdetail attribution="Reuters BIP Coding Group" action="confirmed" date="1996-11-05"/>
  </code>
  <code code="C151">
    <editdetail attribution="Reuters BIP Coding Group" action="confirmed" date="1996-11-05"/>
  </code>
  <code code="CCAT">
    <editdetail attribution="Reuters BIP Coding Group" action="confirmed" date="1996-11-05"/>
  </code>
</codes>
<dc element="dc.date.created" value="1996-11-05"/>
<dc element="dc.publisher" value="Reuters Holdings Plc"/>
<dc element="dc.date.published" value="1996-11-05"/>
<dc element="dc.source" value="Reuters"/>
<dc element="dc.creator.location" value="TOKYO"/>
<dc element="dc.creator.location.country.name" value="JAPAN"/>
<dc element="dc.source" value="Reuters"/>
</metadata>
</newsitem>
