<?xml version="1.0" encoding="iso-8859-1" ?>
<newsitem itemid="125282" id="root" date="1996-10-17" xml:lang="en">
<title>JAPAN: Freund Industry -6mth parent results.</title>
<headline>Freund Industry -6mth parent results.</headline>
<dateline>TOKYO 1996-10-17</dateline>
<text>
<p>Six months to August 31, 1996</p>
<p> (Parent)	(in billions of yen unless specified)</p>
<p> Sales		  4.04		vs	    3.25</p>
<p> Operating	  237    million	  vs	   70    million</p>
<p> Current	    144    million	  vs	   68    million</p>
<p> Net		   81    million	  vs	   39    million</p>
<p> EPS		   19.81 yen	  vs	  100.73 yen</p>
<p> Shares		5 million	  vs	 396,000</p>
<p> Interim div	   nil		vs	     nil</p>
<p>NOTE - Freund Industry Co Ltd is the full company name.</p>
</text>
<copyright>(c) Reuters Limited 1996</copyright>
<metadata>
<codes class="bip:countries:1.0">
  <code code="JAP">
    <editdetail attribution="Reuters BIP Coding Group" action="confirmed" date="1996-10-17"/>
  </code>
</codes>
<codes class="bip:industries:1.0">
  <code code="I32440">
    <editdetail attribution="Reuters BIP Coding Group" action="confirmed" date="1996-10-17"/>
  </code>
</codes>
<codes class="bip:topics:1.0">
  <code code="C15">
    <editdetail attribution="Reuters BIP Coding Group" action="confirmed" date="1996-10-17"/>
  </code>
  <code code="C151">
    <editdetail attribution="Reuters BIP Coding Group" action="confirmed" date="1996-10-17"/>
  </code>
  <code code="CCAT">
    <editdetail attribution="Reuters BIP Coding Group" action="confirmed" date="1996-10-17"/>
  </code>
</codes>
<dc element="dc.date.created" value="1996-10-17"/>
<dc element="dc.publisher" value="Reuters Holdings Plc"/>
<dc element="dc.date.published" value="1996-10-17"/>
<dc element="dc.source" value="Reuters"/>
<dc element="dc.creator.location" value="TOKYO"/>
<dc element="dc.creator.location.country.name" value="JAPAN"/>
<dc element="dc.source" value="Reuters"/>
</metadata>
</newsitem>
