<?xml version="1.0" encoding="iso-8859-1" ?>
<newsitem itemid="139928" id="root" date="1996-10-24" xml:lang="en">
<title>POLAND: Citroen Polish unit issues PLN 4 mln CPS.</title>
<headline>Citroen Polish unit issues PLN 4 mln CPS.</headline>
<dateline>WARSAW 1996-10-24</dateline>
<text>
<p>The Polish unit of French carmaker Citroen,  Citroen Polska Sp zoo, issued four million zlotys of commercial paper on Thursday, issue manager ING bank NV in Warsaw said in a statement.</p>
<p>The commercial papers, called KWIT, were sold for a two-month period with a yield of 18.5 percent.</p>
<p>The tranche is part of the firm's 30 million zloty KWIT scheme which began in December 1995.</p>
<p>--Warsaw Newsroom +48 22 653 9700</p>
</text>
<copyright>(c) Reuters Limited 1996</copyright>
<metadata>
<codes class="bip:countries:1.0">
  <code code="FRA">
    <editdetail attribution="Reuters BIP Coding Group" action="confirmed" date="1996-10-24"/>
  </code>
  <code code="POL">
    <editdetail attribution="Reuters BIP Coding Group" action="confirmed" date="1996-10-24"/>
  </code>
</codes>
<codes class="bip:industries:1.0">
  <code code="I35101">
    <editdetail attribution="Reuters BIP Coding Group" action="confirmed" date="1996-10-24"/>
  </code>
</codes>
<codes class="bip:topics:1.0">
  <code code="C17">
    <editdetail attribution="Reuters BIP Coding Group" action="confirmed" date="1996-10-24"/>
  </code>
  <code code="C172">
    <editdetail attribution="Reuters BIP Coding Group" action="confirmed" date="1996-10-24"/>
  </code>
  <code code="CCAT">
    <editdetail attribution="Reuters BIP Coding Group" action="confirmed" date="1996-10-24"/>
  </code>
</codes>
<dc element="dc.date.created" value="1996-10-24"/>
<dc element="dc.publisher" value="Reuters Holdings Plc"/>
<dc element="dc.date.published" value="1996-10-24"/>
<dc element="dc.source" value="Reuters"/>
<dc element="dc.creator.location" value="WARSAW"/>
<dc element="dc.creator.location.country.name" value="POLAND"/>
<dc element="dc.source" value="Reuters"/>
</metadata>
</newsitem>
