<?xml version="1.0" encoding="iso-8859-1" ?>
<newsitem itemid="386556" id="root" date="1997-02-18" xml:lang="en">
<title>GERMANY: Ludewig to take over at German railways in July.</title>
<headline>Ludewig to take over at German railways in July.</headline>
<dateline>BERLIN 1997-02-18</dateline>
<text>
<p>The supervisory board of German state railways Deutsche Bahn AG has nominated Johannes Ludewig, state secretary in the Economics Ministry, to take over as chief executive in July.</p>
<p>A Deutsche Bahn spokeswoman said Ludewig would join the board on May 1 and would move into the top job on July 9. The German government will propose that current CEO Heinz Duerr moves into the supervisory board.</p>
<p>The appointment of Ludewig, a senior adviser to Chancellor Helmut Kohl, was confirmed by government officials on Monday.</p>
<p>-- Bonn Newsroom, 49 228 26097150</p>
</text>
<copyright>(c) Reuters Limited 1997</copyright>
<metadata>
<codes class="bip:countries:1.0">
  <code code="GFR">
    <editdetail attribution="Reuters BIP Coding Group" action="confirmed" date="1997-02-18"/>
  </code>
</codes>
<codes class="bip:industries:1.0">
  <code code="I71000">
    <editdetail attribution="Reuters BIP Coding Group" action="confirmed" date="1997-02-18"/>
  </code>
</codes>
<codes class="bip:topics:1.0">
  <code code="C41">
    <editdetail attribution="Reuters BIP Coding Group" action="confirmed" date="1997-02-18"/>
  </code>
  <code code="C411">
    <editdetail attribution="Reuters BIP Coding Group" action="confirmed" date="1997-02-18"/>
  </code>
  <code code="CCAT">
    <editdetail attribution="Reuters BIP Coding Group" action="confirmed" date="1997-02-18"/>
  </code>
</codes>
<dc element="dc.date.created" value="1997-02-18"/>
<dc element="dc.publisher" value="Reuters Holdings Plc"/>
<dc element="dc.date.published" value="1997-02-18"/>
<dc element="dc.source" value="Reuters"/>
<dc element="dc.creator.location" value="BERLIN"/>
<dc element="dc.creator.location.country.name" value="GERMANY"/>
<dc element="dc.source" value="Reuters"/>
</metadata>
</newsitem>
