<?xml version="1.0" encoding="iso-8859-1" ?>
<newsitem itemid="189742" id="root" date="1996-11-14" xml:lang="en">
<title>USA: John Alden to sell insurance company.</title>
<headline>John Alden to sell insurance company.</headline>
<dateline>MIAMI 1996-11-14</dateline>
<text>
<p>John Alden Financial Corp has entered into a non-binding letter of intent with SunAmerica Inc for all of the company's annuity operations, John Alden said on Thursday.</p>
<p>The company said in a statement that it would be done through the sale of all of the common stock of John Alden Life Insurance Company of New York and the reinsurance of substantially all of the annuity business of John Alden Life Insurance Company.</p>
<p>It said it was finishing up the final details of the deal.</p>
<p>&quot;We believe that all stakeholders will benefit from these transactions,&quot; it said.</p>
<p>John Alden is an insurance holding company that, through its subsidiaries, is principally engaged in providing group life and health insurance and managed care services.</p>
<p>SunAmerica is a financial services company that specializes in retirement savings products and services.</p>
</text>
<copyright>(c) Reuters Limited 1996</copyright>
<metadata>
<codes class="bip:countries:1.0">
  <code code="USA">
    <editdetail attribution="Reuters BIP Coding Group" action="confirmed" date="1996-11-14"/>
  </code>
</codes>
<codes class="bip:industries:1.0">
  <code code="I82000">
    <editdetail attribution="Reuters BIP Coding Group" action="confirmed" date="1996-11-14"/>
  </code>
  <code code="I83100">
    <editdetail attribution="Reuters BIP Coding Group" action="confirmed" date="1996-11-14"/>
  </code>
</codes>
<codes class="bip:topics:1.0">
  <code code="C18">
    <editdetail attribution="Reuters BIP Coding Group" action="confirmed" date="1996-11-14"/>
  </code>
  <code code="C182">
    <editdetail attribution="Reuters BIP Coding Group" action="confirmed" date="1996-11-14"/>
  </code>
  <code code="CCAT">
    <editdetail attribution="Reuters BIP Coding Group" action="confirmed" date="1996-11-14"/>
  </code>
</codes>
<dc element="dc.date.created" value="1996-11-14"/>
<dc element="dc.publisher" value="Reuters Holdings Plc"/>
<dc element="dc.date.published" value="1996-11-14"/>
<dc element="dc.source" value="Reuters"/>
<dc element="dc.creator.location" value="MIAMI"/>
<dc element="dc.creator.location.country.name" value="USA"/>
<dc element="dc.source" value="Reuters"/>
</metadata>
</newsitem>
