<?xml version="1.0" encoding="iso-8859-1" ?>
<newsitem itemid="776257" id="root" date="1997-08-04" xml:lang="en">
<title>USA: Tejas Gas Texas natgas line shut by fire.</title>
<headline>Tejas Gas Texas natgas line shut by fire.</headline>
<dateline>HOUSTON 1997-08-04</dateline>
<text>
<p>Tejas Gas Corp shut a 16-inch natural gas pipeline on Monday after a fire broke out in four condensate tanks along the line in Devers, Texas about 50 miles east of Houston, a company spokesman said.</p>
<p>The lateral Smith Point pipeline was being cleaned and there was no natural gas flowing on the gathering line when the fire was ignited, Tejas spokesman Tom Whittinghill said.</p>
<p>&quot;We had the line blown down. We were involved in a cleaning operation, pigging the line,&quot; he said.</p>
<p>One worker was injured in the blaze, which was contained to the condensate tanks in the remote area.</p>
<p>((-- Houston Bureau 73 210-8508))</p>
</text>
<copyright>(c) Reuters Limited 1997</copyright>
<metadata>
<codes class="bip:countries:1.0">
  <code code="USA">
    <editdetail attribution="Reuters BIP Coding Group" action="confirmed" date="1997-08-04"/>
  </code>
</codes>
<codes class="bip:industries:1.0">
  <code code="I13000">
    <editdetail attribution="Reuters BIP Coding Group" action="confirmed" date="1997-08-04"/>
  </code>
  <code code="I16200">
    <editdetail attribution="Reuters BIP Coding Group" action="confirmed" date="1997-08-04"/>
  </code>
</codes>
<codes class="bip:topics:1.0">
  <code code="C24">
    <editdetail attribution="Reuters BIP Coding Group" action="confirmed" date="1997-08-04"/>
  </code>
  <code code="CCAT">
    <editdetail attribution="Reuters BIP Coding Group" action="confirmed" date="1997-08-04"/>
  </code>
</codes>
<dc element="dc.date.created" value="1997-08-04"/>
<dc element="dc.publisher" value="Reuters Holdings Plc"/>
<dc element="dc.date.published" value="1997-08-04"/>
<dc element="dc.source" value="Reuters"/>
<dc element="dc.creator.location" value="HOUSTON"/>
<dc element="dc.creator.location.country.name" value="USA"/>
<dc element="dc.source" value="Reuters"/>
</metadata>
</newsitem>
