<?xml version="1.0" encoding="iso-8859-1" ?>
<newsitem itemid="154159" id="root" date="1996-10-30" xml:lang="en">
<title>USA: AT&amp;T declines comment on Vodafone.</title>
<headline>AT&amp;T declines comment on Vodafone.</headline>
<dateline>NEW YORK 1996-10-30</dateline>
<text>
<p>AT&amp;T Corp on Wednesday declined comment on a rumor on the London stock market that it was to bid for British mobile phone firm Vodafone Group Plc.</p>
<p>In London, Vodaphone's stock hit a day's high of 248 pence before settling back and closing at 236-1/2, up two pence, against the background of a weak broad market.</p>
<p>&quot;We don't comment on market rumors,&quot; an AT&amp;T spokeswoman here said.</p>
<p>AT&amp;T was off 1/4 to 35-3/8 on the New York Stock Exchange.</p>
<p>-- Nick Louth, New York Newsroom  212 859 1712</p>
</text>
<copyright>(c) Reuters Limited 1996</copyright>
<metadata>
<codes class="bip:countries:1.0">
  <code code="UK">
    <editdetail attribution="Reuters BIP Coding Group" action="confirmed" date="1996-10-30"/>
  </code>
  <code code="USA">
    <editdetail attribution="Reuters BIP Coding Group" action="confirmed" date="1996-10-30"/>
  </code>
</codes>
<codes class="bip:industries:1.0">
  <code code="I79020">
    <editdetail attribution="Reuters BIP Coding Group" action="confirmed" date="1996-10-30"/>
  </code>
</codes>
<codes class="bip:topics:1.0">
  <code code="C11">
    <editdetail attribution="Reuters BIP Coding Group" action="confirmed" date="1996-10-30"/>
  </code>
  <code code="C18">
    <editdetail attribution="Reuters BIP Coding Group" action="confirmed" date="1996-10-30"/>
  </code>
  <code code="C181">
    <editdetail attribution="Reuters BIP Coding Group" action="confirmed" date="1996-10-30"/>
  </code>
  <code code="CCAT">
    <editdetail attribution="Reuters BIP Coding Group" action="confirmed" date="1996-10-30"/>
  </code>
</codes>
<dc element="dc.date.created" value="1996-10-30"/>
<dc element="dc.publisher" value="Reuters Holdings Plc"/>
<dc element="dc.date.published" value="1996-10-30"/>
<dc element="dc.source" value="Reuters"/>
<dc element="dc.creator.location" value="NEW YORK"/>
<dc element="dc.creator.location.country.name" value="USA"/>
<dc element="dc.source" value="Reuters"/>
</metadata>
</newsitem>
