<?xml version="1.0" encoding="iso-8859-1" ?>
<newsitem itemid="674427" id="root" date="1997-06-19" xml:lang="en">
<title>UK: Lloyds firms on broker upgrades.</title>
<headline>Lloyds firms on broker upgrades.</headline>
<dateline>LONDON 1997-06-19</dateline>
<text>
<p>Shares in Lloyds TSB Group Plc firmed in a generally weaker broad market on Thursday, as three leading brokerages upgraded the stock, dealers said.</p>
<p>AT 0820 GMT, Lloyds shares were up 7p to 612-1/2. They were among the most actively traded in London.  </p>
<p>Merrill Lynch raised its recommendation on Lloyds to a long- and short-term &quot;buy&quot; from a long- and short-term &quot;accumulate.&quot; The brokerage also nudged up its earnings forecasts for 1997 and 1998, citing improved margins, strength in Lloyds' mortgage business and costs savings from its merger with TSB.</p>
<p>SBC Warburg upgraded the stock to &quot;buy&quot; from &quot;hold,&quot; also raising its earnings estimates. Details weren't available.  </p>
<p>ABN AMRO Hoare Govett also upgraded the stock, though details were not immediately available. --London Newsroom +44 171 542 5106</p>
</text>
<copyright>(c) Reuters Limited 1997</copyright>
<metadata>
<codes class="bip:countries:1.0">
  <code code="UK">
    <editdetail attribution="Reuters BIP Coding Group" action="confirmed" date="1997-06-19"/>
  </code>
</codes>
<codes class="bip:industries:1.0">
  <code code="I81402">
    <editdetail attribution="Reuters BIP Coding Group" action="confirmed" date="1997-06-19"/>
  </code>
</codes>
<codes class="bip:topics:1.0">
  <code code="C15">
    <editdetail attribution="Reuters BIP Coding Group" action="confirmed" date="1997-06-19"/>
  </code>
  <code code="C152">
    <editdetail attribution="Reuters BIP Coding Group" action="confirmed" date="1997-06-19"/>
  </code>
  <code code="CCAT">
    <editdetail attribution="Reuters BIP Coding Group" action="confirmed" date="1997-06-19"/>
  </code>
</codes>
<dc element="dc.date.created" value="1997-06-19"/>
<dc element="dc.publisher" value="Reuters Holdings Plc"/>
<dc element="dc.date.published" value="1997-06-19"/>
<dc element="dc.source" value="Reuters"/>
<dc element="dc.creator.location" value="LONDON"/>
<dc element="dc.creator.location.country.name" value="UK"/>
<dc element="dc.source" value="Reuters"/>
</metadata>
</newsitem>
