<?xml version="1.0" encoding="iso-8859-1" ?>
<newsitem itemid="509813" id="root" date="1997-04-15" xml:lang="en">
<title>USA: COMEX copper ends firmer after LME stock drop.</title>
<headline>COMEX copper ends firmer after LME stock drop.</headline>
<dateline>NEW YORK 1997-04-15</dateline>
<text>
<p>COMEX copper settled firmer in quiet, but steady trading, the market underpinned by a further draw in LME stocks and labor concerns but much of the day's gains were, nevertheless pared, traders said.</p>
<p>&quot;The market was due for a little bit of a bounce, but it was an unenthusiastic, cautious rally,&quot; William O'Neill of Merrill Lynch said.</p>
<p>LME stocks fell 2,125 tonnes to 155,775 tonnes.</p>
<p>May COMEX settled 0.80 cent firmer at 106.25 cents per pound, traded 107.20 to 105.80 cents. Spot April went out 1.15 cents higher at 107.80 cents.</p>
<p>The market was awaiting the outcome of Tuesday's vote at Escondida, the world's biggest copper mine in Chile.</p>
<p>But traders noted that only a small number of the workforce were involved in the vote on whether to accept a new pay deal which the union has recommended rejecting.</p>
<p>Despite Tuesday's modest gains, a cloud still hangs over the red metal charts, O'Neill said. &quot;The technical bias is leaning a bit weaker.&quot;</p>
<p>((New York Commodity Desk 212-859-1646))</p>
</text>
<copyright>(c) Reuters Limited 1997</copyright>
<metadata>
<codes class="bip:countries:1.0">
  <code code="USA">
    <editdetail attribution="Reuters BIP Coding Group" action="confirmed" date="1997-04-15"/>
  </code>
</codes>
<codes class="bip:topics:1.0">
  <code code="M14">
    <editdetail attribution="Reuters BIP Coding Group" action="confirmed" date="1997-04-15"/>
  </code>
  <code code="M142">
    <editdetail attribution="Reuters BIP Coding Group" action="confirmed" date="1997-04-15"/>
  </code>
  <code code="MCAT">
    <editdetail attribution="Reuters BIP Coding Group" action="confirmed" date="1997-04-15"/>
  </code>
</codes>
<dc element="dc.date.created" value="1997-04-15"/>
<dc element="dc.publisher" value="Reuters Holdings Plc"/>
<dc element="dc.date.published" value="1997-04-15"/>
<dc element="dc.source" value="Reuters"/>
<dc element="dc.creator.location" value="NEW YORK"/>
<dc element="dc.creator.location.country.name" value="USA"/>
<dc element="dc.source" value="Reuters"/>
</metadata>
</newsitem>
