<?xml version="1.0" encoding="iso-8859-1" ?>
<newsitem itemid="627430" id="root" date="1997-05-30" xml:lang="en">
<title>BELGIUM: EU foreign ministers to tackle fur-trap issue.</title>
<headline>EU foreign ministers to tackle fur-trap issue.</headline>
<dateline>BRUSSELS 1997-05-30</dateline>
<text>
<p>European Union foreign ministers are due to discuss in Luxembourg on Monday a draft deal with Canada and Russia on standards for traps used to catch animals for their fur.</p>
<p>Negotiators from Canada, Russia and the European Commission have initialled a deal, replacing one previously rejected as too weak by EU environment ministers.</p>
<p>In the revised deal, Canada has accepted a ban, effective immediately the agreement comes into force, on all types of jaw-type, leghold traps for seven of 12 Canadian species under consideration, EU diplomats said on Friday.</p>
<p>Use of such traps for the remaining five species will be outlawed from March 31, 2000 provided the deal is in place before October 1 this year.</p>
<p>Russia will ban the traps by December 31, 1999 &quot;if adequate financial assistance is provided to replace existing traps&quot;.</p>
<p>If not, the traps will be phased out at the latest four years after agreement comes into force.</p>
<p>The revised text also removes any derogation from the ban for trappers among Canada's indigenous populations and limits Russia's derogation to the use of a traditional wooden trap.</p>
<p>Difficulties remain in the way of an EU trapping deal with the United States, which considers the deal too strict and where questions remain about the division of powers, between federal and state authorities, to negotiate on trapping.</p>
</text>
<copyright>(c) Reuters Limited 1997</copyright>
<metadata>
<codes class="bip:countries:1.0">
  <code code="CANA">
    <editdetail attribution="Reuters BIP Coding Group" action="confirmed" date="1997-05-30"/>
  </code>
  <code code="EEC">
    <editdetail attribution="Reuters BIP Coding Group" action="confirmed" date="1997-05-30"/>
  </code>
  <code code="LUX">
    <editdetail attribution="Reuters BIP Coding Group" action="confirmed" date="1997-05-30"/>
  </code>
  <code code="RUSS">
    <editdetail attribution="Reuters BIP Coding Group" action="confirmed" date="1997-05-30"/>
  </code>
</codes>
<codes class="bip:industries:1.0">
  <code code="I45600">
    <editdetail attribution="Reuters BIP Coding Group" action="confirmed" date="1997-05-30"/>
  </code>
</codes>
<codes class="bip:topics:1.0">
  <code code="C13">
    <editdetail attribution="Reuters BIP Coding Group" action="confirmed" date="1997-05-30"/>
  </code>
  <code code="CCAT">
    <editdetail attribution="Reuters BIP Coding Group" action="confirmed" date="1997-05-30"/>
  </code>
  <code code="G15">
    <editdetail attribution="Reuters BIP Coding Group" action="confirmed" date="1997-05-30"/>
  </code>
  <code code="G152">
    <editdetail attribution="Reuters BIP Coding Group" action="confirmed" date="1997-05-30"/>
  </code>
  <code code="G156">
    <editdetail attribution="Reuters BIP Coding Group" action="confirmed" date="1997-05-30"/>
  </code>
  <code code="GCAT">
    <editdetail attribution="Reuters BIP Coding Group" action="confirmed" date="1997-05-30"/>
  </code>
</codes>
<dc element="dc.date.created" value="1997-05-30"/>
<dc element="dc.publisher" value="Reuters Holdings Plc"/>
<dc element="dc.date.published" value="1997-05-30"/>
<dc element="dc.source" value="Reuters"/>
<dc element="dc.creator.location" value="BRUSSELS"/>
<dc element="dc.creator.location.country.name" value="BELGIUM"/>
<dc element="dc.source" value="Reuters"/>
</metadata>
</newsitem>
