<?xml version="1.0" encoding="iso-8859-1" ?>
<newsitem itemid="610383" id="root" date="1997-05-23" xml:lang="en">
<title>USA: Progress made in tobacco talks - NYT.</title>
<headline>Progress made in tobacco talks - NYT.</headline>
<dateline>NEW YORK 1997-05-23</dateline>
<text>
<p>Negotiators in the tobacco talks were making progress on several key regulatory and legal issues, the New York Times said on Friday.</p>
<p>The Times said that although some progress has been made, several significant hurdles remain.</p>
<p>Quoting unnamed sources close to the talks, the paper said one area of agreement reached by negotiators involved a substantial penalty that cigarette makers would pay if smoking by young people was not reduced by 50 percent after seven years.</p>
<p>Still unresolved, however, was the issue of the size of any settlement fund to compensate ill smokers, their survivors and the 29 states that have sued the tobacco industry to recover Medicaid money spent on smoking-related claims, the report said.</p>
<p>&quot;We feel that we have made good progress,&quot; Mississippi Attorney General Michael Moore told the Times. Moore is a principal architect of the talks.</p>
</text>
<copyright>(c) Reuters Limited 1997</copyright>
<metadata>
<codes class="bip:countries:1.0">
  <code code="USA">
    <editdetail attribution="Reuters BIP Coding Group" action="confirmed" date="1997-05-23"/>
  </code>
</codes>
<codes class="bip:industries:1.0">
  <code code="I42900">
    <editdetail attribution="Reuters BIP Coding Group" action="confirmed" date="1997-05-23"/>
  </code>
</codes>
<codes class="bip:topics:1.0">
  <code code="C12">
    <editdetail attribution="Reuters BIP Coding Group" action="confirmed" date="1997-05-23"/>
  </code>
  <code code="C13">
    <editdetail attribution="Reuters BIP Coding Group" action="confirmed" date="1997-05-23"/>
  </code>
  <code code="CCAT">
    <editdetail attribution="Reuters BIP Coding Group" action="confirmed" date="1997-05-23"/>
  </code>
  <code code="GCAT">
    <editdetail attribution="Reuters BIP Coding Group" action="confirmed" date="1997-05-23"/>
  </code>
  <code code="GCRIM">
    <editdetail attribution="Reuters BIP Coding Group" action="confirmed" date="1997-05-23"/>
  </code>
</codes>
<dc element="dc.date.created" value="1997-05-23"/>
<dc element="dc.publisher" value="Reuters Holdings Plc"/>
<dc element="dc.date.published" value="1997-05-23"/>
<dc element="dc.source" value="Reuters"/>
<dc element="dc.creator.location" value="NEW YORK"/>
<dc element="dc.creator.location.country.name" value="USA"/>
<dc element="dc.source" value="Reuters"/>
</metadata>
</newsitem>
