<?xml version="1.0" encoding="iso-8859-1" ?>
<newsitem itemid="269204" id="root" date="1996-12-20" xml:lang="en">
<title>CANADA: Toronto indices closing - Dec 20.</title>
<headline>Toronto indices closing - Dec 20.</headline>
<text>
<p>Coms			 5869.70    +25.4</p>
<p> Met/Min		    5258.63   +52.41</p>
<p> Gold			11325.73   -13.94</p>
<p> Oil/Gas		    6439.65   +32.06</p>
<p> Volume		 110,070,444</p>
</text>
<copyright>(c) Reuters Limited 1996</copyright>
<metadata>
<codes class="bip:countries:1.0">
  <code code="CANA">
    <editdetail attribution="Reuters BIP Coding Group" action="confirmed" date="1996-12-20"/>
  </code>
</codes>
<codes class="bip:topics:1.0">
  <code code="M11">
    <editdetail attribution="Reuters BIP Coding Group" action="confirmed" date="1996-12-20"/>
  </code>
  <code code="MCAT">
    <editdetail attribution="Reuters BIP Coding Group" action="confirmed" date="1996-12-20"/>
  </code>
</codes>
<dc element="dc.publisher" value="Reuters Holdings Plc"/>
<dc element="dc.date.published" value="1996-12-20"/>
<dc element="dc.source" value="Reuters"/>
<dc element="dc.creator.location.country.name" value="CANADA"/>
<dc element="dc.source" value="Reuters"/>
</metadata>
</newsitem>
