<?xml version="1.0" encoding="iso-8859-1" ?>
<newsitem itemid="368775" id="root" date="1997-02-11" xml:lang="en">
<title>POLAND: SOCCER-CITKO SAYS HE WON'T BE JOINING BLACKBURN.</title>
<headline>SOCCER-CITKO SAYS HE WON'T BE JOINING BLACKBURN.</headline>
<dateline>LODZ, Poland 1997-02-11</dateline>
<text>
<p>Poland striker Marek Citko said on Tuesday he would not be joining English premier league side Blackburn.</p>
<p>Citko, who plays for Polish champions Widzew Lodz, said personal issues and loyalty to his present club had influenced his decision.</p>
<p>&quot;I am staying in Widzew...with the club to which I owe so much,&quot; said Citko after returning from talks with Blackburn officials.</p>
<p>&quot;I am not concerned with financial matters and I want to help my club win the championship and the cup.&quot;</p>
<p>Widzew president Andrzej Pawelec said he fully understood Citko's decision. &quot;Widzew can afford not to sell him,&quot; he added.</p>
<p>He confirmed that a deal worth between 2.6 million and four million pounds sterling ($4.2 million and $6.4 million) had been discussed in England.</p>
</text>
<copyright>(c) Reuters Limited 1997</copyright>
<metadata>
<codes class="bip:countries:1.0">
  <code code="POL">
    <editdetail attribution="Reuters BIP Coding Group" action="confirmed" date="1997-02-11"/>
  </code>
  <code code="UK">
    <editdetail attribution="Reuters BIP Coding Group" action="confirmed" date="1997-02-11"/>
  </code>
</codes>
<codes class="bip:topics:1.0">
  <code code="GCAT">
    <editdetail attribution="Reuters BIP Coding Group" action="confirmed" date="1997-02-11"/>
  </code>
  <code code="GSPO">
    <editdetail attribution="Reuters BIP Coding Group" action="confirmed" date="1997-02-11"/>
  </code>
</codes>
<dc element="dc.date.created" value="1997-02-11"/>
<dc element="dc.publisher" value="Reuters Holdings Plc"/>
<dc element="dc.date.published" value="1997-02-11"/>
<dc element="dc.source" value="Reuters"/>
<dc element="dc.creator.location" value="LODZ, Poland"/>
<dc element="dc.creator.location.country.name" value="POLAND"/>
<dc element="dc.source" value="Reuters"/>
</metadata>
</newsitem>
