<?xml version="1.0" encoding="iso-8859-1" ?>
<newsitem itemid="185351" id="root" date="1996-11-13" xml:lang="en">
<title>USA: CSCE cocoa futures called to open little changed.</title>
<headline>CSCE cocoa futures called to open little changed.</headline>
<dateline>NEW YORK 1996-11-13</dateline>
<text>
<p>CSCE cocoa futures were called to open little changed Wednesday, although some traders expected prices to weaken in line with losses in London overnight.</p>
<p>London cocoa futures continued to trend lower Wednesday, with benchmark LIFFE March falling 13 stg a tonne at the midday break, to 912 stg. Spot December was off 12 stg at 881 stg.</p>
<p>New York cocoa futures tumbled to their lowest level in more than seven months on Tuesday, pounded by speculative selling. Most-active March cocoa tumbled $32 a tonne on the day, to $1,351, its lowest settlement since late March, after ranging narrowly between $1,383 and $1,350.</p>
<p>Spot December, which goes into notice period Thursday, also fell $32, to $1,305.</p>
<p>Technically, traders continued to peg near-term March support near the $1,350-$1,347 level, with the next downside target seen at $1,335. Resistance was put at $1,365.</p>
<p>--Patricia Avidan, New York Commodities Desk 1 212 859 1640</p>
</text>
<copyright>(c) Reuters Limited 1996</copyright>
<metadata>
<codes class="bip:countries:1.0">
  <code code="USA">
    <editdetail attribution="Reuters BIP Coding Group" action="confirmed" date="1996-11-13"/>
  </code>
</codes>
<codes class="bip:topics:1.0">
  <code code="M14">
    <editdetail attribution="Reuters BIP Coding Group" action="confirmed" date="1996-11-13"/>
  </code>
  <code code="M141">
    <editdetail attribution="Reuters BIP Coding Group" action="confirmed" date="1996-11-13"/>
  </code>
  <code code="MCAT">
    <editdetail attribution="Reuters BIP Coding Group" action="confirmed" date="1996-11-13"/>
  </code>
</codes>
<dc element="dc.date.created" value="1996-11-13"/>
<dc element="dc.publisher" value="Reuters Holdings Plc"/>
<dc element="dc.date.published" value="1996-11-13"/>
<dc element="dc.source" value="Reuters"/>
<dc element="dc.creator.location" value="NEW YORK"/>
<dc element="dc.creator.location.country.name" value="USA"/>
<dc element="dc.source" value="Reuters"/>
</metadata>
</newsitem>
