<?xml version="1.0" encoding="iso-8859-1" ?>
<newsitem itemid="400317" id="root" date="1997-02-25" xml:lang="en">
<title>USA: Featherlite Mfg. Inc Q4 profit vs loss.</title>
<headline>Featherlite Mfg. Inc Q4 profit vs loss.</headline>
<dateline>CRESCO, Iowa 1997-02-25</dateline>
<text>
<p>1996			1995</p>
<p> Shr     profit	   $0.09     loss	 $0.06</p>
<p> Net     profit	     571     loss	   375</p>
<p> Revs			29,800		   17,385</p>
<p> Avg shrs		   6,255		    5,955</p>
<p>			YEAR</p>
<p> Shr     profit	   $0.13   profit	 $0.12</p>
<p> Net     profit	     842   profit	   701</p>
<p> Revs			99,329		   69,159</p>
<p> Avg shrs		   6,106		    5,955</p>
<p>(All Data Above 000s Except Per Share Numbers)</p>
<p>((Reuters Chicago Newsdesk (312) 408-8787))</p>
</text>
<copyright>(c) Reuters Limited 1997</copyright>
<metadata>
<codes class="bip:countries:1.0">
  <code code="USA">
    <editdetail attribution="Reuters BIP Coding Group" action="confirmed" date="1997-02-25"/>
  </code>
</codes>
<codes class="bip:industries:1.0">
  <code code="I35200">
    <editdetail attribution="Reuters BIP Coding Group" action="confirmed" date="1997-02-25"/>
  </code>
</codes>
<codes class="bip:topics:1.0">
  <code code="C15">
    <editdetail attribution="Reuters BIP Coding Group" action="confirmed" date="1997-02-25"/>
  </code>
  <code code="C151">
    <editdetail attribution="Reuters BIP Coding Group" action="confirmed" date="1997-02-25"/>
  </code>
  <code code="C1511">
    <editdetail attribution="Reuters BIP Coding Group" action="confirmed" date="1997-02-25"/>
  </code>
  <code code="CCAT">
    <editdetail attribution="Reuters BIP Coding Group" action="confirmed" date="1997-02-25"/>
  </code>
</codes>
<dc element="dc.date.created" value="1997-02-25"/>
<dc element="dc.publisher" value="Reuters Holdings Plc"/>
<dc element="dc.date.published" value="1997-02-25"/>
<dc element="dc.source" value="Reuters"/>
<dc element="dc.creator.location" value="CRESCO, Iowa"/>
<dc element="dc.creator.location.country.name" value="USA"/>
<dc element="dc.source" value="Reuters"/>
</metadata>
</newsitem>
