<?xml version="1.0" encoding="iso-8859-1" ?>
<newsitem itemid="759647" id="root" date="1997-07-28" xml:lang="en">
<title>ARGENTINA: Argentine group wins state post office bidding.</title>
<headline>Argentine group wins state post office bidding.</headline>
<dateline>BUENOS AIRES 1997-07-28</dateline>
<text>
<p>Argentina's Post Office said Monday local firms Itron and Sideco, controlled by Grupo Macri, and Banco de Galicia, had won the bid for a 30-year concession to run the state post office.</p>
<p>The Argentine consortium, which has the technical backing of Britain's Post Office, won after offering a $51 million six-monthly fee.  </p>
<p>The lowest offer from the three groups which qualified to bid was $30.77 million from local banking group Werthein and COINTEL, a holding company controlling Telefonica de Argentina, and New Zealand's Infratil International, with the technical support of the New Zealand Post.</p>
<p>COINTEL is owned by Telefonica de Espana, operator of Telefonica de Argentina, and Argentina's CEI Citicorp Holding SA.</p>
<p>Argentine companies TAC and ROMAN, together with local tycoon Samuel Liberman, owner of local cable TV firm VCC, and Germany's state post office, had offered $48.5 million.</p>
</text>
<copyright>(c) Reuters Limited 1997</copyright>
<metadata>
<codes class="bip:countries:1.0">
  <code code="ARG">
    <editdetail attribution="Reuters BIP Coding Group" action="confirmed" date="1997-07-28"/>
  </code>
  <code code="UK">
    <editdetail attribution="Reuters BIP Coding Group" action="confirmed" date="1997-07-28"/>
  </code>
</codes>
<codes class="bip:industries:1.0">
  <code code="I79010">
    <editdetail attribution="Reuters BIP Coding Group" action="confirmed" date="1997-07-28"/>
  </code>
  <code code="I79020">
    <editdetail attribution="Reuters BIP Coding Group" action="confirmed" date="1997-07-28"/>
  </code>
  <code code="I81402">
    <editdetail attribution="Reuters BIP Coding Group" action="confirmed" date="1997-07-28"/>
  </code>
  <code code="I81502">
    <editdetail attribution="Reuters BIP Coding Group" action="confirmed" date="1997-07-28"/>
  </code>
  <code code="I8150211">
    <editdetail attribution="Reuters BIP Coding Group" action="confirmed" date="1997-07-28"/>
  </code>
  <code code="I83960">
    <editdetail attribution="Reuters BIP Coding Group" action="confirmed" date="1997-07-28"/>
  </code>
</codes>
<codes class="bip:topics:1.0">
  <code code="C18">
    <editdetail attribution="Reuters BIP Coding Group" action="confirmed" date="1997-07-28"/>
  </code>
  <code code="C181">
    <editdetail attribution="Reuters BIP Coding Group" action="confirmed" date="1997-07-28"/>
  </code>
  <code code="C183">
    <editdetail attribution="Reuters BIP Coding Group" action="confirmed" date="1997-07-28"/>
  </code>
  <code code="CCAT">
    <editdetail attribution="Reuters BIP Coding Group" action="confirmed" date="1997-07-28"/>
  </code>
</codes>
<dc element="dc.date.created" value="1997-07-28"/>
<dc element="dc.publisher" value="Reuters Holdings Plc"/>
<dc element="dc.date.published" value="1997-07-28"/>
<dc element="dc.source" value="Reuters"/>
<dc element="dc.creator.location" value="BUENOS AIRES"/>
<dc element="dc.creator.location.country.name" value="ARGENTINA"/>
<dc element="dc.source" value="Reuters"/>
</metadata>
</newsitem>
