<?xml version="1.0" encoding="iso-8859-1" ?>
<newsitem itemid="759607" id="root" date="1997-07-28" xml:lang="en">
<title>MEXICO: Volcanic ash could help Mexican coffee crops.</title>
<headline>Volcanic ash could help Mexican coffee crops.</headline>
<byline>Timna Tanners</byline>
<dateline>MEXICO CITY 1997-07-28</dateline>
<text>
<p>A sprinkle of volcanic ash over key Mexican coffee growing regions could be a boon to crops, growers say.</p>
<p>Small amounts of ash landed in coffee-rich Puebla and Veracruz states when rumbling Popocatepetl volcano erupted with its greatest force in 70 years on July 1, leaving farmers clamoring for more.</p>
<p>&quot;It would be fabulous it we got ash here because it carries many nutrients and minerals and we spend a lot on fertilizer,&quot; Veracruz coffee farmer Porfirio Hernandez Canales told Reuters.</p>
<p>Coffee growers said volcanic ash has fortified Nicaraguan and Colombian coffee producing regions, enriching the soil with vital nutrients.</p>
<p>Veracruz and Puebla are Mexico's second and third largest coffee producers, respectively. The states are about 95 to 125 miles (150 to 200 km) east of the volcano.</p>
<p>&quot;The dominant winds come from the Gulf of Mexico, in the opposite direction from the volcano. It is impossible for there to be damage here because it is so far,&quot; Hernandez said.</p>
<p>Coffee producers cast doubt on volcanic ash hurting the harvest, joking it may just toast coffee beans on the trees.</p>
<p>It would need an unusual wind formation and a full-scale eruption to seriously threaten the nation's coffee crops, they said.</p>
<p>&quot;The worst-case scenario would be if the volcano really started to spew ash and the winds blew it into the coffee regions. It would have to fall extra thick to harm the trees,&quot; Weather Services Corp's Mike Palmerino said.</p>
<p>A thick blanket of ash in the plants' growing stage could cut back on photosynthesis, and keep the beans from growing properly, he added.</p>
<p>But barring those unusual circumstances, Palmerino said a volcano blast would have &quot;essentially no effect on the coffee growing regions.&quot;</p>
<p>((--Mexico City newsroom +525 728-7903))</p>
</text>
<copyright>(c) Reuters Limited 1997</copyright>
<metadata>
<codes class="bip:countries:1.0">
  <code code="MEX">
    <editdetail attribution="Reuters BIP Coding Group" action="confirmed" date="1997-07-28"/>
  </code>
</codes>
<codes class="bip:industries:1.0">
  <code code="I01001">
    <editdetail attribution="Reuters BIP Coding Group" action="confirmed" date="1997-07-28"/>
  </code>
  <code code="I0100137">
    <editdetail attribution="Reuters BIP Coding Group" action="confirmed" date="1997-07-28"/>
  </code>
</codes>
<codes class="bip:topics:1.0">
  <code code="C24">
    <editdetail attribution="Reuters BIP Coding Group" action="confirmed" date="1997-07-28"/>
  </code>
  <code code="CCAT">
    <editdetail attribution="Reuters BIP Coding Group" action="confirmed" date="1997-07-28"/>
  </code>
  <code code="GCAT">
    <editdetail attribution="Reuters BIP Coding Group" action="confirmed" date="1997-07-28"/>
  </code>
  <code code="GENV">
    <editdetail attribution="Reuters BIP Coding Group" action="confirmed" date="1997-07-28"/>
  </code>
</codes>
<dc element="dc.date.created" value="1997-07-28"/>
<dc element="dc.publisher" value="Reuters Holdings Plc"/>
<dc element="dc.date.published" value="1997-07-28"/>
<dc element="dc.source" value="Reuters"/>
<dc element="dc.creator.location" value="MEXICO CITY"/>
<dc element="dc.creator.location.country.name" value="MEXICO"/>
<dc element="dc.source" value="Reuters"/>
</metadata>
</newsitem>
