<?xml version="1.0" encoding="iso-8859-1" ?>
<newsitem itemid="32807" id="root" date="1996-09-04" xml:lang="en">
<title>USA: Bridgeville Savings sets special payout.</title>
<headline>Bridgeville Savings sets special payout.</headline>
<dateline>BRIDGEVILLE, Pa. 1996-09-04</dateline>
<text>
<p>Bridgeville Savings Bank FSB said Wednesday that its directors declared an unchanged quarterly cash dividend of $0.08 per share and a special dividend of $0.15 per share.</p>
<p>Both dividends will be payable on October 16 to holders of record on September 30.</p>
<p>The bank said it was the eighth regular quarterly dividend and the second special cash dividend declared since it issued common stock in October 1994.</p>
<p>-- New York Newsdesk 212-859-1610</p>
</text>
<copyright>(c) Reuters Limited 1996</copyright>
<metadata>
<codes class="bip:countries:1.0">
  <code code="USA">
    <editdetail attribution="Reuters BIP Coding Group" action="confirmed" date="1996-09-04"/>
  </code>
</codes>
<codes class="bip:industries:1.0">
  <code code="I81402">
    <editdetail attribution="Reuters BIP Coding Group" action="confirmed" date="1996-09-04"/>
  </code>
</codes>
<codes class="bip:topics:1.0">
  <code code="C15">
    <editdetail attribution="Reuters BIP Coding Group" action="confirmed" date="1996-09-04"/>
  </code>
  <code code="C151">
    <editdetail attribution="Reuters BIP Coding Group" action="confirmed" date="1996-09-04"/>
  </code>
  <code code="CCAT">
    <editdetail attribution="Reuters BIP Coding Group" action="confirmed" date="1996-09-04"/>
  </code>
</codes>
<dc element="dc.date.created" value="1996-09-04"/>
<dc element="dc.publisher" value="Reuters Holdings Plc"/>
<dc element="dc.date.published" value="1996-09-04"/>
<dc element="dc.source" value="Reuters"/>
<dc element="dc.creator.location" value="BRIDGEVILLE, Pa."/>
<dc element="dc.creator.location.country.name" value="USA"/>
<dc element="dc.source" value="Reuters"/>
</metadata>
</newsitem>
