<?xml version="1.0" encoding="iso-8859-1" ?>
<newsitem itemid="429753" id="root" date="1997-03-10" xml:lang="en">
<title>FRANCE: RUGBY UNION-FRENCH PROP CALIFANO TO MISS SCOTLAND MATCH.</title>
<headline>RUGBY UNION-FRENCH PROP CALIFANO TO MISS SCOTLAND MATCH.</headline>
<dateline>PARIS 1997-03-10</dateline>
<text>
<p>Toulouse prop Christian Califano will not be selected to play for France against Scotland in the Five Nations match in Paris on Saturday because he was sent off during a league game at the weekend.</p>
<p>French selectors said any player sent off in a league match would be automatically suspended for the next international game.</p>
<p>Califano was sent off for punching Grenoble prop Louis Esposito on Sunday. Toulouse won 19-17 at Grenoble.</p>
</text>
<copyright>(c) Reuters Limited 1997</copyright>
<metadata>
<codes class="bip:countries:1.0">
  <code code="FRA">
    <editdetail attribution="Reuters BIP Coding Group" action="confirmed" date="1997-03-10"/>
  </code>
  <code code="UK">
    <editdetail attribution="Reuters BIP Coding Group" action="confirmed" date="1997-03-10"/>
  </code>
</codes>
<codes class="bip:topics:1.0">
  <code code="GCAT">
    <editdetail attribution="Reuters BIP Coding Group" action="confirmed" date="1997-03-10"/>
  </code>
  <code code="GSPO">
    <editdetail attribution="Reuters BIP Coding Group" action="confirmed" date="1997-03-10"/>
  </code>
</codes>
<dc element="dc.date.created" value="1997-03-10"/>
<dc element="dc.publisher" value="Reuters Holdings Plc"/>
<dc element="dc.date.published" value="1997-03-10"/>
<dc element="dc.source" value="Reuters"/>
<dc element="dc.creator.location" value="PARIS"/>
<dc element="dc.creator.location.country.name" value="FRANCE"/>
<dc element="dc.source" value="Reuters"/>
</metadata>
</newsitem>
