<?xml version="1.0" encoding="iso-8859-1" ?>
<newsitem itemid="199737" id="root" date="1996-11-19" xml:lang="en">
<title>NEW ZEALAND: NZ DMO uses US$100 mln bond to refinance mark loan.</title>
<headline>NZ DMO uses US$100 mln bond to refinance mark loan.</headline>
<dateline>WELLINGTON 1996-11-20</dateline>
<text>
<p>The New Zealand Treasury's Debt Management Office said on Wednesday its US$100 million one-year eurobond issue was a refinancing of a deutschmark loan and the proceeds had been swapped into marks.</p>
<p>The bond was announced overnight by lead manager Nomura, with a coupon of 4.875 percent.</p>
<p>&quot;We had in our portfolio a deutschmark loan which we were able to refinance at a cheaper cost to the government,&quot; a DMO official said.  </p>
<p>&quot;We repaid the deutschmark loan and swapped this ($100 million) medium-term note into deutschmarks. So we've just replaced one deutschmark borrowing with another, at lower cost.&quot;</p>
<p>The original borrowing was a 300 million mark public bond issue at LIMEAN.</p>
<p>-- Wellington newsroom 64 4 473-4746</p>
</text>
<copyright>(c) Reuters Limited 1996</copyright>
<metadata>
<codes class="bip:countries:1.0">
  <code code="NZ">
    <editdetail attribution="Reuters BIP Coding Group" action="confirmed" date="1996-11-19"/>
  </code>
</codes>
<codes class="bip:topics:1.0">
  <code code="E21">
    <editdetail attribution="Reuters BIP Coding Group" action="confirmed" date="1996-11-19"/>
  </code>
  <code code="E212">
    <editdetail attribution="Reuters BIP Coding Group" action="confirmed" date="1996-11-19"/>
  </code>
  <code code="ECAT">
    <editdetail attribution="Reuters BIP Coding Group" action="confirmed" date="1996-11-19"/>
  </code>
  <code code="M12">
    <editdetail attribution="Reuters BIP Coding Group" action="confirmed" date="1996-11-19"/>
  </code>
  <code code="MCAT">
    <editdetail attribution="Reuters BIP Coding Group" action="confirmed" date="1996-11-19"/>
  </code>
</codes>
<dc element="dc.date.created" value="1996-11-20"/>
<dc element="dc.publisher" value="Reuters Holdings Plc"/>
<dc element="dc.date.published" value="1996-11-19"/>
<dc element="dc.source" value="Reuters"/>
<dc element="dc.creator.location" value="WELLINGTON"/>
<dc element="dc.creator.location.country.name" value="NEW ZEALAND"/>
<dc element="dc.source" value="Reuters"/>
</metadata>
</newsitem>
