<?xml version="1.0" encoding="iso-8859-1" ?>
<newsitem itemid="4991" id="root" date="1996-08-21" xml:lang="en">
<title>UKRAINE: Ukraine appeases angry China over Taiwan VP visit.</title>
<headline>Ukraine appeases angry China over Taiwan VP visit.</headline>
<byline>Rostislav Khotin</byline>
<dateline>KIEV 1996-08-21</dateline>
<text>
<p>Ukraine tried to soothe China's anger on Wednesday over a visit by Taiwanese Vice-President Lien Chan and re-affirmed Kiev's commitment to a &quot;one China&quot; policy.</p>
<p>&quot;We in Kiev regard Taiwan as an integral part of China. Nothing should damage our relations with China,&quot; Foreign Minister Hennady Udovenko told reporters.</p>
<p>&quot;We think the private trip of the Taiwanese representative on a private invitation should not be enough to worsen Ukrainian-Chinese relations.&quot;</p>
<p>China has already reacted to the visit by scrapping a planned trip to Kiev by a delegation headed by Li Tieying, chairman of the State Commission for Economic Restructuring. The visitors had been due to arrive on Wednesday for five days and hold meetings with President Leonid Kuchma and Prime Minister Pavlo Lazarenko.</p>
<p>Officials in Kiev, which regards China as one of its most important political and economic partners, were clearly upset over the row. Udovenko said the postponement of the visit was a &quot;temporary decision&quot;.</p>
<p>Lien left Ukraine on Wednesday afternoon after a three-day visit at the invitation of the chancellor of Kiev State University, which granted him an honorary degree. He also visited Ukraine's separatist pro-Russia Crimean peninsula.</p>
<p>A Chinese spokesman in Beijing said Lien's trip to Ukraine to accept a degree had been made with political motives. China's ambassador to Ukraine protested to the Foreign Ministry and announced the cancellation of Li Tieying's visit.</p>
<p>Taiwan State Radio said Lien had met Ukraine's president on Wednesday. Kiev denied the report.</p>
<p>&quot;There was no meeting. Neither official, nor private nor non-official. I officially deny that information,&quot; a spokesman for Kuchma said. &quot;There is no point at all for the president to meet him. The Chinese are even angry over his private stay in Ukraine.&quot;</p>
<p>Officials blamed a lack of coordination between governmental bodies. Ukraine had denied Lien's presence in the country immediately after the first media reports that he was here.</p>
<p>&quot;We are innocent, and this is all so stupid. When we were saying that he was not here -- well, much to our surprise, he was,&quot; a top Ukrainian diplomat told Reuters. &quot;We made fools of ourselves by allowing the world to see this mess.&quot;</p>
<p>China regards Nationalist-ruled Taiwan as a rebel province and has sought to isolate the island diplomatically since a civil war separated them in 1949.</p>
<p>China is Ukraine's second largest economic partner after Russia with annual bilateral trade totalling almost $1 billion. Kiev has no diplomatic or official ties with Taiwan.</p>
<p>A Chinese spokesman said on Tuesday Ukraine's acceptance of Lien's visit had constituted a grave violation of its commitment on the question of Taiwan in a 1994 communique which established diplomatic ties between China and Ukraine.</p>
</text>
<copyright>(c) Reuters Limited 1996</copyright>
<metadata>
<codes class="bip:countries:1.0">
  <code code="CHINA">
    <editdetail attribution="Reuters BIP Coding Group" action="confirmed" date="1996-08-21"/>
  </code>
  <code code="TAIWAN">
    <editdetail attribution="Reuters BIP Coding Group" action="confirmed" date="1996-08-21"/>
  </code>
  <code code="UKRN">
    <editdetail attribution="Reuters BIP Coding Group" action="confirmed" date="1996-08-21"/>
  </code>
</codes>
<codes class="bip:topics:1.0">
  <code code="GCAT">
    <editdetail attribution="Reuters BIP Coding Group" action="confirmed" date="1996-08-21"/>
  </code>
  <code code="GDIP">
    <editdetail attribution="Reuters BIP Coding Group" action="confirmed" date="1996-08-21"/>
  </code>
</codes>
<dc element="dc.date.created" value="1996-08-21"/>
<dc element="dc.publisher" value="Reuters Holdings Plc"/>
<dc element="dc.date.published" value="1996-08-21"/>
<dc element="dc.source" value="Reuters"/>
<dc element="dc.creator.location" value="KIEV"/>
<dc element="dc.creator.location.country.name" value="UKRAINE"/>
<dc element="dc.source" value="Reuters"/>
</metadata>
</newsitem>
