<?xml version="1.0" encoding="iso-8859-1" ?>
<newsitem itemid="169547" id="root" date="1996-11-06" xml:lang="en">
<title>AUSTRALIA: RTRS-Costello sees no media foreign limit change.</title>
<headline>RTRS-Costello sees no media foreign limit change.</headline>
<dateline>CANBERRA 1996-11-07</dateline>
<text>
<p>Australian Treasurer Peter Costello said on Thursday he currently saw no need to change limits on foreign ownership of Australia's media.</p>
<p>&quot;As yet, there has been no case put to us that has motivated us to look at changing those guidelines,&quot; Costello told Australian Broadcasting Corp radio.  </p>
<p>Costello said the government's inquiry into media ownership would not look at foreign ownership limits.</p>
<p>&quot;The media ownership review is looking at cross-media ownership requirements and that is the focus of its terms of reference. This is a different issue,&quot; he said.</p>
<p>Foreigners are limited to a maximum 25 percent holding.</p>
<p>Canadian media baron Conrad Black said on Wednesday he wanted to increase his stake in Australia's oldest newspaper group, John Fairfax Holdings Ltd, to 50 percent from 25 percent to create more stability for the group.  </p>
<p>Black repeated he would sell out of Fairfax if there was no easing in the current media ownership rules, which he described as &quot;anachronistic&quot;.</p>
<p>-- Canberra Bureau 61-6 263-2730</p>
</text>
<copyright>(c) Reuters Limited 1996</copyright>
<metadata>
<codes class="bip:countries:1.0">
  <code code="AUSTR">
    <editdetail attribution="Reuters BIP Coding Group" action="confirmed" date="1996-11-06"/>
  </code>
</codes>
<codes class="bip:industries:1.0">
  <code code="I47510">
    <editdetail attribution="Reuters BIP Coding Group" action="confirmed" date="1996-11-06"/>
  </code>
</codes>
<codes class="bip:topics:1.0">
  <code code="C13">
    <editdetail attribution="Reuters BIP Coding Group" action="confirmed" date="1996-11-06"/>
  </code>
  <code code="C18">
    <editdetail attribution="Reuters BIP Coding Group" action="confirmed" date="1996-11-06"/>
  </code>
  <code code="C181">
    <editdetail attribution="Reuters BIP Coding Group" action="confirmed" date="1996-11-06"/>
  </code>
  <code code="C34">
    <editdetail attribution="Reuters BIP Coding Group" action="confirmed" date="1996-11-06"/>
  </code>
  <code code="CCAT">
    <editdetail attribution="Reuters BIP Coding Group" action="confirmed" date="1996-11-06"/>
  </code>
</codes>
<dc element="dc.date.created" value="1996-11-07"/>
<dc element="dc.publisher" value="Reuters Holdings Plc"/>
<dc element="dc.date.published" value="1996-11-06"/>
<dc element="dc.source" value="Reuters"/>
<dc element="dc.creator.location" value="CANBERRA"/>
<dc element="dc.creator.location.country.name" value="AUSTRALIA"/>
<dc element="dc.source" value="Reuters"/>
</metadata>
</newsitem>
