<?xml version="1.0" encoding="iso-8859-1" ?>
<newsitem itemid="607926" id="root" date="1997-05-22" xml:lang="en">
<title>NORWAY: Kvaerner wins NOK 350 mln contract.</title>
<headline>Kvaerner wins NOK 350 mln contract.</headline>
<dateline>OSLO 1997-05-22</dateline>
<text>
<p>Anglo-Norwegian construction and engineering group Kvaerner ASA said on Thursday it had been awarded a contract by Torm UK Ltd to build two ships worth a total of around 350 million crowns.</p>
<p>Torm is a wholly-owned subsidiary of Denmark's Aktieselskapet Dampskibsselskabet Torm in Copenhagen, Kvaerner said in a statement to the Oslo Bourse.  </p>
<p>The statement said the contract for building two so-called anchor-handling tug supply ships was given to Kvaerner Kleven in Ulsteinsvik in Norway.</p>
<p>The ships will be built in accordance with a design by Kvaerner Maritime known as KMAR 404. They will be delivered before the first quarter of 1999.</p>
<p>--Oslo newsroom +47 22 42 50 41</p>
</text>
<copyright>(c) Reuters Limited 1997</copyright>
<metadata>
<codes class="bip:countries:1.0">
  <code code="DEN">
    <editdetail attribution="Reuters BIP Coding Group" action="confirmed" date="1997-05-22"/>
  </code>
  <code code="NORW">
    <editdetail attribution="Reuters BIP Coding Group" action="confirmed" date="1997-05-22"/>
  </code>
  <code code="UK">
    <editdetail attribution="Reuters BIP Coding Group" action="confirmed" date="1997-05-22"/>
  </code>
</codes>
<codes class="bip:industries:1.0">
  <code code="I36101">
    <editdetail attribution="Reuters BIP Coding Group" action="confirmed" date="1997-05-22"/>
  </code>
  <code code="I74000">
    <editdetail attribution="Reuters BIP Coding Group" action="confirmed" date="1997-05-22"/>
  </code>
</codes>
<codes class="bip:topics:1.0">
  <code code="C24">
    <editdetail attribution="Reuters BIP Coding Group" action="confirmed" date="1997-05-22"/>
  </code>
  <code code="C33">
    <editdetail attribution="Reuters BIP Coding Group" action="confirmed" date="1997-05-22"/>
  </code>
  <code code="CCAT">
    <editdetail attribution="Reuters BIP Coding Group" action="confirmed" date="1997-05-22"/>
  </code>
</codes>
<dc element="dc.date.created" value="1997-05-22"/>
<dc element="dc.publisher" value="Reuters Holdings Plc"/>
<dc element="dc.date.published" value="1997-05-22"/>
<dc element="dc.source" value="Reuters"/>
<dc element="dc.creator.location" value="OSLO"/>
<dc element="dc.creator.location.country.name" value="NORWAY"/>
<dc element="dc.source" value="Reuters"/>
</metadata>
</newsitem>
