<?xml version="1.0" encoding="iso-8859-1" ?>
<newsitem itemid="272170" id="root" date="1996-12-22" xml:lang="en">
<title>THAILAND: Earthquake rocks northern Thailand, no damage.</title>
<headline>Earthquake rocks northern Thailand, no damage.</headline>
<dateline>BANGKOK 1996-12-22</dateline>
<text>
<p>A medium-sized earthquake measuring 5.5 on the Richter scale hit northern Thailand early on Sunday but there were no reports of injuries or damage, a meteorological department official said.</p>
<p>The epicentre of the earthquake, which occurred at 00.51 a.m (1751 GMT) was about 225 kilometres (140 miles) northeast of Chiang Mai near the forested Thailand-Laos border, he told Reuters.</p>
<p>Tremors were felt in the cities of Chiang Mai and Chiang Rai, he said.</p>
</text>
<copyright>(c) Reuters Limited 1996</copyright>
<metadata>
<codes class="bip:countries:1.0">
  <code code="LAOS">
    <editdetail attribution="Reuters BIP Coding Group" action="confirmed" date="1996-12-22"/>
  </code>
  <code code="THAIL">
    <editdetail attribution="Reuters BIP Coding Group" action="confirmed" date="1996-12-22"/>
  </code>
</codes>
<codes class="bip:topics:1.0">
  <code code="GCAT">
    <editdetail attribution="Reuters BIP Coding Group" action="confirmed" date="1996-12-22"/>
  </code>
  <code code="GDIS">
    <editdetail attribution="Reuters BIP Coding Group" action="confirmed" date="1996-12-22"/>
  </code>
  <code code="GENV">
    <editdetail attribution="Reuters BIP Coding Group" action="confirmed" date="1996-12-22"/>
  </code>
</codes>
<dc element="dc.date.created" value="1996-12-22"/>
<dc element="dc.publisher" value="Reuters Holdings Plc"/>
<dc element="dc.date.published" value="1996-12-22"/>
<dc element="dc.source" value="Reuters"/>
<dc element="dc.creator.location" value="BANGKOK"/>
<dc element="dc.creator.location.country.name" value="THAILAND"/>
<dc element="dc.source" value="Reuters"/>
</metadata>
</newsitem>
