<?xml version="1.0" encoding="iso-8859-1" ?>
<newsitem itemid="341277" id="root" date="1997-01-29" xml:lang="en">
<title>SPAIN: Spain parl to form committee to probe &quot;lost&quot; taxes.</title>
<headline>Spain parl to form committee to probe &quot;lost&quot; taxes.</headline>
<dateline>MADRID 1997-01-29</dateline>
<text>
<p>Spanish parliamentary groups backed the creation of a special parliamentary committee on Wednesday to investigate exactly what happened to 202 billion pesetas' worth of unpaid taxes which the authorities may now be unable to collect.</p>
<p>Earlier this month, Secretary of the Exchequer Juan Costa raised a political furore when he blamed the unpaid taxes on mismanagement and delays from the former Socialist governmnet, which lost elections in 1996 after 13 years in power.</p>
<p>Addressing parliament on Wednesday, Costa said the previous government had showed only &quot;scant interest&quot; in the case. The shortfall is alleged to have occurred during the last five years the Socialists were in power.</p>
<p>Costa said that the 202 billion pesetas, corresponding to around 4,700 tax cases, could no longer be collected as the Socialists had been deliberately vacillating.</p>
<p>Under Spanish law, contested tax monies cannot be collected if an enquiry into a tax discrepancy lasts for more than six months.</p>
<p>Costa has said these funds are not taken into account in the budget, and do not affect the public deficit.</p>
<p>-- Madrid newsroom +341 585 2160</p>
</text>
<copyright>(c) Reuters Limited 1997</copyright>
<metadata>
<codes class="bip:countries:1.0">
  <code code="SPAIN">
    <editdetail attribution="Reuters BIP Coding Group" action="confirmed" date="1997-01-29"/>
  </code>
</codes>
<codes class="bip:topics:1.0">
  <code code="E21">
    <editdetail attribution="Reuters BIP Coding Group" action="confirmed" date="1997-01-29"/>
  </code>
  <code code="E211">
    <editdetail attribution="Reuters BIP Coding Group" action="confirmed" date="1997-01-29"/>
  </code>
  <code code="ECAT">
    <editdetail attribution="Reuters BIP Coding Group" action="confirmed" date="1997-01-29"/>
  </code>
  <code code="GCAT">
    <editdetail attribution="Reuters BIP Coding Group" action="confirmed" date="1997-01-29"/>
  </code>
  <code code="GPOL">
    <editdetail attribution="Reuters BIP Coding Group" action="confirmed" date="1997-01-29"/>
  </code>
</codes>
<dc element="dc.date.created" value="1997-01-29"/>
<dc element="dc.publisher" value="Reuters Holdings Plc"/>
<dc element="dc.date.published" value="1997-01-29"/>
<dc element="dc.source" value="Reuters"/>
<dc element="dc.creator.location" value="MADRID"/>
<dc element="dc.creator.location.country.name" value="SPAIN"/>
<dc element="dc.source" value="Reuters"/>
</metadata>
</newsitem>
