<?xml version="1.0" encoding="iso-8859-1" ?>
<newsitem itemid="609174" id="root" date="1997-05-23" xml:lang="en">
<title>MALAYSIA: Tan Chong to raise vehicle output.</title>
<headline>Tan Chong to raise vehicle output.</headline>
<dateline>KUALA LUMPUR 1997-05-23</dateline>
<text>
<p>Tan Chong Motor Holdings Bhd said on Friday it plans to double the output of three popular Nissan Motor Co Ltd models to 1,400 units a month by end-1997.</p>
<p>&quot;We hope to double production by the end of the year,&quot; said Tan Chong's deputy managing director Tan Hoe Pin.</p>
<p>&quot;We first have to upgrade our facilities and get the workers,&quot; he added.</p>
<p>Tan said the company, which also sells Nissan vehiclesin Malaysia, would assemble more Cefiro saloon cars, Serena mini-vans and Terrano four-wheel drives.</p>
<p>The three models which were launched last year and have become so popular that buyers must wait five to nine months for delivery, Tan said.</p>
<p>Including other Nissan vehicles, the company assembles 2,000 vehicles a month in Malaysia.</p>
<p>Higher production volume would reduce waiting periods and help offset the appreciation of the Japanese yen against the ringgit, company officials said after the firm's annual meeting.</p>
<p>But Tan Chong managing director Tan Eng Soon said the company was not too concerned with the appreciation of the yen against the ringgit as unit costs were still below last year's.</p>
</text>
<copyright>(c) Reuters Limited 1997</copyright>
<metadata>
<codes class="bip:countries:1.0">
  <code code="MALAY">
    <editdetail attribution="Reuters BIP Coding Group" action="confirmed" date="1997-05-23"/>
  </code>
</codes>
<codes class="bip:industries:1.0">
  <code code="I35101">
    <editdetail attribution="Reuters BIP Coding Group" action="confirmed" date="1997-05-23"/>
  </code>
</codes>
<codes class="bip:topics:1.0">
  <code code="C21">
    <editdetail attribution="Reuters BIP Coding Group" action="confirmed" date="1997-05-23"/>
  </code>
  <code code="CCAT">
    <editdetail attribution="Reuters BIP Coding Group" action="confirmed" date="1997-05-23"/>
  </code>
</codes>
<dc element="dc.date.created" value="1997-05-23"/>
<dc element="dc.publisher" value="Reuters Holdings Plc"/>
<dc element="dc.date.published" value="1997-05-23"/>
<dc element="dc.source" value="Reuters"/>
<dc element="dc.creator.location" value="KUALA LUMPUR"/>
<dc element="dc.creator.location.country.name" value="MALAYSIA"/>
<dc element="dc.source" value="Reuters"/>
</metadata>
</newsitem>
