<?xml version="1.0" encoding="iso-8859-1" ?>
<newsitem itemid="194479" id="root" date="1996-11-15" xml:lang="en">
<title>BELGIUM: Belgian Caterpillar staff block traffic.</title>
<headline>Belgian Caterpillar staff block traffic.</headline>
<dateline>GOSSELIES, Belgium 1996-11-15</dateline>
<text>
<p>Workers of the Belgian unit of U.S. earth-moving equipment maker Caterpillar, angry about jobs cuts and an austerity plan, on Friday blockaded their plant at Gosselies, south of Brussels, and caused traffic chaos.</p>
<p>From 8 a.m. (0700 GMT) union pickets blocked access roads and entrances to the plant. Employees' cars, unable to reach the Caterpillar carpark, stopped on the N5 Brussels to Charleroi motorway, a Reuters correspondent said.</p>
<p>Workers entered a second day of strike on Friday over management plans to sack 227 mainly young, blue-collar workers and cut planned investment for 1997 by 20 percent.</p>
<p>The company, which has been in an extended struggle with unions to introduce a five-year 1.8 billion franc ($58 million) cost-cutting plan, has said it will re-assess whether to continue what it called non-competitive jobs in Belgium or relocalise them.</p>
<p>The plan aimed at boosting competitiveness includes savings of 370 million francs on wages.</p>
<p>Earlier this month staff rejected the plan in a referendum.</p>
<p>Unions meet on Saturday to decide on further action.</p>
<p>The plant currently employs some 2,500 blue-collar workers and 1,000 white-collar staff.</p>
<p>-- Brussels Newsroom +32 2 287 6810, Fax +32 2 230 7710 ($ = 31.04 Belgian Francs)</p>
</text>
<copyright>(c) Reuters Limited 1996</copyright>
<metadata>
<codes class="bip:countries:1.0">
  <code code="BELG">
    <editdetail attribution="Reuters BIP Coding Group" action="confirmed" date="1996-11-15"/>
  </code>
  <code code="USA">
    <editdetail attribution="Reuters BIP Coding Group" action="confirmed" date="1996-11-15"/>
  </code>
</codes>
<codes class="bip:topics:1.0">
  <code code="GJOB">
    <editdetail attribution="Reuters BIP Coding Group" action="confirmed" date="1996-11-15"/>
  </code>
</codes>
<dc element="dc.date.created" value="1996-11-15"/>
<dc element="dc.publisher" value="Reuters Holdings Plc"/>
<dc element="dc.date.published" value="1996-11-15"/>
<dc element="dc.source" value="Reuters"/>
<dc element="dc.creator.location" value="GOSSELIES, Belgium"/>
<dc element="dc.creator.location.country.name" value="BELGIUM"/>
<dc element="dc.source" value="Reuters"/>
</metadata>
</newsitem>
