<?xml version="1.0" encoding="iso-8859-1" ?>
<newsitem itemid="73970" id="root" date="1996-09-24" xml:lang="en">
<title>UK: INTERVIEW-Tarmac says savings to boost H2.</title>
<headline>INTERVIEW-Tarmac says savings to boost H2.</headline>
<byline>Edna Fernandes</byline>
<dateline>LONDON 1996-09-24</dateline>
<text>
<p>UK building group Tarmac Plc, which slumped to a 58.3 million stg half year loss after taking a 65 million restructuring hit, said on Tuesday it expected cost savings to start boosting results in the second half.</p>
<p>Tarmac announced that it expected savings of 35 million a year as a result of its asset swap with housebuilder Wimpey Plc earlier this year. Although this failed to impact on the interim results, Neville Sims, chief executive told Reuters: &quot;There will be increased benefit in the second half.&quot;  </p>
<p>Sims expected part of the 18 million of cost savings from the building materials business to feed through in the last six months.</p>
<p>But on the construction side, he warned: &quot;There will not be much benefit before next year. You must add the full cost savings against next year's results.&quot;</p>
<p>Under the asset swap, Tarmac took on Wimpey's construction and aggregates arms in return for its housebuilding business.</p>
<p>Tarmac's chief revealed that the total number of jobs lost under its restructuring was 1,400. Of that total, 300 remain to be axed.  </p>
<p>The job loss programme will be completed by the end of the year. Costs attached to this programme of redundancies account for the bulk of the charge.</p>
<p>Stripping out the 65 million stg restructuring charge, underlying pretax profits were still weak at 6.7 million versus 29.1 million last year.</p>
<p>The dividend was frozen at 3.0 pence per share.</p>
<p>Tarmac blamed the profit downturn on poor market conditions and bad winter weather which delayed projects across Europe.</p>
<p>That region remains a tough one for the group, with difficulties in the French market earning particular note.</p>
</text>
<copyright>(c) Reuters Limited 1996</copyright>
<metadata>
<codes class="bip:countries:1.0">
  <code code="UK">
    <editdetail attribution="Reuters BIP Coding Group" action="confirmed" date="1996-09-24"/>
  </code>
</codes>
<codes class="bip:industries:1.0">
  <code code="I50100">
    <editdetail attribution="Reuters BIP Coding Group" action="confirmed" date="1996-09-24"/>
  </code>
  <code code="I50200">
    <editdetail attribution="Reuters BIP Coding Group" action="confirmed" date="1996-09-24"/>
  </code>
</codes>
<codes class="bip:topics:1.0">
  <code code="C15">
    <editdetail attribution="Reuters BIP Coding Group" action="confirmed" date="1996-09-24"/>
  </code>
  <code code="C151">
    <editdetail attribution="Reuters BIP Coding Group" action="confirmed" date="1996-09-24"/>
  </code>
  <code code="C18">
    <editdetail attribution="Reuters BIP Coding Group" action="confirmed" date="1996-09-24"/>
  </code>
  <code code="C182">
    <editdetail attribution="Reuters BIP Coding Group" action="confirmed" date="1996-09-24"/>
  </code>
  <code code="CCAT">
    <editdetail attribution="Reuters BIP Coding Group" action="confirmed" date="1996-09-24"/>
  </code>
</codes>
<dc element="dc.date.created" value="1996-09-24"/>
<dc element="dc.publisher" value="Reuters Holdings Plc"/>
<dc element="dc.date.published" value="1996-09-24"/>
<dc element="dc.source" value="Reuters"/>
<dc element="dc.creator.location" value="LONDON"/>
<dc element="dc.creator.location.country.name" value="UK"/>
<dc element="dc.source" value="Reuters"/>
</metadata>
</newsitem>
