<?xml version="1.0" encoding="iso-8859-1" ?>
<newsitem itemid="214309" id="root" date="1996-11-25" xml:lang="en">
<title>USA: FINAL PRICING - Mass. Water Pollution Trust.</title>
<headline>FINAL PRICING - Mass. Water Pollution Trust.</headline>
<text>
<p>MASSACHUSETTS WATER POLLUTION ABATEMENT TRUST</p>
<p>RE: $88,855,000</p>
<p>WATER POLLUTION ABATEMENT REVENUE BONDS</p>
<p>(SESD LOAN PROGRAM), 1996 SERIES A</p>
<p>THIS IS A FINAL PRICING.</p>
<p>WRITTEN AWARD.</p>
<p>THIS ISSUE WILL BE IN BOOK ENTRY FORM THROUGH THE FACILITIES OF DTC</p>
<p>    MOODY'S: Aa3		   S&amp;P: AA+		   FITCH: AA</p>
<p>    DATED: 11/15/1996	  FIRST COUPON: 02/01/1997</p>
<p>DUE: 08/01</p>
<p> MATURITY		AMOUNT     COUPON	   PRICE</p>
<p>08/01/1997		7,020M    5.00  %	 NRO</p>
<p>08/01/1998		3,405M    5.00  %	 NRO</p>
<p>08/01/1999		3,490M    4.15  %	100.00</p>
<p>08/01/2000		3,550M    4.25  %	100.00</p>
<p>08/01/2001		3,620M    4.25  %	  4.35</p>
<p>--------------------------------------------------------------</p>
<p>08/01/2002		3,685M    5.25  %	  4.45</p>
<p>08/01/2003		3,790M    5.25  %	  4.55</p>
<p>08/01/2004		3,895M    4.60  %	  4.65</p>
<p>08/01/2005		3,980M    5.25  %	  4.75</p>
<p>08/01/2006		4,095M    6.00  %	  4.85</p>
<p>--------------------------------------------------------------</p>
<p>08/01/2007		4,240M    6.00  %	  4.95</p>
<p>08/01/2008		4,390M    5.00  %	  5.05</p>
<p>08/01/2009		4,505M    5.10  %	  5.15</p>
<p>08/01/2010		4,625M    5.125 %	  5.25</p>
<p>--------------------------------------------------------------</p>
<p>08/01/2011		4,750M    5.125 %	  5.35</p>
<p>08/01/2012		4,880M    5.25  %	  5.40</p>
<p>08/01/2013		5,015M    5.25  %	  5.45</p>
<p>08/01/2014		5,160M    5.25  %	  5.45</p>
<p>08/01/2015		5,305M    5.25  %	  5.50</p>
<p>--------------------------------------------------------------</p>
<p>08/01/2016		5,455M    5.25  %	  5.50</p>
<p>CALL FEATURES: 08/01/2006    101.00</p>
<p>		   DTP 08/01/2008</p>
<p>The compliance addendum MSRB Rule G-11 will apply.</p>
<p>The award was received Friday, November 22, 1996.</p>
<p>Delivery is firm for December 5, 1996.</p>
<p>This issue is book entry through DTC.</p>
<p>PaineWebber Incorporated</p>
<p>Goldman, Sachs &amp; Co.</p>
<p>Reinoso &amp; Company Inc.</p>
<p>Smith Barney Inc.</p>
<p>Advest, Inc.</p>
<p>Artemis Capital Group, Inc.</p>
<p>Bear, Stearns &amp; Co. Inc.</p>
<p>A.G. Edwards &amp; Sons, Inc.</p>
<p>First Albany Corporation</p>
<p>Fleet Securities</p>
<p>Lehman Brothers</p>
<p>Merrill Lynch &amp; Co.</p>
<p>J.P. Morgan Securities Inc.</p>
<p>Samuel A. Ramirez &amp; Company, Inc.</p>
<p>Raymond, James &amp; Associates, Inc.</p>
<p>Roosevelt &amp; Cross, Inc.</p>
<p>Tucker Anthony Incorporated</p>
<p>WR Lazard, Laidlaw &amp; Luther</p>
<p>--U.S. Municipal Desk, 212-859-1650</p>
</text>
<copyright>(c) Reuters Limited 1996</copyright>
<metadata>
<codes class="bip:countries:1.0">
  <code code="USA">
    <editdetail attribution="Reuters BIP Coding Group" action="confirmed" date="1996-11-25"/>
  </code>
</codes>
<codes class="bip:topics:1.0">
  <code code="E21">
    <editdetail attribution="Reuters BIP Coding Group" action="confirmed" date="1996-11-25"/>
  </code>
  <code code="E212">
    <editdetail attribution="Reuters BIP Coding Group" action="confirmed" date="1996-11-25"/>
  </code>
  <code code="ECAT">
    <editdetail attribution="Reuters BIP Coding Group" action="confirmed" date="1996-11-25"/>
  </code>
</codes>
<dc element="dc.publisher" value="Reuters Holdings Plc"/>
<dc element="dc.date.published" value="1996-11-25"/>
<dc element="dc.source" value="Reuters"/>
<dc element="dc.creator.location.country.name" value="USA"/>
<dc element="dc.source" value="Reuters"/>
</metadata>
</newsitem>
