<?xml version="1.0" encoding="iso-8859-1" ?>
<newsitem itemid="166849" id="root" date="1996-11-05" xml:lang="en">
<title>USA: Cincinnati Milacron sees Q4 sales growth.</title>
<headline>Cincinnati Milacron sees Q4 sales growth.</headline>
<dateline>CINCINNATI, Ohio 1996-11-05</dateline>
<text>
<p>Cincinnati Milacron Inc said on Tuesday that it expected consolidated sales, orders and earnings to increase in the fourth quarter, compared to the same period, as gains in plastic machinery and machine tools offset current slowness in industrial products.  </p>
<p>&quot;As for 1997, we expect even better results in each of our segments,&quot; said Daniel Meyer, chairman and chief executive. &quot;Longer term, Milacron is very well positioned to benefit from the eventual recovery in Europe and, barring unforeseen recessions, to achieve sustained growth for the rest of the 1990s.&quot;</p>
<p>The company, which reported third quarter earnings of $0.47 per share against $0.46 per share in the same quarter last year, said earnings increased despite a downturn in plastics machinery in the first half and continued soft demand in Europe affecting all of its businesses.</p>
<p>&quot;Each of our three groups made good progress in the quarter,&quot; Meyer said.</p>
<p>Plastics machinery rebounded from a 12-month downturn, after a pickup in the North American injection molding machines market, the company said.</p>
<p>Machine tools booked significant new business with encouraging increased demand from the aerospace industry, Meyer said, and the company's largest segment, industrial consumable products, continued to improve earnings.</p>
<p>-- New York newsdesk 212-859-1610</p>
</text>
<copyright>(c) Reuters Limited 1996</copyright>
<metadata>
<codes class="bip:countries:1.0">
  <code code="USA">
    <editdetail attribution="Reuters BIP Coding Group" action="confirmed" date="1996-11-05"/>
  </code>
</codes>
<codes class="bip:industries:1.0">
  <code code="I32200">
    <editdetail attribution="Reuters BIP Coding Group" action="confirmed" date="1996-11-05"/>
  </code>
</codes>
<codes class="bip:topics:1.0">
  <code code="C15">
    <editdetail attribution="Reuters BIP Coding Group" action="confirmed" date="1996-11-05"/>
  </code>
  <code code="C152">
    <editdetail attribution="Reuters BIP Coding Group" action="confirmed" date="1996-11-05"/>
  </code>
  <code code="C31">
    <editdetail attribution="Reuters BIP Coding Group" action="confirmed" date="1996-11-05"/>
  </code>
  <code code="CCAT">
    <editdetail attribution="Reuters BIP Coding Group" action="confirmed" date="1996-11-05"/>
  </code>
</codes>
<dc element="dc.date.created" value="1996-11-05"/>
<dc element="dc.publisher" value="Reuters Holdings Plc"/>
<dc element="dc.date.published" value="1996-11-05"/>
<dc element="dc.source" value="Reuters"/>
<dc element="dc.creator.location" value="CINCINNATI, Ohio"/>
<dc element="dc.creator.location.country.name" value="USA"/>
<dc element="dc.source" value="Reuters"/>
</metadata>
</newsitem>
