<?xml version="1.0" encoding="iso-8859-1" ?>
<newsitem itemid="91172" id="root" date="1996-10-02" xml:lang="en">
<title>USA: FINAL PRICING - American University, D.C., bonds.</title>
<headline>FINAL PRICING - American University, D.C., bonds.</headline>
<text>
<p>DISTRICT OF COLUMBIA</p>
<p>RE: $70,000,000</p>
<p>UNIVERSITY REVENUE BONDS</p>
<p>(AMERICAN UNIVERSITY ISSUE)</p>
<p>SERIES 1996</p>
<p>WRITTEN AWARD.</p>
<p>TODAY, OCTOBER 2, 1996 WILL BE THE INITIAL TRADE DATE,</p>
<p>SETTLEMENT IS FIRM FOR OCTOBER 16, 1996.</p>
<p>    MOODY'S: Aaa		   S&amp;P: AAA</p>
<p>		 Underlying NAF	   Underlying  A-</p>
<p>AMBAC INSURED</p>
<p>    DATED: 10/01/1996	  FIRST COUPON: 04/01/1997</p>
<p>DUE: 10/01</p>
<p>MATURITY		  AMOUNT    COUPON	   PRICE</p>
<p>10/01/1997		  990M    4.25  %	  3.90</p>
<p>						  (Approx. $ Price 100.324)</p>
<p>10/01/1998		1,035M    4.25  %	100.00</p>
<p>10/01/1999		1,080M    4.40  %	  4.45</p>
<p>						  (Approx. $ Price 99.86 )</p>
<p>10/01/2000		1,130M    4.60  %	  4.65</p>
<p>						  (Approx. $ Price 99.819)</p>
<p>10/01/2001		1,185M    4.70  %	  4.75</p>
<p>						  (Approx. $ Price 99.779)</p>
<p>10/01/2002		1,240M    4.80  %	  4.85</p>
<p>						  (Approx. $ Price 99.741)</p>
<p>10/01/2003		1,305M    5.25  %	  4.95</p>
<p>						  (Approx. $ Price 101.745)</p>
<p>10/01/2004		1,375M    5.25  %	  5.05</p>
<p>						  (Approx. $ Price 101.294)</p>
<p>10/01/2005		1,450M    5.25  %	  5.15</p>
<p>						  (Approx. $ Price 100.707)</p>
<p>10/01/2006		1,530M    5.125 %	  5.25</p>
<p>						  (Approx. $ Price 99.037)</p>
<p>10/01/2007		1,610M    5.25  %	  5.35</p>
<p>						  (Approx. $ Price 99.176)</p>
<p>10/01/2008		1,695M    5.375 %	  5.45</p>
<p>						  (Approx. $ Price 99.344)</p>
<p>10/01/2011		5,685M    5.50  %	  5.70</p>
<p>						  (Approx. $ Price 98.002)</p>
<p>10/01/2016	     11,910M    5.75  %	  5.85</p>
<p>						  (Approx. $ Price 98.828)</p>
<p>10/01/2026	     36,780M    5.625 %	  5.90</p>
<p>						  (Approx. $ Price 96.152)</p>
<p>CALL FEATURES: 10/01/2006    101.00</p>
<p>		   DTP 10/01/2008</p>
<p>The compliance addendum MSRB Rule G-11 will apply.</p>
<p>The award date is October 2, 1996.</p>
<p>Delivery is firm for October 16, 1996.</p>
<p>This issue is book entry through DTC.</p>
<p>Morgan Stanley &amp; Co. Incorporated</p>
<p>Ferris, Baker Watts Inc.</p>
<p>PaineWebber Incorporated</p>
<p>Smith Barney Inc.</p>
<p>--U.S. Municipal Desk, 212-859-1650</p>
</text>
<copyright>(c) Reuters Limited 1996</copyright>
<metadata>
<codes class="bip:countries:1.0">
  <code code="USA">
    <editdetail attribution="Reuters BIP Coding Group" action="confirmed" date="1996-10-02"/>
  </code>
</codes>
<codes class="bip:topics:1.0">
  <code code="E21">
    <editdetail attribution="Reuters BIP Coding Group" action="confirmed" date="1996-10-02"/>
  </code>
  <code code="E212">
    <editdetail attribution="Reuters BIP Coding Group" action="confirmed" date="1996-10-02"/>
  </code>
  <code code="ECAT">
    <editdetail attribution="Reuters BIP Coding Group" action="confirmed" date="1996-10-02"/>
  </code>
</codes>
<dc element="dc.publisher" value="Reuters Holdings Plc"/>
<dc element="dc.date.published" value="1996-10-02"/>
<dc element="dc.source" value="Reuters"/>
<dc element="dc.creator.location.country.name" value="USA"/>
<dc element="dc.source" value="Reuters"/>
</metadata>
</newsitem>
