<?xml version="1.0" encoding="iso-8859-1" ?>
<newsitem itemid="96907" id="root" date="1996-10-04" xml:lang="en">
<title>USA: RESEARCH ALERT - Palmer Wireless cut.</title>
<headline>RESEARCH ALERT - Palmer Wireless cut.</headline>
<text>
<p>-- Goldman Sachs said analysts Barry Kaplan and Suzanne Stein initiated coverage of Omnipoint Corp and put the stock on its recommended list.</p>
<p>-- they also downgraded Palmer Wireless Inc to market perform from outperform.</p>
<p>-- analysts not immediately available.</p>
<p>-- Omnipoint rose 2-3/4 to 34-3/4, while Palmer fell 1-15/16 to 14-3/8.</p>
</text>
<copyright>(c) Reuters Limited 1996</copyright>
<metadata>
<codes class="bip:countries:1.0">
  <code code="USA">
    <editdetail attribution="Reuters BIP Coding Group" action="confirmed" date="1996-10-04"/>
  </code>
</codes>
<codes class="bip:industries:1.0">
  <code code="I34400">
    <editdetail attribution="Reuters BIP Coding Group" action="confirmed" date="1996-10-04"/>
  </code>
</codes>
<codes class="bip:topics:1.0">
  <code code="C15">
    <editdetail attribution="Reuters BIP Coding Group" action="confirmed" date="1996-10-04"/>
  </code>
  <code code="C152">
    <editdetail attribution="Reuters BIP Coding Group" action="confirmed" date="1996-10-04"/>
  </code>
  <code code="CCAT">
    <editdetail attribution="Reuters BIP Coding Group" action="confirmed" date="1996-10-04"/>
  </code>
</codes>
<dc element="dc.publisher" value="Reuters Holdings Plc"/>
<dc element="dc.date.published" value="1996-10-04"/>
<dc element="dc.source" value="Reuters"/>
<dc element="dc.creator.location.country.name" value="USA"/>
<dc element="dc.source" value="Reuters"/>
</metadata>
</newsitem>
