<?xml version="1.0" encoding="iso-8859-1" ?>
<newsitem itemid="12059" id="root" date="1996-08-23" xml:lang="en">
<title>GREECE: MANOS WILL GO FOR ND PARTY PRESIDENT IF CONSERVATIVES LOSE-PAPER.</title>
<headline>MANOS WILL GO FOR ND PARTY PRESIDENT IF CONSERVATIVES LOSE-PAPER.</headline>
<dateline>ATHENS 1996-08-23</dateline>
<text>
<p>Former Greek conservative National Economy Minister Stefanos Manos will be the first to declare his candidacy for the presidency of the New Democracy party if it loses the elections, says today's daily Eleftherotypia.</p>
<p>Manos will be a candidate because time is running out for him and because he thinks the ideology of &quot;moderate conservatism&quot; he espouses is the only alternative to the philosophy of &quot;political correctness&quot; championed by premier Costas Simitis, it says.</p>
<p>Eleftherotypia cites well-informed sources in Manos' camp. --Dimitris Kontogiannis, Athens Newsroom +301 3311812-4</p>
</text>
<copyright>(c) Reuters Limited 1996</copyright>
<metadata>
<codes class="bip:countries:1.0">
  <code code="GREECE">
    <editdetail attribution="Reuters BIP Coding Group" action="confirmed" date="1996-08-23"/>
  </code>
</codes>
<codes class="bip:topics:1.0">
  <code code="GCAT">
    <editdetail attribution="Reuters BIP Coding Group" action="confirmed" date="1996-08-23"/>
  </code>
  <code code="GPOL">
    <editdetail attribution="Reuters BIP Coding Group" action="confirmed" date="1996-08-23"/>
  </code>
  <code code="GVOTE">
    <editdetail attribution="Reuters BIP Coding Group" action="confirmed" date="1996-08-23"/>
  </code>
</codes>
<dc element="dc.date.created" value="1996-08-23"/>
<dc element="dc.publisher" value="Reuters Holdings Plc"/>
<dc element="dc.date.published" value="1996-08-23"/>
<dc element="dc.source" value="Reuters"/>
<dc element="dc.creator.location" value="ATHENS"/>
<dc element="dc.creator.location.country.name" value="GREECE"/>
<dc element="dc.source" value="Reuters"/>
</metadata>
</newsitem>
