<?xml version="1.0" encoding="iso-8859-1" ?>
<newsitem itemid="184476" id="root" date="1996-11-12" xml:lang="en">
<title>JAPAN: Nissin -6mth parent results.</title>
<headline>Nissin -6mth parent results.</headline>
<dateline>TOKYO 1996-11-12</dateline>
<text>
<p>Six months to September 30, 1996</p>
<p> (Parent)	(in billions of yen unless specified)</p>
<p> Revenues	     9.81		vs	    7.70</p>
<p> Operating	    1.81		vs	    1.34</p>
<p> Current		1.41		vs	    1.35</p>
<p> Net		  851    million    vs	  723    million</p>
<p> EPS		  112.53 yen	  vs	  125.27 yen</p>
<p> Shares		9 million	  vs	   6 million</p>
<p> Interim div	 12.50 yen	  vs	     nil</p>
<p>NOTE - Nissin Co Ltd is a small finance company.</p>
</text>
<copyright>(c) Reuters Limited 1996</copyright>
<metadata>
<codes class="bip:countries:1.0">
  <code code="JAP">
    <editdetail attribution="Reuters BIP Coding Group" action="confirmed" date="1996-11-12"/>
  </code>
</codes>
<codes class="bip:industries:1.0">
  <code code="I81501">
    <editdetail attribution="Reuters BIP Coding Group" action="confirmed" date="1996-11-12"/>
  </code>
</codes>
<codes class="bip:topics:1.0">
  <code code="C15">
    <editdetail attribution="Reuters BIP Coding Group" action="confirmed" date="1996-11-12"/>
  </code>
  <code code="C151">
    <editdetail attribution="Reuters BIP Coding Group" action="confirmed" date="1996-11-12"/>
  </code>
  <code code="CCAT">
    <editdetail attribution="Reuters BIP Coding Group" action="confirmed" date="1996-11-12"/>
  </code>
</codes>
<dc element="dc.date.created" value="1996-11-12"/>
<dc element="dc.publisher" value="Reuters Holdings Plc"/>
<dc element="dc.date.published" value="1996-11-12"/>
<dc element="dc.source" value="Reuters"/>
<dc element="dc.creator.location" value="TOKYO"/>
<dc element="dc.creator.location.country.name" value="JAPAN"/>
<dc element="dc.source" value="Reuters"/>
</metadata>
</newsitem>
