<?xml version="1.0" encoding="iso-8859-1" ?>
<newsitem itemid="632429" id="root" date="1997-06-02" xml:lang="en">
<title>HONG KONG: Trading in Gold Peak shrs suspended.</title>
<headline>Trading in Gold Peak shrs suspended.</headline>
<dateline>HONG KONG 1997-06-02</dateline>
<text>
<p>Trading in shares of battery and electronic components maker Gold Peak Industries (Holdings) Ltd was suspended at the company's request pending an announcement, the Hong Kong stock exchange said on Monday.  </p>
<p>The company's shares ended HK$0.05 up at HK$5.25 on Friday on volume of 202,000 shares.</p>
<p>Gold Peak makes and sells batteries, car audio equipment, electronic components and electrical wiring accessories.</p>
<p>-- Hong Kong Newsroom (852) 2843 6370  http://www.hk97.com</p>
</text>
<copyright>(c) Reuters Limited 1997</copyright>
<metadata>
<codes class="bip:countries:1.0">
  <code code="HKONG">
    <editdetail attribution="Reuters BIP Coding Group" action="confirmed" date="1997-06-02"/>
  </code>
</codes>
<codes class="bip:industries:1.0">
  <code code="I34320">
    <editdetail attribution="Reuters BIP Coding Group" action="confirmed" date="1997-06-02"/>
  </code>
</codes>
<codes class="bip:topics:1.0">
  <code code="C14">
    <editdetail attribution="Reuters BIP Coding Group" action="confirmed" date="1997-06-02"/>
  </code>
  <code code="CCAT">
    <editdetail attribution="Reuters BIP Coding Group" action="confirmed" date="1997-06-02"/>
  </code>
</codes>
<dc element="dc.date.created" value="1997-06-02"/>
<dc element="dc.publisher" value="Reuters Holdings Plc"/>
<dc element="dc.date.published" value="1997-06-02"/>
<dc element="dc.source" value="Reuters"/>
<dc element="dc.creator.location" value="HONG KONG"/>
<dc element="dc.creator.location.country.name" value="HONG KONG"/>
<dc element="dc.source" value="Reuters"/>
</metadata>
</newsitem>
