<?xml version="1.0" encoding="iso-8859-1" ?>
<newsitem itemid="264587" id="root" date="1996-12-18" xml:lang="en">
<title>SPAIN: Telefonica dividend rises 16.7 pct.</title>
<headline>Telefonica dividend rises 16.7 pct.</headline>
<dateline>MADRID 1996-12-18</dateline>
<text>
<p>Telefonica de Espana said on Wednesday it would pay a gross interim dividend of 35 pesetas per share, payable on January 20.</p>
<p>&quot;Telefonica has approved a 1996 interim dividend of 35 pesetas per share, equivalent to a net dividend of 26.25 pesetas,&quot; the company said in a statment.</p>
<p>The company said the positive results for 1996 allowed it to increase its dividend from the 30 peseta gross dividend paid in 1995.</p>
<p>-- Madrid newsroom + 34 1 585 2161</p>
</text>
<copyright>(c) Reuters Limited 1996</copyright>
<metadata>
<codes class="bip:countries:1.0">
  <code code="SPAIN">
    <editdetail attribution="Reuters BIP Coding Group" action="confirmed" date="1996-12-18"/>
  </code>
</codes>
<codes class="bip:industries:1.0">
  <code code="I79020">
    <editdetail attribution="Reuters BIP Coding Group" action="confirmed" date="1996-12-18"/>
  </code>
</codes>
<codes class="bip:topics:1.0">
  <code code="C15">
    <editdetail attribution="Reuters BIP Coding Group" action="confirmed" date="1996-12-18"/>
  </code>
  <code code="C151">
    <editdetail attribution="Reuters BIP Coding Group" action="confirmed" date="1996-12-18"/>
  </code>
  <code code="CCAT">
    <editdetail attribution="Reuters BIP Coding Group" action="confirmed" date="1996-12-18"/>
  </code>
</codes>
<dc element="dc.date.created" value="1996-12-18"/>
<dc element="dc.publisher" value="Reuters Holdings Plc"/>
<dc element="dc.date.published" value="1996-12-18"/>
<dc element="dc.source" value="Reuters"/>
<dc element="dc.creator.location" value="MADRID"/>
<dc element="dc.creator.location.country.name" value="SPAIN"/>
<dc element="dc.source" value="Reuters"/>
</metadata>
</newsitem>
