<?xml version="1.0" encoding="iso-8859-1" ?>
<newsitem itemid="171794" id="root" date="1996-11-07" xml:lang="en">
<title>USA: Becton sees good earnings in FY 1997.</title>
<headline>Becton sees good earnings in FY 1997.</headline>
<dateline>FRANKLIN LAKES, N.J. 1996-11-07</dateline>
<text>
<p>Becton Dickinson and Co said on Thursday it expects to continue to report good earnings growth for the new fiscal year to September 30, 1997, as it continues to focus on further profitability improvements.</p>
<p>The company said revenue growth for the fiscal year should begin to show gradual acceleration as its new products become available in more markets.</p>
</text>
<copyright>(c) Reuters Limited 1996</copyright>
<metadata>
<codes class="bip:countries:1.0">
  <code code="USA">
    <editdetail attribution="Reuters BIP Coding Group" action="confirmed" date="1996-11-07"/>
  </code>
</codes>
<codes class="bip:industries:1.0">
  <code code="I25700">
    <editdetail attribution="Reuters BIP Coding Group" action="confirmed" date="1996-11-07"/>
  </code>
</codes>
<codes class="bip:topics:1.0">
  <code code="C15">
    <editdetail attribution="Reuters BIP Coding Group" action="confirmed" date="1996-11-07"/>
  </code>
  <code code="C152">
    <editdetail attribution="Reuters BIP Coding Group" action="confirmed" date="1996-11-07"/>
  </code>
  <code code="CCAT">
    <editdetail attribution="Reuters BIP Coding Group" action="confirmed" date="1996-11-07"/>
  </code>
</codes>
<dc element="dc.date.created" value="1996-11-07"/>
<dc element="dc.publisher" value="Reuters Holdings Plc"/>
<dc element="dc.date.published" value="1996-11-07"/>
<dc element="dc.source" value="Reuters"/>
<dc element="dc.creator.location" value="FRANKLIN LAKES, N.J."/>
<dc element="dc.creator.location.country.name" value="USA"/>
<dc element="dc.source" value="Reuters"/>
</metadata>
</newsitem>
