<?xml version="1.0" encoding="iso-8859-1" ?>
<newsitem itemid="787388" id="root" date="1997-08-08" xml:lang="en">
<title>CANADA: ALBERTA WHEAT POOL CROP CONDITION RATINGS.</title>
<headline>ALBERTA WHEAT POOL CROP CONDITION RATINGS.</headline>
<dateline>WINNIPEG 1997-08-08</dateline>
<text>
<p>Alberta Wheat Pool on Friday revised its crop condition ratings as of August 1 from July 28 conditions.</p>
<p>AWP crop condition index of 100 represents optimal growing conditions while 50 represents average crop output.</p>
<p>CROP			THIS WEEK   LAST WEEK  LAST YEAR</p>
<p>Hard Red Spring Wheat  61	    61</p>
<p>CPS Wheat		  64	    63</p>
<p>Soft White Spring	73	    60</p>
<p>Winter Wheat	     48	    54</p>
<p>Durun Wheat		56	    54</p>
<p>Oats			 62	    64</p>
<p>Barley		     63	    65</p>
<p>Flax			 53	    54</p>
<p>Rye			  55	    56</p>
<p>Canola		     59	    57</p>
<p>TOTAL:		     61	    62	  70</p>
<p>((Gilbert Le Gras, Winnipeg Reuters bureau 204 947 3548))</p>
</text>
<copyright>(c) Reuters Limited 1997</copyright>
<metadata>
<codes class="bip:countries:1.0">
  <code code="CANA">
    <editdetail attribution="Reuters BIP Coding Group" action="confirmed" date="1997-08-08"/>
  </code>
</codes>
<codes class="bip:topics:1.0">
  <code code="M14">
    <editdetail attribution="Reuters BIP Coding Group" action="confirmed" date="1997-08-08"/>
  </code>
  <code code="M141">
    <editdetail attribution="Reuters BIP Coding Group" action="confirmed" date="1997-08-08"/>
  </code>
  <code code="MCAT">
    <editdetail attribution="Reuters BIP Coding Group" action="confirmed" date="1997-08-08"/>
  </code>
</codes>
<dc element="dc.date.created" value="1997-08-08"/>
<dc element="dc.publisher" value="Reuters Holdings Plc"/>
<dc element="dc.date.published" value="1997-08-08"/>
<dc element="dc.source" value="Reuters"/>
<dc element="dc.creator.location" value="WINNIPEG"/>
<dc element="dc.creator.location.country.name" value="CANADA"/>
<dc element="dc.source" value="Reuters"/>
</metadata>
</newsitem>
