<?xml version="1.0" encoding="iso-8859-1" ?>
<newsitem itemid="590130" id="root" date="1997-05-16" xml:lang="en">
<title>SINGAPORE: Sri Lanka buys diesel, jet from Vitol in Jun tender. [CORRECTED 10:55 GMT]</title>
<headline>Sri Lanka buys diesel, jet from Vitol in Jun tender. [CORRECTED 10:55 GMT]</headline>
<dateline>SINGAPORE 1997-05-16</dateline>
<text>
<p>Sri Lanka's state-owned Ceylon Petroleum Corp (CPC) bought by tender gas oil at 14 cents per barrel discount (corrects from &quot;premium&quot;) to Singapore spot quotes and jet fuel at a 5-cents discount (corrects from &quot;premium&quot;), cost-and-freight (c-and-f) Colombo, a CPC source said on Friday.</p>
<p>Dutch trader Vitol sold the 250,000-barrels of 1.0-percent sulphur gas oil and 50,000 barrels of jet fuel for June 1-2 delivery, he said.</p>
<p>Tne tender which closed on May 14, attracted seven offers.  </p>
<p>In its last tender, CPC bought from Glencore 230,000 barrels of diesel at a 38-cents premium and 40,000 barrels of 95-octane leaded gasoline at a $1.85 premium to Singapore spot quotes for May 21-22 delivery, c-and-f Colombo.</p>
<p>-- Singapore Newsroom (+65-870 3084)</p>
</text>
<copyright>(c) Reuters Limited 1997</copyright>
<metadata>
<codes class="bip:countries:1.0">
  <code code="SINGP">
    <editdetail attribution="Reuters BIP Coding Group" action="confirmed" date="1997-05-16"/>
  </code>
  <code code="SRILAN">
    <editdetail attribution="Reuters BIP Coding Group" action="confirmed" date="1997-05-16"/>
  </code>
</codes>
<codes class="bip:industries:1.0">
  <code code="I25120">
    <editdetail attribution="Reuters BIP Coding Group" action="confirmed" date="1997-05-16"/>
  </code>
</codes>
<codes class="bip:topics:1.0">
  <code code="C33">
    <editdetail attribution="Reuters BIP Coding Group" action="confirmed" date="1997-05-16"/>
  </code>
  <code code="CCAT">
    <editdetail attribution="Reuters BIP Coding Group" action="confirmed" date="1997-05-16"/>
  </code>
  <code code="M14">
    <editdetail attribution="Reuters BIP Coding Group" action="confirmed" date="1997-05-16"/>
  </code>
  <code code="M143">
    <editdetail attribution="Reuters BIP Coding Group" action="confirmed" date="1997-05-16"/>
  </code>
  <code code="MCAT">
    <editdetail attribution="Reuters BIP Coding Group" action="confirmed" date="1997-05-16"/>
  </code>
</codes>
<dc element="dc.date.created" value="1997-05-16"/>
<dc element="dc.publisher" value="Reuters Holdings Plc"/>
<dc element="dc.date.published" value="1997-05-16"/>
<dc element="dc.source" value="Reuters"/>
<dc element="dc.creator.location" value="SINGAPORE"/>
<dc element="dc.creator.location.country.name" value="SINGAPORE"/>
<dc element="dc.source" value="Reuters"/>
</metadata>
</newsitem>
