<?xml version="1.0" encoding="iso-8859-1" ?>
<newsitem itemid="518746" id="root" date="1997-04-17" xml:lang="en">
<title>PORTUGAL: PRESS DIGEST - Portugal -- April 17.</title>
<headline>PRESS DIGEST - Portugal -- April 17.</headline>
<dateline>LISBON 1997-04-17</dateline>
<text>
<p>The following are leading domestic stories in Portuguese newspapers.</p>
<p>PUBLICO</p>
<p>- Spain's Telefonica has taken a 3.5 percent stake in Portugal Telecom which gets 1.0 percent of the Spanish company. The agreement means that phone calls between Portugal and Spain will be be considered regional and not international.</p>
<p>- The state's current spending rose by 18.6 percent in the first quarter compared to 1996, a Finance Ministry report said.</p>
<p>DIARIO DE NOTICIAS</p>
<p>- Work inspectors have discovered thousands of banking employees performing illegal temporary work. The worst cases were found at Banco Comercial Portugues (BCP), Banco Espirito Santo and Banco Totta &amp; Acores.</p>
<p>- Banks and insurance companies will not get money from the European social fund since it now favours small and medium companies. Only companies which offer professional training in priority areas will be considered.</p>
<p>- The opposition Social Democrat Party will launch a parliamentary inquiry into Prime Minister Antonio Guterres's role in the granting of a state-guaranteed loan to the General Workers Union (UGT) which has traditional links to the ruling Socialist Party.</p>
<p>DIARIO ECONOMICO</p>
<p>- The first phase of Electricidade de Portugal-EDP's privatisation will involve the selling of 600 million shares, representing 30 percent of capital, and the state will receive 500 billion escudos from the operation, EDP president Antonio de Almeida said.</p>
<p>- State airline TAP, Caixa Geral de Depositos and the state's OGMA, a company which repairs planes, will form a consortium to bid in the privatisation of Mozambique airlines LAM.</p>
<p>SEMANARIO ECONOMICO</p>
<p>- The chairman of the BCP banking group Jardim Goncalves is considering selling the group's 20 percent stake in insurance company Mundial Confianca, but this will depend on how the insurer performs on the stock market.</p>
<p>--Lisbon bureau 3511-3538254</p>
</text>
<copyright>(c) Reuters Limited 1997</copyright>
<metadata>
<codes class="bip:countries:1.0">
  <code code="PORL">
    <editdetail attribution="Reuters BIP Coding Group" action="confirmed" date="1997-04-17"/>
  </code>
</codes>
<codes class="bip:topics:1.0">
  <code code="GCAT">
    <editdetail attribution="Reuters BIP Coding Group" action="confirmed" date="1997-04-17"/>
  </code>
</codes>
<dc element="dc.date.created" value="1997-04-17"/>
<dc element="dc.publisher" value="Reuters Holdings Plc"/>
<dc element="dc.date.published" value="1997-04-17"/>
<dc element="dc.source" value="Reuters"/>
<dc element="dc.creator.location" value="LISBON"/>
<dc element="dc.creator.location.country.name" value="PORTUGAL"/>
<dc element="dc.source" value="Reuters"/>
</metadata>
</newsitem>
