<?xml version="1.0" encoding="iso-8859-1" ?>
<newsitem itemid="121164" id="root" date="1996-10-16" xml:lang="en">
<title>USA: Tuscarora Aug 31 Q4 shr declines to $0.34.</title>
<headline>Tuscarora Aug 31 Q4 shr declines to $0.34.</headline>
<dateline>NEW BRIGHTON, Pa. 1996-10-16</dateline>
<text>
<p>TUSCARORA INCORPORATED</p>
<p>			     Condensed Summary of Operations</p>
<p>			 (in thousands except per share amounts)</p>
<p>	     For The Quarter Ended	   For The Year Ended</p>
<p>		    August 31,			August 31,</p>
<p>		    1996   1995		    1996    1995</p>
<p>    Net Sales    $46,993 $45,520	$182,590  $163,300</p>
<p>Income Before</p>
<p>    Income Taxes $3,623  $4,057	 $15,905   $15,034</p>
<p>    Net Income   $2,140  $2,294	 $9,653    $8,980</p>
<p>    Shr	    $0.34   $0.37	  $1.55     $1.46</p>
<p>Weighted Average</p>
<p>Shares of</p>
<p>Common Stock</p>
<p>     Outstanding 6,275     6,162	6,242     6,154</p>
<p>Full company name is Tuscarora Inc</p>
</text>
<copyright>(c) Reuters Limited 1996</copyright>
<metadata>
<codes class="bip:countries:1.0">
  <code code="USA">
    <editdetail attribution="Reuters BIP Coding Group" action="confirmed" date="1996-10-16"/>
  </code>
</codes>
<codes class="bip:industries:1.0">
  <code code="I25140">
    <editdetail attribution="Reuters BIP Coding Group" action="confirmed" date="1996-10-16"/>
  </code>
</codes>
<codes class="bip:topics:1.0">
  <code code="C15">
    <editdetail attribution="Reuters BIP Coding Group" action="confirmed" date="1996-10-16"/>
  </code>
  <code code="C151">
    <editdetail attribution="Reuters BIP Coding Group" action="confirmed" date="1996-10-16"/>
  </code>
  <code code="C1511">
    <editdetail attribution="Reuters BIP Coding Group" action="confirmed" date="1996-10-16"/>
  </code>
  <code code="CCAT">
    <editdetail attribution="Reuters BIP Coding Group" action="confirmed" date="1996-10-16"/>
  </code>
</codes>
<dc element="dc.date.created" value="1996-10-16"/>
<dc element="dc.publisher" value="Reuters Holdings Plc"/>
<dc element="dc.date.published" value="1996-10-16"/>
<dc element="dc.source" value="Reuters"/>
<dc element="dc.creator.location" value="NEW BRIGHTON, Pa."/>
<dc element="dc.creator.location.country.name" value="USA"/>
<dc element="dc.source" value="Reuters"/>
</metadata>
</newsitem>
