<?xml version="1.0" encoding="iso-8859-1" ?>
<newsitem itemid="215205" id="root" date="1996-11-25" xml:lang="en">
<title>FINLAND: Polish premier says joining EU, NATO inseparable.</title>
<headline>Polish premier says joining EU, NATO inseparable.</headline>
<dateline>HELSINKI 1996-11-25</dateline>
<text>
<p>Polish Prime Minister Wlodzimierz Cimoszewicz said on Monday that Poland sees membership in NATO and the European Union as inseparable.</p>
<p>&quot;We do not want to separate those two issues. We believe, from our perspective, those are two elements of the same process of joining European transatlantic structures,&quot; Cimoszewicz told a news conference with Finnish Prime Minister Paavo Lipponen.</p>
<p>&quot;We believe both (EU and NATO) are structures that may help us to exist in a stable and democratic Europe,&quot; Cimoszewicz said.</p>
<p>Cimoszewicz and Lipponen also discussed European and Baltic security and signed an updated treaty on mutual investment.</p>
<p>Non-aligned Finland joined the EU alongside Sweden and Austria at the start of 1995. It is not seeking NATO membership, but has joined NATO's Partnership for Peace (PfP).</p>
<p>Cimoszewicz said Poland was watching with concern its neighbour Belarus, where voters in Sunday's referendum supported a draft constitution that would expand the powers of President Alexander Lukashenko.</p>
<p>&quot;We hope that all eventual changes in their constitutional system will go according to the existing constitution and existing ... procedures,&quot; Cimoszewicz said.</p>
</text>
<copyright>(c) Reuters Limited 1996</copyright>
<metadata>
<codes class="bip:countries:1.0">
  <code code="EEC">
    <editdetail attribution="Reuters BIP Coding Group" action="confirmed" date="1996-11-25"/>
  </code>
  <code code="FIN">
    <editdetail attribution="Reuters BIP Coding Group" action="confirmed" date="1996-11-25"/>
  </code>
  <code code="NATO">
    <editdetail attribution="Reuters BIP Coding Group" action="confirmed" date="1996-11-25"/>
  </code>
  <code code="POL">
    <editdetail attribution="Reuters BIP Coding Group" action="confirmed" date="1996-11-25"/>
  </code>
</codes>
<codes class="bip:topics:1.0">
  <code code="G15">
    <editdetail attribution="Reuters BIP Coding Group" action="confirmed" date="1996-11-25"/>
  </code>
  <code code="G158">
    <editdetail attribution="Reuters BIP Coding Group" action="confirmed" date="1996-11-25"/>
  </code>
  <code code="GCAT">
    <editdetail attribution="Reuters BIP Coding Group" action="confirmed" date="1996-11-25"/>
  </code>
  <code code="GDIP">
    <editdetail attribution="Reuters BIP Coding Group" action="confirmed" date="1996-11-25"/>
  </code>
</codes>
<dc element="dc.date.created" value="1996-11-25"/>
<dc element="dc.publisher" value="Reuters Holdings Plc"/>
<dc element="dc.date.published" value="1996-11-25"/>
<dc element="dc.source" value="Reuters"/>
<dc element="dc.creator.location" value="HELSINKI"/>
<dc element="dc.creator.location.country.name" value="FINLAND"/>
<dc element="dc.source" value="Reuters"/>
</metadata>
</newsitem>
