<?xml version="1.0" encoding="iso-8859-1" ?>
<newsitem itemid="420219" id="root" date="1997-03-05" xml:lang="en">
<title>USA: Shoe Carnival sees 7-10 new stores in '97.</title>
<headline>Shoe Carnival sees 7-10 new stores in '97.</headline>
<dateline>EVANSVILLE, Ind. 1997-03-05</dateline>
<text>
<p>Shoe Carnival Inc said Wednesday that it plans to open seven to 10 new stores in 1997.</p>
<p>&quot;Starting with the second half of this year, we anticipate accelerating Shoe Carnival's growth rate,&quot; Mark Lemond, president, said in a statement.</p>
<p>Five new stores opened in fiscal 1996 ended February 1.</p>
<p>&quot;We intend to focus our resources in the first half of 1997 on remodeling and updating approximately 80 percent of our stores that do not already incorporate our new store design,&quot; Lemond said.</p>
<p>A spokeswoman said that equates to about 60 stores to be remodeled and updated.</p>
<p>Shoe Carnival is a chain of 92 footwear stores located in the Midwest and Midsouth.</p>
<p>Earlier, Shoe Carnival reported net income for the fourth quarter of $131,000 or $0.01 a share including a $0.02 credit. A year ago, it reported a loss of $8.7 million or $0.67 a share, including a $0.16 a share charge.</p>
<p>For the most recent fiscal year, fiscal 1996, it earned $0.32 a share, compared with a year-ago loss of $0.55.</p>
<p>((Reuters Chicago Newsdesk (312) 408-8787))</p>
</text>
<copyright>(c) Reuters Limited 1997</copyright>
<metadata>
<codes class="bip:countries:1.0">
  <code code="USA">
    <editdetail attribution="Reuters BIP Coding Group" action="confirmed" date="1997-03-05"/>
  </code>
</codes>
<codes class="bip:industries:1.0">
  <code code="I64600">
    <editdetail attribution="Reuters BIP Coding Group" action="confirmed" date="1997-03-05"/>
  </code>
</codes>
<codes class="bip:topics:1.0">
  <code code="C11">
    <editdetail attribution="Reuters BIP Coding Group" action="confirmed" date="1997-03-05"/>
  </code>
  <code code="C24">
    <editdetail attribution="Reuters BIP Coding Group" action="confirmed" date="1997-03-05"/>
  </code>
  <code code="CCAT">
    <editdetail attribution="Reuters BIP Coding Group" action="confirmed" date="1997-03-05"/>
  </code>
</codes>
<dc element="dc.date.created" value="1997-03-05"/>
<dc element="dc.publisher" value="Reuters Holdings Plc"/>
<dc element="dc.date.published" value="1997-03-05"/>
<dc element="dc.source" value="Reuters"/>
<dc element="dc.creator.location" value="EVANSVILLE, Ind."/>
<dc element="dc.creator.location.country.name" value="USA"/>
<dc element="dc.source" value="Reuters"/>
</metadata>
</newsitem>
