<?xml version="1.0" encoding="iso-8859-1" ?>
<newsitem itemid="505040" id="root" date="1997-04-13" xml:lang="en">
<title>MEXICO: SOCCER-MEXICO BEAT JAMAICA 6-0 IN WORLD CUP QUALIFIER.</title>
<headline>SOCCER-MEXICO BEAT JAMAICA 6-0 IN WORLD CUP QUALIFIER.</headline>
<dateline>MEXICO CITY 1997-04-13</dateline>
<text>
<p>Mexico beat Jamaica 6-0</p>
<p>(halftime 3-0) in a CONCACAF final stage World Cup qualifying</p>
<p>match on Sunday.</p>
<p>Scorers: Benjamin Galindo (10, penalty), Carlos Hermosillo</p>
<p>(17, 39 and 46), Joaquin del Olmo (51), Luis Hernandez (85).</p>
<p>Attendance: 120,000</p>
<p>Standings (tabulate under played, won, drawn, lost, goals</p>
<p>for, goals against, points)</p>
<p> Mexico		3  2  1  0 10  0  7</p>
<p> United States     3  1  1  1  5  3  4</p>
<p> Costa Rica	  2  1  1  0  3  2  4</p>
<p> El Salvador	 1  0  1  0  0  0  1</p>
<p> Jamaica	     2  0  1  1  0  6  1</p>
<p> Canada		3  0  1  2  0  7  1</p>
<p>Note: top three teams qualify for the World Cup.</p>
<p>Next match: April 20 - United States v Mexico.</p>
</text>
<copyright>(c) Reuters Limited 1997</copyright>
<metadata>
<codes class="bip:countries:1.0">
  <code code="JAMA">
    <editdetail attribution="Reuters BIP Coding Group" action="confirmed" date="1997-04-13"/>
  </code>
  <code code="MEX">
    <editdetail attribution="Reuters BIP Coding Group" action="confirmed" date="1997-04-13"/>
  </code>
</codes>
<codes class="bip:topics:1.0">
  <code code="GCAT">
    <editdetail attribution="Reuters BIP Coding Group" action="confirmed" date="1997-04-13"/>
  </code>
  <code code="GSPO">
    <editdetail attribution="Reuters BIP Coding Group" action="confirmed" date="1997-04-13"/>
  </code>
</codes>
<dc element="dc.date.created" value="1997-04-13"/>
<dc element="dc.publisher" value="Reuters Holdings Plc"/>
<dc element="dc.date.published" value="1997-04-13"/>
<dc element="dc.source" value="Reuters"/>
<dc element="dc.creator.location" value="MEXICO CITY"/>
<dc element="dc.creator.location.country.name" value="MEXICO"/>
<dc element="dc.source" value="Reuters"/>
</metadata>
</newsitem>
