<?xml version="1.0" encoding="iso-8859-1" ?>
<newsitem itemid="526968" id="root" date="1997-04-22" xml:lang="en">
<title>USA: Prism Solutions Q1 shr profit $0.01.</title>
<headline>Prism Solutions Q1 shr profit $0.01.</headline>
<dateline>SUNNYVALE, Calif. 1997-04-22</dateline>
<text>
<p>Prism Solutions, Inc.</p>
<p>		Consolidated Statements of Operations</p>
<p>	 (in thousands, except share and per share data)</p>
<p>							Three Months Ended</p>
<p>								March 31,</p>
<p>							   1996	 1997</p>
<p>								unaudited</p>
<p>Revenues:</p>
<p>   License					  $ 4,397     $ 6,614</p>
<p>   Services and other			     3,010	 3,582</p>
<p>   Total revenues				   7,407	10,196</p>
<p>Cost of revenues:</p>
<p>   License						133	   377</p>
<p>   Services and other			     1,624	 2,031</p>
<p>   Total costs of revenues			1,757	 2,408</p>
<p>   Gross Margin				     5,650	 7,788</p>
<p>Costs and expenses:</p>
<p>   Sales and marketing			    4,221	 5,343</p>
<p>   Research and development		     1,049	 1,499</p>
<p>   General and administrative		     638	 1,208</p>
<p>   Total operating expenses		     5,908	 8,050</p>
<p>   Loss from operations			   (258)	 (262)</p>
<p> Interest income, net				  61	   494</p>
<p> Other expense, net				  (15)	  (54)</p>
<p>   Income (loss) before income taxes	  (212)	   178</p>
<p> Provision for income taxes			   6	    35</p>
<p>   Net income (loss)				(218)	   143</p>
<p>   Net income (loss) per share		 (0.04)	  0.01</p>
<p>Shares used in per share calculation</p>
<p>						    5,126,525  14,019,928</p>
<p>   Pro forma net income (loss) per share   (0.02)	  0.01</p>
<p>Pro forma shares used in per share</p>
<p>     calculation			     11,712,364  14,019,928</p>
</text>
<copyright>(c) Reuters Limited 1997</copyright>
<metadata>
<codes class="bip:countries:1.0">
  <code code="USA">
    <editdetail attribution="Reuters BIP Coding Group" action="confirmed" date="1997-04-22"/>
  </code>
</codes>
<codes class="bip:industries:1.0">
  <code code="I33020">
    <editdetail attribution="Reuters BIP Coding Group" action="confirmed" date="1997-04-22"/>
  </code>
  <code code="I3302020">
    <editdetail attribution="Reuters BIP Coding Group" action="confirmed" date="1997-04-22"/>
  </code>
</codes>
<codes class="bip:topics:1.0">
  <code code="C15">
    <editdetail attribution="Reuters BIP Coding Group" action="confirmed" date="1997-04-22"/>
  </code>
  <code code="C151">
    <editdetail attribution="Reuters BIP Coding Group" action="confirmed" date="1997-04-22"/>
  </code>
  <code code="CCAT">
    <editdetail attribution="Reuters BIP Coding Group" action="confirmed" date="1997-04-22"/>
  </code>
</codes>
<dc element="dc.date.created" value="1997-04-22"/>
<dc element="dc.publisher" value="Reuters Holdings Plc"/>
<dc element="dc.date.published" value="1997-04-22"/>
<dc element="dc.source" value="Reuters"/>
<dc element="dc.creator.location" value="SUNNYVALE, Calif."/>
<dc element="dc.creator.location.country.name" value="USA"/>
<dc element="dc.source" value="Reuters"/>
</metadata>
</newsitem>
