<?xml version="1.0" encoding="iso-8859-1" ?>
<newsitem itemid="398608" id="root" date="1997-02-24" xml:lang="en">
<title>USA: RESEARCH ALERT - U S West, Ameritech upgraded.</title>
<headline>RESEARCH ALERT - U S West, Ameritech upgraded.</headline>
<text>
<p>-- Smith Barney has upgraded its rating for U S West Communications Corp to outperform from neutral, a source at the brokerage said on Monday.</p>
<p>-- Smith Barney also upgraded its rating for Ameritech Corp to buy from outperform.</p>
<p>-- U S West closed on Friday at 35-1/2 and Ameritech closed at 64-1/2.</p>
<p>((-- Wall Street desk (212) 859-1730))</p>
</text>
<copyright>(c) Reuters Limited 1997</copyright>
<metadata>
<codes class="bip:countries:1.0">
  <code code="USA">
    <editdetail attribution="Reuters BIP Coding Group" action="confirmed" date="1997-02-24"/>
  </code>
</codes>
<codes class="bip:industries:1.0">
  <code code="I79020">
    <editdetail attribution="Reuters BIP Coding Group" action="confirmed" date="1997-02-24"/>
  </code>
</codes>
<codes class="bip:topics:1.0">
  <code code="C15">
    <editdetail attribution="Reuters BIP Coding Group" action="confirmed" date="1997-02-24"/>
  </code>
  <code code="C152">
    <editdetail attribution="Reuters BIP Coding Group" action="confirmed" date="1997-02-24"/>
  </code>
  <code code="CCAT">
    <editdetail attribution="Reuters BIP Coding Group" action="confirmed" date="1997-02-24"/>
  </code>
</codes>
<dc element="dc.publisher" value="Reuters Holdings Plc"/>
<dc element="dc.date.published" value="1997-02-24"/>
<dc element="dc.source" value="Reuters"/>
<dc element="dc.creator.location.country.name" value="USA"/>
<dc element="dc.source" value="Reuters"/>
</metadata>
</newsitem>
