<?xml version="1.0" encoding="iso-8859-1" ?>
<newsitem itemid="55990" id="root" date="1996-09-16" xml:lang="en">
<title>USA: Titan promotes Michael Grandstaff to CFO.</title>
<headline>Titan promotes Michael Grandstaff to CFO.</headline>
<dateline>SAN ANTONIO, Texas 1996-09-16</dateline>
<text>
<p>Titan Holdings Inc said Monday it promoted Michael Grandstaff to chief financial officer and treasurer.</p>
<p>Grandstaff succeeds Michael Bodayle who will resign his position at Titan to form a company involved in the acquisition and development of automobile insurance agencies, a statement from Titan said.</p>
<p>Grandstaff has served as chief financial officer of Titan Insurance Company, formerly Imperial Midwest Insurance Company, since it was acquired by Titan in 1992, the statement said.</p>
</text>
<copyright>(c) Reuters Limited 1996</copyright>
<metadata>
<codes class="bip:countries:1.0">
  <code code="USA">
    <editdetail attribution="Reuters BIP Coding Group" action="confirmed" date="1996-09-16"/>
  </code>
</codes>
<codes class="bip:industries:1.0">
  <code code="I82003">
    <editdetail attribution="Reuters BIP Coding Group" action="confirmed" date="1996-09-16"/>
  </code>
</codes>
<codes class="bip:topics:1.0">
  <code code="C41">
    <editdetail attribution="Reuters BIP Coding Group" action="confirmed" date="1996-09-16"/>
  </code>
  <code code="C411">
    <editdetail attribution="Reuters BIP Coding Group" action="confirmed" date="1996-09-16"/>
  </code>
  <code code="CCAT">
    <editdetail attribution="Reuters BIP Coding Group" action="confirmed" date="1996-09-16"/>
  </code>
</codes>
<dc element="dc.date.created" value="1996-09-16"/>
<dc element="dc.publisher" value="Reuters Holdings Plc"/>
<dc element="dc.date.published" value="1996-09-16"/>
<dc element="dc.source" value="Reuters"/>
<dc element="dc.creator.location" value="SAN ANTONIO, Texas"/>
<dc element="dc.creator.location.country.name" value="USA"/>
<dc element="dc.source" value="Reuters"/>
</metadata>
</newsitem>
