<?xml version="1.0" encoding="iso-8859-1" ?>
<newsitem itemid="156511" id="root" date="1996-10-31" xml:lang="en">
<title>MEXICO: Mexico's Pemex outlines nine months sales, income.</title>
<headline>Mexico's Pemex outlines nine months sales, income.</headline>
<dateline>MEXICO CITY 1996-10-31</dateline>
<text>
<p>Mexico's oil and gas monopoly Petroleos Mexicanos (Pemex) reported Thursday its consolidated statements after taxes for the first nine months of the year. Figures are in millions of dollars.</p>
<p>  Item		  Third Quarter '95    Third Quarter '96</p>
<p>Total Sales			   5,951		    7,313</p>
<p>Domestic Sales*		     3,744		    4,414</p>
<p>Export Sales			  2,207		    2,899</p>
<p>Costs, Operating Expenses	 1,777		    1,907</p>
<p>Income before taxes, interests</p>
<p>royalties, other expenses	 4,174		    5,406</p>
<p>Income before taxes, royalties  4,181		    5,593</p>
<p>Taxes, Royalties		    3,753		    4,802</p>
<p>Net Income				428			791</p>
<p>Operating Income Before Taxes</p>
<p>Pemex Exploration, Production   3,404		    4,639</p>
<p>Pemex Refining			  (52)		     (90)</p>
<p>Pemex Gas				  70			 70</p>
<p>Pemex Petrochems			 90			  2</p>
<p>Legend: Statement is unaudited, * includes consumer taxes</p>
<p>--Timna Tanners, Mexico City newsroom +525 728 7903.</p>
</text>
<copyright>(c) Reuters Limited 1996</copyright>
<metadata>
<codes class="bip:countries:1.0">
  <code code="MEX">
    <editdetail attribution="Reuters BIP Coding Group" action="confirmed" date="1996-10-31"/>
  </code>
</codes>
<codes class="bip:industries:1.0">
  <code code="I13000">
    <editdetail attribution="Reuters BIP Coding Group" action="confirmed" date="1996-10-31"/>
  </code>
</codes>
<codes class="bip:topics:1.0">
  <code code="C15">
    <editdetail attribution="Reuters BIP Coding Group" action="confirmed" date="1996-10-31"/>
  </code>
  <code code="C151">
    <editdetail attribution="Reuters BIP Coding Group" action="confirmed" date="1996-10-31"/>
  </code>
  <code code="C31">
    <editdetail attribution="Reuters BIP Coding Group" action="confirmed" date="1996-10-31"/>
  </code>
  <code code="CCAT">
    <editdetail attribution="Reuters BIP Coding Group" action="confirmed" date="1996-10-31"/>
  </code>
</codes>
<dc element="dc.date.created" value="1996-10-31"/>
<dc element="dc.publisher" value="Reuters Holdings Plc"/>
<dc element="dc.date.published" value="1996-10-31"/>
<dc element="dc.source" value="Reuters"/>
<dc element="dc.creator.location" value="MEXICO CITY"/>
<dc element="dc.creator.location.country.name" value="MEXICO"/>
<dc element="dc.source" value="Reuters"/>
</metadata>
</newsitem>
