<?xml version="1.0" encoding="iso-8859-1" ?>
<newsitem itemid="779620" id="root" date="1997-08-05" xml:lang="en">
<title>USA: Equity Office to buy 11 properties for $144.7 mln.</title>
<headline>Equity Office to buy 11 properties for $144.7 mln.</headline>
<dateline>CHICAGO 1997-08-05</dateline>
<text>
<p>Equity Office Properties said Monday it will buy 11 office properties in suburban Philadelphia for $144.7 million.</p>
<p>The company also said it agreed to buy two office buildings and a parking garage in New Orleans for $140.0 million.  </p>
<p>Equity Office said its board approved buying the 11 office properties, which total about one million square feet of office space and have an average occupancy rate of 98.7 percent, from affiliates of the Acorn Development Corp.</p>
<p>The purchase price will be paid in a combination of cash, EOP operating limited partnership units, and the assumption of debt. The cash portion will be funded through Equity Office's working capital and line of credit, it said.</p>
<p>Under the definitive agreement with Columbus American Properties LLC to buy the New Orleans buildings and garage, Equity Office said it will assume $91 million of debt, with $49 million paid in EOP operating limited partnership units at $29 each.</p>
<p>Equity Office is a large publicly traded office building company that owns and operates a portfolio of 90 buildings in 20 states and also owns 14 stand-alone parking facilities.</p>
<p>-- ((Reuters Chicago Newsdesk (312) 408-8787))</p>
</text>
<copyright>(c) Reuters Limited 1997</copyright>
<metadata>
<codes class="bip:countries:1.0">
  <code code="USA">
    <editdetail attribution="Reuters BIP Coding Group" action="confirmed" date="1997-08-05"/>
  </code>
</codes>
<codes class="bip:industries:1.0">
  <code code="I81502">
    <editdetail attribution="Reuters BIP Coding Group" action="confirmed" date="1997-08-05"/>
  </code>
</codes>
<codes class="bip:topics:1.0">
  <code code="C18">
    <editdetail attribution="Reuters BIP Coding Group" action="confirmed" date="1997-08-05"/>
  </code>
  <code code="C182">
    <editdetail attribution="Reuters BIP Coding Group" action="confirmed" date="1997-08-05"/>
  </code>
  <code code="CCAT">
    <editdetail attribution="Reuters BIP Coding Group" action="confirmed" date="1997-08-05"/>
  </code>
</codes>
<dc element="dc.date.created" value="1997-08-05"/>
<dc element="dc.publisher" value="Reuters Holdings Plc"/>
<dc element="dc.date.published" value="1997-08-05"/>
<dc element="dc.source" value="Reuters"/>
<dc element="dc.creator.location" value="CHICAGO"/>
<dc element="dc.creator.location.country.name" value="USA"/>
<dc element="dc.source" value="Reuters"/>
</metadata>
</newsitem>
