<?xml version="1.0" encoding="iso-8859-1" ?>
<newsitem itemid="385447" id="root" date="1997-02-18" xml:lang="en">
<title>FINLAND: FINNISH STATE BENCHMARK BOND TURNOVER FEB 13.</title>
<headline>FINNISH STATE BENCHMARK BOND TURNOVER FEB 13.</headline>
<dateline>HELSINKI 1997-02-18</dateline>
<text>
<p>The Bank of Finland reported on</p>
<p>Tuesday the following transactions in Finnish government</p>
<p>benchmark bonds on Monday, February 17.</p>
<p>	    Transactions with    Customer transactions</p>
<p>	    primary dealers:    purchases:	  sales:</p>
<p> Bond     FIM(mln)  yield     FIM(mln) yield    FIM(mln) yield</p>
<p> 1/92 -99   -	  -	   -	  -	   -	 -</p>
<p> 1/94 -01   60    4.51 pct    100    4.51 pct    110   4.52 pct</p>
<p> 1/93 -04   -	  -	   12    5.42 pct    110   5.43 pct</p>
<p> 1/96 -06   60    5.86 pct    101    5.85 pct    326   5.86 pct</p>
<p>NOTE -- The yield is a weighted average.</p>
<p>-- Helsinki newsroom +358 - 9 - 680 50 240</p>
</text>
<copyright>(c) Reuters Limited 1997</copyright>
<metadata>
<codes class="bip:countries:1.0">
  <code code="FIN">
    <editdetail attribution="Reuters BIP Coding Group" action="confirmed" date="1997-02-18"/>
  </code>
</codes>
<codes class="bip:topics:1.0">
  <code code="M12">
    <editdetail attribution="Reuters BIP Coding Group" action="confirmed" date="1997-02-18"/>
  </code>
  <code code="MCAT">
    <editdetail attribution="Reuters BIP Coding Group" action="confirmed" date="1997-02-18"/>
  </code>
</codes>
<dc element="dc.date.created" value="1997-02-18"/>
<dc element="dc.publisher" value="Reuters Holdings Plc"/>
<dc element="dc.date.published" value="1997-02-18"/>
<dc element="dc.source" value="Reuters"/>
<dc element="dc.creator.location" value="HELSINKI"/>
<dc element="dc.creator.location.country.name" value="FINLAND"/>
<dc element="dc.source" value="Reuters"/>
</metadata>
</newsitem>
