<?xml version="1.0" encoding="iso-8859-1" ?>
<newsitem itemid="254510" id="root" date="1996-12-13" xml:lang="en">
<title>MAURITIUS: Mauritius rupee weakens on dollar and pound.</title>
<headline>Mauritius rupee weakens on dollar and pound.</headline>
<dateline>PORT LOUIS 1996-12-13</dateline>
<text>
<p>The Mauritian rupee was fixed weaker against both the dollar and pound on Friday, reflecting international trends, forex dealers said.</p>
<p>The rupee was quoted at a mean rate of 19.9665 against the dollar from 19.9305 on Thursday. Against the pound, the rupee was fixed at a mean rate of 33.0060 from 32.8765 on Thursday.</p>
<p>Dealers said despite low hard currency demands from importers, the rupee was fixed weaker to reflect the stronger dollar in overnight international markets.</p>
<p>&quot;Commercial banks are generally long in dollars for the moment after supply from market interventions over the past days,&quot; one dealer said.</p>
<p>Over the week, the central bank was seen selling dollars in the interbank market during an intervention on Monday while the Mauritius Sugar Syndicate made two tender sales of pounds on Thursday and Friday.</p>
<p>For the 1996 harvest season, the Syndicate has been allowed to sell 25 percent of the island's sugar export proceeds directly to banks. The remaining 75 percent is kept by the central bank for market interventions.</p>
</text>
<copyright>(c) Reuters Limited 1996</copyright>
<metadata>
<codes class="bip:countries:1.0">
  <code code="MAURTS">
    <editdetail attribution="Reuters BIP Coding Group" action="confirmed" date="1996-12-13"/>
  </code>
</codes>
<codes class="bip:topics:1.0">
  <code code="M13">
    <editdetail attribution="Reuters BIP Coding Group" action="confirmed" date="1996-12-13"/>
  </code>
  <code code="M132">
    <editdetail attribution="Reuters BIP Coding Group" action="confirmed" date="1996-12-13"/>
  </code>
  <code code="MCAT">
    <editdetail attribution="Reuters BIP Coding Group" action="confirmed" date="1996-12-13"/>
  </code>
</codes>
<dc element="dc.date.created" value="1996-12-13"/>
<dc element="dc.publisher" value="Reuters Holdings Plc"/>
<dc element="dc.date.published" value="1996-12-13"/>
<dc element="dc.source" value="Reuters"/>
<dc element="dc.creator.location" value="PORT LOUIS"/>
<dc element="dc.creator.location.country.name" value="MAURITIUS"/>
<dc element="dc.source" value="Reuters"/>
</metadata>
</newsitem>
