<?xml version="1.0" encoding="iso-8859-1" ?>
<newsitem itemid="387037" id="root" date="1997-02-19" xml:lang="en">
<title>USA: Fed seen adding reserves at intervention time.</title>
<headline>Fed seen adding reserves at intervention time.</headline>
<dateline>NEW YORK 1997-02-19</dateline>
<text>
<p>The Federal Reserve was expected to add reserves into the banking system at its normal intervention time Wednesday via overnight system repurchase agreements (RP) or an eight-day fixed system RP, economists said.</p>
<p>&quot;The Fed had $14.7 billion RPs in place yesterday to help meet the add need and offset pressures on overnight needs due to the refunding settlements, and an additional $1.125 billion was added by the settlement of the purchase of short coupons made last Friday,&quot; said Marc Wanshel, economist with Morgan Guaranty Trust Co.</p>
<p>He said Tuesday's add substantially exceeded the roughly $10 billion per day add need the Fed faced through the end of the settlement period, which should allow the Fed to replace the $10.1 billion overnight system RP arranged Tuesday with a much smaller operation this session.</p>
<p>&quot;Our best bet today is an eight-day fixed RP in the $3 billion to $4 billion range,&quot; Wanshel said.</p>
<p>(( -- N.A. Treasury Desk, 212-859-1663))</p>
</text>
<copyright>(c) Reuters Limited 1997</copyright>
<metadata>
<codes class="bip:countries:1.0">
  <code code="USA">
    <editdetail attribution="Reuters BIP Coding Group" action="confirmed" date="1997-02-19"/>
  </code>
</codes>
<codes class="bip:topics:1.0">
  <code code="M13">
    <editdetail attribution="Reuters BIP Coding Group" action="confirmed" date="1997-02-19"/>
  </code>
  <code code="M131">
    <editdetail attribution="Reuters BIP Coding Group" action="confirmed" date="1997-02-19"/>
  </code>
  <code code="MCAT">
    <editdetail attribution="Reuters BIP Coding Group" action="confirmed" date="1997-02-19"/>
  </code>
</codes>
<dc element="dc.date.created" value="1997-02-19"/>
<dc element="dc.publisher" value="Reuters Holdings Plc"/>
<dc element="dc.date.published" value="1997-02-19"/>
<dc element="dc.source" value="Reuters"/>
<dc element="dc.creator.location" value="NEW YORK"/>
<dc element="dc.creator.location.country.name" value="USA"/>
<dc element="dc.source" value="Reuters"/>
</metadata>
</newsitem>
