<?xml version="1.0" encoding="iso-8859-1" ?>
<newsitem itemid="513393" id="root" date="1997-04-16" xml:lang="en">
<title>USA: NOTICE OF SALE - Asbury Park, N.J.</title>
<headline>NOTICE OF SALE - Asbury Park, N.J.</headline>
<text>
<p>SUMMARY NOTICE OF SALE</p>
<p>				 $12,920,000*</p>
<p>	 The Board of Education of the City of Asbury Park</p>
<p>			(in the County of Monmouth)</p>
<p>				  New Jersey</p>
<p>				 School Bonds</p>
<p>				Consisting of:</p>
<p>		 $2,000,000 1997 Project School Bonds</p>
<p>		  $10,920,000* Refunding School Bonds</p>
<p>SEALED PROPOSALS will  be received by  the Board Secretary of the  Board of  Education at  the  office of  McManimon  &amp; Scotland, One Riverfront Plaza, 4th Floor, Newark, N.J. on</p>
<p>				April 30, 1997,</p>
<p>until 11:00 a.m. for the purchase of the above Bonds of  the School District dated  April 15,  1997 and  due (subject  to prior redemption) on February 1 as follows:</p>
<p>	 $2,000,000 1997 Project  School Bonds maturing  in</p>
<p>the principal  amount of  $65,000 in  each of  the</p>
<p>years 1998 to 2002, inclusive, $90,000 in each  of</p>
<p>the years  2003 to  2007, inclusive,  $115,000  in</p>
<p>each of  the years  2008 to  2012, inclusive,  and</p>
<p>$130,000 in  each  of  the  years  2013  to  2017,</p>
<p>inclusive;</p>
<p>	 $10,920,000*  Refunding  School  Bonds   maturing,</p>
<p>subject to  adjustment  to  meet  the  escrow  and</p>
<p>payment requirements of the refunded bonds as  set</p>
<p>forth in the full notice of sale, in the principal</p>
<p>amount of $310,000 in  the year 1998, $325,000  in</p>
<p>the year 1999, $345,000 in the year 2000, $365,000</p>
<p>in the  year  2001,  $385,000 in  the  year  2002,</p>
<p>$405,000 in the  year 2003, $430,000  in the  year</p>
<p>2004, $450,000 in the  year 2005, $480,000 in  the</p>
<p>year 2006, $505,000 in the year 2007, $535,000  in</p>
<p>the year 2008, $565,000 in the year 2009, $595,000</p>
<p>in the  year  2010,  $630,000 in  the  year  2011,</p>
<p>$665,000 in the  year 2012, $700,000  in the  year</p>
<p>2013, $740,000 in the  year 2014, $785,000 in  the</p>
<p>year 2015, $830,000 in the year 2016 and  $875,000</p>
<p>in the year 2017.</p>
<p>The combined maturity  schedule for the  Bonds, subject to adjustment of the amount and  the maturity schedule for  the Refunding Bonds to meet the escrow and payment  requirements of the refunded  bonds as set  forth in the  full notice  of sale, is as follows:</p>
<p>	   Principal	Principal	Principal</p>
<p>    Year   Amount  Year   Amount  Year   Amount</p>
<p>1998  $375,000 2005  $540,000 2012  $780,000</p>
<p>1999  $390,000 2006  $570,000 2013  $830,000</p>
<p>2000  $410,000 2007  $595,000 2014  $870,000</p>
<p>2001  $430,000 2008  $650,000 2015  $915,000</p>
<p>	   2002  $450,000 2009  $680,000 2016  $960,000</p>
<p>2003  $495,000 2010  $710,000 2017 $1,005,000</p>
<p>2004  $520,000 2011  $745,000</p>
<p>The Bonds will be  issued in book-entry form  only, in the form of one certificate  for the aggregate principal  amount of the Bonds maturing in each year. The Bonds are redeemable at the option of the Board in accordance with the terms  set forth in the  full Notice of  Sale. The  Board will  furnish Bonds  and  the  approving  legal  opinion  of  McManimon  &amp; Scotland, Newark, N.J. The Bonds  will bear  interest at  the  rate or  rates per annum in multiples of  1/8 or 1/20 of  1%  (ascending  rates and only one rate per maturity) specified by the  successful bidder payable semiannually  on February 1  and August 1  in each year until maturity, commencing on August 1, 1997.  The Bonds will be awarded to the  bidder on whose bid the  total loan may  be  made  at  the  lowest  net  interest  cost  in accordance with the terms  set forth in  the full Notice  of Sale. The full Notice  of Sale,  the Official Statement  and bid forms are available  by contacting Dora  E. Mylchreest,  the Board Secretary at Asbury Park Board of Education, 407  Lake Avenue, Asbury Park, N.J. 07712, (908) 776-2663.</p>
<p>* Amounts subject to change as provided herein. (From The Bond Buyer)</p>
</text>
<copyright>(c) Reuters Limited 1997</copyright>
<metadata>
<codes class="bip:countries:1.0">
  <code code="USA">
    <editdetail attribution="Reuters BIP Coding Group" action="confirmed" date="1997-04-16"/>
  </code>
</codes>
<codes class="bip:topics:1.0">
  <code code="E21">
    <editdetail attribution="Reuters BIP Coding Group" action="confirmed" date="1997-04-16"/>
  </code>
  <code code="E212">
    <editdetail attribution="Reuters BIP Coding Group" action="confirmed" date="1997-04-16"/>
  </code>
  <code code="ECAT">
    <editdetail attribution="Reuters BIP Coding Group" action="confirmed" date="1997-04-16"/>
  </code>
</codes>
<dc element="dc.publisher" value="Reuters Holdings Plc"/>
<dc element="dc.date.published" value="1997-04-16"/>
<dc element="dc.source" value="Reuters"/>
<dc element="dc.creator.location.country.name" value="USA"/>
<dc element="dc.source" value="Reuters"/>
</metadata>
</newsitem>
