<?xml version="1.0" encoding="iso-8859-1" ?>
<newsitem itemid="346595" id="root" date="1997-01-31" xml:lang="en">
<title>RUSSIA: Central bank dollar/rouble rates 5627/5637.</title>
<headline>Central bank dollar/rouble rates 5627/5637.</headline>
<dateline>MOSCOW 1997-01-31</dateline>
<text>
<p>The Russian Central Bank said it had set 5627/5637 roubles per dollar as its bid and offer rates for its operations on the currency market on Friday.</p>
<p>The official rate for Saturday will be 5632.</p>
<p>On Thursday the bid/offer rates were 5624/5634, with the official dollar rate 5629 from Friday.</p>
<p>The Central Bank announces daily bid/offer dollar/rouble rates for its currency operations. The midpoint of these rates is the official dollar/rouble rate for the following day.</p>
<p>--Moscow Newsroom, +7095 941 8520</p>
</text>
<copyright>(c) Reuters Limited 1997</copyright>
<metadata>
<codes class="bip:countries:1.0">
  <code code="RUSS">
    <editdetail attribution="Reuters BIP Coding Group" action="confirmed" date="1997-01-31"/>
  </code>
</codes>
<codes class="bip:topics:1.0">
  <code code="M13">
    <editdetail attribution="Reuters BIP Coding Group" action="confirmed" date="1997-01-31"/>
  </code>
  <code code="M132">
    <editdetail attribution="Reuters BIP Coding Group" action="confirmed" date="1997-01-31"/>
  </code>
  <code code="MCAT">
    <editdetail attribution="Reuters BIP Coding Group" action="confirmed" date="1997-01-31"/>
  </code>
</codes>
<dc element="dc.date.created" value="1997-01-31"/>
<dc element="dc.publisher" value="Reuters Holdings Plc"/>
<dc element="dc.date.published" value="1997-01-31"/>
<dc element="dc.source" value="Reuters"/>
<dc element="dc.creator.location" value="MOSCOW"/>
<dc element="dc.creator.location.country.name" value="RUSSIA"/>
<dc element="dc.source" value="Reuters"/>
</metadata>
</newsitem>
