<?xml version="1.0" encoding="iso-8859-1" ?>
<newsitem itemid="800671" id="root" date="1997-08-14" xml:lang="en">
<title>GERMANY: GERMAN DATA DUE - producer prices, import prices.</title>
<headline>GERMAN DATA DUE - producer prices, import prices.</headline>
<dateline>BONN 1997-08-14</dateline>
<text>
<p>The following German economic</p>
<p>indicators are expected to be released next week:</p>
<p>    INDICATOR	PERIOD	 PREVIOUS		 EXPECTED</p>
<p>					    DATA		     DATE</p>
<p> Producer prices   July     +0.1 m/m;+1.4 y/y	  20-21/08</p>
<p> Import prices     July     -0.2 m/m;+3.3 y/y	  22-25/08</p>
<p>NOTE - The Federal Statistics Office said the expected release dates were targets.</p>
<p>-- Bonn newsroom, 49-228-26097150</p>
</text>
<copyright>(c) Reuters Limited 1997</copyright>
<metadata>
<codes class="bip:countries:1.0">
  <code code="GFR">
    <editdetail attribution="Reuters BIP Coding Group" action="confirmed" date="1997-08-14"/>
  </code>
</codes>
<codes class="bip:topics:1.0">
  <code code="E13">
    <editdetail attribution="Reuters BIP Coding Group" action="confirmed" date="1997-08-14"/>
  </code>
  <code code="E132">
    <editdetail attribution="Reuters BIP Coding Group" action="confirmed" date="1997-08-14"/>
  </code>
  <code code="E51">
    <editdetail attribution="Reuters BIP Coding Group" action="confirmed" date="1997-08-14"/>
  </code>
  <code code="E512">
    <editdetail attribution="Reuters BIP Coding Group" action="confirmed" date="1997-08-14"/>
  </code>
  <code code="ECAT">
    <editdetail attribution="Reuters BIP Coding Group" action="confirmed" date="1997-08-14"/>
  </code>
</codes>
<dc element="dc.date.created" value="1997-08-14"/>
<dc element="dc.publisher" value="Reuters Holdings Plc"/>
<dc element="dc.date.published" value="1997-08-14"/>
<dc element="dc.source" value="Reuters"/>
<dc element="dc.creator.location" value="BONN"/>
<dc element="dc.creator.location.country.name" value="GERMANY"/>
<dc element="dc.source" value="Reuters"/>
</metadata>
</newsitem>
