<?xml version="1.0" encoding="iso-8859-1" ?>
<newsitem itemid="760510" id="root" date="1997-07-28" xml:lang="en">
<title>USA: Pulaski sees $9.2 mln Q3 restructure charge.</title>
<headline>Pulaski sees $9.2 mln Q3 restructure charge.</headline>
<dateline>PULASKI, Va. 1997-07-28</dateline>
<text>
<p>Pulaski Furniture Corp said Monday that it will take a restructuring pre-tax charge of certain assets and inventories amounting to $9.2 million in its third quarter results.</p>
<p>Included in the non-recurring, non-cash writeoff are the elimination of the company's domestic seating line and related inventories, the divestiture of its Craftique unit, and a manufacturing reevaluation of all its major manufacturing facilities, it said.</p>
<p>The purpose of the reevaluation is to make sure that each factory has the correct products for its manufacturing capabilities, a company official said.</p>
<p>It said it expects to release its third quarter results on August 1.</p>
</text>
<copyright>(c) Reuters Limited 1997</copyright>
<metadata>
<codes class="bip:countries:1.0">
  <code code="USA">
    <editdetail attribution="Reuters BIP Coding Group" action="confirmed" date="1997-07-28"/>
  </code>
</codes>
<codes class="bip:industries:1.0">
  <code code="I46700">
    <editdetail attribution="Reuters BIP Coding Group" action="confirmed" date="1997-07-28"/>
  </code>
</codes>
<codes class="bip:topics:1.0">
  <code code="C15">
    <editdetail attribution="Reuters BIP Coding Group" action="confirmed" date="1997-07-28"/>
  </code>
  <code code="C151">
    <editdetail attribution="Reuters BIP Coding Group" action="confirmed" date="1997-07-28"/>
  </code>
  <code code="C152">
    <editdetail attribution="Reuters BIP Coding Group" action="confirmed" date="1997-07-28"/>
  </code>
  <code code="CCAT">
    <editdetail attribution="Reuters BIP Coding Group" action="confirmed" date="1997-07-28"/>
  </code>
</codes>
<dc element="dc.date.created" value="1997-07-28"/>
<dc element="dc.publisher" value="Reuters Holdings Plc"/>
<dc element="dc.date.published" value="1997-07-28"/>
<dc element="dc.source" value="Reuters"/>
<dc element="dc.creator.location" value="PULASKI, Va."/>
<dc element="dc.creator.location.country.name" value="USA"/>
<dc element="dc.source" value="Reuters"/>
</metadata>
</newsitem>
