<?xml version="1.0" encoding="iso-8859-1" ?>
<newsitem itemid="20024" id="root" date="1996-08-28" xml:lang="en">
<title>USA: RESEARCH ALERT - Sun Micro EPS raised.</title>
<headline>RESEARCH ALERT - Sun Micro EPS raised.</headline>
<text>
<p>-- Alex. Brown said it raised its 1996 calendar year earnings per share estimate for Sun Microsystems Inc to $3.10 from $3.00.</p>
<p>-- It raised its calendar year 1997 EPS view to $3.75 from $3.61.</p>
<p>-- For its fiscal year 1997 ending in June, it raised its EPS view to $3.45 from $3.35.</p>
<p>-- Shares were up 2-3/4 at 56-1/2.</p>
<p>-- Analyst Philip Rueppel was not immediately available for comment.</p>
</text>
<copyright>(c) Reuters Limited 1996</copyright>
<metadata>
<codes class="bip:countries:1.0">
  <code code="USA">
    <editdetail attribution="Reuters BIP Coding Group" action="confirmed" date="1996-08-28"/>
  </code>
</codes>
<codes class="bip:industries:1.0">
  <code code="I33020">
    <editdetail attribution="Reuters BIP Coding Group" action="confirmed" date="1996-08-28"/>
  </code>
  <code code="I3302003">
    <editdetail attribution="Reuters BIP Coding Group" action="confirmed" date="1996-08-28"/>
  </code>
</codes>
<codes class="bip:topics:1.0">
  <code code="C15">
    <editdetail attribution="Reuters BIP Coding Group" action="confirmed" date="1996-08-28"/>
  </code>
  <code code="C152">
    <editdetail attribution="Reuters BIP Coding Group" action="confirmed" date="1996-08-28"/>
  </code>
  <code code="CCAT">
    <editdetail attribution="Reuters BIP Coding Group" action="confirmed" date="1996-08-28"/>
  </code>
</codes>
<dc element="dc.publisher" value="Reuters Holdings Plc"/>
<dc element="dc.date.published" value="1996-08-28"/>
<dc element="dc.source" value="Reuters"/>
<dc element="dc.creator.location.country.name" value="USA"/>
<dc element="dc.source" value="Reuters"/>
</metadata>
</newsitem>
