<?xml version="1.0" encoding="iso-8859-1" ?>
<newsitem itemid="696843" id="root" date="1997-06-30" xml:lang="en">
<title>UK: LIFFE wheat mixed with new crop hit by stg.</title>
<headline>LIFFE wheat mixed with new crop hit by stg.</headline>
<dateline>LONDON 1997-06-30</dateline>
<text>
<p>LIFFE wheat ended tightly mixed, with a small gain on old crop, while new crop came down, hit by the strength of sterling.</p>
<p>Activity was light, with January busiest. It last traded 0.15 stg lower at 88.10 stg, on volume of 135 lots, out of a total 282.</p>
<p>The new crop was hit by sterling, traders said. As the UK currency went up to a five year high against the German mark, January went to a low of 85.75 stg, but it came back up as sterling eased later.</p>
<p>July bucked the new crop trend, ending 0.25 stg higher at 81.50. but July volume was just 9 lots.</p>
<p>Volume on barley was 25 lots, 15 on January, which last traded 0.65 stg lower at 85.75 stg.</p>
<p>Physical market traders reported little activity, with feed wheat done for July delivery to West Norfolk at 85.00 stg.</p>
<p>--Christopher Lyddon, London newsroom +44 171 542 7928</p>
</text>
<copyright>(c) Reuters Limited 1997</copyright>
<metadata>
<codes class="bip:countries:1.0">
  <code code="UK">
    <editdetail attribution="Reuters BIP Coding Group" action="confirmed" date="1997-06-30"/>
  </code>
</codes>
<codes class="bip:topics:1.0">
  <code code="M14">
    <editdetail attribution="Reuters BIP Coding Group" action="confirmed" date="1997-06-30"/>
  </code>
  <code code="M141">
    <editdetail attribution="Reuters BIP Coding Group" action="confirmed" date="1997-06-30"/>
  </code>
  <code code="MCAT">
    <editdetail attribution="Reuters BIP Coding Group" action="confirmed" date="1997-06-30"/>
  </code>
</codes>
<dc element="dc.date.created" value="1997-06-30"/>
<dc element="dc.publisher" value="Reuters Holdings Plc"/>
<dc element="dc.date.published" value="1997-06-30"/>
<dc element="dc.source" value="Reuters"/>
<dc element="dc.creator.location" value="LONDON"/>
<dc element="dc.creator.location.country.name" value="UK"/>
<dc element="dc.source" value="Reuters"/>
</metadata>
</newsitem>
