<?xml version="1.0" encoding="iso-8859-1" ?>
<newsitem itemid="104557" id="root" date="1996-10-09" xml:lang="en">
<title>USA: Bank of Mississippi absorbs Iuka Guarantee Bank.</title>
<headline>Bank of Mississippi absorbs Iuka Guarantee Bank.</headline>
<dateline>TUPELO, Miss. 1996-10-09</dateline>
<text>
<p>Bank of Mississippi and Iuka Guarantee Bank said Wednesday they signed a binding agreement for the merger of Iuka into Bank of Mississippi.</p>
<p>BancorpSouth Inc is the parent company of Bank of Mississippi.</p>
<p>Terms were not made public.</p>
</text>
<copyright>(c) Reuters Limited 1996</copyright>
<metadata>
<codes class="bip:countries:1.0">
  <code code="USA">
    <editdetail attribution="Reuters BIP Coding Group" action="confirmed" date="1996-10-09"/>
  </code>
</codes>
<codes class="bip:industries:1.0">
  <code code="I81402">
    <editdetail attribution="Reuters BIP Coding Group" action="confirmed" date="1996-10-09"/>
  </code>
</codes>
<codes class="bip:topics:1.0">
  <code code="C18">
    <editdetail attribution="Reuters BIP Coding Group" action="confirmed" date="1996-10-09"/>
  </code>
  <code code="C181">
    <editdetail attribution="Reuters BIP Coding Group" action="confirmed" date="1996-10-09"/>
  </code>
  <code code="CCAT">
    <editdetail attribution="Reuters BIP Coding Group" action="confirmed" date="1996-10-09"/>
  </code>
</codes>
<dc element="dc.date.created" value="1996-10-09"/>
<dc element="dc.publisher" value="Reuters Holdings Plc"/>
<dc element="dc.date.published" value="1996-10-09"/>
<dc element="dc.source" value="Reuters"/>
<dc element="dc.creator.location" value="TUPELO, Miss."/>
<dc element="dc.creator.location.country.name" value="USA"/>
<dc element="dc.source" value="Reuters"/>
</metadata>
</newsitem>
