<?xml version="1.0" encoding="iso-8859-1" ?>
<newsitem itemid="434575" id="root" date="1997-03-11" xml:lang="en">
<title>UK: Harrisons &amp; Crosfield food profits down.</title>
<headline>Harrisons &amp; Crosfield food profits down.</headline>
<dateline>LONDON 1997-03-11</dateline>
<text>
<p>British diversified group Harrisons &amp; Crosfield Plc said on Tuesday profits from its food and agriculture businesses in the first two months of this year were below the year-earlier level.</p>
<p>The company said conditions in the first quarter remained difficult at its BOCM Pauls division and profits from Malt this year would be &quot;significantly&quot; lower because of the strength of sterling and higher British barley prices.</p>
<p>The company said however that Harcros and Moore's began 1997 more strongly than a year earlier and was &quot;well placed to achieve higher sales and profits&quot; if the housebuilding market improved.</p>
<p>In the chemical businesses, operating profits were higher in the first two months despite the strong pound.</p>
<p>Harrisons &amp; Crosfield said it was well placed to take advantage of opportunities for further growth in its continuing businesses.</p>
<p>--London Newsroom +44 171 542 4017</p>
</text>
<copyright>(c) Reuters Limited 1997</copyright>
<metadata>
<codes class="bip:countries:1.0">
  <code code="UK">
    <editdetail attribution="Reuters BIP Coding Group" action="confirmed" date="1997-03-11"/>
  </code>
</codes>
<codes class="bip:industries:1.0">
  <code code="I61000">
    <editdetail attribution="Reuters BIP Coding Group" action="confirmed" date="1997-03-11"/>
  </code>
</codes>
<codes class="bip:topics:1.0">
  <code code="C15">
    <editdetail attribution="Reuters BIP Coding Group" action="confirmed" date="1997-03-11"/>
  </code>
  <code code="C151">
    <editdetail attribution="Reuters BIP Coding Group" action="confirmed" date="1997-03-11"/>
  </code>
  <code code="CCAT">
    <editdetail attribution="Reuters BIP Coding Group" action="confirmed" date="1997-03-11"/>
  </code>
</codes>
<dc element="dc.date.created" value="1997-03-11"/>
<dc element="dc.publisher" value="Reuters Holdings Plc"/>
<dc element="dc.date.published" value="1997-03-11"/>
<dc element="dc.source" value="Reuters"/>
<dc element="dc.creator.location" value="LONDON"/>
<dc element="dc.creator.location.country.name" value="UK"/>
<dc element="dc.source" value="Reuters"/>
</metadata>
</newsitem>
