<?xml version="1.0" encoding="iso-8859-1" ?>
<newsitem itemid="618554" id="root" date="1997-05-27" xml:lang="en">
<title>JAPAN: Tokyu - 96/97 parent results.</title>
<headline>Tokyu - 96/97 parent results.</headline>
<dateline>TOKYO 1997-05-27</dateline>
<text>
<p>Year to March 31, 1997</p>
<p> (Parent)	(in billions of yen unless specified)</p>
<p> Sales		292.40		vs	  282.41</p>
<p> Operating	   56.98		vs	   46.71</p>
<p> Current	     30.90		vs	   24.83</p>
<p> Net		    6.28		vs	    6.27</p>
<p> EPS		    5.72 yen	  vs	    5.71 yen</p>
<p> Diluted EPS	     -		vs		 -</p>
<p> Shares	   1.10 billion	  vs	1.10 billion</p>
<p> Ord div		5.00 yen	  vs	    5.00 yen</p>
<p>NOTE - Tokyu Corp is a leading railway company and the core company of the Tokyu group.</p>
</text>
<copyright>(c) Reuters Limited 1997</copyright>
<metadata>
<codes class="bip:countries:1.0">
  <code code="JAP">
    <editdetail attribution="Reuters BIP Coding Group" action="confirmed" date="1997-05-27"/>
  </code>
</codes>
<codes class="bip:industries:1.0">
  <code code="I71000">
    <editdetail attribution="Reuters BIP Coding Group" action="confirmed" date="1997-05-27"/>
  </code>
</codes>
<codes class="bip:topics:1.0">
  <code code="C15">
    <editdetail attribution="Reuters BIP Coding Group" action="confirmed" date="1997-05-27"/>
  </code>
  <code code="C151">
    <editdetail attribution="Reuters BIP Coding Group" action="confirmed" date="1997-05-27"/>
  </code>
  <code code="C1511">
    <editdetail attribution="Reuters BIP Coding Group" action="confirmed" date="1997-05-27"/>
  </code>
  <code code="CCAT">
    <editdetail attribution="Reuters BIP Coding Group" action="confirmed" date="1997-05-27"/>
  </code>
</codes>
<dc element="dc.date.created" value="1997-05-27"/>
<dc element="dc.publisher" value="Reuters Holdings Plc"/>
<dc element="dc.date.published" value="1997-05-27"/>
<dc element="dc.source" value="Reuters"/>
<dc element="dc.creator.location" value="TOKYO"/>
<dc element="dc.creator.location.country.name" value="JAPAN"/>
<dc element="dc.source" value="Reuters"/>
</metadata>
</newsitem>
