<?xml version="1.0" encoding="iso-8859-1" ?>
<newsitem itemid="587461" id="root" date="1997-05-15" xml:lang="en">
<title>UK: Czech Export Bank sets $200 mln five-year bond.</title>
<headline>Czech Export Bank sets $200 mln five-year bond.</headline>
<dateline>LONDON 1997-05-15</dateline>
<text>
<p>The following bond was announced by lead manager J.P. Morgan.</p>
<p> BORROWER   CZECH EXPORT BANK</p>
<p> AMT    $200 MLN	COUPON     7.0	 MATURITY    28.MAY.02</p>
<p> TYPE	 STRAIGHT  ISS PRICE  99.419    PAY DATE    28.MAY.97</p>
<p> FULL FEES  35 BP     REOFFER    99.419    SPREAD	+50 BP</p>
<p> MOODY	**	  LISTING    LUX	 PAY FREQ    =</p>
<p> S&amp;P	  **	  DENOMS (K) 10	  SALE LIMITS US/UK/CZ</p>
<p> NEG PLG    YES	 CRS DEFLT  YES	 FORCE MAJ   IPMA 1</p>
<p> GOV LAW    ENG	 HOME CTRY  =	   TAX PROVS   GROSS UP</p>
<p> MGT/UND    15 BP     SELL CONC  20 BP     PRAECIPUUM  =</p>
<p> NOTES	GUARANTOR  CZECH REPUBLIC **BAA1/A (MOODY'S AND S&amp;P)</p>
<p>		**CZECH EXPORT BANK A/BAA1</p>
<p>-- London Newsroom +44 171 542 7658</p>
</text>
<copyright>(c) Reuters Limited 1997</copyright>
<metadata>
<codes class="bip:countries:1.0">
  <code code="CZREP">
    <editdetail attribution="Reuters BIP Coding Group" action="confirmed" date="1997-05-15"/>
  </code>
  <code code="UK">
    <editdetail attribution="Reuters BIP Coding Group" action="confirmed" date="1997-05-15"/>
  </code>
</codes>
<codes class="bip:industries:1.0">
  <code code="I81501">
    <editdetail attribution="Reuters BIP Coding Group" action="confirmed" date="1997-05-15"/>
  </code>
  <code code="I8150110">
    <editdetail attribution="Reuters BIP Coding Group" action="confirmed" date="1997-05-15"/>
  </code>
</codes>
<codes class="bip:topics:1.0">
  <code code="C17">
    <editdetail attribution="Reuters BIP Coding Group" action="confirmed" date="1997-05-15"/>
  </code>
  <code code="C172">
    <editdetail attribution="Reuters BIP Coding Group" action="confirmed" date="1997-05-15"/>
  </code>
  <code code="CCAT">
    <editdetail attribution="Reuters BIP Coding Group" action="confirmed" date="1997-05-15"/>
  </code>
</codes>
<dc element="dc.date.created" value="1997-05-15"/>
<dc element="dc.publisher" value="Reuters Holdings Plc"/>
<dc element="dc.date.published" value="1997-05-15"/>
<dc element="dc.source" value="Reuters"/>
<dc element="dc.creator.location" value="LONDON"/>
<dc element="dc.creator.location.country.name" value="UK"/>
<dc element="dc.source" value="Reuters"/>
</metadata>
</newsitem>
