<?xml version="1.0" encoding="iso-8859-1" ?>
<newsitem itemid="31064" id="root" date="1996-09-04" xml:lang="en">
<title>UK: BOE gives UK money market 482 mln stg further help.</title>
<headline>BOE gives UK money market 482 mln stg further help.</headline>
<dateline>LONDON 1996-09-04</dateline>
<text>
<p>The Bank of England said it provided the UK money market with a further 482 million stg of assistance at established interest rates.  </p>
<p>			    EARLY	1100 GMT   1300 GMT   LATE</p>
<p> FORECAST SHORTAGE    600 MLN    600 MLN    650 MLN    =</p>
<p> CUMULATIVE SUPPLY    =	    118 MLN*   600 MLN    =</p>
<p>DETAILS</p>
<p> BAND 1  BANK BILLS   =	    118 MLN    482 MLN*   =</p>
<p>* INTEREST RATE - 5-11/16 PCT (INDICATES UNCHANGED BASE RATES)</p>
</text>
<copyright>(c) Reuters Limited 1996</copyright>
<metadata>
<codes class="bip:countries:1.0">
  <code code="UK">
    <editdetail attribution="Reuters BIP Coding Group" action="confirmed" date="1996-09-04"/>
  </code>
</codes>
<codes class="bip:topics:1.0">
  <code code="M13">
    <editdetail attribution="Reuters BIP Coding Group" action="confirmed" date="1996-09-04"/>
  </code>
  <code code="M131">
    <editdetail attribution="Reuters BIP Coding Group" action="confirmed" date="1996-09-04"/>
  </code>
  <code code="MCAT">
    <editdetail attribution="Reuters BIP Coding Group" action="confirmed" date="1996-09-04"/>
  </code>
</codes>
<dc element="dc.date.created" value="1996-09-04"/>
<dc element="dc.publisher" value="Reuters Holdings Plc"/>
<dc element="dc.date.published" value="1996-09-04"/>
<dc element="dc.source" value="Reuters"/>
<dc element="dc.creator.location" value="LONDON"/>
<dc element="dc.creator.location.country.name" value="UK"/>
<dc element="dc.source" value="Reuters"/>
</metadata>
</newsitem>
