<?xml version="1.0" encoding="iso-8859-1" ?>
<newsitem itemid="572519" id="root" date="1997-05-09" xml:lang="en">
<title>USA: Central and South West unit sells securities.</title>
<headline>Central and South West unit sells securities.</headline>
<dateline>DALLAS, Texas 1997-05-09</dateline>
<text>
<p>Central and South West Corp said on Friday that its subsidiary, Central Power and Light Co, had sold $150 million of 8.00 percent cumulative quarterly income preferred securities Series A, due April 30, 2037.</p>
<p>The proceeds from the sale will be used by CPL to repay short-term debt, to provide working capital, and to reimburse CPL's treasury for the cost of reacquiring about $87.5 million aggregate par value of four series of preferred stock.</p>
<p>The securities were sold to underwriters in a negotiated offering and are rated baa1 by Moody's Investors Service, A- by Standard and Poor's Ratings Group and BBB+ by Duff &amp; Phelps Credit Rating Co.</p>
<p>The securities are callable at par on or after April 30, 2002, Central and South West said in a statement. Settlement of the transaction will occur on May 14, it added.</p>
<p>Goldman, Sachs &amp; Co is the lead manager for the offering, the company said.</p>
<p>Central and South West Corp is public utility holding company.</p>
</text>
<copyright>(c) Reuters Limited 1997</copyright>
<metadata>
<codes class="bip:countries:1.0">
  <code code="USA">
    <editdetail attribution="Reuters BIP Coding Group" action="confirmed" date="1997-05-09"/>
  </code>
</codes>
<codes class="bip:industries:1.0">
  <code code="I16000">
    <editdetail attribution="Reuters BIP Coding Group" action="confirmed" date="1997-05-09"/>
  </code>
</codes>
<codes class="bip:topics:1.0">
  <code code="C17">
    <editdetail attribution="Reuters BIP Coding Group" action="confirmed" date="1997-05-09"/>
  </code>
  <code code="C172">
    <editdetail attribution="Reuters BIP Coding Group" action="confirmed" date="1997-05-09"/>
  </code>
  <code code="CCAT">
    <editdetail attribution="Reuters BIP Coding Group" action="confirmed" date="1997-05-09"/>
  </code>
</codes>
<dc element="dc.date.created" value="1997-05-09"/>
<dc element="dc.publisher" value="Reuters Holdings Plc"/>
<dc element="dc.date.published" value="1997-05-09"/>
<dc element="dc.source" value="Reuters"/>
<dc element="dc.creator.location" value="DALLAS, Texas"/>
<dc element="dc.creator.location.country.name" value="USA"/>
<dc element="dc.source" value="Reuters"/>
</metadata>
</newsitem>
