<?xml version="1.0" encoding="iso-8859-1" ?>
<newsitem itemid="33257" id="root" date="1996-09-04" xml:lang="en">
<title>GERMANY: German DGB vows strikes to defend wage agreements.</title>
<headline>German DGB vows strikes to defend wage agreements.</headline>
<dateline>BONN 1996-09-04</dateline>
<text>
<p>German unions plan to defend existing wage agreements with strikes if necessary, the German Trade Union Federation DGB said on Wednesday.</p>
<p>Ursula Engelen-Kefer, deputy head of the DGB, warned the group would not shy away from industrial action if employers planned to use negotiations merely as a forum to issue edicts.</p>
<p>&quot;If employers expect us to accept their gunboat diplomacy, then they are very wrong,&quot; she said.</p>
<p>She also said the group was still protesting against the Kohl government's planned savings package, announcing more demonstrations to protest against the plan at the weekend in six German cities.</p>
<p>Most recently construction industry employers cancelled two contracts for east German workers which would have raised their salaries by 1.85 percent from September 1.</p>
<p>--Frankfurt Newsroom, +49 69 756525</p>
</text>
<copyright>(c) Reuters Limited 1996</copyright>
<metadata>
<codes class="bip:countries:1.0">
  <code code="GFR">
    <editdetail attribution="Reuters BIP Coding Group" action="confirmed" date="1996-09-04"/>
  </code>
</codes>
<codes class="bip:topics:1.0">
  <code code="C42">
    <editdetail attribution="Reuters BIP Coding Group" action="confirmed" date="1996-09-04"/>
  </code>
  <code code="CCAT">
    <editdetail attribution="Reuters BIP Coding Group" action="confirmed" date="1996-09-04"/>
  </code>
  <code code="E41">
    <editdetail attribution="Reuters BIP Coding Group" action="confirmed" date="1996-09-04"/>
  </code>
  <code code="ECAT">
    <editdetail attribution="Reuters BIP Coding Group" action="confirmed" date="1996-09-04"/>
  </code>
  <code code="GCAT">
    <editdetail attribution="Reuters BIP Coding Group" action="confirmed" date="1996-09-04"/>
  </code>
  <code code="GJOB">
    <editdetail attribution="Reuters BIP Coding Group" action="confirmed" date="1996-09-04"/>
  </code>
</codes>
<dc element="dc.date.created" value="1996-09-04"/>
<dc element="dc.publisher" value="Reuters Holdings Plc"/>
<dc element="dc.date.published" value="1996-09-04"/>
<dc element="dc.source" value="Reuters"/>
<dc element="dc.creator.location" value="BONN"/>
<dc element="dc.creator.location.country.name" value="GERMANY"/>
<dc element="dc.source" value="Reuters"/>
</metadata>
</newsitem>
