<?xml version="1.0" encoding="iso-8859-1" ?>
<newsitem itemid="427618" id="root" date="1997-03-07" xml:lang="en">
<title>BELGIUM: EU slaps duties on three countries' flint lighters.</title>
<headline>EU slaps duties on three countries' flint lighters.</headline>
<dateline>BRUSSELS 1997-03-07</dateline>
<text>
<p>The European Union has applied definitive anti-dumping duties on gas-fuelled, non-refillable pocket flint lighters from Thailand, the Philippines and Mexico, the bloc's Official Journal (OJ) said on Friday.</p>
<p>Duties on Thai-origin lighters will be 51.9 percent, with the exception of those produced by Politop Co, Ltd, Bangkok, for which the rate will be 5.8 percent and those by Thai Merry Co, Ltd, Samutsakorn, which will not be hit by duties, it said.</p>
<p>Philippine-origin lighters will face 43 percent duties, with the exception of those made and sold for export to the EU by Swedish Match Philippines, Inc, which will face 17 percent duties and those lighters produced by Iwax Philippine Inc, Rosario, Cavite, or Iwahori Philippines, Inc, Mariveles, Bataan, which will all be duty free, the OJ said.</p>
<p>All Mexican-produced lighters will face 27.1 percent duties bar those made by JMP Mexico, SA de CV, Tijuana, which will be duty free.</p>
<p>Duties enter into force from Friday.</p>
<p>The European Union, along with the United States, is one of the more enthusiastic users of anti-dumping measures, which are legal, albeit controversial trade measures used by countries trying to ward off competition from exporters they see as unfairly dumping product on their markets or as using predatory pricing to build up market share.</p>
<p>-- Brussels Newsroom 32 2 287 6800</p>
</text>
<copyright>(c) Reuters Limited 1997</copyright>
<metadata>
<codes class="bip:countries:1.0">
  <code code="BELG">
    <editdetail attribution="Reuters BIP Coding Group" action="confirmed" date="1997-03-07"/>
  </code>
  <code code="EEC">
    <editdetail attribution="Reuters BIP Coding Group" action="confirmed" date="1997-03-07"/>
  </code>
</codes>
<codes class="bip:industries:1.0">
  <code code="I48300">
    <editdetail attribution="Reuters BIP Coding Group" action="confirmed" date="1997-03-07"/>
  </code>
</codes>
<codes class="bip:topics:1.0">
  <code code="C13">
    <editdetail attribution="Reuters BIP Coding Group" action="confirmed" date="1997-03-07"/>
  </code>
  <code code="C31">
    <editdetail attribution="Reuters BIP Coding Group" action="confirmed" date="1997-03-07"/>
  </code>
  <code code="C311">
    <editdetail attribution="Reuters BIP Coding Group" action="confirmed" date="1997-03-07"/>
  </code>
  <code code="CCAT">
    <editdetail attribution="Reuters BIP Coding Group" action="confirmed" date="1997-03-07"/>
  </code>
  <code code="G15">
    <editdetail attribution="Reuters BIP Coding Group" action="confirmed" date="1997-03-07"/>
  </code>
  <code code="G152">
    <editdetail attribution="Reuters BIP Coding Group" action="confirmed" date="1997-03-07"/>
  </code>
  <code code="GCAT">
    <editdetail attribution="Reuters BIP Coding Group" action="confirmed" date="1997-03-07"/>
  </code>
</codes>
<dc element="dc.date.created" value="1997-03-07"/>
<dc element="dc.publisher" value="Reuters Holdings Plc"/>
<dc element="dc.date.published" value="1997-03-07"/>
<dc element="dc.source" value="Reuters"/>
<dc element="dc.creator.location" value="BRUSSELS"/>
<dc element="dc.creator.location.country.name" value="BELGIUM"/>
<dc element="dc.source" value="Reuters"/>
</metadata>
</newsitem>
