<?xml version="1.0" encoding="iso-8859-1" ?>
<newsitem itemid="720492" id="root" date="1997-07-10" xml:lang="en">
<title>USA: Iowa-So Minn hogs actual Wednesday 102,000 - USDA.</title>
<headline>Iowa-So Minn hogs actual Wednesday 102,000 - USDA.</headline>
<dateline>DES MOINES 1997-07-10</dateline>
<text>
<p>Actual interior Iowa and southern Minnesota hog receipts Wednesday were 102,000 head, compared with the estimate of 100,000, USDA reported.</p>
<p>Opening trade was not well established.  Early sales Barrows and Gilts were steady to $0.50 per cwt lower than the midsession on Wednesday.</p>
<p>				  Country		   Plants</p>
<p>US 1-3   46-49% Carcass Base Lean</p>
<p>220-260 lbs	    57.00 -57.50	   58.00 -58.50</p>
<p>few			56.50 -58.00	   57.50 -59.00</p>
<p>Limited one interest few    56.00		    57.00</p>
<p>Sows:  uneven, generally steady to 1.00 lower.</p>
<p>US 1-3 300-450 lbs.  42.50 -44.00	   42.50 -46.00</p>
<p>450-500 lbs.	   42.50 -46.00	   42.50 -46.00</p>
<p>500 lbs. up	    45.00 -48.00	   45.00 -50.00</p>
<p>((Chicago newsdesk 312-408-8720))</p>
</text>
<copyright>(c) Reuters Limited 1997</copyright>
<metadata>
<codes class="bip:countries:1.0">
  <code code="USA">
    <editdetail attribution="Reuters BIP Coding Group" action="confirmed" date="1997-07-10"/>
  </code>
</codes>
<codes class="bip:topics:1.0">
  <code code="M14">
    <editdetail attribution="Reuters BIP Coding Group" action="confirmed" date="1997-07-10"/>
  </code>
  <code code="M141">
    <editdetail attribution="Reuters BIP Coding Group" action="confirmed" date="1997-07-10"/>
  </code>
  <code code="MCAT">
    <editdetail attribution="Reuters BIP Coding Group" action="confirmed" date="1997-07-10"/>
  </code>
</codes>
<dc element="dc.date.created" value="1997-07-10"/>
<dc element="dc.publisher" value="Reuters Holdings Plc"/>
<dc element="dc.date.published" value="1997-07-10"/>
<dc element="dc.source" value="Reuters"/>
<dc element="dc.creator.location" value="DES MOINES"/>
<dc element="dc.creator.location.country.name" value="USA"/>
<dc element="dc.source" value="Reuters"/>
</metadata>
</newsitem>
