<?xml version="1.0" encoding="iso-8859-1" ?>
<newsitem itemid="617748" id="root" date="1997-05-27" xml:lang="en">
<title>USA: Crude pipeline link between LOOP and Capline open.</title>
<headline>Crude pipeline link between LOOP and Capline open.</headline>
<dateline>NEW YORK 1997-05-27</dateline>
<text>
<p>The LOCAP crude pipeline link between the Louisiana Offshore Oil Port (LOOP) and the Capline pipeline artery reopened on Saturday after being shut for a leak last Thursday, a LOOP official said Tuesday.</p>
<p>&quot;Repairs were completed over the weekend and after a test of the system, we restored normal operations,&quot; said a LOOP official.</p>
<p>&quot;There was only a small loss of crude which was confined to the immediate area. We estimate the loss at about five barrels, and we have made a thorough cleanup at the site,&quot; the official added.</p>
<p>Despite the loss of some 700,000 barrels of day (bpd) of crude throughput, LOOP officials said lost streams would be replaced over the course of the month.</p>
<p>Other operations at LOOP, including the unloading of tankers and distribution of oil to other pipelines were not affected by the LOCAP shutdown.</p>
<p>The LOOP, located about 20 miles south of Grand Isle, Louisiana, is the only deep-water port in U.S. waters.</p>
<p>Capline is the major crude oil artery feeding the Midwest (Patoka, Illinois terminal) from the Gulf Coast (St. James, Louisiana terminal) with a capacity of 1.1-1.2 million bpd.</p>
<p>Capline equity owners and their respective shares include: Ashland (21.570 pct); Southcap Pipeline Co (20.998 pct); Shell Oil (13.533 pct) operator; British Petroleum (13.238 pct); Amoco (12.208 pct); USX-Marathon (11.062); and Texaco (7.391 pct).</p>
<p>--Patrick Connole, NY Energy Desk, ((+1 212 859 1828))</p>
</text>
<copyright>(c) Reuters Limited 1997</copyright>
<metadata>
<codes class="bip:countries:1.0">
  <code code="USA">
    <editdetail attribution="Reuters BIP Coding Group" action="confirmed" date="1997-05-27"/>
  </code>
</codes>
<codes class="bip:industries:1.0">
  <code code="I13000">
    <editdetail attribution="Reuters BIP Coding Group" action="confirmed" date="1997-05-27"/>
  </code>
  <code code="I1300003">
    <editdetail attribution="Reuters BIP Coding Group" action="confirmed" date="1997-05-27"/>
  </code>
  <code code="I14000">
    <editdetail attribution="Reuters BIP Coding Group" action="confirmed" date="1997-05-27"/>
  </code>
  <code code="I76300">
    <editdetail attribution="Reuters BIP Coding Group" action="confirmed" date="1997-05-27"/>
  </code>
</codes>
<codes class="bip:topics:1.0">
  <code code="C21">
    <editdetail attribution="Reuters BIP Coding Group" action="confirmed" date="1997-05-27"/>
  </code>
  <code code="C24">
    <editdetail attribution="Reuters BIP Coding Group" action="confirmed" date="1997-05-27"/>
  </code>
  <code code="CCAT">
    <editdetail attribution="Reuters BIP Coding Group" action="confirmed" date="1997-05-27"/>
  </code>
</codes>
<dc element="dc.date.created" value="1997-05-27"/>
<dc element="dc.publisher" value="Reuters Holdings Plc"/>
<dc element="dc.date.published" value="1997-05-27"/>
<dc element="dc.source" value="Reuters"/>
<dc element="dc.creator.location" value="NEW YORK"/>
<dc element="dc.creator.location.country.name" value="USA"/>
<dc element="dc.source" value="Reuters"/>
</metadata>
</newsitem>
