<?xml version="1.0" encoding="iso-8859-1" ?>
<newsitem itemid="201427" id="root" date="1996-11-19" xml:lang="en">
<title>JAPAN: Kanto Denka - 6mth parent results.</title>
<headline>Kanto Denka - 6mth parent results.</headline>
<dateline>TOKYO 1996-11-19</dateline>
<text>
<p>Six months to September 30, 1996</p>
<p> (Parent)	(in billions of yen unless specified)</p>
<p> Sales		 14.68		vs	   14.44</p>
<p> Operating	    1.16		vs	  989 million</p>
<p> Current	    952 million	 vs	  674 million</p>
<p> Net		  508 million	 vs	  272 million</p>
<p> EPS		    8.84 yen	  vs	    4.73 yen</p>
<p> Shares	     58 million	  vs	  58 million</p>
<p> Interim div	   nil		vs	     nil</p>
<p>NOTE - Kanto Denka Kogyo Co Ltd is a chemical manufacturer.</p>
</text>
<copyright>(c) Reuters Limited 1996</copyright>
<metadata>
<codes class="bip:countries:1.0">
  <code code="JAP">
    <editdetail attribution="Reuters BIP Coding Group" action="confirmed" date="1996-11-19"/>
  </code>
</codes>
<codes class="bip:industries:1.0">
  <code code="I25100">
    <editdetail attribution="Reuters BIP Coding Group" action="confirmed" date="1996-11-19"/>
  </code>
</codes>
<codes class="bip:topics:1.0">
  <code code="C15">
    <editdetail attribution="Reuters BIP Coding Group" action="confirmed" date="1996-11-19"/>
  </code>
  <code code="C151">
    <editdetail attribution="Reuters BIP Coding Group" action="confirmed" date="1996-11-19"/>
  </code>
  <code code="CCAT">
    <editdetail attribution="Reuters BIP Coding Group" action="confirmed" date="1996-11-19"/>
  </code>
</codes>
<dc element="dc.date.created" value="1996-11-19"/>
<dc element="dc.publisher" value="Reuters Holdings Plc"/>
<dc element="dc.date.published" value="1996-11-19"/>
<dc element="dc.source" value="Reuters"/>
<dc element="dc.creator.location" value="TOKYO"/>
<dc element="dc.creator.location.country.name" value="JAPAN"/>
<dc element="dc.source" value="Reuters"/>
</metadata>
</newsitem>
