<?xml version="1.0" encoding="iso-8859-1" ?>
<newsitem itemid="551446" id="root" date="1997-04-30" xml:lang="en">
<title>USA: Stratosphere says delisted from Nasdaq.</title>
<headline>Stratosphere says delisted from Nasdaq.</headline>
<dateline>LAS VEGAS 1997-04-30</dateline>
<text>
<p>Stratosphere Corp said the Nasdaq denied the casino/hotel company's appeal of its delisting from Nasdaq.</p>
<p>Nasdaq cited the fact that Stratosphere was in the early stages of bankruptcy proceedings and the uncertainty of the results of the bankruptcy proceedings as reasons for denying the appeal, according to Stratosphere.</p>
<p>The stock was formerly traded under the symbol &quot;TOWVQ&quot;. Stratosphere said it anticipates its stock will trade on the over the counter bulletin board.  </p>
<p>Stratosphere filed under Chapter 11 of the U.S. Bankruptcy Code on January 27, 1997 in Las Vegas. It says it does not believe the bankruptcy filing will, in the long term, hurt daily operations or guest services.</p>
<p>Stratosphere owns and runs the Stratosphere Tower, the 1,149-foot tower with a casino/hotel/entertainment complex centered around the tower.</p>
<p>Grand Casinos Inc owns about 42 percent of Stratosphere.</p>
</text>
<copyright>(c) Reuters Limited 1997</copyright>
<metadata>
<codes class="bip:countries:1.0">
  <code code="USA">
    <editdetail attribution="Reuters BIP Coding Group" action="confirmed" date="1997-04-30"/>
  </code>
</codes>
<codes class="bip:industries:1.0">
  <code code="I97912">
    <editdetail attribution="Reuters BIP Coding Group" action="confirmed" date="1997-04-30"/>
  </code>
</codes>
<codes class="bip:topics:1.0">
  <code code="C14">
    <editdetail attribution="Reuters BIP Coding Group" action="confirmed" date="1997-04-30"/>
  </code>
  <code code="C16">
    <editdetail attribution="Reuters BIP Coding Group" action="confirmed" date="1997-04-30"/>
  </code>
  <code code="CCAT">
    <editdetail attribution="Reuters BIP Coding Group" action="confirmed" date="1997-04-30"/>
  </code>
</codes>
<dc element="dc.date.created" value="1997-04-30"/>
<dc element="dc.publisher" value="Reuters Holdings Plc"/>
<dc element="dc.date.published" value="1997-04-30"/>
<dc element="dc.source" value="Reuters"/>
<dc element="dc.creator.location" value="LAS VEGAS"/>
<dc element="dc.creator.location.country.name" value="USA"/>
<dc element="dc.source" value="Reuters"/>
</metadata>
</newsitem>
