<?xml version="1.0" encoding="iso-8859-1" ?>
<newsitem itemid="560826" id="root" date="1997-05-05" xml:lang="en">
<title>USA: U.S. municipal bond market indicators -- update.</title>
<headline>U.S. municipal bond market indicators -- update.</headline>
<text>
<p>DAILY INDICATORS</p>
<p>				   Latest     Previous  Last Date</p>
<p>Blue List		    $0.986 bln  $1.086 bln    5/2/97</p>
<p>30-day Visible Supply    $4.835 bln  $4.470 bln    5/2/97</p>
<p>Competitive Visible	$1.358 bln  $1.238 bln    5/2/97</p>
<p>Negotiated Visible	 $3.478 bln  $3.232 bln    5/2/97</p>
<p>Bond Buyer 40-Bond Index	5.87%	 5.88%    5/2/97</p>
<p>(yield to maturity)</p>
<p>Lipper general muni index    127.58	127.46    5/1/97</p>
<p>CRB Index			  246.62	247.90    5/2/97</p>
<p>Lehman long govt index	   0.25	  0.34    5/2/97</p>
<p>(total return)</p>
<p>WEEKLY INDICATORS</p>
<p>Reuters 10-Year GO Index	5.16%	 5.25%    5/1/97</p>
<p>Bond Buyer 20 Bond Index	5.77%	 5.87%    5/1/97</p>
<p>Bond Buyer 11 Bond Index	5.68%	 5.78%    5/1/97</p>
<p>Bond Buyer Revenue Bond Index 6.01%	 6.13%    5/1/97</p>
<p>Bond Buyer 1-Year Note Index  3.96%	 3.96%   4/30/97</p>
<p>PSA Municipal Swap Index	4.49%	 4.57%   4/30/97</p>
<p>----------------------------------------------</p>
<p>Moody's Weekly Municipal Bond Yield Averages</p>
<p>			   Latest    Previous    Last Date</p>
<p>    10-year Aaa	5.06%	5.18%	 5/2/97</p>
<p>    10-year Aa	 5.15%	5.27%	 5/2/97</p>
<p>    20-year Aaa	5.55%	5.66%	 5/2/97</p>
<p>    20-year Aa	 5.62%	5.74%	 5/2/97</p>
<p>    20-year A	  5.70%	5.81%	 5/2/97</p>
<p>    20-year Baa	5.76%	5.87%	 5/2/97</p>
<p>    VMIG weekly	4.50%	4.55%	 5/2/97</p>
<p>----------------------------------------------</p>
<p>Delphis Hanover weekly muni bond yields calculated May 1</p>
<p>		Aaa		Aa	     A	     Baa</p>
<p> 1998    3.90  3.90    4.10  4.10   4.35  4.35   4.70  4.70</p>
<p> 2002    4.75  4.75    4.95  4.95   5.20  5.20   5.55  5.55</p>
<p> 2007    5.05  5.15    5.25  5.35   5.55  5.65   5.90  6.00</p>
<p> 2012    5.40  5.50    5.60  5.75   5.90  6.00   6.20  6.30</p>
<p> 2017    5.55  5.65    5.75  5.85   6.05  6.15   6.35  6.45</p>
<p> 2022    5.60  5.70    5.80  5.95   6.10  6.25   6.40  6.55</p>
<p> 2027    5.65  5.75    5.85  6.00   6.15  6.30   6.45  6.60</p>
<p>*from previous calculation on April 24</p>
<p>--U.S. Municipal Desk, 212-859-1650</p>
</text>
<copyright>(c) Reuters Limited 1997</copyright>
<metadata>
<codes class="bip:countries:1.0">
  <code code="USA">
    <editdetail attribution="Reuters BIP Coding Group" action="confirmed" date="1997-05-05"/>
  </code>
</codes>
<codes class="bip:topics:1.0">
  <code code="M12">
    <editdetail attribution="Reuters BIP Coding Group" action="confirmed" date="1997-05-05"/>
  </code>
  <code code="MCAT">
    <editdetail attribution="Reuters BIP Coding Group" action="confirmed" date="1997-05-05"/>
  </code>
</codes>
<dc element="dc.publisher" value="Reuters Holdings Plc"/>
<dc element="dc.date.published" value="1997-05-05"/>
<dc element="dc.source" value="Reuters"/>
<dc element="dc.creator.location.country.name" value="USA"/>
<dc element="dc.source" value="Reuters"/>
</metadata>
</newsitem>
