<?xml version="1.0" encoding="iso-8859-1" ?>
<newsitem itemid="37899" id="root" date="1996-09-06" xml:lang="en">
<title>USA: RESEARCH ALERT - Worthington, Ryerson started.</title>
<headline>RESEARCH ALERT - Worthington, Ryerson started.</headline>
<text>
<p>-- PaineWebber initiated coverage of Worthington Industries Inc with a neutral rating and Ryerson Tull Inc with a buy recommendation, according to a PaineWebber source.</p>
<p>-- In midmorning New York Stock Exchange trade, Ryerson Tull gained 1/8 to 14 while on the Nasdaq market Worthington was unchanged at 20.</p>
</text>
<copyright>(c) Reuters Limited 1996</copyright>
<metadata>
<codes class="bip:countries:1.0">
  <code code="USA">
    <editdetail attribution="Reuters BIP Coding Group" action="confirmed" date="1996-09-06"/>
  </code>
</codes>
<codes class="bip:industries:1.0">
  <code code="I22100">
    <editdetail attribution="Reuters BIP Coding Group" action="confirmed" date="1996-09-06"/>
  </code>
  <code code="I31000">
    <editdetail attribution="Reuters BIP Coding Group" action="confirmed" date="1996-09-06"/>
  </code>
</codes>
<codes class="bip:topics:1.0">
  <code code="C15">
    <editdetail attribution="Reuters BIP Coding Group" action="confirmed" date="1996-09-06"/>
  </code>
  <code code="C152">
    <editdetail attribution="Reuters BIP Coding Group" action="confirmed" date="1996-09-06"/>
  </code>
  <code code="CCAT">
    <editdetail attribution="Reuters BIP Coding Group" action="confirmed" date="1996-09-06"/>
  </code>
</codes>
<dc element="dc.publisher" value="Reuters Holdings Plc"/>
<dc element="dc.date.published" value="1996-09-06"/>
<dc element="dc.source" value="Reuters"/>
<dc element="dc.creator.location.country.name" value="USA"/>
<dc element="dc.source" value="Reuters"/>
</metadata>
</newsitem>
