<?xml version="1.0" encoding="iso-8859-1" ?>
<newsitem itemid="501416" id="root" date="1997-04-10" xml:lang="en">
<title>AUSTRALIA: Small firm apprenticeships to double - Australia.</title>
<headline>Small firm apprenticeships to double - Australia.</headline>
<dateline>CANBERRA 1997-04-10</dateline>
<text>
<p>The Australian government said on Thursday it expected to double the number of apprentices and trainees employed by small business through group training schemes by injecting an extra A$22 million into group training by the year 2000.</p>
<p>Training Minister David Kemp said the group training companies -- agencies which take on apprentices and trainees and find a number of firms to share their employment -- had agreed to double numbers to 40,000.</p>
<p>&quot;The new national apprenticeship system will provide thousands of young Australians with quality training that will lead to real jobs,&quot; Kemp said in a statement.</p>
<p>&quot;It will also help provide bussinesses with a competitive edge in overseas markets,&quot; he said.</p>
<p>He said the federal, state and territory governments provide A$17 million a year for group training of apprentices and trainees.</p>
<p>Australia's 127 group training companies hire 20,000 apprentices and trainees, out of a total 160,000 around the country.</p>
<p>-- Canberra Bureau 61-6 273-2730</p>
</text>
<copyright>(c) Reuters Limited 1997</copyright>
<metadata>
<codes class="bip:countries:1.0">
  <code code="AUSTR">
    <editdetail attribution="Reuters BIP Coding Group" action="confirmed" date="1997-04-10"/>
  </code>
</codes>
<codes class="bip:topics:1.0">
  <code code="C42">
    <editdetail attribution="Reuters BIP Coding Group" action="confirmed" date="1997-04-10"/>
  </code>
  <code code="CCAT">
    <editdetail attribution="Reuters BIP Coding Group" action="confirmed" date="1997-04-10"/>
  </code>
  <code code="E41">
    <editdetail attribution="Reuters BIP Coding Group" action="confirmed" date="1997-04-10"/>
  </code>
  <code code="ECAT">
    <editdetail attribution="Reuters BIP Coding Group" action="confirmed" date="1997-04-10"/>
  </code>
  <code code="GCAT">
    <editdetail attribution="Reuters BIP Coding Group" action="confirmed" date="1997-04-10"/>
  </code>
  <code code="GJOB">
    <editdetail attribution="Reuters BIP Coding Group" action="confirmed" date="1997-04-10"/>
  </code>
</codes>
<dc element="dc.date.created" value="1997-04-10"/>
<dc element="dc.publisher" value="Reuters Holdings Plc"/>
<dc element="dc.date.published" value="1997-04-10"/>
<dc element="dc.source" value="Reuters"/>
<dc element="dc.creator.location" value="CANBERRA"/>
<dc element="dc.creator.location.country.name" value="AUSTRALIA"/>
<dc element="dc.source" value="Reuters"/>
</metadata>
</newsitem>
