<?xml version="1.0" encoding="iso-8859-1" ?>
<newsitem itemid="124448" id="root" date="1996-10-17" xml:lang="en">
<title>USA: U.S. mortgage application volume rose in latest wk.</title>
<headline>U.S. mortgage application volume rose in latest wk.</headline>
<dateline>NEW YORK 1996-10-17</dateline>
<text>
<p>The volume of U.S. mortgage applications rose 7.3 percent in the week ended October 11, according to a Mortgage Bankers Association of America weekly survey.</p>
<p>Specifically, the volume of applications to refinance mortgages jumped 19.3 percent in the latest survey week, while applications to purchase mortgages rose 4.1 percent.</p>
<p>The seasonally adjusted refinancing index rose 19.3 percent to 324.8 from 272.3 the previous week, it said.</p>
<p>The purchase index rose 3.7 percent to 189.1 in the latest survey from 182.4 in the previous week, it said.  </p>
<p>Change in Number of Applications Expressed as a Percent</p>
<p>Week ended Oct 11	One Week    Four Weeks	One Year</p>
<p>Mortgage applications     Ago	  Ago		 Ago</p>
<p> Total			  7.3	  9.3	     - 1.2</p>
<p> Purchase		     4.1	  4.3		 9.7</p>
<p> Refinancing		 19.3	 29.5	     -25.2</p>
<p> Fixed-rate mortgages     7.4	 13.0	     - 7.6</p>
<p> Adjustable-rate mort.    7.0	- 1.3		28.8</p>
<p>Composition of Activity for the Week Ended Oct 11</p>
<p>				 Total		  Conventional</p>
<p>				No. of   $ Volume    No. of   $ Volume</p>
<p>				Loans    of Loans    Loans    of Loans</p>
<p>Percent Refinancing	23.5	25.9	 27.0     28.5</p>
<p>Percent Adjustable-rate  23.2	31.0	 23.1     32.2</p>
<p>Percent Balloon	     2.8	 2.6	  3.6	3.1</p>
<p>Federal Housing Adminstration and Veterans Administration</p>
<p>Percent Refinancing	11.5     12.2</p>
<p>Percent Adustable-rate   23.6     25.2</p>
<p>			    Seasonally-Adjusted Indexes</p>
<p>			Week Ending  Previous Pct    4 Weeks  1 Year</p>
<p>Market Composites   Oct 11     Week	Change   Ago	Ago</p>
<p>Market Index	 209.0	 195.6	6.9   190.3    228.3</p>
<p>Purchase Index     189.1	 182.4	3.7   179.9    184.6</p>
<p>Refinancing Index  324.8	 272.3     19.3   250.8    482.7</p>
<p>Fixed-rate Index   168.2	 157.3	6.9   148.1    196.5</p>
<p>Adjustable-rate   1064.5	 998.8	6.6  1073.7    892.5</p>
<p>			    Seasonally-Adjusted Indexes</p>
<p>Conventional	 Week Ending Previous Pct    4 Weeks  1 Year</p>
<p>Market Indexes	Oct 11	Week     Change   Ago	Ago</p>
<p>Conventional Index  257.6	239.7	7.5   232.9    288.4</p>
<p>Purchase Index	236.5	227.1	4.1   223.3    235.6</p>
<p>Refinancing Index   343.3	290.8     18.1   272.1    503.2</p>
<p>Fixed-rate Index    207.7	192.8	7.7   181.1    247.3</p>
<p>Adjustable-rate    1280.9     1202.0	6.6  1295.7   1130.5</p>
<p>			    Seasonally-Adjusted Indexes</p>
<p>Government	   Week Ending Previous Pct    4 Weeks  1 Year</p>
<p>Market Indexes     Oct 11	 Week     Change   Ago	Ago</p>
<p>Government Index    127.9	121.9	4.9   119.2    128.0</p>
<p>Purchase Index	121.1	118.1	2.5   117.7    111.4</p>
<p>Refinancing Index   232.0	179.4     29.3   141.3    380.3</p>
<p>Fixed-rate Index    102.2	 97.9	4.4    93.2    112.1</p>
<p>Adjustable-rate     685.2	641.6	6.8   683.3    474.6</p>
<p>--N.A. Treasury Desk, 212-859-1660</p>
</text>
<copyright>(c) Reuters Limited 1996</copyright>
<metadata>
<codes class="bip:countries:1.0">
  <code code="USA">
    <editdetail attribution="Reuters BIP Coding Group" action="confirmed" date="1996-10-17"/>
  </code>
</codes>
<codes class="bip:industries:1.0">
  <code code="I81501">
    <editdetail attribution="Reuters BIP Coding Group" action="confirmed" date="1996-10-17"/>
  </code>
  <code code="I8150103">
    <editdetail attribution="Reuters BIP Coding Group" action="confirmed" date="1996-10-17"/>
  </code>
</codes>
<codes class="bip:topics:1.0">
  <code code="C31">
    <editdetail attribution="Reuters BIP Coding Group" action="confirmed" date="1996-10-17"/>
  </code>
  <code code="CCAT">
    <editdetail attribution="Reuters BIP Coding Group" action="confirmed" date="1996-10-17"/>
  </code>
</codes>
<dc element="dc.date.created" value="1996-10-17"/>
<dc element="dc.publisher" value="Reuters Holdings Plc"/>
<dc element="dc.date.published" value="1996-10-17"/>
<dc element="dc.source" value="Reuters"/>
<dc element="dc.creator.location" value="NEW YORK"/>
<dc element="dc.creator.location.country.name" value="USA"/>
<dc element="dc.source" value="Reuters"/>
</metadata>
</newsitem>
