<?xml version="1.0" encoding="iso-8859-1" ?>
<newsitem itemid="213015" id="root" date="1996-11-24" xml:lang="en">
<title>CHINA: China calls for tighter control of inward capital.</title>
<headline>China calls for tighter control of inward capital.</headline>
<dateline>SHANGHAI 1996-11-24</dateline>
<text>
<p>Developing countries in Asia must strengthen control over the large inward flows of foreign capital, the governor of China's central bank said.</p>
<p>The increasing inflow of such capital into the countries of East and Southeast Asia is a good thing, the Shanghai Securities News on Sunday quoted Dai Xianglong, governor of the People's Bank of China, as telling a meeting in Beijing of central bank governors and top finance officials from the region.</p>
<p>Central banks must strengthen management over this inflow and adopt a more cautious policy, Dai said.</p>
<p>This management must accord with the economic conditions of each country and its ability to repay debt, he said.</p>
<p>At the same time, countries must eagerly promote financial reform and set up effective risk prevention mechanisms and gradually get rid of budgetary and overall deficits, he said.</p>
<p>Countries must improve policy co-ordination over domestic and foreign currencies and use more effective measures over rising foreign exchange reserves, to prevent a rise in money supply, Dai said but gave no more details.</p>
</text>
<copyright>(c) Reuters Limited 1996</copyright>
<metadata>
<codes class="bip:countries:1.0">
  <code code="CHINA">
    <editdetail attribution="Reuters BIP Coding Group" action="confirmed" date="1996-11-24"/>
  </code>
  <code code="DEVGCO">
    <editdetail attribution="Reuters BIP Coding Group" action="confirmed" date="1996-11-24"/>
  </code>
</codes>
<codes class="bip:topics:1.0">
  <code code="E12">
    <editdetail attribution="Reuters BIP Coding Group" action="confirmed" date="1996-11-24"/>
  </code>
  <code code="E51">
    <editdetail attribution="Reuters BIP Coding Group" action="confirmed" date="1996-11-24"/>
  </code>
  <code code="E511">
    <editdetail attribution="Reuters BIP Coding Group" action="confirmed" date="1996-11-24"/>
  </code>
  <code code="ECAT">
    <editdetail attribution="Reuters BIP Coding Group" action="confirmed" date="1996-11-24"/>
  </code>
</codes>
<dc element="dc.date.created" value="1996-11-24"/>
<dc element="dc.publisher" value="Reuters Holdings Plc"/>
<dc element="dc.date.published" value="1996-11-24"/>
<dc element="dc.source" value="Reuters"/>
<dc element="dc.creator.location" value="SHANGHAI"/>
<dc element="dc.creator.location.country.name" value="CHINA"/>
<dc element="dc.source" value="Reuters"/>
</metadata>
</newsitem>
