<?xml version="1.0" encoding="iso-8859-1" ?>
<newsitem itemid="80126" id="root" date="1996-09-26" xml:lang="en">
<title>INDONESIA: Indonesia extends deadline for Megawati to quit HQ.</title>
<headline>Indonesia extends deadline for Megawati to quit HQ.</headline>
<dateline>JAKARTA 1996-09-26</dateline>
<text>
<p>A deadline for the closure of an office set up by ousted Indonesian minority party leader Megawati Sukarnoputri was extended to Friday morning, an aide said on Thursday.</p>
<p>The East Jakarta municipality had ordered the office in a two-storey suburban area closed by late Thursday on the grounds that it violated residential zoning regulations.</p>
<p>A Megawati supporter and member of parliament, Tarto Sudiro, told Reuters a letter was received from the municipality at 11:30 a.m. (0430 GMT) giving a 24-hour extension to the order.</p>
<p>The office was set up after police on July 27 evicted Megawati's supporters from the headquarters of the Indonesian Democratic Party (PDI) after she had been ousted as party leader by government-backed rebels.</p>
</text>
<copyright>(c) Reuters Limited 1996</copyright>
<metadata>
<codes class="bip:countries:1.0">
  <code code="INDON">
    <editdetail attribution="Reuters BIP Coding Group" action="confirmed" date="1996-09-26"/>
  </code>
</codes>
<codes class="bip:topics:1.0">
  <code code="GCAT">
    <editdetail attribution="Reuters BIP Coding Group" action="confirmed" date="1996-09-26"/>
  </code>
  <code code="GPOL">
    <editdetail attribution="Reuters BIP Coding Group" action="confirmed" date="1996-09-26"/>
  </code>
</codes>
<dc element="dc.date.created" value="1996-09-26"/>
<dc element="dc.publisher" value="Reuters Holdings Plc"/>
<dc element="dc.date.published" value="1996-09-26"/>
<dc element="dc.source" value="Reuters"/>
<dc element="dc.creator.location" value="JAKARTA"/>
<dc element="dc.creator.location.country.name" value="INDONESIA"/>
<dc element="dc.source" value="Reuters"/>
</metadata>
</newsitem>
