<?xml version="1.0" encoding="iso-8859-1" ?>
<newsitem itemid="401445" id="root" date="1997-02-25" xml:lang="en">
<title>USA: Niagara Falls CSD, N.Y., won by Fleet.</title>
<headline>Niagara Falls CSD, N.Y., won by Fleet.</headline>
<dateline>NEW YORK 1997-02-25</dateline>
<text>
<p>Fleet Securities, Inc., said it won $9.500 million of Niagara Falls CSD, N.Y., school district bonds, 1997, with a net interest cost of 4.6546 percent.</p>
</text>
<copyright>(c) Reuters Limited 1997</copyright>
<metadata>
<codes class="bip:countries:1.0">
  <code code="USA">
    <editdetail attribution="Reuters BIP Coding Group" action="confirmed" date="1997-02-25"/>
  </code>
</codes>
<codes class="bip:topics:1.0">
  <code code="E21">
    <editdetail attribution="Reuters BIP Coding Group" action="confirmed" date="1997-02-25"/>
  </code>
  <code code="E212">
    <editdetail attribution="Reuters BIP Coding Group" action="confirmed" date="1997-02-25"/>
  </code>
  <code code="ECAT">
    <editdetail attribution="Reuters BIP Coding Group" action="confirmed" date="1997-02-25"/>
  </code>
</codes>
<dc element="dc.date.created" value="1997-02-25"/>
<dc element="dc.publisher" value="Reuters Holdings Plc"/>
<dc element="dc.date.published" value="1997-02-25"/>
<dc element="dc.source" value="Reuters"/>
<dc element="dc.creator.location" value="NEW YORK"/>
<dc element="dc.creator.location.country.name" value="USA"/>
<dc element="dc.source" value="Reuters"/>
</metadata>
</newsitem>
