<?xml version="1.0" encoding="iso-8859-1" ?>
<newsitem itemid="448035" id="root" date="1997-03-17" xml:lang="en">
<title>USA: PRESS DIGEST - New York Times business - March 17.</title>
<headline>PRESS DIGEST - New York Times business - March 17.</headline>
<dateline>NEW YORK 1997-03-17</dateline>
<text>
<p>The New York Times reported the following business stories on Monday:</p>
<p>* Investment guru Warren Buffet told Berkshire Hathaway shareholders in his annual report he thought most stocks were overvalued, excluding his company's shares. The report also showed he has been buying stock in McDonald's.</p>
<p>* Luby's Cafeterias Chief Executive John Curtis Jr was found dead in a motel room on Thursday, and family and investigators have indicated he was having difficulties coping with job pressures.</p>
<p>* New England is once again experiencing an economic rebirth, based on high-technology ventures and services.</p>
<p>* The success of Data General's two key product lines, a server and a disk storage system, is behind the company's recent rebound.</p>
<p>* BellSouth to spend about $100 million to $150 million in a campaign to keep customers from switching to rival telephone companies.</p>
<p>* The broadcast industry does not see significant high definition programming on the air before 1999, forcing electronics makers to delay releasing the next generation of television sets.</p>
<p>* Programmers are becoming more successful in lobbying to be be carried by major cable operators.</p>
<p>* Scientists associated with Myriad Genetics have uncovered a genetic mutation found in people who have salt-sensitive hypertension.</p>
<p>* Publishers are increasingly aware that women are buying more books than men.</p>
<p>* Computer security professionals are in demand as companies rush to protect computer systems from intruders.</p>
<p>* Internet web site design is changing, including metaphors as well as images.</p>
<p>* Geocities and other providers of on-line tools claim people can set up their own pages on the web in 10 minutes.</p>
<p>* Ireland's St. Patrick goes on-line, with the full-text of his &quot;Confessio&quot; appearing on the World Wide Web.</p>
<p>* Japan's merchandise trade surplus rose 6.5 percent in February, as a weaker yen boosted exports.</p>
<p>* A hot spot to find information about Russia on the Internet is David Johnson's list of news, essays and commentary.</p>
<p>-- New York newsdesk 212-859-1610</p>
</text>
<copyright>(c) Reuters Limited 1997</copyright>
<metadata>
<codes class="bip:countries:1.0">
  <code code="USA">
    <editdetail attribution="Reuters BIP Coding Group" action="confirmed" date="1997-03-17"/>
  </code>
</codes>
<codes class="bip:topics:1.0">
  <code code="GCAT">
    <editdetail attribution="Reuters BIP Coding Group" action="confirmed" date="1997-03-17"/>
  </code>
</codes>
<dc element="dc.date.created" value="1997-03-17"/>
<dc element="dc.publisher" value="Reuters Holdings Plc"/>
<dc element="dc.date.published" value="1997-03-17"/>
<dc element="dc.source" value="Reuters"/>
<dc element="dc.creator.location" value="NEW YORK"/>
<dc element="dc.creator.location.country.name" value="USA"/>
<dc element="dc.source" value="Reuters"/>
</metadata>
</newsitem>
