<?xml version="1.0" encoding="iso-8859-1" ?>
<newsitem itemid="464217" id="root" date="1997-03-24" xml:lang="en">
<title>USA: RESEARCH ALERT - First Aviation started.</title>
<headline>RESEARCH ALERT - First Aviation started.</headline>
<text>
<p>-- Dillon Read &amp; Co Inc said on Monday analyst John Pincavage had started coverage of First Aviation Services Inc with a rating of buy.</p>
<p>-- &quot;First Aviation Services is well positioned in gas turbine overhaul and repair, servicing some of the world's most widely used gas turbines with its National Airmotive subsidiary,&quot; Pincavage wrote in an analysis.</p>
<p>-- &quot;The long-term target revenue and earnings growth rate for FAVS is 20 percent per year, half coming from existing businesses and half from acquisitions. Our 12-18 month target price of $16 is based on our January fiscal 1998 earnings estimate of $0.90 per share and a P/E multiple of 17, making the stock appear to be undervalued at the current price.&quot;</p>
<p>-- Shares in the company closed on Friday at 9-7/16.</p>
<p>((-- Wall Street desk (212) 859-1730))</p>
</text>
<copyright>(c) Reuters Limited 1997</copyright>
<metadata>
<codes class="bip:countries:1.0">
  <code code="USA">
    <editdetail attribution="Reuters BIP Coding Group" action="confirmed" date="1997-03-24"/>
  </code>
</codes>
<codes class="bip:industries:1.0">
  <code code="I76400">
    <editdetail attribution="Reuters BIP Coding Group" action="confirmed" date="1997-03-24"/>
  </code>
</codes>
<codes class="bip:topics:1.0">
  <code code="C15">
    <editdetail attribution="Reuters BIP Coding Group" action="confirmed" date="1997-03-24"/>
  </code>
  <code code="C152">
    <editdetail attribution="Reuters BIP Coding Group" action="confirmed" date="1997-03-24"/>
  </code>
  <code code="CCAT">
    <editdetail attribution="Reuters BIP Coding Group" action="confirmed" date="1997-03-24"/>
  </code>
</codes>
<dc element="dc.publisher" value="Reuters Holdings Plc"/>
<dc element="dc.date.published" value="1997-03-24"/>
<dc element="dc.source" value="Reuters"/>
<dc element="dc.creator.location.country.name" value="USA"/>
<dc element="dc.source" value="Reuters"/>
</metadata>
</newsitem>
