<?xml version="1.0" encoding="iso-8859-1" ?>
<newsitem itemid="610912" id="root" date="1997-05-23" xml:lang="en">
<title>JAPAN: Tokatsu Foods -97/98 group forecast.</title>
<headline>Tokatsu Foods -97/98 group forecast.</headline>
<dateline>TOKYO 1997-05-23</dateline>
<text>
<p>Year to March 31, 1998</p>
<p>		   (in billions of yen unless specified)</p>
<p>			   LATEST	    ACTUAL</p>
<p> (Group)		FORECAST	  YEAR-AGO</p>
<p> Sales		 56.30		52.24</p>
<p> Current	  prft 856 million  loss 403    million</p>
<p> Net		prft 217 million  loss 906    million</p>
<p> EPS	    prft 12.98 yen   loss 54.19 yen</p>
<p>NOTE - Tokatsu Foods Co Ltd is a manufacturer and distributor of bread, prepared meals, sushi and other foods.</p>
</text>
<copyright>(c) Reuters Limited 1997</copyright>
<metadata>
<codes class="bip:countries:1.0">
  <code code="JAP">
    <editdetail attribution="Reuters BIP Coding Group" action="confirmed" date="1997-05-23"/>
  </code>
</codes>
<codes class="bip:industries:1.0">
  <code code="I42390">
    <editdetail attribution="Reuters BIP Coding Group" action="confirmed" date="1997-05-23"/>
  </code>
</codes>
<codes class="bip:topics:1.0">
  <code code="C15">
    <editdetail attribution="Reuters BIP Coding Group" action="confirmed" date="1997-05-23"/>
  </code>
  <code code="C152">
    <editdetail attribution="Reuters BIP Coding Group" action="confirmed" date="1997-05-23"/>
  </code>
  <code code="CCAT">
    <editdetail attribution="Reuters BIP Coding Group" action="confirmed" date="1997-05-23"/>
  </code>
</codes>
<dc element="dc.date.created" value="1997-05-23"/>
<dc element="dc.publisher" value="Reuters Holdings Plc"/>
<dc element="dc.date.published" value="1997-05-23"/>
<dc element="dc.source" value="Reuters"/>
<dc element="dc.creator.location" value="TOKYO"/>
<dc element="dc.creator.location.country.name" value="JAPAN"/>
<dc element="dc.source" value="Reuters"/>
</metadata>
</newsitem>
