<?xml version="1.0" encoding="iso-8859-1" ?>
<newsitem itemid="46273" id="root" date="1996-09-11" xml:lang="en">
<title>HONG KONG: HK property firm seen in HK$260 mln IPO - sources.</title>
<headline>HK property firm seen in HK$260 mln IPO - sources.</headline>
<dateline>HONG KONG 1996-09-11</dateline>
<text>
<p>Hong Kong-based property group Wah Tak Fung Holdings Ltd was expected to raise HK$260 million in an initial public offering of shares later in September, industry sources said on Wednesday.</p>
<p>The company was expected to issue 138 million new shares at HK$1.88 per share, representing a fully diluted price to earnings ratio of 12, the sources said.</p>
<p>The issue price represents a 32 percent discount to its net asset value of HK$2.76 per share, they said.</p>
<p>&quot;Proceeds will be used to fund its property development projects,&quot; said an analyst who attended the company's flotation presentation.</p>
<p>Wah Tak Fung's property portfolio covers a total gross floor area of 44,717 square metres, valued at HK$2.565 billion, the industry sources added.</p>
<p>This is made up of office and residential property in the proportion of 84 and 16 percent respectively, they said.</p>
<p>Crosby Capital is the sponsor of the issue.</p>
<p>Public offering is expected to begin later in September and listing of shares is expected to begin in early October.</p>
<p>The company posted a turnover of HK$243.9 million for the year ended March 31, 1996, up from HK$161.15 million in 1995 and HK$211.9 million in 1994. Profit for 1995 was at HK$62.3 million, HK$57.1 million for 1995 and HK$56.1 million for 1994.</p>
<p>The company forecast its profit after tax to be not less than HK$80 million for the year ending in 1997, the sources said.</p>
<p>-- Hong Kong Newsroom (852) 2843 6370</p>
</text>
<copyright>(c) Reuters Limited 1996</copyright>
<metadata>
<codes class="bip:countries:1.0">
  <code code="HKONG">
    <editdetail attribution="Reuters BIP Coding Group" action="confirmed" date="1996-09-11"/>
  </code>
</codes>
<codes class="bip:industries:1.0">
  <code code="I85000">
    <editdetail attribution="Reuters BIP Coding Group" action="confirmed" date="1996-09-11"/>
  </code>
</codes>
<codes class="bip:topics:1.0">
  <code code="C14">
    <editdetail attribution="Reuters BIP Coding Group" action="confirmed" date="1996-09-11"/>
  </code>
  <code code="C17">
    <editdetail attribution="Reuters BIP Coding Group" action="confirmed" date="1996-09-11"/>
  </code>
  <code code="C171">
    <editdetail attribution="Reuters BIP Coding Group" action="confirmed" date="1996-09-11"/>
  </code>
  <code code="CCAT">
    <editdetail attribution="Reuters BIP Coding Group" action="confirmed" date="1996-09-11"/>
  </code>
</codes>
<dc element="dc.date.created" value="1996-09-11"/>
<dc element="dc.publisher" value="Reuters Holdings Plc"/>
<dc element="dc.date.published" value="1996-09-11"/>
<dc element="dc.source" value="Reuters"/>
<dc element="dc.creator.location" value="HONG KONG"/>
<dc element="dc.creator.location.country.name" value="HONG KONG"/>
<dc element="dc.source" value="Reuters"/>
</metadata>
</newsitem>
