<?xml version="1.0" encoding="iso-8859-1" ?>
<newsitem itemid="516435" id="root" date="1997-04-17" xml:lang="en">
<title>USA: Frederick says completes private placements.</title>
<headline>Frederick says completes private placements.</headline>
<dateline>FREDERICK, Md. 1997-04-16</dateline>
<text>
<p>Frederick Brewing Co said Wednesday it had completed two private placements raising net proceeds of about $3.3 million.</p>
<p>On March 31, the company completed an offering of 1,848 shares of Series A cumulative convertible preferred stock for $500 a share. The stock is convertible into common stock at an average conversion price of $3.71955 per share, the company said.</p>
<p>The FBC also closed the sale of 2,525 shares of Series B convertible preferred stock to non-U.S. purchasers and 1,225 shares to U.S. purchasers on April 8.</p>
<p>The Series B convertible preferred stock is convertible into common stock at the lower $3.50 per share or 70 percent of the closing bid price of the common stock averaged over the five days prior to conversion.</p>
<p>The company said that with the completion of these offerings, alleged defaults described in the Forbearance Agreements were deemed to have been cured.</p>
<p>&quot;We believe the cash flow problems we encountered as a result of the delayed completion of our new brewery and unanticipated cost overruns, are now behind us,&quot; said Kevin Brannon, CEO.</p>
<p>Frederick Brewing Co participates in the growing &quot;craft&quot; beer segment of the domestic beer market, producing 11 styles of beers.</p>
</text>
<copyright>(c) Reuters Limited 1997</copyright>
<metadata>
<codes class="bip:countries:1.0">
  <code code="USA">
    <editdetail attribution="Reuters BIP Coding Group" action="confirmed" date="1997-04-17"/>
  </code>
</codes>
<codes class="bip:topics:1.0">
  <code code="C17">
    <editdetail attribution="Reuters BIP Coding Group" action="confirmed" date="1997-04-17"/>
  </code>
  <code code="C171">
    <editdetail attribution="Reuters BIP Coding Group" action="confirmed" date="1997-04-17"/>
  </code>
  <code code="CCAT">
    <editdetail attribution="Reuters BIP Coding Group" action="confirmed" date="1997-04-17"/>
  </code>
</codes>
<dc element="dc.date.created" value="1997-04-16"/>
<dc element="dc.publisher" value="Reuters Holdings Plc"/>
<dc element="dc.date.published" value="1997-04-17"/>
<dc element="dc.source" value="Reuters"/>
<dc element="dc.creator.location" value="FREDERICK, Md."/>
<dc element="dc.creator.location.country.name" value="USA"/>
<dc element="dc.source" value="Reuters"/>
</metadata>
</newsitem>
