<?xml version="1.0" encoding="iso-8859-1" ?>
<newsitem itemid="246389" id="root" date="1996-12-10" xml:lang="en">
<title>USA: Copper Journal Market Price 110 cents - Dec 10.</title>
<headline>Copper Journal Market Price 110 cents - Dec 10.</headline>
<text>
<p>In cents per lb.</p>
<p>    TODAY		     PREV</p>
<p>  110.00		     109.00</p>
<p>Note: The Copper Journal Market Price is based on the spot closing price on COMEX and incorporates a value for physical cathode and an interest rate and hedging factor, rounded to the nearest cent.</p>
<p>--New York Commodities Desk 212-859-1640</p>
</text>
<copyright>(c) Reuters Limited 1996</copyright>
<metadata>
<codes class="bip:countries:1.0">
  <code code="USA">
    <editdetail attribution="Reuters BIP Coding Group" action="confirmed" date="1996-12-10"/>
  </code>
</codes>
<codes class="bip:topics:1.0">
  <code code="M14">
    <editdetail attribution="Reuters BIP Coding Group" action="confirmed" date="1996-12-10"/>
  </code>
  <code code="M142">
    <editdetail attribution="Reuters BIP Coding Group" action="confirmed" date="1996-12-10"/>
  </code>
  <code code="MCAT">
    <editdetail attribution="Reuters BIP Coding Group" action="confirmed" date="1996-12-10"/>
  </code>
</codes>
<dc element="dc.publisher" value="Reuters Holdings Plc"/>
<dc element="dc.date.published" value="1996-12-10"/>
<dc element="dc.source" value="Reuters"/>
<dc element="dc.creator.location.country.name" value="USA"/>
<dc element="dc.source" value="Reuters"/>
</metadata>
</newsitem>
