<?xml version="1.0" encoding="iso-8859-1" ?>
<newsitem itemid="141205" id="root" date="1996-10-24" xml:lang="en">
<title>USA: Primark to buy U.K. information service.</title>
<headline>Primark to buy U.K. information service.</headline>
<dateline>WALTHAM, Mass. 1996-10-24</dateline>
<text>
<p>Primark Corp said Thursday it has acquired ICV Ltd, a provider of real-time quote information and news within the United Kingdom, for stock, cash and notes.</p>
<p>Under the deal, Primark has offered 2.2 million shares of its common stock -- which was trading Thursday morning at 27-5/8 a share -- plus about $37.3 million in cash and $8.3 million in notes.</p>
</text>
<copyright>(c) Reuters Limited 1996</copyright>
<metadata>
<codes class="bip:countries:1.0">
  <code code="UK">
    <editdetail attribution="Reuters BIP Coding Group" action="confirmed" date="1996-10-24"/>
  </code>
  <code code="USA">
    <editdetail attribution="Reuters BIP Coding Group" action="confirmed" date="1996-10-24"/>
  </code>
</codes>
<codes class="bip:industries:1.0">
  <code code="I83940">
    <editdetail attribution="Reuters BIP Coding Group" action="confirmed" date="1996-10-24"/>
  </code>
</codes>
<codes class="bip:topics:1.0">
  <code code="C18">
    <editdetail attribution="Reuters BIP Coding Group" action="confirmed" date="1996-10-24"/>
  </code>
  <code code="C181">
    <editdetail attribution="Reuters BIP Coding Group" action="confirmed" date="1996-10-24"/>
  </code>
  <code code="CCAT">
    <editdetail attribution="Reuters BIP Coding Group" action="confirmed" date="1996-10-24"/>
  </code>
</codes>
<dc element="dc.date.created" value="1996-10-24"/>
<dc element="dc.publisher" value="Reuters Holdings Plc"/>
<dc element="dc.date.published" value="1996-10-24"/>
<dc element="dc.source" value="Reuters"/>
<dc element="dc.creator.location" value="WALTHAM, Mass."/>
<dc element="dc.creator.location.country.name" value="USA"/>
<dc element="dc.source" value="Reuters"/>
</metadata>
</newsitem>
