<?xml version="1.0" encoding="iso-8859-1" ?>
<newsitem itemid="583634" id="root" date="1997-05-14" xml:lang="en">
<title>UK: OPEC basket price eased to $18.93 on Tuesday.</title>
<headline>OPEC basket price eased to $18.93 on Tuesday.</headline>
<dateline>LONDON 1997-05-14</dateline>
<text>
<p>The price of OPEC's basket of seven crudes eased to $18.93 a barrel on Tuesday from $19.00 a barrel on Monday, according to the OPEC Secretariat's calculations, the OPEC news agency said on Wednesday.</p>
<p>The basket comprises Algeria's Saharan Blend, Indonesia's Minas, Nigeria's Bonny Light, Saudi Arabia's Arabian Light, Dubai of the UAE, Venezuela's Tia Juana and Mexico's Isthmus.</p>
<p>-- London Newsroom +44 171 542 7630</p>
</text>
<copyright>(c) Reuters Limited 1997</copyright>
<metadata>
<codes class="bip:countries:1.0">
  <code code="OPEC">
    <editdetail attribution="Reuters BIP Coding Group" action="confirmed" date="1997-05-14"/>
  </code>
  <code code="UK">
    <editdetail attribution="Reuters BIP Coding Group" action="confirmed" date="1997-05-14"/>
  </code>
</codes>
<codes class="bip:topics:1.0">
  <code code="M14">
    <editdetail attribution="Reuters BIP Coding Group" action="confirmed" date="1997-05-14"/>
  </code>
  <code code="M143">
    <editdetail attribution="Reuters BIP Coding Group" action="confirmed" date="1997-05-14"/>
  </code>
  <code code="MCAT">
    <editdetail attribution="Reuters BIP Coding Group" action="confirmed" date="1997-05-14"/>
  </code>
</codes>
<dc element="dc.date.created" value="1997-05-14"/>
<dc element="dc.publisher" value="Reuters Holdings Plc"/>
<dc element="dc.date.published" value="1997-05-14"/>
<dc element="dc.source" value="Reuters"/>
<dc element="dc.creator.location" value="LONDON"/>
<dc element="dc.creator.location.country.name" value="UK"/>
<dc element="dc.source" value="Reuters"/>
</metadata>
</newsitem>
