<?xml version="1.0" encoding="iso-8859-1" ?>
<newsitem itemid="332429" id="root" date="1997-01-24" xml:lang="en">
<title>HONG KONG: Indonesia mandates banks for standby facility.</title>
<headline>Indonesia mandates banks for standby facility.</headline>
<dateline>HONG KONG 1997-01-24</dateline>
<text>
<p>The Republic of Indonesia, acting by and through Bank Indonesia, has mandated seven international banks to arrange a US$500 million syndicated standby facility, J.P. Morgan said on Friday.  </p>
<p>The seven mandated banks are Commerzbank (South East Asia) (documentation), Fuji Bank, IBJ Asia (agent), J.P. Morgan Securities Asia (overall coordinator, including publicity), NatWest Markets, Sanwa International Finance and Tokyo-Mitsubishi International (HK) (Japanese books).</p>
<p>The facility has a tenor of eight years and will be fully revolving.</p>
<p>The interest rate will be calculated at an annual rate equal to the London Interbank Offered Rate plus a margin of five-eighths of one percent.</p>
<p>General syndication will start in approximately three weeks and signing is expected in mid-March.</p>
<p>Proceeds will be used to provide general purpose funds for the Republic of Indonesia.</p>
<p>-- Hong Kong Newsroom (852) 2843 6371</p>
</text>
<copyright>(c) Reuters Limited 1997</copyright>
<metadata>
<codes class="bip:countries:1.0">
  <code code="HKONG">
    <editdetail attribution="Reuters BIP Coding Group" action="confirmed" date="1997-01-24"/>
  </code>
  <code code="INDON">
    <editdetail attribution="Reuters BIP Coding Group" action="confirmed" date="1997-01-24"/>
  </code>
</codes>
<codes class="bip:topics:1.0">
  <code code="E21">
    <editdetail attribution="Reuters BIP Coding Group" action="confirmed" date="1997-01-24"/>
  </code>
  <code code="E212">
    <editdetail attribution="Reuters BIP Coding Group" action="confirmed" date="1997-01-24"/>
  </code>
  <code code="ECAT">
    <editdetail attribution="Reuters BIP Coding Group" action="confirmed" date="1997-01-24"/>
  </code>
</codes>
<dc element="dc.date.created" value="1997-01-24"/>
<dc element="dc.publisher" value="Reuters Holdings Plc"/>
<dc element="dc.date.published" value="1997-01-24"/>
<dc element="dc.source" value="Reuters"/>
<dc element="dc.creator.location" value="HONG KONG"/>
<dc element="dc.creator.location.country.name" value="HONG KONG"/>
<dc element="dc.source" value="Reuters"/>
</metadata>
</newsitem>
