<?xml version="1.0" encoding="iso-8859-1" ?>
<newsitem itemid="548086" id="root" date="1997-04-29" xml:lang="en">
<title>UK: Eskom sets first rand Eurobond for SAfrican issuer.</title>
<headline>Eskom sets first rand Eurobond for SAfrican issuer.</headline>
<dateline>LONDON 1997-04-29</dateline>
<text>
<p>State-owned electricity utility Eskom Ltd launched the first rand-denominated Eurobond from a South African borrower on Tuesday.</p>
<p>&quot;This issue marks the first South African parastatal borrower to issue in the euro rand market since its opening in September 1995,&quot; underwriter Hambros Bank said in a statement.</p>
<p>&quot;The bond differs from existing domestic Eskom bonds held offshore in that this issue will be available in bearer form, with physical delivery, and can be cleared through Euroclear and Cedel,&quot; Hambros said.</p>
<p>The 150 million rand five-year bond pays an annual 15.0 percent coupon.</p>
<p>The bond has an annual yield of 15.34 percent, which is equivalent to the South African government bond curve, Hambros said.</p>
<p>Eskom cancelled plans in February to launch a mark-denominated five-year Eurobond due to the inability to obtain forward foreign exchange cover.</p>
<p>Hambros said Eskom actively markets its existing debt outside South Africa, with 40 to 50 percent of its debt held offshore. It has issued bonds in dollars, marks, Swiss francs and yen.</p>
<p>Eskom generates over 97 percent of South Africa's electricity and more than half the total capacity consumed in Africa combining generation, transmission, supply and distribution.</p>
<p>In terms of nominal generation capacity, Eskom is the world's fourth largest utility.</p>
<p>Eskom debt, denominated in rand, carries a Baa1 rating from Moody's Investors Service and a BBB+ rating from Standard and Poor's.</p>
<p>In January, the first South African-based subsidiary entered the Eurorand market with a 100 million rand four-year Eurobond.</p>
<p>German chemicals and drugs group subsidiary Bayer Pty Ltd -- which is wholly-owned and has a support agreement from its parent Bayer AG -- launched the deal via lead manager Deutsche Morgan Grenfell in London.</p>
<p>The paper pays a 15.375 percent coupon.</p>
<p>-- Hayley Pienaar, London Newsroom +44 171 542 7718</p>
</text>
<copyright>(c) Reuters Limited 1997</copyright>
<metadata>
<codes class="bip:countries:1.0">
  <code code="SAFR">
    <editdetail attribution="Reuters BIP Coding Group" action="confirmed" date="1997-04-29"/>
  </code>
  <code code="UK">
    <editdetail attribution="Reuters BIP Coding Group" action="confirmed" date="1997-04-29"/>
  </code>
</codes>
<codes class="bip:industries:1.0">
  <code code="I16100">
    <editdetail attribution="Reuters BIP Coding Group" action="confirmed" date="1997-04-29"/>
  </code>
</codes>
<codes class="bip:topics:1.0">
  <code code="C17">
    <editdetail attribution="Reuters BIP Coding Group" action="confirmed" date="1997-04-29"/>
  </code>
  <code code="C172">
    <editdetail attribution="Reuters BIP Coding Group" action="confirmed" date="1997-04-29"/>
  </code>
  <code code="CCAT">
    <editdetail attribution="Reuters BIP Coding Group" action="confirmed" date="1997-04-29"/>
  </code>
</codes>
<dc element="dc.date.created" value="1997-04-29"/>
<dc element="dc.publisher" value="Reuters Holdings Plc"/>
<dc element="dc.date.published" value="1997-04-29"/>
<dc element="dc.source" value="Reuters"/>
<dc element="dc.creator.location" value="LONDON"/>
<dc element="dc.creator.location.country.name" value="UK"/>
<dc element="dc.source" value="Reuters"/>
</metadata>
</newsitem>
