<?xml version="1.0" encoding="iso-8859-1" ?>
<newsitem itemid="207623" id="root" date="1996-11-21" xml:lang="en">
<title>UK: Morgan Stanley sets warrants on UK drinks basket.</title>
<headline>Morgan Stanley sets warrants on UK drinks basket.</headline>
<dateline>LONDON 1996-11-21</dateline>
<text>
<p>Morgan Stanley (Jersey) Ltd has issued 20 million American-style call warrants, in two equal tranches, on a UK drinks and leisure basket comprising Guinness Plc, Grand Metropolitan Plc and Whitbread Plc, lead manager Morgan Stanley &amp; Co International Ltd said.</p>
<p> WARRANTS    STRIKE	  ISS PRICE	PREMIUM	GEARING</p>
<p> CALL A	1000.00 STG   10.60 STG	10.60 PCT     9.43 X</p>
<p> CALL B	1050.00 STG    8.40 STG	13.40 PCT    11.90 X</p>
<p> MATURITY DATE   20.MAY.98		 PAYDATE	20.DEC.96</p>
<p> LISTING	   LUX			 MIN EXER LOT 1000</p>
<p>-- Reuter London Newsroom +44 171 542 7658</p>
</text>
<copyright>(c) Reuters Limited 1996</copyright>
<metadata>
<codes class="bip:countries:1.0">
  <code code="UK">
    <editdetail attribution="Reuters BIP Coding Group" action="confirmed" date="1996-11-21"/>
  </code>
  <code code="USA">
    <editdetail attribution="Reuters BIP Coding Group" action="confirmed" date="1996-11-21"/>
  </code>
</codes>
<codes class="bip:industries:1.0">
  <code code="I42400">
    <editdetail attribution="Reuters BIP Coding Group" action="confirmed" date="1996-11-21"/>
  </code>
  <code code="I42700">
    <editdetail attribution="Reuters BIP Coding Group" action="confirmed" date="1996-11-21"/>
  </code>
  <code code="I81402">
    <editdetail attribution="Reuters BIP Coding Group" action="confirmed" date="1996-11-21"/>
  </code>
</codes>
<codes class="bip:topics:1.0">
  <code code="C21">
    <editdetail attribution="Reuters BIP Coding Group" action="confirmed" date="1996-11-21"/>
  </code>
  <code code="CCAT">
    <editdetail attribution="Reuters BIP Coding Group" action="confirmed" date="1996-11-21"/>
  </code>
</codes>
<dc element="dc.date.created" value="1996-11-21"/>
<dc element="dc.publisher" value="Reuters Holdings Plc"/>
<dc element="dc.date.published" value="1996-11-21"/>
<dc element="dc.source" value="Reuters"/>
<dc element="dc.creator.location" value="LONDON"/>
<dc element="dc.creator.location.country.name" value="UK"/>
<dc element="dc.source" value="Reuters"/>
</metadata>
</newsitem>
