<?xml version="1.0" encoding="iso-8859-1" ?>
<newsitem itemid="364073" id="root" date="1997-02-07" xml:lang="en">
<title>UK: LONDON CURRENCY AND GOLD BULLION RATES.</title>
<headline>LONDON CURRENCY AND GOLD BULLION RATES.</headline>
<text>
<p>LONDON, Reuter - Following are the buying and selling rates for leading world currencies and gold against the dollar on the London foreign exchange and bullion markets today.</p>
<p>(Tourist rates will differ from those quoted)</p>
<p>US$1.00 COSTS    1.3478/83  Canadian Dollars</p>
<p>		     1.6722/29  German Marks</p>
<p>		     1.8782/87  Dutch Guilders</p>
<p>		     1.4445/55  Swiss Francs</p>
<p>		     34.51/52   Belgian Francs</p>
<p>		     5.6420/30  French Francs</p>
<p>		     1634.8/5.8 Italian Lire</p>
<p>		     124.40/50  Japanese Yen</p>
<p>		     7.4418/91  Swedish Crowns</p>
<p>		     6.5620/24  Norwegian Crowns</p>
<p>		     6.3775/05  Danish Crowns</p>
<p>		     1.4135/45  Singapore Dollars</p>
<p>		     0.7600/05  Australian Dollars</p>
<p>		     7.7480/90  Hong Kong Dollars</p>
<p>One Sterling     US$1.6272/77</p>
<p>Gold (ounce)     US$339.85/340.35</p>
</text>
<copyright>(c) Reuters Limited 1997</copyright>
<metadata>
<codes class="bip:countries:1.0">
  <code code="UK">
    <editdetail attribution="Reuters BIP Coding Group" action="confirmed" date="1997-02-07"/>
  </code>
</codes>
<codes class="bip:topics:1.0">
  <code code="M13">
    <editdetail attribution="Reuters BIP Coding Group" action="confirmed" date="1997-02-07"/>
  </code>
  <code code="M132">
    <editdetail attribution="Reuters BIP Coding Group" action="confirmed" date="1997-02-07"/>
  </code>
  <code code="M14">
    <editdetail attribution="Reuters BIP Coding Group" action="confirmed" date="1997-02-07"/>
  </code>
  <code code="M142">
    <editdetail attribution="Reuters BIP Coding Group" action="confirmed" date="1997-02-07"/>
  </code>
  <code code="MCAT">
    <editdetail attribution="Reuters BIP Coding Group" action="confirmed" date="1997-02-07"/>
  </code>
</codes>
<dc element="dc.publisher" value="Reuters Holdings Plc"/>
<dc element="dc.date.published" value="1997-02-07"/>
<dc element="dc.source" value="Reuters"/>
<dc element="dc.creator.location.country.name" value="UK"/>
<dc element="dc.source" value="Reuters"/>
</metadata>
</newsitem>
