<?xml version="1.0" encoding="iso-8859-1" ?>
<newsitem itemid="618666" id="root" date="1997-05-27" xml:lang="en">
<title>JAPAN: Bank of Okinawa - 96/97 parent results.</title>
<headline>Bank of Okinawa - 96/97 parent results.</headline>
<dateline>TOKYO 1997-05-27</dateline>
<text>
<p>Year to March 31, 1997</p>
<p> (Parent)	(in billions of yen unless specified)</p>
<p> Revenues	    52.47		vs	   62.27</p>
<p> Operating	    4.40		vs	    9.00</p>
<p> Current		4.94		vs	    3.56</p>
<p> Net		    2.48		vs	    1.23</p>
<p> EPS		  225.10 yen	  vs	  111.91 yen</p>
<p> Diluted EPS	     -		vs		 -</p>
<p> Shares	     11 million	  vs	  11 million</p>
<p> Ord div	     50.00 yen	  vs	   50.00 yen</p>
<p>NOTE - Bank of Okinawa Ltd is a regional bank established in 1956.</p>
</text>
<copyright>(c) Reuters Limited 1997</copyright>
<metadata>
<codes class="bip:countries:1.0">
  <code code="JAP">
    <editdetail attribution="Reuters BIP Coding Group" action="confirmed" date="1997-05-27"/>
  </code>
</codes>
<codes class="bip:industries:1.0">
  <code code="I81402">
    <editdetail attribution="Reuters BIP Coding Group" action="confirmed" date="1997-05-27"/>
  </code>
</codes>
<codes class="bip:topics:1.0">
  <code code="C15">
    <editdetail attribution="Reuters BIP Coding Group" action="confirmed" date="1997-05-27"/>
  </code>
  <code code="C151">
    <editdetail attribution="Reuters BIP Coding Group" action="confirmed" date="1997-05-27"/>
  </code>
  <code code="C1511">
    <editdetail attribution="Reuters BIP Coding Group" action="confirmed" date="1997-05-27"/>
  </code>
  <code code="CCAT">
    <editdetail attribution="Reuters BIP Coding Group" action="confirmed" date="1997-05-27"/>
  </code>
</codes>
<dc element="dc.date.created" value="1997-05-27"/>
<dc element="dc.publisher" value="Reuters Holdings Plc"/>
<dc element="dc.date.published" value="1997-05-27"/>
<dc element="dc.source" value="Reuters"/>
<dc element="dc.creator.location" value="TOKYO"/>
<dc element="dc.creator.location.country.name" value="JAPAN"/>
<dc element="dc.source" value="Reuters"/>
</metadata>
</newsitem>
