<?xml version="1.0" encoding="iso-8859-1" ?>
<newsitem itemid="270915" id="root" date="1996-12-20" xml:lang="en">
<title>NORWAY: Norway central bank presents bond auction calendar.</title>
<headline>Norway central bank presents bond auction calendar.</headline>
<dateline>OSLO 1996-12-20</dateline>
<text>
<p>The Norwegian central bank on Friday presented an auction calendar for government bonds for the first half of 1997.</p>
<p>It listed three announcements -- on January 20, March 10 and May 20.</p>
<p>The Finance ministry last month said it would need to raise new long-term domestic loans and new international loans of 50 billion crowns and 10 billion crowns respectively to cover state financing needs for the whole of next year.</p>
<p>The central bank auction calendar as follows:</p>
<p>January 20: Announcement</p>
<p>January 27: Auction</p>
<p>January 30: Settlement</p>
<p>March 10: Announcement</p>
<p>March 17: Auction</p>
<p>March 20: Settlement</p>
<p>May 20: Announcement</p>
<p>May 26: Auction</p>
<p>May 29: Settlement</p>
<p>--Oslo newsroom +47 22 42 50 41</p>
</text>
<copyright>(c) Reuters Limited 1996</copyright>
<metadata>
<codes class="bip:countries:1.0">
  <code code="NORW">
    <editdetail attribution="Reuters BIP Coding Group" action="confirmed" date="1996-12-20"/>
  </code>
</codes>
<codes class="bip:topics:1.0">
  <code code="E21">
    <editdetail attribution="Reuters BIP Coding Group" action="confirmed" date="1996-12-20"/>
  </code>
  <code code="E212">
    <editdetail attribution="Reuters BIP Coding Group" action="confirmed" date="1996-12-20"/>
  </code>
  <code code="ECAT">
    <editdetail attribution="Reuters BIP Coding Group" action="confirmed" date="1996-12-20"/>
  </code>
  <code code="M12">
    <editdetail attribution="Reuters BIP Coding Group" action="confirmed" date="1996-12-20"/>
  </code>
  <code code="MCAT">
    <editdetail attribution="Reuters BIP Coding Group" action="confirmed" date="1996-12-20"/>
  </code>
</codes>
<dc element="dc.date.created" value="1996-12-20"/>
<dc element="dc.publisher" value="Reuters Holdings Plc"/>
<dc element="dc.date.published" value="1996-12-20"/>
<dc element="dc.source" value="Reuters"/>
<dc element="dc.creator.location" value="OSLO"/>
<dc element="dc.creator.location.country.name" value="NORWAY"/>
<dc element="dc.source" value="Reuters"/>
</metadata>
</newsitem>
