<?xml version="1.0" encoding="iso-8859-1" ?>
<newsitem itemid="748386" id="root" date="1997-07-23" xml:lang="en">
<title>USA: TABLE - JLK Direct Distribution Q4 net rises.</title>
<headline>TABLE - JLK Direct Distribution Q4 net rises.</headline>
<dateline>LATROBE, Pa. 1997-07-23</dateline>
<text>
<p>Consolidated Statements of Income</p>
<p>				Quarter Ended	   Year Ended</p>
<p>				   June 30,		June 30,</p>
<p>			    1997	 1996	  1997	 1996</p>
<p> Net sales	   $90,994     $67,980    $316,189   $243,969</p>
<p> Cost of good sold  60,681	46,309     213,020    166,326</p>
<p>   Gross profit     30,313	21,671     103,169     77,643</p>
<p>Operating expenses</p>
<p>			  20,551	14,531	70,976     52,761</p>
<p>   Operating income  9,762	 7,140	32,193     24,882</p>
<p> Interest expense	368	   ---	   368	  ---</p>
<p>Income before income taxes</p>
<p>			   9,394	 7,140	31,825     24,882</p>
<p>Provision for income taxes</p>
<p>			   3,706	 2,813	12,518	9,819</p>
<p>   Net income	  5,688	 4,327	19,307     15,063</p>
<p>Pro forma net income</p>
<p>  per share(A)	  0.27	  0.21	  0.92	 0.72</p>
<p>Pro forma weighted</p>
<p>average shares</p>
<p>outstanding(A)</p>
<p>		    20,931,650  20,897,000  20,931,650 20,897,000</p>
<p>(A) The pro forma results reflect the issuance of 20,897,000 shares of Class B Common Stock for the periods presented and the issuance of 34,650 shares of Class A Common Stock to fund the excess of $20 million in dividends paid over net income during fiscal 1997.</p>
<p>Additionally, on July 2, 1997, the company consummated its initial public offering of 4,897,000 shares of Class A Common Stock at a price of $20 per share and at that date had 25,154,000 shares of common stock outstanding.</p>
<p>(( -- New York Newsdesk 212 859-1610 ))</p>
</text>
<copyright>(c) Reuters Limited 1997</copyright>
<metadata>
<codes class="bip:countries:1.0">
  <code code="USA">
    <editdetail attribution="Reuters BIP Coding Group" action="confirmed" date="1997-07-23"/>
  </code>
</codes>
<codes class="bip:topics:1.0">
  <code code="C15">
    <editdetail attribution="Reuters BIP Coding Group" action="confirmed" date="1997-07-23"/>
  </code>
  <code code="C151">
    <editdetail attribution="Reuters BIP Coding Group" action="confirmed" date="1997-07-23"/>
  </code>
  <code code="C1511">
    <editdetail attribution="Reuters BIP Coding Group" action="confirmed" date="1997-07-23"/>
  </code>
  <code code="CCAT">
    <editdetail attribution="Reuters BIP Coding Group" action="confirmed" date="1997-07-23"/>
  </code>
</codes>
<dc element="dc.date.created" value="1997-07-23"/>
<dc element="dc.publisher" value="Reuters Holdings Plc"/>
<dc element="dc.date.published" value="1997-07-23"/>
<dc element="dc.source" value="Reuters"/>
<dc element="dc.creator.location" value="LATROBE, Pa."/>
<dc element="dc.creator.location.country.name" value="USA"/>
<dc element="dc.source" value="Reuters"/>
</metadata>
</newsitem>
