<?xml version="1.0" encoding="iso-8859-1" ?>
<newsitem itemid="806638" id="root" date="1997-08-18" xml:lang="en">
<title>UK: BZW sets call warrants on FTSE Mid 250 Index.</title>
<headline>BZW sets call warrants on FTSE Mid 250 Index.</headline>
<dateline>LONDON 1997-08-18</dateline>
<text>
<p>BZW Warrants Ltd has issued a total of 200,000 European-style call warrants on the FTSE Mid 250 Index, lead manager BZW Securities Ltd said.</p>
<p>One warrant controls one index.</p>
<p> WARRANT	   STRIKE PRICE	    ISSUE PRICE</p>
<p> SERIES ONE	4,698 STG		 395 STG</p>
<p> SERIES TWO	4,933 STG		 279 STG</p>
<p>COMMON TERMS:</p>
<p> MATURITY DATE   17.AUG.98		 PAYDATE	05.SEP.97</p>
<p> LISTING	   LUXEMBOURG		MIN EXER LOT ONE</p>
<p>SPOT REFERENCE  4,698 STG</p>
<p>--Reuter London Newsroom +44 171 542 7658</p>
</text>
<copyright>(c) Reuters Limited 1997</copyright>
<metadata>
<codes class="bip:countries:1.0">
  <code code="UK">
    <editdetail attribution="Reuters BIP Coding Group" action="confirmed" date="1997-08-18"/>
  </code>
</codes>
<codes class="bip:industries:1.0">
  <code code="I81402">
    <editdetail attribution="Reuters BIP Coding Group" action="confirmed" date="1997-08-18"/>
  </code>
</codes>
<codes class="bip:topics:1.0">
  <code code="C21">
    <editdetail attribution="Reuters BIP Coding Group" action="confirmed" date="1997-08-18"/>
  </code>
  <code code="CCAT">
    <editdetail attribution="Reuters BIP Coding Group" action="confirmed" date="1997-08-18"/>
  </code>
</codes>
<dc element="dc.date.created" value="1997-08-18"/>
<dc element="dc.publisher" value="Reuters Holdings Plc"/>
<dc element="dc.date.published" value="1997-08-18"/>
<dc element="dc.source" value="Reuters"/>
<dc element="dc.creator.location" value="LONDON"/>
<dc element="dc.creator.location.country.name" value="UK"/>
<dc element="dc.source" value="Reuters"/>
</metadata>
</newsitem>
