<?xml version="1.0" encoding="iso-8859-1" ?>
<newsitem itemid="201003" id="root" date="1996-11-19" xml:lang="en">
<title>FINLAND: FINNISH '97 AVG MUNICIPAL INCOME TAX RATE 17.4 PCT.</title>
<headline>FINNISH '97 AVG MUNICIPAL INCOME TAX RATE 17.4 PCT.</headline>
<dateline>HELSINKI 1996-11-19</dateline>
<text>
<p>The average municipal income tax rate will be 17.43 percent in 1997, down 0.08 percentage points on 1996, the Assosiation of Finnishg Local Authorities said in a statement on Tuesday.  </p>
<p>The average municipal income tax rate is weighted according to tax revenues. &quot;The fall of the average (income tax rate) was mainly caused by the fact that the city of Helsinki lowered its tax rate by by 0.50 percentage points,&quot; the association said.</p>
<p>In total, 45 local authorities will lower their income tax rates next year compared to 1996, while 10 municipalities will raise theirs.</p>
<p>In the province of Aaland, 15 of the 16 local authorities will cut taxes for an average fall of 0.70 percentage points.</p>
<p>Karkkila, with a local income tax rate of 19.75 percent has the highest and Kauniainen, with 15.00 percent, the lowest.</p>
<p>--Helsinki Newsroom  +358 - 9 - 680 50 245</p>
</text>
<copyright>(c) Reuters Limited 1996</copyright>
<metadata>
<codes class="bip:countries:1.0">
  <code code="FIN">
    <editdetail attribution="Reuters BIP Coding Group" action="confirmed" date="1996-11-19"/>
  </code>
</codes>
<codes class="bip:topics:1.0">
  <code code="E21">
    <editdetail attribution="Reuters BIP Coding Group" action="confirmed" date="1996-11-19"/>
  </code>
  <code code="E211">
    <editdetail attribution="Reuters BIP Coding Group" action="confirmed" date="1996-11-19"/>
  </code>
  <code code="ECAT">
    <editdetail attribution="Reuters BIP Coding Group" action="confirmed" date="1996-11-19"/>
  </code>
</codes>
<dc element="dc.date.created" value="1996-11-19"/>
<dc element="dc.publisher" value="Reuters Holdings Plc"/>
<dc element="dc.date.published" value="1996-11-19"/>
<dc element="dc.source" value="Reuters"/>
<dc element="dc.creator.location" value="HELSINKI"/>
<dc element="dc.creator.location.country.name" value="FINLAND"/>
<dc element="dc.source" value="Reuters"/>
</metadata>
</newsitem>
