<?xml version="1.0" encoding="iso-8859-1" ?>
<newsitem itemid="595043" id="root" date="1997-05-19" xml:lang="en">
<title>USA: CBOT grain/oilseed receipts and shipments.</title>
<headline>CBOT grain/oilseed receipts and shipments.</headline>
<dateline>CHICAGO 1997-05-19</dateline>
<text>
<p>Grain and soybean receipts and shipments, in bushels, at delivery locations for the previous trading day, according to the Chicago Board of Trade-</p>
<p>		     Receipts	  Shipments</p>
<p>Wheat</p>
<p>Chicago		    0		   0</p>
<p>St. Louis		241		   0</p>
<p>Toledo		 8,033		   0</p>
<p>Corn</p>
<p>Chicago		8,075		 852</p>
<p>St. Louis	   82,363	   151,298</p>
<p>Toledo	     116,565	    50,437</p>
<p>Oats</p>
<p>Chicago		    0		   0</p>
<p>Minneapolis	 15,631	    85,980</p>
<p>Soybeans</p>
<p>Chicago	     14,435		   0</p>
<p>St. Louis	   46,719		   0</p>
<p>Toledo		12,941	   273,876</p>
<p>((Chicago Newsdesk 312-408-8720))</p>
</text>
<copyright>(c) Reuters Limited 1997</copyright>
<metadata>
<codes class="bip:countries:1.0">
  <code code="USA">
    <editdetail attribution="Reuters BIP Coding Group" action="confirmed" date="1997-05-19"/>
  </code>
</codes>
<codes class="bip:topics:1.0">
  <code code="M14">
    <editdetail attribution="Reuters BIP Coding Group" action="confirmed" date="1997-05-19"/>
  </code>
  <code code="M141">
    <editdetail attribution="Reuters BIP Coding Group" action="confirmed" date="1997-05-19"/>
  </code>
  <code code="MCAT">
    <editdetail attribution="Reuters BIP Coding Group" action="confirmed" date="1997-05-19"/>
  </code>
</codes>
<dc element="dc.date.created" value="1997-05-19"/>
<dc element="dc.publisher" value="Reuters Holdings Plc"/>
<dc element="dc.date.published" value="1997-05-19"/>
<dc element="dc.source" value="Reuters"/>
<dc element="dc.creator.location" value="CHICAGO"/>
<dc element="dc.creator.location.country.name" value="USA"/>
<dc element="dc.source" value="Reuters"/>
</metadata>
</newsitem>
