<?xml version="1.0" encoding="iso-8859-1" ?>
<newsitem itemid="341468" id="root" date="1997-01-29" xml:lang="en">
<title>USA: Chase economist Kellner to leave firm.</title>
<headline>Chase economist Kellner to leave firm.</headline>
<dateline>NEW YORK 1997-01-29</dateline>
<text>
<p>Chase Manhattan Corp said Wednesday that Irwin Kellner, chief economist of the company's regional bank, will take early retirement effective March 1 and form his own consulting firm.</p>
<p>The company said Chase's middle market banking group will be the first client of Kellner's new firm. Kellner has been with Chase and its predecessor organizations since 1970.</p>
</text>
<copyright>(c) Reuters Limited 1997</copyright>
<metadata>
<codes class="bip:countries:1.0">
  <code code="USA">
    <editdetail attribution="Reuters BIP Coding Group" action="confirmed" date="1997-01-29"/>
  </code>
</codes>
<codes class="bip:industries:1.0">
  <code code="I81402">
    <editdetail attribution="Reuters BIP Coding Group" action="confirmed" date="1997-01-29"/>
  </code>
</codes>
<codes class="bip:topics:1.0">
  <code code="C41">
    <editdetail attribution="Reuters BIP Coding Group" action="confirmed" date="1997-01-29"/>
  </code>
  <code code="C411">
    <editdetail attribution="Reuters BIP Coding Group" action="confirmed" date="1997-01-29"/>
  </code>
  <code code="CCAT">
    <editdetail attribution="Reuters BIP Coding Group" action="confirmed" date="1997-01-29"/>
  </code>
</codes>
<dc element="dc.date.created" value="1997-01-29"/>
<dc element="dc.publisher" value="Reuters Holdings Plc"/>
<dc element="dc.date.published" value="1997-01-29"/>
<dc element="dc.source" value="Reuters"/>
<dc element="dc.creator.location" value="NEW YORK"/>
<dc element="dc.creator.location.country.name" value="USA"/>
<dc element="dc.source" value="Reuters"/>
</metadata>
</newsitem>
