<?xml version="1.0" encoding="iso-8859-1" ?>
<newsitem itemid="466061" id="root" date="1997-03-25" xml:lang="en">
<title>JAPAN: Tobishima creditors to accept plan - paper.</title>
<headline>Tobishima creditors to accept plan - paper.</headline>
<dateline>TOKYO 1996-03-26</dateline>
<text>
<p>Creditors of debt-ridden Tobishima Corp have agreed to accept the construction firm's restructuring plan, which includes a sharp reduction in their claims against Tobishima for its group firms' debts, the Nihon Keizai Shimbun business daily said on Wednesday.</p>
<p>Tobishima and its creditor financial institutions were not immediately available for comment on the report.  </p>
<p>Many of its creditors will sign a formal agreement by the end of this month while others are seen joining after April after finalising the details, the paper said.</p>
<p>Under a plan formed last year, Tobishima asked its creditors to reduce their claims against the construction firm for its group companies' debt to 100 billion yen from about 740 billion yen.</p>
<p>There are more than 50 creditor financial institutions, of which Fuji Bank Ltd is the main creditor.</p>
<p>As a result of the agreement, the creditors are expected to absorb a loss of nearly 500 billion yen, the paper said.</p>
</text>
<copyright>(c) Reuters Limited 1997</copyright>
<metadata>
<codes class="bip:countries:1.0">
  <code code="JAP">
    <editdetail attribution="Reuters BIP Coding Group" action="confirmed" date="1997-03-25"/>
  </code>
</codes>
<codes class="bip:industries:1.0">
  <code code="I50200">
    <editdetail attribution="Reuters BIP Coding Group" action="confirmed" date="1997-03-25"/>
  </code>
  <code code="I81402">
    <editdetail attribution="Reuters BIP Coding Group" action="confirmed" date="1997-03-25"/>
  </code>
</codes>
<codes class="bip:topics:1.0">
  <code code="C16">
    <editdetail attribution="Reuters BIP Coding Group" action="confirmed" date="1997-03-25"/>
  </code>
  <code code="C17">
    <editdetail attribution="Reuters BIP Coding Group" action="confirmed" date="1997-03-25"/>
  </code>
  <code code="C173">
    <editdetail attribution="Reuters BIP Coding Group" action="confirmed" date="1997-03-25"/>
  </code>
  <code code="CCAT">
    <editdetail attribution="Reuters BIP Coding Group" action="confirmed" date="1997-03-25"/>
  </code>
</codes>
<dc element="dc.date.created" value="1996-03-26"/>
<dc element="dc.publisher" value="Reuters Holdings Plc"/>
<dc element="dc.date.published" value="1997-03-25"/>
<dc element="dc.source" value="Reuters"/>
<dc element="dc.creator.location" value="TOKYO"/>
<dc element="dc.creator.location.country.name" value="JAPAN"/>
<dc element="dc.source" value="Reuters"/>
</metadata>
</newsitem>
