<?xml version="1.0" encoding="iso-8859-1" ?>
<newsitem itemid="713444" id="root" date="1997-07-08" xml:lang="en">
<title>USA: Industrial sees acquisition boosting earns.</title>
<headline>Industrial sees acquisition boosting earns.</headline>
<dateline>LOUISVILLE, Ky. 1997-07-08</dateline>
<text>
<p>Industrial Services of America Inc said Tuesday it expected the recent acquisition of private TMG enterprises should boost its earnings this year.</p>
<p>Industrial said it completed the acquisition of the metals recycling company for $1.6 million in cash and stock options.</p>
<p>Chief executive Harry Kletter said the acquisition will increase the company's revenues by $10 million annually and should &quot;have a positive impact&quot; on the earnings.</p>
</text>
<copyright>(c) Reuters Limited 1997</copyright>
<metadata>
<codes class="bip:countries:1.0">
  <code code="USA">
    <editdetail attribution="Reuters BIP Coding Group" action="confirmed" date="1997-07-08"/>
  </code>
</codes>
<codes class="bip:topics:1.0">
  <code code="C15">
    <editdetail attribution="Reuters BIP Coding Group" action="confirmed" date="1997-07-08"/>
  </code>
  <code code="C152">
    <editdetail attribution="Reuters BIP Coding Group" action="confirmed" date="1997-07-08"/>
  </code>
  <code code="C18">
    <editdetail attribution="Reuters BIP Coding Group" action="confirmed" date="1997-07-08"/>
  </code>
  <code code="C181">
    <editdetail attribution="Reuters BIP Coding Group" action="confirmed" date="1997-07-08"/>
  </code>
  <code code="CCAT">
    <editdetail attribution="Reuters BIP Coding Group" action="confirmed" date="1997-07-08"/>
  </code>
</codes>
<dc element="dc.date.created" value="1997-07-08"/>
<dc element="dc.publisher" value="Reuters Holdings Plc"/>
<dc element="dc.date.published" value="1997-07-08"/>
<dc element="dc.source" value="Reuters"/>
<dc element="dc.creator.location" value="LOUISVILLE, Ky."/>
<dc element="dc.creator.location.country.name" value="USA"/>
<dc element="dc.source" value="Reuters"/>
</metadata>
</newsitem>
