<?xml version="1.0" encoding="iso-8859-1" ?>
<newsitem itemid="529066" id="root" date="1997-04-22" xml:lang="en">
<title>GREECE: GREEK NATL MORTGAGE, BEAR STEARNS SIGN SECURITISATION DEAL.</title>
<headline>GREEK NATL MORTGAGE, BEAR STEARNS SIGN SECURITISATION DEAL.</headline>
<dateline>ATHENS 1997-04-22</dateline>
<text>
<p>Greece's National Mortgage Bank and Bear Stearns signed a three-year loan securitisation deal on Tuesday to introduce securitisation operations in Greece.</p>
<p>They will cooperate on the exchange of know-how and will set up a joint venture company to securitise mortgages and other asset-backed loans.</p>
<p>&quot;National Mortgage Bank president Vassilis Rapanos and Bear Stearns senior managing director and board member Peter Cherasia signed the cooperation deal which will be implemented in two phases,&quot; National Mortgage Bank said.</p>
<p>Securitisation will improve the bank's capital adequacy, enabling it to offer loans at a lower cost. Its assets and liabilities will be better managed while  a boost is expected in the secondary market for mortgage bonds which will offer new investment opportunities, it said.</p>
<p>During the first eight-month phase, Bear Stearns will set up securitisation operations and procedures and advise National Mortgage on pertinent legal and regulatory matters.</p>
<p>Their joint venture which will first securitise National Mortgage Bank loans will expand to other types of receivables for other banks and organisations.</p>
<p>&quot;The benefits securitisation brings are not limited to the issuer. International experience has shown that securitisation increases the alternative investment opportunities in a country,&quot; National Mortgage Bank said. --George Georgiopoulos, Athens Newsroom +301 3311812-4</p>
</text>
<copyright>(c) Reuters Limited 1997</copyright>
<metadata>
<codes class="bip:countries:1.0">
  <code code="GREECE">
    <editdetail attribution="Reuters BIP Coding Group" action="confirmed" date="1997-04-22"/>
  </code>
  <code code="USA">
    <editdetail attribution="Reuters BIP Coding Group" action="confirmed" date="1997-04-22"/>
  </code>
</codes>
<codes class="bip:industries:1.0">
  <code code="I81501">
    <editdetail attribution="Reuters BIP Coding Group" action="confirmed" date="1997-04-22"/>
  </code>
  <code code="I8150103">
    <editdetail attribution="Reuters BIP Coding Group" action="confirmed" date="1997-04-22"/>
  </code>
  <code code="I83100">
    <editdetail attribution="Reuters BIP Coding Group" action="confirmed" date="1997-04-22"/>
  </code>
</codes>
<codes class="bip:topics:1.0">
  <code code="C11">
    <editdetail attribution="Reuters BIP Coding Group" action="confirmed" date="1997-04-22"/>
  </code>
  <code code="CCAT">
    <editdetail attribution="Reuters BIP Coding Group" action="confirmed" date="1997-04-22"/>
  </code>
</codes>
<dc element="dc.date.created" value="1997-04-22"/>
<dc element="dc.publisher" value="Reuters Holdings Plc"/>
<dc element="dc.date.published" value="1997-04-22"/>
<dc element="dc.source" value="Reuters"/>
<dc element="dc.creator.location" value="ATHENS"/>
<dc element="dc.creator.location.country.name" value="GREECE"/>
<dc element="dc.source" value="Reuters"/>
</metadata>
</newsitem>
