<?xml version="1.0" encoding="iso-8859-1" ?>
<newsitem itemid="802063" id="root" date="1997-08-15" xml:lang="en">
<title>LATVIA: Latvian blue chips climb, further gains seen.</title>
<headline>Latvian blue chips climb, further gains seen.</headline>
<dateline>RIGA 1997-08-15</dateline>
<text>
<p>All Latvian blue chips gained in moderate trade on Friday, leaving dealers cautiously hopeful that the bears of summer had finally gone into hibernation.</p>
<p>The Rietumu index climbed 0.9 percent to 152.42 while the market turned over 95,000 lats against 81,000 lats on Thursday.</p>
<p>Blue chips led the way, with all five of the six official list stocks that were quoted during the session rising.</p>
<p>&quot;Unibanka has been rising steadily and now other blue chips look comparatively cheap...that has prompted some interest,&quot; said one dealer.</p>
<p>&quot;Most blue chips should rise more next week, though Unibanka may slow down...it may be reaching its limit,&quot; said another broker.</p>
<p>Unibanka was most traded at 50,200 lats to add two santimes to 3.42 lats.</p>
<p>Staburadze confectionery added 1.5 percent to 2.75 lats in trade of 17,900 lats. Kaija Fish Cannery was the biggest blue chip gainer, rising 1.9 percent to 2.16 lats on light turnover of 3,600 lats.</p>
<p>On the secondary list, Valmiera Glassfibre inched up to 1.37 lats from 1.35 in trade of 8,500 lats.</p>
<p>-- Ed Stoddard, Riga newsroom +371 721 52 40</p>
</text>
<copyright>(c) Reuters Limited 1997</copyright>
<metadata>
<codes class="bip:countries:1.0">
  <code code="LATV">
    <editdetail attribution="Reuters BIP Coding Group" action="confirmed" date="1997-08-15"/>
  </code>
</codes>
<codes class="bip:topics:1.0">
  <code code="M11">
    <editdetail attribution="Reuters BIP Coding Group" action="confirmed" date="1997-08-15"/>
  </code>
  <code code="MCAT">
    <editdetail attribution="Reuters BIP Coding Group" action="confirmed" date="1997-08-15"/>
  </code>
</codes>
<dc element="dc.date.created" value="1997-08-15"/>
<dc element="dc.publisher" value="Reuters Holdings Plc"/>
<dc element="dc.date.published" value="1997-08-15"/>
<dc element="dc.source" value="Reuters"/>
<dc element="dc.creator.location" value="RIGA"/>
<dc element="dc.creator.location.country.name" value="LATVIA"/>
<dc element="dc.source" value="Reuters"/>
</metadata>
</newsitem>
