<?xml version="1.0" encoding="iso-8859-1" ?>
<newsitem itemid="781369" id="root" date="1997-08-06" xml:lang="en">
<title>POLAND: Swarzedz share issue to start week later.</title>
<headline>Swarzedz share issue to start week later.</headline>
<dateline>WARSAW 1997-08-06</dateline>
<text>
<p>Polish furniture maker Swarzedz SA has delayed the start of its 6.6-million-share issue to October 2 from September 25, the company said in a statement on Wednesday.</p>
<p>Swarzedz is offering 1.75 million shares in a one-for-two rights on October 2 and October 3.</p>
<p>The subscription for 1.3 million shares in a closed tranche for large investors will take place from October 6 to October 8 and for 450,000 shares in an open tranche from October 9 to 14.</p>
<p>The subscription for 3.1 million shares offered to creditors in a debt-for-equity swap will take place on October 15 and October 16.</p>
<p>The price range has been set at 8.16 to 11 zlotys.</p>
<p>-- Warsaw Newsroom +48 22 653 9700</p>
</text>
<copyright>(c) Reuters Limited 1997</copyright>
<metadata>
<codes class="bip:countries:1.0">
  <code code="POL">
    <editdetail attribution="Reuters BIP Coding Group" action="confirmed" date="1997-08-06"/>
  </code>
</codes>
<codes class="bip:industries:1.0">
  <code code="I46700">
    <editdetail attribution="Reuters BIP Coding Group" action="confirmed" date="1997-08-06"/>
  </code>
</codes>
<codes class="bip:topics:1.0">
  <code code="C17">
    <editdetail attribution="Reuters BIP Coding Group" action="confirmed" date="1997-08-06"/>
  </code>
  <code code="C171">
    <editdetail attribution="Reuters BIP Coding Group" action="confirmed" date="1997-08-06"/>
  </code>
  <code code="CCAT">
    <editdetail attribution="Reuters BIP Coding Group" action="confirmed" date="1997-08-06"/>
  </code>
</codes>
<dc element="dc.date.created" value="1997-08-06"/>
<dc element="dc.publisher" value="Reuters Holdings Plc"/>
<dc element="dc.date.published" value="1997-08-06"/>
<dc element="dc.source" value="Reuters"/>
<dc element="dc.creator.location" value="WARSAW"/>
<dc element="dc.creator.location.country.name" value="POLAND"/>
<dc element="dc.source" value="Reuters"/>
</metadata>
</newsitem>
