<?xml version="1.0" encoding="iso-8859-1" ?>
<newsitem itemid="204694" id="root" date="1996-11-20" xml:lang="en">
<title>AUSTRALIA: RTRS-Australian sugar crush - week to Nov 16.</title>
<headline>RTRS-Australian sugar crush - week to Nov 16.</headline>
<dateline>BRISBANE 1996-11-20</dateline>
<text>
<p>Australia's sugar cane crush totalled 1.340 million tonnes in the week ended November 16, down from 1.440 million tonnes in the previous week, grower organisation CANEGROWERS said.</p>
<p>CANEGROWERS reported for crushing week 24 of the 1996 season that average commercial cane sugar (ccs) content fell to 13.50 percent from 13.53 percent the week before.</p>
<p>The latest week brought this year's crush to 36.86 million tonnes, up from 33.41 million tonnes at the same time in 1995.</p>
<p>Australian sugar cane crush by region for the week ended November 16 as reported by CANEGROWERS in tonnes.  </p>
<p>The 1995 crush started on June 13 and ended by December 30.</p>
<p>CCS = Commercial Cane Sugar (sugar content percent)-</p>
<p>			Crushed   Crushed  CCS	 CCS</p>
<p>			This wk   to Date  this wk   to date</p>
<p> North Qld	 497,718 11,501,187   12.29     12.75</p>
<p> Burdekin		  0  7,547,333    0.00     14.62</p>
<p> Central Qld     486,805 10,433,806   14.60     13.82</p>
<p> South Qld	 254,240  5,538,096   14.09     14.00</p>
<p> Queensland    1,238,763 35,020,422   13.57     13.67</p>
<p> N.South Wales   101,555  1,836,653   12.65     11.69</p>
<p> Australia     1,340,318 36,857,075   13.50     13.57</p>
<p>				   YEAR AGO</p>
<p> Queensland    1,589,483  31,584,055   12.96     13.35</p>
<p> Australia     1,674,388  33,405,016   12.90     13.25</p>
<p>NOTE: Estimated 1996 cane crop: Australia 40.0 million tonnes.</p>
<p>1995 Summary - Total cane crushed 37.389 million tonnes (Qld 35.295 million, NSW 2.094 million), sugar produced 4.98 million tonnes 94 n.t., (Qld 4.73 million, NSW 244,629), sugar content (CCS) 13.12 percent (Qld 13.22 percent, NSW 11.41 percent).</p>
<p>-- Sydney newsroom 61-2 9373-1800</p>
</text>
<copyright>(c) Reuters Limited 1996</copyright>
<metadata>
<codes class="bip:countries:1.0">
  <code code="AUSTR">
    <editdetail attribution="Reuters BIP Coding Group" action="confirmed" date="1996-11-20"/>
  </code>
</codes>
<codes class="bip:industries:1.0">
  <code code="I01001">
    <editdetail attribution="Reuters BIP Coding Group" action="confirmed" date="1996-11-20"/>
  </code>
  <code code="I0100136">
    <editdetail attribution="Reuters BIP Coding Group" action="confirmed" date="1996-11-20"/>
  </code>
</codes>
<codes class="bip:topics:1.0">
  <code code="C21">
    <editdetail attribution="Reuters BIP Coding Group" action="confirmed" date="1996-11-20"/>
  </code>
  <code code="CCAT">
    <editdetail attribution="Reuters BIP Coding Group" action="confirmed" date="1996-11-20"/>
  </code>
  <code code="M14">
    <editdetail attribution="Reuters BIP Coding Group" action="confirmed" date="1996-11-20"/>
  </code>
  <code code="M141">
    <editdetail attribution="Reuters BIP Coding Group" action="confirmed" date="1996-11-20"/>
  </code>
  <code code="MCAT">
    <editdetail attribution="Reuters BIP Coding Group" action="confirmed" date="1996-11-20"/>
  </code>
</codes>
<dc element="dc.date.created" value="1996-11-20"/>
<dc element="dc.publisher" value="Reuters Holdings Plc"/>
<dc element="dc.date.published" value="1996-11-20"/>
<dc element="dc.source" value="Reuters"/>
<dc element="dc.creator.location" value="BRISBANE"/>
<dc element="dc.creator.location.country.name" value="AUSTRALIA"/>
<dc element="dc.source" value="Reuters"/>
</metadata>
</newsitem>
