<?xml version="1.0" encoding="iso-8859-1" ?>
<newsitem itemid="622847" id="root" date="1997-05-29" xml:lang="en">
<title>JAPAN: SOCCER-JAPANESE J.LEAGUE RESULTS, STANDINGS.</title>
<headline>SOCCER-JAPANESE J.LEAGUE RESULTS, STANDINGS.</headline>
<dateline>TOKYO 1997-05-29</dateline>
<text>
<p>Results of Japan's professional</p>
<p>J.League soccer matches played late on Wednesday:</p>
<p> Osaka Gamba	   3     Jubilo Iwata	   1</p>
<p> Yokohama Marinos    3     Osaka Cerezo	   2</p>
<p> Urawa Reds	    3     Kashiwa Reysol	 2</p>
<p> Shimizu S-Pulse     1     Fukuoka Avispa	 0</p>
<p> Kyoto Purple Sanga  1     Nagoya Grampus Eight 3</p>
<p> Bellmare Hiratsuka  3     Kobe Vissel	    0</p>
<p> Verdy Kawasaki	0     Yokohama Flugels     4</p>
<p> JEF United Ichihara 0     Kashima Antlers	2</p>
<p>Standings (tabulated under games played, won, lost, goals</p>
<p>for, goals against, points):</p>
<p> Kashima     10   8   2  21  11   22</p>
<p> Yokohama F   9   7   2  19   7   21</p>
<p> Hiratsuka   10   7   3  17  11   20</p>
<p> Yokohama M  10   8   2  24  20   20</p>
<p> Osaka G     11   6   5  22  13   18</p>
<p> Kashiwa     10   6   4  19  13   18</p>
<p> Iwata	 10   6   4  16  12   17</p>
<p> Shimizu     10   6   4  13  12   17</p>
<p> Hiroshima   10   5   5  14  14   15</p>
<p> Osaka C     11   5   6  14  20   13</p>
<p> Nagoya	10   4   6  11  14   12</p>
<p> Urawa	 10   4   6  14  16   11</p>
<p> Ichihara    10   4   6  16  17   10</p>
<p> Kyoto	 10   3   7  10  21    9</p>
<p> Kawasaki    11   3   8  13  19    8</p>
<p> Kobe	  11   3   8  16  28    8</p>
<p> Fukuoka     11   2   9   8  19    6</p>
<p>(Note: No draws in J.League. Standings determined by</p>
<p>number of wins. Winners in extra time are awarded two points</p>
<p>and winners in penalty shoot-outs one point)</p>
</text>
<copyright>(c) Reuters Limited 1997</copyright>
<metadata>
<codes class="bip:countries:1.0">
  <code code="JAP">
    <editdetail attribution="Reuters BIP Coding Group" action="confirmed" date="1997-05-29"/>
  </code>
</codes>
<codes class="bip:topics:1.0">
  <code code="GCAT">
    <editdetail attribution="Reuters BIP Coding Group" action="confirmed" date="1997-05-29"/>
  </code>
  <code code="GSPO">
    <editdetail attribution="Reuters BIP Coding Group" action="confirmed" date="1997-05-29"/>
  </code>
</codes>
<dc element="dc.date.created" value="1997-05-29"/>
<dc element="dc.publisher" value="Reuters Holdings Plc"/>
<dc element="dc.date.published" value="1997-05-29"/>
<dc element="dc.source" value="Reuters"/>
<dc element="dc.creator.location" value="TOKYO"/>
<dc element="dc.creator.location.country.name" value="JAPAN"/>
<dc element="dc.source" value="Reuters"/>
</metadata>
</newsitem>
