<?xml version="1.0" encoding="iso-8859-1" ?>
<newsitem itemid="260994" id="root" date="1996-12-17" xml:lang="en">
<title>SLOVENIA: Slovenian Eles sees lower 1996 profit.</title>
<headline>Slovenian Eles sees lower 1996 profit.</headline>
<dateline>LJUBLJANA 1996-12-17</dateline>
<text>
<p>Slovenia's electricity distributor Eles said on Tuesday it expected to post lower profits in 1996 due to high maintenance costs and low prices of electricity.</p>
<p>&quot;Profits will be just above zero, down from last year's 200 million tolars ($1.4 million),&quot; Ivo Banic, general manager of Eles told Reuters.</p>
<p>Banic said turnover in 1996 rose to 75 billion tolars ($528.2 million) from 70 billion in 1995.</p>
<p>&quot;In 1996 we invested some 1.5 billion tolars from one billion in the previous year but most of it was spent on the maintenance of existing facilities,&quot; Banic said.</p>
<p>He pointed out that electricity prices in Slovenia are 40 percent lower than the average price in the European Union. Earlier this year, parliament agreed to lift electricity prices each year by seven percent in order to reach the EU average in 2001.</p>
<p>However, since the government allowed only a 2.6 percent increase in prices this year, Eles is calling for a 9.6 percent increase from January and another 9.6 percent increase from March 1997.</p>
<p>&quot;If the government would stick to the agreement and raise prices at least by seven percent each year, Eles would soon be able to invest in the construction of new facilities,&quot; Banic said. -- Novica Mihajlovic, Lubljana newsroom, 386-61-125-8439</p>
</text>
<copyright>(c) Reuters Limited 1996</copyright>
<metadata>
<codes class="bip:countries:1.0">
  <code code="SLVNIA">
    <editdetail attribution="Reuters BIP Coding Group" action="confirmed" date="1996-12-17"/>
  </code>
</codes>
<codes class="bip:industries:1.0">
  <code code="I16100">
    <editdetail attribution="Reuters BIP Coding Group" action="confirmed" date="1996-12-17"/>
  </code>
</codes>
<codes class="bip:topics:1.0">
  <code code="C15">
    <editdetail attribution="Reuters BIP Coding Group" action="confirmed" date="1996-12-17"/>
  </code>
  <code code="C152">
    <editdetail attribution="Reuters BIP Coding Group" action="confirmed" date="1996-12-17"/>
  </code>
  <code code="CCAT">
    <editdetail attribution="Reuters BIP Coding Group" action="confirmed" date="1996-12-17"/>
  </code>
</codes>
<dc element="dc.date.created" value="1996-12-17"/>
<dc element="dc.publisher" value="Reuters Holdings Plc"/>
<dc element="dc.date.published" value="1996-12-17"/>
<dc element="dc.source" value="Reuters"/>
<dc element="dc.creator.location" value="LJUBLJANA"/>
<dc element="dc.creator.location.country.name" value="SLOVENIA"/>
<dc element="dc.source" value="Reuters"/>
</metadata>
</newsitem>
