<?xml version="1.0" encoding="iso-8859-1" ?>
<newsitem itemid="742434" id="root" date="1997-07-21" xml:lang="en">
<title>NAMIBIA: PRESS DIGEST - Namibia - July 21.</title>
<headline>PRESS DIGEST - Namibia - July 21.</headline>
<dateline>WINDHOEK 1997-07-21</dateline>
<text>
<p>These are the stories making headlines in the Namibian newspapers on Monday. Reuters has not verified these stories and does not vouch for their accuracy.</p>
<p>- - - -</p>
<p>THE NAMIBIAN</p>
<p>- The lack of government policy is the cause of the current spate of land disputes such as those of the Kxoe and Gham communities, says the Namibia Non-governmental Organisations' Forum (Nangof).</p>
<p>- Output at the Okorusu fluorspar mine north-west of Otjiwarongo is expected to double as a result of the recent takeover of the mine by Belgium-based chemical and pharmaceutical group Solvay.</p>
<p>- - - -</p>
<p>DIE ALLGEMEINE ZEITUNG</p>
<p>- Last Thursday president Sam Nujoma announced the winners of this year's Africa leadership prize for fighting hunger and poverty, President Joaquim Chissano of Mozambique and Joyce Banda of Malawi.</p>
<p>- - - -</p>
<p>DIE REPUBLIKEIN</p>
<p>- Defence minister Philemon Malima has expressed concern about the possibility of the resumption of civil war in Angola with an increase in airtraffic in the border areas under UNITA control and a resumption of training of soldiers at Jamba.</p>
<p>- Following the devastating drought, the commercial farming sector will save about N$22 million in livestock tax, which has been waived for this year and is expected to be done away with completely.</p>
</text>
<copyright>(c) Reuters Limited 1997</copyright>
<metadata>
<codes class="bip:countries:1.0">
  <code code="NAMIB">
    <editdetail attribution="Reuters BIP Coding Group" action="confirmed" date="1997-07-21"/>
  </code>
</codes>
<codes class="bip:topics:1.0">
  <code code="GCAT">
    <editdetail attribution="Reuters BIP Coding Group" action="confirmed" date="1997-07-21"/>
  </code>
</codes>
<dc element="dc.date.created" value="1997-07-21"/>
<dc element="dc.publisher" value="Reuters Holdings Plc"/>
<dc element="dc.date.published" value="1997-07-21"/>
<dc element="dc.source" value="Reuters"/>
<dc element="dc.creator.location" value="WINDHOEK"/>
<dc element="dc.creator.location.country.name" value="NAMIBIA"/>
<dc element="dc.source" value="Reuters"/>
</metadata>
</newsitem>
