<?xml version="1.0" encoding="iso-8859-1" ?>
<newsitem itemid="17904" id="root" date="1996-08-27" xml:lang="en">
<title>JAPAN: King Industrial - 6mth parent results.</title>
<headline>King Industrial - 6mth parent results.</headline>
<dateline>TOKYO 1996-08-27</dateline>
<text>
<p>Six months to June 30, 1996</p>
<p> (Parent)	(in billions of yen unless specified)</p>
<p> Sales		  4.19		vs	    4.02</p>
<p> Operating	   13    million	  vs	   32    million</p>
<p> Current	     49    million	  vs	   57    million</p>
<p> Net		   24    million	  vs	   20    million</p>
<p> EPS		    1.57 yen	  vs	    1.31 yen</p>
<p> Shares	     16 million	  vs	  16 million</p>
<p> Interim div	   nil		vs	     nil</p>
<p>NOTE - King Industrial Co Ltd is a maker of fire-resistant safes and cash registers.</p>
</text>
<copyright>(c) Reuters Limited 1996</copyright>
<metadata>
<codes class="bip:countries:1.0">
  <code code="JAP">
    <editdetail attribution="Reuters BIP Coding Group" action="confirmed" date="1996-08-27"/>
  </code>
</codes>
<codes class="bip:industries:1.0">
  <code code="I31000">
    <editdetail attribution="Reuters BIP Coding Group" action="confirmed" date="1996-08-27"/>
  </code>
</codes>
<codes class="bip:topics:1.0">
  <code code="C15">
    <editdetail attribution="Reuters BIP Coding Group" action="confirmed" date="1996-08-27"/>
  </code>
  <code code="C151">
    <editdetail attribution="Reuters BIP Coding Group" action="confirmed" date="1996-08-27"/>
  </code>
  <code code="CCAT">
    <editdetail attribution="Reuters BIP Coding Group" action="confirmed" date="1996-08-27"/>
  </code>
</codes>
<dc element="dc.date.created" value="1996-08-27"/>
<dc element="dc.publisher" value="Reuters Holdings Plc"/>
<dc element="dc.date.published" value="1996-08-27"/>
<dc element="dc.source" value="Reuters"/>
<dc element="dc.creator.location" value="TOKYO"/>
<dc element="dc.creator.location.country.name" value="JAPAN"/>
<dc element="dc.source" value="Reuters"/>
</metadata>
</newsitem>
