<?xml version="1.0" encoding="iso-8859-1" ?>
<newsitem itemid="107372" id="root" date="1996-10-10" xml:lang="en">
<title>USA: National Penn Sept 30 Q3 shr up to $0.57.</title>
<headline>National Penn Sept 30 Q3 shr up to $0.57.</headline>
<dateline>BOYERTOWN, Penn. 1996-10-10</dateline>
<text>
<p>1996			1995</p>
<p> Shr		 $0.57		    $0.52</p>
<p> Net		 4,286		    3,895</p>
<p> Assets	    1,327,778		1,228,519</p>
<p>	   9 MONTHS</p>
<p> Shr		 $1.63		    $1.51</p>
<p> Net		 12,394		   11,370</p>
<p>(All data above 000s except per share numbers) Full company name is National Penn Bancshares Inc</p>
<p>NOTE: The company said third quarter 1996 earnings contained a $583,000 expense to fully reserve for the remainder of funds it had to be paid to recapitalize the Savings Association Insurance Fund, as mandated by U.S. law.</p>
</text>
<copyright>(c) Reuters Limited 1996</copyright>
<metadata>
<codes class="bip:countries:1.0">
  <code code="USA">
    <editdetail attribution="Reuters BIP Coding Group" action="confirmed" date="1996-10-10"/>
  </code>
</codes>
<codes class="bip:industries:1.0">
  <code code="I81402">
    <editdetail attribution="Reuters BIP Coding Group" action="confirmed" date="1996-10-10"/>
  </code>
</codes>
<codes class="bip:topics:1.0">
  <code code="C15">
    <editdetail attribution="Reuters BIP Coding Group" action="confirmed" date="1996-10-10"/>
  </code>
  <code code="C151">
    <editdetail attribution="Reuters BIP Coding Group" action="confirmed" date="1996-10-10"/>
  </code>
  <code code="CCAT">
    <editdetail attribution="Reuters BIP Coding Group" action="confirmed" date="1996-10-10"/>
  </code>
</codes>
<dc element="dc.date.created" value="1996-10-10"/>
<dc element="dc.publisher" value="Reuters Holdings Plc"/>
<dc element="dc.date.published" value="1996-10-10"/>
<dc element="dc.source" value="Reuters"/>
<dc element="dc.creator.location" value="BOYERTOWN, Penn."/>
<dc element="dc.creator.location.country.name" value="USA"/>
<dc element="dc.source" value="Reuters"/>
</metadata>
</newsitem>
