<?xml version="1.0" encoding="iso-8859-1" ?>
<newsitem itemid="106183" id="root" date="1996-10-09" xml:lang="en">
<title>USA: RESEARCH ALERT - Duke Realty FFO view raised.</title>
<headline>RESEARCH ALERT - Duke Realty FFO view raised.</headline>
<text>
<p>--EVEREN Securities Inc said Wednesday it is raising its FFO estimates on Duke Realty Investments Inc to $2.68 per share from $2.66 for 1996 and to $2.90 from $2.85 for 1997.</p>
<p>--It also raised its long-term price target to $37.50 per share from $33.50.</p>
<p>--In the last month, Duke announced $122.7 million of new acquisitions and investments in its core markets at stabilized yields in excess of 11 percent.</p>
<p>--Duke was trading at 33-7/8, off 1/8.</p>
<p>-- Chicago newsdesk 312 408-8787</p>
</text>
<copyright>(c) Reuters Limited 1996</copyright>
<metadata>
<codes class="bip:countries:1.0">
  <code code="USA">
    <editdetail attribution="Reuters BIP Coding Group" action="confirmed" date="1996-10-09"/>
  </code>
</codes>
<codes class="bip:industries:1.0">
  <code code="I81502">
    <editdetail attribution="Reuters BIP Coding Group" action="confirmed" date="1996-10-09"/>
  </code>
  <code code="I8150206">
    <editdetail attribution="Reuters BIP Coding Group" action="confirmed" date="1996-10-09"/>
  </code>
</codes>
<codes class="bip:topics:1.0">
  <code code="C15">
    <editdetail attribution="Reuters BIP Coding Group" action="confirmed" date="1996-10-09"/>
  </code>
  <code code="C152">
    <editdetail attribution="Reuters BIP Coding Group" action="confirmed" date="1996-10-09"/>
  </code>
  <code code="CCAT">
    <editdetail attribution="Reuters BIP Coding Group" action="confirmed" date="1996-10-09"/>
  </code>
</codes>
<dc element="dc.publisher" value="Reuters Holdings Plc"/>
<dc element="dc.date.published" value="1996-10-09"/>
<dc element="dc.source" value="Reuters"/>
<dc element="dc.creator.location.country.name" value="USA"/>
<dc element="dc.source" value="Reuters"/>
</metadata>
</newsitem>
