<?xml version="1.0" encoding="iso-8859-1" ?>
<newsitem itemid="805354" id="root" date="1997-08-18" xml:lang="en">
<title>RUSSIA: Rouble fixed at 3,196 per mark in Moscow.</title>
<headline>Rouble fixed at 3,196 per mark in Moscow.</headline>
<dateline>MOSCOW 1997-08-18</dateline>
<text>
<p>The rouble was set at 3,196 to the German mark on the Moscow Interbank Currency Exchange (MICEX) on Monday.</p>
<p>				    Aug 18		  Aug 15</p>
<p> Mark rate			3,196		   3,151</p>
<p>--Moscow Newsroom, +7 095 941 8520</p>
</text>
<copyright>(c) Reuters Limited 1997</copyright>
<metadata>
<codes class="bip:countries:1.0">
  <code code="RUSS">
    <editdetail attribution="Reuters BIP Coding Group" action="confirmed" date="1997-08-18"/>
  </code>
</codes>
<codes class="bip:topics:1.0">
  <code code="M13">
    <editdetail attribution="Reuters BIP Coding Group" action="confirmed" date="1997-08-18"/>
  </code>
  <code code="M132">
    <editdetail attribution="Reuters BIP Coding Group" action="confirmed" date="1997-08-18"/>
  </code>
  <code code="MCAT">
    <editdetail attribution="Reuters BIP Coding Group" action="confirmed" date="1997-08-18"/>
  </code>
</codes>
<dc element="dc.date.created" value="1997-08-18"/>
<dc element="dc.publisher" value="Reuters Holdings Plc"/>
<dc element="dc.date.published" value="1997-08-18"/>
<dc element="dc.source" value="Reuters"/>
<dc element="dc.creator.location" value="MOSCOW"/>
<dc element="dc.creator.location.country.name" value="RUSSIA"/>
<dc element="dc.source" value="Reuters"/>
</metadata>
</newsitem>
