<?xml version="1.0" encoding="iso-8859-1" ?>
<newsitem itemid="433379" id="root" date="1997-03-11" xml:lang="en">
<title>USA: GenRad shares open higher after fiasco.</title>
<headline>GenRad shares open higher after fiasco.</headline>
<dateline>NEW YORK 1997-03-11</dateline>
<text>
<p>Shares of GenRad Inc, which plummeted on Monday when the company said it expected weak first quarter profits, rebounded when they opened for trading on Tuesday.</p>
<p>Shares were indicated at 14-1/2 to 15 ahead of their opening, according to the New York Stock Exhcnage, and rose to opened at 14-5/8, up 1-7/8.</p>
</text>
<copyright>(c) Reuters Limited 1997</copyright>
<metadata>
<codes class="bip:countries:1.0">
  <code code="USA">
    <editdetail attribution="Reuters BIP Coding Group" action="confirmed" date="1997-03-11"/>
  </code>
</codes>
<codes class="bip:industries:1.0">
  <code code="I34420">
    <editdetail attribution="Reuters BIP Coding Group" action="confirmed" date="1997-03-11"/>
  </code>
</codes>
<codes class="bip:topics:1.0">
  <code code="C15">
    <editdetail attribution="Reuters BIP Coding Group" action="confirmed" date="1997-03-11"/>
  </code>
  <code code="C152">
    <editdetail attribution="Reuters BIP Coding Group" action="confirmed" date="1997-03-11"/>
  </code>
  <code code="CCAT">
    <editdetail attribution="Reuters BIP Coding Group" action="confirmed" date="1997-03-11"/>
  </code>
</codes>
<dc element="dc.date.created" value="1997-03-11"/>
<dc element="dc.publisher" value="Reuters Holdings Plc"/>
<dc element="dc.date.published" value="1997-03-11"/>
<dc element="dc.source" value="Reuters"/>
<dc element="dc.creator.location" value="NEW YORK"/>
<dc element="dc.creator.location.country.name" value="USA"/>
<dc element="dc.source" value="Reuters"/>
</metadata>
</newsitem>
