<?xml version="1.0" encoding="iso-8859-1" ?>
<newsitem itemid="49487" id="root" date="1996-09-12" xml:lang="en">
<title>USA: Alabama Housing Finance Authority account closed.</title>
<headline>Alabama Housing Finance Authority account closed.</headline>
<text>
<p>ALABAMA HOUSING FINANCE AUTHORITY</p>
<p>RE: $65,000,000</p>
<p>SINGLE FAMILY MORTGAGE REVENUE BONDS</p>
<p>COLLATERALIZED HOME MORTGAGE REVENUE BOND PROGRAM</p>
<p>1996 SERIES D</p>
<p>THE ACCOUNT IS CLOSED.</p>
<p>Goldman, Sachs &amp; Co.</p>
<p>--U.S. Municipal Desk, 212-859-1650</p>
</text>
<copyright>(c) Reuters Limited 1996</copyright>
<metadata>
<codes class="bip:countries:1.0">
  <code code="USA">
    <editdetail attribution="Reuters BIP Coding Group" action="confirmed" date="1996-09-12"/>
  </code>
</codes>
<codes class="bip:topics:1.0">
  <code code="E21">
    <editdetail attribution="Reuters BIP Coding Group" action="confirmed" date="1996-09-12"/>
  </code>
  <code code="E212">
    <editdetail attribution="Reuters BIP Coding Group" action="confirmed" date="1996-09-12"/>
  </code>
  <code code="ECAT">
    <editdetail attribution="Reuters BIP Coding Group" action="confirmed" date="1996-09-12"/>
  </code>
</codes>
<dc element="dc.publisher" value="Reuters Holdings Plc"/>
<dc element="dc.date.published" value="1996-09-12"/>
<dc element="dc.source" value="Reuters"/>
<dc element="dc.creator.location.country.name" value="USA"/>
<dc element="dc.source" value="Reuters"/>
</metadata>
</newsitem>
