<?xml version="1.0" encoding="iso-8859-1" ?>
<newsitem itemid="791475" id="root" date="1997-08-11" xml:lang="en">
<title>USA: OREGON SMALL GRAIN YIELDS REPORTED GOOD.</title>
<headline>OREGON SMALL GRAIN YIELDS REPORTED GOOD.</headline>
<dateline>PORTLAND 1997-08-11</dateline>
<text>
<p>The following is the weekly crop update from the Oregon Agricultural Statistics Service for the week ended Sunday August 10</p>
<p>-- OREGON: Days suitable for fieldwork 7.0.  Topsoil 9% very short, 39% short, 52% adequate. Subsoil 6% very short, 25% short, 69% adequate.</p>
<p>Barley harvested 45%, 34% 1996, 45% average.</p>
<p>Winter wheat harvested 64%, 56% 1996, 68% average. Activities:  small grain harvest continued, yields look good. Haying continued. Grains started to turn in the Kalamath Basin. Grass seed harvest winding down in the Willamette Valley &amp; fields worked for fall seeding. Nurseries irrigating, planting, &amp; digging fall orders. Large trees being balled &amp; prepared for shipping. South coast reported yearling Easter Lily bulbs being transplanted. Greenhouses setting up for fall. Potatoes, onions, sweet corn, &amp; carrots being harvested in Northeast. Willamette Valley: harvesting sweet corn, green beans, broccoli, cauliflower &amp; cucumbers, fall salad vegetables being planted. Blackberries, blueberries, peaches &amp; nectarines harvest continued. Bartlett pears nearing maturity &amp; apples sizing well. Hazelnuts look good, blanks continued to drop, &amp; spraying for walnut husk fly. Rogue River Valley: tomatoes started ripening. Fruit looks good, light hail damage reported, Red pear harvest finished &amp; Bartlett harvest started.  South coast cranberry growers focusing on irrigation. North coast prunes ripening. Hood River Valley: Bartlett pear harvest started in lower valley &amp; pre-harvest fungicide spraying &amp; irrigation continued. Livestock condition reported good to excellent. Pastures on Westside dry but still lots of dry feed. East side high elevation rangeland continued to look excellent but lower level pastures drying out. Overall pastures for early August continued to look very favorable.</p>
<p>((Chicago Newsdesk 312-408-8720))</p>
</text>
<copyright>(c) Reuters Limited 1997</copyright>
<metadata>
<codes class="bip:countries:1.0">
  <code code="USA">
    <editdetail attribution="Reuters BIP Coding Group" action="confirmed" date="1997-08-11"/>
  </code>
</codes>
<codes class="bip:industries:1.0">
  <code code="I01001">
    <editdetail attribution="Reuters BIP Coding Group" action="confirmed" date="1997-08-11"/>
  </code>
  <code code="I0100132">
    <editdetail attribution="Reuters BIP Coding Group" action="confirmed" date="1997-08-11"/>
  </code>
</codes>
<codes class="bip:topics:1.0">
  <code code="C21">
    <editdetail attribution="Reuters BIP Coding Group" action="confirmed" date="1997-08-11"/>
  </code>
  <code code="CCAT">
    <editdetail attribution="Reuters BIP Coding Group" action="confirmed" date="1997-08-11"/>
  </code>
  <code code="M14">
    <editdetail attribution="Reuters BIP Coding Group" action="confirmed" date="1997-08-11"/>
  </code>
  <code code="M141">
    <editdetail attribution="Reuters BIP Coding Group" action="confirmed" date="1997-08-11"/>
  </code>
  <code code="MCAT">
    <editdetail attribution="Reuters BIP Coding Group" action="confirmed" date="1997-08-11"/>
  </code>
</codes>
<dc element="dc.date.created" value="1997-08-11"/>
<dc element="dc.publisher" value="Reuters Holdings Plc"/>
<dc element="dc.date.published" value="1997-08-11"/>
<dc element="dc.source" value="Reuters"/>
<dc element="dc.creator.location" value="PORTLAND"/>
<dc element="dc.creator.location.country.name" value="USA"/>
<dc element="dc.source" value="Reuters"/>
</metadata>
</newsitem>
