<?xml version="1.0" encoding="iso-8859-1" ?>
<newsitem itemid="399174" id="root" date="1997-02-24" xml:lang="en">
<title>THAILAND: General Finance 1996 audited net lower.</title>
<headline>General Finance 1996 audited net lower.</headline>
<dateline>BANGKOK 1997-02-24</dateline>
<text>
<p>Audited financial results for the year ending December 31, 1996.</p>
<p>		   (in millions of baht unless stated)</p>
<p>				   Twelve months</p>
<p>    Shr (baht)		3.96	vs	     5.93</p>
<p>    Net		     548.27	vs	   641.26</p>
<p>NOTE: Company's full name is General Finance and Securities Plc, a finance and securities firm.</p>
<p>-- Bangkok newsroom 662-652-0642</p>
</text>
<copyright>(c) Reuters Limited 1997</copyright>
<metadata>
<codes class="bip:countries:1.0">
  <code code="THAIL">
    <editdetail attribution="Reuters BIP Coding Group" action="confirmed" date="1997-02-24"/>
  </code>
</codes>
<codes class="bip:industries:1.0">
  <code code="I83100">
    <editdetail attribution="Reuters BIP Coding Group" action="confirmed" date="1997-02-24"/>
  </code>
</codes>
<codes class="bip:topics:1.0">
  <code code="C15">
    <editdetail attribution="Reuters BIP Coding Group" action="confirmed" date="1997-02-24"/>
  </code>
  <code code="C151">
    <editdetail attribution="Reuters BIP Coding Group" action="confirmed" date="1997-02-24"/>
  </code>
  <code code="C1511">
    <editdetail attribution="Reuters BIP Coding Group" action="confirmed" date="1997-02-24"/>
  </code>
  <code code="CCAT">
    <editdetail attribution="Reuters BIP Coding Group" action="confirmed" date="1997-02-24"/>
  </code>
</codes>
<dc element="dc.date.created" value="1997-02-24"/>
<dc element="dc.publisher" value="Reuters Holdings Plc"/>
<dc element="dc.date.published" value="1997-02-24"/>
<dc element="dc.source" value="Reuters"/>
<dc element="dc.creator.location" value="BANGKOK"/>
<dc element="dc.creator.location.country.name" value="THAILAND"/>
<dc element="dc.source" value="Reuters"/>
</metadata>
</newsitem>
