<?xml version="1.0" encoding="iso-8859-1" ?>
<newsitem itemid="744358" id="root" date="1997-07-21" xml:lang="en">
<title>SINGAPORE: Sin Soon Huat to move to main board.</title>
<headline>Sin Soon Huat to move to main board.</headline>
<dateline>SINGAPORE 1997-07-21</dateline>
<text>
<p>Industrial hardware maker Sin Soon Huat said on Monday the Stock Exchange of Singapore has approved in principle its share trading to be transfered to the main board.</p>
<p>Shareholders will be informed of the date of transition later, it said in a statement.</p>
<p>-- Singapore newsroom (65-8703080)</p>
</text>
<copyright>(c) Reuters Limited 1997</copyright>
<metadata>
<codes class="bip:countries:1.0">
  <code code="SINGP">
    <editdetail attribution="Reuters BIP Coding Group" action="confirmed" date="1997-07-21"/>
  </code>
</codes>
<codes class="bip:industries:1.0">
  <code code="I34350">
    <editdetail attribution="Reuters BIP Coding Group" action="confirmed" date="1997-07-21"/>
  </code>
</codes>
<codes class="bip:topics:1.0">
  <code code="C15">
    <editdetail attribution="Reuters BIP Coding Group" action="confirmed" date="1997-07-21"/>
  </code>
  <code code="C152">
    <editdetail attribution="Reuters BIP Coding Group" action="confirmed" date="1997-07-21"/>
  </code>
  <code code="CCAT">
    <editdetail attribution="Reuters BIP Coding Group" action="confirmed" date="1997-07-21"/>
  </code>
</codes>
<dc element="dc.date.created" value="1997-07-21"/>
<dc element="dc.publisher" value="Reuters Holdings Plc"/>
<dc element="dc.date.published" value="1997-07-21"/>
<dc element="dc.source" value="Reuters"/>
<dc element="dc.creator.location" value="SINGAPORE"/>
<dc element="dc.creator.location.country.name" value="SINGAPORE"/>
<dc element="dc.source" value="Reuters"/>
</metadata>
</newsitem>
