<?xml version="1.0" encoding="iso-8859-1" ?>
<newsitem itemid="83898" id="root" date="1996-09-29" xml:lang="en">
<title>ISRAEL: PRESS DIGEST - Israel - Sept 29.</title>
<headline>PRESS DIGEST - Israel - Sept 29.</headline>
<dateline>JERUSALEM 1996-09-29</dateline>
<text>
<p>These are some of the leading stories in Israeli newspapers on Sunday.</p>
<p>Reuters has not verified these stories and does not vouch for their accuracy.</p>
<p>JERUSALEM POST</p>
<p>- United States proposes to host Netanyahu-Arafat summit.</p>
<p>- Three soldiers killed in Friday clashes.</p>
<p>- Temple Mount unrest leaves three Palestinians dead.</p>
<p>- Soldier wounded in mistaken identity shooting in Lebanon.</p>
<p>- Army chief Amnon Shahak warns of more terror attacks.</p>
<p>HAARETZ</p>
<p>- Shahak says there doubts whether it's possible to carry out security arrangements built on coordination with Palestinian police.</p>
<p>- Israeli Prime Minister Benjamin Netanyahu tells U.S. Secretary of State Warren Christopher: I'm ready to accelerate the negotiations with the Palestinian Authority. U.S.: Speed up the evacuation of Hebron.</p>
<p>- Military commentator Zeev Schiff: Palestinian President Yasser Arafat interested in &quot;controlled tension&quot; in territories.</p>
<p>- Israeli army considered evacuating Joseph's Tomb in Nablus; the plan was cancelled under pressure from cabinet ministers of the National Religious Party.</p>
<p>YEDIOTH AHRONOTH</p>
<p>- Netanyahu: The tunnel will remain open forever. Arafat: Closure -- a condition for a meeting.</p>
<p>- Rabbi Ovadia Yosef says now is the time to unite in an emergency unity government.</p>
<p>MAARIV</p>
<p>- Labour party tries to convince Shas to join no-confidence vote in government.</p>
</text>
<copyright>(c) Reuters Limited 1996</copyright>
<metadata>
<codes class="bip:countries:1.0">
  <code code="ISRAEL">
    <editdetail attribution="Reuters BIP Coding Group" action="confirmed" date="1996-09-29"/>
  </code>
</codes>
<codes class="bip:topics:1.0">
  <code code="GCAT">
    <editdetail attribution="Reuters BIP Coding Group" action="confirmed" date="1996-09-29"/>
  </code>
</codes>
<dc element="dc.date.created" value="1996-09-29"/>
<dc element="dc.publisher" value="Reuters Holdings Plc"/>
<dc element="dc.date.published" value="1996-09-29"/>
<dc element="dc.source" value="Reuters"/>
<dc element="dc.creator.location" value="JERUSALEM"/>
<dc element="dc.creator.location.country.name" value="ISRAEL"/>
<dc element="dc.source" value="Reuters"/>
</metadata>
</newsitem>
