<?xml version="1.0" encoding="iso-8859-1" ?>
<newsitem itemid="111400" id="root" date="1996-10-11" xml:lang="en">
<title>USA: Calypte says FDA seeks more information.</title>
<headline>Calypte says FDA seeks more information.</headline>
<dateline>ALAMEDA, Calif. 1996-10-11</dateline>
<text>
<p>Calypte Biomedical Corp said Friday that the FDA will require additional data before approving an amendment to Cambridge Biotech Corp's product license application for Cambridge's HIV-1 Western Blot Kit to allow use of the Western Blot Kit as a confirmatory test with Calypte's HIV-1 urine screening assay.</p>
<p>The Calypte HIV-1 urine screening assay was approved by the FDA in August.</p>
<p>The FDA has requested more data be submitted increasing the number of urine samples in certain clinical groups and modifications in the urine controls supplied by Calypte for use with the Western Blot Kit as a confirmatory for the urine test.</p>
<p>Calypte said it will work closely with Cambridge to reach agreement with the FDA on the precise additional clinical data required, undertake the required studies, and submit those additional data.</p>
</text>
<copyright>(c) Reuters Limited 1996</copyright>
<metadata>
<codes class="bip:countries:1.0">
  <code code="USA">
    <editdetail attribution="Reuters BIP Coding Group" action="confirmed" date="1996-10-11"/>
  </code>
</codes>
<codes class="bip:industries:1.0">
  <code code="I25700">
    <editdetail attribution="Reuters BIP Coding Group" action="confirmed" date="1996-10-11"/>
  </code>
  <code code="I61000">
    <editdetail attribution="Reuters BIP Coding Group" action="confirmed" date="1996-10-11"/>
  </code>
</codes>
<codes class="bip:topics:1.0">
  <code code="C13">
    <editdetail attribution="Reuters BIP Coding Group" action="confirmed" date="1996-10-11"/>
  </code>
  <code code="C22">
    <editdetail attribution="Reuters BIP Coding Group" action="confirmed" date="1996-10-11"/>
  </code>
  <code code="CCAT">
    <editdetail attribution="Reuters BIP Coding Group" action="confirmed" date="1996-10-11"/>
  </code>
</codes>
<dc element="dc.date.created" value="1996-10-11"/>
<dc element="dc.publisher" value="Reuters Holdings Plc"/>
<dc element="dc.date.published" value="1996-10-11"/>
<dc element="dc.source" value="Reuters"/>
<dc element="dc.creator.location" value="ALAMEDA, Calif."/>
<dc element="dc.creator.location.country.name" value="USA"/>
<dc element="dc.source" value="Reuters"/>
</metadata>
</newsitem>
