<?xml version="1.0" encoding="iso-8859-1" ?>
<newsitem itemid="573784" id="root" date="1997-05-09" xml:lang="en">
<title>HONG KONG: HK Telecom head defers media briefings.</title>
<headline>HK Telecom head defers media briefings.</headline>
<dateline>HONG KONG 1997-05-09</dateline>
<text>
<p>Hong Kong Telecommunications Ltd chief executive Linus Cheung postponed a series of media briefings on Friday, the same day trading in shares of Hongkong Telecom and CITIC Pacific was suspended.</p>
<p>A spokeswoman for Hongkong Telecom said she did not know whether the postponement was related to the trading suspension.</p>
<p>Cheung was due to meet journalists later on Friday in one-on-one interviews following Thursday's announcement that the company posted a 12.5 percent rise in net annual profit to HK$11.18 billion.  </p>
<p>The spokeswoman said Hongkong Telecom may issue a statement later in the day on the trading suspension.</p>
<p>&quot;We have nothing to say at this moment. We are trying to get more information,&quot; she said.</p>
<p>The Hong Kong stock exchange said trading in the shares of CITIC Pacific, which holds eight percent of the utility, and Hongkong Telecom had been suspended at their own request.</p>
<p>Speculation has mounted recently of a mainland investor taking a stake in Hongkong Telecom.</p>
<p>-- Hong Kong newsroom (852) 2843 6371</p>
</text>
<copyright>(c) Reuters Limited 1997</copyright>
<metadata>
<codes class="bip:countries:1.0">
  <code code="HKONG">
    <editdetail attribution="Reuters BIP Coding Group" action="confirmed" date="1997-05-09"/>
  </code>
</codes>
<codes class="bip:industries:1.0">
  <code code="I79020">
    <editdetail attribution="Reuters BIP Coding Group" action="confirmed" date="1997-05-09"/>
  </code>
  <code code="I81502">
    <editdetail attribution="Reuters BIP Coding Group" action="confirmed" date="1997-05-09"/>
  </code>
</codes>
<codes class="bip:topics:1.0">
  <code code="C14">
    <editdetail attribution="Reuters BIP Coding Group" action="confirmed" date="1997-05-09"/>
  </code>
  <code code="CCAT">
    <editdetail attribution="Reuters BIP Coding Group" action="confirmed" date="1997-05-09"/>
  </code>
</codes>
<dc element="dc.date.created" value="1997-05-09"/>
<dc element="dc.publisher" value="Reuters Holdings Plc"/>
<dc element="dc.date.published" value="1997-05-09"/>
<dc element="dc.source" value="Reuters"/>
<dc element="dc.creator.location" value="HONG KONG"/>
<dc element="dc.creator.location.country.name" value="HONG KONG"/>
<dc element="dc.source" value="Reuters"/>
</metadata>
</newsitem>
