<?xml version="1.0" encoding="iso-8859-1" ?>
<newsitem itemid="644818" id="root" date="1997-06-06" xml:lang="en">
<title>TAIWAN: China Development up on electronics rise.</title>
<headline>China Development up on electronics rise.</headline>
<dateline>TAIPEI 1997-06-06</dateline>
<text>
<p>Taiwan's leading venture capital and investment firm, China Development Corp, rose in late Friday trade, reflecting a recent surge in electronics, where the firm is heavily invested, brokers said.</p>
<p>With 32 minutes left, China Development was up T$3.5 or three percent to T$120.5 and was among the top three most heavily trade shares.</p>
<p>&quot;As electronics have risen so sharply recently, China Development, which can be seen as a half-electronic share, surely will benefit,&quot; said HSBC James Capel analyst Alex Chen.  </p>
<p>In early May, China Development said that as of March 31, it had invested in 154 local companies with a total investment of T$20.93 billion.</p>
<p>It said its top investment targets were the semiconductor industry, electronic and electrical appliance industry, and computer and telecommunications, which accounted for 22.88 percent, 12.66 percent and 11.44 percent, respectively, of total investment.</p>
<p>-- Taipei Newsroom (5080815)</p>
</text>
<copyright>(c) Reuters Limited 1997</copyright>
<metadata>
<codes class="bip:countries:1.0">
  <code code="TAIWAN">
    <editdetail attribution="Reuters BIP Coding Group" action="confirmed" date="1997-06-06"/>
  </code>
</codes>
<codes class="bip:industries:1.0">
  <code code="I83100">
    <editdetail attribution="Reuters BIP Coding Group" action="confirmed" date="1997-06-06"/>
  </code>
</codes>
<codes class="bip:topics:1.0">
  <code code="C15">
    <editdetail attribution="Reuters BIP Coding Group" action="confirmed" date="1997-06-06"/>
  </code>
  <code code="C152">
    <editdetail attribution="Reuters BIP Coding Group" action="confirmed" date="1997-06-06"/>
  </code>
  <code code="CCAT">
    <editdetail attribution="Reuters BIP Coding Group" action="confirmed" date="1997-06-06"/>
  </code>
</codes>
<dc element="dc.date.created" value="1997-06-06"/>
<dc element="dc.publisher" value="Reuters Holdings Plc"/>
<dc element="dc.date.published" value="1997-06-06"/>
<dc element="dc.source" value="Reuters"/>
<dc element="dc.creator.location" value="TAIPEI"/>
<dc element="dc.creator.location.country.name" value="TAIWAN"/>
<dc element="dc.source" value="Reuters"/>
</metadata>
</newsitem>
