<?xml version="1.0" encoding="iso-8859-1" ?>
<newsitem itemid="20079" id="root" date="1996-08-28" xml:lang="en">
<title>USA: NSC Corp names Barnhart as acting CEO.</title>
<headline>NSC Corp names Barnhart as acting CEO.</headline>
<dateline>BOSTON 1996-08-28</dateline>
<text>
<p>NSC Corp said Tuesday its board had named Victor Barnhart as acting president and CEO following the resignation of Frank Fradella.</p>
<p>NSC said Fradella left the company to take a position with a construction firm in Houston, Texas.</p>
<p>It said the board appointed Barnhart for 90 days, during which he will help it look both within and without the company for a permanent replacement.</p>
<p>NSC said Barnhart will also head WMX Technologies' Integrated Environmental Services business unit in the meantime.</p>
<p>Barnhart once served as president of The Brand Companies Inc, whose asbestos abatement division was bought by NSC in 1993, it said.</p>
<p>NSC Corporation specializes in the contracting industry and supplies asbestos abatement services to industrial, commercial, governmental and institutional clients across the country.</p>
<p>-- New York Newsdesk 212 859-1610</p>
</text>
<copyright>(c) Reuters Limited 1996</copyright>
<metadata>
<codes class="bip:countries:1.0">
  <code code="USA">
    <editdetail attribution="Reuters BIP Coding Group" action="confirmed" date="1996-08-28"/>
  </code>
</codes>
<codes class="bip:industries:1.0">
  <code code="I83700">
    <editdetail attribution="Reuters BIP Coding Group" action="confirmed" date="1996-08-28"/>
  </code>
  <code code="I92110">
    <editdetail attribution="Reuters BIP Coding Group" action="confirmed" date="1996-08-28"/>
  </code>
</codes>
<codes class="bip:topics:1.0">
  <code code="C41">
    <editdetail attribution="Reuters BIP Coding Group" action="confirmed" date="1996-08-28"/>
  </code>
  <code code="C411">
    <editdetail attribution="Reuters BIP Coding Group" action="confirmed" date="1996-08-28"/>
  </code>
  <code code="CCAT">
    <editdetail attribution="Reuters BIP Coding Group" action="confirmed" date="1996-08-28"/>
  </code>
</codes>
<dc element="dc.date.created" value="1996-08-28"/>
<dc element="dc.publisher" value="Reuters Holdings Plc"/>
<dc element="dc.date.published" value="1996-08-28"/>
<dc element="dc.source" value="Reuters"/>
<dc element="dc.creator.location" value="BOSTON"/>
<dc element="dc.creator.location.country.name" value="USA"/>
<dc element="dc.source" value="Reuters"/>
</metadata>
</newsitem>
