<?xml version="1.0" encoding="iso-8859-1" ?>
<newsitem itemid="683444" id="root" date="1997-06-24" xml:lang="en">
<title>USA: Tennessee Gov. signs $14.5 billion budget.</title>
<headline>Tennessee Gov. signs $14.5 billion budget.</headline>
<dateline>NASHVILLE, Tenn. 1997-06-24</dateline>
<text>
<p>Tennessee Gov. Don Sundquist signed the state's $14.5 billion budget into law unchanged from the version passed by the General Assembly.</p>
<p>The budget, signed Monday, reduces the number of state employees by 753 and phases out another 1,015 jobs to save $50 million.</p>
<p>It also reduces the state's contribution to the Tennessee Consolidated Retirement Fund to $200 million from $300 million pending the outcome of an actuarial study.</p>
<p>Most of the estimated $93 million in savings will provide a 1.5 percent pay raise for state employees, said Leslie Higinbotham, a spokeswoman for Sundquist.</p>
<p>The state retirement fund pays benefits to about 65,000 retired state workers. State officials said the contribution could be reduced because the $17.5 billion fund has more than it needs to meet long-term commitments.</p>
<p>((--Miami Bureau, 305-374-5013))</p>
</text>
<copyright>(c) Reuters Limited 1997</copyright>
<metadata>
<codes class="bip:countries:1.0">
  <code code="USA">
    <editdetail attribution="Reuters BIP Coding Group" action="confirmed" date="1997-06-24"/>
  </code>
</codes>
<codes class="bip:topics:1.0">
  <code code="E21">
    <editdetail attribution="Reuters BIP Coding Group" action="confirmed" date="1997-06-24"/>
  </code>
  <code code="E211">
    <editdetail attribution="Reuters BIP Coding Group" action="confirmed" date="1997-06-24"/>
  </code>
  <code code="ECAT">
    <editdetail attribution="Reuters BIP Coding Group" action="confirmed" date="1997-06-24"/>
  </code>
</codes>
<dc element="dc.date.created" value="1997-06-24"/>
<dc element="dc.publisher" value="Reuters Holdings Plc"/>
<dc element="dc.date.published" value="1997-06-24"/>
<dc element="dc.source" value="Reuters"/>
<dc element="dc.creator.location" value="NASHVILLE, Tenn."/>
<dc element="dc.creator.location.country.name" value="USA"/>
<dc element="dc.source" value="Reuters"/>
</metadata>
</newsitem>
