<?xml version="1.0" encoding="iso-8859-1" ?>
<newsitem itemid="293890" id="root" date="1997-01-08" xml:lang="en">
<title>USA: Tulsa Cty ISD 11, Okla., won by Country Club.</title>
<headline>Tulsa Cty ISD 11, Okla., won by Country Club.</headline>
<dateline>NEW YORK 1997-01-08</dateline>
<text>
<p>Country Club Bank said it won $1.500 million of Tulsa Cty ISD 11, Okla., building bonds, 1997, with a net interest cost of 4.43 percent.</p>
</text>
<copyright>(c) Reuters Limited 1997</copyright>
<metadata>
<codes class="bip:countries:1.0">
  <code code="USA">
    <editdetail attribution="Reuters BIP Coding Group" action="confirmed" date="1997-01-08"/>
  </code>
</codes>
<codes class="bip:topics:1.0">
  <code code="E21">
    <editdetail attribution="Reuters BIP Coding Group" action="confirmed" date="1997-01-08"/>
  </code>
  <code code="E212">
    <editdetail attribution="Reuters BIP Coding Group" action="confirmed" date="1997-01-08"/>
  </code>
  <code code="ECAT">
    <editdetail attribution="Reuters BIP Coding Group" action="confirmed" date="1997-01-08"/>
  </code>
</codes>
<dc element="dc.date.created" value="1997-01-08"/>
<dc element="dc.publisher" value="Reuters Holdings Plc"/>
<dc element="dc.date.published" value="1997-01-08"/>
<dc element="dc.source" value="Reuters"/>
<dc element="dc.creator.location" value="NEW YORK"/>
<dc element="dc.creator.location.country.name" value="USA"/>
<dc element="dc.source" value="Reuters"/>
</metadata>
</newsitem>
