<?xml version="1.0" encoding="iso-8859-1" ?>
<newsitem itemid="336048" id="root" date="1997-01-27" xml:lang="en">
<title>FINLAND: DAILY TURNOVER OF FINNISH STATE BENCHMARK BONDS.</title>
<headline>DAILY TURNOVER OF FINNISH STATE BENCHMARK BONDS.</headline>
<dateline>HELSINKI 1997-01-27</dateline>
<text>
<p>The Bank of Finland reported on</p>
<p>Monday the following transactions in Finnish government</p>
<p>benchmark bonds on Friday, January 24.  </p>
<p>	   Transactions between	  Transactions with customers</p>
<p>	     primary dealers:		  purchases   sales</p>
<p> Bond    yield(pct) FIM (mln)	     FIM (mln)   FIM (mln)</p>
<p> 1/92	 3.60	230			320	  204</p>
<p> 1/94	 4.67	340			354	  393</p>
<p> 1/93	 5.66	430			417	  207</p>
<p> 1/96	 6.06	450			634	  244</p>
<p>Note -- Yield is weighted average yield.</p>
<p>--Helsinki newsroom +358 - 9 - 680 50 240</p>
</text>
<copyright>(c) Reuters Limited 1997</copyright>
<metadata>
<codes class="bip:countries:1.0">
  <code code="FIN">
    <editdetail attribution="Reuters BIP Coding Group" action="confirmed" date="1997-01-27"/>
  </code>
</codes>
<codes class="bip:topics:1.0">
  <code code="M12">
    <editdetail attribution="Reuters BIP Coding Group" action="confirmed" date="1997-01-27"/>
  </code>
  <code code="MCAT">
    <editdetail attribution="Reuters BIP Coding Group" action="confirmed" date="1997-01-27"/>
  </code>
</codes>
<dc element="dc.date.created" value="1997-01-27"/>
<dc element="dc.publisher" value="Reuters Holdings Plc"/>
<dc element="dc.date.published" value="1997-01-27"/>
<dc element="dc.source" value="Reuters"/>
<dc element="dc.creator.location" value="HELSINKI"/>
<dc element="dc.creator.location.country.name" value="FINLAND"/>
<dc element="dc.source" value="Reuters"/>
</metadata>
</newsitem>
