<?xml version="1.0" encoding="iso-8859-1" ?>
<newsitem itemid="341905" id="root" date="1997-01-29" xml:lang="en">
<title>BAHRAIN: Saudi fixes coupons on three to five year FRNs.</title>
<headline>Saudi fixes coupons on three to five year FRNs.</headline>
<dateline>MANAMA 1997-01-29</dateline>
<text>
<p>The Saudi Arabian Monetary Agency (SAMA) has fixed coupons on three- and five-year floating rate notes, bankers said on Wednesday.</p>
<p>SAMA announced its second FRN issue worth one billion riyals on Saturday for settlement Wednesday. The rate for three-year notes maturing on January 29, 2000 is 5.8375 percent. The rate for five-year notes, maturing on January 29, 2002 is 5.9875 percent.</p>
<p>They are fixed at 15 basis points over the Saudi interbank offered rate for three years and 30 basis points over for five years.</p>
</text>
<copyright>(c) Reuters Limited 1997</copyright>
<metadata>
<codes class="bip:countries:1.0">
  <code code="SAARAB">
    <editdetail attribution="Reuters BIP Coding Group" action="confirmed" date="1997-01-29"/>
  </code>
</codes>
<codes class="bip:topics:1.0">
  <code code="M12">
    <editdetail attribution="Reuters BIP Coding Group" action="confirmed" date="1997-01-29"/>
  </code>
  <code code="MCAT">
    <editdetail attribution="Reuters BIP Coding Group" action="confirmed" date="1997-01-29"/>
  </code>
</codes>
<dc element="dc.date.created" value="1997-01-29"/>
<dc element="dc.publisher" value="Reuters Holdings Plc"/>
<dc element="dc.date.published" value="1997-01-29"/>
<dc element="dc.source" value="Reuters"/>
<dc element="dc.creator.location" value="MANAMA"/>
<dc element="dc.creator.location.country.name" value="BAHRAIN"/>
<dc element="dc.source" value="Reuters"/>
</metadata>
</newsitem>
