<?xml version="1.0" encoding="iso-8859-1" ?>
<newsitem itemid="365449" id="root" date="1997-02-08" xml:lang="en">
<title>GERMANY: Canada's Martin-forex misalignments cleared up.</title>
<headline>Canada's Martin-forex misalignments cleared up.</headline>
<dateline>BERLIN 1997-02-08</dateline>
<text>
<p>Canada's Finance Minister Paul Martin said on Saturday that misalignments among the currencies of the world's seven most industrialised nations, G7, have returned to more normal levels.</p>
<p>&quot;The fact is that the misalignments that we have discussed over the past couple of years have been cleared up,&quot; Martin told reporters ahead of a meeting of G7 economic policymakers in Berlin.</p>
<p>&quot;The recent situation is reasonably healthy,&quot; he added.</p>
<p>When asked about Canada's economic situation, Martin took an optimistic tone saying: &quot;things are looking very good in Canada. ... We feel quite optimistic about the future.&quot;</p>
<p>Martin said there were no plans to change the government's fiscal targets for this year.</p>
<p>The G7 group consists of the United States, Germany, Japan, France, Italy, Canada and Britain.</p>
<p>--Henry Engler, --Berlin Newsroom, +49 30 2039810</p>
</text>
<copyright>(c) Reuters Limited 1997</copyright>
<metadata>
<codes class="bip:countries:1.0">
  <code code="CANA">
    <editdetail attribution="Reuters BIP Coding Group" action="confirmed" date="1997-02-08"/>
  </code>
  <code code="GFR">
    <editdetail attribution="Reuters BIP Coding Group" action="confirmed" date="1997-02-08"/>
  </code>
  <code code="GSEVEN">
    <editdetail attribution="Reuters BIP Coding Group" action="confirmed" date="1997-02-08"/>
  </code>
</codes>
<codes class="bip:topics:1.0">
  <code code="E12">
    <editdetail attribution="Reuters BIP Coding Group" action="confirmed" date="1997-02-08"/>
  </code>
  <code code="ECAT">
    <editdetail attribution="Reuters BIP Coding Group" action="confirmed" date="1997-02-08"/>
  </code>
  <code code="M13">
    <editdetail attribution="Reuters BIP Coding Group" action="confirmed" date="1997-02-08"/>
  </code>
  <code code="M132">
    <editdetail attribution="Reuters BIP Coding Group" action="confirmed" date="1997-02-08"/>
  </code>
  <code code="MCAT">
    <editdetail attribution="Reuters BIP Coding Group" action="confirmed" date="1997-02-08"/>
  </code>
</codes>
<dc element="dc.date.created" value="1997-02-08"/>
<dc element="dc.publisher" value="Reuters Holdings Plc"/>
<dc element="dc.date.published" value="1997-02-08"/>
<dc element="dc.source" value="Reuters"/>
<dc element="dc.creator.location" value="BERLIN"/>
<dc element="dc.creator.location.country.name" value="GERMANY"/>
<dc element="dc.source" value="Reuters"/>
</metadata>
</newsitem>
