<?xml version="1.0" encoding="iso-8859-1" ?>
<newsitem itemid="35642" id="root" date="1996-09-05" xml:lang="en">
<title>USA: Shelton group holds 5.4 pct HFNC stake.</title>
<headline>Shelton group holds 5.4 pct HFNC stake.</headline>
<dateline>WASHINGTON 1996-09-05</dateline>
<text>
<p>A group led by Shelton Cos, a Charlotte, N.C., private investment firm, said Thursday it has acquired a 5.4 percent stake or 929,583 common shares in HFNC Financial Corp.</p>
<p>In a filing with the Securities and Exchange Commission, the group said its stake includes 96,000 shares it bought between June 29 and August 29 for $1.7 million or $17.647 a share.</p>
<p>The group said it holds the stake for investment purposes.</p>
</text>
<copyright>(c) Reuters Limited 1996</copyright>
<metadata>
<codes class="bip:countries:1.0">
  <code code="USA">
    <editdetail attribution="Reuters BIP Coding Group" action="confirmed" date="1996-09-05"/>
  </code>
</codes>
<codes class="bip:topics:1.0">
  <code code="C18">
    <editdetail attribution="Reuters BIP Coding Group" action="confirmed" date="1996-09-05"/>
  </code>
  <code code="C181">
    <editdetail attribution="Reuters BIP Coding Group" action="confirmed" date="1996-09-05"/>
  </code>
  <code code="CCAT">
    <editdetail attribution="Reuters BIP Coding Group" action="confirmed" date="1996-09-05"/>
  </code>
</codes>
<dc element="dc.date.created" value="1996-09-05"/>
<dc element="dc.publisher" value="Reuters Holdings Plc"/>
<dc element="dc.date.published" value="1996-09-05"/>
<dc element="dc.source" value="Reuters"/>
<dc element="dc.creator.location" value="WASHINGTON"/>
<dc element="dc.creator.location.country.name" value="USA"/>
<dc element="dc.source" value="Reuters"/>
</metadata>
</newsitem>
