<?xml version="1.0" encoding="iso-8859-1" ?>
<newsitem itemid="250734" id="root" date="1996-12-11" xml:lang="en">
<title>INDONESIA: Indonesia shipping - Belawan Port - Dec 11.</title>
<headline>Indonesia shipping - Belawan Port - Dec 11.</headline>
<text>
<p>Vessels at Belawan Port, North Sumatra</p>
<p>Summary:</p>
<p>Vessels unloading : 36  Vessels loading : 21.</p>
<p>---------------------------------------------------------------</p>
<p>Name	    Arrival	 Scheduled    P/Origin   Unloading</p>
<p>Grt	     Date/Time     departure    P/Dest     Loading</p>
<p>Agent</p>
<p>---------------------------------------------------------------</p>
<p>MV		06-12-96	15-12-96     China	steel</p>
<p>Sea Angel     0700	    1800	   China	10,000 tns</p>
<p>23,536								  -</p>
<p>PT Gesuri Lloyd</p>
<p>---------------------------------------------------------------</p>
<p>TB PU 1503/   11-12-96	14-12-96     S'pore     iron</p>
<p>BG.2507	 1800	    1800	   S'pore     2,256 tns</p>
<p>1,478								   -</p>
<p>PT Damai Sari</p>
<p>---------------------------------------------------------------</p>
<p>MV		10-12-96	11-12-96     S'pore     g.cargo</p>
<p>Sun Flora     1500	    0800	   S'pore     500 tns</p>
<p>1,388							     rubber</p>
<p>PT Mega Gema Nusantara					800 tns</p>
<p>---------------------------------------------------------------</p>
<p>MV		10-12-96	12-12-96     S'pore     container</p>
<p>Eagle Cloud   1500	    0600	   Pukhet     140 teus</p>
<p>10,848							    container</p>
<p>PT Bintika Bangunusa					  150 teus</p>
<p>---------------------------------------------------------------</p>
<p>MV		11-12-96	12-12-96     Lhoknga    cement</p>
<p>Cementia	1200	    1100	   Lhoknga    5,000 tns</p>
<p>3,739								   -</p>
<p>PT Burung Laut</p>
<p>---------------------------------------------------------------</p>
<p>MV		11-12-96	13-12-96     T.Perak    container</p>
<p>Marina Mas    1900	    1200	   T.Priok    153 teus</p>
<p>2,693							     container</p>
<p>PT Pulau Laut						   140 teus</p>
<p>---------------------------------------------------------------</p>
<p>KM		11-12-96	12-12-96     Penang     g.cargo</p>
<p>Surya Indah-  1000	    1700	   Penang     100 tns</p>
<p>Jaya								vegetables</p>
<p>173								 200 tns</p>
<p>PT Surya Indah Jaya</p>
<p>---------------------------------------------------------------</p>
<p>TB.C.Jaya-    11-12-96	19-12-96     Labuhan    logs</p>
<p>/TKSU	   0800	    1800	   Kwala-     1,516 tns</p>
<p>643						  Langsa	   -</p>
<p>PT Cipta Rimba Jaya</p>
<p>---------------------------------------------------------------</p>
<p>TB.Kedaung II 11-12-96	13-12-96     Blitung    kwarsa sand</p>
<p>/JF-II	  1800	    0800	   Blitung    1,600 tns</p>
<p>654								     -</p>
<p>PT Dewi Indah Raya</p>
<p>---------------------------------------------------------------</p>
<p>KM		11-12-96	12-12-96     Penang     g.cargo</p>
<p>Eka Naga-     1000	    1600	   Penang     50 tns</p>
<p>Seraya							    vegetables</p>
<p>197								 150 tns</p>
<p>PT Dewi Indah Raya</p>
<p>---------------------------------------------------------------</p>
<p>MT		03-12-96	13-12-96     Tuban	fuel</p>
<p>Sembawang     2000	    0600	   Tuban	3,560 tns</p>
<p>2,884								   -</p>
<p>PT Pertamina</p>
<p>---------------------------------------------------------------</p>
<p>MT		08-12-96	11-12-96     S'pore	   -</p>
<p>Ben Aicha     1200	    0800	   Rotterdam  crude palm</p>
<p>16,477							    kernal oil</p>
<p>PT Admiral Lines						15,000 tns</p>
<p>---------------------------------------------------------------</p>
<p>KM		09-12-96	11-12-96     Palembang  fertiliser</p>
<p>Muchtar-	0600	    2400	   Lhokseu-   8,000 tns</p>
<p>Prabu M					    mawe	     -</p>
<p>7,497</p>
<p>PT Pusri Belawan</p>
<p>---------------------------------------------------------------</p>
<p>Caraka Jaya-  09-12-96	11-12-96     T.Priok    container</p>
<p>N.III-28	0900	    1800	   T.Priok    185 teus</p>
<p>3,256							     container</p>
<p>PT Bahari Haluan Samudera				   100 teus</p>
<p>								    g.cargo</p>
<p>								    800 tns</p>
<p>---------------------------------------------------------------</p>
<p>KM		08-12-96	14-12-96     Surabaya   g.cargo</p>
<p>Tanto-	  2400	    2400	   Surabaya   5,500 tns</p>
<p>Indah								   -</p>
<p>3,903</p>
<p>PT Tanto Intim Line</p>
<p>---------------------------------------------------------------</p>
<p>MT		06-12-96	11-12-96     Tuban	fuel</p>
<p>Pendopo-	0500	    0600	   Dumai	15,565</p>
<p>/P-1020								 -</p>
<p>12,450</p>
<p>PT Pertamina</p>
<p>---------------------------------------------------------------</p>
<p>MV		08-12-96	14-12-96     T.Priok    powder</p>
<p>Cahaya Sejati 1700	    2400	   T.Priok    2,600 tns</p>
<p>1,932								   -</p>
<p>PT Nagah Berlian</p>
<p>---------------------------------------------------------------</p>
<p>MV		09-12-96	14-12-96     China	fertiliser</p>
<p>Fortune-	1800	    1800	   S'pore     5,000 tns</p>
<p>Navigator							     -</p>
<p>3,746</p>
<p>PT Gesuri Lloyd</p>
<p>---------------------------------------------------------------</p>
<p>MV		10-12-96	11-12-96     P.Klang    g.cargo</p>
<p>Kota Suria    1500	    2200	   P.Klang    204 tns</p>
<p>1,249							     g.cargo</p>
<p>PT Djakarta Lloyd					     316 tns</p>
<p>---------------------------------------------------------------</p>
<p>MV		10-12-96	11-12-96     S'pore     container</p>
<p>Fedeer-3	0100	    0400	   S'pore     86 teus</p>
<p>3,875							     container</p>
<p>PT Jaya Kesuma Perdana Line				 56 teus</p>
<p>---------------------------------------------------------------</p>
<p>MV		10-12-96	11-12-96     Lhoknga    cement</p>
<p>Floria	  1100	    1100	   Lhoknga    8,000 tns</p>
<p>6,023								  -</p>
<p>PT Burung Laut</p>
<p>---------------------------------------------------------------</p>
<p>MT		10-12-96	11-12-96     Lampung    palm olein</p>
<p>Cakra-1	 0400	    1800	   T.Priok    1,400 tns</p>
<p>1,128							     palm olein</p>
<p>PT Sumatera Indah Raya Line				 2,000 tns</p>
<p>---------------------------------------------------------------</p>
<p>KM		10-12-96	12-12-96     Surabaya   g.cargo</p>
<p>Kalimantan-1  1600	    2400	   T.Priok    2,432 tns</p>
<p>1,165								   -</p>
<p>PT Deli Madju</p>
<p>---------------------------------------------------------------</p>
<p>KM		10-12-96	11-12-96     Penang	   -</p>
<p>Cipta Karya   1100	    1700	   Belawan    g.cargo</p>
<p>171								 150 tns</p>
<p>PT Cakrawala Kirana Rintis Nusantara</p>
<p>---------------------------------------------------------------</p>
<p>KM		10-12-96	16-12-96     T.Priok    g.cargo</p>
<p>Tanto Raya    1800	    1800	   T.Priok    4,500 tns</p>
<p>3,266							     g.cargo</p>
<p>PT Tanjung							3,000 tns</p>
<p>---------------------------------------------------------------</p>
<p>KM		09-12-96	14-12-96     T.Priok    g.cargo</p>
<p>Ganesa	  0400	    2400	   T.Priok    2,600 tns</p>
<p>2,143							     g.cargo</p>
<p>PT Nagah Berlian						2,100 tns</p>
<p>---------------------------------------------------------------</p>
<p>KM		08-12-96	12-12-96     T.Priok	  -</p>
<p>Permaisuri    0400	    1800	   T.Priok    palm olein</p>
<p>1,226							     2,200 tns</p>
<p>PT Sumatera Indah Raya Line</p>
<p>---------------------------------------------------------------</p>
<p>MT		09-12-96	11-12-96     P.Sambu    fuel oil</p>
<p>Arun-XV	 1300	    1600	   P.Sambu    1,800 tns</p>
<p>1,530								   -</p>
<p>PT Bahtera Twadika Mandiri</p>
<p>---------------------------------------------------------------</p>
<p>KM		10-12-96	12-12-96     T.Priok    g.cargo</p>
<p>Pulau-	  1400	    2400	   T.Priok    2,051 tns</p>
<p>Kalimantan							    -</p>
<p>2,226</p>
<p>PT United Shipping Organization</p>
<p>---------------------------------------------------------------</p>
<p>MV		09-12-96	11-12-96     Pontianak  palm kernal</p>
<p>Maruto	  0200	    1800	   Belawan    expeller</p>
<p>Daya-900							  518 tns</p>
<p>878								     -</p>
<p>PT Bahtera Adhiguna Jakarta</p>
<p>---------------------------------------------------------------</p>
<p>KM		08-12-96	11-12-96     Dumai	fertiliser</p>
<p>Setya-	  2000	    1800	   Dumai	2,000 tns</p>
<p>Pratama							   fertiliser</p>
<p>3,228							     4,000 tns</p>
<p>PT Abadi Inti Line</p>
<p>---------------------------------------------------------------</p>
<p>MT		05-12-96	11-12-96     P.Klang	  -</p>
<p>Antea	   1900	    0800	   Kuala-     crude palm</p>
<p>16,689					     Enok	 oil</p>
<p>PT Samudera Indonesia					 25,000 tns</p>
<p>---------------------------------------------------------------</p>
<p>KM		07-12-96	11-12-96     S'pore     aluminium</p>
<p>Buana Abadi   1600	    2400	   Pekan-     400 tns</p>
<p>282						  baru	 fertiliser</p>
<p>PT Sumatera Indah Raya Line				 400 tns</p>
<p>---------------------------------------------------------------</p>
<p>KM		06-12-96	15-12-96     Surabaya   g.cargo</p>
<p>Melati-	 2300	    2400	   Surabaya   4,500 tns</p>
<p>Pratama							   g.cargo</p>
<p>3,010							     3,500 tns</p>
<p>PT Nagah Berlian</p>
<p>---------------------------------------------------------------</p>
<p>TB		06-12-96	12-12-96     Sei-	 logs</p>
<p>Rapido/TK     1100	    1800	   Guntung    2,500 tns</p>
<p>S Lion					     Singkil	  -</p>
<p>1,362</p>
<p>PT Citra Antar Buana</p>
<p>---------------------------------------------------------------</p>
<p>KM		05-12-96	11-12-96     T.Priok    g.cargo</p>
<p>Mahkutai	1200	    2400	   T.Priok    2,105 tns</p>
<p>1,978							     g.cargo</p>
<p>PT Abadi Inti Line					    3,000 tns</p>
<p>---------------------------------------------------------------</p>
<p>MV		05-12-96	11-12-96     Kalianget  salt</p>
<p>Roda-	   1700	    1800	   Surabaya   5,500 tns</p>
<p>Perkasa								 -</p>
<p>3,979</p>
<p>PT Garam</p>
<p>---------------------------------------------------------------</p>
<p>MV		28-11-96	18-12-96     Port Said  fertiliser</p>
<p>Yick Fat	2300	    1800	   Panjang    18,700 tns</p>
<p>24,552								  -</p>
<p>PT Trikora Lloyd</p>
<p>---------------------------------------------------------------</p>
<p>MV		27-11-96	14-12-96     Port Said  iron scrap</p>
<p>Sincare-	0500	    1600	   Panjang    30,524 tns</p>
<p>Oceanus								 -</p>
<p>22,792</p>
<p>PT Trikora Lloyd</p>
<p>---------------------------------------------------------------</p>
<p>Caraka Jaya-  27-11-96	11-12-96     T.Priok    g.cargo</p>
<p>N.III-3	 2100	    1800	   Lhokseu-   2,800 tns</p>
<p>3,158						mawe	 g.cargo</p>
<p>PT Tanjung							1,000 tns</p>
<p>----------------------------------------------------------------</p>
<p>-- Jakarta Newsroom +6221 384-6364</p>
</text>
<copyright>(c) Reuters Limited 1996</copyright>
<metadata>
<codes class="bip:countries:1.0">
  <code code="INDON">
    <editdetail attribution="Reuters BIP Coding Group" action="confirmed" date="1996-12-11"/>
  </code>
</codes>
<codes class="bip:industries:1.0">
  <code code="I74000">
    <editdetail attribution="Reuters BIP Coding Group" action="confirmed" date="1996-12-11"/>
  </code>
  <code code="I76300">
    <editdetail attribution="Reuters BIP Coding Group" action="confirmed" date="1996-12-11"/>
  </code>
  <code code="I77002">
    <editdetail attribution="Reuters BIP Coding Group" action="confirmed" date="1996-12-11"/>
  </code>
</codes>
<codes class="bip:topics:1.0">
  <code code="CCAT">
    <editdetail attribution="Reuters BIP Coding Group" action="confirmed" date="1996-12-11"/>
  </code>
  <code code="M14">
    <editdetail attribution="Reuters BIP Coding Group" action="confirmed" date="1996-12-11"/>
  </code>
  <code code="MCAT">
    <editdetail attribution="Reuters BIP Coding Group" action="confirmed" date="1996-12-11"/>
  </code>
</codes>
<dc element="dc.publisher" value="Reuters Holdings Plc"/>
<dc element="dc.date.published" value="1996-12-11"/>
<dc element="dc.source" value="Reuters"/>
<dc element="dc.creator.location.country.name" value="INDONESIA"/>
<dc element="dc.source" value="Reuters"/>
</metadata>
</newsitem>
