<?xml version="1.0" encoding="iso-8859-1" ?>
<newsitem itemid="177221" id="root" date="1996-11-08" xml:lang="en">
<title>SWEDEN: Spain ranked most sinful country by Swedish paper.</title>
<headline>Spain ranked most sinful country by Swedish paper.</headline>
<dateline>STOCKHOLM 1996-11-08</dateline>
<text>
<p>A Swedish survey on Friday cast Spain as the most sinful nation among a group of leading industrialised countries.</p>
<p>The list, compiled by export journal Svensk Export Strategi as a guide for travelling businessmen, ranked 19 nations according to seven modern deadly sins - smoking, drinking, drugs, gambling, lavish eating, nightlife and prostitution.</p>
<p>Spain was the clear winner, topping both nightlife and gambling categories but the Nordic countries -- Sweden, Finland and Norway -- were bottom of the sin list.</p>
<p>&quot;The concept of sinful Sweden in the 1950s and 1960s was just an illusion,&quot; Strategi said.</p>
<p>&quot;The Swedish authorities have protected the Swedes from many temptations,&quot; it said wryly.</p>
<p>However, the paper said Spain had become a den of vice in the post-Franco era.</p>
<p>&quot;Previously Spaniards had a siesta to avoid the middday heat. These days they sleep late into the morning in order to recover from their nocturnal exploits... going out to restaurants at ten in the evening,&quot; the paper said.</p>
<p>France was the second most wicked country, with the highest per capital consumption of alcohol, Strategi said.</p>
<p>The United States was third on the list. Its drug abuse problem was the worst out of the 19 countries and America also had the highest number of expensive restaurants and hotels.</p>
<p>Prostitution was most prolific in the Netherlands, which was ranked fifth in the vice list after Britain, but scarcest in Ireland, 14th on the list of sinfullness.</p>
<p>Denmark, where it is fashionable for women to smoke cigarillos, had the most smokers, and ranked sixth.</p>
<p>Germany was listed seventh followed by Austria, Belgium, Italy, Switzerland, Luxembourg and Greece. Portugal came 17th followed by Japan, which was second worst in the smoking stakes.</p>
</text>
<copyright>(c) Reuters Limited 1996</copyright>
<metadata>
<codes class="bip:countries:1.0">
  <code code="AUST">
    <editdetail attribution="Reuters BIP Coding Group" action="confirmed" date="1996-11-08"/>
  </code>
  <code code="BELG">
    <editdetail attribution="Reuters BIP Coding Group" action="confirmed" date="1996-11-08"/>
  </code>
  <code code="DEN">
    <editdetail attribution="Reuters BIP Coding Group" action="confirmed" date="1996-11-08"/>
  </code>
  <code code="FIN">
    <editdetail attribution="Reuters BIP Coding Group" action="confirmed" date="1996-11-08"/>
  </code>
  <code code="FRA">
    <editdetail attribution="Reuters BIP Coding Group" action="confirmed" date="1996-11-08"/>
  </code>
  <code code="GFR">
    <editdetail attribution="Reuters BIP Coding Group" action="confirmed" date="1996-11-08"/>
  </code>
  <code code="GREECE">
    <editdetail attribution="Reuters BIP Coding Group" action="confirmed" date="1996-11-08"/>
  </code>
  <code code="IRE">
    <editdetail attribution="Reuters BIP Coding Group" action="confirmed" date="1996-11-08"/>
  </code>
  <code code="ITALY">
    <editdetail attribution="Reuters BIP Coding Group" action="confirmed" date="1996-11-08"/>
  </code>
  <code code="JAP">
    <editdetail attribution="Reuters BIP Coding Group" action="confirmed" date="1996-11-08"/>
  </code>
  <code code="LUX">
    <editdetail attribution="Reuters BIP Coding Group" action="confirmed" date="1996-11-08"/>
  </code>
  <code code="NETH">
    <editdetail attribution="Reuters BIP Coding Group" action="confirmed" date="1996-11-08"/>
  </code>
  <code code="NORW">
    <editdetail attribution="Reuters BIP Coding Group" action="confirmed" date="1996-11-08"/>
  </code>
  <code code="PORL">
    <editdetail attribution="Reuters BIP Coding Group" action="confirmed" date="1996-11-08"/>
  </code>
  <code code="SPAIN">
    <editdetail attribution="Reuters BIP Coding Group" action="confirmed" date="1996-11-08"/>
  </code>
  <code code="SWED">
    <editdetail attribution="Reuters BIP Coding Group" action="confirmed" date="1996-11-08"/>
  </code>
  <code code="SWITZ">
    <editdetail attribution="Reuters BIP Coding Group" action="confirmed" date="1996-11-08"/>
  </code>
  <code code="UK">
    <editdetail attribution="Reuters BIP Coding Group" action="confirmed" date="1996-11-08"/>
  </code>
  <code code="USA">
    <editdetail attribution="Reuters BIP Coding Group" action="confirmed" date="1996-11-08"/>
  </code>
</codes>
<codes class="bip:topics:1.0">
  <code code="GCAT">
    <editdetail attribution="Reuters BIP Coding Group" action="confirmed" date="1996-11-08"/>
  </code>
  <code code="GODD">
    <editdetail attribution="Reuters BIP Coding Group" action="confirmed" date="1996-11-08"/>
  </code>
</codes>
<dc element="dc.date.created" value="1996-11-08"/>
<dc element="dc.publisher" value="Reuters Holdings Plc"/>
<dc element="dc.date.published" value="1996-11-08"/>
<dc element="dc.source" value="Reuters"/>
<dc element="dc.creator.location" value="STOCKHOLM"/>
<dc element="dc.creator.location.country.name" value="SWEDEN"/>
<dc element="dc.source" value="Reuters"/>
</metadata>
</newsitem>
