<?xml version="1.0" encoding="iso-8859-1" ?>
<newsitem itemid="415409" id="root" date="1997-03-03" xml:lang="en">
<title>CANADA: Ocelot Energy Inc Q4 net turns to profit.</title>
<headline>Ocelot Energy Inc Q4 net turns to profit.</headline>
<dateline>CALGARY 1997-03-03</dateline>
<text>
<p>1996			  1995</p>
<p> Shr	 Profit	C$0.03     Loss	C$0.01</p>
<p> Net	 Profit	   901     Loss	   336</p>
<p> Cash flow/shr	     0.42		     0.21</p>
<p> Revs			35,069		   11,559</p>
<p>		  YEAR</p>
<p> Shr	 Profit	C$0.02   Profit	C$0.64</p>
<p> Net	 Profit	   532   Profit	18,378</p>
<p> Cash flow/shr	     1.29		     1.94</p>
<p> Revs		     153,867		  122,539</p>
<p> Avg shrs		  28,066		   28,773</p>
<p>		  (All data above 000s except per share numbers)</p>
<p>((Reuters Toronto Bureau (416) 941-8100))</p>
</text>
<copyright>(c) Reuters Limited 1997</copyright>
<metadata>
<codes class="bip:countries:1.0">
  <code code="CANA">
    <editdetail attribution="Reuters BIP Coding Group" action="confirmed" date="1997-03-03"/>
  </code>
</codes>
<codes class="bip:industries:1.0">
  <code code="I13000">
    <editdetail attribution="Reuters BIP Coding Group" action="confirmed" date="1997-03-03"/>
  </code>
</codes>
<codes class="bip:topics:1.0">
  <code code="C15">
    <editdetail attribution="Reuters BIP Coding Group" action="confirmed" date="1997-03-03"/>
  </code>
  <code code="C151">
    <editdetail attribution="Reuters BIP Coding Group" action="confirmed" date="1997-03-03"/>
  </code>
  <code code="C1511">
    <editdetail attribution="Reuters BIP Coding Group" action="confirmed" date="1997-03-03"/>
  </code>
  <code code="CCAT">
    <editdetail attribution="Reuters BIP Coding Group" action="confirmed" date="1997-03-03"/>
  </code>
</codes>
<dc element="dc.date.created" value="1997-03-03"/>
<dc element="dc.publisher" value="Reuters Holdings Plc"/>
<dc element="dc.date.published" value="1997-03-03"/>
<dc element="dc.source" value="Reuters"/>
<dc element="dc.creator.location" value="CALGARY"/>
<dc element="dc.creator.location.country.name" value="CANADA"/>
<dc element="dc.source" value="Reuters"/>
</metadata>
</newsitem>
