<?xml version="1.0" encoding="iso-8859-1" ?>
<newsitem itemid="643885" id="root" date="1997-06-06" xml:lang="en">
<title>UK: BOE allots 150 mln stg in outright bills, repos.</title>
<headline>BOE allots 150 mln stg in outright bills, repos.</headline>
<dateline>LONDON 1997-06-06</dateline>
<text>
<p>The Bank of England said that it provided the UK money market with 150 million stg of assistance at a new repo rate of 6.5 percent, after raising official interest rates by a quarter-point to the same level.</p>
<p>It allotted 132 million stg in bills outright and 18 million stg in repos to June 23.</p>
<p>-- London Newsroom +44 171 542 5109</p>
</text>
<copyright>(c) Reuters Limited 1997</copyright>
<metadata>
<codes class="bip:countries:1.0">
  <code code="UK">
    <editdetail attribution="Reuters BIP Coding Group" action="confirmed" date="1997-06-06"/>
  </code>
</codes>
<codes class="bip:topics:1.0">
  <code code="M13">
    <editdetail attribution="Reuters BIP Coding Group" action="confirmed" date="1997-06-06"/>
  </code>
  <code code="M131">
    <editdetail attribution="Reuters BIP Coding Group" action="confirmed" date="1997-06-06"/>
  </code>
  <code code="MCAT">
    <editdetail attribution="Reuters BIP Coding Group" action="confirmed" date="1997-06-06"/>
  </code>
</codes>
<dc element="dc.date.created" value="1997-06-06"/>
<dc element="dc.publisher" value="Reuters Holdings Plc"/>
<dc element="dc.date.published" value="1997-06-06"/>
<dc element="dc.source" value="Reuters"/>
<dc element="dc.creator.location" value="LONDON"/>
<dc element="dc.creator.location.country.name" value="UK"/>
<dc element="dc.source" value="Reuters"/>
</metadata>
</newsitem>
