<?xml version="1.0" encoding="iso-8859-1" ?>
<newsitem itemid="800344" id="root" date="1997-08-14" xml:lang="en">
<title>UK: BASF SEES 4 BLN DM PHARMA SALES IN 1997.</title>
<headline>BASF SEES 4 BLN DM PHARMA SALES IN 1997.</headline>
<dateline>LONDON 1997-08-14</dateline>
<text>
<p>German chemicals company BASF AG said on Thursday that it expected to generate sales of about four billion marks this year.</p>
<p>At a news conference here BASF chairman Juergen Strube said, &quot;the sales increase will be provided by our own new products.&quot;</p>
<p>He expects increases in pharmaceutical sales above market growth in the medium term.</p>
<p>Strube also said that BASF expects final approval to market its meridia drug against obesity related diseases by the end of this year.</p>
<p>Two weeks ago, BASF agreed on a settlement of the lawsuits concerning synthroid, a drug for treating thyroid insufficiency.</p>
<p>Strube said that the agreement which is subject to court approval, will involve 98 million dollars being paid into a settlement fund.</p>
<p>He added that synthroid sales have not been affected as a result of this situation.</p>
<p>--London Newsroom +44 171 542 4019</p>
</text>
<copyright>(c) Reuters Limited 1997</copyright>
<metadata>
<codes class="bip:countries:1.0">
  <code code="GFR">
    <editdetail attribution="Reuters BIP Coding Group" action="confirmed" date="1997-08-14"/>
  </code>
  <code code="UK">
    <editdetail attribution="Reuters BIP Coding Group" action="confirmed" date="1997-08-14"/>
  </code>
</codes>
<codes class="bip:industries:1.0">
  <code code="I25000">
    <editdetail attribution="Reuters BIP Coding Group" action="confirmed" date="1997-08-14"/>
  </code>
</codes>
<codes class="bip:topics:1.0">
  <code code="C15">
    <editdetail attribution="Reuters BIP Coding Group" action="confirmed" date="1997-08-14"/>
  </code>
  <code code="C152">
    <editdetail attribution="Reuters BIP Coding Group" action="confirmed" date="1997-08-14"/>
  </code>
  <code code="C31">
    <editdetail attribution="Reuters BIP Coding Group" action="confirmed" date="1997-08-14"/>
  </code>
  <code code="CCAT">
    <editdetail attribution="Reuters BIP Coding Group" action="confirmed" date="1997-08-14"/>
  </code>
</codes>
<dc element="dc.date.created" value="1997-08-14"/>
<dc element="dc.publisher" value="Reuters Holdings Plc"/>
<dc element="dc.date.published" value="1997-08-14"/>
<dc element="dc.source" value="Reuters"/>
<dc element="dc.creator.location" value="LONDON"/>
<dc element="dc.creator.location.country.name" value="UK"/>
<dc element="dc.source" value="Reuters"/>
</metadata>
</newsitem>
