<?xml version="1.0" encoding="iso-8859-1" ?>
<newsitem itemid="103899" id="root" date="1996-10-08" xml:lang="en">
<title>SINGAPORE: Singapore shares fall, 2,100 support seen tested.</title>
<headline>Singapore shares fall, 2,100 support seen tested.</headline>
<dateline>SINGAPORE 1996-10-08</dateline>
<text>
<p>Lack of confidence in the Singapore share market pushed stocks to close lower on Tuesday.</p>
<p>&quot;There has been more or less across the board selling of index stocks,&quot; said an institutional dealer.</p>
<p>&quot;Funds are just not confident that Singapores shares can perform better than alternative markets,&quot; he said.</p>
<p>Dealers said selling hit over the counter stocks and second liners as well.</p>
<p>The 30-share Straits Times Industrials Index lost 10.62 points to 2,116.04. Market turnover was slight at 76.96 million shares with losers outweighing gainers by 225 to 80.  </p>
<p>Funds perferred to invest in Malaysia or Hong Kong markets for the time being, dealers said.</p>
<p>They said they expected the STII to test support at 2,100 this week.  &quot;Even if that level holds, there is not much upside in Singapore,&quot; said a dealer at a Japanese securities firm.</p>
<p>DBS Land topped the actives with 3.7 million shares and fell Singapore $0.08 to S$4.44. It saw 345,000 shares crossed at various prices. Another property counter City Development rose S$0.20 to S$11. &quot;Views on the property sector is mixed,&quot; said a dealer.--JOSEPHINE NG (65-8703094)</p>
</text>
<copyright>(c) Reuters Limited 1996</copyright>
<metadata>
<codes class="bip:countries:1.0">
  <code code="SINGP">
    <editdetail attribution="Reuters BIP Coding Group" action="confirmed" date="1996-10-08"/>
  </code>
</codes>
<codes class="bip:topics:1.0">
  <code code="M11">
    <editdetail attribution="Reuters BIP Coding Group" action="confirmed" date="1996-10-08"/>
  </code>
  <code code="MCAT">
    <editdetail attribution="Reuters BIP Coding Group" action="confirmed" date="1996-10-08"/>
  </code>
</codes>
<dc element="dc.date.created" value="1996-10-08"/>
<dc element="dc.publisher" value="Reuters Holdings Plc"/>
<dc element="dc.date.published" value="1996-10-08"/>
<dc element="dc.source" value="Reuters"/>
<dc element="dc.creator.location" value="SINGAPORE"/>
<dc element="dc.creator.location.country.name" value="SINGAPORE"/>
<dc element="dc.source" value="Reuters"/>
</metadata>
</newsitem>
