<?xml version="1.0" encoding="iso-8859-1" ?>
<newsitem itemid="809296" id="root" date="1997-08-19" xml:lang="en">
<title>USA: Winston Hotels CFO Philip Alfano to resign.</title>
<headline>Winston Hotels CFO Philip Alfano to resign.</headline>
<dateline>RALEIGH, N.C. 1997-08-19</dateline>
<text>
<p>Winston Hotels Inc said Tuesday that that Philip Alfano will resign as chief financial officer of the company to pursue personal interests.</p>
<p>Alfano will continue to handle day-to-day operations as CFO during the near-term and remain available in an advisory role to assist the company in the transition to a new CFO, a news release issued by Winston said.</p>
<p>The company said it engaged the executive search firm of Heidrick and Struggles to help select Alfano's replacement.</p>
<p>Winston is a real estate investment trust specializing in the acquisition, rehabilitation and development of premium limited-service and high-end extended-stay hotel properties.</p>
</text>
<copyright>(c) Reuters Limited 1997</copyright>
<metadata>
<codes class="bip:countries:1.0">
  <code code="USA">
    <editdetail attribution="Reuters BIP Coding Group" action="confirmed" date="1997-08-19"/>
  </code>
</codes>
<codes class="bip:industries:1.0">
  <code code="I66500">
    <editdetail attribution="Reuters BIP Coding Group" action="confirmed" date="1997-08-19"/>
  </code>
</codes>
<codes class="bip:topics:1.0">
  <code code="C41">
    <editdetail attribution="Reuters BIP Coding Group" action="confirmed" date="1997-08-19"/>
  </code>
  <code code="C411">
    <editdetail attribution="Reuters BIP Coding Group" action="confirmed" date="1997-08-19"/>
  </code>
  <code code="CCAT">
    <editdetail attribution="Reuters BIP Coding Group" action="confirmed" date="1997-08-19"/>
  </code>
</codes>
<dc element="dc.date.created" value="1997-08-19"/>
<dc element="dc.publisher" value="Reuters Holdings Plc"/>
<dc element="dc.date.published" value="1997-08-19"/>
<dc element="dc.source" value="Reuters"/>
<dc element="dc.creator.location" value="RALEIGH, N.C."/>
<dc element="dc.creator.location.country.name" value="USA"/>
<dc element="dc.source" value="Reuters"/>
</metadata>
</newsitem>
