<?xml version="1.0" encoding="iso-8859-1" ?>
<newsitem itemid="483069" id="root" date="1997-04-02" xml:lang="en">
<title>REPUBLIC OF IRELAND: Goulandris ups Waterford Wedgwood stake.</title>
<headline>Goulandris ups Waterford Wedgwood stake.</headline>
<dateline>DUBLIN 1997-04-02</dateline>
<text>
<p>Waterford Wedgwood Plc said on Wednesday that Araquipa International Limited, a company controlled by Peter John Goulandris, had acquired 26.5 million stock units in the group from a limited partnership controlled by Morgan Stanley Capital Partners.</p>
<p>Goulandris' shareholding in the group has increased to 6.247 percent from 2.608 percent while Morgan Stanley Capital Partners' stake, held through Shuttleway, has fallen to around 3.64 percent from 7.28 percent, Waterford Wedgwood said in a statement.</p>
<p>Goulandris, a brother-in-law of Waterford Wedgwood chairman Tony O'Reilly, acquired the stock units pursuant to the exercise on March 25 of an option by Araquipa.</p>
<p>The price on exercise of this option was 85.9 Irish pence per share, the average mid-market price over the five dealing days before the closing of the acquisition on Tuesday.</p>
<p>As a result of Araquipa's purchase and an unrelated disposal, Shuttleway's holding in Waterford Wedgwood has been reduced to 19.938 percent.</p>
<p>Irish industrial holding group Fitzwilton Plc is also involved in Shuttleway.</p>
<p>As a result of the disposal of the Morgan Stanley Capital Partners shareholding, Fitzwilton controls 81.75 percent of the stock units held by Shuttleway, representing 16.3 percent of the current issued share capital of the group.</p>
<p>Fitzwilton's interest in Waterford Wedgwood remains unchanged at 12.79 percent.</p>
<p>-- Dublin Newsroom +353 1 676 9779</p>
</text>
<copyright>(c) Reuters Limited 1997</copyright>
<metadata>
<codes class="bip:countries:1.0">
  <code code="IRE">
    <editdetail attribution="Reuters BIP Coding Group" action="confirmed" date="1997-04-02"/>
  </code>
</codes>
<codes class="bip:industries:1.0">
  <code code="I24700">
    <editdetail attribution="Reuters BIP Coding Group" action="confirmed" date="1997-04-02"/>
  </code>
  <code code="I83960">
    <editdetail attribution="Reuters BIP Coding Group" action="confirmed" date="1997-04-02"/>
  </code>
</codes>
<codes class="bip:topics:1.0">
  <code code="C18">
    <editdetail attribution="Reuters BIP Coding Group" action="confirmed" date="1997-04-02"/>
  </code>
  <code code="C181">
    <editdetail attribution="Reuters BIP Coding Group" action="confirmed" date="1997-04-02"/>
  </code>
  <code code="CCAT">
    <editdetail attribution="Reuters BIP Coding Group" action="confirmed" date="1997-04-02"/>
  </code>
</codes>
<dc element="dc.date.created" value="1997-04-02"/>
<dc element="dc.publisher" value="Reuters Holdings Plc"/>
<dc element="dc.date.published" value="1997-04-02"/>
<dc element="dc.source" value="Reuters"/>
<dc element="dc.creator.location" value="DUBLIN"/>
<dc element="dc.creator.location.country.name" value="REPUBLIC OF IRELAND"/>
<dc element="dc.source" value="Reuters"/>
</metadata>
</newsitem>
