<?xml version="1.0" encoding="iso-8859-1" ?>
<newsitem itemid="245288" id="root" date="1996-12-10" xml:lang="en">
<title>USA: UN says 1st Iraqi oil contract okayed, new ones in.</title>
<headline>UN says 1st Iraqi oil contract okayed, new ones in.</headline>
<dateline>NEW YORK 1996-12-10</dateline>
<text>
<p>The United Nations approved the first Iraqi oil contract on Tuesday and received two new ones for approval, a U.N. spokesman said.</p>
<p>He wouldn't give details but the first approved contract is widely believed to be for the Turkish state oil company Tupras, which earlier Tuesday said in a statement that it would take 75,000 barrels per day from the Iraqi State Oil Marketing Organisation (SOMO) immediately and had submitted a contract for approval.</p>
<p>No price was disclosed but it wasn't submitted for special approval to the U.N. Sanctions Committee on Iraq and therefore must have followed the formulas agreed to, which for European customers for December delivery was $1.55 a barrel below benchmark North Sea Brent blend, diplomats said. They said the contract would run for six months.</p>
<p>Diplomats said Elf Aquitaine had submitted a contract which was rejected on technical grounds, basically because it was submitted through the wrong channels.</p>
<p>The contracts have begun to come in for approval following the final approval by U.N. Secretary-General Boutros Boutros Ghali on Monday of the &quot;oil-for-food&quot; deal, allowing Iraq to sell up to $2 billion of oil over six months (renewable) to pay for badly needed food, medicines and other humanitarian supplies.</p>
<p>The contracts must be approved by four overseers contracted by the U.N. Secretariat and the procedures set out under the terms of the U.N.-Iraq agreement must be strictly adhered to.</p>
<p>-- New York Energy Desk, +1 212 859 1620</p>
</text>
<copyright>(c) Reuters Limited 1996</copyright>
<metadata>
<codes class="bip:countries:1.0">
  <code code="IRAQ">
    <editdetail attribution="Reuters BIP Coding Group" action="confirmed" date="1996-12-10"/>
  </code>
  <code code="UN">
    <editdetail attribution="Reuters BIP Coding Group" action="confirmed" date="1996-12-10"/>
  </code>
  <code code="USA">
    <editdetail attribution="Reuters BIP Coding Group" action="confirmed" date="1996-12-10"/>
  </code>
</codes>
<codes class="bip:industries:1.0">
  <code code="I13000">
    <editdetail attribution="Reuters BIP Coding Group" action="confirmed" date="1996-12-10"/>
  </code>
  <code code="I1300003">
    <editdetail attribution="Reuters BIP Coding Group" action="confirmed" date="1996-12-10"/>
  </code>
  <code code="I14000">
    <editdetail attribution="Reuters BIP Coding Group" action="confirmed" date="1996-12-10"/>
  </code>
</codes>
<codes class="bip:topics:1.0">
  <code code="C31">
    <editdetail attribution="Reuters BIP Coding Group" action="confirmed" date="1996-12-10"/>
  </code>
  <code code="C312">
    <editdetail attribution="Reuters BIP Coding Group" action="confirmed" date="1996-12-10"/>
  </code>
  <code code="C33">
    <editdetail attribution="Reuters BIP Coding Group" action="confirmed" date="1996-12-10"/>
  </code>
  <code code="CCAT">
    <editdetail attribution="Reuters BIP Coding Group" action="confirmed" date="1996-12-10"/>
  </code>
</codes>
<dc element="dc.date.created" value="1996-12-10"/>
<dc element="dc.publisher" value="Reuters Holdings Plc"/>
<dc element="dc.date.published" value="1996-12-10"/>
<dc element="dc.source" value="Reuters"/>
<dc element="dc.creator.location" value="NEW YORK"/>
<dc element="dc.creator.location.country.name" value="USA"/>
<dc element="dc.source" value="Reuters"/>
</metadata>
</newsitem>
