<?xml version="1.0" encoding="iso-8859-1" ?>
<newsitem itemid="786155" id="root" date="1997-08-07" xml:lang="en">
<title>GERMANY: COMMERZBANK SEES ADIDAS SHARES AT 250 DMK.</title>
<headline>COMMERZBANK SEES ADIDAS SHARES AT 250 DMK.</headline>
<dateline>FRANKFURT 1997-08-07</dateline>
<text>
<p>Commerzbank said on Thursday that it reaffirmed a &quot;buy&quot; recommendation for sportswear maker Adidas AG and set a price target of 250 marks for the share over the next six months.</p>
<p>Adidas shares were trading at 230.40 marks at 1052 GMT, up 12.40 marks from Wednesday's close.</p>
<p>Commerzbank said that even after six months, the shares should keep rising amid further business growth and the planned inclusion in 1998 in the 30-share DAX index.</p>
<p>Commerzbank noted that Adidas' first-half results released on Wednesday showed continued rapid business growth, a rise in profit margins and a 56 percent rise in the company's order backlog.</p>
<p>--Frankfurt Newsroom, +49 69 756525</p>
</text>
<copyright>(c) Reuters Limited 1997</copyright>
<metadata>
<codes class="bip:countries:1.0">
  <code code="GFR">
    <editdetail attribution="Reuters BIP Coding Group" action="confirmed" date="1997-08-07"/>
  </code>
</codes>
<codes class="bip:industries:1.0">
  <code code="I45000">
    <editdetail attribution="Reuters BIP Coding Group" action="confirmed" date="1997-08-07"/>
  </code>
</codes>
<codes class="bip:topics:1.0">
  <code code="C15">
    <editdetail attribution="Reuters BIP Coding Group" action="confirmed" date="1997-08-07"/>
  </code>
  <code code="C152">
    <editdetail attribution="Reuters BIP Coding Group" action="confirmed" date="1997-08-07"/>
  </code>
  <code code="CCAT">
    <editdetail attribution="Reuters BIP Coding Group" action="confirmed" date="1997-08-07"/>
  </code>
</codes>
<dc element="dc.date.created" value="1997-08-07"/>
<dc element="dc.publisher" value="Reuters Holdings Plc"/>
<dc element="dc.date.published" value="1997-08-07"/>
<dc element="dc.source" value="Reuters"/>
<dc element="dc.creator.location" value="FRANKFURT"/>
<dc element="dc.creator.location.country.name" value="GERMANY"/>
<dc element="dc.source" value="Reuters"/>
</metadata>
</newsitem>
