<?xml version="1.0" encoding="iso-8859-1" ?>
<newsitem itemid="354570" id="root" date="1997-02-04" xml:lang="en">
<title>GREECE: Ecu/drachma settles at 305.65 in late thin trade.</title>
<headline>Ecu/drachma settles at 305.65 in late thin trade.</headline>
<dateline>ATHENS 1997-02-04</dateline>
<text>
<p>The ecu came off highs against the drachma in late dealings trading around 305.65/75, interbank depos and forex forwards were frozen around morning levels and bonds were little changed, dealers said.</p>
<p>&quot;Ecu/drachma was on the rise today but has settled around 305.65/75 in late trade,&quot; said a senior dealer at a foreign bank. &quot;The market is thin and even small amounts can lead to wild price swings.&quot;</p>
<p>Ecu/drachma reached 305.90 intra-day on ecu buying for drachmas and the hitting of stop losses.</p>
<p>&quot;There was some buying of ecus for drachmas which drove ecu/drachma higher,&quot; said a forex dealer. &quot;This trend was reinforced when soem foreign players saw their stop losses hit.&quot;</p>
<p>Bond dealers said trading was subdued with players unwilling to sell and buy.</p>
<p>A total of 300 billion drachmas in competitive bids and 90 billion in non-competitive bids were allocated at the auction of 12-month T-bills on Monday. The average bid stood at 90.15 and hte cutoff price at 90.04.</p>
<p>The mark was quoted at 158.07/17 drachmas from Tuesday's 158.175 fix, the dollar at 259.37/47 drachmas from 259.600 and the Ecu at 305.70/80 from 305.850 drachmas.</p>
<p>The National Bank of Greece, the domestic money market's biggest player, quoted the following late rates:</p>
<p>** Overnight at 11.90-12.40</p>
<p>** T/N at 11.90-12.40</p>
<p>** S/N at 11.90-12.40</p>
<p>** One week at 11.90-12.40</p>
<p>** Two weeks at 11.75-12.25</p>
<p>** Three weeks at 11.60-12.10</p>
<p>** One month at 11.55-12.05</p>
<p>** Two months at 11.40-11.90</p>
<p>** Three months at 11.30-11.80</p>
<p>** Six months at 11.10-11.60</p>
<p>** Nine months at 11.00-11.50</p>
<p>** Twelve months at 10.90-11.40</p>
<p>--Dimitris Kontogiannis, Athens Newsroom +301 3311812-4</p>
</text>
<copyright>(c) Reuters Limited 1997</copyright>
<metadata>
<codes class="bip:countries:1.0">
  <code code="GREECE">
    <editdetail attribution="Reuters BIP Coding Group" action="confirmed" date="1997-02-04"/>
  </code>
</codes>
<codes class="bip:topics:1.0">
  <code code="M12">
    <editdetail attribution="Reuters BIP Coding Group" action="confirmed" date="1997-02-04"/>
  </code>
  <code code="M13">
    <editdetail attribution="Reuters BIP Coding Group" action="confirmed" date="1997-02-04"/>
  </code>
  <code code="M132">
    <editdetail attribution="Reuters BIP Coding Group" action="confirmed" date="1997-02-04"/>
  </code>
  <code code="MCAT">
    <editdetail attribution="Reuters BIP Coding Group" action="confirmed" date="1997-02-04"/>
  </code>
</codes>
<dc element="dc.date.created" value="1997-02-04"/>
<dc element="dc.publisher" value="Reuters Holdings Plc"/>
<dc element="dc.date.published" value="1997-02-04"/>
<dc element="dc.source" value="Reuters"/>
<dc element="dc.creator.location" value="ATHENS"/>
<dc element="dc.creator.location.country.name" value="GREECE"/>
<dc element="dc.source" value="Reuters"/>
</metadata>
</newsitem>
