<?xml version="1.0" encoding="iso-8859-1" ?>
<newsitem itemid="590927" id="root" date="1997-05-16" xml:lang="en">
<title>USA: Hudson Hotels Corp Q1 shr loss vs profit.</title>
<headline>Hudson Hotels Corp Q1 shr loss vs profit.</headline>
<dateline>ROCHESTER, N.Y. 1997-05-16</dateline>
<text>
<p>1997			1996</p>
<p> Shr loss		   $0.08   profit	 $0.05</p>
<p> Net loss		     342   profit	   205</p>
<p> Revs			 8,322		    2,307</p>
<p> Avg shrs		   4,787		    3,233</p>
<p>(All data above 000s except per share numbers)</p>
<p>-- New York newsdesk 212-859-1610</p>
</text>
<copyright>(c) Reuters Limited 1997</copyright>
<metadata>
<codes class="bip:countries:1.0">
  <code code="USA">
    <editdetail attribution="Reuters BIP Coding Group" action="confirmed" date="1997-05-16"/>
  </code>
</codes>
<codes class="bip:industries:1.0">
  <code code="I66500">
    <editdetail attribution="Reuters BIP Coding Group" action="confirmed" date="1997-05-16"/>
  </code>
</codes>
<codes class="bip:topics:1.0">
  <code code="C15">
    <editdetail attribution="Reuters BIP Coding Group" action="confirmed" date="1997-05-16"/>
  </code>
  <code code="C151">
    <editdetail attribution="Reuters BIP Coding Group" action="confirmed" date="1997-05-16"/>
  </code>
  <code code="CCAT">
    <editdetail attribution="Reuters BIP Coding Group" action="confirmed" date="1997-05-16"/>
  </code>
</codes>
<dc element="dc.date.created" value="1997-05-16"/>
<dc element="dc.publisher" value="Reuters Holdings Plc"/>
<dc element="dc.date.published" value="1997-05-16"/>
<dc element="dc.source" value="Reuters"/>
<dc element="dc.creator.location" value="ROCHESTER, N.Y."/>
<dc element="dc.creator.location.country.name" value="USA"/>
<dc element="dc.source" value="Reuters"/>
</metadata>
</newsitem>
