<?xml version="1.0" encoding="iso-8859-1" ?>
<newsitem itemid="6567" id="root" date="1996-08-21" xml:lang="en">
<title>INDIA: INDICATORS - Key Indian economic data.</title>
<headline>INDICATORS - Key Indian economic data.</headline>
<text>
<p>*********** Aug 21........DAILY INDICATORS.................</p>
<p>					    TUESDAY	    PREVIOUS</p>
<p>Rupee/US $ (Inter-bank)		35.64		 35.65</p>
<p>--------------------------------------------------------------</p>
<p>RBI Reference Rate (Rs/$)	    35.66		 35.68</p>
<p>--------------------------------------------------------------</p>
<p>Bombay 30-share index		  3,316.06	  3,381.49</p>
<p>--------------------------------------------------------------</p>
<p>BSE National 100-share index	 1,516.20	  1,514.01</p>
<p>--------------------------------------------------------------</p>
<p>Call money rate			 10.25 pct	  10.25 pct</p>
<p>--------------------------------------------------------------</p>
<p>Gold (Bombay) Rs/10gm		  5,180		 5,168</p>
<p>--------------------------------------------------------------</p>
<p>Silver.999 (Rs/kg)		     7,205		 7,130</p>
<p>--------------------------------------------------------------</p>
<p>  WEEKLY/MONTHLY			   CURRENT	    YEAR-AGO</p>
<p>Growth in:</p>
<p>  Consumer price index  JUN	     8.82 pct	   ---</p>
<p>  Wholesale price index JUL	     5.14 pct	  8.11 pct</p>
<p>  M3 (yr-on-yr)	   JUL	    16.03 pct	 16.09 pct</p>
<p>  Industrial production APR	     7.4  pct	 14.6 pct</p>
<p>India forex reserves    AUG	   $22.41 bln	$23.77 bln</p>
<p>  Foreign currency	AUG	   $17.94 bln	$19.27 bln</p>
<p>  Gold, SDRs		AUG	    $4.50 bln	 $4.49 bln</p>
<p>FII Investment (net)    JUN	  $285.30 million	$58.20 million</p>
<p>Trade balance	     JUN	   -$0.22 bln	-$0.43 bln</p>
<p>  Exports		   JUN	    $2.59 bln	 $2.32 bln</p>
<p>  Imports		   JUN	    $2.81 bln	 $2.75 bln</p>
<p>--------------------------------------------------------------</p>
<p>     ANNUAL		     @1995/96	 1994/95	 1993/4</p>
<p> Population (millions)	    920	     904	    889</p>
<p> Per capita income	   Rs 2,506	Rs 2,401     Rs 2,292</p>
<p> Indian external debt (a)  $99.04bln     $92.7bln     $91.1bln</p>
<p> Debt service ratio	   26.5pct	 26.6pct     25.1 pct</p>
<p> Real GDP growth (pct)	    7.0	     6.3	   5.0</p>
<p> Fiscal deficit (pct of GDP)    5.9	     6.1	   7.5</p>
<p> Consumer price index (pct)     9.0	     9.7	   9.9</p>
<p> Trade balance		 -$4.53bln    -$2.03 bln   -$1.04 bln</p>
<p>  Exports			$31.83bln    $26.23 bln   $22.17 bln</p>
<p>  Imports			$36.37bln    $28.25 bln   $23.21 bln</p>
<p>Current account balance</p>
<p>  as pct of GDP		    -1.5	   -0.8	   -0.1</p>
<p>Industrial production</p>
<p> index  (pct growth)	     10.0 (c)	8.6	    6.0</p>
<p>Agricultural production</p>
<p> index  (pct growth)		-0.1	   4.6	    3.6</p>
<p>Cumulative FII stock</p>
<p> investment (end fiscal)	 5,617.3     $3,208 million $1,657million</p>
<p> Rupee exchange rate Rs/$	   34.63    31.39	  31.37</p>
<p>	    -----------------------------------------</p>
<p>@  Projections are from the Economic survey</p>
<p>a) Source: Reserve Bank of India 1994/95 annual report</p>
<p>c) Government preliminary estimate</p>
<p>---------------------------------------------------------------</p>
<p>		COMPARATIVE PROJECTIONS FOR 1995/96</p>
<p>Following are the comparative projections for Indian 1995/96 economic growth as given by the Indian government, the Delhi-based National Council for Applied Economic Research (NCAER), and the Bombay-based Centre for Monitoring the Indian Economy (CMIE):</p>
<p> 1995/96			    Official  NCAER   CMIE   1994/95</p>
<p>GDP			pct	   7.0     5.8     5.0     6.3</p>
<p>Industrial growth    pct	  10.0     9.1     7.0     8.4</p>
<p>Agricultural growth  pct	  -0.1     2.7     2.0     4.6</p>
<p>WP inflation	   pct	   7.0     9.5     9.0    10.4</p>
<p>Fiscal deficit	 pct	   5.9     5.8     5.9     6.1</p>
<p>M3 (March-end)	 pct	  15.5    20.0    16.0    22.2</p>
<p>Foodgrain output  mln tonnes   190.0   192.0   193.3   191.1</p>
<p>Exports		$ bln	  31.83	     31.2    26.2</p>
<p>Imports		$ bln	  36.37	     35.2    28.3</p>
<p>Export growth	  pct	  21.38   20.9    18.9    18.3</p>
<p>Import growth	  pct	  28.74	     24.6    21.7</p>
</text>
<copyright>(c) Reuters Limited 1996</copyright>
<metadata>
<codes class="bip:countries:1.0">
  <code code="INDIA">
    <editdetail attribution="Reuters BIP Coding Group" action="confirmed" date="1996-08-21"/>
  </code>
</codes>
<codes class="bip:topics:1.0">
  <code code="E71">
    <editdetail attribution="Reuters BIP Coding Group" action="confirmed" date="1996-08-21"/>
  </code>
  <code code="ECAT">
    <editdetail attribution="Reuters BIP Coding Group" action="confirmed" date="1996-08-21"/>
  </code>
</codes>
<dc element="dc.publisher" value="Reuters Holdings Plc"/>
<dc element="dc.date.published" value="1996-08-21"/>
<dc element="dc.source" value="Reuters"/>
<dc element="dc.creator.location.country.name" value="INDIA"/>
<dc element="dc.source" value="Reuters"/>
</metadata>
</newsitem>
