<?xml version="1.0" encoding="iso-8859-1" ?>
<newsitem itemid="688208" id="root" date="1997-06-26" xml:lang="en">
<title>USA: Bonal International Inc Q4 March 31 loss.</title>
<headline>Bonal International Inc Q4 March 31 loss.</headline>
<dateline>SOUTHFIELD, Mich. 1997-06-26</dateline>
<text>
<p>1997			1996</p>
<p> Shr loss		  $ 0.01   profit	$ 0.01</p>
<p> Net loss			21   profit	    16</p>
<p> Revs			   432			350</p>
<p>	  12 MONTHS</p>
<p> Shr profit		$ 0.03   profit	$ 0.02</p>
<p> Net profit		    53   profit	    33</p>
<p> Revs			 1,960		    1,532</p>
<p>(All data above 000s except per share numbers)</p>
<p>	     ((Chicago newsdesk 312 408 8787))</p>
</text>
<copyright>(c) Reuters Limited 1997</copyright>
<metadata>
<codes class="bip:countries:1.0">
  <code code="USA">
    <editdetail attribution="Reuters BIP Coding Group" action="confirmed" date="1997-06-26"/>
  </code>
</codes>
<codes class="bip:industries:1.0">
  <code code="I34000">
    <editdetail attribution="Reuters BIP Coding Group" action="confirmed" date="1997-06-26"/>
  </code>
</codes>
<codes class="bip:topics:1.0">
  <code code="C15">
    <editdetail attribution="Reuters BIP Coding Group" action="confirmed" date="1997-06-26"/>
  </code>
  <code code="C151">
    <editdetail attribution="Reuters BIP Coding Group" action="confirmed" date="1997-06-26"/>
  </code>
  <code code="C1511">
    <editdetail attribution="Reuters BIP Coding Group" action="confirmed" date="1997-06-26"/>
  </code>
  <code code="CCAT">
    <editdetail attribution="Reuters BIP Coding Group" action="confirmed" date="1997-06-26"/>
  </code>
</codes>
<dc element="dc.date.created" value="1997-06-26"/>
<dc element="dc.publisher" value="Reuters Holdings Plc"/>
<dc element="dc.date.published" value="1997-06-26"/>
<dc element="dc.source" value="Reuters"/>
<dc element="dc.creator.location" value="SOUTHFIELD, Mich."/>
<dc element="dc.creator.location.country.name" value="USA"/>
<dc element="dc.source" value="Reuters"/>
</metadata>
</newsitem>
