<?xml version="1.0" encoding="iso-8859-1" ?>
<newsitem itemid="18792" id="root" date="1996-08-28" xml:lang="en">
<title>USA: Gull Laboratories reaches distribution pact.</title>
<headline>Gull Laboratories reaches distribution pact.</headline>
<dateline>SALT LAKE CITY 1996-08-28</dateline>
<text>
<p>Gull Laboratories Inc said Wednesday it has reached an agreement with Shield Diagnostics Ltd to distribute worldwide a line of autoimmune diagnostic products that uses key raw materials from Shield Diagnostics.</p>
<p>Gull develops, manufactures and markets diagnostic test kits for the detection of infectious diseases and autoimmune disorders.</p>
<p>Shield, based in Dundee, Scotland, makes in-vitro medical diagnostic kits for a variety of diseases and neonatal screening.</p>
</text>
<copyright>(c) Reuters Limited 1996</copyright>
<metadata>
<codes class="bip:countries:1.0">
  <code code="UK">
    <editdetail attribution="Reuters BIP Coding Group" action="confirmed" date="1996-08-28"/>
  </code>
  <code code="USA">
    <editdetail attribution="Reuters BIP Coding Group" action="confirmed" date="1996-08-28"/>
  </code>
</codes>
<codes class="bip:industries:1.0">
  <code code="I25700">
    <editdetail attribution="Reuters BIP Coding Group" action="confirmed" date="1996-08-28"/>
  </code>
  <code code="I37200">
    <editdetail attribution="Reuters BIP Coding Group" action="confirmed" date="1996-08-28"/>
  </code>
</codes>
<codes class="bip:topics:1.0">
  <code code="C33">
    <editdetail attribution="Reuters BIP Coding Group" action="confirmed" date="1996-08-28"/>
  </code>
  <code code="CCAT">
    <editdetail attribution="Reuters BIP Coding Group" action="confirmed" date="1996-08-28"/>
  </code>
</codes>
<dc element="dc.date.created" value="1996-08-28"/>
<dc element="dc.publisher" value="Reuters Holdings Plc"/>
<dc element="dc.date.published" value="1996-08-28"/>
<dc element="dc.source" value="Reuters"/>
<dc element="dc.creator.location" value="SALT LAKE CITY"/>
<dc element="dc.creator.location.country.name" value="USA"/>
<dc element="dc.source" value="Reuters"/>
</metadata>
</newsitem>
