<?xml version="1.0" encoding="iso-8859-1" ?>
<newsitem itemid="217408" id="root" date="1996-11-26" xml:lang="en">
<title>USA: New York grain freight fixtures - Nov 26.</title>
<headline>New York grain freight fixtures - Nov 26.</headline>
<dateline>NEW YORK 1996-11-26</dateline>
<text>
<p>Kavo Midia 57,000 tonnes barley NoPac/Saudi Arabia early-Dec $20.75 8,000/3,000 Dreyfus (adds vessel name).</p>
<p>Trade Banner 28,000 tonnes grains Brazil/French Atlantic not north of Brest prompt-Nov $16.00 8 days Toepfer.</p>
<p>-- New York Commodities Desk +1 212 859 1640</p>
</text>
<copyright>(c) Reuters Limited 1996</copyright>
<metadata>
<codes class="bip:countries:1.0">
  <code code="USA">
    <editdetail attribution="Reuters BIP Coding Group" action="confirmed" date="1996-11-26"/>
  </code>
</codes>
<codes class="bip:topics:1.0">
  <code code="M14">
    <editdetail attribution="Reuters BIP Coding Group" action="confirmed" date="1996-11-26"/>
  </code>
  <code code="M141">
    <editdetail attribution="Reuters BIP Coding Group" action="confirmed" date="1996-11-26"/>
  </code>
  <code code="MCAT">
    <editdetail attribution="Reuters BIP Coding Group" action="confirmed" date="1996-11-26"/>
  </code>
</codes>
<dc element="dc.date.created" value="1996-11-26"/>
<dc element="dc.publisher" value="Reuters Holdings Plc"/>
<dc element="dc.date.published" value="1996-11-26"/>
<dc element="dc.source" value="Reuters"/>
<dc element="dc.creator.location" value="NEW YORK"/>
<dc element="dc.creator.location.country.name" value="USA"/>
<dc element="dc.source" value="Reuters"/>
</metadata>
</newsitem>
