<?xml version="1.0" encoding="iso-8859-1" ?>
<newsitem itemid="455352" id="root" date="1997-03-20" xml:lang="en">
<title>USA: DenAmerica sees tough same store comparisons.</title>
<headline>DenAmerica sees tough same store comparisons.</headline>
<dateline>SCOTTSDALE, Ariz. 1997-03-20</dateline>
<text>
<p>DenAmerica Corp said Wednesday the withdrawal from the Denny's value pricing strategy in 1996 will have a slightly negative impact on same store sales results through the third quarter of 1997.</p>
<p>The value price strategy, which the company ended in October, increased sales, meaning comparisons for the quarters until October will be difficult.  </p>
<p>The company, largest U.S. franchisee of Denny's restaurants and owner and franchisor of the Black-eyed Pea restaurant chain, said it expects restaurant operating margins to improve as food and labor costs decrease as a percentage of revenues.</p>
<p>DenAmerica said operating results for Black-eyed Pea, which it acquired in July 1996, exceeded internal projections and it intends to expand by adding restaurants in core markets, which should result in additional media and operational efficiencies.</p>
<p>Earlier the company posted a fourth quarter loss of $187,000, or $0.01 a share, on revenues of $77.7 million, compared with a net loss of $1,122,000, or $0.16 per share, on revenues of $20.8 million for the year-ago period.</p>
<p>DenAmerica was formed in March 1996 by the merger of Denwest Restaurant Corp and American Family Restaurants.</p>
</text>
<copyright>(c) Reuters Limited 1997</copyright>
<metadata>
<codes class="bip:countries:1.0">
  <code code="USA">
    <editdetail attribution="Reuters BIP Coding Group" action="confirmed" date="1997-03-20"/>
  </code>
</codes>
<codes class="bip:industries:1.0">
  <code code="I66100">
    <editdetail attribution="Reuters BIP Coding Group" action="confirmed" date="1997-03-20"/>
  </code>
</codes>
<codes class="bip:topics:1.0">
  <code code="C15">
    <editdetail attribution="Reuters BIP Coding Group" action="confirmed" date="1997-03-20"/>
  </code>
  <code code="C152">
    <editdetail attribution="Reuters BIP Coding Group" action="confirmed" date="1997-03-20"/>
  </code>
  <code code="CCAT">
    <editdetail attribution="Reuters BIP Coding Group" action="confirmed" date="1997-03-20"/>
  </code>
</codes>
<dc element="dc.date.created" value="1997-03-20"/>
<dc element="dc.publisher" value="Reuters Holdings Plc"/>
<dc element="dc.date.published" value="1997-03-20"/>
<dc element="dc.source" value="Reuters"/>
<dc element="dc.creator.location" value="SCOTTSDALE, Ariz."/>
<dc element="dc.creator.location.country.name" value="USA"/>
<dc element="dc.source" value="Reuters"/>
</metadata>
</newsitem>
