<?xml version="1.0" encoding="iso-8859-1" ?>
<newsitem itemid="298457" id="root" date="1997-01-10" xml:lang="en">
<title>USA: Leading Edge Packaging Inc Q2 results.</title>
<headline>Leading Edge Packaging Inc Q2 results.</headline>
<dateline>NEW YORK 1997-01-10</dateline>
<text>
<p>Leading Edge Packaging Inc said on Friday net income for the six month period ended September 30, 1996 was $995,084, or $0.51 per share, on 1,875,000 shares outstanding at that time.</p>
<p>Net sales for the same six month period were $5,551,181.</p>
<p>On December 2 1996 Leading Edge completed an initial public offering for 1,437,500 shares at $6 per share. Inclusive of the offering, Leading Edge's current total shares outstanding are 3,312,500, which on a pro-forma basis for the first six month period equate to earnings of $O.29 per share.</p>
<p>Leading Edge sells and distributes packaging products in North America.</p>
<p>-- New York Newsdesk 212 859-1610</p>
</text>
<copyright>(c) Reuters Limited 1997</copyright>
<metadata>
<codes class="bip:countries:1.0">
  <code code="USA">
    <editdetail attribution="Reuters BIP Coding Group" action="confirmed" date="1997-01-10"/>
  </code>
</codes>
<codes class="bip:topics:1.0">
  <code code="C15">
    <editdetail attribution="Reuters BIP Coding Group" action="confirmed" date="1997-01-10"/>
  </code>
  <code code="C151">
    <editdetail attribution="Reuters BIP Coding Group" action="confirmed" date="1997-01-10"/>
  </code>
  <code code="CCAT">
    <editdetail attribution="Reuters BIP Coding Group" action="confirmed" date="1997-01-10"/>
  </code>
</codes>
<dc element="dc.date.created" value="1997-01-10"/>
<dc element="dc.publisher" value="Reuters Holdings Plc"/>
<dc element="dc.date.published" value="1997-01-10"/>
<dc element="dc.source" value="Reuters"/>
<dc element="dc.creator.location" value="NEW YORK"/>
<dc element="dc.creator.location.country.name" value="USA"/>
<dc element="dc.source" value="Reuters"/>
</metadata>
</newsitem>
