<?xml version="1.0" encoding="iso-8859-1" ?>
<newsitem itemid="232140" id="root" date="1996-12-03" xml:lang="en">
<title>UK: BOE gives money mkt 301 mln stg help at set rates.</title>
<headline>BOE gives money mkt 301 mln stg help at set rates.</headline>
<dateline>LONDON 1996-12-03</dateline>
<text>
<p>The Bank of England said that it provided the UK money market with 301 million stg of assistance at established interest rates.  </p>
<p>			    EARLY	1200 GMT   1400 GMT   LATE</p>
<p> FORECAST SHORTAGE    550 MLN    650 MLN    =	    =</p>
<p> CUMULATIVE SUPPLY    =	    301 MLN    =	    =</p>
<p> BAND 2  BANK BILLS   =	    301 MLN*   =	    =</p>
<p>* INTEREST RATE - 5-15/16 PCT (INDICATES UNCHANGED BASE RATES)</p>
</text>
<copyright>(c) Reuters Limited 1996</copyright>
<metadata>
<codes class="bip:countries:1.0">
  <code code="UK">
    <editdetail attribution="Reuters BIP Coding Group" action="confirmed" date="1996-12-03"/>
  </code>
</codes>
<codes class="bip:topics:1.0">
  <code code="M13">
    <editdetail attribution="Reuters BIP Coding Group" action="confirmed" date="1996-12-03"/>
  </code>
  <code code="M131">
    <editdetail attribution="Reuters BIP Coding Group" action="confirmed" date="1996-12-03"/>
  </code>
  <code code="MCAT">
    <editdetail attribution="Reuters BIP Coding Group" action="confirmed" date="1996-12-03"/>
  </code>
</codes>
<dc element="dc.date.created" value="1996-12-03"/>
<dc element="dc.publisher" value="Reuters Holdings Plc"/>
<dc element="dc.date.published" value="1996-12-03"/>
<dc element="dc.source" value="Reuters"/>
<dc element="dc.creator.location" value="LONDON"/>
<dc element="dc.creator.location.country.name" value="UK"/>
<dc element="dc.source" value="Reuters"/>
</metadata>
</newsitem>
