<?xml version="1.0" encoding="iso-8859-1" ?>
<newsitem itemid="235975" id="root" date="1996-12-05" xml:lang="en">
<title>USA: RESEARCH ALERT - Cardinal Health rated strong buy.</title>
<headline>RESEARCH ALERT - Cardinal Health rated strong buy.</headline>
<text>
<p>-- Salomon Brothers Inc analyst Lawrence Marsh on Thursday initiated coverage of Cardinal Health Inc with a strong buy rating and a one-year price target of $110 a share.</p>
<p>-- Marsh said the rating reflected the company's current expansion program. Cardinal Health &quot;now has many elements of being a pharmaceutical products co-marketer and services value-creator,&quot; said Marsh.</p>
<p>-- The company, a wholesale drug and healthcare products distributor, is also showing earnings growth acceleration and is building a platform needed to allow investors to boost their perceptions of Cardinal's growth prospects, the analyst said.</p>
<p>-- Cardinal Health shares were unchanged at 85-1/8 in New York Stock Exchange trading.</p>
<p>((Chicago newsdesk (312) 408-8787))</p>
</text>
<copyright>(c) Reuters Limited 1996</copyright>
<metadata>
<codes class="bip:countries:1.0">
  <code code="USA">
    <editdetail attribution="Reuters BIP Coding Group" action="confirmed" date="1996-12-05"/>
  </code>
</codes>
<codes class="bip:industries:1.0">
  <code code="I61000">
    <editdetail attribution="Reuters BIP Coding Group" action="confirmed" date="1996-12-05"/>
  </code>
</codes>
<codes class="bip:topics:1.0">
  <code code="C15">
    <editdetail attribution="Reuters BIP Coding Group" action="confirmed" date="1996-12-05"/>
  </code>
  <code code="C152">
    <editdetail attribution="Reuters BIP Coding Group" action="confirmed" date="1996-12-05"/>
  </code>
  <code code="CCAT">
    <editdetail attribution="Reuters BIP Coding Group" action="confirmed" date="1996-12-05"/>
  </code>
</codes>
<dc element="dc.publisher" value="Reuters Holdings Plc"/>
<dc element="dc.date.published" value="1996-12-05"/>
<dc element="dc.source" value="Reuters"/>
<dc element="dc.creator.location.country.name" value="USA"/>
<dc element="dc.source" value="Reuters"/>
</metadata>
</newsitem>
