<?xml version="1.0" encoding="iso-8859-1" ?>
<newsitem itemid="386565" id="root" date="1997-02-18" xml:lang="en">
<title>NORWAY: Oil output normal at Phillips' Ekofisk field.</title>
<headline>Oil output normal at Phillips' Ekofisk field.</headline>
<dateline>OSLO 1997-02-18</dateline>
<text>
<p>Phillips Petroleum said on Tuesday that oil production at the North Sea Ekofisk development was back to normal after a brief 28-hour shutdown.</p>
<p>&quot;We were back to normal production at 5 p.m. (1600 GMT) last night (Monday),&quot; a spokeswoman for the company said.</p>
<p>Phillips shut in output at the 350,000 barrel per day field on Sunday to carry out maintenance on a pipeline.</p>
<p>Production at third party fields -- British Petroleum's Gyda and Ula and Amoco's Valhall and Hod -- and the Statpipe gas line was uninterrupted.</p>
<p>Ekofisk was shut down on January 14 for one week after a leak was discovered at another pipeline. Following that shutdown Phillips set up a regular inspection programme at the field.</p>
<p>--Oslo newsroom, +47 22 42 50 41</p>
</text>
<copyright>(c) Reuters Limited 1997</copyright>
<metadata>
<codes class="bip:countries:1.0">
  <code code="NORW">
    <editdetail attribution="Reuters BIP Coding Group" action="confirmed" date="1997-02-18"/>
  </code>
</codes>
<codes class="bip:industries:1.0">
  <code code="I13000">
    <editdetail attribution="Reuters BIP Coding Group" action="confirmed" date="1997-02-18"/>
  </code>
  <code code="I1300003">
    <editdetail attribution="Reuters BIP Coding Group" action="confirmed" date="1997-02-18"/>
  </code>
  <code code="I14000">
    <editdetail attribution="Reuters BIP Coding Group" action="confirmed" date="1997-02-18"/>
  </code>
</codes>
<codes class="bip:topics:1.0">
  <code code="C21">
    <editdetail attribution="Reuters BIP Coding Group" action="confirmed" date="1997-02-18"/>
  </code>
  <code code="CCAT">
    <editdetail attribution="Reuters BIP Coding Group" action="confirmed" date="1997-02-18"/>
  </code>
</codes>
<dc element="dc.date.created" value="1997-02-18"/>
<dc element="dc.publisher" value="Reuters Holdings Plc"/>
<dc element="dc.date.published" value="1997-02-18"/>
<dc element="dc.source" value="Reuters"/>
<dc element="dc.creator.location" value="OSLO"/>
<dc element="dc.creator.location.country.name" value="NORWAY"/>
<dc element="dc.source" value="Reuters"/>
</metadata>
</newsitem>
