<?xml version="1.0" encoding="iso-8859-1" ?>
<newsitem itemid="119091" id="root" date="1996-10-16" xml:lang="en">
<title>USA: Lazare Kaplan to offer 2.2 mln shares.</title>
<headline>Lazare Kaplan to offer 2.2 mln shares.</headline>
<dateline>NEW YORK 1996-10-16</dateline>
<text>
<p>Lazare Kaplan International Inc said Wednesday it has filed to offer 2.2 million shares of its common stock, 400,000 shares of which are to be offered by Chairman Maurice Tempelsman.</p>
<p>The company said it plans to use the proceeds to repay all or a portion of its senior notes and revolving loan facility. It plans to use the increased financing capacity to expand its business and for general working capital purposes, it said.</p>
<p>Lazare Kaplan said it expects the proposed offering will begin by early to mid-December.</p>
<p>Lazare Kaplan sells diamonds and jewelry products.</p>
</text>
<copyright>(c) Reuters Limited 1996</copyright>
<metadata>
<codes class="bip:countries:1.0">
  <code code="USA">
    <editdetail attribution="Reuters BIP Coding Group" action="confirmed" date="1996-10-16"/>
  </code>
</codes>
<codes class="bip:industries:1.0">
  <code code="I49100">
    <editdetail attribution="Reuters BIP Coding Group" action="confirmed" date="1996-10-16"/>
  </code>
</codes>
<codes class="bip:topics:1.0">
  <code code="C17">
    <editdetail attribution="Reuters BIP Coding Group" action="confirmed" date="1996-10-16"/>
  </code>
  <code code="C171">
    <editdetail attribution="Reuters BIP Coding Group" action="confirmed" date="1996-10-16"/>
  </code>
  <code code="CCAT">
    <editdetail attribution="Reuters BIP Coding Group" action="confirmed" date="1996-10-16"/>
  </code>
</codes>
<dc element="dc.date.created" value="1996-10-16"/>
<dc element="dc.publisher" value="Reuters Holdings Plc"/>
<dc element="dc.date.published" value="1996-10-16"/>
<dc element="dc.source" value="Reuters"/>
<dc element="dc.creator.location" value="NEW YORK"/>
<dc element="dc.creator.location.country.name" value="USA"/>
<dc element="dc.source" value="Reuters"/>
</metadata>
</newsitem>
