<?xml version="1.0" encoding="iso-8859-1" ?>
<newsitem itemid="495331" id="root" date="1997-04-08" xml:lang="en">
<title>SINGAPORE: Oiltanking hold talks with Sinochem over storage.</title>
<headline>Oiltanking hold talks with Sinochem over storage.</headline>
<dateline>SINGAPORE 1997-04-08</dateline>
<text>
<p>Oiltanking Singapore Ltd Co said on Tuesday it is holding &quot;serious discussions&quot; with China National Chemicals Import and Export Corp (Sinochem) on cooperating in tank storage.</p>
<p>The company said in a statement the talks concerned terminals handling crude, oil products and petrochemicals with a total capacity of one million cubic metres.</p>
<p>The talks &quot;could result in Oiltanking acquiring equity in come of Sinochem's liquid bulk storage terminals on the Zhoushan Islands and in the Shanghai area&quot;, Oiltanking said.  </p>
<p>&quot;Oiltanking's objective is to establish a presence in China as a provider of independent tank storage services,&quot; it said.</p>
<p>Oiltanking's parent company is German-based  Marquard &amp; Bahls. Worldwide, Oiltanking has storage capacity of six million cubic metres.</p>
<p>Its only Asia storage is in Singapore with 600,000 cubic metres owned by Oiltanking Singapore and a further 135,000 cubic metres owned by Oiltanking Seraya Pte Ltd, a joint venture with Power Gen (Seraya), a subsidiary of Singapore Power.  </p>
<p>Oiltanking said further details on the Sinochem talks would be known in a few months, but for the time being neither company had further comment.</p>
<p>--Singapore Newsroom (+65 870 3081)</p>
</text>
<copyright>(c) Reuters Limited 1997</copyright>
<metadata>
<codes class="bip:countries:1.0">
  <code code="CHINA">
    <editdetail attribution="Reuters BIP Coding Group" action="confirmed" date="1997-04-08"/>
  </code>
  <code code="SINGP">
    <editdetail attribution="Reuters BIP Coding Group" action="confirmed" date="1997-04-08"/>
  </code>
</codes>
<codes class="bip:industries:1.0">
  <code code="I13000">
    <editdetail attribution="Reuters BIP Coding Group" action="confirmed" date="1997-04-08"/>
  </code>
  <code code="I25000">
    <editdetail attribution="Reuters BIP Coding Group" action="confirmed" date="1997-04-08"/>
  </code>
  <code code="I61000">
    <editdetail attribution="Reuters BIP Coding Group" action="confirmed" date="1997-04-08"/>
  </code>
</codes>
<codes class="bip:topics:1.0">
  <code code="C11">
    <editdetail attribution="Reuters BIP Coding Group" action="confirmed" date="1997-04-08"/>
  </code>
  <code code="C24">
    <editdetail attribution="Reuters BIP Coding Group" action="confirmed" date="1997-04-08"/>
  </code>
  <code code="CCAT">
    <editdetail attribution="Reuters BIP Coding Group" action="confirmed" date="1997-04-08"/>
  </code>
</codes>
<dc element="dc.date.created" value="1997-04-08"/>
<dc element="dc.publisher" value="Reuters Holdings Plc"/>
<dc element="dc.date.published" value="1997-04-08"/>
<dc element="dc.source" value="Reuters"/>
<dc element="dc.creator.location" value="SINGAPORE"/>
<dc element="dc.creator.location.country.name" value="SINGAPORE"/>
<dc element="dc.source" value="Reuters"/>
</metadata>
</newsitem>
