<?xml version="1.0" encoding="iso-8859-1" ?>
<newsitem itemid="250587" id="root" date="1996-12-11" xml:lang="en">
<title>UK: Russia Vnesh debt is a long-term buy - DMG.</title>
<headline>Russia Vnesh debt is a long-term buy - DMG.</headline>
<dateline>LONDON 1996-12-11</dateline>
<text>
<p>Likelihood the International Monetary Fund (IMF) will resume lending to Russia and the 1997 budget will get through parliament makes Russia's Vneshekonombank debt attractive, Deutsche Morgan Grenfell said on Wednesday.</p>
<p>&quot;We are moving to a short-term neutral, long-term overweight recommendation on Vnesh from our previous underweight recommendation,&quot; the bank's head of emerging market research Paul Luke said.</p>
<p>Earlier, IMF officials said they had recommended the IMF's board meet on Friday to decide whether to pay out a delayed loan.</p>
<p>Luke said it was unlikely the board would meet unless IMF staff had been assured the budget would pass and be an acceptable basis for disbursements under the IMF's programme.</p>
<p>Though banks have been big sellers of the former Soviet debt, which is close to being restructured, sales are likely to slow with holidays approaching, Luke said in a research report.</p>
<p>&quot;With this supply gradually receding, the market will be able to focus a bit more on relative value, in which case Vnesh looks cheap.&quot;</p>
<p>Dollar Vnesh has an implied spread of 792 basis points compared to Mexico's UMS issue maturing in 2026 of only 473 points, though the two countries share the same credit rating.</p>
<p>When the Vnesh is finally restructured, possibly by the end of March, all major global fixed income indices will increase Russia's weightings. That will mean a major change in the acceptability of Russian risk.</p>
<p>-- Jonathan Thatcher, London Newsroom +44 171 542 7770 (fax +44 171 583 7239)</p>
</text>
<copyright>(c) Reuters Limited 1996</copyright>
<metadata>
<codes class="bip:countries:1.0">
  <code code="RUSS">
    <editdetail attribution="Reuters BIP Coding Group" action="confirmed" date="1996-12-11"/>
  </code>
  <code code="UK">
    <editdetail attribution="Reuters BIP Coding Group" action="confirmed" date="1996-12-11"/>
  </code>
</codes>
<codes class="bip:industries:1.0">
  <code code="I81402">
    <editdetail attribution="Reuters BIP Coding Group" action="confirmed" date="1996-12-11"/>
  </code>
</codes>
<codes class="bip:topics:1.0">
  <code code="C15">
    <editdetail attribution="Reuters BIP Coding Group" action="confirmed" date="1996-12-11"/>
  </code>
  <code code="C152">
    <editdetail attribution="Reuters BIP Coding Group" action="confirmed" date="1996-12-11"/>
  </code>
  <code code="CCAT">
    <editdetail attribution="Reuters BIP Coding Group" action="confirmed" date="1996-12-11"/>
  </code>
</codes>
<dc element="dc.date.created" value="1996-12-11"/>
<dc element="dc.publisher" value="Reuters Holdings Plc"/>
<dc element="dc.date.published" value="1996-12-11"/>
<dc element="dc.source" value="Reuters"/>
<dc element="dc.creator.location" value="LONDON"/>
<dc element="dc.creator.location.country.name" value="UK"/>
<dc element="dc.source" value="Reuters"/>
</metadata>
</newsitem>
