<?xml version="1.0" encoding="iso-8859-1" ?>
<newsitem itemid="433152" id="root" date="1997-03-11" xml:lang="en">
<title>NEW ZEALAND: Growth shortfall would cut NZ surplus - Peters.</title>
<headline>Growth shortfall would cut NZ surplus - Peters.</headline>
<dateline>WELLINGTON 1996-03-12</dateline>
<text>
<p>New Zealand Treasurer Winston Peters said on Wednesday that the government's operating surplus would fall by NZ$400 million if growth was one percent lower than Treasury was forecasting.</p>
<p>Peters, replying to questions from parliament's finance and expenditure committee, said he did not expect this to happen.</p>
<p>&quot;If that should happen, we would be looking at our level of surplus to accommodate that,&quot; Peters said. &quot;We would have to look at all options...and not rule out any.&quot; He said the government's options would be to lower the operating surplus or to restrain expenditure.  </p>
<p>In the Budget Policy Statement released on March 4, Treasury forecast surpluses of NZ$3.3 billion in 1997/98, $2.6 billion in 1998/99 and $3.5 billion in 1999/00.</p>
<p>In its December Economic and Fiscal Update, Treasury forecast an annual average economic growth rate of 2.6 percent in the year to March 1997 and 3.6 percent in the 1997/98 year, assuming no policy changes.</p>
<p>It said growth would fall to 3.1 percent in 1998/99 and rise again to 3.5 percent in 1999/2000.</p>
<p>-- Wellington newsroom (64 4) 473 4746</p>
</text>
<copyright>(c) Reuters Limited 1997</copyright>
<metadata>
<codes class="bip:countries:1.0">
  <code code="NZ">
    <editdetail attribution="Reuters BIP Coding Group" action="confirmed" date="1997-03-11"/>
  </code>
</codes>
<codes class="bip:topics:1.0">
  <code code="E11">
    <editdetail attribution="Reuters BIP Coding Group" action="confirmed" date="1997-03-11"/>
  </code>
  <code code="E21">
    <editdetail attribution="Reuters BIP Coding Group" action="confirmed" date="1997-03-11"/>
  </code>
  <code code="E211">
    <editdetail attribution="Reuters BIP Coding Group" action="confirmed" date="1997-03-11"/>
  </code>
  <code code="ECAT">
    <editdetail attribution="Reuters BIP Coding Group" action="confirmed" date="1997-03-11"/>
  </code>
</codes>
<dc element="dc.date.created" value="1996-03-12"/>
<dc element="dc.publisher" value="Reuters Holdings Plc"/>
<dc element="dc.date.published" value="1997-03-11"/>
<dc element="dc.source" value="Reuters"/>
<dc element="dc.creator.location" value="WELLINGTON"/>
<dc element="dc.creator.location.country.name" value="NEW ZEALAND"/>
<dc element="dc.source" value="Reuters"/>
</metadata>
</newsitem>
