<?xml version="1.0" encoding="iso-8859-1" ?>
<newsitem itemid="602740" id="root" date="1997-05-21" xml:lang="en">
<title>BAHRAIN: Aluminium Bahrain seeks $85 mln from banks.</title>
<headline>Aluminium Bahrain seeks $85 mln from banks.</headline>
<dateline>MANAMA 1997-05-21</dateline>
<text>
<p>Aluminium Bahrain (Alba), the Middle East's biggest aluminium producer, said on Wednesday it was seeking an $85 million loan from banks to finance expansion projects.</p>
<p>Alba financial affairs manager Ahmed al-Nuaimi said the projects included expanding a power plant and the building of an 8.9 million dinar ($24 million) terminal to handle liquid pitch.</p>
<p>Earlier this month, Alba said work had started to build the terminal in line with the company's plan to switch to the more environmentally-friendly liquid form of the raw material.</p>
<p>It said the terminal was being built alongside existing facilities handling alumina and petroleum coke. Solid pitch is mixed with petroleum coke to make the anodes used in the production of aluminium.</p>
<p>Nuaimi also said Alba, with an annual production capacity of more than 460,000 tonnes, was expected to repay $1.1 billion in loans it had received from banks by the year 2002.</p>
<p>The Bahraini government holds 77 percent of Alba and Saudi Arabia's Public Investment Fund owns 20 percent. German group Breton Investments holds three percent.</p>
<p>-- Bahrain newsroom 973-524424.</p>
</text>
<copyright>(c) Reuters Limited 1997</copyright>
<metadata>
<codes class="bip:countries:1.0">
  <code code="BAHRN">
    <editdetail attribution="Reuters BIP Coding Group" action="confirmed" date="1997-05-21"/>
  </code>
</codes>
<codes class="bip:industries:1.0">
  <code code="I22450">
    <editdetail attribution="Reuters BIP Coding Group" action="confirmed" date="1997-05-21"/>
  </code>
</codes>
<codes class="bip:topics:1.0">
  <code code="C17">
    <editdetail attribution="Reuters BIP Coding Group" action="confirmed" date="1997-05-21"/>
  </code>
  <code code="C173">
    <editdetail attribution="Reuters BIP Coding Group" action="confirmed" date="1997-05-21"/>
  </code>
  <code code="CCAT">
    <editdetail attribution="Reuters BIP Coding Group" action="confirmed" date="1997-05-21"/>
  </code>
</codes>
<dc element="dc.date.created" value="1997-05-21"/>
<dc element="dc.publisher" value="Reuters Holdings Plc"/>
<dc element="dc.date.published" value="1997-05-21"/>
<dc element="dc.source" value="Reuters"/>
<dc element="dc.creator.location" value="MANAMA"/>
<dc element="dc.creator.location.country.name" value="BAHRAIN"/>
<dc element="dc.source" value="Reuters"/>
</metadata>
</newsitem>
