<?xml version="1.0" encoding="iso-8859-1" ?>
<newsitem itemid="197924" id="root" date="1996-11-18" xml:lang="en">
<title>NETHERLANDS: Kempen keeps Goudsmit as outperformer.</title>
<headline>Kempen keeps Goudsmit as outperformer.</headline>
<dateline>AMSTERDAM 1996-11-18</dateline>
<text>
<p>Summary of Nov 18 research.</p>
<p>Company-------Sector--------Price--------Broker</p>
<p>Goudsmit Employment agency   147.50   Kempen &amp; Co</p>
<p>COMMENT: Under the new management, Goudsmit concentrates on its two core activities - flexible employment and training - with high margins and strong growth potential.</p>
<p>Kempen expects net sales to grow by over 35 pct in 1997, of which 23 pct from the full consolidation of Edes Seagull. For 1998, sales excluding acquisitions seen growing by 12 pct. Tax rate to remain low for the next three years.</p>
<p>    Estimates (Dfl):   EPS	previous     P/E     Dividend</p>
<p>    1996 (actual)	 9.90    (n.a.)	 14.9     3.30</p>
<p>    1997		   12.50    (n.a.)	 11.8     4.20</p>
<p>    1998		   14.30    (n.a.)	 10.3     4.75</p>
<p>-- Amsterdam newsroom, +31 20 504 5000 (Fax +31 20 504 5040)</p>
</text>
<copyright>(c) Reuters Limited 1996</copyright>
<metadata>
<codes class="bip:countries:1.0">
  <code code="NETH">
    <editdetail attribution="Reuters BIP Coding Group" action="confirmed" date="1996-11-18"/>
  </code>
</codes>
<codes class="bip:industries:1.0">
  <code code="I64000">
    <editdetail attribution="Reuters BIP Coding Group" action="confirmed" date="1996-11-18"/>
  </code>
</codes>
<codes class="bip:topics:1.0">
  <code code="C15">
    <editdetail attribution="Reuters BIP Coding Group" action="confirmed" date="1996-11-18"/>
  </code>
  <code code="C152">
    <editdetail attribution="Reuters BIP Coding Group" action="confirmed" date="1996-11-18"/>
  </code>
  <code code="CCAT">
    <editdetail attribution="Reuters BIP Coding Group" action="confirmed" date="1996-11-18"/>
  </code>
</codes>
<dc element="dc.date.created" value="1996-11-18"/>
<dc element="dc.publisher" value="Reuters Holdings Plc"/>
<dc element="dc.date.published" value="1996-11-18"/>
<dc element="dc.source" value="Reuters"/>
<dc element="dc.creator.location" value="AMSTERDAM"/>
<dc element="dc.creator.location.country.name" value="NETHERLANDS"/>
<dc element="dc.source" value="Reuters"/>
</metadata>
</newsitem>
