<?xml version="1.0" encoding="iso-8859-1" ?>
<newsitem itemid="274640" id="root" date="1996-12-24" xml:lang="en">
<title>MAURITIUS: Mauritius rupee strengthens marginally on dollar.</title>
<headline>Mauritius rupee strengthens marginally on dollar.</headline>
<dateline>PORT LOUIS 1996-12-24</dateline>
<text>
<p>The Mauritian rupee strengthened marginally against the dollar but weakened slightly against the pound on Tuesday, foreign exchange dealers said.</p>
<p>The rupee was fixed at a commercial bank mean rate of 19.916 to the dollar from 19.924 on Monday. Against the pound, the rupee was posted at a mean rate of 33.394 from 33.3145 on Monday.</p>
<p>&quot;There is no big activity in the inter-bank forex market in this period of the year,&quot; said a dealer.</p>
</text>
<copyright>(c) Reuters Limited 1996</copyright>
<metadata>
<codes class="bip:countries:1.0">
  <code code="MAURTS">
    <editdetail attribution="Reuters BIP Coding Group" action="confirmed" date="1996-12-24"/>
  </code>
</codes>
<codes class="bip:topics:1.0">
  <code code="M13">
    <editdetail attribution="Reuters BIP Coding Group" action="confirmed" date="1996-12-24"/>
  </code>
  <code code="M132">
    <editdetail attribution="Reuters BIP Coding Group" action="confirmed" date="1996-12-24"/>
  </code>
  <code code="MCAT">
    <editdetail attribution="Reuters BIP Coding Group" action="confirmed" date="1996-12-24"/>
  </code>
</codes>
<dc element="dc.date.created" value="1996-12-24"/>
<dc element="dc.publisher" value="Reuters Holdings Plc"/>
<dc element="dc.date.published" value="1996-12-24"/>
<dc element="dc.source" value="Reuters"/>
<dc element="dc.creator.location" value="PORT LOUIS"/>
<dc element="dc.creator.location.country.name" value="MAURITIUS"/>
<dc element="dc.source" value="Reuters"/>
</metadata>
</newsitem>
