<?xml version="1.0" encoding="iso-8859-1" ?>
<newsitem itemid="153157" id="root" date="1996-10-30" xml:lang="en">
<title>CZECH REPUBLIC: Czech 6-wk T-bill auction average yield 12.06 pct.</title>
<headline>Czech 6-wk T-bill auction average yield 12.06 pct.</headline>
<dateline>PRAGUE 1996-10-30</dateline>
<text>
<p>Average yield in an auction on Wednesday of Czech Finance Ministry four-week treasury bills was 12.06 percent, and the five billion crowns on offer to the market was oversubscried, the central bank said.</p>
<p>It said bids in the American-style auction totalled 8.889 billion crowns, with the maximum accepted bid at 12.10 percent and the minimum accepted bid at 11.98 percent.</p>
<p>-- Prague Newsroom, 42-2-2423-0003</p>
</text>
<copyright>(c) Reuters Limited 1996</copyright>
<metadata>
<codes class="bip:countries:1.0">
  <code code="CZREP">
    <editdetail attribution="Reuters BIP Coding Group" action="confirmed" date="1996-10-30"/>
  </code>
</codes>
<codes class="bip:topics:1.0">
  <code code="M13">
    <editdetail attribution="Reuters BIP Coding Group" action="confirmed" date="1996-10-30"/>
  </code>
  <code code="M131">
    <editdetail attribution="Reuters BIP Coding Group" action="confirmed" date="1996-10-30"/>
  </code>
  <code code="MCAT">
    <editdetail attribution="Reuters BIP Coding Group" action="confirmed" date="1996-10-30"/>
  </code>
</codes>
<dc element="dc.date.created" value="1996-10-30"/>
<dc element="dc.publisher" value="Reuters Holdings Plc"/>
<dc element="dc.date.published" value="1996-10-30"/>
<dc element="dc.source" value="Reuters"/>
<dc element="dc.creator.location" value="PRAGUE"/>
<dc element="dc.creator.location.country.name" value="CZECH REPUBLIC"/>
<dc element="dc.source" value="Reuters"/>
</metadata>
</newsitem>
