<?xml version="1.0" encoding="iso-8859-1" ?>
<newsitem itemid="480640" id="root" date="1997-04-01" xml:lang="en">
<title>AUSTRIA: Austria's BBAG brewer up on talk of S.Africa bid.</title>
<headline>Austria's BBAG brewer up on talk of S.Africa bid.</headline>
<dateline>VIENNA 1997-04-01</dateline>
<text>
<p>Austrian brewery holding BBAG bucked the Vienna market's downtrend on Tuesday amid continuing rumours the group may sell its Brau Union unit to South African Breweries (SAB).</p>
<p>At 1108 GMT, the shares were steady at 743 schillings. The ATX index of 21 blue chips was down 2.39 percent at 1,186.25 at the same time, following Wall Street's drop on Monday.</p>
<p>&quot;There are still rumours in the market that talks are taking place,&quot; a trader said. &quot;If it came to a sale, the South Africans surely would have to pay a premium to the current market price.&quot;</p>
<p>Austrian daily Kronenzeitung reported on Saturday that SAB had bid five billion schillings for majority control of Brau Union. BBAG denied that it had any intention of selling Brau Union, which controls some two-thirds of Austria's beer market.</p>
<p>But traders said the market would take a positive stance on a possible sale of Brau Union to SAB, the world's fourth biggest beer maker.</p>
<p>&quot;Absolutely positive,&quot; said another trader. &quot;That certainly would be very good for the company.&quot;</p>
<p>-- Vienna newsroom +431 53112 274</p>
</text>
<copyright>(c) Reuters Limited 1997</copyright>
<metadata>
<codes class="bip:countries:1.0">
  <code code="AUST">
    <editdetail attribution="Reuters BIP Coding Group" action="confirmed" date="1997-04-01"/>
  </code>
  <code code="SAFR">
    <editdetail attribution="Reuters BIP Coding Group" action="confirmed" date="1997-04-01"/>
  </code>
</codes>
<codes class="bip:industries:1.0">
  <code code="I42700">
    <editdetail attribution="Reuters BIP Coding Group" action="confirmed" date="1997-04-01"/>
  </code>
</codes>
<codes class="bip:topics:1.0">
  <code code="C15">
    <editdetail attribution="Reuters BIP Coding Group" action="confirmed" date="1997-04-01"/>
  </code>
  <code code="C152">
    <editdetail attribution="Reuters BIP Coding Group" action="confirmed" date="1997-04-01"/>
  </code>
  <code code="C18">
    <editdetail attribution="Reuters BIP Coding Group" action="confirmed" date="1997-04-01"/>
  </code>
  <code code="C181">
    <editdetail attribution="Reuters BIP Coding Group" action="confirmed" date="1997-04-01"/>
  </code>
  <code code="CCAT">
    <editdetail attribution="Reuters BIP Coding Group" action="confirmed" date="1997-04-01"/>
  </code>
</codes>
<dc element="dc.date.created" value="1997-04-01"/>
<dc element="dc.publisher" value="Reuters Holdings Plc"/>
<dc element="dc.date.published" value="1997-04-01"/>
<dc element="dc.source" value="Reuters"/>
<dc element="dc.creator.location" value="VIENNA"/>
<dc element="dc.creator.location.country.name" value="AUSTRIA"/>
<dc element="dc.source" value="Reuters"/>
</metadata>
</newsitem>
