<?xml version="1.0" encoding="iso-8859-1" ?>
<newsitem itemid="110430" id="root" date="1996-10-11" xml:lang="en">
<title>ESTONIA: Estonian bus crash kills five children.</title>
<headline>Estonian bus crash kills five children.</headline>
<dateline>TALLINN 1996-10-11</dateline>
<text>
<p>Five children and three adults were killed in Estonia on Friday when a packed school bus collided with a lorry, rescue officials said.</p>
<p>They said the dead children were aged between 10 and 13.</p>
<p>Prime Minister Tiit Vaehi said it was the &quot;most gruesome&quot; traffic accident in Estonia's recent history.</p>
<p>The accident occurred in east central Estonia near the small settlement of Pala, 160 km (100 miles) from Tallinn as the children were returning from a sports event.</p>
</text>
<copyright>(c) Reuters Limited 1996</copyright>
<metadata>
<codes class="bip:countries:1.0">
  <code code="ESTNIA">
    <editdetail attribution="Reuters BIP Coding Group" action="confirmed" date="1996-10-11"/>
  </code>
</codes>
<codes class="bip:topics:1.0">
  <code code="GCAT">
    <editdetail attribution="Reuters BIP Coding Group" action="confirmed" date="1996-10-11"/>
  </code>
  <code code="GDIS">
    <editdetail attribution="Reuters BIP Coding Group" action="confirmed" date="1996-10-11"/>
  </code>
</codes>
<dc element="dc.date.created" value="1996-10-11"/>
<dc element="dc.publisher" value="Reuters Holdings Plc"/>
<dc element="dc.date.published" value="1996-10-11"/>
<dc element="dc.source" value="Reuters"/>
<dc element="dc.creator.location" value="TALLINN"/>
<dc element="dc.creator.location.country.name" value="ESTONIA"/>
<dc element="dc.source" value="Reuters"/>
</metadata>
</newsitem>
