<?xml version="1.0" encoding="iso-8859-1" ?>
<newsitem itemid="526753" id="root" date="1997-04-22" xml:lang="en">
<title>USA: HOT STOCKS HIGHLIGHTS - U.S. Corporate Earnings.</title>
<headline>HOT STOCKS HIGHLIGHTS - U.S. Corporate Earnings.</headline>
<text>
<p>BRISTOL-MYERS SQUIBB	   up 3-5/8 to 63-1/2</p>
<p>Shares jumped after the pharmaceutical company posted first quarter earnings per share of $0.81, a penny above estimates of $0.80 compared to $0.72 last year. The company said drug and consumer product sales rose 10 percent, driven by strength in pharmaceutical and consumer products.</p>
<p>-------------------------  </p>
<p>AMERICAN HOME PRODUCTS  rises 1-3/4 to 63-1/8</p>
<p>Shares rose after the release of first-quarter earnings of $0.90 a share versus $0.78 last year, a penny shy of estimates. But company posted earnings growth despite a slight tail-off in saleas, to $3.60 billion from $3.65 last year.</p>
<p>-----------------------------  </p>
<p>    WARNER-LAMBERT CO     up 1/2 to 98-3/4</p>
<p>Shares rose with stock touching a new year high of 100 during intraday trading on Tuesday. Company posted earnings per share of $0.75 compared to $0.79 last year before special items. Analysts had expected $0.76, according to First Call Estimates. It cited poor foreign exchange rates and softness in its consumer businesses for the lower sales and earnings.</p>
<p>-----------------------  </p>
<p>    CENTERIOR ENERGY CORP	  up 1/8 to 10-1/8</p>
<p>Stock was one of the most heavily traded NYSE issues after the Northern Ohio electric utility posted first quarter earnings per share of $0.11, including $0.02 of charges compared to $0.04 a share last year.</p>
<p>------------------------</p>
<p>    ORYX ENERGY CO		jumped  2-1/4 to 19-5/8</p>
<p>Shares the highest percent NYSE gainer, up nearly 13 percent, after the oil and gas company's Q1 net earnings doubled to $0.62 from $0.31 last year.</p>
<p>-----------------------  </p>
<p>    ZILOG INC			   slips 3 to 18</p>
<p>Shares fell nearly 15 percent after Q1 EPS fell to $0.23 compared to $0.59 last year. Sales fell to $70 million for the quarter from about $81 million in the year-ago period. Stock downgraded by Alex. Brown to market perform from buy.</p>
<p>--------------------  </p>
<p>Playtex Products Inc  falls 5/8 to 9-7/8</p>
<p>Playtex share fell six percent after it said Q1 earnings rose to $0.15 from $0.12, or $0.22 compared to $0.18 last year before the amortization of intangibles. But although net income was up 31 percent, in line with estimates, net sales fell five percent, slipping to $136.4 million.</p>
<p>Playtex also said shipments of feminine care products were down 33 percent compared to last year due to its decision to cut back on price-oriented promotional activities.</p>
</text>
<copyright>(c) Reuters Limited 1997</copyright>
<metadata>
<codes class="bip:countries:1.0">
  <code code="USA">
    <editdetail attribution="Reuters BIP Coding Group" action="confirmed" date="1997-04-22"/>
  </code>
</codes>
<codes class="bip:industries:1.0">
  <code code="I13000">
    <editdetail attribution="Reuters BIP Coding Group" action="confirmed" date="1997-04-22"/>
  </code>
  <code code="I1300003">
    <editdetail attribution="Reuters BIP Coding Group" action="confirmed" date="1997-04-22"/>
  </code>
  <code code="I16200">
    <editdetail attribution="Reuters BIP Coding Group" action="confirmed" date="1997-04-22"/>
  </code>
  <code code="I25700">
    <editdetail attribution="Reuters BIP Coding Group" action="confirmed" date="1997-04-22"/>
  </code>
  <code code="I34531">
    <editdetail attribution="Reuters BIP Coding Group" action="confirmed" date="1997-04-22"/>
  </code>
  <code code="I47200">
    <editdetail attribution="Reuters BIP Coding Group" action="confirmed" date="1997-04-22"/>
  </code>
</codes>
<codes class="bip:topics:1.0">
  <code code="C15">
    <editdetail attribution="Reuters BIP Coding Group" action="confirmed" date="1997-04-22"/>
  </code>
  <code code="C151">
    <editdetail attribution="Reuters BIP Coding Group" action="confirmed" date="1997-04-22"/>
  </code>
  <code code="C152">
    <editdetail attribution="Reuters BIP Coding Group" action="confirmed" date="1997-04-22"/>
  </code>
  <code code="CCAT">
    <editdetail attribution="Reuters BIP Coding Group" action="confirmed" date="1997-04-22"/>
  </code>
</codes>
<dc element="dc.publisher" value="Reuters Holdings Plc"/>
<dc element="dc.date.published" value="1997-04-22"/>
<dc element="dc.source" value="Reuters"/>
<dc element="dc.creator.location.country.name" value="USA"/>
<dc element="dc.source" value="Reuters"/>
</metadata>
</newsitem>
