<?xml version="1.0" encoding="iso-8859-1" ?>
<newsitem itemid="64211" id="root" date="1996-09-19" xml:lang="en">
<title>HONG KONG: HK Toy Centre interim net rises 59 pct.</title>
<headline>HK Toy Centre interim net rises 59 pct.</headline>
<dateline>HONG KONG 1996-09-19</dateline>
<text>
<p>Six months ended June 30</p>
<p>	  (in million HK$ unless stated)</p>
<p>    Shr (H.K. cents)	   4.25	 vs 2.68</p>
<p>    Dividend (H.K. cents)    1.0	  vs 1.0</p>
<p>    Exceptional items	  14.12 gain vs nil</p>
<p>    Net			    15.00	vs 9.45</p>
<p>    Turnover		     214.76     vs 222.40</p>
<p>    Company name		 Hong Kong Toy Centre International</p>
<p>				     Ltd</p>
<p>    Books close		  October 7-11</p>
<p>    Dividend payable	   October 25</p>
<p>NOTE - Hong Kong Toy Centre is a toy manufacturer.</p>
<p>Net is after an exceptional gain on the sales of certain properties in Hong Kong which were used as staff quarters previously.</p>
<p>--Hong Kong Newsroom (852) 2843 6368</p>
</text>
<copyright>(c) Reuters Limited 1996</copyright>
<metadata>
<codes class="bip:countries:1.0">
  <code code="HKONG">
    <editdetail attribution="Reuters BIP Coding Group" action="confirmed" date="1996-09-19"/>
  </code>
</codes>
<codes class="bip:industries:1.0">
  <code code="I49410">
    <editdetail attribution="Reuters BIP Coding Group" action="confirmed" date="1996-09-19"/>
  </code>
</codes>
<codes class="bip:topics:1.0">
  <code code="C15">
    <editdetail attribution="Reuters BIP Coding Group" action="confirmed" date="1996-09-19"/>
  </code>
  <code code="C151">
    <editdetail attribution="Reuters BIP Coding Group" action="confirmed" date="1996-09-19"/>
  </code>
  <code code="CCAT">
    <editdetail attribution="Reuters BIP Coding Group" action="confirmed" date="1996-09-19"/>
  </code>
</codes>
<dc element="dc.date.created" value="1996-09-19"/>
<dc element="dc.publisher" value="Reuters Holdings Plc"/>
<dc element="dc.date.published" value="1996-09-19"/>
<dc element="dc.source" value="Reuters"/>
<dc element="dc.creator.location" value="HONG KONG"/>
<dc element="dc.creator.location.country.name" value="HONG KONG"/>
<dc element="dc.source" value="Reuters"/>
</metadata>
</newsitem>
