<?xml version="1.0" encoding="iso-8859-1" ?>
<newsitem itemid="498702" id="root" date="1997-04-10" xml:lang="en">
<title>USA: Recent stock activity not measure of economy - Rubin.</title>
<headline>Recent stock activity not measure of economy - Rubin.</headline>
<dateline>WASHINGTON 1997-04-10</dateline>
<text>
<p>Recent stock market activity was largely irrelevant as a measure of the health of the U.S. economy, Treasury Secretary Robert Rubin said on Thursday.</p>
<p>&quot;The fluctuations we have seen in last few months I think is somewhere in the neighborhood of irrelevant,&quot; Rubin said on Public Television's Newshour with Jim Lehrer when asked about the stock market as a barometer of the economy.  </p>
<p>On the subject of the economy, Rubin repeated that he saw a continuation of solid growth with low inflation.</p>
<p>&quot;We are doing very well clearly. In my view the most likely outlook is a continuation of solid growth and low inflation,&quot; he said.</p>
</text>
<copyright>(c) Reuters Limited 1997</copyright>
<metadata>
<codes class="bip:countries:1.0">
  <code code="USA">
    <editdetail attribution="Reuters BIP Coding Group" action="confirmed" date="1997-04-10"/>
  </code>
</codes>
<codes class="bip:topics:1.0">
  <code code="E11">
    <editdetail attribution="Reuters BIP Coding Group" action="confirmed" date="1997-04-10"/>
  </code>
  <code code="E12">
    <editdetail attribution="Reuters BIP Coding Group" action="confirmed" date="1997-04-10"/>
  </code>
  <code code="E13">
    <editdetail attribution="Reuters BIP Coding Group" action="confirmed" date="1997-04-10"/>
  </code>
  <code code="E131">
    <editdetail attribution="Reuters BIP Coding Group" action="confirmed" date="1997-04-10"/>
  </code>
  <code code="ECAT">
    <editdetail attribution="Reuters BIP Coding Group" action="confirmed" date="1997-04-10"/>
  </code>
  <code code="M11">
    <editdetail attribution="Reuters BIP Coding Group" action="confirmed" date="1997-04-10"/>
  </code>
  <code code="MCAT">
    <editdetail attribution="Reuters BIP Coding Group" action="confirmed" date="1997-04-10"/>
  </code>
</codes>
<dc element="dc.date.created" value="1997-04-10"/>
<dc element="dc.publisher" value="Reuters Holdings Plc"/>
<dc element="dc.date.published" value="1997-04-10"/>
<dc element="dc.source" value="Reuters"/>
<dc element="dc.creator.location" value="WASHINGTON"/>
<dc element="dc.creator.location.country.name" value="USA"/>
<dc element="dc.source" value="Reuters"/>
</metadata>
</newsitem>
