<?xml version="1.0" encoding="iso-8859-1" ?>
<newsitem itemid="88143" id="root" date="1996-10-01" xml:lang="en">
<title>MEXICO: Mexico bank restructuring cost 9 pct/GDP - B.Stearns.</title>
<headline>Mexico bank restructuring cost 9 pct/GDP - B.Stearns.</headline>
<dateline>MEXICO CITY 1996-10-01</dateline>
<text>
<p>Bear Stearns estimates that the restructuring of the Mexican banking system will cost the government close to nine percent of the country's gross domestic product by the end of 1996.</p>
<p>&quot;In Mexico, the government estimates the cost of the clean-up at about eight percent (net present value) of 1996 GDP, while we believe it to be closer to nine percent,&quot; Bear Stearns said in a special report on Mexican banks written by analysts Alberto Sanchez and Maria Miguelez.  </p>
<p>The Mexican government implemented an array of debt relief programs and other measures following the economic crisis precipitated by the December 1994 peso devaluation.</p>
<p>Bear Stearns said the expected economic recovery in Mexico could help lower the cost of restructuring.</p>
<p>&quot;...Good management and, most of all, a strong economic recovery can significantly reduce this cost,&quot; the report said.</p>
<p>Bear Stearns looked favorably on the support programs for lending institutions, but called attention to some lessons learned from Chile following its banking crisis.</p>
<p>&quot;Indexing debts to inflation and maintaining them at face value only delays the recognition of losses,&quot; the report said.</p>
<p>-- Claudia Villegas, Mexico City newsroom, (525) 728-9549</p>
</text>
<copyright>(c) Reuters Limited 1996</copyright>
<metadata>
<codes class="bip:countries:1.0">
  <code code="MEX">
    <editdetail attribution="Reuters BIP Coding Group" action="confirmed" date="1996-10-01"/>
  </code>
</codes>
<codes class="bip:industries:1.0">
  <code code="I81402">
    <editdetail attribution="Reuters BIP Coding Group" action="confirmed" date="1996-10-01"/>
  </code>
</codes>
<codes class="bip:topics:1.0">
  <code code="C17">
    <editdetail attribution="Reuters BIP Coding Group" action="confirmed" date="1996-10-01"/>
  </code>
  <code code="CCAT">
    <editdetail attribution="Reuters BIP Coding Group" action="confirmed" date="1996-10-01"/>
  </code>
  <code code="E11">
    <editdetail attribution="Reuters BIP Coding Group" action="confirmed" date="1996-10-01"/>
  </code>
  <code code="ECAT">
    <editdetail attribution="Reuters BIP Coding Group" action="confirmed" date="1996-10-01"/>
  </code>
</codes>
<dc element="dc.date.created" value="1996-10-01"/>
<dc element="dc.publisher" value="Reuters Holdings Plc"/>
<dc element="dc.date.published" value="1996-10-01"/>
<dc element="dc.source" value="Reuters"/>
<dc element="dc.creator.location" value="MEXICO CITY"/>
<dc element="dc.creator.location.country.name" value="MEXICO"/>
<dc element="dc.source" value="Reuters"/>
</metadata>
</newsitem>
