<?xml version="1.0" encoding="iso-8859-1" ?>
<newsitem itemid="74155" id="root" date="1996-09-24" xml:lang="en">
<title>JAPAN: Asahi Homes - 96/97 parent forecast.</title>
<headline>Asahi Homes - 96/97 parent forecast.</headline>
<dateline>TOKYO 1996-09-24</dateline>
<text>
<p>Year to March 31, 1997</p>
<p>		   (in billions of yen unless specified)</p>
<p>			   LATEST	    PREVIOUS	   ACTUAL</p>
<p> (Parent)	     FORECAST	   FORECAST	  YEAR-AGO</p>
<p> Sales		 10.00		 6.30		 6.70</p>
<p> Current	 loss 20    mln	prft 20 mln  loss 698    mln</p>
<p> Net	     loss 1.53		  nil	 loss 878    mln</p>
<p>NOTE - Asahi Homes Co Ltd is a builder of wooden houses.</p>
</text>
<copyright>(c) Reuters Limited 1996</copyright>
<metadata>
<codes class="bip:countries:1.0">
  <code code="JAP">
    <editdetail attribution="Reuters BIP Coding Group" action="confirmed" date="1996-09-24"/>
  </code>
</codes>
<codes class="bip:topics:1.0">
  <code code="C15">
    <editdetail attribution="Reuters BIP Coding Group" action="confirmed" date="1996-09-24"/>
  </code>
  <code code="C152">
    <editdetail attribution="Reuters BIP Coding Group" action="confirmed" date="1996-09-24"/>
  </code>
  <code code="CCAT">
    <editdetail attribution="Reuters BIP Coding Group" action="confirmed" date="1996-09-24"/>
  </code>
</codes>
<dc element="dc.date.created" value="1996-09-24"/>
<dc element="dc.publisher" value="Reuters Holdings Plc"/>
<dc element="dc.date.published" value="1996-09-24"/>
<dc element="dc.source" value="Reuters"/>
<dc element="dc.creator.location" value="TOKYO"/>
<dc element="dc.creator.location.country.name" value="JAPAN"/>
<dc element="dc.source" value="Reuters"/>
</metadata>
</newsitem>
