<?xml version="1.0" encoding="iso-8859-1" ?>
<newsitem itemid="526723" id="root" date="1997-04-21" xml:lang="en">
<title>UK: BT, BSkyB set for deal - paper.</title>
<headline>BT, BSkyB set for deal - paper.</headline>
<dateline>LONDON 1997-04-21</dateline>
<text>
<p>British Telecommunications and satellite television broadcaster British Sky Broadcasting seem set to announce a deal either this week or next that will hasten market penetration for new digital television channels, a newspaper reported on Monday.</p>
<p>The Times said a new company, Interactive Services Comapny (Isco), was being formed to subsidise the retail price of set-top boxes which are needed to receive and decode digital channels.</p>
<p>The price of the boxes might be cut to around 200 stg from 500 stg in order to encourage homes to switch to digital.</p>
<p>BT had been in negotiations with BSkyB, which is 40 percent owned by News International, for five months and was expectecd to emerge as Isco's single biggest shareholder, said the Times.</p>
<p>BSkyB, Midland Bank  and Matsushita, the Japanese electronics company, would own the rest.</p>
<p>Isco would have to be launched in the next month or so if the boxes were to be in the shops by Christmas, the newspaper said.</p>
<p>-- London Newsroom +44 171 542 7717</p>
</text>
<copyright>(c) Reuters Limited 1997</copyright>
<metadata>
<codes class="bip:countries:1.0">
  <code code="UK">
    <editdetail attribution="Reuters BIP Coding Group" action="confirmed" date="1997-04-21"/>
  </code>
</codes>
<codes class="bip:industries:1.0">
  <code code="I79020">
    <editdetail attribution="Reuters BIP Coding Group" action="confirmed" date="1997-04-21"/>
  </code>
  <code code="I9741110">
    <editdetail attribution="Reuters BIP Coding Group" action="confirmed" date="1997-04-21"/>
  </code>
</codes>
<codes class="bip:topics:1.0">
  <code code="C33">
    <editdetail attribution="Reuters BIP Coding Group" action="confirmed" date="1997-04-21"/>
  </code>
  <code code="CCAT">
    <editdetail attribution="Reuters BIP Coding Group" action="confirmed" date="1997-04-21"/>
  </code>
</codes>
<dc element="dc.date.created" value="1997-04-21"/>
<dc element="dc.publisher" value="Reuters Holdings Plc"/>
<dc element="dc.date.published" value="1997-04-21"/>
<dc element="dc.source" value="Reuters"/>
<dc element="dc.creator.location" value="LONDON"/>
<dc element="dc.creator.location.country.name" value="UK"/>
<dc element="dc.source" value="Reuters"/>
</metadata>
</newsitem>
