<?xml version="1.0" encoding="iso-8859-1" ?>
<newsitem itemid="117386" id="root" date="1996-10-15" xml:lang="en">
<title>USA: Newport Sch Dist, Pa. recalculates TIC.</title>
<headline>Newport Sch Dist, Pa. recalculates TIC.</headline>
<dateline>NEW YORK 1996-10-15</dateline>
<text>
<p>The Newport Sch Dist., Pa., said it recalculated Janney Montgomery Scott's winning TIC for the District's $4.840 million general obligation bond issue. The true interest cost was 4.906 percent reflecting the cost of bond insurance, not the 4.864 percent originally calculated.</p>
</text>
<copyright>(c) Reuters Limited 1996</copyright>
<metadata>
<codes class="bip:countries:1.0">
  <code code="USA">
    <editdetail attribution="Reuters BIP Coding Group" action="confirmed" date="1996-10-15"/>
  </code>
</codes>
<codes class="bip:topics:1.0">
  <code code="E21">
    <editdetail attribution="Reuters BIP Coding Group" action="confirmed" date="1996-10-15"/>
  </code>
  <code code="E212">
    <editdetail attribution="Reuters BIP Coding Group" action="confirmed" date="1996-10-15"/>
  </code>
  <code code="ECAT">
    <editdetail attribution="Reuters BIP Coding Group" action="confirmed" date="1996-10-15"/>
  </code>
</codes>
<dc element="dc.date.created" value="1996-10-15"/>
<dc element="dc.publisher" value="Reuters Holdings Plc"/>
<dc element="dc.date.published" value="1996-10-15"/>
<dc element="dc.source" value="Reuters"/>
<dc element="dc.creator.location" value="NEW YORK"/>
<dc element="dc.creator.location.country.name" value="USA"/>
<dc element="dc.source" value="Reuters"/>
</metadata>
</newsitem>
