<?xml version="1.0" encoding="iso-8859-1" ?>
<newsitem itemid="469017" id="root" date="1997-03-26" xml:lang="en">
<title>MACEDONIA: PRESS DIGEST - Macedonia - March 26.</title>
<headline>PRESS DIGEST - Macedonia - March 26.</headline>
<text>
<p>SKOPJE, March 26 - These are the leading stories in the Skopje press on Wednesday. Reuters has not verified these stories and cannot vouch for their accuracy.</p>
<p>NOVA MAKEDONIJA</p>
<p>- Macedonian Parliament overwhelmingly voted to support government of Prime Minister Branko Crvenkovski in his battle against organized crime. &quot;The period of big words has ended, and the time has come for action,&quot; Crvenkoski said.</p>
<p>- The public prosecutor in Bitola has expanded the inquiry into the TAT financial scandal to cover the head of the public accounting service.</p>
<p>- Macedonian Albanians' party PDPA has extended support to Albanian President Sali Berisha and Prime Minister Baskim Fino in their efforts to end the crisis in Albania.</p>
<p>- Most surgeries in Macedonian hospitals postponed due to shortage of blood control test samples; 8,600 kits expected to arrive in Skopje in Thursday.</p>
<p>DNEVNIK</p>
<p>- Macedonian President Kiro Gligorov sent message of congratulations to Greek collague Costas Simitis on Greek national holiday.</p>
<p>- Macedonian town of Ohrid sends aid in food and medicine to Albanian town of Pogradec and neighbouring villages. -- Mircela Casule, Skopje newsroom +389 91 201196</p>
</text>
<copyright>(c) Reuters Limited 1997</copyright>
<metadata>
<codes class="bip:countries:1.0">
  <code code="MCDNIA">
    <editdetail attribution="Reuters BIP Coding Group" action="confirmed" date="1997-03-26"/>
  </code>
</codes>
<codes class="bip:topics:1.0">
  <code code="GCAT">
    <editdetail attribution="Reuters BIP Coding Group" action="confirmed" date="1997-03-26"/>
  </code>
</codes>
<dc element="dc.publisher" value="Reuters Holdings Plc"/>
<dc element="dc.date.published" value="1997-03-26"/>
<dc element="dc.source" value="Reuters"/>
<dc element="dc.creator.location.country.name" value="MACEDONIA"/>
<dc element="dc.source" value="Reuters"/>
</metadata>
</newsitem>
