<?xml version="1.0" encoding="iso-8859-1" ?>
<newsitem itemid="521888" id="root" date="1997-04-18" xml:lang="en">
<title>UK: BOE allots 1.201 bln stg in outright bills, repo.</title>
<headline>BOE allots 1.201 bln stg in outright bills, repo.</headline>
<dateline>LONDON 1997-04-18</dateline>
<text>
<p>The Bank of England said that it provided the UK money market with 1.201 billion stg of assistance.</p>
<p>It allotted 745 million stg in bills outright and 456 million stg in repos to May 2 and 6.</p>
<p>The Bank's initial shortage forecast was 1.65 billion stg.</p>
</text>
<copyright>(c) Reuters Limited 1997</copyright>
<metadata>
<codes class="bip:countries:1.0">
  <code code="UK">
    <editdetail attribution="Reuters BIP Coding Group" action="confirmed" date="1997-04-18"/>
  </code>
</codes>
<codes class="bip:topics:1.0">
  <code code="M13">
    <editdetail attribution="Reuters BIP Coding Group" action="confirmed" date="1997-04-18"/>
  </code>
  <code code="M131">
    <editdetail attribution="Reuters BIP Coding Group" action="confirmed" date="1997-04-18"/>
  </code>
  <code code="MCAT">
    <editdetail attribution="Reuters BIP Coding Group" action="confirmed" date="1997-04-18"/>
  </code>
</codes>
<dc element="dc.date.created" value="1997-04-18"/>
<dc element="dc.publisher" value="Reuters Holdings Plc"/>
<dc element="dc.date.published" value="1997-04-18"/>
<dc element="dc.source" value="Reuters"/>
<dc element="dc.creator.location" value="LONDON"/>
<dc element="dc.creator.location.country.name" value="UK"/>
<dc element="dc.source" value="Reuters"/>
</metadata>
</newsitem>
