<?xml version="1.0" encoding="iso-8859-1" ?>
<newsitem itemid="405892" id="root" date="1997-02-26" xml:lang="en">
<title>FINLAND: FORECAST - Enso 1996 profit seen lower.</title>
<headline>FORECAST - Enso 1996 profit seen lower.</headline>
<dateline>HELSINKI 1997-02-26</dateline>
<text>
<p>A Reuters survey of analysts covering Finnish equities showed a 1,575 million markka median forecast for Finnish forestry group Enso Oy's full-year 1996 profit before extraordinary items and tax.</p>
<p>		   Profit before extras, tax	  EPS</p>
<p>			   (FIM million)		(markka)</p>
<p>    Median		 1,575			  4.20</p>
<p>    Mean		   1,563			  4.20</p>
<p>    Lowest		 1,311			  3.50</p>
<p>    Highest		1,728			  4.80</p>
<p>(Profit forecasts by 20 analysts, EPS by 18 analysts).</p>
<p>Enso's results are due on March 10 in the afternoon.</p>
<p>In 1995, Enso had a 3.5 billion markka profit after financial items.</p>
<p>Thirteen of the analysts polled also gave forecasts for Enso's dividend for 1996 with the median at 1.70 markka (mean 1.70 markka) in a 1.00 markka to 2.30 markka range. Enso paid a 2.25 markka dividend for 1995.</p>
<p>For the company's full-year 1997 profit, 16 of the 20 analysts polled gave a median forecast of 1,805 million markka (mean 1,847 million) in a 925-2,500 million markka range.</p>
<p>Contributors to the survey were AG Private Bankers, Aktia Bank, Alfred Berg, Aros Securities, BZW Securities, Carnegie Securities, Den Danske Bank, Enskilda Securities, Erik Selin, Evli Securities, FIM Securities, FSB, Handelsbanken, Interbank, Kleinwort Benson, Merita Securities, Opstock Securities, Paribas, Postipankki and UBS.</p>
<p>--Helsinki Newsroom +358-9-680 50 292</p>
</text>
<copyright>(c) Reuters Limited 1997</copyright>
<metadata>
<codes class="bip:countries:1.0">
  <code code="FIN">
    <editdetail attribution="Reuters BIP Coding Group" action="confirmed" date="1997-02-26"/>
  </code>
</codes>
<codes class="bip:industries:1.0">
  <code code="I47100">
    <editdetail attribution="Reuters BIP Coding Group" action="confirmed" date="1997-02-26"/>
  </code>
</codes>
<codes class="bip:topics:1.0">
  <code code="C15">
    <editdetail attribution="Reuters BIP Coding Group" action="confirmed" date="1997-02-26"/>
  </code>
  <code code="C152">
    <editdetail attribution="Reuters BIP Coding Group" action="confirmed" date="1997-02-26"/>
  </code>
  <code code="CCAT">
    <editdetail attribution="Reuters BIP Coding Group" action="confirmed" date="1997-02-26"/>
  </code>
</codes>
<dc element="dc.date.created" value="1997-02-26"/>
<dc element="dc.publisher" value="Reuters Holdings Plc"/>
<dc element="dc.date.published" value="1997-02-26"/>
<dc element="dc.source" value="Reuters"/>
<dc element="dc.creator.location" value="HELSINKI"/>
<dc element="dc.creator.location.country.name" value="FINLAND"/>
<dc element="dc.source" value="Reuters"/>
</metadata>
</newsitem>
