<?xml version="1.0" encoding="iso-8859-1" ?>
<newsitem itemid="547883" id="root" date="1997-04-29" xml:lang="en">
<title>USA: CSCE cocoa called to open $5 to $10 a tonne higher.</title>
<headline>CSCE cocoa called to open $5 to $10 a tonne higher.</headline>
<dateline>NEW YORK 1997-04-29</dateline>
<text>
<p>CSCE cocoa futures were called to open $5 to $10 higher Tuesday after the London market managed to recover from the lows, dealers said.</p>
<p>LIFFE cocoa futures erased early weakness and traded mostly firmer Tuesday. Benchmark July rose four stg by the midday pause to 1,048 stg per tonne after slumping to 1,040 stg.</p>
<p>Monday, New York cocoa futures slumped toward the bottom of the day's range in extremely thin dealings. July futures finished down $15 at $1,454 a tonne after ranging from $1,468 to $1,452. Spot May -- which goes off the board in 2-1/2 weeks -- fell $23, to $1,442, while back months shed $3 to $16.</p>
<p>On the charts, traders pegged July's near-term resistance at $1,457-$1,460, followed by Friday's close of $1,469 and $1,480. Support was seen at $1,450, with a solid downside target noted at $1,438, then $1,430. ((--Patricia Avidan, New York Commodity Desk 212 859 1640))</p>
</text>
<copyright>(c) Reuters Limited 1997</copyright>
<metadata>
<codes class="bip:countries:1.0">
  <code code="USA">
    <editdetail attribution="Reuters BIP Coding Group" action="confirmed" date="1997-04-29"/>
  </code>
</codes>
<codes class="bip:topics:1.0">
  <code code="M14">
    <editdetail attribution="Reuters BIP Coding Group" action="confirmed" date="1997-04-29"/>
  </code>
  <code code="M141">
    <editdetail attribution="Reuters BIP Coding Group" action="confirmed" date="1997-04-29"/>
  </code>
  <code code="MCAT">
    <editdetail attribution="Reuters BIP Coding Group" action="confirmed" date="1997-04-29"/>
  </code>
</codes>
<dc element="dc.date.created" value="1997-04-29"/>
<dc element="dc.publisher" value="Reuters Holdings Plc"/>
<dc element="dc.date.published" value="1997-04-29"/>
<dc element="dc.source" value="Reuters"/>
<dc element="dc.creator.location" value="NEW YORK"/>
<dc element="dc.creator.location.country.name" value="USA"/>
<dc element="dc.source" value="Reuters"/>
</metadata>
</newsitem>
