<?xml version="1.0" encoding="iso-8859-1" ?>
<newsitem itemid="690361" id="root" date="1997-06-26" xml:lang="en">
<title>TUNISIA: Airline Tunis Air raises capital.</title>
<headline>Airline Tunis Air raises capital.</headline>
<dateline>TUNIS 1997-06-26</dateline>
<text>
<p>Tunisian flag carrier Tunis Air will raise its capital by 5.3 million dinars ($4.8 million) to 58.3 million dinars from 53 million dinars, officials at the company said on Thursday.</p>
<p>The rise was by incorporation of amounts coming from a company's special investment account and from its special saving fund.</p>
<p>Current shareholders will receive one free share worth five dinars for each 10 old shares.</p>
<p>The decision to rise the capital was approved by the company's annual meeting held on Wednesday. It will take effect on July 1st.</p>
<p>The company's capital and total reserves amounted to 392.08 million dinars at end of 1996.</p>
<p>The Tunisian state and public funds were the main sharehoders in the capital of Tunis Air. Air France has a 5.6 percent stake. The company in 1995 sold 20 percent of its capital in the biggest privatisation in the country so far, for an amount of 32 million dinars.</p>
<p>Tunis newsroom, 2161-787538 ($ = 1.095 Tunisian Dinars)</p>
</text>
<copyright>(c) Reuters Limited 1997</copyright>
<metadata>
<codes class="bip:countries:1.0">
  <code code="TUNIS">
    <editdetail attribution="Reuters BIP Coding Group" action="confirmed" date="1997-06-26"/>
  </code>
</codes>
<codes class="bip:industries:1.0">
  <code code="I75000">
    <editdetail attribution="Reuters BIP Coding Group" action="confirmed" date="1997-06-26"/>
  </code>
</codes>
<codes class="bip:topics:1.0">
  <code code="C17">
    <editdetail attribution="Reuters BIP Coding Group" action="confirmed" date="1997-06-26"/>
  </code>
  <code code="C171">
    <editdetail attribution="Reuters BIP Coding Group" action="confirmed" date="1997-06-26"/>
  </code>
  <code code="CCAT">
    <editdetail attribution="Reuters BIP Coding Group" action="confirmed" date="1997-06-26"/>
  </code>
</codes>
<dc element="dc.date.created" value="1997-06-26"/>
<dc element="dc.publisher" value="Reuters Holdings Plc"/>
<dc element="dc.date.published" value="1997-06-26"/>
<dc element="dc.source" value="Reuters"/>
<dc element="dc.creator.location" value="TUNIS"/>
<dc element="dc.creator.location.country.name" value="TUNISIA"/>
<dc element="dc.source" value="Reuters"/>
</metadata>
</newsitem>
