<?xml version="1.0" encoding="iso-8859-1" ?>
<newsitem itemid="671249" id="root" date="1997-06-18" xml:lang="en">
<title>UK: U.K. Intervention Board details EU sugar sales.</title>
<headline>U.K. Intervention Board details EU sugar sales.</headline>
<dateline>LONDON 1997-06-18</dateline>
<text>
<p>A total 30,350 tonnes of current series white sugar received export rebates of a maximum 42.168 European Currency Units (Ecus) per 100 kilos at Wednesday's European Union (EU) tender, the U.K. Intervention Board said.</p>
<p>Out of this, traders in France received 24,250 tonnes, in Belgium 5,000, in Finland 600 and in Spain 500 tonnes, it added.  </p>
<p>This week's award brings the cumulative tonnage awarded for export from the 1996/97 crop to 2.250 million tonnes. This compares with the 67,250 tonnes awarded on June 19, 1996, when the cumulative tonnage totalled 2.388 million tonnes.</p>
<p>Last week the EU awarded 33,600 tonnes of white sugar at its tender when the restitution was 42.295 Ecus.</p>
<p>-- Jeremy Smith, London Newsroom +44 171 542 8064</p>
</text>
<copyright>(c) Reuters Limited 1997</copyright>
<metadata>
<codes class="bip:countries:1.0">
  <code code="UK">
    <editdetail attribution="Reuters BIP Coding Group" action="confirmed" date="1997-06-18"/>
  </code>
</codes>
<codes class="bip:topics:1.0">
  <code code="M14">
    <editdetail attribution="Reuters BIP Coding Group" action="confirmed" date="1997-06-18"/>
  </code>
  <code code="M141">
    <editdetail attribution="Reuters BIP Coding Group" action="confirmed" date="1997-06-18"/>
  </code>
  <code code="MCAT">
    <editdetail attribution="Reuters BIP Coding Group" action="confirmed" date="1997-06-18"/>
  </code>
</codes>
<dc element="dc.date.created" value="1997-06-18"/>
<dc element="dc.publisher" value="Reuters Holdings Plc"/>
<dc element="dc.date.published" value="1997-06-18"/>
<dc element="dc.source" value="Reuters"/>
<dc element="dc.creator.location" value="LONDON"/>
<dc element="dc.creator.location.country.name" value="UK"/>
<dc element="dc.source" value="Reuters"/>
</metadata>
</newsitem>
