<?xml version="1.0" encoding="iso-8859-1" ?>
<newsitem itemid="119602" id="root" date="1996-10-16" xml:lang="en">
<title>SOUTH AFRICA: REBHOLD SEES ACQUISITIONS AFTER LISTING.</title>
<headline>REBHOLD SEES ACQUISITIONS AFTER LISTING.</headline>
<dateline>JOHANNESBURG 1996-10-16</dateline>
<text>
<p>South African liquor, food and freight-forwarding firm Rebhold Ltd said its successful listing on Wednesday would pave the way for a series of acquisitions.</p>
<p>In a statement Rebhold chief executive Jacques Kempen said the firm now had funds to finance several buys as part of the next phase of its long-term growth strategy.</p>
<p>He added he was unable to give any exact details of the planned deals.</p>
<p>Earlier Rebhold shares attracted heavy market interest after the firm said a private placing of 23 million shares had been fully subscribed.</p>
<p>Rebhold stock ended flat at 258 cents a share with more than 1.5 million shares changing hands.</p>
<p>-- Johannesburg newsroom +27 11 482 1003</p>
</text>
<copyright>(c) Reuters Limited 1996</copyright>
<metadata>
<codes class="bip:countries:1.0">
  <code code="SAFR">
    <editdetail attribution="Reuters BIP Coding Group" action="confirmed" date="1996-10-16"/>
  </code>
</codes>
<codes class="bip:industries:1.0">
  <code code="I83960">
    <editdetail attribution="Reuters BIP Coding Group" action="confirmed" date="1996-10-16"/>
  </code>
</codes>
<codes class="bip:topics:1.0">
  <code code="C15">
    <editdetail attribution="Reuters BIP Coding Group" action="confirmed" date="1996-10-16"/>
  </code>
  <code code="C152">
    <editdetail attribution="Reuters BIP Coding Group" action="confirmed" date="1996-10-16"/>
  </code>
  <code code="C17">
    <editdetail attribution="Reuters BIP Coding Group" action="confirmed" date="1996-10-16"/>
  </code>
  <code code="C171">
    <editdetail attribution="Reuters BIP Coding Group" action="confirmed" date="1996-10-16"/>
  </code>
  <code code="C18">
    <editdetail attribution="Reuters BIP Coding Group" action="confirmed" date="1996-10-16"/>
  </code>
  <code code="C181">
    <editdetail attribution="Reuters BIP Coding Group" action="confirmed" date="1996-10-16"/>
  </code>
  <code code="CCAT">
    <editdetail attribution="Reuters BIP Coding Group" action="confirmed" date="1996-10-16"/>
  </code>
</codes>
<dc element="dc.date.created" value="1996-10-16"/>
<dc element="dc.publisher" value="Reuters Holdings Plc"/>
<dc element="dc.date.published" value="1996-10-16"/>
<dc element="dc.source" value="Reuters"/>
<dc element="dc.creator.location" value="JOHANNESBURG"/>
<dc element="dc.creator.location.country.name" value="SOUTH AFRICA"/>
<dc element="dc.source" value="Reuters"/>
</metadata>
</newsitem>
