<?xml version="1.0" encoding="iso-8859-1" ?>
<newsitem itemid="393891" id="root" date="1997-02-21" xml:lang="en">
<title>USA: Network Imaging Corp Q4 net narrows.</title>
<headline>Network Imaging Corp Q4 net narrows.</headline>
<dateline>HERNDON, Va. 1997-02-19</dateline>
<text>
<p>10-K.</p>
<p>	     (in millions, except share and per share amounts)</p>
<p>				  For the 3 months  For the 12 months</p>
<p>				 ended December 31  ended December 31</p>
<p>				 (Unaudited)</p>
<p>				 1996	  1995     1996	 1995</p>
<p> Net Revenue		 10.4	  12.8     39.5	 69.2</p>
<p>Loss (gain) on sale of</p>
<p>subs and Restructuring</p>
<p>  costs			  --	 (0.4)	0.7	  7.8</p>
<p> Net Loss		   (2.0)	 (3.2)   (17.3)     (25.0)</p>
<p>Pref Stock &amp; Dividend</p>
<p>  Accretion		   1.0	   6.9	3.8	  9.9</p>
<p>Net Loss appl to Common</p>
<p>  shares		    (3.0)	(10.1)   (21.1)     (34.9)</p>
<p>Net loss/Common shares</p>
<p>			    $(0.13)     $(0.60)  $(1.02)    $(2.41)</p>
<p>Weighted average shares</p>
<p>  outstanding	    22,470	16,945   20,682     14,502</p>
</text>
<copyright>(c) Reuters Limited 1997</copyright>
<metadata>
<codes class="bip:countries:1.0">
  <code code="USA">
    <editdetail attribution="Reuters BIP Coding Group" action="confirmed" date="1997-02-21"/>
  </code>
</codes>
<codes class="bip:industries:1.0">
  <code code="I33020">
    <editdetail attribution="Reuters BIP Coding Group" action="confirmed" date="1997-02-21"/>
  </code>
  <code code="I3302015">
    <editdetail attribution="Reuters BIP Coding Group" action="confirmed" date="1997-02-21"/>
  </code>
</codes>
<codes class="bip:topics:1.0">
  <code code="C15">
    <editdetail attribution="Reuters BIP Coding Group" action="confirmed" date="1997-02-21"/>
  </code>
  <code code="C151">
    <editdetail attribution="Reuters BIP Coding Group" action="confirmed" date="1997-02-21"/>
  </code>
  <code code="C1511">
    <editdetail attribution="Reuters BIP Coding Group" action="confirmed" date="1997-02-21"/>
  </code>
  <code code="CCAT">
    <editdetail attribution="Reuters BIP Coding Group" action="confirmed" date="1997-02-21"/>
  </code>
</codes>
<dc element="dc.date.created" value="1997-02-19"/>
<dc element="dc.publisher" value="Reuters Holdings Plc"/>
<dc element="dc.date.published" value="1997-02-21"/>
<dc element="dc.source" value="Reuters"/>
<dc element="dc.creator.location" value="HERNDON, Va."/>
<dc element="dc.creator.location.country.name" value="USA"/>
<dc element="dc.source" value="Reuters"/>
</metadata>
</newsitem>
