<?xml version="1.0" encoding="iso-8859-1" ?>
<newsitem itemid="622290" id="root" date="1997-05-28" xml:lang="en">
<title>JAPAN: Kinugawa Rubber -97/98 group forecast.</title>
<headline>Kinugawa Rubber -97/98 group forecast.</headline>
<dateline>TOKYO 1997-05-28</dateline>
<text>
<p>Year to March 31, 1998</p>
<p>		   (in billions of yen unless specified)</p>
<p>			   LATEST	    ACTUAL</p>
<p> (Group)		FORECAST	  YEAR-AGO</p>
<p> Sales		 64.00		64.10</p>
<p> Current	  prft 400 million  loss 511    million</p>
<p> Net		prft 100 million  loss 899    million</p>
<p> EPS	     prft 1.63 yen   loss 14.68 yen</p>
<p>NOTE - Kinugawa Rubber Industrial Co Ltd makes car parts and is affiliated with Nissan Motor Co Ltd.</p>
</text>
<copyright>(c) Reuters Limited 1997</copyright>
<metadata>
<codes class="bip:countries:1.0">
  <code code="JAP">
    <editdetail attribution="Reuters BIP Coding Group" action="confirmed" date="1997-05-28"/>
  </code>
</codes>
<codes class="bip:industries:1.0">
  <code code="I35101">
    <editdetail attribution="Reuters BIP Coding Group" action="confirmed" date="1997-05-28"/>
  </code>
  <code code="I48100">
    <editdetail attribution="Reuters BIP Coding Group" action="confirmed" date="1997-05-28"/>
  </code>
</codes>
<codes class="bip:topics:1.0">
  <code code="C15">
    <editdetail attribution="Reuters BIP Coding Group" action="confirmed" date="1997-05-28"/>
  </code>
  <code code="C152">
    <editdetail attribution="Reuters BIP Coding Group" action="confirmed" date="1997-05-28"/>
  </code>
  <code code="CCAT">
    <editdetail attribution="Reuters BIP Coding Group" action="confirmed" date="1997-05-28"/>
  </code>
</codes>
<dc element="dc.date.created" value="1997-05-28"/>
<dc element="dc.publisher" value="Reuters Holdings Plc"/>
<dc element="dc.date.published" value="1997-05-28"/>
<dc element="dc.source" value="Reuters"/>
<dc element="dc.creator.location" value="TOKYO"/>
<dc element="dc.creator.location.country.name" value="JAPAN"/>
<dc element="dc.source" value="Reuters"/>
</metadata>
</newsitem>
