<?xml version="1.0" encoding="iso-8859-1" ?>
<newsitem itemid="712993" id="root" date="1997-07-08" xml:lang="en">
<title>MEXICO: Texas to Mexico livestock export weekly - July 4.</title>
<headline>Texas to Mexico livestock export weekly - July 4.</headline>
<dateline>MEXICO CITY 1997-07-08</dateline>
<text>
<p>USDA reported Tuesday updated figures of livestock exports to Mexico from the state of Texas to July 4.</p>
<p>Species		    Wk-To-Date   Yr-Date   Last Year</p>
<p>1) Beef Cattle</p>
<p>a.  Slaughter		181	    60,660     49,226</p>
<p>b.  Breeding Males	   0	     1,396	  843</p>
<p>c.  Breeding Females	 0	     2,594	1,282</p>
<p>Total			  181	    64,936     51,351</p>
<p>2) Hogs</p>
<p>a.  Slaughter		  0		 990     31,831</p>
<p>b.  Breeding Males	   5		 408	  279</p>
<p>c.  Breeding Females	 5	     5,506	1,454</p>
<p>3) Dairy Cattle</p>
<p>a.  Breeding Males	   2		 160	   34</p>
<p>b.  Breeding Females	35	    15,191	6,711</p>
<p>Total			   37	    15,351	6,745</p>
<p>((--Timna Tanners, Mexico City newsroom +525 7287903)) E-mail at timna.tanners@reuters.com</p>
</text>
<copyright>(c) Reuters Limited 1997</copyright>
<metadata>
<codes class="bip:countries:1.0">
  <code code="MEX">
    <editdetail attribution="Reuters BIP Coding Group" action="confirmed" date="1997-07-08"/>
  </code>
</codes>
<codes class="bip:industries:1.0">
  <code code="I01001">
    <editdetail attribution="Reuters BIP Coding Group" action="confirmed" date="1997-07-08"/>
  </code>
  <code code="I0100105">
    <editdetail attribution="Reuters BIP Coding Group" action="confirmed" date="1997-07-08"/>
  </code>
  <code code="I0100119">
    <editdetail attribution="Reuters BIP Coding Group" action="confirmed" date="1997-07-08"/>
  </code>
</codes>
<codes class="bip:topics:1.0">
  <code code="C31">
    <editdetail attribution="Reuters BIP Coding Group" action="confirmed" date="1997-07-08"/>
  </code>
  <code code="C312">
    <editdetail attribution="Reuters BIP Coding Group" action="confirmed" date="1997-07-08"/>
  </code>
  <code code="CCAT">
    <editdetail attribution="Reuters BIP Coding Group" action="confirmed" date="1997-07-08"/>
  </code>
  <code code="M14">
    <editdetail attribution="Reuters BIP Coding Group" action="confirmed" date="1997-07-08"/>
  </code>
  <code code="M141">
    <editdetail attribution="Reuters BIP Coding Group" action="confirmed" date="1997-07-08"/>
  </code>
  <code code="MCAT">
    <editdetail attribution="Reuters BIP Coding Group" action="confirmed" date="1997-07-08"/>
  </code>
</codes>
<dc element="dc.date.created" value="1997-07-08"/>
<dc element="dc.publisher" value="Reuters Holdings Plc"/>
<dc element="dc.date.published" value="1997-07-08"/>
<dc element="dc.source" value="Reuters"/>
<dc element="dc.creator.location" value="MEXICO CITY"/>
<dc element="dc.creator.location.country.name" value="MEXICO"/>
<dc element="dc.source" value="Reuters"/>
</metadata>
</newsitem>
