<?xml version="1.0" encoding="iso-8859-1" ?>
<newsitem itemid="72185" id="root" date="1996-09-24" xml:lang="en">
<title>USA: AMEX to list options on Fresenius, IMNET.</title>
<headline>AMEX to list options on Fresenius, IMNET.</headline>
<dateline>CHICAGO 1996-09-24</dateline>
<text>
<p>American Stock Exchange said Tuesday it will list options on Fresenius Medical Care AG Sept 27.</p>
<p>The exchange said it will list options on IMNET Systems Inc Sept 30.</p>
<p>Fresenius Medical Care AG is a combination of Fresenius AG's worldwide kidney dialysis business and National Medical Care Inc, formerly a unit of W.R. Grace &amp; Co.</p>
<p>Fresenius Medical Care shares, trading on a when-issued basis, were up 1/4 at 22-3/8 Tuesday afternoon.  </p>
<p>Imnet options will have initial expiration months of October, November, February and May, and opening strike prices of 20, 22-1/2 and 25, the AMEX said.</p>
<p>The stock was up one at 23-1/2 Tuesday afternoon.</p>
<p>Susquehanna Investment Group will be the specialist.</p>
<p>Fresenius options will have initial expiration months of October, November, February and May, with opening strikes of 20, 22-1/2 and 25, the exchange said.</p>
<p>Spear, Leeds &amp; Kellogg will be the specialist.</p>
<p>--Derivatives desk, 312-408-8750</p>
<p>E-mail: derivatives@reuters.com</p>
</text>
<copyright>(c) Reuters Limited 1996</copyright>
<metadata>
<codes class="bip:countries:1.0">
  <code code="USA">
    <editdetail attribution="Reuters BIP Coding Group" action="confirmed" date="1996-09-24"/>
  </code>
</codes>
<codes class="bip:industries:1.0">
  <code code="I25700">
    <editdetail attribution="Reuters BIP Coding Group" action="confirmed" date="1996-09-24"/>
  </code>
  <code code="I33020">
    <editdetail attribution="Reuters BIP Coding Group" action="confirmed" date="1996-09-24"/>
  </code>
  <code code="I3302021">
    <editdetail attribution="Reuters BIP Coding Group" action="confirmed" date="1996-09-24"/>
  </code>
  <code code="I37200">
    <editdetail attribution="Reuters BIP Coding Group" action="confirmed" date="1996-09-24"/>
  </code>
</codes>
<codes class="bip:topics:1.0">
  <code code="C14">
    <editdetail attribution="Reuters BIP Coding Group" action="confirmed" date="1996-09-24"/>
  </code>
  <code code="C15">
    <editdetail attribution="Reuters BIP Coding Group" action="confirmed" date="1996-09-24"/>
  </code>
  <code code="C152">
    <editdetail attribution="Reuters BIP Coding Group" action="confirmed" date="1996-09-24"/>
  </code>
  <code code="CCAT">
    <editdetail attribution="Reuters BIP Coding Group" action="confirmed" date="1996-09-24"/>
  </code>
</codes>
<dc element="dc.date.created" value="1996-09-24"/>
<dc element="dc.publisher" value="Reuters Holdings Plc"/>
<dc element="dc.date.published" value="1996-09-24"/>
<dc element="dc.source" value="Reuters"/>
<dc element="dc.creator.location" value="CHICAGO"/>
<dc element="dc.creator.location.country.name" value="USA"/>
<dc element="dc.source" value="Reuters"/>
</metadata>
</newsitem>
