<?xml version="1.0" encoding="iso-8859-1" ?>
<newsitem itemid="357431" id="root" date="1997-02-05" xml:lang="en">
<title>USA: Fannie Mae increases REMIC series 1997-07.</title>
<headline>Fannie Mae increases REMIC series 1997-07.</headline>
<dateline>NEW YORK 1997-02-05</dateline>
<text>
<p>The Federal National Mortgage Association (Fannie Mae or FNMA) said it increased the size of a prior issue of Real Estate Mortgage Investment Conduit (REMIC) securities.</p>
<p>REMIC 1997-07, issued via Salomon Brothers, has risen to $2.366 billion from $2.161 billion, the agency said.</p>
<p>The issue is backed by 30-year 7.5 percent and 8.0 percent mortgage-backed securities and various FNMA REMIC tranches, Fannie Mae said. The issue has a settlement date of February 28.</p>
<p>(( -- N.A. Treasury Desk, 212-859-1660 ))</p>
</text>
<copyright>(c) Reuters Limited 1997</copyright>
<metadata>
<codes class="bip:countries:1.0">
  <code code="USA">
    <editdetail attribution="Reuters BIP Coding Group" action="confirmed" date="1997-02-05"/>
  </code>
</codes>
<codes class="bip:industries:1.0">
  <code code="I81501">
    <editdetail attribution="Reuters BIP Coding Group" action="confirmed" date="1997-02-05"/>
  </code>
  <code code="I8150103">
    <editdetail attribution="Reuters BIP Coding Group" action="confirmed" date="1997-02-05"/>
  </code>
</codes>
<codes class="bip:topics:1.0">
  <code code="C17">
    <editdetail attribution="Reuters BIP Coding Group" action="confirmed" date="1997-02-05"/>
  </code>
  <code code="C172">
    <editdetail attribution="Reuters BIP Coding Group" action="confirmed" date="1997-02-05"/>
  </code>
  <code code="CCAT">
    <editdetail attribution="Reuters BIP Coding Group" action="confirmed" date="1997-02-05"/>
  </code>
</codes>
<dc element="dc.date.created" value="1997-02-05"/>
<dc element="dc.publisher" value="Reuters Holdings Plc"/>
<dc element="dc.date.published" value="1997-02-05"/>
<dc element="dc.source" value="Reuters"/>
<dc element="dc.creator.location" value="NEW YORK"/>
<dc element="dc.creator.location.country.name" value="USA"/>
<dc element="dc.source" value="Reuters"/>
</metadata>
</newsitem>
