<?xml version="1.0" encoding="iso-8859-1" ?>
<newsitem itemid="678033" id="root" date="1997-06-20" xml:lang="en">
<title>ITALY: Italy's stock market steams to fresh highs.</title>
<headline>Italy's stock market steams to fresh highs.</headline>
<dateline>MILAN 1997-06-20</dateline>
<text>
<p>Italy's blue-chip Mib30 stock index and the all-share Mibtel index climbed to fresh record highs in morning trade.</p>
<p>The Mib30 index hit 20100 before retracing a shade to stand 1.27 percent up at 20080 and the Mibtel index peaked at 13201, before trickling back to stand 1.03 percent up at 13193.</p>
<p>Traders say the rally of the last few days has been derivatives-driven ahead of futures and options expiries today, with massive volumes at Friday's opening as contracts went off the board.</p>
<p>But the rally later in the morning appeared to be driven by a general optimism about Italian stocks after undervaluation for a long time, brokers said.</p>
<p>&quot;Italy's been ignored for such a long time and it's been flat in relation to other markets in Europe and the United States, and it now looks like a good opportunity to buy cheaply,&quot; said Anthony Mannara in institutional sales at brokers Milla Sim here.</p>
<p>--Milan bureau +39 2 66129507</p>
</text>
<copyright>(c) Reuters Limited 1997</copyright>
<metadata>
<codes class="bip:countries:1.0">
  <code code="ITALY">
    <editdetail attribution="Reuters BIP Coding Group" action="confirmed" date="1997-06-20"/>
  </code>
</codes>
<codes class="bip:topics:1.0">
  <code code="M11">
    <editdetail attribution="Reuters BIP Coding Group" action="confirmed" date="1997-06-20"/>
  </code>
  <code code="MCAT">
    <editdetail attribution="Reuters BIP Coding Group" action="confirmed" date="1997-06-20"/>
  </code>
</codes>
<dc element="dc.date.created" value="1997-06-20"/>
<dc element="dc.publisher" value="Reuters Holdings Plc"/>
<dc element="dc.date.published" value="1997-06-20"/>
<dc element="dc.source" value="Reuters"/>
<dc element="dc.creator.location" value="MILAN"/>
<dc element="dc.creator.location.country.name" value="ITALY"/>
<dc element="dc.source" value="Reuters"/>
</metadata>
</newsitem>
