<?xml version="1.0" encoding="iso-8859-1" ?>
<newsitem itemid="431452" id="root" date="1997-03-10" xml:lang="en">
<title>GREECE: Athens stock exchange closed for Shrove Monday.</title>
<headline>Athens stock exchange closed for Shrove Monday.</headline>
<dateline>ATHENS 1997-03-10</dateline>
<text>
<p>The Athens Stock Exchange was closed due to Shrove Monday, a market and public holiday. The bourse will trade again on Tuesday. --Athens Newsroom +301 3311812-4</p>
</text>
<copyright>(c) Reuters Limited 1997</copyright>
<metadata>
<codes class="bip:countries:1.0">
  <code code="GREECE">
    <editdetail attribution="Reuters BIP Coding Group" action="confirmed" date="1997-03-10"/>
  </code>
</codes>
<codes class="bip:topics:1.0">
  <code code="M11">
    <editdetail attribution="Reuters BIP Coding Group" action="confirmed" date="1997-03-10"/>
  </code>
  <code code="MCAT">
    <editdetail attribution="Reuters BIP Coding Group" action="confirmed" date="1997-03-10"/>
  </code>
</codes>
<dc element="dc.date.created" value="1997-03-10"/>
<dc element="dc.publisher" value="Reuters Holdings Plc"/>
<dc element="dc.date.published" value="1997-03-10"/>
<dc element="dc.source" value="Reuters"/>
<dc element="dc.creator.location" value="ATHENS"/>
<dc element="dc.creator.location.country.name" value="GREECE"/>
<dc element="dc.source" value="Reuters"/>
</metadata>
</newsitem>
