<?xml version="1.0" encoding="iso-8859-1" ?>
<newsitem itemid="222932" id="root" date="1996-11-28" xml:lang="en">
<title>ITALY: Italy's Consob approves Seat spinoff prospectus.</title>
<headline>Italy's Consob approves Seat spinoff prospectus.</headline>
<dateline>MILAN 1996-11-28</dateline>
<text>
<p>Italian stock market watchdog Consob gave the go-ahead for the publication of a prospectus detailing the planned spinoff of telecom group Stet's yellow pages subsidiary Seat, a Consob source said on Thursday.</p>
<p>The move means that Seat can list ordinary and savings shares on the stock exchange once the spinoff has been completed and Seat has been constituted as an incorporated company.</p>
<p>After Seat is hived off the majority stake in the company prior to its privatisation will be held by industrial holding company IRI. Milan newsroom +392-66102321</p>
</text>
<copyright>(c) Reuters Limited 1996</copyright>
<metadata>
<codes class="bip:countries:1.0">
  <code code="ITALY">
    <editdetail attribution="Reuters BIP Coding Group" action="confirmed" date="1996-11-28"/>
  </code>
</codes>
<codes class="bip:industries:1.0">
  <code code="I79020">
    <editdetail attribution="Reuters BIP Coding Group" action="confirmed" date="1996-11-28"/>
  </code>
</codes>
<codes class="bip:topics:1.0">
  <code code="C18">
    <editdetail attribution="Reuters BIP Coding Group" action="confirmed" date="1996-11-28"/>
  </code>
  <code code="C181">
    <editdetail attribution="Reuters BIP Coding Group" action="confirmed" date="1996-11-28"/>
  </code>
  <code code="CCAT">
    <editdetail attribution="Reuters BIP Coding Group" action="confirmed" date="1996-11-28"/>
  </code>
</codes>
<dc element="dc.date.created" value="1996-11-28"/>
<dc element="dc.publisher" value="Reuters Holdings Plc"/>
<dc element="dc.date.published" value="1996-11-28"/>
<dc element="dc.source" value="Reuters"/>
<dc element="dc.creator.location" value="MILAN"/>
<dc element="dc.creator.location.country.name" value="ITALY"/>
<dc element="dc.source" value="Reuters"/>
</metadata>
</newsitem>
