<?xml version="1.0" encoding="iso-8859-1" ?>
<newsitem itemid="213160" id="root" date="1996-11-24" xml:lang="en">
<title>AUSTRIA: Libya says hopes OPEC will not change ceiling.</title>
<headline>Libya says hopes OPEC will not change ceiling.</headline>
<dateline>VIENNA 1996-11-24</dateline>
<text>
<p>Libyan oil minister Abdullah Salem al-Badri said on Sunday that he hopes OPEC will not change its output ceiling at the current meeting due to start on Wednesday.</p>
<p>&quot;I hope that there will be no change and I hope that everbody will abide by their production (quotas),&quot; Badri told reporters on his arrival here.  </p>
<p>&quot;We have been trying to get this price for a long time, we hope everybody will try to protect this price,&quot; Badri added.</p>
<p>-- Vienna newsroom +431 713 2024</p>
</text>
<copyright>(c) Reuters Limited 1996</copyright>
<metadata>
<codes class="bip:countries:1.0">
  <code code="AUST">
    <editdetail attribution="Reuters BIP Coding Group" action="confirmed" date="1996-11-24"/>
  </code>
  <code code="LIBYA">
    <editdetail attribution="Reuters BIP Coding Group" action="confirmed" date="1996-11-24"/>
  </code>
  <code code="OPEC">
    <editdetail attribution="Reuters BIP Coding Group" action="confirmed" date="1996-11-24"/>
  </code>
</codes>
<codes class="bip:industries:1.0">
  <code code="I13000">
    <editdetail attribution="Reuters BIP Coding Group" action="confirmed" date="1996-11-24"/>
  </code>
  <code code="I1300003">
    <editdetail attribution="Reuters BIP Coding Group" action="confirmed" date="1996-11-24"/>
  </code>
</codes>
<codes class="bip:topics:1.0">
  <code code="C13">
    <editdetail attribution="Reuters BIP Coding Group" action="confirmed" date="1996-11-24"/>
  </code>
  <code code="C21">
    <editdetail attribution="Reuters BIP Coding Group" action="confirmed" date="1996-11-24"/>
  </code>
  <code code="C31">
    <editdetail attribution="Reuters BIP Coding Group" action="confirmed" date="1996-11-24"/>
  </code>
  <code code="CCAT">
    <editdetail attribution="Reuters BIP Coding Group" action="confirmed" date="1996-11-24"/>
  </code>
</codes>
<dc element="dc.date.created" value="1996-11-24"/>
<dc element="dc.publisher" value="Reuters Holdings Plc"/>
<dc element="dc.date.published" value="1996-11-24"/>
<dc element="dc.source" value="Reuters"/>
<dc element="dc.creator.location" value="VIENNA"/>
<dc element="dc.creator.location.country.name" value="AUSTRIA"/>
<dc element="dc.source" value="Reuters"/>
</metadata>
</newsitem>
