<?xml version="1.0" encoding="iso-8859-1" ?>
<newsitem itemid="56802" id="root" date="1996-09-16" xml:lang="en">
<title>SWEDEN: Ericsson to sell Swedish plastics unit.</title>
<headline>Ericsson to sell Swedish plastics unit.</headline>
<dateline>STOCKHOLM 1996-09-16</dateline>
<text>
<p>Swedish telecoms group LM Ericsson AB on Monday said it was to sell its plastic production unit at Kristianstad in southern Sweden to Swedish plastic/rubber components sub-contractor Nolato AB.</p>
<p>No financial details of the deal were released.</p>
<p>Ericsson said it had signed a letter of intent under which Nolato would take over all Ericsson Telecom AB's activities connected with the manufacturing of plastic components, including the production plant.</p>
<p>The 600 or so employees at the Kristianstad plant would be offered jobs with Nolato.</p>
<p>Ericsson said in a statement that the factory, with a turnover of $67 million in 1995, had the largest production of plastic components in Europe.</p>
<p>Half of the production is fronts for Ericsson mobile phones.</p>
<p>The factory is also a subsupplier to the automotive industry, especially AB Volvo.</p>
<p>The final agreement between the two companies was subject to approval from the Swedish Competition Authority.</p>
<p>The transfer is planned for January 1, 1997, Ericsson said in a statement.</p>
<p>-- Stockholm newsoom +46-8-700 1017</p>
</text>
<copyright>(c) Reuters Limited 1996</copyright>
<metadata>
<codes class="bip:countries:1.0">
  <code code="SWED">
    <editdetail attribution="Reuters BIP Coding Group" action="confirmed" date="1996-09-16"/>
  </code>
</codes>
<codes class="bip:industries:1.0">
  <code code="I25140">
    <editdetail attribution="Reuters BIP Coding Group" action="confirmed" date="1996-09-16"/>
  </code>
  <code code="I34400">
    <editdetail attribution="Reuters BIP Coding Group" action="confirmed" date="1996-09-16"/>
  </code>
  <code code="I48100">
    <editdetail attribution="Reuters BIP Coding Group" action="confirmed" date="1996-09-16"/>
  </code>
</codes>
<codes class="bip:topics:1.0">
  <code code="C18">
    <editdetail attribution="Reuters BIP Coding Group" action="confirmed" date="1996-09-16"/>
  </code>
  <code code="C182">
    <editdetail attribution="Reuters BIP Coding Group" action="confirmed" date="1996-09-16"/>
  </code>
  <code code="CCAT">
    <editdetail attribution="Reuters BIP Coding Group" action="confirmed" date="1996-09-16"/>
  </code>
</codes>
<dc element="dc.date.created" value="1996-09-16"/>
<dc element="dc.publisher" value="Reuters Holdings Plc"/>
<dc element="dc.date.published" value="1996-09-16"/>
<dc element="dc.source" value="Reuters"/>
<dc element="dc.creator.location" value="STOCKHOLM"/>
<dc element="dc.creator.location.country.name" value="SWEDEN"/>
<dc element="dc.source" value="Reuters"/>
</metadata>
</newsitem>
