<?xml version="1.0" encoding="iso-8859-1" ?>
<newsitem itemid="587214" id="root" date="1997-05-15" xml:lang="en">
<title>USA: Rom sees break-even results, small profits. [CORRECTED 14:50 GMT]</title>
<headline>Rom sees break-even results, small profits. [CORRECTED 14:50 GMT]</headline>
<dateline>LANGHORNE, Pa. 1997-05-15</dateline>
<text>
<p>RomTech Inc said Thursday it expects to break even or make a small profit in the fourth quarter.</p>
<p>The company also said its recently announced distribution relationships with GT Interactive Corp, ExperVision and ImageWare, will contribute to revenue and earnings growth during fiscal 1998.</p>
<p>The company said it expects recently introduced new products like PowerHunter, the new Galaxy of Games titles and the new Galaxy of Home Office Help series to enhance its growth in the office and consumer products groups.</p>
<p>The company reported a loss per share for the third quarter of $0.14 compared to a loss of $0.12 for the same period a year ago (corrects to make clear the company made a loss).</p>
</text>
<copyright>(c) Reuters Limited 1997</copyright>
<metadata>
<codes class="bip:countries:1.0">
  <code code="USA">
    <editdetail attribution="Reuters BIP Coding Group" action="confirmed" date="1997-05-15"/>
  </code>
</codes>
<codes class="bip:topics:1.0">
  <code code="C15">
    <editdetail attribution="Reuters BIP Coding Group" action="confirmed" date="1997-05-15"/>
  </code>
  <code code="C152">
    <editdetail attribution="Reuters BIP Coding Group" action="confirmed" date="1997-05-15"/>
  </code>
  <code code="CCAT">
    <editdetail attribution="Reuters BIP Coding Group" action="confirmed" date="1997-05-15"/>
  </code>
</codes>
<dc element="dc.date.created" value="1997-05-15"/>
<dc element="dc.publisher" value="Reuters Holdings Plc"/>
<dc element="dc.date.published" value="1997-05-15"/>
<dc element="dc.source" value="Reuters"/>
<dc element="dc.creator.location" value="LANGHORNE, Pa."/>
<dc element="dc.creator.location.country.name" value="USA"/>
<dc element="dc.source" value="Reuters"/>
</metadata>
</newsitem>
