<?xml version="1.0" encoding="iso-8859-1" ?>
<newsitem itemid="734127" id="root" date="1997-07-16" xml:lang="en">
<title>UK: BMW (UK) sets $200 million three-year bond.</title>
<headline>BMW (UK) sets $200 million three-year bond.</headline>
<dateline>LONDON 1997-07-16</dateline>
<text>
<p>The following bond was announced by joint lead managers Commerzbank and Goldman Sachs.</p>
<p> BORROWER   BMW (UK) PLC</p>
<p> GUARANTOR  BAYERISCHE MOTOREN-WERKE AG (BMW)</p>
<p> AMT    $200 MLN	COUPON     6.25	MATURITY    14.AUG.00</p>
<p> TYPE	 STRAIGHT  ISS PRICE  101.025   PAY DATE    14.AUG.97</p>
<p> FULL FEES  1.375     REOFFER    99.875    SPREAD	+18 BP</p>
<p> MOODY	A1	  LISTING    LONDON    PAY FREQ    ANNUAL</p>
<p> S&amp;P	  =	   DENOMS (K) 1-10-100  SALE LIMITS US/UK</p>
<p> NEG PLG    YES	 CRS DEFLT  NO	  FORCE MAJ   IPMA 2</p>
<p> GOV LAW    GERMAN    HOME CTRY  =	   TAX PROVS   STD</p>
<p> MGT/UND    0.225     SELL CONC  1.15	PRAECIPUUM  =</p>
<p> UNDERLYING GOVT BOND 6.375 MAY 2000 U.S. TREASURY</p>
<p> NOTES	ISSUED OFF MTN PROGRAMME</p>
<p>-- London Newsroom +44 171 542 7658</p>
</text>
<copyright>(c) Reuters Limited 1997</copyright>
<metadata>
<codes class="bip:countries:1.0">
  <code code="GFR">
    <editdetail attribution="Reuters BIP Coding Group" action="confirmed" date="1997-07-16"/>
  </code>
  <code code="UK">
    <editdetail attribution="Reuters BIP Coding Group" action="confirmed" date="1997-07-16"/>
  </code>
</codes>
<codes class="bip:industries:1.0">
  <code code="I35101">
    <editdetail attribution="Reuters BIP Coding Group" action="confirmed" date="1997-07-16"/>
  </code>
</codes>
<codes class="bip:topics:1.0">
  <code code="C17">
    <editdetail attribution="Reuters BIP Coding Group" action="confirmed" date="1997-07-16"/>
  </code>
  <code code="C172">
    <editdetail attribution="Reuters BIP Coding Group" action="confirmed" date="1997-07-16"/>
  </code>
  <code code="CCAT">
    <editdetail attribution="Reuters BIP Coding Group" action="confirmed" date="1997-07-16"/>
  </code>
</codes>
<dc element="dc.date.created" value="1997-07-16"/>
<dc element="dc.publisher" value="Reuters Holdings Plc"/>
<dc element="dc.date.published" value="1997-07-16"/>
<dc element="dc.source" value="Reuters"/>
<dc element="dc.creator.location" value="LONDON"/>
<dc element="dc.creator.location.country.name" value="UK"/>
<dc element="dc.source" value="Reuters"/>
</metadata>
</newsitem>
