<?xml version="1.0" encoding="iso-8859-1" ?>
<newsitem itemid="247197" id="root" date="1996-12-10" xml:lang="en">
<title>TUNISIA: Tunisian treasury rate falls at this week's sale.</title>
<headline>Tunisian treasury rate falls at this week's sale.</headline>
<dateline>TUNIS 1996-12-10</dateline>
<text>
<p>The Tunisian Treasury on Tuesday said it sold 49.96 million dinars of three-year notes at its weekly auction on December 10, repaying maturing paper totalling 69.3 million dinars.</p>
<p>It sold three-year notes payable in equal annual tranches worth 15 million dinars at an 8.0-percent coupon rate, down from a 8.0625 percent at last week's auction.</p>
<p>It also sold 34.96 million dinars three-year note payable in equal annual tranche at 8.0625 percent.</p>
<p>Banks bid for 327.8 million dinars of three-, four-, five- and seven-year paper between 8.0 and 9.0 percent. ($=one dinar)</p>
<p>--Tunis newsroom, 2161-787538</p>
</text>
<copyright>(c) Reuters Limited 1996</copyright>
<metadata>
<codes class="bip:countries:1.0">
  <code code="TUNIS">
    <editdetail attribution="Reuters BIP Coding Group" action="confirmed" date="1996-12-10"/>
  </code>
</codes>
<codes class="bip:topics:1.0">
  <code code="M12">
    <editdetail attribution="Reuters BIP Coding Group" action="confirmed" date="1996-12-10"/>
  </code>
  <code code="MCAT">
    <editdetail attribution="Reuters BIP Coding Group" action="confirmed" date="1996-12-10"/>
  </code>
</codes>
<dc element="dc.date.created" value="1996-12-10"/>
<dc element="dc.publisher" value="Reuters Holdings Plc"/>
<dc element="dc.date.published" value="1996-12-10"/>
<dc element="dc.source" value="Reuters"/>
<dc element="dc.creator.location" value="TUNIS"/>
<dc element="dc.creator.location.country.name" value="TUNISIA"/>
<dc element="dc.source" value="Reuters"/>
</metadata>
</newsitem>
