<?xml version="1.0" encoding="iso-8859-1" ?>
<newsitem itemid="585759" id="root" date="1997-05-15" xml:lang="en">
<title>COTE D'IVOIRE: Ghana gets good rains but not in main cocoa area.</title>
<headline>Ghana gets good rains but not in main cocoa area.</headline>
<dateline>ABIDJAN 1997-05-15</dateline>
<text>
<p>Above average rains in Ghana for the first ten days of May fell mostly outside the main Western cocoa growing region, official weather data show.</p>
<p>Rainfall at 10 weather stations totalled 498 millimetres against a long-term average of 451 mm. But only 17.2 mm of rain fell in the the Western region, which accounts for 60 percent of cocoa production, against a long-term average of 54.8 mm.</p>
<p>About 50 percent of total rainfall fell in cocoa areas yielding together 90 percent of total annual production -- Western region (60 percent), Ashanti (20) and Brong Ahafo (10).</p>
<p>Rains at each regional weather station were - (long-term average in brackets) Accra 10.4 (50.7), Eastern 42.3 (42.9), Central 18.1 (62.3), Western 17.2 (54.8), Volta 32.2 (54.0), Ashanti 157.2 (49.5), Brong Ahafo 78.8 950.2), Northern 93.7 (34.1), Upper West 8.0 (28.6), Upper East 40.4 (23.9). --Matthew Bunce, Abidjan newsroom + 225 21 90 90</p>
</text>
<copyright>(c) Reuters Limited 1997</copyright>
<metadata>
<codes class="bip:countries:1.0">
  <code code="GHANA">
    <editdetail attribution="Reuters BIP Coding Group" action="confirmed" date="1997-05-15"/>
  </code>
</codes>
<codes class="bip:industries:1.0">
  <code code="I01001">
    <editdetail attribution="Reuters BIP Coding Group" action="confirmed" date="1997-05-15"/>
  </code>
  <code code="I0100144">
    <editdetail attribution="Reuters BIP Coding Group" action="confirmed" date="1997-05-15"/>
  </code>
</codes>
<codes class="bip:topics:1.0">
  <code code="C21">
    <editdetail attribution="Reuters BIP Coding Group" action="confirmed" date="1997-05-15"/>
  </code>
  <code code="C24">
    <editdetail attribution="Reuters BIP Coding Group" action="confirmed" date="1997-05-15"/>
  </code>
  <code code="CCAT">
    <editdetail attribution="Reuters BIP Coding Group" action="confirmed" date="1997-05-15"/>
  </code>
  <code code="GCAT">
    <editdetail attribution="Reuters BIP Coding Group" action="confirmed" date="1997-05-15"/>
  </code>
  <code code="GWEA">
    <editdetail attribution="Reuters BIP Coding Group" action="confirmed" date="1997-05-15"/>
  </code>
  <code code="M14">
    <editdetail attribution="Reuters BIP Coding Group" action="confirmed" date="1997-05-15"/>
  </code>
  <code code="M141">
    <editdetail attribution="Reuters BIP Coding Group" action="confirmed" date="1997-05-15"/>
  </code>
  <code code="MCAT">
    <editdetail attribution="Reuters BIP Coding Group" action="confirmed" date="1997-05-15"/>
  </code>
</codes>
<dc element="dc.date.created" value="1997-05-15"/>
<dc element="dc.publisher" value="Reuters Holdings Plc"/>
<dc element="dc.date.published" value="1997-05-15"/>
<dc element="dc.source" value="Reuters"/>
<dc element="dc.creator.location" value="ABIDJAN"/>
<dc element="dc.creator.location.country.name" value="COTE D'IVOIRE"/>
<dc element="dc.source" value="Reuters"/>
</metadata>
</newsitem>
