<?xml version="1.0" encoding="iso-8859-1" ?>
<newsitem itemid="536066" id="root" date="1997-04-24" xml:lang="en">
<title>USA: U.S. corn weekly export sales highlights--USDA.</title>
<headline>U.S. corn weekly export sales highlights--USDA.</headline>
<dateline>WASHINGTON 1997-04-24</dateline>
<text>
<p>USDA corn export sales highlights in latest reporting week:</p>
<p>Net sales of 491,800 MT were off one-quarter from the previous week and one-fifth from the 4-week average.  The major buyers were Japan (252,900 MT, reflecting 261,100 MT in new sales, 46,400 MT destination changes, and 54,600 MT in cancellations), Mexico (106,600 MT), Saudi Arabia (90,000 MT, reflecting 35,000 MT in new sales and 55,000 MT destination changes), and Costa Rica (72,400 MT).  Decreases of 161,100 MT were reported for unknown destinations.</p>
<p>Sales activity of 47,900 MT for the 1997/98 marketing year were mainly for Japan (46,700 MT).  Exports of 658,300 MT were 23 percent below the prior week and 30 percent under the 4-week average.  The primary destinations were Japan (309,500 MT), Egypt (78,500 MT), Saudi Arabia (60,000 MT), and South Korea (55,100 MT).</p>
</text>
<copyright>(c) Reuters Limited 1997</copyright>
<metadata>
<codes class="bip:countries:1.0">
  <code code="COSR">
    <editdetail attribution="Reuters BIP Coding Group" action="confirmed" date="1997-04-24"/>
  </code>
  <code code="JAP">
    <editdetail attribution="Reuters BIP Coding Group" action="confirmed" date="1997-04-24"/>
  </code>
  <code code="MEX">
    <editdetail attribution="Reuters BIP Coding Group" action="confirmed" date="1997-04-24"/>
  </code>
  <code code="SAARAB">
    <editdetail attribution="Reuters BIP Coding Group" action="confirmed" date="1997-04-24"/>
  </code>
  <code code="USA">
    <editdetail attribution="Reuters BIP Coding Group" action="confirmed" date="1997-04-24"/>
  </code>
</codes>
<codes class="bip:topics:1.0">
  <code code="M14">
    <editdetail attribution="Reuters BIP Coding Group" action="confirmed" date="1997-04-24"/>
  </code>
  <code code="M141">
    <editdetail attribution="Reuters BIP Coding Group" action="confirmed" date="1997-04-24"/>
  </code>
  <code code="MCAT">
    <editdetail attribution="Reuters BIP Coding Group" action="confirmed" date="1997-04-24"/>
  </code>
</codes>
<dc element="dc.date.created" value="1997-04-24"/>
<dc element="dc.publisher" value="Reuters Holdings Plc"/>
<dc element="dc.date.published" value="1997-04-24"/>
<dc element="dc.source" value="Reuters"/>
<dc element="dc.creator.location" value="WASHINGTON"/>
<dc element="dc.creator.location.country.name" value="USA"/>
<dc element="dc.source" value="Reuters"/>
</metadata>
</newsitem>
