<?xml version="1.0" encoding="iso-8859-1" ?>
<newsitem itemid="15174" id="root" date="1996-08-26" xml:lang="en">
<title>GREECE: Contractor Proodeftiki has 107pct H1 profit growth.</title>
<headline>Contractor Proodeftiki has 107pct H1 profit growth.</headline>
<dateline>ATHENS 1996-08-26</dateline>
<text>
<p>Construction firm Proodeftiki said its first half profit rose 107 percent to 435 million drachmas from 210 million in the first half a year earlier.</p>
<p>Turnover grew 75 percent to 2.904 billion drachmas with 2.049 billion coming from projects the company carried out on its own and 855 million from joint venture projects.</p>
<p>&quot;The rise in turnover was coupled with cost containment as net profit margin improved to 15 percent from 12.7 percent in the previous first half,&quot; Proodeftiki said.</p>
<p>Liabilities dropped by 588 million drachmas to 1.89 billion, down 23.7 percent, bringing the debt-to-equity ratio down to 27.6 from 40 percent a year ago, it said.</p>
<p>Return on equity improved to 8.3 from 3.4 percent in the previous first half.</p>
<p>--George Georgiopoulos, Athens Newsroom +301 3311812-4</p>
</text>
<copyright>(c) Reuters Limited 1996</copyright>
<metadata>
<codes class="bip:countries:1.0">
  <code code="GREECE">
    <editdetail attribution="Reuters BIP Coding Group" action="confirmed" date="1996-08-26"/>
  </code>
</codes>
<codes class="bip:industries:1.0">
  <code code="I50000">
    <editdetail attribution="Reuters BIP Coding Group" action="confirmed" date="1996-08-26"/>
  </code>
</codes>
<codes class="bip:topics:1.0">
  <code code="C15">
    <editdetail attribution="Reuters BIP Coding Group" action="confirmed" date="1996-08-26"/>
  </code>
  <code code="C151">
    <editdetail attribution="Reuters BIP Coding Group" action="confirmed" date="1996-08-26"/>
  </code>
  <code code="CCAT">
    <editdetail attribution="Reuters BIP Coding Group" action="confirmed" date="1996-08-26"/>
  </code>
</codes>
<dc element="dc.date.created" value="1996-08-26"/>
<dc element="dc.publisher" value="Reuters Holdings Plc"/>
<dc element="dc.date.published" value="1996-08-26"/>
<dc element="dc.source" value="Reuters"/>
<dc element="dc.creator.location" value="ATHENS"/>
<dc element="dc.creator.location.country.name" value="GREECE"/>
<dc element="dc.source" value="Reuters"/>
</metadata>
</newsitem>
