<?xml version="1.0" encoding="iso-8859-1" ?>
<newsitem itemid="390987" id="root" date="1997-02-20" xml:lang="en">
<title>MEXICO: RESEARCH ALERT - Banacci downgraded to sell.</title>
<headline>RESEARCH ALERT - Banacci downgraded to sell.</headline>
<dateline>MEXICO CITY 1997-02-20</dateline>
<text>
<p>Credit Lyonnais Securities has downgraded Grupo Financiero Banacci to a sell from a hold due to the shares' premium valuation, it said on Thursday.</p>
<p>- &quot;Although we remain reasonably bullish on the group's medium term outlook, at 1.8 times current book value and 18.0 times our 1997 EPS estimate, the upside appears limited,&quot; analyst Andrew Collins wrote.</p>
<p>- He said the bank's shares have risen 15 percent in the last several weeks on the back of sharp declines in Mexico's interest rates, but that room for further improvement is limited.</p>
<p>- &quot;Moreover, the shares are currently trading at a 20 percent premium to the 'B' sahres of GF Bancomer, the most comparable peer,&quot; he said.</p>
<p>- He said that premium should narrow to 10 to 15 percent.</p>
<p>((-- Robert Kozak, Mexico City newsroom (525) 728 9559))</p>
</text>
<copyright>(c) Reuters Limited 1997</copyright>
<metadata>
<codes class="bip:countries:1.0">
  <code code="MEX">
    <editdetail attribution="Reuters BIP Coding Group" action="confirmed" date="1997-02-20"/>
  </code>
</codes>
<codes class="bip:industries:1.0">
  <code code="I81402">
    <editdetail attribution="Reuters BIP Coding Group" action="confirmed" date="1997-02-20"/>
  </code>
</codes>
<codes class="bip:topics:1.0">
  <code code="C15">
    <editdetail attribution="Reuters BIP Coding Group" action="confirmed" date="1997-02-20"/>
  </code>
  <code code="C152">
    <editdetail attribution="Reuters BIP Coding Group" action="confirmed" date="1997-02-20"/>
  </code>
  <code code="CCAT">
    <editdetail attribution="Reuters BIP Coding Group" action="confirmed" date="1997-02-20"/>
  </code>
</codes>
<dc element="dc.date.created" value="1997-02-20"/>
<dc element="dc.publisher" value="Reuters Holdings Plc"/>
<dc element="dc.date.published" value="1997-02-20"/>
<dc element="dc.source" value="Reuters"/>
<dc element="dc.creator.location" value="MEXICO CITY"/>
<dc element="dc.creator.location.country.name" value="MEXICO"/>
<dc element="dc.source" value="Reuters"/>
</metadata>
</newsitem>
