<?xml version="1.0" encoding="iso-8859-1" ?>
<newsitem itemid="370949" id="root" date="1997-02-11" xml:lang="en">
<title>AUSTRALIA: Canberra plans new Hindmarsh bridge inquiry.</title>
<headline>Canberra plans new Hindmarsh bridge inquiry.</headline>
<dateline>CANBERRA 1997-02-11</dateline>
<text>
<p>The Australian government will have to hold a fifth inquiry into the the proposed Hindmarsh Island Bridge in South Australia, a spokeswoman for Aboriginal Affairs Minister John Herron said on Tuesday.</p>
<p>The Senate on Monday rejected a government bill that would have authorised construction of the bridge, which is opposed by local aboriginal groups arguing it would disturb their cultural heritage.</p>
<p>&quot;We will be forced to have another inquiry,&quot; the spokeswoman said.  </p>
<p>The bill came close to passing on Monday but was thwarted by tactical voting in the Senate by minor parties.</p>
<p>The Labor opposition aimed to back the bill in an amended form to protect Aboriginal interests but, according to one Senate source, was surprised when Greens senators helped the government vote down the proposed changes.</p>
<p>That left Labor with only the unamended bill to vote on. The party chose to vote against it.</p>
<p>One of the four previous inquiries into the bridge rejected a claim that the site was important to cultural secrets held by Aboriginal women.  </p>
<p>The claim that there were such secrets -- which, being secret, could not be revealed -- had been fabricated, the earlier inquiry found.</p>
<p>-- Canberra Bureau 61-6 273-2730</p>
</text>
<copyright>(c) Reuters Limited 1997</copyright>
<metadata>
<codes class="bip:countries:1.0">
  <code code="AUSTR">
    <editdetail attribution="Reuters BIP Coding Group" action="confirmed" date="1997-02-11"/>
  </code>
</codes>
<codes class="bip:industries:1.0">
  <code code="I50200">
    <editdetail attribution="Reuters BIP Coding Group" action="confirmed" date="1997-02-11"/>
  </code>
  <code code="I5020006">
    <editdetail attribution="Reuters BIP Coding Group" action="confirmed" date="1997-02-11"/>
  </code>
</codes>
<codes class="bip:topics:1.0">
  <code code="C13">
    <editdetail attribution="Reuters BIP Coding Group" action="confirmed" date="1997-02-11"/>
  </code>
  <code code="CCAT">
    <editdetail attribution="Reuters BIP Coding Group" action="confirmed" date="1997-02-11"/>
  </code>
  <code code="GCAT">
    <editdetail attribution="Reuters BIP Coding Group" action="confirmed" date="1997-02-11"/>
  </code>
  <code code="GPOL">
    <editdetail attribution="Reuters BIP Coding Group" action="confirmed" date="1997-02-11"/>
  </code>
</codes>
<dc element="dc.date.created" value="1997-02-11"/>
<dc element="dc.publisher" value="Reuters Holdings Plc"/>
<dc element="dc.date.published" value="1997-02-11"/>
<dc element="dc.source" value="Reuters"/>
<dc element="dc.creator.location" value="CANBERRA"/>
<dc element="dc.creator.location.country.name" value="AUSTRALIA"/>
<dc element="dc.source" value="Reuters"/>
</metadata>
</newsitem>
