<?xml version="1.0" encoding="iso-8859-1" ?>
<newsitem itemid="806351" id="root" date="1997-08-18" xml:lang="en">
<title>BANGLADESH: Bangladesh cenbank moves taka lower against dollar.</title>
<headline>Bangladesh cenbank moves taka lower against dollar.</headline>
<dateline>DHAKA 1997-08-18</dateline>
<text>
<p>The Bangladesh Bank has set the taka currency lower against the U.S. dollar at 44.45/65 from 44.00/20 effective Monday, the central bank said in a release on Sunday.</p>
<p>The bank gave no reason for its decision to depreciate the take by over one percent. This is the second time the currency has been moved lower since fiscal 1997/98 began on July 1. The previous adjustment came on July 21.</p>
<p>Officials at commercial banks said the move was aimed at boosting the country's exports in view of dwindling foreign exchange reserves.</p>
<p>Reserves stood at $1.62 billion at the end of July, down from $1.99 billion a year ago. The officials said Bangladesh was under pressure from the International Monetary Fund to devalue its currency to stay competitive in international trade and boost reserves.</p>
<p>Following is the rate of Bangladesh taka against U.S. dollar:</p>
<p>    Present	   Previous	 Year ago</p>
<p>    44.45/65	  44.00/20	 42.05/42.25</p>
<p>((-- Dhaka Newsroom +880-2-869749))</p>
</text>
<copyright>(c) Reuters Limited 1997</copyright>
<metadata>
<codes class="bip:countries:1.0">
  <code code="BANDH">
    <editdetail attribution="Reuters BIP Coding Group" action="confirmed" date="1997-08-18"/>
  </code>
</codes>
<codes class="bip:topics:1.0">
  <code code="E12">
    <editdetail attribution="Reuters BIP Coding Group" action="confirmed" date="1997-08-18"/>
  </code>
  <code code="ECAT">
    <editdetail attribution="Reuters BIP Coding Group" action="confirmed" date="1997-08-18"/>
  </code>
  <code code="M13">
    <editdetail attribution="Reuters BIP Coding Group" action="confirmed" date="1997-08-18"/>
  </code>
  <code code="M132">
    <editdetail attribution="Reuters BIP Coding Group" action="confirmed" date="1997-08-18"/>
  </code>
  <code code="MCAT">
    <editdetail attribution="Reuters BIP Coding Group" action="confirmed" date="1997-08-18"/>
  </code>
</codes>
<dc element="dc.date.created" value="1997-08-18"/>
<dc element="dc.publisher" value="Reuters Holdings Plc"/>
<dc element="dc.date.published" value="1997-08-18"/>
<dc element="dc.source" value="Reuters"/>
<dc element="dc.creator.location" value="DHAKA"/>
<dc element="dc.creator.location.country.name" value="BANGLADESH"/>
<dc element="dc.source" value="Reuters"/>
</metadata>
</newsitem>
