<?xml version="1.0" encoding="iso-8859-1" ?>
<newsitem itemid="92088" id="root" date="1996-10-02" xml:lang="en">
<title>USA: U.S West Coast crude off with WTI, ANS offers fall.</title>
<headline>U.S West Coast crude off with WTI, ANS offers fall.</headline>
<dateline>LOS ANGELES 1996-10-01</dateline>
<text>
<p>U.S. West Coast crude prices pared early gains to close a touch higher than Monday, while traders claimed that Alaskan crude offers softened.</p>
<p>Industry sources said a major producer of Alaska North Slope (ANS) crude lowered its November sale price for ANS by 10 cents, making it $2.10 off West Texas Intermediate.</p>
<p>November WTI led ANS down by falling five cents from midday to $24.30/24.40 a barrel after a day of fluctuations.</p>
<p>Meanwhile, Ultramar denied early rumors of problems at its fluid catalytic cracker in Wilmington, Calif.  </p>
<p>Major bids remained $2.50 less WTT, and the last done deal was at $2.30 off WTI.</p>
<p>Line 63 remained unchanged at $3.20 to $3.00 under spot WTI for November delivery.</p>
<p>Kern River, from California's San Joaquin Valley, was unchanged at $16.15/16.35 a barrel.</p>
<p>And prices for Long Beach-based Wilmington crude held at $17.60/17.70.</p>
<p>-- David Brinkerhoff, Los Angeles bureau, +1 213 380 2014</p>
</text>
<copyright>(c) Reuters Limited 1996</copyright>
<metadata>
<codes class="bip:countries:1.0">
  <code code="USA">
    <editdetail attribution="Reuters BIP Coding Group" action="confirmed" date="1996-10-02"/>
  </code>
</codes>
<codes class="bip:topics:1.0">
  <code code="M14">
    <editdetail attribution="Reuters BIP Coding Group" action="confirmed" date="1996-10-02"/>
  </code>
  <code code="M143">
    <editdetail attribution="Reuters BIP Coding Group" action="confirmed" date="1996-10-02"/>
  </code>
  <code code="MCAT">
    <editdetail attribution="Reuters BIP Coding Group" action="confirmed" date="1996-10-02"/>
  </code>
</codes>
<dc element="dc.date.created" value="1996-10-01"/>
<dc element="dc.publisher" value="Reuters Holdings Plc"/>
<dc element="dc.date.published" value="1996-10-02"/>
<dc element="dc.source" value="Reuters"/>
<dc element="dc.creator.location" value="LOS ANGELES"/>
<dc element="dc.creator.location.country.name" value="USA"/>
<dc element="dc.source" value="Reuters"/>
</metadata>
</newsitem>
