<?xml version="1.0" encoding="iso-8859-1" ?>
<newsitem itemid="442397" id="root" date="1997-03-14" xml:lang="en">
<title>SLOVAKIA: SLOVAK JAN-FEB STATE BUDGET SKK 361.3 MLN DEFICIT.</title>
<headline>SLOVAK JAN-FEB STATE BUDGET SKK 361.3 MLN DEFICIT.</headline>
<dateline>BRATISLAVA 1997-03-14</dateline>
<text>
<p>The Slovak state budget posted a deficit of 361.3 million crowns for the first two months of 1997, compared with a surplus of 2.884 billion crowns in January, the Finance Ministry said on Friday.</p>
</text>
<copyright>(c) Reuters Limited 1997</copyright>
<metadata>
<codes class="bip:countries:1.0">
  <code code="SLVAK">
    <editdetail attribution="Reuters BIP Coding Group" action="confirmed" date="1997-03-14"/>
  </code>
</codes>
<codes class="bip:topics:1.0">
  <code code="E21">
    <editdetail attribution="Reuters BIP Coding Group" action="confirmed" date="1997-03-14"/>
  </code>
  <code code="E211">
    <editdetail attribution="Reuters BIP Coding Group" action="confirmed" date="1997-03-14"/>
  </code>
  <code code="E212">
    <editdetail attribution="Reuters BIP Coding Group" action="confirmed" date="1997-03-14"/>
  </code>
  <code code="ECAT">
    <editdetail attribution="Reuters BIP Coding Group" action="confirmed" date="1997-03-14"/>
  </code>
</codes>
<dc element="dc.date.created" value="1997-03-14"/>
<dc element="dc.publisher" value="Reuters Holdings Plc"/>
<dc element="dc.date.published" value="1997-03-14"/>
<dc element="dc.source" value="Reuters"/>
<dc element="dc.creator.location" value="BRATISLAVA"/>
<dc element="dc.creator.location.country.name" value="SLOVAKIA"/>
<dc element="dc.source" value="Reuters"/>
</metadata>
</newsitem>
