<?xml version="1.0" encoding="iso-8859-1" ?>
<newsitem itemid="472336" id="root" date="1997-03-27" xml:lang="en">
<title>USA: N.Y. business loans rose $603 mln in March 19 wk.</title>
<headline>N.Y. business loans rose $603 mln in March 19 wk.</headline>
<dateline>NEW YORK 1997-03-27</dateline>
<text>
<p>Commercial and industrial loans at the six major New York banks, excluding acceptances, rose $603 million to $45,273 million in the week ended March 19, the Federal Reserve Bank of New York said.</p>
<p>Including acceptances, loans rose $593 million to $45,533 million.</p>
<p>Commercial paper outstanding nationally rose $5,324 million to $827,734 million.</p>
<p>(( -- N.A. Treasury Desk, 212-859-1660 ))</p>
</text>
<copyright>(c) Reuters Limited 1997</copyright>
<metadata>
<codes class="bip:countries:1.0">
  <code code="USA">
    <editdetail attribution="Reuters BIP Coding Group" action="confirmed" date="1997-03-27"/>
  </code>
</codes>
<codes class="bip:industries:1.0">
  <code code="I81402">
    <editdetail attribution="Reuters BIP Coding Group" action="confirmed" date="1997-03-27"/>
  </code>
</codes>
<codes class="bip:topics:1.0">
  <code code="C31">
    <editdetail attribution="Reuters BIP Coding Group" action="confirmed" date="1997-03-27"/>
  </code>
  <code code="CCAT">
    <editdetail attribution="Reuters BIP Coding Group" action="confirmed" date="1997-03-27"/>
  </code>
</codes>
<dc element="dc.date.created" value="1997-03-27"/>
<dc element="dc.publisher" value="Reuters Holdings Plc"/>
<dc element="dc.date.published" value="1997-03-27"/>
<dc element="dc.source" value="Reuters"/>
<dc element="dc.creator.location" value="NEW YORK"/>
<dc element="dc.creator.location.country.name" value="USA"/>
<dc element="dc.source" value="Reuters"/>
</metadata>
</newsitem>
