<?xml version="1.0" encoding="iso-8859-1" ?>
<newsitem itemid="56919" id="root" date="1996-09-16" xml:lang="en">
<title>FRANCE: Eiffage stock suspended again - SBF.</title>
<headline>Eiffage stock suspended again - SBF.</headline>
<dateline>PARIS 1996-09-16</dateline>
<text>
<p>Shares in public works company Eiffage were suspended for a second time on Monday morning but were due to resume trading at 0905 GMT, the French stockmarkets association SBF said.</p>
<p>The company earlier reported a first-half net attributable loss of 890 million francs, forecast a similar loss for the full year and suspended its 1996 dividend. It blamed its results on a marked drop in activity in its building in roadworks divisions.</p>
<p>-- Paris Newsroom, +33 1 4221 5452</p>
</text>
<copyright>(c) Reuters Limited 1996</copyright>
<metadata>
<codes class="bip:countries:1.0">
  <code code="FRA">
    <editdetail attribution="Reuters BIP Coding Group" action="confirmed" date="1996-09-16"/>
  </code>
</codes>
<codes class="bip:industries:1.0">
  <code code="I50200">
    <editdetail attribution="Reuters BIP Coding Group" action="confirmed" date="1996-09-16"/>
  </code>
</codes>
<codes class="bip:topics:1.0">
  <code code="C14">
    <editdetail attribution="Reuters BIP Coding Group" action="confirmed" date="1996-09-16"/>
  </code>
  <code code="C15">
    <editdetail attribution="Reuters BIP Coding Group" action="confirmed" date="1996-09-16"/>
  </code>
  <code code="C152">
    <editdetail attribution="Reuters BIP Coding Group" action="confirmed" date="1996-09-16"/>
  </code>
  <code code="CCAT">
    <editdetail attribution="Reuters BIP Coding Group" action="confirmed" date="1996-09-16"/>
  </code>
</codes>
<dc element="dc.date.created" value="1996-09-16"/>
<dc element="dc.publisher" value="Reuters Holdings Plc"/>
<dc element="dc.date.published" value="1996-09-16"/>
<dc element="dc.source" value="Reuters"/>
<dc element="dc.creator.location" value="PARIS"/>
<dc element="dc.creator.location.country.name" value="FRANCE"/>
<dc element="dc.source" value="Reuters"/>
</metadata>
</newsitem>
