<?xml version="1.0" encoding="iso-8859-1" ?>
<newsitem itemid="539845" id="root" date="1997-04-25" xml:lang="en">
<title>USA: RFS Hotel Investors Inc Q1 net rises.</title>
<headline>RFS Hotel Investors Inc Q1 net rises.</headline>
<dateline>MEMPHIS, Tenn. 1997-04-25</dateline>
<text>
<p>1997	     1996</p>
<p>   Leases					$17,863	  $13,268</p>
<p>   Interest					   44		 69</p>
<p>	  Total revenue			 17,907	   13,337</p>
<p>Real estate taxes and property and</p>
<p>     casualty insurance			1,947	    1,461</p>
<p>   Depreciation				  3,908	    2,513</p>
<p>Amortization of franchise fees and</p>
<p>     unearned compensation		     221		137</p>
<p>   Compensation				    621		469</p>
<p>   Franchise taxes				  75		 65</p>
<p>   General and administrative		  524		308</p>
<p>   Loss on sale of a hotel property			     244</p>
<p>   Amortization of loan costs		  144		 88</p>
<p>   Interest expense, net		     1,938		708</p>
<p>	  Total expenses			 9,378	    5,993</p>
<p> Income before minority interest	   8,529	    7,344</p>
<p> Minority interest				 835		108</p>
<p> Net income					7,694	    7,236</p>
<p> Preferred stock dividends		     348		132</p>
<p>Net income applicable to common</p>
<p>   shareholders				  7,346	    7,104</p>
<p>Net income per common and</p>
<p>   common equivalent share		    0.30	     0.29</p>
<p> FFO per share				    0.45	     0.40</p>
<p>Weighted average shares and</p>
<p>   partnership units outstanding	  26,930	   24,653</p>
<p>(in thousands, except per share data)</p>
<p>((-- New York Newsdesk, 212-859-1610))</p>
</text>
<copyright>(c) Reuters Limited 1997</copyright>
<metadata>
<codes class="bip:countries:1.0">
  <code code="USA">
    <editdetail attribution="Reuters BIP Coding Group" action="confirmed" date="1997-04-25"/>
  </code>
</codes>
<codes class="bip:industries:1.0">
  <code code="I66500">
    <editdetail attribution="Reuters BIP Coding Group" action="confirmed" date="1997-04-25"/>
  </code>
</codes>
<codes class="bip:topics:1.0">
  <code code="C15">
    <editdetail attribution="Reuters BIP Coding Group" action="confirmed" date="1997-04-25"/>
  </code>
  <code code="C151">
    <editdetail attribution="Reuters BIP Coding Group" action="confirmed" date="1997-04-25"/>
  </code>
  <code code="CCAT">
    <editdetail attribution="Reuters BIP Coding Group" action="confirmed" date="1997-04-25"/>
  </code>
</codes>
<dc element="dc.date.created" value="1997-04-25"/>
<dc element="dc.publisher" value="Reuters Holdings Plc"/>
<dc element="dc.date.published" value="1997-04-25"/>
<dc element="dc.source" value="Reuters"/>
<dc element="dc.creator.location" value="MEMPHIS, Tenn."/>
<dc element="dc.creator.location.country.name" value="USA"/>
<dc element="dc.source" value="Reuters"/>
</metadata>
</newsitem>
