<?xml version="1.0" encoding="iso-8859-1" ?>
<newsitem itemid="497398" id="root" date="1997-04-09" xml:lang="en">
<title>SRI LANKA: Sri Lanka 12-month T-bill yields unchanged.</title>
<headline>Sri Lanka 12-month T-bill yields unchanged.</headline>
<dateline>COLOMBO 1997-04-09</dateline>
<text>
<p>Sri Lankan treasury bill yields were mixed at Wednesday's auction with yields of 12-month bills unchanged, while six-month bills fell by 0.01 percentage point and three-month yields rose by 0.01 percentage point, the Central Bank said.</p>
<p>		  bids received   bids accepted   avg yield</p>
<p>    3 months     2,272	     2,094	  10.82 (10.81)</p>
<p>    6 months     1,191	     1,125	  12.08 (12.09)</p>
<p>    12 months	860		 380	  12.92 (12.92)</p>
<p>    Total	  4,323	     3,599</p>
<p>NOTE - Bids in million rupees, yields in percent (previous week's yields in brackets). -- Colombo newsroom (941) 434319</p>
</text>
<copyright>(c) Reuters Limited 1997</copyright>
<metadata>
<codes class="bip:countries:1.0">
  <code code="SRILAN">
    <editdetail attribution="Reuters BIP Coding Group" action="confirmed" date="1997-04-09"/>
  </code>
</codes>
<codes class="bip:topics:1.0">
  <code code="M13">
    <editdetail attribution="Reuters BIP Coding Group" action="confirmed" date="1997-04-09"/>
  </code>
  <code code="M131">
    <editdetail attribution="Reuters BIP Coding Group" action="confirmed" date="1997-04-09"/>
  </code>
  <code code="MCAT">
    <editdetail attribution="Reuters BIP Coding Group" action="confirmed" date="1997-04-09"/>
  </code>
</codes>
<dc element="dc.date.created" value="1997-04-09"/>
<dc element="dc.publisher" value="Reuters Holdings Plc"/>
<dc element="dc.date.published" value="1997-04-09"/>
<dc element="dc.source" value="Reuters"/>
<dc element="dc.creator.location" value="COLOMBO"/>
<dc element="dc.creator.location.country.name" value="SRI LANKA"/>
<dc element="dc.source" value="Reuters"/>
</metadata>
</newsitem>
