<?xml version="1.0" encoding="iso-8859-1" ?>
<newsitem itemid="768399" id="root" date="1997-07-31" xml:lang="en">
<title>USA: TABLE - ImmuLogic Pharm Q2 net loss narrows.</title>
<headline>TABLE - ImmuLogic Pharm Q2 net loss narrows.</headline>
<dateline>WALTHAM, Mass. 1997-07-31</dateline>
<text>
<p>Three Months Ended  Six Months Ended</p>
<p>				   1997	1996     1997	1996</p>
<p>License and research revenues</p>
<p>				    $368     $625	$920    $1,250</p>
<p> Net loss		    (5,290)  (5,593)  (11,626)  (11,272)</p>
<p>Net loss per common share</p>
<p>				  (0.26)   (0.28)    (0.57)    (0.56)</p>
<p>Weighted average number of</p>
<p>  common shares	     20,242   20,217    20,241    20,194</p>
<p>	     (in thousands, except per share data)</p>
<p>NOTE:  ImmuLogic Pharmaceutical Corp said the decrease in the net loss for the second quarter of 1997 compared to the same period in the prior year resulted primarily from reduced clinical trial and related development activity which were offset in part by severance payments to former executive officers, severance paid to former employees whose positions were eliminated in June 1997 and lower interest income.</p>
</text>
<copyright>(c) Reuters Limited 1997</copyright>
<metadata>
<codes class="bip:countries:1.0">
  <code code="USA">
    <editdetail attribution="Reuters BIP Coding Group" action="confirmed" date="1997-07-31"/>
  </code>
</codes>
<codes class="bip:industries:1.0">
  <code code="I25700">
    <editdetail attribution="Reuters BIP Coding Group" action="confirmed" date="1997-07-31"/>
  </code>
</codes>
<codes class="bip:topics:1.0">
  <code code="C15">
    <editdetail attribution="Reuters BIP Coding Group" action="confirmed" date="1997-07-31"/>
  </code>
  <code code="C152">
    <editdetail attribution="Reuters BIP Coding Group" action="confirmed" date="1997-07-31"/>
  </code>
  <code code="CCAT">
    <editdetail attribution="Reuters BIP Coding Group" action="confirmed" date="1997-07-31"/>
  </code>
</codes>
<dc element="dc.date.created" value="1997-07-31"/>
<dc element="dc.publisher" value="Reuters Holdings Plc"/>
<dc element="dc.date.published" value="1997-07-31"/>
<dc element="dc.source" value="Reuters"/>
<dc element="dc.creator.location" value="WALTHAM, Mass."/>
<dc element="dc.creator.location.country.name" value="USA"/>
<dc element="dc.source" value="Reuters"/>
</metadata>
</newsitem>
