<?xml version="1.0" encoding="iso-8859-1" ?>
<newsitem itemid="722726" id="root" date="1997-07-11" xml:lang="en">
<title>INDIA: INDIA GOVERNMENT SECURITIES - July 11.</title>
<headline>INDIA GOVERNMENT SECURITIES - July 11.</headline>
<text>
<p>Government	Indicative    Coupon	  Yield to     Year</p>
<p> Securities	Market Price  Dates	   Mat Apprx    to</p>
<p>			(Range)			  pct(Range)   Mat.</p>
<p>  13.50% 1997     100.80/85  Mar   1/Sep  1   ----/----   0.14</p>
<p>  13.50% 1998     103.75/85  Apr  18/Oct 18   ----/----   0.77</p>
<p>  13.62% 1998     105.00/10  Jan  30/Jul 30   ----/----   1.05</p>
<p>  13.65% 1998     105.20/30  -------/------   ----/----   -.--</p>
<p>  12.00% 1999     103.10/20  Oct   7/Apr  7  -----/----   1.74</p>
<p>  13.70% 1999     106.05/10  Dec   6/Jun  6  -----/-----  1.90</p>
<p>  13.12% 1999     104.90/00  Mar   2/Sep  2  -----/-----  2.14</p>
<p>  13.40% 1999     106.05/10  Jun  24/Dec 24  -----/-----  2.45</p>
<p>  12.14% 2000     102.50/55  Nov  29/May 29  -----/-----  2.88</p>
<p>  00.00% 2000	73.00/10  --------------  -----/-----  3.00</p>
<p>  11.64% 2000     101.10/20  Jan  26/Jul 26  -----/-----  3.04</p>
<p>  13.85% 2000     107.00/10  -------/------  -----/-----  -.--</p>
<p>  13.85% 2001     107.00/10  Sep  25/Mar 25  -----/-----  3.70</p>
<p>  12.69% 2002     102.90/05  Nov  10/May 10  -----/-----  4.83</p>
<p>  13.80% 2002     106.95/05  Nov  30/May 30  -----/-----  4.88</p>
<p>  13.82% 2002     106.95/10  Mar  18/Sep 18  -----/-----  5.19</p>
<p>  12.50% 2004     101.45/55  Sep  23/Mar 23  -----/-----  6.70</p>
<p>  12.59% 2004     101.55/58  Dec  18/Jun 18  -----/-----  6.94</p>
<p>  13.05% 2007     103.65/75  Oct  22/Apr 22  -----/-----  9.78</p>
<p>.</p>
<p>* Note: These rates are based on a consensus of rates being</p>
<p>offered by leading banks, corporates. # To contribute to the  daily composite rate, please telephone</p>
<p>Money Desk on (022) 265-9000.</p>
<p>Mat - Maturity</p>
</text>
<copyright>(c) Reuters Limited 1997</copyright>
<metadata>
<codes class="bip:countries:1.0">
  <code code="INDIA">
    <editdetail attribution="Reuters BIP Coding Group" action="confirmed" date="1997-07-11"/>
  </code>
</codes>
<codes class="bip:topics:1.0">
  <code code="M12">
    <editdetail attribution="Reuters BIP Coding Group" action="confirmed" date="1997-07-11"/>
  </code>
  <code code="MCAT">
    <editdetail attribution="Reuters BIP Coding Group" action="confirmed" date="1997-07-11"/>
  </code>
</codes>
<dc element="dc.publisher" value="Reuters Holdings Plc"/>
<dc element="dc.date.published" value="1997-07-11"/>
<dc element="dc.source" value="Reuters"/>
<dc element="dc.creator.location.country.name" value="INDIA"/>
<dc element="dc.source" value="Reuters"/>
</metadata>
</newsitem>
