<?xml version="1.0" encoding="iso-8859-1" ?>
<newsitem itemid="637839" id="root" date="1997-06-04" xml:lang="en">
<title>UK: Britain's Offer says electricity prices fell in 96.</title>
<headline>Britain's Offer says electricity prices fell in 96.</headline>
<dateline>LONDON 1997-06-04</dateline>
<text>
<p>Britain's electricity industry regulator Offer said on Wednesday that domestic customers had seen prices fall by five percent in 1996 while prices for industrial customers decreased by between four and five percent, reflecting revisions to price reviews from April 1996.</p>
<p>&quot;All customers continue to benefit from reductions in prices,&quot; Offer head Stephen Littlechild said in a statement marking publication of the watchdog's annual report.  </p>
<p>Offer said disconnections had fallen 43 percent to 477 across the country, with all companies but Northern Electric in north east England showing a reduction.</p>
<p>Offer said 57 percent of users above one megaWatt (MW) were choosing second-tier supply with 38 percent of users between 100 kiloWatt and one MW choosing supply.</p>
<p>Offer said around 4,000 MW of new generating capacity came onstream during the year with a further 2,375 MW under construction.</p>
<p>There was also &quot;good progress&quot; towards targets for energy efficiency with projects underway which are expected to make savings in usage equivalent to over 80 percent of current four-year targets.</p>
<p>-- London Newsroom +44171 542 7717</p>
</text>
<copyright>(c) Reuters Limited 1997</copyright>
<metadata>
<codes class="bip:countries:1.0">
  <code code="UK">
    <editdetail attribution="Reuters BIP Coding Group" action="confirmed" date="1997-06-04"/>
  </code>
</codes>
<codes class="bip:industries:1.0">
  <code code="I16100">
    <editdetail attribution="Reuters BIP Coding Group" action="confirmed" date="1997-06-04"/>
  </code>
</codes>
<codes class="bip:topics:1.0">
  <code code="C13">
    <editdetail attribution="Reuters BIP Coding Group" action="confirmed" date="1997-06-04"/>
  </code>
  <code code="C31">
    <editdetail attribution="Reuters BIP Coding Group" action="confirmed" date="1997-06-04"/>
  </code>
  <code code="CCAT">
    <editdetail attribution="Reuters BIP Coding Group" action="confirmed" date="1997-06-04"/>
  </code>
</codes>
<dc element="dc.date.created" value="1997-06-04"/>
<dc element="dc.publisher" value="Reuters Holdings Plc"/>
<dc element="dc.date.published" value="1997-06-04"/>
<dc element="dc.source" value="Reuters"/>
<dc element="dc.creator.location" value="LONDON"/>
<dc element="dc.creator.location.country.name" value="UK"/>
<dc element="dc.source" value="Reuters"/>
</metadata>
</newsitem>
