<?xml version="1.0" encoding="iso-8859-1" ?>
<newsitem itemid="443299" id="root" date="1997-03-14" xml:lang="en">
<title>USA: RESEARCH ALERT - AmSouth raised to buy.</title>
<headline>RESEARCH ALERT - AmSouth raised to buy.</headline>
<text>
<p>-- Interstate/Johnson Lane said on Friday analysts John Mason, Marguerite Sons and J. Dillon Bowles had raised their rating for AmSouth Bancorp to buy from neutral.</p>
<p>-- &quot;AmSouth is currently selling at attractive valuation levels on a price-to-earnings and price-to-book basis,&quot; they wrote in a report.</p>
<p>-- They set a 12-month price target of $62 a share.</p>
<p>-- Their 1997 earnings-per-share (EPS) estimate remained at $3.95. The analysts set a 1998 EPS estimate of $4.40.</p>
<p>-- Shares in the Birmingham, Ala., company closed on Thursday at 51-7/8.</p>
<p>((--Ian Simpson, Wall Street desk, (212) 859-1879))</p>
</text>
<copyright>(c) Reuters Limited 1997</copyright>
<metadata>
<codes class="bip:countries:1.0">
  <code code="USA">
    <editdetail attribution="Reuters BIP Coding Group" action="confirmed" date="1997-03-14"/>
  </code>
</codes>
<codes class="bip:industries:1.0">
  <code code="I81402">
    <editdetail attribution="Reuters BIP Coding Group" action="confirmed" date="1997-03-14"/>
  </code>
</codes>
<codes class="bip:topics:1.0">
  <code code="C15">
    <editdetail attribution="Reuters BIP Coding Group" action="confirmed" date="1997-03-14"/>
  </code>
  <code code="C152">
    <editdetail attribution="Reuters BIP Coding Group" action="confirmed" date="1997-03-14"/>
  </code>
  <code code="CCAT">
    <editdetail attribution="Reuters BIP Coding Group" action="confirmed" date="1997-03-14"/>
  </code>
</codes>
<dc element="dc.publisher" value="Reuters Holdings Plc"/>
<dc element="dc.date.published" value="1997-03-14"/>
<dc element="dc.source" value="Reuters"/>
<dc element="dc.creator.location.country.name" value="USA"/>
<dc element="dc.source" value="Reuters"/>
</metadata>
</newsitem>
