<?xml version="1.0" encoding="iso-8859-1" ?>
<newsitem itemid="525758" id="root" date="1997-04-21" xml:lang="en">
<title>EGYPT: Egypt watching Israel for effects on peace.</title>
<headline>Egypt watching Israel for effects on peace.</headline>
<dateline>CAIRO 1997-04-21</dateline>
<text>
<p>Egypt said on Monday it was watching events in Israel for any implications they might have for Middle East peace talks.</p>
<p>Egyptian Foreign Amr Moussa was answering a question on the decision on Sunday not to prosecute Israeli Prime Minister Benjamin Netanyahu on corruption charges.</p>
<p>&quot;We are following the situation. This is an internal matter on which we have no comment and our only interest is in the aspect relating to the peace process,&quot; he said.</p>
<p>Moussa added that any successful attempt to save Middle East peace talks would have to tackle the question of Jewish settlements and faithful implementation of agreements.</p>
<p>&quot;All the parties, especially Israel, must respect the foundations on which agreement was reached. Without that the situation will grow worse,&quot; he said.</p>
<p>&quot;Security must be for everyone, not just for one party as Israel is now demanding.&quot;.</p>
</text>
<copyright>(c) Reuters Limited 1997</copyright>
<metadata>
<codes class="bip:countries:1.0">
  <code code="EGYPT">
    <editdetail attribution="Reuters BIP Coding Group" action="confirmed" date="1997-04-21"/>
  </code>
  <code code="ISRAEL">
    <editdetail attribution="Reuters BIP Coding Group" action="confirmed" date="1997-04-21"/>
  </code>
</codes>
<codes class="bip:topics:1.0">
  <code code="GCAT">
    <editdetail attribution="Reuters BIP Coding Group" action="confirmed" date="1997-04-21"/>
  </code>
  <code code="GDIP">
    <editdetail attribution="Reuters BIP Coding Group" action="confirmed" date="1997-04-21"/>
  </code>
</codes>
<dc element="dc.date.created" value="1997-04-21"/>
<dc element="dc.publisher" value="Reuters Holdings Plc"/>
<dc element="dc.date.published" value="1997-04-21"/>
<dc element="dc.source" value="Reuters"/>
<dc element="dc.creator.location" value="CAIRO"/>
<dc element="dc.creator.location.country.name" value="EGYPT"/>
<dc element="dc.source" value="Reuters"/>
</metadata>
</newsitem>
