<?xml version="1.0" encoding="iso-8859-1" ?>
<newsitem itemid="504299" id="root" date="1997-04-11" xml:lang="en">
<title>JAPAN: Vickers, Komatsu agree to cooperate in hydraulics.</title>
<headline>Vickers, Komatsu agree to cooperate in hydraulics.</headline>
<dateline>TOKYO 1997-04-11</dateline>
<text>
<p>Vickers Inc of the United States said on Friday that it and Komatsu Ltd have agreed to cooperate in the sale and development of mobile hydraulic products and related technologies.</p>
<p>Under the agreement, the two companies will establish a joint venture in Japan to sell a range of hydraulic products manufactured by Vickers, Komatsu and its affiliate, Komatsu Zenoah Ltd, under the Vickers brand, Vickers said in a statement.</p>
<p>The venture is expected to start operations in May, the statement said.</p>
<p>Vickers will also start worldwide sales of Komatsu and Komatsu Zenoah's hydraulic products of under the Vickers brand.</p>
<p>The two companies will also jointly develop new hydraulic products, the statement said.</p>
<p>Komatsu is a major manufacturer of construction equipment.</p>
<p>Vickers, a unit of U.S.-based Trinova Corp, makes hydraulic and electric components for the aerospace, automotive, industrial and electronics industries.</p>
</text>
<copyright>(c) Reuters Limited 1997</copyright>
<metadata>
<codes class="bip:countries:1.0">
  <code code="JAP">
    <editdetail attribution="Reuters BIP Coding Group" action="confirmed" date="1997-04-11"/>
  </code>
  <code code="USA">
    <editdetail attribution="Reuters BIP Coding Group" action="confirmed" date="1997-04-11"/>
  </code>
</codes>
<codes class="bip:industries:1.0">
  <code code="I32540">
    <editdetail attribution="Reuters BIP Coding Group" action="confirmed" date="1997-04-11"/>
  </code>
  <code code="I35300">
    <editdetail attribution="Reuters BIP Coding Group" action="confirmed" date="1997-04-11"/>
  </code>
</codes>
<codes class="bip:topics:1.0">
  <code code="C11">
    <editdetail attribution="Reuters BIP Coding Group" action="confirmed" date="1997-04-11"/>
  </code>
  <code code="C23">
    <editdetail attribution="Reuters BIP Coding Group" action="confirmed" date="1997-04-11"/>
  </code>
  <code code="C31">
    <editdetail attribution="Reuters BIP Coding Group" action="confirmed" date="1997-04-11"/>
  </code>
  <code code="CCAT">
    <editdetail attribution="Reuters BIP Coding Group" action="confirmed" date="1997-04-11"/>
  </code>
</codes>
<dc element="dc.date.created" value="1997-04-11"/>
<dc element="dc.publisher" value="Reuters Holdings Plc"/>
<dc element="dc.date.published" value="1997-04-11"/>
<dc element="dc.source" value="Reuters"/>
<dc element="dc.creator.location" value="TOKYO"/>
<dc element="dc.creator.location.country.name" value="JAPAN"/>
<dc element="dc.source" value="Reuters"/>
</metadata>
</newsitem>
