<?xml version="1.0" encoding="iso-8859-1" ?>
<newsitem itemid="621914" id="root" date="1997-05-28" xml:lang="en">
<title>PHILIPPINES: Meralco climbs 7.30 pct in early trade.</title>
<headline>Meralco climbs 7.30 pct in early trade.</headline>
<dateline>MANILA 1997-05-28</dateline>
<text>
<p>Manila Electric Co (Meralco) B shares rose by 10 pesos, or 7.30 percent, to 147 pesos in early Wednesday trade on foreign buying, traders said.</p>
<p>&quot;It's playing catch up with the entire market especially after recent reports that foreigners can purchase A shares have been denied,&quot; said Cilette Liboro, research head at Orion-Squire Capital.</p>
<p>&quot;The market's very selective but we see a lot of foreign buying on Meralco B,&quot; said Juanis Barredo, analyst at Citisecurities Inc.</p>
<p>Meralco B was the most heavily traded issue in early session. The stock was recently battered after reports, later denied, that foreigners would be allowed to buy A shares instead of being limited to class B shares.</p>
<p>-- Manila Newsroom (63 2) 8418939 Fax 8176267</p>
</text>
<copyright>(c) Reuters Limited 1997</copyright>
<metadata>
<codes class="bip:countries:1.0">
  <code code="PHLNS">
    <editdetail attribution="Reuters BIP Coding Group" action="confirmed" date="1997-05-28"/>
  </code>
</codes>
<codes class="bip:industries:1.0">
  <code code="I16100">
    <editdetail attribution="Reuters BIP Coding Group" action="confirmed" date="1997-05-28"/>
  </code>
</codes>
<codes class="bip:topics:1.0">
  <code code="C15">
    <editdetail attribution="Reuters BIP Coding Group" action="confirmed" date="1997-05-28"/>
  </code>
  <code code="C152">
    <editdetail attribution="Reuters BIP Coding Group" action="confirmed" date="1997-05-28"/>
  </code>
  <code code="CCAT">
    <editdetail attribution="Reuters BIP Coding Group" action="confirmed" date="1997-05-28"/>
  </code>
</codes>
<dc element="dc.date.created" value="1997-05-28"/>
<dc element="dc.publisher" value="Reuters Holdings Plc"/>
<dc element="dc.date.published" value="1997-05-28"/>
<dc element="dc.source" value="Reuters"/>
<dc element="dc.creator.location" value="MANILA"/>
<dc element="dc.creator.location.country.name" value="PHILIPPINES"/>
<dc element="dc.source" value="Reuters"/>
</metadata>
</newsitem>
