<?xml version="1.0" encoding="iso-8859-1" ?>
<newsitem itemid="19896" id="root" date="1996-08-28" xml:lang="en">
<title>ISRAEL: Israel govt debt holds steady in real terms.</title>
<headline>Israel govt debt holds steady in real terms.</headline>
<dateline>JERUSALEM 1996-08-28</dateline>
<text>
<p>The Bank of Israel said government debt totalled 306.4 billion shekels at the end of June compared with 286 billion shekels at the end of 1995.</p>
<p>But the increase matched inflation and there was no growth in real terms, the bank said.</p>
<p>The government's domestic debt was 230.5 billion shekels at end-June compared with 213 billion shekels at end-December and foreign debt totalled 75.9 billion against 73 billion.</p>
<p>Total government debt was 108 percent of GDP at end-June compared with 110 percent at end-1995 and 116 percent at end-1994.</p>
<p>The amount of domestic debt linked to the consumer price index (CPI) was 89 percent compared with 91 percent in 1995. The amount of domestic debt linked to the dollar was 5.0 percent, unchanged from last year, and the part of domestic debt that was unlinked was 6.0 percent against 4.0 percent in 1995.</p>
<p>The average interest rate on government bonds linked to the CPI was 4.4 percent in the first half of the year against 4.5 percent in 1995. On dollar-linked bonds average interest rates were 6.5 percent compared with 7.1 percent in 1995 and on unlinked bonds 16.5 percent against 15.6 percent.</p>
<p>The average interest rates on bonds sold abroad was 6.5 percent in the first half of 1996 compared with 7.1 percent in all of 1995.</p>
</text>
<copyright>(c) Reuters Limited 1996</copyright>
<metadata>
<codes class="bip:countries:1.0">
  <code code="ISRAEL">
    <editdetail attribution="Reuters BIP Coding Group" action="confirmed" date="1996-08-28"/>
  </code>
</codes>
<codes class="bip:topics:1.0">
  <code code="E13">
    <editdetail attribution="Reuters BIP Coding Group" action="confirmed" date="1996-08-28"/>
  </code>
  <code code="E131">
    <editdetail attribution="Reuters BIP Coding Group" action="confirmed" date="1996-08-28"/>
  </code>
  <code code="E21">
    <editdetail attribution="Reuters BIP Coding Group" action="confirmed" date="1996-08-28"/>
  </code>
  <code code="E212">
    <editdetail attribution="Reuters BIP Coding Group" action="confirmed" date="1996-08-28"/>
  </code>
  <code code="ECAT">
    <editdetail attribution="Reuters BIP Coding Group" action="confirmed" date="1996-08-28"/>
  </code>
</codes>
<dc element="dc.date.created" value="1996-08-28"/>
<dc element="dc.publisher" value="Reuters Holdings Plc"/>
<dc element="dc.date.published" value="1996-08-28"/>
<dc element="dc.source" value="Reuters"/>
<dc element="dc.creator.location" value="JERUSALEM"/>
<dc element="dc.creator.location.country.name" value="ISRAEL"/>
<dc element="dc.source" value="Reuters"/>
</metadata>
</newsitem>
