<?xml version="1.0" encoding="iso-8859-1" ?>
<newsitem itemid="346518" id="root" date="1997-01-31" xml:lang="en">
<title>RUSSIA: Russia c.bank extends temporary management at bank.</title>
<headline>Russia c.bank extends temporary management at bank.</headline>
<dateline>MOSCOW 1997-01-31</dateline>
<text>
<p>The Central Bank said on Friday it has decided to prolong its temporary administration at troubled Kredo-Bank, Russia's 32nd by assets, until April 1, 1997 to protect creditors' right and interests.</p>
<p>The Central Bank imposed temporary administration on Kredo-Bank last October because of the bank's long-term inability to meet its obligations, including a growing debt to the State Customs Committee.</p>
<p>--Moscow Newsroom, +7095 941 8520</p>
</text>
<copyright>(c) Reuters Limited 1997</copyright>
<metadata>
<codes class="bip:countries:1.0">
  <code code="RUSS">
    <editdetail attribution="Reuters BIP Coding Group" action="confirmed" date="1997-01-31"/>
  </code>
</codes>
<codes class="bip:industries:1.0">
  <code code="I81402">
    <editdetail attribution="Reuters BIP Coding Group" action="confirmed" date="1997-01-31"/>
  </code>
</codes>
<codes class="bip:topics:1.0">
  <code code="C13">
    <editdetail attribution="Reuters BIP Coding Group" action="confirmed" date="1997-01-31"/>
  </code>
  <code code="CCAT">
    <editdetail attribution="Reuters BIP Coding Group" action="confirmed" date="1997-01-31"/>
  </code>
</codes>
<dc element="dc.date.created" value="1997-01-31"/>
<dc element="dc.publisher" value="Reuters Holdings Plc"/>
<dc element="dc.date.published" value="1997-01-31"/>
<dc element="dc.source" value="Reuters"/>
<dc element="dc.creator.location" value="MOSCOW"/>
<dc element="dc.creator.location.country.name" value="RUSSIA"/>
<dc element="dc.source" value="Reuters"/>
</metadata>
</newsitem>
