<?xml version="1.0" encoding="iso-8859-1" ?>
<newsitem itemid="329015" id="root" date="1997-01-23" xml:lang="en">
<title>BELGIUM: N.Atlantic trade eases in Jan-Nov 96 air cargo datA.</title>
<headline>N.Atlantic trade eases in Jan-Nov 96 air cargo datA.</headline>
<dateline>BRUSSELS 1997-01-23</dateline>
<text>
<p>The Association of European Airlines (AEA) traffic update for January to November showed volume increases in most markets except the North Atlantic trade.</p>
<p>An AEA statement said only North Atlantic traffic saw a slight decline, when it fell 0.7 percent to 7,612.6m RTKF in January -November 1996, compared to the same period in 1995.</p>
<p>Geographical Europe rose slightly when it gained by 0.2 percent to 832.3m RTKF but the largest increases were seen in the Europe to North Africa and Middle East trade and the Europe to Far East and Australasia sectors.</p>
<p>The strongest growth was seen in the North Africa/Middle East trade, which rose by 16.4 percent to 931.1m RTFK. Europe to the Far East/ Australasia was up by 9.2 percent to 8,128.9m RTFK.</p>
<p>In total AEA's international traffic increased by 4.6 percent to 21,504.1m RTFK for the 11-month period, compared to 1995, the statement said.</p>
<p>   Region			    Million RTKF	% Change on</p>
<p>								 previous year</p>
<p>   Geographical Europe	     832.3		 0.2</p>
<p>   Europe-N Africa/M East	  931.3		16.4</p>
<p>   North Atlantic		  7,612.6		-0.7</p>
<p>   Europe-Far East/Australasia 8,128.9		 9.2</p>
<p>   Europe-Sub Saharan Africa   1,726.2		 2.1</p>
<p>   South Atlantic		  1,190.7		 7.4</p>
<p>   Mid Atlantic		    1,079.2		 5.2</p>
<p>   Total longhaul		 19,740.5		 4.3</p>
<p>   Total international	  21,504.1		 4.6</p>
<p>*These figures relate to the international scheduled services of AEA member airlines.</p>
<p>Reuters Air Cargo Newsroom Tel+44-171-542-7706 Fax 5017</p>
</text>
<copyright>(c) Reuters Limited 1997</copyright>
<metadata>
<codes class="bip:countries:1.0">
  <code code="BELG">
    <editdetail attribution="Reuters BIP Coding Group" action="confirmed" date="1997-01-23"/>
  </code>
  <code code="EUR">
    <editdetail attribution="Reuters BIP Coding Group" action="confirmed" date="1997-01-23"/>
  </code>
</codes>
<codes class="bip:industries:1.0">
  <code code="I75000">
    <editdetail attribution="Reuters BIP Coding Group" action="confirmed" date="1997-01-23"/>
  </code>
  <code code="I77002">
    <editdetail attribution="Reuters BIP Coding Group" action="confirmed" date="1997-01-23"/>
  </code>
</codes>
<codes class="bip:topics:1.0">
  <code code="C31">
    <editdetail attribution="Reuters BIP Coding Group" action="confirmed" date="1997-01-23"/>
  </code>
  <code code="CCAT">
    <editdetail attribution="Reuters BIP Coding Group" action="confirmed" date="1997-01-23"/>
  </code>
</codes>
<dc element="dc.date.created" value="1997-01-23"/>
<dc element="dc.publisher" value="Reuters Holdings Plc"/>
<dc element="dc.date.published" value="1997-01-23"/>
<dc element="dc.source" value="Reuters"/>
<dc element="dc.creator.location" value="BRUSSELS"/>
<dc element="dc.creator.location.country.name" value="BELGIUM"/>
<dc element="dc.source" value="Reuters"/>
</metadata>
</newsitem>
