<?xml version="1.0" encoding="iso-8859-1" ?>
<newsitem itemid="109618" id="root" date="1996-10-10" xml:lang="en">
<title>AUSTRALIA: RTRS-Australia August housing finance rose 0.8 pct.</title>
<headline>RTRS-Australia August housing finance rose 0.8 pct.</headline>
<dateline>CANBERRA 1996-10-10</dateline>
<text>
<p>Finance commitments for owner-occupied housing in Australia rose 0.8 percent by volume to 40,602 dwellings in August, seasonally-adjusted, the Australian Bureau of Statistics said.</p>
<p>In value terms, housing finance rose to A$4.03 billion in August from A$4.00 billion in July, the bureau said.</p>
<p>Analysts forecasts had centered on a 1.5 percent fall in commitments for August.  </p>
<p>Australian housing finance, August 1996 -</p>
<p>    Dwelling commitments   August 96    July 96   August 95</p>
<p>    Seasonally-adjusted	 40,602     40,261	37,062</p>
<p>    Unadjusted		    41,112     42,419	39,377</p>
<p>    Trend			   38,784     38,258	37,098</p>
<p>Value (A$ billion)</p>
<p>    Seasonally-adjusted	  4.03	 4.00	  3.54</p>
<p>    Unadjusted		     4.09	 4.20	  3.76</p>
<p>    Trend estimates		3.85	 3.77	  3.56</p>
<p>The Bureau said financing by banks rose 0.8 percent in August, while financing by building societies fell 7.8 percent and other lenders rose 4.7 percent, seasonally adjusted.</p>
<p>The bureau said the overall financing rise in August was mainly attributable to a 10.4 percent rise in refinancing commitments.</p>
<p>It said the number of dwelling units financed in August was 9.6 percent up on the year.</p>
<p>-- Sydney newsroom 61-2 9373-1800</p>
</text>
<copyright>(c) Reuters Limited 1996</copyright>
<metadata>
<codes class="bip:countries:1.0">
  <code code="AUSTR">
    <editdetail attribution="Reuters BIP Coding Group" action="confirmed" date="1996-10-10"/>
  </code>
</codes>
<codes class="bip:industries:1.0">
  <code code="I81501">
    <editdetail attribution="Reuters BIP Coding Group" action="confirmed" date="1996-10-10"/>
  </code>
  <code code="I8150103">
    <editdetail attribution="Reuters BIP Coding Group" action="confirmed" date="1996-10-10"/>
  </code>
</codes>
<codes class="bip:topics:1.0">
  <code code="C31">
    <editdetail attribution="Reuters BIP Coding Group" action="confirmed" date="1996-10-10"/>
  </code>
  <code code="CCAT">
    <editdetail attribution="Reuters BIP Coding Group" action="confirmed" date="1996-10-10"/>
  </code>
</codes>
<dc element="dc.date.created" value="1996-10-10"/>
<dc element="dc.publisher" value="Reuters Holdings Plc"/>
<dc element="dc.date.published" value="1996-10-10"/>
<dc element="dc.source" value="Reuters"/>
<dc element="dc.creator.location" value="CANBERRA"/>
<dc element="dc.creator.location.country.name" value="AUSTRALIA"/>
<dc element="dc.source" value="Reuters"/>
</metadata>
</newsitem>
