<?xml version="1.0" encoding="iso-8859-1" ?>
<newsitem itemid="108824" id="root" date="1996-10-10" xml:lang="en">
<title>USA: Meridian Aug 31 Q2 shr rises, inc gain.</title>
<headline>Meridian Aug 31 Q2 shr rises, inc gain.</headline>
<dateline>TOLEDO, Ohio 1996-10-10</dateline>
<text>
<p>1996			1995</p>
<p> Shr	profit	  $0.13     loss	 $0.14</p>
<p> Net	profit	    443     loss	   359</p>
<p> Sales		     16,774		   12,495</p>
<p> Avg shrs		   3,373		    2,569</p>
<p>	   6 MONTHS</p>
<p> Shr	profit	  $0.08     loss	 $0.14</p>
<p> Net	profit	    286     loss	   350</p>
<p> Sales		     31,469		   27,345</p>
<p> Avg shrs		   3,064		    2,556</p>
</text>
<copyright>(c) Reuters Limited 1996</copyright>
<metadata>
<codes class="bip:countries:1.0">
  <code code="USA">
    <editdetail attribution="Reuters BIP Coding Group" action="confirmed" date="1996-10-10"/>
  </code>
</codes>
<codes class="bip:industries:1.0">
  <code code="I22100">
    <editdetail attribution="Reuters BIP Coding Group" action="confirmed" date="1996-10-10"/>
  </code>
</codes>
<codes class="bip:topics:1.0">
  <code code="C15">
    <editdetail attribution="Reuters BIP Coding Group" action="confirmed" date="1996-10-10"/>
  </code>
  <code code="C151">
    <editdetail attribution="Reuters BIP Coding Group" action="confirmed" date="1996-10-10"/>
  </code>
  <code code="CCAT">
    <editdetail attribution="Reuters BIP Coding Group" action="confirmed" date="1996-10-10"/>
  </code>
</codes>
<dc element="dc.date.created" value="1996-10-10"/>
<dc element="dc.publisher" value="Reuters Holdings Plc"/>
<dc element="dc.date.published" value="1996-10-10"/>
<dc element="dc.source" value="Reuters"/>
<dc element="dc.creator.location" value="TOLEDO, Ohio"/>
<dc element="dc.creator.location.country.name" value="USA"/>
<dc element="dc.source" value="Reuters"/>
</metadata>
</newsitem>
