<?xml version="1.0" encoding="iso-8859-1" ?>
<newsitem itemid="772522" id="root" date="1997-08-01" xml:lang="en">
<title>INDONESIA: Panin Bank gets $65 mln syndicated loan.</title>
<headline>Panin Bank gets $65 mln syndicated loan.</headline>
<dateline>JAKARTA 1997-08-01</dateline>
<text>
<p>Indonesia's medium-sized Panin Bank said  on Friday it had secured a $65 million syndicated overseas loan.</p>
<p>&quot;We signed the $65 million syndicated loan last Tuesday in Singapore.  The lead arranger is Overseas Chinese Banking Corporation Ltd (OCBC  Bank),&quot; Hendrawan D., vice- president of Panin Bank, told Reuters.</p>
<p>Hendrawan said the funds will be used by the bank to increase loans  for export-oriented clients and overseas clients.</p>
<p>He also said that the company planned to expand its operations to  Singapore.</p>
<p>&quot;We have submitted an application to Singapore authorities to open  a Panin representative office,&quot; he added.</p>
<p>Shares of the bank were actively traded in mid-afternoon on Friday  on what brokers said was linked to reports of the syndicated loan  and the bank's expansion plans.</p>
<p>At 0825 GMT, it was up 125 rupiah to 1,550 rupiah on a volume of 3.1  million shares.</p>
<p>-- Jakarta newsroom +6221 384-6364</p>
</text>
<copyright>(c) Reuters Limited 1997</copyright>
<metadata>
<codes class="bip:countries:1.0">
  <code code="INDON">
    <editdetail attribution="Reuters BIP Coding Group" action="confirmed" date="1997-08-01"/>
  </code>
  <code code="SINGP">
    <editdetail attribution="Reuters BIP Coding Group" action="confirmed" date="1997-08-01"/>
  </code>
</codes>
<codes class="bip:industries:1.0">
  <code code="I81402">
    <editdetail attribution="Reuters BIP Coding Group" action="confirmed" date="1997-08-01"/>
  </code>
</codes>
<codes class="bip:topics:1.0">
  <code code="C17">
    <editdetail attribution="Reuters BIP Coding Group" action="confirmed" date="1997-08-01"/>
  </code>
  <code code="C173">
    <editdetail attribution="Reuters BIP Coding Group" action="confirmed" date="1997-08-01"/>
  </code>
  <code code="CCAT">
    <editdetail attribution="Reuters BIP Coding Group" action="confirmed" date="1997-08-01"/>
  </code>
</codes>
<dc element="dc.date.created" value="1997-08-01"/>
<dc element="dc.publisher" value="Reuters Holdings Plc"/>
<dc element="dc.date.published" value="1997-08-01"/>
<dc element="dc.source" value="Reuters"/>
<dc element="dc.creator.location" value="JAKARTA"/>
<dc element="dc.creator.location.country.name" value="INDONESIA"/>
<dc element="dc.source" value="Reuters"/>
</metadata>
</newsitem>
