<?xml version="1.0" encoding="iso-8859-1" ?>
<newsitem itemid="772391" id="root" date="1997-08-01" xml:lang="en">
<title>MALAYSIA: KL palm oil ends higher on covering, soyoil.</title>
<headline>KL palm oil ends higher on covering, soyoil.</headline>
<text>
<p>PALM OIL FUTURES	   PALM OIL PHYSICALS</p>
<p>Oct (3rd pos) 1,167 rgt/tonne	   Aug (south) 1,207.50 *</p>
<p>Open/Hi/Low  1,160/1,170/1,163	  Prev close 1,200</p>
<p>Prev settlement 1,163			* sellers prices</p>
<p>PALM OIL FUTURES - Prices ended higher on covering and technical support  aided by soyoil gains in Chicago. Price movements were limited due  to uncertainty over fundamentals and currency factors. Oct futures  range is 1,150-1,180. Next week trend depends on fresh estimates from  forecaster Ivan Wong.</p>
<p>PALM OIL PHYSICALS - The market was also firmer with some refiners  covering. Interest was seen among crude palm oil.  </p>
<p>Trading was mainly on technical factor with third month October futures  closing at 1,167 ringgit ($443.89) a tonne. The support level for  October is 1,150 ringgit with resistance at 1,180.</p>
<p>Talk of lower stocks for end-July also aided the market. There was  talk that end-July stock was at 810,000-820,000 against Ivan Wong's  estimate of 865,000-875,000 tonnes.</p>
<p>Volume on the futures market totalled 1,563 lots.  </p>
<p>Physicals August was offered at 1,207.50 ringgit a tonne against bids  of 1,202.50. It was traded at 1,200 and 1,202.50.</p>
<p>Aug (central) saw offers at 1,195 against bids of 1,190 with trades  done at 1,185 and 1,190.</p>
<p>Sept (south) saw offers at 1,207.50 ringgit against bids of 1,202.50  with trades done at 1,185 and 1,190.</p>
<p>Sept (central) was offered at 1,195 against 1,190.  </p>
<p>In refined palm oil, Aug RBD palm oil was offered at $482.50 a tonne  FOB Malaysia, Sept at $482.50 and Oct/Nov/Dec at $480. Oct/Nov/Dec  was traded at $477.50.</p>
<p>August RBD palm olein saw offers at $522.50, Sept at $517.50 and Oct/Nov/Dec  at $517.50. Oct/Nov/Dec saw sellers at $515.</p>
<p>Aug RBD palm stearin was offered $365 a tonne, and Aug/Sept RBD palm  fatty acid distillate saw offers at $290.</p>
<p>--Tan Lee Lee (603-275-6834) ($1=2.6290 ringgit)</p>
</text>
<copyright>(c) Reuters Limited 1997</copyright>
<metadata>
<codes class="bip:countries:1.0">
  <code code="MALAY">
    <editdetail attribution="Reuters BIP Coding Group" action="confirmed" date="1997-08-01"/>
  </code>
</codes>
<codes class="bip:topics:1.0">
  <code code="M14">
    <editdetail attribution="Reuters BIP Coding Group" action="confirmed" date="1997-08-01"/>
  </code>
  <code code="M141">
    <editdetail attribution="Reuters BIP Coding Group" action="confirmed" date="1997-08-01"/>
  </code>
  <code code="MCAT">
    <editdetail attribution="Reuters BIP Coding Group" action="confirmed" date="1997-08-01"/>
  </code>
</codes>
<dc element="dc.publisher" value="Reuters Holdings Plc"/>
<dc element="dc.date.published" value="1997-08-01"/>
<dc element="dc.source" value="Reuters"/>
<dc element="dc.creator.location.country.name" value="MALAYSIA"/>
<dc element="dc.source" value="Reuters"/>
</metadata>
</newsitem>
