<?xml version="1.0" encoding="iso-8859-1" ?>
<newsitem itemid="435376" id="root" date="1997-03-12" xml:lang="en">
<title>USA: Acceptance Insurance Cos Inc Q4 net off.</title>
<headline>Acceptance Insurance Cos Inc Q4 net off.</headline>
<dateline>OMAHA, Neb. 1997-03-12</dateline>
<text>
<p>1996			1995</p>
<p> Shr primary		$0.36		    $0.38</p>
<p> Shr diluted		 0.35		     0.37</p>
<p> Net			  5,459		    5,634</p>
<p> Revs			91,461		   75,070</p>
<p> Avg shrs primary	15,321		   15,008</p>
<p> Avg shrs diluted	15,561		   15,248</p>
<p>	  12 MONTHS</p>
<p> Shr primary		$2.00		    $0.28</p>
<p> Shr diluted		 1.96		     0.27</p>
<p> Net			 30,280		    4,155</p>
<p> Revs		     381,395		  297,805</p>
<p> Avg shrs primary	15,149		   15,002</p>
<p> Avg shrs diluted	15,465		   15,243</p>
<p>(All data above 000s except per share numbers)</p>
<p>NOTE: Q4 1996 net includes $7.4 million tax benefit related to net tax loss on Major Realty investment and unspecified charge on increased ultimate loss ratio. 1995 Q4 net included $22.3 million charge to strengthen prior year reserves.</p>
<p>((--Chicago Newsdesk 312-408-8787))</p>
</text>
<copyright>(c) Reuters Limited 1997</copyright>
<metadata>
<codes class="bip:countries:1.0">
  <code code="USA">
    <editdetail attribution="Reuters BIP Coding Group" action="confirmed" date="1997-03-12"/>
  </code>
</codes>
<codes class="bip:industries:1.0">
  <code code="I82003">
    <editdetail attribution="Reuters BIP Coding Group" action="confirmed" date="1997-03-12"/>
  </code>
</codes>
<codes class="bip:topics:1.0">
  <code code="C15">
    <editdetail attribution="Reuters BIP Coding Group" action="confirmed" date="1997-03-12"/>
  </code>
  <code code="C151">
    <editdetail attribution="Reuters BIP Coding Group" action="confirmed" date="1997-03-12"/>
  </code>
  <code code="C1511">
    <editdetail attribution="Reuters BIP Coding Group" action="confirmed" date="1997-03-12"/>
  </code>
  <code code="CCAT">
    <editdetail attribution="Reuters BIP Coding Group" action="confirmed" date="1997-03-12"/>
  </code>
</codes>
<dc element="dc.date.created" value="1997-03-12"/>
<dc element="dc.publisher" value="Reuters Holdings Plc"/>
<dc element="dc.date.published" value="1997-03-12"/>
<dc element="dc.source" value="Reuters"/>
<dc element="dc.creator.location" value="OMAHA, Neb."/>
<dc element="dc.creator.location.country.name" value="USA"/>
<dc element="dc.source" value="Reuters"/>
</metadata>
</newsitem>
