<?xml version="1.0" encoding="iso-8859-1" ?>
<newsitem itemid="578297" id="root" date="1997-05-13" xml:lang="en">
<title>USA: Overseas Shipholding Q1 shr $0.06 vs $0.15.</title>
<headline>Overseas Shipholding Q1 shr $0.06 vs $0.15.</headline>
<dateline>NEW YORK 1997-05-13</dateline>
<text>
<p>OVERSEAS SHIPHOLDING GROUP, INC. (NYSE)</p>
<p>						   THREE MONTHS ENDED</p>
<p>							 MARCH 31</p>
<p>						   1997		 1996</p>
<p> Shipping Revenues		  $127,793,000    $ 125,865,000</p>
<p> Net Income (a)(b)		     2,047,000	  5,344,000</p>
<p> Net Income Per Share			  .06		  .15</p>
<p> Average Number of Shares	   36,250,000	 36,232,000</p>
<p>Outstanding (a) There were no vessel sales in the first quarter of 1997.  Gains from disposal of vessels, net of income tax, amounted to $4,890,000 ($.13 per share) in the first quarter of 1996. (b) Provision for income taxes was $2,040,000 in the first quarter of 1997 and $4,250,000 in the first quarter of 1996.</p>
<p>-- New York Newsdesk 212 859-1610</p>
</text>
<copyright>(c) Reuters Limited 1997</copyright>
<metadata>
<codes class="bip:countries:1.0">
  <code code="USA">
    <editdetail attribution="Reuters BIP Coding Group" action="confirmed" date="1997-05-13"/>
  </code>
</codes>
<codes class="bip:industries:1.0">
  <code code="I74000">
    <editdetail attribution="Reuters BIP Coding Group" action="confirmed" date="1997-05-13"/>
  </code>
</codes>
<codes class="bip:topics:1.0">
  <code code="C15">
    <editdetail attribution="Reuters BIP Coding Group" action="confirmed" date="1997-05-13"/>
  </code>
  <code code="C151">
    <editdetail attribution="Reuters BIP Coding Group" action="confirmed" date="1997-05-13"/>
  </code>
  <code code="CCAT">
    <editdetail attribution="Reuters BIP Coding Group" action="confirmed" date="1997-05-13"/>
  </code>
</codes>
<dc element="dc.date.created" value="1997-05-13"/>
<dc element="dc.publisher" value="Reuters Holdings Plc"/>
<dc element="dc.date.published" value="1997-05-13"/>
<dc element="dc.source" value="Reuters"/>
<dc element="dc.creator.location" value="NEW YORK"/>
<dc element="dc.creator.location.country.name" value="USA"/>
<dc element="dc.source" value="Reuters"/>
</metadata>
</newsitem>
