<?xml version="1.0" encoding="iso-8859-1" ?>
<newsitem itemid="302731" id="root" date="1997-01-13" xml:lang="en">
<title>MEXICO: Banco de Mexico assigns both secondary auctions.</title>
<headline>Banco de Mexico assigns both secondary auctions.</headline>
<dateline>MEXICO CITY 1997-01-13</dateline>
<text>
<p>Banco de Mexico has completed both auctions it offered in the secondary market to drain liquidity by purchasing paper.</p>
<p>    AUCTIONS	  TERM     AVERAGE RATE</p>
<p>560  million pesos  10 days  25.39 pct</p>
<p>    300  million pesos   1 day   24.91 pct</p>
<p>(( --Mexico City newsroom +525 728-9500))</p>
</text>
<copyright>(c) Reuters Limited 1997</copyright>
<metadata>
<codes class="bip:countries:1.0">
  <code code="MEX">
    <editdetail attribution="Reuters BIP Coding Group" action="confirmed" date="1997-01-13"/>
  </code>
</codes>
<codes class="bip:topics:1.0">
  <code code="M13">
    <editdetail attribution="Reuters BIP Coding Group" action="confirmed" date="1997-01-13"/>
  </code>
  <code code="M131">
    <editdetail attribution="Reuters BIP Coding Group" action="confirmed" date="1997-01-13"/>
  </code>
  <code code="MCAT">
    <editdetail attribution="Reuters BIP Coding Group" action="confirmed" date="1997-01-13"/>
  </code>
</codes>
<dc element="dc.date.created" value="1997-01-13"/>
<dc element="dc.publisher" value="Reuters Holdings Plc"/>
<dc element="dc.date.published" value="1997-01-13"/>
<dc element="dc.source" value="Reuters"/>
<dc element="dc.creator.location" value="MEXICO CITY"/>
<dc element="dc.creator.location.country.name" value="MEXICO"/>
<dc element="dc.source" value="Reuters"/>
</metadata>
</newsitem>
