<?xml version="1.0" encoding="iso-8859-1" ?>
<newsitem itemid="81820" id="root" date="1996-09-27" xml:lang="en">
<title>INDIA: Indian gur &amp; sugar prices - Delhi - September 27.</title>
<headline>Indian gur &amp; sugar prices - Delhi - September 27.</headline>
<text>
<p>Rates supplied by Asian News International, New Delhi</p>
<p>    Time: 271338     Tel: 011 331 2724</p>
<p>				   indicative		previous</p>
<p>Gur &amp; Sugar			opening		   close</p>
<p>		 (in rupees per 100 kg. unless stated)</p>
<p>--------------------------------------------------------------</p>
<p>Gur Dhaiya (New)	     950-1000		  950-1000</p>
<p>Gur Peri			1080-1100		 1080-1100</p>
<p>Khandsari		     1260-1340		 1260-1340</p>
<p>Sugar Ready(M)		1320-1400		 1320-1400</p>
<p>Sugar Ready(S)		1320-1345		 1320-1345</p>
<p>Sugar Mill Delivery(M)    1190-1290		 1190-1290</p>
<p>Sugar Mill Delivery(S)    1185-1230		 1185-1230</p>
<p>Source: Delhi gur &amp; sugar market traders</p>
<p>To contribute to this daily table of indicative market rates, please fax Delhi on 011-332 0841, attention Subhash Chopra &amp; Satish Sharma</p>
</text>
<copyright>(c) Reuters Limited 1996</copyright>
<metadata>
<codes class="bip:countries:1.0">
  <code code="INDIA">
    <editdetail attribution="Reuters BIP Coding Group" action="confirmed" date="1996-09-27"/>
  </code>
</codes>
<codes class="bip:topics:1.0">
  <code code="M14">
    <editdetail attribution="Reuters BIP Coding Group" action="confirmed" date="1996-09-27"/>
  </code>
  <code code="M141">
    <editdetail attribution="Reuters BIP Coding Group" action="confirmed" date="1996-09-27"/>
  </code>
  <code code="MCAT">
    <editdetail attribution="Reuters BIP Coding Group" action="confirmed" date="1996-09-27"/>
  </code>
</codes>
<dc element="dc.publisher" value="Reuters Holdings Plc"/>
<dc element="dc.date.published" value="1996-09-27"/>
<dc element="dc.source" value="Reuters"/>
<dc element="dc.creator.location.country.name" value="INDIA"/>
<dc element="dc.source" value="Reuters"/>
</metadata>
</newsitem>
