<?xml version="1.0" encoding="iso-8859-1" ?>
<newsitem itemid="76884" id="root" date="1996-09-25" xml:lang="en">
<title>FINLAND: ASKO'S UPONOR BUYS US PIPE JOINT OPERATION.</title>
<headline>ASKO'S UPONOR BUYS US PIPE JOINT OPERATION.</headline>
<dateline>HELSINKI 1996-09-25</dateline>
<text>
<p>Finnish pipe and furniture group Asko Oy's plastic pipes unit Uponor said in a statement on Wednesday it had bought U.S. Raychem Corporation's plastic pipe joints operations.</p>
<p>Uponor did not disclose the value of the deal.</p>
<p>The deal is a continuation of a cooperation agreement reached in summer 1995, it said.</p>
<p>&quot;The deal comprises mechanical MetFit crimp joints and new generation SmartHeat thermal joints,&quot; it said.</p>
<p>&quot;In addition to the exisiting business and technology, Uponor got the right to third generation electricity conducting joint technology and the right and finance to many years of research cooperation with U.S. Gas Research Insitute,&quot; it added.  </p>
<p>The acquisition will broaden the product range of Uponor's gas pipe business, Asko said.</p>
<p>--Helsinki Newsroom  +358 - 0 - 680 50 245</p>
</text>
<copyright>(c) Reuters Limited 1996</copyright>
<metadata>
<codes class="bip:countries:1.0">
  <code code="FIN">
    <editdetail attribution="Reuters BIP Coding Group" action="confirmed" date="1996-09-25"/>
  </code>
  <code code="USA">
    <editdetail attribution="Reuters BIP Coding Group" action="confirmed" date="1996-09-25"/>
  </code>
</codes>
<codes class="bip:industries:1.0">
  <code code="I34100">
    <editdetail attribution="Reuters BIP Coding Group" action="confirmed" date="1996-09-25"/>
  </code>
  <code code="I83960">
    <editdetail attribution="Reuters BIP Coding Group" action="confirmed" date="1996-09-25"/>
  </code>
</codes>
<codes class="bip:topics:1.0">
  <code code="C18">
    <editdetail attribution="Reuters BIP Coding Group" action="confirmed" date="1996-09-25"/>
  </code>
  <code code="C181">
    <editdetail attribution="Reuters BIP Coding Group" action="confirmed" date="1996-09-25"/>
  </code>
  <code code="CCAT">
    <editdetail attribution="Reuters BIP Coding Group" action="confirmed" date="1996-09-25"/>
  </code>
</codes>
<dc element="dc.date.created" value="1996-09-25"/>
<dc element="dc.publisher" value="Reuters Holdings Plc"/>
<dc element="dc.date.published" value="1996-09-25"/>
<dc element="dc.source" value="Reuters"/>
<dc element="dc.creator.location" value="HELSINKI"/>
<dc element="dc.creator.location.country.name" value="FINLAND"/>
<dc element="dc.source" value="Reuters"/>
</metadata>
</newsitem>
