<?xml version="1.0" encoding="iso-8859-1" ?>
<newsitem itemid="726410" id="root" date="1997-07-14" xml:lang="en">
<title>USA: TABLE- Tessco Q1 shr declines.</title>
<headline>TABLE- Tessco Q1 shr declines.</headline>
<dateline>SPARKS, Md. 1997-07-14</dateline>
<text>
<p>TESSCO Technologies Incorporated</p>
<p>		     Consolidated Statements of Income</p>
<p>	   (in thousands, except per share data, unaudited)</p>
<p>					     Fiscal Quarters Ended</p>
<p>					  June 27,    June 28,</p>
<p>						1997	 1996  % Change</p>
<p> Revenues				  $34,123    $36,668  (6.9%)</p>
<p> Cost of goods sold		     25,369     27,703	--</p>
<p> Gross profit				8,754	8,965  (2.4%)</p>
<p>Selling, general and</p>
<p>   administrative expenses	     7,397	6,656   11.1%</p>
<p> Income from operations		 1,357	2,309  (41.2%)</p>
<p> Interest income (expense), net	(201)	(136)	--</p>
<p>Income before provision</p>
<p>   for income taxes		     1,156	2,173  (46.8%)</p>
<p> Provision for income tax		  443	  839	--</p>
<p> Net income				   713	1,334  (46.6%)</p>
<p> Fully diluted earnings per share    0.16	 0.28  (45.3%)</p>
<p>Fully diluted weighted average</p>
<p>   shares outstanding		4,595,000  4,708,100  (2.4%)</p>
</text>
<copyright>(c) Reuters Limited 1997</copyright>
<metadata>
<codes class="bip:countries:1.0">
  <code code="USA">
    <editdetail attribution="Reuters BIP Coding Group" action="confirmed" date="1997-07-14"/>
  </code>
</codes>
<codes class="bip:industries:1.0">
  <code code="I61000">
    <editdetail attribution="Reuters BIP Coding Group" action="confirmed" date="1997-07-14"/>
  </code>
</codes>
<codes class="bip:topics:1.0">
  <code code="C15">
    <editdetail attribution="Reuters BIP Coding Group" action="confirmed" date="1997-07-14"/>
  </code>
  <code code="C151">
    <editdetail attribution="Reuters BIP Coding Group" action="confirmed" date="1997-07-14"/>
  </code>
  <code code="CCAT">
    <editdetail attribution="Reuters BIP Coding Group" action="confirmed" date="1997-07-14"/>
  </code>
</codes>
<dc element="dc.date.created" value="1997-07-14"/>
<dc element="dc.publisher" value="Reuters Holdings Plc"/>
<dc element="dc.date.published" value="1997-07-14"/>
<dc element="dc.source" value="Reuters"/>
<dc element="dc.creator.location" value="SPARKS, Md."/>
<dc element="dc.creator.location.country.name" value="USA"/>
<dc element="dc.source" value="Reuters"/>
</metadata>
</newsitem>
