<?xml version="1.0" encoding="iso-8859-1" ?>
<newsitem itemid="714775" id="root" date="1997-07-08" xml:lang="en">
<title>PHILIPPINES: Philippines,Bangladesh to boost countertrade.</title>
<headline>Philippines,Bangladesh to boost countertrade.</headline>
<dateline>MANILA 1997-07-08</dateline>
<text>
<p>The Philippines and Bangladesh pledged on Tuesday to boost trade by strengthening their countertrade agreement.</p>
<p>Philippine trade secretary Cesar Bautista said in a statement Manila was willing to supply Bangladesh with military hardware, public transport vehicles and pharmaceutical products.</p>
<p>In turn, Bangladesh would import agriculture and agriculture-based products.</p>
<p>The agreement was reached during a two-day meeting in Manila.</p>
<p>Bautista said Dhaka would also ease restrictions on its services sector, allowing Filipinos to invest in road construction and computer education programmes.</p>
<p>In 1996, Bangladesh ranked as the 64th trading partner of he Philippines accounting for only 0.02 percent of its total external trade.</p>
<p>-- Manila Newsroom (63 2) 841-8938 Fax 817-6267</p>
</text>
<copyright>(c) Reuters Limited 1997</copyright>
<metadata>
<codes class="bip:countries:1.0">
  <code code="BANDH">
    <editdetail attribution="Reuters BIP Coding Group" action="confirmed" date="1997-07-08"/>
  </code>
  <code code="PHLNS">
    <editdetail attribution="Reuters BIP Coding Group" action="confirmed" date="1997-07-08"/>
  </code>
</codes>
<codes class="bip:topics:1.0">
  <code code="E51">
    <editdetail attribution="Reuters BIP Coding Group" action="confirmed" date="1997-07-08"/>
  </code>
  <code code="E512">
    <editdetail attribution="Reuters BIP Coding Group" action="confirmed" date="1997-07-08"/>
  </code>
  <code code="ECAT">
    <editdetail attribution="Reuters BIP Coding Group" action="confirmed" date="1997-07-08"/>
  </code>
</codes>
<dc element="dc.date.created" value="1997-07-08"/>
<dc element="dc.publisher" value="Reuters Holdings Plc"/>
<dc element="dc.date.published" value="1997-07-08"/>
<dc element="dc.source" value="Reuters"/>
<dc element="dc.creator.location" value="MANILA"/>
<dc element="dc.creator.location.country.name" value="PHILIPPINES"/>
<dc element="dc.source" value="Reuters"/>
</metadata>
</newsitem>
