<?xml version="1.0" encoding="iso-8859-1" ?>
<newsitem itemid="451342" id="root" date="1997-03-18" xml:lang="en">
<title>UK: Hardy Oil in new 200 mln stg credit facility. [CORRECTED 08:12 GMT]</title>
<headline>Hardy Oil in new 200 mln stg credit facility. [CORRECTED 08:12 GMT]</headline>
<dateline>LONDON 1997-03-18</dateline>
<text>
<p>(Corrects currency in headline and text to 200 million stg from $200 million)</p>
<p>Hardy Oil &amp; Gas Plc has arranged a new 200 million stg bank credit facility to finance future investment and acquisition opportunities.</p>
<p>The company announced the facility on Tuesday in a statement on its results showing a net profit of 5.7 million pounds in the nine months to December 31, 1996, compared to a loss of 6.6 million pounds in the year to March, 1996.  </p>
<p>The company is actively pursuing opportunities for growth in its targeted core areas of the UK continental shelf, Australia and Pakistan, as well as India.</p>
<p>Hardy plans a total of 17 exploration and appraisal wells this year.</p>
<p>Since the end of 1996 it has agreed to acquire for 2.9 million pounds cash a 15.5 percent share in Hindustan Oil Exploration Co Ltd, an independent Indian exploration and production company.</p>
<p>'Overall the group's total capital expenditure in 1997 is planned to be 80 million pounds, of which approximately 20 million pounds will be committed to exploration and appraisal,' Hardy said in a statement.</p>
<p>-- London newsroom +44 171 542 4020</p>
</text>
<copyright>(c) Reuters Limited 1997</copyright>
<metadata>
<codes class="bip:countries:1.0">
  <code code="UK">
    <editdetail attribution="Reuters BIP Coding Group" action="confirmed" date="1997-03-18"/>
  </code>
</codes>
<codes class="bip:industries:1.0">
  <code code="I13000">
    <editdetail attribution="Reuters BIP Coding Group" action="confirmed" date="1997-03-18"/>
  </code>
  <code code="I1300003">
    <editdetail attribution="Reuters BIP Coding Group" action="confirmed" date="1997-03-18"/>
  </code>
</codes>
<codes class="bip:topics:1.0">
  <code code="C17">
    <editdetail attribution="Reuters BIP Coding Group" action="confirmed" date="1997-03-18"/>
  </code>
  <code code="C173">
    <editdetail attribution="Reuters BIP Coding Group" action="confirmed" date="1997-03-18"/>
  </code>
  <code code="CCAT">
    <editdetail attribution="Reuters BIP Coding Group" action="confirmed" date="1997-03-18"/>
  </code>
</codes>
<dc element="dc.date.created" value="1997-03-18"/>
<dc element="dc.publisher" value="Reuters Holdings Plc"/>
<dc element="dc.date.published" value="1997-03-18"/>
<dc element="dc.source" value="Reuters"/>
<dc element="dc.creator.location" value="LONDON"/>
<dc element="dc.creator.location.country.name" value="UK"/>
<dc element="dc.source" value="Reuters"/>
</metadata>
</newsitem>
