<?xml version="1.0" encoding="iso-8859-1" ?>
<newsitem itemid="316376" id="root" date="1997-01-17" xml:lang="en">
<title>JAPAN: BOJ to release quarterly economic report on Jan 24.</title>
<headline>BOJ to release quarterly economic report on Jan 24.</headline>
<dateline>TOKYO 1997-01-17</dateline>
<text>
<p>The Bank of Japan (BOJ) will announce its quarterly economic report on January 24, BOJ officials told Reuters on Friday.</p>
<p>The economic report is closely watched by market participants for clues as to the BOJ's evaluation of economic conditions.</p>
</text>
<copyright>(c) Reuters Limited 1997</copyright>
<metadata>
<codes class="bip:countries:1.0">
  <code code="JAP">
    <editdetail attribution="Reuters BIP Coding Group" action="confirmed" date="1997-01-17"/>
  </code>
</codes>
<codes class="bip:topics:1.0">
  <code code="E11">
    <editdetail attribution="Reuters BIP Coding Group" action="confirmed" date="1997-01-17"/>
  </code>
  <code code="ECAT">
    <editdetail attribution="Reuters BIP Coding Group" action="confirmed" date="1997-01-17"/>
  </code>
</codes>
<dc element="dc.date.created" value="1997-01-17"/>
<dc element="dc.publisher" value="Reuters Holdings Plc"/>
<dc element="dc.date.published" value="1997-01-17"/>
<dc element="dc.source" value="Reuters"/>
<dc element="dc.creator.location" value="TOKYO"/>
<dc element="dc.creator.location.country.name" value="JAPAN"/>
<dc element="dc.source" value="Reuters"/>
</metadata>
</newsitem>
