<?xml version="1.0" encoding="iso-8859-1" ?>
<newsitem itemid="102342" id="root" date="1996-10-08" xml:lang="en">
<title>BRAZIL: Brazil exports $658 mln in October's first week.</title>
<headline>Brazil exports $658 mln in October's first week.</headline>
<dateline>BRASILIA 1996-10-08</dateline>
<text>
<p>Brazilian exports in the first week of October totalled $658 million with a daily average of $219.4 million, the Industry and Commerce Ministry said.</p>
<p>In the first week of September, which had five working days compared with October's three, Brazil exported $941 million in goods and the daily average was $188.1 million, a ministry spokeswoman said.</p>
<p>-- William Schomberg, Brasilia newsroom 5561 2230358</p>
</text>
<copyright>(c) Reuters Limited 1996</copyright>
<metadata>
<codes class="bip:countries:1.0">
  <code code="BRAZ">
    <editdetail attribution="Reuters BIP Coding Group" action="confirmed" date="1996-10-08"/>
  </code>
</codes>
<codes class="bip:topics:1.0">
  <code code="E51">
    <editdetail attribution="Reuters BIP Coding Group" action="confirmed" date="1996-10-08"/>
  </code>
  <code code="E512">
    <editdetail attribution="Reuters BIP Coding Group" action="confirmed" date="1996-10-08"/>
  </code>
  <code code="ECAT">
    <editdetail attribution="Reuters BIP Coding Group" action="confirmed" date="1996-10-08"/>
  </code>
</codes>
<dc element="dc.date.created" value="1996-10-08"/>
<dc element="dc.publisher" value="Reuters Holdings Plc"/>
<dc element="dc.date.published" value="1996-10-08"/>
<dc element="dc.source" value="Reuters"/>
<dc element="dc.creator.location" value="BRASILIA"/>
<dc element="dc.creator.location.country.name" value="BRAZIL"/>
<dc element="dc.source" value="Reuters"/>
</metadata>
</newsitem>
