<?xml version="1.0" encoding="iso-8859-1" ?>
<newsitem itemid="6480" id="root" date="1996-08-21" xml:lang="en">
<title>USA: New Mexico Finance Authority revs single-A-Moody's.</title>
<headline>New Mexico Finance Authority revs single-A-Moody's.</headline>
<dateline>NEW YORK 1996-08-21</dateline>
<text>
<p>Moody's Investors Service -</p>
<p>Rating Announcement As of 08/19/96.</p>
<p>Issuer		: New Mexico Finance Auth. Public proj.</p>
<p>			  revolving fund rev.</p>
<p>State		 : NM</p>
<p>Rating		: A</p>
<p>Sale Amount	 : 21,125,000</p>
<p>Expected Sale Date: 08/20/96</p>
<p>--U.S. Municipal Desk, 212-859-1650</p>
</text>
<copyright>(c) Reuters Limited 1996</copyright>
<metadata>
<codes class="bip:countries:1.0">
  <code code="USA">
    <editdetail attribution="Reuters BIP Coding Group" action="confirmed" date="1996-08-21"/>
  </code>
</codes>
<codes class="bip:topics:1.0">
  <code code="C17">
    <editdetail attribution="Reuters BIP Coding Group" action="confirmed" date="1996-08-21"/>
  </code>
  <code code="C174">
    <editdetail attribution="Reuters BIP Coding Group" action="confirmed" date="1996-08-21"/>
  </code>
  <code code="CCAT">
    <editdetail attribution="Reuters BIP Coding Group" action="confirmed" date="1996-08-21"/>
  </code>
  <code code="E21">
    <editdetail attribution="Reuters BIP Coding Group" action="confirmed" date="1996-08-21"/>
  </code>
  <code code="E212">
    <editdetail attribution="Reuters BIP Coding Group" action="confirmed" date="1996-08-21"/>
  </code>
  <code code="ECAT">
    <editdetail attribution="Reuters BIP Coding Group" action="confirmed" date="1996-08-21"/>
  </code>
</codes>
<dc element="dc.date.created" value="1996-08-21"/>
<dc element="dc.publisher" value="Reuters Holdings Plc"/>
<dc element="dc.date.published" value="1996-08-21"/>
<dc element="dc.source" value="Reuters"/>
<dc element="dc.creator.location" value="NEW YORK"/>
<dc element="dc.creator.location.country.name" value="USA"/>
<dc element="dc.source" value="Reuters"/>
</metadata>
</newsitem>
