<?xml version="1.0" encoding="iso-8859-1" ?>
<newsitem itemid="801002" id="root" date="1997-08-14" xml:lang="en">
<title>SOUTH KOREA: PRESS DIGEST - SOUTH KOREAN NEWSPAPERS - AUG 14.</title>
<headline>PRESS DIGEST - SOUTH KOREAN NEWSPAPERS - AUG 14.</headline>
<text>
<p>The following is a summary of major stories in leading South Korean newspapers, prepared by Reuters in Seoul. Reuters has not checked the stories and does not guarantee their accuracy.</p>
<p>Telephone: (822) 727-5650. Fax: (822) 727-5666.</p>
<p>----</p>
<p>CHOSUN ILBO</p>
<p>- Seoul Mayor Cho Soon declared he is seeking to run in the December presidential elections on the ticket of the smallest opposition Decomocratic Party.</p>
<p>----</p>
<p>KOREA ECONOMIC DAILY</p>
<p>- The central bank's preferential low-interest loans and other special measures may be mobilized to prop up the plummeting credit rating of Korea First Bank and other domestic banks.</p>
<p>----</p>
<p>KOREA HERALD</p>
<p>- The bodies of 10 vicitms, recovered from the Korean Air Lines jet accident in Guam, were brought to Seoul on Wednesday for the first time since the crash last week.</p>
<p>----</p>
<p>KOREA TIMES</p>
<p>- The government has decided to seize Japanese and Chinese boats engaged in fishing illegally within the 200-mile Exclusive Economic Zone and release the violators only when fines are paid.</p>
<p>- Visiting American Congressmen said that the U.S. Congress will adopt a resolution next week to demand that food aid be distributed by non-governmental organizations, not by the North Korean government.</p>
</text>
<copyright>(c) Reuters Limited 1997</copyright>
<metadata>
<codes class="bip:countries:1.0">
  <code code="SKOREA">
    <editdetail attribution="Reuters BIP Coding Group" action="confirmed" date="1997-08-14"/>
  </code>
</codes>
<codes class="bip:topics:1.0">
  <code code="GCAT">
    <editdetail attribution="Reuters BIP Coding Group" action="confirmed" date="1997-08-14"/>
  </code>
</codes>
<dc element="dc.publisher" value="Reuters Holdings Plc"/>
<dc element="dc.date.published" value="1997-08-14"/>
<dc element="dc.source" value="Reuters"/>
<dc element="dc.creator.location.country.name" value="SOUTH KOREA"/>
<dc element="dc.source" value="Reuters"/>
</metadata>
</newsitem>
