<?xml version="1.0" encoding="iso-8859-1" ?>
<newsitem itemid="140158" id="root" date="1996-10-24" xml:lang="en">
<title>PERU: Six foreign oil groups bid for Peru's block X.</title>
<headline>Six foreign oil groups bid for Peru's block X.</headline>
<dateline>LIMA 1996-10-24</dateline>
<text>
<p>Six foreign petroleum groups formally bid for the rights to Peru's state-owned oil block X, privatization officials said Wednesday.</p>
<p>They named the groups as Canada's Norcen Energy Resources Ltd., China's CNPC America Peru S.A., Pennzoil Co. and Petrosantander Peru S.A., Argentina's Compania Perez Companc, and a consortium of Argentina's Pluspetrol Corp and Peru's Grana y Montero Petrolera S.A.</p>
<p>Peru had set a minimum bid price of $65 million for the block, but officials gave no financial details of the offers.  </p>
<p>The winner of the auction, to be announced on Friday, will have a minimum spending requirement of $25 million over five years.</p>
<p>The block, with proven reserves of 49 million barrels of crude oil, lies 720 miles (1,150 km) north of Lima in the Talara region. The contract being offered by state oil company Petroperu includes a 30-year lisence to extract oil and a 40- year licence for natural gas.</p>
<p>The block currently produces 17,000 barrels per day (bpd) of crude oil from its roughly 39,000 hectare area, officials said.  </p>
<p>Petroperu also owns a refinery in the Talara region, which it plans to auction as part of the state company's piecemeal sell-off.</p>
<p>In the last auction in August, Mobil bought Petroperu's lubricants unit, Petrolube, for $18.9 million.</p>
<p>This sale followed the company's June auctions, when the government sold a 60 percent stake in the La Pampilla refinery near Lima and the rights to develop oil block 8/8X in the northeastern jungle.  </p>
<p>A consortium led by Spain's Repsol SA bought the La Pampilla stake for $180.5 million, and a consortium led by Pluspetrol won the oil block with a bid of $142.2 million.</p>
<p>-- Andrew Cawthorne, Lima newsroom, 511 221-2134</p>
</text>
<copyright>(c) Reuters Limited 1996</copyright>
<metadata>
<codes class="bip:countries:1.0">
  <code code="PERU">
    <editdetail attribution="Reuters BIP Coding Group" action="confirmed" date="1996-10-24"/>
  </code>
</codes>
<codes class="bip:industries:1.0">
  <code code="I13000">
    <editdetail attribution="Reuters BIP Coding Group" action="confirmed" date="1996-10-24"/>
  </code>
  <code code="I1300003">
    <editdetail attribution="Reuters BIP Coding Group" action="confirmed" date="1996-10-24"/>
  </code>
  <code code="I14000">
    <editdetail attribution="Reuters BIP Coding Group" action="confirmed" date="1996-10-24"/>
  </code>
</codes>
<codes class="bip:topics:1.0">
  <code code="C18">
    <editdetail attribution="Reuters BIP Coding Group" action="confirmed" date="1996-10-24"/>
  </code>
  <code code="C182">
    <editdetail attribution="Reuters BIP Coding Group" action="confirmed" date="1996-10-24"/>
  </code>
  <code code="C24">
    <editdetail attribution="Reuters BIP Coding Group" action="confirmed" date="1996-10-24"/>
  </code>
  <code code="CCAT">
    <editdetail attribution="Reuters BIP Coding Group" action="confirmed" date="1996-10-24"/>
  </code>
</codes>
<dc element="dc.date.created" value="1996-10-24"/>
<dc element="dc.publisher" value="Reuters Holdings Plc"/>
<dc element="dc.date.published" value="1996-10-24"/>
<dc element="dc.source" value="Reuters"/>
<dc element="dc.creator.location" value="LIMA"/>
<dc element="dc.creator.location.country.name" value="PERU"/>
<dc element="dc.source" value="Reuters"/>
</metadata>
</newsitem>
