<?xml version="1.0" encoding="iso-8859-1" ?>
<newsitem itemid="148480" id="root" date="1996-10-28" xml:lang="en">
<title>FRANCE: Rhone-Rorer gets Japan's ok for Taxotere cancer drug.</title>
<headline>Rhone-Rorer gets Japan's ok for Taxotere cancer drug.</headline>
<dateline>PARIS 1996-10-28</dateline>
<text>
<p>Franco-American drugs group Rhone-Poulenc Rorer said Monday its new anti-cancer drug Taxotere had obtained market approval in Japan for breast cancer and some lung cancer treatments.</p>
<p>Rorer said Taxotere was the first product of the taxoides class to receive Japanese market authorisation. Taxoides are drugs that fight cancer cells by inhibiting their cell division, causing the cells to die.</p>
<p>Taxotere has already received market authorisation in more than 35 countries.</p>
<p>Rhone-Poulenc Rorer is majority-owned by Rhone-Poulenc of France.</p>
<p>Gary Shearman, senior vice-president for pharmaceutical development, said the drug was approved to treat two of the five most common tumours in Japan.</p>
<p>Rhone-Poulenc's stock edged up 25 cents to $67.75 in early trading on the New York Stock Exchange.</p>
</text>
<copyright>(c) Reuters Limited 1996</copyright>
<metadata>
<codes class="bip:countries:1.0">
  <code code="FRA">
    <editdetail attribution="Reuters BIP Coding Group" action="confirmed" date="1996-10-28"/>
  </code>
  <code code="JAP">
    <editdetail attribution="Reuters BIP Coding Group" action="confirmed" date="1996-10-28"/>
  </code>
</codes>
<codes class="bip:industries:1.0">
  <code code="I25000">
    <editdetail attribution="Reuters BIP Coding Group" action="confirmed" date="1996-10-28"/>
  </code>
</codes>
<codes class="bip:topics:1.0">
  <code code="C13">
    <editdetail attribution="Reuters BIP Coding Group" action="confirmed" date="1996-10-28"/>
  </code>
  <code code="C31">
    <editdetail attribution="Reuters BIP Coding Group" action="confirmed" date="1996-10-28"/>
  </code>
  <code code="CCAT">
    <editdetail attribution="Reuters BIP Coding Group" action="confirmed" date="1996-10-28"/>
  </code>
</codes>
<dc element="dc.date.created" value="1996-10-28"/>
<dc element="dc.publisher" value="Reuters Holdings Plc"/>
<dc element="dc.date.published" value="1996-10-28"/>
<dc element="dc.source" value="Reuters"/>
<dc element="dc.creator.location" value="PARIS"/>
<dc element="dc.creator.location.country.name" value="FRANCE"/>
<dc element="dc.source" value="Reuters"/>
</metadata>
</newsitem>
