<?xml version="1.0" encoding="iso-8859-1" ?>
<newsitem itemid="270491" id="root" date="1996-12-20" xml:lang="en">
<title>USA: CenterPoint files for securities offer.</title>
<headline>CenterPoint files for securities offer.</headline>
<dateline>CHICAGO 1996-12-19</dateline>
<text>
<p>CenterPoint Properties said on Thursday that it has filed a new shelf registration statement for up to $200 million of debt, preferred stock, common stock and warrants.</p>
<p>The company said that this registration statement augments its existing shelf registration statement under which about $100 million of common stock remain outstanding.</p>
</text>
<copyright>(c) Reuters Limited 1996</copyright>
<metadata>
<codes class="bip:countries:1.0">
  <code code="USA">
    <editdetail attribution="Reuters BIP Coding Group" action="confirmed" date="1996-12-20"/>
  </code>
</codes>
<codes class="bip:industries:1.0">
  <code code="I81502">
    <editdetail attribution="Reuters BIP Coding Group" action="confirmed" date="1996-12-20"/>
  </code>
  <code code="I8150206">
    <editdetail attribution="Reuters BIP Coding Group" action="confirmed" date="1996-12-20"/>
  </code>
</codes>
<codes class="bip:topics:1.0">
  <code code="C17">
    <editdetail attribution="Reuters BIP Coding Group" action="confirmed" date="1996-12-20"/>
  </code>
  <code code="C172">
    <editdetail attribution="Reuters BIP Coding Group" action="confirmed" date="1996-12-20"/>
  </code>
  <code code="CCAT">
    <editdetail attribution="Reuters BIP Coding Group" action="confirmed" date="1996-12-20"/>
  </code>
</codes>
<dc element="dc.date.created" value="1996-12-19"/>
<dc element="dc.publisher" value="Reuters Holdings Plc"/>
<dc element="dc.date.published" value="1996-12-20"/>
<dc element="dc.source" value="Reuters"/>
<dc element="dc.creator.location" value="CHICAGO"/>
<dc element="dc.creator.location.country.name" value="USA"/>
<dc element="dc.source" value="Reuters"/>
</metadata>
</newsitem>
