<?xml version="1.0" encoding="iso-8859-1" ?>
<newsitem itemid="655610" id="root" date="1997-06-12" xml:lang="en">
<title>AUSTRIA: SOCCER-AUSTRIA AND HUNGARY DISCUSS JOINT EURO 2004 BID.</title>
<headline>SOCCER-AUSTRIA AND HUNGARY DISCUSS JOINT EURO 2004 BID.</headline>
<dateline>VIENNA 1997-06-12</dateline>
<text>
<p>Austrian and Hungarian soccer officials met on Thursday to discuss their joint bid to host the 2004 European championship finals and name the stadiums for the event.</p>
<p>The meeting, held in Vienna, was the first between the two neighbouring countries since the Austrian government pledged its full financial support for the project last week.</p>
<p>In Austria, the venues are the Ernst Happel stadium in Vienna and stadiums in St. Poelten, Salzburg and Innsbruck which will be renovated.</p>
<p>The Hungarian venues are the Nep and FTC stadiums in Budapest as well as arenas in Gyor and Szekesvehervar.</p>
<p>An organising committee, led by Austrian soccer federation president Beppo Mauhart and his Hungarian counterpart Mihaly Laczko, was also set up.</p>
<p>European soccer's governing body UEFA is expected to make a decision on bids in 1998. Spain are considered leading contenders while Russia are also interested in hosting the tournament.</p>
<p>Belgium and the Netherlands will be the first joint hosts in 2000.  REUTER  121749 GMT jun 97</p>
</text>
<copyright>(c) Reuters Limited 1997</copyright>
<metadata>
<codes class="bip:countries:1.0">
  <code code="AUST">
    <editdetail attribution="Reuters BIP Coding Group" action="confirmed" date="1997-06-12"/>
  </code>
  <code code="HUNG">
    <editdetail attribution="Reuters BIP Coding Group" action="confirmed" date="1997-06-12"/>
  </code>
</codes>
<codes class="bip:topics:1.0">
  <code code="GCAT">
    <editdetail attribution="Reuters BIP Coding Group" action="confirmed" date="1997-06-12"/>
  </code>
  <code code="GSPO">
    <editdetail attribution="Reuters BIP Coding Group" action="confirmed" date="1997-06-12"/>
  </code>
</codes>
<dc element="dc.date.created" value="1997-06-12"/>
<dc element="dc.publisher" value="Reuters Holdings Plc"/>
<dc element="dc.date.published" value="1997-06-12"/>
<dc element="dc.source" value="Reuters"/>
<dc element="dc.creator.location" value="VIENNA"/>
<dc element="dc.creator.location.country.name" value="AUSTRIA"/>
<dc element="dc.source" value="Reuters"/>
</metadata>
</newsitem>
