<?xml version="1.0" encoding="iso-8859-1" ?>
<newsitem itemid="260975" id="root" date="1996-12-17" xml:lang="en">
<title>ESTONIA: Estonia's Union bank sets 15 mln mark bond.</title>
<headline>Estonia's Union bank sets 15 mln mark bond.</headline>
<dateline>TALLINN 1996-12-17</dateline>
<text>
<p>Estonian commercial bank Union Bank said on Tuesday it was setting a 15 million mark bond with a three year maturity priced at three month mark LIBOR plus 150 basis points.</p>
</text>
<copyright>(c) Reuters Limited 1996</copyright>
<metadata>
<codes class="bip:countries:1.0">
  <code code="ESTNIA">
    <editdetail attribution="Reuters BIP Coding Group" action="confirmed" date="1996-12-17"/>
  </code>
</codes>
<codes class="bip:industries:1.0">
  <code code="I81402">
    <editdetail attribution="Reuters BIP Coding Group" action="confirmed" date="1996-12-17"/>
  </code>
</codes>
<codes class="bip:topics:1.0">
  <code code="C17">
    <editdetail attribution="Reuters BIP Coding Group" action="confirmed" date="1996-12-17"/>
  </code>
  <code code="C172">
    <editdetail attribution="Reuters BIP Coding Group" action="confirmed" date="1996-12-17"/>
  </code>
  <code code="CCAT">
    <editdetail attribution="Reuters BIP Coding Group" action="confirmed" date="1996-12-17"/>
  </code>
</codes>
<dc element="dc.date.created" value="1996-12-17"/>
<dc element="dc.publisher" value="Reuters Holdings Plc"/>
<dc element="dc.date.published" value="1996-12-17"/>
<dc element="dc.source" value="Reuters"/>
<dc element="dc.creator.location" value="TALLINN"/>
<dc element="dc.creator.location.country.name" value="ESTONIA"/>
<dc element="dc.source" value="Reuters"/>
</metadata>
</newsitem>
