<?xml version="1.0" encoding="iso-8859-1" ?>
<newsitem itemid="500288" id="root" date="1997-04-10" xml:lang="en">
<title>ITALY: Specialists bid for 18-month and 2-year Italy CTZs.</title>
<headline>Specialists bid for 18-month and 2-year Italy CTZs.</headline>
<dateline>ROME 1997-04-10</dateline>
<text>
<p>Specialist bond traders bid and received 66 billion lire of 18-month zero coupon CTZ bills and 43 billion lire of two-year CTZs against the Italian Treasury's offers of 200 billion and 250 billion lire of paper.</p>
<p>Earlier, the Treasury received bids for 5.770 trillion lire at the open auction for the October 15 1998 18-month paper against two trillion lire worth of certificates on offer, and had bids for 5.376 trillion lire of March 15 1999 two-year paper against 2.5 trillion lire on offer.</p>
<p>The auction price for the 18-month paper was set at 90.65 from 91.25 at a previous CTZ sale on March 25 and for the two-year paper at 88.10 after 87.00.</p>
</text>
<copyright>(c) Reuters Limited 1997</copyright>
<metadata>
<codes class="bip:countries:1.0">
  <code code="ITALY">
    <editdetail attribution="Reuters BIP Coding Group" action="confirmed" date="1997-04-10"/>
  </code>
</codes>
<codes class="bip:topics:1.0">
  <code code="E21">
    <editdetail attribution="Reuters BIP Coding Group" action="confirmed" date="1997-04-10"/>
  </code>
  <code code="E212">
    <editdetail attribution="Reuters BIP Coding Group" action="confirmed" date="1997-04-10"/>
  </code>
  <code code="ECAT">
    <editdetail attribution="Reuters BIP Coding Group" action="confirmed" date="1997-04-10"/>
  </code>
  <code code="M12">
    <editdetail attribution="Reuters BIP Coding Group" action="confirmed" date="1997-04-10"/>
  </code>
  <code code="MCAT">
    <editdetail attribution="Reuters BIP Coding Group" action="confirmed" date="1997-04-10"/>
  </code>
</codes>
<dc element="dc.date.created" value="1997-04-10"/>
<dc element="dc.publisher" value="Reuters Holdings Plc"/>
<dc element="dc.date.published" value="1997-04-10"/>
<dc element="dc.source" value="Reuters"/>
<dc element="dc.creator.location" value="ROME"/>
<dc element="dc.creator.location.country.name" value="ITALY"/>
<dc element="dc.source" value="Reuters"/>
</metadata>
</newsitem>
