<?xml version="1.0" encoding="iso-8859-1" ?>
<newsitem itemid="765090" id="root" date="1997-07-30" xml:lang="en">
<title>USA: TABLE - CORE Inc Q2 results.</title>
<headline>TABLE - CORE Inc Q2 results.</headline>
<dateline>IRVINE, Calif. 1997-07-30</dateline>
<text>
<p>Financial Summary</p>
<p>	 Three Months Ended June 30,  Six Months Ended June 30,</p>
<p>			   1997	 1996	  1997	  1996</p>
<p> Net Revenues   $8,971,573 $6,559,345 $17,098,622 $13,142,904</p>
<p>   GROSS PROFIT  3,524,287  2,711,351   6,407,713   5,355,928</p>
<p>OPERATING EXPENSES</p>
<p>Selling, general</p>
<p>and administrative</p>
<p>		     2,514,946  1,926,430   4,992,835   3,797,426</p>
<p>Depreciation and</p>
<p>   amortization    452,974    289,656     890,372     567,567</p>
<p>Income (loss)</p>
<p>from operations</p>
<p>			 556,367    495,265     524,506     990,935</p>
<p>Other income (expense):</p>
<p>			 157,963	3,817     329,895	45,831</p>
<p>Income before taxes</p>
<p>			 714,330    499,082     854,401   1,036,766</p>
<p> Income tax	 (31,000)		   (31,000)</p>
<p>   NET INCOME	683,330    499,082     823,401   1,036,766</p>
<p>INCOME PER COMMON SHARE</p>
<p>			    0.09	 0.09	  0.11	  0.18</p>
<p>Weighted average number of common</p>
<p>shares and equivalents</p>
<p>   outstanding   7,781,000  5,741,000   7,781,000   5,741,000</p>
</text>
<copyright>(c) Reuters Limited 1997</copyright>
<metadata>
<codes class="bip:countries:1.0">
  <code code="USA">
    <editdetail attribution="Reuters BIP Coding Group" action="confirmed" date="1997-07-30"/>
  </code>
</codes>
<codes class="bip:industries:1.0">
  <code code="I95100">
    <editdetail attribution="Reuters BIP Coding Group" action="confirmed" date="1997-07-30"/>
  </code>
</codes>
<codes class="bip:topics:1.0">
  <code code="C15">
    <editdetail attribution="Reuters BIP Coding Group" action="confirmed" date="1997-07-30"/>
  </code>
  <code code="C151">
    <editdetail attribution="Reuters BIP Coding Group" action="confirmed" date="1997-07-30"/>
  </code>
  <code code="CCAT">
    <editdetail attribution="Reuters BIP Coding Group" action="confirmed" date="1997-07-30"/>
  </code>
</codes>
<dc element="dc.date.created" value="1997-07-30"/>
<dc element="dc.publisher" value="Reuters Holdings Plc"/>
<dc element="dc.date.published" value="1997-07-30"/>
<dc element="dc.source" value="Reuters"/>
<dc element="dc.creator.location" value="IRVINE, Calif."/>
<dc element="dc.creator.location.country.name" value="USA"/>
<dc element="dc.source" value="Reuters"/>
</metadata>
</newsitem>
