<?xml version="1.0" encoding="iso-8859-1" ?>
<newsitem itemid="37765" id="root" date="1996-09-06" xml:lang="en">
<title>SPAIN: Peseta debt/interbank closing report.</title>
<headline>Peseta debt/interbank closing report.</headline>
<dateline>MADRID 1996-09-06</dateline>
<text>
<p>Spanish government bonds jumped in afternoon trading after U.S. markets dipped, then recovered after unemployment fell to its lowest level since 1989 and raised expectations of a hike in U.S. rates this month.</p>
<p>Spanish bonds started rising shortly before the U.S. data were released as traders covered short-positions.</p>
<p>They out-performed other European markets, helped by talk of a possible cut in Spanish rates at next week's regular repurchase auction.</p>
<p>&quot;Spanish bonds are doing well on renewed rate cut expectations, which could be fulfilled next week,&quot; a trader said.</p>
</text>
<copyright>(c) Reuters Limited 1996</copyright>
<metadata>
<codes class="bip:countries:1.0">
  <code code="SPAIN">
    <editdetail attribution="Reuters BIP Coding Group" action="confirmed" date="1996-09-06"/>
  </code>
</codes>
<codes class="bip:topics:1.0">
  <code code="M12">
    <editdetail attribution="Reuters BIP Coding Group" action="confirmed" date="1996-09-06"/>
  </code>
  <code code="M13">
    <editdetail attribution="Reuters BIP Coding Group" action="confirmed" date="1996-09-06"/>
  </code>
  <code code="M131">
    <editdetail attribution="Reuters BIP Coding Group" action="confirmed" date="1996-09-06"/>
  </code>
  <code code="M132">
    <editdetail attribution="Reuters BIP Coding Group" action="confirmed" date="1996-09-06"/>
  </code>
  <code code="MCAT">
    <editdetail attribution="Reuters BIP Coding Group" action="confirmed" date="1996-09-06"/>
  </code>
</codes>
<dc element="dc.date.created" value="1996-09-06"/>
<dc element="dc.publisher" value="Reuters Holdings Plc"/>
<dc element="dc.date.published" value="1996-09-06"/>
<dc element="dc.source" value="Reuters"/>
<dc element="dc.creator.location" value="MADRID"/>
<dc element="dc.creator.location.country.name" value="SPAIN"/>
<dc element="dc.source" value="Reuters"/>
</metadata>
</newsitem>
