<?xml version="1.0" encoding="iso-8859-1" ?>
<newsitem itemid="778390" id="root" date="1997-08-05" xml:lang="en">
<title>SOUTH AFRICA: Amplats sees better trading in year ahead.</title>
<headline>Amplats sees better trading in year ahead.</headline>
<dateline>JOHANNESBURG 1997-08-05</dateline>
<text>
<p>South Africa's Anglo American Platinum Corp (Amplats) said on Tuesday that it expected to see a better trading performance for the year ended June 30, 1998.</p>
<p>&quot;The restructured Amplats group's trading performance for the year ending June 30, 1998, is expected to be better than that of the combined trading performance of the constituent companies in 1997,&quot; the firm said in a statement with its annual results.</p>
<p>The company warned, however, the volatility of the South African rand could alter its profit outlook.</p>
<p>Amplats plans to merge its three mines and the group into one listed company, using Rustenburg Platinum Holdings as the unified vehicle with effect from September 1.  </p>
<p>Amplats said it expected higher average platinum prices than in the 1996/97 year resulting from continued lower supply levels.</p>
<p>The company said there were signs that Russian platinum sales will be lower in 1997 than they were in 1996. Amplats earlier announced a fall in 1996/7 earnings per share from 190.3 cents to 162.8 cents and held its dividend at 120 cents.</p>
<p>The company said its earnings per share on a restructured basis would have been 282.3 cents against 295.2 cents.</p>
<p>-- Johannesburg newsroom +27 11 482 1003</p>
<p>johannesburg.newsroom@reuters.com</p>
</text>
<copyright>(c) Reuters Limited 1997</copyright>
<metadata>
<codes class="bip:countries:1.0">
  <code code="SAFR">
    <editdetail attribution="Reuters BIP Coding Group" action="confirmed" date="1997-08-05"/>
  </code>
  <code code="USA">
    <editdetail attribution="Reuters BIP Coding Group" action="confirmed" date="1997-08-05"/>
  </code>
</codes>
<codes class="bip:topics:1.0">
  <code code="C15">
    <editdetail attribution="Reuters BIP Coding Group" action="confirmed" date="1997-08-05"/>
  </code>
  <code code="C152">
    <editdetail attribution="Reuters BIP Coding Group" action="confirmed" date="1997-08-05"/>
  </code>
  <code code="CCAT">
    <editdetail attribution="Reuters BIP Coding Group" action="confirmed" date="1997-08-05"/>
  </code>
</codes>
<dc element="dc.date.created" value="1997-08-05"/>
<dc element="dc.publisher" value="Reuters Holdings Plc"/>
<dc element="dc.date.published" value="1997-08-05"/>
<dc element="dc.source" value="Reuters"/>
<dc element="dc.creator.location" value="JOHANNESBURG"/>
<dc element="dc.creator.location.country.name" value="SOUTH AFRICA"/>
<dc element="dc.source" value="Reuters"/>
</metadata>
</newsitem>
