<?xml version="1.0" encoding="iso-8859-1" ?>
<newsitem itemid="325416" id="root" date="1997-01-22" xml:lang="en">
<title>USA: Baker Hughes names Lukens as chairman.</title>
<headline>Baker Hughes names Lukens as chairman.</headline>
<dateline>HOUSTON 1997-01-22</dateline>
<text>
<p>Baker Hughes Inc said its chairman James Woods is retiring and it has named chief executive and president Max Lukens to also fill Woods' post.</p>
<p>Woods had been with Baker Hughes for over 41 years, the company said.</p>
<p>((--New York Newsdesk 212 859 1610))</p>
</text>
<copyright>(c) Reuters Limited 1997</copyright>
<metadata>
<codes class="bip:countries:1.0">
  <code code="USA">
    <editdetail attribution="Reuters BIP Coding Group" action="confirmed" date="1997-01-22"/>
  </code>
</codes>
<codes class="bip:industries:1.0">
  <code code="I32510">
    <editdetail attribution="Reuters BIP Coding Group" action="confirmed" date="1997-01-22"/>
  </code>
</codes>
<codes class="bip:topics:1.0">
  <code code="C41">
    <editdetail attribution="Reuters BIP Coding Group" action="confirmed" date="1997-01-22"/>
  </code>
  <code code="C411">
    <editdetail attribution="Reuters BIP Coding Group" action="confirmed" date="1997-01-22"/>
  </code>
  <code code="CCAT">
    <editdetail attribution="Reuters BIP Coding Group" action="confirmed" date="1997-01-22"/>
  </code>
</codes>
<dc element="dc.date.created" value="1997-01-22"/>
<dc element="dc.publisher" value="Reuters Holdings Plc"/>
<dc element="dc.date.published" value="1997-01-22"/>
<dc element="dc.source" value="Reuters"/>
<dc element="dc.creator.location" value="HOUSTON"/>
<dc element="dc.creator.location.country.name" value="USA"/>
<dc element="dc.source" value="Reuters"/>
</metadata>
</newsitem>
