<?xml version="1.0" encoding="iso-8859-1" ?>
<newsitem itemid="677034" id="root" date="1997-06-20" xml:lang="en">
<title>USA: CBOT soybeans, grains mostly lower on weather.</title>
<headline>CBOT soybeans, grains mostly lower on weather.</headline>
<dateline>CHICAGO 1997-06-20</dateline>
<text>
<p>U.S. grain and soy complex futures opening as of 0932 CDT.</p>
<p>WHEAT - Steady to 1/2 cent per bushel lower - Under pressure from expectations for an active harvest this weekend in Oklahoma and Texas and reports of better-than-expected yields, traders said.</p>
<p>CORN - Down 1/4 to 3/4 cent a bushel lower - Weekend weather seen nearly ideal for developing crop. Warm temperatures and rain seen for much of Midwest.</p>
<p>SOYBEANS - 1-1/2 to three cents per bushel lower - Good growing weather pressured new crop, but November could also find support from talk of exports to China. July seen volatile until options expiry at 1201 CDT.</p>
<p>SOY PRODUCTS - Soymeal $0.60 a ton higher to $0.30 per ton lower, while soyoil up 0.05 to 0.01 cent per lb lower.</p>
<p>((Chicago newsdesk 312-408-8720))</p>
</text>
<copyright>(c) Reuters Limited 1997</copyright>
<metadata>
<codes class="bip:countries:1.0">
  <code code="USA">
    <editdetail attribution="Reuters BIP Coding Group" action="confirmed" date="1997-06-20"/>
  </code>
</codes>
<codes class="bip:topics:1.0">
  <code code="M14">
    <editdetail attribution="Reuters BIP Coding Group" action="confirmed" date="1997-06-20"/>
  </code>
  <code code="M141">
    <editdetail attribution="Reuters BIP Coding Group" action="confirmed" date="1997-06-20"/>
  </code>
  <code code="MCAT">
    <editdetail attribution="Reuters BIP Coding Group" action="confirmed" date="1997-06-20"/>
  </code>
</codes>
<dc element="dc.date.created" value="1997-06-20"/>
<dc element="dc.publisher" value="Reuters Holdings Plc"/>
<dc element="dc.date.published" value="1997-06-20"/>
<dc element="dc.source" value="Reuters"/>
<dc element="dc.creator.location" value="CHICAGO"/>
<dc element="dc.creator.location.country.name" value="USA"/>
<dc element="dc.source" value="Reuters"/>
</metadata>
</newsitem>
