<?xml version="1.0" encoding="iso-8859-1" ?>
<newsitem itemid="497710" id="root" date="1997-04-09" xml:lang="en">
<title>CANADA: Manitoba blizzard to cause century's worst flood.</title>
<headline>Manitoba blizzard to cause century's worst flood.</headline>
<dateline>WINNIPEG 1997-04-09</dateline>
<text>
<p>A blizzard that dumped 57.4 cms (23 inches) of snow on Manitoba's Red River Valley over the weekend was forecast to cause the worst flood of the century, Winnipeg's Harbour Master said.</p>
<p>&quot;This storm didn't help any, it'll make it the worst flood of the century,&quot; Winnipeg Harbour Master Joe Pietracci said.</p>
<p>An average flood is seven feet, four inches above the summer level of the Red River at Winnipeg's James Avenue Station. Flood level at 0700 CDT Monday was eight feet, three inches, he said.</p>
<p>The peak flood reached 19 feet, four inches above summer level, he said.</p>
<p>&quot;The river's rising about two feet a day. We're getting water from North Dakota, South Dakota and down the Assiniboine River from the Shellmouth (Reservoir),&quot; Pietracci said.</p>
<p>Manitoba's Red River Valley produces wheat, barley, canola, corn and flax.</p>
<p>The Canadian Wheat Board on Monday forecast spring seeding in the Valley would likely be delayed by a few weeks.</p>
<p>((Gilbert Le Gras 204 947 3548))</p>
</text>
<copyright>(c) Reuters Limited 1997</copyright>
<metadata>
<codes class="bip:countries:1.0">
  <code code="CANA">
    <editdetail attribution="Reuters BIP Coding Group" action="confirmed" date="1997-04-09"/>
  </code>
</codes>
<codes class="bip:industries:1.0">
  <code code="I01001">
    <editdetail attribution="Reuters BIP Coding Group" action="confirmed" date="1997-04-09"/>
  </code>
  <code code="I0100132">
    <editdetail attribution="Reuters BIP Coding Group" action="confirmed" date="1997-04-09"/>
  </code>
</codes>
<codes class="bip:topics:1.0">
  <code code="C21">
    <editdetail attribution="Reuters BIP Coding Group" action="confirmed" date="1997-04-09"/>
  </code>
  <code code="C24">
    <editdetail attribution="Reuters BIP Coding Group" action="confirmed" date="1997-04-09"/>
  </code>
  <code code="CCAT">
    <editdetail attribution="Reuters BIP Coding Group" action="confirmed" date="1997-04-09"/>
  </code>
  <code code="GCAT">
    <editdetail attribution="Reuters BIP Coding Group" action="confirmed" date="1997-04-09"/>
  </code>
  <code code="GDIS">
    <editdetail attribution="Reuters BIP Coding Group" action="confirmed" date="1997-04-09"/>
  </code>
  <code code="GWEA">
    <editdetail attribution="Reuters BIP Coding Group" action="confirmed" date="1997-04-09"/>
  </code>
</codes>
<dc element="dc.date.created" value="1997-04-09"/>
<dc element="dc.publisher" value="Reuters Holdings Plc"/>
<dc element="dc.date.published" value="1997-04-09"/>
<dc element="dc.source" value="Reuters"/>
<dc element="dc.creator.location" value="WINNIPEG"/>
<dc element="dc.creator.location.country.name" value="CANADA"/>
<dc element="dc.source" value="Reuters"/>
</metadata>
</newsitem>
