<?xml version="1.0" encoding="iso-8859-1" ?>
<newsitem itemid="739658" id="root" date="1997-07-18" xml:lang="en">
<title>USA: TABLE - Union Bankshares Q2 net decreases.</title>
<headline>TABLE - Union Bankshares Q2 net decreases.</headline>
<dateline>BOWLING GREEN, Va. 1997-07-17</dateline>
<text>
<p>For the Quarter Ended June 30,</p>
<p>					 1997		   1996</p>
<p> Net Income		    2,002,000	    2,207,000</p>
<p> Net Income Per Share	     0.56		   0.62</p>
<p>			 For the Six Months Ended June 30,</p>
<p>					  1997		  1996</p>
<p> Net Income		    3,939,000	    4,053,000</p>
<p> Net Income Per Share	     1.10		   1.14</p>
<p>NOTE:  Full name of the company is Union Bankshares Corp.</p>
</text>
<copyright>(c) Reuters Limited 1997</copyright>
<metadata>
<codes class="bip:countries:1.0">
  <code code="USA">
    <editdetail attribution="Reuters BIP Coding Group" action="confirmed" date="1997-07-18"/>
  </code>
</codes>
<codes class="bip:industries:1.0">
  <code code="I81402">
    <editdetail attribution="Reuters BIP Coding Group" action="confirmed" date="1997-07-18"/>
  </code>
</codes>
<codes class="bip:topics:1.0">
  <code code="C15">
    <editdetail attribution="Reuters BIP Coding Group" action="confirmed" date="1997-07-18"/>
  </code>
  <code code="C151">
    <editdetail attribution="Reuters BIP Coding Group" action="confirmed" date="1997-07-18"/>
  </code>
  <code code="CCAT">
    <editdetail attribution="Reuters BIP Coding Group" action="confirmed" date="1997-07-18"/>
  </code>
</codes>
<dc element="dc.date.created" value="1997-07-17"/>
<dc element="dc.publisher" value="Reuters Holdings Plc"/>
<dc element="dc.date.published" value="1997-07-18"/>
<dc element="dc.source" value="Reuters"/>
<dc element="dc.creator.location" value="BOWLING GREEN, Va."/>
<dc element="dc.creator.location.country.name" value="USA"/>
<dc element="dc.source" value="Reuters"/>
</metadata>
</newsitem>
