<?xml version="1.0" encoding="iso-8859-1" ?>
<newsitem itemid="556681" id="root" date="1997-05-02" xml:lang="en">
<title>USA: PRESS DIGEST - Daily Variety - May 2.</title>
<headline>PRESS DIGEST - Daily Variety - May 2.</headline>
<dateline>NEW YORK 1997-05-02</dateline>
<text>
<p>The following stories appeared in Friday's Daily Variety:</p>
<p>* News Corp ASkyB chairman Preston Padden, one of Rupert Murdoch's top lieutenants, resigned on Thursday.</p>
<p>* Walt Disney unit ABC's coming out of the closet episode of &quot;Ellen&quot; did better than most optimistic projections, posting a 23.4 rating and 35 share in households and winning big in key demographics, according to Nielsen.</p>
<p>* Viacom shares rose on Thursday on unfounded speculation that Metro-Goldwyn Mayer's half-owner, Kirk Kerkorian, was buying its stock.</p>
<p>* The Senate Commerce Committee voted 19 to one in favor of a ban on violent television during times when children are most likely to be in the viewing audience.</p>
<p>* Stephen Herek, who just renewed his three-film directing pact with Disney, plans to direct &quot;Holy Man,&quot; starring Eddie Murphy, for Caravan Pictures, sources said Thursday.</p>
<p>* Jerry Bruckheimer, who has produced The Rock, Dangerous Minds and Crimson Tide, has signed another five-year agreement with Walt Disney Co.</p>
<p>((New York newsdesk 212-859-1610))</p>
</text>
<copyright>(c) Reuters Limited 1997</copyright>
<metadata>
<codes class="bip:countries:1.0">
  <code code="USA">
    <editdetail attribution="Reuters BIP Coding Group" action="confirmed" date="1997-05-02"/>
  </code>
</codes>
<codes class="bip:topics:1.0">
  <code code="GCAT">
    <editdetail attribution="Reuters BIP Coding Group" action="confirmed" date="1997-05-02"/>
  </code>
</codes>
<dc element="dc.date.created" value="1997-05-02"/>
<dc element="dc.publisher" value="Reuters Holdings Plc"/>
<dc element="dc.date.published" value="1997-05-02"/>
<dc element="dc.source" value="Reuters"/>
<dc element="dc.creator.location" value="NEW YORK"/>
<dc element="dc.creator.location.country.name" value="USA"/>
<dc element="dc.source" value="Reuters"/>
</metadata>
</newsitem>
