<?xml version="1.0" encoding="iso-8859-1" ?>
<newsitem itemid="113885" id="root" date="1996-10-14" xml:lang="en">
<title>SOUTH AFRICA: Foreigners net sellers of SAfrica shares last week.</title>
<headline>Foreigners net sellers of SAfrica shares last week.</headline>
<dateline>JOHANNESBURG 1996-10-14</dateline>
<text>
<p>The Johannesburg Stock Exchange (JSE) said non-residents were net sellers of shares on the exchange last week.</p>
<p>Non-resident transactions (million rand) -</p>
<p>			Week to Oct 14   Year to date   Year ago</p>
<p>Equities:</p>
<p>- purchases		   613.21   31,989.9	 18,734.0</p>
<p>- sales			 703.37   26,506.0	 14,644.7</p>
<p>- net purchases/(sales)   (90.16)   5,483.9	  4,089.3</p>
<p>NOTE - The figures reflect only the portion of the market where non-resident transactions are executed through the JSE, and are therefore not comprehensive.</p>
<p>-- Johannesburg newsroom +27 11 482-1003</p>
</text>
<copyright>(c) Reuters Limited 1996</copyright>
<metadata>
<codes class="bip:countries:1.0">
  <code code="SAFR">
    <editdetail attribution="Reuters BIP Coding Group" action="confirmed" date="1996-10-14"/>
  </code>
</codes>
<codes class="bip:topics:1.0">
  <code code="M11">
    <editdetail attribution="Reuters BIP Coding Group" action="confirmed" date="1996-10-14"/>
  </code>
  <code code="MCAT">
    <editdetail attribution="Reuters BIP Coding Group" action="confirmed" date="1996-10-14"/>
  </code>
</codes>
<dc element="dc.date.created" value="1996-10-14"/>
<dc element="dc.publisher" value="Reuters Holdings Plc"/>
<dc element="dc.date.published" value="1996-10-14"/>
<dc element="dc.source" value="Reuters"/>
<dc element="dc.creator.location" value="JOHANNESBURG"/>
<dc element="dc.creator.location.country.name" value="SOUTH AFRICA"/>
<dc element="dc.source" value="Reuters"/>
</metadata>
</newsitem>
