<?xml version="1.0" encoding="iso-8859-1" ?>
<newsitem itemid="204294" id="root" date="1996-11-20" xml:lang="en">
<title>USA: CBOT overnight Project A ag volume 276 contracts.</title>
<headline>CBOT overnight Project A ag volume 276 contracts.</headline>
<dateline>CHICAGO 1996-11-20</dateline>
<text>
<p>Chicago Board of Trade said its Project A overnight agricultural contracts trading volume totaled 276 contracts versus 597 contracts traded overnight Monday, according to the CBOT.</p>
<p>There were 22 wheat, 66 corn, 180 soybean and eight soymeal contracts traded.</p>
<p>In overnight trading, corn was steady to 3/4 cent lower, wheat was 3/4 higher to 1/4 lower and soybeans were 1/2 higher to 1/4 lower.</p>
<p>--Chicago Newsdesk 312-408-8720</p>
</text>
<copyright>(c) Reuters Limited 1996</copyright>
<metadata>
<codes class="bip:countries:1.0">
  <code code="USA">
    <editdetail attribution="Reuters BIP Coding Group" action="confirmed" date="1996-11-20"/>
  </code>
</codes>
<codes class="bip:topics:1.0">
  <code code="M14">
    <editdetail attribution="Reuters BIP Coding Group" action="confirmed" date="1996-11-20"/>
  </code>
  <code code="M141">
    <editdetail attribution="Reuters BIP Coding Group" action="confirmed" date="1996-11-20"/>
  </code>
  <code code="MCAT">
    <editdetail attribution="Reuters BIP Coding Group" action="confirmed" date="1996-11-20"/>
  </code>
</codes>
<dc element="dc.date.created" value="1996-11-20"/>
<dc element="dc.publisher" value="Reuters Holdings Plc"/>
<dc element="dc.date.published" value="1996-11-20"/>
<dc element="dc.source" value="Reuters"/>
<dc element="dc.creator.location" value="CHICAGO"/>
<dc element="dc.creator.location.country.name" value="USA"/>
<dc element="dc.source" value="Reuters"/>
</metadata>
</newsitem>
