<?xml version="1.0" encoding="iso-8859-1" ?>
<newsitem itemid="435631" id="root" date="1997-03-12" xml:lang="en">
<title>LITHUANIA: INTERVIEW-LITHUANIA SEES '97 GDP GROWTH AT 5 PCT.</title>
<headline>INTERVIEW-LITHUANIA SEES '97 GDP GROWTH AT 5 PCT.</headline>
<dateline>VILNIUS 1997-03-12</dateline>
<text>
<p>Lithuanian Prime Minister Gediminas Vagnorius said that he expects the country's gross domestic product (GDP) to expand by five percent in 1997.</p>
<p>&quot;GDP will grow by at least five percent this year,&quot; Vagnorius told Reuters in an interview.</p>
<p>&quot;In 1998, we expect growth of around seven to eight percent,&quot; he said.</p>
<p>Lithuania's economy began to grow again in 1994 after a sharp slump sparked by the collapse of the country's trading ties with the former Soviet Union.</p>
<p>Preliminary data suggests that GDP grew by four percent in 1996.</p>
<p>Vagnorius also said that he expects inflation to be around 12 percent this year and less than ten percent in 1998 after reaching 13.1 percent in 1996.</p>
<p>-- Ed Stoddard, Vilnius newsroom +370 2 22 35 17</p>
</text>
<copyright>(c) Reuters Limited 1997</copyright>
<metadata>
<codes class="bip:countries:1.0">
  <code code="LITH">
    <editdetail attribution="Reuters BIP Coding Group" action="confirmed" date="1997-03-12"/>
  </code>
</codes>
<codes class="bip:topics:1.0">
  <code code="E11">
    <editdetail attribution="Reuters BIP Coding Group" action="confirmed" date="1997-03-12"/>
  </code>
  <code code="ECAT">
    <editdetail attribution="Reuters BIP Coding Group" action="confirmed" date="1997-03-12"/>
  </code>
</codes>
<dc element="dc.date.created" value="1997-03-12"/>
<dc element="dc.publisher" value="Reuters Holdings Plc"/>
<dc element="dc.date.published" value="1997-03-12"/>
<dc element="dc.source" value="Reuters"/>
<dc element="dc.creator.location" value="VILNIUS"/>
<dc element="dc.creator.location.country.name" value="LITHUANIA"/>
<dc element="dc.source" value="Reuters"/>
</metadata>
</newsitem>
