<?xml version="1.0" encoding="iso-8859-1" ?>
<newsitem itemid="705856" id="root" date="1997-07-03" xml:lang="en">
<title>EGYPT: Egypt, Jordan negotiating gas pipeline.</title>
<headline>Egypt, Jordan negotiating gas pipeline.</headline>
<dateline>CAIRO 1997-07-03</dateline>
<text>
<p>Egypt and Jordan have started negotiations on a pipeline to export Egyptian gas across the Sinai peninsula to Jordan, Egyptian Oil Minister Hamdi el-Banbi said in remarks published on Thursday.</p>
<p>The government newspaper al-Ahram quoted him as saying that one proposal was for a 270 km (160 mile) pipeline from Uyoun Moussa on the eastern bank of the Gulf of Suez to the area around the Jordanian port of Aqaba.</p>
<p>It would carry 200 million cubic feet of gas a day starting in 2001 or 2002, rising later to 400 million cubic feet a day.</p>
<p>Egyptian and Jordanian technical working groups have been negotiating to choose the best option for the route and the Egyptian-Jordanian supreme committee will discuss the project next week, the minister added. The supreme committee usually meets at prime minister level.</p>
<p>-- Cairo newsroom +20 2 578 3290/1</p>
</text>
<copyright>(c) Reuters Limited 1997</copyright>
<metadata>
<codes class="bip:countries:1.0">
  <code code="EGYPT">
    <editdetail attribution="Reuters BIP Coding Group" action="confirmed" date="1997-07-03"/>
  </code>
  <code code="JORDAN">
    <editdetail attribution="Reuters BIP Coding Group" action="confirmed" date="1997-07-03"/>
  </code>
</codes>
<codes class="bip:industries:1.0">
  <code code="I13000">
    <editdetail attribution="Reuters BIP Coding Group" action="confirmed" date="1997-07-03"/>
  </code>
</codes>
<codes class="bip:topics:1.0">
  <code code="C24">
    <editdetail attribution="Reuters BIP Coding Group" action="confirmed" date="1997-07-03"/>
  </code>
  <code code="CCAT">
    <editdetail attribution="Reuters BIP Coding Group" action="confirmed" date="1997-07-03"/>
  </code>
</codes>
<dc element="dc.date.created" value="1997-07-03"/>
<dc element="dc.publisher" value="Reuters Holdings Plc"/>
<dc element="dc.date.published" value="1997-07-03"/>
<dc element="dc.source" value="Reuters"/>
<dc element="dc.creator.location" value="CAIRO"/>
<dc element="dc.creator.location.country.name" value="EGYPT"/>
<dc element="dc.source" value="Reuters"/>
</metadata>
</newsitem>
