<?xml version="1.0" encoding="iso-8859-1" ?>
<newsitem itemid="807742" id="root" date="1997-08-19" xml:lang="en">
<title>USA: Colonial Commercial ends acquisition effort.</title>
<headline>Colonial Commercial ends acquisition effort.</headline>
<dateline>LEVITTOWN, N.Y. 1997-08-19</dateline>
<text>
<p>Colonial Commercial Corp said on Tuesday that it had ended an eight-month effort to acquire privately held computer maintenance company US Computer Group Inc.</p>
<p>&quot;We basically didn't reach terms on a final agreement,&quot; a company spokesman said.</p>
<p>Colonial, which distributes builder's hardware, also said it continues to seek mergers with companies that generate a &quot;recurring stream of income.&quot;</p>
</text>
<copyright>(c) Reuters Limited 1997</copyright>
<metadata>
<codes class="bip:countries:1.0">
  <code code="USA">
    <editdetail attribution="Reuters BIP Coding Group" action="confirmed" date="1997-08-19"/>
  </code>
</codes>
<codes class="bip:industries:1.0">
  <code code="I83100">
    <editdetail attribution="Reuters BIP Coding Group" action="confirmed" date="1997-08-19"/>
  </code>
</codes>
<codes class="bip:topics:1.0">
  <code code="C18">
    <editdetail attribution="Reuters BIP Coding Group" action="confirmed" date="1997-08-19"/>
  </code>
  <code code="C181">
    <editdetail attribution="Reuters BIP Coding Group" action="confirmed" date="1997-08-19"/>
  </code>
  <code code="CCAT">
    <editdetail attribution="Reuters BIP Coding Group" action="confirmed" date="1997-08-19"/>
  </code>
</codes>
<dc element="dc.date.created" value="1997-08-19"/>
<dc element="dc.publisher" value="Reuters Holdings Plc"/>
<dc element="dc.date.published" value="1997-08-19"/>
<dc element="dc.source" value="Reuters"/>
<dc element="dc.creator.location" value="LEVITTOWN, N.Y."/>
<dc element="dc.creator.location.country.name" value="USA"/>
<dc element="dc.source" value="Reuters"/>
</metadata>
</newsitem>
