<?xml version="1.0" encoding="iso-8859-1" ?>
<newsitem itemid="717609" id="root" date="1997-07-09" xml:lang="en">
<title>ITALY: Italy's CSP makes euphoric bourse debut.</title>
<headline>Italy's CSP makes euphoric bourse debut.</headline>
<dateline>MILAN 1997-07-09</dateline>
<text>
<p>Italian hosiery company CSP International made a euphoric debut on the Milan stock market on Tuesday, its indicative price soaring over 20 percent which triggered suspension before it even started trading.</p>
<p>Dealers said the stock started trading at around 0940 after trading bands were widened. The stock was last at 18,300 lire, in volume of over 650,000 shares, compared with a market placement offer price of 15,000 lire.</p>
<p>Elisabetta Villa, sector analysts at AFV brokers, said the price was clearly discounting the euphoria of the stock's debut. &quot;We already had indications of this on the grey market where CSP was quoted around 17,000 lire,&quot; she said.</p>
<p>CSP, ranked second in the domestic hosiery market, saw its public share offer at the start of July more than three times oversubscribed. Over 33 percent of its capital has been floated.</p>
<p>-- Milan newsroom +392 66129589</p>
</text>
<copyright>(c) Reuters Limited 1997</copyright>
<metadata>
<codes class="bip:countries:1.0">
  <code code="ITALY">
    <editdetail attribution="Reuters BIP Coding Group" action="confirmed" date="1997-07-09"/>
  </code>
</codes>
<codes class="bip:industries:1.0">
  <code code="I45300">
    <editdetail attribution="Reuters BIP Coding Group" action="confirmed" date="1997-07-09"/>
  </code>
</codes>
<codes class="bip:topics:1.0">
  <code code="C14">
    <editdetail attribution="Reuters BIP Coding Group" action="confirmed" date="1997-07-09"/>
  </code>
  <code code="C15">
    <editdetail attribution="Reuters BIP Coding Group" action="confirmed" date="1997-07-09"/>
  </code>
  <code code="C152">
    <editdetail attribution="Reuters BIP Coding Group" action="confirmed" date="1997-07-09"/>
  </code>
  <code code="C17">
    <editdetail attribution="Reuters BIP Coding Group" action="confirmed" date="1997-07-09"/>
  </code>
  <code code="C171">
    <editdetail attribution="Reuters BIP Coding Group" action="confirmed" date="1997-07-09"/>
  </code>
  <code code="CCAT">
    <editdetail attribution="Reuters BIP Coding Group" action="confirmed" date="1997-07-09"/>
  </code>
</codes>
<dc element="dc.date.created" value="1997-07-09"/>
<dc element="dc.publisher" value="Reuters Holdings Plc"/>
<dc element="dc.date.published" value="1997-07-09"/>
<dc element="dc.source" value="Reuters"/>
<dc element="dc.creator.location" value="MILAN"/>
<dc element="dc.creator.location.country.name" value="ITALY"/>
<dc element="dc.source" value="Reuters"/>
</metadata>
</newsitem>
