<?xml version="1.0" encoding="iso-8859-1" ?>
<newsitem itemid="5468" id="root" date="1996-08-21" xml:lang="en">
<title>NETHERLANDS: HES CUTS BACK LOSS IN FIRST-HALF 1996.</title>
<headline>HES CUTS BACK LOSS IN FIRST-HALF 1996.</headline>
<dateline>ROTTERDAM 1996-08-21</dateline>
<text>
<p>Six months to June 30, 1996</p>
<p>(in millions of guilders unless otherwise stated)</p>
<p>    Net loss				 3.3  vs  28.5 loss</p>
<p>    Turnover				81.7  vs  95.5</p>
<p>    Operating loss			 1.6  vs  11.4 loss</p>
<p>    Interest charges		     5.4  vs   6.7</p>
<p>    Gain from associates		 3.6  vs   0.4</p>
<p>NOTE - Transport and storage group HES Beheer NV said the</p>
<p>1996 first-half included a 17 million guilders restructuring</p>
<p>charge. The company expects to post another loss in the second</p>
<p>half of this year but did not elaborate.</p>
<p>In 1995, HES Beheer suffered a full-year loss of 32.7</p>
<p>million guilders.</p>
<p>-- Amsterdam newsroom +31 20 504 5000, Fax +31 20 504 5040</p>
</text>
<copyright>(c) Reuters Limited 1996</copyright>
<metadata>
<codes class="bip:countries:1.0">
  <code code="NETH">
    <editdetail attribution="Reuters BIP Coding Group" action="confirmed" date="1996-08-21"/>
  </code>
</codes>
<codes class="bip:industries:1.0">
  <code code="I76300">
    <editdetail attribution="Reuters BIP Coding Group" action="confirmed" date="1996-08-21"/>
  </code>
</codes>
<codes class="bip:topics:1.0">
  <code code="C15">
    <editdetail attribution="Reuters BIP Coding Group" action="confirmed" date="1996-08-21"/>
  </code>
  <code code="C151">
    <editdetail attribution="Reuters BIP Coding Group" action="confirmed" date="1996-08-21"/>
  </code>
  <code code="CCAT">
    <editdetail attribution="Reuters BIP Coding Group" action="confirmed" date="1996-08-21"/>
  </code>
</codes>
<dc element="dc.date.created" value="1996-08-21"/>
<dc element="dc.publisher" value="Reuters Holdings Plc"/>
<dc element="dc.date.published" value="1996-08-21"/>
<dc element="dc.source" value="Reuters"/>
<dc element="dc.creator.location" value="ROTTERDAM"/>
<dc element="dc.creator.location.country.name" value="NETHERLANDS"/>
<dc element="dc.source" value="Reuters"/>
</metadata>
</newsitem>
