<?xml version="1.0" encoding="iso-8859-1" ?>
<newsitem itemid="29833" id="root" date="1996-09-03" xml:lang="en">
<title>USA: Petroleum Geo-Services gets Mexican work.</title>
<headline>Petroleum Geo-Services gets Mexican work.</headline>
<dateline>HOUSTON 1996-09-03</dateline>
<text>
<p>Petroleum Geo-Services A/S said Tuesday its subsidiary, PGS Exploration (U.S.) Inc, has been awarded a contract from PEMEX Exploration and Production for acquisition of 3D seismic data offshore Tampico, Mexico.</p>
<p>The survey will encompass 1470 square kilometers and require two to three months to complete.</p>
<p>Petroleum Geo-Services said the contract is worth $6 to $9 million, depending on options.</p>
<p>&quot;For PGS, this will be the first time we've operated in Mexican waters,&quot; said Kjell Karlsson, PGS Exploration Sales &amp; Marketing V.P.</p>
<p>-- New York Newsdesk 212-859-1610</p>
</text>
<copyright>(c) Reuters Limited 1996</copyright>
<metadata>
<codes class="bip:countries:1.0">
  <code code="MEX">
    <editdetail attribution="Reuters BIP Coding Group" action="confirmed" date="1996-09-03"/>
  </code>
  <code code="USA">
    <editdetail attribution="Reuters BIP Coding Group" action="confirmed" date="1996-09-03"/>
  </code>
</codes>
<codes class="bip:industries:1.0">
  <code code="I13000">
    <editdetail attribution="Reuters BIP Coding Group" action="confirmed" date="1996-09-03"/>
  </code>
  <code code="I83700">
    <editdetail attribution="Reuters BIP Coding Group" action="confirmed" date="1996-09-03"/>
  </code>
</codes>
<codes class="bip:topics:1.0">
  <code code="C33">
    <editdetail attribution="Reuters BIP Coding Group" action="confirmed" date="1996-09-03"/>
  </code>
  <code code="CCAT">
    <editdetail attribution="Reuters BIP Coding Group" action="confirmed" date="1996-09-03"/>
  </code>
</codes>
<dc element="dc.date.created" value="1996-09-03"/>
<dc element="dc.publisher" value="Reuters Holdings Plc"/>
<dc element="dc.date.published" value="1996-09-03"/>
<dc element="dc.source" value="Reuters"/>
<dc element="dc.creator.location" value="HOUSTON"/>
<dc element="dc.creator.location.country.name" value="USA"/>
<dc element="dc.source" value="Reuters"/>
</metadata>
</newsitem>
