<?xml version="1.0" encoding="iso-8859-1" ?>
<newsitem itemid="152257" id="root" date="1996-10-29" xml:lang="en">
<title>GERMANY: German SPD urges Kohl to leave Asia early.</title>
<headline>German SPD urges Kohl to leave Asia early.</headline>
<dateline>BONN 1996-10-28</dateline>
<text>
<p>Germany's opposition Social Democrats on Monday called on Chancellor Helmut Kohl to break off his Asia visit to answer questions in parliament about the German budget, but Kohl's office said he would not do so.</p>
<p>Kohl is scheduled to travel to the Phillipines from Indonesia on Tuesday and continue on to Japan.</p>
<p>SPD parliamentary faction leader Rudolf Scharping told a news conference Kohl should come home for a special parliamentary session on Wednesday to explain how the government plans to end the current &quot;financial chaos.&quot;</p>
<p>A sluggish economy early in the year and continued high unemployment have caused the deficit to widen from initial projections despite deep spending cuts.</p>
<p>Chancellery Minister Friedrich Bohl called the SPD suggestion laughable, and said Kohl would not interrupt an important trip to participate in the planned session.</p>
<p>Scharping said the SPD wants the government to declare that the German economy is out of balance, since borrowing is likely to exceed public investment this year, Scharping said.</p>
<p>Such excess borrowing is forbidden by Germany's Basic Law except to &quot;correct a disturbance of the overall economic balance.&quot; The 1996 budget also does not accurately detail all revenues and expenditures, Scharping said.</p>
<p>-- Terence Gallagher, Bonn newsroom, 49 228 26097150</p>
</text>
<copyright>(c) Reuters Limited 1996</copyright>
<metadata>
<codes class="bip:countries:1.0">
  <code code="GFR">
    <editdetail attribution="Reuters BIP Coding Group" action="confirmed" date="1996-10-29"/>
  </code>
  <code code="INDON">
    <editdetail attribution="Reuters BIP Coding Group" action="confirmed" date="1996-10-29"/>
  </code>
  <code code="TIMOR">
    <editdetail attribution="Reuters BIP Coding Group" action="confirmed" date="1996-10-29"/>
  </code>
</codes>
<codes class="bip:topics:1.0">
  <code code="GCAT">
    <editdetail attribution="Reuters BIP Coding Group" action="confirmed" date="1996-10-29"/>
  </code>
  <code code="GDIP">
    <editdetail attribution="Reuters BIP Coding Group" action="confirmed" date="1996-10-29"/>
  </code>
  <code code="GPOL">
    <editdetail attribution="Reuters BIP Coding Group" action="confirmed" date="1996-10-29"/>
  </code>
</codes>
<dc element="dc.date.created" value="1996-10-28"/>
<dc element="dc.publisher" value="Reuters Holdings Plc"/>
<dc element="dc.date.published" value="1996-10-29"/>
<dc element="dc.source" value="Reuters"/>
<dc element="dc.creator.location" value="BONN"/>
<dc element="dc.creator.location.country.name" value="GERMANY"/>
<dc element="dc.source" value="Reuters"/>
</metadata>
</newsitem>
