<?xml version="1.0" encoding="iso-8859-1" ?>
<newsitem itemid="18923" id="root" date="1996-08-28" xml:lang="en">
<title>NEW ZEALAND: Cricket-NZ face tough schedule at home and abroad.</title>
<headline>Cricket-NZ face tough schedule at home and abroad.</headline>
<dateline>WELLINGTON 1996-08-28</dateline>
<text>
<p>World Cup cricket champions Sri Lanka will play two tests and three one-day internationals in a tour of New Zealand next March, officials said on Wednesday.</p>
<p>New Zealand Cricket said the Sri Lankans would play tests in Hamilton and Wellington and one-dayers in Auckland, Christchurch and Dunedin, following hard on the heels of a tour by England.</p>
<p>New Zealand will also line up against Sri Lanka and Pakistan this November in a one-day champions trophy competition in Sharjah. The team will go one to tour Pakistan, playing two tests and three one-day internationals.</p>
</text>
<copyright>(c) Reuters Limited 1996</copyright>
<metadata>
<codes class="bip:countries:1.0">
  <code code="NZ">
    <editdetail attribution="Reuters BIP Coding Group" action="confirmed" date="1996-08-28"/>
  </code>
  <code code="SRILAN">
    <editdetail attribution="Reuters BIP Coding Group" action="confirmed" date="1996-08-28"/>
  </code>
  <code code="UK">
    <editdetail attribution="Reuters BIP Coding Group" action="confirmed" date="1996-08-28"/>
  </code>
</codes>
<codes class="bip:topics:1.0">
  <code code="GCAT">
    <editdetail attribution="Reuters BIP Coding Group" action="confirmed" date="1996-08-28"/>
  </code>
  <code code="GSPO">
    <editdetail attribution="Reuters BIP Coding Group" action="confirmed" date="1996-08-28"/>
  </code>
</codes>
<dc element="dc.date.created" value="1996-08-28"/>
<dc element="dc.publisher" value="Reuters Holdings Plc"/>
<dc element="dc.date.published" value="1996-08-28"/>
<dc element="dc.source" value="Reuters"/>
<dc element="dc.creator.location" value="WELLINGTON"/>
<dc element="dc.creator.location.country.name" value="NEW ZEALAND"/>
<dc element="dc.source" value="Reuters"/>
</metadata>
</newsitem>
