<?xml version="1.0" encoding="iso-8859-1" ?>
<newsitem itemid="13451" id="root" date="1996-08-26" xml:lang="en">
<title>POLAND: Echo likely to sell subsidary for $7.0 mln.</title>
<headline>Echo likely to sell subsidary for $7.0 mln.</headline>
<dateline>WARSAW 1996-08-26</dateline>
<text>
<p>Polish publisher Echo SA signed an initial agreement with Polish Stinnes Market Budowlany Ltd on selling it its subsidiary Projekt 55 Ltd for $6.98 million, Echo said in a statement.</p>
<p>It said that if conditions laid in the initial agreement were fulfilled the agreement would be concluded by the end of March 1997 with an option to posptopne it until June 30, 1997.</p>
<p>-- Warsaw Newsroom +48 22 653 9700</p>
</text>
<copyright>(c) Reuters Limited 1996</copyright>
<metadata>
<codes class="bip:countries:1.0">
  <code code="POL">
    <editdetail attribution="Reuters BIP Coding Group" action="confirmed" date="1996-08-26"/>
  </code>
</codes>
<codes class="bip:industries:1.0">
  <code code="I47500">
    <editdetail attribution="Reuters BIP Coding Group" action="confirmed" date="1996-08-26"/>
  </code>
</codes>
<codes class="bip:topics:1.0">
  <code code="C18">
    <editdetail attribution="Reuters BIP Coding Group" action="confirmed" date="1996-08-26"/>
  </code>
  <code code="C181">
    <editdetail attribution="Reuters BIP Coding Group" action="confirmed" date="1996-08-26"/>
  </code>
  <code code="CCAT">
    <editdetail attribution="Reuters BIP Coding Group" action="confirmed" date="1996-08-26"/>
  </code>
</codes>
<dc element="dc.date.created" value="1996-08-26"/>
<dc element="dc.publisher" value="Reuters Holdings Plc"/>
<dc element="dc.date.published" value="1996-08-26"/>
<dc element="dc.source" value="Reuters"/>
<dc element="dc.creator.location" value="WARSAW"/>
<dc element="dc.creator.location.country.name" value="POLAND"/>
<dc element="dc.source" value="Reuters"/>
</metadata>
</newsitem>
