<?xml version="1.0" encoding="iso-8859-1" ?>
<newsitem itemid="784292" id="root" date="1997-08-07" xml:lang="en">
<title>GREECE: ATHLETICS-REVISED RESULT OF MEN'S SHOT AT WORLD CHAMPIONSHIPS.</title>
<headline>ATHLETICS-REVISED RESULT OF MEN'S SHOT AT WORLD CHAMPIONSHIPS.</headline>
<dateline>ATHENS 1997-08-07</dateline>
<text>
<p>Revised result of last Saturday's</p>
<p>men's shot put final after the disqualification of Ukrainian</p>
<p>Aleksandr Bagach for doping:</p>
<p> 1. John Godina (U.S.)		    21.44 metres</p>
<p> 2. Oliver-Sven Buder (Germany)	 21.24</p>
<p> 3. C.J.Hunter (U.S.)		     20.33</p>
<p> 4. Yuriy Belonog (Ukraine)	     20.26</p>
<p> 5. Mika Halvari (Finland)		20.13</p>
<p> 6. Roman Virastyuk (Ukraine)	   20.12</p>
<p> 7. Kevin Toth (U.S.)		     20.02</p>
<p> 8. Michael Mertens (Germany)	   19.91</p>
<p> 9.  Paolo Dal Soglio (Italy)	   19.77</p>
<p>10. Burger Lambrechts (South Africa) 19.39</p>
<p>11. Saulius Kleiza (Lithuania)	 18.25</p>
<p>    Aleksandr Bagach  (Ukraine)	  disqualfied</p>
</text>
<copyright>(c) Reuters Limited 1997</copyright>
<metadata>
<codes class="bip:countries:1.0">
  <code code="GREECE">
    <editdetail attribution="Reuters BIP Coding Group" action="confirmed" date="1997-08-07"/>
  </code>
  <code code="UKRN">
    <editdetail attribution="Reuters BIP Coding Group" action="confirmed" date="1997-08-07"/>
  </code>
</codes>
<codes class="bip:topics:1.0">
  <code code="GCAT">
    <editdetail attribution="Reuters BIP Coding Group" action="confirmed" date="1997-08-07"/>
  </code>
  <code code="GSPO">
    <editdetail attribution="Reuters BIP Coding Group" action="confirmed" date="1997-08-07"/>
  </code>
</codes>
<dc element="dc.date.created" value="1997-08-07"/>
<dc element="dc.publisher" value="Reuters Holdings Plc"/>
<dc element="dc.date.published" value="1997-08-07"/>
<dc element="dc.source" value="Reuters"/>
<dc element="dc.creator.location" value="ATHENS"/>
<dc element="dc.creator.location.country.name" value="GREECE"/>
<dc element="dc.source" value="Reuters"/>
</metadata>
</newsitem>
