<?xml version="1.0" encoding="iso-8859-1" ?>
<newsitem itemid="722729" id="root" date="1997-07-11" xml:lang="en">
<title>INDIA: Forthcoming board meetings of Indian companies.</title>
<headline>Forthcoming board meetings of Indian companies.</headline>
<text>
<p>COMPANY		   DATE OF MEETING	PURPOSE</p>
<p>---------------------------------------------------------------</p>
<p> DGP Securities		   July 11    Accounts &amp; dividend</p>
<p> Gujarat Heavy Chemicals	July 11    Accounts &amp; dividend</p>
<p> Indsil Electrosmelts	   July 11    Accounts &amp; dividend</p>
<p> Kemp &amp; Co.			 July 11    Accounts &amp; dividend</p>
<p> PAL-Peugeot			July 11    Unaudited financial</p>
<p>						     results</p>
<p> SM Finance			 July 11    (Revised)</p>
<p> South Asian Financial ExchangJuly 11    Accounts</p>
<p> Southern Iron &amp; Steel Co.    July 11    Accounts</p>
<p> Ucal Fuel Systems		July 11    Accounts</p>
<p> Arihant Industries	     July 12    (Revised)</p>
<p> Securities Capital InvestmentJuly 12    Accounts</p>
<p> Shyam Telecom		    July 12    Accounts &amp; dividend</p>
<p> Vinyoflex			  July 12    Accounts</p>
<p> Hindustan Copper		 July 14    Accounts</p>
<p> Orient Vegetexpo		 July 14    Accounts</p>
<p> PBM Polytex			July 14    Accounts, dividend and</p>
<p>						     rights issue</p>
<p> Balrampur Chini Mills	  July 15    Accounts &amp; dividend</p>
<p>						     (Revised)</p>
<p> CPEC				 July 15    Accounts</p>
<p> Facts Securities		 July 15    Accounts</p>
<p>Girish Hotel Resorts and</p>
<p>  Health Farm		     July 15    Accounts</p>
<p> Girish Travels &amp; Courier     July 15    Accounts</p>
<p> Indo Gulf Industries	   July 15    Accounts</p>
<p> Indu Nissan Oxo Chemicals    July 15    Accounts &amp; dividend</p>
<p> KJMC Financial Services	July 15    Accounts (Revised)</p>
<p> M.P. Agro Fertilisers	  July 15    Accounts</p>
<p> Patel Engineering Co.	  July 15    Final dividend</p>
<p> Shri Sainath Proteins	  July 15    Accounts</p>
<p> Sumex Chemicals		  July 15    Accounts</p>
<p> Titanor Components	     July 15    Accounts &amp; dividend</p>
<p> Welspun-Gujarat Stahi Rohren July 15    Accounts</p>
<p> Bajaj Plastics		   July 16    Accounts</p>
<p> Paraan			     July 16    Accounts &amp; dividend</p>
<p> Sadhana Nitro Chem	     July 16    Dividend</p>
<p> Tamilnadu Newsprint and PaperJuly 16    Accounts &amp; dividend</p>
<p> Tube Investment of India     July 16    Accounts &amp; dividend</p>
<p> Alacrity Housing		 July 17    Accounts</p>
<p> BCL Forgings		     July 17    Accounts</p>
<p> Dharamsi Morarji Chem.Co.    July 17    Accounts &amp; Dividend</p>
<p> M.M. Forgings		    July 17    Accounts</p>
<p>Ruttonsha International</p>
<p>    Rectifier		     July 17    Accounts &amp; Dividend</p>
<p> Samkrg Pistons		   July 17    Accounts &amp; dividend</p>
<p>Smithkline Beecham Consumer</p>
<p>  Healthcare			July 17    Half yearly results/</p>
<p>						     Interim dividend</p>
<p> Asian Bearing		    July 18    Accounts</p>
<p> Bajaj Steel Industries	 July 18    Accounts &amp; dividend</p>
<p> Camlin			     July 18    Accounts &amp; dividend</p>
<p> I P Rings			  July 18    Accounts &amp; dividend</p>
<p> Rajashree Polyfil		July 18    Accounts</p>
<p> Smithkline Beecham Pharmaceu.July 18    Half yearly results</p>
<p>						     (instead of B.M. on</p>
<p>						     18/6/97)</p>
<p> Four Dimensions Commercial   July 21    (Revised)</p>
<p> Gujarat Organics		 July 21    Accounts</p>
<p> Hi-Tech Gears		    July 21    Accounts &amp; dividend</p>
<p> S &amp; S Industries &amp; Ent.	July 21    Accounts &amp; Dividend</p>
<p> H B Portfolio Leasing	  July 22    Half yearly results</p>
<p> Alacrity Electronics	   July 24    Accounts</p>
<p> Bata India			 July 24    Half yearly results</p>
<p> Cipla				July 24    Accounts &amp; dividend</p>
<p> Colour-Chem			July 24    Interim dividend</p>
<p> Usha Udyog			 July 24    Accounts &amp; dividend</p>
<p> Bank of Rajasthan		July 25    Accounts &amp; dividend</p>
<p> Kirloskar Oil Engines	  July 25    Half yearly results</p>
<p> Shree Synthetics		 July 25    Accounts (15 mths)</p>
<p> India Forge &amp; Drop Stampings July 26    Accounts</p>
<p> Precision Electronics	  July 27    Accounts</p>
<p> FAL Industries		   July 28    Accounts &amp; dividend</p>
<p> Marg Constructions	     July 28    Accounts</p>
<p> PSI Data Systems		 July 28    Unaudited financial</p>
<p>						     results</p>
<p> RLF				  July 28    Accounts</p>
<p> SBI Home Finance		 July 29    (Revised)</p>
<p> Aryan Finefab		    July 30    Accounts</p>
<p> Bank of Baroda		   July 30    Dividend</p>
<p> Bhagwandas Metals		July 30    Accounts</p>
<p> Patna Engg.			July 30    (Revised)</p>
<p> Valiant Communications	 July 30    Accounts</p>
<p> Grand Foundry		    July 31    (Revised)</p>
<p> International Conveyors	July 31    Accounts &amp; Dividend</p>
<p> Parenteral Drugs		 July 31    Half yearly results</p>
<p> Albright Morarji &amp; Pandit    Aug 1	Accounts &amp; dividend</p>
<p> Annapurna Foils		  Aug 1	Accounts (Revised)</p>
<p> Virat Crane Industries	 Aug 4	(Revised)</p>
<p> Empire Industries		Aug 5	Accounts</p>
<p> Tamilnadu Steel Tubes	  Aug 16     Accounts</p>
<p> Tata Chemicals		   Aug 19     Accounts</p>
<p> Lakshmi Mills Co.		Aug 19     Accounts</p>
<p> Jay Yushin			 Aug 20     Accounts &amp; dividend</p>
<p> IFB Agro Ind.		    Aug 30     Accounts &amp; dividend</p>
<p> Transchem			  Sept 1     Accounts &amp; dividend</p>
<p> Orient Abrasives		 Sept 30    Accounts</p>
<p>.</p>
<p>1.  PCDs  -  Partly convertible debentures</p>
<p>2.  FCDs  -  Fully convertible debentures</p>
<p>     3.  NCD   -  Non-convertible debentures</p>
<p>     4.  R.D   -  Record date</p>
<p>     5.  CPS   -  Cumulative Preference Shares</p>
<p>.</p>
<p>-- Bombay newsroom +91-22-265 9000</p>
</text>
<copyright>(c) Reuters Limited 1997</copyright>
<metadata>
<codes class="bip:countries:1.0">
  <code code="INDIA">
    <editdetail attribution="Reuters BIP Coding Group" action="confirmed" date="1997-07-11"/>
  </code>
</codes>
<codes class="bip:topics:1.0">
  <code code="C15">
    <editdetail attribution="Reuters BIP Coding Group" action="confirmed" date="1997-07-11"/>
  </code>
  <code code="C151">
    <editdetail attribution="Reuters BIP Coding Group" action="confirmed" date="1997-07-11"/>
  </code>
  <code code="CCAT">
    <editdetail attribution="Reuters BIP Coding Group" action="confirmed" date="1997-07-11"/>
  </code>
</codes>
<dc element="dc.publisher" value="Reuters Holdings Plc"/>
<dc element="dc.date.published" value="1997-07-11"/>
<dc element="dc.source" value="Reuters"/>
<dc element="dc.creator.location.country.name" value="INDIA"/>
<dc element="dc.source" value="Reuters"/>
</metadata>
</newsitem>
