<?xml version="1.0" encoding="iso-8859-1" ?>
<newsitem itemid="340556" id="root" date="1997-01-29" xml:lang="en">
<title>BRAZIL: Brazil Eletrobras to invest 2.5 bln reais.</title>
<headline>Brazil Eletrobras to invest 2.5 bln reais.</headline>
<dateline>SAO PAULO 1997-01-29</dateline>
<text>
<p>Brazilian state power holding Eletrobras said it plans to invest 2.5 billion reais in 1997, up 56 percent from last year, to complete nuclear and hydroeletric plants and expand its transmission network.</p>
<p>A company spokeswoman said 620 million reais of the total investment plan would be invested to compelete the construction of Angra II nuclear plant.</p>
<p>Some 200 million reais will be invested in Xingo and Corumba I hydroelectric plants to complete their construction, she said.</p>
<p>She would not disclose further details on the company's investment plan.</p>
<p>((-- Romina Nicaretta, Sao Paulo newsroom, 5511 248 5415))</p>
</text>
<copyright>(c) Reuters Limited 1997</copyright>
<metadata>
<codes class="bip:countries:1.0">
  <code code="BRAZ">
    <editdetail attribution="Reuters BIP Coding Group" action="confirmed" date="1997-01-29"/>
  </code>
</codes>
<codes class="bip:industries:1.0">
  <code code="I16100">
    <editdetail attribution="Reuters BIP Coding Group" action="confirmed" date="1997-01-29"/>
  </code>
</codes>
<codes class="bip:topics:1.0">
  <code code="C11">
    <editdetail attribution="Reuters BIP Coding Group" action="confirmed" date="1997-01-29"/>
  </code>
  <code code="C24">
    <editdetail attribution="Reuters BIP Coding Group" action="confirmed" date="1997-01-29"/>
  </code>
  <code code="CCAT">
    <editdetail attribution="Reuters BIP Coding Group" action="confirmed" date="1997-01-29"/>
  </code>
</codes>
<dc element="dc.date.created" value="1997-01-29"/>
<dc element="dc.publisher" value="Reuters Holdings Plc"/>
<dc element="dc.date.published" value="1997-01-29"/>
<dc element="dc.source" value="Reuters"/>
<dc element="dc.creator.location" value="SAO PAULO"/>
<dc element="dc.creator.location.country.name" value="BRAZIL"/>
<dc element="dc.source" value="Reuters"/>
</metadata>
</newsitem>
