<?xml version="1.0" encoding="iso-8859-1" ?>
<newsitem itemid="170145" id="root" date="1996-11-06" xml:lang="en">
<title>INDIA: Indian bullion slides near close on world trends.</title>
<headline>Indian bullion slides near close on world trends.</headline>
<dateline>BOMBAY 1996-11-06</dateline>
<text>
<p>Silver prices opened on a weak note on the back of a slide in world markets and fresh arrivals of imported metal dragged prices down near close, dealers said.</p>
<p>Silver was up by 50 rupees per kg on Tuesday.</p>
<p>&quot;Demand resistance by the industrial buyers also triggered profit-taking at the improved level,&quot; a dealer said.</p>
<p>Gold opened on a firm note but slid towards the close on fears that the customs department may offer confiscated gold ahead of Diwali, the Hindu festival of lights.  </p>
<p>Prices of a gold biscuit (116.50 gramme) opened higher at 60,150 rupees per piece against previous closing of 60,100 rupees but slid later to conclude at 60,000 rupees per piece.</p>
<p>Overall sentiment was subdued at the close and traders were expecting narrow price movement in the coming days.</p>
<p>		  TODAY'S CLOSING (BOMBAY)	  PVS CLOSING</p>
<p>Gold 24 carat     5,135 rupees per 10 gms  ( -5)   5,140</p>
<p>Gold 22 carat     4,750			  ( -5)   4,755</p>
<p>Silver.999	  6,925 rupees per kg	(-35)   6,960</p>
<p>Silver.916	  6,825			  (-30)   6,855</p>
<p>(Conversion $1=35.65 rupees)-- Bombay newsroom +91-22 265 9000</p>
</text>
<copyright>(c) Reuters Limited 1996</copyright>
<metadata>
<codes class="bip:countries:1.0">
  <code code="INDIA">
    <editdetail attribution="Reuters BIP Coding Group" action="confirmed" date="1996-11-06"/>
  </code>
</codes>
<codes class="bip:topics:1.0">
  <code code="M14">
    <editdetail attribution="Reuters BIP Coding Group" action="confirmed" date="1996-11-06"/>
  </code>
  <code code="M142">
    <editdetail attribution="Reuters BIP Coding Group" action="confirmed" date="1996-11-06"/>
  </code>
  <code code="MCAT">
    <editdetail attribution="Reuters BIP Coding Group" action="confirmed" date="1996-11-06"/>
  </code>
</codes>
<dc element="dc.date.created" value="1996-11-06"/>
<dc element="dc.publisher" value="Reuters Holdings Plc"/>
<dc element="dc.date.published" value="1996-11-06"/>
<dc element="dc.source" value="Reuters"/>
<dc element="dc.creator.location" value="BOMBAY"/>
<dc element="dc.creator.location.country.name" value="INDIA"/>
<dc element="dc.source" value="Reuters"/>
</metadata>
</newsitem>
