<?xml version="1.0" encoding="iso-8859-1" ?>
<newsitem itemid="708695" id="root" date="1997-07-04" xml:lang="en">
<title>SWITZERLAND: Swiss KOF economic barometer rises 0.1 pct in May.</title>
<headline>Swiss KOF economic barometer rises 0.1 pct in May.</headline>
<dateline>ZURICH 1997-07-04</dateline>
<text>
<p>Switzerland's Institute for Business Cycle Research (KOF) said its economic barometer rose a provisional 0.1 percent in May for a year-on-year rise of 1.3 percent.</p>
<p>In April the barometer rose 0.2 percent for a revised year-on-year rise of 1.4 percent, KOF said in a statement.</p>
<p>&quot;The prospects for a slight pickup in the economy from the second half of 1997 and its extension in the early months of next year thus remain intact,&quot; said KOF, part of the Swiss Federal Institute of Technology (ETH).  </p>
<p>KOF noted that among its leading indicators the Manpower Index of vacant jobs rose and employment prospects for the industrial sector were up in the first quarter, which points to a slight improvement in the labour markets.</p>
<p>Work on hand in the machinery sector also edged up and the decline in construction leading indicators slowed. Real money supply did not rise as sharply as in the previous month, it said.</p>
<p>-- Zurich newsroom +41 1 631 7340</p>
</text>
<copyright>(c) Reuters Limited 1997</copyright>
<metadata>
<codes class="bip:countries:1.0">
  <code code="SWITZ">
    <editdetail attribution="Reuters BIP Coding Group" action="confirmed" date="1997-07-04"/>
  </code>
</codes>
<codes class="bip:topics:1.0">
  <code code="E11">
    <editdetail attribution="Reuters BIP Coding Group" action="confirmed" date="1997-07-04"/>
  </code>
  <code code="ECAT">
    <editdetail attribution="Reuters BIP Coding Group" action="confirmed" date="1997-07-04"/>
  </code>
</codes>
<dc element="dc.date.created" value="1997-07-04"/>
<dc element="dc.publisher" value="Reuters Holdings Plc"/>
<dc element="dc.date.published" value="1997-07-04"/>
<dc element="dc.source" value="Reuters"/>
<dc element="dc.creator.location" value="ZURICH"/>
<dc element="dc.creator.location.country.name" value="SWITZERLAND"/>
<dc element="dc.source" value="Reuters"/>
</metadata>
</newsitem>
