<?xml version="1.0" encoding="iso-8859-1" ?>
<newsitem itemid="702087" id="root" date="1997-07-02" xml:lang="en">
<title>USA: U.S. Spring/White Wheat - Bids recover, sales slow.</title>
<headline>U.S. Spring/White Wheat - Bids recover, sales slow.</headline>
<dateline>CHICAGO 1997-07-02</dateline>
<text>
<p>Cash bids for dark northern spring wheat recovered slightly on Wednesday, buoyed by a bounce in MGE futures, several cash merchants said.</p>
<p>Movement remained slow as farmers focused on assessing crop conditions following a heavy storm that ripped through Montana, North Dakota and Minnesota Tuesday and Wednesday.</p>
<p>&quot;Anywhere from one to six or seven inches fell,&quot; one merchant said. &quot;Anytime you get that much rain in a few hours, there's bound to be some damage to crops.&quot;</p>
<p>An eastern North Dakota dealer said fields were submerged and farmers were worried above severe crop damage.</p>
<p>&quot;We got more than we needed,&quot; the dealer said. &quot;I think there's been some serious damage to the crops.&quot;</p>
<p>Further west, the downpour helped spring wheat fields that had been in need of moisture. Winter wheat crops may not have fared as well.</p>
<p>&quot;The rain did us good for the spring wheat,&quot; a Montana dealer said. &quot;The winter wheat is looking kind of sick.&quot;  </p>
<p>Price per bushel for 14-pct protein dark northern spring, durum and white wheats, in dollars per bushel:</p>
<p>		    Spring    Chg   Durum(m) Chg   White  Chg</p>
<p>MINNESOTA</p>
<p> Minneapolis    4.1600  up .02   5.65   unc	--    --</p>
<p> Duluth	   4.1600  up .02			 --    --</p>
<p>NORTH DAKOTA</p>
<p>Hunter</p>
<p> (Red River)    3.4100  up .07   4.30   unc	--    --</p>
<p>		     Spring   Chg  HRW 13pct Chg   White  Chg</p>
<p> Billings MT	3.68   up .02  3.45   up .02 ---    ---</p>
<p> Havre MT	   3.62   up .03  ---    ---    ---    ---</p>
<p> Rudyard MT	 3.64   up .03  ---    ---    ---    ---</p>
<p> Wolf Point MT    3.47   up .03  ---    ---    ---    ---</p>
<p> Portland OR	4.72   up .02  4.51   up .043.7800 dn .04</p>
<p> Pendleton OR     ---		---    ---   3.3300 dn .04</p>
<p> Coolee City WA   4.21   unc		---   3.3000 dn .02</p>
<p> Waterville WA    4.13   unc     ---    ---   3.2200 dn .02</p>
<p> Wenatchee WA     4.23   unc     ---    ---   3.3200 dn .02</p>
<p>Note: nc=no comparison, unq=unquoted, unc=unchanged.</p>
<p>((Chicago newsdesk, 312-408-8720))</p>
</text>
<copyright>(c) Reuters Limited 1997</copyright>
<metadata>
<codes class="bip:countries:1.0">
  <code code="USA">
    <editdetail attribution="Reuters BIP Coding Group" action="confirmed" date="1997-07-02"/>
  </code>
</codes>
<codes class="bip:topics:1.0">
  <code code="M14">
    <editdetail attribution="Reuters BIP Coding Group" action="confirmed" date="1997-07-02"/>
  </code>
  <code code="M141">
    <editdetail attribution="Reuters BIP Coding Group" action="confirmed" date="1997-07-02"/>
  </code>
  <code code="MCAT">
    <editdetail attribution="Reuters BIP Coding Group" action="confirmed" date="1997-07-02"/>
  </code>
</codes>
<dc element="dc.date.created" value="1997-07-02"/>
<dc element="dc.publisher" value="Reuters Holdings Plc"/>
<dc element="dc.date.published" value="1997-07-02"/>
<dc element="dc.source" value="Reuters"/>
<dc element="dc.creator.location" value="CHICAGO"/>
<dc element="dc.creator.location.country.name" value="USA"/>
<dc element="dc.source" value="Reuters"/>
</metadata>
</newsitem>
