<?xml version="1.0" encoding="iso-8859-1" ?>
<newsitem itemid="45236" id="root" date="1996-09-10" xml:lang="en">
<title>SWEDEN: PRESS DIGEST - Sweden - Sept 10.</title>
<headline>PRESS DIGEST - Sweden - Sept 10.</headline>
<dateline>STOCKHOLM 1996-09-10</dateline>
<text>
<p>Following are some of the leading stories in the Swedish papers on Tuesday morning. Reuters has not verified these stories and does not vouch for their accuracy.</p>
<p>DAGENS NYHETER</p>
<p>- Lower shipping charges for ships and ferries which are more environmentally friendly will be recommended by the government in the next budget proposals.</p>
<p>- Sweden ranks second in the international taxation league, with Swedish taxes corresponding to half of its Gross Domestic Product in 1995.</p>
<p>- Svenska Handelsbanken, one of Sweden's big four banks, says Sweden can make it into the European Monetary Union (EMU) in 1999. The bank says it is puzzled as to why Sweden does not appear keen to join the EMU.</p>
<p>SVENSKA DAGBLADET</p>
<p>- Sweden's prestigious Karolinska hospital may have to shed 400 jobs.</p>
<p>- Swedish Malmo Aviation has relaunched its flights from Stockholm Bromma and Malmo Sturup airports to London City Airport, increasing competition to SAS.</p>
<p>DAGENS INDUSTRI</p>
<p>- Jan Carlzon, the former CEO of Scandinavian Airline Systems (SAS), says the travel company he now heads is interested in buying charter tour operator Apollo.</p>
<p>- Management at Scandinavian Airline Systems (SAS) now says it will pay former employees of Scanair severance pay, but a spokesman for the airline says the money has already been reserved and the payment won't affect SAS' bottom line.</p>
<p>- Sweden's royal couple begin a five-day visit to the U.S. on Tuesday, the culmination of the year-long celebration of the emigration of Swedes to the New World.</p>
<p>- In the wake of the Morgan Grenfell financial scandal, Sweden's Finance Inspection Authority is taking a closer look at Swedish mutual funds with unlisted shares in their portfolios.</p>
<p>-- Paul de Bendern, Stockholm newsroom +46-8-700 1006</p>
</text>
<copyright>(c) Reuters Limited 1996</copyright>
<metadata>
<codes class="bip:countries:1.0">
  <code code="SWED">
    <editdetail attribution="Reuters BIP Coding Group" action="confirmed" date="1996-09-10"/>
  </code>
</codes>
<codes class="bip:topics:1.0">
  <code code="GCAT">
    <editdetail attribution="Reuters BIP Coding Group" action="confirmed" date="1996-09-10"/>
  </code>
</codes>
<dc element="dc.date.created" value="1996-09-10"/>
<dc element="dc.publisher" value="Reuters Holdings Plc"/>
<dc element="dc.date.published" value="1996-09-10"/>
<dc element="dc.source" value="Reuters"/>
<dc element="dc.creator.location" value="STOCKHOLM"/>
<dc element="dc.creator.location.country.name" value="SWEDEN"/>
<dc element="dc.source" value="Reuters"/>
</metadata>
</newsitem>
