<?xml version="1.0" encoding="iso-8859-1" ?>
<newsitem itemid="233374" id="root" date="1996-12-04" xml:lang="en">
<title>UK: SOCCER-SCOTTISH DIVISION TWO RESULT/STANDINGS.</title>
<headline>SOCCER-SCOTTISH DIVISION TWO RESULT/STANDINGS.</headline>
<dateline>GLASGOW 1996-12-04</dateline>
<text>
<p>Result of a Scottish second</p>
<p>division soccer match on Wednesday:</p>
<p> Hamilton   5   Brechin   1</p>
<p>    Standings	     Pl   W   D  L   F   A  Pts</p>
<p> Ayr			  16  11   2  3  30  18  35</p>
<p> Hamilton		   15   9   4  2  31  11  31</p>
<p> Livingston		 15   9   4  2  25  12  31</p>
<p> Clyde			15   6   4  5  21  20  22</p>
<p> Queen of South	   16   6   4  6  24  27  22</p>
<p> Stenhousemuir	    14   4   5  5  17  10  17</p>
<p> Stranraer		  14   5   2  7  13  20  17</p>
<p> Dumbarton		  16   4   4  8  18  29  16</p>
<p> Brechin		    15   2   6  7  13  20  12</p>
<p> Berwick		    16   1   3 12  16  41   6</p>
</text>
<copyright>(c) Reuters Limited 1996</copyright>
<metadata>
<codes class="bip:countries:1.0">
  <code code="UK">
    <editdetail attribution="Reuters BIP Coding Group" action="confirmed" date="1996-12-04"/>
  </code>
</codes>
<codes class="bip:topics:1.0">
  <code code="GCAT">
    <editdetail attribution="Reuters BIP Coding Group" action="confirmed" date="1996-12-04"/>
  </code>
  <code code="GSPO">
    <editdetail attribution="Reuters BIP Coding Group" action="confirmed" date="1996-12-04"/>
  </code>
</codes>
<dc element="dc.date.created" value="1996-12-04"/>
<dc element="dc.publisher" value="Reuters Holdings Plc"/>
<dc element="dc.date.published" value="1996-12-04"/>
<dc element="dc.source" value="Reuters"/>
<dc element="dc.creator.location" value="GLASGOW"/>
<dc element="dc.creator.location.country.name" value="UK"/>
<dc element="dc.source" value="Reuters"/>
</metadata>
</newsitem>
