<?xml version="1.0" encoding="iso-8859-1" ?>
<newsitem itemid="778832" id="root" date="1997-08-05" xml:lang="en">
<title>SINGAPORE: Singapore Press sells WorldCorp stake.</title>
<headline>Singapore Press sells WorldCorp stake.</headline>
<dateline>SINGAPORE 1997-08-05</dateline>
<text>
<p>Singapore Press Holdings Ltd (SPH) said on Tuesday it agreed to sell its 20 percent share in WorldCorp Holdings Pte Ltd to an Australian firm for Singapore $1.04 million.</p>
<p>SPH said in a statement it sold its entire stake of 740,000 shares to Pacific Access Pty Ltd, a subsidiary of Telstra.</p>
<p>The transaction was not expected to have any material impact on the earnings and net tangible assets per share of the SPH group, it said.</p>
<p>-- Singapore newsroom (+65-8703080)</p>
</text>
<copyright>(c) Reuters Limited 1997</copyright>
<metadata>
<codes class="bip:countries:1.0">
  <code code="AUSTR">
    <editdetail attribution="Reuters BIP Coding Group" action="confirmed" date="1997-08-05"/>
  </code>
  <code code="SINGP">
    <editdetail attribution="Reuters BIP Coding Group" action="confirmed" date="1997-08-05"/>
  </code>
</codes>
<codes class="bip:industries:1.0">
  <code code="I47500">
    <editdetail attribution="Reuters BIP Coding Group" action="confirmed" date="1997-08-05"/>
  </code>
  <code code="I47510">
    <editdetail attribution="Reuters BIP Coding Group" action="confirmed" date="1997-08-05"/>
  </code>
  <code code="I79020">
    <editdetail attribution="Reuters BIP Coding Group" action="confirmed" date="1997-08-05"/>
  </code>
</codes>
<codes class="bip:topics:1.0">
  <code code="C18">
    <editdetail attribution="Reuters BIP Coding Group" action="confirmed" date="1997-08-05"/>
  </code>
  <code code="C181">
    <editdetail attribution="Reuters BIP Coding Group" action="confirmed" date="1997-08-05"/>
  </code>
  <code code="CCAT">
    <editdetail attribution="Reuters BIP Coding Group" action="confirmed" date="1997-08-05"/>
  </code>
</codes>
<dc element="dc.date.created" value="1997-08-05"/>
<dc element="dc.publisher" value="Reuters Holdings Plc"/>
<dc element="dc.date.published" value="1997-08-05"/>
<dc element="dc.source" value="Reuters"/>
<dc element="dc.creator.location" value="SINGAPORE"/>
<dc element="dc.creator.location.country.name" value="SINGAPORE"/>
<dc element="dc.source" value="Reuters"/>
</metadata>
</newsitem>
