<?xml version="1.0" encoding="iso-8859-1" ?>
<newsitem itemid="732712" id="root" date="1997-07-16" xml:lang="en">
<title>USA: Muni bond sales total $422 mln for Thursday.</title>
<headline>Muni bond sales total $422 mln for Thursday.</headline>
<dateline>NEW YORK 1997-07-16</dateline>
<text>
<p>Municipal bond sales for Thursday, July 17 were expected to total $422 million in 22 sales, according to Reuters Municipal Bond Information Group.</p>
<p>Negotiated offerings total $133 million in eight sales, with a $32 million Colorado Regional Transportation District offering through George K. Baum &amp; Co., topping the list.</p>
<p>On the competitive side, 14 sales totaling $290 million are scheduled. A $200 million Florida Department of Transportation offering at 1100 EDT is the largest.</p>
<p>--U.S. Municipal Desk, 212-859-1650</p>
</text>
<copyright>(c) Reuters Limited 1997</copyright>
<metadata>
<codes class="bip:countries:1.0">
  <code code="USA">
    <editdetail attribution="Reuters BIP Coding Group" action="confirmed" date="1997-07-16"/>
  </code>
</codes>
<codes class="bip:topics:1.0">
  <code code="M12">
    <editdetail attribution="Reuters BIP Coding Group" action="confirmed" date="1997-07-16"/>
  </code>
  <code code="MCAT">
    <editdetail attribution="Reuters BIP Coding Group" action="confirmed" date="1997-07-16"/>
  </code>
</codes>
<dc element="dc.date.created" value="1997-07-16"/>
<dc element="dc.publisher" value="Reuters Holdings Plc"/>
<dc element="dc.date.published" value="1997-07-16"/>
<dc element="dc.source" value="Reuters"/>
<dc element="dc.creator.location" value="NEW YORK"/>
<dc element="dc.creator.location.country.name" value="USA"/>
<dc element="dc.source" value="Reuters"/>
</metadata>
</newsitem>
