<?xml version="1.0" encoding="iso-8859-1" ?>
<newsitem itemid="121785" id="root" date="1996-10-16" xml:lang="en">
<title>UK: N. Sea Brent Sullom Voe terminal fully operational.</title>
<headline>N. Sea Brent Sullom Voe terminal fully operational.</headline>
<dateline>LONDON 1996-10-16</dateline>
<text>
<p>The North Sea Sullom Voe Brent crude terminal was fully operational on Wednesday morning after reopening on Tuesday night, an official at the port said.</p>
<p>&quot;We are fully operational and loading three ships at the moment,&quot; he said.</p>
<p>The terminal had been closed for a day due to high winds but the short-term weather forecast was good and he did not expect to see the terminal closed over the next few days, he added.</p>
</text>
<copyright>(c) Reuters Limited 1996</copyright>
<metadata>
<codes class="bip:countries:1.0">
  <code code="UK">
    <editdetail attribution="Reuters BIP Coding Group" action="confirmed" date="1996-10-16"/>
  </code>
</codes>
<codes class="bip:industries:1.0">
  <code code="I13000">
    <editdetail attribution="Reuters BIP Coding Group" action="confirmed" date="1996-10-16"/>
  </code>
</codes>
<codes class="bip:topics:1.0">
  <code code="C24">
    <editdetail attribution="Reuters BIP Coding Group" action="confirmed" date="1996-10-16"/>
  </code>
  <code code="CCAT">
    <editdetail attribution="Reuters BIP Coding Group" action="confirmed" date="1996-10-16"/>
  </code>
</codes>
<dc element="dc.date.created" value="1996-10-16"/>
<dc element="dc.publisher" value="Reuters Holdings Plc"/>
<dc element="dc.date.published" value="1996-10-16"/>
<dc element="dc.source" value="Reuters"/>
<dc element="dc.creator.location" value="LONDON"/>
<dc element="dc.creator.location.country.name" value="UK"/>
<dc element="dc.source" value="Reuters"/>
</metadata>
</newsitem>
