<?xml version="1.0" encoding="iso-8859-1" ?>
<newsitem itemid="253530" id="root" date="1996-12-12" xml:lang="en">
<title>CHINA: China denies pressuring Disney over Dalai film.</title>
<headline>China denies pressuring Disney over Dalai film.</headline>
<dateline>BEIJING 1996-12-12</dateline>
<text>
<p>China said on Thursday it had never put pressure on the Walt Disney Co for backing a film about the life of Tibet's exiled god-king, the Dalai Lama, whom Beijing accuses of fomenting unrest in the region.</p>
<p>&quot;The Chinese government...has never put pressure in any way on the Disney Co,&quot; Foreign Ministry spokesman Shen Guofang told a news briefing when asked to comment about a Western film industry letter criticising alleged attempts by Beijing to impose worldwide censorship on China-related films.</p>
<p>&quot;We only hope the Disney group will be able to better cooperate with China in relevant areas,&quot; Shen said. He did not elaborate.</p>
<p>The Burbank, California-based entertainment giant is eager to expand into Asia, particularly China, where demand for U.S. products is high.</p>
<p>It remained to be seen if Disney's involvement in the film &quot;Kundun&quot; would hurt its ambitious business expansion plans in China.</p>
<p>China said last month that Disney would be wrong to make a film singing the praises of the Dalai Lama.</p>
<p>Disney has said it would go ahead with the U.S. release of &quot;Kundun&quot; despite China's objections.</p>
<p>A group of 41 movie actors, actresses, producers and directors, including Paul Newman and Bernardo Bertolucci, on Wednesday wrote to China's ambassador to the United States protesting against what they said was Beijing's &quot;attempt to impose worldwide censorship&quot; on films in or about China.</p>
<p>The letter said China's warning to Disney was the latest incident in a persistent effort by the Beijing government to censor the film industry.</p>
<p>They included a list of 12 occasions which they believed the Chinese government had interfered with productions.</p>
<p>The Dalai Lama fled his Himalayan homeland in 1959 after a failed uprising against communist rule and won the Nobel Peace Prize 30 years later for his non-violent campaign for autonomy for Tibet.</p>
</text>
<copyright>(c) Reuters Limited 1996</copyright>
<metadata>
<codes class="bip:countries:1.0">
  <code code="CHINA">
    <editdetail attribution="Reuters BIP Coding Group" action="confirmed" date="1996-12-12"/>
  </code>
  <code code="USA">
    <editdetail attribution="Reuters BIP Coding Group" action="confirmed" date="1996-12-12"/>
  </code>
</codes>
<codes class="bip:industries:1.0">
  <code code="I97100">
    <editdetail attribution="Reuters BIP Coding Group" action="confirmed" date="1996-12-12"/>
  </code>
</codes>
<codes class="bip:topics:1.0">
  <code code="C13">
    <editdetail attribution="Reuters BIP Coding Group" action="confirmed" date="1996-12-12"/>
  </code>
  <code code="C21">
    <editdetail attribution="Reuters BIP Coding Group" action="confirmed" date="1996-12-12"/>
  </code>
  <code code="CCAT">
    <editdetail attribution="Reuters BIP Coding Group" action="confirmed" date="1996-12-12"/>
  </code>
  <code code="GCAT">
    <editdetail attribution="Reuters BIP Coding Group" action="confirmed" date="1996-12-12"/>
  </code>
  <code code="GDIP">
    <editdetail attribution="Reuters BIP Coding Group" action="confirmed" date="1996-12-12"/>
  </code>
  <code code="GENT">
    <editdetail attribution="Reuters BIP Coding Group" action="confirmed" date="1996-12-12"/>
  </code>
</codes>
<dc element="dc.date.created" value="1996-12-12"/>
<dc element="dc.publisher" value="Reuters Holdings Plc"/>
<dc element="dc.date.published" value="1996-12-12"/>
<dc element="dc.source" value="Reuters"/>
<dc element="dc.creator.location" value="BEIJING"/>
<dc element="dc.creator.location.country.name" value="CHINA"/>
<dc element="dc.source" value="Reuters"/>
</metadata>
</newsitem>
