<?xml version="1.0" encoding="iso-8859-1" ?>
<newsitem itemid="318067" id="root" date="1997-01-20" xml:lang="en">
<title>PORTUGAL: SOCCER-PREVIOUS WORLD PLAYER OF YEAR WINNERS.</title>
<headline>SOCCER-PREVIOUS WORLD PLAYER OF YEAR WINNERS.</headline>
<dateline>LISBON 1997-01-20</dateline>
<text>
<p>Previous winners of the FIFA World Player of the Year award:</p>
<p>1991 - Lothar Matthaeus (Germany)</p>
<p>1992 - Marco Van Basten (Netherlands)</p>
<p>1993 - Roberto Baggio (Italy)</p>
<p>1994 - Romario (Brazil)</p>
<p>1995 - George Weah (Liberia)</p>
</text>
<copyright>(c) Reuters Limited 1997</copyright>
<metadata>
<codes class="bip:countries:1.0">
  <code code="BRAZ">
    <editdetail attribution="Reuters BIP Coding Group" action="confirmed" date="1997-01-20"/>
  </code>
  <code code="GFR">
    <editdetail attribution="Reuters BIP Coding Group" action="confirmed" date="1997-01-20"/>
  </code>
  <code code="ITALY">
    <editdetail attribution="Reuters BIP Coding Group" action="confirmed" date="1997-01-20"/>
  </code>
  <code code="LIBER">
    <editdetail attribution="Reuters BIP Coding Group" action="confirmed" date="1997-01-20"/>
  </code>
  <code code="NETH">
    <editdetail attribution="Reuters BIP Coding Group" action="confirmed" date="1997-01-20"/>
  </code>
  <code code="PORL">
    <editdetail attribution="Reuters BIP Coding Group" action="confirmed" date="1997-01-20"/>
  </code>
</codes>
<codes class="bip:topics:1.0">
  <code code="GCAT">
    <editdetail attribution="Reuters BIP Coding Group" action="confirmed" date="1997-01-20"/>
  </code>
  <code code="GSPO">
    <editdetail attribution="Reuters BIP Coding Group" action="confirmed" date="1997-01-20"/>
  </code>
</codes>
<dc element="dc.date.created" value="1997-01-20"/>
<dc element="dc.publisher" value="Reuters Holdings Plc"/>
<dc element="dc.date.published" value="1997-01-20"/>
<dc element="dc.source" value="Reuters"/>
<dc element="dc.creator.location" value="LISBON"/>
<dc element="dc.creator.location.country.name" value="PORTUGAL"/>
<dc element="dc.source" value="Reuters"/>
</metadata>
</newsitem>
