<?xml version="1.0" encoding="iso-8859-1" ?>
<newsitem itemid="219664" id="root" date="1996-11-27" xml:lang="en">
<title>SOUTH AFRICA: Randfontein declares interim div.</title>
<headline>Randfontein declares interim div.</headline>
<dateline>JOHANNESBURG 1996-11-28</dateline>
<text>
<p>Type of share: ordinary</p>
<p>Period: Six months to December 31 1996</p>
<p>Interim div 50 cts</p>
<p>Pay date: February 5</p>
<p>Record date: December 27</p>
<p>Full name: The Randfontein Estates Gold Mining Company Witwatersrand Ltd</p>
<p>NOTE - The company said it would award capitalisation shares to shareholders registered on December 27. The number of new shares to which shareholders would be entitled would be determined by applying to their shareholdings the ratio that 52.5 cents bears to the weighted averaged trade price of Randfontein's shares on the Johannesburg Stock Exchange during the three-day period ending January 30 1997.</p>
<p>Based on the calculated price, the total value that each shareholder would receive per share held on the record date would be equivalent to 42 cents.</p>
<p>The company said the purpose of the capitalisation award was to retain funds in the company as working capital and assist in financing the proposed exploitation of the South Reef at the Doornkop section of the mine.</p>
<p>-- Johannesburg newsroom +27 11 482 1003</p>
</text>
<copyright>(c) Reuters Limited 1996</copyright>
<metadata>
<codes class="bip:countries:1.0">
  <code code="SAFR">
    <editdetail attribution="Reuters BIP Coding Group" action="confirmed" date="1996-11-27"/>
  </code>
</codes>
<codes class="bip:industries:1.0">
  <code code="I21000">
    <editdetail attribution="Reuters BIP Coding Group" action="confirmed" date="1996-11-27"/>
  </code>
</codes>
<codes class="bip:topics:1.0">
  <code code="C15">
    <editdetail attribution="Reuters BIP Coding Group" action="confirmed" date="1996-11-27"/>
  </code>
  <code code="C151">
    <editdetail attribution="Reuters BIP Coding Group" action="confirmed" date="1996-11-27"/>
  </code>
  <code code="CCAT">
    <editdetail attribution="Reuters BIP Coding Group" action="confirmed" date="1996-11-27"/>
  </code>
</codes>
<dc element="dc.date.created" value="1996-11-28"/>
<dc element="dc.publisher" value="Reuters Holdings Plc"/>
<dc element="dc.date.published" value="1996-11-27"/>
<dc element="dc.source" value="Reuters"/>
<dc element="dc.creator.location" value="JOHANNESBURG"/>
<dc element="dc.creator.location.country.name" value="SOUTH AFRICA"/>
<dc element="dc.source" value="Reuters"/>
</metadata>
</newsitem>
