<?xml version="1.0" encoding="iso-8859-1" ?>
<newsitem itemid="684368" id="root" date="1997-06-24" xml:lang="en">
<title>NORWAY: Hydro's Visund will overrun costs - report.</title>
<headline>Hydro's Visund will overrun costs - report.</headline>
<dateline>OSLO 1997-06-24</dateline>
<text>
<p>Development of the North Sea Visund oilfield will cost around nine billion crowns, 800 million crowns more than budgetted for, the daily newspaper Aftenposten said on Tuesday.</p>
<p>Visund, which lies close to the Gullfaks, Statfjord and Snorre oil developments, is scheduled to come onstream in July, 1998 and add at peak some 100,000 barrels per day of oil to Norwegian crude production.</p>
<p>Later it will produce gas.</p>
<p>Norsk Hydro ASA is operator of the field and is partnered by Den norske stats oljeselskap ASA, Elf Petroleum, Conoco and Saga Petroleum.</p>
</text>
<copyright>(c) Reuters Limited 1997</copyright>
<metadata>
<codes class="bip:countries:1.0">
  <code code="NORW">
    <editdetail attribution="Reuters BIP Coding Group" action="confirmed" date="1997-06-24"/>
  </code>
</codes>
<codes class="bip:industries:1.0">
  <code code="I13000">
    <editdetail attribution="Reuters BIP Coding Group" action="confirmed" date="1997-06-24"/>
  </code>
  <code code="I1300003">
    <editdetail attribution="Reuters BIP Coding Group" action="confirmed" date="1997-06-24"/>
  </code>
  <code code="I25000">
    <editdetail attribution="Reuters BIP Coding Group" action="confirmed" date="1997-06-24"/>
  </code>
</codes>
<codes class="bip:topics:1.0">
  <code code="C24">
    <editdetail attribution="Reuters BIP Coding Group" action="confirmed" date="1997-06-24"/>
  </code>
  <code code="CCAT">
    <editdetail attribution="Reuters BIP Coding Group" action="confirmed" date="1997-06-24"/>
  </code>
</codes>
<dc element="dc.date.created" value="1997-06-24"/>
<dc element="dc.publisher" value="Reuters Holdings Plc"/>
<dc element="dc.date.published" value="1997-06-24"/>
<dc element="dc.source" value="Reuters"/>
<dc element="dc.creator.location" value="OSLO"/>
<dc element="dc.creator.location.country.name" value="NORWAY"/>
<dc element="dc.source" value="Reuters"/>
</metadata>
</newsitem>
