<?xml version="1.0" encoding="iso-8859-1" ?>
<newsitem itemid="160988" id="root" date="1996-11-01" xml:lang="en">
<title>UK: Hungary's Matav set for $500 mln flotation - paper.</title>
<headline>Hungary's Matav set for $500 mln flotation - paper.</headline>
<dateline>LONDON 1996-11-01</dateline>
<text>
<p>Hungarian telecommunications company Matav is poised for a $500 million flotation within the next 18 months, the Financial Times said on Friday. The sell-off will be one of the largest from the emerging east-European markets, the newspaper said. It said valuations for the 16 percent stake earmarked for flotation are around the $500 million level.</p>
<p>The deal will result in Deutsche Telekom and Ameritech, which together own 67 percent of Matav, having their share lowered to 51 percent.</p>
<p>Four investment banks have been invited to send in plans for the sale and pitch for the role of global coordinator, said the FT.</p>
<p>They are CS First Boston, Deutsche Morgan Grenfell, Merrill Lynch and Morgan Stanley, who have until November 15 to develop proposals.</p>
<p>-- London newsroom +44 171 5427717</p>
</text>
<copyright>(c) Reuters Limited 1996</copyright>
<metadata>
<codes class="bip:countries:1.0">
  <code code="HUNG">
    <editdetail attribution="Reuters BIP Coding Group" action="confirmed" date="1996-11-01"/>
  </code>
  <code code="UK">
    <editdetail attribution="Reuters BIP Coding Group" action="confirmed" date="1996-11-01"/>
  </code>
</codes>
<codes class="bip:industries:1.0">
  <code code="I79020">
    <editdetail attribution="Reuters BIP Coding Group" action="confirmed" date="1996-11-01"/>
  </code>
</codes>
<codes class="bip:topics:1.0">
  <code code="C17">
    <editdetail attribution="Reuters BIP Coding Group" action="confirmed" date="1996-11-01"/>
  </code>
  <code code="C171">
    <editdetail attribution="Reuters BIP Coding Group" action="confirmed" date="1996-11-01"/>
  </code>
  <code code="C18">
    <editdetail attribution="Reuters BIP Coding Group" action="confirmed" date="1996-11-01"/>
  </code>
  <code code="C181">
    <editdetail attribution="Reuters BIP Coding Group" action="confirmed" date="1996-11-01"/>
  </code>
  <code code="C183">
    <editdetail attribution="Reuters BIP Coding Group" action="confirmed" date="1996-11-01"/>
  </code>
  <code code="CCAT">
    <editdetail attribution="Reuters BIP Coding Group" action="confirmed" date="1996-11-01"/>
  </code>
</codes>
<dc element="dc.date.created" value="1996-11-01"/>
<dc element="dc.publisher" value="Reuters Holdings Plc"/>
<dc element="dc.date.published" value="1996-11-01"/>
<dc element="dc.source" value="Reuters"/>
<dc element="dc.creator.location" value="LONDON"/>
<dc element="dc.creator.location.country.name" value="UK"/>
<dc element="dc.source" value="Reuters"/>
</metadata>
</newsitem>
