<?xml version="1.0" encoding="iso-8859-1" ?>
<newsitem itemid="195529" id="root" date="1996-11-17" xml:lang="en">
<title>ITALY: Protesters removed from summit news conference.</title>
<headline>Protesters removed from summit news conference.</headline>
<dateline>ROME 1996-11-17</dateline>
<text>
<p>Protesters disrupted Sunday's final news conference at the U.N.-sponsored World Food Summit and scuffled with security officials who moved in to eject them.</p>
<p>Several leaders, including Cuban President Fidel Castro, watched from the podium as the demonstrators, numbering about half a dozen, were removed from the room. One protester shouted &quot;This is a farce,&quot; as she was dragged from the conference hall.  </p>
<p>The woman screamed out: &quot;You are participating in a criminal process.&quot; She appeared to be trying to stuff a copy of the main summit declaration into her mouth.</p>
<p>The five-day summit at the U.N. Food and Agriculture Organisation, which ended on Sunday, committed leaders to working to halve the number of hungry people in the world from 840 million now by the year 2015.</p>
<p>&quot;This is a press conference, not a show,&quot; the summit's chief spokeswoman, Karen-Lis Svarre, said from the podium.</p>
<p>It was the second breach of security at the summit. Three women stripped naked in front of U.S. Agriculture Secretary Dan Glickman on Wednesday to protest against genetically manipulated soybeans at a news conference he held.</p>
</text>
<copyright>(c) Reuters Limited 1996</copyright>
<metadata>
<codes class="bip:countries:1.0">
  <code code="CUBA">
    <editdetail attribution="Reuters BIP Coding Group" action="confirmed" date="1996-11-17"/>
  </code>
  <code code="ITALY">
    <editdetail attribution="Reuters BIP Coding Group" action="confirmed" date="1996-11-17"/>
  </code>
  <code code="UN">
    <editdetail attribution="Reuters BIP Coding Group" action="confirmed" date="1996-11-17"/>
  </code>
</codes>
<codes class="bip:topics:1.0">
  <code code="E12">
    <editdetail attribution="Reuters BIP Coding Group" action="confirmed" date="1996-11-17"/>
  </code>
  <code code="E51">
    <editdetail attribution="Reuters BIP Coding Group" action="confirmed" date="1996-11-17"/>
  </code>
  <code code="ECAT">
    <editdetail attribution="Reuters BIP Coding Group" action="confirmed" date="1996-11-17"/>
  </code>
  <code code="GCAT">
    <editdetail attribution="Reuters BIP Coding Group" action="confirmed" date="1996-11-17"/>
  </code>
  <code code="GDIP">
    <editdetail attribution="Reuters BIP Coding Group" action="confirmed" date="1996-11-17"/>
  </code>
  <code code="GVIO">
    <editdetail attribution="Reuters BIP Coding Group" action="confirmed" date="1996-11-17"/>
  </code>
</codes>
<dc element="dc.date.created" value="1996-11-17"/>
<dc element="dc.publisher" value="Reuters Holdings Plc"/>
<dc element="dc.date.published" value="1996-11-17"/>
<dc element="dc.source" value="Reuters"/>
<dc element="dc.creator.location" value="ROME"/>
<dc element="dc.creator.location.country.name" value="ITALY"/>
<dc element="dc.source" value="Reuters"/>
</metadata>
</newsitem>
