<?xml version="1.0" encoding="iso-8859-1" ?>
<newsitem itemid="417245" id="root" date="1997-03-04" xml:lang="en">
<title>MALAWI: Malawi assembly can meet despite boycott - court.</title>
<headline>Malawi assembly can meet despite boycott - court.</headline>
<dateline>BLANTYRE, Malawi 1997-03-04</dateline>
<text>
<p>The Malawi High Court ruled on Tuesday that parliament could meet despite a boycott by all opposition members.</p>
<p>Judge William Hanjahanja found that parliament could go ahead with the start of its 1997/98 session on Wednesday and consider a new budget.</p>
<p>It was clear parliament would otherwise not be able to approve a budget, he said in his ruling.</p>
<p>The opposition Malawi Congress Party, Alliance For Democracy and independent parliamentarian Rolf Patel had asked the court to declare that a parliamentary sitting without the opposition was illegal.</p>
<p>The ruling United Democratic Front holds just 85 seats in the 177-member assembly.</p>
<p>The other parties began a boycott of parliament in June last year to protest against President Bakili Muluzi's appointment of six opposition members to his cabinet without consulting their parties' bosses.</p>
</text>
<copyright>(c) Reuters Limited 1997</copyright>
<metadata>
<codes class="bip:countries:1.0">
  <code code="MALAW">
    <editdetail attribution="Reuters BIP Coding Group" action="confirmed" date="1997-03-04"/>
  </code>
</codes>
<codes class="bip:topics:1.0">
  <code code="E21">
    <editdetail attribution="Reuters BIP Coding Group" action="confirmed" date="1997-03-04"/>
  </code>
  <code code="E211">
    <editdetail attribution="Reuters BIP Coding Group" action="confirmed" date="1997-03-04"/>
  </code>
  <code code="ECAT">
    <editdetail attribution="Reuters BIP Coding Group" action="confirmed" date="1997-03-04"/>
  </code>
  <code code="GCAT">
    <editdetail attribution="Reuters BIP Coding Group" action="confirmed" date="1997-03-04"/>
  </code>
  <code code="GCRIM">
    <editdetail attribution="Reuters BIP Coding Group" action="confirmed" date="1997-03-04"/>
  </code>
  <code code="GPOL">
    <editdetail attribution="Reuters BIP Coding Group" action="confirmed" date="1997-03-04"/>
  </code>
</codes>
<dc element="dc.date.created" value="1997-03-04"/>
<dc element="dc.publisher" value="Reuters Holdings Plc"/>
<dc element="dc.date.published" value="1997-03-04"/>
<dc element="dc.source" value="Reuters"/>
<dc element="dc.creator.location" value="BLANTYRE, Malawi"/>
<dc element="dc.creator.location.country.name" value="MALAWI"/>
<dc element="dc.source" value="Reuters"/>
</metadata>
</newsitem>
