<?xml version="1.0" encoding="iso-8859-1" ?>
<newsitem itemid="630316" id="root" date="1997-06-02" xml:lang="en">
<title>HUNGARY: Hungary's Bankar to join Postabank cap hike.</title>
<headline>Hungary's Bankar to join Postabank cap hike.</headline>
<dateline>BUDAPEST 1997-06-02</dateline>
<text>
<p>Hungary's Bankar financial group said on Monday it would like to participate in a planned capital increase in the country's second largest commercial bank, Postabank.</p>
<p>&quot;It cannot be excluded that a consortium of foreign investors could be found to whom Bankar can provide value,&quot; Bankar's Chief Executive, Gabor Kovacs told a news conference.</p>
<p>On Friday Postabank's shareholders cleared the management of responsibility for a recent panic withdrawal by depositors and approved capital hikes worth 20 billion forints ($109.6 million).</p>
<p>Postabank will invite 22 investors, including four companies belonging to the Bankar group, to raise the bank's capital by five to 10 billion forints on June 23 and June 24.</p>
<p>Postabank had earlier commissioned SBC Warburg to invite foreign investors to raise the bank's capital by a further 10 billion forints, in September or October.</p>
<p>The bank plans to float its shares on the Budapest Stock Exchange following the capital increases.</p>
<p>Postabank was hit by a wave of deposit withdrawals worth some 24 billion forints at the end of February and police are investigating the case currently after the bank said the panic was likely to have been triggered by organised rumours.</p>
<p>	 -- Budapest newsroom +36 1 327-4040</p>
</text>
<copyright>(c) Reuters Limited 1997</copyright>
<metadata>
<codes class="bip:countries:1.0">
  <code code="HUNG">
    <editdetail attribution="Reuters BIP Coding Group" action="confirmed" date="1997-06-02"/>
  </code>
</codes>
<codes class="bip:industries:1.0">
  <code code="I81403">
    <editdetail attribution="Reuters BIP Coding Group" action="confirmed" date="1997-06-02"/>
  </code>
  <code code="I81502">
    <editdetail attribution="Reuters BIP Coding Group" action="confirmed" date="1997-06-02"/>
  </code>
</codes>
<codes class="bip:topics:1.0">
  <code code="C11">
    <editdetail attribution="Reuters BIP Coding Group" action="confirmed" date="1997-06-02"/>
  </code>
  <code code="C17">
    <editdetail attribution="Reuters BIP Coding Group" action="confirmed" date="1997-06-02"/>
  </code>
  <code code="C171">
    <editdetail attribution="Reuters BIP Coding Group" action="confirmed" date="1997-06-02"/>
  </code>
  <code code="CCAT">
    <editdetail attribution="Reuters BIP Coding Group" action="confirmed" date="1997-06-02"/>
  </code>
</codes>
<dc element="dc.date.created" value="1997-06-02"/>
<dc element="dc.publisher" value="Reuters Holdings Plc"/>
<dc element="dc.date.published" value="1997-06-02"/>
<dc element="dc.source" value="Reuters"/>
<dc element="dc.creator.location" value="BUDAPEST"/>
<dc element="dc.creator.location.country.name" value="HUNGARY"/>
<dc element="dc.source" value="Reuters"/>
</metadata>
</newsitem>
