<?xml version="1.0" encoding="iso-8859-1" ?>
<newsitem itemid="766058" id="root" date="1997-07-30" xml:lang="en">
<title>CHILE: Chile's El Tesoro copper project raised to 75,000t.</title>
<headline>Chile's El Tesoro copper project raised to 75,000t.</headline>
<dateline>SANTIAGO 1997-07-30</dateline>
<text>
<p>Directors of the Chilean/Australian El Tesoro copper project have ordered a feasibility study based on a production target of 75,000 tonnes of copper a year, said Equatorial Mining, one of its owners.</p>
<p>The study, being prepared by Kvaerner Metals, should be completed during the third quarter of the year, said the statement released in Santiago.</p>
<p>El Tesoro had originally planned to produce 60,000 tonnes a year of cathodes in a heap-leaching operation using copper oxide reserves.</p>
<p>The pit is 61-percent owned by Chile's Luksic family group with the rest held by Equatorial Mining with 39 percent.</p>
<p>The mine expects to receive approval from the Chilean authorities of its environmental impact study within the next three months and is in talks with banks on finance for the scheme which will cost at least $200 million to build.</p>
<p>&quot;Discussions regarding fianancing have been initiated with banking institutions and there are an encouraging number of parties expressing interest in providing project financing for the El Tesoro project,&quot; said the statement.</p>
<p>The deposit has geological reserves of 320 million tonnes at 0.65 percent and mineable reserves of 200 million tonnes at 0.8 percent.</p>
<p>((-- Margaret Orgill, Santiago newsroom, 562-699-5595x212))</p>
</text>
<copyright>(c) Reuters Limited 1997</copyright>
<metadata>
<codes class="bip:countries:1.0">
  <code code="AUSTR">
    <editdetail attribution="Reuters BIP Coding Group" action="confirmed" date="1997-07-30"/>
  </code>
  <code code="CHIL">
    <editdetail attribution="Reuters BIP Coding Group" action="confirmed" date="1997-07-30"/>
  </code>
</codes>
<codes class="bip:industries:1.0">
  <code code="I21000">
    <editdetail attribution="Reuters BIP Coding Group" action="confirmed" date="1997-07-30"/>
  </code>
  <code code="I22460">
    <editdetail attribution="Reuters BIP Coding Group" action="confirmed" date="1997-07-30"/>
  </code>
  <code code="I83960">
    <editdetail attribution="Reuters BIP Coding Group" action="confirmed" date="1997-07-30"/>
  </code>
</codes>
<codes class="bip:topics:1.0">
  <code code="C13">
    <editdetail attribution="Reuters BIP Coding Group" action="confirmed" date="1997-07-30"/>
  </code>
  <code code="C17">
    <editdetail attribution="Reuters BIP Coding Group" action="confirmed" date="1997-07-30"/>
  </code>
  <code code="C21">
    <editdetail attribution="Reuters BIP Coding Group" action="confirmed" date="1997-07-30"/>
  </code>
  <code code="C24">
    <editdetail attribution="Reuters BIP Coding Group" action="confirmed" date="1997-07-30"/>
  </code>
  <code code="CCAT">
    <editdetail attribution="Reuters BIP Coding Group" action="confirmed" date="1997-07-30"/>
  </code>
</codes>
<dc element="dc.date.created" value="1997-07-30"/>
<dc element="dc.publisher" value="Reuters Holdings Plc"/>
<dc element="dc.date.published" value="1997-07-30"/>
<dc element="dc.source" value="Reuters"/>
<dc element="dc.creator.location" value="SANTIAGO"/>
<dc element="dc.creator.location.country.name" value="CHILE"/>
<dc element="dc.source" value="Reuters"/>
</metadata>
</newsitem>
