<?xml version="1.0" encoding="iso-8859-1" ?>
<newsitem itemid="326969" id="root" date="1997-01-23" xml:lang="en">
<title>USA: Odetics Q3 net rises.</title>
<headline>Odetics Q3 net rises.</headline>
<dateline>ANAHEIM 1997-01-23</dateline>
<text>
<p>(In thousands, except earnings per share)</p>
<p>			  Quarter Ended		Nine Months Ended</p>
<p>			12/31/96   12/31/95     12/31/96    12/31/95</p>
<p>Commercial Sales</p>
<p>			  $34,290   $24,356	 $93,413    $65,204</p>
<p>Contract Sales</p>
<p>			   2,018	 3,038	  7,291	8,112</p>
<p>Total Sales</p>
<p>		     36,308	27,394	  100,704	73,316</p>
<p>Cost of Sales</p>
<p>		     22,865	18,048	   63,947	47,551</p>
<p>		     13,443	 9,346	   36,757	25,765</p>
<p>Selling, General and</p>
<p>Administrative Expenses</p>
<p>			7,585	 6,073	   21,220	16,841</p>
<p>Research &amp; Development</p>
<p>			4,073	 1,573	    9,380	 4,957</p>
<p>Interest Expense</p>
<p>			  516	   552	    1,453	 1,835</p>
<p>		     12,174	 8,198	   32,053	23,633</p>
<p>Pre-tax Income</p>
<p>			1,269	 1,148	    4,704	 2,132</p>
<p>    Income Tax	495	   423	    1,835	   797</p>
<p>    Net Income     $774	  $725	    2,869	$1,335</p>
<p>Earnings Per Share</p>
<p>			$0.12	 $0.11	    $0.44	 $0.22</p>
<p>Weighted Average Number of Shares Outstanding</p>
<p>			6,702	 6,309	    6,576	 6,099</p>
</text>
<copyright>(c) Reuters Limited 1997</copyright>
<metadata>
<codes class="bip:countries:1.0">
  <code code="USA">
    <editdetail attribution="Reuters BIP Coding Group" action="confirmed" date="1997-01-23"/>
  </code>
</codes>
<codes class="bip:industries:1.0">
  <code code="I33020">
    <editdetail attribution="Reuters BIP Coding Group" action="confirmed" date="1997-01-23"/>
  </code>
  <code code="I3302004">
    <editdetail attribution="Reuters BIP Coding Group" action="confirmed" date="1997-01-23"/>
  </code>
</codes>
<codes class="bip:topics:1.0">
  <code code="C15">
    <editdetail attribution="Reuters BIP Coding Group" action="confirmed" date="1997-01-23"/>
  </code>
  <code code="C151">
    <editdetail attribution="Reuters BIP Coding Group" action="confirmed" date="1997-01-23"/>
  </code>
  <code code="CCAT">
    <editdetail attribution="Reuters BIP Coding Group" action="confirmed" date="1997-01-23"/>
  </code>
</codes>
<dc element="dc.date.created" value="1997-01-23"/>
<dc element="dc.publisher" value="Reuters Holdings Plc"/>
<dc element="dc.date.published" value="1997-01-23"/>
<dc element="dc.source" value="Reuters"/>
<dc element="dc.creator.location" value="ANAHEIM"/>
<dc element="dc.creator.location.country.name" value="USA"/>
<dc element="dc.source" value="Reuters"/>
</metadata>
</newsitem>
