<?xml version="1.0" encoding="iso-8859-1" ?>
<newsitem itemid="681496" id="root" date="1997-06-23" xml:lang="en">
<title>UK: UK wants to improve public transport - Robin Cook.</title>
<headline>UK wants to improve public transport - Robin Cook.</headline>
<dateline>LONDON 1997-06-23</dateline>
<text>
<p>British Foreign Secretary Robin Cook said on Monday the new Labour government aimed to make public transport more attractive and a viable alternative to the private car.</p>
<p>But he stressed his remarks should not be taken as implying that taxes on motoring would be increased in the July 2 budget.</p>
<p>In a telephone interview with BBC radio, Cook said Prime Minister Tony Blair would outline Britain's goal of cutting carbon dioxide emissions by 20 percent by 2010 in a speech to a United Nations environmental conference in New York today.</p>
<p>This would include &quot;a change in transport policy to make public transport more attractive, more reliable, more an alternative option to private car use, which has escalated under the Conservatives.&quot;</p>
<p>&quot;It's not a question of stopping people using private cars, It's giving them the alternative of public transport which will also give them a higher quality of life,&quot; Cook added.</p>
<p>Asked if his remarks should be taken as a hint that higher taxes on motoring would be included in the budget, Cook said this would be an &quot;over-interpretation.&quot;</p>
<p>&quot;What happens in the budget is a matter for the chancellor and you would not expect me to anticipate that,&quot; he said.</p>
<p>-- Richard Murphy, London Newsroom 44 171 542 2774</p>
</text>
<copyright>(c) Reuters Limited 1997</copyright>
<metadata>
<codes class="bip:countries:1.0">
  <code code="UK">
    <editdetail attribution="Reuters BIP Coding Group" action="confirmed" date="1997-06-23"/>
  </code>
</codes>
<codes class="bip:industries:1.0">
  <code code="I71000">
    <editdetail attribution="Reuters BIP Coding Group" action="confirmed" date="1997-06-23"/>
  </code>
  <code code="I72101">
    <editdetail attribution="Reuters BIP Coding Group" action="confirmed" date="1997-06-23"/>
  </code>
  <code code="I72102">
    <editdetail attribution="Reuters BIP Coding Group" action="confirmed" date="1997-06-23"/>
  </code>
</codes>
<codes class="bip:topics:1.0">
  <code code="C13">
    <editdetail attribution="Reuters BIP Coding Group" action="confirmed" date="1997-06-23"/>
  </code>
  <code code="CCAT">
    <editdetail attribution="Reuters BIP Coding Group" action="confirmed" date="1997-06-23"/>
  </code>
  <code code="GCAT">
    <editdetail attribution="Reuters BIP Coding Group" action="confirmed" date="1997-06-23"/>
  </code>
  <code code="GENV">
    <editdetail attribution="Reuters BIP Coding Group" action="confirmed" date="1997-06-23"/>
  </code>
  <code code="GPOL">
    <editdetail attribution="Reuters BIP Coding Group" action="confirmed" date="1997-06-23"/>
  </code>
</codes>
<dc element="dc.date.created" value="1997-06-23"/>
<dc element="dc.publisher" value="Reuters Holdings Plc"/>
<dc element="dc.date.published" value="1997-06-23"/>
<dc element="dc.source" value="Reuters"/>
<dc element="dc.creator.location" value="LONDON"/>
<dc element="dc.creator.location.country.name" value="UK"/>
<dc element="dc.source" value="Reuters"/>
</metadata>
</newsitem>
