<?xml version="1.0" encoding="iso-8859-1" ?>
<newsitem itemid="285059" id="root" date="1997-01-03" xml:lang="en">
<title>POLAND: WEDEL TRADES ON KERB AT PLN 141.</title>
<headline>WEDEL TRADES ON KERB AT PLN 141.</headline>
<dateline>WARSAW 1997-01-03</dateline>
<text>
<p>Two kerb transactions in blocks of 22,000 and 5,000 shares in Wedel SA at 141 zlotys was struck on the Warsaw bourse on Friday, the bourse said in a statement.</p>
<p>At the regular session, Wedel was trading at 138 zlotys in 4,796 share volume.</p>
<p>-- Warsaw Newsroom +48 22 653 9700</p>
</text>
<copyright>(c) Reuters Limited 1997</copyright>
<metadata>
<codes class="bip:countries:1.0">
  <code code="POL">
    <editdetail attribution="Reuters BIP Coding Group" action="confirmed" date="1997-01-03"/>
  </code>
</codes>
<codes class="bip:industries:1.0">
  <code code="I42100">
    <editdetail attribution="Reuters BIP Coding Group" action="confirmed" date="1997-01-03"/>
  </code>
</codes>
<codes class="bip:topics:1.0">
  <code code="C15">
    <editdetail attribution="Reuters BIP Coding Group" action="confirmed" date="1997-01-03"/>
  </code>
  <code code="C152">
    <editdetail attribution="Reuters BIP Coding Group" action="confirmed" date="1997-01-03"/>
  </code>
  <code code="CCAT">
    <editdetail attribution="Reuters BIP Coding Group" action="confirmed" date="1997-01-03"/>
  </code>
</codes>
<dc element="dc.date.created" value="1997-01-03"/>
<dc element="dc.publisher" value="Reuters Holdings Plc"/>
<dc element="dc.date.published" value="1997-01-03"/>
<dc element="dc.source" value="Reuters"/>
<dc element="dc.creator.location" value="WARSAW"/>
<dc element="dc.creator.location.country.name" value="POLAND"/>
<dc element="dc.source" value="Reuters"/>
</metadata>
</newsitem>
