<?xml version="1.0" encoding="iso-8859-1" ?>
<newsitem itemid="485454" id="root" date="1997-04-03" xml:lang="en">
<title>USA: US March same-store retail sales up 2.1 pct-report.</title>
<headline>US March same-store retail sales up 2.1 pct-report.</headline>
<dateline>HOUSTON 1997-04-03</dateline>
<text>
<p>Same-store sales for U.S. retail stores rose 2.1 percent in March from a year earlier, according to data compiled by First Data Corp's TeleCheck Services Inc unit.</p>
<p>Consumer spending may have been tempered by heavy publicity about rising interest rates and the impact of higher rates on consumers with adjustable-rate mortgages and other variable-rate debt, according to TeleCheck's senior economic adviser, William Ford.</p>
<p>Sales rose 4.9 percent in the Southwest, 3.3 percent in the Southeast, 2.8 percent in the Midwest, 1.6 percent in the Mid-Atlantic, and 1.2 percent in the West, TeleCheck said.</p>
<p>The TeleCheck Retail Index is based on a year-over-year, same-store comparison of the dollar volume of checks written by consumers at more than 27,000 locations.</p>
</text>
<copyright>(c) Reuters Limited 1997</copyright>
<metadata>
<codes class="bip:countries:1.0">
  <code code="USA">
    <editdetail attribution="Reuters BIP Coding Group" action="confirmed" date="1997-04-03"/>
  </code>
</codes>
<codes class="bip:industries:1.0">
  <code code="I83940">
    <editdetail attribution="Reuters BIP Coding Group" action="confirmed" date="1997-04-03"/>
  </code>
</codes>
<codes class="bip:topics:1.0">
  <code code="C31">
    <editdetail attribution="Reuters BIP Coding Group" action="confirmed" date="1997-04-03"/>
  </code>
  <code code="CCAT">
    <editdetail attribution="Reuters BIP Coding Group" action="confirmed" date="1997-04-03"/>
  </code>
</codes>
<dc element="dc.date.created" value="1997-04-03"/>
<dc element="dc.publisher" value="Reuters Holdings Plc"/>
<dc element="dc.date.published" value="1997-04-03"/>
<dc element="dc.source" value="Reuters"/>
<dc element="dc.creator.location" value="HOUSTON"/>
<dc element="dc.creator.location.country.name" value="USA"/>
<dc element="dc.source" value="Reuters"/>
</metadata>
</newsitem>
