<?xml version="1.0" encoding="iso-8859-1" ?>
<newsitem itemid="654193" id="root" date="1997-06-11" xml:lang="en">
<title>UK: Italy prices 5.0 billion FFR 10-year bond.</title>
<headline>Italy prices 5.0 billion FFR 10-year bond.</headline>
<dateline>LONDON 1997-06-11</dateline>
<text>
<p>The following redenominatable bond has been priced by joint lead managers CDC Marches and J.P. Morgan.</p>
<p> BORROWER   ITALY, REPUBLIC OF</p>
<p> AMT    5.0 BLN FFR   COUPON     5.875     MATURITY    02.JUL.07</p>
<p> TYPE	 STRAIGHT  ISS PRICE  101.594   PAY DATE    02.JUL.97</p>
<p> FULL FEES  2.0	 REOFFER    99.919    SPREAD	+18 BP</p>
<p> MOODY	AA3	 LISTING    PAR/LUX   PAY FREQ    ANNUAL</p>
<p> S&amp;P	  AA	  DENOMS (K) 10-100-1M SALE LIM US/UK/FR/IT</p>
<p> NEG PLG    YES	 CRS DEFLT  YES	 FORCE MAJ   YES</p>
<p> GOV LAW    ITALY     HOME CTRY  ITALY     TAX PROVS   =</p>
<p> MGT/UND    0.325     SELL CONC  1.675     PRAECIPUUM  =</p>
<p> UNDERLYING GOVT BOND INTERPOLATED 5.5 2007 AND 8.5 2008 OATS</p>
<p> NOTES	REDENOMINATION CLAUSE</p>
<p>-- London Newsroom +44 171 542 7658</p>
</text>
<copyright>(c) Reuters Limited 1997</copyright>
<metadata>
<codes class="bip:countries:1.0">
  <code code="ITALY">
    <editdetail attribution="Reuters BIP Coding Group" action="confirmed" date="1997-06-11"/>
  </code>
  <code code="UK">
    <editdetail attribution="Reuters BIP Coding Group" action="confirmed" date="1997-06-11"/>
  </code>
</codes>
<codes class="bip:topics:1.0">
  <code code="E21">
    <editdetail attribution="Reuters BIP Coding Group" action="confirmed" date="1997-06-11"/>
  </code>
  <code code="E212">
    <editdetail attribution="Reuters BIP Coding Group" action="confirmed" date="1997-06-11"/>
  </code>
  <code code="ECAT">
    <editdetail attribution="Reuters BIP Coding Group" action="confirmed" date="1997-06-11"/>
  </code>
</codes>
<dc element="dc.date.created" value="1997-06-11"/>
<dc element="dc.publisher" value="Reuters Holdings Plc"/>
<dc element="dc.date.published" value="1997-06-11"/>
<dc element="dc.source" value="Reuters"/>
<dc element="dc.creator.location" value="LONDON"/>
<dc element="dc.creator.location.country.name" value="UK"/>
<dc element="dc.source" value="Reuters"/>
</metadata>
</newsitem>
