<?xml version="1.0" encoding="iso-8859-1" ?>
<newsitem itemid="639580" id="root" date="1997-06-05" xml:lang="en">
<title>RUSSIA: Rouble firms as funds needed for T-bill investing.</title>
<headline>Rouble firms as funds needed for T-bill investing.</headline>
<dateline>MOSCOW 1997-06-05</dateline>
<text>
<p>The rouble edged up on bank client dollar selling and dealers said on Thursday funds were still going to the Treasury bill market.</p>
<p> roubles/dollar	Jun 5 midday   Jun 5 early    Jun 4 close</p>
<p> today settlement    5,765-66	 5,766-67	 5,769-70</p>
<p> tomorrow settlement 5,764-65	 5,767-68	 5,767-68</p>
<p> overnight credit (%)   10-15	     7-12	     5-10</p>
<p>			   Jun 5				 Jun 4</p>
<p> central bank	  5,759/93			    5,760/92</p>
<p> MICEX		   5,764				 5,778</p>
<p>&quot;There has been client (dollar) selling since Tuesday. The market has recovered the levels it had on Monday before the speculative fall started by some major banks,&quot; United Investment Bank chief dealer Alexander Suchkov said.</p>
<p>Dealers still noted T-bill investor demand for roubles on the market despite yields falling to around 20 percent.</p>
<p>--Anna Smirnova, Moscow newsroom (095) 941 8520</p>
</text>
<copyright>(c) Reuters Limited 1997</copyright>
<metadata>
<codes class="bip:countries:1.0">
  <code code="RUSS">
    <editdetail attribution="Reuters BIP Coding Group" action="confirmed" date="1997-06-05"/>
  </code>
</codes>
<codes class="bip:topics:1.0">
  <code code="E12">
    <editdetail attribution="Reuters BIP Coding Group" action="confirmed" date="1997-06-05"/>
  </code>
  <code code="ECAT">
    <editdetail attribution="Reuters BIP Coding Group" action="confirmed" date="1997-06-05"/>
  </code>
  <code code="M13">
    <editdetail attribution="Reuters BIP Coding Group" action="confirmed" date="1997-06-05"/>
  </code>
  <code code="M132">
    <editdetail attribution="Reuters BIP Coding Group" action="confirmed" date="1997-06-05"/>
  </code>
  <code code="MCAT">
    <editdetail attribution="Reuters BIP Coding Group" action="confirmed" date="1997-06-05"/>
  </code>
</codes>
<dc element="dc.date.created" value="1997-06-05"/>
<dc element="dc.publisher" value="Reuters Holdings Plc"/>
<dc element="dc.date.published" value="1997-06-05"/>
<dc element="dc.source" value="Reuters"/>
<dc element="dc.creator.location" value="MOSCOW"/>
<dc element="dc.creator.location.country.name" value="RUSSIA"/>
<dc element="dc.source" value="Reuters"/>
</metadata>
</newsitem>
