<?xml version="1.0" encoding="iso-8859-1" ?>
<newsitem itemid="138529" id="root" date="1996-10-23" xml:lang="en">
<title>JAPAN: Jaleco to issue 3 bln yen convertible bond.</title>
<headline>Jaleco to issue 3 bln yen convertible bond.</headline>
<dateline>TOKYO 1996-10-23</dateline>
<text>
<p>Borrower - Jaleco Ltd</p>
<p> LEAD MANAGER - Yamaichi International</p>
<p> TYPE Euroyen convertible			AMT   3 bln yen</p>
<p> COUPON 0.0 percent     ISSUE PRICE	  MATURITY 31 Mar 2001</p>
<p> CONV FROM 29 Nov 1996  CONV TO 15 Mar 2001</p>
<p> LAST MOODY'S	     PAY DATE 15 Nov 1996  INT PAY</p>
<p> LAST S&amp;P		   SIGN DATE		 SUB DATE</p>
<p> LAST JCR		   LAST JBRI		 LAST NIS</p>
<p>Conversion price will be decided on October 30.</p>
</text>
<copyright>(c) Reuters Limited 1996</copyright>
<metadata>
<codes class="bip:countries:1.0">
  <code code="JAP">
    <editdetail attribution="Reuters BIP Coding Group" action="confirmed" date="1996-10-23"/>
  </code>
</codes>
<codes class="bip:industries:1.0">
  <code code="I33020">
    <editdetail attribution="Reuters BIP Coding Group" action="confirmed" date="1996-10-23"/>
  </code>
  <code code="I3302021">
    <editdetail attribution="Reuters BIP Coding Group" action="confirmed" date="1996-10-23"/>
  </code>
</codes>
<codes class="bip:topics:1.0">
  <code code="C17">
    <editdetail attribution="Reuters BIP Coding Group" action="confirmed" date="1996-10-23"/>
  </code>
  <code code="C172">
    <editdetail attribution="Reuters BIP Coding Group" action="confirmed" date="1996-10-23"/>
  </code>
  <code code="CCAT">
    <editdetail attribution="Reuters BIP Coding Group" action="confirmed" date="1996-10-23"/>
  </code>
</codes>
<dc element="dc.date.created" value="1996-10-23"/>
<dc element="dc.publisher" value="Reuters Holdings Plc"/>
<dc element="dc.date.published" value="1996-10-23"/>
<dc element="dc.source" value="Reuters"/>
<dc element="dc.creator.location" value="TOKYO"/>
<dc element="dc.creator.location.country.name" value="JAPAN"/>
<dc element="dc.source" value="Reuters"/>
</metadata>
</newsitem>
