<?xml version="1.0" encoding="iso-8859-1" ?>
<newsitem itemid="543631" id="root" date="1997-04-28" xml:lang="en">
<title>MEXICO: Accelsa Q1 net falls.</title>
<headline>Accelsa Q1 net falls.</headline>
<dateline>MEXICO CITY 1997-04-28</dateline>
<text>
<p>Q1 1997			Q1 1996</p>
<p>	Shr			    n/a			n/a</p>
<p>	Oper Income	  37.22 million		39.50 million</p>
<p>	Net		    13.51 million		55.69 million</p>
<p>	Revs		  536.54 million	     482.38 million</p>
<p>	Integ fin cost	3.65 million		 2.76 million</p>
<p>NOTE: All figures in Mexican pesos.</p>
<p>Full company name is Accel SA de CV</p>
<p>((-- Mexico City newsroom +525 728-7903))</p>
</text>
<copyright>(c) Reuters Limited 1997</copyright>
<metadata>
<codes class="bip:countries:1.0">
  <code code="MEX">
    <editdetail attribution="Reuters BIP Coding Group" action="confirmed" date="1997-04-28"/>
  </code>
</codes>
<codes class="bip:industries:1.0">
  <code code="I83960">
    <editdetail attribution="Reuters BIP Coding Group" action="confirmed" date="1997-04-28"/>
  </code>
</codes>
<codes class="bip:topics:1.0">
  <code code="C15">
    <editdetail attribution="Reuters BIP Coding Group" action="confirmed" date="1997-04-28"/>
  </code>
  <code code="C151">
    <editdetail attribution="Reuters BIP Coding Group" action="confirmed" date="1997-04-28"/>
  </code>
  <code code="CCAT">
    <editdetail attribution="Reuters BIP Coding Group" action="confirmed" date="1997-04-28"/>
  </code>
</codes>
<dc element="dc.date.created" value="1997-04-28"/>
<dc element="dc.publisher" value="Reuters Holdings Plc"/>
<dc element="dc.date.published" value="1997-04-28"/>
<dc element="dc.source" value="Reuters"/>
<dc element="dc.creator.location" value="MEXICO CITY"/>
<dc element="dc.creator.location.country.name" value="MEXICO"/>
<dc element="dc.source" value="Reuters"/>
</metadata>
</newsitem>
