<?xml version="1.0" encoding="iso-8859-1" ?>
<newsitem itemid="191564" id="root" date="1996-11-15" xml:lang="en">
<title>USA: Phoenix Network Inc Q3 loss vs profit.</title>
<headline>Phoenix Network Inc Q3 loss vs profit.</headline>
<dateline>GOLDEN, Colo. 1996-11-15</dateline>
<text>
<p>Three Months Ended  Nine Months Ended</p>
<p>				 September 30	  September 30</p>
<p>			   1996	 1995	   1996	 1995</p>
<p> Revenues     $20,435,221 $15,008,217  $65,430,586$42,691,679</p>
<p>Relocation expenses</p>
<p>			172,972	    --	982,146	   --</p>
<p>Income (loss) from</p>
<p>operations</p>
<p>		  (1,248,841)     289,689  (4,609,257)    722,577</p>
<p>Net income (loss)</p>
<p>		  (1,467,698)     244,548  (4,991,299)    519,255</p>
<p>Net income (loss) per</p>
<p>   common share    (0.10)	  0.01	 (0.34)	 0.02</p>
<p>Weighted average number of</p>
<p>shares outstanding</p>
<p>		   17,896,850  14,282,590   17,602,993 13,257,512</p>
</text>
<copyright>(c) Reuters Limited 1996</copyright>
<metadata>
<codes class="bip:countries:1.0">
  <code code="USA">
    <editdetail attribution="Reuters BIP Coding Group" action="confirmed" date="1996-11-15"/>
  </code>
</codes>
<codes class="bip:industries:1.0">
  <code code="I79020">
    <editdetail attribution="Reuters BIP Coding Group" action="confirmed" date="1996-11-15"/>
  </code>
</codes>
<codes class="bip:topics:1.0">
  <code code="C15">
    <editdetail attribution="Reuters BIP Coding Group" action="confirmed" date="1996-11-15"/>
  </code>
  <code code="C151">
    <editdetail attribution="Reuters BIP Coding Group" action="confirmed" date="1996-11-15"/>
  </code>
  <code code="CCAT">
    <editdetail attribution="Reuters BIP Coding Group" action="confirmed" date="1996-11-15"/>
  </code>
</codes>
<dc element="dc.date.created" value="1996-11-15"/>
<dc element="dc.publisher" value="Reuters Holdings Plc"/>
<dc element="dc.date.published" value="1996-11-15"/>
<dc element="dc.source" value="Reuters"/>
<dc element="dc.creator.location" value="GOLDEN, Colo."/>
<dc element="dc.creator.location.country.name" value="USA"/>
<dc element="dc.source" value="Reuters"/>
</metadata>
</newsitem>
