<?xml version="1.0" encoding="iso-8859-1" ?>
<newsitem itemid="182173" id="root" date="1996-11-12" xml:lang="en">
<title>POLAND: FORECAST - Banks see zloty at 2.8553 vs dlr end-96.</title>
<headline>FORECAST - Banks see zloty at 2.8553 vs dlr end-96.</headline>
<dateline>WARSAW 1996-11-12</dateline>
<text>
<p>The Polish zloty is seen easing against the dollar by year-end, but the prediction is more optimistic than last month, according to a Reuter poll of the country's 25 largest banks.</p>
<p>By the end of 1996, the zloty is expected to fall to 2.8553 to the dollar versus Tuesday's fixing of 2.7965, the poll showed.</p>
<p>The 2.8553 rate is a mean average of forecasts that ranged between 2.8050 and 2.9000.</p>
<p>Last month, banks had predicted a fall in the Polish unit to 2.8768 at year-end. Forecasts ranged from 2.8000 to 2.8750.</p>
<p>The zloty is expected to trade at an average of 2.8215 in November with a range of forecasts between 2.7300 and 2.8460.</p>
<p>Banks estimated the zloty would fall to an average of 3.1358 to the dollar in November 1997 with a range of forecasts from 3.0500 to 3.3500.</p>
<p>-- Warsaw Newsroom +48 22 653 9700</p>
</text>
<copyright>(c) Reuters Limited 1996</copyright>
<metadata>
<codes class="bip:countries:1.0">
  <code code="POL">
    <editdetail attribution="Reuters BIP Coding Group" action="confirmed" date="1996-11-12"/>
  </code>
</codes>
<codes class="bip:topics:1.0">
  <code code="E12">
    <editdetail attribution="Reuters BIP Coding Group" action="confirmed" date="1996-11-12"/>
  </code>
  <code code="ECAT">
    <editdetail attribution="Reuters BIP Coding Group" action="confirmed" date="1996-11-12"/>
  </code>
  <code code="M13">
    <editdetail attribution="Reuters BIP Coding Group" action="confirmed" date="1996-11-12"/>
  </code>
  <code code="M132">
    <editdetail attribution="Reuters BIP Coding Group" action="confirmed" date="1996-11-12"/>
  </code>
  <code code="MCAT">
    <editdetail attribution="Reuters BIP Coding Group" action="confirmed" date="1996-11-12"/>
  </code>
</codes>
<dc element="dc.date.created" value="1996-11-12"/>
<dc element="dc.publisher" value="Reuters Holdings Plc"/>
<dc element="dc.date.published" value="1996-11-12"/>
<dc element="dc.source" value="Reuters"/>
<dc element="dc.creator.location" value="WARSAW"/>
<dc element="dc.creator.location.country.name" value="POLAND"/>
<dc element="dc.source" value="Reuters"/>
</metadata>
</newsitem>
