<?xml version="1.0" encoding="iso-8859-1" ?>
<newsitem itemid="445448" id="root" date="1997-03-16" xml:lang="en">
<title>USA: NHL-STANDINGS AFTER SATURDAY'S GAMES.</title>
<headline>NHL-STANDINGS AFTER SATURDAY'S GAMES.</headline>
<dateline>NEW YORK 1997-03-16</dateline>
<text>
<p>Standings of National Hockey</p>
<p>League teams after games played on Saturday (tabulate under</p>
<p>won, lost, tied, goals for, goals against, points):</p>
<p>		 EASTERN CONFERENCE</p>
<p>		 NORTHEAST DIVISION</p>
<p>		    W   L   T   GF   GA   PTS</p>
<p> BUFFALO	 36  21  11  202  172   83</p>
<p> PITTSBURGH    32  29   7  236  227   71</p>
<p> HARTFORD	27  32  10  191  214   64</p>
<p> MONTREAL	25  32  14  215  245   64</p>
<p> OTTAWA	  22  33  14  189  203   58</p>
<p> BOSTON	  24  37   9  205  249   57</p>
<p>		 ATLANTIC DIVISION</p>
<p>		    W   L   T   GF   GA   PTS</p>
<p> PHILADELPHIA  39  21  10  236  184   88</p>
<p> NEW JERSEY    38  19  12  197  157   88</p>
<p> FLORIDA	 31  23  16  188  167   78</p>
<p> NY RANGERS    33  28   9  226  196   75</p>
<p> TAMPA BAY     27  34   7  186  214   61</p>
<p> WASHINGTON    27  35   7  174  194   61</p>
<p> NY ISLANDERS  24  35  10  188  203   58</p>
<p>		 WESTERN CONFERENCE</p>
<p>		 CENTRAL DIVISION</p>
<p>		    W   L   T   GF   GA   PTS</p>
<p> DALLAS	  40  23   6  209  169   86</p>
<p> DETROIT	 33  20  15  219  161   81</p>
<p> PHOENIX	 32  33   5  201  211   69</p>
<p> ST LOUIS	30  31   9  207  215   69</p>
<p> CHICAGO	 27  31  12  181  176   66</p>
<p> TORONTO	 25  38   6  201  237   56</p>
<p>		 PACIFIC DIVISION</p>
<p>		    W   L   T   GF   GA   PTS</p>
<p> X-COLORADO    42  18   9  236  169   93</p>
<p> EDMONTON	32  32   7  221  215   71</p>
<p> ANAHEIM	 29  30  10  201  199   68</p>
<p> CALGARY	 30  34   7  189  200   67</p>
<p> VANCOUVER     29  37   4  218  240   62</p>
<p> LOS ANGELES   25  37   9  188  233   59</p>
<p> SAN JOSE	23  39   7  177  231   53</p>
<p>X -- CLINCHED PLAYOFF BERTH</p>
<p>SUNDAY, MARCH 16 SCHEDULE</p>
<p>HARTFORD AT WASHINGTON	  </p>
<p>NY ISLANDERS AT CHICAGO	 </p>
<p>TORONTO AT TAMPA BAY	    </p>
<p>CALGARY AT ANAHEIM		</p>
<p>DETROIT AT COLORADO	     </p>
<p>PITTSBURGH AT DALLAS</p>
</text>
<copyright>(c) Reuters Limited 1997</copyright>
<metadata>
<codes class="bip:countries:1.0">
  <code code="CANA">
    <editdetail attribution="Reuters BIP Coding Group" action="confirmed" date="1997-03-16"/>
  </code>
  <code code="USA">
    <editdetail attribution="Reuters BIP Coding Group" action="confirmed" date="1997-03-16"/>
  </code>
</codes>
<codes class="bip:topics:1.0">
  <code code="GCAT">
    <editdetail attribution="Reuters BIP Coding Group" action="confirmed" date="1997-03-16"/>
  </code>
  <code code="GSPO">
    <editdetail attribution="Reuters BIP Coding Group" action="confirmed" date="1997-03-16"/>
  </code>
</codes>
<dc element="dc.date.created" value="1997-03-16"/>
<dc element="dc.publisher" value="Reuters Holdings Plc"/>
<dc element="dc.date.published" value="1997-03-16"/>
<dc element="dc.source" value="Reuters"/>
<dc element="dc.creator.location" value="NEW YORK"/>
<dc element="dc.creator.location.country.name" value="USA"/>
<dc element="dc.source" value="Reuters"/>
</metadata>
</newsitem>
