<?xml version="1.0" encoding="iso-8859-1" ?>
<newsitem itemid="85870" id="root" date="1996-09-30" xml:lang="en">
<title>UK: PRESS DIGEST - London Evening Standard - Sept 30.</title>
<headline>PRESS DIGEST - London Evening Standard - Sept 30.</headline>
<text>
<p>Prepared for Reuters by The Broadcast Monitoring Company</p>
<p>EVENING STANDARD</p>
<p>TUBE HEADING FOR DISASTER?</p>
<p>A secret document circulated to Department of Transport and Treasury ministers by the London Underground warns of the possibility of a catastrophe on the underground train network. The report, entitled &quot;If...&quot; details the problems that could result from spending curbs, including collisions caused by decaying signal equipment and crumbling masonry endangering passengers.</p>
<p>--</p>
<p>WORRIES GROW OVER EMU CURRENCY WAVES</p>
<p>The U.S. administration, Federal Reserve and other world finance ministers have started to consider the possible effects on the dollar and other currencies if European monetary union makes central banks change the make-up of their foreign exchange reserves, according to Chancellor Kenneth Clarke.</p>
<p>--</p>
<p>CARDCALL PICKS A NATIONAL LOTTERY WINNER</p>
<p>Cardcall, which is only days from its debut on the Alternative Investment Market, has been boosted by the successful launch of its National Lottery phone card.</p>
<p>--</p>
<p>IMPERIAL AND MILLENNIUM UNRAVEL THE HANSON KNOT</p>
<p>Analysts are predicting that shares in Imperial Tobacco, which will debut on the stock market tomorrow following its demerger from parent Hanson, will trade at a lower than expected price of 380p because of legal action against Imperial and rival company Gallaher which alleges they breached product liability laws. The other Hanson-spin off, Millennium Chemicals, is to be listed only in New York, and is aiming to make itself more resistant to the cyclical nature of demand for its main products, titanium dioxide and polyethylene.</p>
<p>-- BMC +44 171 377 1742</p>
</text>
<copyright>(c) Reuters Limited 1996</copyright>
<metadata>
<codes class="bip:countries:1.0">
  <code code="UK">
    <editdetail attribution="Reuters BIP Coding Group" action="confirmed" date="1996-09-30"/>
  </code>
</codes>
<codes class="bip:topics:1.0">
  <code code="GCAT">
    <editdetail attribution="Reuters BIP Coding Group" action="confirmed" date="1996-09-30"/>
  </code>
</codes>
<dc element="dc.publisher" value="Reuters Holdings Plc"/>
<dc element="dc.date.published" value="1996-09-30"/>
<dc element="dc.source" value="Reuters"/>
<dc element="dc.creator.location.country.name" value="UK"/>
<dc element="dc.source" value="Reuters"/>
</metadata>
</newsitem>
