<?xml version="1.0" encoding="iso-8859-1" ?>
<newsitem itemid="716666" id="root" date="1997-07-09" xml:lang="en">
<title>USA: U.S. considering more food aid for N. Korea.</title>
<headline>U.S. considering more food aid for N. Korea.</headline>
<dateline>WASHINGTON 1997-07-09</dateline>
<text>
<p>The United States said on Wednesday it was considering more food aid for North Korea following a new appeal by the U.N. World Food Programme.</p>
<p>Washington has responded positively to all previous WFP appeals and as for the latest appeal &quot;we're going to give this very serious consideration,&quot; State Department spokesman Nicholas Burns told a news briefing.  </p>
<p>Burns said there was &quot;some degree of urgency&quot; to the food shortages faced by North Korea's Stalinist regime and so a formal U.S. response to the WFP appeal was expected shortly.</p>
<p>The WFP earlier on Wednesday launched an appeal for an additional $46 million in food aid to boost supplies the United Nations is sending for some 2.6 million children younger than 6.</p>
<p>Catherine Bertini, the head of the programme, told reporters that tens of thousands of North Korean children are &quot;wasting away&quot; from malnutrition and many seem doomed to die.</p>
<p>Although this year's rice harvest was shaping up well, it could not provide enough for the Communist state to feed its 24 million people without continuing outside help, she said. The United States this year has given the WFP $25 million in response to earlier appeals for North Korea.</p>
</text>
<copyright>(c) Reuters Limited 1997</copyright>
<metadata>
<codes class="bip:countries:1.0">
  <code code="NKOREA">
    <editdetail attribution="Reuters BIP Coding Group" action="confirmed" date="1997-07-09"/>
  </code>
  <code code="UN">
    <editdetail attribution="Reuters BIP Coding Group" action="confirmed" date="1997-07-09"/>
  </code>
  <code code="USA">
    <editdetail attribution="Reuters BIP Coding Group" action="confirmed" date="1997-07-09"/>
  </code>
</codes>
<codes class="bip:topics:1.0">
  <code code="E51">
    <editdetail attribution="Reuters BIP Coding Group" action="confirmed" date="1997-07-09"/>
  </code>
  <code code="ECAT">
    <editdetail attribution="Reuters BIP Coding Group" action="confirmed" date="1997-07-09"/>
  </code>
  <code code="GCAT">
    <editdetail attribution="Reuters BIP Coding Group" action="confirmed" date="1997-07-09"/>
  </code>
  <code code="GDIP">
    <editdetail attribution="Reuters BIP Coding Group" action="confirmed" date="1997-07-09"/>
  </code>
</codes>
<dc element="dc.date.created" value="1997-07-09"/>
<dc element="dc.publisher" value="Reuters Holdings Plc"/>
<dc element="dc.date.published" value="1997-07-09"/>
<dc element="dc.source" value="Reuters"/>
<dc element="dc.creator.location" value="WASHINGTON"/>
<dc element="dc.creator.location.country.name" value="USA"/>
<dc element="dc.source" value="Reuters"/>
</metadata>
</newsitem>
