<?xml version="1.0" encoding="iso-8859-1" ?>
<newsitem itemid="209793" id="root" date="1996-11-22" xml:lang="en">
<title>CHINA: China, Mexico sign pact to halt illegal drug trade.</title>
<headline>China, Mexico sign pact to halt illegal drug trade.</headline>
<dateline>BEIJING 1996-11-22</dateline>
<text>
<p>China and Mexico signed an agreement on Friday to cooperate in fighting drug trafficking.</p>
<p>The accord sets a framework for exchanging information between anti-drug trafficking agencies of the two countries, a Mexican official said.</p>
<p>A key target was stopping the diversion of shipments of chemicals used in legal pharmaceutical products for use in manufacturing illegal drugs, the official said.</p>
<p>China has a growing chemicals industry and it also has played an increasingly important role in the international drug trade, according to anti-narcotics officials in Beijing.</p>
<p>The official Xinhua news agency said the accord was signed as part of the visit of Mexican President Ernesto Zedillo.</p>
<p>Zedillo, who is leading a delegation of Mexican businessmen, met Chinese President Jiang Zemin and Premier Li Peng on Friday.</p>
<p>The two sides also signed an agreement on agricultural cooperation as well as an accord allowing Mexico's consulate in Hong Kong to remain after the British colony reverts to Chinese rule on July 1, 1997.</p>
</text>
<copyright>(c) Reuters Limited 1996</copyright>
<metadata>
<codes class="bip:countries:1.0">
  <code code="CHINA">
    <editdetail attribution="Reuters BIP Coding Group" action="confirmed" date="1996-11-22"/>
  </code>
  <code code="MEX">
    <editdetail attribution="Reuters BIP Coding Group" action="confirmed" date="1996-11-22"/>
  </code>
</codes>
<codes class="bip:topics:1.0">
  <code code="GCAT">
    <editdetail attribution="Reuters BIP Coding Group" action="confirmed" date="1996-11-22"/>
  </code>
  <code code="GCRIM">
    <editdetail attribution="Reuters BIP Coding Group" action="confirmed" date="1996-11-22"/>
  </code>
  <code code="GDIP">
    <editdetail attribution="Reuters BIP Coding Group" action="confirmed" date="1996-11-22"/>
  </code>
</codes>
<dc element="dc.date.created" value="1996-11-22"/>
<dc element="dc.publisher" value="Reuters Holdings Plc"/>
<dc element="dc.date.published" value="1996-11-22"/>
<dc element="dc.source" value="Reuters"/>
<dc element="dc.creator.location" value="BEIJING"/>
<dc element="dc.creator.location.country.name" value="CHINA"/>
<dc element="dc.source" value="Reuters"/>
</metadata>
</newsitem>
