<?xml version="1.0" encoding="iso-8859-1" ?>
<newsitem itemid="757573" id="root" date="1997-07-25" xml:lang="en">
<title>USA: TABLE -Surgical Laser Q2 net loss narrows.</title>
<headline>TABLE -Surgical Laser Q2 net loss narrows.</headline>
<dateline>MONTGOMERYVILLE, Pa. 1997-07-24</dateline>
<text>
<p>(IN THOUSANDS EXCEPT PER SHARE DATA)</p>
<p> Consolidated Statement   For the Quarter  For the Six Months</p>
<p> of Operations:		   Ended:			 Ended:</p>
<p>				6/29/97   6/30/96   6/29/97   6/30/96</p>
<p> Net sales		    $2,904   $2,784    $5,977    $5,549</p>
<p> Cost of sales		 1,273	929     2,618     1,979</p>
<p> Gross profit		  1,631    1,855     3,359     3,570</p>
<p>Operating expenses:</p>
<p>Selling, general and</p>
<p>   administrative	    1,707    2,321     3,427     4,339</p>
<p>  Product development	  218	374	 449	 810</p>
<p>				   1,925    2,695     3,876     5,149</p>
<p> Operating loss		(294)    (840)     (517)   (1,579)</p>
<p>Equity loss from</p>
<p>  joint venture		   --     (61)	  --     (104)</p>
<p> Other income		     99	 15	 172	  15</p>
<p> Interest expense, net	(87)     (55)     (134)	(93)</p>
<p> Income taxes		     --	 --	  --	  --</p>
<p> Net loss		     ( 282)   ( 941)    ( 479)  ( 1,761)</p>
<p>Shares used in</p>
<p>calculation of primary</p>
<p>  loss per share	     9,883    9,855     9,883     9,854</p>
<p> Primary loss per share  ( 0.03)  ( 0.10)   ( 0.05)   ( 0.18)</p>
<p>NOTE: Full name is Surgical Laser Technologies Inc.</p>
</text>
<copyright>(c) Reuters Limited 1997</copyright>
<metadata>
<codes class="bip:countries:1.0">
  <code code="USA">
    <editdetail attribution="Reuters BIP Coding Group" action="confirmed" date="1997-07-25"/>
  </code>
</codes>
<codes class="bip:industries:1.0">
  <code code="I37200">
    <editdetail attribution="Reuters BIP Coding Group" action="confirmed" date="1997-07-25"/>
  </code>
</codes>
<codes class="bip:topics:1.0">
  <code code="C15">
    <editdetail attribution="Reuters BIP Coding Group" action="confirmed" date="1997-07-25"/>
  </code>
  <code code="C151">
    <editdetail attribution="Reuters BIP Coding Group" action="confirmed" date="1997-07-25"/>
  </code>
  <code code="CCAT">
    <editdetail attribution="Reuters BIP Coding Group" action="confirmed" date="1997-07-25"/>
  </code>
</codes>
<dc element="dc.date.created" value="1997-07-24"/>
<dc element="dc.publisher" value="Reuters Holdings Plc"/>
<dc element="dc.date.published" value="1997-07-25"/>
<dc element="dc.source" value="Reuters"/>
<dc element="dc.creator.location" value="MONTGOMERYVILLE, Pa."/>
<dc element="dc.creator.location.country.name" value="USA"/>
<dc element="dc.source" value="Reuters"/>
</metadata>
</newsitem>
