<?xml version="1.0" encoding="iso-8859-1" ?>
<newsitem itemid="312023" id="root" date="1997-01-16" xml:lang="en">
<title>USA: U.S. money market fund assets fell in Jan 15 week.</title>
<headline>U.S. money market fund assets fell in Jan 15 week.</headline>
<dateline>WASHINGTON 1997-01-16</dateline>
<text>
<p>Assets of the nation's 652 retail money market mutual funds rose $85.5 million to $623.85 billion in the week ended January 15, the Investment Company Institute, an industry trade group, said Thursday.</p>
<p>It said assets of the 395 taxable money market funds in the retail category fell $383.3 million to $507.42 billion, while assets of the 257 tax-exempt funds grew $468.8 million to $116.43 billion.</p>
<p>The trade group said assets of the 318 institutional money market funds fell $2.03 billion to $307.86 billion. Of these, the 255 taxable money market fund assets decreased $2.00 billion to $276.34 billion, while assets of the 63 tax-exempt funds fell $29.8 million to $31.52 billion.</p>
<p>Total money market mutual fund assets stood at $931.71 billion in the week. Assets in the week ended January 8 were revised to $933.66 billion from $933.22 billion.</p>
</text>
<copyright>(c) Reuters Limited 1997</copyright>
<metadata>
<codes class="bip:countries:1.0">
  <code code="USA">
    <editdetail attribution="Reuters BIP Coding Group" action="confirmed" date="1997-01-16"/>
  </code>
</codes>
<codes class="bip:industries:1.0">
  <code code="I81502">
    <editdetail attribution="Reuters BIP Coding Group" action="confirmed" date="1997-01-16"/>
  </code>
  <code code="I8150211">
    <editdetail attribution="Reuters BIP Coding Group" action="confirmed" date="1997-01-16"/>
  </code>
</codes>
<codes class="bip:topics:1.0">
  <code code="C15">
    <editdetail attribution="Reuters BIP Coding Group" action="confirmed" date="1997-01-16"/>
  </code>
  <code code="C151">
    <editdetail attribution="Reuters BIP Coding Group" action="confirmed" date="1997-01-16"/>
  </code>
  <code code="CCAT">
    <editdetail attribution="Reuters BIP Coding Group" action="confirmed" date="1997-01-16"/>
  </code>
</codes>
<dc element="dc.date.created" value="1997-01-16"/>
<dc element="dc.publisher" value="Reuters Holdings Plc"/>
<dc element="dc.date.published" value="1997-01-16"/>
<dc element="dc.source" value="Reuters"/>
<dc element="dc.creator.location" value="WASHINGTON"/>
<dc element="dc.creator.location.country.name" value="USA"/>
<dc element="dc.source" value="Reuters"/>
</metadata>
</newsitem>
