<?xml version="1.0" encoding="iso-8859-1" ?>
<newsitem itemid="761242" id="root" date="1997-07-28" xml:lang="en">
<title>UK: British bosses fear economy is overheating-survey.</title>
<headline>British bosses fear economy is overheating-survey.</headline>
<dateline>LONDON 1997-07-28</dateline>
<text>
<p>Three quarters of Britain's managers fear the UK economy is dangerously close to overheating, the Institute of Management(IM) said on Monday.</p>
<p>Its survey found 82 percent of managers say unless the spending boom is curbed inflation will exceed the government's 2.5 percent target this year.</p>
<p>Some 64 percent of managers say they would prefer further increases in interest rates to rising inflation, although 74 percent said they are concerned about the impact on business of future interest rate rises, in particular the effect it could have on sterling.</p>
<p>The pound has gained around 25 percent on a trade weighted basis since last August. However, only just over one third (36 percent) of managers said the pound's level was having an adverse affect on their business, although this is up from 17 percent in March.</p>
<p>&quot;The rising temperature on Britain's high streets is starting to make managers sweat,&quot; said Roger Young, director-general at IM.</p>
<p>&quot;Concern is growing that the economy is teetering on the brink and could be in for a hard landing.&quot;</p>
<p>The survey was conducted last week and 266 managers replied.</p>
<p>-- London Newsroom +44 171 542 7715</p>
</text>
<copyright>(c) Reuters Limited 1997</copyright>
<metadata>
<codes class="bip:countries:1.0">
  <code code="UK">
    <editdetail attribution="Reuters BIP Coding Group" action="confirmed" date="1997-07-28"/>
  </code>
</codes>
<codes class="bip:topics:1.0">
  <code code="E11">
    <editdetail attribution="Reuters BIP Coding Group" action="confirmed" date="1997-07-28"/>
  </code>
  <code code="E12">
    <editdetail attribution="Reuters BIP Coding Group" action="confirmed" date="1997-07-28"/>
  </code>
  <code code="E13">
    <editdetail attribution="Reuters BIP Coding Group" action="confirmed" date="1997-07-28"/>
  </code>
  <code code="E131">
    <editdetail attribution="Reuters BIP Coding Group" action="confirmed" date="1997-07-28"/>
  </code>
  <code code="ECAT">
    <editdetail attribution="Reuters BIP Coding Group" action="confirmed" date="1997-07-28"/>
  </code>
</codes>
<dc element="dc.date.created" value="1997-07-28"/>
<dc element="dc.publisher" value="Reuters Holdings Plc"/>
<dc element="dc.date.published" value="1997-07-28"/>
<dc element="dc.source" value="Reuters"/>
<dc element="dc.creator.location" value="LONDON"/>
<dc element="dc.creator.location.country.name" value="UK"/>
<dc element="dc.source" value="Reuters"/>
</metadata>
</newsitem>
