<?xml version="1.0" encoding="iso-8859-1" ?>
<newsitem itemid="507361" id="root" date="1997-04-14" xml:lang="en">
<title>USA: AVX Corp Q4 March 31 net falls.</title>
<headline>AVX Corp Q4 March 31 net falls.</headline>
<dateline>MYRTLE BEACH, S.C. 1997-04-14</dateline>
<text>
<p>AVX Corporation</p>
<p>			   Three Months Ended  Twelve Months Ended</p>
<p>				 March 31,		March 31,</p>
<p>			  1997	  1996	  1997	  1996</p>
<p> Net Sales	 $300,484    $292,852  $1,126,178  $1,207,761</p>
<p> Cost of sales    229,883     211,817     851,863     886,494</p>
<p> Gross profit	70,601	81,035     274,315     321,267</p>
<p>Selling, general and</p>
<p>  administrative   27,380	27,586     102,369     116,586</p>
<p>Other income (expense)</p>
<p>			  1,844	 1,733	 6,497	 4,399</p>
<p>Income before income taxes</p>
<p>			 45,065	55,182     178,443     209,080</p>
<p>Provision for taxes</p>
<p>			 14,395	18,487	57,102	71,344</p>
<p> Net income	  30,670	36,695     121,341     137,736</p>
<p> Income per share    0.35	  0.42	  1.38	  1.58</p>
<p>Average common shares</p>
<p>outstanding  88,000,000  88,000,000  88,000,000  87,175,000</p>
<p>(dollars in thousands, except share data)</p>
<p>-- New York Newsdesk 212 859-1610</p>
</text>
<copyright>(c) Reuters Limited 1997</copyright>
<metadata>
<codes class="bip:countries:1.0">
  <code code="USA">
    <editdetail attribution="Reuters BIP Coding Group" action="confirmed" date="1997-04-14"/>
  </code>
</codes>
<codes class="bip:industries:1.0">
  <code code="I34440">
    <editdetail attribution="Reuters BIP Coding Group" action="confirmed" date="1997-04-14"/>
  </code>
</codes>
<codes class="bip:topics:1.0">
  <code code="C15">
    <editdetail attribution="Reuters BIP Coding Group" action="confirmed" date="1997-04-14"/>
  </code>
  <code code="C151">
    <editdetail attribution="Reuters BIP Coding Group" action="confirmed" date="1997-04-14"/>
  </code>
  <code code="C1511">
    <editdetail attribution="Reuters BIP Coding Group" action="confirmed" date="1997-04-14"/>
  </code>
  <code code="CCAT">
    <editdetail attribution="Reuters BIP Coding Group" action="confirmed" date="1997-04-14"/>
  </code>
</codes>
<dc element="dc.date.created" value="1997-04-14"/>
<dc element="dc.publisher" value="Reuters Holdings Plc"/>
<dc element="dc.date.published" value="1997-04-14"/>
<dc element="dc.source" value="Reuters"/>
<dc element="dc.creator.location" value="MYRTLE BEACH, S.C."/>
<dc element="dc.creator.location.country.name" value="USA"/>
<dc element="dc.source" value="Reuters"/>
</metadata>
</newsitem>
