<?xml version="1.0" encoding="iso-8859-1" ?>
<newsitem itemid="660825" id="root" date="1997-06-13" xml:lang="en">
<title>GREECE: INSIGHT- MAIN GREEK STOCK TECHNICAL INDICATORS.</title>
<headline>INSIGHT- MAIN GREEK STOCK TECHNICAL INDICATORS.</headline>
<dateline>ATHENS 1997-06-13</dateline>
<text>
<p>The following are some main</p>
<p>technical indicators for Greek shares based on the close price</p>
<p>of June 12.</p>
<p>  5-day Moving Average					 1611.29</p>
<p>  14-day Moving Average					1656.02</p>
<p>  30-day Moving Average					1618.52</p>
<p>  200-day Moving Average				     1163.55</p>
<p>Exponential Moving Average (smoothing factor=0.2)  1632.26</p>
<p>Exponential Moving Average (smoothing factor=0.4)  1626.01</p>
<p>  RSI (14)							   54.03</p>
<p>  30-day Momentum						 167.15</p>
<p>--Dimitris Kontogiannis, Athens Newsroom +301 3311812-4</p>
</text>
<copyright>(c) Reuters Limited 1997</copyright>
<metadata>
<codes class="bip:countries:1.0">
  <code code="GREECE">
    <editdetail attribution="Reuters BIP Coding Group" action="confirmed" date="1997-06-13"/>
  </code>
</codes>
<codes class="bip:topics:1.0">
  <code code="M11">
    <editdetail attribution="Reuters BIP Coding Group" action="confirmed" date="1997-06-13"/>
  </code>
  <code code="MCAT">
    <editdetail attribution="Reuters BIP Coding Group" action="confirmed" date="1997-06-13"/>
  </code>
</codes>
<dc element="dc.date.created" value="1997-06-13"/>
<dc element="dc.publisher" value="Reuters Holdings Plc"/>
<dc element="dc.date.published" value="1997-06-13"/>
<dc element="dc.source" value="Reuters"/>
<dc element="dc.creator.location" value="ATHENS"/>
<dc element="dc.creator.location.country.name" value="GREECE"/>
<dc element="dc.source" value="Reuters"/>
</metadata>
</newsitem>
