<?xml version="1.0" encoding="iso-8859-1" ?>
<newsitem itemid="773157" id="root" date="1997-08-01" xml:lang="en">
<title>USA: PRESALE - Delhi Charter Twp, Mich..</title>
<headline>PRESALE - Delhi Charter Twp, Mich..</headline>
<text>
<p>AMT: 2,050,000	DATE: 08/06/97	NYC Time: 1530	CUSIP: 246829</p>
<p>ISSUER: Delhi Charter Twp					     ST: MI</p>
<p>ISSUE: 1997 Downtown development				    TAX STAT: Exempt-LT</p>
<p>M/SP/F: NA/NA/NA							  BOOK ENTRY: Y</p>
<p>ENHANCEMENTS: None							BANK QUAL: Y</p>
<p>DTD: 08/01/97							     SURE BID: Y</p>
<p>DUE: 5/1/01-15						SR MGR:</p>
<p>1ST CPN: 05/01/98</p>
<p>CALL: 5/1/07 @ par					  NIC</p>
<p>DELIVERY: 45 days					   ORDERS:</p>
<p>PAYING AGENT: To be Designated by the Township, Holt</p>
<p>L.O.: Thrun, Maatsch and Nordberg, Lansing</p>
<p>F.A.: Evensen Dodge, Inc., Mason</p>
<p>LAST SALE: $1,000,000 10/15/96 @ 5.319% NIC; 8yrs 6mos Avg; BBI-5.73%</p>
<p>Year		     Amount    Coupon     Yield     Price  Conc.</p>
<p>2001		     75,000</p>
<p>2002		     75,000</p>
<p>2003		     75,000</p>
<p>2004		     75,000</p>
<p>2005		     75,000</p>
<p>2006		     75,000</p>
<p>2007		     75,000</p>
<p>2008		     75,000</p>
<p>2009		     75,000</p>
<p>2010		     75,000</p>
<p>2011		    150,000</p>
<p>2012		    200,000</p>
<p>2013		    200,000</p>
<p>2014		    375,000</p>
<p>2015		    375,000</p>
<p>COMPETITIVE PRE-SALE CONTRIBUTED BY J.J. KENNY K-SHEETS:</p>
</text>
<copyright>(c) Reuters Limited 1997</copyright>
<metadata>
<codes class="bip:countries:1.0">
  <code code="USA">
    <editdetail attribution="Reuters BIP Coding Group" action="confirmed" date="1997-08-01"/>
  </code>
</codes>
<codes class="bip:topics:1.0">
  <code code="E21">
    <editdetail attribution="Reuters BIP Coding Group" action="confirmed" date="1997-08-01"/>
  </code>
  <code code="E212">
    <editdetail attribution="Reuters BIP Coding Group" action="confirmed" date="1997-08-01"/>
  </code>
  <code code="ECAT">
    <editdetail attribution="Reuters BIP Coding Group" action="confirmed" date="1997-08-01"/>
  </code>
</codes>
<dc element="dc.publisher" value="Reuters Holdings Plc"/>
<dc element="dc.date.published" value="1997-08-01"/>
<dc element="dc.source" value="Reuters"/>
<dc element="dc.creator.location.country.name" value="USA"/>
<dc element="dc.source" value="Reuters"/>
</metadata>
</newsitem>
