<?xml version="1.0" encoding="iso-8859-1" ?>
<newsitem itemid="123197" id="root" date="1996-10-17" xml:lang="en">
<title>CZECH REPUBLIC: Direct equity trades on the Czech PSE - Oct 17.</title>
<headline>Direct equity trades on the Czech PSE - Oct 17.</headline>
<dateline>PRAGUE 1996-10-17</dateline>
<text>
<p>The following is a list of</p>
<p>direct equity trades made on the Prague Stock Exchange:</p>
<p> ISSUE		    Min. Price  Max. Price   Volume Turnover</p>
<p>				   pct	  pct	     (CZK 000's)</p>
<p> 1.IF ZIVNOBANKA	   495.00    495.00	1700     841.500</p>
<p> AERO			  130.00    140.00     19100    2604.000</p>
<p> C. RADIOKOMUNIKACE     3650.00   3650.00	4000   14600.000</p>
<p> CESKA SPORITELNA	  332.00    345.00     39000   13338.000</p>
<p> CEZ			  1011.00   1022.09     29095   29549.888</p>
<p> COKOLADOVNY		3344.57   3380.00	1100    3694.285</p>
<p> CZ STRAKONICE	     225.00    225.00	1614     363.150</p>
<p> ELEKTRARNY OPATOV.     4460.00   4495.00	 602    2698.990</p>
<p> HARVARD.HOLDING	   196.65    196.65	6775    1332.304</p>
<p> CHEMOPETROL GROUP	1035.00   1190.00     29565   33584.550</p>
<p> CHLUMCAN.KER.ZAV.	3287.62   3287.62	 102     335.338</p>
<p> IPS PRAHA		  3112.00   3120.00     10000   31156.000</p>
<p> JIHOC. ENERGETIKA	2800.00   2800.00     10000   28000.000</p>
<p> KAUCUK GROUP	     1035.00   1180.00     26850   30713.500</p>
<p> KOMERCNI BANKA	   2185.00   3050.00     11500   26106.435</p>
<p> KOMERCNI BANKA IF	 670.00    717.50	5200    3631.000</p>
<p> LAZNE PODEBRADY	   900.00    900.00	1935    1741.500</p>
<p> LAZNE TEPLICE V C.	260.00    260.00	1001     260.260</p>
<p> MOSTECKA UH.SPOL.	 364.00    364.00	1100     400.400</p>
<p> NOVA HUT		    449.00    452.00	6000    2703.000</p>
<p> OKD			   125.00    126.00     46989    5903.625</p>
<p> PIVOV.RADEGAST	   4500.00   4500.00	 500    2250.000</p>
<p> PRAZSKA ENERGETIKA     2233.78   2233.78	 500    1116.890</p>
<p> PS PARDUBICE		597.00    597.00	3940    2352.180</p>
<p> RIF			   813.00    820.00	1903    1554.139</p>
<p> SEMOR. ENERGETIKA	2660.00   2750.00	4039   10927.250</p>
<p> SPT TELECOM		3000.00   3210.00     60442  186307.458</p>
<p> SKODA PLZEN		 895.50    919.10     11000   10011.000</p>
<p> TEMACOM		     697.20    697.20     16593   11568.640</p>
<p> UNEX			 6705.00   6705.00	  30     201.150</p>
<p> VITKOVICE		   263.00    263.00     10000    2630.000</p>
<p> VODNI STAV.BOHEMIA     1500.00   1500.00	 418     627.000</p>
<p> VODNI STAVBY PRAHA     1780.00   1793.00	1100    1965.150</p>
<p> ZIVNOSTENSKA BANKA     2685.00   2685.00	 500    1342.500</p>
<p>-- Prague Newsroom, 42-2-2423-0003</p>
</text>
<copyright>(c) Reuters Limited 1996</copyright>
<metadata>
<codes class="bip:countries:1.0">
  <code code="CZREP">
    <editdetail attribution="Reuters BIP Coding Group" action="confirmed" date="1996-10-17"/>
  </code>
</codes>
<codes class="bip:topics:1.0">
  <code code="M11">
    <editdetail attribution="Reuters BIP Coding Group" action="confirmed" date="1996-10-17"/>
  </code>
  <code code="MCAT">
    <editdetail attribution="Reuters BIP Coding Group" action="confirmed" date="1996-10-17"/>
  </code>
</codes>
<dc element="dc.date.created" value="1996-10-17"/>
<dc element="dc.publisher" value="Reuters Holdings Plc"/>
<dc element="dc.date.published" value="1996-10-17"/>
<dc element="dc.source" value="Reuters"/>
<dc element="dc.creator.location" value="PRAGUE"/>
<dc element="dc.creator.location.country.name" value="CZECH REPUBLIC"/>
<dc element="dc.source" value="Reuters"/>
</metadata>
</newsitem>
