<?xml version="1.0" encoding="iso-8859-1" ?>
<newsitem itemid="698523" id="root" date="1997-07-01" xml:lang="en">
<title>CZECH REPUBLIC: CZECH CNB SETS 39-WEEK T-BILL AUCTION FOR WED.</title>
<headline>CZECH CNB SETS 39-WEEK T-BILL AUCTION FOR WED.</headline>
<dateline>PRAGUE 1997-07-01</dateline>
<text>
<p>The Czech Finance Ministry will auction a six billion crown tranche of treasury bills on Wednesday, the Czech National Bank (CNB) said on Tuesday.</p>
<p>The CNB said gross yield in the Dutch-style auction was set at 18.0 percent, while net yield was set at 13.5 percent.</p>
<p>In the last auction of similar paper on March 27, gross yield hit 11.58 percent. The auction was heavily-oversubscribed with bids totalling 9.83 billion crowns. The CNB accepted bids totalling 4.999 billion crowns in the auction of a five billion crown tranche of 39-week T-bills.</p>
<p>-- Prague Newsroom, 420-2-2423-0003</p>
</text>
<copyright>(c) Reuters Limited 1997</copyright>
<metadata>
<codes class="bip:countries:1.0">
  <code code="CZREP">
    <editdetail attribution="Reuters BIP Coding Group" action="confirmed" date="1997-07-01"/>
  </code>
</codes>
<codes class="bip:topics:1.0">
  <code code="M13">
    <editdetail attribution="Reuters BIP Coding Group" action="confirmed" date="1997-07-01"/>
  </code>
  <code code="M131">
    <editdetail attribution="Reuters BIP Coding Group" action="confirmed" date="1997-07-01"/>
  </code>
  <code code="MCAT">
    <editdetail attribution="Reuters BIP Coding Group" action="confirmed" date="1997-07-01"/>
  </code>
</codes>
<dc element="dc.date.created" value="1997-07-01"/>
<dc element="dc.publisher" value="Reuters Holdings Plc"/>
<dc element="dc.date.published" value="1997-07-01"/>
<dc element="dc.source" value="Reuters"/>
<dc element="dc.creator.location" value="PRAGUE"/>
<dc element="dc.creator.location.country.name" value="CZECH REPUBLIC"/>
<dc element="dc.source" value="Reuters"/>
</metadata>
</newsitem>
