<?xml version="1.0" encoding="iso-8859-1" ?>
<newsitem itemid="553676" id="root" date="1997-05-01" xml:lang="en">
<title>USA: U.S. will not eliminate two Army divisions - Pentagon.</title>
<headline>U.S. will not eliminate two Army divisions - Pentagon.</headline>
<byline>Charles Aldinger</byline>
<dateline>WASHINGTON 1997-05-01</dateline>
<text>
<p>The Defence Department said on Thursday it had rejected the possibility of eliminating two of the Army's 10 combat divisions as part of a major review of U.S. military strategy and forces.</p>
<p>&quot;That possibility is off the table,&quot; Pentagon spokesman Ken Bacon said in response to questions on the Quadrennial Defence Review (QDR), which will be sent to Congress on May 15 by Defence Secretary William Cohen.</p>
<p>Published reports have said officials involved in preparing the &quot;QDR&quot; were looking at a proposal to get rid of 50,000 or more of the Army's 495,000 active duty troops to save money for weapons modernisation.</p>
<p>Its already large and diverse consumer banking and mortgage franchise should benefit from ABN AMRO's growing presence in North America.</p>
<p>At the same time, the thrift's operating profile should be materially enhanced by ABN AMRO's superior financial profile and the international scope of its operations. RATINGS RAISED AND REMOVED FROM CREDITWATCH</p>
<p>							 Ratings</p>
<p>						     To	   From</p>
<p>Standard Federal Bancorporation Inc.   Counterparty credit rtg		     AA-	  BBB</p>
<p>  Sub debt					  A+	   BBB-</p>
</text>
<copyright>(c) Reuters Limited 1997</copyright>
<metadata>
<codes class="bip:countries:1.0">
  <code code="USA">
    <editdetail attribution="Reuters BIP Coding Group" action="confirmed" date="1997-05-01"/>
  </code>
</codes>
<codes class="bip:topics:1.0">
  <code code="GCAT">
    <editdetail attribution="Reuters BIP Coding Group" action="confirmed" date="1997-05-01"/>
  </code>
  <code code="GDEF">
    <editdetail attribution="Reuters BIP Coding Group" action="confirmed" date="1997-05-01"/>
  </code>
</codes>
<dc element="dc.date.created" value="1997-05-01"/>
<dc element="dc.publisher" value="Reuters Holdings Plc"/>
<dc element="dc.date.published" value="1997-05-01"/>
<dc element="dc.source" value="Reuters"/>
<dc element="dc.creator.location" value="WASHINGTON"/>
<dc element="dc.creator.location.country.name" value="USA"/>
<dc element="dc.source" value="Reuters"/>
</metadata>
</newsitem>
