<?xml version="1.0" encoding="iso-8859-1" ?>
<newsitem itemid="106073" id="root" date="1996-10-09" xml:lang="en">
<title>UK: EU seen awarding up to 90,000 T sugar at tender.</title>
<headline>EU seen awarding up to 90,000 T sugar at tender.</headline>
<dateline>LONDON 1996-10-09</dateline>
<text>
<p>The European Union (EU) is expected to award up to 90,000 tonnes of current series white sugar at its weekly tender later on Wednesday, traders said.</p>
<p>One trader forecast this week's authorised tonnage at between 85,000 and 90,000 tonnes, after the EU awarded 97,750 tonnes in its last tender on October 2.</p>
<p>But another forecast a lower tonnage range between 40,000 and 70,000 tonnes, noting less pre-hedging than expected in the Matif market on Tuesday.</p>
<p>&quot;There wasn't much hedging in Paris yesterday -- I think people were a bit disappointed about the trend of the currencies as much as anything,&quot; he said.</p>
<p>But traders agreed on the maximum restitution for licences this week and forecast 44.940 Ecus (European Currency Units) per 100 kg of sugar, after last week's 45.064 Ecus.</p>
<p>Export licences are currently valid from October to March.</p>
<p>-- Jeremy Smith, London Newsroom +44 171 542 8064</p>
</text>
<copyright>(c) Reuters Limited 1996</copyright>
<metadata>
<codes class="bip:countries:1.0">
  <code code="EEC">
    <editdetail attribution="Reuters BIP Coding Group" action="confirmed" date="1996-10-09"/>
  </code>
  <code code="UK">
    <editdetail attribution="Reuters BIP Coding Group" action="confirmed" date="1996-10-09"/>
  </code>
</codes>
<codes class="bip:topics:1.0">
  <code code="M14">
    <editdetail attribution="Reuters BIP Coding Group" action="confirmed" date="1996-10-09"/>
  </code>
  <code code="M141">
    <editdetail attribution="Reuters BIP Coding Group" action="confirmed" date="1996-10-09"/>
  </code>
  <code code="MCAT">
    <editdetail attribution="Reuters BIP Coding Group" action="confirmed" date="1996-10-09"/>
  </code>
</codes>
<dc element="dc.date.created" value="1996-10-09"/>
<dc element="dc.publisher" value="Reuters Holdings Plc"/>
<dc element="dc.date.published" value="1996-10-09"/>
<dc element="dc.source" value="Reuters"/>
<dc element="dc.creator.location" value="LONDON"/>
<dc element="dc.creator.location.country.name" value="UK"/>
<dc element="dc.source" value="Reuters"/>
</metadata>
</newsitem>
