<?xml version="1.0" encoding="iso-8859-1" ?>
<newsitem itemid="124114" id="root" date="1996-10-17" xml:lang="en">
<title>FRANCE: EU hikes malt export refund to 35 Ecus.</title>
<headline>EU hikes malt export refund to 35 Ecus.</headline>
<dateline>PARIS 1996-10-17</dateline>
<text>
<p>The European Union on Thursday raised its standing refund for malt exports to 35 Ecus per tonne from a previous level of 32.50 Ecus, EU grain officials said.  </p>
<p>The decision follows weeks of at-times heated debate between the European Commission and malt exporters but falls short of their demands for a refund 30 percent above the underlying export refund for barley.</p>
<p>The EU's cereals management committee, which took the decision at weekly grain talks in Brussels, also issued a little changed barley export refund of a maximum 31 Ecus per tonne.</p>
<p>Applying the maltsters demands to that level would imply a malt refund of 40.3 Ecus per tonne.</p>
<p>Officials said the European Commission remains sceptical about the need for a stronger increase because maltsters have already taken up over a tenth of their annual export capacity of two million tonnes at the original 32.5 Ecus per tonne level.</p>
<p>Latest malt export applications are around 250,000 tonnes.</p>
<p>Malt industry representatives were not immediately available to comment on Thursday's decisions. --Paris newsroom +331 4221 5146</p>
</text>
<copyright>(c) Reuters Limited 1996</copyright>
<metadata>
<codes class="bip:countries:1.0">
  <code code="EEC">
    <editdetail attribution="Reuters BIP Coding Group" action="confirmed" date="1996-10-17"/>
  </code>
</codes>
<codes class="bip:industries:1.0">
  <code code="I01001">
    <editdetail attribution="Reuters BIP Coding Group" action="confirmed" date="1996-10-17"/>
  </code>
  <code code="I0100132">
    <editdetail attribution="Reuters BIP Coding Group" action="confirmed" date="1996-10-17"/>
  </code>
</codes>
<codes class="bip:topics:1.0">
  <code code="C13">
    <editdetail attribution="Reuters BIP Coding Group" action="confirmed" date="1996-10-17"/>
  </code>
  <code code="C17">
    <editdetail attribution="Reuters BIP Coding Group" action="confirmed" date="1996-10-17"/>
  </code>
  <code code="C31">
    <editdetail attribution="Reuters BIP Coding Group" action="confirmed" date="1996-10-17"/>
  </code>
  <code code="C312">
    <editdetail attribution="Reuters BIP Coding Group" action="confirmed" date="1996-10-17"/>
  </code>
  <code code="CCAT">
    <editdetail attribution="Reuters BIP Coding Group" action="confirmed" date="1996-10-17"/>
  </code>
  <code code="G15">
    <editdetail attribution="Reuters BIP Coding Group" action="confirmed" date="1996-10-17"/>
  </code>
  <code code="G153">
    <editdetail attribution="Reuters BIP Coding Group" action="confirmed" date="1996-10-17"/>
  </code>
  <code code="GCAT">
    <editdetail attribution="Reuters BIP Coding Group" action="confirmed" date="1996-10-17"/>
  </code>
  <code code="M14">
    <editdetail attribution="Reuters BIP Coding Group" action="confirmed" date="1996-10-17"/>
  </code>
  <code code="M141">
    <editdetail attribution="Reuters BIP Coding Group" action="confirmed" date="1996-10-17"/>
  </code>
  <code code="MCAT">
    <editdetail attribution="Reuters BIP Coding Group" action="confirmed" date="1996-10-17"/>
  </code>
</codes>
<dc element="dc.date.created" value="1996-10-17"/>
<dc element="dc.publisher" value="Reuters Holdings Plc"/>
<dc element="dc.date.published" value="1996-10-17"/>
<dc element="dc.source" value="Reuters"/>
<dc element="dc.creator.location" value="PARIS"/>
<dc element="dc.creator.location.country.name" value="FRANCE"/>
<dc element="dc.source" value="Reuters"/>
</metadata>
</newsitem>
