<?xml version="1.0" encoding="iso-8859-1" ?>
<newsitem itemid="268967" id="root" date="1996-12-19" xml:lang="en">
<title>FRANCE: FRANCE-TELEVISION-CHINE-CNE-CABLE.</title>
<headline>FRANCE-TELEVISION-CHINE-CNE-CABLE.</headline>
<text>
<p>PARIS, 19 dcembre, Reuter - CNE (Chinese News and Entertainement) est diffuse  partir de jeudi sur les rseaux TV Cble de Paris, Boulogne, Neuilly, Levallois, Vincennes et Saint Mand, annonce TV Cble dans un communiqu.</p>
<p>CNE est accessible, avec le dcodeur Visiopass, de 1h00 5h00 du matin tous les jours sur le canal 21. /DT</p>
</text>
<copyright>(c) Reuters Limited 1996</copyright>
<metadata>
<codes class="bip:countries:1.0">
  <code code="FRA">
    <editdetail attribution="Reuters BIP Coding Group" action="confirmed" date="1996-12-19"/>
  </code>
</codes>
<dc element="dc.publisher" value="Reuters Holdings Plc"/>
<dc element="dc.date.published" value="1996-12-19"/>
<dc element="dc.source" value="Reuters"/>
<dc element="dc.creator.location.country.name" value="FRANCE"/>
<dc element="dc.source" value="Reuters"/>
</metadata>
</newsitem>
