<?xml version="1.0" encoding="iso-8859-1" ?>
<newsitem itemid="21326" id="root" date="1996-08-29" xml:lang="en">
<title>CROATIA: Croatian lending rate climbs to 9.2 from 8.2 pct.</title>
<headline>Croatian lending rate climbs to 9.2 from 8.2 pct.</headline>
<dateline>ZAGREB 1996-08-29</dateline>
<text>
<p>The Croatian average lending rate climbed to 9.2 percent on Thursday from 8.2 percent, boosted by stronger interbank demand for longer-term funds.</p>
<p>Settlements on Zagreb's Money Market were doubled at 24.3 million kuna, against supply hovering at a high 200 million.</p>
<p>Call money jumped to 12 from 8.0 percent on a small placement, dealers said.</p>
<p>One large new 31-366 day loan to a big bank was made at 9.5 percent. The price of these funds for other borrowers was 10-12 percent, pushing the rate up to 9.9 from Tuesday's 9.5 percent.</p>
<p>Insurers kept their short-term rates flat at eight percent.</p>
<p>Wednesday's overnight borrowing by two banks with shortfalls totalled 87.6 million kuna, leaving a supply surplus of 592 million.</p>
<p>The central bank said it stayed out of the foreign exchange market. Its kuna midrate for Friday firmed to 5.2485 versus 5.2530 to the dollar but eased slightly to 3.5547 against the German mark. -- Kolumbina Bencevic, Zagreb Newsroom, 385-1-4557075</p>
</text>
<copyright>(c) Reuters Limited 1996</copyright>
<metadata>
<codes class="bip:countries:1.0">
  <code code="CRTIA">
    <editdetail attribution="Reuters BIP Coding Group" action="confirmed" date="1996-08-29"/>
  </code>
</codes>
<codes class="bip:topics:1.0">
  <code code="M13">
    <editdetail attribution="Reuters BIP Coding Group" action="confirmed" date="1996-08-29"/>
  </code>
  <code code="M131">
    <editdetail attribution="Reuters BIP Coding Group" action="confirmed" date="1996-08-29"/>
  </code>
  <code code="MCAT">
    <editdetail attribution="Reuters BIP Coding Group" action="confirmed" date="1996-08-29"/>
  </code>
</codes>
<dc element="dc.date.created" value="1996-08-29"/>
<dc element="dc.publisher" value="Reuters Holdings Plc"/>
<dc element="dc.date.published" value="1996-08-29"/>
<dc element="dc.source" value="Reuters"/>
<dc element="dc.creator.location" value="ZAGREB"/>
<dc element="dc.creator.location.country.name" value="CROATIA"/>
<dc element="dc.source" value="Reuters"/>
</metadata>
</newsitem>
