<?xml version="1.0" encoding="iso-8859-1" ?>
<newsitem itemid="347035" id="root" date="1997-01-31" xml:lang="en">
<title>USA: Alliant Techsystems may post Q4 gain.</title>
<headline>Alliant Techsystems may post Q4 gain.</headline>
<dateline>MINNEAPOLIS 1997-01-31</dateline>
<text>
<p>Alliant Techsystems Inc said Friday it expects to record an after-tax gain of about $20 million from the sale of its Marine Systems Group if the deal closes by the end of the March 31 fourth quarter as anticipated.</p>
<p>The sale, to Hughes Electronics Corp for about $141 million in cash, is subject to regulatory approval.</p>
<p>&quot;About $90 million of the cash generated from the sale will go toward reducing our debt, which will strengthen our balance sheet and give us the financial flexibility to continue to participate in the consolidation of the defense industry,&quot; said president Richard Schwartz in a statement.</p>
<p>He added, &quot;The debt repayment will lower our debt to total capitalization ratio significantly from the current level of 65 percent and reduce our interest expense accordingly. The balance will be used for our share repurchase program or other strategic initiatives.&quot;</p>
<p>Earlier Friday the aerospace and defense company reported third-quarter earnings from continuing operations of $1.20 a share, excluding an $0.08 a share gain from discontinued operations. Sales gained to $300.8 million from $257.1 million.</p>
<p>	     ((Chicago newsdesk 312 408-8787))</p>
</text>
<copyright>(c) Reuters Limited 1997</copyright>
<metadata>
<codes class="bip:countries:1.0">
  <code code="USA">
    <editdetail attribution="Reuters BIP Coding Group" action="confirmed" date="1997-01-31"/>
  </code>
</codes>
<codes class="bip:industries:1.0">
  <code code="I34430">
    <editdetail attribution="Reuters BIP Coding Group" action="confirmed" date="1997-01-31"/>
  </code>
  <code code="I35101">
    <editdetail attribution="Reuters BIP Coding Group" action="confirmed" date="1997-01-31"/>
  </code>
</codes>
<codes class="bip:topics:1.0">
  <code code="C15">
    <editdetail attribution="Reuters BIP Coding Group" action="confirmed" date="1997-01-31"/>
  </code>
  <code code="C151">
    <editdetail attribution="Reuters BIP Coding Group" action="confirmed" date="1997-01-31"/>
  </code>
  <code code="C18">
    <editdetail attribution="Reuters BIP Coding Group" action="confirmed" date="1997-01-31"/>
  </code>
  <code code="C181">
    <editdetail attribution="Reuters BIP Coding Group" action="confirmed" date="1997-01-31"/>
  </code>
  <code code="CCAT">
    <editdetail attribution="Reuters BIP Coding Group" action="confirmed" date="1997-01-31"/>
  </code>
</codes>
<dc element="dc.date.created" value="1997-01-31"/>
<dc element="dc.publisher" value="Reuters Holdings Plc"/>
<dc element="dc.date.published" value="1997-01-31"/>
<dc element="dc.source" value="Reuters"/>
<dc element="dc.creator.location" value="MINNEAPOLIS"/>
<dc element="dc.creator.location.country.name" value="USA"/>
<dc element="dc.source" value="Reuters"/>
</metadata>
</newsitem>
