<?xml version="1.0" encoding="iso-8859-1" ?>
<newsitem itemid="720101" id="root" date="1997-07-10" xml:lang="en">
<title>USA: May Department June same store sales up.</title>
<headline>May Department June same store sales up.</headline>
<dateline>ST. LOUIS, Mo. 1997-07-10</dateline>
<text>
<p>May Department Stores Co said Thursday its same store sales for the five weeks ended July 5 rose 4.6 percent.</p>
<p>Total sales for June rose 10.4 percent to $1.03 billion from $931.9 million.</p>
<p>For the year-to-date period, same store sales gained 2.9 percent, while total sales rose 8.7 percent to $4.52 billion from $4.16 billion.  </p>
<p>May said its results exclude the sales of stores that have been closed and not replaced. Year-to-date revenues, including sales of non-replaced closed stores and finance charge revenues, wre $4.66 billion in 1997, up from $4.33 billion in 1996.</p>
<p>Year-to-date, the retailer has opened four new department stores. An additional nine new department stores are planned for the remainder of the year.</p>
<p>May operates 366 department stores in 30 states and the District of Columbia.</p>
<p>((Reuters Chicago Newsdesk (312) 408-8787))</p>
</text>
<copyright>(c) Reuters Limited 1997</copyright>
<metadata>
<codes class="bip:countries:1.0">
  <code code="USA">
    <editdetail attribution="Reuters BIP Coding Group" action="confirmed" date="1997-07-10"/>
  </code>
</codes>
<codes class="bip:industries:1.0">
  <code code="I65600">
    <editdetail attribution="Reuters BIP Coding Group" action="confirmed" date="1997-07-10"/>
  </code>
  <code code="I6560002">
    <editdetail attribution="Reuters BIP Coding Group" action="confirmed" date="1997-07-10"/>
  </code>
</codes>
<codes class="bip:topics:1.0">
  <code code="C31">
    <editdetail attribution="Reuters BIP Coding Group" action="confirmed" date="1997-07-10"/>
  </code>
  <code code="CCAT">
    <editdetail attribution="Reuters BIP Coding Group" action="confirmed" date="1997-07-10"/>
  </code>
</codes>
<dc element="dc.date.created" value="1997-07-10"/>
<dc element="dc.publisher" value="Reuters Holdings Plc"/>
<dc element="dc.date.published" value="1997-07-10"/>
<dc element="dc.source" value="Reuters"/>
<dc element="dc.creator.location" value="ST. LOUIS, Mo."/>
<dc element="dc.creator.location.country.name" value="USA"/>
<dc element="dc.source" value="Reuters"/>
</metadata>
</newsitem>
