<?xml version="1.0" encoding="iso-8859-1" ?>
<newsitem itemid="164750" id="root" date="1996-11-04" xml:lang="en">
<title>GERMANY: Bayer plans Russian research venture.</title>
<headline>Bayer plans Russian research venture.</headline>
<dateline>LEVERKUSEN, Germany 1996-11-04</dateline>
<text>
<p>German chemicals and drugs group Bayer AG said on Monday that it planned to cooperate with three research institutes in Russia.</p>
<p>Bayer plans to work with the Shemiakin Institute in Moscow, the Topchiev Institute in Moscow and the Russian Scientific Center for Applied Chemistry in St. Petersburg, the group said in a statement.</p>
<p>Projects will range from researching active ingredients for pharmaceuticals, to organic specialties chemistry and research on materials and process development for polymers, Bayer said.</p>
<p>&quot;The cooperations will open up new prospects for work together on scientific applications projects as well as create market opportunities in the Russian Federation,&quot; Bayer chairman Manfred Schneider said in the statement.</p>
<p>For 1996 Bayer said it expects its sales in the CIS to reach over 150 million marks.</p>
<p>--Frankfurt Newsroom, +49 69 756525</p>
</text>
<copyright>(c) Reuters Limited 1996</copyright>
<metadata>
<codes class="bip:countries:1.0">
  <code code="GFR">
    <editdetail attribution="Reuters BIP Coding Group" action="confirmed" date="1996-11-04"/>
  </code>
  <code code="RUSS">
    <editdetail attribution="Reuters BIP Coding Group" action="confirmed" date="1996-11-04"/>
  </code>
</codes>
<codes class="bip:industries:1.0">
  <code code="I25000">
    <editdetail attribution="Reuters BIP Coding Group" action="confirmed" date="1996-11-04"/>
  </code>
  <code code="I25700">
    <editdetail attribution="Reuters BIP Coding Group" action="confirmed" date="1996-11-04"/>
  </code>
</codes>
<codes class="bip:topics:1.0">
  <code code="C23">
    <editdetail attribution="Reuters BIP Coding Group" action="confirmed" date="1996-11-04"/>
  </code>
  <code code="CCAT">
    <editdetail attribution="Reuters BIP Coding Group" action="confirmed" date="1996-11-04"/>
  </code>
  <code code="GCAT">
    <editdetail attribution="Reuters BIP Coding Group" action="confirmed" date="1996-11-04"/>
  </code>
  <code code="GSCI">
    <editdetail attribution="Reuters BIP Coding Group" action="confirmed" date="1996-11-04"/>
  </code>
</codes>
<dc element="dc.date.created" value="1996-11-04"/>
<dc element="dc.publisher" value="Reuters Holdings Plc"/>
<dc element="dc.date.published" value="1996-11-04"/>
<dc element="dc.source" value="Reuters"/>
<dc element="dc.creator.location" value="LEVERKUSEN, Germany"/>
<dc element="dc.creator.location.country.name" value="GERMANY"/>
<dc element="dc.source" value="Reuters"/>
</metadata>
</newsitem>
