<?xml version="1.0" encoding="iso-8859-1" ?>
<newsitem itemid="739890" id="root" date="1997-07-18" xml:lang="en">
<title>UK: HSBC eases as Morgan Stanley downgrades.</title>
<headline>HSBC eases as Morgan Stanley downgrades.</headline>
<dateline>LONDON 1997-07-18</dateline>
<text>
<p>Shares in HSBC Holdings Plc eased on Friday as Morgan Stanley cut the stock to &quot;neutral&quot; from &quot;outperformer&quot; due to the recent meteoric share price rise.</p>
<p>Morgan Stanley analyst, Nick Collier, said the downgrade was purely to do with the recent share price performance and that his forecasts were unchanged.</p>
<p>&quot;We like the fundamentals it is a lovely stock,&quot; he said.</p>
<p>HSBC fell 38-1/2p to 2,139p and even taking today's fall into account has risen two pounds in the last week. Last Friday the stock opened at 1,937p and ended the week at 1,961-1/2p.</p>
<p>Elsewhere in the banking sector National Westminster Bank gave up Thursday's gain made on the back of speculation that Prudential Corp Plc may make a bid. The stock was 18-1/2p lower at 875p after a 19-1/2p gain yesterday. Pru was 7p lower at 607p.</p>
<p>-- Louise Ireland, London Newsroom +44 171 542 8712</p>
</text>
<copyright>(c) Reuters Limited 1997</copyright>
<metadata>
<codes class="bip:countries:1.0">
  <code code="UK">
    <editdetail attribution="Reuters BIP Coding Group" action="confirmed" date="1997-07-18"/>
  </code>
</codes>
<codes class="bip:industries:1.0">
  <code code="I81402">
    <editdetail attribution="Reuters BIP Coding Group" action="confirmed" date="1997-07-18"/>
  </code>
  <code code="I82001">
    <editdetail attribution="Reuters BIP Coding Group" action="confirmed" date="1997-07-18"/>
  </code>
</codes>
<codes class="bip:topics:1.0">
  <code code="C15">
    <editdetail attribution="Reuters BIP Coding Group" action="confirmed" date="1997-07-18"/>
  </code>
  <code code="C152">
    <editdetail attribution="Reuters BIP Coding Group" action="confirmed" date="1997-07-18"/>
  </code>
  <code code="CCAT">
    <editdetail attribution="Reuters BIP Coding Group" action="confirmed" date="1997-07-18"/>
  </code>
</codes>
<dc element="dc.date.created" value="1997-07-18"/>
<dc element="dc.publisher" value="Reuters Holdings Plc"/>
<dc element="dc.date.published" value="1997-07-18"/>
<dc element="dc.source" value="Reuters"/>
<dc element="dc.creator.location" value="LONDON"/>
<dc element="dc.creator.location.country.name" value="UK"/>
<dc element="dc.source" value="Reuters"/>
</metadata>
</newsitem>
