<?xml version="1.0" encoding="iso-8859-1" ?>
<newsitem itemid="136301" id="root" date="1996-10-23" xml:lang="en">
<title>UK: Queensland 1996 cane area set to rise 5.7 pct.</title>
<headline>Queensland 1996 cane area set to rise 5.7 pct.</headline>
<dateline>LONDON 1996-10-23</dateline>
<text>
<p>The area assigned to sugarcane in Queensland should rise by 5.7 percent in 1996 over the total national area of 525,000 hectares in 1995, the general manager of the Australian Sugar Milling Council said on Wednesday.</p>
<p>Queensland produces some 95 percent of Australia's sugar. &quot;There has been strong support for expansion from existing and new growers, reflecting the pent-up demand from the 1980s as well as market opportunities for Australian raws,&quot; said John Desmarchelier.</p>
<p>Speaking at a two-day seminar hosted by the International Sugar Organization (ISO), Desmarchelier said there had been a planned expansion of Queensland's assigned area of around 44 percent since 1988.</p>
<p>He added that Australia's Sugar Industry Act had authorised the QSC to increase the assigned area to cane by a miminum of 2.5 percent in each year.</p>
<p>-- Jeremy Smith, London Newsroom +44 171 542 8064</p>
</text>
<copyright>(c) Reuters Limited 1996</copyright>
<metadata>
<codes class="bip:countries:1.0">
  <code code="AUSTR">
    <editdetail attribution="Reuters BIP Coding Group" action="confirmed" date="1996-10-23"/>
  </code>
  <code code="UK">
    <editdetail attribution="Reuters BIP Coding Group" action="confirmed" date="1996-10-23"/>
  </code>
</codes>
<codes class="bip:industries:1.0">
  <code code="I01001">
    <editdetail attribution="Reuters BIP Coding Group" action="confirmed" date="1996-10-23"/>
  </code>
  <code code="I0100136">
    <editdetail attribution="Reuters BIP Coding Group" action="confirmed" date="1996-10-23"/>
  </code>
</codes>
<codes class="bip:topics:1.0">
  <code code="C24">
    <editdetail attribution="Reuters BIP Coding Group" action="confirmed" date="1996-10-23"/>
  </code>
  <code code="CCAT">
    <editdetail attribution="Reuters BIP Coding Group" action="confirmed" date="1996-10-23"/>
  </code>
  <code code="M14">
    <editdetail attribution="Reuters BIP Coding Group" action="confirmed" date="1996-10-23"/>
  </code>
  <code code="M141">
    <editdetail attribution="Reuters BIP Coding Group" action="confirmed" date="1996-10-23"/>
  </code>
  <code code="MCAT">
    <editdetail attribution="Reuters BIP Coding Group" action="confirmed" date="1996-10-23"/>
  </code>
</codes>
<dc element="dc.date.created" value="1996-10-23"/>
<dc element="dc.publisher" value="Reuters Holdings Plc"/>
<dc element="dc.date.published" value="1996-10-23"/>
<dc element="dc.source" value="Reuters"/>
<dc element="dc.creator.location" value="LONDON"/>
<dc element="dc.creator.location.country.name" value="UK"/>
<dc element="dc.source" value="Reuters"/>
</metadata>
</newsitem>
