<?xml version="1.0" encoding="iso-8859-1" ?>
<newsitem itemid="779683" id="root" date="1997-08-05" xml:lang="en">
<title>USA: Applied Cellular raises '97 estimates.</title>
<headline>Applied Cellular raises '97 estimates.</headline>
<dateline>NIXA, Mo. 1997-08-05</dateline>
<text>
<p>Applied Cellular Technology Inc said Tuesday it had increased its sales estimate for 1997 to $90 million, and forecast earnings per share of $0.30.</p>
<p>In July, Applied Cellular said it expected revenues for 1997 of $75 million.</p>
<p>In 1996 Applied Cellular earned $0.19 a share on sales of $20.0 million.</p>
<p>Applied Cellular is a specialty telecommunications and high-technology company.</p>
<p>((--Chicago Newsdesk (312) 408-8787))</p>
</text>
<copyright>(c) Reuters Limited 1997</copyright>
<metadata>
<codes class="bip:countries:1.0">
  <code code="USA">
    <editdetail attribution="Reuters BIP Coding Group" action="confirmed" date="1997-08-05"/>
  </code>
</codes>
<codes class="bip:industries:1.0">
  <code code="I33020">
    <editdetail attribution="Reuters BIP Coding Group" action="confirmed" date="1997-08-05"/>
  </code>
</codes>
<codes class="bip:topics:1.0">
  <code code="C15">
    <editdetail attribution="Reuters BIP Coding Group" action="confirmed" date="1997-08-05"/>
  </code>
  <code code="C151">
    <editdetail attribution="Reuters BIP Coding Group" action="confirmed" date="1997-08-05"/>
  </code>
  <code code="C152">
    <editdetail attribution="Reuters BIP Coding Group" action="confirmed" date="1997-08-05"/>
  </code>
  <code code="CCAT">
    <editdetail attribution="Reuters BIP Coding Group" action="confirmed" date="1997-08-05"/>
  </code>
</codes>
<dc element="dc.date.created" value="1997-08-05"/>
<dc element="dc.publisher" value="Reuters Holdings Plc"/>
<dc element="dc.date.published" value="1997-08-05"/>
<dc element="dc.source" value="Reuters"/>
<dc element="dc.creator.location" value="NIXA, Mo."/>
<dc element="dc.creator.location.country.name" value="USA"/>
<dc element="dc.source" value="Reuters"/>
</metadata>
</newsitem>
