<?xml version="1.0" encoding="iso-8859-1" ?>
<newsitem itemid="265899" id="root" date="1996-12-18" xml:lang="en">
<title>PORTUGAL: PRESS DIGEST - Portugal -- Dec 18.</title>
<headline>PRESS DIGEST - Portugal -- Dec 18.</headline>
<dateline>LISBON 1996-12-18</dateline>
<text>
<p>The following are leading domestic stories in Portuguese newspapers.</p>
<p>DIARIO ECONOMICO</p>
<p>- The Portuguese electricity utility EDP and its Spanish equivalent Endesa are preparing to make a strategic alliance which would involve exchanging stakes of one or two percent in each other's share capital, the paper said.</p>
<p>- Former Banco de Fomento e Exterior (BFE) managers are taking legal action against Banco Portugues de Investimento (BPI), which recently bought BFE, for not paying Christmas and holiday bonuses, a source told the paper.</p>
<p>- Loss-making ship repairer Lisnave expects an annual turnover of 30 billion escudos after restructuring.</p>
<p>PUBLICO</p>
<p>- Three public sector unions signed a three percent pay accord with the government but two others rejected the deal.</p>
<p>- Communist Party (PCP) general secretary Carlos Carvalhas told the paper the Socialist Party (PS) had disappointed the voters who brought them to into government late last year.</p>
<p>- Cement company Cimpor remains interested in investing in Brazil and has its eye on Caue and Cimentos Serrana. The acquisition of these two companies would represent an investment of over 40 billion escudos.</p>
<p>DIARIO DE NOTICIAS</p>
<p>- The commissioner of Lisbon's Expo-98 world exhibition Cardoso e Cunha expects the cost of the fair to rise by 32 billion escudos and he wants to raise the share capital of the company organising the event, Parque Expo SA.</p>
<p>- Data published yesterday by the National Statistics Institute (INE) shows business investments are growing.</p>
<p>--Lisbon bureau 3511-3538254</p>
</text>
<copyright>(c) Reuters Limited 1996</copyright>
<metadata>
<codes class="bip:countries:1.0">
  <code code="PORL">
    <editdetail attribution="Reuters BIP Coding Group" action="confirmed" date="1996-12-18"/>
  </code>
</codes>
<codes class="bip:topics:1.0">
  <code code="GCAT">
    <editdetail attribution="Reuters BIP Coding Group" action="confirmed" date="1996-12-18"/>
  </code>
</codes>
<dc element="dc.date.created" value="1996-12-18"/>
<dc element="dc.publisher" value="Reuters Holdings Plc"/>
<dc element="dc.date.published" value="1996-12-18"/>
<dc element="dc.source" value="Reuters"/>
<dc element="dc.creator.location" value="LISBON"/>
<dc element="dc.creator.location.country.name" value="PORTUGAL"/>
<dc element="dc.source" value="Reuters"/>
</metadata>
</newsitem>
