<?xml version="1.0" encoding="iso-8859-1" ?>
<newsitem itemid="361558" id="root" date="1997-02-06" xml:lang="en">
<title>BELGIUM: EU invites Museveni, Moi for Zaire talks.</title>
<headline>EU invites Museveni, Moi for Zaire talks.</headline>
<dateline>BRUSSELS 1997-02-06</dateline>
<text>
<p>The European Commission has invited the leaders of Uganda and Kenya to Brussels for talks on the war in eastern Zaire.</p>
<p>&quot;We have sent out invitations and we hope that they can come in the next few weeks,&quot; a spokesman for the Commission, the EU's executive.</p>
<p>The spokesman said Ugandan president Yoweri Museveni and Kenyan President Daniel Arap Moi had been invited separately.</p>
<p>The two do not see eye-to-eye on the situation in the Great Lakes region where Zairean rebels battling government forces have exacerbated the plight of tens of thousands of Rwandan Hutu refugees.</p>
<p>Uganda has been accused by Zaire of sending troops to fight alongside the rebels, while Kenya has been used as a base by many of the leaders of the former Rwandan army.</p>
<p>The spokesman said former Tanzanian president Julius Nyerere had also been invited to Brussels. Nyerere has been a key figure in trying to negotiate an end to the conflict.</p>
</text>
<copyright>(c) Reuters Limited 1997</copyright>
<metadata>
<codes class="bip:countries:1.0">
  <code code="EEC">
    <editdetail attribution="Reuters BIP Coding Group" action="confirmed" date="1997-02-06"/>
  </code>
  <code code="KENYA">
    <editdetail attribution="Reuters BIP Coding Group" action="confirmed" date="1997-02-06"/>
  </code>
  <code code="UGANDA">
    <editdetail attribution="Reuters BIP Coding Group" action="confirmed" date="1997-02-06"/>
  </code>
  <code code="ZAIRE">
    <editdetail attribution="Reuters BIP Coding Group" action="confirmed" date="1997-02-06"/>
  </code>
</codes>
<codes class="bip:topics:1.0">
  <code code="G15">
    <editdetail attribution="Reuters BIP Coding Group" action="confirmed" date="1997-02-06"/>
  </code>
  <code code="G158">
    <editdetail attribution="Reuters BIP Coding Group" action="confirmed" date="1997-02-06"/>
  </code>
  <code code="GCAT">
    <editdetail attribution="Reuters BIP Coding Group" action="confirmed" date="1997-02-06"/>
  </code>
  <code code="GDIP">
    <editdetail attribution="Reuters BIP Coding Group" action="confirmed" date="1997-02-06"/>
  </code>
  <code code="GVIO">
    <editdetail attribution="Reuters BIP Coding Group" action="confirmed" date="1997-02-06"/>
  </code>
</codes>
<dc element="dc.date.created" value="1997-02-06"/>
<dc element="dc.publisher" value="Reuters Holdings Plc"/>
<dc element="dc.date.published" value="1997-02-06"/>
<dc element="dc.source" value="Reuters"/>
<dc element="dc.creator.location" value="BRUSSELS"/>
<dc element="dc.creator.location.country.name" value="BELGIUM"/>
<dc element="dc.source" value="Reuters"/>
</metadata>
</newsitem>
