<?xml version="1.0" encoding="iso-8859-1" ?>
<newsitem itemid="315835" id="root" date="1997-01-17" xml:lang="en">
<title>BELGIUM: GAC to review former Yugoslavia developments.</title>
<headline>GAC to review former Yugoslavia developments.</headline>
<dateline>BRUSSELS 1997-01-17</dateline>
<text>
<p>European Union foreign ministers will review the crisis in the rump Yugoslavia and the state of reconstruction aid in Bosnia at Monday's General Affairs Council, diplomats said.</p>
<p>They said the ministers would examine the report of former Spanish Prime Minister Felipe Gonzalez on behalf of the Organisation for Security and Cooperation in Europe (OSCE) on the November 17 local elections.</p>
<p>Serbian President Slobodan Milosevic refused to accept the results of the polls which were won by the Zajedno (Together) coalition opposition, triggering huge street protests -- now in their 60th day -- in the biggest challenge yet to his 10-year rule.</p>
<p>The OSCE report vindicated the position of the opposition and said Milosevic should reverse a decision to annul the results.</p>
<p>The opposition has called for more international pressure to force the Serbian strongman to make concessions.</p>
<p>The ministers will also discuss an explicit refusal by Bosnian Serb President Biljana Plavsic to hand over indicted war criminals former Serb leader Radovan Karadzic and his army chief Ratko Mladic.</p>
<p>Plavsic said in a letter to U.N. Secretary-General Kofi Annan such a move would trigger &quot;massive civil and military unrest&quot;.</p>
<p>The issue is unlikely to affect the flow of reconstruction aid to Bosnia, but could see some countries pledging less at a donors' conference slated for later this year.</p>
<p>A preparatory conference this month estimated the country would need $1.4 billion in 1997 to help it continue to recover from the brutal 3 1/2-year war.</p>
</text>
<copyright>(c) Reuters Limited 1997</copyright>
<metadata>
<codes class="bip:countries:1.0">
  <code code="BSHZG">
    <editdetail attribution="Reuters BIP Coding Group" action="confirmed" date="1997-01-17"/>
  </code>
  <code code="EEC">
    <editdetail attribution="Reuters BIP Coding Group" action="confirmed" date="1997-01-17"/>
  </code>
  <code code="YUG">
    <editdetail attribution="Reuters BIP Coding Group" action="confirmed" date="1997-01-17"/>
  </code>
</codes>
<codes class="bip:topics:1.0">
  <code code="E51">
    <editdetail attribution="Reuters BIP Coding Group" action="confirmed" date="1997-01-17"/>
  </code>
  <code code="ECAT">
    <editdetail attribution="Reuters BIP Coding Group" action="confirmed" date="1997-01-17"/>
  </code>
  <code code="G15">
    <editdetail attribution="Reuters BIP Coding Group" action="confirmed" date="1997-01-17"/>
  </code>
  <code code="G158">
    <editdetail attribution="Reuters BIP Coding Group" action="confirmed" date="1997-01-17"/>
  </code>
  <code code="GCAT">
    <editdetail attribution="Reuters BIP Coding Group" action="confirmed" date="1997-01-17"/>
  </code>
  <code code="GDIP">
    <editdetail attribution="Reuters BIP Coding Group" action="confirmed" date="1997-01-17"/>
  </code>
</codes>
<dc element="dc.date.created" value="1997-01-17"/>
<dc element="dc.publisher" value="Reuters Holdings Plc"/>
<dc element="dc.date.published" value="1997-01-17"/>
<dc element="dc.source" value="Reuters"/>
<dc element="dc.creator.location" value="BRUSSELS"/>
<dc element="dc.creator.location.country.name" value="BELGIUM"/>
<dc element="dc.source" value="Reuters"/>
</metadata>
</newsitem>
