<?xml version="1.0" encoding="iso-8859-1" ?>
<newsitem itemid="327146" id="root" date="1997-01-23" xml:lang="en">
<title>USA: National Steel Corp Q4 net rises.</title>
<headline>National Steel Corp Q4 net rises.</headline>
<dateline>MISHAWAKA, Ind. 1997-01-23</dateline>
<text>
<p>(in millions)</p>
<p>					     Three Months  Year Ended</p>
<p>				     Ended December 31,  December 31,</p>
<p>					1996     1995     1996     1995</p>
<p> Net Sales			 $766.5  $740.1 $2,954.0 $2,954.2</p>
<p> Unusual items			0.0     0.0	0.0	5.3</p>
<p> Income from Operations	  32.3     9.4     61.4    131.0</p>
<p>Income Before Income Taxes</p>
<p>   and Extraordinary Item	23.7     0.6     28.9     91.8</p>
<p> Income tax credit		(1.8)  (14.2)   (15.7)   (13.6)</p>
<p>Income Before Extraordinary</p>
<p>   Item				25.5    14.8     44.6    105.4</p>
<p>Extraordinary item, net of</p>
<p>   applicable income tax	  0.0     0.0	0.0	5.4</p>
<p> Net Income			  25.5    14.8     44.5    110.8</p>
<p>Net Income Applicable to</p>
<p>   Common Stock		    22.7    12.1     33.6     99.8</p>
<p>PER SHARE DATA APPLICABLE TO COMMON STOCK:</p>
<p>Income Before Extraordinary</p>
<p>   Item				0.52    0.28     0.78     2.21</p>
<p> Extraordinary item		0.00    0.00     0.00     0.13</p>
<p>Net Income Applicable to</p>
<p>    Common Stock		   0.52    0.28     0.78     2.34</p>
<p>SFAS 106 transition obligation</p>
<p>					 0.10    0.10     0.40     0.39</p>
<p>Adjusted Net Income per Weighted</p>
<p>Average Common Outstanding</p>
<p>   Shares			    0.62    0.38     1.18     2.73</p>
<p>Weighted Average Shares</p>
<p>Outstanding (in thousands)</p>
<p>				     43,288  43,288   43,288   42,707</p>
<p>((Chicago newsdesk 312 408 8787))</p>
</text>
<copyright>(c) Reuters Limited 1997</copyright>
<metadata>
<codes class="bip:countries:1.0">
  <code code="USA">
    <editdetail attribution="Reuters BIP Coding Group" action="confirmed" date="1997-01-23"/>
  </code>
</codes>
<codes class="bip:industries:1.0">
  <code code="I22100">
    <editdetail attribution="Reuters BIP Coding Group" action="confirmed" date="1997-01-23"/>
  </code>
</codes>
<codes class="bip:topics:1.0">
  <code code="C15">
    <editdetail attribution="Reuters BIP Coding Group" action="confirmed" date="1997-01-23"/>
  </code>
  <code code="C151">
    <editdetail attribution="Reuters BIP Coding Group" action="confirmed" date="1997-01-23"/>
  </code>
  <code code="C1511">
    <editdetail attribution="Reuters BIP Coding Group" action="confirmed" date="1997-01-23"/>
  </code>
  <code code="CCAT">
    <editdetail attribution="Reuters BIP Coding Group" action="confirmed" date="1997-01-23"/>
  </code>
</codes>
<dc element="dc.date.created" value="1997-01-23"/>
<dc element="dc.publisher" value="Reuters Holdings Plc"/>
<dc element="dc.date.published" value="1997-01-23"/>
<dc element="dc.source" value="Reuters"/>
<dc element="dc.creator.location" value="MISHAWAKA, Ind."/>
<dc element="dc.creator.location.country.name" value="USA"/>
<dc element="dc.source" value="Reuters"/>
</metadata>
</newsitem>
