<?xml version="1.0" encoding="iso-8859-1" ?>
<newsitem itemid="643866" id="root" date="1997-06-06" xml:lang="en">
<title>UK: London shipsales.</title>
<headline>London shipsales.</headline>
<dateline>LONDON 1997-06-06</dateline>
<text>
<p>Secondhand tonnage brokers reported the sale of the following vessels.</p>
<p>Some of these sales may not be final as they may be subject to survey, inspection or other conditions.</p>
<p>TWEENDECKERS.</p>
<p>Altai - (built 1979) 23,284 dwt sold to Greek buyers for $4.25 million.</p>
<p>BULKERS.</p>
<p>Jag Vivek - (built 1977) 27,032 dwt. Sold to Greek buyers for $2.6 million.</p>
<p>Capo Falcone - (built 1979) 15,775 dwt. Sold for $3 million.</p>
<p>London Newsroom, +44 171 542 7771</p>
</text>
<copyright>(c) Reuters Limited 1997</copyright>
<metadata>
<codes class="bip:countries:1.0">
  <code code="UK">
    <editdetail attribution="Reuters BIP Coding Group" action="confirmed" date="1997-06-06"/>
  </code>
</codes>
<codes class="bip:topics:1.0">
  <code code="M14">
    <editdetail attribution="Reuters BIP Coding Group" action="confirmed" date="1997-06-06"/>
  </code>
  <code code="MCAT">
    <editdetail attribution="Reuters BIP Coding Group" action="confirmed" date="1997-06-06"/>
  </code>
</codes>
<dc element="dc.date.created" value="1997-06-06"/>
<dc element="dc.publisher" value="Reuters Holdings Plc"/>
<dc element="dc.date.published" value="1997-06-06"/>
<dc element="dc.source" value="Reuters"/>
<dc element="dc.creator.location" value="LONDON"/>
<dc element="dc.creator.location.country.name" value="UK"/>
<dc element="dc.source" value="Reuters"/>
</metadata>
</newsitem>
