<?xml version="1.0" encoding="iso-8859-1" ?>
<newsitem itemid="125483" id="root" date="1996-10-17" xml:lang="en">
<title>FRANCE: Lagardere suspended limit up.</title>
<headline>Lagardere suspended limit up.</headline>
<dateline>PARIS 1996-10-17</dateline>
<text>
<p>Shares in Lagardere Groupe were suspended limit up for 15 minutes at the Paris bourse opening.</p>
<p>Lagardere was indicated to open at 200 francs against an upper limit of 146.60.</p>
<p>The French Bourses Association SBF said the new upper limit was at 153.70 francs.  </p>
<p>Lagardere was suspended on Wednesday when the government announced it had selected Lagardere over Alcatel Alsthom to acquire electronics group Thomson SA.</p>
</text>
<copyright>(c) Reuters Limited 1996</copyright>
<metadata>
<codes class="bip:countries:1.0">
  <code code="FRA">
    <editdetail attribution="Reuters BIP Coding Group" action="confirmed" date="1996-10-17"/>
  </code>
</codes>
<codes class="bip:industries:1.0">
  <code code="I83960">
    <editdetail attribution="Reuters BIP Coding Group" action="confirmed" date="1996-10-17"/>
  </code>
</codes>
<codes class="bip:topics:1.0">
  <code code="C14">
    <editdetail attribution="Reuters BIP Coding Group" action="confirmed" date="1996-10-17"/>
  </code>
  <code code="C15">
    <editdetail attribution="Reuters BIP Coding Group" action="confirmed" date="1996-10-17"/>
  </code>
  <code code="C152">
    <editdetail attribution="Reuters BIP Coding Group" action="confirmed" date="1996-10-17"/>
  </code>
  <code code="CCAT">
    <editdetail attribution="Reuters BIP Coding Group" action="confirmed" date="1996-10-17"/>
  </code>
</codes>
<dc element="dc.date.created" value="1996-10-17"/>
<dc element="dc.publisher" value="Reuters Holdings Plc"/>
<dc element="dc.date.published" value="1996-10-17"/>
<dc element="dc.source" value="Reuters"/>
<dc element="dc.creator.location" value="PARIS"/>
<dc element="dc.creator.location.country.name" value="FRANCE"/>
<dc element="dc.source" value="Reuters"/>
</metadata>
</newsitem>
