<?xml version="1.0" encoding="iso-8859-1" ?>
<newsitem itemid="342732" id="root" date="1997-01-29" xml:lang="en">
<title>GERMANY: Lurgi eyes another satisfactory business year.</title>
<headline>Lurgi eyes another satisfactory business year.</headline>
<dateline>FRANKFURT 1997-01-29</dateline>
<text>
<p>German engineering group Lurgi AG, a unit of Metallgesellschaft AG, said on Wednesday that it expected a satisfactory year in 1996/1997.</p>
<p>&quot;The course of the first quarter has put us on course for a satisfactory business year,&quot; management board chairman Heinrich-Werner Mathes said at a news conference.</p>
<p>The business year ends September 30.</p>
<p>Mathes said pre-tax profits in 1995/96 reached 126.5 million marks, up from 113.3 million marks the previous year.  </p>
<p>Turnover at the group in 1995/96 grew to 2.75 billion marks ($1.7 billion) from 1.5 billion the previous year, Lurgi said.</p>
<p>&quot;As in the previous year all our business areas showed a profit,&quot; Mathes said.</p>
<p>--Frankfurt Newsroom, +49 69 756525</p>
<p>($ = 1.651 German Marks)</p>
</text>
<copyright>(c) Reuters Limited 1997</copyright>
<metadata>
<codes class="bip:countries:1.0">
  <code code="GFR">
    <editdetail attribution="Reuters BIP Coding Group" action="confirmed" date="1997-01-29"/>
  </code>
</codes>
<codes class="bip:industries:1.0">
  <code code="I61000">
    <editdetail attribution="Reuters BIP Coding Group" action="confirmed" date="1997-01-29"/>
  </code>
</codes>
<codes class="bip:topics:1.0">
  <code code="C15">
    <editdetail attribution="Reuters BIP Coding Group" action="confirmed" date="1997-01-29"/>
  </code>
  <code code="C152">
    <editdetail attribution="Reuters BIP Coding Group" action="confirmed" date="1997-01-29"/>
  </code>
  <code code="CCAT">
    <editdetail attribution="Reuters BIP Coding Group" action="confirmed" date="1997-01-29"/>
  </code>
</codes>
<dc element="dc.date.created" value="1997-01-29"/>
<dc element="dc.publisher" value="Reuters Holdings Plc"/>
<dc element="dc.date.published" value="1997-01-29"/>
<dc element="dc.source" value="Reuters"/>
<dc element="dc.creator.location" value="FRANKFURT"/>
<dc element="dc.creator.location.country.name" value="GERMANY"/>
<dc element="dc.source" value="Reuters"/>
</metadata>
</newsitem>
