<?xml version="1.0" encoding="iso-8859-1" ?>
<newsitem itemid="407245" id="root" date="1997-02-27" xml:lang="en">
<title>BRAZIL: Brazil Jan 21-Feb 20 IGP-M index rises 0.43 pct.</title>
<headline>Brazil Jan 21-Feb 20 IGP-M index rises 0.43 pct.</headline>
<dateline>SAO PAULO 1997-02-27</dateline>
<text>
<p>Brazilian inflation between Jan 21 and Feb 20 slowed to 0.43 percent, against 1.77 percent between Dec 21 and Jan 20 as measured by the IGP-M index released by the Getulio Vargas Foundation (FGV).</p>
<p>The IGP-M is composed of three other economic indicators: the IPA wholesale price index, which rose 0.27 percent in the period, the IPC consumer price index, which advanced 0.73 percent in the period, and the INCC national index of construction costs, which gained 0.31 percent.</p>
<p>The IPA has a 60 percent weighting in the IGP-M, the IPC a 30 percent weighting and the INCC 10 percent, the FGV said.</p>
<p>The IGP-M index, which measures inflation over 10-day intervals, is published by the independent research institute Fundacao Getulio Vargas (FGV).</p>
<p>((-- Alexandre Caverni, Sao Paulo newsroom, 55-11-2485418.))</p>
</text>
<copyright>(c) Reuters Limited 1997</copyright>
<metadata>
<codes class="bip:countries:1.0">
  <code code="BRAZ">
    <editdetail attribution="Reuters BIP Coding Group" action="confirmed" date="1997-02-27"/>
  </code>
</codes>
<codes class="bip:topics:1.0">
  <code code="E13">
    <editdetail attribution="Reuters BIP Coding Group" action="confirmed" date="1997-02-27"/>
  </code>
  <code code="E131">
    <editdetail attribution="Reuters BIP Coding Group" action="confirmed" date="1997-02-27"/>
  </code>
  <code code="E132">
    <editdetail attribution="Reuters BIP Coding Group" action="confirmed" date="1997-02-27"/>
  </code>
  <code code="ECAT">
    <editdetail attribution="Reuters BIP Coding Group" action="confirmed" date="1997-02-27"/>
  </code>
</codes>
<dc element="dc.date.created" value="1997-02-27"/>
<dc element="dc.publisher" value="Reuters Holdings Plc"/>
<dc element="dc.date.published" value="1997-02-27"/>
<dc element="dc.source" value="Reuters"/>
<dc element="dc.creator.location" value="SAO PAULO"/>
<dc element="dc.creator.location.country.name" value="BRAZIL"/>
<dc element="dc.source" value="Reuters"/>
</metadata>
</newsitem>
