<?xml version="1.0" encoding="iso-8859-1" ?>
<newsitem itemid="131399" id="root" date="1996-10-21" xml:lang="en">
<title>UK: OPEC basket price surges to $23.32 last week.</title>
<headline>OPEC basket price surges to $23.32 last week.</headline>
<dateline>LONDON 1996-10-21</dateline>
<text>
<p>The price of OPEC's basket of seven crudes rose to $23.61 per barrel last week from $23.32 the previous week, the OPEC news agency OPECNA said on Monday.</p>
<p>Quoting figures released by the OPEC Secretariat, it said the price so far this year has averaged $19.54.</p>
<p>In September it averaged $21.68, against $19.94 in August and $19.29 in July.</p>
<p>In the third quarter of 1996 it averaged $20.22, against $19.26 in the second.</p>
<p>The basket comprises Algeria's Saharan Blend, Indonesia's Minas, Nigeria's Bonny Light, Saudi Arabia's Arabian Light, Dubai of the UAE, Venezuela's Tia Juana and Mexico's Isthmus.</p>
<p>-- London Newsroom +44 171 542 7630</p>
</text>
<copyright>(c) Reuters Limited 1996</copyright>
<metadata>
<codes class="bip:countries:1.0">
  <code code="OPEC">
    <editdetail attribution="Reuters BIP Coding Group" action="confirmed" date="1996-10-21"/>
  </code>
  <code code="UK">
    <editdetail attribution="Reuters BIP Coding Group" action="confirmed" date="1996-10-21"/>
  </code>
</codes>
<codes class="bip:topics:1.0">
  <code code="M14">
    <editdetail attribution="Reuters BIP Coding Group" action="confirmed" date="1996-10-21"/>
  </code>
  <code code="M143">
    <editdetail attribution="Reuters BIP Coding Group" action="confirmed" date="1996-10-21"/>
  </code>
  <code code="MCAT">
    <editdetail attribution="Reuters BIP Coding Group" action="confirmed" date="1996-10-21"/>
  </code>
</codes>
<dc element="dc.date.created" value="1996-10-21"/>
<dc element="dc.publisher" value="Reuters Holdings Plc"/>
<dc element="dc.date.published" value="1996-10-21"/>
<dc element="dc.source" value="Reuters"/>
<dc element="dc.creator.location" value="LONDON"/>
<dc element="dc.creator.location.country.name" value="UK"/>
<dc element="dc.source" value="Reuters"/>
</metadata>
</newsitem>
