<?xml version="1.0" encoding="iso-8859-1" ?>
<newsitem itemid="248143" id="root" date="1996-12-10" xml:lang="en">
<title>FRANCE: TELEVISION-NUMERIQUE-ETUDE-INSEE-CSA.</title>
<headline>TELEVISION-NUMERIQUE-ETUDE-INSEE-CSA.</headline>
<text>
<p>PARIS, 10 dcembre, Reuter - La rapidit du succs des nouveaux systmes de diffusion et de rception de tlvision, notamment le systme numrique, dpendra du prix de ces services, selon une tude de l'Insee ralise pour le compte du CSA (Conseil Suprieur de l'Audiovisuel).</p>
<p>&quot;Plus le prix d'entre dans le nouveau paysage audiovisuel sera lev, plus son dveloppement sera lent&quot;, crit l'Insee. L'institut relve galement que l'offre de programmes doit tre &quot;aussi varie que possible&quot;.</p>
<p>&quot;Les oprateurs sont confronts  deux stratgies fondamentalement diffrentes: celle de la 'boutique de luxe' et celle de 'la grande surface&quot;, note l'Insee.</p>
<p>Ainsi, &quot;si ces stratgies peuvent tre concurrentes sur le plan commercial, elles ne peuvent pas l'tre durablement sur le plan technique. Un large dveloppement de la tlvision numrique suppose en effet que l'usager dispose  terme d'un systme d'accs standardis&quot;.</p>
<p>En France, Canal+ a lanc le 27 avril dernier son bouquet numrique Canalsatellite, qui reprsente actuellement autour de 160.000 abonns.</p>
<p>Le lancement de TPS (Tlvision par Satellite), bouquet anim notamment par TF1, est prvu le 16 dcembre tandis que celui d'AB SAT devrait intervenir avant les ftes de fin d'anne.</p>
<p>Evoquant la question de la complmentarit du cble et du satellite, l'Insee tablit que &quot;le dveloppement du satellite n'a pas, du moins pour l'instant, compromis celui du cble et que l'un et l'autre contribuent  crer de nouveaux besoins et de nouvelles habitudes de consommation&quot;.</p>
<p>Au sujet de la place de chanes gratuites et payantes, l'Insee souligne &quot;l'existence d'une relation troite entre le niveau de revenus et le taux de pntration du cble et du satellite, ainsi que l'influence dterminante du cot d'abonnement et des charges permanentes ventuelles sur les dcisions des mnages en matire de TV payante&quot;.</p>
<p>L'tude ralise entre fvrier et mai 1996 recense 1,2 million de foyer quips d'une antenne parabolique (5,3% des foyers) et deux millions de mnages cbls (7,1%).</p>
<p>Les connexions au cble ont t multiplies par 2,3 en quatre ans tandis que les liaisons au satellite ont t multiplis par huit. /DT</p>
</text>
<copyright>(c) Reuters Limited 1996</copyright>
<metadata>
<codes class="bip:countries:1.0">
  <code code="FRA">
    <editdetail attribution="Reuters BIP Coding Group" action="confirmed" date="1996-12-10"/>
  </code>
</codes>
<codes class="bip:topics:1.0">
  <code code="GWELF">
    <editdetail attribution="Reuters BIP Coding Group" action="confirmed" date="1996-12-10"/>
  </code>
</codes>
<dc element="dc.publisher" value="Reuters Holdings Plc"/>
<dc element="dc.date.published" value="1996-12-10"/>
<dc element="dc.source" value="Reuters"/>
<dc element="dc.creator.location.country.name" value="FRANCE"/>
<dc element="dc.source" value="Reuters"/>
</metadata>
</newsitem>
