<?xml version="1.0" encoding="iso-8859-1" ?>
<newsitem itemid="455295" id="root" date="1997-03-20" xml:lang="en">
<title>USA: Iron Mountain says helping fire customers.</title>
<headline>Iron Mountain says helping fire customers.</headline>
<dateline>BOSTON 1997-03-20</dateline>
<text>
<p>Iron Mountain Inc said it is working closely with the about 200 customers affected by the fire at the company's South Brunswick, New Jersey, document storage facility.</p>
<p>The fire, which late Wednesday, caused extensive damage to the building that houses paper records and other documents, the company said. The fire is of suspicious orgin and is under investigation, the company added.</p>
<p>Iron Mountain said it has established temporary headquarters and document recovery services near the building, and that its customers will continue to be served by other company facilities in the New York and New Jersey areas.</p>
<p>The company said the fire destroyed about one million of the roughly 1.2 million cartons of paper records stored at the facility.</p>
<p>Iron Mountain stores billions of paper documents for a variety of corporate, government and institutional customers in 117 facilities nationwide.</p>
</text>
<copyright>(c) Reuters Limited 1997</copyright>
<metadata>
<codes class="bip:countries:1.0">
  <code code="USA">
    <editdetail attribution="Reuters BIP Coding Group" action="confirmed" date="1997-03-20"/>
  </code>
</codes>
<codes class="bip:topics:1.0">
  <code code="C24">
    <editdetail attribution="Reuters BIP Coding Group" action="confirmed" date="1997-03-20"/>
  </code>
  <code code="CCAT">
    <editdetail attribution="Reuters BIP Coding Group" action="confirmed" date="1997-03-20"/>
  </code>
</codes>
<dc element="dc.date.created" value="1997-03-20"/>
<dc element="dc.publisher" value="Reuters Holdings Plc"/>
<dc element="dc.date.published" value="1997-03-20"/>
<dc element="dc.source" value="Reuters"/>
<dc element="dc.creator.location" value="BOSTON"/>
<dc element="dc.creator.location.country.name" value="USA"/>
<dc element="dc.source" value="Reuters"/>
</metadata>
</newsitem>
