<?xml version="1.0" encoding="iso-8859-1" ?>
<newsitem itemid="808325" id="root" date="1997-08-19" xml:lang="en">
<title>ARGENTINA: Argentine cash soybeans up in slow trade.</title>
<headline>Argentine cash soybeans up in slow trade.</headline>
<dateline>BUENOS AIRES 1997-08-19</dateline>
<text>
<p>Argentine cash soybeans ended slightly higher after a day of slow trade with little supply at the Buenos Aires Cereals Exchange Tuesday, traders said.</p>
<p>FAS elevator soybeans gained $2 to $275 for delivery to the port of Buenos Aires. Maize lost $2 to $104 for delivery to Bahia Blanca, with fewer ships in port and demand easing off. Cash sunflower seed gained $1 to $223 for delivery to Rosario, on crusher demand.</p>
<p>(( -- Buenos Aires Newsroom +541 318-0655))</p>
</text>
<copyright>(c) Reuters Limited 1997</copyright>
<metadata>
<codes class="bip:countries:1.0">
  <code code="ARG">
    <editdetail attribution="Reuters BIP Coding Group" action="confirmed" date="1997-08-19"/>
  </code>
</codes>
<codes class="bip:topics:1.0">
  <code code="M14">
    <editdetail attribution="Reuters BIP Coding Group" action="confirmed" date="1997-08-19"/>
  </code>
  <code code="M141">
    <editdetail attribution="Reuters BIP Coding Group" action="confirmed" date="1997-08-19"/>
  </code>
  <code code="MCAT">
    <editdetail attribution="Reuters BIP Coding Group" action="confirmed" date="1997-08-19"/>
  </code>
</codes>
<dc element="dc.date.created" value="1997-08-19"/>
<dc element="dc.publisher" value="Reuters Holdings Plc"/>
<dc element="dc.date.published" value="1997-08-19"/>
<dc element="dc.source" value="Reuters"/>
<dc element="dc.creator.location" value="BUENOS AIRES"/>
<dc element="dc.creator.location.country.name" value="ARGENTINA"/>
<dc element="dc.source" value="Reuters"/>
</metadata>
</newsitem>
