<?xml version="1.0" encoding="iso-8859-1" ?>
<newsitem itemid="382092" id="root" date="1997-02-17" xml:lang="en">
<title>VENEZUELA: Caracas shares end mixed, mostly off in slim trade.</title>
<headline>Caracas shares end mixed, mostly off in slim trade.</headline>
<dateline>CARACAS 1997-02-17</dateline>
<text>
<p>Shares on the Caracas Stock Exchange closed mixed but mostly lower in trade termed sluggish by brokers due to the market holiday in the United States.</p>
<p>According to preliminary figures from the exchange, the market's 19-share .IBC index fell 0.44 percent to 6,613.39 as 13 stocks rose, 20 slipped and 13 closed flat.</p>
<p>&quot;The session was very quiet with little volume due mainly to that fact that it is a holiday in the United States and there were no foreigners,&quot; said Geronimo Paolini of the Vencred brokerage.  </p>
<p>U.S. markets were closed Monday for the Presidents' Day holiday.</p>
<p>Trading volumes were weak, brokers said, with 1.958 billion bolivars ($4.1 million) changing hands.</p>
<p>Among heavily traded stocks, market leaders telephone company CANTV and electric utility Electricidad de Caracas continued their recent strong performances.</p>
<p>CANTV rose 25.00 bolivars to 2,100.00 bolivars while Electricidad edged up 5.50 bolivars to 525.50 bolivars. Steel company Sivensa, meanwhile, slipped 5.95 bolivars to 319.05 bolivars.</p>
<p>((-- Omar Lugo, Caracas newsroom, 582 505 2600))</p>
</text>
<copyright>(c) Reuters Limited 1997</copyright>
<metadata>
<codes class="bip:countries:1.0">
  <code code="VEN">
    <editdetail attribution="Reuters BIP Coding Group" action="confirmed" date="1997-02-17"/>
  </code>
</codes>
<codes class="bip:topics:1.0">
  <code code="M11">
    <editdetail attribution="Reuters BIP Coding Group" action="confirmed" date="1997-02-17"/>
  </code>
  <code code="MCAT">
    <editdetail attribution="Reuters BIP Coding Group" action="confirmed" date="1997-02-17"/>
  </code>
</codes>
<dc element="dc.date.created" value="1997-02-17"/>
<dc element="dc.publisher" value="Reuters Holdings Plc"/>
<dc element="dc.date.published" value="1997-02-17"/>
<dc element="dc.source" value="Reuters"/>
<dc element="dc.creator.location" value="CARACAS"/>
<dc element="dc.creator.location.country.name" value="VENEZUELA"/>
<dc element="dc.source" value="Reuters"/>
</metadata>
</newsitem>
