<?xml version="1.0" encoding="iso-8859-1" ?>
<newsitem itemid="282029" id="root" date="1996-12-31" xml:lang="en">
<title>CHINA: China interbank market rates (CHIBOR) mixed.</title>
<headline>China interbank market rates (CHIBOR) mixed.</headline>
<dateline>SHANGHAI 1996-12-31</dateline>
<text>
<p>Following is the China Interbank Offered Rate (CHIBOR) for Tuesday issued by the official Xinhua news agency on behalf of the People's Bank of China, the central bank.</p>
<p>The figures represent weighted averages and not closing prices and are annual percentage rates.</p>
<p>		 1DAY   7DAY  20DAY  30DAY   60DAY  90DAY  120DAY</p>
<p> TUESDAY    11.020 11.237 11.657 10.470 11.503 11.628 no trade</p>
<p> MONDAY     10.916 11.167 11.091 11.520 11.518 11.958 11.916</p>
<p>Turnover fell to 2.1 billion yuan from 2.5 billion yuan on Monday, with the seven-day contract the most active.  </p>
<p>Traders said turnover fell today with many big institutions no longer in the market following last week's heavy demand for funds to meet obligations before the end of the year.</p>
<p>They said the market widely expected the central bank to cut bank interest rates in the first half of next year due to falling inflation and that this prevented many institutions from build longer-term positions.</p>
<p>Officials with the central bank have declined to comment.</p>
<p>Traders expect the rates to move narrowly in early 1997.</p>
<p>-- Shanghai newsroom (86-21) 6279-7004</p>
</text>
<copyright>(c) Reuters Limited 1996</copyright>
<metadata>
<codes class="bip:countries:1.0">
  <code code="CHINA">
    <editdetail attribution="Reuters BIP Coding Group" action="confirmed" date="1996-12-31"/>
  </code>
</codes>
<codes class="bip:topics:1.0">
  <code code="M13">
    <editdetail attribution="Reuters BIP Coding Group" action="confirmed" date="1996-12-31"/>
  </code>
  <code code="M131">
    <editdetail attribution="Reuters BIP Coding Group" action="confirmed" date="1996-12-31"/>
  </code>
  <code code="MCAT">
    <editdetail attribution="Reuters BIP Coding Group" action="confirmed" date="1996-12-31"/>
  </code>
</codes>
<dc element="dc.date.created" value="1996-12-31"/>
<dc element="dc.publisher" value="Reuters Holdings Plc"/>
<dc element="dc.date.published" value="1996-12-31"/>
<dc element="dc.source" value="Reuters"/>
<dc element="dc.creator.location" value="SHANGHAI"/>
<dc element="dc.creator.location.country.name" value="CHINA"/>
<dc element="dc.source" value="Reuters"/>
</metadata>
</newsitem>
