<?xml version="1.0" encoding="iso-8859-1" ?>
<newsitem itemid="403393" id="root" date="1997-02-26" xml:lang="en">
<title>USA: Vincam Group Inc Q4 shr net up 250 pct.</title>
<headline>Vincam Group Inc Q4 shr net up 250 pct.</headline>
<dateline>CORAL GABLES, Fla. 1997-02-26</dateline>
<text>
<p>(in thousands, except per share data)</p>
<p>				 Fourth Quarter		 Year</p>
<p>				1996	 1995	   1996     1995</p>
<p> Revenues		$127,090  $ 68,548     $395,620 $239,408</p>
<p> Operating Income	 1,513	 436	  4,802    1,241</p>
<p> Net Income		 1,188	 288	  3,586	810</p>
<p> Earnings Per Share	0.14	0.04	   0.46     0.13</p>
<p>Weighted Average</p>
<p>  Shares Outstanding    8,558     6,476	  7,811    6,474</p>
<p>((-- New York Newsdesk 212-859-1610.))</p>
</text>
<copyright>(c) Reuters Limited 1997</copyright>
<metadata>
<codes class="bip:countries:1.0">
  <code code="USA">
    <editdetail attribution="Reuters BIP Coding Group" action="confirmed" date="1997-02-26"/>
  </code>
</codes>
<codes class="bip:industries:1.0">
  <code code="I83954">
    <editdetail attribution="Reuters BIP Coding Group" action="confirmed" date="1997-02-26"/>
  </code>
</codes>
<codes class="bip:topics:1.0">
  <code code="C15">
    <editdetail attribution="Reuters BIP Coding Group" action="confirmed" date="1997-02-26"/>
  </code>
  <code code="C151">
    <editdetail attribution="Reuters BIP Coding Group" action="confirmed" date="1997-02-26"/>
  </code>
  <code code="C1511">
    <editdetail attribution="Reuters BIP Coding Group" action="confirmed" date="1997-02-26"/>
  </code>
  <code code="CCAT">
    <editdetail attribution="Reuters BIP Coding Group" action="confirmed" date="1997-02-26"/>
  </code>
</codes>
<dc element="dc.date.created" value="1997-02-26"/>
<dc element="dc.publisher" value="Reuters Holdings Plc"/>
<dc element="dc.date.published" value="1997-02-26"/>
<dc element="dc.source" value="Reuters"/>
<dc element="dc.creator.location" value="CORAL GABLES, Fla."/>
<dc element="dc.creator.location.country.name" value="USA"/>
<dc element="dc.source" value="Reuters"/>
</metadata>
</newsitem>
