<?xml version="1.0" encoding="iso-8859-1" ?>
<newsitem itemid="150598" id="root" date="1996-10-29" xml:lang="en">
<title>USA: Mandan, N.D. $1.685 mln won by Piper Jaffray.</title>
<headline>Mandan, N.D. $1.685 mln won by Piper Jaffray.</headline>
<dateline>NEW YORK 1996-10-29</dateline>
<text>
<p>Piper Jaffray Inc. said it won $1.685 million of Mandan, N.D., refunding improvement general oblgiation bonds, Series B, with a net interest cost of 4.78 percent.</p>
</text>
<copyright>(c) Reuters Limited 1996</copyright>
<metadata>
<codes class="bip:countries:1.0">
  <code code="USA">
    <editdetail attribution="Reuters BIP Coding Group" action="confirmed" date="1996-10-29"/>
  </code>
</codes>
<codes class="bip:topics:1.0">
  <code code="E21">
    <editdetail attribution="Reuters BIP Coding Group" action="confirmed" date="1996-10-29"/>
  </code>
  <code code="E212">
    <editdetail attribution="Reuters BIP Coding Group" action="confirmed" date="1996-10-29"/>
  </code>
  <code code="ECAT">
    <editdetail attribution="Reuters BIP Coding Group" action="confirmed" date="1996-10-29"/>
  </code>
</codes>
<dc element="dc.date.created" value="1996-10-29"/>
<dc element="dc.publisher" value="Reuters Holdings Plc"/>
<dc element="dc.date.published" value="1996-10-29"/>
<dc element="dc.source" value="Reuters"/>
<dc element="dc.creator.location" value="NEW YORK"/>
<dc element="dc.creator.location.country.name" value="USA"/>
<dc element="dc.source" value="Reuters"/>
</metadata>
</newsitem>
