<?xml version="1.0" encoding="iso-8859-1" ?>
<newsitem itemid="344387" id="root" date="1997-01-30" xml:lang="en">
<title>BELGIUM: Transport talks to tackle tolls technology.</title>
<headline>Transport talks to tackle tolls technology.</headline>
<dateline>BRUSSELS 1997-01-30</dateline>
<text>
<p>The Dutch presidency will present transport ministers on Friday with its ideas on coordinating national electronic systems for road pricing and traffic data collection.</p>
<p>The Netherlands, with its huge road haulage sector, is worried about the prospect of having to fit several different systems in its lorry cabs in order to travel across EU internal borders in the future.</p>
<p>&quot;The presidency has taken note of the fact that much solid work is being done in this area on various levels and in various panels but unfortunately there also seems to be a concurrent lack of coherence and clear setting of priorities,&quot; it said in a press briefing note.</p>
<p>&quot;The development of various systems threatens to result in a rather unsatisfactory situation for international road traffic, since it is very likely that a separate device will have to be installed in the vehicle for each separate system,&quot; it said.</p>
<p>The Dutch want ministers to back efforts to agree standardisation for short-range communications links between vehicles and road-side equipment, to support the launching of more real-life pilot projects and to exchange ideas garnered from national experience.</p>
</text>
<copyright>(c) Reuters Limited 1997</copyright>
<metadata>
<codes class="bip:countries:1.0">
  <code code="EEC">
    <editdetail attribution="Reuters BIP Coding Group" action="confirmed" date="1997-01-30"/>
  </code>
  <code code="NETH">
    <editdetail attribution="Reuters BIP Coding Group" action="confirmed" date="1997-01-30"/>
  </code>
</codes>
<codes class="bip:industries:1.0">
  <code code="I72300">
    <editdetail attribution="Reuters BIP Coding Group" action="confirmed" date="1997-01-30"/>
  </code>
</codes>
<codes class="bip:topics:1.0">
  <code code="C13">
    <editdetail attribution="Reuters BIP Coding Group" action="confirmed" date="1997-01-30"/>
  </code>
  <code code="C24">
    <editdetail attribution="Reuters BIP Coding Group" action="confirmed" date="1997-01-30"/>
  </code>
  <code code="CCAT">
    <editdetail attribution="Reuters BIP Coding Group" action="confirmed" date="1997-01-30"/>
  </code>
  <code code="G15">
    <editdetail attribution="Reuters BIP Coding Group" action="confirmed" date="1997-01-30"/>
  </code>
  <code code="G151">
    <editdetail attribution="Reuters BIP Coding Group" action="confirmed" date="1997-01-30"/>
  </code>
  <code code="G152">
    <editdetail attribution="Reuters BIP Coding Group" action="confirmed" date="1997-01-30"/>
  </code>
  <code code="GCAT">
    <editdetail attribution="Reuters BIP Coding Group" action="confirmed" date="1997-01-30"/>
  </code>
</codes>
<dc element="dc.date.created" value="1997-01-30"/>
<dc element="dc.publisher" value="Reuters Holdings Plc"/>
<dc element="dc.date.published" value="1997-01-30"/>
<dc element="dc.source" value="Reuters"/>
<dc element="dc.creator.location" value="BRUSSELS"/>
<dc element="dc.creator.location.country.name" value="BELGIUM"/>
<dc element="dc.source" value="Reuters"/>
</metadata>
</newsitem>
