<?xml version="1.0" encoding="iso-8859-1" ?>
<newsitem itemid="229526" id="root" date="1996-12-02" xml:lang="en">
<title>NORWAY: Saga sees Santa Fe decision soon.</title>
<headline>Saga sees Santa Fe decision soon.</headline>
<dateline>OSLO 1996-12-02</dateline>
<text>
<p>Share trading in Norwegian oil company Saga Petroleum ASA was suspended on the Oslo bourse on Monday, a bourse statement said.</p>
<p>It said the company expected an announcement soon on negotiations between Saga and Kuwait Petroleum Corp (KPC) in the takeover of British-based Santa Fe Exploration.  </p>
<p>Norway's largest independent oil company was moved onto an observation list on November 26 in view of the talks with KPC on the North Sea exploration group.</p>
<p>Conoco of the United States, a unit of E.I. Du Pont De Nemours and Co, also participated in the bidding.</p>
<p>--Oslo newsroom, +47 22 42 50 41</p>
</text>
<copyright>(c) Reuters Limited 1996</copyright>
<metadata>
<codes class="bip:countries:1.0">
  <code code="NORW">
    <editdetail attribution="Reuters BIP Coding Group" action="confirmed" date="1996-12-02"/>
  </code>
</codes>
<codes class="bip:industries:1.0">
  <code code="I13000">
    <editdetail attribution="Reuters BIP Coding Group" action="confirmed" date="1996-12-02"/>
  </code>
  <code code="I1300003">
    <editdetail attribution="Reuters BIP Coding Group" action="confirmed" date="1996-12-02"/>
  </code>
  <code code="I25000">
    <editdetail attribution="Reuters BIP Coding Group" action="confirmed" date="1996-12-02"/>
  </code>
</codes>
<codes class="bip:topics:1.0">
  <code code="C14">
    <editdetail attribution="Reuters BIP Coding Group" action="confirmed" date="1996-12-02"/>
  </code>
  <code code="CCAT">
    <editdetail attribution="Reuters BIP Coding Group" action="confirmed" date="1996-12-02"/>
  </code>
</codes>
<dc element="dc.date.created" value="1996-12-02"/>
<dc element="dc.publisher" value="Reuters Holdings Plc"/>
<dc element="dc.date.published" value="1996-12-02"/>
<dc element="dc.source" value="Reuters"/>
<dc element="dc.creator.location" value="OSLO"/>
<dc element="dc.creator.location.country.name" value="NORWAY"/>
<dc element="dc.source" value="Reuters"/>
</metadata>
</newsitem>
