<?xml version="1.0" encoding="iso-8859-1" ?>
<newsitem itemid="532556" id="root" date="1997-04-23" xml:lang="en">
<title>FRANCE: Bull says institutional share sale oversubscribed.</title>
<headline>Bull says institutional share sale oversubscribed.</headline>
<dateline>PARIS 1997-04-23</dateline>
<text>
<p>Cie des Machines Bull said on Wednesday its offering of shares to institutional investors had been &quot;greatly oversubscribed.&quot;</p>
<p>&quot;Institutional investors, most of them European, responded very positively to the offer of Bull shares, which was greatly oversubscribed,&quot; Bull said in a statement.</p>
<p>France had on Wednesday morning launched the sale to institutional investors of 14.58 million Bull shares at 38 francs per share.</p>
<p>Another 1.62 million shares were being offered to individual investors at a price of 36 francs a share. Bull did not say how that offer had been received, but it said the number to be offered to individuals could later be increased to as many as 3.1 million shares.</p>
<p>The sale of the shares would reduce France's stake in Bull to 17 percent from the current 30.5 percent.</p>
<p>Other Bull shareholders include France Telecom with 18.7 percent, NEC Corp of Japan and Motorola Inc .</p>
<p>-- Paris newsroom +33 1 4221 5452</p>
</text>
<copyright>(c) Reuters Limited 1997</copyright>
<metadata>
<codes class="bip:countries:1.0">
  <code code="FRA">
    <editdetail attribution="Reuters BIP Coding Group" action="confirmed" date="1997-04-23"/>
  </code>
</codes>
<codes class="bip:industries:1.0">
  <code code="I33020">
    <editdetail attribution="Reuters BIP Coding Group" action="confirmed" date="1997-04-23"/>
  </code>
  <code code="I3302003">
    <editdetail attribution="Reuters BIP Coding Group" action="confirmed" date="1997-04-23"/>
  </code>
</codes>
<codes class="bip:topics:1.0">
  <code code="C17">
    <editdetail attribution="Reuters BIP Coding Group" action="confirmed" date="1997-04-23"/>
  </code>
  <code code="C171">
    <editdetail attribution="Reuters BIP Coding Group" action="confirmed" date="1997-04-23"/>
  </code>
  <code code="C18">
    <editdetail attribution="Reuters BIP Coding Group" action="confirmed" date="1997-04-23"/>
  </code>
  <code code="C183">
    <editdetail attribution="Reuters BIP Coding Group" action="confirmed" date="1997-04-23"/>
  </code>
  <code code="CCAT">
    <editdetail attribution="Reuters BIP Coding Group" action="confirmed" date="1997-04-23"/>
  </code>
</codes>
<dc element="dc.date.created" value="1997-04-23"/>
<dc element="dc.publisher" value="Reuters Holdings Plc"/>
<dc element="dc.date.published" value="1997-04-23"/>
<dc element="dc.source" value="Reuters"/>
<dc element="dc.creator.location" value="PARIS"/>
<dc element="dc.creator.location.country.name" value="FRANCE"/>
<dc element="dc.source" value="Reuters"/>
</metadata>
</newsitem>
