<?xml version="1.0" encoding="iso-8859-1" ?>
<newsitem itemid="619342" id="root" date="1997-05-28" xml:lang="en">
<title>USA: NBA BASKETBALL-MIAMI'S MOURNING, BULLS' RODMAN FINED $5,000 EACH.</title>
<headline>NBA BASKETBALL-MIAMI'S MOURNING, BULLS' RODMAN FINED $5,000 EACH.</headline>
<dateline>NEW YORK 1997-05-28</dateline>
<text>
<p>Miami Heat centre Alonzo Mourning and Chicago Bulls forward Dennis Rodman were fined $5,000 apiece by the NBA on Wednesday for their roles in an altercation in Monday's playoff game.</p>
<p>The Heat beat the Bulls 87-80 Monday at Miami to stay alive in the Eastern Conference final after losing the first three game of the best-of-seven series. Game 5 is Wedesday at Chicago.</p>
<p>Mourning grabbed Rodman and both players went to the floor out of bounds near the baseline with 8:14 left in the fourth quarter.</p>
<p>Mourning ended up putting a headlock on Rodman and there were no ejections. Each player was assessed a technical foul, meaning Rodman has picked up at least one in all 12 of Chicago's playoff games this post-season.</p>
</text>
<copyright>(c) Reuters Limited 1997</copyright>
<metadata>
<codes class="bip:countries:1.0">
  <code code="USA">
    <editdetail attribution="Reuters BIP Coding Group" action="confirmed" date="1997-05-28"/>
  </code>
</codes>
<codes class="bip:topics:1.0">
  <code code="GCAT">
    <editdetail attribution="Reuters BIP Coding Group" action="confirmed" date="1997-05-28"/>
  </code>
  <code code="GSPO">
    <editdetail attribution="Reuters BIP Coding Group" action="confirmed" date="1997-05-28"/>
  </code>
</codes>
<dc element="dc.date.created" value="1997-05-28"/>
<dc element="dc.publisher" value="Reuters Holdings Plc"/>
<dc element="dc.date.published" value="1997-05-28"/>
<dc element="dc.source" value="Reuters"/>
<dc element="dc.creator.location" value="NEW YORK"/>
<dc element="dc.creator.location.country.name" value="USA"/>
<dc element="dc.source" value="Reuters"/>
</metadata>
</newsitem>
