<?xml version="1.0" encoding="iso-8859-1" ?>
<newsitem itemid="472172" id="root" date="1997-03-27" xml:lang="en">
<title>USA: Porta Systems Q4 shr profit $0.18 vs loss. [CORRECTED 22:00 GMT]</title>
<headline>Porta Systems Q4 shr profit $0.18 vs loss. [CORRECTED 22:00 GMT]</headline>
<dateline>SYOSSET, N.Y. 1997-03-27</dateline>
<text>
<p>Porta Systems Corp. and Subsidiaries</p>
<p>	     Condensed Consolidated Statements of Operations</p>
<p>	 For The Year Ended December 31, 1996 and 1995</p>
<p>		 (Dollars in thousands except per share data)</p>
<p>	     Year ended December 31, Quarter ended December 31,</p>
<p>				    1996	1995     1996     1995</p>
<p> Sales			$  57,987 $  61,181  16,511 $  13,189</p>
<p> Gross profit		  21,396     4,737   7,007   (5,916)</p>
<p> Total operating expenses  17,414    24,621   5,155     9,195</p>
<p> Operating income (loss)    3,982  (19,884)   1,852  (15,111)</p>
<p> Interest expense, net    (5,192)   (8,397)  (1,056)  (2,515)</p>
<p> Gain on sale of assets     2,264	   -	 -	   -</p>
<p> Other income (expenses)	402     (884)     340     (242)</p>
<p>Income (loss) before income taxes,</p>
<p>minority interest and</p>
<p>    extraordinary item	1,456  (29,165)   1,136  (17,916)</p>
<p> Income tax expense	     100	  30	72	(40)</p>
<p> Minority interest		104	 102	60	(97)</p>
<p>Income (loss) from</p>
<p>   continuing operations    1,252  (29,297)   1,004  (17,779)</p>
<p>Loss on disposal of</p>
<p>    discontinued operations     -   (3,500)	 -	   -</p>
<p>Extraordinary gain (loss)</p>
<p>on early extinguishment</p>
<p>    of debt		     3,922     1,756	 -     (115)</p>
<p> Net income (loss)	    5,174  (31,041)   1,004  (17,894)</p>
<p>(corrects Net income (loss) for the quarter ended 31, 1995 from (17,984))</p>
<p>Per share amounts</p>
<p>Income (loss) from continuing</p>
<p>     operations		  0.23   (20.05)    0.18   (12.17)</p>
<p>Loss on disposal of</p>
<p>    discontinued operations     -    (2.40)	 -	   -</p>
<p>Income (loss) before</p>
<p>    extraordinary items	0.23   (22.45)    0.18   (12.17)</p>
<p> Extraordinary item	    0.73	1.20	 -  (  0.08)</p>
<p>Net income (loss)</p>
<p>    per share		    0.96   (21.25)    0.18   (12.25)</p>
<p>(correctes Net income (loss) per share for the quarter ended December 31, 1995 from (12.31))</p>
<p>Weighted average shares</p>
<p>outstanding</p>
<p>     (in thousands)	   5,381     1,461   5,467     1,461</p>
<p>The weighted average shares outstanding for 1996 includes common stock equivalents.</p>
<p>-- New York Newsdesk 212 859-1610</p>
</text>
<copyright>(c) Reuters Limited 1997</copyright>
<metadata>
<codes class="bip:countries:1.0">
  <code code="USA">
    <editdetail attribution="Reuters BIP Coding Group" action="confirmed" date="1997-03-27"/>
  </code>
</codes>
<codes class="bip:industries:1.0">
  <code code="I34400">
    <editdetail attribution="Reuters BIP Coding Group" action="confirmed" date="1997-03-27"/>
  </code>
</codes>
<codes class="bip:topics:1.0">
  <code code="C15">
    <editdetail attribution="Reuters BIP Coding Group" action="confirmed" date="1997-03-27"/>
  </code>
  <code code="C151">
    <editdetail attribution="Reuters BIP Coding Group" action="confirmed" date="1997-03-27"/>
  </code>
  <code code="C1511">
    <editdetail attribution="Reuters BIP Coding Group" action="confirmed" date="1997-03-27"/>
  </code>
  <code code="CCAT">
    <editdetail attribution="Reuters BIP Coding Group" action="confirmed" date="1997-03-27"/>
  </code>
</codes>
<dc element="dc.date.created" value="1997-03-27"/>
<dc element="dc.publisher" value="Reuters Holdings Plc"/>
<dc element="dc.date.published" value="1997-03-27"/>
<dc element="dc.source" value="Reuters"/>
<dc element="dc.creator.location" value="SYOSSET, N.Y."/>
<dc element="dc.creator.location.country.name" value="USA"/>
<dc element="dc.source" value="Reuters"/>
</metadata>
</newsitem>
