<?xml version="1.0" encoding="iso-8859-1" ?>
<newsitem itemid="620293" id="root" date="1997-05-28" xml:lang="en">
<title>USA: PRESALE - Harris Cty MUD 304, Texas.</title>
<headline>PRESALE - Harris Cty MUD 304, Texas.</headline>
<text>
<p>AMT: 1,400,000	DATE: 05/29/97	NYC Time: 1300	CUSIP: 0</p>
<p>ISSUER: Harris Cty Municipal Utility District 304	     ST: TX</p>
<p>ISSUE: Series 1997						     TAX STAT: Exempt-ULT</p>
<p>M/SP/F: NA/NA/NA							  BOOK ENTRY: N</p>
<p>ENHANCEMENTS: None							BANK QUAL: Y</p>
<p>DTD: 06/01/97							     SURE BID: N</p>
<p>DUE: 9/1/98-18						SR MGR:</p>
<p>1ST CPN: 03/01/98</p>
<p>CALL: 9/1/06 @ par					  NIC</p>
<p>DELIVERY: 6/26/97 approx				  ORDERS:</p>
<p>PAYING AGENT: Texas Commerce Bank Natl, Bank. Dallas</p>
<p>L.O.: Schwartz, Page, Harding, Houston</p>
<p>F.A.: Rauscher Pierce Refsnes, Inc., Houston</p>
<p>LAST SALE: None</p>
<p>Year		     Amount    Coupon     Yield     Price  Conc.</p>
<p>1998			5,000</p>
<p>1999		     35,000</p>
<p>2000		     40,000</p>
<p>2001		     40,000</p>
<p>2002		     45,000</p>
<p>2003		     45,000</p>
<p>2004		     50,000</p>
<p>2005		     55,000</p>
<p>2006		     55,000</p>
<p>2007		     60,000</p>
<p>2008		     65,000</p>
<p>2009		     70,000</p>
<p>2010		     70,000</p>
<p>2011		     75,000</p>
<p>2012		     80,000</p>
<p>2013		     85,000</p>
<p>2014		     90,000</p>
<p>2015		    100,000</p>
<p>2016		    105,000</p>
<p>2017		    110,000</p>
<p>2018		    120,000</p>
<p>COMPETITIVE PRE-SALE CONTRIBUTED BY J.J. KENNY K-SHEETS:</p>
</text>
<copyright>(c) Reuters Limited 1997</copyright>
<metadata>
<codes class="bip:countries:1.0">
  <code code="USA">
    <editdetail attribution="Reuters BIP Coding Group" action="confirmed" date="1997-05-28"/>
  </code>
</codes>
<codes class="bip:topics:1.0">
  <code code="E21">
    <editdetail attribution="Reuters BIP Coding Group" action="confirmed" date="1997-05-28"/>
  </code>
  <code code="E212">
    <editdetail attribution="Reuters BIP Coding Group" action="confirmed" date="1997-05-28"/>
  </code>
  <code code="ECAT">
    <editdetail attribution="Reuters BIP Coding Group" action="confirmed" date="1997-05-28"/>
  </code>
</codes>
<dc element="dc.publisher" value="Reuters Holdings Plc"/>
<dc element="dc.date.published" value="1997-05-28"/>
<dc element="dc.source" value="Reuters"/>
<dc element="dc.creator.location.country.name" value="USA"/>
<dc element="dc.source" value="Reuters"/>
</metadata>
</newsitem>
