<?xml version="1.0" encoding="iso-8859-1" ?>
<newsitem itemid="322827" id="root" date="1997-01-21" xml:lang="en">
<title>FRANCE: France condemns clubbing by Belgrade police.</title>
<headline>France condemns clubbing by Belgrade police.</headline>
<dateline>PARIS 1997-01-21</dateline>
<text>
<p>France condemned Belgrade police on Tuesday for clubbing demonstrators and again urged the Belgrade government to recognise municipal elections which have prompted nine weeks of mass street protests.</p>
<p>&quot;We strongly deplore the violence committed yesterday evening in Belgrade against several demonstrators,&quot; Foreign Ministry spokesman Jacques Rummelhardt told reporters.</p>
<p>He said the incidents were all the more worrying given the fact that Belgrade was resorting to legal quibbling to delay recognising the elections.</p>
<p>&quot;We therefore once again caution the Belgrade authorities against any attempt to use repression and we invite them not to delay any longer the recognition of the electoral results of November 17, 1996,&quot; Rummelhardt said.</p>
<p>The street protests over the nullified municipal elections won by an opposition bloc degenerated into rare violence on Monday night when weary riot police dispensed with restraint and clubbed some demonstrators in Belgrade.</p>
<p>Serbia's Zajedno (Together) opposition coalition is campaigning to reverse Socialist authorities' annulment of election results in 14 major Serbian towns on grounds of murky &quot;irregularities&quot;.</p>
</text>
<copyright>(c) Reuters Limited 1997</copyright>
<metadata>
<codes class="bip:countries:1.0">
  <code code="FRA">
    <editdetail attribution="Reuters BIP Coding Group" action="confirmed" date="1997-01-21"/>
  </code>
  <code code="YUG">
    <editdetail attribution="Reuters BIP Coding Group" action="confirmed" date="1997-01-21"/>
  </code>
</codes>
<codes class="bip:topics:1.0">
  <code code="GCAT">
    <editdetail attribution="Reuters BIP Coding Group" action="confirmed" date="1997-01-21"/>
  </code>
  <code code="GDIP">
    <editdetail attribution="Reuters BIP Coding Group" action="confirmed" date="1997-01-21"/>
  </code>
  <code code="GPOL">
    <editdetail attribution="Reuters BIP Coding Group" action="confirmed" date="1997-01-21"/>
  </code>
  <code code="GVIO">
    <editdetail attribution="Reuters BIP Coding Group" action="confirmed" date="1997-01-21"/>
  </code>
</codes>
<dc element="dc.date.created" value="1997-01-21"/>
<dc element="dc.publisher" value="Reuters Holdings Plc"/>
<dc element="dc.date.published" value="1997-01-21"/>
<dc element="dc.source" value="Reuters"/>
<dc element="dc.creator.location" value="PARIS"/>
<dc element="dc.creator.location.country.name" value="FRANCE"/>
<dc element="dc.source" value="Reuters"/>
</metadata>
</newsitem>
