<?xml version="1.0" encoding="iso-8859-1" ?>
<newsitem itemid="105699" id="root" date="1996-10-09" xml:lang="en">
<title>PAKISTAN: Pakistan money rates end up despite funds inflow.</title>
<headline>Pakistan money rates end up despite funds inflow.</headline>
<dateline>KARACHI, Pakistan 1996-10-09</dateline>
<text>
<p>Pakistan's inter-bank money rates stayed high on Wednesday despite an inflow of about 1.6 billion rupees on maturity of federal investment bonds and T-bills, dealers said.</p>
<p>They said rates were likely to remain firm on Thursday as no major inflow was expected. The market remained sluggish and overnight funds were traded at 17 percent as the inflows could not offset the liquidity shortage, one dealer said.</p>
<p>The inflows reduced the amount discounted to about five billion rupees from 6.5 billion rupees on Tuesday, he said.</p>
<p>-- Ovais Subhani 9221-5685192</p>
</text>
<copyright>(c) Reuters Limited 1996</copyright>
<metadata>
<codes class="bip:countries:1.0">
  <code code="PAKIS">
    <editdetail attribution="Reuters BIP Coding Group" action="confirmed" date="1996-10-09"/>
  </code>
</codes>
<codes class="bip:topics:1.0">
  <code code="M13">
    <editdetail attribution="Reuters BIP Coding Group" action="confirmed" date="1996-10-09"/>
  </code>
  <code code="M131">
    <editdetail attribution="Reuters BIP Coding Group" action="confirmed" date="1996-10-09"/>
  </code>
  <code code="MCAT">
    <editdetail attribution="Reuters BIP Coding Group" action="confirmed" date="1996-10-09"/>
  </code>
</codes>
<dc element="dc.date.created" value="1996-10-09"/>
<dc element="dc.publisher" value="Reuters Holdings Plc"/>
<dc element="dc.date.published" value="1996-10-09"/>
<dc element="dc.source" value="Reuters"/>
<dc element="dc.creator.location" value="KARACHI, Pakistan"/>
<dc element="dc.creator.location.country.name" value="PAKISTAN"/>
<dc element="dc.source" value="Reuters"/>
</metadata>
</newsitem>
