<?xml version="1.0" encoding="iso-8859-1" ?>
<newsitem itemid="127952" id="root" date="1996-10-18" xml:lang="en">
<title>AUSTRALIA: RTRS-Mayne falls on Optus float nerves.</title>
<headline>RTRS-Mayne falls on Optus float nerves.</headline>
<dateline>SYDNEY 1996-10-18</dateline>
<text>
<p>Shares in Mayne Nickless Ltd were down over two percent on Friday on uncertainty surrounding the proposed float of Optus Communications Pty Ltd, in which Mayne has a 25 percent stake.  </p>
<p>At 11.05 a.m. (0100 GMT), Mayne shares were 23 cents lower at A$8.05 in an overall stronger market and its lowest level since late August.</p>
<p>&quot;It's due to the fact that the Optus float is theoretically delayed, until Optus Vision can come to some sort of settlement with Seven (Network Ltd ),&quot; one Melbourne broker said.</p>
<p>On Thursday, the News South Wales Supreme Court handed an interim direction that there would be a hearing to a legal dispute between Optus Vision and Seven over Seven's claims that Optus Vision has breached an earlier agreement. The hearing could delay Optus' float planned for later this year.  </p>
<p>Optus Vision is 46.5 percent owned by Optus Communications.</p>
<p>Optus is 24.5 percent owned each by BellSouth Corp of the United States and Cable and Wireless Plc of Britain.</p>
<p>&quot;Their (Mayne's) shares will be affected while all this argy-bargy is going on,&quot; the broker said.</p>
<p>Seven owns two percent of Optus Vision and has an option to increase its stake to 15 percent. The television network is also a key sports programming supplier to Optus Vision, a pay television operator.  </p>
<p>At 11.15 a.m. (0115 GMT), Seven shares were five cents up at A$3.95. Seven has traded in a band between A$3.66 and A$4.12 over the past month.</p>
<p>-- Sydney Newsroom 61-2 9373-1800</p>
</text>
<copyright>(c) Reuters Limited 1996</copyright>
<metadata>
<codes class="bip:countries:1.0">
  <code code="AUSTR">
    <editdetail attribution="Reuters BIP Coding Group" action="confirmed" date="1996-10-18"/>
  </code>
</codes>
<codes class="bip:industries:1.0">
  <code code="I77002">
    <editdetail attribution="Reuters BIP Coding Group" action="confirmed" date="1996-10-18"/>
  </code>
  <code code="I79020">
    <editdetail attribution="Reuters BIP Coding Group" action="confirmed" date="1996-10-18"/>
  </code>
  <code code="I9741102">
    <editdetail attribution="Reuters BIP Coding Group" action="confirmed" date="1996-10-18"/>
  </code>
</codes>
<codes class="bip:topics:1.0">
  <code code="C14">
    <editdetail attribution="Reuters BIP Coding Group" action="confirmed" date="1996-10-18"/>
  </code>
  <code code="C15">
    <editdetail attribution="Reuters BIP Coding Group" action="confirmed" date="1996-10-18"/>
  </code>
  <code code="C152">
    <editdetail attribution="Reuters BIP Coding Group" action="confirmed" date="1996-10-18"/>
  </code>
  <code code="C17">
    <editdetail attribution="Reuters BIP Coding Group" action="confirmed" date="1996-10-18"/>
  </code>
  <code code="C171">
    <editdetail attribution="Reuters BIP Coding Group" action="confirmed" date="1996-10-18"/>
  </code>
  <code code="CCAT">
    <editdetail attribution="Reuters BIP Coding Group" action="confirmed" date="1996-10-18"/>
  </code>
</codes>
<dc element="dc.date.created" value="1996-10-18"/>
<dc element="dc.publisher" value="Reuters Holdings Plc"/>
<dc element="dc.date.published" value="1996-10-18"/>
<dc element="dc.source" value="Reuters"/>
<dc element="dc.creator.location" value="SYDNEY"/>
<dc element="dc.creator.location.country.name" value="AUSTRALIA"/>
<dc element="dc.source" value="Reuters"/>
</metadata>
</newsitem>
