<?xml version="1.0" encoding="iso-8859-1" ?>
<newsitem itemid="387086" id="root" date="1997-02-19" xml:lang="en">
<title>USA: Warnaco Group Inc Q4 shr $0.49 vs $0.16.</title>
<headline>Warnaco Group Inc Q4 shr $0.49 vs $0.16.</headline>
<dateline>NEW YORK 1997-02-19</dateline>
<text>
<p>1996			1995</p>
<p> Shr profit		 $0.49   profit	 $0.16</p>
<p> Oper shr profit	  $0.49   profit	 $0.36</p>
<p> Net profit		26,215   profit	 8,517</p>
<p> Revs		     342,528		  271,059</p>
<p> Avg shrs primary	53,655		   53,187</p>
<p>	     MONTHS</p>
<p> Shr loss		   $0.16   profit	 $1.03</p>
<p> Oper shr profit	   1.51   profit	  1.26</p>
<p> Net loss		   8,239   profit	46,493</p>
<p> Revs		   1,063,823		  916,179</p>
<p> Avg shrs primary	53,529		   45,278</p>
<p>(All data above 000s except per share numbers)</p>
<p>NOTE: Net income in fiscal 1996 includes after-tax charge of $87.0 million, or $1.62 per share, for costs associated with previously recorded realignment of intimate apparel division and decision to exit the Hathaway men's dress shirt business, as well as an after-tax charge of $1.8 million associated with terminated merger with Authentic Fitness Corp.</p>
</text>
<copyright>(c) Reuters Limited 1997</copyright>
<metadata>
<codes class="bip:countries:1.0">
  <code code="USA">
    <editdetail attribution="Reuters BIP Coding Group" action="confirmed" date="1997-02-19"/>
  </code>
</codes>
<codes class="bip:industries:1.0">
  <code code="I45300">
    <editdetail attribution="Reuters BIP Coding Group" action="confirmed" date="1997-02-19"/>
  </code>
</codes>
<codes class="bip:topics:1.0">
  <code code="C15">
    <editdetail attribution="Reuters BIP Coding Group" action="confirmed" date="1997-02-19"/>
  </code>
  <code code="C151">
    <editdetail attribution="Reuters BIP Coding Group" action="confirmed" date="1997-02-19"/>
  </code>
  <code code="C1511">
    <editdetail attribution="Reuters BIP Coding Group" action="confirmed" date="1997-02-19"/>
  </code>
  <code code="CCAT">
    <editdetail attribution="Reuters BIP Coding Group" action="confirmed" date="1997-02-19"/>
  </code>
</codes>
<dc element="dc.date.created" value="1997-02-19"/>
<dc element="dc.publisher" value="Reuters Holdings Plc"/>
<dc element="dc.date.published" value="1997-02-19"/>
<dc element="dc.source" value="Reuters"/>
<dc element="dc.creator.location" value="NEW YORK"/>
<dc element="dc.creator.location.country.name" value="USA"/>
<dc element="dc.source" value="Reuters"/>
</metadata>
</newsitem>
