<?xml version="1.0" encoding="iso-8859-1" ?>
<newsitem itemid="540960" id="root" date="1997-04-25" xml:lang="en">
<title>JAPAN: Toyo Asano - 96/97 parent results.</title>
<headline>Toyo Asano - 96/97 parent results.</headline>
<dateline>TOKYO 1997-04-25</dateline>
<text>
<p>Year to February 28, 1997</p>
<p> (Parent)	(in billions of yen unless specified)</p>
<p> Sales		 12.21		vs	    9.74</p>
<p> Operating	  482    million    vs	  476    million</p>
<p> Current	    400    million    vs	  336    million</p>
<p> Net		  182    million    vs	  135    million</p>
<p> EPS		  181.77 yen	  vs	  134.74 yen</p>
<p> Diluted EPS	     -		vs		 -</p>
<p> Shares		1 million	  vs	   1 million</p>
<p> Ord div		6.00 yen	  vs	   50.00 yen</p>
<p>NOTE - Toyo Asano Foundation Co Ltd is a prestressed concrete pile maker.</p>
</text>
<copyright>(c) Reuters Limited 1997</copyright>
<metadata>
<codes class="bip:countries:1.0">
  <code code="JAP">
    <editdetail attribution="Reuters BIP Coding Group" action="confirmed" date="1997-04-25"/>
  </code>
</codes>
<codes class="bip:industries:1.0">
  <code code="I24000">
    <editdetail attribution="Reuters BIP Coding Group" action="confirmed" date="1997-04-25"/>
  </code>
</codes>
<codes class="bip:topics:1.0">
  <code code="C15">
    <editdetail attribution="Reuters BIP Coding Group" action="confirmed" date="1997-04-25"/>
  </code>
  <code code="C151">
    <editdetail attribution="Reuters BIP Coding Group" action="confirmed" date="1997-04-25"/>
  </code>
  <code code="C1511">
    <editdetail attribution="Reuters BIP Coding Group" action="confirmed" date="1997-04-25"/>
  </code>
  <code code="CCAT">
    <editdetail attribution="Reuters BIP Coding Group" action="confirmed" date="1997-04-25"/>
  </code>
</codes>
<dc element="dc.date.created" value="1997-04-25"/>
<dc element="dc.publisher" value="Reuters Holdings Plc"/>
<dc element="dc.date.published" value="1997-04-25"/>
<dc element="dc.source" value="Reuters"/>
<dc element="dc.creator.location" value="TOKYO"/>
<dc element="dc.creator.location.country.name" value="JAPAN"/>
<dc element="dc.source" value="Reuters"/>
</metadata>
</newsitem>
