<?xml version="1.0" encoding="iso-8859-1" ?>
<newsitem itemid="144273" id="root" date="1996-10-25" xml:lang="en">
<title>USA: Medical Action Industries Q2 net, shr up.</title>
<headline>Medical Action Industries Q2 net, shr up.</headline>
<dateline>HAUPPAUGE, N.Y. 1996-10-24</dateline>
<text>
<p>(Unaudited)</p>
<p>	   For the Three Months Ended  For the Six Months Ended</p>
<p>			 9/30/96    9/30/95     9/30/96     9/30/95</p>
<p> Net sales     $11,496,000 $9,865,000 $22,368,000 $19,306,000</p>
<p>Income before</p>
<p>  taxes		501,000    349,000     746,000     571,000</p>
<p> Net income	  294,000    211,000     433,000     336,000</p>
<p>Earnings per</p>
<p>  share		    .04	  .03	   .05	   .04</p>
<p>Weighted average</p>
<p>number of shares</p>
<p>   outstanding   8,374,819  8,243,278   8,432,358   8,167,283</p>
<p>NOTE: Full name of company is Medical Action Industries Inc.</p>
<p>-- New York Newsdesk 212 859-1610</p>
</text>
<copyright>(c) Reuters Limited 1996</copyright>
<metadata>
<codes class="bip:countries:1.0">
  <code code="USA">
    <editdetail attribution="Reuters BIP Coding Group" action="confirmed" date="1996-10-25"/>
  </code>
</codes>
<codes class="bip:industries:1.0">
  <code code="I47200">
    <editdetail attribution="Reuters BIP Coding Group" action="confirmed" date="1996-10-25"/>
  </code>
</codes>
<codes class="bip:topics:1.0">
  <code code="C15">
    <editdetail attribution="Reuters BIP Coding Group" action="confirmed" date="1996-10-25"/>
  </code>
  <code code="C151">
    <editdetail attribution="Reuters BIP Coding Group" action="confirmed" date="1996-10-25"/>
  </code>
  <code code="CCAT">
    <editdetail attribution="Reuters BIP Coding Group" action="confirmed" date="1996-10-25"/>
  </code>
</codes>
<dc element="dc.date.created" value="1996-10-24"/>
<dc element="dc.publisher" value="Reuters Holdings Plc"/>
<dc element="dc.date.published" value="1996-10-25"/>
<dc element="dc.source" value="Reuters"/>
<dc element="dc.creator.location" value="HAUPPAUGE, N.Y."/>
<dc element="dc.creator.location.country.name" value="USA"/>
<dc element="dc.source" value="Reuters"/>
</metadata>
</newsitem>
