<?xml version="1.0" encoding="iso-8859-1" ?>
<newsitem itemid="738734" id="root" date="1997-07-18" xml:lang="en">
<title>MACEDONIA: Macedonia to get $60 mln EU loan next week.</title>
<headline>Macedonia to get $60 mln EU loan next week.</headline>
<dateline>SKOPJE 1997-07-18</dateline>
<text>
<p>The European Union Council of Ministers will approve on July 22 a $60 million loan to Macedonia to support its macro-financial policy, Macedonian deputy prime minister Zlatka Popovska said on Friday.</p>
<p>&quot;The (42 million Ecu) credit is to be extended by the end of the year,&quot; she told a news conference.</p>
<p>The first 25 million Ecu instalment is planned for September but is conditioned with repayment of a Macedonian 27 million Ecu debt to the European Investment Bank. The second instalment is planned for October or November.</p>
<p>The credit with a 10-year grace period will be repaid in 15 years and carries interest equal to LIBOR plus 0.5 percent.</p>
<p>&quot;The credit is to financially support our country and will enable us to fulfil our obligations to the Investment Bank as soon as possible,&quot; said Popovska.</p>
<p>She insisted the credit will help implement the cooperation protocol on 150 million Ecus, which automatically ensues after signing a cooperation agreement with the EU. -- Mircela Casule, Skopje newsroom, +389 91 201 196</p>
</text>
<copyright>(c) Reuters Limited 1997</copyright>
<metadata>
<codes class="bip:countries:1.0">
  <code code="EEC">
    <editdetail attribution="Reuters BIP Coding Group" action="confirmed" date="1997-07-18"/>
  </code>
  <code code="MCDNIA">
    <editdetail attribution="Reuters BIP Coding Group" action="confirmed" date="1997-07-18"/>
  </code>
</codes>
<codes class="bip:topics:1.0">
  <code code="E21">
    <editdetail attribution="Reuters BIP Coding Group" action="confirmed" date="1997-07-18"/>
  </code>
  <code code="E212">
    <editdetail attribution="Reuters BIP Coding Group" action="confirmed" date="1997-07-18"/>
  </code>
  <code code="E51">
    <editdetail attribution="Reuters BIP Coding Group" action="confirmed" date="1997-07-18"/>
  </code>
  <code code="ECAT">
    <editdetail attribution="Reuters BIP Coding Group" action="confirmed" date="1997-07-18"/>
  </code>
  <code code="G15">
    <editdetail attribution="Reuters BIP Coding Group" action="confirmed" date="1997-07-18"/>
  </code>
  <code code="G158">
    <editdetail attribution="Reuters BIP Coding Group" action="confirmed" date="1997-07-18"/>
  </code>
  <code code="GCAT">
    <editdetail attribution="Reuters BIP Coding Group" action="confirmed" date="1997-07-18"/>
  </code>
</codes>
<dc element="dc.date.created" value="1997-07-18"/>
<dc element="dc.publisher" value="Reuters Holdings Plc"/>
<dc element="dc.date.published" value="1997-07-18"/>
<dc element="dc.source" value="Reuters"/>
<dc element="dc.creator.location" value="SKOPJE"/>
<dc element="dc.creator.location.country.name" value="MACEDONIA"/>
<dc element="dc.source" value="Reuters"/>
</metadata>
</newsitem>
