<?xml version="1.0" encoding="iso-8859-1" ?>
<newsitem itemid="784666" id="root" date="1997-08-07" xml:lang="en">
<title>CROATIA: Croatia offers ex-Serb public property for sale.</title>
<headline>Croatia offers ex-Serb public property for sale.</headline>
<dateline>ZAGREB 1997-08-07</dateline>
<text>
<p>Croatia has opened a public tender for the sale of 51 holiday resorts on its Adriatic coast which were previously owned by state-run companies from Serbia and Montenegro, Slobodna Dalmacija daily said on Thursday.</p>
<p>The Privatisation Fund's reserve price for 36,000 square metres of facilities located along the coast and on islands totals almost 31 million marks ($16.5 million).</p>
<p>State-run companies from other former Yugoslav republics, including Serbia and Montenegro, owned rest and recreation facilities on the Adriatic coast before Croatia's 1991 bid for independence and the ensuing Serb-Croat war.</p>
<p>During the war, both sides expropriated each other's firms. The facilites owned by Serbian and Montenegrin firms became Croatian government property following a 1992 act. The act did not include private property.</p>
<p>All bidders must enclose a guarantee by a leading Croatian or European bank.</p>
<p>The tender has been recently published in Croatian newspapers and closes on September 2. -- Zagreb newsroom +385 1 455 7075 ($ = 1.882 German Marks)</p>
</text>
<copyright>(c) Reuters Limited 1997</copyright>
<metadata>
<codes class="bip:countries:1.0">
  <code code="CRTIA">
    <editdetail attribution="Reuters BIP Coding Group" action="confirmed" date="1997-08-07"/>
  </code>
  <code code="YUG">
    <editdetail attribution="Reuters BIP Coding Group" action="confirmed" date="1997-08-07"/>
  </code>
</codes>
<codes class="bip:industries:1.0">
  <code code="I85000">
    <editdetail attribution="Reuters BIP Coding Group" action="confirmed" date="1997-08-07"/>
  </code>
</codes>
<codes class="bip:topics:1.0">
  <code code="C18">
    <editdetail attribution="Reuters BIP Coding Group" action="confirmed" date="1997-08-07"/>
  </code>
  <code code="C183">
    <editdetail attribution="Reuters BIP Coding Group" action="confirmed" date="1997-08-07"/>
  </code>
  <code code="CCAT">
    <editdetail attribution="Reuters BIP Coding Group" action="confirmed" date="1997-08-07"/>
  </code>
  <code code="GCAT">
    <editdetail attribution="Reuters BIP Coding Group" action="confirmed" date="1997-08-07"/>
  </code>
  <code code="GVIO">
    <editdetail attribution="Reuters BIP Coding Group" action="confirmed" date="1997-08-07"/>
  </code>
</codes>
<dc element="dc.date.created" value="1997-08-07"/>
<dc element="dc.publisher" value="Reuters Holdings Plc"/>
<dc element="dc.date.published" value="1997-08-07"/>
<dc element="dc.source" value="Reuters"/>
<dc element="dc.creator.location" value="ZAGREB"/>
<dc element="dc.creator.location.country.name" value="CROATIA"/>
<dc element="dc.source" value="Reuters"/>
</metadata>
</newsitem>
