<?xml version="1.0" encoding="iso-8859-1" ?>
<newsitem itemid="441078" id="root" date="1997-03-13" xml:lang="en">
<title>FRANCE: No EU grain panel meeting on Thursday March 27-ONI.</title>
<headline>No EU grain panel meeting on Thursday March 27-ONI.</headline>
<dateline>PARIS 1997-03-13</dateline>
<text>
<p>The European Union will not hold its weekly cereals management committee meeting on Thursday March 27, France's grain office ONIC said.</p>
<p>The committee, which meets each week to adjudicate EU grain exports in the weekly export tender, will meet as usual on Thursday March 20 and Thursday April 3. --Paris newsroom +331 4221 5432</p>
</text>
<copyright>(c) Reuters Limited 1997</copyright>
<metadata>
<codes class="bip:countries:1.0">
  <code code="EEC">
    <editdetail attribution="Reuters BIP Coding Group" action="confirmed" date="1997-03-13"/>
  </code>
  <code code="FRA">
    <editdetail attribution="Reuters BIP Coding Group" action="confirmed" date="1997-03-13"/>
  </code>
</codes>
<codes class="bip:topics:1.0">
  <code code="M14">
    <editdetail attribution="Reuters BIP Coding Group" action="confirmed" date="1997-03-13"/>
  </code>
  <code code="M141">
    <editdetail attribution="Reuters BIP Coding Group" action="confirmed" date="1997-03-13"/>
  </code>
  <code code="MCAT">
    <editdetail attribution="Reuters BIP Coding Group" action="confirmed" date="1997-03-13"/>
  </code>
</codes>
<dc element="dc.date.created" value="1997-03-13"/>
<dc element="dc.publisher" value="Reuters Holdings Plc"/>
<dc element="dc.date.published" value="1997-03-13"/>
<dc element="dc.source" value="Reuters"/>
<dc element="dc.creator.location" value="PARIS"/>
<dc element="dc.creator.location.country.name" value="FRANCE"/>
<dc element="dc.source" value="Reuters"/>
</metadata>
</newsitem>
