<?xml version="1.0" encoding="iso-8859-1" ?>
<newsitem itemid="770733" id="root" date="1997-07-31" xml:lang="en">
<title>USA: Lawyers spar in court over Orange County documents.</title>
<headline>Lawyers spar in court over Orange County documents.</headline>
<dateline>SANTA ANA, Calif. 1997-07-30</dateline>
<text>
<p>Orange County, Calif., attorneys and prosecutors clashed in court on Wednesday over grand jury transcripts that could shed light on Merrill Lynch &amp; Co's role in the county bankruptcy crisis.</p>
<p>Superior Court Judge David Carter in Santa Ana heard nearly six hours of arguments from attorneys representing the county, local news organisations, the district attorney, Merrill Lynch and others.</p>
<p>At the end of the hearing, the judge said he needed time to review the testimony. He was expected to issue his ruling in the coming weeks.  </p>
<p>Wall Street was rocked in December 1994 when Orange County filed for bankruptcy after losing more than $1.6 billion on risky investments. The southern California county emerged from bankruptcy one year ago.</p>
<p>In June, Merrill Lynch settled with Orange County's district attorney for $30 million, ensuring that the brokerage giant and its employees would not face criminal charges.</p>
<p>Lawyers for Orange County and local news organisations asked Carter to give them access to the grand jury transcripts, arguing that the public had a right to know what the panel learned about Merrill Lynch's part in the crisis.  </p>
<p>County attorneys say the transcripts could also bolster their $2-billion-plus lawsuit against Merrill Lynch.</p>
<p>County prosecutors and Merrill Lynch contend the transcripts must remain sealed because no indictments were returned by the grand jury.</p>
<p>((-- Adam Entous, 415-677-2511))</p>
</text>
<copyright>(c) Reuters Limited 1997</copyright>
<metadata>
<codes class="bip:countries:1.0">
  <code code="USA">
    <editdetail attribution="Reuters BIP Coding Group" action="confirmed" date="1997-07-31"/>
  </code>
</codes>
<codes class="bip:industries:1.0">
  <code code="I83100">
    <editdetail attribution="Reuters BIP Coding Group" action="confirmed" date="1997-07-31"/>
  </code>
</codes>
<codes class="bip:topics:1.0">
  <code code="C12">
    <editdetail attribution="Reuters BIP Coding Group" action="confirmed" date="1997-07-31"/>
  </code>
  <code code="CCAT">
    <editdetail attribution="Reuters BIP Coding Group" action="confirmed" date="1997-07-31"/>
  </code>
  <code code="E21">
    <editdetail attribution="Reuters BIP Coding Group" action="confirmed" date="1997-07-31"/>
  </code>
  <code code="E212">
    <editdetail attribution="Reuters BIP Coding Group" action="confirmed" date="1997-07-31"/>
  </code>
  <code code="ECAT">
    <editdetail attribution="Reuters BIP Coding Group" action="confirmed" date="1997-07-31"/>
  </code>
  <code code="GCAT">
    <editdetail attribution="Reuters BIP Coding Group" action="confirmed" date="1997-07-31"/>
  </code>
  <code code="GCRIM">
    <editdetail attribution="Reuters BIP Coding Group" action="confirmed" date="1997-07-31"/>
  </code>
</codes>
<dc element="dc.date.created" value="1997-07-30"/>
<dc element="dc.publisher" value="Reuters Holdings Plc"/>
<dc element="dc.date.published" value="1997-07-31"/>
<dc element="dc.source" value="Reuters"/>
<dc element="dc.creator.location" value="SANTA ANA, Calif."/>
<dc element="dc.creator.location.country.name" value="USA"/>
<dc element="dc.source" value="Reuters"/>
</metadata>
</newsitem>
