<?xml version="1.0" encoding="iso-8859-1" ?>
<newsitem itemid="788870" id="root" date="1997-08-08" xml:lang="en">
<title>GERMANY: Kohl says Germany to hit 3.0 EMU deficit target.</title>
<headline>Kohl says Germany to hit 3.0 EMU deficit target.</headline>
<dateline>BONN 1997-08-08</dateline>
<text>
<p>Chancellor Helmut Kohl said on Friday Germany would meet the European monetary union budget deficit target of 3.0 percent of gross domestic product.</p>
<p>&quot;I've said we'll meet the criteria and we'll meet them with 3.0,&quot; Kohl told RTL television in an interview recorded at his holiday home in Austria.  </p>
<p>Kohl said budget plans for 1998 and the developments in the 1997 budget made clear Germany would meet the criteria for the single currency, due to begin in 1999.</p>
<p>Asked if he would be prepared to accept a budget deficit figure of 3.1 percent of GDP, Kohl replied: &quot;I've told you we'll make 3.0. Why do you want to talk the whole time about something I'm convinced won't happen?&quot;</p>
<p>The chancellor said in the interview, excerpts of which were played to Reuters ahead of broadcast later on Friday, that he did not feel boxed in by the 3.0 target.</p>
<p>Bavarian state premier Edmund Stoiber has led a high-profile campaign for a strict interpretation of the membership criteria laid down in the Maastricht Treaty.</p>
</text>
<copyright>(c) Reuters Limited 1997</copyright>
<metadata>
<codes class="bip:countries:1.0">
  <code code="EEC">
    <editdetail attribution="Reuters BIP Coding Group" action="confirmed" date="1997-08-08"/>
  </code>
  <code code="GFR">
    <editdetail attribution="Reuters BIP Coding Group" action="confirmed" date="1997-08-08"/>
  </code>
</codes>
<codes class="bip:topics:1.0">
  <code code="E12">
    <editdetail attribution="Reuters BIP Coding Group" action="confirmed" date="1997-08-08"/>
  </code>
  <code code="E21">
    <editdetail attribution="Reuters BIP Coding Group" action="confirmed" date="1997-08-08"/>
  </code>
  <code code="E211">
    <editdetail attribution="Reuters BIP Coding Group" action="confirmed" date="1997-08-08"/>
  </code>
  <code code="ECAT">
    <editdetail attribution="Reuters BIP Coding Group" action="confirmed" date="1997-08-08"/>
  </code>
  <code code="G15">
    <editdetail attribution="Reuters BIP Coding Group" action="confirmed" date="1997-08-08"/>
  </code>
  <code code="G151">
    <editdetail attribution="Reuters BIP Coding Group" action="confirmed" date="1997-08-08"/>
  </code>
  <code code="G154">
    <editdetail attribution="Reuters BIP Coding Group" action="confirmed" date="1997-08-08"/>
  </code>
  <code code="GCAT">
    <editdetail attribution="Reuters BIP Coding Group" action="confirmed" date="1997-08-08"/>
  </code>
</codes>
<dc element="dc.date.created" value="1997-08-08"/>
<dc element="dc.publisher" value="Reuters Holdings Plc"/>
<dc element="dc.date.published" value="1997-08-08"/>
<dc element="dc.source" value="Reuters"/>
<dc element="dc.creator.location" value="BONN"/>
<dc element="dc.creator.location.country.name" value="GERMANY"/>
<dc element="dc.source" value="Reuters"/>
</metadata>
</newsitem>
