<?xml version="1.0" encoding="iso-8859-1" ?>
<newsitem itemid="321308" id="root" date="1997-01-21" xml:lang="en">
<title>RUSSIA: Russia T-bill profits tax amendment takes effect.</title>
<headline>Russia T-bill profits tax amendment takes effect.</headline>
<dateline>MOSCOW 1997-01-21</dateline>
<text>
<p>Russia formally extended a profits tax to Treasury bill earnings on Tuesday with the official publication of an amendment to profits tax law.</p>
<p>Top parliamentary and government officials said on Monday that the law would tax Russian T-bill earnings at levels of 35-43 percent, instead of 15 percent, which the market expected.  </p>
<p>Alexander Pochinok, deputy chairman of the Duma's budget committee, said the omission of the word &quot;discount&quot; from the law meant GKO treasury bills and OFZ government bonds would be taxed at normal rates under the profits tax legislation.</p>
<p>Profits tax, which did not previously apply to government securities, is 43 percent for banks and 35 percent for non-banks.</p>
<p>Only OFZ coupons would be taxed at the 15 percent rate, which lawmakers originally envisioned for all government securities profits, Pochinok said.</p>
<p>The law, passed by the lower and upper houses of parliament on December 25 and 26, is part of a package designed to raise funds for the 1997 budget.</p>
<p>--Peter Henderson, Moscow Newsroom, +7095 941 8520</p>
</text>
<copyright>(c) Reuters Limited 1997</copyright>
<metadata>
<codes class="bip:countries:1.0">
  <code code="RUSS">
    <editdetail attribution="Reuters BIP Coding Group" action="confirmed" date="1997-01-21"/>
  </code>
</codes>
<codes class="bip:topics:1.0">
  <code code="E21">
    <editdetail attribution="Reuters BIP Coding Group" action="confirmed" date="1997-01-21"/>
  </code>
  <code code="E211">
    <editdetail attribution="Reuters BIP Coding Group" action="confirmed" date="1997-01-21"/>
  </code>
  <code code="ECAT">
    <editdetail attribution="Reuters BIP Coding Group" action="confirmed" date="1997-01-21"/>
  </code>
  <code code="M12">
    <editdetail attribution="Reuters BIP Coding Group" action="confirmed" date="1997-01-21"/>
  </code>
  <code code="M13">
    <editdetail attribution="Reuters BIP Coding Group" action="confirmed" date="1997-01-21"/>
  </code>
  <code code="M131">
    <editdetail attribution="Reuters BIP Coding Group" action="confirmed" date="1997-01-21"/>
  </code>
  <code code="MCAT">
    <editdetail attribution="Reuters BIP Coding Group" action="confirmed" date="1997-01-21"/>
  </code>
</codes>
<dc element="dc.date.created" value="1997-01-21"/>
<dc element="dc.publisher" value="Reuters Holdings Plc"/>
<dc element="dc.date.published" value="1997-01-21"/>
<dc element="dc.source" value="Reuters"/>
<dc element="dc.creator.location" value="MOSCOW"/>
<dc element="dc.creator.location.country.name" value="RUSSIA"/>
<dc element="dc.source" value="Reuters"/>
</metadata>
</newsitem>
