<?xml version="1.0" encoding="iso-8859-1" ?>
<newsitem itemid="130861" id="root" date="1996-10-21" xml:lang="en">
<title>USA: Disney unit wins rights to Crichton novel.</title>
<headline>Disney unit wins rights to Crichton novel.</headline>
<dateline>BURBANK, Calif. 1996-10-21</dateline>
<text>
<p>Walt Disney Co's Touchstone Pictures unit Monday said it won the film rights to Michael Crichton's upcoming novel &quot;Airframe&quot;.</p>
<p>Under terms of the deal, Crichton will also serve as producer of the film. No directors or writers are currently attached to the project. Financial terms were not disclosed.</p>
<p>Disney is currently developing a film based on Crichton's book, &quot;Eaters of the Dead,&quot; with John McTiernen set to direct.</p>
<p>&quot;Airframe,&quot; due in bookstores on December 5, is a thriller about a frightening in-flight incident aboard an airplane and the subsequent investigation to find out what happened. The publisher is Alfred Knopf.</p>
<p>Crichton has written several novels that have been made into movies, including &quot;The Andromeda Strain,&quot; &quot;The Great Train Robbery,&quot; &quot;Congo,&quot; &quot;Jurassic Park,&quot; &quot;Rising Sun&quot; and &quot;Disclosure.&quot; He also wrote &quot;The Lost World,&quot; the recently released sequel to the blockbuster &quot;Jurassic Park.&quot;</p>
<p>Additionally, Crichton has directed six films, among them &quot;Westworld,&quot; &quot;Coma&quot; and &quot;The Great Train Robbery.&quot;</p>
</text>
<copyright>(c) Reuters Limited 1996</copyright>
<metadata>
<codes class="bip:countries:1.0">
  <code code="USA">
    <editdetail attribution="Reuters BIP Coding Group" action="confirmed" date="1996-10-21"/>
  </code>
</codes>
<codes class="bip:industries:1.0">
  <code code="I97100">
    <editdetail attribution="Reuters BIP Coding Group" action="confirmed" date="1996-10-21"/>
  </code>
</codes>
<codes class="bip:topics:1.0">
  <code code="C33">
    <editdetail attribution="Reuters BIP Coding Group" action="confirmed" date="1996-10-21"/>
  </code>
  <code code="CCAT">
    <editdetail attribution="Reuters BIP Coding Group" action="confirmed" date="1996-10-21"/>
  </code>
</codes>
<dc element="dc.date.created" value="1996-10-21"/>
<dc element="dc.publisher" value="Reuters Holdings Plc"/>
<dc element="dc.date.published" value="1996-10-21"/>
<dc element="dc.source" value="Reuters"/>
<dc element="dc.creator.location" value="BURBANK, Calif."/>
<dc element="dc.creator.location.country.name" value="USA"/>
<dc element="dc.source" value="Reuters"/>
</metadata>
</newsitem>
