<?xml version="1.0" encoding="iso-8859-1" ?>
<newsitem itemid="82597" id="root" date="1996-09-27" xml:lang="en">
<title>NEW ZEALAND: Forecasts for NZ '96 kiwifruit selling season rise.</title>
<headline>Forecasts for NZ '96 kiwifruit selling season rise.</headline>
<dateline>WELLINGTON 1996-09-27</dateline>
<text>
<p>The 1996 kiwifruit selling season is now expected to net NZ$1.5 million more than was forecast in August, according to the Kiwifruit Marketing Board.</p>
<p>The September forecast for the selling season is NZ$257.6 million, up from the August forecast of $256.1 million.</p>
<p>The average return per tray has also risen, to $4.13 from $4.11 in August.</p>
<p>The 1996 forecast orchard gate return per hectare improved to $15,495 from $14,739 in 1995.  </p>
<p>Statutory board chairman John Palmer said continued good performance in Japan, East Asia and emerging markets had contributed to the improvement in the board's September forecast position.</p>
<p>The board has scheduled a grower payment for late October, subject to achieving sales targets and meeting bank commitments.</p>
<p>It said its global position year to date was on track, ahead of 1995 and 1994, with around 60 percent of the crop sold.  </p>
<p>Year to date volumes sold in Europe were 500,000 trays higher than at any time in the board's history. Kiwifruit sales into Europe had gone against the trend of general decline in consumer fresh fruit consumption, due to significant promotional activity and effort across all European markets.</p>
<p>Sales in Japan and East Asia continued to be strongly ahead of 1995.</p>
<p>--Wellington Newsroom (64 4) 4734746</p>
</text>
<copyright>(c) Reuters Limited 1996</copyright>
<metadata>
<codes class="bip:countries:1.0">
  <code code="NZ">
    <editdetail attribution="Reuters BIP Coding Group" action="confirmed" date="1996-09-27"/>
  </code>
</codes>
<codes class="bip:industries:1.0">
  <code code="I01002">
    <editdetail attribution="Reuters BIP Coding Group" action="confirmed" date="1996-09-27"/>
  </code>
  <code code="I0100206">
    <editdetail attribution="Reuters BIP Coding Group" action="confirmed" date="1996-09-27"/>
  </code>
</codes>
<codes class="bip:topics:1.0">
  <code code="C31">
    <editdetail attribution="Reuters BIP Coding Group" action="confirmed" date="1996-09-27"/>
  </code>
  <code code="CCAT">
    <editdetail attribution="Reuters BIP Coding Group" action="confirmed" date="1996-09-27"/>
  </code>
  <code code="M14">
    <editdetail attribution="Reuters BIP Coding Group" action="confirmed" date="1996-09-27"/>
  </code>
  <code code="M141">
    <editdetail attribution="Reuters BIP Coding Group" action="confirmed" date="1996-09-27"/>
  </code>
  <code code="MCAT">
    <editdetail attribution="Reuters BIP Coding Group" action="confirmed" date="1996-09-27"/>
  </code>
</codes>
<dc element="dc.date.created" value="1996-09-27"/>
<dc element="dc.publisher" value="Reuters Holdings Plc"/>
<dc element="dc.date.published" value="1996-09-27"/>
<dc element="dc.source" value="Reuters"/>
<dc element="dc.creator.location" value="WELLINGTON"/>
<dc element="dc.creator.location.country.name" value="NEW ZEALAND"/>
<dc element="dc.source" value="Reuters"/>
</metadata>
</newsitem>
