<?xml version="1.0" encoding="iso-8859-1" ?>
<newsitem itemid="527463" id="root" date="1997-04-22" xml:lang="en">
<title>CANADA: Talisman bolsters North Sea activity.</title>
<headline>Talisman bolsters North Sea activity.</headline>
<dateline>CALGARY 1997-04-22</dateline>
<text>
<p>Talisman Energy Inc said on Tuesday it added landholdings in and around its operated North Sea properties and drilled a successful horizontal well in the region.</p>
<p>The activity took place at the Beatrice, Buchan and Clyde fields, which Talisman acquired in December 1996 and now has net production averaging 23,000 barrels of oil a day.</p>
<p>Calgary-based Talisman said it agreed to buy Broken Hill Proprietary Co Ltd unit BHP Petroleum's 17.5 percent stake in two blocks adjacent to the Clyde field.</p>
<p>After the transaction, expected to close in June, Talisman's interests will be 30 percent in Block 30/18 East and 18.75 percent in Block 30/18 West.</p>
<p>Talisman also acquired North Sea interests from Kerr-McGee Corp's U.K. subsidiary including an additional 25 percent interest in the Beatrice field and Nigg terminal, bringing Talisman's total interest to 68 percent in both assets, it said.</p>
<p>The transaction included a 39 percent stake in Block 13/22b, which contains the undeveloped Phoenix gas condensate discovery about 20 km from the Talisman-operated Ross Field.</p>
<p>The company said it estimated that the Phoenix field could contain 30 million barrels of oil equivalent in discovered reserves.</p>
<p>Meanwhile, Talisman's first operated horizontal development well at Clyde came on production in March at 1,800 barrels a day and output rose to 3,020 barrels a day, it said.</p>
<p>The production rate was expected to continue to rise as the well cleaned up, it said.</p>
<p>Talisman's interest in the field is 51 percent. Partners include Royal Dutch/Shell and Exxon Corp unit Esso with 24.5 percent each.</p>
<p>Talisman also said it signed an agreement with the owners of the Forties Pipeline System to receive a reduced toll rate from January 1, 1997 for its share of oil from the blocks that include the Buchan field.</p>
<p>The move was expected to extend the field's life and promote further exploration and development work in the vacinity, Talisman said.</p>
<p>((Reuters Calgary Bureau (403) 531-1624))</p>
</text>
<copyright>(c) Reuters Limited 1997</copyright>
<metadata>
<codes class="bip:countries:1.0">
  <code code="CANA">
    <editdetail attribution="Reuters BIP Coding Group" action="confirmed" date="1997-04-22"/>
  </code>
</codes>
<codes class="bip:industries:1.0">
  <code code="I13000">
    <editdetail attribution="Reuters BIP Coding Group" action="confirmed" date="1997-04-22"/>
  </code>
  <code code="I1300003">
    <editdetail attribution="Reuters BIP Coding Group" action="confirmed" date="1997-04-22"/>
  </code>
  <code code="I21000">
    <editdetail attribution="Reuters BIP Coding Group" action="confirmed" date="1997-04-22"/>
  </code>
</codes>
<codes class="bip:topics:1.0">
  <code code="C18">
    <editdetail attribution="Reuters BIP Coding Group" action="confirmed" date="1997-04-22"/>
  </code>
  <code code="C182">
    <editdetail attribution="Reuters BIP Coding Group" action="confirmed" date="1997-04-22"/>
  </code>
  <code code="C24">
    <editdetail attribution="Reuters BIP Coding Group" action="confirmed" date="1997-04-22"/>
  </code>
  <code code="C31">
    <editdetail attribution="Reuters BIP Coding Group" action="confirmed" date="1997-04-22"/>
  </code>
  <code code="CCAT">
    <editdetail attribution="Reuters BIP Coding Group" action="confirmed" date="1997-04-22"/>
  </code>
  <code code="M14">
    <editdetail attribution="Reuters BIP Coding Group" action="confirmed" date="1997-04-22"/>
  </code>
  <code code="M143">
    <editdetail attribution="Reuters BIP Coding Group" action="confirmed" date="1997-04-22"/>
  </code>
  <code code="MCAT">
    <editdetail attribution="Reuters BIP Coding Group" action="confirmed" date="1997-04-22"/>
  </code>
</codes>
<dc element="dc.date.created" value="1997-04-22"/>
<dc element="dc.publisher" value="Reuters Holdings Plc"/>
<dc element="dc.date.published" value="1997-04-22"/>
<dc element="dc.source" value="Reuters"/>
<dc element="dc.creator.location" value="CALGARY"/>
<dc element="dc.creator.location.country.name" value="CANADA"/>
<dc element="dc.source" value="Reuters"/>
</metadata>
</newsitem>
