<?xml version="1.0" encoding="iso-8859-1" ?>
<newsitem itemid="530253" id="root" date="1997-04-22" xml:lang="en">
<title>PORTUGAL: PRESS DIGEST - Portugal -- April 22.</title>
<headline>PRESS DIGEST - Portugal -- April 22.</headline>
<dateline>LISBON 1997-04-22</dateline>
<text>
<p>The following are leading domestic stories in Portuguese newspapers.</p>
<p>PUBLICO</p>
<p>- Finance Minister Antonio Sousa Franco said Prime Minister Antonio Guterres should be the one to make decisions on awarding state guarantees until a parliamentary inquiry into a guaranteed loan to the General Workers Union is completed.</p>
<p>- A European Commission study of the Portuguese economy concluded that its most serious problem is the poor quality of its education. A sharp increase in social security spending between 1990 and 1995 indicated that spending controls were not strict enough.</p>
<p>- State electricity company EDP - Electricidade de Portugal has opened a plant in northern Portugal to produce electricity by wind power.</p>
<p>DIARIO DE NOTICIAS</p>
<p>- Portugal's intelligence, immigration and police services have identified suspects whom they believe set fire to a discotheque in northern Portugal last week, killing 12 people.</p>
<p>- The Agriculture Minister Fernando Gomes da Silva is trying to obtain financial help from the EU for Portuguese farmers whose crops were harmed by this winter's dry weather.</p>
<p>DIARIO ECONOMICO</p>
<p>- The Bank of Portugal forecast 1997 GDP of between 3.0 and 3.75 percent.</p>
<p>- Social security services have recovered 178.5 billion escudos in unpaid contributions, above the government's expectations of 100 to 125 billion escudos.</p>
<p>- The European Commission may bring a case against Portugal after a complaint from the pharmaceutical company Astra which says Portuguese companies have violated EU law on pharmaceutical copyright.</p>
<p>--Lisbon bureau 3511-3538254</p>
</text>
<copyright>(c) Reuters Limited 1997</copyright>
<metadata>
<codes class="bip:countries:1.0">
  <code code="PORL">
    <editdetail attribution="Reuters BIP Coding Group" action="confirmed" date="1997-04-22"/>
  </code>
</codes>
<codes class="bip:topics:1.0">
  <code code="GCAT">
    <editdetail attribution="Reuters BIP Coding Group" action="confirmed" date="1997-04-22"/>
  </code>
</codes>
<dc element="dc.date.created" value="1997-04-22"/>
<dc element="dc.publisher" value="Reuters Holdings Plc"/>
<dc element="dc.date.published" value="1997-04-22"/>
<dc element="dc.source" value="Reuters"/>
<dc element="dc.creator.location" value="LISBON"/>
<dc element="dc.creator.location.country.name" value="PORTUGAL"/>
<dc element="dc.source" value="Reuters"/>
</metadata>
</newsitem>
