<?xml version="1.0" encoding="iso-8859-1" ?>
<newsitem itemid="563453" id="root" date="1997-05-06" xml:lang="en">
<title>NETHERLANDS: Maastricht, Liege airports discuss cargo links.</title>
<headline>Maastricht, Liege airports discuss cargo links.</headline>
<byline>Helen Hill</byline>
<dateline>AMSTERDAM 1997-05-06</dateline>
<text>
<p>Maastricht Aachen Airport (MAA) and Liege Airport are studying a possible cargo co-operation deal, an MAA spokesman told Reuters.</p>
<p>&quot;We are looking at each other not as enemies but as possible partners,&quot; he said. Talks have taken place between the Dutch and Belgian airports already concerning this, he added.</p>
<p>He said any agreement would be for cargo operations only, not for passenger business.</p>
<p>Possible areas of interest could when bad weather at either airport allowed for aircraft to be routed via either one, he said.</p>
<p>Or if flights were delayed and could not land at Maastricht because of its restricted night flight policy, then they could instead land at Liege.</p>
<p>The airports are 55 km apart.</p>
<p>But he stressed that there was nothing concrete in place at the moment. There were still questions concerning cargo handling, he added.</p>
<p>At Liege airport, Belgavia has a monopoly handling concession from the Belgian government.</p>
<p>Maastricht Handling carries out cargo handling at the Dutch airport.</p>
<p>&quot;At the moment, it is an exchange of ideas to see if we can help each other,&quot; he added.</p>
<p>-Reuters Air Cargo Service Tel+ 44 171 542 7706; fax +5017</p>
</text>
<copyright>(c) Reuters Limited 1997</copyright>
<metadata>
<codes class="bip:countries:1.0">
  <code code="BELG">
    <editdetail attribution="Reuters BIP Coding Group" action="confirmed" date="1997-05-06"/>
  </code>
  <code code="NETH">
    <editdetail attribution="Reuters BIP Coding Group" action="confirmed" date="1997-05-06"/>
  </code>
</codes>
<codes class="bip:industries:1.0">
  <code code="I75000">
    <editdetail attribution="Reuters BIP Coding Group" action="confirmed" date="1997-05-06"/>
  </code>
  <code code="I76400">
    <editdetail attribution="Reuters BIP Coding Group" action="confirmed" date="1997-05-06"/>
  </code>
  <code code="I77002">
    <editdetail attribution="Reuters BIP Coding Group" action="confirmed" date="1997-05-06"/>
  </code>
</codes>
<codes class="bip:topics:1.0">
  <code code="C11">
    <editdetail attribution="Reuters BIP Coding Group" action="confirmed" date="1997-05-06"/>
  </code>
  <code code="C31">
    <editdetail attribution="Reuters BIP Coding Group" action="confirmed" date="1997-05-06"/>
  </code>
  <code code="CCAT">
    <editdetail attribution="Reuters BIP Coding Group" action="confirmed" date="1997-05-06"/>
  </code>
</codes>
<dc element="dc.date.created" value="1997-05-06"/>
<dc element="dc.publisher" value="Reuters Holdings Plc"/>
<dc element="dc.date.published" value="1997-05-06"/>
<dc element="dc.source" value="Reuters"/>
<dc element="dc.creator.location" value="AMSTERDAM"/>
<dc element="dc.creator.location.country.name" value="NETHERLANDS"/>
<dc element="dc.source" value="Reuters"/>
</metadata>
</newsitem>
