<?xml version="1.0" encoding="iso-8859-1" ?>
<newsitem itemid="565979" id="root" date="1997-05-07" xml:lang="en">
<title>CHILE: Chile's Banco Security secures $50 mln loan.</title>
<headline>Chile's Banco Security secures $50 mln loan.</headline>
<dateline>SANTIAGO 1997-05-07</dateline>
<text>
<p>Chile's Banco Security, part of the Security Holdings group, said it secured a $50 million syndicated loan from a group led by Bank of America.</p>
<p>&quot;Banco Security will use this loan to finance the foreign trade of its clients which has been the bank's traditional sector,&quot; General Manager Ramon Eluchans said in a statement on Wednesday.</p>
<p>The loan is for five years at a variable interest rate above the London interbank offered rate, he said.  </p>
<p>The bank, one of the country's smallest private banks, reported net earnings of 2.1 billion pesos in the first four months of the year, up 29 percent from the same period last year, he said.</p>
<p>((-- Margaret Orgill, Santiago newsroom, 562-699-5595x212))</p>
</text>
<copyright>(c) Reuters Limited 1997</copyright>
<metadata>
<codes class="bip:countries:1.0">
  <code code="CHIL">
    <editdetail attribution="Reuters BIP Coding Group" action="confirmed" date="1997-05-07"/>
  </code>
</codes>
<codes class="bip:industries:1.0">
  <code code="I81402">
    <editdetail attribution="Reuters BIP Coding Group" action="confirmed" date="1997-05-07"/>
  </code>
  <code code="I83960">
    <editdetail attribution="Reuters BIP Coding Group" action="confirmed" date="1997-05-07"/>
  </code>
</codes>
<codes class="bip:topics:1.0">
  <code code="C17">
    <editdetail attribution="Reuters BIP Coding Group" action="confirmed" date="1997-05-07"/>
  </code>
  <code code="C173">
    <editdetail attribution="Reuters BIP Coding Group" action="confirmed" date="1997-05-07"/>
  </code>
  <code code="CCAT">
    <editdetail attribution="Reuters BIP Coding Group" action="confirmed" date="1997-05-07"/>
  </code>
</codes>
<dc element="dc.date.created" value="1997-05-07"/>
<dc element="dc.publisher" value="Reuters Holdings Plc"/>
<dc element="dc.date.published" value="1997-05-07"/>
<dc element="dc.source" value="Reuters"/>
<dc element="dc.creator.location" value="SANTIAGO"/>
<dc element="dc.creator.location.country.name" value="CHILE"/>
<dc element="dc.source" value="Reuters"/>
</metadata>
</newsitem>
