<?xml version="1.0" encoding="iso-8859-1" ?>
<newsitem itemid="142959" id="root" date="1996-10-25" xml:lang="en">
<title>USA: Dallas Semiconductor Corp qtly $0.03/share.</title>
<headline>Dallas Semiconductor Corp qtly $0.03/share.</headline>
<dateline>DALLAS 1996-10-25</dateline>
<text>
<p>Quarterly</p>
<p>			 Latest		    Prior</p>
<p> Amount		  $0.03		   $0.03</p>
<p> Pay		     Dec 2</p>
<p> Record		 Nov 15</p>
</text>
<copyright>(c) Reuters Limited 1996</copyright>
<metadata>
<codes class="bip:countries:1.0">
  <code code="USA">
    <editdetail attribution="Reuters BIP Coding Group" action="confirmed" date="1996-10-25"/>
  </code>
</codes>
<codes class="bip:industries:1.0">
  <code code="I34531">
    <editdetail attribution="Reuters BIP Coding Group" action="confirmed" date="1996-10-25"/>
  </code>
</codes>
<codes class="bip:topics:1.0">
  <code code="C15">
    <editdetail attribution="Reuters BIP Coding Group" action="confirmed" date="1996-10-25"/>
  </code>
  <code code="C151">
    <editdetail attribution="Reuters BIP Coding Group" action="confirmed" date="1996-10-25"/>
  </code>
  <code code="CCAT">
    <editdetail attribution="Reuters BIP Coding Group" action="confirmed" date="1996-10-25"/>
  </code>
</codes>
<dc element="dc.date.created" value="1996-10-25"/>
<dc element="dc.publisher" value="Reuters Holdings Plc"/>
<dc element="dc.date.published" value="1996-10-25"/>
<dc element="dc.source" value="Reuters"/>
<dc element="dc.creator.location" value="DALLAS"/>
<dc element="dc.creator.location.country.name" value="USA"/>
<dc element="dc.source" value="Reuters"/>
</metadata>
</newsitem>
