<?xml version="1.0" encoding="iso-8859-1" ?>
<newsitem itemid="382281" id="root" date="1997-02-17" xml:lang="en">
<title>USA: No one hurt as U.S. airliner nose gear collapses.</title>
<headline>No one hurt as U.S. airliner nose gear collapses.</headline>
<dateline>NEW YORK 1997-02-17</dateline>
<text>
<p>The nose gear of a Continental DC-9 MD80 collapsed on landing at Newark airport on Monday.</p>
<p>A spokesman for the Port Authority that operates the three major airports in the city said &quot;there was no fire, no smoke and no injuries to the 41 passengers and six crew members.&quot; The incident took place at 12:55 p.m. EST.</p>
<p>He said all of the passengers on Fight 134 left the plane by the stairs. The flight originated in Denver.</p>
</text>
<copyright>(c) Reuters Limited 1997</copyright>
<metadata>
<codes class="bip:countries:1.0">
  <code code="USA">
    <editdetail attribution="Reuters BIP Coding Group" action="confirmed" date="1997-02-17"/>
  </code>
</codes>
<codes class="bip:industries:1.0">
  <code code="I75000">
    <editdetail attribution="Reuters BIP Coding Group" action="confirmed" date="1997-02-17"/>
  </code>
</codes>
<codes class="bip:topics:1.0">
  <code code="C24">
    <editdetail attribution="Reuters BIP Coding Group" action="confirmed" date="1997-02-17"/>
  </code>
  <code code="CCAT">
    <editdetail attribution="Reuters BIP Coding Group" action="confirmed" date="1997-02-17"/>
  </code>
  <code code="GCAT">
    <editdetail attribution="Reuters BIP Coding Group" action="confirmed" date="1997-02-17"/>
  </code>
  <code code="GDIS">
    <editdetail attribution="Reuters BIP Coding Group" action="confirmed" date="1997-02-17"/>
  </code>
</codes>
<dc element="dc.date.created" value="1997-02-17"/>
<dc element="dc.publisher" value="Reuters Holdings Plc"/>
<dc element="dc.date.published" value="1997-02-17"/>
<dc element="dc.source" value="Reuters"/>
<dc element="dc.creator.location" value="NEW YORK"/>
<dc element="dc.creator.location.country.name" value="USA"/>
<dc element="dc.source" value="Reuters"/>
</metadata>
</newsitem>
