<?xml version="1.0" encoding="iso-8859-1" ?>
<newsitem itemid="474973" id="root" date="1997-03-28" xml:lang="en">
<title>INDONESIA: Indonesian rubber market closed for holiday.</title>
<headline>Indonesian rubber market closed for holiday.</headline>
<dateline>JAKARTA 1997-03-28</dateline>
<text>
<p>The Indonesian rubber market is closed for Good Friday. Trading will resume on Monday.</p>
<p>The offer prices of the benchmark SIR20 were quoted on Thursday at 50.75 U.S. cents/lb for July shipment fob Medan, at 50.50 for May/June shipment fob Surabaya and Palembang, at 50.25 fob Padang and at 50.00 fob Pontianak and Jambi.</p>
<p>-- Jakarta newsroom +6221 384-6364</p>
</text>
<copyright>(c) Reuters Limited 1997</copyright>
<metadata>
<codes class="bip:countries:1.0">
  <code code="INDON">
    <editdetail attribution="Reuters BIP Coding Group" action="confirmed" date="1997-03-28"/>
  </code>
</codes>
<codes class="bip:topics:1.0">
  <code code="M14">
    <editdetail attribution="Reuters BIP Coding Group" action="confirmed" date="1997-03-28"/>
  </code>
  <code code="M141">
    <editdetail attribution="Reuters BIP Coding Group" action="confirmed" date="1997-03-28"/>
  </code>
  <code code="MCAT">
    <editdetail attribution="Reuters BIP Coding Group" action="confirmed" date="1997-03-28"/>
  </code>
</codes>
<dc element="dc.date.created" value="1997-03-28"/>
<dc element="dc.publisher" value="Reuters Holdings Plc"/>
<dc element="dc.date.published" value="1997-03-28"/>
<dc element="dc.source" value="Reuters"/>
<dc element="dc.creator.location" value="JAKARTA"/>
<dc element="dc.creator.location.country.name" value="INDONESIA"/>
<dc element="dc.source" value="Reuters"/>
</metadata>
</newsitem>
