<?xml version="1.0" encoding="iso-8859-1" ?>
<newsitem itemid="129810" id="root" date="1996-10-21" xml:lang="en">
<title>USA: Xircom Q4 shr profit $0.14 vs loss $0.91.</title>
<headline>Xircom Q4 shr profit $0.14 vs loss $0.91.</headline>
<dateline>THOUSAND OAKS, Calif. 1996-10-21</dateline>
<text>
<p>Xircom, Inc.</p>
<p>		 Condensed Consolidated Statements of Operations</p>
<p>		   (In thousands, except per share information)</p>
<p>					 (Unaudited)</p>
<p>				  Three months ended   Year ended</p>
<p>				    September 30	 September 30</p>
<p>				  1996	 1995     1996     1995</p>
<p> Net sales		  $58,060    $30,011 $193,306  $126,565</p>
<p> Cost of sales	     36,287     30,777  122,658    86,080</p>
<p> Gross profit		21,773	(766)   70,648    40,485</p>
<p>Operating expenses:</p>
<p>Research and development</p>
<p>				  3,229	3,743   12,874    13,806</p>
<p>   Sales and marketing   10,281     11,777   36,762    38,704</p>
<p>General and administrative</p>
<p>				  2,398	2,659    9,327     8,092</p>
<p>   Non-recurring charges  1,505	4,007    1,505    46,126</p>
<p>Total operating expenses</p>
<p>				 17,413     22,186   60,468   106,728</p>
<p> Operating income (loss)  4,360   (22,952)   10,180  (66,243)</p>
<p>Other income (expense), net</p>
<p>				  (237)	 (86)  (1,332)	 439</p>
<p>Income (loss) before income taxes</p>
<p>				  4,123   (23,038)    8,848  (65,804)</p>
<p>income tax provision (benefit)</p>
<p>				  1,319    (5,978)    2,896   (7,000)</p>
<p> Net income (loss)	  2,804   (17,060)    5,952  (58,804)</p>
<p>Weighted average shares</p>
<p>   outstanding	     20,026     18,788   19,745    17,082</p>
<p>Net income (loss) per share</p>
<p>				    .14	(.91)	.30    (3.44)</p>
<p>NOTE: Excluding charges for Q4 ended Sept. 30, 1996, earnings would have been a profit of $0.19/shr.</p>
<p>Excluding charges for Q4 ended Sept. 30, 1995, earnings would have been a net loss of $0.77/shr.</p>
</text>
<copyright>(c) Reuters Limited 1996</copyright>
<metadata>
<codes class="bip:countries:1.0">
  <code code="USA">
    <editdetail attribution="Reuters BIP Coding Group" action="confirmed" date="1996-10-21"/>
  </code>
</codes>
<codes class="bip:industries:1.0">
  <code code="I33030">
    <editdetail attribution="Reuters BIP Coding Group" action="confirmed" date="1996-10-21"/>
  </code>
</codes>
<codes class="bip:topics:1.0">
  <code code="C15">
    <editdetail attribution="Reuters BIP Coding Group" action="confirmed" date="1996-10-21"/>
  </code>
  <code code="C151">
    <editdetail attribution="Reuters BIP Coding Group" action="confirmed" date="1996-10-21"/>
  </code>
  <code code="C1511">
    <editdetail attribution="Reuters BIP Coding Group" action="confirmed" date="1996-10-21"/>
  </code>
  <code code="CCAT">
    <editdetail attribution="Reuters BIP Coding Group" action="confirmed" date="1996-10-21"/>
  </code>
</codes>
<dc element="dc.date.created" value="1996-10-21"/>
<dc element="dc.publisher" value="Reuters Holdings Plc"/>
<dc element="dc.date.published" value="1996-10-21"/>
<dc element="dc.source" value="Reuters"/>
<dc element="dc.creator.location" value="THOUSAND OAKS, Calif."/>
<dc element="dc.creator.location.country.name" value="USA"/>
<dc element="dc.source" value="Reuters"/>
</metadata>
</newsitem>
