<?xml version="1.0" encoding="iso-8859-1" ?>
<newsitem itemid="126315" id="root" date="1996-10-18" xml:lang="en">
<title>SLOVENIA: PRESS DIGEST - Slovenia - Oct 18.</title>
<headline>PRESS DIGEST - Slovenia - Oct 18.</headline>
<text>
<p>DELO</p>
<p>- The Slovenian government said on Thursday it would provide an additional 200 million tolars ($1.4 million) for the development of the troubled Maribor region.</p>
<p>- Prime Minister Janez Drnovsek on Thursday opened a three-day economic conference in Bled hosting representatives from EFTA (European Free Trade Agreement) member states, Asia and Russia.</p>
<p>- Representatives of 18 Slovenian and 42 Chinese companies met in Shanghai on Thursday to discuss trade cooperation.</p>
<p>- Heavy rains in north and northeastern parts of Slovenia has caused floods and landslides.</p>
<p>- The city council of Ljubljana decided on Thursday to ban the city's power plant from using Slovenian coal, because of its high sulphur content.</p>
<p>- SCT Olimpija lost against greek AEK by 0-2 in Thursday's second round match of the cup winners' cup.</p>
<p>- A total of 1,307 candidates will contest 88 seats in parliamentary elections scheduled for November 10.</p>
<p>- Slovenian doctors' union FIDES said on Thursday it was considering a strike because the parliament failed to pass a new law determining doctors' salaries .</p>
<p>DNEVNIK</p>
<p>- The national radio and television station said on Thursday its losses in 1996 reached 1.3 billion tolars ($9.35 million).</p>
</text>
<copyright>(c) Reuters Limited 1996</copyright>
<metadata>
<codes class="bip:countries:1.0">
  <code code="SLVNIA">
    <editdetail attribution="Reuters BIP Coding Group" action="confirmed" date="1996-10-18"/>
  </code>
</codes>
<codes class="bip:topics:1.0">
  <code code="GCAT">
    <editdetail attribution="Reuters BIP Coding Group" action="confirmed" date="1996-10-18"/>
  </code>
</codes>
<dc element="dc.publisher" value="Reuters Holdings Plc"/>
<dc element="dc.date.published" value="1996-10-18"/>
<dc element="dc.source" value="Reuters"/>
<dc element="dc.creator.location.country.name" value="SLOVENIA"/>
<dc element="dc.source" value="Reuters"/>
</metadata>
</newsitem>
