<?xml version="1.0" encoding="iso-8859-1" ?>
<newsitem itemid="112860" id="root" date="1996-10-13" xml:lang="en">
<title>CHINA: SOCCER - RESULTS OF CHINA SOCCER LEAGUE GAMES.</title>
<headline>SOCCER - RESULTS OF CHINA SOCCER LEAGUE GAMES.</headline>
<dateline>BEIJING 1996-10-14</dateline>
<text>
<p>Results of the 20th round of China's professional soccer league played on Sunday:</p>
<p> Shanghai Shenhua	4   Guangdong Hongyuan    0</p>
<p> Dalian Wanda	    1   Guangzhou Apollo	0</p>
<p> Guangdong Shenzhen    2   Beijing Guoan	   1</p>
<p> Sichuan Quanxing	0   Guangzhou Songri	0</p>
<p> Jinan Jiangjun	  2   August First	    0</p>
<p> Tianjin Sanxing	 1   Yanbian Hyundai	 1</p>
</text>
<copyright>(c) Reuters Limited 1996</copyright>
<metadata>
<codes class="bip:countries:1.0">
  <code code="CHINA">
    <editdetail attribution="Reuters BIP Coding Group" action="confirmed" date="1996-10-13"/>
  </code>
</codes>
<codes class="bip:topics:1.0">
  <code code="GCAT">
    <editdetail attribution="Reuters BIP Coding Group" action="confirmed" date="1996-10-13"/>
  </code>
  <code code="GSPO">
    <editdetail attribution="Reuters BIP Coding Group" action="confirmed" date="1996-10-13"/>
  </code>
</codes>
<dc element="dc.date.created" value="1996-10-14"/>
<dc element="dc.publisher" value="Reuters Holdings Plc"/>
<dc element="dc.date.published" value="1996-10-13"/>
<dc element="dc.source" value="Reuters"/>
<dc element="dc.creator.location" value="BEIJING"/>
<dc element="dc.creator.location.country.name" value="CHINA"/>
<dc element="dc.source" value="Reuters"/>
</metadata>
</newsitem>
