<?xml version="1.0" encoding="iso-8859-1" ?>
<newsitem itemid="241573" id="root" date="1996-12-07" xml:lang="en">
<title>UK: SOCCER-ENGLISH PREMIER LEAGUE SUMMARIES.</title>
<headline>SOCCER-ENGLISH PREMIER LEAGUE SUMMARIES.</headline>
<dateline>LONDON 1996-12-07</dateline>
<text>
<p>Summaries of English premier</p>
<p>lealgue matches on Saturday:</p>
<p>Arsenal 2 (Adams 45, Vieira 90) Derby 2 (Sturridge 62, Powell</p>
<p>71). Halftime 1-0. Attendance: 38,018</p>
<p>Chelsea 2 (Zola 12, Vialli 55) Everton 2 (Branch 17,</p>
<p>Kanchelskis 28). 1-2. 28,418</p>
<p>Coventry 1 (Whelan 60) Tottenham 2 (Sheringham 27, Sinton 75).</p>
<p>0-1. 19,675</p>
<p> Leicester 1 (Marshall 78) Blackburn 1 (Sutton 34).   0-1.</p>
<p>19,306</p>
<p>Liverpool 0 Sheffield Wednesday 1 (Whittingham 22).   0-1.</p>
<p>39,507</p>
<p>Middlesbrough 0 Leeds 0. 30,018</p>
<p>Southampton 0 Aston Villa 1 (Townsend 34). 0-1.  15,232</p>
<p>Sunderland 1 (Melville 83) Wimbledon 3 (Ekoku 8, 29, Holdsworth</p>
<p>89). 0-2. 19,672.</p>
</text>
<copyright>(c) Reuters Limited 1996</copyright>
<metadata>
<codes class="bip:countries:1.0">
  <code code="UK">
    <editdetail attribution="Reuters BIP Coding Group" action="confirmed" date="1996-12-07"/>
  </code>
</codes>
<codes class="bip:topics:1.0">
  <code code="GCAT">
    <editdetail attribution="Reuters BIP Coding Group" action="confirmed" date="1996-12-07"/>
  </code>
  <code code="GSPO">
    <editdetail attribution="Reuters BIP Coding Group" action="confirmed" date="1996-12-07"/>
  </code>
</codes>
<dc element="dc.date.created" value="1996-12-07"/>
<dc element="dc.publisher" value="Reuters Holdings Plc"/>
<dc element="dc.date.published" value="1996-12-07"/>
<dc element="dc.source" value="Reuters"/>
<dc element="dc.creator.location" value="LONDON"/>
<dc element="dc.creator.location.country.name" value="UK"/>
<dc element="dc.source" value="Reuters"/>
</metadata>
</newsitem>
