<?xml version="1.0" encoding="iso-8859-1" ?>
<newsitem itemid="520281" id="root" date="1997-04-18" xml:lang="en">
<title>RUSSIA: Chubais outlines tasks in Russian Finance Ministry.</title>
<headline>Chubais outlines tasks in Russian Finance Ministry.</headline>
<dateline>MOSCOW 1997-04-18</dateline>
<text>
<p>Finance Minister Anatoly Chubais on Friday outlined the responsibilities of his three first deputy prime ministers, putting Alexei Kudrin in charge of policy on government debt, including Eurobonds.</p>
<p>Chubais told a news conference that Kudrin would be in charge of government debt policy and social reforms, including reform of utilities for households.</p>
<p>He will head the finance ministry's foreign currency department, except for tax collection and public relations.</p>
<p>His deputies include Mikhail Kasyanov, the ministry's point man for Eurobond issues and foreign debt and Oleg Vyugin, who heads macroeconomic policy and relations with the International Monetary Fund.</p>
<p>Chubais said First Deputy Finance Minister Sergei Ignatiev would head the ministry's work on tax collection and tax reform.</p>
<p>Vladimir Petrov, also a first deputy finance minister, will be in charge of the 1997 and 1998 budgets, include sequestration for the 1997 budget, and military reform.</p>
<p>--Peter Henderson, Moscow Newsroom, +7095 941 8520</p>
</text>
<copyright>(c) Reuters Limited 1997</copyright>
<metadata>
<codes class="bip:countries:1.0">
  <code code="RUSS">
    <editdetail attribution="Reuters BIP Coding Group" action="confirmed" date="1997-04-18"/>
  </code>
</codes>
<codes class="bip:topics:1.0">
  <code code="E21">
    <editdetail attribution="Reuters BIP Coding Group" action="confirmed" date="1997-04-18"/>
  </code>
  <code code="E211">
    <editdetail attribution="Reuters BIP Coding Group" action="confirmed" date="1997-04-18"/>
  </code>
  <code code="E212">
    <editdetail attribution="Reuters BIP Coding Group" action="confirmed" date="1997-04-18"/>
  </code>
  <code code="ECAT">
    <editdetail attribution="Reuters BIP Coding Group" action="confirmed" date="1997-04-18"/>
  </code>
  <code code="GCAT">
    <editdetail attribution="Reuters BIP Coding Group" action="confirmed" date="1997-04-18"/>
  </code>
  <code code="GPOL">
    <editdetail attribution="Reuters BIP Coding Group" action="confirmed" date="1997-04-18"/>
  </code>
</codes>
<dc element="dc.date.created" value="1997-04-18"/>
<dc element="dc.publisher" value="Reuters Holdings Plc"/>
<dc element="dc.date.published" value="1997-04-18"/>
<dc element="dc.source" value="Reuters"/>
<dc element="dc.creator.location" value="MOSCOW"/>
<dc element="dc.creator.location.country.name" value="RUSSIA"/>
<dc element="dc.source" value="Reuters"/>
</metadata>
</newsitem>
