<?xml version="1.0" encoding="iso-8859-1" ?>
<newsitem itemid="516387" id="root" date="1997-04-17" xml:lang="en">
<title>USA: Toastmaster expects 10 to 30 pct cost savings.</title>
<headline>Toastmaster expects 10 to 30 pct cost savings.</headline>
<dateline>COLUMBIA, Mo. 1997-04-16</dateline>
<text>
<p>Toastmaster Inc said it is in the process of implementing a previously announced restructuring of its product lines and operations, a move it expects will result in unit cost savings ranging from 10 to 30 percent.</p>
<p>The manufacturer  said some of its kitchen countertop appliances could be made more price competitive by terminating their production at the company-owned plant in Boonville, Mo., and sourcing them from lower-cost vendors.</p>
<p>Earlier Wednesday, Toastmaster reported a first-quarter loss of $0.15 per share, compared to a year-ago loss of $0.22 per share in the same period.</p>
<p>		((Reuters Chicago Newsdesk (312) 408-8787))</p>
</text>
<copyright>(c) Reuters Limited 1997</copyright>
<metadata>
<codes class="bip:countries:1.0">
  <code code="USA">
    <editdetail attribution="Reuters BIP Coding Group" action="confirmed" date="1997-04-17"/>
  </code>
</codes>
<codes class="bip:industries:1.0">
  <code code="I34540">
    <editdetail attribution="Reuters BIP Coding Group" action="confirmed" date="1997-04-17"/>
  </code>
</codes>
<codes class="bip:topics:1.0">
  <code code="C11">
    <editdetail attribution="Reuters BIP Coding Group" action="confirmed" date="1997-04-17"/>
  </code>
  <code code="CCAT">
    <editdetail attribution="Reuters BIP Coding Group" action="confirmed" date="1997-04-17"/>
  </code>
</codes>
<dc element="dc.date.created" value="1997-04-16"/>
<dc element="dc.publisher" value="Reuters Holdings Plc"/>
<dc element="dc.date.published" value="1997-04-17"/>
<dc element="dc.source" value="Reuters"/>
<dc element="dc.creator.location" value="COLUMBIA, Mo."/>
<dc element="dc.creator.location.country.name" value="USA"/>
<dc element="dc.source" value="Reuters"/>
</metadata>
</newsitem>
