<?xml version="1.0" encoding="iso-8859-1" ?>
<newsitem itemid="549693" id="root" date="1997-04-30" xml:lang="en">
<title>LATVIA: FOREIGNERS TO GET 33 PCT STAKE IN LATVENERGO.</title>
<headline>FOREIGNERS TO GET 33 PCT STAKE IN LATVENERGO.</headline>
<dateline>RIGA 1997-04-30</dateline>
<text>
<p>Foreign strategic investors will be offered a 33.33 percent stake in state electricity company Latvenergo, the privatisation agency said on Wednesday.</p>
<p>The agency earlier announced the restructuring of Latvenergo into a holding company to control four generating companies.</p>
<p>Strategic investors will be offered a 33.33 percent stake in the holding company, 7.8 percent will be offered to employees and retirees and some 15 percent will sold in a public offer, the agency said in a statement.</p>
<p>Some 11.11 percent of Latvenergo shares will be sold for vouchers and 3.70 will go into cash privatisation.</p>
<p>&quot;The state will maintain a 55 percent controlling stake in the generating stations and the high-voltage grid for the foreseeable future,&quot; Naglis said.</p>
<p>The state stake will not be reduced below 51 percent at least for the next three years.</p>
<p>The agency said it expected a valuation of the company in the second half of July at the soonest as the audit results will only be ready on July 1.</p>
<p>&quot;The share price can be clear only after talks with strategic investors,&quot; Naglis said.</p>
<p>-- Martinsh Gravitis, Riga newsroom, +371 721 5240</p>
</text>
<copyright>(c) Reuters Limited 1997</copyright>
<metadata>
<codes class="bip:countries:1.0">
  <code code="LATV">
    <editdetail attribution="Reuters BIP Coding Group" action="confirmed" date="1997-04-30"/>
  </code>
</codes>
<codes class="bip:industries:1.0">
  <code code="I16100">
    <editdetail attribution="Reuters BIP Coding Group" action="confirmed" date="1997-04-30"/>
  </code>
</codes>
<codes class="bip:topics:1.0">
  <code code="C18">
    <editdetail attribution="Reuters BIP Coding Group" action="confirmed" date="1997-04-30"/>
  </code>
  <code code="C181">
    <editdetail attribution="Reuters BIP Coding Group" action="confirmed" date="1997-04-30"/>
  </code>
  <code code="C183">
    <editdetail attribution="Reuters BIP Coding Group" action="confirmed" date="1997-04-30"/>
  </code>
  <code code="CCAT">
    <editdetail attribution="Reuters BIP Coding Group" action="confirmed" date="1997-04-30"/>
  </code>
</codes>
<dc element="dc.date.created" value="1997-04-30"/>
<dc element="dc.publisher" value="Reuters Holdings Plc"/>
<dc element="dc.date.published" value="1997-04-30"/>
<dc element="dc.source" value="Reuters"/>
<dc element="dc.creator.location" value="RIGA"/>
<dc element="dc.creator.location.country.name" value="LATVIA"/>
<dc element="dc.source" value="Reuters"/>
</metadata>
</newsitem>
