<?xml version="1.0" encoding="iso-8859-1" ?>
<newsitem itemid="594801" id="root" date="1997-05-19" xml:lang="en">
<title>HONG KONG: Beijing Enterprises sets limit for int'l placement.</title>
<headline>Beijing Enterprises sets limit for int'l placement.</headline>
<dateline>HONG KONG 1997-05-19</dateline>
<text>
<p>Global coordinator Peregrine Capital Ltd said on Monday a limit had been set on the number of shares that may be subscribed for with each application in the international offering portion of shares in Beijing Enterprises Holdings Ltd.</p>
<p>In view of the strong market response, chairman Francis Leung of Peregrine Capital said &quot;each application in the international offering is limited to a maximum of 10 percent of the issue size of the international placing portion.&quot;</p>
<p>Leung said the international offering portion had been dozens of times subscribed. There are 135 million shares earmarked for international placement.</p>
<p>&quot;No restriction will be apply on the Hong Kong public offering portion,&quot; he added.</p>
<p>Beijing municipal government-controlled Beijing Enterprises said earlier on Monday it would offer 150 million shares in a global initial public offering (IPO) at HK$12.48 each, of which 10 percent of the issue would be offered in a Hong Kong public offering and 90 percent in an international placement.</p>
<p>It said it had granted underwriters an option to issue an additional 22.5 million shares to cover over-allotment.</p>
<p>The IPO in Hong Kong will run from May 20 to 23 and dealing in the company shares is due to begin on May 29.</p>
<p>Peregrine Capital Ltd and Morgan Stanley Asia Ltd are the joint global co-ordinators and joint sponsors of the issue.</p>
<p>-- Hong Kong Newsroom (852) 2843 6370</p>
</text>
<copyright>(c) Reuters Limited 1997</copyright>
<metadata>
<codes class="bip:countries:1.0">
  <code code="CHINA">
    <editdetail attribution="Reuters BIP Coding Group" action="confirmed" date="1997-05-19"/>
  </code>
  <code code="HKONG">
    <editdetail attribution="Reuters BIP Coding Group" action="confirmed" date="1997-05-19"/>
  </code>
</codes>
<codes class="bip:industries:1.0">
  <code code="I83960">
    <editdetail attribution="Reuters BIP Coding Group" action="confirmed" date="1997-05-19"/>
  </code>
</codes>
<codes class="bip:topics:1.0">
  <code code="C17">
    <editdetail attribution="Reuters BIP Coding Group" action="confirmed" date="1997-05-19"/>
  </code>
  <code code="C171">
    <editdetail attribution="Reuters BIP Coding Group" action="confirmed" date="1997-05-19"/>
  </code>
  <code code="CCAT">
    <editdetail attribution="Reuters BIP Coding Group" action="confirmed" date="1997-05-19"/>
  </code>
</codes>
<dc element="dc.date.created" value="1997-05-19"/>
<dc element="dc.publisher" value="Reuters Holdings Plc"/>
<dc element="dc.date.published" value="1997-05-19"/>
<dc element="dc.source" value="Reuters"/>
<dc element="dc.creator.location" value="HONG KONG"/>
<dc element="dc.creator.location.country.name" value="HONG KONG"/>
<dc element="dc.source" value="Reuters"/>
</metadata>
</newsitem>
