<?xml version="1.0" encoding="iso-8859-1" ?>
<newsitem itemid="382236" id="root" date="1997-02-17" xml:lang="en">
<title>JAPAN: Despite Hamanaka plea, court goes on.</title>
<headline>Despite Hamanaka plea, court goes on.</headline>
<dateline>TOKYO 1997-02-17</dateline>
<text>
<p>Despite pleading guilty to fraud and conspiracy charges on Monday, one-time Sumitomo Corp copper trading king Yasuo Hamanaka must still face trial.</p>
<p>Japan's legal system calls for a lengthy examination of evidence even if the defendant pleads guilty to ensure the prosecution's case is backed up by factual evidence.</p>
<p>The court set sessions for March 10 and March 17, when the defence will question a company official about how Sumitomo supervised its dealers.</p>
<p>The witness is Yoshio Takeuchi from Sumitomo's Non-ferrous Metals/Chemicals/Petroleum and Carbon Group's Credit and Controlling Department.</p>
<p>&quot;It (the testimony) will allow us to hear directly what the system of checks at Sumitomo headquarters was like,&quot; Hamanaka's lawyer Hidessato Sekine told reporters.</p>
<p>The two charges carry a penalty of up to 15 years in prison. Defence lawyers hope to present evidence that show mitigating factors to try to reduce the sentence.</p>
<p>There is no jury system in Japan, with the three-judge panel making the decision on the sentence.</p>
<p>Hamanaka, 49, who spent all of his professional life at Sumitomo, was fired last June for what the company said was a decade of unauthorised trading that cost it $2.6 billion.</p>
</text>
<copyright>(c) Reuters Limited 1997</copyright>
<metadata>
<codes class="bip:countries:1.0">
  <code code="JAP">
    <editdetail attribution="Reuters BIP Coding Group" action="confirmed" date="1997-02-17"/>
  </code>
</codes>
<codes class="bip:industries:1.0">
  <code code="I63000">
    <editdetail attribution="Reuters BIP Coding Group" action="confirmed" date="1997-02-17"/>
  </code>
</codes>
<codes class="bip:topics:1.0">
  <code code="C12">
    <editdetail attribution="Reuters BIP Coding Group" action="confirmed" date="1997-02-17"/>
  </code>
  <code code="CCAT">
    <editdetail attribution="Reuters BIP Coding Group" action="confirmed" date="1997-02-17"/>
  </code>
  <code code="GCAT">
    <editdetail attribution="Reuters BIP Coding Group" action="confirmed" date="1997-02-17"/>
  </code>
  <code code="GCRIM">
    <editdetail attribution="Reuters BIP Coding Group" action="confirmed" date="1997-02-17"/>
  </code>
</codes>
<dc element="dc.date.created" value="1997-02-17"/>
<dc element="dc.publisher" value="Reuters Holdings Plc"/>
<dc element="dc.date.published" value="1997-02-17"/>
<dc element="dc.source" value="Reuters"/>
<dc element="dc.creator.location" value="TOKYO"/>
<dc element="dc.creator.location.country.name" value="JAPAN"/>
<dc element="dc.source" value="Reuters"/>
</metadata>
</newsitem>
