<?xml version="1.0" encoding="iso-8859-1" ?>
<newsitem itemid="96465" id="root" date="1996-10-04" xml:lang="en">
<title>HONG KONG: Videocon Intl mandates $70 mln FRN.</title>
<headline>Videocon Intl mandates $70 mln FRN.</headline>
<dateline>HONG KONG 1996-10-04</dateline>
<text>
<p>Videocon International has mandated Peregrine Fixed Income to arrange a seven-year US$70 million floating rate note issue, the arranger said.</p>
<p>The issue is the borrower's first FRN.</p>
<p>The issue will be launched with an indicated price range rather than with a set spread. Pricing will be determined based on investor demand after the reply deadline.</p>
<p>The indicated range has not yet been decided but the notes are expected to pay a coupon of more than 200 basis points over the London Interbank Offered Rate.</p>
<p>Roadshows will be held in Tokyo on Monday, October 14 and later that week in Seoul, Hong Kong and Singapore. There also will be presentations in Middle East and European cities.</p>
<p>-- Hong Kong Newsroom (852) 2843-6371</p>
</text>
<copyright>(c) Reuters Limited 1996</copyright>
<metadata>
<codes class="bip:countries:1.0">
  <code code="HKONG">
    <editdetail attribution="Reuters BIP Coding Group" action="confirmed" date="1996-10-04"/>
  </code>
  <code code="INDIA">
    <editdetail attribution="Reuters BIP Coding Group" action="confirmed" date="1996-10-04"/>
  </code>
</codes>
<codes class="bip:industries:1.0">
  <code code="I34540">
    <editdetail attribution="Reuters BIP Coding Group" action="confirmed" date="1996-10-04"/>
  </code>
</codes>
<codes class="bip:topics:1.0">
  <code code="C17">
    <editdetail attribution="Reuters BIP Coding Group" action="confirmed" date="1996-10-04"/>
  </code>
  <code code="C172">
    <editdetail attribution="Reuters BIP Coding Group" action="confirmed" date="1996-10-04"/>
  </code>
  <code code="CCAT">
    <editdetail attribution="Reuters BIP Coding Group" action="confirmed" date="1996-10-04"/>
  </code>
</codes>
<dc element="dc.date.created" value="1996-10-04"/>
<dc element="dc.publisher" value="Reuters Holdings Plc"/>
<dc element="dc.date.published" value="1996-10-04"/>
<dc element="dc.source" value="Reuters"/>
<dc element="dc.creator.location" value="HONG KONG"/>
<dc element="dc.creator.location.country.name" value="HONG KONG"/>
<dc element="dc.source" value="Reuters"/>
</metadata>
</newsitem>
