<?xml version="1.0" encoding="iso-8859-1" ?>
<newsitem itemid="166106" id="root" date="1996-11-05" xml:lang="en">
<title>POLAND: Polish bourse kerb bond deals - November 5.</title>
<headline>Polish bourse kerb bond deals - November 5.</headline>
<dateline>WARSAW 1996-11-05</dateline>
<text>
<p>Turnover in kerb bond trade through the Warsaw bourse was at 2.1 million zlotys on Tuesday.</p>
<p>The following is a summary of the day's block transactions on the Warsaw bourse.</p>
<p>* 1,245 variable-interest 10-year bonds maturing on October 18, 2006 traded at 99.6 zlotys.</p>
<p>* 791 fixed-interest five-year bonds maturing on June 12, 2000 traded at 97 zlotys.</p>
<p>-- Warsaw Newsroom +48 22 653 9700</p>
</text>
<copyright>(c) Reuters Limited 1996</copyright>
<metadata>
<codes class="bip:countries:1.0">
  <code code="POL">
    <editdetail attribution="Reuters BIP Coding Group" action="confirmed" date="1996-11-05"/>
  </code>
</codes>
<codes class="bip:topics:1.0">
  <code code="M12">
    <editdetail attribution="Reuters BIP Coding Group" action="confirmed" date="1996-11-05"/>
  </code>
  <code code="MCAT">
    <editdetail attribution="Reuters BIP Coding Group" action="confirmed" date="1996-11-05"/>
  </code>
</codes>
<dc element="dc.date.created" value="1996-11-05"/>
<dc element="dc.publisher" value="Reuters Holdings Plc"/>
<dc element="dc.date.published" value="1996-11-05"/>
<dc element="dc.source" value="Reuters"/>
<dc element="dc.creator.location" value="WARSAW"/>
<dc element="dc.creator.location.country.name" value="POLAND"/>
<dc element="dc.source" value="Reuters"/>
</metadata>
</newsitem>
