<?xml version="1.0" encoding="iso-8859-1" ?>
<newsitem itemid="3174" id="root" date="1996-08-20" xml:lang="en">
<title>SOUTH AFRICA: SAfrica Reserve Bank has free hand on rates-Manuel.</title>
<headline>SAfrica Reserve Bank has free hand on rates-Manuel.</headline>
<dateline>CAPE TOWN 1996-08-20</dateline>
<text>
<p>The South African Reserve Bank has a free hand on interest rates, Finance Minister Trevor Manuel told reporters on Tuesday.</p>
<p>&quot;The Reserve Bank is independent...The decision on interest rates is exclusively that of the South African Reserve Bank. We don't interfere at all...it's a call of Governor (Chris) Stals,&quot; he said.</p>
<p>The authorities have come under pressure this month to hike already high interest rates to defend the rand, but have been reluctant to do so, fearing the impact it would have on the economy.</p>
<p>The key Bank rate currently stands at 16 percent.</p>
</text>
<copyright>(c) Reuters Limited 1996</copyright>
<metadata>
<codes class="bip:countries:1.0">
  <code code="SAFR">
    <editdetail attribution="Reuters BIP Coding Group" action="confirmed" date="1996-08-20"/>
  </code>
</codes>
<codes class="bip:topics:1.0">
  <code code="E12">
    <editdetail attribution="Reuters BIP Coding Group" action="confirmed" date="1996-08-20"/>
  </code>
  <code code="ECAT">
    <editdetail attribution="Reuters BIP Coding Group" action="confirmed" date="1996-08-20"/>
  </code>
</codes>
<dc element="dc.date.created" value="1996-08-20"/>
<dc element="dc.publisher" value="Reuters Holdings Plc"/>
<dc element="dc.date.published" value="1996-08-20"/>
<dc element="dc.source" value="Reuters"/>
<dc element="dc.creator.location" value="CAPE TOWN"/>
<dc element="dc.creator.location.country.name" value="SOUTH AFRICA"/>
<dc element="dc.source" value="Reuters"/>
</metadata>
</newsitem>
