<?xml version="1.0" encoding="iso-8859-1" ?>
<newsitem itemid="656822" id="root" date="1997-06-12" xml:lang="en">
<title>USA: Mount Vernon CSD, N.Y., won by Roosevelt.</title>
<headline>Mount Vernon CSD, N.Y., won by Roosevelt.</headline>
<dateline>NEW YORK 1997-06-12</dateline>
<text>
<p>Roosevelt &amp; Cross Inc. said it won $3.450 million of Mount Vernon CSD, N.Y., school district bonds, Series 1997, with a net interest cost of 4.567 percent.</p>
</text>
<copyright>(c) Reuters Limited 1997</copyright>
<metadata>
<codes class="bip:countries:1.0">
  <code code="USA">
    <editdetail attribution="Reuters BIP Coding Group" action="confirmed" date="1997-06-12"/>
  </code>
</codes>
<codes class="bip:topics:1.0">
  <code code="E21">
    <editdetail attribution="Reuters BIP Coding Group" action="confirmed" date="1997-06-12"/>
  </code>
  <code code="E212">
    <editdetail attribution="Reuters BIP Coding Group" action="confirmed" date="1997-06-12"/>
  </code>
  <code code="ECAT">
    <editdetail attribution="Reuters BIP Coding Group" action="confirmed" date="1997-06-12"/>
  </code>
</codes>
<dc element="dc.date.created" value="1997-06-12"/>
<dc element="dc.publisher" value="Reuters Holdings Plc"/>
<dc element="dc.date.published" value="1997-06-12"/>
<dc element="dc.source" value="Reuters"/>
<dc element="dc.creator.location" value="NEW YORK"/>
<dc element="dc.creator.location.country.name" value="USA"/>
<dc element="dc.source" value="Reuters"/>
</metadata>
</newsitem>
