<?xml version="1.0" encoding="iso-8859-1" ?>
<newsitem itemid="164858" id="root" date="1996-11-04" xml:lang="en">
<title>SOUTH KOREA: Samsung claims world first in 1GB DRAM.</title>
<headline>Samsung claims world first in 1GB DRAM.</headline>
<dateline>SEOUL, South Korea</dateline>
<text>
<p>South Korea's Samsung Electronics Co. Ltd claimed Monday to have leaped ahead of its competitors by developing a &quot;fully working&quot; prototype of a one-gigabit dynamic random access memory, or DRAM, chip.</p>
<p>&quot;We are the world's first to succeed in developing the fully working die,&quot; company president Lee Yoon-woo told a news conference, adding that it was the last step before making an engineering sample.</p>
<p>Officials at Samsung, the world's largest memory chip supplier, said the company would soon start working on samples.</p>
<p>&quot;There were several foreign companies who announced success in developing circuit design for this product. But none of them has come up with a 'fully working die',&quot; Lee said.</p>
<p>He said the one-gigabit DRAM chip, capable of storing 100,000 double-spaced pages of typewritten text, or 16 hours of audio data, was expected to be used commercially in the year 2002 or 2003.</p>
<p>&quot;The global market is expected to reach $70 billion to $80 billion a year by 2005, compared with about $90 billion for the overall memory chip market that year,&quot; Lee said.</p>
<p>Lee said the company spent 220 billion won ($266.7 million) over the past two and a half years in developing a prototype, in which all the 1.07 billion cells fully worked.</p>
<p>Industry analysts shrugged off the announcement, saying that it was well overshadowed by the fears of shrinking profits in the 16-megabit DRAM chips, which are currently widely used in the global computer industry.</p>
<p>&quot;Investors would prefer to wait until they see commercial samples or any visible impact on the company's earnings from the development,&quot; said an analyst at Hyundai Securities.</p>
<p>Samsung, flagship unit of the giant Samsung Group, announced in December 1995 the development of a circuit design on the one-gigabit DRAM chip, which has four times the memory of a 256-megabit chip.</p>
<p>Samsung's major rivals, including NEC Corp. and Hitachi Ltd of Japan, have also announced successful developments of circuit designs on the advanced chip.</p>
<p>The world's leading DRAM makers have said sample shipments of one-gigabit DRAMs will start as early as 1998, but Samsung did not give timetable for its sample shipments.</p>
<p>A glut of supply has dampened international prices of both four- and 16-megabit DRAMs on the global market since early this year, causing Samsung and other major chipmakers to suffer sharp declines in earnings.</p>
<p>Samsung, which saw a whopping 165 percent net profit rise in calendar 1995, suffered a 60 percent drop in net profit for the first half of this year ended in June.</p>
</text>
<copyright>(c) Reuters Limited 1996</copyright>
<metadata>
<codes class="bip:countries:1.0">
  <code code="SKOREA">
    <editdetail attribution="Reuters BIP Coding Group" action="confirmed" date="1996-11-04"/>
  </code>
</codes>
<codes class="bip:industries:1.0">
  <code code="I33020">
    <editdetail attribution="Reuters BIP Coding Group" action="confirmed" date="1996-11-04"/>
  </code>
  <code code="I34531">
    <editdetail attribution="Reuters BIP Coding Group" action="confirmed" date="1996-11-04"/>
  </code>
</codes>
<codes class="bip:topics:1.0">
  <code code="C22">
    <editdetail attribution="Reuters BIP Coding Group" action="confirmed" date="1996-11-04"/>
  </code>
  <code code="CCAT">
    <editdetail attribution="Reuters BIP Coding Group" action="confirmed" date="1996-11-04"/>
  </code>
</codes>
<dc element="dc.publisher" value="Reuters Holdings Plc"/>
<dc element="dc.date.published" value="1996-11-04"/>
<dc element="dc.source" value="Reuters"/>
<dc element="dc.creator.location" value="SEOUL, South Korea"/>
<dc element="dc.creator.location.country.name" value="SOUTH KOREA"/>
<dc element="dc.source" value="Reuters"/>
</metadata>
</newsitem>
