<?xml version="1.0" encoding="iso-8859-1" ?>
<newsitem itemid="636320" id="root" date="1997-06-04" xml:lang="en">
<title>ZAMBIA: PRESS DIGEST - Zambia - June 4.</title>
<headline>PRESS DIGEST - Zambia - June 4.</headline>
<dateline>LUSAKA 1997-06-04</dateline>
<text>
<p>These are the leading stories in the Zambian press on Wednesday.</p>
<p>Reuters has not verified these stories and does not vouch for their accuracy.</p>
<p>- - - -</p>
<p>TIMES OF ZAMBIA</p>
<p>- General workers at Zambia's biggest hospital go on strike to push for a 30,000 kwacha pay rise.</p>
<p>- Lecturers at the University of Zambia tell a commission investigating student unrest that the vice chancellor and his deputy had abused their positions and should be dismissed.</p>
<p>- - - -</p>
<p>ZAMBIA DAILY MAIL</p>
<p>- Zambia cannot access its quota of a $18 billion fund from international donors because it has failed to ratify the Lome IV convention due to government inertia.</p>
<p>- The Zambia Revenue Authority records an increase in value added tax compliance following the introduction of a 0.5 percent penalty for delayed payment.</p>
<p>- - - -</p>
<p>THE POST</p>
<p>- A 13-year-old girl who sued her father for assault drops her case.</p>
<p>- The drug enforcement commission arrests a Zimbabwean for trafficking in hashish.</p>
<p>($=1250 kwacha)</p>
</text>
<copyright>(c) Reuters Limited 1997</copyright>
<metadata>
<codes class="bip:countries:1.0">
  <code code="ZAMBIA">
    <editdetail attribution="Reuters BIP Coding Group" action="confirmed" date="1997-06-04"/>
  </code>
</codes>
<codes class="bip:topics:1.0">
  <code code="GCAT">
    <editdetail attribution="Reuters BIP Coding Group" action="confirmed" date="1997-06-04"/>
  </code>
</codes>
<dc element="dc.date.created" value="1997-06-04"/>
<dc element="dc.publisher" value="Reuters Holdings Plc"/>
<dc element="dc.date.published" value="1997-06-04"/>
<dc element="dc.source" value="Reuters"/>
<dc element="dc.creator.location" value="LUSAKA"/>
<dc element="dc.creator.location.country.name" value="ZAMBIA"/>
<dc element="dc.source" value="Reuters"/>
</metadata>
</newsitem>
