<?xml version="1.0" encoding="iso-8859-1" ?>
<newsitem itemid="183292" id="root" date="1996-11-12" xml:lang="en">
<title>USA: American Dental cuts costs, posts profit.</title>
<headline>American Dental cuts costs, posts profit.</headline>
<dateline>SOUTHFIELD, Mich. 1996-11-12</dateline>
<text>
<p>American Dental Technologies Inc said on Tuesday that its profitable third quarter was largely a result of cost cutting.</p>
<p>Earlier, American Dental reported a profit of $0.02 a share for the third quarter on revenues of $4.05 million versus a loss of $0.06 last year on revenues of $2.29 million.</p>
<p>&quot;Profits increased primarily due to cost sharing with Texas Airsonics Inc before the merger and the company's continuing efforts to reduce selling and general expenses in relation to revenues,&quot; Ben Gallant, president and chief operating officer, said in a statement.</p>
<p>In addition, the company said sales of its KCP air abrasive dental treatment systems rose, increasing revenues. The KCP works like a miniature sandblaster spraying away decay, usually without the need for anesthesia.</p>
<p>Last July, American Dental acquired Texas Airsonics, which also developed and manufactured air abrasive products.</p>
<p>-- Chicago newsdesk, 312-408-8787</p>
</text>
<copyright>(c) Reuters Limited 1996</copyright>
<metadata>
<codes class="bip:countries:1.0">
  <code code="USA">
    <editdetail attribution="Reuters BIP Coding Group" action="confirmed" date="1996-11-12"/>
  </code>
</codes>
<codes class="bip:industries:1.0">
  <code code="I37200">
    <editdetail attribution="Reuters BIP Coding Group" action="confirmed" date="1996-11-12"/>
  </code>
</codes>
<codes class="bip:topics:1.0">
  <code code="C15">
    <editdetail attribution="Reuters BIP Coding Group" action="confirmed" date="1996-11-12"/>
  </code>
  <code code="C151">
    <editdetail attribution="Reuters BIP Coding Group" action="confirmed" date="1996-11-12"/>
  </code>
  <code code="CCAT">
    <editdetail attribution="Reuters BIP Coding Group" action="confirmed" date="1996-11-12"/>
  </code>
</codes>
<dc element="dc.date.created" value="1996-11-12"/>
<dc element="dc.publisher" value="Reuters Holdings Plc"/>
<dc element="dc.date.published" value="1996-11-12"/>
<dc element="dc.source" value="Reuters"/>
<dc element="dc.creator.location" value="SOUTHFIELD, Mich."/>
<dc element="dc.creator.location.country.name" value="USA"/>
<dc element="dc.source" value="Reuters"/>
</metadata>
</newsitem>
