<?xml version="1.0" encoding="iso-8859-1" ?>
<newsitem itemid="538315" id="root" date="1997-04-25" xml:lang="en">
<title>USA: NHL-THURSDAY'S STANLEY CUP PLAYOFF RESULTS.</title>
<headline>NHL-THURSDAY'S STANLEY CUP PLAYOFF RESULTS.</headline>
<dateline>NEW YORK 1997-04-25</dateline>
<text>
<p>Results of first-round</p>
<p>National Hockey League Stanley Cup playoff games on Thursday</p>
<p>(home team in CAPS):</p>
<p>	     Eastern Conference</p>
<p> MONTREAL	     4    New Jersey    3 (3-OT)</p>
<p>(New Jersey leads best-of-seven series 3-1)</p>
<p>	     Western Conference</p>
<p> COLORADO	     7    Chicago	 0</p>
<p>(Colorado leads best-of-seven series 3-2)</p>
<p> Phoenix		5    ANAHEIM	 2</p>
<p>(Phoenix leads best-of-seven series 3-2)</p>
</text>
<copyright>(c) Reuters Limited 1997</copyright>
<metadata>
<codes class="bip:countries:1.0">
  <code code="CANA">
    <editdetail attribution="Reuters BIP Coding Group" action="confirmed" date="1997-04-25"/>
  </code>
  <code code="USA">
    <editdetail attribution="Reuters BIP Coding Group" action="confirmed" date="1997-04-25"/>
  </code>
</codes>
<codes class="bip:topics:1.0">
  <code code="GCAT">
    <editdetail attribution="Reuters BIP Coding Group" action="confirmed" date="1997-04-25"/>
  </code>
  <code code="GSPO">
    <editdetail attribution="Reuters BIP Coding Group" action="confirmed" date="1997-04-25"/>
  </code>
</codes>
<dc element="dc.date.created" value="1997-04-25"/>
<dc element="dc.publisher" value="Reuters Holdings Plc"/>
<dc element="dc.date.published" value="1997-04-25"/>
<dc element="dc.source" value="Reuters"/>
<dc element="dc.creator.location" value="NEW YORK"/>
<dc element="dc.creator.location.country.name" value="USA"/>
<dc element="dc.source" value="Reuters"/>
</metadata>
</newsitem>
