<?xml version="1.0" encoding="iso-8859-1" ?>
<newsitem itemid="446072" id="root" date="1997-03-17" xml:lang="en">
<title>USA: Health and Retirement option exercised.</title>
<headline>Health and Retirement option exercised.</headline>
<dateline>NEWTON, Mass. 1997-03-17</dateline>
<text>
<p>Health and Retirement Properties Trust said on Monday underwriters of its recent 23.5 million common share public offering have exercised their over-allotment option to purchase an additional 3,525,000 common shares.</p>
<p>The share price was $18.875 per share.</p>
<p>The gross proceeds from the sale of common shares represented by this overallotment option was $66,534,375, the company said.</p>
<p>Gross proceeds from the offering totaled $510.1 million, Health and Retirement Properties said.</p>
<p>Health and Retirement Properties expects to use the proceeds from the offering to purchase a portfolio of 30 office properties leased to the U.S. Government, to repay debt and fund future investments, the company said.</p>
<p>The offering was led by Donaldson, Lufkin &amp; Jenrette Securities Corp and was co-managed by Dean Witter Reynolds Inc, A.G. Edwards &amp; Sons Inc, Merrill Lynch &amp; Co, NatWest Securities Ltd, PaineWebber Inc, Prudential Securities Inc, Salomon Brothers Inc, and Smith Barney Inc, the company said.</p>
</text>
<copyright>(c) Reuters Limited 1997</copyright>
<metadata>
<codes class="bip:countries:1.0">
  <code code="USA">
    <editdetail attribution="Reuters BIP Coding Group" action="confirmed" date="1997-03-17"/>
  </code>
</codes>
<codes class="bip:industries:1.0">
  <code code="I81502">
    <editdetail attribution="Reuters BIP Coding Group" action="confirmed" date="1997-03-17"/>
  </code>
  <code code="I8150206">
    <editdetail attribution="Reuters BIP Coding Group" action="confirmed" date="1997-03-17"/>
  </code>
</codes>
<codes class="bip:topics:1.0">
  <code code="C17">
    <editdetail attribution="Reuters BIP Coding Group" action="confirmed" date="1997-03-17"/>
  </code>
  <code code="C171">
    <editdetail attribution="Reuters BIP Coding Group" action="confirmed" date="1997-03-17"/>
  </code>
  <code code="CCAT">
    <editdetail attribution="Reuters BIP Coding Group" action="confirmed" date="1997-03-17"/>
  </code>
</codes>
<dc element="dc.date.created" value="1997-03-17"/>
<dc element="dc.publisher" value="Reuters Holdings Plc"/>
<dc element="dc.date.published" value="1997-03-17"/>
<dc element="dc.source" value="Reuters"/>
<dc element="dc.creator.location" value="NEWTON, Mass."/>
<dc element="dc.creator.location.country.name" value="USA"/>
<dc element="dc.source" value="Reuters"/>
</metadata>
</newsitem>
