<?xml version="1.0" encoding="iso-8859-1" ?>
<newsitem itemid="630513" id="root" date="1997-06-02" xml:lang="en">
<title>ARGENTINA: Judicial reform to be part of Argentine IMF deal.</title>
<headline>Judicial reform to be part of Argentine IMF deal.</headline>
<dateline>BUENOS AIRES 1997-06-02</dateline>
<text>
<p>Argentina is planning a far-reaching reform of its judiciary as part of a deal for a new Extended Fund Facility from the International Monetary Fund, La Nacion newspaper reported Monday.</p>
<p>The World Bank is backing the measures, and will give an initial $50 million credit to the country to modernize its courts, La Nacion said, citing government officials.</p>
<p>&quot;An adequate modernization of the courts, which includes a rigorous information system, will also help improve tax income,&quot; Alberto Abad, secretary of strategic planning in the Cabinet, told La Nacion.  </p>
<p>The reforms would be aimed at improving the reliability of the legal system to investors, reducing legal costs and increasing the transparency of the legal system.</p>
<p>A mission from the World Bank arrived in Argentina last week to meet with officials from the legal system.</p>
<p>Argentina's current stand-by accord with the IMF, which ends this year, includes a fiscal deficit target of $3 billion for 1997. Argentina met the first quarter target with a deficit of $1.04 billion.</p>
<p>The country is currently negotiating a three-year EFF to kick in when the stand-by agreement ends.</p>
<p>Economy Minister Roque Fernandez recently said that Argentina will need no more loans from the IMF after the new EFF ends in 2000.</p>
<p>&quot;This will be the last EFF agreement with the IMF. This ends in 2000. We should all expect this to be the last agreement with the IMF,&quot; Fernandez said.</p>
<p>((-- Axel Bugge, Buenos Aires Newsroom, 541 318-0668))</p>
</text>
<copyright>(c) Reuters Limited 1997</copyright>
<metadata>
<codes class="bip:countries:1.0">
  <code code="ARG">
    <editdetail attribution="Reuters BIP Coding Group" action="confirmed" date="1997-06-02"/>
  </code>
</codes>
<codes class="bip:topics:1.0">
  <code code="E12">
    <editdetail attribution="Reuters BIP Coding Group" action="confirmed" date="1997-06-02"/>
  </code>
  <code code="E21">
    <editdetail attribution="Reuters BIP Coding Group" action="confirmed" date="1997-06-02"/>
  </code>
  <code code="E212">
    <editdetail attribution="Reuters BIP Coding Group" action="confirmed" date="1997-06-02"/>
  </code>
  <code code="ECAT">
    <editdetail attribution="Reuters BIP Coding Group" action="confirmed" date="1997-06-02"/>
  </code>
  <code code="GCAT">
    <editdetail attribution="Reuters BIP Coding Group" action="confirmed" date="1997-06-02"/>
  </code>
  <code code="GCRIM">
    <editdetail attribution="Reuters BIP Coding Group" action="confirmed" date="1997-06-02"/>
  </code>
</codes>
<dc element="dc.date.created" value="1997-06-02"/>
<dc element="dc.publisher" value="Reuters Holdings Plc"/>
<dc element="dc.date.published" value="1997-06-02"/>
<dc element="dc.source" value="Reuters"/>
<dc element="dc.creator.location" value="BUENOS AIRES"/>
<dc element="dc.creator.location.country.name" value="ARGENTINA"/>
<dc element="dc.source" value="Reuters"/>
</metadata>
</newsitem>
