<?xml version="1.0" encoding="iso-8859-1" ?>
<newsitem itemid="215895" id="root" date="1996-11-25" xml:lang="en">
<title>JAPAN: Chuo Paperboard -96/97 parent forecast.</title>
<headline>Chuo Paperboard -96/97 parent forecast.</headline>
<dateline>TOKYO 1996-11-25</dateline>
<text>
<p>Year to March 31, 1997</p>
<p>		   (in billions of yen unless specified)</p>
<p>			   LATEST	    ACTUAL</p>
<p> (Parent)	     FORECAST	  YEAR-AGO</p>
<p> Sales		 24.30		24.07</p>
<p> Current	    700    million	 641    million</p>
<p> Net	     loss 4.40	   prft 297 million</p>
<p> EPS	    loss 95.80 yen    prft 6.47 yen</p>
<p> Ord div		 nil		 5.00 yen</p>
<p>NOTE - Chuo Paperboard Co Ltd is a paper manufacturer specialising in jute liners.</p>
</text>
<copyright>(c) Reuters Limited 1996</copyright>
<metadata>
<codes class="bip:countries:1.0">
  <code code="JAP">
    <editdetail attribution="Reuters BIP Coding Group" action="confirmed" date="1996-11-25"/>
  </code>
</codes>
<codes class="bip:industries:1.0">
  <code code="I47100">
    <editdetail attribution="Reuters BIP Coding Group" action="confirmed" date="1996-11-25"/>
  </code>
</codes>
<codes class="bip:topics:1.0">
  <code code="C15">
    <editdetail attribution="Reuters BIP Coding Group" action="confirmed" date="1996-11-25"/>
  </code>
  <code code="C152">
    <editdetail attribution="Reuters BIP Coding Group" action="confirmed" date="1996-11-25"/>
  </code>
  <code code="CCAT">
    <editdetail attribution="Reuters BIP Coding Group" action="confirmed" date="1996-11-25"/>
  </code>
</codes>
<dc element="dc.date.created" value="1996-11-25"/>
<dc element="dc.publisher" value="Reuters Holdings Plc"/>
<dc element="dc.date.published" value="1996-11-25"/>
<dc element="dc.source" value="Reuters"/>
<dc element="dc.creator.location" value="TOKYO"/>
<dc element="dc.creator.location.country.name" value="JAPAN"/>
<dc element="dc.source" value="Reuters"/>
</metadata>
</newsitem>
