<?xml version="1.0" encoding="iso-8859-1" ?>
<newsitem itemid="531162" id="root" date="1997-04-23" xml:lang="en">
<title>ISRAEL: SOCCER-ISRAELI FIRST DIVISION RESULT/STANDINGS.</title>
<headline>SOCCER-ISRAELI FIRST DIVISION RESULT/STANDINGS.</headline>
<dateline>JERUSALEM 1997-04-23</dateline>
<text>
<p>Result of an Israeli first</p>
<p>division soccer match on Wednesday:</p>
<p> Hapoel Taibe	  1    Bnei Yehuda	1</p>
<p>    Standings		 P    W    D    L   F   A     PTS </p>
<p> 1. Betar Jerusalem	26   19    4    3   54  16     61</p>
<p> 2. Hapoel Petah Tikva   26   16    6    4   47  25     54</p>
<p> 3. Hapoel Beersheba     26   17    2    7   41  23     53</p>
<p> 4. Maccabi Petah Tikva  26   13    7    6   37  21     46</p>
<p> 5. Maccabi Tel Aviv     26   13    6    7   45  28     45</p>
<p> 6. Maccabi Haifa	  26    9    9    8   31  28     36</p>
<p> 7. Hapoel Kfar Sava     26   10    6   10   28  28     36</p>
<p> 8. Hapoel Haifa	   26   10    5   11   28  30     35</p>
<p> 9. Bnei Yehuda	    26    9    7   10   26  32     34</p>
<p>10. Hapoel Beit She'an   26    8    6   12   24  27     30</p>
<p>11. Maccabi Herzliya     26    9    3   14   17  24     30</p>
<p>12. Ironi Rishon Lezion  26    8    6   12   29  44     30</p>
<p>13. Hapoel Jerusalem     26    8    5   13   26  37     29</p>
<p>14. Hapoel Tel Aviv	26    5    9   12   15  26     24</p>
<p>15. Zafririm Holon	 26    4    9   13   15  34     21</p>
<p>16. Hapoel Taibe	   26    4    2   20   15  55     14</p>
</text>
<copyright>(c) Reuters Limited 1997</copyright>
<metadata>
<codes class="bip:countries:1.0">
  <code code="ISRAEL">
    <editdetail attribution="Reuters BIP Coding Group" action="confirmed" date="1997-04-23"/>
  </code>
</codes>
<codes class="bip:topics:1.0">
  <code code="GCAT">
    <editdetail attribution="Reuters BIP Coding Group" action="confirmed" date="1997-04-23"/>
  </code>
  <code code="GSPO">
    <editdetail attribution="Reuters BIP Coding Group" action="confirmed" date="1997-04-23"/>
  </code>
</codes>
<dc element="dc.date.created" value="1997-04-23"/>
<dc element="dc.publisher" value="Reuters Holdings Plc"/>
<dc element="dc.date.published" value="1997-04-23"/>
<dc element="dc.source" value="Reuters"/>
<dc element="dc.creator.location" value="JERUSALEM"/>
<dc element="dc.creator.location.country.name" value="ISRAEL"/>
<dc element="dc.source" value="Reuters"/>
</metadata>
</newsitem>
