<?xml version="1.0" encoding="iso-8859-1" ?>
<newsitem itemid="576996" id="root" date="1997-05-12" xml:lang="en">
<title>EGYPT: Egypt's Misr Exterior Bank ups 1996 pft.</title>
<headline>Egypt's Misr Exterior Bank ups 1996 pft.</headline>
<dateline>CAIRO 1997-05-12</dateline>
<text>
<p>Egypt's private-sector Misr Exterior Bank said on Monday its profits for distribution during calendar year 1996 rose to 53 million pounds ($15.6 million) from 46 million a year earlier.</p>
<p>The profits are equivalent to 72.6 pounds for each of the 730,000 shares, which last traded on the Egyptian stock exchange on January 14 at 1,000 pounds.</p>
<p>The bank did not post a dividend. In 1995, it distributed 21 pounds per share.</p>
<p>The bank's total balance sheet rose to 3.75 billion pounds at the end of 1996 from 2.80 billion a year ago, the bank said in a published announcement.</p>
<p>Total revenue increased to 110.66 million pounds form 96.91 million in 1995.</p>
<p>Customer deposits in 1996 also rose to 3.06 billion pounds from 2.39 billion in 1995.</p>
<p>Shareholders' funds at the end of December, 1996 were worth 221.78 million pounds against 191.02 million at the end of the previous year.</p>
<p>Misr Exterior Bank began in 1982 as a joint venture between the Egyptian state's Banque Misr and the Spanish bank Banco Exterior de Espana.</p>
<p>Both banks have reduced their stakes by selling to mutual funds and other investors. Banque Misr, once the dominant partner with 51 percent, held 19.39 percent of the equity at the end of 1996.</p>
<p>Banco Exterior de Espana has cut its stake from 40 percent to 29.34 percent.</p>
<p>The bank said earlier this year that the other shareholders were Egyptian individuals (14.44 percent), mutual funds (14.08 percent) and industrial establishments (11 percent).</p>
<p>Here are the bank's balance sheets on December 31, 1996, and one year earlier and its profit/loss accounts for 1996 and 1995 (all figures in millions of pounds):</p>
<p>					   31 DEC 1996	31 DEC 1995</p>
<p>ASSETS</p>
<p>    Cash and deposits		 1,187.838	  1,242.662</p>
<p>at banks</p>
<p>    Investments			 1,050.869	    502.548</p>
<p>    Loans to customers		1,453.701	  1,009.751</p>
<p>    Other credit balances		20.096		9.009</p>
<p>    Net fixed assets		     33.520	     31.224</p>
<p>LIABILITIES</p>
<p>    Customer deposits		 3,056.747	   2,393,586</p>
<p>    Banks and correspondents	  288.492	     111.892</p>
<p>    Other debit balances		179.001		98.697</p>
<p>    Total shareholders' funds	 221.784	     191.019</p>
<p>						 1996		  1995</p>
<p>    Interest received		   253.383	     216.103</p>
<p>    Interest paid			(204.011)	   (175.733)</p>
<p>Administrative expenses</p>
<p>     and provisions			53.755		  47.383</p>
<p>    Net attributable profit	    53.000		  46.000</p>
<p>$1 = 3.395 pounds</p>
<p>-- Mona Eltahawy, Cairo newsroom, +202 578 3290/1</p>
</text>
<copyright>(c) Reuters Limited 1997</copyright>
<metadata>
<codes class="bip:countries:1.0">
  <code code="EGYPT">
    <editdetail attribution="Reuters BIP Coding Group" action="confirmed" date="1997-05-12"/>
  </code>
</codes>
<codes class="bip:industries:1.0">
  <code code="I81402">
    <editdetail attribution="Reuters BIP Coding Group" action="confirmed" date="1997-05-12"/>
  </code>
</codes>
<codes class="bip:topics:1.0">
  <code code="C15">
    <editdetail attribution="Reuters BIP Coding Group" action="confirmed" date="1997-05-12"/>
  </code>
  <code code="C151">
    <editdetail attribution="Reuters BIP Coding Group" action="confirmed" date="1997-05-12"/>
  </code>
  <code code="C1511">
    <editdetail attribution="Reuters BIP Coding Group" action="confirmed" date="1997-05-12"/>
  </code>
  <code code="CCAT">
    <editdetail attribution="Reuters BIP Coding Group" action="confirmed" date="1997-05-12"/>
  </code>
</codes>
<dc element="dc.date.created" value="1997-05-12"/>
<dc element="dc.publisher" value="Reuters Holdings Plc"/>
<dc element="dc.date.published" value="1997-05-12"/>
<dc element="dc.source" value="Reuters"/>
<dc element="dc.creator.location" value="CAIRO"/>
<dc element="dc.creator.location.country.name" value="EGYPT"/>
<dc element="dc.source" value="Reuters"/>
</metadata>
</newsitem>
