<?xml version="1.0" encoding="iso-8859-1" ?>
<newsitem itemid="543957" id="root" date="1997-04-28" xml:lang="en">
<title>USA: BALANCE -- Traverse City, Mich., deal at $3.3 mln.</title>
<headline>BALANCE -- Traverse City, Mich., deal at $3.3 mln.</headline>
<text>
<p>TRAVERSE CITY AREA PUBLIC SCHOOLS</p>
<p>RE: $15,000,000</p>
<p>Counties of Grand Traverse, Leelanau</p>
<p>and Benzie, State of Michigan</p>
<p>1997 School Building and Site Bonds, Series II</p>
<p>(General Obligation - Unlimited Tax)</p>
<p>BALANCES ARE AVAIABLE ON A FIRST COME, FIRST SERVED BASIS:</p>
<p>    MOODY'S: Aaa		   S&amp;P: AAA</p>
<p>		 A1 UNDERLYING	    AA UNDERLYING</p>
<p>Delivery Date: 05/15/1997 Expected</p>
<p>FGIC INSURED</p>
<p>Maturity	   Balance     Coupon    List</p>
<p>05/01/2002		90M    7.25	  5.00</p>
<p>05/01/2003	     275M    7.25	  5.05</p>
<p>05/01/2004	     425M    7.25	  5.10</p>
<p>05/01/2005	     600M    7.25	  5.20</p>
<p>05/01/2006	     600M    7.25	  5.25</p>
<p>----------------------------------------------</p>
<p>05/01/2007	     500M    7.25	  5.30</p>
<p>05/01/2009	     825M    5.25	  5.40</p>
<p>  Total:	     3,315M</p>
<p>EVEREN Securities Incorporated</p>
<p>--U.S. Municipal Desk, 212-859-1650</p>
</text>
<copyright>(c) Reuters Limited 1997</copyright>
<metadata>
<codes class="bip:countries:1.0">
  <code code="USA">
    <editdetail attribution="Reuters BIP Coding Group" action="confirmed" date="1997-04-28"/>
  </code>
</codes>
<codes class="bip:topics:1.0">
  <code code="E21">
    <editdetail attribution="Reuters BIP Coding Group" action="confirmed" date="1997-04-28"/>
  </code>
  <code code="E212">
    <editdetail attribution="Reuters BIP Coding Group" action="confirmed" date="1997-04-28"/>
  </code>
  <code code="ECAT">
    <editdetail attribution="Reuters BIP Coding Group" action="confirmed" date="1997-04-28"/>
  </code>
</codes>
<dc element="dc.publisher" value="Reuters Holdings Plc"/>
<dc element="dc.date.published" value="1997-04-28"/>
<dc element="dc.source" value="Reuters"/>
<dc element="dc.creator.location.country.name" value="USA"/>
<dc element="dc.source" value="Reuters"/>
</metadata>
</newsitem>
