<?xml version="1.0" encoding="iso-8859-1" ?>
<newsitem itemid="399671" id="root" date="1997-02-24" xml:lang="en">
<title>GERMANY: Air India could miss cargo boom from import duty cut.</title>
<headline>Air India could miss cargo boom from import duty cut.</headline>
<dateline>FRANKFURT 1997-02-24</dateline>
<text>
<p>Air India said it could run short of cargo capacity from Germany to India in April due to the suspension of regular flights.</p>
<p>The airline will suspend three of its five weekly India-Germany flights from March 8 until the end of April in order to fly Moslem pilgrims to Saudi Arabia.</p>
<p>Air India cargo sales manager Germany, Ruediger Brasche, told Reuters the suspension would coincide with a possible upturn in German exports to India through planned cuts in import duties.</p>
<p>Analysts in New Delhi said on Monday that Indian finance minister P. Chidambaram might announce cuts in import duties below 50 percent in his April 1997-March 1998 budget later this week.</p>
<p>Brasche said that the total Germany to India cargo market ranged up to 2,000 tonnes a month.</p>
<p>&quot;But from April this could increase substantially if import conditions in India are made more flexible. Cargo could rise 50 percent from a reduction in import duties,&quot; he forecast.</p>
<p>But Air India could miss out on this potential surge since its weekly capacity would fall 33 percent to 10 tonnes through the suspension of the Delhi flights, Brasche warned.</p>
<p>&quot;The year has begun excellently but we have still struggled with too little capacity. We could have flown much more,&quot; he added.</p>
<p>Air India currently had a Germany market share of 15 percent, Brasche said.</p>
<p>- Reuters Air Cargo Newsroom Tel+44 171 542 7706 Fax+5017</p>
</text>
<copyright>(c) Reuters Limited 1997</copyright>
<metadata>
<codes class="bip:countries:1.0">
  <code code="GFR">
    <editdetail attribution="Reuters BIP Coding Group" action="confirmed" date="1997-02-24"/>
  </code>
  <code code="INDIA">
    <editdetail attribution="Reuters BIP Coding Group" action="confirmed" date="1997-02-24"/>
  </code>
  <code code="SAARAB">
    <editdetail attribution="Reuters BIP Coding Group" action="confirmed" date="1997-02-24"/>
  </code>
</codes>
<codes class="bip:industries:1.0">
  <code code="I75000">
    <editdetail attribution="Reuters BIP Coding Group" action="confirmed" date="1997-02-24"/>
  </code>
</codes>
<codes class="bip:topics:1.0">
  <code code="C13">
    <editdetail attribution="Reuters BIP Coding Group" action="confirmed" date="1997-02-24"/>
  </code>
  <code code="C21">
    <editdetail attribution="Reuters BIP Coding Group" action="confirmed" date="1997-02-24"/>
  </code>
  <code code="C31">
    <editdetail attribution="Reuters BIP Coding Group" action="confirmed" date="1997-02-24"/>
  </code>
  <code code="C311">
    <editdetail attribution="Reuters BIP Coding Group" action="confirmed" date="1997-02-24"/>
  </code>
  <code code="CCAT">
    <editdetail attribution="Reuters BIP Coding Group" action="confirmed" date="1997-02-24"/>
  </code>
  <code code="GCAT">
    <editdetail attribution="Reuters BIP Coding Group" action="confirmed" date="1997-02-24"/>
  </code>
  <code code="GREL">
    <editdetail attribution="Reuters BIP Coding Group" action="confirmed" date="1997-02-24"/>
  </code>
</codes>
<dc element="dc.date.created" value="1997-02-24"/>
<dc element="dc.publisher" value="Reuters Holdings Plc"/>
<dc element="dc.date.published" value="1997-02-24"/>
<dc element="dc.source" value="Reuters"/>
<dc element="dc.creator.location" value="FRANKFURT"/>
<dc element="dc.creator.location.country.name" value="GERMANY"/>
<dc element="dc.source" value="Reuters"/>
</metadata>
</newsitem>
