<?xml version="1.0" encoding="iso-8859-1" ?>
<newsitem itemid="562708" id="root" date="1997-05-06" xml:lang="en">
<title>ARGENTINA: Argentine Central Bank places $35 mln in repos.</title>
<headline>Argentine Central Bank places $35 mln in repos.</headline>
<dateline>BUENOS AIRES 1997-05-06</dateline>
<text>
<p>Argentina's Central Bank said Tuesday it placed $35 million in overnight repurchase agreements at 9.0 percent.</p>
<p>Call money rose to 5.88 percent from 5.78 percent at Monday's close.</p>
<p>The U.S. dollar fell to 0.99984 pesos from 0.99985 pesos.</p>
<p>((--Buenos Aires Newsroom +541 318-0651))</p>
</text>
<copyright>(c) Reuters Limited 1997</copyright>
<metadata>
<codes class="bip:countries:1.0">
  <code code="ARG">
    <editdetail attribution="Reuters BIP Coding Group" action="confirmed" date="1997-05-06"/>
  </code>
</codes>
<codes class="bip:topics:1.0">
  <code code="M13">
    <editdetail attribution="Reuters BIP Coding Group" action="confirmed" date="1997-05-06"/>
  </code>
  <code code="M131">
    <editdetail attribution="Reuters BIP Coding Group" action="confirmed" date="1997-05-06"/>
  </code>
  <code code="MCAT">
    <editdetail attribution="Reuters BIP Coding Group" action="confirmed" date="1997-05-06"/>
  </code>
</codes>
<dc element="dc.date.created" value="1997-05-06"/>
<dc element="dc.publisher" value="Reuters Holdings Plc"/>
<dc element="dc.date.published" value="1997-05-06"/>
<dc element="dc.source" value="Reuters"/>
<dc element="dc.creator.location" value="BUENOS AIRES"/>
<dc element="dc.creator.location.country.name" value="ARGENTINA"/>
<dc element="dc.source" value="Reuters"/>
</metadata>
</newsitem>
