<?xml version="1.0" encoding="iso-8859-1" ?>
<newsitem itemid="307247" id="root" date="1997-01-14" xml:lang="en">
<title>AUSTRALIA: RTRS-Australia 2007 T-bond yld averages 7.583 pct.</title>
<headline>RTRS-Australia 2007 T-bond yld averages 7.583 pct.</headline>
<dateline>SYDNEY 1997-01-14</dateline>
<text>
<p>Results of today's A$601.5 million T-bond tender, announced by Reserve Bank of Australia (RBA):</p>
<p>  Stock	  Offering     Allotted	Avg yield   Range</p>
<p>  7.00 Apr 00  A$200 mln    A$200.00 mln  6.579     6.57-6.59</p>
<p>		   (RBA take-up A$Nil, pct allotted at top 40)</p>
<p>  Stock	  Offering     Allotted	Avg yield   Range</p>
<p>  10.0 Oct 07  A$400 mln    A$401.50 mln  7.583     7.56-7.59</p>
<p>		   (RBA take-up A$Nil, pct allotted at top 60)</p>
<p>-- Sydney newsroom 61-2 9373-1800</p>
</text>
<copyright>(c) Reuters Limited 1997</copyright>
<metadata>
<codes class="bip:countries:1.0">
  <code code="AUSTR">
    <editdetail attribution="Reuters BIP Coding Group" action="confirmed" date="1997-01-14"/>
  </code>
</codes>
<codes class="bip:topics:1.0">
  <code code="E21">
    <editdetail attribution="Reuters BIP Coding Group" action="confirmed" date="1997-01-14"/>
  </code>
  <code code="E212">
    <editdetail attribution="Reuters BIP Coding Group" action="confirmed" date="1997-01-14"/>
  </code>
  <code code="ECAT">
    <editdetail attribution="Reuters BIP Coding Group" action="confirmed" date="1997-01-14"/>
  </code>
  <code code="M12">
    <editdetail attribution="Reuters BIP Coding Group" action="confirmed" date="1997-01-14"/>
  </code>
  <code code="MCAT">
    <editdetail attribution="Reuters BIP Coding Group" action="confirmed" date="1997-01-14"/>
  </code>
</codes>
<dc element="dc.date.created" value="1997-01-14"/>
<dc element="dc.publisher" value="Reuters Holdings Plc"/>
<dc element="dc.date.published" value="1997-01-14"/>
<dc element="dc.source" value="Reuters"/>
<dc element="dc.creator.location" value="SYDNEY"/>
<dc element="dc.creator.location.country.name" value="AUSTRALIA"/>
<dc element="dc.source" value="Reuters"/>
</metadata>
</newsitem>
