<?xml version="1.0" encoding="iso-8859-1" ?>
<newsitem itemid="538578" id="root" date="1997-04-25" xml:lang="en">
<title>SOUTH AFRICA: Merrill, Daiwa to lead S.African govt bond issues.</title>
<headline>Merrill, Daiwa to lead S.African govt bond issues.</headline>
<dateline>JOHANNESBURG 1997-04-25</dateline>
<text>
<p>South Africa's Department of Finance said Friday that Merrill Lynch &amp; Co had been appointed as lead manager of its planned Yankee bond issue and Daiwa Securities as lead manager of its planned Samurai issue.  </p>
<p>Market conditions would determine the terms, conditions and timing of the two transactions which will form part of the government's budgeted amount of about 4.0 billion rand to be borrowed in foreign markets in 1997/98 (April-March).</p>
<p>&quot;In keeping with the foreign borrowing strategy adopted in 1996, the emphasis will be on extending the maturity profile of foreign currency denominated debt, whilst at the same time further reaching out to new investors,&quot; the department said in a statement.  </p>
<p>-- Johannesburg newsroom +27 11 482 1003</p>
</text>
<copyright>(c) Reuters Limited 1997</copyright>
<metadata>
<codes class="bip:countries:1.0">
  <code code="SAFR">
    <editdetail attribution="Reuters BIP Coding Group" action="confirmed" date="1997-04-25"/>
  </code>
</codes>
<codes class="bip:topics:1.0">
  <code code="E21">
    <editdetail attribution="Reuters BIP Coding Group" action="confirmed" date="1997-04-25"/>
  </code>
  <code code="E212">
    <editdetail attribution="Reuters BIP Coding Group" action="confirmed" date="1997-04-25"/>
  </code>
  <code code="ECAT">
    <editdetail attribution="Reuters BIP Coding Group" action="confirmed" date="1997-04-25"/>
  </code>
</codes>
<dc element="dc.date.created" value="1997-04-25"/>
<dc element="dc.publisher" value="Reuters Holdings Plc"/>
<dc element="dc.date.published" value="1997-04-25"/>
<dc element="dc.source" value="Reuters"/>
<dc element="dc.creator.location" value="JOHANNESBURG"/>
<dc element="dc.creator.location.country.name" value="SOUTH AFRICA"/>
<dc element="dc.source" value="Reuters"/>
</metadata>
</newsitem>
