<?xml version="1.0" encoding="iso-8859-1" ?>
<newsitem itemid="157687" id="root" date="1996-10-31" xml:lang="en">
<title>UK: LME metals finish AM kerb firmer, but off highs.</title>
<headline>LME metals finish AM kerb firmer, but off highs.</headline>
<text>
<p>ALUMINIUM - Holds above $1,440 resistance by end of morning kerb, ending at $1,445.</p>
<p>COPPER - Finishes morning just under $1,970 resistance.</p>
<p>ZINC - Firmer but below $1,070 barrier. LEAD - Stronger.</p>
<p>OTHERS - Slightly higher.</p>
</text>
<copyright>(c) Reuters Limited 1996</copyright>
<metadata>
<codes class="bip:countries:1.0">
  <code code="UK">
    <editdetail attribution="Reuters BIP Coding Group" action="confirmed" date="1996-10-31"/>
  </code>
</codes>
<codes class="bip:topics:1.0">
  <code code="M14">
    <editdetail attribution="Reuters BIP Coding Group" action="confirmed" date="1996-10-31"/>
  </code>
  <code code="M142">
    <editdetail attribution="Reuters BIP Coding Group" action="confirmed" date="1996-10-31"/>
  </code>
  <code code="MCAT">
    <editdetail attribution="Reuters BIP Coding Group" action="confirmed" date="1996-10-31"/>
  </code>
</codes>
<dc element="dc.publisher" value="Reuters Holdings Plc"/>
<dc element="dc.date.published" value="1996-10-31"/>
<dc element="dc.source" value="Reuters"/>
<dc element="dc.creator.location.country.name" value="UK"/>
<dc element="dc.source" value="Reuters"/>
</metadata>
</newsitem>
