<?xml version="1.0" encoding="iso-8859-1" ?>
<newsitem itemid="754681" id="root" date="1997-07-24" xml:lang="en">
<title>FRANCE: Bank of France makes no net drain at tender.</title>
<headline>Bank of France makes no net drain at tender.</headline>
<dateline>PARIS 1997-07-24</dateline>
<text>
<p>The Bank of France made no net drain or injection at a securities repurchase tender held on Thursday to allocate funds for injection into the money market on Friday.</p>
<p>It accepted bids for 46.0 billion francs in new liquidity, the same amount leaving the market on Friday when a previous pact expires. The new pact expires on August 1.</p>
<p>The Bank of France said it allocated 14.1 billion francs to bidders offering Treasury bills as collateral, satisfying 4.3 percent of such demand.</p>
<p>It allotted a further 31.9 billion to bidders putting up private paper, satisfying 13.0 percent of this demand.</p>
<p>-- Paris Newsroom +33 1 4221 5452</p>
</text>
<copyright>(c) Reuters Limited 1997</copyright>
<metadata>
<codes class="bip:countries:1.0">
  <code code="FRA">
    <editdetail attribution="Reuters BIP Coding Group" action="confirmed" date="1997-07-24"/>
  </code>
</codes>
<codes class="bip:topics:1.0">
  <code code="M13">
    <editdetail attribution="Reuters BIP Coding Group" action="confirmed" date="1997-07-24"/>
  </code>
  <code code="M131">
    <editdetail attribution="Reuters BIP Coding Group" action="confirmed" date="1997-07-24"/>
  </code>
  <code code="MCAT">
    <editdetail attribution="Reuters BIP Coding Group" action="confirmed" date="1997-07-24"/>
  </code>
</codes>
<dc element="dc.date.created" value="1997-07-24"/>
<dc element="dc.publisher" value="Reuters Holdings Plc"/>
<dc element="dc.date.published" value="1997-07-24"/>
<dc element="dc.source" value="Reuters"/>
<dc element="dc.creator.location" value="PARIS"/>
<dc element="dc.creator.location.country.name" value="FRANCE"/>
<dc element="dc.source" value="Reuters"/>
</metadata>
</newsitem>
