<?xml version="1.0" encoding="iso-8859-1" ?>
<newsitem itemid="211167" id="root" date="1996-11-22" xml:lang="en">
<title>JAPAN: Inoue Kogyo -96/97 parent forecast.</title>
<headline>Inoue Kogyo -96/97 parent forecast.</headline>
<dateline>TOKYO 1996-11-22</dateline>
<text>
<p>Year to March 31, 1997</p>
<p>		   (in billions of yen unless specified)</p>
<p>			   LATEST	    ACTUAL</p>
<p> (Parent)	     FORECAST	  YEAR-AGO</p>
<p> Sales		 59.59		54.32</p>
<p> Current	 prft 1.11	  loss 3.02</p>
<p> Net		prft 328 million    loss 3.48</p>
<p> EPS	    prft 14.88 yen  loss 158.05 yen</p>
<p> Ord div	     12.00 yen	  10.00 yen</p>
<p>NOTE - Inoue Kogyo Co Ltd is a medium-scale general contractor.</p>
</text>
<copyright>(c) Reuters Limited 1996</copyright>
<metadata>
<codes class="bip:countries:1.0">
  <code code="JAP">
    <editdetail attribution="Reuters BIP Coding Group" action="confirmed" date="1996-11-22"/>
  </code>
</codes>
<codes class="bip:industries:1.0">
  <code code="I50000">
    <editdetail attribution="Reuters BIP Coding Group" action="confirmed" date="1996-11-22"/>
  </code>
</codes>
<codes class="bip:topics:1.0">
  <code code="C15">
    <editdetail attribution="Reuters BIP Coding Group" action="confirmed" date="1996-11-22"/>
  </code>
  <code code="C152">
    <editdetail attribution="Reuters BIP Coding Group" action="confirmed" date="1996-11-22"/>
  </code>
  <code code="CCAT">
    <editdetail attribution="Reuters BIP Coding Group" action="confirmed" date="1996-11-22"/>
  </code>
</codes>
<dc element="dc.date.created" value="1996-11-22"/>
<dc element="dc.publisher" value="Reuters Holdings Plc"/>
<dc element="dc.date.published" value="1996-11-22"/>
<dc element="dc.source" value="Reuters"/>
<dc element="dc.creator.location" value="TOKYO"/>
<dc element="dc.creator.location.country.name" value="JAPAN"/>
<dc element="dc.source" value="Reuters"/>
</metadata>
</newsitem>
