<?xml version="1.0" encoding="iso-8859-1" ?>
<newsitem itemid="377632" id="root" date="1997-02-14" xml:lang="en">
<title>SOUTH AFRICA: GOLF-DIMENSION DATA PRO-AM FIRST ROUND SCORES.</title>
<headline>GOLF-DIMENSION DATA PRO-AM FIRST ROUND SCORES.</headline>
<dateline>SUN CITY 1997-02-14</dateline>
<text>
<p>Leading completed second round</p>
<p>scores in the 3.15 million rand ($700,000) Dimension Data Pro-Am</p>
<p>golf tournament at the par 72 Gary Player Country Club on Friday</p>
<p>(South African unless stated):</p>
<p>134 David Frost 69 65, John Wade (Australia) 69 65</p>
<p>136 Padraig Harrington (Ireland) 70 66</p>
<p>137 Mark McNulty (Zimbabwe) 71 66, Iain Pyman (Britain)</p>
<p>70 67</p>
<p>138 Graeme van der Nest 67 71, Wayne Westner 72 66,</p>
<p>Stephen Ames (Trinidad and Tobago) 69 69, Chris</p>
<p>Williams (Britain) 69 69, Ronnie McCann 65 73</p>
<p>139 Lee Westwood (Britain) 70 69, Daniel Chopra (France)</p>
<p>72 67, Katsuyoshi Tomorin (Japan) 71 68, Costantino</p>
<p>Rocca (Italy) 67 72</p>
<p>140 Alberto Binaghi (Italy) 71 69</p>
<p>141 Trevor Dodds (Namibia) 69 72, Robbie Stewart 71 70,</p>
<p>Chris Davison (Britain) 74 67, Stephen Scahill</p>
<p>(New Zealand) 74 67</p>
<p>142 Michael Campbell (New Zealand) 73 69, Marco Gortana</p>
<p>70 72, Ignacio Garrido (Spain) 70 72, Warrick Druian</p>
<p>71 71, Michael Jonzon (Sweden) 72 70</p>
</text>
<copyright>(c) Reuters Limited 1997</copyright>
<metadata>
<codes class="bip:countries:1.0">
  <code code="SAFR">
    <editdetail attribution="Reuters BIP Coding Group" action="confirmed" date="1997-02-14"/>
  </code>
</codes>
<codes class="bip:topics:1.0">
  <code code="GCAT">
    <editdetail attribution="Reuters BIP Coding Group" action="confirmed" date="1997-02-14"/>
  </code>
  <code code="GSPO">
    <editdetail attribution="Reuters BIP Coding Group" action="confirmed" date="1997-02-14"/>
  </code>
</codes>
<dc element="dc.date.created" value="1997-02-14"/>
<dc element="dc.publisher" value="Reuters Holdings Plc"/>
<dc element="dc.date.published" value="1997-02-14"/>
<dc element="dc.source" value="Reuters"/>
<dc element="dc.creator.location" value="SUN CITY"/>
<dc element="dc.creator.location.country.name" value="SOUTH AFRICA"/>
<dc element="dc.source" value="Reuters"/>
</metadata>
</newsitem>
