<?xml version="1.0" encoding="iso-8859-1" ?>
<newsitem itemid="245405" id="root" date="1996-12-10" xml:lang="en">
<title>USA: Cox CFO sees meeting FY96 estimates.</title>
<headline>Cox CFO sees meeting FY96 estimates.</headline>
<dateline>NEW YORK 1996-12-10</dateline>
<text>
<p>Cox Communications Inc's Chief Financial Officer Jimmy Hayes said Tuesday that the company was on track to meet analysts' expectations for fiscal year 1996.</p>
<p>&quot;We are very much on track with expectations,&quot; Hayes said.</p>
<p>According to First Call, the consensus estimates are for a loss of $0.06 per share for fiscal 1996.  </p>
<p>Speaking at a PaineWebber media conference, Hayes also said he expected capital spending for 1997 to be in the range of $650 milion to $670 million. Hayes said the company's capital spending for 1996 was about $550 million.</p>
<p>Cox's strategy is to invest in a comprehensive upgrade of its cable network through 1997 so that the company can provide telephony and internet as well as broadcast services, he said.</p>
<p>The cable company said it was committed to the upgrade despite recent announcements that some of its competitors, namely Tele-Communications Inc, are cutting costs.</p>
</text>
<copyright>(c) Reuters Limited 1996</copyright>
<metadata>
<codes class="bip:countries:1.0">
  <code code="USA">
    <editdetail attribution="Reuters BIP Coding Group" action="confirmed" date="1996-12-10"/>
  </code>
</codes>
<codes class="bip:industries:1.0">
  <code code="I97400">
    <editdetail attribution="Reuters BIP Coding Group" action="confirmed" date="1996-12-10"/>
  </code>
</codes>
<codes class="bip:topics:1.0">
  <code code="C15">
    <editdetail attribution="Reuters BIP Coding Group" action="confirmed" date="1996-12-10"/>
  </code>
  <code code="C152">
    <editdetail attribution="Reuters BIP Coding Group" action="confirmed" date="1996-12-10"/>
  </code>
  <code code="CCAT">
    <editdetail attribution="Reuters BIP Coding Group" action="confirmed" date="1996-12-10"/>
  </code>
</codes>
<dc element="dc.date.created" value="1996-12-10"/>
<dc element="dc.publisher" value="Reuters Holdings Plc"/>
<dc element="dc.date.published" value="1996-12-10"/>
<dc element="dc.source" value="Reuters"/>
<dc element="dc.creator.location" value="NEW YORK"/>
<dc element="dc.creator.location.country.name" value="USA"/>
<dc element="dc.source" value="Reuters"/>
</metadata>
</newsitem>
