<?xml version="1.0" encoding="iso-8859-1" ?>
<newsitem itemid="52775" id="root" date="1996-09-13" xml:lang="en">
<title>NEW ZEALAND: Official segment indicators from NZ wool sale.</title>
<headline>Official segment indicators from NZ wool sale.</headline>
<dateline>WELLINGTON 1996-09-13</dateline>
<text>
<p>The official market indicator from Thursday's Napier and Dunedin wool sales was 476 NZ cents per kg clean, down from 480 NZ cents at the last sale, Wools of New Zealand said.</p>
<p>Official segment indicators (in cents per kg clean) compared with the last sale, were:</p>
<p>Group</p>
<p>    Fine     18/24 micron - 890 vs 891</p>
<p>    Medium   25/31 micron - 502 vs 510</p>
<p>    Strong   32/41 micron - 433 vs 438</p>
<p>    Lambs		     - nil vs nil</p>
</text>
<copyright>(c) Reuters Limited 1996</copyright>
<metadata>
<codes class="bip:countries:1.0">
  <code code="NZ">
    <editdetail attribution="Reuters BIP Coding Group" action="confirmed" date="1996-09-13"/>
  </code>
</codes>
<codes class="bip:topics:1.0">
  <code code="M14">
    <editdetail attribution="Reuters BIP Coding Group" action="confirmed" date="1996-09-13"/>
  </code>
  <code code="M141">
    <editdetail attribution="Reuters BIP Coding Group" action="confirmed" date="1996-09-13"/>
  </code>
  <code code="MCAT">
    <editdetail attribution="Reuters BIP Coding Group" action="confirmed" date="1996-09-13"/>
  </code>
</codes>
<dc element="dc.date.created" value="1996-09-13"/>
<dc element="dc.publisher" value="Reuters Holdings Plc"/>
<dc element="dc.date.published" value="1996-09-13"/>
<dc element="dc.source" value="Reuters"/>
<dc element="dc.creator.location" value="WELLINGTON"/>
<dc element="dc.creator.location.country.name" value="NEW ZEALAND"/>
<dc element="dc.source" value="Reuters"/>
</metadata>
</newsitem>
