<?xml version="1.0" encoding="iso-8859-1" ?>
<newsitem itemid="577966" id="root" date="1997-05-12" xml:lang="en">
<title>REPUBLIC OF IRELAND: PRESS DIGEST - Ireland, May 12.</title>
<headline>PRESS DIGEST - Ireland, May 12.</headline>
<dateline>DUBLIN 1997-05-12</dateline>
<text>
<p>The following are the highlights of stories from the Irish press on Monday.</p>
<p>IRISH TIMES</p>
<p>- The Progressive Democrats sought clarification from Fianna Fail on Sunday that a ceasefire would have to be in place before a future coalition government involving the parties would meet Sinn Fein or loyalist leaders.</p>
<p>- The Irish National Liberation Army is likely to mount further attacks in Northern Ireland after the murder of off-duty RUC officer Darren Bradshaw.</p>
<p>- The board of Avonmore Foods holds a crucial meeting on Monday to discuss its offer for Waterford Foods.</p>
<p>IRISH INDEPENDENT</p>
<p>- The three Irish government parties will start the general election campaign later this week with a package of 21 pledges, the cornerstone of their joint bid to retain power.</p>
<p>- A plan to individually assess every person claiming social security assistance will be unveiled by the Irish government on Tuesday.</p>
<p>- The Irish government has committed itself to establishing a partnership with Britain in relation to employment training, which would involve mutual recognition of courses and joint participation by trainees on both islands.</p>
<p>- Avonmore Foods' Co-op and plc boards meet on Monday to review the merger proposals stymied since their rejection by Waterford Foods ten days ago.</p>
<p>.</p>
<p>THE EXAMINER</p>
<p>- Nelson Mandela has made a dramatic intervention in the Northern Ireland peace process and will act as mediator at a special summit in South Africa later this month.</p>
<p>- Irish Prime Minister, John Bruton, faced with another poor opinion poll which forecasts a narrow defeat for the Irish government at the hands of Fianna Fail and the Progressive Democrats, on Sunday all but called the general election for June 6.</p>
<p>--Dublin Newsroom +353 1 676 9779</p>
</text>
<copyright>(c) Reuters Limited 1997</copyright>
<metadata>
<codes class="bip:countries:1.0">
  <code code="IRE">
    <editdetail attribution="Reuters BIP Coding Group" action="confirmed" date="1997-05-12"/>
  </code>
</codes>
<codes class="bip:topics:1.0">
  <code code="GCAT">
    <editdetail attribution="Reuters BIP Coding Group" action="confirmed" date="1997-05-12"/>
  </code>
</codes>
<dc element="dc.date.created" value="1997-05-12"/>
<dc element="dc.publisher" value="Reuters Holdings Plc"/>
<dc element="dc.date.published" value="1997-05-12"/>
<dc element="dc.source" value="Reuters"/>
<dc element="dc.creator.location" value="DUBLIN"/>
<dc element="dc.creator.location.country.name" value="REPUBLIC OF IRELAND"/>
<dc element="dc.source" value="Reuters"/>
</metadata>
</newsitem>
