<?xml version="1.0" encoding="iso-8859-1" ?>
<newsitem itemid="131440" id="root" date="1996-10-21" xml:lang="en">
<title>TUNISIA: Tunis bourse index closes up in lacklustre trade.</title>
<headline>Tunis bourse index closes up in lacklustre trade.</headline>
<dateline>TUNIS 1996-10-21</dateline>
<text>
<p>The Tunis Stock Exchange on Monday closed up by 2.26 points in lacklustre volume after it delayed to next week the start of automated trading scheduled for the same day, bourse sources said.</p>
<p>The market's index closed at 598.84 from 596.58 on Friday.</p>
<p>Trade volume was one million dinars against 1,23 dinars. More than half of the traded volume was on the occasional market.</p>
<p>BIAT bank was up 2.59 dinar to 63.83 dinars. Airliner Tunis Air won 1.34 dinar to 18.99 dinars. Retail stores MONOPRIX was up 2.6 dinar to 42.48 dinars.</p>
<p>STB bank eased 0.64 dinar to 19.98 dinars.</p>
<p>($=0.98 dinar)</p>
</text>
<copyright>(c) Reuters Limited 1996</copyright>
<metadata>
<codes class="bip:countries:1.0">
  <code code="TUNIS">
    <editdetail attribution="Reuters BIP Coding Group" action="confirmed" date="1996-10-21"/>
  </code>
</codes>
<codes class="bip:topics:1.0">
  <code code="M11">
    <editdetail attribution="Reuters BIP Coding Group" action="confirmed" date="1996-10-21"/>
  </code>
  <code code="MCAT">
    <editdetail attribution="Reuters BIP Coding Group" action="confirmed" date="1996-10-21"/>
  </code>
</codes>
<dc element="dc.date.created" value="1996-10-21"/>
<dc element="dc.publisher" value="Reuters Holdings Plc"/>
<dc element="dc.date.published" value="1996-10-21"/>
<dc element="dc.source" value="Reuters"/>
<dc element="dc.creator.location" value="TUNIS"/>
<dc element="dc.creator.location.country.name" value="TUNISIA"/>
<dc element="dc.source" value="Reuters"/>
</metadata>
</newsitem>
