<?xml version="1.0" encoding="iso-8859-1" ?>
<newsitem itemid="537402" id="root" date="1997-04-24" xml:lang="en">
<title>UK: Fortune Oil pretax profit inches up.</title>
<headline>Fortune Oil pretax profit inches up.</headline>
<dateline>LONDON 1997-04-24</dateline>
<text>
<p>Year to December 31, 1997.</p>
<p>			   (million stg unless stated)</p>
<p> Shr (pence)		  0.25		 vs   0.2</p>
<p> Pretax			 3.48		 vs   2.17</p>
<p> Turnover		   391.85		 vs  93.02</p>
<p>NOTE - Oil distribution company Fortune Oil has most of its operations in the Asia Pacific region. The company said it was currently laying heavy emphasis on expansion in China and believed it was not yet the right time to pay dividends to shareholders.</p>
<p>Full company name - Fortune Oil Plc.</p>
<p>-- London newsroom +44 171 542 7717</p>
</text>
<copyright>(c) Reuters Limited 1997</copyright>
<metadata>
<codes class="bip:countries:1.0">
  <code code="UK">
    <editdetail attribution="Reuters BIP Coding Group" action="confirmed" date="1997-04-24"/>
  </code>
</codes>
<codes class="bip:industries:1.0">
  <code code="I13000">
    <editdetail attribution="Reuters BIP Coding Group" action="confirmed" date="1997-04-24"/>
  </code>
  <code code="I1300003">
    <editdetail attribution="Reuters BIP Coding Group" action="confirmed" date="1997-04-24"/>
  </code>
</codes>
<codes class="bip:topics:1.0">
  <code code="C15">
    <editdetail attribution="Reuters BIP Coding Group" action="confirmed" date="1997-04-24"/>
  </code>
  <code code="C151">
    <editdetail attribution="Reuters BIP Coding Group" action="confirmed" date="1997-04-24"/>
  </code>
  <code code="C1511">
    <editdetail attribution="Reuters BIP Coding Group" action="confirmed" date="1997-04-24"/>
  </code>
  <code code="CCAT">
    <editdetail attribution="Reuters BIP Coding Group" action="confirmed" date="1997-04-24"/>
  </code>
</codes>
<dc element="dc.date.created" value="1997-04-24"/>
<dc element="dc.publisher" value="Reuters Holdings Plc"/>
<dc element="dc.date.published" value="1997-04-24"/>
<dc element="dc.source" value="Reuters"/>
<dc element="dc.creator.location" value="LONDON"/>
<dc element="dc.creator.location.country.name" value="UK"/>
<dc element="dc.source" value="Reuters"/>
</metadata>
</newsitem>
