<?xml version="1.0" encoding="iso-8859-1" ?>
<newsitem itemid="772231" id="root" date="1997-08-01" xml:lang="en">
<title>PERU: Peru net reserves fall to $9.769 bln end of July.</title>
<headline>Peru net reserves fall to $9.769 bln end of July.</headline>
<dateline>LIMA 1997-08-01</dateline>
<text>
<p>Peru's Central Reserve Bank said Friday its  net international reserves stood at $9.769 billion at the end of July,  down from $9.996 billion the week before.</p>
<p>President Alberto Fujimori told Congress Monday reserves were at $10  billion. The reserves, which have climbed steadily during Fujimori's  seven years in office, had never before reached the $10 billion mark.</p>
<p>Peru's reserves stood at $8.540 billion at the end of 1996.</p>
<p>((-- Saul Hudson, Lima newsroom, 511))</p>
</text>
<copyright>(c) Reuters Limited 1997</copyright>
<metadata>
<codes class="bip:countries:1.0">
  <code code="PERU">
    <editdetail attribution="Reuters BIP Coding Group" action="confirmed" date="1997-08-01"/>
  </code>
</codes>
<codes class="bip:topics:1.0">
  <code code="E51">
    <editdetail attribution="Reuters BIP Coding Group" action="confirmed" date="1997-08-01"/>
  </code>
  <code code="E513">
    <editdetail attribution="Reuters BIP Coding Group" action="confirmed" date="1997-08-01"/>
  </code>
  <code code="ECAT">
    <editdetail attribution="Reuters BIP Coding Group" action="confirmed" date="1997-08-01"/>
  </code>
</codes>
<dc element="dc.date.created" value="1997-08-01"/>
<dc element="dc.publisher" value="Reuters Holdings Plc"/>
<dc element="dc.date.published" value="1997-08-01"/>
<dc element="dc.source" value="Reuters"/>
<dc element="dc.creator.location" value="LIMA"/>
<dc element="dc.creator.location.country.name" value="PERU"/>
<dc element="dc.source" value="Reuters"/>
</metadata>
</newsitem>
