<?xml version="1.0" encoding="iso-8859-1" ?>
<newsitem itemid="429435" id="root" date="1997-03-10" xml:lang="en">
<title>USA: RESEARCH ALERT - Ryder System cut.</title>
<headline>RESEARCH ALERT - Ryder System cut.</headline>
<text>
<p>-- Schroder Wertheim &amp; Co said it downgraded Ryder System Inc to &quot;perform in line&quot; from outperform.</p>
<p>-- Ryder lost 2-1/8 to 30-1/2.</p>
<p>-- Additional details were not immediately available.</p>
<p>((-- Wall Street desk 212 859-1730))</p>
</text>
<copyright>(c) Reuters Limited 1997</copyright>
<metadata>
<codes class="bip:countries:1.0">
  <code code="USA">
    <editdetail attribution="Reuters BIP Coding Group" action="confirmed" date="1997-03-10"/>
  </code>
</codes>
<codes class="bip:industries:1.0">
  <code code="I84803">
    <editdetail attribution="Reuters BIP Coding Group" action="confirmed" date="1997-03-10"/>
  </code>
</codes>
<codes class="bip:topics:1.0">
  <code code="C15">
    <editdetail attribution="Reuters BIP Coding Group" action="confirmed" date="1997-03-10"/>
  </code>
  <code code="C152">
    <editdetail attribution="Reuters BIP Coding Group" action="confirmed" date="1997-03-10"/>
  </code>
  <code code="CCAT">
    <editdetail attribution="Reuters BIP Coding Group" action="confirmed" date="1997-03-10"/>
  </code>
</codes>
<dc element="dc.publisher" value="Reuters Holdings Plc"/>
<dc element="dc.date.published" value="1997-03-10"/>
<dc element="dc.source" value="Reuters"/>
<dc element="dc.creator.location.country.name" value="USA"/>
<dc element="dc.source" value="Reuters"/>
</metadata>
</newsitem>
