<?xml version="1.0" encoding="iso-8859-1" ?>
<newsitem itemid="590929" id="root" date="1997-05-16" xml:lang="en">
<title>USA: Children's Broadcasting Q1 shr loss down.</title>
<headline>Children's Broadcasting Q1 shr loss down.</headline>
<dateline>MINNEAPOLIS 1997-05-16</dateline>
<text>
<p>1997			1996</p>
<p> Shr loss		   $0.47     loss	 $0.51</p>
<p> Net loss		   2,780     loss	 1,876</p>
<p> Revs			 1,151		    1,216</p>
<p> Avg shrs		   5,905		    3,739</p>
<p>(All data above 000s except per share numbers)</p>
<p>NOTE - Full company name is Children's Broadcasting Corp</p>
<p>((-- New York newsdesk 212-859-1610))</p>
</text>
<copyright>(c) Reuters Limited 1997</copyright>
<metadata>
<codes class="bip:countries:1.0">
  <code code="USA">
    <editdetail attribution="Reuters BIP Coding Group" action="confirmed" date="1997-05-16"/>
  </code>
</codes>
<codes class="bip:industries:1.0">
  <code code="I97400">
    <editdetail attribution="Reuters BIP Coding Group" action="confirmed" date="1997-05-16"/>
  </code>
</codes>
<codes class="bip:topics:1.0">
  <code code="C15">
    <editdetail attribution="Reuters BIP Coding Group" action="confirmed" date="1997-05-16"/>
  </code>
  <code code="C151">
    <editdetail attribution="Reuters BIP Coding Group" action="confirmed" date="1997-05-16"/>
  </code>
  <code code="CCAT">
    <editdetail attribution="Reuters BIP Coding Group" action="confirmed" date="1997-05-16"/>
  </code>
</codes>
<dc element="dc.date.created" value="1997-05-16"/>
<dc element="dc.publisher" value="Reuters Holdings Plc"/>
<dc element="dc.date.published" value="1997-05-16"/>
<dc element="dc.source" value="Reuters"/>
<dc element="dc.creator.location" value="MINNEAPOLIS"/>
<dc element="dc.creator.location.country.name" value="USA"/>
<dc element="dc.source" value="Reuters"/>
</metadata>
</newsitem>
