<?xml version="1.0" encoding="iso-8859-1" ?>
<newsitem itemid="719559" id="root" date="1997-07-10" xml:lang="en">
<title>USA: New World Coffee franchises in Germany.</title>
<headline>New World Coffee franchises in Germany.</headline>
<dateline>NEW YORK 1997-07-10</dateline>
<text>
<p>New World Coffee, a specialty coffee retailer, said Thursday it has signed its first international franchise agreement in Germany.</p>
<p>A pilot store is expected to open in Munich by the end of the year under the agreement and an option to develop the German market would require the German franchisee to open 100 stores over a five year period, the company said.</p>
<p>It said the franchisee's partners, Knut Steglich and Ingo Theuerkauf are senior executives with experience in the food industries.</p>
<p>New World Coffee currently owns, operates and franchises cafes in New York, New Jersey, Pannsylvania and Connecticut.</p>
</text>
<copyright>(c) Reuters Limited 1997</copyright>
<metadata>
<codes class="bip:countries:1.0">
  <code code="GFR">
    <editdetail attribution="Reuters BIP Coding Group" action="confirmed" date="1997-07-10"/>
  </code>
  <code code="USA">
    <editdetail attribution="Reuters BIP Coding Group" action="confirmed" date="1997-07-10"/>
  </code>
</codes>
<codes class="bip:topics:1.0">
  <code code="C24">
    <editdetail attribution="Reuters BIP Coding Group" action="confirmed" date="1997-07-10"/>
  </code>
  <code code="C33">
    <editdetail attribution="Reuters BIP Coding Group" action="confirmed" date="1997-07-10"/>
  </code>
  <code code="CCAT">
    <editdetail attribution="Reuters BIP Coding Group" action="confirmed" date="1997-07-10"/>
  </code>
</codes>
<dc element="dc.date.created" value="1997-07-10"/>
<dc element="dc.publisher" value="Reuters Holdings Plc"/>
<dc element="dc.date.published" value="1997-07-10"/>
<dc element="dc.source" value="Reuters"/>
<dc element="dc.creator.location" value="NEW YORK"/>
<dc element="dc.creator.location.country.name" value="USA"/>
<dc element="dc.source" value="Reuters"/>
</metadata>
</newsitem>
