<?xml version="1.0" encoding="iso-8859-1" ?>
<newsitem itemid="114051" id="root" date="1996-10-14" xml:lang="en">
<title>RUSSIA: Russia's Transaero launches new regular flights.</title>
<headline>Russia's Transaero launches new regular flights.</headline>
<dateline>MOSCOW 1996-10-14</dateline>
<text>
<p>Private Russian carrier Transaero said on Monday that it would begin regular flights this month from Moscow to Akmola, the planned new capital of Kazakhstan, and to the central Russian city of Samara.</p>
<p>Company spokeswoman Natalya Alexashina told Reuters that weekly Sunday flights between Moscow and Akmola would start on October 27.</p>
<p>&quot;The company will operate Boeing 757 passenger aircraft with two classes of service,&quot; she said.</p>
<p>The Kazakh government plans to move 1,200 km (745 miles) northwest from Almaty to the dilapidated steppe town of Akmola by the end of the decade.</p>
<p>From October 28, Transaero also will launch Moscow-Samara route, operating Boeing 737s five times a week.</p>
<p>The airline flies to 21 destinations in the former Soviet Union and six other international destinations.</p>
<p>-- Viktor Anoshkin, Moscow Newsroom, +7095 941 8520</p>
</text>
<copyright>(c) Reuters Limited 1996</copyright>
<metadata>
<codes class="bip:countries:1.0">
  <code code="KAZK">
    <editdetail attribution="Reuters BIP Coding Group" action="confirmed" date="1996-10-14"/>
  </code>
  <code code="RUSS">
    <editdetail attribution="Reuters BIP Coding Group" action="confirmed" date="1996-10-14"/>
  </code>
</codes>
<codes class="bip:industries:1.0">
  <code code="I75000">
    <editdetail attribution="Reuters BIP Coding Group" action="confirmed" date="1996-10-14"/>
  </code>
</codes>
<codes class="bip:topics:1.0">
  <code code="C21">
    <editdetail attribution="Reuters BIP Coding Group" action="confirmed" date="1996-10-14"/>
  </code>
  <code code="CCAT">
    <editdetail attribution="Reuters BIP Coding Group" action="confirmed" date="1996-10-14"/>
  </code>
</codes>
<dc element="dc.date.created" value="1996-10-14"/>
<dc element="dc.publisher" value="Reuters Holdings Plc"/>
<dc element="dc.date.published" value="1996-10-14"/>
<dc element="dc.source" value="Reuters"/>
<dc element="dc.creator.location" value="MOSCOW"/>
<dc element="dc.creator.location.country.name" value="RUSSIA"/>
<dc element="dc.source" value="Reuters"/>
</metadata>
</newsitem>
