<?xml version="1.0" encoding="iso-8859-1" ?>
<newsitem itemid="675860" id="root" date="1997-06-20" xml:lang="en">
<title>BRAZIL: Brazil stocks end slightly off, volume shrinks.</title>
<headline>Brazil stocks end slightly off, volume shrinks.</headline>
<dateline>SAO PAULO 1997-06-20</dateline>
<text>
<p>Brazilian stocks ended slightly lower on profit-taking in thinner volume, brokers said.</p>
<p>The Bovespa index  .BVSP of the 48 most traded stocks closed off 0.69 percent at 12,121 points.</p>
<p>Market turnover was 795.09 million reais ($743 million), below the bolsa's daily average of over one billion reais in recent sessions.</p>
<p>Benchmark Telebras preferred fell 0.95 percent to 155.70 reais at the close. Private miner Vale do Rio Doce lost 1.62 percent, ending at 23.70 reais.  </p>
<p>percent, closing at 616 reais.</p>
<p>Brokers said a lack of market-moving news helped slow activity in the bolsa Friday. They expect trade to improve next week if local equity funds continue to pour fresh money into the market. Domestic equity funds have been the primary motor of the bolsa's recent rally.</p>
<p>((-- Fatima Cristina, Sao Paulo newsroom 5511 2485412))</p>
</text>
<copyright>(c) Reuters Limited 1997</copyright>
<metadata>
<codes class="bip:countries:1.0">
  <code code="BRAZ">
    <editdetail attribution="Reuters BIP Coding Group" action="confirmed" date="1997-06-20"/>
  </code>
</codes>
<codes class="bip:topics:1.0">
  <code code="M11">
    <editdetail attribution="Reuters BIP Coding Group" action="confirmed" date="1997-06-20"/>
  </code>
  <code code="MCAT">
    <editdetail attribution="Reuters BIP Coding Group" action="confirmed" date="1997-06-20"/>
  </code>
</codes>
<dc element="dc.date.created" value="1997-06-20"/>
<dc element="dc.publisher" value="Reuters Holdings Plc"/>
<dc element="dc.date.published" value="1997-06-20"/>
<dc element="dc.source" value="Reuters"/>
<dc element="dc.creator.location" value="SAO PAULO"/>
<dc element="dc.creator.location.country.name" value="BRAZIL"/>
<dc element="dc.source" value="Reuters"/>
</metadata>
</newsitem>
