<?xml version="1.0" encoding="iso-8859-1" ?>
<newsitem itemid="429987" id="root" date="1997-03-10" xml:lang="en">
<title>ZAMBIA: PRESS DIGEST - Zambia - March 10.</title>
<headline>PRESS DIGEST - Zambia - March 10.</headline>
<dateline>LUSAKA 1997-03-10</dateline>
<text>
<p>These are the leading stories in the Zambian press on Monday.</p>
<p>Reuters has not verified these stories and does not vouch for their accuracy.</p>
<p>- - - -</p>
<p>TIMES OF ZAMBIA</p>
<p>- Ruling party officials say Zairean refugees in the northern Mpulungu district have smuggled in many firearms and ammunition.</p>
<p>- The investment centre complains that inadequate funding from government has made donors sceptical about supporting the institution which enjoys only lukewarm government attention.</p>
<p>- - - -</p>
<p>ZAMBIA DAILY MAIL</p>
<p>- Government, assisted by the United States AID, is to investigate the possible causes of early disintegration of road works completed two years ago.</p>
<p>- - - -</p>
<p>THE POST</p>
<p>- Ruling party parliamentarian Yona Shimonde has died, bringing to three the number of MPs to have died in just two weeks.</p>
<p>- The farmers union has accused the government of causing confusion amongst farmers because of policy inconsistencies.</p>
<p>- The manufacturers association has warned the government that Zambia Consolidated Copper Mines  ZCCM.PA may collapse if it is not quickly privatised.</p>
</text>
<copyright>(c) Reuters Limited 1997</copyright>
<metadata>
<codes class="bip:countries:1.0">
  <code code="ZAMBIA">
    <editdetail attribution="Reuters BIP Coding Group" action="confirmed" date="1997-03-10"/>
  </code>
</codes>
<codes class="bip:topics:1.0">
  <code code="GCAT">
    <editdetail attribution="Reuters BIP Coding Group" action="confirmed" date="1997-03-10"/>
  </code>
</codes>
<dc element="dc.date.created" value="1997-03-10"/>
<dc element="dc.publisher" value="Reuters Holdings Plc"/>
<dc element="dc.date.published" value="1997-03-10"/>
<dc element="dc.source" value="Reuters"/>
<dc element="dc.creator.location" value="LUSAKA"/>
<dc element="dc.creator.location.country.name" value="ZAMBIA"/>
<dc element="dc.source" value="Reuters"/>
</metadata>
</newsitem>
