<?xml version="1.0" encoding="iso-8859-1" ?>
<newsitem itemid="680624" id="root" date="1997-06-23" xml:lang="en">
<title>SPAIN: Madrid bourse boosted by bank, electricity stocks.</title>
<headline>Madrid bourse boosted by bank, electricity stocks.</headline>
<dateline>MADRID 1997-06-23</dateline>
<text>
<p>The Madrid bourse ended at new highs on Monday boosted by gains in banking and electricity stocks after a volatile session, traders said.</p>
<p>Dealers said they still unsure of the short term outlook for the market after strong gains in recent sessions but said the medium term trend remained positive.</p>
<p>The general index ended 2.67 points up, 0.45 percent, at 592.39, while the Ibex-35 index of leading shares rose 23.30 points, 0.34 percent, to 6,785.22. Turnover reached 99.6 billion pesetas, with more than a third corresponding to block trades.</p>
<p>&quot;The trend in other stock markets and strong gains last week have prompted some selling, but funds don't want to leave the market and have been seeking refuge in the banking sector,&quot; one dealer said.</p>
<p>Traders said they could not rule out a technical correction in the short-term.</p>
<p>Among banking stocks, BCH rose 4.12 percent to 5,310, Popular gained 2.55 percent to 32,950, while Santander rose 2.22 percent to 4,600.</p>
<p>Among electricity stocks, Endesa rose 1.23 percent to 11,540, while Iberdrola was unchanged at 1,865.</p>
</text>
<copyright>(c) Reuters Limited 1997</copyright>
<metadata>
<codes class="bip:countries:1.0">
  <code code="SPAIN">
    <editdetail attribution="Reuters BIP Coding Group" action="confirmed" date="1997-06-23"/>
  </code>
</codes>
<codes class="bip:topics:1.0">
  <code code="M11">
    <editdetail attribution="Reuters BIP Coding Group" action="confirmed" date="1997-06-23"/>
  </code>
  <code code="MCAT">
    <editdetail attribution="Reuters BIP Coding Group" action="confirmed" date="1997-06-23"/>
  </code>
</codes>
<dc element="dc.date.created" value="1997-06-23"/>
<dc element="dc.publisher" value="Reuters Holdings Plc"/>
<dc element="dc.date.published" value="1997-06-23"/>
<dc element="dc.source" value="Reuters"/>
<dc element="dc.creator.location" value="MADRID"/>
<dc element="dc.creator.location.country.name" value="SPAIN"/>
<dc element="dc.source" value="Reuters"/>
</metadata>
</newsitem>
