<?xml version="1.0" encoding="iso-8859-1" ?>
<newsitem itemid="671659" id="root" date="1997-06-18" xml:lang="en">
<title>FRANCE: Alcatel wins 1-bln-Ffr SNCF/Cegetel telecoms deal.</title>
<headline>Alcatel wins 1-bln-Ffr SNCF/Cegetel telecoms deal.</headline>
<dateline>PARIS 1997-06-18</dateline>
<text>
<p>Cegetel, the telecommunications unit of Generale des Eaux, and railroad operator SNCF have selected the Alcatel Alsthom group to supply their long-distance network, Alcatel Alsthom said on Wednesday.</p>
<p>The contract was made through Telecom Developpement, the common subsidiary of Cegetel and SNCF, it said in a statement.</p>
<p>The total value of the contract exceeds one billion francs. Alcatel Alsthom will supply switching and transmissions systems, including ten transit switches, intelligent network platforms and services. It will take care of network management and maintenance until 2002, the company said.</p>
<p>-- Paris Newsroom +331 4221 5452</p>
</text>
<copyright>(c) Reuters Limited 1997</copyright>
<metadata>
<codes class="bip:countries:1.0">
  <code code="FRA">
    <editdetail attribution="Reuters BIP Coding Group" action="confirmed" date="1997-06-18"/>
  </code>
</codes>
<codes class="bip:industries:1.0">
  <code code="I17000">
    <editdetail attribution="Reuters BIP Coding Group" action="confirmed" date="1997-06-18"/>
  </code>
  <code code="I34400">
    <editdetail attribution="Reuters BIP Coding Group" action="confirmed" date="1997-06-18"/>
  </code>
  <code code="I71000">
    <editdetail attribution="Reuters BIP Coding Group" action="confirmed" date="1997-06-18"/>
  </code>
  <code code="I79020">
    <editdetail attribution="Reuters BIP Coding Group" action="confirmed" date="1997-06-18"/>
  </code>
</codes>
<codes class="bip:topics:1.0">
  <code code="C33">
    <editdetail attribution="Reuters BIP Coding Group" action="confirmed" date="1997-06-18"/>
  </code>
  <code code="CCAT">
    <editdetail attribution="Reuters BIP Coding Group" action="confirmed" date="1997-06-18"/>
  </code>
</codes>
<dc element="dc.date.created" value="1997-06-18"/>
<dc element="dc.publisher" value="Reuters Holdings Plc"/>
<dc element="dc.date.published" value="1997-06-18"/>
<dc element="dc.source" value="Reuters"/>
<dc element="dc.creator.location" value="PARIS"/>
<dc element="dc.creator.location.country.name" value="FRANCE"/>
<dc element="dc.source" value="Reuters"/>
</metadata>
</newsitem>
