<?xml version="1.0" encoding="iso-8859-1" ?>
<newsitem itemid="80211" id="root" date="1996-09-26" xml:lang="en">
<title>TAIWAN: UMC slashes 1996 profit forecasts.</title>
<headline>UMC slashes 1996 profit forecasts.</headline>
<dateline>TAIPEI 1996-09-26</dateline>
<text>
<p>United Microelectronics Corp has decided to slash its 1996 pre-tax profit forecast by 41.53 percent to T$8.08 billion from an earlier estimate of T$13.82 billion, a company statement said on Thursday.</p>
<p>The firm, Taiwan's second largest semiconductor maker, also cut its net profit forecast to T$8.21 billion from T$14.58 billion for the whole year, it said.  </p>
<p>Its earnings-per-share forecast was adjusted to T$2.92 per share from the original projection of T$5.47.</p>
<p>The firm's 1996 sales revenue forecast was lowered to T$22.05 billion from T$31.89 billion.</p>
<p>The statement did not give reasons for the adjustments.</p>
<p>Several leading Taiwan semiconductor and computer firms, including computer giant Acer Inc, have already cut their forecasts for 1996 due to falling chip prices in international markets.</p>
<p>-- Taipei Newsroom (2-5080815)</p>
</text>
<copyright>(c) Reuters Limited 1996</copyright>
<metadata>
<codes class="bip:countries:1.0">
  <code code="TAIWAN">
    <editdetail attribution="Reuters BIP Coding Group" action="confirmed" date="1996-09-26"/>
  </code>
</codes>
<codes class="bip:industries:1.0">
  <code code="I33020">
    <editdetail attribution="Reuters BIP Coding Group" action="confirmed" date="1996-09-26"/>
  </code>
  <code code="I3302003">
    <editdetail attribution="Reuters BIP Coding Group" action="confirmed" date="1996-09-26"/>
  </code>
  <code code="I34532">
    <editdetail attribution="Reuters BIP Coding Group" action="confirmed" date="1996-09-26"/>
  </code>
</codes>
<codes class="bip:topics:1.0">
  <code code="C15">
    <editdetail attribution="Reuters BIP Coding Group" action="confirmed" date="1996-09-26"/>
  </code>
  <code code="C152">
    <editdetail attribution="Reuters BIP Coding Group" action="confirmed" date="1996-09-26"/>
  </code>
  <code code="CCAT">
    <editdetail attribution="Reuters BIP Coding Group" action="confirmed" date="1996-09-26"/>
  </code>
</codes>
<dc element="dc.date.created" value="1996-09-26"/>
<dc element="dc.publisher" value="Reuters Holdings Plc"/>
<dc element="dc.date.published" value="1996-09-26"/>
<dc element="dc.source" value="Reuters"/>
<dc element="dc.creator.location" value="TAIPEI"/>
<dc element="dc.creator.location.country.name" value="TAIWAN"/>
<dc element="dc.source" value="Reuters"/>
</metadata>
</newsitem>
