<?xml version="1.0" encoding="iso-8859-1" ?>
<newsitem itemid="152436" id="root" date="1996-10-30" xml:lang="en">
<title>USA: Universal Intl Inc Q3 loss vs profit.</title>
<headline>Universal Intl Inc Q3 loss vs profit.</headline>
<dateline>MINNEAPOLIS 1996-10-30</dateline>
<text>
<p>Three Months Ended  Nine Months Ended</p>
<p>				     September 30,     September 30,</p>
<p>				     1996	1995     1996     1995</p>
<p> Net Sales		     $20,842  $18,290  $55,908  $50,406</p>
<p> Gross Margin		    8,187    6,476   20,597   17,631</p>
<p> Net Income (Loss)	     (975)	257  (3,702)    (299)</p>
<p>Net Income (Loss)</p>
<p> Per Share			 (.20)	.05    (.76)    (.06)</p>
<p>Weighted Average Shares</p>
<p>  Outstanding		    4,893    4,893    4,893    4,893</p>
<p>			(in thousands, except per share amounts)</p>
<p>NOTE: Full company name is Universal International Inc.</p>
<p>--Chicago newsdesk, 312-408-8787</p>
</text>
<copyright>(c) Reuters Limited 1996</copyright>
<metadata>
<codes class="bip:countries:1.0">
  <code code="USA">
    <editdetail attribution="Reuters BIP Coding Group" action="confirmed" date="1996-10-30"/>
  </code>
</codes>
<codes class="bip:industries:1.0">
  <code code="I61000">
    <editdetail attribution="Reuters BIP Coding Group" action="confirmed" date="1996-10-30"/>
  </code>
</codes>
<codes class="bip:topics:1.0">
  <code code="C15">
    <editdetail attribution="Reuters BIP Coding Group" action="confirmed" date="1996-10-30"/>
  </code>
  <code code="C151">
    <editdetail attribution="Reuters BIP Coding Group" action="confirmed" date="1996-10-30"/>
  </code>
  <code code="CCAT">
    <editdetail attribution="Reuters BIP Coding Group" action="confirmed" date="1996-10-30"/>
  </code>
</codes>
<dc element="dc.date.created" value="1996-10-30"/>
<dc element="dc.publisher" value="Reuters Holdings Plc"/>
<dc element="dc.date.published" value="1996-10-30"/>
<dc element="dc.source" value="Reuters"/>
<dc element="dc.creator.location" value="MINNEAPOLIS"/>
<dc element="dc.creator.location.country.name" value="USA"/>
<dc element="dc.source" value="Reuters"/>
</metadata>
</newsitem>
