<?xml version="1.0" encoding="iso-8859-1" ?>
<newsitem itemid="5418" id="root" date="1996-08-21" xml:lang="en">
<title>AUSTRIA: ATHLETICS-LINZ GRAND PRIX RESULTS.</title>
<headline>ATHLETICS-LINZ GRAND PRIX RESULTS.</headline>
<dateline>LINZ, Austria 1996-08-21</dateline>
<text>
<p>Leading results at the Linz</p>
<p>Grand Prix athletics meeting on Wednesday:</p>
<p>Men's 400 metres hurdles</p>
<p> 1. Eric Thomas (U.S.)		     48.95 seconds</p>
<p> 2. Dusan Kovacs (Hungary)		 49.05</p>
<p> 3. Ken Harnden (Zimbabwe)		 49.12</p>
<p> 4. Erick Keter (Kenya)		    49.81</p>
<p> 5. Laurent Ottoz (Italy)		  50.30</p>
<p> 6. Rohan Robinson (Australia)	   51.54</p>
<p>Men's 100 metres</p>
<p> 1. Davidson Ezinwa (Nigeria)	    10.01</p>
<p> 2. Dennis Mitchell (U.S.)		 10.06</p>
<p> 3. Osmond Ezinwa (Nigeria)		10.09</p>
<p> 4. Darren Campbell (Britain)	    10.21</p>
<p> 5. Bruny Surin (Canada)		   10.24</p>
<p> 6. Mike Marsh (U.S.)			10.28</p>
<p>Women's discus</p>
<p> 1. Ilke Wyludda (Germany)		 67.28 metres</p>
<p> 2. Franka Dietzsch (Germany)	    63.80</p>
<p> 3. Ellina Zvereva (Belarus)	     63.70</p>
<p> 4. Nicoleta Grasu (Romania)	     62.82</p>
<p> 5. Olga Chernyavskaya (Russia)	  62.56</p>
<p> 6. Natalya Sadova (Russia)		62.32</p>
<p>Men's 800 metres</p>
<p> 1. Johnny Gray (U.S.)		     1 minute 44.73 seconds</p>
<p> 2. Norberto Tellez (Cuba)		 1:44.74</p>
<p> 3. Rich Kenah (U.S.)			1:45.05</p>
<p> 4. Robert Kibet (Kenya)		   1:45.86</p>
<p> 5. David Matthews (Ireland)	     1:46.13</p>
<p> 6. Billy Konchellah (Kenya)	     1:46.18</p>
<p>Women's 1,500 metres</p>
<p> 1. Amy Wickus (U.S.)				  4:12.57</p>
<p> 2. Therese Kiesl (Austria)			  4:13.49</p>
<p> 3. Stefanie Graf (Austria)			  4:13.58</p>
<p> 4. Sara Shwald (U.S.)				 4:13.79</p>
<p> 5. Elena Kaledina (Russia)			  4:14.44</p>
<p> 6. Kristina Wollheim-daFonseca (Germany)	4:14.75</p>
<p>Women's 100 metres hurdles</p>
<p> 1. Michelle Freeman (Jamaica)		     12.65 seconds</p>
<p> 2. Dawn Bowles (U.S.)				 12.84</p>
<p> 3. Patricia Girard (France)			 13.01</p>
<p> 4. Aliuska Lopez (Cuba)			     13.02</p>
<p> 5. Julie Baumann (Switzerland)		    13.03</p>
<p> 6. Gillian Russell (Jamaica)			13.09</p>
<p>Men's 110 metre hurdles</p>
<p> 1. Allen Johnson (U.S.)			     13.25 seconds</p>
<p> 2. Emilio Valle (Cuba)				13.29</p>
<p> 3. Igor Kovac (Slovenia)			    13.44</p>
<p> 4. Steve Brown (U.S.)				 13.46</p>
<p> 5. Claude Edorh (Germany)			   13.91</p>
<p> 6. Levente Csillag (Hungary)			14.06</p>
<p>Men's 400 metres</p>
<p> 1. Derek Mills (U.S.)				 44.92 seconds</p>
<p> 2. LaMont Smith (U.S.)				45.80</p>
<p> 3. Jared Deacon (Britain)			   46.38</p>
<p> 4. Tom O'Dell (Britain)			     46.57</p>
<p> 5. Andreas Hein (Germany)			   46.82</p>
<p> 6. Quincy Douglas (Norway)			  47.36</p>
<p>Women's long jump</p>
<p> 1. Chioma Ajunwa (Nigeria)			  6.85 metres</p>
<p> 2. Ludmila Ninova (Austria)			 6.79</p>
<p> 3. Heike Drechsler (Germany)			6.64</p>
<p> 4. Marieke Veltman (U.S.)			   6.62</p>
<p> 5. Anna Biryukova (Russia)			  6.58</p>
<p> 6. Claudia Gerhardt (Germany)		     6.55</p>
<p>Women's high jump</p>
<p> 1. Nele Zilinskiene (Lithuania)		   1.9 metres</p>
<p> 2. Sieglinde Cadusch (Switzerland)		1.9</p>
<p> 3. Alica Javat (Slovakia)			   1.9</p>
<p> 4. Monika Gollner (Austria)			 1.8</p>
<p> 4. Olga Bolshova (Moldava)			  1.8</p>
<p> 4. Evgenia Stanova (Russia)			 1.8</p>
<p>Men's javelin</p>
<p> 1. Jan Zelezny (Czech Republic)		   89.24 metres</p>
<p> 2. Sergei Makarov (Russia)			  85.14</p>
<p> 3. Andreas Linden (Germany)			 82.62</p>
<p> 4. Todd Riech (U.S.)				  79.52</p>
<p> 5. Gregor Hoegler (Austria)			 79.00</p>
<p> 6. Christian Nikolay (Germany)		    77.48</p>
<p>Men's shot</p>
<p> 1. Paulo Dal Soglio (Italy)			 20.30 metres</p>
<p> 2. Aleksandr Bagach (Ukraine)		     20.12</p>
<p> 3. Randy Barnes (U.S.)				19.89</p>
<p> 4. Corrado Fantini (Italy)			  19.79</p>
<p> 5. Oliver-Sven Buder (Germany)		    19.24</p>
<p> 6. Giorgo Venturi (Italy)			   18.21</p>
<p>Pole vault</p>
<p> 1. Scott Huffman (U.S.)			     5.90 metres</p>
<p> 2. Tim Lobinger (Germany)			   5.80</p>
<p> 3. Riaan Botha (South Africa)		     5.70</p>
<p> 4. Pat Manson (U.S.)				  5.70</p>
<p> 5. Kory Tarpenning (U.S.)			   5.50</p>
<p> 6. Alexei Gladkikh (Russia)			 5.50</p>
<p>Women's 400 metres</p>
<p> 1. Ana Fidelia Quirot (Cuba)			50.84 seconds</p>
<p> 2. Kim Graham (U.S.)				  51.35</p>
<p> 3. Inez Turner (Jamaica)			    51.93</p>
<p> 4. Juliet Campbell (Jamaica)			51.96</p>
<p> 5. Charity Opara (Nigeria)			  52.74</p>
<p> 6. Rosey Edeh (Canada)				52.80</p>
<p>Women's 100 metres</p>
<p> 1. Gail Devers (U.S.)				 10.92 seconds</p>
<p> 2. Chandra Sturrup (Bahamas)			11.16</p>
<p> 3. Juliet Cuthbert (Jamaica)			11.20</p>
<p> 4. Chryste Gaines (U.S.)			    11.21</p>
<p> 5. Chioma Ajunwa (Nigeria)			  11.35</p>
<p> 6. Alenka Bikar (Slovenia)			  11.52</p>
<p> 6. Treshelle Mayo (U.S.)			    11.52</p>
<p>Add results:</p>
<p>Men's 5,000 metres</p>
<p> 1. L.K. Chepkuto (Kenya)		  13 minutes 22.10 seconds</p>
<p> 2. Simon Chemoiywo (Kenya)		13:22.79</p>
<p> 3. Jonah Birir (Kenya)		    13:35.93</p>
<p> 4. William Sigei (Kenya)		  13:38.01</p>
<p> 5. Cormak Finnerty (Ireland)	    13:40.17</p>
<p> 6. Pangiotis Papoulias (Greece)	 13:45.05</p>
<p>Men's long jump</p>
<p> 1. Kareem Streete-Thompson (U.S.)     8.34 metres</p>
<p> 2. Joe Greene (U.S.)			8.20</p>
<p> 3. Emmanuel Bangue (France)	     8.08</p>
<p> 4. Yuri Naumkin (Russia)		  8.04</p>
<p> 5. Alexandre Glavatski (Belarus)	7.93</p>
<p> 6. Andrei Ignatov (Russia)		7.84</p>
</text>
<copyright>(c) Reuters Limited 1996</copyright>
<metadata>
<codes class="bip:countries:1.0">
  <code code="AUST">
    <editdetail attribution="Reuters BIP Coding Group" action="confirmed" date="1996-08-21"/>
  </code>
</codes>
<codes class="bip:topics:1.0">
  <code code="GCAT">
    <editdetail attribution="Reuters BIP Coding Group" action="confirmed" date="1996-08-21"/>
  </code>
  <code code="GSPO">
    <editdetail attribution="Reuters BIP Coding Group" action="confirmed" date="1996-08-21"/>
  </code>
</codes>
<dc element="dc.date.created" value="1996-08-21"/>
<dc element="dc.publisher" value="Reuters Holdings Plc"/>
<dc element="dc.date.published" value="1996-08-21"/>
<dc element="dc.source" value="Reuters"/>
<dc element="dc.creator.location" value="LINZ, Austria"/>
<dc element="dc.creator.location.country.name" value="AUSTRIA"/>
<dc element="dc.source" value="Reuters"/>
</metadata>
</newsitem>
