<?xml version="1.0" encoding="iso-8859-1" ?>
<newsitem itemid="373026" id="root" date="1997-02-12" xml:lang="en">
<title>USA: RESEARCH ALERT - TeleTech raised.</title>
<headline>RESEARCH ALERT - TeleTech raised.</headline>
<text>
<p>-- Morgan Stanley said on Wednesday it had raised its rating for TeleTech Holdings Inc to strong buy from outperform.</p>
<p>-- Shares in the telephone-based customer care services company opened up one to 25.</p>
<p>((-- Wall Street desk (212) 859-1730))</p>
</text>
<copyright>(c) Reuters Limited 1997</copyright>
<metadata>
<codes class="bip:countries:1.0">
  <code code="USA">
    <editdetail attribution="Reuters BIP Coding Group" action="confirmed" date="1997-02-12"/>
  </code>
</codes>
<codes class="bip:industries:1.0">
  <code code="I83954">
    <editdetail attribution="Reuters BIP Coding Group" action="confirmed" date="1997-02-12"/>
  </code>
</codes>
<codes class="bip:topics:1.0">
  <code code="C15">
    <editdetail attribution="Reuters BIP Coding Group" action="confirmed" date="1997-02-12"/>
  </code>
  <code code="C152">
    <editdetail attribution="Reuters BIP Coding Group" action="confirmed" date="1997-02-12"/>
  </code>
  <code code="CCAT">
    <editdetail attribution="Reuters BIP Coding Group" action="confirmed" date="1997-02-12"/>
  </code>
</codes>
<dc element="dc.publisher" value="Reuters Holdings Plc"/>
<dc element="dc.date.published" value="1997-02-12"/>
<dc element="dc.source" value="Reuters"/>
<dc element="dc.creator.location.country.name" value="USA"/>
<dc element="dc.source" value="Reuters"/>
</metadata>
</newsitem>
