<?xml version="1.0" encoding="iso-8859-1" ?>
<newsitem itemid="424657" id="root" date="1997-03-06" xml:lang="en">
<title>USA: Stampeder Exploration Ltd 96 EPS falls.</title>
<headline>Stampeder Exploration Ltd 96 EPS falls.</headline>
<dateline>NEW YORK 1997-03-06</dateline>
<text>
<p>Year Ended	 Year Ended   Percent</p>
<p>				December 31	December 31   Change</p>
<p>				   1996		  1995</p>
<p>Petroleum and natural</p>
<p> gas sales		  $151,114,000	$78,842,000    92</p>
<p> Marketing sales	  $380,571,000     $124,872,000   205</p>
<p>Total revenues,</p>
<p> net of royalties	$505,046,000	$191,191,000     164</p>
<p>Cash flow from</p>
<p> operations		 $73,084,000	 $36,261,000     102</p>
<p>Basic per share $1.28 $0.96 33 Fully diluted</p>
<p> per share		    $1.23		$0.91	    35</p>
<p>Net earnings before</p>
<p>extraordinary</p>
<p> item			 $11,940,000	$13,452,000     -11</p>
<p> Basic per share	    $0.21		$0.35	   -40</p>
<p>Fully diluted</p>
<p>   per share		  $0.21		$0.35	   -40</p>
<p>Net earnings after</p>
<p>extraordinary</p>
<p> item			 $11,940,000	$18,462,000     -35</p>
<p> Basic per share	    $0.21		$0.49	   -57</p>
<p>Fully diluted per</p>
<p> share			  $0.21		$0.48	   -56</p>
<p>NPV of reserves (before taxes 15</p>
<p> percent)		  $780,000,000     $303,800,000     157</p>
<p>NPV of reserves (before taxes 10</p>
<p> percent)		  $951,500,000     $377,600,000     152</p>
<p> Long-term debt	  $259,312,000	$89,167,000     191</p>
<p> Shareholders equity $418,957,000	 $110,835,000     278</p>
<p> Capital expenditures $886,488,000	 $71,878,000   1,133</p>
<p>Capital expenditures</p>
<p> net of dispositions   $598,708,000	$70,743,000	746</p>
<p>Common shares</p>
<p> outstanding		 92,329,000	38,017,000	143</p>
</text>
<copyright>(c) Reuters Limited 1997</copyright>
<metadata>
<codes class="bip:countries:1.0">
  <code code="USA">
    <editdetail attribution="Reuters BIP Coding Group" action="confirmed" date="1997-03-06"/>
  </code>
</codes>
<codes class="bip:industries:1.0">
  <code code="I13000">
    <editdetail attribution="Reuters BIP Coding Group" action="confirmed" date="1997-03-06"/>
  </code>
</codes>
<codes class="bip:topics:1.0">
  <code code="C15">
    <editdetail attribution="Reuters BIP Coding Group" action="confirmed" date="1997-03-06"/>
  </code>
  <code code="C151">
    <editdetail attribution="Reuters BIP Coding Group" action="confirmed" date="1997-03-06"/>
  </code>
  <code code="C1511">
    <editdetail attribution="Reuters BIP Coding Group" action="confirmed" date="1997-03-06"/>
  </code>
  <code code="CCAT">
    <editdetail attribution="Reuters BIP Coding Group" action="confirmed" date="1997-03-06"/>
  </code>
</codes>
<dc element="dc.date.created" value="1997-03-06"/>
<dc element="dc.publisher" value="Reuters Holdings Plc"/>
<dc element="dc.date.published" value="1997-03-06"/>
<dc element="dc.source" value="Reuters"/>
<dc element="dc.creator.location" value="NEW YORK"/>
<dc element="dc.creator.location.country.name" value="USA"/>
<dc element="dc.source" value="Reuters"/>
</metadata>
</newsitem>
