<?xml version="1.0" encoding="iso-8859-1" ?>
<newsitem itemid="468476" id="root" date="1997-03-26" xml:lang="en">
<title>USA: Medical Graphics Corp Q4 full results.</title>
<headline>Medical Graphics Corp Q4 full results.</headline>
<dateline>ST. PAUL, Minn. 1997-03-26</dateline>
<text>
<p>(In thousands, except per share data)</p>
<p>				    Three Months Ended Dec 31	 %</p>
<p>					  1996	    1995     change</p>
<p> Equipment sales		   $2,760	 $4,405	  37%</p>
<p> Service and supply revenue     1,116	  1,252	  11%</p>
<p>   Total revenue		    3,876	  5,657	  31%</p>
<p> Cost of equipment sales	  3,793	  2,721	  39%</p>
<p> Cost of service and supply	 931	    716	  30%</p>
<p> Cost of goods sold		 4,724	  3,437	  37%</p>
<p>Expenses:</p>
<p>   Selling			    2,685	  1,759	  53%</p>
<p>   Administrative and general   1,981	    922	 115%</p>
<p>   Research and development     1,047	    390	 168%</p>
<p>Provision for closing</p>
<p>     German office		    700	     --	   --</p>
<p>					  6,413	  3,071	 109%</p>
<p> Operating loss		   (7,261)	  (851)	 753%</p>
<p>Other income -- SensorMedics</p>
<p>   settlement			    --	    975	   --</p>
<p> Interest expense		    (76)	   (53)	  43%</p>
<p>Income (loss) before</p>
<p>   income taxes		   (7,337)	     71	   --</p>
<p>Income tax benefit</p>
<p>   (expense)			   (12)	  (235)	(95%)</p>
<p> Net loss			  ( 7,349)	 ( 164)	   --</p>
<p>Net loss per share</p>
<p>   of common stock		( 2.87)	( 0.07)	   --</p>
<p>Weighted average common</p>
<p>and common equivalent</p>
<p>   shares outstanding	     2,559	  2,445	   --</p>
<p>				  Twelve Months Ended</p>
<p>				     December 31</p>
<p>										%</p>
<p>					   1996	  1995	change</p>
<p> Equipment sales		  $15,422	$16,881	 (9%)</p>
<p> Service and supply revenue     4,867	  4,759	   2%</p>
<p>   Total revenue		   20,289	 21,640	 (6%)</p>
<p> Cost of equipment sales	 11,352	  9,991	  14%</p>
<p> Cost of service and supply     3,288	  2,337	  41%</p>
<p> Cost of goods sold		14,640	 12,328	  19%</p>
<p>Expenses:</p>
<p>   Selling			    8,186	  7,253	  13%</p>
<p>   Administrative and general   4,369	  3,033	  44%</p>
<p>   Research and development     2,762	  1,934	  43%</p>
<p>Provision for closing</p>
<p>     German office		    700	     --	   --</p>
<p>					 16,017	 12,220	  31%</p>
<p> Operating loss		  (10,368)	(2,908)	 257%</p>
<p>Other income -- SensorMedics</p>
<p>   settlement			 1,438	    975	  47%</p>
<p> Interest expense		   (189)	  (105)	  80%</p>
<p>Income (loss) before</p>
<p>   income taxes		   (9,119)	(2,038)	 347%</p>
<p>Income tax benefit</p>
<p>   (expense)			     48	    307	(84%)</p>
<p> Net loss			  ( 9,071)     ( 1,731)	 424%</p>
<p>Net loss per share</p>
<p>   of common stock		( 3.56)	( 0.71)	   --</p>
<p>Weighted average common</p>
<p>and common equivalent</p>
<p>   shares outstanding	     2,545	  2,450	   --</p>
<p>((--Chicago Newsdesk 312-408-8787))</p>
</text>
<copyright>(c) Reuters Limited 1997</copyright>
<metadata>
<codes class="bip:countries:1.0">
  <code code="USA">
    <editdetail attribution="Reuters BIP Coding Group" action="confirmed" date="1997-03-26"/>
  </code>
</codes>
<codes class="bip:industries:1.0">
  <code code="I37200">
    <editdetail attribution="Reuters BIP Coding Group" action="confirmed" date="1997-03-26"/>
  </code>
</codes>
<codes class="bip:topics:1.0">
  <code code="C15">
    <editdetail attribution="Reuters BIP Coding Group" action="confirmed" date="1997-03-26"/>
  </code>
  <code code="C151">
    <editdetail attribution="Reuters BIP Coding Group" action="confirmed" date="1997-03-26"/>
  </code>
  <code code="C1511">
    <editdetail attribution="Reuters BIP Coding Group" action="confirmed" date="1997-03-26"/>
  </code>
  <code code="CCAT">
    <editdetail attribution="Reuters BIP Coding Group" action="confirmed" date="1997-03-26"/>
  </code>
</codes>
<dc element="dc.date.created" value="1997-03-26"/>
<dc element="dc.publisher" value="Reuters Holdings Plc"/>
<dc element="dc.date.published" value="1997-03-26"/>
<dc element="dc.source" value="Reuters"/>
<dc element="dc.creator.location" value="ST. PAUL, Minn."/>
<dc element="dc.creator.location.country.name" value="USA"/>
<dc element="dc.source" value="Reuters"/>
</metadata>
</newsitem>
