<?xml version="1.0" encoding="iso-8859-1" ?>
<newsitem itemid="119532" id="root" date="1996-10-16" xml:lang="en">
<title>UK: SOCCER-EUROPEAN CHAMPIONS' LEAGUE STANDINGS.</title>
<headline>SOCCER-EUROPEAN CHAMPIONS' LEAGUE STANDINGS.</headline>
<dateline>LONDON 1996-10-16</dateline>
<text>
<p>European Champions' League soccer</p>
<p>standings after Wednesday's matches: (tabulated under played,</p>
<p>won, drawn, lost, goals for, against, points):</p>
<p>Group A</p>
<p> Ajax Amsterdam (Netherlands)	3   2   0   1   5   2   6</p>
<p> Grasshopper Zurich (Switzerland)  3   2   0   1   4   1   6</p>
<p> Auxerre (France)			3   2   0   1   3   2   6</p>
<p> Glasgow Rangers (Scotland)	  3   0   0   3   2   9   0</p>
<p>Group B</p>
<p> Borussia Dortmund (Germany)	 3   3   0   0   6   1   9</p>
<p> Atletico Madrid (Spain)	     3   2   0   1   8   2   6</p>
<p> Steaua Bucharest (Romania)	  3   1   0   2   1   7   3</p>
<p> Widzew Lodz (Poland)		  3   0   0   3   2   7   0</p>
<p>Group C</p>
<p> Juventus (Italy)			3   2   1   0   3   1   7</p>
<p> Manchester United (England)	 3   2   0   1   4   1   6</p>
<p> Rapid Vienna (Austria)		3   0   2   1   2   4   2</p>
<p> Fenerbahce (Turkey)		   3   0   1   2   1   4   1</p>
<p>Group D</p>
<p> Porto (Portugal)			3   3   0   0   6   3   9</p>
<p> AC Milan (Italy)			3   1   0   2   7   6   3</p>
<p> Gothenburg (Sweden)		   3   1   0   2   5   6   3</p>
<p> Rosenborg (Norway)		    3   1   0   2   4   7   3</p>
<p>Next matches October 30:</p>
<p>Group A - Glasgow Rangers v Ajax, Grasshopper Zurich v</p>
<p>Auxerre</p>
<p>Group B - Widzew Lodz v Steaua Bucharest, Borussia Dortmund</p>
<p>v Atletico Madrid</p>
<p>Group C - Manchester United v Fenerbahce, Juventus v Rapid</p>
<p>Vienna</p>
<p>Group D - Porto v Rosenborg, AC Milan v IFK Gothenburg.</p>
</text>
<copyright>(c) Reuters Limited 1996</copyright>
<metadata>
<codes class="bip:countries:1.0">
  <code code="AUST">
    <editdetail attribution="Reuters BIP Coding Group" action="confirmed" date="1996-10-16"/>
  </code>
  <code code="FRA">
    <editdetail attribution="Reuters BIP Coding Group" action="confirmed" date="1996-10-16"/>
  </code>
  <code code="GFR">
    <editdetail attribution="Reuters BIP Coding Group" action="confirmed" date="1996-10-16"/>
  </code>
  <code code="ITALY">
    <editdetail attribution="Reuters BIP Coding Group" action="confirmed" date="1996-10-16"/>
  </code>
  <code code="NETH">
    <editdetail attribution="Reuters BIP Coding Group" action="confirmed" date="1996-10-16"/>
  </code>
  <code code="NORW">
    <editdetail attribution="Reuters BIP Coding Group" action="confirmed" date="1996-10-16"/>
  </code>
  <code code="POL">
    <editdetail attribution="Reuters BIP Coding Group" action="confirmed" date="1996-10-16"/>
  </code>
  <code code="PORL">
    <editdetail attribution="Reuters BIP Coding Group" action="confirmed" date="1996-10-16"/>
  </code>
  <code code="ROM">
    <editdetail attribution="Reuters BIP Coding Group" action="confirmed" date="1996-10-16"/>
  </code>
  <code code="SPAIN">
    <editdetail attribution="Reuters BIP Coding Group" action="confirmed" date="1996-10-16"/>
  </code>
  <code code="SWED">
    <editdetail attribution="Reuters BIP Coding Group" action="confirmed" date="1996-10-16"/>
  </code>
  <code code="SWITZ">
    <editdetail attribution="Reuters BIP Coding Group" action="confirmed" date="1996-10-16"/>
  </code>
  <code code="TURK">
    <editdetail attribution="Reuters BIP Coding Group" action="confirmed" date="1996-10-16"/>
  </code>
  <code code="UK">
    <editdetail attribution="Reuters BIP Coding Group" action="confirmed" date="1996-10-16"/>
  </code>
</codes>
<codes class="bip:topics:1.0">
  <code code="GCAT">
    <editdetail attribution="Reuters BIP Coding Group" action="confirmed" date="1996-10-16"/>
  </code>
  <code code="GSPO">
    <editdetail attribution="Reuters BIP Coding Group" action="confirmed" date="1996-10-16"/>
  </code>
</codes>
<dc element="dc.date.created" value="1996-10-16"/>
<dc element="dc.publisher" value="Reuters Holdings Plc"/>
<dc element="dc.date.published" value="1996-10-16"/>
<dc element="dc.source" value="Reuters"/>
<dc element="dc.creator.location" value="LONDON"/>
<dc element="dc.creator.location.country.name" value="UK"/>
<dc element="dc.source" value="Reuters"/>
</metadata>
</newsitem>
