<?xml version="1.0" encoding="iso-8859-1" ?>
<newsitem itemid="531291" id="root" date="1997-04-23" xml:lang="en">
<title>LATVIA: ROTA PRINTER TAX DEBTS CAPITALISED.</title>
<headline>ROTA PRINTER TAX DEBTS CAPITALISED.</headline>
<dateline>RIGA 1997-04-23</dateline>
<text>
<p>The privatisation agency said on Wednesday that it has decided to capitalise the debts of the Rota printer company worth 34,062 lats and write off 9,531 lats of late payment fines.</p>
<p>The agency also said that it approved the rules for the sale of the remaining state share in Rota.</p>
<p>-- Riga Newsroom, +371 721 5240</p>
</text>
<copyright>(c) Reuters Limited 1997</copyright>
<metadata>
<codes class="bip:countries:1.0">
  <code code="LATV">
    <editdetail attribution="Reuters BIP Coding Group" action="confirmed" date="1997-04-23"/>
  </code>
</codes>
<codes class="bip:topics:1.0">
  <code code="C17">
    <editdetail attribution="Reuters BIP Coding Group" action="confirmed" date="1997-04-23"/>
  </code>
  <code code="C18">
    <editdetail attribution="Reuters BIP Coding Group" action="confirmed" date="1997-04-23"/>
  </code>
  <code code="C183">
    <editdetail attribution="Reuters BIP Coding Group" action="confirmed" date="1997-04-23"/>
  </code>
  <code code="CCAT">
    <editdetail attribution="Reuters BIP Coding Group" action="confirmed" date="1997-04-23"/>
  </code>
</codes>
<dc element="dc.date.created" value="1997-04-23"/>
<dc element="dc.publisher" value="Reuters Holdings Plc"/>
<dc element="dc.date.published" value="1997-04-23"/>
<dc element="dc.source" value="Reuters"/>
<dc element="dc.creator.location" value="RIGA"/>
<dc element="dc.creator.location.country.name" value="LATVIA"/>
<dc element="dc.source" value="Reuters"/>
</metadata>
</newsitem>
