<?xml version="1.0" encoding="iso-8859-1" ?>
<newsitem itemid="190237" id="root" date="1996-11-14" xml:lang="en">
<title>FRANCE: France sells 405 mln Ecu OATs at auction.</title>
<headline>France sells 405 mln Ecu OATs at auction.</headline>
<dateline>PARIS 1996-11-14</dateline>
<text>
<p>The Treasury sold the following Ecu-denominated government bonds (OATs) at auction on Thursday.</p>
<p> MATURITY	COUPON	SALE AMOUNT     AVERAGE YIELD</p>
<p> 25.APR.06	7.00	   265 MLN	   6.26</p>
<p> BID AMT/COVER    NON-COMPETITIVE BIDS   LOWEST ACCEPTED PRICE</p>
<p> 1.040 BLN/3.9		     NIL	     105.04</p>
<p> PCT ALLOTED AT LOWEST PRICE*		  PAYMENT DATE</p>
<p> 100.0						   28.NOV</p>
<p> * PRICES ABOVE GOT ALLOTMENTS IN FULL     NEXT OFFER</p>
<p>							    N/A</p>
<p> MATURITY	COUPON	SALE AMOUNT     AVERAGE YIELD</p>
<p> 25.APR.04	6.00	   140 MLN	   5.95</p>
<p> BID AMT/COVER    NON-COMPETITIVE BIDS   LOWEST ACCEPTED PRICE</p>
<p> 490 MLN/3.5			NIL		100.20</p>
<p> PCT ALLOTED AT LOWEST PRICE*		  PAYMENT DATE</p>
<p> 100.0						   28.NOV</p>
<p> * PRICES ABOVE GOT ALLOTMENTS IN FULL     NEXT AUCTION</p>
<p>							     N/A</p>
<p>NOTE - The Treasury originally announced it would sell 300 to 500 million Ecus of OATs in total today. The total bid cover ratio of the auction was 3.8.</p>
<p>-- Paris Newsroom +331 4221 5452</p>
</text>
<copyright>(c) Reuters Limited 1996</copyright>
<metadata>
<codes class="bip:countries:1.0">
  <code code="FRA">
    <editdetail attribution="Reuters BIP Coding Group" action="confirmed" date="1996-11-14"/>
  </code>
</codes>
<codes class="bip:topics:1.0">
  <code code="E21">
    <editdetail attribution="Reuters BIP Coding Group" action="confirmed" date="1996-11-14"/>
  </code>
  <code code="E212">
    <editdetail attribution="Reuters BIP Coding Group" action="confirmed" date="1996-11-14"/>
  </code>
  <code code="ECAT">
    <editdetail attribution="Reuters BIP Coding Group" action="confirmed" date="1996-11-14"/>
  </code>
</codes>
<dc element="dc.date.created" value="1996-11-14"/>
<dc element="dc.publisher" value="Reuters Holdings Plc"/>
<dc element="dc.date.published" value="1996-11-14"/>
<dc element="dc.source" value="Reuters"/>
<dc element="dc.creator.location" value="PARIS"/>
<dc element="dc.creator.location.country.name" value="FRANCE"/>
<dc element="dc.source" value="Reuters"/>
</metadata>
</newsitem>
