<?xml version="1.0" encoding="iso-8859-1" ?>
<newsitem itemid="596292" id="root" date="1997-05-19" xml:lang="en">
<title>JAPAN: Taisei -96/97 parent results.</title>
<headline>Taisei -96/97 parent results.</headline>
<dateline>TOKYO 1997-05-19</dateline>
<text>
<p>Year to March 31, 1997</p>
<p> (Parent)	(in billions of yen unless specified)</p>
<p> Sales		  1.57 trln	 vs	    1.52 trln</p>
<p> Operating	   23.50		vs	   31.01</p>
<p> Current	     26.11		vs	   25.40</p>
<p> Net		   10.02		vs	    9.03</p>
<p> EPS		    9.83 yen	  vs	    8.86 yen</p>
<p> Diluted EPS	  9.82 yen	  vs	    8.86 yen</p>
<p> Shares	   1.02 billion	  vs	1.02 billion</p>
<p> Ord div		7.00 yen	  vs	    7.00 yen</p>
<p>NOTE - Taisei Corp is a general contractor.</p>
</text>
<copyright>(c) Reuters Limited 1997</copyright>
<metadata>
<codes class="bip:countries:1.0">
  <code code="JAP">
    <editdetail attribution="Reuters BIP Coding Group" action="confirmed" date="1997-05-19"/>
  </code>
</codes>
<codes class="bip:industries:1.0">
  <code code="I50000">
    <editdetail attribution="Reuters BIP Coding Group" action="confirmed" date="1997-05-19"/>
  </code>
</codes>
<codes class="bip:topics:1.0">
  <code code="C15">
    <editdetail attribution="Reuters BIP Coding Group" action="confirmed" date="1997-05-19"/>
  </code>
  <code code="C151">
    <editdetail attribution="Reuters BIP Coding Group" action="confirmed" date="1997-05-19"/>
  </code>
  <code code="C1511">
    <editdetail attribution="Reuters BIP Coding Group" action="confirmed" date="1997-05-19"/>
  </code>
  <code code="CCAT">
    <editdetail attribution="Reuters BIP Coding Group" action="confirmed" date="1997-05-19"/>
  </code>
</codes>
<dc element="dc.date.created" value="1997-05-19"/>
<dc element="dc.publisher" value="Reuters Holdings Plc"/>
<dc element="dc.date.published" value="1997-05-19"/>
<dc element="dc.source" value="Reuters"/>
<dc element="dc.creator.location" value="TOKYO"/>
<dc element="dc.creator.location.country.name" value="JAPAN"/>
<dc element="dc.source" value="Reuters"/>
</metadata>
</newsitem>
