<?xml version="1.0" encoding="iso-8859-1" ?>
<newsitem itemid="318979" id="root" date="1997-01-20" xml:lang="en">
<title>BELGIUM: Fischler presents tobacco report to farm ministers.</title>
<headline>Fischler presents tobacco report to farm ministers.</headline>
<dateline>BRUSSELS 1997-01-20</dateline>
<text>
<p>Farm Commissioner Franz Fischler presented a tobacco report to farm ministers on Monday urging that EU subsidies be aimed at improving quality and encouraging farmers to stop production, EU diplomats said.</p>
<p>The report also called for stricter controls and a simplification of the subsidy system.</p>
<p>They said that Greece and Italy afterwards stressed that the EU's tobacco regime should be kept as it provided important socio-economic aid for their farmers who lived in regions where there were no viable alternative crops.</p>
<p>But Britain called for a gradual phasing out of the regime, saying that socio-economic aid should be separated from agricultural assistance.</p>
<p>The report (COM 96/554) was adopted by the Commission on December 18 despite strong criticism that the subsidies hampered efforts to curb smoking related deaths.</p>
</text>
<copyright>(c) Reuters Limited 1997</copyright>
<metadata>
<codes class="bip:countries:1.0">
  <code code="BELG">
    <editdetail attribution="Reuters BIP Coding Group" action="confirmed" date="1997-01-20"/>
  </code>
  <code code="EEC">
    <editdetail attribution="Reuters BIP Coding Group" action="confirmed" date="1997-01-20"/>
  </code>
</codes>
<codes class="bip:industries:1.0">
  <code code="I01001">
    <editdetail attribution="Reuters BIP Coding Group" action="confirmed" date="1997-01-20"/>
  </code>
  <code code="I0100145">
    <editdetail attribution="Reuters BIP Coding Group" action="confirmed" date="1997-01-20"/>
  </code>
  <code code="I42900">
    <editdetail attribution="Reuters BIP Coding Group" action="confirmed" date="1997-01-20"/>
  </code>
</codes>
<codes class="bip:topics:1.0">
  <code code="C13">
    <editdetail attribution="Reuters BIP Coding Group" action="confirmed" date="1997-01-20"/>
  </code>
  <code code="CCAT">
    <editdetail attribution="Reuters BIP Coding Group" action="confirmed" date="1997-01-20"/>
  </code>
  <code code="G15">
    <editdetail attribution="Reuters BIP Coding Group" action="confirmed" date="1997-01-20"/>
  </code>
  <code code="G153">
    <editdetail attribution="Reuters BIP Coding Group" action="confirmed" date="1997-01-20"/>
  </code>
  <code code="GCAT">
    <editdetail attribution="Reuters BIP Coding Group" action="confirmed" date="1997-01-20"/>
  </code>
</codes>
<dc element="dc.date.created" value="1997-01-20"/>
<dc element="dc.publisher" value="Reuters Holdings Plc"/>
<dc element="dc.date.published" value="1997-01-20"/>
<dc element="dc.source" value="Reuters"/>
<dc element="dc.creator.location" value="BRUSSELS"/>
<dc element="dc.creator.location.country.name" value="BELGIUM"/>
<dc element="dc.source" value="Reuters"/>
</metadata>
</newsitem>
