<?xml version="1.0" encoding="iso-8859-1" ?>
<newsitem itemid="422580" id="root" date="1997-03-05" xml:lang="en">
<title>FINLAND: No EU member proposing EMU delay -Finnish PM.</title>
<headline>No EU member proposing EMU delay -Finnish PM.</headline>
<dateline>HELSINKI 1997-03-05</dateline>
<text>
<p>No European Union member country is proposing that the start of economic and monetary union (EMU) be delayed, Finnish Prime Minister Paavo Lipponen said on Wednesday.</p>
<p>&quot;Not one member country is proposing a delay,&quot; Lipponen, social democrat chairman, told a party meeting here.</p>
<p>&quot;There are still many obstacles on the road to implementing EMU, but speculation about a delay of the project would only serve to undermine Finland's credibility,&quot; Lipponen said.  </p>
<p>He said only Finland and Luxembourg last year fulfilled the EMU entry criteria.</p>
<p>&quot;As a country fulfilling the requirements, Finland is a strong candidate to participate in EMU, among the first if sufficient conditions for the birth of EMU are in place a year from now,&quot; he said, referring to a planned summit of European Union heads of state and government in spring 1998. At that time, decisions will be made on which countries qualify to join the single currency, which is scheduled to start on January 1, 1999.</p>
<p>Talk of an EMU delay has recently intensified. But such speculation has been rejected by major EU countries, led by Germany and its influential central bank, the Bundesbank. --Helsinki newsroom +358-9-680 50 245, e-mail news@reuters.fi</p>
</text>
<copyright>(c) Reuters Limited 1997</copyright>
<metadata>
<codes class="bip:countries:1.0">
  <code code="EEC">
    <editdetail attribution="Reuters BIP Coding Group" action="confirmed" date="1997-03-05"/>
  </code>
  <code code="FIN">
    <editdetail attribution="Reuters BIP Coding Group" action="confirmed" date="1997-03-05"/>
  </code>
</codes>
<codes class="bip:topics:1.0">
  <code code="E12">
    <editdetail attribution="Reuters BIP Coding Group" action="confirmed" date="1997-03-05"/>
  </code>
  <code code="ECAT">
    <editdetail attribution="Reuters BIP Coding Group" action="confirmed" date="1997-03-05"/>
  </code>
  <code code="G15">
    <editdetail attribution="Reuters BIP Coding Group" action="confirmed" date="1997-03-05"/>
  </code>
  <code code="G151">
    <editdetail attribution="Reuters BIP Coding Group" action="confirmed" date="1997-03-05"/>
  </code>
  <code code="G154">
    <editdetail attribution="Reuters BIP Coding Group" action="confirmed" date="1997-03-05"/>
  </code>
  <code code="GCAT">
    <editdetail attribution="Reuters BIP Coding Group" action="confirmed" date="1997-03-05"/>
  </code>
  <code code="GDIP">
    <editdetail attribution="Reuters BIP Coding Group" action="confirmed" date="1997-03-05"/>
  </code>
</codes>
<dc element="dc.date.created" value="1997-03-05"/>
<dc element="dc.publisher" value="Reuters Holdings Plc"/>
<dc element="dc.date.published" value="1997-03-05"/>
<dc element="dc.source" value="Reuters"/>
<dc element="dc.creator.location" value="HELSINKI"/>
<dc element="dc.creator.location.country.name" value="FINLAND"/>
<dc element="dc.source" value="Reuters"/>
</metadata>
</newsitem>
