<?xml version="1.0" encoding="iso-8859-1" ?>
<newsitem itemid="119370" id="root" date="1996-10-16" xml:lang="en">
<title>USA: American Express to take $300 mln Q4 gain.</title>
<headline>American Express to take $300 mln Q4 gain.</headline>
<dateline>NEW YORK 1996-10-16</dateline>
<text>
<p>American Express Corp said on Wednesday it expected to take an after-tax gain of $300 million in the fourth quarter, due to the exchange of its debt exchangable for common stock (DECS) for common First Data Corp shares.  </p>
<p>American Express said based on the appreciation of First Data shares during the DECS's three-year term, DECS holders received 0.819 First Data shares for each DECS held.</p>
<p>Holders received cash for fractional shares, the company said. American Express had 23.6 million DECS outstanding. It said it delivered 19.3 First Data shares to DECS holders, under terms of the exchange.</p>
<p>It now owned 3.3 million First Data shares, it said.</p>
<p>-- New York newsdesk 212-859-1610</p>
</text>
<copyright>(c) Reuters Limited 1996</copyright>
<metadata>
<codes class="bip:countries:1.0">
  <code code="USA">
    <editdetail attribution="Reuters BIP Coding Group" action="confirmed" date="1996-10-16"/>
  </code>
</codes>
<codes class="bip:industries:1.0">
  <code code="I81402">
    <editdetail attribution="Reuters BIP Coding Group" action="confirmed" date="1996-10-16"/>
  </code>
  <code code="I83940">
    <editdetail attribution="Reuters BIP Coding Group" action="confirmed" date="1996-10-16"/>
  </code>
</codes>
<codes class="bip:topics:1.0">
  <code code="C15">
    <editdetail attribution="Reuters BIP Coding Group" action="confirmed" date="1996-10-16"/>
  </code>
  <code code="C152">
    <editdetail attribution="Reuters BIP Coding Group" action="confirmed" date="1996-10-16"/>
  </code>
  <code code="C17">
    <editdetail attribution="Reuters BIP Coding Group" action="confirmed" date="1996-10-16"/>
  </code>
  <code code="C171">
    <editdetail attribution="Reuters BIP Coding Group" action="confirmed" date="1996-10-16"/>
  </code>
  <code code="C172">
    <editdetail attribution="Reuters BIP Coding Group" action="confirmed" date="1996-10-16"/>
  </code>
  <code code="CCAT">
    <editdetail attribution="Reuters BIP Coding Group" action="confirmed" date="1996-10-16"/>
  </code>
</codes>
<dc element="dc.date.created" value="1996-10-16"/>
<dc element="dc.publisher" value="Reuters Holdings Plc"/>
<dc element="dc.date.published" value="1996-10-16"/>
<dc element="dc.source" value="Reuters"/>
<dc element="dc.creator.location" value="NEW YORK"/>
<dc element="dc.creator.location.country.name" value="USA"/>
<dc element="dc.source" value="Reuters"/>
</metadata>
</newsitem>
