<?xml version="1.0" encoding="iso-8859-1" ?>
<newsitem itemid="734765" id="root" date="1997-07-17" xml:lang="en">
<title>USA: TABLE - Xilinx Q1 results.</title>
<headline>TABLE - Xilinx Q1 results.</headline>
<dateline>SAN JOSE, Calif. 1997-07-17</dateline>
<text>
<p>XILINX, INC.</p>
<p>Summary Consolidated Financial Statements (Thousands except per share amounts)</p>
<p>							(Unaudited)</p>
<p>						     Three months</p>
<p>							   ended</p>
<p>					   Jun. 28,  Jun. 29,  Mar. 29,</p>
<p>						  1997	1996     1997</p>
<p>CONSOLIDATED STATEMENTS OF INCOME</p>
<p> Revenues				  $160,761 $150,200 $151,777</p>
<p> Cost of revenues			  60,906   53,325   58,198</p>
<p> Research and development		19,938   17,837   18,792</p>
<p>Marketing, general and administrative</p>
<p>						 32,666   29,548   31,583</p>
<p> Operating income			  47,251   49,490   43,204</p>
<p> Interest income, net		     2,295	885    1,896</p>
<p> Income before taxes		     49,546   50,375   45,100</p>
<p> Provision for income taxes	    16,102   17,883   14,657</p>
<p> Net income				  33,444   32,492   30,443</p>
<p> Net income per share			 .41	.41     0.38</p>
<p>Weighted average common and common</p>
<p>equivalent shares used in computing</p>
<p>    per share amounts		    81,326   78,944   80,586</p>
</text>
<copyright>(c) Reuters Limited 1997</copyright>
<metadata>
<codes class="bip:countries:1.0">
  <code code="USA">
    <editdetail attribution="Reuters BIP Coding Group" action="confirmed" date="1997-07-17"/>
  </code>
</codes>
<codes class="bip:industries:1.0">
  <code code="I34531">
    <editdetail attribution="Reuters BIP Coding Group" action="confirmed" date="1997-07-17"/>
  </code>
</codes>
<codes class="bip:topics:1.0">
  <code code="C15">
    <editdetail attribution="Reuters BIP Coding Group" action="confirmed" date="1997-07-17"/>
  </code>
  <code code="C151">
    <editdetail attribution="Reuters BIP Coding Group" action="confirmed" date="1997-07-17"/>
  </code>
  <code code="CCAT">
    <editdetail attribution="Reuters BIP Coding Group" action="confirmed" date="1997-07-17"/>
  </code>
</codes>
<dc element="dc.date.created" value="1997-07-17"/>
<dc element="dc.publisher" value="Reuters Holdings Plc"/>
<dc element="dc.date.published" value="1997-07-17"/>
<dc element="dc.source" value="Reuters"/>
<dc element="dc.creator.location" value="SAN JOSE, Calif."/>
<dc element="dc.creator.location.country.name" value="USA"/>
<dc element="dc.source" value="Reuters"/>
</metadata>
</newsitem>
