<?xml version="1.0" encoding="iso-8859-1" ?>
<newsitem itemid="4412" id="root" date="1996-08-20" xml:lang="en">
<title>FRANCE: GAN up sharply on CIC report.</title>
<headline>GAN up sharply on CIC report.</headline>
<dateline>PARIS 1996-08-20</dateline>
<text>
<p>State-controlled insurer GAN jumped up to 6.4 percent on the Paris bourse after a newspaper said savings bank group Caisses d'Epargne was preparing a firm bid for GAN's CIC banking subsidiary.</p>
<p>At 1112 GMT, GAN was up 6.7 francs or 5.33 percent at 132.4 francs per share after trading as high as 133.8 francs.</p>
<p>Volume however was a thin 7,007 shares.</p>
<p>La Tribune Desfosses reported on Tuesday that Caisses d'Epargne, which announced its interest in CIC's upcoming privatisation on August 1, was ready to make a &quot;firm offer&quot; for the regional banking group, of which 67 percent is on sale.  </p>
<p>Analysts noted Caisses d'Epargne had not publicly contested GAN's book value for CIC of 14.1 billion francs for 100 percent.</p>
<p>That would avoid a book loss on the sale for GAN and would mean the state did not have to recapitalise CIC, they said.</p>
<p>Analysts said there was also market speculation that Caisses d'Epargne had been persuaded by the state to make an offer for CIC to prevent it going to foreign buyers.</p>
<p>Such a move would also mean Caisses d'Epargne using its own funds, which would please commercial banks which want to see the savings bank weakened, they said. Caisses d'Epargne has a monopoly on the popular pass-book Livret A savings account.</p>
</text>
<copyright>(c) Reuters Limited 1996</copyright>
<metadata>
<codes class="bip:countries:1.0">
  <code code="FRA">
    <editdetail attribution="Reuters BIP Coding Group" action="confirmed" date="1996-08-20"/>
  </code>
</codes>
<codes class="bip:industries:1.0">
  <code code="I81402">
    <editdetail attribution="Reuters BIP Coding Group" action="confirmed" date="1996-08-20"/>
  </code>
  <code code="I81403">
    <editdetail attribution="Reuters BIP Coding Group" action="confirmed" date="1996-08-20"/>
  </code>
  <code code="I82000">
    <editdetail attribution="Reuters BIP Coding Group" action="confirmed" date="1996-08-20"/>
  </code>
</codes>
<codes class="bip:topics:1.0">
  <code code="C18">
    <editdetail attribution="Reuters BIP Coding Group" action="confirmed" date="1996-08-20"/>
  </code>
  <code code="C181">
    <editdetail attribution="Reuters BIP Coding Group" action="confirmed" date="1996-08-20"/>
  </code>
  <code code="CCAT">
    <editdetail attribution="Reuters BIP Coding Group" action="confirmed" date="1996-08-20"/>
  </code>
</codes>
<dc element="dc.date.created" value="1996-08-20"/>
<dc element="dc.publisher" value="Reuters Holdings Plc"/>
<dc element="dc.date.published" value="1996-08-20"/>
<dc element="dc.source" value="Reuters"/>
<dc element="dc.creator.location" value="PARIS"/>
<dc element="dc.creator.location.country.name" value="FRANCE"/>
<dc element="dc.source" value="Reuters"/>
</metadata>
</newsitem>
