<?xml version="1.0" encoding="iso-8859-1" ?>
<newsitem itemid="277579" id="root" date="1996-12-27" xml:lang="en">
<title>USA: Realco Inc year profit vs loss.</title>
<headline>Realco Inc year profit vs loss.</headline>
<dateline>ALBUQUERQUE, N.M. 1996-12-27</dateline>
<text>
<p>CONSOLIDATED CONDENSED EARNINGS SUMMARY</p>
<p>				     (UNAUDITED)</p>
<p>						  Year ended September 30</p>
<p>							 1996	   1995</p>
<p>							   (a)</p>
<p> REVENUES				     24,256,642   13,808,746</p>
<p> COST AND EXPENSES			  24,100,500   13,933,953</p>
<p> PRETAX INCOME (LOSS)			  156,142    (125,207)</p>
<p> INCOME TAX PROVISION (BENEFIT)	     24,000     (59,517)</p>
<p> CHANGE IN ACCOUNTING PRINCIPLE		  ---     (15,870)</p>
<p>' NET EARNINGS (LOSS)			   132,142     (49,820)</p>
<p> PREFERRED STOCK REQUIREMENT		 117,846	 64,100</p>
<p> NET EARNINGS (LOSS) PER COMMON SHARE	  .05	  (.03)</p>
<p>NET EARNINGS (LOSS) PER COMMON SHARE AFTER</p>
<p>   PREFERRED STOCK DIVIDEND REQUIREMENT	.01	  (.06)</p>
<p> WEIGHTED AVERAGE SHARES OUTSTANDING   2,498,005    1,845,000</p>
<p>(a)  Results for the fiscal year ended 1996 includes full operating results from a real estate brokerage services and general residential construction company acquired during March 1995.</p>
<p>Results for the fiscal year ended June 30, 1995 include only seven months of the acquired entities' operations, therefore the Company's twelve months ended September 30, 1996 performance is not strictly comparable to its 1995 performance.</p>
<p>-- New York Newsdesk 212 859-1610</p>
</text>
<copyright>(c) Reuters Limited 1996</copyright>
<metadata>
<codes class="bip:countries:1.0">
  <code code="USA">
    <editdetail attribution="Reuters BIP Coding Group" action="confirmed" date="1996-12-27"/>
  </code>
</codes>
<codes class="bip:topics:1.0">
  <code code="C15">
    <editdetail attribution="Reuters BIP Coding Group" action="confirmed" date="1996-12-27"/>
  </code>
  <code code="C151">
    <editdetail attribution="Reuters BIP Coding Group" action="confirmed" date="1996-12-27"/>
  </code>
  <code code="C1511">
    <editdetail attribution="Reuters BIP Coding Group" action="confirmed" date="1996-12-27"/>
  </code>
  <code code="CCAT">
    <editdetail attribution="Reuters BIP Coding Group" action="confirmed" date="1996-12-27"/>
  </code>
</codes>
<dc element="dc.date.created" value="1996-12-27"/>
<dc element="dc.publisher" value="Reuters Holdings Plc"/>
<dc element="dc.date.published" value="1996-12-27"/>
<dc element="dc.source" value="Reuters"/>
<dc element="dc.creator.location" value="ALBUQUERQUE, N.M."/>
<dc element="dc.creator.location.country.name" value="USA"/>
<dc element="dc.source" value="Reuters"/>
</metadata>
</newsitem>
