<?xml version="1.0" encoding="iso-8859-1" ?>
<newsitem itemid="246916" id="root" date="1996-12-10" xml:lang="en">
<title>PAKISTAN: Pakistani money rates stay high in tight market.</title>
<headline>Pakistani money rates stay high in tight market.</headline>
<dateline>KARACHI, Pakistan 1996-12-10</dateline>
<text>
<p>Pakistan's money rates remained high on Tuesday amid a continued liquidity crunch, dealers said.</p>
<p>&quot;Banks did not expect any change in the interest rate scenario even with an inflow of approximately one billion rupees and they continued to pick up funds at the 20 percent mark,&quot; a dealer at KASB &amp; Co said.</p>
<p>Rates eased marginally near the end of the day with offers quoted at 19 percent, he said.</p>
<p>-- Ibrahim Khan 9221-5685192</p>
</text>
<copyright>(c) Reuters Limited 1996</copyright>
<metadata>
<codes class="bip:countries:1.0">
  <code code="PAKIS">
    <editdetail attribution="Reuters BIP Coding Group" action="confirmed" date="1996-12-10"/>
  </code>
</codes>
<codes class="bip:topics:1.0">
  <code code="M13">
    <editdetail attribution="Reuters BIP Coding Group" action="confirmed" date="1996-12-10"/>
  </code>
  <code code="M131">
    <editdetail attribution="Reuters BIP Coding Group" action="confirmed" date="1996-12-10"/>
  </code>
  <code code="MCAT">
    <editdetail attribution="Reuters BIP Coding Group" action="confirmed" date="1996-12-10"/>
  </code>
</codes>
<dc element="dc.date.created" value="1996-12-10"/>
<dc element="dc.publisher" value="Reuters Holdings Plc"/>
<dc element="dc.date.published" value="1996-12-10"/>
<dc element="dc.source" value="Reuters"/>
<dc element="dc.creator.location" value="KARACHI, Pakistan"/>
<dc element="dc.creator.location.country.name" value="PAKISTAN"/>
<dc element="dc.source" value="Reuters"/>
</metadata>
</newsitem>
