<?xml version="1.0" encoding="iso-8859-1" ?>
<newsitem itemid="159940" id="root" date="1996-11-01" xml:lang="en">
<title>MALAYSIA: Malaysia Mining still in Bakun project.</title>
<headline>Malaysia Mining still in Bakun project.</headline>
<dateline>KUALA LUMPUR 1996-11-01</dateline>
<text>
<p>Malaysia Mining Corp Bhd said on Friday that it has not pulled out of the Bakun hydroelectric dam project.</p>
<p>The company was responding to news reports this week that said it was reconsidering its planned five percent equity stake in Bakun Hydroelectric Corp Bhd, the holding company for the $5.5 billion project.</p>
<p>In a statement to the Kuala Lumpur Stock Exchange, the company said, &quot;We wish to confirm that the company has not pulled out of the Bakun project.&quot;</p>
<p>News reports in Malaysia this week said the company had balked at paying the 200 million ringgit price for the stake in the dam, which is to be built in the East Malaysian state of Sarawak on Borneo island.</p>
<p>Other shareholders in the project are Ekran Bhd, the dam's main contractor with a 32 percent stake, national electric utility Tenaga Nasional Bhd and the national pension fund with five percent each and various groups in Sarawak which have a 28 percent interest.</p>
<p>Local public investors will be allotted 15 percent and foreign investors the remaining 10 percent.</p>
<p>-- Kuala Lumpur newsroom (603 201 4813)</p>
</text>
<copyright>(c) Reuters Limited 1996</copyright>
<metadata>
<codes class="bip:countries:1.0">
  <code code="MALAY">
    <editdetail attribution="Reuters BIP Coding Group" action="confirmed" date="1996-11-01"/>
  </code>
</codes>
<codes class="bip:industries:1.0">
  <code code="I16100">
    <editdetail attribution="Reuters BIP Coding Group" action="confirmed" date="1996-11-01"/>
  </code>
  <code code="I1610107">
    <editdetail attribution="Reuters BIP Coding Group" action="confirmed" date="1996-11-01"/>
  </code>
  <code code="I21000">
    <editdetail attribution="Reuters BIP Coding Group" action="confirmed" date="1996-11-01"/>
  </code>
  <code code="I34100">
    <editdetail attribution="Reuters BIP Coding Group" action="confirmed" date="1996-11-01"/>
  </code>
  <code code="I50200">
    <editdetail attribution="Reuters BIP Coding Group" action="confirmed" date="1996-11-01"/>
  </code>
  <code code="I5020011">
    <editdetail attribution="Reuters BIP Coding Group" action="confirmed" date="1996-11-01"/>
  </code>
</codes>
<codes class="bip:topics:1.0">
  <code code="C11">
    <editdetail attribution="Reuters BIP Coding Group" action="confirmed" date="1996-11-01"/>
  </code>
  <code code="C24">
    <editdetail attribution="Reuters BIP Coding Group" action="confirmed" date="1996-11-01"/>
  </code>
  <code code="CCAT">
    <editdetail attribution="Reuters BIP Coding Group" action="confirmed" date="1996-11-01"/>
  </code>
</codes>
<dc element="dc.date.created" value="1996-11-01"/>
<dc element="dc.publisher" value="Reuters Holdings Plc"/>
<dc element="dc.date.published" value="1996-11-01"/>
<dc element="dc.source" value="Reuters"/>
<dc element="dc.creator.location" value="KUALA LUMPUR"/>
<dc element="dc.creator.location.country.name" value="MALAYSIA"/>
<dc element="dc.source" value="Reuters"/>
</metadata>
</newsitem>
