<?xml version="1.0" encoding="iso-8859-1" ?>
<newsitem itemid="530144" id="root" date="1997-04-22" xml:lang="en">
<title>PHILIPPINES: PRESS DIGEST - Philippine newspapers - April 22.</title>
<headline>PRESS DIGEST - Philippine newspapers - April 22.</headline>
<dateline>MANILA 1997-04-22</dateline>
<text>
<p>These are the leading stories in Manila newspapers on Tuesday. Reuters has not verified these stories and does not vouch for their accuracy.</p>
<p>- The government, the Moro National Liberation Front and the United Nations will sign an agreement for the development of basic services and job creation for former Moslem rebels and their families (MANILA BULLETIN)</p>
<p>- Former senator and Armed forces chief of staff Rodolfo Biazon says the appointments of former military officers to civilian posts is a potent temptation for anyone to control the state. (PHILIPPINE DAILY INQUIRER)</p>
<p>				 +++++++++</p>
<p>BUSINESS STORIES</p>
<p>- The government posts a deficit of only 648 million pesos in the first three months of this year instead of the programmed 4.97 billion pesos due to declining interest rates and tight expenditure programme, the finance department says. (BUSINESS JOURNAL)</p>
<p>- Oil refiner Petron Corp expects to dominate the local oil market despite the entry of new players under the fully deregulated oil industry, officials say. (TODAY)</p>
<p>- House leaders say they have decided to lower the proposed tax rates on dividends and sale of property to pacify the business sector and set the final individual tax exemption of 146,000 pesos for a household of six. (BUSINESSWORLD)</p>
<p>- The National Steel Corp (NSC) has asked the government to raise the tariff on imported tin plates to the original 10 percent from the present three percent to give the NSC enough time to regain its market share. (BUSINESS BULLETIN)</p>
<p>- Manila newsroom (632) 841 8938</p>
</text>
<copyright>(c) Reuters Limited 1997</copyright>
<metadata>
<codes class="bip:countries:1.0">
  <code code="PHLNS">
    <editdetail attribution="Reuters BIP Coding Group" action="confirmed" date="1997-04-22"/>
  </code>
</codes>
<codes class="bip:topics:1.0">
  <code code="GCAT">
    <editdetail attribution="Reuters BIP Coding Group" action="confirmed" date="1997-04-22"/>
  </code>
</codes>
<dc element="dc.date.created" value="1997-04-22"/>
<dc element="dc.publisher" value="Reuters Holdings Plc"/>
<dc element="dc.date.published" value="1997-04-22"/>
<dc element="dc.source" value="Reuters"/>
<dc element="dc.creator.location" value="MANILA"/>
<dc element="dc.creator.location.country.name" value="PHILIPPINES"/>
<dc element="dc.source" value="Reuters"/>
</metadata>
</newsitem>
