<?xml version="1.0" encoding="iso-8859-1" ?>
<newsitem itemid="670981" id="root" date="1997-06-18" xml:lang="en">
<title>USA: RESEARCH ALERT - Oracle EPS view raised.</title>
<headline>RESEARCH ALERT - Oracle EPS view raised.</headline>
<dateline>NEW YORK 1997-06-18</dateline>
<text>
<p>Gruntal &amp; Co said it raised its fiscal 1998 earnings estimate on Oracle Corp to $1.44 a share from $1.36 a share.</p>
<p>-- Gruntal said maintained a hold rating on the stock.</p>
<p>-- On Tuesday, Oracle posted fourth quarter earnings of $0.54 a share, up from $0.40 a share a year ago.</p>
<p>-- Gruntal said Oracle's fourth quarter revenues of $1.95 billion were slightly below its expectations, but said expense controls were better than forecasts.</p>
<p>-- Gruntal said Oracle acknowledged the slowing of growth in databases during the analyst conference call. Oracle &quot;did not offer a clear view&quot; on why database growth appears to be slowing industrywide.</p>
<p>-- Gruntal said applications, however, remain strong and now comprise about 20 percent of the company's sales.</p>
<p>-- Oracle lost 2-3/8 to 50-7/8.</p>
</text>
<copyright>(c) Reuters Limited 1997</copyright>
<metadata>
<codes class="bip:countries:1.0">
  <code code="USA">
    <editdetail attribution="Reuters BIP Coding Group" action="confirmed" date="1997-06-18"/>
  </code>
</codes>
<codes class="bip:industries:1.0">
  <code code="I33020">
    <editdetail attribution="Reuters BIP Coding Group" action="confirmed" date="1997-06-18"/>
  </code>
  <code code="I3302021">
    <editdetail attribution="Reuters BIP Coding Group" action="confirmed" date="1997-06-18"/>
  </code>
</codes>
<codes class="bip:topics:1.0">
  <code code="C15">
    <editdetail attribution="Reuters BIP Coding Group" action="confirmed" date="1997-06-18"/>
  </code>
  <code code="C152">
    <editdetail attribution="Reuters BIP Coding Group" action="confirmed" date="1997-06-18"/>
  </code>
  <code code="CCAT">
    <editdetail attribution="Reuters BIP Coding Group" action="confirmed" date="1997-06-18"/>
  </code>
</codes>
<dc element="dc.date.created" value="1997-06-18"/>
<dc element="dc.publisher" value="Reuters Holdings Plc"/>
<dc element="dc.date.published" value="1997-06-18"/>
<dc element="dc.source" value="Reuters"/>
<dc element="dc.creator.location" value="NEW YORK"/>
<dc element="dc.creator.location.country.name" value="USA"/>
<dc element="dc.source" value="Reuters"/>
</metadata>
</newsitem>
