<?xml version="1.0" encoding="iso-8859-1" ?>
<newsitem itemid="485830" id="root" date="1997-04-03" xml:lang="en">
<title>ITALY: Italy opposition plans May 3 rally against budget.</title>
<headline>Italy opposition plans May 3 rally against budget.</headline>
<dateline>ROME 1997-04-03</dateline>
<text>
<p>Italy's opposition centre-right Freedom Alliance will hold a rally next month against the government's proposed mini-budget, the leader of one of the coalition's parties told reporters on Thursday.</p>
<p>&quot;The Freedom Alliance will hold a national rally in Milan on May 3...to say a resounding no to the (governing) majority's proposals,&quot; Clemente Mastella, head of the small centrist CCD party, told reporters after a meeting of the bloc's leaders.</p>
<p>Prime Minister Romano Prodi's centre-left government last week unveiled a controversial mini-budget designed to plug a hole in state accounts and ensure that Italy is a founder member of the European single currency at its 1999 launch.</p>
<p>The package, designed to raise 15.5 trillion lire ($9.3 billion) in 1997, was condemned by Freedom Alliance leader Silvio Berlusconi as a &quot;sham that has no effect on the mechanisms of public spending&quot;.</p>
<p>One of the most contested measures in the mini-budget, which has to be approved by parliament, is a requirement for firms to pay taxes on huge severance payment funds two years early. ($1=1,655 lire)</p>
</text>
<copyright>(c) Reuters Limited 1997</copyright>
<metadata>
<codes class="bip:countries:1.0">
  <code code="EEC">
    <editdetail attribution="Reuters BIP Coding Group" action="confirmed" date="1997-04-03"/>
  </code>
  <code code="ITALY">
    <editdetail attribution="Reuters BIP Coding Group" action="confirmed" date="1997-04-03"/>
  </code>
</codes>
<codes class="bip:topics:1.0">
  <code code="E21">
    <editdetail attribution="Reuters BIP Coding Group" action="confirmed" date="1997-04-03"/>
  </code>
  <code code="E211">
    <editdetail attribution="Reuters BIP Coding Group" action="confirmed" date="1997-04-03"/>
  </code>
  <code code="ECAT">
    <editdetail attribution="Reuters BIP Coding Group" action="confirmed" date="1997-04-03"/>
  </code>
  <code code="GCAT">
    <editdetail attribution="Reuters BIP Coding Group" action="confirmed" date="1997-04-03"/>
  </code>
  <code code="GPOL">
    <editdetail attribution="Reuters BIP Coding Group" action="confirmed" date="1997-04-03"/>
  </code>
  <code code="GVIO">
    <editdetail attribution="Reuters BIP Coding Group" action="confirmed" date="1997-04-03"/>
  </code>
</codes>
<dc element="dc.date.created" value="1997-04-03"/>
<dc element="dc.publisher" value="Reuters Holdings Plc"/>
<dc element="dc.date.published" value="1997-04-03"/>
<dc element="dc.source" value="Reuters"/>
<dc element="dc.creator.location" value="ROME"/>
<dc element="dc.creator.location.country.name" value="ITALY"/>
<dc element="dc.source" value="Reuters"/>
</metadata>
</newsitem>
