<?xml version="1.0" encoding="iso-8859-1" ?>
<newsitem itemid="145426" id="root" date="1996-10-25" xml:lang="en">
<title>BELGIUM: EU to tighten human-rights pressure on Burma.</title>
<headline>EU to tighten human-rights pressure on Burma.</headline>
<dateline>BRUSSELS 1996-10-25</dateline>
<text>
<p>The European Union will increase pressure on Burma over human rights on Monday, suspending all high-level meetings and refusing visas to members of Burma's ruling Council, EU diplomats said on Friday.</p>
<p>The decision is expected at a meeting for EU foreign ministers in Luxembourg. Burma's military government has caused international protest by detaining a top official in Nobel Peace laureate's Aung San Suu Kyi's National League for Democracy (NLD) party.  </p>
<p>Actions due to be agreed by the ministers without discussion include banning entry visas for members of the governing State Law and Order Restoration Council (SLORC) and their families.</p>
<p>The EU would also block visas for top members of the military or security forces viewed as impeding democracy in the Southeast Asian nation.</p>
<p>It would suspend all ministerial and other senior bilateral meetings between EU and Burma officials.</p>
<p>The EU would renew for six months its existing sanctions against Burma, which include a suspension of non-humanitarian aid or development programmes.</p>
</text>
<copyright>(c) Reuters Limited 1996</copyright>
<metadata>
<codes class="bip:countries:1.0">
  <code code="BURMA">
    <editdetail attribution="Reuters BIP Coding Group" action="confirmed" date="1996-10-25"/>
  </code>
  <code code="EEC">
    <editdetail attribution="Reuters BIP Coding Group" action="confirmed" date="1996-10-25"/>
  </code>
</codes>
<codes class="bip:topics:1.0">
  <code code="G15">
    <editdetail attribution="Reuters BIP Coding Group" action="confirmed" date="1996-10-25"/>
  </code>
  <code code="G158">
    <editdetail attribution="Reuters BIP Coding Group" action="confirmed" date="1996-10-25"/>
  </code>
  <code code="GCAT">
    <editdetail attribution="Reuters BIP Coding Group" action="confirmed" date="1996-10-25"/>
  </code>
</codes>
<dc element="dc.date.created" value="1996-10-25"/>
<dc element="dc.publisher" value="Reuters Holdings Plc"/>
<dc element="dc.date.published" value="1996-10-25"/>
<dc element="dc.source" value="Reuters"/>
<dc element="dc.creator.location" value="BRUSSELS"/>
<dc element="dc.creator.location.country.name" value="BELGIUM"/>
<dc element="dc.source" value="Reuters"/>
</metadata>
</newsitem>
