<?xml version="1.0" encoding="iso-8859-1" ?>
<newsitem itemid="436960" id="root" date="1997-03-12" xml:lang="en">
<title>GERMANY: German parliament reaches pact on car tax.</title>
<headline>German parliament reaches pact on car tax.</headline>
<dateline>BONN 1997-03-12</dateline>
<text>
<p>Cars that emit less exhaust gases would be taxed at lower rates than higher-emission cars under a bill agreed on Wednesday by parliament's mediation committee.</p>
<p>The bill is aimed at discouraging the use of older cars that lack catalytic converters and other modern pollution-control equipment.</p>
<p>Its impact will be reviewed in five years with the aim of rolling the road-use tax into the petrol tax.</p>
<p>Transportation Minister Matthias Wissmann said, &quot;The new auto tax will ensure that the stinkers get off the road.&quot;</p>
<p>Its passage ends an 18-month battle in parliament and should help the environment and give fresh impetus to automobile and parts makers, he said.</p>
<p>Following the final stages of deliberation in parliament and if there are no delays, the bill should take effect on July 1.</p>
<p>Revenue from the motor-vehicle tax is seen continuing at about 11.5 billion marks ($6.7 billion), with little net change from the new bill.</p>
<p>-- Terence Gallagher, Bonn newsroom, 49-228-26097150 ($ = 1.708 German Marks)</p>
</text>
<copyright>(c) Reuters Limited 1997</copyright>
<metadata>
<codes class="bip:countries:1.0">
  <code code="GFR">
    <editdetail attribution="Reuters BIP Coding Group" action="confirmed" date="1997-03-12"/>
  </code>
</codes>
<codes class="bip:industries:1.0">
  <code code="I35101">
    <editdetail attribution="Reuters BIP Coding Group" action="confirmed" date="1997-03-12"/>
  </code>
</codes>
<codes class="bip:topics:1.0">
  <code code="C13">
    <editdetail attribution="Reuters BIP Coding Group" action="confirmed" date="1997-03-12"/>
  </code>
  <code code="CCAT">
    <editdetail attribution="Reuters BIP Coding Group" action="confirmed" date="1997-03-12"/>
  </code>
  <code code="E21">
    <editdetail attribution="Reuters BIP Coding Group" action="confirmed" date="1997-03-12"/>
  </code>
  <code code="E211">
    <editdetail attribution="Reuters BIP Coding Group" action="confirmed" date="1997-03-12"/>
  </code>
  <code code="ECAT">
    <editdetail attribution="Reuters BIP Coding Group" action="confirmed" date="1997-03-12"/>
  </code>
  <code code="GCAT">
    <editdetail attribution="Reuters BIP Coding Group" action="confirmed" date="1997-03-12"/>
  </code>
  <code code="GENV">
    <editdetail attribution="Reuters BIP Coding Group" action="confirmed" date="1997-03-12"/>
  </code>
  <code code="GPOL">
    <editdetail attribution="Reuters BIP Coding Group" action="confirmed" date="1997-03-12"/>
  </code>
</codes>
<dc element="dc.date.created" value="1997-03-12"/>
<dc element="dc.publisher" value="Reuters Holdings Plc"/>
<dc element="dc.date.published" value="1997-03-12"/>
<dc element="dc.source" value="Reuters"/>
<dc element="dc.creator.location" value="BONN"/>
<dc element="dc.creator.location.country.name" value="GERMANY"/>
<dc element="dc.source" value="Reuters"/>
</metadata>
</newsitem>
