<?xml version="1.0" encoding="iso-8859-1" ?>
<newsitem itemid="636936" id="root" date="1997-06-04" xml:lang="en">
<title>USA: FINAL PRICING -- Dauphin County General Auth, Pa.</title>
<headline>FINAL PRICING -- Dauphin County General Auth, Pa.</headline>
<text>
<p>DAUPHIN COUNTY GENERAL AUTHORITY</p>
<p>RE: $92,550,000*</p>
<p>HEALTH SYSYTEM REVENUE BONDS, SERIES OF 1997</p>
<p>(PINNACLE HEALTH SYSTEM PROJECT)</p>
<p>PENNSYLVANIA</p>
<p>WRITTEN AWARD.</p>
<p>DELIVERY IS FIRM FOR JUNE 17, 1997.</p>
<p>MOODY'S: NAF		   S&amp;P: AAA		   FITCH: AAA</p>
<p>					  UNDERLYING A</p>
<p>MBIA INSURED</p>
<p>DATED: 06/01/1997	    FIRST COUPON: 11/15/1997</p>
<p>DUE: 05/15</p>
<p> MATURITY		AMOUNT*    COUPON	   PRICE</p>
<p>05/15/1998		  910M    4.00  %	100.00</p>
<p>05/15/1999		  720M    4.35  %	100.00</p>
<p>05/15/2000		  755M    4.55  %	100.00</p>
<p>05/15/2001		  790M    4.70  %	100.00</p>
<p>05/15/2002		  825M    4.80  %	100.00</p>
<p>05/15/2003		  865M    4.90  %	100.00</p>
<p>05/15/2004		  905M    5.00  %	100.00</p>
<p>05/15/2005		  950M    5.00  %	  5.05</p>
<p>						  (Approx. $ Price 99.672)</p>
<p>05/15/2006		1,000M    5.00  %	  5.10</p>
<p>						  (Approx. $ Price 99.286)</p>
<p>05/15/2007		1,050M    5.10  %	  5.15</p>
<p>						  (Approx. $ Price 99.61 )</p>
<p>05/15/2008		1,105M    5.10  %	  5.20</p>
<p>						  (Approx. $ Price 99.17 )</p>
<p>05/15/2009		1,160M    5.20  %	  5.30</p>
<p>						  (Approx. $ Price 99.12 )</p>
<p>05/15/2010		1,220M    5.30  %	  5.40</p>
<p>						  (Approx. $ Price 99.073)</p>
<p>05/15/2011		1,285M    5.40  %	  5.50</p>
<p>						  (Approx. $ Price 99.031)</p>
<p>05/15/2012		1,355M    5.40  %	  5.55</p>
<p>						  (Approx. $ Price 98.486)</p>
<p>05/15/2013		1,425M    5.50  %	  5.60</p>
<p>						  (Approx. $ Price 98.95 )</p>
<p>05/15/2017	     15,295M    5.50  %	  5.67</p>
<p>						  (Approx. $ Price 97.981)</p>
<p>05/15/2027	     60,935M    5.50  %	  5.75</p>
<p>						  (Approx. $ Price 96.444)</p>
<p>CALL FEATURES: 05/15/2007    101.00</p>
<p>		   DTP 05/15/2009</p>
<p>The compliance addendum MSRB Rule G-11 will apply.</p>
<p>This issue is book entry through DTC.</p>
<p>Smith Barney Inc.</p>
<p>Janney Montgomery Scott Inc.</p>
<p>PNC Capital Markets, Inc.</p>
<p>Wheat First Butcher Singer</p>
<p>--U.S. Municipal Desk, 212-859-1650</p>
</text>
<copyright>(c) Reuters Limited 1997</copyright>
<metadata>
<codes class="bip:countries:1.0">
  <code code="USA">
    <editdetail attribution="Reuters BIP Coding Group" action="confirmed" date="1997-06-04"/>
  </code>
</codes>
<codes class="bip:topics:1.0">
  <code code="E21">
    <editdetail attribution="Reuters BIP Coding Group" action="confirmed" date="1997-06-04"/>
  </code>
  <code code="E212">
    <editdetail attribution="Reuters BIP Coding Group" action="confirmed" date="1997-06-04"/>
  </code>
  <code code="ECAT">
    <editdetail attribution="Reuters BIP Coding Group" action="confirmed" date="1997-06-04"/>
  </code>
</codes>
<dc element="dc.publisher" value="Reuters Holdings Plc"/>
<dc element="dc.date.published" value="1997-06-04"/>
<dc element="dc.source" value="Reuters"/>
<dc element="dc.creator.location.country.name" value="USA"/>
<dc element="dc.source" value="Reuters"/>
</metadata>
</newsitem>
