<?xml version="1.0" encoding="iso-8859-1" ?>
<newsitem itemid="93130" id="root" date="1996-10-03" xml:lang="en">
<title>SOUTH AFRICA: INDICATORS - SOUTH AFRICA - OCTOBER 3.</title>
<headline>INDICATORS - SOUTH AFRICA - OCTOBER 3.</headline>
<text>
<p>----INTEREST RATES----</p>
<p>(Closing rates)		  DATE     LATEST  PREV    4 WKS AGO</p>
<p>3 MONTH BA RATE		  01/10    15.15%  15.15   15.30</p>
<p>RSA 12 PCT 2005		  01/10    15.18%  15.31   15.33</p>
<p>ESKOM 11 PCT 2007/9	    01/10    15.35%  15.47   15.48</p>
<p>3-MONTH T-BILL TENDER RATE   27/09    15.06%  15.05   15.79</p>
<p>6-MONTH T-BILL TENDER RATE   27/09    14.67%  14.64   15.22</p>
<p>PRIME RATE			 01/10/96 19.25%  01/07/95 19.50</p>
<p>BANK RATE			  26/04/96 16.00%  30/06/95 15.00</p>
<p>TERM LENDING BASE RATE	 01/09/96 19.25%  01/08/95 19.00</p>
<p>			   ------FORECASTS------</p>
<p>			   -Economic indicators-</p>
<p>DAY---GMT--INDICATOR---PERIOD--FORECAST--RANGE------PREVIOUS</p>
<p>No major indicators due for release for the rest of this week</p>
<p>		- S.African company results consensus -</p>
<p>DAY--COMPANY------------PERIOD--CONSENSUS----RANGE---------PVS--</p>
<p>No major company results due for release this week</p>
<p>			   -----MONTHLY DATA-----</p>
<p>			   MONTH     LATEST	  PREV    YEAR AGO</p>
<p>CONSUMER PRICES	  AUG	 7.5%	    7.1	 7.5</p>
<p>PRODUCER PRICES	  JUL	 6.6%	    6.1	 9.0</p>
<p>MONEY SUPPLY M3	  JUL	14.72%	  15.74     15.82</p>
<p>PRELIMINARY M3	   AUG	15.51%	  14.69     14.84</p>
<p>PRIVATE SECTOR CREDIT  AUG	17.71%	  18.61     18.61</p>
<p>GOLD OUTPUT (KG)	 JUL	39,979	  41,800    44,481</p>
<p>NEW CAR SALES	    AUG	20,433	  21,540    21,228</p>
<p>TRADE BALANCE	    AUG	 0.13 BLN	2.58     -0.52</p>
<p>EXPORTS		    AUG	10.68 BLN     13.72	9.24</p>
<p>IMPORTS		    AUG	10.55 BLN     11.14	9.76</p>
<p>TTL GOLD/FORGN ASSETS  AUG   10078.22 MLN  10370.28MLN  11.90BLN</p>
<p>GOLD HOLDINGS	    AUG    6264.30 MLN  6531.27 MLN 5861.9MLN</p>
<p>NET RESERVES CHANGE    JUL     -1,271 MLN    449 MLN   -447 MLN</p>
<p>INDICES (1990 = 100):</p>
<p>BUSINESS CONFIDENCE    AUG     117.0	   116.6     110.1</p>
<p>MANUFACTURING SALES    JUN     102.5	   107.1     102.1</p>
<p>WHOLESALE TRADE SALES  JUN     116.8	   121.9     107.9</p>
<p>RETAIL TRADE SALES     JUN     109.4	   105.1	95.5</p>
<p>LEADING INDICATOR	MAY     109.3	   108.2     107.4</p>
<p>			     ----QUARTERLY DATA----</p>
<p>			    DATE	  LATEST	  PREV    YEAR AGO</p>
<p>GDP			 1996/Q2     +3.5%	    +3.3    +0.8</p>
<p>CURRENT ACCT BALANCE  1996/Q2     -4.6 BLN RAND  -2.3    -3.98</p>
<p>CAPITAL MOVEMENTS     1996/Q1     +0.1 BLN RAND  +7.42   +5.5</p>
<p>CHANGE IN INVENTORIES (1990 PRICES)</p>
<p>			    1995	  +7.71 BLN RAND  --     +4.73</p>
<p>			   ----ANNUAL DATA----</p>
<p>				 1995	   1994     1993    1992</p>
<p>GDP			    +3.3%	   +2.7    +1.3    -2.2</p>
<p>CURRENT ACCOUNT BALANCE -12.7 BLN RAND -2.23   +5.83   +3.94</p>
<p>CAPITAL MOVEMENTS	 +21.7 BLN RAND +5.35  -15.02   -3.67</p>
<p>GDFI			  +10.4%	   +8.7%  -2.8     -5.3</p>
<p>		   ----LONG-TERM CREDIT RATINGS----</p>
<p>				     RAND-DEBT    FOREIGN CURRENCY</p>
<p>IBCA - updated 05-06-96	BBB	    BB</p>
<p>MOODY'S - updated 20-11-95   Baa1	   Baa3</p>
<p>S&amp;P - updated 20-11-95	 BBB+	   BB+</p>
<p>			  ----CROP ESTIMATES----</p>
<p>(MLN TONNES)</p>
<p>			    1996     1995     1994     1993</p>
<p>SUGAR		     2.4	1.67     1.67     1.2</p>
<p>WHEAT		     2.53     1.97     1.83     1.77</p>
<p>MAIZE		     9.48     4.41     11.94    8.9</p>
<p>+++++++++++++++++++++++++++++++++++++++++++++++++++++++++</p>
<p>				   ooOOoo</p>
</text>
<copyright>(c) Reuters Limited 1996</copyright>
<metadata>
<codes class="bip:countries:1.0">
  <code code="SAFR">
    <editdetail attribution="Reuters BIP Coding Group" action="confirmed" date="1996-10-03"/>
  </code>
</codes>
<codes class="bip:topics:1.0">
  <code code="E71">
    <editdetail attribution="Reuters BIP Coding Group" action="confirmed" date="1996-10-03"/>
  </code>
  <code code="ECAT">
    <editdetail attribution="Reuters BIP Coding Group" action="confirmed" date="1996-10-03"/>
  </code>
</codes>
<dc element="dc.publisher" value="Reuters Holdings Plc"/>
<dc element="dc.date.published" value="1996-10-03"/>
<dc element="dc.source" value="Reuters"/>
<dc element="dc.creator.location.country.name" value="SOUTH AFRICA"/>
<dc element="dc.source" value="Reuters"/>
</metadata>
</newsitem>
