<?xml version="1.0" encoding="iso-8859-1" ?>
<newsitem itemid="126135" id="root" date="1996-10-18" xml:lang="en">
<title>USA: Info Resource explores MCI marketing pact.</title>
<headline>Info Resource explores MCI marketing pact.</headline>
<dateline>BALTIMORE, Md. 1996-10-18</dateline>
<text>
<p>Information Resource Engineering Inc said on Friday that it is in talks with MCI Telecommunications Corp to create a marketing alliance.</p>
<p>The company supplies security systems for computer networks of companies including MCI.</p>
<p>It said short-term revenue and profits could be hurt by changing its supplier-purchaser relationship with MCI, but believes a marketing alliance would mean long-term revenue growth for its internet security products and services.</p>
</text>
<copyright>(c) Reuters Limited 1996</copyright>
<metadata>
<codes class="bip:countries:1.0">
  <code code="USA">
    <editdetail attribution="Reuters BIP Coding Group" action="confirmed" date="1996-10-18"/>
  </code>
</codes>
<codes class="bip:industries:1.0">
  <code code="I33020">
    <editdetail attribution="Reuters BIP Coding Group" action="confirmed" date="1996-10-18"/>
  </code>
  <code code="I79020">
    <editdetail attribution="Reuters BIP Coding Group" action="confirmed" date="1996-10-18"/>
  </code>
</codes>
<codes class="bip:topics:1.0">
  <code code="C33">
    <editdetail attribution="Reuters BIP Coding Group" action="confirmed" date="1996-10-18"/>
  </code>
  <code code="CCAT">
    <editdetail attribution="Reuters BIP Coding Group" action="confirmed" date="1996-10-18"/>
  </code>
</codes>
<dc element="dc.date.created" value="1996-10-18"/>
<dc element="dc.publisher" value="Reuters Holdings Plc"/>
<dc element="dc.date.published" value="1996-10-18"/>
<dc element="dc.source" value="Reuters"/>
<dc element="dc.creator.location" value="BALTIMORE, Md."/>
<dc element="dc.creator.location.country.name" value="USA"/>
<dc element="dc.source" value="Reuters"/>
</metadata>
</newsitem>
