<?xml version="1.0" encoding="iso-8859-1" ?>
<newsitem itemid="146921" id="root" date="1996-10-28" xml:lang="en">
<title>USA: Sifco Industries Inc Q4 shr up with gains.</title>
<headline>Sifco Industries Inc Q4 shr up with gains.</headline>
<dateline>CLEVELAND 1996-10-28</dateline>
<text>
<p>1996			1995</p>
<p> Shr			  $0.53		    $0.09</p>
<p> Net			  2,754			484</p>
<p> Sales		     21,911		   17,042</p>
<p> Avg shrs		   5,147		    5,091</p>
<p>	  12 MONTHS</p>
<p> Shr			  $1.09		    $0.55</p>
<p> Net			  5,608		    2,812</p>
<p> Sales		     85,420		   68,134</p>
<p> Avg shrs		   5,124		    5,083</p>
<p>(All data above 000s except per share numbers)</p>
<p>NOTE - 1995 fiscal year results include the reversal of a restructuring reserve in the second quarter that increased earnings by $0.30 per share.</p>
<p>1996 Q4 includes $0.25 per share gain to account for a valuation reserve for deferred taxes, created in 1994, that was reversed because of improved profitability.</p>
<p>1996 Q4 and 1996 full year also include a gain of $0.10 per share in a tax benefit from the closing and consolidation of certain foreign operations.</p>
<p>-- New York newsdesk 212-859-1610</p>
</text>
<copyright>(c) Reuters Limited 1996</copyright>
<metadata>
<codes class="bip:countries:1.0">
  <code code="USA">
    <editdetail attribution="Reuters BIP Coding Group" action="confirmed" date="1996-10-28"/>
  </code>
</codes>
<codes class="bip:industries:1.0">
  <code code="I31000">
    <editdetail attribution="Reuters BIP Coding Group" action="confirmed" date="1996-10-28"/>
  </code>
</codes>
<codes class="bip:topics:1.0">
  <code code="C15">
    <editdetail attribution="Reuters BIP Coding Group" action="confirmed" date="1996-10-28"/>
  </code>
  <code code="C151">
    <editdetail attribution="Reuters BIP Coding Group" action="confirmed" date="1996-10-28"/>
  </code>
  <code code="C1511">
    <editdetail attribution="Reuters BIP Coding Group" action="confirmed" date="1996-10-28"/>
  </code>
  <code code="CCAT">
    <editdetail attribution="Reuters BIP Coding Group" action="confirmed" date="1996-10-28"/>
  </code>
</codes>
<dc element="dc.date.created" value="1996-10-28"/>
<dc element="dc.publisher" value="Reuters Holdings Plc"/>
<dc element="dc.date.published" value="1996-10-28"/>
<dc element="dc.source" value="Reuters"/>
<dc element="dc.creator.location" value="CLEVELAND"/>
<dc element="dc.creator.location.country.name" value="USA"/>
<dc element="dc.source" value="Reuters"/>
</metadata>
</newsitem>
