<?xml version="1.0" encoding="iso-8859-1" ?>
<newsitem itemid="750760" id="root" date="1997-07-23" xml:lang="en">
<title>FINLAND: Markka bonds keep most gains, cut gap over Germany.</title>
<headline>Markka bonds keep most gains, cut gap over Germany.</headline>
<dateline>HELSINKI 1997-07-23</dateline>
<text>
<p>Bonds kept most gains in mid afternoon, with the 2006 yield down six basis points at 5.76 percent after an international spurt on encouraging comments from Fed Chairman Alan Greenspan overnight, dealers said.</p>
<p>Markka bonds outperformed Germany with the gap narrowing three basis points to 25, helped by the finance ministry's budget proposal which cut the planned budget deficit to 17 billion markka from 21 billion.</p>
<p>A Reuters poll of seven operators on Wednesday showed the Finnish yield gap over Bunds was expected to follow a narrowing trend to stand at 25 basis points a month ahead and 22 basis points at the year-end -- lower if pay hikes for next year are moderate and plans to launch EMU remain on track.</p>
<p>But operators who saw problems in next autumn's pay talks saw a wider spread at the year-end, and the highest forecast was 35 basis points, over twice the lowest 15 basis point forecast.</p>
<p>-- Helsinki newsroom +358-9-680 50 245, news@reuters.fi</p>
</text>
<copyright>(c) Reuters Limited 1997</copyright>
<metadata>
<codes class="bip:countries:1.0">
  <code code="FIN">
    <editdetail attribution="Reuters BIP Coding Group" action="confirmed" date="1997-07-23"/>
  </code>
</codes>
<codes class="bip:topics:1.0">
  <code code="M12">
    <editdetail attribution="Reuters BIP Coding Group" action="confirmed" date="1997-07-23"/>
  </code>
  <code code="MCAT">
    <editdetail attribution="Reuters BIP Coding Group" action="confirmed" date="1997-07-23"/>
  </code>
</codes>
<dc element="dc.date.created" value="1997-07-23"/>
<dc element="dc.publisher" value="Reuters Holdings Plc"/>
<dc element="dc.date.published" value="1997-07-23"/>
<dc element="dc.source" value="Reuters"/>
<dc element="dc.creator.location" value="HELSINKI"/>
<dc element="dc.creator.location.country.name" value="FINLAND"/>
<dc element="dc.source" value="Reuters"/>
</metadata>
</newsitem>
