<?xml version="1.0" encoding="iso-8859-1" ?>
<newsitem itemid="94423" id="root" date="1996-10-03" xml:lang="en">
<title>USA: RESEARCH ALERT - Fluor raised by Opco.</title>
<headline>RESEARCH ALERT - Fluor raised by Opco.</headline>
<text>
<p>-- Oppenheimer &amp; Co analyst Douglas Augenthaler said he raised Fluor Corp Wednesday afternoon to buy from outperform</p>
<p>-- Higher view mainly reflects price, with stock trading near low end of range, target is low 80's in 12 months</p>
<p>-- Analyst raised 1996 EPS view to $3.15/shr from $3.10, ups 1997 to $3.65 from $3.50</p>
<p>-- Analyst positive on Fluor's diversified geographical mix in engineering &amp; construction</p>
<p>-- Flour off 1/4 to 61-3/8 in morning trade</p>
</text>
<copyright>(c) Reuters Limited 1996</copyright>
<metadata>
<codes class="bip:countries:1.0">
  <code code="USA">
    <editdetail attribution="Reuters BIP Coding Group" action="confirmed" date="1996-10-03"/>
  </code>
</codes>
<codes class="bip:industries:1.0">
  <code code="I50200">
    <editdetail attribution="Reuters BIP Coding Group" action="confirmed" date="1996-10-03"/>
  </code>
</codes>
<codes class="bip:topics:1.0">
  <code code="C15">
    <editdetail attribution="Reuters BIP Coding Group" action="confirmed" date="1996-10-03"/>
  </code>
  <code code="C152">
    <editdetail attribution="Reuters BIP Coding Group" action="confirmed" date="1996-10-03"/>
  </code>
  <code code="CCAT">
    <editdetail attribution="Reuters BIP Coding Group" action="confirmed" date="1996-10-03"/>
  </code>
</codes>
<dc element="dc.publisher" value="Reuters Holdings Plc"/>
<dc element="dc.date.published" value="1996-10-03"/>
<dc element="dc.source" value="Reuters"/>
<dc element="dc.creator.location.country.name" value="USA"/>
<dc element="dc.source" value="Reuters"/>
</metadata>
</newsitem>
