<?xml version="1.0" encoding="iso-8859-1" ?>
<newsitem itemid="507649" id="root" date="1997-04-14" xml:lang="en">
<title>USA: U.S. corn gluten values flat, trade moderate.</title>
<headline>U.S. corn gluten values flat, trade moderate.</headline>
<dateline>CHICAGO 1997-04-14</dateline>
<text>
<p>Corn gluten product prices were unchanged Monday. Early trade was described as moderate, cash sources said. &quot;There's a little bit of business going on,&quot; said one Midwest dealer.</p>
<p>    CHICAGO AREA MILLS (dollars/short ton)   Today     Prev</p>
<p>Gluten feed 21 pct bulk	    Spot     -  unq	 unq</p>
<p>Gluten feed pellets		  Spot     -  100.00    100.00</p>
<p>Gluten meal 60 pct bulk rail     April    -  350.00    350.00</p>
<p>DECATUR, IL/CLINTON AND CEDAR RAPIDS, IA</p>
<p>Gluten feed 18 pct pellets	 Spot     -   91.00     91.00</p>
<p>Gluten meal 60 pct bulk	    Spot     -  350.00    350.00</p>
<p>((Chicago newsdesk 312-408-8720))</p>
</text>
<copyright>(c) Reuters Limited 1997</copyright>
<metadata>
<codes class="bip:countries:1.0">
  <code code="USA">
    <editdetail attribution="Reuters BIP Coding Group" action="confirmed" date="1997-04-14"/>
  </code>
</codes>
<codes class="bip:topics:1.0">
  <code code="M14">
    <editdetail attribution="Reuters BIP Coding Group" action="confirmed" date="1997-04-14"/>
  </code>
  <code code="M141">
    <editdetail attribution="Reuters BIP Coding Group" action="confirmed" date="1997-04-14"/>
  </code>
  <code code="MCAT">
    <editdetail attribution="Reuters BIP Coding Group" action="confirmed" date="1997-04-14"/>
  </code>
</codes>
<dc element="dc.date.created" value="1997-04-14"/>
<dc element="dc.publisher" value="Reuters Holdings Plc"/>
<dc element="dc.date.published" value="1997-04-14"/>
<dc element="dc.source" value="Reuters"/>
<dc element="dc.creator.location" value="CHICAGO"/>
<dc element="dc.creator.location.country.name" value="USA"/>
<dc element="dc.source" value="Reuters"/>
</metadata>
</newsitem>
