<?xml version="1.0" encoding="iso-8859-1" ?>
<newsitem itemid="261667" id="root" date="1996-12-17" xml:lang="en">
<title>USA: Riverview Gardens SD, Mo., yields 5.50 pct in 2016.</title>
<headline>Riverview Gardens SD, Mo., yields 5.50 pct in 2016.</headline>
<dateline>NEW YORK 1996-12-17</dateline>
<text>
<p>AG Edwards &amp; Sons, Inc said it tentatively price d $5 million of Riverview Gardens School District, Mo., general obligation school bonds, series 1996, with a top yield of 5.50 percent in 2016.</p>
<p>The preliminary pricing follows:</p>
</text>
<copyright>(c) Reuters Limited 1996</copyright>
<metadata>
<codes class="bip:countries:1.0">
  <code code="USA">
    <editdetail attribution="Reuters BIP Coding Group" action="confirmed" date="1996-12-17"/>
  </code>
</codes>
<codes class="bip:topics:1.0">
  <code code="E21">
    <editdetail attribution="Reuters BIP Coding Group" action="confirmed" date="1996-12-17"/>
  </code>
  <code code="E212">
    <editdetail attribution="Reuters BIP Coding Group" action="confirmed" date="1996-12-17"/>
  </code>
  <code code="ECAT">
    <editdetail attribution="Reuters BIP Coding Group" action="confirmed" date="1996-12-17"/>
  </code>
</codes>
<dc element="dc.date.created" value="1996-12-17"/>
<dc element="dc.publisher" value="Reuters Holdings Plc"/>
<dc element="dc.date.published" value="1996-12-17"/>
<dc element="dc.source" value="Reuters"/>
<dc element="dc.creator.location" value="NEW YORK"/>
<dc element="dc.creator.location.country.name" value="USA"/>
<dc element="dc.source" value="Reuters"/>
</metadata>
</newsitem>
