<?xml version="1.0" encoding="iso-8859-1" ?>
<newsitem itemid="627843" id="root" date="1997-05-30" xml:lang="en">
<title>AUSTRALIA: Australian Stocks to Watch Today - May 30.</title>
<headline>Australian Stocks to Watch Today - May 30.</headline>
<dateline>SYDNEY 1997-05-30</dateline>
<text>
<p>Some Australian stocks to watch this morning:</p>
<p>* Cultus Petroleum NL A$3.77 (+0.07)</p>
<p>Cultus announced on Thursday its 25 percent-owned Cornea field off North-Western Australia had oil in place of up to 2.6 billion barrels of oil, which would make it one of Australia's largest ever oil discoveries. Joint venture partner Shell, however, hosed down the scale of the recovery, saying that a likely recovery rate was in the five to 35 percent range.</p>
<p>* Foster's Brewing Group Ltd A$2.55 (+0.04)</p>
<p>The Australian newspaper reported on Friday that Asahi Brewing, which holds 14 percent of Foster's, had quietly indicated it wanted to sell its stake. However the report did not include any attribution.</p>
<p>* CSR Ltd A$4.78 (+0.08)</p>
<p>CSR Ltd said on Friday it has sold its American Aggregates quarrying business in Indiana and Ohio, and expects to sell the remaining Michigan business within a few days. CSR said the total purchase price of the two sales would be about A$345 million and it would book a A$4 million loss from the deal.</p>
<p>* Australis Media Ltd A$0.15 (-0.01)</p>
<p>Australis is expected to release its nine month result later on Friday.</p>
<p>-- Sydney Newsroom 61-2 9373-1800</p>
</text>
<copyright>(c) Reuters Limited 1997</copyright>
<metadata>
<codes class="bip:countries:1.0">
  <code code="AUSTR">
    <editdetail attribution="Reuters BIP Coding Group" action="confirmed" date="1997-05-30"/>
  </code>
</codes>
<codes class="bip:industries:1.0">
  <code code="I13000">
    <editdetail attribution="Reuters BIP Coding Group" action="confirmed" date="1997-05-30"/>
  </code>
  <code code="I1300003">
    <editdetail attribution="Reuters BIP Coding Group" action="confirmed" date="1997-05-30"/>
  </code>
  <code code="I42700">
    <editdetail attribution="Reuters BIP Coding Group" action="confirmed" date="1997-05-30"/>
  </code>
  <code code="I83960">
    <editdetail attribution="Reuters BIP Coding Group" action="confirmed" date="1997-05-30"/>
  </code>
  <code code="I9741110">
    <editdetail attribution="Reuters BIP Coding Group" action="confirmed" date="1997-05-30"/>
  </code>
</codes>
<codes class="bip:topics:1.0">
  <code code="C15">
    <editdetail attribution="Reuters BIP Coding Group" action="confirmed" date="1997-05-30"/>
  </code>
  <code code="C152">
    <editdetail attribution="Reuters BIP Coding Group" action="confirmed" date="1997-05-30"/>
  </code>
  <code code="CCAT">
    <editdetail attribution="Reuters BIP Coding Group" action="confirmed" date="1997-05-30"/>
  </code>
  <code code="M11">
    <editdetail attribution="Reuters BIP Coding Group" action="confirmed" date="1997-05-30"/>
  </code>
  <code code="MCAT">
    <editdetail attribution="Reuters BIP Coding Group" action="confirmed" date="1997-05-30"/>
  </code>
</codes>
<dc element="dc.date.created" value="1997-05-30"/>
<dc element="dc.publisher" value="Reuters Holdings Plc"/>
<dc element="dc.date.published" value="1997-05-30"/>
<dc element="dc.source" value="Reuters"/>
<dc element="dc.creator.location" value="SYDNEY"/>
<dc element="dc.creator.location.country.name" value="AUSTRALIA"/>
<dc element="dc.source" value="Reuters"/>
</metadata>
</newsitem>
