<?xml version="1.0" encoding="iso-8859-1" ?>
<newsitem itemid="179032" id="root" date="1996-11-11" xml:lang="en">
<title>USA: Fidelity Select Energy Service manager leaves.</title>
<headline>Fidelity Select Energy Service manager leaves.</headline>
<dateline>BOSTON 1996-11-08</dateline>
<text>
<p>Fidelity Investments said on Friday that another Select fund manager has resigned from the company, making about a dozen Select fund managers who have left this year.</p>
<p>Dan Pickering, who managed the $380 million Select Energy Service and the $300 million Select Food &amp; Agriculture funds, has left the company, Fidelity spokeswoman Robyn Tice said.</p>
<p>Tice had no further information on Pickering's future plans. Pickering, 30, who joined the fund company in 1994, previously managed the Select Natural Gas fund.</p>
<p>-- Michael Ellis, Boston bureau (617) 367-4176</p>
</text>
<copyright>(c) Reuters Limited 1996</copyright>
<metadata>
<codes class="bip:countries:1.0">
  <code code="USA">
    <editdetail attribution="Reuters BIP Coding Group" action="confirmed" date="1996-11-11"/>
  </code>
</codes>
<codes class="bip:industries:1.0">
  <code code="I81502">
    <editdetail attribution="Reuters BIP Coding Group" action="confirmed" date="1996-11-11"/>
  </code>
</codes>
<codes class="bip:topics:1.0">
  <code code="C41">
    <editdetail attribution="Reuters BIP Coding Group" action="confirmed" date="1996-11-11"/>
  </code>
  <code code="C411">
    <editdetail attribution="Reuters BIP Coding Group" action="confirmed" date="1996-11-11"/>
  </code>
  <code code="CCAT">
    <editdetail attribution="Reuters BIP Coding Group" action="confirmed" date="1996-11-11"/>
  </code>
</codes>
<dc element="dc.date.created" value="1996-11-08"/>
<dc element="dc.publisher" value="Reuters Holdings Plc"/>
<dc element="dc.date.published" value="1996-11-11"/>
<dc element="dc.source" value="Reuters"/>
<dc element="dc.creator.location" value="BOSTON"/>
<dc element="dc.creator.location.country.name" value="USA"/>
<dc element="dc.source" value="Reuters"/>
</metadata>
</newsitem>
