<?xml version="1.0" encoding="iso-8859-1" ?>
<newsitem itemid="249428" id="root" date="1996-12-11" xml:lang="en">
<title>USA: Southern New England Tel sets dividend.</title>
<headline>Southern New England Tel sets dividend.</headline>
<dateline>NEW HAVEN, Conn. 1996-12-11</dateline>
<text>
<p>Quarterly</p>
<p>			  Latest		    Prior</p>
<p> Amount		  $0.44		     $0.44</p>
<p> Pay		    Jan 15</p>
<p> Record		 Dec 23</p>
<p>Note: Full name of company is Southern New England Telecommunications Corp.</p>
</text>
<copyright>(c) Reuters Limited 1996</copyright>
<metadata>
<codes class="bip:countries:1.0">
  <code code="USA">
    <editdetail attribution="Reuters BIP Coding Group" action="confirmed" date="1996-12-11"/>
  </code>
</codes>
<codes class="bip:industries:1.0">
  <code code="I79020">
    <editdetail attribution="Reuters BIP Coding Group" action="confirmed" date="1996-12-11"/>
  </code>
</codes>
<codes class="bip:topics:1.0">
  <code code="C15">
    <editdetail attribution="Reuters BIP Coding Group" action="confirmed" date="1996-12-11"/>
  </code>
  <code code="C151">
    <editdetail attribution="Reuters BIP Coding Group" action="confirmed" date="1996-12-11"/>
  </code>
  <code code="CCAT">
    <editdetail attribution="Reuters BIP Coding Group" action="confirmed" date="1996-12-11"/>
  </code>
</codes>
<dc element="dc.date.created" value="1996-12-11"/>
<dc element="dc.publisher" value="Reuters Holdings Plc"/>
<dc element="dc.date.published" value="1996-12-11"/>
<dc element="dc.source" value="Reuters"/>
<dc element="dc.creator.location" value="NEW HAVEN, Conn."/>
<dc element="dc.creator.location.country.name" value="USA"/>
<dc element="dc.source" value="Reuters"/>
</metadata>
</newsitem>
