<?xml version="1.0" encoding="iso-8859-1" ?>
<newsitem itemid="438514" id="root" date="1997-03-13" xml:lang="en">
<title>USA: US Rep. Archer concerned about alternative to CPI.</title>
<headline>US Rep. Archer concerned about alternative to CPI.</headline>
<dateline>WASHINGTON 1997-03-13</dateline>
<text>
<p>House Ways and Means Committee Chairman Bill Archer said Thursday that creating an alternate inflation measure for calculating annual increases in federal benefit programs could create controversy.</p>
<p>&quot;I have a concern that if you have CPI (consumer price index) ... and then you have another independent body that comes up with a different number, you're going to create significant controversy,&quot; the Texas Republican said.</p>
<p>The top Republican and Democrat on the Senate Finance Committee have proposed a board to create a more accurate measure and produce a cost of living adjustment annually.</p>
</text>
<copyright>(c) Reuters Limited 1997</copyright>
<metadata>
<codes class="bip:countries:1.0">
  <code code="USA">
    <editdetail attribution="Reuters BIP Coding Group" action="confirmed" date="1997-03-13"/>
  </code>
</codes>
<codes class="bip:topics:1.0">
  <code code="E12">
    <editdetail attribution="Reuters BIP Coding Group" action="confirmed" date="1997-03-13"/>
  </code>
  <code code="E13">
    <editdetail attribution="Reuters BIP Coding Group" action="confirmed" date="1997-03-13"/>
  </code>
  <code code="E131">
    <editdetail attribution="Reuters BIP Coding Group" action="confirmed" date="1997-03-13"/>
  </code>
  <code code="ECAT">
    <editdetail attribution="Reuters BIP Coding Group" action="confirmed" date="1997-03-13"/>
  </code>
</codes>
<dc element="dc.date.created" value="1997-03-13"/>
<dc element="dc.publisher" value="Reuters Holdings Plc"/>
<dc element="dc.date.published" value="1997-03-13"/>
<dc element="dc.source" value="Reuters"/>
<dc element="dc.creator.location" value="WASHINGTON"/>
<dc element="dc.creator.location.country.name" value="USA"/>
<dc element="dc.source" value="Reuters"/>
</metadata>
</newsitem>
