<?xml version="1.0" encoding="iso-8859-1" ?>
<newsitem itemid="47169" id="root" date="1996-09-11" xml:lang="en">
<title>USA: Broadway/Seymour holder to oppose actions.</title>
<headline>Broadway/Seymour holder to oppose actions.</headline>
<dateline>CHARLOTTE, N.C. 1996-09-11</dateline>
<text>
<p>Broadway and Seymour Inc said on Wednesday a shareholder filed a Schedule 13D with with U.S. Securities and Exchange Commission stating it now owned 5.03 percent of the company's shares and intended to oppose several current management initiatives.</p>
<p>Shareholder Okabena Partnership K said it began buying shares in July 1996 and held 54,065 shares on the July 29 record date for an upcoming September 16 shareholder meeting, Broadway and Seymour said in a statement.  </p>
<p>Broadway &amp; Seymour President and Chief Executive Officer Alan Stanford said in a statement he would welcome a meeting with Okabena to discuss management strategy.</p>
<p>&quot;As we have continually demonstrated, we are eager to meet with current or prospective investors to discuss our plans and progress and we welcome a visit from Okabena Partnership and any others as schedules can be arranged,&quot; Stanford said.</p>
<p>Stanford added: &quot;With a priority on our customer and financial solutions group and Elite, the sale of major and minor non-core business units, and no acquisitions since the first of the year, Broadway &amp; Seymour is well into the transition to its desired position as a software and services solutions company.&quot;</p>
<p>The shares owned by Okabena represented 0.6 of the 8,974,266 shares eligible for voting, the company said.</p>
</text>
<copyright>(c) Reuters Limited 1996</copyright>
<metadata>
<codes class="bip:countries:1.0">
  <code code="USA">
    <editdetail attribution="Reuters BIP Coding Group" action="confirmed" date="1996-09-11"/>
  </code>
</codes>
<codes class="bip:industries:1.0">
  <code code="I33020">
    <editdetail attribution="Reuters BIP Coding Group" action="confirmed" date="1996-09-11"/>
  </code>
  <code code="I3302020">
    <editdetail attribution="Reuters BIP Coding Group" action="confirmed" date="1996-09-11"/>
  </code>
</codes>
<codes class="bip:topics:1.0">
  <code code="C18">
    <editdetail attribution="Reuters BIP Coding Group" action="confirmed" date="1996-09-11"/>
  </code>
  <code code="C181">
    <editdetail attribution="Reuters BIP Coding Group" action="confirmed" date="1996-09-11"/>
  </code>
  <code code="CCAT">
    <editdetail attribution="Reuters BIP Coding Group" action="confirmed" date="1996-09-11"/>
  </code>
</codes>
<dc element="dc.date.created" value="1996-09-11"/>
<dc element="dc.publisher" value="Reuters Holdings Plc"/>
<dc element="dc.date.published" value="1996-09-11"/>
<dc element="dc.source" value="Reuters"/>
<dc element="dc.creator.location" value="CHARLOTTE, N.C."/>
<dc element="dc.creator.location.country.name" value="USA"/>
<dc element="dc.source" value="Reuters"/>
</metadata>
</newsitem>
