<?xml version="1.0" encoding="iso-8859-1" ?>
<newsitem itemid="21843" id="root" date="1996-08-29" xml:lang="en">
<title>USA: U.S. bulk millfeeds - Supplies tight, prices steady.</title>
<headline>U.S. bulk millfeeds - Supplies tight, prices steady.</headline>
<dateline>CHICAGO 1996-08-29</dateline>
<text>
<p>Millfeed supplies remain tight, but prices were mostly steady amid light buyer interest Thursday.</p>
<p>A few trades at higher prices were reported at Kansas City and interior Kansas/Oklahoma markets, but elsewhere dealers said buyers were absent.</p>
<p>Buyers and sellers alike expect supplies to remain tight into next week because of holiday-shortened operations at flour mills. The U.S. Labor Day holiday Monday not only will shorten next week's mill operations, but many mills will not operate Saturday because of the holiday weekend.  </p>
<p>The closely-watched Kansas City rail market traded at $123 per ton, up $3 from Wednesday's offer.</p>
<p>--Chicago newsdesk 312-408 8720</p>
</text>
<copyright>(c) Reuters Limited 1996</copyright>
<metadata>
<codes class="bip:countries:1.0">
  <code code="USA">
    <editdetail attribution="Reuters BIP Coding Group" action="confirmed" date="1996-08-29"/>
  </code>
</codes>
<codes class="bip:topics:1.0">
  <code code="M14">
    <editdetail attribution="Reuters BIP Coding Group" action="confirmed" date="1996-08-29"/>
  </code>
  <code code="M141">
    <editdetail attribution="Reuters BIP Coding Group" action="confirmed" date="1996-08-29"/>
  </code>
  <code code="MCAT">
    <editdetail attribution="Reuters BIP Coding Group" action="confirmed" date="1996-08-29"/>
  </code>
</codes>
<dc element="dc.date.created" value="1996-08-29"/>
<dc element="dc.publisher" value="Reuters Holdings Plc"/>
<dc element="dc.date.published" value="1996-08-29"/>
<dc element="dc.source" value="Reuters"/>
<dc element="dc.creator.location" value="CHICAGO"/>
<dc element="dc.creator.location.country.name" value="USA"/>
<dc element="dc.source" value="Reuters"/>
</metadata>
</newsitem>
