<?xml version="1.0" encoding="iso-8859-1" ?>
<newsitem itemid="89583" id="root" date="1996-10-01" xml:lang="en">
<title>AUSTRALIA: RTRS-Goodman Fielder shares top turnover.</title>
<headline>RTRS-Goodman Fielder shares top turnover.</headline>
<dateline>SYDNEY 1996-10-01</dateline>
<text>
<p>Shares in Australasian bakery and milling group Goodman Fielder Ltd topped turnover on Tuesday with 8.26 million shares or about 0.67 percent of the issued capital traded.</p>
<p>The bulk of the trade was in two lines, one of three million and one of five million, specialled by County Natwest.</p>
<p>Both parcels were traded at A$1.29 per share.  </p>
<p>A spokesman for the company was unavailable for comment but the company has said previously that such a level of trade was relatively small in percentage terms.</p>
<p>Goodman has 1.23 billion shares on issue.</p>
<p>In response to repeatedly high turnover levels, chief executive David Hearn said on August 7 that the company had not received any takeover approaches.</p>
<p>By 2.25 p.m. (0425 GMT), Goodman shares were steady at A$1.29 on turnover of 9.66 million shares.</p>
<p>-- Sydney newsroom 61-2 9373 1800</p>
</text>
<copyright>(c) Reuters Limited 1996</copyright>
<metadata>
<codes class="bip:countries:1.0">
  <code code="AUSTR">
    <editdetail attribution="Reuters BIP Coding Group" action="confirmed" date="1996-10-01"/>
  </code>
</codes>
<codes class="bip:industries:1.0">
  <code code="I41000">
    <editdetail attribution="Reuters BIP Coding Group" action="confirmed" date="1996-10-01"/>
  </code>
</codes>
<codes class="bip:topics:1.0">
  <code code="C17">
    <editdetail attribution="Reuters BIP Coding Group" action="confirmed" date="1996-10-01"/>
  </code>
  <code code="C171">
    <editdetail attribution="Reuters BIP Coding Group" action="confirmed" date="1996-10-01"/>
  </code>
  <code code="CCAT">
    <editdetail attribution="Reuters BIP Coding Group" action="confirmed" date="1996-10-01"/>
  </code>
</codes>
<dc element="dc.date.created" value="1996-10-01"/>
<dc element="dc.publisher" value="Reuters Holdings Plc"/>
<dc element="dc.date.published" value="1996-10-01"/>
<dc element="dc.source" value="Reuters"/>
<dc element="dc.creator.location" value="SYDNEY"/>
<dc element="dc.creator.location.country.name" value="AUSTRALIA"/>
<dc element="dc.source" value="Reuters"/>
</metadata>
</newsitem>
