<?xml version="1.0" encoding="iso-8859-1" ?>
<newsitem itemid="606695" id="root" date="1997-05-22" xml:lang="en">
<title>TAIWAN: Taiwan Shipping - Grain/oilseed cargoes - May 22.</title>
<headline>Taiwan Shipping - Grain/oilseed cargoes - May 22.</headline>
<dateline>TAIPEI 1997-05-22</dateline>
<text>
<p>The following is the berthing schedule for major dry bulk vessels unloading at Taiwan's main grain ports at Taichung and Kaohsiung, as detailed on Thursday by Taiwanese surveyors:</p>
<p>The discharging cargoes are given in tonnes. Berthing dates are for arrival in port/expected completion of discharge.</p>
<p> Commodity     Tonnes  Vessel	    Buyer	 Berthing</p>
<p>-------------------------------------------------------------</p>
<p>At Kaohsiung:</p>
<p> Corn/soy     55,275  Hanjin Casablanca Hui Shung   May 13/24</p>
<p> Corn	   30,014  Istria		Mitsui	May 23/29</p>
<p> Corn	   54,000  Atlantic Nova     Great Wall  May 22/26</p>
<p>At Taichung:</p>
<p> Corn	   33,155  Success Bulker    Mitsui	May 15/24</p>
<p> Corn	   25,033  Istria		Mitsui	May 13/22</p>
<p> Corn	   31,069  C Menmet	    MFIG	  May 20/27</p>
<p>==============================================================</p>
<p>Incoming Taiwan grain/oilseed shipments in tonnes with scheduled dates of arrival. K is Kaohsiung; T is Taichung. Taiwan also has bulk offloading facilities at Keelung.</p>
<p> Commodity Tonnes  Port Vessel		Buyer	 Arrival</p>
<p>--------------------------------------------------------------</p>
<p> Soybean   54,000  K    Akrop		  BSPA -K     May 26</p>
<p> Corn	21,840  T    Atlantic Nova	Great Wall  May 27</p>
<p> Corn	54,000  T    Navois Mirerva     CK Group    May 27</p>
<p> Corn	24,230  K    C Mehmet	     MFIG	  May 28</p>
<p> Corn	54,000  T/K  Rita D'Amato	 MFIG	  May 28</p>
<p> Wheat     27,300  T/K  Western Osprey     Flour Asso  May 28</p>
<p> Corn	54,000  K    Luise Oldendorff   Cargill     June 2</p>
<p> Corn	24,230  T/K  M. Nuri Cerrahoglu Mitsui	June 2</p>
<p> Corn	54,000  K    Global Ace	   Marubeni    June 5</p>
<p>==============================================================</p>
<p>Estimated total corn/soybean tonnages projected to have arrived or to arrive in Taiwan in 1997:</p>
<p>			  Corn     Soybeans</p>
<p> January	   740,000	280,000</p>
<p> Feburary	  500,000	155,000</p>
<p> March	     500,000	260,000</p>
<p> April	     600,000	220,000</p>
<p> May		 500,000	200,000</p>
<p> June		420,000	120,000</p>
<p>-- Taipei Newsroom (George Hsu, 886-2-508-0815)</p>
</text>
<copyright>(c) Reuters Limited 1997</copyright>
<metadata>
<codes class="bip:countries:1.0">
  <code code="TAIWAN">
    <editdetail attribution="Reuters BIP Coding Group" action="confirmed" date="1997-05-22"/>
  </code>
</codes>
<codes class="bip:topics:1.0">
  <code code="M14">
    <editdetail attribution="Reuters BIP Coding Group" action="confirmed" date="1997-05-22"/>
  </code>
  <code code="MCAT">
    <editdetail attribution="Reuters BIP Coding Group" action="confirmed" date="1997-05-22"/>
  </code>
</codes>
<dc element="dc.date.created" value="1997-05-22"/>
<dc element="dc.publisher" value="Reuters Holdings Plc"/>
<dc element="dc.date.published" value="1997-05-22"/>
<dc element="dc.source" value="Reuters"/>
<dc element="dc.creator.location" value="TAIPEI"/>
<dc element="dc.creator.location.country.name" value="TAIWAN"/>
<dc element="dc.source" value="Reuters"/>
</metadata>
</newsitem>
