<?xml version="1.0" encoding="iso-8859-1" ?>
<newsitem itemid="475220" id="root" date="1997-03-29" xml:lang="en">
<title>UK: Europe switches to summer time on Sunday.</title>
<headline>Europe switches to summer time on Sunday.</headline>
<dateline>LONDON 1997-03-29</dateline>
<text>
<p>Europe loses an hour's sleep this weekend with the annual switch to Summer Time early on Sunday.</p>
<p>The bulk of Western and Central Europe changes to two hours ahead of Greenwich Mean Time instead of one hour, with Britain, Ireland and Portugal one hour ahead instead of on GMT.</p>
<p>Eastern Europe and the eastern Balkan states move to three hours ahead of GMT from two and Moscow to four hours ahead from three.</p>
</text>
<copyright>(c) Reuters Limited 1997</copyright>
<metadata>
<codes class="bip:countries:1.0">
  <code code="EEUR">
    <editdetail attribution="Reuters BIP Coding Group" action="confirmed" date="1997-03-29"/>
  </code>
  <code code="IRE">
    <editdetail attribution="Reuters BIP Coding Group" action="confirmed" date="1997-03-29"/>
  </code>
  <code code="PORL">
    <editdetail attribution="Reuters BIP Coding Group" action="confirmed" date="1997-03-29"/>
  </code>
  <code code="RUSS">
    <editdetail attribution="Reuters BIP Coding Group" action="confirmed" date="1997-03-29"/>
  </code>
  <code code="UK">
    <editdetail attribution="Reuters BIP Coding Group" action="confirmed" date="1997-03-29"/>
  </code>
</codes>
<codes class="bip:topics:1.0">
  <code code="GCAT">
    <editdetail attribution="Reuters BIP Coding Group" action="confirmed" date="1997-03-29"/>
  </code>
</codes>
<dc element="dc.date.created" value="1997-03-29"/>
<dc element="dc.publisher" value="Reuters Holdings Plc"/>
<dc element="dc.date.published" value="1997-03-29"/>
<dc element="dc.source" value="Reuters"/>
<dc element="dc.creator.location" value="LONDON"/>
<dc element="dc.creator.location.country.name" value="UK"/>
<dc element="dc.source" value="Reuters"/>
</metadata>
</newsitem>
