<?xml version="1.0" encoding="iso-8859-1" ?>
<newsitem itemid="706697" id="root" date="1997-07-03" xml:lang="en">
<title>AUSTRIA: Arms cuts talks intensify ahead of NATO summit.</title>
<headline>Arms cuts talks intensify ahead of NATO summit.</headline>
<dateline>VIENNA 1997-07-03</dateline>
<text>
<p>Talks on updating a key treaty on conventional arms cuts in Europe have reached an intense phase in an effort to land a Russian deal ahead of NATO's summit in Madrid next week, a Western diplomat said on Thursday.</p>
<p>&quot;We are engaged in an intense phase of negotiations and we are attempting to reach an agreement on basic elements of the treaty agreement in time for the Madrid summit,&quot; the source close to the talks said.</p>
<p>Thirty signatory states of the 1990 Conventional Forces in Europe (CFE) treaty, including the United States and Russia, agreed at a summit in Lisbon in December to restructure the pact to reflect the new face of Europe after the collapse of the Warsaw Pact and breakup of the Soviet Union.</p>
<p>A recent NATO-Russia accord on a new post-Cold War Security relationship has also given a push to the talks.</p>
<p>However, the talks' chances of success by next week hinge on the Russian attitude, the source said.</p>
<p>NATO has been pushing for national arms ceilings to replace group ceilings for force levels -- a suggestion that brought an initial cool response from Moscow.</p>
<p>But the source said Russia had recently indicated it saw no need to raise its equipment ceilings above the current level and that it may consider re-aligning its ceiling to the lower level of its existing holdings.</p>
<p>&quot;The Russians have indicated that if the structure was right they could agree to have a future equipment ceiling at the level of their present holdings,&quot; he added.</p>
</text>
<copyright>(c) Reuters Limited 1997</copyright>
<metadata>
<codes class="bip:countries:1.0">
  <code code="AUST">
    <editdetail attribution="Reuters BIP Coding Group" action="confirmed" date="1997-07-03"/>
  </code>
  <code code="NATO">
    <editdetail attribution="Reuters BIP Coding Group" action="confirmed" date="1997-07-03"/>
  </code>
  <code code="RUSS">
    <editdetail attribution="Reuters BIP Coding Group" action="confirmed" date="1997-07-03"/>
  </code>
  <code code="SPAIN">
    <editdetail attribution="Reuters BIP Coding Group" action="confirmed" date="1997-07-03"/>
  </code>
  <code code="USA">
    <editdetail attribution="Reuters BIP Coding Group" action="confirmed" date="1997-07-03"/>
  </code>
</codes>
<codes class="bip:topics:1.0">
  <code code="GCAT">
    <editdetail attribution="Reuters BIP Coding Group" action="confirmed" date="1997-07-03"/>
  </code>
  <code code="GDEF">
    <editdetail attribution="Reuters BIP Coding Group" action="confirmed" date="1997-07-03"/>
  </code>
  <code code="GDIP">
    <editdetail attribution="Reuters BIP Coding Group" action="confirmed" date="1997-07-03"/>
  </code>
</codes>
<dc element="dc.date.created" value="1997-07-03"/>
<dc element="dc.publisher" value="Reuters Holdings Plc"/>
<dc element="dc.date.published" value="1997-07-03"/>
<dc element="dc.source" value="Reuters"/>
<dc element="dc.creator.location" value="VIENNA"/>
<dc element="dc.creator.location.country.name" value="AUSTRIA"/>
<dc element="dc.source" value="Reuters"/>
</metadata>
</newsitem>
