<?xml version="1.0" encoding="iso-8859-1" ?>
<newsitem itemid="451768" id="root" date="1997-03-18" xml:lang="en">
<title>EGYPT: Free Spinalex share for July 31 holders.</title>
<headline>Free Spinalex share for July 31 holders.</headline>
<dateline>CAIRO 1997-03-18</dateline>
<text>
<p>Alexandria Spinning and Weaving/Spinalex said on Tuesday that people holding shares on July 31 this year would be eligible for the one-for-one free shares it has agreed to distribute.</p>
<p>The shares will be distributed through the central depositary system from August 1, it added.</p>
<p>The company announced the free share offer in December. It will double the company's capital to 3.851 million pounds ($1.13 million) from 1.926 million.</p>
<p>The partly privatised company also gave out a dividend of 1.1199 pounds per share for the financial year 1995/6, which ended last June 30.</p>
<p>$1 = 3.395 pounds</p>
<p>-- Cairo newsroom +20 2 578 3290/1</p>
</text>
<copyright>(c) Reuters Limited 1997</copyright>
<metadata>
<codes class="bip:countries:1.0">
  <code code="EGYPT">
    <editdetail attribution="Reuters BIP Coding Group" action="confirmed" date="1997-03-18"/>
  </code>
</codes>
<codes class="bip:industries:1.0">
  <code code="I43000">
    <editdetail attribution="Reuters BIP Coding Group" action="confirmed" date="1997-03-18"/>
  </code>
</codes>
<codes class="bip:topics:1.0">
  <code code="C17">
    <editdetail attribution="Reuters BIP Coding Group" action="confirmed" date="1997-03-18"/>
  </code>
  <code code="C171">
    <editdetail attribution="Reuters BIP Coding Group" action="confirmed" date="1997-03-18"/>
  </code>
  <code code="CCAT">
    <editdetail attribution="Reuters BIP Coding Group" action="confirmed" date="1997-03-18"/>
  </code>
</codes>
<dc element="dc.date.created" value="1997-03-18"/>
<dc element="dc.publisher" value="Reuters Holdings Plc"/>
<dc element="dc.date.published" value="1997-03-18"/>
<dc element="dc.source" value="Reuters"/>
<dc element="dc.creator.location" value="CAIRO"/>
<dc element="dc.creator.location.country.name" value="EGYPT"/>
<dc element="dc.source" value="Reuters"/>
</metadata>
</newsitem>
