<?xml version="1.0" encoding="iso-8859-1" ?>
<newsitem itemid="81315" id="root" date="1996-09-27" xml:lang="en">
<title>BRAZIL: Celesc offers 114.8 mln reais in pfd shrs.</title>
<headline>Celesc offers 114.8 mln reais in pfd shrs.</headline>
<dateline>SAO PAULO 1996-09-27</dateline>
<text>
<p>Brazilian power utility Celesc is offering 114.8 million reais in preferred shares on the local and international markets, the company said in a published statement.</p>
<p>The global offering involves a total of 140 million preferred B shares, of which 49 million shares at 0.82 real each are being offered to local investors and 910,000 of Global Depositary Shares (GDS) will be sold to foreigners, the statement said.</p>
<p>Each GDS represents 100 preferred B shares.  </p>
<p>An additional lot of 21 million shares may be offered if there is heavy demand, it added.</p>
<p>With the stock issue, Celesc's total capital will be raised to 676.1 million reais from 561.3 million reais, it added. The funds raised with the issue will be used to finance investments to expand Celesc's generating capacity.</p>
<p>Based in southern Brazil, Celesc, formally known as Centrais Eletricas de Santa Catarina, is controlled by Santa Catarina state government. It serves 1.4 million customers and provides about 97 percent of the state's electricity.</p>
<p>The share issue is being coordinated by banks Garantia, Dresdner Kleinwort Benson and JP Morgan.</p>
<p>-- Fatima Cristina, Sao Paulo newsroom, 55-11-2324411</p>
</text>
<copyright>(c) Reuters Limited 1996</copyright>
<metadata>
<codes class="bip:countries:1.0">
  <code code="BRAZ">
    <editdetail attribution="Reuters BIP Coding Group" action="confirmed" date="1996-09-27"/>
  </code>
</codes>
<codes class="bip:industries:1.0">
  <code code="I16100">
    <editdetail attribution="Reuters BIP Coding Group" action="confirmed" date="1996-09-27"/>
  </code>
</codes>
<codes class="bip:topics:1.0">
  <code code="C17">
    <editdetail attribution="Reuters BIP Coding Group" action="confirmed" date="1996-09-27"/>
  </code>
  <code code="C171">
    <editdetail attribution="Reuters BIP Coding Group" action="confirmed" date="1996-09-27"/>
  </code>
  <code code="CCAT">
    <editdetail attribution="Reuters BIP Coding Group" action="confirmed" date="1996-09-27"/>
  </code>
</codes>
<dc element="dc.date.created" value="1996-09-27"/>
<dc element="dc.publisher" value="Reuters Holdings Plc"/>
<dc element="dc.date.published" value="1996-09-27"/>
<dc element="dc.source" value="Reuters"/>
<dc element="dc.creator.location" value="SAO PAULO"/>
<dc element="dc.creator.location.country.name" value="BRAZIL"/>
<dc element="dc.source" value="Reuters"/>
</metadata>
</newsitem>
