<?xml version="1.0" encoding="iso-8859-1" ?>
<newsitem itemid="221150" id="root" date="1996-11-27" xml:lang="en">
<title>ITALY: Italy's Prodi sees further &quot;very slight&quot; CPI falls.</title>
<headline>Italy's Prodi sees further &quot;very slight&quot; CPI falls.</headline>
<dateline>ROME 1996-11-27</dateline>
<text>
<p>Prime Minister Romano Prodi said on Wednesday that Italian consumer price inflation would continue to register &quot;very slight&quot; falls and ruled out a reversal of the downward trend of recent months.</p>
<p>&quot;Inflation is now at 2.6 to 2.7 percent,&quot; Prodi said in a speech to a Business International seminar in Rome. &quot;It is a trend that is not going to be reversed but will continue, even if very slightly, to improve,&quot; he said.  </p>
<p>Official November consumer price inflation data is due out on December 5. Analysts expect it to show year-on-year inflation of 2.6 percent, based on provisional data for the month released by 10 Italian cities last week, after October's 3.0 percent.</p>
<p>Bank of Italy action on cutting official interest rates is linkly firmly to the battle to tame inflation.</p>
<p>Prodi's centre-left government has set an official target of 2.5 percent for 1997. CPI inflation has fallen over the past 12 months from 6.0 percent to levels unseen in Italy since 1969.</p>
<p>--Rome newsroom +39 6 6782505</p>
</text>
<copyright>(c) Reuters Limited 1996</copyright>
<metadata>
<codes class="bip:countries:1.0">
  <code code="ITALY">
    <editdetail attribution="Reuters BIP Coding Group" action="confirmed" date="1996-11-27"/>
  </code>
</codes>
<codes class="bip:topics:1.0">
  <code code="E13">
    <editdetail attribution="Reuters BIP Coding Group" action="confirmed" date="1996-11-27"/>
  </code>
  <code code="E131">
    <editdetail attribution="Reuters BIP Coding Group" action="confirmed" date="1996-11-27"/>
  </code>
  <code code="ECAT">
    <editdetail attribution="Reuters BIP Coding Group" action="confirmed" date="1996-11-27"/>
  </code>
</codes>
<dc element="dc.date.created" value="1996-11-27"/>
<dc element="dc.publisher" value="Reuters Holdings Plc"/>
<dc element="dc.date.published" value="1996-11-27"/>
<dc element="dc.source" value="Reuters"/>
<dc element="dc.creator.location" value="ROME"/>
<dc element="dc.creator.location.country.name" value="ITALY"/>
<dc element="dc.source" value="Reuters"/>
</metadata>
</newsitem>
