<?xml version="1.0" encoding="iso-8859-1" ?>
<newsitem itemid="340433" id="root" date="1997-01-29" xml:lang="en">
<title>BULGARIA: Bulgaria sells 20.91 bln levs 1-wk, 4-wk T-bills.</title>
<headline>Bulgaria sells 20.91 bln levs 1-wk, 4-wk T-bills.</headline>
<dateline>SOFIA 1997-01-29</dateline>
<text>
<p>Bulgaria's Finance Ministry on Wednesday sold two discount T-bill issues with maturities of one week and four weeks, yielding 3.66 percent and 17.61 percent to maturity, respectively, the central bank said.</p>
<p>Bids were received for a total of 20.907 billion levs of T-bills and the ministry approved all bids at the average offered price.</p>
<p>Details of the issues follow:</p>
<p> Issue number		  BG3012897008	 BG3012997006</p>
<p> Term			    one week	     four weeks</p>
<p> Auction date		  January 29, 1997   January 29, 1997</p>
<p> Issue date		    January 29, 1997   January 29, 1997</p>
<p> Maturity date		 February 5, 1997   February 26, 1997</p>
<p> Bids received		 11,337 million levs    9,570 million levs</p>
<p> Avg price of bids	   96.47 pct	    85.03 pct</p>
<p> Bids approved		 11,337 million levs    9,570 million levs</p>
<p> Avg accepted price	  96.47 pct	    85.03 pct</p>
<p> Avg yield to maturity     3.66 pct	     17.61 pct</p>
<p>-- Sofia Newsroom, (++359-2) 981 8569</p>
</text>
<copyright>(c) Reuters Limited 1997</copyright>
<metadata>
<codes class="bip:countries:1.0">
  <code code="BUL">
    <editdetail attribution="Reuters BIP Coding Group" action="confirmed" date="1997-01-29"/>
  </code>
</codes>
<codes class="bip:topics:1.0">
  <code code="M13">
    <editdetail attribution="Reuters BIP Coding Group" action="confirmed" date="1997-01-29"/>
  </code>
  <code code="M131">
    <editdetail attribution="Reuters BIP Coding Group" action="confirmed" date="1997-01-29"/>
  </code>
  <code code="MCAT">
    <editdetail attribution="Reuters BIP Coding Group" action="confirmed" date="1997-01-29"/>
  </code>
</codes>
<dc element="dc.date.created" value="1997-01-29"/>
<dc element="dc.publisher" value="Reuters Holdings Plc"/>
<dc element="dc.date.published" value="1997-01-29"/>
<dc element="dc.source" value="Reuters"/>
<dc element="dc.creator.location" value="SOFIA"/>
<dc element="dc.creator.location.country.name" value="BULGARIA"/>
<dc element="dc.source" value="Reuters"/>
</metadata>
</newsitem>
