<?xml version="1.0" encoding="iso-8859-1" ?>
<newsitem itemid="108948" id="root" date="1996-10-10" xml:lang="en">
<title>USA: Consolidated Papers Inc Q3 net declines.</title>
<headline>Consolidated Papers Inc Q3 net declines.</headline>
<dateline>WISCONSIN RAPIDS, Wis. 1996-10-10</dateline>
<text>
<p>1996			1995</p>
<p> Shr			  $0.90		    $1.51</p>
<p> Net			 40,268		   66,993</p>
<p> Revs		     380,833		  480,861</p>
<p> Avg shrs		  44,682		   44,511</p>
<p>(All Data Above 000s Except Per Share Numbers)  </p>
<p>		     NINE MONTHS</p>
<p> Shr			  $3.18		    $3.52</p>
<p> Net			142,065		  156,160</p>
<p> Revs		   1,181,057		1,126,411</p>
<p> Avg shrs		  44,662		   44,360</p>
<p>(All Data Above 000s Except Per Share Numbers)</p>
<p>Reuters Chicago Newsdesk - 312-408-8787</p>
</text>
<copyright>(c) Reuters Limited 1996</copyright>
<metadata>
<codes class="bip:countries:1.0">
  <code code="USA">
    <editdetail attribution="Reuters BIP Coding Group" action="confirmed" date="1996-10-10"/>
  </code>
</codes>
<codes class="bip:industries:1.0">
  <code code="I47100">
    <editdetail attribution="Reuters BIP Coding Group" action="confirmed" date="1996-10-10"/>
  </code>
</codes>
<codes class="bip:topics:1.0">
  <code code="C15">
    <editdetail attribution="Reuters BIP Coding Group" action="confirmed" date="1996-10-10"/>
  </code>
  <code code="C151">
    <editdetail attribution="Reuters BIP Coding Group" action="confirmed" date="1996-10-10"/>
  </code>
  <code code="CCAT">
    <editdetail attribution="Reuters BIP Coding Group" action="confirmed" date="1996-10-10"/>
  </code>
</codes>
<dc element="dc.date.created" value="1996-10-10"/>
<dc element="dc.publisher" value="Reuters Holdings Plc"/>
<dc element="dc.date.published" value="1996-10-10"/>
<dc element="dc.source" value="Reuters"/>
<dc element="dc.creator.location" value="WISCONSIN RAPIDS, Wis."/>
<dc element="dc.creator.location.country.name" value="USA"/>
<dc element="dc.source" value="Reuters"/>
</metadata>
</newsitem>
