<?xml version="1.0" encoding="iso-8859-1" ?>
<newsitem itemid="172298" id="root" date="1996-11-07" xml:lang="en">
<title>SOUTH AFRICA: S.Africa's Old Mutual fund bullish on UK assets.</title>
<headline>S.Africa's Old Mutual fund bullish on UK assets.</headline>
<dateline>JOHANNESBURG 1996-11-07</dateline>
<text>
<p>Old Mutual, South Africa's biggest life assurer, said on Thursday that a surge in the value of British assets was set to continue.</p>
<p>Hilary Wakefield, global portfolio manager at UK-based Old Mutual International Asset Managers, said British assets -- including property, equity and sterling -- would benefit from low inflation, a current account surplus, modest wage increases and company profit growth.</p>
<p>&quot;Gilts have recovered their earlier price losses, but have yet to share fully in Europe's price gains. Equities and property are performing more strongly as evidence of economic growth accumulates,&quot; he told a news briefing in Johannesburg.</p>
<p>But the British economy, in its fifth year of recovery, still lacks a firm base of a consumer &quot;feel-good&quot; factor.</p>
<p>&quot;This may be due to the moderate nature of the recovery, which is the very quality that makes it impressive to economists,&quot; Wakefield said.</p>
<p>Wakefield was less bullish about the prospects for U.S. markets, which have enjoyed a sustained bull run that is still breaking records.</p>
<p>On Wednesday U.S. stocks jumped to new highs as investors bet newly re-elected President Bill Clinton and the Republican-retained Congress would keep the economy growing, propelling corporate earnings higher.</p>
<p>But Wakefield said Wall Street stocks were overvalued.</p>
<p>&quot;We believe that U.S. equities are vulnerable, given an expected economic slowdown and possible interest rate hikes,&quot; he said.</p>
<p>-- Paul harris, Johannesburg newsroom +27 11 482 1003</p>
</text>
<copyright>(c) Reuters Limited 1996</copyright>
<metadata>
<codes class="bip:countries:1.0">
  <code code="SAFR">
    <editdetail attribution="Reuters BIP Coding Group" action="confirmed" date="1996-11-07"/>
  </code>
  <code code="UK">
    <editdetail attribution="Reuters BIP Coding Group" action="confirmed" date="1996-11-07"/>
  </code>
  <code code="USA">
    <editdetail attribution="Reuters BIP Coding Group" action="confirmed" date="1996-11-07"/>
  </code>
</codes>
<codes class="bip:industries:1.0">
  <code code="I82002">
    <editdetail attribution="Reuters BIP Coding Group" action="confirmed" date="1996-11-07"/>
  </code>
</codes>
<codes class="bip:topics:1.0">
  <code code="E11">
    <editdetail attribution="Reuters BIP Coding Group" action="confirmed" date="1996-11-07"/>
  </code>
  <code code="ECAT">
    <editdetail attribution="Reuters BIP Coding Group" action="confirmed" date="1996-11-07"/>
  </code>
  <code code="M11">
    <editdetail attribution="Reuters BIP Coding Group" action="confirmed" date="1996-11-07"/>
  </code>
  <code code="M12">
    <editdetail attribution="Reuters BIP Coding Group" action="confirmed" date="1996-11-07"/>
  </code>
  <code code="MCAT">
    <editdetail attribution="Reuters BIP Coding Group" action="confirmed" date="1996-11-07"/>
  </code>
</codes>
<dc element="dc.date.created" value="1996-11-07"/>
<dc element="dc.publisher" value="Reuters Holdings Plc"/>
<dc element="dc.date.published" value="1996-11-07"/>
<dc element="dc.source" value="Reuters"/>
<dc element="dc.creator.location" value="JOHANNESBURG"/>
<dc element="dc.creator.location.country.name" value="SOUTH AFRICA"/>
<dc element="dc.source" value="Reuters"/>
</metadata>
</newsitem>
