<?xml version="1.0" encoding="iso-8859-1" ?>
<newsitem itemid="2321" id="root" date="1996-08-20" xml:lang="en">
<title>USA: Fleet, NatWest form pact.</title>
<headline>Fleet, NatWest form pact.</headline>
<dateline>BOSTON</dateline>
<text>
<p>Fleet Financial Group and National Westminster Bank PLC said Tuesday they signed an agreement that will allow both companies to provide banking services to corporate customers in Britain and the United States.</p>
<p>Under the agreement, NatWest will set up a representative office in Boston to provide Sterling and foreign currency account and cash management services to American companies that either have a physical presence in Britain or trade there.</p>
<p>Desks also will be created in Boston, New York and London, where each bank's customers can receive quick help in opening accounts and cash management. The offices will be staffed by employees who will bring specific expertise in their country's banking system to each marketplace, the companies said.</p>
<p>Fleet will provide U.S. dollar accounts and cash management services to the U.S. subsidiaries and offices of British-based companies. Fleet currently markets U.S. cash management services directly to British companies from its office in London.</p>
<p>NatWest supplies commercial banking services to about one-third of the companies in Britain and is the second largest retail bank in the country with over 2,000 branches.</p>
</text>
<copyright>(c) Reuters Limited 1996</copyright>
<metadata>
<codes class="bip:countries:1.0">
  <code code="UK">
    <editdetail attribution="Reuters BIP Coding Group" action="confirmed" date="1996-08-20"/>
  </code>
  <code code="USA">
    <editdetail attribution="Reuters BIP Coding Group" action="confirmed" date="1996-08-20"/>
  </code>
</codes>
<codes class="bip:industries:1.0">
  <code code="I81402">
    <editdetail attribution="Reuters BIP Coding Group" action="confirmed" date="1996-08-20"/>
  </code>
</codes>
<codes class="bip:topics:1.0">
  <code code="C11">
    <editdetail attribution="Reuters BIP Coding Group" action="confirmed" date="1996-08-20"/>
  </code>
  <code code="CCAT">
    <editdetail attribution="Reuters BIP Coding Group" action="confirmed" date="1996-08-20"/>
  </code>
</codes>
<dc element="dc.publisher" value="Reuters Holdings Plc"/>
<dc element="dc.date.published" value="1996-08-20"/>
<dc element="dc.source" value="Reuters"/>
<dc element="dc.creator.location" value="BOSTON"/>
<dc element="dc.creator.location.country.name" value="USA"/>
<dc element="dc.source" value="Reuters"/>
</metadata>
</newsitem>
