<?xml version="1.0" encoding="iso-8859-1" ?>
<newsitem itemid="624441" id="root" date="1997-05-29" xml:lang="en">
<title>FINLAND: KCI CEO says no surprises in German buy.</title>
<headline>KCI CEO says no surprises in German buy.</headline>
<dateline>HELSINKI 1997-05-29</dateline>
<text>
<p>Finnish crane maker KCI Konecranes International CEO Stig Gustavsson said on Thursday that a closer look at the German crane operation it is buying from MAN GHH Logistics had revealed no surprises.</p>
<p>&quot;We have not found anything that has come as a surprise,&quot; he told a conference call, adding the unit's monthly sales after weak January had been &quot;10 million (markka) plus&quot;.</p>
<p>But it was unclear when the unit would be incorporated -- retroactively from the start of the year or later, he said.</p>
<p>KCI said last year the German unit would be transferred to a new company with net sales of about 50 million German marks and a Konecranes official said by telephone that the start of the year indicated annual net sales of 40-50 million German marks.</p>
<p>&quot;The early year indicates an annual level of 40-50 million German marks,&quot; said Teuvo Rintamaki, KCI finance and group control director Teuvo Rintamaki said.</p>
<p>Konecranes is examining the German unit particularly closely since the final purchase price will be based on net asset value, and this has delayed accounting, Gustavsson said.</p>
<p>-- Helsinki newsroom +358-9-680 50 242, news@reuters.fi</p>
</text>
<copyright>(c) Reuters Limited 1997</copyright>
<metadata>
<codes class="bip:countries:1.0">
  <code code="FIN">
    <editdetail attribution="Reuters BIP Coding Group" action="confirmed" date="1997-05-29"/>
  </code>
  <code code="GFR">
    <editdetail attribution="Reuters BIP Coding Group" action="confirmed" date="1997-05-29"/>
  </code>
</codes>
<codes class="bip:industries:1.0">
  <code code="I32000">
    <editdetail attribution="Reuters BIP Coding Group" action="confirmed" date="1997-05-29"/>
  </code>
  <code code="I32550">
    <editdetail attribution="Reuters BIP Coding Group" action="confirmed" date="1997-05-29"/>
  </code>
</codes>
<codes class="bip:topics:1.0">
  <code code="C18">
    <editdetail attribution="Reuters BIP Coding Group" action="confirmed" date="1997-05-29"/>
  </code>
  <code code="C181">
    <editdetail attribution="Reuters BIP Coding Group" action="confirmed" date="1997-05-29"/>
  </code>
  <code code="CCAT">
    <editdetail attribution="Reuters BIP Coding Group" action="confirmed" date="1997-05-29"/>
  </code>
</codes>
<dc element="dc.date.created" value="1997-05-29"/>
<dc element="dc.publisher" value="Reuters Holdings Plc"/>
<dc element="dc.date.published" value="1997-05-29"/>
<dc element="dc.source" value="Reuters"/>
<dc element="dc.creator.location" value="HELSINKI"/>
<dc element="dc.creator.location.country.name" value="FINLAND"/>
<dc element="dc.source" value="Reuters"/>
</metadata>
</newsitem>
