<?xml version="1.0" encoding="iso-8859-1" ?>
<newsitem itemid="300480" id="root" date="1997-01-10" xml:lang="en">
<title>AUSTRALIA: RTRS-Alumina carrier runs aground at Fremantle.</title>
<headline>RTRS-Alumina carrier runs aground at Fremantle.</headline>
<dateline>SYDNEY 1997-01-10</dateline>
<text>
<p>A bulk carrier with a cargo of alumina ran aground in a channel while leaving the port of Fremantle, Western Australia, on Friday after suffering a steerage problem, a Fremantle Port Authority spokeswoman said.</p>
<p>The 50,000-dwt Tassos N, bound for the United States,  was floated off by tugs shortly after midday local time (0400 GMT) and was towed to a safe anchorage in Cockburn Sound in the Fremantle outer harbour, the spokeswoman said. &quot;An investigation of the incident will take place before the ship can sail on,&quot; she said. The ship was carrying 38,775 tonnes of alumina loaded at the Alcoa alumina terminal.</p>
</text>
<copyright>(c) Reuters Limited 1997</copyright>
<metadata>
<codes class="bip:countries:1.0">
  <code code="AUSTR">
    <editdetail attribution="Reuters BIP Coding Group" action="confirmed" date="1997-01-10"/>
  </code>
</codes>
<codes class="bip:industries:1.0">
  <code code="I74000">
    <editdetail attribution="Reuters BIP Coding Group" action="confirmed" date="1997-01-10"/>
  </code>
</codes>
<codes class="bip:topics:1.0">
  <code code="CCAT">
    <editdetail attribution="Reuters BIP Coding Group" action="confirmed" date="1997-01-10"/>
  </code>
  <code code="GCAT">
    <editdetail attribution="Reuters BIP Coding Group" action="confirmed" date="1997-01-10"/>
  </code>
  <code code="GDIS">
    <editdetail attribution="Reuters BIP Coding Group" action="confirmed" date="1997-01-10"/>
  </code>
</codes>
<dc element="dc.date.created" value="1997-01-10"/>
<dc element="dc.publisher" value="Reuters Holdings Plc"/>
<dc element="dc.date.published" value="1997-01-10"/>
<dc element="dc.source" value="Reuters"/>
<dc element="dc.creator.location" value="SYDNEY"/>
<dc element="dc.creator.location.country.name" value="AUSTRALIA"/>
<dc element="dc.source" value="Reuters"/>
</metadata>
</newsitem>
