<?xml version="1.0" encoding="iso-8859-1" ?>
<newsitem itemid="559377" id="root" date="1997-05-05" xml:lang="en">
<title>POLAND: Polish NBP buys dollars at PLN 3.1635 - dealers.</title>
<headline>Polish NBP buys dollars at PLN 3.1635 - dealers.</headline>
<dateline>WARSAW 1997-05-05</dateline>
<text>
<p>The National Bank of Poland (NBP) bought dollars on the interbank market at 3.1635 zlotys, dealers said.</p>
<p>The intervention, described as &quot;medium&quot;, came at 1215 GMT when the zloty was at 2.50 percent from the floating dollar parity rate for today -- the centre of the daily 14-percent trading band.</p>
<p>-- Warsaw Newsroom +48 22 653 9700</p>
</text>
<copyright>(c) Reuters Limited 1997</copyright>
<metadata>
<codes class="bip:countries:1.0">
  <code code="POL">
    <editdetail attribution="Reuters BIP Coding Group" action="confirmed" date="1997-05-05"/>
  </code>
</codes>
<codes class="bip:topics:1.0">
  <code code="M13">
    <editdetail attribution="Reuters BIP Coding Group" action="confirmed" date="1997-05-05"/>
  </code>
  <code code="M132">
    <editdetail attribution="Reuters BIP Coding Group" action="confirmed" date="1997-05-05"/>
  </code>
  <code code="MCAT">
    <editdetail attribution="Reuters BIP Coding Group" action="confirmed" date="1997-05-05"/>
  </code>
</codes>
<dc element="dc.date.created" value="1997-05-05"/>
<dc element="dc.publisher" value="Reuters Holdings Plc"/>
<dc element="dc.date.published" value="1997-05-05"/>
<dc element="dc.source" value="Reuters"/>
<dc element="dc.creator.location" value="WARSAW"/>
<dc element="dc.creator.location.country.name" value="POLAND"/>
<dc element="dc.source" value="Reuters"/>
</metadata>
</newsitem>
