<?xml version="1.0" encoding="iso-8859-1" ?>
<newsitem itemid="474979" id="root" date="1997-03-28" xml:lang="en">
<title>JAPAN: Japan to lift freeze on grant-in-aid to China. [CORRECTED 4:24 GMT]</title>
<headline>Japan to lift freeze on grant-in-aid to China. [CORRECTED 4:24 GMT]</headline>
<dateline>TOKYO 1997-03-28</dateline>
<text>
<p>Japan will end a freeze on grant-in-aid to China that was imposed in August 1995 to protest against China's nuclear tests, Foreign Minister Yukihiko Ikeda said on Friday.</p>
<p>Ikeda, who travels to China on Saturday for a two-day visit, said he will sign documents in Beijing on Saturday for a grant of 1.7 billion yen ($13.8 million) for a medical project in Nanjing, ending the freeze on grant-in-aid.  </p>
<p>Ikeda told a news conference that Prime Minister Ryutaro Hashimoto's cabinet had approved the resumption of grant-in-aid.</p>
<p>Japan froze the grants, worth about seven billion yen ($56.9 million) per year, in August 1995 as a mainly symbolic protest against China's nuclear testing, saying China had violated a moratorium on those tests.</p>
<p>However, the Japanese government did not touch the bulk of its aid programme to China, about 580 billion yen ($4.71 billion) in yen loans in the 1996-1998 period.</p>
<p>In September 1996 (Corrects from 1995), China signed the Comprehensive Test Ban Treaty (CTBT) at the United Nations and imposed a moratorium on future nuclear testing.</p>
<p>($1=123 yen)</p>
</text>
<copyright>(c) Reuters Limited 1997</copyright>
<metadata>
<codes class="bip:countries:1.0">
  <code code="CHINA">
    <editdetail attribution="Reuters BIP Coding Group" action="confirmed" date="1997-03-28"/>
  </code>
  <code code="JAP">
    <editdetail attribution="Reuters BIP Coding Group" action="confirmed" date="1997-03-28"/>
  </code>
</codes>
<codes class="bip:topics:1.0">
  <code code="E51">
    <editdetail attribution="Reuters BIP Coding Group" action="confirmed" date="1997-03-28"/>
  </code>
  <code code="ECAT">
    <editdetail attribution="Reuters BIP Coding Group" action="confirmed" date="1997-03-28"/>
  </code>
  <code code="GCAT">
    <editdetail attribution="Reuters BIP Coding Group" action="confirmed" date="1997-03-28"/>
  </code>
  <code code="GDIP">
    <editdetail attribution="Reuters BIP Coding Group" action="confirmed" date="1997-03-28"/>
  </code>
</codes>
<dc element="dc.date.created" value="1997-03-28"/>
<dc element="dc.publisher" value="Reuters Holdings Plc"/>
<dc element="dc.date.published" value="1997-03-28"/>
<dc element="dc.source" value="Reuters"/>
<dc element="dc.creator.location" value="TOKYO"/>
<dc element="dc.creator.location.country.name" value="JAPAN"/>
<dc element="dc.source" value="Reuters"/>
</metadata>
</newsitem>
