<?xml version="1.0" encoding="iso-8859-1" ?>
<newsitem itemid="155889" id="root" date="1996-10-31" xml:lang="en">
<title>USA: Reading &amp; Bates sees $100 mln from Conoco JV.</title>
<headline>Reading &amp; Bates sees $100 mln from Conoco JV.</headline>
<dateline>HOUSTON 1996-10-31</dateline>
<text>
<p>Reading &amp; Bates Corp chief financial officer Tim Nagle said on Thursday that the company expected to make $100 million in net earnings over a five-year joint venture with Conoco to drill oil wells in the gulf of Mexico.</p>
<p>&quot;We expect to see about $100 million in net income from the joint venture...that's the bottom line,&quot; Nagle said after a press conference annoucing the partnership.</p>
<p>Nagle said the joint venture expected a total of $215 million in cash flow over five years from the drilling operations.</p>
</text>
<copyright>(c) Reuters Limited 1996</copyright>
<metadata>
<codes class="bip:countries:1.0">
  <code code="USA">
    <editdetail attribution="Reuters BIP Coding Group" action="confirmed" date="1996-10-31"/>
  </code>
</codes>
<codes class="bip:industries:1.0">
  <code code="I13000">
    <editdetail attribution="Reuters BIP Coding Group" action="confirmed" date="1996-10-31"/>
  </code>
  <code code="I25000">
    <editdetail attribution="Reuters BIP Coding Group" action="confirmed" date="1996-10-31"/>
  </code>
</codes>
<codes class="bip:topics:1.0">
  <code code="C11">
    <editdetail attribution="Reuters BIP Coding Group" action="confirmed" date="1996-10-31"/>
  </code>
  <code code="C15">
    <editdetail attribution="Reuters BIP Coding Group" action="confirmed" date="1996-10-31"/>
  </code>
  <code code="C152">
    <editdetail attribution="Reuters BIP Coding Group" action="confirmed" date="1996-10-31"/>
  </code>
  <code code="CCAT">
    <editdetail attribution="Reuters BIP Coding Group" action="confirmed" date="1996-10-31"/>
  </code>
</codes>
<dc element="dc.date.created" value="1996-10-31"/>
<dc element="dc.publisher" value="Reuters Holdings Plc"/>
<dc element="dc.date.published" value="1996-10-31"/>
<dc element="dc.source" value="Reuters"/>
<dc element="dc.creator.location" value="HOUSTON"/>
<dc element="dc.creator.location.country.name" value="USA"/>
<dc element="dc.source" value="Reuters"/>
</metadata>
</newsitem>
