<?xml version="1.0" encoding="iso-8859-1" ?>
<newsitem itemid="517524" id="root" date="1997-04-17" xml:lang="en">
<title>USA: AMEX plans LEAPS on FORE Systems Inc.</title>
<headline>AMEX plans LEAPS on FORE Systems Inc.</headline>
<dateline>CHICAGO 1997-04-17</dateline>
<text>
<p>The American Stock Exchange said it would trade Long-term Equity Anticipation Securities (LEAPS) on the shares of FORE Systems Inc beginning April 21.</p>
<p>FORE Systems LEAPS will open with strike prices of 10, 15 and 20 and will trade under the ticker symbol VFY. The options will expire in January 1999. Spear, Leeds &amp; Kellogg will be the specialist.</p>
<p>FORE Systems makes networking products based on asynchronous transfer mode technology.</p>
<p>Chicago Derivatives Desk ((312-408-8750))</p>
<p>E-mail derivatives@reuters.com</p>
</text>
<copyright>(c) Reuters Limited 1997</copyright>
<metadata>
<codes class="bip:countries:1.0">
  <code code="USA">
    <editdetail attribution="Reuters BIP Coding Group" action="confirmed" date="1997-04-17"/>
  </code>
</codes>
<codes class="bip:industries:1.0">
  <code code="I33030">
    <editdetail attribution="Reuters BIP Coding Group" action="confirmed" date="1997-04-17"/>
  </code>
</codes>
<codes class="bip:topics:1.0">
  <code code="C15">
    <editdetail attribution="Reuters BIP Coding Group" action="confirmed" date="1997-04-17"/>
  </code>
  <code code="C152">
    <editdetail attribution="Reuters BIP Coding Group" action="confirmed" date="1997-04-17"/>
  </code>
  <code code="CCAT">
    <editdetail attribution="Reuters BIP Coding Group" action="confirmed" date="1997-04-17"/>
  </code>
</codes>
<dc element="dc.date.created" value="1997-04-17"/>
<dc element="dc.publisher" value="Reuters Holdings Plc"/>
<dc element="dc.date.published" value="1997-04-17"/>
<dc element="dc.source" value="Reuters"/>
<dc element="dc.creator.location" value="CHICAGO"/>
<dc element="dc.creator.location.country.name" value="USA"/>
<dc element="dc.source" value="Reuters"/>
</metadata>
</newsitem>
