<?xml version="1.0" encoding="iso-8859-1" ?>
<newsitem itemid="135905" id="root" date="1996-10-23" xml:lang="en">
<title>USA: Shells Seafood Q3 full results.</title>
<headline>Shells Seafood Q3 full results.</headline>
<dateline>TAMPA 1996-10-23</dateline>
<text>
<p>13 Weeks Ended    39 Weeks Ended</p>
<p>				  Sep 29,  Oct. 1,   Sep 29,  Oct. 1,</p>
<p>				     1996     1995	1996     1995</p>
<p>Statement of Operations</p>
<p>Data:</p>
<p>Revenues</p>
<p>    Restaurant sales	 $9,536   $6,910   $30,318  $21,703</p>
<p>    Management fees		94	 80	 305	269</p>
<p>    Total revenues	    9,630    6,990    30,623   21,972</p>
<p>Costs and expenses</p>
<p>    Cost of sales	     3,437    2,731    10,721    8,725</p>
<p>Labor and other</p>
<p>	related expenses	2,570    1,882     7,688    5,760</p>
<p>Other restaurant</p>
<p>	operating expenses    2,072    1,614     6,257    4,739</p>
<p>General and administrative</p>
<p>	expenses		    806	605     2,520    1,683</p>
<p>Depreciation and</p>
<p>	amortization		290	234	 850	694</p>
<p>Income (loss) from</p>
<p>    operations		    455     (76)     2,587	371</p>
<p>  Other income (expense), net  13	(5)     (296)	  4</p>
<p>Interest income (expense),</p>
<p>    net				 2     (93)     (133)    (285)</p>
<p>Income (loss) before elimination of minority</p>
<p>partner interest and</p>
<p>    income taxes		  470    (174)     2,158	 90</p>
<p>Elimination of minority</p>
<p>    partner interest	   (46)     (18)     (159)     (74)</p>
<p>Income (loss) before provision</p>
<p>   for income taxes	     424    (192)     1,999	 16</p>
<p> Income taxes (1)	     (131)	---     (619)	---</p>
<p> Net income (loss)		293    (192)     1,380	 16</p>
<p> Preferred shares accretion  (29)     (42)	(87)    (126)</p>
<p>Net income (loss) applicable</p>
<p>   to common stock		264   ( 234)     1,293   ( 110)</p>
<p>Pro forma net income (loss)</p>
<p>   per share (2)		 0.07  ( 0.07)	0.33  ( 0.03)</p>
<p>Pro forma - weighted average common shares</p>
<p>   outstanding		  3,955    3,495     3,960    3,610</p>
<p>Notes:</p>
<p>(1) The 31 percent effective tax rate for 1996 includes the utilization of a net operating loss carryforward from prior years effecting the provision for income taxes by $30,000 and $140,000 for the 13 week third quarter and 39 week period ended September 29, 1996, respectively.</p>
<p>(2) Pro forma net income (loss) per share is the net income (loss) applicable to common stock divided by the pro forma weighted average common shares outstanding.  The pro forma weighted average common shares outstanding is calculated as if all shares issued through September 29, 1996 were outstanding since January 1, 1995.</p>
<p>(3) Includes one Company-owned restaurant which until July 14, 1995 was owned by a joint venture.</p>
<p>Note: Full company name is Shells Seafood Restaurants Inc.</p>
<p>(In thousands, except per share data)</p>
<p>-- New York Newsdesk 212 859-1610</p>
</text>
<copyright>(c) Reuters Limited 1996</copyright>
<metadata>
<codes class="bip:countries:1.0">
  <code code="USA">
    <editdetail attribution="Reuters BIP Coding Group" action="confirmed" date="1996-10-23"/>
  </code>
</codes>
<codes class="bip:topics:1.0">
  <code code="C15">
    <editdetail attribution="Reuters BIP Coding Group" action="confirmed" date="1996-10-23"/>
  </code>
  <code code="C151">
    <editdetail attribution="Reuters BIP Coding Group" action="confirmed" date="1996-10-23"/>
  </code>
  <code code="CCAT">
    <editdetail attribution="Reuters BIP Coding Group" action="confirmed" date="1996-10-23"/>
  </code>
</codes>
<dc element="dc.date.created" value="1996-10-23"/>
<dc element="dc.publisher" value="Reuters Holdings Plc"/>
<dc element="dc.date.published" value="1996-10-23"/>
<dc element="dc.source" value="Reuters"/>
<dc element="dc.creator.location" value="TAMPA"/>
<dc element="dc.creator.location.country.name" value="USA"/>
<dc element="dc.source" value="Reuters"/>
</metadata>
</newsitem>
