<?xml version="1.0" encoding="iso-8859-1" ?>
<newsitem itemid="270282" id="root" date="1996-12-20" xml:lang="en">
<title>INDIA: India SEBI panel for curbs, not ban, on short sales.</title>
<headline>India SEBI panel for curbs, not ban, on short sales.</headline>
<dateline>BOMBAY 1996-12-20</dateline>
<text>
<p>A panel set up by the Securities and Exchange Board of India (SEBI) said on Friday it proposed to tighten regulatory control over short sales to curb excessive bear hammering in a depressed market.</p>
<p>&quot;Regulating short sales may not necessarily lead to an immediate recovery in share prices,&quot; SEBI said in a statement. &quot;However, the present amplification of this bearish trend ... calls for a tightening of the conditions for short sales.&quot;</p>
<p>The panel ruled out banning short sales.</p>
<p>&quot;The committee is of the firm view that in as much as short sales provide liquidity and competitive prices in the stock markets,&quot; the panel said, &quot;there is no case for putting a blanket bank on the short sales.&quot;</p>
<p>The committee recommended the imposition of 15 percent &quot;differential&quot; deposit margins by brokers on short sale positions in 15 volatile stocks. These margins will be 15 percentage points higher than on long positions, the SEBI statement said.  </p>
<p>The 15 volatile stocks are: State Bank of India, ITC, Reliance, TISCO, MTNL, L&amp;T, TELCO, BSES, Bajaj Auto, ACC, Gujarat Ambuja Cement,IPCL, Tata Power, Hind Lever and Oriental Bank.</p>
<p>The committee also asked stock exchanges to demand more transparency from brokers in another 45 volatile shares.</p>
<p>SEBI said the margin will be in addition to the mark-to-market margin already collected by exchanges.</p>
<p>The 13-member SEBI committee set up on November 22 was headed by B.D. Shah, former managing director of state-run General Insurance Corporation.</p>
<p>--Bombay Newsroom +91-22-265-9000</p>
</text>
<copyright>(c) Reuters Limited 1996</copyright>
<metadata>
<codes class="bip:countries:1.0">
  <code code="INDIA">
    <editdetail attribution="Reuters BIP Coding Group" action="confirmed" date="1996-12-20"/>
  </code>
</codes>
<codes class="bip:industries:1.0">
  <code code="I83100">
    <editdetail attribution="Reuters BIP Coding Group" action="confirmed" date="1996-12-20"/>
  </code>
</codes>
<codes class="bip:topics:1.0">
  <code code="C13">
    <editdetail attribution="Reuters BIP Coding Group" action="confirmed" date="1996-12-20"/>
  </code>
  <code code="CCAT">
    <editdetail attribution="Reuters BIP Coding Group" action="confirmed" date="1996-12-20"/>
  </code>
  <code code="M11">
    <editdetail attribution="Reuters BIP Coding Group" action="confirmed" date="1996-12-20"/>
  </code>
  <code code="MCAT">
    <editdetail attribution="Reuters BIP Coding Group" action="confirmed" date="1996-12-20"/>
  </code>
</codes>
<dc element="dc.date.created" value="1996-12-20"/>
<dc element="dc.publisher" value="Reuters Holdings Plc"/>
<dc element="dc.date.published" value="1996-12-20"/>
<dc element="dc.source" value="Reuters"/>
<dc element="dc.creator.location" value="BOMBAY"/>
<dc element="dc.creator.location.country.name" value="INDIA"/>
<dc element="dc.source" value="Reuters"/>
</metadata>
</newsitem>
