<?xml version="1.0" encoding="iso-8859-1" ?>
<newsitem itemid="362199" id="root" date="1997-02-06" xml:lang="en">
<title>SWEDEN: FORECAST - SKF '96 profit to slip 27 pct.</title>
<headline>FORECAST - SKF '96 profit to slip 27 pct.</headline>
<dateline>STOCKHOLM 1997-02-06</dateline>
<text>
<p>Swedish bearings maker SKF was expected on Thursday to post a lower profit after financial items for calendar 1996 of 2.43 billion crowns against 3.33 billion crowns in 1995, a Reuters poll of 16 analysts showed.</p>
<p>Forecasts varied between 2.22 billion and 2.69 billion crowns.</p>
<p>The average of 14 analysts' forecasts found expectations of a profit per share for 1996 of 13.20 crowns against 17.95 crowns in 1995.</p>
<p>The company was expected to propose a dividend payment of 5.32 crowns a share compared with 5.25 crowns in 1995.</p>
<p>Analysts interviewed for the poll were from Nordiska, Paribas, James Capel, Fischer, Swedbank, Handelsbanken, Enskilda, Foreningsbanken, Carnegie, Kleinwort Benson, Morgan Grenfell, Fiba Nordic, UBS, Goldman Sachs, Penser and Aros.</p>
<p>SKF will release its annual earnings on February 6.</p>
<p>  (Mln skr)		  AVG	  RANGE	   ANALYSTS</p>
<p> Profit after fin '96   2,430    2,220-2,690	  16</p>
<p> Profit after fin '97   2,813    2,000-3,400	  15</p>
<p> Profit after fin '98   3,271    2,402-3,800	  14</p>
<p> Profit/shr '96 (SKR)    13.18    11.60-14.60	 14</p>
<p> Profit/shr '97 (SKR)    15.21    11.85-17.80	 14</p>
<p> Profit/shr '98 (SKR)    18.18    14.25-20.40	 14</p>
<p> Dividend '96 (SKR)	5.32     5.00-5.70	   14</p>
<p> Dividend '97		5.68     5.20-6.25	    9</p>
<p> Dividend '98		6.33     5.40-7.00	    8</p>
<p>-- Henrik Alberius, Stockholm newsroom +46-8-700 1250</p>
</text>
<copyright>(c) Reuters Limited 1997</copyright>
<metadata>
<codes class="bip:countries:1.0">
  <code code="SWED">
    <editdetail attribution="Reuters BIP Coding Group" action="confirmed" date="1997-02-06"/>
  </code>
</codes>
<codes class="bip:industries:1.0">
  <code code="I32600">
    <editdetail attribution="Reuters BIP Coding Group" action="confirmed" date="1997-02-06"/>
  </code>
</codes>
<codes class="bip:topics:1.0">
  <code code="C15">
    <editdetail attribution="Reuters BIP Coding Group" action="confirmed" date="1997-02-06"/>
  </code>
  <code code="C152">
    <editdetail attribution="Reuters BIP Coding Group" action="confirmed" date="1997-02-06"/>
  </code>
  <code code="CCAT">
    <editdetail attribution="Reuters BIP Coding Group" action="confirmed" date="1997-02-06"/>
  </code>
</codes>
<dc element="dc.date.created" value="1997-02-06"/>
<dc element="dc.publisher" value="Reuters Holdings Plc"/>
<dc element="dc.date.published" value="1997-02-06"/>
<dc element="dc.source" value="Reuters"/>
<dc element="dc.creator.location" value="STOCKHOLM"/>
<dc element="dc.creator.location.country.name" value="SWEDEN"/>
<dc element="dc.source" value="Reuters"/>
</metadata>
</newsitem>
