<?xml version="1.0" encoding="iso-8859-1" ?>
<newsitem itemid="457619" id="root" date="1997-03-20" xml:lang="en">
<title>SWEDEN: Riksbank says lower bond yields could be justified.</title>
<headline>Riksbank says lower bond yields could be justified.</headline>
<dateline>STOCKHOLM 1997-03-20</dateline>
<text>
<p>Swedish long bond yields should fall because the outlook for inflation was good, the central bank said.</p>
<p>&quot;I think there is enough justification for longer bond yields to be lower,&quot; the Riksbank's deputy governor Lars Heikensten told a news conference.</p>
<p>He said this move was also justified by the fact that the state of Sweden's budget appeared good.</p>
<p>Heikensten said economic and political uncertainty had increased and emphasised that the international picture influenced any domestic developments.</p>
<p>Sweden's ten year bond yields were two basis points higher at 7.50 percent at midday Thursday.</p>
<p>-- Stockholm newsroom +46-8-7-100 1017</p>
</text>
<copyright>(c) Reuters Limited 1997</copyright>
<metadata>
<codes class="bip:countries:1.0">
  <code code="SWED">
    <editdetail attribution="Reuters BIP Coding Group" action="confirmed" date="1997-03-20"/>
  </code>
</codes>
<codes class="bip:topics:1.0">
  <code code="M12">
    <editdetail attribution="Reuters BIP Coding Group" action="confirmed" date="1997-03-20"/>
  </code>
  <code code="MCAT">
    <editdetail attribution="Reuters BIP Coding Group" action="confirmed" date="1997-03-20"/>
  </code>
</codes>
<dc element="dc.date.created" value="1997-03-20"/>
<dc element="dc.publisher" value="Reuters Holdings Plc"/>
<dc element="dc.date.published" value="1997-03-20"/>
<dc element="dc.source" value="Reuters"/>
<dc element="dc.creator.location" value="STOCKHOLM"/>
<dc element="dc.creator.location.country.name" value="SWEDEN"/>
<dc element="dc.source" value="Reuters"/>
</metadata>
</newsitem>
