<?xml version="1.0" encoding="iso-8859-1" ?>
<newsitem itemid="402704" id="root" date="1997-02-25" xml:lang="en">
<title>JAPAN: Japan Drop Forge - 95/96 group results.</title>
<headline>Japan Drop Forge - 95/96 group results.</headline>
<dateline>TOKYO 1997-02-25</dateline>
<text>
<p>Year to November 30, 1996</p>
<p> (Group)	(in billions of yen unless specified)</p>
<p> Sales		  8.53		vs	    8.76</p>
<p> Operating   loss 355    million    vs    loss 39    million</p>
<p> Current     loss 430    million    vs   loss 189    million</p>
<p> Net	   loss 591    million    vs   loss 242    million</p>
<p> EPS	    loss 44.54 yen	  vs    loss 18.26 yen</p>
<p> Diluted EPS	     -		vs		 -</p>
<p>NOTE - Japan Drop Forge Co Ltd is a major producer of drop forgings.</p>
</text>
<copyright>(c) Reuters Limited 1997</copyright>
<metadata>
<codes class="bip:countries:1.0">
  <code code="JAP">
    <editdetail attribution="Reuters BIP Coding Group" action="confirmed" date="1997-02-25"/>
  </code>
</codes>
<codes class="bip:industries:1.0">
  <code code="I35300">
    <editdetail attribution="Reuters BIP Coding Group" action="confirmed" date="1997-02-25"/>
  </code>
</codes>
<codes class="bip:topics:1.0">
  <code code="C15">
    <editdetail attribution="Reuters BIP Coding Group" action="confirmed" date="1997-02-25"/>
  </code>
  <code code="C151">
    <editdetail attribution="Reuters BIP Coding Group" action="confirmed" date="1997-02-25"/>
  </code>
  <code code="C1511">
    <editdetail attribution="Reuters BIP Coding Group" action="confirmed" date="1997-02-25"/>
  </code>
  <code code="CCAT">
    <editdetail attribution="Reuters BIP Coding Group" action="confirmed" date="1997-02-25"/>
  </code>
</codes>
<dc element="dc.date.created" value="1997-02-25"/>
<dc element="dc.publisher" value="Reuters Holdings Plc"/>
<dc element="dc.date.published" value="1997-02-25"/>
<dc element="dc.source" value="Reuters"/>
<dc element="dc.creator.location" value="TOKYO"/>
<dc element="dc.creator.location.country.name" value="JAPAN"/>
<dc element="dc.source" value="Reuters"/>
</metadata>
</newsitem>
