<?xml version="1.0" encoding="iso-8859-1" ?>
<newsitem itemid="779836" id="root" date="1997-08-05" xml:lang="en">
<title>UK: T&amp;N sees 5.0 mln stg pretax gain on unit sale.</title>
<headline>T&amp;N sees 5.0 mln stg pretax gain on unit sale.</headline>
<dateline>LONDON 1997-08-05</dateline>
<text>
<p>British engineering group T&amp;N Plc said on Tuesday it would report a pretax gain of about 5.0 million stg on the sale of Tenmat Ltd to the unit's management.</p>
<p>T&amp;N said it would post the profit after charging goodwill of 2.4 million stg and expenses on the 18.1 million stg sale.</p>
<p>T&amp;N said the sale of the high-performance engineering materials unit was part of its plan to dispose of non-core assets.</p>
<p>--London Newsroom +44 171 542 7717</p>
</text>
<copyright>(c) Reuters Limited 1997</copyright>
<metadata>
<codes class="bip:countries:1.0">
  <code code="UK">
    <editdetail attribution="Reuters BIP Coding Group" action="confirmed" date="1997-08-05"/>
  </code>
</codes>
<codes class="bip:industries:1.0">
  <code code="I35300">
    <editdetail attribution="Reuters BIP Coding Group" action="confirmed" date="1997-08-05"/>
  </code>
</codes>
<codes class="bip:topics:1.0">
  <code code="C15">
    <editdetail attribution="Reuters BIP Coding Group" action="confirmed" date="1997-08-05"/>
  </code>
  <code code="C152">
    <editdetail attribution="Reuters BIP Coding Group" action="confirmed" date="1997-08-05"/>
  </code>
  <code code="C18">
    <editdetail attribution="Reuters BIP Coding Group" action="confirmed" date="1997-08-05"/>
  </code>
  <code code="C181">
    <editdetail attribution="Reuters BIP Coding Group" action="confirmed" date="1997-08-05"/>
  </code>
  <code code="CCAT">
    <editdetail attribution="Reuters BIP Coding Group" action="confirmed" date="1997-08-05"/>
  </code>
</codes>
<dc element="dc.date.created" value="1997-08-05"/>
<dc element="dc.publisher" value="Reuters Holdings Plc"/>
<dc element="dc.date.published" value="1997-08-05"/>
<dc element="dc.source" value="Reuters"/>
<dc element="dc.creator.location" value="LONDON"/>
<dc element="dc.creator.location.country.name" value="UK"/>
<dc element="dc.source" value="Reuters"/>
</metadata>
</newsitem>
