<?xml version="1.0" encoding="iso-8859-1" ?>
<newsitem itemid="658853" id="root" date="1997-06-13" xml:lang="en">
<title>CANADA: Canadian oilseeds weekly crushing data.</title>
<headline>Canadian oilseeds weekly crushing data.</headline>
<dateline>WINNIPEG 1997-06-13</dateline>
<text>
<p>Canadian Oilseed Processors Association weekly summary of member crushing, in tonnes -</p>
<p>WEEK ENDING	  CANOLA	    SOYBEANS</p>
<p>June 11		57,482	    28,052</p>
<p>change prv week   +17.0 pct	 -24.0 pct</p>
<p>June 4		 49,111	    36,926</p>
<p>May 28		 61,158	    30,042</p>
<p>May 21R		63,195	    29.965</p>
<p>May 14		 54,783	    29,963</p>
<p>Aug 1 to date   2,326,466	 1,294,965</p>
<p>-- Note: COPA consists of Archer Daniels Midland Co, CanAmera Foods, Canbra Foods Ltd and Northern Lite Canola Inc with crush data also provided by Cargill Ltd, the Canadian unit of Minnesota-based Cargill Inc. -- R=revised.</p>
<p>((Gilbert Le Gras 204 947 3548))</p>
</text>
<copyright>(c) Reuters Limited 1997</copyright>
<metadata>
<codes class="bip:countries:1.0">
  <code code="CANA">
    <editdetail attribution="Reuters BIP Coding Group" action="confirmed" date="1997-06-13"/>
  </code>
</codes>
<codes class="bip:topics:1.0">
  <code code="M14">
    <editdetail attribution="Reuters BIP Coding Group" action="confirmed" date="1997-06-13"/>
  </code>
  <code code="M141">
    <editdetail attribution="Reuters BIP Coding Group" action="confirmed" date="1997-06-13"/>
  </code>
  <code code="MCAT">
    <editdetail attribution="Reuters BIP Coding Group" action="confirmed" date="1997-06-13"/>
  </code>
</codes>
<dc element="dc.date.created" value="1997-06-13"/>
<dc element="dc.publisher" value="Reuters Holdings Plc"/>
<dc element="dc.date.published" value="1997-06-13"/>
<dc element="dc.source" value="Reuters"/>
<dc element="dc.creator.location" value="WINNIPEG"/>
<dc element="dc.creator.location.country.name" value="CANADA"/>
<dc element="dc.source" value="Reuters"/>
</metadata>
</newsitem>
