<?xml version="1.0" encoding="iso-8859-1" ?>
<newsitem itemid="613297" id="root" date="1997-05-26" xml:lang="en">
<title>BOSNIA: PRESS DIGEST - BOSNIA - MAY 26.</title>
<headline>PRESS DIGEST - BOSNIA - MAY 26.</headline>
<dateline>SARAJEVO 1997-05-26</dateline>
<text>
<p>These are the leading stories in the Sarajevo press on Monday. Reuters has not verified these stories and does not vouch for their accuracy.</p>
<p>DNEVNI AVAZ</p>
<p>- Sarajevo university students rally in Sarajevo, protesting against difficult living conditions, new teaching programs and payments for medical services.</p>
<p>OSLOBODJENJE</p>
<p>- The speech by the U.S. State Secretary, Madeleine Albright, proved that Americans do not intend to give up their investments in Bosnia and Herzegovina, newspaper commentary says.</p>
<p>- Kresimir Zubak, a Bosnian Croat presidency member, said at the meeting of Croat community Herceg-Bosna that he favoured a cultural and humanistic nationalism in order to protect the human rights of Croats, but at the same time the Croats should give positive signals and respect the rights of minorities.</p>
<p>- Interests of the Bosnian Croats have been protected even before, so there was no need to create Croat community Herceg-Bosna, Bosnian oposition party leaders say in response to Zubak's remarks.</p>
<p>- The partition of Bosnia and Herzegovina would be an extremely dangerous and a potentially bloody process, said Carl Bildt, international High Representative to Bosnia.</p>
<p>VECERNJE NOVINE</p>
<p>- The Moslem-Croat federation and Bosnian Serb entity have payed $6.4 million of the $12.4 million gas debt to the Russian supplier and it is alleged that international community will settle the outstanding $6 million, the newspaper says.</p>
<p>- One boy died and one lost his legs after stepping into a minefield in a Sarajevo suburb over the weekend, hospital doctors said. -- Sarajevo newsroom +387-71-663-864</p>
</text>
<copyright>(c) Reuters Limited 1997</copyright>
<metadata>
<codes class="bip:countries:1.0">
  <code code="BSHZG">
    <editdetail attribution="Reuters BIP Coding Group" action="confirmed" date="1997-05-26"/>
  </code>
</codes>
<codes class="bip:topics:1.0">
  <code code="GCAT">
    <editdetail attribution="Reuters BIP Coding Group" action="confirmed" date="1997-05-26"/>
  </code>
</codes>
<dc element="dc.date.created" value="1997-05-26"/>
<dc element="dc.publisher" value="Reuters Holdings Plc"/>
<dc element="dc.date.published" value="1997-05-26"/>
<dc element="dc.source" value="Reuters"/>
<dc element="dc.creator.location" value="SARAJEVO"/>
<dc element="dc.creator.location.country.name" value="BOSNIA"/>
<dc element="dc.source" value="Reuters"/>
</metadata>
</newsitem>
