<?xml version="1.0" encoding="iso-8859-1" ?>
<newsitem itemid="451774" id="root" date="1997-03-18" xml:lang="en">
<title>MOROCCO: PRESS DIGEST - Morocco - March 18.</title>
<headline>PRESS DIGEST - Morocco - March 18.</headline>
<dateline>RABAT 1997-03-18</dateline>
<text>
<p>These are the leading stories in the Moroccan press on Tuesday. Reuters has not verified these stories and does not vouch for their accuracy.</p>
<p>LE MATIN DU SAHARA</p>
<p>- Al-Qods (Jerusalem) committee to hold 16th session in Morocco on March 27 at the request of King Hassan.</p>
<p>- Public Works Minister Abdelaziz Meziane says Kuwait will finance highway linking Casablanca to nearby city of Settat and a new reservoir.</p>
<p>- Interior Minister Driss Basri and Dutch counterpart Hans Dijkstal preside over conference on management of public affairs in the Euro-Mediterranean region.</p>
<p>AL BAYANE</p>
<p>- Italian President Oscar Luigi Scalfaro expected in Morocco on Tuesday.</p>
<p>- Visiting Italian president and King Hassan to inaugurate the country's biggest water reservoir on Thursday.</p>
<p>AL-MAGHRIB</p>
<p>- Italian president's visit is sign that ties will be reinforced.</p>
<p>LIBERATION</p>
<p>- Moroccan Azzedine Laraki, President of the Organisation of Islamic Conference (OIC) says organisation's debts stand at $15 million.</p>
<p>LE QUOTIDIEN</p>
<p>- Italian president and Morocco king will focus in their talks on peace in the Middle East and illegal immigration.</p>
</text>
<copyright>(c) Reuters Limited 1997</copyright>
<metadata>
<codes class="bip:countries:1.0">
  <code code="MOROC">
    <editdetail attribution="Reuters BIP Coding Group" action="confirmed" date="1997-03-18"/>
  </code>
</codes>
<codes class="bip:topics:1.0">
  <code code="GCAT">
    <editdetail attribution="Reuters BIP Coding Group" action="confirmed" date="1997-03-18"/>
  </code>
</codes>
<dc element="dc.date.created" value="1997-03-18"/>
<dc element="dc.publisher" value="Reuters Holdings Plc"/>
<dc element="dc.date.published" value="1997-03-18"/>
<dc element="dc.source" value="Reuters"/>
<dc element="dc.creator.location" value="RABAT"/>
<dc element="dc.creator.location.country.name" value="MOROCCO"/>
<dc element="dc.source" value="Reuters"/>
</metadata>
</newsitem>
