<?xml version="1.0" encoding="iso-8859-1" ?>
<newsitem itemid="604937" id="root" date="1997-05-22" xml:lang="en">
<title>RUSSIA: Details of Russian Eurobond issues.</title>
<headline>Details of Russian Eurobond issues.</headline>
<dateline>MOSCOW 1997-05-22</dateline>
<text>
<p>The road-show for St Petersburg's debut Eurobond will start on May 23.</p>
<p>Sverdlovsk region could be ready to start presenting its first Eurobond in two months time.</p>
<p>Promstroibank St Petersburg plans to issue up to $50 million in three to five year Eurobonds in 1997 via CS First Boston.</p>
<p>Samara region plans to start Eurobond issues this July and is to issue $250-$400 million worth of paper in several issues with a monthly interval.</p>
<p>Russia said it will hold a road-show for its next dollar-denominated Eurobond June 11-18.</p>
<p>The City of Moscow is expected to launch its debut Eurobond next week. It is also considering launching a second Eurobond this year, if the first issue is successful.</p>
<p>Russian entities have issued the following Eurobonds and announced the following plans for issues:</p>
<p>ISSUED:</p>
<p>RUSSIAN FEDERATION - March 1997, 2.0 billion marks, seven years (maturing March 25, 2004); leads Deutsche Morgan Grenfell, CS First Boston; coupon 9.0 pct, priced to yield 370 basis points over seven-year (March 2004) German government bonds; S&amp;P BB-</p>
<p>RUSSIAN FEDERATION - November 1996, five years (maturing November 27, 2001); leads JP Morgan, SBC Warburg; coupon 9.25 pct, priced to yield 345 points over five-year U.S. Treasuries (5.875 pct notes due November 30, 2001); Moody's Ba2, S&amp;P BB-, IBCA BB+</p>
<p>PLANNED:</p>
<p>SOVEREIGN</p>
<p>RUSSIAN FEDERATION - Dollar Eurobond planned in the second half of June; at least seven years; leads JP Morgan, SBC Warburg; road-show June 11-18</p>
<p>RUSSIAN FEDERATION - at least one other Eurobond in autumn of 1997, currency to be determined</p>
<p>RUSSIAN FEDERATION - rouble Eurobond in 1998</p>
<p>RAILWAYS MINISTRY - dollar Eurobond in 1997, few hundred million dollars</p>
<p>REGIONS AND MUNICIPALITIES</p>
<p>CHELYABINSK  - $100 million</p>
<p>IRKUTSK REGION - early 1998, $80 million; advisers All-Russian Bank for Regional Development (agent), ING-Barings (ratings consultant)</p>
<p>ING-Barings to recommend S&amp;P and Moody's rating agencies.</p>
<p>ING-Barings said it had an advantage in being chosen as lead-manager</p>
<p>KOMI REPUBLIC - $200 million, five years</p>
<p>LENINGRAD REGION (no details)</p>
<p>MARY EL REPUBLIC - likely to drop Eurobond plans</p>
<p>MOSCOW (CITY) - roadshow May 11-23, 1997, $400 million, three years; leads CS First Boston and Nomura International; Moody's Ba2, S&amp;P BB-</p>
<p>MOSCOW (REGION) - up to $400 million, three to five years; lead SBC Warburg; expects ratings from Moody's and IBCA in May</p>
<p>NIZHNY NOVGOROD - up to $100 million late June 1997; five-years; Moody's Ba2, S&amp;P BB-</p>
<p>ST PETERSBURG - 1997, up to $300 million, two-five years; lead Salomon Bros; S&amp;P BB-, IBCA BB+ for long-term investment, B for short-term investment; road-show starts May 23;</p>
<p>SVERDLOVSK - August 1997; $100 million, six-seven years (plans total $300 million over several years); leads WestMerchant Bank, Inkombank (adviser/co-manager)</p>
<p>TATARSTAN REPUBLIC - end 1997, $200 million</p>
<p>SAMARA REGION - July 1997; $250-$400 million in several issues with a monthly interval</p>
<p>CORPORATE</p>
<p>ALMAZY ROSSII-SAKHA (ARS) - $100 million by end of 1997; later $300 million annually</p>
<p>GAZPROM - 1997</p>
<p>LUKOIL - 1998 at earliest</p>
<p>MGTS - July or September 1997, about $150 million, three to five years, 9.5 pct; leads CS First Boston, Salomon Bros</p>
<p>MOSENERGO - late 2nd qtr/early 3rd qtr 1997, $150 million, about five years; lead Salomon Bros; expects S&amp;P rating in May</p>
<p>RED OCTOBER - about $20 million; K.O. Finansy (adviser)</p>
<p>ROSTELEKOM - 1997; S&amp;P BB-</p>
<p>TATNEFT - second half 1997 or later; lead Dresdner Kleinwort Benson (recommended)</p>
<p>UES - 1997</p>
<p>BANKS</p>
<p>INKOMBANK - mid-1997, two-three years</p>
<p>NATSIONALNY REZERVNY BANK - rating in 1997</p>
<p>UNEXIMBANK - mid-1997, $100-200 million, three-five years</p>
<p>PROMSTROIBANK ST PETERSBURG - 1997, $50 million, via CS First Boston</p>
<p>--Moscow Newsroom, +7095 941 8520</p>
</text>
<copyright>(c) Reuters Limited 1997</copyright>
<metadata>
<codes class="bip:countries:1.0">
  <code code="RUSS">
    <editdetail attribution="Reuters BIP Coding Group" action="confirmed" date="1997-05-22"/>
  </code>
</codes>
<codes class="bip:topics:1.0">
  <code code="E21">
    <editdetail attribution="Reuters BIP Coding Group" action="confirmed" date="1997-05-22"/>
  </code>
  <code code="E212">
    <editdetail attribution="Reuters BIP Coding Group" action="confirmed" date="1997-05-22"/>
  </code>
  <code code="ECAT">
    <editdetail attribution="Reuters BIP Coding Group" action="confirmed" date="1997-05-22"/>
  </code>
  <code code="M12">
    <editdetail attribution="Reuters BIP Coding Group" action="confirmed" date="1997-05-22"/>
  </code>
  <code code="MCAT">
    <editdetail attribution="Reuters BIP Coding Group" action="confirmed" date="1997-05-22"/>
  </code>
</codes>
<dc element="dc.date.created" value="1997-05-22"/>
<dc element="dc.publisher" value="Reuters Holdings Plc"/>
<dc element="dc.date.published" value="1997-05-22"/>
<dc element="dc.source" value="Reuters"/>
<dc element="dc.creator.location" value="MOSCOW"/>
<dc element="dc.creator.location.country.name" value="RUSSIA"/>
<dc element="dc.source" value="Reuters"/>
</metadata>
</newsitem>
