<?xml version="1.0" encoding="iso-8859-1" ?>
<newsitem itemid="779613" id="root" date="1997-08-05" xml:lang="en">
<title>USA: TABLE - NCS Q4 shr $0.19 vs $0.13.</title>
<headline>TABLE - NCS Q4 shr $0.19 vs $0.13.</headline>
<dateline>CLEVELAND 1997-08-05</dateline>
<text>
<p>NCS HealthCare, Inc.</p>
<p>				(In Thousands, Except Per Share Data)</p>
<p>			   Three Months Ended  Twelve Months Ended</p>
<p>				  June 30,		   June 30,</p>
<p>			  1997    1996		    1997     1996</p>
<p> Revenues	  $94,136 $33,045		$275,040 $113,281</p>
<p>Cost of revenues</p>
<p>			70,523  24,232		 205,536   82,415</p>
<p> Gross profit     23,613   8,813		  69,504   30,866</p>
<p>Selling, general and</p>
<p>administrative</p>
<p>			17,606   6,192		  51,153   22,236</p>
<p>Special</p>
<p>   compensation (A)   --	--			--    2,811</p>
<p> Operating income  6,007   2,621		  18,351    5,819</p>
<p>Interest expense</p>
<p>   (income), net	74   (164)		 (1,576)    1,611</p>
<p>Income before income</p>
<p>   taxes	     5,933   2,785		  19,927    4,208</p>
<p>Income tax expense</p>
<p>			 2,551   1,226		   8,655    1,852</p>
<p> Net income	  3,382   1,559		  11,272    2,356</p>
<p>Net income per share</p>
<p>			  0.19    0.13		    0.70     0.26</p>
<p>Weighted average</p>
<p>shares</p>
<p>   outstanding    17,864  12,329		  16,191    8,971</p>
<p>NOTE: (A) The company recorded a one-time, non-recurring charge in its fiscal 1996 first quarter of $2,811,000 in connection with the termination of certain compensation arrangements with the prior owners of certain acquired businesses. Excluding the one-time charge, net income for the twelve months ended June 30, 1996 would have been $0.44 per share.</p>
</text>
<copyright>(c) Reuters Limited 1997</copyright>
<metadata>
<codes class="bip:countries:1.0">
  <code code="USA">
    <editdetail attribution="Reuters BIP Coding Group" action="confirmed" date="1997-08-05"/>
  </code>
</codes>
<codes class="bip:industries:1.0">
  <code code="I64300">
    <editdetail attribution="Reuters BIP Coding Group" action="confirmed" date="1997-08-05"/>
  </code>
</codes>
<codes class="bip:topics:1.0">
  <code code="C15">
    <editdetail attribution="Reuters BIP Coding Group" action="confirmed" date="1997-08-05"/>
  </code>
  <code code="C151">
    <editdetail attribution="Reuters BIP Coding Group" action="confirmed" date="1997-08-05"/>
  </code>
  <code code="C1511">
    <editdetail attribution="Reuters BIP Coding Group" action="confirmed" date="1997-08-05"/>
  </code>
  <code code="CCAT">
    <editdetail attribution="Reuters BIP Coding Group" action="confirmed" date="1997-08-05"/>
  </code>
</codes>
<dc element="dc.date.created" value="1997-08-05"/>
<dc element="dc.publisher" value="Reuters Holdings Plc"/>
<dc element="dc.date.published" value="1997-08-05"/>
<dc element="dc.source" value="Reuters"/>
<dc element="dc.creator.location" value="CLEVELAND"/>
<dc element="dc.creator.location.country.name" value="USA"/>
<dc element="dc.source" value="Reuters"/>
</metadata>
</newsitem>
