<?xml version="1.0" encoding="iso-8859-1" ?>
<newsitem itemid="548387" id="root" date="1997-04-29" xml:lang="en">
<title>BELGIUM: EWS could buy British Rail stake in Ferry Boats.</title>
<headline>EWS could buy British Rail stake in Ferry Boats.</headline>
<dateline>BRUSSELS 1997-04-29</dateline>
<text>
<p>American-owned English Welsh and Scottish Railways Holding Ltd (EWS) could buy out British Rail's remaining 3.9 percent stake in Belgian cross-channel freight operator Ferry-Boats NV, Ferry Boats chairman Etienne Schouppe said on Tuesday.</p>
<p>&quot;I learned today that EWS could aquire British Rail's interest,&quot; Schouppe told Reuters in an interview after Ferry-Boats annual shareholders' meeting.</p>
<p>Schouppe is managing director of Belgian national railways company SNCB/NMBS, which owns 83 percent of Ferry-Boats.</p>
<p>Belgian shipping company CMB owns 9.6 percent of Ferry Boats. Private and other small shareholders hold the balance.</p>
<p>Ferry Boats had a net profit, including losses carried over from 1995, of 170 million Belgian francs in 1996.</p>
<p>EWS is owned by a consortium of U.S. investors, led by Wisconsin Central Transportation Corp. Last year it acquired most of British Rail's freight businesses as part of the privatisation of the U.K. railway company's activities.</p>
<p>-- Nick Antonovics, Brussels Newsroom +32 2 287 6817, Fax +32 2 230 7710</p>
</text>
<copyright>(c) Reuters Limited 1997</copyright>
<metadata>
<codes class="bip:countries:1.0">
  <code code="BELG">
    <editdetail attribution="Reuters BIP Coding Group" action="confirmed" date="1997-04-29"/>
  </code>
  <code code="UK">
    <editdetail attribution="Reuters BIP Coding Group" action="confirmed" date="1997-04-29"/>
  </code>
  <code code="USA">
    <editdetail attribution="Reuters BIP Coding Group" action="confirmed" date="1997-04-29"/>
  </code>
</codes>
<codes class="bip:industries:1.0">
  <code code="I71000">
    <editdetail attribution="Reuters BIP Coding Group" action="confirmed" date="1997-04-29"/>
  </code>
</codes>
<codes class="bip:topics:1.0">
  <code code="C18">
    <editdetail attribution="Reuters BIP Coding Group" action="confirmed" date="1997-04-29"/>
  </code>
  <code code="C181">
    <editdetail attribution="Reuters BIP Coding Group" action="confirmed" date="1997-04-29"/>
  </code>
  <code code="CCAT">
    <editdetail attribution="Reuters BIP Coding Group" action="confirmed" date="1997-04-29"/>
  </code>
</codes>
<dc element="dc.date.created" value="1997-04-29"/>
<dc element="dc.publisher" value="Reuters Holdings Plc"/>
<dc element="dc.date.published" value="1997-04-29"/>
<dc element="dc.source" value="Reuters"/>
<dc element="dc.creator.location" value="BRUSSELS"/>
<dc element="dc.creator.location.country.name" value="BELGIUM"/>
<dc element="dc.source" value="Reuters"/>
</metadata>
</newsitem>
