<?xml version="1.0" encoding="iso-8859-1" ?>
<newsitem itemid="345651" id="root" date="1997-01-30" xml:lang="en">
<title>USA: Study shows smokers getting higher tar doses - WSJ.</title>
<headline>Study shows smokers getting higher tar doses - WSJ.</headline>
<dateline>NEW YORK 1997-01-30</dateline>
<text>
<p>A study sponsored by Massachusetts regulators shows that smokers receive much higher doses of tar, nicotine and carbon monoxide from cigarettes than tobacco companies disclose, the Wall Street Journal said Thursday.</p>
<p>The paper said the study is scheduled to be released today in hearings in Boston and could spur the Federal Trade Commission to change the way tobacco companies measure and disclose the figures they use in advertising.</p>
<p>Under the methods of the study, most of 10 brands tested -- including Merit 100s, Merit Ultra Lights and RJR Nabisco's Camel Filters and Camel Lights -- are yielding twice as much tar than shown in current tests, the report said.</p>
<p>Other brands included in the study are Carlton, made by B.A.T Industries, and Philip Morris' Marlboro, the report said.</p>
<p>-- New York newsdesk 212-859-1610</p>
</text>
<copyright>(c) Reuters Limited 1997</copyright>
<metadata>
<codes class="bip:countries:1.0">
  <code code="USA">
    <editdetail attribution="Reuters BIP Coding Group" action="confirmed" date="1997-01-30"/>
  </code>
</codes>
<codes class="bip:industries:1.0">
  <code code="I42900">
    <editdetail attribution="Reuters BIP Coding Group" action="confirmed" date="1997-01-30"/>
  </code>
  <code code="I83960">
    <editdetail attribution="Reuters BIP Coding Group" action="confirmed" date="1997-01-30"/>
  </code>
</codes>
<codes class="bip:topics:1.0">
  <code code="C13">
    <editdetail attribution="Reuters BIP Coding Group" action="confirmed" date="1997-01-30"/>
  </code>
  <code code="C21">
    <editdetail attribution="Reuters BIP Coding Group" action="confirmed" date="1997-01-30"/>
  </code>
  <code code="CCAT">
    <editdetail attribution="Reuters BIP Coding Group" action="confirmed" date="1997-01-30"/>
  </code>
  <code code="GCAT">
    <editdetail attribution="Reuters BIP Coding Group" action="confirmed" date="1997-01-30"/>
  </code>
  <code code="GHEA">
    <editdetail attribution="Reuters BIP Coding Group" action="confirmed" date="1997-01-30"/>
  </code>
</codes>
<dc element="dc.date.created" value="1997-01-30"/>
<dc element="dc.publisher" value="Reuters Holdings Plc"/>
<dc element="dc.date.published" value="1997-01-30"/>
<dc element="dc.source" value="Reuters"/>
<dc element="dc.creator.location" value="NEW YORK"/>
<dc element="dc.creator.location.country.name" value="USA"/>
<dc element="dc.source" value="Reuters"/>
</metadata>
</newsitem>
