<?xml version="1.0" encoding="iso-8859-1" ?>
<newsitem itemid="18083" id="root" date="1996-08-27" xml:lang="en">
<title>FRANCE: PRESS DIGEST - France - Aug 27.</title>
<headline>PRESS DIGEST - France - Aug 27.</headline>
<dateline>PARIS 1996-08-27</dateline>
<text>
<p>These are leading stories in this morning's Paris newspapers.</p>
<p>LES ECHOS</p>
<p>-- Elf picks up 17 oil exploration permits in the Gulf of Mexico.</p>
<p>-- Air France passenger turnover up six percent to 9.4 billion francs for four months of April to July, compared to year-ago.</p>
<p>-- Air France Europe consultative staff committee rejects  plan to lay off 950 staff.</p>
<p>-- Prime Minister Alain Juppe says it is still far too early to lay down medium-term public policy on digital TV, adding it was no longer the government's job to regulate everything.</p>
<p>-- GAN plans to inject 800 million francs into UIC banking unit.</p>
<p>LA TRIBUNE DESFOSSES</p>
<p>-- Liffe chairman Daniel Hodson plans switch to Euro contracts in March 1999, regardless of whether Britain opts for monetary union or not.</p>
<p>-- CDC bank warns government not to take out more than 13.5 billion francs to balance the 1997 national budget.</p>
<p>-- UIC posts 758 million franc first-half loss.</p>
<p>L'AGEFI</p>
<p>-- Speculation hits Roussel UCLAF share trading due to rumours of Hoechst buy-out.</p>
<p>-- France may help finance construction of Pudong airport near Shanghai.</p>
<p>-- Credit Agricole is set to become prime beneficiary of French banking deregulation.</p>
<p>LE FIGARO-ECONOMIE</p>
<p>-- Social security to announce estimate of 1997 health care deficit on September 23.</p>
<p>LIBERATION</p>
<p>--  Egypt, Israel and U.S. meet yesterday to prepare third Middle East economic conference slated for Cairo in November.</p>
<p>-- French judge Eva Joly in Jerusalem to take statement from Claude Richard, a key figure in the Elf sleaze probe.</p>
<p>THE INTERNATIONAL HERALD TRIBUNE</p>
<p>-- Businessman, leftist politician and convicted felon Bernard Tapie to resign from French parliament the same week he becomes a film star.</p>
<p>-- France braces for a season of labour strikes after summer break.</p>
<p>LE PARISIEN</p>
<p>-- Government readies major legislation to limit damage from several scandals.</p>
<p>-- Michelin launches green automobile tyre -- other colours now possible too.</p>
<p>-- Paris Newsroom +33 1 4221 5381</p>
</text>
<copyright>(c) Reuters Limited 1996</copyright>
<metadata>
<codes class="bip:countries:1.0">
  <code code="FRA">
    <editdetail attribution="Reuters BIP Coding Group" action="confirmed" date="1996-08-27"/>
  </code>
</codes>
<codes class="bip:topics:1.0">
  <code code="GCAT">
    <editdetail attribution="Reuters BIP Coding Group" action="confirmed" date="1996-08-27"/>
  </code>
</codes>
<dc element="dc.date.created" value="1996-08-27"/>
<dc element="dc.publisher" value="Reuters Holdings Plc"/>
<dc element="dc.date.published" value="1996-08-27"/>
<dc element="dc.source" value="Reuters"/>
<dc element="dc.creator.location" value="PARIS"/>
<dc element="dc.creator.location.country.name" value="FRANCE"/>
<dc element="dc.source" value="Reuters"/>
</metadata>
</newsitem>
