<?xml version="1.0" encoding="iso-8859-1" ?>
<newsitem itemid="802559" id="root" date="1997-08-15" xml:lang="en">
<title>USA: TABLE - QuesTech Q2 net per share flat.</title>
<headline>TABLE - QuesTech Q2 net per share flat.</headline>
<dateline>FALLS CHURCH, Va. 1997-08-15</dateline>
<text>
<p>QUESTECH INC SUMMARY -- RESULTS OF OPERATIONS</p>
<p>	 (In thousands of dollars except earnings per share and</p>
<p>			 Weighted Average Number of Shares)</p>
<p>					    Three Months Ending June 30</p>
<p>					  1997			  1996</p>
<p> Revenues			   $19,354		     $19,834</p>
<p> Operating Expenses		18,901			19,402</p>
<p> Income from Operations	     453			   431</p>
<p> Earnings before Income Taxes     295			   300</p>
<p> Net Earnings			   170			   168</p>
<p>Earnings per Share:</p>
<p>   Primary			     0.11			  0.11</p>
<p>   Fully diluted		     0.11			  0.11</p>
<p>Weighted Average</p>
<p>Number of Shares:</p>
<p>     Primary		    1,512,956		   1,517,314</p>
<p>     Fully diluted	    1,537,421		   1,518,925</p>
<p>						Six Months Ending June 30</p>
<p>					  1997			  1996</p>
<p> Revenues			   $39,167		     $34,341</p>
<p> Operating Expenses		38,363			33,605</p>
<p> Income from Operations	     804			   736</p>
<p> Earnings before Income Taxes     506			   498</p>
<p> Net Earnings			   292			   279</p>
<p>Earnings per Share:</p>
<p>   Primary			     0.19			  0.18</p>
<p>   Fully diluted		     0.19			  0.18</p>
<p>Weighted Average Number of Shares:</p>
<p>   Primary			1,510,428		   1,517,011</p>
<p>   Fully diluted		1,536,521		   1,517,773</p>
<p>-- New York Newsdesk 212 859-1610</p>
</text>
<copyright>(c) Reuters Limited 1997</copyright>
<metadata>
<codes class="bip:countries:1.0">
  <code code="USA">
    <editdetail attribution="Reuters BIP Coding Group" action="confirmed" date="1997-08-15"/>
  </code>
</codes>
<codes class="bip:industries:1.0">
  <code code="I83960">
    <editdetail attribution="Reuters BIP Coding Group" action="confirmed" date="1997-08-15"/>
  </code>
</codes>
<codes class="bip:topics:1.0">
  <code code="C15">
    <editdetail attribution="Reuters BIP Coding Group" action="confirmed" date="1997-08-15"/>
  </code>
  <code code="C151">
    <editdetail attribution="Reuters BIP Coding Group" action="confirmed" date="1997-08-15"/>
  </code>
  <code code="CCAT">
    <editdetail attribution="Reuters BIP Coding Group" action="confirmed" date="1997-08-15"/>
  </code>
</codes>
<dc element="dc.date.created" value="1997-08-15"/>
<dc element="dc.publisher" value="Reuters Holdings Plc"/>
<dc element="dc.date.published" value="1997-08-15"/>
<dc element="dc.source" value="Reuters"/>
<dc element="dc.creator.location" value="FALLS CHURCH, Va."/>
<dc element="dc.creator.location.country.name" value="USA"/>
<dc element="dc.source" value="Reuters"/>
</metadata>
</newsitem>
