<?xml version="1.0" encoding="iso-8859-1" ?>
<newsitem itemid="100478" id="root" date="1996-10-07" xml:lang="en">
<title>USA: WFI adds Climactic as distributor.</title>
<headline>WFI adds Climactic as distributor.</headline>
<dateline>FORT WAYNE, Ind. 1996-10-07</dateline>
<text>
<p>WFI Industries Ltd said Monday it added Climactic Corp as its exclusive distributor in Arkansas, northern Louisiana and northern Texas for the WaterFurnace line of geothermal and water-source heating, cooling and hot water systems.</p>
<p>WFI's line of geothermal heating and cooling products are sold under the WaterFurnace brand name.</p>
<p>	   -- Chicago newsdesk 312 408-8787</p>
</text>
<copyright>(c) Reuters Limited 1996</copyright>
<metadata>
<codes class="bip:countries:1.0">
  <code code="USA">
    <editdetail attribution="Reuters BIP Coding Group" action="confirmed" date="1996-10-07"/>
  </code>
</codes>
<codes class="bip:industries:1.0">
  <code code="I32840">
    <editdetail attribution="Reuters BIP Coding Group" action="confirmed" date="1996-10-07"/>
  </code>
</codes>
<codes class="bip:topics:1.0">
  <code code="C33">
    <editdetail attribution="Reuters BIP Coding Group" action="confirmed" date="1996-10-07"/>
  </code>
  <code code="CCAT">
    <editdetail attribution="Reuters BIP Coding Group" action="confirmed" date="1996-10-07"/>
  </code>
</codes>
<dc element="dc.date.created" value="1996-10-07"/>
<dc element="dc.publisher" value="Reuters Holdings Plc"/>
<dc element="dc.date.published" value="1996-10-07"/>
<dc element="dc.source" value="Reuters"/>
<dc element="dc.creator.location" value="FORT WAYNE, Ind."/>
<dc element="dc.creator.location.country.name" value="USA"/>
<dc element="dc.source" value="Reuters"/>
</metadata>
</newsitem>
