<?xml version="1.0" encoding="iso-8859-1" ?>
<newsitem itemid="619118" id="root" date="1997-05-28" xml:lang="en">
<title>USA: MDI Instruments gets FDA okay for ear fluid check.</title>
<headline>MDI Instruments gets FDA okay for ear fluid check.</headline>
<dateline>WOBURN, Mass. 1997-05-28</dateline>
<text>
<p>MDI Instruments Inc, a privately held maker of medical instruments, said on Wednesday that the U.S. Food and Drug Administration has given the company 51OK clearance to market its EarCheck Pro Otitis Media Detector.</p>
<p>MDI said the new instrument is designed to facilitate physicians' diagnosis of otitis media, or inflammation with or without infection of the middle ear, by confirming the presence of middle ear fluid.</p>
</text>
<copyright>(c) Reuters Limited 1997</copyright>
<metadata>
<codes class="bip:countries:1.0">
  <code code="USA">
    <editdetail attribution="Reuters BIP Coding Group" action="confirmed" date="1997-05-28"/>
  </code>
</codes>
<codes class="bip:topics:1.0">
  <code code="C13">
    <editdetail attribution="Reuters BIP Coding Group" action="confirmed" date="1997-05-28"/>
  </code>
  <code code="C22">
    <editdetail attribution="Reuters BIP Coding Group" action="confirmed" date="1997-05-28"/>
  </code>
  <code code="CCAT">
    <editdetail attribution="Reuters BIP Coding Group" action="confirmed" date="1997-05-28"/>
  </code>
</codes>
<dc element="dc.date.created" value="1997-05-28"/>
<dc element="dc.publisher" value="Reuters Holdings Plc"/>
<dc element="dc.date.published" value="1997-05-28"/>
<dc element="dc.source" value="Reuters"/>
<dc element="dc.creator.location" value="WOBURN, Mass."/>
<dc element="dc.creator.location.country.name" value="USA"/>
<dc element="dc.source" value="Reuters"/>
</metadata>
</newsitem>
