<?xml version="1.0" encoding="iso-8859-1" ?>
<newsitem itemid="58264" id="root" date="1996-09-17" xml:lang="en">
<title>NEW ZEALAND: NZ ADRs end firmer in N.Y., Dow closes flat.</title>
<headline>NZ ADRs end firmer in N.Y., Dow closes flat.</headline>
<dateline>WELLINGTON 1996-09-18</dateline>
<text>
<p>New Zealand ADRs ended firmer while the Dow Jones Index closed 0.37 of a point lower at 5,888.83.</p>
<p>Price movements of NZ stocks listed in the U.S. and Britain. Company		   Exchange    Last	  Net change</p>
<p>FCL Bldg	 N.Y.    US$23	     +0 1/4</p>
<p>FCL Engy	 N.Y.    US$24 3/8	 +0 1/4</p>
<p>FCL Paper	N.Y.    US$19 1/2	 +0 1/4</p>
<p>FCL Forest     N.Y.    US$14	     +0 1/8</p>
<p>Telecom	  N.Y.    US$77 3/8	 +0 1/2</p>
<p>Guinness Peat  London  untraded  </p>
<p>Brierley	 London  untraded</p>
<p>NZ IT	    London  232		 +1 1/2</p>
<p>Foreign &amp; Col London  158 3/4	   -0 1/4</p>
<p>Templeton	London  136 1/2	   +0 1/2</p>
<p>Notes - In New York, Telecom's American Depository Receipts are traded in bundles of 16 shares, while both the Fletcher Challenge shares are in bundles of 10 each. Tranz Rail ADSs are groups of three ordinary shares.</p>
<p>- London prices are mid-rates.</p>
<p>- Wellington Newsroom 64 4 4734 746</p>
</text>
<copyright>(c) Reuters Limited 1996</copyright>
<metadata>
<codes class="bip:countries:1.0">
  <code code="USA">
    <editdetail attribution="Reuters BIP Coding Group" action="confirmed" date="1996-09-17"/>
  </code>
</codes>
<codes class="bip:industries:1.0">
  <code code="I02000">
    <editdetail attribution="Reuters BIP Coding Group" action="confirmed" date="1996-09-17"/>
  </code>
  <code code="I13000">
    <editdetail attribution="Reuters BIP Coding Group" action="confirmed" date="1996-09-17"/>
  </code>
  <code code="I50100">
    <editdetail attribution="Reuters BIP Coding Group" action="confirmed" date="1996-09-17"/>
  </code>
  <code code="I79020">
    <editdetail attribution="Reuters BIP Coding Group" action="confirmed" date="1996-09-17"/>
  </code>
  <code code="I81502">
    <editdetail attribution="Reuters BIP Coding Group" action="confirmed" date="1996-09-17"/>
  </code>
  <code code="I8150206">
    <editdetail attribution="Reuters BIP Coding Group" action="confirmed" date="1996-09-17"/>
  </code>
  <code code="I83960">
    <editdetail attribution="Reuters BIP Coding Group" action="confirmed" date="1996-09-17"/>
  </code>
</codes>
<codes class="bip:topics:1.0">
  <code code="C15">
    <editdetail attribution="Reuters BIP Coding Group" action="confirmed" date="1996-09-17"/>
  </code>
  <code code="C152">
    <editdetail attribution="Reuters BIP Coding Group" action="confirmed" date="1996-09-17"/>
  </code>
  <code code="CCAT">
    <editdetail attribution="Reuters BIP Coding Group" action="confirmed" date="1996-09-17"/>
  </code>
</codes>
<dc element="dc.date.created" value="1996-09-18"/>
<dc element="dc.publisher" value="Reuters Holdings Plc"/>
<dc element="dc.date.published" value="1996-09-17"/>
<dc element="dc.source" value="Reuters"/>
<dc element="dc.creator.location" value="WELLINGTON"/>
<dc element="dc.creator.location.country.name" value="NEW ZEALAND"/>
<dc element="dc.source" value="Reuters"/>
</metadata>
</newsitem>
