<?xml version="1.0" encoding="iso-8859-1" ?>
<newsitem itemid="148347" id="root" date="1996-10-28" xml:lang="en">
<title>DUBAI: Enron eyes India as market for Qatar gas.</title>
<headline>Enron eyes India as market for Qatar gas.</headline>
<dateline>DUBAI 1996-10-28</dateline>
<text>
<p>Enron Development Corp president Joseph Sutton said he was optimistic that plans to ship Qatari liquefied natural gas to Israel would stay on track, but added that India was also an important for the project.</p>
<p>&quot;We've been working with the Qataris on marketing gas to India primarily and then to Israel and Jordan,&quot; Sutton said in answer to a question at an infrastructure conference in Dubai.</p>
<p>&quot;Our hope would be to sell a train to India and send one to Israel and Jordan. We would like to split our customer base,&quot; he said.</p>
<p>But he added it was possible that Indian demand could absorb much of the exports from the $4 billion planned project in Qatar.</p>
<p>&quot;We are encouraged by the Indian projects, particularly the project in Gujarat. It is always possible that India could take some of gas (intended to go to Israel),&quot; he said.</p>
<p>Enron has been in talks with Qatar to launch the Gulf Arab state's third LNG project and still has a heads of agreement in place with Doha despite losing in September an exclusivity supply arrangement with the Israeli government for LNG.</p>
<p>The U.S. company is building a $2.8 billion power plant in the western Indian port of Dabhol, where it needs at least two million tonnes of gas a year.</p>
</text>
<copyright>(c) Reuters Limited 1996</copyright>
<metadata>
<codes class="bip:countries:1.0">
  <code code="INDIA">
    <editdetail attribution="Reuters BIP Coding Group" action="confirmed" date="1996-10-28"/>
  </code>
  <code code="ISRAEL">
    <editdetail attribution="Reuters BIP Coding Group" action="confirmed" date="1996-10-28"/>
  </code>
  <code code="JORDAN">
    <editdetail attribution="Reuters BIP Coding Group" action="confirmed" date="1996-10-28"/>
  </code>
  <code code="QATAR">
    <editdetail attribution="Reuters BIP Coding Group" action="confirmed" date="1996-10-28"/>
  </code>
  <code code="UAE">
    <editdetail attribution="Reuters BIP Coding Group" action="confirmed" date="1996-10-28"/>
  </code>
</codes>
<codes class="bip:industries:1.0">
  <code code="I13000">
    <editdetail attribution="Reuters BIP Coding Group" action="confirmed" date="1996-10-28"/>
  </code>
</codes>
<codes class="bip:topics:1.0">
  <code code="C31">
    <editdetail attribution="Reuters BIP Coding Group" action="confirmed" date="1996-10-28"/>
  </code>
  <code code="C312">
    <editdetail attribution="Reuters BIP Coding Group" action="confirmed" date="1996-10-28"/>
  </code>
  <code code="C33">
    <editdetail attribution="Reuters BIP Coding Group" action="confirmed" date="1996-10-28"/>
  </code>
  <code code="CCAT">
    <editdetail attribution="Reuters BIP Coding Group" action="confirmed" date="1996-10-28"/>
  </code>
</codes>
<dc element="dc.date.created" value="1996-10-28"/>
<dc element="dc.publisher" value="Reuters Holdings Plc"/>
<dc element="dc.date.published" value="1996-10-28"/>
<dc element="dc.source" value="Reuters"/>
<dc element="dc.creator.location" value="DUBAI"/>
<dc element="dc.creator.location.country.name" value="DUBAI"/>
<dc element="dc.source" value="Reuters"/>
</metadata>
</newsitem>
