<?xml version="1.0" encoding="iso-8859-1" ?>
<newsitem itemid="421445" id="root" date="1997-03-05" xml:lang="en">
<title>INDIA: Indian repos cut-off unchanged at 5.0 pct.</title>
<headline>Indian repos cut-off unchanged at 5.0 pct.</headline>
<dateline>BOMBAY 1997-03-05</dateline>
<text>
<p>The Reserve Bank of India (RBI) said on Wednesday it kept the cut-off rate unchanged at five percent at its four-day repos auction of government of India securities.  </p>
<p>The RBI said it received 28 bids for 30.45 billion rupees of which it accepted 27 bids for 30.35 billion.</p>
<p>The weighted-average cut-off worked out to 4.9887 percent, it said.</p>
<p>--Bombay Newsroom +91-22-265-9000</p>
</text>
<copyright>(c) Reuters Limited 1997</copyright>
<metadata>
<codes class="bip:countries:1.0">
  <code code="INDIA">
    <editdetail attribution="Reuters BIP Coding Group" action="confirmed" date="1997-03-05"/>
  </code>
</codes>
<codes class="bip:topics:1.0">
  <code code="M13">
    <editdetail attribution="Reuters BIP Coding Group" action="confirmed" date="1997-03-05"/>
  </code>
  <code code="M131">
    <editdetail attribution="Reuters BIP Coding Group" action="confirmed" date="1997-03-05"/>
  </code>
  <code code="MCAT">
    <editdetail attribution="Reuters BIP Coding Group" action="confirmed" date="1997-03-05"/>
  </code>
</codes>
<dc element="dc.date.created" value="1997-03-05"/>
<dc element="dc.publisher" value="Reuters Holdings Plc"/>
<dc element="dc.date.published" value="1997-03-05"/>
<dc element="dc.source" value="Reuters"/>
<dc element="dc.creator.location" value="BOMBAY"/>
<dc element="dc.creator.location.country.name" value="INDIA"/>
<dc element="dc.source" value="Reuters"/>
</metadata>
</newsitem>
