<?xml version="1.0" encoding="iso-8859-1" ?>
<newsitem itemid="797337" id="root" date="1997-08-13" xml:lang="en">
<title>USA: FINAL PRICING -- N.Y. MTA $277 MLN COMMUTER BONDS.</title>
<headline>FINAL PRICING -- N.Y. MTA $277 MLN COMMUTER BONDS.</headline>
<text>
<p>METROPOLITAN TRANSPORTATION AUTHORITY</p>
<p>RE: $276,605,000</p>
<p>COMMUTER FACILITIES REVENUE BONDS</p>
<p>SERIES 1997C</p>
<p>WRITTEN AWARD.</p>
<p>DELIVERY IS FIRM FOR AUGUST 27, 1997.</p>
<p>MOODY'S: Baa1	  S&amp;P: BBB+		FITCH: A-</p>
<p>CONFIRMED UNDERLYING CONFIRMED UNDERLYING CONFIRMED UNDERLYING 2002-2027: FGIC INSURED</p>
<p>DATED: 08/01/1997    FIRST COUPON: 01/01/1998</p>
<p>DUE: 07/01</p>
<p> MATURITY		AMOUNT     COUPON	   PRICE</p>
<p>07/01/1998		4,175M    4.00  %	NRO</p>
<p>07/01/1999		4,345M    4.00  %	  4.10</p>
<p>						  (Approx. $ Price 99.819)</p>
<p>07/01/2000		4,520M    4.20  %	  4.30</p>
<p>						  (Approx. $ Price 99.73 )</p>
<p>07/01/2001		4,710M    4.40  %	  4.45</p>
<p>						  (Approx. $ Price 99.819)</p>
<p>07/01/2002 ***	  4,915M    4.40  %	  4.45</p>
<p>						  (Approx. $ Price 99.779)</p>
<p>07/01/2003 ***	  5,130M    4.50  %	  4.55</p>
<p>						  (Approx. $ Price 99.74 )</p>
<p>07/01/2004 ***	  5,365M    4.60  %	  4.65</p>
<p>						  (Approx. $ Price 99.704)</p>
<p>07/01/2005 ***	  5,610M    6.00  %	  4.70</p>
<p>						  (Approx. $ Price 108.439)</p>
<p>07/01/2006 ***	  5,945M    6.00  %	  4.80</p>
<p>						  (Approx. $ Price 108.558)</p>
<p>07/01/2007 ***	  6,300M    6.00  %	  4.87</p>
<p>						  (Approx. $ Price 108.746)</p>
<p>07/01/2008 ***	  6,680M    5.125 %	  5.00</p>
<p>						  (Approx. $ Price 101.029)</p>
<p>07/01/2009 ***	  7,025M    5.00  %	  5.10</p>
<p>						  (Approx. $ Price 99.112)</p>
<p>07/01/2010 ***	  7,375M    5.00  %	  5.20</p>
<p>						  (Approx. $ Price 98.136)</p>
<p>07/01/2011 ***	  7,745M    5.00  %	  5.25</p>
<p>						  (Approx. $ Price 97.554)</p>
<p>07/01/2012 ***	  8,130M    5.125 %	  5.30</p>
<p>						  (Approx. $ Price 98.209)</p>
<p>07/01/2013 ***	  8,545M    5.125 %	  5.35</p>
<p>						  (Approx. $ Price 97.609)</p>
<p>07/01/2014 ***	  8,985M    5.125 %	  5.40</p>
<p>						  (Approx. $ Price 96.975)</p>
<p>07/01/2017 ***	 29,850M    5.25  %	  5.48</p>
<p>						  (Approx. $ Price 97.23 )</p>
<p>07/01/2020 ***	 34,885M    5.50  %	  5.53</p>
<p>						  (Approx. $ Price 99.605)</p>
<p>07/01/2022 ***	 26,545M    5.30  %	  5.53</p>
<p>						  (Approx. $ Price 96.905)</p>
<p>07/01/2027 ***	 79,825M    5.375 %	  5.56</p>
<p>						  (Approx. $ Price 97.312)</p>
<p>CALL FEATURES: 07/01/2007    101.00</p>
<p>		   DTP 07/01/2009</p>
<p>The compliance addendum MSRB Rule G-11 will apply.</p>
<p>This issue is book entry through DTC.</p>
<p>Smith Barney Inc.</p>
<p>PaineWebber Incorporated</p>
<p>Bear, Stearns &amp; Co. Inc.</p>
<p>Goldman, Sachs &amp; Co.</p>
<p>J.P. Morgan Securities Inc.</p>
<p>Lehman Brothers</p>
<p>Merrill Lynch &amp; Co.</p>
<p>Morgan Stanley Dean Witter</p>
<p>Prudential Securities Incorporated</p>
<p>Artemis Capital Group, Inc.</p>
<p>Cambridge Partners LLC</p>
<p>First Albany Corporation</p>
<p>Greenwich Partners, Inc.</p>
<p>Lebenthal &amp; Co., Inc.</p>
<p>Pryor, McClendon, Counts &amp; Co., Inc.</p>
<p>Roosevelt &amp; Cross, Inc.</p>
<p>Samuel A. Ramirez &amp; Company, Inc.</p>
<p>William E. Simon &amp; Sons Municipal Securities Inc.</p>
<p>--U.S. Municipal Desk, 212-859-1650 No text received</p>
</text>
<copyright>(c) Reuters Limited 1997</copyright>
<metadata>
<codes class="bip:countries:1.0">
  <code code="USA">
    <editdetail attribution="Reuters BIP Coding Group" action="confirmed" date="1997-08-13"/>
  </code>
</codes>
<codes class="bip:topics:1.0">
  <code code="E21">
    <editdetail attribution="Reuters BIP Coding Group" action="confirmed" date="1997-08-13"/>
  </code>
  <code code="E212">
    <editdetail attribution="Reuters BIP Coding Group" action="confirmed" date="1997-08-13"/>
  </code>
  <code code="ECAT">
    <editdetail attribution="Reuters BIP Coding Group" action="confirmed" date="1997-08-13"/>
  </code>
</codes>
<dc element="dc.publisher" value="Reuters Holdings Plc"/>
<dc element="dc.date.published" value="1997-08-13"/>
<dc element="dc.source" value="Reuters"/>
<dc element="dc.creator.location.country.name" value="USA"/>
<dc element="dc.source" value="Reuters"/>
</metadata>
</newsitem>
