<?xml version="1.0" encoding="iso-8859-1" ?>
<newsitem itemid="277246" id="root" date="1996-12-26" xml:lang="en">
<title>USA: PRESS DIGEST - New York Times business - Dec 26.</title>
<headline>PRESS DIGEST - New York Times business - Dec 26.</headline>
<dateline>NEW YORK 1996-12-26</dateline>
<text>
<p>The New York Times reported the following business stories on Thursday:</p>
<p>- Shoney's, the big restaurant chain which settled one of the nation's largest racial descrimination lawsuits in 1992, is at the centre of a debate between large investors and the SEC over shareholder resolutions about workplace issues.</p>
<p>- The DC-9 that crached near Miami in May was owned and operated by ValuJet Inc, but Tower Air, a different low-fare airline, says it is still struggling to recover from the crash.</p>
<p>- A group of reports from foreign countries shows the American trend of returning up to 12 percent of purchased goods is one consumer trend that has not been exported.</p>
<p>- Japan's Cabinet approved a budget proposal for the next fiscal year that would raise the consumption tax but would still fall short of hopes for austerity measures to cut the defecit.</p>
<p>- Japan's Prime Minister approved a proposal to reform the Finance Ministry.</p>
<p>- Federal regulators, moving to reduce the fees regional telephone companies charge to connect long-distance calls, said they might let the industry lower the charges gradually, without a timetable.</p>
<p>- Though stock markets were closed in most of the world, share prices bounced back on Christmas Day in Japan.</p>
<p>- Banc One has abandoned a plan that would have allowed consumers to use credit cards to borrow as much as $10,000 against their 401(k) retirement funds.</p>
<p>- As managed care is being criticised for cutting hospital stays short and penalising doctors who order expensive procedures, a legislative committee in Connecticut has found that managed care seems to be reducing health care costs while satisfying consumers.</p>
<p>- Robert Citron, former treasurer of Orange County, Calif., could end up picking up roadside trash instead of going to jail.</p>
<p>-- New York Newsdesk 212-859-1610</p>
</text>
<copyright>(c) Reuters Limited 1996</copyright>
<metadata>
<codes class="bip:countries:1.0">
  <code code="USA">
    <editdetail attribution="Reuters BIP Coding Group" action="confirmed" date="1996-12-26"/>
  </code>
</codes>
<codes class="bip:topics:1.0">
  <code code="GCAT">
    <editdetail attribution="Reuters BIP Coding Group" action="confirmed" date="1996-12-26"/>
  </code>
</codes>
<dc element="dc.date.created" value="1996-12-26"/>
<dc element="dc.publisher" value="Reuters Holdings Plc"/>
<dc element="dc.date.published" value="1996-12-26"/>
<dc element="dc.source" value="Reuters"/>
<dc element="dc.creator.location" value="NEW YORK"/>
<dc element="dc.creator.location.country.name" value="USA"/>
<dc element="dc.source" value="Reuters"/>
</metadata>
</newsitem>
