<?xml version="1.0" encoding="iso-8859-1" ?>
<newsitem itemid="250691" id="root" date="1996-12-11" xml:lang="en">
<title>AUSTRALIA: RTRS-Australian petroleum exploration near record.</title>
<headline>RTRS-Australian petroleum exploration near record.</headline>
<dateline>CANBERRA 1996-12-11</dateline>
<text>
<p>Australia's Bureau of Resource Sciences said on Wednesday the level of Australian offshore petroleum seismic activity in the first nine months of 1996 was the second highest on record.</p>
<p>Spokesman Paul Williamson said the September quarter figures indicated an upcoming surge in drilling activity.</p>
<p>&quot;So far this year, more than 245,000 line kms of offshore seismic data were recorded, over a third more than last year,&quot; Williamson said in a statement.  </p>
<p>&quot;This amount of data collected is extremely encouraging for future increases in exploration drilling, possibly leading to increased discoveries of new fields.&quot;</p>
<p>He said a large survey in the Timor Sea had contributed more than 40 percent of the line kms shot so far.</p>
<p>Offshore exploration drilling accounted for 38 wells, or eight below the near record level reported for the same period last year, he said.</p>
<p>-- Canberra Bureau 61-6 273-2730</p>
</text>
<copyright>(c) Reuters Limited 1996</copyright>
<metadata>
<codes class="bip:countries:1.0">
  <code code="AUSTR">
    <editdetail attribution="Reuters BIP Coding Group" action="confirmed" date="1996-12-11"/>
  </code>
</codes>
<codes class="bip:industries:1.0">
  <code code="I13000">
    <editdetail attribution="Reuters BIP Coding Group" action="confirmed" date="1996-12-11"/>
  </code>
  <code code="I1300002">
    <editdetail attribution="Reuters BIP Coding Group" action="confirmed" date="1996-12-11"/>
  </code>
</codes>
<codes class="bip:topics:1.0">
  <code code="C21">
    <editdetail attribution="Reuters BIP Coding Group" action="confirmed" date="1996-12-11"/>
  </code>
  <code code="C24">
    <editdetail attribution="Reuters BIP Coding Group" action="confirmed" date="1996-12-11"/>
  </code>
  <code code="CCAT">
    <editdetail attribution="Reuters BIP Coding Group" action="confirmed" date="1996-12-11"/>
  </code>
</codes>
<dc element="dc.date.created" value="1996-12-11"/>
<dc element="dc.publisher" value="Reuters Holdings Plc"/>
<dc element="dc.date.published" value="1996-12-11"/>
<dc element="dc.source" value="Reuters"/>
<dc element="dc.creator.location" value="CANBERRA"/>
<dc element="dc.creator.location.country.name" value="AUSTRALIA"/>
<dc element="dc.source" value="Reuters"/>
</metadata>
</newsitem>
