<?xml version="1.0" encoding="iso-8859-1" ?>
<newsitem itemid="566905" id="root" date="1997-05-07" xml:lang="en">
<title>INDIA: Yield on Indian 364-day t-bill steady at 9.0 pct.</title>
<headline>Yield on Indian 364-day t-bill steady at 9.0 pct.</headline>
<dateline>BOMBAY 1997-05-07</dateline>
<text>
<p>The Reserve Bank of India (RBI) said on Wednesday it maintained the cut-off price at 91.76 rupees at its fortnightly auction of 364-day treasury bills.</p>
<p>Dealers said the yield was unchanged at 9.0 percent.  </p>
<p>The RBI said it received 23 bids for 3.71 billion rupees of which it accepted one bid for 350 million rupees.</p>
<p>The weighted-average yield worked out to 8.9799 percent, it said.</p>
<p>-- Bombay newsroom +91-22-265 9000</p>
</text>
<copyright>(c) Reuters Limited 1997</copyright>
<metadata>
<codes class="bip:countries:1.0">
  <code code="INDIA">
    <editdetail attribution="Reuters BIP Coding Group" action="confirmed" date="1997-05-07"/>
  </code>
</codes>
<codes class="bip:topics:1.0">
  <code code="M13">
    <editdetail attribution="Reuters BIP Coding Group" action="confirmed" date="1997-05-07"/>
  </code>
  <code code="M131">
    <editdetail attribution="Reuters BIP Coding Group" action="confirmed" date="1997-05-07"/>
  </code>
  <code code="MCAT">
    <editdetail attribution="Reuters BIP Coding Group" action="confirmed" date="1997-05-07"/>
  </code>
</codes>
<dc element="dc.date.created" value="1997-05-07"/>
<dc element="dc.publisher" value="Reuters Holdings Plc"/>
<dc element="dc.date.published" value="1997-05-07"/>
<dc element="dc.source" value="Reuters"/>
<dc element="dc.creator.location" value="BOMBAY"/>
<dc element="dc.creator.location.country.name" value="INDIA"/>
<dc element="dc.source" value="Reuters"/>
</metadata>
</newsitem>
