<?xml version="1.0" encoding="iso-8859-1" ?>
<newsitem itemid="415914" id="root" date="1997-03-03" xml:lang="en">
<title>ITALY: Fiat raises its Italy car prices 1.6 pct.</title>
<headline>Fiat raises its Italy car prices 1.6 pct.</headline>
<dateline>TURIN, Italy 1997-03-03</dateline>
<text>
<p>Italian car maker Fiat Auto confirmed on Monday that it was raising the price of its cars in Italy by an average 1.6 percent from today.</p>
<p>The last time Fiat raised its car prices in Italy was in March 1996, but this price rise only applied to certain models.</p>
<p>-- Milan newsroom +392 66129502</p>
</text>
<copyright>(c) Reuters Limited 1997</copyright>
<metadata>
<codes class="bip:countries:1.0">
  <code code="ITALY">
    <editdetail attribution="Reuters BIP Coding Group" action="confirmed" date="1997-03-03"/>
  </code>
</codes>
<codes class="bip:industries:1.0">
  <code code="I35101">
    <editdetail attribution="Reuters BIP Coding Group" action="confirmed" date="1997-03-03"/>
  </code>
</codes>
<codes class="bip:topics:1.0">
  <code code="C31">
    <editdetail attribution="Reuters BIP Coding Group" action="confirmed" date="1997-03-03"/>
  </code>
  <code code="CCAT">
    <editdetail attribution="Reuters BIP Coding Group" action="confirmed" date="1997-03-03"/>
  </code>
</codes>
<dc element="dc.date.created" value="1997-03-03"/>
<dc element="dc.publisher" value="Reuters Holdings Plc"/>
<dc element="dc.date.published" value="1997-03-03"/>
<dc element="dc.source" value="Reuters"/>
<dc element="dc.creator.location" value="TURIN, Italy"/>
<dc element="dc.creator.location.country.name" value="ITALY"/>
<dc element="dc.source" value="Reuters"/>
</metadata>
</newsitem>
