<?xml version="1.0" encoding="iso-8859-1" ?>
<newsitem itemid="268292" id="root" date="1996-12-19" xml:lang="en">
<title>GERMANY: Tietmeyer - Bad if nations delay reform until in EMU.</title>
<headline>Tietmeyer - Bad if nations delay reform until in EMU.</headline>
<dateline>FRANKFURT 1996-12-19</dateline>
<text>
<p>Bundesbank president Hans Tietmeyer on Thursday said it would be very bad if nations wanting to join European monetary union delayed structural reform until they were actually in the planned union.</p>
<p>Tietmeyer made the comment during a news conference at which the Bundesbank had earlier outlined its new M3 money supply growth orientation.</p>
<p>--Frankfurt Newsroom, +49 69 756525</p>
</text>
<copyright>(c) Reuters Limited 1996</copyright>
<metadata>
<codes class="bip:countries:1.0">
  <code code="EEC">
    <editdetail attribution="Reuters BIP Coding Group" action="confirmed" date="1996-12-19"/>
  </code>
  <code code="GFR">
    <editdetail attribution="Reuters BIP Coding Group" action="confirmed" date="1996-12-19"/>
  </code>
</codes>
<codes class="bip:topics:1.0">
  <code code="E12">
    <editdetail attribution="Reuters BIP Coding Group" action="confirmed" date="1996-12-19"/>
  </code>
  <code code="ECAT">
    <editdetail attribution="Reuters BIP Coding Group" action="confirmed" date="1996-12-19"/>
  </code>
  <code code="G15">
    <editdetail attribution="Reuters BIP Coding Group" action="confirmed" date="1996-12-19"/>
  </code>
  <code code="G154">
    <editdetail attribution="Reuters BIP Coding Group" action="confirmed" date="1996-12-19"/>
  </code>
  <code code="GCAT">
    <editdetail attribution="Reuters BIP Coding Group" action="confirmed" date="1996-12-19"/>
  </code>
</codes>
<dc element="dc.date.created" value="1996-12-19"/>
<dc element="dc.publisher" value="Reuters Holdings Plc"/>
<dc element="dc.date.published" value="1996-12-19"/>
<dc element="dc.source" value="Reuters"/>
<dc element="dc.creator.location" value="FRANKFURT"/>
<dc element="dc.creator.location.country.name" value="GERMANY"/>
<dc element="dc.source" value="Reuters"/>
</metadata>
</newsitem>
