<?xml version="1.0" encoding="iso-8859-1" ?>
<newsitem itemid="648603" id="root" date="1997-06-09" xml:lang="en">
<title>PHILIPPINES: Victorias denies loan anomaly.</title>
<headline>Victorias denies loan anomaly.</headline>
<dateline>MANILA 1997-06-09</dateline>
<text>
<p>Cash-strapped Victorias Milling Corp denied on Monday reports in Philippine newspaper of alleged loan irregularities involving some 500 million pesos.</p>
<p>&quot;The reports are not true. All the bank loans of Victorias were covered by mortgage indentures and sugar quedans (warehouses),&quot; an official of the sugar miller told Reuters.</p>
<p>&quot;The report must be referring to imported sugar in quedans used as collateral by one of Victorias' subsidiaries.&quot;</p>
<p>Philippine newspaper reported on Monday that some banks found recently they had been issued worthless collateral involving sugar stocks of Victorias.  </p>
<p>The official said Victorias subsidiary North Negros Marketing Corp had sought approval from the government to release imported refined sugar in the domestic market.</p>
<p>State-agency Sugar Regulatory Board regulates the sale of imported sugar.</p>
<p>Victorias has sought a debt moratorium on its principal payment of 4.423 billion pesos from 32 foreign and local creditors due to a slump in the local sugar industry.</p>
<p>Victorias stocks dropped two centavos to 2.14 pesos in late trade. -- MANILA NEWSROOM (63 2) 841-8936, Fax 817-6267</p>
</text>
<copyright>(c) Reuters Limited 1997</copyright>
<metadata>
<codes class="bip:countries:1.0">
  <code code="PHLNS">
    <editdetail attribution="Reuters BIP Coding Group" action="confirmed" date="1997-06-09"/>
  </code>
</codes>
<codes class="bip:industries:1.0">
  <code code="I42000">
    <editdetail attribution="Reuters BIP Coding Group" action="confirmed" date="1997-06-09"/>
  </code>
</codes>
<codes class="bip:topics:1.0">
  <code code="C17">
    <editdetail attribution="Reuters BIP Coding Group" action="confirmed" date="1997-06-09"/>
  </code>
  <code code="C173">
    <editdetail attribution="Reuters BIP Coding Group" action="confirmed" date="1997-06-09"/>
  </code>
  <code code="CCAT">
    <editdetail attribution="Reuters BIP Coding Group" action="confirmed" date="1997-06-09"/>
  </code>
</codes>
<dc element="dc.date.created" value="1997-06-09"/>
<dc element="dc.publisher" value="Reuters Holdings Plc"/>
<dc element="dc.date.published" value="1997-06-09"/>
<dc element="dc.source" value="Reuters"/>
<dc element="dc.creator.location" value="MANILA"/>
<dc element="dc.creator.location.country.name" value="PHILIPPINES"/>
<dc element="dc.source" value="Reuters"/>
</metadata>
</newsitem>
