<?xml version="1.0" encoding="iso-8859-1" ?>
<newsitem itemid="200575" id="root" date="1996-11-19" xml:lang="en">
<title>GREECE: NIKIFOROS SECURITIES SUSPENDED FROM TRADE TUES.</title>
<headline>NIKIFOROS SECURITIES SUSPENDED FROM TRADE TUES.</headline>
<dateline>ATHENS 1996-11-19</dateline>
<text>
<p>Athens stock exchange member Nikiforos Securities was not allowed to trade on Tuesday and was awaiting a capital markets decision later today, its managing director Fokion Skabavias told Reuters.</p>
<p>The firm was suspended from trade 30 minutes before Monday's close because of what it said was a misunderstanding with a bourse guarantee fund auditor, unrelated to the Delta Securities scandal.</p>
<p>Skabavias was expecting a capital markets decision late on Tuesday on whether it would resume trade on Wednesday. --George Georgiopoulos, Athens Newsroom +301 3311812-4</p>
</text>
<copyright>(c) Reuters Limited 1996</copyright>
<metadata>
<codes class="bip:countries:1.0">
  <code code="GREECE">
    <editdetail attribution="Reuters BIP Coding Group" action="confirmed" date="1996-11-19"/>
  </code>
</codes>
<codes class="bip:industries:1.0">
  <code code="I83100">
    <editdetail attribution="Reuters BIP Coding Group" action="confirmed" date="1996-11-19"/>
  </code>
</codes>
<codes class="bip:topics:1.0">
  <code code="C13">
    <editdetail attribution="Reuters BIP Coding Group" action="confirmed" date="1996-11-19"/>
  </code>
  <code code="CCAT">
    <editdetail attribution="Reuters BIP Coding Group" action="confirmed" date="1996-11-19"/>
  </code>
  <code code="M11">
    <editdetail attribution="Reuters BIP Coding Group" action="confirmed" date="1996-11-19"/>
  </code>
  <code code="MCAT">
    <editdetail attribution="Reuters BIP Coding Group" action="confirmed" date="1996-11-19"/>
  </code>
</codes>
<dc element="dc.date.created" value="1996-11-19"/>
<dc element="dc.publisher" value="Reuters Holdings Plc"/>
<dc element="dc.date.published" value="1996-11-19"/>
<dc element="dc.source" value="Reuters"/>
<dc element="dc.creator.location" value="ATHENS"/>
<dc element="dc.creator.location.country.name" value="GREECE"/>
<dc element="dc.source" value="Reuters"/>
</metadata>
</newsitem>
