<?xml version="1.0" encoding="iso-8859-1" ?>
<newsitem itemid="668561" id="root" date="1997-06-17" xml:lang="en">
<title>EGYPT: Egypt says buys 30,000 T vegoils for July.</title>
<headline>Egypt says buys 30,000 T vegoils for July.</headline>
<dateline>CAIRO 1997-06-17</dateline>
<text>
<p>Egypt's official Holding Company for Food Industries said on Tuesday it bought 20,000 tonnes of crude sunflower oil and 10,000 tonnes of degummed soyoil for delivery in the second half of July.</p>
<p>Moharram Ghanem, the head of the sales sector, told Reuters he bought the sunflower oil for $564.9 per tonne from Andre and the soyoil for $559 per tonne from Nedera.</p>
<p>All prices are C+F.</p>
<p>-- Cairo newsroom +202 578 3290/1</p>
</text>
<copyright>(c) Reuters Limited 1997</copyright>
<metadata>
<codes class="bip:countries:1.0">
  <code code="EGYPT">
    <editdetail attribution="Reuters BIP Coding Group" action="confirmed" date="1997-06-17"/>
  </code>
</codes>
<codes class="bip:topics:1.0">
  <code code="M14">
    <editdetail attribution="Reuters BIP Coding Group" action="confirmed" date="1997-06-17"/>
  </code>
  <code code="M141">
    <editdetail attribution="Reuters BIP Coding Group" action="confirmed" date="1997-06-17"/>
  </code>
  <code code="MCAT">
    <editdetail attribution="Reuters BIP Coding Group" action="confirmed" date="1997-06-17"/>
  </code>
</codes>
<dc element="dc.date.created" value="1997-06-17"/>
<dc element="dc.publisher" value="Reuters Holdings Plc"/>
<dc element="dc.date.published" value="1997-06-17"/>
<dc element="dc.source" value="Reuters"/>
<dc element="dc.creator.location" value="CAIRO"/>
<dc element="dc.creator.location.country.name" value="EGYPT"/>
<dc element="dc.source" value="Reuters"/>
</metadata>
</newsitem>
