<?xml version="1.0" encoding="iso-8859-1" ?>
<newsitem itemid="354508" id="root" date="1997-02-04" xml:lang="en">
<title>UNITED NATIONS: Germany contributes to buy aircraft for Sahnoun.</title>
<headline>Germany contributes to buy aircraft for Sahnoun.</headline>
<dateline>UNITED NATIONS 1997-02-04</dateline>
<text>
<p>Germany on Tuesday contributed $120,000 towards buying an aircraft and communications equipment for the new U.N. envoy to Central Africa, Mohammed Sahnoun, according to Bonn's U.N. mission.</p>
<p>Sahnoun, an Algerian diplomat appointed as special envoy for the United Nations and the Organisation of African Unity, last week told the Security Council that he would have difficulty operating in Zaire, Rwanda and Burundi without proper transport or communications.</p>
<p>He said his experience as special U.N. envoy in Somalia in 1992 had shown him the difficulty of operating in remote areas without such facilities.</p>
<p>Diplomats said council members agreed but no one member offered any transport. A German spokesman said he hoped that Bonn's contribution would serve as an example to other countries to donate funds to the mission.</p>
<p>Sahnoun is currently in Washington, talking to U.S. government officials and other diplomats before leaving for the region late this week.</p>
<p>The German contribution was given to U.N. Secretary-General Kofi Annan on Tuesday by Dr. Werner Hoyer, minister of state at the foreign ministry, during a visit in New York.</p>
</text>
<copyright>(c) Reuters Limited 1997</copyright>
<metadata>
<codes class="bip:countries:1.0">
  <code code="ALG">
    <editdetail attribution="Reuters BIP Coding Group" action="confirmed" date="1997-02-04"/>
  </code>
  <code code="BURUN">
    <editdetail attribution="Reuters BIP Coding Group" action="confirmed" date="1997-02-04"/>
  </code>
  <code code="GFR">
    <editdetail attribution="Reuters BIP Coding Group" action="confirmed" date="1997-02-04"/>
  </code>
  <code code="OAU">
    <editdetail attribution="Reuters BIP Coding Group" action="confirmed" date="1997-02-04"/>
  </code>
  <code code="RWANDA">
    <editdetail attribution="Reuters BIP Coding Group" action="confirmed" date="1997-02-04"/>
  </code>
  <code code="UN">
    <editdetail attribution="Reuters BIP Coding Group" action="confirmed" date="1997-02-04"/>
  </code>
  <code code="ZAIRE">
    <editdetail attribution="Reuters BIP Coding Group" action="confirmed" date="1997-02-04"/>
  </code>
</codes>
<codes class="bip:topics:1.0">
  <code code="GCAT">
    <editdetail attribution="Reuters BIP Coding Group" action="confirmed" date="1997-02-04"/>
  </code>
  <code code="GDIP">
    <editdetail attribution="Reuters BIP Coding Group" action="confirmed" date="1997-02-04"/>
  </code>
</codes>
<dc element="dc.date.created" value="1997-02-04"/>
<dc element="dc.publisher" value="Reuters Holdings Plc"/>
<dc element="dc.date.published" value="1997-02-04"/>
<dc element="dc.source" value="Reuters"/>
<dc element="dc.creator.location" value="UNITED NATIONS"/>
<dc element="dc.creator.location.country.name" value="UNITED NATIONS"/>
<dc element="dc.source" value="Reuters"/>
</metadata>
</newsitem>
