<?xml version="1.0" encoding="iso-8859-1" ?>
<newsitem itemid="364485" id="root" date="1997-02-07" xml:lang="en">
<title>NETHERLANDS: Dutch cuts '96 EMU deficit to about 1.9 pct of GDP.</title>
<headline>Dutch cuts '96 EMU deficit to about 1.9 pct of GDP.</headline>
<dateline>AMSTERDAM 1997-02-07</dateline>
<text>
<p>The Netherlands has further cut its 1996 Dutch EMU public sector deficit estimate to 1.9 percent from 2.1 percent, a Finance Ministry spokeswoman said on Friday.</p>
<p>Finance Minister Gerrit Zalm mentioned the new estimate to members of parliament on Thursday, she said, adding that it remained a provisional figure.</p>
<p>The Finance Ministry first lowered its 1996 EMU deficit estimate in January to 2.1 percent of GDP from the 2.6 percent forecast in September.</p>
<p>It said then that the 1996 EMU public sector debt estimate had been lowered to 78.5 percent of GDP from 78.8 percent in September.</p>
<p>Zalm did not mention a new EMU debt estimate on Thursday.</p>
<p>The Maastricht Treaty says a country's deficit should be below three percent of GDP and its debt below 60 percent of GDP, or declining towards that level, to qualify for EMU.</p>
<p>-- Amsterdam newsroom +31 20 504 5000, Fax +31 20 504 5040</p>
</text>
<copyright>(c) Reuters Limited 1997</copyright>
<metadata>
<codes class="bip:countries:1.0">
  <code code="EEC">
    <editdetail attribution="Reuters BIP Coding Group" action="confirmed" date="1997-02-07"/>
  </code>
  <code code="NETH">
    <editdetail attribution="Reuters BIP Coding Group" action="confirmed" date="1997-02-07"/>
  </code>
</codes>
<codes class="bip:topics:1.0">
  <code code="E21">
    <editdetail attribution="Reuters BIP Coding Group" action="confirmed" date="1997-02-07"/>
  </code>
  <code code="E211">
    <editdetail attribution="Reuters BIP Coding Group" action="confirmed" date="1997-02-07"/>
  </code>
  <code code="ECAT">
    <editdetail attribution="Reuters BIP Coding Group" action="confirmed" date="1997-02-07"/>
  </code>
  <code code="G15">
    <editdetail attribution="Reuters BIP Coding Group" action="confirmed" date="1997-02-07"/>
  </code>
  <code code="G151">
    <editdetail attribution="Reuters BIP Coding Group" action="confirmed" date="1997-02-07"/>
  </code>
  <code code="G154">
    <editdetail attribution="Reuters BIP Coding Group" action="confirmed" date="1997-02-07"/>
  </code>
  <code code="GCAT">
    <editdetail attribution="Reuters BIP Coding Group" action="confirmed" date="1997-02-07"/>
  </code>
</codes>
<dc element="dc.date.created" value="1997-02-07"/>
<dc element="dc.publisher" value="Reuters Holdings Plc"/>
<dc element="dc.date.published" value="1997-02-07"/>
<dc element="dc.source" value="Reuters"/>
<dc element="dc.creator.location" value="AMSTERDAM"/>
<dc element="dc.creator.location.country.name" value="NETHERLANDS"/>
<dc element="dc.source" value="Reuters"/>
</metadata>
</newsitem>
