<?xml version="1.0" encoding="iso-8859-1" ?>
<newsitem itemid="757963" id="root" date="1997-07-25" xml:lang="en">
<title>GERMANY: Rains damage E.German barley but will let up soon.</title>
<headline>Rains damage E.German barley but will let up soon.</headline>
<dateline>HAMBURG 1997-07-25</dateline>
<text>
<p>Excessive rainfall has disrupted the eastern German barley harvest but drier conditions are expected for next week, a source at the meteorological office DWD said.</p>
<p>&quot;Rain has caused lodging which causes quality and volume losses as well as additional drying costs,&quot; he said.</p>
<p>&quot;But the weather is drier in the west and should be a lot better across the country next week.&quot;</p>
<p>The problems applied to the winter barley, triticale and rye crops, mostly in the east and the south east of Germany.</p>
<p>Wheat, spring grains and oats still have a few weeks left before harvesting, but fears the rains could have affected wheat in some regions supported prices, traders said.</p>
<p>Harvesting of potatoes and rapeseed was also hampered because farmers were often unable to drive on soaked soils.</p>
<p>The rains washed away nutrients and caused some erosion.</p>
<p>Eastern German barley yields varied widely between four and nine four tonnes per hectare (tph), compared with the 1997 pan-German average 5.61 tph, farm price office ZMP reported.</p>
<p>Rapeseed yields in the region were betweeen three and four tph compared with the extremely low pan-German result of 2.28 tph last year. --Vera Eckert, Hamburg newsroom, +49-40-41903275</p>
</text>
<copyright>(c) Reuters Limited 1997</copyright>
<metadata>
<codes class="bip:countries:1.0">
  <code code="GFR">
    <editdetail attribution="Reuters BIP Coding Group" action="confirmed" date="1997-07-25"/>
  </code>
</codes>
<codes class="bip:industries:1.0">
  <code code="I01001">
    <editdetail attribution="Reuters BIP Coding Group" action="confirmed" date="1997-07-25"/>
  </code>
  <code code="I0100132">
    <editdetail attribution="Reuters BIP Coding Group" action="confirmed" date="1997-07-25"/>
  </code>
</codes>
<codes class="bip:topics:1.0">
  <code code="C21">
    <editdetail attribution="Reuters BIP Coding Group" action="confirmed" date="1997-07-25"/>
  </code>
  <code code="C24">
    <editdetail attribution="Reuters BIP Coding Group" action="confirmed" date="1997-07-25"/>
  </code>
  <code code="CCAT">
    <editdetail attribution="Reuters BIP Coding Group" action="confirmed" date="1997-07-25"/>
  </code>
  <code code="GCAT">
    <editdetail attribution="Reuters BIP Coding Group" action="confirmed" date="1997-07-25"/>
  </code>
  <code code="GWEA">
    <editdetail attribution="Reuters BIP Coding Group" action="confirmed" date="1997-07-25"/>
  </code>
  <code code="M14">
    <editdetail attribution="Reuters BIP Coding Group" action="confirmed" date="1997-07-25"/>
  </code>
  <code code="M141">
    <editdetail attribution="Reuters BIP Coding Group" action="confirmed" date="1997-07-25"/>
  </code>
  <code code="MCAT">
    <editdetail attribution="Reuters BIP Coding Group" action="confirmed" date="1997-07-25"/>
  </code>
</codes>
<dc element="dc.date.created" value="1997-07-25"/>
<dc element="dc.publisher" value="Reuters Holdings Plc"/>
<dc element="dc.date.published" value="1997-07-25"/>
<dc element="dc.source" value="Reuters"/>
<dc element="dc.creator.location" value="HAMBURG"/>
<dc element="dc.creator.location.country.name" value="GERMANY"/>
<dc element="dc.source" value="Reuters"/>
</metadata>
</newsitem>
