<?xml version="1.0" encoding="iso-8859-1" ?>
<newsitem itemid="27279" id="root" date="1996-09-02" xml:lang="en">
<title>HONG KONG: Earthquake recorded 145 km off Guam.</title>
<headline>Earthquake recorded 145 km off Guam.</headline>
<dateline>HONG KONG 1996-09-03</dateline>
<text>
<p>An intense earthquake was recorded 145 kilometres (90 miles) southwest of the Pacific island of Guam on Tuesday morning, the Royal Hong Kong Observatory said.</p>
<p>The quake, estimated to be 5.7 on the Richter scale, was recorded at 4.48 a.m. (20.48 gmt Monday).  The epicentre was initially determined to be in the vicinity of the Mariana Islands about 145 km southwest of Guam at 12.6 N 143.7 E, the observatory said.</p>
</text>
<copyright>(c) Reuters Limited 1996</copyright>
<metadata>
<codes class="bip:countries:1.0">
  <code code="GUAM">
    <editdetail attribution="Reuters BIP Coding Group" action="confirmed" date="1996-09-02"/>
  </code>
</codes>
<codes class="bip:topics:1.0">
  <code code="GCAT">
    <editdetail attribution="Reuters BIP Coding Group" action="confirmed" date="1996-09-02"/>
  </code>
  <code code="GDIS">
    <editdetail attribution="Reuters BIP Coding Group" action="confirmed" date="1996-09-02"/>
  </code>
  <code code="GENV">
    <editdetail attribution="Reuters BIP Coding Group" action="confirmed" date="1996-09-02"/>
  </code>
</codes>
<dc element="dc.date.created" value="1996-09-03"/>
<dc element="dc.publisher" value="Reuters Holdings Plc"/>
<dc element="dc.date.published" value="1996-09-02"/>
<dc element="dc.source" value="Reuters"/>
<dc element="dc.creator.location" value="HONG KONG"/>
<dc element="dc.creator.location.country.name" value="HONG KONG"/>
<dc element="dc.source" value="Reuters"/>
</metadata>
</newsitem>
