<?xml version="1.0" encoding="iso-8859-1" ?>
<newsitem itemid="805183" id="root" date="1997-08-18" xml:lang="en">
<title>ZAMBIA: Zambia 3-month T-bill discount rate down slightly.</title>
<headline>Zambia 3-month T-bill discount rate down slightly.</headline>
<dateline>LUSAKA 1997-08-18</dateline>
<text>
<p>The central bank of Zambia sold three-month treasury bills at an average discount rate of 20.6553 percent at its latest auction, it announced on Monday.</p>
<p>The bank said it sold 22 billion kwacha's worth of the 91-day bills on tenders received at last Thursday's weekly auction. The discount rate was slightly down from the previous week's 21.4590 percent.</p>
<p>It also said that 12 billion kwacha's worth of 28-day bills were sold at an average discount rate of 16.3995 percent, down fromn the previous week's 16.4294 percent.</p>
<p>The bank sold nine billion kwacha's worth of six month (182 day) bills at an average discount rate of 20.8941 percent, down from the 21.6472 percent discount rate a week earlier.</p>
<p>-- Johannesburg newsroom +27 11 482 1003</p>
<p>e-mail: johannesburg.newsroom@reuters.com</p>
</text>
<copyright>(c) Reuters Limited 1997</copyright>
<metadata>
<codes class="bip:countries:1.0">
  <code code="ZAMBIA">
    <editdetail attribution="Reuters BIP Coding Group" action="confirmed" date="1997-08-18"/>
  </code>
</codes>
<codes class="bip:topics:1.0">
  <code code="M13">
    <editdetail attribution="Reuters BIP Coding Group" action="confirmed" date="1997-08-18"/>
  </code>
  <code code="M131">
    <editdetail attribution="Reuters BIP Coding Group" action="confirmed" date="1997-08-18"/>
  </code>
  <code code="MCAT">
    <editdetail attribution="Reuters BIP Coding Group" action="confirmed" date="1997-08-18"/>
  </code>
</codes>
<dc element="dc.date.created" value="1997-08-18"/>
<dc element="dc.publisher" value="Reuters Holdings Plc"/>
<dc element="dc.date.published" value="1997-08-18"/>
<dc element="dc.source" value="Reuters"/>
<dc element="dc.creator.location" value="LUSAKA"/>
<dc element="dc.creator.location.country.name" value="ZAMBIA"/>
<dc element="dc.source" value="Reuters"/>
</metadata>
</newsitem>
