<?xml version="1.0" encoding="iso-8859-1" ?>
<newsitem itemid="640152" id="root" date="1997-06-05" xml:lang="en">
<title>USA: Strike deadline set at key GM parts plant.</title>
<headline>Strike deadline set at key GM parts plant.</headline>
<dateline>DETROIT 1997-06-05</dateline>
<text>
<p>The United Auto Workers union tossed another labour grenade at General Motors Corp. Thursday, issuing a strike deadline at a catalytic converter plant in Wisconsin.</p>
<p>A strike at the suburban Milwaukee factory could have a broad impact on GM's global operations. It makes the converters for nearly all of GM's North American-built cars and trucks and also exports to GM's Adam Opel AG unit in Germany.</p>
<p>Shortages of the exhaust system components could quickly force the world's largest automaker to shut down assembly lines.</p>
<p>Dan Dolan, a spokesman for GM's Delphi Energy and Engine Management Systems division, said UAW Local 1866 informed plant management that its 870 members will strike just before midnight on  June 12 unless an agreement for a new contract is reached.</p>
<p>&quot;We're working full time trying to reach an agreement without a work stoppage,&quot; Dolan said.</p>
<p>Union officials said the issues holding up a new local pact were similar to those that have spawned several GM strikes this year -- outsourcing and manpower.</p>
<p>The union is opposed to plans by GM to buy some of its catalytic converters from outside suppliers and wants GM to replace more retiring workers.</p>
<p>GM is still battling a 44-day-old strike by 5,800 workers at its Pontiac, Mich., truck plant. The automaker recently settled a seven-week walkout at its Oklahoma City car plant by agreeing to hire 325 new workers.</p>
<p>But GM recently informed the Oklahoma workers it would reduce production line speed at the factory, a move that could delay the new hirings promised under the agreement.</p>
</text>
<copyright>(c) Reuters Limited 1997</copyright>
<metadata>
<codes class="bip:countries:1.0">
  <code code="USA">
    <editdetail attribution="Reuters BIP Coding Group" action="confirmed" date="1997-06-05"/>
  </code>
</codes>
<codes class="bip:industries:1.0">
  <code code="I35101">
    <editdetail attribution="Reuters BIP Coding Group" action="confirmed" date="1997-06-05"/>
  </code>
</codes>
<codes class="bip:topics:1.0">
  <code code="C42">
    <editdetail attribution="Reuters BIP Coding Group" action="confirmed" date="1997-06-05"/>
  </code>
  <code code="CCAT">
    <editdetail attribution="Reuters BIP Coding Group" action="confirmed" date="1997-06-05"/>
  </code>
  <code code="E41">
    <editdetail attribution="Reuters BIP Coding Group" action="confirmed" date="1997-06-05"/>
  </code>
  <code code="ECAT">
    <editdetail attribution="Reuters BIP Coding Group" action="confirmed" date="1997-06-05"/>
  </code>
  <code code="GCAT">
    <editdetail attribution="Reuters BIP Coding Group" action="confirmed" date="1997-06-05"/>
  </code>
  <code code="GJOB">
    <editdetail attribution="Reuters BIP Coding Group" action="confirmed" date="1997-06-05"/>
  </code>
</codes>
<dc element="dc.date.created" value="1997-06-05"/>
<dc element="dc.publisher" value="Reuters Holdings Plc"/>
<dc element="dc.date.published" value="1997-06-05"/>
<dc element="dc.source" value="Reuters"/>
<dc element="dc.creator.location" value="DETROIT"/>
<dc element="dc.creator.location.country.name" value="USA"/>
<dc element="dc.source" value="Reuters"/>
</metadata>
</newsitem>
