<?xml version="1.0" encoding="iso-8859-1" ?>
<newsitem itemid="807904" id="root" date="1997-08-19" xml:lang="en">
<title>LITHUANIA: LITHUANIA - CURRENCY FIXINGS FOR AUG 19/20.</title>
<headline>LITHUANIA - CURRENCY FIXINGS FOR AUG 19/20.</headline>
<dateline>VILNIUS 1997-08-19</dateline>
<text>
<p>The Bank of Lithuania on Tuesday</p>
<p>set the following currency fixings for August 20. The litas is</p>
<p>pegged to the U.S. dollar at a rate of four to one.</p>
<p>		   20.08.97	  19.08.97</p>
<p>    USD	  4.0000	    4.0000</p>
<p>    GBP	  6.4370	    6.4326</p>
<p>    DEM	  2.1783	    2.2127</p>
<p>    ECU	  4.2854	    4.3440</p>
<p>    100JPY     3.3858	    3.4120</p>
<p>    SEK	  0.4963	    0.5052</p>
<p>    FIM	  0.7289	    0.7380</p>
<p>    EEK	  0.2723	    0.2760</p>
<p>    LAT	  6.8394	    6.8758</p>
<p>    1000RUR    0.6880	    0.6879</p>
<p>    PLN	  1.1446	    1.1519</p>
<p>-- Vilnius newsroom +370 2 22 35 17</p>
</text>
<copyright>(c) Reuters Limited 1997</copyright>
<metadata>
<codes class="bip:countries:1.0">
  <code code="LITH">
    <editdetail attribution="Reuters BIP Coding Group" action="confirmed" date="1997-08-19"/>
  </code>
</codes>
<codes class="bip:topics:1.0">
  <code code="M13">
    <editdetail attribution="Reuters BIP Coding Group" action="confirmed" date="1997-08-19"/>
  </code>
  <code code="M132">
    <editdetail attribution="Reuters BIP Coding Group" action="confirmed" date="1997-08-19"/>
  </code>
  <code code="MCAT">
    <editdetail attribution="Reuters BIP Coding Group" action="confirmed" date="1997-08-19"/>
  </code>
</codes>
<dc element="dc.date.created" value="1997-08-19"/>
<dc element="dc.publisher" value="Reuters Holdings Plc"/>
<dc element="dc.date.published" value="1997-08-19"/>
<dc element="dc.source" value="Reuters"/>
<dc element="dc.creator.location" value="VILNIUS"/>
<dc element="dc.creator.location.country.name" value="LITHUANIA"/>
<dc element="dc.source" value="Reuters"/>
</metadata>
</newsitem>
