<?xml version="1.0" encoding="iso-8859-1" ?>
<newsitem itemid="467135" id="root" date="1997-03-25" xml:lang="en">
<title>USA: NOTICE OF SALE - Victor CSD, N.Y.</title>
<headline>NOTICE OF SALE - Victor CSD, N.Y.</headline>
<text>
<p>SUMMARY NOTICE OF SALE</p>
<p>				  $13,455,000</p>
<p>		    Victor Central School District</p>
<p>	   in the Counties of Ontario, Monroe and Wayne</p>
<p>				   New York</p>
<p>		   School District Serial Bonds-1997</p>
<p>		(NOT bank qualified) (book-entry only)</p>
<p>	    SALE: 11:00 o'clock AM Tuesday, April 1, 1997</p>
<p>at Hawkins,Delafield &amp;Wood, 67 Wall Street, New York, New</p>
<p>				     York</p>
<p>Bonds dated April 15, 1997, interest  June 15 and December 15 each year commencing December  15, 1997. Bonds mature  in principal installments on June 15 as follows:</p>
<p>    $315,000 in 1998		   $620,000 in 2005$</p>
<p>890,000 in 2012*</p>
<p>    $450,000 in 1999		   $650,000 in 2006*    $</p>
<p>940,000 in 2013*</p>
<p>    $475,000 in 2002		   $685,000 in 2007*    $</p>
<p>990,000 in 2014*</p>
<p>    $500,000 in 2001		   $725,000 in 2008*</p>
<p>			  $1,045,000 in 2015*</p>
<p>    $525,000 in 2002		   $760,000 in 2009*</p>
<p>			  $1,100,000 in 2016*</p>
<p>    $555,000 in 2003		   $800,000 in 2010*</p>
<p>    $585,000 in 2004		   $845,000 in 2011*</p>
<p>(*CALLABLE MATURITIES)</p>
<p>The District reserves the right to  change the time and/or date of  the  bid  opening,  and  notice  thereof  shall  be provided at least 24 hours prior to the time set forth above and transmitted over the Munifacts wire.</p>
<p>Bids, accompanied  by $269,100  good faith  deposit check, must be for all $13,455,000 bonds.  Award shall be based  on net interest cost.</p>
<p>Bidders must  refer to  the full  Notice  of Sale  for the complete terms and  conditions of the  sale. Copies of  said Notice and the Official  Statement may be promptly  obtained from Fiscal Advisors  &amp;Marketing, Inc., Cicero  Professional Building, 6221 Route 31, Suite 112, Cicero, New York  13039, telephone  number:  (315)  699-7912;  fax:  (315)  699-8833.</p>
<p>Additional Official Statements may be downloaded from Fiscal  Advisors    &amp;Marketing,     Inc.'s     Internet     address:</p>
<p>http://www.fiscaladvisors.com.</p>
<p>Dated: March 20, 1997</p>
<p>				 Michael Cain</p>
<p>		  President of the Board of Education</p>
<p>			 and Chief Fiscal Officer</p>
<p>			  (From The Bond Buyer)</p>
</text>
<copyright>(c) Reuters Limited 1997</copyright>
<metadata>
<codes class="bip:countries:1.0">
  <code code="USA">
    <editdetail attribution="Reuters BIP Coding Group" action="confirmed" date="1997-03-25"/>
  </code>
</codes>
<codes class="bip:topics:1.0">
  <code code="E21">
    <editdetail attribution="Reuters BIP Coding Group" action="confirmed" date="1997-03-25"/>
  </code>
  <code code="E212">
    <editdetail attribution="Reuters BIP Coding Group" action="confirmed" date="1997-03-25"/>
  </code>
  <code code="ECAT">
    <editdetail attribution="Reuters BIP Coding Group" action="confirmed" date="1997-03-25"/>
  </code>
</codes>
<dc element="dc.publisher" value="Reuters Holdings Plc"/>
<dc element="dc.date.published" value="1997-03-25"/>
<dc element="dc.source" value="Reuters"/>
<dc element="dc.creator.location.country.name" value="USA"/>
<dc element="dc.source" value="Reuters"/>
</metadata>
</newsitem>
