<?xml version="1.0" encoding="iso-8859-1" ?>
<newsitem itemid="71314" id="root" date="1996-09-23" xml:lang="en">
<title>FRANCE: NEW YORK TOP ORIGINATING GATEWAY FOR ADP IMPORTS.</title>
<headline>NEW YORK TOP ORIGINATING GATEWAY FOR ADP IMPORTS.</headline>
<dateline>PARIS 1996-09-23</dateline>
<text>
<p>The Paris airports authority, the Aeroports de Paris (ADP), said New York was the top originating gateway for import traffic into Charles de Gaulle and Orly airports last month despite a decline in tonnage.</p>
<p>August 1996 New York-Paris air cargo volume totalled 3,251 tonnes, down 5.9 percent on the same month last year, ADP figures showed.</p>
<p>In second place, was Chicago, with 2,386 tonnes, an increase of 18.6 percent on August 1995.</p>
<p>Hong Kong was ranked third with 1,946 tonnes flown into Paris last month, a rise of 0.3 percent on 1995 levels, ADP said.</p>
<p>The top ten airport gateways for ADP imports in August 1996 and the percentage change on August 1995 were as follows:</p>
<p> 1  New York	 3,251 tonnes     (-5.9 pct)</p>
<p> 2  Chicago	  2,386 tonnes    (+18.6)</p>
<p> 3  Hong Kong	1,946 tonnes     (+0.3)</p>
<p> 4  Los Angeles    1,236 tonnes     (+5.7)</p>
<p> 5  Tokyo	    1,213 tonnes     (-1.0)</p>
<p> 6  Montreal	   693 tonnes    (-13.2)</p>
<p> 7  Miami		602 tonnes    (+17.5)</p>
<p> 8  Dubai		503 tonnes     (+4.7)</p>
<p> 9  Singapore	  429 tonnes     (+1.8)</p>
<p> 10 Seoul		427 tonnes     (+5.6)</p>
<p>- Air Cargo Newsroom Tel+44 171 542 7706 Fax+44 171 542 5017</p>
</text>
<copyright>(c) Reuters Limited 1996</copyright>
<metadata>
<codes class="bip:countries:1.0">
  <code code="FRA">
    <editdetail attribution="Reuters BIP Coding Group" action="confirmed" date="1996-09-23"/>
  </code>
  <code code="USA">
    <editdetail attribution="Reuters BIP Coding Group" action="confirmed" date="1996-09-23"/>
  </code>
</codes>
<codes class="bip:industries:1.0">
  <code code="I76300">
    <editdetail attribution="Reuters BIP Coding Group" action="confirmed" date="1996-09-23"/>
  </code>
  <code code="I76400">
    <editdetail attribution="Reuters BIP Coding Group" action="confirmed" date="1996-09-23"/>
  </code>
  <code code="I77002">
    <editdetail attribution="Reuters BIP Coding Group" action="confirmed" date="1996-09-23"/>
  </code>
</codes>
<codes class="bip:topics:1.0">
  <code code="C31">
    <editdetail attribution="Reuters BIP Coding Group" action="confirmed" date="1996-09-23"/>
  </code>
  <code code="CCAT">
    <editdetail attribution="Reuters BIP Coding Group" action="confirmed" date="1996-09-23"/>
  </code>
</codes>
<dc element="dc.date.created" value="1996-09-23"/>
<dc element="dc.publisher" value="Reuters Holdings Plc"/>
<dc element="dc.date.published" value="1996-09-23"/>
<dc element="dc.source" value="Reuters"/>
<dc element="dc.creator.location" value="PARIS"/>
<dc element="dc.creator.location.country.name" value="FRANCE"/>
<dc element="dc.source" value="Reuters"/>
</metadata>
</newsitem>
