<?xml version="1.0" encoding="iso-8859-1" ?>
<newsitem itemid="660534" id="root" date="1997-06-13" xml:lang="en">
<title>USA: CBOT kilo gold deliveries - June 13.</title>
<headline>CBOT kilo gold deliveries - June 13.</headline>
<dateline>CHICAGO 1997-06-13</dateline>
<text>
<p>Delivery notices against CBOT June kilo gold futures for June 14 (In contracts).</p>
<p>COMMODITY: JUN KILO GOLD</p>
<p>LOCATION:				     GRADE/CLASS</p>
<p>WAREHOUSE			     TOTAL</p>
<p>4002 FIRST NATIONAL SIL-GOLD	  1</p>
<p>				TOTAL	 1</p>
<p>			 TOTAL</p>
<p>FIRM    NAME	ISSUES  CUSTOMER  HOUSE</p>
<p>711  USA TRDING	  1	  1</p>
<p>     TOTAL		 1	  1</p>
<p>			 TOTAL</p>
<p>FIRM    NAME	 STOPS  CUSTOMER  HOUSE</p>
<p>020  PRUDENTIAL	  1	  1</p>
<p>     TOTAL		 1	  1</p>
<p>	 LAST DAY ASSIGNED:  06/04/97</p>
</text>
<copyright>(c) Reuters Limited 1997</copyright>
<metadata>
<codes class="bip:countries:1.0">
  <code code="USA">
    <editdetail attribution="Reuters BIP Coding Group" action="confirmed" date="1997-06-13"/>
  </code>
</codes>
<codes class="bip:topics:1.0">
  <code code="M14">
    <editdetail attribution="Reuters BIP Coding Group" action="confirmed" date="1997-06-13"/>
  </code>
  <code code="M142">
    <editdetail attribution="Reuters BIP Coding Group" action="confirmed" date="1997-06-13"/>
  </code>
  <code code="MCAT">
    <editdetail attribution="Reuters BIP Coding Group" action="confirmed" date="1997-06-13"/>
  </code>
</codes>
<dc element="dc.date.created" value="1997-06-13"/>
<dc element="dc.publisher" value="Reuters Holdings Plc"/>
<dc element="dc.date.published" value="1997-06-13"/>
<dc element="dc.source" value="Reuters"/>
<dc element="dc.creator.location" value="CHICAGO"/>
<dc element="dc.creator.location.country.name" value="USA"/>
<dc element="dc.source" value="Reuters"/>
</metadata>
</newsitem>
