<?xml version="1.0" encoding="iso-8859-1" ?>
<newsitem itemid="400391" id="root" date="1997-02-25" xml:lang="en">
<title>UK: RUGBY UNION-POPPLEWELL OUT OF SCOTLAND MATCH.</title>
<headline>RUGBY UNION-POPPLEWELL OUT OF SCOTLAND MATCH.</headline>
<dateline>LONDON 1997-02-25</dateline>
<text>
<p>Ireland prop Nick Popplewell has lost his battle to be fit for his country's Five Nations rugby union match against Scotland at Murrayfield on Saturday.</p>
<p>Popplewell, 31, strained a hamstring when playing for English league division two side Newcastle against Leicester in the Pilkington Cup at the weekend and was unable to train on Monday.</p>
<p>After an examination on Tuesday the Irish team management issued a statement saying he would not be playing and that a replacement would be named on Wednesday.</p>
</text>
<copyright>(c) Reuters Limited 1997</copyright>
<metadata>
<codes class="bip:countries:1.0">
  <code code="IRE">
    <editdetail attribution="Reuters BIP Coding Group" action="confirmed" date="1997-02-25"/>
  </code>
  <code code="UK">
    <editdetail attribution="Reuters BIP Coding Group" action="confirmed" date="1997-02-25"/>
  </code>
</codes>
<codes class="bip:topics:1.0">
  <code code="GCAT">
    <editdetail attribution="Reuters BIP Coding Group" action="confirmed" date="1997-02-25"/>
  </code>
  <code code="GSPO">
    <editdetail attribution="Reuters BIP Coding Group" action="confirmed" date="1997-02-25"/>
  </code>
</codes>
<dc element="dc.date.created" value="1997-02-25"/>
<dc element="dc.publisher" value="Reuters Holdings Plc"/>
<dc element="dc.date.published" value="1997-02-25"/>
<dc element="dc.source" value="Reuters"/>
<dc element="dc.creator.location" value="LONDON"/>
<dc element="dc.creator.location.country.name" value="UK"/>
<dc element="dc.source" value="Reuters"/>
</metadata>
</newsitem>
