<?xml version="1.0" encoding="iso-8859-1" ?>
<newsitem itemid="304352" id="root" date="1997-01-13" xml:lang="en">
<title>PHILIPPINES: Philippines' Clark zone mulls debt for development.</title>
<headline>Philippines' Clark zone mulls debt for development.</headline>
<dateline>MANILA 1997-01-13</dateline>
<text>
<p>Clark Development Corp is planning to issue $1.0 billion worth of asset-backed securities to partly finance its $8.1 billion development cost spanning over the next 25 years, a Clark official said on Monday.</p>
<p>Clark spokesman Lycette Ramos told Reuters the board of directors had chosen New York-based Clemente Capital Inc to manage the issue of the debt paper to be floated outside the country. The debt flotation is scheduled within the year.</p>
<p>Clark and Clemente Capital are yet to finalise the details of the issue.</p>
<p>Ramos said other financing will come from internally generated revenues and contributions from the state-owned Bases Conversion Development Authority.</p>
<p>Clark receives lease fees from companies operating inside the 4,400-hectare free port zone and a three percent share of the revenues of duty-free shops.</p>
<p>Last week, Clark unveiled its development plan under which the biggest expenditures will be on the upgrading of its 2,200-hectare international airport worth $2.8 billion, and the railway linking Clark with Manila, which is estimated to cost $3.7 billion.</p>
<p>Another $1.6 billion will be used to build residential and recreational facilities, mixed-use buildings, and industrial plants.</p>
<p>The development of the freeport area is expected to yield $70 billion income in the next 30 years, the masterplan showed.</p>
<p>A total of $5.8 billion cumulative income is projected to come from the airport operation, while $64.8 billion cumulative income is forecast from the use of the different facilities.</p>
<p>- Manila newsroom 63 2 8176267 Fax 8176267</p>
</text>
<copyright>(c) Reuters Limited 1997</copyright>
<metadata>
<codes class="bip:countries:1.0">
  <code code="PHLNS">
    <editdetail attribution="Reuters BIP Coding Group" action="confirmed" date="1997-01-13"/>
  </code>
  <code code="USA">
    <editdetail attribution="Reuters BIP Coding Group" action="confirmed" date="1997-01-13"/>
  </code>
</codes>
<codes class="bip:industries:1.0">
  <code code="I85000">
    <editdetail attribution="Reuters BIP Coding Group" action="confirmed" date="1997-01-13"/>
  </code>
</codes>
<codes class="bip:topics:1.0">
  <code code="C17">
    <editdetail attribution="Reuters BIP Coding Group" action="confirmed" date="1997-01-13"/>
  </code>
  <code code="C172">
    <editdetail attribution="Reuters BIP Coding Group" action="confirmed" date="1997-01-13"/>
  </code>
  <code code="CCAT">
    <editdetail attribution="Reuters BIP Coding Group" action="confirmed" date="1997-01-13"/>
  </code>
</codes>
<dc element="dc.date.created" value="1997-01-13"/>
<dc element="dc.publisher" value="Reuters Holdings Plc"/>
<dc element="dc.date.published" value="1997-01-13"/>
<dc element="dc.source" value="Reuters"/>
<dc element="dc.creator.location" value="MANILA"/>
<dc element="dc.creator.location.country.name" value="PHILIPPINES"/>
<dc element="dc.source" value="Reuters"/>
</metadata>
</newsitem>
