<?xml version="1.0" encoding="iso-8859-1" ?>
<newsitem itemid="247852" id="root" date="1996-12-10" xml:lang="en">
<title>JAPAN: Nissei ASB - 95/96 group results.</title>
<headline>Nissei ASB - 95/96 group results.</headline>
<dateline>TOKYO 1996-12-10</dateline>
<text>
<p>Year to September 30, 1996</p>
<p> (Group)	(in billions of yen unless specified)</p>
<p> Sales		 14.51		vs	   11.34</p>
<p> Operating	prft 528 million    vs   loss 689 million</p>
<p> Current	  prft 588 million    vs   loss 758 million</p>
<p> Net		prft 433 million    vs   loss 815 million</p>
<p> EPS	    prft 37.22 yen	  vs    loss 69.97 yen</p>
<p> Diluted EPS	     -		vs		 -</p>
<p>NOTE - Nissei ASB Machine Co Ltd manufactures molding machines.</p>
</text>
<copyright>(c) Reuters Limited 1996</copyright>
<metadata>
<codes class="bip:countries:1.0">
  <code code="JAP">
    <editdetail attribution="Reuters BIP Coding Group" action="confirmed" date="1996-12-10"/>
  </code>
</codes>
<codes class="bip:industries:1.0">
  <code code="I32752">
    <editdetail attribution="Reuters BIP Coding Group" action="confirmed" date="1996-12-10"/>
  </code>
</codes>
<codes class="bip:topics:1.0">
  <code code="C15">
    <editdetail attribution="Reuters BIP Coding Group" action="confirmed" date="1996-12-10"/>
  </code>
  <code code="C151">
    <editdetail attribution="Reuters BIP Coding Group" action="confirmed" date="1996-12-10"/>
  </code>
  <code code="C1511">
    <editdetail attribution="Reuters BIP Coding Group" action="confirmed" date="1996-12-10"/>
  </code>
  <code code="CCAT">
    <editdetail attribution="Reuters BIP Coding Group" action="confirmed" date="1996-12-10"/>
  </code>
</codes>
<dc element="dc.date.created" value="1996-12-10"/>
<dc element="dc.publisher" value="Reuters Holdings Plc"/>
<dc element="dc.date.published" value="1996-12-10"/>
<dc element="dc.source" value="Reuters"/>
<dc element="dc.creator.location" value="TOKYO"/>
<dc element="dc.creator.location.country.name" value="JAPAN"/>
<dc element="dc.source" value="Reuters"/>
</metadata>
</newsitem>
