<?xml version="1.0" encoding="iso-8859-1" ?>
<newsitem itemid="32520" id="root" date="1996-09-04" xml:lang="en">
<title>INDIA: Indian Shipping -- Bombay/Kandla cargoes - Sept 4.</title>
<headline>Indian Shipping -- Bombay/Kandla cargoes - Sept 4.</headline>
<dateline>BOMBAY 1996-09-04</dateline>
<text>
<p>Following is the berthing schedule of major vessels unloading at Bombay and Kandla ports:</p>
<p>   Commodity	  Tons/TEUs    Port    Ship	     Berthing</p>
<p>---------------------------------------------------------------</p>
<p>   Containers	  1,303/118    ID   Vanessa	     30/08</p>
<p>   Containers	  2,714/363    ID   Maria S	     02/09</p>
<p>   Containers	  3,348/190    ID   Ibn Abdoun	  01/09</p>
<p>   General		 535/137    ID   Star Light	  29/08</p>
<p>   General		  794/--    ID   Franka		28/08</p>
<p>   Shredded scrap	 684/--    ID   Dankos 1	    30/08</p>
<p>   Steel sheets/con.  2,192/--    ID   Hangman	     31/08</p>
<p>   General		  993/--    ID   Histeria Pride    31/08</p>
<p>   Castor oil	   1,800/--    ID   Anne Sif	    02/09</p>
<p>   Gen./cont.	   1,640/65    ID   Al Rayyan	   28/08</p>
<p>   Newsprint/gen.	 368/--    ID   Ursus		 25/08</p>
<p>   General		  571/--    ID   Bharatendu	  25/08</p>
<p>   General		  887/--    ID   Trimbakeshwar     29/08</p>
<p>   Molasses/castor    2,366/--    ID   Stolt Surf	  31/08</p>
<p>   Pulses		   435/--    ID   Rattana Naree     30/08</p>
<p>   Beans/steel pipes    213/--    ID   Daxing		16/08</p>
<p>   Wheat flour/rice     840/--    ID   Eco Ekram	   25/08</p>
<p>   General		  506/--    ID   S/O A.P.	    22/08</p>
<p>   Pulses, agri, rice 1,493/--    ID   Ritz		  12/08</p>
<p>   Chickpeas		600/--    ID   Angel Victory     22/08</p>
<p>   Red lentils/steel    732/--    ID   Banglar Kallol    24/08</p>
<p>   Gen./cont.	   1,091/--    ID   Brandenburg	 25/08</p>
<p>   General		  504/--    ID   Jon Dludosz	 02/09</p>
<p>   Palm oil		  --/--    ID   Madura		02/09</p>
<p>   Containers	  1,976/266    ID   Fermantle Star    02/09</p>
<p>   Containers	  3,895/324    ID   Ocean Sicerity    01/09</p>
<p>----------------------------------------------------------------</p>
<p>Liquid cargo tankers:</p>
<p>   Edible oil		6,500    KD   Conny		 OJ-1</p>
<p>   MS			 15,800    KD   Nand Hari	   OJ_11</p>
<p>   HSD			21,000    KD   Tom Gunhill	 OJ-111</p>
<p>   HSD			16,000    KD   R.A.Kidwai	  VJ-1</p>
<p>   HSD			28,000    KD   Mj.Hoshiyarsingh  stream</p>
<p>   HSD			44,000    KD   Torm Gotland	stream</p>
<p>   HSD			44,000    KD   A.K.Pal	     stream</p>
<p>   HSD			40,000    KD   Thomis Wave	 stream</p>
<p>   Edible oil	     49,000    KD   OBO Victory	 stream</p>
<p>   HSD			33,000    KD   Asphoran	    stream</p>
<p>   HSD			33,000    KD   B.C. Chatterjee   stream</p>
<p>   Palm oil		  5,880    KD   Global Ceres	stream</p>
<p>   HSD			25,000    KD   Transporter L.T.  stream</p>
<p>   RBD palm oil	    5,759    KD   Oriental Daisy    stream</p>
<p>   HSD			32,000    KD   Jaladoot	    stream</p>
<p>   HSD			15,000    KD   J.N. Vyas	   stream</p>
<p>   HSD			44,000    KD   Serifopula	  stream</p>
<p>   HSD			44,000    KD   N.J.Shekhon	 stream</p>
<p>   SKO			24,000    KD   Al Badyiah	  stream</p>
<p>   ATF			 8,445    KD   God Prayer	  stream</p>
<p>   HSD			49,000    KD   Alberta	     stream</p>
<p>   SKO			21,000    KD   Al Sabhiya	  stream</p>
<p>   HSD			29,000    KD   Jhulelal	    stream</p>
<p>   HSD			20,000    KD   Nidia		 stream</p>
<p>   RBD palm oil	    6,500    KD   Zhong Hua-1	 stream</p>
<p>   MS			 20,000    KD   Nike		  04/9</p>
<p>   HSD			45,000    KD   Albert Ekka	 04/9</p>
<p>   SKO			25,000    KD   Al Wataniah	 04/9</p>
<p>   P.Sterine oil	   2,500    KD   Daugava	     06/9</p>
<p>   Phos. Acid	     24,000    KD   NCC Baha	    06/9</p>
<p>   Phos. Acid	     16,000    KD   Asdrubal	    12/9</p>
<p>--------------------------------------------------------------</p>
<p>Ships awaiting berth:</p>
<p>Red lentils/steel &amp; general</p>
<p>			 7,000/4,500    ID   Banglar Kakoli    17/08</p>
<p>   Steel &amp; general	14,162    ID   Eleni		 21/08</p>
<p>   Wood pulp		 3,053    ID   Nand Rati	   24/08</p>
<p>   Containers		  724    ID   Ibn Haitham	 25/08</p>
<p>   Steel tubes	    15,200   P&amp;V   Orion Glory	 27/08</p>
<p>Pulses/agri prod. &amp; general</p>
<p>		     10,800/11,000    ID   Penguin	     27/08</p>
<p>   RBD palmolein	   4,699    ID   Antares	     30/08</p>
<p>   Fatty acid		4,776   P&amp;V   Stolt Mangolia    30/08</p>
<p>S.Coils/billets/equipments/</p>
<p>asbestos/paper/gen. 2,500/</p>
<p>     4,600/460/417/2,043/2,000    ID   Panciu		15/08</p>
<p>   Rock phosphate	 13,850    ID   Xuan Cheng	  31/08</p>
<p>   Steel products	  5,921    ID   Humber		31/08</p>
<p>   Gen./cont.	    7,979/1    ID   S/O Orissa	  01/09</p>
<p>H.Lift/cont./gen./veh.</p>
<p>		  213/113/7,000/25    ID   Magdeburg	   01/09</p>
<p>   Containers		1,094    ID   Trade Fast	  01/09</p>
<p>   Gen./cont.	  3,000/161    ID   Afris Runner	02/09</p>
<p>   Containers		  350    ID   Lanka Aruna	 02/09</p>
<p>Cottonseed oil/RBD palmolein</p>
<p>			 4,299/1,971    ID   Kilchem Bisbay    02/09</p>
<p>   Containers		  700    ID   Afro Asia Star    02/09</p>
<p>   HR coils		 21,010    ID   Anatoli	     03/09</p>
<p>   Containers		  987    ID   Xour Gemini	 03/09</p>
<p>   Green/yellow peas    11,953    ID   Al Safi	     03/09</p>
<p>   Containers		  200   P&amp;V   Okhotskoye	  03/09</p>
<p>---------------------------------------------------------------</p>
<p>Berthing vessels:</p>
<p>HR sheets/paper/pipes</p>
<p>		 1,956/2,460/1,199    ID   Fu Niu Shan	 31/08</p>
<p>   Newsprint/Lentils5,338/2,985   ID   Katherina L	 16/08</p>
<p>   Steel &amp; general	 7,000    ID   Lefkothea	   20/08</p>
<p>   Containers		  630    ID   Putvil		23/08</p>
<p>Crude palm sterine &amp; palm</p>
<p>    fatty acid	     4,838    ID   Mercury 11	  29/08</p>
<p>   Containers		  500    ID   Cmbt tana	   30/08</p>
<p>   Containers		  600   P&amp;V   Ultraflex O	 30/08</p>
<p>   Cont./vehi.	   263/125    ID   Agostinho Neto    31/08</p>
<p>Wood pulp/general cargo</p>
<p>			 2,000/2,000   P&amp;V   Slavnoe	     01/09</p>
<p>   W.Paper/gen.cargo 700/2,000   P&amp;V   Rossana	     01/09</p>
<p>   RBD palmolein	   3,580   P&amp;V   Hua Yun	     01/09</p>
<p>   Containers		  556    ID   Lanka Abhaya	01/09</p>
<p>   Containers		  712    ID   Trade Bliss	 01/09</p>
<p>----------------------------------------------------------------</p>
<p>BPT: Bombay Port Trust</p>
<p>ID:  Bombay Indira Docks, Harbour Wall</p>
<p>P&amp;V: Bombay Princess and Victoria Docks</p>
<p>KD:  Kandla</p>
<p>-- Bombay newsroom +91-22-265 9000</p>
</text>
<copyright>(c) Reuters Limited 1996</copyright>
<metadata>
<codes class="bip:countries:1.0">
  <code code="INDIA">
    <editdetail attribution="Reuters BIP Coding Group" action="confirmed" date="1996-09-04"/>
  </code>
</codes>
<codes class="bip:industries:1.0">
  <code code="I74000">
    <editdetail attribution="Reuters BIP Coding Group" action="confirmed" date="1996-09-04"/>
  </code>
</codes>
<codes class="bip:topics:1.0">
  <code code="CCAT">
    <editdetail attribution="Reuters BIP Coding Group" action="confirmed" date="1996-09-04"/>
  </code>
  <code code="M14">
    <editdetail attribution="Reuters BIP Coding Group" action="confirmed" date="1996-09-04"/>
  </code>
  <code code="MCAT">
    <editdetail attribution="Reuters BIP Coding Group" action="confirmed" date="1996-09-04"/>
  </code>
</codes>
<dc element="dc.date.created" value="1996-09-04"/>
<dc element="dc.publisher" value="Reuters Holdings Plc"/>
<dc element="dc.date.published" value="1996-09-04"/>
<dc element="dc.source" value="Reuters"/>
<dc element="dc.creator.location" value="BOMBAY"/>
<dc element="dc.creator.location.country.name" value="INDIA"/>
<dc element="dc.source" value="Reuters"/>
</metadata>
</newsitem>
