<?xml version="1.0" encoding="iso-8859-1" ?>
<newsitem itemid="23083" id="root" date="1996-08-29" xml:lang="en">
<title>AUSTRALIA: RTRS-Australian Democrats wary of health rebate.</title>
<headline>RTRS-Australian Democrats wary of health rebate.</headline>
<dateline>CANBERRA 1996-08-29</dateline>
<text>
<p>The Australian Democrats party said on Thursday it might oppose the government's plan to give a tax rebate to people who take out private health insurance.</p>
<p>The measure -- expected to cost the budget A$113 million in 1998/99, its first year of operation -- is part of a package of government policies aimed at taking pressure of the national health insurance scheme, Medicare.</p>
<p>&quot;The Australian Democrats will consider rejecting the (government) Coalition's private health insurance rebate in wake of the premium increases announced by major private health companies,&quot; Democrats senator Meg Lees said in a statement.  </p>
<p>The Liberal-National government is two votes short of a majority in the upper house of parliament, the Senate.</p>
<p>Those two votes can come from the 28-strong Labor opposition, the seven Democrats, two Greens or a pair of Independents.</p>
<p>On Wednesday two health insurers said they were raising their premiums, effectively taking up all or part of the subsidy that their customers might get from the government.</p>
<p>-- Canberra Bureau 61-6 273-2730</p>
</text>
<copyright>(c) Reuters Limited 1996</copyright>
<metadata>
<codes class="bip:countries:1.0">
  <code code="AUSTR">
    <editdetail attribution="Reuters BIP Coding Group" action="confirmed" date="1996-08-29"/>
  </code>
</codes>
<codes class="bip:industries:1.0">
  <code code="I82000">
    <editdetail attribution="Reuters BIP Coding Group" action="confirmed" date="1996-08-29"/>
  </code>
</codes>
<codes class="bip:topics:1.0">
  <code code="C13">
    <editdetail attribution="Reuters BIP Coding Group" action="confirmed" date="1996-08-29"/>
  </code>
  <code code="CCAT">
    <editdetail attribution="Reuters BIP Coding Group" action="confirmed" date="1996-08-29"/>
  </code>
  <code code="E21">
    <editdetail attribution="Reuters BIP Coding Group" action="confirmed" date="1996-08-29"/>
  </code>
  <code code="E211">
    <editdetail attribution="Reuters BIP Coding Group" action="confirmed" date="1996-08-29"/>
  </code>
  <code code="ECAT">
    <editdetail attribution="Reuters BIP Coding Group" action="confirmed" date="1996-08-29"/>
  </code>
  <code code="GCAT">
    <editdetail attribution="Reuters BIP Coding Group" action="confirmed" date="1996-08-29"/>
  </code>
  <code code="GHEA">
    <editdetail attribution="Reuters BIP Coding Group" action="confirmed" date="1996-08-29"/>
  </code>
  <code code="GPOL">
    <editdetail attribution="Reuters BIP Coding Group" action="confirmed" date="1996-08-29"/>
  </code>
</codes>
<dc element="dc.date.created" value="1996-08-29"/>
<dc element="dc.publisher" value="Reuters Holdings Plc"/>
<dc element="dc.date.published" value="1996-08-29"/>
<dc element="dc.source" value="Reuters"/>
<dc element="dc.creator.location" value="CANBERRA"/>
<dc element="dc.creator.location.country.name" value="AUSTRALIA"/>
<dc element="dc.source" value="Reuters"/>
</metadata>
</newsitem>
