<?xml version="1.0" encoding="iso-8859-1" ?>
<newsitem itemid="524429" id="root" date="1997-04-21" xml:lang="en">
<title>ARGENTINA: Buenos Aires power distribution sale gets $969 mln.</title>
<headline>Buenos Aires power distribution sale gets $969 mln.</headline>
<dateline>BUENOS AIRES 1997-04-21</dateline>
<text>
<p>The government of Buenos Aires Province said Monday two groups, AESEBA SA and Inversora Electrica de Buenos Aires SA, had won the bidding for the distribution business of provincial power firm Eseba.</p>
<p>It said the winning bids valued the distribution business of Empresa Social de Energia de Buenos Aires (Eseba) at $969 million in total.  </p>
<p>The sale of electricity distribution for an area of 1.38 million users in Argentina's most populous province had been divided up into three regions -- north, south and Atlantic.</p>
<p>AESEBA, whose full name is AESEBA-CEA Operating Argentina SA, won both the north and south bids with a joint offer of $565 million.</p>
<p>Inversora Electrica, a consortium made up of Argentina's Camuzzi SA,  Loma Negra and United Utilities, won the Atlantic area with a $404 million bid.</p>
<p>The provincial government said in a statement that the distribution business of Eseba has annual sales of $660 million.</p>
<p>Provincial Gov. Eduardo Duhalde had been aiming to raise $1.0 billion from the sale.</p>
<p>The value of bids for the sell-off of Eseba's generating business will be revealed on April 28.</p>
<p>((-Stephen Brown, Buenos Aires Newsroom +541 318-0695))</p>
</text>
<copyright>(c) Reuters Limited 1997</copyright>
<metadata>
<codes class="bip:countries:1.0">
  <code code="ARG">
    <editdetail attribution="Reuters BIP Coding Group" action="confirmed" date="1997-04-21"/>
  </code>
</codes>
<codes class="bip:industries:1.0">
  <code code="I17000">
    <editdetail attribution="Reuters BIP Coding Group" action="confirmed" date="1997-04-21"/>
  </code>
</codes>
<codes class="bip:topics:1.0">
  <code code="C18">
    <editdetail attribution="Reuters BIP Coding Group" action="confirmed" date="1997-04-21"/>
  </code>
  <code code="C183">
    <editdetail attribution="Reuters BIP Coding Group" action="confirmed" date="1997-04-21"/>
  </code>
  <code code="CCAT">
    <editdetail attribution="Reuters BIP Coding Group" action="confirmed" date="1997-04-21"/>
  </code>
</codes>
<dc element="dc.date.created" value="1997-04-21"/>
<dc element="dc.publisher" value="Reuters Holdings Plc"/>
<dc element="dc.date.published" value="1997-04-21"/>
<dc element="dc.source" value="Reuters"/>
<dc element="dc.creator.location" value="BUENOS AIRES"/>
<dc element="dc.creator.location.country.name" value="ARGENTINA"/>
<dc element="dc.source" value="Reuters"/>
</metadata>
</newsitem>
