<?xml version="1.0" encoding="iso-8859-1" ?>
<newsitem itemid="346415" id="root" date="1997-01-31" xml:lang="en">
<title>SOUTH AFRICA: Marshalls yr shr dips, div increased.</title>
<headline>Marshalls yr shr dips, div increased.</headline>
<dateline>JOHANNESBURG 1997-01-31</dateline>
<text>
<p>Year ended Dec 31, 1996</p>
<p>			(million rand unless stated)</p>
<p>    Shr, attrib (cts)     41.5	  vs 42.2</p>
<p>    Div (cts)		 32.0	  vs 30.0</p>
<p>    Attrib income	   3.53	  vs 3.58</p>
<p>    Pre-tax		   4.92	  vs 6.13</p>
<p>    Tax			 1.39	  vs 2.55</p>
<p>    Interest paid	   3.16	  vs 2.94</p>
<p>    Turnover		  18.90	 vs 18.80</p>
<p>Div payable March 4</p>
<p>on register February 14</p>
<p>Full name: Marshalls Ltd</p>
<p>NOTE - Forescasts for 1997 indicate that the earnings and divideds per share of the group, which owns rental producing commercial property and parking garages, will increase over those for 1996</p>
<p>-- Johannesburg newsroom +27 11 482 1003</p>
</text>
<copyright>(c) Reuters Limited 1997</copyright>
<metadata>
<codes class="bip:countries:1.0">
  <code code="SAFR">
    <editdetail attribution="Reuters BIP Coding Group" action="confirmed" date="1997-01-31"/>
  </code>
</codes>
<codes class="bip:industries:1.0">
  <code code="I85000">
    <editdetail attribution="Reuters BIP Coding Group" action="confirmed" date="1997-01-31"/>
  </code>
</codes>
<codes class="bip:topics:1.0">
  <code code="C15">
    <editdetail attribution="Reuters BIP Coding Group" action="confirmed" date="1997-01-31"/>
  </code>
  <code code="C151">
    <editdetail attribution="Reuters BIP Coding Group" action="confirmed" date="1997-01-31"/>
  </code>
  <code code="C1511">
    <editdetail attribution="Reuters BIP Coding Group" action="confirmed" date="1997-01-31"/>
  </code>
  <code code="CCAT">
    <editdetail attribution="Reuters BIP Coding Group" action="confirmed" date="1997-01-31"/>
  </code>
</codes>
<dc element="dc.date.created" value="1997-01-31"/>
<dc element="dc.publisher" value="Reuters Holdings Plc"/>
<dc element="dc.date.published" value="1997-01-31"/>
<dc element="dc.source" value="Reuters"/>
<dc element="dc.creator.location" value="JOHANNESBURG"/>
<dc element="dc.creator.location.country.name" value="SOUTH AFRICA"/>
<dc element="dc.source" value="Reuters"/>
</metadata>
</newsitem>
