<?xml version="1.0" encoding="iso-8859-1" ?>
<newsitem itemid="620731" id="root" date="1997-05-28" xml:lang="en">
<title>GERMANY: Lufthansa details April traffic figures.</title>
<headline>Lufthansa details April traffic figures.</headline>
<dateline>FRANKFURT 1997-05-28</dateline>
<text>
<p>Deutsche Lufthansa AG released the following group traffic figures for April with year-on-year percentage changes. Lufthansa Group Overall:  Passengers (in thousands)		 3,651    up 13.3 pct</p>
<p> Available seat-km (millions)	   10,273    up  9.3 pct</p>
<p> Revenue passenger-km (millions)	 7,457    up 18.2 pct</p>
<p> Passenger load factor (percent)	  72.6    up  5.4 pct pts</p>
<p> Available tonne-km (millions)	   1,796    up  5.7 pct</p>
<p> Revenue tonne-km (millions)	     1,268    up 10.2 pct</p>
<p> Overall load factor (percent)	    70.6    up  2.9 pct pts</p>
<p> Number of flights			  53,433    up 14.0 pct</p>
<p>European Operations (Including Germany):  Passengers (in thousands)		2,927     up  11.8 pct</p>
<p> Available tonne-km (millions)	    491     up  10.2 pct</p>
<p> Revenue tonne-km (millions)		294     up  15.2 pct</p>
<p> Overall load factor (percent)	   59.9     up   2.6 pct pts</p>
<p>North and South America operations:  Passengers (in thousands)		  377     up  24.7 pct</p>
<p> Available tonne-km (millions)	    653     up   8.3 pct</p>
<p> Revenue tonne-km (millions)		502     up  12.9 pct</p>
<p> Overall load factor (percent)	   77.1     up   3.1 pct pts</p>
<p>Asia-Pacific, Middle East and Africa operations:  Passengers (in thousands)		  336     up  13.5 pct</p>
<p> Available tonne-km (millions)	    646    down  0.5 pct</p>
<p> Revenue tonne-km (millions)		466     up   4.0 pct</p>
<p> Overall load factor (percent)	    72.2    up  3.1 pct pts</p>
<p>- Reuters Air Cargo Newsroom. Tel +44 171 542 7706 Fax +5017</p>
</text>
<copyright>(c) Reuters Limited 1997</copyright>
<metadata>
<codes class="bip:countries:1.0">
  <code code="GFR">
    <editdetail attribution="Reuters BIP Coding Group" action="confirmed" date="1997-05-28"/>
  </code>
</codes>
<codes class="bip:industries:1.0">
  <code code="I75000">
    <editdetail attribution="Reuters BIP Coding Group" action="confirmed" date="1997-05-28"/>
  </code>
</codes>
<codes class="bip:topics:1.0">
  <code code="C15">
    <editdetail attribution="Reuters BIP Coding Group" action="confirmed" date="1997-05-28"/>
  </code>
  <code code="C151">
    <editdetail attribution="Reuters BIP Coding Group" action="confirmed" date="1997-05-28"/>
  </code>
  <code code="CCAT">
    <editdetail attribution="Reuters BIP Coding Group" action="confirmed" date="1997-05-28"/>
  </code>
</codes>
<dc element="dc.date.created" value="1997-05-28"/>
<dc element="dc.publisher" value="Reuters Holdings Plc"/>
<dc element="dc.date.published" value="1997-05-28"/>
<dc element="dc.source" value="Reuters"/>
<dc element="dc.creator.location" value="FRANKFURT"/>
<dc element="dc.creator.location.country.name" value="GERMANY"/>
<dc element="dc.source" value="Reuters"/>
</metadata>
</newsitem>
