<?xml version="1.0" encoding="iso-8859-1" ?>
<newsitem itemid="562045" id="root" date="1997-05-06" xml:lang="en">
<title>USA: Kingston Metal, Swedform enter joint venture.</title>
<headline>Kingston Metal, Swedform enter joint venture.</headline>
<dateline>LUZERNE, Pa. 1997-05-05</dateline>
<text>
<p>Kingston Metal Corp said on Monday it has entered a sales and manufacturing joint venture with Sweden's Swedform AB.</p>
<p>Under the terms of the joint venture, the combined capabilities of Kingston and Swedform will include six plant locations, nearly 1 million square feet of manufacturing space and revenues approaching $150 million, the company said.</p>
<p>Both companies make and finish sheet metal and perform electromechanical assembly for telecommunications, electronics and computer industries, Kingston said.</p>
<p>Kingston Metal said the alliance will allow both companies to offer enhanced engineering and development and manufacturing capabilities for customers, participate in joint purchasing strategies and to share technology and manufacturing processes.</p>
<p>The joint venture will allow both companies to solidify their presence in Europe and North America and expand the companies into Mexico, China, Southeast Asia and Brazil, Kingston said.</p>
<p>Together Kingston and Swedform employ nearly 800 workers in plants in Luzerne and Kingston, Pennsylvania; Columbia, South Carolina; Skillingaryd, Vaggeryd and Lovisjo, Sweden.</p>
</text>
<copyright>(c) Reuters Limited 1997</copyright>
<metadata>
<codes class="bip:countries:1.0">
  <code code="SWED">
    <editdetail attribution="Reuters BIP Coding Group" action="confirmed" date="1997-05-06"/>
  </code>
  <code code="USA">
    <editdetail attribution="Reuters BIP Coding Group" action="confirmed" date="1997-05-06"/>
  </code>
</codes>
<codes class="bip:industries:1.0">
  <code code="I22000">
    <editdetail attribution="Reuters BIP Coding Group" action="confirmed" date="1997-05-06"/>
  </code>
</codes>
<codes class="bip:topics:1.0">
  <code code="C11">
    <editdetail attribution="Reuters BIP Coding Group" action="confirmed" date="1997-05-06"/>
  </code>
  <code code="CCAT">
    <editdetail attribution="Reuters BIP Coding Group" action="confirmed" date="1997-05-06"/>
  </code>
</codes>
<dc element="dc.date.created" value="1997-05-05"/>
<dc element="dc.publisher" value="Reuters Holdings Plc"/>
<dc element="dc.date.published" value="1997-05-06"/>
<dc element="dc.source" value="Reuters"/>
<dc element="dc.creator.location" value="LUZERNE, Pa."/>
<dc element="dc.creator.location.country.name" value="USA"/>
<dc element="dc.source" value="Reuters"/>
</metadata>
</newsitem>
