<?xml version="1.0" encoding="iso-8859-1" ?>
<newsitem itemid="689757" id="root" date="1997-06-26" xml:lang="en">
<title>FRANCE: Minitel sex-talk manager on trial for pimping.</title>
<headline>Minitel sex-talk manager on trial for pimping.</headline>
<dateline>PARIS 1997-06-26</dateline>
<text>
<p>A state prosecutor asked a French court on Thursday to impose a heavy fine on a sex-talk service on the Minitel home electronic directory which is facing charges of pimping.</p>
<p>Prosecutor Bernard Pages asked for a five million franc ($860,000) for the Eurifnacom firm, which owns the service called &quot;3615 Aline&quot;, and 300,000 francs ($52,000) for Valery Sourieau, manager of the service, which allows people to converse through the Minitel network while remaining anonymous.</p>
<p>He said the service was used for making dates with prostitutes.</p>
<p>It is only the second time Minitel sex-talk services, dozens of which operate in France and are often advertised with sexually suggestive posters, have been the object of pimping accusations.</p>
<p>However, the prosecutor's office declined to file charges against telephone company France Telecom, which charges a fee for the communication, in the name of procedural efficiency.</p>
<p>Eurifnacom, which employs a dozen people at the minimum legal wage earns 23 million francs ($4 million) in annual sales for the service.</p>
<p>Soulieau explained to the court that the firm's employees had no access to the conversations, which were protected by privacy laws.</p>
<p>Pages argued that minitel conversations could not be compared to a phone communication because they put in contact &quot;an unknown person with obscure network of correspondents&quot;.</p>
</text>
<copyright>(c) Reuters Limited 1997</copyright>
<metadata>
<codes class="bip:countries:1.0">
  <code code="FRA">
    <editdetail attribution="Reuters BIP Coding Group" action="confirmed" date="1997-06-26"/>
  </code>
</codes>
<codes class="bip:industries:1.0">
  <code code="I79020">
    <editdetail attribution="Reuters BIP Coding Group" action="confirmed" date="1997-06-26"/>
  </code>
  <code code="I83954">
    <editdetail attribution="Reuters BIP Coding Group" action="confirmed" date="1997-06-26"/>
  </code>
</codes>
<codes class="bip:topics:1.0">
  <code code="C12">
    <editdetail attribution="Reuters BIP Coding Group" action="confirmed" date="1997-06-26"/>
  </code>
  <code code="CCAT">
    <editdetail attribution="Reuters BIP Coding Group" action="confirmed" date="1997-06-26"/>
  </code>
  <code code="GCAT">
    <editdetail attribution="Reuters BIP Coding Group" action="confirmed" date="1997-06-26"/>
  </code>
  <code code="GCRIM">
    <editdetail attribution="Reuters BIP Coding Group" action="confirmed" date="1997-06-26"/>
  </code>
</codes>
<dc element="dc.date.created" value="1997-06-26"/>
<dc element="dc.publisher" value="Reuters Holdings Plc"/>
<dc element="dc.date.published" value="1997-06-26"/>
<dc element="dc.source" value="Reuters"/>
<dc element="dc.creator.location" value="PARIS"/>
<dc element="dc.creator.location.country.name" value="FRANCE"/>
<dc element="dc.source" value="Reuters"/>
</metadata>
</newsitem>
