<?xml version="1.0" encoding="iso-8859-1" ?>
<newsitem itemid="677922" id="root" date="1997-06-20" xml:lang="en">
<title>JAPAN: Mazda's May domestic output up 35.8 pct.</title>
<headline>Mazda's May domestic output up 35.8 pct.</headline>
<dateline>TOKYO 1997-06-20</dateline>
<text>
<p>Mazda Motor Corp said on Friday that its domestic vehicle production rose 35.8 percent from a year earlier to 75,056 vehicles in May.</p>
<p>Mazda's May exports rose 19.6 percent year-on-year to 40,884 vehicles.</p>
<p>Mazda's domestic vehicle production, exports and domestic sales in May were as follows:</p>
<p> Production	   75,056  up   35.8 percent</p>
<p>  - Car		 58,436  up   43.6 percent</p>
<p>  - Truck &amp; Bus     16,620  up   13.8 percent</p>
<p> Domestic sales     23,563  up    7.4 percent</p>
<p>  - Car		 15,229  up   32.2 percent</p>
<p>  - Truck &amp; Bus	8,334  down 20.0 percent</p>
<p> Exports		40,884  up   19.6 percent</p>
<p>  - Car		 34,337  up   23.0 percent</p>
<p>  - Truck &amp; Bus	6,547  up    4.5 percent</p>
</text>
<copyright>(c) Reuters Limited 1997</copyright>
<metadata>
<codes class="bip:countries:1.0">
  <code code="JAP">
    <editdetail attribution="Reuters BIP Coding Group" action="confirmed" date="1997-06-20"/>
  </code>
</codes>
<codes class="bip:industries:1.0">
  <code code="I35101">
    <editdetail attribution="Reuters BIP Coding Group" action="confirmed" date="1997-06-20"/>
  </code>
</codes>
<codes class="bip:topics:1.0">
  <code code="C21">
    <editdetail attribution="Reuters BIP Coding Group" action="confirmed" date="1997-06-20"/>
  </code>
  <code code="CCAT">
    <editdetail attribution="Reuters BIP Coding Group" action="confirmed" date="1997-06-20"/>
  </code>
</codes>
<dc element="dc.date.created" value="1997-06-20"/>
<dc element="dc.publisher" value="Reuters Holdings Plc"/>
<dc element="dc.date.published" value="1997-06-20"/>
<dc element="dc.source" value="Reuters"/>
<dc element="dc.creator.location" value="TOKYO"/>
<dc element="dc.creator.location.country.name" value="JAPAN"/>
<dc element="dc.source" value="Reuters"/>
</metadata>
</newsitem>
