<?xml version="1.0" encoding="iso-8859-1" ?>
<newsitem itemid="727479" id="root" date="1997-07-14" xml:lang="en">
<title>AUSTRALIA: CSR says aluminium profits seen falling.</title>
<headline>CSR says aluminium profits seen falling.</headline>
<dateline>SYDNEY 1997-07-14</dateline>
<text>
<p>CSR Ltd said on Monday profits from its aluminium and alumina divisions for 1997/98 (April/March) would be below those for 1996/97.</p>
<p>&quot;We expect profit to be slightly below last year based on current prices and exchange rates,&quot; chairman Alan Coates told the company's annual general meeting.</p>
<p>Coates said profits from the division would be lower despite operating at the low end of the industry cost curve for world producers.</p>
<p>Aluminium and alumina are priced in U.S. dollars in international markets.  </p>
<p>Analysts expect demand for alumina and aluminium to taper off during the second half of calendar 1997, leading to a build-up in supply.</p>
<p>CSR owns a 25.2 percent stake in the Tomago aluminium smelter in New South Wales.</p>
<p>CSR's stake in the smelter, Australia's largest, is owned through its 70 percent interest in Gove Aluminium Ltd, which holds a 36.05 percent share of the smeelter.  </p>
<p>The other owners are France's Pechiney SA 36.05 percent, Germany's VAW Aluminium AG with 12.4 percent and life insurer Australian Mutual Provident Society (AMP) with 15.5 percent.</p>
<p>CSR also holds a 21 percent interest in the Gove alumina refinery in the Northern Territory.</p>
<p>Overall, sales from CSR's aluminium division fell five percent to A$396 million in its 1996/97 year ended March 31.</p>
<p>Production capacity at the smelter currently is being expanded by 40,000 tonnes to 440,000 tonnes a year.  </p>
<p>CSR said overall profits for the current year should improve over the previous year, owing in part to contributions from its building, construction and timber businesses as the housing industry recovered.</p>
<p>-- James Regan, Sydney Newsroom 61-2 9373-1800</p>
</text>
<copyright>(c) Reuters Limited 1997</copyright>
<metadata>
<codes class="bip:countries:1.0">
  <code code="AUSTR">
    <editdetail attribution="Reuters BIP Coding Group" action="confirmed" date="1997-07-14"/>
  </code>
</codes>
<codes class="bip:industries:1.0">
  <code code="I22450">
    <editdetail attribution="Reuters BIP Coding Group" action="confirmed" date="1997-07-14"/>
  </code>
  <code code="I83960">
    <editdetail attribution="Reuters BIP Coding Group" action="confirmed" date="1997-07-14"/>
  </code>
</codes>
<codes class="bip:topics:1.0">
  <code code="C15">
    <editdetail attribution="Reuters BIP Coding Group" action="confirmed" date="1997-07-14"/>
  </code>
  <code code="C152">
    <editdetail attribution="Reuters BIP Coding Group" action="confirmed" date="1997-07-14"/>
  </code>
  <code code="CCAT">
    <editdetail attribution="Reuters BIP Coding Group" action="confirmed" date="1997-07-14"/>
  </code>
</codes>
<dc element="dc.date.created" value="1997-07-14"/>
<dc element="dc.publisher" value="Reuters Holdings Plc"/>
<dc element="dc.date.published" value="1997-07-14"/>
<dc element="dc.source" value="Reuters"/>
<dc element="dc.creator.location" value="SYDNEY"/>
<dc element="dc.creator.location.country.name" value="AUSTRALIA"/>
<dc element="dc.source" value="Reuters"/>
</metadata>
</newsitem>
