<?xml version="1.0" encoding="iso-8859-1" ?>
<newsitem itemid="266930" id="root" date="1996-12-19" xml:lang="en">
<title>BRAZIL: Brazil Banespa takeover is approved - paper.</title>
<headline>Brazil Banespa takeover is approved - paper.</headline>
<dateline>SAO PAULO 1996-12-19</dateline>
<text>
<p>Sao Paulo state lawmakers approved late Wednesday a deal allowing Sao Paulo state bank Banespa to be taken over by the federal government, local newspapers said.</p>
<p>The takeover of Banespa by the federal government is part of a rescheduling deal, signed with federal officials last month, for a major part of Sao Paulo state's huge debt.</p>
<p>The deal covers Sao Paulo's debts with its banks Banespa and Nossa Caixa Nosso Banco, and outstanding debts in the form of public securities. Banespa is owed the biggest amount, 20.6 billion reais.</p>
<p>Under the deal, Sao Paulo state government will sell a 51 percent stake in its bank Banespa at a price to be determined after one year.</p>
<p>While in federal hands for one year, the bank will be run by an independent manager which will be hired in a bidding process.</p>
<p>Banespa, Brazil's largest state bank, has been under central bank management since December 1994 because of financial problems caused by Sao Paulo's debts with it.</p>
<p>Although government officials have declined to say whether Banespa will be privatized, most observers say the bank's fate is the sell-off as chances for the bank to return to state control are virtually null.</p>
<p>The bank's liquidation is also seen as out of question.</p>
<p>-- Fatima Cristina, Sao Paulo Newsroom, 55-11-2485412</p>
</text>
<copyright>(c) Reuters Limited 1996</copyright>
<metadata>
<codes class="bip:countries:1.0">
  <code code="BRAZ">
    <editdetail attribution="Reuters BIP Coding Group" action="confirmed" date="1996-12-19"/>
  </code>
</codes>
<codes class="bip:industries:1.0">
  <code code="I81402">
    <editdetail attribution="Reuters BIP Coding Group" action="confirmed" date="1996-12-19"/>
  </code>
</codes>
<codes class="bip:topics:1.0">
  <code code="C13">
    <editdetail attribution="Reuters BIP Coding Group" action="confirmed" date="1996-12-19"/>
  </code>
  <code code="C18">
    <editdetail attribution="Reuters BIP Coding Group" action="confirmed" date="1996-12-19"/>
  </code>
  <code code="C181">
    <editdetail attribution="Reuters BIP Coding Group" action="confirmed" date="1996-12-19"/>
  </code>
  <code code="C183">
    <editdetail attribution="Reuters BIP Coding Group" action="confirmed" date="1996-12-19"/>
  </code>
  <code code="CCAT">
    <editdetail attribution="Reuters BIP Coding Group" action="confirmed" date="1996-12-19"/>
  </code>
</codes>
<dc element="dc.date.created" value="1996-12-19"/>
<dc element="dc.publisher" value="Reuters Holdings Plc"/>
<dc element="dc.date.published" value="1996-12-19"/>
<dc element="dc.source" value="Reuters"/>
<dc element="dc.creator.location" value="SAO PAULO"/>
<dc element="dc.creator.location.country.name" value="BRAZIL"/>
<dc element="dc.source" value="Reuters"/>
</metadata>
</newsitem>
