<?xml version="1.0" encoding="iso-8859-1" ?>
<newsitem itemid="437512" id="root" date="1997-03-12" xml:lang="en">
<title>USA: EIA - U.S. weekly petroleum stocks.</title>
<headline>EIA - U.S. weekly petroleum stocks.</headline>
<text>
<p>(Million Barrels)	 3/07/97   2/28/97--Change 3/07/96</p>
<p>Gasoline..............    203.7    203.2     0.5    211.4</p>
<p>RFG...................     38.2     37.2     1.0     40.4</p>
<p>Distillate Fuel.......    106.0    106.4    -0.4     95.4</p>
<p>Residual Fuel.........     40.9     40.0     0.9     31.6</p>
<p>Jet Fuel..............     37.1     37.9    -0.8     34.6</p>
<p>Unfinished Oils.......     94.0     92.0     2.0     90.2</p>
<p>Other Oils............    145.2    144.2     1.0    141.1</p>
<p>Crude Oil (Exc SPR)...    305.1    299.9     5.2    301.1</p>
<p>Total Stock (Exc SPR).    932.1    923.5     8.6    905.3</p>
<p>Strategic Pet.Reserve.    563.5    563.5    unch    591.1</p>
<p>All Stocks (Inc SPR)..  1,495.6  1,487.0     8.6  1,496.4</p>
</text>
<copyright>(c) Reuters Limited 1997</copyright>
<metadata>
<codes class="bip:countries:1.0">
  <code code="USA">
    <editdetail attribution="Reuters BIP Coding Group" action="confirmed" date="1997-03-12"/>
  </code>
</codes>
<codes class="bip:industries:1.0">
  <code code="I13000">
    <editdetail attribution="Reuters BIP Coding Group" action="confirmed" date="1997-03-12"/>
  </code>
</codes>
<codes class="bip:topics:1.0">
  <code code="C24">
    <editdetail attribution="Reuters BIP Coding Group" action="confirmed" date="1997-03-12"/>
  </code>
  <code code="CCAT">
    <editdetail attribution="Reuters BIP Coding Group" action="confirmed" date="1997-03-12"/>
  </code>
  <code code="M14">
    <editdetail attribution="Reuters BIP Coding Group" action="confirmed" date="1997-03-12"/>
  </code>
  <code code="M143">
    <editdetail attribution="Reuters BIP Coding Group" action="confirmed" date="1997-03-12"/>
  </code>
  <code code="MCAT">
    <editdetail attribution="Reuters BIP Coding Group" action="confirmed" date="1997-03-12"/>
  </code>
</codes>
<dc element="dc.publisher" value="Reuters Holdings Plc"/>
<dc element="dc.date.published" value="1997-03-12"/>
<dc element="dc.source" value="Reuters"/>
<dc element="dc.creator.location.country.name" value="USA"/>
<dc element="dc.source" value="Reuters"/>
</metadata>
</newsitem>
