<?xml version="1.0" encoding="iso-8859-1" ?>
<newsitem itemid="89911" id="root" date="1996-10-01" xml:lang="en">
<title>GREECE: Greek bourse turnover up 41.33pct mo/mo in Sept.</title>
<headline>Greek bourse turnover up 41.33pct mo/mo in Sept.</headline>
<dateline>ATHENS 1996-10-01</dateline>
<text>
<p>Turnover at the main market of the Athens bourse rose 41.33 percent or 50.4 million drachmas month-on-month and 103.8 percent year-on-year in September, Ionian Research said in its monthly report.</p>
<p>Turnover at the parallel market was also up 54.4 percent month-on-month in September to 18.8 billion drachmas, it said.</p>
<p>The average monthly marketability of all main market listings rose to 4.42 percent in September from 3.47 percent in August and 3.83 percent in September 1995, it said.</p>
<p>The preferred shares of the Bank of Athens ranked first in terms of marketability among all bank shares at 59.43 percent folowed by common shares of the National Mortgage Bank at 9.15 percent, it said.</p>
<p>--Dimitris Kontogiannis, Athens Newsroom +301 3311812-4</p>
</text>
<copyright>(c) Reuters Limited 1996</copyright>
<metadata>
<codes class="bip:countries:1.0">
  <code code="GREECE">
    <editdetail attribution="Reuters BIP Coding Group" action="confirmed" date="1996-10-01"/>
  </code>
</codes>
<codes class="bip:topics:1.0">
  <code code="M11">
    <editdetail attribution="Reuters BIP Coding Group" action="confirmed" date="1996-10-01"/>
  </code>
  <code code="MCAT">
    <editdetail attribution="Reuters BIP Coding Group" action="confirmed" date="1996-10-01"/>
  </code>
</codes>
<dc element="dc.date.created" value="1996-10-01"/>
<dc element="dc.publisher" value="Reuters Holdings Plc"/>
<dc element="dc.date.published" value="1996-10-01"/>
<dc element="dc.source" value="Reuters"/>
<dc element="dc.creator.location" value="ATHENS"/>
<dc element="dc.creator.location.country.name" value="GREECE"/>
<dc element="dc.source" value="Reuters"/>
</metadata>
</newsitem>
