<?xml version="1.0" encoding="iso-8859-1" ?>
<newsitem itemid="523971" id="root" date="1997-04-21" xml:lang="en">
<title>HUNGARY: NEW AUTO SALES IN CENTRAL EUROPE -- FEBRUARY TABLE.</title>
<headline>NEW AUTO SALES IN CENTRAL EUROPE -- FEBRUARY TABLE.</headline>
<dateline>BUDAPEST 1997-04-21</dateline>
<text>
<p>New auto sales in Central</p>
<p>European Free Trade Agreement (CEFTA) countries rose 19.4</p>
<p>percent to 77,229 units in February 1997 from 64,663 units in</p>
<p>February 1996, according to a monthly Reuters survey.</p>
<p>CEFTA, which was formed in 1993, includes the Czech</p>
<p>Republic, Hungary, Poland, Slovakia and Slovenia. The survey</p>
<p>covers cars, minibuses, pickups, vans and other four-wheeled</p>
<p>motor vehicles not over five tonnes in gross weight.</p>
<p>						     FEB     FEB  YEAR/YEAR</p>
<p> SALES BY AUTOMAKER			   1997    1996 PCT CHANGE</p>
<p>--------------------------------------------------------------</p>
<p> FIAT SPA				     19,682  15,472	+27.2</p>
<p> --Fiat					 19,310  15,076	+28.1</p>
<p> --Iveco					   164     146	+12.3</p>
<p> --Alfa Romeo				    156     156	  0.0</p>
<p> --Lancia					   52	92	-43.5</p>
<p> --Others					    0	 2	 -8.0</p>
<p> VOLKSWAGEN AG				17,409  15,052	+15.7</p>
<p> --Skoda					10,255   8,910	+15.1</p>
<p> --Volkswagen				  4,268   3,736	+14.2</p>
<p> --SEAT					  2,595   2,244	+15.6</p>
<p> --Audi					    291     162	+79.6</p>
<p> DAEWOO GROUP				 11,512   9,006	+27.8</p>
<p> --Daewoo					5,951   1,830     +225.2</p>
<p> --Daewoo FSO				  4,283   6,211	-31.0</p>
<p> --Daewoo FSL				  1,270     963	+31.9</p>
<p> --Daewoo Avia				     8	 2     +300.0</p>
<p> GENERAL MOTORS CORP			 5,602   6,141	 -8.8</p>
<p> --Opel					  5,585   6,113	 -8.6</p>
<p> --Saab					     17	12	+41.7</p>
<p> --Others					    0	16     -100.0</p>
<p> RENAULT SA				    5,577   5,013	+11.3</p>
<p> PSA PEUGEOT CITROEN			 4,290   3,756	+14.2</p>
<p> --Citroen				     3,046   1,395     +118.4</p>
<p> --Peugeot				     1,244   2,361	-47.3</p>
<p> FORD MOTOR CO				 4,086   2,562	+59.5</p>
<p> --Ford					  4,077   2,559	+59.3</p>
<p> --Jaguar					    9	 3     +200.0</p>
<p> NISSAN MOTOR CO LTD			 1,607     648     +148.0</p>
<p> HONDA MOTOR CO LTD			  1,251     689	+81.6</p>
<p> SUZUKI MOTOR CORP			   1,074   1,168	 -8.0</p>
<p> --Suzuki					1,067   1,095	 -2.6</p>
<p> --Maruti					    7	73	-90.4</p>
<p> HYUNDAI GROUP				   884   1,083	-18.4</p>
<p> MERCEDES-BENZ AG				811     509	+59.3</p>
<p> MAZDA MOTOR CORP				740     527	+40.4</p>
<p> TOYOTA MOTOR CORP			     698     972	-28.2</p>
<p> BAYERISCHE MOTOREN WERKE AG		 571     427	+33.7</p>
<p> --Land Rover and Rover			433     275	+57.5</p>
<p> --BMW					     138     152	 -9.2</p>
<p> AO AVTOVAZ					399     486	-17.9</p>
<p> KIA MOTORS CORP				 267     220	+21.4</p>
<p> MITSUBISHI MOTORS CORP			265     220	+20.5</p>
<p> AB VOLVO					  129     139	 -7.2</p>
<p> TAZ AS					     98	63	+55.6</p>
<p> CHRYSLER CORP				    88     121	-27.3</p>
<p> FUJI HEAVY INDUSTRIES LTD		    48	41	+17.1</p>
<p> SSANGYONG GROUP				  42	35	+20.0</p>
<p> AO GAZ					     34	38	-10.5</p>
<p> PERUSAHAAN OTOMOBIL NASIONAL		 24	 0	    -</p>
<p> DAIHATSU MOTOR CO LTD			  18	16	+12.5</p>
<p> LDV LTD					    16	13	+23.1</p>
<p> SKODA PLZEN AS				    5	14	-64.3</p>
<p> --Skoda Beta					5	 5	  0.0</p>
<p> --Tatra					     0	 9     -100.0</p>
<p> PIAGGIO AND C SPA				 1	 3	-66.7</p>
<p> DR ING H C F PORSCHE AG			 1	 2	-50.0</p>
<p> AO ZAZ						0     201     -100.0</p>
<p> AO MOSKVICH					 0	24     -100.0</p>
<p> TATA GROUP					  0	 2     -100.0</p>
<p>--------------------------------------------------------------</p>
<p> TOTAL					  77,229  64,663	+19.4</p>
<p>--------------------------------------------------------------</p>
<p>SALES BY COUNTRY</p>
<p> Poland					 48,216  38,158	+26.4</p>
<p> Czech Republic			     12,551  11,669	 +7.6</p>
<p> Slovenia					6,342   5,832	 +8.7</p>
<p> Hungary					 5,434   4,960	 +9.6</p>
<p> Slovakia					4,686   4,044	+15.9</p>
<p>--------------------------------------------------------------</p>
<p> TOTAL					  77,229  64,663	+19.4</p>
<p>--------------------------------------------------------------</p>
<p>NOTE - AvtoVAZ includes Lada, Niva and Samara brands.</p>
<p>Daewoo FSL includes Lublin and Zuk brands. Daewoo FSO includes</p>
<p>Polonez brand. Fiat's other brands include Autobianchi,</p>
<p>Ferrari, Innocenti and Maserati. Fuji includes Subaru brand.</p>
<p>GAZ (Gorkovsky Avtomobilny Zavod) includes Gazelle and Volga</p>
<p>brands. GM's other brands include Cadillac, Chevrolet and</p>
<p>Pontiac. Moskvich (formerly AZLK) includes Aleko brand.</p>
<p>Perusahaan includes Proton brand. Skoda Plzen includes Beta</p>
<p>brand.</p>
<p>Data reflect retail sales which Reuters calculated from</p>
<p>provisional information provided by various sources, including</p>
<p>automakers and their importers as well as government statistics</p>
<p>bureaus and vehicle industry associations.</p>
<p>Totals for 1996 include revisions from previous surveys.</p>
<p>-- Ryan Tutak, Budapest newsroom (36 1) 327 4040 REUTER</p>
</text>
<copyright>(c) Reuters Limited 1997</copyright>
<metadata>
<codes class="bip:countries:1.0">
  <code code="HUNG">
    <editdetail attribution="Reuters BIP Coding Group" action="confirmed" date="1997-04-21"/>
  </code>
</codes>
<codes class="bip:industries:1.0">
  <code code="I24800">
    <editdetail attribution="Reuters BIP Coding Group" action="confirmed" date="1997-04-21"/>
  </code>
  <code code="I32000">
    <editdetail attribution="Reuters BIP Coding Group" action="confirmed" date="1997-04-21"/>
  </code>
  <code code="I35000">
    <editdetail attribution="Reuters BIP Coding Group" action="confirmed" date="1997-04-21"/>
  </code>
  <code code="I35101">
    <editdetail attribution="Reuters BIP Coding Group" action="confirmed" date="1997-04-21"/>
  </code>
  <code code="I35300">
    <editdetail attribution="Reuters BIP Coding Group" action="confirmed" date="1997-04-21"/>
  </code>
  <code code="I36200">
    <editdetail attribution="Reuters BIP Coding Group" action="confirmed" date="1997-04-21"/>
  </code>
  <code code="I83960">
    <editdetail attribution="Reuters BIP Coding Group" action="confirmed" date="1997-04-21"/>
  </code>
  <code code="I95100">
    <editdetail attribution="Reuters BIP Coding Group" action="confirmed" date="1997-04-21"/>
  </code>
</codes>
<codes class="bip:topics:1.0">
  <code code="C31">
    <editdetail attribution="Reuters BIP Coding Group" action="confirmed" date="1997-04-21"/>
  </code>
  <code code="C313">
    <editdetail attribution="Reuters BIP Coding Group" action="confirmed" date="1997-04-21"/>
  </code>
  <code code="CCAT">
    <editdetail attribution="Reuters BIP Coding Group" action="confirmed" date="1997-04-21"/>
  </code>
</codes>
<dc element="dc.date.created" value="1997-04-21"/>
<dc element="dc.publisher" value="Reuters Holdings Plc"/>
<dc element="dc.date.published" value="1997-04-21"/>
<dc element="dc.source" value="Reuters"/>
<dc element="dc.creator.location" value="BUDAPEST"/>
<dc element="dc.creator.location.country.name" value="HUNGARY"/>
<dc element="dc.source" value="Reuters"/>
</metadata>
</newsitem>
