<?xml version="1.0" encoding="iso-8859-1" ?>
<newsitem itemid="214319" id="root" date="1996-11-25" xml:lang="en">
<title>USA: Indosat at 29-5/8 in New York on Monday.</title>
<headline>Indosat at 29-5/8 in New York on Monday.</headline>
<dateline>NEW YORK 1996-11-25</dateline>
<text>
<p>PT Indonesian Satellite Corporation (Indosat) closed at 29-5/8 in New York on Monday. It recorded the day's low of 29-1/2 and the day's high of 29-7/8.</p>
<p>Volume was 122,900 American Depository Shares. Block volume was 120,000. Its previous close on Friday was 30.</p>
<p>One ADS represents 10 common shares.</p>
<p>-- Jakarta newsroom (Tel: 6221-3846364).</p>
</text>
<copyright>(c) Reuters Limited 1996</copyright>
<metadata>
<codes class="bip:countries:1.0">
  <code code="INDON">
    <editdetail attribution="Reuters BIP Coding Group" action="confirmed" date="1996-11-25"/>
  </code>
  <code code="USA">
    <editdetail attribution="Reuters BIP Coding Group" action="confirmed" date="1996-11-25"/>
  </code>
</codes>
<codes class="bip:industries:1.0">
  <code code="I79020">
    <editdetail attribution="Reuters BIP Coding Group" action="confirmed" date="1996-11-25"/>
  </code>
</codes>
<codes class="bip:topics:1.0">
  <code code="C15">
    <editdetail attribution="Reuters BIP Coding Group" action="confirmed" date="1996-11-25"/>
  </code>
  <code code="C152">
    <editdetail attribution="Reuters BIP Coding Group" action="confirmed" date="1996-11-25"/>
  </code>
  <code code="CCAT">
    <editdetail attribution="Reuters BIP Coding Group" action="confirmed" date="1996-11-25"/>
  </code>
</codes>
<dc element="dc.date.created" value="1996-11-25"/>
<dc element="dc.publisher" value="Reuters Holdings Plc"/>
<dc element="dc.date.published" value="1996-11-25"/>
<dc element="dc.source" value="Reuters"/>
<dc element="dc.creator.location" value="NEW YORK"/>
<dc element="dc.creator.location.country.name" value="USA"/>
<dc element="dc.source" value="Reuters"/>
</metadata>
</newsitem>
