<?xml version="1.0" encoding="iso-8859-1" ?>
<newsitem itemid="328043" id="root" date="1997-01-23" xml:lang="en">
<title>USA: New issues on municipal calendar - updated 1/23/9.</title>
<headline>New issues on municipal calendar - updated 1/23/9.</headline>
<dateline>NEW YORK 1997-01-23</dateline>
<text>
<p>The following new issues were added to the municipal sales calendar:</p>
<p> AMOUNT   ISSUER					     SECURITY	SALE DATE</p>
<p>(,000 omitted)</p>
<p>  $6.250   Madison Cty Medical Center, Miss.	  REV	     1/29/97</p>
<p>  $3.950   Ravalli Cty Sch Dist No. 1, Mont.	  GO		1/29/97</p>
<p>  $2.840   Livingston Twp., N.J.			  GO		1/29/97</p>
<p>  $6.600   Cheektowaga-Sloan UFSD, N.Y.		 GO		2/4/97</p>
<p>  $21.378  Somerville, Mass.				GO		2/5/97</p>
<p>  $10.500  Las Vegas, Nev.				  GO		2/5/97</p>
<p>  $7.672   Montclair Twp., N.J.			   GO		2/6/97</p>
<p>  $5.786   Montclair Twp., N.J.			   GO		2/6/97</p>
<p>  $3.000   Downers Grove Park Dist., Ill.	     GO		2/6/97</p>
<p>  $1.960   Fort Bend Cty LID No. 7, Texas	     GO		2/6/97</p>
<p>  $175.000 Industry Urban Development Agency, Calif.REV	     2/11/97</p>
<p>  $3.500   Gainesville Ind Sch Dist, Texas	    GO		2/12/97</p>
<p>  $1.160   Harris Cty MUD No. 46, Texas		 GO		2/20/97</p>
<p>  $4.995   Plymouth, Mich.				  GO		3/3/97</p>
<p> AMOUNT	   ISSUER				 SR. MANAGER    PRICING/AWARD</p>
<p>(,000 omitted)</p>
<p>Competitive Note Sales</p>
<p>AMOUNT	  ISSUER/TYPE						SALE DATE</p>
<p>(,000 omitted)</p>
<p>Negotiated Note Sales</p>
<p>AMOUNT	  ISSUER				  SR.MANAGER	 PRICING/AWARD</p>
<p>(,000 omitted)</p>
<p>--U.S. Municipal Information Group, 212-859-1826</p>
</text>
<copyright>(c) Reuters Limited 1997</copyright>
<metadata>
<codes class="bip:countries:1.0">
  <code code="USA">
    <editdetail attribution="Reuters BIP Coding Group" action="confirmed" date="1997-01-23"/>
  </code>
</codes>
<codes class="bip:topics:1.0">
  <code code="E21">
    <editdetail attribution="Reuters BIP Coding Group" action="confirmed" date="1997-01-23"/>
  </code>
  <code code="E212">
    <editdetail attribution="Reuters BIP Coding Group" action="confirmed" date="1997-01-23"/>
  </code>
  <code code="ECAT">
    <editdetail attribution="Reuters BIP Coding Group" action="confirmed" date="1997-01-23"/>
  </code>
</codes>
<dc element="dc.date.created" value="1997-01-23"/>
<dc element="dc.publisher" value="Reuters Holdings Plc"/>
<dc element="dc.date.published" value="1997-01-23"/>
<dc element="dc.source" value="Reuters"/>
<dc element="dc.creator.location" value="NEW YORK"/>
<dc element="dc.creator.location.country.name" value="USA"/>
<dc element="dc.source" value="Reuters"/>
</metadata>
</newsitem>
