<?xml version="1.0" encoding="iso-8859-1" ?>
<newsitem itemid="454739" id="root" date="1997-03-19" xml:lang="en">
<title>TAIWAN: Taiwan BSPA to tender for 54,000 tonnes soybeans.</title>
<headline>Taiwan BSPA to tender for 54,000 tonnes soybeans.</headline>
<dateline>TAIPEI 1997-03-19</dateline>
<text>
<p>The Taichung division of Taiwan's Breakfast Soybean Procurement Association will tender on Thursday for a 54,000-tonne shipment of U.S. or Argentine soybeans, traders said on Wednesday.  </p>
<p>Traders said the Taichung group was waiting to set further specifications for the shipment pending the outcome of a tender on Wednesday by the rival Kaohsiung division of the Breakfast Soybean Procurement Association.</p>
<p>&quot;The Taichung group is still waiting for the outcome of the Kaohsiung tender,&quot; said one trader close to the situation. &quot;They could cancel the tender if Kaohsiung group passes or they could change the tender to specify Brazilian soybeans.&quot;</p>
<p>The Kaohsiung group was seeking 54,000 tonnes of soybeans sourced in the United States, Argentina, Brazil or Paraguay.</p>
<p>The two groups, which have operated independently for decades, are fiercely competitive with one often arranging tenders on the basis of what price the other gets.</p>
</text>
<copyright>(c) Reuters Limited 1997</copyright>
<metadata>
<codes class="bip:countries:1.0">
  <code code="ARG">
    <editdetail attribution="Reuters BIP Coding Group" action="confirmed" date="1997-03-19"/>
  </code>
  <code code="TAIWAN">
    <editdetail attribution="Reuters BIP Coding Group" action="confirmed" date="1997-03-19"/>
  </code>
</codes>
<codes class="bip:topics:1.0">
  <code code="M14">
    <editdetail attribution="Reuters BIP Coding Group" action="confirmed" date="1997-03-19"/>
  </code>
  <code code="M141">
    <editdetail attribution="Reuters BIP Coding Group" action="confirmed" date="1997-03-19"/>
  </code>
  <code code="MCAT">
    <editdetail attribution="Reuters BIP Coding Group" action="confirmed" date="1997-03-19"/>
  </code>
</codes>
<dc element="dc.date.created" value="1997-03-19"/>
<dc element="dc.publisher" value="Reuters Holdings Plc"/>
<dc element="dc.date.published" value="1997-03-19"/>
<dc element="dc.source" value="Reuters"/>
<dc element="dc.creator.location" value="TAIPEI"/>
<dc element="dc.creator.location.country.name" value="TAIWAN"/>
<dc element="dc.source" value="Reuters"/>
</metadata>
</newsitem>
