<?xml version="1.0" encoding="iso-8859-1" ?>
<newsitem itemid="55775" id="root" date="1996-09-16" xml:lang="en">
<title>ISRAEL: El Al Israel Airlines appoints new president.</title>
<headline>El Al Israel Airlines appoints new president.</headline>
<dateline>TEL AVIV 1996-09-16</dateline>
<text>
<p>Joel Feldschuh, a retired brigadier general in the Israel Air Force, was appointed president of El Al Israel Airlines at a special meeting of the company's board of directors, the airline announced.</p>
<p>Feldschuh, 47, was president of Champion Motors Inc, the importers of Volkswagen, Audi and Seat cars in Israel, since 1994.</p>
<p>He also served as president of Edunetics Ltd, a software development company. In the airforce he served as an F-15 pilot as well as in senior positions as base commander, and intelligence officer during the Gulf War.</p>
<p>Feldschuh will replace Rafi Harlev, who served as El Al president for 14 years and recently resigned.</p>
<p>State-owned El Al, Israel's national airline, operates 26 Boeing aircraft with scheduled flights to 55 destinations.</p>
<p>- Tel Aviv newsroom, 972-3-537-2211</p>
</text>
<copyright>(c) Reuters Limited 1996</copyright>
<metadata>
<codes class="bip:countries:1.0">
  <code code="ISRAEL">
    <editdetail attribution="Reuters BIP Coding Group" action="confirmed" date="1996-09-16"/>
  </code>
</codes>
<codes class="bip:industries:1.0">
  <code code="I75000">
    <editdetail attribution="Reuters BIP Coding Group" action="confirmed" date="1996-09-16"/>
  </code>
</codes>
<codes class="bip:topics:1.0">
  <code code="C41">
    <editdetail attribution="Reuters BIP Coding Group" action="confirmed" date="1996-09-16"/>
  </code>
  <code code="C411">
    <editdetail attribution="Reuters BIP Coding Group" action="confirmed" date="1996-09-16"/>
  </code>
  <code code="CCAT">
    <editdetail attribution="Reuters BIP Coding Group" action="confirmed" date="1996-09-16"/>
  </code>
</codes>
<dc element="dc.date.created" value="1996-09-16"/>
<dc element="dc.publisher" value="Reuters Holdings Plc"/>
<dc element="dc.date.published" value="1996-09-16"/>
<dc element="dc.source" value="Reuters"/>
<dc element="dc.creator.location" value="TEL AVIV"/>
<dc element="dc.creator.location.country.name" value="ISRAEL"/>
<dc element="dc.source" value="Reuters"/>
</metadata>
</newsitem>
