<?xml version="1.0" encoding="iso-8859-1" ?>
<newsitem itemid="667469" id="root" date="1997-06-17" xml:lang="en">
<title>France: American orders Brazilian regional jets. [corrected 15:15 gmt]</title>
<headline>American orders Brazilian regional jets. [corrected 15:15 gmt]</headline>
<dateline>LE BOURGET, France 1997-06-17</dateline>
<text>
<p>American Airlines has ordered 42 regional jets (corrects number of jets) from Brazil's state-owned Embraer, with an option to buy 25 more, the companies said on Tuesday.</p>
<p>In one of the few announcements so far at the Paris air show, the companies valued the order for Embraer's 50-seat EMB-145 regional passenger jets at nearly $1 billion.</p>
<p>In a separate announcement, engine maker Allison said the aircraft would be powered by its AE 3007A1 engines in an order worth in excess of $275 million.</p>
<p>Allison is a unit of British aerospace group Roll Royce Plc.</p>
<p>An aircraft order was widely expected after American's parent, U.S. airlines giant AMR Corp, said on Monday it planned a press briefing for Tuesday on plans for its regional fleet.</p>
<p>The order is for AMR's domestic carrier American Eagle.</p>
<p>-- Le Bourget Newsroom + 331 41 693650</p>
</text>
<copyright>(c) Reuters Limited 1997</copyright>
<metadata>
<codes class="bip:countries:1.0">
  <code code="BRAZ">
    <editdetail attribution="Reuters BIP Coding Group" action="confirmed" date="1997-06-17"/>
  </code>
  <code code="FRA">
    <editdetail attribution="Reuters BIP Coding Group" action="confirmed" date="1997-06-17"/>
  </code>
  <code code="UK">
    <editdetail attribution="Reuters BIP Coding Group" action="confirmed" date="1997-06-17"/>
  </code>
  <code code="USA">
    <editdetail attribution="Reuters BIP Coding Group" action="confirmed" date="1997-06-17"/>
  </code>
</codes>
<codes class="bip:industries:1.0">
  <code code="I36400">
    <editdetail attribution="Reuters BIP Coding Group" action="confirmed" date="1997-06-17"/>
  </code>
  <code code="I3640002">
    <editdetail attribution="Reuters BIP Coding Group" action="confirmed" date="1997-06-17"/>
  </code>
  <code code="I3640010">
    <editdetail attribution="Reuters BIP Coding Group" action="confirmed" date="1997-06-17"/>
  </code>
  <code code="I75000">
    <editdetail attribution="Reuters BIP Coding Group" action="confirmed" date="1997-06-17"/>
  </code>
</codes>
<codes class="bip:topics:1.0">
  <code code="C33">
    <editdetail attribution="Reuters BIP Coding Group" action="confirmed" date="1997-06-17"/>
  </code>
  <code code="CCAT">
    <editdetail attribution="Reuters BIP Coding Group" action="confirmed" date="1997-06-17"/>
  </code>
</codes>
<dc element="dc.date.created" value="1997-06-17"/>
<dc element="dc.publisher" value="Reuters Holdings Plc"/>
<dc element="dc.date.published" value="1997-06-17"/>
<dc element="dc.source" value="Reuters"/>
<dc element="dc.creator.location" value="LE BOURGET, France"/>
<dc element="dc.creator.location.country.name" value="FRANCE"/>
<dc element="dc.source" value="Reuters"/>
</metadata>
</newsitem>
