<?xml version="1.0" encoding="iso-8859-1" ?>
<newsitem itemid="307928" id="root" date="1997-01-15" xml:lang="en">
<title>USA: St. Joseph Light sets $0.24/shr payout.</title>
<headline>St. Joseph Light sets $0.24/shr payout.</headline>
<text>
<p>ST. JOSEPH, Mich., Jan 15 (Reuter)</p>
<p>				     Quarterly</p>
<p>		   Latest		    Prior</p>
<p> Amount		  $0.24		    $0.235</p>
<p> Pay		    Feb 18</p>
<p> Record		  Feb 3</p>
<p>Note: Full name of company is St. Joseph Light &amp; Power Co</p>
<p>((Chicago newsdesk (312) 408-8787))</p>
</text>
<copyright>(c) Reuters Limited 1997</copyright>
<metadata>
<codes class="bip:countries:1.0">
  <code code="USA">
    <editdetail attribution="Reuters BIP Coding Group" action="confirmed" date="1997-01-15"/>
  </code>
</codes>
<codes class="bip:industries:1.0">
  <code code="I16100">
    <editdetail attribution="Reuters BIP Coding Group" action="confirmed" date="1997-01-15"/>
  </code>
</codes>
<codes class="bip:topics:1.0">
  <code code="C15">
    <editdetail attribution="Reuters BIP Coding Group" action="confirmed" date="1997-01-15"/>
  </code>
  <code code="C151">
    <editdetail attribution="Reuters BIP Coding Group" action="confirmed" date="1997-01-15"/>
  </code>
  <code code="CCAT">
    <editdetail attribution="Reuters BIP Coding Group" action="confirmed" date="1997-01-15"/>
  </code>
</codes>
<dc element="dc.publisher" value="Reuters Holdings Plc"/>
<dc element="dc.date.published" value="1997-01-15"/>
<dc element="dc.source" value="Reuters"/>
<dc element="dc.creator.location.country.name" value="USA"/>
<dc element="dc.source" value="Reuters"/>
</metadata>
</newsitem>
