<?xml version="1.0" encoding="iso-8859-1" ?>
<newsitem itemid="602415" id="root" date="1997-05-21" xml:lang="en">
<title>INDIA: India's BPL cellular completes $100 mln ADR issue.</title>
<headline>India's BPL cellular completes $100 mln ADR issue.</headline>
<dateline>BOMBAY 1997-05-21</dateline>
<text>
<p>BPL Cellular Holdings Ltd (BPLCH), the cellular holding company of India's BPL Telecom Business Group, has completed a $100 million American Depositary Receipt (ADR) issue, company officials said on Wednesday.</p>
<p>Each ADR, representing one share, was placed at $7.50, a corporate finance BPL official in Bangalore told Reuters.</p>
<p>BPLCH's fully paid up capital, following the ADR, will be 569.8 million rupees, K. Ravi Shankar, vice president corporate finance for the group, told Reuters.</p>
<p>The ADR, after dilution, will account for 23.4 percent of the fully paid up capital, he said.</p>
<p>&quot;This successful offering marks the first such offering after the government of India recently announced incentives in the areas of infrastructure and telecommunications,&quot; Shankar said in a statement released earlier.</p>
<p>The company withdrew plans to offer a $200 million ADR issue in December after its then lead manager Morgan Stanley advised there were too many uncertainites in the Indian telecommunications sector.</p>
<p>The just concluded issue was lead managed by SSKI Finance and the group's in-house corporate finance division.</p>
<p>AIG Investment Corp and Asian Infrastructure Fund (AIF) were among the main investors in the issue.</p>
<p>BPL plans to list the ADR on the National Association of Security Dealers Automated Quotes (NASDAQ).</p>
</text>
<copyright>(c) Reuters Limited 1997</copyright>
<metadata>
<codes class="bip:countries:1.0">
  <code code="INDIA">
    <editdetail attribution="Reuters BIP Coding Group" action="confirmed" date="1997-05-21"/>
  </code>
</codes>
<codes class="bip:industries:1.0">
  <code code="I34540">
    <editdetail attribution="Reuters BIP Coding Group" action="confirmed" date="1997-05-21"/>
  </code>
</codes>
<codes class="bip:topics:1.0">
  <code code="C17">
    <editdetail attribution="Reuters BIP Coding Group" action="confirmed" date="1997-05-21"/>
  </code>
  <code code="C171">
    <editdetail attribution="Reuters BIP Coding Group" action="confirmed" date="1997-05-21"/>
  </code>
  <code code="CCAT">
    <editdetail attribution="Reuters BIP Coding Group" action="confirmed" date="1997-05-21"/>
  </code>
</codes>
<dc element="dc.date.created" value="1997-05-21"/>
<dc element="dc.publisher" value="Reuters Holdings Plc"/>
<dc element="dc.date.published" value="1997-05-21"/>
<dc element="dc.source" value="Reuters"/>
<dc element="dc.creator.location" value="BOMBAY"/>
<dc element="dc.creator.location.country.name" value="INDIA"/>
<dc element="dc.source" value="Reuters"/>
</metadata>
</newsitem>
