<?xml version="1.0" encoding="iso-8859-1" ?>
<newsitem itemid="708378" id="root" date="1997-07-04" xml:lang="en">
<title>AUSTRALIA: Australian P-Notes - One Tender of A$10 million.</title>
<headline>Australian P-Notes - One Tender of A$10 million.</headline>
<dateline>SYDNEY 1997-07-04</dateline>
<text>
<p>There was only one tender on Friday totalling A$10 million as the Australian commercial paper market finished the week on a quiet note.</p>
<p>  DATE  ISSUER     MAT  AMT* YIELD   S&amp;P MOODY'S BBSW</p>
<p>  04/07MLC Bldg Soc05/08 10.05.42   A1+  P1     5.4167</p>
<p>  03/07Incitec     15/08 10.05.46   A2   n/a    5.4567</p>
<p>	 General Prop02/10 50.05.39/42A1+  n/a    5.3950</p>
<p>	 McDonald's  04/08 30.05.42   A1+  P1     5.4567</p>
<p>  02/07 No tenders</p>
<p>  01/07Airservices 01/09 20.05.37   A1+  n/a    5.3533</p>
<p>	 Lend Lease  05/08 40.05.40   A1+  n/a    5.3900</p>
<p>	 McDonald's  31/07 30.05.40   A1+  P1     5.3900</p>
<p>  30/06Alcatel     21/07 10.05.45   A1+  P1     5.4467</p>
<p>	 General Prop29/09 40.05.39/40A1+  n/a    5.3467</p>
<p>	 Lend Lease  07/07 40.05.44/45A1+  n/a    5.4467</p>
<p>  27/06MLC Bldg Soc28/07 15.05.40   A1+  P1     5.3783</p>
<p>	 Pioneer Intl07/07 15.05.50   A2   n/a    5.3783</p>
<p>	 Arnotts     24/07 20.05.43   A1+  n/a    5.3783</p>
<p>  26/06McDonald's  28/07 30.05.41   A1+  P1     5.3850</p>
<p>  25/06MLC Bldg Soc25/07 20.05.40/41A1+  P1     5.3800</p>
<p>	 Graham &amp; Co 25/09 14.3mid5.30A1   n/a    5.2817</p>
<p>	 Airservices 20/08 11.05.34   A1+  n/a    5.3367</p>
<p>  24/06Toyota Fin  03/07 20.05.46/47A1+  P1     5.3983</p>
<p>	 North Fin   24/07 15.05.46   A2   P2     5.3983</p>
<p>  23/06Alcatel     23/07 15.05.38   A1+  P1     5.3800</p>
<p>	 General Prop23/09 30.05.31   A1+  n/a    5.2800</p>
<p>	 IBM Corp    07/07 40.05.44/50A1   P1     5.3800</p>
<p>	 McDonald's  23/07 20.05.38   A1+  P1     5.3800</p>
<p>  20/06MLC Bldg Soc21/07 15.05.41   A1+  P1     5.4000</p>
<p>	 Peabody Fin 11/07 10.05.44   A1   P1     5.4000</p>
<p>	 Pioneer Intl27/06 50.05.54/55A2   n/a    5.4000</p>
<p>  19/06Lend Lease  26/06 30.05.53   A1+  n/a    5.4667</p>
<p>	 Lend Lease  27/06 10.05.53   A1+  n/a    5.4667</p>
<p>	 McDonald's  18/07 20.05.48   A1+  P1     5.4667</p>
<p>  18/06Lend Lease  26/06 30.05.55   A1+  n/a    5.4917</p>
<p>	 MLC Bldg Soc18/07 15.05.50   A1+  P1     5.4917</p>
<p>	 North Fin   18/08 20.05.48   A2   P2     5.4067</p>
<p>	 Barley Board18/07 10.05.50   A1+  n/a    5.4917</p>
<p>	 Barley Board15/08 10.05.46/45A1+  n/a    5.0467</p>
<p>  17/06North Fin   17/09 50.05.38/39A2   P2     5.3133</p>
<p>	 Lend Lease  26/06 40.05.54   A1+  n/a    5.4750</p>
<p>	 ICI Aust    31/07 20.05.53   A2   P1     5.4750</p>
<p>  16/06Airservices 18/07 10.05.43   A1+  n/a    5.4733</p>
<p>	 Boral	 16/09 70.05.33/34A1   P1     5.2850</p>
<p>	 Alcatel     16/07 20.05.45   A1+  P1     5.4733</p>
<p>	 General Prop16/09 40.05.33   A1+  n/a    5.2850</p>
<p>	 MLC Bldg Soc16/07 10.05.45   A1+  P1     5.4733</p>
<p>	 Peabody Fin 21/07 10.05.46   A1   P1     5.4733</p>
<p>	 Barley Board15/09 20.05.31   A1+  n/a    5.2850</p>
<p>  13/06Lend Lease  30/06100.05.52   A1+  n/a    5.4317</p>
<p>	 North Fin   11/09 10.05.37   A2   P2     5.3000</p>
<p>  12/06Incitec     31/07 10.05.55   A2   n/a    5.5217</p>
<p>	 Lend Lease  27/06 90.05.55   A1+  n/a    5.5217</p>
<p>	 MLC Bldg Soc14/07 20.05.54   A1+  P1     5.5217</p>
<p>	 Peabody Fin 30/06 10.05.55   A1   P1     5.5217</p>
<p>	 Peabody Fin 21/07  5.05.52   A1   P1     5.5217</p>
<p>	 Barley Board14/07 10.05.53   A1+  n/a    5.5217</p>
<p>	 Barley Board11/08 10.05.48   A1+  n/a    5.4700</p>
<p>  11/06Airservices 30/06 30.05.54   A1+  n/a    5.5333</p>
<p>	 Airservices 09/07 10.05.54   A1+  n/a    5.5333</p>
<p>	 McDonald's  15/07 30.05.55   A1+  P1     5.5333</p>
<p>	 MLC Bldg Soc11/07 10.05.54   A1+  P1     5.5333</p>
<p>  10/06Graham &amp; Co 10/09 11.65.50   A1   n/a    5.4250</p>
<p>	 IBM Corp    11/07 40.05.55   A1   P1     5.5317</p>
<p>	 Incitec     10/07 10.05.55   A2   n/a    5.5317</p>
<p>	 MLC Bldg Soc10/07 20.05.54   A1+  P1     5.5317</p>
<p>	 Peabody Fin 30/07 15.05.51   A1   P1     5.4683</p>
<p>  06/06MLC Bldg Soc07/07 15.05.53   A1+  P1     5.5133</p>
<p>	 Pioneer Intl20/06 50.05.56/57A2   n/a    5.5133</p>
<p>	 McDonald's  07/07 20.05.52   A1+  P1     5.5133</p>
<p>05/06No tenders</p>
<p>  04/06MLC Bldg Soc04/07 10.05.46   A1+  P1     5.4550</p>
<p>	 McDonald's  03/07 30.05.46   A1+  P1     5.4550</p>
<p>  03/06ICI Aust    01/07 20.05.54   A2   P1     5.4867</p>
<p>  02/06Incitec     02/07 10.05.53   A2   n/a    5.4800</p>
<p>!_____!____________!_____!_____!_______!_____!_______!______!</p>
<p>* = Amounts in A$ millions. ! = deferred settlement.</p>
<p>Note: BBSW column shows bank bill mid-rate closest to maturity of issue. Tender results supplied by Commonwealth Bank of Australia, National Australia Bank and Westpac Banking Corp.</p>
<p>-- Sydney Newsroom 61-2 9373-1800</p>
</text>
<copyright>(c) Reuters Limited 1997</copyright>
<metadata>
<codes class="bip:countries:1.0">
  <code code="AUSTR">
    <editdetail attribution="Reuters BIP Coding Group" action="confirmed" date="1997-07-04"/>
  </code>
</codes>
<codes class="bip:topics:1.0">
  <code code="M12">
    <editdetail attribution="Reuters BIP Coding Group" action="confirmed" date="1997-07-04"/>
  </code>
  <code code="M13">
    <editdetail attribution="Reuters BIP Coding Group" action="confirmed" date="1997-07-04"/>
  </code>
  <code code="M131">
    <editdetail attribution="Reuters BIP Coding Group" action="confirmed" date="1997-07-04"/>
  </code>
  <code code="MCAT">
    <editdetail attribution="Reuters BIP Coding Group" action="confirmed" date="1997-07-04"/>
  </code>
</codes>
<dc element="dc.date.created" value="1997-07-04"/>
<dc element="dc.publisher" value="Reuters Holdings Plc"/>
<dc element="dc.date.published" value="1997-07-04"/>
<dc element="dc.source" value="Reuters"/>
<dc element="dc.creator.location" value="SYDNEY"/>
<dc element="dc.creator.location.country.name" value="AUSTRALIA"/>
<dc element="dc.source" value="Reuters"/>
</metadata>
</newsitem>
