<?xml version="1.0" encoding="iso-8859-1" ?>
<newsitem itemid="670737" id="root" date="1997-06-18" xml:lang="en">
<title>FRANCE: EMU can't ignore social conditions-French minister.</title>
<headline>EMU can't ignore social conditions-French minister.</headline>
<dateline>PARIS 1997-06-18</dateline>
<text>
<p>Foreign Minister Hubert Vedrine, echoing campaign statements by Prime Minister Lionel Jospin, said on Wednesday that the commitment of France's new leftist government to a planned single currency depended on social conditions.</p>
<p>Across Europe, &quot;the commitment to the euro remains dominant. That is also the commitment of this government. It is simply that we do not want to do it ignoring social conditions,&quot; Vedrine said in an interview on French radio France Info.</p>
<p>A new leftist government took over in France after sweeping the previous centre-right government from power in a June 1 parliamentary election.</p>
<p>During the parliamentary campaign, Jospin said France should enter into European monetary union only if it met certain conditions, including that it not set back efforts to create jobs and that Italy and Spain participate in a single currency from the start. -- Paris newsroom +33 1 4221 5339</p>
</text>
<copyright>(c) Reuters Limited 1997</copyright>
<metadata>
<codes class="bip:countries:1.0">
  <code code="EEC">
    <editdetail attribution="Reuters BIP Coding Group" action="confirmed" date="1997-06-18"/>
  </code>
  <code code="FRA">
    <editdetail attribution="Reuters BIP Coding Group" action="confirmed" date="1997-06-18"/>
  </code>
</codes>
<codes class="bip:topics:1.0">
  <code code="G15">
    <editdetail attribution="Reuters BIP Coding Group" action="confirmed" date="1997-06-18"/>
  </code>
  <code code="G151">
    <editdetail attribution="Reuters BIP Coding Group" action="confirmed" date="1997-06-18"/>
  </code>
  <code code="G154">
    <editdetail attribution="Reuters BIP Coding Group" action="confirmed" date="1997-06-18"/>
  </code>
  <code code="GCAT">
    <editdetail attribution="Reuters BIP Coding Group" action="confirmed" date="1997-06-18"/>
  </code>
  <code code="GWELF">
    <editdetail attribution="Reuters BIP Coding Group" action="confirmed" date="1997-06-18"/>
  </code>
</codes>
<dc element="dc.date.created" value="1997-06-18"/>
<dc element="dc.publisher" value="Reuters Holdings Plc"/>
<dc element="dc.date.published" value="1997-06-18"/>
<dc element="dc.source" value="Reuters"/>
<dc element="dc.creator.location" value="PARIS"/>
<dc element="dc.creator.location.country.name" value="FRANCE"/>
<dc element="dc.source" value="Reuters"/>
</metadata>
</newsitem>
