<?xml version="1.0" encoding="iso-8859-1" ?>
<newsitem itemid="271036" id="root" date="1996-12-20" xml:lang="en">
<title>UK: Major says Britain much better off in Europe.</title>
<headline>Major says Britain much better off in Europe.</headline>
<dateline>LONDON 1996-12-20</dateline>
<text>
<p>British Prime Minister John Major said on Friday that Britain was &quot;infinitely better off&quot; as part of Europe but said he was seeking a more flexible Europe.</p>
<p>&quot;We are infinitely better off being in the European Union,&quot; Major said on BBC Television. &quot;That is beyond doubt for trading relationships and wider issues as well.&quot;</p>
<p>But he said not all of the goals of Britain's EU partners were palatable to him.</p>
<p>&quot;(Greater centralisation) is not right for us and is unpalatable to our instincts,&quot; Major said. &quot;We do not favour a federalist, centralist Europe and we must seek a more flexible Europe.&quot;</p>
<p>&quot;We must negotiate much more flexibility in the European summit at Amsterdam next year and the period of negotiations between now and Amsterdam.</p>
</text>
<copyright>(c) Reuters Limited 1996</copyright>
<metadata>
<codes class="bip:countries:1.0">
  <code code="EEC">
    <editdetail attribution="Reuters BIP Coding Group" action="confirmed" date="1996-12-20"/>
  </code>
  <code code="UK">
    <editdetail attribution="Reuters BIP Coding Group" action="confirmed" date="1996-12-20"/>
  </code>
</codes>
<codes class="bip:topics:1.0">
  <code code="G15">
    <editdetail attribution="Reuters BIP Coding Group" action="confirmed" date="1996-12-20"/>
  </code>
  <code code="G151">
    <editdetail attribution="Reuters BIP Coding Group" action="confirmed" date="1996-12-20"/>
  </code>
  <code code="G154">
    <editdetail attribution="Reuters BIP Coding Group" action="confirmed" date="1996-12-20"/>
  </code>
  <code code="GCAT">
    <editdetail attribution="Reuters BIP Coding Group" action="confirmed" date="1996-12-20"/>
  </code>
  <code code="GDIP">
    <editdetail attribution="Reuters BIP Coding Group" action="confirmed" date="1996-12-20"/>
  </code>
  <code code="GPOL">
    <editdetail attribution="Reuters BIP Coding Group" action="confirmed" date="1996-12-20"/>
  </code>
</codes>
<dc element="dc.date.created" value="1996-12-20"/>
<dc element="dc.publisher" value="Reuters Holdings Plc"/>
<dc element="dc.date.published" value="1996-12-20"/>
<dc element="dc.source" value="Reuters"/>
<dc element="dc.creator.location" value="LONDON"/>
<dc element="dc.creator.location.country.name" value="UK"/>
<dc element="dc.source" value="Reuters"/>
</metadata>
</newsitem>
