<?xml version="1.0" encoding="iso-8859-1" ?>
<newsitem itemid="741328" id="root" date="1997-07-20" xml:lang="en">
<title>AUSTRALIA: RUGBY LEAGUE-SUPER LEAGUE WORLD CHALLENGE RESULTS.</title>
<headline>RUGBY LEAGUE-SUPER LEAGUE WORLD CHALLENGE RESULTS.</headline>
<dateline>SYDNEY 1997-07-20</dateline>
<text>
<p>Results of Super League World</p>
<p>Club Challenge rugby league matches played at the weekend.</p>
<p>Played Sunday:</p>
<p> Hunter (Australia)	26  Castleford (England)   8</p>
<p> Auckland (New Zealand)  64  Bradford (England)    14</p>
<p>Played Saturday:</p>
<p> Perth (Australia)	 48  Sheffield (England)   12</p>
<p>Played Friday:</p>
<p> Penrith (Australia)     48  Warrington (England)  12</p>
</text>
<copyright>(c) Reuters Limited 1997</copyright>
<metadata>
<codes class="bip:countries:1.0">
  <code code="AUSTR">
    <editdetail attribution="Reuters BIP Coding Group" action="confirmed" date="1997-07-20"/>
  </code>
  <code code="NZ">
    <editdetail attribution="Reuters BIP Coding Group" action="confirmed" date="1997-07-20"/>
  </code>
  <code code="UK">
    <editdetail attribution="Reuters BIP Coding Group" action="confirmed" date="1997-07-20"/>
  </code>
</codes>
<codes class="bip:topics:1.0">
  <code code="GCAT">
    <editdetail attribution="Reuters BIP Coding Group" action="confirmed" date="1997-07-20"/>
  </code>
  <code code="GSPO">
    <editdetail attribution="Reuters BIP Coding Group" action="confirmed" date="1997-07-20"/>
  </code>
</codes>
<dc element="dc.date.created" value="1997-07-20"/>
<dc element="dc.publisher" value="Reuters Holdings Plc"/>
<dc element="dc.date.published" value="1997-07-20"/>
<dc element="dc.source" value="Reuters"/>
<dc element="dc.creator.location" value="SYDNEY"/>
<dc element="dc.creator.location.country.name" value="AUSTRALIA"/>
<dc element="dc.source" value="Reuters"/>
</metadata>
</newsitem>
