<?xml version="1.0" encoding="iso-8859-1" ?>
<newsitem itemid="35834" id="root" date="1996-09-05" xml:lang="en">
<title>USA: PC Quote ends plans to acquire MoneyLine.</title>
<headline>PC Quote ends plans to acquire MoneyLine.</headline>
<dateline>CHICAGO 1996-09-05</dateline>
<text>
<p>PC Quote Inc, citing poor market conditions, said Thursday it terminated its plan to acquire MoneyLine Corp.</p>
<p>The proposed acquisition, originally announced last May, was subject to execution of a definitive agreement. It had called for MoneyLine to become a wholly-owned PC Quote subsidiary in exchange for 350,000 shares of PC Quote common stock.  </p>
<p>&quot;We are still pursuing various joint marketing opportunities with MoneyLine, the Internet's first provider of real-time fixed-income information,&quot; said Louis Morgan, PC Quote chairman.</p>
<p>PC Quote provides online stock and market quotes.</p>
<p>-- Chicago newsdesk 312 408-8787</p>
</text>
<copyright>(c) Reuters Limited 1996</copyright>
<metadata>
<codes class="bip:countries:1.0">
  <code code="USA">
    <editdetail attribution="Reuters BIP Coding Group" action="confirmed" date="1996-09-05"/>
  </code>
</codes>
<codes class="bip:industries:1.0">
  <code code="I33020">
    <editdetail attribution="Reuters BIP Coding Group" action="confirmed" date="1996-09-05"/>
  </code>
  <code code="I3302021">
    <editdetail attribution="Reuters BIP Coding Group" action="confirmed" date="1996-09-05"/>
  </code>
</codes>
<codes class="bip:topics:1.0">
  <code code="C18">
    <editdetail attribution="Reuters BIP Coding Group" action="confirmed" date="1996-09-05"/>
  </code>
  <code code="C181">
    <editdetail attribution="Reuters BIP Coding Group" action="confirmed" date="1996-09-05"/>
  </code>
  <code code="CCAT">
    <editdetail attribution="Reuters BIP Coding Group" action="confirmed" date="1996-09-05"/>
  </code>
</codes>
<dc element="dc.date.created" value="1996-09-05"/>
<dc element="dc.publisher" value="Reuters Holdings Plc"/>
<dc element="dc.date.published" value="1996-09-05"/>
<dc element="dc.source" value="Reuters"/>
<dc element="dc.creator.location" value="CHICAGO"/>
<dc element="dc.creator.location.country.name" value="USA"/>
<dc element="dc.source" value="Reuters"/>
</metadata>
</newsitem>
