<?xml version="1.0" encoding="iso-8859-1" ?>
<newsitem itemid="302302" id="root" date="1997-01-13" xml:lang="en">
<title>NAMIBIA: NAMIBIA STOCKS WEEK -STRONG GAINS FOR LOCAL SHARES.</title>
<headline>NAMIBIA STOCKS WEEK -STRONG GAINS FOR LOCAL SHARES.</headline>
<dateline>WINDHOEK 1997-01-13</dateline>
<text>
<p>Last week saw strong gains for</p>
<p>several local shares including grovcery buying group Sentra</p>
<p>Namibia which soared to end the week at N$4.75 after opening at</p>
<p>N$4.35 on Friday morning.</p>
<p>Ocean Diamond Mining, traded on both the Namibian and</p>
<p>Johannesburg Stock Exchanges, was the best performer of the week</p>
<p>ending at N$7.30 after starting at N$6.10.</p>
<p>Both CIC Holdings and Namibia Breweries edged up and down</p>
<p>around similar prices and ende at N$2.70 and N$2.60</p>
<p>respectively.</p>
<p>The total value of shares traded during the week was over</p>
<p>N$825,000.00 for a total volume of 278,990 shares traded.</p>
<p>The NSE overall index ended the week at 226.62, up from the</p>
<p>previous Friday's close of 221.56. The local NSE index also</p>
<p>gained, to close at 154.64, up from the previous week's close of</p>
<p>152.44.</p>
</text>
<copyright>(c) Reuters Limited 1997</copyright>
<metadata>
<codes class="bip:countries:1.0">
  <code code="NAMIB">
    <editdetail attribution="Reuters BIP Coding Group" action="confirmed" date="1997-01-13"/>
  </code>
</codes>
<codes class="bip:topics:1.0">
  <code code="M11">
    <editdetail attribution="Reuters BIP Coding Group" action="confirmed" date="1997-01-13"/>
  </code>
  <code code="MCAT">
    <editdetail attribution="Reuters BIP Coding Group" action="confirmed" date="1997-01-13"/>
  </code>
</codes>
<dc element="dc.date.created" value="1997-01-13"/>
<dc element="dc.publisher" value="Reuters Holdings Plc"/>
<dc element="dc.date.published" value="1997-01-13"/>
<dc element="dc.source" value="Reuters"/>
<dc element="dc.creator.location" value="WINDHOEK"/>
<dc element="dc.creator.location.country.name" value="NAMIBIA"/>
<dc element="dc.source" value="Reuters"/>
</metadata>
</newsitem>
