<?xml version="1.0" encoding="iso-8859-1" ?>
<newsitem itemid="358699" id="root" date="1997-02-05" xml:lang="en">
<title>AUSTRALIA: RTRS-Australian energy use growth slowing - ABARE.</title>
<headline>RTRS-Australian energy use growth slowing - ABARE.</headline>
<dateline>CANBERRA 1997-02-05</dateline>
<text>
<p>The rate of growth of Australian energy consumption is slowing due in part to more efficient uses of energy, the Australian Bureau of Agricultural and Resource Economics (ABARE) said on Wednesday.</p>
<p>Consumption growth is projected to average 2.1 percent a year to 2010, compared with 2.5 percent a year over the past two decades, ABARE said.</p>
<p>Economic growth, improved energy efficiencies and the switch to different fuel types are factors underpinning the decline, the forecasting agency said.  </p>
<p>While crude oil is expected to remain the major fuel used in Australia, usage of natural gas is projected to increase to 28 percent by 2010 from 18 percent currently.</p>
<p>Growth in natural gas usage is largely being driven by an expanding gas pipeline nertwork in Australia, which is making the fuel source more widely available, ABARE said.</p>
<p>Reforms in natural gas and electricity markets are also leading to opportunities for private investment in the electricity generation and cogeneration sectors, the agency said.  </p>
<p>These reforms are enabling producers of natural gas to negotiate directly with buyers, leading to more competitive pricing, ABARE said.</p>
<p>Australia's focus on exporting the majority of its energy is forecast to remain a key factor for domestic producers, with over 75 percent of total output earmarked for export by 2010.</p>
<p>Black coal, and increasingly uranium, will dominate Australian production and trade in the energy sector.</p>
<p>However, strong growth in natural gas production and trade is also set to continue, it added.</p>
<p>-- Sydney newsroom 61-2 9373-1800</p>
</text>
<copyright>(c) Reuters Limited 1997</copyright>
<metadata>
<codes class="bip:countries:1.0">
  <code code="AUSTR">
    <editdetail attribution="Reuters BIP Coding Group" action="confirmed" date="1997-02-05"/>
  </code>
</codes>
<codes class="bip:industries:1.0">
  <code code="I11000">
    <editdetail attribution="Reuters BIP Coding Group" action="confirmed" date="1997-02-05"/>
  </code>
  <code code="I13000">
    <editdetail attribution="Reuters BIP Coding Group" action="confirmed" date="1997-02-05"/>
  </code>
  <code code="I16100">
    <editdetail attribution="Reuters BIP Coding Group" action="confirmed" date="1997-02-05"/>
  </code>
  <code code="I16200">
    <editdetail attribution="Reuters BIP Coding Group" action="confirmed" date="1997-02-05"/>
  </code>
</codes>
<codes class="bip:topics:1.0">
  <code code="C21">
    <editdetail attribution="Reuters BIP Coding Group" action="confirmed" date="1997-02-05"/>
  </code>
  <code code="C24">
    <editdetail attribution="Reuters BIP Coding Group" action="confirmed" date="1997-02-05"/>
  </code>
  <code code="CCAT">
    <editdetail attribution="Reuters BIP Coding Group" action="confirmed" date="1997-02-05"/>
  </code>
  <code code="GCAT">
    <editdetail attribution="Reuters BIP Coding Group" action="confirmed" date="1997-02-05"/>
  </code>
  <code code="GENV">
    <editdetail attribution="Reuters BIP Coding Group" action="confirmed" date="1997-02-05"/>
  </code>
</codes>
<dc element="dc.date.created" value="1997-02-05"/>
<dc element="dc.publisher" value="Reuters Holdings Plc"/>
<dc element="dc.date.published" value="1997-02-05"/>
<dc element="dc.source" value="Reuters"/>
<dc element="dc.creator.location" value="CANBERRA"/>
<dc element="dc.creator.location.country.name" value="AUSTRALIA"/>
<dc element="dc.source" value="Reuters"/>
</metadata>
</newsitem>
