<?xml version="1.0" encoding="iso-8859-1" ?>
<newsitem itemid="277765" id="root" date="1996-12-27" xml:lang="en">
<title>ALBANIA: PRESS DIGEST - Albania - Dec 27.</title>
<headline>PRESS DIGEST - Albania - Dec 27.</headline>
<dateline>TIRANA 1996-12-27</dateline>
<text>
<p>The following are the main stories from Friday's Albanian newspapers. Reuters has not verified these stories and does not vouch for their accuracy.</p>
<p>KOHA JONE</p>
<p>- Two of Albania's biggest concerns, Vefa Holding and Kamberi, have agreed to slash monthly interest for money deposited with them from eight-ten percent to five percent by the beginning of next year.</p>
<p>- Gjallica company has begun giving back promised sums to depositors from its high interest money scheme after it halted payments for two days.</p>
<p>- A meeting of the key opposition Socialist Party's 104-member general steering committee voted with a crushing majority against a motion calling for an extraordinary congress in February and a confidence vote for the leadership.</p>
<p>- Turkey's Foreign Ministry denied the self-styled republic of Kosovo, Serbia's southern region mainly inhabited by Albanians, has opened an embassy in Ankara.</p>
<p>- The National Front and the Legitimacy (Monarchy) Party plan to found the United Albanian Right after the candidate of their United Right of Shkoder won the mayorship of Shkoder.</p>
<p>- Albanian President Sali Berisha awarded the &quot;Honour of the Nation&quot; medal to the first Roman Catholic Cardinal of Albania, Mikel Koliqi.</p>
<p>GAZETA SHQIPTARE</p>
<p>- Fatos Nano, the jailed leader of the opposition Socialist Party, has appealed to senior party leaders to leave aside differences and make peace.</p>
<p>- About 1,500 pigs have died in a mystery epidemic.</p>
<p>RILINDJA DEMOKRATIKE</p>
<p>- President Sali Berisha has written off the debts parties incurred during the two recent electoral campaigns since they did not manage to win the necessary amount of votes to profit from the state budget funds.</p>
</text>
<copyright>(c) Reuters Limited 1996</copyright>
<metadata>
<codes class="bip:countries:1.0">
  <code code="ALB">
    <editdetail attribution="Reuters BIP Coding Group" action="confirmed" date="1996-12-27"/>
  </code>
</codes>
<codes class="bip:topics:1.0">
  <code code="GCAT">
    <editdetail attribution="Reuters BIP Coding Group" action="confirmed" date="1996-12-27"/>
  </code>
</codes>
<dc element="dc.date.created" value="1996-12-27"/>
<dc element="dc.publisher" value="Reuters Holdings Plc"/>
<dc element="dc.date.published" value="1996-12-27"/>
<dc element="dc.source" value="Reuters"/>
<dc element="dc.creator.location" value="TIRANA"/>
<dc element="dc.creator.location.country.name" value="ALBANIA"/>
<dc element="dc.source" value="Reuters"/>
</metadata>
</newsitem>
