<?xml version="1.0" encoding="iso-8859-1" ?>
<newsitem itemid="156346" id="root" date="1996-10-31" xml:lang="en">
<title>CZECH REPUBLIC: Czech CNB-120 index falls 15.5 points to 769.1.</title>
<headline>Czech CNB-120 index falls 15.5 points to 769.1.</headline>
<dateline>PRAGUE 1996-10-31</dateline>
<text>
<p>The CNB-120 index, a broad daily measure of Czech equities, fell 15.5 points on Thursday to 769.1, the Czech National Bank (CNB) said.</p>
<p>Eight of the ten sectoral indices lost, with the machinery index losing the most, down 32.3 points, or 3.12 percent, to 1,002.8 points.</p>
<p>-- Prague Newsroom, 42-2-2423-0003</p>
</text>
<copyright>(c) Reuters Limited 1996</copyright>
<metadata>
<codes class="bip:countries:1.0">
  <code code="CZREP">
    <editdetail attribution="Reuters BIP Coding Group" action="confirmed" date="1996-10-31"/>
  </code>
</codes>
<codes class="bip:topics:1.0">
  <code code="M11">
    <editdetail attribution="Reuters BIP Coding Group" action="confirmed" date="1996-10-31"/>
  </code>
  <code code="MCAT">
    <editdetail attribution="Reuters BIP Coding Group" action="confirmed" date="1996-10-31"/>
  </code>
</codes>
<dc element="dc.date.created" value="1996-10-31"/>
<dc element="dc.publisher" value="Reuters Holdings Plc"/>
<dc element="dc.date.published" value="1996-10-31"/>
<dc element="dc.source" value="Reuters"/>
<dc element="dc.creator.location" value="PRAGUE"/>
<dc element="dc.creator.location.country.name" value="CZECH REPUBLIC"/>
<dc element="dc.source" value="Reuters"/>
</metadata>
</newsitem>
