<?xml version="1.0" encoding="iso-8859-1" ?>
<newsitem itemid="395650" id="root" date="1997-02-21" xml:lang="en">
<title>MALAYSIA: Apex stock suspended pending news - KLSE.</title>
<headline>Apex stock suspended pending news - KLSE.</headline>
<dateline>KUALA LUMPUR 1997-02-21</dateline>
<text>
<p>The stock of Apex Equity Holdings Bhd was suspended from Friday afternoon trading pending a news announcement, said an official at the Kuala Lumpur Stock Exchange.</p>
<p>The stock of the investment holding and stockbroking firm was last traded at 20.70 ringgit, up 1.50 ringgit, on volume of 203,000 shares traded.  </p>
<p>Officials at the company were not immediately available for comment.</p>
</text>
<copyright>(c) Reuters Limited 1997</copyright>
<metadata>
<codes class="bip:countries:1.0">
  <code code="MALAY">
    <editdetail attribution="Reuters BIP Coding Group" action="confirmed" date="1997-02-21"/>
  </code>
</codes>
<codes class="bip:industries:1.0">
  <code code="I83100">
    <editdetail attribution="Reuters BIP Coding Group" action="confirmed" date="1997-02-21"/>
  </code>
</codes>
<codes class="bip:topics:1.0">
  <code code="C14">
    <editdetail attribution="Reuters BIP Coding Group" action="confirmed" date="1997-02-21"/>
  </code>
  <code code="CCAT">
    <editdetail attribution="Reuters BIP Coding Group" action="confirmed" date="1997-02-21"/>
  </code>
</codes>
<dc element="dc.date.created" value="1997-02-21"/>
<dc element="dc.publisher" value="Reuters Holdings Plc"/>
<dc element="dc.date.published" value="1997-02-21"/>
<dc element="dc.source" value="Reuters"/>
<dc element="dc.creator.location" value="KUALA LUMPUR"/>
<dc element="dc.creator.location.country.name" value="MALAYSIA"/>
<dc element="dc.source" value="Reuters"/>
</metadata>
</newsitem>
