<?xml version="1.0" encoding="iso-8859-1" ?>
<newsitem itemid="374270" id="root" date="1997-02-12" xml:lang="en">
<title>FINLAND: Benefon rallies more amid GSM talk.</title>
<headline>Benefon rallies more amid GSM talk.</headline>
<dateline>HELSINKI 1997-02-12</dateline>
<text>
<p>Shares in Finnish mobile phone maker Benefon Oy extended gains on Wednesday following rumours on Tuesday that it would soon launch its first GSM phone, but some brokers said the rise was overdone.</p>
<p>At 1145/0945 GMT, Benefon traded at 96.00 markka, up 9.00 markka or more than 10 percent, after hitting 98.00 markka. Trade was a lively 4.0 million markka.</p>
<p>&quot;I think the rise is overdone since Benefon's GSM (Global System for Mobile Communications) product is unlikely to be a success as it is coming too late anyway,&quot; one broker said. @</p>
<p>No one at Benefon, which has repeatedly said its GSM launch has been delayed, was immediately available to comment.</p>
<p>The company's Benefon's full 1996 report is due on Friday. On January 31 it reported a preliminary 32 million markka profit after financial items, down from 74 million.</p>
<p>-- Helsinki newsroom +358-9-6805 0248</p>
</text>
<copyright>(c) Reuters Limited 1997</copyright>
<metadata>
<codes class="bip:countries:1.0">
  <code code="FIN">
    <editdetail attribution="Reuters BIP Coding Group" action="confirmed" date="1997-02-12"/>
  </code>
</codes>
<codes class="bip:industries:1.0">
  <code code="I34430">
    <editdetail attribution="Reuters BIP Coding Group" action="confirmed" date="1997-02-12"/>
  </code>
</codes>
<codes class="bip:topics:1.0">
  <code code="C15">
    <editdetail attribution="Reuters BIP Coding Group" action="confirmed" date="1997-02-12"/>
  </code>
  <code code="C152">
    <editdetail attribution="Reuters BIP Coding Group" action="confirmed" date="1997-02-12"/>
  </code>
  <code code="C22">
    <editdetail attribution="Reuters BIP Coding Group" action="confirmed" date="1997-02-12"/>
  </code>
  <code code="CCAT">
    <editdetail attribution="Reuters BIP Coding Group" action="confirmed" date="1997-02-12"/>
  </code>
</codes>
<dc element="dc.date.created" value="1997-02-12"/>
<dc element="dc.publisher" value="Reuters Holdings Plc"/>
<dc element="dc.date.published" value="1997-02-12"/>
<dc element="dc.source" value="Reuters"/>
<dc element="dc.creator.location" value="HELSINKI"/>
<dc element="dc.creator.location.country.name" value="FINLAND"/>
<dc element="dc.source" value="Reuters"/>
</metadata>
</newsitem>
