<?xml version="1.0" encoding="iso-8859-1" ?>
<newsitem itemid="166099" id="root" date="1996-11-05" xml:lang="en">
<title>RUSSIA: Gazprom falls to 2,182.32 roubles.</title>
<headline>Gazprom falls to 2,182.32 roubles.</headline>
<dateline>MOSCOW 1996-11-05</dateline>
<text>
<p>A stake of 7.00 million shares in Russian natural gas monopoly RAO Gazprom sold at auction on Tuesday at an average 2,182.32 roubles ($0.400) a share, down from 2,870.06 roubles at the previous auction on October 30, the Federal Securities Corporation (FFK) said.</p>
<p>Full details of the auction:</p>
<p>						Nov 5	 Oct 30</p>
<p>    Total shares offered	     10 million    10 million</p>
<p>    Total shares traded		 7.00 million  4.25 million</p>
<p>    As pct of capital		   0.030	  0.018</p>
<p>    Starting price (roubles)	  2,153	  2,865</p>
<p>    Minimum price			 2,153	  2,865</p>
<p>    Maximum price			 2,300	  2,901</p>
<p>    Average price			 2,182.32     2,870.06</p>
<p>    Number of lots offered		 40	     40</p>
<p>    Number of lots traded		  28	     17</p>
<p>    Total volume traded (million rbls) 15,276.25    12,197.75</p>
<p>Since auctions began in March 1996, 221 million shares, equivalent to 0.93 percent of the capital, have changed hands, the FFK said.</p>
<p>Prices have risen from an average 406.60 roubles a share at the first auction on March 6. For the last two weeks the average price has fallen, and not all lots have been sold.</p>
<p>Gazprom is one of Russia's biggest companies by market capitalisation but its 23.6 billion shares are highly illiquid because of company restrictions on selling them.</p>
<p>The company has organised the auctions to create an orderly market in its paper.</p>
<p>Gazprom was $0.434 at 1530 GMT on Tuesday on the Russian Trading System, unchanged from Monday's close.</p>
<p>Its American Depositary Shares were $17.80 after $17.65. One ADS is equivalent to 10 ordinary shares.</p>
<p>The next auction will be held on November 13, when 10 million shares in 40 lots will be offered at a starting price of 2,073 roubles a share. Further auctions will be held on November 20 and 27.</p>
<p>--Moscow Newsroom, +7095 941 8520</p>
</text>
<copyright>(c) Reuters Limited 1996</copyright>
<metadata>
<codes class="bip:countries:1.0">
  <code code="RUSS">
    <editdetail attribution="Reuters BIP Coding Group" action="confirmed" date="1996-11-05"/>
  </code>
</codes>
<codes class="bip:industries:1.0">
  <code code="I13000">
    <editdetail attribution="Reuters BIP Coding Group" action="confirmed" date="1996-11-05"/>
  </code>
</codes>
<codes class="bip:topics:1.0">
  <code code="C17">
    <editdetail attribution="Reuters BIP Coding Group" action="confirmed" date="1996-11-05"/>
  </code>
  <code code="C171">
    <editdetail attribution="Reuters BIP Coding Group" action="confirmed" date="1996-11-05"/>
  </code>
  <code code="CCAT">
    <editdetail attribution="Reuters BIP Coding Group" action="confirmed" date="1996-11-05"/>
  </code>
</codes>
<dc element="dc.date.created" value="1996-11-05"/>
<dc element="dc.publisher" value="Reuters Holdings Plc"/>
<dc element="dc.date.published" value="1996-11-05"/>
<dc element="dc.source" value="Reuters"/>
<dc element="dc.creator.location" value="MOSCOW"/>
<dc element="dc.creator.location.country.name" value="RUSSIA"/>
<dc element="dc.source" value="Reuters"/>
</metadata>
</newsitem>
