<?xml version="1.0" encoding="iso-8859-1" ?>
<newsitem itemid="716583" id="root" date="1997-07-09" xml:lang="en">
<title>USA: Denktash uses photo op to make political point.</title>
<headline>Denktash uses photo op to make political point.</headline>
<dateline>AMENIA, N.Y. 1997-07-09</dateline>
<text>
<p>Turkish Cypriot leader Rauf Denktash used a photo opportunity on Wednesday to make a political point about the equality of the Greek and Turkish Cypriot communities.</p>
<p>Cypriot President Glafcos Clerides was seated to the right of U.N. Secretary-General Kofi Annan and Denktash to the left when the U.N. chief opened five days of talks on the Cyprus problem at this rural New York resort.</p>
<p>After Annan finished speaking, the two leaders were ushered into place on either side of him for the traditional handshake photograph, with Clerides again on Annan's right which, according to protocol, is the place of honour.</p>
<p>Denktash, who does not recognise Clerides as president of Cyprus but only as leader of the Greek Cypriot community, then swapped places with his adversary while still shaking hands, saying: &quot;Just for the sake of equality.&quot;</p>
<p>&quot;Now we've established equality,&quot; Annan joked.</p>
<p>The start of a previous round of Cyprus talks in 1992 was delayed for two days after Denktash objected that his interlocutor, then-President George Vassiliou, was officially described as &quot;President of Cyprus&quot; while Denktash was listed as &quot;Leader of the Turkish Cypriot Community.&quot;</p>
<p>Denktash is president of a Turkish Cypriot state proclaimed in 1983 but recognised only by Turkey.</p>
</text>
<copyright>(c) Reuters Limited 1997</copyright>
<metadata>
<codes class="bip:countries:1.0">
  <code code="CYPR">
    <editdetail attribution="Reuters BIP Coding Group" action="confirmed" date="1997-07-09"/>
  </code>
  <code code="TURK">
    <editdetail attribution="Reuters BIP Coding Group" action="confirmed" date="1997-07-09"/>
  </code>
  <code code="UN">
    <editdetail attribution="Reuters BIP Coding Group" action="confirmed" date="1997-07-09"/>
  </code>
  <code code="USA">
    <editdetail attribution="Reuters BIP Coding Group" action="confirmed" date="1997-07-09"/>
  </code>
</codes>
<codes class="bip:topics:1.0">
  <code code="GCAT">
    <editdetail attribution="Reuters BIP Coding Group" action="confirmed" date="1997-07-09"/>
  </code>
  <code code="GDIP">
    <editdetail attribution="Reuters BIP Coding Group" action="confirmed" date="1997-07-09"/>
  </code>
</codes>
<dc element="dc.date.created" value="1997-07-09"/>
<dc element="dc.publisher" value="Reuters Holdings Plc"/>
<dc element="dc.date.published" value="1997-07-09"/>
<dc element="dc.source" value="Reuters"/>
<dc element="dc.creator.location" value="AMENIA, N.Y."/>
<dc element="dc.creator.location.country.name" value="USA"/>
<dc element="dc.source" value="Reuters"/>
</metadata>
</newsitem>
