<?xml version="1.0" encoding="iso-8859-1" ?>
<newsitem itemid="32369" id="root" date="1996-09-04" xml:lang="en">
<title>BELGIUM: Euro-MP calls for database on missing children.</title>
<headline>Euro-MP calls for database on missing children.</headline>
<dateline>BRUSSELS 1996-09-04</dateline>
<text>
<p>The European Union police agency Europol should set up a special database to help track down missing children, according to Mary Banotti, the European Parliament's mediator on abducted children.</p>
<p>The database, which would contain information on all children missing under the age of 16, has been made urgent by the Belgian paedophila scandal which has shocked the world, the Irish Euro-MP told the Parliament's culture committee on Tuesday.</p>
<p>&quot;Those who have children can pass easily through our borders, this is now a Europeanwide issue,&quot; Banotti was reported in a statement as saying.</p>
<p>&quot;Not all children who disappear are criminally abducted but some are and we have no accurate figures about the extent of the problem,&quot; she said.</p>
</text>
<copyright>(c) Reuters Limited 1996</copyright>
<metadata>
<codes class="bip:countries:1.0">
  <code code="BELG">
    <editdetail attribution="Reuters BIP Coding Group" action="confirmed" date="1996-09-04"/>
  </code>
  <code code="EEC">
    <editdetail attribution="Reuters BIP Coding Group" action="confirmed" date="1996-09-04"/>
  </code>
</codes>
<codes class="bip:topics:1.0">
  <code code="G15">
    <editdetail attribution="Reuters BIP Coding Group" action="confirmed" date="1996-09-04"/>
  </code>
  <code code="G155">
    <editdetail attribution="Reuters BIP Coding Group" action="confirmed" date="1996-09-04"/>
  </code>
  <code code="GCAT">
    <editdetail attribution="Reuters BIP Coding Group" action="confirmed" date="1996-09-04"/>
  </code>
</codes>
<dc element="dc.date.created" value="1996-09-04"/>
<dc element="dc.publisher" value="Reuters Holdings Plc"/>
<dc element="dc.date.published" value="1996-09-04"/>
<dc element="dc.source" value="Reuters"/>
<dc element="dc.creator.location" value="BRUSSELS"/>
<dc element="dc.creator.location.country.name" value="BELGIUM"/>
<dc element="dc.source" value="Reuters"/>
</metadata>
</newsitem>
