<?xml version="1.0" encoding="iso-8859-1" ?>
<newsitem itemid="683614" id="root" date="1997-06-24" xml:lang="en">
<title>SWITZERLAND: Swiss bond market closing report.</title>
<headline>Swiss bond market closing report.</headline>
<dateline>ZURICH 1997-06-24</dateline>
<text>
<p>Swiss bonds were weaker at the close in very thin trade.</p>
<p>One trader noted that swap rates rose, especially in the short maturities, which weighed on cash bonds. The Swiss National Bank added liquidity to the money market on Tuesday but overall the market was quiet.</p>
<p>The market's thinness likely exaggerated the reaction to moves in the short end where prices of three-month EuroSwiss futures fell sharply relative to long bonds. Some traders saw reduced scope for Swiss short-term rates to fall further, given the softer tone in the Swiss franc versus the German mark.  </p>
<p>-- Tuesday's closing prices --</p>
<p>Conf futures  CONFc1 down nine at 120.64.</p>
<p>Euro Swiss francs  FESc1 down six at 98.53.</p>
<p>4-1/2 Jun 2007 bond  0#CH470458= 109.64/74 yield 3.334 pct</p>
<p>(Monday before 109.78/88 yield 3.318 pct)</p>
<p>-- Zurich Editorial +41 1 631 7340</p>
</text>
<copyright>(c) Reuters Limited 1997</copyright>
<metadata>
<codes class="bip:countries:1.0">
  <code code="SWITZ">
    <editdetail attribution="Reuters BIP Coding Group" action="confirmed" date="1997-06-24"/>
  </code>
</codes>
<codes class="bip:topics:1.0">
  <code code="M12">
    <editdetail attribution="Reuters BIP Coding Group" action="confirmed" date="1997-06-24"/>
  </code>
  <code code="MCAT">
    <editdetail attribution="Reuters BIP Coding Group" action="confirmed" date="1997-06-24"/>
  </code>
</codes>
<dc element="dc.date.created" value="1997-06-24"/>
<dc element="dc.publisher" value="Reuters Holdings Plc"/>
<dc element="dc.date.published" value="1997-06-24"/>
<dc element="dc.source" value="Reuters"/>
<dc element="dc.creator.location" value="ZURICH"/>
<dc element="dc.creator.location.country.name" value="SWITZERLAND"/>
<dc element="dc.source" value="Reuters"/>
</metadata>
</newsitem>
