<?xml version="1.0" encoding="iso-8859-1" ?>
<newsitem itemid="799904" id="root" date="1997-08-14" xml:lang="en">
<title>INDIA: Stocks which moved India's BSE Index - August 14.</title>
<headline>Stocks which moved India's BSE Index - August 14.</headline>
<dateline>BOMBAY 1997-08-14</dateline>
<text>
<p>Following is an analysis of the 30-share Bombay  Stock Exchange (BSE) index movement at the close of thursday.</p>
<p>The table shows the stocks which moved the index most during the day and their percentage contribution to the net change. The index at the close was 4320.97, 49.16 points or 1.13 percent lower than wednesday's close.</p>
<p>   STOCK		Weightage   Percent	Percent</p>
<p>			  percentage  change in    change in</p>
<p>					    Index	  Stock</p>
<p>-------------------------------------------------------------</p>
<p>HPCL		   5.18	0.073	  1.81</p>
<p>SAIL		   4.33	0.037	  1.10</p>
<p>L&amp;T		    3.15	0.011	  0.46</p>
<p>Indian Hotels	1.32	0.010	  0.92</p>
<p>TELCO		  4.39	0.009	  0.27</p>
<p>Colgate		2.14	0.005	  0.29</p>
<p>ACC		     0.97     -0.001	 -0.10</p>
<p>Ranbaxy Lab	  1.70     -0.001	 -0.07</p>
<p>G E Shipping	 0.59     -0.003	 -0.54</p>
<p>Grasim		 1.30     -0.003	 -0.26</p>
<p>ICICI		  1.55     -0.003	 -0.24</p>
<p>Gujarat Ambuja     1.23     -0.004	 -0.37</p>
<p>IPCL		   1.49     -0.007	 -0.56</p>
<p>Glaxo India	  1.26     -0.014	 -1.38</p>
<p>Tata Power	   0.69     -0.014	 -2.53</p>
<p>Bajaj Auto	   3.14     -0.019	 -0.77</p>
<p>Nestle India	 1.23     -0.020	 -2.00</p>
<p>Arvind Mills	 0.60     -0.021	 -4.19</p>
<p>ITC		     6.13     -0.021	 -0.44</p>
<p>SBI		     7.77     -0.029	 -0.46</p>
<p>Tata Chem	    1.61     -0.031	 -2.37</p>
<p>BSES		   1.40     -0.035	 -3.02</p>
<p>M&amp;M		    2.33     -0.035	 -1.87</p>
<p>TISCO		  3.51     -0.038	 -1.33</p>
<p>IDBI		   3.42     -0.049	 -1.79</p>
<p>BHEL		   4.64     -0.055	 -1.47</p>
<p>Reliance	     7.91     -0.068	 -1.07</p>
<p>MTNL		   7.56     -0.075	 -1.24</p>
<p>Hindalco	     3.61     -0.103	 -3.49</p>
<p>HLL		    13.84     -0.414	 -3.64</p>
<p>-- Bombay newsroom +91 22 265 9000</p>
</text>
<copyright>(c) Reuters Limited 1997</copyright>
<metadata>
<codes class="bip:countries:1.0">
  <code code="INDIA">
    <editdetail attribution="Reuters BIP Coding Group" action="confirmed" date="1997-08-14"/>
  </code>
</codes>
<codes class="bip:industries:1.0">
  <code code="I14000">
    <editdetail attribution="Reuters BIP Coding Group" action="confirmed" date="1997-08-14"/>
  </code>
  <code code="I16100">
    <editdetail attribution="Reuters BIP Coding Group" action="confirmed" date="1997-08-14"/>
  </code>
  <code code="I22100">
    <editdetail attribution="Reuters BIP Coding Group" action="confirmed" date="1997-08-14"/>
  </code>
  <code code="I24200">
    <editdetail attribution="Reuters BIP Coding Group" action="confirmed" date="1997-08-14"/>
  </code>
  <code code="I25120">
    <editdetail attribution="Reuters BIP Coding Group" action="confirmed" date="1997-08-14"/>
  </code>
  <code code="I25700">
    <editdetail attribution="Reuters BIP Coding Group" action="confirmed" date="1997-08-14"/>
  </code>
  <code code="I26000">
    <editdetail attribution="Reuters BIP Coding Group" action="confirmed" date="1997-08-14"/>
  </code>
  <code code="I32000">
    <editdetail attribution="Reuters BIP Coding Group" action="confirmed" date="1997-08-14"/>
  </code>
  <code code="I36200">
    <editdetail attribution="Reuters BIP Coding Group" action="confirmed" date="1997-08-14"/>
  </code>
  <code code="I36300">
    <editdetail attribution="Reuters BIP Coding Group" action="confirmed" date="1997-08-14"/>
  </code>
  <code code="I41000">
    <editdetail attribution="Reuters BIP Coding Group" action="confirmed" date="1997-08-14"/>
  </code>
  <code code="I42900">
    <editdetail attribution="Reuters BIP Coding Group" action="confirmed" date="1997-08-14"/>
  </code>
  <code code="I43000">
    <editdetail attribution="Reuters BIP Coding Group" action="confirmed" date="1997-08-14"/>
  </code>
  <code code="I66500">
    <editdetail attribution="Reuters BIP Coding Group" action="confirmed" date="1997-08-14"/>
  </code>
  <code code="I74000">
    <editdetail attribution="Reuters BIP Coding Group" action="confirmed" date="1997-08-14"/>
  </code>
  <code code="I81402">
    <editdetail attribution="Reuters BIP Coding Group" action="confirmed" date="1997-08-14"/>
  </code>
  <code code="I81501">
    <editdetail attribution="Reuters BIP Coding Group" action="confirmed" date="1997-08-14"/>
  </code>
</codes>
<codes class="bip:topics:1.0">
  <code code="C15">
    <editdetail attribution="Reuters BIP Coding Group" action="confirmed" date="1997-08-14"/>
  </code>
  <code code="C152">
    <editdetail attribution="Reuters BIP Coding Group" action="confirmed" date="1997-08-14"/>
  </code>
  <code code="CCAT">
    <editdetail attribution="Reuters BIP Coding Group" action="confirmed" date="1997-08-14"/>
  </code>
  <code code="M11">
    <editdetail attribution="Reuters BIP Coding Group" action="confirmed" date="1997-08-14"/>
  </code>
  <code code="MCAT">
    <editdetail attribution="Reuters BIP Coding Group" action="confirmed" date="1997-08-14"/>
  </code>
</codes>
<dc element="dc.date.created" value="1997-08-14"/>
<dc element="dc.publisher" value="Reuters Holdings Plc"/>
<dc element="dc.date.published" value="1997-08-14"/>
<dc element="dc.source" value="Reuters"/>
<dc element="dc.creator.location" value="BOMBAY"/>
<dc element="dc.creator.location.country.name" value="INDIA"/>
<dc element="dc.source" value="Reuters"/>
</metadata>
</newsitem>
