<?xml version="1.0" encoding="iso-8859-1" ?>
<newsitem itemid="38245" id="root" date="1996-09-06" xml:lang="en">
<title>UK: Buyers cautious on European raw cotton markets.</title>
<headline>Buyers cautious on European raw cotton markets.</headline>
<dateline>LIVERPOOL, England 1996-09-06</dateline>
<text>
<p>Buyers moved warily on Europe's cotton markets after Thursday's fall by New York futures and the subsequent sharp discounting of offers for U.S. and outside growths, industry sources said on Friday.</p>
<p>Those with pressing requirements were said to be actively testing prices, while others retreated to the sidelines pending further price movements.</p>
<p>--London Newsroom +44 171 542 8074</p>
</text>
<copyright>(c) Reuters Limited 1996</copyright>
<metadata>
<codes class="bip:countries:1.0">
  <code code="UK">
    <editdetail attribution="Reuters BIP Coding Group" action="confirmed" date="1996-09-06"/>
  </code>
</codes>
<codes class="bip:topics:1.0">
  <code code="M14">
    <editdetail attribution="Reuters BIP Coding Group" action="confirmed" date="1996-09-06"/>
  </code>
  <code code="M141">
    <editdetail attribution="Reuters BIP Coding Group" action="confirmed" date="1996-09-06"/>
  </code>
  <code code="MCAT">
    <editdetail attribution="Reuters BIP Coding Group" action="confirmed" date="1996-09-06"/>
  </code>
</codes>
<dc element="dc.date.created" value="1996-09-06"/>
<dc element="dc.publisher" value="Reuters Holdings Plc"/>
<dc element="dc.date.published" value="1996-09-06"/>
<dc element="dc.source" value="Reuters"/>
<dc element="dc.creator.location" value="LIVERPOOL, England"/>
<dc element="dc.creator.location.country.name" value="UK"/>
<dc element="dc.source" value="Reuters"/>
</metadata>
</newsitem>
