<?xml version="1.0" encoding="iso-8859-1" ?>
<newsitem itemid="162633" id="root" date="1996-11-03" xml:lang="en">
<title>NEPAL: Nepal PM to visit Britain to strengthen ties.</title>
<headline>Nepal PM to visit Britain to strengthen ties.</headline>
<dateline>KATHMANDU 1996-11-03</dateline>
<text>
<p>Nepal's Prime Minister Sher Bahadur Deuba will visit Britain next week to strengthen relations between the two countries, a foreign ministry statement said on Sunday.</p>
<p>&quot;He will be in London between November 10 and 13 on an official visit at the invitation of the British Prime Minister John Major to discuss matters of bilateral interest,&quot; the statement said.</p>
<p>Deuba will then go to Rome for the World Food Summit this month, the statement added.</p>
<p>In London, Deuba will also meet British Foreign Secretary Malcolm Rifkind and Defence Secretary Michael Portillo, a Foreign Ministry official said.</p>
<p>He will address a seminar at the Confederation of British Industries on trade and investment in Nepal and invite British investers to the Himalayan kingdom, he said.</p>
<p>Deuba will also address the London School of Economics, where he underwent special training in economics.</p>
<p>Britain is a major aid donor to Nepal, one of the world's 10 poorest countries which gets more than 60 percent of the cost of economic development from Western donors including multilateral agencies like the World Bank.</p>
<p>Initially, British assistance to Nepal was half grant and half soft term lending. In 1976, London decided to make all its future aid to Nepal as a non-refundable grant.</p>
</text>
<copyright>(c) Reuters Limited 1996</copyright>
<metadata>
<codes class="bip:countries:1.0">
  <code code="NEPAL">
    <editdetail attribution="Reuters BIP Coding Group" action="confirmed" date="1996-11-03"/>
  </code>
  <code code="UK">
    <editdetail attribution="Reuters BIP Coding Group" action="confirmed" date="1996-11-03"/>
  </code>
</codes>
<codes class="bip:topics:1.0">
  <code code="GCAT">
    <editdetail attribution="Reuters BIP Coding Group" action="confirmed" date="1996-11-03"/>
  </code>
  <code code="GDIP">
    <editdetail attribution="Reuters BIP Coding Group" action="confirmed" date="1996-11-03"/>
  </code>
</codes>
<dc element="dc.date.created" value="1996-11-03"/>
<dc element="dc.publisher" value="Reuters Holdings Plc"/>
<dc element="dc.date.published" value="1996-11-03"/>
<dc element="dc.source" value="Reuters"/>
<dc element="dc.creator.location" value="KATHMANDU"/>
<dc element="dc.creator.location.country.name" value="NEPAL"/>
<dc element="dc.source" value="Reuters"/>
</metadata>
</newsitem>
