<?xml version="1.0" encoding="iso-8859-1" ?>
<newsitem itemid="196196" id="root" date="1996-11-18" xml:lang="en">
<title>RUSSIA: Russia says will not issue Eurobond at high price.</title>
<headline>Russia says will not issue Eurobond at high price.</headline>
<dateline>MOSCOW 1996-11-18</dateline>
<text>
<p>Russia will not issue its debut Eurobond at a high price, Interfax news agency quoted Finance MInister Alexander Livshits as saying on Monday.</p>
<p>&quot;We are not after quantity, trying to borrow a lot of money at any price,&quot; Livshits told Interfax.</p>
<p>He did not give any terms of the issue, which he has previously said would be around $500 million.</p>
<p>The Russian government earlier ordered the dollar-denominated Eurobond to be issued in November or December. Interest payments and redemption will also be in dollars, it said.</p>
<p>Russian officials are now conducting a road-show around the world's financial centres.</p>
<p>--Julie Tolkacheva, Moscow Newsroom, +7095 941 8520</p>
</text>
<copyright>(c) Reuters Limited 1996</copyright>
<metadata>
<codes class="bip:countries:1.0">
  <code code="RUSS">
    <editdetail attribution="Reuters BIP Coding Group" action="confirmed" date="1996-11-18"/>
  </code>
</codes>
<codes class="bip:topics:1.0">
  <code code="E21">
    <editdetail attribution="Reuters BIP Coding Group" action="confirmed" date="1996-11-18"/>
  </code>
  <code code="E212">
    <editdetail attribution="Reuters BIP Coding Group" action="confirmed" date="1996-11-18"/>
  </code>
  <code code="ECAT">
    <editdetail attribution="Reuters BIP Coding Group" action="confirmed" date="1996-11-18"/>
  </code>
</codes>
<dc element="dc.date.created" value="1996-11-18"/>
<dc element="dc.publisher" value="Reuters Holdings Plc"/>
<dc element="dc.date.published" value="1996-11-18"/>
<dc element="dc.source" value="Reuters"/>
<dc element="dc.creator.location" value="MOSCOW"/>
<dc element="dc.creator.location.country.name" value="RUSSIA"/>
<dc element="dc.source" value="Reuters"/>
</metadata>
</newsitem>
