<?xml version="1.0" encoding="iso-8859-1" ?>
<newsitem itemid="669907" id="root" date="1997-06-18" xml:lang="en">
<title>AUSTRALIA: Australian P-Notes - Tenders total A$85 mln.</title>
<headline>Australian P-Notes - Tenders total A$85 mln.</headline>
<dateline>SYDNEY 1997-06-18</dateline>
<text>
<p>Promissory note tenders on the Australian commercial paper market continued at a steady pace pace with five reported on Wednesday totalling A$85 million.</p>
<p>Lend Lease was again in the market for another short-dated issue, offering A$30 million for June 26, which fetched a yield of 5.55 percent.</p>
<p>The Barley Board held two tenders of A$10 million each, one for July 18 which went off at 5.50 percent and the other for August 15 which was split at 5.46 and 5.45 percent.</p>
<p>  DATE  ISSUER     MAT  AMT* YIELD   S&amp;P MOODY'S BBSW</p>
<p>  18/06Lend Lease  26/06 30.05.55   A1+  n/a    5.4917</p>
<p>	 MLC Bldg Soc18/07 15.05.50   A1+  P1     5.4917</p>
<p>	 North Fin   18/08 20.05.48   A2   P2     5.4067</p>
<p>	 Barley Board18/07 10.05.50   A1+  n/a    5.4917</p>
<p>	 Barley Board15/08 10.05.46/45A1+  n/a    5.0467</p>
<p>  17/06North Fin   17/09 50.05.38/39A2   P2     5.3133</p>
<p>	 Lend Lease  26/06 40.05.54   A1+  n/a    5.4750</p>
<p>	 ICI Aust    31/07 20.05.53   A2   P1     5.4750</p>
<p>  16/06Airservices 18/07 10.05.43   A1+  n/a    5.4733</p>
<p>	 Boral	 16/09 70.05.33/34A1   P1     5.2850</p>
<p>	 Alcatel     16/07 20.05.45   A1+  P1     5.4733</p>
<p>	 General Prop16/09 40.05.33   A1+  n/a    5.2850</p>
<p>	 MLC Bldg Soc16/07 10.05.45   A1+  P1     5.4733</p>
<p>	 Peabody Fin 21/07 10.05.46   A1   P1     5.4733</p>
<p>	 Barley Board15/09 20.05.31   A1+  n/a    5.2850</p>
<p>  13/06Lend Lease  30/06100.05.52   A1+  n/a    5.4317</p>
<p>	 North Fin   11/09 10.05.37   A2   P2     5.3000</p>
<p>  12/06Incitec     31/07 10.05.55   A2   n/a    5.5217</p>
<p>	 Lend Lease  27/06 90.05.55   A1+  n/a    5.5217</p>
<p>	 MLC Bldg Soc14/07 20.05.54   A1+  P1     5.5217</p>
<p>	 Peabody Fin 30/06 10.05.55   A1   P1     5.5217</p>
<p>	 Peabody Fin 21/07  5.05.52   A1   P1     5.5217</p>
<p>	 Barley Board14/07 10.05.53   A1+  n/a    5.5217</p>
<p>	 Barley Board11/08 10.05.48   A1+  n/a    5.4700</p>
<p>  11/06Airservices 30/06 30.05.54   A1+  n/a    5.5333</p>
<p>	 Airservices 09/07 10.05.54   A1+  n/a    5.5333</p>
<p>	 McDonald's  15/07 30.05.55   A1+  P1     5.5333</p>
<p>	 MLC Bldg Soc11/07 10.05.54   A1+  P1     5.5333</p>
<p>  10/06Graham &amp; Co 10/09 11.65.50   A1   n/a    5.4250</p>
<p>	 IBM Corp    11/07 40.05.55   A1   P1     5.5317</p>
<p>	 Incitec     10/07 10.05.55   A2   n/a    5.5317</p>
<p>	 MLC Bldg Soc10/07 20.05.54   A1+  P1     5.5317</p>
<p>	 Peabody Fin 30/07 15.05.51   A1   P1     5.4683</p>
<p>  06/06MLC Bldg Soc07/07 15.05.53   A1+  P1     5.5133</p>
<p>	 Pioneer Intl20/06 50.05.56/57A2   n/a    5.5133</p>
<p>	 McDonald's  07/07 20.05.52   A1+  P1     5.5133</p>
<p>05/06No tenders</p>
<p>  04/06MLC Bldg Soc04/07 10.05.46   A1+  P1     5.4550</p>
<p>	 McDonald's  03/07 30.05.46   A1+  P1     5.4550</p>
<p>  03/06ICI Aust    01/07 20.05.54   A2   P1     5.4867</p>
<p>  02/06Incitec     02/07 10.05.53   A2   n/a    5.4800</p>
<p>* = Amounts in A$ millions. ! = deferred settlement.</p>
<p>Note: BBSW column shows bank bill mid-rate closest to maturity of issue. Tender results supplied by Commonwealth Bank of Australia, National Australia Bank and Westpac Banking Corp.</p>
<p>-- Sydney Newsroom 61-2 9373-1800</p>
</text>
<copyright>(c) Reuters Limited 1997</copyright>
<metadata>
<codes class="bip:countries:1.0">
  <code code="AUSTR">
    <editdetail attribution="Reuters BIP Coding Group" action="confirmed" date="1997-06-18"/>
  </code>
</codes>
<codes class="bip:topics:1.0">
  <code code="M12">
    <editdetail attribution="Reuters BIP Coding Group" action="confirmed" date="1997-06-18"/>
  </code>
  <code code="MCAT">
    <editdetail attribution="Reuters BIP Coding Group" action="confirmed" date="1997-06-18"/>
  </code>
</codes>
<dc element="dc.date.created" value="1997-06-18"/>
<dc element="dc.publisher" value="Reuters Holdings Plc"/>
<dc element="dc.date.published" value="1997-06-18"/>
<dc element="dc.source" value="Reuters"/>
<dc element="dc.creator.location" value="SYDNEY"/>
<dc element="dc.creator.location.country.name" value="AUSTRALIA"/>
<dc element="dc.source" value="Reuters"/>
</metadata>
</newsitem>
