<?xml version="1.0" encoding="iso-8859-1" ?>
<newsitem itemid="246115" id="root" date="1996-12-10" xml:lang="en">
<title>BRAZIL: Brazilian Congress to extend session, lawmaker say.</title>
<headline>Brazilian Congress to extend session, lawmaker say.</headline>
<dateline>BRASILIA 1996-12-10</dateline>
<text>
<p>The current session of Brazil's Congress, slated to end Friday, will be extended through next week so that lawmakers can vote on the government's 1997 budget, a senator said on Tuesday.</p>
<p>The session will now end on December 20, Senator Carlos Bezerra of the Movement Democratic Party (PMDB) told reporters after meeting with the Senate president, Jose Sarney.</p>
<p>He said Sarney and the Lower House's president, Luiz Eduardo Magalhaes, agreed to call lawmakers to vote next week.</p>
<p>-- Brasilia Newsroom, 55-61-2230358</p>
</text>
<copyright>(c) Reuters Limited 1996</copyright>
<metadata>
<codes class="bip:countries:1.0">
  <code code="BRAZ">
    <editdetail attribution="Reuters BIP Coding Group" action="confirmed" date="1996-12-10"/>
  </code>
</codes>
<codes class="bip:topics:1.0">
  <code code="E21">
    <editdetail attribution="Reuters BIP Coding Group" action="confirmed" date="1996-12-10"/>
  </code>
  <code code="E211">
    <editdetail attribution="Reuters BIP Coding Group" action="confirmed" date="1996-12-10"/>
  </code>
  <code code="ECAT">
    <editdetail attribution="Reuters BIP Coding Group" action="confirmed" date="1996-12-10"/>
  </code>
  <code code="GCAT">
    <editdetail attribution="Reuters BIP Coding Group" action="confirmed" date="1996-12-10"/>
  </code>
  <code code="GPOL">
    <editdetail attribution="Reuters BIP Coding Group" action="confirmed" date="1996-12-10"/>
  </code>
</codes>
<dc element="dc.date.created" value="1996-12-10"/>
<dc element="dc.publisher" value="Reuters Holdings Plc"/>
<dc element="dc.date.published" value="1996-12-10"/>
<dc element="dc.source" value="Reuters"/>
<dc element="dc.creator.location" value="BRASILIA"/>
<dc element="dc.creator.location.country.name" value="BRAZIL"/>
<dc element="dc.source" value="Reuters"/>
</metadata>
</newsitem>
