<?xml version="1.0" encoding="iso-8859-1" ?>
<newsitem itemid="522737" id="root" date="1997-04-19" xml:lang="en">
<title>TAIWAN: Chinese ship sets sail for Taiwan in historic voyage.</title>
<headline>Chinese ship sets sail for Taiwan in historic voyage.</headline>
<dateline>TAIPEI 1997-04-19</dateline>
<text>
<p>The first ship to sail directly to Taiwan from China in more than 40 years has left a southern Chinese port on Saturday and was expected to arrive later in the day, state radio said.</p>
<p>Taiwan port officials said they had yet to receive a formal notice for the ship's entry into a Taiwan port.  </p>
<p>The Chinese ship Sheng Da, loaded with cargo, set sail from Xiamen's Haitian port earlier on Saturday morning and was expected to arrive at Taiwan's Kaohsiung port in the south at around 10.00 p.m. (2200 GMT), state radio said.</p>
<p>Taipei on April 11 gave a green light to an initial batch of mainland shippers to cross the heavily militarised ideological divide and Beijing reciprocated on Thursday with unprecedented approvals for six Taiwan carriers.</p>
<p>Direct links would ease a ban enforced by Taiwan's Republic of China government since it lost a civil war to the communists in 1949 and took refuge on the island.</p>
</text>
<copyright>(c) Reuters Limited 1997</copyright>
<metadata>
<codes class="bip:countries:1.0">
  <code code="CHINA">
    <editdetail attribution="Reuters BIP Coding Group" action="confirmed" date="1997-04-19"/>
  </code>
  <code code="TAIWAN">
    <editdetail attribution="Reuters BIP Coding Group" action="confirmed" date="1997-04-19"/>
  </code>
</codes>
<codes class="bip:topics:1.0">
  <code code="GCAT">
    <editdetail attribution="Reuters BIP Coding Group" action="confirmed" date="1997-04-19"/>
  </code>
  <code code="GDIP">
    <editdetail attribution="Reuters BIP Coding Group" action="confirmed" date="1997-04-19"/>
  </code>
</codes>
<dc element="dc.date.created" value="1997-04-19"/>
<dc element="dc.publisher" value="Reuters Holdings Plc"/>
<dc element="dc.date.published" value="1997-04-19"/>
<dc element="dc.source" value="Reuters"/>
<dc element="dc.creator.location" value="TAIPEI"/>
<dc element="dc.creator.location.country.name" value="TAIWAN"/>
<dc element="dc.source" value="Reuters"/>
</metadata>
</newsitem>
