<?xml version="1.0" encoding="iso-8859-1" ?>
<newsitem itemid="359082" id="root" date="1997-02-05" xml:lang="en">
<title>BELGIUM: AEA data N Atlantic air cargo down 5.3pct in Dec.</title>
<headline>AEA data N Atlantic air cargo down 5.3pct in Dec.</headline>
<dateline>BRUSSELS 1997-02-05</dateline>
<text>
<p>The Association of European Airlines (AEA) figures for December 1996, show that the North Atlantic trade has seen a significant decline in traffic.</p>
<p>The Europe-Sub Saharan Africa trade also fell by 1.1 percent to 168.4 million (revenue freight tonne kilometres (RTFK), but business in the North Atlantic saw a bigger decrease, when it fell by 5.3 percent to 661.3 nillion RTFK for December 1996, compared to the same month in 1995.</p>
<p>Europe-North Africa/Middle East trade saw the largest increase, climbing by 22.1 percent to 96.0 million RTFK in December, the data released from the AEA's Brussels headquarters, revealed:</p>
<p> Region			 Million RTKF	Pct change</p>
<p>				  for Dec '96	 on Dec 1995</p>
<p> Geographical Europe	   84.4	     up    1.1</p>
<p> Europe-N Africa/M East	96.0	     up   22.1</p>
<p> North Atlantic		 661.3	     down  5.3</p>
<p> Europe-F East/Australasia  763.8	     up    4.7</p>
<p> Europe-Sub Saharan Africa  168.4	     down  1.1</p>
<p> South Atlantic		 131.4	     up    7.5</p>
<p> Mid Atlantic		   116.1	     up    7.4</p>
<p> Total longhaul	     1,841.3	     up    0.6</p>
<p> Total international	2,021.6	     up    1.5</p>
<p>*These figures relate to the international scheduled services of AEA member airlines.</p>
<p>- Reuters Air Cargo Newsroom Tel_+44 171 542 7706 Fax: 5017</p>
</text>
<copyright>(c) Reuters Limited 1997</copyright>
<metadata>
<codes class="bip:countries:1.0">
  <code code="BELG">
    <editdetail attribution="Reuters BIP Coding Group" action="confirmed" date="1997-02-05"/>
  </code>
</codes>
<codes class="bip:industries:1.0">
  <code code="I75000">
    <editdetail attribution="Reuters BIP Coding Group" action="confirmed" date="1997-02-05"/>
  </code>
  <code code="I77002">
    <editdetail attribution="Reuters BIP Coding Group" action="confirmed" date="1997-02-05"/>
  </code>
</codes>
<codes class="bip:topics:1.0">
  <code code="C31">
    <editdetail attribution="Reuters BIP Coding Group" action="confirmed" date="1997-02-05"/>
  </code>
  <code code="CCAT">
    <editdetail attribution="Reuters BIP Coding Group" action="confirmed" date="1997-02-05"/>
  </code>
</codes>
<dc element="dc.date.created" value="1997-02-05"/>
<dc element="dc.publisher" value="Reuters Holdings Plc"/>
<dc element="dc.date.published" value="1997-02-05"/>
<dc element="dc.source" value="Reuters"/>
<dc element="dc.creator.location" value="BRUSSELS"/>
<dc element="dc.creator.location.country.name" value="BELGIUM"/>
<dc element="dc.source" value="Reuters"/>
</metadata>
</newsitem>
