<?xml version="1.0" encoding="iso-8859-1" ?>
<newsitem itemid="377096" id="root" date="1997-02-13" xml:lang="en">
<title>AUSTRALIA: RTRS-Prime TV half year net profit rises.</title>
<headline>RTRS-Prime TV half year net profit rises.</headline>
<dateline>SYDNEY 1997-02-13</dateline>
<text>
<p>Six months to Dec 31</p>
<p>		 (million A$ unless stated)</p>
<p>    Operating profit		    12.69 vs 10.87</p>
<p>    Net					7.98 vs 6.56</p>
<p>    Dividend (cents)			4.0 vs 4.00</p>
<p>NOTE: Prime Television Ltd is a regional television network operator.</p>
</text>
<copyright>(c) Reuters Limited 1997</copyright>
<metadata>
<codes class="bip:countries:1.0">
  <code code="AUSTR">
    <editdetail attribution="Reuters BIP Coding Group" action="confirmed" date="1997-02-13"/>
  </code>
</codes>
<codes class="bip:industries:1.0">
  <code code="I9741102">
    <editdetail attribution="Reuters BIP Coding Group" action="confirmed" date="1997-02-13"/>
  </code>
</codes>
<codes class="bip:topics:1.0">
  <code code="C15">
    <editdetail attribution="Reuters BIP Coding Group" action="confirmed" date="1997-02-13"/>
  </code>
  <code code="C151">
    <editdetail attribution="Reuters BIP Coding Group" action="confirmed" date="1997-02-13"/>
  </code>
  <code code="CCAT">
    <editdetail attribution="Reuters BIP Coding Group" action="confirmed" date="1997-02-13"/>
  </code>
</codes>
<dc element="dc.date.created" value="1997-02-13"/>
<dc element="dc.publisher" value="Reuters Holdings Plc"/>
<dc element="dc.date.published" value="1997-02-13"/>
<dc element="dc.source" value="Reuters"/>
<dc element="dc.creator.location" value="SYDNEY"/>
<dc element="dc.creator.location.country.name" value="AUSTRALIA"/>
<dc element="dc.source" value="Reuters"/>
</metadata>
</newsitem>
