<?xml version="1.0" encoding="iso-8859-1" ?>
<newsitem itemid="618765" id="root" date="1997-05-27" xml:lang="en">
<title>MALAYSIA: Malaysia Air raising 50 bln yen in notes.</title>
<headline>Malaysia Air raising 50 bln yen in notes.</headline>
<dateline>KUALA LUMPUR 1997-05-27</dateline>
<text>
<p>National carrier Malaysian Airline System Bhd (MAS) said it has signed agreements with 18 predominantly Japanese financial institutions to raise 50 billion yen in debt.</p>
<p>The airline said in a statement issued late on Monday it is raising 40 billion yen in a fixed-rate Euroyen issue, and another 10 billion yen in a floating rate note (FRN) issue through its wholly-owned financing vehicle, Malaysia Airlines Capital (Labuan) Ltd.</p>
<p>The five-year fixed-rate issue has a coupon rate of 2.55 percent.</p>
<p>The five-year FRN pays a coupon of six-month yen Libor (London Interbank Offered Rate) plus 25 basis points.</p>
<p>MAS said Malaysia Airlines Capital is rated A+ by Japanese rating agency Nippon Investors Service Inc.</p>
<p>Both issues attracted a diversified syndicate group with Daiwa Securities (HK) Ltd heading the management group for the fixed-rate issue. Daiwa is also the joint lead manager with Sanwa International Finance Ltd on the FRN.</p>
<p>The fixed-rate issue was increased from the original size of 30 billion yen to 40 billion due to oversubscription and favourable investor reception, MAS said.</p>
<p>The lead manager placed its allocation predominantly to Japanese investors, with investment trust and corporates accounting for over 60 percent of the total placement. Others included trust and regional banks, life/non-life insurance and credit cooperatives, the statement said.</p>
<p>-- Kuala Lumpur newsroom (603-201 4813)</p>
</text>
<copyright>(c) Reuters Limited 1997</copyright>
<metadata>
<codes class="bip:countries:1.0">
  <code code="MALAY">
    <editdetail attribution="Reuters BIP Coding Group" action="confirmed" date="1997-05-27"/>
  </code>
</codes>
<codes class="bip:industries:1.0">
  <code code="I75000">
    <editdetail attribution="Reuters BIP Coding Group" action="confirmed" date="1997-05-27"/>
  </code>
</codes>
<codes class="bip:topics:1.0">
  <code code="C17">
    <editdetail attribution="Reuters BIP Coding Group" action="confirmed" date="1997-05-27"/>
  </code>
  <code code="C172">
    <editdetail attribution="Reuters BIP Coding Group" action="confirmed" date="1997-05-27"/>
  </code>
  <code code="CCAT">
    <editdetail attribution="Reuters BIP Coding Group" action="confirmed" date="1997-05-27"/>
  </code>
</codes>
<dc element="dc.date.created" value="1997-05-27"/>
<dc element="dc.publisher" value="Reuters Holdings Plc"/>
<dc element="dc.date.published" value="1997-05-27"/>
<dc element="dc.source" value="Reuters"/>
<dc element="dc.creator.location" value="KUALA LUMPUR"/>
<dc element="dc.creator.location.country.name" value="MALAYSIA"/>
<dc element="dc.source" value="Reuters"/>
</metadata>
</newsitem>
