<?xml version="1.0" encoding="iso-8859-1" ?>
<newsitem itemid="281764" id="root" date="1996-12-31" xml:lang="en">
<title>USA: Belding Heminway gets $42 mln loan facility.</title>
<headline>Belding Heminway gets $42 mln loan facility.</headline>
<dateline>NEW YORK 1996-12-31</dateline>
<text>
<p>Belding Heminway Co said it agreed to a new $42 million credit facility with Heller Financial Inc and Sanwa Business Credit Corp.</p>
<p>The facility, which contains restrictions on dividends and redemptions of common and preferred shares, consists of two five-year term loans totaling $22 million and a $20 million revolving credit loan.</p>
<p>The company said it will use the loan to pay off in full a another loan from NationsBank. Paying off the NationsBank loan will save the company $2.5 million in interest fees, Belding said.</p>
<p>Belding makes and markets sewing and crafts products.</p>
</text>
<copyright>(c) Reuters Limited 1996</copyright>
<metadata>
<codes class="bip:countries:1.0">
  <code code="USA">
    <editdetail attribution="Reuters BIP Coding Group" action="confirmed" date="1996-12-31"/>
  </code>
</codes>
<codes class="bip:industries:1.0">
  <code code="I43000">
    <editdetail attribution="Reuters BIP Coding Group" action="confirmed" date="1996-12-31"/>
  </code>
  <code code="I81501">
    <editdetail attribution="Reuters BIP Coding Group" action="confirmed" date="1996-12-31"/>
  </code>
</codes>
<codes class="bip:topics:1.0">
  <code code="C17">
    <editdetail attribution="Reuters BIP Coding Group" action="confirmed" date="1996-12-31"/>
  </code>
  <code code="C173">
    <editdetail attribution="Reuters BIP Coding Group" action="confirmed" date="1996-12-31"/>
  </code>
  <code code="CCAT">
    <editdetail attribution="Reuters BIP Coding Group" action="confirmed" date="1996-12-31"/>
  </code>
</codes>
<dc element="dc.date.created" value="1996-12-31"/>
<dc element="dc.publisher" value="Reuters Holdings Plc"/>
<dc element="dc.date.published" value="1996-12-31"/>
<dc element="dc.source" value="Reuters"/>
<dc element="dc.creator.location" value="NEW YORK"/>
<dc element="dc.creator.location.country.name" value="USA"/>
<dc element="dc.source" value="Reuters"/>
</metadata>
</newsitem>
