<?xml version="1.0" encoding="iso-8859-1" ?>
<newsitem itemid="612820" id="root" date="1997-05-25" xml:lang="en">
<title>USA: Capstar Broadcasting to buy three radio stations.</title>
<headline>Capstar Broadcasting to buy three radio stations.</headline>
<dateline>AUSTIN, Texas 1997-05-25</dateline>
<text>
<p>Privately-held radio broadcasting company Capstar Broadcasting Co said its Capstar Acquisition Co Inc agreed to acquire three radio stations servicing the Huntsville, Ala. market for $5.45 million.</p>
<p>Capstar, which was formed last year by private investment firm of Hicks, Muse, Tate &amp; Furst Inc of Dallas, said it was buying the stations from Griffith Broadcasting Inc.</p>
<p>The properties would be operated by Southern Star Communications Inc, another Capstar unit.</p>
<p>Upon completion of the deal, Capstar said it would have 229 middle-market radio stations throughout the United States.</p>
<p>It said it was buying WTAK-FM, WWXQ-FM and WQXW-FM.</p>
<p>((New York newsdesk 212-859-1610))</p>
</text>
<copyright>(c) Reuters Limited 1997</copyright>
<metadata>
<codes class="bip:countries:1.0">
  <code code="USA">
    <editdetail attribution="Reuters BIP Coding Group" action="confirmed" date="1997-05-25"/>
  </code>
</codes>
<codes class="bip:industries:1.0">
  <code code="I9741105">
    <editdetail attribution="Reuters BIP Coding Group" action="confirmed" date="1997-05-25"/>
  </code>
</codes>
<codes class="bip:topics:1.0">
  <code code="C18">
    <editdetail attribution="Reuters BIP Coding Group" action="confirmed" date="1997-05-25"/>
  </code>
  <code code="C182">
    <editdetail attribution="Reuters BIP Coding Group" action="confirmed" date="1997-05-25"/>
  </code>
  <code code="CCAT">
    <editdetail attribution="Reuters BIP Coding Group" action="confirmed" date="1997-05-25"/>
  </code>
</codes>
<dc element="dc.date.created" value="1997-05-25"/>
<dc element="dc.publisher" value="Reuters Holdings Plc"/>
<dc element="dc.date.published" value="1997-05-25"/>
<dc element="dc.source" value="Reuters"/>
<dc element="dc.creator.location" value="AUSTIN, Texas"/>
<dc element="dc.creator.location.country.name" value="USA"/>
<dc element="dc.source" value="Reuters"/>
</metadata>
</newsitem>
