<?xml version="1.0" encoding="iso-8859-1" ?>
<newsitem itemid="30886" id="root" date="1996-09-03" xml:lang="en">
<title>PHILIPPINES: Philippine oil well continues to yield oil shows.</title>
<headline>Philippine oil well continues to yield oil shows.</headline>
<dateline>MANILA 1996-09-03</dateline>
<text>
<p>Philippine National Oil Co-Exploration Corp continue to record oil shows at its third well in Maniguin in the central Philippines.</p>
<p>&quot;Poor oil shows were recorded while drilling. The PNOC-EC drilled to a measured depth of 4,876 feet,&quot;  Griselda Bausa, Department of Energy director, said in a drilling advisory.</p>
<p>Last weekend, &quot;rare to weak&quot; oil shows were detected at 4,414 feet.</p>
<p>Other companies with stakes in the Maniguin consortium are Oriental Petroleum &amp; Minerals, Petrofields Exploration and Development Co Inc, Asia Petroleum Corp, Basic Petroleum &amp; Minerals Inc, United Kingdon-based Dragon Far East Ltd and local firm Southwest Resources.</p>
<p>The consortium expects to flow more than 180 barrels of oil per day at this Maniguin well.</p>
<p>- Manila newsroom 63 2 8418900 fax 8176267</p>
</text>
<copyright>(c) Reuters Limited 1996</copyright>
<metadata>
<codes class="bip:countries:1.0">
  <code code="PHLNS">
    <editdetail attribution="Reuters BIP Coding Group" action="confirmed" date="1996-09-03"/>
  </code>
</codes>
<codes class="bip:industries:1.0">
  <code code="I13000">
    <editdetail attribution="Reuters BIP Coding Group" action="confirmed" date="1996-09-03"/>
  </code>
  <code code="I1300002">
    <editdetail attribution="Reuters BIP Coding Group" action="confirmed" date="1996-09-03"/>
  </code>
</codes>
<codes class="bip:topics:1.0">
  <code code="C21">
    <editdetail attribution="Reuters BIP Coding Group" action="confirmed" date="1996-09-03"/>
  </code>
  <code code="C24">
    <editdetail attribution="Reuters BIP Coding Group" action="confirmed" date="1996-09-03"/>
  </code>
  <code code="CCAT">
    <editdetail attribution="Reuters BIP Coding Group" action="confirmed" date="1996-09-03"/>
  </code>
</codes>
<dc element="dc.date.created" value="1996-09-03"/>
<dc element="dc.publisher" value="Reuters Holdings Plc"/>
<dc element="dc.date.published" value="1996-09-03"/>
<dc element="dc.source" value="Reuters"/>
<dc element="dc.creator.location" value="MANILA"/>
<dc element="dc.creator.location.country.name" value="PHILIPPINES"/>
<dc element="dc.source" value="Reuters"/>
</metadata>
</newsitem>
