<?xml version="1.0" encoding="iso-8859-1" ?>
<newsitem itemid="623821" id="root" date="1997-05-29" xml:lang="en">
<title>INDONESIA: Indonesia shipping - Tanjung Priok - May 29.</title>
<headline>Indonesia shipping - Tanjung Priok - May 29.</headline>
<text>
<p>Vessels at Tanjung Priok Port,</p>
<p>Jakarta Summary:</p>
<p>Vessels unloading : 31   Vessels loading : 12</p>
<p>---------------------------------------------------------------</p>
<p>Name	    Arrival     Scheduled    P/Origin    Unloading Grt</p>
<p>		  Date/Time   departure    P/Dest	Loading</p>
<p>---------------------------------------------------------------</p>
<p>Sunrise-	29-05-97    29-05-97     Yokohama    methilethyl</p>
<p>Begonia	 0700	  1500	   Merak	 glycil</p>
<p>4,893							    1,039 tns</p>
<p>Pertamina Tongkang						 -</p>
<p>---------------------------------------------------------------</p>
<p>Rengganis     29-05-97    29-05-97     S'pore	methilethyl</p>
<p>2,543	   0700	  1600	   S'pore	glycil</p>
<p>Arpeni Pratama Ocean Line				  700 tns</p>
<p>									 -</p>
<p>---------------------------------------------------------------</p>
<p>Clarice	 29-05-97    30-05-97     Yokohama    methilethyl</p>
<p>5,254	   1600	  0600	   Tanjung-    glycil</p>
<p>Samudera Indonesia			   Perak	 2,040 tns</p>
<p>									 -</p>
<p>---------------------------------------------------------------</p>
<p>Haci Besit-   28-05-97    30-05-97     Bangkok     hot rolled</p>
<p>Kalkavan	1700	  0800	   Belawan     square</p>
<p>16,019							   1,270 tns</p>
<p>Andhika Line							 -</p>
<p>---------------------------------------------------------------</p>
<p>Teng Long     28-05-97    31-05-97     Bangkok     steel</p>
<p>3,128	   1700	  0800	   S'pore	577 tns</p>
<p>Bahtera Adhiguna					     tapioca</p>
<p>								   2,006 tns</p>
<p>									 -</p>
<p>---------------------------------------------------------------</p>
<p>Feng Tai	28-05-97    02-06-97     India	 cattle fodder</p>
<p>10,365	  1700	  1600	   S'pore	5,500 tns</p>
<p>Bahtaera Adhiguna						  -</p>
<p>---------------------------------------------------------------</p>
<p>Enterprise-1  28-05-97    31-05-97     Hamburg     g.cargo</p>
<p>13,378	  2400	  1500	   Tanjung-    4,047 tns</p>
<p>Samudera Indonesia			   Perak	     -</p>
<p>---------------------------------------------------------------</p>
<p>San Jose Ace  28-05-97    29-05-97     Hiroshima   g.cargo</p>
<p>5,554	   1700	  2300	   S'pore	3,166 tns</p>
<p>Samudera Indonesia						 -</p>
<p>---------------------------------------------------------------</p>
<p>Hua Shun He   29-05-97    29-05-97     S'pore	container</p>
<p>21,465	  0100	  1500	   Tanjung-    437 teus</p>
<p>Global Putra Indonesia Maritim	   Perak	 container</p>
<p>								   200 teus</p>
<p>---------------------------------------------------------------</p>
<p>American-     29-05-97    31-05-97     Canada	cereal</p>
<p>Trader	  1800	  2000	   Canada	20,000 tns</p>
<p>45,262								 -</p>
<p>Bogasari</p>
<p>---------------------------------------------------------------</p>
<p>Senang Jaya   28-05-97    29-05-97     S'pore	container</p>
<p>2,505	   1900	  0500	   S'pore	28 teus</p>
<p>Sentosa Ocean Line						 -</p>
<p>---------------------------------------------------------------</p>
<p>Conti Jork    29-05-97    31-05-97     HongKong    container</p>
<p>16,350	  1900	  0400	   Tanjung-    650 teus</p>
<p>Karana Line				    Perak	 container</p>
<p>								   450 teus</p>
<p>---------------------------------------------------------------</p>
<p>Tao Juan	29-05-97    30-05-97     Manila	container</p>
<p>18,644	  0700	  0600	   S'pore	306 teus</p>
<p>Jaya Kusuma Perdana Line				   container</p>
<p>								   500 teus</p>
<p>---------------------------------------------------------------</p>
<p>Buana Sinar   30-05-97    30-05-97     S'pore	container</p>
<p>12,710	  0700	  1600	   Semarang    300 teus</p>
<p>Samudera Indonesia						 -</p>
<p>---------------------------------------------------------------</p>
<p>Senang Jaya   29-05-97    29-05-97     S'pore	container</p>
<p>2,505	   1500	  2100	   S'pore	13 teus</p>
<p>Sentosa Ocean Line					   container</p>
<p>								   95 teus</p>
<p>---------------------------------------------------------------</p>
<p>Columbian-    29-05-97    30-05-97     HongKong    container</p>
<p>Express	 1500	  2100	   Tanjung-    363 teus</p>
<p>20,479					   Perak	 container</p>
<p>Amas Nusa Persada					    390 teus</p>
<p>---------------------------------------------------------------</p>
<p>Trans-	  29-05-97    30-05-97     S'pore	container</p>
<p>Pasific-5     2300	  1100	   Brunei	59 teus</p>
<p>17,736							   container</p>
<p>Admiral Line						   59 teus</p>
<p>---------------------------------------------------------------</p>
<p>Olandia	 29-05-97    30-05-97     HongKong    container</p>
<p>9,367	   1900	  1500	   Panjang     250 teus</p>
<p>Trisna Muda Sejati					   container</p>
<p>								   260 teus</p>
<p>---------------------------------------------------------------</p>
<p>Sea Gallant   29-05-97    29-05-97     S'pore	container</p>
<p>6,379	   1500	  1900	   Tanjung-    71 teus</p>
<p>Djakarta Lloyd				 Emas	     -</p>
<p>---------------------------------------------------------------</p>
<p>Bu Hung	 28-05-97    30-05-97     Bangkok     rice</p>
<p>5,306	   0800	  1600	   S'pore	5,010ns</p>
<p>Djakarta Lloyd						     -</p>
<p>---------------------------------------------------------------</p>
<p>Gallant-II    27-05-97    31-05-97     S'pore	g.cargo</p>
<p>12,047	  0700	  0700	   P.Gudang    3,231 tns</p>
<p>Djakarta lloyd						     -</p>
<p>---------------------------------------------------------------</p>
<p>Ashley	  27-05-97    29-05-97     Pakning     pulp</p>
<p>21,098	  1800	  0800	   Tanjung-    2,742 tns</p>
<p>Tirta Samudera Caraka			Perak	     -</p>
<p>---------------------------------------------------------------  </p>
<p>--------------------------------------------------------------- Kota Mewah    28-05-97    30-05-97     S'pore	container</p>
<p>15,689	  2300	  2300	   S'pore	812 teus</p>
<p>Djakarta Lloyd						 container</p>
<p>								   740 teus</p>
<p>--------------------------------------------------------------- Dragon-	 28-05-97    29-05-97     S'pore	container</p>
<p>Sumbawa	 0300	  2000	   S'pore	740 teus</p>
<p>21,213							   container</p>
<p>Pulau Laut						     600 teus</p>
<p>--------------------------------------------------------------- Mandiri-	27-05-97    29-05-97     Yokohama    g.cargo</p>
<p>Jaya	    0800	  2300	   P.Klang     2,483 tns</p>
<p>5,468							    g.cargo</p>
<p>Trikora Lloyd						  257 tns</p>
<p>--------------------------------------------------------------- Gao Yang	27-05-97    29-05-97     S'pore	g.cargo</p>
<p>10,350	  1700	  1700	   S'pore	2,270 tns</p>
<p>Global Putra Indonesia Maritim				 -</p>
<p>--------------------------------------------------------------- Pataya Navee  26-05-97    29-05-97     Bilbao	g.cargo</p>
<p>14,991	  2400	  0700	   Tanjung-    3,779 tns</p>
<p>Tirta Samudera Caraka			Perak	     -</p>
<p>--------------------------------------------------------------- Niaga-46	27-05-97    30-05-97     Krabi	 gypsum</p>
<p>4,756	   0900	  2300	   Tanjung-    7,800 tns</p>
<p>Rejeki Sentosa Shipping		    Perak	     -</p>
<p>--------------------------------------------------------------- Sinar Jaya    27-05-97    29-05-97     S'pore	container</p>
<p>10,756	  1600	  1000	   S'pore	456 teus</p>
<p>Samudera Indonesia					   container</p>
<p>								   630 teus</p>
<p>--------------------------------------------------------------- J Suda	  26-05-97    01-06-97     Portland    soda ask</p>
<p>26,078	  0800	  1500	   S'pore	19,540 tns</p>
<p>Tirta Samudera Caraka					    -</p>
<p>--------------------------------------------------------------- Wadi Al-	25-05-97    04-06-97     U.S.A.	soya bean</p>
<p>Nakheel	 0700	  1500	   S'pore	15,000 tns</p>
<p>27,294							   cattle fodder</p>
<p>Gesury Lloyd						   5,499 tns</p>
<p>--------------------------------------------------------------- --Jakarta Newsroom +6221 384-6364</p>
</text>
<copyright>(c) Reuters Limited 1997</copyright>
<metadata>
<codes class="bip:countries:1.0">
  <code code="INDON">
    <editdetail attribution="Reuters BIP Coding Group" action="confirmed" date="1997-05-29"/>
  </code>
</codes>
<codes class="bip:industries:1.0">
  <code code="I74000">
    <editdetail attribution="Reuters BIP Coding Group" action="confirmed" date="1997-05-29"/>
  </code>
</codes>
<codes class="bip:topics:1.0">
  <code code="CCAT">
    <editdetail attribution="Reuters BIP Coding Group" action="confirmed" date="1997-05-29"/>
  </code>
  <code code="M14">
    <editdetail attribution="Reuters BIP Coding Group" action="confirmed" date="1997-05-29"/>
  </code>
  <code code="MCAT">
    <editdetail attribution="Reuters BIP Coding Group" action="confirmed" date="1997-05-29"/>
  </code>
</codes>
<dc element="dc.publisher" value="Reuters Holdings Plc"/>
<dc element="dc.date.published" value="1997-05-29"/>
<dc element="dc.source" value="Reuters"/>
<dc element="dc.creator.location.country.name" value="INDONESIA"/>
<dc element="dc.source" value="Reuters"/>
</metadata>
</newsitem>
