<?xml version="1.0" encoding="iso-8859-1" ?>
<newsitem itemid="439847" id="root" date="1997-03-13" xml:lang="en">
<title>USA: Woodridge, Ill. won by Harris Trust &amp; Savings.</title>
<headline>Woodridge, Ill. won by Harris Trust &amp; Savings.</headline>
<dateline>NEW YORK 1997-03-13</dateline>
<text>
<p>Harris Trust &amp; Savings Bank, Chicago said it won $4.95 million of Woodridge, Ill., general obligation corporate purpose bonds, Series 1997, with a net interest cost of 5.27 percent.</p>
</text>
<copyright>(c) Reuters Limited 1997</copyright>
<metadata>
<codes class="bip:countries:1.0">
  <code code="USA">
    <editdetail attribution="Reuters BIP Coding Group" action="confirmed" date="1997-03-13"/>
  </code>
</codes>
<codes class="bip:topics:1.0">
  <code code="E21">
    <editdetail attribution="Reuters BIP Coding Group" action="confirmed" date="1997-03-13"/>
  </code>
  <code code="E212">
    <editdetail attribution="Reuters BIP Coding Group" action="confirmed" date="1997-03-13"/>
  </code>
  <code code="ECAT">
    <editdetail attribution="Reuters BIP Coding Group" action="confirmed" date="1997-03-13"/>
  </code>
</codes>
<dc element="dc.date.created" value="1997-03-13"/>
<dc element="dc.publisher" value="Reuters Holdings Plc"/>
<dc element="dc.date.published" value="1997-03-13"/>
<dc element="dc.source" value="Reuters"/>
<dc element="dc.creator.location" value="NEW YORK"/>
<dc element="dc.creator.location.country.name" value="USA"/>
<dc element="dc.source" value="Reuters"/>
</metadata>
</newsitem>
