<?xml version="1.0" encoding="iso-8859-1" ?>
<newsitem itemid="433666" id="root" date="1997-03-11" xml:lang="en">
<title>USA: Superior Industries wins GM pact.</title>
<headline>Superior Industries wins GM pact.</headline>
<dateline>VAN NUYS, Calif. 1997-03-11</dateline>
<text>
<p>Superior Industries International Inc said Tuesday it had received a contract from General Motors Corp to supply cast aluminum transmission brackets for a new Oldsmobile program.</p>
<p>Terms of the contract were not disclosed.</p>
<p>Superior said the contract marks its initial move into other aluminum components for the auto market.</p>
<p>The cast aluminum brackets will replace a stamped steel bracket, Superior said.</p>
<p>Superior supplies cast aluminum wheels to a variety of automakers.</p>
</text>
<copyright>(c) Reuters Limited 1997</copyright>
<metadata>
<codes class="bip:countries:1.0">
  <code code="USA">
    <editdetail attribution="Reuters BIP Coding Group" action="confirmed" date="1997-03-11"/>
  </code>
</codes>
<codes class="bip:industries:1.0">
  <code code="I35101">
    <editdetail attribution="Reuters BIP Coding Group" action="confirmed" date="1997-03-11"/>
  </code>
  <code code="I35300">
    <editdetail attribution="Reuters BIP Coding Group" action="confirmed" date="1997-03-11"/>
  </code>
</codes>
<codes class="bip:topics:1.0">
  <code code="C33">
    <editdetail attribution="Reuters BIP Coding Group" action="confirmed" date="1997-03-11"/>
  </code>
  <code code="CCAT">
    <editdetail attribution="Reuters BIP Coding Group" action="confirmed" date="1997-03-11"/>
  </code>
</codes>
<dc element="dc.date.created" value="1997-03-11"/>
<dc element="dc.publisher" value="Reuters Holdings Plc"/>
<dc element="dc.date.published" value="1997-03-11"/>
<dc element="dc.source" value="Reuters"/>
<dc element="dc.creator.location" value="VAN NUYS, Calif."/>
<dc element="dc.creator.location.country.name" value="USA"/>
<dc element="dc.source" value="Reuters"/>
</metadata>
</newsitem>
