<?xml version="1.0" encoding="iso-8859-1" ?>
<newsitem itemid="499472" id="root" date="1997-04-10" xml:lang="en">
<title>COSTA RICA: Costa Rica reopens 26,500 T optional rice tender.</title>
<headline>Costa Rica reopens 26,500 T optional rice tender.</headline>
<dateline>SAN JOSE 1997-04-10</dateline>
<text>
<p>Costa Rica opened the tender on Thursday for an optional 26,500 tonnes of long grain rough rice or 18,000 tonnes long grain milled rice, Granos Basicos de Centroamerica said in a public announcement on Thursday.</p>
<p>Offers will be accepted through April 16, the company in charge of the tender for the industrial rice sector said.</p>
<p>The company postponed the buy tender of 30,000 tonnes of rice on March 24, saying the prices proposed by 16 bidders were too high. Executive director Alvaro Cordero said the minimum offer was $287.69 per tonne while local prices are about $271.00 per tonne.</p>
<p>In the last tender, U.S. and Argentinian companies participated, he said.</p>
<p>Costa Rica has forecast rice production at 185,000 tonnes this year compared to consumption levels at an anticipated 275,000 tonnes. The shortfall will be made up with imports.</p>
<p>((--Jose Loria, San Jose bureau +506 224-2949))</p>
</text>
<copyright>(c) Reuters Limited 1997</copyright>
<metadata>
<codes class="bip:countries:1.0">
  <code code="COSR">
    <editdetail attribution="Reuters BIP Coding Group" action="confirmed" date="1997-04-10"/>
  </code>
</codes>
<codes class="bip:topics:1.0">
  <code code="M14">
    <editdetail attribution="Reuters BIP Coding Group" action="confirmed" date="1997-04-10"/>
  </code>
  <code code="M141">
    <editdetail attribution="Reuters BIP Coding Group" action="confirmed" date="1997-04-10"/>
  </code>
  <code code="MCAT">
    <editdetail attribution="Reuters BIP Coding Group" action="confirmed" date="1997-04-10"/>
  </code>
</codes>
<dc element="dc.date.created" value="1997-04-10"/>
<dc element="dc.publisher" value="Reuters Holdings Plc"/>
<dc element="dc.date.published" value="1997-04-10"/>
<dc element="dc.source" value="Reuters"/>
<dc element="dc.creator.location" value="SAN JOSE"/>
<dc element="dc.creator.location.country.name" value="COSTA RICA"/>
<dc element="dc.source" value="Reuters"/>
</metadata>
</newsitem>
