<?xml version="1.0" encoding="iso-8859-1" ?>
<newsitem itemid="176639" id="root" date="1996-11-08" xml:lang="en">
<title>JAPAN: Kyokuyo -96/97 parent forecast.</title>
<headline>Kyokuyo -96/97 parent forecast.</headline>
<dateline>TOKYO 1996-11-08</dateline>
<text>
<p>Year to March 31, 1997</p>
<p>		   (in billions of yen unless specified)</p>
<p>			   LATEST	    ACTUAL</p>
<p> (Parent)	     FORECAST	  YEAR-AGO</p>
<p> Sales		165.00	     161.38</p>
<p> Current	    700    million	 150    million</p>
<p> Net		  100    million	 108    million</p>
<p> EPS		    0.88 yen	   0.96 yen</p>
<p> Ord div		 nil		  nil</p>
<p>NOTE - Kyokuyo Co Ltd is a large fishing company.</p>
</text>
<copyright>(c) Reuters Limited 1996</copyright>
<metadata>
<codes class="bip:countries:1.0">
  <code code="JAP">
    <editdetail attribution="Reuters BIP Coding Group" action="confirmed" date="1996-11-08"/>
  </code>
</codes>
<codes class="bip:industries:1.0">
  <code code="I03000">
    <editdetail attribution="Reuters BIP Coding Group" action="confirmed" date="1996-11-08"/>
  </code>
</codes>
<codes class="bip:topics:1.0">
  <code code="C15">
    <editdetail attribution="Reuters BIP Coding Group" action="confirmed" date="1996-11-08"/>
  </code>
  <code code="C152">
    <editdetail attribution="Reuters BIP Coding Group" action="confirmed" date="1996-11-08"/>
  </code>
  <code code="CCAT">
    <editdetail attribution="Reuters BIP Coding Group" action="confirmed" date="1996-11-08"/>
  </code>
</codes>
<dc element="dc.date.created" value="1996-11-08"/>
<dc element="dc.publisher" value="Reuters Holdings Plc"/>
<dc element="dc.date.published" value="1996-11-08"/>
<dc element="dc.source" value="Reuters"/>
<dc element="dc.creator.location" value="TOKYO"/>
<dc element="dc.creator.location.country.name" value="JAPAN"/>
<dc element="dc.source" value="Reuters"/>
</metadata>
</newsitem>
