<?xml version="1.0" encoding="iso-8859-1" ?>
<newsitem itemid="637774" id="root" date="1997-06-04" xml:lang="en">
<title>UK: UK '96 chocolate consumption seen up, exports down.</title>
<headline>UK '96 chocolate consumption seen up, exports down.</headline>
<dateline>LONDON 1997-06-04</dateline>
<text>
<p>UK 1996 chocolate consumption is expected to rise while exports slip, according to a report from the International Cocoa Organization's (ICCO) meeting here through Friday.</p>
<p>In a document obtained by Reuters, charts from the Biscuit, Cake, Chocolate and Confectionary Alliance (BCCCA) project 1996 chocolate consumption up to 550,290 tonnes, or 9.39 kilograms per head.</p>
<p>That would be up four percent from 529,435 tonnes, or 9.05 kilograms per head, in 1995, it said.</p>
<p>The expected 1996 rise would reinforce a clear up-trend in UK chocolate consumption over the past 10 years, excluding a marginal decrease in 1995 due to an exceptionally hot summer that curbed chocolate consumption, the report said.</p>
<p>Chocolate consumption fell in 1995 from 531,995 tonnes, or 9.11 kilograms per head, in 1994.</p>
<p>But chocolate exports are expected to drop in 1996 from year ago levels. The report forecasts exports of 112,305 tonnes, down from 114,465 tonnes in 1995 and 127,190 tonnes in 1994.</p>
<p>--Medora Lee, London newsroom +44 171 542 8072</p>
</text>
<copyright>(c) Reuters Limited 1997</copyright>
<metadata>
<codes class="bip:countries:1.0">
  <code code="UK">
    <editdetail attribution="Reuters BIP Coding Group" action="confirmed" date="1997-06-04"/>
  </code>
</codes>
<codes class="bip:industries:1.0">
  <code code="I01001">
    <editdetail attribution="Reuters BIP Coding Group" action="confirmed" date="1997-06-04"/>
  </code>
  <code code="I0100144">
    <editdetail attribution="Reuters BIP Coding Group" action="confirmed" date="1997-06-04"/>
  </code>
  <code code="I42100">
    <editdetail attribution="Reuters BIP Coding Group" action="confirmed" date="1997-06-04"/>
  </code>
</codes>
<codes class="bip:topics:1.0">
  <code code="C21">
    <editdetail attribution="Reuters BIP Coding Group" action="confirmed" date="1997-06-04"/>
  </code>
  <code code="C31">
    <editdetail attribution="Reuters BIP Coding Group" action="confirmed" date="1997-06-04"/>
  </code>
  <code code="C312">
    <editdetail attribution="Reuters BIP Coding Group" action="confirmed" date="1997-06-04"/>
  </code>
  <code code="CCAT">
    <editdetail attribution="Reuters BIP Coding Group" action="confirmed" date="1997-06-04"/>
  </code>
</codes>
<dc element="dc.date.created" value="1997-06-04"/>
<dc element="dc.publisher" value="Reuters Holdings Plc"/>
<dc element="dc.date.published" value="1997-06-04"/>
<dc element="dc.source" value="Reuters"/>
<dc element="dc.creator.location" value="LONDON"/>
<dc element="dc.creator.location.country.name" value="UK"/>
<dc element="dc.source" value="Reuters"/>
</metadata>
</newsitem>
