<?xml version="1.0" encoding="iso-8859-1" ?>
<newsitem itemid="424905" id="root" date="1997-03-06" xml:lang="en">
<title>ITALY: Generali says expects 1996 profit in line with '95.</title>
<headline>Generali says expects 1996 profit in line with '95.</headline>
<dateline>ROME 1997-03-05</dateline>
<text>
<p>Italian insurance group Generali expects 1996 profit to be in line with or up on 1995, said Luigi Lucchini, a member of the company's board.</p>
<p>&quot;The forecast for 1996 profit is like the previous year or maybe a bit higher,&quot; Lucchini told reporters as he left a meeting of the Generali board in Rome.</p>
<p>Generali's parent company made a net profit of 482.7 billion lire in 1995.</p>
<p>--Milan newsroom +392-66102321</p>
</text>
<copyright>(c) Reuters Limited 1997</copyright>
<metadata>
<codes class="bip:countries:1.0">
  <code code="ITALY">
    <editdetail attribution="Reuters BIP Coding Group" action="confirmed" date="1997-03-06"/>
  </code>
</codes>
<codes class="bip:industries:1.0">
  <code code="I82001">
    <editdetail attribution="Reuters BIP Coding Group" action="confirmed" date="1997-03-06"/>
  </code>
</codes>
<codes class="bip:topics:1.0">
  <code code="C15">
    <editdetail attribution="Reuters BIP Coding Group" action="confirmed" date="1997-03-06"/>
  </code>
  <code code="C152">
    <editdetail attribution="Reuters BIP Coding Group" action="confirmed" date="1997-03-06"/>
  </code>
  <code code="CCAT">
    <editdetail attribution="Reuters BIP Coding Group" action="confirmed" date="1997-03-06"/>
  </code>
</codes>
<dc element="dc.date.created" value="1997-03-05"/>
<dc element="dc.publisher" value="Reuters Holdings Plc"/>
<dc element="dc.date.published" value="1997-03-06"/>
<dc element="dc.source" value="Reuters"/>
<dc element="dc.creator.location" value="ROME"/>
<dc element="dc.creator.location.country.name" value="ITALY"/>
<dc element="dc.source" value="Reuters"/>
</metadata>
</newsitem>
