<?xml version="1.0" encoding="iso-8859-1" ?>
<newsitem itemid="663161" id="root" date="1997-06-16" xml:lang="en">
<title>POLAND: Polish yr/yr CPI 14.6 pct in May vs 15.3 April.</title>
<headline>Polish yr/yr CPI 14.6 pct in May vs 15.3 April.</headline>
<dateline>WARSAW 1997-06-16</dateline>
<text>
<p>Polish consumer prices rose 0.6 percent in May against a one percent rise in April, bringing year-on-year inflation down to 14.6 percent, the Central Statistical Office (GUS) said.</p>
<p>Consumer prices rose  6.6 percent in the January-May period, compared with a 10.3 percent rise in the corresponding period last year.  </p>
<p> POLISH CONSUMER PRICES	MAY	APRIL	 MAY 1996</p>
<p> month/month change (pct)    0.6	 1.0	     1.4</p>
<p> yr/yr change (pct)	   14.6	15.3	    19.8</p>
<p> services m/m change	   0.6	 1.0	     0.7</p>
<p> services yr/yr change	19.3	19.6	    20.3</p>
<p> food prices m/m change	0.6	 1.0	     1.2</p>
<p> food prices yr/yr change   11.8	13.7	    16.9</p>
<p>NOTE - revised figures in brackets</p>
<p>-- Warsaw Newsroom +48 22 653 9700</p>
</text>
<copyright>(c) Reuters Limited 1997</copyright>
<metadata>
<codes class="bip:countries:1.0">
  <code code="POL">
    <editdetail attribution="Reuters BIP Coding Group" action="confirmed" date="1997-06-16"/>
  </code>
</codes>
<codes class="bip:topics:1.0">
  <code code="E13">
    <editdetail attribution="Reuters BIP Coding Group" action="confirmed" date="1997-06-16"/>
  </code>
  <code code="E131">
    <editdetail attribution="Reuters BIP Coding Group" action="confirmed" date="1997-06-16"/>
  </code>
  <code code="ECAT">
    <editdetail attribution="Reuters BIP Coding Group" action="confirmed" date="1997-06-16"/>
  </code>
</codes>
<dc element="dc.date.created" value="1997-06-16"/>
<dc element="dc.publisher" value="Reuters Holdings Plc"/>
<dc element="dc.date.published" value="1997-06-16"/>
<dc element="dc.source" value="Reuters"/>
<dc element="dc.creator.location" value="WARSAW"/>
<dc element="dc.creator.location.country.name" value="POLAND"/>
<dc element="dc.source" value="Reuters"/>
</metadata>
</newsitem>
