<?xml version="1.0" encoding="iso-8859-1" ?>
<newsitem itemid="419905" id="root" date="1997-03-05" xml:lang="en">
<title>CANADA: Algoma Central Corp Q4 shr profit rises.</title>
<headline>Algoma Central Corp Q4 shr profit rises.</headline>
<dateline>SAULT ST. MARIE, Ontario 1997-03-05</dateline>
<text>
<p>fourth quarter</p>
<p>				   1996			    1995</p>
<p> Shr			 C$1.29		   C$0.43</p>
<p> Net			  5,031		    1,673</p>
<p> Revs			59,874		   50,630</p>
<p>	   12 MONTHS</p>
<p> Shr			 C$3.27		   C$3.03</p>
<p> Net			 12,724		   11,790</p>
<p> Revs		     177,742		  176,972</p>
<p>(All data above 000s except per share numbers) ((Reuters Toronto Bureau (416) 941-8100))</p>
</text>
<copyright>(c) Reuters Limited 1997</copyright>
<metadata>
<codes class="bip:countries:1.0">
  <code code="CANA">
    <editdetail attribution="Reuters BIP Coding Group" action="confirmed" date="1997-03-05"/>
  </code>
</codes>
<codes class="bip:topics:1.0">
  <code code="C15">
    <editdetail attribution="Reuters BIP Coding Group" action="confirmed" date="1997-03-05"/>
  </code>
  <code code="C151">
    <editdetail attribution="Reuters BIP Coding Group" action="confirmed" date="1997-03-05"/>
  </code>
  <code code="C1511">
    <editdetail attribution="Reuters BIP Coding Group" action="confirmed" date="1997-03-05"/>
  </code>
  <code code="CCAT">
    <editdetail attribution="Reuters BIP Coding Group" action="confirmed" date="1997-03-05"/>
  </code>
</codes>
<dc element="dc.date.created" value="1997-03-05"/>
<dc element="dc.publisher" value="Reuters Holdings Plc"/>
<dc element="dc.date.published" value="1997-03-05"/>
<dc element="dc.source" value="Reuters"/>
<dc element="dc.creator.location" value="SAULT ST. MARIE, Ontario"/>
<dc element="dc.creator.location.country.name" value="CANADA"/>
<dc element="dc.source" value="Reuters"/>
</metadata>
</newsitem>
