<?xml version="1.0" encoding="iso-8859-1" ?>
<newsitem itemid="584329" id="root" date="1997-05-14" xml:lang="en">
<title>UK: Safeway sales up 3.7 pct as yr profits rise.</title>
<headline>Safeway sales up 3.7 pct as yr profits rise.</headline>
<dateline>LONDON 1997-05-14</dateline>
<text>
<p>British supermarket group Safeway Plc said on Wednesday that same store sales were up 3.7 percent in the first six weeks of the current year with prices down 0.9 percent.</p>
<p>It said pre-tax profits before exceptionals were 430 million pounds ($701.5 million), with an underlying figure of 421 million, up seven percent, and paid out a total dividend of 14.10 pence per share, up 11 percent.  </p>
<p>Safeway said it planned to create 8,000 jobs over the next two years, including the addition of 1,600 customer service and support staff this year.</p>
<p>Chairman David Webster said in the results statement, &quot;We achieved our sales target of 15 pounds per square foot per week ahead of achedule, increased our market share and quickened the pace of innovation.&quot;</p>
<p>Chief executive Colin Smith said the group's objective this year was to achieve higher volume sales growth.</p>
<p>Safeway said the proportion of its customers who spend more than 40 pounds per visit rose to 18 percent from 17 percent, rrepresenting 25 percent of sales against 23.6 percent the previous year.</p>
<p>The company said sales and profit growth slowed in the fourth quarter, however, with negative food price inflation since January.</p>
<p>The results compared with market forecasts of 425 to 435 million pounds. ($ = 0.613 British Pounds)</p>
</text>
<copyright>(c) Reuters Limited 1997</copyright>
<metadata>
<codes class="bip:countries:1.0">
  <code code="UK">
    <editdetail attribution="Reuters BIP Coding Group" action="confirmed" date="1997-05-14"/>
  </code>
</codes>
<codes class="bip:industries:1.0">
  <code code="I64100">
    <editdetail attribution="Reuters BIP Coding Group" action="confirmed" date="1997-05-14"/>
  </code>
</codes>
<codes class="bip:topics:1.0">
  <code code="C31">
    <editdetail attribution="Reuters BIP Coding Group" action="confirmed" date="1997-05-14"/>
  </code>
  <code code="CCAT">
    <editdetail attribution="Reuters BIP Coding Group" action="confirmed" date="1997-05-14"/>
  </code>
</codes>
<dc element="dc.date.created" value="1997-05-14"/>
<dc element="dc.publisher" value="Reuters Holdings Plc"/>
<dc element="dc.date.published" value="1997-05-14"/>
<dc element="dc.source" value="Reuters"/>
<dc element="dc.creator.location" value="LONDON"/>
<dc element="dc.creator.location.country.name" value="UK"/>
<dc element="dc.source" value="Reuters"/>
</metadata>
</newsitem>
