<?xml version="1.0" encoding="iso-8859-1" ?>
<newsitem itemid="109868" id="root" date="1996-10-10" xml:lang="en">
<title>NETHERLANDS: Philips buys majority Antwerp Bionic Systems.</title>
<headline>Philips buys majority Antwerp Bionic Systems.</headline>
<dateline>EINDHOVEN, Netherlands 1996-10-10</dateline>
<text>
<p>Philips Electronics NV said on Thursday its unit Philips Hearing Instruments had agreed to buy a majority stake in Antwerp Bionic Systems.</p>
<p>The Belgian firm produces cochlear implant systems or implanted hearing aids.</p>
<p>&quot;For Philips Hearing Instruments, this transaction will provide a valuable expansion of its product range,&quot; Philips said in a statement.</p>
<p>Finalisation of the transaction, of which no financial details were disclosed, requires approval of the Belgian authorities and is expected next month.</p>
<p>The agreement includes joint development of a behind-the-ear (BTE) speech processor for current and future cochlear implants. Philips said it will also actively support further market penetration of Antwerp Bionic Systems' products.</p>
</text>
<copyright>(c) Reuters Limited 1996</copyright>
<metadata>
<codes class="bip:countries:1.0">
  <code code="NETH">
    <editdetail attribution="Reuters BIP Coding Group" action="confirmed" date="1996-10-10"/>
  </code>
</codes>
<codes class="bip:topics:1.0">
  <code code="C33">
    <editdetail attribution="Reuters BIP Coding Group" action="confirmed" date="1996-10-10"/>
  </code>
</codes>
<dc element="dc.date.created" value="1996-10-10"/>
<dc element="dc.publisher" value="Reuters Holdings Plc"/>
<dc element="dc.date.published" value="1996-10-10"/>
<dc element="dc.source" value="Reuters"/>
<dc element="dc.creator.location" value="EINDHOVEN, Netherlands"/>
<dc element="dc.creator.location.country.name" value="NETHERLANDS"/>
<dc element="dc.source" value="Reuters"/>
</metadata>
</newsitem>
