<?xml version="1.0" encoding="iso-8859-1" ?>
<newsitem itemid="271838" id="root" date="1996-12-21" xml:lang="en">
<title>ITALY: Molotov cocktails hit Peru consulate in Italy.</title>
<headline>Molotov cocktails hit Peru consulate in Italy.</headline>
<dateline>MILAN 1996-12-21</dateline>
<text>
<p>Two molotov cocktail firebombs were thrown at the Peruvian consulate in the early hours of Saturday by apparent supporters of the Tupac Amaru Revolutionary Movement (MRTA), an Italian police spokesman said.</p>
<p>He said the two bottles exploded but caused little damage and no injury.</p>
<p>The attackers left a message on the Milan consulate door which read: &quot;Strike an embassy to educate 490. Nothing will remain unpunished. Tupac Amaru.&quot;</p>
<p>The spokesman said no-one had yet been detained and added that the police did not know of any group in this northern Italian city which actively supported the Marxist faction.</p>
<p>About 20 Tupac Amaru rebels stormed the Japanese ambassador's residence in Lima, Peru, on Tuesday and were still holding about 340 hostages, including high-ranking diplomats, businessmen and officials, on Saturday.</p>
</text>
<copyright>(c) Reuters Limited 1996</copyright>
<metadata>
<codes class="bip:countries:1.0">
  <code code="ITALY">
    <editdetail attribution="Reuters BIP Coding Group" action="confirmed" date="1996-12-21"/>
  </code>
  <code code="PERU">
    <editdetail attribution="Reuters BIP Coding Group" action="confirmed" date="1996-12-21"/>
  </code>
</codes>
<codes class="bip:topics:1.0">
  <code code="GCAT">
    <editdetail attribution="Reuters BIP Coding Group" action="confirmed" date="1996-12-21"/>
  </code>
  <code code="GVIO">
    <editdetail attribution="Reuters BIP Coding Group" action="confirmed" date="1996-12-21"/>
  </code>
</codes>
<dc element="dc.date.created" value="1996-12-21"/>
<dc element="dc.publisher" value="Reuters Holdings Plc"/>
<dc element="dc.date.published" value="1996-12-21"/>
<dc element="dc.source" value="Reuters"/>
<dc element="dc.creator.location" value="MILAN"/>
<dc element="dc.creator.location.country.name" value="ITALY"/>
<dc element="dc.source" value="Reuters"/>
</metadata>
</newsitem>
