<?xml version="1.0" encoding="iso-8859-1" ?>
<newsitem itemid="229412" id="root" date="1996-12-02" xml:lang="en">
<title>EU: EU grain import tariffs.</title>
<headline>EU grain import tariffs.</headline>
<text>
<p>EFFECTIVE FROM DECEMBER 1 IN ECUS PER TONNE</p>
<p>		     NEARBY ORIGIN (1)   DISTANT ORIGIN (2)  DATE OF</p>
<p>		     CURRENT    PREVIOUS CURRENT    PVS	CHANGE</p>
<p> DURUM WHEAT	 17.65     18.06	7.65    8.06     01DEC96</p>
<p> COM WHT HIGH QUAL 42.05     41.49     32.05   31.49     01DEC96</p>
<p> MEDIUM QUALITY    43.50     43.19     33.50   33.19     01DEC96</p>
<p> LOW QUALITY	 61.27     62.60     51.27   52.60     01DEC96</p>
<p> BARLEY		77.04     75.45     67.04   65.45     01DEC96</p>
<p> RYE		   77.04     75.45     67.04   65.45     01DEC96</p>
<p> SORGHUM	     77.04     75.45     67.04   65.45     01DEC96</p>
<p> MAIZE		 91.96     91.35     81.96   81.35     01DEC96</p>
<p> Exchange		 Kansas			    Mid	Mid</p>
<p>	  Minneapolis  City   Chicago   Chicago   America  America</p>
<p>Products percent protein and 12 percent humidity</p>
<p>	  HRS2(14%) HRW2(11.5%)  SRW2   YC3	HAD2   US barley2</p>
<p>	  (ECUS per tonne)</p>
<p> Quotes 118.81    125.90     116.41    83.24   159.43   100.04</p>
<p> Gulf     -	  17.32	 9.03    11.52	 -	 -</p>
<p>Great  Lakes   16.22	 -	    -	  -	   -     -</p>
<p>Gulf of Mexico-Rotterdam 11.44 Ecus per tonne  Great Lakes-Rotterdam    21.07 Ecus per tonne</p>
<p>(1) Nearby origin covers imports by land, river or sea from Mediterranean, Black Sea and Baltic ports. (2) Distant origin covers other ports. The import duty may be adjusted if during the two-week reference period the average import duty differs by five Ecus per tonne from the fixed duty. Importers may claim a two Ecus per tonne reduction for Atlantic and Suez canal shipments to British, Danish, Swedish, Finnish and to Spanish and Portuguese Atlantic ports. A three Ecus per tonne reduction can be claimed for imports into Med ports. Importers who show they have paid a quality premium can claim a 14 or eight Ecus reduction for shipments of high quality common wheat, malting barley and flint maize.</p>
</text>
<copyright>(c) Reuters Limited 1996</copyright>
<metadata>
<codes class="bip:countries:1.0">
  <code code="EEC">
    <editdetail attribution="Reuters BIP Coding Group" action="confirmed" date="1996-12-02"/>
  </code>
</codes>
<codes class="bip:industries:1.0">
  <code code="I01001">
    <editdetail attribution="Reuters BIP Coding Group" action="confirmed" date="1996-12-02"/>
  </code>
  <code code="I0100132">
    <editdetail attribution="Reuters BIP Coding Group" action="confirmed" date="1996-12-02"/>
  </code>
</codes>
<codes class="bip:topics:1.0">
  <code code="C31">
    <editdetail attribution="Reuters BIP Coding Group" action="confirmed" date="1996-12-02"/>
  </code>
  <code code="C311">
    <editdetail attribution="Reuters BIP Coding Group" action="confirmed" date="1996-12-02"/>
  </code>
  <code code="CCAT">
    <editdetail attribution="Reuters BIP Coding Group" action="confirmed" date="1996-12-02"/>
  </code>
  <code code="G15">
    <editdetail attribution="Reuters BIP Coding Group" action="confirmed" date="1996-12-02"/>
  </code>
  <code code="G153">
    <editdetail attribution="Reuters BIP Coding Group" action="confirmed" date="1996-12-02"/>
  </code>
  <code code="GCAT">
    <editdetail attribution="Reuters BIP Coding Group" action="confirmed" date="1996-12-02"/>
  </code>
  <code code="M14">
    <editdetail attribution="Reuters BIP Coding Group" action="confirmed" date="1996-12-02"/>
  </code>
  <code code="M141">
    <editdetail attribution="Reuters BIP Coding Group" action="confirmed" date="1996-12-02"/>
  </code>
  <code code="MCAT">
    <editdetail attribution="Reuters BIP Coding Group" action="confirmed" date="1996-12-02"/>
  </code>
</codes>
<dc element="dc.publisher" value="Reuters Holdings Plc"/>
<dc element="dc.date.published" value="1996-12-02"/>
<dc element="dc.source" value="Reuters"/>
<dc element="dc.creator.location.country.name" value="EU"/>
<dc element="dc.source" value="Reuters"/>
</metadata>
</newsitem>
