<?xml version="1.0" encoding="iso-8859-1" ?>
<newsitem itemid="451253" id="root" date="1997-03-18" xml:lang="en">
<title>SOUTH AFRICA: NAMFISH RECORDS YEAR LOSS.</title>
<headline>NAMFISH RECORDS YEAR LOSS.</headline>
<dateline>CAPE TOWN 1997-03-18</dateline>
<text>
<p>Yr ended Dec 31, 1996</p>
<p>		 (million of rand unless indicated)</p>
<p>    Shr loss (cts)   32.1	vs earnings  1.8</p>
<p>    Yr div		0.0	vs 6.0</p>
<p>    Attrib loss	10.5	vs income 0.6</p>
<p>    Pre-tax loss     12.7	vs income 2.9</p>
<p>    Tax gain	    3.5	vs paid 1.4</p>
<p>    Interest paid     6.9	vs  4.1</p>
<p>    Investment income 0.5	vs  0.06</p>
<p>    Interest received 1.1	vs  1.6</p>
<p>    Turnover	   68.3	vs 121.9</p>
<p>Full name: Namibian Fishing Industries Ltd</p>
<p>NOTE -  The group said that it had been affected by the lack</p>
<p>of fish, especially pilchards, off the coast of Namibia because</p>
<p>of poor environmental conditions.</p>
<p>However, pelagic fishing had started earlier than usual this</p>
<p>year and the catch had very good oil yields. Hake catches had</p>
<p>been reasonable.</p>
<p>Government scientists were researching the pilchard resource</p>
<p>and their findings were expected soon.</p>
<p>-- Cape Town newsroom +27 21 25-2238</p>
</text>
<copyright>(c) Reuters Limited 1997</copyright>
<metadata>
<codes class="bip:countries:1.0">
  <code code="NAMIB">
    <editdetail attribution="Reuters BIP Coding Group" action="confirmed" date="1997-03-18"/>
  </code>
  <code code="SAFR">
    <editdetail attribution="Reuters BIP Coding Group" action="confirmed" date="1997-03-18"/>
  </code>
</codes>
<codes class="bip:topics:1.0">
  <code code="C151">
    <editdetail attribution="Reuters BIP Coding Group" action="confirmed" date="1997-03-18"/>
  </code>
  <code code="C1511">
    <editdetail attribution="Reuters BIP Coding Group" action="confirmed" date="1997-03-18"/>
  </code>
</codes>
<dc element="dc.date.created" value="1997-03-18"/>
<dc element="dc.publisher" value="Reuters Holdings Plc"/>
<dc element="dc.date.published" value="1997-03-18"/>
<dc element="dc.source" value="Reuters"/>
<dc element="dc.creator.location" value="CAPE TOWN"/>
<dc element="dc.creator.location.country.name" value="SOUTH AFRICA"/>
<dc element="dc.source" value="Reuters"/>
</metadata>
</newsitem>
