<?xml version="1.0" encoding="iso-8859-1" ?>
<newsitem itemid="459178" id="root" date="1997-03-21" xml:lang="en">
<title>USA: Interferon Sciences sets reverse split.</title>
<headline>Interferon Sciences sets reverse split.</headline>
<dateline>NEW BRUNSWICK, N.J. 1997-03-21</dateline>
<text>
<p>Interferon Sciences Inc on Friday said its shareholders approved a one-for-four reverse stock split.</p>
<p>The reverse stock split will take effect at the close of business on Friday, March 21.</p>
<p>As of March 20, there were 49,104,778 shares of common stock outstanding. After the reverse stock split, there will be about 12,276,000 shares outstanding.</p>
<p>The biopharmaceutical company said the reverse split may enable it to be listed on the Nasdaq National Market System.</p>
</text>
<copyright>(c) Reuters Limited 1997</copyright>
<metadata>
<codes class="bip:countries:1.0">
  <code code="USA">
    <editdetail attribution="Reuters BIP Coding Group" action="confirmed" date="1997-03-21"/>
  </code>
</codes>
<codes class="bip:industries:1.0">
  <code code="I25700">
    <editdetail attribution="Reuters BIP Coding Group" action="confirmed" date="1997-03-21"/>
  </code>
</codes>
<codes class="bip:topics:1.0">
  <code code="C14">
    <editdetail attribution="Reuters BIP Coding Group" action="confirmed" date="1997-03-21"/>
  </code>
  <code code="C17">
    <editdetail attribution="Reuters BIP Coding Group" action="confirmed" date="1997-03-21"/>
  </code>
  <code code="C171">
    <editdetail attribution="Reuters BIP Coding Group" action="confirmed" date="1997-03-21"/>
  </code>
  <code code="CCAT">
    <editdetail attribution="Reuters BIP Coding Group" action="confirmed" date="1997-03-21"/>
  </code>
</codes>
<dc element="dc.date.created" value="1997-03-21"/>
<dc element="dc.publisher" value="Reuters Holdings Plc"/>
<dc element="dc.date.published" value="1997-03-21"/>
<dc element="dc.source" value="Reuters"/>
<dc element="dc.creator.location" value="NEW BRUNSWICK, N.J."/>
<dc element="dc.creator.location.country.name" value="USA"/>
<dc element="dc.source" value="Reuters"/>
</metadata>
</newsitem>
