<?xml version="1.0" encoding="iso-8859-1" ?>
<newsitem itemid="159796" id="root" date="1996-11-01" xml:lang="en">
<title>RUSSIA: Rouble rises to 3,584 per mark in Moscow.</title>
<headline>Rouble rises to 3,584 per mark in Moscow.</headline>
<dateline>MOSCOW 1996-11-01</dateline>
<text>
<p>The rouble rose to 3,584 to the German mark on the Moscow Interbank Currency Exchange from 3,629 on Thursday.</p>
<p>				    Nov 1		   Oct 31</p>
<p> Mark rate			3,584		   3,629</p>
<p> Volume traded (million DEM)    4.50		    1.27</p>
<p>-- Moscow Newsroom, +7095 941 8520</p>
</text>
<copyright>(c) Reuters Limited 1996</copyright>
<metadata>
<codes class="bip:countries:1.0">
  <code code="RUSS">
    <editdetail attribution="Reuters BIP Coding Group" action="confirmed" date="1996-11-01"/>
  </code>
</codes>
<codes class="bip:topics:1.0">
  <code code="M13">
    <editdetail attribution="Reuters BIP Coding Group" action="confirmed" date="1996-11-01"/>
  </code>
  <code code="M132">
    <editdetail attribution="Reuters BIP Coding Group" action="confirmed" date="1996-11-01"/>
  </code>
  <code code="MCAT">
    <editdetail attribution="Reuters BIP Coding Group" action="confirmed" date="1996-11-01"/>
  </code>
</codes>
<dc element="dc.date.created" value="1996-11-01"/>
<dc element="dc.publisher" value="Reuters Holdings Plc"/>
<dc element="dc.date.published" value="1996-11-01"/>
<dc element="dc.source" value="Reuters"/>
<dc element="dc.creator.location" value="MOSCOW"/>
<dc element="dc.creator.location.country.name" value="RUSSIA"/>
<dc element="dc.source" value="Reuters"/>
</metadata>
</newsitem>
