<?xml version="1.0" encoding="iso-8859-1" ?>
<newsitem itemid="57191" id="root" date="1996-09-16" xml:lang="en">
<title>SOUTH KOREA: LG Semicon to sharply raise non-memOry chip sales.</title>
<headline>LG Semicon to sharply raise non-memOry chip sales.</headline>
<dateline>SEOUL 1996-09-16</dateline>
<text>
<p>LG Semicon Co Ltd, a unit of South Korea's LG Group, said on Monday it plans to raise non-memory chip sales to 30 percent of its total sales by 2005 from 11 percent in 1995.  </p>
<p>LG Semicon, one of the nation's top three semiconductor makers, expects its total sales to rise to 30 trillion won by the year 2005 from 2.5 trillion in 1995.</p>
<p>&quot;The world demand for non-memory chips will grow rapidly in the future. So we must focus more on the area,&quot; said Moon Chung-hwan, CEO and vice chairman of LG Semicon.</p>
<p>He said international spot prices for the 16 megabit dynamic random access memory chips looked unlikely to recover this year from the current level. The 16 megabit DRAM unit price is now at around $10, compared with $45-$50 a year earlier.  </p>
<p>Moon told reporters the company was still committed to its plan to set up a memory chip joint venture in Malaysia with Hitachi Ltd.</p>
<p>The project, originally scheduled to begin in the first half of this year, has been delayed because of prolonged negotiations with the Malaysian government on details.</p>
<p>The venture, which is expected to cost an investment of $1.25 billion, was to process 30,000 eight-inch wafers a month, he said.</p>
</text>
<copyright>(c) Reuters Limited 1996</copyright>
<metadata>
<codes class="bip:countries:1.0">
  <code code="SKOREA">
    <editdetail attribution="Reuters BIP Coding Group" action="confirmed" date="1996-09-16"/>
  </code>
</codes>
<codes class="bip:industries:1.0">
  <code code="I34000">
    <editdetail attribution="Reuters BIP Coding Group" action="confirmed" date="1996-09-16"/>
  </code>
  <code code="I34540">
    <editdetail attribution="Reuters BIP Coding Group" action="confirmed" date="1996-09-16"/>
  </code>
  <code code="I63000">
    <editdetail attribution="Reuters BIP Coding Group" action="confirmed" date="1996-09-16"/>
  </code>
</codes>
<codes class="bip:topics:1.0">
  <code code="C31">
    <editdetail attribution="Reuters BIP Coding Group" action="confirmed" date="1996-09-16"/>
  </code>
  <code code="CCAT">
    <editdetail attribution="Reuters BIP Coding Group" action="confirmed" date="1996-09-16"/>
  </code>
</codes>
<dc element="dc.date.created" value="1996-09-16"/>
<dc element="dc.publisher" value="Reuters Holdings Plc"/>
<dc element="dc.date.published" value="1996-09-16"/>
<dc element="dc.source" value="Reuters"/>
<dc element="dc.creator.location" value="SEOUL"/>
<dc element="dc.creator.location.country.name" value="SOUTH KOREA"/>
<dc element="dc.source" value="Reuters"/>
</metadata>
</newsitem>
