<?xml version="1.0" encoding="iso-8859-1" ?>
<newsitem itemid="391809" id="root" date="1997-02-20" xml:lang="en">
<title>GREECE: GREEK OCT 96 C/A DEFICIT RISES 11PCT TO $696 MLN.</title>
<headline>GREEK OCT 96 C/A DEFICIT RISES 11PCT TO $696 MLN.</headline>
<dateline>ATHENS 1997-02-20</dateline>
<text>
<p>Greece's current account deficit</p>
<p>rose provisionally to $696 million in October 1996 from $626.9</p>
<p>million in the same month of 1995 and the January-October</p>
<p>deficit jumped 41 percent to $4.318 billion, the Bank of Greece</p>
<p>said.</p>
<p>The widening of the current account deficit in the first</p>
<p>eight months of 1996 reflects a larger trade deficit by $952.4</p>
<p>and a smaller invisibles surplus by $302.8 million, it said.</p>
<p>The trade deficit fell slightly to $1.680 billion in October</p>
<p>1996 from $1.701 billion in the same month of 1995. The</p>
<p>cumulative January-October trade deficit rose 6.7 percent to</p>
<p>$15.154.</p>
<p>But net private capital inflows soared to $6.987 billion in</p>
<p>the first eight months of 1996 compared to $2.385 billion in the</p>
<p>same period in 1995.</p>
<p>Forex reserves stood at $20.5 billion at the end of January</p>
<p>1997, it added.</p>
<p>Current account figures provided by the Bank of Greece:</p>
<p> (figures in $million)	 Oct 96    Sept 96    Oct 95</p>
<p> Current account		 -696	  -8.0     -626.9</p>
<p> Trade balance		 -1,680	-1,707    -1,279</p>
<p> Invisibles			 984	 1,080	989.9</p>
<p> Exports fob			499	   394	492.5</p>
<p> Imports cif		    2,179	 2,023     2,199.8</p>
<p> Net capital movement	 2,868	   649	165.7</p>
<p> Private sector		 1,595	   560	390.1</p>
<p> Public sector		  1,273	    89     -224.4</p>
<p> Reserves (stock)	    19,105	16,808    15,672</p>
<p>--Dimitris Kontogiannis, Athens Newsroom +301 3311812-4</p>
</text>
<copyright>(c) Reuters Limited 1997</copyright>
<metadata>
<codes class="bip:countries:1.0">
  <code code="GREECE">
    <editdetail attribution="Reuters BIP Coding Group" action="confirmed" date="1997-02-20"/>
  </code>
</codes>
<codes class="bip:topics:1.0">
  <code code="E51">
    <editdetail attribution="Reuters BIP Coding Group" action="confirmed" date="1997-02-20"/>
  </code>
  <code code="E511">
    <editdetail attribution="Reuters BIP Coding Group" action="confirmed" date="1997-02-20"/>
  </code>
  <code code="ECAT">
    <editdetail attribution="Reuters BIP Coding Group" action="confirmed" date="1997-02-20"/>
  </code>
</codes>
<dc element="dc.date.created" value="1997-02-20"/>
<dc element="dc.publisher" value="Reuters Holdings Plc"/>
<dc element="dc.date.published" value="1997-02-20"/>
<dc element="dc.source" value="Reuters"/>
<dc element="dc.creator.location" value="ATHENS"/>
<dc element="dc.creator.location.country.name" value="GREECE"/>
<dc element="dc.source" value="Reuters"/>
</metadata>
</newsitem>
