<?xml version="1.0" encoding="iso-8859-1" ?>
<newsitem itemid="587304" id="root" date="1997-05-15" xml:lang="en">
<title>USA: Ciatti's Inc Q3 March 30 loss widens.</title>
<headline>Ciatti's Inc Q3 March 30 loss widens.</headline>
<dateline>MINNEAPOLIS 1997-05-14</dateline>
<text>
<p>1997			1996</p>
<p> Shr loss		  $ 0.44     loss     $  0.43</p>
<p> Net loss		     330     loss	   321</p>
<p> Revs			 4,474		    4,449</p>
<p>	  NINE MONTHS</p>
<p> Shr loss		  $ 2.56     loss     $  0.90</p>
<p> Net loss		   1,905     loss	   661</p>
<p> Revs			13,140		   13,118</p>
<p>	 (All data above 000s except per share numbers)</p>
<p>NOTE - 1997 nine months loss of $640,286 or $0.86 from writedown of property, equipment and leasehold improvements at the company's Madison, Wis. restaurant.</p>
<p>	    ((Chicago newsdesk 312 408 8787))</p>
</text>
<copyright>(c) Reuters Limited 1997</copyright>
<metadata>
<codes class="bip:countries:1.0">
  <code code="USA">
    <editdetail attribution="Reuters BIP Coding Group" action="confirmed" date="1997-05-15"/>
  </code>
</codes>
<codes class="bip:industries:1.0">
  <code code="I66100">
    <editdetail attribution="Reuters BIP Coding Group" action="confirmed" date="1997-05-15"/>
  </code>
</codes>
<codes class="bip:topics:1.0">
  <code code="C15">
    <editdetail attribution="Reuters BIP Coding Group" action="confirmed" date="1997-05-15"/>
  </code>
  <code code="C151">
    <editdetail attribution="Reuters BIP Coding Group" action="confirmed" date="1997-05-15"/>
  </code>
  <code code="CCAT">
    <editdetail attribution="Reuters BIP Coding Group" action="confirmed" date="1997-05-15"/>
  </code>
</codes>
<dc element="dc.date.created" value="1997-05-14"/>
<dc element="dc.publisher" value="Reuters Holdings Plc"/>
<dc element="dc.date.published" value="1997-05-15"/>
<dc element="dc.source" value="Reuters"/>
<dc element="dc.creator.location" value="MINNEAPOLIS"/>
<dc element="dc.creator.location.country.name" value="USA"/>
<dc element="dc.source" value="Reuters"/>
</metadata>
</newsitem>
