<?xml version="1.0" encoding="iso-8859-1" ?>
<newsitem itemid="322151" id="root" date="1997-01-21" xml:lang="en">
<title>CANADA: PRESS DIGEST - Canada - January 21.</title>
<headline>PRESS DIGEST - Canada - January 21.</headline>
<dateline>TORONTO 1997-01-21</dateline>
<text>
<p>The following are top headlines from selected Canadian newspapers. Reuters has not verified these stories and does not vouch for their accuracy.</p>
<p>THE GLOBE AND MAIL:</p>
<p>- Junior hockey demands answers: Lawyer will report on what ails sport and how to fix it in wake of sex-abuse scandal.</p>
<p>- Daredevils should pay for rescue, study says: Little thought for risks to others.</p>
<p>- Clinton envisions a new land: President's inaugural speech calls on Americans to &quot;unleash limitless potential&quot;</p>
<p>- Maurice Strong to lead reshaping of UN: Leaner executive branch predicted.</p>
<p>- Judicial selections raise fear of white, male domination: Ontario moving back to old days, committee sources say.</p>
<p>- Ski-Doos latest trendy toy in Russia: Montreal firm cashing in on impulsive shopping habits of people who have suddenly found themselves with money to burn.</p>
<p>Report on Business Section:</p>
<p>- Banks urged to split top jobs: Big pension funds back plan to force Royal, National to divide CEO, chairman roles.</p>
<p>- More oil patch mergers loom after record year: Strong oil, gas prices fuel new round of deals in the works.</p>
<p>- Manitoba stock grab probed: Regulators check reports extra phone firm receipts bought.</p>
<p>- Deadline set for Busang deal: Settle terms or lose stake, Barrick told.</p>
<p>THE FINANCIAL POST:</p>
<p>- High noon for Bre-X, Barrick: Indonesia tells the gold miners to settle local demands for more of the giant Busang find within a month or risk having it taken from them.</p>
<p>- Biotech firms suffer in tough AIDS drug market.</p>
<p>((Reuters Toronto Bureau (416) 941-8100))</p>
</text>
<copyright>(c) Reuters Limited 1997</copyright>
<metadata>
<codes class="bip:countries:1.0">
  <code code="CANA">
    <editdetail attribution="Reuters BIP Coding Group" action="confirmed" date="1997-01-21"/>
  </code>
</codes>
<codes class="bip:topics:1.0">
  <code code="GCAT">
    <editdetail attribution="Reuters BIP Coding Group" action="confirmed" date="1997-01-21"/>
  </code>
</codes>
<dc element="dc.date.created" value="1997-01-21"/>
<dc element="dc.publisher" value="Reuters Holdings Plc"/>
<dc element="dc.date.published" value="1997-01-21"/>
<dc element="dc.source" value="Reuters"/>
<dc element="dc.creator.location" value="TORONTO"/>
<dc element="dc.creator.location.country.name" value="CANADA"/>
<dc element="dc.source" value="Reuters"/>
</metadata>
</newsitem>
