<?xml version="1.0" encoding="iso-8859-1" ?>
<newsitem itemid="233739" id="root" date="1996-12-04" xml:lang="en">
<title>RUSSIA: Nizhnetagilsk Metal plans credit for Voest plant.</title>
<headline>Nizhnetagilsk Metal plans credit for Voest plant.</headline>
<dateline>MOSCOW 1996-12-04</dateline>
<text>
<p>One of Russia's leading steel makers, Nizhnetagilsk Metal, and Austria's Voest-Alpine AG will shortly sign a $65 million framework deal for continuous steel production equipment, a bank official said on Wednesday.</p>
<p>AO Nizhnetagilsky Metallurgichesky Kombinat (NTMK) has already paid $25 million from its own funds for the equipment and the rest of the sum will come from a $40 million credit from Germany's Bayerische Landesbank-Girozentrale with Inkombank participation, Inkombank's Yekaterinburg branch manager Alexander Paramonov told Reuters by telephone.</p>
<p>The $40 million credit will represent the first tranche of a $152 million 10-year credit from Bayerische Landesbank at eight percent annual interest, he said.</p>
<p>Inkombank is the agent bank for the credit.</p>
<p>A second tranche will be used to buy equipment for another production line at NTMK.</p>
<p>Russia's central bank must give Inkombank permission to undertake capital movements for the agreement to go ahead. --Natalya Shurina, Moscow Newsroom, +7095 941 8520</p>
</text>
<copyright>(c) Reuters Limited 1996</copyright>
<metadata>
<codes class="bip:countries:1.0">
  <code code="AUST">
    <editdetail attribution="Reuters BIP Coding Group" action="confirmed" date="1996-12-04"/>
  </code>
  <code code="RUSS">
    <editdetail attribution="Reuters BIP Coding Group" action="confirmed" date="1996-12-04"/>
  </code>
</codes>
<codes class="bip:industries:1.0">
  <code code="I22100">
    <editdetail attribution="Reuters BIP Coding Group" action="confirmed" date="1996-12-04"/>
  </code>
</codes>
<codes class="bip:topics:1.0">
  <code code="C33">
    <editdetail attribution="Reuters BIP Coding Group" action="confirmed" date="1996-12-04"/>
  </code>
  <code code="CCAT">
    <editdetail attribution="Reuters BIP Coding Group" action="confirmed" date="1996-12-04"/>
  </code>
</codes>
<dc element="dc.date.created" value="1996-12-04"/>
<dc element="dc.publisher" value="Reuters Holdings Plc"/>
<dc element="dc.date.published" value="1996-12-04"/>
<dc element="dc.source" value="Reuters"/>
<dc element="dc.creator.location" value="MOSCOW"/>
<dc element="dc.creator.location.country.name" value="RUSSIA"/>
<dc element="dc.source" value="Reuters"/>
</metadata>
</newsitem>
