<?xml version="1.0" encoding="iso-8859-1" ?>
<newsitem itemid="775788" id="root" date="1997-08-04" xml:lang="en">
<title>USA: Mississippi cotton farmers check crop for insects.</title>
<headline>Mississippi cotton farmers check crop for insects.</headline>
<dateline>JACKSON, Miss. 1997-08-04</dateline>
<text>
<p>The following is the weekly crop summary from the Mississippi Agricultural Statistics Service based on conditions existing Sunday, August 3.</p>
<p>			Mississippi Weekly Crop Weather Report</p>
<p>According to the Mississippi Agricultural Statistics Service, there were 5.0 days suitable for fieldwork for the week ending August 3, 1997. The main farming activities for the week were checking cotton for insects, applying chemicals and harvesting hay. Soil moisture conditions  were rated 6 percent very short, 13 percent short, 46 percent adequate and 35 percent surplus.</p>
<p>   Crop Progress in Percentages	  Crop Conditions in Percentages</p>
<p>			   This Last	5-yr  Very</p>
<p>Item     Event	 Week Week 1996 Avg.  Poor  Poor  Fair  Good  Excellent</p>
<p>Corn   Silked	   100   98 100   98     0     3    25    60     12</p>
<p>Corn   Dough	     90   84  93   88</p>
<p>Corn   Dent		72   60  74   59</p>
<p>Corn   Mature	    20   10  18   20</p>
<p>Corn   Silage</p>
<p>	 Harvested	 35   29  40   33</p>
<p>Cotton</p>
<p>	 Squaring	 100   97 100  100     3     7    22    60	8</p>
<p>Cotton</p>
<p>	 Setting Bolls   95   84 100   94</p>
<p>	 Open Bolls	 2   --   1    0</p>
<p>Rice   Heading	   60   52  78   61     0     2    29    63	6</p>
<p>Sorghum</p>
<p>	 Heading	   97   91  95   88     0     4    32    52     12</p>
<p>Sorghum</p>
<p>	 Turning Color   55   42  57   45</p>
<p>Soybeans</p>
<p>	 Emerged	  100   99 100  100     2     9    26    52     11</p>
<p>Soybeans</p>
<p>	 Blooming	  75   61  87   74</p>
<p>Soybeans</p>
<p>	 Setting Pods    42   39  68   43</p>
<p>Watermelons</p>
<p>	 Harvested 7/27  67   --  74   65</p>
<p>	 Harvested	 78   67  79   75</p>
<p>Peaches</p>
<p>	 Harvested	 79   75  90   89     0     0    25    66	9</p>
<p>Hay    (Warm Season)</p>
<p>	 Harvested	 69   65  72   75     2     5    33    52	8</p>
<p>Peanuts						 0     0     1    98	1</p>
<p>Sweetpotatoes					 0     2     8    90	0</p>
<p>Cattle						  0     3    17    66     14</p>
<p>Pastures						0     5    18    62     15</p>
<p>			    County Agent Comments</p>
<p>&quot;We had a good week to cut and bale hay. All crops are in good condition at this point. Late planted commercial vegetables are looking better than earlier plantings.&quot;</p>
<p>				     -- Melvin Oatis, Benton County</p>
<p>&quot;Weevil emergence from squares started this week and worms are also getting heavy in spots. Half the county missed the rain therefore, we need rain badly in this area.&quot;</p>
<p>				   -- Steve Winters, Grenada County</p>
<p>&quot;Ideal harvesting conditions allowed hay producers to put up very high quality hay last week. Corn is starting to mature and cotton is blooming, though 3-4 weeks behind schedule.&quot;</p>
<p>			     -- Dalton G. Garner, Prentiss County</p>
<p>&quot;Late planted corn is experiencing heavy worm feeding. Hay harvest progressed rapidly through the week. Cooler weather toward the end of the week was a welcome relief for dairy producers.&quot;</p>
<p>				   -- Ed Williams, Oktibbeha County</p>
<p>&quot;All row crops are progressing rather well. Hay harvesting was good this past week. Cotton farmers are anxious for boll weevil eradication to start.&quot;</p>
<p>				 -- Houston Therrell, Rankin County</p>
<p>		 Weather Summary From July 28, 1997 to August 3, 1997</p>
<p>			     Air		 Precipitation	4 Inch Soil   Avg</p>
<p>			 Temperature	Weekly	Rn  Four  Temperature   Pan</p>
<p>		    Max Min Avg Nrm DFN  Total  DFN Ds Weeks  Max Min Avg  Evap</p>
<p>---------------------------------------------------------------------------1.</p>
<p>Upper Delta</p>
<p>Clarksdale	 96  66  81  81   0  0.00 -0.92  0  0.12   87  79  83  0.23</p>
<p>Cleveland	  98  62  80	    0.40	  1  1.14</p>
<p>Tunica	    100  63  80  80   0  0.26 -0.50  1  1.84   99  80  88</p>
<p>---------------------------------------------------------------------------</p>
<p>Extreme/Average 100  62  80  81   0  0.22 -0.62  1  1.03   99  79  86  0.23</p>
<p>2. North-Central</p>
<p>Holly Springs    97  56  77  78  -1  0.53 -0.17  2  1.49   99  75  85  0.24</p>
<p>Memphis	    99  65  80  82  -2  0.42 -0.42  1  4.35</p>
<p>Oxford	     97  58  79  79   0  0.20 -0.71  2  1.32</p>
<p>---------------------------------------------------------------------------</p>
<p>Extreme/Average  99  56  79  80  -1  0.38 -0.44  2  2.39   99  75  85  0.24</p>
<p>3. Northeast</p>
<p>Booneville	 93  61  76  79  -3  0.40 -0.56  1  3.83</p>
<p>Corinth	   100  62  80  80   0  0.96 +0.25  1  2.28</p>
<p>Iuka</p>
<p>Pontotoc	   97  58  78  79  -1  0.07 -0.65  1  2.96   93  75  84  0.21</p>
<p>Tupelo	     95  60  78  80  -2  1.00 +0.04  2  4.61</p>
<p>Verona	     98  60  79	    0.22	  2  2.92  100  73  85  0.21</p>
<p>---------------------------------------------------------------------------</p>
<p>Extreme/Average 100  58  78  80  -1  0.53 -0.31  1  3.32  100  73  85  0.21 4. Lower Delta</p>
<p>Belzoni	    98  64  82  82  +1  0.00 -0.91  0  3.01  102  83  93</p>
<p>Greenwood	  95  61  79  81  -2  0.00 -1.08  0  2.20</p>
<p>Rolling Fork    100  63  82	    0.04 -0.67  1	  106  86  97  0.24</p>
<p>Stoneville</p>
<p>Yazoo City	 97  66  83  82  +2  0.43 -0.44  1  3.16</p>
<p>---------------------------------------------------------------------------</p>
<p>Extreme/Average 100  61  82  82   0  0.12 -0.77  1  2.79  106  83  95  0.24</p>
<p>5. Central</p>
<p>Carthage	   96  61  80  80  -1  1.60 +0.50  2  2.77</p>
<p>Jackson	    97  63  81  82  -1  0.06 -1.02  1  1.06</p>
<p>Winona	     93  58  77  78  -2  1.89 +0.98  2  5.81</p>
<p>---------------------------------------------------------------------------</p>
<p>Extreme/Average  97  58  79  80  -1  1.18 +0.15  2  3.21</p>
<p>6. East-Central</p>
<p>Brooksville	99  65  82	    0.63 -0.40  3  5.45   86  75  82</p>
<p>Columbus	   95  63  79	    1.07	  3  4.29</p>
<p>State University 97   M   M  81	0.10 -0.67  1  2.43   97  71  83</p>
<p>---------------------------------------------------------------------------</p>
<p>Extreme/Average  99  63  80	    0.60 -0.30  2  4.06   97  71  83</p>
<p>7. Southwest</p>
<p>Crystal Springs  96  69  82	    0.47	  3  1.73   99  75  88</p>
<p>Natchez	    95  66  81  82  -1  0.86 -0.45  1  1.78</p>
<p>Oakley	     98  61  81	    0.82 -0.16  3  0.92   91  74  84</p>
<p>Vicksburg	  95  68  82	    0.40	  2  2.20</p>
<p>---------------------------------------------------------------------------</p>
<p>Extreme/Average  98  61  81  82   0  0.64 -0.51  2  1.66   99  74  86</p>
<p>8. South-Central</p>
<p>Columbia	   95  67  81  82  -1  1.27 -0.10  2  5.13</p>
<p>McComb	     95  67  81  81   0  0.17 -1.37  3  2.96</p>
<p>---------------------------------------------------------------------------</p>
<p>Extreme/Average  95  67  81  81   0  0.72 -0.74  3  4.05</p>
<p>9. Southeast</p>
<p>Beaumont	   98  67  82	    1.16	  3  2.17  100  75  86</p>
<p>Hattiesburg	94  67  81  82  -1  0.49 -0.95  3  3.92</p>
<p>Laurel</p>
<p>Meridian	   94  63  79  81  -2  2.16 +0.85  3  4.88</p>
<p>Newton	     97  63  81  80  +1  2.13 +0.83  3  3.75   94  72  83  0.21</p>
<p>---------------------------------------------------------------------------</p>
<p>Extreme/Average  98  63  81  81  -1  1.49 +0.14  3  3.68  100  72  85  0.21</p>
<p>10. Coastal</p>
<p>Bay St Louis     96  67  81	    3.60	  4 13.61</p>
<p>Biloxi	     90  70  81	    1.42	  5 15.77</p>
<p>Gulfport</p>
<p>Pascagoula	 90  69  78  82  -4  1.54	  2 15.41</p>
<p>Poplarville	95  69  82  81  +1  0.90 -0.82  3 22.70   98  71  86</p>
<p>---------------------------------------------------------------------------</p>
<p>Extreme/Average  96  67  81  82  -1  1.87 +0.15  4 16.87   98  71  86</p>
<p>State Averages  100  56  80  81  -1  0.78 -0.32  2  4.31  106  71  86  0.21</p>
<p>((Chicago Newsdesk 312-408-8720))</p>
</text>
<copyright>(c) Reuters Limited 1997</copyright>
<metadata>
<codes class="bip:countries:1.0">
  <code code="USA">
    <editdetail attribution="Reuters BIP Coding Group" action="confirmed" date="1997-08-04"/>
  </code>
</codes>
<codes class="bip:industries:1.0">
  <code code="I01001">
    <editdetail attribution="Reuters BIP Coding Group" action="confirmed" date="1997-08-04"/>
  </code>
  <code code="I0100138">
    <editdetail attribution="Reuters BIP Coding Group" action="confirmed" date="1997-08-04"/>
  </code>
</codes>
<codes class="bip:topics:1.0">
  <code code="C21">
    <editdetail attribution="Reuters BIP Coding Group" action="confirmed" date="1997-08-04"/>
  </code>
  <code code="CCAT">
    <editdetail attribution="Reuters BIP Coding Group" action="confirmed" date="1997-08-04"/>
  </code>
  <code code="M14">
    <editdetail attribution="Reuters BIP Coding Group" action="confirmed" date="1997-08-04"/>
  </code>
  <code code="M141">
    <editdetail attribution="Reuters BIP Coding Group" action="confirmed" date="1997-08-04"/>
  </code>
  <code code="MCAT">
    <editdetail attribution="Reuters BIP Coding Group" action="confirmed" date="1997-08-04"/>
  </code>
</codes>
<dc element="dc.date.created" value="1997-08-04"/>
<dc element="dc.publisher" value="Reuters Holdings Plc"/>
<dc element="dc.date.published" value="1997-08-04"/>
<dc element="dc.source" value="Reuters"/>
<dc element="dc.creator.location" value="JACKSON, Miss."/>
<dc element="dc.creator.location.country.name" value="USA"/>
<dc element="dc.source" value="Reuters"/>
</metadata>
</newsitem>
