<?xml version="1.0" encoding="iso-8859-1" ?>
<newsitem itemid="257354" id="root" date="1996-12-15" xml:lang="en">
<title>USA: Boeing aims at $1 billion annual cost savings.</title>
<headline>Boeing aims at $1 billion annual cost savings.</headline>
<dateline>WASHINGTON 1996-12-15</dateline>
<text>
<p>Boeing Co Chief Executive Phil Condit told reporters on Sunday he aimed for at least $1 billion in annual cost savings once his company had merged with McDonnell Douglas Corp.</p>
<p>&quot;We really think there are some significant savings and we're going to be going after a billion dollars of savings or more a year,&quot; Condit told a news conference to announce the merger.</p>
<p>&quot;We're going to be going -- combined -- from on the order of $35 billion dollars total revenue 1996 ... to about $48 billion 1997, so we are in a growth environment,&quot; he said.</p>
<p>&quot;If we're in an environment where we're needing more and more people, we're going to be able to eliminate -- in fact we can eliminate -- redundancies and still have job stability. It just means we won't hire,&quot; he added.</p>
<p>Condit said there was always the potential for job cuts, but added that he did not expect these to be significant.</p>
<p>&quot;There are going to be still overlaps in a couple of places. We're going to have to look at each of those. I don't think those are going to be significant,&quot; he said.</p>
</text>
<copyright>(c) Reuters Limited 1996</copyright>
<metadata>
<codes class="bip:countries:1.0">
  <code code="USA">
    <editdetail attribution="Reuters BIP Coding Group" action="confirmed" date="1996-12-15"/>
  </code>
</codes>
<codes class="bip:industries:1.0">
  <code code="I36400">
    <editdetail attribution="Reuters BIP Coding Group" action="confirmed" date="1996-12-15"/>
  </code>
  <code code="I3640010">
    <editdetail attribution="Reuters BIP Coding Group" action="confirmed" date="1996-12-15"/>
  </code>
</codes>
<codes class="bip:topics:1.0">
  <code code="C15">
    <editdetail attribution="Reuters BIP Coding Group" action="confirmed" date="1996-12-15"/>
  </code>
  <code code="C152">
    <editdetail attribution="Reuters BIP Coding Group" action="confirmed" date="1996-12-15"/>
  </code>
  <code code="C18">
    <editdetail attribution="Reuters BIP Coding Group" action="confirmed" date="1996-12-15"/>
  </code>
  <code code="C181">
    <editdetail attribution="Reuters BIP Coding Group" action="confirmed" date="1996-12-15"/>
  </code>
  <code code="CCAT">
    <editdetail attribution="Reuters BIP Coding Group" action="confirmed" date="1996-12-15"/>
  </code>
</codes>
<dc element="dc.date.created" value="1996-12-15"/>
<dc element="dc.publisher" value="Reuters Holdings Plc"/>
<dc element="dc.date.published" value="1996-12-15"/>
<dc element="dc.source" value="Reuters"/>
<dc element="dc.creator.location" value="WASHINGTON"/>
<dc element="dc.creator.location.country.name" value="USA"/>
<dc element="dc.source" value="Reuters"/>
</metadata>
</newsitem>
