<?xml version="1.0" encoding="iso-8859-1" ?>
<newsitem itemid="432408" id="root" date="1997-03-11" xml:lang="en">
<title>USA: American Communications names CFO.</title>
<headline>American Communications names CFO.</headline>
<dateline>ANNAPOLIS JUNCTION, Md. 1997-03-11</dateline>
<text>
<p>American Communications Services Inc said Tuesday it named David Piazza to be its chief financial officer.</p>
<p>Harry D'Andrea, the former American Communications CFO, stepped down in January to pursue other interests, a spokesman for the company said.</p>
<p>Piazza, a senior executive with MFS Communications Co Inc, a unit of WorldCom Inc, joins ACSI with 13 years of experience in the telecommunications industry, American Communications said.</p>
<p>Most recently, the company said, he was senior vice president and CFO at MFS Telecom Inc, a subsidiary of MFS Communications.</p>
<p>ACSI builds its own local fiber optic networks and offers special access, switched voice and data network solutions to business and government customers in mid-sized markets principally throughout the southern half of the U.S. ACSI today has 24 local networks operating and 12 under construction.</p>
</text>
<copyright>(c) Reuters Limited 1997</copyright>
<metadata>
<codes class="bip:countries:1.0">
  <code code="USA">
    <editdetail attribution="Reuters BIP Coding Group" action="confirmed" date="1997-03-11"/>
  </code>
</codes>
<codes class="bip:industries:1.0">
  <code code="I79020">
    <editdetail attribution="Reuters BIP Coding Group" action="confirmed" date="1997-03-11"/>
  </code>
</codes>
<codes class="bip:topics:1.0">
  <code code="C41">
    <editdetail attribution="Reuters BIP Coding Group" action="confirmed" date="1997-03-11"/>
  </code>
  <code code="C411">
    <editdetail attribution="Reuters BIP Coding Group" action="confirmed" date="1997-03-11"/>
  </code>
  <code code="CCAT">
    <editdetail attribution="Reuters BIP Coding Group" action="confirmed" date="1997-03-11"/>
  </code>
</codes>
<dc element="dc.date.created" value="1997-03-11"/>
<dc element="dc.publisher" value="Reuters Holdings Plc"/>
<dc element="dc.date.published" value="1997-03-11"/>
<dc element="dc.source" value="Reuters"/>
<dc element="dc.creator.location" value="ANNAPOLIS JUNCTION, Md."/>
<dc element="dc.creator.location.country.name" value="USA"/>
<dc element="dc.source" value="Reuters"/>
</metadata>
</newsitem>
