<?xml version="1.0" encoding="iso-8859-1" ?>
<newsitem itemid="511580" id="root" date="1997-04-15" xml:lang="en">
<title>CHINA: PRESS DIGEST - Chinese newspapers - April 15.</title>
<headline>PRESS DIGEST - Chinese newspapers - April 15.</headline>
<text>
<p>Following is a summary of major Chinese political and business stories in leading newspapers, prepared by Reuters in Beijing. Reuters has not checked the stories and does not guarantee their accuracy. Telephone: (8610) 6532-1921. Fax: (8610) 6532-4978.</p>
<p>- - - -</p>
<p>PEOPLE'S DAILY</p>
<p>- Newspaper hails new role model, Wang Qimin, the &quot;New Iron Man&quot;, a leading scientist at the Daqing Oilfield</p>
<p>- A delegation of the Communist Party of China leaves for goodwill visit to Vietnam and Laos on Monday</p>
<p>- Authorities punished eight publishing houses engaged in illegal activities.</p>
<p>- - - -</p>
<p>XINHUA DAILY TELEGRAPH</p>
<p>- Premier Li Peng tells visiting Prime Minister of Mauritius, Navin Ramgoolam, that China attaches great importance to relations with Mauritius.</p>
<p>- Chinese Defense Minister Chi Haotian and the visiting Russian counterpart Igor Rodionov agree to improve military ties</p>
<p>- Lu Ping, official in charge of Hong Kong and Macau affairs, says establishment of preliminary working committee is not necessary for return of Macau</p>
<p>- - - -</p>
<p>ECONOMIC DAILY</p>
<p>- Daqing oil administration makes pre-tax profits of 18.78 billion yuan in 1996</p>
<p>- Economic and Trade Commission sets target of 96.3 percent for 1997 sales to production ratio for industrial firms</p>
<p>- - - -</p>
<p>CHINA SECURITIES</p>
<p>- Zhang Haoruo, vice minister of state commission of economic restructuring, warns of potential financial risks in China</p>
<p>- Shanghai banks sell 4.525 billion yuan of record issue of 124 billion yuan of treasury bonds by April 11</p>
<p>- - - -</p>
<p>FINANCIAL NEWS</p>
<p>- State Development Bank and Bank of Communications hold meeting to promote closer ties</p>
<p>- China creates 9,200 share holding companies by restructuring state firms by end-1996</p>
<p>- - - -</p>
<p>ECONOMIC INFORMATION DAILY</p>
<p>- Ministry of Railways to crack down on additional charges</p>
<p>- Editorial discusses factors behind slow sales of China's record issue of 123 billion yuan of treasury bonds</p>
<p>- - - -</p>
<p>BEIJING ECONOMIC DAILY</p>
<p>- Beijing city gross domestic product growth at 7.5 percent in first quarter, down by three percentage points from year-ago period</p>
<p>- - - -</p>
<p>CHINA DAILY</p>
<p>- Exports rocket by more than 25 percent to hit $35.5 billion in first quarter of 1997 after a year of slackened performance</p>
</text>
<copyright>(c) Reuters Limited 1997</copyright>
<metadata>
<codes class="bip:countries:1.0">
  <code code="CHINA">
    <editdetail attribution="Reuters BIP Coding Group" action="confirmed" date="1997-04-15"/>
  </code>
</codes>
<codes class="bip:topics:1.0">
  <code code="GCAT">
    <editdetail attribution="Reuters BIP Coding Group" action="confirmed" date="1997-04-15"/>
  </code>
</codes>
<dc element="dc.publisher" value="Reuters Holdings Plc"/>
<dc element="dc.date.published" value="1997-04-15"/>
<dc element="dc.source" value="Reuters"/>
<dc element="dc.creator.location.country.name" value="CHINA"/>
<dc element="dc.source" value="Reuters"/>
</metadata>
</newsitem>
