<?xml version="1.0" encoding="iso-8859-1" ?>
<newsitem itemid="293192" id="root" date="1997-01-08" xml:lang="en">
<title>CZECH REPUBLIC: Czech RPIX closes up led again by CEZ, Komercni.</title>
<headline>Czech RPIX closes up led again by CEZ, Komercni.</headline>
<text>
<p>1300 GMT - The Czech RPIX closes higher in moderate-to-</p>
<p>heavy trading on Wednesday.</p>
<p>*  .RPIX up 9.6 points, 0.84 percent, to 1,146.6</p>
<p>* Turnover, 40 million crowns</p>
<p>* Komercni Banka rises 56 crowns to 2,356</p>
<p>* CEZ rises 13 crowns to 1,024. CEZ most heavily traded share on turnover of 23.3 million crowns</p>
<p>* SPIF Cesky untraded during continuous session</p>
<p>-- Prague Newsroom, 42-2-2423-0003</p>
</text>
<copyright>(c) Reuters Limited 1997</copyright>
<metadata>
<codes class="bip:countries:1.0">
  <code code="CZREP">
    <editdetail attribution="Reuters BIP Coding Group" action="confirmed" date="1997-01-08"/>
  </code>
</codes>
<codes class="bip:topics:1.0">
  <code code="M11">
    <editdetail attribution="Reuters BIP Coding Group" action="confirmed" date="1997-01-08"/>
  </code>
  <code code="MCAT">
    <editdetail attribution="Reuters BIP Coding Group" action="confirmed" date="1997-01-08"/>
  </code>
</codes>
<dc element="dc.publisher" value="Reuters Holdings Plc"/>
<dc element="dc.date.published" value="1997-01-08"/>
<dc element="dc.source" value="Reuters"/>
<dc element="dc.creator.location.country.name" value="CZECH REPUBLIC"/>
<dc element="dc.source" value="Reuters"/>
</metadata>
</newsitem>
