<?xml version="1.0" encoding="iso-8859-1" ?>
<newsitem itemid="128005" id="root" date="1996-10-18" xml:lang="en">
<title>SOUTH KOREA: Korea Zinc to sell 200,000 shares.</title>
<headline>Korea Zinc to sell 200,000 shares.</headline>
<dateline>SEOUL 1996-10-18</dateline>
<text>
<p>Korea Zinc Co Ltd, a zinc smelter, said on Friday it will sell 200,000 of its own common shares to raise working capital.</p>
<p>After the sell-off, the company will not hold any of its own shares.  </p>
<p>The share sale, representing 1.16 percent of the company's share capital, will take place between October 22 and January 21, a company statement said.</p>
<p>The statement said the shares would be sold on the open market at the previous day's closing price. Dongsuh Securities will handle the selloff.</p>
<p>Korea Zinc's shares closed Friday down 500 won at 18,900.</p>
<p>-- Seoul Newsroom (822) 727 5644</p>
</text>
<copyright>(c) Reuters Limited 1996</copyright>
<metadata>
<codes class="bip:countries:1.0">
  <code code="SKOREA">
    <editdetail attribution="Reuters BIP Coding Group" action="confirmed" date="1996-10-18"/>
  </code>
</codes>
<codes class="bip:industries:1.0">
  <code code="I22471">
    <editdetail attribution="Reuters BIP Coding Group" action="confirmed" date="1996-10-18"/>
  </code>
</codes>
<codes class="bip:topics:1.0">
  <code code="C17">
    <editdetail attribution="Reuters BIP Coding Group" action="confirmed" date="1996-10-18"/>
  </code>
  <code code="C171">
    <editdetail attribution="Reuters BIP Coding Group" action="confirmed" date="1996-10-18"/>
  </code>
  <code code="CCAT">
    <editdetail attribution="Reuters BIP Coding Group" action="confirmed" date="1996-10-18"/>
  </code>
</codes>
<dc element="dc.date.created" value="1996-10-18"/>
<dc element="dc.publisher" value="Reuters Holdings Plc"/>
<dc element="dc.date.published" value="1996-10-18"/>
<dc element="dc.source" value="Reuters"/>
<dc element="dc.creator.location" value="SEOUL"/>
<dc element="dc.creator.location.country.name" value="SOUTH KOREA"/>
<dc element="dc.source" value="Reuters"/>
</metadata>
</newsitem>
