<?xml version="1.0" encoding="iso-8859-1" ?>
<newsitem itemid="102865" id="root" date="1996-10-08" xml:lang="en">
<title>USA: Dun &amp; Bradstreet files SEC forms for units.</title>
<headline>Dun &amp; Bradstreet files SEC forms for units.</headline>
<dateline>NEW YORK 1996-10-08</dateline>
<text>
<p>Dun &amp; Bradstreet Corp said it had filed Form 10 registration statements for Cognizant Corp and ACNielsen Corp with the Securities and Exchange Commission as part of its plans to split itself up into three independent companies.</p>
<p>&quot;Our plan is on target for an early November spin-off of Cognizant Corporation and ACNielsen as separate, publicly traded companies,&quot; it said.</p>
<p>The Form 10 filings disclose historical financial results and forecasted capital structures for Cognizant Corp and ACNielsen.  </p>
<p>The results it filed with the commission were dated up to the first half of 1996.</p>
<p>Dun &amp; Bradstreet said it planned to file with the commission its Form 8-K within two weeks of the dividend declaration. The form contains summary financial information about the new Dun &amp; Bradstreet Corp to come out of the split up.</p>
<p>It said it expected to declare a special dividend soon to its shareholders of one share of Cognizant common stock for each share of Dun &amp; Bradstreet common stock, and one share of ACNielsen common stock for each three shares of Dun &amp; Bradstreet common stock.</p>
<p>Once the spin-off is completed, shares of the three independent companies will trade on the New York Stock Exchange, it said.</p>
<p>It announced plans to split up earlier this year.</p>
<p>Cognizant Corp would focus on growth markets in the health care, high-tech and media industries, while ACNielsen Corp would deliver marketing research, information and analysis to the consumer products and service industries.</p>
<p>The new Dun &amp; Bradstreet Corp would consist of Dun &amp; Bradstreet Information Services, providing commercial credit and business marketing information and receivables management services.</p>
</text>
<copyright>(c) Reuters Limited 1996</copyright>
<metadata>
<codes class="bip:countries:1.0">
  <code code="USA">
    <editdetail attribution="Reuters BIP Coding Group" action="confirmed" date="1996-10-08"/>
  </code>
</codes>
<codes class="bip:industries:1.0">
  <code code="I47500">
    <editdetail attribution="Reuters BIP Coding Group" action="confirmed" date="1996-10-08"/>
  </code>
</codes>
<codes class="bip:topics:1.0">
  <code code="C13">
    <editdetail attribution="Reuters BIP Coding Group" action="confirmed" date="1996-10-08"/>
  </code>
  <code code="C18">
    <editdetail attribution="Reuters BIP Coding Group" action="confirmed" date="1996-10-08"/>
  </code>
  <code code="C181">
    <editdetail attribution="Reuters BIP Coding Group" action="confirmed" date="1996-10-08"/>
  </code>
  <code code="CCAT">
    <editdetail attribution="Reuters BIP Coding Group" action="confirmed" date="1996-10-08"/>
  </code>
</codes>
<dc element="dc.date.created" value="1996-10-08"/>
<dc element="dc.publisher" value="Reuters Holdings Plc"/>
<dc element="dc.date.published" value="1996-10-08"/>
<dc element="dc.source" value="Reuters"/>
<dc element="dc.creator.location" value="NEW YORK"/>
<dc element="dc.creator.location.country.name" value="USA"/>
<dc element="dc.source" value="Reuters"/>
</metadata>
</newsitem>
