<?xml version="1.0" encoding="iso-8859-1" ?>
<newsitem itemid="461403" id="root" date="1997-03-22" xml:lang="en">
<title>SOUTH AFRICA: SOCCER-AFRICAN CLUB COMPETITION RESULTS.</title>
<headline>SOCCER-AFRICAN CLUB COMPETITION RESULTS.</headline>
<dateline>JOHANNESBURG 1997-03-22</dateline>
<text>
<p>Results of first round second leg matches in African club soccer competitions on Saturday:</p>
<p>Confederation of African Football (CAF) Cup</p>
<p>In Nairobi: AFC Leopards (Kenya) 3 Simba SC (Tanzania) 3-0 (halftime 2-0)</p>
<p>Scorers: David Odhiambo 20, 88, John Lichuku 22 pen</p>
<p>Attendance: 10,000</p>
<p>AFC Leopards win 4-1 on aggregate  </p>
<p>Confederation of African Football (CAF) Cup</p>
<p>In Kigali: Rwanda FC (Rwanda) 2 Kampala City Council</p>
<p>(Uganda) 1 (halftime 0-1)</p>
<p>Scorers: Rwanda FC - Fred Ndaishimiye (58), James Rushegura</p>
<p>(80)</p>
<p>Kampala City Council - Geoffrey Mugisha (37)</p>
<p>Attendance: 15,000</p>
<p>Kampala City Council win 4-2 on aggregate</p>
<p>Cup Winners' Cup</p>
<p>In Lagos: Julius Berger (Nigeria) 3 UNB (Benin) 0 (3-0)</p>
<p>Scorers: Sanni Ibrahim (23, 29), Taiwo Oloyede (35)</p>
<p>Attendance: 5,000</p>
<p>Julius Berger win 6-0 on aggregate.</p>
<p>CAF Cup</p>
<p>In Dakar: Linguere de Saint Loois (Senegal) 0 Kawkab de Marrakech (Morocco) 1 (0-1)</p>
<p>Scorer: Yani 30</p>
<p>Attendance: 10,000</p>
<p>Kawkab win 2-0 on aggregate</p>
</text>
<copyright>(c) Reuters Limited 1997</copyright>
<metadata>
<codes class="bip:countries:1.0">
  <code code="KENYA">
    <editdetail attribution="Reuters BIP Coding Group" action="confirmed" date="1997-03-22"/>
  </code>
  <code code="SAFR">
    <editdetail attribution="Reuters BIP Coding Group" action="confirmed" date="1997-03-22"/>
  </code>
  <code code="TANZA">
    <editdetail attribution="Reuters BIP Coding Group" action="confirmed" date="1997-03-22"/>
  </code>
</codes>
<codes class="bip:topics:1.0">
  <code code="GCAT">
    <editdetail attribution="Reuters BIP Coding Group" action="confirmed" date="1997-03-22"/>
  </code>
  <code code="GSPO">
    <editdetail attribution="Reuters BIP Coding Group" action="confirmed" date="1997-03-22"/>
  </code>
</codes>
<dc element="dc.date.created" value="1997-03-22"/>
<dc element="dc.publisher" value="Reuters Holdings Plc"/>
<dc element="dc.date.published" value="1997-03-22"/>
<dc element="dc.source" value="Reuters"/>
<dc element="dc.creator.location" value="JOHANNESBURG"/>
<dc element="dc.creator.location.country.name" value="SOUTH AFRICA"/>
<dc element="dc.source" value="Reuters"/>
</metadata>
</newsitem>
