<?xml version="1.0" encoding="iso-8859-1" ?>
<newsitem itemid="434152" id="root" date="1997-03-11" xml:lang="en">
<title>GREECE: GREEK XIOSBANK KEEPS BUSINESS CREDIT RATE STEADY.</title>
<headline>GREEK XIOSBANK KEEPS BUSINESS CREDIT RATE STEADY.</headline>
<dateline>ATHENS 1997-03-11</dateline>
<text>
<p>Greek private Xiosbank kept its business credit loan rate unchanged at 18.50 percent for the week March 11 to March 16, it said in a statement.</p>
<p>Its XiosAlma deposit account which pays interest monthly will offer an annual yield of 11.02 percent for the week March 11 to March 16.</p>
<p>--Dimitris Kontogiannis, Athens Newsroom +301 3311812-4</p>
</text>
<copyright>(c) Reuters Limited 1997</copyright>
<metadata>
<codes class="bip:countries:1.0">
  <code code="GREECE">
    <editdetail attribution="Reuters BIP Coding Group" action="confirmed" date="1997-03-11"/>
  </code>
</codes>
<codes class="bip:industries:1.0">
  <code code="I81402">
    <editdetail attribution="Reuters BIP Coding Group" action="confirmed" date="1997-03-11"/>
  </code>
</codes>
<codes class="bip:topics:1.0">
  <code code="C31">
    <editdetail attribution="Reuters BIP Coding Group" action="confirmed" date="1997-03-11"/>
  </code>
  <code code="CCAT">
    <editdetail attribution="Reuters BIP Coding Group" action="confirmed" date="1997-03-11"/>
  </code>
</codes>
<dc element="dc.date.created" value="1997-03-11"/>
<dc element="dc.publisher" value="Reuters Holdings Plc"/>
<dc element="dc.date.published" value="1997-03-11"/>
<dc element="dc.source" value="Reuters"/>
<dc element="dc.creator.location" value="ATHENS"/>
<dc element="dc.creator.location.country.name" value="GREECE"/>
<dc element="dc.source" value="Reuters"/>
</metadata>
</newsitem>
