<?xml version="1.0" encoding="iso-8859-1" ?>
<newsitem itemid="30345" id="root" date="1996-09-03" xml:lang="en">
<title>USA: PRESALE-Addicks Utility District, Texas.</title>
<headline>PRESALE-Addicks Utility District, Texas.</headline>
<text>
<p>AMT: 4,195,000	DATE: 09/05/96	NYC Time: 1100	CUSIP: 006514</p>
<p>ISSUER: Addicks Utility District				    ST: TX</p>
<p>ISSUE: Wtrwks &amp; Swr Sys Combin ULT &amp; Rev, Ser 1996	   TAX STAT: Exempt-ULT</p>
<p>M/SP/F: NA/NA/NA							  BOOK ENTRY: N</p>
<p>ENHANCEMENTS: None							BANK QUAL: Y</p>
<p>DTD: 09/01/96							     SURE BID: N</p>
<p>DUE: 9/1/98-17						SR MGR:</p>
<p>1ST CPN: 03/01/97</p>
<p>CALL: 9/1/06 @ par					  NIC</p>
<p>DELIVERY: 10/8/96 approx				  ORDERS:</p>
<p>PAYING AGENT: Texas Commerce Bank N.A., Dallas</p>
<p>L.O.: Schwartz, Page &amp; Harding, Houston</p>
<p>F.A.: First Southwest Co., Houston</p>
<p>LAST SALE: None</p>
<p>Year		     Amount    Coupon     Yield     Price  Conc.</p>
<p>1998			5,000</p>
<p>1999		     10,000</p>
<p>2000		     10,000</p>
<p>2001			5,000</p>
<p>2002		    100,000</p>
<p>2003		    100,000</p>
<p>2004		    110,000</p>
<p>2005		    115,000</p>
<p>2006		    125,000</p>
<p>2007		    130,000</p>
<p>2008		    245,000</p>
<p>2009		    265,000</p>
<p>2010		    285,000</p>
<p>2011		    305,000</p>
<p>2012		    330,000</p>
<p>2013		    355,000</p>
<p>2014		    380,000</p>
<p>2015		    410,000</p>
<p>2016		    440,000</p>
<p>2017		    470,000</p>
<p>COMPETITIVE PRE-SALE CONTRIBUTED BY J.J. KENNY K-SHEETS:</p>
</text>
<copyright>(c) Reuters Limited 1996</copyright>
<metadata>
<codes class="bip:countries:1.0">
  <code code="USA">
    <editdetail attribution="Reuters BIP Coding Group" action="confirmed" date="1996-09-03"/>
  </code>
</codes>
<codes class="bip:topics:1.0">
  <code code="E21">
    <editdetail attribution="Reuters BIP Coding Group" action="confirmed" date="1996-09-03"/>
  </code>
  <code code="E212">
    <editdetail attribution="Reuters BIP Coding Group" action="confirmed" date="1996-09-03"/>
  </code>
  <code code="ECAT">
    <editdetail attribution="Reuters BIP Coding Group" action="confirmed" date="1996-09-03"/>
  </code>
</codes>
<dc element="dc.publisher" value="Reuters Holdings Plc"/>
<dc element="dc.date.published" value="1996-09-03"/>
<dc element="dc.source" value="Reuters"/>
<dc element="dc.creator.location.country.name" value="USA"/>
<dc element="dc.source" value="Reuters"/>
</metadata>
</newsitem>
