<?xml version="1.0" encoding="iso-8859-1" ?>
<newsitem itemid="451213" id="root" date="1997-03-18" xml:lang="en">
<title>FINLAND: Finnish Fazer sees cocoa down soon, long-term rise.</title>
<headline>Finnish Fazer sees cocoa down soon, long-term rise.</headline>
<dateline>HELSINKI 1997-03-18</dateline>
<text>
<p>Cocoa prices are likely to ease soon after a recent rally, but will return to their long-term rising trend of about five percent per year, Finnish confectionery group Oy Karl Fazer Ab said on Tuesday.</p>
<p>&quot;Cocoa prices have risen sharply in the last few days, but we believe they will come down again ... we believe that the long-term trend is for a rise of about five percent per year,&quot; Fazer Vice President Hans Olof Danielsson told Reuters after a news conference on the group's 1996 results.</p>
<p>&quot;This peak (of recent days) is due to speculation, and for that reason it will also level off,&quot; he said.</p>
<p>&quot;Demand has increased in Western Europe,&quot; Danielsson said. &quot;The (price) trend is rising, at a rate of about five percent a year.&quot;</p>
<p>Danielsson said family-owned Fazer was the Nordic region's second biggest buyer of cocoa after Sweden's Marabou, a unit of Norwegian Freija Marabou Suchard A/S, itself part of Philip Morris Cos Inc of the U.S.</p>
<p>Fazer purchases about 100 million markka worth of cocoa annually, but buys only for its own use and is not involved in speculative trading.</p>
<p>&quot;We have our (cocoa price) risk covered. These fluctuations will not affect our earnings for this year,&quot; Danielsson said.</p>
<p>On Monday, London cocoa prices ended higher across the board, rising close to last week's peak of 1,033 stg for the May benchmark, up from a low of 855 stg in mid-February.</p>
<p>New York cocoa prices also rallied sharply on Monday, rising to fresh seven-month highs on chart-driven speculative buying.</p>
<p>--John Acher, Helsinki Newsroom +358-9-680 50 235</p>
</text>
<copyright>(c) Reuters Limited 1997</copyright>
<metadata>
<codes class="bip:countries:1.0">
  <code code="FIN">
    <editdetail attribution="Reuters BIP Coding Group" action="confirmed" date="1997-03-18"/>
  </code>
</codes>
<codes class="bip:industries:1.0">
  <code code="I42100">
    <editdetail attribution="Reuters BIP Coding Group" action="confirmed" date="1997-03-18"/>
  </code>
</codes>
<codes class="bip:topics:1.0">
  <code code="C15">
    <editdetail attribution="Reuters BIP Coding Group" action="confirmed" date="1997-03-18"/>
  </code>
  <code code="C152">
    <editdetail attribution="Reuters BIP Coding Group" action="confirmed" date="1997-03-18"/>
  </code>
  <code code="C31">
    <editdetail attribution="Reuters BIP Coding Group" action="confirmed" date="1997-03-18"/>
  </code>
  <code code="CCAT">
    <editdetail attribution="Reuters BIP Coding Group" action="confirmed" date="1997-03-18"/>
  </code>
  <code code="M14">
    <editdetail attribution="Reuters BIP Coding Group" action="confirmed" date="1997-03-18"/>
  </code>
  <code code="M141">
    <editdetail attribution="Reuters BIP Coding Group" action="confirmed" date="1997-03-18"/>
  </code>
  <code code="MCAT">
    <editdetail attribution="Reuters BIP Coding Group" action="confirmed" date="1997-03-18"/>
  </code>
</codes>
<dc element="dc.date.created" value="1997-03-18"/>
<dc element="dc.publisher" value="Reuters Holdings Plc"/>
<dc element="dc.date.published" value="1997-03-18"/>
<dc element="dc.source" value="Reuters"/>
<dc element="dc.creator.location" value="HELSINKI"/>
<dc element="dc.creator.location.country.name" value="FINLAND"/>
<dc element="dc.source" value="Reuters"/>
</metadata>
</newsitem>
