<?xml version="1.0" encoding="iso-8859-1" ?>
<newsitem itemid="527158" id="root" date="1997-04-22" xml:lang="en">
<title>USA: Gilbert completes purchase of TEC Cellular.</title>
<headline>Gilbert completes purchase of TEC Cellular.</headline>
<dateline>READING, Pa. 1997-04-22</dateline>
<text>
<p>Gilbert Associates said Tuesday the effects of its recent acquisition of TEC Cellular Inc on earnings per share will be neutral to slightly accretive in 1997 and accretive by $0.10 to $0.15 in 1998.</p>
<p>The $14 million transaction will be accounted for as a purchase, Gilbert said. TEC, which makes software and provides engineering services for the wireless communications industry, will become a division of Gilbert's SAFCO Technologies unit.  </p>
<p>As a result of the TEC purchase, Gilbert expects to incur a net after tax non-cash charge of $5.5 to $7.5 million in the second quarter of fiscal year 1997 for the write down of in-process research and development.</p>
<p>Gilbert also said it agreed to purchase all of the outstanding stock of DAC Ltd from Ropner Plc, a unit of Jacobs Holdings Plc.</p>
<p>Gilbert will purchase DAC Ltd, which is based in Burton VUpon Trent, England, from Ropner Plc for about three million pounds. The transaction is expected to be neutral to Gilbert's earnings per share in 1997 and slightly accretive in 1998.</p>
<p>DAC Ltd's primary products include specialized industrial telephones for use in harsh environments such as roadsides, railroads and oil and gas exploration and processing.</p>
<p>The company also makes and markets systems used for operational and safety communications in the mining industry.</p>
</text>
<copyright>(c) Reuters Limited 1997</copyright>
<metadata>
<codes class="bip:countries:1.0">
  <code code="UK">
    <editdetail attribution="Reuters BIP Coding Group" action="confirmed" date="1997-04-22"/>
  </code>
  <code code="USA">
    <editdetail attribution="Reuters BIP Coding Group" action="confirmed" date="1997-04-22"/>
  </code>
</codes>
<codes class="bip:industries:1.0">
  <code code="I32000">
    <editdetail attribution="Reuters BIP Coding Group" action="confirmed" date="1997-04-22"/>
  </code>
  <code code="I74000">
    <editdetail attribution="Reuters BIP Coding Group" action="confirmed" date="1997-04-22"/>
  </code>
</codes>
<codes class="bip:topics:1.0">
  <code code="C15">
    <editdetail attribution="Reuters BIP Coding Group" action="confirmed" date="1997-04-22"/>
  </code>
  <code code="C152">
    <editdetail attribution="Reuters BIP Coding Group" action="confirmed" date="1997-04-22"/>
  </code>
  <code code="C18">
    <editdetail attribution="Reuters BIP Coding Group" action="confirmed" date="1997-04-22"/>
  </code>
  <code code="C181">
    <editdetail attribution="Reuters BIP Coding Group" action="confirmed" date="1997-04-22"/>
  </code>
  <code code="CCAT">
    <editdetail attribution="Reuters BIP Coding Group" action="confirmed" date="1997-04-22"/>
  </code>
</codes>
<dc element="dc.date.created" value="1997-04-22"/>
<dc element="dc.publisher" value="Reuters Holdings Plc"/>
<dc element="dc.date.published" value="1997-04-22"/>
<dc element="dc.source" value="Reuters"/>
<dc element="dc.creator.location" value="READING, Pa."/>
<dc element="dc.creator.location.country.name" value="USA"/>
<dc element="dc.source" value="Reuters"/>
</metadata>
</newsitem>
