<?xml version="1.0" encoding="iso-8859-1" ?>
<newsitem itemid="335408" id="root" date="1997-01-27" xml:lang="en">
<title>USA: BancFirst Ohio Corp Q4 net rises.</title>
<headline>BancFirst Ohio Corp Q4 net rises.</headline>
<dateline>ZANESVILLE, Ohio 1997-01-27</dateline>
<text>
<p>(amounts in thousands, except per share data)</p>
<p>					 Quarter Ended   Year Ended</p>
<p>					  December 31,  December 31,</p>
<p>				    1996     1995     1996	1995</p>
<p>   Net Interest Income	8,685   4,800    24,547    17,706</p>
<p>   Provision for Loan Losses  331     359     1,257	 967</p>
<p>   Gain on Sales of Loans     345     176     1,839     1,310</p>
<p>   Investment Securities Gains  4	56	  43	 136</p>
<p>   Net Income		   2,506   1,638     5,959     6,212</p>
<p>   Shr			     0.63    0.55	1.77	2.09</p>
<p>   Avg shrs		     3,979   2,975     3,364     2,974</p>
<p>   Total assets at predio end  --	--  1,056,920  476,429</p>
</text>
<copyright>(c) Reuters Limited 1997</copyright>
<metadata>
<codes class="bip:countries:1.0">
  <code code="USA">
    <editdetail attribution="Reuters BIP Coding Group" action="confirmed" date="1997-01-27"/>
  </code>
</codes>
<codes class="bip:industries:1.0">
  <code code="I81402">
    <editdetail attribution="Reuters BIP Coding Group" action="confirmed" date="1997-01-27"/>
  </code>
</codes>
<codes class="bip:topics:1.0">
  <code code="C15">
    <editdetail attribution="Reuters BIP Coding Group" action="confirmed" date="1997-01-27"/>
  </code>
  <code code="C151">
    <editdetail attribution="Reuters BIP Coding Group" action="confirmed" date="1997-01-27"/>
  </code>
  <code code="C1511">
    <editdetail attribution="Reuters BIP Coding Group" action="confirmed" date="1997-01-27"/>
  </code>
  <code code="CCAT">
    <editdetail attribution="Reuters BIP Coding Group" action="confirmed" date="1997-01-27"/>
  </code>
</codes>
<dc element="dc.date.created" value="1997-01-27"/>
<dc element="dc.publisher" value="Reuters Holdings Plc"/>
<dc element="dc.date.published" value="1997-01-27"/>
<dc element="dc.source" value="Reuters"/>
<dc element="dc.creator.location" value="ZANESVILLE, Ohio"/>
<dc element="dc.creator.location.country.name" value="USA"/>
<dc element="dc.source" value="Reuters"/>
</metadata>
</newsitem>
