<?xml version="1.0" encoding="iso-8859-1" ?>
<newsitem itemid="174793" id="root" date="1996-11-07" xml:lang="en">
<title>SOUTH KOREA: POSCO in $120 mln Indonesia venture.</title>
<headline>POSCO in $120 mln Indonesia venture.</headline>
<dateline>SEOUL 1996-11-07</dateline>
<text>
<p>South Korea's Pohang Iron and Steel Co (POSCO) said on Thursday the company and Jakarta-based PT Metro had agreed in principle to build a $120 million cold-rolled stainless steel plant in Indonesia.  </p>
<p>POSCO said in a statement it would have a 70 percent stake in the venture and PT Metro the remainder.</p>
<p>It said the feasibility study was expected to be completed by early 1997 and a contract to be officially signed in late February 1997.</p>
<p>The plant will have an annual production capacity of 75,000 tonnes and the construction was expected to start in the second half of 1997, it said.</p>
<p>At present Indonesia has no production capacity for cold-rolled stainless steel and relies entirely on imports.</p>
<p>The nation imported 52,000 tonnes of cold-rolled stainless steel in 1995 and demand is expected to grow by 10 percent annually in the next couple of years, the statement said.</p>
<p>--Seoul Newsroom (822) 727 5643</p>
</text>
<copyright>(c) Reuters Limited 1996</copyright>
<metadata>
<codes class="bip:countries:1.0">
  <code code="INDON">
    <editdetail attribution="Reuters BIP Coding Group" action="confirmed" date="1996-11-07"/>
  </code>
  <code code="SKOREA">
    <editdetail attribution="Reuters BIP Coding Group" action="confirmed" date="1996-11-07"/>
  </code>
</codes>
<codes class="bip:industries:1.0">
  <code code="I22100">
    <editdetail attribution="Reuters BIP Coding Group" action="confirmed" date="1996-11-07"/>
  </code>
</codes>
<codes class="bip:topics:1.0">
  <code code="C11">
    <editdetail attribution="Reuters BIP Coding Group" action="confirmed" date="1996-11-07"/>
  </code>
  <code code="C24">
    <editdetail attribution="Reuters BIP Coding Group" action="confirmed" date="1996-11-07"/>
  </code>
  <code code="CCAT">
    <editdetail attribution="Reuters BIP Coding Group" action="confirmed" date="1996-11-07"/>
  </code>
</codes>
<dc element="dc.date.created" value="1996-11-07"/>
<dc element="dc.publisher" value="Reuters Holdings Plc"/>
<dc element="dc.date.published" value="1996-11-07"/>
<dc element="dc.source" value="Reuters"/>
<dc element="dc.creator.location" value="SEOUL"/>
<dc element="dc.creator.location.country.name" value="SOUTH KOREA"/>
<dc element="dc.source" value="Reuters"/>
</metadata>
</newsitem>
