<?xml version="1.0" encoding="iso-8859-1" ?>
<newsitem itemid="66199" id="root" date="1996-09-20" xml:lang="en">
<title>USA: RESEARCH ALERT - Cox Communications started.</title>
<headline>RESEARCH ALERT - Cox Communications started.</headline>
<text>
<p>-- Prudential Securities said that it initiated coverage of Cox Communications Inc with a hold rating.</p>
<p>-- Further details were not immediately available.</p>
<p>-- Shares were unchanged at 19-1/2.</p>
</text>
<copyright>(c) Reuters Limited 1996</copyright>
<metadata>
<codes class="bip:countries:1.0">
  <code code="USA">
    <editdetail attribution="Reuters BIP Coding Group" action="confirmed" date="1996-09-20"/>
  </code>
</codes>
<codes class="bip:topics:1.0">
  <code code="C15">
    <editdetail attribution="Reuters BIP Coding Group" action="confirmed" date="1996-09-20"/>
  </code>
  <code code="C152">
    <editdetail attribution="Reuters BIP Coding Group" action="confirmed" date="1996-09-20"/>
  </code>
  <code code="CCAT">
    <editdetail attribution="Reuters BIP Coding Group" action="confirmed" date="1996-09-20"/>
  </code>
</codes>
<dc element="dc.publisher" value="Reuters Holdings Plc"/>
<dc element="dc.date.published" value="1996-09-20"/>
<dc element="dc.source" value="Reuters"/>
<dc element="dc.creator.location.country.name" value="USA"/>
<dc element="dc.source" value="Reuters"/>
</metadata>
</newsitem>
