<?xml version="1.0" encoding="iso-8859-1" ?>
<newsitem itemid="321927" id="root" date="1997-01-21" xml:lang="en">
<title>ITALY: Italy cuts discount rate to 6.75 pct from 7.50 pct.</title>
<headline>Italy cuts discount rate to 6.75 pct from 7.50 pct.</headline>
<dateline>ROME 1997-01-21</dateline>
<text>
<p>The Bank of Italy said on Tuesday it would cut the official discount rate to 6.75 percent from 7.50 percent.</p>
<p>The cut will take effect on Wednesday, a Bank of Italy statement said. The last change to the discount rate was on Oct 23, when it was reduced by 75 basis points.  </p>
<p>The Bank's fixed term advances, or Lombard rate, was simultaneously cut to 8.25 percent from a previous 9.00 percent.</p>
<p>A bank statement said that inflation had remained on moderated levels over the past few months, in line with objectives set for the current year.</p>
<p>Preliminary data from Italian cities released earlier on Tuesday showed that inflation for January was expected to remain steady at 2.6 percent, according to analysts.</p>
</text>
<copyright>(c) Reuters Limited 1997</copyright>
<metadata>
<codes class="bip:countries:1.0">
  <code code="ITALY">
    <editdetail attribution="Reuters BIP Coding Group" action="confirmed" date="1997-01-21"/>
  </code>
</codes>
<codes class="bip:topics:1.0">
  <code code="M13">
    <editdetail attribution="Reuters BIP Coding Group" action="confirmed" date="1997-01-21"/>
  </code>
  <code code="M131">
    <editdetail attribution="Reuters BIP Coding Group" action="confirmed" date="1997-01-21"/>
  </code>
  <code code="MCAT">
    <editdetail attribution="Reuters BIP Coding Group" action="confirmed" date="1997-01-21"/>
  </code>
</codes>
<dc element="dc.date.created" value="1997-01-21"/>
<dc element="dc.publisher" value="Reuters Holdings Plc"/>
<dc element="dc.date.published" value="1997-01-21"/>
<dc element="dc.source" value="Reuters"/>
<dc element="dc.creator.location" value="ROME"/>
<dc element="dc.creator.location.country.name" value="ITALY"/>
<dc element="dc.source" value="Reuters"/>
</metadata>
</newsitem>
