<?xml version="1.0" encoding="iso-8859-1" ?>
<newsitem itemid="311096" id="root" date="1997-01-16" xml:lang="en">
<title>AUSTRALIA: TENNIS-AUSTRALIAN OPEN RESULTS.</title>
<headline>TENNIS-AUSTRALIAN OPEN RESULTS.</headline>
<dateline>MELBOURNE 1997-01-16</dateline>
<text>
<p>Results on the fourth day of the US$7.6 million Australian Open tennis tournament on Thursday (prefix denotes seeding):</p>
<p>Men's singles, second round:</p>
<p>Dominik Hrbaty (Slovakia) beat Nicklas Kulti (Sweden) 6-2 6-1 6-2</p>
<p>Mark Woodforde (Australia) beat Hernan Gumy (Argentina) 6-0 6-1 7-5</p>
<p>Neville Godwin (South Africa) beat Gustavo Kuerten (Brazil) 6-7 (5-7) 6-0 6-1 6-0</p>
<p>1-Pete Sampras (U.S.) beat Adrian Voinea (Romania) 3-6 6-2 6-3 6-2</p>
<p>Scott Draper (Australia) beat Filip Dewulf (Belgium) 7-6 (7-5) 7-5 6-0</p>
<p>Chris Woodruff (U.S.) beat Jiri Novak (Czech Republic) 6-2 7-6 (8-6) 6-2</p>
<p>16-Alberto Berasategui (Spain) beat Tomas Carbonell (Spain) 6-3 7-5 6-4</p>
<p>11-Jim Courier (U.S.) beat Slava Dosedel (Czech Republic) 4-6 6-2 3-6 6-4 6-4</p>
<p>8-Wayne Ferreira (South Africa) beat Javier Frana (Argentina) 6-3 3-6 6-2 6-1</p>
<p>Jonas Bjorkman (Sweden) beat Marc Goellner (Germany) 6-4 3-6 6-4 6-1 (played on Wednesday)</p>
<p>Womens singles, second round:</p>
<p>2-Arantxa Sanchez Vicario (Spain) beat Stephanie de Ville (Belgium) 1-0 (retired)</p>
<p>Patty Schnyder (Switzerland) beat Mana Endo (Japan) 6-0 6-4</p>
<p>5-Anke Huber (Germany) beat Francesca Lubiani (Italy) 4-6 6-2 6-0</p>
<p>Shi-Ting Wang (Taiwan) beat Jolene Watanabe (U.S.) 7-5 6-3</p>
<p>4-Martina Hingis (Switzerland) beat Lisa Raymond (U.S.) 6-4 6-2</p>
<p>Barbara Schett (Australia) beat Alexandra Fusai (France) 2-6 7-5 7-5</p>
<p>Sandra Kleinova (Czech Republic) beat Anne-Gaelle Sidot (France) 6-4 4-6 8-6</p>
<p>Silvia Farina (Italy) beat Paola Suarez (Argentina) 6-4 6-1</p>
<p>9-Karina Habsudova (Slovakia) beat Nicole Bradtke (Australia) 6-3 6-3</p>
<p>Henrieta Nagyova (Slovakia) beat Florencia Labat (Argentina) 6-3 6-2</p>
<p>Ruxandra Dragomir (Romania) beat Virginia Ruano-Pascual (Spain) 7-6 (7-3) 6-1</p>
<p>12-Amanda Coetzer (South Africa) beat Jana Kandarr (Germany) 6-2 7-6 (7-4) (played Wednesday)</p>
<p>Add men's singles, second round:</p>
<p>5-Thomas Muster (Austria) beat Grant Stafford (South Africa) 6-3 6-2 6-2</p>
<p>Christian Ruud (Norway) beat Leander Paes (India) 6-2 6-2 6-2</p>
<p>Add women's singles, second round:</p>
<p>Dominique van Roost (Belgium) beat Yuka Yoshida (Japan) 4-6 7-5 6-3</p>
<p>14-Mary Joe Fernandez (U.S.) beat Yayuk Basuki (Indonesia) 7-5 6-4</p>
<p>8-Irina Spirlea (Romania) beat Joannette Kruger (South Africa) 6-1 6-1</p>
<p>Magdalena Grzybowska (Poland) beat Meilen Tu (U.S.) 6-4 6-7 (3-7) 6-1</p>
<p>Add men's singles, second round </p>
<p>10-Albert Costa (Spain) beat Jan Kroslak (Slovakia) 6-1 7-6 (7-2) 7-6 (7-0)</p>
<p>Jeff Tarango (U.S.) beat Marc Rosset (Switzerland) 6-4 6-1 6-1</p>
<p>Jens Knippschild (Germany) beat Jean-Philippe Fleurian (France) 6-2 7-6 (7-5) 7-5</p>
<p>Women's singles, second round</p>
<p>Kristina Brandi (U.S.) beat Noelle van Lottum (France) 6-0 1-6 6-4  </p>
<p>Add men's singles, second round:</p>
<p>Renzo Furlan (Italy) beat Peter Tramacchi (Australia) 7-6 (7-1) 6-7 (3-7) 6-2 7-6 (7-4)</p>
<p>Add women's singles, second round:</p>
<p>15-Chanda Rubin (U.S.) beat Sandrine Testud (France) 6-2 6-1</p>
</text>
<copyright>(c) Reuters Limited 1997</copyright>
<metadata>
<codes class="bip:countries:1.0">
  <code code="AUSTR">
    <editdetail attribution="Reuters BIP Coding Group" action="confirmed" date="1997-01-16"/>
  </code>
</codes>
<codes class="bip:topics:1.0">
  <code code="GCAT">
    <editdetail attribution="Reuters BIP Coding Group" action="confirmed" date="1997-01-16"/>
  </code>
  <code code="GSPO">
    <editdetail attribution="Reuters BIP Coding Group" action="confirmed" date="1997-01-16"/>
  </code>
</codes>
<dc element="dc.date.created" value="1997-01-16"/>
<dc element="dc.publisher" value="Reuters Holdings Plc"/>
<dc element="dc.date.published" value="1997-01-16"/>
<dc element="dc.source" value="Reuters"/>
<dc element="dc.creator.location" value="MELBOURNE"/>
<dc element="dc.creator.location.country.name" value="AUSTRALIA"/>
<dc element="dc.source" value="Reuters"/>
</metadata>
</newsitem>
