<?xml version="1.0" encoding="iso-8859-1" ?>
<newsitem itemid="137359" id="root" date="1996-10-23" xml:lang="en">
<title>BELGIUM: EU raises low quality wheat import duty.</title>
<headline>EU raises low quality wheat import duty.</headline>
<dateline>BRUSSELS 1996-10-23</dateline>
<text>
<p>The European Union raised its import duty on distant low quality wheat to 46.77 European currency units per tonne from 41.23 Ecu, the European Commission said on Wednesday.</p>
<p>There were no other changes.</p>
<p>		     EFFECTIVE FROM OCTOBER 24 IN ECUS PER TONNE</p>
<p>		     NEARBY ORIGIN (1)   DISTANT ORIGIN (2)  DATE OF</p>
<p>		     CURRENT    PREVIOUS CURRENT    PVS	CHANGE</p>
<p> DURUM WHEAT	 15.43     19.77	5.43     9.77    16OCT96</p>
<p> COM WHT HIGH QUAL 39.35     38.47     29.35    28.47    16OCT96</p>
<p> MEDIUM QUALITY    42.61     45.70     32.61    35.70    16OCT96</p>
<p> LOW QUALITY	 56.77     51.23     46.77    41.23    24OCT96</p>
<p> BARLEY		77.14     74.69     67.14    64.69    16OCT96</p>
<p> RYE		   77.14     74.69     67.14    64.69    16OCT96</p>
<p> SORGHUM	     77.14     74.69     67.14    64.69    16OCT96</p>
<p> MAIZE		 79.62     79.05     69.62    69.05    16OCT96</p>
<p> Exchange		 Kansas			    Mid	Mid</p>
<p>	  Minneapolis  City   Chicago   Chicago   America  America</p>
<p>Products percent protein and 12 percent humidity</p>
<p>	HRS2(14%) HRW2(11.5%)  SRW2     YC3	 HAD2  US barley2</p>
<p>(ECUS per tonne)</p>
<p> Quotes 122.61    127.86     124.16    91.31   162.00     100.28</p>
<p> Gulf     -	  15.71	 8.88    15.25	 -	     -</p>
<p>Great</p>
<p> Lakes   15.47	 -	    -	  -	   -	-</p>
<p>Gulf of Mexico-Rotterdam  8.93 Ecus per tonne  Great Lakes-Rotterdam    17.31 Ecus per tonne</p>
<p>(1) Nearby origin covers imports by land, river or sea from Mediterranean, Black Sea and Baltic ports. (2) Distant origin covers other ports. The import duty may be adjusted if during the two-week reference period the average import duty differs by five Ecus per tonne from the fixed duty. Importers may claim a two Ecus per tonne reduction for Atlantic and Suez canal shipments to British, Danish, Swedish, Finnish and to Spanish and Portuguese Atlantic ports. A three Ecus per tonne reduction can be claimed for imports into Med ports. Importers who show they have paid a quality premium can claim a 14 or eight Ecus reduction for shipments of high quality common wheat, malting barley and flint maize.</p>
</text>
<copyright>(c) Reuters Limited 1996</copyright>
<metadata>
<codes class="bip:countries:1.0">
  <code code="EEC">
    <editdetail attribution="Reuters BIP Coding Group" action="confirmed" date="1996-10-23"/>
  </code>
</codes>
<codes class="bip:industries:1.0">
  <code code="I01001">
    <editdetail attribution="Reuters BIP Coding Group" action="confirmed" date="1996-10-23"/>
  </code>
  <code code="I0100132">
    <editdetail attribution="Reuters BIP Coding Group" action="confirmed" date="1996-10-23"/>
  </code>
</codes>
<codes class="bip:topics:1.0">
  <code code="C31">
    <editdetail attribution="Reuters BIP Coding Group" action="confirmed" date="1996-10-23"/>
  </code>
  <code code="C311">
    <editdetail attribution="Reuters BIP Coding Group" action="confirmed" date="1996-10-23"/>
  </code>
  <code code="CCAT">
    <editdetail attribution="Reuters BIP Coding Group" action="confirmed" date="1996-10-23"/>
  </code>
  <code code="G15">
    <editdetail attribution="Reuters BIP Coding Group" action="confirmed" date="1996-10-23"/>
  </code>
  <code code="G153">
    <editdetail attribution="Reuters BIP Coding Group" action="confirmed" date="1996-10-23"/>
  </code>
  <code code="GCAT">
    <editdetail attribution="Reuters BIP Coding Group" action="confirmed" date="1996-10-23"/>
  </code>
  <code code="M14">
    <editdetail attribution="Reuters BIP Coding Group" action="confirmed" date="1996-10-23"/>
  </code>
  <code code="M141">
    <editdetail attribution="Reuters BIP Coding Group" action="confirmed" date="1996-10-23"/>
  </code>
  <code code="MCAT">
    <editdetail attribution="Reuters BIP Coding Group" action="confirmed" date="1996-10-23"/>
  </code>
</codes>
<dc element="dc.date.created" value="1996-10-23"/>
<dc element="dc.publisher" value="Reuters Holdings Plc"/>
<dc element="dc.date.published" value="1996-10-23"/>
<dc element="dc.source" value="Reuters"/>
<dc element="dc.creator.location" value="BRUSSELS"/>
<dc element="dc.creator.location.country.name" value="BELGIUM"/>
<dc element="dc.source" value="Reuters"/>
</metadata>
</newsitem>
