<?xml version="1.0" encoding="iso-8859-1" ?>
<newsitem itemid="440667" id="root" date="1997-03-13" xml:lang="en">
<title>USA: PRESALE - Simpson County, Miss..</title>
<headline>PRESALE - Simpson County, Miss..</headline>
<text>
<p>AMT: 2,250,000	DATE: 03/18/97	NYC Time: 1100	CUSIP: 829030</p>
<p>ISSUER: Simpson County						  ST: MS</p>
<p>ISSUE: GO Road &amp; Bridge, Series 1997				TAX STAT:Exempt-ULT</p>
<p>M/SP/F: NA/NA/NA							  BOOK ENTRY: N</p>
<p>ENHANCEMENTS: None							BANK QUAL: Y</p>
<p>DTD: 04/01/97							     SURE BID: N</p>
<p>DUE: 4/1/98-12						SR MGR:</p>
<p>1ST CPN: 04/01/98</p>
<p>CALL: 4/1/04 @ par					  NIC</p>
<p>DELIVERY: 60 days					   ORDERS:</p>
<p>PAYING AGENT: To be agreed upon</p>
<p>L.O.: Crosthwait Terney, Jackson</p>
<p>F.A.: None</p>
<p>LAST SALE: $2,250,000 6/28/94 @ 5.1249% NIC; 6yrs 0mos Avg; BBI-6.16%</p>
<p>Year		     Amount    Coupon     Yield     Price  Conc.</p>
<p>1998		    105,000</p>
<p>1999		    110,000</p>
<p>2000		    115,000</p>
<p>2001		    120,000</p>
<p>2002		    125,000</p>
<p>2003		    135,000</p>
<p>2004		    140,000</p>
<p>2005		    145,000</p>
<p>2006		    155,000</p>
<p>2007		    160,000</p>
<p>2008		    170,000</p>
<p>2009		    180,000</p>
<p>2010		    190,000</p>
<p>2011		    195,000</p>
<p>2012		    205,000</p>
<p>COMPETITIVE PRE-SALE CONTRIBUTED BY J.J. KENNY K-SHEETS:</p>
</text>
<copyright>(c) Reuters Limited 1997</copyright>
<metadata>
<codes class="bip:countries:1.0">
  <code code="USA">
    <editdetail attribution="Reuters BIP Coding Group" action="confirmed" date="1997-03-13"/>
  </code>
</codes>
<codes class="bip:topics:1.0">
  <code code="E21">
    <editdetail attribution="Reuters BIP Coding Group" action="confirmed" date="1997-03-13"/>
  </code>
  <code code="E212">
    <editdetail attribution="Reuters BIP Coding Group" action="confirmed" date="1997-03-13"/>
  </code>
  <code code="ECAT">
    <editdetail attribution="Reuters BIP Coding Group" action="confirmed" date="1997-03-13"/>
  </code>
</codes>
<dc element="dc.publisher" value="Reuters Holdings Plc"/>
<dc element="dc.date.published" value="1997-03-13"/>
<dc element="dc.source" value="Reuters"/>
<dc element="dc.creator.location.country.name" value="USA"/>
<dc element="dc.source" value="Reuters"/>
</metadata>
</newsitem>
