<?xml version="1.0" encoding="iso-8859-1" ?>
<newsitem itemid="154847" id="root" date="1996-10-30" xml:lang="en">
<title>AUSTRIA: Austrian Airlines set to raise air fares.</title>
<headline>Austrian Airlines set to raise air fares.</headline>
<dateline>VIENNA 1996-10-30</dateline>
<text>
<p>Austrian Airlines are likely to raise air fares later this week in response to higher jet fuel costs, following similar moves by other European airlines, Austrian newsagency APA reported on Wednesday.</p>
<p>&quot;I can't imagine that we would want to swallow the extra costs ourselves,&quot; chief executive Herbert Bammer was quoted as saying. He added a decision would be taken on Thursday.</p>
<p>Austrian Air competitor Lauda Air Luftfahrt AG last week said it would raise ticket prices for scheduled flights by four percent from November 1.</p>
<p>KLM Royal Dutch Airlines and British Airlines also have announced that thwould hike air fares after kerosene prices have risen by as much as 50 percent over the past year.</p>
<p>-- Vienna newsroom +431 53112 274</p>
</text>
<copyright>(c) Reuters Limited 1996</copyright>
<metadata>
<codes class="bip:countries:1.0">
  <code code="AUST">
    <editdetail attribution="Reuters BIP Coding Group" action="confirmed" date="1996-10-30"/>
  </code>
</codes>
<codes class="bip:industries:1.0">
  <code code="I75000">
    <editdetail attribution="Reuters BIP Coding Group" action="confirmed" date="1996-10-30"/>
  </code>
</codes>
<codes class="bip:topics:1.0">
  <code code="C31">
    <editdetail attribution="Reuters BIP Coding Group" action="confirmed" date="1996-10-30"/>
  </code>
  <code code="CCAT">
    <editdetail attribution="Reuters BIP Coding Group" action="confirmed" date="1996-10-30"/>
  </code>
</codes>
<dc element="dc.date.created" value="1996-10-30"/>
<dc element="dc.publisher" value="Reuters Holdings Plc"/>
<dc element="dc.date.published" value="1996-10-30"/>
<dc element="dc.source" value="Reuters"/>
<dc element="dc.creator.location" value="VIENNA"/>
<dc element="dc.creator.location.country.name" value="AUSTRIA"/>
<dc element="dc.source" value="Reuters"/>
</metadata>
</newsitem>
