<?xml version="1.0" encoding="iso-8859-1" ?>
<newsitem itemid="753883" id="root" date="1997-07-24" xml:lang="en">
<title>USA: TABLE-Household International Inc Q2 net up.</title>
<headline>TABLE-Household International Inc Q2 net up.</headline>
<dateline>PROSPECT HEIGHTS, Ill. 1997-07-24</dateline>
<text>
<p>($ millions)</p>
<p>				     1997		  1996</p>
<p>Managed-basis net interest margin and</p>
<p>	other revenues(a)  $1,109.3	    $1,079.6</p>
<p>Managed-basis provision for credit</p>
<p>	losses (a)(b)	   477.7		 385.6</p>
<p>    Operating expenses	401.4		 496.1</p>
<p>    Income taxes		 79.9		  73.3</p>
<p>    Net Income		 $150.3		$124.6</p>
<p>Earnings per</p>
<p>	common share	    $1.48		 $1.22</p>
<p>Average common and</p>
<p>equivalent shares</p>
<p>	(millions)		 99.6		  98.4</p>
<p>SIX MONTHS</p>
<p>Managed-basis net interest</p>
<p>	and other revenues(A)	    $2,282.0  $2,037.3</p>
<p>Managed-basis provision for</p>
<p>	credit losses(A)(B)		 1,020.2     786.0</p>
<p>    Operating expenses			831.0     891.4</p>
<p>    Income taxes				149.0     124.8</p>
<p>    Net Income			     $  281.8  $  235.1</p>
<p>    Earnings per common share	  $   2.78  $   2.30</p>
<p>Average common and common</p>
<p>	equivalent shares (millions)	 99.2	98.5</p>
<p>(A) To aid analysis, net interest margin and other revenues and provision for credit losses are presented on a pro forma managed basis as if receivables securitized and sold with limited recourse were held in portfolio.  Policyholders' benefits have been netted against other revenues.</p>
<p>(B) Includes managed-basis net chargeoffs of $474.1 million in the second quarter of 1997, $430.2 million in the first quarter of 1997 and $285.7 million in the second quarter of 1996 and $904.3 and $574.3 million for the first six months of 1997 and 1996, respectively.</p>
</text>
<copyright>(c) Reuters Limited 1997</copyright>
<metadata>
<codes class="bip:countries:1.0">
  <code code="USA">
    <editdetail attribution="Reuters BIP Coding Group" action="confirmed" date="1997-07-24"/>
  </code>
</codes>
<codes class="bip:industries:1.0">
  <code code="I83100">
    <editdetail attribution="Reuters BIP Coding Group" action="confirmed" date="1997-07-24"/>
  </code>
</codes>
<codes class="bip:topics:1.0">
  <code code="C15">
    <editdetail attribution="Reuters BIP Coding Group" action="confirmed" date="1997-07-24"/>
  </code>
  <code code="C151">
    <editdetail attribution="Reuters BIP Coding Group" action="confirmed" date="1997-07-24"/>
  </code>
  <code code="CCAT">
    <editdetail attribution="Reuters BIP Coding Group" action="confirmed" date="1997-07-24"/>
  </code>
</codes>
<dc element="dc.date.created" value="1997-07-24"/>
<dc element="dc.publisher" value="Reuters Holdings Plc"/>
<dc element="dc.date.published" value="1997-07-24"/>
<dc element="dc.source" value="Reuters"/>
<dc element="dc.creator.location" value="PROSPECT HEIGHTS, Ill."/>
<dc element="dc.creator.location.country.name" value="USA"/>
<dc element="dc.source" value="Reuters"/>
</metadata>
</newsitem>
