<?xml version="1.0" encoding="iso-8859-1" ?>
<newsitem itemid="291786" id="root" date="1997-01-07" xml:lang="en">
<title>EGYPT: Egyptian Bourse closed for holiday.</title>
<headline>Egyptian Bourse closed for holiday.</headline>
<dateline>CAIRO 1997-01-07</dateline>
<text>
<p>The Egyptian stock market was closed on Tuesday for Christmas after a seven-day streak of record highs.</p>
<p>The Capital Market Authority (CMA) all-share index closed on Monday at 324.78 points, up 2.34 points against Sunday's close. Volume was 50.37 million pounds ($14.81 million).</p>
<p>The CMAindex for openly traded firms also rose to 511.01 from 507.79 points on Sunday and the index for rarely traded &quot;closed&quot; firms rose to 222.32 from 220.6.</p>
<p>$1 = 3.40 pounds</p>
<p>-- Cairo newsroom +20 2 578 3290/1</p>
</text>
<copyright>(c) Reuters Limited 1997</copyright>
<metadata>
<codes class="bip:countries:1.0">
  <code code="EGYPT">
    <editdetail attribution="Reuters BIP Coding Group" action="confirmed" date="1997-01-07"/>
  </code>
</codes>
<codes class="bip:topics:1.0">
  <code code="M11">
    <editdetail attribution="Reuters BIP Coding Group" action="confirmed" date="1997-01-07"/>
  </code>
  <code code="MCAT">
    <editdetail attribution="Reuters BIP Coding Group" action="confirmed" date="1997-01-07"/>
  </code>
</codes>
<dc element="dc.date.created" value="1997-01-07"/>
<dc element="dc.publisher" value="Reuters Holdings Plc"/>
<dc element="dc.date.published" value="1997-01-07"/>
<dc element="dc.source" value="Reuters"/>
<dc element="dc.creator.location" value="CAIRO"/>
<dc element="dc.creator.location.country.name" value="EGYPT"/>
<dc element="dc.source" value="Reuters"/>
</metadata>
</newsitem>
