<?xml version="1.0" encoding="iso-8859-1" ?>
<newsitem itemid="680342" id="root" date="1997-06-23" xml:lang="en">
<title>USA: Hartford Steam Boiler forms holding company.</title>
<headline>Hartford Steam Boiler forms holding company.</headline>
<dateline>HARTFORD, Conn. 1997-06-23</dateline>
<text>
<p>Hartford Steam Boiler Inspection and Insurance Co said Monday its shareholders approved a proposal to form a new holding company called HSB Group Inc.</p>
<p>Formation of the holding company will provide gerater operating and financial flexibility than is available under the current corporate structure, said Gordon Kreh, president and chief executive officer of Hartford Steam Boilder.</p>
<p>Shareholders of the equipment insurance breakdown provider will automatically become holders of HSB Group's common stock through a share exchange, it said. Certificates representing Hartford Steam Boilder common stock will now represent corresponding shares of HSB Group, it said.</p>
<p>The stock will continue to be traded on the New York Stock Exchange under the symbol HSB, it said.</p>
<p>The company said its board at a meeting today declared a regularly quarterly dividend of $0.57 a share, payable July 31 to shareholders of record July 10.</p>
</text>
<copyright>(c) Reuters Limited 1997</copyright>
<metadata>
<codes class="bip:countries:1.0">
  <code code="USA">
    <editdetail attribution="Reuters BIP Coding Group" action="confirmed" date="1997-06-23"/>
  </code>
</codes>
<codes class="bip:industries:1.0">
  <code code="I82003">
    <editdetail attribution="Reuters BIP Coding Group" action="confirmed" date="1997-06-23"/>
  </code>
</codes>
<codes class="bip:topics:1.0">
  <code code="C11">
    <editdetail attribution="Reuters BIP Coding Group" action="confirmed" date="1997-06-23"/>
  </code>
  <code code="CCAT">
    <editdetail attribution="Reuters BIP Coding Group" action="confirmed" date="1997-06-23"/>
  </code>
</codes>
<dc element="dc.date.created" value="1997-06-23"/>
<dc element="dc.publisher" value="Reuters Holdings Plc"/>
<dc element="dc.date.published" value="1997-06-23"/>
<dc element="dc.source" value="Reuters"/>
<dc element="dc.creator.location" value="HARTFORD, Conn."/>
<dc element="dc.creator.location.country.name" value="USA"/>
<dc element="dc.source" value="Reuters"/>
</metadata>
</newsitem>
