<?xml version="1.0" encoding="iso-8859-1" ?>
<newsitem itemid="103881" id="root" date="1996-10-08" xml:lang="en">
<title>INDONESIA: Indonesia shipping - Oct 8.</title>
<headline>Indonesia shipping - Oct 8.</headline>
<text>
<p>Vessels at Belawan Port, North Sumatra</p>
<p>Summary:</p>
<p>Vessels unloading : 22  Vessels loading : 19</p>
<p>---------------------------------------------------------------</p>
<p>Name	    Arrival	 Scheduled    P/Origin  Unloading</p>
<p>Grt	     Date/Time     departure    P/Dest    Loading</p>
<p>Agent</p>
<p>---------------------------------------------------------------</p>
<p>KM		06-10-96	08-10-96     S'pore    g.cargo</p>
<p>Brastagi-1    0700	    2300	   S'pore    200 tns</p>
<p>2,486							    g.cargo</p>
<p>PT Deli Madju						  1,100 tns</p>
<p>---------------------------------------------------------------</p>
<p>MV		07-10-96	09-10-96     China     fertiliser</p>
<p>Dong An	 1500	    2400	   S'pore    in bag</p>
<p>3,459							    3,500 tns</p>
<p>PT Admiral Line						    -</p>
<p>---------------------------------------------------------------</p>
<p>MV		06-10-96	09-10-96     Hamburg   kleserite</p>
<p>Dicle	   2200	    1800	   Pasir-    in bulk</p>
<p>8,570						Gudang    5,000 tns</p>
<p>PT Bumi Laut Shipping					    -</p>
<p>---------------------------------------------------------------</p>
<p>KM		05-10-96	11-10-96     T.Bayur   cement</p>
<p>Rimba Lima    1800	    1800	   T.Bayur   8,111 tns</p>
<p>5,237								  -</p>
<p>PT Rimba Segara Line</p>
<p>---------------------------------------------------------------</p>
<p>MT		07-10-96	08-10-96     T.Priok	 -</p>
<p>Vanea	   1600	    1800	   T.Priok   crude palm</p>
<p>750								oil</p>
<p>PT Mustika Segara Perkasa				  1,000 tns</p>
<p>---------------------------------------------------------------</p>
<p>MV		07-10-96	08-10-96     Lhoknga   cement</p>
<p>Cementia	0900	    0900	   Lhoknga   5,000 tns</p>
<p>3,739								  -</p>
<p>PT Burung Laut</p>
<p>---------------------------------------------------------------</p>
<p>KM		06-10-96	14-10-96     Surabaya  powder</p>
<p>Melati-	 1000	    2200	   Surabaya  500 tns</p>
<p>Pratama							  g.cargo</p>
<p>3,010							    3,500 tns</p>
<p>PT Nagah Berlian					     iron</p>
<p>								   500 tns</p>
<p>								   g.cargo</p>
<p>								   3,500 tns</p>
<p>---------------------------------------------------------------</p>
<p>KM		07-10-96	10-10-96     T.Priok   container</p>
<p>CJN III/30    1800	    1800	   T.Priok   135 teus</p>
<p>3,256							    g.cargo</p>
<p>PT Bahari Haluan Samudera				  1,129 tns</p>
<p>								   container</p>
<p>								   35 teus</p>
<p>								   g.cargo</p>
<p>								   1,000 tns</p>
<p>---------------------------------------------------------------</p>
<p>KM		07-10-96	08-10-96     T.Priok   palm stearin</p>
<p>Pershing	0800	    2400	   T.Priok   3,000 tns</p>
<p>2,679							    palm olein</p>
<p>PT Sumatera Indah Raya Line				4,600 tns</p>
<p>---------------------------------------------------------------</p>
<p>KM		07-10-96	09-10-96     Prawang	 -</p>
<p>Sumatera-     1700	    2400	  Palembang  g.cargo</p>
<p>Jaya Baru							450 tns</p>
<p>351</p>
<p>PT Sumatera Indah Raya Line</p>
<p>---------------------------------------------------------------</p>
<p>---------------------------------------------------------------</p>
<p>MT		07-10-96	08-10-96     Semarang	-</p>
<p>Mutiara	 0600	    0800	   T.Priok   palm olein</p>
<p>1,752							    2,000 tns</p>
<p>PT Malta Maridien Lloyd</p>
<p>---------------------------------------------------------------</p>
<p>MT		05-10-96	08-10-96     Plaju     fuel</p>
<p>Bajubang-     1500	    1400	   Dumai     86,991 tns</p>
<p>/P-1012								-</p>
<p>8,743</p>
<p>PT Pertamina</p>
<p>---------------------------------------------------------------</p>
<p>MT		07-10-96	09-10-96   Butterwoot	-</p>
<p>Tonegawa	1800	    1200	 Suez	  crude palm</p>
<p>10,804							   stearin</p>
<p>PT Djakarta Lloyd					    5,000 tns</p>
<p>---------------------------------------------------------------</p>
<p>MV		07-10-96	08-10-96     S'pore    container</p>
<p>ACX Swan	1200	    1300	   Penang    46 teus</p>
<p>7,476							    container</p>
<p>PT Samudera Indonesia					40 teus</p>
<p>---------------------------------------------------------------</p>
<p>MV		07-10-96	09-10-96     P.Klang   container</p>
<p>Kota Suria    2000	    2000	   P.Klang   148 teus</p>
<p>1,249							    container</p>
<p>PT Djakarta Lloyd					    282 teus</p>
<p>---------------------------------------------------------------</p>
<p>MV		07-10-96	09-10-96     S'pore    container</p>
<p>Fedeer-3	2100	    0400	   S'pore    57 teus</p>
<p>3,875							    container</p>
<p>PT Jaya Kesuma Perdana Line				60 teus</p>
<p>---------------------------------------------------------------</p>
<p>MV		08-10-96	11-10-96     S'pore    g.cargo</p>
<p>Sun Ray	 1000	    1100	   S'pore    800 tns</p>
<p>1,068							    rubber</p>
<p>PT Tirta Samudera Caraka				   700 tns</p>
<p>---------------------------------------------------------------</p>
<p>MV		08-10-96	09-10-96     Lhoknga   cement</p>
<p>Floria	  1000	    1000	   Lhoknga   8,000 tns</p>
<p>5,023								  -</p>
<p>PT Burung Laut</p>
<p>---------------------------------------------------------------</p>
<p>MT		07-10-96	09-10-96     Dumai     fuel</p>
<p>Asia-	   1300	    1300	   Dumai     17,000 tns</p>
<p>Samudera							     -</p>
<p>12,873</p>
<p>PT Pertamina</p>
<p>---------------------------------------------------------------</p>
<p>KM		08-10-96	12-10-96     Selat-	  -</p>
<p>Lohot	   0800	    2400	   Panjang   cement</p>
<p>352						  Tanjung-  300 tns</p>
<p>PT Lohot Bahtera				 Pinang</p>
<p>---------------------------------------------------------------</p>
<p>MT		06-10-96	09-10-96     T.Priok	 -</p>
<p>Parumadan     1700	    0800	   Ujung-    palm olein</p>
<p>691						  Pandang   1,000 tns</p>
<p>PT Comexindo Maritim</p>
<p>---------------------------------------------------------------</p>
<p>---------------------------------------------------------------</p>
<p>Tanto Indah   05-10-96	09-10-96   Surabaya    g.cargo</p>
<p>3,903	   0400	    2400	 Malahayati  5,422 tns</p>
<p>PT Tanto Intim Line					     -</p>
<p>---------------------------------------------------------------</p>
<p>KM Victory    05-10-96	10-10-96     Penang	 -</p>
<p>171	     1000	    1600	   Penang    vegetables</p>
<p>PT Dewi Indah Raya					   150 tns</p>
<p>---------------------------------------------------------------</p>
<p>TB.CB.	  04-10-96	10-10-96     Sei-	logs</p>
<p>940/TK	  1900	    1800	   Guntung   2,500 tns</p>
<p>1,273						Sei-	     -</p>
<p>PT Citra Antar Buana			   Guntung</p>
<p>---------------------------------------------------------------</p>
<p>KM		04-10-96	08-10-96     P.Klang   g.cargo</p>
<p>Unggul Jaya   1300	    2400	   Pekanbaru 400 tns</p>
<p>383								fertiliser</p>
<p>PT Sumatera Indah Raya Line				600 tns</p>
<p>---------------------------------------------------------------</p>
<p>KM		04-10-96	09-10-96     Penang	   -</p>
<p>Cipta Karya   1400	    1700	   Penang    vegetables</p>
<p>171								150 tns</p>
<p>PT Cakrawala Kirana Rintis Nusantara</p>
<p>---------------------------------------------------------------</p>
<p>MV		02-10-96	13-10-96     Hamburg   fertiliser</p>
<p>Aurora	  0200	    1800	   T.Priok   11,110 tns</p>
<p>17,968								 -</p>
<p>PT Bumi Laut Shipping</p>
<p>---------------------------------------------------------------</p>
<p>MV		03-10-96	08-10-96     T.Bayur   cement</p>
<p>Trimanggada   0500	    2400	   T.Bayur   6,000 tns</p>
<p>3,762								  -</p>
<p>PT Admiral Line</p>
<p>---------------------------------------------------------------</p>
<p>KM		03-10-96	08-10-96     Kuala-    palm kernal</p>
<p>Dewi Mas	0700	    1800	   Enok	expeller</p>
<p>497						  Pekan-    500 tns</p>
<p>PT Dewi Indah Raya			     baru	fertiliser</p>
<p>								   300 tns</p>
<p>---------------------------------------------------------------</p>
<p>KM		03-10-96	08-10-96     T.Priok   g.cargo</p>
<p>Mahkutai	0500	    2400	   Dumai     1,800</p>
<p>tns</p>
<p>1,978 iron</p>
<p>PT Abadi Inti Line					   275 tns</p>
<p>								   fertiliser</p>
<p>								   3,000 tns</p>
<p>---------------------------------------------------------------</p>
<p>-- Jakarta Newsroom +6221 384-6364</p>
</text>
<copyright>(c) Reuters Limited 1996</copyright>
<metadata>
<codes class="bip:countries:1.0">
  <code code="INDON">
    <editdetail attribution="Reuters BIP Coding Group" action="confirmed" date="1996-10-08"/>
  </code>
</codes>
<codes class="bip:topics:1.0">
  <code code="M14">
    <editdetail attribution="Reuters BIP Coding Group" action="confirmed" date="1996-10-08"/>
  </code>
  <code code="MCAT">
    <editdetail attribution="Reuters BIP Coding Group" action="confirmed" date="1996-10-08"/>
  </code>
</codes>
<dc element="dc.publisher" value="Reuters Holdings Plc"/>
<dc element="dc.date.published" value="1996-10-08"/>
<dc element="dc.source" value="Reuters"/>
<dc element="dc.creator.location.country.name" value="INDONESIA"/>
<dc element="dc.source" value="Reuters"/>
</metadata>
</newsitem>
