<?xml version="1.0" encoding="iso-8859-1" ?>
<newsitem itemid="476329" id="root" date="1997-03-31" xml:lang="en">
<title>USA: Ag Services of America Inc Q4 net rises.</title>
<headline>Ag Services of America Inc Q4 net rises.</headline>
<dateline>CEDAR FALLS, Iowa 1997-03-31</dateline>
<text>
<p>Three Months Ended  Year Ended</p>
<p>					  February 28,   February 28,</p>
<p>				   1997     1996	  1997     1996</p>
<p>			    (in thousands except per share amounts)</p>
<p> Net revenues		$20,407 $14,290    $147,647 $114,686</p>
<p> Income before income taxes  410	89	 6,675    4,863</p>
<p> Net income			306	88	 4,346    3,133</p>
<p>Earnings per share:</p>
<p>   Primary			0.06    0.02	  0.90     0.84</p>
<p>   Fully diluted		0.06    0.02	  0.84     0.72</p>
<p>Weighted average shares:</p>
<p>   Primary		     5,400   3,776	 4,820    3,709</p>
<p>   Fully diluted	     5,417   5,300	 5,400    5,260</p>
<p>	  ((Reuters Chicago Newsdesk (312) 408-8787))</p>
</text>
<copyright>(c) Reuters Limited 1997</copyright>
<metadata>
<codes class="bip:countries:1.0">
  <code code="USA">
    <editdetail attribution="Reuters BIP Coding Group" action="confirmed" date="1997-03-31"/>
  </code>
</codes>
<codes class="bip:industries:1.0">
  <code code="I25130">
    <editdetail attribution="Reuters BIP Coding Group" action="confirmed" date="1997-03-31"/>
  </code>
</codes>
<codes class="bip:topics:1.0">
  <code code="C15">
    <editdetail attribution="Reuters BIP Coding Group" action="confirmed" date="1997-03-31"/>
  </code>
  <code code="C151">
    <editdetail attribution="Reuters BIP Coding Group" action="confirmed" date="1997-03-31"/>
  </code>
  <code code="C1511">
    <editdetail attribution="Reuters BIP Coding Group" action="confirmed" date="1997-03-31"/>
  </code>
  <code code="CCAT">
    <editdetail attribution="Reuters BIP Coding Group" action="confirmed" date="1997-03-31"/>
  </code>
</codes>
<dc element="dc.date.created" value="1997-03-31"/>
<dc element="dc.publisher" value="Reuters Holdings Plc"/>
<dc element="dc.date.published" value="1997-03-31"/>
<dc element="dc.source" value="Reuters"/>
<dc element="dc.creator.location" value="CEDAR FALLS, Iowa"/>
<dc element="dc.creator.location.country.name" value="USA"/>
<dc element="dc.source" value="Reuters"/>
</metadata>
</newsitem>
