<?xml version="1.0" encoding="iso-8859-1" ?>
<newsitem itemid="398716" id="root" date="1997-02-24" xml:lang="en">
<title>USA: Dean Witter merger may cut 600 jobs - WSJ.</title>
<headline>Dean Witter merger may cut 600 jobs - WSJ.</headline>
<dateline>NEW YORK 1997-02-24</dateline>
<text>
<p>About 600 people are likely to lose their jobs once Dean Witter Discover &amp; Co completes its merger with Morgan Stanley, the Wall Street Journal said Monday in its electronic edition.</p>
<p>The job cuts have been anxiously expected since the two companies announced a $10.3 billion merger earlier this month that would create a financial giant with a combined work force of 28,000.</p>
<p>Monday's report said most of the cuts are expected to occur among Dean Witter employees who deal with the company's institutional clients, an area that is Morgan Stanley's forte.</p>
<p>People familiar with the situation told the paper that as many as 75 percent of the estimated 150 workers in Dean Witter's institutional sales and trading operations could be cut. Other employees said they expected to hear some sort of announcement as early as Monday.</p>
<p>((-- New York newsdesk 212-859-1610))</p>
</text>
<copyright>(c) Reuters Limited 1997</copyright>
<metadata>
<codes class="bip:countries:1.0">
  <code code="USA">
    <editdetail attribution="Reuters BIP Coding Group" action="confirmed" date="1997-02-24"/>
  </code>
</codes>
<codes class="bip:industries:1.0">
  <code code="I81402">
    <editdetail attribution="Reuters BIP Coding Group" action="confirmed" date="1997-02-24"/>
  </code>
  <code code="I83100">
    <editdetail attribution="Reuters BIP Coding Group" action="confirmed" date="1997-02-24"/>
  </code>
</codes>
<codes class="bip:topics:1.0">
  <code code="C18">
    <editdetail attribution="Reuters BIP Coding Group" action="confirmed" date="1997-02-24"/>
  </code>
  <code code="C181">
    <editdetail attribution="Reuters BIP Coding Group" action="confirmed" date="1997-02-24"/>
  </code>
  <code code="C42">
    <editdetail attribution="Reuters BIP Coding Group" action="confirmed" date="1997-02-24"/>
  </code>
  <code code="CCAT">
    <editdetail attribution="Reuters BIP Coding Group" action="confirmed" date="1997-02-24"/>
  </code>
  <code code="E41">
    <editdetail attribution="Reuters BIP Coding Group" action="confirmed" date="1997-02-24"/>
  </code>
  <code code="ECAT">
    <editdetail attribution="Reuters BIP Coding Group" action="confirmed" date="1997-02-24"/>
  </code>
  <code code="GCAT">
    <editdetail attribution="Reuters BIP Coding Group" action="confirmed" date="1997-02-24"/>
  </code>
  <code code="GJOB">
    <editdetail attribution="Reuters BIP Coding Group" action="confirmed" date="1997-02-24"/>
  </code>
</codes>
<dc element="dc.date.created" value="1997-02-24"/>
<dc element="dc.publisher" value="Reuters Holdings Plc"/>
<dc element="dc.date.published" value="1997-02-24"/>
<dc element="dc.source" value="Reuters"/>
<dc element="dc.creator.location" value="NEW YORK"/>
<dc element="dc.creator.location.country.name" value="USA"/>
<dc element="dc.source" value="Reuters"/>
</metadata>
</newsitem>
