<?xml version="1.0" encoding="iso-8859-1" ?>
<newsitem itemid="704491" id="root" date="1997-07-03" xml:lang="en">
<title>ZIMBABWE: PRESS DIGEST - Zimbabwe - July 3.</title>
<headline>PRESS DIGEST - Zimbabwe - July 3.</headline>
<dateline>HARARE 1997-07-03</dateline>
<text>
<p>These are the leading stories in the Zimbabwe press on Thursday. Reuters has not verified these stories and does not vouch for their accuracy.</p>
<p>- - - -</p>
<p>THE FINANCIAL GAZETTE</p>
<p>- Scores of Zimbabwean ex-combatants on Wednesday raided government pensions offices in Harare demanding the release of compensation money suspended by the government four months ago.</p>
<p>- Telecel Zimbabwe, controversial winners of a tender to operate the country's second cellular phone network, had in their possession a copy of the tender document before it was published, tender losers Econet said in an affidavit lodged with the High Court.</p>
<p>- Financial institutions handling funds under the Z$700 million World Bank small enterprise development project will no longer demand that applicants raise 20 percent of the total cost of proposed projects, the World Bank said.</p>
<p>- Some members of the ruling ZANU-PF party have questioned the wisdom of efforts to persuade political maverick Edgar Tekere to rejoin the party.</p>
<p>- - - -</p>
<p>BUSINESS HERALD</p>
<p>- The Zimbabwe Development Bank is acquiring Standard Chartered Finance Zimbabwe Limited, a subsidiary of Standard Chartered Bank, which has been on the market for three years.</p>
<p>- The free-falling international gold price, now at its lowest level in almost five years, is threatening the survival of gold mines in Zimbabwe, a local analyst said.</p>
<p>- Zimbabwe's Export Processing Zone Authority and an unnamed local bank are negotiating a Z$200 million project finance scheme with the African Export-Import Bank to strengthen the working capital of projects qualifying to operate in processing zones.</p>
<p>- - - -</p>
<p>THE HERALD</p>
<p>- The government has ratified a Z$385 million loan to finance the rehabilitation of the ailing state-controlled Zimbabwe Iron and Steel Company (Zisco) and has cleared a Chinese firm to undertake the exercise which begins in two weeks.</p>
<p>--Harare Newsroom: +263-4 72 52 28/9</p>
</text>
<copyright>(c) Reuters Limited 1997</copyright>
<metadata>
<codes class="bip:countries:1.0">
  <code code="ZIMBAB">
    <editdetail attribution="Reuters BIP Coding Group" action="confirmed" date="1997-07-03"/>
  </code>
</codes>
<codes class="bip:topics:1.0">
  <code code="GCAT">
    <editdetail attribution="Reuters BIP Coding Group" action="confirmed" date="1997-07-03"/>
  </code>
</codes>
<dc element="dc.date.created" value="1997-07-03"/>
<dc element="dc.publisher" value="Reuters Holdings Plc"/>
<dc element="dc.date.published" value="1997-07-03"/>
<dc element="dc.source" value="Reuters"/>
<dc element="dc.creator.location" value="HARARE"/>
<dc element="dc.creator.location.country.name" value="ZIMBABWE"/>
<dc element="dc.source" value="Reuters"/>
</metadata>
</newsitem>
