<?xml version="1.0" encoding="iso-8859-1" ?>
<newsitem itemid="640830" id="root" date="1997-06-05" xml:lang="en">
<title>USA: Consolidated Stores May same-store sales up.</title>
<headline>Consolidated Stores May same-store sales up.</headline>
<dateline>COLUMBUS, Ohio 1997-06-05</dateline>
<text>
<p>Percent change</p>
<p>		    1997	 1996	     Total     Same-Store</p>
<p>Month	 $186.0     $153.6	 +21.1     +12.7</p>
<p>Year-to-date$769.3     $465.9	 +65.1     +10.3</p>
<p>NOTE: Figures in millions except percentage.</p>
<p>    Month is  4     weeks ended May 31	 .</p>
<p>Full company name is Consolidated Stores Corp</p>
</text>
<copyright>(c) Reuters Limited 1997</copyright>
<metadata>
<codes class="bip:countries:1.0">
  <code code="USA">
    <editdetail attribution="Reuters BIP Coding Group" action="confirmed" date="1997-06-05"/>
  </code>
</codes>
<codes class="bip:industries:1.0">
  <code code="I61000">
    <editdetail attribution="Reuters BIP Coding Group" action="confirmed" date="1997-06-05"/>
  </code>
</codes>
<codes class="bip:topics:1.0">
  <code code="C31">
    <editdetail attribution="Reuters BIP Coding Group" action="confirmed" date="1997-06-05"/>
  </code>
  <code code="CCAT">
    <editdetail attribution="Reuters BIP Coding Group" action="confirmed" date="1997-06-05"/>
  </code>
</codes>
<dc element="dc.date.created" value="1997-06-05"/>
<dc element="dc.publisher" value="Reuters Holdings Plc"/>
<dc element="dc.date.published" value="1997-06-05"/>
<dc element="dc.source" value="Reuters"/>
<dc element="dc.creator.location" value="COLUMBUS, Ohio"/>
<dc element="dc.creator.location.country.name" value="USA"/>
<dc element="dc.source" value="Reuters"/>
</metadata>
</newsitem>
