<?xml version="1.0" encoding="iso-8859-1" ?>
<newsitem itemid="562032" id="root" date="1997-05-06" xml:lang="en">
<title>USA: First Call Earnings Surprises May 5.</title>
<headline>First Call Earnings Surprises May 5.</headline>
<dateline>NEW YORK 1997-05-06</dateline>
<text>
<p>The following are lists of positive and negative earnings surprises compiled by First Call. Earnings surprises and historical information are provided by First Call.</p>
<p>				 First Call Earnings Surprises</p>
<p>Positive Surprises</p>
<p>------------------</p>
<p>						  First Call</p>
<p>						  Consensus Actual</p>
<p>Company Name	    Ticker   Period    EPS     EPS  Surp</p>
<p>Michael Foods, Inc.   MIKL    Q1Mar97    0.14    0.23   64.3%</p>
<p>Earthgrains Company   EGR     Q4Mar97    0.28    0.39   39.3%</p>
<p>Sirena Apparel Group  SIRN    Q3Mar97    0.35    0.48   37.1%</p>
<p>Houston Industries In HOU     Q1Mar97    0.19    0.26   36.8%</p>
<p>Dress Barn, Inc.	DBRN    Q3Apr97    0.27    0.32   18.5%</p>
<p>Puget Sound Energy    PSD     Q1Mar97    0.68    0.75   10.3%</p>
<p>Renter's Choice	 RCII    Q1Mar97    0.20    0.22   10.0%</p>
<p>Resmed, Inc.	    RESM    Q3Mar97    0.24    0.26    8.3%</p>
<p>Renal Care Group, Inc RCGI    Q1Mar97    0.26    0.28    7.7%</p>
<p>Complete Business Sol CBSL    Q1Mar97    0.14    0.15    7.1%</p>
<p>Wilmar Industried Inc WLMR    Q1Mar97    0.15    0.16    6.7%</p>
<p>Southeastern Michigan SMGS    Q1Mar97    0.73    0.77    5.5%</p>
<p>America Online Inc.   AOL     Q3Mar97   -0.07    0.02	N+</p>
<p>Collagenex Pharmaceut CGPI    Q1Mar97   -0.29   -0.19	N+</p>
<p>Evergreen Media Corp. EVGM    Q1Mar97   -0.34   -0.14	N+</p>
<p>Genemedicine Inc.     GMED    Q1Mar97   -0.19   -0.16	N+</p>
<p>Jacor Communications  JCOR    Q1Mar97   -0.12   -0.08	N+</p>
<p>ORCKIT Communications ORCTF   Q1Mar97   -0.09   -0.04	N+</p>
<p>Rochester Medical     ROCM    Q2Mar97   -0.17   -0.10	N+</p>
<p>Physician Corp of Ame PCAM    Q1Mar97    0.02    0.12     N/A</p>
<p>Negative Surprises</p>
<p>------------------</p>
<p>						  First Call</p>
<p>						  Consensus Actual</p>
<p>Company Name	    Ticker   Period    EPS     EPS  Surp</p>
<p>Durakon Industries, I DRKN    Q1Mar97    0.37    0.04   -89.2%</p>
<p>Thermo Fibertek Inc   TFT     Q1Mar97    0.10    0.06   -40.0%</p>
<p>Allied Capital Commer ALCC    Q1Mar97    0.53    0.46   -13.2%</p>
<p>Thermo Sentron Inc.   TSR     Q1Mar97    0.16    0.14   -12.5%</p>
<p>Leviathan Gas Pipelin LEV     Q1Mar97    0.41    0.36   -12.2%</p>
<p>Berry Petroleum	 BRY     Q1Mar97    0.24    0.22    -8.3%</p>
<p>Thermo Optek	    TOC     Q1Mar97    0.15    0.14    -6.7%</p>
<p>Legg Mason, Inc.	LM	Q4Mar97    0.80    0.75    -6.3%</p>
<p>McFarland Energy Inc. MCFE    Q1Mar97    0.37    0.35    -5.4%</p>
<p>Digene Corporation    DIGE    Q3Mar97   -0.14   -0.16	 N-</p>
<p>Intelligent Electroni INEL    Q4Jan97   -0.02   -0.14	 N-</p>
<p>Netvantage		NETVA   Q1Mar97   -0.14   -0.22	 N-</p>
<p>Ultrafem Inc.	   UFEM    Q3Mar97   -1.13   -1.15	 N-</p>
<p>WavePhore NETWORKS    WAVO    Q1Mar97   -0.11   -0.23	 N-</p>
<p>Arden Industrial Prod AFAS    Q3Mar97    0.08    0.00	N/A</p>
<p>				Other Companies Reporting Today</p>
<p>Positive Reports</p>
<p>----------------</p>
<p>						  First Call</p>
<p>						  Consensus Actual</p>
<p>Company Name	    Ticker   Period    EPS     EPS	Diff</p>
<p>Phoenix International PHXX    Q1Mar97    0.23    0.24     4.3%</p>
<p>Liberty Corp.	   LC	Q1Mar97    0.63    0.64     1.6%</p>
<p>Bradley Real Estate T BTR     Q1Mar97    0.44    0.44     0.0%</p>
<p>Citfed Bancorp	  CTZN    Q4Mar97    0.69    0.69     0.0%</p>
<p>Home Health Corp of A HHCA    Q3Mar97    0.20    0.20     0.0%</p>
<p>Home Properties of Ne HME     Q1Mar97    0.45    0.45     0.0%</p>
<p>Kenneth Cole Producti KCP     Q1Mar97    0.24    0.24     0.0%</p>
<p>META Group		METG    Q1Mar97    0.14    0.14     0.0%</p>
<p>Mansur Industries     MANS    Q1Mar97   -0.06   -0.05	 N+</p>
<p>InteliData Technologi INTD    Q1Mar97    0.02    0.04	N/A</p>
<p>Windmere Corp	   WND     Q1Mar97    0.01    0.02	N/A</p>
<p>HSN, Inc.		 HSNI    Q1Mar97    0.05    0.07	N/A</p>
<p>J. Alexander's Corp.  JAX     Q1Mar97    0.02    0.02	N/A</p>
<p>Skymall Inc.	    SKYM    Q1Mar97    0.05    0.05	N/A</p>
<p>Negative Reports</p>
<p>----------------</p>
<p>						  First Call</p>
<p>						  Consensus Actual</p>
<p>Company Name	    Ticker   Period    EPS     EPS	Diff</p>
<p>Raymond Corp.	   RAYM    Q1Mar97    0.43    0.41    -4.7%</p>
<p>Burnham Pacific Prope BPP     Q1Mar97    0.30    0.29    -3.3%</p>
<p>HealthCare COMPARE Co HCCC    Q1Mar97    0.62    0.61    -1.6%</p>
<p>Envirosource Inc.     ENSO    Q1Mar97   -0.02   -0.03	 N-</p>
<p>Homegate Hospitality  HMGT    Q1Mar97   -0.03   -0.04	 N-</p>
<p>Breed Technology Inc  BDT     Q3Mar97    0.07    0.05	N/A</p>
<p>Premiere Radio Networ PRNI    Q1Mar97    0.07    0.06	N/A</p>
<p>Legend:</p>
<p>N/A	All or some data necessary for calculation is</p>
<p>	   unavailable.</p>
<p>N/C	Not Calculable, e.g. divisor (Mean estimate) = 0, and</p>
<p>	   there is more than one estimate.</p>
<p>N+	 Actual EPS is larger than Mean estimate. Mean estimate 	   is negative or zero.</p>
<p>N-	 Actual EPS is smaller than Mean estimate. Mean estimate 	   is negative or zero.</p>
</text>
<copyright>(c) Reuters Limited 1997</copyright>
<metadata>
<codes class="bip:countries:1.0">
  <code code="USA">
    <editdetail attribution="Reuters BIP Coding Group" action="confirmed" date="1997-05-06"/>
  </code>
</codes>
<codes class="bip:topics:1.0">
  <code code="C15">
    <editdetail attribution="Reuters BIP Coding Group" action="confirmed" date="1997-05-06"/>
  </code>
  <code code="C151">
    <editdetail attribution="Reuters BIP Coding Group" action="confirmed" date="1997-05-06"/>
  </code>
  <code code="C152">
    <editdetail attribution="Reuters BIP Coding Group" action="confirmed" date="1997-05-06"/>
  </code>
  <code code="CCAT">
    <editdetail attribution="Reuters BIP Coding Group" action="confirmed" date="1997-05-06"/>
  </code>
</codes>
<dc element="dc.date.created" value="1997-05-06"/>
<dc element="dc.publisher" value="Reuters Holdings Plc"/>
<dc element="dc.date.published" value="1997-05-06"/>
<dc element="dc.source" value="Reuters"/>
<dc element="dc.creator.location" value="NEW YORK"/>
<dc element="dc.creator.location.country.name" value="USA"/>
<dc element="dc.source" value="Reuters"/>
</metadata>
</newsitem>
