<?xml version="1.0" encoding="iso-8859-1" ?>
<newsitem itemid="491287" id="root" date="1997-04-07" xml:lang="en">
<title>USA: U.S. weekly rice cash market summary -- USDA.</title>
<headline>U.S. weekly rice cash market summary -- USDA.</headline>
<dateline>CHICAGO 1997-04-07</dateline>
<text>
<p>In the South, rice prices were steady. Long grain milled rice prices were weak, selling mostly at $20.50 to $21.00 per cwt; medium grain traded mostly at $19.00; second heads were steady and brewers remain in very tight supply with few quotes at $14.00 to $15.00.</p>
<p>Rice by-products were lower and bran was mostly steady to $5.00 lower and millfeed was steady to $9.00 lower, USDA said in its weekly cash rice report.  </p>
<p>In California, rice prices were steady with medium grain selling mostly from $18.00 to $19.00, bran was nominally $7.00 higher at $115.00.</p>
<p>California rice ship loadings: For the week ending April 5, 1997, at the Port of Sacramento: the Sanko Prelude loaded 20,790 mt of U.S. No. 1 medium grain milled bulk rice destined for Turkey.</p>
<p>Inspections of California rice for export: For the week ending April 5, 1997, there were 458,562 cwt of medium grain milled rice inspected. The yearly total since October 1, 1996 is 8,230,207 cwt compared to 5,848,093 cwt a year ago.  </p>
<p>		 Arkansas    Texas	 Louisiana   California</p>
<p>Long Grain   21.00-22.00 21.00-22.50 20.00-21.00</p>
<p>Medium Grain 19.00-20.00		 19.00-19.50 18.00-20.00</p>
<p>Short Grain						  20.00-21.50</p>
<p>Parboiled    22.00-24.00 22.00-24.00</p>
<p>Second Heads 15.00-15.50 15.00-15.50 15.00-15.50 15.00-16.00</p>
<p>Brewers		15.00 14.00-14.75 14.00-14.50</p>
<p>Feed by-products prices (dollars per short ton, FOB mills).</p>
<p>Rice Bran    70.00-88.00 55.00-60.00 55.00		115.00</p>
<p>Millfeed     30.00-35.00 20.00-25.00 18.00</p>
<p>((Chicago newsdesk 312-408-8720))</p>
</text>
<copyright>(c) Reuters Limited 1997</copyright>
<metadata>
<codes class="bip:countries:1.0">
  <code code="USA">
    <editdetail attribution="Reuters BIP Coding Group" action="confirmed" date="1997-04-07"/>
  </code>
</codes>
<codes class="bip:topics:1.0">
  <code code="M14">
    <editdetail attribution="Reuters BIP Coding Group" action="confirmed" date="1997-04-07"/>
  </code>
  <code code="M141">
    <editdetail attribution="Reuters BIP Coding Group" action="confirmed" date="1997-04-07"/>
  </code>
  <code code="MCAT">
    <editdetail attribution="Reuters BIP Coding Group" action="confirmed" date="1997-04-07"/>
  </code>
</codes>
<dc element="dc.date.created" value="1997-04-07"/>
<dc element="dc.publisher" value="Reuters Holdings Plc"/>
<dc element="dc.date.published" value="1997-04-07"/>
<dc element="dc.source" value="Reuters"/>
<dc element="dc.creator.location" value="CHICAGO"/>
<dc element="dc.creator.location.country.name" value="USA"/>
<dc element="dc.source" value="Reuters"/>
</metadata>
</newsitem>
