<?xml version="1.0" encoding="iso-8859-1" ?>
<newsitem itemid="540074" id="root" date="1997-04-25" xml:lang="en">
<title>UK: GDR REPORT-Indian GDRs static awaiting direction.</title>
<headline>GDR REPORT-Indian GDRs static awaiting direction.</headline>
<dateline>LONDON 1997-04-25</dateline>
<text>
<p>Indian global depositary receipts ended the week static after a lacklustre performance by local stocks and amid uncertainty about future direction, traders said.</p>
<p>They said investors were showing little interest in the market following the resolution of the political crisis in the country, and prices would take the cue from stocks in India.</p>
<p>Traders reported low volumes ahead of the weekend.</p>
<p>They said concern in India that any further gains could soon be capped was keeping a lid on the GDR market, which ran up towards the end of last week, pulling GDR premiums up with them.</p>
<p>SBI shed 12 cents to $24.00/$25.00 and VSNL lost 12 cents to $19.30/19.80. BSES was 56 cents higher at $22.00/$23.00.</p>
<p>The HSBC James Capel Indian GDR index  JCEAI closed 0.03 points up at 80.09, with the premium over the local market at 19.78 percent from 19.98 percent.</p>
<p>The Bombay Stock Exchange 30 share index shed 19.85 points to 3,825.57.</p>
<p>The Capel Taiwan GDR Index added 1.25 points to 130.67 following further gains in local stocks, representing a discount to the local market of 2.23 percent.</p>
<p>The Capel Korea GDR Index ended 1.00 point, or 1.55 percent, down at 63.13, a premium of 32.76 percent over the local market.</p>
<p>-- Andrew Gill, London newsroom 44 171 542 5887</p>
</text>
<copyright>(c) Reuters Limited 1997</copyright>
<metadata>
<codes class="bip:countries:1.0">
  <code code="INDIA">
    <editdetail attribution="Reuters BIP Coding Group" action="confirmed" date="1997-04-25"/>
  </code>
  <code code="SKOREA">
    <editdetail attribution="Reuters BIP Coding Group" action="confirmed" date="1997-04-25"/>
  </code>
  <code code="TAIWAN">
    <editdetail attribution="Reuters BIP Coding Group" action="confirmed" date="1997-04-25"/>
  </code>
  <code code="UK">
    <editdetail attribution="Reuters BIP Coding Group" action="confirmed" date="1997-04-25"/>
  </code>
</codes>
<codes class="bip:topics:1.0">
  <code code="M11">
    <editdetail attribution="Reuters BIP Coding Group" action="confirmed" date="1997-04-25"/>
  </code>
  <code code="MCAT">
    <editdetail attribution="Reuters BIP Coding Group" action="confirmed" date="1997-04-25"/>
  </code>
</codes>
<dc element="dc.date.created" value="1997-04-25"/>
<dc element="dc.publisher" value="Reuters Holdings Plc"/>
<dc element="dc.date.published" value="1997-04-25"/>
<dc element="dc.source" value="Reuters"/>
<dc element="dc.creator.location" value="LONDON"/>
<dc element="dc.creator.location.country.name" value="UK"/>
<dc element="dc.source" value="Reuters"/>
</metadata>
</newsitem>
