<?xml version="1.0" encoding="iso-8859-1" ?>
<newsitem itemid="681538" id="root" date="1997-06-23" xml:lang="en">
<title>AUSTRALIA: Cloncurry copper output normal after flood.</title>
<headline>Cloncurry copper output normal after flood.</headline>
<dateline>SYDNEY 1997-06-23</dateline>
<text>
<p>Cloncurry Mining Co NL said on Monday copper production at its Great Australia mine near Cloncurry, Queensland, had returned to design levels after being suspended earlier this year due to flooding.</p>
<p>Production utilising the heap leaching process in the first three weeks of June averaged in excess of 110 tonnes of copper cathode a week, the company said.</p>
<p>&quot;The current production levels are pleasing considering the recent increase in copper prices which have contributed to a significant increase in revenues generated from the project,&quot; the miner said.  </p>
<p>Flooding in the Cloncurry area of north Queensland in February and March was described by the company as a &quot;one-in-500-year event.&quot;</p>
<p>Cloncurry produced 4,055 tonnes of copper cathode in calendar 1996.</p>
<p>-- Sydney newsroom 61-2 9373-1800</p>
</text>
<copyright>(c) Reuters Limited 1997</copyright>
<metadata>
<codes class="bip:countries:1.0">
  <code code="AUSTR">
    <editdetail attribution="Reuters BIP Coding Group" action="confirmed" date="1997-06-23"/>
  </code>
</codes>
<codes class="bip:industries:1.0">
  <code code="I21000">
    <editdetail attribution="Reuters BIP Coding Group" action="confirmed" date="1997-06-23"/>
  </code>
  <code code="I22460">
    <editdetail attribution="Reuters BIP Coding Group" action="confirmed" date="1997-06-23"/>
  </code>
</codes>
<codes class="bip:topics:1.0">
  <code code="C21">
    <editdetail attribution="Reuters BIP Coding Group" action="confirmed" date="1997-06-23"/>
  </code>
  <code code="C24">
    <editdetail attribution="Reuters BIP Coding Group" action="confirmed" date="1997-06-23"/>
  </code>
  <code code="CCAT">
    <editdetail attribution="Reuters BIP Coding Group" action="confirmed" date="1997-06-23"/>
  </code>
  <code code="GCAT">
    <editdetail attribution="Reuters BIP Coding Group" action="confirmed" date="1997-06-23"/>
  </code>
  <code code="GDIS">
    <editdetail attribution="Reuters BIP Coding Group" action="confirmed" date="1997-06-23"/>
  </code>
</codes>
<dc element="dc.date.created" value="1997-06-23"/>
<dc element="dc.publisher" value="Reuters Holdings Plc"/>
<dc element="dc.date.published" value="1997-06-23"/>
<dc element="dc.source" value="Reuters"/>
<dc element="dc.creator.location" value="SYDNEY"/>
<dc element="dc.creator.location.country.name" value="AUSTRALIA"/>
<dc element="dc.source" value="Reuters"/>
</metadata>
</newsitem>
