<?xml version="1.0" encoding="iso-8859-1" ?>
<newsitem itemid="456786" id="root" date="1997-03-20" xml:lang="en">
<title>INDIA: Indian annualised interest rate on forward dollars.</title>
<headline>Indian annualised interest rate on forward dollars.</headline>
<dateline>BOMBAY 1997-03-20</dateline>
<text>
<p>The following are monthly annualised interest rates on forward dollar premia quoted by banks and brokers at 1600 IST. The rates are spot/one month to spot/six months.</p>
<p>	    C/S =  2.54 %		     C/S =  1.27 %</p>
<p>	    O/N =  2.54 %		     O/N =  1.27 %</p>
<p>	    T/N =  2.54 %		     T/N =  1.27 %</p>
<p>		   March 20, 1997		    March  19, 1997</p>
<p>	  1 month forward =  6.78 %     1 month forward =  5.76 %</p>
<p>	  2 month forward =  6.95 %     2 month forward =  6.61 %</p>
<p>	  3 month forward =  7.12 %     3 month forward =  6.67 %</p>
<p>	  4 month forward =  7.12 %     4 month forward =  6.78 %</p>
<p>	  5 month forward =  7.12 %     5 month forward =  6.85 %</p>
<p>	  6 month forward =  6.97 %     6 month forward =  6.80 %</p>
<p>-- Bombay newsroom, 91-22-265 9000</p>
</text>
<copyright>(c) Reuters Limited 1997</copyright>
<metadata>
<codes class="bip:countries:1.0">
  <code code="INDIA">
    <editdetail attribution="Reuters BIP Coding Group" action="confirmed" date="1997-03-20"/>
  </code>
</codes>
<codes class="bip:topics:1.0">
  <code code="E12">
    <editdetail attribution="Reuters BIP Coding Group" action="confirmed" date="1997-03-20"/>
  </code>
  <code code="ECAT">
    <editdetail attribution="Reuters BIP Coding Group" action="confirmed" date="1997-03-20"/>
  </code>
</codes>
<dc element="dc.date.created" value="1997-03-20"/>
<dc element="dc.publisher" value="Reuters Holdings Plc"/>
<dc element="dc.date.published" value="1997-03-20"/>
<dc element="dc.source" value="Reuters"/>
<dc element="dc.creator.location" value="BOMBAY"/>
<dc element="dc.creator.location.country.name" value="INDIA"/>
<dc element="dc.source" value="Reuters"/>
</metadata>
</newsitem>
