<?xml version="1.0" encoding="iso-8859-1" ?>
<newsitem itemid="703001" id="root" date="1997-07-02" xml:lang="en">
<title>TURKEY: Turkish law on money laundering goes into effect.</title>
<headline>Turkish law on money laundering goes into effect.</headline>
<dateline>ANKARA 1997-07-02</dateline>
<text>
<p>A Turkish law aimed at curbing money laundering went into effect on Wednesday with the publication of a related regulation in the country's Official Gazette.</p>
<p>Turkey's parliament passed a money laundering law last November, but its implementation had been delayed because of political turmoil.</p>
<p>The regulation sets out the procedure for &quot;researching, analysing and identifying suspicious transactions, gains made from money laundering and identitying those involved.&quot;</p>
<p>The international Financial Action Task Force warned Turkey in June that it must introduce such a law or else face potentially damaging action by the world's banking community.</p>
<p>The task force said Turkey was the only member of the 26-nation group not to have satisfied rules on money laundering regulations.</p>
<p>The new regulation will require financial institutions to pass on information connected with possible money laundering. This demand will go into effect on October 1, but all other regulations become effective immediately.</p>
<p>The identification will be required of customers carrying out transactions worth more than two billion Turkish lira ($13,400) and all information on such transactions must be kept for five years.</p>
<p>Any transaction worth more than five billion lira must be reported to the financial crimes research board, which has been set up to monitor implementation of the regulation.</p>
<p>The stipulated sums will be raised each year in line with inflation, which in Turkey is currently around an annual 75 percent.</p>
<p>- Ankara newsroom +90-312-446 2940 ($ = 148750 Turkish Lire)</p>
</text>
<copyright>(c) Reuters Limited 1997</copyright>
<metadata>
<codes class="bip:countries:1.0">
  <code code="TURK">
    <editdetail attribution="Reuters BIP Coding Group" action="confirmed" date="1997-07-02"/>
  </code>
</codes>
<codes class="bip:industries:1.0">
  <code code="I81402">
    <editdetail attribution="Reuters BIP Coding Group" action="confirmed" date="1997-07-02"/>
  </code>
</codes>
<codes class="bip:topics:1.0">
  <code code="C12">
    <editdetail attribution="Reuters BIP Coding Group" action="confirmed" date="1997-07-02"/>
  </code>
  <code code="C13">
    <editdetail attribution="Reuters BIP Coding Group" action="confirmed" date="1997-07-02"/>
  </code>
  <code code="CCAT">
    <editdetail attribution="Reuters BIP Coding Group" action="confirmed" date="1997-07-02"/>
  </code>
  <code code="GCAT">
    <editdetail attribution="Reuters BIP Coding Group" action="confirmed" date="1997-07-02"/>
  </code>
  <code code="GCRIM">
    <editdetail attribution="Reuters BIP Coding Group" action="confirmed" date="1997-07-02"/>
  </code>
</codes>
<dc element="dc.date.created" value="1997-07-02"/>
<dc element="dc.publisher" value="Reuters Holdings Plc"/>
<dc element="dc.date.published" value="1997-07-02"/>
<dc element="dc.source" value="Reuters"/>
<dc element="dc.creator.location" value="ANKARA"/>
<dc element="dc.creator.location.country.name" value="TURKEY"/>
<dc element="dc.source" value="Reuters"/>
</metadata>
</newsitem>
