<?xml version="1.0" encoding="iso-8859-1" ?>
<newsitem itemid="592576" id="root" date="1997-05-16" xml:lang="en">
<title>TAIWAN: Taiwan share prices seen consolidating.</title>
<headline>Taiwan share prices seen consolidating.</headline>
<dateline>TAIPEI 1997-05-16</dateline>
<text>
<p>Taiwan share prices are expected to consolidate on Friday after recent volatile trade. Brokers said more people would stay on the sidelines on jitters over unsettled domestic politics and Sunday's anti-government protest.</p>
<p>On Thursday, the weighted index ended a roller-coaster session by closing 185.52 points or 2.27 percent lower at 7,996.10.</p>
<p>&quot;Selling pressure should ease after Thursday's big selloff, but buying interest will be weak,&quot; said Wang Jieh, an analyst of Foremost Investment Services.  </p>
<p>Taiwan activists said on Thursday that they would proceed with a protest on Sunday against President Lee Teng-hui, calling for the immediate replacement of his premier.</p>
<p>&quot;The market's direction is very unclear. Investors are likely to adopt a wait-and-see attitude in the near future,&quot; Wang said.</p>
<p>Brokers saw the market's initial support at around 7,800 points, with resistance at 8,200 points.</p>
<p>-- Alice Hung (2-5080815)</p>
</text>
<copyright>(c) Reuters Limited 1997</copyright>
<metadata>
<codes class="bip:countries:1.0">
  <code code="TAIWAN">
    <editdetail attribution="Reuters BIP Coding Group" action="confirmed" date="1997-05-16"/>
  </code>
</codes>
<codes class="bip:topics:1.0">
  <code code="M11">
    <editdetail attribution="Reuters BIP Coding Group" action="confirmed" date="1997-05-16"/>
  </code>
  <code code="MCAT">
    <editdetail attribution="Reuters BIP Coding Group" action="confirmed" date="1997-05-16"/>
  </code>
</codes>
<dc element="dc.date.created" value="1997-05-16"/>
<dc element="dc.publisher" value="Reuters Holdings Plc"/>
<dc element="dc.date.published" value="1997-05-16"/>
<dc element="dc.source" value="Reuters"/>
<dc element="dc.creator.location" value="TAIPEI"/>
<dc element="dc.creator.location.country.name" value="TAIWAN"/>
<dc element="dc.source" value="Reuters"/>
</metadata>
</newsitem>
