<?xml version="1.0" encoding="iso-8859-1" ?>
<newsitem itemid="562198" id="root" date="1997-05-06" xml:lang="en">
<title>POLAND: ELEKTRIM Q1 NET RISES TO PLN 7.3 MLN.</title>
<headline>ELEKTRIM Q1 NET RISES TO PLN 7.3 MLN.</headline>
<dateline>WARSAW 1997-05-06</dateline>
<text>
<p>Elektrim preliminary results for</p>
<p>the first quarter of the year ending March 31, 1997.</p>
<p>(Figures in millions of zlotys unless stated)</p>
<p>						Q1 1997	Q1 1996</p>
<p>    operating profit		    16.35   vs   15.33</p>
<p>    pre-tax profit			12.81   vs   24.34</p>
<p>    net profit			     7.25   vs    6.90</p>
<p>NOTE - full company name is: Elekrtim SA.</p>
<p>    net sales			    203.24  vs   197.85</p>
<p>    costs of sales		     174.26   vs  168.17</p>
<p>    extraordinary profit		 0.00   vs    0.00</p>
<p>    income tax			     0.10   vs    9.47</p>
<p>    other taxes			    5.46   vs    7.98</p>
<p>    financial revenues		  30.60   vs   42.97</p>
<p>    financial costs		     34.13   vs   33.96</p>
<p>    investment			    45.50   vs  181.39</p>
<p>-- Warsaw Newsroom +48 22 653 9700</p>
</text>
<copyright>(c) Reuters Limited 1997</copyright>
<metadata>
<codes class="bip:countries:1.0">
  <code code="POL">
    <editdetail attribution="Reuters BIP Coding Group" action="confirmed" date="1997-05-06"/>
  </code>
</codes>
<codes class="bip:industries:1.0">
  <code code="I34000">
    <editdetail attribution="Reuters BIP Coding Group" action="confirmed" date="1997-05-06"/>
  </code>
</codes>
<codes class="bip:topics:1.0">
  <code code="C15">
    <editdetail attribution="Reuters BIP Coding Group" action="confirmed" date="1997-05-06"/>
  </code>
  <code code="C151">
    <editdetail attribution="Reuters BIP Coding Group" action="confirmed" date="1997-05-06"/>
  </code>
  <code code="CCAT">
    <editdetail attribution="Reuters BIP Coding Group" action="confirmed" date="1997-05-06"/>
  </code>
</codes>
<dc element="dc.date.created" value="1997-05-06"/>
<dc element="dc.publisher" value="Reuters Holdings Plc"/>
<dc element="dc.date.published" value="1997-05-06"/>
<dc element="dc.source" value="Reuters"/>
<dc element="dc.creator.location" value="WARSAW"/>
<dc element="dc.creator.location.country.name" value="POLAND"/>
<dc element="dc.source" value="Reuters"/>
</metadata>
</newsitem>
