<?xml version="1.0" encoding="iso-8859-1" ?>
<newsitem itemid="206601" id="root" date="1996-11-21" xml:lang="en">
<title>SINGAPORE: Singapore government securities end narrowly mixed.</title>
<headline>Singapore government securities end narrowly mixed.</headline>
<dateline>SINGAPORE 1996-11-21</dateline>
<text>
<p>Singapore government securities ended narrowly mixed in moderate trade on retail and interbank interest, dealers said on Thursday.</p>
<p>&quot;The interbank rate eased slightly today but there was little impact on the market. Treasury bill yields were slightly lower but bond prices were slightly higher. Volume was moderate,&quot; a local dealer said.</p>
<p>In treasury bills, three-months closed at a yield of 2.48/2.43 percent compared with Wednesday's yield of 2.50/2.45 percent and one-year at a yield of 2.30/2.25 percent against 2.33/2.28 percent.  </p>
<p>Among bonds, July 1998 ended at S$98.05/98.10 from Wednesday's close of S$97.98/98.03, September 2001 at S$96.83/96.88 versus S$96.28/96.33 and June 2003 at S$94.85/94.90 against S$94.73/94.78.</p>
<p>The overnight interbank offered rate eased to 3-5/8 3-1/2 percent from Wednesday's 3-11/16 3-9/16 percent.</p>
<p>-- Singapore newsroom (65-870-3080)</p>
</text>
<copyright>(c) Reuters Limited 1996</copyright>
<metadata>
<codes class="bip:countries:1.0">
  <code code="SINGP">
    <editdetail attribution="Reuters BIP Coding Group" action="confirmed" date="1996-11-21"/>
  </code>
</codes>
<codes class="bip:topics:1.0">
  <code code="M12">
    <editdetail attribution="Reuters BIP Coding Group" action="confirmed" date="1996-11-21"/>
  </code>
  <code code="M13">
    <editdetail attribution="Reuters BIP Coding Group" action="confirmed" date="1996-11-21"/>
  </code>
  <code code="M131">
    <editdetail attribution="Reuters BIP Coding Group" action="confirmed" date="1996-11-21"/>
  </code>
  <code code="MCAT">
    <editdetail attribution="Reuters BIP Coding Group" action="confirmed" date="1996-11-21"/>
  </code>
</codes>
<dc element="dc.date.created" value="1996-11-21"/>
<dc element="dc.publisher" value="Reuters Holdings Plc"/>
<dc element="dc.date.published" value="1996-11-21"/>
<dc element="dc.source" value="Reuters"/>
<dc element="dc.creator.location" value="SINGAPORE"/>
<dc element="dc.creator.location.country.name" value="SINGAPORE"/>
<dc element="dc.source" value="Reuters"/>
</metadata>
</newsitem>
