<?xml version="1.0" encoding="iso-8859-1" ?>
<newsitem itemid="324784" id="root" date="1997-01-22" xml:lang="en">
<title>USA: San Francisco library chief resigns.</title>
<headline>San Francisco library chief resigns.</headline>
<dateline>SAN FRANCISCO 1997-01-21</dateline>
<text>
<p>San Francisco's chief librarian resigned as expected on Tuesday following allegations the system was mismanaged financially.</p>
<p>Chief Librarian Kenneth Dowlin made the announcement at a special meeting of the library's finance committee. &quot;I wish you goodbye, good luck and God bless,&quot; Dowlin said.</p>
<p>The library system faces a $1.2 million budget deficit, which Dowlin had proposed to eliminate through staff cuts.</p>
<p>In recent weeks, the system's financial troubles have drawn fire from Mayor Willie Brown and other San Francisco officials.</p>
<p>((Adam Entous, 415-677-2511))</p>
</text>
<copyright>(c) Reuters Limited 1997</copyright>
<metadata>
<codes class="bip:countries:1.0">
  <code code="USA">
    <editdetail attribution="Reuters BIP Coding Group" action="confirmed" date="1997-01-22"/>
  </code>
</codes>
<codes class="bip:topics:1.0">
  <code code="GCAT">
    <editdetail attribution="Reuters BIP Coding Group" action="confirmed" date="1997-01-22"/>
  </code>
  <code code="GENT">
    <editdetail attribution="Reuters BIP Coding Group" action="confirmed" date="1997-01-22"/>
  </code>
  <code code="GPOL">
    <editdetail attribution="Reuters BIP Coding Group" action="confirmed" date="1997-01-22"/>
  </code>
</codes>
<dc element="dc.date.created" value="1997-01-21"/>
<dc element="dc.publisher" value="Reuters Holdings Plc"/>
<dc element="dc.date.published" value="1997-01-22"/>
<dc element="dc.source" value="Reuters"/>
<dc element="dc.creator.location" value="SAN FRANCISCO"/>
<dc element="dc.creator.location.country.name" value="USA"/>
<dc element="dc.source" value="Reuters"/>
</metadata>
</newsitem>
