<?xml version="1.0" encoding="iso-8859-1" ?>
<newsitem itemid="107116" id="root" date="1996-10-10" xml:lang="en">
<title>USA: NHL-WEDNESDAY'S RESULTS.</title>
<headline>NHL-WEDNESDAY'S RESULTS.</headline>
<dateline>NEW YORK 1996-10-10</dateline>
<text>
<p>Results of National Hockey</p>
<p>League games played Wednesday (home team in CAPS):</p>
<p> DETROIT	 2  Edmonton	 0</p>
<p> MONTREAL	6  Los Angeles    3</p>
<p> OTTAWA	  3  NY Islanders   3 (OT)</p>
<p> Anaheim	 2  CHICAGO	  0</p>
<p> St Louis	3  CALGARY	  1</p>
<p> Buffalo	 2  VANCOUVER	1</p>
</text>
<copyright>(c) Reuters Limited 1996</copyright>
<metadata>
<codes class="bip:countries:1.0">
  <code code="CANA">
    <editdetail attribution="Reuters BIP Coding Group" action="confirmed" date="1996-10-10"/>
  </code>
  <code code="USA">
    <editdetail attribution="Reuters BIP Coding Group" action="confirmed" date="1996-10-10"/>
  </code>
</codes>
<codes class="bip:topics:1.0">
  <code code="GCAT">
    <editdetail attribution="Reuters BIP Coding Group" action="confirmed" date="1996-10-10"/>
  </code>
  <code code="GSPO">
    <editdetail attribution="Reuters BIP Coding Group" action="confirmed" date="1996-10-10"/>
  </code>
</codes>
<dc element="dc.date.created" value="1996-10-10"/>
<dc element="dc.publisher" value="Reuters Holdings Plc"/>
<dc element="dc.date.published" value="1996-10-10"/>
<dc element="dc.source" value="Reuters"/>
<dc element="dc.creator.location" value="NEW YORK"/>
<dc element="dc.creator.location.country.name" value="USA"/>
<dc element="dc.source" value="Reuters"/>
</metadata>
</newsitem>
