<?xml version="1.0" encoding="iso-8859-1" ?>
<newsitem itemid="688278" id="root" date="1997-06-26" xml:lang="en">
<title>USA: U.S. stocks off in volatile trade, NYSE sets curbs.</title>
<headline>U.S. stocks off in volatile trade, NYSE sets curbs.</headline>
<dateline>NEW YORK 1997-06-26</dateline>
<text>
<p>Wall Street stocks, after drifting in a relatively narrow range for most of the session, pushed lower as the market returned to recent volatile ways.</p>
<p>The Dow Jones Industrial Average took a swift downturn in early afternoon, trading down about 52 points to 7638. The New York Stock Exchange set curbs on index-arbitrage trading at 1245 EDT/1645 GMT.</p>
<p>The slump partly reflected weakness in bonds, which raised concerns about inflation and interest rates, traders said.</p>
<p>Nasdaq fell about six points to 1440 as the tech sector weakened. The long bond was off 12/32 to yield 6.77 percent.</p>
<p>((Wall Street desk 212-859-1730))</p>
</text>
<copyright>(c) Reuters Limited 1997</copyright>
<metadata>
<codes class="bip:countries:1.0">
  <code code="USA">
    <editdetail attribution="Reuters BIP Coding Group" action="confirmed" date="1997-06-26"/>
  </code>
</codes>
<codes class="bip:topics:1.0">
  <code code="M11">
    <editdetail attribution="Reuters BIP Coding Group" action="confirmed" date="1997-06-26"/>
  </code>
  <code code="MCAT">
    <editdetail attribution="Reuters BIP Coding Group" action="confirmed" date="1997-06-26"/>
  </code>
</codes>
<dc element="dc.date.created" value="1997-06-26"/>
<dc element="dc.publisher" value="Reuters Holdings Plc"/>
<dc element="dc.date.published" value="1997-06-26"/>
<dc element="dc.source" value="Reuters"/>
<dc element="dc.creator.location" value="NEW YORK"/>
<dc element="dc.creator.location.country.name" value="USA"/>
<dc element="dc.source" value="Reuters"/>
</metadata>
</newsitem>
