<?xml version="1.0" encoding="iso-8859-1" ?>
<newsitem itemid="388394" id="root" date="1997-02-19" xml:lang="en">
<title>USA: U.S. cocoa bean, product imports - Commerce.</title>
<headline>U.S. cocoa bean, product imports - Commerce.</headline>
<dateline>WASHINGTON 1997-02-19</dateline>
<text>
<p>U.S. Commerce report of cocoa bean and cocoa product imports, in tonnes:</p>
<p>			Dec96    Nov96    Dec95</p>
<p> Cocoa Beans-X   50,717   22,459   45,580</p>
<p>Cocoa Paste --</p>
<p> - Not Defatted   1,307    1,219    1,518</p>
<p> - Defatted	 4,492    3,468    3,393</p>
<p> Cocoa Butter-Y   6,036    5,392    5,936</p>
<p> Cocoa Powder     6,608    4,816    5,180</p>
<p>Note-Cocoa products contain no sugar or milk products. X-Whole or broken, raw or roasted. Y-Includes fat and oil.</p>
</text>
<copyright>(c) Reuters Limited 1997</copyright>
<metadata>
<codes class="bip:countries:1.0">
  <code code="USA">
    <editdetail attribution="Reuters BIP Coding Group" action="confirmed" date="1997-02-19"/>
  </code>
</codes>
<codes class="bip:topics:1.0">
  <code code="M14">
    <editdetail attribution="Reuters BIP Coding Group" action="confirmed" date="1997-02-19"/>
  </code>
  <code code="M141">
    <editdetail attribution="Reuters BIP Coding Group" action="confirmed" date="1997-02-19"/>
  </code>
  <code code="MCAT">
    <editdetail attribution="Reuters BIP Coding Group" action="confirmed" date="1997-02-19"/>
  </code>
</codes>
<dc element="dc.date.created" value="1997-02-19"/>
<dc element="dc.publisher" value="Reuters Holdings Plc"/>
<dc element="dc.date.published" value="1997-02-19"/>
<dc element="dc.source" value="Reuters"/>
<dc element="dc.creator.location" value="WASHINGTON"/>
<dc element="dc.creator.location.country.name" value="USA"/>
<dc element="dc.source" value="Reuters"/>
</metadata>
</newsitem>
