<?xml version="1.0" encoding="iso-8859-1" ?>
<newsitem itemid="335845" id="root" date="1997-01-27" xml:lang="en">
<title>GERMANY: Strikes, bad weather hit Lufthansa December number.</title>
<headline>Strikes, bad weather hit Lufthansa December number.</headline>
<dateline>FRANKFURT 1997-01-27</dateline>
<text>
<p>Strikes and bad weather caused a 1.2 percent drop in Deutsche Lufthansa AG passenger numbers to 2.2 million in December, the airline's investor relations department said.</p>
<p>The airline's passenger load factor rose 1.8 percentage points year-on-year to 63.9 percent in December, the latest monthly traffic report said.</p>
<p>&quot;The warning strike staged by the DAG white collar workers' union led not only to cancellation of a number of flights but also to many passngers switching to other airlines,&quot; the report said.</p>
<p>Flight operations were severely disrupted by wintry weather at the end of the month, it added.</p>
<p>Jet fuel prices in December were still about 50 percent up on the previous year which generated substantial additional costs, Lufthansa said.</p>
<p>Holiday airline Condor increased passenger numbers 11 percent to 355,000 in December and regional subsidiary Lufthansa Cityline saw a 17.8 percent rise to 221,000 passesngers.</p>
<p>The Lufthansa group increased overall passenger numbers 1.5 percent to 2.84 million and improved its load factor by 1.9 percentage points to 65.4 percent.</p>
</text>
<copyright>(c) Reuters Limited 1997</copyright>
<metadata>
<codes class="bip:countries:1.0">
  <code code="GFR">
    <editdetail attribution="Reuters BIP Coding Group" action="confirmed" date="1997-01-27"/>
  </code>
</codes>
<codes class="bip:industries:1.0">
  <code code="I75000">
    <editdetail attribution="Reuters BIP Coding Group" action="confirmed" date="1997-01-27"/>
  </code>
</codes>
<codes class="bip:topics:1.0">
  <code code="C31">
    <editdetail attribution="Reuters BIP Coding Group" action="confirmed" date="1997-01-27"/>
  </code>
  <code code="CCAT">
    <editdetail attribution="Reuters BIP Coding Group" action="confirmed" date="1997-01-27"/>
  </code>
</codes>
<dc element="dc.date.created" value="1997-01-27"/>
<dc element="dc.publisher" value="Reuters Holdings Plc"/>
<dc element="dc.date.published" value="1997-01-27"/>
<dc element="dc.source" value="Reuters"/>
<dc element="dc.creator.location" value="FRANKFURT"/>
<dc element="dc.creator.location.country.name" value="GERMANY"/>
<dc element="dc.source" value="Reuters"/>
</metadata>
</newsitem>
