<?xml version="1.0" encoding="iso-8859-1" ?>
<newsitem itemid="238864" id="root" date="1996-12-05" xml:lang="en">
<title>HONG KONG: Guangdong Inv sells HK$32 mln office unit.</title>
<headline>Guangdong Inv sells HK$32 mln office unit.</headline>
<dateline>HONG KONG 1996-12-05</dateline>
<text>
<p>Guangdong Investment Ltd said on Thursday it will sell an office unit in its building on Connaught Road Central in Hong Kong's Sheung Wan district to its 39.25 percent controlling parent Guangdong Enterprises (Holdings) Ltd for HK$31.60 million.</p>
<p>The office unit covers a gross floor area of 3,901 square feet and is on the 20th floor of Guangdong Investment Tower. The Tower is a 27-storey office building completed in early 1996 located south of the Macau Ferry Terminal, the comapny said.</p>
<p>The deal is expected to complete on December 31, 1996.</p>
<p>Guangdong Investment, which indirectly owns the entire office building, said it has also agreed to lease another office unit in the Tower to the parent at a monthly rental of HK$87,906 for a term of two years commencing on January 2, 1997.</p>
<p>-- Hong Kong Newsroom (852) 2843 6370</p>
</text>
<copyright>(c) Reuters Limited 1996</copyright>
<metadata>
<codes class="bip:countries:1.0">
  <code code="HKONG">
    <editdetail attribution="Reuters BIP Coding Group" action="confirmed" date="1996-12-05"/>
  </code>
</codes>
<codes class="bip:topics:1.0">
  <code code="C18">
    <editdetail attribution="Reuters BIP Coding Group" action="confirmed" date="1996-12-05"/>
  </code>
  <code code="C182">
    <editdetail attribution="Reuters BIP Coding Group" action="confirmed" date="1996-12-05"/>
  </code>
  <code code="C24">
    <editdetail attribution="Reuters BIP Coding Group" action="confirmed" date="1996-12-05"/>
  </code>
  <code code="CCAT">
    <editdetail attribution="Reuters BIP Coding Group" action="confirmed" date="1996-12-05"/>
  </code>
</codes>
<dc element="dc.date.created" value="1996-12-05"/>
<dc element="dc.publisher" value="Reuters Holdings Plc"/>
<dc element="dc.date.published" value="1996-12-05"/>
<dc element="dc.source" value="Reuters"/>
<dc element="dc.creator.location" value="HONG KONG"/>
<dc element="dc.creator.location.country.name" value="HONG KONG"/>
<dc element="dc.source" value="Reuters"/>
</metadata>
</newsitem>
