<?xml version="1.0" encoding="iso-8859-1" ?>
<newsitem itemid="407098" id="root" date="1997-02-27" xml:lang="en">
<title>CZECH REPUBLIC: Czech SPT says calls via Germany restored.</title>
<headline>Czech SPT says calls via Germany restored.</headline>
<dateline>PRAGUE 1997-02-27</dateline>
<text>
<p>The Czech telephone company SPT Telecom a.s. said on Thursday that international connections through Germany were fully restored after being cut due to a cable disruption on German territory just before midday.</p>
<p>In a statement, SPT said that the German telephone company Deutsche Telekom AG had repaired the problem and restored full service as of 15:44 p.m. (1444 GMT).</p>
<p>Early SPT said 70 percent of its calls passing through Germany were affected because of the breakdown.</p>
<p>It said the disruption began at 11:39 a.m. (1039 GMT).</p>
<p>-- Prague Newsroom, 42-2-2423-0003</p>
</text>
<copyright>(c) Reuters Limited 1997</copyright>
<metadata>
<codes class="bip:countries:1.0">
  <code code="CZREP">
    <editdetail attribution="Reuters BIP Coding Group" action="confirmed" date="1997-02-27"/>
  </code>
  <code code="GFR">
    <editdetail attribution="Reuters BIP Coding Group" action="confirmed" date="1997-02-27"/>
  </code>
</codes>
<codes class="bip:industries:1.0">
  <code code="I79020">
    <editdetail attribution="Reuters BIP Coding Group" action="confirmed" date="1997-02-27"/>
  </code>
</codes>
<codes class="bip:topics:1.0">
  <code code="C21">
    <editdetail attribution="Reuters BIP Coding Group" action="confirmed" date="1997-02-27"/>
  </code>
  <code code="C24">
    <editdetail attribution="Reuters BIP Coding Group" action="confirmed" date="1997-02-27"/>
  </code>
  <code code="CCAT">
    <editdetail attribution="Reuters BIP Coding Group" action="confirmed" date="1997-02-27"/>
  </code>
</codes>
<dc element="dc.date.created" value="1997-02-27"/>
<dc element="dc.publisher" value="Reuters Holdings Plc"/>
<dc element="dc.date.published" value="1997-02-27"/>
<dc element="dc.source" value="Reuters"/>
<dc element="dc.creator.location" value="PRAGUE"/>
<dc element="dc.creator.location.country.name" value="CZECH REPUBLIC"/>
<dc element="dc.source" value="Reuters"/>
</metadata>
</newsitem>
