<?xml version="1.0" encoding="iso-8859-1" ?>
<newsitem itemid="484937" id="root" date="1997-04-03" xml:lang="en">
<title>BELGIUM: Spector says sees better performance 1997.</title>
<headline>Spector says sees better performance 1997.</headline>
<dateline>BRUSSELS 1997-04-03</dateline>
<text>
<p>Belgian photo processing group Spector, which suffered a steep fall in 1996 profit, said on Thursday it expected to put in a better performance in 1997.</p>
<p>&quot;The strengthened management of the group, cost controls, better raw material prices, the application of direct marketing techniques...and the growing success of mail order photograph sales should produce better results in 1997,&quot; the firm said in a statement accompanying its annual results.</p>
<p>Spector said group net earnings fell 54 percent to 108 million Belgian francs in 1996 due to a provision of 223 million francs linked to its  Interdiscount France unit.</p>
<p>-- Brussels Newsroom +32 2 287 6810, Fax +32 2 230 7710</p>
</text>
<copyright>(c) Reuters Limited 1997</copyright>
<metadata>
<codes class="bip:countries:1.0">
  <code code="BELG">
    <editdetail attribution="Reuters BIP Coding Group" action="confirmed" date="1997-04-03"/>
  </code>
</codes>
<codes class="bip:industries:1.0">
  <code code="I49300">
    <editdetail attribution="Reuters BIP Coding Group" action="confirmed" date="1997-04-03"/>
  </code>
</codes>
<codes class="bip:topics:1.0">
  <code code="C15">
    <editdetail attribution="Reuters BIP Coding Group" action="confirmed" date="1997-04-03"/>
  </code>
  <code code="C152">
    <editdetail attribution="Reuters BIP Coding Group" action="confirmed" date="1997-04-03"/>
  </code>
  <code code="CCAT">
    <editdetail attribution="Reuters BIP Coding Group" action="confirmed" date="1997-04-03"/>
  </code>
</codes>
<dc element="dc.date.created" value="1997-04-03"/>
<dc element="dc.publisher" value="Reuters Holdings Plc"/>
<dc element="dc.date.published" value="1997-04-03"/>
<dc element="dc.source" value="Reuters"/>
<dc element="dc.creator.location" value="BRUSSELS"/>
<dc element="dc.creator.location.country.name" value="BELGIUM"/>
<dc element="dc.source" value="Reuters"/>
</metadata>
</newsitem>
