<?xml version="1.0" encoding="iso-8859-1" ?>
<newsitem itemid="684033" id="root" date="1997-06-24" xml:lang="en">
<title>UK: EIB sets first structured euro Eurobond, in lire.</title>
<headline>EIB sets first structured euro Eurobond, in lire.</headline>
<dateline>LONDON 1997-06-24</dateline>
<text>
<p>The European Investment Bank on Tuesday launched the first structured Eurobond that can be redenominated into euros after EMU, joint lead manager Banca Nazionale del Lavoro said.</p>
<p>Dealers said the structure had been adopted to overcome tax problems for Italian investors if the lira deal had been issued with the same coupon as other EIB bond issues with which it will, ultimately, be fungible.</p>
<p>The 1.0 trillion lire deal due February 2007 will carry a 9.00 percent coupon until February 15, 1999 when it will step down to 5.75 percent.</p>
<p>The deal, on which Credito Italiano and Paribas were also joint leads, will be fungible with outstanding EIB issues in escudos  ZWFU, French francs  ZVCM, guilders  ZTVE and marks ZWNQ, all with 5.75 percent coupons.</p>
<p>Giving the EIB lira deal a 5.75 percent coupon would have meant pricing the deal at a chunky discount to par, given the higher level of long-term Italian interest rates. This, in turn, would leave Italian investors with a taxable capital gain.</p>
<p>The lead managers said in a statement: &quot;The differentiated coupon structure aims at pricing the issue not below par, thus ensuring equal fiscal treatment for Italian residents versus previous EIB tributary issues&quot;.</p>
<p>While the coupon step-down is unconditional, the deal cannot be redenominated until Italy adopts the euro.</p>
<p>The third stage of European economic and monetary union, including the introduction of the European Union's planned single currency, the euro, is prescribed by EU law to take place no later than January 1, 1999.</p>
<p>-- Dan Lalor, London newsroom +44 171 542 8863</p>
</text>
<copyright>(c) Reuters Limited 1997</copyright>
<metadata>
<codes class="bip:countries:1.0">
  <code code="LUX">
    <editdetail attribution="Reuters BIP Coding Group" action="confirmed" date="1997-06-24"/>
  </code>
  <code code="UK">
    <editdetail attribution="Reuters BIP Coding Group" action="confirmed" date="1997-06-24"/>
  </code>
</codes>
<codes class="bip:industries:1.0">
  <code code="I81501">
    <editdetail attribution="Reuters BIP Coding Group" action="confirmed" date="1997-06-24"/>
  </code>
  <code code="I8150106">
    <editdetail attribution="Reuters BIP Coding Group" action="confirmed" date="1997-06-24"/>
  </code>
</codes>
<codes class="bip:topics:1.0">
  <code code="C17">
    <editdetail attribution="Reuters BIP Coding Group" action="confirmed" date="1997-06-24"/>
  </code>
  <code code="C172">
    <editdetail attribution="Reuters BIP Coding Group" action="confirmed" date="1997-06-24"/>
  </code>
  <code code="CCAT">
    <editdetail attribution="Reuters BIP Coding Group" action="confirmed" date="1997-06-24"/>
  </code>
</codes>
<dc element="dc.date.created" value="1997-06-24"/>
<dc element="dc.publisher" value="Reuters Holdings Plc"/>
<dc element="dc.date.published" value="1997-06-24"/>
<dc element="dc.source" value="Reuters"/>
<dc element="dc.creator.location" value="LONDON"/>
<dc element="dc.creator.location.country.name" value="UK"/>
<dc element="dc.source" value="Reuters"/>
</metadata>
</newsitem>
