<?xml version="1.0" encoding="iso-8859-1" ?>
<newsitem itemid="575128" id="root" date="1997-05-12" xml:lang="en">
<title>USA: MYR Group Inc Q1 net rises.</title>
<headline>MYR Group Inc Q1 net rises.</headline>
<dateline>ROLLING MEADOWS, Ill. 1997-05-12</dateline>
<text>
<p>1997			1996</p>
<p> Shr			  $0.20		    $0.05</p>
<p> Net			    693			166</p>
<p> Revs			89,004		   64,376</p>
<p> Avg shrs		   3,532		    3,411</p>
<p>(All data above 000s except per share numbers)</p>
<p>((--Chicago newsdesk, 312-408-8787))</p>
</text>
<copyright>(c) Reuters Limited 1997</copyright>
<metadata>
<codes class="bip:countries:1.0">
  <code code="USA">
    <editdetail attribution="Reuters BIP Coding Group" action="confirmed" date="1997-05-12"/>
  </code>
</codes>
<codes class="bip:industries:1.0">
  <code code="I50200">
    <editdetail attribution="Reuters BIP Coding Group" action="confirmed" date="1997-05-12"/>
  </code>
</codes>
<codes class="bip:topics:1.0">
  <code code="C15">
    <editdetail attribution="Reuters BIP Coding Group" action="confirmed" date="1997-05-12"/>
  </code>
  <code code="C151">
    <editdetail attribution="Reuters BIP Coding Group" action="confirmed" date="1997-05-12"/>
  </code>
  <code code="CCAT">
    <editdetail attribution="Reuters BIP Coding Group" action="confirmed" date="1997-05-12"/>
  </code>
</codes>
<dc element="dc.date.created" value="1997-05-12"/>
<dc element="dc.publisher" value="Reuters Holdings Plc"/>
<dc element="dc.date.published" value="1997-05-12"/>
<dc element="dc.source" value="Reuters"/>
<dc element="dc.creator.location" value="ROLLING MEADOWS, Ill."/>
<dc element="dc.creator.location.country.name" value="USA"/>
<dc element="dc.source" value="Reuters"/>
</metadata>
</newsitem>
