<?xml version="1.0" encoding="iso-8859-1" ?>
<newsitem itemid="31450" id="root" date="1996-09-04" xml:lang="en">
<title>GREECE: SIMITIS PROMISES HIGHER PENSISONS FOR FARMERS.</title>
<headline>SIMITIS PROMISES HIGHER PENSISONS FOR FARMERS.</headline>
<dateline>ATHENS 1996-09-04</dateline>
<text>
<p>Greek Prime Minister Costas Simitis unveiled his plans for farmers and small firms promising higher pensions, free medical and pharmaceutical care for farmers and lower social insurance premiums to firms for new hirings of young people.</p>
<p>The Organisation of Farmers Insurance (OGA) will become a main insurance fund and provide farmers with decent pensions comparable to those of other funds starting in 1997, Simitis told a press conference.</p>
<p>He promised that his socialist PASOK party, if elected, will apply a living cost clause to farmers' lower basic pensions to protect their purchasing power.</p>
<p>He announced that pensioners will receive a 4,000 drachma compensation in January for inflation in the period September 1995 to December 1996.</p>
<p>The financing will come from insurance contributions by farmers, state budget contributions and returns earned on OGA's reserves, he said.</p>
<p>The Greek Premier also said the state would pay for a system of social care for pensioners and link low pensions with expected inflation.</p>
<p>The objective criteria for taxable income calculations will be removed when the automated tax system (TAXIS) is fully operational, said Simitis.</p>
<p>Firms hiring young people below the age of 23 or below the age of 27 for university graduates will pay two percent less in insurance premiums annually for the first two years, he said.</p>
<p>Simitis boasted that socialists gave subsidies of 380 billion drachmas to small sized firms from 1994 to date against 118 billion drachmas by the conservatives between 1991 and 1993. --Dimitris Kontogiannis, Athens Newsroom +301 3311812-4</p>
</text>
<copyright>(c) Reuters Limited 1996</copyright>
<metadata>
<codes class="bip:countries:1.0">
  <code code="GREECE">
    <editdetail attribution="Reuters BIP Coding Group" action="confirmed" date="1996-09-04"/>
  </code>
</codes>
<codes class="bip:industries:1.0">
  <code code="I01000">
    <editdetail attribution="Reuters BIP Coding Group" action="confirmed" date="1996-09-04"/>
  </code>
</codes>
<codes class="bip:topics:1.0">
  <code code="C13">
    <editdetail attribution="Reuters BIP Coding Group" action="confirmed" date="1996-09-04"/>
  </code>
  <code code="CCAT">
    <editdetail attribution="Reuters BIP Coding Group" action="confirmed" date="1996-09-04"/>
  </code>
  <code code="E21">
    <editdetail attribution="Reuters BIP Coding Group" action="confirmed" date="1996-09-04"/>
  </code>
  <code code="E211">
    <editdetail attribution="Reuters BIP Coding Group" action="confirmed" date="1996-09-04"/>
  </code>
  <code code="ECAT">
    <editdetail attribution="Reuters BIP Coding Group" action="confirmed" date="1996-09-04"/>
  </code>
  <code code="GCAT">
    <editdetail attribution="Reuters BIP Coding Group" action="confirmed" date="1996-09-04"/>
  </code>
  <code code="GHEA">
    <editdetail attribution="Reuters BIP Coding Group" action="confirmed" date="1996-09-04"/>
  </code>
  <code code="GPOL">
    <editdetail attribution="Reuters BIP Coding Group" action="confirmed" date="1996-09-04"/>
  </code>
  <code code="GWELF">
    <editdetail attribution="Reuters BIP Coding Group" action="confirmed" date="1996-09-04"/>
  </code>
</codes>
<dc element="dc.date.created" value="1996-09-04"/>
<dc element="dc.publisher" value="Reuters Holdings Plc"/>
<dc element="dc.date.published" value="1996-09-04"/>
<dc element="dc.source" value="Reuters"/>
<dc element="dc.creator.location" value="ATHENS"/>
<dc element="dc.creator.location.country.name" value="GREECE"/>
<dc element="dc.source" value="Reuters"/>
</metadata>
</newsitem>
