<?xml version="1.0" encoding="iso-8859-1" ?>
<newsitem itemid="38600" id="root" date="1996-09-06" xml:lang="en">
<title>UK: Telkom at $27.85 in London.</title>
<headline>Telkom at $27.85 in London.</headline>
<dateline>LONDON 1996-09-06</dateline>
<text>
<p>PT Telekomunikasi Indonesia (Telkom) closed at $27.85 in London on Thursday. It recorded the day's low of $27.8 and the day's high of $28.125.</p>
<p>Its previous close on Wednesday as $28.425</p>
<p>One ADS represents 20 ordinary shares.</p>
<p>-- Jakarta newsroom +6221 384-6364.</p>
</text>
<copyright>(c) Reuters Limited 1996</copyright>
<metadata>
<codes class="bip:countries:1.0">
  <code code="INDON">
    <editdetail attribution="Reuters BIP Coding Group" action="confirmed" date="1996-09-06"/>
  </code>
  <code code="UK">
    <editdetail attribution="Reuters BIP Coding Group" action="confirmed" date="1996-09-06"/>
  </code>
</codes>
<codes class="bip:industries:1.0">
  <code code="I79020">
    <editdetail attribution="Reuters BIP Coding Group" action="confirmed" date="1996-09-06"/>
  </code>
</codes>
<codes class="bip:topics:1.0">
  <code code="C15">
    <editdetail attribution="Reuters BIP Coding Group" action="confirmed" date="1996-09-06"/>
  </code>
  <code code="C152">
    <editdetail attribution="Reuters BIP Coding Group" action="confirmed" date="1996-09-06"/>
  </code>
  <code code="CCAT">
    <editdetail attribution="Reuters BIP Coding Group" action="confirmed" date="1996-09-06"/>
  </code>
</codes>
<dc element="dc.date.created" value="1996-09-06"/>
<dc element="dc.publisher" value="Reuters Holdings Plc"/>
<dc element="dc.date.published" value="1996-09-06"/>
<dc element="dc.source" value="Reuters"/>
<dc element="dc.creator.location" value="LONDON"/>
<dc element="dc.creator.location.country.name" value="UK"/>
<dc element="dc.source" value="Reuters"/>
</metadata>
</newsitem>
