<?xml version="1.0" encoding="iso-8859-1" ?>
<newsitem itemid="335964" id="root" date="1997-01-27" xml:lang="en">
<title>ITALY: Italy's total reserves rise in December.</title>
<headline>Italy's total reserves rise in December.</headline>
<dateline>ROME 1997-01-27</dateline>
<text>
<p>Italy's total reserves stood at 106.773 trillion lire at end-December, the Italian Exchange Office said in a statement.</p>
<p>The office gave the following data in trillions of lire:</p>
<p>				    Dec 96	 Nov 96	 Dec 95</p>
<p>    Total reserves	    106.773	109.975	91.462</p>
<p>    Total assets		108.683	111.736	95.513</p>
<p>     (of which in gold)	38.366	 38.723	40.257</p>
<p>    Liabilities		   1.910	  1.761	 4.051</p>
<p>    (of which short-term)     0.364	  0.225	 2.396</p>
</text>
<copyright>(c) Reuters Limited 1997</copyright>
<metadata>
<codes class="bip:countries:1.0">
  <code code="ITALY">
    <editdetail attribution="Reuters BIP Coding Group" action="confirmed" date="1997-01-27"/>
  </code>
</codes>
<codes class="bip:topics:1.0">
  <code code="E51">
    <editdetail attribution="Reuters BIP Coding Group" action="confirmed" date="1997-01-27"/>
  </code>
  <code code="E513">
    <editdetail attribution="Reuters BIP Coding Group" action="confirmed" date="1997-01-27"/>
  </code>
  <code code="ECAT">
    <editdetail attribution="Reuters BIP Coding Group" action="confirmed" date="1997-01-27"/>
  </code>
</codes>
<dc element="dc.date.created" value="1997-01-27"/>
<dc element="dc.publisher" value="Reuters Holdings Plc"/>
<dc element="dc.date.published" value="1997-01-27"/>
<dc element="dc.source" value="Reuters"/>
<dc element="dc.creator.location" value="ROME"/>
<dc element="dc.creator.location.country.name" value="ITALY"/>
<dc element="dc.source" value="Reuters"/>
</metadata>
</newsitem>
