<?xml version="1.0" encoding="iso-8859-1" ?>
<newsitem itemid="651400" id="root" date="1997-06-10" xml:lang="en">
<title>UK: DSL unit adds 300 mln marks to Jan 2007 bond.</title>
<headline>DSL unit adds 300 mln marks to Jan 2007 bond.</headline>
<dateline>LONDON 1997-06-10</dateline>
<text>
<p>The following bond was announced by joint lead managers Deutsche Morgan Grenfell and SBC Warburg.</p>
<p> BORROWER   DSL FINANCE NV</p>
<p>GUARANTOR  DEUTSCHE SIEDLUNGS-UND LANDESRENTENBANK</p>
<p> AMT  * 1.3 BLN DEM   COUPON     6.00	MATURITY    15.JAN.07</p>
<p> TYPE	 STRAIGHT  ISS PRICE  103.175   PAY DATE  **25.JUN.97</p>
<p> FULL FEES  2.5 PCT   REOFFER    101.00    SPREAD	+11 BP</p>
<p> NOTES    * 300 MLN DEM INCREASE, BOND NOW TOTALS 1.3 BLN DEM</p>
<p>	   ** PLUS 160 DAYS ACCRUED INTEREST</p>
<p> MOODY	AAA	 LISTING    FFT	 PAY FREQ    =</p>
<p> IBCA	 AAA	 DENOMS (K) 1-10-100  SALE LIMITS US/UK/NL</p>
<p> NEG PLG    NO	  CRS DEFLT  NO	  FORCE MAJ   YES</p>
<p> GOV LAW    GERMAN    HOME CTRY  =	   TAX PROVS   =</p>
<p> MGT/UND    0.325     SELL CONC  2.175     PRAECIPUUM  =</p>
<p>UNDERLYING GOVT BOND JAN 2007 BUND -- London Newsroom +44 171 542 7658</p>
</text>
<copyright>(c) Reuters Limited 1997</copyright>
<metadata>
<codes class="bip:countries:1.0">
  <code code="GFR">
    <editdetail attribution="Reuters BIP Coding Group" action="confirmed" date="1997-06-10"/>
  </code>
  <code code="UK">
    <editdetail attribution="Reuters BIP Coding Group" action="confirmed" date="1997-06-10"/>
  </code>
</codes>
<codes class="bip:industries:1.0">
  <code code="I81402">
    <editdetail attribution="Reuters BIP Coding Group" action="confirmed" date="1997-06-10"/>
  </code>
</codes>
<codes class="bip:topics:1.0">
  <code code="C17">
    <editdetail attribution="Reuters BIP Coding Group" action="confirmed" date="1997-06-10"/>
  </code>
  <code code="C172">
    <editdetail attribution="Reuters BIP Coding Group" action="confirmed" date="1997-06-10"/>
  </code>
  <code code="CCAT">
    <editdetail attribution="Reuters BIP Coding Group" action="confirmed" date="1997-06-10"/>
  </code>
</codes>
<dc element="dc.date.created" value="1997-06-10"/>
<dc element="dc.publisher" value="Reuters Holdings Plc"/>
<dc element="dc.date.published" value="1997-06-10"/>
<dc element="dc.source" value="Reuters"/>
<dc element="dc.creator.location" value="LONDON"/>
<dc element="dc.creator.location.country.name" value="UK"/>
<dc element="dc.source" value="Reuters"/>
</metadata>
</newsitem>
