<?xml version="1.0" encoding="iso-8859-1" ?>
<newsitem itemid="165866" id="root" date="1996-11-05" xml:lang="en">
<title>UK: Disney spreads wings, launches Kiwi bond.</title>
<headline>Disney spreads wings, launches Kiwi bond.</headline>
<dateline>LONDON 1996-11-05</dateline>
<text>
<p>Walt Disney Co further diversified its funding on Tuesday by tapping the New Zealand dollar sector for the first time, lead manager Hambros Bank said.</p>
<p>&quot;The decision to tap the (New Zealand dollar) market originated from Walt Disney's desire to diversify their funding routes to retail sectors,&quot; Hambros Bank said in a statement.</p>
<p>Disney tapped the Italian lire and Swiss franc sectors earlier this year with success.</p>
<p>&quot;Disney is a fantastic retail name. Its a coup for us to bring this type of name to market,&quot; a syndicate manager at Hambros said.</p>
<p>The bond sold &quot;exceptionally well&quot; to German, Swiss and Benelux retail investors, he added.</p>
<p>The NZ$100 million three-year offering pays a 7.25 percent coupon. The Hambros syndicate official said at the 99.90 reoffer price it offered a spread of 15 basis points over New Zealand government paper.</p>
<p>But officials in the syndicate criticised the low coupon. They said coupons below 8.00 percent were too tight.</p>
<p>&quot;Walt Disney pushes the retail sector to the limit,&quot; a syndicate manager in Amsterdam said.</p>
<p>Another syndicate official in Frankfurt said: &quot;It (the bond) should live on its name although it is quite expensive.&quot;</p>
<p>The issue follows AAA-rated deals in October from Deutsche Bank -- with a 7.75 percent two-year issue -- and Kreditanstalt Fuer Weideraufbau, with a 7.50 percent five-year bond.</p>
<p>The New Zealand dollar sector, said to be a candidate for retail sector of the year after coming to life in the Spring, has seen a number of top-notch borrowers.</p>
<p>Walt Disney was downgraded in February after its acquisition of Capital Cities/ABC Inc. It is now rated A2 by Moody's Investors Service and A by Standard &amp; Poor's Corp.</p>
<p>In August, Disney launched a 125 million Swiss franc bond due December 2000 which paid a 4.0 percent coupon. In May, it issued a 300 billion lire four-year bond which paid an 8.625 percent coupon.</p>
<p>-- Hayley Pienaar, London Newsroom +44 171 542 7718</p>
</text>
<copyright>(c) Reuters Limited 1996</copyright>
<metadata>
<codes class="bip:countries:1.0">
  <code code="UK">
    <editdetail attribution="Reuters BIP Coding Group" action="confirmed" date="1996-11-05"/>
  </code>
  <code code="USA">
    <editdetail attribution="Reuters BIP Coding Group" action="confirmed" date="1996-11-05"/>
  </code>
</codes>
<codes class="bip:industries:1.0">
  <code code="I97100">
    <editdetail attribution="Reuters BIP Coding Group" action="confirmed" date="1996-11-05"/>
  </code>
</codes>
<codes class="bip:topics:1.0">
  <code code="C17">
    <editdetail attribution="Reuters BIP Coding Group" action="confirmed" date="1996-11-05"/>
  </code>
  <code code="C172">
    <editdetail attribution="Reuters BIP Coding Group" action="confirmed" date="1996-11-05"/>
  </code>
  <code code="CCAT">
    <editdetail attribution="Reuters BIP Coding Group" action="confirmed" date="1996-11-05"/>
  </code>
</codes>
<dc element="dc.date.created" value="1996-11-05"/>
<dc element="dc.publisher" value="Reuters Holdings Plc"/>
<dc element="dc.date.published" value="1996-11-05"/>
<dc element="dc.source" value="Reuters"/>
<dc element="dc.creator.location" value="LONDON"/>
<dc element="dc.creator.location.country.name" value="UK"/>
<dc element="dc.source" value="Reuters"/>
</metadata>
</newsitem>
