<?xml version="1.0" encoding="iso-8859-1" ?>
<newsitem itemid="309250" id="root" date="1997-01-15" xml:lang="en">
<title>SRI LANKA: Sri Lanka rupee gains on low demand for dollars.</title>
<headline>Sri Lanka rupee gains on low demand for dollars.</headline>
<dateline>COLOMBO 1997-01-15</dateline>
<text>
<p>The Sri Lanka rupee closed higher against the dollar because of the lack of commercial demand for the U.S. unit, dealers said.</p>
<p>The rupee closed at 57.13 to the dollar after opening at 57.28 and closing yesterday at 57.23.</p>
<p>&quot;Early selling brought down the dollar, which stayed low due to a lack of import covering demand,&quot; said an American Express Bank dealer.</p>
<p>Dealers said the dollar would remain depressed locally despite its international strength, because of the lack of commercial and speculative demand and low call rates.</p>
<p>Overnight call money closed at 12.5 percent, with the market well offered, dealers said.</p>
<p>&quot;Recent moves by the Central Bank to cut the reserve requirement and allow importers foreign exchange borrowings, could push money down further,&quot; said a Bank of Ceylon dealer.</p>
<p>Falling Treasury Bill yields are also an indication of the liquidity in the market, he said.</p>
<p>Dealers say the high level of market liquidity could result in the Central Bank further reducing its overnight repo rate, which now stands at 12 percent.</p>
<p>--Prithi Kodagoda (941) 434319</p>
</text>
<copyright>(c) Reuters Limited 1997</copyright>
<metadata>
<codes class="bip:countries:1.0">
  <code code="SRILAN">
    <editdetail attribution="Reuters BIP Coding Group" action="confirmed" date="1997-01-15"/>
  </code>
</codes>
<codes class="bip:topics:1.0">
  <code code="M13">
    <editdetail attribution="Reuters BIP Coding Group" action="confirmed" date="1997-01-15"/>
  </code>
  <code code="M132">
    <editdetail attribution="Reuters BIP Coding Group" action="confirmed" date="1997-01-15"/>
  </code>
  <code code="MCAT">
    <editdetail attribution="Reuters BIP Coding Group" action="confirmed" date="1997-01-15"/>
  </code>
</codes>
<dc element="dc.date.created" value="1997-01-15"/>
<dc element="dc.publisher" value="Reuters Holdings Plc"/>
<dc element="dc.date.published" value="1997-01-15"/>
<dc element="dc.source" value="Reuters"/>
<dc element="dc.creator.location" value="COLOMBO"/>
<dc element="dc.creator.location.country.name" value="SRI LANKA"/>
<dc element="dc.source" value="Reuters"/>
</metadata>
</newsitem>
