<?xml version="1.0" encoding="iso-8859-1" ?>
<newsitem itemid="104036" id="root" date="1996-10-08" xml:lang="en">
<title>PHILIPPINES: RESEARCH ALERT-Avoid Abacus Consolidated-Asian Cap.</title>
<headline>RESEARCH ALERT-Avoid Abacus Consolidated-Asian Cap.</headline>
<dateline>MANILA 1996-10-08</dateline>
<text>
<p>Stock brokerage Asian Capital Equities Inc on Tuesday reporting after a company visit to Abacus Consolidated Resources Inc (ABA) said: &quot;ABA is avoid&quot;.</p>
<p>Asian Capital said it recommended investors avoid the stock until the firm revealed new corporate plans.</p>
<p>&quot;The stock has no story to tell yet,&quot; it said.  </p>
<p>Abacus Consolidated, which used to be Piedra Negra Mining Corporation, changed its name and purpose in 1989. It has significant stakes in Hedge Issues Management and Leverage Advisors (100% - holding firm), and Abacus Gaming Technologies Inc (66.33% - gaming and amusement firm) with minor interest in Suricon Resources Corporation (2% - mining and real estate).</p>
<p>Asian Capital said Hedge remains unoperational since its incorporation in 1990.</p>
<p>Abacus is one of the members that operates Pacific Online Systems Inc, which provides computer terminals and other related equipment for lottery operations in the Mindanao and Visayas region, it said.</p>
<p>Considering that Hedge remains inactive and that Abacus Gaming's lottery operations started just in June, 1996, the current price of 1.7 centavos is too expensive, Asian Capital analyst Michelle Benedicto said.</p>
<p>Abacus Consolidated shares have a par value of one centavo each. -- Manila newsroom (632) 841 8934</p>
</text>
<copyright>(c) Reuters Limited 1996</copyright>
<metadata>
<codes class="bip:countries:1.0">
  <code code="PHLNS">
    <editdetail attribution="Reuters BIP Coding Group" action="confirmed" date="1996-10-08"/>
  </code>
</codes>
<codes class="bip:topics:1.0">
  <code code="C15">
    <editdetail attribution="Reuters BIP Coding Group" action="confirmed" date="1996-10-08"/>
  </code>
  <code code="C152">
    <editdetail attribution="Reuters BIP Coding Group" action="confirmed" date="1996-10-08"/>
  </code>
  <code code="CCAT">
    <editdetail attribution="Reuters BIP Coding Group" action="confirmed" date="1996-10-08"/>
  </code>
</codes>
<dc element="dc.date.created" value="1996-10-08"/>
<dc element="dc.publisher" value="Reuters Holdings Plc"/>
<dc element="dc.date.published" value="1996-10-08"/>
<dc element="dc.source" value="Reuters"/>
<dc element="dc.creator.location" value="MANILA"/>
<dc element="dc.creator.location.country.name" value="PHILIPPINES"/>
<dc element="dc.source" value="Reuters"/>
</metadata>
</newsitem>
