<?xml version="1.0" encoding="iso-8859-1" ?>
<newsitem itemid="587942" id="root" date="1997-05-15" xml:lang="en">
<title>GREECE: PRESS DIGEST - GREEK FINANCIAL NEWS - MAY 15.</title>
<headline>PRESS DIGEST - GREEK FINANCIAL NEWS - MAY 15.</headline>
<dateline>ATHENS 1997-05-15</dateline>
<text>
<p>Leading stories in the Greek financial press:</p>
<p>KATHIMERINI</p>
<p>--Olympic Airways, Greece's national carrier, has had its wings clipped by the report of its structure by consultants Mckinsey and Co. which has proved what many believe about OA's anarchic management. The report stresses high wage bills, high absenteeism and overtime and guidelines which do nothing for productivity. Under the present conditions and structure, the report says, OA cannot survive more than three years. Mckinsey and Co. will request an extension of their contract to develop sub-programmes-studies for each sector or activity and to develop a management information system.</p>
<p>--The general price index yesterday inched towards an all-time record, closing at 1,643.69 points, up 2.03 percent. </p>
<p>--Prime Minister Costas Simitis yesterday urged unions and employers to &quot;abandon their insistence on sacrificing the future on the altar of today&quot; in his opening address to both for dialogue on changes to the job market.</p>
<p>IMERISIA</p>
<p>--A bill submitted to Parliament opens the way for speedier procedures in mergers of banks, particularly the pending merger of the state-run Housing and Mortgage banks.</p>
<p>--The Athens bourse was bullish for the 12th consecutive day yesterday with industrials receiving most attention, due, brokers said, to the fall in interest rates and the search for alternate investment options.</p>
<p>KERDOS</p>
<p>--Simitis warned of harsh consequences being the only alternative for Greece achieving economic and monetary union if there was no progress in social dialogue. These would include a devaluation of the drachma and increased inflation and foreign lending, he said.</p>
<p>--Latsis Group bank Eurobank has returned profits of 4.7 billion drachmas (up 22.6 percent)in 1996 and sister bank Interbank an increase in profits of 69 percent. The combined assets of the two makes the Group's banks the third-largest private banks. </p>
<p>--Today is the deadline for the submission of statements by businesses on their real estate hholdings.</p>
<p>NAFTEMBORIKI</p>
<p>--The volume of retail sales saw a significant increase of 3.6 percent in January 1997. </p>
<p>--Shipowner Vassillis Konstantakopoulos is preparing a 40 billion drachma investment in a hotel-conference centre complex in the prefecture of Messinia.</p>
<p>EXPRESS</p>
<p>--National Economy and Finance Minister Yannos Papandoniou will get his first idea of the conclusions of an International Monetary Fund committee's evaluation of the Greek economy today when he meets with the delegation's members. Sources say the IMF is less optimistic about the course of fiscal developments and urge structural reforms, privatisations, and a drastic cutback in public spending.</p>
<p>--A bill submitted to Parliament yesterday is designed to lower operating costs for Greek ships, increase competitiveness, and keep vessels at the Greek registry.</p>
<p>--Maria Petrakis, Athens Newsroom +301 3311812-4</p>
</text>
<copyright>(c) Reuters Limited 1997</copyright>
<metadata>
<codes class="bip:countries:1.0">
  <code code="GREECE">
    <editdetail attribution="Reuters BIP Coding Group" action="confirmed" date="1997-05-15"/>
  </code>
</codes>
<codes class="bip:topics:1.0">
  <code code="GCAT">
    <editdetail attribution="Reuters BIP Coding Group" action="confirmed" date="1997-05-15"/>
  </code>
</codes>
<dc element="dc.date.created" value="1997-05-15"/>
<dc element="dc.publisher" value="Reuters Holdings Plc"/>
<dc element="dc.date.published" value="1997-05-15"/>
<dc element="dc.source" value="Reuters"/>
<dc element="dc.creator.location" value="ATHENS"/>
<dc element="dc.creator.location.country.name" value="GREECE"/>
<dc element="dc.source" value="Reuters"/>
</metadata>
</newsitem>
