<?xml version="1.0" encoding="iso-8859-1" ?>
<newsitem itemid="479513" id="root" date="1997-04-01" xml:lang="en">
<title>PAKISTAN: Pakistan parliament passes president powers bill.</title>
<headline>Pakistan parliament passes president powers bill.</headline>
<dateline>ISLAMABAD 1997-04-01</dateline>
<text>
<p>The Pakistani parliament passed a constitution amendment bill on Tuesday to curb presidential powers to sack a government and parliament and appoint armed forces chiefs and provincial governors.</p>
<p>The 217-member National Assembly (lower house) adopted the bill 190-0 shortly after the 87-seat Senate (upper house) passed it 79-0 votes.  </p>
<p>The passage of the bill, announced by National Assembly speaker Ilahi Bakhsh Soomro, came hours after Prime Minister Nawaz Sharif's cabinet decided to move the amendment to restore supremacy of parliament.</p>
<p>The amendments make dissolving the National Assembly and sacking of a prime minister, the appointment of armed forces chiefs and provincial governors by the president subject to approval from the prime minister.</p>
<p>One amendment also bars provincial governors from dissolving provincial assemblies without approval from their respective chief ministers.</p>
</text>
<copyright>(c) Reuters Limited 1997</copyright>
<metadata>
<codes class="bip:countries:1.0">
  <code code="PAKIS">
    <editdetail attribution="Reuters BIP Coding Group" action="confirmed" date="1997-04-01"/>
  </code>
</codes>
<codes class="bip:topics:1.0">
  <code code="GCAT">
    <editdetail attribution="Reuters BIP Coding Group" action="confirmed" date="1997-04-01"/>
  </code>
  <code code="GPOL">
    <editdetail attribution="Reuters BIP Coding Group" action="confirmed" date="1997-04-01"/>
  </code>
</codes>
<dc element="dc.date.created" value="1997-04-01"/>
<dc element="dc.publisher" value="Reuters Holdings Plc"/>
<dc element="dc.date.published" value="1997-04-01"/>
<dc element="dc.source" value="Reuters"/>
<dc element="dc.creator.location" value="ISLAMABAD"/>
<dc element="dc.creator.location.country.name" value="PAKISTAN"/>
<dc element="dc.source" value="Reuters"/>
</metadata>
</newsitem>
