<?xml version="1.0" encoding="iso-8859-1" ?>
<newsitem itemid="204936" id="root" date="1996-11-20" xml:lang="en">
<title>JAPAN: Daitec -96/97 parent forecast.</title>
<headline>Daitec -96/97 parent forecast.</headline>
<dateline>TOKYO 1996-11-20</dateline>
<text>
<p>Year to September 30, 1997</p>
<p>		   (in billions of yen unless specified)</p>
<p>			   LATEST	    ACTUAL</p>
<p> (Parent)	     FORECAST	  YEAR-AGO</p>
<p> Sales		 14.00		13.54</p>
<p> Current		4.10		 3.89</p>
<p> Net		    2.38		 2.27</p>
<p> EPS		  212.27 yen	 202.70 yen</p>
<p> Ord div	     50.00 yen	  30.00 yen</p>
<p> -Special div	    -		20.00 yen</p>
<p>NOTE - Daitec Co Ltd is involved in information processing and software development.</p>
</text>
<copyright>(c) Reuters Limited 1996</copyright>
<metadata>
<codes class="bip:countries:1.0">
  <code code="JAP">
    <editdetail attribution="Reuters BIP Coding Group" action="confirmed" date="1996-11-20"/>
  </code>
</codes>
<codes class="bip:topics:1.0">
  <code code="C15">
    <editdetail attribution="Reuters BIP Coding Group" action="confirmed" date="1996-11-20"/>
  </code>
  <code code="C152">
    <editdetail attribution="Reuters BIP Coding Group" action="confirmed" date="1996-11-20"/>
  </code>
  <code code="CCAT">
    <editdetail attribution="Reuters BIP Coding Group" action="confirmed" date="1996-11-20"/>
  </code>
</codes>
<dc element="dc.date.created" value="1996-11-20"/>
<dc element="dc.publisher" value="Reuters Holdings Plc"/>
<dc element="dc.date.published" value="1996-11-20"/>
<dc element="dc.source" value="Reuters"/>
<dc element="dc.creator.location" value="TOKYO"/>
<dc element="dc.creator.location.country.name" value="JAPAN"/>
<dc element="dc.source" value="Reuters"/>
</metadata>
</newsitem>
