<?xml version="1.0" encoding="iso-8859-1" ?>
<newsitem itemid="515001" id="root" date="1997-04-16" xml:lang="en">
<title>USA: Dow industrials down at start of trading.</title>
<headline>Dow industrials down at start of trading.</headline>
<dateline>NEW YORK 1997-04-16</dateline>
<text>
<p>Wall Street was lower with bonds at the start of trade on Wednesday after the release of stronger than forecast U.S. March capacity utilization and industrial production data.</p>
<p>The Dow Jones industrial average was off nine at 6,578 and the Nasdaq Composite off five at 1,208.</p>
<p>The 30-year long bond was up 20/32 to yield 7.15 percent.</p>
</text>
<copyright>(c) Reuters Limited 1997</copyright>
<metadata>
<codes class="bip:countries:1.0">
  <code code="USA">
    <editdetail attribution="Reuters BIP Coding Group" action="confirmed" date="1997-04-16"/>
  </code>
</codes>
<codes class="bip:topics:1.0">
  <code code="E311">
    <editdetail attribution="Reuters BIP Coding Group" action="confirmed" date="1997-04-16"/>
  </code>
  <code code="E312">
    <editdetail attribution="Reuters BIP Coding Group" action="confirmed" date="1997-04-16"/>
  </code>
  <code code="E512">
    <editdetail attribution="Reuters BIP Coding Group" action="confirmed" date="1997-04-16"/>
  </code>
</codes>
<dc element="dc.date.created" value="1997-04-16"/>
<dc element="dc.publisher" value="Reuters Holdings Plc"/>
<dc element="dc.date.published" value="1997-04-16"/>
<dc element="dc.source" value="Reuters"/>
<dc element="dc.creator.location" value="NEW YORK"/>
<dc element="dc.creator.location.country.name" value="USA"/>
<dc element="dc.source" value="Reuters"/>
</metadata>
</newsitem>
