<?xml version="1.0" encoding="iso-8859-1" ?>
<newsitem itemid="244378" id="root" date="1996-12-09" xml:lang="en">
<title>USA: FGIC qualifies Wayzata, Minn., school bonds.</title>
<headline>FGIC qualifies Wayzata, Minn., school bonds.</headline>
<dateline>NEW YORK 1996-12-09</dateline>
<text>
<p>Financial Guaranty Insurance Co said Monday it qualified for bond insurance Wayzata Independent School District No 284, Minn.'s $24.3 million general obligation bond issue, set for competitive sale at 1200 EST.</p>
<p>--U.S. Municipal Desk, 212-859-1650</p>
</text>
<copyright>(c) Reuters Limited 1996</copyright>
<metadata>
<codes class="bip:countries:1.0">
  <code code="USA">
    <editdetail attribution="Reuters BIP Coding Group" action="confirmed" date="1996-12-09"/>
  </code>
</codes>
<codes class="bip:topics:1.0">
  <code code="E21">
    <editdetail attribution="Reuters BIP Coding Group" action="confirmed" date="1996-12-09"/>
  </code>
  <code code="E212">
    <editdetail attribution="Reuters BIP Coding Group" action="confirmed" date="1996-12-09"/>
  </code>
  <code code="ECAT">
    <editdetail attribution="Reuters BIP Coding Group" action="confirmed" date="1996-12-09"/>
  </code>
</codes>
<dc element="dc.date.created" value="1996-12-09"/>
<dc element="dc.publisher" value="Reuters Holdings Plc"/>
<dc element="dc.date.published" value="1996-12-09"/>
<dc element="dc.source" value="Reuters"/>
<dc element="dc.creator.location" value="NEW YORK"/>
<dc element="dc.creator.location.country.name" value="USA"/>
<dc element="dc.source" value="Reuters"/>
</metadata>
</newsitem>
