<?xml version="1.0" encoding="iso-8859-1" ?>
<newsitem itemid="444621" id="root" date="1997-03-14" xml:lang="en">
<title>CYPRUS: PRESS DIGEST - Cyprus - March 14.</title>
<headline>PRESS DIGEST - Cyprus - March 14.</headline>
<dateline>NICOSIA 1997-03-14</dateline>
<text>
<p>These are some of the leading stories in the Greek Cypriot press on Friday. Reuters has not verified these reports and does not vouch for their accuracy.</p>
<p>ALITHIA</p>
<p>- (Right wing) Disy party expects clarifications from Yiannakis Matsis, its party leader who resigned his post on Wednesday. Vice chairman Nicos Anastassiades will probably be the only candidate in party elections scheduled for May.</p>
<p>- Four basketball players are detained on suspicion of attacking a policeman.</p>
<p>CYPRUS MAIL</p>
<p>- The drugs squad are in the dock over a sting operation in which an Egyptian was jailed for 12 years. The appeals court ordered his release.</p>
<p>- Church ownership of the Hellenic Mining Company is under the spotlight as archbishop is set to sell his stake in Vassiliko Cement</p>
<p>HARAVGHI</p>
<p>- The (Glafcos) Clerides government has led the Cyprus issue to a dead end with its inconsistent policies, says communist Akel party leader Demetris Christofias.</p>
<p>PHILELEPHTHEROS</p>
<p>- Confrontational atmosphere in Disy is toned down. Matsis is determined not to seek re-election to the post of party leader.</p>
<p>- Alleged Turkish spy was working on the construction site of the Paphos airbase, while man now in custody was roaming army camps, using his family as a cover, to film installations.</p>
<p>SIMERINI</p>
<p>- Tough rally starts for the succession of Yiannakis Matsis in Disy.</p>
</text>
<copyright>(c) Reuters Limited 1997</copyright>
<metadata>
<codes class="bip:countries:1.0">
  <code code="CYPR">
    <editdetail attribution="Reuters BIP Coding Group" action="confirmed" date="1997-03-14"/>
  </code>
</codes>
<codes class="bip:topics:1.0">
  <code code="GCAT">
    <editdetail attribution="Reuters BIP Coding Group" action="confirmed" date="1997-03-14"/>
  </code>
</codes>
<dc element="dc.date.created" value="1997-03-14"/>
<dc element="dc.publisher" value="Reuters Holdings Plc"/>
<dc element="dc.date.published" value="1997-03-14"/>
<dc element="dc.source" value="Reuters"/>
<dc element="dc.creator.location" value="NICOSIA"/>
<dc element="dc.creator.location.country.name" value="CYPRUS"/>
<dc element="dc.source" value="Reuters"/>
</metadata>
</newsitem>
