<?xml version="1.0" encoding="iso-8859-1" ?>
<newsitem itemid="474060" id="root" date="1997-03-28" xml:lang="en">
<title>LITHUANIA: LITHUANIA -AGRICULTURAL BANK SAYS TO RETAIN 1996 PROFITS.</title>
<headline>LITHUANIA -AGRICULTURAL BANK SAYS TO RETAIN 1996 PROFITS.</headline>
<dateline>VILNIUS 1997-03-28</dateline>
<text>
<p>Lithuania's state-run Agricultural Bank, which is slated for privatisation, said on Friday that its shareholders had decided to keep all of the profits in the company and not to pay dividends.</p>
<p>The bank reported last week that its 1996 net profit had fallen to 25.5 million litas from 26.5 million litas the previous year.</p>
<p>But the bank said it has financial difficulties stemming from soft credits granted in previous years to the country's struggling agricultural sector.</p>
<p>&quot;The bank's shareholders have decided that they will not pay dividends for 1996 and will use the 1996 profits to compensate for losses from previous years,&quot; the bank's spokeswoman, Imandre Daukshiene, told Reuters.</p>
<p>She added that the shareholders had rejected a proposal to boost the bank's share capital by 29.25 million litas to 157.25 million litas.</p>
<p>The bank, the largest in the country in terms of assets, is one of two state-run banks which the government has committed itself to privatise through open bids.</p>
<p>--Andrius Vilkancas, Vilnius newsroom +370 2 22 35 17</p>
</text>
<copyright>(c) Reuters Limited 1997</copyright>
<metadata>
<codes class="bip:countries:1.0">
  <code code="LITH">
    <editdetail attribution="Reuters BIP Coding Group" action="confirmed" date="1997-03-28"/>
  </code>
</codes>
<codes class="bip:industries:1.0">
  <code code="I81402">
    <editdetail attribution="Reuters BIP Coding Group" action="confirmed" date="1997-03-28"/>
  </code>
</codes>
<codes class="bip:topics:1.0">
  <code code="C11">
    <editdetail attribution="Reuters BIP Coding Group" action="confirmed" date="1997-03-28"/>
  </code>
  <code code="C15">
    <editdetail attribution="Reuters BIP Coding Group" action="confirmed" date="1997-03-28"/>
  </code>
  <code code="C151">
    <editdetail attribution="Reuters BIP Coding Group" action="confirmed" date="1997-03-28"/>
  </code>
  <code code="C1511">
    <editdetail attribution="Reuters BIP Coding Group" action="confirmed" date="1997-03-28"/>
  </code>
  <code code="CCAT">
    <editdetail attribution="Reuters BIP Coding Group" action="confirmed" date="1997-03-28"/>
  </code>
</codes>
<dc element="dc.date.created" value="1997-03-28"/>
<dc element="dc.publisher" value="Reuters Holdings Plc"/>
<dc element="dc.date.published" value="1997-03-28"/>
<dc element="dc.source" value="Reuters"/>
<dc element="dc.creator.location" value="VILNIUS"/>
<dc element="dc.creator.location.country.name" value="LITHUANIA"/>
<dc element="dc.source" value="Reuters"/>
</metadata>
</newsitem>
