<?xml version="1.0" encoding="iso-8859-1" ?>
<newsitem itemid="202551" id="root" date="1996-11-20" xml:lang="en">
<title>BRAZIL: Brazil sets dlr buy tender in commercial market.</title>
<headline>Brazil sets dlr buy tender in commercial market.</headline>
<dateline>SAO PAULO 1996-11-20</dateline>
<text>
<p>Brazil's Central Bank announced a dollar buy tender in the commercial foreign exchange market, dealers said.</p>
<p>The real was quoted at 1.0305 per dollar before the auction, they added.</p>
<p>-- Alexandre Caverni, Sao Paulo newsroom, 55-11-2324411</p>
</text>
<copyright>(c) Reuters Limited 1996</copyright>
<metadata>
<codes class="bip:countries:1.0">
  <code code="BRAZ">
    <editdetail attribution="Reuters BIP Coding Group" action="confirmed" date="1996-11-20"/>
  </code>
</codes>
<codes class="bip:topics:1.0">
  <code code="M13">
    <editdetail attribution="Reuters BIP Coding Group" action="confirmed" date="1996-11-20"/>
  </code>
  <code code="M132">
    <editdetail attribution="Reuters BIP Coding Group" action="confirmed" date="1996-11-20"/>
  </code>
  <code code="MCAT">
    <editdetail attribution="Reuters BIP Coding Group" action="confirmed" date="1996-11-20"/>
  </code>
</codes>
<dc element="dc.date.created" value="1996-11-20"/>
<dc element="dc.publisher" value="Reuters Holdings Plc"/>
<dc element="dc.date.published" value="1996-11-20"/>
<dc element="dc.source" value="Reuters"/>
<dc element="dc.creator.location" value="SAO PAULO"/>
<dc element="dc.creator.location.country.name" value="BRAZIL"/>
<dc element="dc.source" value="Reuters"/>
</metadata>
</newsitem>
