<?xml version="1.0" encoding="iso-8859-1" ?>
<newsitem itemid="232571" id="root" date="1996-12-03" xml:lang="en">
<title>GREECE: PRESS DIGEST - GREEK GENERAL NEWS - DEC 3.</title>
<headline>PRESS DIGEST - GREEK GENERAL NEWS - DEC 3.</headline>
<dateline>ATHENS 1996-12-03</dateline>
<text>
<p>Leading stories in the Greek general press:</p>
<p>KATHIMERINI</p>
<p>--The continuing blockade of national roads by farmers and their rejection of all the government's proposals so far has led the situation to a dangerous impasse which threatens the normal functioning of the economy. Last night farmers from Larissa organised a coordinating committee for the entire country while the government is now worried about the economic consequences an expanded protest could have.</p>
<p>--The Cypriot government, with the consent of Athens, appears prepared to accept a US proposal to suspend Greek air force flights over the island. Sources say Athens agrees with this year-long 'temporary decision' on the condition the US initiative on resolving the Cyprus issue proceed with 'due seriousness and effectiveness'.</p>
<p>--An assessment of the damage wrought by the weekend's floods in the Xanthi prefecture began yesterday in the face of forecasts of a new wave of bad weather.</p>
<p>ELEFTHEROTYPIA</p>
<p>--As the sixth day of the farmers' blockades gets under way the government says it is not yet considering sending in riot police to break up the blockade and that there are no funds to satisfy farmers' demands running into tens of billions of drachmas.  </p>
<p>TA NEA</p>
<p>--The farmers' response to the government's proposals is to throw up more road blocks and demands.  The agriculture ministry's offer of resettlement of farmers' debts and commitment to cotton farmers was turned down flat. </p>
<p>ETHNOS</p>
<p>--Prices for meat were up by 50-100 drachmas at the Athens central market yesterday as the farmers blockade began to bite. Supplies to the market were down by 40 percent. </p>
<p>--Sources say Agriculture Minister Stephanos Tzoumakas feels he has become the lamb to the slaughter over the blockades as farmers demand to speak to the prime minister. The number of road blocks is up to 44 around the country from 27 yesterday.</p>
<p>--Dora Bakoyianni, a central figure in the conflict currently under way in the conservative opposition party New Democracy, says she is not thirsty for power.</p>
<p>ELEFTHEROS TYPOS</p>
<p>--Environment, Town Planning and Public Works Minister Costas Laliotis promises flood-stricken Xanthi results in seven days. --Maria Petrakis, Athens Newsroom +301 3311812-4</p>
</text>
<copyright>(c) Reuters Limited 1996</copyright>
<metadata>
<codes class="bip:countries:1.0">
  <code code="GREECE">
    <editdetail attribution="Reuters BIP Coding Group" action="confirmed" date="1996-12-03"/>
  </code>
</codes>
<codes class="bip:topics:1.0">
  <code code="GCAT">
    <editdetail attribution="Reuters BIP Coding Group" action="confirmed" date="1996-12-03"/>
  </code>
</codes>
<dc element="dc.date.created" value="1996-12-03"/>
<dc element="dc.publisher" value="Reuters Holdings Plc"/>
<dc element="dc.date.published" value="1996-12-03"/>
<dc element="dc.source" value="Reuters"/>
<dc element="dc.creator.location" value="ATHENS"/>
<dc element="dc.creator.location.country.name" value="GREECE"/>
<dc element="dc.source" value="Reuters"/>
</metadata>
</newsitem>
