<?xml version="1.0" encoding="iso-8859-1" ?>
<newsitem itemid="592079" id="root" date="1997-05-16" xml:lang="en">
<title>HONG KONG: HK Telecom to set mortgage-backed FRN.</title>
<headline>HK Telecom to set mortgage-backed FRN.</headline>
<dateline>HONG KONG 1997-05-16</dateline>
<text>
<p>Hong Kong Telecommunications Ltd's HK$800 million staff housing mortgages securities will be launched into syndication next week in the form of floating rate notes, arranger Societe Generale Group said on Friday.</p>
<p>The notes will mature in 2019 and pay an interest margin of 60 basis points over the one-month Hong Kong Interbank Offered Rate.</p>
<p>The expected average life is estimated at 3.5 to four years.</p>
<p>The securitisation will take effect through the Hong Kong Mortgage Financing Co, a special purpose vehicle incorporated in Jersey, the Channel Islands.</p>
<p>Net proceeds will be used to finance Hongkong Telecom's portfolio of staff mortgages.</p>
<p>The notes will be without recourse to Hongkong Telecom and the mortgage loan portfolio will continue to be administered by the Hongkong Telecom Group.</p>
<p>The notes will be guaranteed 100 percent by AAA-rated MBIA Assurance S.A. on the timely payment of interest and ultimate repayment of principal.</p>
<p>The notes are expected to be rated AAAr by Standard &amp; Poor's Corp and Aaa by Moody's Investors Services.</p>
<p>-- Hong Kong newsroom (852) 2847 4039</p>
</text>
<copyright>(c) Reuters Limited 1997</copyright>
<metadata>
<codes class="bip:countries:1.0">
  <code code="HKONG">
    <editdetail attribution="Reuters BIP Coding Group" action="confirmed" date="1997-05-16"/>
  </code>
</codes>
<codes class="bip:industries:1.0">
  <code code="I79020">
    <editdetail attribution="Reuters BIP Coding Group" action="confirmed" date="1997-05-16"/>
  </code>
</codes>
<codes class="bip:topics:1.0">
  <code code="C17">
    <editdetail attribution="Reuters BIP Coding Group" action="confirmed" date="1997-05-16"/>
  </code>
  <code code="C172">
    <editdetail attribution="Reuters BIP Coding Group" action="confirmed" date="1997-05-16"/>
  </code>
  <code code="CCAT">
    <editdetail attribution="Reuters BIP Coding Group" action="confirmed" date="1997-05-16"/>
  </code>
</codes>
<dc element="dc.date.created" value="1997-05-16"/>
<dc element="dc.publisher" value="Reuters Holdings Plc"/>
<dc element="dc.date.published" value="1997-05-16"/>
<dc element="dc.source" value="Reuters"/>
<dc element="dc.creator.location" value="HONG KONG"/>
<dc element="dc.creator.location.country.name" value="HONG KONG"/>
<dc element="dc.source" value="Reuters"/>
</metadata>
</newsitem>
