<?xml version="1.0" encoding="iso-8859-1" ?>
<newsitem itemid="155820" id="root" date="1996-10-31" xml:lang="en">
<title>USA: American Industrial Q3 loss narrows.</title>
<headline>American Industrial Q3 loss narrows.</headline>
<dateline>DALLAS 1996-10-31</dateline>
<text>
<p>1996			1995</p>
<p> Shr loss		   $0.09     loss	  0.10</p>
<p> Net loss		     801     loss	   898</p>
<p> Revs			 2,800		    2,892</p>
<p> Avg shrs		   9,075		    9,075</p>
<p>	   9 MONTHS</p>
<p> Shr loss		   $0.19		    $0.29</p>
<p> Net loss		   1,702     loss	 2,596</p>
<p> Revs			 8,785		    8,831</p>
<p> Avg shrs		   9,075		    9,075</p>
<p>(All data above 000s except per share numbers)</p>
</text>
<copyright>(c) Reuters Limited 1996</copyright>
<metadata>
<codes class="bip:countries:1.0">
  <code code="USA">
    <editdetail attribution="Reuters BIP Coding Group" action="confirmed" date="1996-10-31"/>
  </code>
</codes>
<codes class="bip:industries:1.0">
  <code code="I81502">
    <editdetail attribution="Reuters BIP Coding Group" action="confirmed" date="1996-10-31"/>
  </code>
  <code code="I8150206">
    <editdetail attribution="Reuters BIP Coding Group" action="confirmed" date="1996-10-31"/>
  </code>
</codes>
<codes class="bip:topics:1.0">
  <code code="C15">
    <editdetail attribution="Reuters BIP Coding Group" action="confirmed" date="1996-10-31"/>
  </code>
  <code code="C151">
    <editdetail attribution="Reuters BIP Coding Group" action="confirmed" date="1996-10-31"/>
  </code>
  <code code="CCAT">
    <editdetail attribution="Reuters BIP Coding Group" action="confirmed" date="1996-10-31"/>
  </code>
</codes>
<dc element="dc.date.created" value="1996-10-31"/>
<dc element="dc.publisher" value="Reuters Holdings Plc"/>
<dc element="dc.date.published" value="1996-10-31"/>
<dc element="dc.source" value="Reuters"/>
<dc element="dc.creator.location" value="DALLAS"/>
<dc element="dc.creator.location.country.name" value="USA"/>
<dc element="dc.source" value="Reuters"/>
</metadata>
</newsitem>
