<?xml version="1.0" encoding="iso-8859-1" ?>
<newsitem itemid="755897" id="root" date="1997-07-25" xml:lang="en">
<title>USA: TABLE - InTime Systems Q2 net rises.</title>
<headline>TABLE - InTime Systems Q2 net rises.</headline>
<dateline>WEST PALM BEACH, Fla. 1997-07-24</dateline>
<text>
<p>Three Months Ended	Six Months Ended</p>
<p>			  Jun 30,    Jun 30,     Jun 30,    Jun 30,</p>
<p>			     1997	1996	  1997	 1996</p>
<p>Net revenues:</p>
<p>Consulting</p>
<p>   services     $ 2,827,529$ 2,798,674 $ 6,027,711$ 5,073,317</p>
<p>Software</p>
<p>   related revenue  468,647    148,172     502,063    234,282</p>
<p> Other		   32,327     14,497	71,261     15,225</p>
<p>			3,328,503  2,961,343   6,601,035  5,322,824</p>
<p>Cost and expenses:</p>
<p>Cost of</p>
<p>consulting</p>
<p>   services	 1,826,307  1,391,181   3,709,998  2,788,332</p>
<p>Cost of</p>
<p>software</p>
<p>   services	   161,791     32,568     273,760    188,521</p>
<p>Sales and</p>
<p>   marketing	  422,838    595,789     853,252  1,270,792</p>
<p>Computer</p>
<p>software</p>
<p>   development	152,836    151,234     268,428    511,314</p>
<p>General and</p>
<p>   administrative   670,437    495,428   1,335,966    875,802</p>
<p>			3,234,209  2,666,200   6,441,404  5,634,761</p>
<p>Income (loss) before</p>
<p>benefit for</p>
<p>  income taxes	 94,294    295,143     159,631  (311,937)</p>
<p>Benefit for income</p>
<p>  taxes		 288,468	    -     347,909	    -</p>
<p> Net income	   382,762    295,143     507,540  (311,937)</p>
<p>Net income per</p>
<p>  share		     .15	  .11	   .19	(.12)</p>
<p>NOTE: Full name is InTime Systems International Inc.</p>
</text>
<copyright>(c) Reuters Limited 1997</copyright>
<metadata>
<codes class="bip:countries:1.0">
  <code code="USA">
    <editdetail attribution="Reuters BIP Coding Group" action="confirmed" date="1997-07-25"/>
  </code>
</codes>
<codes class="bip:topics:1.0">
  <code code="C15">
    <editdetail attribution="Reuters BIP Coding Group" action="confirmed" date="1997-07-25"/>
  </code>
  <code code="C151">
    <editdetail attribution="Reuters BIP Coding Group" action="confirmed" date="1997-07-25"/>
  </code>
  <code code="CCAT">
    <editdetail attribution="Reuters BIP Coding Group" action="confirmed" date="1997-07-25"/>
  </code>
</codes>
<dc element="dc.date.created" value="1997-07-24"/>
<dc element="dc.publisher" value="Reuters Holdings Plc"/>
<dc element="dc.date.published" value="1997-07-25"/>
<dc element="dc.source" value="Reuters"/>
<dc element="dc.creator.location" value="WEST PALM BEACH, Fla."/>
<dc element="dc.creator.location.country.name" value="USA"/>
<dc element="dc.source" value="Reuters"/>
</metadata>
</newsitem>
