<?xml version="1.0" encoding="iso-8859-1" ?>
<newsitem itemid="614450" id="root" date="1997-05-26" xml:lang="en">
<title>FRANCE: PRESS DIGEST - France - Le Monde May 26.</title>
<headline>PRESS DIGEST - France - Le Monde May 26.</headline>
<dateline>PARIS 1997-05-26</dateline>
<text>
<p>These are leading stories in afternoon daily Le Monde.</p>
<p>FRONT PAGE</p>
<p>-- Right-wing forces score historic low in the Fifth Republic against the left with 36.16 percent of votes in the first round of the parliamentary election.</p>
<p>BUSINESS PAGES</p>
<p>-- France Telecom considers mobile telephone activity in Slovakia and Romania.</p>
<p>-- Paris Newsroom +33 1 42 21 53 81</p>
</text>
<copyright>(c) Reuters Limited 1997</copyright>
<metadata>
<codes class="bip:countries:1.0">
  <code code="FRA">
    <editdetail attribution="Reuters BIP Coding Group" action="confirmed" date="1997-05-26"/>
  </code>
</codes>
<codes class="bip:topics:1.0">
  <code code="GCAT">
    <editdetail attribution="Reuters BIP Coding Group" action="confirmed" date="1997-05-26"/>
  </code>
</codes>
<dc element="dc.date.created" value="1997-05-26"/>
<dc element="dc.publisher" value="Reuters Holdings Plc"/>
<dc element="dc.date.published" value="1997-05-26"/>
<dc element="dc.source" value="Reuters"/>
<dc element="dc.creator.location" value="PARIS"/>
<dc element="dc.creator.location.country.name" value="FRANCE"/>
<dc element="dc.source" value="Reuters"/>
</metadata>
</newsitem>
