<?xml version="1.0" encoding="iso-8859-1" ?>
<newsitem itemid="271806" id="root" date="1996-12-21" xml:lang="en">
<title>USA: Eljer Industries stake reduced by Florida investor.</title>
<headline>Eljer Industries stake reduced by Florida investor.</headline>
<dateline>WASHINGTON 1996-12-20</dateline>
<text>
<p>James Lennane, a Naples, Fla., investor, said on Friday he reduced his stake in Eljer Industries Inc to 4.87 percent. or 348,500 common shares.</p>
<p>In a filing with the U.S. Securities and Exchange Commission, Lennane said he sold 127,900 shares of Eljer between November 6 and December 17 at prices ranging from $11.5375 to $23.625  a share.</p>
<p>On December 16, Zurn Industries Inc said it had agreed to buy Eljer for $24 a share.</p>
</text>
<copyright>(c) Reuters Limited 1996</copyright>
<metadata>
<codes class="bip:countries:1.0">
  <code code="USA">
    <editdetail attribution="Reuters BIP Coding Group" action="confirmed" date="1996-12-21"/>
  </code>
</codes>
<codes class="bip:industries:1.0">
  <code code="I31000">
    <editdetail attribution="Reuters BIP Coding Group" action="confirmed" date="1996-12-21"/>
  </code>
  <code code="I34200">
    <editdetail attribution="Reuters BIP Coding Group" action="confirmed" date="1996-12-21"/>
  </code>
</codes>
<codes class="bip:topics:1.0">
  <code code="C18">
    <editdetail attribution="Reuters BIP Coding Group" action="confirmed" date="1996-12-21"/>
  </code>
  <code code="C181">
    <editdetail attribution="Reuters BIP Coding Group" action="confirmed" date="1996-12-21"/>
  </code>
  <code code="CCAT">
    <editdetail attribution="Reuters BIP Coding Group" action="confirmed" date="1996-12-21"/>
  </code>
</codes>
<dc element="dc.date.created" value="1996-12-20"/>
<dc element="dc.publisher" value="Reuters Holdings Plc"/>
<dc element="dc.date.published" value="1996-12-21"/>
<dc element="dc.source" value="Reuters"/>
<dc element="dc.creator.location" value="WASHINGTON"/>
<dc element="dc.creator.location.country.name" value="USA"/>
<dc element="dc.source" value="Reuters"/>
</metadata>
</newsitem>
