<?xml version="1.0" encoding="iso-8859-1" ?>
<newsitem itemid="530945" id="root" date="1997-04-23" xml:lang="en">
<title>USA: U.S. stocks seen starting lower on profit-taking.</title>
<headline>U.S. stocks seen starting lower on profit-taking.</headline>
<dateline>NEW YORK 1997-04-23</dateline>
<text>
<p>Wall Street stocks are expected to open lower with bonds on Wednesday as the equity market comes in for profit-taking, after the Dow rallied 173 points yesterday, the second biggest advance in its history.</p>
<p>&quot;There will be some predictable profit-taking at the start,&quot; one trader said.  &quot;It seems that yesterday's euphoria in the bond and stock markets wore off overnight.  Everyone is back to worrying about all the numbers that will come out next week, including the April employment report.&quot;</p>
<p>U.S. Treasuries moved lower, with the long bond down 6/32 to yield 7.06 percent.  </p>
<p>The Standard &amp; Poor's 500 Index Futures contract for June was down 1.15 at 779.70.</p>
<p>Johnson said that a decline in the stock market would be moderated by the flow of good earnings reports.</p>
<p>((Andrej Gustincic Wall Street desk 212-859-1737))</p>
</text>
<copyright>(c) Reuters Limited 1997</copyright>
<metadata>
<codes class="bip:countries:1.0">
  <code code="USA">
    <editdetail attribution="Reuters BIP Coding Group" action="confirmed" date="1997-04-23"/>
  </code>
</codes>
<codes class="bip:topics:1.0">
  <code code="M11">
    <editdetail attribution="Reuters BIP Coding Group" action="confirmed" date="1997-04-23"/>
  </code>
  <code code="MCAT">
    <editdetail attribution="Reuters BIP Coding Group" action="confirmed" date="1997-04-23"/>
  </code>
</codes>
<dc element="dc.date.created" value="1997-04-23"/>
<dc element="dc.publisher" value="Reuters Holdings Plc"/>
<dc element="dc.date.published" value="1997-04-23"/>
<dc element="dc.source" value="Reuters"/>
<dc element="dc.creator.location" value="NEW YORK"/>
<dc element="dc.creator.location.country.name" value="USA"/>
<dc element="dc.source" value="Reuters"/>
</metadata>
</newsitem>
