<?xml version="1.0" encoding="iso-8859-1" ?>
<newsitem itemid="743404" id="root" date="1997-07-21" xml:lang="en">
<title>USA: Service says Q2 improved despite trends.</title>
<headline>Service says Q2 improved despite trends.</headline>
<dateline>HOUSTON 1997-07-21</dateline>
<text>
<p>Service Corp International said Monday that by controlling costs it grew its second-quarter revenues despite what the funeral and cemetery company described as &quot;more than normal seasonal softness in our industry.&quot;</p>
<p>Service Corp said in a news release that its U.S. operations, which account for almost 80 percent of its consolidated income, controlled costs to help boost the company's earnings.</p>
<p>Service Corp said that during the second quarter it closed 28 transactions and acquired 78 funeral service locations, 10 cemeteries and six crematoria for $117 million.</p>
<p>These acquired businesses are expected to produce $46 million in annual revenues, excluding about $19 million in annual revenues from the acquisition of Marsellus Casket Co, Service Corp said.</p>
</text>
<copyright>(c) Reuters Limited 1997</copyright>
<metadata>
<codes class="bip:countries:1.0">
  <code code="USA">
    <editdetail attribution="Reuters BIP Coding Group" action="confirmed" date="1997-07-21"/>
  </code>
</codes>
<codes class="bip:industries:1.0">
  <code code="I98100">
    <editdetail attribution="Reuters BIP Coding Group" action="confirmed" date="1997-07-21"/>
  </code>
</codes>
<codes class="bip:topics:1.0">
  <code code="C15">
    <editdetail attribution="Reuters BIP Coding Group" action="confirmed" date="1997-07-21"/>
  </code>
  <code code="C151">
    <editdetail attribution="Reuters BIP Coding Group" action="confirmed" date="1997-07-21"/>
  </code>
  <code code="CCAT">
    <editdetail attribution="Reuters BIP Coding Group" action="confirmed" date="1997-07-21"/>
  </code>
</codes>
<dc element="dc.date.created" value="1997-07-21"/>
<dc element="dc.publisher" value="Reuters Holdings Plc"/>
<dc element="dc.date.published" value="1997-07-21"/>
<dc element="dc.source" value="Reuters"/>
<dc element="dc.creator.location" value="HOUSTON"/>
<dc element="dc.creator.location.country.name" value="USA"/>
<dc element="dc.source" value="Reuters"/>
</metadata>
</newsitem>
