<?xml version="1.0" encoding="iso-8859-1" ?>
<newsitem itemid="456824" id="root" date="1997-03-20" xml:lang="en">
<title>INDIA: Bombay stocks-recent FII equity trading volumes.</title>
<headline>Bombay stocks-recent FII equity trading volumes.</headline>
<dateline>BOMBAY 1997-03-20</dateline>
<text>
<p>Turnover figures for purchases and sales of shares on the Bombay bourse by foreign institutional investors (FIIs) are as follows:</p>
<p>				  (in million rupees)</p>
<p>		     on March 18, 1997  total to date since FIIs</p>
<p>						 began trading in 1993</p>
<p> Purchases		    120		    168,060</p>
<p> Sales			  160		     70,670</p>
<p> Net			    -40		     97,390</p>
<p>Note : The above FII figures are provisional. Source: Bombay Stock Exchange</p>
<p>-- Bombay newsroom +91-22-265 9000</p>
</text>
<copyright>(c) Reuters Limited 1997</copyright>
<metadata>
<codes class="bip:countries:1.0">
  <code code="INDIA">
    <editdetail attribution="Reuters BIP Coding Group" action="confirmed" date="1997-03-20"/>
  </code>
</codes>
<codes class="bip:topics:1.0">
  <code code="M11">
    <editdetail attribution="Reuters BIP Coding Group" action="confirmed" date="1997-03-20"/>
  </code>
  <code code="MCAT">
    <editdetail attribution="Reuters BIP Coding Group" action="confirmed" date="1997-03-20"/>
  </code>
</codes>
<dc element="dc.date.created" value="1997-03-20"/>
<dc element="dc.publisher" value="Reuters Holdings Plc"/>
<dc element="dc.date.published" value="1997-03-20"/>
<dc element="dc.source" value="Reuters"/>
<dc element="dc.creator.location" value="BOMBAY"/>
<dc element="dc.creator.location.country.name" value="INDIA"/>
<dc element="dc.source" value="Reuters"/>
</metadata>
</newsitem>
