<?xml version="1.0" encoding="iso-8859-1" ?>
<newsitem itemid="362450" id="root" date="1997-02-07" xml:lang="en">
<title>USA: Comptek unit gets contracts worth $4 mln.</title>
<headline>Comptek unit gets contracts worth $4 mln.</headline>
<dateline>BUFFALO, N.Y. 1997-02-07</dateline>
<text>
<p>Comptek Research Inc said Friday its defense electronics subsidiary, Comptek Federal Systems Inc, has been awarded two contracts valued at $4 million.</p>
<p>The first contract calls for CFS to provide its proprietary second generation Advance Multiple Environment Simulator (AMES II) System to a European NATO country.</p>
<p>The AMES II is an electronic warfare threat simulator capable of generating a complex radar threat environment.</p>
<p>The company said also that a smaller transportable version of the AMES II System, known as the Micro-AMES will be delivered to a subsidiary of Israel Aircraft Industries Ltd that produces electronic warfare avionics.</p>
<p>Comptek is a supplier of electronics and data communications systems for government and industry.</p>
</text>
<copyright>(c) Reuters Limited 1997</copyright>
<metadata>
<codes class="bip:countries:1.0">
  <code code="USA">
    <editdetail attribution="Reuters BIP Coding Group" action="confirmed" date="1997-02-07"/>
  </code>
</codes>
<codes class="bip:industries:1.0">
  <code code="I34430">
    <editdetail attribution="Reuters BIP Coding Group" action="confirmed" date="1997-02-07"/>
  </code>
</codes>
<codes class="bip:topics:1.0">
  <code code="C33">
    <editdetail attribution="Reuters BIP Coding Group" action="confirmed" date="1997-02-07"/>
  </code>
  <code code="C331">
    <editdetail attribution="Reuters BIP Coding Group" action="confirmed" date="1997-02-07"/>
  </code>
  <code code="CCAT">
    <editdetail attribution="Reuters BIP Coding Group" action="confirmed" date="1997-02-07"/>
  </code>
  <code code="GCAT">
    <editdetail attribution="Reuters BIP Coding Group" action="confirmed" date="1997-02-07"/>
  </code>
  <code code="GDEF">
    <editdetail attribution="Reuters BIP Coding Group" action="confirmed" date="1997-02-07"/>
  </code>
</codes>
<dc element="dc.date.created" value="1997-02-07"/>
<dc element="dc.publisher" value="Reuters Holdings Plc"/>
<dc element="dc.date.published" value="1997-02-07"/>
<dc element="dc.source" value="Reuters"/>
<dc element="dc.creator.location" value="BUFFALO, N.Y."/>
<dc element="dc.creator.location.country.name" value="USA"/>
<dc element="dc.source" value="Reuters"/>
</metadata>
</newsitem>
