<?xml version="1.0" encoding="iso-8859-1" ?>
<newsitem itemid="171365" id="root" date="1996-11-06" xml:lang="en">
<title>JAPAN: Shin-Etsu Polymer -96/97 parent forecast.</title>
<headline>Shin-Etsu Polymer -96/97 parent forecast.</headline>
<dateline>TOKYO 1996-11-06</dateline>
<text>
<p>Year to March 31, 1997</p>
<p>		   (in billions of yen unless specified)</p>
<p>			   LATEST	    ACTUAL</p>
<p> (Parent)	     FORECAST	  YEAR-AGO</p>
<p> Sales		 57.00		54.27</p>
<p> Current		2.50		 2.29</p>
<p> Net		    1.05	     962    million</p>
<p> EPS		   12.84 yen	  11.76 yen</p>
<p> Ord div		6.00 yen	   6.00 yen</p>
<p>NOTE - Shin-Etsu Polymer Co Ltd is a resin processor affiliated with Shin-Estu Chemical Co Ltd.</p>
</text>
<copyright>(c) Reuters Limited 1996</copyright>
<metadata>
<codes class="bip:countries:1.0">
  <code code="JAP">
    <editdetail attribution="Reuters BIP Coding Group" action="confirmed" date="1996-11-06"/>
  </code>
</codes>
<codes class="bip:industries:1.0">
  <code code="I25140">
    <editdetail attribution="Reuters BIP Coding Group" action="confirmed" date="1996-11-06"/>
  </code>
</codes>
<codes class="bip:topics:1.0">
  <code code="C15">
    <editdetail attribution="Reuters BIP Coding Group" action="confirmed" date="1996-11-06"/>
  </code>
  <code code="C152">
    <editdetail attribution="Reuters BIP Coding Group" action="confirmed" date="1996-11-06"/>
  </code>
  <code code="CCAT">
    <editdetail attribution="Reuters BIP Coding Group" action="confirmed" date="1996-11-06"/>
  </code>
</codes>
<dc element="dc.date.created" value="1996-11-06"/>
<dc element="dc.publisher" value="Reuters Holdings Plc"/>
<dc element="dc.date.published" value="1996-11-06"/>
<dc element="dc.source" value="Reuters"/>
<dc element="dc.creator.location" value="TOKYO"/>
<dc element="dc.creator.location.country.name" value="JAPAN"/>
<dc element="dc.source" value="Reuters"/>
</metadata>
</newsitem>
