<?xml version="1.0" encoding="iso-8859-1" ?>
<newsitem itemid="13886" id="root" date="1996-08-26" xml:lang="en">
<title>USA: Meadowbrook Insurance sets stock buyback.</title>
<headline>Meadowbrook Insurance sets stock buyback.</headline>
<dateline>SOUTHFIELD, Mich. 1996-08-26</dateline>
<text>
<p>Meadowbrook Insurance Group Inc said Monday its board authorized the repurchase of up to $1 million worth of common stock in market transactions over the next 12 months.</p>
<p>The buybacks are for the purpose of funding exercisable stock options.</p>
<p>The company had an average of 9.2 million shares of stock outstanding at the end of the second quarter.</p>
</text>
<copyright>(c) Reuters Limited 1996</copyright>
<metadata>
<codes class="bip:countries:1.0">
  <code code="USA">
    <editdetail attribution="Reuters BIP Coding Group" action="confirmed" date="1996-08-26"/>
  </code>
</codes>
<codes class="bip:industries:1.0">
  <code code="I82000">
    <editdetail attribution="Reuters BIP Coding Group" action="confirmed" date="1996-08-26"/>
  </code>
</codes>
<codes class="bip:topics:1.0">
  <code code="C17">
    <editdetail attribution="Reuters BIP Coding Group" action="confirmed" date="1996-08-26"/>
  </code>
  <code code="C171">
    <editdetail attribution="Reuters BIP Coding Group" action="confirmed" date="1996-08-26"/>
  </code>
  <code code="C18">
    <editdetail attribution="Reuters BIP Coding Group" action="confirmed" date="1996-08-26"/>
  </code>
  <code code="C181">
    <editdetail attribution="Reuters BIP Coding Group" action="confirmed" date="1996-08-26"/>
  </code>
  <code code="CCAT">
    <editdetail attribution="Reuters BIP Coding Group" action="confirmed" date="1996-08-26"/>
  </code>
</codes>
<dc element="dc.date.created" value="1996-08-26"/>
<dc element="dc.publisher" value="Reuters Holdings Plc"/>
<dc element="dc.date.published" value="1996-08-26"/>
<dc element="dc.source" value="Reuters"/>
<dc element="dc.creator.location" value="SOUTHFIELD, Mich."/>
<dc element="dc.creator.location.country.name" value="USA"/>
<dc element="dc.source" value="Reuters"/>
</metadata>
</newsitem>
