<?xml version="1.0" encoding="iso-8859-1" ?>
<newsitem itemid="254340" id="root" date="1996-12-13" xml:lang="en">
<title>UK: Telewest, Gen Cable silent on report.</title>
<headline>Telewest, Gen Cable silent on report.</headline>
<dateline>LONDON 1996-12-13</dateline>
<text>
<p>Cable television firms Telewest and General Cable declined to comment on Friday on a report that they were discussing a possible merger or alliance, which analysts said could further consolidate UK's cable industry.</p>
<p>The Evening Standard newspaper reported on Friday that both firms have been in talks since before the formation last month of Cable &amp; Wireless Communication,  out of Mercury Communications, Bell Cablemedia, Nynex CableComms and the UK operations of Videotron.  </p>
<p>A Telewest spokesman said the company would not respond to &quot;speculation...But we believe that the cable industry needs consolidation.&quot;</p>
<p>A General Cable spokesman also declined to comment.</p>
<p>The Cable &amp; Wireless Communications deal fuelled speculation about further consolidation in the industry but analysts said a merged Telewest-General Cable entity would need to restructure operations before it could make a positive impact on investors.  </p>
<p>&quot;It will not be sufficient for them to just combine,&quot; said Oliver Eherenberg of Robert Fleming Securities.</p>
<p>Another City analyst said an alliance would benefit General Cable, boosting its network.</p>
<p>&quot;If not Telewest, it would like to have some other smaller firm. It needs to expand,&quot; an analyst said.</p>
<p>General Cable's pretax losses for nine months to September 30 rose to 21.17 million stg from 16.04 million. Telewest also showed higher losses with its third quarter losses rising to 6.4 million stg from 3.5 million.</p>
<p>Analysts said that Telewest and General Cable could jointly provide telephony and television services which could undercut services of British Telecommunications Plc and British Sky Broadcasting Plc (BSkyB), the respective leaders.</p>
<p>((--London Newsroom +44 171 542 7717 ))</p>
</text>
<copyright>(c) Reuters Limited 1996</copyright>
<metadata>
<codes class="bip:countries:1.0">
  <code code="UK">
    <editdetail attribution="Reuters BIP Coding Group" action="confirmed" date="1996-12-13"/>
  </code>
</codes>
<codes class="bip:industries:1.0">
  <code code="I47510">
    <editdetail attribution="Reuters BIP Coding Group" action="confirmed" date="1996-12-13"/>
  </code>
  <code code="I79020">
    <editdetail attribution="Reuters BIP Coding Group" action="confirmed" date="1996-12-13"/>
  </code>
  <code code="I97400">
    <editdetail attribution="Reuters BIP Coding Group" action="confirmed" date="1996-12-13"/>
  </code>
  <code code="I9741109">
    <editdetail attribution="Reuters BIP Coding Group" action="confirmed" date="1996-12-13"/>
  </code>
  <code code="I9741110">
    <editdetail attribution="Reuters BIP Coding Group" action="confirmed" date="1996-12-13"/>
  </code>
</codes>
<codes class="bip:topics:1.0">
  <code code="C11">
    <editdetail attribution="Reuters BIP Coding Group" action="confirmed" date="1996-12-13"/>
  </code>
  <code code="C18">
    <editdetail attribution="Reuters BIP Coding Group" action="confirmed" date="1996-12-13"/>
  </code>
  <code code="C181">
    <editdetail attribution="Reuters BIP Coding Group" action="confirmed" date="1996-12-13"/>
  </code>
  <code code="CCAT">
    <editdetail attribution="Reuters BIP Coding Group" action="confirmed" date="1996-12-13"/>
  </code>
</codes>
<dc element="dc.date.created" value="1996-12-13"/>
<dc element="dc.publisher" value="Reuters Holdings Plc"/>
<dc element="dc.date.published" value="1996-12-13"/>
<dc element="dc.source" value="Reuters"/>
<dc element="dc.creator.location" value="LONDON"/>
<dc element="dc.creator.location.country.name" value="UK"/>
<dc element="dc.source" value="Reuters"/>
</metadata>
</newsitem>
