<?xml version="1.0" encoding="iso-8859-1" ?>
<newsitem itemid="30038" id="root" date="1996-09-03" xml:lang="en">
<title>INDIA: India's Unitech sees 40 pct sales growth.</title>
<headline>India's Unitech sees 40 pct sales growth.</headline>
<dateline>NEW DELHI 1996-09-03</dateline>
<text>
<p>Indian real estate company Unitech Ltd expects total income in 1996/97 (April-March) to grow by about 40 percent over 2.6 billion rupees in 1995/96, director G.R. Bahri said on Tuesday.</p>
<p>&quot;Last year we did 2.6 billion rupees. Our growth should be about 40 percent in the current one,&quot; Bahri told Reuters in an interview. He said the rise would come largely from real estate development, construction services and hotel building.  </p>
<p>Bahri said Unitech this month would begin building a commercial complex in South City, a township it is developing just outside the Delhi border in the northern state of Haryana.</p>
<p>He said a 780-million-rupee five-star hotel that Unitech is building in collaboration with India's A.L. Batra group near Delhi's international airport is expected to be completed by the end of 1996.</p>
<p>Unitech holds a 75 percent stake in the joint venture hotel, which Bahri said would be affiliated with the Radisson hotel group.</p>
<p>--Narayanan Madhavan, New Delhi newsroom, +91-11-3012024</p>
</text>
<copyright>(c) Reuters Limited 1996</copyright>
<metadata>
<codes class="bip:countries:1.0">
  <code code="INDIA">
    <editdetail attribution="Reuters BIP Coding Group" action="confirmed" date="1996-09-03"/>
  </code>
</codes>
<codes class="bip:industries:1.0">
  <code code="I85000">
    <editdetail attribution="Reuters BIP Coding Group" action="confirmed" date="1996-09-03"/>
  </code>
</codes>
<codes class="bip:topics:1.0">
  <code code="C15">
    <editdetail attribution="Reuters BIP Coding Group" action="confirmed" date="1996-09-03"/>
  </code>
  <code code="C152">
    <editdetail attribution="Reuters BIP Coding Group" action="confirmed" date="1996-09-03"/>
  </code>
  <code code="CCAT">
    <editdetail attribution="Reuters BIP Coding Group" action="confirmed" date="1996-09-03"/>
  </code>
</codes>
<dc element="dc.date.created" value="1996-09-03"/>
<dc element="dc.publisher" value="Reuters Holdings Plc"/>
<dc element="dc.date.published" value="1996-09-03"/>
<dc element="dc.source" value="Reuters"/>
<dc element="dc.creator.location" value="NEW DELHI"/>
<dc element="dc.creator.location.country.name" value="INDIA"/>
<dc element="dc.source" value="Reuters"/>
</metadata>
</newsitem>
