<?xml version="1.0" encoding="iso-8859-1" ?>
<newsitem itemid="49261" id="root" date="1996-09-12" xml:lang="en">
<title>NEW ZEALAND: RBNZ sees weakening surplus track.</title>
<headline>RBNZ sees weakening surplus track.</headline>
<dateline>WELLINGTON 1996-09-13</dateline>
<text>
<p>The Reserve Bank in its six monthly projections on Friday said the operating balance for the June 1997 year would fall to NZ$2.25 billion, from $3.31 billion in the June 1996 year.</p>
<p>It saw a further fall to $1.89 billion for the June 1998 year.</p>
<p>That compared with Thursday's projections by Treasury which saw a surplus of $2.87 billion for 1996/97 and $3.39 billion for the 1997/98 year.</p>
</text>
<copyright>(c) Reuters Limited 1996</copyright>
<metadata>
<codes class="bip:countries:1.0">
  <code code="NZ">
    <editdetail attribution="Reuters BIP Coding Group" action="confirmed" date="1996-09-12"/>
  </code>
</codes>
<codes class="bip:topics:1.0">
  <code code="E21">
    <editdetail attribution="Reuters BIP Coding Group" action="confirmed" date="1996-09-12"/>
  </code>
  <code code="E211">
    <editdetail attribution="Reuters BIP Coding Group" action="confirmed" date="1996-09-12"/>
  </code>
  <code code="ECAT">
    <editdetail attribution="Reuters BIP Coding Group" action="confirmed" date="1996-09-12"/>
  </code>
</codes>
<dc element="dc.date.created" value="1996-09-13"/>
<dc element="dc.publisher" value="Reuters Holdings Plc"/>
<dc element="dc.date.published" value="1996-09-12"/>
<dc element="dc.source" value="Reuters"/>
<dc element="dc.creator.location" value="WELLINGTON"/>
<dc element="dc.creator.location.country.name" value="NEW ZEALAND"/>
<dc element="dc.source" value="Reuters"/>
</metadata>
</newsitem>
