<?xml version="1.0" encoding="iso-8859-1" ?>
<newsitem itemid="364510" id="root" date="1997-02-07" xml:lang="en">
<title>NETHERLANDS: Montell Q4 op pft $92 mln.</title>
<headline>Montell Q4 op pft $92 mln.</headline>
<dateline>HOOFDDORP, Netherlands 1997-02-07</dateline>
<text>
<p>Q4 1996.</p>
<p>(in millions of U.S. dollars)</p>
<p>    Net sales revenue		   1,021 vs  837</p>
<p>    Cost of sales			   814 vs  791</p>
<p>    Gross profit			    207 vs   46</p>
<p>    Selling, general, R&amp;D expenses    115 vs  105</p>
<p>    Other expenses			  nil vs   64</p>
<p>    Operating results	     92 profit vs  123 loss</p>
<p>NOTE: For the full year 1996, Montell had net sales revenue totalling $3,785 and an operating profit of $334 million. Comparative figures for the full year 1995 are not available because Montell began operations on April 1, 1995, Montell Polyolefins said.</p>
<p>-- Amsterdam newsroom +31 20 504 5000, Fax +31 20 504 5040</p>
</text>
<copyright>(c) Reuters Limited 1997</copyright>
<metadata>
<codes class="bip:countries:1.0">
  <code code="NETH">
    <editdetail attribution="Reuters BIP Coding Group" action="confirmed" date="1997-02-07"/>
  </code>
</codes>
<codes class="bip:industries:1.0">
  <code code="I13000">
    <editdetail attribution="Reuters BIP Coding Group" action="confirmed" date="1997-02-07"/>
  </code>
  <code code="I1300003">
    <editdetail attribution="Reuters BIP Coding Group" action="confirmed" date="1997-02-07"/>
  </code>
  <code code="I25140">
    <editdetail attribution="Reuters BIP Coding Group" action="confirmed" date="1997-02-07"/>
  </code>
  <code code="I83960">
    <editdetail attribution="Reuters BIP Coding Group" action="confirmed" date="1997-02-07"/>
  </code>
</codes>
<codes class="bip:topics:1.0">
  <code code="C15">
    <editdetail attribution="Reuters BIP Coding Group" action="confirmed" date="1997-02-07"/>
  </code>
  <code code="C151">
    <editdetail attribution="Reuters BIP Coding Group" action="confirmed" date="1997-02-07"/>
  </code>
  <code code="C1511">
    <editdetail attribution="Reuters BIP Coding Group" action="confirmed" date="1997-02-07"/>
  </code>
  <code code="CCAT">
    <editdetail attribution="Reuters BIP Coding Group" action="confirmed" date="1997-02-07"/>
  </code>
</codes>
<dc element="dc.date.created" value="1997-02-07"/>
<dc element="dc.publisher" value="Reuters Holdings Plc"/>
<dc element="dc.date.published" value="1997-02-07"/>
<dc element="dc.source" value="Reuters"/>
<dc element="dc.creator.location" value="HOOFDDORP, Netherlands"/>
<dc element="dc.creator.location.country.name" value="NETHERLANDS"/>
<dc element="dc.source" value="Reuters"/>
</metadata>
</newsitem>
