<?xml version="1.0" encoding="iso-8859-1" ?>
<newsitem itemid="674623" id="root" date="1997-06-19" xml:lang="en">
<title>JAPAN: Foreigners net buyers of Japanese stocks in week.</title>
<headline>Foreigners net buyers of Japanese stocks in week.</headline>
<dateline>TOKYO 1997-06-19</dateline>
<text>
<p>Foreigners were net buyers of Japanese stocks on the Tokyo, Osaka and Nagoya stock exchanges in the week of June 9 to June 13, exchange data showed.</p>
<p>Foreigners were net buyers for the eighth consecutive week.</p>
<p>The figures, which are rounded, are as follows:</p>
<p>    Total foreign buying	   940.40 billion yen</p>
<p>    Total foreign selling	  696.29 billion yen</p>
<p>    Net buying			 244.11 billion yen</p>
<p>    Previous week net buying     150.88 billion yen</p>
</text>
<copyright>(c) Reuters Limited 1997</copyright>
<metadata>
<codes class="bip:countries:1.0">
  <code code="JAP">
    <editdetail attribution="Reuters BIP Coding Group" action="confirmed" date="1997-06-19"/>
  </code>
</codes>
<codes class="bip:topics:1.0">
  <code code="M11">
    <editdetail attribution="Reuters BIP Coding Group" action="confirmed" date="1997-06-19"/>
  </code>
  <code code="MCAT">
    <editdetail attribution="Reuters BIP Coding Group" action="confirmed" date="1997-06-19"/>
  </code>
</codes>
<dc element="dc.date.created" value="1997-06-19"/>
<dc element="dc.publisher" value="Reuters Holdings Plc"/>
<dc element="dc.date.published" value="1997-06-19"/>
<dc element="dc.source" value="Reuters"/>
<dc element="dc.creator.location" value="TOKYO"/>
<dc element="dc.creator.location.country.name" value="JAPAN"/>
<dc element="dc.source" value="Reuters"/>
</metadata>
</newsitem>
