<?xml version="1.0" encoding="iso-8859-1" ?>
<newsitem itemid="760244" id="root" date="1997-07-28" xml:lang="en">
<title>BELGIUM: EU to provide money for Portuguese dam project.</title>
<headline>EU to provide money for Portuguese dam project.</headline>
<dateline>BRUSSELS 1997-07-28</dateline>
<text>
<p>The European Union will provide 203 million ecus ($215 million) to support a dam project in the Alqueva region of southern Portugal, one of the EU's least developed areas, the European Commission said on Monday.</p>
<p>&quot;This project will help give (the inhabitants) the opportunity to bring the region's economy up to the level of that of the rest of Europe,&quot; EU Regional Policy Commissioner Monika Wulf-Mathies said in a statement.</p>
<p>The money will go to the PEDIZA regional development project, which aims to build a strategic water reserve on the River Guadiana, improve the area's infrastructure and modernise its industrial base.</p>
<p>The EU's contribution will cover 54 percent of the public expense involved, the Commission said.</p>
<p>The Alqueva region's 543,000 inhabitants have a per capita Gross Domestic Product that is only 42 percent of the EU average and an unemployment rate of 15 percent -- twice the national average, it added.</p>
<p>The programme will allow the region to modernise its agricultural sector by gradually bringing irrigation to 110,000 hectares (271,000 acres) of land, it added.</p>
<p>The Commission and the Portuguese government agreed various measures to ensure the project does not damage the environment, including setting up a monitoring committee that will include environmental group representatives.</p>
</text>
<copyright>(c) Reuters Limited 1997</copyright>
<metadata>
<codes class="bip:countries:1.0">
  <code code="EEC">
    <editdetail attribution="Reuters BIP Coding Group" action="confirmed" date="1997-07-28"/>
  </code>
  <code code="PORL">
    <editdetail attribution="Reuters BIP Coding Group" action="confirmed" date="1997-07-28"/>
  </code>
</codes>
<codes class="bip:industries:1.0">
  <code code="I50200">
    <editdetail attribution="Reuters BIP Coding Group" action="confirmed" date="1997-07-28"/>
  </code>
  <code code="I5020011">
    <editdetail attribution="Reuters BIP Coding Group" action="confirmed" date="1997-07-28"/>
  </code>
</codes>
<codes class="bip:topics:1.0">
  <code code="C17">
    <editdetail attribution="Reuters BIP Coding Group" action="confirmed" date="1997-07-28"/>
  </code>
  <code code="C24">
    <editdetail attribution="Reuters BIP Coding Group" action="confirmed" date="1997-07-28"/>
  </code>
  <code code="CCAT">
    <editdetail attribution="Reuters BIP Coding Group" action="confirmed" date="1997-07-28"/>
  </code>
  <code code="E21">
    <editdetail attribution="Reuters BIP Coding Group" action="confirmed" date="1997-07-28"/>
  </code>
  <code code="ECAT">
    <editdetail attribution="Reuters BIP Coding Group" action="confirmed" date="1997-07-28"/>
  </code>
  <code code="G15">
    <editdetail attribution="Reuters BIP Coding Group" action="confirmed" date="1997-07-28"/>
  </code>
  <code code="G154">
    <editdetail attribution="Reuters BIP Coding Group" action="confirmed" date="1997-07-28"/>
  </code>
  <code code="GCAT">
    <editdetail attribution="Reuters BIP Coding Group" action="confirmed" date="1997-07-28"/>
  </code>
</codes>
<dc element="dc.date.created" value="1997-07-28"/>
<dc element="dc.publisher" value="Reuters Holdings Plc"/>
<dc element="dc.date.published" value="1997-07-28"/>
<dc element="dc.source" value="Reuters"/>
<dc element="dc.creator.location" value="BRUSSELS"/>
<dc element="dc.creator.location.country.name" value="BELGIUM"/>
<dc element="dc.source" value="Reuters"/>
</metadata>
</newsitem>
