<?xml version="1.0" encoding="iso-8859-1" ?>
<newsitem itemid="220061" id="root" date="1996-11-27" xml:lang="en">
<title>NEW ZEALAND: North Europeans buy more NZ sheepmeat - Meat Board.</title>
<headline>North Europeans buy more NZ sheepmeat - Meat Board.</headline>
<dateline>WELLINGTON 1996-11-28</dateline>
<text>
<p>Northern European markets paid an extra NZ$67 million for New Zealand sheepmeat in the 1995-96 season, the New Zealand Meat Producers Board said on Thursday.</p>
<p>&quot;Flourishing demand for our sheepmeat from sophisticated North European markets, which embrace the countries of Italy, Germany, France, the Netherlands, Denmark, Belgium and Luxembourg, has grown from 66,500 tonnes in 1994-95 to 75,000 tonnes in 1995-96. This was worth $442 million in 1995-96, up from $375 million in 1994-95,&quot; the board said in a statement.</p>
<p>New Zealand's trade in Northern Europe had changed dramatically over the past eight years.  </p>
<p>Exports of carcasses fell from 12 percent of the total trade in 1987 down to 4.0 percent last year, while exports of chilled meat increased from 3.0 percent of exports in 1987 to 9.0 percent last year.</p>
<p>The board said this trend away from the commodity trade had increased the value of exports by 100 percent over the past eight years, while the volume of exports grew by 50 percent over the same period.</p>
<p>--Wellington Newsroom (64 4) 4734746</p>
</text>
<copyright>(c) Reuters Limited 1996</copyright>
<metadata>
<codes class="bip:countries:1.0">
  <code code="NZ">
    <editdetail attribution="Reuters BIP Coding Group" action="confirmed" date="1996-11-27"/>
  </code>
</codes>
<codes class="bip:industries:1.0">
  <code code="I01001">
    <editdetail attribution="Reuters BIP Coding Group" action="confirmed" date="1996-11-27"/>
  </code>
  <code code="I0100124">
    <editdetail attribution="Reuters BIP Coding Group" action="confirmed" date="1996-11-27"/>
  </code>
  <code code="I41220">
    <editdetail attribution="Reuters BIP Coding Group" action="confirmed" date="1996-11-27"/>
  </code>
</codes>
<codes class="bip:topics:1.0">
  <code code="C31">
    <editdetail attribution="Reuters BIP Coding Group" action="confirmed" date="1996-11-27"/>
  </code>
  <code code="C312">
    <editdetail attribution="Reuters BIP Coding Group" action="confirmed" date="1996-11-27"/>
  </code>
  <code code="CCAT">
    <editdetail attribution="Reuters BIP Coding Group" action="confirmed" date="1996-11-27"/>
  </code>
  <code code="M14">
    <editdetail attribution="Reuters BIP Coding Group" action="confirmed" date="1996-11-27"/>
  </code>
  <code code="M141">
    <editdetail attribution="Reuters BIP Coding Group" action="confirmed" date="1996-11-27"/>
  </code>
  <code code="MCAT">
    <editdetail attribution="Reuters BIP Coding Group" action="confirmed" date="1996-11-27"/>
  </code>
</codes>
<dc element="dc.date.created" value="1996-11-28"/>
<dc element="dc.publisher" value="Reuters Holdings Plc"/>
<dc element="dc.date.published" value="1996-11-27"/>
<dc element="dc.source" value="Reuters"/>
<dc element="dc.creator.location" value="WELLINGTON"/>
<dc element="dc.creator.location.country.name" value="NEW ZEALAND"/>
<dc element="dc.source" value="Reuters"/>
</metadata>
</newsitem>
