<?xml version="1.0" encoding="iso-8859-1" ?>
<newsitem itemid="451512" id="root" date="1997-03-18" xml:lang="en">
<title>JAPAN: Futata -97/98 parent forecast.</title>
<headline>Futata -97/98 parent forecast.</headline>
<dateline>TOKYO 1997-03-18</dateline>
<text>
<p>Year to January 31, 1998</p>
<p>		   (in billions of yen unless specified)</p>
<p>			   LATEST	    ACTUAL</p>
<p> (Parent)	     FORECAST	  YEAR-AGO</p>
<p> Sales		 21.00		20.31</p>
<p> Current	    400    million	 368    million</p>
<p> Net		  220    million	  33    million</p>
<p> EPS		   11.84 yen	   1.79 yen</p>
<p> Ord div		5.00 yen	   5.00 yen</p>
<p>NOTE - Futata Co Ltd is a Fukuoka-based operator of stores selling men&quot;s suits.</p>
</text>
<copyright>(c) Reuters Limited 1997</copyright>
<metadata>
<codes class="bip:countries:1.0">
  <code code="JAP">
    <editdetail attribution="Reuters BIP Coding Group" action="confirmed" date="1997-03-18"/>
  </code>
</codes>
<codes class="bip:industries:1.0">
  <code code="I64500">
    <editdetail attribution="Reuters BIP Coding Group" action="confirmed" date="1997-03-18"/>
  </code>
</codes>
<codes class="bip:topics:1.0">
  <code code="C15">
    <editdetail attribution="Reuters BIP Coding Group" action="confirmed" date="1997-03-18"/>
  </code>
  <code code="C152">
    <editdetail attribution="Reuters BIP Coding Group" action="confirmed" date="1997-03-18"/>
  </code>
  <code code="CCAT">
    <editdetail attribution="Reuters BIP Coding Group" action="confirmed" date="1997-03-18"/>
  </code>
</codes>
<dc element="dc.date.created" value="1997-03-18"/>
<dc element="dc.publisher" value="Reuters Holdings Plc"/>
<dc element="dc.date.published" value="1997-03-18"/>
<dc element="dc.source" value="Reuters"/>
<dc element="dc.creator.location" value="TOKYO"/>
<dc element="dc.creator.location.country.name" value="JAPAN"/>
<dc element="dc.source" value="Reuters"/>
</metadata>
</newsitem>
