<?xml version="1.0" encoding="iso-8859-1" ?>
<newsitem itemid="506527" id="root" date="1997-04-14" xml:lang="en">
<title>USA: Plymouth Rubber Q1 net share declines.</title>
<headline>Plymouth Rubber Q1 net share declines.</headline>
<dateline>CANTON, Mass. 1997-04-14</dateline>
<text>
<p>Plymouth Rubber Co Reports Financial Results</p>
<p>			for Fiscal 1997 First Quarter</p>
<p>							First Quarter Ended</p>
<p>						     Feb 28,	 Mar 1,</p>
<p>						    1997(A)	   1996</p>
<p> Net Sales				   $15,284,000  $13,312,000</p>
<p> Net Income					141,000	305,000</p>
<p>Per Share Data:</p>
<p>Primary Earnings Per Share:</p>
<p> Net Income					    .06	    .14</p>
<p>Weighted average number of</p>
<p>  shares outstanding			 2,197,883    2,239,306</p>
<p>Fully Diluted Earnings Per Share:</p>
<p> Net Income					    .06	    .14</p>
<p>Weighted average number of</p>
<p>  shares outstanding			 2,197,883    2,239,306</p>
<p>NOTE: (A) Net income for the first quarter of fiscal 1996 reflects the recapture of $58,000 of deferred tax valuation allowance (resulting in an effective tax rate of 26 percent), and a $147,000 before-tax gain from a settlement of a lawsuit.</p>
</text>
<copyright>(c) Reuters Limited 1997</copyright>
<metadata>
<codes class="bip:countries:1.0">
  <code code="USA">
    <editdetail attribution="Reuters BIP Coding Group" action="confirmed" date="1997-04-14"/>
  </code>
</codes>
<codes class="bip:industries:1.0">
  <code code="I48100">
    <editdetail attribution="Reuters BIP Coding Group" action="confirmed" date="1997-04-14"/>
  </code>
</codes>
<codes class="bip:topics:1.0">
  <code code="C15">
    <editdetail attribution="Reuters BIP Coding Group" action="confirmed" date="1997-04-14"/>
  </code>
  <code code="C151">
    <editdetail attribution="Reuters BIP Coding Group" action="confirmed" date="1997-04-14"/>
  </code>
  <code code="CCAT">
    <editdetail attribution="Reuters BIP Coding Group" action="confirmed" date="1997-04-14"/>
  </code>
</codes>
<dc element="dc.date.created" value="1997-04-14"/>
<dc element="dc.publisher" value="Reuters Holdings Plc"/>
<dc element="dc.date.published" value="1997-04-14"/>
<dc element="dc.source" value="Reuters"/>
<dc element="dc.creator.location" value="CANTON, Mass."/>
<dc element="dc.creator.location.country.name" value="USA"/>
<dc element="dc.source" value="Reuters"/>
</metadata>
</newsitem>
