<?xml version="1.0" encoding="iso-8859-1" ?>
<newsitem itemid="233744" id="root" date="1996-12-04" xml:lang="en">
<title>ESTONIA: Estonian Hansapank record profit in Nov.</title>
<headline>Estonian Hansapank record profit in Nov.</headline>
<dateline>TALLINN 1996-12-04</dateline>
<text>
<p>The net profit for leading Estonian bank Hansapank came to 181.4 million kroons for the 11 months of the year, the bank said on Wednesday.</p>
<p>It said it made a profit of 30.1 million kroons in the month of November, its highest monthly profit, following 23.1 million in October.</p>
<p>&quot;Extraordinary income had a noteworthy effect on the influence of the profit this month,&quot; the bank said in a statement.</p>
<p>It said that a re-evaluation of the value of its Baltic Growth Fund after it started trading on the stock exchange led to extraordinary income of 10.1 million kroons.</p>
<p>It said it also sold the shares in owned in Savings Bank and got back 5.3 million kroons of loans it had already posted as losses.</p>
<p>The bank also said that its assets came to 5.275 billion kroons at the end of November, a rise of 293.8 million kroons last month.</p>
<p>&quot;From the beginning of the year, total assets have grown by 56.3 percent,&quot; Hansapank said.</p>
<p>It said its loan portfolio had risen by 270 million kroons in November and reached just under three billion kroons at the end of last month.</p>
<p>-- Riga Newsroom, +371 721 5240</p>
</text>
<copyright>(c) Reuters Limited 1996</copyright>
<metadata>
<codes class="bip:countries:1.0">
  <code code="ESTNIA">
    <editdetail attribution="Reuters BIP Coding Group" action="confirmed" date="1996-12-04"/>
  </code>
</codes>
<codes class="bip:industries:1.0">
  <code code="I81402">
    <editdetail attribution="Reuters BIP Coding Group" action="confirmed" date="1996-12-04"/>
  </code>
</codes>
<codes class="bip:topics:1.0">
  <code code="C15">
    <editdetail attribution="Reuters BIP Coding Group" action="confirmed" date="1996-12-04"/>
  </code>
  <code code="C151">
    <editdetail attribution="Reuters BIP Coding Group" action="confirmed" date="1996-12-04"/>
  </code>
  <code code="CCAT">
    <editdetail attribution="Reuters BIP Coding Group" action="confirmed" date="1996-12-04"/>
  </code>
</codes>
<dc element="dc.date.created" value="1996-12-04"/>
<dc element="dc.publisher" value="Reuters Holdings Plc"/>
<dc element="dc.date.published" value="1996-12-04"/>
<dc element="dc.source" value="Reuters"/>
<dc element="dc.creator.location" value="TALLINN"/>
<dc element="dc.creator.location.country.name" value="ESTONIA"/>
<dc element="dc.source" value="Reuters"/>
</metadata>
</newsitem>
