<?xml version="1.0" encoding="iso-8859-1" ?>
<newsitem itemid="289663" id="root" date="1997-01-06" xml:lang="en">
<title>NEW ZEALAND: Two rare Nepalese red pandas born in NZ zoo.</title>
<headline>Two rare Nepalese red pandas born in NZ zoo.</headline>
<dateline>AUCKLAND 1997-01-06</dateline>
<text>
<p>Tashi, a Nepalese red panda at Auckland zoo in New Zealand, gave birth to two cubs on Monday in a New Year boost for the endangered species.</p>
<p>Zoo spokeswoman Frances Valintine said the new arrivals were grey, about three inches (seven cm) long and resembled small rodents.</p>
<p>The worldwide population of Nepalese red pandas is about 300, of which 222 are in captivity. &quot;Through deforestation, there's no habitat left for them,&quot; Valintine said.</p>
<p>The births were part of a captive breeding programme designed ultimately to return some animals to the wild, with plans to create a national park in their native Nepal, she said.</p>
<p>The animals are not directly related to the giant panda and bear some resemblance to a raccoon, with rusty fur, white stripes and rings around the eyes, said Valintine.</p>
<p>Zoo staff were able to see the cubs via an infra-red camera in a nesting box, but cannot yet determine their sex.</p>
<p>The cubs were suckling while mother Tashi rested and father Mario displayed total indifference. &quot;At the moment he's showing no interest. He plays a very low key role as far as parenting,&quot; Valintine said.</p>
</text>
<copyright>(c) Reuters Limited 1997</copyright>
<metadata>
<codes class="bip:countries:1.0">
  <code code="NEPAL">
    <editdetail attribution="Reuters BIP Coding Group" action="confirmed" date="1997-01-06"/>
  </code>
  <code code="NZ">
    <editdetail attribution="Reuters BIP Coding Group" action="confirmed" date="1997-01-06"/>
  </code>
</codes>
<codes class="bip:topics:1.0">
  <code code="GCAT">
    <editdetail attribution="Reuters BIP Coding Group" action="confirmed" date="1997-01-06"/>
  </code>
  <code code="GENT">
    <editdetail attribution="Reuters BIP Coding Group" action="confirmed" date="1997-01-06"/>
  </code>
  <code code="GENV">
    <editdetail attribution="Reuters BIP Coding Group" action="confirmed" date="1997-01-06"/>
  </code>
</codes>
<dc element="dc.date.created" value="1997-01-06"/>
<dc element="dc.publisher" value="Reuters Holdings Plc"/>
<dc element="dc.date.published" value="1997-01-06"/>
<dc element="dc.source" value="Reuters"/>
<dc element="dc.creator.location" value="AUCKLAND"/>
<dc element="dc.creator.location.country.name" value="NEW ZEALAND"/>
<dc element="dc.source" value="Reuters"/>
</metadata>
</newsitem>
