<?xml version="1.0" encoding="iso-8859-1" ?>
<newsitem itemid="536088" id="root" date="1997-04-24" xml:lang="en">
<title>FRANCE: IPSOS/Le Point say French poll due 1630 GMT.</title>
<headline>IPSOS/Le Point say French poll due 1630 GMT.</headline>
<dateline>PARIS 1997-04-24</dateline>
<text>
<p>Sources at polling organisation IPSOS and French weekly Le Point said they would publish a poll of voters' intentions in the upcoming May/June parliamentary elections.</p>
<p>The source at Le Point said it would be released at 1630 GMT on Thursday.</p>
<p>Traders said talk of a poll yet to be published, which showed a very slim majority for the ruling centre-right coalition, had hit French financial markets late on Thursday.</p>
<p>-- Paris Newsroom +331 4221 5542</p>
</text>
<copyright>(c) Reuters Limited 1997</copyright>
<metadata>
<codes class="bip:countries:1.0">
  <code code="FRA">
    <editdetail attribution="Reuters BIP Coding Group" action="confirmed" date="1997-04-24"/>
  </code>
</codes>
<codes class="bip:topics:1.0">
  <code code="GCAT">
    <editdetail attribution="Reuters BIP Coding Group" action="confirmed" date="1997-04-24"/>
  </code>
  <code code="GPOL">
    <editdetail attribution="Reuters BIP Coding Group" action="confirmed" date="1997-04-24"/>
  </code>
  <code code="GVOTE">
    <editdetail attribution="Reuters BIP Coding Group" action="confirmed" date="1997-04-24"/>
  </code>
</codes>
<dc element="dc.date.created" value="1997-04-24"/>
<dc element="dc.publisher" value="Reuters Holdings Plc"/>
<dc element="dc.date.published" value="1997-04-24"/>
<dc element="dc.source" value="Reuters"/>
<dc element="dc.creator.location" value="PARIS"/>
<dc element="dc.creator.location.country.name" value="FRANCE"/>
<dc element="dc.source" value="Reuters"/>
</metadata>
</newsitem>
