<?xml version="1.0" encoding="iso-8859-1" ?>
<newsitem itemid="122745" id="root" date="1996-10-17" xml:lang="en">
<title>USA: U.S. Bioscience Inc Q3 profit vs loss.</title>
<headline>U.S. Bioscience Inc Q3 profit vs loss.</headline>
<dateline>WEST CONSHOHOCKEN, Pa. 1996-10-16</dateline>
<text>
<p>1996			1995</p>
<p> Shr profit		 $0.02     loss	 $0.29</p>
<p> Net profit		   446     loss	 5,888</p>
<p> Revs			 6,665		    2,617</p>
<p> Avg shrs		  22,782		   20,430</p>
<p>	 (All Data Above 000s Except Per Share Numbers)</p>
<p>			9 MONTHS</p>
<p> Shr loss		   $0.26     loss	 $0.61</p>
<p> Net loss		   5,779     loss	12,517</p>
<p> Revs			15,326		    8,871</p>
<p> Avg shrs		  22,251		   20,401</p>
<p>	 (All Data Above 000s Except Per Share Numbers)</p>
</text>
<copyright>(c) Reuters Limited 1996</copyright>
<metadata>
<codes class="bip:countries:1.0">
  <code code="USA">
    <editdetail attribution="Reuters BIP Coding Group" action="confirmed" date="1996-10-17"/>
  </code>
</codes>
<codes class="bip:industries:1.0">
  <code code="I25700">
    <editdetail attribution="Reuters BIP Coding Group" action="confirmed" date="1996-10-17"/>
  </code>
</codes>
<codes class="bip:topics:1.0">
  <code code="C15">
    <editdetail attribution="Reuters BIP Coding Group" action="confirmed" date="1996-10-17"/>
  </code>
  <code code="C151">
    <editdetail attribution="Reuters BIP Coding Group" action="confirmed" date="1996-10-17"/>
  </code>
  <code code="CCAT">
    <editdetail attribution="Reuters BIP Coding Group" action="confirmed" date="1996-10-17"/>
  </code>
</codes>
<dc element="dc.date.created" value="1996-10-16"/>
<dc element="dc.publisher" value="Reuters Holdings Plc"/>
<dc element="dc.date.published" value="1996-10-17"/>
<dc element="dc.source" value="Reuters"/>
<dc element="dc.creator.location" value="WEST CONSHOHOCKEN, Pa."/>
<dc element="dc.creator.location.country.name" value="USA"/>
<dc element="dc.source" value="Reuters"/>
</metadata>
</newsitem>
