<?xml version="1.0" encoding="iso-8859-1" ?>
<newsitem itemid="64115" id="root" date="1996-09-19" xml:lang="en">
<title>AUSTRALIA: RTRS-Woodside values contract at A$100 mln.</title>
<headline>RTRS-Woodside values contract at A$100 mln.</headline>
<dateline>MELBOURNE 1996-09-19</dateline>
<text>
<p>Woodside Petroleum Pty Ltd on Thursday valued the contract it had awarded to Samsung Heavy Industries Co Ltd for the development of a floating production storage and offloading (FPSO) barge at A$100 million.</p>
<p>&quot;It's in the order of A$100 million,&quot; Woodside spokesman Graeme Atherton told Reuters.</p>
<p>Samsung will commence design of a 1.4 million FPSO, for the Laminaria and Corallina oil field project in the Timor Sea, at its fabrication yard on the island of Koji, 40 kilometres from the Korean port of Pusan, Woodside said in a statement.  </p>
<p>Fabrication of the barge will begin after the full approval for the development of the fields by regulatory authoritories and the AC/P8 joint venture participants, expected by the end of the year. Production is seen commencing in early 1999, the company said.</p>
<p>The linked Laminaria and Corallina developments have been estimated by Woodside to cost a total of A$900 million.</p>
<p>AC/P8 partners are Woodside with 50 percent and the Broken Hill Proprietary Co Ltd and Royal Dutch/Shell Group with 25 percent each.</p>
<p>-- Melbourne bureau 61-3 9286-1435</p>
</text>
<copyright>(c) Reuters Limited 1996</copyright>
<metadata>
<codes class="bip:countries:1.0">
  <code code="AUSTR">
    <editdetail attribution="Reuters BIP Coding Group" action="confirmed" date="1996-09-19"/>
  </code>
  <code code="SKOREA">
    <editdetail attribution="Reuters BIP Coding Group" action="confirmed" date="1996-09-19"/>
  </code>
</codes>
<codes class="bip:industries:1.0">
  <code code="I13000">
    <editdetail attribution="Reuters BIP Coding Group" action="confirmed" date="1996-09-19"/>
  </code>
  <code code="I1300003">
    <editdetail attribution="Reuters BIP Coding Group" action="confirmed" date="1996-09-19"/>
  </code>
  <code code="I21000">
    <editdetail attribution="Reuters BIP Coding Group" action="confirmed" date="1996-09-19"/>
  </code>
  <code code="I36101">
    <editdetail attribution="Reuters BIP Coding Group" action="confirmed" date="1996-09-19"/>
  </code>
</codes>
<codes class="bip:topics:1.0">
  <code code="C33">
    <editdetail attribution="Reuters BIP Coding Group" action="confirmed" date="1996-09-19"/>
  </code>
  <code code="CCAT">
    <editdetail attribution="Reuters BIP Coding Group" action="confirmed" date="1996-09-19"/>
  </code>
</codes>
<dc element="dc.date.created" value="1996-09-19"/>
<dc element="dc.publisher" value="Reuters Holdings Plc"/>
<dc element="dc.date.published" value="1996-09-19"/>
<dc element="dc.source" value="Reuters"/>
<dc element="dc.creator.location" value="MELBOURNE"/>
<dc element="dc.creator.location.country.name" value="AUSTRALIA"/>
<dc element="dc.source" value="Reuters"/>
</metadata>
</newsitem>
