<?xml version="1.0" encoding="iso-8859-1" ?>
<newsitem itemid="215510" id="root" date="1996-11-25" xml:lang="en">
<title>MALAYSIA: PRESS DIGEST - Malaysia - Nov 25.</title>
<headline>PRESS DIGEST - Malaysia - Nov 25.</headline>
<text>
<p>Following are the main stories in Monday's Malaysian newspapers. Reuters has not verified these stories and does not vouch for their accuracy. .</p>
<p>THE STAR</p>
<p>- Prime Minister Mahathir Mohamad has branded the Australian media as liars who were only good at painting bad pictures of Malaysia and its leaders.</p>
<p>- Malaysia's second largest banking group, Bank Bumiputra wil expand its branches to 200 next year from 186 currently, said its general manager Mohamad Nordin. .</p>
<p>NEW STRAITS TIMES</p>
<p>- The government will continue to provide large allocations for the advancement of science and technology but they must be used to obtain maximum benefits, said Deputy Prime Minister Anwar Ibrahim.</p>
<p>- Proton cars are steadily making inroads into the Philippines market, with assembler Proton Pilipinas Inc recording the sixth largest sales volume from January to October.</p>
<p>- Kuala Lumpur newsroom (603-230 8911)</p>
</text>
<copyright>(c) Reuters Limited 1996</copyright>
<metadata>
<codes class="bip:countries:1.0">
  <code code="MALAY">
    <editdetail attribution="Reuters BIP Coding Group" action="confirmed" date="1996-11-25"/>
  </code>
</codes>
<codes class="bip:topics:1.0">
  <code code="GCAT">
    <editdetail attribution="Reuters BIP Coding Group" action="confirmed" date="1996-11-25"/>
  </code>
</codes>
<dc element="dc.publisher" value="Reuters Holdings Plc"/>
<dc element="dc.date.published" value="1996-11-25"/>
<dc element="dc.source" value="Reuters"/>
<dc element="dc.creator.location.country.name" value="MALAYSIA"/>
<dc element="dc.source" value="Reuters"/>
</metadata>
</newsitem>
