<?xml version="1.0" encoding="iso-8859-1" ?>
<newsitem itemid="268441" id="root" date="1996-12-19" xml:lang="en">
<title>NETHERLANDS: PRESS DIGEST - Netherlands - Dec 19.</title>
<headline>PRESS DIGEST - Netherlands - Dec 19.</headline>
<dateline>AMSTERDAM 1996-12-19</dateline>
<text>
<p>Following are some of the main stories in Dutch newspapers today. Reuters has not verified these stories and does not vouch for their accuracy.</p>
<p>FINANCIEELE DAGBLAD</p>
<p>- Labour party PvdA wants to put aside major part of budgetary windfall to finance age pension benefits. (p1)</p>
<p>- ABN Amro weighs appeal against recent court decision introducing separate pay-and-conditions for call centre staff. (p1)</p>
<p>- Transport group Nedlloyd's chairman Leo Berndsen says European Union should protect European shipowners. (p2)</p>
<p>- Publisher VNU sells 12 pct stake in printer Roto Smeets de Boer. (p3)</p>
<p>- Philips Electronics to slash jobs in flat screen plant in Eindhoven. (p3)</p>
<p>- Packaging concern Van Leer signs long-term worldwide agreement with U.S. concern Dow Chemical. (p3)</p>
<p>- Temp agency Randstad sets up new arm for large industrial companies. (p5)</p>
<p>-</p>
<p>VOLKSKRANT</p>
<p>- Sports-only TV channel Sport 7 receiver claims Dfl 200 million from soccer association KNVB. (p1)</p>
<p>- Building concern Ballast-Nedam considers takeover of large German builder Wayss &amp; Freytag. (p2)</p>
<p>- Savings bank SNS buys prestigious Banque de Suez. (p2)</p>
<p>- Economic affairs minsiter Hans Wijers to attack &quot;unreasonable high&quot; tariffs of cable operators. (p3)</p>
<p>-</p>
<p>DE TELEGRAAF</p>
<p>- Dutch 1996 economic growth seen at 2.75 pct, higher than expected. (p1)</p>
<p>- Dutch inland revenue misses dozens of millions of guilders through international trade in Eurovignette for trucks. (p3)</p>
<p>- Net profit of Dutch businesses expected to rise strongly in 1997. (p41)</p>
<p>- Fokker receivers stand little chance of cancelling one billion guilders the aircraft maker paid just before it applied for suspension of payment. (p41)</p>
<p>-</p>
<p>ALGEMEEN DAGBLAD</p>
<p>- Engineering bureau Fugro buys parts of British Oceonics for Dfl 17.5 million. (p13)</p>
<p>- FNV union opposes larger influence for shareholders in company policy. (p15)</p>
<p>-</p>
<p>TROUW</p>
<p>- Industrial concern Stork's unit Fokker Aerostructures to participate in preliminary design of super Airbus. (p1)</p>
<p>- Pay and conditions talks between unions and small engineering businesses broken off without result. (p2)</p>
<p>-- Amsterdam Newsdesk +31-20-504-5000 (FAX 31-20-504-5040)</p>
</text>
<copyright>(c) Reuters Limited 1996</copyright>
<metadata>
<codes class="bip:countries:1.0">
  <code code="NETH">
    <editdetail attribution="Reuters BIP Coding Group" action="confirmed" date="1996-12-19"/>
  </code>
</codes>
<codes class="bip:topics:1.0">
  <code code="GCAT">
    <editdetail attribution="Reuters BIP Coding Group" action="confirmed" date="1996-12-19"/>
  </code>
</codes>
<dc element="dc.date.created" value="1996-12-19"/>
<dc element="dc.publisher" value="Reuters Holdings Plc"/>
<dc element="dc.date.published" value="1996-12-19"/>
<dc element="dc.source" value="Reuters"/>
<dc element="dc.creator.location" value="AMSTERDAM"/>
<dc element="dc.creator.location.country.name" value="NETHERLANDS"/>
<dc element="dc.source" value="Reuters"/>
</metadata>
</newsitem>
