<?xml version="1.0" encoding="iso-8859-1" ?>
<newsitem itemid="468771" id="root" date="1997-03-26" xml:lang="en">
<title>CANADA: Montreal indices closing - March 26.</title>
<headline>Montreal indices closing - March 26.</headline>
<text>
<p>Industrials		  2906.53   -9.70</p>
<p> Utilities		    2763.14   -6.43</p>
<p> Banks			  4838.63  -57.53</p>
<p> Portfolio		    3101.73  -13.13</p>
<p> Volume			16119992</p>
</text>
<copyright>(c) Reuters Limited 1997</copyright>
<metadata>
<codes class="bip:countries:1.0">
  <code code="CANA">
    <editdetail attribution="Reuters BIP Coding Group" action="confirmed" date="1997-03-26"/>
  </code>
</codes>
<codes class="bip:topics:1.0">
  <code code="M11">
    <editdetail attribution="Reuters BIP Coding Group" action="confirmed" date="1997-03-26"/>
  </code>
  <code code="MCAT">
    <editdetail attribution="Reuters BIP Coding Group" action="confirmed" date="1997-03-26"/>
  </code>
</codes>
<dc element="dc.publisher" value="Reuters Holdings Plc"/>
<dc element="dc.date.published" value="1997-03-26"/>
<dc element="dc.source" value="Reuters"/>
<dc element="dc.creator.location.country.name" value="CANADA"/>
<dc element="dc.source" value="Reuters"/>
</metadata>
</newsitem>
