<?xml version="1.0" encoding="iso-8859-1" ?>
<newsitem itemid="799769" id="root" date="1997-08-14" xml:lang="en">
<title>USA: U.S. 52-week bills seen yielding 5.58 percent.</title>
<headline>U.S. 52-week bills seen yielding 5.58 percent.</headline>
<dateline>NEW YORK 1997-08-14</dateline>
<text>
<p>The U.S. Treasury's sale of $13.0 billion in 52-week bills on Thursday was expected to produce average yields of 5.58 percent, economists said.</p>
<p>The when-issued yield on the year bill was at 5.575 at 1245 EDT/1645 GMT.</p>
<p>(( -- N.A. Treasury Desk, 212-859-1660 ))</p>
</text>
<copyright>(c) Reuters Limited 1997</copyright>
<metadata>
<codes class="bip:countries:1.0">
  <code code="USA">
    <editdetail attribution="Reuters BIP Coding Group" action="confirmed" date="1997-08-14"/>
  </code>
</codes>
<codes class="bip:topics:1.0">
  <code code="M13">
    <editdetail attribution="Reuters BIP Coding Group" action="confirmed" date="1997-08-14"/>
  </code>
  <code code="M131">
    <editdetail attribution="Reuters BIP Coding Group" action="confirmed" date="1997-08-14"/>
  </code>
  <code code="MCAT">
    <editdetail attribution="Reuters BIP Coding Group" action="confirmed" date="1997-08-14"/>
  </code>
</codes>
<dc element="dc.date.created" value="1997-08-14"/>
<dc element="dc.publisher" value="Reuters Holdings Plc"/>
<dc element="dc.date.published" value="1997-08-14"/>
<dc element="dc.source" value="Reuters"/>
<dc element="dc.creator.location" value="NEW YORK"/>
<dc element="dc.creator.location.country.name" value="USA"/>
<dc element="dc.source" value="Reuters"/>
</metadata>
</newsitem>
