<?xml version="1.0" encoding="iso-8859-1" ?>
<newsitem itemid="502953" id="root" date="1997-04-11" xml:lang="en">
<title>USA: U.S. Midwest hogs called steady-lower Monday-trade.</title>
<headline>U.S. Midwest hogs called steady-lower Monday-trade.</headline>
<dateline>CHICAGO 1997-04-11</dateline>
<text>
<p>Hog prices were called steady to $1.00 per cwt lower in Monday's Midwest cash markets as livestock dealers expect markets to return to normal after two days of steep gains.</p>
<p>&quot;I think we will get back to reality and be $0.50 to $1.00 lower,&quot; said an Indiana dealer, who said recent price increases appeared overdone.</p>
<p>Snow and cold across the Midwest the past two days reduced hog marketings and forced meat packers to bid higher for the limited supplies. USDA reported actual Thursday marketings were 100,000 head, down 5,000 from its estimate.  </p>
<p>Hog prices, basis interior Iowa-southern Minnesota, traded up to $55.00 Friday versus $51.50 on Wednesday, USDA said.</p>
<p>Weather was the one variable that could keep hog prices moving higher, cash dealers said. Frigid cold was forecast for the Midwest this weekend, but meteorologists said temperatures should moderate by Monday.</p>
<p>((Chicago newsdesk 312-408-8720))</p>
</text>
<copyright>(c) Reuters Limited 1997</copyright>
<metadata>
<codes class="bip:countries:1.0">
  <code code="USA">
    <editdetail attribution="Reuters BIP Coding Group" action="confirmed" date="1997-04-11"/>
  </code>
</codes>
<codes class="bip:topics:1.0">
  <code code="M14">
    <editdetail attribution="Reuters BIP Coding Group" action="confirmed" date="1997-04-11"/>
  </code>
  <code code="M141">
    <editdetail attribution="Reuters BIP Coding Group" action="confirmed" date="1997-04-11"/>
  </code>
  <code code="MCAT">
    <editdetail attribution="Reuters BIP Coding Group" action="confirmed" date="1997-04-11"/>
  </code>
</codes>
<dc element="dc.date.created" value="1997-04-11"/>
<dc element="dc.publisher" value="Reuters Holdings Plc"/>
<dc element="dc.date.published" value="1997-04-11"/>
<dc element="dc.source" value="Reuters"/>
<dc element="dc.creator.location" value="CHICAGO"/>
<dc element="dc.creator.location.country.name" value="USA"/>
<dc element="dc.source" value="Reuters"/>
</metadata>
</newsitem>
