<?xml version="1.0" encoding="iso-8859-1" ?>
<newsitem itemid="244981" id="root" date="1996-12-09" xml:lang="en">
<title>SOUTH KOREA: Hyundai in $3.6 mln trailer Japan deal.</title>
<headline>Hyundai in $3.6 mln trailer Japan deal.</headline>
<dateline>SEOUL 1996-12-09</dateline>
<text>
<p>South Korea's Hyundai Precision and Industry Co said on Monday it will export $3.6 million worth of aluminium gate trailers to Japan this month.</p>
<p>The company said in a statement the 191 units were purchased by Sumisho Machinery Trade Corp. This will be the first shipment of Korean-made trailers to Japan, it claimed.</p>
<p>Through the expansion of its after service and sales network in Japan, Hyundai said it plans to raise its exports to the nation to 550 units, valued at $10 million, next year.</p>
<p>- Seoul Newsroom (822) 727 5644</p>
</text>
<copyright>(c) Reuters Limited 1996</copyright>
<metadata>
<codes class="bip:countries:1.0">
  <code code="JAP">
    <editdetail attribution="Reuters BIP Coding Group" action="confirmed" date="1996-12-09"/>
  </code>
  <code code="SKOREA">
    <editdetail attribution="Reuters BIP Coding Group" action="confirmed" date="1996-12-09"/>
  </code>
</codes>
<codes class="bip:industries:1.0">
  <code code="I22100">
    <editdetail attribution="Reuters BIP Coding Group" action="confirmed" date="1996-12-09"/>
  </code>
</codes>
<codes class="bip:topics:1.0">
  <code code="C33">
    <editdetail attribution="Reuters BIP Coding Group" action="confirmed" date="1996-12-09"/>
  </code>
  <code code="CCAT">
    <editdetail attribution="Reuters BIP Coding Group" action="confirmed" date="1996-12-09"/>
  </code>
</codes>
<dc element="dc.date.created" value="1996-12-09"/>
<dc element="dc.publisher" value="Reuters Holdings Plc"/>
<dc element="dc.date.published" value="1996-12-09"/>
<dc element="dc.source" value="Reuters"/>
<dc element="dc.creator.location" value="SEOUL"/>
<dc element="dc.creator.location.country.name" value="SOUTH KOREA"/>
<dc element="dc.source" value="Reuters"/>
</metadata>
</newsitem>
