<?xml version="1.0" encoding="iso-8859-1" ?>
<newsitem itemid="94541" id="root" date="1996-10-03" xml:lang="en">
<title>USA: Broderbund Software to name new CEO - WSJ.</title>
<headline>Broderbund Software to name new CEO - WSJ.</headline>
<dateline>NEW YORK 1996-10-03</dateline>
<text>
<p>Broderbund Software Inc is expected to announce Thursday that it has named Joe Durrett as its new chief executive officer, the Wall Street Journal reported.</p>
<p>The newspaper said on Thursday that Durrett was president of ADVO Inc, a direct-marketing firm.</p>
<p>It said Durrett would replace Douglas Carlston, who announced plans to step down from the post but stay on as chairman last May.</p>
<p>Broderbund makes computer games.</p>
</text>
<copyright>(c) Reuters Limited 1996</copyright>
<metadata>
<codes class="bip:countries:1.0">
  <code code="USA">
    <editdetail attribution="Reuters BIP Coding Group" action="confirmed" date="1996-10-03"/>
  </code>
</codes>
<codes class="bip:industries:1.0">
  <code code="I33020">
    <editdetail attribution="Reuters BIP Coding Group" action="confirmed" date="1996-10-03"/>
  </code>
  <code code="I3302021">
    <editdetail attribution="Reuters BIP Coding Group" action="confirmed" date="1996-10-03"/>
  </code>
  <code code="I83954">
    <editdetail attribution="Reuters BIP Coding Group" action="confirmed" date="1996-10-03"/>
  </code>
  <code code="I8395449">
    <editdetail attribution="Reuters BIP Coding Group" action="confirmed" date="1996-10-03"/>
  </code>
</codes>
<codes class="bip:topics:1.0">
  <code code="C41">
    <editdetail attribution="Reuters BIP Coding Group" action="confirmed" date="1996-10-03"/>
  </code>
  <code code="C411">
    <editdetail attribution="Reuters BIP Coding Group" action="confirmed" date="1996-10-03"/>
  </code>
  <code code="CCAT">
    <editdetail attribution="Reuters BIP Coding Group" action="confirmed" date="1996-10-03"/>
  </code>
</codes>
<dc element="dc.date.created" value="1996-10-03"/>
<dc element="dc.publisher" value="Reuters Holdings Plc"/>
<dc element="dc.date.published" value="1996-10-03"/>
<dc element="dc.source" value="Reuters"/>
<dc element="dc.creator.location" value="NEW YORK"/>
<dc element="dc.creator.location.country.name" value="USA"/>
<dc element="dc.source" value="Reuters"/>
</metadata>
</newsitem>
