<?xml version="1.0" encoding="iso-8859-1" ?>
<newsitem itemid="15887" id="root" date="1996-08-27" xml:lang="en">
<title>HUNGARY: AIRPORT LJUBLJANA CARGO TRADE OFF 15.6 PCT JAN-MAY.</title>
<headline>AIRPORT LJUBLJANA CARGO TRADE OFF 15.6 PCT JAN-MAY.</headline>
<dateline>BUDAPEST 1996-08-27</dateline>
<text>
<p>Cargo trade at Airport</p>
<p>Ljubljana in the January-to-May period decreased 15.6 percent</p>
<p>in 1996 from 1995, according to data provided to Reuters by the</p>
<p>airport.</p>
<p> CARGO TRADE (in tonnes)   JAN-MAY 96   JAN-MAY 95   PCT CHANGE</p>
<p>--------------------------------------------------------------</p>
<p> TOTAL TRADE			3,741.4	4,433.1	  -15.6</p>
<p> --chartered flights		256.9	  446.5	  -42.5</p>
<p> --scheduled flights	    1,895.3	2,524.9	  -24.9</p>
<p> --trucks			   1,589.2	1,461.7	   +8.7</p>
<p> TOTAL EXPORTS		    2,083.9	2,516.1	  -17.2</p>
<p> --chartered flights		211.7	  310.2	  -31.8</p>
<p> --scheduled flights	    1,165.4	1,600.4	  -27.2</p>
<p> --trucks			     706.8	  605.5	  +16.7</p>
<p> TOTAL IMPORTS		    1,657.5	1,917.0	  -13.5</p>
<p> --chartered flights		 45.2	  136.3	  -66.8</p>
<p> --scheduled flights		729.9	  924.5	  -21.0</p>
<p> --trucks			     882.4	  856.2	   +3.1</p>
<p> TRADE BALANCE		     +426.4	 +599.1		-</p>
<p> --chartered flights	     +166.5	 +173.9		-</p>
<p> --scheduled flights	     +435.5	 +675.9		-</p>
<p> --trucks			    -175.6	 -250.7		-</p>
<p>--------------------------------------------------------------</p>
<p>NOTE - Cargo includes freight and mail. In the trade</p>
<p>balance, negative numbers indicate export deficits; positive</p>
<p>numbers indicate export surpluses. Due to rounding, some data</p>
<p>in this report differ fractionally when appearing in other</p>
<p>reports by Reuters.</p>
<p>The airport has approximately 4,000 square meters of</p>
<p>warehouse space with annual capacity to store 15,000 tonnes of</p>
<p>cargo. The space includes 82 cubic centimeters of capacity for</p>
<p>cold storage, and rooms are available for dangerous goods, live</p>
<p>animals, plants, radioactive material and valuables.</p>
<p>Cargo trade at the airport totalled 10,499 tonnes in 1995.</p>
<p>The airport, officially named Aerodrom Ljubljana po</p>
<p>Brnik, is owned 55.69 percent by the Slovenian state, 16.34</p>
<p>percent by past and present airport employees, 10.25 percent by</p>
<p>holders of airport equity sold publicly, 8.86 percent by the</p>
<p>Slovenian Fund for Development, 4.43 percent by the Slovenian</p>
<p>State Indemnity Fund and 4.43 percent by the Slovenian State</p>
<p>Pension Fund.</p>
<p>-- Ryan Tutak, Budapest newsroom (36 1) 266 2410</p>
</text>
<copyright>(c) Reuters Limited 1996</copyright>
<metadata>
<codes class="bip:countries:1.0">
  <code code="HUNG">
    <editdetail attribution="Reuters BIP Coding Group" action="confirmed" date="1996-08-27"/>
  </code>
  <code code="SLVAK">
    <editdetail attribution="Reuters BIP Coding Group" action="confirmed" date="1996-08-27"/>
  </code>
</codes>
<codes class="bip:industries:1.0">
  <code code="I75000">
    <editdetail attribution="Reuters BIP Coding Group" action="confirmed" date="1996-08-27"/>
  </code>
  <code code="I76400">
    <editdetail attribution="Reuters BIP Coding Group" action="confirmed" date="1996-08-27"/>
  </code>
  <code code="I77002">
    <editdetail attribution="Reuters BIP Coding Group" action="confirmed" date="1996-08-27"/>
  </code>
</codes>
<codes class="bip:topics:1.0">
  <code code="C31">
    <editdetail attribution="Reuters BIP Coding Group" action="confirmed" date="1996-08-27"/>
  </code>
  <code code="CCAT">
    <editdetail attribution="Reuters BIP Coding Group" action="confirmed" date="1996-08-27"/>
  </code>
</codes>
<dc element="dc.date.created" value="1996-08-27"/>
<dc element="dc.publisher" value="Reuters Holdings Plc"/>
<dc element="dc.date.published" value="1996-08-27"/>
<dc element="dc.source" value="Reuters"/>
<dc element="dc.creator.location" value="BUDAPEST"/>
<dc element="dc.creator.location.country.name" value="HUNGARY"/>
<dc element="dc.source" value="Reuters"/>
</metadata>
</newsitem>
