<?xml version="1.0" encoding="iso-8859-1" ?>
<newsitem itemid="403295" id="root" date="1997-02-26" xml:lang="en">
<title>USA: Goddard Industries Inc Q1 net increases.</title>
<headline>Goddard Industries Inc Q1 net increases.</headline>
<dateline>WORCESTER, Mass. 1997-02-26</dateline>
<text>
<p>1997			1996</p>
<p> Shr			  $0.14		    $0.05</p>
<p> Net			    307			109</p>
<p> Revs			 2,990		    1,791</p>
<p>(All data above 000s except per share numbers)</p>
</text>
<copyright>(c) Reuters Limited 1997</copyright>
<metadata>
<codes class="bip:countries:1.0">
  <code code="USA">
    <editdetail attribution="Reuters BIP Coding Group" action="confirmed" date="1997-02-26"/>
  </code>
</codes>
<codes class="bip:topics:1.0">
  <code code="C15">
    <editdetail attribution="Reuters BIP Coding Group" action="confirmed" date="1997-02-26"/>
  </code>
  <code code="C151">
    <editdetail attribution="Reuters BIP Coding Group" action="confirmed" date="1997-02-26"/>
  </code>
  <code code="CCAT">
    <editdetail attribution="Reuters BIP Coding Group" action="confirmed" date="1997-02-26"/>
  </code>
</codes>
<dc element="dc.date.created" value="1997-02-26"/>
<dc element="dc.publisher" value="Reuters Holdings Plc"/>
<dc element="dc.date.published" value="1997-02-26"/>
<dc element="dc.source" value="Reuters"/>
<dc element="dc.creator.location" value="WORCESTER, Mass."/>
<dc element="dc.creator.location.country.name" value="USA"/>
<dc element="dc.source" value="Reuters"/>
</metadata>
</newsitem>
