<?xml version="1.0" encoding="iso-8859-1" ?>
<newsitem itemid="83299" id="root" date="1996-09-28" xml:lang="en">
<title>TUNISIA: PRESS DIGEST - Tunisia - Sept 28.</title>
<headline>PRESS DIGEST - Tunisia - Sept 28.</headline>
<dateline>TUNIS 1996-09-28</dateline>
<text>
<p>These are the leading stories in the Tunisian press on Saturday. Reuters has not verified these stories and does not vouch for their accuracy.</p>
<p>LA PRESSE</p>
<p>- President Ben Ali received a Kuwaiti envoy who briefed him on the latest developments in the Gulf region.</p>
<p>- An inner cabinet on Friday discussed guidelines for the 1997 finance law.</p>
<p>LE TEMPS</p>
<p>- President Ben Ali telephoned Yasser Arafat to offer Tunisia's condolences for the death of Palestinians killed by the Israeli army.</p>
</text>
<copyright>(c) Reuters Limited 1996</copyright>
<metadata>
<codes class="bip:countries:1.0">
  <code code="TUNIS">
    <editdetail attribution="Reuters BIP Coding Group" action="confirmed" date="1996-09-28"/>
  </code>
</codes>
<codes class="bip:topics:1.0">
  <code code="GCAT">
    <editdetail attribution="Reuters BIP Coding Group" action="confirmed" date="1996-09-28"/>
  </code>
</codes>
<dc element="dc.date.created" value="1996-09-28"/>
<dc element="dc.publisher" value="Reuters Holdings Plc"/>
<dc element="dc.date.published" value="1996-09-28"/>
<dc element="dc.source" value="Reuters"/>
<dc element="dc.creator.location" value="TUNIS"/>
<dc element="dc.creator.location.country.name" value="TUNISIA"/>
<dc element="dc.source" value="Reuters"/>
</metadata>
</newsitem>
