<?xml version="1.0" encoding="iso-8859-1" ?>
<newsitem itemid="49224" id="root" date="1996-09-12" xml:lang="en">
<title>BRAZIL: Brazil net dollar outflows $11.9 mln on Sept 11.</title>
<headline>Brazil net dollar outflows $11.9 mln on Sept 11.</headline>
<dateline>SAO PAULO 1996-09-12</dateline>
<text>
<p>Preliminary figures for Brazil's commercial and financial foreign exchange contracts showed an $11.9 million deficit on September 11 in the commercial forex market, according to Central Bank data supplied to banks.</p>
<p>A banker with access to the figures said the Central Bank issued the following breakdown.</p>
<p>DOLLAR FLOWS ON SEPTEMBER 11</p>
<p>Exports: $187.4 million</p>
<p>Imports: $175.4 million</p>
<p>Financial buy: $187 million</p>
<p>Financial sell: $210.9 million</p>
<p>Deficit: $11.9 million</p>
<p>SEPTEMBER DOLLAR FLOWS UP TO DATE</p>
<p>Exports: $1.676 billion</p>
<p>Imports: $1.141 billion</p>
<p>Financial buy: $1.045 billion</p>
<p>Financial sell: $1.607 billion</p>
<p>Net deficit: $27 million</p>
<p>Note: the figures were rounded off.</p>
<p>-- Alexandre Caverni, Sao Paulo Newsroom 55-11-2324411</p>
</text>
<copyright>(c) Reuters Limited 1996</copyright>
<metadata>
<codes class="bip:countries:1.0">
  <code code="BRAZ">
    <editdetail attribution="Reuters BIP Coding Group" action="confirmed" date="1996-09-12"/>
  </code>
</codes>
<codes class="bip:topics:1.0">
  <code code="M13">
    <editdetail attribution="Reuters BIP Coding Group" action="confirmed" date="1996-09-12"/>
  </code>
  <code code="M132">
    <editdetail attribution="Reuters BIP Coding Group" action="confirmed" date="1996-09-12"/>
  </code>
  <code code="MCAT">
    <editdetail attribution="Reuters BIP Coding Group" action="confirmed" date="1996-09-12"/>
  </code>
</codes>
<dc element="dc.date.created" value="1996-09-12"/>
<dc element="dc.publisher" value="Reuters Holdings Plc"/>
<dc element="dc.date.published" value="1996-09-12"/>
<dc element="dc.source" value="Reuters"/>
<dc element="dc.creator.location" value="SAO PAULO"/>
<dc element="dc.creator.location.country.name" value="BRAZIL"/>
<dc element="dc.source" value="Reuters"/>
</metadata>
</newsitem>
