<?xml version="1.0" encoding="iso-8859-1" ?>
<newsitem itemid="103651" id="root" date="1996-10-08" xml:lang="en">
<title>MALTA: PRESS DIGEST - Malta - Oct 8.</title>
<headline>PRESS DIGEST - Malta - Oct 8.</headline>
<dateline>MALTA 1996-10-08</dateline>
<text>
<p>These are the leading stories in the Maltese press on Tuesday. Reuters has not verified these stories and does not vouch for their accuracy.</p>
<p>THE TIMES</p>
<p>- Rezaq sentenced to life in prison. Omar Mohammed Ali Rezaq, a Palestinian raised in a refugee camp, was jailed for life by a Washington court on Monday after leading the hijacking of an Egyptair aircaft to Malta in 1985. He was found guilty of shooting two passengers, an American and an Israeli, at point blank range. Nearly 60 passengers died when Egyptian commandos stormed the plane.</p>
<p>L-ORRIZONT</p>
<p>- Labour leader Alfred Sant says Malta facing growing crisis of values. Sant told a televised press conference that the values of solidarity and cooperation were being lost to consumerism.</p>
<p>- Labour Party boosts campaign promise to remove VAT, insisting the October 26 election is the one and only chance for voters to reverse VAT. The opposition Labour Party has promised to remove it, replacing it with customs duties which were in force in 1994. A shortfall in revenue will be made up for by a reduction of government spending on &quot;excesses&quot;.</p>
<p>IN-NAZZJON</p>
<p>- Fenech Adami given warm welcome in Zetjun. Prime Minister Eddie Fenech Adami held an outdoor meeting in Zetjun, a Labour Party stronghold where the police in 1987 used tear gas to prevent Nationalist Party supporters from holding a meeting in the dying days of the Labour government.</p>
</text>
<copyright>(c) Reuters Limited 1996</copyright>
<metadata>
<codes class="bip:countries:1.0">
  <code code="MALTA">
    <editdetail attribution="Reuters BIP Coding Group" action="confirmed" date="1996-10-08"/>
  </code>
</codes>
<codes class="bip:topics:1.0">
  <code code="GCAT">
    <editdetail attribution="Reuters BIP Coding Group" action="confirmed" date="1996-10-08"/>
  </code>
</codes>
<dc element="dc.date.created" value="1996-10-08"/>
<dc element="dc.publisher" value="Reuters Holdings Plc"/>
<dc element="dc.date.published" value="1996-10-08"/>
<dc element="dc.source" value="Reuters"/>
<dc element="dc.creator.location" value="MALTA"/>
<dc element="dc.creator.location.country.name" value="MALTA"/>
<dc element="dc.source" value="Reuters"/>
</metadata>
</newsitem>
