<?xml version="1.0" encoding="iso-8859-1" ?>
<newsitem itemid="635362" id="root" date="1997-06-03" xml:lang="en">
<title>CHINA: Shanghai soybeans end mostly down on short-selling.</title>
<headline>Shanghai soybeans end mostly down on short-selling.</headline>
<dateline>SHANGHAI 1997-06-03</dateline>
<text>
<p>Shanghai soybean futures ended mostly down on Tuesday on short-selling as technical charts showed a downward trend in the short term, traders said.</p>
<p>The most actively traded November 1997 contract closed down at an intraday low of 3,290 yuan ($397) per tonne, down six yuan from Monday's close. It opened higher at 3,320 yuan and dragged down by big shorts.</p>
<p>July rose 40 yuan to 3,290, September fell 48 to 3,296, the January 1998 contract 55 to 3,285 and March rose 43 to 3,300.</p>
<p>Combined volume rose to 19,700 tonnes from 14,600 tonnes.  </p>
<p>&quot;After the key November contract fell below the support level of 3,300 yuan yesterday, the charts are plotting are downward track,&quot; said one trader. &quot;I believe soybeans will fall further in the next few days.&quot;</p>
<p>&quot;Big shorts continued depressing the November and the January 1998 contracts and the enlarged volume indicated more short positions have been built today,&quot; another trader said.</p>
<p>Local analysts said they expected the key November contract could find strong support at the 3,250 yuan level on Wednesday.</p>
<p>($1=8.2920 yuan)</p>
<p>-- Shanghai newsroom (86-21) 6279-7004</p>
</text>
<copyright>(c) Reuters Limited 1997</copyright>
<metadata>
<codes class="bip:countries:1.0">
  <code code="CHINA">
    <editdetail attribution="Reuters BIP Coding Group" action="confirmed" date="1997-06-03"/>
  </code>
</codes>
<codes class="bip:topics:1.0">
  <code code="M14">
    <editdetail attribution="Reuters BIP Coding Group" action="confirmed" date="1997-06-03"/>
  </code>
  <code code="M141">
    <editdetail attribution="Reuters BIP Coding Group" action="confirmed" date="1997-06-03"/>
  </code>
  <code code="MCAT">
    <editdetail attribution="Reuters BIP Coding Group" action="confirmed" date="1997-06-03"/>
  </code>
</codes>
<dc element="dc.date.created" value="1997-06-03"/>
<dc element="dc.publisher" value="Reuters Holdings Plc"/>
<dc element="dc.date.published" value="1997-06-03"/>
<dc element="dc.source" value="Reuters"/>
<dc element="dc.creator.location" value="SHANGHAI"/>
<dc element="dc.creator.location.country.name" value="CHINA"/>
<dc element="dc.source" value="Reuters"/>
</metadata>
</newsitem>
