<?xml version="1.0" encoding="iso-8859-1" ?>
<newsitem itemid="336620" id="root" date="1997-01-28" xml:lang="en">
<title>USA: Structural Dynamics Q4 shr rises to profit.</title>
<headline>Structural Dynamics Q4 shr rises to profit.</headline>
<dateline>MILFORD, Ohio 1997-01-28</dateline>
<text>
<p>(000, except per share data)</p>
<p>			    Three Months Ended	Year Ended</p>
<p>				 December 31,	  December 31</p>
<p>			     1996	 1995	1996     1995</p>
<p> Total revenue	  81,761    68,579    285,256   224,138</p>
<p> Net income (loss)   $12,347  $(16,876)   $33,689   $(7,471)</p>
<p>Net income (loss) per share</p>
<p>				$.36     $(.54)	$.97     $(.24)</p>
<p>Common and common equivalent</p>
<p> shares		   34,607    31,409     34,790    30,930</p>
<p>NOTE: Structural Dynamics Research Corp reported one-time charges totaling $1.1 million in 1996 for the purchase of CAMAX Manufacturing Technologies Inc. The company also recorded a $24.3 million litigation settlement in 1995's fourth quarter and for the year.</p>
<p>((-- New York newsdesk, (212) 859-1610))</p>
</text>
<copyright>(c) Reuters Limited 1997</copyright>
<metadata>
<codes class="bip:countries:1.0">
  <code code="USA">
    <editdetail attribution="Reuters BIP Coding Group" action="confirmed" date="1997-01-28"/>
  </code>
</codes>
<codes class="bip:industries:1.0">
  <code code="I33020">
    <editdetail attribution="Reuters BIP Coding Group" action="confirmed" date="1997-01-28"/>
  </code>
  <code code="I3302021">
    <editdetail attribution="Reuters BIP Coding Group" action="confirmed" date="1997-01-28"/>
  </code>
</codes>
<codes class="bip:topics:1.0">
  <code code="C15">
    <editdetail attribution="Reuters BIP Coding Group" action="confirmed" date="1997-01-28"/>
  </code>
  <code code="C151">
    <editdetail attribution="Reuters BIP Coding Group" action="confirmed" date="1997-01-28"/>
  </code>
  <code code="C1511">
    <editdetail attribution="Reuters BIP Coding Group" action="confirmed" date="1997-01-28"/>
  </code>
  <code code="CCAT">
    <editdetail attribution="Reuters BIP Coding Group" action="confirmed" date="1997-01-28"/>
  </code>
</codes>
<dc element="dc.date.created" value="1997-01-28"/>
<dc element="dc.publisher" value="Reuters Holdings Plc"/>
<dc element="dc.date.published" value="1997-01-28"/>
<dc element="dc.source" value="Reuters"/>
<dc element="dc.creator.location" value="MILFORD, Ohio"/>
<dc element="dc.creator.location.country.name" value="USA"/>
<dc element="dc.source" value="Reuters"/>
</metadata>
</newsitem>
