<?xml version="1.0" encoding="iso-8859-1" ?>
<newsitem itemid="633316" id="root" date="1997-06-03" xml:lang="en">
<title>HUNGARY: HUNGARY NOON RADIO HEADLINES - JUNE 3.</title>
<headline>HUNGARY NOON RADIO HEADLINES - JUNE 3.</headline>
<dateline>BUDAPEST 1997-06-03</dateline>
<text>
<p>These are the main headlines on Hungary's Kossuth Radio midday news. Reuters cannot vouch for their accuracy:</p>
<p>- The opposition parties continue to refuse the draft pension reform law.</p>
<p>- The Hungarian army is prepared for joining the NATO, said George A. Joulwan, chief commander of NATO forces in Europe.</p>
<p>- Pope John Paul will receive seven European presidents, including Hungary's Arpad Goncz, for an audience in Poland today.</p>
<p>- The strike of Austrian public employees did not block the traffic at border crossings.</p>
<p>-- Budapest newsroom +36 1 327 4040</p>
</text>
<copyright>(c) Reuters Limited 1997</copyright>
<metadata>
<codes class="bip:countries:1.0">
  <code code="HUNG">
    <editdetail attribution="Reuters BIP Coding Group" action="confirmed" date="1997-06-03"/>
  </code>
</codes>
<codes class="bip:topics:1.0">
  <code code="GCAT">
    <editdetail attribution="Reuters BIP Coding Group" action="confirmed" date="1997-06-03"/>
  </code>
</codes>
<dc element="dc.date.created" value="1997-06-03"/>
<dc element="dc.publisher" value="Reuters Holdings Plc"/>
<dc element="dc.date.published" value="1997-06-03"/>
<dc element="dc.source" value="Reuters"/>
<dc element="dc.creator.location" value="BUDAPEST"/>
<dc element="dc.creator.location.country.name" value="HUNGARY"/>
<dc element="dc.source" value="Reuters"/>
</metadata>
</newsitem>
