<?xml version="1.0" encoding="iso-8859-1" ?>
<newsitem itemid="791639" id="root" date="1997-08-11" xml:lang="en">
<title>USA: FRONTIER TO START DENVER-BOSTON FLIGHTS. [CORRECTED 19:45 GMT]</title>
<headline>FRONTIER TO START DENVER-BOSTON FLIGHTS. [CORRECTED 19:45 GMT]</headline>
<dateline>DENVER 1997-08-11</dateline>
<text>
<p>Frontier Airlines said it will start flights from its hub in Denver to Boston beginning Sept 16 (Corrects from Sept 11) at fares as low as $139 each way.</p>
<p>Frontier said Monday it will serve Bonston's Logan International Airport with two nonstop flights daily in each direction, using 136-seat, all-coach Boeing 737-700s.</p>
<p>Boston is its first destination in the eastern United States.</p>
</text>
<copyright>(c) Reuters Limited 1997</copyright>
<metadata>
<codes class="bip:countries:1.0">
  <code code="USA">
    <editdetail attribution="Reuters BIP Coding Group" action="confirmed" date="1997-08-11"/>
  </code>
</codes>
<codes class="bip:industries:1.0">
  <code code="I75000">
    <editdetail attribution="Reuters BIP Coding Group" action="confirmed" date="1997-08-11"/>
  </code>
</codes>
<codes class="bip:topics:1.0">
  <code code="C22">
    <editdetail attribution="Reuters BIP Coding Group" action="confirmed" date="1997-08-11"/>
  </code>
  <code code="CCAT">
    <editdetail attribution="Reuters BIP Coding Group" action="confirmed" date="1997-08-11"/>
  </code>
</codes>
<dc element="dc.date.created" value="1997-08-11"/>
<dc element="dc.publisher" value="Reuters Holdings Plc"/>
<dc element="dc.date.published" value="1997-08-11"/>
<dc element="dc.source" value="Reuters"/>
<dc element="dc.creator.location" value="DENVER"/>
<dc element="dc.creator.location.country.name" value="USA"/>
<dc element="dc.source" value="Reuters"/>
</metadata>
</newsitem>
