<?xml version="1.0" encoding="iso-8859-1" ?>
<newsitem itemid="408027" id="root" date="1997-02-27" xml:lang="en">
<title>INDIA: Indian cotton mill buying low ahead of budget.</title>
<headline>Indian cotton mill buying low ahead of budget.</headline>
<dateline>BOMBAY 1997-02-27</dateline>
<text>
<p>Indian cotton prices extended gains on the local market on Thursday, dealers said.</p>
<p>Mill buying remained low ahead of Friday's national budget but expectation of more exports helped prices to regain fresh ground. In spot deals Bengal-deshi rose by 5/10 rupees to 790/830 rupees per maund (37.32 kg) while Punjab saw-ginned gained by 15 rupees to 1,425/1,640 rupees per maund.</p>
<p>Gujarat Kalyan (medium-staple) rose by 200 rupees to 11,400/11,600 rupees per candy (355.56 kg).</p>
<p>The government has allowed cotton exports of 1.22 million bales (170 kg each) and traders were expecting fresh export permission for about 200,000/300,000 bales.</p>
<p>-- Bombay Commodities +91-22-265 9000</p>
</text>
<copyright>(c) Reuters Limited 1997</copyright>
<metadata>
<codes class="bip:countries:1.0">
  <code code="INDIA">
    <editdetail attribution="Reuters BIP Coding Group" action="confirmed" date="1997-02-27"/>
  </code>
</codes>
<codes class="bip:topics:1.0">
  <code code="M14">
    <editdetail attribution="Reuters BIP Coding Group" action="confirmed" date="1997-02-27"/>
  </code>
  <code code="M141">
    <editdetail attribution="Reuters BIP Coding Group" action="confirmed" date="1997-02-27"/>
  </code>
  <code code="MCAT">
    <editdetail attribution="Reuters BIP Coding Group" action="confirmed" date="1997-02-27"/>
  </code>
</codes>
<dc element="dc.date.created" value="1997-02-27"/>
<dc element="dc.publisher" value="Reuters Holdings Plc"/>
<dc element="dc.date.published" value="1997-02-27"/>
<dc element="dc.source" value="Reuters"/>
<dc element="dc.creator.location" value="BOMBAY"/>
<dc element="dc.creator.location.country.name" value="INDIA"/>
<dc element="dc.source" value="Reuters"/>
</metadata>
</newsitem>
