<?xml version="1.0" encoding="iso-8859-1" ?>
<newsitem itemid="716662" id="root" date="1997-07-09" xml:lang="en">
<title>USA: Florida puts $200 million GOs on 20-hour notice.</title>
<headline>Florida puts $200 million GOs on 20-hour notice.</headline>
<dateline>TALLAHASSEE, Fla. 1997-07-09</dateline>
<text>
<p>Florida will sell $200 million Department of Transportation general obligation bonds by competitive bid with 20 hours notice, the state Division of Bond Finance said Wednesday.</p>
<p>The issue is Florida DOT Right-of-Way Acquisition and Bridge Construction Bonds, Series 1997 A. The bonds are secured with motor fuel and diesel fuel taxes.</p>
<p>((--Jane Sutton, 305-374-5013))</p>
</text>
<copyright>(c) Reuters Limited 1997</copyright>
<metadata>
<codes class="bip:countries:1.0">
  <code code="USA">
    <editdetail attribution="Reuters BIP Coding Group" action="confirmed" date="1997-07-09"/>
  </code>
</codes>
<codes class="bip:topics:1.0">
  <code code="E21">
    <editdetail attribution="Reuters BIP Coding Group" action="confirmed" date="1997-07-09"/>
  </code>
  <code code="E212">
    <editdetail attribution="Reuters BIP Coding Group" action="confirmed" date="1997-07-09"/>
  </code>
  <code code="ECAT">
    <editdetail attribution="Reuters BIP Coding Group" action="confirmed" date="1997-07-09"/>
  </code>
  <code code="M12">
    <editdetail attribution="Reuters BIP Coding Group" action="confirmed" date="1997-07-09"/>
  </code>
  <code code="MCAT">
    <editdetail attribution="Reuters BIP Coding Group" action="confirmed" date="1997-07-09"/>
  </code>
</codes>
<dc element="dc.date.created" value="1997-07-09"/>
<dc element="dc.publisher" value="Reuters Holdings Plc"/>
<dc element="dc.date.published" value="1997-07-09"/>
<dc element="dc.source" value="Reuters"/>
<dc element="dc.creator.location" value="TALLAHASSEE, Fla."/>
<dc element="dc.creator.location.country.name" value="USA"/>
<dc element="dc.source" value="Reuters"/>
</metadata>
</newsitem>
