<?xml version="1.0" encoding="iso-8859-1" ?>
<newsitem itemid="386094" id="root" date="1997-02-18" xml:lang="en">
<title>AUSTRALIA: RTRS-St George cuts mortgage rates.</title>
<headline>RTRS-St George cuts mortgage rates.</headline>
<dateline>SYDNEY 1997-02-18</dateline>
<text>
<p>St George Bank Ltd said on Tuesday it plans to cut its standard variable home loan rate by 0.7 percentage points to 7.55 percent for owner occupier borrowers.</p>
<p>St George said the standard variable rate for investors would fall to 8.55 percent per annum. The rate cuts are effective February 25, for new borrowers and April 7 for existing customers.</p>
<p>It said the St George 'Loyalty Rate' for long term home loan customers and their immediate families, would fall to 7.3 percent for both owner occupier and investor borrowers from April 7.  </p>
<p>St George also said it had cut its Great Australian Home Loan rate to 7.05 percent, down from 7.45 percent, for both occupier and investor borrowers, effective April 7.</p>
<p>It said it would introduce monthly administration fee for new loans of A$5 on its standard variable rate and A$8 on its Great Australian Home Loan, effective April 7.</p>
<p>These fees do not effect existing borrowers, it said.</p>
<p>-- Sydney newsroom 61-2 9373-1800</p>
</text>
<copyright>(c) Reuters Limited 1997</copyright>
<metadata>
<codes class="bip:countries:1.0">
  <code code="AUSTR">
    <editdetail attribution="Reuters BIP Coding Group" action="confirmed" date="1997-02-18"/>
  </code>
</codes>
<codes class="bip:industries:1.0">
  <code code="I81402">
    <editdetail attribution="Reuters BIP Coding Group" action="confirmed" date="1997-02-18"/>
  </code>
</codes>
<codes class="bip:topics:1.0">
  <code code="C31">
    <editdetail attribution="Reuters BIP Coding Group" action="confirmed" date="1997-02-18"/>
  </code>
  <code code="CCAT">
    <editdetail attribution="Reuters BIP Coding Group" action="confirmed" date="1997-02-18"/>
  </code>
</codes>
<dc element="dc.date.created" value="1997-02-18"/>
<dc element="dc.publisher" value="Reuters Holdings Plc"/>
<dc element="dc.date.published" value="1997-02-18"/>
<dc element="dc.source" value="Reuters"/>
<dc element="dc.creator.location" value="SYDNEY"/>
<dc element="dc.creator.location.country.name" value="AUSTRALIA"/>
<dc element="dc.source" value="Reuters"/>
</metadata>
</newsitem>
