<?xml version="1.0" encoding="iso-8859-1" ?>
<newsitem itemid="263530" id="root" date="1996-12-18" xml:lang="en">
<title>UK: LME copper ticks higher in late trading.</title>
<headline>LME copper ticks higher in late trading.</headline>
<dateline>LONDON 1996-12-18</dateline>
<text>
<p>LME copper prices edged closer to the nearby $2,130 resistance level in late inter-office trading on Monday, building on moderate gains in the afternoon kerb.</p>
<p>At 1900 GMT three months copper was indicated at $2,128/32, compared to $2,114 at the afternoon kerb close.</p>
<p>Brisk borrowing of the January dates and resultant widening backwardation helped boost values, traders said.</p>
<p>But business was patchy ahead of the Christmas holidays and traders said they expected copper to remain within a recent broad range barring unexpected news or surprise LME stock movements.</p>
<p>On the upside, significant resistance was seen at $2,150, while support was at $2,080.</p>
<p>The other metals were little changed. Aluminium, which had followed copper slightly higher, was indicated at $1,537/39 versus $1,537 at the afternoon kerb close.</p>
<p>--London newsroom +44 171 542 2936</p>
</text>
<copyright>(c) Reuters Limited 1996</copyright>
<metadata>
<codes class="bip:countries:1.0">
  <code code="UK">
    <editdetail attribution="Reuters BIP Coding Group" action="confirmed" date="1996-12-18"/>
  </code>
</codes>
<codes class="bip:topics:1.0">
  <code code="M14">
    <editdetail attribution="Reuters BIP Coding Group" action="confirmed" date="1996-12-18"/>
  </code>
  <code code="M142">
    <editdetail attribution="Reuters BIP Coding Group" action="confirmed" date="1996-12-18"/>
  </code>
  <code code="MCAT">
    <editdetail attribution="Reuters BIP Coding Group" action="confirmed" date="1996-12-18"/>
  </code>
</codes>
<dc element="dc.date.created" value="1996-12-18"/>
<dc element="dc.publisher" value="Reuters Holdings Plc"/>
<dc element="dc.date.published" value="1996-12-18"/>
<dc element="dc.source" value="Reuters"/>
<dc element="dc.creator.location" value="LONDON"/>
<dc element="dc.creator.location.country.name" value="UK"/>
<dc element="dc.source" value="Reuters"/>
</metadata>
</newsitem>
