<?xml version="1.0" encoding="iso-8859-1" ?>
<newsitem itemid="589896" id="root" date="1997-05-16" xml:lang="en">
<title>VENEZUELA: Venezuela bolivar ends flat on CenBnk dlr sales.</title>
<headline>Venezuela bolivar ends flat on CenBnk dlr sales.</headline>
<dateline>CARACAS 1997-05-16</dateline>
<text>
<p>The Venezuelan bolivar closed flat at 483.25/484.25 per dollar as strong seasonal demand for dollars to finance imports was met by ample Central Bank dollar sales, traders said.</p>
<p>&quot;This is a traditional time for imports, for replenishing inventories and buying primary goods,&quot; said one trader. &quot;Demand for dollars was strong, but the Central Bank supplied what was necessary.&quot;</p>
<p>Venezuela's foreign exchange market is unusual in that the Central Bank is its largest single supplier of dollars, which blurs the difference between the Central Bank supplying liquidity and intervening.</p>
<p>Venezuela continues to pursue an inflation-fighting strong bolivar policy, where the currency ostensibly floats between slowly depreciating bands set by Central Bank intervention.</p>
<p>Traders say the Bank has recently relaxed its strong bolivar policy, letting the unit gently slide before it brushes against the lower band, last re-set in December.</p>
<p>((-- Silene Ramirez, Caracas newsroom, 582 505 2600))</p>
</text>
<copyright>(c) Reuters Limited 1997</copyright>
<metadata>
<codes class="bip:countries:1.0">
  <code code="VEN">
    <editdetail attribution="Reuters BIP Coding Group" action="confirmed" date="1997-05-16"/>
  </code>
</codes>
<codes class="bip:topics:1.0">
  <code code="M13">
    <editdetail attribution="Reuters BIP Coding Group" action="confirmed" date="1997-05-16"/>
  </code>
  <code code="M132">
    <editdetail attribution="Reuters BIP Coding Group" action="confirmed" date="1997-05-16"/>
  </code>
  <code code="MCAT">
    <editdetail attribution="Reuters BIP Coding Group" action="confirmed" date="1997-05-16"/>
  </code>
</codes>
<dc element="dc.date.created" value="1997-05-16"/>
<dc element="dc.publisher" value="Reuters Holdings Plc"/>
<dc element="dc.date.published" value="1997-05-16"/>
<dc element="dc.source" value="Reuters"/>
<dc element="dc.creator.location" value="CARACAS"/>
<dc element="dc.creator.location.country.name" value="VENEZUELA"/>
<dc element="dc.source" value="Reuters"/>
</metadata>
</newsitem>
