<?xml version="1.0" encoding="iso-8859-1" ?>
<newsitem itemid="613849" id="root" date="1997-05-26" xml:lang="en">
<title>SINGAPORE: Osprey secures US$944 mln loan.</title>
<headline>Osprey secures US$944 mln loan.</headline>
<dateline>SINGAPORE 1997-05-26</dateline>
<text>
<p>Four banks said on Monday they had arranged a US$944 million syndicated debt facility to finance Osprey Maritime Ltd's acquisition of Gotaas-Larsen Shipping Corp.  </p>
<p>Den Norske Bank ASA, Banque Indosuez, Christiania Bank OG Kreditkasse and Credit Suisse First Boston said in a statement the facility was structured as an acquisition financing of Gotaas-Larsen and a partial refinancing of Osprey.</p>
<p>It said the facility had a flexible structure and enables Osprey to proceed with their planned equity issues and re-capitalisation of the company.</p>
<p>The loan was underwritten by the four arrangers, together with ABN AMRO, MeesPierson and Societe Generale. Other institutions with established relationships with Osprey have been invited to join the facility, the statement said.</p>
<p>Osprey Maritime said on May 13 it would acquire 100 percent of Monaco-based Gotaas-Larsen for US$750 million.</p>
<p>-- Singapore newsroom (65-8703080)</p>
</text>
<copyright>(c) Reuters Limited 1997</copyright>
<metadata>
<codes class="bip:countries:1.0">
  <code code="SINGP">
    <editdetail attribution="Reuters BIP Coding Group" action="confirmed" date="1997-05-26"/>
  </code>
</codes>
<codes class="bip:industries:1.0">
  <code code="I74000">
    <editdetail attribution="Reuters BIP Coding Group" action="confirmed" date="1997-05-26"/>
  </code>
</codes>
<codes class="bip:topics:1.0">
  <code code="C17">
    <editdetail attribution="Reuters BIP Coding Group" action="confirmed" date="1997-05-26"/>
  </code>
  <code code="C173">
    <editdetail attribution="Reuters BIP Coding Group" action="confirmed" date="1997-05-26"/>
  </code>
  <code code="C18">
    <editdetail attribution="Reuters BIP Coding Group" action="confirmed" date="1997-05-26"/>
  </code>
  <code code="C181">
    <editdetail attribution="Reuters BIP Coding Group" action="confirmed" date="1997-05-26"/>
  </code>
  <code code="CCAT">
    <editdetail attribution="Reuters BIP Coding Group" action="confirmed" date="1997-05-26"/>
  </code>
</codes>
<dc element="dc.date.created" value="1997-05-26"/>
<dc element="dc.publisher" value="Reuters Holdings Plc"/>
<dc element="dc.date.published" value="1997-05-26"/>
<dc element="dc.source" value="Reuters"/>
<dc element="dc.creator.location" value="SINGAPORE"/>
<dc element="dc.creator.location.country.name" value="SINGAPORE"/>
<dc element="dc.source" value="Reuters"/>
</metadata>
</newsitem>
