<?xml version="1.0" encoding="iso-8859-1" ?>
<newsitem itemid="140140" id="root" date="1996-10-24" xml:lang="en">
<title>ARGENTINA: Argentina considers depositing all pay in banks.</title>
<headline>Argentina considers depositing all pay in banks.</headline>
<dateline>BUENOS AIRES 1996-10-24</dateline>
<text>
<p>The Argentine government is considering having all employers deposit workers' wages in bank accounts as a means of fighting tax evasion, an Economy Ministry official said.</p>
<p>&quot;Payment would be made through savings accounts which would be free of cost (to employees),&quot; Coordination Secretary Julio Caceres told reporters.</p>
<p>Having all wages channelled through the banking system would mean all such operations would be easier to track down and tax evasion made more difficult, Caceres said.  </p>
<p>He said Economy Minister Roque Fernandez was keen on the idea, but some technical problems would have to be solved before it is implemented. One of the main obstacles is there are not enough automatic teller machines in the banking system.</p>
<p>More efficient tax collection is one of the government's primary means of increasing revenues and closing a fiscal gap expected to be between $5 billion and $6 billion this year.</p>
<p>-- David Haskel, Buenos Aires Newsroom +541 318-0652</p>
</text>
<copyright>(c) Reuters Limited 1996</copyright>
<metadata>
<codes class="bip:countries:1.0">
  <code code="ARG">
    <editdetail attribution="Reuters BIP Coding Group" action="confirmed" date="1996-10-24"/>
  </code>
</codes>
<codes class="bip:topics:1.0">
  <code code="E12">
    <editdetail attribution="Reuters BIP Coding Group" action="confirmed" date="1996-10-24"/>
  </code>
  <code code="E21">
    <editdetail attribution="Reuters BIP Coding Group" action="confirmed" date="1996-10-24"/>
  </code>
  <code code="E211">
    <editdetail attribution="Reuters BIP Coding Group" action="confirmed" date="1996-10-24"/>
  </code>
  <code code="E41">
    <editdetail attribution="Reuters BIP Coding Group" action="confirmed" date="1996-10-24"/>
  </code>
  <code code="ECAT">
    <editdetail attribution="Reuters BIP Coding Group" action="confirmed" date="1996-10-24"/>
  </code>
  <code code="GCAT">
    <editdetail attribution="Reuters BIP Coding Group" action="confirmed" date="1996-10-24"/>
  </code>
  <code code="GJOB">
    <editdetail attribution="Reuters BIP Coding Group" action="confirmed" date="1996-10-24"/>
  </code>
</codes>
<dc element="dc.date.created" value="1996-10-24"/>
<dc element="dc.publisher" value="Reuters Holdings Plc"/>
<dc element="dc.date.published" value="1996-10-24"/>
<dc element="dc.source" value="Reuters"/>
<dc element="dc.creator.location" value="BUENOS AIRES"/>
<dc element="dc.creator.location.country.name" value="ARGENTINA"/>
<dc element="dc.source" value="Reuters"/>
</metadata>
</newsitem>
