<?xml version="1.0" encoding="iso-8859-1" ?>
<newsitem itemid="97755" id="root" date="1996-10-04" xml:lang="en">
<title>TAIWAN: Taiwan-Swearingen venture boosts capital to $95m.</title>
<headline>Taiwan-Swearingen venture boosts capital to $95m.</headline>
<dateline>TAIPEI 1996-10-04</dateline>
<text>
<p>Taiwan's first aviation venture with a U.S. company will more than double its capital to US$95 million for operation needs, the island's aviation committee said on Friday.</p>
<p>&quot;Taiwan's partners in Sino-Swearingen have agreed to increase the venture's capital by US$50 million to US$95 million,&quot; an official at the Committee for Aviation and Space Industry Development said to Reuters by telephone.</p>
<p>&quot;Sino-Swearingen's initial capital of US$45 million will be used up by the end of this year, and it urgently needs more money for operations,&quot; he said.</p>
<p>Taiwan's government has a small stake in the venture through its minority stake in Taiwan Aerospace Corp, which leads a group of six Taiwan partners jointly holding half of the venture.</p>
<p>In January 1995, the six Taiwan partners agreed with U.S.-based Swearigen Aircraft Inc to set up Sino-Swearingen. The joint-venture company will make six-seat SJ-30 passenger jets in the United States.</p>
<p>Swearington holds half of the joint-venture company.</p>
<p>The company is expected to finish constructing an aircraft plant in West Virginia by September 1997, the official said.  </p>
<p>&quot;Sino-Swearingen has received orders for 68 planes and will start to sell planes from November 1998,&quot; he said.</p>
<p>The six Taiwan firms are Taiwan Aerospace Corp, President Enterprises, United Microelectronics, Tuntex, the Chinfon Group and an unlisted glass firm.</p>
<p>Taiwan Aerospace, which is 29 percent owned by the Taiwan government, was founded in 1991 as the main vehicle to develop the island's fledgling aerospace industry.</p>
<p>Sino-Swearingen is its first step towards realising its goal of building a domestic aerospace industry.</p>
<p>-- Taipei Newsroom (5080815)</p>
</text>
<copyright>(c) Reuters Limited 1996</copyright>
<metadata>
<codes class="bip:countries:1.0">
  <code code="TAIWAN">
    <editdetail attribution="Reuters BIP Coding Group" action="confirmed" date="1996-10-04"/>
  </code>
  <code code="USA">
    <editdetail attribution="Reuters BIP Coding Group" action="confirmed" date="1996-10-04"/>
  </code>
</codes>
<codes class="bip:industries:1.0">
  <code code="I26000">
    <editdetail attribution="Reuters BIP Coding Group" action="confirmed" date="1996-10-04"/>
  </code>
  <code code="I34532">
    <editdetail attribution="Reuters BIP Coding Group" action="confirmed" date="1996-10-04"/>
  </code>
  <code code="I36400">
    <editdetail attribution="Reuters BIP Coding Group" action="confirmed" date="1996-10-04"/>
  </code>
  <code code="I3640010">
    <editdetail attribution="Reuters BIP Coding Group" action="confirmed" date="1996-10-04"/>
  </code>
  <code code="I41000">
    <editdetail attribution="Reuters BIP Coding Group" action="confirmed" date="1996-10-04"/>
  </code>
  <code code="I83960">
    <editdetail attribution="Reuters BIP Coding Group" action="confirmed" date="1996-10-04"/>
  </code>
</codes>
<codes class="bip:topics:1.0">
  <code code="C11">
    <editdetail attribution="Reuters BIP Coding Group" action="confirmed" date="1996-10-04"/>
  </code>
  <code code="CCAT">
    <editdetail attribution="Reuters BIP Coding Group" action="confirmed" date="1996-10-04"/>
  </code>
</codes>
<dc element="dc.date.created" value="1996-10-04"/>
<dc element="dc.publisher" value="Reuters Holdings Plc"/>
<dc element="dc.date.published" value="1996-10-04"/>
<dc element="dc.source" value="Reuters"/>
<dc element="dc.creator.location" value="TAIPEI"/>
<dc element="dc.creator.location.country.name" value="TAIWAN"/>
<dc element="dc.source" value="Reuters"/>
</metadata>
</newsitem>
