<?xml version="1.0" encoding="iso-8859-1" ?>
<newsitem itemid="564908" id="root" date="1997-05-06" xml:lang="en">
<title>FRANCE: PRESS DIGEST - France - May 6.</title>
<headline>PRESS DIGEST - France - May 6.</headline>
<dateline>PARIS 1997-05-06</dateline>
<text>
<p>These are leading stories in this morning's Paris newspapers.</p>
<p>LES ECHOS</p>
<p>-- President Jacques Chirac is expected to address the country Wednesday, through a text to be published in regional newspapers.</p>
<p>-- Bulgarian president Petar Stoyanov says in an interview he is grateful for President Jacques Chirac's help toward his country's joining European Union and Nato.</p>
<p>-- State considers offering some 30 to 35 percent of the capital of France Telecom according to Industry Minister Franck Borotra, at an estimated price of 170 francs per share.</p>
<p>LA TRIBUNE</p>
<p>-- Socialist party spokesman Francois Hollande says in an interview Socialists are opposed to a privatisation of France Telecom, and plan to maintain 100 percent state-owned capital for public services.</p>
<p>-- Finance Minister Jean Arthuis considers reform of French Treasury to improve control and management of state-owned firms.</p>
<p>-- Managers of Eramet nickel mining company answer criticism by their majority shareholder Erap in an open letter published by the newspaper.</p>
<p>L'AGEFI</p>
<p>-- Financial markets have not yet considered a possible victory of the left in the upcoming parliamentary election.</p>
<p>LE FIGARO-ECONOMIE</p>
<p>-- Forty-seven percent of people polled on May 2 and 3 by Sofres for Le Figaro call for a liberal economic policy, while 41 percent would prefer a social-democratic or a socialist policy. Seventy-nine percent see unemployment as the main problem to consider at the time of the vote.</p>
<p>LIBERATION (Economic section)</p>
<p>-- Air France Europe, the former Air Inter, plans to maintain almost all its flights today, despite a pilots' strike scheduled for today.</p>
<p>THE INTERNATIONAL HERALD TRIBUNE</p>
<p>-- Britain signals new era with EMU, new Labour government vows to put into effect Europe-wide social laws.</p>
<p>-- Paris Newsroom +33 1 4221 5381</p>
</text>
<copyright>(c) Reuters Limited 1997</copyright>
<metadata>
<codes class="bip:countries:1.0">
  <code code="FRA">
    <editdetail attribution="Reuters BIP Coding Group" action="confirmed" date="1997-05-06"/>
  </code>
</codes>
<codes class="bip:topics:1.0">
  <code code="GCAT">
    <editdetail attribution="Reuters BIP Coding Group" action="confirmed" date="1997-05-06"/>
  </code>
</codes>
<dc element="dc.date.created" value="1997-05-06"/>
<dc element="dc.publisher" value="Reuters Holdings Plc"/>
<dc element="dc.date.published" value="1997-05-06"/>
<dc element="dc.source" value="Reuters"/>
<dc element="dc.creator.location" value="PARIS"/>
<dc element="dc.creator.location.country.name" value="FRANCE"/>
<dc element="dc.source" value="Reuters"/>
</metadata>
</newsitem>
