<?xml version="1.0" encoding="iso-8859-1" ?>
<newsitem itemid="747126" id="root" date="1997-07-22" xml:lang="en">
<title>USA: AMERICAN RE SAYS UPGRADED BY A.M. BEST.</title>
<headline>AMERICAN RE SAYS UPGRADED BY A.M. BEST.</headline>
<dateline>PRINCETON, N.J. 1997-07-21</dateline>
<text>
<p>American Re said on Monday that A.M. Best Company has upgraded its rating of the American Re Corp Group to A++ (Superior) from A+.</p>
<p>The group consists of American Re-Insurance Company, the nation's second-largest writer of property-casualty reinsurance, and American Alternative Insurance Corporation, a primary property-casualty insurance company, the company said.</p>
<p>American Re is a unit of Munich Re.</p>
</text>
<copyright>(c) Reuters Limited 1997</copyright>
<metadata>
<codes class="bip:countries:1.0">
  <code code="USA">
    <editdetail attribution="Reuters BIP Coding Group" action="confirmed" date="1997-07-22"/>
  </code>
</codes>
<codes class="bip:industries:1.0">
  <code code="I82003">
    <editdetail attribution="Reuters BIP Coding Group" action="confirmed" date="1997-07-22"/>
  </code>
  <code code="I8200318">
    <editdetail attribution="Reuters BIP Coding Group" action="confirmed" date="1997-07-22"/>
  </code>
</codes>
<codes class="bip:topics:1.0">
  <code code="C15">
    <editdetail attribution="Reuters BIP Coding Group" action="confirmed" date="1997-07-22"/>
  </code>
  <code code="C152">
    <editdetail attribution="Reuters BIP Coding Group" action="confirmed" date="1997-07-22"/>
  </code>
  <code code="CCAT">
    <editdetail attribution="Reuters BIP Coding Group" action="confirmed" date="1997-07-22"/>
  </code>
</codes>
<dc element="dc.date.created" value="1997-07-21"/>
<dc element="dc.publisher" value="Reuters Holdings Plc"/>
<dc element="dc.date.published" value="1997-07-22"/>
<dc element="dc.source" value="Reuters"/>
<dc element="dc.creator.location" value="PRINCETON, N.J."/>
<dc element="dc.creator.location.country.name" value="USA"/>
<dc element="dc.source" value="Reuters"/>
</metadata>
</newsitem>
