<?xml version="1.0" encoding="iso-8859-1" ?>
<newsitem itemid="767044" id="root" date="1997-07-30" xml:lang="en">
<title>INDIA: India I-Sec's quotes on govt securities - July 30.</title>
<headline>India I-Sec's quotes on govt securities - July 30.</headline>
<dateline>BOMBAY 1997-07-30</dateline>
<text>
<p>Following are some indicative quotes made by Bombay-based ICICI Securities and Finance Company Ltd for dated Indian government securities and treasury bills on Wednesday.</p>
<p>.</p>
<p>Government securities (bid/offer in rupees)</p>
<p>------------------------------------------</p>
<p>.</p>
<p> 13.50% GOI 98    103.75/103.85</p>
<p> 12.14% GOI 00    104.30/104.40</p>
<p> 12.59% GOI 04    105.55/105.60</p>
<p>.</p>
<p>Treasury bills (bid/offer in percent)</p>
<p>------------------------------------</p>
<p>Maturing on</p>
<p> Tbill maturing on  28/03/98	     7.65/7.25</p>
<p>.</p>
<p>	   -- Bombay newsroom +91-22-265 9000</p>
</text>
<copyright>(c) Reuters Limited 1997</copyright>
<metadata>
<codes class="bip:countries:1.0">
  <code code="INDIA">
    <editdetail attribution="Reuters BIP Coding Group" action="confirmed" date="1997-07-30"/>
  </code>
</codes>
<codes class="bip:topics:1.0">
  <code code="M12">
    <editdetail attribution="Reuters BIP Coding Group" action="confirmed" date="1997-07-30"/>
  </code>
  <code code="MCAT">
    <editdetail attribution="Reuters BIP Coding Group" action="confirmed" date="1997-07-30"/>
  </code>
</codes>
<dc element="dc.date.created" value="1997-07-30"/>
<dc element="dc.publisher" value="Reuters Holdings Plc"/>
<dc element="dc.date.published" value="1997-07-30"/>
<dc element="dc.source" value="Reuters"/>
<dc element="dc.creator.location" value="BOMBAY"/>
<dc element="dc.creator.location.country.name" value="INDIA"/>
<dc element="dc.source" value="Reuters"/>
</metadata>
</newsitem>
