<?xml version="1.0" encoding="iso-8859-1" ?>
<newsitem itemid="611533" id="root" date="1997-05-23" xml:lang="en">
<title>JAPAN: Yuasa -96/97 group results.</title>
<headline>Yuasa -96/97 group results.</headline>
<dateline>TOKYO 1997-05-23</dateline>
<text>
<p>Year to March 31, 1997</p>
<p> (Group)	(in billions of yen unless specified)</p>
<p> Sales		165.60		vs	  150.17</p>
<p> Operating	    2.47		vs	  758    million</p>
<p> Current	 loss 1.53		vs     loss 1.10</p>
<p> Net	     loss 3.67		vs     loss 2.11</p>
<p> EPS	    loss 20.72 yen	  vs    loss 11.91 yen</p>
<p> Diluted EPS	     -		vs		 -</p>
<p>NOTE - Yuasa Corp is a leading maker of storage batteries.</p>
</text>
<copyright>(c) Reuters Limited 1997</copyright>
<metadata>
<codes class="bip:countries:1.0">
  <code code="JAP">
    <editdetail attribution="Reuters BIP Coding Group" action="confirmed" date="1997-05-23"/>
  </code>
</codes>
<codes class="bip:industries:1.0">
  <code code="I34320">
    <editdetail attribution="Reuters BIP Coding Group" action="confirmed" date="1997-05-23"/>
  </code>
</codes>
<codes class="bip:topics:1.0">
  <code code="C15">
    <editdetail attribution="Reuters BIP Coding Group" action="confirmed" date="1997-05-23"/>
  </code>
  <code code="C151">
    <editdetail attribution="Reuters BIP Coding Group" action="confirmed" date="1997-05-23"/>
  </code>
  <code code="C1511">
    <editdetail attribution="Reuters BIP Coding Group" action="confirmed" date="1997-05-23"/>
  </code>
  <code code="CCAT">
    <editdetail attribution="Reuters BIP Coding Group" action="confirmed" date="1997-05-23"/>
  </code>
</codes>
<dc element="dc.date.created" value="1997-05-23"/>
<dc element="dc.publisher" value="Reuters Holdings Plc"/>
<dc element="dc.date.published" value="1997-05-23"/>
<dc element="dc.source" value="Reuters"/>
<dc element="dc.creator.location" value="TOKYO"/>
<dc element="dc.creator.location.country.name" value="JAPAN"/>
<dc element="dc.source" value="Reuters"/>
</metadata>
</newsitem>
