<?xml version="1.0" encoding="iso-8859-1" ?>
<newsitem itemid="493505" id="root" date="1997-04-08" xml:lang="en">
<title>RUSSIA: Russia's Rodionov candidate for UES post.</title>
<headline>Russia's Rodionov candidate for UES post.</headline>
<dateline>MOSCOW 1997-04-08</dateline>
<text>
<p>Russian Fuel and Energy Minister Pyotr Rodionov, who tendered his resignation last week, is a candidate for chairman of the board of national energy utility RAO UES, Rodionov told Reuters on Tuesday.</p>
<p>He said he was recommended for the post at the end of February by the government, which has a majority stake in the company.</p>
<p>&quot;So far it is still the case,&quot; Rodionov said, commenting on the nomination. &quot;But the government may now decide otherwise.&quot;</p>
<p>RAO Yedinaya Energeticheskaya Sistema Rossii (UES) president Anatoly Dyakov is also chairman of the board at present.</p>
<p>Rodionov's resignation as minister has not yet been accepted by Prime Minister Viktor Chernomyrdin.</p>
<p>But Rodionov told Reuters he was leaving the ministry to work in business as he was not part of the team of new first deputy prime ministers, reformers Anatoly Chubais and Boris Nemtsov.</p>
<p>Rodionov, prior to becoming minister, was director of Lentransgaz gas transport subsidiary of natural gas monopoly RAO Gazprom.</p>
<p>Nemtsov has been charged with reforming natural monopolies, including UES, which he has criticised for a payments crisis but which he has promised not to break up.</p>
<p>--Aleksandras Budrys, Moscow Newsroom, +7095 941 8520</p>
</text>
<copyright>(c) Reuters Limited 1997</copyright>
<metadata>
<codes class="bip:countries:1.0">
  <code code="RUSS">
    <editdetail attribution="Reuters BIP Coding Group" action="confirmed" date="1997-04-08"/>
  </code>
</codes>
<codes class="bip:industries:1.0">
  <code code="I16100">
    <editdetail attribution="Reuters BIP Coding Group" action="confirmed" date="1997-04-08"/>
  </code>
</codes>
<codes class="bip:topics:1.0">
  <code code="C41">
    <editdetail attribution="Reuters BIP Coding Group" action="confirmed" date="1997-04-08"/>
  </code>
  <code code="CCAT">
    <editdetail attribution="Reuters BIP Coding Group" action="confirmed" date="1997-04-08"/>
  </code>
  <code code="GCAT">
    <editdetail attribution="Reuters BIP Coding Group" action="confirmed" date="1997-04-08"/>
  </code>
  <code code="GPOL">
    <editdetail attribution="Reuters BIP Coding Group" action="confirmed" date="1997-04-08"/>
  </code>
</codes>
<dc element="dc.date.created" value="1997-04-08"/>
<dc element="dc.publisher" value="Reuters Holdings Plc"/>
<dc element="dc.date.published" value="1997-04-08"/>
<dc element="dc.source" value="Reuters"/>
<dc element="dc.creator.location" value="MOSCOW"/>
<dc element="dc.creator.location.country.name" value="RUSSIA"/>
<dc element="dc.source" value="Reuters"/>
</metadata>
</newsitem>
