<?xml version="1.0" encoding="iso-8859-1" ?>
<newsitem itemid="132797" id="root" date="1996-10-22" xml:lang="en">
<title>USA: Cooper Industries Inc Q3 share rises.</title>
<headline>Cooper Industries Inc Q3 share rises.</headline>
<dateline>NEW YORK 1996-10-22</dateline>
<text>
<p>1996			1995</p>
<p> Shr primary		$0.72		    $0.65</p>
<p> Shr diluted		 0.68		     0.62</p>
<p> Net			 77,300		   69,300</p>
<p> Revs		   1,315,500		1,191,300</p>
<p> Avg shrs primary     107,632		  107,370</p>
<p> Avg shrs diluted     124,571		  124,103</p>
<p>	   9 MONTHS</p>
<p> Shr primary		$2.12		    $0.18</p>
<p> Shr diluted		 2.00		     0.18</p>
<p> Net			227,700		   20,800</p>
<p> Revs		   3,977,300		3,571,000</p>
<p> Avg shrs primary     107,523		  113,402</p>
<p> Avg shrs diluted     124,502		  130,149</p>
<p>(All data above 000s except per share numbers)</p>
<p>NOTE: 1995 nine months net earnings include $186.6 million charge for discontinued operations.</p>
<p>1995 nine months net earnings per share from continuing operations were $1.83 on a primary basis and $1.76 on a fully diluted basis.</p>
<p>The company said it realized an after-tax gain of $66 million from the sale of securities during the third quarter, but the gain was offset entirely by a non-recurring charge in the automotive segment and had no impact on Q3 earnings.</p>
<p>Diluted EPS calculation assumes conversion of 7.05 percent convertible subordinated debentures to common stock. As a result, interest on the debentures ($7.3 million for Q3) was added back to net income in the computation of diluted EPS.</p>
<p>First Call mean estimate for Q3 was $0.67/shr.</p>
<p>-- New York Newsdesk 212-859-1610</p>
</text>
<copyright>(c) Reuters Limited 1996</copyright>
<metadata>
<codes class="bip:countries:1.0">
  <code code="USA">
    <editdetail attribution="Reuters BIP Coding Group" action="confirmed" date="1996-10-22"/>
  </code>
</codes>
<codes class="bip:industries:1.0">
  <code code="I32870">
    <editdetail attribution="Reuters BIP Coding Group" action="confirmed" date="1996-10-22"/>
  </code>
</codes>
<codes class="bip:topics:1.0">
  <code code="C15">
    <editdetail attribution="Reuters BIP Coding Group" action="confirmed" date="1996-10-22"/>
  </code>
  <code code="C151">
    <editdetail attribution="Reuters BIP Coding Group" action="confirmed" date="1996-10-22"/>
  </code>
  <code code="CCAT">
    <editdetail attribution="Reuters BIP Coding Group" action="confirmed" date="1996-10-22"/>
  </code>
</codes>
<dc element="dc.date.created" value="1996-10-22"/>
<dc element="dc.publisher" value="Reuters Holdings Plc"/>
<dc element="dc.date.published" value="1996-10-22"/>
<dc element="dc.source" value="Reuters"/>
<dc element="dc.creator.location" value="NEW YORK"/>
<dc element="dc.creator.location.country.name" value="USA"/>
<dc element="dc.source" value="Reuters"/>
</metadata>
</newsitem>
