<?xml version="1.0" encoding="iso-8859-1" ?>
<newsitem itemid="385640" id="root" date="1997-02-18" xml:lang="en">
<title>USA: St Joseph hogs steady - USDA.</title>
<headline>St Joseph hogs steady - USDA.</headline>
<dateline>ST JOSEPH 1997-02-18</dateline>
<text>
<p>USDA said compared with Monday, barrows and gilts were steady. Top $50.00 per cwt.</p>
<p>Packers not pushing for numbers at current cut-outs. Holiday Monday and Interior Iowa moved 107,000 so they have a few on hand.</p>
<p>    US 1-3    230-270 lbs    49.50-50.00</p>
<p>    US 2-3    270-290 lbs    48.00-49.00</p>
<p>    US 1-2    220-230 lbs    49.00-49.50</p>
<p>Sows - steady/up $0.50. Top $56.00.</p>
<p>    US 1-2    300-450 lbs    42.50</p>
<p>		  450-500 lbs    46.00</p>
<p>    US 1-3    500-550 lbs    54.00</p>
<p>		  550-700 lbs    55.00-56.00</p>
<p>    Boars:	 300-700 lbs    39.00</p>
<p>		     200-300 lbs    40.00</p>
</text>
<copyright>(c) Reuters Limited 1997</copyright>
<metadata>
<codes class="bip:countries:1.0">
  <code code="USA">
    <editdetail attribution="Reuters BIP Coding Group" action="confirmed" date="1997-02-18"/>
  </code>
</codes>
<codes class="bip:topics:1.0">
  <code code="M14">
    <editdetail attribution="Reuters BIP Coding Group" action="confirmed" date="1997-02-18"/>
  </code>
  <code code="M141">
    <editdetail attribution="Reuters BIP Coding Group" action="confirmed" date="1997-02-18"/>
  </code>
  <code code="MCAT">
    <editdetail attribution="Reuters BIP Coding Group" action="confirmed" date="1997-02-18"/>
  </code>
</codes>
<dc element="dc.date.created" value="1997-02-18"/>
<dc element="dc.publisher" value="Reuters Holdings Plc"/>
<dc element="dc.date.published" value="1997-02-18"/>
<dc element="dc.source" value="Reuters"/>
<dc element="dc.creator.location" value="ST JOSEPH"/>
<dc element="dc.creator.location.country.name" value="USA"/>
<dc element="dc.source" value="Reuters"/>
</metadata>
</newsitem>
