<?xml version="1.0" encoding="iso-8859-1" ?>
<newsitem itemid="531121" id="root" date="1997-04-23" xml:lang="en">
<title>UK: SOCCER-MANCHESTER UNITED V BORUSSIA DORTMUND TEAMS.</title>
<headline>SOCCER-MANCHESTER UNITED V BORUSSIA DORTMUND TEAMS.</headline>
<dateline>MANCHESTER, England 1997-04-23</dateline>
<text>
<p>Line-ups for Wednesday's European Cup semifinal second leg between Manchester United and Borussia Dortmund at Old Trafford:</p>
<p>Manchester United: 1-Peter Schmeichel; 2-Gary Neville, 6-Gary Pallister, 4-David May, 28-Phil Neville, 5-Ronny Johnsen, 8-Nicky Butt, 10-David Beckham, 7-Eric Cantona, 9-Andy Cole, 20-Ole Solskjaer</p>
<p>Borussia Dortmund: 1-Stefan Klos; 15-Juergen Kohler, 20-Wolfgang Feiersinger, 16-Martin Kree, 14-Paul Lambert, 7-Stefan Reuter, 10-Andreas Moeller, 18-Lars Ricken, 17-Joerg Heinrich, 13-Karlheinz Reidle, 9-Stephane Chapuisat</p>
<p>Referee: Urs Meier (Switzerland)</p>
</text>
<copyright>(c) Reuters Limited 1997</copyright>
<metadata>
<codes class="bip:countries:1.0">
  <code code="GFR">
    <editdetail attribution="Reuters BIP Coding Group" action="confirmed" date="1997-04-23"/>
  </code>
  <code code="UK">
    <editdetail attribution="Reuters BIP Coding Group" action="confirmed" date="1997-04-23"/>
  </code>
</codes>
<codes class="bip:topics:1.0">
  <code code="GCAT">
    <editdetail attribution="Reuters BIP Coding Group" action="confirmed" date="1997-04-23"/>
  </code>
  <code code="GSPO">
    <editdetail attribution="Reuters BIP Coding Group" action="confirmed" date="1997-04-23"/>
  </code>
</codes>
<dc element="dc.date.created" value="1997-04-23"/>
<dc element="dc.publisher" value="Reuters Holdings Plc"/>
<dc element="dc.date.published" value="1997-04-23"/>
<dc element="dc.source" value="Reuters"/>
<dc element="dc.creator.location" value="MANCHESTER, England"/>
<dc element="dc.creator.location.country.name" value="UK"/>
<dc element="dc.source" value="Reuters"/>
</metadata>
</newsitem>
