<?xml version="1.0" encoding="iso-8859-1" ?>
<newsitem itemid="711748" id="root" date="1997-07-07" xml:lang="en">
<title>UK: Abbey National off, HSBC Capel downgrades.</title>
<headline>Abbey National off, HSBC Capel downgrades.</headline>
<dateline>LONDON 1997-07-07</dateline>
<text>
<p>Shares in banking group Abbey National fell on Monday as analysts at HSBC James Capel cut their rating on the stock to &quot;hold&quot; from &quot;buy&quot;, dealers said.</p>
<p>The shares were off 6p at 882p by 0835 GMT in a mostly weaker sector.  </p>
<p>Market sources said the brokerage had downgraded the stock ahead of the bank's interim results on expected poor net lending, pressure on spreads and poor liquid savings.</p>
<p>Although the stock still looked cheap relative to Alliance &amp; Leicester and Woolwich it has already risen nine percent this quarter and the analysts were becoming less enthusiastic, sources said.</p>
<p>--Elaine Hardcastle, London Newsroom +44 171 542 4027</p>
</text>
<copyright>(c) Reuters Limited 1997</copyright>
<metadata>
<codes class="bip:countries:1.0">
  <code code="UK">
    <editdetail attribution="Reuters BIP Coding Group" action="confirmed" date="1997-07-07"/>
  </code>
</codes>
<codes class="bip:industries:1.0">
  <code code="I81402">
    <editdetail attribution="Reuters BIP Coding Group" action="confirmed" date="1997-07-07"/>
  </code>
</codes>
<codes class="bip:topics:1.0">
  <code code="C15">
    <editdetail attribution="Reuters BIP Coding Group" action="confirmed" date="1997-07-07"/>
  </code>
  <code code="C152">
    <editdetail attribution="Reuters BIP Coding Group" action="confirmed" date="1997-07-07"/>
  </code>
  <code code="CCAT">
    <editdetail attribution="Reuters BIP Coding Group" action="confirmed" date="1997-07-07"/>
  </code>
</codes>
<dc element="dc.date.created" value="1997-07-07"/>
<dc element="dc.publisher" value="Reuters Holdings Plc"/>
<dc element="dc.date.published" value="1997-07-07"/>
<dc element="dc.source" value="Reuters"/>
<dc element="dc.creator.location" value="LONDON"/>
<dc element="dc.creator.location.country.name" value="UK"/>
<dc element="dc.source" value="Reuters"/>
</metadata>
</newsitem>
