<?xml version="1.0" encoding="iso-8859-1" ?>
<newsitem itemid="451123" id="root" date="1997-03-18" xml:lang="en">
<title>SPAIN: Rato says &quot;no doubt&quot; Spain will be in EMU launch.</title>
<headline>Rato says &quot;no doubt&quot; Spain will be in EMU launch.</headline>
<dateline>BARCELONA, Spain 1997-03-18</dateline>
<text>
<p>Spanish Economy Minister Rodrigo Rato said on Tuesday there was no doubt Spain would be in launch of the European common currency.</p>
<p>&quot;There is no doubt we will be able to fufil the criteria,&quot; Rato told Reuters Financial Television on the fringes of the annual meeting of the Inter-American Development Bank.</p>
</text>
<copyright>(c) Reuters Limited 1997</copyright>
<metadata>
<codes class="bip:countries:1.0">
  <code code="EEC">
    <editdetail attribution="Reuters BIP Coding Group" action="confirmed" date="1997-03-18"/>
  </code>
  <code code="SPAIN">
    <editdetail attribution="Reuters BIP Coding Group" action="confirmed" date="1997-03-18"/>
  </code>
</codes>
<codes class="bip:topics:1.0">
  <code code="E12">
    <editdetail attribution="Reuters BIP Coding Group" action="confirmed" date="1997-03-18"/>
  </code>
  <code code="ECAT">
    <editdetail attribution="Reuters BIP Coding Group" action="confirmed" date="1997-03-18"/>
  </code>
  <code code="G15">
    <editdetail attribution="Reuters BIP Coding Group" action="confirmed" date="1997-03-18"/>
  </code>
  <code code="G154">
    <editdetail attribution="Reuters BIP Coding Group" action="confirmed" date="1997-03-18"/>
  </code>
  <code code="GCAT">
    <editdetail attribution="Reuters BIP Coding Group" action="confirmed" date="1997-03-18"/>
  </code>
</codes>
<dc element="dc.date.created" value="1997-03-18"/>
<dc element="dc.publisher" value="Reuters Holdings Plc"/>
<dc element="dc.date.published" value="1997-03-18"/>
<dc element="dc.source" value="Reuters"/>
<dc element="dc.creator.location" value="BARCELONA, Spain"/>
<dc element="dc.creator.location.country.name" value="SPAIN"/>
<dc element="dc.source" value="Reuters"/>
</metadata>
</newsitem>
