<?xml version="1.0" encoding="iso-8859-1" ?>
<newsitem itemid="190270" id="root" date="1996-11-14" xml:lang="en">
<title>UK: LB Schleswig-Holstein sets A$100 mln 3-year bond.</title>
<headline>LB Schleswig-Holstein sets A$100 mln 3-year bond.</headline>
<dateline>LONDON 1996-11-14</dateline>
<text>
<p>The following bond was announced by lead manager Toronto Dominion.</p>
<p> BORROWER   LANDESBANK SCHLESWIG-HOLSTEIN</p>
<p> AMT    A$100 MLN     COUPON     6.50	MATURITY    17.DEC.99</p>
<p> TYPE	 STRAIGHT  ISS PRICE  101.22    PAY DATE    17.DEC.96</p>
<p> FULL FEES  1.50 PCT  REOFFER    =	   SPREAD	 =</p>
<p> MOODY	AA1	 LISTING    LUX	 PAY FREQ    =</p>
<p> S&amp;P	  AAA	 DENOMS (K) 1-10-100</p>
<p>SALE LIMITS US/UK/AU/DE</p>
<p> NEG PLG    NO	  CRS DEFLT  YES	 FORCE MAJ   YES</p>
<p> GOV LAW    ENGLISH   HOME CTRY  =	   TAX PROVS   STD</p>
<p> MGT/UND    0.25	SELL CONC  1.25	PRAECIP     =</p>
<p> NOTES	ISSUED OFF THE EMTN PROGRAMME</p>
<p>-- London Newsroom +44 171 542 7658</p>
</text>
<copyright>(c) Reuters Limited 1996</copyright>
<metadata>
<codes class="bip:countries:1.0">
  <code code="GFR">
    <editdetail attribution="Reuters BIP Coding Group" action="confirmed" date="1996-11-14"/>
  </code>
  <code code="UK">
    <editdetail attribution="Reuters BIP Coding Group" action="confirmed" date="1996-11-14"/>
  </code>
</codes>
<codes class="bip:industries:1.0">
  <code code="I81402">
    <editdetail attribution="Reuters BIP Coding Group" action="confirmed" date="1996-11-14"/>
  </code>
</codes>
<codes class="bip:topics:1.0">
  <code code="C17">
    <editdetail attribution="Reuters BIP Coding Group" action="confirmed" date="1996-11-14"/>
  </code>
  <code code="C172">
    <editdetail attribution="Reuters BIP Coding Group" action="confirmed" date="1996-11-14"/>
  </code>
  <code code="CCAT">
    <editdetail attribution="Reuters BIP Coding Group" action="confirmed" date="1996-11-14"/>
  </code>
</codes>
<dc element="dc.date.created" value="1996-11-14"/>
<dc element="dc.publisher" value="Reuters Holdings Plc"/>
<dc element="dc.date.published" value="1996-11-14"/>
<dc element="dc.source" value="Reuters"/>
<dc element="dc.creator.location" value="LONDON"/>
<dc element="dc.creator.location.country.name" value="UK"/>
<dc element="dc.source" value="Reuters"/>
</metadata>
</newsitem>
