<?xml version="1.0" encoding="iso-8859-1" ?>
<newsitem itemid="673593" id="root" date="1997-06-19" xml:lang="en">
<title>USA: Keycorp backs Q2, year estimates.</title>
<headline>Keycorp backs Q2, year estimates.</headline>
<dateline>MINNEAPOLIS 1997-06-19</dateline>
<text>
<p>KeyCorp said Thursday it backed earnings estimates of $1.00-$1.01 a share for the second quarter and $4.19 for the full year.</p>
<p>&quot;We're comfortable at $1.00, $1.01 (a share for the second quarter),&quot; Henry Meyer III, vice chairman and chief operating officer, said after a presentation at the Piper Jaffray investors conference here.</p>
<p>For 1997, &quot;we're comfortable with analysts' expectations of $4.19,&quot; he said.  </p>
<p>In the year-ago second quarter KeyCorp earned $0.92 a share. In all of 1996 it earned $3.71 a share.</p>
<p>Meyer said the earnings projection for the 1997 full year reflects a &quot;ramp-up&quot; of results for the second half. This would be due to securitization of student loans and reduced overhead expenses as a result of a planned sale of bank branches.</p>
<p>((--Chicago Newsdesk (312) 408-8787))</p>
</text>
<copyright>(c) Reuters Limited 1997</copyright>
<metadata>
<codes class="bip:countries:1.0">
  <code code="USA">
    <editdetail attribution="Reuters BIP Coding Group" action="confirmed" date="1997-06-19"/>
  </code>
</codes>
<codes class="bip:industries:1.0">
  <code code="I81402">
    <editdetail attribution="Reuters BIP Coding Group" action="confirmed" date="1997-06-19"/>
  </code>
</codes>
<codes class="bip:topics:1.0">
  <code code="C15">
    <editdetail attribution="Reuters BIP Coding Group" action="confirmed" date="1997-06-19"/>
  </code>
  <code code="C152">
    <editdetail attribution="Reuters BIP Coding Group" action="confirmed" date="1997-06-19"/>
  </code>
  <code code="CCAT">
    <editdetail attribution="Reuters BIP Coding Group" action="confirmed" date="1997-06-19"/>
  </code>
</codes>
<dc element="dc.date.created" value="1997-06-19"/>
<dc element="dc.publisher" value="Reuters Holdings Plc"/>
<dc element="dc.date.published" value="1997-06-19"/>
<dc element="dc.source" value="Reuters"/>
<dc element="dc.creator.location" value="MINNEAPOLIS"/>
<dc element="dc.creator.location.country.name" value="USA"/>
<dc element="dc.source" value="Reuters"/>
</metadata>
</newsitem>
