<?xml version="1.0" encoding="iso-8859-1" ?>
<newsitem itemid="73538" id="root" date="1996-09-24" xml:lang="en">
<title>USA: FOMC opens meeting on interest-rate policy.</title>
<headline>FOMC opens meeting on interest-rate policy.</headline>
<dateline>WASHINGTON 1996-09-24</dateline>
<text>
<p>Federal Reserve policy-makers began meeting on Tuesday to consider whether to raise interest rates for the first time in about 1-1/2 years.</p>
<p>Fed spokesman Joseph Coyne said the Federal Open Market Committee meeting opened as scheduled at 9 a.m. EDT/1300 GMT. An announcement of its outcome is expected about 2:15 p.m. /1815.</p>
<p>A thin majority of economists surveyed by Reuters on Monday said they expected the U.S. central bank to decide to bump up short-term rates by a quarter percentage point, the first such increase since February 1995, to keep potential inflation pressures in check.</p>
</text>
<copyright>(c) Reuters Limited 1996</copyright>
<metadata>
<codes class="bip:countries:1.0">
  <code code="USA">
    <editdetail attribution="Reuters BIP Coding Group" action="confirmed" date="1996-09-24"/>
  </code>
</codes>
<codes class="bip:topics:1.0">
  <code code="E12">
    <editdetail attribution="Reuters BIP Coding Group" action="confirmed" date="1996-09-24"/>
  </code>
  <code code="ECAT">
    <editdetail attribution="Reuters BIP Coding Group" action="confirmed" date="1996-09-24"/>
  </code>
</codes>
<dc element="dc.date.created" value="1996-09-24"/>
<dc element="dc.publisher" value="Reuters Holdings Plc"/>
<dc element="dc.date.published" value="1996-09-24"/>
<dc element="dc.source" value="Reuters"/>
<dc element="dc.creator.location" value="WASHINGTON"/>
<dc element="dc.creator.location.country.name" value="USA"/>
<dc element="dc.source" value="Reuters"/>
</metadata>
</newsitem>
