<?xml version="1.0" encoding="iso-8859-1" ?>
<newsitem itemid="14144" id="root" date="1996-08-26" xml:lang="en">
<title>SOUTH AFRICA: Strikers damage Namibia Tsumeb smelter, flood mine.</title>
<headline>Strikers damage Namibia Tsumeb smelter, flood mine.</headline>
<dateline>JOHANNESBURG 1996-08-26</dateline>
<text>
<p>Gold Fields Namibia Ltd said on Monday that severe disruptions had occurred at the three operations of its subsidiary Tsumeb Corp Ltd due to strike action by the Mineworkers Union of Namibia.  </p>
<p>&quot;Reports indicate that strikers took control of certain key areas of the operations including the copper smelter and the entire Kombat property. Pumping at the Tsumeb, Kombat and Otjihase operations has been interrupted and water is currently flowing into the deeper levels of these mines,&quot; the company said.  </p>
<p>Gold Fields said damage to the copper smelter and flooding of the mines were &quot;cause for very serious concern&quot;, but it added it was not possible top quantity the consequences at this stage.</p>
<p>The company has obtained an urgent interim court order declaring the strike, in support of a wage demand, to be unlawful and restraining striking employees from obstructing the company's normal operations.</p>
<p>However, the Namibian authorities have had only limited succeess in enforcing the order.</p>
<p>-- Johannesburg newsroom +27 11 482 1003</p>
</text>
<copyright>(c) Reuters Limited 1996</copyright>
<metadata>
<codes class="bip:countries:1.0">
  <code code="NAMIB">
    <editdetail attribution="Reuters BIP Coding Group" action="confirmed" date="1996-08-26"/>
  </code>
  <code code="SAFR">
    <editdetail attribution="Reuters BIP Coding Group" action="confirmed" date="1996-08-26"/>
  </code>
</codes>
<codes class="bip:industries:1.0">
  <code code="I21000">
    <editdetail attribution="Reuters BIP Coding Group" action="confirmed" date="1996-08-26"/>
  </code>
</codes>
<codes class="bip:topics:1.0">
  <code code="C24">
    <editdetail attribution="Reuters BIP Coding Group" action="confirmed" date="1996-08-26"/>
  </code>
  <code code="C42">
    <editdetail attribution="Reuters BIP Coding Group" action="confirmed" date="1996-08-26"/>
  </code>
  <code code="CCAT">
    <editdetail attribution="Reuters BIP Coding Group" action="confirmed" date="1996-08-26"/>
  </code>
  <code code="E41">
    <editdetail attribution="Reuters BIP Coding Group" action="confirmed" date="1996-08-26"/>
  </code>
  <code code="ECAT">
    <editdetail attribution="Reuters BIP Coding Group" action="confirmed" date="1996-08-26"/>
  </code>
  <code code="GCAT">
    <editdetail attribution="Reuters BIP Coding Group" action="confirmed" date="1996-08-26"/>
  </code>
  <code code="GJOB">
    <editdetail attribution="Reuters BIP Coding Group" action="confirmed" date="1996-08-26"/>
  </code>
</codes>
<dc element="dc.date.created" value="1996-08-26"/>
<dc element="dc.publisher" value="Reuters Holdings Plc"/>
<dc element="dc.date.published" value="1996-08-26"/>
<dc element="dc.source" value="Reuters"/>
<dc element="dc.creator.location" value="JOHANNESBURG"/>
<dc element="dc.creator.location.country.name" value="SOUTH AFRICA"/>
<dc element="dc.source" value="Reuters"/>
</metadata>
</newsitem>
