<?xml version="1.0" encoding="iso-8859-1" ?>
<newsitem itemid="541036" id="root" date="1997-04-25" xml:lang="en">
<title>JAPAN: Daikyo -96/97 parent forecast.</title>
<headline>Daikyo -96/97 parent forecast.</headline>
<dateline>TOKYO 1997-04-25</dateline>
<text>
<p>Year to March 31, 1997</p>
<p>		   (in billions of yen unless specified)</p>
<p>			   LATEST	    PREVIOUS	   ACTUAL</p>
<p> (Parent)	     FORECAST	   FORECAST	  YEAR-AGO</p>
<p> Sales		519.30	     535.00	     564.92</p>
<p> Current		5.10		 5.00		 7.30</p>
<p> Net		  500    million	   2.50		 7.13</p>
<p>NOTE - Daikyo Inc is a leading condiminium builder.</p>
</text>
<copyright>(c) Reuters Limited 1997</copyright>
<metadata>
<codes class="bip:countries:1.0">
  <code code="JAP">
    <editdetail attribution="Reuters BIP Coding Group" action="confirmed" date="1997-04-25"/>
  </code>
</codes>
<codes class="bip:industries:1.0">
  <code code="I50100">
    <editdetail attribution="Reuters BIP Coding Group" action="confirmed" date="1997-04-25"/>
  </code>
  <code code="I5010022">
    <editdetail attribution="Reuters BIP Coding Group" action="confirmed" date="1997-04-25"/>
  </code>
</codes>
<codes class="bip:topics:1.0">
  <code code="C15">
    <editdetail attribution="Reuters BIP Coding Group" action="confirmed" date="1997-04-25"/>
  </code>
  <code code="C152">
    <editdetail attribution="Reuters BIP Coding Group" action="confirmed" date="1997-04-25"/>
  </code>
  <code code="CCAT">
    <editdetail attribution="Reuters BIP Coding Group" action="confirmed" date="1997-04-25"/>
  </code>
</codes>
<dc element="dc.date.created" value="1997-04-25"/>
<dc element="dc.publisher" value="Reuters Holdings Plc"/>
<dc element="dc.date.published" value="1997-04-25"/>
<dc element="dc.source" value="Reuters"/>
<dc element="dc.creator.location" value="TOKYO"/>
<dc element="dc.creator.location.country.name" value="JAPAN"/>
<dc element="dc.source" value="Reuters"/>
</metadata>
</newsitem>
