<?xml version="1.0" encoding="iso-8859-1" ?>
<newsitem itemid="39936" id="root" date="1996-09-08" xml:lang="en">
<title>FRANCE: PRESS DIGEST - Algeria - Sept 8.</title>
<headline>PRESS DIGEST - Algeria - Sept 8.</headline>
<dateline>PARIS 1996-09-08</dateline>
<text>
<p>These are the leading stories in the Algerian press on Sunday as reported by the official Algerian news agency APS. Reuters has not verified these stories and does not vouch for their accuracy.</p>
<p>L'AUTHENTIQUE</p>
<p>- President Zeroual briefs women's organisations about results of his talks with opposition parties ahead of national conference.</p>
<p>EL MOUDJAHID</p>
<p>- National conference convenes on Saturday and Sunday.</p>
<p>- Soccer team Mouloudia of Oran beat Vita Club of Zaire 2-0.</p>
<p>LE MATIN</p>
<p>- Majority of political parties take part in national conference.</p>
<p>LIBERTE</p>
<p>- Spain's Foreign Minister Matutes to visit Algiers on Monday. Trade between Algeria and Spain reached $2 billion in 1995.</p>
</text>
<copyright>(c) Reuters Limited 1996</copyright>
<metadata>
<codes class="bip:countries:1.0">
  <code code="ALG">
    <editdetail attribution="Reuters BIP Coding Group" action="confirmed" date="1996-09-08"/>
  </code>
</codes>
<codes class="bip:topics:1.0">
  <code code="GCAT">
    <editdetail attribution="Reuters BIP Coding Group" action="confirmed" date="1996-09-08"/>
  </code>
</codes>
<dc element="dc.date.created" value="1996-09-08"/>
<dc element="dc.publisher" value="Reuters Holdings Plc"/>
<dc element="dc.date.published" value="1996-09-08"/>
<dc element="dc.source" value="Reuters"/>
<dc element="dc.creator.location" value="PARIS"/>
<dc element="dc.creator.location.country.name" value="FRANCE"/>
<dc element="dc.source" value="Reuters"/>
</metadata>
</newsitem>
