<?xml version="1.0" encoding="iso-8859-1" ?>
<newsitem itemid="426290" id="root" date="1997-03-07" xml:lang="en">
<title>BULGARIA: Bulgarian-Russian Inv. Bank to pay 3 pct dividend.</title>
<headline>Bulgarian-Russian Inv. Bank to pay 3 pct dividend.</headline>
<dateline>SOFIA 1997-03-07</dateline>
<text>
<p>The private Bulgarian-Russian Investment Bank (BRIB) will distribute three percent dividend from a 63.5 million lev net profit for 1996, the bank's executive director said on Friday.</p>
<p>&quot;The bank will use 37.5 million levs of last year's net profit to pay three percent dividend to shareholders. The remaining 26 million levs will be transferred to the reserve fund,&quot; Svetoslav Bozhilov told Reuters.</p>
<p>The bank's balance profit before provisioning and tax payments totalled 425.8 million levs, bank figures showed. @</p>
<p>The BRIB annual shareholders' meeting on Saturday is expected to authorise the bank's directors to raise capital up to 25 billion levs without calling a new shareholders meeting. So far bank's capital target was set at five billion levs.</p>
<p>&quot;The higher capital target is in line with anticipated rise of central bank minimum capital requirements,&quot; Bozhilov said.</p>
<p>Under current central bank regulations local commercial banks are to have 1.4 billion levs capital for a domestic licence and 2.2 billion levs for a full one by March 31.</p>
<p>By end-March the BRIB's paid-in capital will amount to 2.5 billion levs, Bozhilov said. @</p>
<p>The BRIB, set up as a joint Bulgarian-Russian financial institution in May 1994, was licensed by the central bank in January 1995 for banking operations both in the country and abroad.</p>
<p>Apart from state-owned Bulbank the BRIB has been the only private bank in Bulgaria with a committed dividend to its shareholders so far. -- Roumiana Tikholova, Sofia Newsroom, (++359-2) 981 8569</p>
</text>
<copyright>(c) Reuters Limited 1997</copyright>
<metadata>
<codes class="bip:countries:1.0">
  <code code="BUL">
    <editdetail attribution="Reuters BIP Coding Group" action="confirmed" date="1997-03-07"/>
  </code>
</codes>
<codes class="bip:industries:1.0">
  <code code="I81402">
    <editdetail attribution="Reuters BIP Coding Group" action="confirmed" date="1997-03-07"/>
  </code>
</codes>
<codes class="bip:topics:1.0">
  <code code="C15">
    <editdetail attribution="Reuters BIP Coding Group" action="confirmed" date="1997-03-07"/>
  </code>
  <code code="C151">
    <editdetail attribution="Reuters BIP Coding Group" action="confirmed" date="1997-03-07"/>
  </code>
  <code code="CCAT">
    <editdetail attribution="Reuters BIP Coding Group" action="confirmed" date="1997-03-07"/>
  </code>
</codes>
<dc element="dc.date.created" value="1997-03-07"/>
<dc element="dc.publisher" value="Reuters Holdings Plc"/>
<dc element="dc.date.published" value="1997-03-07"/>
<dc element="dc.source" value="Reuters"/>
<dc element="dc.creator.location" value="SOFIA"/>
<dc element="dc.creator.location.country.name" value="BULGARIA"/>
<dc element="dc.source" value="Reuters"/>
</metadata>
</newsitem>
