<?xml version="1.0" encoding="iso-8859-1" ?>
<newsitem itemid="674256" id="root" date="1997-06-19" xml:lang="en">
<title>AUSTRIA: Austria cenbank calls for repo bids, rates steady.</title>
<headline>Austria cenbank calls for repo bids, rates steady.</headline>
<dateline>VIENNA 1997-06-19</dateline>
<text>
<p>The Austrian National Bank said on Thursday it was calling for bids on two-week securities repurchase agreements at a fixed 3.0 percent.</p>
<p>Bids have to be in by 1000 GMT on Friday, it said.</p>
<p>Last week, the central bank allotted 13.93 billion schillings in two-week repos, also at 3.0 percent, filling 11 percent of bids. -- Vienna newsroom, +431 53112 257</p>
</text>
<copyright>(c) Reuters Limited 1997</copyright>
<metadata>
<codes class="bip:countries:1.0">
  <code code="AUST">
    <editdetail attribution="Reuters BIP Coding Group" action="confirmed" date="1997-06-19"/>
  </code>
</codes>
<codes class="bip:topics:1.0">
  <code code="M13">
    <editdetail attribution="Reuters BIP Coding Group" action="confirmed" date="1997-06-19"/>
  </code>
  <code code="M131">
    <editdetail attribution="Reuters BIP Coding Group" action="confirmed" date="1997-06-19"/>
  </code>
  <code code="MCAT">
    <editdetail attribution="Reuters BIP Coding Group" action="confirmed" date="1997-06-19"/>
  </code>
</codes>
<dc element="dc.date.created" value="1997-06-19"/>
<dc element="dc.publisher" value="Reuters Holdings Plc"/>
<dc element="dc.date.published" value="1997-06-19"/>
<dc element="dc.source" value="Reuters"/>
<dc element="dc.creator.location" value="VIENNA"/>
<dc element="dc.creator.location.country.name" value="AUSTRIA"/>
<dc element="dc.source" value="Reuters"/>
</metadata>
</newsitem>
