<?xml version="1.0" encoding="iso-8859-1" ?>
<newsitem itemid="199987" id="root" date="1996-11-19" xml:lang="en">
<title>USA: Nebraska cattle trade at $73-$74, $117-$119 - USDA.</title>
<headline>Nebraska cattle trade at $73-$74, $117-$119 - USDA.</headline>
<dateline>OMAHA 1996-11-19</dateline>
<text>
<p>Slaughter steers and heifers not well established on a live basis, but undertone lower, particularly after 1200CST/1800GMT.</p>
<p>Demand and seller interest only fair at best, with some buyers reducing bids as day progresses. Sales Confirmed: 14,300  Last Week: 44,200  Last Year: 12,400 Week To Date:19,500  Sm Pd Lst Wk: 54,100 Sm Pd Lst Yr: 17,700</p>
<p>Slaughter Steers: Several pens early in far West Select and Choice 2-3 1250-1375 lbs 73.00, few 74.00. Not tested late.</p>
<p>Slaughter Heifers: Several pens early in far West Select and Choice 2-3 1150 lbs 73.00, few 74.00. Not tested late.</p>
<p>Dressed Basis Delivered. Steers, heifers fully 1.00 lower.</p>
<p>Dressed Basis Steers: Select and Choice 2-3 1200-1325 lbs 116.00 to mostly 117.00, instances to 118.00; some early carrying larger percentage of Choice 119.00. ( weighted average 117.16 )</p>
<p>Dressed Basis Heifers: Select and Choice 2-3 1050-1225 lbs 116.00 to mostly 117.00, instances to 118.00; some early carrying larger percentage of Choice 119.00. ( weighted average 117.39 ).</p>
<p>--Chicago newsdesk 312-408-8720--</p>
</text>
<copyright>(c) Reuters Limited 1996</copyright>
<metadata>
<codes class="bip:countries:1.0">
  <code code="USA">
    <editdetail attribution="Reuters BIP Coding Group" action="confirmed" date="1996-11-19"/>
  </code>
</codes>
<codes class="bip:topics:1.0">
  <code code="M14">
    <editdetail attribution="Reuters BIP Coding Group" action="confirmed" date="1996-11-19"/>
  </code>
  <code code="M141">
    <editdetail attribution="Reuters BIP Coding Group" action="confirmed" date="1996-11-19"/>
  </code>
  <code code="MCAT">
    <editdetail attribution="Reuters BIP Coding Group" action="confirmed" date="1996-11-19"/>
  </code>
</codes>
<dc element="dc.date.created" value="1996-11-19"/>
<dc element="dc.publisher" value="Reuters Holdings Plc"/>
<dc element="dc.date.published" value="1996-11-19"/>
<dc element="dc.source" value="Reuters"/>
<dc element="dc.creator.location" value="OMAHA"/>
<dc element="dc.creator.location.country.name" value="USA"/>
<dc element="dc.source" value="Reuters"/>
</metadata>
</newsitem>
