<?xml version="1.0" encoding="iso-8859-1" ?>
<newsitem itemid="25616" id="root" date="1996-08-30" xml:lang="en">
<title>JAPAN: JR East shares depressed by JR West price.</title>
<headline>JR East shares depressed by JR West price.</headline>
<dateline>TOKYO 1996-08-30</dateline>
<text>
<p>Shares in East Japan Railways Co were depressed in early Friday morning trade by the fixed share offer price of West Japan Railways Co which was announced late on Thursday, brokers said.</p>
<p>At 0047 GMT, JR East shares were down 7,000 yen at 506,000 yen, because the JR West share price was set much lower than the current JR East share price.</p>
<p>On Thursday, the Japan National Railways Settlement Co said that the share offer price for the JR West shares was 357,000 yen.</p>
</text>
<copyright>(c) Reuters Limited 1996</copyright>
<metadata>
<codes class="bip:countries:1.0">
  <code code="JAP">
    <editdetail attribution="Reuters BIP Coding Group" action="confirmed" date="1996-08-30"/>
  </code>
</codes>
<codes class="bip:industries:1.0">
  <code code="I71000">
    <editdetail attribution="Reuters BIP Coding Group" action="confirmed" date="1996-08-30"/>
  </code>
</codes>
<codes class="bip:topics:1.0">
  <code code="C15">
    <editdetail attribution="Reuters BIP Coding Group" action="confirmed" date="1996-08-30"/>
  </code>
  <code code="C152">
    <editdetail attribution="Reuters BIP Coding Group" action="confirmed" date="1996-08-30"/>
  </code>
  <code code="CCAT">
    <editdetail attribution="Reuters BIP Coding Group" action="confirmed" date="1996-08-30"/>
  </code>
</codes>
<dc element="dc.date.created" value="1996-08-30"/>
<dc element="dc.publisher" value="Reuters Holdings Plc"/>
<dc element="dc.date.published" value="1996-08-30"/>
<dc element="dc.source" value="Reuters"/>
<dc element="dc.creator.location" value="TOKYO"/>
<dc element="dc.creator.location.country.name" value="JAPAN"/>
<dc element="dc.source" value="Reuters"/>
</metadata>
</newsitem>
