<?xml version="1.0" encoding="iso-8859-1" ?>
<newsitem itemid="159646" id="root" date="1996-11-01" xml:lang="en">
<title>NIGERIA: Nigeria has 28,000 ghost workers on payroll.</title>
<headline>Nigeria has 28,000 ghost workers on payroll.</headline>
<dateline>ABUJA 1996-11-01</dateline>
<text>
<p>An audit task force appointed by the Nigerian government said on Friday it had discovered 28,000 &quot;ghost workers&quot; on the bloated payroll of the state.</p>
<p>The figure represented the discrepancy in the official staff list and the actual number of staff the task force found in the public service, the chairman of the audit panel Fortunatus Williams said while submitting the report to the authorities.</p>
<p>Williams said the report confirmed the widely-held view about &quot;ghost workers&quot; who are either fake, retired or dead persons whose names remain on the payroll for fraudulent officials to claim their wages.</p>
<p>&quot;The phenomenon of ghost workers is real and therefore the institutional mechanism for dealing with it needs to be improved upon,&quot; he said.</p>
<p>Last month the military government ordered that salaries of public servants should be from now on be paid to each worker physically so as to fish out non-existent workers.</p>
<p>Williams said as at last August, the state employed a total of 510,065, consisting of 156,075 in government ministries and 353,990 in state agencies and companies.</p>
<p>--Lagos newsroom +234 1 2630317</p>
</text>
<copyright>(c) Reuters Limited 1996</copyright>
<metadata>
<codes class="bip:countries:1.0">
  <code code="NIGEA">
    <editdetail attribution="Reuters BIP Coding Group" action="confirmed" date="1996-11-01"/>
  </code>
</codes>
<codes class="bip:topics:1.0">
  <code code="C42">
    <editdetail attribution="Reuters BIP Coding Group" action="confirmed" date="1996-11-01"/>
  </code>
  <code code="CCAT">
    <editdetail attribution="Reuters BIP Coding Group" action="confirmed" date="1996-11-01"/>
  </code>
  <code code="E41">
    <editdetail attribution="Reuters BIP Coding Group" action="confirmed" date="1996-11-01"/>
  </code>
  <code code="ECAT">
    <editdetail attribution="Reuters BIP Coding Group" action="confirmed" date="1996-11-01"/>
  </code>
  <code code="GCAT">
    <editdetail attribution="Reuters BIP Coding Group" action="confirmed" date="1996-11-01"/>
  </code>
  <code code="GJOB">
    <editdetail attribution="Reuters BIP Coding Group" action="confirmed" date="1996-11-01"/>
  </code>
  <code code="GPOL">
    <editdetail attribution="Reuters BIP Coding Group" action="confirmed" date="1996-11-01"/>
  </code>
</codes>
<dc element="dc.date.created" value="1996-11-01"/>
<dc element="dc.publisher" value="Reuters Holdings Plc"/>
<dc element="dc.date.published" value="1996-11-01"/>
<dc element="dc.source" value="Reuters"/>
<dc element="dc.creator.location" value="ABUJA"/>
<dc element="dc.creator.location.country.name" value="NIGERIA"/>
<dc element="dc.source" value="Reuters"/>
</metadata>
</newsitem>
