<?xml version="1.0" encoding="iso-8859-1" ?>
<newsitem itemid="434987" id="root" date="1997-03-11" xml:lang="en">
<title>DENMARK: FLS Industries signs United States deal.</title>
<headline>FLS Industries signs United States deal.</headline>
<dateline>COPENHAGEN 1997-03-11</dateline>
<text>
<p>Danish engineering and cement group FLS Industries said on Tuesday its Pedershaab A/S subsidiary signed a $65 million contract to provide machinery for a new cement plant in Miami.</p>
<p>It said the deal was signed with Hydro Conduit of Florida Inc., a subsidiary of CSR America and was part of Pedershaab's campaign to break into the North American market with its cement machinery products.</p>
<p>--Chris Follett, Copenhagen newsroom +45-33969652</p>
</text>
<copyright>(c) Reuters Limited 1997</copyright>
<metadata>
<codes class="bip:countries:1.0">
  <code code="DEN">
    <editdetail attribution="Reuters BIP Coding Group" action="confirmed" date="1997-03-11"/>
  </code>
  <code code="USA">
    <editdetail attribution="Reuters BIP Coding Group" action="confirmed" date="1997-03-11"/>
  </code>
</codes>
<codes class="bip:industries:1.0">
  <code code="I32000">
    <editdetail attribution="Reuters BIP Coding Group" action="confirmed" date="1997-03-11"/>
  </code>
  <code code="I83960">
    <editdetail attribution="Reuters BIP Coding Group" action="confirmed" date="1997-03-11"/>
  </code>
</codes>
<codes class="bip:topics:1.0">
  <code code="C33">
    <editdetail attribution="Reuters BIP Coding Group" action="confirmed" date="1997-03-11"/>
  </code>
  <code code="CCAT">
    <editdetail attribution="Reuters BIP Coding Group" action="confirmed" date="1997-03-11"/>
  </code>
</codes>
<dc element="dc.date.created" value="1997-03-11"/>
<dc element="dc.publisher" value="Reuters Holdings Plc"/>
<dc element="dc.date.published" value="1997-03-11"/>
<dc element="dc.source" value="Reuters"/>
<dc element="dc.creator.location" value="COPENHAGEN"/>
<dc element="dc.creator.location.country.name" value="DENMARK"/>
<dc element="dc.source" value="Reuters"/>
</metadata>
</newsitem>
