<?xml version="1.0" encoding="iso-8859-1" ?>
<newsitem itemid="638711" id="root" date="1997-06-04" xml:lang="en">
<title>SINGAPORE: PRESS DIGEST - Singapore - June 4.</title>
<headline>PRESS DIGEST - Singapore - June 4.</headline>
<dateline>SINGAPORE 1997-06-04</dateline>
<text>
<p>Following are the top stories from selected Singapore newspapers. Reuters has not verified these stories and does not vouch for their accuracy.</p>
<p>THE STRAITS TIMES:</p>
<p>- The Asia-Pacific's economic upswing is set to continue and the region can look forward to higher growth of 4.1 percent this year and next, a leading think-tank predicted.</p>
<p>- The government has formed a committee to recommend ways on how LaSalle-SIA College of the Arts and the Nanyang Academy of Fine Arts can play a central role in developing creative and artistic manpower in Singapore.</p>
<p>- A contractor punched his client, breaking his nose and causing it to bleed, when they argued over a patio floor the contractor's workers had stained while carrying out a $800,000 renovation job.</p>
<p>- Acting Malaysian Prime Minister Datuk Seri Anwar Ibrahim said he could see the Singapore government was now determined to cooperate and be friendly with Malaysia.</p>
<p>- DBS Land's Singapore $428 million share placement stoked speculation that it has serious plans to raise significantly its recently acquired stake in Parkway Holdings.</p>
<p>- Parkway Holding's controlling shareholders, the Tan family, say they might sell their 20 percent stake &quot;if the price is right&quot;, echoing the stance of fellow Parkway owners, the Ang family.</p>
<p>- Sembawang Corporation subsidiary Sembawang Maritime (SML) has teamed up with retailer Metro Holdings to enter the potentially lucrative luxury cruise business.</p>
<p>THE BUSINESS TIMES:</p>
<p>- For the first time in its history, Hai Sun Hup earned more from its soon-to-be-floated hotel division than from its original marine-related activities.</p>
<p>- Shares in Benefun International, Heshe's sister company, rose as much as 48 percent before closing at a 25 percent premium to their offer price.</p>
<p>- Mainboard-listed City Development Ltd's land bank stands at around five million square feet, 86 percent of which is freehold or 999-year leasehold, its recent annual report shows.</p>
<p>- Amcol Holdings' aborted Mauritian joint venture was pushed through speedily in May last year so that managing directors Ng Chee Kheong and Lloyd Lochra could claim credit for the &quot;lucrative&quot; deal, it was claimed in court.</p>
<p>-- Singapore newsroom 65-8703080</p>
</text>
<copyright>(c) Reuters Limited 1997</copyright>
<metadata>
<codes class="bip:countries:1.0">
  <code code="SINGP">
    <editdetail attribution="Reuters BIP Coding Group" action="confirmed" date="1997-06-04"/>
  </code>
</codes>
<codes class="bip:topics:1.0">
  <code code="GCAT">
    <editdetail attribution="Reuters BIP Coding Group" action="confirmed" date="1997-06-04"/>
  </code>
</codes>
<dc element="dc.date.created" value="1997-06-04"/>
<dc element="dc.publisher" value="Reuters Holdings Plc"/>
<dc element="dc.date.published" value="1997-06-04"/>
<dc element="dc.source" value="Reuters"/>
<dc element="dc.creator.location" value="SINGAPORE"/>
<dc element="dc.creator.location.country.name" value="SINGAPORE"/>
<dc element="dc.source" value="Reuters"/>
</metadata>
</newsitem>
