<?xml version="1.0" encoding="iso-8859-1" ?>
<newsitem itemid="797445" id="root" date="1997-08-13" xml:lang="en">
<title>USA: IOWA-SO MINN HOGS ACTUAL TUESDAY 115,000 -USDA.</title>
<headline>IOWA-SO MINN HOGS ACTUAL TUESDAY 115,000 -USDA.</headline>
<dateline>DES MOINES 1997-08-13</dateline>
<text>
<p>Actual interior Iowa and southern Minnesota hog receipts Tuesday were 115,000 head, compared with the estimate of 110,000, USDA reported.</p>
<p>Opening trade was not well established.  Early sales Barrows and Gilts were steady to mostly $0.50 per cwt lower than midsession Tuesday.</p>
<p>				  Country		   Plants</p>
<p>US 1-3   46-49% Carcass Base Lean</p>
<p>220-260 lbs	    54.00 -56.00	   55.00 -57.00</p>
<p>few			53.50 -56.50		   -57.50</p>
<p>Sows:  steady to $1.00 lower.</p>
<p>US 1-3 300-500 lbs   42.00 -45.00	   43.00 -47.00</p>
<p>500 lbs-up	     46.00 -48.00	   47.00 -49.00</p>
<p>((Chicago newsdesk 312-408-8720))</p>
</text>
<copyright>(c) Reuters Limited 1997</copyright>
<metadata>
<codes class="bip:countries:1.0">
  <code code="USA">
    <editdetail attribution="Reuters BIP Coding Group" action="confirmed" date="1997-08-13"/>
  </code>
</codes>
<codes class="bip:topics:1.0">
  <code code="M14">
    <editdetail attribution="Reuters BIP Coding Group" action="confirmed" date="1997-08-13"/>
  </code>
  <code code="M141">
    <editdetail attribution="Reuters BIP Coding Group" action="confirmed" date="1997-08-13"/>
  </code>
  <code code="MCAT">
    <editdetail attribution="Reuters BIP Coding Group" action="confirmed" date="1997-08-13"/>
  </code>
</codes>
<dc element="dc.date.created" value="1997-08-13"/>
<dc element="dc.publisher" value="Reuters Holdings Plc"/>
<dc element="dc.date.published" value="1997-08-13"/>
<dc element="dc.source" value="Reuters"/>
<dc element="dc.creator.location" value="DES MOINES"/>
<dc element="dc.creator.location.country.name" value="USA"/>
<dc element="dc.source" value="Reuters"/>
</metadata>
</newsitem>
