<?xml version="1.0" encoding="iso-8859-1" ?>
<newsitem itemid="278124" id="root" date="1996-12-27" xml:lang="en">
<title>INDIA: India ICICI, SCICI boards to consider merger.</title>
<headline>India ICICI, SCICI boards to consider merger.</headline>
<dateline>BOMBAY 1996-12-27</dateline>
<text>
<p>The boards of directors of the Industrial Credit and Investment Corporation of India Ltd (ICICI) and SCICI Ltd are meeting next Tuesday to consider the merger of the two companies, an ICICI official said on Friday.  </p>
<p>&quot;The ICICI and SCICI have decidied to convene meetings of their respective boards of directors on December 31 to consider a proposal for merger of both companies,&quot; the official said.</p>
<p>Notices of the board meetings had already been issued to the Bombay Stock Exchange (BSE), the country's premier bourse and other stock exchanges, a statement issued by ICICI said.</p>
<p>These notices were issued to comply with Indian legal requirements, the statement added.</p>
<p>ICICI, one of India's leading term lending financial institutions, had assets of $7.48 billion as of September 30, 1996. It ended at 58.75 rupees on the BSE on December 23.</p>
<p>The BSE is closed from Wednesday till December 31 for Christmas holidays.</p>
<p>ICICI is one of the major shareholders in SCICI, with a stake of around 20 percent.</p>
<p>SCICI was set up in 1986 to finance shipping and fishing industries. Over the years it has diversified and provides financial assistance to other industries.</p>
<p>It had assets of $1.85 billion as on September 30 and was traded at 26.25 rupees at close on Decewmber 23 on the BSE.</p>
<p>-- Bombay newsroom +91-22-265 0000</p>
</text>
<copyright>(c) Reuters Limited 1996</copyright>
<metadata>
<codes class="bip:countries:1.0">
  <code code="INDIA">
    <editdetail attribution="Reuters BIP Coding Group" action="confirmed" date="1996-12-27"/>
  </code>
</codes>
<codes class="bip:industries:1.0">
  <code code="I81501">
    <editdetail attribution="Reuters BIP Coding Group" action="confirmed" date="1996-12-27"/>
  </code>
  <code code="I81502">
    <editdetail attribution="Reuters BIP Coding Group" action="confirmed" date="1996-12-27"/>
  </code>
  <code code="I8150203">
    <editdetail attribution="Reuters BIP Coding Group" action="confirmed" date="1996-12-27"/>
  </code>
</codes>
<codes class="bip:topics:1.0">
  <code code="C18">
    <editdetail attribution="Reuters BIP Coding Group" action="confirmed" date="1996-12-27"/>
  </code>
  <code code="C181">
    <editdetail attribution="Reuters BIP Coding Group" action="confirmed" date="1996-12-27"/>
  </code>
  <code code="CCAT">
    <editdetail attribution="Reuters BIP Coding Group" action="confirmed" date="1996-12-27"/>
  </code>
</codes>
<dc element="dc.date.created" value="1996-12-27"/>
<dc element="dc.publisher" value="Reuters Holdings Plc"/>
<dc element="dc.date.published" value="1996-12-27"/>
<dc element="dc.source" value="Reuters"/>
<dc element="dc.creator.location" value="BOMBAY"/>
<dc element="dc.creator.location.country.name" value="INDIA"/>
<dc element="dc.source" value="Reuters"/>
</metadata>
</newsitem>
