<?xml version="1.0" encoding="iso-8859-1" ?>
<newsitem itemid="749234" id="root" date="1997-07-23" xml:lang="en">
<title>ISRAEL: Israel union's declare crippling nationwide strike.</title>
<headline>Israel union's declare crippling nationwide strike.</headline>
<dateline>JERUSALEM 1997-07-23</dateline>
<text>
<p>Israeli unions will launch a potentially crippling nationwide strike on Thursday to support communications workers battling privatisation moves, a union leader said on Wednesday.</p>
<p>&quot;The workers of the Israel Electric Company, the military industry, Israel Aircraft Industries, the Postal Authority, the railroads will not be at their posts tomorrow,&quot; said Shlomo Shani, a senior official of the powerful Histadrut labour federation.</p>
<p>Israel Radio said workers at airports, oil refineries and other state-owned institutions would also take part in the open-ended strike, slated to begin at 7 a.m. (0400 gmt). In all, some 60,000 workers will be striking, it said.</p>
<p>The strike was declared hours after the Israeli government issued an order to force hundreds of Bezeq Israel Telecom employees to restore essential telephone services after strikers refused to comply fully with a back-to-work court order.</p>
<p>Union leaders at Israel's main telecoms provider called the move &quot;totalitarian&quot; and said a crisis continued over government plans to privatise more of the state-owned company through the $250 million sale of 12.5 percent of its stock to Merrill Lynch.</p>
<p>The week-long Bezeq strike has left thousands of homes and businesses without full telephone services and forced the Tel Aviv Stock Exchange to halt trading on Tuesday. Disruptions continued on Wednesday but the bourse reopened for business.</p>
<p>Union leaders said the Merrill Lynch deal violated government promises to involve Bezeq workers in all aspects of the company's privatisation and called for the sale to be cancelled or to use its revenues to fund early pension</p>
</text>
<copyright>(c) Reuters Limited 1997</copyright>
<metadata>
<codes class="bip:countries:1.0">
  <code code="ISRAEL">
    <editdetail attribution="Reuters BIP Coding Group" action="confirmed" date="1997-07-23"/>
  </code>
</codes>
<codes class="bip:industries:1.0">
  <code code="I16100">
    <editdetail attribution="Reuters BIP Coding Group" action="confirmed" date="1997-07-23"/>
  </code>
  <code code="I79020">
    <editdetail attribution="Reuters BIP Coding Group" action="confirmed" date="1997-07-23"/>
  </code>
</codes>
<codes class="bip:topics:1.0">
  <code code="C18">
    <editdetail attribution="Reuters BIP Coding Group" action="confirmed" date="1997-07-23"/>
  </code>
  <code code="C183">
    <editdetail attribution="Reuters BIP Coding Group" action="confirmed" date="1997-07-23"/>
  </code>
  <code code="C42">
    <editdetail attribution="Reuters BIP Coding Group" action="confirmed" date="1997-07-23"/>
  </code>
  <code code="CCAT">
    <editdetail attribution="Reuters BIP Coding Group" action="confirmed" date="1997-07-23"/>
  </code>
  <code code="E41">
    <editdetail attribution="Reuters BIP Coding Group" action="confirmed" date="1997-07-23"/>
  </code>
  <code code="ECAT">
    <editdetail attribution="Reuters BIP Coding Group" action="confirmed" date="1997-07-23"/>
  </code>
  <code code="GCAT">
    <editdetail attribution="Reuters BIP Coding Group" action="confirmed" date="1997-07-23"/>
  </code>
  <code code="GJOB">
    <editdetail attribution="Reuters BIP Coding Group" action="confirmed" date="1997-07-23"/>
  </code>
</codes>
<dc element="dc.date.created" value="1997-07-23"/>
<dc element="dc.publisher" value="Reuters Holdings Plc"/>
<dc element="dc.date.published" value="1997-07-23"/>
<dc element="dc.source" value="Reuters"/>
<dc element="dc.creator.location" value="JERUSALEM"/>
<dc element="dc.creator.location.country.name" value="ISRAEL"/>
<dc element="dc.source" value="Reuters"/>
</metadata>
</newsitem>
