<?xml version="1.0" encoding="iso-8859-1" ?>
<newsitem itemid="175735" id="root" date="1996-11-08" xml:lang="en">
<title>CANADA: Inco Ltd shares to be released to Friedland.</title>
<headline>Inco Ltd shares to be released to Friedland.</headline>
<dateline>VANCOUVER 1996-11-07</dateline>
<text>
<p>The United States Department of Justice said on Thursday it will not seek a court order to delay the release of shares in Inco Ltd that are owned by financier Robert Friedland, Vancouver-based Ivanhoe Capital Corp said.</p>
<p>The shares were worth US$152 million when they were seized in August after court hearings in the U.S. and Canada.</p>
<p>Ontario Court General Division Justice Robert Sharpe on Tuesday condemned the U.S. for what he called a pervasive failure to disclose vital facts to the courts, the company said in a statement.</p>
<p>Evidence showed that the U.S. did not have a strong case in alleging Friedland was liable for costs incurred by the Environmental Protection Agency in remedying environmental problems at the Summitville gold mine site in Colorado, Ivanhoe's statement said.</p>
<p>Friedland controlled the former gold mine through Galactic Resources Ltd, a company he founded in the 1980s.</p>
<p>He gained the Inco stocks as part of Inco's takeover last August of Diamond Fields Resources, a company run by Friedland.</p>
<p>The EPA wanted Friedland's assets frozen since it said it had a strong case against him in Colorado.  </p>
<p>Judge Sharpe ordered that the shares be returned to Friedland.</p>
<p>Friedland agreed to retain the shares in Ontario until 1630 EST on Friday to give the U.S. time to consider whether it would ask the Appeal Court to impose a stay, pending an appeal, the statement said.</p>
<p>U.S. counsel Malcolm Ruby told Friedland's lawyer on Thursday the United States &quot;will not be seeking a stay&quot; of Judge Sharpe's order, the statement said.</p>
<p>-- Gilbert Le Gras 204 947 3548</p>
</text>
<copyright>(c) Reuters Limited 1996</copyright>
<metadata>
<codes class="bip:countries:1.0">
  <code code="CANA">
    <editdetail attribution="Reuters BIP Coding Group" action="confirmed" date="1996-11-08"/>
  </code>
  <code code="USA">
    <editdetail attribution="Reuters BIP Coding Group" action="confirmed" date="1996-11-08"/>
  </code>
</codes>
<codes class="bip:industries:1.0">
  <code code="I21000">
    <editdetail attribution="Reuters BIP Coding Group" action="confirmed" date="1996-11-08"/>
  </code>
</codes>
<codes class="bip:topics:1.0">
  <code code="C12">
    <editdetail attribution="Reuters BIP Coding Group" action="confirmed" date="1996-11-08"/>
  </code>
  <code code="C24">
    <editdetail attribution="Reuters BIP Coding Group" action="confirmed" date="1996-11-08"/>
  </code>
  <code code="CCAT">
    <editdetail attribution="Reuters BIP Coding Group" action="confirmed" date="1996-11-08"/>
  </code>
  <code code="GCAT">
    <editdetail attribution="Reuters BIP Coding Group" action="confirmed" date="1996-11-08"/>
  </code>
  <code code="GCRIM">
    <editdetail attribution="Reuters BIP Coding Group" action="confirmed" date="1996-11-08"/>
  </code>
  <code code="GENV">
    <editdetail attribution="Reuters BIP Coding Group" action="confirmed" date="1996-11-08"/>
  </code>
</codes>
<dc element="dc.date.created" value="1996-11-07"/>
<dc element="dc.publisher" value="Reuters Holdings Plc"/>
<dc element="dc.date.published" value="1996-11-08"/>
<dc element="dc.source" value="Reuters"/>
<dc element="dc.creator.location" value="VANCOUVER"/>
<dc element="dc.creator.location.country.name" value="CANADA"/>
<dc element="dc.source" value="Reuters"/>
</metadata>
</newsitem>
