<?xml version="1.0" encoding="iso-8859-1" ?>
<newsitem itemid="40389" id="root" date="1996-09-09" xml:lang="en">
<title>ITALY: MOTOR RACING-FERRARI DENY TALKS WITH HILL.</title>
<headline>MOTOR RACING-FERRARI DENY TALKS WITH HILL.</headline>
<dateline>MONZA, Italy 1996-09-09</dateline>
<text>
<p>Ferrari have dismissed speculation that Damon Hill may partner Michael Schumacher in the Italian team next season.</p>
<p>&quot;Ferrari categorically denies any reports regarding negotiations with other drivers and confirms, as it has on many other occasions, that the drivers for next season are Michael Schumacher and Eddie Irvine,&quot; team spokesman Giancarlo Baccini said on Monday.</p>
<p>&quot;I don't think Damon Hill would be enthusiastic about the prospect of running by Schumacher's side,&quot; Baccini added.</p>
<p>World championship leader Hill has been linked with all the other top teams since he was rejected by Williams, who are to replace him with Heinz-Harald Frentzen of Germany at the end of the season.</p>
<p>Formula One ringmaster Bernie Ecclestone fed the rumours after Schumacher's victory in Sunday's Italian Grand Prix when he said: &quot;He could go to Ferrari...why not? All the great teams have had the best drivers in the past.&quot;</p>
</text>
<copyright>(c) Reuters Limited 1996</copyright>
<metadata>
<codes class="bip:countries:1.0">
  <code code="ITALY">
    <editdetail attribution="Reuters BIP Coding Group" action="confirmed" date="1996-09-09"/>
  </code>
  <code code="UK">
    <editdetail attribution="Reuters BIP Coding Group" action="confirmed" date="1996-09-09"/>
  </code>
</codes>
<codes class="bip:topics:1.0">
  <code code="GCAT">
    <editdetail attribution="Reuters BIP Coding Group" action="confirmed" date="1996-09-09"/>
  </code>
  <code code="GSPO">
    <editdetail attribution="Reuters BIP Coding Group" action="confirmed" date="1996-09-09"/>
  </code>
</codes>
<dc element="dc.date.created" value="1996-09-09"/>
<dc element="dc.publisher" value="Reuters Holdings Plc"/>
<dc element="dc.date.published" value="1996-09-09"/>
<dc element="dc.source" value="Reuters"/>
<dc element="dc.creator.location" value="MONZA, Italy"/>
<dc element="dc.creator.location.country.name" value="ITALY"/>
<dc element="dc.source" value="Reuters"/>
</metadata>
</newsitem>
