<?xml version="1.0" encoding="iso-8859-1" ?>
<newsitem itemid="92605" id="root" date="1996-10-02" xml:lang="en">
<title>JAPAN: Foreigners net sellers of Japan stock via 11 firms.</title>
<headline>Foreigners net sellers of Japan stock via 11 firms.</headline>
<dateline>TOKYO 1996-10-02</dateline>
<text>
<p>Orders placed by foreign investors through 11 foreign securities houses before the start of stock trading on Wednesday showed a net selling stance of 5.5 million shares, market sources said.</p>
<p>Foreign investors' sell orders totalled 20.3 million shares while buy orders amounted to 14.8 million.</p>
</text>
<copyright>(c) Reuters Limited 1996</copyright>
<metadata>
<codes class="bip:countries:1.0">
  <code code="JAP">
    <editdetail attribution="Reuters BIP Coding Group" action="confirmed" date="1996-10-02"/>
  </code>
</codes>
<codes class="bip:topics:1.0">
  <code code="M11">
    <editdetail attribution="Reuters BIP Coding Group" action="confirmed" date="1996-10-02"/>
  </code>
  <code code="MCAT">
    <editdetail attribution="Reuters BIP Coding Group" action="confirmed" date="1996-10-02"/>
  </code>
</codes>
<dc element="dc.date.created" value="1996-10-02"/>
<dc element="dc.publisher" value="Reuters Holdings Plc"/>
<dc element="dc.date.published" value="1996-10-02"/>
<dc element="dc.source" value="Reuters"/>
<dc element="dc.creator.location" value="TOKYO"/>
<dc element="dc.creator.location.country.name" value="JAPAN"/>
<dc element="dc.source" value="Reuters"/>
</metadata>
</newsitem>
