<?xml version="1.0" encoding="iso-8859-1" ?>
<newsitem itemid="292430" id="root" date="1997-01-07" xml:lang="en">
<title>HONG KONG: Shenzhen sees computer output value of 17 bln yuan.</title>
<headline>Shenzhen sees computer output value of 17 bln yuan.</headline>
<dateline>HONG KONG 1997-01-07</dateline>
<text>
<p>Southern China's Shenzhen expects computer output value to grow by 45 percent to 17 billion yuan for 1996 compared with 11.75 billion yuan in 1995, the Shenzhen Special Zone Daily said on Tuesday.</p>
<p>Shenzhen has become one of China's most thriving computer production bases in terms of production scale, technology and pace of growth, the newspaper said.</p>
<p>The city has more than 1,500 computer and parts makers, it said.</p>
<p>In 1995, Shenzhen turned out 205,000 PCs, 1.99 million hard drives and 333 million floppy disks, the newspaper said.</p>
</text>
<copyright>(c) Reuters Limited 1997</copyright>
<metadata>
<codes class="bip:countries:1.0">
  <code code="CHINA">
    <editdetail attribution="Reuters BIP Coding Group" action="confirmed" date="1997-01-07"/>
  </code>
</codes>
<codes class="bip:industries:1.0">
  <code code="I33020">
    <editdetail attribution="Reuters BIP Coding Group" action="confirmed" date="1997-01-07"/>
  </code>
</codes>
<codes class="bip:topics:1.0">
  <code code="C21">
    <editdetail attribution="Reuters BIP Coding Group" action="confirmed" date="1997-01-07"/>
  </code>
  <code code="CCAT">
    <editdetail attribution="Reuters BIP Coding Group" action="confirmed" date="1997-01-07"/>
  </code>
</codes>
<dc element="dc.date.created" value="1997-01-07"/>
<dc element="dc.publisher" value="Reuters Holdings Plc"/>
<dc element="dc.date.published" value="1997-01-07"/>
<dc element="dc.source" value="Reuters"/>
<dc element="dc.creator.location" value="HONG KONG"/>
<dc element="dc.creator.location.country.name" value="HONG KONG"/>
<dc element="dc.source" value="Reuters"/>
</metadata>
</newsitem>
