<?xml version="1.0" encoding="iso-8859-1" ?>
<newsitem itemid="96177" id="root" date="1996-10-04" xml:lang="en">
<title>HUNGARY: Budapest bourse to introduce 12-mo T-bill futures.</title>
<headline>Budapest bourse to introduce 12-mo T-bill futures.</headline>
<dateline>BUDAPEST 1996-10-04</dateline>
<text>
<p>The Budapest Stock Exchange (BSE) will introduce futures contracts for 12-month discount treasury bills on October 11, the BSE said on Friday.</p>
<p>With the launch of the new 12-month discount T-bills the BSE will increase the number of traded instruments in its futures section to eight.</p>
<p>The bourse also offers futures contracts for the BUX index, three-month discount Treasury bills, dollar, mark and ECU, and the one- and three-month Budapest Interbank Offered Rate (BUBOR).</p>
<p>The BSE also said Postabank Securities was chosen as specialist market maker for the 12-month discount papers until October 31, 1997.</p>
<p>-- Budapest newsroom (36 1) 327-4040</p>
</text>
<copyright>(c) Reuters Limited 1996</copyright>
<metadata>
<codes class="bip:countries:1.0">
  <code code="HUNG">
    <editdetail attribution="Reuters BIP Coding Group" action="confirmed" date="1996-10-04"/>
  </code>
</codes>
<codes class="bip:topics:1.0">
  <code code="M13">
    <editdetail attribution="Reuters BIP Coding Group" action="confirmed" date="1996-10-04"/>
  </code>
  <code code="M131">
    <editdetail attribution="Reuters BIP Coding Group" action="confirmed" date="1996-10-04"/>
  </code>
  <code code="MCAT">
    <editdetail attribution="Reuters BIP Coding Group" action="confirmed" date="1996-10-04"/>
  </code>
</codes>
<dc element="dc.date.created" value="1996-10-04"/>
<dc element="dc.publisher" value="Reuters Holdings Plc"/>
<dc element="dc.date.published" value="1996-10-04"/>
<dc element="dc.source" value="Reuters"/>
<dc element="dc.creator.location" value="BUDAPEST"/>
<dc element="dc.creator.location.country.name" value="HUNGARY"/>
<dc element="dc.source" value="Reuters"/>
</metadata>
</newsitem>
