<?xml version="1.0" encoding="iso-8859-1" ?>
<newsitem itemid="487604" id="root" date="1997-04-04" xml:lang="en">
<title>USA: Alex. Brown up on takeover rumors - analysts.</title>
<headline>Alex. Brown up on takeover rumors - analysts.</headline>
<dateline>NEW YORK</dateline>
<text>
<p>The stock of retail brokerage Alex. Brown Inc. rose again Friday on market rumours of a possible takeover by Bankers Trust New York Corp., analyts and traders said.</p>
<p>Alex. Brown added $4.375 to $49 in midday trading on the New York Stock Exchange after gaining $3.25 Thursday.</p>
<p>Alex. Brown officials could not be reached for comment.</p>
<p>Bankers Trust said Thursday that it had a policy of not commenting on market rumours.</p>
<p>While Baltimore-based Alex. Brown has been cited often as a likely acquisition target, rumours linking the firm to Bankers Trust intensified this week, analysts said.</p>
<p>A merger between Alex. Brown and Bankers Trust would closely copy the proposed merger between Morgan Stanley Group Inc. and Dean Witter Discover &amp; Co., the analysts said.</p>
<p>That deal, announced in February, aims to combine Dean Witter's strong retail brokerage presence and Morgan Stanley's invesment banking strength in the biggest merger in the securities industry.</p>
</text>
<copyright>(c) Reuters Limited 1997</copyright>
<metadata>
<codes class="bip:countries:1.0">
  <code code="USA">
    <editdetail attribution="Reuters BIP Coding Group" action="confirmed" date="1997-04-04"/>
  </code>
</codes>
<codes class="bip:industries:1.0">
  <code code="I81402">
    <editdetail attribution="Reuters BIP Coding Group" action="confirmed" date="1997-04-04"/>
  </code>
  <code code="I83100">
    <editdetail attribution="Reuters BIP Coding Group" action="confirmed" date="1997-04-04"/>
  </code>
</codes>
<codes class="bip:topics:1.0">
  <code code="C15">
    <editdetail attribution="Reuters BIP Coding Group" action="confirmed" date="1997-04-04"/>
  </code>
  <code code="C152">
    <editdetail attribution="Reuters BIP Coding Group" action="confirmed" date="1997-04-04"/>
  </code>
  <code code="C18">
    <editdetail attribution="Reuters BIP Coding Group" action="confirmed" date="1997-04-04"/>
  </code>
  <code code="C181">
    <editdetail attribution="Reuters BIP Coding Group" action="confirmed" date="1997-04-04"/>
  </code>
  <code code="CCAT">
    <editdetail attribution="Reuters BIP Coding Group" action="confirmed" date="1997-04-04"/>
  </code>
</codes>
<dc element="dc.publisher" value="Reuters Holdings Plc"/>
<dc element="dc.date.published" value="1997-04-04"/>
<dc element="dc.source" value="Reuters"/>
<dc element="dc.creator.location" value="NEW YORK"/>
<dc element="dc.creator.location.country.name" value="USA"/>
<dc element="dc.source" value="Reuters"/>
</metadata>
</newsitem>
