<?xml version="1.0" encoding="iso-8859-1" ?>
<newsitem itemid="220068" id="root" date="1996-11-27" xml:lang="en">
<title>MALAYSIA: Malaysia physical palm oil prices - Nov 27.</title>
<headline>Malaysia physical palm oil prices - Nov 27.</headline>
<text>
<p>(Prices in Ringgit/tonne local delivery/Crude, Bulk)</p>
<p>	    BID/ASK	   TRADES</p>
<p>Nov	 1215/1222.50    1225 (south)</p>
<p>Dec	 1230/1235	 1240/1230 (south)</p>
<p>				  1227.50/1220 (central)</p>
<p>Jan	 1235/1245	 1250/1240 (south)</p>
<p>(Prices in US dollars/Tonne local for Malaysian ports,Bulk)</p>
<p>			  RBD PALM OIL</p>
<p>Dec		     522.50	slr traded 520</p>
<p>Jan/Feb/Mch	   520	   slr</p>
<p>			  RBD PALM OLEIN</p>
<p>Dec		     565	   slr traded 562.50</p>
<p>Jan/Feb/Mch	   555	   slr</p>
<p>			  RBD PALM STEARIN</p>
<p>Dec		     377.50	slr</p>
<p>Jan		     385	   slr</p>
<p>		     PALM FATTY ACID DISTILLATE</p>
<p>Dec/Jan		 305	   slr</p>
<p>PALMOIL CRUDE SUMATRAN/MALAYSIAN SLRS OPTIONS</p>
<p>CIF ROTTERDAM DLRS A  TONNE -1100 GMT Dec		     575	    slr</p>
<p>Jan/Mar		 565	    slr</p>
<p>--Kuala Lumpur newsroom (603 -230-7510)</p>
</text>
<copyright>(c) Reuters Limited 1996</copyright>
<metadata>
<codes class="bip:countries:1.0">
  <code code="MALAY">
    <editdetail attribution="Reuters BIP Coding Group" action="confirmed" date="1996-11-27"/>
  </code>
</codes>
<codes class="bip:topics:1.0">
  <code code="M14">
    <editdetail attribution="Reuters BIP Coding Group" action="confirmed" date="1996-11-27"/>
  </code>
  <code code="M141">
    <editdetail attribution="Reuters BIP Coding Group" action="confirmed" date="1996-11-27"/>
  </code>
  <code code="MCAT">
    <editdetail attribution="Reuters BIP Coding Group" action="confirmed" date="1996-11-27"/>
  </code>
</codes>
<dc element="dc.publisher" value="Reuters Holdings Plc"/>
<dc element="dc.date.published" value="1996-11-27"/>
<dc element="dc.source" value="Reuters"/>
<dc element="dc.creator.location.country.name" value="MALAYSIA"/>
<dc element="dc.source" value="Reuters"/>
</metadata>
</newsitem>
