<?xml version="1.0" encoding="iso-8859-1" ?>
<newsitem itemid="398966" id="root" date="1997-02-24" xml:lang="en">
<title>AUSTRALIA: RTRS-Australian Wheat Board closes durum pools.</title>
<headline>RTRS-Australian Wheat Board closes durum pools.</headline>
<dateline>MELBOURNE 1997-02-24</dateline>
<text>
<p>The Australian Wheat Board (AWB) said it closed its 1996/97 pools for all grades of durum wheat, effective at 0600 GMT (5 p.m.) Monday.</p>
<p>Most supplies of durum of all grades have been committed, said Ron Story, the AWB's general manager merchandising.</p>
<p>&quot;There's not much more durum out there, and the prospects of accumulating another cargo are limited,&quot; he said in a statement.</p>
<p>&quot;Therefore we are closing the pool to protect the equity of the growers who have delivered into the number one durum pools,&quot; he said.  </p>
<p>Story said the current estimated FOB pool return per tonne for the closed pools are: durum one A$262, durum two A$247 and durum three A$227.</p>
<p>The 1996/97 number one pools for all other grades of wheat remain open, he said.</p>
<p>-- Sydney newsroom 61-2 9373-1800</p>
</text>
<copyright>(c) Reuters Limited 1997</copyright>
<metadata>
<codes class="bip:countries:1.0">
  <code code="AUSTR">
    <editdetail attribution="Reuters BIP Coding Group" action="confirmed" date="1997-02-24"/>
  </code>
</codes>
<codes class="bip:topics:1.0">
  <code code="M14">
    <editdetail attribution="Reuters BIP Coding Group" action="confirmed" date="1997-02-24"/>
  </code>
  <code code="M141">
    <editdetail attribution="Reuters BIP Coding Group" action="confirmed" date="1997-02-24"/>
  </code>
  <code code="MCAT">
    <editdetail attribution="Reuters BIP Coding Group" action="confirmed" date="1997-02-24"/>
  </code>
</codes>
<dc element="dc.date.created" value="1997-02-24"/>
<dc element="dc.publisher" value="Reuters Holdings Plc"/>
<dc element="dc.date.published" value="1997-02-24"/>
<dc element="dc.source" value="Reuters"/>
<dc element="dc.creator.location" value="MELBOURNE"/>
<dc element="dc.creator.location.country.name" value="AUSTRALIA"/>
<dc element="dc.source" value="Reuters"/>
</metadata>
</newsitem>
