<?xml version="1.0" encoding="iso-8859-1" ?>
<newsitem itemid="173060" id="root" date="1996-11-07" xml:lang="en">
<title>USA: Houston ISD, Texas, $8 mln won by PaineWebber.</title>
<headline>Houston ISD, Texas, $8 mln won by PaineWebber.</headline>
<dateline>NEW YORK 1996-11-07</dateline>
<text>
<p>PaineWebber Incorporated said it won $8 million of Houston ISD, Texas, asbestos abatement limited tax notes, Series 1996, with a true interest cost of 4.18 percent.</p>
</text>
<copyright>(c) Reuters Limited 1996</copyright>
<metadata>
<codes class="bip:countries:1.0">
  <code code="USA">
    <editdetail attribution="Reuters BIP Coding Group" action="confirmed" date="1996-11-07"/>
  </code>
</codes>
<codes class="bip:topics:1.0">
  <code code="E21">
    <editdetail attribution="Reuters BIP Coding Group" action="confirmed" date="1996-11-07"/>
  </code>
  <code code="E212">
    <editdetail attribution="Reuters BIP Coding Group" action="confirmed" date="1996-11-07"/>
  </code>
  <code code="ECAT">
    <editdetail attribution="Reuters BIP Coding Group" action="confirmed" date="1996-11-07"/>
  </code>
</codes>
<dc element="dc.date.created" value="1996-11-07"/>
<dc element="dc.publisher" value="Reuters Holdings Plc"/>
<dc element="dc.date.published" value="1996-11-07"/>
<dc element="dc.source" value="Reuters"/>
<dc element="dc.creator.location" value="NEW YORK"/>
<dc element="dc.creator.location.country.name" value="USA"/>
<dc element="dc.source" value="Reuters"/>
</metadata>
</newsitem>
