<?xml version="1.0" encoding="iso-8859-1" ?>
<newsitem itemid="179182" id="root" date="1996-11-11" xml:lang="en">
<title>USA: Global semiconductor index to replace book-to-bill.</title>
<headline>Global semiconductor index to replace book-to-bill.</headline>
<dateline>SAN JOSE, Calif 1996-11-11</dateline>
<text>
<p>The Semiconductor Industry Association said it will replace its current monthly book-to-bill report in January 1997 with new monthly statistics that report industry sales on a worldwide basis.</p>
<p>For months, industry executives and analysts had been complaining that the headline book-to-bill figure, which covers only business in the Americas, was too narrow in representing only about one third of the global chip market.</p>
<p>The U.S. industry group said the new program would provide a better summary of the worldwide market than the book-to-bill ratio, which it has published since 1978.</p>
</text>
<copyright>(c) Reuters Limited 1996</copyright>
<metadata>
<codes class="bip:countries:1.0">
  <code code="USA">
    <editdetail attribution="Reuters BIP Coding Group" action="confirmed" date="1996-11-11"/>
  </code>
</codes>
<codes class="bip:industries:1.0">
  <code code="I34531">
    <editdetail attribution="Reuters BIP Coding Group" action="confirmed" date="1996-11-11"/>
  </code>
</codes>
<codes class="bip:topics:1.0">
  <code code="C13">
    <editdetail attribution="Reuters BIP Coding Group" action="confirmed" date="1996-11-11"/>
  </code>
  <code code="C15">
    <editdetail attribution="Reuters BIP Coding Group" action="confirmed" date="1996-11-11"/>
  </code>
  <code code="C152">
    <editdetail attribution="Reuters BIP Coding Group" action="confirmed" date="1996-11-11"/>
  </code>
  <code code="C31">
    <editdetail attribution="Reuters BIP Coding Group" action="confirmed" date="1996-11-11"/>
  </code>
  <code code="CCAT">
    <editdetail attribution="Reuters BIP Coding Group" action="confirmed" date="1996-11-11"/>
  </code>
</codes>
<dc element="dc.date.created" value="1996-11-11"/>
<dc element="dc.publisher" value="Reuters Holdings Plc"/>
<dc element="dc.date.published" value="1996-11-11"/>
<dc element="dc.source" value="Reuters"/>
<dc element="dc.creator.location" value="SAN JOSE, Calif"/>
<dc element="dc.creator.location.country.name" value="USA"/>
<dc element="dc.source" value="Reuters"/>
</metadata>
</newsitem>
