<?xml version="1.0" encoding="iso-8859-1" ?>
<newsitem itemid="92062" id="root" date="1996-10-02" xml:lang="en">
<title>USA: Another Netanyahu-Arafat meeting scheduled.</title>
<headline>Another Netanyahu-Arafat meeting scheduled.</headline>
<dateline>WASHINGTON 1996-10-02</dateline>
<text>
<p>Israeli Prime Minister Benjamin Netanyahu wants another meeting with Palestinian President Yasser Arafat to iron out differences before going to the White House Wednesday to meet President Bill Clinton, an Israeli official said.</p>
<p>Netanyahu adviser David Bar-Illan told Reuters a meeting had been set for some time around 1000 a.m. EDT (1400 GDT) at Blair House, across the street from the White House, &quot;to iron out differences before the big meeting with the president.&quot;  </p>
<p>Israeli sources said the meeting could long delay the meeting at the White House, which is scheduled for 10:30 a.m. EDT (1430 GDT).</p>
<p>But Palestinian presidential adviser Nabil Abu Rdainah did not immediately confirm the new meeting. &quot;I don't know, not yet,&quot; he said when asked about his Israeli counterpart's statement. The two met for only the second time on Tuesday.</p>
<p>A U.S. official told Reuters that &quot;working level officials continued discussions on through the night and are continuing as we speak.&quot;</p>
<p>Asked if there was any substantive progress to point to, the official said: &quot;The meetings themselves. The fact that the talks are continuing.&quot;</p>
</text>
<copyright>(c) Reuters Limited 1996</copyright>
<metadata>
<codes class="bip:countries:1.0">
  <code code="ISRAEL">
    <editdetail attribution="Reuters BIP Coding Group" action="confirmed" date="1996-10-02"/>
  </code>
  <code code="USA">
    <editdetail attribution="Reuters BIP Coding Group" action="confirmed" date="1996-10-02"/>
  </code>
</codes>
<codes class="bip:topics:1.0">
  <code code="GCAT">
    <editdetail attribution="Reuters BIP Coding Group" action="confirmed" date="1996-10-02"/>
  </code>
  <code code="GDIP">
    <editdetail attribution="Reuters BIP Coding Group" action="confirmed" date="1996-10-02"/>
  </code>
  <code code="GPOL">
    <editdetail attribution="Reuters BIP Coding Group" action="confirmed" date="1996-10-02"/>
  </code>
</codes>
<dc element="dc.date.created" value="1996-10-02"/>
<dc element="dc.publisher" value="Reuters Holdings Plc"/>
<dc element="dc.date.published" value="1996-10-02"/>
<dc element="dc.source" value="Reuters"/>
<dc element="dc.creator.location" value="WASHINGTON"/>
<dc element="dc.creator.location.country.name" value="USA"/>
<dc element="dc.source" value="Reuters"/>
</metadata>
</newsitem>
