<?xml version="1.0" encoding="iso-8859-1" ?>
<newsitem itemid="550702" id="root" date="1997-04-30" xml:lang="en">
<title>USA: Larson-Davis and Procter &amp; Gamble in pact.</title>
<headline>Larson-Davis and Procter &amp; Gamble in pact.</headline>
<dateline>PROVO, Utah 1997-04-30</dateline>
<text>
<p>Larson-Davis Inc said Wednesday it agreed to develop with Procter &amp; Gamble Co a commercial supercritical fluid chromatography (SFC) instrument which will be used for chemical analysis in product development and quality control.</p>
<p>Procter &amp; Gamble is one of the largest industrial SFC users.</p>
<p>New products developed from the two year agreement are expected to be five to ten times faster than existing solutions. In addition they will be lower in cost, provide improved measurement versatility, be smaller in size, and offer greater reliability, Larson-Davis said in a statement.</p>
<p>Initial products from this agreement are scheduled for market introduction in less than one year.</p>
<p>Larson-Davis develops, makes and markets ultra-sensitive analytical instrumentation for the chemical, gas, acoustics and vibration market.</p>
<p>Shares of Larson-Davis added 3/8 to 10-7/8.</p>
<p>	     ((Chicago newsdesk 312 408 8787))</p>
</text>
<copyright>(c) Reuters Limited 1997</copyright>
<metadata>
<codes class="bip:countries:1.0">
  <code code="USA">
    <editdetail attribution="Reuters BIP Coding Group" action="confirmed" date="1997-04-30"/>
  </code>
</codes>
<codes class="bip:industries:1.0">
  <code code="I25800">
    <editdetail attribution="Reuters BIP Coding Group" action="confirmed" date="1997-04-30"/>
  </code>
  <code code="I37100">
    <editdetail attribution="Reuters BIP Coding Group" action="confirmed" date="1997-04-30"/>
  </code>
</codes>
<codes class="bip:topics:1.0">
  <code code="C22">
    <editdetail attribution="Reuters BIP Coding Group" action="confirmed" date="1997-04-30"/>
  </code>
  <code code="C23">
    <editdetail attribution="Reuters BIP Coding Group" action="confirmed" date="1997-04-30"/>
  </code>
  <code code="CCAT">
    <editdetail attribution="Reuters BIP Coding Group" action="confirmed" date="1997-04-30"/>
  </code>
</codes>
<dc element="dc.date.created" value="1997-04-30"/>
<dc element="dc.publisher" value="Reuters Holdings Plc"/>
<dc element="dc.date.published" value="1997-04-30"/>
<dc element="dc.source" value="Reuters"/>
<dc element="dc.creator.location" value="PROVO, Utah"/>
<dc element="dc.creator.location.country.name" value="USA"/>
<dc element="dc.source" value="Reuters"/>
</metadata>
</newsitem>
