<?xml version="1.0" encoding="iso-8859-1" ?>
<newsitem itemid="606882" id="root" date="1997-05-22" xml:lang="en">
<title>JAPAN: Nippon Steel Semicon - 96/97 group results.</title>
<headline>Nippon Steel Semicon - 96/97 group results.</headline>
<dateline>TOKYO 1997-05-22</dateline>
<text>
<p>Year to March 31, 1997</p>
<p> (Group)	(in billions of yen unless specified)</p>
<p> Sales		 21.44		vs	   59.07</p>
<p> Operating    loss 13.20		vs    prft 21.88</p>
<p> Current	loss 14.92		vs    prft 21.09</p>
<p> Net	    loss 15.00		vs    prft 20.03</p>
<p> EPS	  loss 274,940.60 yen     vs  prft 366,972.90 yen</p>
<p> Diluted EPS	     -		vs		 -</p>
<p>NOTE - Nippon Steel Semiconductor Corp manufactures semiconductors.</p>
</text>
<copyright>(c) Reuters Limited 1997</copyright>
<metadata>
<codes class="bip:countries:1.0">
  <code code="JAP">
    <editdetail attribution="Reuters BIP Coding Group" action="confirmed" date="1997-05-22"/>
  </code>
</codes>
<codes class="bip:industries:1.0">
  <code code="I34531">
    <editdetail attribution="Reuters BIP Coding Group" action="confirmed" date="1997-05-22"/>
  </code>
</codes>
<codes class="bip:topics:1.0">
  <code code="C15">
    <editdetail attribution="Reuters BIP Coding Group" action="confirmed" date="1997-05-22"/>
  </code>
  <code code="C151">
    <editdetail attribution="Reuters BIP Coding Group" action="confirmed" date="1997-05-22"/>
  </code>
  <code code="C1511">
    <editdetail attribution="Reuters BIP Coding Group" action="confirmed" date="1997-05-22"/>
  </code>
  <code code="CCAT">
    <editdetail attribution="Reuters BIP Coding Group" action="confirmed" date="1997-05-22"/>
  </code>
</codes>
<dc element="dc.date.created" value="1997-05-22"/>
<dc element="dc.publisher" value="Reuters Holdings Plc"/>
<dc element="dc.date.published" value="1997-05-22"/>
<dc element="dc.source" value="Reuters"/>
<dc element="dc.creator.location" value="TOKYO"/>
<dc element="dc.creator.location.country.name" value="JAPAN"/>
<dc element="dc.source" value="Reuters"/>
</metadata>
</newsitem>
