<?xml version="1.0" encoding="iso-8859-1" ?>
<newsitem itemid="536286" id="root" date="1997-04-24" xml:lang="en">
<title>PORTUGAL: Banco Totta Q1 profit falls.</title>
<headline>Banco Totta Q1 profit falls.</headline>
<dateline>LISBON 1997-04-24</dateline>
<text>
<p>Three months ending March 31</p>
<p>(In billions of escudos unless stated)</p>
<p>    Cons net profit	     3.71    vs	4.86</p>
<p>    Banking activity	   32.5     vs     27.1</p>
<p>    Net assets		3,455.0     vs  3,170.0</p>
<p>    Cashflow		     17.0     vs     11.5</p>
<p>    Staff costs		   9.9     vs	9.6</p>
<p>NOTE - Banco Totta &amp; Acores forms part of the Champalimaud group.</p>
</text>
<copyright>(c) Reuters Limited 1997</copyright>
<metadata>
<codes class="bip:countries:1.0">
  <code code="PORL">
    <editdetail attribution="Reuters BIP Coding Group" action="confirmed" date="1997-04-24"/>
  </code>
</codes>
<codes class="bip:industries:1.0">
  <code code="I81402">
    <editdetail attribution="Reuters BIP Coding Group" action="confirmed" date="1997-04-24"/>
  </code>
</codes>
<codes class="bip:topics:1.0">
  <code code="C15">
    <editdetail attribution="Reuters BIP Coding Group" action="confirmed" date="1997-04-24"/>
  </code>
  <code code="C151">
    <editdetail attribution="Reuters BIP Coding Group" action="confirmed" date="1997-04-24"/>
  </code>
  <code code="CCAT">
    <editdetail attribution="Reuters BIP Coding Group" action="confirmed" date="1997-04-24"/>
  </code>
</codes>
<dc element="dc.date.created" value="1997-04-24"/>
<dc element="dc.publisher" value="Reuters Holdings Plc"/>
<dc element="dc.date.published" value="1997-04-24"/>
<dc element="dc.source" value="Reuters"/>
<dc element="dc.creator.location" value="LISBON"/>
<dc element="dc.creator.location.country.name" value="PORTUGAL"/>
<dc element="dc.source" value="Reuters"/>
</metadata>
</newsitem>
