<?xml version="1.0" encoding="iso-8859-1" ?>
<newsitem itemid="530942" id="root" date="1997-04-23" xml:lang="en">
<title>USA: Piper Jaffray Cos Inc Q2 profit vs loss.</title>
<headline>Piper Jaffray Cos Inc Q2 profit vs loss.</headline>
<dateline>MINNEAPOLIS 1997-04-23</dateline>
<text>
<p>Three Months Ended  Six Months Ended</p>
<p>				  Mar 31,   Mar 31,  Mar 31,  Mar 31,</p>
<p>				     1997     1996	1997     1996</p>
<p>Revenue</p>
<p> Commissions		$  53,614 $  48,744  100,029$  91,390</p>
<p>Profits on principal</p>
<p>   transactions		40,435    42,614   84,429   83,529</p>
<p>   Investment banking	28,990    19,929   49,927   44,952</p>
<p>   Interest		    12,528    10,076   24,818   19,539</p>
<p>   Asset management fees    9,046     9,561   17,951   19,135</p>
<p>   Other			  8,669     6,668   14,957   11,573</p>
<p>				  153,282   137,592  292,111  270,118</p>
<p>Expenses</p>
<p> Employee compensation     93,709    84,958  179,745  166,444</p>
<p>Floor brokerage &amp;</p>
<p>    clearance		   2,752     2,301    5,012    4,405</p>
<p>   Interest		     6,144     4,386   12,299    7,429</p>
<p>   Occupancy &amp; equipment   10,316     8,790   19,733   16,930</p>
<p>   Communications	     6,578     4,704   12,124    9,502</p>
<p>   Travel &amp; promotional     6,440     4,183   10,691    7,801</p>
<p>Other operating expenses  </p>
<p>				   15,582    32,257   37,763   50,686</p>
<p>				  141,521   141,579  277,367  263,197</p>
<p>Income (loss) before</p>
<p>  income taxes		 11,761   (3,987)   14,744    6,921</p>
<p> Income taxes (benefit)     4,292   (1,693)    5,455    2,561</p>
<p> Net income (loss)	    7,469   (2,294)    9,289    4,360</p>
<p>Net income (loss) per</p>
<p>common and common</p>
<p>equivalent share</p>
<p>(primary and</p>
<p> fully diluted)		$0.39    $(0.13)    $0.49    $0.24</p>
<p>Weighted average number</p>
<p>of common and common</p>
<p>equivalent shares</p>
<p> outstanding	   19,323     17,947	18,994     18,235</p>
<p>OTHER CONSOLIDATED FINANCIAL DATA</p>
<p>							 Mar 31,    Sep 30,</p>
<p>							    1997	 1996</p>
<p> Total assets				   $1,119,165   $923,740</p>
<p> Shareholders' equity			    181,654    166,825</p>
<p> Shareholders' equity per share		   9.73	 9.17</p>
<p>		(in thousands, except per share amounts)</p>
<p>NOTE: 1996 Q2 loss includes $14 million charge from settlement of class action lititagtion related to closed-end funds managed by Piper Capital Management.</p>
<p>		  ((Chicago newsdesk 312 408 8787))</p>
</text>
<copyright>(c) Reuters Limited 1997</copyright>
<metadata>
<codes class="bip:countries:1.0">
  <code code="USA">
    <editdetail attribution="Reuters BIP Coding Group" action="confirmed" date="1997-04-23"/>
  </code>
</codes>
<codes class="bip:industries:1.0">
  <code code="I83100">
    <editdetail attribution="Reuters BIP Coding Group" action="confirmed" date="1997-04-23"/>
  </code>
</codes>
<codes class="bip:topics:1.0">
  <code code="C15">
    <editdetail attribution="Reuters BIP Coding Group" action="confirmed" date="1997-04-23"/>
  </code>
  <code code="C151">
    <editdetail attribution="Reuters BIP Coding Group" action="confirmed" date="1997-04-23"/>
  </code>
  <code code="CCAT">
    <editdetail attribution="Reuters BIP Coding Group" action="confirmed" date="1997-04-23"/>
  </code>
</codes>
<dc element="dc.date.created" value="1997-04-23"/>
<dc element="dc.publisher" value="Reuters Holdings Plc"/>
<dc element="dc.date.published" value="1997-04-23"/>
<dc element="dc.source" value="Reuters"/>
<dc element="dc.creator.location" value="MINNEAPOLIS"/>
<dc element="dc.creator.location.country.name" value="USA"/>
<dc element="dc.source" value="Reuters"/>
</metadata>
</newsitem>
