<?xml version="1.0" encoding="iso-8859-1" ?>
<newsitem itemid="272366" id="root" date="1996-12-23" xml:lang="en">
<title>USA: Computer Network Technology sees Q4 charge.</title>
<headline>Computer Network Technology sees Q4 charge.</headline>
<dateline>MINNEAPOLIS 1996-12-23</dateline>
<text>
<p>Computer Network Technology Corp said Monday it expects to take a pre-tax charge of about $2.7 million, or $0.08 a share after tax, in the fourth quarter for the write-down of its purchased Brixton technology asset.</p>
<p>The write-down is necessary as a result of changing market conditions and evolving customer requirements that shortened the expected life of this asset, the company said.</p>
<p>Meanwhile, the company also said it expected to report 1996 revenues in the range of $95 million and $99 million, compared to $78.8 million reported for fiscal 1995.  </p>
<p>The company said 1996 will show an operating profit from existing business units, excluding the write-down, but that it expects the write-down to lead to a loss for the fourth quarter of 1996.</p>
<p>The company also said it will reassign certain sales and technical support employees currently working in the Brixton market to other sales territories and will establish a separate business unit in order to improve product focus and profitability for the Brixton product line.</p>
<p>The company said it expects to release a new enterprise-wide application and data access product for the Brixton market in early 1997.</p>
<p>Computer Network Technology shares fell 1/2 to 5-1/4 Monday.</p>
<p>((--Chicago newsdesk 312 408 8787)).</p>
</text>
<copyright>(c) Reuters Limited 1996</copyright>
<metadata>
<codes class="bip:countries:1.0">
  <code code="USA">
    <editdetail attribution="Reuters BIP Coding Group" action="confirmed" date="1996-12-23"/>
  </code>
</codes>
<codes class="bip:industries:1.0">
  <code code="I33030">
    <editdetail attribution="Reuters BIP Coding Group" action="confirmed" date="1996-12-23"/>
  </code>
</codes>
<codes class="bip:topics:1.0">
  <code code="C15">
    <editdetail attribution="Reuters BIP Coding Group" action="confirmed" date="1996-12-23"/>
  </code>
  <code code="C152">
    <editdetail attribution="Reuters BIP Coding Group" action="confirmed" date="1996-12-23"/>
  </code>
  <code code="CCAT">
    <editdetail attribution="Reuters BIP Coding Group" action="confirmed" date="1996-12-23"/>
  </code>
</codes>
<dc element="dc.date.created" value="1996-12-23"/>
<dc element="dc.publisher" value="Reuters Holdings Plc"/>
<dc element="dc.date.published" value="1996-12-23"/>
<dc element="dc.source" value="Reuters"/>
<dc element="dc.creator.location" value="MINNEAPOLIS"/>
<dc element="dc.creator.location.country.name" value="USA"/>
<dc element="dc.source" value="Reuters"/>
</metadata>
</newsitem>
