<?xml version="1.0" encoding="iso-8859-1" ?>
<newsitem itemid="803823" id="root" date="1997-08-15" xml:lang="en">
<title>SOUTH KOREA: TABLE-Miwon first half net doubles.</title>
<headline>TABLE-Miwon first half net doubles.</headline>
<dateline>SEOUL 1997-08-15</dateline>
<text>
<p>Six months to June 30</p>
<p>	 (in billion won unless stated)</p>
<p>    Shr (won)				     243 vs 121</p>
<p>    Net					    2.11 vs 1.02</p>
<p>    Profit before tax			  2.48 vs 1.04</p>
<p>    Turnover				   336.23 vs 301.77</p>
<p>Note - Miwon Co Ltd is one of South Korea's leading seasonings producers. The figures were released by the Korea Listed Companies Association.</p>
<p>-- Seoul Newsroom (822) 727 5645</p>
</text>
<copyright>(c) Reuters Limited 1997</copyright>
<metadata>
<codes class="bip:countries:1.0">
  <code code="SKOREA">
    <editdetail attribution="Reuters BIP Coding Group" action="confirmed" date="1997-08-15"/>
  </code>
</codes>
<codes class="bip:industries:1.0">
  <code code="I41000">
    <editdetail attribution="Reuters BIP Coding Group" action="confirmed" date="1997-08-15"/>
  </code>
</codes>
<codes class="bip:topics:1.0">
  <code code="C15">
    <editdetail attribution="Reuters BIP Coding Group" action="confirmed" date="1997-08-15"/>
  </code>
  <code code="C151">
    <editdetail attribution="Reuters BIP Coding Group" action="confirmed" date="1997-08-15"/>
  </code>
  <code code="CCAT">
    <editdetail attribution="Reuters BIP Coding Group" action="confirmed" date="1997-08-15"/>
  </code>
</codes>
<dc element="dc.date.created" value="1997-08-15"/>
<dc element="dc.publisher" value="Reuters Holdings Plc"/>
<dc element="dc.date.published" value="1997-08-15"/>
<dc element="dc.source" value="Reuters"/>
<dc element="dc.creator.location" value="SEOUL"/>
<dc element="dc.creator.location.country.name" value="SOUTH KOREA"/>
<dc element="dc.source" value="Reuters"/>
</metadata>
</newsitem>
