<?xml version="1.0" encoding="iso-8859-1" ?>
<newsitem itemid="773023" id="root" date="1997-08-01" xml:lang="en">
<title>USA: TABLE - SIBIA Neurosciences Q2 results.</title>
<headline>TABLE - SIBIA Neurosciences Q2 results.</headline>
<dateline>LA JOLLA, Calif. 1997-08-01</dateline>
<text>
<p>SIBIA Neurosciences, Inc.</p>
<p>		    Condensed Statement of Operations (Unaudited)</p>
<p>					  Three Months Ended	     Six Months Ended</p>
<p>					     June 30,			  June 30,</p>
<p>					1997	    1996	   1997	    1996</p>
<p>Revenue:</p>
<p>     Contract		    $1,842,000  $2,029,000   $3,623,000  $4,356,000</p>
<p>     License and royalty	3,164,000	15,000    3,326,000	72,000</p>
<p>	 Total revenue	    5,006,000   2,044,000    6,949,000   4,428,000</p>
<p>Expenses:</p>
<p>     Research and development 4,111,000   2,981,000    8,070,000    5,656,000</p>
<p>     General and administrative1,487,000    792,000    2,642,000    1,644,000</p>
<p>					5,598,000   3,773,000   10,712,000   7,300,000</p>
<p>					(592,000) (1,729,000)  (3,763,000) (2,872,000)</p>
<p>Other income (expense):</p>
<p>     Interest income		584,000     404,000    1,168,000     629,000</p>
<p>     Interest expense	    (14,000)    (17,000)     (29,000)    (34,000)</p>
<p>	Other			     2,000	 5,000	  4,000	 5,000</p>
<p>					  572,000     392,000    1,143,000     600,000</p>
<p>    Net loss			$(20,000)$(1,337,000) $(2,620,000)$(2,272,000)</p>
<p>    Net loss per common share	 ---     $(0.18)	$(0.28)     $(0.37)</p>
<p>Weighted average number of</p>
<p>     common shares outstanding9,236,512   7,366,319    9,208,189    6,174,100</p>
</text>
<copyright>(c) Reuters Limited 1997</copyright>
<metadata>
<codes class="bip:countries:1.0">
  <code code="USA">
    <editdetail attribution="Reuters BIP Coding Group" action="confirmed" date="1997-08-01"/>
  </code>
</codes>
<codes class="bip:topics:1.0">
  <code code="C15">
    <editdetail attribution="Reuters BIP Coding Group" action="confirmed" date="1997-08-01"/>
  </code>
  <code code="C151">
    <editdetail attribution="Reuters BIP Coding Group" action="confirmed" date="1997-08-01"/>
  </code>
  <code code="CCAT">
    <editdetail attribution="Reuters BIP Coding Group" action="confirmed" date="1997-08-01"/>
  </code>
</codes>
<dc element="dc.date.created" value="1997-08-01"/>
<dc element="dc.publisher" value="Reuters Holdings Plc"/>
<dc element="dc.date.published" value="1997-08-01"/>
<dc element="dc.source" value="Reuters"/>
<dc element="dc.creator.location" value="LA JOLLA, Calif."/>
<dc element="dc.creator.location.country.name" value="USA"/>
<dc element="dc.source" value="Reuters"/>
</metadata>
</newsitem>
