<?xml version="1.0" encoding="iso-8859-1" ?>
<newsitem itemid="485956" id="root" date="1997-04-03" xml:lang="en">
<title>FRANCE: Suez, Lyonnaise merger terms not set - Monod.</title>
<headline>Suez, Lyonnaise merger terms not set - Monod.</headline>
<dateline>PARIS 1997-04-03</dateline>
<text>
<p>Utilities group Lyonnaise des Eaux and holding company Cie de Suez have not fixed any of the terms of a planned merger, Lyonnaise chairman Jerome Monod said on Thursday.</p>
<p>The boards of both companies have unanimously approved the merger in principle and are due to hold special meetings on April 11 to discuss the merger plan.</p>
<p>&quot;The terms have not been fixed in any way whatsoever,&quot; Monod told a news conference on his company's 1996 results.</p>
<p>He said a new group created by the planned merger must &quot;be able to guarantee fast growth in well-identified core businesses and increase pre-exceptional profit and cash flow&quot;.</p>
</text>
<copyright>(c) Reuters Limited 1997</copyright>
<metadata>
<codes class="bip:countries:1.0">
  <code code="FRA">
    <editdetail attribution="Reuters BIP Coding Group" action="confirmed" date="1997-04-03"/>
  </code>
</codes>
<codes class="bip:industries:1.0">
  <code code="I81402">
    <editdetail attribution="Reuters BIP Coding Group" action="confirmed" date="1997-04-03"/>
  </code>
  <code code="I83960">
    <editdetail attribution="Reuters BIP Coding Group" action="confirmed" date="1997-04-03"/>
  </code>
</codes>
<codes class="bip:topics:1.0">
  <code code="C18">
    <editdetail attribution="Reuters BIP Coding Group" action="confirmed" date="1997-04-03"/>
  </code>
  <code code="C181">
    <editdetail attribution="Reuters BIP Coding Group" action="confirmed" date="1997-04-03"/>
  </code>
  <code code="CCAT">
    <editdetail attribution="Reuters BIP Coding Group" action="confirmed" date="1997-04-03"/>
  </code>
</codes>
<dc element="dc.date.created" value="1997-04-03"/>
<dc element="dc.publisher" value="Reuters Holdings Plc"/>
<dc element="dc.date.published" value="1997-04-03"/>
<dc element="dc.source" value="Reuters"/>
<dc element="dc.creator.location" value="PARIS"/>
<dc element="dc.creator.location.country.name" value="FRANCE"/>
<dc element="dc.source" value="Reuters"/>
</metadata>
</newsitem>
