<?xml version="1.0" encoding="iso-8859-1" ?>
<newsitem itemid="427967" id="root" date="1997-03-07" xml:lang="en">
<title>USA: Arcada terminates Touch Tone merger.</title>
<headline>Arcada terminates Touch Tone merger.</headline>
<dateline>SEATTLE 1997-03-07</dateline>
<text>
<p>Arcada Communications said Friday it has terminated its merger agreement with Touch Tone America Inc.</p>
<p>The companies agreed to merge in November and last ammended the agreement in January 22.  Arcada did not give details of why the merger was called off.</p>
<p>Arcada is a long distance phone service while Touch Tone is a local, long distance and Internet service provider.</p>
</text>
<copyright>(c) Reuters Limited 1997</copyright>
<metadata>
<codes class="bip:countries:1.0">
  <code code="USA">
    <editdetail attribution="Reuters BIP Coding Group" action="confirmed" date="1997-03-07"/>
  </code>
</codes>
<codes class="bip:topics:1.0">
  <code code="C18">
    <editdetail attribution="Reuters BIP Coding Group" action="confirmed" date="1997-03-07"/>
  </code>
  <code code="C181">
    <editdetail attribution="Reuters BIP Coding Group" action="confirmed" date="1997-03-07"/>
  </code>
  <code code="CCAT">
    <editdetail attribution="Reuters BIP Coding Group" action="confirmed" date="1997-03-07"/>
  </code>
</codes>
<dc element="dc.date.created" value="1997-03-07"/>
<dc element="dc.publisher" value="Reuters Holdings Plc"/>
<dc element="dc.date.published" value="1997-03-07"/>
<dc element="dc.source" value="Reuters"/>
<dc element="dc.creator.location" value="SEATTLE"/>
<dc element="dc.creator.location.country.name" value="USA"/>
<dc element="dc.source" value="Reuters"/>
</metadata>
</newsitem>
