<?xml version="1.0" encoding="iso-8859-1" ?>
<newsitem itemid="298873" id="root" date="1997-01-10" xml:lang="en">
<title>HUNGARY: Hungary December CPI up 0.9 pct - Stats Office.</title>
<headline>Hungary December CPI up 0.9 pct - Stats Office.</headline>
<dateline>BUDAPEST 1997-01-10</dateline>
<text>
<p>Hungary's consumer prices rose 0.9 percent in December 1996 compared with November, and 19.8 percent compared with December 1995, the Central Statistical</p>
<p>Office said on Friday. HUNGARY CONSUMER PRICE INDEX (CPI)</p>
<p>				  Dec '96     Nov '96     Nov '95</p>
<p>Month-on-month		 +0.9	  +0.8	     +1.2</p>
<p>Year-on-year		  +19.8	 +20.1	    +28.3</p>
<p>-- Budapest newsroom, +36 1 327 4040</p>
</text>
<copyright>(c) Reuters Limited 1997</copyright>
<metadata>
<codes class="bip:countries:1.0">
  <code code="HUNG">
    <editdetail attribution="Reuters BIP Coding Group" action="confirmed" date="1997-01-10"/>
  </code>
</codes>
<codes class="bip:topics:1.0">
  <code code="E13">
    <editdetail attribution="Reuters BIP Coding Group" action="confirmed" date="1997-01-10"/>
  </code>
  <code code="E131">
    <editdetail attribution="Reuters BIP Coding Group" action="confirmed" date="1997-01-10"/>
  </code>
  <code code="ECAT">
    <editdetail attribution="Reuters BIP Coding Group" action="confirmed" date="1997-01-10"/>
  </code>
</codes>
<dc element="dc.date.created" value="1997-01-10"/>
<dc element="dc.publisher" value="Reuters Holdings Plc"/>
<dc element="dc.date.published" value="1997-01-10"/>
<dc element="dc.source" value="Reuters"/>
<dc element="dc.creator.location" value="BUDAPEST"/>
<dc element="dc.creator.location.country.name" value="HUNGARY"/>
<dc element="dc.source" value="Reuters"/>
</metadata>
</newsitem>
