<?xml version="1.0" encoding="iso-8859-1" ?>
<newsitem itemid="476628" id="root" date="1997-03-31" xml:lang="en">
<title>MEXICO: Mexico's TIIE 28-day rate rises to 23.2450 pct.</title>
<headline>Mexico's TIIE 28-day rate rises to 23.2450 pct.</headline>
<dateline>MEXICO CITY 1997-03-31</dateline>
<text>
<p>Mexico's 28-day interbank interest rate rose 70.50 basis points to 23.2450 percent Monday from 22.54 percent March 26, Banco de Mexico said.</p>
<p>TIIE is a market-weighted average interbank rate that is revised each business day.</p>
<p>(( --Mexico City newsroom +525 728-9558))</p>
</text>
<copyright>(c) Reuters Limited 1997</copyright>
<metadata>
<codes class="bip:countries:1.0">
  <code code="MEX">
    <editdetail attribution="Reuters BIP Coding Group" action="confirmed" date="1997-03-31"/>
  </code>
</codes>
<codes class="bip:topics:1.0">
  <code code="M13">
    <editdetail attribution="Reuters BIP Coding Group" action="confirmed" date="1997-03-31"/>
  </code>
  <code code="M131">
    <editdetail attribution="Reuters BIP Coding Group" action="confirmed" date="1997-03-31"/>
  </code>
  <code code="MCAT">
    <editdetail attribution="Reuters BIP Coding Group" action="confirmed" date="1997-03-31"/>
  </code>
</codes>
<dc element="dc.date.created" value="1997-03-31"/>
<dc element="dc.publisher" value="Reuters Holdings Plc"/>
<dc element="dc.date.published" value="1997-03-31"/>
<dc element="dc.source" value="Reuters"/>
<dc element="dc.creator.location" value="MEXICO CITY"/>
<dc element="dc.creator.location.country.name" value="MEXICO"/>
<dc element="dc.source" value="Reuters"/>
</metadata>
</newsitem>
