<?xml version="1.0" encoding="iso-8859-1" ?>
<newsitem itemid="406205" id="root" date="1997-03-13" xml:lang="en">
<title>FRANCE: EU sets refund for maize exports to Switzerland.</title>
<headline>EU sets refund for maize exports to Switzerland.</headline>
<dateline>PARIS 1997-03-13</dateline>
<text>
<p>The European Union on Thursday set a daily export refund of 10 Ecus per tonne for the export of EU maize to Switzerland and Liechtenstein, an EU grain official said.</p>
<p>The EU's grain panel also raised the rebate applying to soft wheat exports to the same destinations to 1.50 Ecus per tonne from a previous level of one Ecu.</p>
<p>The rebate for barley exports to the same countries was set at 18.50 Ecus per tonne and the rye export rebate at 25.00 Ecus.</p>
<p>-- Paris newsroom +331 4221 5432</p>
</text>
<copyright>(c) Reuters Limited 1997</copyright>
<metadata>
<codes class="bip:countries:1.0">
  <code code="EEC">
    <editdetail attribution="Reuters BIP Coding Group" action="confirmed" date="1997-03-13"/>
  </code>
  <code code="LIECHT">
    <editdetail attribution="Reuters BIP Coding Group" action="confirmed" date="1997-03-13"/>
  </code>
  <code code="SWITZ">
    <editdetail attribution="Reuters BIP Coding Group" action="confirmed" date="1997-03-13"/>
  </code>
</codes>
<codes class="bip:topics:1.0">
  <code code="M14">
    <editdetail attribution="Reuters BIP Coding Group" action="confirmed" date="1997-03-13"/>
  </code>
  <code code="M141">
    <editdetail attribution="Reuters BIP Coding Group" action="confirmed" date="1997-03-13"/>
  </code>
  <code code="MCAT">
    <editdetail attribution="Reuters BIP Coding Group" action="confirmed" date="1997-03-13"/>
  </code>
</codes>
<dc element="dc.date.created" value="1997-03-13"/>
<dc element="dc.publisher" value="Reuters Holdings Plc"/>
<dc element="dc.date.published" value="1997-03-13"/>
<dc element="dc.source" value="Reuters"/>
<dc element="dc.creator.location" value="PARIS"/>
<dc element="dc.creator.location.country.name" value="FRANCE"/>
<dc element="dc.source" value="Reuters"/>
</metadata>
</newsitem>
