<?xml version="1.0" encoding="iso-8859-1" ?>
<newsitem itemid="764416" id="root" date="1997-07-29" xml:lang="en">
<title>AUSTRALIA: Turnbull joins Goldman Sachs Australia and N.Z..</title>
<headline>Turnbull joins Goldman Sachs Australia and N.Z..</headline>
<dateline>SYDNEY 1997-07-29</dateline>
<text>
<p>Malcolm Turnbull, founder of investment bank Turnbull &amp; Partners, will join Goldman Sachs Australia and New Zealand as chairman and managing director on August 1, Goldman Sachs said on Tuesday.</p>
<p>He would be based in Sydney and would oversee Goldman Sachs' businesses in the region.</p>
<p>In joining Goldman Sachs, Turnbull would close Turnbull &amp; Partners and Turnbull's partner, the former premier of New South Wales, Neville Wran, would become a senior adviser to Goldman Sachs.  </p>
<p>Commenting on the announcement, Jon S. Corzine, Chairman and Chief Executive Officer of Goldman Sachs Group L.P. said: &quot;Malcolm Turnbull is one of Australia's leading merchant bankers and brings outstanding experience to the firm.&quot;  </p>
<p>&quot;His appointment underlines Goldman Sachs' commitment to building a pre-eminent investment banking franchise in Australia and New Zealand and throughout the Asian region,&quot; Corzine said.</p>
<p>Turnbull founded Turnbull &amp; Partners in 1987, an investment banking boutique specialising in the merger and principal investment business.</p>
<p>He is also chairman of OzEmail Ltd, a NASDAQ-LISTED Australian Internet service provider, and FTR Holdings Ltd, a software development company.  </p>
<p>&quot;I am delighted to be joining the world's leading investment bank and have every confidence that, working with the Goldman Sachs team in Australia and around the world, we will be able to build a substantial business in Australasia,&quot; Turnbull said.</p>
<p>Cass O'Connor, a specialist in media and telecommunications, would also join Goldman Sachs as a Vice President in the Investment Banking Division.</p>
<p>-- Sydney Newsroom 61-2 9373-1800</p>
</text>
<copyright>(c) Reuters Limited 1997</copyright>
<metadata>
<codes class="bip:countries:1.0">
  <code code="AUSTR">
    <editdetail attribution="Reuters BIP Coding Group" action="confirmed" date="1997-07-29"/>
  </code>
  <code code="NZ">
    <editdetail attribution="Reuters BIP Coding Group" action="confirmed" date="1997-07-29"/>
  </code>
</codes>
<codes class="bip:industries:1.0">
  <code code="I33020">
    <editdetail attribution="Reuters BIP Coding Group" action="confirmed" date="1997-07-29"/>
  </code>
  <code code="I3302021">
    <editdetail attribution="Reuters BIP Coding Group" action="confirmed" date="1997-07-29"/>
  </code>
  <code code="I33030">
    <editdetail attribution="Reuters BIP Coding Group" action="confirmed" date="1997-07-29"/>
  </code>
  <code code="I81402">
    <editdetail attribution="Reuters BIP Coding Group" action="confirmed" date="1997-07-29"/>
  </code>
  <code code="I83100">
    <editdetail attribution="Reuters BIP Coding Group" action="confirmed" date="1997-07-29"/>
  </code>
</codes>
<codes class="bip:topics:1.0">
  <code code="C41">
    <editdetail attribution="Reuters BIP Coding Group" action="confirmed" date="1997-07-29"/>
  </code>
  <code code="C411">
    <editdetail attribution="Reuters BIP Coding Group" action="confirmed" date="1997-07-29"/>
  </code>
  <code code="CCAT">
    <editdetail attribution="Reuters BIP Coding Group" action="confirmed" date="1997-07-29"/>
  </code>
</codes>
<dc element="dc.date.created" value="1997-07-29"/>
<dc element="dc.publisher" value="Reuters Holdings Plc"/>
<dc element="dc.date.published" value="1997-07-29"/>
<dc element="dc.source" value="Reuters"/>
<dc element="dc.creator.location" value="SYDNEY"/>
<dc element="dc.creator.location.country.name" value="AUSTRALIA"/>
<dc element="dc.source" value="Reuters"/>
</metadata>
</newsitem>
