<?xml version="1.0" encoding="iso-8859-1" ?>
<newsitem itemid="449337" id="root" date="1997-03-18" xml:lang="en">
<title>POLAND: FARM FOOD FEB NET FALLS TO PLN 0.3 MLN.</title>
<headline>FARM FOOD FEB NET FALLS TO PLN 0.3 MLN.</headline>
<dateline>WARSAW 1997-03-18</dateline>
<text>
<p>Preliminary results February</p>
<p>(in million zlotys unless stated)</p>
<p>FEBRUARY</p>
<p> Net profit	     0.32 vs   0.59</p>
<p> Pre-tax profit	 0.92 vs   1.12</p>
<p> Operating profit     1.50 vs   1.21</p>
<p> Sales		   16.84 vs  14.66</p>
<p>JANUARY-FEBRUARY</p>
<p> Net profit	     0.55 vs   1.60</p>
<p> Pre-tax profit	 1.75 vs   2.30</p>
<p> Operating profit     2.92 vs   3.20</p>
<p> Sales		   35.18 vs  30.66</p>
<p>Note. Full name of the Polish meat processing plant is Farm</p>
<p>Food SA.</p>
<p>-- Warsaw Newsroom +48 22 653 9700</p>
</text>
<copyright>(c) Reuters Limited 1997</copyright>
<metadata>
<codes class="bip:countries:1.0">
  <code code="POL">
    <editdetail attribution="Reuters BIP Coding Group" action="confirmed" date="1997-03-18"/>
  </code>
</codes>
<codes class="bip:industries:1.0">
  <code code="I41000">
    <editdetail attribution="Reuters BIP Coding Group" action="confirmed" date="1997-03-18"/>
  </code>
</codes>
<codes class="bip:topics:1.0">
  <code code="C15">
    <editdetail attribution="Reuters BIP Coding Group" action="confirmed" date="1997-03-18"/>
  </code>
  <code code="C151">
    <editdetail attribution="Reuters BIP Coding Group" action="confirmed" date="1997-03-18"/>
  </code>
  <code code="CCAT">
    <editdetail attribution="Reuters BIP Coding Group" action="confirmed" date="1997-03-18"/>
  </code>
</codes>
<dc element="dc.date.created" value="1997-03-18"/>
<dc element="dc.publisher" value="Reuters Holdings Plc"/>
<dc element="dc.date.published" value="1997-03-18"/>
<dc element="dc.source" value="Reuters"/>
<dc element="dc.creator.location" value="WARSAW"/>
<dc element="dc.creator.location.country.name" value="POLAND"/>
<dc element="dc.source" value="Reuters"/>
</metadata>
</newsitem>
