<?xml version="1.0" encoding="iso-8859-1" ?>
<newsitem itemid="556149" id="root" date="1997-05-02" xml:lang="en">
<title>USA: Orange County bankruptcy jury reaches verdict.</title>
<headline>Orange County bankruptcy jury reaches verdict.</headline>
<dateline>SANTA ANA, Calif. 1997-05-02</dateline>
<text>
<p>The jury in the bankruptcy-related trial of former Orange County, Calif., assistant treasurer Matthew Raabe has reached a verdict, court officials said Friday.</p>
<p>The jury of six men and six women was expected to announce its verdict in Superior Court in Santa Ana within an hour.  </p>
<p>County prosecutors allege that Raabe helped to divert nearly $90 million in interest earnings owed to cities, schools and special districts that invested in the county-run investment pool before the county descended into bankruptcy.</p>
<p>Orange County filed for bankruptcy in December 1994 after sustaining losses of more than $1.6 billion on risky investments. The county emerged from bankruptcy last June.</p>
<p>Raabe was indicted by a county grand jury in May 1995 on several felony counts alleging he misappropriated public funds, failed to transfer public funds and made untrue statements in bond documents.</p>
</text>
<copyright>(c) Reuters Limited 1997</copyright>
<metadata>
<codes class="bip:countries:1.0">
  <code code="USA">
    <editdetail attribution="Reuters BIP Coding Group" action="confirmed" date="1997-05-02"/>
  </code>
</codes>
<codes class="bip:topics:1.0">
  <code code="GCAT">
    <editdetail attribution="Reuters BIP Coding Group" action="confirmed" date="1997-05-02"/>
  </code>
  <code code="GCRIM">
    <editdetail attribution="Reuters BIP Coding Group" action="confirmed" date="1997-05-02"/>
  </code>
</codes>
<dc element="dc.date.created" value="1997-05-02"/>
<dc element="dc.publisher" value="Reuters Holdings Plc"/>
<dc element="dc.date.published" value="1997-05-02"/>
<dc element="dc.source" value="Reuters"/>
<dc element="dc.creator.location" value="SANTA ANA, Calif."/>
<dc element="dc.creator.location.country.name" value="USA"/>
<dc element="dc.source" value="Reuters"/>
</metadata>
</newsitem>
