<?xml version="1.0" encoding="iso-8859-1" ?>
<newsitem itemid="129983" id="root" date="1996-10-21" xml:lang="en">
<title>USA: Ryder sees Q4 charge $75-$150 million range. [CORRECTED 16:10 GMT]</title>
<headline>Ryder sees Q4 charge $75-$150 million range. [CORRECTED 16:10 GMT]</headline>
<dateline>MIAMI 1996-10-21</dateline>
<text>
<p>(Corrects headline to read &quot;$150 million&quot; from &quot;$100 million&quot;)</p>
<p>Ryder System Inc Chairman Anthony Burns said the restructuring charge the company foresees for its fourth quarter would be somewhere in the range of $75 to $150 million.</p>
<p>&quot;We expect to make the announcement before the end of the year of a charge, and... it should be in the neighborhood of $75 to $150 million,&quot; he told a conference call after the company released its third quarter financial results.</p>
<p>He said areas the company was looking at included its market coverage, headquarters staff, vehicle and non-vehicle purchasing and facilities utilization.</p>
</text>
<copyright>(c) Reuters Limited 1996</copyright>
<metadata>
<codes class="bip:countries:1.0">
  <code code="USA">
    <editdetail attribution="Reuters BIP Coding Group" action="confirmed" date="1996-10-21"/>
  </code>
</codes>
<codes class="bip:industries:1.0">
  <code code="I84803">
    <editdetail attribution="Reuters BIP Coding Group" action="confirmed" date="1996-10-21"/>
  </code>
</codes>
<codes class="bip:topics:1.0">
  <code code="C15">
    <editdetail attribution="Reuters BIP Coding Group" action="confirmed" date="1996-10-21"/>
  </code>
  <code code="C152">
    <editdetail attribution="Reuters BIP Coding Group" action="confirmed" date="1996-10-21"/>
  </code>
  <code code="CCAT">
    <editdetail attribution="Reuters BIP Coding Group" action="confirmed" date="1996-10-21"/>
  </code>
</codes>
<dc element="dc.date.created" value="1996-10-21"/>
<dc element="dc.publisher" value="Reuters Holdings Plc"/>
<dc element="dc.date.published" value="1996-10-21"/>
<dc element="dc.source" value="Reuters"/>
<dc element="dc.creator.location" value="MIAMI"/>
<dc element="dc.creator.location.country.name" value="USA"/>
<dc element="dc.source" value="Reuters"/>
</metadata>
</newsitem>
