<?xml version="1.0" encoding="iso-8859-1" ?>
<newsitem itemid="209730" id="root" date="1996-11-22" xml:lang="en">
<title>BOLIVIA: U.S. firm Airport Group wins Bolivian airport bid.</title>
<headline>U.S. firm Airport Group wins Bolivian airport bid.</headline>
<dateline>LA PAZ 1996-11-22</dateline>
<text>
<p>U.S. company  Airport Group International has won a license to run Bolivia's three main airports for the next 25 years, government Secretary of Capitalization Edgar Saravia announced Friday.</p>
<p>Airport Group takes over La Paz's El Alto airport, Cochabamba's Jorge Wilstermann and Santa Cruz's Viru Viru in four months after beating Canada's YVR Airport Services and Spain's  Aeropuertos Espanoles y Navegacion Aerea in Thursday's bid.  </p>
<p>The winning bid gives the government a 20.8 percent share in revenue, compared to the 19.1 percent offered by YVR and 19.05 percent by the Spaniards.</p>
<p>Airport Group, which already runs 18 airports in the United States, Canada and Guam, is committed to investing $100 million to expand and improve the airport terminals to bring them up to the &quot;class-B&quot; standard of the International Air Transport Association, said Saravia.</p>
<p>The three airports privatized concentrate more than 80 percent of Bolivian air traffic and the government hopes that Viru Viru, with its location on flat land in the dead center of South America, will assume international importance.</p>
<p>Saravia said the Bolivian state plans to use the resources from the privatization to improve Bolivia's 34 other airports.</p>
<p>-- Carlos Quiroga, La Paz Newsroom +5912 391366</p>
</text>
<copyright>(c) Reuters Limited 1996</copyright>
<metadata>
<codes class="bip:countries:1.0">
  <code code="BOL">
    <editdetail attribution="Reuters BIP Coding Group" action="confirmed" date="1996-11-22"/>
  </code>
  <code code="USA">
    <editdetail attribution="Reuters BIP Coding Group" action="confirmed" date="1996-11-22"/>
  </code>
</codes>
<codes class="bip:industries:1.0">
  <code code="I76400">
    <editdetail attribution="Reuters BIP Coding Group" action="confirmed" date="1996-11-22"/>
  </code>
</codes>
<codes class="bip:topics:1.0">
  <code code="C33">
    <editdetail attribution="Reuters BIP Coding Group" action="confirmed" date="1996-11-22"/>
  </code>
  <code code="CCAT">
    <editdetail attribution="Reuters BIP Coding Group" action="confirmed" date="1996-11-22"/>
  </code>
</codes>
<dc element="dc.date.created" value="1996-11-22"/>
<dc element="dc.publisher" value="Reuters Holdings Plc"/>
<dc element="dc.date.published" value="1996-11-22"/>
<dc element="dc.source" value="Reuters"/>
<dc element="dc.creator.location" value="LA PAZ"/>
<dc element="dc.creator.location.country.name" value="BOLIVIA"/>
<dc element="dc.source" value="Reuters"/>
</metadata>
</newsitem>
