<?xml version="1.0" encoding="iso-8859-1" ?>
<newsitem itemid="581732" id="root" date="1997-05-14" xml:lang="en">
<title>SOUTH AFRICA: RAND MINES TO BE SUSPENDED, WOUND-UP.</title>
<headline>RAND MINES TO BE SUSPENDED, WOUND-UP.</headline>
<dateline>JOHANNESBURG 1997-05-14</dateline>
<text>
<p>Rand Mines Limited said on Wednesday its listing in the cash sector of the Johannesburg Stock Exchange (JSE) would be suspended on May 22 ahead of the proposed winding-up of the company.</p>
<p>The group said its listing on the London Stock Exchange would also be suspended on that day.</p>
<p>The announcement comes after the group withdrew a cautionary statement towards the end of April in which it said it had received a proposal which could have included an offer for its ordinary shares.</p>
<p>As a result of the possible offer being withdrawn the winding up of the company would continue, the group said at the time.</p>
<p>- Johannesburg newsroom, +27 11 482 1003</p>
</text>
<copyright>(c) Reuters Limited 1997</copyright>
<metadata>
<codes class="bip:countries:1.0">
  <code code="SAFR">
    <editdetail attribution="Reuters BIP Coding Group" action="confirmed" date="1997-05-14"/>
  </code>
  <code code="UK">
    <editdetail attribution="Reuters BIP Coding Group" action="confirmed" date="1997-05-14"/>
  </code>
</codes>
<codes class="bip:industries:1.0">
  <code code="I83960">
    <editdetail attribution="Reuters BIP Coding Group" action="confirmed" date="1997-05-14"/>
  </code>
</codes>
<codes class="bip:topics:1.0">
  <code code="C11">
    <editdetail attribution="Reuters BIP Coding Group" action="confirmed" date="1997-05-14"/>
  </code>
  <code code="C14">
    <editdetail attribution="Reuters BIP Coding Group" action="confirmed" date="1997-05-14"/>
  </code>
  <code code="CCAT">
    <editdetail attribution="Reuters BIP Coding Group" action="confirmed" date="1997-05-14"/>
  </code>
</codes>
<dc element="dc.date.created" value="1997-05-14"/>
<dc element="dc.publisher" value="Reuters Holdings Plc"/>
<dc element="dc.date.published" value="1997-05-14"/>
<dc element="dc.source" value="Reuters"/>
<dc element="dc.creator.location" value="JOHANNESBURG"/>
<dc element="dc.creator.location.country.name" value="SOUTH AFRICA"/>
<dc element="dc.source" value="Reuters"/>
</metadata>
</newsitem>
