<?xml version="1.0" encoding="iso-8859-1" ?>
<newsitem itemid="233774" id="root" date="1996-12-04" xml:lang="en">
<title>POLAND: Polish bourse kerb bond deals - December 4.</title>
<headline>Polish bourse kerb bond deals - December 4.</headline>
<dateline>WARSAW 1996-12-04</dateline>
<text>
<p>Turnover in kerb trade through the Warsaw Stock Exchange was at 4.1 million zlotys on Wednesday.</p>
<p>The following is a summary of the day's block transactions on the Warsaw bourse.</p>
<p>* 1,000 fixed-interest five-year bonds maturing on June 12, 2001 traded at 81.00 zlotys.</p>
<p>* 2,000 fixed-interest five-year bonds maturing on October 12, 2001 traded at 81.45 zlotys.</p>
<p>* 15,000 variable-interest three-year bonds maturing on November 6, 1998 traded at 101.5 zlotys.</p>
<p>-- Warsaw Newsroom +48 22 653 9700</p>
</text>
<copyright>(c) Reuters Limited 1996</copyright>
<metadata>
<codes class="bip:countries:1.0">
  <code code="POL">
    <editdetail attribution="Reuters BIP Coding Group" action="confirmed" date="1996-12-04"/>
  </code>
</codes>
<codes class="bip:topics:1.0">
  <code code="M12">
    <editdetail attribution="Reuters BIP Coding Group" action="confirmed" date="1996-12-04"/>
  </code>
  <code code="MCAT">
    <editdetail attribution="Reuters BIP Coding Group" action="confirmed" date="1996-12-04"/>
  </code>
</codes>
<dc element="dc.date.created" value="1996-12-04"/>
<dc element="dc.publisher" value="Reuters Holdings Plc"/>
<dc element="dc.date.published" value="1996-12-04"/>
<dc element="dc.source" value="Reuters"/>
<dc element="dc.creator.location" value="WARSAW"/>
<dc element="dc.creator.location.country.name" value="POLAND"/>
<dc element="dc.source" value="Reuters"/>
</metadata>
</newsitem>
