<?xml version="1.0" encoding="iso-8859-1" ?>
<newsitem itemid="431123" id="root" date="1997-03-10" xml:lang="en">
<title>UK: BT shares gain after SocGen repeats buy.</title>
<headline>BT shares gain after SocGen repeats buy.</headline>
<dateline>LONDON 1997-03-10</dateline>
<text>
<p>Shares in British Telecommunications Plc (BT) were higher on Monday after analysts at SocGen repeated a buy recommendation.</p>
<p>BT shares were up 7-1/2 pence by 1132 GMT at 437, fractionally below a high of 438 pence.</p>
<p>&quot;The company is undervalued at the moment...we are expecting significant outperformance,&quot; said Andrew Moffat of SocGen.</p>
<p>Moffat said he felt BT was undervalued compared with other recent flotations in the telecommunications sector and praised its planned merger with U.S. company MCI Communications Corp .</p>
<p>He said the stock could target 460-470 pence in the short-term but on some valuations would not be surprised to see shares reach 500 pence from now to two or three months after the merger.</p>
<p>&quot;BT is going to be the first global phone company...MCI is the best U.S. phone company to be involved with,&quot; he said.</p>
<p>BT shareholders will vote on the proposed merger at an extraordinary general meeting on April 15.</p>
<p>Moffat said he felt BT could beat competitors to gain contracts as Concert, the international communications business owned by BT and MCI, targeted top companies for deals.</p>
<p>Analysts said there were also rumours another partner might be found for Concert in the next couple of months.</p>
<p>-- London Newsroom +44 171 5427717</p>
</text>
<copyright>(c) Reuters Limited 1997</copyright>
<metadata>
<codes class="bip:countries:1.0">
  <code code="UK">
    <editdetail attribution="Reuters BIP Coding Group" action="confirmed" date="1997-03-10"/>
  </code>
  <code code="USA">
    <editdetail attribution="Reuters BIP Coding Group" action="confirmed" date="1997-03-10"/>
  </code>
</codes>
<codes class="bip:industries:1.0">
  <code code="I79020">
    <editdetail attribution="Reuters BIP Coding Group" action="confirmed" date="1997-03-10"/>
  </code>
</codes>
<codes class="bip:topics:1.0">
  <code code="C15">
    <editdetail attribution="Reuters BIP Coding Group" action="confirmed" date="1997-03-10"/>
  </code>
  <code code="C152">
    <editdetail attribution="Reuters BIP Coding Group" action="confirmed" date="1997-03-10"/>
  </code>
  <code code="C18">
    <editdetail attribution="Reuters BIP Coding Group" action="confirmed" date="1997-03-10"/>
  </code>
  <code code="C181">
    <editdetail attribution="Reuters BIP Coding Group" action="confirmed" date="1997-03-10"/>
  </code>
  <code code="CCAT">
    <editdetail attribution="Reuters BIP Coding Group" action="confirmed" date="1997-03-10"/>
  </code>
</codes>
<dc element="dc.date.created" value="1997-03-10"/>
<dc element="dc.publisher" value="Reuters Holdings Plc"/>
<dc element="dc.date.published" value="1997-03-10"/>
<dc element="dc.source" value="Reuters"/>
<dc element="dc.creator.location" value="LONDON"/>
<dc element="dc.creator.location.country.name" value="UK"/>
<dc element="dc.source" value="Reuters"/>
</metadata>
</newsitem>
