<?xml version="1.0" encoding="iso-8859-1" ?>
<newsitem itemid="5661" id="root" date="1996-08-21" xml:lang="en">
<title>USA: Life USA Holding completes acquisition.</title>
<headline>Life USA Holding completes acquisition.</headline>
<dateline>MINNEAPOLIS 1996-08-21</dateline>
<text>
<p>Life USA Holding Inc said Wednesday it completed the acquisition of Tax Planning Seminars, a national life and annuity marketing organization based in Vorhees, N.J.</p>
<p>Tax Planning Seminars is now a wholly-owned subsidiary of LifeUSA Marketing Inc, which was formed by Life USA Holding to manage acquired marketing organizations.</p>
<p>Terms of the agreement between Tax Planning Seminars and Life USA were not disclosed. But Life USA said the purchase will consist of a combination of cash and stock, paid over a five year period.</p>
<p>Reuters Chicago Newsdesk - 312-408-8787</p>
</text>
<copyright>(c) Reuters Limited 1996</copyright>
<metadata>
<codes class="bip:countries:1.0">
  <code code="USA">
    <editdetail attribution="Reuters BIP Coding Group" action="confirmed" date="1996-08-21"/>
  </code>
</codes>
<codes class="bip:industries:1.0">
  <code code="I82002">
    <editdetail attribution="Reuters BIP Coding Group" action="confirmed" date="1996-08-21"/>
  </code>
</codes>
<codes class="bip:topics:1.0">
  <code code="C18">
    <editdetail attribution="Reuters BIP Coding Group" action="confirmed" date="1996-08-21"/>
  </code>
  <code code="C181">
    <editdetail attribution="Reuters BIP Coding Group" action="confirmed" date="1996-08-21"/>
  </code>
  <code code="CCAT">
    <editdetail attribution="Reuters BIP Coding Group" action="confirmed" date="1996-08-21"/>
  </code>
</codes>
<dc element="dc.date.created" value="1996-08-21"/>
<dc element="dc.publisher" value="Reuters Holdings Plc"/>
<dc element="dc.date.published" value="1996-08-21"/>
<dc element="dc.source" value="Reuters"/>
<dc element="dc.creator.location" value="MINNEAPOLIS"/>
<dc element="dc.creator.location.country.name" value="USA"/>
<dc element="dc.source" value="Reuters"/>
</metadata>
</newsitem>
