<?xml version="1.0" encoding="iso-8859-1" ?>
<newsitem itemid="554065" id="root" date="1997-05-01" xml:lang="en">
<title>USA: Nutrition For Life Q2 shr $0.12 vs $0.55.</title>
<headline>Nutrition For Life Q2 shr $0.12 vs $0.55.</headline>
<dateline>HOUSTON 1997-05-01</dateline>
<text>
<p>NUTRITION FOR LIFE INTERNATIONAL INC</p>
<p>	     Condensed Consolidated Statements of Operations</p>
<p>		     (in thousands except per share data)</p>
<p>				Three Months Ended   Six Months Ended</p>
<p>						March 31,     March 31,</p>
<p>				     1997    1996	  1997    1996</p>
<p> Net sales		    $21,200 $30,315     $40,469 $51,578</p>
<p>   Operating income	   1,078   5,561	   582   9,430</p>
<p>   Net income (loss)	    726   3,641     (3,770)   6,195</p>
<p>Earnings (loss) per</p>
<p>   common share		  0.12    0.55	(0.60)    0.94</p>
<p>Weighted average</p>
<p>   shares outstanding	 6,260   6,603	 6,292  6,526</p>
<p>Note: The six month results include expenses of $6.4 million which were accrued in the first quarter to account for costs related to the preliminary settlement of class action lawsuits filed against the company in 1996.  A related income tax benefit of $2.2 million has also been recognized.</p>
<p>-- New York Newsdesk 212 859-1610</p>
</text>
<copyright>(c) Reuters Limited 1997</copyright>
<metadata>
<codes class="bip:countries:1.0">
  <code code="USA">
    <editdetail attribution="Reuters BIP Coding Group" action="confirmed" date="1997-05-01"/>
  </code>
</codes>
<codes class="bip:industries:1.0">
  <code code="I64300">
    <editdetail attribution="Reuters BIP Coding Group" action="confirmed" date="1997-05-01"/>
  </code>
</codes>
<codes class="bip:topics:1.0">
  <code code="C15">
    <editdetail attribution="Reuters BIP Coding Group" action="confirmed" date="1997-05-01"/>
  </code>
  <code code="C151">
    <editdetail attribution="Reuters BIP Coding Group" action="confirmed" date="1997-05-01"/>
  </code>
  <code code="CCAT">
    <editdetail attribution="Reuters BIP Coding Group" action="confirmed" date="1997-05-01"/>
  </code>
</codes>
<dc element="dc.date.created" value="1997-05-01"/>
<dc element="dc.publisher" value="Reuters Holdings Plc"/>
<dc element="dc.date.published" value="1997-05-01"/>
<dc element="dc.source" value="Reuters"/>
<dc element="dc.creator.location" value="HOUSTON"/>
<dc element="dc.creator.location.country.name" value="USA"/>
<dc element="dc.source" value="Reuters"/>
</metadata>
</newsitem>
