<?xml version="1.0" encoding="iso-8859-1" ?>
<newsitem itemid="232879" id="root" date="1996-12-03" xml:lang="en">
<title>JAPAN: Chuo Paperboard rises on share allocation.</title>
<headline>Chuo Paperboard rises on share allocation.</headline>
<dateline>TOKYO 1996-12-03</dateline>
<text>
<p>Shares in Chuo Paperboard Co Ltd jumped on Tuesday afternoon, helped by its announcement on Monday that it will issue three million new shares in a third-party allocation to Itochu Corp and an Itochu unit, traders said.</p>
<p>The share price was up 34 yen at 367 yen at 0430 GMT, the second largest percentage gainer on the first section of the Tokyo Stock Exchange. Volume was 181,000 shares.  </p>
<p>Chuo Paperboard's decision to issue new shares through a third-party allocation eased market worries over financing for the firm, traders said.</p>
<p>In October, the company said it set aside loan loss reserves of 12.42 billion yen for the half year to September 30, the first half of the 1996/97 business year.</p>
</text>
<copyright>(c) Reuters Limited 1996</copyright>
<metadata>
<codes class="bip:countries:1.0">
  <code code="JAP">
    <editdetail attribution="Reuters BIP Coding Group" action="confirmed" date="1996-12-03"/>
  </code>
</codes>
<codes class="bip:industries:1.0">
  <code code="I47100">
    <editdetail attribution="Reuters BIP Coding Group" action="confirmed" date="1996-12-03"/>
  </code>
</codes>
<codes class="bip:topics:1.0">
  <code code="C15">
    <editdetail attribution="Reuters BIP Coding Group" action="confirmed" date="1996-12-03"/>
  </code>
  <code code="C152">
    <editdetail attribution="Reuters BIP Coding Group" action="confirmed" date="1996-12-03"/>
  </code>
  <code code="C17">
    <editdetail attribution="Reuters BIP Coding Group" action="confirmed" date="1996-12-03"/>
  </code>
  <code code="C171">
    <editdetail attribution="Reuters BIP Coding Group" action="confirmed" date="1996-12-03"/>
  </code>
  <code code="CCAT">
    <editdetail attribution="Reuters BIP Coding Group" action="confirmed" date="1996-12-03"/>
  </code>
</codes>
<dc element="dc.date.created" value="1996-12-03"/>
<dc element="dc.publisher" value="Reuters Holdings Plc"/>
<dc element="dc.date.published" value="1996-12-03"/>
<dc element="dc.source" value="Reuters"/>
<dc element="dc.creator.location" value="TOKYO"/>
<dc element="dc.creator.location.country.name" value="JAPAN"/>
<dc element="dc.source" value="Reuters"/>
</metadata>
</newsitem>
