<?xml version="1.0" encoding="iso-8859-1" ?>
<newsitem itemid="769583" id="root" date="1997-07-31" xml:lang="en">
<title>USA: TABLE - Saxton Q2 results.</title>
<headline>TABLE - Saxton Q2 results.</headline>
<dateline>LAS VEGAS 1997-07-31</dateline>
<text>
<p>SAXTON INC.</p>
<p>				   AND COMBINED ENTITIES</p>
<p>			    Summarized Results of Operations</p>
<p>			(In thousands except for share amounts)</p>
<p>			  Three Months Ended     Six Months Ended</p>
<p>				 June 30,		  June 30,</p>
<p>			     1997	 1996	 1997	 1996</p>
<p>			     (unaudited)	     (unaudited)</p>
<p> Total revenue	$ 16,189   $ 10,026   $ 32,729   $ 21,206</p>
<p>Total costs of revenue</p>
<p>			    11,831	7,538     24,211     15,803</p>
<p> Operating income	3,167	1,291	6,247	3,526</p>
<p>Income before provision</p>
<p>  for income taxes     2,653	  548	4,994	2,176</p>
<p> Net income		1,709	  402	3,553	1,579</p>
<p>Net income per share</p>
<p>			    33 cts	8 cts     70 cts     32 cts</p>
<p>Weighted average shares</p>
<p>  outstanding	5,137,170  4,933,257  5,043,911  4,933,257</p>
</text>
<copyright>(c) Reuters Limited 1997</copyright>
<metadata>
<codes class="bip:countries:1.0">
  <code code="USA">
    <editdetail attribution="Reuters BIP Coding Group" action="confirmed" date="1997-07-31"/>
  </code>
</codes>
<codes class="bip:industries:1.0">
  <code code="I85000">
    <editdetail attribution="Reuters BIP Coding Group" action="confirmed" date="1997-07-31"/>
  </code>
  <code code="I8500031">
    <editdetail attribution="Reuters BIP Coding Group" action="confirmed" date="1997-07-31"/>
  </code>
</codes>
<codes class="bip:topics:1.0">
  <code code="C15">
    <editdetail attribution="Reuters BIP Coding Group" action="confirmed" date="1997-07-31"/>
  </code>
  <code code="C151">
    <editdetail attribution="Reuters BIP Coding Group" action="confirmed" date="1997-07-31"/>
  </code>
  <code code="CCAT">
    <editdetail attribution="Reuters BIP Coding Group" action="confirmed" date="1997-07-31"/>
  </code>
</codes>
<dc element="dc.date.created" value="1997-07-31"/>
<dc element="dc.publisher" value="Reuters Holdings Plc"/>
<dc element="dc.date.published" value="1997-07-31"/>
<dc element="dc.source" value="Reuters"/>
<dc element="dc.creator.location" value="LAS VEGAS"/>
<dc element="dc.creator.location.country.name" value="USA"/>
<dc element="dc.source" value="Reuters"/>
</metadata>
</newsitem>
