<?xml version="1.0" encoding="iso-8859-1" ?>
<newsitem itemid="468195" id="root" date="1997-03-26" xml:lang="en">
<title>USA: Cisco raised to buy at Josephthal.</title>
<headline>Cisco raised to buy at Josephthal.</headline>
<text>
<p>- Cisco Systems Inc was raised to a &quot;buy&quot; from &quot;hold&quot; at Josephthal Lyon &amp; Ross, said Larry Rice, director of research.</p>
<p>- The 37 percent decline in Cisco's stock in the past month &quot;more than adequately&quot; reflects concerns about possible slowing growth, Rice said.</p>
<p>- &quot;We think the stock is extremely undervalued at these levels,&quot; he said.</p>
<p>- Josephthal kept its earnings estimate for the current fiscal year at $2.05 a share. The estimate for next year also remains unchanged at $2.72.</p>
<p>- Cisco shares were up 1-7/8 at 49-3/4.</p>
</text>
<copyright>(c) Reuters Limited 1997</copyright>
<metadata>
<codes class="bip:countries:1.0">
  <code code="USA">
    <editdetail attribution="Reuters BIP Coding Group" action="confirmed" date="1997-03-26"/>
  </code>
</codes>
<codes class="bip:industries:1.0">
  <code code="I33020">
    <editdetail attribution="Reuters BIP Coding Group" action="confirmed" date="1997-03-26"/>
  </code>
  <code code="I3302004">
    <editdetail attribution="Reuters BIP Coding Group" action="confirmed" date="1997-03-26"/>
  </code>
</codes>
<codes class="bip:topics:1.0">
  <code code="C15">
    <editdetail attribution="Reuters BIP Coding Group" action="confirmed" date="1997-03-26"/>
  </code>
  <code code="C152">
    <editdetail attribution="Reuters BIP Coding Group" action="confirmed" date="1997-03-26"/>
  </code>
  <code code="CCAT">
    <editdetail attribution="Reuters BIP Coding Group" action="confirmed" date="1997-03-26"/>
  </code>
</codes>
<dc element="dc.publisher" value="Reuters Holdings Plc"/>
<dc element="dc.date.published" value="1997-03-26"/>
<dc element="dc.source" value="Reuters"/>
<dc element="dc.creator.location.country.name" value="USA"/>
<dc element="dc.source" value="Reuters"/>
</metadata>
</newsitem>
