<?xml version="1.0" encoding="iso-8859-1" ?>
<newsitem itemid="31928" id="root" date="1996-09-04" xml:lang="en">
<title>SINGAPORE: Electro appoints judicial managers.</title>
<headline>Electro appoints judicial managers.</headline>
<dateline>SINGAPORE 1996-09-04</dateline>
<text>
<p>Ailing video cassette maker Electro Magnetics said in a statement on Wednesday it had appointed Price Waterhouse as the interim judicial manager after Macon Holdings (Singapore) Pte Ltd aborted a rescue plan.</p>
<p>The statement said various parties had come forward with new rescue plans.</p>
<p>This warranted the appointment of Price waterhouse's Nicky Tan, Michael Lim and Deborah Ong to act as the interim managers until the next hearing for the petition which the company had successfully obtained, the statement said.</p>
<p>--Singapore newsroom (65 8703080) sbn ds</p>
</text>
<copyright>(c) Reuters Limited 1996</copyright>
<metadata>
<codes class="bip:countries:1.0">
  <code code="SINGP">
    <editdetail attribution="Reuters BIP Coding Group" action="confirmed" date="1996-09-04"/>
  </code>
</codes>
<codes class="bip:industries:1.0">
  <code code="I34520">
    <editdetail attribution="Reuters BIP Coding Group" action="confirmed" date="1996-09-04"/>
  </code>
</codes>
<codes class="bip:topics:1.0">
  <code code="C41">
    <editdetail attribution="Reuters BIP Coding Group" action="confirmed" date="1996-09-04"/>
  </code>
  <code code="C411">
    <editdetail attribution="Reuters BIP Coding Group" action="confirmed" date="1996-09-04"/>
  </code>
  <code code="CCAT">
    <editdetail attribution="Reuters BIP Coding Group" action="confirmed" date="1996-09-04"/>
  </code>
</codes>
<dc element="dc.date.created" value="1996-09-04"/>
<dc element="dc.publisher" value="Reuters Holdings Plc"/>
<dc element="dc.date.published" value="1996-09-04"/>
<dc element="dc.source" value="Reuters"/>
<dc element="dc.creator.location" value="SINGAPORE"/>
<dc element="dc.creator.location.country.name" value="SINGAPORE"/>
<dc element="dc.source" value="Reuters"/>
</metadata>
</newsitem>
