<?xml version="1.0" encoding="iso-8859-1" ?>
<newsitem itemid="475234" id="root" date="1997-03-29" xml:lang="en">
<title>KENYA: Kenyan bandits slay 57 people including policemen.</title>
<headline>Kenyan bandits slay 57 people including policemen.</headline>
<dateline>NAIROBI 1997-03-29</dateline>
<text>
<p>Bandits raided a remote Kenyan village last Sunday and gunned down 57 people, including 16 policemen rushed in to tackle them, a police statement said on Saturday.</p>
<p>The statement faxed to Reuters said seven more people were hospitalised after the attack in a village in the northeastern Marsabit district while 21 others were treated for minor wounds and discharged.</p>
</text>
<copyright>(c) Reuters Limited 1997</copyright>
<metadata>
<codes class="bip:countries:1.0">
  <code code="KENYA">
    <editdetail attribution="Reuters BIP Coding Group" action="confirmed" date="1997-03-29"/>
  </code>
</codes>
<codes class="bip:topics:1.0">
  <code code="GCAT">
    <editdetail attribution="Reuters BIP Coding Group" action="confirmed" date="1997-03-29"/>
  </code>
  <code code="GCRIM">
    <editdetail attribution="Reuters BIP Coding Group" action="confirmed" date="1997-03-29"/>
  </code>
</codes>
<dc element="dc.date.created" value="1997-03-29"/>
<dc element="dc.publisher" value="Reuters Holdings Plc"/>
<dc element="dc.date.published" value="1997-03-29"/>
<dc element="dc.source" value="Reuters"/>
<dc element="dc.creator.location" value="NAIROBI"/>
<dc element="dc.creator.location.country.name" value="KENYA"/>
<dc element="dc.source" value="Reuters"/>
</metadata>
</newsitem>
