<?xml version="1.0" encoding="iso-8859-1" ?>
<newsitem itemid="77118" id="root" date="1996-09-25" xml:lang="en">
<title>JAPAN: Computer Eng &amp; Cons - 6mth parent results.</title>
<headline>Computer Eng &amp; Cons - 6mth parent results.</headline>
<dateline>TOKYO 1996-09-25</dateline>
<text>
<p>Six months to July 31, 1996</p>
<p> (Parent)	(in billions of yen unless specified)</p>
<p> Sales		  9.86		vs	    8.88</p>
<p> Operating	  102    million    vs	  273    million</p>
<p> Current	     71    million    vs	  174    million</p>
<p> Net		   10    million    vs	   38    million</p>
<p> EPS		    0.61 yen	  vs	    2.24 yen</p>
<p> Shares	     17 million	  vs	  17 million</p>
<p> Interim div	   nil		vs	     nil</p>
<p>NOTE - Computer Engineering &amp; Consulting Ltd is a computer software development company.</p>
</text>
<copyright>(c) Reuters Limited 1996</copyright>
<metadata>
<codes class="bip:countries:1.0">
  <code code="JAP">
    <editdetail attribution="Reuters BIP Coding Group" action="confirmed" date="1996-09-25"/>
  </code>
</codes>
<codes class="bip:industries:1.0">
  <code code="I83940">
    <editdetail attribution="Reuters BIP Coding Group" action="confirmed" date="1996-09-25"/>
  </code>
</codes>
<codes class="bip:topics:1.0">
  <code code="C15">
    <editdetail attribution="Reuters BIP Coding Group" action="confirmed" date="1996-09-25"/>
  </code>
  <code code="C151">
    <editdetail attribution="Reuters BIP Coding Group" action="confirmed" date="1996-09-25"/>
  </code>
  <code code="CCAT">
    <editdetail attribution="Reuters BIP Coding Group" action="confirmed" date="1996-09-25"/>
  </code>
</codes>
<dc element="dc.date.created" value="1996-09-25"/>
<dc element="dc.publisher" value="Reuters Holdings Plc"/>
<dc element="dc.date.published" value="1996-09-25"/>
<dc element="dc.source" value="Reuters"/>
<dc element="dc.creator.location" value="TOKYO"/>
<dc element="dc.creator.location.country.name" value="JAPAN"/>
<dc element="dc.source" value="Reuters"/>
</metadata>
</newsitem>
