<?xml version="1.0" encoding="iso-8859-1" ?>
<newsitem itemid="626415" id="root" date="1997-05-30" xml:lang="en">
<title>HUNGARY: Hungary's BUBOR rates remain broadly unchanged.</title>
<headline>Hungary's BUBOR rates remain broadly unchanged.</headline>
<dateline>BUDAPEST 1997-05-30</dateline>
<text>
<p>Hungary's Budapest Interbank Offered Rates (BUBOR) remained steady for all the one-, three- and six-month maturities, the National Bank of Hungary said on Friday on its  BUBOR Reuters page.</p>
<p>The one-month rate was set at 21.28 percent, the three-month rate at 21.15 percent and the six-month rate at 21.01 percent.</p>
<p>-- Budapest newsroom +36 1 327 4040</p>
</text>
<copyright>(c) Reuters Limited 1997</copyright>
<metadata>
<codes class="bip:countries:1.0">
  <code code="HUNG">
    <editdetail attribution="Reuters BIP Coding Group" action="confirmed" date="1997-05-30"/>
  </code>
</codes>
<codes class="bip:topics:1.0">
  <code code="M13">
    <editdetail attribution="Reuters BIP Coding Group" action="confirmed" date="1997-05-30"/>
  </code>
  <code code="M131">
    <editdetail attribution="Reuters BIP Coding Group" action="confirmed" date="1997-05-30"/>
  </code>
  <code code="MCAT">
    <editdetail attribution="Reuters BIP Coding Group" action="confirmed" date="1997-05-30"/>
  </code>
</codes>
<dc element="dc.date.created" value="1997-05-30"/>
<dc element="dc.publisher" value="Reuters Holdings Plc"/>
<dc element="dc.date.published" value="1997-05-30"/>
<dc element="dc.source" value="Reuters"/>
<dc element="dc.creator.location" value="BUDAPEST"/>
<dc element="dc.creator.location.country.name" value="HUNGARY"/>
<dc element="dc.source" value="Reuters"/>
</metadata>
</newsitem>
