<?xml version="1.0" encoding="iso-8859-1" ?>
<newsitem itemid="790106" id="root" date="1997-08-10" xml:lang="en">
<title>DUBAI: Abu Dhabi firm gets 25-year free zone concession.</title>
<headline>Abu Dhabi firm gets 25-year free zone concession.</headline>
<dateline>DUBAI 1997-08-10</dateline>
<text>
<p>Abu Dhabi's Saadiyat Free Zone Authority (AZH) said on Sunday it had awarded a newly founded company a 25-year concession to build and operate the $3.3 billon zone.</p>
<p>&quot;The Project Development Company (PDC) will be capitalised with $3.3 billion of shareholders equity, a significant portion of which will be offered to domestic and international investors,&quot; said a statement by AZH, the state-owned regulatory body said.</p>
<p>It said PDC will offer shares locally and on the international market.</p>
<p>Nomura International will act as underwriter and global coordinator of the company's IPO which AZH said earlier it would be in September.</p>
<p>The zone, which  will be built on the island of Saadiyat, east of Abu Dhabi city, will specialise in storage, transport and trading of commodities. The plan includes setting up trading floors and exchanges to deal in various stored goods.</p>
</text>
<copyright>(c) Reuters Limited 1997</copyright>
<metadata>
<codes class="bip:countries:1.0">
  <code code="UAE">
    <editdetail attribution="Reuters BIP Coding Group" action="confirmed" date="1997-08-10"/>
  </code>
</codes>
<codes class="bip:topics:1.0">
  <code code="C11">
    <editdetail attribution="Reuters BIP Coding Group" action="confirmed" date="1997-08-10"/>
  </code>
  <code code="C13">
    <editdetail attribution="Reuters BIP Coding Group" action="confirmed" date="1997-08-10"/>
  </code>
  <code code="CCAT">
    <editdetail attribution="Reuters BIP Coding Group" action="confirmed" date="1997-08-10"/>
  </code>
</codes>
<dc element="dc.date.created" value="1997-08-10"/>
<dc element="dc.publisher" value="Reuters Holdings Plc"/>
<dc element="dc.date.published" value="1997-08-10"/>
<dc element="dc.source" value="Reuters"/>
<dc element="dc.creator.location" value="DUBAI"/>
<dc element="dc.creator.location.country.name" value="DUBAI"/>
<dc element="dc.source" value="Reuters"/>
</metadata>
</newsitem>
