<?xml version="1.0" encoding="iso-8859-1" ?>
<newsitem itemid="573512" id="root" date="1997-05-09" xml:lang="en">
<title>NEW ZEALAND: ANZ, Postbank cut NZ fixed mortgage rates.</title>
<headline>ANZ, Postbank cut NZ fixed mortgage rates.</headline>
<dateline>WELLINGTON 1997-05-09</dateline>
<text>
<p>ANZ and Postbank on Friday announced cuts to their fixed home lending rates.</p>
<p>The banks' one year rate drops to 8.7 percent from 8.95 percent, while the six month fixed rate falls to 8.35 percent from 8.75 percent.  </p>
<p>The two year fixed rate is now 9.6 percent, down from 9.75 percent, while the three and five year rate are now 9.7 percent and 9.9 percent respectively, both down from 9.95 percent.</p>
<p>The bank did not announce a cut in its variable lending rate in the statement.</p>
<p>--Wellington Newsroom (64 4) 4734746</p>
</text>
<copyright>(c) Reuters Limited 1997</copyright>
<metadata>
<codes class="bip:countries:1.0">
  <code code="AUSTR">
    <editdetail attribution="Reuters BIP Coding Group" action="confirmed" date="1997-05-09"/>
  </code>
  <code code="NZ">
    <editdetail attribution="Reuters BIP Coding Group" action="confirmed" date="1997-05-09"/>
  </code>
</codes>
<codes class="bip:industries:1.0">
  <code code="I81402">
    <editdetail attribution="Reuters BIP Coding Group" action="confirmed" date="1997-05-09"/>
  </code>
  <code code="I81501">
    <editdetail attribution="Reuters BIP Coding Group" action="confirmed" date="1997-05-09"/>
  </code>
  <code code="I8150103">
    <editdetail attribution="Reuters BIP Coding Group" action="confirmed" date="1997-05-09"/>
  </code>
</codes>
<codes class="bip:topics:1.0">
  <code code="C31">
    <editdetail attribution="Reuters BIP Coding Group" action="confirmed" date="1997-05-09"/>
  </code>
  <code code="CCAT">
    <editdetail attribution="Reuters BIP Coding Group" action="confirmed" date="1997-05-09"/>
  </code>
</codes>
<dc element="dc.date.created" value="1997-05-09"/>
<dc element="dc.publisher" value="Reuters Holdings Plc"/>
<dc element="dc.date.published" value="1997-05-09"/>
<dc element="dc.source" value="Reuters"/>
<dc element="dc.creator.location" value="WELLINGTON"/>
<dc element="dc.creator.location.country.name" value="NEW ZEALAND"/>
<dc element="dc.source" value="Reuters"/>
</metadata>
</newsitem>
