<?xml version="1.0" encoding="iso-8859-1" ?>
<newsitem itemid="328298" id="root" date="1997-01-23" xml:lang="en">
<title>USA: RESEARCH ALERT - PaineWebber ups Teradyne.</title>
<headline>RESEARCH ALERT - PaineWebber ups Teradyne.</headline>
<text>
<p>-- PaineWebber analyst Gunnar Miller said he upgraded Teradyne Inc to buy from attractive based on the stock's recent price weakness and optimism about the company's longer-term outlook.</p>
<p>-- The analyst brushed aside comments the company had made after the release of its fourth quarter earnings Tuesday that it expected orders in the first quarter to fall sequentially to $250 million from the fourth quarter's $303 million.</p>
<p>-- &quot;We think the forward outlook is better,&quot; Miller said. &quot;We are dealing with a timing issue.&quot;  </p>
<p>-- He said he raised earnings estimates for the 1997 year to $1.45 per share from $1.00 previously and established a $2.45 per share estimate for 1998.</p>
<p>-- He said he boosted his share price target to $38 from the &quot;low-$30s.&quot;</p>
<p>-- Teradyne shares had declined 1-1/2 points since Tuesday's earnings report. &quot;We thought that was a good opportunity to get more aggresive on the stock,&quot; he said.</p>
<p>-- But Teradyne stock bounced back Thursday, trading up 1/5/8 on the day by mid-morning at 29-1/4.</p>
<p>-- E. Auchard, Wall Street bureau, 212-859-1736</p>
</text>
<copyright>(c) Reuters Limited 1997</copyright>
<metadata>
<codes class="bip:countries:1.0">
  <code code="USA">
    <editdetail attribution="Reuters BIP Coding Group" action="confirmed" date="1997-01-23"/>
  </code>
</codes>
<codes class="bip:industries:1.0">
  <code code="I34420">
    <editdetail attribution="Reuters BIP Coding Group" action="confirmed" date="1997-01-23"/>
  </code>
</codes>
<codes class="bip:topics:1.0">
  <code code="C15">
    <editdetail attribution="Reuters BIP Coding Group" action="confirmed" date="1997-01-23"/>
  </code>
  <code code="C152">
    <editdetail attribution="Reuters BIP Coding Group" action="confirmed" date="1997-01-23"/>
  </code>
  <code code="CCAT">
    <editdetail attribution="Reuters BIP Coding Group" action="confirmed" date="1997-01-23"/>
  </code>
</codes>
<dc element="dc.publisher" value="Reuters Holdings Plc"/>
<dc element="dc.date.published" value="1997-01-23"/>
<dc element="dc.source" value="Reuters"/>
<dc element="dc.creator.location.country.name" value="USA"/>
<dc element="dc.source" value="Reuters"/>
</metadata>
</newsitem>
