<?xml version="1.0" encoding="iso-8859-1" ?>
<newsitem itemid="515927" id="root" date="1997-04-17" xml:lang="en">
<title>USA: Xicor says plans Q2 inventory increase.</title>
<headline>Xicor says plans Q2 inventory increase.</headline>
<dateline>MILPITAS, Calif. 1997-04-17</dateline>
<text>
<p>Xicor Inc said Thursday that it plans further inventory increases in the second quarter and its customers are optimistic about the second half of the year.</p>
<p>&quot;Many customers worldwide, including Japan, have recently expressed an optimistic outlook for the second half of 1997,&quot; said president Raphael Klein.</p>
<p>&quot;In light of these indications, we plan to further increase our inventories during the second quarter despite the risks associated with higher inventories.  We believe that this business decision will allow us to effectively respond to orders requiring quick deliveries, which are needed to increase sales in the second quarter and the balance of the year,&quot; he said.</p>
<p>Klein said orders in the first quarter of 1997 increased substantially relative to the fourth quarter of 1996.</p>
</text>
<copyright>(c) Reuters Limited 1997</copyright>
<metadata>
<codes class="bip:countries:1.0">
  <code code="USA">
    <editdetail attribution="Reuters BIP Coding Group" action="confirmed" date="1997-04-17"/>
  </code>
</codes>
<codes class="bip:industries:1.0">
  <code code="I34531">
    <editdetail attribution="Reuters BIP Coding Group" action="confirmed" date="1997-04-17"/>
  </code>
</codes>
<codes class="bip:topics:1.0">
  <code code="C24">
    <editdetail attribution="Reuters BIP Coding Group" action="confirmed" date="1997-04-17"/>
  </code>
  <code code="C31">
    <editdetail attribution="Reuters BIP Coding Group" action="confirmed" date="1997-04-17"/>
  </code>
  <code code="CCAT">
    <editdetail attribution="Reuters BIP Coding Group" action="confirmed" date="1997-04-17"/>
  </code>
</codes>
<dc element="dc.date.created" value="1997-04-17"/>
<dc element="dc.publisher" value="Reuters Holdings Plc"/>
<dc element="dc.date.published" value="1997-04-17"/>
<dc element="dc.source" value="Reuters"/>
<dc element="dc.creator.location" value="MILPITAS, Calif."/>
<dc element="dc.creator.location.country.name" value="USA"/>
<dc element="dc.source" value="Reuters"/>
</metadata>
</newsitem>
