<?xml version="1.0" encoding="iso-8859-1" ?>
<newsitem itemid="766641" id="root" date="1997-07-30" xml:lang="en">
<title>USA: KCBT HRW wheat ends lower, late rally cuts decline.</title>
<headline>KCBT HRW wheat ends lower, late rally cuts decline.</headline>
<dateline>KANSAS CITY, Mo. 1997-07-30</dateline>
<text>
<p>KCBT hard red winter wheat futures closed lower, but a late rebound from a technical support point trimmed declines, traders said.</p>
<p>September wheat slid to a session low of $3.60-1/2 per bushel in reaction to declines in CBOT soybeans and wheat futures markets, traders said. The $3.60-1/2 was the lowest September futures price since $3.57-1/2 was posted on July 22.</p>
<p>Profit taking plus buying of CBOT corn against selling of KCBT wheat weighed on KCBT wheat since midsession.</p>
<p>KCBT wheat traded higher early in reaction to reports of disease problems in North Dakota's spring wheat and to early gains in CBOT corn and soybean futures.</p>
<p>News of upcoming wheat tenders by Jordan and Morocco was anticipated and had little influence on prices, traders said.</p>
<p>KCBT HRW wheat closed down 1-1/2 to three cents with September off 2-1/2 at $3.64-1/2 per bushel.</p>
<p>Estimated volume was 31.43 million bushels.</p>
<p>((Chicago newsdesk 312-408-8720))</p>
</text>
<copyright>(c) Reuters Limited 1997</copyright>
<metadata>
<codes class="bip:countries:1.0">
  <code code="USA">
    <editdetail attribution="Reuters BIP Coding Group" action="confirmed" date="1997-07-30"/>
  </code>
</codes>
<codes class="bip:topics:1.0">
  <code code="M14">
    <editdetail attribution="Reuters BIP Coding Group" action="confirmed" date="1997-07-30"/>
  </code>
  <code code="M141">
    <editdetail attribution="Reuters BIP Coding Group" action="confirmed" date="1997-07-30"/>
  </code>
  <code code="MCAT">
    <editdetail attribution="Reuters BIP Coding Group" action="confirmed" date="1997-07-30"/>
  </code>
</codes>
<dc element="dc.date.created" value="1997-07-30"/>
<dc element="dc.publisher" value="Reuters Holdings Plc"/>
<dc element="dc.date.published" value="1997-07-30"/>
<dc element="dc.source" value="Reuters"/>
<dc element="dc.creator.location" value="KANSAS CITY, Mo."/>
<dc element="dc.creator.location.country.name" value="USA"/>
<dc element="dc.source" value="Reuters"/>
</metadata>
</newsitem>
