<?xml version="1.0" encoding="iso-8859-1" ?>
<newsitem itemid="651513" id="root" date="1997-06-10" xml:lang="en">
<title>AUSTRALIA: Top 100 Australia companies by capitalisation.</title>
<headline>Top 100 Australia companies by capitalisation.</headline>
<dateline>SYDNEY 1997-06-10</dateline>
<text>
<p>Top 100 companies ranked by market capitalisation based on Friday's closing price.</p>
<p>Rank</p>
<p>This Last		     Mkt Cap   Last  Year   Year</p>
<p>Week Week  Name	    A$'000,000 Trade  High   Low</p>
<p>1    1  Broken Hill Pty   37356   18.72  19.42  16.45</p>
<p>2    2  Natl Aust Bank    27904   18.77  19.02  14.37</p>
<p>3    4  A N Z Bank	  13775    9.09   9.30   7.56</p>
<p>4    3  Rio Tinto	   13613   20.85  21.96  18.15</p>
<p>5    5  Commonwealth Bk   13385   14.21  14.82  11.94</p>
<p>6    6  Westpac Bkg	 12771    7.17   7.90   6.43</p>
<p>7    7  News Corp	   11254    5.76   7.11   5.63</p>
<p>8    8  WMC		    9251    8.23   8.56   7.50</p>
<p>9    9  Coca-Cola Am	 8581   15.40  16.10  11.00</p>
<p>10  10  Woodside Petrolm   7360   11.04  11.65   8.55</p>
<p>11  11  Coles Myer	   6902    6.30   6.46   4.93</p>
<p>12  12  Lend Lease Corp    6488   25.99  26.75  21.08</p>
<p>13  14  Carter Holt	  5515    3.25   3.25   2.55</p>
<p>14  13  Amcor		  5404    8.47   8.87   7.79</p>
<p>15  15  Brambles Inds	5247   23.55  24.70  19.50</p>
<p>16  16  Fosters Brew Grp   5064    2.53   2.74   2.47</p>
<p>17  17  CSR		    4845    4.79   5.00   4.25</p>
<p>18  18  Boral		  4643    4.06   4.27   3.36</p>
<p>19  19  Woolworths	   4494    4.00   4.19   2.99</p>
<p>20  21  Pioneer Intl	 4041    4.53   4.59   3.50</p>
<p>21  20  Comalco		3924    7.00   7.46   6.10</p>
<p>22  22  Pacific Dunlop     3734    3.64   3.82   3.00</p>
<p>23  23  North Limited	3624    5.00   5.07   3.55</p>
<p>24  24  I C I Aust	   3602   12.05  13.40  10.80</p>
<p>25  26  Publish Broadcst   3513    6.95   7.19   5.82</p>
<p>26  25  St George Bank     3462    7.86   8.28   7.20</p>
<p>27  28  Brierley Invs	3347    1.24   1.27   1.11</p>
<p>28  34  Santos		 3327    5.50   5.65   4.39</p>
<p>29  27  National Mutual    3252    1.89   2.10   1.69</p>
<p>30  30  Qantas		 3191    2.86   2.89   2.05</p>
<p>31  29  M.I.M. Hlds	  3047    1.85   1.98   1.61</p>
<p>32  33  Westfield Trust    2943    2.51   2.54   2.32</p>
<p>33  31  Southcorp Hldgs    2941    4.87   4.95   3.86</p>
<p>34  32  Wesfarmers	   2852   11.90  12.41   8.62</p>
<p>35  35  Gen Prop Tr	  2802    2.44   2.54   2.32</p>
<p>36  36  Normandy Min	 2642    1.63   1.85   1.54</p>
<p>37  37  John Fairfax	 2519    3.30   3.32   2.75</p>
<p>38  39  Westfield Hlds     2461   25.10  25.35  19.60</p>
<p>39  38  Mayne Nickless     2379    7.53   8.58   7.40</p>
<p>40  40  GIO Australian     2351    3.84   4.00   3.14</p>
<p>41  42  Aust Gas Light     2313    7.89   8.08   6.65</p>
<p>42  43  Howard Smith	 2308   12.40  12.40   9.76</p>
<p>43  41  QBE Insurance	2294    7.75   7.98   6.08</p>
<p>44  45  Goodman Fielder    2221    1.76   1.78   1.47</p>
<p>45  44  Pasminco	     2147    2.69   2.79   1.89</p>
<p>46  46  Tabcorp Holdings   1963    6.48   6.65   5.55</p>
<p>47  47  Colonial	     1892    3.29   3.39   3.21</p>
<p>48  48  Lion Nathan Ltd    1840    3.36   3.40   2.80</p>
<p>49  52  Oil Search	   1638    3.46   3.52   2.37</p>
<p>50  50  Hardie Inds	  1608    4.05   4.27   3.50</p>
<p>51  49  Seven Network	1594    5.45   5.80   4.05</p>
<p>52  53  Crown		  1585    2.18   2.80   1.91</p>
<p>53  51  Leighton Hlds	1567    6.04   6.15   4.93</p>
<p>54  54  Macquarie Bank     1491    9.85  10.05   8.07</p>
<p>55  55  Aust Foundation    1469    2.52   2.60   2.01</p>
<p>56  61  Suncorp-Metway     1228    6.40   6.47   5.36</p>
<p>57  59  Email		  1212    4.08   4.42   3.67</p>
<p>58  57  A Natl Inds	  1205    1.52   1.60   1.18</p>
<p>59  56  Bk Of Melbourne    1205    9.09   9.75   8.01</p>
<p>60  58  Arnotts		1197    8.60   9.01   8.26</p>
<p>61  60  Soul Pattinson     1169   49.00  59.50  47.00</p>
<p>62  62  West Aust News     1109    5.77   5.95   5.01</p>
<p>63  64  Stockland Tr Grp   1085    3.31   3.36   3.09</p>
<p>64  68  CSL Limited	  1076    8.26   8.36   5.68</p>
<p>65  70  Orogen Minerals    1072    3.80   3.82   2.76</p>
<p>66  66  Renison Goldflds   1059    5.05   5.55   4.40</p>
<p>67  63  QNI Ltd		1043    2.52   2.76   2.27</p>
<p>68  69  Burns,Philp &amp; Co   1040    1.98   2.24   1.67</p>
<p>69  67  QCT Resources	1025    1.58   1.81   1.51</p>
<p>70  65  Rothmans		975    8.00   9.20   7.70</p>
<p>71  73  Winterthur Intl     972    3.09   3.30   2.68</p>
<p>72  72  Village Roadshow    961    4.75   5.25   4.01</p>
<p>73  71  FH Faulding	   931    7.40   8.70   7.16</p>
<p>74  74  Lihir Gold	    910    2.35   2.44   1.98</p>
<p>75  78  Weston (George)     905    8.35   9.10   7.25</p>
<p>76  76  Plutonic Rsc	  900    4.75   5.95   4.50</p>
<p>77  77  Franked Incm-Un     886    3.66   3.79   2.52</p>
<p>78  79  Futuris Corp	  875    2.04   2.14   1.70</p>
<p>79  80  Capral Aliminium    861    4.63   4.90   3.75</p>
<p>80  84  Caltex Aust	   835    4.65   4.65   4.14</p>
<p>81  81  Energy Rsc	    836    5.80   6.15   5.50</p>
<p>82  75  PMP Comms	     831    3.30   3.69   2.98</p>
<p>83  83  Amalgamated Hlds    830    7.00   7.24   5.60</p>
<p>84  82  Syd Hrbr Casino     826    2.13   2.45   1.84</p>
<p>85  86  Schroder Prop	 813    2.20   2.39   2.11</p>
<p>86  87  Aust Con Inv	  799    0.67   0.74   0.39</p>
<p>87  88  Newcrest Mining     781    3.27   5.40   3.21</p>
<p>88  90  Argo Inv		781    3.23   3.25   2.66</p>
<p>89  85  Foodland		781    8.10   8.40   5.90</p>
<p>90  91  Hoyts Cinemas	 733    3.00   3.05   2.50</p>
<p>91  94  Simsmetal Ltd	 730    9.10   9.35   6.98</p>
<p>92  93  Jupiters Ltd	  729    3.04   3.06   2.48</p>
<p>93  89  Cortecs Intl	  728    5.00   5.90   3.70</p>
<p>94  97  David Jones	   706    1.84   1.84   1.45</p>
<p>95  98  Gandel Retail Tr    701    0.97   0.98   0.86</p>
<p>96  92  Incitec		 698    6.74   6.90   5.93</p>
<p>97 102  Pacific BBA	   692    5.22   5.25   4.19</p>
<p>98  99  Harvey Norman	 670    7.00   7.24   5.70</p>
<p>99 100  Resolute Sam	  667    2.58   3.12   2.34</p>
<p>100 95  Reinsurance Aust    662    3.93   4.94   3.60</p>
<p>--Sydney Newsroom 61-2 373 1800</p>
</text>
<copyright>(c) Reuters Limited 1997</copyright>
<metadata>
<codes class="bip:countries:1.0">
  <code code="AUSTR">
    <editdetail attribution="Reuters BIP Coding Group" action="confirmed" date="1997-06-10"/>
  </code>
</codes>
<codes class="bip:industries:1.0">
  <code code="I02000">
    <editdetail attribution="Reuters BIP Coding Group" action="confirmed" date="1997-06-10"/>
  </code>
  <code code="I13000">
    <editdetail attribution="Reuters BIP Coding Group" action="confirmed" date="1997-06-10"/>
  </code>
  <code code="I1300003">
    <editdetail attribution="Reuters BIP Coding Group" action="confirmed" date="1997-06-10"/>
  </code>
  <code code="I21000">
    <editdetail attribution="Reuters BIP Coding Group" action="confirmed" date="1997-06-10"/>
  </code>
  <code code="I24000">
    <editdetail attribution="Reuters BIP Coding Group" action="confirmed" date="1997-06-10"/>
  </code>
  <code code="I42700">
    <editdetail attribution="Reuters BIP Coding Group" action="confirmed" date="1997-06-10"/>
  </code>
  <code code="I42800">
    <editdetail attribution="Reuters BIP Coding Group" action="confirmed" date="1997-06-10"/>
  </code>
  <code code="I47100">
    <editdetail attribution="Reuters BIP Coding Group" action="confirmed" date="1997-06-10"/>
  </code>
  <code code="I47500">
    <editdetail attribution="Reuters BIP Coding Group" action="confirmed" date="1997-06-10"/>
  </code>
  <code code="I64100">
    <editdetail attribution="Reuters BIP Coding Group" action="confirmed" date="1997-06-10"/>
  </code>
  <code code="I65600">
    <editdetail attribution="Reuters BIP Coding Group" action="confirmed" date="1997-06-10"/>
  </code>
  <code code="I6560002">
    <editdetail attribution="Reuters BIP Coding Group" action="confirmed" date="1997-06-10"/>
  </code>
  <code code="I81402">
    <editdetail attribution="Reuters BIP Coding Group" action="confirmed" date="1997-06-10"/>
  </code>
  <code code="I83960">
    <editdetail attribution="Reuters BIP Coding Group" action="confirmed" date="1997-06-10"/>
  </code>
  <code code="I85000">
    <editdetail attribution="Reuters BIP Coding Group" action="confirmed" date="1997-06-10"/>
  </code>
</codes>
<codes class="bip:topics:1.0">
  <code code="C15">
    <editdetail attribution="Reuters BIP Coding Group" action="confirmed" date="1997-06-10"/>
  </code>
  <code code="C151">
    <editdetail attribution="Reuters BIP Coding Group" action="confirmed" date="1997-06-10"/>
  </code>
  <code code="CCAT">
    <editdetail attribution="Reuters BIP Coding Group" action="confirmed" date="1997-06-10"/>
  </code>
</codes>
<dc element="dc.date.created" value="1997-06-10"/>
<dc element="dc.publisher" value="Reuters Holdings Plc"/>
<dc element="dc.date.published" value="1997-06-10"/>
<dc element="dc.source" value="Reuters"/>
<dc element="dc.creator.location" value="SYDNEY"/>
<dc element="dc.creator.location.country.name" value="AUSTRALIA"/>
<dc element="dc.source" value="Reuters"/>
</metadata>
</newsitem>
