<?xml version="1.0" encoding="iso-8859-1" ?>
<newsitem itemid="115754" id="root" date="1996-10-14" xml:lang="en">
<title>NETHERLANDS: Dutch PTT keeps TNT bid unchanged.</title>
<headline>Dutch PTT keeps TNT bid unchanged.</headline>
<dateline>THE HAGUE 1996-10-14</dateline>
<text>
<p>Dutch post and telecoms group Koninklijke PTT Nederland NV said it would send offer documents to shareholders of TNT Ltd on Monday and that the terms of its offer remained unchanged from those announced on October 2.</p>
<p>PTT Nederland said on October 2 that it would pay A$2.45 per ordinary share for TNT in a deal valuing the Australian transport group at about A$2.0 billion.  </p>
<p>&quot;KPN and TNT announce that KPN is today dispatching offer documentation to TNT ordinary and converting preference shareholders,&quot; PTT Nederland (KPN) said in a statement.</p>
<p>The documents include acceptance forms for the offer which expires on November 19, it added.</p>
<p>A footnote to the statement said the terms laid out in the offer documents did not differ from those originally announced.</p>
<p>PTT Nederland is offering A$2.45 in cash for each ordinary share and A$2.45 in cash plus 6.2 cents TNT dividend for each converting preference share.  </p>
<p>Bankers Trust Australia (BTA) -- with a stake of 19.99 percent in TNT -- said last week that the PTT Nederland offer was at the lower end of what it believed the shares were worth and declined to comment on whether it would accept the offer.</p>
<p>This had prompted some speculation that the Dutch company might be forced to raise its bid.</p>
<p>PTT Nederland said when it originally announced its offer that it represented a 48 percent premium over TNT's market capitalisation prior to the offer. The offer has been unanimously recommended to shareholders by TNT's board.</p>
<p>-- Amsterdam newsroom +31 20 504 5000, Fax +31 20 504 5040</p>
</text>
<copyright>(c) Reuters Limited 1996</copyright>
<metadata>
<codes class="bip:countries:1.0">
  <code code="AUSTR">
    <editdetail attribution="Reuters BIP Coding Group" action="confirmed" date="1996-10-14"/>
  </code>
  <code code="NETH">
    <editdetail attribution="Reuters BIP Coding Group" action="confirmed" date="1996-10-14"/>
  </code>
</codes>
<codes class="bip:industries:1.0">
  <code code="I79020">
    <editdetail attribution="Reuters BIP Coding Group" action="confirmed" date="1996-10-14"/>
  </code>
</codes>
<codes class="bip:topics:1.0">
  <code code="C18">
    <editdetail attribution="Reuters BIP Coding Group" action="confirmed" date="1996-10-14"/>
  </code>
  <code code="C181">
    <editdetail attribution="Reuters BIP Coding Group" action="confirmed" date="1996-10-14"/>
  </code>
  <code code="CCAT">
    <editdetail attribution="Reuters BIP Coding Group" action="confirmed" date="1996-10-14"/>
  </code>
</codes>
<dc element="dc.date.created" value="1996-10-14"/>
<dc element="dc.publisher" value="Reuters Holdings Plc"/>
<dc element="dc.date.published" value="1996-10-14"/>
<dc element="dc.source" value="Reuters"/>
<dc element="dc.creator.location" value="THE HAGUE"/>
<dc element="dc.creator.location.country.name" value="NETHERLANDS"/>
<dc element="dc.source" value="Reuters"/>
</metadata>
</newsitem>
