<?xml version="1.0" encoding="iso-8859-1" ?>
<newsitem itemid="35451" id="root" date="1996-09-05" xml:lang="en">
<title>SRI LANKA: Sri Lanka John up 3.9 pct on foreign buying.</title>
<headline>Sri Lanka John up 3.9 pct on foreign buying.</headline>
<dateline>COLOMBO 1996-09-05</dateline>
<text>
<p>John Keells Holdings shares rose 3.9 percent, or 6.25 rupees, to 166.25 rupees on foreign buying of 50,300 shares in late Thursday morning trading, brokers said.</p>
<p>John Keells is a holding company for one of the three biggest conglomerates listed in Colombo.</p>
</text>
<copyright>(c) Reuters Limited 1996</copyright>
<metadata>
<codes class="bip:countries:1.0">
  <code code="SRILAN">
    <editdetail attribution="Reuters BIP Coding Group" action="confirmed" date="1996-09-05"/>
  </code>
</codes>
<codes class="bip:topics:1.0">
  <code code="C15">
    <editdetail attribution="Reuters BIP Coding Group" action="confirmed" date="1996-09-05"/>
  </code>
  <code code="C152">
    <editdetail attribution="Reuters BIP Coding Group" action="confirmed" date="1996-09-05"/>
  </code>
  <code code="CCAT">
    <editdetail attribution="Reuters BIP Coding Group" action="confirmed" date="1996-09-05"/>
  </code>
</codes>
<dc element="dc.date.created" value="1996-09-05"/>
<dc element="dc.publisher" value="Reuters Holdings Plc"/>
<dc element="dc.date.published" value="1996-09-05"/>
<dc element="dc.source" value="Reuters"/>
<dc element="dc.creator.location" value="COLOMBO"/>
<dc element="dc.creator.location.country.name" value="SRI LANKA"/>
<dc element="dc.source" value="Reuters"/>
</metadata>
</newsitem>
