<?xml version="1.0" encoding="iso-8859-1" ?>
<newsitem itemid="406362" id="root" date="1997-02-27" xml:lang="en">
<title>USA: Western Wireless Corp Q4 loss.</title>
<headline>Western Wireless Corp Q4 loss.</headline>
<dateline>ISSAQUAH, Wash. 1997-02-27</dateline>
<text>
<p>(Dollars in thousands, except-per share data)</p>
<p>			    Three months ended	Year ended</p>
<p>				   Dec. 31,		 Dec. 31,</p>
<p>				 1996	 1995	1996	1995</p>
<p>Revenues:</p>
<p>   Subscriber revenues$ 54,566   $ 32,413  $182,441  $105,430</p>
<p>   Roamer revenues	 7,775	8,040    34,065    29,660</p>
<p>Equipment sales and other</p>
<p>    revenue		  8,801	3,285    26,579    11,465</p>
<p>     Total revenues     71,142     43,738   243,085   146,555</p>
<p>Operating expenses:</p>
<p>   Cost of service	19,068	7,796    53,600    27,686</p>
<p>Cost of equipment sales</p>
<p>				18,110	6,423    46,305    20,705</p>
<p>General and administrative</p>
<p>				20,707     10,280    66,673    31,253</p>
<p>   Sales and marketing  26,765     14,197    83,652    41,390</p>
<p>Depreciation and amortization</p>
<p>				22,226     13,439    79,741    49,456</p>
<p>Total operating expenses</p>
<p>			     106,876     52,135   329,971   170,490</p>
<p> Operating loss	 (35,734)    (8,397)  (86,886)  (23,935)</p>
<p>Other income (expense):</p>
<p>Interest and financing</p>
<p>    expense, net	(16,102)    (7,168)  (44,690)  (25,428)</p>
<p>   Other, net		  506	  (1)     1,471	  54</p>
<p>Total other</p>
<p>income (expense)</p>
<p>			    (15,596)    (7,169)  (43,219)  (25,374)</p>
<p>Loss before extraordinary item</p>
<p>			   (51,33O)   (15,566)  (130,105)  (49,309)</p>
<p>Extraordinary loss on early</p>
<p>extinguishment of debt</p>
<p>									(6,645)</p>
<p>     Net loss	   (51,330)   (15,566) (130,105)  (55,954)</p>
<p>Loss per common share before</p>
<p>  extraordinary item    (0.74)     (0.26)    (2.00)    (0.87)</p>
<p>Per common share effect of</p>
<p>  extraordinary item					     (0.12)</p>
<p>Net loss per common share</p>
<p>				(0.74)     (0.26)    (2.00)    (0.99)</p>
<p>Weighted average common shares</p>
<p>and common equivalent shares</p>
<p>outstanding	 69,586,000  59,384,000  65,196,000  56,467,000</p>
</text>
<copyright>(c) Reuters Limited 1997</copyright>
<metadata>
<codes class="bip:countries:1.0">
  <code code="USA">
    <editdetail attribution="Reuters BIP Coding Group" action="confirmed" date="1997-02-27"/>
  </code>
</codes>
<codes class="bip:industries:1.0">
  <code code="I34400">
    <editdetail attribution="Reuters BIP Coding Group" action="confirmed" date="1997-02-27"/>
  </code>
</codes>
<codes class="bip:topics:1.0">
  <code code="C15">
    <editdetail attribution="Reuters BIP Coding Group" action="confirmed" date="1997-02-27"/>
  </code>
  <code code="C151">
    <editdetail attribution="Reuters BIP Coding Group" action="confirmed" date="1997-02-27"/>
  </code>
  <code code="C1511">
    <editdetail attribution="Reuters BIP Coding Group" action="confirmed" date="1997-02-27"/>
  </code>
  <code code="CCAT">
    <editdetail attribution="Reuters BIP Coding Group" action="confirmed" date="1997-02-27"/>
  </code>
</codes>
<dc element="dc.date.created" value="1997-02-27"/>
<dc element="dc.publisher" value="Reuters Holdings Plc"/>
<dc element="dc.date.published" value="1997-02-27"/>
<dc element="dc.source" value="Reuters"/>
<dc element="dc.creator.location" value="ISSAQUAH, Wash."/>
<dc element="dc.creator.location.country.name" value="USA"/>
<dc element="dc.source" value="Reuters"/>
</metadata>
</newsitem>
