<?xml version="1.0" encoding="iso-8859-1" ?>
<newsitem itemid="70890" id="root" date="1996-09-23" xml:lang="en">
<title>PORTUGAL: Three groups bid for Portugal's Tabaqueira.</title>
<headline>Three groups bid for Portugal's Tabaqueira.</headline>
<dateline>LISBON 1996-09-23</dateline>
<text>
<p>Portuguese, Spanish and French companies bid in the privatisation of Portuguese tobacco company Tabaqueira, a senior finance ministry official said.</p>
<p>The bids were submitted by Spanish firm Tabacalera, in partnership with Portugal's Empresa Madeirense de Tabacos, as well as French tobacco company Seita and Portugal's Jorge de Mello industrial group, said Jose Martins de Sa, president of the jury presiding over the privatisation.  </p>
<p>The bids for a 65 percent stake of Tabaqueira, delivered to the offices of the Inspectorate General of Finance in Lisbon on Monday evening, will be formally opened in a public ceremony at 0900 GMT on Tuesday.</p>
<p>The government plans to sell the stake by public competition at a minimum price of 4,650 escudos per share.</p>
<p>-- Lisbon newsroom +351-1-3538254</p>
</text>
<copyright>(c) Reuters Limited 1996</copyright>
<metadata>
<codes class="bip:countries:1.0">
  <code code="FRA">
    <editdetail attribution="Reuters BIP Coding Group" action="confirmed" date="1996-09-23"/>
  </code>
  <code code="PORL">
    <editdetail attribution="Reuters BIP Coding Group" action="confirmed" date="1996-09-23"/>
  </code>
  <code code="SPAIN">
    <editdetail attribution="Reuters BIP Coding Group" action="confirmed" date="1996-09-23"/>
  </code>
</codes>
<codes class="bip:industries:1.0">
  <code code="I42900">
    <editdetail attribution="Reuters BIP Coding Group" action="confirmed" date="1996-09-23"/>
  </code>
  <code code="I83960">
    <editdetail attribution="Reuters BIP Coding Group" action="confirmed" date="1996-09-23"/>
  </code>
</codes>
<codes class="bip:topics:1.0">
  <code code="C18">
    <editdetail attribution="Reuters BIP Coding Group" action="confirmed" date="1996-09-23"/>
  </code>
  <code code="C181">
    <editdetail attribution="Reuters BIP Coding Group" action="confirmed" date="1996-09-23"/>
  </code>
  <code code="C183">
    <editdetail attribution="Reuters BIP Coding Group" action="confirmed" date="1996-09-23"/>
  </code>
  <code code="CCAT">
    <editdetail attribution="Reuters BIP Coding Group" action="confirmed" date="1996-09-23"/>
  </code>
</codes>
<dc element="dc.date.created" value="1996-09-23"/>
<dc element="dc.publisher" value="Reuters Holdings Plc"/>
<dc element="dc.date.published" value="1996-09-23"/>
<dc element="dc.source" value="Reuters"/>
<dc element="dc.creator.location" value="LISBON"/>
<dc element="dc.creator.location.country.name" value="PORTUGAL"/>
<dc element="dc.source" value="Reuters"/>
</metadata>
</newsitem>
