<?xml version="1.0" encoding="iso-8859-1" ?>
<newsitem itemid="618106" id="root" date="1997-05-27" xml:lang="en">
<title>UK: FIH sets $350 million four-year bond.</title>
<headline>FIH sets $350 million four-year bond.</headline>
<dateline>LONDON 1997-05-27</dateline>
<text>
<p>The following bond was announced</p>
<p>by lead manager Salomon Brothers International Ltd</p>
<p> BORROWER   FINANCE FOR DANISH INDUSTRY (FIH)</p>
<p> AMT    $350 MLN	COUPON     **	  MATURITY    13.JUN.01</p>
<p> TYPE	 STRAIGHT  ISS PRICE  **	  PAY DATE    13.JUN.97</p>
<p> FULL FEES  1.625     REOFFER    **	  SPREAD	+30 BP</p>
<p> NOTES    **TO BE PRICED</p>
<p> MOODY	AA3	 LISTING    LUX	 PAY FREQ    ANNUAL</p>
<p> S&amp;P	  =	   DENOMS (K) 1-10-100  SALE LIMITS US/UK/DK</p>
<p> NEG PLG    YES	 CRS DEFLT  YES	 FORCE MAJ   IPMA 2</p>
<p> GOV LAW    ENGLISH   HOME CTRY  DENMARK   TAX PROVS   =</p>
<p> MGT/UND    0.225     SELL CONC  1.40	PRAECIPUUM  =</p>
<p>UNDERLYING GOVT BOND 6.375 PCT MAY 2000 U.S. TREASURY</p>
<p> NOTES	ISSUED OFF EMTN PROGRAMME</p>
<p>-- London Newsroom +44 171 542 7658</p>
</text>
<copyright>(c) Reuters Limited 1997</copyright>
<metadata>
<codes class="bip:countries:1.0">
  <code code="DEN">
    <editdetail attribution="Reuters BIP Coding Group" action="confirmed" date="1997-05-27"/>
  </code>
  <code code="UK">
    <editdetail attribution="Reuters BIP Coding Group" action="confirmed" date="1997-05-27"/>
  </code>
</codes>
<codes class="bip:industries:1.0">
  <code code="I81501">
    <editdetail attribution="Reuters BIP Coding Group" action="confirmed" date="1997-05-27"/>
  </code>
</codes>
<codes class="bip:topics:1.0">
  <code code="C17">
    <editdetail attribution="Reuters BIP Coding Group" action="confirmed" date="1997-05-27"/>
  </code>
  <code code="C172">
    <editdetail attribution="Reuters BIP Coding Group" action="confirmed" date="1997-05-27"/>
  </code>
  <code code="CCAT">
    <editdetail attribution="Reuters BIP Coding Group" action="confirmed" date="1997-05-27"/>
  </code>
</codes>
<dc element="dc.date.created" value="1997-05-27"/>
<dc element="dc.publisher" value="Reuters Holdings Plc"/>
<dc element="dc.date.published" value="1997-05-27"/>
<dc element="dc.source" value="Reuters"/>
<dc element="dc.creator.location" value="LONDON"/>
<dc element="dc.creator.location.country.name" value="UK"/>
<dc element="dc.source" value="Reuters"/>
</metadata>
</newsitem>
