<?xml version="1.0" encoding="iso-8859-1" ?>
<newsitem itemid="223320" id="root" date="1996-11-28" xml:lang="en">
<title>TURKEY: INDICATORS - Turkey - updated November 27.</title>
<headline>INDICATORS - Turkey - updated November 27.</headline>
<text>
<p>------------------------------------------------------------</p>
<p>*Inflation (%)</p>
<p>	     Monthly			Year-on-year</p>
<p>	10/96 9/96  12/95	  10/96  9/96 12/95</p>
<p>-CPI   6.5   6.1   3.8	    79.6  79.3  76.0</p>
<p>-WPI   5.5   5.1   4.3	    82.8  79.8  65.6</p>
<p>------------------------------------------------------------</p>
<p>    *Foreign Trade     (Billion $)</p>
<p>				   Monthly</p>
<p>     3/96   2/96   1/96   12/95   1995    1994   1993</p>
<p>Exports    1.999  1.674  1.733   2.396   21.635  18.106  15.3</p>
<p>Imports    3.644  2.801  3.023   4.318   35.709  23.270  29.4</p>
<p>Balance   -1.644 -1.127 -1.290  -1.922  -14.074  -5.163 -14.0</p>
<p>-------------------------------------------------------------</p>
<p>*Breakdown of Exports (Million $)</p>
<p>			3/96 % Share  % Rise Jan-Dec95 %Share  %Rise</p>
<p>Investment Goods   340   17.0     28.9   3.517   16.3    12.0</p>
<p>Consumables	1,098   54.9     17.2  12.574   58.1    28.9</p>
<p>Raw materials	562   28.1     23.2   5.543   25.6     6.4</p>
<p>------------------------------------------------------------</p>
<p>*Breakdown of Imports (Million $)</p>
<p>			3/96  % Share % Rise  Jan-Dec95 %Share %Rise</p>
<p>Investment Goods 1,000  27.4     98.4   10,488   29.4    52.1</p>
<p>Consumables	  575  15.8     88.0    4,414   12.4    58.8</p>
<p>Raw Materials    2,069  56.8     24.3   20,806   58.3    53.0</p>
<p>--------------------------------------------------------------</p>
<p>*Balance of Payments (Million $)</p>
<p>		 Monthly</p>
<p>	 3/96 2/96 3/95 Jan-March96 Jan-March95 1995   1994  1993</p>
<p>-C/A  -946  -68  -159   -718	  428     -2,339  2,631 -6,433</p>
<p>-------------------------------------------------------------</p>
<p>*Banks' Deposits and Credits (Trillion TL) -</p>
<p>			     8/11/96     1/11/96     29/12/95 30/12/94</p>
<p>Total Bank Credits     2,599.218  2,562.912  1,374.114  566,388</p>
<p>-Retail banks' credits 2,440.531  2,407.765  1,297.004  518,908</p>
<p>  -TL			1,368.220  1,358.772    813.571  310,734</p>
<p>  -Foreign currency    1,072.311  1,048.993    483.433  208,174</p>
<p> -State Banks' Credits   894.383    873.799    575.513  231,432</p>
<p> -Priv.Banks' Credits  1,483.614  1,472.463    684.050  273,954</p>
<p> -Foreign Banks' Credits  62.534     61.503     37.441   13,522</p>
<p>-Investment Banks' Cred. 158.679    155.147     77.110   47,480</p>
<p>Total Deposits	   2,348.707  2,254.880  1,119.755  557,499</p>
<p> -State Retail Banks   1,475.766  1,358.119    682.005  310,578</p>
<p> -Private Banks	    855.633    878.166    427.283  240,889</p>
<p> -Foreign Banks	     17.308     18.595     10.467    6,031</p>
<p>-------------------------------------------------------------</p>
<p>*GNP/GDP (Current Prices Billion TL)</p>
<p>	Q2/96	Q1/95     Q4/95     Q3/95    1995</p>
<p>GDP 3,045,359 2,177,991 2,303,144 2,585,297  7,762,456</p>
<p>GNP 3,091,280 2,242,627 2,320,204 2,623,390  7,854,887</p>
<p>------------------------------------------------------------</p>
<p>*GNP/GDP Growth Rates (%, Base 1987)</p>
<p>		1996		 1995</p>
<p>	    Q2    Q1	   Q4    Q3	  1995    1994</p>
<p>GNP	 8.6  12.2	  8.0  10.0	  8.0    -6.0</p>
<p>GDP	 8.2  10.3	  6.6   9.0	  7.2    -5.4</p>
<p>-Agricu.  3.2  -1.3	 -1.2   2.8	  2.0    10.8</p>
<p>-Ind.     7.4   8.8	 11.9  17.9	 12.1     2.7</p>
<p>----------------------------------------------------------</p>
<p>*Industrial Production Growth Rates (%, Base 1986)</p>
<p> 9/96 8/96 7/96 6/96 5/96  4/96  3/96  2/96  12/95 1995 1994</p>
<p>  1.9  1.0  4.8  1.8 14.7  -1.5  12.4   1.8  15.7   8.6 -4.8</p>
<p>-----------------------------------------------------------</p>
<p>*Industrial Capacity utilizations (%)</p>
<p>10/96  9/96  10/95  12/95</p>
<p> 81.9  79.6   81.7   82.3</p>
<p>-----------------------------------------------------------</p>
<p>*Budget (Consolidated, cumulative figures)</p>
<p> (Trillion TL)  Sept 96  Aug96    July96    1995     1994</p>
<p>Expenditures   2,572.6  2,240.4  1,913.1   1,720.6   902.5</p>
<p>Revenues	 1,822.1  1,580.3  1,348.8   1,404.0   751.6</p>
<p>Budget Balance  -750.5   -660.1   -564.2    -316.6  -150.9</p>
<p>------------------------------------------------------------</p>
<p>*Budget Cash Balance (Trillion TL, cumulative)</p>
<p>			 Sept96  Aug96  July96   1995	1994</p>
<p>Cash Balance	-807.1  -691.2  -588.5  -294.3    -150.4</p>
<p>Financing	    807.1   691.2   588.5   294.3     150.4</p>
<p>Net Domestic Borr.-209.6  -208.3  -176.2    85.7     -70.3</p>
<p>Net Foreign Borr.  -89.4   -65.4   -33.5   -81.2     -68.5</p>
<p>Short-Term Debt  1,149.8 1,016.2   886.6   291.9     289.5</p>
<p>Others		 -43.8   -51.2   -88.4    -2.1	 0.4</p>
<p>-------------------------------------------------------------</p>
<p>*Foreign Debt Stock (Billion $) (* = Provisional)</p>
<p>		    6/96*   12/95     12/94   1993     1992</p>
<p>Total Debt     75.757   73.278   65,601   67,356   55,592</p>
<p>-Long-Medium   57.238   57.577   54,291   48,823   42,932</p>
<p>-Short-Term    18.519   15.701   11,310   18,533   12,660</p>
<p>-------------------------------------------------------------</p>
<p>*Domestic Debt Stock (Trillion TL) (Provisional)</p>
<p>  10/96	9/96	 8/96     7/96	1995	1994</p>
<p> 2,890.9    2,734.7   2,490.0  2,375.7    1.361.0    799.3</p>
<p>-----------------------------------------------------------</p>
<p>*International Currency Reserves (Million $)</p>
<p>		    8/11/96   1/11/96   31/12/95  31/12/94</p>
<p>Int. Reserves    27,677    27,944    23,942   16,519</p>
<p> CB Gross	  18,608    18,657    13,774    8,522</p>
<p> -Gold		1,383     1,383     1,383    1,410</p>
<p> -Currency	 17,225    17,274    12,391    7,112</p>
<p> Commercial Banks 9,069     9,287    10,169    7,997</p>
<p>----------------------------------------------------------</p>
<p>*Money Supply (Trillion Tl)</p>
<p>	8/11/96   1/11/96   25/10/96  29/12/95   30/12/94</p>
<p>M1	702.7     651.3     624.9	396.0	239.0</p>
<p>M2    2,512.1   2,430.5   2,374.8    1,270.4	642.5</p>
<p>M2Y   4,892.4   4,752.8   4,676.1    2,625.5    1,271.2</p>
<p>M3    2,732.9   2,645.4   2,555.9    1,353.1	681.2</p>
<p>M3Y   5,113.2   4,967.8   4,857.2    2,708.2    1,309.9</p>
<p>-----------------------------------------------------------</p>
<p>Population (1990 census)     56.5 million</p>
<p>	     (1996 estimated)  61.4 million</p>
<p>-----------------------------------------------------------</p>
<p>*Credit Ratings</p>
<p>Moody's	     Ba3</p>
<p>Standard &amp; Poor's B+</p>
<p>IBCA		  BB-</p>
<p>Duff&amp;Phelps	 BB</p>
<p>JCR		   BB</p>
</text>
<copyright>(c) Reuters Limited 1996</copyright>
<metadata>
<codes class="bip:countries:1.0">
  <code code="TURK">
    <editdetail attribution="Reuters BIP Coding Group" action="confirmed" date="1996-11-28"/>
  </code>
</codes>
<codes class="bip:topics:1.0">
  <code code="E71">
    <editdetail attribution="Reuters BIP Coding Group" action="confirmed" date="1996-11-28"/>
  </code>
  <code code="ECAT">
    <editdetail attribution="Reuters BIP Coding Group" action="confirmed" date="1996-11-28"/>
  </code>
</codes>
<dc element="dc.publisher" value="Reuters Holdings Plc"/>
<dc element="dc.date.published" value="1996-11-28"/>
<dc element="dc.source" value="Reuters"/>
<dc element="dc.creator.location.country.name" value="TURKEY"/>
<dc element="dc.source" value="Reuters"/>
</metadata>
</newsitem>
