<?xml version="1.0" encoding="iso-8859-1" ?>
<newsitem itemid="740577" id="root" date="1997-07-18" xml:lang="en">
<title>JAPAN: Tokyo rubber futures end lower across the board.</title>
<headline>Tokyo rubber futures end lower across the board.</headline>
<dateline>TOKYO 1997-07-18</dateline>
<text>
<p>Tokyo rubber futures ended lower on Friday, as book squaring, ahead of the spot contract's expiry on July 25, capped the topside, traders said.</p>
<p>Prices ranged from 1.0 to 2.0 yen lower, with benchmark December ending down 1.6 yen at 112.8 yen per kg.</p>
<p>Spot July fell steadily from the opening, due to book squaring by local investors, traders said.</p>
<p>&quot;Other contracts fell in line with spot July. We think the bearish mood will remain in the market until next Friday,&quot; a brokerage house trader said.</p>
<p>-- Tokyo Commodities Desk (+81-3-3432-7391)</p>
</text>
<copyright>(c) Reuters Limited 1997</copyright>
<metadata>
<codes class="bip:countries:1.0">
  <code code="JAP">
    <editdetail attribution="Reuters BIP Coding Group" action="confirmed" date="1997-07-18"/>
  </code>
</codes>
<codes class="bip:topics:1.0">
  <code code="M14">
    <editdetail attribution="Reuters BIP Coding Group" action="confirmed" date="1997-07-18"/>
  </code>
  <code code="M141">
    <editdetail attribution="Reuters BIP Coding Group" action="confirmed" date="1997-07-18"/>
  </code>
  <code code="MCAT">
    <editdetail attribution="Reuters BIP Coding Group" action="confirmed" date="1997-07-18"/>
  </code>
</codes>
<dc element="dc.date.created" value="1997-07-18"/>
<dc element="dc.publisher" value="Reuters Holdings Plc"/>
<dc element="dc.date.published" value="1997-07-18"/>
<dc element="dc.source" value="Reuters"/>
<dc element="dc.creator.location" value="TOKYO"/>
<dc element="dc.creator.location.country.name" value="JAPAN"/>
<dc element="dc.source" value="Reuters"/>
</metadata>
</newsitem>
