<?xml version="1.0" encoding="iso-8859-1" ?>
<newsitem itemid="319677" id="root" date="1997-01-20" xml:lang="en">
<title>PORTUGAL: Champalimaud rules out imminent bank merger.</title>
<headline>Champalimaud rules out imminent bank merger.</headline>
<dateline>LISBON 1997-01-20</dateline>
<text>
<p>The head of the Champalimaud group which controls Banco Totta &amp; Acores and Banco Pinto &amp; Sotto Mayor ruled out the possibility of a merger between the two banks in the foreseeable future.</p>
<p>Champalimaud told Reuters that such a move would need the &quot;the virtual unanimity of shareholders&quot; to happen.</p>
<p>&quot;Years would needed for the idea to mature,&quot; he said.</p>
</text>
<copyright>(c) Reuters Limited 1997</copyright>
<metadata>
<codes class="bip:countries:1.0">
  <code code="PORL">
    <editdetail attribution="Reuters BIP Coding Group" action="confirmed" date="1997-01-20"/>
  </code>
</codes>
<codes class="bip:industries:1.0">
  <code code="I81402">
    <editdetail attribution="Reuters BIP Coding Group" action="confirmed" date="1997-01-20"/>
  </code>
</codes>
<codes class="bip:topics:1.0">
  <code code="C18">
    <editdetail attribution="Reuters BIP Coding Group" action="confirmed" date="1997-01-20"/>
  </code>
  <code code="C181">
    <editdetail attribution="Reuters BIP Coding Group" action="confirmed" date="1997-01-20"/>
  </code>
  <code code="CCAT">
    <editdetail attribution="Reuters BIP Coding Group" action="confirmed" date="1997-01-20"/>
  </code>
</codes>
<dc element="dc.date.created" value="1997-01-20"/>
<dc element="dc.publisher" value="Reuters Holdings Plc"/>
<dc element="dc.date.published" value="1997-01-20"/>
<dc element="dc.source" value="Reuters"/>
<dc element="dc.creator.location" value="LISBON"/>
<dc element="dc.creator.location.country.name" value="PORTUGAL"/>
<dc element="dc.source" value="Reuters"/>
</metadata>
</newsitem>
