<?xml version="1.0" encoding="iso-8859-1" ?>
<newsitem itemid="764870" id="root" date="1997-07-29" xml:lang="en">
<title>GREECE: NIBID H1 pretax trebles to 5.83 bln drs.</title>
<headline>NIBID H1 pretax trebles to 5.83 bln drs.</headline>
<dateline>ATHENS 1997-07-29</dateline>
<text>
<p>Greek NIBID Bank, the investment arm of National Bank, said in a statement its half-year pretax profit nearly trebled to 5.83 billion drachmas compared to 1.95 billion a year earlier.</p>
<p>Earnings before provisions, depreciation and tax were up 163.7 percent in the first six months of 1997 to 6.25 billion drachmas from 2.37 billion in the same period in 1996, it said.</p>
<p>As of end-June, NIBID's assets amounted to 212 billion drachmas, up from 101 billion a year earlier.</p>
<p>On the same date, NIBID's own equity reached 30.8 billion drachmas and the bank had taken provisions amounting to 12.8 billion drachmas against bad loans, it said.</p>
<p>--Angelos Kiosklis, Athens Newsroom +301 3311812-4</p>
</text>
<copyright>(c) Reuters Limited 1997</copyright>
<metadata>
<codes class="bip:countries:1.0">
  <code code="GREECE">
    <editdetail attribution="Reuters BIP Coding Group" action="confirmed" date="1997-07-29"/>
  </code>
</codes>
<codes class="bip:industries:1.0">
  <code code="I81402">
    <editdetail attribution="Reuters BIP Coding Group" action="confirmed" date="1997-07-29"/>
  </code>
  <code code="I81501">
    <editdetail attribution="Reuters BIP Coding Group" action="confirmed" date="1997-07-29"/>
  </code>
  <code code="I8150106">
    <editdetail attribution="Reuters BIP Coding Group" action="confirmed" date="1997-07-29"/>
  </code>
</codes>
<codes class="bip:topics:1.0">
  <code code="C15">
    <editdetail attribution="Reuters BIP Coding Group" action="confirmed" date="1997-07-29"/>
  </code>
  <code code="C151">
    <editdetail attribution="Reuters BIP Coding Group" action="confirmed" date="1997-07-29"/>
  </code>
  <code code="CCAT">
    <editdetail attribution="Reuters BIP Coding Group" action="confirmed" date="1997-07-29"/>
  </code>
</codes>
<dc element="dc.date.created" value="1997-07-29"/>
<dc element="dc.publisher" value="Reuters Holdings Plc"/>
<dc element="dc.date.published" value="1997-07-29"/>
<dc element="dc.source" value="Reuters"/>
<dc element="dc.creator.location" value="ATHENS"/>
<dc element="dc.creator.location.country.name" value="GREECE"/>
<dc element="dc.source" value="Reuters"/>
</metadata>
</newsitem>
