<?xml version="1.0" encoding="iso-8859-1" ?>
<newsitem itemid="696129" id="root" date="1997-06-30" xml:lang="en">
<title>MALAYSIA: Rahman share suspension extended.</title>
<headline>Rahman share suspension extended.</headline>
<dateline>KUALA LUMPUR 1997-06-30</dateline>
<text>
<p>Shares of Rahman Hydraulic Tin Bhd would continue to be suspended from trading for an additional 10 market days, the Kuala Lumpur Stock Exchange said in a statement on Monday.</p>
<p>The shares would be suspended until Friday, July 11 &quot;to make the necessary announcement on its proposals in view of the fact that they have not yet been finalised,&quot; said the exchange.</p>
<p>Rahman Hydraulic shares have been suspended since April 29.</p>
<p>On May 9, Rahman Hydraulic, a commodities and property company, had said it was acquiring a major equity interest in another company.</p>
<p>-- Kuala Lumpur newsroom (603-206 2323)</p>
</text>
<copyright>(c) Reuters Limited 1997</copyright>
<metadata>
<codes class="bip:countries:1.0">
  <code code="MALAY">
    <editdetail attribution="Reuters BIP Coding Group" action="confirmed" date="1997-06-30"/>
  </code>
</codes>
<codes class="bip:industries:1.0">
  <code code="I21000">
    <editdetail attribution="Reuters BIP Coding Group" action="confirmed" date="1997-06-30"/>
  </code>
</codes>
<codes class="bip:topics:1.0">
  <code code="C14">
    <editdetail attribution="Reuters BIP Coding Group" action="confirmed" date="1997-06-30"/>
  </code>
  <code code="C18">
    <editdetail attribution="Reuters BIP Coding Group" action="confirmed" date="1997-06-30"/>
  </code>
  <code code="C181">
    <editdetail attribution="Reuters BIP Coding Group" action="confirmed" date="1997-06-30"/>
  </code>
  <code code="CCAT">
    <editdetail attribution="Reuters BIP Coding Group" action="confirmed" date="1997-06-30"/>
  </code>
</codes>
<dc element="dc.date.created" value="1997-06-30"/>
<dc element="dc.publisher" value="Reuters Holdings Plc"/>
<dc element="dc.date.published" value="1997-06-30"/>
<dc element="dc.source" value="Reuters"/>
<dc element="dc.creator.location" value="KUALA LUMPUR"/>
<dc element="dc.creator.location.country.name" value="MALAYSIA"/>
<dc element="dc.source" value="Reuters"/>
</metadata>
</newsitem>
