<?xml version="1.0" encoding="iso-8859-1" ?>
<newsitem itemid="765204" id="root" date="1997-07-30" xml:lang="en">
<title>USA: Washington Homes names COO.</title>
<headline>Washington Homes names COO.</headline>
<dateline>LANDOVER, Md. 1997-07-30</dateline>
<text>
<p>Washington Homes Inc said Wednesday it has named Thomas Pellerito as president of its homebuilding operations and chief operating officer.</p>
<p>The appointment to the newly created posts is effective August 1.</p>
<p>Most recently, Pellerito has been president of Richmond American Homes, a regional homebuilder based in northern Virginia.</p>
<p>Washington Homes designs, builds and markets single-family detached homes and townhouses.</p>
<p>((-- New York Newsdesk 212-859-1610))</p>
</text>
<copyright>(c) Reuters Limited 1997</copyright>
<metadata>
<codes class="bip:countries:1.0">
  <code code="USA">
    <editdetail attribution="Reuters BIP Coding Group" action="confirmed" date="1997-07-30"/>
  </code>
</codes>
<codes class="bip:industries:1.0">
  <code code="I50100">
    <editdetail attribution="Reuters BIP Coding Group" action="confirmed" date="1997-07-30"/>
  </code>
  <code code="I5010022">
    <editdetail attribution="Reuters BIP Coding Group" action="confirmed" date="1997-07-30"/>
  </code>
</codes>
<codes class="bip:topics:1.0">
  <code code="C41">
    <editdetail attribution="Reuters BIP Coding Group" action="confirmed" date="1997-07-30"/>
  </code>
  <code code="C411">
    <editdetail attribution="Reuters BIP Coding Group" action="confirmed" date="1997-07-30"/>
  </code>
  <code code="CCAT">
    <editdetail attribution="Reuters BIP Coding Group" action="confirmed" date="1997-07-30"/>
  </code>
</codes>
<dc element="dc.date.created" value="1997-07-30"/>
<dc element="dc.publisher" value="Reuters Holdings Plc"/>
<dc element="dc.date.published" value="1997-07-30"/>
<dc element="dc.source" value="Reuters"/>
<dc element="dc.creator.location" value="LANDOVER, Md."/>
<dc element="dc.creator.location.country.name" value="USA"/>
<dc element="dc.source" value="Reuters"/>
</metadata>
</newsitem>
