<?xml version="1.0" encoding="iso-8859-1" ?>
<newsitem itemid="526008" id="root" date="1997-04-21" xml:lang="en">
<title>FRANCE: F.Telecom's Wanadoo has 32,000 subscribers.</title>
<headline>F.Telecom's Wanadoo has 32,000 subscribers.</headline>
<dateline>PARIS 1997-04-21</dateline>
<text>
<p>Wanadoo, France Telecom's Internet service provider, said on Monday it had over 32,000 subscribers by mid-April, nearly a year after its launch.</p>
<p>France Telecom Interactive, the branch of France Telecom which manages Wanadoo, also said in a statement Wanadoo was now offering personal Web pages to its subscribers.</p>
<p>Launched in May 1996, Wanadoo said in January that it aimed to have 100,000 subscribers in France by the end of 1997.</p>
<p>Wanadoo shares the French market for Internet service providers with the French arms of CompuServe Corp and America Online Inc, and French groups Infonie and Club Internet.</p>
<p>Infonie said in February it had 26,500 subscribers. At the time Wanadoo had 20,000, Compuserve had 75,000, AOL 40,000 and Club Internet 20,000, Infonie managing director Christophe Sapet said then.</p>
<p>-- Paris Newsroom +331 4221 5452</p>
</text>
<copyright>(c) Reuters Limited 1997</copyright>
<metadata>
<codes class="bip:countries:1.0">
  <code code="FRA">
    <editdetail attribution="Reuters BIP Coding Group" action="confirmed" date="1997-04-21"/>
  </code>
</codes>
<codes class="bip:industries:1.0">
  <code code="I79020">
    <editdetail attribution="Reuters BIP Coding Group" action="confirmed" date="1997-04-21"/>
  </code>
</codes>
<codes class="bip:topics:1.0">
  <code code="C31">
    <editdetail attribution="Reuters BIP Coding Group" action="confirmed" date="1997-04-21"/>
  </code>
  <code code="CCAT">
    <editdetail attribution="Reuters BIP Coding Group" action="confirmed" date="1997-04-21"/>
  </code>
</codes>
<dc element="dc.date.created" value="1997-04-21"/>
<dc element="dc.publisher" value="Reuters Holdings Plc"/>
<dc element="dc.date.published" value="1997-04-21"/>
<dc element="dc.source" value="Reuters"/>
<dc element="dc.creator.location" value="PARIS"/>
<dc element="dc.creator.location.country.name" value="FRANCE"/>
<dc element="dc.source" value="Reuters"/>
</metadata>
</newsitem>
