<?xml version="1.0" encoding="iso-8859-1" ?>
<newsitem itemid="301318" id="root" date="1997-01-11" xml:lang="en">
<title>pakistan: PRESS DIGEST - Pakistan - January 11.</title>
<headline>PRESS DIGEST - Pakistan - January 11.</headline>
<text>
<p>These are the leading stories in Pakistani newspapers on Saturday. Reuters has not verified these stories and does not vouch for their accuracy.</p>
<p>DAWN</p>
<p>- The government will pay a compensation of 100,000 rupees each to the victims of the poisonous gas leakage in the Punjab province capital of Lahore, while two companies will pay 200,000 rupees each to the dependants of those who died after inhaling the gas.</p>
<p>- The Election Commission will set up more than 9,000 new polling stations in Pakistan for the February 3 general elections.</p>
<p>- Unidentified assailants shot dead an activist of Sipah-i-Sahaba Pakistan, a Sunni militant organisation, who was in hospital in Lahore city for the treatment of an earlier shooting wound.</p>
<p>- The interior ministry has received 223 cases of alleged corruption and misuse of authority against politicians, bureaucrats and other influentials from different government departments for accountability.</p>
<p>- As many as 13 human rights organisations have announced that they will mobilise public opinion and campaign against the newly formed Council for Defence and National Security.</p>
<p>- Sita White, the lady who has filed a case against Imran Khan in Los Angeles to establish the fatherhood of her daughter, says she is not planing to go to Pakistan soon.</p>
<p>- Despite the renewal of the IMF standby arrangement and the release of a $77 million tranche, Pakistan's risk rating continues to be very low and its borrowing ability in the international market has not improved.</p>
<p>THE NEWS</p>
<p>- Supreme Court chief justice Sajjad Ali Shah told reporters in Lahore on Friday that the writ petition filed by deposed prime minister Benazir Bhutto for the restoration of her government would be decided on merit before the February 3 elections.</p>
<p>THE NATION</p>
<p>- The law and order arrangements for February 3 elections are being handed over to the army from Saturday, Defence Minister Shahid Hamid told reporters in Lahore on Friday.</p>
<p>- The garment-manufacturing industry is facing severe crises and 1,400 out of 2,000 units have already been closed.</p>
<p>BUSINESS RECORDER</p>
<p>- Pakistan's foreign exchange reserves bounced back to the level of around $800 million at the weekend.</p>
<p>- Prime Minister Meraj Khalid and his British counterpart John Major will inaugurate the &quot;Pak-U.K. Investment 2000 Seminar&quot; on January 14 in Lahore.</p>
<p>THE FRONTIER POST</p>
<p>- Caretaker prime minister Meraj Khalid said his government has saved the economy from bankruptcy.</p>
<p>--Islamabad newsroom 9251-274757</p>
</text>
<copyright>(c) Reuters Limited 1997</copyright>
<metadata>
<codes class="bip:countries:1.0">
  <code code="PAKIS">
    <editdetail attribution="Reuters BIP Coding Group" action="confirmed" date="1997-01-11"/>
  </code>
</codes>
<codes class="bip:topics:1.0">
  <code code="GCAT">
    <editdetail attribution="Reuters BIP Coding Group" action="confirmed" date="1997-01-11"/>
  </code>
</codes>
<dc element="dc.publisher" value="Reuters Holdings Plc"/>
<dc element="dc.date.published" value="1997-01-11"/>
<dc element="dc.source" value="Reuters"/>
<dc element="dc.creator.location.country.name" value="PAKISTAN"/>
<dc element="dc.source" value="Reuters"/>
</metadata>
</newsitem>
