<?xml version="1.0" encoding="iso-8859-1" ?>
<newsitem itemid="620301" id="root" date="1997-05-28" xml:lang="en">
<title>USA: VeriFone wins approval for software export.</title>
<headline>VeriFone wins approval for software export.</headline>
<dateline>REDWOOD CITY, Calif. 1997-05-28</dateline>
<text>
<p>VeriFone Inc on Wednesday said the U.S. Department of Commerce will allow it to export Secure Electronic Transaction (SET) software, marking the first highly encrypted, Internet-based commerce software the government has approved for overseas.</p>
<p>VeriFone's SET-based products are designed for use by financial institutions, merchants and consumers to conduct secure Internet credit card transactions.</p>
<p>&quot;Being a vendor to receive such approval will give VeriFone a significant advantage in the marketplace to deliver secure SET-based solutions around the world in a timely manner,&quot; George Hoyem, general manager of the Internet Commerce Division, said in a statement.</p>
</text>
<copyright>(c) Reuters Limited 1997</copyright>
<metadata>
<codes class="bip:countries:1.0">
  <code code="USA">
    <editdetail attribution="Reuters BIP Coding Group" action="confirmed" date="1997-05-28"/>
  </code>
</codes>
<codes class="bip:industries:1.0">
  <code code="I33030">
    <editdetail attribution="Reuters BIP Coding Group" action="confirmed" date="1997-05-28"/>
  </code>
</codes>
<codes class="bip:topics:1.0">
  <code code="C13">
    <editdetail attribution="Reuters BIP Coding Group" action="confirmed" date="1997-05-28"/>
  </code>
  <code code="C31">
    <editdetail attribution="Reuters BIP Coding Group" action="confirmed" date="1997-05-28"/>
  </code>
  <code code="C312">
    <editdetail attribution="Reuters BIP Coding Group" action="confirmed" date="1997-05-28"/>
  </code>
  <code code="CCAT">
    <editdetail attribution="Reuters BIP Coding Group" action="confirmed" date="1997-05-28"/>
  </code>
</codes>
<dc element="dc.date.created" value="1997-05-28"/>
<dc element="dc.publisher" value="Reuters Holdings Plc"/>
<dc element="dc.date.published" value="1997-05-28"/>
<dc element="dc.source" value="Reuters"/>
<dc element="dc.creator.location" value="REDWOOD CITY, Calif."/>
<dc element="dc.creator.location.country.name" value="USA"/>
<dc element="dc.source" value="Reuters"/>
</metadata>
</newsitem>
