<?xml version="1.0" encoding="iso-8859-1" ?>
<newsitem itemid="457345" id="root" date="1997-03-20" xml:lang="en">
<title>USA: U.S. corn weekly export sales highlights--USDA.</title>
<headline>U.S. corn weekly export sales highlights--USDA.</headline>
<dateline>WASHINGTON 1997-03-20</dateline>
<text>
<p>USDA corn export sales highlights in latest reporting week:</p>
<p>Net sales of 867,700 MT were 14 percent below the week earlier and 9 percent under the 4-week average.</p>
<p>The primary purchasers were Japan (262,600 MT), Mexico (123,300 MT), Taiwan (111,300 MT), and South Korea (101,200 MT).</p>
<p>Exports of 990,200 MT were 3 percent more than the previous week and 4 percent more than the 4-week average.  Japan (505,900 MT) was the leading destination, followed by South Korea (206,200 MT), Taiwan (50,400 MT), and Syria (40,500 MT).</p>
</text>
<copyright>(c) Reuters Limited 1997</copyright>
<metadata>
<codes class="bip:countries:1.0">
  <code code="USA">
    <editdetail attribution="Reuters BIP Coding Group" action="confirmed" date="1997-03-20"/>
  </code>
</codes>
<codes class="bip:topics:1.0">
  <code code="M14">
    <editdetail attribution="Reuters BIP Coding Group" action="confirmed" date="1997-03-20"/>
  </code>
  <code code="M141">
    <editdetail attribution="Reuters BIP Coding Group" action="confirmed" date="1997-03-20"/>
  </code>
  <code code="MCAT">
    <editdetail attribution="Reuters BIP Coding Group" action="confirmed" date="1997-03-20"/>
  </code>
</codes>
<dc element="dc.date.created" value="1997-03-20"/>
<dc element="dc.publisher" value="Reuters Holdings Plc"/>
<dc element="dc.date.published" value="1997-03-20"/>
<dc element="dc.source" value="Reuters"/>
<dc element="dc.creator.location" value="WASHINGTON"/>
<dc element="dc.creator.location.country.name" value="USA"/>
<dc element="dc.source" value="Reuters"/>
</metadata>
</newsitem>
