<?xml version="1.0" encoding="iso-8859-1" ?>
<newsitem itemid="630313" id="root" date="1997-06-02" xml:lang="en">
<title>RUSSIA: Russian MinFins firm on Western demand, US bonds.</title>
<headline>Russian MinFins firm on Western demand, US bonds.</headline>
<dateline>MOSCOW 1997-06-02</dateline>
<text>
<p>Prices of Russian MinFin bonds firmed in lively trading on Monday mainly on Western demand and higher prices of U.S. Treasuries, dealers said.</p>
<p>			tranche   June 2		  May 30</p>
<p>    1999 maturity   (3)     88.30-88.55	   88.25-88.55</p>
<p>    2003 maturity   (4)     63.50-63.75	   63.30-63.60</p>
<p>    2008 maturity   (5)     45.40-45.65	   45.00-45.70</p>
<p>    2006 maturity   (6)     51.40-51.65	   51.10-51.40</p>
<p>    2011 maturity   (7)     39.25-39.50	   39.00-39.30</p>
<p>&quot;The market is firmer with continuing strength in U.S. Treasuries. MinFin spreads are looking attractive,&quot; a Moscow Narodny Bank dealer said.</p>
<p>MinFins, along with other emerging debt, are sensitive to any news which would suggest a change in U.S. interest rates and consequently affect U.S. Treasury bond prices.</p>
<p>A Russian bank dealer said mostly Western operators were seen buying, while local players seemed to have no single strategy.</p>
<p>--Artyom Danielyan, Moscow Newsroom (095) 941 8520</p>
</text>
<copyright>(c) Reuters Limited 1997</copyright>
<metadata>
<codes class="bip:countries:1.0">
  <code code="RUSS">
    <editdetail attribution="Reuters BIP Coding Group" action="confirmed" date="1997-06-02"/>
  </code>
</codes>
<codes class="bip:topics:1.0">
  <code code="M12">
    <editdetail attribution="Reuters BIP Coding Group" action="confirmed" date="1997-06-02"/>
  </code>
  <code code="MCAT">
    <editdetail attribution="Reuters BIP Coding Group" action="confirmed" date="1997-06-02"/>
  </code>
</codes>
<dc element="dc.date.created" value="1997-06-02"/>
<dc element="dc.publisher" value="Reuters Holdings Plc"/>
<dc element="dc.date.published" value="1997-06-02"/>
<dc element="dc.source" value="Reuters"/>
<dc element="dc.creator.location" value="MOSCOW"/>
<dc element="dc.creator.location.country.name" value="RUSSIA"/>
<dc element="dc.source" value="Reuters"/>
</metadata>
</newsitem>
