<?xml version="1.0" encoding="iso-8859-1" ?>
<newsitem itemid="75917" id="root" date="1996-09-25" xml:lang="en">
<title>ITALY: Italy's total reserves fall in August.</title>
<headline>Italy's total reserves fall in August.</headline>
<dateline>ROME 1996-09-25</dateline>
<text>
<p>Italy's total reserves stood at 109.686 trillion lire at end-August, the Italian Exchange Office said in a statement.</p>
<p>The office gave the following data in trillions of lire:</p>
<p>				     Aug 96	July 95	Aug 95</p>
<p>    Total reserves	    109.686	113.536	98.844</p>
<p>    Total assets		111.438	115.345     100.853</p>
<p>     (of which in gold)	39.479	 39.479	44.062</p>
<p>    Liabilities		   1.752	  1.809	 2.009</p>
<p>    (of which short-term)	.202	   .245	  .311</p>
</text>
<copyright>(c) Reuters Limited 1996</copyright>
<metadata>
<codes class="bip:countries:1.0">
  <code code="ITALY">
    <editdetail attribution="Reuters BIP Coding Group" action="confirmed" date="1996-09-25"/>
  </code>
</codes>
<codes class="bip:topics:1.0">
  <code code="E51">
    <editdetail attribution="Reuters BIP Coding Group" action="confirmed" date="1996-09-25"/>
  </code>
  <code code="E513">
    <editdetail attribution="Reuters BIP Coding Group" action="confirmed" date="1996-09-25"/>
  </code>
  <code code="ECAT">
    <editdetail attribution="Reuters BIP Coding Group" action="confirmed" date="1996-09-25"/>
  </code>
</codes>
<dc element="dc.date.created" value="1996-09-25"/>
<dc element="dc.publisher" value="Reuters Holdings Plc"/>
<dc element="dc.date.published" value="1996-09-25"/>
<dc element="dc.source" value="Reuters"/>
<dc element="dc.creator.location" value="ROME"/>
<dc element="dc.creator.location.country.name" value="ITALY"/>
<dc element="dc.source" value="Reuters"/>
</metadata>
</newsitem>
