<?xml version="1.0" encoding="iso-8859-1" ?>
<newsitem itemid="26052" id="root" date="1996-08-31" xml:lang="en">
<title>USA: Car kills two trying to avoid Texas drag race.</title>
<headline>Car kills two trying to avoid Texas drag race.</headline>
<dateline>DALLAS 1996-08-31</dateline>
<text>
<p>An illegal drag race on a Dallas street turned deadly when another vehicle veered into the crowd, killing two people and injuring a dozen more, police said Saturday.</p>
<p>Organisers tried to block off traffic while preparing the drag race late on Friday, but an allegedly drunk driver was unable to slow down in time and ran into a group of spectators as he swerved to avoid one of the cars that was to take part in the race.</p>
<p>A 26-year-old man and an 18-year-old woman were killed. The driver, aged 51, was arrested and charged on two counts of intoxicated manslaughter.</p>
<p>A police spokesman said the straight, flat stretch of road was often used illegally as a drag strip by Dallas youths.</p>
</text>
<copyright>(c) Reuters Limited 1996</copyright>
<metadata>
<codes class="bip:countries:1.0">
  <code code="USA">
    <editdetail attribution="Reuters BIP Coding Group" action="confirmed" date="1996-08-31"/>
  </code>
</codes>
<codes class="bip:topics:1.0">
  <code code="GCAT">
    <editdetail attribution="Reuters BIP Coding Group" action="confirmed" date="1996-08-31"/>
  </code>
  <code code="GCRIM">
    <editdetail attribution="Reuters BIP Coding Group" action="confirmed" date="1996-08-31"/>
  </code>
  <code code="GDIS">
    <editdetail attribution="Reuters BIP Coding Group" action="confirmed" date="1996-08-31"/>
  </code>
</codes>
<dc element="dc.date.created" value="1996-08-31"/>
<dc element="dc.publisher" value="Reuters Holdings Plc"/>
<dc element="dc.date.published" value="1996-08-31"/>
<dc element="dc.source" value="Reuters"/>
<dc element="dc.creator.location" value="DALLAS"/>
<dc element="dc.creator.location.country.name" value="USA"/>
<dc element="dc.source" value="Reuters"/>
</metadata>
</newsitem>
