<?xml version="1.0" encoding="iso-8859-1" ?>
<newsitem itemid="731004" id="root" date="1997-07-15" xml:lang="en">
<title>JORDAN: PRESS DIGEST - Jordan - July 15.</title>
<headline>PRESS DIGEST - Jordan - July 15.</headline>
<dateline>AMMAN 1997-07-15</dateline>
<text>
<p>These are some of the leading stories in the Jordanian press on Tuesday. Reuters has not verified these stories and does not vouch for their accuracy.</p>
<p>AL-RAI</p>
<p>- Government says elections will be held according to constitutional schedule, with or without the Moslem Brotherhood. Says Brotherhood statement was born of internal crisis in the movement and elections will be free and fair.</p>
<p>- Opposition parties delay decision on participating in elections and hold the government responsible for the impasse.</p>
<p>- Deal signed with Caltex Gulf worth $20 million for establishment of 1.2 million barrel oil product storage tanks at Red Sea port of Aqaba.</p>
<p>- Foreign Minister Fayez al-Tarawnah is in Qatar today for a meeting of the joint Jordanian-Qatari higher council.</p>
<p>AD-DUSTOUR</p>
<p>- Royal decree expected today calling for elections to be held according to constitutional timetable. Government expected to set date for elections between November 15 to 18.</p>
<p>- Opposition parties to make final decision next Monday on whether to take part in the elections.</p>
<p>AL-ARAB AL-YAWM</p>
<p>- King Hussein expected to send Prime Minister Abdul-Salam al-Majali to Gaza within days to express Jordan's unlimited supported for Palestinians.</p>
<p>- Former Prime Minister Abdul-Karim al-Kabariti is candidate to become chairman of Jordan Kuwait Bank.</p>
<p>AL-ASWAQ</p>
<p>- U.N. sanctions committee agreed on Sunday to Jordanian export contracts to Iraq worth $1.1 million under the United Nations oil-for-food deal.</p>
<p>JORDAN TIMES</p>
<p>- Medpartenariat meeting finishes, expectations not fully met.</p>
</text>
<copyright>(c) Reuters Limited 1997</copyright>
<metadata>
<codes class="bip:countries:1.0">
  <code code="JORDAN">
    <editdetail attribution="Reuters BIP Coding Group" action="confirmed" date="1997-07-15"/>
  </code>
</codes>
<codes class="bip:topics:1.0">
  <code code="GCAT">
    <editdetail attribution="Reuters BIP Coding Group" action="confirmed" date="1997-07-15"/>
  </code>
</codes>
<dc element="dc.date.created" value="1997-07-15"/>
<dc element="dc.publisher" value="Reuters Holdings Plc"/>
<dc element="dc.date.published" value="1997-07-15"/>
<dc element="dc.source" value="Reuters"/>
<dc element="dc.creator.location" value="AMMAN"/>
<dc element="dc.creator.location.country.name" value="JORDAN"/>
<dc element="dc.source" value="Reuters"/>
</metadata>
</newsitem>
