<?xml version="1.0" encoding="iso-8859-1" ?>
<newsitem itemid="151156" id="root" date="1996-10-29" xml:lang="en">
<title>USA: Regis Corp Q1 Sept 30 net rises.</title>
<headline>Regis Corp Q1 Sept 30 net rises.</headline>
<dateline>MINNEAPOLIS 1996-10-29</dateline>
<text>
<p>(Amounts in thousands, except per share amounts)</p>
<p>						1996	  1995</p>
<p>Company-Owned Operations:</p>
<p>     Service sales		  $ 99,095    $ 79,417</p>
<p>     Product sales		    39,802	30,882</p>
<p>	 Total sales		   138,897     110,299</p>
<p> Franchise revenues			961	 1,421</p>
<p> Operating expenes		   129,533     103,278</p>
<p> Operating income		     10,325	 8,442</p>
<p> Nonrecurring gains			218	   137</p>
<p> Net income				5,362	 4,177</p>
<p> Primary net income per share	 0.29	  0.24</p>
<p> Diluted net income per share	 0.29	  0.23</p>
<p> Primary shares			 18,754	17,454</p>
<p> Fully diluted shares		 18,766	17,947</p>
<p>Net income per share (fully diluted)</p>
<p>  excluding  nonrecurring gains     0.28	  0.23</p>
<p>Reuters Chicago Newsdesk - 312-408-8787</p>
</text>
<copyright>(c) Reuters Limited 1996</copyright>
<metadata>
<codes class="bip:countries:1.0">
  <code code="USA">
    <editdetail attribution="Reuters BIP Coding Group" action="confirmed" date="1996-10-29"/>
  </code>
</codes>
<codes class="bip:industries:1.0">
  <code code="I65400">
    <editdetail attribution="Reuters BIP Coding Group" action="confirmed" date="1996-10-29"/>
  </code>
</codes>
<codes class="bip:topics:1.0">
  <code code="C15">
    <editdetail attribution="Reuters BIP Coding Group" action="confirmed" date="1996-10-29"/>
  </code>
  <code code="C151">
    <editdetail attribution="Reuters BIP Coding Group" action="confirmed" date="1996-10-29"/>
  </code>
  <code code="CCAT">
    <editdetail attribution="Reuters BIP Coding Group" action="confirmed" date="1996-10-29"/>
  </code>
</codes>
<dc element="dc.date.created" value="1996-10-29"/>
<dc element="dc.publisher" value="Reuters Holdings Plc"/>
<dc element="dc.date.published" value="1996-10-29"/>
<dc element="dc.source" value="Reuters"/>
<dc element="dc.creator.location" value="MINNEAPOLIS"/>
<dc element="dc.creator.location.country.name" value="USA"/>
<dc element="dc.source" value="Reuters"/>
</metadata>
</newsitem>
