<?xml version="1.0" encoding="iso-8859-1" ?>
<newsitem itemid="452139" id="root" date="1997-03-19" xml:lang="en">
<title>USA: Rohm and Haas sees Q1 below $1.70 forecast.</title>
<headline>Rohm and Haas sees Q1 below $1.70 forecast.</headline>
<dateline>PHILADELPHIA 1997-03-19</dateline>
<text>
<p>Rohm and Haas Co on Wednesday said it expected its first-quarter earnings to fall short of the current consensus forecast of $1.70 per share.</p>
<p>The company said in a release that exchange rates would have a negative impact on first-quarter earnings, though it said its profit should exceed the $1.46 per share reported for the same quarter of 1996.  </p>
<p>&quot;I remain optimistic about the full year. We expect good volume growth and ongoing, excellent progress in the areas of cost control and increased operating efficiencies,&quot; Chairman J. Lawrence Wilson said in a release.</p>
<p>The company, which makes plastics, chemicals and pesticides, said trading of its stock was suspended for a brief time Wednesday morning but resumed after 1000 EDT (1500GMT).</p>
<p>Rohm and Haas shares were trading at 76-1/2 early Wednesday afternoon, down 10-3/4.</p>
</text>
<copyright>(c) Reuters Limited 1997</copyright>
<metadata>
<codes class="bip:countries:1.0">
  <code code="USA">
    <editdetail attribution="Reuters BIP Coding Group" action="confirmed" date="1997-03-19"/>
  </code>
</codes>
<codes class="bip:industries:1.0">
  <code code="I25000">
    <editdetail attribution="Reuters BIP Coding Group" action="confirmed" date="1997-03-19"/>
  </code>
</codes>
<codes class="bip:topics:1.0">
  <code code="C15">
    <editdetail attribution="Reuters BIP Coding Group" action="confirmed" date="1997-03-19"/>
  </code>
  <code code="C152">
    <editdetail attribution="Reuters BIP Coding Group" action="confirmed" date="1997-03-19"/>
  </code>
  <code code="CCAT">
    <editdetail attribution="Reuters BIP Coding Group" action="confirmed" date="1997-03-19"/>
  </code>
</codes>
<dc element="dc.date.created" value="1997-03-19"/>
<dc element="dc.publisher" value="Reuters Holdings Plc"/>
<dc element="dc.date.published" value="1997-03-19"/>
<dc element="dc.source" value="Reuters"/>
<dc element="dc.creator.location" value="PHILADELPHIA"/>
<dc element="dc.creator.location.country.name" value="USA"/>
<dc element="dc.source" value="Reuters"/>
</metadata>
</newsitem>
