<?xml version="1.0" encoding="iso-8859-1" ?>
<newsitem itemid="30907" id="root" date="1996-09-03" xml:lang="en">
<title>JAPAN: Advantest 96/97 parent current profit seen up.</title>
<headline>Advantest 96/97 parent current profit seen up.</headline>
<dateline>TOKYO 1996-09-03</dateline>
<text>
<p>Japanese electrical machinery maker Advantest Corp is expected to post a parent current profit of about 34 billion yen in the year to March 31, 1997, up about six percent from the year ago period, which would mark its largest full-year parent current profit on record, a Japanese newspaper said on Tuesday.</p>
<p>A spokesmen for Advantest was not immediately available for comment.</p>
<p>The Nihon Keizai Shimbun economic daily said that its forecast was based on robust demand for semiconductor-testing devices despite recent overall sluggishness in the semiconductor market.</p>
</text>
<copyright>(c) Reuters Limited 1996</copyright>
<metadata>
<codes class="bip:countries:1.0">
  <code code="JAP">
    <editdetail attribution="Reuters BIP Coding Group" action="confirmed" date="1996-09-03"/>
  </code>
</codes>
<codes class="bip:industries:1.0">
  <code code="I34420">
    <editdetail attribution="Reuters BIP Coding Group" action="confirmed" date="1996-09-03"/>
  </code>
</codes>
<codes class="bip:topics:1.0">
  <code code="C15">
    <editdetail attribution="Reuters BIP Coding Group" action="confirmed" date="1996-09-03"/>
  </code>
  <code code="C152">
    <editdetail attribution="Reuters BIP Coding Group" action="confirmed" date="1996-09-03"/>
  </code>
  <code code="CCAT">
    <editdetail attribution="Reuters BIP Coding Group" action="confirmed" date="1996-09-03"/>
  </code>
</codes>
<dc element="dc.date.created" value="1996-09-03"/>
<dc element="dc.publisher" value="Reuters Holdings Plc"/>
<dc element="dc.date.published" value="1996-09-03"/>
<dc element="dc.source" value="Reuters"/>
<dc element="dc.creator.location" value="TOKYO"/>
<dc element="dc.creator.location.country.name" value="JAPAN"/>
<dc element="dc.source" value="Reuters"/>
</metadata>
</newsitem>
