<?xml version="1.0" encoding="iso-8859-1" ?>
<newsitem itemid="465885" id="root" date="1997-03-25" xml:lang="en">
<title>ROMANIA: PRESS DIGEST - Romania - March 25.</title>
<headline>PRESS DIGEST - Romania - March 25.</headline>
<dateline>BUCHAREST 1997-03-25</dateline>
<text>
<p>Here are highlights of stories in Romania's press on Tuesday. Reuters has not verified these stories and does not vouch for their accuracy:</p>
<p>Business:</p>
<p>ADEVARUL</p>
<p>- Victor Romert, former head of  Renel RA electricity utility was replaced by Aurel Leca, the paper says.</p>
<p>- The price of bread will remain unchanged despite recent increases in the price of wheat.</p>
<p>- The farming sector is affected by high interest rates on loans, the paper says.</p>
<p>-  SNCFR railway authority will cut some 4,000 jobs.</p>
<p>CURIERUL NATIONAL</p>
<p>- Gold and copper mines in the Western Carpathians expected to reduce output following cuts in electricity supplies. Those mines allegedly failed to pay their electricity bills.</p>
<p>- Romanian state and private airlines should adopt a coherent strategies if they want to remain in the market and face foreign competition.</p>
<p>ROMANIA LIBERA</p>
<p>- Camenco Petrovici was appointed the new head of the  Casa de Economii si Consemnatiuni savings bank. He replaced Constantin Teculescu.  </p>
<p>General:</p>
<p>ADEVARUL</p>
<p>- The Bucharest court overturned the one-year sentence imposed by a lower court on two Romanian journalists sentenced to one year in jail on charges of offending state authority in reports published last year alleging that former President Ion Iliescu had cooperated with the KGB.</p>
<p>- The newspaper publishes a list of villages and towns where Romanians would be affected by a change in local law proposed by the Hungarian Democratic Union asking for signs to be in both Romanian and Hungarian in places where more than 10 percent of the population belong to ethnic minorities.</p>
<p>- Romania's population of 22 million people fell by 300,000 over the past seven years, says a report on the country's demographic development.</p>
<p>EVENIMENTUL ZILEI</p>
<p>- Radu Vasile, general secretary of the ruling National Peasant Party and deputy chairman of the upper house, the Senate, is likely to replace Virgil Magureanu as chief of the Romanian Intellience Service.</p>
<p>- Hundreds of files of &quot;revolutionaries&quot; who took part in the December 1989 popular upheaval in Brasov were found discarded at the outskirts of Bucharest.</p>
<p>ROMANIA LIBERA</p>
<p>- Romania faces three categories of crimes -- &quot;white collar crime, that of the Gypsy mafia and that one committed by the imported mafia,&quot; said Elena Cherciu, chief prosecutor at the Bucharest's court of appeal.</p>
<p>- The newspaper publishes a full-page report with some of the 284 files of alleged illegal adoptions which disappeared from courts. -- Bucharest newsroom 40-1 3120264</p>
</text>
<copyright>(c) Reuters Limited 1997</copyright>
<metadata>
<codes class="bip:countries:1.0">
  <code code="ROM">
    <editdetail attribution="Reuters BIP Coding Group" action="confirmed" date="1997-03-25"/>
  </code>
</codes>
<codes class="bip:topics:1.0">
  <code code="GCAT">
    <editdetail attribution="Reuters BIP Coding Group" action="confirmed" date="1997-03-25"/>
  </code>
</codes>
<dc element="dc.date.created" value="1997-03-25"/>
<dc element="dc.publisher" value="Reuters Holdings Plc"/>
<dc element="dc.date.published" value="1997-03-25"/>
<dc element="dc.source" value="Reuters"/>
<dc element="dc.creator.location" value="BUCHAREST"/>
<dc element="dc.creator.location.country.name" value="ROMANIA"/>
<dc element="dc.source" value="Reuters"/>
</metadata>
</newsitem>
