<?xml version="1.0" encoding="iso-8859-1" ?>
<newsitem itemid="705562" id="root" date="1997-07-03" xml:lang="en">
<title>USA: Transworld says unit buys Allied Medicare.</title>
<headline>Transworld says unit buys Allied Medicare.</headline>
<dateline>NEW YORK 1997-07-03</dateline>
<text>
<p>Transworld HealthCare Inc said Thursday its wholly owned subsidiary, Transworld Healthcare (UK) Ltd, has purchased British-based Allied Medicare Ltd for 36.2 million pounds, or $60.1 million.</p>
<p>Allied is a privately held provider of nursing and other care-giving services to home care patients.</p>
<p>The deal is the second acquistion for Transworld in recent weeks. The company announced May 28 it offered 167p per share in an agreed takover of Omnicare PLC.</p>
<p>Transworld HealthCare is a regional provider of a range of alternate site healthcare services and products.  It also operates a specialized mail order pharmacy and provides medical supplies to patients.</p>
</text>
<copyright>(c) Reuters Limited 1997</copyright>
<metadata>
<codes class="bip:countries:1.0">
  <code code="UK">
    <editdetail attribution="Reuters BIP Coding Group" action="confirmed" date="1997-07-03"/>
  </code>
  <code code="USA">
    <editdetail attribution="Reuters BIP Coding Group" action="confirmed" date="1997-07-03"/>
  </code>
</codes>
<codes class="bip:industries:1.0">
  <code code="I95100">
    <editdetail attribution="Reuters BIP Coding Group" action="confirmed" date="1997-07-03"/>
  </code>
</codes>
<codes class="bip:topics:1.0">
  <code code="C18">
    <editdetail attribution="Reuters BIP Coding Group" action="confirmed" date="1997-07-03"/>
  </code>
  <code code="C181">
    <editdetail attribution="Reuters BIP Coding Group" action="confirmed" date="1997-07-03"/>
  </code>
  <code code="CCAT">
    <editdetail attribution="Reuters BIP Coding Group" action="confirmed" date="1997-07-03"/>
  </code>
</codes>
<dc element="dc.date.created" value="1997-07-03"/>
<dc element="dc.publisher" value="Reuters Holdings Plc"/>
<dc element="dc.date.published" value="1997-07-03"/>
<dc element="dc.source" value="Reuters"/>
<dc element="dc.creator.location" value="NEW YORK"/>
<dc element="dc.creator.location.country.name" value="USA"/>
<dc element="dc.source" value="Reuters"/>
</metadata>
</newsitem>
