<?xml version="1.0" encoding="iso-8859-1" ?>
<newsitem itemid="217303" id="root" date="1996-11-26" xml:lang="en">
<title>THAILAND: Thai interbank rate eases, baht steady late.</title>
<headline>Thai interbank rate eases, baht steady late.</headline>
<dateline>BANGKOK 1996-11-26</dateline>
<text>
<p>The Thai overnight interbank rate eased to 10.75-11.00 percent in late trade on Tuesday from 11.50 early as some dollar selling for baht help raise market liquidity, dealers said.</p>
<p>&quot;Liquidity was higher today due to the selling of dollars for baht,&quot; said one dealer at a local bank.</p>
<p>Dealers said the liquidity was relatively tight this week due to the new bank reserve cycle and commercial banks' speculative dollar buying.  </p>
<p>The baht was steady at 25.460-25.465 to the dollar late compared with 25.460-25.473 early, but there was some selling interest, dealers said.</p>
<p>&quot;There was some selling of the dollar today as the dollar was falling in overseas markets,&quot; one currency dealer said.</p>
<p>Dollar/baht swap premiums were quoted at 9.00/10.00 satangs late against 10.25/10.75 early.</p>
<p>The Bank of Thailand fixed the dollar/baht mid-rate at 25.46 compared with 25.43 on Monday.</p>
<p>-- Anuchit Nguyen (662) 652-0642</p>
</text>
<copyright>(c) Reuters Limited 1996</copyright>
<metadata>
<codes class="bip:countries:1.0">
  <code code="THAIL">
    <editdetail attribution="Reuters BIP Coding Group" action="confirmed" date="1996-11-26"/>
  </code>
</codes>
<codes class="bip:topics:1.0">
  <code code="M13">
    <editdetail attribution="Reuters BIP Coding Group" action="confirmed" date="1996-11-26"/>
  </code>
  <code code="M131">
    <editdetail attribution="Reuters BIP Coding Group" action="confirmed" date="1996-11-26"/>
  </code>
  <code code="MCAT">
    <editdetail attribution="Reuters BIP Coding Group" action="confirmed" date="1996-11-26"/>
  </code>
</codes>
<dc element="dc.date.created" value="1996-11-26"/>
<dc element="dc.publisher" value="Reuters Holdings Plc"/>
<dc element="dc.date.published" value="1996-11-26"/>
<dc element="dc.source" value="Reuters"/>
<dc element="dc.creator.location" value="BANGKOK"/>
<dc element="dc.creator.location.country.name" value="THAILAND"/>
<dc element="dc.source" value="Reuters"/>
</metadata>
</newsitem>
