<?xml version="1.0" encoding="iso-8859-1" ?>
<newsitem itemid="613682" id="root" date="1997-05-26" xml:lang="en">
<title>BRAZIL: Brazil's real drops 0.12 pct on dollar outflows.</title>
<headline>Brazil's real drops 0.12 pct on dollar outflows.</headline>
<dateline>SAO PAULO 1997-05-26</dateline>
<text>
<p>Brazil's real fell 0.12 percent to close at 1.0740 per dollar on dollar outflows in the commercial foreign exchange market and a decline in the real-dollar mini-band, dealers said.</p>
<p>At 1650 local/1950 GMT, preliminary figures for commercial and financial forex contracts showed a $40 million deficit.</p>
<p>In the late afternoon, the Central Bank sold dollars at 1.0740 reais per greenback to give liquidity to the market.</p>
<p>Two other factors were cited by dealers to explain the real's fall. First, the Central Bank lowered the mini-band 0.09 percent to between 1.0690 and 1.0740 reais per dollar through a buy/sell auction.</p>
<p>The previous mini-band was set on May 20 at between 1.0680 and 1.0730 per greenback. So far this month, the mini-band has fallen 0.52 percent against the dollar compared to an average drop of between 0.57 and 0.61 percent in the past four months.</p>
<p>Dealers also speculated that the real currency was pressured by banks maintaining long positions in the spot market to arbitrage in the dollar futures market.</p>
<p>In the interbank floating rate market, the real closed at 1.0736 per dollar, down 0.04 percent. In the parallel market, the real ended flat at 1.130 per dollar.</p>
<p>((-- Alexandre Caverni, Sao Paulo newsroon, 55 11 2485418))</p>
</text>
<copyright>(c) Reuters Limited 1997</copyright>
<metadata>
<codes class="bip:countries:1.0">
  <code code="BRAZ">
    <editdetail attribution="Reuters BIP Coding Group" action="confirmed" date="1997-05-26"/>
  </code>
</codes>
<codes class="bip:topics:1.0">
  <code code="M13">
    <editdetail attribution="Reuters BIP Coding Group" action="confirmed" date="1997-05-26"/>
  </code>
  <code code="M132">
    <editdetail attribution="Reuters BIP Coding Group" action="confirmed" date="1997-05-26"/>
  </code>
  <code code="MCAT">
    <editdetail attribution="Reuters BIP Coding Group" action="confirmed" date="1997-05-26"/>
  </code>
</codes>
<dc element="dc.date.created" value="1997-05-26"/>
<dc element="dc.publisher" value="Reuters Holdings Plc"/>
<dc element="dc.date.published" value="1997-05-26"/>
<dc element="dc.source" value="Reuters"/>
<dc element="dc.creator.location" value="SAO PAULO"/>
<dc element="dc.creator.location.country.name" value="BRAZIL"/>
<dc element="dc.source" value="Reuters"/>
</metadata>
</newsitem>
