<?xml version="1.0" encoding="iso-8859-1" ?>
<newsitem itemid="744338" id="root" date="1997-07-21" xml:lang="en">
<title>CHINA: China's rents rise 14.6 pct in first half.</title>
<headline>China's rents rise 14.6 pct in first half.</headline>
<dateline>BEIJING 1997-07-21</dateline>
<text>
<p>Rents in China's 36 main cities rose by 14.6 percent in the first half of the year compared with the same period in 1996, the China Business Times said on Monday.</p>
<p>Rents would continue to rise, by about 15 percent a year, it said, quoting the State Price Information Centre.</p>
<p>Prices of water for urban residents in the first half rose by 16.6 percent compared with the year-ago period, it said.</p>
<p>Electricity prices in 20 of the 38 cities rose by an average of 17.3 percent in January to June compared with the same period in 1996, it said.</p>
<p>Piped gas prices rose by 33.63 percent and natural gas prices increased by 8.76 percent in January to June compared with the year-ago period, it said.</p>
<p>China's consumer price inflation in the first half was 4.1 percent year-on-year.</p>
<p>-- Beijing Newsroom (8610) 6532 1921</p>
</text>
<copyright>(c) Reuters Limited 1997</copyright>
<metadata>
<codes class="bip:countries:1.0">
  <code code="CHINA">
    <editdetail attribution="Reuters BIP Coding Group" action="confirmed" date="1997-07-21"/>
  </code>
</codes>
<codes class="bip:industries:1.0">
  <code code="I85000">
    <editdetail attribution="Reuters BIP Coding Group" action="confirmed" date="1997-07-21"/>
  </code>
  <code code="I8500011">
    <editdetail attribution="Reuters BIP Coding Group" action="confirmed" date="1997-07-21"/>
  </code>
</codes>
<codes class="bip:topics:1.0">
  <code code="C31">
    <editdetail attribution="Reuters BIP Coding Group" action="confirmed" date="1997-07-21"/>
  </code>
  <code code="CCAT">
    <editdetail attribution="Reuters BIP Coding Group" action="confirmed" date="1997-07-21"/>
  </code>
</codes>
<dc element="dc.date.created" value="1997-07-21"/>
<dc element="dc.publisher" value="Reuters Holdings Plc"/>
<dc element="dc.date.published" value="1997-07-21"/>
<dc element="dc.source" value="Reuters"/>
<dc element="dc.creator.location" value="BEIJING"/>
<dc element="dc.creator.location.country.name" value="CHINA"/>
<dc element="dc.source" value="Reuters"/>
</metadata>
</newsitem>
