<?xml version="1.0" encoding="iso-8859-1" ?>
<newsitem itemid="732601" id="root" date="1997-07-16" xml:lang="en">
<title>USA: TABLE - Schwab Q2 results.</title>
<headline>TABLE - Schwab Q2 results.</headline>
<dateline>SAN FRANCISCO 1997-07-16</dateline>
<text>
<p>THE CHARLES SCHWAB CORPORATION</p>
<p>			  CONSOLIDATED STATEMENT OF INCOME</p>
<p>		    (in millions, except per share amounts)</p>
<p>			   (Unaudited)</p>
<p>					     Three Months   Six Months</p>
<p>						  Ended	   Ended</p>
<p>						 June 30,	June 30,</p>
<p>					1997	1996     1997    1996</p>
<p>Revenues</p>
<p>   Commissions		   $261.4   $261.2   $536.3  $502.1</p>
<p>Mutual fund service</p>
<p>    fees			    101.8     75.4    196.5   144.2</p>
<p>   Principal transactions	63.6     73.2    132.7   134.8</p>
<p>Interest revenue, net of</p>
<p>    interest expense (1)	 82.5     62.4    159.2   121.3</p>
<p>   Other			     21.4     19.6     41.7    36.2</p>
<p> Total				530.7    491.8  1,066.4   938.6</p>
<p>Expenses Excluding Interest</p>
<p>   Compensation and benefits  224.2    200.5    445.0   396.2</p>
<p>   Communications		  45.5     44.3     91.2    87.3</p>
<p>   Occupancy and equipment     38.5     33.1     73.9    63.1</p>
<p>Depreciation and</p>
<p>    amortization		   29.7     23.3     57.5    48.1</p>
<p>Advertising and market</p>
<p>    development		    26.0     17.8     61.8    40.0</p>
<p>Commissions, clearance</p>
<p>    and floor brokerage	  22.3     21.8     44.7    41.3</p>
<p>   Professional services	 16.6     10.2     30.5    23.6</p>
<p>   Other			     22.1     22.1     45.7    40.7</p>
<p> Total				424.9    373.1    850.3   740.3</p>
<p>Income before taxes on</p>
<p>  income			    105.8    118.7    216.1   198.3</p>
<p> Taxes on income		   41.8     48.6     85.4    81.3</p>
<p> Net Income			  64.0     70.1    130.7   117.0</p>
<p>Weighted-average number of</p>
<p>common and common</p>
<p>equivalent shares</p>
<p>  outstanding (2, 3)	    181.1    179.3    181.0   179.2</p>
<p>Primary/Fully Diluted</p>
<p>  Earnings Per Share (3)	  .35	.39	.72     .65</p>
<p>Dividends Declared Per</p>
<p>  Common Share (3)		  .05	.04	.10     .08</p>
<p>(1)  Interest revenue is presented net of interest expense.  Interest expense for the three months ended June 30, 1997 and 1996 was $133.2 million and $101.2 million, respectively. Interest expense for the six months ended June 30, 1997 and 1996 was $256.3 million and $200.2 million, respectively.</p>
<p>(2)  Amounts shown are used to calculate primary earnings per share.</p>
<p>(3)  Amounts do not reflect the three-for-two common stock split declared July 16, 1997 payable September 15, 1997.</p>
</text>
<copyright>(c) Reuters Limited 1997</copyright>
<metadata>
<codes class="bip:countries:1.0">
  <code code="USA">
    <editdetail attribution="Reuters BIP Coding Group" action="confirmed" date="1997-07-16"/>
  </code>
</codes>
<codes class="bip:industries:1.0">
  <code code="I83100">
    <editdetail attribution="Reuters BIP Coding Group" action="confirmed" date="1997-07-16"/>
  </code>
</codes>
<codes class="bip:topics:1.0">
  <code code="C15">
    <editdetail attribution="Reuters BIP Coding Group" action="confirmed" date="1997-07-16"/>
  </code>
  <code code="C151">
    <editdetail attribution="Reuters BIP Coding Group" action="confirmed" date="1997-07-16"/>
  </code>
  <code code="CCAT">
    <editdetail attribution="Reuters BIP Coding Group" action="confirmed" date="1997-07-16"/>
  </code>
</codes>
<dc element="dc.date.created" value="1997-07-16"/>
<dc element="dc.publisher" value="Reuters Holdings Plc"/>
<dc element="dc.date.published" value="1997-07-16"/>
<dc element="dc.source" value="Reuters"/>
<dc element="dc.creator.location" value="SAN FRANCISCO"/>
<dc element="dc.creator.location.country.name" value="USA"/>
<dc element="dc.source" value="Reuters"/>
</metadata>
</newsitem>
