<?xml version="1.0" encoding="iso-8859-1" ?>
<newsitem itemid="435022" id="root" date="1997-03-11" xml:lang="en">
<title>FINLAND: PRESS DIGEST - Finland - March 11.</title>
<headline>PRESS DIGEST - Finland - March 11.</headline>
<dateline>HELSINKI 1997-03-11</dateline>
<text>
<p>The following are some of the leading stories in Finnish papers this morning.</p>
<p>HELSINGIN SANOMAT</p>
<p>- Central Organisation of Finnish Trade Unions (SAK) chairman Lauri Ihalainen says it was important step when employers vowed on Monday to respect incomes settlement system and accept buffer funds if Finland joins EMU.</p>
<p>- Finance Minister Sauli Niinisto surprised at OKOBANK CEO Antti Tanskanen's comments that his bank may be interested in buying the state's Postipankki. @</p>
<p>- OKOBANK and Postipankki increase their network of automatic banking machines by 100.</p>
<p>- Men's menopause can be treated with hormone plasters, not to cure impotence but to keep testosterone levels normal.</p>
<p>- Spring is breaking out exceptionally early in Finland with early March temperatures at levels reached only a couple of times per century, weathermen say.</p>
<p>- Smoking is one factor causing rheumatism, though a clear link has not been found, researchers say. @</p>
<p>KAUPPALEHTI</p>
<p>- Enso had the highest operating profit as a portion of net sales of Finland's leading forest industry groups in 1996 -- 10.5 percent compared to 10.1 for UPM-Kymmene and 6.1 percent for Metsa-Serla.</p>
<p>- Pohjola CEO Iiro Viinanen says the group gave enough information to shareholders about restructuring plans including the incorporation of mutual Suomi's portfolio. Its informing process is being probed by the financial supervision. @</p>
<p>- Finland's unemployment problems are structural and the labour market should increase flexibility, says OECD secretary general Donald Johnston visiting Finland.</p>
<p>- Finland is the leading country in electronic banking and seen abroad as a sort of laboratory, says official at Merita where only 10 percent of customers' payments are made over the counters.</p>
<p>- Planned abolition of law regulating auctions may dent industry credibility and there is a risk that stolen goods will flow to auctions, auctioneer says. @</p>
<p>AAMULEHTI</p>
<p>- Some 10,000 farms have been wiped out since Finland joined the EU in 1995 and only 35,000 of the remaining 93,000 farms are investing actively, says official at farmers' lobby MTK.</p>
<p>-- Helsinki Newsroom +358-9-680 50 242</p>
</text>
<copyright>(c) Reuters Limited 1997</copyright>
<metadata>
<codes class="bip:countries:1.0">
  <code code="FIN">
    <editdetail attribution="Reuters BIP Coding Group" action="confirmed" date="1997-03-11"/>
  </code>
</codes>
<codes class="bip:topics:1.0">
  <code code="GCAT">
    <editdetail attribution="Reuters BIP Coding Group" action="confirmed" date="1997-03-11"/>
  </code>
</codes>
<dc element="dc.date.created" value="1997-03-11"/>
<dc element="dc.publisher" value="Reuters Holdings Plc"/>
<dc element="dc.date.published" value="1997-03-11"/>
<dc element="dc.source" value="Reuters"/>
<dc element="dc.creator.location" value="HELSINKI"/>
<dc element="dc.creator.location.country.name" value="FINLAND"/>
<dc element="dc.source" value="Reuters"/>
</metadata>
</newsitem>
