<?xml version="1.0" encoding="iso-8859-1" ?>
<newsitem itemid="224803" id="root" date="1996-11-29" xml:lang="en">
<title>SOUTH AFRICA: Petmin ups half yr shr.</title>
<headline>Petmin ups half yr shr.</headline>
<dateline>JOHANNESBURG 1996-11-29</dateline>
<text>
<p>Half year ended August 31</p>
<p>			(million rand unless stated)</p>
<p>    Shr, attrib (cts)     36.9	  vs 30.7</p>
<p>    Net income		4.07	  vs 2.15</p>
<p>    Pre-tax		   6.01	  vs 2.89</p>
<p>    Tax			 1.94	  vs 0.74</p>
<p>    Interest paid	   0.22	  vs 0.02</p>
<p>    Turnover		  34.90	 vs 20.90</p>
<p>Full name: Petra Mining Ltd (formerly Petra Granite Ltd)</p>
<p>NOTE - In the absence of abnormal trading conditions, directors expect to maintain current levels of profitability in the second half.</p>
<p>-- Johannesburg newsroom +27 11 482 1003</p>
</text>
<copyright>(c) Reuters Limited 1996</copyright>
<metadata>
<codes class="bip:countries:1.0">
  <code code="SAFR">
    <editdetail attribution="Reuters BIP Coding Group" action="confirmed" date="1996-11-29"/>
  </code>
</codes>
<codes class="bip:topics:1.0">
  <code code="C15">
    <editdetail attribution="Reuters BIP Coding Group" action="confirmed" date="1996-11-29"/>
  </code>
  <code code="C151">
    <editdetail attribution="Reuters BIP Coding Group" action="confirmed" date="1996-11-29"/>
  </code>
  <code code="CCAT">
    <editdetail attribution="Reuters BIP Coding Group" action="confirmed" date="1996-11-29"/>
  </code>
</codes>
<dc element="dc.date.created" value="1996-11-29"/>
<dc element="dc.publisher" value="Reuters Holdings Plc"/>
<dc element="dc.date.published" value="1996-11-29"/>
<dc element="dc.source" value="Reuters"/>
<dc element="dc.creator.location" value="JOHANNESBURG"/>
<dc element="dc.creator.location.country.name" value="SOUTH AFRICA"/>
<dc element="dc.source" value="Reuters"/>
</metadata>
</newsitem>
