<?xml version="1.0" encoding="iso-8859-1" ?>
<newsitem itemid="631979" id="root" date="1997-06-02" xml:lang="en">
<title>BELGIUM: Buba gold row, not French vote, key for Belgian OLOs.</title>
<headline>Buba gold row, not French vote, key for Belgian OLOs.</headline>
<dateline>BRUSSELS 1997-06-02</dateline>
<text>
<p>The row between the Bundesbank and the Bonn government over the revaluation of gold reserves will set the tone for Belgian linear bonds (OLOs) and futures in the days ahead, traders said on Monday.</p>
<p>&quot;The hot issue for the next few days is the gold row,&quot; one trader said.</p>
<p>The Left's victory in Sunday's French elections by contrast was no longer considered a major factor as it had already been largely discounted, traders said.</p>
<p>At 0758 GMT the benchmark 2007 OLO yielded 6.03 percent, up from 6.02 percent at the close on Friday.  </p>
<p>One trader said prices were all set to advance.</p>
<p>-- Brussels Newsroom +32 2 287 6810, Fax +32 2 230 7710</p>
</text>
<copyright>(c) Reuters Limited 1997</copyright>
<metadata>
<codes class="bip:countries:1.0">
  <code code="BELG">
    <editdetail attribution="Reuters BIP Coding Group" action="confirmed" date="1997-06-02"/>
  </code>
</codes>
<codes class="bip:topics:1.0">
  <code code="M12">
    <editdetail attribution="Reuters BIP Coding Group" action="confirmed" date="1997-06-02"/>
  </code>
  <code code="MCAT">
    <editdetail attribution="Reuters BIP Coding Group" action="confirmed" date="1997-06-02"/>
  </code>
</codes>
<dc element="dc.date.created" value="1997-06-02"/>
<dc element="dc.publisher" value="Reuters Holdings Plc"/>
<dc element="dc.date.published" value="1997-06-02"/>
<dc element="dc.source" value="Reuters"/>
<dc element="dc.creator.location" value="BRUSSELS"/>
<dc element="dc.creator.location.country.name" value="BELGIUM"/>
<dc element="dc.source" value="Reuters"/>
</metadata>
</newsitem>
