<?xml version="1.0" encoding="iso-8859-1" ?>
<newsitem itemid="40488" id="root" date="1996-09-09" xml:lang="en">
<title>ROMANIA: RADIO ROMANIA AFTERNOON HEADLINES AT 4 PM.</title>
<headline>RADIO ROMANIA AFTERNOON HEADLINES AT 4 PM.</headline>
<dateline>BUCHAREST 1996-09-09</dateline>
<text>
<p>Radio Romania news headlines:</p>
<p>* Opposition Democratic Convention leader Emil Constantinescu has registered his candidacy in November 3 presidential polls with the Central Electoral Bureau. His candidacy was supported by some 250,000 signatures.</p>
<p>* &quot;I run for president because I Romanians deserve a better life and I am sure it's possible and I would be able to offer them a better life,&quot; Constantinescu told journalists.</p>
<p>* National Liberal Alliance launched literary critic Nicolae Manolescu as its candidate for presidency.</p>
<p>* Upper Senate discussed bill to control dignitaries fortune.</p>
<p>* Government held conference with local government officials to prepare for November 3 polls.</p>
<p>Some 7.5 million voters' cards are ready at local mayors' offices and some two million cards have been mailed so far.</p>
<p>* Agriculture Minister Alexandru Lapusan presented full report on current situation in autumn farming campaign.</p>
<p>* State's involvement in the economy is the only way to guarantee decent living standards for Romanians, Socialist Labour party leaders said.</p>
<p>* Some 40 new cases of viral meningitis were registered in the past three days with 380 people hospitalised across the country, of which 20 died, a health ministry statement said.</p>
<p>* Recent floods damaged 100 households in villages from the northern Suceava county. -- Bucharest Newsroom 40-1 3120264</p>
</text>
<copyright>(c) Reuters Limited 1996</copyright>
<metadata>
<codes class="bip:countries:1.0">
  <code code="ROM">
    <editdetail attribution="Reuters BIP Coding Group" action="confirmed" date="1996-09-09"/>
  </code>
</codes>
<codes class="bip:topics:1.0">
  <code code="GCAT">
    <editdetail attribution="Reuters BIP Coding Group" action="confirmed" date="1996-09-09"/>
  </code>
</codes>
<dc element="dc.date.created" value="1996-09-09"/>
<dc element="dc.publisher" value="Reuters Holdings Plc"/>
<dc element="dc.date.published" value="1996-09-09"/>
<dc element="dc.source" value="Reuters"/>
<dc element="dc.creator.location" value="BUCHAREST"/>
<dc element="dc.creator.location.country.name" value="ROMANIA"/>
<dc element="dc.source" value="Reuters"/>
</metadata>
</newsitem>
