<?xml version="1.0" encoding="iso-8859-1" ?>
<newsitem itemid="770043" id="root" date="1997-07-31" xml:lang="en">
<title>SOUTH AFRICA: S.AFRICAN ARMATO BUYS SWEETMAKER, IMPORTER.</title>
<headline>S.AFRICAN ARMATO BUYS SWEETMAKER, IMPORTER.</headline>
<dateline>JOHANNESBURG 1997-07-31</dateline>
<text>
<p>South African snack and sweet maker Armato Food Industries said on Thursday it had spent 219 million rand ($47.5 million) to buy a rival confectioner and an importer.</p>
<p>It said the move would boost current earnings per share on a pro forma basis by 21.5 percent to 32.2 South African cents.</p>
<p>&quot;Armato has bought Pepe Confectioners and its subsidiary National Candy Industries (NCI) for 160 million rand and the Alpine Importers group for 59 million rand,&quot; it said in a statement.</p>
<p>&quot;In addition to the positive impact which the acquisitions will have on our earnings in the current and future financial years, the potential for vertical integration of all three businesses will add an exciting new dimension to our infrastructure,&quot; Armato chief executive Mark Froman said.</p>
<p>($=4.61 rand)</p>
<p>- Johannesburg newsroom +27 11 482 1003</p>
<p>- E-mail johannesburg.newsroom@reuters.com</p>
</text>
<copyright>(c) Reuters Limited 1997</copyright>
<metadata>
<codes class="bip:countries:1.0">
  <code code="SAFR">
    <editdetail attribution="Reuters BIP Coding Group" action="confirmed" date="1997-07-31"/>
  </code>
</codes>
<codes class="bip:industries:1.0">
  <code code="I21000">
    <editdetail attribution="Reuters BIP Coding Group" action="confirmed" date="1997-07-31"/>
  </code>
</codes>
<codes class="bip:topics:1.0">
  <code code="C18">
    <editdetail attribution="Reuters BIP Coding Group" action="confirmed" date="1997-07-31"/>
  </code>
  <code code="C181">
    <editdetail attribution="Reuters BIP Coding Group" action="confirmed" date="1997-07-31"/>
  </code>
  <code code="CCAT">
    <editdetail attribution="Reuters BIP Coding Group" action="confirmed" date="1997-07-31"/>
  </code>
</codes>
<dc element="dc.date.created" value="1997-07-31"/>
<dc element="dc.publisher" value="Reuters Holdings Plc"/>
<dc element="dc.date.published" value="1997-07-31"/>
<dc element="dc.source" value="Reuters"/>
<dc element="dc.creator.location" value="JOHANNESBURG"/>
<dc element="dc.creator.location.country.name" value="SOUTH AFRICA"/>
<dc element="dc.source" value="Reuters"/>
</metadata>
</newsitem>
