<?xml version="1.0" encoding="iso-8859-1" ?>
<newsitem itemid="663689" id="root" date="1997-06-16" xml:lang="en">
<title>USA: Circuit City reports lower profits despite higher sales.</title>
<headline>Circuit City reports lower profits despite higher sales.</headline>
<dateline>RICHMOND, Va.</dateline>
<text>
<p>Circuit City Stores Inc. Monday reported a drop in profits for the latest quarter despite a 15 percent jump in sales, citing a challenging environment in the consumer electronics retailing business.</p>
<p>The company, the nation's largest retailer of  consumer electronics and major appliances, said it earned $12.5 million, or 13 cents a share, in its fiscal first quarter ended on May 31, down from year-earlier earnings of $16.8 million, or 17 cents a share.</p>
<p>Sales rose to $1.86 billion from $1.62 billion.</p>
<p>&quot;While other consumer electronics retailers have closed stores or curtailed their expansion plans, our successful track record has positioned Circuit City for continued growth despite the currently soft industry conditions,&quot; said Richard Sharp, chairman and chief executive officer.</p>
<p>&quot;Nevertheless, our sales trends also reflect a challenging industry environment,&quot; he said.</p>
<p>Sharp said personal computer sales were strong initially in the first quarter but they slackened in the final month of the period.</p>
<p>Sales of audio and video product were soft throughout the quarter.</p>
<p>Circuit City's stock was off 37.5 cents at $35.75 on the New York Stock Exchange.</p>
</text>
<copyright>(c) Reuters Limited 1997</copyright>
<metadata>
<codes class="bip:countries:1.0">
  <code code="USA">
    <editdetail attribution="Reuters BIP Coding Group" action="confirmed" date="1997-06-16"/>
  </code>
</codes>
<codes class="bip:industries:1.0">
  <code code="I65400">
    <editdetail attribution="Reuters BIP Coding Group" action="confirmed" date="1997-06-16"/>
  </code>
</codes>
<codes class="bip:topics:1.0">
  <code code="C15">
    <editdetail attribution="Reuters BIP Coding Group" action="confirmed" date="1997-06-16"/>
  </code>
  <code code="C151">
    <editdetail attribution="Reuters BIP Coding Group" action="confirmed" date="1997-06-16"/>
  </code>
  <code code="CCAT">
    <editdetail attribution="Reuters BIP Coding Group" action="confirmed" date="1997-06-16"/>
  </code>
</codes>
<dc element="dc.publisher" value="Reuters Holdings Plc"/>
<dc element="dc.date.published" value="1997-06-16"/>
<dc element="dc.source" value="Reuters"/>
<dc element="dc.creator.location" value="RICHMOND, Va."/>
<dc element="dc.creator.location.country.name" value="USA"/>
<dc element="dc.source" value="Reuters"/>
</metadata>
</newsitem>
