<?xml version="1.0" encoding="iso-8859-1" ?>
<newsitem itemid="73134" id="root" date="1996-09-24" xml:lang="en">
<title>INDIA: Indian cotton prices regain ground on export news.</title>
<headline>Indian cotton prices regain ground on export news.</headline>
<dateline>BOMBAY 1996-09-24</dateline>
<text>
<p>Indian cotton prices regained ground on Tuesday on speculative buying following reports the Indian government may allow more cotton exports, traders said.</p>
<p>They said the authorities were considering a proposal to allow more exports and a decision was expected soon. In spot deals Gujarat Kalyan rose by 300/400 rupees to 13,600/13,700 rupees per candy (355.56 kg) while wagad cotton gained by 400/500 rupees to 11,700 rupees per candy. Punjab saw-ginned moved up by 20/25 rupees to 1,700 rupees per maund (37.32 kg).</p>
<p>Bengal-deshi ready delivery rose by 5/15 rupees to 840/865 rupees per maund and October delivery by 50 to 900 rupees.</p>
<p>-- Bombay Commodities +91-22-265 9000</p>
</text>
<copyright>(c) Reuters Limited 1996</copyright>
<metadata>
<codes class="bip:countries:1.0">
  <code code="INDIA">
    <editdetail attribution="Reuters BIP Coding Group" action="confirmed" date="1996-09-24"/>
  </code>
</codes>
<codes class="bip:topics:1.0">
  <code code="M14">
    <editdetail attribution="Reuters BIP Coding Group" action="confirmed" date="1996-09-24"/>
  </code>
  <code code="M141">
    <editdetail attribution="Reuters BIP Coding Group" action="confirmed" date="1996-09-24"/>
  </code>
  <code code="MCAT">
    <editdetail attribution="Reuters BIP Coding Group" action="confirmed" date="1996-09-24"/>
  </code>
</codes>
<dc element="dc.date.created" value="1996-09-24"/>
<dc element="dc.publisher" value="Reuters Holdings Plc"/>
<dc element="dc.date.published" value="1996-09-24"/>
<dc element="dc.source" value="Reuters"/>
<dc element="dc.creator.location" value="BOMBAY"/>
<dc element="dc.creator.location.country.name" value="INDIA"/>
<dc element="dc.source" value="Reuters"/>
</metadata>
</newsitem>
