<?xml version="1.0" encoding="iso-8859-1" ?>
<newsitem itemid="162791" id="root" date="1996-11-04" xml:lang="en">
<title>USA: Alpharma Inc Q3 shrinks with charge.</title>
<headline>Alpharma Inc Q3 shrinks with charge.</headline>
<dateline>FORT LEE, N.J. 1996-11-04</dateline>
<text>
<p>1996			1995</p>
<p> Shr primary		$0.00		    $0.28</p>
<p> Shr diluted		 0.00		     0.28</p>
<p> Net			     29		    6,169</p>
<p> Revs		     122,438		  132,375</p>
<p> Avg shrs primary	21,852		   21,799</p>
<p> Avg shrs diluted	21,852		   22,012</p>
<p>	  9  MONTHS</p>
<p> Shr primary		$0.01		    $0.60</p>
<p> Shr diluted		 0.01		     0.60</p>
<p> Net			    304		   13,148</p>
<p> Revs		     371,467		  382,272</p>
<p> Avg shrs primary	21,772		   21,783</p>
<p> Avg shrs diluted	21,772		   21,996</p>
<p>(All data above 000s except per share numbers)</p>
<p>NOTE - Operating results for the third quarter and the first nine months of 1996 include a loss of about $0.06 per share resulting from the bankruptcy of a major pharmaceutical wholesaler.</p>
<p>-- New York newsdesk 212-859-1610</p>
</text>
<copyright>(c) Reuters Limited 1996</copyright>
<metadata>
<codes class="bip:countries:1.0">
  <code code="USA">
    <editdetail attribution="Reuters BIP Coding Group" action="confirmed" date="1996-11-04"/>
  </code>
</codes>
<codes class="bip:industries:1.0">
  <code code="I25700">
    <editdetail attribution="Reuters BIP Coding Group" action="confirmed" date="1996-11-04"/>
  </code>
</codes>
<codes class="bip:topics:1.0">
  <code code="C15">
    <editdetail attribution="Reuters BIP Coding Group" action="confirmed" date="1996-11-04"/>
  </code>
  <code code="C151">
    <editdetail attribution="Reuters BIP Coding Group" action="confirmed" date="1996-11-04"/>
  </code>
  <code code="CCAT">
    <editdetail attribution="Reuters BIP Coding Group" action="confirmed" date="1996-11-04"/>
  </code>
</codes>
<dc element="dc.date.created" value="1996-11-04"/>
<dc element="dc.publisher" value="Reuters Holdings Plc"/>
<dc element="dc.date.published" value="1996-11-04"/>
<dc element="dc.source" value="Reuters"/>
<dc element="dc.creator.location" value="FORT LEE, N.J."/>
<dc element="dc.creator.location.country.name" value="USA"/>
<dc element="dc.source" value="Reuters"/>
</metadata>
</newsitem>
