<?xml version="1.0" encoding="iso-8859-1" ?>
<newsitem itemid="457825" id="root" date="1997-03-20" xml:lang="en">
<title>UK: Tesco 500 mln stg bid for Irish stores fail.</title>
<headline>Tesco 500 mln stg bid for Irish stores fail.</headline>
<dateline>LONDON 1997-03-20</dateline>
<text>
<p>British food retailer Tesco has failed in talks with Associated British Foods to press a bid for three Irish supermarket chains owned by the food manufacturer, the Financial Times said on Thursday.</p>
<p>The paper said Tesco's 500 million pound ($797.3 million) bid for the Quinnsworth, Stewarts and Crazy Prices chains failed on Wednesday.</p>
<p>The resumption of talks was possible but unlikely, it added.</p>
<p>The deal would have given Tesco a 27 percent market share of the annual 4.24 billion pounds food market in the Republic of Ireland and 39 percent of the Northern Ireland market worth 1.9 billion pounds.</p>
<p>The paper did not give any reasons for the failure of the talks.</p>
<p>--London Newsroom +44 171 542 7717 ($1=.6271 Pound)</p>
</text>
<copyright>(c) Reuters Limited 1997</copyright>
<metadata>
<codes class="bip:countries:1.0">
  <code code="IRE">
    <editdetail attribution="Reuters BIP Coding Group" action="confirmed" date="1997-03-20"/>
  </code>
  <code code="UK">
    <editdetail attribution="Reuters BIP Coding Group" action="confirmed" date="1997-03-20"/>
  </code>
</codes>
<codes class="bip:industries:1.0">
  <code code="I41000">
    <editdetail attribution="Reuters BIP Coding Group" action="confirmed" date="1997-03-20"/>
  </code>
  <code code="I64100">
    <editdetail attribution="Reuters BIP Coding Group" action="confirmed" date="1997-03-20"/>
  </code>
</codes>
<codes class="bip:topics:1.0">
  <code code="C18">
    <editdetail attribution="Reuters BIP Coding Group" action="confirmed" date="1997-03-20"/>
  </code>
  <code code="C181">
    <editdetail attribution="Reuters BIP Coding Group" action="confirmed" date="1997-03-20"/>
  </code>
  <code code="CCAT">
    <editdetail attribution="Reuters BIP Coding Group" action="confirmed" date="1997-03-20"/>
  </code>
</codes>
<dc element="dc.date.created" value="1997-03-20"/>
<dc element="dc.publisher" value="Reuters Holdings Plc"/>
<dc element="dc.date.published" value="1997-03-20"/>
<dc element="dc.source" value="Reuters"/>
<dc element="dc.creator.location" value="LONDON"/>
<dc element="dc.creator.location.country.name" value="UK"/>
<dc element="dc.source" value="Reuters"/>
</metadata>
</newsitem>
