<?xml version="1.0" encoding="iso-8859-1" ?>
<newsitem itemid="376092" id="root" date="1997-02-13" xml:lang="en">
<title>INDIA: India's L&amp;T says projects fully-funded.</title>
<headline>India's L&amp;T says projects fully-funded.</headline>
<dateline>BOMBAY 1997-02-13</dateline>
<text>
<p>Engineering firm Larsen &amp; Toubro Ltd (L&amp;T), one of India's leading private sector firms, said on Thursday it had completed funding of all its major projects until the end of calendar 1998.  </p>
<p>&quot;We have two cement plants under construction - the Gujarat plant has almost completed expansion,&quot; Yeshwant Deosthalee, L&amp;T's senior vice president (finance) and member of the board, told Reuters in an interview.</p>
<p>Other major projects in hand include two captive power plants, he said. The funds requirement for these projects would be about 15.0 billion rupees ($418 million), he said.</p>
<p>&quot;All these projects are substantially funded,&quot; he said.</p>
<p>He said if L&amp;T decides to expand the capacity of its proposed 1.7 million tonnes a year cement plant at Tadpatri in the southern Andhra Pradesh state, it may have to raise fresh funds.</p>
<p>Deosthalee said L&amp;T's debt equity ratio was very conservative at less than one to one. &quot;It could be 0.75 to one by the year-end,&quot; he said.</p>
<p>-- Bombay newsroom +91-22-265 9000</p>
</text>
<copyright>(c) Reuters Limited 1997</copyright>
<metadata>
<codes class="bip:countries:1.0">
  <code code="INDIA">
    <editdetail attribution="Reuters BIP Coding Group" action="confirmed" date="1997-02-13"/>
  </code>
</codes>
<codes class="bip:industries:1.0">
  <code code="I32000">
    <editdetail attribution="Reuters BIP Coding Group" action="confirmed" date="1997-02-13"/>
  </code>
</codes>
<codes class="bip:topics:1.0">
  <code code="C17">
    <editdetail attribution="Reuters BIP Coding Group" action="confirmed" date="1997-02-13"/>
  </code>
  <code code="CCAT">
    <editdetail attribution="Reuters BIP Coding Group" action="confirmed" date="1997-02-13"/>
  </code>
</codes>
<dc element="dc.date.created" value="1997-02-13"/>
<dc element="dc.publisher" value="Reuters Holdings Plc"/>
<dc element="dc.date.published" value="1997-02-13"/>
<dc element="dc.source" value="Reuters"/>
<dc element="dc.creator.location" value="BOMBAY"/>
<dc element="dc.creator.location.country.name" value="INDIA"/>
<dc element="dc.source" value="Reuters"/>
</metadata>
</newsitem>
