<?xml version="1.0" encoding="iso-8859-1" ?>
<newsitem itemid="527907" id="root" date="1997-04-22" xml:lang="en">
<title>SOUTH KOREA: Seoul yields end flat, Jinro news affects.</title>
<headline>Seoul yields end flat, Jinro news affects.</headline>
<text>
<p>Yields on three-year benchmark corporate bonds ended flat on Tuesday for the third consecutive day, dealers said. They said liquidity remained stable but troubles at Jinro prevented the yield from falling.</p>
<p>The three-month CD yields also ended flat along with rates for three-month Commercial Paper (CP) on fears of tightening liquidity caused by Jinro's troubles, dealers said.</p>
<p>* 3-yr corporates closed unchanged at 12.43 pct</p>
<p>* 3-mth CDs closed unchanged at 13.10 pct</p>
<p>* Overnight average call rate at 11.53 pct vs 12.47 pct</p>
</text>
<copyright>(c) Reuters Limited 1997</copyright>
<metadata>
<codes class="bip:countries:1.0">
  <code code="SKOREA">
    <editdetail attribution="Reuters BIP Coding Group" action="confirmed" date="1997-04-22"/>
  </code>
</codes>
<codes class="bip:topics:1.0">
  <code code="M12">
    <editdetail attribution="Reuters BIP Coding Group" action="confirmed" date="1997-04-22"/>
  </code>
  <code code="M13">
    <editdetail attribution="Reuters BIP Coding Group" action="confirmed" date="1997-04-22"/>
  </code>
  <code code="M131">
    <editdetail attribution="Reuters BIP Coding Group" action="confirmed" date="1997-04-22"/>
  </code>
  <code code="MCAT">
    <editdetail attribution="Reuters BIP Coding Group" action="confirmed" date="1997-04-22"/>
  </code>
</codes>
<dc element="dc.publisher" value="Reuters Holdings Plc"/>
<dc element="dc.date.published" value="1997-04-22"/>
<dc element="dc.source" value="Reuters"/>
<dc element="dc.creator.location.country.name" value="SOUTH KOREA"/>
<dc element="dc.source" value="Reuters"/>
</metadata>
</newsitem>
