<?xml version="1.0" encoding="iso-8859-1" ?>
<newsitem itemid="52760" id="root" date="1996-09-13" xml:lang="en">
<title>AUSTRALIA: RTRS-IAMA makes 9-10 bid for Primac.</title>
<headline>RTRS-IAMA makes 9-10 bid for Primac.</headline>
<dateline>PERTH 1996-09-13</dateline>
<text>
<p>IAMA Ltd said on Friday it had made a takeover bid for Brisbane-based Primac Holdings Ltd consisting of nine IAMA shares for every 10 Primac shares.  </p>
<p>IAMA shares ended two cents higher on Friday at A$2.82 while Primac was unchanged at A$3.10, its year high.</p>
<p>Primac has 16.96 million shares on issue and a market capitalisation on A$52.57 million.</p>
<p>IAMA said in a substantial shareholder notice on Friday that it held 16.81 percent of Primac, a pastoral company.</p>
<p>Primac said on Septemer 9 that its 1995/96 net profit rose to A$4.31 million from A$3.04 million a year earlier.</p>
<p>It had sales of A$200.61 million compared with A$180.68 million in 1994/95. IAMA is a rural merchandise group which listed in early 1994.     -- Sydney Newsroom 61-2 9373-1800</p>
</text>
<copyright>(c) Reuters Limited 1996</copyright>
<metadata>
<codes class="bip:countries:1.0">
  <code code="AUSTR">
    <editdetail attribution="Reuters BIP Coding Group" action="confirmed" date="1996-09-13"/>
  </code>
</codes>
<codes class="bip:industries:1.0">
  <code code="I01001">
    <editdetail attribution="Reuters BIP Coding Group" action="confirmed" date="1996-09-13"/>
  </code>
</codes>
<codes class="bip:topics:1.0">
  <code code="C18">
    <editdetail attribution="Reuters BIP Coding Group" action="confirmed" date="1996-09-13"/>
  </code>
  <code code="C181">
    <editdetail attribution="Reuters BIP Coding Group" action="confirmed" date="1996-09-13"/>
  </code>
  <code code="CCAT">
    <editdetail attribution="Reuters BIP Coding Group" action="confirmed" date="1996-09-13"/>
  </code>
</codes>
<dc element="dc.date.created" value="1996-09-13"/>
<dc element="dc.publisher" value="Reuters Holdings Plc"/>
<dc element="dc.date.published" value="1996-09-13"/>
<dc element="dc.source" value="Reuters"/>
<dc element="dc.creator.location" value="PERTH"/>
<dc element="dc.creator.location.country.name" value="AUSTRALIA"/>
<dc element="dc.source" value="Reuters"/>
</metadata>
</newsitem>
