<?xml version="1.0" encoding="iso-8859-1" ?>
<newsitem itemid="462029" id="root" date="1997-03-23" xml:lang="en">
<title>POLAND: Two believed dead in Polish-Swedish factory blaze.</title>
<headline>Two believed dead in Polish-Swedish factory blaze.</headline>
<dateline>WARSAW 1997-03-23</dateline>
<text>
<p>Two women are believed dead in an overnight blaze that destroyed a mattress factory in Poland's northwestern Baltic port of Szczecin, PAP news agency said on Sunday.</p>
<p>The flame-gutted factory, belonging to the Polish-Swedish company Simco, collapsed, the agency quoted eyewitnesses as saying.</p>
<p>All 30 night-shift employees had managed to leave the burning factory safely but two of them, aged 27 and 33, then dashed back inside, apparently to save their belongings. They were not seen again.</p>
</text>
<copyright>(c) Reuters Limited 1997</copyright>
<metadata>
<codes class="bip:countries:1.0">
  <code code="POL">
    <editdetail attribution="Reuters BIP Coding Group" action="confirmed" date="1997-03-23"/>
  </code>
  <code code="SWED">
    <editdetail attribution="Reuters BIP Coding Group" action="confirmed" date="1997-03-23"/>
  </code>
</codes>
<codes class="bip:industries:1.0">
  <code code="I85000">
    <editdetail attribution="Reuters BIP Coding Group" action="confirmed" date="1997-03-23"/>
  </code>
</codes>
<codes class="bip:topics:1.0">
  <code code="C24">
    <editdetail attribution="Reuters BIP Coding Group" action="confirmed" date="1997-03-23"/>
  </code>
  <code code="CCAT">
    <editdetail attribution="Reuters BIP Coding Group" action="confirmed" date="1997-03-23"/>
  </code>
  <code code="GCAT">
    <editdetail attribution="Reuters BIP Coding Group" action="confirmed" date="1997-03-23"/>
  </code>
  <code code="GDIS">
    <editdetail attribution="Reuters BIP Coding Group" action="confirmed" date="1997-03-23"/>
  </code>
</codes>
<dc element="dc.date.created" value="1997-03-23"/>
<dc element="dc.publisher" value="Reuters Holdings Plc"/>
<dc element="dc.date.published" value="1997-03-23"/>
<dc element="dc.source" value="Reuters"/>
<dc element="dc.creator.location" value="WARSAW"/>
<dc element="dc.creator.location.country.name" value="POLAND"/>
<dc element="dc.source" value="Reuters"/>
</metadata>
</newsitem>
