<?xml version="1.0" encoding="iso-8859-1" ?>
<newsitem itemid="429777" id="root" date="1997-03-10" xml:lang="en">
<title>HUNGARY: HUNGARY WHEAT FUTURES SOAR ON FOREIGN DEMAND.</title>
<headline>HUNGARY WHEAT FUTURES SOAR ON FOREIGN DEMAND.</headline>
<dateline>BUDAPEST 1997-03-10</dateline>
<text>
<p>Hungarian wheat futures soared in brisk trading on the Budapest Commodity Exchange (BCE) on Monday in what traders attributed to the interest of international investors in opening long wheat positions.</p>
<p>Traders said Hungary, which has hundreds of thousands of tonnes of surplus wheat, has no real hope for large-volume exports in the near future, but a price rise wave on international markets boosted Hungarian prices too.</p>
<p>&quot;Multinational investors, large funds may be behind the surge,&quot; said LaSalle Rt's Gabor Herczeg.</p>
<p>&quot;In Chicago, and on other forward markets there was a large selling wave in the past two months,&quot; he added. &quot;It is not surprising that they want to close these positions somewhere.</p>
<p>The BCE trading concentrated on milling wheat futures, which rose by the limit of 400 forints in almost all maturities.</p>
<p>The settlement price of May milling wheat futures was 25,500 forints per tonne, up by 400. August milling wheat traded in an unusually high turnover of 838 lots and finished at 22,040 forints, up 400 forints.</p>
<p>Maize futures closed easier for all maturities, except October, which remained steady.</p>
<p>Lot size = 20,000 kgs</p>
<p>($1=177.30)</p>
</text>
<copyright>(c) Reuters Limited 1997</copyright>
<metadata>
<codes class="bip:countries:1.0">
  <code code="HUNG">
    <editdetail attribution="Reuters BIP Coding Group" action="confirmed" date="1997-03-10"/>
  </code>
</codes>
<codes class="bip:topics:1.0">
  <code code="M14">
    <editdetail attribution="Reuters BIP Coding Group" action="confirmed" date="1997-03-10"/>
  </code>
  <code code="M141">
    <editdetail attribution="Reuters BIP Coding Group" action="confirmed" date="1997-03-10"/>
  </code>
  <code code="MCAT">
    <editdetail attribution="Reuters BIP Coding Group" action="confirmed" date="1997-03-10"/>
  </code>
</codes>
<dc element="dc.date.created" value="1997-03-10"/>
<dc element="dc.publisher" value="Reuters Holdings Plc"/>
<dc element="dc.date.published" value="1997-03-10"/>
<dc element="dc.source" value="Reuters"/>
<dc element="dc.creator.location" value="BUDAPEST"/>
<dc element="dc.creator.location.country.name" value="HUNGARY"/>
<dc element="dc.source" value="Reuters"/>
</metadata>
</newsitem>
