<?xml version="1.0" encoding="iso-8859-1" ?>
<newsitem itemid="99285" id="root" date="1996-10-07" xml:lang="en">
<title>UK: IPE Brent closes at new post Gulf War high.</title>
<headline>IPE Brent closes at new post Gulf War high.</headline>
<dateline>LONDON 1996-10-07</dateline>
<text>
<p>IPE Brent futures closed at a new post Gulf War high for the near-month contract at $24.45 a barrel after breezing through resistance without a pause in a late rally a few minutes before the close of Monday's session.</p>
<p>November Brent soared to a high of $24.50 a barrel, up 65 cents on the day, as a huge rush to buy swept the IPE floor in the final minutes of trade, largely on the back of stronger NYMEX crude and heating oil futures, brokers said.</p>
<p>It later eased back five cents to close up 60 cents.  </p>
<p>Brent overtook the previous post Gulf War high of $24.39 a barrel achieved on Sept 12. The next target for Brent on the monthly charts is the high of $31.20 from January 1991.</p>
<p>A broker said one trader bid the price sharply up just before the close and there was no news to drive the market so high so quickly.</p>
<p>IPE gas oil, which has been supporting the oil complex on supply fears as the winter demand quarter begins, is also trading at its highest levels in more than five years.</p>
</text>
<copyright>(c) Reuters Limited 1996</copyright>
<metadata>
<codes class="bip:countries:1.0">
  <code code="UK">
    <editdetail attribution="Reuters BIP Coding Group" action="confirmed" date="1996-10-07"/>
  </code>
</codes>
<codes class="bip:topics:1.0">
  <code code="M14">
    <editdetail attribution="Reuters BIP Coding Group" action="confirmed" date="1996-10-07"/>
  </code>
  <code code="M143">
    <editdetail attribution="Reuters BIP Coding Group" action="confirmed" date="1996-10-07"/>
  </code>
  <code code="MCAT">
    <editdetail attribution="Reuters BIP Coding Group" action="confirmed" date="1996-10-07"/>
  </code>
</codes>
<dc element="dc.date.created" value="1996-10-07"/>
<dc element="dc.publisher" value="Reuters Holdings Plc"/>
<dc element="dc.date.published" value="1996-10-07"/>
<dc element="dc.source" value="Reuters"/>
<dc element="dc.creator.location" value="LONDON"/>
<dc element="dc.creator.location.country.name" value="UK"/>
<dc element="dc.source" value="Reuters"/>
</metadata>
</newsitem>
