<?xml version="1.0" encoding="iso-8859-1" ?>
<newsitem itemid="792001" id="root" date="1997-08-11" xml:lang="en">
<title>PAKISTAN: TABLE - PAKISTAN ECONOMIC INDICATORS - AUGUST 11.</title>
<headline>TABLE - PAKISTAN ECONOMIC INDICATORS - AUGUST 11.</headline>
<text>
<p>====== DAILY INDICATORS ======</p>
<p>					  SUNDAY		PREVIOUS</p>
<p> Rupee/US $ (inter-bank)	  40.7631	     40.7631</p>
<p> SBP Reference Rate (Rs/$)	40.7226	     40.7226</p>
<p> Rupee/US $ (kerb market)	 41.30		 41.30</p>
<p> Karachi 100-share index	  2,014.68	    2,013.21</p>
<p> Call money rate		    18.25 pct	   17.00 pct</p>
<p> Gold (Karachi) Rs/10 gm	  4,410		 4,346</p>
<p> Silver .999 (Rs/kg)		6,000		 6,000</p>
<p>Short-term Federal Bonds Data</p>
<p>  Maturity Yield Per Annum	15.00 pct	   15.00 pct</p>
<p>Sovereign Bond Data</p>
<p>  ISMA Closing		     101.875/103.00    101.875/103.00</p>
<p>  Maturity Yield Per Annum	10.560		10.560</p>
<p>  Maturity Yield Semi-Annual    10.295		10.295</p>
<p>Floating Rate Note Data</p>
<p>  ISMA Closing			99.80/100.80     99.80/100.80</p>
<p>  Accrued Interest		  0.951		0.951</p>
<p>			   -------------**************-------------</p>
<p> WEEKLY				June 28    June 21    YEAR-AGO</p>
<p>  Forex reserves    (SBP)	$1.829bln  $1.705bln  $2.528bln</p>
<p>  Forex within  Pak (SBP)	$0.525bln  $0.759bln  $0.690bln</p>
<p>  Forex outside Pak (SBP)	$0.631bln  $0.273bln  $1.146bln</p>
<p>  Gold, SDRs	  (SBP)	$0.673bln  $0.673bln  $0.692bln</p>
<p>			   -------------**************-------------</p>
<p> MONTHLY				     CURRENT	   YEAR-AGO</p>
<p>Growth in:</p>
<p>  Consumer price index  (FBS) JUN   12.45 pct	 10.30 pct</p>
<p>  Wholesale price index (FBS) JUN   12.05 pct	 N.A.</p>
<p>  M2 yr-on-yr	     (SBP) JUN   16.6 pct	  16.9  pct</p>
<p> Forex reserves	   (SBP) JUN   $1.829bln	 $2.528bln</p>
<p>  Forex within  Pak     (SBP) JUN   $0.525bln	 $0.690bln</p>
<p>  Forex outside Pak     (SBP) JUN   $0.631bln	 $1.146bln</p>
<p>  Gold, SDRs		(SBP) JUN   $0.673bln	 $0.692bln</p>
<p> Trade Balance	    (FBS) JUN  -$184  million	-$124  million</p>
<p>  Exports		   (FBS) JUN   $733  million	 $1,110million</p>
<p>  Imports		   (FBS) JUN   $917  million	 $1,234million</p>
<p>			   --------------*************--------------</p>
<p>    ANNUAL (State Bank of Pakistan)  1995/96	  1994/95</p>
<p> Population (millions)		   131.45	    127.75</p>
<p> Per capita income (market prices) Rs4,828**	  Rs4,697</p>
<p> External debt			    $28.6bln*	  $27.07bln</p>
<p> Debt service ratio			52.2*	     55.7</p>
<p> Real GDP growth (pct)		   6.1		  4.4</p>
<p> Fiscal deficit (pct of GDP)	   6.3		  5.5</p>
<p> Trade balance (July/June)	   -$3.666bln**     -$2.537bln</p>
<p>  Exports				   $8.3 bln**	 $7.759bln</p>
<p>  Imports				   $11.966bln**     $10.296bln</p>
<p> Current a/c balance (July/June)   -$4.244bln**     -$2.163bln</p>
<p> As pct of GDP			    6.6**		3.6</p>
<p> Industrial production (1980-81=100) 245.7*	     238.3</p>
<p> index (pct growth)			6.1		  2.9</p>
<p> Agricultural production (1959=100)  167		  152</p>
<p> index (pct growth)			6.74		 4.67</p>
<p>*  = estimate</p>
<p>** = provisional</p>
<p>SBP= State (central) Bank of Pakistan</p>
<p>FBS= Federal Bureau of Statistics</p>
<p>N.A.= Not available</p>
<p>-- Karachi Newsroom 9221-5685192</p>
</text>
<copyright>(c) Reuters Limited 1997</copyright>
<metadata>
<codes class="bip:countries:1.0">
  <code code="PAKIS">
    <editdetail attribution="Reuters BIP Coding Group" action="confirmed" date="1997-08-11"/>
  </code>
</codes>
<codes class="bip:topics:1.0">
  <code code="E71">
    <editdetail attribution="Reuters BIP Coding Group" action="confirmed" date="1997-08-11"/>
  </code>
  <code code="ECAT">
    <editdetail attribution="Reuters BIP Coding Group" action="confirmed" date="1997-08-11"/>
  </code>
</codes>
<dc element="dc.publisher" value="Reuters Holdings Plc"/>
<dc element="dc.date.published" value="1997-08-11"/>
<dc element="dc.source" value="Reuters"/>
<dc element="dc.creator.location.country.name" value="PAKISTAN"/>
<dc element="dc.source" value="Reuters"/>
</metadata>
</newsitem>
