<?xml version="1.0" encoding="iso-8859-1" ?>
<newsitem itemid="641317" id="root" date="1997-06-05" xml:lang="en">
<title>BELGIUM: EMU to aid mortgage market but obstacles remain.</title>
<headline>EMU to aid mortgage market but obstacles remain.</headline>
<dateline>BRUSSELS 1997-06-05</dateline>
<text>
<p>A single European currency will help create a harmonised mortgage market for consumers, but national taxation differences are likely to hinder complete integration, the European Mortgage Federation said on Thursday.</p>
<p>At a news conference outlining its annual report, officials from the federation said sharp differences in the deductibility of mortgage interest payments within the 15-nation bloc was perhaps the greatest obstacle to a common mortgage market.</p>
<p>&quot;The biggest problem is taxation,&quot; said Judith Hardt, secretary general of the federation.</p>
<p>&quot;Most countries don't allow you to borrow in another country and at the same time deduct the interest on the mortgage.&quot;</p>
<p>In Britain, for example, a borrower entering into a mortgage contract abroad with a company which has no subsidiary in Britain must deduct 20 percent of the interest payments as a payment to the Inland Revenue.</p>
<p>In Portugal and Spain, if borrowers pay their mortgage interest to a foreign institution, the payments are subject to a 10 percent withholding tax.</p>
<p>The upshot of these differences, said Hardt, is that borrowers risk a number of pitfalls when venturing outside their countries in search of cheaper mortgage rates.</p>
<p>A single currency should help expose such differences and prompt greater competition among financial institutions.</p>
<p>Over time a more competitive environment coupled with greater convergence in interest rates among EMU members could potentially diminish market distortions, she added.</p>
<p>The federation said it supported the European Commission's efforts to achieve greater tax harmonisation among governments ahead of the single currency's planned launch in 1999.</p>
</text>
<copyright>(c) Reuters Limited 1997</copyright>
<metadata>
<codes class="bip:countries:1.0">
  <code code="BELG">
    <editdetail attribution="Reuters BIP Coding Group" action="confirmed" date="1997-06-05"/>
  </code>
  <code code="EEC">
    <editdetail attribution="Reuters BIP Coding Group" action="confirmed" date="1997-06-05"/>
  </code>
</codes>
<codes class="bip:industries:1.0">
  <code code="I81501">
    <editdetail attribution="Reuters BIP Coding Group" action="confirmed" date="1997-06-05"/>
  </code>
  <code code="I8150103">
    <editdetail attribution="Reuters BIP Coding Group" action="confirmed" date="1997-06-05"/>
  </code>
</codes>
<codes class="bip:topics:1.0">
  <code code="C13">
    <editdetail attribution="Reuters BIP Coding Group" action="confirmed" date="1997-06-05"/>
  </code>
  <code code="C31">
    <editdetail attribution="Reuters BIP Coding Group" action="confirmed" date="1997-06-05"/>
  </code>
  <code code="CCAT">
    <editdetail attribution="Reuters BIP Coding Group" action="confirmed" date="1997-06-05"/>
  </code>
  <code code="G15">
    <editdetail attribution="Reuters BIP Coding Group" action="confirmed" date="1997-06-05"/>
  </code>
  <code code="G152">
    <editdetail attribution="Reuters BIP Coding Group" action="confirmed" date="1997-06-05"/>
  </code>
  <code code="G154">
    <editdetail attribution="Reuters BIP Coding Group" action="confirmed" date="1997-06-05"/>
  </code>
  <code code="GCAT">
    <editdetail attribution="Reuters BIP Coding Group" action="confirmed" date="1997-06-05"/>
  </code>
</codes>
<dc element="dc.date.created" value="1997-06-05"/>
<dc element="dc.publisher" value="Reuters Holdings Plc"/>
<dc element="dc.date.published" value="1997-06-05"/>
<dc element="dc.source" value="Reuters"/>
<dc element="dc.creator.location" value="BRUSSELS"/>
<dc element="dc.creator.location.country.name" value="BELGIUM"/>
<dc element="dc.source" value="Reuters"/>
</metadata>
</newsitem>
