<?xml version="1.0" encoding="iso-8859-1" ?>
<newsitem itemid="115234" id="root" date="1996-10-14" xml:lang="en">
<title>REPUBLIC OF IRELAND: Smurfit names Tony Smurfit as French CEO.</title>
<headline>Smurfit names Tony Smurfit as French CEO.</headline>
<dateline>DUBLIN 1996-10-14</dateline>
<text>
<p>Jefferson Smurfit Group Plc said on Monday that Tony Smurfit had been appointed to the position of chief executive of Smurfit France, effective from November 1.</p>
<p>The appointment will enable Pat Barrett, who has been acting chief executive of Smurfit France, to devote himself full-time to his position of chief operations officer of Smurfit Continental Europe, the company said in a statement.  </p>
<p>Tony Smurfit is the son of chairman and chief executive officer Michael Smurfit.</p>
<p>He is currently deputy chief executive of Smurfit France and was previously deputy chief executive of Smurfit Socar in France. Prior to this, he held senior positions within the group's operations in the U.S. and Britain, Smurfit said.</p>
<p>His appointment reflects the increased scale of the group's business in France following the acquisitions of Cellulose du Pin and Les Papeteries du Limousin during the last two years, the company said.</p>
<p>-- Dublin Newsroom +353 1 676 9779</p>
</text>
<copyright>(c) Reuters Limited 1996</copyright>
<metadata>
<codes class="bip:countries:1.0">
  <code code="FRA">
    <editdetail attribution="Reuters BIP Coding Group" action="confirmed" date="1996-10-14"/>
  </code>
  <code code="IRE">
    <editdetail attribution="Reuters BIP Coding Group" action="confirmed" date="1996-10-14"/>
  </code>
</codes>
<codes class="bip:industries:1.0">
  <code code="I47100">
    <editdetail attribution="Reuters BIP Coding Group" action="confirmed" date="1996-10-14"/>
  </code>
</codes>
<codes class="bip:topics:1.0">
  <code code="C41">
    <editdetail attribution="Reuters BIP Coding Group" action="confirmed" date="1996-10-14"/>
  </code>
  <code code="C411">
    <editdetail attribution="Reuters BIP Coding Group" action="confirmed" date="1996-10-14"/>
  </code>
  <code code="CCAT">
    <editdetail attribution="Reuters BIP Coding Group" action="confirmed" date="1996-10-14"/>
  </code>
</codes>
<dc element="dc.date.created" value="1996-10-14"/>
<dc element="dc.publisher" value="Reuters Holdings Plc"/>
<dc element="dc.date.published" value="1996-10-14"/>
<dc element="dc.source" value="Reuters"/>
<dc element="dc.creator.location" value="DUBLIN"/>
<dc element="dc.creator.location.country.name" value="REPUBLIC OF IRELAND"/>
<dc element="dc.source" value="Reuters"/>
</metadata>
</newsitem>
