<?xml version="1.0" encoding="iso-8859-1" ?>
<newsitem itemid="745738" id="root" date="1997-07-22" xml:lang="en">
<title>JAPAN: Konica to supply digital copiers to Kodak - paper.</title>
<headline>Konica to supply digital copiers to Kodak - paper.</headline>
<dateline>TOKYO 1996-07-23</dateline>
<text>
<p>Konica Corp is to supply high-speed digital copiers to Eastman Kodak Co which will be sold outside of Japan under the Kodak brand name, business daily Nihon Keizai Shimbun said on Wednesday.</p>
<p>The move will help boost Konica's copier business overseas, the paper said.</p>
<p>Konica, which makes photographic film and data processing equipment, will supply copiers capable of turning out 50 copies per minute to a company based in Florida which will begin selling them in August, the paper said.</p>
<p>The digital copiers can be used as laser printers and can also process and edit images when connected to personal computers, it said.</p>
<p>Konica expects to ship 10,000 units from Japan in the initial year, the paper said.</p>
<p>A spokesman for Konica was not immediately available to comment on the report.</p>
</text>
<copyright>(c) Reuters Limited 1997</copyright>
<metadata>
<codes class="bip:countries:1.0">
  <code code="JAP">
    <editdetail attribution="Reuters BIP Coding Group" action="confirmed" date="1997-07-22"/>
  </code>
  <code code="USA">
    <editdetail attribution="Reuters BIP Coding Group" action="confirmed" date="1997-07-22"/>
  </code>
</codes>
<codes class="bip:industries:1.0">
  <code code="I37330">
    <editdetail attribution="Reuters BIP Coding Group" action="confirmed" date="1997-07-22"/>
  </code>
</codes>
<codes class="bip:topics:1.0">
  <code code="C33">
    <editdetail attribution="Reuters BIP Coding Group" action="confirmed" date="1997-07-22"/>
  </code>
  <code code="CCAT">
    <editdetail attribution="Reuters BIP Coding Group" action="confirmed" date="1997-07-22"/>
  </code>
</codes>
<dc element="dc.date.created" value="1996-07-23"/>
<dc element="dc.publisher" value="Reuters Holdings Plc"/>
<dc element="dc.date.published" value="1997-07-22"/>
<dc element="dc.source" value="Reuters"/>
<dc element="dc.creator.location" value="TOKYO"/>
<dc element="dc.creator.location.country.name" value="JAPAN"/>
<dc element="dc.source" value="Reuters"/>
</metadata>
</newsitem>
