<?xml version="1.0" encoding="iso-8859-1" ?>
<newsitem itemid="74522" id="root" date="1996-09-25" xml:lang="en">
<title>USA: RESEARCH ALERT - AT&amp;T remains a strong buy.</title>
<headline>RESEARCH ALERT - AT&amp;T remains a strong buy.</headline>
<text>
<p>-- Morgan Stanley analyst Stephanie Comfort said in a research note that she maintains her strong buy recommendation on AT&amp;T Corp.</p>
<p>-- The shares were off 1/4 to 51-1/4 in afternoon New York Stock Exchange trade.</p>
</text>
<copyright>(c) Reuters Limited 1996</copyright>
<metadata>
<codes class="bip:countries:1.0">
  <code code="USA">
    <editdetail attribution="Reuters BIP Coding Group" action="confirmed" date="1996-09-25"/>
  </code>
</codes>
<codes class="bip:industries:1.0">
  <code code="I79020">
    <editdetail attribution="Reuters BIP Coding Group" action="confirmed" date="1996-09-25"/>
  </code>
</codes>
<codes class="bip:topics:1.0">
  <code code="C15">
    <editdetail attribution="Reuters BIP Coding Group" action="confirmed" date="1996-09-25"/>
  </code>
  <code code="C152">
    <editdetail attribution="Reuters BIP Coding Group" action="confirmed" date="1996-09-25"/>
  </code>
  <code code="CCAT">
    <editdetail attribution="Reuters BIP Coding Group" action="confirmed" date="1996-09-25"/>
  </code>
</codes>
<dc element="dc.publisher" value="Reuters Holdings Plc"/>
<dc element="dc.date.published" value="1996-09-25"/>
<dc element="dc.source" value="Reuters"/>
<dc element="dc.creator.location.country.name" value="USA"/>
<dc element="dc.source" value="Reuters"/>
</metadata>
</newsitem>
