<?xml version="1.0" encoding="iso-8859-1" ?>
<newsitem itemid="269509" id="root" date="1996-12-20" xml:lang="en">
<title>MEXICO: Banco de Mexico assigns all secondary credits.</title>
<headline>Banco de Mexico assigns all secondary credits.</headline>
<dateline>MEXICO CITY 1996-12-20</dateline>
<text>
<p>Banco de Mexico has completed all four credit auctions in the secondary market.</p>
<p>    CREDIT AUCTIONS     TERM	 AVERAGE  RATE</p>
<p>    2.079  bln pesos    10 days     29.94 pct</p>
<p>    2.079  bln pesos     7 days     30.00 pct</p>
<p>    2.079  bln pesos     4 days     30.08 pct</p>
<p>    1.250  bln pesos     3 days     30.18 pct</p>
<p>NOTE - The maximum, minimum and average are percentages.</p>
<p>((-- Mexico City Newsroom 525 728-9500))</p>
</text>
<copyright>(c) Reuters Limited 1996</copyright>
<metadata>
<codes class="bip:countries:1.0">
  <code code="MEX">
    <editdetail attribution="Reuters BIP Coding Group" action="confirmed" date="1996-12-20"/>
  </code>
</codes>
<codes class="bip:topics:1.0">
  <code code="M13">
    <editdetail attribution="Reuters BIP Coding Group" action="confirmed" date="1996-12-20"/>
  </code>
  <code code="M131">
    <editdetail attribution="Reuters BIP Coding Group" action="confirmed" date="1996-12-20"/>
  </code>
  <code code="MCAT">
    <editdetail attribution="Reuters BIP Coding Group" action="confirmed" date="1996-12-20"/>
  </code>
</codes>
<dc element="dc.date.created" value="1996-12-20"/>
<dc element="dc.publisher" value="Reuters Holdings Plc"/>
<dc element="dc.date.published" value="1996-12-20"/>
<dc element="dc.source" value="Reuters"/>
<dc element="dc.creator.location" value="MEXICO CITY"/>
<dc element="dc.creator.location.country.name" value="MEXICO"/>
<dc element="dc.source" value="Reuters"/>
</metadata>
</newsitem>
