<?xml version="1.0" encoding="iso-8859-1" ?>
<newsitem itemid="171807" id="root" date="1996-11-07" xml:lang="en">
<title>USA: Becton Dickinson Q4 shr $0.66 vs $0.63.</title>
<headline>Becton Dickinson Q4 shr $0.66 vs $0.63.</headline>
<dateline>FRANKLIN LAKES, N.J. 1996-11-07</dateline>
<text>
<p>BECTON DICKINSON AND COMPANY</p>
<p>					SELECTED FINANCIAL SCHEDULES</p>
<p>		   Thousands of dollars, except per share amounts</p>
<p>				   Three Months Ended September 30,</p>
<p>									     %</p>
<p>					     1996	   1995  Change</p>
<p> REVENUES			   $  731,151  $  722,114     1.3</p>
<p> Cost of products sold	     359,871     360,637   ( .2)</p>
<p> Selling and administrative	204,344     202,621	.9</p>
<p> Research and development	   40,472	37,893     6.8</p>
<p>TOTAL OPERATING COSTS</p>
<p>     AND EXPENSES		    604,687     601,151	.6</p>
<p> OPERATING INCOME		    126,464     120,963     4.5</p>
<p> Interest expense, net	     (8,651)     (9,830)  (12.0)</p>
<p> Other income, net		     2,976	 9,107  (67.3)</p>
<p> INCOME BEFORE INCOME TAXES	120,789     120,240	.5</p>
<p> Income tax provision		 33,821	33,667	.5</p>
<p> NET INCOME			     86,968	86,573	.5</p>
<p> EARNINGS PER SHARE			.66	   .63     4.8</p>
<p>Average common and common</p>
<p> equivalent shares outstanding   130,676     136,434</p>
<p>				   Twelve Months Ended September 30</p>
<p>									     %</p>
<p>					     1996	  1995   Change</p>
<p> REVENUES			   $2,769,756  $2,712,525     2.1</p>
<p> Cost of products sold	   1,429,177   1,436,358   ( .5)</p>
<p> Selling and administrative	755,110     735,316     2.7</p>
<p> Research and development	  154,220     144,201     6.9</p>
<p>TOTAL OPERATING COSTS</p>
<p>     AND EXPENSES		  2,338,507   2,315,875     1.0</p>
<p> OPERATING INCOME		    431,249     396,650     8.7</p>
<p> Interest expense, net	    (37,409)    (42,833)  (12.7)</p>
<p> Other expense, net		    (164)     (4,239)  (96.1)</p>
<p> INCOME BEFORE INCOME TAXES	393,676     349,578    12.6</p>
<p> Income tax provision		110,229	97,882    12.6</p>
<p> NET INCOME			    283,447     251,696    12.6</p>
<p> EARNINGS PER SHARE		     2.11	  1.79    17.9</p>
<p>Average common and common</p>
<p> equivalent shares outstanding   132,795     138,402</p>
</text>
<copyright>(c) Reuters Limited 1996</copyright>
<metadata>
<codes class="bip:countries:1.0">
  <code code="USA">
    <editdetail attribution="Reuters BIP Coding Group" action="confirmed" date="1996-11-07"/>
  </code>
</codes>
<codes class="bip:industries:1.0">
  <code code="I25700">
    <editdetail attribution="Reuters BIP Coding Group" action="confirmed" date="1996-11-07"/>
  </code>
</codes>
<codes class="bip:topics:1.0">
  <code code="C15">
    <editdetail attribution="Reuters BIP Coding Group" action="confirmed" date="1996-11-07"/>
  </code>
  <code code="C151">
    <editdetail attribution="Reuters BIP Coding Group" action="confirmed" date="1996-11-07"/>
  </code>
  <code code="C1511">
    <editdetail attribution="Reuters BIP Coding Group" action="confirmed" date="1996-11-07"/>
  </code>
  <code code="CCAT">
    <editdetail attribution="Reuters BIP Coding Group" action="confirmed" date="1996-11-07"/>
  </code>
</codes>
<dc element="dc.date.created" value="1996-11-07"/>
<dc element="dc.publisher" value="Reuters Holdings Plc"/>
<dc element="dc.date.published" value="1996-11-07"/>
<dc element="dc.source" value="Reuters"/>
<dc element="dc.creator.location" value="FRANKLIN LAKES, N.J."/>
<dc element="dc.creator.location.country.name" value="USA"/>
<dc element="dc.source" value="Reuters"/>
</metadata>
</newsitem>
