<?xml version="1.0" encoding="iso-8859-1" ?>
<newsitem itemid="375021" id="root" date="1997-02-13" xml:lang="en">
<title>SOUTH AFRICA: Seismic event to affect Vaal Reefs output.</title>
<headline>Seismic event to affect Vaal Reefs output.</headline>
<dateline>JOHANNESBURG 1997-02-13</dateline>
<text>
<p>Anglo American Corp of South Africa Ltd said on Thursday gold production at its Vaal Reefs Exploration and Mining Co Ltd in the March and June quarters will be down by one percent due to a seismic event which occurred on February 10.  </p>
<p>The seismic event, which measured 4.5 on the Richter Scale, took place in the mine's North Lease area, Anglo's gold and uranium division, AngloGold, said in a statement.</p>
<p>It said no employees were in the affected area at the time and added that the section concerned will be rehabilitated by the end of June.</p>
<p>&quot;The resultant loss of gold production in both the March and June quarters is estimated at two percent for the North Lease area and one percent for Vaal Reefs as a whole,&quot; AngloGold said.</p>
<p>Vaal Reefs produced 16,991 kg of gold in the three months to end-December, compared to 16,968 kg in the preceding quarter.</p>
<p>-- Johannesburg newsroom, +27-11 482 1003</p>
</text>
<copyright>(c) Reuters Limited 1997</copyright>
<metadata>
<codes class="bip:countries:1.0">
  <code code="SAFR">
    <editdetail attribution="Reuters BIP Coding Group" action="confirmed" date="1997-02-13"/>
  </code>
</codes>
<codes class="bip:industries:1.0">
  <code code="I21000">
    <editdetail attribution="Reuters BIP Coding Group" action="confirmed" date="1997-02-13"/>
  </code>
  <code code="I83960">
    <editdetail attribution="Reuters BIP Coding Group" action="confirmed" date="1997-02-13"/>
  </code>
</codes>
<codes class="bip:topics:1.0">
  <code code="C21">
    <editdetail attribution="Reuters BIP Coding Group" action="confirmed" date="1997-02-13"/>
  </code>
  <code code="CCAT">
    <editdetail attribution="Reuters BIP Coding Group" action="confirmed" date="1997-02-13"/>
  </code>
  <code code="GCAT">
    <editdetail attribution="Reuters BIP Coding Group" action="confirmed" date="1997-02-13"/>
  </code>
  <code code="GENV">
    <editdetail attribution="Reuters BIP Coding Group" action="confirmed" date="1997-02-13"/>
  </code>
</codes>
<dc element="dc.date.created" value="1997-02-13"/>
<dc element="dc.publisher" value="Reuters Holdings Plc"/>
<dc element="dc.date.published" value="1997-02-13"/>
<dc element="dc.source" value="Reuters"/>
<dc element="dc.creator.location" value="JOHANNESBURG"/>
<dc element="dc.creator.location.country.name" value="SOUTH AFRICA"/>
<dc element="dc.source" value="Reuters"/>
</metadata>
</newsitem>
