<?xml version="1.0" encoding="iso-8859-1" ?>
<newsitem itemid="91693" id="root" date="1996-10-02" xml:lang="en">
<title>USA: CBOT T-bonds options vol/open interest - Oct 1.</title>
<headline>CBOT T-bonds options vol/open interest - Oct 1.</headline>
<text>
<p>SOURCE: CHICAGO BOARD OF TRADE. IN CONTRACTS.</p>
<p>COMMODITY: T-BONDS		 CALL</p>
<p>			PRIOR    DAY   GIVE		  OPTS    CURR    EVE   PJA</p>
<p>YR MTH		 POS   TRADES  UPS  TRFRS ADJST  EXER    POS    TRDS  TRDS</p>
<p>-- ---	     ------- ------ ----- ----- ----- ------ ------- ----- -----</p>
<p>96 NOV TOTAL	 75322  29371 13739     3  4532	3   73898  1262</p>
<p>96 DEC TOTAL	209302  30635 11309     4  8166	   207828   102</p>
<p>97 JAN TOTAL	   550						 550</p>
<p>97 FEB TOTAL	   100						 100</p>
<p>97 MAR TOTAL	 39118   2302    79	   618	    41420</p>
<p>97 JUN TOTAL	  1479     14				     1491</p>
<p>97 DEC TOTAL	  1840						1840</p>
<p>COMMODITY: T-BONDS		 PUT</p>
<p>96 NOV TOTAL	 69352  24944  8773     2  4459	    74770    37</p>
<p>96 DEC TOTAL	148888  25246  8445    26  9482	   152224   103    15</p>
<p>97 MAR TOTAL	 20570    665   349	    81	    20895    10</p>
<p>97 JUN TOTAL	  1198						1198</p>
<p>97 OCT TOTAL	   400						 400</p>
<p>CMMDTY TOTAL	568119 113177 42694    35 27338	3  576614  1514    15</p>
<p>(Chicago newsdesk 312 408 8720)</p>
</text>
<copyright>(c) Reuters Limited 1996</copyright>
<metadata>
<codes class="bip:countries:1.0">
  <code code="USA">
    <editdetail attribution="Reuters BIP Coding Group" action="confirmed" date="1996-10-02"/>
  </code>
</codes>
<codes class="bip:topics:1.0">
  <code code="M12">
    <editdetail attribution="Reuters BIP Coding Group" action="confirmed" date="1996-10-02"/>
  </code>
  <code code="MCAT">
    <editdetail attribution="Reuters BIP Coding Group" action="confirmed" date="1996-10-02"/>
  </code>
</codes>
<dc element="dc.publisher" value="Reuters Holdings Plc"/>
<dc element="dc.date.published" value="1996-10-02"/>
<dc element="dc.source" value="Reuters"/>
<dc element="dc.creator.location.country.name" value="USA"/>
<dc element="dc.source" value="Reuters"/>
</metadata>
</newsitem>
