<?xml version="1.0" encoding="iso-8859-1" ?>
<newsitem itemid="22090" id="root" date="1996-08-29" xml:lang="en">
<title>USA: RESEARCH ALERT - Excel Communications as buy.</title>
<headline>RESEARCH ALERT - Excel Communications as buy.</headline>
<text>
<p>-- Chicago Corp analyst Eric Strumingher said he initiated coverage of long-distance telephone reseller Excel Communications Inc with a buy rating and a 12-month price target of $31. The company had its initial public offering in May 1996.</p>
<p>-- He forecast 1996 earnings per share of $1.53 and 1997 EPS of $2.21.</p>
<p>-- Strumingher said the company's superior sales channel and prudent investment in back-office support assured rapid growth.</p>
<p>-- The stock was up 1-3/4 at 22-5/8 at 1200 EDT/1600 GMT.</p>
</text>
<copyright>(c) Reuters Limited 1996</copyright>
<metadata>
<codes class="bip:countries:1.0">
  <code code="USA">
    <editdetail attribution="Reuters BIP Coding Group" action="confirmed" date="1996-08-29"/>
  </code>
</codes>
<codes class="bip:topics:1.0">
  <code code="C15">
    <editdetail attribution="Reuters BIP Coding Group" action="confirmed" date="1996-08-29"/>
  </code>
  <code code="C152">
    <editdetail attribution="Reuters BIP Coding Group" action="confirmed" date="1996-08-29"/>
  </code>
  <code code="CCAT">
    <editdetail attribution="Reuters BIP Coding Group" action="confirmed" date="1996-08-29"/>
  </code>
</codes>
<dc element="dc.publisher" value="Reuters Holdings Plc"/>
<dc element="dc.date.published" value="1996-08-29"/>
<dc element="dc.source" value="Reuters"/>
<dc element="dc.creator.location.country.name" value="USA"/>
<dc element="dc.source" value="Reuters"/>
</metadata>
</newsitem>
