<?xml version="1.0" encoding="iso-8859-1" ?>
<newsitem itemid="465677" id="root" date="1997-03-25" xml:lang="en">
<title>SOUTH AFRICA: SA Druggists raises interim shr 12 pct.</title>
<headline>SA Druggists raises interim shr 12 pct.</headline>
<dateline>JOHANNESBURG 1997-03-25</dateline>
<text>
<p>Half year ended Feb 28</p>
<p>			(million rand unless stated)</p>
<p>    Shr, pre-exceps (cts)    up 12 pct to 89.6</p>
<p>    Div (cts)		    31.0     vs  28.0</p>
<p>NOTE - The firm said the earnings per share figure did not include 112 million rand from the renegotiation of certain of its product rights drug firm Wyeth and 61 million rand spent on development and restructuring.</p>
<p>In a statement chief executive Peter Beningfield said the firm was still on track to meet its earnings growth target for the full year.</p>
</text>
<copyright>(c) Reuters Limited 1997</copyright>
<metadata>
<codes class="bip:countries:1.0">
  <code code="SAFR">
    <editdetail attribution="Reuters BIP Coding Group" action="confirmed" date="1997-03-25"/>
  </code>
</codes>
<codes class="bip:industries:1.0">
  <code code="I25700">
    <editdetail attribution="Reuters BIP Coding Group" action="confirmed" date="1997-03-25"/>
  </code>
</codes>
<codes class="bip:topics:1.0">
  <code code="C15">
    <editdetail attribution="Reuters BIP Coding Group" action="confirmed" date="1997-03-25"/>
  </code>
  <code code="C151">
    <editdetail attribution="Reuters BIP Coding Group" action="confirmed" date="1997-03-25"/>
  </code>
  <code code="CCAT">
    <editdetail attribution="Reuters BIP Coding Group" action="confirmed" date="1997-03-25"/>
  </code>
</codes>
<dc element="dc.date.created" value="1997-03-25"/>
<dc element="dc.publisher" value="Reuters Holdings Plc"/>
<dc element="dc.date.published" value="1997-03-25"/>
<dc element="dc.source" value="Reuters"/>
<dc element="dc.creator.location" value="JOHANNESBURG"/>
<dc element="dc.creator.location.country.name" value="SOUTH AFRICA"/>
<dc element="dc.source" value="Reuters"/>
</metadata>
</newsitem>
