<?xml version="1.0" encoding="iso-8859-1" ?>
<newsitem itemid="395898" id="root" date="1997-02-21" xml:lang="en">
<title>FINLAND: Tampella 96 net sales, profit by division.</title>
<headline>Tampella 96 net sales, profit by division.</headline>
<dateline>HELSINKI 1997-02-21</dateline>
<text>
<p>Finnish engineering group Oy Tampella Ab on Friday gave the following breakdown of its 1996 net sales and operating profit by division (million markka):</p>
<p>    NET SALES		  1996	  1995</p>
<p> Tamrock			3,691	 2,965</p>
<p> Tampella Power		 234	 1,043</p>
<p> Roxon			    564	   444</p>
<p> Oy Tampella Ab/Other	  31	     8</p>
<p> TOTAL			  4,520	 4,460</p>
<p>    OPERATING PROFIT	 1996	  1995</p>
<p> Tamrock			  254	   241</p>
<p> Tampella Power		   2	  -240</p>
<p> Roxon			     19	   -33</p>
<p> Oy Tampella Ab/Other	 -76	   -83</p>
<p> TOTAL			    199	  -115</p>
<p>-- Helsinki newsroom +35 89 6805 0235</p>
</text>
<copyright>(c) Reuters Limited 1997</copyright>
<metadata>
<codes class="bip:countries:1.0">
  <code code="FIN">
    <editdetail attribution="Reuters BIP Coding Group" action="confirmed" date="1997-02-21"/>
  </code>
</codes>
<codes class="bip:industries:1.0">
  <code code="I32510">
    <editdetail attribution="Reuters BIP Coding Group" action="confirmed" date="1997-02-21"/>
  </code>
</codes>
<codes class="bip:topics:1.0">
  <code code="C15">
    <editdetail attribution="Reuters BIP Coding Group" action="confirmed" date="1997-02-21"/>
  </code>
  <code code="C151">
    <editdetail attribution="Reuters BIP Coding Group" action="confirmed" date="1997-02-21"/>
  </code>
  <code code="C1511">
    <editdetail attribution="Reuters BIP Coding Group" action="confirmed" date="1997-02-21"/>
  </code>
  <code code="C31">
    <editdetail attribution="Reuters BIP Coding Group" action="confirmed" date="1997-02-21"/>
  </code>
  <code code="CCAT">
    <editdetail attribution="Reuters BIP Coding Group" action="confirmed" date="1997-02-21"/>
  </code>
</codes>
<dc element="dc.date.created" value="1997-02-21"/>
<dc element="dc.publisher" value="Reuters Holdings Plc"/>
<dc element="dc.date.published" value="1997-02-21"/>
<dc element="dc.source" value="Reuters"/>
<dc element="dc.creator.location" value="HELSINKI"/>
<dc element="dc.creator.location.country.name" value="FINLAND"/>
<dc element="dc.source" value="Reuters"/>
</metadata>
</newsitem>
