<?xml version="1.0" encoding="iso-8859-1" ?>
<newsitem itemid="783034" id="root" date="1997-08-06" xml:lang="en">
<title>USA: MBIA qualifies eight issues for bond insurance. [CORRECTED 14:06 GMT]</title>
<headline>MBIA qualifies eight issues for bond insurance. [CORRECTED 14:06 GMT]</headline>
<dateline>NEW YORK 1997-08-06</dateline>
<text>
<p>MBIA Insurance Corp. said on Wednesday it qualified for municipal bond insurance the following eight issues scheduled for competitive sale today.</p>
<p>--San Mateo Forster SD, Calif., 10.825 million GOs.</p>
<p>--Delhi Twp., Mich., $2.050 million downtown development.</p>
<p>--Kandiyohi County, Minn., $2.650 million GOs.</p>
<p>--Auburn City SD, N.Y., $19.232 million school bonds.</p>
<p>(Corrects by withdrawing Troy School District, N.Y. from MBIA's qualifications. The company said it did not intend to qualify the deal).</p>
<p>--Wilson SD, Pa., $8.275 million GOs.</p>
<p>--Richland County SD, S.C., $4.3 million GOs.</p>
<p>--Tennessee Housing Development, $30 million homeowner program.</p>
<p>--U.S. Municipal Desk, 212-859-1650</p>
</text>
<copyright>(c) Reuters Limited 1997</copyright>
<metadata>
<codes class="bip:countries:1.0">
  <code code="USA">
    <editdetail attribution="Reuters BIP Coding Group" action="confirmed" date="1997-08-06"/>
  </code>
</codes>
<codes class="bip:topics:1.0">
  <code code="E21">
    <editdetail attribution="Reuters BIP Coding Group" action="confirmed" date="1997-08-06"/>
  </code>
  <code code="E212">
    <editdetail attribution="Reuters BIP Coding Group" action="confirmed" date="1997-08-06"/>
  </code>
  <code code="ECAT">
    <editdetail attribution="Reuters BIP Coding Group" action="confirmed" date="1997-08-06"/>
  </code>
</codes>
<dc element="dc.date.created" value="1997-08-06"/>
<dc element="dc.publisher" value="Reuters Holdings Plc"/>
<dc element="dc.date.published" value="1997-08-06"/>
<dc element="dc.source" value="Reuters"/>
<dc element="dc.creator.location" value="NEW YORK"/>
<dc element="dc.creator.location.country.name" value="USA"/>
<dc element="dc.source" value="Reuters"/>
</metadata>
</newsitem>
