<?xml version="1.0" encoding="iso-8859-1" ?>
<newsitem itemid="799368" id="root" date="1997-08-14" xml:lang="en">
<title>SINGAPORE: TABLE-ST AUTOMOTIVE 1H'97 NET UP 15.6 PCT.</title>
<headline>TABLE-ST AUTOMOTIVE 1H'97 NET UP 15.6 PCT.</headline>
<dateline>SINGAPORE 1997-08-14</dateline>
<text>
<p>Six months to June 30, 1997</p>
<p>		   (in millions of S$ unless stated)</p>
<p>    Net profit			     8.88  vs   7.68</p>
<p>    Group shr (cents)		    7.39  vs   6.39</p>
<p>    Turnover			     131.57  vs 125.57</p>
<p>    Other income incl. interest	5.08  vs   2.55</p>
<p>    Interest expense		     0.05  vs   0.08</p>
<p>    Depreciation and amortisation    4.17  vs   2.54</p>
<p>    Pre-tax profit			 9.49  vs   6.98</p>
<p>    Profits from associates	    2.72  vs   3.63</p>
<p>    Tax					3.32  vs   2.77</p>
<p>    Minorities			     0.008 vs   0.16</p>
<p>Note - Singapore Technologies Automotive Ltd said net profit rose mainly due to increased interest income and higher sales from all business segments except engineering services and trading.</p>
<p>-- Singapore Newsroom (65) 870-3080; Fax (65) 776-8112</p>
<p>-- Email: singapore.newsroom@reuters.com</p>
</text>
<copyright>(c) Reuters Limited 1997</copyright>
<metadata>
<codes class="bip:countries:1.0">
  <code code="SINGP">
    <editdetail attribution="Reuters BIP Coding Group" action="confirmed" date="1997-08-14"/>
  </code>
</codes>
<codes class="bip:topics:1.0">
  <code code="C15">
    <editdetail attribution="Reuters BIP Coding Group" action="confirmed" date="1997-08-14"/>
  </code>
  <code code="C151">
    <editdetail attribution="Reuters BIP Coding Group" action="confirmed" date="1997-08-14"/>
  </code>
  <code code="CCAT">
    <editdetail attribution="Reuters BIP Coding Group" action="confirmed" date="1997-08-14"/>
  </code>
</codes>
<dc element="dc.date.created" value="1997-08-14"/>
<dc element="dc.publisher" value="Reuters Holdings Plc"/>
<dc element="dc.date.published" value="1997-08-14"/>
<dc element="dc.source" value="Reuters"/>
<dc element="dc.creator.location" value="SINGAPORE"/>
<dc element="dc.creator.location.country.name" value="SINGAPORE"/>
<dc element="dc.source" value="Reuters"/>
</metadata>
</newsitem>
