<?xml version="1.0" encoding="iso-8859-1" ?>
<newsitem itemid="378471" id="root" date="1997-02-14" xml:lang="en">
<title>USA: Contour Medical Q2 Dec 31 full results.</title>
<headline>Contour Medical Q2 Dec 31 full results.</headline>
<dateline>ST. PETERSBURG, Fla. 1997-02-14</dateline>
<text>
<p>FINANCIAL RECAP	   Three months ended  Six months ended</p>
<p>					 December 31,  December 31,</p>
<p>			    1996	 1995	  1996	 1995</p>
<p> Sales	    $13,002,786 $2,512,220 $25,915,316 $4,750,349</p>
<p> Net Income	   462,703    122,590     894,432    229,869</p>
<p>Net Income Per Common</p>
<p>   Share, Primary	0.08	 0.03	  0.15	 0.05</p>
<p>Weighted Average Number of</p>
<p>   Common Shares  5,959,837  4,613,841   5,838,369  4,613,841</p>
<p>Net Income Per Common Share, Fully Diluted</p>
<p>			     0.05	   --	  0.10	   --</p>
<p>Total Common Shares and Common Share Equivalents</p>
<p>			8,961,026	   --   8,961,026	   --</p>
<p>Note: Full company name is Contour Medical Inc.</p>
<p>-- New York Newsdesk 212 859-1610</p>
</text>
<copyright>(c) Reuters Limited 1997</copyright>
<metadata>
<codes class="bip:countries:1.0">
  <code code="USA">
    <editdetail attribution="Reuters BIP Coding Group" action="confirmed" date="1997-02-14"/>
  </code>
</codes>
<codes class="bip:industries:1.0">
  <code code="I25700">
    <editdetail attribution="Reuters BIP Coding Group" action="confirmed" date="1997-02-14"/>
  </code>
</codes>
<codes class="bip:topics:1.0">
  <code code="C15">
    <editdetail attribution="Reuters BIP Coding Group" action="confirmed" date="1997-02-14"/>
  </code>
  <code code="C151">
    <editdetail attribution="Reuters BIP Coding Group" action="confirmed" date="1997-02-14"/>
  </code>
  <code code="CCAT">
    <editdetail attribution="Reuters BIP Coding Group" action="confirmed" date="1997-02-14"/>
  </code>
</codes>
<dc element="dc.date.created" value="1997-02-14"/>
<dc element="dc.publisher" value="Reuters Holdings Plc"/>
<dc element="dc.date.published" value="1997-02-14"/>
<dc element="dc.source" value="Reuters"/>
<dc element="dc.creator.location" value="ST. PETERSBURG, Fla."/>
<dc element="dc.creator.location.country.name" value="USA"/>
<dc element="dc.source" value="Reuters"/>
</metadata>
</newsitem>
