<?xml version="1.0" encoding="iso-8859-1" ?>
<newsitem itemid="11551" id="root" date="1996-08-23" xml:lang="en">
<title>PAKISTAN: Pakistan issues flood warnings, Lahore paralysed.</title>
<headline>Pakistan issues flood warnings, Lahore paralysed.</headline>
<dateline>LAHORE, Pakistan 1996-08-23</dateline>
<text>
<p>Pakistani authorities issued flood warnings for Punjab province on Friday as heavy rain virtually paralysed the provincial capital Lahore.</p>
<p>A spokesman for the Flood Forecasting Bureau in Lahore said the Ravi and Chenab rivers were in exceptionally high flood at several points after heavy rain in catchment areas.</p>
<p>&quot;The rains in the upper and lower catchment area have not stopped for the last 36 hours,&quot; the spokesman said, adding that the department had warned all concerned government agencies.</p>
<p>In Lahore, witnesses said life had come to a near-standstill after heavy rain left water up to one metre (three feet) deep. Motor vehicles could not be used and only horse-drawn carriages and wagons were on the streets.</p>
<p>The Meteorological Department said 164 mm (almost 6-1/2 inches) of rain had fallen in Lahore in the past 24 hours.</p>
<p>This means the city received more rain in a single day than Pakistan's average rainfall of 140 mm (5-1/2 inches) during the whole of the three-month monsoon season. Officials said they were checking whether this had broken previous records.</p>
<p>&quot;I've never seen anything like it in 50 years,&quot; said Tahir Mashadi, 70, stranded at home like most Lahore residents.</p>
<p>There were no immediate reports of any casualties or damage.</p>
<p>Last year floods inundated parts of Pakistan, damaging thousands of houses, destroying crops and killing cattle.</p>
</text>
<copyright>(c) Reuters Limited 1996</copyright>
<metadata>
<codes class="bip:countries:1.0">
  <code code="PAKIS">
    <editdetail attribution="Reuters BIP Coding Group" action="confirmed" date="1996-08-23"/>
  </code>
</codes>
<codes class="bip:topics:1.0">
  <code code="GCAT">
    <editdetail attribution="Reuters BIP Coding Group" action="confirmed" date="1996-08-23"/>
  </code>
  <code code="GDIS">
    <editdetail attribution="Reuters BIP Coding Group" action="confirmed" date="1996-08-23"/>
  </code>
  <code code="GWEA">
    <editdetail attribution="Reuters BIP Coding Group" action="confirmed" date="1996-08-23"/>
  </code>
</codes>
<dc element="dc.date.created" value="1996-08-23"/>
<dc element="dc.publisher" value="Reuters Holdings Plc"/>
<dc element="dc.date.published" value="1996-08-23"/>
<dc element="dc.source" value="Reuters"/>
<dc element="dc.creator.location" value="LAHORE, Pakistan"/>
<dc element="dc.creator.location.country.name" value="PAKISTAN"/>
<dc element="dc.source" value="Reuters"/>
</metadata>
</newsitem>
