<?xml version="1.0" encoding="iso-8859-1" ?>
<newsitem itemid="787210" id="root" date="1997-08-08" xml:lang="en">
<title>USA: SOCCER-ECUADOR BEAT U.S. 1-0 IN FRIENDLY.</title>
<headline>SOCCER-ECUADOR BEAT U.S. 1-0 IN FRIENDLY.</headline>
<dateline>BALTIMORE 1997-08-07</dateline>
<text>
<p>Ecuador beat the United States 1-0 (halftime 0-0) in a friendly on Thursday.</p>
<p>Scorer: Ecuador - Wellington Sanchez (83rd)</p>
<p>Attendance: 13,692</p>
</text>
<copyright>(c) Reuters Limited 1997</copyright>
<metadata>
<codes class="bip:countries:1.0">
  <code code="ECU">
    <editdetail attribution="Reuters BIP Coding Group" action="confirmed" date="1997-08-08"/>
  </code>
  <code code="USA">
    <editdetail attribution="Reuters BIP Coding Group" action="confirmed" date="1997-08-08"/>
  </code>
</codes>
<codes class="bip:topics:1.0">
  <code code="GCAT">
    <editdetail attribution="Reuters BIP Coding Group" action="confirmed" date="1997-08-08"/>
  </code>
  <code code="GSPO">
    <editdetail attribution="Reuters BIP Coding Group" action="confirmed" date="1997-08-08"/>
  </code>
</codes>
<dc element="dc.date.created" value="1997-08-07"/>
<dc element="dc.publisher" value="Reuters Holdings Plc"/>
<dc element="dc.date.published" value="1997-08-08"/>
<dc element="dc.source" value="Reuters"/>
<dc element="dc.creator.location" value="BALTIMORE"/>
<dc element="dc.creator.location.country.name" value="USA"/>
<dc element="dc.source" value="Reuters"/>
</metadata>
</newsitem>
