<?xml version="1.0" encoding="iso-8859-1" ?>
<newsitem itemid="634907" id="root" date="1997-06-03" xml:lang="en">
<title>USA: CME cattle and pork complex pre-opening calls.</title>
<headline>CME cattle and pork complex pre-opening calls.</headline>
<dateline>CHICAGO 1997-06-03</dateline>
<text>
<p>CME cattle and pork complex pre-opening calls as of 0805 CDT.</p>
<p>LIVE CATTLE - Steady to off 0.150 cent. Both fed cattle and boxed beef markets look weak.</p>
<p>FEEDER CATTLE - Steady to off 0.150 cent. Higher trending corn futures should keep market pressured.</p>
<p>LEAN HOGS - Steady to up 0.150 cent. Steady to higher live indications should offset weakness in cutout values.</p>
<p>PORK BELLIES - Steady to up 0.250 cent. Carryover demand seen on expected out-movement from storage.</p>
<p>((Jerry Bieszk 312-408-8725))</p>
</text>
<copyright>(c) Reuters Limited 1997</copyright>
<metadata>
<codes class="bip:countries:1.0">
  <code code="USA">
    <editdetail attribution="Reuters BIP Coding Group" action="confirmed" date="1997-06-03"/>
  </code>
</codes>
<codes class="bip:topics:1.0">
  <code code="M14">
    <editdetail attribution="Reuters BIP Coding Group" action="confirmed" date="1997-06-03"/>
  </code>
  <code code="M141">
    <editdetail attribution="Reuters BIP Coding Group" action="confirmed" date="1997-06-03"/>
  </code>
  <code code="MCAT">
    <editdetail attribution="Reuters BIP Coding Group" action="confirmed" date="1997-06-03"/>
  </code>
</codes>
<dc element="dc.date.created" value="1997-06-03"/>
<dc element="dc.publisher" value="Reuters Holdings Plc"/>
<dc element="dc.date.published" value="1997-06-03"/>
<dc element="dc.source" value="Reuters"/>
<dc element="dc.creator.location" value="CHICAGO"/>
<dc element="dc.creator.location.country.name" value="USA"/>
<dc element="dc.source" value="Reuters"/>
</metadata>
</newsitem>
