<?xml version="1.0" encoding="iso-8859-1" ?>
<newsitem itemid="227429" id="root" date="1996-12-01" xml:lang="en">
<title>PAKISTAN: Pakistani cotton yarn rates hold steady.</title>
<headline>Pakistani cotton yarn rates hold steady.</headline>
<dateline>KARACHI, Pakistan 1996-12-01</dateline>
<text>
<p>Pakistani cotton yarn rates closed steady on Sunday due to only light buying by yarn users amid fluctuating cotton prices, dealers said.</p>
<p>Following are the rates in rupees supplied by the Pakistan Yarn Merchants Association for 10-lb (4.54 kg) cone of 21 counts:</p>
<p>				     Sunday	November 27</p>
<p>    Al-Karam		     485	   485</p>
<p>    MGM			    480	   480</p>
<p>    Shafiq			 465	   465</p>
<p>-- Karachi newsroom 9221-5685192</p>
</text>
<copyright>(c) Reuters Limited 1996</copyright>
<metadata>
<codes class="bip:countries:1.0">
  <code code="PAKIS">
    <editdetail attribution="Reuters BIP Coding Group" action="confirmed" date="1996-12-01"/>
  </code>
</codes>
<codes class="bip:topics:1.0">
  <code code="M14">
    <editdetail attribution="Reuters BIP Coding Group" action="confirmed" date="1996-12-01"/>
  </code>
  <code code="M141">
    <editdetail attribution="Reuters BIP Coding Group" action="confirmed" date="1996-12-01"/>
  </code>
  <code code="MCAT">
    <editdetail attribution="Reuters BIP Coding Group" action="confirmed" date="1996-12-01"/>
  </code>
</codes>
<dc element="dc.date.created" value="1996-12-01"/>
<dc element="dc.publisher" value="Reuters Holdings Plc"/>
<dc element="dc.date.published" value="1996-12-01"/>
<dc element="dc.source" value="Reuters"/>
<dc element="dc.creator.location" value="KARACHI, Pakistan"/>
<dc element="dc.creator.location.country.name" value="PAKISTAN"/>
<dc element="dc.source" value="Reuters"/>
</metadata>
</newsitem>
