<?xml version="1.0" encoding="iso-8859-1" ?>
<newsitem itemid="144351" id="root" date="1996-10-25" xml:lang="en">
<title>UK: FORECAST - Consensus of key economic indicators.</title>
<headline>FORECAST - Consensus of key economic indicators.</headline>
<text>
<p>GMT -----------KEY INDICATORS----------FORECAST---RANGE---PREVS</p>
<p> 0630  MON   JPN. RETAIL SALES    SEP   N/F  PCT    N/A     -1.6</p>
<p> 1230  MON   CAN. AVG WEEKLY ERNS AUG   N/F  PCT    N/A     +2.4</p>
<p> 0030  TUE   JPN. JOB RATIO	 SEP   0.72	  0.72    0.71</p>
<p> 0030  TUE   JPN. UNEMPLOYMENT    SEP   3.3  PCT    3.3     +3.3</p>
<p> 0630  TUE   JPN. INDUSTRIAL PROD SEP  -0.1  PCT -1.8/+1.5  -2.3</p>
<p> 0630  TUE   JPN. INDUST PREL Y/Y SEP  +2.3  PCT +1.5/+2.9  +1.8</p>
<p> 0930  TUE   U.K. CREDIT BUSINES  SEP   885  MLN  800/950   +997</p>
<p> 0930  TUE   U.K. M4 (FINAL)	SEP   N/F  PCT    N/A     +0.8</p>
<p> 0930  TUE   U.K. M4 (FINAL)  Y/Y SEP   N/F  PCT    N/A     +9.8</p>
<p> 0930  TUE   U.K. M4 LENDING	SEP   N/F  BLN    N/A     +3.5</p>
<p> 1330  TUE   U.S. EMPLMNT CST INX Q3   +0.8  PCT    N/A     +0.8</p>
<p> 1330  TUE   CAN. INDUSTRIAL PROD SEP   N/F  PCT    N/A     +0.4</p>
<p> 1330  TUE   CAN. RAW MATERIALS   SEP   N/F  PCT    N/A     +1.3</p>
<p> 1500  TUE   U.S. CONSUMER CONF   OCT  111.9    111.5/112  111.8</p>
<p> 1330  WED   U.S. IMPLICIT  DEFL  Q3   +2.2  PCT +1.9/+2.5  +1.8</p>
<p> 1330  WED   U.S. PRICE INDEX     Q3    N/F  PCT    N/A     +2.2</p>
<p> 1330  WED   U.S. REAL GDP (ADV)  Q3   +1.9  PCT +1.2/+2.5  +4.7</p>
<p> 1500  WED   U.S. NEW HOME SALES  SEP   748,000     N/A     +832</p>
<p> 1700  WED   U.S. BEIGE BOOK</p>
<p> 0500  THU   JPN. CONSTRCTN ORDS  SEP   N/F  PCT    N/A     +8.6</p>
<p> 0500  THU   JPN. HOUSING STARTS  SEP   N/F  PCT    N/A    +14.3</p>
<p> 0645  THU   FRA. UNEMPLOYMENT    SEP  12.6  PCT 12.5/12.7  12.6</p>
<p> 0645  THU   FRA. UNEMPLOYMENT    SEP   N/F  K	N/A    +39.5</p>
<p> 1230  THU   U.S. JOBLESS CLMS 26-OCT   N/F  K	N/A     320K</p>
<p> 1330  THU   U.S. PERSONAL INCOME SEP  +0.6  PCT +0.5/+0.7  +0.6</p>
<p> 1330  THU   U.S. PERSONAL SPEND  SEP  +0.2  PCT FLAT/+0.5  +0.6</p>
<p> 1330  THU   CAN. REAL GDP FACTOR AUG   N/F  PCT    N/A     +0.5</p>
<p> 1500  THU   U.S. CHICAGO PMI     OCT   N/F  PCT    N/A     56.3</p>
<p> 2030  THU   U.S. M1	  W/E 21-Oct  N/F  BLN    N/A     -5.5</p>
<p> 2030  THU   U.S. M2	  W/E 21-Oct  N/F  BLN    N/A     +1.2</p>
<p> 2030  THU   U.S. M3	  W/E 21-Oct  N/F  BLN    N/A    +14.9</p>
<p> 0730  FRI   JPN. FOREIGN RSRVS   OCT   N/F  BLN    N/A	215</p>
<p> 0930  FRI   U.K. PURCH MNGRS IND OCT  52.3  PCT  51./54.5  53.4</p>
<p> 1330  FRI   U.S. LEADING INDS    SEP  +0.1  PCT +0.1/+0.2  +0.2</p>
<p> 1330  FRI   U.S. PAYROLLS	  OCT  +239,000  +165/+309  -40K</p>
<p> 1330  FRI   U.S. UNEMPLOYMENT    OCT   5.2  PCT  5.0/5.3    5.2</p>
<p> 1500  FRI   U.S. FACTORY GOODS   SEP   N/F  PCT    N/A     -1.9</p>
<p> 1500  FRI   U.S. NAPM		OCT  51.3  PCT 49.7/53.0  51.7</p>
<p> N/A   FRI   U.S. AUTO SALES	OCT   N/F  MLN    N/A     13.6</p>
<p>* ECONOMIC FORECASTS WEEK COMMENCING NOVEMBER 4</p>
<p> 0930  MON   U.K. HOUSING COMPLTS SEP   N/F  K	N/A     +7.0</p>
<p> 0930  MON   U.K. HOUSING STARTS  SEP   N/F  K	N/A     +2.0</p>
<p> 0930  MON   U.K. M0 (PROV)	 OCT  +0.6  PCT +0.4/+0.8  +0.2</p>
<p> 0930  MON   U.K. M0 (PROV)   Y/Y OCT  +7.1  PCT +6.8/+7.5  +7.0</p>
<p> 0930  MON   U.K. OFFICIAL RSRVS  OCT   N/F  MLN    N/A     -113</p>
<p> 1330  MON   CAN. BUILDING PERMTS SEP   N/F  PCT    N/A     -8.9</p>
<p> 1500  MON   U.S. CONSTRUCT SPEND SEP   N/F  PCT    N/A     +0.9</p>
<p> N/A   MO-TU GER. INDUSTRIAL PROD SEP   N/F  PCT    N/A     UNCH</p>
<p> N/A   MO-TU GER. INDUSTRIAL Y/Y  SEP   N/F  PCT    N/A     +1.3</p>
<p> N/A   MO-TU W.G. INDUSTRIAL Y/Y  SEP   N/F  PCT    N/A     +1.1</p>
<p> N/A   MO-TU E.G. INDUSTRIAL Y/Y  SEP   N/F  PCT    N/A     +1.1</p>
<p> 0930  TUE   U.K. INDUSTRIAL PROD SEP   N/F  PCT    N/A     -0.4</p>
<p> 0930  TUE   U.K. INDUSTRIAL  Y/Y SEP   N/F  PCT    N/A     UNCH</p>
<p> 0930  TUE   U.K. MANUF OUTPUT    SEP   N/F  PCT    N/A     -0.3</p>
<p> 0930  TUE   U.K. MANUFACT    Y/Y SEP   N/F  PCT    N/A     -0.9</p>
<p> N/A   TU-TH E.G. MANUF NEW Y/Y   SEP   N/F  PCT    N/A     -4.9</p>
<p> N/A   TU-TH GER. MANUF NEW ORDS  SEP   N/F  PCT    N/A     +0.6</p>
<p> N/A   TU-TH GER. MANUF NEW Y/Y   SEP   N/F  PCT    N/A     +4.4</p>
<p> N/A   TU-TH W.G. MANUF NEW Y/Y   SEP   N/F  PCT    N/A     +4.8</p>
<p> 0800  WED   ITA. CONSUMER PRICES OCT   N/F  PCT    N/A     +0.1</p>
<p> 0800  WED   ITA. CPI 1995 BASE/Y OCT   N/F  PCT    N/A     +3.4</p>
<p> 0930  WED   U.K. CYCLICAL INDICATORS (1st estimate) - OCTOBER</p>
<p> 1500  WED   U.S. NEW HOME SALES  SEP   N/F  K	N/A     832K</p>
<p> N/A   WE-MO FRA. M3	    Y/Y SEP   N/F  PCT    N/A     +0.3</p>
<p> 0030  THU   U.K. CBI SURVEY OF DISTRIBUTIVE TRADES - OCTOBER</p>
<p> 0855  THU   E.G. UNEMPLOYMENT    OCT   N/F  PCT    N/A     14.7</p>
<p> 0855  THU   E.G. UNEMPLOYMENT    OCT   N/F  K	N/A	+4K</p>
<p> 0855  THU   E.G. UNEMPLOYMENT    OCT   N/F  MLN    N/A	1.1</p>
<p> 0855  THU   GER. UNEMPLOYMENT    OCT   N/F  PCT    N/A     10.1</p>
<p> 0855  THU   GER. UNEMPLOYMENT    OCT   N/F  K	N/A     +39K</p>
<p> 0855  THU   GER. UNEMPLOYMENT    OCT   N/F  MLN    N/A     3.85</p>
<p> 0855  THU   W.G. UNEMPLOYMENT    OCT   N/F  PCT    N/A	8.9</p>
<p> 0855  THU   W.G. UNEMPLOYMENT    OCT   N/F  K	N/A     +34K</p>
<p> 0855  THU   W.G. UNEMPLOYMENT    OCT   N/F  MLN    N/A     2.75</p>
<p> 1330  THU   CAN. HELP WANTED IND OCT   N/F	   N/A	 87</p>
<p> 1500  THU   U.S. NON-FARM PROD   Q3    N/F  PCT    N/A	N/A</p>
<p> 2030  THU   U.S. M1	 W/E 28-Oct   N/F  BLN    N/A	N/A</p>
<p> 2030  THU   U.S. M2	 W/E 28-Oct   N/F  BLN    N/A	N/A</p>
<p> 2030  THU   U.S. M3	 W/E 28-Oct   N/F  BLN    N/A	N/A</p>
<p> 2100  THU   U.S. CONSUMER CREDIT SEP   N/F  BLN    N/A     +3.3</p>
<p> 1200  FRI   CAN. EMPLYMNT GROWTH OCT   N/F  K	N/A     -47K</p>
<p> 1200  FRI   CAN. UNEMPLYOMENT    OCT   N/F  PCT    N/A	9.9</p>
<p> 1230  FRI   CAN. NEW HOUSING PRI SEP   N/F  PCT    N/A     -2.2</p>
<p> 1230  FRI   CAN. HOUSING STARTS  OCT   N/F  K	N/A    +132K</p>
<p> 1500  FRI   U.S. WHOLESALE TRADE SEP   N/F  PCT    N/A     +0.5</p>
<p> N/A   FR-FR GER. CURRENT ACCOUNT AUG   N/F  BLN    N/A     -4.4</p>
<p> N/A   FR-FR GER. TRADE BALANCE   AUG   N/F  BLN    N/A    +10.9</p>
<p> N/A   FR-TU E.G. CST OF LVNG Y/Y OCT   N/F  PCT    N/A     +1.6</p>
<p> N/A   FR-TU GER. COST OF LIVING  OCT   N/F  PCT    N/A     -0.1</p>
<p> N/A   FR-TU GER. CST OF LVNG Y/Y OCT   N/F  PCT    N/A     +1.5</p>
<p> N/A   FR-TU W.G. COL (FINAL) Y/Y OCT   N/F  PCT    N/A     +1.5</p>
<p>* ECONOMIC FORECASTS WEEK COMMENCING NOVEMBER 11</p>
<p> 2350  SU-WE JPN. C/ACCOUNT IMF   SEP   N/F  BLN    N/A     +461</p>
<p> 2350  SU-WE JPN. TRADE NSA IMF   SEP   N/F  BLN    N/A     +567</p>
<p> 0200  MON   JPN. WHOLESALE PRICE OCT   N/F  PCT    N/A     +0.1</p>
<p> 0200  MON   JPN. WHOLESALE   Y/Y OCT   N/F  PCT    N/A     FLAT</p>
<p> 0500  MO-TH JPN. MACHINERY ORDRS SEP   N/F  PCT    N/A    -19.5</p>
<p> 0500  MO-TH JPN. MACHINERY   Y/Y SEP   N/F  PCT    N/A     -1.8</p>
<p> 0500  MO-TH JPN. EX SHIPS ETC.   SEP   N/F  PCT    N/A    -11.1</p>
<p> 0500  MO-TH JPN. ex ships ...Y/Y SEP   N/F  PCT    N/A    +11.4</p>
<p> 0930  MON   U.K. PPI (INPUT) SA  OCT   N/F  PCT    N/A     +0.3</p>
<p> 0930  MON   U.K. PPI (INPUT) Y/Y OCT   N/F  PCT    N/A     -2.9</p>
<p> 0930  MON   U.K. PPI(OUTPUT) NSA OCT   N/F  PCT    N/A     +0.4</p>
<p> 0930  MON   U.K. PPI(OUTPUT) Y/Y OCT   N/F  PCT    N/A     +2.2</p>
<p> 0930  MON   U.K. EX FOOD ....... OCT   N/F  PCT    N/A     +0.1</p>
<p> 0930  MON   U.K. EX FOOD ....Y/Y OCT   N/F  PCT    N/A     +0.9</p>
<p> 0650  TUE   FRA. CONSUMER PRICES OCT   N/F  PCT    N/A     +0.4</p>
<p> 0650  TUE   FRA. CONSUMER    Y/Y OCT   N/F  PCT    N/A     +1.6</p>
<p> 0930  TUE   U.K. CNSTRCT NEW ORD SEP   N/F  PCT    N/A     -2.0</p>
<p> 0930  WED   U.K. AVERAGE EARNS   SEP   N/F  PCT    N/A     +4.0</p>
<p> 0930  WED   U.K. UNEMPLOYMENT    SEP   N/F  PCT    N/A	7.4</p>
<p> 0930  WED   U.K. UNEMPLOYMENT    SEP   N/F  K	N/A    -35.6</p>
<p> 0930  WED   U.K. UNIT WAGE COSTS SEP   N/F  K	N/A     +4.5</p>
<p> 1330  WED   CAN. NEW MOTOR VHCLS SEP   N/F  PCT    N/A     +0.7</p>
<p> 1330  WED   U.S. PRODUCER PRICES OCT   N/F  PCT    N/A     +0.2</p>
<p> 1330  WED   U.S. PRODUCER    Y/Y OCT   N/F  PCT    N/A     +2.9</p>
<p> 1330  WED   U.S. EX FOOD ENERGY  OCT   N/F  PCT    N/A     +0.3</p>
<p> 0930  THU   U.K. RETAIL PRICES   OCT   N/F  PCT    N/A     +0.5</p>
<p> 0930  THU   U.K. RETAIL PRI  Y/Y OCT   N/F  PCT    N/A     +2.1</p>
<p> 0930  THU   U.K. RPI-X	 Y/Y OCT   N/F  PCT    N/A     +2.9</p>
<p> 0930  THU   U.K. RPI-Y	 Y/Y OCT   N/F  PCT    N/A     +2.5</p>
<p> 1330  THU   U.S. CONSUMER PRICES OCT   N/F  PCT    N/A     +0.3</p>
<p> 1330  THU   U.S. CONSUMER    Y/Y OCT   N/F  PCT    N/A     +3.0</p>
<p> 1330  THU   U.S. EX FOOD ENERGY  OCT   N/F  PCT    N/A     +0.3</p>
<p> 1330  THU   U.S. RETAIL SALES    OCT   N/F  PCT    N/A     +0.7</p>
<p> 1330  THU   U.S. RETAIL EX AUTO  OCT   N/F  PCT    N/A     +0.4</p>
<p> 1500  THU   U.S. REAL EARNINGS   OCT   N/F  PCT    N/A     +0.8</p>
<p> 0200  FR-FR JPN. TANKAN SURVEY   Q4    N/F	   N/A     -7.0</p>
<p> 0630  FR-TU JPN. INDUST PROD REV SEP   N/F  PCT    N/A	N/A</p>
<p> 0630  FR-TU JPN. INDUST PROD Y/Y SEP   N/F  PCT    N/A	N/A</p>
<p> 0645  FRI   FRA. CURRENT ACCOUNT AUG   N/F  BLN    N/A     0.98</p>
<p> 0800  FRI   ITA. INDUSTRIAL PROD SEP   N/F  PCT    N/A     +0.5</p>
<p> 0800  FRI   ITA. INDUSTRIAL  Y/Y SEP   N/F  PCT    N/A    -11.3</p>
<p> 1100  FRI   U.K. CBI REGIONAL TRENDS SURVEY - NOVEMBER</p>
<p> 1415  FRI   U.S. CAPACITY UTIL   OCT   N/F  PCT    N/A     83.3</p>
<p> 1415  FRI   U.S. INDUST PRODUCTN OCT   N/F  PCT    N/A     +0.2</p>
<p> 1500  FRI   U.S. BUSINESS INVENT SEP   N/F  PCT    N/A     +0.5</p>
<p> N/A   FR-MO GER. WHOLESALE PRICE OCT   N/F  PCT    N/A     -0.1</p>
<p> N/A   FR-MO GER. WHOLESALE   Y/Y OCT   N/F  PCT    N/A     -0.7</p>
<p>* ECONOMIC FORECASTS WEEK COMMENCING NOVEMBER 18</p>
<p> 2350  SU-FR JPN. TRADE CC NSA YENOCT   N/F  BLN    N/A     +780</p>
<p> 0500  MO-FR JPN. NM HSHLD SPEND  SEP   N/F  PCT    N/A     +0.1</p>
<p> 0500  MO-FR JPN. RL HSHLD SPEND  SEP   N/F  PCT    N/A     FLAT</p>
<p> 0930  MON   U.K. PSBR		OCT   N/F  BLN    N/A     +3.4</p>
<p> 1330  MON   CAN. I-S RATIO	 SEP   N/F	   N/A     1.31</p>
<p> 1330  MON   CAN. MANUF NEW ORDER SEP   N/F  PCT    N/A     -1.8</p>
<p> 1330  MON   CAN. MANUF SHIPMENTS SEP   N/F  PCT    N/A     -0.7</p>
<p> 1330  MON   CAN. UNFILLED ORDERS SEP   N/F  PCT    N/A     -0.2</p>
<p> N/A   MO-FR W.G. CST LV PROV Y/Y OCT   N/F  PCT    N/A	N/A</p>
<p> 1300  TUE   CAN. CONSUMER PRICES OCT   N/F  PCT    N/A	N/A</p>
<p> 1300  TUE   CAN. CONSUMER  SA    OCT   N/F  PCT    N/A	N/A</p>
<p> 1300  TUE   CAN. CONSUMER    Y/Y OCT   N/F  PCT    N/A	N/A</p>
<p> 1330  TUE   U.S. HOUSING STARTS  OCT   N/F  MLN    N/A	N/A</p>
<p> 0500  WE-TU JPN. COINCIDENT IND  SEP   N/F  PCT    N/A	N/A</p>
<p> 0500  WE-TU JPN. LEADING INDCTRS SEP   N/F  PCT    N/A	N/A</p>
<p> 0930  WED   U.K. BLDG SOC NN APP OCT   N/F  BLN    N/A	N/A</p>
<p> 0930  WED   U.K. M4 (PROV)	 NOV   N/F  PCT    N/A	N/A</p>
<p> 0930  WED   U.K. M4 (PROV)   Y/Y NOV   N/F  PCT    N/A	N/A</p>
<p> 0930  WED   U.K. M4 LENDING	NOV   N/F  BLN    N/A	N/A</p>
<p> 0930  WED   U.K. MTR VEHICL PROD OCT   N/F  PCT    N/A	N/A</p>
<p> 0930  WED   U.K. RETAIL SALES    OCT   N/F  PCT    N/A	N/A</p>
<p> 0930  WED   U.K. RETAIL SLS  Y/Y OCT   N/F  PCT    N/A	N/A</p>
<p> 1330  WED   CAN. COMP LEADERS    OCT   N/F  PCT    N/A	N/A</p>
<p> 1330  WED   U.S. INT'L TRADE     SEP   N/F  BLN    N/A	N/A</p>
<p> 1330  WED   CAN. MERCH TRADE BAL SEP   N/F  BLN    N/A     +2.5</p>
<p> 1330  WED   CAN. MERCH IMPORTS   SEP   N/F  BLN    N/A	N/A</p>
<p> 1330  WED   CAN. MERCH EXPORTS   SEP   N/F  BLN    N/A	N/A</p>
<p> N/A   WE-TU GER. M3	    Y/Y OCT   N/F  PCT    N/A	N/A</p>
<p> 0930  THU   U.K. C/ACCOUNT (REV) Q2   -1.2  BLN -1.6/-0.8  -1.1</p>
<p> 0930  THU   U.K. GDP (FINAL) Q/Q Q3    N/F  PCT    N/A     +0.5</p>
<p> 0930  THU   U.K. GDP (FINAL) Y/Y Q3    N/F  PCT    N/A     +2.2</p>
<p> 0930  THU   U.K. GDP EX OIL  Q/Q Q3    N/F  PCT    N/A     +0.5</p>
<p> 0930  THU   U.K. GDP EX OIL  Y/Y Q3    N/F  PCT    N/A     +2.1</p>
<p> 0930  THU   U.K. TRADE IN GOODS  Q2    N/F  BLN    N/A     -3.5</p>
<p> 1330  THU   CAN. RETAIL SALES    SEP   N/F  PCT    N/A	N/A</p>
<p> 1500  THU   U.S. PHIL FED INDEX  NOV   N/F	   N/A	N/A</p>
<p> 0030  FRI   U.K. CBI MONTHLY TRENDS SURVEY - NOVEMBER</p>
<p> 0656  FRI   FRA. INDUSTRIAL PROD SEP   N/F  PCT    N/A     -0.2</p>
<p> 0656  FRI   FRA. INDUSTRIAL  Y/Y SEP   N/F  PCT    N/A     -0.5</p>
<p> 1330  FRI   CAN. WHOLESALE TRADE SEP   N/F  PCT    N/A     +1.5</p>
<p> 1900  FRI   U.S. FED BUDGET	OCT   N/F  BLN    N/A	N/A</p>
<p> N/A   FR-TU GER. PRODUCER PRICES OCT   N/F  PCT    N/A     +0.2</p>
<p> N/A   FR-TU GER. PRODUCER    Y/Y OCT   N/F  PCT    N/A     -0.6</p>
<p> N/A   FR-TU E.G. PRODUCER    Y/Y OCT   N/F  PCT    N/A     +1.6</p>
<p> N/A   FR-TU W.G. PRODUCER    Y/Y OCT   N/F  PCT    N/A     -0.8</p>
<p> N/A   FR-FR GER. EXPORT PRICES   OCT   N/F  PCT    N/A     +0.1</p>
<p> N/A   FR-FR GER. EXPORT	Y/Y OCT   N/F  PCT    N/A     -0.5</p>
<p> N/A   FR-FR GER. IMPORT PRICES   OCT   N/F  PCT    N/A     +0.7</p>
<p> N/A   FR-FR GER. IMPORT	Y/Y OCT   N/F  PCT    N/A     +0.3</p>
<p>* ECONOMIC FORECASTS WEEK COMMENCING NOVEMBER 25</p>
<p> 0645  MON   FRA. CONSUMER PRICES OCT   N/F  PCT    N/A	N/A</p>
<p> 0645  MON   FRA. CPI (FINAL) Y/Y OCT   N/F  PCT    N/A	N/A</p>
<p> 1500  MON   U.S. EXIST HOME SALE OCT   N/F  MLN    N/A	N/A</p>
<p> N/A   MO-FR W.G. COL (PREL) Y/Y  NOV   N/F  PCT    N/A	N/A</p>
<p> 0030  TU-FR JPN. CONSUMER PRICES OCT   N/F  PCT    N/A	N/A</p>
<p> 0030  TU-FR JPN. CPI (NAT'L) Y/Y OCT   N/F  PCT    N/A	N/A</p>
<p> 0030  TU-FR JPN. CONSUMER PRICES NOV   N/F  PCT    N/A	N/A</p>
<p> 0030  TU-FR JPN. CPI TOKYO  Y/Y  NOV   N/F  PCT    N/A	N/A</p>
<p> 0630  TU-FR JPN. RETAIL SALES    OCT   N/F  PCT    N/A	N/A</p>
<p> 0645  TUE   FRA. CONSUMER SPEND  OCT   N/F  PCT    N/A	N/A</p>
<p> 0645  TUE   FRA. VISIBLE TRADE   SEP   N/F  BLN    N/A	N/A</p>
<p> 0645  TUE   FRA. HOUSING STARTS  OCT   N/F  PCT    N/A	N/A</p>
<p> 1500  TUE   U.S. CONSUMER CONFID NOV   N/F	   N/A	N/A</p>
<p> 0630  WE-FR JPN. INDUSTRIAL PROD OCT   N/F  PCT    N/A	N/A</p>
<p> 0630  WE-FR JPN. INDUST PREL Y/Y OCT   N/F  PCT    N/A	N/A</p>
<p> 0930  WED   U.K. NON-EU TRADE    OCT   N/F  BLN    N/A	N/A</p>
<p> 0930  WED   U.K. NON-EU EX OIL   OCT   N/F  BLN    N/A	N/A</p>
<p> 0930  WED   U.K. TRADE IN GOODS  SEP   N/F  BLN    N/A	N/A</p>
<p> 1330  WED   CAN. INDUSTRIAL PROD OCT   N/F  PCT    N/A	N/A</p>
<p> 1330  WED   CAN. RAW MATERIALS   OCT   N/F  PCT    N/A	N/A</p>
<p> 1330  WED   U.S. DURABLE GOODS   OCT   N/F  PCT    N/A	N/A</p>
<p> 1330  WED   U.S. EX DEFENCE	OCT   N/F  PCT    N/A	N/A</p>
<p> 1330  WED   U.S. REAL GDP	  Q3    N/F  PCT    N/A	N/A</p>
<p> 1330  WED   U.S. GDP PRICE DEFL  Q3    N/F  PCT    N/A	N/A</p>
<p> 1330  WED   U.S. IMPLICIT  DEFL  Q3    N/F  PCT    N/A	N/A</p>
<p> 0030  TH-FR JPN. JOB RATIO	 OCT   N/F	   N/A	N/A</p>
<p> 0030  TH-FR JPN. UNEMPLOYMENT    OCT   N/F  PCT    N/A	N/A</p>
<p> 0500  TH-FR JPN. CONSTRCTN ORDS  OCT   N/F  PCT    N/A	N/A</p>
<p> 0500  TH-FR JPN. HOUSING STARTS  OCT   N/F  PCT    N/A	N/A</p>
<p> 0645  THU   FRA. GDP (PREL)	Q3    N/F  PCT    N/A	N/A</p>
<p> 0645  THU   FRA. GDP (PREL)  Y/Y Q3    N/F  PCT    N/A	N/A</p>
<p> 0930  FRI   U.K. CREDIT BUSINESS OCT   N/F  MLN    N/A	N/A</p>
<p> 0930  FRI   U.K. M4 (FINAL)	OCT   N/F  PCT    N/A	N/A</p>
<p> 0930  FRI   U.K. M4 (FINAL)  Y/Y OCT   N/F  PCT    N/A	N/A</p>
<p> 0930  FRI   U.K. M4 LENDING	OCT   N/F  BLN    N/A	N/A</p>
<p> 1330  FRI   U.S. PERSONAL INCOME OCT   N/F  PCT    N/A	N/A</p>
<p> 1330  FRI   U.S. PERSONAL SPEND  OCT   N/F  PCT    N/A	N/A</p>
<p> 1330  FRI   CAN. REAL GDP (FACTOR)SEP  N/F  PCT    N/A	N/A</p>
<p> 1330  FRI   CAN. REAL GDP	   Q3   N/F  PCT    N/A     +0.3</p>
<p> 1330  FRI   CAN. GDP DEFLATOR     Q3   N/F  PCT    N/A     +0.5</p>
<p> 1330  FRI   CAN. CURRENT ACCOUNT  Q3   N/F  BLN    N/A     +1.2</p>
<p> 1500  FRI   U.S. CHICAGO PMI     NOV   N/F	   N/A	N/A</p>
<p>* ECONOMIC FORECASTS WEEK COMMENCING DECEMBER 2</p>
<p> 0645  MON   FRA. UNEMPLOYMENT    OCT   N/F  PCT    N/A	N/A</p>
<p> 0645  MON   FRA. UNEMPLOYMENT    OCT   N/F  K	N/A	N/A</p>
<p> 0730  MON   JPN. FOREIGN RSRVS   NOV   N/F  BLN    N/A	N/A</p>
<p> 0930  MON   U.K. M0 (PROV)	 NOV   N/F  PCT    N/A	N/A</p>
<p> 0930  MON   U.K. M0 (PROV)   Y/Y NOV   N/F  PCT    N/A	N/A</p>
<p> 0930  MON   U.K. PURCH MNGRS INX NOV   N/F  PCT    N/A	N/A</p>
<p> 1330  MON   U.S. LEADING INDS    OCT   N/F  PCT    N/A	N/A</p>
<p> 1500  MON   U.S. CONSTRUCT SPEND OCT   N/F  PCT    N/A	N/A</p>
<p> 1500  MON   U.S. NAPM		NOV   N/F  PCT    N/A	N/A</p>
<p> N/A   MON   U.S. AUTO SALES	NOV   N/F  MLN    N/A	N/A</p>
<p> N/A   MO-FR GER. INDUSTRIAL PROD NOV   N/F  PCT    N/A	N/A</p>
<p> N/A   MO-FR GER. INDUSTRIAL  Y/Y NOV   N/F  PCT    N/A	N/A</p>
<p> N/A   MO-FR E.G. INDUSTRIAL  Y/Y NOV   N/F  PCT    N/A	N/A</p>
<p> N/A   MO-FR W.G. INDUSTRIAL  Y/Y NOV   N/F  PCT    N/A	N/A</p>
<p> N/A   MO-FR GER. GDP	   Q/Q Q3    N/F  PCT    N/A     +1.5</p>
<p> N/A   MO-FR GER. GDP	   Y/Y Q3    N/F  PCT    N/A     +1.2</p>
<p> N/A   MO-FR E.G. GDP	   Y/Y Q3    N/F  PCT    N/A     +2.6</p>
<p> N/A   MO-FR W.G. GDP	   Y/Y Q3    N/F  PCT    N/A     +1.1</p>
<p> 0930  TUE   U.K. OFFICIAL RSRVS  NOV   N/F  MLN    N/A	N/A</p>
<p> 1500  TUE   U.S. NEW HOME SALES  OCT   N/F  K	N/A	N/A</p>
<p> 1330  WED   CAN. BUILDING PERMTS OCT   N/F  PCT    N/A	N/A</p>
<p> 1500  MON   U.S. CONSTRUCT SPEND OCT   N/F  PCT    N/A	N/A</p>
<p> 1500  MON   U.S. NAPM		NOV   N/F  PCT    N/A	N/A</p>
<p> N/A   MON   U.S. AUTO SALES	NOV   N/F  MLN    N/A	N/A</p>
<p> N/A   MO-FR GER. INDUSTRIAL PROD NOV   N/F  PCT    N/A	N/A</p>
<p> N/A   MO-FR GER. INDUSTRIAL  Y/Y NOV   N/F  PCT    N/A	N/A</p>
<p> N/A   MO-FR E.G. INDUSTRIAL  Y/Y NOV   N/F  PCT    N/A	N/A</p>
<p> N/A   MO-FR W.G. INDUSTRIAL  Y/Y NOV   N/F  PCT    N/A	N/A</p>
<p> N/A   MO-FR GER. GDP	   Q/Q Q3    N/F  PCT    N/A     +1.5</p>
<p> N/A   MO-FR GER. GDP	   Y/Y Q3    N/F  PCT    N/A     +1.2</p>
<p> N/A   MO-FR E.G. GDP	   Y/Y Q3    N/F  PCT    N/A     +2.6</p>
<p> N/A   MO-FR W.G. GDP	   Y/Y Q3    N/F  PCT    N/A     +1.1</p>
<p> 0930  TUE   U.K. OFFICIAL RSRVS  NOV   N/F  MLN    N/A	N/A</p>
<p> 1500  TUE   U.S. NEW HOME SALES  OCT   N/F  K	N/A	N/A</p>
<p> 1330  WED   CAN. BUILDING PERMTS OCT   N/F  PCT    N/A	N/A</p>
<p> 1700  WED   U.S. BEIGE BOOK</p>
<p> N/A   WE-WE GER. MANUF NEW ORDS  OCT   N/F  PCT    N/A	N/A</p>
<p> N/A   WE-WE GER. MANUF NEW   Y/Y OCT   N/F  PCT    N/A	N/A</p>
<p> N/A   WE-WE E.G. MANUF NEW   Y/Y OCT   N/F  PCT    N/A	N/A</p>
<p> N/A   WE-WE W.G. MANUF NEW   Y/Y OCT   N/F  PCT    N/A	N/A</p>
<p> 0855  THU   E.G. UNEMPLOYMENT    OCT   N/F  PCT    N/A	N/A</p>
<p> 0855  THU   E.G. UNEMPLOYMENT    OCT   N/F  K	N/A	N/A</p>
<p> 0855  THU   E.G. UNEMPLOYMENT    OCT   N/F  MLN    N/A	N/A</p>
<p> 0855  THU   GER. UNEMPLOYMENT    OCT   N/F  PCT    N/A	N/A</p>
<p> 0855  THU   GER. UNEMPLOYMENT    OCT   N/F  K	N/A	N/A</p>
<p> 0855  THU   GER. UNEMPLOYMENT    OCT   N/F  MLN    N/A	N/A</p>
<p> 0855  THU   W.G. UNEMPLOYMENT    OCT   N/F  PCT    N/A	N/A</p>
<p> 0855  THU   W.G. UNEMPLOYMENT    OCT   N/F  K	N/A	N/A</p>
<p> 0855  THU   W.G. UNEMPLOYMENT    OCT   N/F  MLN    N/A	N/A</p>
<p> 0800  THU   ITA. CONSUMER PRICES NOV   N/F  PCT    N/A	N/A</p>
<p> 0800  THU   ITA. CPI 95 BASE Y/Y NOV   N/F  PCT    N/A	N/A</p>
<p> 0030  THU   U.K. CBI SURVEY OF DISTRIBUTIVE TRADES - NOVEMBER</p>
<p> 0930  THU   U.K. HOUSING COMPLTS OCT   N/F  K	N/A	N/A</p>
<p> 0930  THU   U.K. HOUSING STARTS  OCT   N/F  K	N/A	N/A</p>
<p> 1330  THU   CAN. HELP WANTED IND NOV   N/F	   N/A	N/A</p>
<p> 1500  THU   U.S. NON-FARM PROD   Q3    N/F  PCT    N/A     +2.6</p>
<p> 0930  FRI   U.K. CONSTRCTN OUTPUT Q3   N/F  PCT    N/A	N/A</p>
<p> 0930  FRI   U.K. INDUSTRIAL PROD OCT   N/F  PCT    N/A	N/A</p>
<p> 0930  FRI   U.K. INDUSTRIAL  Y/Y OCT   N/F  PCT    N/A	N/A</p>
<p> 0930  FRI   U.K. MANUF OUTPUT    OCT   N/F  PCT    N/A	N/A</p>
<p> 0930  FRI   U.K. MANUFACT    Y/Y OCT   N/F  PCT    N/A	N/A</p>
<p> 1300  FRI   CAN. EMPLYMNT GROWTH NOV   N/F  K	N/A	N/A</p>
<p> 1300  FRI   CAN. UNEMPLOYMENT    NOV   N/F  PCT    N/A	N/A</p>
<p> 1330  FRI   U.S. PAYROLLS	  NOV   N/F  K	N/A	N/A</p>
<p> 1330  FRI   U.S. UNEMPLOYMENT    NOV   N/F  PCT    N/A	N/A</p>
<p> 1400  FRI   U.S. FACTORY GOODS T OCT   N/F  BLN    N/A	N/A</p>
<p> N/A   FR-TU FRA. M3	    Y/Y OCT   N/F  PCT    N/A	N/A</p>
<p> 2100  FRI   U.S. CONSUMER CREDIT OCT   N/F  BLN    N/A	N/A</p>
<p>* ECONOMIC FORECASTS WEEK COMMENCING DECEMBER 9</p>
<p> 2350  SU-WE JPN. CURRENT ACCOUNT OCT   N/F  BLN    N/A	N/A</p>
<p> 2350  SU-WE JPN. TRADE BALANCE   OCT   N/F  BLN    N/A	N/A</p>
<p> 0200  MO-MO JPN. WHOLESALE PRICE NOV   N/F  PCT    N/A	N/A</p>
<p> 0200  MO-MO JPN. WHOLESALE   Y/Y NOV   N/F  PCT    N/A	N/A</p>
<p> 0500  MO-TH JPN. MACHINERY ORDER OCT   N/F  PCT    N/A	N/A</p>
<p> 0500  MO-TH JPN. MACHINERY   Y/Y OCT   N/F  PCT    N/A	N/A</p>
<p> 0500  MO-TH JPN. PRIVATE ORDERS  OCT   N/F  PCT    N/A	N/A</p>
<p> 0500  MO-TH JPN. EX SHIPS....Y/Y OCT   N/F  PCT    N/A	N/A</p>
<p> 0930  MON   U.K. CYCLICAL INDICATORS (2nd estimate) - OCTOBER</p>
<p> 0930  MON   U.K. PPI (INPUT) NSA NOV   N/F  PCT    N/A	N/A</p>
<p> 0930  MON   U.K. PPI (INPUT)  SA NOV   N/F  PCT    N/A	N/A</p>
<p> 0930  MON   U.K. PPI (INPUT) Y/Y NOV   N/F  PCT    N/A	N/A</p>
<p> 0930  MON   U.K. PPI (OUTPUT)    NOV   N/F  PCT    N/A	N/A</p>
<p> 0930  MON   U.K. PPI (OUTPUT)Y/Y NOV   N/F  PCT    N/A	N/A</p>
<p> 0930  MON   U.K. EX FD DRNK TBCC NOV   N/F  PCT    N/A	N/A</p>
<p> 0930  MON   U.K. EX FD DRNK  Y/Y NOV   N/F  PCT    N/A	N/A</p>
<p> 1330  MON   CAN. CAPACITY UTIL   Q3    N/F  PCT    N/A     82.7</p>
<p> N/A   MO-MO GER. CURRENT ACCOUNT SEP   N/F  BLN    N/A	N/A</p>
<p> N/A   MO-MO GER. TRADE  BALANCE  SEP   N/F  BLN    N/A	N/A</p>
<p> N/A   MO-TH E.G. CST OF LVNG Y/Y NOV   N/F  PCT    N/A	N/A</p>
<p> N/A   MO-TH GER. COST OF LIVING  NOV   N/F  PCT    N/A	N/A</p>
<p> N/A   MO-TH GER. CST OF LVNG Y/Y NOV   N/F  PCT    N/A	N/A</p>
<p> N/A   MO-TH W.G. COL (FINAL) Y/Y NOV   N/F  PCT    N/A	N/A</p>
<p> 0930  TUE   U.K. CNSTRCTN NEW ORDOCT   N/F  PCT    N/A	N/A</p>
<p> 1500  TUE   U.S. CURRENT ACCOUNT Q3    N/F  BLN    N/A	N/A</p>
<p> 1500  TUE   U.S. WHOLESALE TRADE OCT   N/F  PCT    N/A	N/A</p>
<p> 1500  TUE   U.S. NEW HOME SALES  OCT   N/F  K	N/A	N/A</p>
<p> 0650  WED   FRA. CONSUMER PRICES NOV   N/F  PCT    N/A	N/A</p>
<p> 0650  WED   FRA. CONSUMER PROV   NOV   N/F  PCT    N/A	N/A</p>
<p> 1330  WED   U.S. PRODUCER PRICES NOV   N/F  PCT    N/A	N/A</p>
<p> 1330  WED   U.S. PRODUCER    Y/Y NOV   N/F  PCT    N/A	N/A</p>
<p> 1330  WED   U.S. EX FOOD/ENERGY  NOV   N/F  PCT    N/A	N/A</p>
<p> 0930  THU   U.K. RETAIL PRICES   NOV   N/F  PCT    N/A	N/A</p>
<p> 0930  THU   U.K. RETAIL PRI  Y/Y NOV   N/F  PCT    N/A	N/A</p>
<p> 0930  THU   U.K. RPI-X	 Y/Y NOV   N/F  PCT    N/A	N/A</p>
<p> 0930  THU   U.K. RPI-Y	 Y/Y NOV   N/F  PCT    N/A	N/A</p>
<p> 1330  THU   U.S. CONSUMER PRICES NOV   N/F  PCT    N/A	N/A</p>
<p> 1330  THU   U.S. CONSUMER    Y/Y NOV   N/F  PCT    N/A	N/A</p>
<p> 1330  THU   U.S. EX FOOD/ENERGY  NOV   N/F  PCT    N/A	N/A</p>
<p> 1330  THU   U.S. RETAIL SALES    NOV   N/F  PCT    N/A	N/A</p>
<p> 1330  THU   U.S. RETAIL EX AUTO  NOV   N/F  PCT    N/A	N/A</p>
<p> 1330  THU   CAN. NEW MOTOR VHCLS OCT   N/F  PCT    N/A	N/A</p>
<p> 1500  THU   U.S. REAL EARNINGS   NOV   N/F  PCT    N/A	N/A</p>
<p> 0030  FRI   U.K. CBI MONTHLY TRENDS SURVEY - DECEMBER</p>
<p> 0645  FRI   FRA. CURRENT ACCOUNT SEP   N/F  BLN    N/A	N/A</p>
<p> 1500  FRI   U.S. BUSINESS INVENT OCT   N/F  PCT    N/A	N/A</p>
<p>* ECONOMIC FORECASTS WEEK COMMENCING DECEMBER 23</p>
<p> 1330  MON   U.S. PERSONAL INCOME NOV   N/F  PCT    N/A	N/A</p>
<p> 1330  MON   U.S. PERSONAL SPEND  NOV   N/F  PCT    N/A	N/A</p>
<p> N/A   MO-WE E.G. PRODUCER    Y/Y NOV   N/F  PCT    N/A	N/A</p>
<p> N/A   MO-WE GER. PRODUCER PRICES NOV   N/F  PCT    N/A	N/A</p>
<p> N/A   MO-WE GER. PRODUCER    Y/Y NOV   N/F  PCT    N/A	N/A</p>
<p> N/A   MO-WE W.G. PRODUCER    Y/Y NOV   N/F  PCT    N/A	N/A</p>
<p> N/A   MO-FR GER. EXPORT PRICES   NOV   N/F  PCT    N/A	N/A</p>
<p> N/A   MO-FR GER. EXPORT	Y/Y NOV   N/F  PCT    N/A	N/A</p>
<p> N/A   MO-FR GER. IMPORT PRICES   NOV   N/F  PCT    N/A	N/A</p>
<p> N/A   MO-FR GER. IMPORT	Y/Y NOV   N/F  PCT    N/A	N/A</p>
<p> N/A   MO-FR W.G. COL (PREL)  Y/Y DEC   N/F  PCT    N/A	N/A</p>
<p> 0645  TUE   FRA. VISIBLE TRADE   OCT   N/F  BLN    N/A	N/A</p>
<p> 0930  TUE   U.K. NON-EU TRADE    NOV   N/F  MLN    N/A	N/A</p>
<p> 0930  TUE   U.K. NON-EU EX OIL   NOV   N/F  MLN    N/A	N/A</p>
<p> 0930  TUE   U.K. TRADE IN GOODS  OCT   N/F  MLN    N/A	N/A</p>
<p> 0930  TUE   U.K. TRADE EX OIL    OCT   N/F  MLN    N/A	N/A</p>
<p> 1330  TUE   CAN. REAL GDP FACTOR OCT   N/F  PCT    N/A	N/A</p>
<p> 0030  TH-TU JPN. CONSUMER PRICES NOV   N/F  PCT    N/A	N/A</p>
<p> 0030  TH-TU JPN. CPI (NAT'L) Y/Y NOV   N/F  PCT    N/A	N/A</p>
<p> 0030  TH-TU JPN. CONSUMER PRICES DEC   N/F  PCT    N/A	N/A</p>
<p> 0030  TH-TU JPN. CPI (TOKYO) Y/Y DEC   N/F  PCT    N/A	N/A</p>
<p> 0630  TH-MO JPN. RETAIL SLS  Y/Y NOV   N/F  PCT    N/A	N/A</p>
<p> 1500  THU   U.S. EXIST HOME SLS  NOV   N/F  MLN    N/A	N/A</p>
<p> 0630  FR-MO JPN. INDUSTRIAL PROD NOV   N/F  PCT    N/A	N/A</p>
<p> 0630  FR-MO JPN. INDUST PREL Y/Y NOV   N/F  PCT    N/A	N/A</p>
<p> 0645  FRI   FRA. CONSUMER SPEND  NOV   N/F  PCT    N/A	N/A</p>
<p> 0830  FRI   ITA. UNEMPLOYMENT   OCTQ   N/F  PCT    N/A     11.7</p>
<p> 1330  FRI   U.S. LEADING INDICTS NOV   N/F  PCT    N/A	N/A</p>
<p> 1330  FRI   U.S. DURABLE GOODS   NOV   N/F  PCT    N/A	N/A</p>
<p> 1330  FRI   U.S. EX DEFENCE	NOV   N/F  PCT    N/A	N/A</p>
<p>* ECONOMIC FORECASTS WEEK COMMENCING DECEMBER 30</p>
<p> 0030  MO-TU JPN. JOB RATIO	 NOV   N/F	   N/A	N/A</p>
<p> 0030  MO-TU JPN. UNEMPLOYMENT    NOV   N/F  PCT    N/A	N/A</p>
<p> 0500  MO-TU JPN. CONSTRUCT ORDS  NOV   N/F  PCT    N/A	N/A</p>
<p> 0500  MO-TU JPN. HOUSING STARTS  NOV   N/F  PCT    N/A	N/A</p>
<p> 0645  TUE   FRA. UNEMPLOYMENT    NOV   N/F  PCT    N/A	N/A</p>
<p> 0645  TUE   FRA. UNEMPLOYMENT    NOV   N/F  K	N/A	N/A</p>
<p> 0930  TUE   U.K. M0 (PROV)	 DEC   N/F  PCT    N/A	N/A</p>
<p> 0930  TUE   U.K. M0 (PROV)   Y/Y DEC   N/F  PCT    N/A	N/A</p>
<p> 1500  TUE   U.S. CHICAGO PMI     DEC   N/F	   N/A	N/A</p>
<p> 1500  TUE   U.S. CONSUMER CONF   NOV   N/F	   N/A	N/A</p>
<p> 1500  TUE   U.S. NEW HOME SALES  NOV   N/F  K	N/A	N/A</p>
<p> 0730  WED   JPN. FOREIGN RSRVS   DEC   N/F  BLN    N/A	N/A</p>
<p> 0930  THU   U.K. PURCH MNGRS INX DEC   N/F  PCT    N/A	N/A</p>
<p> 1500  THU   U.S. CONSTRCTN SPEND NOV   N/F  PCT    N/A	N/A</p>
<p> 1500  THU   U.S. NAPM		DEC   N/F	   N/A	N/A</p>
<p> N/A   THU   U.S. AUTO SALES	DEC   N/F  MLN    N/A	N/A</p>
<p> 0700  FR-MO ITA. GDP (FINAL)     Q3    N/F  PCT    N/A     -0.4</p>
<p> 0700  FR-MO ITA. GDP (FINAL) Y/Y Q3    N/F  PCT    N/A     +0.7</p>
<p> 0930  FRI   U.K. CONSUMER CREDIT NOV   N/F  MLN    N/A	N/A</p>
<p> 0930  FRI   U.K. M4 (FINAL)	NOV   N/F  PCT    N/A	N/A</p>
<p> 0930  FRI   U.K. M4 (FINAL)  Y/Y NOV   N/F  PCT    N/A	N/A</p>
<p> 0930  FRI   U.K. M4 LENDING	NOV   N/F  BLN    N/A	N/A</p>
<p> 0930  FRI   U.K. OFFICIAL RSRVS  DEC   N/F  MLN    N/A	N/A</p>
<p>** Danielle Gann London newsroom +44 171 542 6425 **</p>
</text>
<copyright>(c) Reuters Limited 1996</copyright>
<metadata>
<codes class="bip:countries:1.0">
  <code code="CANA">
    <editdetail attribution="Reuters BIP Coding Group" action="confirmed" date="1996-10-25"/>
  </code>
  <code code="FRA">
    <editdetail attribution="Reuters BIP Coding Group" action="confirmed" date="1996-10-25"/>
  </code>
  <code code="GFR">
    <editdetail attribution="Reuters BIP Coding Group" action="confirmed" date="1996-10-25"/>
  </code>
  <code code="ITALY">
    <editdetail attribution="Reuters BIP Coding Group" action="confirmed" date="1996-10-25"/>
  </code>
  <code code="JAP">
    <editdetail attribution="Reuters BIP Coding Group" action="confirmed" date="1996-10-25"/>
  </code>
  <code code="UK">
    <editdetail attribution="Reuters BIP Coding Group" action="confirmed" date="1996-10-25"/>
  </code>
  <code code="USA">
    <editdetail attribution="Reuters BIP Coding Group" action="confirmed" date="1996-10-25"/>
  </code>
</codes>
<codes class="bip:topics:1.0">
  <code code="E71">
    <editdetail attribution="Reuters BIP Coding Group" action="confirmed" date="1996-10-25"/>
  </code>
  <code code="ECAT">
    <editdetail attribution="Reuters BIP Coding Group" action="confirmed" date="1996-10-25"/>
  </code>
</codes>
<dc element="dc.publisher" value="Reuters Holdings Plc"/>
<dc element="dc.date.published" value="1996-10-25"/>
<dc element="dc.source" value="Reuters"/>
<dc element="dc.creator.location.country.name" value="UK"/>
<dc element="dc.source" value="Reuters"/>
</metadata>
</newsitem>
