<?xml version="1.0" encoding="iso-8859-1" ?>
<newsitem itemid="530451" id="root" date="1997-04-23" xml:lang="en">
<title>USA: Acme United Q1 shr profit $.08 vs loss $.24.</title>
<headline>Acme United Q1 shr profit $.08 vs loss $.24.</headline>
<dateline>FAIRFIELD, Conn. 1997-04-23</dateline>
<text>
<p>(In thousands, except per share data)</p>
<p>				 First Quarter Ended March 31,</p>
<p>					 1997	  1996</p>
<p> Net sales			 $ 10,880    $ 12,040</p>
<p> Net income/(loss)		    281	  (816)</p>
<p> Earnings/(loss) per share	  .08	  (.24)</p>
<p>Full company name is Acme United Corp.</p>
<p>--((New York Newsdesk 212 859-1610))</p>
</text>
<copyright>(c) Reuters Limited 1997</copyright>
<metadata>
<codes class="bip:countries:1.0">
  <code code="USA">
    <editdetail attribution="Reuters BIP Coding Group" action="confirmed" date="1997-04-23"/>
  </code>
</codes>
<codes class="bip:industries:1.0">
  <code code="I37200">
    <editdetail attribution="Reuters BIP Coding Group" action="confirmed" date="1997-04-23"/>
  </code>
</codes>
<codes class="bip:topics:1.0">
  <code code="C15">
    <editdetail attribution="Reuters BIP Coding Group" action="confirmed" date="1997-04-23"/>
  </code>
  <code code="C151">
    <editdetail attribution="Reuters BIP Coding Group" action="confirmed" date="1997-04-23"/>
  </code>
  <code code="CCAT">
    <editdetail attribution="Reuters BIP Coding Group" action="confirmed" date="1997-04-23"/>
  </code>
</codes>
<dc element="dc.date.created" value="1997-04-23"/>
<dc element="dc.publisher" value="Reuters Holdings Plc"/>
<dc element="dc.date.published" value="1997-04-23"/>
<dc element="dc.source" value="Reuters"/>
<dc element="dc.creator.location" value="FAIRFIELD, Conn."/>
<dc element="dc.creator.location.country.name" value="USA"/>
<dc element="dc.source" value="Reuters"/>
</metadata>
</newsitem>
