<?xml version="1.0" encoding="iso-8859-1" ?>
<newsitem itemid="725637" id="root" date="1997-07-14" xml:lang="en">
<title>MEXICO: Mexico Cetes rate ends up on cash demand for dlrs.</title>
<headline>Mexico Cetes rate ends up on cash demand for dlrs.</headline>
<dateline>MEXICO CITY 1997-07-14</dateline>
<text>
<p>Mexican overnight Cetes rates closed up 20 basis points after rates came under modest upside pressure from investors selling paper to buy cheaply priced pesos, dealers said.</p>
<p>&quot;The market looks under a little pressure and was partly due to the peso reaching a level which triggered demand for dollars,&quot; a fixed-income analyst said.</p>
<p>Benchmark 48-hour peso contracts meanwhile ended 0.2 of a centavo weaker at 7.8550/7.8590 per dollar, the first time they had closed softer in eight sessions, dealers said.  </p>
<p>The analyst said a glut of paper from central bank intervention also exerted pressure on rates.</p>
<p>&quot;The spread between bank and government rates has narrowed because the central bank has placed a hefty amount of paper,&quot; he said.</p>
<p>Banco de Mexico had placed a total of 23.5 billion pesos on the secondary market for the month to date in order to drain liquidity.</p>
<p>The central bank drained a total of 2.777 billion pesos on Monday by assigned three direct sales of paper and four repos.</p>
<p>Overnight rates on bank paper ended up 40 basis points at 19.85 percent, or just 45 basis points above government paper.</p>
<p>Liquidity of 740 million pesos was scheduled to return to the system on Tuesday from prior central bank participation.</p>
<p>(( --Elena Vega, Mexico City newsroom +525 728-9554))</p>
</text>
<copyright>(c) Reuters Limited 1997</copyright>
<metadata>
<codes class="bip:countries:1.0">
  <code code="MEX">
    <editdetail attribution="Reuters BIP Coding Group" action="confirmed" date="1997-07-14"/>
  </code>
</codes>
<codes class="bip:topics:1.0">
  <code code="M13">
    <editdetail attribution="Reuters BIP Coding Group" action="confirmed" date="1997-07-14"/>
  </code>
  <code code="M131">
    <editdetail attribution="Reuters BIP Coding Group" action="confirmed" date="1997-07-14"/>
  </code>
  <code code="MCAT">
    <editdetail attribution="Reuters BIP Coding Group" action="confirmed" date="1997-07-14"/>
  </code>
</codes>
<dc element="dc.date.created" value="1997-07-14"/>
<dc element="dc.publisher" value="Reuters Holdings Plc"/>
<dc element="dc.date.published" value="1997-07-14"/>
<dc element="dc.source" value="Reuters"/>
<dc element="dc.creator.location" value="MEXICO CITY"/>
<dc element="dc.creator.location.country.name" value="MEXICO"/>
<dc element="dc.source" value="Reuters"/>
</metadata>
</newsitem>
