<?xml version="1.0" encoding="iso-8859-1" ?>
<newsitem itemid="233167" id="root" date="1996-12-04" xml:lang="en">
<title>USA: PHLX to list options on GT Interactive.</title>
<headline>PHLX to list options on GT Interactive.</headline>
<dateline>CHICAGO 1996-12-04</dateline>
<text>
<p>The Philadelphia Stock Exchange (PHLX) said it will list options on GT Interactive Software Corp shares on December 10.</p>
<p>The options will have initial strike prices of 5, 7-1/2 and 10, with expirations in January, February, April and July, the exchange said.</p>
<p>Susquehanna Investment Group will be the specialist on the PHLX floor.</p>
<p>((Chicago Derivatives Desk 312-408-8750))</p>
<p>((E-mail: derivatives@reuters.com))</p>
</text>
<copyright>(c) Reuters Limited 1996</copyright>
<metadata>
<codes class="bip:countries:1.0">
  <code code="USA">
    <editdetail attribution="Reuters BIP Coding Group" action="confirmed" date="1996-12-04"/>
  </code>
</codes>
<codes class="bip:industries:1.0">
  <code code="I33020">
    <editdetail attribution="Reuters BIP Coding Group" action="confirmed" date="1996-12-04"/>
  </code>
  <code code="I3302021">
    <editdetail attribution="Reuters BIP Coding Group" action="confirmed" date="1996-12-04"/>
  </code>
</codes>
<codes class="bip:topics:1.0">
  <code code="C14">
    <editdetail attribution="Reuters BIP Coding Group" action="confirmed" date="1996-12-04"/>
  </code>
  <code code="CCAT">
    <editdetail attribution="Reuters BIP Coding Group" action="confirmed" date="1996-12-04"/>
  </code>
</codes>
<dc element="dc.date.created" value="1996-12-04"/>
<dc element="dc.publisher" value="Reuters Holdings Plc"/>
<dc element="dc.date.published" value="1996-12-04"/>
<dc element="dc.source" value="Reuters"/>
<dc element="dc.creator.location" value="CHICAGO"/>
<dc element="dc.creator.location.country.name" value="USA"/>
<dc element="dc.source" value="Reuters"/>
</metadata>
</newsitem>
