<?xml version="1.0" encoding="iso-8859-1" ?>
<newsitem itemid="158119" id="root" date="1996-10-31" xml:lang="en">
<title>NORWAY: Statoil plans first Irish spud for March.</title>
<headline>Statoil plans first Irish spud for March.</headline>
<dateline>OSLO 1996-10-31</dateline>
<text>
<p>Den norske stats oljeselskap AS (Statoil) will begin drilling on the Connemara field on the Irish continental shelf in March, 1997, the company's Status Weekly newsletter said on Thursday.</p>
<p>Spudding of the first well will begin on March 1, with 60 days of test production scheduled to run parallel to the drilling of a second well. The second well is scheduled for 15 days of test production.</p>
<p>Results from the tests will determine whether Connemara becomes the first development off the Irish west coast, Statoil said.</p>
<p>The field, located in 365 metres of water, was considered non-commercial when discovered by British Petroleum Co Plc in 1979.</p>
<p>&quot;However, new mapping has raised hopes that it can be developed with a production ship,&quot; Statoil said.</p>
<p>The rig J W McLean, owned by Reading &amp; Bates, was contracted to drill the wells.</p>
<p>--Oslo newsroom, +47 22 42 50 41</p>
</text>
<copyright>(c) Reuters Limited 1996</copyright>
<metadata>
<codes class="bip:countries:1.0">
  <code code="IRE">
    <editdetail attribution="Reuters BIP Coding Group" action="confirmed" date="1996-10-31"/>
  </code>
  <code code="NORW">
    <editdetail attribution="Reuters BIP Coding Group" action="confirmed" date="1996-10-31"/>
  </code>
</codes>
<codes class="bip:industries:1.0">
  <code code="I13000">
    <editdetail attribution="Reuters BIP Coding Group" action="confirmed" date="1996-10-31"/>
  </code>
  <code code="I1300003">
    <editdetail attribution="Reuters BIP Coding Group" action="confirmed" date="1996-10-31"/>
  </code>
</codes>
<codes class="bip:topics:1.0">
  <code code="C21">
    <editdetail attribution="Reuters BIP Coding Group" action="confirmed" date="1996-10-31"/>
  </code>
  <code code="C24">
    <editdetail attribution="Reuters BIP Coding Group" action="confirmed" date="1996-10-31"/>
  </code>
  <code code="CCAT">
    <editdetail attribution="Reuters BIP Coding Group" action="confirmed" date="1996-10-31"/>
  </code>
</codes>
<dc element="dc.date.created" value="1996-10-31"/>
<dc element="dc.publisher" value="Reuters Holdings Plc"/>
<dc element="dc.date.published" value="1996-10-31"/>
<dc element="dc.source" value="Reuters"/>
<dc element="dc.creator.location" value="OSLO"/>
<dc element="dc.creator.location.country.name" value="NORWAY"/>
<dc element="dc.source" value="Reuters"/>
</metadata>
</newsitem>
