<?xml version="1.0" encoding="iso-8859-1" ?>
<newsitem itemid="423055" id="root" date="1997-03-06" xml:lang="en">
<title>USA: Fed says 14-day fixed system totaled $6.739 bln.</title>
<headline>Fed says 14-day fixed system totaled $6.739 bln.</headline>
<dateline>NEW YORK 1997-03-06</dateline>
<text>
<p>The Federal Reserve added a total of $6.739 billion in temporary reserves to the banking system in its 14-day fixed system repurchase operation on Thursday, a New York Fed spokeswoman said.</p>
<p>(( -- E. Freilich, N.A. Treasury Desk 212-859-1679 ))</p>
</text>
<copyright>(c) Reuters Limited 1997</copyright>
<metadata>
<codes class="bip:countries:1.0">
  <code code="USA">
    <editdetail attribution="Reuters BIP Coding Group" action="confirmed" date="1997-03-06"/>
  </code>
</codes>
<codes class="bip:topics:1.0">
  <code code="M13">
    <editdetail attribution="Reuters BIP Coding Group" action="confirmed" date="1997-03-06"/>
  </code>
  <code code="M131">
    <editdetail attribution="Reuters BIP Coding Group" action="confirmed" date="1997-03-06"/>
  </code>
  <code code="MCAT">
    <editdetail attribution="Reuters BIP Coding Group" action="confirmed" date="1997-03-06"/>
  </code>
</codes>
<dc element="dc.date.created" value="1997-03-06"/>
<dc element="dc.publisher" value="Reuters Holdings Plc"/>
<dc element="dc.date.published" value="1997-03-06"/>
<dc element="dc.source" value="Reuters"/>
<dc element="dc.creator.location" value="NEW YORK"/>
<dc element="dc.creator.location.country.name" value="USA"/>
<dc element="dc.source" value="Reuters"/>
</metadata>
</newsitem>
