<?xml version="1.0" encoding="iso-8859-1" ?>
<newsitem itemid="122158" id="root" date="1996-10-16" xml:lang="en">
<title>FRANCE: Suez shares up slightly, bloc trade seen.</title>
<headline>Suez shares up slightly, bloc trade seen.</headline>
<dateline>PARIS 1996-10-16</dateline>
<text>
<p>Shares in Compagnie de Suez were up 0.19 percent at 208.70 francs at 0915 GMT after the financial holding group reported slightly better than expected first-half results.</p>
<p>Dealers said a block of 300,000 Suez shares was traded at 212 francs each in early trading.</p>
<p>They said the group's first-half net attributable profit of 772 million francs, compared with a loss of 3.98 billion, was at the high end of analysts' expectations.</p>
</text>
<copyright>(c) Reuters Limited 1996</copyright>
<metadata>
<codes class="bip:countries:1.0">
  <code code="FRA">
    <editdetail attribution="Reuters BIP Coding Group" action="confirmed" date="1996-10-16"/>
  </code>
</codes>
<codes class="bip:industries:1.0">
  <code code="I81402">
    <editdetail attribution="Reuters BIP Coding Group" action="confirmed" date="1996-10-16"/>
  </code>
</codes>
<codes class="bip:topics:1.0">
  <code code="C15">
    <editdetail attribution="Reuters BIP Coding Group" action="confirmed" date="1996-10-16"/>
  </code>
  <code code="C152">
    <editdetail attribution="Reuters BIP Coding Group" action="confirmed" date="1996-10-16"/>
  </code>
  <code code="CCAT">
    <editdetail attribution="Reuters BIP Coding Group" action="confirmed" date="1996-10-16"/>
  </code>
</codes>
<dc element="dc.date.created" value="1996-10-16"/>
<dc element="dc.publisher" value="Reuters Holdings Plc"/>
<dc element="dc.date.published" value="1996-10-16"/>
<dc element="dc.source" value="Reuters"/>
<dc element="dc.creator.location" value="PARIS"/>
<dc element="dc.creator.location.country.name" value="FRANCE"/>
<dc element="dc.source" value="Reuters"/>
</metadata>
</newsitem>
