<?xml version="1.0" encoding="iso-8859-1" ?>
<newsitem itemid="784195" id="root" date="1997-08-07" xml:lang="en">
<title>USA: TABLE-Amerac Energy Q2 shr loss vs profit.</title>
<headline>TABLE-Amerac Energy Q2 shr loss vs profit.</headline>
<dateline>HOUSTON 1997-08-06</dateline>
<text>
<p>($ in thousands, except per share and per unit amounts)</p>
<p>					     For the Three  For the Six</p>
<p>					     Months Ended  Months Ended</p>
<p>			     06/30/97  06/30/96  06/30/97  06/30/96</p>
<p>Revenues</p>
<p>   Product sales			2,338  2,594  5,324   4,848</p>
<p>   Other revenue			 (14)     19     10	46</p>
<p> Total revenues			 2,324  2,613  5,334   4,894</p>
<p>Expenses</p>
<p>   Lease operating			966    500  1,659     980</p>
<p>   Exploration and dry holes	  192	5    396	 8</p>
<p>Provision for impairment</p>
<p>    of properties			 584    ---    584     ---</p>
<p>Depreciation, depletion and</p>
<p>    amortization			  690    479  1,411     994</p>
<p>   General and administrative	 566    699  1,237   1,122</p>
<p>Gain on sale of properties and other ---</p>
<p>							(78)    ---   (125)</p>
<p>   Interest expense		     167    217    327     417</p>
<p> Total expenses			 3,165  1,822  5,614   3,396</p>
<p>Income (loss) before provision for</p>
<p>  income taxes			  (841)    791  (280)   1,498</p>
<p>   Provision for income taxes	(12)    ---     30     ---</p>
<p> Net income (loss)		    (829)    791  (310)   1,498</p>
<p> Less preferred dividends	     ---  (196)    ---   (411)</p>
<p>Income (loss) available to common</p>
<p>  stockholders			  (829)    595  (310)   1,087</p>
<p>Income (loss) per common share (1)</p>
<p>					   (0.21)   0.37 (0.08)    0.67</p>
<p>Weighted avg. common shares and</p>
<p>  equivalents outstanding (1)     3,887  1,605  3,885   1,628</p>
<p>NOTE - (1) Prior period share and per share data is restated for the 1-for-15 reverse stock split approved in November 1996.</p>
<p>Full company name is Amerac Energy Corp</p>
<p>((-- New York Newsdesk 212-859-1610))</p>
</text>
<copyright>(c) Reuters Limited 1997</copyright>
<metadata>
<codes class="bip:countries:1.0">
  <code code="USA">
    <editdetail attribution="Reuters BIP Coding Group" action="confirmed" date="1997-08-07"/>
  </code>
</codes>
<codes class="bip:industries:1.0">
  <code code="I13000">
    <editdetail attribution="Reuters BIP Coding Group" action="confirmed" date="1997-08-07"/>
  </code>
  <code code="I1300002">
    <editdetail attribution="Reuters BIP Coding Group" action="confirmed" date="1997-08-07"/>
  </code>
</codes>
<codes class="bip:topics:1.0">
  <code code="C15">
    <editdetail attribution="Reuters BIP Coding Group" action="confirmed" date="1997-08-07"/>
  </code>
  <code code="C151">
    <editdetail attribution="Reuters BIP Coding Group" action="confirmed" date="1997-08-07"/>
  </code>
  <code code="CCAT">
    <editdetail attribution="Reuters BIP Coding Group" action="confirmed" date="1997-08-07"/>
  </code>
</codes>
<dc element="dc.date.created" value="1997-08-06"/>
<dc element="dc.publisher" value="Reuters Holdings Plc"/>
<dc element="dc.date.published" value="1997-08-07"/>
<dc element="dc.source" value="Reuters"/>
<dc element="dc.creator.location" value="HOUSTON"/>
<dc element="dc.creator.location.country.name" value="USA"/>
<dc element="dc.source" value="Reuters"/>
</metadata>
</newsitem>
