<?xml version="1.0" encoding="iso-8859-1" ?>
<newsitem itemid="377293" id="root" date="1997-02-13" xml:lang="en">
<title>TAIWAN: Taiwan stocks close at 6-year high of 7,536.28.</title>
<headline>Taiwan stocks close at 6-year high of 7,536.28.</headline>
<dateline>TAIPEI 1997-02-13</dateline>
<text>
<p>Taiwan share prices closed sharply up to reach a six-year high on Thursday as market sentiment received a boost from the overnight record close on Wall Street, brokers said.</p>
</text>
<copyright>(c) Reuters Limited 1997</copyright>
<metadata>
<codes class="bip:countries:1.0">
  <code code="TAIWAN">
    <editdetail attribution="Reuters BIP Coding Group" action="confirmed" date="1997-02-13"/>
  </code>
</codes>
<codes class="bip:topics:1.0">
  <code code="M11">
    <editdetail attribution="Reuters BIP Coding Group" action="confirmed" date="1997-02-13"/>
  </code>
  <code code="MCAT">
    <editdetail attribution="Reuters BIP Coding Group" action="confirmed" date="1997-02-13"/>
  </code>
</codes>
<dc element="dc.date.created" value="1997-02-13"/>
<dc element="dc.publisher" value="Reuters Holdings Plc"/>
<dc element="dc.date.published" value="1997-02-13"/>
<dc element="dc.source" value="Reuters"/>
<dc element="dc.creator.location" value="TAIPEI"/>
<dc element="dc.creator.location.country.name" value="TAIWAN"/>
<dc element="dc.source" value="Reuters"/>
</metadata>
</newsitem>
