<?xml version="1.0" encoding="iso-8859-1" ?>
<newsitem itemid="638993" id="root" date="1997-06-05" xml:lang="en">
<title>USA: What A World says acquisition is final.</title>
<headline>What A World says acquisition is final.</headline>
<dateline>ST. PETERSBURG, Fla. 1997-06-05</dateline>
<text>
<p>What A World! Inc said on Thursday that it had finalized an agreement under which Natural Wonders Inc acquired substantially all its operating assets.</p>
<p>Natural Wonders also assumed some liabilities of What A World, the company said in a statement, although it did not disclose the dollar amount of the merger agreement.</p>
<p>What A World is a specialty retailer of nature and science related gifts.</p>
</text>
<copyright>(c) Reuters Limited 1997</copyright>
<metadata>
<codes class="bip:countries:1.0">
  <code code="USA">
    <editdetail attribution="Reuters BIP Coding Group" action="confirmed" date="1997-06-05"/>
  </code>
</codes>
<codes class="bip:industries:1.0">
  <code code="I65400">
    <editdetail attribution="Reuters BIP Coding Group" action="confirmed" date="1997-06-05"/>
  </code>
</codes>
<codes class="bip:topics:1.0">
  <code code="C18">
    <editdetail attribution="Reuters BIP Coding Group" action="confirmed" date="1997-06-05"/>
  </code>
  <code code="C181">
    <editdetail attribution="Reuters BIP Coding Group" action="confirmed" date="1997-06-05"/>
  </code>
  <code code="CCAT">
    <editdetail attribution="Reuters BIP Coding Group" action="confirmed" date="1997-06-05"/>
  </code>
</codes>
<dc element="dc.date.created" value="1997-06-05"/>
<dc element="dc.publisher" value="Reuters Holdings Plc"/>
<dc element="dc.date.published" value="1997-06-05"/>
<dc element="dc.source" value="Reuters"/>
<dc element="dc.creator.location" value="ST. PETERSBURG, Fla."/>
<dc element="dc.creator.location.country.name" value="USA"/>
<dc element="dc.source" value="Reuters"/>
</metadata>
</newsitem>
