<?xml version="1.0" encoding="iso-8859-1" ?>
<newsitem itemid="342475" id="root" date="1997-01-29" xml:lang="en">
<title>PHILIPPINES: Itogon-Suyoc Q4 net loss at 14.8 mln pesos.</title>
<headline>Itogon-Suyoc Q4 net loss at 14.8 mln pesos.</headline>
<dateline>MANILA 1997-01-29</dateline>
<text>
<p>Itogon-Suyoc Mines Inc recorded a 14.823 million peso net loss for the fourth quarter of 1996, documents submitted on Wednesday to the Securities and Exchange Commission (SEC) showed.</p>
<p>The documents showed the company's gross revenues from its gold and silver operations reached 2.438 million pesos but losses from operations amounted to 7.7 billion pesos.</p>
<p>No comparative figures were given by the company.</p>
<p>-- Manila newsroom 63 2 8418939 fax 8176267</p>
</text>
<copyright>(c) Reuters Limited 1997</copyright>
<metadata>
<codes class="bip:countries:1.0">
  <code code="PHLNS">
    <editdetail attribution="Reuters BIP Coding Group" action="confirmed" date="1997-01-29"/>
  </code>
</codes>
<codes class="bip:industries:1.0">
  <code code="I21000">
    <editdetail attribution="Reuters BIP Coding Group" action="confirmed" date="1997-01-29"/>
  </code>
</codes>
<codes class="bip:topics:1.0">
  <code code="C15">
    <editdetail attribution="Reuters BIP Coding Group" action="confirmed" date="1997-01-29"/>
  </code>
  <code code="C151">
    <editdetail attribution="Reuters BIP Coding Group" action="confirmed" date="1997-01-29"/>
  </code>
  <code code="C1511">
    <editdetail attribution="Reuters BIP Coding Group" action="confirmed" date="1997-01-29"/>
  </code>
  <code code="CCAT">
    <editdetail attribution="Reuters BIP Coding Group" action="confirmed" date="1997-01-29"/>
  </code>
</codes>
<dc element="dc.date.created" value="1997-01-29"/>
<dc element="dc.publisher" value="Reuters Holdings Plc"/>
<dc element="dc.date.published" value="1997-01-29"/>
<dc element="dc.source" value="Reuters"/>
<dc element="dc.creator.location" value="MANILA"/>
<dc element="dc.creator.location.country.name" value="PHILIPPINES"/>
<dc element="dc.source" value="Reuters"/>
</metadata>
</newsitem>
