<?xml version="1.0" encoding="iso-8859-1" ?>
<newsitem itemid="719873" id="root" date="1997-07-10" xml:lang="en">
<title>PAKISTAN: Pakistan money rates end up on liquidity crunch.</title>
<headline>Pakistan money rates end up on liquidity crunch.</headline>
<dateline>KARACHI, Pakistan 1997-07-10</dateline>
<text>
<p>Pakistan's money market rates ended up on Tursday owing to a shortage of funds and are expected to stay high on Friday, dealers said.</p>
<p>&quot;The market started with a short note and most of the early deals were struck at 18.95 percent,&quot; one dealer said. &quot;Later the rates eased slightly, but they soared back to 19 percent towards the end because of the funds' shortage.&quot;</p>
<p>The State (central) Bank of Pakistan announced an auction for the sale of federal investment bonds on July 11.</p>
<p>-- Amir Zia 9221-5685192</p>
</text>
<copyright>(c) Reuters Limited 1997</copyright>
<metadata>
<codes class="bip:countries:1.0">
  <code code="PAKIS">
    <editdetail attribution="Reuters BIP Coding Group" action="confirmed" date="1997-07-10"/>
  </code>
</codes>
<codes class="bip:topics:1.0">
  <code code="M13">
    <editdetail attribution="Reuters BIP Coding Group" action="confirmed" date="1997-07-10"/>
  </code>
  <code code="M131">
    <editdetail attribution="Reuters BIP Coding Group" action="confirmed" date="1997-07-10"/>
  </code>
  <code code="MCAT">
    <editdetail attribution="Reuters BIP Coding Group" action="confirmed" date="1997-07-10"/>
  </code>
</codes>
<dc element="dc.date.created" value="1997-07-10"/>
<dc element="dc.publisher" value="Reuters Holdings Plc"/>
<dc element="dc.date.published" value="1997-07-10"/>
<dc element="dc.source" value="Reuters"/>
<dc element="dc.creator.location" value="KARACHI, Pakistan"/>
<dc element="dc.creator.location.country.name" value="PAKISTAN"/>
<dc element="dc.source" value="Reuters"/>
</metadata>
</newsitem>
