<?xml version="1.0" encoding="iso-8859-1" ?>
<newsitem itemid="515716" id="root" date="1997-04-17" xml:lang="en">
<title>USA: Tosco ramps up two units at Calif. refinery.</title>
<headline>Tosco ramps up two units at Calif. refinery.</headline>
<dateline>SAN FRANCISCO 1997-04-17</dateline>
<text>
<p>Tosco Corp said two refinery units returned to normal operation at its Rodeo, California, refinery early Thursday after a gas leak cut production the night before, a company spokeswoman said.</p>
<p>Operators late Wednesday cut back to minimum levels a coker and hydrocracker after the leak caused a sulfur processing unit to lose pressure.</p>
<p>&quot;The refinery is currently operating normally,&quot; said Tosco spokesman David Kory. But he did not know if the two units had reached full capacity Thursday.</p>
<p>He declined to say what effect the cut backs had on customers shipments, but added planned maintenance was occuring at the time of the leak.</p>
<p>&quot;There's a lot of other maintenance going on on other units,&quot; Kory said.</p>
<p>The leaking gas, a compound of hydrogen sulphide and sulphur dioxide, did not pose a health risk to nearby residents, the company said.</p>
<p>The leak was unrelated to another incident at the same refinery Wednesday morning when there was a briEf fire at a processing unit that had been taken down for maintenance. The fire was put out with disrupting operations.</p>
<p>Tosco recently bought the refinery from Unocal Corp along with the company's other downstream assets.</p>
</text>
<copyright>(c) Reuters Limited 1997</copyright>
<metadata>
<codes class="bip:countries:1.0">
  <code code="USA">
    <editdetail attribution="Reuters BIP Coding Group" action="confirmed" date="1997-04-17"/>
  </code>
</codes>
<codes class="bip:industries:1.0">
  <code code="I13000">
    <editdetail attribution="Reuters BIP Coding Group" action="confirmed" date="1997-04-17"/>
  </code>
  <code code="I14000">
    <editdetail attribution="Reuters BIP Coding Group" action="confirmed" date="1997-04-17"/>
  </code>
</codes>
<codes class="bip:topics:1.0">
  <code code="C21">
    <editdetail attribution="Reuters BIP Coding Group" action="confirmed" date="1997-04-17"/>
  </code>
  <code code="C24">
    <editdetail attribution="Reuters BIP Coding Group" action="confirmed" date="1997-04-17"/>
  </code>
  <code code="CCAT">
    <editdetail attribution="Reuters BIP Coding Group" action="confirmed" date="1997-04-17"/>
  </code>
</codes>
<dc element="dc.date.created" value="1997-04-17"/>
<dc element="dc.publisher" value="Reuters Holdings Plc"/>
<dc element="dc.date.published" value="1997-04-17"/>
<dc element="dc.source" value="Reuters"/>
<dc element="dc.creator.location" value="SAN FRANCISCO"/>
<dc element="dc.creator.location.country.name" value="USA"/>
<dc element="dc.source" value="Reuters"/>
</metadata>
</newsitem>
