<?xml version="1.0" encoding="iso-8859-1" ?>
<newsitem itemid="164023" id="root" date="1996-11-04" xml:lang="en">
<title>USA: Carroll CSD, Iowa, won by Piper Jaffray.</title>
<headline>Carroll CSD, Iowa, won by Piper Jaffray.</headline>
<dateline>NEW YORK 1996-11-04</dateline>
<text>
<p>Piper Jaffray Inc. said it won $2 million of Carroll CSD, Iowa, general obligation school bonds, with a true interest cost of 5.36 percent.</p>
</text>
<copyright>(c) Reuters Limited 1996</copyright>
<metadata>
<codes class="bip:countries:1.0">
  <code code="USA">
    <editdetail attribution="Reuters BIP Coding Group" action="confirmed" date="1996-11-04"/>
  </code>
</codes>
<codes class="bip:topics:1.0">
  <code code="E21">
    <editdetail attribution="Reuters BIP Coding Group" action="confirmed" date="1996-11-04"/>
  </code>
  <code code="E212">
    <editdetail attribution="Reuters BIP Coding Group" action="confirmed" date="1996-11-04"/>
  </code>
  <code code="ECAT">
    <editdetail attribution="Reuters BIP Coding Group" action="confirmed" date="1996-11-04"/>
  </code>
</codes>
<dc element="dc.date.created" value="1996-11-04"/>
<dc element="dc.publisher" value="Reuters Holdings Plc"/>
<dc element="dc.date.published" value="1996-11-04"/>
<dc element="dc.source" value="Reuters"/>
<dc element="dc.creator.location" value="NEW YORK"/>
<dc element="dc.creator.location.country.name" value="USA"/>
<dc element="dc.source" value="Reuters"/>
</metadata>
</newsitem>
