<?xml version="1.0" encoding="iso-8859-1" ?>
<newsitem itemid="83303" id="root" date="1996-09-28" xml:lang="en">
<title>EGYPT: PRESS DIGEST - Egypt - Sept 28.</title>
<headline>PRESS DIGEST - Egypt - Sept 28.</headline>
<dateline>CAIRO 1996-09-28</dateline>
<text>
<p>These are the leading stories in the Egyptian press on Saturday. Reuters has not verified these stories and does not vouch for their accuracy.</p>
<p>AL-AHRAM</p>
<p>- President Hosni Mubarak receives an urgent telephone call from Isreali Prime Minister Benjamin Netanyahu and reconfirms the necessity of closing Jerusalem's tunnel. Mubarak, aiming at containing the situation, called Palestinian President Yasser Arafat, German Chancellor Helmut Kohl and French President Jacques Chirac.</p>
<p>- An Egypian police officer was wounded in Israeli-Palestinian clashes in Rafah.</p>
<p>- Search continues to recover 45 bodies after a ferry capsized in the Nile off a southern Egyptian village.</p>
<p>AKHBAR AL-YOUM</p>
<p>- Sixty people returned from a funeral in the southern province of Minya to drown in the Nile.</p>
<p>AL-GOMHURIA</p>
<p>- A sad Friday night in Minya: 16 bodies were recovered and divers are looking for 34 more. Prime Minister Kamal Ganzouri ordered urgent aid to be distributed to victims' families.</p>
<p>-- Cairo newsroom +202 578 3290/1</p>
</text>
<copyright>(c) Reuters Limited 1996</copyright>
<metadata>
<codes class="bip:countries:1.0">
  <code code="EGYPT">
    <editdetail attribution="Reuters BIP Coding Group" action="confirmed" date="1996-09-28"/>
  </code>
</codes>
<codes class="bip:topics:1.0">
  <code code="GCAT">
    <editdetail attribution="Reuters BIP Coding Group" action="confirmed" date="1996-09-28"/>
  </code>
</codes>
<dc element="dc.date.created" value="1996-09-28"/>
<dc element="dc.publisher" value="Reuters Holdings Plc"/>
<dc element="dc.date.published" value="1996-09-28"/>
<dc element="dc.source" value="Reuters"/>
<dc element="dc.creator.location" value="CAIRO"/>
<dc element="dc.creator.location.country.name" value="EGYPT"/>
<dc element="dc.source" value="Reuters"/>
</metadata>
</newsitem>
