<?xml version="1.0" encoding="iso-8859-1" ?>
<newsitem itemid="591042" id="root" date="1997-05-16" xml:lang="en">
<title>NETHERLANDS: DUTCH CENTRAL BANK SAYS GOLD VALUE PLANS UNCHANGED.</title>
<headline>DUTCH CENTRAL BANK SAYS GOLD VALUE PLANS UNCHANGED.</headline>
<dateline>AMSTERDAM 1997-05-16</dateline>
<text>
<p>The Dutch Central Bank said on Friday it was not planning an interim revaluation of its gold reserves in the wake of news Germany was looking to adjust the value of its reserves.</p>
<p>A spokesman said the Dutch Central Bank had 1,061 tonnes of gold currently in reserve, which it valued at some 11.702 billion guilders.</p>
<p>Bert Groothof said the bank revalued its gold reserves every three years and the next adjustment was due on December 31, 1998.</p>
<p>Groothof said the bank valued its reserves every three years, based on the lowest average market price for gold over the preceding three years minus 30 percent. He said the method could not be altered without a change in the bank's statutes.</p>
<p>The last revaluation was on December 31, 1995.</p>
<p>-- Amsterdam newsroom +31 20 504 5000, Fax +31 20 504 5040</p>
</text>
<copyright>(c) Reuters Limited 1997</copyright>
<metadata>
<codes class="bip:countries:1.0">
  <code code="NETH">
    <editdetail attribution="Reuters BIP Coding Group" action="confirmed" date="1997-05-16"/>
  </code>
</codes>
<codes class="bip:topics:1.0">
  <code code="E12">
    <editdetail attribution="Reuters BIP Coding Group" action="confirmed" date="1997-05-16"/>
  </code>
  <code code="E21">
    <editdetail attribution="Reuters BIP Coding Group" action="confirmed" date="1997-05-16"/>
  </code>
  <code code="E211">
    <editdetail attribution="Reuters BIP Coding Group" action="confirmed" date="1997-05-16"/>
  </code>
  <code code="E51">
    <editdetail attribution="Reuters BIP Coding Group" action="confirmed" date="1997-05-16"/>
  </code>
  <code code="E513">
    <editdetail attribution="Reuters BIP Coding Group" action="confirmed" date="1997-05-16"/>
  </code>
  <code code="ECAT">
    <editdetail attribution="Reuters BIP Coding Group" action="confirmed" date="1997-05-16"/>
  </code>
</codes>
<dc element="dc.date.created" value="1997-05-16"/>
<dc element="dc.publisher" value="Reuters Holdings Plc"/>
<dc element="dc.date.published" value="1997-05-16"/>
<dc element="dc.source" value="Reuters"/>
<dc element="dc.creator.location" value="AMSTERDAM"/>
<dc element="dc.creator.location.country.name" value="NETHERLANDS"/>
<dc element="dc.source" value="Reuters"/>
</metadata>
</newsitem>
