<?xml version="1.0" encoding="iso-8859-1" ?>
<newsitem itemid="312589" id="root" date="1997-01-16" xml:lang="en">
<title>CANADA: Suncor Inc Q4 net profit rises.</title>
<headline>Suncor Inc Q4 net profit rises.</headline>
<dateline>CALGARY, Alberta 1997-01-16</dateline>
<text>
<p>1996			  1995</p>
<p> Shr			 C$0.86		   C$0.55</p>
<p> Net			 47,000		   30,000</p>
<p> Cash flow/shr	     2.77		     1.48</p>
<p> Revs		     573,000		  494,000</p>
<p>		  YEAR</p>
<p> Shr			 C$3.42		   C$2.76</p>
<p> Net			187,000		  151,000</p>
<p> Cash flow/shr	     8.52		     6.99</p>
<p> Revs		   2,100,000		1,900,000</p>
<p>		  (All data above 000s except per share numbers)</p>
<p>	  ((Reuters Toronto Bureau (416) 941-8100))</p>
</text>
<copyright>(c) Reuters Limited 1997</copyright>
<metadata>
<codes class="bip:countries:1.0">
  <code code="CANA">
    <editdetail attribution="Reuters BIP Coding Group" action="confirmed" date="1997-01-16"/>
  </code>
</codes>
<codes class="bip:industries:1.0">
  <code code="I14000">
    <editdetail attribution="Reuters BIP Coding Group" action="confirmed" date="1997-01-16"/>
  </code>
</codes>
<codes class="bip:topics:1.0">
  <code code="C15">
    <editdetail attribution="Reuters BIP Coding Group" action="confirmed" date="1997-01-16"/>
  </code>
  <code code="C151">
    <editdetail attribution="Reuters BIP Coding Group" action="confirmed" date="1997-01-16"/>
  </code>
  <code code="C1511">
    <editdetail attribution="Reuters BIP Coding Group" action="confirmed" date="1997-01-16"/>
  </code>
  <code code="CCAT">
    <editdetail attribution="Reuters BIP Coding Group" action="confirmed" date="1997-01-16"/>
  </code>
</codes>
<dc element="dc.date.created" value="1997-01-16"/>
<dc element="dc.publisher" value="Reuters Holdings Plc"/>
<dc element="dc.date.published" value="1997-01-16"/>
<dc element="dc.source" value="Reuters"/>
<dc element="dc.creator.location" value="CALGARY, Alberta"/>
<dc element="dc.creator.location.country.name" value="CANADA"/>
<dc element="dc.source" value="Reuters"/>
</metadata>
</newsitem>
