<?xml version="1.0" encoding="iso-8859-1" ?>
<newsitem itemid="339853" id="root" date="1997-01-29" xml:lang="en">
<title>USA: MidAmerican Energy Holdings Co net up.</title>
<headline>MidAmerican Energy Holdings Co net up.</headline>
<dateline>DES MOINES, Iowa 1997-01-29</dateline>
<text>
<p>1996			1995</p>
<p> Shr			  $0.28		    $0.27</p>
<p> Net			 28,448		   26,780</p>
<p> Revs		     538,872		  424,364</p>
<p> Avg shrs		 100,752		  100,752</p>
<p>(All Data Above 000s Except Per Share Numbers)</p>
<p>NOTE: Q4 1996 results include $29.7 million or $0.29 a share continuing operations income and a $1.3 million or $0.01 loss from discontinued operations. Q4 1996 also includes $0.09 a share in write-downs of nonregulated investments.  </p>
<p>Q4 1995 results include $25.7 million or $0.26 a share income from continuing operations and income of $1.1 million or $0.01 a share income from discontinued operations.</p>
<p>			YEAR</p>
<p> Shr			  $1.30		    $1.22</p>
<p> Net			131,046		  122,764</p>
<p> Revs		   1,872,612		1,649,341</p>
<p> Avg shrs		 100,752		  100,401</p>
<p>(All Data Above 000s Except Per Share Numbers)</p>
<p>NOTE: Full-year 1996 results include $143.8 million or $1.43 a share in income from continuing operations and $12.7 million or $0.13 a share loss from discontinued operations.</p>
<p>Full-year 1995 results include $119.7 million or $1.19 a share income from continuing operations and $3.1 million or $0.03 a share income from discontinued operations.</p>
<p>Full-year 1996 results include $0.09 a share write-down for non-regulated investments taken in Q4 and $0.05 a share in costs for merger proposal.</p>
<p>((Reuters Chicago Newsdesk (312) 408-8787))</p>
</text>
<copyright>(c) Reuters Limited 1997</copyright>
<metadata>
<codes class="bip:countries:1.0">
  <code code="USA">
    <editdetail attribution="Reuters BIP Coding Group" action="confirmed" date="1997-01-29"/>
  </code>
</codes>
<codes class="bip:industries:1.0">
  <code code="I13000">
    <editdetail attribution="Reuters BIP Coding Group" action="confirmed" date="1997-01-29"/>
  </code>
</codes>
<codes class="bip:topics:1.0">
  <code code="C15">
    <editdetail attribution="Reuters BIP Coding Group" action="confirmed" date="1997-01-29"/>
  </code>
  <code code="C151">
    <editdetail attribution="Reuters BIP Coding Group" action="confirmed" date="1997-01-29"/>
  </code>
  <code code="C1511">
    <editdetail attribution="Reuters BIP Coding Group" action="confirmed" date="1997-01-29"/>
  </code>
  <code code="CCAT">
    <editdetail attribution="Reuters BIP Coding Group" action="confirmed" date="1997-01-29"/>
  </code>
</codes>
<dc element="dc.date.created" value="1997-01-29"/>
<dc element="dc.publisher" value="Reuters Holdings Plc"/>
<dc element="dc.date.published" value="1997-01-29"/>
<dc element="dc.source" value="Reuters"/>
<dc element="dc.creator.location" value="DES MOINES, Iowa"/>
<dc element="dc.creator.location.country.name" value="USA"/>
<dc element="dc.source" value="Reuters"/>
</metadata>
</newsitem>
