<?xml version="1.0" encoding="iso-8859-1" ?>
<newsitem itemid="285207" id="root" date="1997-01-03" xml:lang="en">
<title>POLAND: Polish shares end mixed in continuous trade.</title>
<headline>Polish shares end mixed in continuous trade.</headline>
<dateline>WARSAW 1997-01-03</dateline>
<text>
<p>Four stocks fell, one rose and eight were flat in 3.9-million-zloty Warsaw bourse continuous trade on Friday.</p>
<p>The remaining eight stocks did not trade.</p>
<p>NFI units rose 0.4 percent to 141.5 zlotys in a 9.2-million-zloty turnover.</p>
<p>-- Warsaw Newsroom +48 22 653 9700</p>
</text>
<copyright>(c) Reuters Limited 1997</copyright>
<metadata>
<codes class="bip:countries:1.0">
  <code code="POL">
    <editdetail attribution="Reuters BIP Coding Group" action="confirmed" date="1997-01-03"/>
  </code>
</codes>
<codes class="bip:topics:1.0">
  <code code="M11">
    <editdetail attribution="Reuters BIP Coding Group" action="confirmed" date="1997-01-03"/>
  </code>
  <code code="MCAT">
    <editdetail attribution="Reuters BIP Coding Group" action="confirmed" date="1997-01-03"/>
  </code>
</codes>
<dc element="dc.date.created" value="1997-01-03"/>
<dc element="dc.publisher" value="Reuters Holdings Plc"/>
<dc element="dc.date.published" value="1997-01-03"/>
<dc element="dc.source" value="Reuters"/>
<dc element="dc.creator.location" value="WARSAW"/>
<dc element="dc.creator.location.country.name" value="POLAND"/>
<dc element="dc.source" value="Reuters"/>
</metadata>
</newsitem>
