<?xml version="1.0" encoding="iso-8859-1" ?>
<newsitem itemid="665909" id="root" date="1997-06-17" xml:lang="en">
<title>LITHUANIA: LITHUANIA-EU TEXTILE EXPORT CEILINGS INCREASED.</title>
<headline>LITHUANIA-EU TEXTILE EXPORT CEILINGS INCREASED.</headline>
<dateline>VILNIUS 1997-06-17</dateline>
<text>
<p>A joint EU-Lithuania commmittee decided to raise tariff ceilings for Lithuanian textiles exported to the European Union (EU) and liberalise the domestic market, a foreign ministry official said on Tuesday.</p>
<p>&quot;The ceilings will be raised and Lithuania is eliminating a number of import tariffs for EU textiles,&quot; Algimantas Rimkunas, deputy foreign minister of Lithuania, told reporters.</p>
<p>He did not give the details of the agreement, finalised at Tuesday a meeting of a joint Lithuania-EU committee which works on a free trade agreement.</p>
<p>The EU accounted for 33.4 percent of Lithuania's exports last year and 40.5 percent of its imports.</p>
<p>Lithuania's exports to the EU amounted to 4.384 billion litas and imports from the EU were 7.133 billion litas.</p>
<p>According to Rimkunas, textiles make up 29 percent of Lithuania's exports to the EU.</p>
<p>&quot;For some products, ceilings were raised very considerably, from two million items to seven million items per year,&quot; Rimkunas said.</p>
<p>Rimkunas said the Lithuanian goods that would enjoy higher ceilings included items like T-shirts and sweaters.</p>
<p>&quot;The products that Lithuania exports are quite considerable,&quot; Rimkunas said.</p>
<p>-- Burton Frierson, Vilnius newsroom + 370 2 22 35 18</p>
</text>
<copyright>(c) Reuters Limited 1997</copyright>
<metadata>
<codes class="bip:countries:1.0">
  <code code="EEC">
    <editdetail attribution="Reuters BIP Coding Group" action="confirmed" date="1997-06-17"/>
  </code>
  <code code="LITH">
    <editdetail attribution="Reuters BIP Coding Group" action="confirmed" date="1997-06-17"/>
  </code>
</codes>
<codes class="bip:industries:1.0">
  <code code="I43000">
    <editdetail attribution="Reuters BIP Coding Group" action="confirmed" date="1997-06-17"/>
  </code>
</codes>
<codes class="bip:topics:1.0">
  <code code="C31">
    <editdetail attribution="Reuters BIP Coding Group" action="confirmed" date="1997-06-17"/>
  </code>
  <code code="C311">
    <editdetail attribution="Reuters BIP Coding Group" action="confirmed" date="1997-06-17"/>
  </code>
  <code code="C312">
    <editdetail attribution="Reuters BIP Coding Group" action="confirmed" date="1997-06-17"/>
  </code>
  <code code="CCAT">
    <editdetail attribution="Reuters BIP Coding Group" action="confirmed" date="1997-06-17"/>
  </code>
  <code code="G15">
    <editdetail attribution="Reuters BIP Coding Group" action="confirmed" date="1997-06-17"/>
  </code>
  <code code="G158">
    <editdetail attribution="Reuters BIP Coding Group" action="confirmed" date="1997-06-17"/>
  </code>
  <code code="GCAT">
    <editdetail attribution="Reuters BIP Coding Group" action="confirmed" date="1997-06-17"/>
  </code>
</codes>
<dc element="dc.date.created" value="1997-06-17"/>
<dc element="dc.publisher" value="Reuters Holdings Plc"/>
<dc element="dc.date.published" value="1997-06-17"/>
<dc element="dc.source" value="Reuters"/>
<dc element="dc.creator.location" value="VILNIUS"/>
<dc element="dc.creator.location.country.name" value="LITHUANIA"/>
<dc element="dc.source" value="Reuters"/>
</metadata>
</newsitem>
