<?xml version="1.0" encoding="iso-8859-1" ?>
<newsitem itemid="806078" id="root" date="1997-08-18" xml:lang="en">
<title>USA: Henry Herren joins First Tennessee Capital Markets.</title>
<headline>Henry Herren joins First Tennessee Capital Markets.</headline>
<dateline>NEW YORK 1997-08-18</dateline>
<text>
<p>Former Duncan-Williams Inc vice president Henry Herren has joined First Tennessee Capital Markets in Memphis as a vice president in municipal trading and underwriting, a First Tennessee official said.</p>
<p>Herren, who joined the firm on June 23, replaced JoAnne Woody, a vice president who took early retirement in late May, according to Mike Allen, a senior vice president and manager of First Tennessee's muni trading and underwriting group.</p>
<p>--Kathie O'Donnell, 212-859-1655</p>
</text>
<copyright>(c) Reuters Limited 1997</copyright>
<metadata>
<codes class="bip:countries:1.0">
  <code code="USA">
    <editdetail attribution="Reuters BIP Coding Group" action="confirmed" date="1997-08-18"/>
  </code>
</codes>
<codes class="bip:topics:1.0">
  <code code="C41">
    <editdetail attribution="Reuters BIP Coding Group" action="confirmed" date="1997-08-18"/>
  </code>
  <code code="C411">
    <editdetail attribution="Reuters BIP Coding Group" action="confirmed" date="1997-08-18"/>
  </code>
  <code code="CCAT">
    <editdetail attribution="Reuters BIP Coding Group" action="confirmed" date="1997-08-18"/>
  </code>
</codes>
<dc element="dc.date.created" value="1997-08-18"/>
<dc element="dc.publisher" value="Reuters Holdings Plc"/>
<dc element="dc.date.published" value="1997-08-18"/>
<dc element="dc.source" value="Reuters"/>
<dc element="dc.creator.location" value="NEW YORK"/>
<dc element="dc.creator.location.country.name" value="USA"/>
<dc element="dc.source" value="Reuters"/>
</metadata>
</newsitem>
