<?xml version="1.0" encoding="iso-8859-1" ?>
<newsitem itemid="544910" id="root" date="1997-04-28" xml:lang="en">
<title>BELGIUM: BELGIAN UNIWEAR TO PROPOSE FREE SHARE AS DIVIDEND.</title>
<headline>BELGIAN UNIWEAR TO PROPOSE FREE SHARE AS DIVIDEND.</headline>
<dateline>BRUSSELS 1997-04-28</dateline>
<text>
<p>Belgian textile holding company Uniwear said it would propose to shareholders to pay 1996 dividend in the form of a free share, which would work out at an equivalent of a six franc gross dividend a share.</p>
<p>The free share dividend will be applicable to the 1,908,923 shares existing at end-December 1996. New shares issued in March 1997 will only be eligible to dividends paid on 1997 earnings.</p>
<p>Uniwear has paid no dividend since 1991.</p>
<p>-- Brussels Newsroom +32 2 287 6810, Fax +32 2 230 7710</p>
</text>
<copyright>(c) Reuters Limited 1997</copyright>
<metadata>
<codes class="bip:countries:1.0">
  <code code="BELG">
    <editdetail attribution="Reuters BIP Coding Group" action="confirmed" date="1997-04-28"/>
  </code>
</codes>
<codes class="bip:topics:1.0">
  <code code="C151">
    <editdetail attribution="Reuters BIP Coding Group" action="confirmed" date="1997-04-28"/>
  </code>
</codes>
<dc element="dc.date.created" value="1997-04-28"/>
<dc element="dc.publisher" value="Reuters Holdings Plc"/>
<dc element="dc.date.published" value="1997-04-28"/>
<dc element="dc.source" value="Reuters"/>
<dc element="dc.creator.location" value="BRUSSELS"/>
<dc element="dc.creator.location.country.name" value="BELGIUM"/>
<dc element="dc.source" value="Reuters"/>
</metadata>
</newsitem>
