<?xml version="1.0" encoding="iso-8859-1" ?>
<newsitem itemid="690004" id="root" date="1997-06-26" xml:lang="en">
<title>INDIA: India to disclose chemicals weapons stockpile.</title>
<headline>India to disclose chemicals weapons stockpile.</headline>
<dateline>NEW DELHI 1997-06-26</dateline>
<text>
<p>India was scheduled to unveil details of its chemicals weapon stockpile for the first time on Thursday and open it for inspection, officials said.</p>
<p>&quot;It is a deadline which India has managed to fulfill,&quot; a government spokesman told Reuters.</p>
<p>Indian Express daily reported that a parliamentary committee of lawmakers was briefed by officials on Wednesday of India's decision taken to implement the Chemicals Weapons Convention (CWC), which New Delhi ratified last September.</p>
<p>Under the convention, a deadline was set for June 26 to disclose the inventories.</p>
<p>India is at the chair of the Executive Council of the CWC.</p>
<p>The disclosure will be made at The Hague.</p>
</text>
<copyright>(c) Reuters Limited 1997</copyright>
<metadata>
<codes class="bip:countries:1.0">
  <code code="INDIA">
    <editdetail attribution="Reuters BIP Coding Group" action="confirmed" date="1997-06-26"/>
  </code>
</codes>
<codes class="bip:topics:1.0">
  <code code="GCAT">
    <editdetail attribution="Reuters BIP Coding Group" action="confirmed" date="1997-06-26"/>
  </code>
  <code code="GDEF">
    <editdetail attribution="Reuters BIP Coding Group" action="confirmed" date="1997-06-26"/>
  </code>
</codes>
<dc element="dc.date.created" value="1997-06-26"/>
<dc element="dc.publisher" value="Reuters Holdings Plc"/>
<dc element="dc.date.published" value="1997-06-26"/>
<dc element="dc.source" value="Reuters"/>
<dc element="dc.creator.location" value="NEW DELHI"/>
<dc element="dc.creator.location.country.name" value="INDIA"/>
<dc element="dc.source" value="Reuters"/>
</metadata>
</newsitem>
