<?xml version="1.0" encoding="iso-8859-1" ?>
<newsitem itemid="668630" id="root" date="1997-06-17" xml:lang="en">
<title>EGYPT: Table of outstanding Egyptian 182-day T-bills.</title>
<headline>Table of outstanding Egyptian 182-day T-bills.</headline>
<dateline>CAIRO 1997-06-17</dateline>
<text>
<p>Following is a table of</p>
<p>outstanding 182-day Egyptian treasury bills:</p>
<p> Issue date  Volume	 Average    Range accepted    Maturity</p>
<p>	    (mln pounds)  yield (pct)	(pct)	     date</p>
<p> June 17  1,433.825	 8.957     8.600 -  9.037     Dec 17</p>
<p> June 10  1,382.475	 8.956     8.500 -  9.031     Dec  9</p>
<p> June 3   1,444.925	 9.050     8.500 -  9.450     Dec  2</p>
<p> May 27   1,312.300	 9.029     8.000 -  9.496     Nov 25</p>
<p> May 20     991.725	 8.950     8.751 -  8.985     Nov 18</p>
<p> May 13     991.925	 9.106     8.814 -  9.239     Nov 11</p>
<p> May  6     978.225	 9.274     9.000 -  9.316     Nov  4</p>
<p> Apr 22     878.375	 9.631     9.000 -  9.738     Oct 21</p>
<p> Apr  8     879.875	 9.606     9.000 -  9.641     Oct  7</p>
<p> Mar 18     878.175	 9.921     9.501 -  9.999     Sep 16</p>
<p> Mar 11     751.450	 9.925     9.701 -  9.946     Sep  9</p>
<p> Mar  4     630.575	 9.987     9.516 - 10.028     Sept 2</p>
<p> Feb 25     980.075	 9.990     9.800 - 10.081     Aug 26</p>
<p> Feb 18     767.800	 9.999     9.800 - 10.101     Aug 19</p>
<p> Feb  4     702.375	 9.997     9.380 - 10.101     Aug  5</p>
<p> Jan 28     903.675	 9.999     8.987 - 10.061     Jul 29</p>
<p> Jan 14     709.575	10.041     9.900 - 10.090     Jul 15</p>
<p> Dec 31     800.550	10.060     9.997 - 10.087     Jul  1</p>
<p> Dec 24     909.475	10.097     9.999 - 10.107     Jun 24</p>
<p> TOTAL   18,327.375</p>
<p>-- Cairo reporting +20 2 578 3290/1</p>
</text>
<copyright>(c) Reuters Limited 1997</copyright>
<metadata>
<codes class="bip:countries:1.0">
  <code code="EGYPT">
    <editdetail attribution="Reuters BIP Coding Group" action="confirmed" date="1997-06-17"/>
  </code>
</codes>
<codes class="bip:topics:1.0">
  <code code="M13">
    <editdetail attribution="Reuters BIP Coding Group" action="confirmed" date="1997-06-17"/>
  </code>
  <code code="M131">
    <editdetail attribution="Reuters BIP Coding Group" action="confirmed" date="1997-06-17"/>
  </code>
  <code code="MCAT">
    <editdetail attribution="Reuters BIP Coding Group" action="confirmed" date="1997-06-17"/>
  </code>
</codes>
<dc element="dc.date.created" value="1997-06-17"/>
<dc element="dc.publisher" value="Reuters Holdings Plc"/>
<dc element="dc.date.published" value="1997-06-17"/>
<dc element="dc.source" value="Reuters"/>
<dc element="dc.creator.location" value="CAIRO"/>
<dc element="dc.creator.location.country.name" value="EGYPT"/>
<dc element="dc.source" value="Reuters"/>
</metadata>
</newsitem>
