<?xml version="1.0" encoding="iso-8859-1" ?>
<newsitem itemid="167006" id="root" date="1996-11-05" xml:lang="en">
<title>INDIA: Indian shares fall, ITC stock plummets.</title>
<headline>Indian shares fall, ITC stock plummets.</headline>
<dateline>BOMBAY 1996-11-05</dateline>
<text>
<p>**  (1345 GMT) - Indian stocks finish lower, weak undertone</p>
<p>**  ITC share takes a battering, falls over 6 pct to 268.75</p>
<p>**  B.A.T, Indian firms to review ITC operations on Nov 15</p>
<p>**  Bombay 30-share index slides 29.88 pts to 3.062.84</p>
<p>**  National exchange index down 0.96 pct to 881.57, Delhi</p>
<p>	  index 1.4 pct, Calcutta 1.22 pct and Madras 0.15 pct</p>
<p>----</p>
<p>Share prices at major Indian bourses on Tuesday suffered losses, with shares of ITC sliding over six percent in nervous trade, dealers said.</p>
<p>The benchmark 30-share index of the Bombay Stock Exchange (BSE) ended 29.88 points, or 0.97 percent lower, at 3,062.84 after rising to 3,104.03.</p>
<p>Traders said blue-chip stocks took cue from a sharp fall in scandal-hit ITC shares.</p>
<p>The ITC stock plunged 18.50 rupees to 268.75 rupees on volumes of over 2.8 million shares traded at the BSE.  </p>
<p>The share fell 18.50 rupees to 268.75 at the National Stock Exchange (NSE).</p>
<p>Late on Tuesday, Indian financial institutions and B.A.T Industries Plc, major shareholders of ITC said they would review operations of the firm at a board meeting on November 15.</p>
<p>The tobacco conglomerate is being investigated for alleged &quot;violations by ITC Ltd to the tune of over $100 million,&quot; the finance ministry said.</p>
<p>Last week, the Enforcement Directorate searched ITC offices and arrested senior officials including two former chairmen.  </p>
<p>The decision to review ITC's operations was taken at a joint meeting of financial institutions and B.A.T, the Industrial Development Bank of India said in a statement.</p>
<p>The 50-stock NSE index lost 8.56 points to close at 881.57.</p>
<p>The Delhi share index fell 9.74 points to 692.25, the Calcutta index 5.09 points to 412.45 and the Madras index 4.56 points to 3,111.45.</p>
<p>TISCO lost 6.25 to 165.50, SBI 3.50 to 215.0, Reliance 3.75 to 185.0, TELCO 12.20 to 395.75 and ACC 26.0 to 1,430.0.</p>
<p>-- ANSHUMAN DAGA, Bombay newsroom +91-22-265 9000</p>
</text>
<copyright>(c) Reuters Limited 1996</copyright>
<metadata>
<codes class="bip:countries:1.0">
  <code code="INDIA">
    <editdetail attribution="Reuters BIP Coding Group" action="confirmed" date="1996-11-05"/>
  </code>
</codes>
<codes class="bip:topics:1.0">
  <code code="M11">
    <editdetail attribution="Reuters BIP Coding Group" action="confirmed" date="1996-11-05"/>
  </code>
  <code code="MCAT">
    <editdetail attribution="Reuters BIP Coding Group" action="confirmed" date="1996-11-05"/>
  </code>
</codes>
<dc element="dc.date.created" value="1996-11-05"/>
<dc element="dc.publisher" value="Reuters Holdings Plc"/>
<dc element="dc.date.published" value="1996-11-05"/>
<dc element="dc.source" value="Reuters"/>
<dc element="dc.creator.location" value="BOMBAY"/>
<dc element="dc.creator.location.country.name" value="INDIA"/>
<dc element="dc.source" value="Reuters"/>
</metadata>
</newsitem>
