<?xml version="1.0" encoding="iso-8859-1" ?>
<newsitem itemid="354462" id="root" date="1997-02-04" xml:lang="en">
<title>USA: Commonwealth stake raised by Simplot.</title>
<headline>Commonwealth stake raised by Simplot.</headline>
<dateline>WASHINGTON 1997-02-04</dateline>
<text>
<p>Idaho potato magnate John Simplot said Tuesday he raised his stake in Commonwealth Aluminum Corp to 904,000 common shares or 8.9 percent.</p>
<p>In a filing with the Securities and Exchange Commission, Simplot said he bought 214,000 common shares between January 23 and January 29 at prices ranging from $18.796 to $19 per share.</p>
<p>Simplot maintains his holdings in the Louisville, Ky.,-based aluminum rolling products maker for investment purposes.</p>
</text>
<copyright>(c) Reuters Limited 1997</copyright>
<metadata>
<codes class="bip:countries:1.0">
  <code code="USA">
    <editdetail attribution="Reuters BIP Coding Group" action="confirmed" date="1997-02-04"/>
  </code>
</codes>
<codes class="bip:industries:1.0">
  <code code="I22450">
    <editdetail attribution="Reuters BIP Coding Group" action="confirmed" date="1997-02-04"/>
  </code>
</codes>
<codes class="bip:topics:1.0">
  <code code="C18">
    <editdetail attribution="Reuters BIP Coding Group" action="confirmed" date="1997-02-04"/>
  </code>
  <code code="C181">
    <editdetail attribution="Reuters BIP Coding Group" action="confirmed" date="1997-02-04"/>
  </code>
  <code code="CCAT">
    <editdetail attribution="Reuters BIP Coding Group" action="confirmed" date="1997-02-04"/>
  </code>
</codes>
<dc element="dc.date.created" value="1997-02-04"/>
<dc element="dc.publisher" value="Reuters Holdings Plc"/>
<dc element="dc.date.published" value="1997-02-04"/>
<dc element="dc.source" value="Reuters"/>
<dc element="dc.creator.location" value="WASHINGTON"/>
<dc element="dc.creator.location.country.name" value="USA"/>
<dc element="dc.source" value="Reuters"/>
</metadata>
</newsitem>
