<?xml version="1.0" encoding="iso-8859-1" ?>
<newsitem itemid="256178" id="root" date="1996-12-13" xml:lang="en">
<title>SPAIN: Spain deficit, inflation convergence - Reuter poll.</title>
<headline>Spain deficit, inflation convergence - Reuter poll.</headline>
<dateline>MADRID 1996-12-13</dateline>
<text>
<p>Economists in a new Reuters poll predicted the Spanish government would not quite reach key convergence objectives for 1997, the crucial year for testing fitness for the European single currency launch.</p>
<p>A poll of 10 analysts this week found doubts about Spain's ability to clear one of its two thorniest hurdles - the deficit objectives of 4.4 percent for 1996 and 3.0 percent for 1997.</p>
<p>They were more optimistic on inflation, forecasting a drop in the average rate for 1997 to about 2.8 percent from 3.6 in 1996.</p>
<p>Spain does not provide regular data on the public sector deficit, but on the monthly cash deficit for the central government.</p>
<p>According to the national accounts basis used to determine fitness for the single currency, social security and the autonomous regions budgets are also included.</p>
<p>The survey captured forecasts on the public sector deficit for 1996 and 1997.</p>
<p>			   Average fcast   Range   Gov't forecast</p>
<p> Public Sec def 1996    4.59 pct    (4.4/5.2)     4.4 pct</p>
<p> Central gov't	    3.5  pct    (3.3/3.7)     3.5 pct</p>
<p> Social Sec		 0.48 pct    (0.3/0.7)     0.3 pct</p>
<p> Aut regions		0.61 pct    (0.6/0.7)     0.6 pct</p>
<p> Public Sec def 1997    3.32 pct    (3.0/4.1)     3.0 pct</p>
<p> Central gov't	    2.63 pct    (2.4/2.8)     2.5 pct</p>
<p> Social Sec		 0.33 pct    (0.2/0.5)     0.2 pct</p>
<p> Aut regions		0.38 pct    (0.3/0.6)     0.3 pct</p>
<p> CPI dec/dec 1996	 3.29 pct    (3.1/3.4)	3.4 pct</p>
<p> CPI avg   1996	   3.58 pct    (3.4/3.6)	  -</p>
<p> CPI avg   1997	   2.77 pct    (2.5/3.1)	  -</p>
<p>CONTRIBUTORS: Merrill Lynch, Caja de Madrid, Beta Capital, Intermoney, Benito y Monjardin, Credit Lyonnais, BCH, ICAE, BBV, Salomon Brothers (London), Caja de Cataluna.</p>
<p>-- Madrid Newsroom +34 1 585 2167</p>
</text>
<copyright>(c) Reuters Limited 1996</copyright>
<metadata>
<codes class="bip:countries:1.0">
  <code code="EEC">
    <editdetail attribution="Reuters BIP Coding Group" action="confirmed" date="1996-12-13"/>
  </code>
  <code code="SPAIN">
    <editdetail attribution="Reuters BIP Coding Group" action="confirmed" date="1996-12-13"/>
  </code>
</codes>
<codes class="bip:topics:1.0">
  <code code="E11">
    <editdetail attribution="Reuters BIP Coding Group" action="confirmed" date="1996-12-13"/>
  </code>
  <code code="E12">
    <editdetail attribution="Reuters BIP Coding Group" action="confirmed" date="1996-12-13"/>
  </code>
  <code code="ECAT">
    <editdetail attribution="Reuters BIP Coding Group" action="confirmed" date="1996-12-13"/>
  </code>
  <code code="G15">
    <editdetail attribution="Reuters BIP Coding Group" action="confirmed" date="1996-12-13"/>
  </code>
  <code code="G154">
    <editdetail attribution="Reuters BIP Coding Group" action="confirmed" date="1996-12-13"/>
  </code>
  <code code="GCAT">
    <editdetail attribution="Reuters BIP Coding Group" action="confirmed" date="1996-12-13"/>
  </code>
</codes>
<dc element="dc.date.created" value="1996-12-13"/>
<dc element="dc.publisher" value="Reuters Holdings Plc"/>
<dc element="dc.date.published" value="1996-12-13"/>
<dc element="dc.source" value="Reuters"/>
<dc element="dc.creator.location" value="MADRID"/>
<dc element="dc.creator.location.country.name" value="SPAIN"/>
<dc element="dc.source" value="Reuters"/>
</metadata>
</newsitem>
