<?xml version="1.0" encoding="iso-8859-1" ?>
<newsitem itemid="696911" id="root" date="1997-06-30" xml:lang="en">
<title>UK: U.S., Europe truckers link to UK cargo data system.</title>
<headline>U.S., Europe truckers link to UK cargo data system.</headline>
<dateline>LONDON 1997-06-30</dateline>
<text>
<p>European trucking organisation Rutges and U.S.-owned ground handler Ogden Cargo have made the first international connections to the UK cargo community computer system CCS-UK, said the system's designer and manager, Syntegra.</p>
<p>Syntegra is British Telecommunications Plc's systems integrations business.</p>
<p>It said that Rutges, which specialises in trucking services for the airfreight industry, has connected its 'Starwheels' computer system in Rotterdam to CCS-UK to facilitate electronic communications with its airline and freight forwarding customers.</p>
<p>&quot;We are developing electronic data interchange (EDI) as a means of communicating with our customers, which is very much in line with their own business objectives,&quot; said Rutges project manager Dick Foote.</p>
<p>He added that the connection provided operational benefits for Rutges' locations around Europe -- particularly in its &quot;core&quot; countries of the Netherlands, Belgium, Germany, France and the UK/Ireland.</p>
<p>Syntegra said Ogden Cargo had connected its ABS2000 ground handling system locations in Barcelona and Madrid to CCS-UK.</p>
<p>ABS2000 is now on-line to 65 transit sheds and other locations internationally and through CCS-UK to major international airlines, said Syntegra.</p>
<p>-- Reuters Air Cargo Newsroom Tel+44 171 542 7706 Fax +5017 -www.racs.com</p>
</text>
<copyright>(c) Reuters Limited 1997</copyright>
<metadata>
<codes class="bip:countries:1.0">
  <code code="UK">
    <editdetail attribution="Reuters BIP Coding Group" action="confirmed" date="1997-06-30"/>
  </code>
  <code code="USA">
    <editdetail attribution="Reuters BIP Coding Group" action="confirmed" date="1997-06-30"/>
  </code>
</codes>
<codes class="bip:industries:1.0">
  <code code="I25000">
    <editdetail attribution="Reuters BIP Coding Group" action="confirmed" date="1997-06-30"/>
  </code>
  <code code="I77002">
    <editdetail attribution="Reuters BIP Coding Group" action="confirmed" date="1997-06-30"/>
  </code>
  <code code="I79020">
    <editdetail attribution="Reuters BIP Coding Group" action="confirmed" date="1997-06-30"/>
  </code>
  <code code="I83960">
    <editdetail attribution="Reuters BIP Coding Group" action="confirmed" date="1997-06-30"/>
  </code>
</codes>
<codes class="bip:topics:1.0">
  <code code="C21">
    <editdetail attribution="Reuters BIP Coding Group" action="confirmed" date="1997-06-30"/>
  </code>
  <code code="CCAT">
    <editdetail attribution="Reuters BIP Coding Group" action="confirmed" date="1997-06-30"/>
  </code>
</codes>
<dc element="dc.date.created" value="1997-06-30"/>
<dc element="dc.publisher" value="Reuters Holdings Plc"/>
<dc element="dc.date.published" value="1997-06-30"/>
<dc element="dc.source" value="Reuters"/>
<dc element="dc.creator.location" value="LONDON"/>
<dc element="dc.creator.location.country.name" value="UK"/>
<dc element="dc.source" value="Reuters"/>
</metadata>
</newsitem>
