<?xml version="1.0" encoding="iso-8859-1" ?>
<newsitem itemid="109614" id="root" date="1996-10-10" xml:lang="en">
<title>AUSTRALIA: RTRS-ANZ share ownership an oversight - minister.</title>
<headline>RTRS-ANZ share ownership an oversight - minister.</headline>
<dateline>CANBERRA 1996-10-10</dateline>
<text>
<p>Australian Assistant Treasurer Jim Short said on Thursday his ownership of Australia and New Zealand Banking Group Ltd shares was an oversight.</p>
<p>&quot;When I re-read the guidelines yesterday I realised I had made an oversight,&quot; Short told Australian Broadcasting Corp Radio.</p>
<p>&quot;I accept that it was a careless oversight on my part even though of course there was no conflict of interest involved,&quot; Short said.</p>
<p>The treasury portfolio, in which Short is a junior minister, includes responsibility for the banking industry.</p>
<p>Prime Minister John Howard told parliament on Thursday that Short had breached ministerial guidelines governing outside interests but he would not require his resignation.</p>
<p>Short said earlier he would donate any pre-tax profit from the sale of his 6,679 ANZ shares to an appropriate charity.</p>
<p>-- Canberra Bureau 61-6 273-2730</p>
</text>
<copyright>(c) Reuters Limited 1996</copyright>
<metadata>
<codes class="bip:countries:1.0">
  <code code="AUSTR">
    <editdetail attribution="Reuters BIP Coding Group" action="confirmed" date="1996-10-10"/>
  </code>
</codes>
<codes class="bip:industries:1.0">
  <code code="I81402">
    <editdetail attribution="Reuters BIP Coding Group" action="confirmed" date="1996-10-10"/>
  </code>
</codes>
<codes class="bip:topics:1.0">
  <code code="C13">
    <editdetail attribution="Reuters BIP Coding Group" action="confirmed" date="1996-10-10"/>
  </code>
  <code code="CCAT">
    <editdetail attribution="Reuters BIP Coding Group" action="confirmed" date="1996-10-10"/>
  </code>
  <code code="GCAT">
    <editdetail attribution="Reuters BIP Coding Group" action="confirmed" date="1996-10-10"/>
  </code>
  <code code="GPOL">
    <editdetail attribution="Reuters BIP Coding Group" action="confirmed" date="1996-10-10"/>
  </code>
</codes>
<dc element="dc.date.created" value="1996-10-10"/>
<dc element="dc.publisher" value="Reuters Holdings Plc"/>
<dc element="dc.date.published" value="1996-10-10"/>
<dc element="dc.source" value="Reuters"/>
<dc element="dc.creator.location" value="CANBERRA"/>
<dc element="dc.creator.location.country.name" value="AUSTRALIA"/>
<dc element="dc.source" value="Reuters"/>
</metadata>
</newsitem>
