<?xml version="1.0" encoding="iso-8859-1" ?>
<newsitem itemid="652796" id="root" date="1997-06-11" xml:lang="en">
<title>POLAND: Polish NFI Piast plans to up its capital in 1997.</title>
<headline>Polish NFI Piast plans to up its capital in 1997.</headline>
<dateline>WARSAW 1997-06-11</dateline>
<text>
<p>Polish National Investment Fund (NFI) No 12 or Piast wants to increase its share capital this year, the fund's president said on Wednesday.</p>
<p>&quot;We would like to raise the share capital of the fund, we would like it this year, but it will depend on our future shareholders,&quot; Rafal Zagorny told Reuters in an interview.</p>
<p>He did not give any details.</p>
<p>Zagorny said the fund's strategy envisaged focusing on three sectors chemical, car parts and textiles. @</p>
<p>He said the fund did not plan to place any of its companies on the bourse this year, but said it would look for investors for its automotive parts and chemical companies.</p>
<p>&quot;This year two or three joint venture projects are possible - one of them in chemical and one in car parts sector...as far as textiles are concerned, it seems, the firms can cope themselves,&quot; Zagorny said.</p>
<p>-- Warsaw Newsroom +48 22 653 9700</p>
</text>
<copyright>(c) Reuters Limited 1997</copyright>
<metadata>
<codes class="bip:countries:1.0">
  <code code="POL">
    <editdetail attribution="Reuters BIP Coding Group" action="confirmed" date="1997-06-11"/>
  </code>
</codes>
<codes class="bip:industries:1.0">
  <code code="I42700">
    <editdetail attribution="Reuters BIP Coding Group" action="confirmed" date="1997-06-11"/>
  </code>
</codes>
<codes class="bip:topics:1.0">
  <code code="C17">
    <editdetail attribution="Reuters BIP Coding Group" action="confirmed" date="1997-06-11"/>
  </code>
  <code code="C171">
    <editdetail attribution="Reuters BIP Coding Group" action="confirmed" date="1997-06-11"/>
  </code>
  <code code="CCAT">
    <editdetail attribution="Reuters BIP Coding Group" action="confirmed" date="1997-06-11"/>
  </code>
</codes>
<dc element="dc.date.created" value="1997-06-11"/>
<dc element="dc.publisher" value="Reuters Holdings Plc"/>
<dc element="dc.date.published" value="1997-06-11"/>
<dc element="dc.source" value="Reuters"/>
<dc element="dc.creator.location" value="WARSAW"/>
<dc element="dc.creator.location.country.name" value="POLAND"/>
<dc element="dc.source" value="Reuters"/>
</metadata>
</newsitem>
