<?xml version="1.0" encoding="iso-8859-1" ?>
<newsitem itemid="468544" id="root" date="1997-03-26" xml:lang="en">
<title>UK: SOCCER-LEAGUE OF WALES RESULTS/STANDINGS.</title>
<headline>SOCCER-LEAGUE OF WALES RESULTS/STANDINGS.</headline>
<dateline>CARDIFF 1997-03-26</dateline>
<text>
<p>Results of midweek matches in</p>
<p>the League of Wales:</p>
<p>Played on Wednesday:</p>
<p> Aberystwyth	3  Porthmadog	 0</p>
<p> Briton Ferry     0  Barry Town	 4</p>
<p> Cemaes Bay	 1  Flint Town	 2</p>
<p> Conwy		0  Holywell	   3</p>
<p> Ton Pentre	 0  Cwmbran	    3</p>
<p> Welshpool	  0  Llansantffraid   3</p>
<p>Played on Tuesday:</p>
<p> Connah's Quay    2  Bangor City	4</p>
<p>Inter Cable-Tel  1  Carmarthen Town  0</p>
<p> Newtown	    2  Ebbw Vale	  2</p>
<p> Rhyl		 1  Caernarfon Town  1</p>
<p> Welshpool	  1  Llansantffraid   1</p>
<p>    Standings		Pl  W  D  L   F  A  Pts</p>
<p>  1.Barry Town	     31 25  5  1  99  21  80</p>
<p>  2.Inter Cable-Tel	32 21  5  6  63  24  68</p>
<p>  3.Conwy		    35 19  8  8  59  32  65</p>
<p>  4.Caernarfon Town	32 19  8  5  66  49  65</p>
<p>  5.Ebbw Vale		32 18  7  7  68  33  61</p>
<p>  6.Cwmbran		  33 18  6  9  61  45  60</p>
<p>  7.Newtown		  32 18  5  9  59  34  59</p>
<p>  8.Bangor City	    32 16  5 11  61  40  53</p>
<p>  9.Llansantffraid	 31 14 10  7  54  44  52</p>
<p> 10.Porthmadog	     33 15  7 11  50  44  52</p>
<p> 11.Connah's Quay	  35 14  7 14  54  58  49</p>
<p> 12.Cemaes Bay	     33  8 10 15  47  60  34</p>
<p> 13.Carmarthen Town	35  9  7 19  36  72  34</p>
<p> 14.Flint Town	     31  9  5 17  39  56  32</p>
<p> 15.Ton Pentre	     32 10  2 20  44  63  32</p>
<p> 16.Aberystwyth	    32  8  6 18  49  71  30</p>
<p> 17.Caersws		  31  8  6 17  40  67  30</p>
<p> 18.Welshpool		32  7  7 18  37  68  28</p>
<p> 19.Rhyl		     32  7  6 19  38  57  27</p>
<p> 20.Holywell		 30  6  7 17  38  60  25</p>
<p> 21.Briton Ferry	   32  5  1 26  31  95  16</p>
</text>
<copyright>(c) Reuters Limited 1997</copyright>
<metadata>
<codes class="bip:countries:1.0">
  <code code="UK">
    <editdetail attribution="Reuters BIP Coding Group" action="confirmed" date="1997-03-26"/>
  </code>
</codes>
<codes class="bip:topics:1.0">
  <code code="GCAT">
    <editdetail attribution="Reuters BIP Coding Group" action="confirmed" date="1997-03-26"/>
  </code>
  <code code="GSPO">
    <editdetail attribution="Reuters BIP Coding Group" action="confirmed" date="1997-03-26"/>
  </code>
</codes>
<dc element="dc.date.created" value="1997-03-26"/>
<dc element="dc.publisher" value="Reuters Holdings Plc"/>
<dc element="dc.date.published" value="1997-03-26"/>
<dc element="dc.source" value="Reuters"/>
<dc element="dc.creator.location" value="CARDIFF"/>
<dc element="dc.creator.location.country.name" value="UK"/>
<dc element="dc.source" value="Reuters"/>
</metadata>
</newsitem>
