<?xml version="1.0" encoding="iso-8859-1" ?>
<newsitem itemid="219401" id="root" date="1996-11-27" xml:lang="en">
<title>USA: 3DX Technologies to offer more shares in IPO.</title>
<headline>3DX Technologies to offer more shares in IPO.</headline>
<dateline>NEW YORK 1996-11-27</dateline>
<text>
<p>3DX Technologies Inc has increased the number of shares to be offered in its planned initial public offering to 2,949,862 from its previous estimate of 2.5 million shares.</p>
<p>The change was made in a filing Wednesday with the U.S. Securities and Exchange Commission. The estimated pricing range remains $13 to $15 a share.</p>
<p>The offering is expected sometime next week, according to underwriter Howard Weil LaBouisse Friedrichs Inc.</p>
<p>The shares are due to price on the Nasdaq under the symbol &quot;TDXT&quot;.</p>
</text>
<copyright>(c) Reuters Limited 1996</copyright>
<metadata>
<codes class="bip:countries:1.0">
  <code code="USA">
    <editdetail attribution="Reuters BIP Coding Group" action="confirmed" date="1996-11-27"/>
  </code>
</codes>
<codes class="bip:industries:1.0">
  <code code="I13000">
    <editdetail attribution="Reuters BIP Coding Group" action="confirmed" date="1996-11-27"/>
  </code>
  <code code="I1300002">
    <editdetail attribution="Reuters BIP Coding Group" action="confirmed" date="1996-11-27"/>
  </code>
</codes>
<codes class="bip:topics:1.0">
  <code code="C14">
    <editdetail attribution="Reuters BIP Coding Group" action="confirmed" date="1996-11-27"/>
  </code>
  <code code="C17">
    <editdetail attribution="Reuters BIP Coding Group" action="confirmed" date="1996-11-27"/>
  </code>
  <code code="C171">
    <editdetail attribution="Reuters BIP Coding Group" action="confirmed" date="1996-11-27"/>
  </code>
  <code code="CCAT">
    <editdetail attribution="Reuters BIP Coding Group" action="confirmed" date="1996-11-27"/>
  </code>
</codes>
<dc element="dc.date.created" value="1996-11-27"/>
<dc element="dc.publisher" value="Reuters Holdings Plc"/>
<dc element="dc.date.published" value="1996-11-27"/>
<dc element="dc.source" value="Reuters"/>
<dc element="dc.creator.location" value="NEW YORK"/>
<dc element="dc.creator.location.country.name" value="USA"/>
<dc element="dc.source" value="Reuters"/>
</metadata>
</newsitem>
