<?xml version="1.0" encoding="iso-8859-1" ?>
<newsitem itemid="315406" id="root" date="1997-01-17" xml:lang="en">
<title>USA: Hilton to redeem convertible debt issues.</title>
<headline>Hilton to redeem convertible debt issues.</headline>
<dateline>BEVERLY HILLS, Calif. 1997-01-17</dateline>
<text>
<p>Hilton Hotels Corp Friday said it will redeem all of its outstanding 10 percent and six percent convertible subordinated debentures on February 18, 1997, at a price of 100 percent of the principal amount plus interest accrued to the redemption date.</p>
<p>The debt was formerly an obligation of recently-acquired Bally Entertainment Corp.  The conversion price of the 10 percent debentures is $29.42.  The conversion price of the six percent debentures is $26.10.  The right to convert the debentures to be redeemed will terminate on February 18, 1997.</p>
</text>
<copyright>(c) Reuters Limited 1997</copyright>
<metadata>
<codes class="bip:countries:1.0">
  <code code="USA">
    <editdetail attribution="Reuters BIP Coding Group" action="confirmed" date="1997-01-17"/>
  </code>
</codes>
<codes class="bip:industries:1.0">
  <code code="I66500">
    <editdetail attribution="Reuters BIP Coding Group" action="confirmed" date="1997-01-17"/>
  </code>
</codes>
<codes class="bip:topics:1.0">
  <code code="C17">
    <editdetail attribution="Reuters BIP Coding Group" action="confirmed" date="1997-01-17"/>
  </code>
  <code code="C172">
    <editdetail attribution="Reuters BIP Coding Group" action="confirmed" date="1997-01-17"/>
  </code>
  <code code="CCAT">
    <editdetail attribution="Reuters BIP Coding Group" action="confirmed" date="1997-01-17"/>
  </code>
</codes>
<dc element="dc.date.created" value="1997-01-17"/>
<dc element="dc.publisher" value="Reuters Holdings Plc"/>
<dc element="dc.date.published" value="1997-01-17"/>
<dc element="dc.source" value="Reuters"/>
<dc element="dc.creator.location" value="BEVERLY HILLS, Calif."/>
<dc element="dc.creator.location.country.name" value="USA"/>
<dc element="dc.source" value="Reuters"/>
</metadata>
</newsitem>
