<?xml version="1.0" encoding="iso-8859-1" ?>
<newsitem itemid="155674" id="root" date="1996-10-31" xml:lang="en">
<title>USA: AMERCO Q2 shr $1.22 vs $0.85.</title>
<headline>AMERCO Q2 shr $1.22 vs $0.85.</headline>
<text>
<p>RENO, Nev., Oct 31 (Reuter)</p>
<p>				1996			1995</p>
<p> Shr		 $1.22		    $0.85</p>
<p> Net		 37,700		   35,300</p>
<p> Revs		400,400		  371,300</p>
<p>	   6 MONTHS</p>
<p> Shr		 $2.36		    $1.16</p>
<p> Net		 77,700		   50,500</p>
<p> Revs		760,100		  701,800</p>
<p>(All data above 000s except per share numbers)</p>
</text>
<copyright>(c) Reuters Limited 1996</copyright>
<metadata>
<codes class="bip:countries:1.0">
  <code code="USA">
    <editdetail attribution="Reuters BIP Coding Group" action="confirmed" date="1996-10-31"/>
  </code>
</codes>
<codes class="bip:industries:1.0">
  <code code="I84803">
    <editdetail attribution="Reuters BIP Coding Group" action="confirmed" date="1996-10-31"/>
  </code>
</codes>
<codes class="bip:topics:1.0">
  <code code="C15">
    <editdetail attribution="Reuters BIP Coding Group" action="confirmed" date="1996-10-31"/>
  </code>
  <code code="C151">
    <editdetail attribution="Reuters BIP Coding Group" action="confirmed" date="1996-10-31"/>
  </code>
  <code code="CCAT">
    <editdetail attribution="Reuters BIP Coding Group" action="confirmed" date="1996-10-31"/>
  </code>
</codes>
<dc element="dc.publisher" value="Reuters Holdings Plc"/>
<dc element="dc.date.published" value="1996-10-31"/>
<dc element="dc.source" value="Reuters"/>
<dc element="dc.creator.location.country.name" value="USA"/>
<dc element="dc.source" value="Reuters"/>
</metadata>
</newsitem>
