<?xml version="1.0" encoding="iso-8859-1" ?>
<newsitem itemid="790236" id="root" date="1997-08-11" xml:lang="en">
<title>CANADA: Toronto stocks tick lower at open despite golds.</title>
<headline>Toronto stocks tick lower at open despite golds.</headline>
<dateline>TORONTO 1997-08-11</dateline>
<text>
<p>CHANGE				  CHANGE</p>
<p>TSE	   6882.69  -12.46   HI 6882.69	LO 6882.69</p>
<p>DJI	   8014.49  -16.73 GOLD (LONDON)   US$326.20 +2.50</p>
<p>FTSE	  5035.30   +4.00 GOLD (COMEX OCT)US$329.60 +1.30</p>
<p>NIKKEI     18824.18 -780.28 LME CASH NICKEL US$6865    -123</p>
<p>CANDLR	 1.3931	   LME CASH ALUM   US$1748   -13.5</p>
<p>CAN 30-YR    118.90   +0.41 BRENT CRUDE     US$18.46  -0.02</p>
<p>--------------------MARKET COMMENT-------------------------</p>
<p>* Toronto stock market lost a bit of ground at Monday's open, following New York lower despite a strong gain in golds. * Only 7 million shares traded worth C$84 million.  </p>
<p>Toronto stocks opened softer in lackluster dealings on Monday, hurt by reignited concerns over a possible hike in North American interest rates.</p>
<p>&quot;The interest rate concerns ... dominate the scene,&quot; said Maison Placements Canada President John Ing. &quot;The environment is a lot more unfriendly.&quot;</p>
<p>If short-term interest rates were raised in the U.S., investors would be more likely to pour their funds into bonds and withdraw from stocks, analysts said.</p>
<p>Another situation prompting nervousness is the currency problem in Thailand which could spread wider, Ing said.</p>
</text>
<copyright>(c) Reuters Limited 1997</copyright>
<metadata>
<codes class="bip:countries:1.0">
  <code code="CANA">
    <editdetail attribution="Reuters BIP Coding Group" action="confirmed" date="1997-08-11"/>
  </code>
</codes>
<codes class="bip:topics:1.0">
  <code code="M11">
    <editdetail attribution="Reuters BIP Coding Group" action="confirmed" date="1997-08-11"/>
  </code>
  <code code="MCAT">
    <editdetail attribution="Reuters BIP Coding Group" action="confirmed" date="1997-08-11"/>
  </code>
</codes>
<dc element="dc.date.created" value="1997-08-11"/>
<dc element="dc.publisher" value="Reuters Holdings Plc"/>
<dc element="dc.date.published" value="1997-08-11"/>
<dc element="dc.source" value="Reuters"/>
<dc element="dc.creator.location" value="TORONTO"/>
<dc element="dc.creator.location.country.name" value="CANADA"/>
<dc element="dc.source" value="Reuters"/>
</metadata>
</newsitem>
