<?xml version="1.0" encoding="iso-8859-1" ?>
<newsitem itemid="655645" id="root" date="1997-06-12" xml:lang="en">
<title>HUNGARY: HUNGARY NOON RADIO HEADLINES - JUNE 12.</title>
<headline>HUNGARY NOON RADIO HEADLINES - JUNE 12.</headline>
<dateline>BUDAPEST 1997-06-12</dateline>
<text>
<p>These are the main headlines on Hungary's Kossuth Radio midday news. Reuters cannot vouch for their accuracy:</p>
<p>-- Hungarians believe that the country's NATO membership would not only increase military security but also guarantee Hungary's economic development, Defence Minister Gyorgy Keleti said.</p>
<p>-- The employers of a meat processing company in Szekszard, a town in western Hungary, continue to blockade the factory as a protest over delayed payments.</p>
<p>-- Opposition MPs are concerned over the burdens which the planned pension reform would put on the government budget.</p>
<p>-- The government discusses today the first draft of the 1998 budget.</p>
<p>-- Budapest newsroom (36 1) 327 4040</p>
</text>
<copyright>(c) Reuters Limited 1997</copyright>
<metadata>
<codes class="bip:countries:1.0">
  <code code="HUNG">
    <editdetail attribution="Reuters BIP Coding Group" action="confirmed" date="1997-06-12"/>
  </code>
</codes>
<codes class="bip:topics:1.0">
  <code code="GCAT">
    <editdetail attribution="Reuters BIP Coding Group" action="confirmed" date="1997-06-12"/>
  </code>
</codes>
<dc element="dc.date.created" value="1997-06-12"/>
<dc element="dc.publisher" value="Reuters Holdings Plc"/>
<dc element="dc.date.published" value="1997-06-12"/>
<dc element="dc.source" value="Reuters"/>
<dc element="dc.creator.location" value="BUDAPEST"/>
<dc element="dc.creator.location.country.name" value="HUNGARY"/>
<dc element="dc.source" value="Reuters"/>
</metadata>
</newsitem>
