<?xml version="1.0" encoding="iso-8859-1" ?>
<newsitem itemid="336715" id="root" date="1997-01-28" xml:lang="en">
<title>USA: Cell Genesys Q4 shr loss $0.11.</title>
<headline>Cell Genesys Q4 shr loss $0.11.</headline>
<dateline>FOSTER CITY, Calif. 1997-01-28</dateline>
<text>
<p>SELECTED FINANCIAL INFORMATION</p>
<p>				STATEMENTS OF OPERATIONS</p>
<p>		     (in thousands, except per share data)</p>
<p>					 Three months ended  Year ended</p>
<p>					     December 31,  December 31,</p>
<p>					 1996     1995    1996     1995</p>
<p>Revenue under collaborative</p>
<p>agreements - principally from</p>
<p>  related parties	     $  7,404$  6,622$ 22,505 $ 13,822</p>
<p>Operating expenses:</p>
<p>     Research and development  7,587   6,437  27,587   25,879</p>
<p>General and administrative</p>
<p>					 2,384   1,430   7,469    5,670</p>
<p>     Total operating expenses  9,971   7,867  35,056   31,549</p>
<p> Interest income, net		765     706   3,277    2,739</p>
<p> Net loss			  (1,802)   (539) (9,274) (14,988)</p>
<p> Net loss per share		(.11)   (.04)   (.57)   (1.07)</p>
<p>Weighted average shares</p>
<p>  outstanding		     16,483  14,671  16,373   14,025</p>
</text>
<copyright>(c) Reuters Limited 1997</copyright>
<metadata>
<codes class="bip:countries:1.0">
  <code code="USA">
    <editdetail attribution="Reuters BIP Coding Group" action="confirmed" date="1997-01-28"/>
  </code>
</codes>
<codes class="bip:industries:1.0">
  <code code="I25670">
    <editdetail attribution="Reuters BIP Coding Group" action="confirmed" date="1997-01-28"/>
  </code>
</codes>
<codes class="bip:topics:1.0">
  <code code="C15">
    <editdetail attribution="Reuters BIP Coding Group" action="confirmed" date="1997-01-28"/>
  </code>
  <code code="C151">
    <editdetail attribution="Reuters BIP Coding Group" action="confirmed" date="1997-01-28"/>
  </code>
  <code code="C1511">
    <editdetail attribution="Reuters BIP Coding Group" action="confirmed" date="1997-01-28"/>
  </code>
  <code code="CCAT">
    <editdetail attribution="Reuters BIP Coding Group" action="confirmed" date="1997-01-28"/>
  </code>
</codes>
<dc element="dc.date.created" value="1997-01-28"/>
<dc element="dc.publisher" value="Reuters Holdings Plc"/>
<dc element="dc.date.published" value="1997-01-28"/>
<dc element="dc.source" value="Reuters"/>
<dc element="dc.creator.location" value="FOSTER CITY, Calif."/>
<dc element="dc.creator.location.country.name" value="USA"/>
<dc element="dc.source" value="Reuters"/>
</metadata>
</newsitem>
