<?xml version="1.0" encoding="iso-8859-1" ?>
<newsitem itemid="647604" id="root" date="1997-06-09" xml:lang="en">
<title>USA: Phoenix says extends letter of intent.</title>
<headline>Phoenix says extends letter of intent.</headline>
<dateline>GOLDEN, Colo. 1997-06-09</dateline>
<text>
<p>Phoenix Network Inc said Monday extended to July 7 its letter of intent to merge with privately held US One Communications Corp.</p>
<p>The letter had been set to expire today. The companies announced their intent to merge in a stock swap in April. The lettter was extended previously on May 23.</p>
<p>Phoenix said in a statement that extension is &quot;on the heels of&quot; a filing against US One by Lucent Technologies Inc of a petition for involuntary bankruptcy under Chapter 7 of the Bankruptcy Code.</p>
<p>&quot;Notwithstanding the Lucent petition, Phoenix believes that a business combination between it and US One remains viable, and Phoenix and US One are working toward a resolution of the Lucent dispute that will be beneficial to all parties involved,&quot; Phoenix said in a statement.</p>
<p>No further information was immediately available.</p>
</text>
<copyright>(c) Reuters Limited 1997</copyright>
<metadata>
<codes class="bip:countries:1.0">
  <code code="USA">
    <editdetail attribution="Reuters BIP Coding Group" action="confirmed" date="1997-06-09"/>
  </code>
</codes>
<codes class="bip:industries:1.0">
  <code code="I34400">
    <editdetail attribution="Reuters BIP Coding Group" action="confirmed" date="1997-06-09"/>
  </code>
  <code code="I79020">
    <editdetail attribution="Reuters BIP Coding Group" action="confirmed" date="1997-06-09"/>
  </code>
</codes>
<codes class="bip:topics:1.0">
  <code code="C18">
    <editdetail attribution="Reuters BIP Coding Group" action="confirmed" date="1997-06-09"/>
  </code>
  <code code="C181">
    <editdetail attribution="Reuters BIP Coding Group" action="confirmed" date="1997-06-09"/>
  </code>
  <code code="CCAT">
    <editdetail attribution="Reuters BIP Coding Group" action="confirmed" date="1997-06-09"/>
  </code>
</codes>
<dc element="dc.date.created" value="1997-06-09"/>
<dc element="dc.publisher" value="Reuters Holdings Plc"/>
<dc element="dc.date.published" value="1997-06-09"/>
<dc element="dc.source" value="Reuters"/>
<dc element="dc.creator.location" value="GOLDEN, Colo."/>
<dc element="dc.creator.location.country.name" value="USA"/>
<dc element="dc.source" value="Reuters"/>
</metadata>
</newsitem>
