<?xml version="1.0" encoding="iso-8859-1" ?>
<newsitem itemid="303301" id="root" date="1997-01-13" xml:lang="en">
<title>BELGIUM: Belgian Barco sets up Indian unit, joint venture.</title>
<headline>Belgian Barco sets up Indian unit, joint venture.</headline>
<dateline>BRUSSELS 1997-01-13</dateline>
<text>
<p>Belgian electronics group Barco said on Monday it set up both a 100 percent subsidiary and a joint venture in India.</p>
<p>The New-Delhi-based subsidiary will be responsible for research and development and for sales and marketing of projectors. The joint venture, with Indian company  Fusebase Eltoro Ltd, was set up for the production of projectors in India, it said.  </p>
<p>Barco said the agreement with Fusebase, part of the Hotline group, was aimed at offering projectors which &quot;meet the specific demands of the Indian market&quot;.</p>
<p>Barco, which has a 60 percent stake in the joint venture, said production of locally-developed projectors would start from the third quarter of this year.</p>
<p>In 1995, Barco had already set up an initial subsidiary in the southern Indian city of Bangalore for the support of sales activities of the Barco Graphics division.</p>
<p>-- Bert Lauwers, Brussels Newsroom +32 2 287 6815, Fax +32 2 230 7710</p>
</text>
<copyright>(c) Reuters Limited 1997</copyright>
<metadata>
<codes class="bip:countries:1.0">
  <code code="BELG">
    <editdetail attribution="Reuters BIP Coding Group" action="confirmed" date="1997-01-13"/>
  </code>
  <code code="INDIA">
    <editdetail attribution="Reuters BIP Coding Group" action="confirmed" date="1997-01-13"/>
  </code>
</codes>
<codes class="bip:industries:1.0">
  <code code="I34000">
    <editdetail attribution="Reuters BIP Coding Group" action="confirmed" date="1997-01-13"/>
  </code>
</codes>
<codes class="bip:topics:1.0">
  <code code="C11">
    <editdetail attribution="Reuters BIP Coding Group" action="confirmed" date="1997-01-13"/>
  </code>
  <code code="C24">
    <editdetail attribution="Reuters BIP Coding Group" action="confirmed" date="1997-01-13"/>
  </code>
  <code code="CCAT">
    <editdetail attribution="Reuters BIP Coding Group" action="confirmed" date="1997-01-13"/>
  </code>
</codes>
<dc element="dc.date.created" value="1997-01-13"/>
<dc element="dc.publisher" value="Reuters Holdings Plc"/>
<dc element="dc.date.published" value="1997-01-13"/>
<dc element="dc.source" value="Reuters"/>
<dc element="dc.creator.location" value="BRUSSELS"/>
<dc element="dc.creator.location.country.name" value="BELGIUM"/>
<dc element="dc.source" value="Reuters"/>
</metadata>
</newsitem>
