<?xml version="1.0" encoding="iso-8859-1" ?>
<newsitem itemid="86446" id="root" date="1996-09-30" xml:lang="en">
<title>UK: Matthew Clark up on bid speculation.</title>
<headline>Matthew Clark up on bid speculation.</headline>
<dateline>LONDON 1996-09-29</dateline>
<text>
<p>Shares in Matthew Clark jumped 11-1/2p to 330p on Monday after a weekend newspaper reported that Guinness was preparing a bid for the cider maker, traders said.</p>
<p>Shares in Guinness, meanwhile, slipped 1/2p to 454p.</p>
<p>Neither company would comment on the report, saying they never comment on market speculation.</p>
<p>Matthew Clark had traded as high as 345p initially.</p>
<p>Earlier this month, Matthew Clark saw its shares slide by more than 50 percent after the company warned investors that increased competition in the branded drinks market could materially affect its full year results.</p>
<p>--Debra Sherman, London Newsroom +44 171 542 4026</p>
</text>
<copyright>(c) Reuters Limited 1996</copyright>
<metadata>
<codes class="bip:countries:1.0">
  <code code="UK">
    <editdetail attribution="Reuters BIP Coding Group" action="confirmed" date="1996-09-30"/>
  </code>
</codes>
<codes class="bip:industries:1.0">
  <code code="I42700">
    <editdetail attribution="Reuters BIP Coding Group" action="confirmed" date="1996-09-30"/>
  </code>
  <code code="I61000">
    <editdetail attribution="Reuters BIP Coding Group" action="confirmed" date="1996-09-30"/>
  </code>
</codes>
<codes class="bip:topics:1.0">
  <code code="C15">
    <editdetail attribution="Reuters BIP Coding Group" action="confirmed" date="1996-09-30"/>
  </code>
  <code code="C152">
    <editdetail attribution="Reuters BIP Coding Group" action="confirmed" date="1996-09-30"/>
  </code>
  <code code="C18">
    <editdetail attribution="Reuters BIP Coding Group" action="confirmed" date="1996-09-30"/>
  </code>
  <code code="C181">
    <editdetail attribution="Reuters BIP Coding Group" action="confirmed" date="1996-09-30"/>
  </code>
  <code code="CCAT">
    <editdetail attribution="Reuters BIP Coding Group" action="confirmed" date="1996-09-30"/>
  </code>
</codes>
<dc element="dc.date.created" value="1996-09-29"/>
<dc element="dc.publisher" value="Reuters Holdings Plc"/>
<dc element="dc.date.published" value="1996-09-30"/>
<dc element="dc.source" value="Reuters"/>
<dc element="dc.creator.location" value="LONDON"/>
<dc element="dc.creator.location.country.name" value="UK"/>
<dc element="dc.source" value="Reuters"/>
</metadata>
</newsitem>
