<?xml version="1.0" encoding="iso-8859-1" ?>
<newsitem itemid="310732" id="root" date="1997-01-16" xml:lang="en">
<title>USA: RESEARCH ALERT - Argentina's Siderar cut.</title>
<headline>RESEARCH ALERT - Argentina's Siderar cut.</headline>
<text>
<p>-- Bankers Trust analyst Karen Miller said she had reduced her rating for Argentine utility Siderar S.A.I.C to market perfrom from buy.</p>
<p>-- The cut was &quot;based on the fact that the shares have moved close to our price target of 3.25 pesos,&quot; she wrote in an analysis. &quot;The shares have appreciated 38 percent since we initiated coverage on Aug 23, 1996.&quot;</p>
<p>-- She added, &quot;Looking ahead, continued focus on higher value-added products, debt reduction and extension of maturities should enhance earnings momentum.&quot;</p>
<p>-- The company's shares closed at 3.105 on Wednesday in Buenos Aires.</p>
<p>((--Ian Simpson, Wall Street desk, (212) 859-1879))</p>
</text>
<copyright>(c) Reuters Limited 1997</copyright>
<metadata>
<codes class="bip:countries:1.0">
  <code code="ARG">
    <editdetail attribution="Reuters BIP Coding Group" action="confirmed" date="1997-01-16"/>
  </code>
  <code code="USA">
    <editdetail attribution="Reuters BIP Coding Group" action="confirmed" date="1997-01-16"/>
  </code>
</codes>
<codes class="bip:topics:1.0">
  <code code="C15">
    <editdetail attribution="Reuters BIP Coding Group" action="confirmed" date="1997-01-16"/>
  </code>
  <code code="C152">
    <editdetail attribution="Reuters BIP Coding Group" action="confirmed" date="1997-01-16"/>
  </code>
  <code code="CCAT">
    <editdetail attribution="Reuters BIP Coding Group" action="confirmed" date="1997-01-16"/>
  </code>
</codes>
<dc element="dc.publisher" value="Reuters Holdings Plc"/>
<dc element="dc.date.published" value="1997-01-16"/>
<dc element="dc.source" value="Reuters"/>
<dc element="dc.creator.location.country.name" value="USA"/>
<dc element="dc.source" value="Reuters"/>
</metadata>
</newsitem>
