<?xml version="1.0" encoding="iso-8859-1" ?>
<newsitem itemid="338902" id="root" date="1997-01-28" xml:lang="en">
<title>ITALY: Italy's Prodi sees Jan inflation around 2.5 pct.</title>
<headline>Italy's Prodi sees Jan inflation around 2.5 pct.</headline>
<dateline>ROME 1997-01-28</dateline>
<text>
<p>Italy's Prime Minister Romano Prodi said on Tuesday he believed that inflation in January would fall to around 2.5 percent and stay at that level for the coming months.</p>
<p>Prodi told reporters that Italy was &quot;on the right track&quot; regarding inflation. &quot;It will be around 2.5 percent and the forcasts for the coming months put it at around the same level.&quot;</p>
<p>Inflation in December stood at 2.6 percent year-on-year and preliminary data from 11 sample cities had showed January inflation unchanged. --Rome newsroom +396-6782501</p>
</text>
<copyright>(c) Reuters Limited 1997</copyright>
<metadata>
<codes class="bip:countries:1.0">
  <code code="ITALY">
    <editdetail attribution="Reuters BIP Coding Group" action="confirmed" date="1997-01-28"/>
  </code>
</codes>
<codes class="bip:topics:1.0">
  <code code="E13">
    <editdetail attribution="Reuters BIP Coding Group" action="confirmed" date="1997-01-28"/>
  </code>
  <code code="E131">
    <editdetail attribution="Reuters BIP Coding Group" action="confirmed" date="1997-01-28"/>
  </code>
  <code code="ECAT">
    <editdetail attribution="Reuters BIP Coding Group" action="confirmed" date="1997-01-28"/>
  </code>
</codes>
<dc element="dc.date.created" value="1997-01-28"/>
<dc element="dc.publisher" value="Reuters Holdings Plc"/>
<dc element="dc.date.published" value="1997-01-28"/>
<dc element="dc.source" value="Reuters"/>
<dc element="dc.creator.location" value="ROME"/>
<dc element="dc.creator.location.country.name" value="ITALY"/>
<dc element="dc.source" value="Reuters"/>
</metadata>
</newsitem>
