<?xml version="1.0" encoding="iso-8859-1" ?>
<newsitem itemid="453205" id="root" date="1997-03-19" xml:lang="en">
<title>USA: Sears to undertake $500 million dollar tire expansion.</title>
<headline>Sears to undertake $500 million dollar tire expansion.</headline>
<byline>Brad Dorfman</byline>
<dateline>CHICAGO 1997-03-19</dateline>
<text>
<p>Sears, Roebuck &amp; Co. will spend more than $500 million to revamp and expand its stand-alone tire and battery stores under the new National Tire and Battery name, the retailer said Wednesday.</p>
<p>The change is part of a plan under which Sears will spend more than $1 billion through the year 2002 on its entire auto group, adding stores and converting some existing stores.</p>
<p>Hoffman Estates, Ill.-based Sears, which sold 25 million tires and 8.5 million batteries through its Sears Tire Group in 1996, will combine most of its 275 Tire America and National Tire Warehouse Stores under the National Tire and Battery name, Sears said.</p>
<p>The company also plans to add about 100 National Tire stores a year over the next five years, and hopes to add about $120 million in annual tire group revenue when the expansion is completed. Sears tire group had $2.3 billion in revenues in 1996.</p>
<p>The stores, unveiled Wednesday in Chicago, will have a high-tech, open feel, with customers able to watch the work being done on their cars. Pricing will be competitive in individual markets, Sears said.</p>
<p>&quot;We will be at market pricing in every market we're in,&quot; Paul Baffico, president of Sears Automotive Group, said in an interview. &quot;We do not necessarily want to be the market price leader, but we will be competitive with anybody who is in the market.&quot;</p>
<p>The stores, which will be located away from shopping malls, are geared toward a younger, higher-income customer with higher performance car needs than the 800 mall-based Sears Auto Centres, Baffico said. Because of the existence of the mall stores, the retailer chose not to include the Sears name in National Tire and Battery.</p>
<p>&quot;From a location strategy standpoint, a different name allows us to be closer to a Sears store without cannabilizing the market,&quot; Baffico said.</p>
<p>Areas targeted for new tire stores this year are Detroit, Minneapolis/St. Paul, Rochester, N.Y. and Buffalo, N.Y.</p>
<p>Sears will also add a small number of Sears Auto Centre stores in malls, Baffico said.</p>
<p>Separately, Sears plans to spend more than $650 million to add 780 Parts America auto parts stores by the year 2002 and to transform 240 Western Auto stores to Parts America, he said.</p>
<p>&quot;We should be by 2002 the clear No. 2 in parts,&quot; Baffico said. That category is currently led by Memphis, Tenn.-based AutoZone Inc., followed by Pep Boys -- Manny, Moe &amp; Jack of Philadelphia, based on revenues. Sears' parts group had $1.4 billion in revenue in 1996.</p>
<p>Since the parts stores do not compete with Sears' mall stores, the company will decide by the end of the summer whether to include the Sears name in the name of the stores, Baffico said.</p>
<p>One analyst said that Sears' expansion plans for the automotive group were aggressive, but noted that the company was being even more aggressive in other formats.</p>
<p>&quot;Those are relatively aggressive, but remember they're coming from a place where they've been a little stagnant for a while,&quot; Stephen Latz, of A.G. Edwards, said of the auto group expansion plans.</p>
</text>
<copyright>(c) Reuters Limited 1997</copyright>
<metadata>
<codes class="bip:countries:1.0">
  <code code="USA">
    <editdetail attribution="Reuters BIP Coding Group" action="confirmed" date="1997-03-19"/>
  </code>
</codes>
<codes class="bip:industries:1.0">
  <code code="I65400">
    <editdetail attribution="Reuters BIP Coding Group" action="confirmed" date="1997-03-19"/>
  </code>
  <code code="I83960">
    <editdetail attribution="Reuters BIP Coding Group" action="confirmed" date="1997-03-19"/>
  </code>
</codes>
<codes class="bip:topics:1.0">
  <code code="C11">
    <editdetail attribution="Reuters BIP Coding Group" action="confirmed" date="1997-03-19"/>
  </code>
  <code code="CCAT">
    <editdetail attribution="Reuters BIP Coding Group" action="confirmed" date="1997-03-19"/>
  </code>
</codes>
<dc element="dc.date.created" value="1997-03-19"/>
<dc element="dc.publisher" value="Reuters Holdings Plc"/>
<dc element="dc.date.published" value="1997-03-19"/>
<dc element="dc.source" value="Reuters"/>
<dc element="dc.creator.location" value="CHICAGO"/>
<dc element="dc.creator.location.country.name" value="USA"/>
<dc element="dc.source" value="Reuters"/>
</metadata>
</newsitem>
