<?xml version="1.0" encoding="iso-8859-1" ?>
<newsitem itemid="401592" id="root" date="1997-02-25" xml:lang="en">
<title>SWITZERLAND: Atel boosts 1996 profit, div steady.</title>
<headline>Atel boosts 1996 profit, div steady.</headline>
<dateline>OLTEN, Switzerland 1997-02-25</dateline>
<text>
<p>Calendar 1996</p>
<p> (million Sfr unless noted)	 1996	1995</p>
<p> Group net				167	 161</p>
<p> Group turnover			 1,610     1,570</p>
<p> Group cash flow			550	 525</p>
<p> Parent company net		   113	 110</p>
<p> Parent cash flow		     425	 385</p>
<p> Dividend (reg, Sfr)		   18	  18</p>
<p>Note - Company name is Aare-Tessin AG fuer Elektrizitaet</p>
<p>-- Zurich newsroom +41 1 631 7340</p>
</text>
<copyright>(c) Reuters Limited 1997</copyright>
<metadata>
<codes class="bip:countries:1.0">
  <code code="SWITZ">
    <editdetail attribution="Reuters BIP Coding Group" action="confirmed" date="1997-02-25"/>
  </code>
</codes>
<codes class="bip:industries:1.0">
  <code code="I16100">
    <editdetail attribution="Reuters BIP Coding Group" action="confirmed" date="1997-02-25"/>
  </code>
</codes>
<codes class="bip:topics:1.0">
  <code code="C15">
    <editdetail attribution="Reuters BIP Coding Group" action="confirmed" date="1997-02-25"/>
  </code>
  <code code="C151">
    <editdetail attribution="Reuters BIP Coding Group" action="confirmed" date="1997-02-25"/>
  </code>
  <code code="C1511">
    <editdetail attribution="Reuters BIP Coding Group" action="confirmed" date="1997-02-25"/>
  </code>
  <code code="CCAT">
    <editdetail attribution="Reuters BIP Coding Group" action="confirmed" date="1997-02-25"/>
  </code>
</codes>
<dc element="dc.date.created" value="1997-02-25"/>
<dc element="dc.publisher" value="Reuters Holdings Plc"/>
<dc element="dc.date.published" value="1997-02-25"/>
<dc element="dc.source" value="Reuters"/>
<dc element="dc.creator.location" value="OLTEN, Switzerland"/>
<dc element="dc.creator.location.country.name" value="SWITZERLAND"/>
<dc element="dc.source" value="Reuters"/>
</metadata>
</newsitem>
