<?xml version="1.0" encoding="iso-8859-1" ?>
<newsitem itemid="531022" id="root" date="1997-04-23" xml:lang="en">
<title>USA: General Datacomm Q2 shr loss widens.</title>
<headline>General Datacomm Q2 shr loss widens.</headline>
<dateline>MIDDLEBURY, Conn. 1997-04-23</dateline>
<text>
<p>GENERAL DATACOMM INDUSTRIES, INC. AND SUBSIDIARIES</p>
<p>				(In Thousands, Except Per Share Data)</p>
<p>			    Three months ended    Six months ended</p>
<p>				  March 31,		 March 31,</p>
<p>				 1997	1996	 1997	1996</p>
<p>Revenues:</p>
<p>  Net product sales    $40,018   $47,399    $88,238   $95,616</p>
<p>  Service revenue	  9,436     9,584     18,921    19,540</p>
<p>  Lease revenue	    1,317     2,187	2,655     3,813</p>
<p>				50,771    59,170    109,814   118,969</p>
<p>Costs and expenses:</p>
<p>Cost of product sales</p>
<p>				18,892    22,001     42,009    44,919</p>
<p>Amortization of</p>
<p>capitalized software</p>
<p>   development costs     3,000     3,000	6,000     5,600</p>
<p>  Cost of services	 6,823     6,294     13,612    13,258</p>
<p>  Cost of lease revenue    191	 280	  329	 496</p>
<p>Selling, general and</p>
<p>   administrative	 21,687    21,642     43,136    43,087</p>
<p>Research and product</p>
<p>    development	   10,642     7,830     20,315    15,520</p>
<p>				61,235    61,047    125,401   122,880</p>
<p> Operating (loss)     (10,464)   (1,877)   (15,587)   (3,911)</p>
<p>Other income</p>
<p>(expense):</p>
<p>  Interest, net	    (499)     (450)	(838)     (887)</p>
<p>  Other, net	  (655)	 971(1)     (767)	 851(1)</p>
<p>			     (1,154)	 521    (1,605)	(36)</p>
<p>(Loss) before income</p>
<p>  taxes		   (11,618)   (1,356)   (17,192)   (3,947)</p>
<p> Income tax provision	100	 300	  200	 600</p>
<p> Net (loss)	     (11,718)   (1,656)   (17,392)   (4,547)</p>
<p> (Loss) per share    (0.58)(2)    (0.08)  (0.87)(2)    (0.22)</p>
<p>Average number of</p>
<p>common and common</p>
<p>equivalent shares</p>
<p>  outstanding	     21,056    20,676     21,021    20,586</p>
<p>(1) Other, net for the three and six months ended March 31,</p>
<p>1996 includes a $1 million gain from the sale of real estate.</p>
<p>(2) Loss per share for the three and six months ended March</p>
<p>31, 1997 includes a $(0.02) and $(0.04) loss per share,</p>
<p>respectively, reflecting the impact of preferred stock dividends.</p>
<p>-- New York Newsdesk 212 859-1610</p>
</text>
<copyright>(c) Reuters Limited 1997</copyright>
<metadata>
<codes class="bip:countries:1.0">
  <code code="USA">
    <editdetail attribution="Reuters BIP Coding Group" action="confirmed" date="1997-04-23"/>
  </code>
</codes>
<codes class="bip:industries:1.0">
  <code code="I34400">
    <editdetail attribution="Reuters BIP Coding Group" action="confirmed" date="1997-04-23"/>
  </code>
</codes>
<codes class="bip:topics:1.0">
  <code code="C15">
    <editdetail attribution="Reuters BIP Coding Group" action="confirmed" date="1997-04-23"/>
  </code>
  <code code="C151">
    <editdetail attribution="Reuters BIP Coding Group" action="confirmed" date="1997-04-23"/>
  </code>
  <code code="CCAT">
    <editdetail attribution="Reuters BIP Coding Group" action="confirmed" date="1997-04-23"/>
  </code>
</codes>
<dc element="dc.date.created" value="1997-04-23"/>
<dc element="dc.publisher" value="Reuters Holdings Plc"/>
<dc element="dc.date.published" value="1997-04-23"/>
<dc element="dc.source" value="Reuters"/>
<dc element="dc.creator.location" value="MIDDLEBURY, Conn."/>
<dc element="dc.creator.location.country.name" value="USA"/>
<dc element="dc.source" value="Reuters"/>
</metadata>
</newsitem>
