<?xml version="1.0" encoding="iso-8859-1" ?>
<newsitem itemid="399001" id="root" date="1997-02-24" xml:lang="en">
<title>AUSTRALIA: RTRS-Walker Corp half yr net profit rises.</title>
<headline>RTRS-Walker Corp half yr net profit rises.</headline>
<dateline>SYDNEY 1997-02-24</dateline>
<text>
<p>Six months ended Dec 31</p>
<p>		 (million A$ unless stated)</p>
<p>    Net profit			 6.06 vs 4.20</p>
<p>    Dividend (cents)		 1.25 vs  1.0</p>
<p>NOTE: Walker Corp Ltd is a property developer and is 45 percent owned by the Sydney-based Walker family. The company listed on the Australian Stock Exchange in March 1994.  </p>
<p>    Operating profit		9.02 vs 5.95</p>
<p>    Shr (cents)		     2.5  vs 1.8</p>
<p>    Sales			   141.44 vs 130.31</p>
<p>    Other income		    3.08 vs 2.29</p>
<p>Dividend is fully franked</p>
<p>Pay date April 25</p>
<p>Reg date April 11</p>
<p>    Tax				 2.96 vs 1.75</p>
<p>    Abnormal items		  nil  vs nil</p>
<p>    Interest			  1.28 vs 2.82</p>
<p>    Depreciation		    0.19 vs 0.19</p>
<p>-- Sydney newsroom 61-2 9373-1800</p>
</text>
<copyright>(c) Reuters Limited 1997</copyright>
<metadata>
<codes class="bip:countries:1.0">
  <code code="AUSTR">
    <editdetail attribution="Reuters BIP Coding Group" action="confirmed" date="1997-02-24"/>
  </code>
</codes>
<codes class="bip:industries:1.0">
  <code code="I83700">
    <editdetail attribution="Reuters BIP Coding Group" action="confirmed" date="1997-02-24"/>
  </code>
</codes>
<codes class="bip:topics:1.0">
  <code code="C15">
    <editdetail attribution="Reuters BIP Coding Group" action="confirmed" date="1997-02-24"/>
  </code>
  <code code="C151">
    <editdetail attribution="Reuters BIP Coding Group" action="confirmed" date="1997-02-24"/>
  </code>
  <code code="CCAT">
    <editdetail attribution="Reuters BIP Coding Group" action="confirmed" date="1997-02-24"/>
  </code>
</codes>
<dc element="dc.date.created" value="1997-02-24"/>
<dc element="dc.publisher" value="Reuters Holdings Plc"/>
<dc element="dc.date.published" value="1997-02-24"/>
<dc element="dc.source" value="Reuters"/>
<dc element="dc.creator.location" value="SYDNEY"/>
<dc element="dc.creator.location.country.name" value="AUSTRALIA"/>
<dc element="dc.source" value="Reuters"/>
</metadata>
</newsitem>
