<?xml version="1.0" encoding="iso-8859-1" ?>
<newsitem itemid="595223" id="root" date="1997-05-19" xml:lang="en">
<title>PAKISTAN: Pakistani stocks seen opening mixed, closing up.</title>
<headline>Pakistani stocks seen opening mixed, closing up.</headline>
<dateline>KARACHI, Pakistan 1997-05-19</dateline>
<text>
<p>Pakistani stocks are likely to open mixed on Monday on short-covering in speculative scrips ahead of Tuesday's settlement day, dealers said.</p>
<p>Speculators sold across the board in a falling market in the last session and would now cover their positions, dealer Azhar Batla of Taurus Securities said. Prices were likely to rise on fresh buying before the close.</p>
<p>On Friday, the Karachi Stock Exchange 100-share index closed 3.81 points, or 0.25 percent, lower at 1,543.46 amid 147 losers and 81 gainers in a turnover of 49 million shares.</p>
<p>-- Ibrahim Khan 9221-5685192</p>
</text>
<copyright>(c) Reuters Limited 1997</copyright>
<metadata>
<codes class="bip:countries:1.0">
  <code code="PAKIS">
    <editdetail attribution="Reuters BIP Coding Group" action="confirmed" date="1997-05-19"/>
  </code>
</codes>
<codes class="bip:topics:1.0">
  <code code="M11">
    <editdetail attribution="Reuters BIP Coding Group" action="confirmed" date="1997-05-19"/>
  </code>
  <code code="MCAT">
    <editdetail attribution="Reuters BIP Coding Group" action="confirmed" date="1997-05-19"/>
  </code>
</codes>
<dc element="dc.date.created" value="1997-05-19"/>
<dc element="dc.publisher" value="Reuters Holdings Plc"/>
<dc element="dc.date.published" value="1997-05-19"/>
<dc element="dc.source" value="Reuters"/>
<dc element="dc.creator.location" value="KARACHI, Pakistan"/>
<dc element="dc.creator.location.country.name" value="PAKISTAN"/>
<dc element="dc.source" value="Reuters"/>
</metadata>
</newsitem>
