<?xml version="1.0" encoding="iso-8859-1" ?>
<newsitem itemid="329552" id="root" date="1997-01-23" xml:lang="en">
<title>TURKEY: PRESS DIGEST - Turkey - Jan 23.</title>
<headline>PRESS DIGEST - Turkey - Jan 23.</headline>
<dateline>ANKARA 1997-01-23</dateline>
<text>
<p>These are the leading stories in the Turkish press on Thursday. Reuters has not verified these stories and does not vouch for their accuracy.</p>
<p>SABAH</p>
<p>- Tension between Turkey and Germany mounts because of an irresponsible German judge's accusations that the Turkish government protects international drugs trade.</p>
<p>MILLIYET</p>
<p>- Israeli Prime Minister Benjamin Netanyahu says in interview that he is pleased with the Islamist-led government in Turkey.</p>
<p>HURRIYET</p>
<p>- Wife of the wanted gangster at the centre of a security scandal, Abdullah Catli, tells parliamentary commission her husband worked in secret missions abroad for the state.</p>
<p>YENI YUZYIL</p>
<p>- President Suleyman Demirel sees as positive a businessmen's report urging more democratisation.</p>
<p>RADIKAL</p>
<p>- Photographs of the head of the police special team next to fugitive mobster Catli prove that the state has links to the underworld.</p>
<p>CUMHURIYET</p>
<p>- High school pupils protest at the education system.</p>
<p>DUNYA</p>
<p>- The new owner of the recently privatised Etibank aims to open branches abroad.</p>
<p>ZAMAN</p>
<p>- Turkish foreign ministry says the German police used only the Turkish press as a source for drug allegations against Ciller.</p>
</text>
<copyright>(c) Reuters Limited 1997</copyright>
<metadata>
<codes class="bip:countries:1.0">
  <code code="TURK">
    <editdetail attribution="Reuters BIP Coding Group" action="confirmed" date="1997-01-23"/>
  </code>
</codes>
<codes class="bip:topics:1.0">
  <code code="GCAT">
    <editdetail attribution="Reuters BIP Coding Group" action="confirmed" date="1997-01-23"/>
  </code>
</codes>
<dc element="dc.date.created" value="1997-01-23"/>
<dc element="dc.publisher" value="Reuters Holdings Plc"/>
<dc element="dc.date.published" value="1997-01-23"/>
<dc element="dc.source" value="Reuters"/>
<dc element="dc.creator.location" value="ANKARA"/>
<dc element="dc.creator.location.country.name" value="TURKEY"/>
<dc element="dc.source" value="Reuters"/>
</metadata>
</newsitem>
