<?xml version="1.0" encoding="iso-8859-1" ?>
<newsitem itemid="545876" id="root" date="1997-04-29" xml:lang="en">
<title>USA: Crescent Real Estate Q1 shr $0.23 vs $0.15.</title>
<headline>Crescent Real Estate Q1 shr $0.23 vs $0.15.</headline>
<dateline>FORT WORTH, Texas 1997-04-29</dateline>
<text>
<p>CRESCENT REAL ESTATE EQUITIES COMPANY</p>
<p>				CONSOLIDATED BALANCE SHEETS</p>
<p>				  (dollars in thousands)</p>
<p>						     Mar 31,     Dec. 31,</p>
<p>							  1997	  1996</p>
<p>						 (unaudited)    (audited)</p>
<p>ASSETS:</p>
<p>Investments in Real Estate:</p>
<p>   Land					 $  182,971   $  146,036</p>
<p>   Building and improvements	     1,756,745    1,561,639</p>
<p>   Furniture, fixtures and equipment	26,096	 24,951</p>
<p>   Less -- Accumulated depreciation    (221,730)    (208,808)</p>
<p>     Net Investment in Real Estate     1,744,082    1,523,818</p>
<p>   Cash and cash equivalents		  42,692	 25,592</p>
<p>   Restricted cash and cash equivalents   25,051	 36,882</p>
<p>   Accounts receivable, net		   19,842	 15,329</p>
<p>   Deferred rent receivable		   19,493	 16,217</p>
<p>Investments in real estate mortgages</p>
<p>and common stock of residential</p>
<p>    development corporations		  38,091	 37,069</p>
<p>   Notes receivable			     40,532	 28,890</p>
<p>   Other assets, net			    56,821	 47,125</p>
<p>     Total assets			    1,986,604    1,730,922</p>
<p>LIABILITIES:</p>
<p> Borrowings under Credit Facility	  156,000	 40,000</p>
<p> Notes payable				   778,767	627,808</p>
<p>Accounts payable, accrued expenses</p>
<p>  and other liabilities			 43,356	 48,462</p>
<p>     Total liabilities			 978,123	716,270</p>
<p>MINORITY INTERESTS:</p>
<p>Operating partnership, 6,640,336</p>
<p>  and 6,640,336 units, respectively	119,255	120,227</p>
<p> Investment joint ventures		    28,944	 29,265</p>
<p>     Total minority interests		148,199	149,492</p>
<p>SHAREHOLDERS' EQUITY:</p>
<p>Common stock, $.01 par value,</p>
<p>authorized 250,000 shares,</p>
<p>72,324,190 and 36,146,380 shares</p>
<p>issued and outstanding at March</p>
<p>31, 1997 and Dec. 31, 1996,</p>
<p>  respectively					 723	    361</p>
<p> Additional paid-in capital		  905,792	905,724</p>
<p>Deferred compensation on</p>
<p>  restricted shares				(374)	  (364)</p>
<p> Retained deficit			     (45,859)     (40,561)</p>
<p>     Total shareholders' equity	    860,282	865,160</p>
<p>Total liabilities and</p>
<p>	shareholders' equity		 1,986,604    1,730,922</p>
<p>TOTAL SHARES AND UNITS OUTSTANDING</p>
<p>						85,604,862/a 85,573,432/a</p>
<p> STOCK PRICE					26.750	 26.375</p>
<p> MARKET VALUE OF EQUITY		    2,289,930    2,256,999</p>
<p>TOTAL MARKET CAPITALIZATION</p>
<p>  INCLUDING DEBT			     3,224,697    2,924,807</p>
<p>DEBT AS A % OF TOTAL MARKET</p>
<p>  CAPITALIZATION				     29%	    23%</p>
<p>/a  Units are exchangeable on a one-for-two basis for Common Shares.</p>
<p>			  CRESCENT REAL ESTATE EQUITIES COMPANY</p>
<p>			  CONSOLIDATED STATEMENTS OF OPERATIONS</p>
<p>		    (dollars in thousands, except per share data)</p>
<p>							   Quarter Ended</p>
<p>							    March 31,</p>
<p>							    (unaudited)</p>
<p>							  1997	  1996</p>
<p>REVENUES:</p>
<p> Office and retail properties	  $    70,415  $    37,465</p>
<p> Hotel properties				  8,985	  4,532</p>
<p> Interest and other income		     4,674	  1,063</p>
<p>   Total revenues				 84,074	 43,060</p>
<p>EXPENSES:</p>
<p> Real estate taxes				 7,925	  4,033</p>
<p> Repairs and maintenance			 5,151	  2,200</p>
<p> Other rental property operating	    17,520	  8,721</p>
<p> Corporate general and administrative	4,845	  1,158</p>
<p> Interest expense				 14,744	  9,159</p>
<p> Amortization of deferred financing costs    649	    983</p>
<p> Depreciation and amortization		13,952	  9,054</p>
<p>   Total expenses				 64,786	 35,308</p>
<p>   Operating income			     19,288	  7,752</p>
<p>OTHER INCOME:</p>
<p>Equity in net income of residential</p>
<p>  development corporations			 957	    811</p>
<p> INCOME BEFORE MINORITY INTERESTS	   20,245	  8,563</p>
<p> Minority interests			    (3,494)	(1,583)</p>
<p> NET INCOME					 16,751	  6,980</p>
<p>PER SHARE DATA:</p>
<p> Net income					   0.23	   0.15</p>
<p> WEIGHTED AVERAGE SHARES OUTSTANDING  72,305,184   47,070,628</p>
<p> DEBT SERVICE COVERAGE RATIO		     3.0	    2.9</p>
<p>			  CRESCENT REAL ESTATE EQUITIES COMPANY</p>
<p>			   STATEMENTS OF FUNDS FROM OPERATIONS</p>
<p>		    (dollars in thousands, except per share data)</p>
<p>							    Quarter Ended</p>
<p>								March 31,</p>
<p>							 1997	    1996</p>
<p> INCOME BEFORE MINORITY INTERESTS	  $20,245	$ 8,563</p>
<p>ADJUSTMENTS:</p>
<p>Depreciation and amortization of real</p>
<p>  estate assets				   13,496	  8,889</p>
<p>Adjustment for unconsolidated</p>
<p>investments in real estate mortgages</p>
<p>and common stock of residential</p>
<p>  development corporations			 266	    322</p>
<p> Minority interest in Joint Ventures	 (416)	     --</p>
<p> FUNDS FROM OPERATIONS			  33,591	 17,774</p>
<p>WEIGHTED-AVERAGE SHARES/UNITS OUTSTANDING</p>
<p>							85,586	 57,719</p>
<p> DIVIDEND PAID PER SHARE DURING PERIOD     0.305	  0.275</p>
<p>SUPPLEMENTAL INFORMATION:</p>
<p> Rental income from straight-line rents  (3,276)	  (887)</p>
<p>Residential development capital</p>
<p>  expenditures				     (454)	  (476)</p>
<p>Non-incremental revenue generating exp.:</p>
<p>   Hotel property capital expenditures     (675)	  (139)</p>
<p>Office and retail property capital</p>
<p>    expenditures				   (491)	     --</p>
<p>   Tenant improvement and leasing costs  (2,614)	  (777)</p>
<p>Depreciation and amortization of non-real</p>
<p>  estate assets					293	    165</p>
<p> Amortization of deferred financing costs    649	    983</p>
<p>-- New York Newsdesk 212 859-1610</p>
</text>
<copyright>(c) Reuters Limited 1997</copyright>
<metadata>
<codes class="bip:countries:1.0">
  <code code="USA">
    <editdetail attribution="Reuters BIP Coding Group" action="confirmed" date="1997-04-29"/>
  </code>
</codes>
<codes class="bip:industries:1.0">
  <code code="I81502">
    <editdetail attribution="Reuters BIP Coding Group" action="confirmed" date="1997-04-29"/>
  </code>
  <code code="I8150206">
    <editdetail attribution="Reuters BIP Coding Group" action="confirmed" date="1997-04-29"/>
  </code>
</codes>
<codes class="bip:topics:1.0">
  <code code="C15">
    <editdetail attribution="Reuters BIP Coding Group" action="confirmed" date="1997-04-29"/>
  </code>
  <code code="C151">
    <editdetail attribution="Reuters BIP Coding Group" action="confirmed" date="1997-04-29"/>
  </code>
  <code code="CCAT">
    <editdetail attribution="Reuters BIP Coding Group" action="confirmed" date="1997-04-29"/>
  </code>
</codes>
<dc element="dc.date.created" value="1997-04-29"/>
<dc element="dc.publisher" value="Reuters Holdings Plc"/>
<dc element="dc.date.published" value="1997-04-29"/>
<dc element="dc.source" value="Reuters"/>
<dc element="dc.creator.location" value="FORT WORTH, Texas"/>
<dc element="dc.creator.location.country.name" value="USA"/>
<dc element="dc.source" value="Reuters"/>
</metadata>
</newsitem>
