<?xml version="1.0" encoding="iso-8859-1" ?>
<newsitem itemid="86581" id="root" date="1996-09-30" xml:lang="en">
<title>CHINA: China opens biggest refrigerated container base.</title>
<headline>China opens biggest refrigerated container base.</headline>
<dateline>SHANGHAI 1996-09-30</dateline>
<text>
<p>China's biggest production base of refrigerated containers opened in the Baoshan area of Shanghai, the Business News reported on Monday.</p>
<p>The Shanghai Zhongji Freezer Container Co began production on Sunday, using world-class production facilities and equipment that can produce a refrigerated container every 16 minutes, it said.</p>
<p>Work on the plant, involving an investment of $50 million, began on August 5, 1995, it said.</p>
<p>The company will produce, sell and repair freezer container and spare parts and provide technical advice and service, the newspaper said but gave no more details.</p>
</text>
<copyright>(c) Reuters Limited 1996</copyright>
<metadata>
<codes class="bip:countries:1.0">
  <code code="CHINA">
    <editdetail attribution="Reuters BIP Coding Group" action="confirmed" date="1996-09-30"/>
  </code>
</codes>
<codes class="bip:industries:1.0">
  <code code="I34540">
    <editdetail attribution="Reuters BIP Coding Group" action="confirmed" date="1996-09-30"/>
  </code>
</codes>
<codes class="bip:topics:1.0">
  <code code="C21">
    <editdetail attribution="Reuters BIP Coding Group" action="confirmed" date="1996-09-30"/>
  </code>
  <code code="C24">
    <editdetail attribution="Reuters BIP Coding Group" action="confirmed" date="1996-09-30"/>
  </code>
  <code code="CCAT">
    <editdetail attribution="Reuters BIP Coding Group" action="confirmed" date="1996-09-30"/>
  </code>
</codes>
<dc element="dc.date.created" value="1996-09-30"/>
<dc element="dc.publisher" value="Reuters Holdings Plc"/>
<dc element="dc.date.published" value="1996-09-30"/>
<dc element="dc.source" value="Reuters"/>
<dc element="dc.creator.location" value="SHANGHAI"/>
<dc element="dc.creator.location.country.name" value="CHINA"/>
<dc element="dc.source" value="Reuters"/>
</metadata>
</newsitem>
