<?xml version="1.0" encoding="iso-8859-1" ?>
<newsitem itemid="485231" id="root" date="1997-04-03" xml:lang="en">
<title>USA: Associated sees 6-8 pct '97 profit growth.</title>
<headline>Associated sees 6-8 pct '97 profit growth.</headline>
<dateline>CHICAGO 1997-04-03</dateline>
<text>
<p>Associated Banc-Corp expects an investment in technology and facilities to hold its 1997 earnings growth to between six to eight percent, the company said.</p>
<p>But the company said in its annual report that it still expected to achieve or exceed its five-year goals, including 11 percent compound annual growth in earnings per share and at least 15 percent return on equity.</p>
<p>The Green Bay, Wisconsin-based financial services company said it had already spent $20 million of its expected $25 million investment to consolidate its seven regional processing centers into a single facility.</p>
<p>Associated will hold it annual meeting on April 23 in Oshkosh, Wisconsin.</p>
<p>((Chicago newsdesk, 312-408-8787))</p>
</text>
<copyright>(c) Reuters Limited 1997</copyright>
<metadata>
<codes class="bip:countries:1.0">
  <code code="USA">
    <editdetail attribution="Reuters BIP Coding Group" action="confirmed" date="1997-04-03"/>
  </code>
</codes>
<codes class="bip:industries:1.0">
  <code code="I81402">
    <editdetail attribution="Reuters BIP Coding Group" action="confirmed" date="1997-04-03"/>
  </code>
</codes>
<codes class="bip:topics:1.0">
  <code code="C15">
    <editdetail attribution="Reuters BIP Coding Group" action="confirmed" date="1997-04-03"/>
  </code>
  <code code="C152">
    <editdetail attribution="Reuters BIP Coding Group" action="confirmed" date="1997-04-03"/>
  </code>
  <code code="CCAT">
    <editdetail attribution="Reuters BIP Coding Group" action="confirmed" date="1997-04-03"/>
  </code>
</codes>
<dc element="dc.date.created" value="1997-04-03"/>
<dc element="dc.publisher" value="Reuters Holdings Plc"/>
<dc element="dc.date.published" value="1997-04-03"/>
<dc element="dc.source" value="Reuters"/>
<dc element="dc.creator.location" value="CHICAGO"/>
<dc element="dc.creator.location.country.name" value="USA"/>
<dc element="dc.source" value="Reuters"/>
</metadata>
</newsitem>
