<?xml version="1.0" encoding="iso-8859-1" ?>
<newsitem itemid="268248" id="root" date="1996-12-19" xml:lang="en">
<title>BELGIUM: Slow recovery in world steel output - IISI.</title>
<headline>Slow recovery in world steel output - IISI.</headline>
<dateline>BRUSSELS 1996-12-19</dateline>
<text>
<p>World crude steel production was 61.3 million tonnes in November, a 2.1 per cent increase on the same month last year, the International Iron and Steel Institute (IISI) said on Wednesday.</p>
<p>But output during the first eight months of the year was 1.1 per cent below the level in the same 1995 period, it added.</p>
<p>Production in the European Union increased 4.3 per cent over November 1995 but the IISI said this could be attributed to &quot;particularly low production levels in the United Kingdom and France in November 1995&quot;.</p>
<p>After a sharp drop last month, Italian production recovered slightly to 2.0 million tonnes, but the IISI said this nevertheless represented a 3.6 per cent drop compared with November 1995.</p>
<p>Eastern European production fell slightly to 2.4 million tonnes, 11.4 per cent below November last year. Romania was the only country showing positive growth, up 8.7 per cent from November 1995.</p>
<p>Production in the former USSR dropped 6.4 per cent to 5.9 million tonnes, with Russia suffering the heaviest decline, down 9.7 per cent on last year's November figure.</p>
<p>United States steel production declined 3.5 per cent to 7.5 million tonnes. This proved the exception in North America where &quot;production continues at around last month's levels in Canada and Mexico,&quot; the IISI said.</p>
<p>In Asia, November output &quot;showed good growth as the economic situation continues to drive steel demand,&quot; the IISI said. Production rose to 23.1 million tonnes, a 4.3 per cent increase compared with the same month last year.</p>
<p>During this period, production in China was up 2.4 per cent while Japaneese production levels rose 6.9 per cent, the highest rise in the region. -- Brussels Newsroom 32 2 287 6800</p>
</text>
<copyright>(c) Reuters Limited 1996</copyright>
<metadata>
<codes class="bip:countries:1.0">
  <code code="BELG">
    <editdetail attribution="Reuters BIP Coding Group" action="confirmed" date="1996-12-19"/>
  </code>
  <code code="WORLD">
    <editdetail attribution="Reuters BIP Coding Group" action="confirmed" date="1996-12-19"/>
  </code>
</codes>
<codes class="bip:industries:1.0">
  <code code="I22100">
    <editdetail attribution="Reuters BIP Coding Group" action="confirmed" date="1996-12-19"/>
  </code>
</codes>
<codes class="bip:topics:1.0">
  <code code="C21">
    <editdetail attribution="Reuters BIP Coding Group" action="confirmed" date="1996-12-19"/>
  </code>
  <code code="CCAT">
    <editdetail attribution="Reuters BIP Coding Group" action="confirmed" date="1996-12-19"/>
  </code>
</codes>
<dc element="dc.date.created" value="1996-12-19"/>
<dc element="dc.publisher" value="Reuters Holdings Plc"/>
<dc element="dc.date.published" value="1996-12-19"/>
<dc element="dc.source" value="Reuters"/>
<dc element="dc.creator.location" value="BRUSSELS"/>
<dc element="dc.creator.location.country.name" value="BELGIUM"/>
<dc element="dc.source" value="Reuters"/>
</metadata>
</newsitem>
