<?xml version="1.0" encoding="iso-8859-1" ?>
<newsitem itemid="801338" id="root" date="1997-08-14" xml:lang="en">
<title>PORTUGAL: BANK/PORTUGAL SETS 50 BLN ESC VARIABLE RATE REPO.</title>
<headline>BANK/PORTUGAL SETS 50 BLN ESC VARIABLE RATE REPO.</headline>
<dateline>LISBON 1997-08-14</dateline>
<text>
<p>The Bank of Portugal offered to inject 50 billion escudos of five-day funds into the money market in a variable rate securities repurchase tender.</p>
<p>The central bank also offered to drain liquidity today with five-day certificates at a fixed rate of 5.40 percent. Its emergency lending rate for up to 100 billion escudos of one-day funds to resident banks stands at 7.40 percent.</p>
<p>Bids for the repo funds must be submitted by 0900 GMT and bids for the certificates by 1400 GMT.</p>
<p>--Lisbon bureau 3511-3150035</p>
</text>
<copyright>(c) Reuters Limited 1997</copyright>
<metadata>
<codes class="bip:countries:1.0">
  <code code="PORL">
    <editdetail attribution="Reuters BIP Coding Group" action="confirmed" date="1997-08-14"/>
  </code>
</codes>
<codes class="bip:topics:1.0">
  <code code="M13">
    <editdetail attribution="Reuters BIP Coding Group" action="confirmed" date="1997-08-14"/>
  </code>
  <code code="M131">
    <editdetail attribution="Reuters BIP Coding Group" action="confirmed" date="1997-08-14"/>
  </code>
  <code code="MCAT">
    <editdetail attribution="Reuters BIP Coding Group" action="confirmed" date="1997-08-14"/>
  </code>
</codes>
<dc element="dc.date.created" value="1997-08-14"/>
<dc element="dc.publisher" value="Reuters Holdings Plc"/>
<dc element="dc.date.published" value="1997-08-14"/>
<dc element="dc.source" value="Reuters"/>
<dc element="dc.creator.location" value="LISBON"/>
<dc element="dc.creator.location.country.name" value="PORTUGAL"/>
<dc element="dc.source" value="Reuters"/>
</metadata>
</newsitem>
