<?xml version="1.0" encoding="iso-8859-1" ?>
<newsitem itemid="457741" id="root" date="1997-03-20" xml:lang="en">
<title>UK: Austria trade seeks free market wheat at EU tender.</title>
<headline>Austria trade seeks free market wheat at EU tender.</headline>
<dateline>LONDON 1997-03-20</dateline>
<text>
<p>Austrian grain traders bid for 7,200 tonnes of open market wheat at Thursday's EU export tender, member state officials said on Thursday.</p>
<p>Bids were at refunds ranging from 11.50 Ecus to 12.97 Ecus, they said. There were no bids received for other grains.</p>
<p>The EU's tender will be adjudicated by the weekly cereals management committee at its meeting on Thursday afternoon.</p>
<p>--Christopher Lyddon, London newsroom +44 171 542 7928</p>
</text>
<copyright>(c) Reuters Limited 1997</copyright>
<metadata>
<codes class="bip:countries:1.0">
  <code code="AUST">
    <editdetail attribution="Reuters BIP Coding Group" action="confirmed" date="1997-03-20"/>
  </code>
  <code code="EEC">
    <editdetail attribution="Reuters BIP Coding Group" action="confirmed" date="1997-03-20"/>
  </code>
  <code code="UK">
    <editdetail attribution="Reuters BIP Coding Group" action="confirmed" date="1997-03-20"/>
  </code>
</codes>
<codes class="bip:topics:1.0">
  <code code="M14">
    <editdetail attribution="Reuters BIP Coding Group" action="confirmed" date="1997-03-20"/>
  </code>
  <code code="M141">
    <editdetail attribution="Reuters BIP Coding Group" action="confirmed" date="1997-03-20"/>
  </code>
  <code code="MCAT">
    <editdetail attribution="Reuters BIP Coding Group" action="confirmed" date="1997-03-20"/>
  </code>
</codes>
<dc element="dc.date.created" value="1997-03-20"/>
<dc element="dc.publisher" value="Reuters Holdings Plc"/>
<dc element="dc.date.published" value="1997-03-20"/>
<dc element="dc.source" value="Reuters"/>
<dc element="dc.creator.location" value="LONDON"/>
<dc element="dc.creator.location.country.name" value="UK"/>
<dc element="dc.source" value="Reuters"/>
</metadata>
</newsitem>
