<?xml version="1.0" encoding="iso-8859-1" ?>
<newsitem itemid="421956" id="root" date="1997-03-05" xml:lang="en">
<title>FRANCE: Market dislikes govt Renault intervention.</title>
<headline>Market dislikes govt Renault intervention.</headline>
<dateline>PARIS 1997-03-05</dateline>
<text>
<p>Shares in car maker Renault SA fell on the Paris stock market on Wednesday with dealers citing dislike for the government's apparent intervention in the company's decision to close a plant in Belgium and cut jobs.</p>
<p>At 1156 GMT, the share was down 3.1 percent at 137.50 francs, after having posted big gains on Friday and Monday.</p>
<p>&quot;The market welcomed the Belgian plant closure and the job cuts. But they do not like the recent developments,&quot; a Paris broker said.</p>
<p>&quot;It looks like the decision may have to be altered and even (Renault chairman Louis) Schweitzer's position could be in doubt,&quot; he said.  </p>
<p>Prime Minister Alain Juppe has summoned Schweitzer and the company's general secretary Michel de Virville for talks at 1630 GMT and has asked them to inform him about the method used by the group to announce its plans.</p>
<p>Renault is 46 percent owned by the state after a two-stage privatisation in 1994 and 1996.</p>
<p>Government spokesman Alain Lamassoure said after a weekly cabinet meeting that Juppe had said the method used by Renault &quot;was not the right one&quot;. Industry Minister Franck Borotra, defended Renault's restructuring decision in parliament on Tuesday. On Wednesday he said had confidence in Schweitzer.</p>
</text>
<copyright>(c) Reuters Limited 1997</copyright>
<metadata>
<codes class="bip:countries:1.0">
  <code code="BELG">
    <editdetail attribution="Reuters BIP Coding Group" action="confirmed" date="1997-03-05"/>
  </code>
  <code code="FRA">
    <editdetail attribution="Reuters BIP Coding Group" action="confirmed" date="1997-03-05"/>
  </code>
</codes>
<codes class="bip:industries:1.0">
  <code code="I35101">
    <editdetail attribution="Reuters BIP Coding Group" action="confirmed" date="1997-03-05"/>
  </code>
</codes>
<codes class="bip:topics:1.0">
  <code code="C13">
    <editdetail attribution="Reuters BIP Coding Group" action="confirmed" date="1997-03-05"/>
  </code>
  <code code="C15">
    <editdetail attribution="Reuters BIP Coding Group" action="confirmed" date="1997-03-05"/>
  </code>
  <code code="C152">
    <editdetail attribution="Reuters BIP Coding Group" action="confirmed" date="1997-03-05"/>
  </code>
  <code code="C42">
    <editdetail attribution="Reuters BIP Coding Group" action="confirmed" date="1997-03-05"/>
  </code>
  <code code="CCAT">
    <editdetail attribution="Reuters BIP Coding Group" action="confirmed" date="1997-03-05"/>
  </code>
  <code code="E41">
    <editdetail attribution="Reuters BIP Coding Group" action="confirmed" date="1997-03-05"/>
  </code>
  <code code="ECAT">
    <editdetail attribution="Reuters BIP Coding Group" action="confirmed" date="1997-03-05"/>
  </code>
  <code code="GCAT">
    <editdetail attribution="Reuters BIP Coding Group" action="confirmed" date="1997-03-05"/>
  </code>
  <code code="GJOB">
    <editdetail attribution="Reuters BIP Coding Group" action="confirmed" date="1997-03-05"/>
  </code>
</codes>
<dc element="dc.date.created" value="1997-03-05"/>
<dc element="dc.publisher" value="Reuters Holdings Plc"/>
<dc element="dc.date.published" value="1997-03-05"/>
<dc element="dc.source" value="Reuters"/>
<dc element="dc.creator.location" value="PARIS"/>
<dc element="dc.creator.location.country.name" value="FRANCE"/>
<dc element="dc.source" value="Reuters"/>
</metadata>
</newsitem>
