<?xml version="1.0" encoding="iso-8859-1" ?>
<newsitem itemid="481616" id="root" date="1997-04-02" xml:lang="en">
<title>QATAR: Qatar eyeing six European states to market LNG.</title>
<headline>Qatar eyeing six European states to market LNG.</headline>
<dateline>DOHA 1997-04-02</dateline>
<text>
<p>Qatar is eyeing six European countries to market liquefied natural gas over the next decade, a local newspaper reported on Wednesday.</p>
<p>The countries named by the English-language Peninsula are Poland, Hungary, Austria, Bosnia, Spain and Croatia.</p>
<p>&quot;Initial talks have been held with Poland, Austria, Croatia and Bosnia and we expect they will be able to take between 10 and 15 million tonnes a year of LNG from 2002 onward,&quot; said the paper, quoting an unnamed Qatar General Petroleum Corporation official.</p>
<p>&quot;Bosnia has told us it would need 1.5 to 2.5 million tonnes of LNG a year from 2005 to diversify its source of supply,&quot; the official was quoted as saying.</p>
<p>The paper did not say how much LNG Hungary and Spain were looking to buy.</p>
<p>Currently, Bosnia imports 50 million cubic metres of gas daily from Gazprom of Russia through a pipeline crossing Siberia.</p>
<p>The official told the paper Croatia, Austria, Bosnia, Slovenia, Hungary and Romania were planning to build a combined terminal to receive the Qatari LNG. He did not specify the location.</p>
<p>Qatar, which controls the world's third largest reserves of gas after Russia and Iran, aims to export 12 million tonnes a year of LNG by 2000 and up to 30 million tonnes a year by early next century to supplement its oil income -- the lowest in the Organisation of Petroleum Exporting Countries.</p>
<p>Its two ongoing projects -- Qatar Liquefied Gas Company and Ras Laffan LNG Company -- have already signed sales-and-purchase agreements to supply six million tonnes a year to Japan and 4.8 million tonnes a year to South Korea.</p>
<p>A third venture -- Qatar-Enron LNG Marketing Company -- is on the drawing board.</p>
</text>
<copyright>(c) Reuters Limited 1997</copyright>
<metadata>
<codes class="bip:countries:1.0">
  <code code="AUST">
    <editdetail attribution="Reuters BIP Coding Group" action="confirmed" date="1997-04-02"/>
  </code>
  <code code="BSHZG">
    <editdetail attribution="Reuters BIP Coding Group" action="confirmed" date="1997-04-02"/>
  </code>
  <code code="CRTIA">
    <editdetail attribution="Reuters BIP Coding Group" action="confirmed" date="1997-04-02"/>
  </code>
  <code code="HUNG">
    <editdetail attribution="Reuters BIP Coding Group" action="confirmed" date="1997-04-02"/>
  </code>
  <code code="POL">
    <editdetail attribution="Reuters BIP Coding Group" action="confirmed" date="1997-04-02"/>
  </code>
  <code code="QATAR">
    <editdetail attribution="Reuters BIP Coding Group" action="confirmed" date="1997-04-02"/>
  </code>
  <code code="SPAIN">
    <editdetail attribution="Reuters BIP Coding Group" action="confirmed" date="1997-04-02"/>
  </code>
</codes>
<codes class="bip:industries:1.0">
  <code code="I13000">
    <editdetail attribution="Reuters BIP Coding Group" action="confirmed" date="1997-04-02"/>
  </code>
</codes>
<codes class="bip:topics:1.0">
  <code code="C31">
    <editdetail attribution="Reuters BIP Coding Group" action="confirmed" date="1997-04-02"/>
  </code>
  <code code="C312">
    <editdetail attribution="Reuters BIP Coding Group" action="confirmed" date="1997-04-02"/>
  </code>
  <code code="CCAT">
    <editdetail attribution="Reuters BIP Coding Group" action="confirmed" date="1997-04-02"/>
  </code>
</codes>
<dc element="dc.date.created" value="1997-04-02"/>
<dc element="dc.publisher" value="Reuters Holdings Plc"/>
<dc element="dc.date.published" value="1997-04-02"/>
<dc element="dc.source" value="Reuters"/>
<dc element="dc.creator.location" value="DOHA"/>
<dc element="dc.creator.location.country.name" value="QATAR"/>
<dc element="dc.source" value="Reuters"/>
</metadata>
</newsitem>
