<?xml version="1.0" encoding="iso-8859-1" ?>
<newsitem itemid="100794" id="root" date="1996-10-07" xml:lang="en">
<title>ITALY: ENI doesn't need capital increase - Bernabe.</title>
<headline>ENI doesn't need capital increase - Bernabe.</headline>
<dateline>MILAN 1996-10-07</dateline>
<text>
<p>Italy energy giant ENI does not need a capital increase as its group debt has already been cut to a satisfactory level, managing director Franco Bernabe said.</p>
<p>ENI...&quot;does not need a capital increase, the debt has already been reduced sufficiently,&quot; Bernabe told reporters after a presentation to analysts on the second tranche of shares to be offered to investors.</p>
<p>The group expects the ratio between debt and shareholders equity to fall from the 0.60 percent level seen at June 30, when the group's debt was 15.078 trillion lire.</p>
<p>The Italian Treasury announced that it was offering 700 million shares amounting to 8.75 percent of the share capital to investors later this month, after it had offered 15 percent in a first tranche in late 1995.</p>
<p>&quot;But the Treasury said this morning that the demand will be superior, and will consider increasing the offer,&quot; Bernabe said.</p>
<p>Treasury Director Mario Draghi said earlier today that the 8.75 percent of the share capital, but nearly 10 percent of the group including the green shoe amount, could be increased if demand was strong enough.</p>
<p>The Italian offer is set to open on October 21, the price set on October 26 and trading in the new shares to start on October 28.</p>
<p>-- Milan newsroom +392 66129502</p>
</text>
<copyright>(c) Reuters Limited 1996</copyright>
<metadata>
<codes class="bip:countries:1.0">
  <code code="ITALY">
    <editdetail attribution="Reuters BIP Coding Group" action="confirmed" date="1996-10-07"/>
  </code>
</codes>
<codes class="bip:industries:1.0">
  <code code="I13000">
    <editdetail attribution="Reuters BIP Coding Group" action="confirmed" date="1996-10-07"/>
  </code>
</codes>
<codes class="bip:topics:1.0">
  <code code="C17">
    <editdetail attribution="Reuters BIP Coding Group" action="confirmed" date="1996-10-07"/>
  </code>
  <code code="C171">
    <editdetail attribution="Reuters BIP Coding Group" action="confirmed" date="1996-10-07"/>
  </code>
  <code code="C18">
    <editdetail attribution="Reuters BIP Coding Group" action="confirmed" date="1996-10-07"/>
  </code>
  <code code="C183">
    <editdetail attribution="Reuters BIP Coding Group" action="confirmed" date="1996-10-07"/>
  </code>
  <code code="CCAT">
    <editdetail attribution="Reuters BIP Coding Group" action="confirmed" date="1996-10-07"/>
  </code>
</codes>
<dc element="dc.date.created" value="1996-10-07"/>
<dc element="dc.publisher" value="Reuters Holdings Plc"/>
<dc element="dc.date.published" value="1996-10-07"/>
<dc element="dc.source" value="Reuters"/>
<dc element="dc.creator.location" value="MILAN"/>
<dc element="dc.creator.location.country.name" value="ITALY"/>
<dc element="dc.source" value="Reuters"/>
</metadata>
</newsitem>
