<?xml version="1.0" encoding="iso-8859-1" ?>
<newsitem itemid="527873" id="root" date="1997-04-22" xml:lang="en">
<title>NEW ZEALAND: NZ Solid Energy to barge coal exports to Australia.</title>
<headline>NZ Solid Energy to barge coal exports to Australia.</headline>
<dateline>WELLINGTON 1996-04-23</dateline>
<text>
<p>Solid Energy New Zealand Ltd said on Wednesday that it would start to export coal by barge directly to Australia from Westport, on the west coast of South Island, from the middle of this year.</p>
<p>&quot;This is another significant step in our export growth strategy of doubling exports from our west coast mines in the next three to five years,&quot; said John Ryan, Solid Energy's national services manager.</p>
<p>At present New Zealand's coal exports are moved by rail to the Port of Lyttelton, on the east coast of the South Island.  </p>
<p>Coal that goes to Australia is blended with Australian coals for re-export.</p>
<p>Ryan told Reuters the coal to be barged from Westport would be lower-margin coal, for which the Lyttelton transport route was not proving cost-effective.</p>
<p>&quot;At the moment it costs us as much to take the coal from our mine to the ship as it does to actually mine the coal. On the lower margin coal, that really doesn't allow us to have a sustainable long term business,&quot; he said.</p>
</text>
<copyright>(c) Reuters Limited 1997</copyright>
<metadata>
<codes class="bip:countries:1.0">
  <code code="AUSTR">
    <editdetail attribution="Reuters BIP Coding Group" action="confirmed" date="1997-04-22"/>
  </code>
  <code code="NZ">
    <editdetail attribution="Reuters BIP Coding Group" action="confirmed" date="1997-04-22"/>
  </code>
</codes>
<codes class="bip:industries:1.0">
  <code code="I11000">
    <editdetail attribution="Reuters BIP Coding Group" action="confirmed" date="1997-04-22"/>
  </code>
</codes>
<codes class="bip:topics:1.0">
  <code code="C31">
    <editdetail attribution="Reuters BIP Coding Group" action="confirmed" date="1997-04-22"/>
  </code>
  <code code="C312">
    <editdetail attribution="Reuters BIP Coding Group" action="confirmed" date="1997-04-22"/>
  </code>
  <code code="CCAT">
    <editdetail attribution="Reuters BIP Coding Group" action="confirmed" date="1997-04-22"/>
  </code>
</codes>
<dc element="dc.date.created" value="1996-04-23"/>
<dc element="dc.publisher" value="Reuters Holdings Plc"/>
<dc element="dc.date.published" value="1997-04-22"/>
<dc element="dc.source" value="Reuters"/>
<dc element="dc.creator.location" value="WELLINGTON"/>
<dc element="dc.creator.location.country.name" value="NEW ZEALAND"/>
<dc element="dc.source" value="Reuters"/>
</metadata>
</newsitem>
