<?xml version="1.0" encoding="iso-8859-1" ?>
<newsitem itemid="715391" id="root" date="1997-07-09" xml:lang="en">
<title>USA: TABLE-Alpine Lace Q2 shr rises to $0.16.</title>
<headline>TABLE-Alpine Lace Q2 shr rises to $0.16.</headline>
<dateline>MAPLEWOOD, N.J. 1997-07-09</dateline>
<text>
<p>ALPINE LACE BRANDS INC</p>
<p>			  Condensed Statements of Operations</p>
<p>				Three Months Ended</p>
<p>				   June 30,</p>
<p>				    1997	   1996</p>
<p> Net Sales	    $ 40,047,298  $ 37,567,174</p>
<p> Net Earnings		860,333	 498,146</p>
<p>Net Earnings</p>
<p>Applicable to Common</p>
<p>  Shareholders	     816,734	 455,958</p>
<p> Net Earnings Per Share     0.16	    0.09</p>
<p>Average Number of</p>
<p>Common Shares</p>
<p>  Outstanding	    5,184,920     5,248,845</p>
<p>			     Six Months Ended</p>
<p>				  June 30,</p>
<p>				   1997	    1996</p>
<p> Net Sales	   $  73,786,601  $ 70,118,168</p>
<p> Net Earnings	    1,620,080	 894,093</p>
<p>Net Earnings Applicable</p>
<p>to Common</p>
<p>  Shareholders	   1,529,416	 809,718</p>
<p> Net Earnings Per Share     0.30	    0.15</p>
<p>Average Number of</p>
<p>Common Shares</p>
<p>  Outstanding	    5,184,421     5,271,888</p>
<p>-- New York Newsdesk 212 603-3310</p>
</text>
<copyright>(c) Reuters Limited 1997</copyright>
<metadata>
<codes class="bip:countries:1.0">
  <code code="USA">
    <editdetail attribution="Reuters BIP Coding Group" action="confirmed" date="1997-07-09"/>
  </code>
</codes>
<codes class="bip:industries:1.0">
  <code code="I61000">
    <editdetail attribution="Reuters BIP Coding Group" action="confirmed" date="1997-07-09"/>
  </code>
</codes>
<codes class="bip:topics:1.0">
  <code code="C15">
    <editdetail attribution="Reuters BIP Coding Group" action="confirmed" date="1997-07-09"/>
  </code>
  <code code="C151">
    <editdetail attribution="Reuters BIP Coding Group" action="confirmed" date="1997-07-09"/>
  </code>
  <code code="CCAT">
    <editdetail attribution="Reuters BIP Coding Group" action="confirmed" date="1997-07-09"/>
  </code>
</codes>
<dc element="dc.date.created" value="1997-07-09"/>
<dc element="dc.publisher" value="Reuters Holdings Plc"/>
<dc element="dc.date.published" value="1997-07-09"/>
<dc element="dc.source" value="Reuters"/>
<dc element="dc.creator.location" value="MAPLEWOOD, N.J."/>
<dc element="dc.creator.location.country.name" value="USA"/>
<dc element="dc.source" value="Reuters"/>
</metadata>
</newsitem>
