<?xml version="1.0" encoding="iso-8859-1" ?>
<newsitem itemid="71325" id="root" date="1996-09-23" xml:lang="en">
<title>BELGIUM: Belgium's Maystadt confirms debt reduction plan.</title>
<headline>Belgium's Maystadt confirms debt reduction plan.</headline>
<dateline>BRUSSELS 1996-09-23</dateline>
<text>
<p>Belgian Finance Minister Philippe Maystadt confirmed on Monday the government was considering using part of the Belgian National Bank's (BNB's) foreign exchange reserves to cut the national debt.</p>
<p>In an interview with RTBF radio, Maystadt said the &quot;possibility&quot; of using the reserves for redeeming part of the debt was added to a draft law on the central bank's statutes which the government adopted last Friday.</p>
<p>Maystadt, who was asked to comment on an interview central bank governor Alfons Verplaetse gave to Reuters Financial Television last week, said the BNB had blocked in its books the equivalent of 230 billion Belgian francs of reserves generated from recent gold sales.</p>
<p>Under a plan envisaged by the government, this reserve &quot;could be used directly to reduce the debt,&quot; Maystadt said.</p>
<p>&quot;An operation of the kind envisaged by the governor of the national bank...would enable in the first year to reduce the interest charge on the debt by eight billion (francs), and by more in successive years,&quot; Maystadt said.</p>
<p>RTBF said the government aimed to slash the debt by 300 billion francs.</p>
<p>As well as the 230 billion francs from the National Bank, the government aimed to use proceeds from the 73 billion franc privatisation of state telephone company Belgacom late last year and the possible sale of more shares in state-controlled Bank ASLK-CGER either to Belgian-Dutch insurance group Fortis or via a bourse listing.</p>
<p>Senior government ministers were meeting again on Monday to hammer out the details of Belgium's 1997 budget, whose main aim is to qualify the country for European monetary union.</p>
<p>-- Nick Antonovics, Brussels Newsroom +32 2 287 6817, Fax +32 2 230 7710</p>
</text>
<copyright>(c) Reuters Limited 1996</copyright>
<metadata>
<codes class="bip:countries:1.0">
  <code code="BELG">
    <editdetail attribution="Reuters BIP Coding Group" action="confirmed" date="1996-09-23"/>
  </code>
</codes>
<codes class="bip:topics:1.0">
  <code code="E21">
    <editdetail attribution="Reuters BIP Coding Group" action="confirmed" date="1996-09-23"/>
  </code>
  <code code="E212">
    <editdetail attribution="Reuters BIP Coding Group" action="confirmed" date="1996-09-23"/>
  </code>
  <code code="E51">
    <editdetail attribution="Reuters BIP Coding Group" action="confirmed" date="1996-09-23"/>
  </code>
  <code code="E513">
    <editdetail attribution="Reuters BIP Coding Group" action="confirmed" date="1996-09-23"/>
  </code>
  <code code="ECAT">
    <editdetail attribution="Reuters BIP Coding Group" action="confirmed" date="1996-09-23"/>
  </code>
</codes>
<dc element="dc.date.created" value="1996-09-23"/>
<dc element="dc.publisher" value="Reuters Holdings Plc"/>
<dc element="dc.date.published" value="1996-09-23"/>
<dc element="dc.source" value="Reuters"/>
<dc element="dc.creator.location" value="BRUSSELS"/>
<dc element="dc.creator.location.country.name" value="BELGIUM"/>
<dc element="dc.source" value="Reuters"/>
</metadata>
</newsitem>
