<?xml version="1.0" encoding="iso-8859-1" ?>
<newsitem itemid="693056" id="root" date="1997-06-27" xml:lang="en">
<title>UK: UK delivered grain trades - June 27.</title>
<headline>UK delivered grain trades - June 27.</headline>
<text>
<p>UK grain brokers reported the following delivered grain trades at 1500 GMT, in Sterling a tonne.</p>
<p>Feed Wheat to West Norfolk spot 83.50, Norfolk/Suffolk July 84.25, 84.50, 85.00, october-December 89.50, Avon July 84.00, Liverpool August 88.00, Bedfordshire, Buckinghamshire, Northamptonshire, Oxfordshire (BBNO) July 84.00, Cheshire/Shropshire 85.50.</p>
<p>Feed Barley Yorkshire spot 81.00, Avon as available 79.50, 80.00</p>
</text>
<copyright>(c) Reuters Limited 1997</copyright>
<metadata>
<codes class="bip:countries:1.0">
  <code code="UK">
    <editdetail attribution="Reuters BIP Coding Group" action="confirmed" date="1997-06-27"/>
  </code>
</codes>
<codes class="bip:topics:1.0">
  <code code="M14">
    <editdetail attribution="Reuters BIP Coding Group" action="confirmed" date="1997-06-27"/>
  </code>
  <code code="M141">
    <editdetail attribution="Reuters BIP Coding Group" action="confirmed" date="1997-06-27"/>
  </code>
  <code code="MCAT">
    <editdetail attribution="Reuters BIP Coding Group" action="confirmed" date="1997-06-27"/>
  </code>
</codes>
<dc element="dc.publisher" value="Reuters Holdings Plc"/>
<dc element="dc.date.published" value="1997-06-27"/>
<dc element="dc.source" value="Reuters"/>
<dc element="dc.creator.location.country.name" value="UK"/>
<dc element="dc.source" value="Reuters"/>
</metadata>
</newsitem>
