<?xml version="1.0" encoding="iso-8859-1" ?>
<newsitem itemid="530877" id="root" date="1997-04-23" xml:lang="en">
<title>USA: Northern States Power Co Q1 net off.</title>
<headline>Northern States Power Co Q1 net off.</headline>
<dateline>MINNEAPOLIS 1997-04-23</dateline>
<text>
<p>1997			1996</p>
<p> Shr			  $0.90		    $0.94</p>
<p> Net			 65,800		   67,200</p>
<p> Revs		     742,500		  718,700</p>
<p> Avg shrs		  68,827		   68,208</p>
<p>(All data above 000s except per share numbers)  </p>
<p>	  12 MONTHS</p>
<p> Shr			  $3.78		    $3.86</p>
<p> Net			273,100		  274,800</p>
<p> Revs		   2,678,000		2,626,100</p>
<p> Avg shrs		  68,807		   67,928</p>
<p>(All data above 000s except per share numbers)</p>
<p>NOTE: 1996 12-mos earnings include non-recurring gain of $14.7 million, or $0.22/shr.</p>
<p>((--Chicago Newsdesk 312-408-8787))</p>
</text>
<copyright>(c) Reuters Limited 1997</copyright>
<metadata>
<codes class="bip:countries:1.0">
  <code code="USA">
    <editdetail attribution="Reuters BIP Coding Group" action="confirmed" date="1997-04-23"/>
  </code>
</codes>
<codes class="bip:industries:1.0">
  <code code="I16100">
    <editdetail attribution="Reuters BIP Coding Group" action="confirmed" date="1997-04-23"/>
  </code>
</codes>
<codes class="bip:topics:1.0">
  <code code="C15">
    <editdetail attribution="Reuters BIP Coding Group" action="confirmed" date="1997-04-23"/>
  </code>
  <code code="C151">
    <editdetail attribution="Reuters BIP Coding Group" action="confirmed" date="1997-04-23"/>
  </code>
  <code code="CCAT">
    <editdetail attribution="Reuters BIP Coding Group" action="confirmed" date="1997-04-23"/>
  </code>
</codes>
<dc element="dc.date.created" value="1997-04-23"/>
<dc element="dc.publisher" value="Reuters Holdings Plc"/>
<dc element="dc.date.published" value="1997-04-23"/>
<dc element="dc.source" value="Reuters"/>
<dc element="dc.creator.location" value="MINNEAPOLIS"/>
<dc element="dc.creator.location.country.name" value="USA"/>
<dc element="dc.source" value="Reuters"/>
</metadata>
</newsitem>
