<?xml version="1.0" encoding="iso-8859-1" ?>
<newsitem itemid="253055" id="root" date="1996-12-12" xml:lang="en">
<title>UK: IBCA rates L-Bank 1998 Samurai bonds AAA.</title>
<headline>IBCA rates L-Bank 1998 Samurai bonds AAA.</headline>
<dateline>LONDON 1996-12-12</dateline>
<text>
<p>IBCA, the European credit rating agency, said on Thursday it assigned a long-term rating of AAA to the Landeskreditbank Baden-Wuerttemberg's (L-Bank) 30 billion yen 4.8 percent dual currency Samurai bonds 1998 issue.</p>
<p>The rating is based on the implied federal German guarantee for the obligations of L-Bank, IBCA said in a statement.</p>
<p>-- London Newsroom +44 171 542 6176</p>
</text>
<copyright>(c) Reuters Limited 1996</copyright>
<metadata>
<codes class="bip:countries:1.0">
  <code code="GFR">
    <editdetail attribution="Reuters BIP Coding Group" action="confirmed" date="1996-12-12"/>
  </code>
  <code code="UK">
    <editdetail attribution="Reuters BIP Coding Group" action="confirmed" date="1996-12-12"/>
  </code>
</codes>
<codes class="bip:industries:1.0">
  <code code="I81402">
    <editdetail attribution="Reuters BIP Coding Group" action="confirmed" date="1996-12-12"/>
  </code>
</codes>
<codes class="bip:topics:1.0">
  <code code="C17">
    <editdetail attribution="Reuters BIP Coding Group" action="confirmed" date="1996-12-12"/>
  </code>
  <code code="C174">
    <editdetail attribution="Reuters BIP Coding Group" action="confirmed" date="1996-12-12"/>
  </code>
  <code code="CCAT">
    <editdetail attribution="Reuters BIP Coding Group" action="confirmed" date="1996-12-12"/>
  </code>
</codes>
<dc element="dc.date.created" value="1996-12-12"/>
<dc element="dc.publisher" value="Reuters Holdings Plc"/>
<dc element="dc.date.published" value="1996-12-12"/>
<dc element="dc.source" value="Reuters"/>
<dc element="dc.creator.location" value="LONDON"/>
<dc element="dc.creator.location.country.name" value="UK"/>
<dc element="dc.source" value="Reuters"/>
</metadata>
</newsitem>
