<?xml version="1.0" encoding="iso-8859-1" ?>
<newsitem itemid="400855" id="root" date="1997-02-25" xml:lang="en">
<title>BRAZIL: Brazilian soybean and product market.</title>
<headline>Brazilian soybean and product market.</headline>
<dateline>SAO PAULO 1997-02-25</dateline>
<text>
<p>Brokers reported the following Brazilian soybean and products basis levels.</p>
<p>(NB - no buyer T-Trade P-Premium D-Discount)</p>
<p> SHIPMENT	   BASIS	 MONTH	    PREV</p>
<p>Soybean (cents per bushel)</p>
<p>Fob Paranagua</p>
<p> 15 Mar-15 Apr 3 D/even	 15 Mar-15 Apr 3 D/3 P</p>
<p> April		9/5 D	 April	     7/2 D</p>
<p> May		 12/8 D	 May		10/6 D</p>
<p> July		6/10 P	 July		6/8 P</p>
<p> SHIPMENT	   BASIS	 MONTH	   PREV</p>
<p>Soymeal/Pellets (dollars per short tonne 48 pct profat)</p>
<p>Fob Paranagua</p>
<p> March	   3 D/even	 March	 4 D/4 P</p>
<p> May		20/19 D	 May	 19/17.5 D</p>
<p> July	     20/18 D	 July	19/17.5 D</p>
<p> August	   13/10 D	 August    17.5/14 D</p>
<p> SHIPMENT	   BASIS	 MONTH	   PREV</p>
<p>Soybean Oil (dollars per tonne, points per lb, crude, degummed)</p>
<p>Fob Paranagua</p>
<p> March	   120/90 D	 March	 75/50 D</p>
<p> May	    120/100 D	 May	  105/85 D</p>
<p> July	   140/110 D	 July	130/110 D</p>
<p> August	 140/110 D	 August    130/110 D</p>
</text>
<copyright>(c) Reuters Limited 1997</copyright>
<metadata>
<codes class="bip:countries:1.0">
  <code code="BRAZ">
    <editdetail attribution="Reuters BIP Coding Group" action="confirmed" date="1997-02-25"/>
  </code>
</codes>
<codes class="bip:topics:1.0">
  <code code="M14">
    <editdetail attribution="Reuters BIP Coding Group" action="confirmed" date="1997-02-25"/>
  </code>
  <code code="M141">
    <editdetail attribution="Reuters BIP Coding Group" action="confirmed" date="1997-02-25"/>
  </code>
  <code code="MCAT">
    <editdetail attribution="Reuters BIP Coding Group" action="confirmed" date="1997-02-25"/>
  </code>
</codes>
<dc element="dc.date.created" value="1997-02-25"/>
<dc element="dc.publisher" value="Reuters Holdings Plc"/>
<dc element="dc.date.published" value="1997-02-25"/>
<dc element="dc.source" value="Reuters"/>
<dc element="dc.creator.location" value="SAO PAULO"/>
<dc element="dc.creator.location.country.name" value="BRAZIL"/>
<dc element="dc.source" value="Reuters"/>
</metadata>
</newsitem>
