<?xml version="1.0" encoding="iso-8859-1" ?>
<newsitem itemid="477608" id="root" date="1997-03-31" xml:lang="en">
<title>CHINA: China Guilin opens new urban cooperative bank.</title>
<headline>China Guilin opens new urban cooperative bank.</headline>
<dateline>BEIJING 1997-03-31</dateline>
<text>
<p>China's Guilin city in southern Guangxi region has opened an urban cooperative bank to offer banking services to the public, the Financial News said on Monday.</p>
<p>The new bank had been approved by the People's Bank of China, the central bank, the newspaper said in an official announcement.</p>
<p>The bank's licensed businesses include taking deposits, extending loans, domestic settlement, discounting bills and underwriting treasury bonds, it said.</p>
<p>-- Beijing Newsroom (8610) 6532 1921</p>
</text>
<copyright>(c) Reuters Limited 1997</copyright>
<metadata>
<codes class="bip:countries:1.0">
  <code code="CHINA">
    <editdetail attribution="Reuters BIP Coding Group" action="confirmed" date="1997-03-31"/>
  </code>
</codes>
<codes class="bip:industries:1.0">
  <code code="I81402">
    <editdetail attribution="Reuters BIP Coding Group" action="confirmed" date="1997-03-31"/>
  </code>
</codes>
<codes class="bip:topics:1.0">
  <code code="C13">
    <editdetail attribution="Reuters BIP Coding Group" action="confirmed" date="1997-03-31"/>
  </code>
  <code code="CCAT">
    <editdetail attribution="Reuters BIP Coding Group" action="confirmed" date="1997-03-31"/>
  </code>
</codes>
<dc element="dc.date.created" value="1997-03-31"/>
<dc element="dc.publisher" value="Reuters Holdings Plc"/>
<dc element="dc.date.published" value="1997-03-31"/>
<dc element="dc.source" value="Reuters"/>
<dc element="dc.creator.location" value="BEIJING"/>
<dc element="dc.creator.location.country.name" value="CHINA"/>
<dc element="dc.source" value="Reuters"/>
</metadata>
</newsitem>
