<?xml version="1.0" encoding="iso-8859-1" ?>
<newsitem itemid="46135" id="root" date="1996-09-11" xml:lang="en">
<title>BRAZIL: Brazil house passes financial transaction tax.</title>
<headline>Brazil house passes financial transaction tax.</headline>
<dateline>BRASILIA 1996-09-11</dateline>
<text>
<p>The Brazilian Lower House approved a regulatory bill setting up a financial transaction tax to fund the health services, an official said.</p>
<p>The official said the Chamber of Deputies approved the bill setting out the legal framework for the so-called CPMF cheque tax in a symbolic vote. The bill now heads for the Senate.  </p>
<p>Congress has already approved, after heated debate and last-minute deals, a consitutional amendment permitting the implementation of the tax, which would levy 0.2 percent on all financial transactions and is aimed at funding health services.</p>
<p>The regulatory bill would exempt government bodies, including the federal government, the states and cities and state-owned firms.  Transfers between accounts belonging to the same person or firm would also be exempt, as would be financial transactions by institutions on behalf of third parties, a measure intended to avoid double-taxation.  </p>
<p>Those earning less than three minimum salaries a month, currently 336 reais, and state pensioners would be compensated.</p>
<p>The measure is designed to raise 400 million reais a month and is expected to come into effect in 1997 for a year.</p>
<p>-- Michael Christie, Brasilia newsroom 55-61-2230358</p>
</text>
<copyright>(c) Reuters Limited 1996</copyright>
<metadata>
<codes class="bip:countries:1.0">
  <code code="BRAZ">
    <editdetail attribution="Reuters BIP Coding Group" action="confirmed" date="1996-09-11"/>
  </code>
</codes>
<codes class="bip:topics:1.0">
  <code code="E21">
    <editdetail attribution="Reuters BIP Coding Group" action="confirmed" date="1996-09-11"/>
  </code>
  <code code="E211">
    <editdetail attribution="Reuters BIP Coding Group" action="confirmed" date="1996-09-11"/>
  </code>
  <code code="ECAT">
    <editdetail attribution="Reuters BIP Coding Group" action="confirmed" date="1996-09-11"/>
  </code>
  <code code="GCAT">
    <editdetail attribution="Reuters BIP Coding Group" action="confirmed" date="1996-09-11"/>
  </code>
  <code code="GHEA">
    <editdetail attribution="Reuters BIP Coding Group" action="confirmed" date="1996-09-11"/>
  </code>
  <code code="GPOL">
    <editdetail attribution="Reuters BIP Coding Group" action="confirmed" date="1996-09-11"/>
  </code>
</codes>
<dc element="dc.date.created" value="1996-09-11"/>
<dc element="dc.publisher" value="Reuters Holdings Plc"/>
<dc element="dc.date.published" value="1996-09-11"/>
<dc element="dc.source" value="Reuters"/>
<dc element="dc.creator.location" value="BRASILIA"/>
<dc element="dc.creator.location.country.name" value="BRAZIL"/>
<dc element="dc.source" value="Reuters"/>
</metadata>
</newsitem>
