<?xml version="1.0" encoding="iso-8859-1" ?>
<newsitem itemid="446711" id="root" date="1997-03-17" xml:lang="en">
<title>POLAND: Polish shares close mixed in continuous trade.</title>
<headline>Polish shares close mixed in continuous trade.</headline>
<dateline>WARSAW 1997-03-17</dateline>
<text>
<p>Eleven stocks fell, five rose and six were flat in 17.5-million-zloty Warsaw bourse continuous trade on Monday with the WIG 20 index closing at 1,696 points, 2.1 percent higher than at the regular session.</p>
<p>NFI units fell 0.3 percent to 159.5 zlotys in 16.9-million-zloty turnover.</p>
<p>-- Warsaw Newsroom +48 22 653 9700</p>
</text>
<copyright>(c) Reuters Limited 1997</copyright>
<metadata>
<codes class="bip:countries:1.0">
  <code code="POL">
    <editdetail attribution="Reuters BIP Coding Group" action="confirmed" date="1997-03-17"/>
  </code>
</codes>
<codes class="bip:topics:1.0">
  <code code="M11">
    <editdetail attribution="Reuters BIP Coding Group" action="confirmed" date="1997-03-17"/>
  </code>
  <code code="MCAT">
    <editdetail attribution="Reuters BIP Coding Group" action="confirmed" date="1997-03-17"/>
  </code>
</codes>
<dc element="dc.date.created" value="1997-03-17"/>
<dc element="dc.publisher" value="Reuters Holdings Plc"/>
<dc element="dc.date.published" value="1997-03-17"/>
<dc element="dc.source" value="Reuters"/>
<dc element="dc.creator.location" value="WARSAW"/>
<dc element="dc.creator.location.country.name" value="POLAND"/>
<dc element="dc.source" value="Reuters"/>
</metadata>
</newsitem>
