<?xml version="1.0" encoding="iso-8859-1" ?>
<newsitem itemid="115617" id="root" date="1996-10-14" xml:lang="en">
<title>MALAYSIA: Malaysia Aug industrial production down 1.0 pct.</title>
<headline>Malaysia Aug industrial production down 1.0 pct.</headline>
<dateline>KUALA LUMPUR 1996-10-14</dateline>
<text>
<p>Malaysia's industrial production index for August fell by 1.0 percent from the preceding month, the national Bernama news agency reported on Monday.  </p>
<p>Bernama's report did not immediately supply a year-on-year change for the industrial production index and Statistics Department officials could not be reached for comment.</p>
<p>Bank Negara Malaysia's quarterly bulletin gave the August 1995 industrial production index as 221.4. Based on Bernama's report on Monday that the August 1996 index was 238, the year-on-year change would be a 7.5 percent rise.  </p>
<p>Bernama later confirmed a 7.5 percent year-on-year increase in the industrial production index for August.</p>
<p>The index for the first eight months of 1996 was up by 10.8 percent to 228.4 against the corresponding period last year, the agency quoted the Statistics Department as saying.</p>
<p>All three divisions computed for the industrial index -- manufacturing, electricity and mining -- recorded increases during the period.</p>
<p>The mining division rose by 5.9 percent, manufacturing 12.0 percent and electricity 12.4 percent.</p>
<p>The growth of the mining sector was due to higher output of crude oil and natural gas.</p>
<p>The electricity sector grew with a 12.4 percent increase in generation of electricity to 32,461 million kilowatt-hours.</p>
<p>    INDUSTRIAL PRODUCTION   Aug 1996    July 1996     Aug 1995</p>
<p>				     238.0	  241.8	  221.4</p>
<p>-- Kuala Lumpur newsroom (603-230 8911)</p>
</text>
<copyright>(c) Reuters Limited 1996</copyright>
<metadata>
<codes class="bip:countries:1.0">
  <code code="MALAY">
    <editdetail attribution="Reuters BIP Coding Group" action="confirmed" date="1996-10-14"/>
  </code>
</codes>
<codes class="bip:topics:1.0">
  <code code="E31">
    <editdetail attribution="Reuters BIP Coding Group" action="confirmed" date="1996-10-14"/>
  </code>
  <code code="E311">
    <editdetail attribution="Reuters BIP Coding Group" action="confirmed" date="1996-10-14"/>
  </code>
  <code code="ECAT">
    <editdetail attribution="Reuters BIP Coding Group" action="confirmed" date="1996-10-14"/>
  </code>
</codes>
<dc element="dc.date.created" value="1996-10-14"/>
<dc element="dc.publisher" value="Reuters Holdings Plc"/>
<dc element="dc.date.published" value="1996-10-14"/>
<dc element="dc.source" value="Reuters"/>
<dc element="dc.creator.location" value="KUALA LUMPUR"/>
<dc element="dc.creator.location.country.name" value="MALAYSIA"/>
<dc element="dc.source" value="Reuters"/>
</metadata>
</newsitem>
