<?xml version="1.0" encoding="iso-8859-1" ?>
<newsitem itemid="205162" id="root" date="1996-11-20" xml:lang="en">
<title>JAPAN: New Tachikawa - 96/97 parent forecast.</title>
<headline>New Tachikawa - 96/97 parent forecast.</headline>
<dateline>TOKYO 1996-11-20</dateline>
<text>
<p>Year to March 31, 1997</p>
<p>		   (in billions of yen unless specified)</p>
<p>			   LATEST	    ACTUAL</p>
<p> (Parent)	     FORECAST	  YEAR-AGO</p>
<p> Sales		  6.72		 6.68</p>
<p> Current		1.00	     910 million</p>
<p> Net		  554 million	526 million</p>
<p> EPS		   50.27 yen	  47.72 yen</p>
<p> Ord div	     10.00 yen	   7.50 yen</p>
<p> -Special div	    -		 2.50 yen</p>
<p>NOTE - New Tachikawa Aircraft Co Ltd is a medium-scale maker of machinery and equipment.</p>
</text>
<copyright>(c) Reuters Limited 1996</copyright>
<metadata>
<codes class="bip:countries:1.0">
  <code code="JAP">
    <editdetail attribution="Reuters BIP Coding Group" action="confirmed" date="1996-11-20"/>
  </code>
</codes>
<codes class="bip:industries:1.0">
  <code code="I32000">
    <editdetail attribution="Reuters BIP Coding Group" action="confirmed" date="1996-11-20"/>
  </code>
</codes>
<codes class="bip:topics:1.0">
  <code code="C15">
    <editdetail attribution="Reuters BIP Coding Group" action="confirmed" date="1996-11-20"/>
  </code>
  <code code="C152">
    <editdetail attribution="Reuters BIP Coding Group" action="confirmed" date="1996-11-20"/>
  </code>
  <code code="CCAT">
    <editdetail attribution="Reuters BIP Coding Group" action="confirmed" date="1996-11-20"/>
  </code>
</codes>
<dc element="dc.date.created" value="1996-11-20"/>
<dc element="dc.publisher" value="Reuters Holdings Plc"/>
<dc element="dc.date.published" value="1996-11-20"/>
<dc element="dc.source" value="Reuters"/>
<dc element="dc.creator.location" value="TOKYO"/>
<dc element="dc.creator.location.country.name" value="JAPAN"/>
<dc element="dc.source" value="Reuters"/>
</metadata>
</newsitem>
