<?xml version="1.0" encoding="iso-8859-1" ?>
<newsitem itemid="642949" id="root" date="1997-06-06" xml:lang="en">
<title>VENEZUELA: Venezuela foreign reserves rise to $16.086 bln.</title>
<headline>Venezuela foreign reserves rise to $16.086 bln.</headline>
<dateline>CARACAS 1997-06-06</dateline>
<text>
<p>Venezuela's total foreign reserves rose $463 million, or 3.0 percent, in the week to June 2, to $16.086 billion, according to figures released by the central bank.</p>
<p>Reserves were up from $15.623 billion on May 26, the bank's latest weekly bulletin of indicators showed.  </p>
<p>Since the start of the year, reserves have risen $907 million, or 6.0 percent.</p>
<p>Reserves rose $5.5 billion, or 57 percent, last year, to $15.179 billion. Government officials have forecast they will grow to $20 billion by the end of 1997.</p>
<p>((--Caracas Newsroom, 582 505 2600))</p>
</text>
<copyright>(c) Reuters Limited 1997</copyright>
<metadata>
<codes class="bip:countries:1.0">
  <code code="VEN">
    <editdetail attribution="Reuters BIP Coding Group" action="confirmed" date="1997-06-06"/>
  </code>
</codes>
<codes class="bip:topics:1.0">
  <code code="E51">
    <editdetail attribution="Reuters BIP Coding Group" action="confirmed" date="1997-06-06"/>
  </code>
  <code code="E513">
    <editdetail attribution="Reuters BIP Coding Group" action="confirmed" date="1997-06-06"/>
  </code>
  <code code="ECAT">
    <editdetail attribution="Reuters BIP Coding Group" action="confirmed" date="1997-06-06"/>
  </code>
</codes>
<dc element="dc.date.created" value="1997-06-06"/>
<dc element="dc.publisher" value="Reuters Holdings Plc"/>
<dc element="dc.date.published" value="1997-06-06"/>
<dc element="dc.source" value="Reuters"/>
<dc element="dc.creator.location" value="CARACAS"/>
<dc element="dc.creator.location.country.name" value="VENEZUELA"/>
<dc element="dc.source" value="Reuters"/>
</metadata>
</newsitem>
