<?xml version="1.0" encoding="iso-8859-1" ?>
<newsitem itemid="374001" id="root" date="1997-02-12" xml:lang="en">
<title>INDONESIA: Indonesia shipping - Belawan Port - Feb. 12.</title>
<headline>Indonesia shipping - Belawan Port - Feb. 12.</headline>
<text>
<p>Vessels at Belawan Port, North Sumatra</p>
<p>Summary:</p>
<p>Vessels unloading : 30  Vessels loading : 17</p>
<p>---------------------------------------------------------------</p>
<p>Name	    Arrival	 Scheduled    P/Origin   Unloading</p>
<p>Grt	     Date/Time     departure    P/Dest     Loading</p>
<p>Agent</p>
<p>---------------------------------------------------------------</p>
<p>Mt Giado D    11-02-97	13-02-97     S'pore	  -</p>
<p>3,200	   0300	    1800	   Suez	 crude palm</p>
<p>PT Gesuri Lloyd						 oil</p>
<p>								    5,000 tns</p>
<p>---------------------------------------------------------------</p>
<p>MT Rosalie    11-02-97	130-02-97    Hochicang  soda</p>
<p>4,355	   2400	    1800	   P.Klang    5,000 tns</p>
<p>PT Samudera Indonesia					    -</p>
<p>---------------------------------------------------------------</p>
<p>MV Efrem	10-02-97	16-02-97     Conatan    fertiliser</p>
<p>9,144	   1100	    1800	   S'pore     5,000 tns</p>
<p>PT Gesury Lloyd						    -</p>
<p>---------------------------------------------------------------</p>
<p>MV Malacca-   11-02-97	13-02-97     S'pore     container</p>
<p>Glory	   1000	    1400	   P.Klang    98 teus</p>
<p>20,408							    container</p>
<p>PT Karana Line						  187 teus</p>
<p>---------------------------------------------------------------</p>
<p>MV Fedeer-3   11-02-97	12-02-97     S'pore     container</p>
<p>3,875	   0500	    0600	   S'pore     9 teus</p>
<p>PT Jaya Kesuma Perdana Line				 container</p>
<p>								    141 teus</p>
<p>---------------------------------------------------------------</p>
<p>MV Xin-	 10-02-97	15-02-97     Shanghai   fetiliser</p>
<p>Hua-10	  1400	    0800	   China	3,000 tns</p>
<p>1,462							     plywood</p>
<p>PT Admiral Line						 300 tns</p>
<p>---------------------------------------------------------------</p>
<p>MV Eagle Moon 12-02-97	13-02-97     S'pore     container</p>
<p>7,179	   0700	    2000	   Pukhet     160 teus</p>
<p>PT Bintika Bangunusa					  container</p>
<p>								    110 teus</p>
<p>---------------------------------------------------------------</p>
<p>MT Team-	11-02-97	13-02-97     S'pore	   -</p>
<p>Tellus	  0400	    1800	   Rotterdam  palm oil</p>
<p>21,796							    5,200 tns</p>
<p>PT Admiral Line</p>
<p>---------------------------------------------------------------</p>
<p>MT Stolt-     11-02-97	12-02-97     S'pore     crude palm</p>
<p>Accord/31     0500	    1800	   Mexico     oil</p>
<p>8,764							     6,000 tns</p>
<p>PT Admiral Line						     -</p>
<p>---------------------------------------------------------------</p>
<p>TB Greenville 11-02-97	12-02-97     P.Klang    empty barges</p>
<p>15/FL-1	 0600	    0800	   Lumut	5 units</p>
<p>348								 full barges</p>
<p>PT Pelni							  5 units</p>
<p>---------------------------------------------------------------</p>
<p>---------------------------------------------------------------</p>
<p>MV Marina-    08-12-97	12-02-97     Surabaya   coil</p>
<p>Lauri	   1400	    0800	   S'pore     3,000 tns</p>
<p>7,215								   -</p>
<p>PT Samudera Indonesia</p>
<p>---------------------------------------------------------------</p>
<p>Caraka Jaya-  08-02-97	12-02-97     T.Priok    g.cargo</p>
<p>N.III-3	 1300	    2400	   T.Priok    3,000 tns</p>
<p>3,257							     g.cargo</p>
<p>PT Samudera Mas Nugraha				     2,000 tns</p>
<p>---------------------------------------------------------------</p>
<p>Niaga-56	08-02-97	12-02-97     T.Priok    cement</p>
<p>2,437	   2300	    1800	   Lhokseu-   1,700 tns</p>
<p>PT Tanjung					 mawe	 g.cargo</p>
<p>								    1,200 tns</p>
<p>								    iron scrap</p>
<p>								    2,000 tns</p>
<p>---------------------------------------------------------------</p>
<p>KM Ganesa     07-02-97	15-02-97     T.Priok    g.cargo</p>
<p>2,143	   0600	    2400	   T.Priok    2,600 tns</p>
<p>PT Nagah Berlian						g.cargo</p>
<p>								    2,100 tns</p>
<p>---------------------------------------------------------------</p>
<p>Caraka Jaya-  08-02-97	12-02-97     T.Priok    container</p>
<p>N.111-9	 2300	    2200	   T.Priok    56 teus</p>
<p>3,257							     g.cargo</p>
<p>PT Bahari Haluan Samudera				   2,055 tns</p>
<p>								    container</p>
<p>								    70 teus</p>
<p>								    g.cargo</p>
<p>								    500 tns</p>
<p>---------------------------------------------------------------</p>
<p>TB Permai/TK  08-02-97	15-02-97     Labuhan-   palm kernal</p>
<p>85		1800	    1800	   Bilik	expeller</p>
<p>PT Dewi Indah Raya			     Pekanbaru  400 tns</p>
<p>								    fertiliser</p>
<p>								    800 tns</p>
<p>---------------------------------------------------------------</p>
<p>MV Floria     12-02-97	13-02-97     Lhoknga    cement</p>
<p>6,023	   1500	    1500	   T.Priok    8,000 tns</p>
<p>PT Burung Laut							-</p>
<p>---------------------------------------------------------------</p>
<p>KM Lohot	11-02-97	15-02-97     Kuala-     Palet</p>
<p>352						  Enok	 250 tns</p>
<p>PT. Lohot Bahtera				Tanjung-   g.cargo</p>
<p>						     Pinang     300 tns</p>
<p>---------------------------------------------------------------</p>
<p>MV Tomari     11-02-97	13-02-97     T.Priok    container</p>
<p>3,972	   0200	    2200	   T.Priok    202 teus</p>
<p>PT Bahari Haluan Samudera				   container</p>
<p>								    100 teus</p>
<p>---------------------------------------------------------------</p>
<p>MT.Best-111   11-02-97	12-02-97     Surabaya   palm kernal</p>
<p>1,257	   1800	    2000	   Dumai	oil</p>
<p>PT. Heladius Mulya Halim				    1,000 tns</p>
<p>									  -</p>
<p>---------------------------------------------------------------</p>
<p>---------------------------------------------------------------</p>
<p>MV Makassar-  11-02-97	12-02-97	Surabaya   container</p>
<p>Express	 0600	    0600	    S'pore     126 teus</p>
<p>7,046								   -</p>
<p>PT Pulau Laut</p>
<p>---------------------------------------------------------------</p>
<p>MT Global-    10-02-97	12-02-97	P.Sambu    marine fuel</p>
<p>Ventura	 2300	    1200	    P.Sambu    oil</p>
<p>2,335								1,500 tns</p>
<p>PT Bahtera Twadika Mandiri					-</p>
<p>---------------------------------------------------------------</p>
<p>MV Jun Liang- 06-02-97	12-02-97     S'pore	fertiliser</p>
<p>Cheng	   2100	    0800	   S'pore	4,750 tns</p>
<p>10,552								  -</p>
<p>PT Djakarta Lloyd</p>
<p>---------------------------------------------------------------</p>
<p>KM Tanto-     08-02-97	13-02-97     Surabaya    g.cargo</p>
<p>Raya-II	 1100	    2400	   Prawang     4,271 tns</p>
<p>3,823								   -</p>
<p>PT Tanto Intim Line</p>
<p>---------------------------------------------------------------</p>
<p>KM Armada-   07-02-97	 15-02-97     Gresik	fertiliser</p>
<p>Juwita	 0500	     1800	   Singkil     5,500 tns</p>
<p>3,187								  -</p>
<p>PT Selana Pacific Indonesia Line</p>
<p>---------------------------------------------------------------</p>
<p>MV Wanru	05-02-97	14-02-97     India	 soya bean</p>
<p>9,977	   2000	    1800	   S'pore	meal</p>
<p>PT Gesuri Lloyd						  12,867 tns</p>
<p>									 -</p>
<p>---------------------------------------------------------------</p>
<p>KM Tanto Raya 06-02-97	13-02-97     Surabaya    g.cargo</p>
<p>3,296	   1100	    2400	   Prawang     4,500 tns</p>
<p>PT Tanto Intim Line						-</p>
<p>---------------------------------------------------------------</p>
<p>TB.C.Jaya/    06-02-97	12-02-97     Kwala-	logs</p>
<p>Sun Lion-1    0800	    1800	   Langsa	1,300 tns</p>
<p>643						  Kwala-	  -</p>
<p>PT Citra Antar Buana			   Langsa</p>
<p>---------------------------------------------------------------</p>
<p>KM Harian-    06-02-97	15-02-97     Surabaya    g.cargo</p>
<p>Jaya	    0600	    2400	   Surabaya    4,500 tns</p>
<p>3,114								g.cargo</p>
<p>PT Nagah Berlian						 3,500 tns</p>
<p>---------------------------------------------------------------</p>
<p>KM Cipta-     05-02-97	16-02-97     Tanjung-	-</p>
<p>Karya	   0200	    1700	   Balai	 vegetables</p>
<p>171						  Penang	150 tns</p>
<p>PT Cakrawala Kirana Rintis Nusantara</p>
<p>---------------------------------------------------------------</p>
<p>---------------------------------------------------------------</p>
<p>KM Cipta-     04-02-97	12-02-97     Penang     onion</p>
<p>Niaga	   0000	    1700	   Penang     100 tns</p>
<p>195								 vegetables</p>
<p>PT Caraka Kirana Rintis Nusantara			 70 tns</p>
<p>								    g.cargo</p>
<p>								    100 tns</p>
<p>---------------------------------------------------------------</p>
<p>TB.C.Mulia-   02-02-97	17-02-97     Tapak-     logs</p>
<p>/TK.CB.2202   0500	    1800	   Tuan	 2,500 tns</p>
<p>8,252						Sei-	    -</p>
<p>PT Citra Antar Buana			   Guntung</p>
<p>---------------------------------------------------------------</p>
<p>TB.C.Mulia-   02-02-97	17-02-97     Tapak-     logs</p>
<p>/TK.CB.2202   0500	    1800	   Tuan	 2,500 tns</p>
<p>8,252						Sei Guntung   -</p>
<p>PT Citra Antar Buana</p>
<p>---------------------------------------------------------------</p>
<p>--Jakarta Newsroom +6221 384-6364</p>
</text>
<copyright>(c) Reuters Limited 1997</copyright>
<metadata>
<codes class="bip:countries:1.0">
  <code code="INDON">
    <editdetail attribution="Reuters BIP Coding Group" action="confirmed" date="1997-02-12"/>
  </code>
</codes>
<codes class="bip:industries:1.0">
  <code code="I74000">
    <editdetail attribution="Reuters BIP Coding Group" action="confirmed" date="1997-02-12"/>
  </code>
  <code code="I76300">
    <editdetail attribution="Reuters BIP Coding Group" action="confirmed" date="1997-02-12"/>
  </code>
</codes>
<codes class="bip:topics:1.0">
  <code code="C24">
    <editdetail attribution="Reuters BIP Coding Group" action="confirmed" date="1997-02-12"/>
  </code>
  <code code="CCAT">
    <editdetail attribution="Reuters BIP Coding Group" action="confirmed" date="1997-02-12"/>
  </code>
  <code code="M14">
    <editdetail attribution="Reuters BIP Coding Group" action="confirmed" date="1997-02-12"/>
  </code>
  <code code="MCAT">
    <editdetail attribution="Reuters BIP Coding Group" action="confirmed" date="1997-02-12"/>
  </code>
</codes>
<dc element="dc.publisher" value="Reuters Holdings Plc"/>
<dc element="dc.date.published" value="1997-02-12"/>
<dc element="dc.source" value="Reuters"/>
<dc element="dc.creator.location.country.name" value="INDONESIA"/>
<dc element="dc.source" value="Reuters"/>
</metadata>
</newsitem>
