<?xml version="1.0" encoding="iso-8859-1" ?>
<newsitem itemid="471946" id="root" date="1997-03-27" xml:lang="en">
<title>JAPAN: Asian oil product demand seen growing - Japan report.</title>
<headline>Asian oil product demand seen growing - Japan report.</headline>
<dateline>TOKYO 1997-03-27</dateline>
<text>
<p>Demand for oil products in Asia is expected to outpace the region's refining capacity by 2000, a report drafted by a Japanese Trade Ministry panel said on Thursday.</p>
<p>The report said growth in demand for oil products in Asia should reach at least 5.1 percent a year by 2000, more than double the 2.1 percent annual growth projected for the world as a whole.</p>
<p>Particularly strong growth is expected in such countries as Thailand, China and India, where annual growth is expected to reach 7.4 percent, 6.6 percent and 4.0 percent, respectively.</p>
<p>Demand for oil products in Asia is expected to account for 18.5 percent of total world demand in 2000, up three percentage points from 1994.</p>
<p>Demand for gasoline in Asia is likely to reach 8.2 percent a year by 2000. Demand for gas oil is forecast to reach 5.0 percent, while kerosene and jet fuel will together total 5.4 percent.</p>
<p>The report said refining capacity in Asia would not be able to fully satisfy demand by 2000.</p>
<p>Among the countries and areas included in the study were China, South Korea, Taiwan, Hong Kong, Singapore, Brunei, Indonesia, Malaysia, Philippines, Thailand, India and Vietnam.</p>
<p>-- Tokyo Energy Desk +81-3-5473-3706</p>
</text>
<copyright>(c) Reuters Limited 1997</copyright>
<metadata>
<codes class="bip:countries:1.0">
  <code code="JAP">
    <editdetail attribution="Reuters BIP Coding Group" action="confirmed" date="1997-03-27"/>
  </code>
</codes>
<codes class="bip:industries:1.0">
  <code code="I14000">
    <editdetail attribution="Reuters BIP Coding Group" action="confirmed" date="1997-03-27"/>
  </code>
</codes>
<codes class="bip:topics:1.0">
  <code code="C21">
    <editdetail attribution="Reuters BIP Coding Group" action="confirmed" date="1997-03-27"/>
  </code>
  <code code="C24">
    <editdetail attribution="Reuters BIP Coding Group" action="confirmed" date="1997-03-27"/>
  </code>
  <code code="C31">
    <editdetail attribution="Reuters BIP Coding Group" action="confirmed" date="1997-03-27"/>
  </code>
  <code code="CCAT">
    <editdetail attribution="Reuters BIP Coding Group" action="confirmed" date="1997-03-27"/>
  </code>
  <code code="M14">
    <editdetail attribution="Reuters BIP Coding Group" action="confirmed" date="1997-03-27"/>
  </code>
  <code code="M143">
    <editdetail attribution="Reuters BIP Coding Group" action="confirmed" date="1997-03-27"/>
  </code>
  <code code="MCAT">
    <editdetail attribution="Reuters BIP Coding Group" action="confirmed" date="1997-03-27"/>
  </code>
</codes>
<dc element="dc.date.created" value="1997-03-27"/>
<dc element="dc.publisher" value="Reuters Holdings Plc"/>
<dc element="dc.date.published" value="1997-03-27"/>
<dc element="dc.source" value="Reuters"/>
<dc element="dc.creator.location" value="TOKYO"/>
<dc element="dc.creator.location.country.name" value="JAPAN"/>
<dc element="dc.source" value="Reuters"/>
</metadata>
</newsitem>
