<?xml version="1.0" encoding="iso-8859-1" ?>
<newsitem itemid="338612" id="root" date="1997-01-28" xml:lang="en">
<title>UK: Hong Kong stocks in London lifted by U.S. ECI data.</title>
<headline>Hong Kong stocks in London lifted by U.S. ECI data.</headline>
<dateline>LONDON 1997-01-28</dateline>
<text>
<p>Hong Kong stocks in London moved forward on Tuesday after crucial U.S. wage inflation data came in lower than expected, traders said.</p>
<p>The Hang Seng London Reference Index was up 67.19 points at 13,403.29 by 1435 GMT, continuing an overnight rally by the Hang Seng in Hong Kong.</p>
<p>&quot;Everything's a touch better here,&quot; one trader said. &quot;I think we're going to see it (the Hang Seng) go up from here.&quot;</p>
<p>The U.S. employment cost index (ECI) was up 0.8 percent for the fourth quarter of 1996 versus expectations of 0.9 percent.</p>
<p>&quot;Everyone was sitting on their hands ahead of these figures and now they're out I think buyers will move in,&quot; the trader said.</p>
<p>After CITIC Pacific Ltd said overnight it would acquire a substantial stake in China Light &amp; Power, trading in both companies was suspended in London.</p>
<p>Traders said the announcement was good news for China Light and its share price would rally further once trading in the stock resumed.</p>
<p>-- Paul Carrel, London Newsroom +44 171 542 8958 (c) Reuters Limited 1997</p>
</text>
<copyright>(c) Reuters Limited 1997</copyright>
<metadata>
<codes class="bip:countries:1.0">
  <code code="HKONG">
    <editdetail attribution="Reuters BIP Coding Group" action="confirmed" date="1997-01-28"/>
  </code>
  <code code="UK">
    <editdetail attribution="Reuters BIP Coding Group" action="confirmed" date="1997-01-28"/>
  </code>
</codes>
<codes class="bip:topics:1.0">
  <code code="M11">
    <editdetail attribution="Reuters BIP Coding Group" action="confirmed" date="1997-01-28"/>
  </code>
  <code code="MCAT">
    <editdetail attribution="Reuters BIP Coding Group" action="confirmed" date="1997-01-28"/>
  </code>
</codes>
<dc element="dc.date.created" value="1997-01-28"/>
<dc element="dc.publisher" value="Reuters Holdings Plc"/>
<dc element="dc.date.published" value="1997-01-28"/>
<dc element="dc.source" value="Reuters"/>
<dc element="dc.creator.location" value="LONDON"/>
<dc element="dc.creator.location.country.name" value="UK"/>
<dc element="dc.source" value="Reuters"/>
</metadata>
</newsitem>
