<?xml version="1.0" encoding="iso-8859-1" ?>
<newsitem itemid="714334" id="root" date="1997-07-08" xml:lang="en">
<title>USA: Regulators hold up Bell Atlantic merger- WSJ.</title>
<headline>Regulators hold up Bell Atlantic merger- WSJ.</headline>
<dateline>NEW YORK 1997-07-08</dateline>
<text>
<p>The $23 billion merger between Bell Atlantic and NYNEX Corp is being held up by federal regulators who are pressing the companies to take steps to open their local telephone markets to competition, The Wall Street Journal said.</p>
<p>In Tuesday's electronic edition, the paper cited &quot;people in industry and government&quot; who said staff lawyers at the Federal Communications Commission had been negotiating conditions in recent days with lawyers for the companies.</p>
<p>The agency lawyers were acting with approval of FCC chairman Reed Hunt, the story said.</p>
<p>The Justice Department cleared the deal in April.</p>
</text>
<copyright>(c) Reuters Limited 1997</copyright>
<metadata>
<codes class="bip:countries:1.0">
  <code code="USA">
    <editdetail attribution="Reuters BIP Coding Group" action="confirmed" date="1997-07-08"/>
  </code>
</codes>
<codes class="bip:industries:1.0">
  <code code="I79020">
    <editdetail attribution="Reuters BIP Coding Group" action="confirmed" date="1997-07-08"/>
  </code>
</codes>
<codes class="bip:topics:1.0">
  <code code="C13">
    <editdetail attribution="Reuters BIP Coding Group" action="confirmed" date="1997-07-08"/>
  </code>
  <code code="C18">
    <editdetail attribution="Reuters BIP Coding Group" action="confirmed" date="1997-07-08"/>
  </code>
  <code code="C181">
    <editdetail attribution="Reuters BIP Coding Group" action="confirmed" date="1997-07-08"/>
  </code>
  <code code="C34">
    <editdetail attribution="Reuters BIP Coding Group" action="confirmed" date="1997-07-08"/>
  </code>
  <code code="CCAT">
    <editdetail attribution="Reuters BIP Coding Group" action="confirmed" date="1997-07-08"/>
  </code>
</codes>
<dc element="dc.date.created" value="1997-07-08"/>
<dc element="dc.publisher" value="Reuters Holdings Plc"/>
<dc element="dc.date.published" value="1997-07-08"/>
<dc element="dc.source" value="Reuters"/>
<dc element="dc.creator.location" value="NEW YORK"/>
<dc element="dc.creator.location.country.name" value="USA"/>
<dc element="dc.source" value="Reuters"/>
</metadata>
</newsitem>
