<?xml version="1.0" encoding="iso-8859-1" ?>
<newsitem itemid="657157" id="root" date="1997-06-12" xml:lang="en">
<title>INDIA: India - Forward dollar rates - June 12.</title>
<headline>India - Forward dollar rates - June 12.</headline>
<dateline>BOMBAY 1997-06-12</dateline>
<text>
<p>Bombay banks quoted the forward premia on dollar at the following rates (in paise):</p>
<p>	     Cash Spot	Cash Tom	 Tom Spot</p>
<p>----------------------------------------------------------------</p>
<p>  TIME	Bid/Ask	  Bid/Ask	 Bid/Ask</p>
<p>(in IST)</p>
<p>---------------------------------------------------------------</p>
<p>1030	 0150/0175	0025/0075     0075/0125</p>
<p>1100	 0150/0200	0050/0075     0100/0150</p>
<p>.</p>
<p>---------------------------------------------------------------</p>
<p>	  Jun    Jul    Aug   Sept    Oct    Nov    Dec    Jan</p>
<p>---------------------------------------------------------------</p>
<p>1030    3/5   12/14  25/27  40/42  56/58  71/73  86/88  100/103</p>
<p>1100    3/4   12/13  25/27  40/42  57/59  71/73  86/88  100/103</p>
<p>.</p>
<p>These indicative rates are based on contributions from ABN Amro, ANZ Grindlays, Andhra Bank, Bank of America, Banque Nationale De Paris,Barclays Bank Ltd,Canara Bank,Citibank,Credit Lyonnais, Deutsche Bank, Dresdner Bank, Global Trust Bank, HDFC Bank, Hongkong Bank, L.C.Raheja, Mashreq Bank,Nucleus Securities, Societe Generale, Standard Chartered Bank, State Bank of India - Calcutta, Syndicate Bank.</p>
<p>For contributions contact Samir Shah on 022-265 9000</p>
</text>
<copyright>(c) Reuters Limited 1997</copyright>
<metadata>
<codes class="bip:countries:1.0">
  <code code="INDIA">
    <editdetail attribution="Reuters BIP Coding Group" action="confirmed" date="1997-06-12"/>
  </code>
</codes>
<codes class="bip:topics:1.0">
  <code code="M13">
    <editdetail attribution="Reuters BIP Coding Group" action="confirmed" date="1997-06-12"/>
  </code>
  <code code="M132">
    <editdetail attribution="Reuters BIP Coding Group" action="confirmed" date="1997-06-12"/>
  </code>
  <code code="MCAT">
    <editdetail attribution="Reuters BIP Coding Group" action="confirmed" date="1997-06-12"/>
  </code>
</codes>
<dc element="dc.date.created" value="1997-06-12"/>
<dc element="dc.publisher" value="Reuters Holdings Plc"/>
<dc element="dc.date.published" value="1997-06-12"/>
<dc element="dc.source" value="Reuters"/>
<dc element="dc.creator.location" value="BOMBAY"/>
<dc element="dc.creator.location.country.name" value="INDIA"/>
<dc element="dc.source" value="Reuters"/>
</metadata>
</newsitem>
