<?xml version="1.0" encoding="iso-8859-1" ?>
<newsitem itemid="717485" id="root" date="1997-07-09" xml:lang="en">
<title>GERMANY: Thyssen down over possible capital rise.</title>
<headline>Thyssen down over possible capital rise.</headline>
<dateline>FRANKFURT 1997-07-09</dateline>
<text>
<p>Shares in Thyssen AG fell on Wednesday after the German diversified industrial group said it was studying a possible capital increase.</p>
<p>Thyssen shares fell 14.25 marks to 426.50 marks in post-bourse IBIS computer dealings after earlier reaching a new high at 447 marks. Thyssen had ended bourse trade up 6.50 marks at 442.50 marks.</p>
<p>The broader 30-share DAX index, meanwhile, ended bourse trade up 49.46 points at 4,055.86, a gain of 1.23 percent.</p>
<p>Thyssen said current shareholders would be excluded from the offer, which would be part of the company's portfolio restructuring. Thyssen is in the process of merging its steel operations with Fried. Krupp AG Hoesch-Krupp.</p>
<p>The supervisory board will consider the matter at its July 17 session, Thyssen said. No further information was available.</p>
<p>--Frankfurt Newsroom, +49 69 756525</p>
</text>
<copyright>(c) Reuters Limited 1997</copyright>
<metadata>
<codes class="bip:countries:1.0">
  <code code="GFR">
    <editdetail attribution="Reuters BIP Coding Group" action="confirmed" date="1997-07-09"/>
  </code>
</codes>
<codes class="bip:industries:1.0">
  <code code="I22100">
    <editdetail attribution="Reuters BIP Coding Group" action="confirmed" date="1997-07-09"/>
  </code>
  <code code="I83960">
    <editdetail attribution="Reuters BIP Coding Group" action="confirmed" date="1997-07-09"/>
  </code>
</codes>
<codes class="bip:topics:1.0">
  <code code="C15">
    <editdetail attribution="Reuters BIP Coding Group" action="confirmed" date="1997-07-09"/>
  </code>
  <code code="C152">
    <editdetail attribution="Reuters BIP Coding Group" action="confirmed" date="1997-07-09"/>
  </code>
  <code code="C17">
    <editdetail attribution="Reuters BIP Coding Group" action="confirmed" date="1997-07-09"/>
  </code>
  <code code="C171">
    <editdetail attribution="Reuters BIP Coding Group" action="confirmed" date="1997-07-09"/>
  </code>
  <code code="CCAT">
    <editdetail attribution="Reuters BIP Coding Group" action="confirmed" date="1997-07-09"/>
  </code>
</codes>
<dc element="dc.date.created" value="1997-07-09"/>
<dc element="dc.publisher" value="Reuters Holdings Plc"/>
<dc element="dc.date.published" value="1997-07-09"/>
<dc element="dc.source" value="Reuters"/>
<dc element="dc.creator.location" value="FRANKFURT"/>
<dc element="dc.creator.location.country.name" value="GERMANY"/>
<dc element="dc.source" value="Reuters"/>
</metadata>
</newsitem>
