<?xml version="1.0" encoding="iso-8859-1" ?>
<newsitem itemid="401423" id="root" date="1997-02-25" xml:lang="en">
<title>USA: Omaha cattle up $1.00 - USDA.</title>
<headline>Omaha cattle up $1.00 - USDA.</headline>
<dateline>OMAHA 1997-02-25</dateline>
<text>
<p>Slaughter steers and heifers traded active at $1.00 higher. - USDA</p>
<p>Slaughter Steers - Part load Choice 2-4, 1469 lbs reputation fed Blacks 68.00. Select to mostly Choice 1100-1500 lbs 66.00-67.50.</p>
<p>Slaughter Heifers - Select to mainly Choice 2-4, 1000-1250 lbs 65.50-67.50.</p>
</text>
<copyright>(c) Reuters Limited 1997</copyright>
<metadata>
<codes class="bip:countries:1.0">
  <code code="USA">
    <editdetail attribution="Reuters BIP Coding Group" action="confirmed" date="1997-02-25"/>
  </code>
</codes>
<codes class="bip:topics:1.0">
  <code code="M14">
    <editdetail attribution="Reuters BIP Coding Group" action="confirmed" date="1997-02-25"/>
  </code>
  <code code="M141">
    <editdetail attribution="Reuters BIP Coding Group" action="confirmed" date="1997-02-25"/>
  </code>
  <code code="MCAT">
    <editdetail attribution="Reuters BIP Coding Group" action="confirmed" date="1997-02-25"/>
  </code>
</codes>
<dc element="dc.date.created" value="1997-02-25"/>
<dc element="dc.publisher" value="Reuters Holdings Plc"/>
<dc element="dc.date.published" value="1997-02-25"/>
<dc element="dc.source" value="Reuters"/>
<dc element="dc.creator.location" value="OMAHA"/>
<dc element="dc.creator.location.country.name" value="USA"/>
<dc element="dc.source" value="Reuters"/>
</metadata>
</newsitem>
