<?xml version="1.0" encoding="iso-8859-1" ?>
<newsitem itemid="589275" id="root" date="1997-05-16" xml:lang="en">
<title>USA: Global Telecommunication Q1 loss widens.</title>
<headline>Global Telecommunication Q1 loss widens.</headline>
<dateline>PHILADELPHIA 1997-05-15</dateline>
<text>
<p>Global Telecommunication Solutions, Inc., and Subsidiaries</p>
<p>						     Three months ended</p>
<p>							   March 31,</p>
<p>						     1997	     1996</p>
<p>					   (Unaudited)	(Unaudited)</p>
<p> Net sales			     $  3,688,153    $  1,327,710</p>
<p> Cost of sales			    2,855,357	 1,013,556</p>
<p>    Gross profit			    832,796	   314,154</p>
<p>Total operating</p>
<p>   expenses				 2,793,059	 1,505,680</p>
<p> Operating loss			 (1,960,263)     (1,191,526)</p>
<p>    Net loss			    (2,274,915)     (1,187,771)</p>
<p>Net loss per</p>
<p>   common share				(1.23)	    (0.95)</p>
<p>Weighted average</p>
<p>shares of common</p>
<p>   stock outstanding		    1,847,786	 1,254,830</p>
</text>
<copyright>(c) Reuters Limited 1997</copyright>
<metadata>
<codes class="bip:countries:1.0">
  <code code="USA">
    <editdetail attribution="Reuters BIP Coding Group" action="confirmed" date="1997-05-16"/>
  </code>
</codes>
<codes class="bip:topics:1.0">
  <code code="C15">
    <editdetail attribution="Reuters BIP Coding Group" action="confirmed" date="1997-05-16"/>
  </code>
  <code code="C151">
    <editdetail attribution="Reuters BIP Coding Group" action="confirmed" date="1997-05-16"/>
  </code>
  <code code="CCAT">
    <editdetail attribution="Reuters BIP Coding Group" action="confirmed" date="1997-05-16"/>
  </code>
</codes>
<dc element="dc.date.created" value="1997-05-15"/>
<dc element="dc.publisher" value="Reuters Holdings Plc"/>
<dc element="dc.date.published" value="1997-05-16"/>
<dc element="dc.source" value="Reuters"/>
<dc element="dc.creator.location" value="PHILADELPHIA"/>
<dc element="dc.creator.location.country.name" value="USA"/>
<dc element="dc.source" value="Reuters"/>
</metadata>
</newsitem>
