<?xml version="1.0" encoding="iso-8859-1" ?>
<newsitem itemid="721947" id="root" date="1997-07-11" xml:lang="en">
<title>BULGARIA: Bulgaria to cut Biochim bank capital gap $15 mln.</title>
<headline>Bulgaria to cut Biochim bank capital gap $15 mln.</headline>
<dateline>SOFIA 1997-07-11</dateline>
<text>
<p>Bulgaria will reduce a $15-million capital gap in the state Biochim Bank next week as part of attempts to find a new foreign partner to manage or take a stake in the bank, Finance Minister Muravei Radev said on Friday.</p>
<p>&quot;On Monday, the government will complete the operation aimed at boosting the Biochim Bank negative capital to risk assets ratio to zero,&quot; Muravei Radev told Reuters.</p>
<p>Talks on a management contract with ABN AMRO NV, which had a &quot;twinning&quot; relationship with Biochim Bank failed earlier this week.</p>
<p>The Bank Consolidation Company, which manages state equity in commercial banks and holds some 98 percent in Biochim Bank, has sent letters to 25 potential strategic investors offering negotiations on a management contract or privatisation deal for the bank, said Radev.</p>
<p>The $15 million is now available from a $50-million stabilisation package aimed at boosting Biochim's capital to risk assets ratio and liquidity, which was launched in April.</p>
<p>Part of the scheme involved a finance ministry purchase of long-term bad loan bonds from Biochim at par value of $100. Some $20 million of bonds were bought so far.</p>
<p>Under banking standards, prescribed by the International Monetary Fund (IMF), Bulgarian commercial banks are to have six percent capital to risk assets ratio by end-1997.</p>
<p>Under pledges to the IMF, Bulgaria should seal privatisation deals or management contracts for two of its operating state-owned banks by end-September.</p>
<p>The United Bulgarian Bank privatisation is awaiting a final approval by the European Bank for Reconstruction and Development (EBRD) board on Tuesday, said Radev.</p>
<p>The EBRD will take 35 percent, Bulgaria's Bulbank will take 35 percent and the U.S. Oppenheimer &amp; Co will take the remaining 30 percent.</p>
<p>-- Roumiana Tikholova, Sofia Newsroom, 359-2-981-4145</p>
</text>
<copyright>(c) Reuters Limited 1997</copyright>
<metadata>
<codes class="bip:countries:1.0">
  <code code="BUL">
    <editdetail attribution="Reuters BIP Coding Group" action="confirmed" date="1997-07-11"/>
  </code>
</codes>
<codes class="bip:industries:1.0">
  <code code="I81402">
    <editdetail attribution="Reuters BIP Coding Group" action="confirmed" date="1997-07-11"/>
  </code>
</codes>
<codes class="bip:topics:1.0">
  <code code="C11">
    <editdetail attribution="Reuters BIP Coding Group" action="confirmed" date="1997-07-11"/>
  </code>
  <code code="C17">
    <editdetail attribution="Reuters BIP Coding Group" action="confirmed" date="1997-07-11"/>
  </code>
  <code code="C18">
    <editdetail attribution="Reuters BIP Coding Group" action="confirmed" date="1997-07-11"/>
  </code>
  <code code="C181">
    <editdetail attribution="Reuters BIP Coding Group" action="confirmed" date="1997-07-11"/>
  </code>
  <code code="CCAT">
    <editdetail attribution="Reuters BIP Coding Group" action="confirmed" date="1997-07-11"/>
  </code>
  <code code="E21">
    <editdetail attribution="Reuters BIP Coding Group" action="confirmed" date="1997-07-11"/>
  </code>
  <code code="ECAT">
    <editdetail attribution="Reuters BIP Coding Group" action="confirmed" date="1997-07-11"/>
  </code>
</codes>
<dc element="dc.date.created" value="1997-07-11"/>
<dc element="dc.publisher" value="Reuters Holdings Plc"/>
<dc element="dc.date.published" value="1997-07-11"/>
<dc element="dc.source" value="Reuters"/>
<dc element="dc.creator.location" value="SOFIA"/>
<dc element="dc.creator.location.country.name" value="BULGARIA"/>
<dc element="dc.source" value="Reuters"/>
</metadata>
</newsitem>
