<?xml version="1.0" encoding="iso-8859-1" ?>
<newsitem itemid="741034" id="root" date="1997-07-19" xml:lang="en">
<title>SENEGAL: France Telecom to get Senegal Telecom stake-paper.</title>
<headline>France Telecom to get Senegal Telecom stake-paper.</headline>
<dateline>DAKAR 1997-07-19</dateline>
<text>
<p>Senegal will sell one third of state telecommunications company SONATEL to France Cables Radio, a subsidiary of France Telecom, on Monday, Senegal's official Le Soleil daily reported on Saturday.</p>
<p>&quot;A 33.33 percent stake plus one share will be given to France Cables Radio,&quot; the paper said, quoting unamed sources at the Ministry of Economy and Finance.</p>
<p>The agreement will be signed on Monday in Dakar with the new partner, which is a 100-percent-owned subsidiary of France Telecom, the paper said.</p>
<p>The state will keep a stake of around a third, 10 percent will go to SONATEL staff and five percent to an unnamed African partner, Le Soleil said. The remaining shares could be sold to other institutions and the public.</p>
<p>France Telecom started talks for the purchase of a one-third stake in SONATEL after the cancellation on April 16 by Senegal of a provisional deal worth 70 billion CFA francs ($116 million) with a consortium led by Swedish company Telia  TELI.CN Overseas.</p>
<p>The Swedish consortium wanted a seven-year concession which would have lasted only until the proposed end of SONATEL'S monopoly over the fixed-line network.</p>
<p>Le Soleil said France Cables Radio had put on the table an offer &quot;not far from the 70 billion CFA francs which Telia had proposed&quot;.</p>
<p>During the original round of bidding, France Telecom had made the second best offer of 65 billion CFA francs. ($ = 605 CFA francs)</p>
</text>
<copyright>(c) Reuters Limited 1997</copyright>
<metadata>
<codes class="bip:countries:1.0">
  <code code="FRA">
    <editdetail attribution="Reuters BIP Coding Group" action="confirmed" date="1997-07-19"/>
  </code>
  <code code="SENEG">
    <editdetail attribution="Reuters BIP Coding Group" action="confirmed" date="1997-07-19"/>
  </code>
</codes>
<codes class="bip:industries:1.0">
  <code code="I79020">
    <editdetail attribution="Reuters BIP Coding Group" action="confirmed" date="1997-07-19"/>
  </code>
</codes>
<codes class="bip:topics:1.0">
  <code code="C18">
    <editdetail attribution="Reuters BIP Coding Group" action="confirmed" date="1997-07-19"/>
  </code>
  <code code="C181">
    <editdetail attribution="Reuters BIP Coding Group" action="confirmed" date="1997-07-19"/>
  </code>
  <code code="C183">
    <editdetail attribution="Reuters BIP Coding Group" action="confirmed" date="1997-07-19"/>
  </code>
  <code code="CCAT">
    <editdetail attribution="Reuters BIP Coding Group" action="confirmed" date="1997-07-19"/>
  </code>
</codes>
<dc element="dc.date.created" value="1997-07-19"/>
<dc element="dc.publisher" value="Reuters Holdings Plc"/>
<dc element="dc.date.published" value="1997-07-19"/>
<dc element="dc.source" value="Reuters"/>
<dc element="dc.creator.location" value="DAKAR"/>
<dc element="dc.creator.location.country.name" value="SENEGAL"/>
<dc element="dc.source" value="Reuters"/>
</metadata>
</newsitem>
