<?xml version="1.0" encoding="iso-8859-1" ?>
<newsitem itemid="382677" id="root" date="1997-02-17" xml:lang="en">
<title>EGYPT: Arafat and Egyptian president hold talks.</title>
<headline>Arafat and Egyptian president hold talks.</headline>
<dateline>CAIRO 1997-02-17</dateline>
<text>
<p>Palestinian President Yasser Arafat held talks with President Hosni Mubarak on Monday as controversy raged in Israel over plans for a Jewish neighbourhood in Arab East Jerusalem.</p>
<p>There were no immediate details of their talks at the Ittihadia palace in Cairo. But Arafat, who arrived in the Egyptian capital earlier on Monday, regularly consults with Mubarak on his peace negotiations with Israel.</p>
<p>Israeli Prime Minister Benjamin Netanyahu vowed on Monday to strengthen Israel's hold over all of Jerusalem, saying he would decide within days whether to build a new Jewish neighbourhood in the Arab east of the city.</p>
<p>The Palestinians say that Arab East Jerusalem is the capital of their future state while Israel argues that the whole city is its undivided capital.</p>
<p>Israeli officials in Jerusalem had drafted plans to build apartment blocks in Har Homa but opposition members said building on the site would reignite Arab-Israeli violence.</p>
<p>Both Egypt and Arafat have slammed Netanyahu's settlement expansion pllicy, saying it is the biggest obstacle to peace.</p>
</text>
<copyright>(c) Reuters Limited 1997</copyright>
<metadata>
<codes class="bip:countries:1.0">
  <code code="EGYPT">
    <editdetail attribution="Reuters BIP Coding Group" action="confirmed" date="1997-02-17"/>
  </code>
  <code code="ISRAEL">
    <editdetail attribution="Reuters BIP Coding Group" action="confirmed" date="1997-02-17"/>
  </code>
</codes>
<codes class="bip:topics:1.0">
  <code code="GCAT">
    <editdetail attribution="Reuters BIP Coding Group" action="confirmed" date="1997-02-17"/>
  </code>
  <code code="GDIP">
    <editdetail attribution="Reuters BIP Coding Group" action="confirmed" date="1997-02-17"/>
  </code>
  <code code="GPOL">
    <editdetail attribution="Reuters BIP Coding Group" action="confirmed" date="1997-02-17"/>
  </code>
</codes>
<dc element="dc.date.created" value="1997-02-17"/>
<dc element="dc.publisher" value="Reuters Holdings Plc"/>
<dc element="dc.date.published" value="1997-02-17"/>
<dc element="dc.source" value="Reuters"/>
<dc element="dc.creator.location" value="CAIRO"/>
<dc element="dc.creator.location.country.name" value="EGYPT"/>
<dc element="dc.source" value="Reuters"/>
</metadata>
</newsitem>
