<?xml version="1.0" encoding="iso-8859-1" ?>
<newsitem itemid="453654" id="root" date="1997-03-19" xml:lang="en">
<title>PAKISTAN: Pakistani rupee closing rates in kerb market.</title>
<headline>Pakistani rupee closing rates in kerb market.</headline>
<dateline>KARACHI, Pakistan 1997-03-19</dateline>
<text>
<p>Wednesday's spot rupee rates in kerb market from Khanani &amp; Kalia Int'l (Pvt) Ltd:</p>
<p>				buying rate	 selling rate</p>
<p>    U.S. dollar	   41.08		 41.13</p>
<p>    Pound sterling	65.35		 65.45</p>
<p>    Deutsche mark	 24.30		 24.35</p>
<p>    Japanese yen	   0.334		 0.336</p>
<p>    Saudi riyal	   10.96		 10.98</p>
<p>    UAE dirham	    11.19		 11.21</p>
<p>    Indian rupee	   1.08		  1.10</p>
<p>    F.E.B.C.		 2.45 pct	    2.65 pct</p>
</text>
<copyright>(c) Reuters Limited 1997</copyright>
<metadata>
<codes class="bip:countries:1.0">
  <code code="PAKIS">
    <editdetail attribution="Reuters BIP Coding Group" action="confirmed" date="1997-03-19"/>
  </code>
</codes>
<codes class="bip:topics:1.0">
  <code code="M13">
    <editdetail attribution="Reuters BIP Coding Group" action="confirmed" date="1997-03-19"/>
  </code>
  <code code="M132">
    <editdetail attribution="Reuters BIP Coding Group" action="confirmed" date="1997-03-19"/>
  </code>
  <code code="MCAT">
    <editdetail attribution="Reuters BIP Coding Group" action="confirmed" date="1997-03-19"/>
  </code>
</codes>
<dc element="dc.date.created" value="1997-03-19"/>
<dc element="dc.publisher" value="Reuters Holdings Plc"/>
<dc element="dc.date.published" value="1997-03-19"/>
<dc element="dc.source" value="Reuters"/>
<dc element="dc.creator.location" value="KARACHI, Pakistan"/>
<dc element="dc.creator.location.country.name" value="PAKISTAN"/>
<dc element="dc.source" value="Reuters"/>
</metadata>
</newsitem>
