<?xml version="1.0" encoding="iso-8859-1" ?>
<newsitem itemid="103857" id="root" date="1996-10-08" xml:lang="en">
<title>AUSTRALIA: RTRS-Rock Building Society plans buyback.</title>
<headline>RTRS-Rock Building Society plans buyback.</headline>
<dateline>SYDNEY 1996-10-08</dateline>
<text>
<p>The Rock Building Society said on Tuesday it would seek shareholder approval to buy back up to 10 percent of its shares currently on issue.</p>
<p>&quot;Directors believe that the buy-back strategy will provide the Society with an opportunity to increase shareholder value in the medium term,&quot; chairman of directors Robert South told the annual meeting.</p>
<p>Directors would determine the timing, pricing and number of shares to be acquired under the buy-back strategy, taking into account the current share price and market conditions.  </p>
<p>The maximum number of Rock shares the society may acquire under the buy-back scheme is 1,723,321.</p>
<p>Rock Building Society shares were one cent firmer at A$2.56 at 11.40 a.m. (0140 GMT).</p>
<p>-- Sydney Newsroom 61-2 9373-1800</p>
</text>
<copyright>(c) Reuters Limited 1996</copyright>
<metadata>
<codes class="bip:countries:1.0">
  <code code="AUSTR">
    <editdetail attribution="Reuters BIP Coding Group" action="confirmed" date="1996-10-08"/>
  </code>
</codes>
<codes class="bip:industries:1.0">
  <code code="I81501">
    <editdetail attribution="Reuters BIP Coding Group" action="confirmed" date="1996-10-08"/>
  </code>
  <code code="I8150103">
    <editdetail attribution="Reuters BIP Coding Group" action="confirmed" date="1996-10-08"/>
  </code>
</codes>
<codes class="bip:topics:1.0">
  <code code="C17">
    <editdetail attribution="Reuters BIP Coding Group" action="confirmed" date="1996-10-08"/>
  </code>
  <code code="C171">
    <editdetail attribution="Reuters BIP Coding Group" action="confirmed" date="1996-10-08"/>
  </code>
  <code code="C18">
    <editdetail attribution="Reuters BIP Coding Group" action="confirmed" date="1996-10-08"/>
  </code>
  <code code="C181">
    <editdetail attribution="Reuters BIP Coding Group" action="confirmed" date="1996-10-08"/>
  </code>
  <code code="CCAT">
    <editdetail attribution="Reuters BIP Coding Group" action="confirmed" date="1996-10-08"/>
  </code>
</codes>
<dc element="dc.date.created" value="1996-10-08"/>
<dc element="dc.publisher" value="Reuters Holdings Plc"/>
<dc element="dc.date.published" value="1996-10-08"/>
<dc element="dc.source" value="Reuters"/>
<dc element="dc.creator.location" value="SYDNEY"/>
<dc element="dc.creator.location.country.name" value="AUSTRALIA"/>
<dc element="dc.source" value="Reuters"/>
</metadata>
</newsitem>
