<?xml version="1.0" encoding="iso-8859-1" ?>
<newsitem itemid="703865" id="root" date="1997-07-02" xml:lang="en">
<title>GERMANY: German insolvencies fall slightly in April.</title>
<headline>German insolvencies fall slightly in April.</headline>
<dateline>WIESBADEN, Germany 1997-07-02</dateline>
<text>
<p>The Federal Statistics Office reported the following economic indicator:</p>
<p> PAN-GERMAN INSOLVENCIES    April 97	  Jan-April 97</p>
<p> Total insolvencies		2,730		  10,634</p>
<p> Pct change yr/yr		   -0.3		    +3.3</p>
<p> Company insolvencies	    2,234		   8,671</p>
<p> Pct change yr/yr		   +2.2		    +4.8</p>
<p>W.GERMAN INSOLVENCIES</p>
<p> Total insolvencies		1,942		   7,807</p>
<p> Pct change yr/yr		   -3.3		    +3.0</p>
<p> Company insolvencies	    1,558		   6,200</p>
<p> Pct change yr/yr		   -0.3		    +5.0</p>
<p>E.GERMAN INSOLVENCIES</p>
<p> Total insolvencies		  788		   2,827</p>
<p> Pct change yr/yr		   +8.1		    +4.3</p>
<p> Company insolvencies		676		   2,471</p>
<p> Pct change yr/yr		   +8.5		    +4.3</p>
<p>-- Bonn newsroom, 49-228-26097150</p>
</text>
<copyright>(c) Reuters Limited 1997</copyright>
<metadata>
<codes class="bip:countries:1.0">
  <code code="GFR">
    <editdetail attribution="Reuters BIP Coding Group" action="confirmed" date="1997-07-02"/>
  </code>
</codes>
<codes class="bip:topics:1.0">
  <code code="C16">
    <editdetail attribution="Reuters BIP Coding Group" action="confirmed" date="1997-07-02"/>
  </code>
  <code code="CCAT">
    <editdetail attribution="Reuters BIP Coding Group" action="confirmed" date="1997-07-02"/>
  </code>
  <code code="E11">
    <editdetail attribution="Reuters BIP Coding Group" action="confirmed" date="1997-07-02"/>
  </code>
  <code code="ECAT">
    <editdetail attribution="Reuters BIP Coding Group" action="confirmed" date="1997-07-02"/>
  </code>
</codes>
<dc element="dc.date.created" value="1997-07-02"/>
<dc element="dc.publisher" value="Reuters Holdings Plc"/>
<dc element="dc.date.published" value="1997-07-02"/>
<dc element="dc.source" value="Reuters"/>
<dc element="dc.creator.location" value="WIESBADEN, Germany"/>
<dc element="dc.creator.location.country.name" value="GERMANY"/>
<dc element="dc.source" value="Reuters"/>
</metadata>
</newsitem>
