<?xml version="1.0" encoding="iso-8859-1" ?>
<newsitem itemid="806408" id="root" date="1997-08-18" xml:lang="en">
<title>USA: RESEARCH ALERT-Perrigo raised to strong buy.</title>
<headline>RESEARCH ALERT-Perrigo raised to strong buy.</headline>
<dateline>NEW YORK 1997-08-18</dateline>
<text>
<p>Gruntal &amp; Co said Monday it raised its rating on the shares of over-the-counter health-care products maker Perrigo Co to strong buy from buy, with a one-year price target of $18 a share.</p>
<p>-- Analyst Adam Green said he raised his fiscal year 1998 estimate to $0.70 per share from $0.67 per share, and introduced a fiscal year 1999 estimate of $0.90 a share.</p>
<p>-- The company is well positioned to benefit from the large number of drugs that are currently switching to the over-the-counter market from the prescription market, Green said.</p>
<p>-- Green noted that there is a rising trend towards self-medication, thereby boosting the demand for lower priced over-the-counter drugs. Further, he noted that Perrigo has a 66 percent share of the generic store brand market.</p>
<p>-- Shares of Perrigo rose 1/8 to 13-1/4 in early trade.</p>
<p>((Wall Street Desk, 212-859-1730))</p>
</text>
<copyright>(c) Reuters Limited 1997</copyright>
<metadata>
<codes class="bip:countries:1.0">
  <code code="USA">
    <editdetail attribution="Reuters BIP Coding Group" action="confirmed" date="1997-08-18"/>
  </code>
</codes>
<codes class="bip:industries:1.0">
  <code code="I25700">
    <editdetail attribution="Reuters BIP Coding Group" action="confirmed" date="1997-08-18"/>
  </code>
</codes>
<codes class="bip:topics:1.0">
  <code code="C15">
    <editdetail attribution="Reuters BIP Coding Group" action="confirmed" date="1997-08-18"/>
  </code>
  <code code="C152">
    <editdetail attribution="Reuters BIP Coding Group" action="confirmed" date="1997-08-18"/>
  </code>
  <code code="CCAT">
    <editdetail attribution="Reuters BIP Coding Group" action="confirmed" date="1997-08-18"/>
  </code>
</codes>
<dc element="dc.date.created" value="1997-08-18"/>
<dc element="dc.publisher" value="Reuters Holdings Plc"/>
<dc element="dc.date.published" value="1997-08-18"/>
<dc element="dc.source" value="Reuters"/>
<dc element="dc.creator.location" value="NEW YORK"/>
<dc element="dc.creator.location.country.name" value="USA"/>
<dc element="dc.source" value="Reuters"/>
</metadata>
</newsitem>
