<?xml version="1.0" encoding="iso-8859-1" ?>
<newsitem itemid="275041" id="root" date="1996-12-24" xml:lang="en">
<title>USA: Therapeutic stake raised by Farallon group.</title>
<headline>Therapeutic stake raised by Farallon group.</headline>
<dateline>WASHINGTON 1996-12-23</dateline>
<text>
<p>A group led by Farallon Capital Management LLC on Monday said it raised its stake in Therapeutic Discovery Corp to 869,600 common shares, or 11.2 percent.</p>
<p>In a filing with the U.S. Securities and Exchange Commission, the group said it bought 77,500 common shares between October 22 and December 16 at prices ranging from $9.75 to $10.625 a share.</p>
</text>
<copyright>(c) Reuters Limited 1996</copyright>
<metadata>
<codes class="bip:countries:1.0">
  <code code="USA">
    <editdetail attribution="Reuters BIP Coding Group" action="confirmed" date="1996-12-24"/>
  </code>
</codes>
<codes class="bip:industries:1.0">
  <code code="I37200">
    <editdetail attribution="Reuters BIP Coding Group" action="confirmed" date="1996-12-24"/>
  </code>
  <code code="I83100">
    <editdetail attribution="Reuters BIP Coding Group" action="confirmed" date="1996-12-24"/>
  </code>
</codes>
<codes class="bip:topics:1.0">
  <code code="C18">
    <editdetail attribution="Reuters BIP Coding Group" action="confirmed" date="1996-12-24"/>
  </code>
  <code code="C181">
    <editdetail attribution="Reuters BIP Coding Group" action="confirmed" date="1996-12-24"/>
  </code>
  <code code="CCAT">
    <editdetail attribution="Reuters BIP Coding Group" action="confirmed" date="1996-12-24"/>
  </code>
</codes>
<dc element="dc.date.created" value="1996-12-23"/>
<dc element="dc.publisher" value="Reuters Holdings Plc"/>
<dc element="dc.date.published" value="1996-12-24"/>
<dc element="dc.source" value="Reuters"/>
<dc element="dc.creator.location" value="WASHINGTON"/>
<dc element="dc.creator.location.country.name" value="USA"/>
<dc element="dc.source" value="Reuters"/>
</metadata>
</newsitem>
