<?xml version="1.0" encoding="iso-8859-1" ?>
<newsitem itemid="298637" id="root" date="1997-01-10" xml:lang="en">
<title>POLAND: POLISH BANKS BID FOR PLN 152 MLN OF NBP-BILLS.</title>
<headline>POLISH BANKS BID FOR PLN 152 MLN OF NBP-BILLS.</headline>
<dateline>WARSAW 1997-01-10</dateline>
<text>
<p>Banks bid for 72 million zlotys of 91-day National Bank of Poland's NBP-bills and for 80 million zlotys of 182-day NBP-bills against the central bank's 200 million zloty offer, the bank said.</p>
<p>Results of the auction should be available at about 1300 local time.</p>
<p>-- Warsaw Newsroom +48 22 653 9700</p>
</text>
<copyright>(c) Reuters Limited 1997</copyright>
<metadata>
<codes class="bip:countries:1.0">
  <code code="POL">
    <editdetail attribution="Reuters BIP Coding Group" action="confirmed" date="1997-01-10"/>
  </code>
</codes>
<codes class="bip:topics:1.0">
  <code code="M13">
    <editdetail attribution="Reuters BIP Coding Group" action="confirmed" date="1997-01-10"/>
  </code>
  <code code="M131">
    <editdetail attribution="Reuters BIP Coding Group" action="confirmed" date="1997-01-10"/>
  </code>
  <code code="MCAT">
    <editdetail attribution="Reuters BIP Coding Group" action="confirmed" date="1997-01-10"/>
  </code>
</codes>
<dc element="dc.date.created" value="1997-01-10"/>
<dc element="dc.publisher" value="Reuters Holdings Plc"/>
<dc element="dc.date.published" value="1997-01-10"/>
<dc element="dc.source" value="Reuters"/>
<dc element="dc.creator.location" value="WARSAW"/>
<dc element="dc.creator.location.country.name" value="POLAND"/>
<dc element="dc.source" value="Reuters"/>
</metadata>
</newsitem>
