<?xml version="1.0" encoding="iso-8859-1" ?>
<newsitem itemid="184183" id="root" date="1996-11-12" xml:lang="en">
<title>NEW ZEALAND: Peters says widening NZ inflation band inevitable.</title>
<headline>Peters says widening NZ inflation band inevitable.</headline>
<dateline>WELLINGTON 1996-11-12</dateline>
<text>
<p>New Zealand First leader Winston Peters said on Tuesday there was a &quot;certain inevitability&quot; about widening the Reserve Bank of New Zealand's zero to two percent target band for underlying inflation.</p>
<p>&quot;I think there is a certain inevitability, yes,&quot; Peters told a news conference.</p>
<p>He said other prescriptions, such as a zero to three percent target band or the minus one to three proposed by the Labour Party, would also fail. In contrast, NZ First had long argued for a rate below the average of New Zealand's trading partners, which would give greater flexibility, with competitiveness.  </p>
<p>Nationalist New Zealand First holds the balance of power after an inconclusive general election last month and is negotiating to form a coalition with either the caretaker National Party conservative government or centre-left Labour.</p>
<p>-- Wellington newsroom 64 4 4734 746</p>
</text>
<copyright>(c) Reuters Limited 1996</copyright>
<metadata>
<codes class="bip:countries:1.0">
  <code code="NZ">
    <editdetail attribution="Reuters BIP Coding Group" action="confirmed" date="1996-11-12"/>
  </code>
</codes>
<codes class="bip:topics:1.0">
  <code code="E12">
    <editdetail attribution="Reuters BIP Coding Group" action="confirmed" date="1996-11-12"/>
  </code>
  <code code="E13">
    <editdetail attribution="Reuters BIP Coding Group" action="confirmed" date="1996-11-12"/>
  </code>
  <code code="E131">
    <editdetail attribution="Reuters BIP Coding Group" action="confirmed" date="1996-11-12"/>
  </code>
  <code code="ECAT">
    <editdetail attribution="Reuters BIP Coding Group" action="confirmed" date="1996-11-12"/>
  </code>
</codes>
<dc element="dc.date.created" value="1996-11-12"/>
<dc element="dc.publisher" value="Reuters Holdings Plc"/>
<dc element="dc.date.published" value="1996-11-12"/>
<dc element="dc.source" value="Reuters"/>
<dc element="dc.creator.location" value="WELLINGTON"/>
<dc element="dc.creator.location.country.name" value="NEW ZEALAND"/>
<dc element="dc.source" value="Reuters"/>
</metadata>
</newsitem>
