<?xml version="1.0" encoding="iso-8859-1" ?>
<newsitem itemid="626045" id="root" date="1997-05-30" xml:lang="en">
<title>UK: Soymeal soars on UK meals and feeds market.</title>
<headline>Soymeal soars on UK meals and feeds market.</headline>
<dateline>LONDON 1997-05-30</dateline>
<text>
<p>Soaring high protein soymeal prices frightened most buyers away on the UK meals and feeds market on Friday,</p>
<p>&quot;Buyers don't want to know at these levels,&quot; said one broker.</p>
<p>Ex-mill high protein soymeal rose by as much as eight stg a tonne following the sharply higher close in Chicago.</p>
<p>Ex-store prices were up to seven stg up.</p>
<p>Rapemeal was unchanged for new crop while northern mills were one stg one for old crop.</p>
<p>The remainder of the market was unchanged.</p>
<p>--Jim Ballantyne, London Newsroom, +44 171 542 8062</p>
</text>
<copyright>(c) Reuters Limited 1997</copyright>
<metadata>
<codes class="bip:countries:1.0">
  <code code="UK">
    <editdetail attribution="Reuters BIP Coding Group" action="confirmed" date="1997-05-30"/>
  </code>
</codes>
<codes class="bip:topics:1.0">
  <code code="M14">
    <editdetail attribution="Reuters BIP Coding Group" action="confirmed" date="1997-05-30"/>
  </code>
  <code code="M141">
    <editdetail attribution="Reuters BIP Coding Group" action="confirmed" date="1997-05-30"/>
  </code>
  <code code="MCAT">
    <editdetail attribution="Reuters BIP Coding Group" action="confirmed" date="1997-05-30"/>
  </code>
</codes>
<dc element="dc.date.created" value="1997-05-30"/>
<dc element="dc.publisher" value="Reuters Holdings Plc"/>
<dc element="dc.date.published" value="1997-05-30"/>
<dc element="dc.source" value="Reuters"/>
<dc element="dc.creator.location" value="LONDON"/>
<dc element="dc.creator.location.country.name" value="UK"/>
<dc element="dc.source" value="Reuters"/>
</metadata>
</newsitem>
