<?xml version="1.0" encoding="iso-8859-1" ?>
<newsitem itemid="33105" id="root" date="1996-09-04" xml:lang="en">
<title>USA: Rubbermaid Q3 EPS seen like year-ago's.</title>
<headline>Rubbermaid Q3 EPS seen like year-ago's.</headline>
<dateline>WOOSTER, Ohio 1996-09-04</dateline>
<text>
<p>Rubbermaid Inc said on Wednesday it expected its third-quarter net sales and earnings per share to be comparable with the level of a year ago.</p>
<p>In the year-ago period, Rubbermaid earned $0.32 per share, or $50.3 million on net sales of $641.5 million.</p>
<p>Continued category softness in the sales of large, outdoor juvenile products will offset volume gains in other parts of the company. Expected profitability improvements from higher productivity will be offset by the lower volume and by recent rapid increases in plastic resin material costs.</p>
<p>&quot;Our two-year realignment program is on track with its targeted improvements,&quot; said chairman and chief executive Wolfgang Schmitt.</p>
<p>&quot;Despite significant gains in lowering our cost structure, higher costs for resin and lower-than-expected unit volume will prevent us from continuing to attain the growth in profitability we had been expecting this year.&quot;</p>
<p>-- New York newsroom, (212) 859-1610</p>
</text>
<copyright>(c) Reuters Limited 1996</copyright>
<metadata>
<codes class="bip:countries:1.0">
  <code code="USA">
    <editdetail attribution="Reuters BIP Coding Group" action="confirmed" date="1996-09-04"/>
  </code>
</codes>
<codes class="bip:industries:1.0">
  <code code="I48000">
    <editdetail attribution="Reuters BIP Coding Group" action="confirmed" date="1996-09-04"/>
  </code>
</codes>
<codes class="bip:topics:1.0">
  <code code="C15">
    <editdetail attribution="Reuters BIP Coding Group" action="confirmed" date="1996-09-04"/>
  </code>
  <code code="C152">
    <editdetail attribution="Reuters BIP Coding Group" action="confirmed" date="1996-09-04"/>
  </code>
  <code code="CCAT">
    <editdetail attribution="Reuters BIP Coding Group" action="confirmed" date="1996-09-04"/>
  </code>
</codes>
<dc element="dc.date.created" value="1996-09-04"/>
<dc element="dc.publisher" value="Reuters Holdings Plc"/>
<dc element="dc.date.published" value="1996-09-04"/>
<dc element="dc.source" value="Reuters"/>
<dc element="dc.creator.location" value="WOOSTER, Ohio"/>
<dc element="dc.creator.location.country.name" value="USA"/>
<dc element="dc.source" value="Reuters"/>
</metadata>
</newsitem>
