<?xml version="1.0" encoding="iso-8859-1" ?>
<newsitem itemid="584845" id="root" date="1997-05-14" xml:lang="en">
<title>JAPAN: Japan average rates on time deposits.</title>
<headline>Japan average rates on time deposits.</headline>
<dateline>TOKYO 1997-05-14</dateline>
<text>
<p>Average rates on time deposits of more than 10 million yen in the week to May 7 as released by the Bank of Japan on Wednesday:</p>
<p>    one mth	0.34 (0.34)	 one year     0.37 (0.37)</p>
<p>    three mths   0.34 (0.34)	 two years    0.50 (0.47)</p>
<p>    six mths     0.35 (0.35)	 three years  0.94 (0.92)</p>
<p>Average rates on time deposits of three to 10 million yen:</p>
<p>    one mth	0.30 (0.30)	 one year     0.32 (0.32)</p>
<p>    three mths   0.30 (0.30)	 two years    0.45 (0.42)</p>
<p>    six mths     0.30 (0.30)	 three years  0.89 (0.87)</p>
<p>Average rates on time deposits of less than three million</p>
<p>yen:</p>
<p>    one mth	0.25 (0.25)	 one year     0.27 (0.27)</p>
<p>    three mths   0.25 (0.25)	 two years    0.40 (0.36)</p>
<p>    six mths     0.25 (0.25)	 three years  0.84 (0.82)</p>
<p>Average rates on certificates of deposit, May 6 - May 9:</p>
<p>    less than 30 days  0.55 (0.56)   120-150 days  0.58 (0.57)</p>
<p>    30-60 days	   0.55 (0.54)   150-180 days  0.52 (0.57)</p>
<p>    60-90 days	   0.56 (0.55)   180-360 days  0.54 (0.57)</p>
<p>    90-120 days	  0.57 (0.56)   over 360 days 0.75 (0.68)</p>
</text>
<copyright>(c) Reuters Limited 1997</copyright>
<metadata>
<codes class="bip:countries:1.0">
  <code code="JAP">
    <editdetail attribution="Reuters BIP Coding Group" action="confirmed" date="1997-05-14"/>
  </code>
</codes>
<codes class="bip:topics:1.0">
  <code code="M13">
    <editdetail attribution="Reuters BIP Coding Group" action="confirmed" date="1997-05-14"/>
  </code>
  <code code="M131">
    <editdetail attribution="Reuters BIP Coding Group" action="confirmed" date="1997-05-14"/>
  </code>
  <code code="MCAT">
    <editdetail attribution="Reuters BIP Coding Group" action="confirmed" date="1997-05-14"/>
  </code>
</codes>
<dc element="dc.date.created" value="1997-05-14"/>
<dc element="dc.publisher" value="Reuters Holdings Plc"/>
<dc element="dc.date.published" value="1997-05-14"/>
<dc element="dc.source" value="Reuters"/>
<dc element="dc.creator.location" value="TOKYO"/>
<dc element="dc.creator.location.country.name" value="JAPAN"/>
<dc element="dc.source" value="Reuters"/>
</metadata>
</newsitem>
