<?xml version="1.0" encoding="iso-8859-1" ?>
<newsitem itemid="23662" id="root" date="1996-08-30" xml:lang="en">
<title>USA: AMEX closing averages.</title>
<headline>AMEX closing averages.</headline>
<dateline>NEW YORK 1996-08-30</dateline>
<text>
<p>Prices on the American Stock Exchange closed lower Friday in light trading.</p>
<p>The Amex index closed at 559.68, off 1.66.</p>
<p>Losers beat gainers 276 to 210.</p>
<p>The average price per share fell $0.04.</p>
<p>Preliminary volume was 13,629,670, compared with 15,451,300 Thursday.</p>
<p>	     (Prices official as of 1645 EDT/2045 GMT)</p>
</text>
<copyright>(c) Reuters Limited 1996</copyright>
<metadata>
<codes class="bip:countries:1.0">
  <code code="USA">
    <editdetail attribution="Reuters BIP Coding Group" action="confirmed" date="1996-08-30"/>
  </code>
</codes>
<codes class="bip:topics:1.0">
  <code code="M11">
    <editdetail attribution="Reuters BIP Coding Group" action="confirmed" date="1996-08-30"/>
  </code>
  <code code="MCAT">
    <editdetail attribution="Reuters BIP Coding Group" action="confirmed" date="1996-08-30"/>
  </code>
</codes>
<dc element="dc.date.created" value="1996-08-30"/>
<dc element="dc.publisher" value="Reuters Holdings Plc"/>
<dc element="dc.date.published" value="1996-08-30"/>
<dc element="dc.source" value="Reuters"/>
<dc element="dc.creator.location" value="NEW YORK"/>
<dc element="dc.creator.location.country.name" value="USA"/>
<dc element="dc.source" value="Reuters"/>
</metadata>
</newsitem>
