<?xml version="1.0" encoding="iso-8859-1" ?>
<newsitem itemid="638438" id="root" date="1997-06-04" xml:lang="en">
<title>AUSTRALIA: RTRS-Costello says no wage level danger in GDP.</title>
<headline>RTRS-Costello says no wage level danger in GDP.</headline>
<dateline>CANBERRA 1997-06-04</dateline>
<text>
<p>Australian Treasurer Peter Costello said on Wednesday that March quarter economic growth data did not show that wages had risen into a danger zone for policy makers.  </p>
<p>Costello told reporters the wages figures in the national accounts released on Wednesday were consistent with other recent wages data.</p>
<p>&quot;What they show is that movements in wages are probably overall a little above four percent,&quot; he said.</p>
<p>&quot;But I don't read from them that we've crossed into the particular danger zone yet,&quot; he said.  </p>
<p>The Reserve Bank, which aims to keep underlying inflation between two and three percent over the course of an economic cycle, has said it would be concerned if annual wages growth exceeded 4.5 percent, a level at which economists expect it to act by raising interest rates.</p>
<p>Citing the growth and inflation outlook, the central bank surprised financial markets and the business community on May 23 when it cut the official cash rate by 50 basis points to 5.5 percent on May 23, the fourth cut since mid-1996.</p>
<p>-- Sydney Newsroom 61-2 9373-1800</p>
</text>
<copyright>(c) Reuters Limited 1997</copyright>
<metadata>
<codes class="bip:countries:1.0">
  <code code="AUSTR">
    <editdetail attribution="Reuters BIP Coding Group" action="confirmed" date="1997-06-04"/>
  </code>
</codes>
<codes class="bip:topics:1.0">
  <code code="C42">
    <editdetail attribution="Reuters BIP Coding Group" action="confirmed" date="1997-06-04"/>
  </code>
  <code code="CCAT">
    <editdetail attribution="Reuters BIP Coding Group" action="confirmed" date="1997-06-04"/>
  </code>
  <code code="E11">
    <editdetail attribution="Reuters BIP Coding Group" action="confirmed" date="1997-06-04"/>
  </code>
  <code code="E13">
    <editdetail attribution="Reuters BIP Coding Group" action="confirmed" date="1997-06-04"/>
  </code>
  <code code="E131">
    <editdetail attribution="Reuters BIP Coding Group" action="confirmed" date="1997-06-04"/>
  </code>
  <code code="E41">
    <editdetail attribution="Reuters BIP Coding Group" action="confirmed" date="1997-06-04"/>
  </code>
  <code code="ECAT">
    <editdetail attribution="Reuters BIP Coding Group" action="confirmed" date="1997-06-04"/>
  </code>
  <code code="GCAT">
    <editdetail attribution="Reuters BIP Coding Group" action="confirmed" date="1997-06-04"/>
  </code>
  <code code="GJOB">
    <editdetail attribution="Reuters BIP Coding Group" action="confirmed" date="1997-06-04"/>
  </code>
</codes>
<dc element="dc.date.created" value="1997-06-04"/>
<dc element="dc.publisher" value="Reuters Holdings Plc"/>
<dc element="dc.date.published" value="1997-06-04"/>
<dc element="dc.source" value="Reuters"/>
<dc element="dc.creator.location" value="CANBERRA"/>
<dc element="dc.creator.location.country.name" value="AUSTRALIA"/>
<dc element="dc.source" value="Reuters"/>
</metadata>
</newsitem>
