<?xml version="1.0" encoding="iso-8859-1" ?>
<newsitem itemid="141177" id="root" date="1996-10-24" xml:lang="en">
<title>USA: Lawson Products Inc Q3 net off.</title>
<headline>Lawson Products Inc Q3 net off.</headline>
<dateline>DES PLAINES, Ill. 1996-10-24</dateline>
<text>
<p>1996			1995</p>
<p> Shr			  $0.42		    $0.43</p>
<p> Net			  4,828		    5,091</p>
<p> Revs			66,303		   56,177</p>
<p> Avg shrs		  11,601		   11,826</p>
<p>(All data above 000s except per share numbers)  </p>
<p>	  NINE MONTHS</p>
<p> Shr			  $1.17		    $1.26</p>
<p> Net			 13,581		   15,393</p>
<p> Revs		     185,890		  167,117</p>
<p> Avg shrs		  11,609		   12,177</p>
<p>(All data above 000s except per share numbers)</p>
<p>--Chicago newsdesk, 312-408-8787</p>
</text>
<copyright>(c) Reuters Limited 1996</copyright>
<metadata>
<codes class="bip:countries:1.0">
  <code code="USA">
    <editdetail attribution="Reuters BIP Coding Group" action="confirmed" date="1996-10-24"/>
  </code>
</codes>
<codes class="bip:industries:1.0">
  <code code="I61000">
    <editdetail attribution="Reuters BIP Coding Group" action="confirmed" date="1996-10-24"/>
  </code>
</codes>
<codes class="bip:topics:1.0">
  <code code="C15">
    <editdetail attribution="Reuters BIP Coding Group" action="confirmed" date="1996-10-24"/>
  </code>
  <code code="C151">
    <editdetail attribution="Reuters BIP Coding Group" action="confirmed" date="1996-10-24"/>
  </code>
  <code code="CCAT">
    <editdetail attribution="Reuters BIP Coding Group" action="confirmed" date="1996-10-24"/>
  </code>
</codes>
<dc element="dc.date.created" value="1996-10-24"/>
<dc element="dc.publisher" value="Reuters Holdings Plc"/>
<dc element="dc.date.published" value="1996-10-24"/>
<dc element="dc.source" value="Reuters"/>
<dc element="dc.creator.location" value="DES PLAINES, Ill."/>
<dc element="dc.creator.location.country.name" value="USA"/>
<dc element="dc.source" value="Reuters"/>
</metadata>
</newsitem>
