<?xml version="1.0" encoding="iso-8859-1" ?>
<newsitem itemid="196751" id="root" date="1996-11-18" xml:lang="en">
<title>CHINA: China Legend sales seen up 60 pct in '96.</title>
<headline>China Legend sales seen up 60 pct in '96.</headline>
<dateline>BEIJING 1996-11-18</dateline>
<text>
<p>Chinese computer firm Legend Holding's sales are expected to jump 60 percent to $80 million in 1996 from 1995, a company official said on Monday.</p>
<p>The state-owned computer maker forecast that sales of integrated systems would reach 600 million yuan ($72.3 million) in 1996 and 2.0 billion yuan by the year 2000, the official said but gave no further details.</p>
<p>Legend sold more than 80,000 personal computers in the first half of 1996, up by 126 percent from the year-ago period, according to the latest available data.</p>
<p>Legend slashed prices of its personal computers by 10 percent earlier this month, saying that good sales and profits in the first half justified the cuts.</p>
<p>($1 = 8.3 yuan)</p>
</text>
<copyright>(c) Reuters Limited 1996</copyright>
<metadata>
<codes class="bip:countries:1.0">
  <code code="CHINA">
    <editdetail attribution="Reuters BIP Coding Group" action="confirmed" date="1996-11-18"/>
  </code>
</codes>
<codes class="bip:industries:1.0">
  <code code="I33020">
    <editdetail attribution="Reuters BIP Coding Group" action="confirmed" date="1996-11-18"/>
  </code>
  <code code="I3302003">
    <editdetail attribution="Reuters BIP Coding Group" action="confirmed" date="1996-11-18"/>
  </code>
</codes>
<codes class="bip:topics:1.0">
  <code code="C15">
    <editdetail attribution="Reuters BIP Coding Group" action="confirmed" date="1996-11-18"/>
  </code>
  <code code="C152">
    <editdetail attribution="Reuters BIP Coding Group" action="confirmed" date="1996-11-18"/>
  </code>
  <code code="C31">
    <editdetail attribution="Reuters BIP Coding Group" action="confirmed" date="1996-11-18"/>
  </code>
  <code code="CCAT">
    <editdetail attribution="Reuters BIP Coding Group" action="confirmed" date="1996-11-18"/>
  </code>
</codes>
<dc element="dc.date.created" value="1996-11-18"/>
<dc element="dc.publisher" value="Reuters Holdings Plc"/>
<dc element="dc.date.published" value="1996-11-18"/>
<dc element="dc.source" value="Reuters"/>
<dc element="dc.creator.location" value="BEIJING"/>
<dc element="dc.creator.location.country.name" value="CHINA"/>
<dc element="dc.source" value="Reuters"/>
</metadata>
</newsitem>
