<?xml version="1.0" encoding="iso-8859-1" ?>
<newsitem itemid="337285" id="root" date="1997-01-28" xml:lang="en">
<title>HUNGARY: Hungary 1-mo BUBOR rate 22.09 pct, 3-mo 22.02 pct.</title>
<headline>Hungary 1-mo BUBOR rate 22.09 pct, 3-mo 22.02 pct.</headline>
<dateline>BUDAPEST 1997-01-28</dateline>
<text>
<p>Hungary's Budapest Interbank Offered Rate (BUBOR) fell for both the one-month and three-month maturities, the National Bank of Hungary (NBH) said on Tuesday.</p>
<p>The one-month rate was fixed at 22.09 percent, down from 22.15 percent, and the three-month rate at 22.02 percent, down from 22.04 percent, the NBH said on its  BUBOR Reuters page. (( -- Budapest newsroom +36 1 327 4040))</p>
</text>
<copyright>(c) Reuters Limited 1997</copyright>
<metadata>
<codes class="bip:countries:1.0">
  <code code="HUNG">
    <editdetail attribution="Reuters BIP Coding Group" action="confirmed" date="1997-01-28"/>
  </code>
</codes>
<codes class="bip:topics:1.0">
  <code code="M13">
    <editdetail attribution="Reuters BIP Coding Group" action="confirmed" date="1997-01-28"/>
  </code>
  <code code="M131">
    <editdetail attribution="Reuters BIP Coding Group" action="confirmed" date="1997-01-28"/>
  </code>
  <code code="MCAT">
    <editdetail attribution="Reuters BIP Coding Group" action="confirmed" date="1997-01-28"/>
  </code>
</codes>
<dc element="dc.date.created" value="1997-01-28"/>
<dc element="dc.publisher" value="Reuters Holdings Plc"/>
<dc element="dc.date.published" value="1997-01-28"/>
<dc element="dc.source" value="Reuters"/>
<dc element="dc.creator.location" value="BUDAPEST"/>
<dc element="dc.creator.location.country.name" value="HUNGARY"/>
<dc element="dc.source" value="Reuters"/>
</metadata>
</newsitem>
