<?xml version="1.0" encoding="iso-8859-1" ?>
<newsitem itemid="789083" id="root" date="1997-08-08" xml:lang="en">
<title>CANADA: CANADA DOLLAR ENDS SOFTER AHEAD OF KEY JOBS DATA.</title>
<headline>CANADA DOLLAR ENDS SOFTER AHEAD OF KEY JOBS DATA.</headline>
<text>
<p>FORECAST RANGE   1.3860/1.3900	   ASIAN CLOSE     1.3865</p>
<p>RESISTANCE 1.3795   SUPPORT 1.3945     HI 1.3885   LO  1.3857</p>
<p>CANADA OPEN  1.3870/75    HI 1.3880    EUROPE OPEN     1.3862</p>
<p>PREV CLOSE   1.3870/75    LO 1.3858    HI 1.3884   LO  1.3862</p>
<p>---------------------MARKET COMMENT--------------------------</p>
<p>* Canada's dollar ended softer at C$1.3885 (US$0.7202) on Thursday from Wednesday close at C$1.3870 (US$0.7209) after a quiet session * Traders said the unit is expected to take direction from Canada July employment data due on Friday</p>
<p>* Currency seen trading quietly between C$1.3860 and C$1.3900 overnight, traders said.</p>
<p>&quot;I wouldn't think it would stay below C$1.3900 going into Friday's numbers,&quot; the trader said.</p>
<p>A Reuters forecast of economists predicted employment would grow by 35,500 in July after an increase of 52,000 in June. The same survey said Canada's unemployment rate would remain unchanged at 9.1 percent.</p>
<p>Some analysts said the jobs data may spark some buying interest in the Canadian dollar. &quot;The follow-through selling in Europe overnight was very light, and that suggests that the majority still want to buy the Canadian dollar back,&quot; said Rob Palombi, economist with MMS International.  </p>
<p>&quot;The Canadian jobs data out tomorrow morning could be a perfect opportunity for them to do that,&quot; Palombi added.</p>
<p>On the crosses, the Canadian dollar dipped to 85.27 Japanese yen from Wednesday's 85.63 yen and fell to 1.3455 marks from Wednesday's 1.3563 marks.</p>
<p>((Reuters Toronto Bureau (416) 941-8100))</p>
</text>
<copyright>(c) Reuters Limited 1997</copyright>
<metadata>
<codes class="bip:countries:1.0">
  <code code="CANA">
    <editdetail attribution="Reuters BIP Coding Group" action="confirmed" date="1997-08-08"/>
  </code>
</codes>
<codes class="bip:topics:1.0">
  <code code="M13">
    <editdetail attribution="Reuters BIP Coding Group" action="confirmed" date="1997-08-08"/>
  </code>
  <code code="M132">
    <editdetail attribution="Reuters BIP Coding Group" action="confirmed" date="1997-08-08"/>
  </code>
  <code code="MCAT">
    <editdetail attribution="Reuters BIP Coding Group" action="confirmed" date="1997-08-08"/>
  </code>
</codes>
<dc element="dc.publisher" value="Reuters Holdings Plc"/>
<dc element="dc.date.published" value="1997-08-08"/>
<dc element="dc.source" value="Reuters"/>
<dc element="dc.creator.location.country.name" value="CANADA"/>
<dc element="dc.source" value="Reuters"/>
</metadata>
</newsitem>
