<?xml version="1.0" encoding="iso-8859-1" ?>
<newsitem itemid="446699" id="root" date="1997-03-17" xml:lang="en">
<title>CROATIA: Croatia launches credit lines for entrepreneurs.</title>
<headline>Croatia launches credit lines for entrepreneurs.</headline>
<dateline>ZAGREB 1997-03-17</dateline>
<text>
<p>Croatia's Economy Ministry and Zagrebacka Banka on Monday launched new credit lines at nine percent annual interest to prop up the emerging private sector.</p>
<p>Some 100 million German marks will be made available to small and medium-term production enterprises this year through various commercial banks, minister Davor Stern told Reuters.</p>
<p>These borrowings will be guaranteed by a government agency.</p>
<p>&quot;The biggest novelty is that we have introduced new programmes for the first-time entrepreneurs, so that those who are about to start their own business can obtain loans,&quot; Stern said.</p>
<p>The move was also aimed at reducing the pressure on the social network due to rising unemployment, caused by company restructuring, he said.</p>
<p>The lending rate was described &quot;very favourable&quot;, compared to 13-20 percent in interest and other loan costs charged by Croatian banks.</p>
</text>
<copyright>(c) Reuters Limited 1997</copyright>
<metadata>
<codes class="bip:countries:1.0">
  <code code="CRTIA">
    <editdetail attribution="Reuters BIP Coding Group" action="confirmed" date="1997-03-17"/>
  </code>
</codes>
<codes class="bip:industries:1.0">
  <code code="I81402">
    <editdetail attribution="Reuters BIP Coding Group" action="confirmed" date="1997-03-17"/>
  </code>
</codes>
<codes class="bip:topics:1.0">
  <code code="C21">
    <editdetail attribution="Reuters BIP Coding Group" action="confirmed" date="1997-03-17"/>
  </code>
  <code code="CCAT">
    <editdetail attribution="Reuters BIP Coding Group" action="confirmed" date="1997-03-17"/>
  </code>
  <code code="E12">
    <editdetail attribution="Reuters BIP Coding Group" action="confirmed" date="1997-03-17"/>
  </code>
  <code code="ECAT">
    <editdetail attribution="Reuters BIP Coding Group" action="confirmed" date="1997-03-17"/>
  </code>
</codes>
<dc element="dc.date.created" value="1997-03-17"/>
<dc element="dc.publisher" value="Reuters Holdings Plc"/>
<dc element="dc.date.published" value="1997-03-17"/>
<dc element="dc.source" value="Reuters"/>
<dc element="dc.creator.location" value="ZAGREB"/>
<dc element="dc.creator.location.country.name" value="CROATIA"/>
<dc element="dc.source" value="Reuters"/>
</metadata>
</newsitem>
