<?xml version="1.0" encoding="iso-8859-1" ?>
<newsitem itemid="181161" id="root" date="1996-11-11" xml:lang="en">
<title>JAPAN: Fujikura Rubber - 6mth parent results.</title>
<headline>Fujikura Rubber - 6mth parent results.</headline>
<dateline>TOKYO 1996-11-11</dateline>
<text>
<p>Six months to September 30, 1996</p>
<p>(Parent)     (in billions of yen unless specified)</p>
<p>Sales		 10.12	 vs	 9.62</p>
<p>Operating	   449 mln     vs	221 mln</p>
<p>Current	     609 mln     vs	367 mln</p>
<p>Net		   327 mln     vs	231 mln</p>
<p>EPS		  13.96 yen    vs     9.88 yen</p>
<p>Shares		 23 mln     vs	 23 mln</p>
<p>Interim div	 4.00 yen    vs     4.00 yen</p>
<p>NOTE - Fujikura Rubber Ltd manufactures industrial rubber goods.</p>
</text>
<copyright>(c) Reuters Limited 1996</copyright>
<metadata>
<codes class="bip:countries:1.0">
  <code code="JAP">
    <editdetail attribution="Reuters BIP Coding Group" action="confirmed" date="1996-11-11"/>
  </code>
</codes>
<codes class="bip:industries:1.0">
  <code code="I48100">
    <editdetail attribution="Reuters BIP Coding Group" action="confirmed" date="1996-11-11"/>
  </code>
</codes>
<codes class="bip:topics:1.0">
  <code code="C15">
    <editdetail attribution="Reuters BIP Coding Group" action="confirmed" date="1996-11-11"/>
  </code>
  <code code="C151">
    <editdetail attribution="Reuters BIP Coding Group" action="confirmed" date="1996-11-11"/>
  </code>
  <code code="CCAT">
    <editdetail attribution="Reuters BIP Coding Group" action="confirmed" date="1996-11-11"/>
  </code>
</codes>
<dc element="dc.date.created" value="1996-11-11"/>
<dc element="dc.publisher" value="Reuters Holdings Plc"/>
<dc element="dc.date.published" value="1996-11-11"/>
<dc element="dc.source" value="Reuters"/>
<dc element="dc.creator.location" value="TOKYO"/>
<dc element="dc.creator.location.country.name" value="JAPAN"/>
<dc element="dc.source" value="Reuters"/>
</metadata>
</newsitem>
