<?xml version="1.0" encoding="iso-8859-1" ?>
<newsitem itemid="358167" id="root" date="1997-02-05" xml:lang="en">
<title>TUNISIA: Tunisia sees reduced citrus output, steady exports.</title>
<headline>Tunisia sees reduced citrus output, steady exports.</headline>
<dateline>TUNIS 1997-02-05</dateline>
<text>
<p>Tunisia's output of citrus fruits is put at 211,000 tonnes this season, down by five percent from 221,000 tonnes last year, the Citrus Professional Grouping GIAF said on Wednesday.</p>
<p>Exports of citrus, which started on January 10, are put at 25,000 tonnes, unchanged from their level last year. Citrus exports were worth 10.6 million dinars in 1995/1996.</p>
<p>France is Tunisia's traditional market for citrus, especially the &quot;maltese&quot; orange variety.  ($=1.04 dinar)</p>
</text>
<copyright>(c) Reuters Limited 1997</copyright>
<metadata>
<codes class="bip:countries:1.0">
  <code code="TUNIS">
    <editdetail attribution="Reuters BIP Coding Group" action="confirmed" date="1997-02-05"/>
  </code>
</codes>
<codes class="bip:industries:1.0">
  <code code="I01002">
    <editdetail attribution="Reuters BIP Coding Group" action="confirmed" date="1997-02-05"/>
  </code>
  <code code="I0100206">
    <editdetail attribution="Reuters BIP Coding Group" action="confirmed" date="1997-02-05"/>
  </code>
</codes>
<codes class="bip:topics:1.0">
  <code code="C21">
    <editdetail attribution="Reuters BIP Coding Group" action="confirmed" date="1997-02-05"/>
  </code>
  <code code="CCAT">
    <editdetail attribution="Reuters BIP Coding Group" action="confirmed" date="1997-02-05"/>
  </code>
  <code code="E31">
    <editdetail attribution="Reuters BIP Coding Group" action="confirmed" date="1997-02-05"/>
  </code>
  <code code="E312">
    <editdetail attribution="Reuters BIP Coding Group" action="confirmed" date="1997-02-05"/>
  </code>
  <code code="ECAT">
    <editdetail attribution="Reuters BIP Coding Group" action="confirmed" date="1997-02-05"/>
  </code>
</codes>
<dc element="dc.date.created" value="1997-02-05"/>
<dc element="dc.publisher" value="Reuters Holdings Plc"/>
<dc element="dc.date.published" value="1997-02-05"/>
<dc element="dc.source" value="Reuters"/>
<dc element="dc.creator.location" value="TUNIS"/>
<dc element="dc.creator.location.country.name" value="TUNISIA"/>
<dc element="dc.source" value="Reuters"/>
</metadata>
</newsitem>
