<?xml version="1.0" encoding="iso-8859-1" ?>
<newsitem itemid="716128" id="root" date="1997-07-09" xml:lang="en">
<title>VENEZUELA: Quake shakes Venezuela coast, no injuries reported.</title>
<headline>Quake shakes Venezuela coast, no injuries reported.</headline>
<dateline>CARACAS 1997-07-09</dateline>
<text>
<p>A strong earthquake measuring 5.5 on the open-ended Richter scale shook most of Venezuela's central and eastern coastal region on Wednesday but there were no reports of injuries, local radio reported.</p>
<p>The quake shook office buildings in downtown Caracas but apparently caused no structural damage. Residents made anxious calls to radio stations.</p>
<p>The U.S. Geological Survey in Golden, Colorado, said the quake measured 6.9 on the Richter scale.</p>
<p>Telephone lines to the Venezuelan seismological institute FUVISIS were busy. Radio reports said the institute had placed the epicentre of the quake about 30 miles off Venezuela's eastern Caribbean coast.</p>
</text>
<copyright>(c) Reuters Limited 1997</copyright>
<metadata>
<codes class="bip:countries:1.0">
  <code code="VEN">
    <editdetail attribution="Reuters BIP Coding Group" action="confirmed" date="1997-07-09"/>
  </code>
</codes>
<codes class="bip:topics:1.0">
  <code code="GCAT">
    <editdetail attribution="Reuters BIP Coding Group" action="confirmed" date="1997-07-09"/>
  </code>
  <code code="GDIS">
    <editdetail attribution="Reuters BIP Coding Group" action="confirmed" date="1997-07-09"/>
  </code>
  <code code="GENV">
    <editdetail attribution="Reuters BIP Coding Group" action="confirmed" date="1997-07-09"/>
  </code>
</codes>
<dc element="dc.date.created" value="1997-07-09"/>
<dc element="dc.publisher" value="Reuters Holdings Plc"/>
<dc element="dc.date.published" value="1997-07-09"/>
<dc element="dc.source" value="Reuters"/>
<dc element="dc.creator.location" value="CARACAS"/>
<dc element="dc.creator.location.country.name" value="VENEZUELA"/>
<dc element="dc.source" value="Reuters"/>
</metadata>
</newsitem>
