<?xml version="1.0" encoding="iso-8859-1" ?>
<newsitem itemid="587883" id="root" date="1997-05-15" xml:lang="en">
<title>FINLAND: Finnish March core inflation up 0.1 pct yr/yr.</title>
<headline>Finnish March core inflation up 0.1 pct yr/yr.</headline>
<dateline>HELSINKI 1997-05-15</dateline>
<text>
<p>Finnish core inflation rose 0.4 percent in March on February for a year-on-year rise of 0.1 percent, Statistics Finland said in a statement on Thursday.</p>
<p>The mean of five economists' forecasts for the March core inflation rate had been a 0.3 percent rise in a 0.2-0.4 percent range.</p>
<p>The Bank of Finland's target for the year-on-year change in the underlying rate of inflation -- its chief gauge for monetary policy -- is a rise of no more than around two percent.</p>
<p>--Helsinki newsroom +358-9-680 50 245, news@reuters.fi</p>
</text>
<copyright>(c) Reuters Limited 1997</copyright>
<metadata>
<codes class="bip:countries:1.0">
  <code code="FIN">
    <editdetail attribution="Reuters BIP Coding Group" action="confirmed" date="1997-05-15"/>
  </code>
</codes>
<codes class="bip:topics:1.0">
  <code code="E13">
    <editdetail attribution="Reuters BIP Coding Group" action="confirmed" date="1997-05-15"/>
  </code>
  <code code="E131">
    <editdetail attribution="Reuters BIP Coding Group" action="confirmed" date="1997-05-15"/>
  </code>
  <code code="ECAT">
    <editdetail attribution="Reuters BIP Coding Group" action="confirmed" date="1997-05-15"/>
  </code>
</codes>
<dc element="dc.date.created" value="1997-05-15"/>
<dc element="dc.publisher" value="Reuters Holdings Plc"/>
<dc element="dc.date.published" value="1997-05-15"/>
<dc element="dc.source" value="Reuters"/>
<dc element="dc.creator.location" value="HELSINKI"/>
<dc element="dc.creator.location.country.name" value="FINLAND"/>
<dc element="dc.source" value="Reuters"/>
</metadata>
</newsitem>
