<?xml version="1.0" encoding="iso-8859-1" ?>
<newsitem itemid="594824" id="root" date="1997-05-19" xml:lang="en">
<title>SINGAPORE: Comfort takes 10 pct of Tye Soon.</title>
<headline>Comfort takes 10 pct of Tye Soon.</headline>
<dateline>SINGAPORE 1997-05-19</dateline>
<text>
<p>Comfort Group Ltd said it had completed the acquisition of 23.93 million ordinary shares of Tye Soon Ltd, representing 10 percent of the total issued and paid up capital of Tye Soon.</p>
<p>The acquisition was made through a subscription of 4,965,000 ordinary shares of Singapore $0.10 each and the purchase of 18,965,000 shares at S$0.31 each, Comfort said in a statement.</p>
<p>Tye Soon shares were listed on the Singapore bourse for the first time on Monday and closed at S$0.48 compared with the IPO price of S$0.31.</p>
<p>-- Singapore newsroom (65) 870-3080</p>
</text>
<copyright>(c) Reuters Limited 1997</copyright>
<metadata>
<codes class="bip:countries:1.0">
  <code code="SINGP">
    <editdetail attribution="Reuters BIP Coding Group" action="confirmed" date="1997-05-19"/>
  </code>
</codes>
<codes class="bip:industries:1.0">
  <code code="I65100">
    <editdetail attribution="Reuters BIP Coding Group" action="confirmed" date="1997-05-19"/>
  </code>
  <code code="I72200">
    <editdetail attribution="Reuters BIP Coding Group" action="confirmed" date="1997-05-19"/>
  </code>
</codes>
<codes class="bip:topics:1.0">
  <code code="C18">
    <editdetail attribution="Reuters BIP Coding Group" action="confirmed" date="1997-05-19"/>
  </code>
  <code code="C181">
    <editdetail attribution="Reuters BIP Coding Group" action="confirmed" date="1997-05-19"/>
  </code>
  <code code="CCAT">
    <editdetail attribution="Reuters BIP Coding Group" action="confirmed" date="1997-05-19"/>
  </code>
</codes>
<dc element="dc.date.created" value="1997-05-19"/>
<dc element="dc.publisher" value="Reuters Holdings Plc"/>
<dc element="dc.date.published" value="1997-05-19"/>
<dc element="dc.source" value="Reuters"/>
<dc element="dc.creator.location" value="SINGAPORE"/>
<dc element="dc.creator.location.country.name" value="SINGAPORE"/>
<dc element="dc.source" value="Reuters"/>
</metadata>
</newsitem>
