<?xml version="1.0" encoding="iso-8859-1" ?>
<newsitem itemid="639791" id="root" date="1997-06-05" xml:lang="en">
<title>ARGENTINA: Argentina says placed $6.15 bln in reverse repos.</title>
<headline>Argentina says placed $6.15 bln in reverse repos.</headline>
<dateline>BUENOS AIRES 1997-06-05</dateline>
<text>
<p>Argentina's Central Bank said Thursday it placed $6.15 billion in overnight reverse repurchase agreements June 4.</p>
<p>The reverse repos were placed at 5.0 percent against government bonds.</p>
<p>((--Buenos Aires Newsroom +541 318-0651))</p>
</text>
<copyright>(c) Reuters Limited 1997</copyright>
<metadata>
<codes class="bip:countries:1.0">
  <code code="ARG">
    <editdetail attribution="Reuters BIP Coding Group" action="confirmed" date="1997-06-05"/>
  </code>
</codes>
<codes class="bip:topics:1.0">
  <code code="M13">
    <editdetail attribution="Reuters BIP Coding Group" action="confirmed" date="1997-06-05"/>
  </code>
  <code code="M131">
    <editdetail attribution="Reuters BIP Coding Group" action="confirmed" date="1997-06-05"/>
  </code>
  <code code="MCAT">
    <editdetail attribution="Reuters BIP Coding Group" action="confirmed" date="1997-06-05"/>
  </code>
</codes>
<dc element="dc.date.created" value="1997-06-05"/>
<dc element="dc.publisher" value="Reuters Holdings Plc"/>
<dc element="dc.date.published" value="1997-06-05"/>
<dc element="dc.source" value="Reuters"/>
<dc element="dc.creator.location" value="BUENOS AIRES"/>
<dc element="dc.creator.location.country.name" value="ARGENTINA"/>
<dc element="dc.source" value="Reuters"/>
</metadata>
</newsitem>
