<?xml version="1.0" encoding="iso-8859-1" ?>
<newsitem itemid="632085" id="root" date="1997-06-02" xml:lang="en">
<title>UK: TMCC sets $1.0 billion 10-year bond, 23 b.p. over.</title>
<headline>TMCC sets $1.0 billion 10-year bond, 23 b.p. over.</headline>
<dateline>LONDON 1997-06-02</dateline>
<text>
<p>The following bond was announced by joint lead managers Credit Suisse First Boston and Merrill Lynch International.</p>
<p> BORROWER   TOYOTA MOTOR CREDIT CORP</p>
<p> AMT	  $1.0 BLN  COUPON     **	  MATURITY    11.JUN.07</p>
<p> TYPE	 STRAIGHT  ISS PRICE  **	  PAY DATE    11.JUN.97</p>
<p> FULL FEES  2.00	REOFFER    **	  SPREAD	+23 BP</p>
<p> NOTES    **TO BE PRICED LATER</p>
<p> MOODY	AAA	 LISTING    LUX/HK/SI PAY FREQ    =</p>
<p> S&amp;P	  AAA	 DENOMS (K) 1-10-100  SALE LIMITS =</p>
<p> GOV LAW    =	   HOME CTRY  JAPAN     TAX PROVS   =</p>
<p> MGT/UND    0.325     SELL CONC  1.62	PRAECIPUUM  =</p>
<p> UNDERLYING GOVT BOND 6.625 PCT U.S. T-NOTE DUE 15.MAY.07</p>
<p>-- London Newsroom +44 171 542 7658</p>
</text>
<copyright>(c) Reuters Limited 1997</copyright>
<metadata>
<codes class="bip:countries:1.0">
  <code code="JAP">
    <editdetail attribution="Reuters BIP Coding Group" action="confirmed" date="1997-06-02"/>
  </code>
  <code code="UK">
    <editdetail attribution="Reuters BIP Coding Group" action="confirmed" date="1997-06-02"/>
  </code>
</codes>
<codes class="bip:industries:1.0">
  <code code="I35101">
    <editdetail attribution="Reuters BIP Coding Group" action="confirmed" date="1997-06-02"/>
  </code>
</codes>
<codes class="bip:topics:1.0">
  <code code="C17">
    <editdetail attribution="Reuters BIP Coding Group" action="confirmed" date="1997-06-02"/>
  </code>
  <code code="C172">
    <editdetail attribution="Reuters BIP Coding Group" action="confirmed" date="1997-06-02"/>
  </code>
  <code code="CCAT">
    <editdetail attribution="Reuters BIP Coding Group" action="confirmed" date="1997-06-02"/>
  </code>
</codes>
<dc element="dc.date.created" value="1997-06-02"/>
<dc element="dc.publisher" value="Reuters Holdings Plc"/>
<dc element="dc.date.published" value="1997-06-02"/>
<dc element="dc.source" value="Reuters"/>
<dc element="dc.creator.location" value="LONDON"/>
<dc element="dc.creator.location.country.name" value="UK"/>
<dc element="dc.source" value="Reuters"/>
</metadata>
</newsitem>
