<?xml version="1.0" encoding="iso-8859-1" ?>
<newsitem itemid="242699" id="root" date="1996-12-09" xml:lang="en">
<title>USA: Laubacher leaves Bear Stearns for Nuveen.</title>
<headline>Laubacher leaves Bear Stearns for Nuveen.</headline>
<dateline>CHICAGO 1996-12-09</dateline>
<text>
<p>- Mark Laubacher has left Bear, Stearns &amp; Co Inc to join John Nuveen &amp; Co Inc, a spokeswoman for Nuveen confirmed Monday.</p>
<p>Laubacher, a former associate director in Bear Stearns' Chicago public finance office, joined Nuveen's Chicago office last week as a vice president in investment banking where he will focus on public finance, according to the spokeswoman.</p>
<p>--Karen Pierog, 312-408-8647</p>
</text>
<copyright>(c) Reuters Limited 1996</copyright>
<metadata>
<codes class="bip:countries:1.0">
  <code code="USA">
    <editdetail attribution="Reuters BIP Coding Group" action="confirmed" date="1996-12-09"/>
  </code>
</codes>
<codes class="bip:industries:1.0">
  <code code="I81402">
    <editdetail attribution="Reuters BIP Coding Group" action="confirmed" date="1996-12-09"/>
  </code>
  <code code="I83100">
    <editdetail attribution="Reuters BIP Coding Group" action="confirmed" date="1996-12-09"/>
  </code>
</codes>
<codes class="bip:topics:1.0">
  <code code="C41">
    <editdetail attribution="Reuters BIP Coding Group" action="confirmed" date="1996-12-09"/>
  </code>
  <code code="C411">
    <editdetail attribution="Reuters BIP Coding Group" action="confirmed" date="1996-12-09"/>
  </code>
  <code code="CCAT">
    <editdetail attribution="Reuters BIP Coding Group" action="confirmed" date="1996-12-09"/>
  </code>
</codes>
<dc element="dc.date.created" value="1996-12-09"/>
<dc element="dc.publisher" value="Reuters Holdings Plc"/>
<dc element="dc.date.published" value="1996-12-09"/>
<dc element="dc.source" value="Reuters"/>
<dc element="dc.creator.location" value="CHICAGO"/>
<dc element="dc.creator.location.country.name" value="USA"/>
<dc element="dc.source" value="Reuters"/>
</metadata>
</newsitem>
