<?xml version="1.0" encoding="iso-8859-1" ?>
<newsitem itemid="193117" id="root" date="1996-11-15" xml:lang="en">
<title>TAIWAN: Taiwan copper shares up as copper prices rebound.</title>
<headline>Taiwan copper shares up as copper prices rebound.</headline>
<dateline>TAIPEI 1996-11-15</dateline>
<text>
<p>Taiwan's copper-related shares surged at mid-morning on Friday on perceptions of rebounding international copper prices, brokers said.</p>
<p>After 80 minutes, S&amp;T Copper was up T$1.1 or 4.33 percent at T$26.5 and First Copper &amp; Iron 50 cents or 2.92 percent to T$17.6.</p>
<p>The overall index was up only 0.12 percent.</p>
<p>&quot;International copper prices have rebounded some 10 percent since September, a factor that surely will help improve local copper makers' profit prospects,&quot; said Tank Hung, an analyst at Yuan Ta Securities. &quot;Whether the rebound will continue or not remains to be seen.&quot;</p>
<p>Hung said listed firms' profit performance also would be affected by each processor's copper stock as well as copper demand from downstream industries.</p>
<p>-- Taipei Newsroom (5080815)</p>
</text>
<copyright>(c) Reuters Limited 1996</copyright>
<metadata>
<codes class="bip:countries:1.0">
  <code code="TAIWAN">
    <editdetail attribution="Reuters BIP Coding Group" action="confirmed" date="1996-11-15"/>
  </code>
</codes>
<codes class="bip:industries:1.0">
  <code code="I22460">
    <editdetail attribution="Reuters BIP Coding Group" action="confirmed" date="1996-11-15"/>
  </code>
</codes>
<codes class="bip:topics:1.0">
  <code code="C15">
    <editdetail attribution="Reuters BIP Coding Group" action="confirmed" date="1996-11-15"/>
  </code>
  <code code="C152">
    <editdetail attribution="Reuters BIP Coding Group" action="confirmed" date="1996-11-15"/>
  </code>
  <code code="CCAT">
    <editdetail attribution="Reuters BIP Coding Group" action="confirmed" date="1996-11-15"/>
  </code>
</codes>
<dc element="dc.date.created" value="1996-11-15"/>
<dc element="dc.publisher" value="Reuters Holdings Plc"/>
<dc element="dc.date.published" value="1996-11-15"/>
<dc element="dc.source" value="Reuters"/>
<dc element="dc.creator.location" value="TAIPEI"/>
<dc element="dc.creator.location.country.name" value="TAIWAN"/>
<dc element="dc.source" value="Reuters"/>
</metadata>
</newsitem>
