<?xml version="1.0" encoding="iso-8859-1" ?>
<newsitem itemid="373887" id="root" date="1997-02-12" xml:lang="en">
<title>UK: Ukraine offers debt to German banks - paper.</title>
<headline>Ukraine offers debt to German banks - paper.</headline>
<dateline>LONDON 1997-02-12</dateline>
<text>
<p>Ukraine is trying to sell some of its rescheduled debt to German commercial banks, including Deutsche Bank, a British newspaper said on Wednesday.</p>
<p>The sale could be for up to $350 million, the Financial Times newspaper said, quoting Ukraine's central bank governor.</p>
<p>The sale would take pressure off the country's foreign currency reserves, which would otherwise be used to pay the first part of the $1.4 billion of debt due this year.</p>
<p>The rescheduled debt was issued in 1995 to cover outstanding debt to Russia's Gazprom and is not available on the secondary market. Deutsche Bank was one of several banks involved in talks to buy some of the debt, the Financial Times said.</p>
<p>On Tuesday, Ukraine's central bank said it was working on a debut Eurobond issue. It said last year it hoped to raise $250 million in the capital markets in the first quarter of 1997.</p>
<p>Ukraine was expected to resume talks soon with the International Monetary Fund (IMF) for receipt of a $2.5 billion three-year loan.</p>
</text>
<copyright>(c) Reuters Limited 1997</copyright>
<metadata>
<codes class="bip:countries:1.0">
  <code code="GFR">
    <editdetail attribution="Reuters BIP Coding Group" action="confirmed" date="1997-02-12"/>
  </code>
  <code code="UK">
    <editdetail attribution="Reuters BIP Coding Group" action="confirmed" date="1997-02-12"/>
  </code>
  <code code="UKRN">
    <editdetail attribution="Reuters BIP Coding Group" action="confirmed" date="1997-02-12"/>
  </code>
</codes>
<codes class="bip:topics:1.0">
  <code code="E21">
    <editdetail attribution="Reuters BIP Coding Group" action="confirmed" date="1997-02-12"/>
  </code>
  <code code="E212">
    <editdetail attribution="Reuters BIP Coding Group" action="confirmed" date="1997-02-12"/>
  </code>
  <code code="ECAT">
    <editdetail attribution="Reuters BIP Coding Group" action="confirmed" date="1997-02-12"/>
  </code>
</codes>
<dc element="dc.date.created" value="1997-02-12"/>
<dc element="dc.publisher" value="Reuters Holdings Plc"/>
<dc element="dc.date.published" value="1997-02-12"/>
<dc element="dc.source" value="Reuters"/>
<dc element="dc.creator.location" value="LONDON"/>
<dc element="dc.creator.location.country.name" value="UK"/>
<dc element="dc.source" value="Reuters"/>
</metadata>
</newsitem>
