<?xml version="1.0" encoding="iso-8859-1" ?>
<newsitem itemid="487592" id="root" date="1997-04-04" xml:lang="en">
<title>USA: Most IMM currency futures close sharply lower.</title>
<headline>Most IMM currency futures close sharply lower.</headline>
<text>
<p>April 4 - Most IMM currency futures closed sharply lower in light trade. June marks and Swiss francs ended near the day's lows, but held above Thursday's overall low. Traders said Fed vice chair Rivlin's comments dragged down most currencies. June yen set a contract low of $0.008127, while June Can dollars dipped to the overnight low of $0.7202. ((DerivativesDesk(312)408-8750)) E-mail:derivatives@reuters.com</p>
</text>
<copyright>(c) Reuters Limited 1997</copyright>
<metadata>
<codes class="bip:countries:1.0">
  <code code="USA">
    <editdetail attribution="Reuters BIP Coding Group" action="confirmed" date="1997-04-04"/>
  </code>
</codes>
<codes class="bip:topics:1.0">
  <code code="M13">
    <editdetail attribution="Reuters BIP Coding Group" action="confirmed" date="1997-04-04"/>
  </code>
  <code code="M132">
    <editdetail attribution="Reuters BIP Coding Group" action="confirmed" date="1997-04-04"/>
  </code>
  <code code="MCAT">
    <editdetail attribution="Reuters BIP Coding Group" action="confirmed" date="1997-04-04"/>
  </code>
</codes>
<dc element="dc.publisher" value="Reuters Holdings Plc"/>
<dc element="dc.date.published" value="1997-04-04"/>
<dc element="dc.source" value="Reuters"/>
<dc element="dc.creator.location.country.name" value="USA"/>
<dc element="dc.source" value="Reuters"/>
</metadata>
</newsitem>
