<?xml version="1.0" encoding="iso-8859-1" ?>
<newsitem itemid="100009" id="root" date="1996-10-07" xml:lang="en">
<title>USA: Braxton Cty, W.Va., $28 mln waste bonds repriced.</title>
<headline>Braxton Cty, W.Va., $28 mln waste bonds repriced.</headline>
<dateline>NEW YORK 1996-10-07</dateline>
<text>
<p>Morgan Stanley &amp; Co said Monday it repriced Braxton County, W.Va.'s $27.5 million solid waste disposal revenue bond issue. The yield in the sole 2026 maturity was 6.125 percent at the repricing.</p>
<p>The repricing follows:</p>
<p>BRAXTON COUNTY, WEST VIRGINIA</p>
<p>RE: $27,500,000*</p>
<p>SOLID WASTE DISPOSAL REVENUE BONDS</p>
<p>(WEYERHAEUSER COMPANY PROJECT)</p>
<p>SERIES 1996</p>
<p>VERBAL AWARD.</p>
<p>REMARKETING</p>
<p>SUBJECT TO ALTERNATIVE MINIMUM TAX</p>
<p>    MOODY'S: A2		    S&amp;P: A</p>
<p>    DATED: 04/12/1996	  FIRST COUPON: 04/01/1997</p>
<p>DUE: 04/01</p>
<p>INTEREST ACCRUES: 10/23/1996</p>
<p>ALL BONDS ARE PRICED AT PAR.</p>
<p>MATURITY		 AMOUNT*    COUPON</p>
<p>04/01/2026	     27,500M    6.125 %</p>
<p>CALL FEATURES: 10/23/2006    102.00</p>
<p>		   DTP 10/23/2010</p>
<p>* - APPROXIMATE SUBJECT TO CHANGE</p>
<p>The compliance addendum MSRB Rule G-11 will apply.</p>
<p>The award is expected</p>
<p>Delivery is firm for October 23, 1996.</p>
<p>This issue is book entry through DTC.</p>
<p>Morgan Stanley &amp; Co. Incorporated</p>
<p>First Commerce Capital division of Morgan Keegan</p>
<p>--U.S. Municipal Desk, 212-859-1650</p>
</text>
<copyright>(c) Reuters Limited 1996</copyright>
<metadata>
<codes class="bip:countries:1.0">
  <code code="USA">
    <editdetail attribution="Reuters BIP Coding Group" action="confirmed" date="1996-10-07"/>
  </code>
</codes>
<codes class="bip:topics:1.0">
  <code code="E21">
    <editdetail attribution="Reuters BIP Coding Group" action="confirmed" date="1996-10-07"/>
  </code>
  <code code="E212">
    <editdetail attribution="Reuters BIP Coding Group" action="confirmed" date="1996-10-07"/>
  </code>
  <code code="ECAT">
    <editdetail attribution="Reuters BIP Coding Group" action="confirmed" date="1996-10-07"/>
  </code>
</codes>
<dc element="dc.date.created" value="1996-10-07"/>
<dc element="dc.publisher" value="Reuters Holdings Plc"/>
<dc element="dc.date.published" value="1996-10-07"/>
<dc element="dc.source" value="Reuters"/>
<dc element="dc.creator.location" value="NEW YORK"/>
<dc element="dc.creator.location.country.name" value="USA"/>
<dc element="dc.source" value="Reuters"/>
</metadata>
</newsitem>
