<?xml version="1.0" encoding="iso-8859-1" ?>
<newsitem itemid="265155" id="root" date="1996-12-18" xml:lang="en">
<title>CANADA: Sask Wheat Pool Q1 Oct31 shr income falls.</title>
<headline>Sask Wheat Pool Q1 Oct31 shr income falls.</headline>
<dateline>REGINA, Saskatchewan 1996-12-18</dateline>
<text>
<p>1996		     1995</p>
<p> Shr			 C$0.30		   C$0.32</p>
<p> Net			  9,000		    9,200</p>
<p> Revs		   1,082,300		  815,400</p>
<p>		     (All data above 000s except per share numbers)</p>
<p>		     Full company name is Saskatchewan Wheat Pool</p>
<p>		     ((Reuters Toronto Bureau (416) 941-8100))</p>
</text>
<copyright>(c) Reuters Limited 1996</copyright>
<metadata>
<codes class="bip:countries:1.0">
  <code code="CANA">
    <editdetail attribution="Reuters BIP Coding Group" action="confirmed" date="1996-12-18"/>
  </code>
</codes>
<codes class="bip:topics:1.0">
  <code code="C15">
    <editdetail attribution="Reuters BIP Coding Group" action="confirmed" date="1996-12-18"/>
  </code>
  <code code="C151">
    <editdetail attribution="Reuters BIP Coding Group" action="confirmed" date="1996-12-18"/>
  </code>
  <code code="CCAT">
    <editdetail attribution="Reuters BIP Coding Group" action="confirmed" date="1996-12-18"/>
  </code>
</codes>
<dc element="dc.date.created" value="1996-12-18"/>
<dc element="dc.publisher" value="Reuters Holdings Plc"/>
<dc element="dc.date.published" value="1996-12-18"/>
<dc element="dc.source" value="Reuters"/>
<dc element="dc.creator.location" value="REGINA, Saskatchewan"/>
<dc element="dc.creator.location.country.name" value="CANADA"/>
<dc element="dc.source" value="Reuters"/>
</metadata>
</newsitem>
