<?xml version="1.0" encoding="iso-8859-1" ?>
<newsitem itemid="659806" id="root" date="1997-06-13" xml:lang="en">
<title>USA: IndeNet backlog exceeds $75 mln.</title>
<headline>IndeNet backlog exceeds $75 mln.</headline>
<dateline>ENCINO, Calif.</dateline>
<text>
<p>IndeNet Inc Friday said its order backlog exceeded $75 million.</p>
<p>Order backlog is defined as the accumulated total of client contracts, typically over an average contract term in excess of five years.</p>
<p>Client contracts usually include the provision for payment of software license fees either monthly or quarterly in advance over the contract term and are typically noncancelable.</p>
</text>
<copyright>(c) Reuters Limited 1997</copyright>
<metadata>
<codes class="bip:countries:1.0">
  <code code="USA">
    <editdetail attribution="Reuters BIP Coding Group" action="confirmed" date="1997-06-13"/>
  </code>
</codes>
<codes class="bip:industries:1.0">
  <code code="I79020">
    <editdetail attribution="Reuters BIP Coding Group" action="confirmed" date="1997-06-13"/>
  </code>
</codes>
<codes class="bip:topics:1.0">
  <code code="C31">
    <editdetail attribution="Reuters BIP Coding Group" action="confirmed" date="1997-06-13"/>
  </code>
  <code code="C33">
    <editdetail attribution="Reuters BIP Coding Group" action="confirmed" date="1997-06-13"/>
  </code>
  <code code="CCAT">
    <editdetail attribution="Reuters BIP Coding Group" action="confirmed" date="1997-06-13"/>
  </code>
</codes>
<dc element="dc.publisher" value="Reuters Holdings Plc"/>
<dc element="dc.date.published" value="1997-06-13"/>
<dc element="dc.source" value="Reuters"/>
<dc element="dc.creator.location" value="ENCINO, Calif."/>
<dc element="dc.creator.location.country.name" value="USA"/>
<dc element="dc.source" value="Reuters"/>
</metadata>
</newsitem>
