<?xml version="1.0" encoding="iso-8859-1" ?>
<newsitem itemid="753327" id="root" date="1997-07-24" xml:lang="en">
<title>USA: MBIA qualified Mercer County, N.J., for insurance.</title>
<headline>MBIA qualified Mercer County, N.J., for insurance.</headline>
<dateline>NEW YORK 1997-07-24</dateline>
<text>
<p>MBIA Insurance Co. has qualified Mercer County Improvement Authority, N.J., county junior lein solid waste revenue bonds series 1990, site and disposal facilities bonds series 1992 and solid waste bonds series 1997 for secondary market insurance.</p>
<p>Capacity is limited and available on a first come first served basis.</p>
<p>Please call 1-800-MBIA-NOW.</p>
<p>--U.S. Municipal Desk, 212-859-1650</p>
</text>
<copyright>(c) Reuters Limited 1997</copyright>
<metadata>
<codes class="bip:countries:1.0">
  <code code="USA">
    <editdetail attribution="Reuters BIP Coding Group" action="confirmed" date="1997-07-24"/>
  </code>
</codes>
<codes class="bip:topics:1.0">
  <code code="E21">
    <editdetail attribution="Reuters BIP Coding Group" action="confirmed" date="1997-07-24"/>
  </code>
  <code code="E212">
    <editdetail attribution="Reuters BIP Coding Group" action="confirmed" date="1997-07-24"/>
  </code>
  <code code="ECAT">
    <editdetail attribution="Reuters BIP Coding Group" action="confirmed" date="1997-07-24"/>
  </code>
</codes>
<dc element="dc.date.created" value="1997-07-24"/>
<dc element="dc.publisher" value="Reuters Holdings Plc"/>
<dc element="dc.date.published" value="1997-07-24"/>
<dc element="dc.source" value="Reuters"/>
<dc element="dc.creator.location" value="NEW YORK"/>
<dc element="dc.creator.location.country.name" value="USA"/>
<dc element="dc.source" value="Reuters"/>
</metadata>
</newsitem>
