<?xml version="1.0" encoding="iso-8859-1" ?>
<newsitem itemid="219347" id="root" date="1996-11-27" xml:lang="en">
<title>USA: Peoples Bancorp sets qtly dividend.</title>
<headline>Peoples Bancorp sets qtly dividend.</headline>
<dateline>AUBURN, Ala. 1996-11-27</dateline>
<text>
<p>Quarterly</p>
<p>			  Latest		     Prior</p>
<p> Amount		  $0.15		     $0.15</p>
<p> Pay		January 23</p>
<p> Record	    January 2</p>
<p>Note: Full name of company is Peoples Bancorp</p>
</text>
<copyright>(c) Reuters Limited 1996</copyright>
<metadata>
<codes class="bip:countries:1.0">
  <code code="USA">
    <editdetail attribution="Reuters BIP Coding Group" action="confirmed" date="1996-11-27"/>
  </code>
</codes>
<codes class="bip:industries:1.0">
  <code code="I81402">
    <editdetail attribution="Reuters BIP Coding Group" action="confirmed" date="1996-11-27"/>
  </code>
</codes>
<codes class="bip:topics:1.0">
  <code code="C15">
    <editdetail attribution="Reuters BIP Coding Group" action="confirmed" date="1996-11-27"/>
  </code>
  <code code="C151">
    <editdetail attribution="Reuters BIP Coding Group" action="confirmed" date="1996-11-27"/>
  </code>
  <code code="CCAT">
    <editdetail attribution="Reuters BIP Coding Group" action="confirmed" date="1996-11-27"/>
  </code>
</codes>
<dc element="dc.date.created" value="1996-11-27"/>
<dc element="dc.publisher" value="Reuters Holdings Plc"/>
<dc element="dc.date.published" value="1996-11-27"/>
<dc element="dc.source" value="Reuters"/>
<dc element="dc.creator.location" value="AUBURN, Ala."/>
<dc element="dc.creator.location.country.name" value="USA"/>
<dc element="dc.source" value="Reuters"/>
</metadata>
</newsitem>
