<?xml version="1.0" encoding="iso-8859-1" ?>
<newsitem itemid="609462" id="root" date="1997-05-23" xml:lang="en">
<title>GERMANY: Daimler confident about China minivan deal.</title>
<headline>Daimler confident about China minivan deal.</headline>
<dateline>STUTTGART, Germany 1997-05-23</dateline>
<text>
<p>Daimler-Benz AG said Friday that it was confident its disagreements with the Chinese government over a proposed minivan plant can be resolved and the project will move forward.</p>
<p>The Wall Street Journal reported Friday that Daimler is threatening to abandon a $1 billion joint venture to build minivans in China because it wants to build a single plant, while its partner, state-run Nanfang South China Motor Corp. wants to build two.</p>
<p>Since Daimler's Mercedes-Benz unit was chosen over Chrysler Corp and Ford Motor Co in 1995 for the project, China has changed certain conditions in the agreement, Daimler officials say.</p>
<p>The Journal quoted Jurgen Hubbert, the Daimler-Benz board member who oversees world-wide passenger-car sales, as saying Mercedes would leave China if the issues could not be resolved.</p>
<p>A Daimler spokesman said Friday, however, that &quot;the project is not dead,&quot; adding that the company had a lot of patience.</p>
<p>Hubbert told Reuters Thursday that the negotiations with the Chinese have been difficult, but he wanted to see the outcome.</p>
<p>&quot;Before you can start (production in China), you have to do a lot of discussions,&quot; Hubbert said at Mercedes' new U.S. assembly plant in Vance, Alabama.</p>
<p>&quot;The other side, in some cases, changes the conditions after having the contracts, so we should see at least what's coming out&quot; of the talks.</p>
</text>
<copyright>(c) Reuters Limited 1997</copyright>
<metadata>
<codes class="bip:countries:1.0">
  <code code="CHINA">
    <editdetail attribution="Reuters BIP Coding Group" action="confirmed" date="1997-05-23"/>
  </code>
  <code code="GFR">
    <editdetail attribution="Reuters BIP Coding Group" action="confirmed" date="1997-05-23"/>
  </code>
</codes>
<codes class="bip:industries:1.0">
  <code code="I35000">
    <editdetail attribution="Reuters BIP Coding Group" action="confirmed" date="1997-05-23"/>
  </code>
</codes>
<codes class="bip:topics:1.0">
  <code code="C11">
    <editdetail attribution="Reuters BIP Coding Group" action="confirmed" date="1997-05-23"/>
  </code>
  <code code="C13">
    <editdetail attribution="Reuters BIP Coding Group" action="confirmed" date="1997-05-23"/>
  </code>
  <code code="C24">
    <editdetail attribution="Reuters BIP Coding Group" action="confirmed" date="1997-05-23"/>
  </code>
  <code code="CCAT">
    <editdetail attribution="Reuters BIP Coding Group" action="confirmed" date="1997-05-23"/>
  </code>
</codes>
<dc element="dc.date.created" value="1997-05-23"/>
<dc element="dc.publisher" value="Reuters Holdings Plc"/>
<dc element="dc.date.published" value="1997-05-23"/>
<dc element="dc.source" value="Reuters"/>
<dc element="dc.creator.location" value="STUTTGART, Germany"/>
<dc element="dc.creator.location.country.name" value="GERMANY"/>
<dc element="dc.source" value="Reuters"/>
</metadata>
</newsitem>
