<?xml version="1.0" encoding="iso-8859-1" ?>
<newsitem itemid="673357" id="root" date="1997-06-19" xml:lang="en">
<title>BELGIUM: Foreign currency rates against the Ecu.</title>
<headline>Foreign currency rates against the Ecu.</headline>
<dateline>BRUSSELS 1997-06-19</dateline>
<text>
<p>The European Commission on Thursday gave the following official foreign currency rates for one European Currency Unit (Ecu):</p>
<p> Belgian Franc	40.5302  US Dollar	    1.13498</p>
<p> Danish Krone	 7.47896  Canadian Dollar    1.58080</p>
<p> Deutsche Mark	1.96408  Japanese Yen	 128.673</p>
<p> Greek Drachma	310.440  Swiss Franc	  1.64039</p>
<p> Spanish Peseta     165.628  Norwegian Krone    8.22350</p>
<p> French Franc	 6.62738  Icelandic Krona    80.0161</p>
<p> Irish Punt	  0.752241  Australian Dollar  1.51533</p>
<p> Italian Lira	 1921.77  New Zealand Dollar 1.64968</p>
<p> Dutch Guilder	2.21026  Maltese Lira	0.437642</p>
<p> Austrian Schilling 13.8218  Turkish Lira	  164731</p>
<p> Portuguese Escudo  197.770  Cyprus Pound	0.583058</p>
<p> Finnish Markka     5.88147  South African Rand 5.12557</p>
<p> Swedish Krona	8.77261  Hungarian Forint   210.686</p>
<p> Sterling	    0.691219  Slovenian Tolar    177.830</p>
</text>
<copyright>(c) Reuters Limited 1997</copyright>
<metadata>
<codes class="bip:countries:1.0">
  <code code="BELG">
    <editdetail attribution="Reuters BIP Coding Group" action="confirmed" date="1997-06-19"/>
  </code>
  <code code="EEC">
    <editdetail attribution="Reuters BIP Coding Group" action="confirmed" date="1997-06-19"/>
  </code>
</codes>
<codes class="bip:topics:1.0">
  <code code="M13">
    <editdetail attribution="Reuters BIP Coding Group" action="confirmed" date="1997-06-19"/>
  </code>
  <code code="M132">
    <editdetail attribution="Reuters BIP Coding Group" action="confirmed" date="1997-06-19"/>
  </code>
  <code code="MCAT">
    <editdetail attribution="Reuters BIP Coding Group" action="confirmed" date="1997-06-19"/>
  </code>
</codes>
<dc element="dc.date.created" value="1997-06-19"/>
<dc element="dc.publisher" value="Reuters Holdings Plc"/>
<dc element="dc.date.published" value="1997-06-19"/>
<dc element="dc.source" value="Reuters"/>
<dc element="dc.creator.location" value="BRUSSELS"/>
<dc element="dc.creator.location.country.name" value="BELGIUM"/>
<dc element="dc.source" value="Reuters"/>
</metadata>
</newsitem>
