<?xml version="1.0" encoding="iso-8859-1" ?>
<newsitem itemid="308047" id="root" date="1997-01-15" xml:lang="en">
<title>SOUTH AFRICA: S.AFRICA LAUNCHES INQUIRY INTO DIAMOND INDUSTRY.</title>
<headline>S.AFRICA LAUNCHES INQUIRY INTO DIAMOND INDUSTRY.</headline>
<dateline>JOHANNESBURG 1997-01-15</dateline>
<text>
<p>South Africa said on Wednesday that it had appointed a Commission of Inquiry into its diamond industry.</p>
<p>The commission, appointed by South African president Nelson Mandela, will investigate and report on several aspects of the industry.</p>
<p>These include diamond industry legislation, the role of the South African Diamond Board and the effectiveness of illegal diamond buying provisions.</p>
<p>The commission will also look at the supply of rough diamonds to the local processing industry, the industry's contribution to state revenue and job creation, international models relevant to the local industry and the influence of foreign companies and international diamond combines.</p>
<p>The commission, which will begin sitting on February 19 in Johannesburg, will also make recommendations to the Minister of Minerals and Energy on the issues discussed and the best ways to make the industry more competitive.</p>
<p>-- Johannesburg newsroom +27 11 482 1003</p>
</text>
<copyright>(c) Reuters Limited 1997</copyright>
<metadata>
<codes class="bip:countries:1.0">
  <code code="SAFR">
    <editdetail attribution="Reuters BIP Coding Group" action="confirmed" date="1997-01-15"/>
  </code>
</codes>
<codes class="bip:industries:1.0">
  <code code="I23000">
    <editdetail attribution="Reuters BIP Coding Group" action="confirmed" date="1997-01-15"/>
  </code>
</codes>
<codes class="bip:topics:1.0">
  <code code="C13">
    <editdetail attribution="Reuters BIP Coding Group" action="confirmed" date="1997-01-15"/>
  </code>
  <code code="CCAT">
    <editdetail attribution="Reuters BIP Coding Group" action="confirmed" date="1997-01-15"/>
  </code>
</codes>
<dc element="dc.date.created" value="1997-01-15"/>
<dc element="dc.publisher" value="Reuters Holdings Plc"/>
<dc element="dc.date.published" value="1997-01-15"/>
<dc element="dc.source" value="Reuters"/>
<dc element="dc.creator.location" value="JOHANNESBURG"/>
<dc element="dc.creator.location.country.name" value="SOUTH AFRICA"/>
<dc element="dc.source" value="Reuters"/>
</metadata>
</newsitem>
