<?xml version="1.0" encoding="iso-8859-1" ?>
<newsitem itemid="239730" id="root" date="1996-12-06" xml:lang="en">
<title>ESTONIA: PRESS DIGEST - Estonia - Dec 6.</title>
<headline>PRESS DIGEST - Estonia - Dec 6.</headline>
<dateline>TALLINN 1996-12-06</dateline>
<text>
<p>The following are the reports carried by Estonia's newspapers on Friday. Reuters has not verified these reports and does not vouch for their accuracy:</p>
<p>ALL NEWSPAPERS</p>
<p>- Foreign minister Toomas Ilves said Estonia's strongest argument for gaining EU membership and guaranteeing security was a dynamic and developing economy.</p>
<p>- President Lennart Meri insisted at a meeting with defence forces commander Johannes Kert that the homeguard volunteer force the Defence League must have more discipline after several incidents recently.</p>
<p>SONUMILEHT</p>
<p>- The project of the Tallinn-Tartu motorway is awaiting parliament's approval as the ministers of transport and finance support the project, road officials said.</p>
<p>EESTI PAEVALEHT</p>
<p>- Workers of the rare earth metals plant Silmet are continuing to threaten to hold a strike.</p>
<p>-- Riga Newsroom +371 721 5240</p>
</text>
<copyright>(c) Reuters Limited 1996</copyright>
<metadata>
<codes class="bip:countries:1.0">
  <code code="ESTNIA">
    <editdetail attribution="Reuters BIP Coding Group" action="confirmed" date="1996-12-06"/>
  </code>
</codes>
<codes class="bip:topics:1.0">
  <code code="GCAT">
    <editdetail attribution="Reuters BIP Coding Group" action="confirmed" date="1996-12-06"/>
  </code>
</codes>
<dc element="dc.date.created" value="1996-12-06"/>
<dc element="dc.publisher" value="Reuters Holdings Plc"/>
<dc element="dc.date.published" value="1996-12-06"/>
<dc element="dc.source" value="Reuters"/>
<dc element="dc.creator.location" value="TALLINN"/>
<dc element="dc.creator.location.country.name" value="ESTONIA"/>
<dc element="dc.source" value="Reuters"/>
</metadata>
</newsitem>
