<?xml version="1.0" encoding="iso-8859-1" ?>
<newsitem itemid="399603" id="root" date="1997-02-24" xml:lang="en">
<title>BELGIUM: EU regrets Deng's death, praises contribution.</title>
<headline>EU regrets Deng's death, praises contribution.</headline>
<dateline>BRUSSELS 1997-02-24</dateline>
<text>
<p>The European Union said on Monday that it regretted the death of China's paramount leader Deng Xiaoping and praised his contributions to his country's development.</p>
<p>&quot;He stimulated economic development, raised the standard of living and prosperity of the Chinese population and played a large role in the opening up of China to the international community,&quot; it said in a statement.</p>
<p>Foreign ministers of the 15-nation bloc were to discuss later on Monday whether to back a resolution before the U.N. Commission on Human Rights expressing concern about human rights in China.</p>
<p>If endorsed, it would be the sixth year in a row that the EU has backed such a resolution.</p>
</text>
<copyright>(c) Reuters Limited 1997</copyright>
<metadata>
<codes class="bip:countries:1.0">
  <code code="BELG">
    <editdetail attribution="Reuters BIP Coding Group" action="confirmed" date="1997-02-24"/>
  </code>
  <code code="CHINA">
    <editdetail attribution="Reuters BIP Coding Group" action="confirmed" date="1997-02-24"/>
  </code>
  <code code="EEC">
    <editdetail attribution="Reuters BIP Coding Group" action="confirmed" date="1997-02-24"/>
  </code>
</codes>
<codes class="bip:topics:1.0">
  <code code="G15">
    <editdetail attribution="Reuters BIP Coding Group" action="confirmed" date="1997-02-24"/>
  </code>
  <code code="G158">
    <editdetail attribution="Reuters BIP Coding Group" action="confirmed" date="1997-02-24"/>
  </code>
  <code code="GCAT">
    <editdetail attribution="Reuters BIP Coding Group" action="confirmed" date="1997-02-24"/>
  </code>
  <code code="GPRO">
    <editdetail attribution="Reuters BIP Coding Group" action="confirmed" date="1997-02-24"/>
  </code>
</codes>
<dc element="dc.date.created" value="1997-02-24"/>
<dc element="dc.publisher" value="Reuters Holdings Plc"/>
<dc element="dc.date.published" value="1997-02-24"/>
<dc element="dc.source" value="Reuters"/>
<dc element="dc.creator.location" value="BRUSSELS"/>
<dc element="dc.creator.location.country.name" value="BELGIUM"/>
<dc element="dc.source" value="Reuters"/>
</metadata>
</newsitem>
