<?xml version="1.0" encoding="iso-8859-1" ?>
<newsitem itemid="809928" id="root" date="1997-08-19" xml:lang="en">
<title>GERMANY: VW shares keep up advance on H1 results.</title>
<headline>VW shares keep up advance on H1 results.</headline>
<dateline>FRANKFURT 1997-08-19</dateline>
<text>
<p>Shares in Volkswagen AG kept up their advance on Tuesday following strong first-half results on Monday and prospects for the German carmaker's introduction of a new generation of its popular Golf model.</p>
<p>VW shares were up 65 marks at 1,350 marks in early bourse dealings.</p>
<p>Dealers said some banks had reaffirmed buy ratings on the Wolfsburg-based carmaker on the six-month results, which showed a 73 percent rise in group net profit to 488 million marks and a 12 percent rise in sales to 56.55 billion marks.</p>
<p>&quot;VW remains our top pick in the DAX,&quot; said a dealer at one major international bank who declined to be identified.</p>
<p>Some traders tied the fresh gains to VW chief executive Ferdinand Piech saying in a German television interview late on Monday that VW expected 700,000 sales in Europe of the Golf in its first year of production.</p>
<p>--Frankfurt Newsroom, +49 69 756525</p>
</text>
<copyright>(c) Reuters Limited 1997</copyright>
<metadata>
<codes class="bip:countries:1.0">
  <code code="GFR">
    <editdetail attribution="Reuters BIP Coding Group" action="confirmed" date="1997-08-19"/>
  </code>
</codes>
<codes class="bip:industries:1.0">
  <code code="I35101">
    <editdetail attribution="Reuters BIP Coding Group" action="confirmed" date="1997-08-19"/>
  </code>
</codes>
<codes class="bip:topics:1.0">
  <code code="C15">
    <editdetail attribution="Reuters BIP Coding Group" action="confirmed" date="1997-08-19"/>
  </code>
  <code code="C151">
    <editdetail attribution="Reuters BIP Coding Group" action="confirmed" date="1997-08-19"/>
  </code>
  <code code="C152">
    <editdetail attribution="Reuters BIP Coding Group" action="confirmed" date="1997-08-19"/>
  </code>
  <code code="CCAT">
    <editdetail attribution="Reuters BIP Coding Group" action="confirmed" date="1997-08-19"/>
  </code>
</codes>
<dc element="dc.date.created" value="1997-08-19"/>
<dc element="dc.publisher" value="Reuters Holdings Plc"/>
<dc element="dc.date.published" value="1997-08-19"/>
<dc element="dc.source" value="Reuters"/>
<dc element="dc.creator.location" value="FRANKFURT"/>
<dc element="dc.creator.location.country.name" value="GERMANY"/>
<dc element="dc.source" value="Reuters"/>
</metadata>
</newsitem>
