<?xml version="1.0" encoding="iso-8859-1" ?>
<newsitem itemid="528392" id="root" date="1997-04-22" xml:lang="en">
<title>USA: Allstate Q1 life statutory premiums down.</title>
<headline>Allstate Q1 life statutory premiums down.</headline>
<dateline>NEW YORK 1997-04-22</dateline>
<text>
<p>Allstate Corp said statutory premiums for its life and annuity business fell 15.1 percent in the first quarter as lower sales of group pension products more than offset higher sales of individual annnuities.</p>
<p>Excluding group pension sales, statutory premiums, which include all premiums and deposits, grew 7.2 percent.</p>
<p>Operating income fell 3.2 percent, as increased expenses related to deferred policy acquisition costs more than offset growth in investments and favorable mortality margins.</p>
<p>Revenues determined under generally accepted accounting principles (GAAP) increased 16.1 percent, boosted by higher realized capital gains and increases in sales of traditional life insurance and life contingent annuities.</p>
<p>Realized capital gains increased to $49 million from nil, primarily due to trading activity.</p>
<p>Net income rose 48.9 percent to $140 million, reflecting increased realized capital gains.</p>
<p>((Patricia Vowinkel 212-859-1716))</p>
</text>
<copyright>(c) Reuters Limited 1997</copyright>
<metadata>
<codes class="bip:countries:1.0">
  <code code="USA">
    <editdetail attribution="Reuters BIP Coding Group" action="confirmed" date="1997-04-22"/>
  </code>
</codes>
<codes class="bip:industries:1.0">
  <code code="I82000">
    <editdetail attribution="Reuters BIP Coding Group" action="confirmed" date="1997-04-22"/>
  </code>
</codes>
<codes class="bip:topics:1.0">
  <code code="C15">
    <editdetail attribution="Reuters BIP Coding Group" action="confirmed" date="1997-04-22"/>
  </code>
  <code code="C151">
    <editdetail attribution="Reuters BIP Coding Group" action="confirmed" date="1997-04-22"/>
  </code>
  <code code="C31">
    <editdetail attribution="Reuters BIP Coding Group" action="confirmed" date="1997-04-22"/>
  </code>
  <code code="CCAT">
    <editdetail attribution="Reuters BIP Coding Group" action="confirmed" date="1997-04-22"/>
  </code>
</codes>
<dc element="dc.date.created" value="1997-04-22"/>
<dc element="dc.publisher" value="Reuters Holdings Plc"/>
<dc element="dc.date.published" value="1997-04-22"/>
<dc element="dc.source" value="Reuters"/>
<dc element="dc.creator.location" value="NEW YORK"/>
<dc element="dc.creator.location.country.name" value="USA"/>
<dc element="dc.source" value="Reuters"/>
</metadata>
</newsitem>
