<?xml version="1.0" encoding="iso-8859-1" ?>
<newsitem itemid="235050" id="root" date="1996-12-04" xml:lang="en">
<title>EGYPT: Misr Oil and Soap sets 3.41 pounds dividend.</title>
<headline>Misr Oil and Soap sets 3.41 pounds dividend.</headline>
<dateline>CAIRO 1996-12-04</dateline>
<text>
<p>Egypt's Misr Oil and Soap will distribute a 3.41 pound dividend for each of its six million shares for the 1995/6 financial year, the firm's published results showed on Wednesday.</p>
<p>Dividends for the previous financial year were not available. The state privatised about 54 percent of the company in August.</p>
<p>The results showed that Misr Oil and Soap's net distributable profits for 1995/6 were down to 26.576 million pounds from 31.311 million pounds for the previous year. The financial years end on June 30.</p>
<p>The profit was slightly higher than figures made available in September which said Misr Oil and Soap made net after-tax profits of 24.881 million pounds in the financial year 1995/6, down from 26.885 million in 1994/5.</p>
<p>    $1 = 3.4 pounds    -- Cairo newsroom +20 2 578 3290/1</p>
</text>
<copyright>(c) Reuters Limited 1996</copyright>
<metadata>
<codes class="bip:countries:1.0">
  <code code="EGYPT">
    <editdetail attribution="Reuters BIP Coding Group" action="confirmed" date="1996-12-04"/>
  </code>
</codes>
<codes class="bip:topics:1.0">
  <code code="C15">
    <editdetail attribution="Reuters BIP Coding Group" action="confirmed" date="1996-12-04"/>
  </code>
  <code code="C151">
    <editdetail attribution="Reuters BIP Coding Group" action="confirmed" date="1996-12-04"/>
  </code>
  <code code="C1511">
    <editdetail attribution="Reuters BIP Coding Group" action="confirmed" date="1996-12-04"/>
  </code>
  <code code="CCAT">
    <editdetail attribution="Reuters BIP Coding Group" action="confirmed" date="1996-12-04"/>
  </code>
</codes>
<dc element="dc.date.created" value="1996-12-04"/>
<dc element="dc.publisher" value="Reuters Holdings Plc"/>
<dc element="dc.date.published" value="1996-12-04"/>
<dc element="dc.source" value="Reuters"/>
<dc element="dc.creator.location" value="CAIRO"/>
<dc element="dc.creator.location.country.name" value="EGYPT"/>
<dc element="dc.source" value="Reuters"/>
</metadata>
</newsitem>
