<?xml version="1.0" encoding="iso-8859-1" ?>
<newsitem itemid="483784" id="root" date="1997-04-03" xml:lang="en">
<title>MACEDONIA: PRESS DIGEST - MACEDONIA - APRIL 3.</title>
<headline>PRESS DIGEST - MACEDONIA - APRIL 3.</headline>
<text>
<p>SKOPJE, April 3 - These are the leading stories in the Skopje press on Thursday. Reuters has not verified these stories and cannot vouch for their accuracy.</p>
<p>NOVA MAKEDONIJA</p>
<p>- Construction minister Jorgo Sundovski resigned on Wednesday because of tendentious accusations about his involvement in the TAT financial scandal.</p>
<p>- General manager of TAT Savings society Sonja Nikolovska, now in custody, regularly paid all taxes for savings deposits registered in the computers. However, not one denar was paid for the &quot;secret deposits&quot; registered in parallel books National Bank of Macedonia auditing experts say.</p>
<p>- Sales in Bitola have dropped by 70 percent because of the TAT scandal. The bankruptcy of this savings society severly hurt many Bitola families.</p>
<p>- People from the village of Stenje on lake Prespa spotted a UFO in the form of a mushroom over the last several days. The UFO was first seen between 0610 and 0630 Saturday morning.</p>
<p>DNEVNIK</p>
<p>- Macedonia national soccer team achieves great victory beating Ireland 3-2. Selector of the team Gojko Hadzievski said: &quot;This a great victory not because of the points but because of the confidence. Romania and Ireland are leaders in this group. We have a difficult match with Iceland on June 7.&quot; -- Mircela Casule, Skopje newsroom +389 91 201 196</p>
</text>
<copyright>(c) Reuters Limited 1997</copyright>
<metadata>
<codes class="bip:countries:1.0">
  <code code="MCDNIA">
    <editdetail attribution="Reuters BIP Coding Group" action="confirmed" date="1997-04-03"/>
  </code>
</codes>
<codes class="bip:topics:1.0">
  <code code="GCAT">
    <editdetail attribution="Reuters BIP Coding Group" action="confirmed" date="1997-04-03"/>
  </code>
</codes>
<dc element="dc.publisher" value="Reuters Holdings Plc"/>
<dc element="dc.date.published" value="1997-04-03"/>
<dc element="dc.source" value="Reuters"/>
<dc element="dc.creator.location.country.name" value="MACEDONIA"/>
<dc element="dc.source" value="Reuters"/>
</metadata>
</newsitem>
