<?xml version="1.0" encoding="iso-8859-1" ?>
<newsitem itemid="375129" id="root" date="1997-02-13" xml:lang="en">
<title>LITHUANIA: Lithuanian shares slide in lacklustre trade.</title>
<headline>Lithuanian shares slide in lacklustre trade.</headline>
<dateline>VILNIUS 1997-02-13</dateline>
<text>
<p>Lithuanian shares slid in lacklustre trade on Thursday, dealers said.</p>
<p>The group A index dropped 125.16 points to 2,441.39 in central market trade of just 816,000 litas.</p>
<p>Birzai Dairy lost ground in the wake of its 1996 results, which fell well below the market's expectations. Its share price dipped to 8.02 litas from 8.75 litas.</p>
<p>Birzai on Wednesday said it made a net 1.89 million litas profit in 1996 after 3.85 million litas profit in 1995.</p>
<p>Lithuania Gas also eased on Thursday, dropping to 2.01 litas from 2.20 litas in turnover of 45,600 litas.</p>
<p>&quot;Lithuania Gas is the main reason for the drop in Thursday's index. Its market capitalization is huge,&quot; one dealer said.</p>
<p>Cardboard maker Medienos Plausas rose to 15 litas from 14.50 litas on trade of 6,000 litas. It earlier reported a sharp fall in 1996 profit to 2.61 million litas from 5.95 million litas.</p>
<p>Kalnapalis Brewery fell to 8.00 litas from 8.50 litas in trade of 8,000 litas.</p>
<p>Market leader Vilniaus Bank lost 10 percent, falling to 1,260 litas in trade worth 7,660 litas.</p>
<p>But dealers expressed confidence that the market, which witnessed an intense bull run last month, would soon pick up steam again.</p>
<p>&quot;The market has been correcting itself. Prices rose too high too fast last month, but most blue chip stocks are not over priced now,&quot; one dealer said.</p>
<p>Turnover on the secondary T-bill market was 9.9 million litas on Thursday and block trades worth almost 1.6 million litas were also made.</p>
<p>-- Ed Stoddard, Riga newsroom +371 721 52 40</p>
</text>
<copyright>(c) Reuters Limited 1997</copyright>
<metadata>
<codes class="bip:countries:1.0">
  <code code="LITH">
    <editdetail attribution="Reuters BIP Coding Group" action="confirmed" date="1997-02-13"/>
  </code>
</codes>
<codes class="bip:topics:1.0">
  <code code="M11">
    <editdetail attribution="Reuters BIP Coding Group" action="confirmed" date="1997-02-13"/>
  </code>
  <code code="MCAT">
    <editdetail attribution="Reuters BIP Coding Group" action="confirmed" date="1997-02-13"/>
  </code>
</codes>
<dc element="dc.date.created" value="1997-02-13"/>
<dc element="dc.publisher" value="Reuters Holdings Plc"/>
<dc element="dc.date.published" value="1997-02-13"/>
<dc element="dc.source" value="Reuters"/>
<dc element="dc.creator.location" value="VILNIUS"/>
<dc element="dc.creator.location.country.name" value="LITHUANIA"/>
<dc element="dc.source" value="Reuters"/>
</metadata>
</newsitem>
