<?xml version="1.0" encoding="iso-8859-1" ?>
<newsitem itemid="104365" id="root" date="1996-10-09" xml:lang="en">
<title>BULGARIA: BULGARIA TO PAY 28 MLN LEVS FOR C.BANK'S AUDIT.</title>
<headline>BULGARIA TO PAY 28 MLN LEVS FOR C.BANK'S AUDIT.</headline>
<dateline>SOFIA 1996-10-09</dateline>
<text>
<p>Bulgaria is to pay 28 million levs ($130,000) to international auditors Deloitte &amp; Touche for performing the audit of the Bulgarian National Bank (BNB), a central bank official said.</p>
<p>&quot;Deloitte &amp; Touche was the most acceptable bidder because of its rich experience in auditing central banks and of the competitive price of 28 million levs it offered,&quot; said a BNB offical, who declined to be named.</p>
<p>The BNB's plenary council chose Deloitte &amp; Touche through a tender among five auditing firms last month to carry out an international audit of the central bank expected to be completed by the end of October.</p>
<p>An annual international audit of the BNB was among the funding requirements of the International Monetary Fund, which sealed a $580 million stand-by loan agreement with Bulgaria in July. -- Sofia Newsroom, (++359-2) 84561</p>
</text>
<copyright>(c) Reuters Limited 1996</copyright>
<metadata>
<codes class="bip:countries:1.0">
  <code code="BUL">
    <editdetail attribution="Reuters BIP Coding Group" action="confirmed" date="1996-10-09"/>
  </code>
  <code code="UK">
    <editdetail attribution="Reuters BIP Coding Group" action="confirmed" date="1996-10-09"/>
  </code>
</codes>
<codes class="bip:industries:1.0">
  <code code="I81401">
    <editdetail attribution="Reuters BIP Coding Group" action="confirmed" date="1996-10-09"/>
  </code>
  <code code="I83600">
    <editdetail attribution="Reuters BIP Coding Group" action="confirmed" date="1996-10-09"/>
  </code>
</codes>
<codes class="bip:topics:1.0">
  <code code="C15">
    <editdetail attribution="Reuters BIP Coding Group" action="confirmed" date="1996-10-09"/>
  </code>
  <code code="C151">
    <editdetail attribution="Reuters BIP Coding Group" action="confirmed" date="1996-10-09"/>
  </code>
  <code code="C33">
    <editdetail attribution="Reuters BIP Coding Group" action="confirmed" date="1996-10-09"/>
  </code>
  <code code="CCAT">
    <editdetail attribution="Reuters BIP Coding Group" action="confirmed" date="1996-10-09"/>
  </code>
</codes>
<dc element="dc.date.created" value="1996-10-09"/>
<dc element="dc.publisher" value="Reuters Holdings Plc"/>
<dc element="dc.date.published" value="1996-10-09"/>
<dc element="dc.source" value="Reuters"/>
<dc element="dc.creator.location" value="SOFIA"/>
<dc element="dc.creator.location.country.name" value="BULGARIA"/>
<dc element="dc.source" value="Reuters"/>
</metadata>
</newsitem>
