<?xml version="1.0" encoding="iso-8859-1" ?>
<newsitem itemid="368279" id="root" date="1997-02-10" xml:lang="en">
<title>PHILIPPINES: Philippine govt securities secondary market rates.</title>
<headline>Philippine govt securities secondary market rates.</headline>
<dateline>MANILA 1997-02-10</dateline>
<text>
<p>The following are secondary market rates quoted by banks on Monday for Philippine government securities. The rates are indicative as maturities are slightly varying.</p>
<p>			     ---------------</p>
<p>  BANK				  RATES BID/OFFER PCT</p>
<p>			     3-mths	   6-mths	  1-year</p>
<p>Bank of America	10.60 /10.50   11.15 /11.05   11.60 /11.50</p>
<p>BPI			10.675/10.65   11.125/11.075  11.55 /11.50</p>
<p>Hongkong Bank	  10.725/10.625  11.15 /11.05   11.60 /11.50</p>
<p>Multinational	  10.70 /10.625  11.20 /11.10   11.65 /11.50</p>
<p>PNB			10.75 /10.575  11.20 /11.10   11.60 /11.50</p>
<p>Standard Chartered   10.70 /10.60   11.15 /11.05   11.60 /11.50</p>
<p>			     ---------------</p>
<p>* To contribute to this page, please fax your quotes to Reuters Manila newsroom on (632) 817 6267. For details, please phone (632) 841 8934</p>
</text>
<copyright>(c) Reuters Limited 1997</copyright>
<metadata>
<codes class="bip:countries:1.0">
  <code code="PHLNS">
    <editdetail attribution="Reuters BIP Coding Group" action="confirmed" date="1997-02-10"/>
  </code>
</codes>
<codes class="bip:topics:1.0">
  <code code="M12">
    <editdetail attribution="Reuters BIP Coding Group" action="confirmed" date="1997-02-10"/>
  </code>
  <code code="MCAT">
    <editdetail attribution="Reuters BIP Coding Group" action="confirmed" date="1997-02-10"/>
  </code>
</codes>
<dc element="dc.date.created" value="1997-02-10"/>
<dc element="dc.publisher" value="Reuters Holdings Plc"/>
<dc element="dc.date.published" value="1997-02-10"/>
<dc element="dc.source" value="Reuters"/>
<dc element="dc.creator.location" value="MANILA"/>
<dc element="dc.creator.location.country.name" value="PHILIPPINES"/>
<dc element="dc.source" value="Reuters"/>
</metadata>
</newsitem>
