<?xml version="1.0" encoding="iso-8859-1" ?>
<newsitem itemid="778398" id="root" date="1997-08-05" xml:lang="en">
<title>COTE D'IVOIRE: Nestle Ivorian coffee plant reopens.</title>
<headline>Nestle Ivorian coffee plant reopens.</headline>
<dateline>ABIDJAN 1997-08-05</dateline>
<text>
<p>Nestle reopened it Nescafe soluble coffee factory unit in Ivory Coast on Monday after an explosion there killed one worker and shut production 10 days ago, the plant's managing director said.</p>
<p>&quot;Production started again on Monday,&quot; Nestle Ivory Coast Manager Francois Prevot told Reuters, adding that production losses had been minimal.</p>
<p>The explosion, in a subsidiary boiler, had followed a fire at the plant, he said.</p>
<p>Nescafe Cote d'Ivoire processed around 25,000 tonnes of green robusta beans to manufacture about 10,000 tonnes of Nescafe soluble coffee in 1995/96 (Oct-Sept), a spokesman said.</p>
<p>Most of the exports were destined for Greece and Senegal.</p>
<p>A coffee roasting plant on the same site in Abidjan had not been affected.</p>
<p>-- Matthew Bunce, Abidjan newsroom + 225 21 90 90</p>
</text>
<copyright>(c) Reuters Limited 1997</copyright>
<metadata>
<codes class="bip:countries:1.0">
  <code code="ICST">
    <editdetail attribution="Reuters BIP Coding Group" action="confirmed" date="1997-08-05"/>
  </code>
</codes>
<codes class="bip:industries:1.0">
  <code code="I41000">
    <editdetail attribution="Reuters BIP Coding Group" action="confirmed" date="1997-08-05"/>
  </code>
</codes>
<codes class="bip:topics:1.0">
  <code code="C21">
    <editdetail attribution="Reuters BIP Coding Group" action="confirmed" date="1997-08-05"/>
  </code>
  <code code="C24">
    <editdetail attribution="Reuters BIP Coding Group" action="confirmed" date="1997-08-05"/>
  </code>
  <code code="CCAT">
    <editdetail attribution="Reuters BIP Coding Group" action="confirmed" date="1997-08-05"/>
  </code>
  <code code="GCAT">
    <editdetail attribution="Reuters BIP Coding Group" action="confirmed" date="1997-08-05"/>
  </code>
  <code code="GDIS">
    <editdetail attribution="Reuters BIP Coding Group" action="confirmed" date="1997-08-05"/>
  </code>
</codes>
<dc element="dc.date.created" value="1997-08-05"/>
<dc element="dc.publisher" value="Reuters Holdings Plc"/>
<dc element="dc.date.published" value="1997-08-05"/>
<dc element="dc.source" value="Reuters"/>
<dc element="dc.creator.location" value="ABIDJAN"/>
<dc element="dc.creator.location.country.name" value="COTE D'IVOIRE"/>
<dc element="dc.source" value="Reuters"/>
</metadata>
</newsitem>
