<?xml version="1.0" encoding="iso-8859-1" ?>
<newsitem itemid="430971" id="root" date="1997-03-10" xml:lang="en">
<title>USA: Northwest Airlines Feb load factor up.</title>
<headline>Northwest Airlines Feb load factor up.</headline>
<dateline>MINNEAPOLIS 1997-03-10</dateline>
<text>
<p>Northwest Airlines Corp said Monday its February passenger load factor rose 1.8 points to 70.9 percent from 69.1 percent in the same year-ago period.</p>
<p>Available seat miles increased 1.9 percent to 7.20 billion from 7.07 billion, and revenue passenger miles gained 4.5 percent to 5.11 billion from 4.89 billion.  </p>
<p>Year to date, the carrier said its passenger load factor advanced 1.7 points to 69.1 percent from 67.4 percent in 1996.</p>
<p>It said available seat miles increased 3.3 percent to 14.96 billion from 14.49 billion, and revenue passenger miles gained 5.7 percent to 10.33 billion from 9.77 billion.</p>
<p>		((Reuters Chicago Newsdesk (312) 408-8787))</p>
</text>
<copyright>(c) Reuters Limited 1997</copyright>
<metadata>
<codes class="bip:countries:1.0">
  <code code="USA">
    <editdetail attribution="Reuters BIP Coding Group" action="confirmed" date="1997-03-10"/>
  </code>
</codes>
<codes class="bip:industries:1.0">
  <code code="I75000">
    <editdetail attribution="Reuters BIP Coding Group" action="confirmed" date="1997-03-10"/>
  </code>
</codes>
<codes class="bip:topics:1.0">
  <code code="C31">
    <editdetail attribution="Reuters BIP Coding Group" action="confirmed" date="1997-03-10"/>
  </code>
  <code code="CCAT">
    <editdetail attribution="Reuters BIP Coding Group" action="confirmed" date="1997-03-10"/>
  </code>
</codes>
<dc element="dc.date.created" value="1997-03-10"/>
<dc element="dc.publisher" value="Reuters Holdings Plc"/>
<dc element="dc.date.published" value="1997-03-10"/>
<dc element="dc.source" value="Reuters"/>
<dc element="dc.creator.location" value="MINNEAPOLIS"/>
<dc element="dc.creator.location.country.name" value="USA"/>
<dc element="dc.source" value="Reuters"/>
</metadata>
</newsitem>
