<?xml version="1.0" encoding="iso-8859-1" ?>
<newsitem itemid="579423" id="root" date="1997-05-13" xml:lang="en">
<title>USA: Forcenergy sets Cook Inlet purchase.</title>
<headline>Forcenergy sets Cook Inlet purchase.</headline>
<dateline>MIAMI 1997-05-13</dateline>
<text>
<p>Forcenergy Inc said Tuesday it has agreed to acquire the working interests in the West McArthur River Field, in Alaska's Cook Inlet.</p>
<p>The company would pay $23.25 million if all the interests are acquired, spokesman Michael McNamara said. This would come from cash on hand, he said.</p>
<p>Forcenergy said its agreement is with Stewart Petroleum Co, owner of a 60.8 percent working interest in the field and a debtor in possession operating under Chapter 11 of the U.S. Bankruptcy Code. An order has been signed by the Bankruptcy Court authorizing the transaction, Forcenergy said.  </p>
<p>McNamara said the agreement is subject to acquiring a minimum working interest of 75 percent, adding Stewart is seeking to expand its interest by acquiring working interests from individuals holding the remaining 39.2 percent.</p>
<p>Forcenergy said the West McArthur River Field is now producing about 1,300 barrels of oil daily net to the 100 percent working interest from proven reserves of about 2,973,100 barrels of oil.</p>
<p>The company said it plans to implement a waterflood pressure maintenance program which is expected to stabilize production and increase proven reserves.</p>
<p>Included in the planned acquisition is Stewart Petroleum's interest in six exploratory leases, Forcenergy said. Two of the exploratory leases, in which Stewart has a 33 percent working interest, are associated with a recognized exploratory prospect with up to 100 million barrels gross unrisked potential.  ((-- Jim Brumm 212-859-1710.))</p>
</text>
<copyright>(c) Reuters Limited 1997</copyright>
<metadata>
<codes class="bip:countries:1.0">
  <code code="USA">
    <editdetail attribution="Reuters BIP Coding Group" action="confirmed" date="1997-05-13"/>
  </code>
</codes>
<codes class="bip:industries:1.0">
  <code code="I13000">
    <editdetail attribution="Reuters BIP Coding Group" action="confirmed" date="1997-05-13"/>
  </code>
  <code code="I1300013">
    <editdetail attribution="Reuters BIP Coding Group" action="confirmed" date="1997-05-13"/>
  </code>
</codes>
<codes class="bip:topics:1.0">
  <code code="C16">
    <editdetail attribution="Reuters BIP Coding Group" action="confirmed" date="1997-05-13"/>
  </code>
  <code code="C18">
    <editdetail attribution="Reuters BIP Coding Group" action="confirmed" date="1997-05-13"/>
  </code>
  <code code="C182">
    <editdetail attribution="Reuters BIP Coding Group" action="confirmed" date="1997-05-13"/>
  </code>
  <code code="C24">
    <editdetail attribution="Reuters BIP Coding Group" action="confirmed" date="1997-05-13"/>
  </code>
  <code code="CCAT">
    <editdetail attribution="Reuters BIP Coding Group" action="confirmed" date="1997-05-13"/>
  </code>
</codes>
<dc element="dc.date.created" value="1997-05-13"/>
<dc element="dc.publisher" value="Reuters Holdings Plc"/>
<dc element="dc.date.published" value="1997-05-13"/>
<dc element="dc.source" value="Reuters"/>
<dc element="dc.creator.location" value="MIAMI"/>
<dc element="dc.creator.location.country.name" value="USA"/>
<dc element="dc.source" value="Reuters"/>
</metadata>
</newsitem>
