<?xml version="1.0" encoding="iso-8859-1" ?>
<newsitem itemid="597519" id="root" date="1997-05-20" xml:lang="en">
<title>HUNGARY: Hungary's BUX ends officially at 5,887.75 pts.</title>
<headline>Hungary's BUX ends officially at 5,887.75 pts.</headline>
<dateline>BUDAPEST 1997-05-20</dateline>
<text>
<p>The BUX index of the Budapest Stock Exchange closed officially at 5,887.75 points, up 6.83.</p>
<p>Spot share turnover totalled 4.255 billion forints.</p>
<p>BUX futures ended lower for all maturities, by between 55 and 121 points.</p>
<p>-- Budapest newsroom +36 1 327-4040</p>
</text>
<copyright>(c) Reuters Limited 1997</copyright>
<metadata>
<codes class="bip:countries:1.0">
  <code code="HUNG">
    <editdetail attribution="Reuters BIP Coding Group" action="confirmed" date="1997-05-20"/>
  </code>
</codes>
<codes class="bip:topics:1.0">
  <code code="M11">
    <editdetail attribution="Reuters BIP Coding Group" action="confirmed" date="1997-05-20"/>
  </code>
  <code code="MCAT">
    <editdetail attribution="Reuters BIP Coding Group" action="confirmed" date="1997-05-20"/>
  </code>
</codes>
<dc element="dc.date.created" value="1997-05-20"/>
<dc element="dc.publisher" value="Reuters Holdings Plc"/>
<dc element="dc.date.published" value="1997-05-20"/>
<dc element="dc.source" value="Reuters"/>
<dc element="dc.creator.location" value="BUDAPEST"/>
<dc element="dc.creator.location.country.name" value="HUNGARY"/>
<dc element="dc.source" value="Reuters"/>
</metadata>
</newsitem>
