<?xml version="1.0" encoding="iso-8859-1" ?>
<newsitem itemid="261173" id="root" date="1996-12-17" xml:lang="en">
<title>MEXICO: Two hurt in Mexico explosion, 2000 evacuated.</title>
<headline>Two hurt in Mexico explosion, 2000 evacuated.</headline>
<dateline>GUADALAJARA, Mexico 1996-12-16</dateline>
<text>
<p>About 2,000 people were evacuated from a central neighborhood in the western city of Guadalajara Monday after an underground explosion injured two people, Mexican authorities said.</p>
<p>Jalisco state Civil Protection official Armando Duran told reporters an underground chamber containing equipment belonging to the Federal Electricity Commission (CFE) and Telefonos de Mexico exploded when two inspectors engineers opened it.</p>
<p>Civil Protection chief Arturo Paz Garcia said the blast was caused by a short-circuit which caused a spark and ignited unidentified gases that had accumulated in the chamber.  He said there was no risk of further explosions and no gasoline had been detected.</p>
<p>Guadalajara was the scene of a huge series of gasoline explosions in the city sewer system in April 1992 which killed at least 208 people.</p>
</text>
<copyright>(c) Reuters Limited 1996</copyright>
<metadata>
<codes class="bip:countries:1.0">
  <code code="MEX">
    <editdetail attribution="Reuters BIP Coding Group" action="confirmed" date="1996-12-17"/>
  </code>
</codes>
<codes class="bip:industries:1.0">
  <code code="I16100">
    <editdetail attribution="Reuters BIP Coding Group" action="confirmed" date="1996-12-17"/>
  </code>
  <code code="I79020">
    <editdetail attribution="Reuters BIP Coding Group" action="confirmed" date="1996-12-17"/>
  </code>
</codes>
<codes class="bip:topics:1.0">
  <code code="C24">
    <editdetail attribution="Reuters BIP Coding Group" action="confirmed" date="1996-12-17"/>
  </code>
  <code code="CCAT">
    <editdetail attribution="Reuters BIP Coding Group" action="confirmed" date="1996-12-17"/>
  </code>
  <code code="GCAT">
    <editdetail attribution="Reuters BIP Coding Group" action="confirmed" date="1996-12-17"/>
  </code>
  <code code="GDIS">
    <editdetail attribution="Reuters BIP Coding Group" action="confirmed" date="1996-12-17"/>
  </code>
</codes>
<dc element="dc.date.created" value="1996-12-16"/>
<dc element="dc.publisher" value="Reuters Holdings Plc"/>
<dc element="dc.date.published" value="1996-12-17"/>
<dc element="dc.source" value="Reuters"/>
<dc element="dc.creator.location" value="GUADALAJARA, Mexico"/>
<dc element="dc.creator.location.country.name" value="MEXICO"/>
<dc element="dc.source" value="Reuters"/>
</metadata>
</newsitem>
