<?xml version="1.0" encoding="iso-8859-1" ?>
<newsitem itemid="768617" id="root" date="1997-07-31" xml:lang="en">
<title>UK: TABLE - Consensus of UK economic indicators.</title>
<headline>TABLE - Consensus of UK economic indicators.</headline>
<text>
<p>GMT ----------KEY INDICATOR-----------F/CAST-----RANGE---PRVS</p>
<p>*ECONOMIC INDICATORS WEEK COMMENCING JULY 28</p>
<p> 0830 Tue   UK  M4 (FINAL) SA   JUN   0.8  PCT  0.5/1.1    1.4</p>
<p> 0830 Tue   UK  M4 (FINAL)(Y/Y) JUN   11.2 PCT 10.8/11.5  11.1</p>
<p> 0830 Tue   UK  M4 LENDING (FINAJUN   6.3  BLN  5.0/8.0    9.1</p>
<p> 0830 Tue   UK  CONSUMER CREDIT JUN   1.0  BLN  0.8/1.2  1105.</p>
<p> 0830 Fri   UK  PURCH MGR. INDEXJUL   N/F  PCT  0.0/0.0   53.4</p>
<p>*ECONOMIC INDICATORS WEEK COMMENCING AUGUST 4</p>
<p> 0830 Mon   UK  M0 (PROV) SA    JUL   0.5  PCT  0.5/0.5    1.0</p>
<p> 0830 Mon   UK  M0 (PROV) Y/Y   JUL   6.2  PCT  6.2/6.2    6.3</p>
<p> 0830 Mon   UK  OFFICIAL RSRVS $JUL   N/F	 0.0/0.0   -2.0</p>
<p> 0830 Mon   UK  PURCH MGR SRVCS JUL   N/F  PCT  0.0/0.0   62.9</p>
<p> 0830 Mon   UK  HOUSING CMPLTNS JUN   N/F	 0.0/0.0   43.6</p>
<p> 0830 Mon   UK  HOUSING STARTS (JUN   N/F  K    0.0/0.0   50.4</p>
<p> 0830 Tue   UK  INDUSTRIAL PROD JUN   N/   PCT  0.0/0.0   -0.2</p>
<p> 0830 Tue   UK  INDUSTRIAL (Y/Y)JUN   N/F  PCT  0.0/0.0   -0.9</p>
<p> 0830 Tue   UK  MANUF. OUTPUT   JUN   N/F  PCT  0.0/0.0    1.0</p>
<p> 0830 Tue   UK  MANUF. (Y/Y)    JUN   N/F  PCT  0.0/0.0   -1.1</p>
<p> 1000 Tue   UK  CBI REGIONAL TREAUG   N/F	 0.0/0.0    N/A</p>
<p> 0830 Thu   UK  CONST'N NEW ORDSJUN   N/F  PCT  0.0/0.0    N/A</p>
<p> 0900 Thu   UK  CBI SVY OF DISTRJUL   N/F	 0.0/0.0    N/A</p>
<p>*ECONOMIC INDICATORS WEEK COMMENCING AUGUST 11</p>
<p> 0830 Mon   UK  OUTPUT EX FDT   JUL   N/F  PCT  0.0/0.0   -0.2</p>
<p> 0830 Mon   UK  OUTPUT X FDT Y/YJUL   N/F  PCT  0.0/0.0    0.6</p>
<p> 0830 Mon   UK  PPI (INPUT) SA  JUL   N/F  PCT  0.0/0.0   -1.4</p>
<p> 0830 Mon   UK  PPI (INPUT) Y/Y JUL   N/F  PCT  0.0/0.0   -8.6</p>
<p> 0830 Mon   UK  PPI (OUTPUT) NSAJUL   N/F  PCT  0.0/0.0   -0.2</p>
<p> 0830 Mon   UK  PPI (OUTPUT)Y/Y JUL   N/F  PCT  0.0/0.0    1.1</p>
<p> 0830 Tue   UK  RETAIL PRI (Y/Y)JUL   2.1  PCT  2.1/2.1    N/A</p>
<p> 0830 Tue   UK  RETAIL PRICES   JUL   N/F  PCT  0.0/0.0    N/A</p>
<p> 0830 Tue   UK  RPI-X	 Y/Y JUL   2.6  PCT  2.6/2.6    N/A</p>
<p> 0830 Tue   UK  RPI-Y	 Y/Y JUL   N/F  PCT  0.0/0.0    N/A</p>
<p> 0830 Wed   UK  AVERAGE EARNINGSJUN   N/F  PCT  0.0/0.0    4.3</p>
<p> 0830 Wed   UK  UNEMPLOYMENT    JUL   N/F  K    0.0/0.0  -3650</p>
<p> 0830 Wed   UK  UNEMPLOYMENT    JUL   N/F  PCT  0.0/0.0    5.7</p>
<p> 0830 Wed   UK  WAGE COSTS 3MTH/JUN   N/F PCT   0.0/0.0    2.4</p>
<p>*ECONOMIC INDICATORS WEEK COMMENCING AUGUST 18</p>
<p> 0830 Mon   UK  PSBR		JUL   -3.0 BLN -3.0/-3.0   N/A</p>
<p> 0830 Wed   UK  RETAIL SALES SA JUL   N/F  PCT  0.0/0.0    0.6</p>
<p> 0830 Wed   UK  RETAIL SLS (Y/Y)JUL   N/F PCT   0.0/0.0    5.4</p>
<p> 0830 Wed   UK  M4     (PROV.)  JUL   N/F PCT   0.0/0.0    0.9</p>
<p> 0830 Wed   UK  M4     (PROV;Y/YJUL   N/F PCT   0.0/0.0   11.6</p>
<p> 0830 Wed   UK  M4 LENDING	JUL   N/F PCT   0.0/0.0    5.5</p>
<p> 0830 Wed   UK  B/S NET MORT APPJUL   N/F BLN   0.0/0.0    N/A</p>
<p> 0830 Thu   UK  GDP (FINAL) Q/Q Q2    0.9  PCT  0.9/0.9    0.9</p>
<p> 0830 Thu   UK  GDP (FINAL) Y/Y Q2    3.3  PCT  3.3/3.3    3.1</p>
<p> 0830 Thu   UK  GDP EX OIL (FINAQ2    N/F PCT   0.0/0.0    1.0</p>
<p> 0830 Thu   UK  GDP EX OIL Y/Y  Q2    N/F PCT   0.0/0.0    3.1</p>
<p> 1030 Thu   UK  CBI MONTHLY TRENAUG   N/F	 0.0/0.0    N/A</p>
<p> 0830 Fri   UK  MOTOR VHCL PROD JUL   N/F PCT   0.0/0.0    N/A</p>
<p>*ECONOMIC INDICATORS WEEK COMMENCING AUGUST 25</p>
<p> 0830 Wed   UK  TRADE IN GOODS  JUN   N/F MLN   0.0/0.0   -508</p>
<p> 0830 Wed   UK  TRD IN GDS EX OIJUN   N/F MLN   0.0/0.0   -953</p>
<p> 0830 Wed   UK  NON-EU TRADE    JUL   N/F MLN   0.0/0.0   -713</p>
<p> 0830 Wed   UK  HICP (Y/Y)	JUL   N/F PCT   0.0/0.0    N/A</p>
<p>*ECONOMIC INDICATORS WEEK COMMENCING SEPTEMBER 1</p>
<p> 0830 Mon   UK  CONSUMER CREDIT  JUL  N/F  MLN     N/A     N/A</p>
<p> 0830 Mon   UK  PURCH MGR. INDEX.AUG  N/F  PCT     N/A     N/A</p>
<p> 0830 Mon   UK  M4 (FINAL)	 JUL  N/F  PCT     N/A     N/A</p>
<p> 0830 Mon   UK  M4 (FINAL)(Y/Y)  JUL  N/F  PCT     N/A     N/A</p>
<p> 0830 Mon   UK  M4 LENDING (FINALJUL  N/F  BLN     N/A     N/A</p>
<p> 0830 Mon   UK  M0 (PROV) SA     AUG  N/F  PCT     N/A     N/A</p>
<p> 0830 Mon   UK  M0 (PROV) Y/Y    AUG  N/F  PCT     N/A     N/A</p>
<p> 0830 Tue   UK  OFFICIAL RSRVS $ AUG  N/F  MLN     N/A     N/A</p>
<p> 0830 Thu UK CONST'N NEW ORDS    JUL  N/F  PCT     N/A     N/A</p>
<p> 0830 Thu   UK  PURCH MGR SRVCS  AUG  N/F  PCT     N/A     N/A</p>
<p> 0830 Fri   UK  HOUSING CMPLTNS (JUL  N/F  K	 N/A     N/A</p>
<p> 0830 Fri   UK  HOUSING STARTS (YJUL  N/F  K	 N/A     N/A</p>
<p>*ECONOMIC INDICATORS WEEK COMMENCING SEPTEMBER 8</p>
<p> 0830 Mon   UK  INDUSTRIAL PROD  JUL  N/F  PCT     N/A     N/A</p>
<p> 0830 Mon   UK  INDUSTRIAL (Y/Y) JUL  N/F  PCT     N/A     N/A</p>
<p> 0830 Mon   UK  MANUF. OUTPUT    JUL  N/F  PCT     N/A     N/A</p>
<p> 0830 Mon   UK  MANUF. (Y/Y)     JUL  N/F  PCT     N/A     N/A</p>
<p> 0830 Mon   UK  PPI (OUTPUT) NSA AUG  N/F  PCT     N/A     N/A</p>
<p> 0830 Mon   UK  PPI (OUTPUT)Y/Y  AUG  N/F  PCT     N/A     N/A</p>
<p> 0830 Mon   UK OUTPUT EX FDT     AUG  N/F  PCT     N/A     N/A</p>
<p> 0830 Mon   UK  OUTPUT X FDT Y/Y AUG  N/F  PCT     N/A     N/A</p>
<p> 0830 Mon   UK  PPI (INPUT) SA   AUG  N/F  PCT     N/A     N/A</p>
<p> 0830 Mon   UK  PPI (INPUT) Y/Y  AUG  N/F  PCT     N/A     N/A</p>
<p> 0830 Tue   UK  RETAIL PRICES    AUG  N/F  PCT     N/A     N/A</p>
<p> 0830 Tue   UK  RETAIL PRI (Y/Y) AUG  N/F  PCT     N/A     N/A</p>
<p> 0830 Tue   UK  RPI-X	 Y/Y  AUG  N/F  PCT     N/A     N/A</p>
<p> 0830 Tue   UK  RPI-Y	 Y/Y  AUG  N/F  PCT     N/A     N/A</p>
<p>*ECONOMIC INDICATORS WEEK COMMENCING SEPTEMBER 15</p>
<p> 0830 Tue   UK  PSBR		 AUG  N/F  BLN     N/A     N/A</p>
<p> 0830 Wed   UK  RETAIL SALES SA  AUG  N/F  PCT     N/A     N/A</p>
<p> 0830 Wed   UK  RETAIL SLS (Y/Y) AUG  N/F  PCT     N/A     N/A</p>
<p> 0830 Wed   UK  WAGE COSTS 3MTH/3JUL  N/F  PCT     N/A     N/A</p>
<p> 0830 Wed   UK  UNEMPLOYMENT     AUG  N/F  K	 N/A     N/A</p>
<p> 0830 Wed   UK  UNEMPLOYMENT     AUG  N/F  PCT     N/A     N/A</p>
<p> 0830 Wed   UK  AVERAGE EARNINGS JUL  N/F  PCT     N/A     N/A</p>
<p> 0830 Thu   UK  MOTOR VHCL PROD  AUG  N/F  PCT     N/A     N/A</p>
<p> 0830 Thu   UK  B/S NET MORT APPSAUG  N/F  BLN     N/A     N/A</p>
<p> 0830 Thu   UK  M4     (PROV.)   AUG  N/F  PCT     N/A     N/A</p>
<p> 0830 Thu   UK  M4 LENDING	 AUG  N/F  PCT     N/A     N/A</p>
<p> 0930 Thu   UK  M4     (PROV;Y/Y)JUL  N/F  PCT     N/A     N/A</p>
<p> 1030 Thu   UK  CBI MONTHLY TRENDSEP  N/F	    N/A     N/A</p>
<p>*ECONOMIC INDICATORS WEEK COMMENCING SEPTEMBER 22</p>
<p> 0830 Tue   UK  CURRENT ACCOUNT  Q2  -0.6  BLN  -1.8/0.6   1.5</p>
<p> 0830 Tue   UK  TRADE IN GOODS   Q2  -3.2  BLN  -4.0/-2.2 -2.1</p>
<p> 0830 Thu   UK  HICP (Y/Y)	 AUG  N/F  PCT     N/A     N/A</p>
<p> 0830 Thu   UK  TRADE IN GOODS   JUL  N/F  MLN     N/A     N/A</p>
<p> 0830 Thu   UK TRD IN GDS EX OIL JUL  N/F  MLN     N/A     N/A</p>
<p> 0830 Thu   UK  NON-EU TRADE     AUG  N/F  MLN     N/A     N/A</p>
<p>** Joanne Russell London newsroom 44 171 542 7902 **</p>
</text>
<copyright>(c) Reuters Limited 1997</copyright>
<metadata>
<codes class="bip:countries:1.0">
  <code code="UK">
    <editdetail attribution="Reuters BIP Coding Group" action="confirmed" date="1997-07-31"/>
  </code>
</codes>
<codes class="bip:topics:1.0">
  <code code="E71">
    <editdetail attribution="Reuters BIP Coding Group" action="confirmed" date="1997-07-31"/>
  </code>
  <code code="ECAT">
    <editdetail attribution="Reuters BIP Coding Group" action="confirmed" date="1997-07-31"/>
  </code>
</codes>
<dc element="dc.publisher" value="Reuters Holdings Plc"/>
<dc element="dc.date.published" value="1997-07-31"/>
<dc element="dc.source" value="Reuters"/>
<dc element="dc.creator.location.country.name" value="UK"/>
<dc element="dc.source" value="Reuters"/>
</metadata>
</newsitem>
