<?xml version="1.0" encoding="iso-8859-1" ?>
<newsitem itemid="441129" id="root" date="1997-03-13" xml:lang="en">
<title>CZECH REPUBLIC: Czech PX50 closes lower in stagnant market.</title>
<headline>Czech PX50 closes lower in stagnant market.</headline>
<dateline>PRAGUE 1997-03-13</dateline>
<text>
<p>The Czech PX50 moved in familiar fashion on Thursday with major issues pulling the index slightly lower and activity remaining low.</p>
<p>The PX50 dropped 3.9 points, 0.67 percent, to 574.6 and the RPIX index of continuouisly traded shares fell 13.3 points, 1.09 percent, to 1,202.8.</p>
<p>In the broader market, shares in the Czech Republic's largest construction company IPS Praha defied the predictions of many analysts and posted a one crown gain to 276.</p>
<p>Many analysts changed thier recommendations on IPS to a sell after the company reported preliminary 1996 net profits of 91 million crowns - a 45 percent drop compared with the previous year.</p>
<p>A report by ABN AMRO Hoare Govett said the figures were particularly worrying because managemnt had predicted a rise in 1996 profits as late as last November.</p>
<p>&quot;They (the results) are at odds with management forecasts released on 14 November 1996 predicting that net profit would increase to CZK 182 million,&quot; the report said.</p>
</text>
<copyright>(c) Reuters Limited 1997</copyright>
<metadata>
<codes class="bip:countries:1.0">
  <code code="CZREP">
    <editdetail attribution="Reuters BIP Coding Group" action="confirmed" date="1997-03-13"/>
  </code>
</codes>
<codes class="bip:topics:1.0">
  <code code="M11">
    <editdetail attribution="Reuters BIP Coding Group" action="confirmed" date="1997-03-13"/>
  </code>
  <code code="MCAT">
    <editdetail attribution="Reuters BIP Coding Group" action="confirmed" date="1997-03-13"/>
  </code>
</codes>
<dc element="dc.date.created" value="1997-03-13"/>
<dc element="dc.publisher" value="Reuters Holdings Plc"/>
<dc element="dc.date.published" value="1997-03-13"/>
<dc element="dc.source" value="Reuters"/>
<dc element="dc.creator.location" value="PRAGUE"/>
<dc element="dc.creator.location.country.name" value="CZECH REPUBLIC"/>
<dc element="dc.source" value="Reuters"/>
</metadata>
</newsitem>
