<?xml version="1.0" encoding="iso-8859-1" ?>
<newsitem itemid="191442" id="root" date="1996-11-15" xml:lang="en">
<title>USA: Penril approve Access spinoff, merger.</title>
<headline>Penril approve Access spinoff, merger.</headline>
<dateline>GAITHERSBURG, Md. 1996-11-15</dateline>
<text>
<p>Penril DataComm Networks said on Friday that its shareholders approved a transaction to distribute shares of its Access Beyond remote access products business to shareholders.</p>
<p>The spinoff would establish Access Beyond as a new publicly-traded company, Penril said.</p>
<p>Shareholders also approved Penril's previously announced agreement with Bay Networks Inc, the company said. After the spin-off, Bay Networks would acquire Penril's modem business in a tax-free stock transaction.</p>
<p>Penril shareholders would receive one new share of Access Beyond for each Penril share held as of the November 14 record date, the company said.</p>
<p>At the close of the sale to Bay Networks, expected on November 18, each Penril holder on that date would receive 0.448 shares of Bay Networks stock for every Penril share, the company said.</p>
</text>
<copyright>(c) Reuters Limited 1996</copyright>
<metadata>
<codes class="bip:countries:1.0">
  <code code="USA">
    <editdetail attribution="Reuters BIP Coding Group" action="confirmed" date="1996-11-15"/>
  </code>
</codes>
<codes class="bip:industries:1.0">
  <code code="I33020">
    <editdetail attribution="Reuters BIP Coding Group" action="confirmed" date="1996-11-15"/>
  </code>
  <code code="I3302021">
    <editdetail attribution="Reuters BIP Coding Group" action="confirmed" date="1996-11-15"/>
  </code>
  <code code="I34410">
    <editdetail attribution="Reuters BIP Coding Group" action="confirmed" date="1996-11-15"/>
  </code>
</codes>
<codes class="bip:topics:1.0">
  <code code="C18">
    <editdetail attribution="Reuters BIP Coding Group" action="confirmed" date="1996-11-15"/>
  </code>
  <code code="C181">
    <editdetail attribution="Reuters BIP Coding Group" action="confirmed" date="1996-11-15"/>
  </code>
  <code code="CCAT">
    <editdetail attribution="Reuters BIP Coding Group" action="confirmed" date="1996-11-15"/>
  </code>
</codes>
<dc element="dc.date.created" value="1996-11-15"/>
<dc element="dc.publisher" value="Reuters Holdings Plc"/>
<dc element="dc.date.published" value="1996-11-15"/>
<dc element="dc.source" value="Reuters"/>
<dc element="dc.creator.location" value="GAITHERSBURG, Md."/>
<dc element="dc.creator.location.country.name" value="USA"/>
<dc element="dc.source" value="Reuters"/>
</metadata>
</newsitem>
