<?xml version="1.0" encoding="iso-8859-1" ?>
<newsitem itemid="726352" id="root" date="1997-07-14" xml:lang="en">
<title>USA: TABLE - Supertex Inc Q1 results.</title>
<headline>TABLE - Supertex Inc Q1 results.</headline>
<dateline>SUNNYVALE, Calif. 1997-07-14</dateline>
<text>
<p>SUPERTEX, INC.</p>
<p>			 INCOME STATEMENT INFORMATION (unaudited)</p>
<p>					  First Quarter Ended June 30,</p>
<p>					   1997			  1996</p>
<p>			   (in thousands, except per share amounts)</p>
<p> Net Sales			$  12,313		   $  12,461</p>
<p> Cost of Sales			6,680			 6,310</p>
<p>    Gross Profit		    5,633			 6,151</p>
<p> Research and development	 1,376			 1,310</p>
<p>Selling, general and</p>
<p>  administrative		    1,634			 1,594</p>
<p>    Income from operations	2,623			 3,247</p>
<p> Interest and other income	  371			   367</p>
<p> Income before income taxes     2,994			 3,614</p>
<p> Provision for income taxes     1,018			 1,156</p>
<p> Net income			   1,976			 2,458</p>
<p> Net income per share		0.16			  0.20</p>
<p>Shares used in per share</p>
<p>  computation			12,379			12,495</p>
</text>
<copyright>(c) Reuters Limited 1997</copyright>
<metadata>
<codes class="bip:countries:1.0">
  <code code="USA">
    <editdetail attribution="Reuters BIP Coding Group" action="confirmed" date="1997-07-14"/>
  </code>
</codes>
<codes class="bip:industries:1.0">
  <code code="I34400">
    <editdetail attribution="Reuters BIP Coding Group" action="confirmed" date="1997-07-14"/>
  </code>
</codes>
<codes class="bip:topics:1.0">
  <code code="C15">
    <editdetail attribution="Reuters BIP Coding Group" action="confirmed" date="1997-07-14"/>
  </code>
  <code code="C151">
    <editdetail attribution="Reuters BIP Coding Group" action="confirmed" date="1997-07-14"/>
  </code>
  <code code="CCAT">
    <editdetail attribution="Reuters BIP Coding Group" action="confirmed" date="1997-07-14"/>
  </code>
</codes>
<dc element="dc.date.created" value="1997-07-14"/>
<dc element="dc.publisher" value="Reuters Holdings Plc"/>
<dc element="dc.date.published" value="1997-07-14"/>
<dc element="dc.source" value="Reuters"/>
<dc element="dc.creator.location" value="SUNNYVALE, Calif."/>
<dc element="dc.creator.location.country.name" value="USA"/>
<dc element="dc.source" value="Reuters"/>
</metadata>
</newsitem>
