<?xml version="1.0" encoding="iso-8859-1" ?>
<newsitem itemid="696240" id="root" date="1997-06-30" xml:lang="en">
<title>USA: U.S. stock index futures turn higher, eye 900.00.</title>
<headline>U.S. stock index futures turn higher, eye 900.00.</headline>
<text>
<p>June 30 - U.S. stock index futures turned higher around the 1400 CDT close of bond futures trading and were approaching the highs set early in the session. September S&amp;P 500 futures were gunning for 900.00 level after spending the day crawling back from morning dive down to 886.00 on strong U.S. economic data. September Treasury bond ended down 18/32 at 111-01.</p>
<p>((Derivatives Desk(312)408-8750))</p>
<p>E-mail:derivatives@reuters.com</p>
</text>
<copyright>(c) Reuters Limited 1997</copyright>
<metadata>
<codes class="bip:countries:1.0">
  <code code="USA">
    <editdetail attribution="Reuters BIP Coding Group" action="confirmed" date="1997-06-30"/>
  </code>
</codes>
<codes class="bip:topics:1.0">
  <code code="M11">
    <editdetail attribution="Reuters BIP Coding Group" action="confirmed" date="1997-06-30"/>
  </code>
  <code code="MCAT">
    <editdetail attribution="Reuters BIP Coding Group" action="confirmed" date="1997-06-30"/>
  </code>
</codes>
<dc element="dc.publisher" value="Reuters Holdings Plc"/>
<dc element="dc.date.published" value="1997-06-30"/>
<dc element="dc.source" value="Reuters"/>
<dc element="dc.creator.location.country.name" value="USA"/>
<dc element="dc.source" value="Reuters"/>
</metadata>
</newsitem>
