<?xml version="1.0" encoding="iso-8859-1" ?>
<newsitem itemid="274614" id="root" date="1996-12-24" xml:lang="en">
<title>BELARUS: GOVERNMENT LIST.</title>
<headline>GOVERNMENT LIST.</headline>
<text>
<p>BELARUS GOVERNMENT LIST (961224)</p>
<p> *************************************************************</p>
<p> * 28 Nov 96 - President Lukashenko signed a new constitution*</p>
<p> *		 which will extend his term beyond 2000.	 *</p>
<p> *************************************************************</p>
<p> President (Sworn in 20 Jul 94)...........Alexander LUKASHENKO</p>
<p> Chairman of Parliament.......................Semyon SHARETSKY</p>
<p>			     - - - - - - -</p>
<p> Prime Minister (Apptd 18 Nov 96)..................Sergei LING</p>
<p> First Deputy Prime Minister.................Pyotr PROKOPOVYCH</p>
<p>Deputy Prime Ministers:</p>
<p>    i/c Financial Control.....................Vasily DOLGOLYOV</p>
<p>    i/c Fuel &amp; Energy...........................Valery KOKOREV</p>
<p>    i/c Economy.........................................Vacant</p>
<p>    i/c Social Affairs.....................Vladimir RUSAKEVICH</p>
<p>    i/c Agriculture............................Vladimir GARKUN</p>
<p>			     - - - - - - -</p>
<p>MINISTERS:</p>
<p> Agriculture.....................................Vasily LEONOV</p>
<p> Anti-Monopoly Affairs..............................Ivan LYAKH</p>
<p> Chairman, Security Service (KGB)..........Vladimir MATSKEVICH</p>
<p> Chairman, State Aviation Committee...........Grigory FYODOROV</p>
<p> Chairman, State Radio, TV.......................Grigory KISEL</p>
<p> Chernobyl, Emergency Situations....................Ivan KENIK</p>
<p> CIS Affairs......................................Ivan BAMBIZA</p>
<p> Communal Services................................Boris BATURA</p>
<p> Communications...........................Vladimir GONCHARENKO</p>
<p> Culture...................................Alexander SASNOWSKI</p>
<p> Defence.............................Lt-Gen Alexander CHUMAKOV</p>
<p> Economy.......................................Vladimir SHIMOV</p>
<p> Education &amp; Science...........................Vasily STRAZHEV</p>
<p> Entrepreneurship &amp; Anti-Monopoly............Alexander SAZONOV</p>
<p> Finance.............................................Pavel DIK</p>
<p> Foreign Affairs................................Vladimir SENKO</p>
<p> Foreign Trade................................Mikhail MARINICH</p>
<p> Fuel &amp; Energy..............................Valentin GERASIMOV</p>
<p> Health..................................Inessa DROBYSHEVSKAYA</p>
<p> Industry................................ ......Anatol KHARLAP</p>
<p> Interior.....................................Valentin AGOLETS</p>
<p> Justice.......................................Valentin SUKALO</p>
<p> Labour.............................................Ivan LYAKH</p>
<p> Natural Resources, Environment..................Mikhail RUSAG</p>
<p> Privatisation &amp; State Property...................Vasily NOVAK</p>
<p> Social Services...................................Olga DARGEL</p>
<p> Trade............................................Pyotr KOZLOV</p>
<p> Transport..................................Alexander LUKASHOV</p>
<p>				- - - - - - -</p>
<p> Central Bank Chairman........................Tamara VINNIKOVA</p>
<p>				- - - - - - -</p>
<p>	 NOTE: Any comments/queries on the content of this</p>
<p>		 government list, please contact the Reuter</p>
<p>		 Editorial Reference Unit, London, on (171) 542</p>
<p>		 7968.</p>
<p>			 (End Government List)</p>
</text>
<copyright>(c) Reuters Limited 1996</copyright>
<metadata>
<codes class="bip:countries:1.0">
  <code code="BYELRS">
    <editdetail attribution="Reuters BIP Coding Group" action="confirmed" date="1996-12-24"/>
  </code>
</codes>
<codes class="bip:topics:1.0">
  <code code="GCAT">
    <editdetail attribution="Reuters BIP Coding Group" action="confirmed" date="1996-12-24"/>
  </code>
  <code code="GPOL">
    <editdetail attribution="Reuters BIP Coding Group" action="confirmed" date="1996-12-24"/>
  </code>
</codes>
<dc element="dc.publisher" value="Reuters Holdings Plc"/>
<dc element="dc.date.published" value="1996-12-24"/>
<dc element="dc.source" value="Reuters"/>
<dc element="dc.creator.location.country.name" value="BELARUS"/>
<dc element="dc.source" value="Reuters"/>
</metadata>
</newsitem>
