<?xml version="1.0" encoding="iso-8859-1" ?>
<newsitem itemid="77010" id="root" date="1996-09-25" xml:lang="en">
<title>PHILIPPINES: U.S. rate decision fails to boost Manila shares.</title>
<headline>U.S. rate decision fails to boost Manila shares.</headline>
<dateline>MANILA 1996-09-25</dateline>
<text>
<p>Philippine shares closed lower on Wednesday with investors failing to find inspiration in the U.S. decision not to raise interest rates, traders said.</p>
<p>&quot;The market has probably discounted the rate issue,&quot; Joey Roxas, president of Eagle Securities, said.</p>
<p>The Philippine Stock Exchange Index closed weaker by 1.44 points, or 0.04 percent, at 3,235.04.  </p>
<p>The market closed mixed as advancers outnumbered decliners 67 to 49 with 70 unchanged issues.</p>
<p>&quot;There was lack of interest in most commercial issues and the focus remained on the speculative stocks,&quot; said Teresa Lee, trader at Lippo Securities.</p>
<p>The listing of Music Semiconductors Corp on Thursday is expected to usher in liquidity, traders said.</p>
<p>    - KATHERINE ESPINA   63 2 841-8937 Fax 8176267</p>
</text>
<copyright>(c) Reuters Limited 1996</copyright>
<metadata>
<codes class="bip:countries:1.0">
  <code code="PHLNS">
    <editdetail attribution="Reuters BIP Coding Group" action="confirmed" date="1996-09-25"/>
  </code>
</codes>
<codes class="bip:topics:1.0">
  <code code="M11">
    <editdetail attribution="Reuters BIP Coding Group" action="confirmed" date="1996-09-25"/>
  </code>
  <code code="MCAT">
    <editdetail attribution="Reuters BIP Coding Group" action="confirmed" date="1996-09-25"/>
  </code>
</codes>
<dc element="dc.date.created" value="1996-09-25"/>
<dc element="dc.publisher" value="Reuters Holdings Plc"/>
<dc element="dc.date.published" value="1996-09-25"/>
<dc element="dc.source" value="Reuters"/>
<dc element="dc.creator.location" value="MANILA"/>
<dc element="dc.creator.location.country.name" value="PHILIPPINES"/>
<dc element="dc.source" value="Reuters"/>
</metadata>
</newsitem>
