<?xml version="1.0" encoding="iso-8859-1" ?>
<newsitem itemid="759047" id="root" date="1997-07-28" xml:lang="en">
<title>USA: RESEARCH ALERT - Prudential on Sallie Mae.</title>
<headline>RESEARCH ALERT - Prudential on Sallie Mae.</headline>
<dateline>NEW YORK 1997-07-28</dateline>
<text>
<p>Prudential Securities analyst Jonathan Adams confirmed he raised his rating on Student Loan Marketing Association (Sallie Mae) to buy from hold.</p>
<p>-- cited U.S. Department of Education decision last week that a 30 basis point offset fee did not apply to certain student loans securitized by Sallie Mae.</p>
<p>-- said believes the Committee to Restore Value (CRV), a group opposing managment of Sallie Mae, will win its proxy battle on Thursday.</p>
<p>-- said CRV is taking a &quot;little bit less of a strident stand&quot; with regard to loan origination.</p>
</text>
<copyright>(c) Reuters Limited 1997</copyright>
<metadata>
<codes class="bip:countries:1.0">
  <code code="USA">
    <editdetail attribution="Reuters BIP Coding Group" action="confirmed" date="1997-07-28"/>
  </code>
</codes>
<codes class="bip:industries:1.0">
  <code code="I81501">
    <editdetail attribution="Reuters BIP Coding Group" action="confirmed" date="1997-07-28"/>
  </code>
</codes>
<codes class="bip:topics:1.0">
  <code code="C15">
    <editdetail attribution="Reuters BIP Coding Group" action="confirmed" date="1997-07-28"/>
  </code>
  <code code="C152">
    <editdetail attribution="Reuters BIP Coding Group" action="confirmed" date="1997-07-28"/>
  </code>
  <code code="CCAT">
    <editdetail attribution="Reuters BIP Coding Group" action="confirmed" date="1997-07-28"/>
  </code>
</codes>
<dc element="dc.date.created" value="1997-07-28"/>
<dc element="dc.publisher" value="Reuters Holdings Plc"/>
<dc element="dc.date.published" value="1997-07-28"/>
<dc element="dc.source" value="Reuters"/>
<dc element="dc.creator.location" value="NEW YORK"/>
<dc element="dc.creator.location.country.name" value="USA"/>
<dc element="dc.source" value="Reuters"/>
</metadata>
</newsitem>
