<?xml version="1.0" encoding="iso-8859-1" ?>
<newsitem itemid="202103" id="root" date="1996-11-20" xml:lang="en">
<title>UK: UK by-election to be held on December 12.</title>
<headline>UK by-election to be held on December 12.</headline>
<dateline>LONDON 1996-11-20</dateline>
<text>
<p>The by-election in the safe Labour seat of Barnsley East, caused by the death of Labour MP Terry Patchett, will be on December 12, parliament heard on Wednesday.</p>
<p>Labour had a majority of 24,777 in the seat at the 1992 general election.</p>
<p>Another seat, Wirral South, is also vacant after the death of Conservative Barry Porter in November. In the seat the government had a 1992 majority of 8,183. Major is also expected to call the Wirral South byelection on December 12.</p>
<p>A government victory would maintain the status quo but defeat would cost Prime Minister John Major his one seat majority in the house.</p>
<p>-- London newsroom +44 171 542 7768</p>
</text>
<copyright>(c) Reuters Limited 1996</copyright>
<metadata>
<codes class="bip:countries:1.0">
  <code code="UK">
    <editdetail attribution="Reuters BIP Coding Group" action="confirmed" date="1996-11-20"/>
  </code>
</codes>
<codes class="bip:topics:1.0">
  <code code="GCAT">
    <editdetail attribution="Reuters BIP Coding Group" action="confirmed" date="1996-11-20"/>
  </code>
  <code code="GPOL">
    <editdetail attribution="Reuters BIP Coding Group" action="confirmed" date="1996-11-20"/>
  </code>
  <code code="GVOTE">
    <editdetail attribution="Reuters BIP Coding Group" action="confirmed" date="1996-11-20"/>
  </code>
</codes>
<dc element="dc.date.created" value="1996-11-20"/>
<dc element="dc.publisher" value="Reuters Holdings Plc"/>
<dc element="dc.date.published" value="1996-11-20"/>
<dc element="dc.source" value="Reuters"/>
<dc element="dc.creator.location" value="LONDON"/>
<dc element="dc.creator.location.country.name" value="UK"/>
<dc element="dc.source" value="Reuters"/>
</metadata>
</newsitem>
