<?xml version="1.0" encoding="iso-8859-1" ?>
<newsitem itemid="106453" id="root" date="1996-10-09" xml:lang="en">
<title>ITALY: Olivetti eases as NEC denies PC interest.</title>
<headline>Olivetti eases as NEC denies PC interest.</headline>
<dateline>MILAN 1996-10-09</dateline>
<text>
<p>Olivetti shares eased after an early rise after Japan's NEC Corp denied Italian press reports that it would be interested in buying Olivetti's personal computer business, dealers said.</p>
<p>Olivetti's shares had risen early after newspapers reported possible interest in Olivetti's PC business from NEC and fellow Japanese electronics giant Sony.</p>
<p>The shares hit an early high of 545 lire then fell back to a low of 525 lire before settling up 0.89 percent at 532 lire after Tuesday's close of 527.3 lire at 1030 GMT.</p>
<p>An NEC spokesman in Japan said, &quot;We have neither such interest nor plans,&quot; while a Sony spokesman said the media reports were &quot;groundless&quot; saying there was no truth in them.</p>
<p>-- Milan newsroom +392 66129502</p>
</text>
<copyright>(c) Reuters Limited 1996</copyright>
<metadata>
<codes class="bip:countries:1.0">
  <code code="ITALY">
    <editdetail attribution="Reuters BIP Coding Group" action="confirmed" date="1996-10-09"/>
  </code>
  <code code="JAP">
    <editdetail attribution="Reuters BIP Coding Group" action="confirmed" date="1996-10-09"/>
  </code>
</codes>
<codes class="bip:industries:1.0">
  <code code="I33020">
    <editdetail attribution="Reuters BIP Coding Group" action="confirmed" date="1996-10-09"/>
  </code>
  <code code="I3302003">
    <editdetail attribution="Reuters BIP Coding Group" action="confirmed" date="1996-10-09"/>
  </code>
  <code code="I34540">
    <editdetail attribution="Reuters BIP Coding Group" action="confirmed" date="1996-10-09"/>
  </code>
</codes>
<codes class="bip:topics:1.0">
  <code code="C15">
    <editdetail attribution="Reuters BIP Coding Group" action="confirmed" date="1996-10-09"/>
  </code>
  <code code="C152">
    <editdetail attribution="Reuters BIP Coding Group" action="confirmed" date="1996-10-09"/>
  </code>
  <code code="C18">
    <editdetail attribution="Reuters BIP Coding Group" action="confirmed" date="1996-10-09"/>
  </code>
  <code code="C181">
    <editdetail attribution="Reuters BIP Coding Group" action="confirmed" date="1996-10-09"/>
  </code>
  <code code="CCAT">
    <editdetail attribution="Reuters BIP Coding Group" action="confirmed" date="1996-10-09"/>
  </code>
</codes>
<dc element="dc.date.created" value="1996-10-09"/>
<dc element="dc.publisher" value="Reuters Holdings Plc"/>
<dc element="dc.date.published" value="1996-10-09"/>
<dc element="dc.source" value="Reuters"/>
<dc element="dc.creator.location" value="MILAN"/>
<dc element="dc.creator.location.country.name" value="ITALY"/>
<dc element="dc.source" value="Reuters"/>
</metadata>
</newsitem>
