<?xml version="1.0" encoding="iso-8859-1" ?>
<newsitem itemid="497535" id="root" date="1997-04-09" xml:lang="en">
<title>USA: Dakotah names Retterath finance chief.</title>
<headline>Dakotah names Retterath finance chief.</headline>
<dateline>WEBSTER, S.D. 1997-04-09</dateline>
<text>
<p>Dakotah Inc, a maker of decorative pillows and other home accesories, said Monday it named William Retterath as chief financial officer, effective immediately.</p>
<p>Retterath was former chief financial officer and treasurer of Juran &amp; Moody Inc, an investment firm in St. Paul, Minn., it said. Prior to that, he was connected with Deloitte &amp; Touche, LLP, an accounting firm, specializing in manufacturing and financial services, it said.</p>
</text>
<copyright>(c) Reuters Limited 1997</copyright>
<metadata>
<codes class="bip:countries:1.0">
  <code code="USA">
    <editdetail attribution="Reuters BIP Coding Group" action="confirmed" date="1997-04-09"/>
  </code>
</codes>
<codes class="bip:industries:1.0">
  <code code="I45500">
    <editdetail attribution="Reuters BIP Coding Group" action="confirmed" date="1997-04-09"/>
  </code>
</codes>
<codes class="bip:topics:1.0">
  <code code="C41">
    <editdetail attribution="Reuters BIP Coding Group" action="confirmed" date="1997-04-09"/>
  </code>
  <code code="C411">
    <editdetail attribution="Reuters BIP Coding Group" action="confirmed" date="1997-04-09"/>
  </code>
  <code code="CCAT">
    <editdetail attribution="Reuters BIP Coding Group" action="confirmed" date="1997-04-09"/>
  </code>
</codes>
<dc element="dc.date.created" value="1997-04-09"/>
<dc element="dc.publisher" value="Reuters Holdings Plc"/>
<dc element="dc.date.published" value="1997-04-09"/>
<dc element="dc.source" value="Reuters"/>
<dc element="dc.creator.location" value="WEBSTER, S.D."/>
<dc element="dc.creator.location.country.name" value="USA"/>
<dc element="dc.source" value="Reuters"/>
</metadata>
</newsitem>
