<?xml version="1.0" encoding="iso-8859-1" ?>
<newsitem itemid="617305" id="root" date="1997-05-27" xml:lang="en">
<title>AFGHANISTAN: Fighting erupts in north Afghan city.</title>
<headline>Fighting erupts in north Afghan city.</headline>
<dateline>MAZAR-I-SHARIF, Afghanistan 1997-05-27</dateline>
<text>
<p>Heavy fighting erupted in the northern Afghan city of Mazar-i-Sharif on Tuesday after armed Shi'ite Moslem residents killed three looters said to belong to the purist Islamic Taleban militia.</p>
<p>Machinegun fire rattled through the streets amid the crash of rocket-propelled grenades as Taleban fighters battled Shi'ite Moslem rebels in the city's northern district of Saidabad.  </p>
<p>It was not immediately clear if the troops loyal to ethnic Uzbek general Abdul Malik were involved in the clashes, which witnesses said flared in many parts of the city on Tuesday afternoon.</p>
<p>Tension rose after armed men in the mainly Shi'ite Saidabad district shot dead three suspected Taleban looters.</p>
<p>One witness said one of Malik's generals had dissuaded Taleban forces from entering Saidabad soon after the killings, but shooting and explosions were heard a few hours later.</p>
</text>
<copyright>(c) Reuters Limited 1997</copyright>
<metadata>
<codes class="bip:countries:1.0">
  <code code="AFGH">
    <editdetail attribution="Reuters BIP Coding Group" action="confirmed" date="1997-05-27"/>
  </code>
</codes>
<codes class="bip:topics:1.0">
  <code code="GCAT">
    <editdetail attribution="Reuters BIP Coding Group" action="confirmed" date="1997-05-27"/>
  </code>
  <code code="GVIO">
    <editdetail attribution="Reuters BIP Coding Group" action="confirmed" date="1997-05-27"/>
  </code>
</codes>
<dc element="dc.date.created" value="1997-05-27"/>
<dc element="dc.publisher" value="Reuters Holdings Plc"/>
<dc element="dc.date.published" value="1997-05-27"/>
<dc element="dc.source" value="Reuters"/>
<dc element="dc.creator.location" value="MAZAR-I-SHARIF, Afghanistan"/>
<dc element="dc.creator.location.country.name" value="AFGHANISTAN"/>
<dc element="dc.source" value="Reuters"/>
</metadata>
</newsitem>
