<?xml version="1.0" encoding="iso-8859-1" ?>
<newsitem itemid="316237" id="root" date="1997-01-17" xml:lang="en">
<title>JAPAN: Tokyo corn futures end sharply higher.</title>
<headline>Tokyo corn futures end sharply higher.</headline>
<dateline>TOKYO 1997-01-17</dateline>
<text>
<p>Tokyo corn futures closed sharply higher on Friday, as speculative buying from local investors supported all contracts, traders said.</p>
<p>Prices were 110 to 280 yen higher, and the benchmark January 1998 contract was up 110 yen at 15,110 yen per tonne. The day's volume was 102,632 lots.</p>
<p>Active buying from individual investors emerged although the Chicago market overnight ended mixed, traders said.</p>
<p>&quot;Soybean is now leading the Chicago grain market. But in Tokyo, corn still has more active trading interest,&quot; a brokerage house trader said.  </p>
<p>The spot March corn contract on the CBOT Project A trading system was being traded at $2.73-1/2 per bushel at 0805 GMT, unchanged from Thursday's close.</p>
<p>The spot January for CBOT soybean futures on the overnight trading system was at $7.40 at 0805 GMT, down from $7.47-1/2 at Thursday's close.</p>
<p>-- Tokyo Commodity Desk +81-3-3432-7391</p>
</text>
<copyright>(c) Reuters Limited 1997</copyright>
<metadata>
<codes class="bip:countries:1.0">
  <code code="JAP">
    <editdetail attribution="Reuters BIP Coding Group" action="confirmed" date="1997-01-17"/>
  </code>
</codes>
<codes class="bip:topics:1.0">
  <code code="M14">
    <editdetail attribution="Reuters BIP Coding Group" action="confirmed" date="1997-01-17"/>
  </code>
  <code code="M141">
    <editdetail attribution="Reuters BIP Coding Group" action="confirmed" date="1997-01-17"/>
  </code>
  <code code="MCAT">
    <editdetail attribution="Reuters BIP Coding Group" action="confirmed" date="1997-01-17"/>
  </code>
</codes>
<dc element="dc.date.created" value="1997-01-17"/>
<dc element="dc.publisher" value="Reuters Holdings Plc"/>
<dc element="dc.date.published" value="1997-01-17"/>
<dc element="dc.source" value="Reuters"/>
<dc element="dc.creator.location" value="TOKYO"/>
<dc element="dc.creator.location.country.name" value="JAPAN"/>
<dc element="dc.source" value="Reuters"/>
</metadata>
</newsitem>
