<?xml version="1.0" encoding="iso-8859-1" ?>
<newsitem itemid="83243" id="root" date="1996-09-28" xml:lang="en">
<title>CAMBODIA: Khmer Rouge hardliners slam MFN for Cambodia.</title>
<headline>Khmer Rouge hardliners slam MFN for Cambodia.</headline>
<dateline>PHNOM PENH 1996-09-28</dateline>
<text>
<p>Khmer Rouge hardliners attacked U.S. President Bill Clinton on Saturday for granting Cambodia Most Favoured Nation (MFN) trading privileges, saying it was an election ploy.</p>
<p>&quot;Why did Bill Clinton do this? Clinton did this for propaganda, to collect votes from Cambodian people who are living in America for the next American presidential election,&quot; Khmer Rouge radio said in a broadcast monitored in Phnom Penh.</p>
<p>U.S. President Clinton on Wednesday signed a bill granting Cambodia MFN status, declaring it would help establish democracy and economic reforms in the country.</p>
<p>MFN status reduces taxes on hundreds of exports to the United States. It also expands opportunities for U.S. business and investment.</p>
<p>Khmer Rouge radio, which is controlled by hardliners, said the Clinton administration had failed to mention alleged human rights abuses and violations of democracy by the Phnom Penh.</p>
<p>The Maoist Khmer Rouge, which has been fighting the government since boycotting U.N-run elections in 1993, split last month with followers of former foreign minister Ieng Sary who is talking peace with the government.</p>
</text>
<copyright>(c) Reuters Limited 1996</copyright>
<metadata>
<codes class="bip:countries:1.0">
  <code code="KAMPA">
    <editdetail attribution="Reuters BIP Coding Group" action="confirmed" date="1996-09-28"/>
  </code>
  <code code="USA">
    <editdetail attribution="Reuters BIP Coding Group" action="confirmed" date="1996-09-28"/>
  </code>
</codes>
<codes class="bip:topics:1.0">
  <code code="E51">
    <editdetail attribution="Reuters BIP Coding Group" action="confirmed" date="1996-09-28"/>
  </code>
  <code code="E512">
    <editdetail attribution="Reuters BIP Coding Group" action="confirmed" date="1996-09-28"/>
  </code>
  <code code="ECAT">
    <editdetail attribution="Reuters BIP Coding Group" action="confirmed" date="1996-09-28"/>
  </code>
  <code code="GCAT">
    <editdetail attribution="Reuters BIP Coding Group" action="confirmed" date="1996-09-28"/>
  </code>
  <code code="GDIP">
    <editdetail attribution="Reuters BIP Coding Group" action="confirmed" date="1996-09-28"/>
  </code>
  <code code="GPOL">
    <editdetail attribution="Reuters BIP Coding Group" action="confirmed" date="1996-09-28"/>
  </code>
  <code code="GVOTE">
    <editdetail attribution="Reuters BIP Coding Group" action="confirmed" date="1996-09-28"/>
  </code>
</codes>
<dc element="dc.date.created" value="1996-09-28"/>
<dc element="dc.publisher" value="Reuters Holdings Plc"/>
<dc element="dc.date.published" value="1996-09-28"/>
<dc element="dc.source" value="Reuters"/>
<dc element="dc.creator.location" value="PHNOM PENH"/>
<dc element="dc.creator.location.country.name" value="CAMBODIA"/>
<dc element="dc.source" value="Reuters"/>
</metadata>
</newsitem>
