<?xml version="1.0" encoding="iso-8859-1" ?>
<newsitem itemid="459761" id="root" date="1997-03-21" xml:lang="en">
<title>SPAIN: Madrid stocks erase early gains to end lower.</title>
<headline>Madrid stocks erase early gains to end lower.</headline>
<dateline>MADRID 1997-03-21</dateline>
<text>
<p>Madrid stock indices erased early gains in afternoon trade to end largely unchanged on Friday with Wall Street losses weighing on shares.</p>
<p>The general index up 0.05 points, 0.01 percent, 467.59 and the Ibex-35 rose 2.24 points, 0.04 percent, 5,357.70.</p>
<p>Dealers said the expiry of March Ibex futures had little influence on stocks.</p>
<p>&quot;The market lost its confidence and erased initial gains and the weak opening on Wall Street hasn't helped,&quot; one dealer said.</p>
<p>Telefonica was again the most actively-traded stock with more than eight million shares traded. It ended 10 pesetas higher at 3,375.</p>
<p>In the banking sector, most stocks experienced gains, except Banesto which fell 35 pesetas to 1,100.</p>
<p>Adolfo Dominguez slipped lower again, ending off 70 pesetas to 4,750 after its fourth day of trading.</p>
</text>
<copyright>(c) Reuters Limited 1997</copyright>
<metadata>
<codes class="bip:countries:1.0">
  <code code="SPAIN">
    <editdetail attribution="Reuters BIP Coding Group" action="confirmed" date="1997-03-21"/>
  </code>
</codes>
<codes class="bip:topics:1.0">
  <code code="M11">
    <editdetail attribution="Reuters BIP Coding Group" action="confirmed" date="1997-03-21"/>
  </code>
  <code code="MCAT">
    <editdetail attribution="Reuters BIP Coding Group" action="confirmed" date="1997-03-21"/>
  </code>
</codes>
<dc element="dc.date.created" value="1997-03-21"/>
<dc element="dc.publisher" value="Reuters Holdings Plc"/>
<dc element="dc.date.published" value="1997-03-21"/>
<dc element="dc.source" value="Reuters"/>
<dc element="dc.creator.location" value="MADRID"/>
<dc element="dc.creator.location.country.name" value="SPAIN"/>
<dc element="dc.source" value="Reuters"/>
</metadata>
</newsitem>
