<?xml version="1.0" encoding="iso-8859-1" ?>
<newsitem itemid="339797" id="root" date="1997-01-29" xml:lang="en">
<title>USA: Cotelligent Q3 pro forma shr rises.</title>
<headline>Cotelligent Q3 pro forma shr rises.</headline>
<dateline>SAN FRANCISCO 1997-01-29</dateline>
<text>
<p>COTELLIGENT GROUP, INC.</p>
<p>				  Summary of Earnings</p>
<p>	 Three and Nine Months Ended December 31, 1996 and 1995</p>
<p>					Three Months Ended December 31,</p>
<p>							  1996	1995</p>
<p>						(000's except share data)</p>
<p> Revenues					  $36,219 $10,555(a)</p>
<p> Operating Income			     2,158(b)	  595</p>
<p> Net Income				     1,382(b)	  524</p>
<p> Earnings per Share				 0.15	--(c)</p>
<p> Weighted Average Shares Outstanding   9,442,464	--(c)</p>
<p> Pro Forma Revenues			     36,219     26,165</p>
<p> Pro Forma Operating Income		    2,654	1,993</p>
<p> Pro Forma Net Income			    1,673	1,117</p>
<p> Pro Forma Earnings per Share		   0.18	 0.15</p>
<p>Pro Forma Weighted Average</p>
<p>  Shares Outstanding			 9,442,464  7,303,824</p>
<p>					 Nine Months Ended December 31,</p>
<p>							 1996	1995</p>
<p>						(000's except share data)</p>
<p> Revenues					  $99,438 $32,908(a)</p>
<p> Operating Income			     5,447(b)     1,763</p>
<p> Net Income				     3,159(b)     1,862</p>
<p> Earnings per Share				 0.34     --(c)</p>
<p> Weighted Average Shares Outstanding   9,404,603     --(c)</p>
<p> Pro Forma Revenues			     99,438    77,887</p>
<p> Pro Forma Operating Income		    7,314     5,414</p>
<p> Pro Forma Net Income			    4,635     3,047</p>
<p> Pro Forma Earnings per Share		   0.49	0.42</p>
<p>Pro Forma Weighted Average</p>
<p>  Shares Outstanding			 9,404,603 7,303,824</p>
<p>    NOTES: (a)    Excludes revenues of $15,610 and $44,979 for</p>
<p>the three and nine months ended December 31, 1995, respectively, of four companies acquired simultaneously with the closing of the Company's initial public offer (the Founding Companies).</p>
<p>    (b)    After deducting $322 and $1.1 million for the three</p>
<p>and nine months ended December 31, 1995, of non-recurring transactions costs incurred in connection with acquisitions accounted for as poolings of interests.</p>
<p>    (c)    Historical earnings per share for the three and</p>
<p>nine month periods ended December 31, 1995 have not been presented as it is not considered meaningful given the results of the four Founding Companies are not included prior to the date of the Company's initial public offering.</p>
<p>Pro forma data reflect adjustments for: (i) revenues and costs associated with discontinued operations of an acquired company (fiscal 1996); (ii) compensation differentials to former owners and employees of the acquired companies (fiscal 1997 and fiscal 1996); (iii) termination of contributions to retirement plans (fiscal 1996); (iv) incremental selling, general and administrative costs associated with the Company's corporate activities (fiscal 1996); (v) removal of non-recurring transaction costs associated with certain of the acquired companies (fiscal 1997); and (vi) income taxes as if the entities were combined and subject to the effective federal and state statutory rates throughout the periods (fiscal 1997 and fiscal 1996).</p>
</text>
<copyright>(c) Reuters Limited 1997</copyright>
<metadata>
<codes class="bip:countries:1.0">
  <code code="USA">
    <editdetail attribution="Reuters BIP Coding Group" action="confirmed" date="1997-01-29"/>
  </code>
</codes>
<codes class="bip:industries:1.0">
  <code code="I33020">
    <editdetail attribution="Reuters BIP Coding Group" action="confirmed" date="1997-01-29"/>
  </code>
  <code code="I3302021">
    <editdetail attribution="Reuters BIP Coding Group" action="confirmed" date="1997-01-29"/>
  </code>
</codes>
<codes class="bip:topics:1.0">
  <code code="C15">
    <editdetail attribution="Reuters BIP Coding Group" action="confirmed" date="1997-01-29"/>
  </code>
  <code code="C151">
    <editdetail attribution="Reuters BIP Coding Group" action="confirmed" date="1997-01-29"/>
  </code>
  <code code="CCAT">
    <editdetail attribution="Reuters BIP Coding Group" action="confirmed" date="1997-01-29"/>
  </code>
</codes>
<dc element="dc.date.created" value="1997-01-29"/>
<dc element="dc.publisher" value="Reuters Holdings Plc"/>
<dc element="dc.date.published" value="1997-01-29"/>
<dc element="dc.source" value="Reuters"/>
<dc element="dc.creator.location" value="SAN FRANCISCO"/>
<dc element="dc.creator.location.country.name" value="USA"/>
<dc element="dc.source" value="Reuters"/>
</metadata>
</newsitem>
