<?xml version="1.0" encoding="iso-8859-1" ?>
<newsitem itemid="779999" id="root" date="1997-08-05" xml:lang="en">
<title>USA: CBOT overnight Project A ag volume 2,163 contracts.</title>
<headline>CBOT overnight Project A ag volume 2,163 contracts.</headline>
<dateline>CHICAGO 1997-08-05</dateline>
<text>
<p>Chicago Board of Trade said its Project A overnight agricultural trading volume totaled 2,163 contracts compared with 6,220 overnight Sunday.</p>
<p>There were 360 wheat, 1,033 corn, 555 soybean, 19 soymeal, 12 soyoil, five oat, three corn calls, 173 corn puts and three soybean calls traded.</p>
<p>In overnight trading, wheat was 1-3/4 to 4-1/4 cents lower, corn was 2-1/2 to three cents lower and soybeans were 4-1/2 to 8-3/4 cents lower.</p>
<p>((Chicago Newsdesk 312-408-8720))</p>
</text>
<copyright>(c) Reuters Limited 1997</copyright>
<metadata>
<codes class="bip:countries:1.0">
  <code code="USA">
    <editdetail attribution="Reuters BIP Coding Group" action="confirmed" date="1997-08-05"/>
  </code>
</codes>
<codes class="bip:topics:1.0">
  <code code="M14">
    <editdetail attribution="Reuters BIP Coding Group" action="confirmed" date="1997-08-05"/>
  </code>
  <code code="M141">
    <editdetail attribution="Reuters BIP Coding Group" action="confirmed" date="1997-08-05"/>
  </code>
  <code code="MCAT">
    <editdetail attribution="Reuters BIP Coding Group" action="confirmed" date="1997-08-05"/>
  </code>
</codes>
<dc element="dc.date.created" value="1997-08-05"/>
<dc element="dc.publisher" value="Reuters Holdings Plc"/>
<dc element="dc.date.published" value="1997-08-05"/>
<dc element="dc.source" value="Reuters"/>
<dc element="dc.creator.location" value="CHICAGO"/>
<dc element="dc.creator.location.country.name" value="USA"/>
<dc element="dc.source" value="Reuters"/>
</metadata>
</newsitem>
