<?xml version="1.0" encoding="iso-8859-1" ?>
<newsitem itemid="660727" id="root" date="1997-06-13" xml:lang="en">
<title>ITALY: Dep PM Veltroni welcomes Italy industrial data.</title>
<headline>Dep PM Veltroni welcomes Italy industrial data.</headline>
<dateline>ROME 1997-06-13</dateline>
<text>
<p>Italian Deputy Prime Minister Walter Veltroni said figures for April industrial output released on Friday showed that the government's economic policy was working.</p>
<p>&quot;The consistent increase in industrial production is confirmation of the efficiency of the government's economic policy,&quot; Veltroni said in a statement.</p>
<p>The National Statistics Institute ISTAT said industrial production in April rose an adjusted 0.7 percent compared to March and was up an unadjusted 8.2 percent year-on-year.</p>
<p>&quot;These are figures which come equally from the rigour of budget deficit cutting measures and attention given to the importance of economic growth,&quot; Veltroni said.</p>
<p>&quot;The country's growth could be even greater in the new spirit of stability which has been created.&quot;</p>
<p>Bank of Italy governor Antonio Fazio on Thursday forecast Italy's growth for 1997 at between one and 1.2 percent. The government has forecast the economy will expand by 1.2 percent in the current year.</p>
<p>Italy's gross domestic product slipped 0.5 percent</p>
</text>
<copyright>(c) Reuters Limited 1997</copyright>
<metadata>
<codes class="bip:countries:1.0">
  <code code="ITALY">
    <editdetail attribution="Reuters BIP Coding Group" action="confirmed" date="1997-06-13"/>
  </code>
</codes>
<codes class="bip:topics:1.0">
  <code code="E31">
    <editdetail attribution="Reuters BIP Coding Group" action="confirmed" date="1997-06-13"/>
  </code>
  <code code="E311">
    <editdetail attribution="Reuters BIP Coding Group" action="confirmed" date="1997-06-13"/>
  </code>
  <code code="ECAT">
    <editdetail attribution="Reuters BIP Coding Group" action="confirmed" date="1997-06-13"/>
  </code>
</codes>
<dc element="dc.date.created" value="1997-06-13"/>
<dc element="dc.publisher" value="Reuters Holdings Plc"/>
<dc element="dc.date.published" value="1997-06-13"/>
<dc element="dc.source" value="Reuters"/>
<dc element="dc.creator.location" value="ROME"/>
<dc element="dc.creator.location.country.name" value="ITALY"/>
<dc element="dc.source" value="Reuters"/>
</metadata>
</newsitem>
