<?xml version="1.0" encoding="iso-8859-1" ?>
<newsitem itemid="423583" id="root" date="1997-03-06" xml:lang="en">
<title>SOUTH AFRICA: S.African money mkt shortage at 11.393 bln rand.</title>
<headline>S.African money mkt shortage at 11.393 bln rand.</headline>
<dateline>JOHANNESBURG 1997-03-06</dateline>
<text>
<p>South Africa's money market shortage was at 11.393 billion rand on Wednesday from 11.395 billion rand on Tuesday -- its highest level in over 14 months, the Reserve Bank said.</p>
</text>
<copyright>(c) Reuters Limited 1997</copyright>
<metadata>
<codes class="bip:countries:1.0">
  <code code="SAFR">
    <editdetail attribution="Reuters BIP Coding Group" action="confirmed" date="1997-03-06"/>
  </code>
</codes>
<codes class="bip:topics:1.0">
  <code code="M13">
    <editdetail attribution="Reuters BIP Coding Group" action="confirmed" date="1997-03-06"/>
  </code>
  <code code="M131">
    <editdetail attribution="Reuters BIP Coding Group" action="confirmed" date="1997-03-06"/>
  </code>
  <code code="MCAT">
    <editdetail attribution="Reuters BIP Coding Group" action="confirmed" date="1997-03-06"/>
  </code>
</codes>
<dc element="dc.date.created" value="1997-03-06"/>
<dc element="dc.publisher" value="Reuters Holdings Plc"/>
<dc element="dc.date.published" value="1997-03-06"/>
<dc element="dc.source" value="Reuters"/>
<dc element="dc.creator.location" value="JOHANNESBURG"/>
<dc element="dc.creator.location.country.name" value="SOUTH AFRICA"/>
<dc element="dc.source" value="Reuters"/>
</metadata>
</newsitem>
