<?xml version="1.0" encoding="iso-8859-1" ?>
<newsitem itemid="362299" id="root" date="1997-02-07" xml:lang="en">
<title>USA: RESEARCH ALERT - Carso reiterated as hold. [CORRECTED 18:00 GMT]</title>
<headline>RESEARCH ALERT - Carso reiterated as hold. [CORRECTED 18:00 GMT]</headline>
<text>
<p>-- CS First Boston reiterated its hold rating on Mexican conglomerate Grupo Carso SA (corrects to say the rating is reaffirmed and not new).</p>
<p>-- Analyst Prabhas Panigrahi said the company stands to gain from Mexico's economic recovery, but said the company lacks a long-term growth catalyst.</p>
<p>-- Carso was unchanged in early trade at 47.80 pesos.</p>
<p>((-- David Luhnow, Mexico City newsroom, +525 728-9565))</p>
</text>
<copyright>(c) Reuters Limited 1997</copyright>
<metadata>
<codes class="bip:countries:1.0">
  <code code="MEX">
    <editdetail attribution="Reuters BIP Coding Group" action="confirmed" date="1997-02-07"/>
  </code>
  <code code="USA">
    <editdetail attribution="Reuters BIP Coding Group" action="confirmed" date="1997-02-07"/>
  </code>
</codes>
<codes class="bip:industries:1.0">
  <code code="I83960">
    <editdetail attribution="Reuters BIP Coding Group" action="confirmed" date="1997-02-07"/>
  </code>
</codes>
<codes class="bip:topics:1.0">
  <code code="C15">
    <editdetail attribution="Reuters BIP Coding Group" action="confirmed" date="1997-02-07"/>
  </code>
  <code code="C152">
    <editdetail attribution="Reuters BIP Coding Group" action="confirmed" date="1997-02-07"/>
  </code>
  <code code="CCAT">
    <editdetail attribution="Reuters BIP Coding Group" action="confirmed" date="1997-02-07"/>
  </code>
</codes>
<dc element="dc.publisher" value="Reuters Holdings Plc"/>
<dc element="dc.date.published" value="1997-02-07"/>
<dc element="dc.source" value="Reuters"/>
<dc element="dc.creator.location.country.name" value="USA"/>
<dc element="dc.source" value="Reuters"/>
</metadata>
</newsitem>
