<?xml version="1.0" encoding="iso-8859-1" ?>
<newsitem itemid="354750" id="root" date="1997-02-04" xml:lang="en">
<title>USA: Irvine Sensors names Evert CEO.</title>
<headline>Irvine Sensors names Evert CEO.</headline>
<dateline>COSTA MESTA, Cal. 1997-02-04</dateline>
<text>
<p>Irvine Sensors Corp said Tuesday that it named James Evert president and chief executive.</p>
<p>Evert, said the company, was most recently a management consultant at Fujitsu Microelectronics Inc. Irvine said that Evert was chosen to help it make the shift from a research and development to a product-oriented company.</p>
</text>
<copyright>(c) Reuters Limited 1997</copyright>
<metadata>
<codes class="bip:countries:1.0">
  <code code="USA">
    <editdetail attribution="Reuters BIP Coding Group" action="confirmed" date="1997-02-04"/>
  </code>
</codes>
<codes class="bip:industries:1.0">
  <code code="I34430">
    <editdetail attribution="Reuters BIP Coding Group" action="confirmed" date="1997-02-04"/>
  </code>
</codes>
<codes class="bip:topics:1.0">
  <code code="C41">
    <editdetail attribution="Reuters BIP Coding Group" action="confirmed" date="1997-02-04"/>
  </code>
  <code code="C411">
    <editdetail attribution="Reuters BIP Coding Group" action="confirmed" date="1997-02-04"/>
  </code>
  <code code="CCAT">
    <editdetail attribution="Reuters BIP Coding Group" action="confirmed" date="1997-02-04"/>
  </code>
</codes>
<dc element="dc.date.created" value="1997-02-04"/>
<dc element="dc.publisher" value="Reuters Holdings Plc"/>
<dc element="dc.date.published" value="1997-02-04"/>
<dc element="dc.source" value="Reuters"/>
<dc element="dc.creator.location" value="COSTA MESTA, Cal."/>
<dc element="dc.creator.location.country.name" value="USA"/>
<dc element="dc.source" value="Reuters"/>
</metadata>
</newsitem>
