<?xml version="1.0" encoding="iso-8859-1" ?>
<newsitem itemid="282769" id="root" date="1996-12-31" xml:lang="en">
<title>NETHERLANDS: Dutch bond market closed for New Year's Eve.</title>
<headline>Dutch bond market closed for New Year's Eve.</headline>
<dateline>AMSTERDAM 1996-12-31</dateline>
<text>
<p>The Dutch bond market is closed for the New Year holiday on December 31 and January 1 and will reopen on Thursday, January 2.</p>
<p>Bonds closed slightly higher in thin trading on Monday ahead of the holiday, with the 2006 bond up 0.10 at 102.22/32 for a 5.68 percent bid yield.</p>
<p>----Amsterdam Newsroom +31 20 570 8500</p>
</text>
<copyright>(c) Reuters Limited 1996</copyright>
<metadata>
<codes class="bip:countries:1.0">
  <code code="NETH">
    <editdetail attribution="Reuters BIP Coding Group" action="confirmed" date="1996-12-31"/>
  </code>
</codes>
<codes class="bip:topics:1.0">
  <code code="M12">
    <editdetail attribution="Reuters BIP Coding Group" action="confirmed" date="1996-12-31"/>
  </code>
  <code code="MCAT">
    <editdetail attribution="Reuters BIP Coding Group" action="confirmed" date="1996-12-31"/>
  </code>
</codes>
<dc element="dc.date.created" value="1996-12-31"/>
<dc element="dc.publisher" value="Reuters Holdings Plc"/>
<dc element="dc.date.published" value="1996-12-31"/>
<dc element="dc.source" value="Reuters"/>
<dc element="dc.creator.location" value="AMSTERDAM"/>
<dc element="dc.creator.location.country.name" value="NETHERLANDS"/>
<dc element="dc.source" value="Reuters"/>
</metadata>
</newsitem>
