<?xml version="1.0" encoding="iso-8859-1" ?>
<newsitem itemid="446122" id="root" date="1997-03-17" xml:lang="en">
<title>USA: Silver Diner Q4 loss grows.</title>
<headline>Silver Diner Q4 loss grows.</headline>
<dateline>ROCKVILLE, Md. 1997-03-17</dateline>
<text>
<p>SILVER DINER, INC. AND SUBSIDIARIES</p>
<p>					    Fiscal Years Ended</p>
<p>				   December 31,	  December 29,</p>
<p>					1995		     1996</p>
<p> Net sales	  $13,350,255   100.0%   $16,550,468   100.0%</p>
<p>Total restaurant costs</p>
<p>and expenses</p>
<p>			 12,427,009    93.1%    15,342,500    92.7%</p>
<p>  Operating loss  (1,251,840)   (9.4%)   (1,681,900)  (10.2%)</p>
<p>   NET LOSS	( 1,322,730)   (9.9%)  ( 1,429,472)   (8.6%)</p>
</text>
<copyright>(c) Reuters Limited 1997</copyright>
<metadata>
<codes class="bip:countries:1.0">
  <code code="USA">
    <editdetail attribution="Reuters BIP Coding Group" action="confirmed" date="1997-03-17"/>
  </code>
</codes>
<codes class="bip:topics:1.0">
  <code code="C15">
    <editdetail attribution="Reuters BIP Coding Group" action="confirmed" date="1997-03-17"/>
  </code>
  <code code="C151">
    <editdetail attribution="Reuters BIP Coding Group" action="confirmed" date="1997-03-17"/>
  </code>
  <code code="C1511">
    <editdetail attribution="Reuters BIP Coding Group" action="confirmed" date="1997-03-17"/>
  </code>
  <code code="CCAT">
    <editdetail attribution="Reuters BIP Coding Group" action="confirmed" date="1997-03-17"/>
  </code>
</codes>
<dc element="dc.date.created" value="1997-03-17"/>
<dc element="dc.publisher" value="Reuters Holdings Plc"/>
<dc element="dc.date.published" value="1997-03-17"/>
<dc element="dc.source" value="Reuters"/>
<dc element="dc.creator.location" value="ROCKVILLE, Md."/>
<dc element="dc.creator.location.country.name" value="USA"/>
<dc element="dc.source" value="Reuters"/>
</metadata>
</newsitem>
