<?xml version="1.0" encoding="iso-8859-1" ?>
<newsitem itemid="788724" id="root" date="1997-08-08" xml:lang="en">
<title>USA: INDIANA/OHIO DIRECT HOGS STEADY - USDA.</title>
<headline>INDIANA/OHIO DIRECT HOGS STEADY - USDA.</headline>
<dateline>SPRINGFIELD 1997-08-08</dateline>
<text>
<p>Barrows and gilts were mostly steady. Top $57.00 per cwt. - USDA</p>
<p>			     Country				Plant</p>
<p>US 1-2  230-260 LBS. 55.00-56.00 Few 54.50 &amp; 56.50  55.50-57.00 US 2-3  230-260 LBS. 50.00-54.00</p>
<p>	  210-230 LBS. 45.00-50.00</p>
<p>Sows:  Near Steady. Top 49.00. US 1-3  300-500 LBS. 42.00-45.00 Few 41.00</p>
<p>	  500-600 LBS. 45.00-47.50</p>
<p>Few over 600 LBS. 47.50-49.00</p>
</text>
<copyright>(c) Reuters Limited 1997</copyright>
<metadata>
<codes class="bip:countries:1.0">
  <code code="USA">
    <editdetail attribution="Reuters BIP Coding Group" action="confirmed" date="1997-08-08"/>
  </code>
</codes>
<codes class="bip:topics:1.0">
  <code code="M14">
    <editdetail attribution="Reuters BIP Coding Group" action="confirmed" date="1997-08-08"/>
  </code>
  <code code="M141">
    <editdetail attribution="Reuters BIP Coding Group" action="confirmed" date="1997-08-08"/>
  </code>
  <code code="MCAT">
    <editdetail attribution="Reuters BIP Coding Group" action="confirmed" date="1997-08-08"/>
  </code>
</codes>
<dc element="dc.date.created" value="1997-08-08"/>
<dc element="dc.publisher" value="Reuters Holdings Plc"/>
<dc element="dc.date.published" value="1997-08-08"/>
<dc element="dc.source" value="Reuters"/>
<dc element="dc.creator.location" value="SPRINGFIELD"/>
<dc element="dc.creator.location.country.name" value="USA"/>
<dc element="dc.source" value="Reuters"/>
</metadata>
</newsitem>
