<?xml version="1.0" encoding="iso-8859-1" ?>
<newsitem itemid="71606" id="root" date="1996-09-23" xml:lang="en">
<title>CHINA: Huge imports send China steel prices plunging.</title>
<headline>Huge imports send China steel prices plunging.</headline>
<dateline>BEIJING 1996-09-23</dateline>
<text>
<p>Massive steel imports this year sent Chinese prices plunging in August and caused a glut, the Trade Information on Chinese Materials and Equipment said.</p>
<p>Steel imports in the first seven months were 9.14 million tonnes, up 24.2 percent from the same period in 1995, the trade magazine said in a report available on Monday. If imports continue at that level, China will import 15.6 million tonnes in 1996 -- far above the official target of 10 million, it said.</p>
<p>Continued high imports depressed prices for 10 of 12 types of steel materials in August, with prices of some materials falling by as much as 4.43 percent during the month, it said.</p>
<p>Chinese steel output in the first seven months was 48.78 million tonnes, an increase of 2.42 million tonnes or 5.22 percent, compared with the year-ago period, it said.</p>
<p>China is expected to produce nearly 100 million tonnes of steel this year, up from 93.5 million in 1995.</p>
<p>Sluggish steel demand was partly due to state controls on fixed investment and cash shortages in factories, it said.</p>
<p>Steel exports in the first seven months slumped 37.5 percent year-on-year to 2.17 million tonnes, the trade magazine said. At that level 1996 exports would total less than 4.0 million tonnes, versus 5.93 million tonnes in 1995.</p>
</text>
<copyright>(c) Reuters Limited 1996</copyright>
<metadata>
<codes class="bip:countries:1.0">
  <code code="CHINA">
    <editdetail attribution="Reuters BIP Coding Group" action="confirmed" date="1996-09-23"/>
  </code>
</codes>
<codes class="bip:industries:1.0">
  <code code="I22100">
    <editdetail attribution="Reuters BIP Coding Group" action="confirmed" date="1996-09-23"/>
  </code>
</codes>
<codes class="bip:topics:1.0">
  <code code="C31">
    <editdetail attribution="Reuters BIP Coding Group" action="confirmed" date="1996-09-23"/>
  </code>
  <code code="C311">
    <editdetail attribution="Reuters BIP Coding Group" action="confirmed" date="1996-09-23"/>
  </code>
  <code code="CCAT">
    <editdetail attribution="Reuters BIP Coding Group" action="confirmed" date="1996-09-23"/>
  </code>
  <code code="M14">
    <editdetail attribution="Reuters BIP Coding Group" action="confirmed" date="1996-09-23"/>
  </code>
  <code code="M142">
    <editdetail attribution="Reuters BIP Coding Group" action="confirmed" date="1996-09-23"/>
  </code>
  <code code="MCAT">
    <editdetail attribution="Reuters BIP Coding Group" action="confirmed" date="1996-09-23"/>
  </code>
</codes>
<dc element="dc.date.created" value="1996-09-23"/>
<dc element="dc.publisher" value="Reuters Holdings Plc"/>
<dc element="dc.date.published" value="1996-09-23"/>
<dc element="dc.source" value="Reuters"/>
<dc element="dc.creator.location" value="BEIJING"/>
<dc element="dc.creator.location.country.name" value="CHINA"/>
<dc element="dc.source" value="Reuters"/>
</metadata>
</newsitem>
