<?xml version="1.0" encoding="iso-8859-1" ?>
<newsitem itemid="772857" id="root" date="1997-08-01" xml:lang="en">
<title>USA: JPS Textile bondholders support restructuring plan.</title>
<headline>JPS Textile bondholders support restructuring plan.</headline>
<dateline>GREENVILLE, S.C. 1997-08-01</dateline>
<text>
<p>JPS Textile Group on Friday said  a majority of its bondholders voted in favor of its previously announced  restructuring plan, which it subsequently filed with U.S. Bankruptcy  Court in New York for approval.</p>
<p>The plan calls for restructuring through a voluntary &quot;prepackaged&quot;  Chapter 11 case, which would only affect the holding company, JPS  Textile said in a news release.</p>
<p>JPS said holders of holders of 68 percent of its outstanding senior  preferred stock also voted to support the plan.</p>
<p>JPS's operating subsidiaries, JPS Converter &amp; Industrial Corp and  JPS Elastomerics Corp, have not filed for Chapter 11 and will conduct  business as usual, the company said.</p>
</text>
<copyright>(c) Reuters Limited 1997</copyright>
<metadata>
<codes class="bip:countries:1.0">
  <code code="USA">
    <editdetail attribution="Reuters BIP Coding Group" action="confirmed" date="1997-08-01"/>
  </code>
</codes>
<codes class="bip:industries:1.0">
  <code code="I43000">
    <editdetail attribution="Reuters BIP Coding Group" action="confirmed" date="1997-08-01"/>
  </code>
</codes>
<codes class="bip:topics:1.0">
  <code code="C16">
    <editdetail attribution="Reuters BIP Coding Group" action="confirmed" date="1997-08-01"/>
  </code>
  <code code="CCAT">
    <editdetail attribution="Reuters BIP Coding Group" action="confirmed" date="1997-08-01"/>
  </code>
</codes>
<dc element="dc.date.created" value="1997-08-01"/>
<dc element="dc.publisher" value="Reuters Holdings Plc"/>
<dc element="dc.date.published" value="1997-08-01"/>
<dc element="dc.source" value="Reuters"/>
<dc element="dc.creator.location" value="GREENVILLE, S.C."/>
<dc element="dc.creator.location.country.name" value="USA"/>
<dc element="dc.source" value="Reuters"/>
</metadata>
</newsitem>
