<?xml version="1.0" encoding="iso-8859-1" ?>
<newsitem itemid="376234" id="root" date="1997-02-13" xml:lang="en">
<title>USA: US News &amp; World Report names Evans president.</title>
<headline>US News &amp; World Report names Evans president.</headline>
<dateline>NEW YORK 1997-02-13</dateline>
<text>
<p>U.S. News &amp; World Report magazine said Thursday that Tom Evans, its publisher, had been named to the additional post of president.</p>
<p>Evans will be responsible for day-to-day business operations at U.S. News.</p>
<p>Fred Drasner, chief executive officer, retains control of the magazine's overall strategic business direction, U.S. News said.</p>
<p>Evans was most recently executive vice president. He has held the publisher's post since 1992.  </p>
<p>Eric Gertler was named executive vice president. He will report to Evans and will oversee a number of U.S. News departments, including finance, manufacturing, distribution, circulation, new media, legal and product extensions.</p>
<p>U.S. News is one of several media properties controlled by Drasner and Mortimer Zuckerman.</p>
<p>Gertler was most recently president of new media for the various media properties controlled by Drasner and Zuckerman.</p>
</text>
<copyright>(c) Reuters Limited 1997</copyright>
<metadata>
<codes class="bip:countries:1.0">
  <code code="USA">
    <editdetail attribution="Reuters BIP Coding Group" action="confirmed" date="1997-02-13"/>
  </code>
</codes>
<codes class="bip:topics:1.0">
  <code code="C41">
    <editdetail attribution="Reuters BIP Coding Group" action="confirmed" date="1997-02-13"/>
  </code>
  <code code="C411">
    <editdetail attribution="Reuters BIP Coding Group" action="confirmed" date="1997-02-13"/>
  </code>
  <code code="CCAT">
    <editdetail attribution="Reuters BIP Coding Group" action="confirmed" date="1997-02-13"/>
  </code>
</codes>
<dc element="dc.date.created" value="1997-02-13"/>
<dc element="dc.publisher" value="Reuters Holdings Plc"/>
<dc element="dc.date.published" value="1997-02-13"/>
<dc element="dc.source" value="Reuters"/>
<dc element="dc.creator.location" value="NEW YORK"/>
<dc element="dc.creator.location.country.name" value="USA"/>
<dc element="dc.source" value="Reuters"/>
</metadata>
</newsitem>
