<?xml version="1.0" encoding="iso-8859-1" ?>
<newsitem itemid="182562" id="root" date="1996-11-12" xml:lang="en">
<title>USA: PRESALE - $6.5 mln Dallas, Texas.</title>
<headline>PRESALE - $6.5 mln Dallas, Texas.</headline>
<text>
<p>AMT: 6,500,000	DATE: 11/13/96	NYC Time: 1100	CUSIP: 235218</p>
<p>ISSUER: Dallas							    ST: TX</p>
<p>ISSUE: Equip. acquisition contractual obligations Ser 96    TAX STAT: Exempt-LT</p>
<p>M/SP/F: Aaa/NA/NA							 BOOK ENTRY: Y</p>
<p>ENHANCEMENTS: None							BANK QUAL: N</p>
<p>DTD: 11/01/96							     SURE BID: N</p>
<p>DUE: 2/15/97-01					     SR MGR:</p>
<p>1ST CPN: 02/15/97</p>
<p>CALL: Non-Callable					  NIC</p>
<p>DELIVERY: 12/18/96 approx				 ORDERS:</p>
<p>PAYING AGENT: Comerica Bank, Dallas</p>
<p>L.O.: Vinson &amp; Elkins; Robinson West &amp; Gooden</p>
<p>F.A.: First Southwest Co., Dallas</p>
<p>LAST SALE: $17,025,000 11/8/95 @ 4.3138% NIC; 2yrs 4mos avg;BBI 5.70%</p>
<p>Year		     Amount    Coupon     Yield     Price  Conc.</p>
<p>1997		  1,300,000</p>
<p>1998		  1,300,000</p>
<p>1999		  1,300,000</p>
<p>2000		  1,300,000</p>
<p>2001		  1,300,000</p>
<p>COMPETITIVE PRE-SALE CONTRIBUTED BY J.J. KENNY K-SHEETS:</p>
</text>
<copyright>(c) Reuters Limited 1996</copyright>
<metadata>
<codes class="bip:countries:1.0">
  <code code="USA">
    <editdetail attribution="Reuters BIP Coding Group" action="confirmed" date="1996-11-12"/>
  </code>
</codes>
<codes class="bip:topics:1.0">
  <code code="E21">
    <editdetail attribution="Reuters BIP Coding Group" action="confirmed" date="1996-11-12"/>
  </code>
  <code code="E212">
    <editdetail attribution="Reuters BIP Coding Group" action="confirmed" date="1996-11-12"/>
  </code>
  <code code="ECAT">
    <editdetail attribution="Reuters BIP Coding Group" action="confirmed" date="1996-11-12"/>
  </code>
</codes>
<dc element="dc.publisher" value="Reuters Holdings Plc"/>
<dc element="dc.date.published" value="1996-11-12"/>
<dc element="dc.source" value="Reuters"/>
<dc element="dc.creator.location.country.name" value="USA"/>
<dc element="dc.source" value="Reuters"/>
</metadata>
</newsitem>
