<?xml version="1.0" encoding="iso-8859-1" ?>
<newsitem itemid="461461" id="root" date="1997-03-22" xml:lang="en">
<title>GERMANY: SOCCER-LEADING SCORERS IN GERMAN FIRST DIVISION.</title>
<headline>SOCCER-LEADING SCORERS IN GERMAN FIRST DIVISION.</headline>
<dateline>BONN 1997-03-22</dateline>
<text>
<p>Leading goalscorers in the German</p>
<p>first division after Saturday's games:</p>
<p>17 - Fredi Bobic (VfB Stuttgart), Bernhard Winkler (1860</p>
<p>Munich)</p>
<p>15 - Giovane Elber (VfB Stuttgart)</p>
<p>14 - Sean Dundee (Karlsruhe)</p>
<p>13 - Andreas Herzog (Werder Bremen), Paulo Sergio (Bayer</p>
<p>Leverkusen),</p>
<p>12 - Jonathan Akpoborie (Hansa Rostock), Ulf Kirsten (Bayer</p>
<p>Leverkusen)</p>
<p>11 - Martin Max (Schalke)</p>
<p>10 - Toni Polster (Cologne), Juergen Klinsmann (Bayern Munich)</p>
</text>
<copyright>(c) Reuters Limited 1997</copyright>
<metadata>
<codes class="bip:countries:1.0">
  <code code="GFR">
    <editdetail attribution="Reuters BIP Coding Group" action="confirmed" date="1997-03-22"/>
  </code>
</codes>
<codes class="bip:topics:1.0">
  <code code="GCAT">
    <editdetail attribution="Reuters BIP Coding Group" action="confirmed" date="1997-03-22"/>
  </code>
  <code code="GSPO">
    <editdetail attribution="Reuters BIP Coding Group" action="confirmed" date="1997-03-22"/>
  </code>
</codes>
<dc element="dc.date.created" value="1997-03-22"/>
<dc element="dc.publisher" value="Reuters Holdings Plc"/>
<dc element="dc.date.published" value="1997-03-22"/>
<dc element="dc.source" value="Reuters"/>
<dc element="dc.creator.location" value="BONN"/>
<dc element="dc.creator.location.country.name" value="GERMANY"/>
<dc element="dc.source" value="Reuters"/>
</metadata>
</newsitem>
