<?xml version="1.0" encoding="iso-8859-1" ?>
<newsitem itemid="557463" id="root" date="1997-05-02" xml:lang="en">
<title>AUSTRALIA: Australian dollar eases, bonds edge up on data.</title>
<headline>Australian dollar eases, bonds edge up on data.</headline>
<dateline>SYDNEY 1997-05-02</dateline>
<text>
<p>The Australian dollar eased and debt futures firmed briefly after March and first quarter retail trade data proved slightly weaker than expectations.</p>
<p>The dollar was quoted at US$0.7837/42 compared with US$0.7840/50 just before the data releases. The June 10-year bond futures contract touched 92.140 against a pre-data 92.110. June bill futures also firmed, rising to 94.02 from 94.00.</p>
<p>March retail trade fell 0.3 percent compared with an expected flat outcome, while quarterly real retail trade rose 2.2 percent against an expected 2.4 percent rise.</p>
<p>-- Sydney Newsroom 61-2 9373-1800</p>
</text>
<copyright>(c) Reuters Limited 1997</copyright>
<metadata>
<codes class="bip:countries:1.0">
  <code code="AUSTR">
    <editdetail attribution="Reuters BIP Coding Group" action="confirmed" date="1997-05-02"/>
  </code>
</codes>
<codes class="bip:topics:1.0">
  <code code="M12">
    <editdetail attribution="Reuters BIP Coding Group" action="confirmed" date="1997-05-02"/>
  </code>
  <code code="M13">
    <editdetail attribution="Reuters BIP Coding Group" action="confirmed" date="1997-05-02"/>
  </code>
  <code code="M132">
    <editdetail attribution="Reuters BIP Coding Group" action="confirmed" date="1997-05-02"/>
  </code>
  <code code="MCAT">
    <editdetail attribution="Reuters BIP Coding Group" action="confirmed" date="1997-05-02"/>
  </code>
</codes>
<dc element="dc.date.created" value="1997-05-02"/>
<dc element="dc.publisher" value="Reuters Holdings Plc"/>
<dc element="dc.date.published" value="1997-05-02"/>
<dc element="dc.source" value="Reuters"/>
<dc element="dc.creator.location" value="SYDNEY"/>
<dc element="dc.creator.location.country.name" value="AUSTRALIA"/>
<dc element="dc.source" value="Reuters"/>
</metadata>
</newsitem>
