<?xml version="1.0" encoding="iso-8859-1" ?>
<newsitem itemid="458753" id="root" date="1997-03-21" xml:lang="en">
<title>POLAND: Polish parties' ratings in opinion polls.</title>
<headline>Polish parties' ratings in opinion polls.</headline>
<dateline>WARSAW 1997-03-21</dateline>
<text>
<p>A survey by the public CBOS polling institute published on Friday showed the Solidarity Electoral Action (AWS) holding on to first place with runner-up Democratic Left Alliance (SLD) narrowing the gap.</p>
<p>Following is a ranking of Polish political parties according to five most recent public opinion polls.</p>
<p>Parliamentary elections are due around September, 1997.</p>
<p>	   CBOS	   PBS	  OBOP    DEMOSKOP     CBOS</p>
<p>(March 12-18) (March 8-9) (March 8-11)(March 6-11)(Feb 14-17)  AWS	24	  29		  20	22	    24</p>
<p> SLD	23	  26		  23	24	    22</p>
<p> PSL	10	  12		  12	13	    10</p>
<p> UW	  8	  12		  12	12	     8</p>
<p> ROP	 6	   8		  12	10	     6</p>
<p>  UP	 5	   9		   5	 7	     7</p>
<p>NOTE - Party names: AWS - The Solidarity Electoral Action, an opposition electoral bloc of more than 30 small right-wing parties led by the Solidarity trade union.</p>
<p>SLD - the Democratic Left Alliance, the ex-communist group and the larger partner in the ruling leftist coalition.</p>
<p>PSL - The Polish Peasant Party, the smaller partner in the government coalition UW - The Union for Freedom, a right-centrist group, the biggest opposition party in parliament.</p>
<p>ROP - The Movement for Reconstruction of Poland, a non-parliamentary group, advocating patriotic, anti-communist and often populist values.</p>
<p>UP - The Union of Labour, a leftist opposition party.</p>
<p>Polling agencies: CBOS - public, Poland's biggest polling institution.</p>
<p>OBOP - controlled by the state-owned television.</p>
<p>DEMOSKOP - private.</p>
<p>PBS - private, preparing polls for authoritative Rzeczpospolita daily.</p>
<p>-- Warsaw Newsroom +48 22 653 9700</p>
</text>
<copyright>(c) Reuters Limited 1997</copyright>
<metadata>
<codes class="bip:countries:1.0">
  <code code="POL">
    <editdetail attribution="Reuters BIP Coding Group" action="confirmed" date="1997-03-21"/>
  </code>
</codes>
<codes class="bip:topics:1.0">
  <code code="GCAT">
    <editdetail attribution="Reuters BIP Coding Group" action="confirmed" date="1997-03-21"/>
  </code>
  <code code="GPOL">
    <editdetail attribution="Reuters BIP Coding Group" action="confirmed" date="1997-03-21"/>
  </code>
  <code code="GVOTE">
    <editdetail attribution="Reuters BIP Coding Group" action="confirmed" date="1997-03-21"/>
  </code>
</codes>
<dc element="dc.date.created" value="1997-03-21"/>
<dc element="dc.publisher" value="Reuters Holdings Plc"/>
<dc element="dc.date.published" value="1997-03-21"/>
<dc element="dc.source" value="Reuters"/>
<dc element="dc.creator.location" value="WARSAW"/>
<dc element="dc.creator.location.country.name" value="POLAND"/>
<dc element="dc.source" value="Reuters"/>
</metadata>
</newsitem>
