<?xml version="1.0" encoding="iso-8859-1" ?>
<newsitem itemid="47479" id="root" date="1996-09-11" xml:lang="en">
<title>USA: U.S. supply/demand cotton estimates -- USDA.</title>
<headline>U.S. supply/demand cotton estimates -- USDA.</headline>
<dateline>WASHINGTON 1996-09-11</dateline>
<text>
<p>USDA supply/demand estimates of U.S. cotton (million 480-Lb Bales):</p>
<p>				    1996/97		  1995/96</p>
<p>			    09/01/96  08/01/96   09/01/96   08/01/96</p>
<p>   Beginning Stocks-U    2.60	 2.60	 2.65	2.65</p>
<p>	     Production   17.90	18.58	17.90     17.90</p>
<p>		  Imports    0.50	 0.40	 0.38	0.38</p>
<p>	 Total Supply-F   21.00	21.58	20.90     20.93</p>
<p>	   Domestic Use   11.20	11.00	10.60     10.60</p>
<p>		  Exports    6.20	 6.60	 7.70	7.75</p>
<p>U-Based on Census Bureau data. F-Includes imports.  </p>
<p>	  COTTON-X ------------- 1996/97		   1995/96</p>
<p>			     09/01/96  08/01/96    09/01/96 08/01/96</p>
<p>	   Total Use	 17.40     17.60	 18.30    18.35</p>
<p>	 Unaccounted-V	 Nil     -0.02	  0.03    -0.03</p>
<p>	Ending Stocks-W     3.60	4.00	  2.60     2.60</p>
<p> Avg.Price (Cents/Lb)	 N/A	N/A	 76.90    76.90</p>
<p>V-Mln 480-lb bales. W-Difference between end stocks and prior season stocks, less total use. U-Based on Census Bureau data. N/A-Not Available.  </p>
<p>     COTTON --------------- 1996/97		   1995/96</p>
<p>			    09/01/96  08/01/96    09/01/96  08/01/96</p>
<p>    Mln Acres Planted    14.24     14.24	 16.93     16.93</p>
<p>  Mln Acres Harvested    12.99     12.99	 16.01     16.01</p>
<p> Yield (Lbs per Acre)	661	 686	   537	 537</p>
<p>Note--Cotton marketing season begins Aug 1.</p>
</text>
<copyright>(c) Reuters Limited 1996</copyright>
<metadata>
<codes class="bip:countries:1.0">
  <code code="USA">
    <editdetail attribution="Reuters BIP Coding Group" action="confirmed" date="1996-09-11"/>
  </code>
</codes>
<codes class="bip:topics:1.0">
  <code code="M14">
    <editdetail attribution="Reuters BIP Coding Group" action="confirmed" date="1996-09-11"/>
  </code>
  <code code="M141">
    <editdetail attribution="Reuters BIP Coding Group" action="confirmed" date="1996-09-11"/>
  </code>
  <code code="MCAT">
    <editdetail attribution="Reuters BIP Coding Group" action="confirmed" date="1996-09-11"/>
  </code>
</codes>
<dc element="dc.date.created" value="1996-09-11"/>
<dc element="dc.publisher" value="Reuters Holdings Plc"/>
<dc element="dc.date.published" value="1996-09-11"/>
<dc element="dc.source" value="Reuters"/>
<dc element="dc.creator.location" value="WASHINGTON"/>
<dc element="dc.creator.location.country.name" value="USA"/>
<dc element="dc.source" value="Reuters"/>
</metadata>
</newsitem>
