<?xml version="1.0" encoding="iso-8859-1" ?>
<newsitem itemid="416456" id="root" date="1997-03-03" xml:lang="en">
<title>JAPAN: ANA falls on Nomura downgrade.</title>
<headline>ANA falls on Nomura downgrade.</headline>
<dateline>TOKYO 1997-03-03</dateline>
<text>
<p>Shares in All Nippon Airways Co Ltd (ANA) fell on the Tokyo Stock Exchange on Monday morning due to a downgrade by Nomura Research Institute, traders said.</p>
<p>By 0126 GMT, ANA was down 34 yen at 839.</p>
<p>Turnover was 1.11 million shares.  </p>
<p>Earlier on Monday, market sources said Nomura Research had downgraded ANA to a &quot;2&quot; rating from its previous &quot;1&quot;.</p>
<p>Nomura officials were not immediately available for comment. In its three-grade rating system, the research institute assigns a &quot;2&quot; rating to issues whose values it sees moving within 10 percentage points in either direction of the key 225-share Nikkei average over the next six months.</p>
<p>Japanese business daily Nihon Keizai Shimbun reported on Sunday that ANA would temporarily suspend a new wage system for its pilots due to opposition from its pilots' union.</p>
<p>The paper said the new system, introduced on April 1, 1996 to cut personnel costs, would be suspended for the fiscal year starting on April 1.</p>
<p>ANA's move could affect the firm's overall restructuring plans, the paper said.</p>
</text>
<copyright>(c) Reuters Limited 1997</copyright>
<metadata>
<codes class="bip:countries:1.0">
  <code code="JAP">
    <editdetail attribution="Reuters BIP Coding Group" action="confirmed" date="1997-03-03"/>
  </code>
</codes>
<codes class="bip:industries:1.0">
  <code code="I75000">
    <editdetail attribution="Reuters BIP Coding Group" action="confirmed" date="1997-03-03"/>
  </code>
</codes>
<codes class="bip:topics:1.0">
  <code code="C15">
    <editdetail attribution="Reuters BIP Coding Group" action="confirmed" date="1997-03-03"/>
  </code>
  <code code="C152">
    <editdetail attribution="Reuters BIP Coding Group" action="confirmed" date="1997-03-03"/>
  </code>
  <code code="CCAT">
    <editdetail attribution="Reuters BIP Coding Group" action="confirmed" date="1997-03-03"/>
  </code>
</codes>
<dc element="dc.date.created" value="1997-03-03"/>
<dc element="dc.publisher" value="Reuters Holdings Plc"/>
<dc element="dc.date.published" value="1997-03-03"/>
<dc element="dc.source" value="Reuters"/>
<dc element="dc.creator.location" value="TOKYO"/>
<dc element="dc.creator.location.country.name" value="JAPAN"/>
<dc element="dc.source" value="Reuters"/>
</metadata>
</newsitem>
