<?xml version="1.0" encoding="iso-8859-1" ?>
<newsitem itemid="753919" id="root" date="1997-07-24" xml:lang="en">
<title>USA: TABLE-Digital Equipment Q4 shr profit $0.75.</title>
<headline>TABLE-Digital Equipment Q4 shr profit $0.75.</headline>
<dateline>NEW YORK 1997-07-24</dateline>
<text>
<p>1997			1996</p>
<p> Shr profit		 $0.75     loss	 $2.87</p>
<p> Net profit	     123,909     loss     432,838</p>
<p> Oper revs	    3,463,134		3,719,252</p>
<p> Avg shrs		 153,050		  153,976</p>
<p>	  12 MONTHSended June 28</p>
<p> Shr profit		 $0.68     loss	 $0.97</p>
<p> Net profit	     140,875     loss     111,812</p>
<p> Oper revs	   13,046,832	     14,562,775</p>
<p> Avg shrs		 155,458		  152,052</p>
<p>(All data above 000s except per share numbers)</p>
<p>Note: Analysts consensus for the quarter was $0.73 per share, according to First Call.</p>
<p>The 1996 quarter included a restructuring charge of $492 million.</p>
<p>The company reported operating profit for the quarter of 120.3 millon compared to a loss of $449.9 million for the quarter, and a profit of $130.2 million compared to a loss of $115.5 million for the year.</p>
<p>The company reported as &quot;other income/expense&quot; $20.4 million compared to $17.4 million for the quater.</p>
<p>In the fourth quarter of 1997, other income/expenses includes $33 million of interest income, $22 million in interest expense and $9 million in gains on divestment.</p>
<p>In the fourth quarter of 1996, it includes $20 million in interest income, $25 million in interest expense and $23 million in net gains on divestments.</p>
</text>
<copyright>(c) Reuters Limited 1997</copyright>
<metadata>
<codes class="bip:countries:1.0">
  <code code="USA">
    <editdetail attribution="Reuters BIP Coding Group" action="confirmed" date="1997-07-24"/>
  </code>
</codes>
<codes class="bip:industries:1.0">
  <code code="I33020">
    <editdetail attribution="Reuters BIP Coding Group" action="confirmed" date="1997-07-24"/>
  </code>
  <code code="I3302003">
    <editdetail attribution="Reuters BIP Coding Group" action="confirmed" date="1997-07-24"/>
  </code>
</codes>
<codes class="bip:topics:1.0">
  <code code="C15">
    <editdetail attribution="Reuters BIP Coding Group" action="confirmed" date="1997-07-24"/>
  </code>
  <code code="C151">
    <editdetail attribution="Reuters BIP Coding Group" action="confirmed" date="1997-07-24"/>
  </code>
  <code code="C1511">
    <editdetail attribution="Reuters BIP Coding Group" action="confirmed" date="1997-07-24"/>
  </code>
  <code code="CCAT">
    <editdetail attribution="Reuters BIP Coding Group" action="confirmed" date="1997-07-24"/>
  </code>
</codes>
<dc element="dc.date.created" value="1997-07-24"/>
<dc element="dc.publisher" value="Reuters Holdings Plc"/>
<dc element="dc.date.published" value="1997-07-24"/>
<dc element="dc.source" value="Reuters"/>
<dc element="dc.creator.location" value="NEW YORK"/>
<dc element="dc.creator.location.country.name" value="USA"/>
<dc element="dc.source" value="Reuters"/>
</metadata>
</newsitem>
