<?xml version="1.0" encoding="iso-8859-1" ?>
<newsitem itemid="805200" id="root" date="1997-08-18" xml:lang="en">
<title>NAMIBIA: PRESS DIGEST - Namibia - Aug 18.</title>
<headline>PRESS DIGEST - Namibia - Aug 18.</headline>
<dateline>WINDHOEK 1997-08-18</dateline>
<text>
<p>These are the stories making headlines in the Namibian press on Monday. Retuers has not verifired these stories and does not vouch for their accuracy.</p>
<p>- - - -</p>
<p>THE NAMIBIAN</p>
<p>- Because of finanical constraints the Swapo central committee has decided to appoint only four of the 14 positions for national organisers, deferring the decision to appoint more to a later stage.</p>
<p>- The Namibian Broadcasting Corporation (NBC) is to seek an additional N$13 million from government to implement a new salary structure agreed upon between management and staff representatives on Friday.</p>
<p>- - - -</p>
<p>DIE ALLGEMEINE ZEITUNG</p>
<p>- The national planning commission (NPC) will as from today (Monday) be conducting a month-long country-wide research to establish a national consumer index, permanent secretary of the NPC Andrew Ndishishi announced on Friday.</p>
<p>- President Sam Nujoma called on the Swapo membership to take stock of the successes and failures of the ruling party during the central committee meeting on Saturday.</p>
<p>- - - -</p>
<p>DIE REPUBLIKEIN</p>
<p>- There was a radical change in the formation of the politbureau of the ruling party Swapo with the absence of the former party leader Moses Garoeb the clearest indication that a further cabinet reshuffle is on the cards.</p>
<p>- A new democratic party is being hailed as the answer to Swapo's political monopoly in four regions in northern Namibia.</p>
<p>- - - -</p>
<p>NAMIBIA ECONOMIST</p>
<p>- Expressing his concern about the recent collapse of ostrich prices, Stephanus Goliath, chairman of Ostrich Production Namibia, and Karas regional governor, said that rumours about the impending financial difficulties of the industry would not only hurt existing projects, but OPN as well.</p>
<p>- The transport parastatal Transnamib signed an annual wage agreemeent with the Namibia Transport and Allied Union (NATAU) last week.</p>
<p>-- Namibia newsroom, +26 461 245-260</p>
</text>
<copyright>(c) Reuters Limited 1997</copyright>
<metadata>
<codes class="bip:countries:1.0">
  <code code="NAMIB">
    <editdetail attribution="Reuters BIP Coding Group" action="confirmed" date="1997-08-18"/>
  </code>
</codes>
<codes class="bip:topics:1.0">
  <code code="GCAT">
    <editdetail attribution="Reuters BIP Coding Group" action="confirmed" date="1997-08-18"/>
  </code>
</codes>
<dc element="dc.date.created" value="1997-08-18"/>
<dc element="dc.publisher" value="Reuters Holdings Plc"/>
<dc element="dc.date.published" value="1997-08-18"/>
<dc element="dc.source" value="Reuters"/>
<dc element="dc.creator.location" value="WINDHOEK"/>
<dc element="dc.creator.location.country.name" value="NAMIBIA"/>
<dc element="dc.source" value="Reuters"/>
</metadata>
</newsitem>
