<?xml version="1.0" encoding="iso-8859-1" ?>
<newsitem itemid="142264" id="root" date="1996-10-24" xml:lang="en">
<title>PHILIPPINES: RESEARCH ALERT - Urbancorp says Alaska a buy.</title>
<headline>RESEARCH ALERT - Urbancorp says Alaska a buy.</headline>
<dateline>MANILA 1996-10-24</dateline>
<text>
<p>Urbancorp Securities Inc said on Thursday it had given Alaska Milk Corp a buy recommendation due to its prospects of higher earnings next year.</p>
<p>The company recently launched a wider marketing strategy for its two new products, a ready-to-drink milk and a follow-on milk for children.</p>
<p>Prices of skimmed milk powder, a major raw material for Alaska, have also softened due to increased milk production in Australia and New Zealand in the second half of the year, Urbancorp said.</p>
<p>&quot;With Alaska Milk's expanded product variants and the softening of skimmed milk powder prices, we recommend investors to buy the issue for its recovery,&quot; the local stockbroker said in a research report.</p>
<p>Alaska is currently trading at 1.96 pesos a share.</p>
<p>-- Manila newsroom 6 3 28418938 Fax 8176267</p>
</text>
<copyright>(c) Reuters Limited 1996</copyright>
<metadata>
<codes class="bip:countries:1.0">
  <code code="PHLNS">
    <editdetail attribution="Reuters BIP Coding Group" action="confirmed" date="1996-10-24"/>
  </code>
  <code code="USA">
    <editdetail attribution="Reuters BIP Coding Group" action="confirmed" date="1996-10-24"/>
  </code>
</codes>
<codes class="bip:industries:1.0">
  <code code="I42390">
    <editdetail attribution="Reuters BIP Coding Group" action="confirmed" date="1996-10-24"/>
  </code>
</codes>
<codes class="bip:topics:1.0">
  <code code="C15">
    <editdetail attribution="Reuters BIP Coding Group" action="confirmed" date="1996-10-24"/>
  </code>
  <code code="C152">
    <editdetail attribution="Reuters BIP Coding Group" action="confirmed" date="1996-10-24"/>
  </code>
  <code code="CCAT">
    <editdetail attribution="Reuters BIP Coding Group" action="confirmed" date="1996-10-24"/>
  </code>
</codes>
<dc element="dc.date.created" value="1996-10-24"/>
<dc element="dc.publisher" value="Reuters Holdings Plc"/>
<dc element="dc.date.published" value="1996-10-24"/>
<dc element="dc.source" value="Reuters"/>
<dc element="dc.creator.location" value="MANILA"/>
<dc element="dc.creator.location.country.name" value="PHILIPPINES"/>
<dc element="dc.source" value="Reuters"/>
</metadata>
</newsitem>
