<?xml version="1.0" encoding="iso-8859-1" ?>
<newsitem itemid="229349" id="root" date="1996-12-02" xml:lang="en">
<title>USA: BALANCE - Westfield, Mass., at $465,000.</title>
<headline>BALANCE - Westfield, Mass., at $465,000.</headline>
<text>
<p>CITY OF WESTFIELD, MASSACHUSETTS</p>
<p>RE: $6,130,000</p>
<p>MUNICIPAL PURPOSE LOAN OF 1996 BONDS</p>
<p>(LIMITED TAX)</p>
<p>MOODY'S: Aaa		   S&amp;P: NR</p>
<p>Delivery Date: 11/26/1996</p>
<p>FSA INSURED</p>
<p>Maturity	   Balance     Coupon    List</p>
<p>11/15/2004	     375M    4.60	  4.55</p>
<p>11/15/2006		20M    4.70	  4.75</p>
<p>11/15/2012		25M    5.15	  5.30</p>
<p>11/15/2013		25M    5.20	  5.35</p>
<p>11/15/2015		10M    5.25	  5.45</p>
<p>11/15/2016		10M    5.25	  5.50</p>
<p>  Total:		 465M</p>
<p>A.G. Edwards &amp; Sons, Inc.</p>
<p>Roosevelt &amp; Cross, Inc.</p>
<p>Advest, Inc.</p>
<p>Dean Witter Reynolds Inc.</p>
<p>Tucker Anthony Incorporated</p>
<p>--U.S. Municipal Desk, 212-859-1650</p>
</text>
<copyright>(c) Reuters Limited 1996</copyright>
<metadata>
<codes class="bip:countries:1.0">
  <code code="USA">
    <editdetail attribution="Reuters BIP Coding Group" action="confirmed" date="1996-12-02"/>
  </code>
</codes>
<codes class="bip:topics:1.0">
  <code code="E21">
    <editdetail attribution="Reuters BIP Coding Group" action="confirmed" date="1996-12-02"/>
  </code>
  <code code="E212">
    <editdetail attribution="Reuters BIP Coding Group" action="confirmed" date="1996-12-02"/>
  </code>
  <code code="ECAT">
    <editdetail attribution="Reuters BIP Coding Group" action="confirmed" date="1996-12-02"/>
  </code>
</codes>
<dc element="dc.publisher" value="Reuters Holdings Plc"/>
<dc element="dc.date.published" value="1996-12-02"/>
<dc element="dc.source" value="Reuters"/>
<dc element="dc.creator.location.country.name" value="USA"/>
<dc element="dc.source" value="Reuters"/>
</metadata>
</newsitem>
