<?xml version="1.0" encoding="iso-8859-1" ?>
<newsitem itemid="589452" id="root" date="1997-05-16" xml:lang="en">
<title>LITHUANIA: MERITA TO ENTER CUSTODIAN MARKET.</title>
<headline>MERITA TO ENTER CUSTODIAN MARKET.</headline>
<dateline>VILNIUS 1997-05-16</dateline>
<text>
<p>Finland's Merita Bank Ltd. is going to enter the custodian market in Lithuania and is also interested in issuing its own bonds in litas, the company said.</p>
<p>&quot;We are going to enter the custodian market here,&quot; Merita Bank Vice President Raimo Valo told Reuters at a conference on Lithuanian capital markets and investment opportunities.</p>
<p>&quot;It's just a matter of time. It's very close...but we have to do a little bit of paperwork,&quot; he said.</p>
<p>Valo said Merita's bonds would add more instruments to the country's debt market.</p>
<p>&quot;This market needs more instruments and one way to get more instruments is to issue our own bonds, Merita Bank's own bonds,&quot; said Valo. &quot;We have done it in Latvia and Estonia.&quot;</p>
<p>&quot;Basically, all investors want to have a hedge for a long term in the currency where they have the cash flow,&quot; Valo said.</p>
<p>Valo said it would be issuing the bonds for Finnish and international clients, at least at first.</p>
<p>&quot;Finnish and international clients first and foremost,&quot; Valo said. &quot;Of course when the market has developed better, then there will probably be other issues and of course the market will widen quickly.</p>
<p>-- Burton Frierson, Vilnius newsroom +370 2 22 35 18</p>
</text>
<copyright>(c) Reuters Limited 1997</copyright>
<metadata>
<codes class="bip:countries:1.0">
  <code code="FIN">
    <editdetail attribution="Reuters BIP Coding Group" action="confirmed" date="1997-05-16"/>
  </code>
  <code code="LITH">
    <editdetail attribution="Reuters BIP Coding Group" action="confirmed" date="1997-05-16"/>
  </code>
</codes>
<codes class="bip:industries:1.0">
  <code code="I81402">
    <editdetail attribution="Reuters BIP Coding Group" action="confirmed" date="1997-05-16"/>
  </code>
</codes>
<codes class="bip:topics:1.0">
  <code code="C17">
    <editdetail attribution="Reuters BIP Coding Group" action="confirmed" date="1997-05-16"/>
  </code>
  <code code="C172">
    <editdetail attribution="Reuters BIP Coding Group" action="confirmed" date="1997-05-16"/>
  </code>
  <code code="C31">
    <editdetail attribution="Reuters BIP Coding Group" action="confirmed" date="1997-05-16"/>
  </code>
  <code code="CCAT">
    <editdetail attribution="Reuters BIP Coding Group" action="confirmed" date="1997-05-16"/>
  </code>
</codes>
<dc element="dc.date.created" value="1997-05-16"/>
<dc element="dc.publisher" value="Reuters Holdings Plc"/>
<dc element="dc.date.published" value="1997-05-16"/>
<dc element="dc.source" value="Reuters"/>
<dc element="dc.creator.location" value="VILNIUS"/>
<dc element="dc.creator.location.country.name" value="LITHUANIA"/>
<dc element="dc.source" value="Reuters"/>
</metadata>
</newsitem>
