<?xml version="1.0" encoding="iso-8859-1" ?>
<newsitem itemid="708496" id="root" date="1997-07-04" xml:lang="en">
<title>TAIWAN: PRESS DIGEST - Taiwan newspapers - July 4.</title>
<headline>PRESS DIGEST - Taiwan newspapers - July 4.</headline>
<dateline>TAIPEI 1997-07-04</dateline>
<text>
<p>These are the leading stories in the Taiwan press on Friday. Reuters has not verified these stories and does not vouch for their accuracy.</p>
<p>Newspaper headlines</p>
<p>CHINA TIMES - President Lee Teng-hui says Taiwan will never abandon its hope for peace.</p>
<p>Taiwan, Hong Kong establish systematic contact channel during meeting between Koo Chen-fu and Tung Chee-hwa.</p>
<p>UNITED DAILY NEWS - President Lee Teng-hui rejects &quot;one country, two systems&quot; formula, saying Taiwan is not Hong Kong.</p>
<p>Taiwan, Hong Kong officials can exchange visits.</p>
<p>LIBERTY TIMES - Premier Lien Chan says Taiwan can set up special zone to allow full exchanges with mainland.</p>
<p>Ruling and opposition parties to resume negotiations on constitutional reforms.</p>
<p>COMMERCIAL TIMES - Taiwan Cement 's eastern Hualien project passes environmental evaluation.</p>
<p>Business tycoon Jeffrey Koo to raise huge funds to invest in Asia-Pacific stock markets.</p>
<p>ECONOMIC DAILY NEWS - U.S. stocks soar on Fed decision not to hike interest rates.</p>
<p>Both sides of the Taiwan strait are willing to open more ports for direct shipping links.</p>
<p>-- Taipei Newsroom (5080815)</p>
</text>
<copyright>(c) Reuters Limited 1997</copyright>
<metadata>
<codes class="bip:countries:1.0">
  <code code="TAIWAN">
    <editdetail attribution="Reuters BIP Coding Group" action="confirmed" date="1997-07-04"/>
  </code>
</codes>
<codes class="bip:topics:1.0">
  <code code="GCAT">
    <editdetail attribution="Reuters BIP Coding Group" action="confirmed" date="1997-07-04"/>
  </code>
</codes>
<dc element="dc.date.created" value="1997-07-04"/>
<dc element="dc.publisher" value="Reuters Holdings Plc"/>
<dc element="dc.date.published" value="1997-07-04"/>
<dc element="dc.source" value="Reuters"/>
<dc element="dc.creator.location" value="TAIPEI"/>
<dc element="dc.creator.location.country.name" value="TAIWAN"/>
<dc element="dc.source" value="Reuters"/>
</metadata>
</newsitem>
