<?xml version="1.0" encoding="iso-8859-1" ?>
<newsitem itemid="471403" id="root" date="1997-03-27" xml:lang="en">
<title>ESTONIA: ESTONIA-CENTRAL BANK FIXINGS FOR MARCH 27-31.</title>
<headline>ESTONIA-CENTRAL BANK FIXINGS FOR MARCH 27-31.</headline>
<dateline>TALLINN 1997-03-27</dateline>
<text>
<p>The Estonian central bank</p>
<p>released the following fixings for the Estonian kroon for March</p>
<p>27-31 at 1100GMT. The Estonian kroon is pegged at eight kroons</p>
<p>to a German mark.</p>
<p>	  March 27-31  March 26/27</p>
<p> CZK	0.46082     0.46073</p>
<p> DKK	2.09885     2.09846</p>
<p> FIM	2.69885     2.69716</p>
<p> HUF	0.07619     0.0763</p>
<p> JPY	0.10882     0.1087</p>
<p> LTL	3.37498     3.38178</p>
<p> LVL     23.12791    23.23939</p>
<p> RUR	0.00235     0.00236</p>
<p> SEK	1.77144     1.76128</p>
<p> UAH	7.28245     7.33368</p>
<p> USD     13.4616     13.5288</p>
<p> XEU     15.45747    15.54053</p>
<p>For a full listing see Bank of Estonia </p>
<p>--Tallinn Newsroom, +372 630 8400 or reuters@reuters.ee</p>
</text>
<copyright>(c) Reuters Limited 1997</copyright>
<metadata>
<codes class="bip:countries:1.0">
  <code code="ESTNIA">
    <editdetail attribution="Reuters BIP Coding Group" action="confirmed" date="1997-03-27"/>
  </code>
</codes>
<codes class="bip:topics:1.0">
  <code code="M13">
    <editdetail attribution="Reuters BIP Coding Group" action="confirmed" date="1997-03-27"/>
  </code>
  <code code="M132">
    <editdetail attribution="Reuters BIP Coding Group" action="confirmed" date="1997-03-27"/>
  </code>
  <code code="MCAT">
    <editdetail attribution="Reuters BIP Coding Group" action="confirmed" date="1997-03-27"/>
  </code>
</codes>
<dc element="dc.date.created" value="1997-03-27"/>
<dc element="dc.publisher" value="Reuters Holdings Plc"/>
<dc element="dc.date.published" value="1997-03-27"/>
<dc element="dc.source" value="Reuters"/>
<dc element="dc.creator.location" value="TALLINN"/>
<dc element="dc.creator.location.country.name" value="ESTONIA"/>
<dc element="dc.source" value="Reuters"/>
</metadata>
</newsitem>
