<?xml version="1.0" encoding="iso-8859-1" ?>
<newsitem itemid="80940" id="root" date="1996-09-27" xml:lang="en">
<title>UK: Euro cotton market remains cautious, lacks trend.</title>
<headline>Euro cotton market remains cautious, lacks trend.</headline>
<dateline>LIVERPOOL 1996-09-27</dateline>
<text>
<p>The continued absence of a clearly-identifiable price trend has continued to make for rather subdued trading conditions.</p>
<p>Industry sources said mills in various parts of Europe have continued to enquire cautiously for cotton to cover their foreseeable requirements over the next few months.</p>
<p>The adverse harvest-time weather prevailing recently in several countries has failed radically to alter spinners' approach to fresh business, but has engendered a degree of caution amongst trade sellers.</p>
<p>Central Asian styles have remained in demand on several markets, and Italian mills have purchased some small quantities of greek cotton, the sources said.</p>
<p>London Newsroom +44 171 542 7771</p>
</text>
<copyright>(c) Reuters Limited 1996</copyright>
<metadata>
<codes class="bip:countries:1.0">
  <code code="UK">
    <editdetail attribution="Reuters BIP Coding Group" action="confirmed" date="1996-09-27"/>
  </code>
</codes>
<codes class="bip:topics:1.0">
  <code code="M14">
    <editdetail attribution="Reuters BIP Coding Group" action="confirmed" date="1996-09-27"/>
  </code>
  <code code="M141">
    <editdetail attribution="Reuters BIP Coding Group" action="confirmed" date="1996-09-27"/>
  </code>
  <code code="MCAT">
    <editdetail attribution="Reuters BIP Coding Group" action="confirmed" date="1996-09-27"/>
  </code>
</codes>
<dc element="dc.date.created" value="1996-09-27"/>
<dc element="dc.publisher" value="Reuters Holdings Plc"/>
<dc element="dc.date.published" value="1996-09-27"/>
<dc element="dc.source" value="Reuters"/>
<dc element="dc.creator.location" value="LIVERPOOL"/>
<dc element="dc.creator.location.country.name" value="UK"/>
<dc element="dc.source" value="Reuters"/>
</metadata>
</newsitem>
