<?xml version="1.0" encoding="iso-8859-1" ?>
<newsitem itemid="28527" id="root" date="1996-09-03" xml:lang="en">
<title>EU: REUTER EC REPORT LONG-TERM DIARY PART 14/14.</title>
<headline>REUTER EC REPORT LONG-TERM DIARY PART 14/14.</headline>
<text>
<p>MONDAY, MAY 26</p>
<p>BRUSSELS (NEW ITEM) - Energy Council.</p>
<p>TUESDAY, MAY 27</p>
<p>BRUSSELS (NEW ITEM) - Justice and Home Affairs Council (to May 28).</p>
<p>WEDNESDAY, MAY 28</p>
<p>BRUSSELS (NEW ITEM) - European Parliament holds mini session (To May 29).</p>
<p>THURSDAY, MAY 29</p>
<p>BRUSSELS (NEW ITEM) - Telecoms Council.</p>
<p>MONDAY, JUNE 2</p>
<p>LUXEMBOURG (NEW ITEM) - General Affairs Council (To June 3).</p>
<p>THURSDAY, JUNE 5</p>
<p>LUXEMBOURG (NEW ITEM) - Health Council.</p>
<p>LUXEMBOURG (NEW ITEM) - Development Council.</p>
<p>MONDAY, JUNE 9</p>
<p>LUXEMBOURG (NEW ITEM) - Farm Council (To June 10).</p>
<p>LUXEMBOURG (NEW ITEM) - ECOFIN Council.</p>
<p>STRASBOURG (NEW ITEM) - European Parliament holds plenary session (To June 13).</p>
<p>THURSDAY, JUNE 12</p>
<p>LUXEMBOURG (NEW ITEM) - Social Affairs Council.</p>
<p>MONDAY, JUNE 16</p>
<p>AMSTERDAM (NEW ITEM) - Dutch presidency hosts European Council of heads of state and government (To June 17).</p>
<p>LUXEMBOURG (NEW ITEM) - Transport Council (To June 18).</p>
<p>THURSDAY, JUNE 19</p>
<p>LUXEMBOURG (NEW ITEM) - Fisheries Council.</p>
<p>MONDAY, JUNE 23</p>
<p>LUXEMBOURG (NEW ITEM) - Environment Council (To June 24).</p>
<p>LUXEMBOURG (NEW ITEM) - (possibly) ECOFIN Council.</p>
<p>WEDNESDAY, JUNE 25</p>
<p>BRUSSELS (NEW ITEM) - European Paliament holds mini session (To June 26).</p>
<p>THURSDAY, JUNE 26</p>
<p>LUXEMBOURG (NEW ITEM) - Education Council.</p>
<p>MONDAY, JUNE 30</p>
<p>LUXEMBOURG (NEW ITEM) - General Affairs Council.</p>
<p>LUXEMBOURG (NEW ITEM) - Culture Council.</p>
<p>- Dutch EU presidency ends. Luxembourg takes over to December 31, 1997.</p>
<p>MONDAY, JULY 14</p>
<p>STRASBOURG (NEW ITEM) - European Parliament holds plenary session (to July 18).</p>
<p>MONDAY, SEPTEMBER 15</p>
<p>STRASBOURG (NEW ITEM) - European Parliament holds plenary session (To September 19).</p>
<p>WEDNESDAY, OCTOBER 1</p>
<p>BRUSSELS (NEW ITEM) - European Parliament holds mini session (To October 2).</p>
<p>MONDAY, OCTOBER 20</p>
<p>STRASBOURG (NEW ITEM) - European Parliamnt holds plenary session (To October 24).</p>
<p>WEDENESDAY, NOVEMBER 5</p>
<p>BRUSSELS (NEW ITEM) - European Parliament holds mini session (To November 6).</p>
<p>MONDAY, NOVEMBER 17</p>
<p>STRASBOURG (NEW ITEM) - European Parliament holds plenary session (To November 21).</p>
<p>WEDNESDAY, DECEMBER 3</p>
<p>BRUSSELS (NEW ITEM) - European Parliament holds mini session (To December 4).</p>
<p>MONDAY, DECEMBER 15</p>
<p>STRASBOURG (NEW ITEM) - European Parliament holds plenary session (To December 19).</p>
<p>If you have items for inclusion in the Reuter European</p>
<p>Community diary, please contact:</p>
<p>Telephone: Cynthia Simpson (322) 287 6851</p>
<p>Fax: (322) 230 5573</p>
<p>For technical queries regarding</p>
<p>the service, please call (322) 287 6666</p>
<p>- - - - - - - - - - - - - - - - - - - - - - -</p>
<p>EC Report (C)opyright Reuters Limited.</p>
</text>
<copyright>(c) Reuters Limited 1996</copyright>
<metadata>
<codes class="bip:countries:1.0">
  <code code="EEC">
    <editdetail attribution="Reuters BIP Coding Group" action="confirmed" date="1996-09-03"/>
  </code>
</codes>
<codes class="bip:topics:1.0">
  <code code="G15">
    <editdetail attribution="Reuters BIP Coding Group" action="confirmed" date="1996-09-03"/>
  </code>
  <code code="GCAT">
    <editdetail attribution="Reuters BIP Coding Group" action="confirmed" date="1996-09-03"/>
  </code>
</codes>
<dc element="dc.publisher" value="Reuters Holdings Plc"/>
<dc element="dc.date.published" value="1996-09-03"/>
<dc element="dc.source" value="Reuters"/>
<dc element="dc.creator.location.country.name" value="EU"/>
<dc element="dc.source" value="Reuters"/>
</metadata>
</newsitem>
