<?xml version="1.0" encoding="iso-8859-1" ?>
<newsitem itemid="673207" id="root" date="1997-06-19" xml:lang="en">
<title>USA: Winnebago Q3 hurt by soft motor home market.</title>
<headline>Winnebago Q3 hurt by soft motor home market.</headline>
<dateline>FOREST CITY, Iowa 1997-06-19</dateline>
<text>
<p>Winnebago Industries Inc, the motor home and recreational vehicle company, said results for the third quarter and first nine months of fiscal 1997 ending May 31 were hurt by softness in the motor home segment of the recreational vehicle market.</p>
<p>The company also said results were hurt by the performance of its Class A motor home products in the marketplace.</p>
<p>&quot;As a result of these two conditions, we reduced our production schedule in the third and fourth quarters in order to keep inventories in line with expectations,&quot; chief executive officer Fred Dohrmann said in a news release.</p>
<p>&quot;Long-term prospects for the future remain bright, however, as we continue to develop products to meet the increasing demands of the vast 'baby boom' market segment,&quot; he said.</p>
<p>Dohrmann said the 1998 model year will include several innovative new products in the Class A and C motor home lines.</p>
<p>&quot;We feel certain these new products will lead to further enhancement of our Class C market share and initiate recovery of our Class A market share in the coming year,&quot; he said.</p>
<p>Winnebago reported income of $3.7 million or $0.15 a share for the quarter versus $5.4 million or $0.21 a share.</p>
<p>Winnebago shares were down 1/8 at 7-1/8 Thursday.</p>
<p>((Chicago newsdesk, 312-408-8787))</p>
</text>
<copyright>(c) Reuters Limited 1997</copyright>
<metadata>
<codes class="bip:countries:1.0">
  <code code="USA">
    <editdetail attribution="Reuters BIP Coding Group" action="confirmed" date="1997-06-19"/>
  </code>
</codes>
<codes class="bip:industries:1.0">
  <code code="I35101">
    <editdetail attribution="Reuters BIP Coding Group" action="confirmed" date="1997-06-19"/>
  </code>
</codes>
<codes class="bip:topics:1.0">
  <code code="C15">
    <editdetail attribution="Reuters BIP Coding Group" action="confirmed" date="1997-06-19"/>
  </code>
  <code code="C151">
    <editdetail attribution="Reuters BIP Coding Group" action="confirmed" date="1997-06-19"/>
  </code>
  <code code="C31">
    <editdetail attribution="Reuters BIP Coding Group" action="confirmed" date="1997-06-19"/>
  </code>
  <code code="CCAT">
    <editdetail attribution="Reuters BIP Coding Group" action="confirmed" date="1997-06-19"/>
  </code>
</codes>
<dc element="dc.date.created" value="1997-06-19"/>
<dc element="dc.publisher" value="Reuters Holdings Plc"/>
<dc element="dc.date.published" value="1997-06-19"/>
<dc element="dc.source" value="Reuters"/>
<dc element="dc.creator.location" value="FOREST CITY, Iowa"/>
<dc element="dc.creator.location.country.name" value="USA"/>
<dc element="dc.source" value="Reuters"/>
</metadata>
</newsitem>
