<?xml version="1.0" encoding="iso-8859-1" ?>
<newsitem itemid="47160" id="root" date="1996-09-11" xml:lang="en">
<title>USA: Pacific Sunwear to open 40 stores in '97.</title>
<headline>Pacific Sunwear to open 40 stores in '97.</headline>
<dateline>LOS ANGELES 1996-09-11</dateline>
<text>
<p>Pacific Sunwear of California Inc said it will open 40 new stores in 1997.</p>
<p>It expects to end 1996 with 212 stores in operation and about 252 stores by the end of 1997.</p>
<p>It also said it will enlarge or relocate between 10-15 existing stores to accommodate the addition of junior merchandise and footwear.</p>
<p>&quot;Based upon the success of juniors, footwear, the expansion of jeanswear in our stores, an 11 percent comparable increase year-to-date and strong financial performance, we have decided to accelerate our growth plans for 1997,&quot; Greg Weaver, chief operating officer said.</p>
</text>
<copyright>(c) Reuters Limited 1996</copyright>
<metadata>
<codes class="bip:countries:1.0">
  <code code="USA">
    <editdetail attribution="Reuters BIP Coding Group" action="confirmed" date="1996-09-11"/>
  </code>
</codes>
<codes class="bip:industries:1.0">
  <code code="I64500">
    <editdetail attribution="Reuters BIP Coding Group" action="confirmed" date="1996-09-11"/>
  </code>
</codes>
<codes class="bip:topics:1.0">
  <code code="C24">
    <editdetail attribution="Reuters BIP Coding Group" action="confirmed" date="1996-09-11"/>
  </code>
  <code code="CCAT">
    <editdetail attribution="Reuters BIP Coding Group" action="confirmed" date="1996-09-11"/>
  </code>
</codes>
<dc element="dc.date.created" value="1996-09-11"/>
<dc element="dc.publisher" value="Reuters Holdings Plc"/>
<dc element="dc.date.published" value="1996-09-11"/>
<dc element="dc.source" value="Reuters"/>
<dc element="dc.creator.location" value="LOS ANGELES"/>
<dc element="dc.creator.location.country.name" value="USA"/>
<dc element="dc.source" value="Reuters"/>
</metadata>
</newsitem>
