<?xml version="1.0" encoding="iso-8859-1" ?>
<newsitem itemid="191299" id="root" date="1996-11-15" xml:lang="en">
<title>USA: U.S. Treasury balances at Fed rose on Nov 14.</title>
<headline>U.S. Treasury balances at Fed rose on Nov 14.</headline>
<dateline>WASHINGTON 1996-11-15</dateline>
<text>
<p>U.S. Treasury balances at Federal Reserve based on Treasury Department's latest budget statement.</p>
<p>			  (BILLIONS OF DLRS)</p>
<p>				  Nov 14		 Nov 13</p>
<p>Fed acct			 5.421		  4.512</p>
<p>Tax/loan note acct	  11.656		 10.122</p>
<p>Cash balance		  17.077		 14.634</p>
<p>---</p>
<p>Total public debt,</p>
<p> subject to limit	5,166.971	     5,163.384</p>
</text>
<copyright>(c) Reuters Limited 1996</copyright>
<metadata>
<codes class="bip:countries:1.0">
  <code code="USA">
    <editdetail attribution="Reuters BIP Coding Group" action="confirmed" date="1996-11-15"/>
  </code>
</codes>
<codes class="bip:topics:1.0">
  <code code="E51">
    <editdetail attribution="Reuters BIP Coding Group" action="confirmed" date="1996-11-15"/>
  </code>
  <code code="E513">
    <editdetail attribution="Reuters BIP Coding Group" action="confirmed" date="1996-11-15"/>
  </code>
  <code code="ECAT">
    <editdetail attribution="Reuters BIP Coding Group" action="confirmed" date="1996-11-15"/>
  </code>
</codes>
<dc element="dc.date.created" value="1996-11-15"/>
<dc element="dc.publisher" value="Reuters Holdings Plc"/>
<dc element="dc.date.published" value="1996-11-15"/>
<dc element="dc.source" value="Reuters"/>
<dc element="dc.creator.location" value="WASHINGTON"/>
<dc element="dc.creator.location.country.name" value="USA"/>
<dc element="dc.source" value="Reuters"/>
</metadata>
</newsitem>
