<?xml version="1.0" encoding="iso-8859-1" ?>
<newsitem itemid="621047" id="root" date="1997-05-28" xml:lang="en">
<title>USA: Eagle Food Centers Q1 shr rises.</title>
<headline>Eagle Food Centers Q1 shr rises.</headline>
<dateline>MILAN, Ill. 1997-05-28</dateline>
<text>
<p>1997			1996</p>
<p> Shr			  $0.16		    $0.09</p>
<p> Net			  1,788		    1,027</p>
<p> Sales		    239,937		  248,139</p>
<p> Avg shrs		  11,366		   10,865</p>
<p>(All data above 000s except per share numbers)</p>
<p>NOTE: Eagle Food Centers Inc.</p>
</text>
<copyright>(c) Reuters Limited 1997</copyright>
<metadata>
<codes class="bip:countries:1.0">
  <code code="USA">
    <editdetail attribution="Reuters BIP Coding Group" action="confirmed" date="1997-05-28"/>
  </code>
</codes>
<codes class="bip:industries:1.0">
  <code code="I64100">
    <editdetail attribution="Reuters BIP Coding Group" action="confirmed" date="1997-05-28"/>
  </code>
</codes>
<codes class="bip:topics:1.0">
  <code code="C15">
    <editdetail attribution="Reuters BIP Coding Group" action="confirmed" date="1997-05-28"/>
  </code>
  <code code="C151">
    <editdetail attribution="Reuters BIP Coding Group" action="confirmed" date="1997-05-28"/>
  </code>
  <code code="CCAT">
    <editdetail attribution="Reuters BIP Coding Group" action="confirmed" date="1997-05-28"/>
  </code>
</codes>
<dc element="dc.date.created" value="1997-05-28"/>
<dc element="dc.publisher" value="Reuters Holdings Plc"/>
<dc element="dc.date.published" value="1997-05-28"/>
<dc element="dc.source" value="Reuters"/>
<dc element="dc.creator.location" value="MILAN, Ill."/>
<dc element="dc.creator.location.country.name" value="USA"/>
<dc element="dc.source" value="Reuters"/>
</metadata>
</newsitem>
