<?xml version="1.0" encoding="iso-8859-1" ?>
<newsitem itemid="60996" id="root" date="1996-09-18" xml:lang="en">
<title>CZECH REPUBLIC: PRESS DIGEST - Czech Republic - Sept 18.</title>
<headline>PRESS DIGEST - Czech Republic - Sept 18.</headline>
<text>
<p>HOSPODARSKE NOVINY - The Czech National Bank (CNB) put the largest fully-private Czech bank, Agrobanka, into temporary forced administration on Tuesday. President Vaclav Havel said he had full confidnce in CNB governer Josef Tosovsky's ability to handle the situation.</p>
<p>- Prime Minister Vaclav Klaus agreed with the leader of the opposition Milos Zeman (CSSD) that a parliamentary commission should be set up to look into the collapse of Kredtni Banka. The failure of Kreditni was partly responsible for the subsequent problems at Agrobanka.</p>
<p>- President Havel is in Brazil on the first leg of a 14 day official visait to South America.</p>
<p>- Motoinvest boss Pavel Tykac left the Czech Republic.</p>
<p>MLADA FRONTA DNES - Setuza said it would pay a dividend amounting to around 30 crowns per share on its 1995 profits.</p>
<p>PRAVO - The Communist party says it will propose a vote of no confidence in the government.</p>
<p>-- Prague Newsroom, 42-2-2423-0003</p>
</text>
<copyright>(c) Reuters Limited 1996</copyright>
<metadata>
<codes class="bip:countries:1.0">
  <code code="CZREP">
    <editdetail attribution="Reuters BIP Coding Group" action="confirmed" date="1996-09-18"/>
  </code>
</codes>
<codes class="bip:topics:1.0">
  <code code="GCAT">
    <editdetail attribution="Reuters BIP Coding Group" action="confirmed" date="1996-09-18"/>
  </code>
</codes>
<dc element="dc.publisher" value="Reuters Holdings Plc"/>
<dc element="dc.date.published" value="1996-09-18"/>
<dc element="dc.source" value="Reuters"/>
<dc element="dc.creator.location.country.name" value="CZECH REPUBLIC"/>
<dc element="dc.source" value="Reuters"/>
</metadata>
</newsitem>
