<?xml version="1.0" encoding="iso-8859-1" ?>
<newsitem itemid="276620" id="root" date="1996-12-26" xml:lang="en">
<title>VENEZUELA: Venezuela 96 balance of payments $6.3 bln surplus.</title>
<headline>Venezuela 96 balance of payments $6.3 bln surplus.</headline>
<dateline>CARACAS 1996-12-26</dateline>
<text>
<p>Venezuela's balance of payments is expected to register a $6.3 billion surplus surplus for 1996, and its current account a $7.3 billion surplus, according to the Central Bank's annual year-end review of the Venezuelan economy.  </p>
<p>The Central Bank said the positive outcome, &quot;in contrast to the adverse results that have been seen since 1991&quot; was due to high international oil prices.</p>
<p>&quot;This has permitted an important recuperation in international reserves, which are estimated to close the year above $15 billion,&quot; the review said.</p>
<p>The document added that the capital account deficit would close 1996 at around $500 million, compared with the 2.329 billion deficit of the year before.  </p>
<p>((-- Caracas newsroom, 582 505 2600))</p>
</text>
<copyright>(c) Reuters Limited 1996</copyright>
<metadata>
<codes class="bip:countries:1.0">
  <code code="VEN">
    <editdetail attribution="Reuters BIP Coding Group" action="confirmed" date="1996-12-26"/>
  </code>
</codes>
<codes class="bip:topics:1.0">
  <code code="E51">
    <editdetail attribution="Reuters BIP Coding Group" action="confirmed" date="1996-12-26"/>
  </code>
  <code code="E511">
    <editdetail attribution="Reuters BIP Coding Group" action="confirmed" date="1996-12-26"/>
  </code>
  <code code="E512">
    <editdetail attribution="Reuters BIP Coding Group" action="confirmed" date="1996-12-26"/>
  </code>
  <code code="ECAT">
    <editdetail attribution="Reuters BIP Coding Group" action="confirmed" date="1996-12-26"/>
  </code>
</codes>
<dc element="dc.date.created" value="1996-12-26"/>
<dc element="dc.publisher" value="Reuters Holdings Plc"/>
<dc element="dc.date.published" value="1996-12-26"/>
<dc element="dc.source" value="Reuters"/>
<dc element="dc.creator.location" value="CARACAS"/>
<dc element="dc.creator.location.country.name" value="VENEZUELA"/>
<dc element="dc.source" value="Reuters"/>
</metadata>
</newsitem>
