<?xml version="1.0" encoding="iso-8859-1" ?>
<newsitem itemid="735111" id="root" date="1997-07-17" xml:lang="en">
<title>POLAND: INDICATORS - POLAND - UPDATED JULY 17.</title>
<headline>INDICATORS - POLAND - UPDATED JULY 17.</headline>
<text>
<p>Following is an update of main Polish indicators:</p>
<p>CPI CHANGE (PCT)</p>
<p>	   MONTH/MONTH   JUNE   1.5   MAY  0.6  JUNE  96    1.0</p>
<p>	   YEAR/YEAR     JUNE  15.3   MAY 14.6  JUNE  96   19.5</p>
<p>PPI CHANGE (PCT)</p>
<p>	   MONTH/MONTH   JUNE   0.3   MAY  0.4  JUNE  96    0.8</p>
<p>	   YEAR/YEAR     JUNE   9.4   MAY  9.7* JUNE  96   13.4</p>
<p>IND. OUTPUT CHANGE (PCT)</p>
<p>	   MONTH/MONTH   JUNE   5.9   MAY -5.7  JUNE  96   -5.9</p>
<p>	   YEAR/YEAR     JUNE  19.9   MAY  6.5* JUNE  96    2.6</p>
<p>UNEMPLOYMENT RATE</p>
<p>	   MONTH/MONTH   MAY   11.7  APRIL 12.4   MAY 96   14.7</p>
<p>C/A BALANCE ($mln)</p>
<p>	   MONTH/MONTH   MAY   -135  APRIL -742   MAY 96    -14</p>
<p>  CHANGE SINCE JANUARY     -2,410	-1,487		-207</p>
<p>TRADE BALANCE ($mln)</p>
<p>	   MONTH/MONTH    MAY  -824  APRIL -935  MAY  96   -649</p>
<p>  CHANGE SINCE JANUARY     -4,826	-3,067	    -2,611</p>
<p>MONEY SUPPLY CHANGE (PCT)</p>
<p>	   MONTH/MONTH   JUNE  2.0   MAY  2.4   JUNE  96    1.4</p>
<p>BUDGET JUNE IN BLN PLN</p>
<p>			     INCOME   50.56    SPENDING   58.04</p>
<p>			     BALANCE  -7.48    1997 PLAN -12.22</p>
<p>OFFICIAL FOREX RESERVES ($BLN)</p>
<p>	   MONTH/MONTH    MAY 18.91 APRIL 18.45  MAY   96  18.01</p>
<p>  CHANGE SINCE JANUARY	 0.88	  0.42		 3.05</p>
<p>NET FOREX RESERVES  ($BLN)</p>
<p>	   MONTH/MONTH    JUNE 22.17  MAY  21.71   JUNE 96 21.54</p>
<p>  CHANGE SINCE JANUARY	  0.50	  0.04		1.10</p>
<p>NBP INTEREST RATES:    LOMBARD 25.0 PCT   DISCOUNT 22.0 PCT</p>
<p>LAST CHANGE: ONE POINT CUT ON JULY 16, 1996</p>
<p>NOTE. Official forex reserves are those held by the state. Net</p>
<p>forex reserves mean the total amount of hard currencies in the</p>
<p>whole banking system. Figures marked * are revised.</p>
<p>-- Warsaw Newsroom +48 22 653 9700</p>
</text>
<copyright>(c) Reuters Limited 1997</copyright>
<metadata>
<codes class="bip:countries:1.0">
  <code code="POL">
    <editdetail attribution="Reuters BIP Coding Group" action="confirmed" date="1997-07-17"/>
  </code>
</codes>
<codes class="bip:topics:1.0">
  <code code="E71">
    <editdetail attribution="Reuters BIP Coding Group" action="confirmed" date="1997-07-17"/>
  </code>
  <code code="ECAT">
    <editdetail attribution="Reuters BIP Coding Group" action="confirmed" date="1997-07-17"/>
  </code>
</codes>
<dc element="dc.publisher" value="Reuters Holdings Plc"/>
<dc element="dc.date.published" value="1997-07-17"/>
<dc element="dc.source" value="Reuters"/>
<dc element="dc.creator.location.country.name" value="POLAND"/>
<dc element="dc.source" value="Reuters"/>
</metadata>
</newsitem>
