<?xml version="1.0" encoding="iso-8859-1" ?>
<newsitem itemid="296310" id="root" date="1997-01-09" xml:lang="en">
<title>USA: U.S. Reps reoffer bill to curb hospital spa bonds.</title>
<headline>U.S. Reps reoffer bill to curb hospital spa bonds.</headline>
<dateline>WASHINGTON 1997-01-09</dateline>
<text>
<p>Two U.S. House members reintroduced legislation this week that would bar tax-exempt financing for fitness spas run by nonprofit hospitals.</p>
<p>Jerry Kleczka, D-Wis., and James Sensenbrenner, R-Wis., originally offered the &quot;Taxpayer Bond Fairness Act&quot; in June 1996, but the U.S. House Ways and Means Committee did not act on the measure.</p>
<p>Kleczka said last year that the bill would close a loophole that allows hospitals to use &quot;taxpayer-supported&quot; bond offerings for a commercial business.</p>
<p>The 1996 bill came on the heels of another controversial measure introduced in June 1996 by Sen. Daniel Patrick Moynihan, D-N.Y., that would eliminate tax-exempt financing for professional sports stadiums.</p>
<p>Moynihan's original bill set a June 14, 1996, effective date, but he later agreed to delay it. An aide said this week he probably will reintroduce his measure on Jan 21 with an effective date of whenever the Senate Finance Committee votes on the measure.</p>
<p>Simultaneously, Moynihan will reoffer a bill that would eliminate a federal curb on bond issuance that the senator says denies tax-exempt financing to large, private research institutions, an aide said.</p>
<p>It is unclear whether Kleczka and Sensenbrenner would delay the July 12, 1996, effective date, that appeared in last year's bill.</p>
<p>Their bill also would target fitness spas run by nonprofit hospitals as &quot;unrelated businesses,&quot; which would make their profits subject to federal income taxes.</p>
<p>Kleczka registered strong opposition at a hearing last year in his state to issuance of tax-exempt bonds for construction of a proposed spa and fitness center for Waukesha Memorial Hospital.</p>
<p>He told the Wisconsin Health and Educational Facilities Authority the hospital wanted a center with steam rooms, whirlpools, massage and spa services, a restaurant and &quot;other amenities.&quot;</p>
<p>--Vicky Stamas, 202-898-8314</p>
</text>
<copyright>(c) Reuters Limited 1997</copyright>
<metadata>
<codes class="bip:countries:1.0">
  <code code="USA">
    <editdetail attribution="Reuters BIP Coding Group" action="confirmed" date="1997-01-09"/>
  </code>
</codes>
<codes class="bip:industries:1.0">
  <code code="I83100">
    <editdetail attribution="Reuters BIP Coding Group" action="confirmed" date="1997-01-09"/>
  </code>
  <code code="I95100">
    <editdetail attribution="Reuters BIP Coding Group" action="confirmed" date="1997-01-09"/>
  </code>
</codes>
<codes class="bip:topics:1.0">
  <code code="C13">
    <editdetail attribution="Reuters BIP Coding Group" action="confirmed" date="1997-01-09"/>
  </code>
  <code code="C21">
    <editdetail attribution="Reuters BIP Coding Group" action="confirmed" date="1997-01-09"/>
  </code>
  <code code="CCAT">
    <editdetail attribution="Reuters BIP Coding Group" action="confirmed" date="1997-01-09"/>
  </code>
  <code code="E21">
    <editdetail attribution="Reuters BIP Coding Group" action="confirmed" date="1997-01-09"/>
  </code>
  <code code="E212">
    <editdetail attribution="Reuters BIP Coding Group" action="confirmed" date="1997-01-09"/>
  </code>
  <code code="ECAT">
    <editdetail attribution="Reuters BIP Coding Group" action="confirmed" date="1997-01-09"/>
  </code>
  <code code="GCAT">
    <editdetail attribution="Reuters BIP Coding Group" action="confirmed" date="1997-01-09"/>
  </code>
  <code code="GPOL">
    <editdetail attribution="Reuters BIP Coding Group" action="confirmed" date="1997-01-09"/>
  </code>
</codes>
<dc element="dc.date.created" value="1997-01-09"/>
<dc element="dc.publisher" value="Reuters Holdings Plc"/>
<dc element="dc.date.published" value="1997-01-09"/>
<dc element="dc.source" value="Reuters"/>
<dc element="dc.creator.location" value="WASHINGTON"/>
<dc element="dc.creator.location.country.name" value="USA"/>
<dc element="dc.source" value="Reuters"/>
</metadata>
</newsitem>
