<?xml version="1.0" encoding="iso-8859-1" ?>
<newsitem itemid="405600" id="root" date="1997-02-26" xml:lang="en">
<title>JAPAN: RESEARCH ALERT - Kobe Steel raised.</title>
<headline>RESEARCH ALERT - Kobe Steel raised.</headline>
<dateline>TOKYO 1997-02-26</dateline>
<text>
<p>Nomura Research Institute Ltd upgraded Kobe Steel Ltd to a &quot;2&quot; from its previous &quot;3&quot;, market sources said on Wednesday.</p>
<p>In its three-grade rating system, the research institute assigns a &quot;2&quot; rating to issues whose values it sees moving within 10 percentage points in either direction of the key 225-share Nikkei average over the next six months.</p>
<p>Nomura officials were not immediately available for comment.</p>
</text>
<copyright>(c) Reuters Limited 1997</copyright>
<metadata>
<codes class="bip:countries:1.0">
  <code code="JAP">
    <editdetail attribution="Reuters BIP Coding Group" action="confirmed" date="1997-02-26"/>
  </code>
</codes>
<codes class="bip:industries:1.0">
  <code code="I22100">
    <editdetail attribution="Reuters BIP Coding Group" action="confirmed" date="1997-02-26"/>
  </code>
</codes>
<codes class="bip:topics:1.0">
  <code code="C15">
    <editdetail attribution="Reuters BIP Coding Group" action="confirmed" date="1997-02-26"/>
  </code>
  <code code="C152">
    <editdetail attribution="Reuters BIP Coding Group" action="confirmed" date="1997-02-26"/>
  </code>
  <code code="CCAT">
    <editdetail attribution="Reuters BIP Coding Group" action="confirmed" date="1997-02-26"/>
  </code>
</codes>
<dc element="dc.date.created" value="1997-02-26"/>
<dc element="dc.publisher" value="Reuters Holdings Plc"/>
<dc element="dc.date.published" value="1997-02-26"/>
<dc element="dc.source" value="Reuters"/>
<dc element="dc.creator.location" value="TOKYO"/>
<dc element="dc.creator.location.country.name" value="JAPAN"/>
<dc element="dc.source" value="Reuters"/>
</metadata>
</newsitem>
