<?xml version="1.0" encoding="iso-8859-1" ?>
<newsitem itemid="769817" id="root" date="1997-07-31" xml:lang="en">
<title>BELGIUM: Solvay no plan to follow Petro to NYSE.</title>
<headline>Solvay no plan to follow Petro to NYSE.</headline>
<byline>Nick Antonovics</byline>
<dateline>BRUSSELS 1997-07-31</dateline>
<text>
<p>Belgian chemicals group Solvay said on Thursday it had no immediate plans to follow fellow Belgian industrial company PetroFina to the New York Stock Exchange.</p>
<p>&quot;For the time being we are pleased with our (American Depositary Receipts) in New York and we have not decided to do anything else,&quot; Solvay chief executive officer Daniel Janssen told a news conference on first-half 1997 results.</p>
<p>A planned 10-for-one common stock split, due on August 28, would not change that, he said. After the split, one ADR will be equivalent in value to Solvay common shares listed in Europe.</p>
<p>&quot;We have used the ADR programme as a stepping stone to New York. We will see if one day we find it useful to do more than that step. That day has not arrived,&quot; Janssen added.</p>
<p>PetroFina, the first Belgian group to apply for a full New York quote, said separately on Thursday its planned listing should take effect on September 3.</p>
<p>The appointment last year to the NYSE board of prominent Belgian banker Georges Ugeux has raised expectations that other Belgian groups may follow PetroFina's lead.</p>
<p>-- Brussels Newsroom +32 2 287 6817, Fax +32 2 230 7710</p>
</text>
<copyright>(c) Reuters Limited 1997</copyright>
<metadata>
<codes class="bip:countries:1.0">
  <code code="BELG">
    <editdetail attribution="Reuters BIP Coding Group" action="confirmed" date="1997-07-31"/>
  </code>
  <code code="USA">
    <editdetail attribution="Reuters BIP Coding Group" action="confirmed" date="1997-07-31"/>
  </code>
</codes>
<codes class="bip:industries:1.0">
  <code code="I14000">
    <editdetail attribution="Reuters BIP Coding Group" action="confirmed" date="1997-07-31"/>
  </code>
  <code code="I25000">
    <editdetail attribution="Reuters BIP Coding Group" action="confirmed" date="1997-07-31"/>
  </code>
</codes>
<codes class="bip:topics:1.0">
  <code code="C11">
    <editdetail attribution="Reuters BIP Coding Group" action="confirmed" date="1997-07-31"/>
  </code>
  <code code="C14">
    <editdetail attribution="Reuters BIP Coding Group" action="confirmed" date="1997-07-31"/>
  </code>
  <code code="CCAT">
    <editdetail attribution="Reuters BIP Coding Group" action="confirmed" date="1997-07-31"/>
  </code>
</codes>
<dc element="dc.date.created" value="1997-07-31"/>
<dc element="dc.publisher" value="Reuters Holdings Plc"/>
<dc element="dc.date.published" value="1997-07-31"/>
<dc element="dc.source" value="Reuters"/>
<dc element="dc.creator.location" value="BRUSSELS"/>
<dc element="dc.creator.location.country.name" value="BELGIUM"/>
<dc element="dc.source" value="Reuters"/>
</metadata>
</newsitem>
