<?xml version="1.0" encoding="iso-8859-1" ?>
<newsitem itemid="108981" id="root" date="1996-10-10" xml:lang="en">
<title>USA: MGIC Investment Corp Q3 net rises.</title>
<headline>MGIC Investment Corp Q3 net rises.</headline>
<dateline>MILWAUKEE, Wis. 1996-10-10</dateline>
<text>
<p>1996			1995</p>
<p> Shr			  $1.11		    $0.90</p>
<p> Net			 65,785		   53,664</p>
<p> Revs		     189,676		  159,344</p>
<p> Avg shrs		  59,497		   59,343</p>
<p>(All Data Above 000s Except Per Share Numbers)</p>
<p>NOTE: Q3 1996 total revenues include $158,532,000 in net premiums written vs $127,710,000 a year ago.  </p>
<p>		     NINE MONTHS</p>
<p> Shr			  $3.14		    $2.51</p>
<p> Net			186,895		  148,827</p>
<p> Revs		     546,584		  448,106</p>
<p> Avg shrs		  59,464		   59,249</p>
<p>(All Data Above 000s Except Per Share Numbers)</p>
<p>NOTE: Nine-month 1996 total revenues include $423.6 million in net premiums written vs $343.8 million a year ago.</p>
<p>Reuters Chicago Newsdesk - 312-408-8787</p>
</text>
<copyright>(c) Reuters Limited 1996</copyright>
<metadata>
<codes class="bip:countries:1.0">
  <code code="USA">
    <editdetail attribution="Reuters BIP Coding Group" action="confirmed" date="1996-10-10"/>
  </code>
</codes>
<codes class="bip:industries:1.0">
  <code code="I82003">
    <editdetail attribution="Reuters BIP Coding Group" action="confirmed" date="1996-10-10"/>
  </code>
</codes>
<codes class="bip:topics:1.0">
  <code code="C15">
    <editdetail attribution="Reuters BIP Coding Group" action="confirmed" date="1996-10-10"/>
  </code>
  <code code="C151">
    <editdetail attribution="Reuters BIP Coding Group" action="confirmed" date="1996-10-10"/>
  </code>
  <code code="CCAT">
    <editdetail attribution="Reuters BIP Coding Group" action="confirmed" date="1996-10-10"/>
  </code>
</codes>
<dc element="dc.date.created" value="1996-10-10"/>
<dc element="dc.publisher" value="Reuters Holdings Plc"/>
<dc element="dc.date.published" value="1996-10-10"/>
<dc element="dc.source" value="Reuters"/>
<dc element="dc.creator.location" value="MILWAUKEE, Wis."/>
<dc element="dc.creator.location.country.name" value="USA"/>
<dc element="dc.source" value="Reuters"/>
</metadata>
</newsitem>
