<?xml version="1.0" encoding="iso-8859-1" ?>
<newsitem itemid="177633" id="root" date="1996-11-08" xml:lang="en">
<title>USA: Shareholder sues Texaco over tapes, records.</title>
<headline>Shareholder sues Texaco over tapes, records.</headline>
<dateline>NEW YORK 1996-11-08</dateline>
<text>
<p>A Texaco shareholder on Friday sued officers of the company, including its chairman, over alleged racist remarks and destruction of documents sought in a discrimination suit, the lawyer in the case said.</p>
<p>The lawyer, Joseph Weiss, said he filed the suit in federal court in White Plains, N.Y., where Texaco is based.</p>
<p>The action was taken by shareholder Nathan Kaplan in what is known as a shareholder derivative action on behalf and for the benefit of Texaco.</p>
<p>Earlier this week it was revealed that secret tapes were made of Texaco executives allegedly discussing the destruction of key evidence in a discrimination lawsuit and disparaging minority workers as &quot;niggers&quot; and &quot;black jelly beans.&quot;</p>
<p>Excerpts of the tapes were included in court papers seeking sanctions against Texaco as part the discrimination case.</p>
<p>Among defendants named in the shareholder's suit are the men speaking on the tape Robert Ulrich, former treasurer, and Richard Lundwall, former senior coordinator of personnel services in Texaco's finance department.</p>
<p>Texaco Chairman Peter Bijur is also a defendant.</p>
</text>
<copyright>(c) Reuters Limited 1996</copyright>
<metadata>
<codes class="bip:countries:1.0">
  <code code="USA">
    <editdetail attribution="Reuters BIP Coding Group" action="confirmed" date="1996-11-08"/>
  </code>
</codes>
<codes class="bip:industries:1.0">
  <code code="I13000">
    <editdetail attribution="Reuters BIP Coding Group" action="confirmed" date="1996-11-08"/>
  </code>
  <code code="I1300003">
    <editdetail attribution="Reuters BIP Coding Group" action="confirmed" date="1996-11-08"/>
  </code>
</codes>
<codes class="bip:topics:1.0">
  <code code="C12">
    <editdetail attribution="Reuters BIP Coding Group" action="confirmed" date="1996-11-08"/>
  </code>
  <code code="CCAT">
    <editdetail attribution="Reuters BIP Coding Group" action="confirmed" date="1996-11-08"/>
  </code>
  <code code="GCAT">
    <editdetail attribution="Reuters BIP Coding Group" action="confirmed" date="1996-11-08"/>
  </code>
  <code code="GCRIM">
    <editdetail attribution="Reuters BIP Coding Group" action="confirmed" date="1996-11-08"/>
  </code>
</codes>
<dc element="dc.date.created" value="1996-11-08"/>
<dc element="dc.publisher" value="Reuters Holdings Plc"/>
<dc element="dc.date.published" value="1996-11-08"/>
<dc element="dc.source" value="Reuters"/>
<dc element="dc.creator.location" value="NEW YORK"/>
<dc element="dc.creator.location.country.name" value="USA"/>
<dc element="dc.source" value="Reuters"/>
</metadata>
</newsitem>
