<?xml version="1.0" encoding="iso-8859-1" ?>
<newsitem itemid="498789" id="root" date="1997-04-10" xml:lang="en">
<title>USA: N.Y. bank discount borrowings nil April 9 week.</title>
<headline>N.Y. bank discount borrowings nil April 9 week.</headline>
<dateline>NEW YORK 1997-04-10</dateline>
<text>
<p>The six major New York City banks did not borrow from the Federal Reserve's discount window, a Fed spokeswoman said.</p>
<p>It was the end of the two-week bank maintenance period.</p>
<p>(( -- N.A. Treasury Desk, 212-859-1660 ))</p>
</text>
<copyright>(c) Reuters Limited 1997</copyright>
<metadata>
<codes class="bip:countries:1.0">
  <code code="USA">
    <editdetail attribution="Reuters BIP Coding Group" action="confirmed" date="1997-04-10"/>
  </code>
</codes>
<codes class="bip:topics:1.0">
  <code code="E12">
    <editdetail attribution="Reuters BIP Coding Group" action="confirmed" date="1997-04-10"/>
  </code>
  <code code="E121">
    <editdetail attribution="Reuters BIP Coding Group" action="confirmed" date="1997-04-10"/>
  </code>
  <code code="ECAT">
    <editdetail attribution="Reuters BIP Coding Group" action="confirmed" date="1997-04-10"/>
  </code>
</codes>
<dc element="dc.date.created" value="1997-04-10"/>
<dc element="dc.publisher" value="Reuters Holdings Plc"/>
<dc element="dc.date.published" value="1997-04-10"/>
<dc element="dc.source" value="Reuters"/>
<dc element="dc.creator.location" value="NEW YORK"/>
<dc element="dc.creator.location.country.name" value="USA"/>
<dc element="dc.source" value="Reuters"/>
</metadata>
</newsitem>
