<?xml version="1.0" encoding="iso-8859-1" ?>
<newsitem itemid="403094" id="root" date="1997-02-26" xml:lang="en">
<title>USA: RESEARCH ALERT-Pacificorp 1998 view raised.</title>
<headline>RESEARCH ALERT-Pacificorp 1998 view raised.</headline>
<text>
<p>-- EVEREN Securities said Wednesday it raised it estimate for 1998 earnings for PacifiCorp to $1.75 a share from $1.70. The 1997 estimate of $1.65 was maintained.</p>
<p>-- EVEREN said PacifiCorp reported better-than-expected 1996 earnings, and raised 1998 as a result of planned acquisitions in 1997 and to reflect a modest increase in earnings from the company's Australian electric investments.  </p>
<p>-- Nonetheless, EVEREN said it does not foresee a dividend increase in 1997, and investment performance may be improved by swapping out of PacifiCorp and into another stock in the industry.</p>
<p>-- Shares of PacifiCorp were off 1/4 at 20-3/8.</p>
<p>((--Chicago newsdesk, 312-408-8787))</p>
</text>
<copyright>(c) Reuters Limited 1997</copyright>
<metadata>
<codes class="bip:countries:1.0">
  <code code="USA">
    <editdetail attribution="Reuters BIP Coding Group" action="confirmed" date="1997-02-26"/>
  </code>
</codes>
<codes class="bip:industries:1.0">
  <code code="I16100">
    <editdetail attribution="Reuters BIP Coding Group" action="confirmed" date="1997-02-26"/>
  </code>
</codes>
<codes class="bip:topics:1.0">
  <code code="C15">
    <editdetail attribution="Reuters BIP Coding Group" action="confirmed" date="1997-02-26"/>
  </code>
  <code code="C152">
    <editdetail attribution="Reuters BIP Coding Group" action="confirmed" date="1997-02-26"/>
  </code>
  <code code="CCAT">
    <editdetail attribution="Reuters BIP Coding Group" action="confirmed" date="1997-02-26"/>
  </code>
</codes>
<dc element="dc.publisher" value="Reuters Holdings Plc"/>
<dc element="dc.date.published" value="1997-02-26"/>
<dc element="dc.source" value="Reuters"/>
<dc element="dc.creator.location.country.name" value="USA"/>
<dc element="dc.source" value="Reuters"/>
</metadata>
</newsitem>
