<?xml version="1.0" encoding="iso-8859-1" ?>
<newsitem itemid="733275" id="root" date="1997-07-16" xml:lang="en">
<title>USA: CSCE cocoa called to S5 to $10 a tonne lower.</title>
<headline>CSCE cocoa called to S5 to $10 a tonne lower.</headline>
<dateline>NEW YORK 1997-07-16</dateline>
<text>
<p>CSCE cocoa futures were called to open $5 to $10 per tonne lower on Wednesday, after early gains on the London market were erased, traders said.</p>
<p>London cocoa futures were barely changed in thin, rangebound trading early Wednesday, after an early run-up proved to be shortlived. LIFFE September was flat at the midday break, at 1,045 stg, after ranging from 1,052 to 1,045 stg.</p>
<p>On Tuesday, New York cocoa futures retraced early losses, ending higher and toward the day's peaks on speculative short-covering. September rose $18 tonne, to $1,595, after ranging from $1,597 to $1,568. December ended $15 higher, at $1,643, while the remaining months finished up $11 to $32.</p>
<p>Technically, traders pegged September support at $1,575-$1,570. Near-term resistance at $1,600, with the next level seen at $1,610.</p>
<p>((--Patricia Avidan, New York Commodity Desk 212 859 1640))</p>
</text>
<copyright>(c) Reuters Limited 1997</copyright>
<metadata>
<codes class="bip:countries:1.0">
  <code code="USA">
    <editdetail attribution="Reuters BIP Coding Group" action="confirmed" date="1997-07-16"/>
  </code>
</codes>
<codes class="bip:topics:1.0">
  <code code="M14">
    <editdetail attribution="Reuters BIP Coding Group" action="confirmed" date="1997-07-16"/>
  </code>
  <code code="M141">
    <editdetail attribution="Reuters BIP Coding Group" action="confirmed" date="1997-07-16"/>
  </code>
  <code code="MCAT">
    <editdetail attribution="Reuters BIP Coding Group" action="confirmed" date="1997-07-16"/>
  </code>
</codes>
<dc element="dc.date.created" value="1997-07-16"/>
<dc element="dc.publisher" value="Reuters Holdings Plc"/>
<dc element="dc.date.published" value="1997-07-16"/>
<dc element="dc.source" value="Reuters"/>
<dc element="dc.creator.location" value="NEW YORK"/>
<dc element="dc.creator.location.country.name" value="USA"/>
<dc element="dc.source" value="Reuters"/>
</metadata>
</newsitem>
