<?xml version="1.0" encoding="iso-8859-1" ?>
<newsitem itemid="517832" id="root" date="1997-04-17" xml:lang="en">
<title>USA: Indiana/Ohio direct hogs up $1.50 - USDA.</title>
<headline>Indiana/Ohio direct hogs up $1.50 - USDA.</headline>
<dateline>SPRINGFIELD 1997-04-17</dateline>
<text>
<p>USDA said barrows and gilts were $1.50 higher. Demand was good on a light to moderate run. Top $55.50 per cwt.</p>
<p>US 1-2  230-260 lbs.  54.00-55.00, few 53.50 &amp; 55.50</p>
<p>US 2-3  230-260 lbs.  49.00-53.50</p>
<p>	  210-230 lbs.  44.50-49.00</p>
<p>Sows - firm. Top $47.50.</p>
<p>US 1-3  300-450 lbs. 40.00-42.00</p>
<p>	  450-500 lbs. 43.00-44.00</p>
<p>	  500-600 lbs. 44.00-46.50</p>
<p>Few over 600 lbs.    47.00-47.50</p>
</text>
<copyright>(c) Reuters Limited 1997</copyright>
<metadata>
<codes class="bip:countries:1.0">
  <code code="USA">
    <editdetail attribution="Reuters BIP Coding Group" action="confirmed" date="1997-04-17"/>
  </code>
</codes>
<codes class="bip:topics:1.0">
  <code code="M14">
    <editdetail attribution="Reuters BIP Coding Group" action="confirmed" date="1997-04-17"/>
  </code>
  <code code="M141">
    <editdetail attribution="Reuters BIP Coding Group" action="confirmed" date="1997-04-17"/>
  </code>
  <code code="MCAT">
    <editdetail attribution="Reuters BIP Coding Group" action="confirmed" date="1997-04-17"/>
  </code>
</codes>
<dc element="dc.date.created" value="1997-04-17"/>
<dc element="dc.publisher" value="Reuters Holdings Plc"/>
<dc element="dc.date.published" value="1997-04-17"/>
<dc element="dc.source" value="Reuters"/>
<dc element="dc.creator.location" value="SPRINGFIELD"/>
<dc element="dc.creator.location.country.name" value="USA"/>
<dc element="dc.source" value="Reuters"/>
</metadata>
</newsitem>
