<?xml version="1.0" encoding="iso-8859-1" ?>
<newsitem itemid="439168" id="root" date="1997-03-13" xml:lang="en">
<title>RUSSIA: Russia inflation quickens to 0.4 pct in short week.</title>
<headline>Russia inflation quickens to 0.4 pct in short week.</headline>
<dateline>MOSCOW 1997-03-13</dateline>
<text>
<p>Russian inflation is estimated to have accelerated in the week ended March 7 to 0.4 percent from 0.3 percent in the previous week, the State Statistics Committee said on Thursday.</p>
<p>The latest week actually covered only four days, less than usual, because of the Women's Day holiday marked on March 10.</p>
<p>Prices have risen 4.3 percent so far this year. Monthly inflation in February was 1.5 percent.</p>
<p>The committee issued the following estimates:</p>
<p>    Percentage change in week ended	   March 7   March 3</p>
<p>    Consumer prices (total)			  +0.4	+0.3</p>
<p>    Basket of 37 basic goods and services	+0.2	 0.5</p>
<p>    Average daily inflation		   March 1-7   Feb 1-28</p>
<p>    Consumer prices (total)			  +0.072    +0.052</p>
<p>    Basket of 37 basic goods and services	+0.093    +1.116</p>
<p>The committee does not formally collate weekly inflation data, but estimates the weekly trend on the basis of the prices of 37 basic goods and services.</p>
<p>--Moscow Newsroom, +7095 941 8520</p>
</text>
<copyright>(c) Reuters Limited 1997</copyright>
<metadata>
<codes class="bip:countries:1.0">
  <code code="RUSS">
    <editdetail attribution="Reuters BIP Coding Group" action="confirmed" date="1997-03-13"/>
  </code>
</codes>
<codes class="bip:topics:1.0">
  <code code="E13">
    <editdetail attribution="Reuters BIP Coding Group" action="confirmed" date="1997-03-13"/>
  </code>
  <code code="E131">
    <editdetail attribution="Reuters BIP Coding Group" action="confirmed" date="1997-03-13"/>
  </code>
  <code code="ECAT">
    <editdetail attribution="Reuters BIP Coding Group" action="confirmed" date="1997-03-13"/>
  </code>
</codes>
<dc element="dc.date.created" value="1997-03-13"/>
<dc element="dc.publisher" value="Reuters Holdings Plc"/>
<dc element="dc.date.published" value="1997-03-13"/>
<dc element="dc.source" value="Reuters"/>
<dc element="dc.creator.location" value="MOSCOW"/>
<dc element="dc.creator.location.country.name" value="RUSSIA"/>
<dc element="dc.source" value="Reuters"/>
</metadata>
</newsitem>
