<?xml version="1.0" encoding="iso-8859-1" ?>
<newsitem itemid="723521" id="root" date="1997-07-11" xml:lang="en">
<title>SWEDEN: Swedish June unemployment rises to 8.8 percent.</title>
<headline>Swedish June unemployment rises to 8.8 percent.</headline>
<dateline>STOCKHOLM 1997-07-11</dateline>
<text>
<p>Unemployment in Sweden rose to 8.8 percent in June from 7.8 percent in May, Statistics Sweden said on Friday.</p>
<p> SWEDISH UNEMPLOYMENT	 June 97     May 97    June 96</p>
<p> Percent of workforce	 8.8	   7.8	  8.4</p>
<p> Number of unemployed	 391,000     329,000    371,000</p>
<p>Note - A Reuters poll of economists showed the market had expected an unemployment rate of 9.1 percent in June.</p>
<p>--  Stockholm newsroom +46-8-700-1017</p>
</text>
<copyright>(c) Reuters Limited 1997</copyright>
<metadata>
<codes class="bip:countries:1.0">
  <code code="SWED">
    <editdetail attribution="Reuters BIP Coding Group" action="confirmed" date="1997-07-11"/>
  </code>
</codes>
<codes class="bip:topics:1.0">
  <code code="E41">
    <editdetail attribution="Reuters BIP Coding Group" action="confirmed" date="1997-07-11"/>
  </code>
  <code code="E411">
    <editdetail attribution="Reuters BIP Coding Group" action="confirmed" date="1997-07-11"/>
  </code>
  <code code="ECAT">
    <editdetail attribution="Reuters BIP Coding Group" action="confirmed" date="1997-07-11"/>
  </code>
  <code code="GCAT">
    <editdetail attribution="Reuters BIP Coding Group" action="confirmed" date="1997-07-11"/>
  </code>
  <code code="GJOB">
    <editdetail attribution="Reuters BIP Coding Group" action="confirmed" date="1997-07-11"/>
  </code>
</codes>
<dc element="dc.date.created" value="1997-07-11"/>
<dc element="dc.publisher" value="Reuters Holdings Plc"/>
<dc element="dc.date.published" value="1997-07-11"/>
<dc element="dc.source" value="Reuters"/>
<dc element="dc.creator.location" value="STOCKHOLM"/>
<dc element="dc.creator.location.country.name" value="SWEDEN"/>
<dc element="dc.source" value="Reuters"/>
</metadata>
</newsitem>
