<?xml version="1.0" encoding="iso-8859-1" ?>
<newsitem itemid="728250" id="root" date="1997-07-15" xml:lang="en">
<title>SOUTH AFRICA: FRALEX, FRASER ALEX TALKS CONTINUE.</title>
<headline>FRALEX, FRASER ALEX TALKS CONTINUE.</headline>
<dateline>JOHANNESBURG 1997-07-15</dateline>
<text>
<p>Fralex Ltd and Fraser Alexander Ltd said on Tuesday talks were still in progress which, if successfully concluded, could have an impact on the price of their shares trading on the Johannesburg stock Exchange.</p>
<p>The companies advised shareholders to continue to exercise caution when dealing in their shares until a further announcement was made, on or before September 10.</p>
<p>The cautionary follows similar annoucements made on May 6 and June 13.</p>
<p>-- Johannesburg newsroom +27 11 482-1003</p>
</text>
<copyright>(c) Reuters Limited 1997</copyright>
<metadata>
<codes class="bip:countries:1.0">
  <code code="SAFR">
    <editdetail attribution="Reuters BIP Coding Group" action="confirmed" date="1997-07-15"/>
  </code>
</codes>
<codes class="bip:industries:1.0">
  <code code="I83960">
    <editdetail attribution="Reuters BIP Coding Group" action="confirmed" date="1997-07-15"/>
  </code>
</codes>
<codes class="bip:topics:1.0">
  <code code="C15">
    <editdetail attribution="Reuters BIP Coding Group" action="confirmed" date="1997-07-15"/>
  </code>
  <code code="C152">
    <editdetail attribution="Reuters BIP Coding Group" action="confirmed" date="1997-07-15"/>
  </code>
  <code code="C18">
    <editdetail attribution="Reuters BIP Coding Group" action="confirmed" date="1997-07-15"/>
  </code>
  <code code="C181">
    <editdetail attribution="Reuters BIP Coding Group" action="confirmed" date="1997-07-15"/>
  </code>
  <code code="CCAT">
    <editdetail attribution="Reuters BIP Coding Group" action="confirmed" date="1997-07-15"/>
  </code>
</codes>
<dc element="dc.date.created" value="1997-07-15"/>
<dc element="dc.publisher" value="Reuters Holdings Plc"/>
<dc element="dc.date.published" value="1997-07-15"/>
<dc element="dc.source" value="Reuters"/>
<dc element="dc.creator.location" value="JOHANNESBURG"/>
<dc element="dc.creator.location.country.name" value="SOUTH AFRICA"/>
<dc element="dc.source" value="Reuters"/>
</metadata>
</newsitem>
