<?xml version="1.0" encoding="iso-8859-1" ?>
<newsitem itemid="373111" id="root" date="1997-02-12" xml:lang="en">
<title>USA: Envoy Corp Q4 oper loss widens.</title>
<headline>Envoy Corp Q4 oper loss widens.</headline>
<dateline>NASHVILLE, Tenn. 1997-02-12</dateline>
<text>
<p>(Unaudited)</p>
<p>		     (In thousands, except per share data)</p>
<p>				Three Months Ended     Year Ended</p>
<p>				   December 31,	 December 31,</p>
<p>				   1996	1995	1996     1995</p>
<p> Revenues		    $25,162   $ 6,656  $76,584   $26,055</p>
<p>Operating costs and</p>
<p>expenses:</p>
<p>   Costs of revenues	12,428     3,891   38,252    15,435</p>
<p>Selling, general and</p>
<p>    administrative	   5,923     2,159   18,950     8,243</p>
<p>Depreciation and</p>
<p>    amortization	     6,269	 663   19,177     2,468</p>
<p>Income (loss) from</p>
<p>operations before merger</p>
<p>and facility integration</p>
<p>   costs and EMC losses	542	(57)	205	(91)</p>
<p>Merger and facility</p>
<p>   integration costs	 1,100	  --   35,364	  --</p>
<p> EMC losses			 --	  --	540	  --</p>
<p>Income (loss) from  </p>
<p>operations before</p>
<p>interest, taxes and</p>
<p>   loss in investee	  (558)	(57)  (35,699)     (91)</p>
<p> Interest, net		 (196)	  96    1,624	 133</p>
<p>Loss from continuing</p>
<p>operations before</p>
<p>income taxes and</p>
<p>   loss in investee	  (362)     (153)  (37,323)    (224)</p>
<p> Income tax provision	1,248	  --    1,577	  --</p>
<p> Loss in investee		 --   (1,081)	 --   (1,776)</p>
<p>Loss from continuing</p>
<p>   operations		(1,610)   (1,234)  (38,900)  (2,000)</p>
<p>Loss from discontinued</p>
<p>operations, net</p>
<p>   of income taxes		--     (127)	 --   (2,401)</p>
<p> Net loss		    (1,610)   (1,361) (38,900)   (4,401)</p>
<p>Loss per common share:</p>
<p>   Continuing operations  (0.11)    (0.11)   (2.99)    (0.18)</p>
<p>   Discontinued operations    --    (0.01)	 --    (0.21)</p>
<p>Net loss per common share</p>
<p>				  (0.11)    (0.12)   (2.99)    (0.39)</p>
<p>Weighted average shares</p>
<p>   as reported		15,204    11,266   13,019    11,241</p>
<p>-- New York Newsdesk 212 859-1610</p>
</text>
<copyright>(c) Reuters Limited 1997</copyright>
<metadata>
<codes class="bip:countries:1.0">
  <code code="USA">
    <editdetail attribution="Reuters BIP Coding Group" action="confirmed" date="1997-02-12"/>
  </code>
</codes>
<codes class="bip:industries:1.0">
  <code code="I33030">
    <editdetail attribution="Reuters BIP Coding Group" action="confirmed" date="1997-02-12"/>
  </code>
</codes>
<codes class="bip:topics:1.0">
  <code code="C15">
    <editdetail attribution="Reuters BIP Coding Group" action="confirmed" date="1997-02-12"/>
  </code>
  <code code="C151">
    <editdetail attribution="Reuters BIP Coding Group" action="confirmed" date="1997-02-12"/>
  </code>
  <code code="C1511">
    <editdetail attribution="Reuters BIP Coding Group" action="confirmed" date="1997-02-12"/>
  </code>
  <code code="CCAT">
    <editdetail attribution="Reuters BIP Coding Group" action="confirmed" date="1997-02-12"/>
  </code>
</codes>
<dc element="dc.date.created" value="1997-02-12"/>
<dc element="dc.publisher" value="Reuters Holdings Plc"/>
<dc element="dc.date.published" value="1997-02-12"/>
<dc element="dc.source" value="Reuters"/>
<dc element="dc.creator.location" value="NASHVILLE, Tenn."/>
<dc element="dc.creator.location.country.name" value="USA"/>
<dc element="dc.source" value="Reuters"/>
</metadata>
</newsitem>
