<?xml version="1.0" encoding="iso-8859-1" ?>
<newsitem itemid="55438" id="root" date="1996-09-16" xml:lang="en">
<title>RUSSIA: Ericsson sees '96 orders around $20 bln.</title>
<headline>Ericsson sees '96 orders around $20 bln.</headline>
<dateline>MOSCOW 1996-09-16</dateline>
<text>
<p>The president and CEO of Swedish telecoms group LM Ericsson AB predicted on Monday 1996 orders would total about $20 billion.</p>
<p>&quot;All this together will lead to an order intake this year in the neighbourhood of $20 billion,&quot; Lars Ramqvist told a news conference after describing Ericsson world-wide sales, dominated by mobile communications.</p>
<p>He declined to predict sales figures.</p>
<p>Ericsson orders in the first half of 1996 were 63.34 billion crowns, or $9.5 billion, 20 percent up on year-ago levels.</p>
<p>--Peter Henderson, Moscow Newsroom, +7095 941 8520</p>
</text>
<copyright>(c) Reuters Limited 1996</copyright>
<metadata>
<codes class="bip:countries:1.0">
  <code code="RUSS">
    <editdetail attribution="Reuters BIP Coding Group" action="confirmed" date="1996-09-16"/>
  </code>
  <code code="SWED">
    <editdetail attribution="Reuters BIP Coding Group" action="confirmed" date="1996-09-16"/>
  </code>
</codes>
<codes class="bip:industries:1.0">
  <code code="I34400">
    <editdetail attribution="Reuters BIP Coding Group" action="confirmed" date="1996-09-16"/>
  </code>
</codes>
<codes class="bip:topics:1.0">
  <code code="C33">
    <editdetail attribution="Reuters BIP Coding Group" action="confirmed" date="1996-09-16"/>
  </code>
  <code code="CCAT">
    <editdetail attribution="Reuters BIP Coding Group" action="confirmed" date="1996-09-16"/>
  </code>
</codes>
<dc element="dc.date.created" value="1996-09-16"/>
<dc element="dc.publisher" value="Reuters Holdings Plc"/>
<dc element="dc.date.published" value="1996-09-16"/>
<dc element="dc.source" value="Reuters"/>
<dc element="dc.creator.location" value="MOSCOW"/>
<dc element="dc.creator.location.country.name" value="RUSSIA"/>
<dc element="dc.source" value="Reuters"/>
</metadata>
</newsitem>
