<?xml version="1.0" encoding="iso-8859-1" ?>
<newsitem itemid="170923" id="root" date="1996-11-06" xml:lang="en">
<title>BELGIUM: Amex says La Caixa to market its cards in Spain.</title>
<headline>Amex says La Caixa to market its cards in Spain.</headline>
<dateline>BRUSSELS 1996-11-06</dateline>
<text>
<p>American Express Co said on Wednesday it had signed an agreement with La Caixa, by which the leading Spanish savings bank will market its cards in Spain.</p>
<p>This a major blow for VISA International which had earlier this year tried to ban its bank members from issuing Amex cards.  </p>
<p>&quot;The agreement with La Caixa is, without doubt, a very important step in our worldwide strategy of establishing strategic alliances with leading financial institutions,&quot; Harvey Golub, the chairman and CEO of American Express, said in a statement.</p>
<p>Amex spokeswoman in London Sally Susman also told Reuters this was &quot;the first major partnership&quot; concluded by the card company after the European Commission clarified its position regarding VISA's intention to prohibit its European bank members from marketing rival products.  </p>
<p>VISA abandonned the plan before the summer following a warning by European Competition Commissioner Karel Van Miert that the proposal could not be accepted.</p>
<p>Amex has until recently marketed its cards directly to the public.</p>
<p>La Caixa is Spain and Europe's leading savings bank with assets under management of more than eight trillion pesetas. The bank has a network of 3,000 branch offices. -- Brussels newsroom 322 2876841</p>
</text>
<copyright>(c) Reuters Limited 1996</copyright>
<metadata>
<codes class="bip:countries:1.0">
  <code code="BELG">
    <editdetail attribution="Reuters BIP Coding Group" action="confirmed" date="1996-11-06"/>
  </code>
  <code code="SPAIN">
    <editdetail attribution="Reuters BIP Coding Group" action="confirmed" date="1996-11-06"/>
  </code>
  <code code="USA">
    <editdetail attribution="Reuters BIP Coding Group" action="confirmed" date="1996-11-06"/>
  </code>
</codes>
<codes class="bip:industries:1.0">
  <code code="I81402">
    <editdetail attribution="Reuters BIP Coding Group" action="confirmed" date="1996-11-06"/>
  </code>
  <code code="I81403">
    <editdetail attribution="Reuters BIP Coding Group" action="confirmed" date="1996-11-06"/>
  </code>
  <code code="I81501">
    <editdetail attribution="Reuters BIP Coding Group" action="confirmed" date="1996-11-06"/>
  </code>
  <code code="I8150108">
    <editdetail attribution="Reuters BIP Coding Group" action="confirmed" date="1996-11-06"/>
  </code>
</codes>
<codes class="bip:topics:1.0">
  <code code="C31">
    <editdetail attribution="Reuters BIP Coding Group" action="confirmed" date="1996-11-06"/>
  </code>
  <code code="C33">
    <editdetail attribution="Reuters BIP Coding Group" action="confirmed" date="1996-11-06"/>
  </code>
  <code code="CCAT">
    <editdetail attribution="Reuters BIP Coding Group" action="confirmed" date="1996-11-06"/>
  </code>
</codes>
<dc element="dc.date.created" value="1996-11-06"/>
<dc element="dc.publisher" value="Reuters Holdings Plc"/>
<dc element="dc.date.published" value="1996-11-06"/>
<dc element="dc.source" value="Reuters"/>
<dc element="dc.creator.location" value="BRUSSELS"/>
<dc element="dc.creator.location.country.name" value="BELGIUM"/>
<dc element="dc.source" value="Reuters"/>
</metadata>
</newsitem>
