<?xml version="1.0" encoding="iso-8859-1" ?>
<newsitem itemid="560197" id="root" date="1997-05-05" xml:lang="en">
<title>USA: Unilab Corp Q1 loss narrows.</title>
<headline>Unilab Corp Q1 loss narrows.</headline>
<dateline>TARZANA 1997-05-05</dateline>
<text>
<p>(amounts in thousands, except per share data)</p>
<p>						   Three months ended</p>
<p>							 March 31,</p>
<p>						     1997	     1996</p>
<p> Revenue					 $53,033	  $51,541</p>
<p>Direct Laboratory and Field Expenses:</p>
<p>  Salaries, Wages and Benefits	    17,820	   17,605</p>
<p>  Supplies					 7,551	    6,600</p>
<p>  Other Operating Expenses		  13,982	   13,033</p>
<p>						    39,353	   37,238</p>
<p> Amortization and Depreciation	     2,153	    2,819</p>
<p>Selling, General and Administrative</p>
<p>  Expenses					 9,155	   10,984</p>
<p>  Total Operating Expenses		  50,661	   51,041</p>
<p> Operating Income				2,372		500</p>
<p>Other Income (Expenses)</p>
<p>  Interest Expense, net		    (3,507)	  (2,390)</p>
<p>Loss Before Income Taxes and</p>
<p>  Extraordinary Item			 (1,135)	  (1,890)</p>
<p>Extraordinary Item - Loss on Early</p>
<p> Extinguishment of Debt			    -	    3,451</p>
<p> Net Loss					(1,135)	  (5,341)</p>
<p> Preferred Stock Dividends			36		 36</p>
<p>Net Loss Available to Common</p>
<p>  Stockholders				( 1,171)	 ( 5,377)</p>
<p>Net Loss per Share:</p>
<p> Loss Before Extraordinary Item	  ( 0.03)	  ( 0.05)</p>
<p> Extraordinary Item				  -	  ( 0.10)</p>
<p> Net Loss					( 0.03)	  ( 0.15)</p>
<p>Weighted Average Common</p>
<p> Shares Outstanding			   38,799	   36,551</p>
<p> EBITDA, excluding non-recurring items   4,525	    3,319</p>
</text>
<copyright>(c) Reuters Limited 1997</copyright>
<metadata>
<codes class="bip:countries:1.0">
  <code code="USA">
    <editdetail attribution="Reuters BIP Coding Group" action="confirmed" date="1997-05-05"/>
  </code>
</codes>
<codes class="bip:industries:1.0">
  <code code="I95100">
    <editdetail attribution="Reuters BIP Coding Group" action="confirmed" date="1997-05-05"/>
  </code>
</codes>
<codes class="bip:topics:1.0">
  <code code="C15">
    <editdetail attribution="Reuters BIP Coding Group" action="confirmed" date="1997-05-05"/>
  </code>
  <code code="C151">
    <editdetail attribution="Reuters BIP Coding Group" action="confirmed" date="1997-05-05"/>
  </code>
  <code code="CCAT">
    <editdetail attribution="Reuters BIP Coding Group" action="confirmed" date="1997-05-05"/>
  </code>
</codes>
<dc element="dc.date.created" value="1997-05-05"/>
<dc element="dc.publisher" value="Reuters Holdings Plc"/>
<dc element="dc.date.published" value="1997-05-05"/>
<dc element="dc.source" value="Reuters"/>
<dc element="dc.creator.location" value="TARZANA"/>
<dc element="dc.creator.location.country.name" value="USA"/>
<dc element="dc.source" value="Reuters"/>
</metadata>
</newsitem>
