<?xml version="1.0" encoding="iso-8859-1" ?>
<newsitem itemid="183995" id="root" date="1996-11-12" xml:lang="en">
<title>BELGIUM: Axa Belgium suspended on Brussels bourse.</title>
<headline>Axa Belgium suspended on Brussels bourse.</headline>
<dateline>BRUSSELS 1996-11-12</dateline>
<text>
<p>Trade in shares of insurer Axa Belgium, a unit of AXA France, was suspended on the Brussels bourse on Tuesday following the suspension on the Paris bourse of business in Axa France, the bourse said on Tuesday.</p>
<p>It said trade would be resumed on Wednesday unless events dictated otherwise.</p>
<p>Trade in Axa France was halted after surprise news that it planned to merge with Union des Assurances de Paris. Analysts said the planned merger would give Axa access to the German market and at the same time boost its position in France.</p>
<p>-- Brussels Newsroom +32 2 287 6810, Fax +32 2 230 7710</p>
</text>
<copyright>(c) Reuters Limited 1996</copyright>
<metadata>
<codes class="bip:countries:1.0">
  <code code="BELG">
    <editdetail attribution="Reuters BIP Coding Group" action="confirmed" date="1996-11-12"/>
  </code>
</codes>
<codes class="bip:industries:1.0">
  <code code="I82000">
    <editdetail attribution="Reuters BIP Coding Group" action="confirmed" date="1996-11-12"/>
  </code>
  <code code="I82001">
    <editdetail attribution="Reuters BIP Coding Group" action="confirmed" date="1996-11-12"/>
  </code>
</codes>
<codes class="bip:topics:1.0">
  <code code="C14">
    <editdetail attribution="Reuters BIP Coding Group" action="confirmed" date="1996-11-12"/>
  </code>
  <code code="C18">
    <editdetail attribution="Reuters BIP Coding Group" action="confirmed" date="1996-11-12"/>
  </code>
  <code code="C181">
    <editdetail attribution="Reuters BIP Coding Group" action="confirmed" date="1996-11-12"/>
  </code>
  <code code="CCAT">
    <editdetail attribution="Reuters BIP Coding Group" action="confirmed" date="1996-11-12"/>
  </code>
</codes>
<dc element="dc.date.created" value="1996-11-12"/>
<dc element="dc.publisher" value="Reuters Holdings Plc"/>
<dc element="dc.date.published" value="1996-11-12"/>
<dc element="dc.source" value="Reuters"/>
<dc element="dc.creator.location" value="BRUSSELS"/>
<dc element="dc.creator.location.country.name" value="BELGIUM"/>
<dc element="dc.source" value="Reuters"/>
</metadata>
</newsitem>
