<?xml version="1.0" encoding="iso-8859-1" ?>
<newsitem itemid="681226" id="root" date="1997-06-23" xml:lang="en">
<title>USA: CBOT silver deliveries - June 20.</title>
<headline>CBOT silver deliveries - June 20.</headline>
<dateline>CHICAGO 1997-06-20</dateline>
<text>
<p>Delivery notices against CBOT June silver futures for June 21 (In contracts).</p>
<p>COMMODITY: JUN BOT SIL 1</p>
<p>LOCATION:				   GRADE/CLASS</p>
<p>WAREHOUSE				   TOTAL	 1</p>
<p>4003 HARRIS TRUST SILVER-GOLD</p>
<p>						TOTAL	 1</p>
<p>						TOTAL</p>
<p>FIRM    NAME	ISSUES  CUSTOMER  HOUSE</p>
<p>560  MERRILL	     1	  1</p>
<p>     TOTAL		 1	  1</p>
<p>TOTAL</p>
<p>FIRM    NAME	 STOPS  CUSTOMER  HOUSE</p>
<p>030  ALASKA,INC	  1		     1</p>
<p>     TOTAL		 1		     1</p>
<p>			 LAST DAY ASSIGNED:  06/20/97</p>
</text>
<copyright>(c) Reuters Limited 1997</copyright>
<metadata>
<codes class="bip:countries:1.0">
  <code code="USA">
    <editdetail attribution="Reuters BIP Coding Group" action="confirmed" date="1997-06-23"/>
  </code>
</codes>
<codes class="bip:topics:1.0">
  <code code="M14">
    <editdetail attribution="Reuters BIP Coding Group" action="confirmed" date="1997-06-23"/>
  </code>
  <code code="M142">
    <editdetail attribution="Reuters BIP Coding Group" action="confirmed" date="1997-06-23"/>
  </code>
  <code code="MCAT">
    <editdetail attribution="Reuters BIP Coding Group" action="confirmed" date="1997-06-23"/>
  </code>
</codes>
<dc element="dc.date.created" value="1997-06-20"/>
<dc element="dc.publisher" value="Reuters Holdings Plc"/>
<dc element="dc.date.published" value="1997-06-23"/>
<dc element="dc.source" value="Reuters"/>
<dc element="dc.creator.location" value="CHICAGO"/>
<dc element="dc.creator.location.country.name" value="USA"/>
<dc element="dc.source" value="Reuters"/>
</metadata>
</newsitem>
