<?xml version="1.0" encoding="iso-8859-1" ?>
<newsitem itemid="173534" id="root" date="1996-11-07" xml:lang="en">
<title>USA: Gottschalks Oct same-store sales up.</title>
<headline>Gottschalks Oct same-store sales up.</headline>
<dateline>FRESNO, Calif. 1996-11-07</dateline>
<text>
<p>Percent change</p>
<p>		    1996	 1995	     Total     Same-Store</p>
<p>Month		$30.4	$26.3	15.9	 12.4</p>
<p>Year-to-date    $276.9     $255.9	 8.2	  3.2</p>
<p>NOTE: Figures in millions except percentage.</p>
<p>    Month is   four weeks ended    November 2.</p>
<p>Full company name is  Gottschalks Inc.</p>
</text>
<copyright>(c) Reuters Limited 1996</copyright>
<metadata>
<codes class="bip:countries:1.0">
  <code code="USA">
    <editdetail attribution="Reuters BIP Coding Group" action="confirmed" date="1996-11-07"/>
  </code>
</codes>
<codes class="bip:industries:1.0">
  <code code="I65600">
    <editdetail attribution="Reuters BIP Coding Group" action="confirmed" date="1996-11-07"/>
  </code>
  <code code="I6560002">
    <editdetail attribution="Reuters BIP Coding Group" action="confirmed" date="1996-11-07"/>
  </code>
</codes>
<codes class="bip:topics:1.0">
  <code code="C31">
    <editdetail attribution="Reuters BIP Coding Group" action="confirmed" date="1996-11-07"/>
  </code>
  <code code="CCAT">
    <editdetail attribution="Reuters BIP Coding Group" action="confirmed" date="1996-11-07"/>
  </code>
</codes>
<dc element="dc.date.created" value="1996-11-07"/>
<dc element="dc.publisher" value="Reuters Holdings Plc"/>
<dc element="dc.date.published" value="1996-11-07"/>
<dc element="dc.source" value="Reuters"/>
<dc element="dc.creator.location" value="FRESNO, Calif."/>
<dc element="dc.creator.location.country.name" value="USA"/>
<dc element="dc.source" value="Reuters"/>
</metadata>
</newsitem>
