<?xml version="1.0" encoding="iso-8859-1" ?>
<newsitem itemid="418386" id="root" date="1997-03-04" xml:lang="en">
<title>BANGLADESH: Dhaka stocks end down over political uncertainty.</title>
<headline>Dhaka stocks end down over political uncertainty.</headline>
<dateline>DHAKA 1997-03-04</dateline>
<text>
<p>Dhaka stocks continued to fall in a bearish market as investors, panicked by the looming political uncertainty, remained on the sidelines, brokers said.</p>
<p>The Dhaka Stock Exchange (DSE) all-share price index closed 19.52 points or 1.27 percent down at 1,583.93 on a turnover of 76.6 million taka. Of 118 traded issues 73 lost, 40 gained and five unchanged.</p>
<p>&quot;The market was nervous due to opposition threat to launch anti-government protest. The investors are watching the market,&quot; said a broker. Singer Bangladesh shed to 346 to 12,253, Bata Shoe rose 1.95 to 183 and Apex Foods lost 272.04 to 2,819.67.</p>
<p>-- Dhaka Newsroom +880-2-506363</p>
</text>
<copyright>(c) Reuters Limited 1997</copyright>
<metadata>
<codes class="bip:countries:1.0">
  <code code="BANDH">
    <editdetail attribution="Reuters BIP Coding Group" action="confirmed" date="1997-03-04"/>
  </code>
</codes>
<codes class="bip:topics:1.0">
  <code code="M11">
    <editdetail attribution="Reuters BIP Coding Group" action="confirmed" date="1997-03-04"/>
  </code>
  <code code="MCAT">
    <editdetail attribution="Reuters BIP Coding Group" action="confirmed" date="1997-03-04"/>
  </code>
</codes>
<dc element="dc.date.created" value="1997-03-04"/>
<dc element="dc.publisher" value="Reuters Holdings Plc"/>
<dc element="dc.date.published" value="1997-03-04"/>
<dc element="dc.source" value="Reuters"/>
<dc element="dc.creator.location" value="DHAKA"/>
<dc element="dc.creator.location.country.name" value="BANGLADESH"/>
<dc element="dc.source" value="Reuters"/>
</metadata>
</newsitem>
