<?xml version="1.0" encoding="iso-8859-1" ?>
<newsitem itemid="256338" id="root" date="1996-12-13" xml:lang="en">
<title>AUSTRALIA: RTRS-NAB cuts prime rate to 9.40 pct.</title>
<headline>RTRS-NAB cuts prime rate to 9.40 pct.</headline>
<dateline>MELBOURNE 1996-12-13</dateline>
<text>
<p>National Australia Bank Ltd said on Friday it would cut its benchmark reference rate for major corporate customers to 9.40 percent, effective December 16.  </p>
<p>The rate would be reduced from 9.90 percent.</p>
<p>NAB said its base reference rate, which applies to commercial and other borrowers, would also be reduced by 50 basis points to 9.75 percent from January 23 next year.</p>
<p>The Melbourne-based bank said the reductions followed the Reserve Bank's reduction in the official cash rate on Wednesday to 6.0 percent from 6.5 percent.</p>
<p>Australian banks have also reduced their mortgage rates in response to the monetary policy easing.</p>
<p>-- Sydney Newsroom 61-2 9373-1800</p>
</text>
<copyright>(c) Reuters Limited 1996</copyright>
<metadata>
<codes class="bip:countries:1.0">
  <code code="AUSTR">
    <editdetail attribution="Reuters BIP Coding Group" action="confirmed" date="1996-12-13"/>
  </code>
</codes>
<codes class="bip:industries:1.0">
  <code code="I81402">
    <editdetail attribution="Reuters BIP Coding Group" action="confirmed" date="1996-12-13"/>
  </code>
</codes>
<codes class="bip:topics:1.0">
  <code code="C31">
    <editdetail attribution="Reuters BIP Coding Group" action="confirmed" date="1996-12-13"/>
  </code>
  <code code="CCAT">
    <editdetail attribution="Reuters BIP Coding Group" action="confirmed" date="1996-12-13"/>
  </code>
</codes>
<dc element="dc.date.created" value="1996-12-13"/>
<dc element="dc.publisher" value="Reuters Holdings Plc"/>
<dc element="dc.date.published" value="1996-12-13"/>
<dc element="dc.source" value="Reuters"/>
<dc element="dc.creator.location" value="MELBOURNE"/>
<dc element="dc.creator.location.country.name" value="AUSTRALIA"/>
<dc element="dc.source" value="Reuters"/>
</metadata>
</newsitem>
