<?xml version="1.0" encoding="iso-8859-1" ?>
<newsitem itemid="328720" id="root" date="1997-01-23" xml:lang="en">
<title>UK: BT won't be drawn on any French NTT move.</title>
<headline>BT won't be drawn on any French NTT move.</headline>
<dateline>LONDON 1997-01-23</dateline>
<text>
<p>British Telecommunications (BT) declined to be drawn on Thursday on a newspaper report that Japan's Nippon Telegraph and Telephone Corp had approached investment banks to evaluate a deal in France. In an unsourced article, The Financial Times said that NTT, with which BT has been openly seeking an international alliance, was exploring a 300 million stg investment alongside BT in France's new telecoms operator Cegetel.</p>
<p>But a BT spokesman said only: &quot;If NTT have appointed investment bankers that is their decision.&quot;</p>
<p>He declined to comment on whether BT would welcome a link with the Japanese titan, with which all three major international telecoms alliances are desperately trying to link up in order to gain access to the lucrative Asian markets.</p>
<p>BT is investing 1.1 billion stg for a 25 percent stake in Cegetel, which was set up by Cie Generale des Eaux and is seen as the main rival to France Telecom.</p>
<p>BT's chief executive Sir Peter Bonfield is travelling to Japan at the end of this month for a business conference at which he is likely to meet NTT executives.</p>
<p>-- London Newsroom +44 171 542 7987</p>
</text>
<copyright>(c) Reuters Limited 1997</copyright>
<metadata>
<codes class="bip:countries:1.0">
  <code code="FRA">
    <editdetail attribution="Reuters BIP Coding Group" action="confirmed" date="1997-01-23"/>
  </code>
  <code code="JAP">
    <editdetail attribution="Reuters BIP Coding Group" action="confirmed" date="1997-01-23"/>
  </code>
  <code code="UK">
    <editdetail attribution="Reuters BIP Coding Group" action="confirmed" date="1997-01-23"/>
  </code>
</codes>
<codes class="bip:industries:1.0">
  <code code="I17000">
    <editdetail attribution="Reuters BIP Coding Group" action="confirmed" date="1997-01-23"/>
  </code>
  <code code="I79020">
    <editdetail attribution="Reuters BIP Coding Group" action="confirmed" date="1997-01-23"/>
  </code>
</codes>
<codes class="bip:topics:1.0">
  <code code="C11">
    <editdetail attribution="Reuters BIP Coding Group" action="confirmed" date="1997-01-23"/>
  </code>
  <code code="C17">
    <editdetail attribution="Reuters BIP Coding Group" action="confirmed" date="1997-01-23"/>
  </code>
  <code code="CCAT">
    <editdetail attribution="Reuters BIP Coding Group" action="confirmed" date="1997-01-23"/>
  </code>
</codes>
<dc element="dc.date.created" value="1997-01-23"/>
<dc element="dc.publisher" value="Reuters Holdings Plc"/>
<dc element="dc.date.published" value="1997-01-23"/>
<dc element="dc.source" value="Reuters"/>
<dc element="dc.creator.location" value="LONDON"/>
<dc element="dc.creator.location.country.name" value="UK"/>
<dc element="dc.source" value="Reuters"/>
</metadata>
</newsitem>
