<?xml version="1.0" encoding="iso-8859-1" ?>
<newsitem itemid="781403" id="root" date="1997-08-06" xml:lang="en">
<title>SLOVENIA: Slovenian shares firm, Lej sought.</title>
<headline>Slovenian shares firm, Lej sought.</headline>
<dateline>LJUBLJANA 1997-08-06</dateline>
<text>
<p>Slovenia's SBI index firmed one percent on Wednesday, pushed up by foreign demand that focused on pharmaceutical producer Lek.</p>
<p>The blue-chip SBI rose 16.89 points to 1,557.56.</p>
<p>Lek, the most actively traded share, firmed 1.12 percent to 36,000 tolars on volume of 2,597 shares for total turnover of 93.4 million tolars.</p>
<p>Traders said strong foreign interest should contribute to further growth over the coming months.</p>
<p>&quot;I believe shares will continue rising to the end of the year, with downward corrections from time to time, due to the strong foreign demand,&quot; said Alain Al Soufi of brokerage BPH.</p>
<p>He forecast the SBI would reach 1,650 points by the end of this month and over 2,000 points by year-end.</p>
<p>Overall 14 shares rose, one was unchanged, five fell and eight were untraded.</p>
<p>Turnover fell to 229.6 million tolars from 362 million.</p>
<p>Financial consultancy Primofin was the top gainer, closing 10 percent higher at 9,900 tolars on volume of 10 shares in a rebound after Friday's fall of 14.29 percent.</p>
<p>Trader Kovinotehna led decliners, down 4.72 percent to 505 tolars on volume of 3,619 shares but analysts said the share should recover shortly as the price was low considering the firm's good business results.</p>
<p>&quot;Kovinotehna is probably the most undervalued share on our bourse market,&quot; Al Soufi said.</p>
</text>
<copyright>(c) Reuters Limited 1997</copyright>
<metadata>
<codes class="bip:countries:1.0">
  <code code="SLVNIA">
    <editdetail attribution="Reuters BIP Coding Group" action="confirmed" date="1997-08-06"/>
  </code>
</codes>
<codes class="bip:topics:1.0">
  <code code="M11">
    <editdetail attribution="Reuters BIP Coding Group" action="confirmed" date="1997-08-06"/>
  </code>
  <code code="MCAT">
    <editdetail attribution="Reuters BIP Coding Group" action="confirmed" date="1997-08-06"/>
  </code>
</codes>
<dc element="dc.date.created" value="1997-08-06"/>
<dc element="dc.publisher" value="Reuters Holdings Plc"/>
<dc element="dc.date.published" value="1997-08-06"/>
<dc element="dc.source" value="Reuters"/>
<dc element="dc.creator.location" value="LJUBLJANA"/>
<dc element="dc.creator.location.country.name" value="SLOVENIA"/>
<dc element="dc.source" value="Reuters"/>
</metadata>
</newsitem>
