<?xml version="1.0" encoding="iso-8859-1" ?>
<newsitem itemid="728694" id="root" date="1997-07-15" xml:lang="en">
<title>CZECH REPUBLIC: Czech two-week rev repo averages 16.19 percent.</title>
<headline>Czech two-week rev repo averages 16.19 percent.</headline>
<dateline>PRAGUE 1997-07-15</dateline>
<text>
<p>Average yield in a Czech National Bank two-week reverse repo tender on Tuesday was 16.19 percent, one basis point below the maximum accepted yield, the CNB said.</p>
<p>The volume of accepted transactions was not released.</p>
<p>-- Prague Newsroom, 420-2-2423-0003</p>
</text>
<copyright>(c) Reuters Limited 1997</copyright>
<metadata>
<codes class="bip:countries:1.0">
  <code code="CZREP">
    <editdetail attribution="Reuters BIP Coding Group" action="confirmed" date="1997-07-15"/>
  </code>
</codes>
<codes class="bip:topics:1.0">
  <code code="M13">
    <editdetail attribution="Reuters BIP Coding Group" action="confirmed" date="1997-07-15"/>
  </code>
  <code code="M131">
    <editdetail attribution="Reuters BIP Coding Group" action="confirmed" date="1997-07-15"/>
  </code>
  <code code="MCAT">
    <editdetail attribution="Reuters BIP Coding Group" action="confirmed" date="1997-07-15"/>
  </code>
</codes>
<dc element="dc.date.created" value="1997-07-15"/>
<dc element="dc.publisher" value="Reuters Holdings Plc"/>
<dc element="dc.date.published" value="1997-07-15"/>
<dc element="dc.source" value="Reuters"/>
<dc element="dc.creator.location" value="PRAGUE"/>
<dc element="dc.creator.location.country.name" value="CZECH REPUBLIC"/>
<dc element="dc.source" value="Reuters"/>
</metadata>
</newsitem>
