<?xml version="1.0" encoding="iso-8859-1" ?>
<newsitem itemid="58068" id="root" date="1996-09-17" xml:lang="en">
<title>POLAND: Polish shares close higher in continuous trade.</title>
<headline>Polish shares close higher in continuous trade.</headline>
<dateline>WARSAW 1996-09-16</dateline>
<text>
<p>Stalexport and Universal closed higher, five stocks were flat and three did not trade in Warsaw continuous trade on Tuesday.</p>
<p>Total turnover was at 1.7 million zlotys, flat from Monday.</p>
<p>NFI units rose 1.6 percent to 123 zlotys in a turnover of 5.4 million zlotys.</p>
<p>-- Warsaw Newsroom +48 22 653 9700</p>
</text>
<copyright>(c) Reuters Limited 1996</copyright>
<metadata>
<codes class="bip:countries:1.0">
  <code code="POL">
    <editdetail attribution="Reuters BIP Coding Group" action="confirmed" date="1996-09-17"/>
  </code>
</codes>
<codes class="bip:topics:1.0">
  <code code="M11">
    <editdetail attribution="Reuters BIP Coding Group" action="confirmed" date="1996-09-17"/>
  </code>
  <code code="MCAT">
    <editdetail attribution="Reuters BIP Coding Group" action="confirmed" date="1996-09-17"/>
  </code>
</codes>
<dc element="dc.date.created" value="1996-09-16"/>
<dc element="dc.publisher" value="Reuters Holdings Plc"/>
<dc element="dc.date.published" value="1996-09-17"/>
<dc element="dc.source" value="Reuters"/>
<dc element="dc.creator.location" value="WARSAW"/>
<dc element="dc.creator.location.country.name" value="POLAND"/>
<dc element="dc.source" value="Reuters"/>
</metadata>
</newsitem>
