<?xml version="1.0" encoding="iso-8859-1" ?>
<newsitem itemid="530737" id="root" date="1997-04-23" xml:lang="en">
<title>USA: Scott &amp; Stringfellow Q3 shr down.</title>
<headline>Scott &amp; Stringfellow Q3 shr down.</headline>
<dateline>RICHMOND, Va. 1997-04-23</dateline>
<text>
<p>1997			1996</p>
<p> Shr			  $0.29		    $0.33</p>
<p> Net			    613			728</p>
<p> Revs			20,826		   17,447</p>
<p> Avg shrs		   2,132		    2,186</p>
<p>	  9  MONTHS</p>
<p> Shr			  $1.15		    $1.40</p>
<p> Net			  2,386		    3,027</p>
<p> Revs			58,738		   52,692</p>
<p> Avg shrs		   2,075		    2,155</p>
<p>(All data above 000s except per share numbers)</p>
<p>NOTE: Q3 ended March 27, 1997, and March 29, 1996.</p>
<p>Scott &amp; Stringfellow Financial Inc.</p>
</text>
<copyright>(c) Reuters Limited 1997</copyright>
<metadata>
<codes class="bip:countries:1.0">
  <code code="USA">
    <editdetail attribution="Reuters BIP Coding Group" action="confirmed" date="1997-04-23"/>
  </code>
</codes>
<codes class="bip:industries:1.0">
  <code code="I83100">
    <editdetail attribution="Reuters BIP Coding Group" action="confirmed" date="1997-04-23"/>
  </code>
</codes>
<codes class="bip:topics:1.0">
  <code code="C15">
    <editdetail attribution="Reuters BIP Coding Group" action="confirmed" date="1997-04-23"/>
  </code>
  <code code="C151">
    <editdetail attribution="Reuters BIP Coding Group" action="confirmed" date="1997-04-23"/>
  </code>
  <code code="CCAT">
    <editdetail attribution="Reuters BIP Coding Group" action="confirmed" date="1997-04-23"/>
  </code>
</codes>
<dc element="dc.date.created" value="1997-04-23"/>
<dc element="dc.publisher" value="Reuters Holdings Plc"/>
<dc element="dc.date.published" value="1997-04-23"/>
<dc element="dc.source" value="Reuters"/>
<dc element="dc.creator.location" value="RICHMOND, Va."/>
<dc element="dc.creator.location.country.name" value="USA"/>
<dc element="dc.source" value="Reuters"/>
</metadata>
</newsitem>
