<?xml version="1.0" encoding="iso-8859-1" ?>
<newsitem itemid="43914" id="root" date="1996-09-10" xml:lang="en">
<title>USA: Tri Polyta ends at 7-1/2 in New York.</title>
<headline>Tri Polyta ends at 7-1/2 in New York.</headline>
<dateline>NEW YORK 1996-09-10</dateline>
<text>
<p>PT Tri Polyta Indonesia closed at 7-1/2 in New York on Tuesday. It recorded the day's high of 7-1/2 and the day's low 7-3/8.</p>
<p>Its previous close on Monday was 7-3/8.</p>
<p>Volume on Tuesday was 153,300 American Depository Shares (ADS). Block volume was 134,000.</p>
<p>One ADS represents 10 common shares.</p>
<p>-- Jakarta newsroom (Tel: 6221-3846364)</p>
</text>
<copyright>(c) Reuters Limited 1996</copyright>
<metadata>
<codes class="bip:countries:1.0">
  <code code="INDON">
    <editdetail attribution="Reuters BIP Coding Group" action="confirmed" date="1996-09-10"/>
  </code>
  <code code="USA">
    <editdetail attribution="Reuters BIP Coding Group" action="confirmed" date="1996-09-10"/>
  </code>
</codes>
<codes class="bip:industries:1.0">
  <code code="I25120">
    <editdetail attribution="Reuters BIP Coding Group" action="confirmed" date="1996-09-10"/>
  </code>
</codes>
<codes class="bip:topics:1.0">
  <code code="C15">
    <editdetail attribution="Reuters BIP Coding Group" action="confirmed" date="1996-09-10"/>
  </code>
  <code code="C152">
    <editdetail attribution="Reuters BIP Coding Group" action="confirmed" date="1996-09-10"/>
  </code>
  <code code="CCAT">
    <editdetail attribution="Reuters BIP Coding Group" action="confirmed" date="1996-09-10"/>
  </code>
</codes>
<dc element="dc.date.created" value="1996-09-10"/>
<dc element="dc.publisher" value="Reuters Holdings Plc"/>
<dc element="dc.date.published" value="1996-09-10"/>
<dc element="dc.source" value="Reuters"/>
<dc element="dc.creator.location" value="NEW YORK"/>
<dc element="dc.creator.location.country.name" value="USA"/>
<dc element="dc.source" value="Reuters"/>
</metadata>
</newsitem>
