<?xml version="1.0" encoding="iso-8859-1" ?>
<newsitem itemid="254643" id="root" date="1996-12-13" xml:lang="en">
<title>ROMANIA: PRESS DIGEST - Romania - Dec 13.</title>
<headline>PRESS DIGEST - Romania - Dec 13.</headline>
<dateline>BUCHAREST 1996-12-13</dateline>
<text>
<p>Here are highlights of stories in Romania's press on Thursday. Reuters has not verified these stories and does not vouch for their accuracy:</p>
<p>Business:</p>
<p>ROMANIA LIBERA</p>
<p>- Romania recovered over $30 million from Iran's outstanding debt in crude and fuel oil imports.</p>
<p>- New Communications Minister Sorin Pantis said national telephone operator  Romtelecom RA should be privatised. Experts in the telecommunications sector say in Romania's current situation the best solution would be to sell a minority stake in the company.</p>
<p>- Romania's Trade Ministry approved exports of 500,000 tonnes of maize in the first half of 1997.</p>
<p>ADEVARUL</p>
<p>- Electricity prices should go up as Romania produces electricity at $42 per megawatt and sells it at $38, Victor Romert, president of  Renel RA electricity authority told a news conference on Thursday.</p>
<p>- International Monetary Fund chief negotiator for Romania Poul Thomsen praised the economic programme of Prime Minister Victor Ciorbea.</p>
<p>- Former U.S. Secretary of State James Baker said during a meeting in the United States with 50 Romanian companies that the country was an attractive market for American firms.</p>
<p>TINERETUL LIBER</p>
<p>- The price of electricity and thermal power is expected to rise by 35 percent.</p>
<p>AZI</p>
<p>- Societe Generale and  Banca Franco-Romana opened letters of credit of $28.5 million and $10.5 million respectively to finance crude oil imports on guarantees from oil importer  Petrolexportimport SA.</p>
<p>- Ciorbea will withdraw from parliament a draft 1997 budget worked out by the former government.</p>
<p>LIBERTATEA</p>
<p>-  Turbomecanica SA aircraft engine maker and  Petromin SA shipping company are among the heaviest traded stocks on the over-the-counter market.</p>
<p>General</p>
<p>ROMANIA LIBERA</p>
<p>- The newspaper publishes Prime Minister Ciorbea's speech in parliament before winning a confidence vote for his cabinet and programme.</p>
<p>ADEVARUL</p>
<p>- The Party of Social Democracy (PDSR) will undergo changes and is likely to be headed by a single leader, probably former President Ion Iliescu, said Adrian Nastase, currently PDSR executive chairman.</p>
<p>EVENIMENTUL ZILEI</p>
<p>- The newspaper publishes excerpts from the monthly magazine &quot;Files of History&quot; presenting drawings allegedly made by dictator Nicolae Ceausescu during communist party meetings.</p>
<p>- Romania's liberal parties are likely to merge at a conference early next year, said Mircea Ionescu Quintus, head of the National Liberal Party.</p>
<p>ZIUA</p>
<p>- The PDSR will hold its national conference on January 10.</p>
<p>CRONICA ROMANA</p>
<p>- The parliament starts debates on the new traffic code which sets the speed limit in towns at 50 km per hour, down from the present 60.</p>
<p>- The Social Democratic Union, member in the centrist governing coalition, wants 12 posts of prefects and 23 of state secretaries. ($=3,732 lei) -- Bucharest Newsroom 40-1 3120264</p>
</text>
<copyright>(c) Reuters Limited 1996</copyright>
<metadata>
<codes class="bip:countries:1.0">
  <code code="ROM">
    <editdetail attribution="Reuters BIP Coding Group" action="confirmed" date="1996-12-13"/>
  </code>
</codes>
<codes class="bip:topics:1.0">
  <code code="GCAT">
    <editdetail attribution="Reuters BIP Coding Group" action="confirmed" date="1996-12-13"/>
  </code>
</codes>
<dc element="dc.date.created" value="1996-12-13"/>
<dc element="dc.publisher" value="Reuters Holdings Plc"/>
<dc element="dc.date.published" value="1996-12-13"/>
<dc element="dc.source" value="Reuters"/>
<dc element="dc.creator.location" value="BUCHAREST"/>
<dc element="dc.creator.location.country.name" value="ROMANIA"/>
<dc element="dc.source" value="Reuters"/>
</metadata>
</newsitem>
