<?xml version="1.0" encoding="iso-8859-1" ?>
<newsitem itemid="52997" id="root" date="1996-09-13" xml:lang="en">
<title>SINGAPORE: Acma shares suspended - dealers.</title>
<headline>Acma shares suspended - dealers.</headline>
<dateline>SINGAPORE 1996-09-13</dateline>
<text>
<p>Technology stock Acma Ltd shares were suspended on Friday afternoon, dealers said.</p>
<p>They said the shares were suspended after lunch after rising Singapore $0.04 to S$3.36 in the morning session. Volume was 67,000 shares.  </p>
<p>Dealers did not know of any reason for the suspension except that the company might be preparing to announce a new deal. Company officials were not immediately available for comment.</p>
<p>&quot;It is probably going to be another deal,&quot; said one broker from a foreign broking house.</p>
<p>Acma recently announced a 15 percent rise in net profit to S$24.24 million for the six months ended June 1996.</p>
<p>-- Singapore 65-8703080</p>
</text>
<copyright>(c) Reuters Limited 1996</copyright>
<metadata>
<codes class="bip:countries:1.0">
  <code code="SINGP">
    <editdetail attribution="Reuters BIP Coding Group" action="confirmed" date="1996-09-13"/>
  </code>
</codes>
<codes class="bip:industries:1.0">
  <code code="I33020">
    <editdetail attribution="Reuters BIP Coding Group" action="confirmed" date="1996-09-13"/>
  </code>
</codes>
<codes class="bip:topics:1.0">
  <code code="C14">
    <editdetail attribution="Reuters BIP Coding Group" action="confirmed" date="1996-09-13"/>
  </code>
  <code code="C15">
    <editdetail attribution="Reuters BIP Coding Group" action="confirmed" date="1996-09-13"/>
  </code>
  <code code="C152">
    <editdetail attribution="Reuters BIP Coding Group" action="confirmed" date="1996-09-13"/>
  </code>
  <code code="CCAT">
    <editdetail attribution="Reuters BIP Coding Group" action="confirmed" date="1996-09-13"/>
  </code>
</codes>
<dc element="dc.date.created" value="1996-09-13"/>
<dc element="dc.publisher" value="Reuters Holdings Plc"/>
<dc element="dc.date.published" value="1996-09-13"/>
<dc element="dc.source" value="Reuters"/>
<dc element="dc.creator.location" value="SINGAPORE"/>
<dc element="dc.creator.location.country.name" value="SINGAPORE"/>
<dc element="dc.source" value="Reuters"/>
</metadata>
</newsitem>
