<?xml version="1.0" encoding="iso-8859-1" ?>
<newsitem itemid="655419" id="root" date="1997-06-12" xml:lang="en">
<title>USA: N.Y. Fed Press Briefing - June 12.</title>
<headline>N.Y. Fed Press Briefing - June 12.</headline>
<dateline>NEW YORK 1997-06-12</dateline>
<text>
<p>The Federal Reserve said it had no large one-day net misses in its reserve projections in the latest week, a Fed spokeswoman said.</p>
<p>The high in natural float was about $775 million on Tuesday, while the low in natural float was about $240 million on Friday.</p>
<p>Transportation float averaged about $15 million per day with the high on Thursday at about $35 million primarily due to thunderstorms in Chicago.</p>
<p>(( - Caryn Trokie, 212-859-1678 - )</p>
</text>
<copyright>(c) Reuters Limited 1997</copyright>
<metadata>
<codes class="bip:countries:1.0">
  <code code="USA">
    <editdetail attribution="Reuters BIP Coding Group" action="confirmed" date="1997-06-12"/>
  </code>
</codes>
<codes class="bip:topics:1.0">
  <code code="E12">
    <editdetail attribution="Reuters BIP Coding Group" action="confirmed" date="1997-06-12"/>
  </code>
  <code code="E51">
    <editdetail attribution="Reuters BIP Coding Group" action="confirmed" date="1997-06-12"/>
  </code>
  <code code="E513">
    <editdetail attribution="Reuters BIP Coding Group" action="confirmed" date="1997-06-12"/>
  </code>
  <code code="ECAT">
    <editdetail attribution="Reuters BIP Coding Group" action="confirmed" date="1997-06-12"/>
  </code>
</codes>
<dc element="dc.date.created" value="1997-06-12"/>
<dc element="dc.publisher" value="Reuters Holdings Plc"/>
<dc element="dc.date.published" value="1997-06-12"/>
<dc element="dc.source" value="Reuters"/>
<dc element="dc.creator.location" value="NEW YORK"/>
<dc element="dc.creator.location.country.name" value="USA"/>
<dc element="dc.source" value="Reuters"/>
</metadata>
</newsitem>
