<?xml version="1.0" encoding="iso-8859-1" ?>
<newsitem itemid="92653" id="root" date="1996-10-02" xml:lang="en">
<title>BELGIUM: Belgian money mkt supply cut slightly in week.</title>
<headline>Belgian money mkt supply cut slightly in week.</headline>
<dateline>BRUSSELS 1996-10-02</dateline>
<text>
<p>The Belgian National Bank said it slightly withdrew liquidity from the money market in the week to Monday as liquidity fell naturally due to technical factors.</p>
<p>(figures from the  weekly statement in bln francs) -</p>
<p> Foreign currency reserves	   408.663(+ 1.008)</p>
<p> Advances against pledged security  10.458(- 3.608)</p>
<p> Commercial bills			  3.244(- 0.007)</p>
<p> Securities portfolio		   23.315(+ 0.001)</p>
<p> Money market interventions*	 109.886(+ 3.133)</p>
<p> Bank notes in circulation	   444.946(- 1.263)</p>
<p>-- Brussels Newsroom +32 2 287 6810, Fax +32 2 230 7710</p>
</text>
<copyright>(c) Reuters Limited 1996</copyright>
<metadata>
<codes class="bip:countries:1.0">
  <code code="BELG">
    <editdetail attribution="Reuters BIP Coding Group" action="confirmed" date="1996-10-02"/>
  </code>
</codes>
<codes class="bip:topics:1.0">
  <code code="E12">
    <editdetail attribution="Reuters BIP Coding Group" action="confirmed" date="1996-10-02"/>
  </code>
  <code code="E121">
    <editdetail attribution="Reuters BIP Coding Group" action="confirmed" date="1996-10-02"/>
  </code>
  <code code="ECAT">
    <editdetail attribution="Reuters BIP Coding Group" action="confirmed" date="1996-10-02"/>
  </code>
</codes>
<dc element="dc.date.created" value="1996-10-02"/>
<dc element="dc.publisher" value="Reuters Holdings Plc"/>
<dc element="dc.date.published" value="1996-10-02"/>
<dc element="dc.source" value="Reuters"/>
<dc element="dc.creator.location" value="BRUSSELS"/>
<dc element="dc.creator.location.country.name" value="BELGIUM"/>
<dc element="dc.source" value="Reuters"/>
</metadata>
</newsitem>
