<?xml version="1.0" encoding="iso-8859-1" ?>
<newsitem itemid="218760" id="root" date="1996-11-26" xml:lang="en">
<title>JAPAN: Honma Golf - 6mth parent results.</title>
<headline>Honma Golf - 6mth parent results.</headline>
<dateline>TOKYO 1996-11-26</dateline>
<text>
<p>Six months to September 30, 1996</p>
<p> (Parent)	(in billions of yen unless specified)</p>
<p> Sales		 17.02		vs	   15.65</p>
<p> Operating	    4.50		vs	    3.28</p>
<p> Current		4.25		vs	    3.15</p>
<p> Net		    1.94		vs	    1.69</p>
<p> EPS		   81.21 yen	  vs	   72.82 yen</p>
<p> Shares	     24 million	  vs	  24 million</p>
<p> Interim div	   nil		vs	     nil</p>
<p>NOTE - Honma Golf Co Ltd a maker of golf clubs and golf wear.</p>
</text>
<copyright>(c) Reuters Limited 1996</copyright>
<metadata>
<codes class="bip:countries:1.0">
  <code code="JAP">
    <editdetail attribution="Reuters BIP Coding Group" action="confirmed" date="1996-11-26"/>
  </code>
</codes>
<codes class="bip:industries:1.0">
  <code code="I49420">
    <editdetail attribution="Reuters BIP Coding Group" action="confirmed" date="1996-11-26"/>
  </code>
</codes>
<codes class="bip:topics:1.0">
  <code code="C15">
    <editdetail attribution="Reuters BIP Coding Group" action="confirmed" date="1996-11-26"/>
  </code>
  <code code="C151">
    <editdetail attribution="Reuters BIP Coding Group" action="confirmed" date="1996-11-26"/>
  </code>
  <code code="CCAT">
    <editdetail attribution="Reuters BIP Coding Group" action="confirmed" date="1996-11-26"/>
  </code>
</codes>
<dc element="dc.date.created" value="1996-11-26"/>
<dc element="dc.publisher" value="Reuters Holdings Plc"/>
<dc element="dc.date.published" value="1996-11-26"/>
<dc element="dc.source" value="Reuters"/>
<dc element="dc.creator.location" value="TOKYO"/>
<dc element="dc.creator.location.country.name" value="JAPAN"/>
<dc element="dc.source" value="Reuters"/>
</metadata>
</newsitem>
