<?xml version="1.0" encoding="iso-8859-1" ?>
<newsitem itemid="690866" id="root" date="1997-06-26" xml:lang="en">
<title>AUSTRALIA: Murdoch's Super League names new CEO.</title>
<headline>Murdoch's Super League names new CEO.</headline>
<dateline>SYDNEY 1997-06-26</dateline>
<text>
<p>Colin Sanders has been appointed as the new chief executive of Super League, the breakaway rugby league competition established in Australia by media magnate Rupert Murdoch earlier this year.</p>
<p>Sanders replaces founding CEO John Ribot, who announced his resignation on Wednesday.</p>
<p>Sanders, who now heads the Royal Agricultural Society of New South Wales, will take up his position on August 18, said News Ltd chairman Lachlan Murdoch.</p>
<p>A spokesman for the rival Australian Rugby League said it was too early to say whether Sanders' appointment would help speed up the peace process between the two warring competitions. The ARL said on Wednesday it had begun talks with Super League for a united competition from next season.</p>
<p>-- Sydney Newsroom 61-2 9373-1800</p>
</text>
<copyright>(c) Reuters Limited 1997</copyright>
<metadata>
<codes class="bip:countries:1.0">
  <code code="AUSTR">
    <editdetail attribution="Reuters BIP Coding Group" action="confirmed" date="1997-06-26"/>
  </code>
</codes>
<codes class="bip:industries:1.0">
  <code code="I47500">
    <editdetail attribution="Reuters BIP Coding Group" action="confirmed" date="1997-06-26"/>
  </code>
  <code code="I97911">
    <editdetail attribution="Reuters BIP Coding Group" action="confirmed" date="1997-06-26"/>
  </code>
</codes>
<codes class="bip:topics:1.0">
  <code code="C41">
    <editdetail attribution="Reuters BIP Coding Group" action="confirmed" date="1997-06-26"/>
  </code>
  <code code="C411">
    <editdetail attribution="Reuters BIP Coding Group" action="confirmed" date="1997-06-26"/>
  </code>
  <code code="CCAT">
    <editdetail attribution="Reuters BIP Coding Group" action="confirmed" date="1997-06-26"/>
  </code>
  <code code="GCAT">
    <editdetail attribution="Reuters BIP Coding Group" action="confirmed" date="1997-06-26"/>
  </code>
  <code code="GSPO">
    <editdetail attribution="Reuters BIP Coding Group" action="confirmed" date="1997-06-26"/>
  </code>
</codes>
<dc element="dc.date.created" value="1997-06-26"/>
<dc element="dc.publisher" value="Reuters Holdings Plc"/>
<dc element="dc.date.published" value="1997-06-26"/>
<dc element="dc.source" value="Reuters"/>
<dc element="dc.creator.location" value="SYDNEY"/>
<dc element="dc.creator.location.country.name" value="AUSTRALIA"/>
<dc element="dc.source" value="Reuters"/>
</metadata>
</newsitem>
