<?xml version="1.0" encoding="iso-8859-1" ?>
<newsitem itemid="402891" id="root" date="1997-02-25" xml:lang="en">
<title>EGYPT: Table of outstanding 182-day Egyptian T-bills.</title>
<headline>Table of outstanding 182-day Egyptian T-bills.</headline>
<dateline>CAIRO 1997-02-25</dateline>
<text>
<p>Following is a table of outstanding 182-day Egyptian treasury bills:</p>
<p> Issue date  Volume	Average    Range accepted    Maturity</p>
<p>	    (million pounds)  yield (pct)	(pct)	    date</p>
<p>  Feb 25    980.075	 9.990     9.800 - 10.081     Aug 26</p>
<p>  Feb 18    767.800	 9.999     9.800 - 10.101     Aug  19</p>
<p>  Feb  4    702.375	 9.997     9.380 - 10.101     Aug   5</p>
<p>  Jan 28    903.675	 9.999     8.987 - 10.061     July 29</p>
<p>  Jan 14    709.575	10.041     9.900 - 10.090     July 15</p>
<p>  Dec 31    800.550	10.060     9.997 - 10.087     July 01</p>
<p>  Dec 24    909.475	10.097     9.999 - 10.107     June 24</p>
<p>  Dec 17    927.625	10.115     9.999 - 10.136     June 17</p>
<p>  Dec 10    970.550	10.121     9.999 - 10.149     June 10</p>
<p>  Dec 03    991.000	10.136     9.999 - 10.174     June 03</p>
<p>  Nov 26    926.975	10.165    10.101 - 10.180     May  25</p>
<p>  Nov 19    874.875	10.198    10.101 - 10.240     May  20</p>
<p>  Nov 12    992.525	10.216     9.999 - 10.247     May  13</p>
<p>  Nov  5    545.900	10.257     9.999 - 10.600     May  06</p>
<p>  Oct 22    657.025	10.256    10.101 - 10.291     Apr  22</p>
<p>  Oct  8    860.550	10.257    10.101 - 10.278     Apr  08</p>
<p>  Sept 17   849.975	10.259     9.999 - 10.287     Mar  18</p>
<p>  Sept 10   739.550	10.258     9.999 - 10.284     Mar  11</p>
<p>  Sept  3   629.625	10.259    10.101 - 10.284     Mar   2</p>
<p>TOTAL  15,740.065</p>
<p>-- Cairo reporting +20 2 578 3290/1</p>
</text>
<copyright>(c) Reuters Limited 1997</copyright>
<metadata>
<codes class="bip:countries:1.0">
  <code code="EGYPT">
    <editdetail attribution="Reuters BIP Coding Group" action="confirmed" date="1997-02-25"/>
  </code>
</codes>
<codes class="bip:topics:1.0">
  <code code="M13">
    <editdetail attribution="Reuters BIP Coding Group" action="confirmed" date="1997-02-25"/>
  </code>
  <code code="M131">
    <editdetail attribution="Reuters BIP Coding Group" action="confirmed" date="1997-02-25"/>
  </code>
  <code code="MCAT">
    <editdetail attribution="Reuters BIP Coding Group" action="confirmed" date="1997-02-25"/>
  </code>
</codes>
<dc element="dc.date.created" value="1997-02-25"/>
<dc element="dc.publisher" value="Reuters Holdings Plc"/>
<dc element="dc.date.published" value="1997-02-25"/>
<dc element="dc.source" value="Reuters"/>
<dc element="dc.creator.location" value="CAIRO"/>
<dc element="dc.creator.location.country.name" value="EGYPT"/>
<dc element="dc.source" value="Reuters"/>
</metadata>
</newsitem>
