<?xml version="1.0" encoding="iso-8859-1" ?>
<newsitem itemid="181484" id="root" date="1996-11-11" xml:lang="en">
<title>UAE: Cricket-New Zealand 169 -8 in 50 overs v Sri Lanka.</title>
<headline>Cricket-New Zealand 169 -8 in 50 overs v Sri Lanka.</headline>
<dateline>SHARJAH, United Arab Emirates 1996-11-11</dateline>
<text>
<p>New Zealand scored 169-8 in their 50 overs in a Singer Champions' Trophy match against Sri Lanka on Monday.</p>
</text>
<copyright>(c) Reuters Limited 1996</copyright>
<metadata>
<codes class="bip:countries:1.0">
  <code code="NZ">
    <editdetail attribution="Reuters BIP Coding Group" action="confirmed" date="1996-11-11"/>
  </code>
  <code code="SRILAN">
    <editdetail attribution="Reuters BIP Coding Group" action="confirmed" date="1996-11-11"/>
  </code>
</codes>
<codes class="bip:topics:1.0">
  <code code="GCAT">
    <editdetail attribution="Reuters BIP Coding Group" action="confirmed" date="1996-11-11"/>
  </code>
  <code code="GSPO">
    <editdetail attribution="Reuters BIP Coding Group" action="confirmed" date="1996-11-11"/>
  </code>
</codes>
<dc element="dc.date.created" value="1996-11-11"/>
<dc element="dc.publisher" value="Reuters Holdings Plc"/>
<dc element="dc.date.published" value="1996-11-11"/>
<dc element="dc.source" value="Reuters"/>
<dc element="dc.creator.location" value="SHARJAH, United Arab Emirates"/>
<dc element="dc.creator.location.country.name" value="UAE"/>
<dc element="dc.source" value="Reuters"/>
</metadata>
</newsitem>
