<?xml version="1.0" encoding="iso-8859-1" ?>
<newsitem itemid="546078" id="root" date="1997-04-29" xml:lang="en">
<title>ESTONIA: TALINVEST FUND TO PAY 20 EEK DIV, ISSUE SHARES.</title>
<headline>TALINVEST FUND TO PAY 20 EEK DIV, ISSUE SHARES.</headline>
<dateline>TALLINN 1997-04-29</dateline>
<text>
<p>Talinvest asset management's general meeting decided that its privisation securities investment fund will pay a dividend of 20 kroons per share, the company said on Tuesday.</p>
<p>The assest management company's board chairman, Sten Soosaare, said in a statement that the dividend was 100 percent of the nominal value of the shares in the fund.</p>
<p>The general meeting on Monday also decided to issue 388,157 new shares with a nominal value of 20 kroons and at the premium price of 16 kroons per share.</p>
<p>After the share issue, the EstIB-Talinvest privisation fund capital will be over 28 million kroons, it added.</p>
<p>-- David Mardiste, Tallinn newsroom +372 630 8400 reuters@reuters.ee</p>
</text>
<copyright>(c) Reuters Limited 1997</copyright>
<metadata>
<codes class="bip:countries:1.0">
  <code code="ESTNIA">
    <editdetail attribution="Reuters BIP Coding Group" action="confirmed" date="1997-04-29"/>
  </code>
</codes>
<codes class="bip:industries:1.0">
  <code code="I83100">
    <editdetail attribution="Reuters BIP Coding Group" action="confirmed" date="1997-04-29"/>
  </code>
</codes>
<codes class="bip:topics:1.0">
  <code code="C15">
    <editdetail attribution="Reuters BIP Coding Group" action="confirmed" date="1997-04-29"/>
  </code>
  <code code="C151">
    <editdetail attribution="Reuters BIP Coding Group" action="confirmed" date="1997-04-29"/>
  </code>
  <code code="C17">
    <editdetail attribution="Reuters BIP Coding Group" action="confirmed" date="1997-04-29"/>
  </code>
  <code code="C171">
    <editdetail attribution="Reuters BIP Coding Group" action="confirmed" date="1997-04-29"/>
  </code>
  <code code="CCAT">
    <editdetail attribution="Reuters BIP Coding Group" action="confirmed" date="1997-04-29"/>
  </code>
</codes>
<dc element="dc.date.created" value="1997-04-29"/>
<dc element="dc.publisher" value="Reuters Holdings Plc"/>
<dc element="dc.date.published" value="1997-04-29"/>
<dc element="dc.source" value="Reuters"/>
<dc element="dc.creator.location" value="TALLINN"/>
<dc element="dc.creator.location.country.name" value="ESTONIA"/>
<dc element="dc.source" value="Reuters"/>
</metadata>
</newsitem>
