<?xml version="1.0" encoding="iso-8859-1" ?>
<newsitem itemid="670134" id="root" date="1997-06-18" xml:lang="en">
<title>JAPAN: Morinaga Milk -97/98 group forecast.</title>
<headline>Morinaga Milk -97/98 group forecast.</headline>
<dateline>TOKYO 1997-06-18</dateline>
<text>
<p>Year to March 31, 1998</p>
<p>		   (in billions of yen unless specified)</p>
<p>			   LATEST	    ACTUAL</p>
<p> (Group)		FORECAST	  YEAR-AGO</p>
<p> Sales		512.00	     502.02</p>
<p> Current	     10.10		 9.90</p>
<p> Net		    3.40		 3.30</p>
<p> EPS		   13.39 yen	  12.98 yen</p>
<p>NOTE - Morinaga Milk Industry Co Ltd is a large manufacturer of dairy products.</p>
</text>
<copyright>(c) Reuters Limited 1997</copyright>
<metadata>
<codes class="bip:countries:1.0">
  <code code="JAP">
    <editdetail attribution="Reuters BIP Coding Group" action="confirmed" date="1997-06-18"/>
  </code>
</codes>
<codes class="bip:industries:1.0">
  <code code="I41300">
    <editdetail attribution="Reuters BIP Coding Group" action="confirmed" date="1997-06-18"/>
  </code>
</codes>
<codes class="bip:topics:1.0">
  <code code="C15">
    <editdetail attribution="Reuters BIP Coding Group" action="confirmed" date="1997-06-18"/>
  </code>
  <code code="C152">
    <editdetail attribution="Reuters BIP Coding Group" action="confirmed" date="1997-06-18"/>
  </code>
  <code code="CCAT">
    <editdetail attribution="Reuters BIP Coding Group" action="confirmed" date="1997-06-18"/>
  </code>
</codes>
<dc element="dc.date.created" value="1997-06-18"/>
<dc element="dc.publisher" value="Reuters Holdings Plc"/>
<dc element="dc.date.published" value="1997-06-18"/>
<dc element="dc.source" value="Reuters"/>
<dc element="dc.creator.location" value="TOKYO"/>
<dc element="dc.creator.location.country.name" value="JAPAN"/>
<dc element="dc.source" value="Reuters"/>
</metadata>
</newsitem>
