<?xml version="1.0" encoding="iso-8859-1" ?>
<newsitem itemid="123447" id="root" date="1996-10-17" xml:lang="en">
<title>AUSTRALIA: RTRS-INDICATORS-Latest Australian monthly stats.</title>
<headline>RTRS-INDICATORS-Latest Australian monthly stats.</headline>
<dateline>SYDNEY 1996-10-18</dateline>
<text>
<p>Latest Australian monthly economic data.</p>
<p>				MONTHLY STATISTICS</p>
<p>				  Period  Latest  Prev1  Prev2    Next</p>
<p>Balance of Payments (s/adj, A$ million, m/m, current prices)</p>
<p>	 C/A balance	   Aug  -1,330  -1,209  -1,164   Oct 30</p>
<p>	 Trade Balance	 Aug    +195    +109    +163   Oct 30</p>
<p>	 Net Income Balance  Aug  -1,638  -1,744  -1,559   Oct 30</p>
<p>	 Exports (m/m pct)   Aug    +2.5    -3.6    +4.2   Oct 30</p>
<p>	 Exports (y/y pct)   Aug    +4.1    +2.0   +10.5   Oct 30</p>
<p>	 Rural (m/m pct)     Aug    +8.4    -3.7    +4.2   Oct 30</p>
<p>	 Non-Rural (m/m pct) Aug    +0.2    -3.5    +4.3   Oct 30</p>
<p>Merchandise Imports (s/adj, m/m pct)</p>
<p>	 Total		   Aug    +1.1    -2.8    -4.0   Oct 18</p>
<p>	 Total (y/y pct)     Aug    -1.6    -9.5    -5.1   Oct 18</p>
<p>	 Consumer		Aug    +7.9    +1.3    -3.5   Oct 18</p>
<p>	 Capital		 Aug    +4.3   -14.8    -7.8   Oct 18</p>
<p>	 Intermediate	  Aug    -4.0    +1.4    -2.1   Oct 18</p>
<p>Labour Force (s/adj)</p>
<p>	 Employment (000)    Sep   -34.1   +37.9    +9.7   Nov 07</p>
<p>	 - full time (000)   Sep   -30.4   +11.2   +50.2   Nov 07</p>
<p>	 - part time (000)   Sep    -3.7   +26.7   -40.5   Nov 07</p>
<p>	 Unemployment (pct)  Sep     8.7     8.8     8.5   Nov 07</p>
<p>	 Participation rate  Sep    63.5    63.9    63.5   Nov 07</p>
<p>ANZ job advertisements</p>
<p>	 (s/adj, m/m pct)    Sep    -0.4    -2.3    -4.2   Nov 04</p>
<p>	 (s/adj, y/y pct)    Sep   -14.3   -14.4   -13.5   Nov 04</p>
<p>	 (trend, m/m pct)    Sep    -1.1    -1.2    -1.3   Nov 04</p>
<p>Building Approvals</p>
<p>	 (s/adj, m/m pct)    Aug    +1.6    +8.1    -6.8   Oct 31</p>
<p>	 (s/adj, y/y pct)    Aug    +2.2    -5.9   -14.2   Oct 31</p>
<p>	 (trend, m/m pct)    Aug    +0.4    +0.6    +0.5   Oct 31</p>
<p>Housing finance for owner occupation (pct)</p>
<p>	 Total (s/adj, m/m)  Aug    +0.8   +15.4    -5.5   Nov 11</p>
<p>	 Total (s/adj, y/y)  Aug    +9.6    +7.3    -3.0   Nov 11</p>
<p>	 Total (trend, m/m)  Aug    +1.4    +1.0    +0.4   Nov 11</p>
<p>Retail Trade (current prices)</p>
<p>	 Total (s/adj, m/m)  Aug    +1.1    +1.0    +0.4   Nov 01</p>
<p>	 Total (s/adj, y/y)  Aug    +5.0    +5.3    +5.2   Nov 01</p>
<p>	 Total (trend, m/m)  Aug    +0.5    +0.5    +0.4   Nov 01</p>
<p>New Motor Vehicles registrations</p>
<p>	 Total (s/adj, m/m)  Aug    +6.9   -17.7   +18.5   Oct 25</p>
<p>	 Total (s/adj, y/y)  Aug    +6.5    -3.9   +13.7   Oct 25</p>
<p>	 Total (trend, m/m)  Aug    -0.6    -0.3    -0.2   Oct 25</p>
<p>Westpac/Melbourne Institute Consumer Sentiment</p>
<p>	 Index level	   Oct    101.4  105.5   106.8   n/a</p>
<p>	 Pct change(m/m)     Oct    -3.9    -1.2    -0.3   n/a</p>
<p>	 Points change(m/m)  Oct    -4.1    -1.3    -0.3   n/a</p>
<p>Westpac/Melbourne Institute Leading Index</p>
<p>	 Pct change(m/m)     Jul    +1.7    -1.2    +0.3   Oct 23</p>
<p>	 Points change(m/m)  Jul    +2.5    -1.7    +0.4   Oct 23</p>
<p>Private Sector Credit</p>
<p>	 Credit (m/m, s/adj) Aug    +0.3    +1.6    +0.7   n/a</p>
<p>	 Credit (y/y, s/adj) Aug   +12.8   +13.2   +12.4   n/a</p>
<p>Manufacturing Input Prices</p>
<p>	 Price Index (m/m)   Aug    -0.1    -1.3    -0.5   Nov 15</p>
<p>	 Price Index (y/y)   Aug    -4.5    -5.6    -5.4   Nov 15</p>
<p>Manufacturing Output Prices</p>
<p>	 Price Index (m/m)   Aug    +0.2    +0.1    -0.5   Nov 12</p>
<p>	 Price Index (y/y)   Aug     0.0    -0.2    +0.1   Nov 12</p>
<p>Export Prices</p>
<p>	 Price Index (m/m)   Aug    +0.8    -0.1    -0.1   Nov 15</p>
<p>	 Price Index (y/y)   Aug    -5.0    -7.6    -7.2   Nov 15</p>
<p>Import Prices</p>
<p>	 Price Index (m/m)   Aug    +0.5    -0.3    -0.5   Nov 15</p>
<p>	 Price Index (y/y)   Aug    -7.1    -9.7    -9.7   Nov 15</p>
<p>RBA Commodity Price Index</p>
<p>	 $AUD Index Level    Sep    -2.0    +1.1    -0.9   Nov 01</p>
<p>	 SDR Index Level     Sep    -0.2    -0.4    -1.5   Nov 01</p>
<p>	 $US Index Level     Sep    -0.8    +0.3    -1.0   Nov 01</p>
<p>-- Sydney Newsroom 61-2 9373-1800 (Fax 61-2 262-4727)</p>
</text>
<copyright>(c) Reuters Limited 1996</copyright>
<metadata>
<codes class="bip:countries:1.0">
  <code code="AUSTR">
    <editdetail attribution="Reuters BIP Coding Group" action="confirmed" date="1996-10-17"/>
  </code>
</codes>
<codes class="bip:topics:1.0">
  <code code="E71">
    <editdetail attribution="Reuters BIP Coding Group" action="confirmed" date="1996-10-17"/>
  </code>
  <code code="ECAT">
    <editdetail attribution="Reuters BIP Coding Group" action="confirmed" date="1996-10-17"/>
  </code>
</codes>
<dc element="dc.date.created" value="1996-10-18"/>
<dc element="dc.publisher" value="Reuters Holdings Plc"/>
<dc element="dc.date.published" value="1996-10-17"/>
<dc element="dc.source" value="Reuters"/>
<dc element="dc.creator.location" value="SYDNEY"/>
<dc element="dc.creator.location.country.name" value="AUSTRALIA"/>
<dc element="dc.source" value="Reuters"/>
</metadata>
</newsitem>
