<?xml version="1.0" encoding="iso-8859-1" ?>
<newsitem itemid="660776" id="root" date="1997-06-13" xml:lang="en">
<title>RUSSIA: TASS plans to double Russia long distance capacity.</title>
<headline>TASS plans to double Russia long distance capacity.</headline>
<dateline>MOSCOW</dateline>
<text>
<p>Russian news agency ITAR-TASS and U.S. Transworld Communications Inc. have launched a long-distance telephone network that will begin operation this year, with plans to double public network capacity, Transworld said Friday.</p>
<p>The network has a license to work with the main domestic telephone network and will work in cooperation with domestic long distance companies, officials said.</p>
<p>Andrei Grigoriyev, chief executive of the company, called TASS-Loutch Telecom, said sales would be in the billions of dollars.</p>
<p>Transworld's Advanced Communications Technologies subsidiary and TASS's Tass-Telecom subsidiary each have 50 percent stakes in the deal, he said. Privately held Transworld Communications is based in McLean, Va.</p>
</text>
<copyright>(c) Reuters Limited 1997</copyright>
<metadata>
<codes class="bip:countries:1.0">
  <code code="RUSS">
    <editdetail attribution="Reuters BIP Coding Group" action="confirmed" date="1997-06-13"/>
  </code>
  <code code="USA">
    <editdetail attribution="Reuters BIP Coding Group" action="confirmed" date="1997-06-13"/>
  </code>
</codes>
<codes class="bip:industries:1.0">
  <code code="I83954">
    <editdetail attribution="Reuters BIP Coding Group" action="confirmed" date="1997-06-13"/>
  </code>
</codes>
<codes class="bip:topics:1.0">
  <code code="C11">
    <editdetail attribution="Reuters BIP Coding Group" action="confirmed" date="1997-06-13"/>
  </code>
  <code code="C24">
    <editdetail attribution="Reuters BIP Coding Group" action="confirmed" date="1997-06-13"/>
  </code>
  <code code="CCAT">
    <editdetail attribution="Reuters BIP Coding Group" action="confirmed" date="1997-06-13"/>
  </code>
</codes>
<dc element="dc.publisher" value="Reuters Holdings Plc"/>
<dc element="dc.date.published" value="1997-06-13"/>
<dc element="dc.source" value="Reuters"/>
<dc element="dc.creator.location" value="MOSCOW"/>
<dc element="dc.creator.location.country.name" value="RUSSIA"/>
<dc element="dc.source" value="Reuters"/>
</metadata>
</newsitem>
