<?xml version="1.0" encoding="iso-8859-1" ?>
<newsitem itemid="43093" id="root" date="1996-09-10" xml:lang="en">
<title>USA: AMEX closing averages.</title>
<headline>AMEX closing averages.</headline>
<dateline>NEW YORK 1996-09-10</dateline>
<text>
<p>Prices on the American Stock Exchange closed mixed in moderate trading.</p>
<p>The Amex index closed at 565.23, up 3.27.</p>
<p>Losers beat gainers 271 to 253.</p>
<p>The average price per share rose $0.08.</p>
<p>Preliminary volume was 19,144,270, compared with 16,404,770 Monday.</p>
<p>	  (Prices official as of 1645 EDT/2045 GMT)</p>
</text>
<copyright>(c) Reuters Limited 1996</copyright>
<metadata>
<codes class="bip:countries:1.0">
  <code code="USA">
    <editdetail attribution="Reuters BIP Coding Group" action="confirmed" date="1996-09-10"/>
  </code>
</codes>
<codes class="bip:topics:1.0">
  <code code="M11">
    <editdetail attribution="Reuters BIP Coding Group" action="confirmed" date="1996-09-10"/>
  </code>
  <code code="MCAT">
    <editdetail attribution="Reuters BIP Coding Group" action="confirmed" date="1996-09-10"/>
  </code>
</codes>
<dc element="dc.date.created" value="1996-09-10"/>
<dc element="dc.publisher" value="Reuters Holdings Plc"/>
<dc element="dc.date.published" value="1996-09-10"/>
<dc element="dc.source" value="Reuters"/>
<dc element="dc.creator.location" value="NEW YORK"/>
<dc element="dc.creator.location.country.name" value="USA"/>
<dc element="dc.source" value="Reuters"/>
</metadata>
</newsitem>
