<?xml version="1.0" encoding="iso-8859-1" ?>
<newsitem itemid="361694" id="root" date="1997-02-06" xml:lang="en">
<title>ITALY: Germany's Kohl says 1999 EMU start &quot;unbreakable&quot;.</title>
<headline>Germany's Kohl says 1999 EMU start &quot;unbreakable&quot;.</headline>
<dateline>ROME 1997-02-06</dateline>
<text>
<p>German Chancellor Helmut Kohl said in an article published in Italy on Thursday that a European single currency should be launched in 1999 as planned and said the commitment to start on that date was &quot;unbreakable&quot;.</p>
<p>&quot;We are in favour of a start to Economic and Monetary Union on January 1, 1999, as laid down in the (Maastricht) Treaty,&quot; Kohl said in an article published in La Repubblica on the eve of an Italo-German summit in Bonn on Friday.</p>
<p>&quot;The date and the respect for the convergence criteria are unbreakable. We want together a stable euro,&quot; Kohl said.</p>
<p>He said a decision on who would take part in EMU at the start would be made in spring 1998 on the basis of 1997 data.</p>
<p>Italy roundly rejected a report in Wednesday's Financial Times that European Union monetary officials were working on a plan to defer Italy's entry until 2000 or 2001. Italy has said it is determined to be ready to join on January 1, 1999.</p>
<p>But German public opinion is loath to give up its strong mark and there are fears that countries like Italy with more erratic economic track records could weaken the common currency.</p>
<p>Kohl said that because the aim was to have a strong euro, any proposals for a loosening of the parameters or a devaluation inside the European Monetary System were damaging.</p>
</text>
<copyright>(c) Reuters Limited 1997</copyright>
<metadata>
<codes class="bip:countries:1.0">
  <code code="EEC">
    <editdetail attribution="Reuters BIP Coding Group" action="confirmed" date="1997-02-06"/>
  </code>
  <code code="GFR">
    <editdetail attribution="Reuters BIP Coding Group" action="confirmed" date="1997-02-06"/>
  </code>
  <code code="ITALY">
    <editdetail attribution="Reuters BIP Coding Group" action="confirmed" date="1997-02-06"/>
  </code>
</codes>
<codes class="bip:topics:1.0">
  <code code="E12">
    <editdetail attribution="Reuters BIP Coding Group" action="confirmed" date="1997-02-06"/>
  </code>
  <code code="ECAT">
    <editdetail attribution="Reuters BIP Coding Group" action="confirmed" date="1997-02-06"/>
  </code>
  <code code="G15">
    <editdetail attribution="Reuters BIP Coding Group" action="confirmed" date="1997-02-06"/>
  </code>
  <code code="G151">
    <editdetail attribution="Reuters BIP Coding Group" action="confirmed" date="1997-02-06"/>
  </code>
  <code code="G154">
    <editdetail attribution="Reuters BIP Coding Group" action="confirmed" date="1997-02-06"/>
  </code>
  <code code="GCAT">
    <editdetail attribution="Reuters BIP Coding Group" action="confirmed" date="1997-02-06"/>
  </code>
  <code code="M13">
    <editdetail attribution="Reuters BIP Coding Group" action="confirmed" date="1997-02-06"/>
  </code>
  <code code="M132">
    <editdetail attribution="Reuters BIP Coding Group" action="confirmed" date="1997-02-06"/>
  </code>
  <code code="MCAT">
    <editdetail attribution="Reuters BIP Coding Group" action="confirmed" date="1997-02-06"/>
  </code>
</codes>
<dc element="dc.date.created" value="1997-02-06"/>
<dc element="dc.publisher" value="Reuters Holdings Plc"/>
<dc element="dc.date.published" value="1997-02-06"/>
<dc element="dc.source" value="Reuters"/>
<dc element="dc.creator.location" value="ROME"/>
<dc element="dc.creator.location.country.name" value="ITALY"/>
<dc element="dc.source" value="Reuters"/>
</metadata>
</newsitem>
