<?xml version="1.0" encoding="iso-8859-1" ?>
<newsitem itemid="144257" id="root" date="1996-10-25" xml:lang="en">
<title>USA: Glenborough Realty Q3 summary.</title>
<headline>Glenborough Realty Q3 summary.</headline>
<dateline>SAN MATEO, Calif. 1996-10-24</dateline>
<text>
<p>(in thousands, except per share information)</p>
<p>	 For the Three Months Ended   For the Nine Months Ended</p>
<p>		    Pro forma				 Pro forma</p>
<p>		Sept. 30    Sept. 30     Sept. 30   Sept. 30</p>
<p>		   1996	  1995	   1996	  1995</p>
<p>Total revenue  4,955	4,018	  13,466     12,339</p>
<p>Total operating</p>
<p> expenses	3,696	2,819	   9,460	8,540</p>
<p>Net income excluding</p>
<p>Consolidation</p>
<p>costs	   1,003	 1,102	   3,828	3,523</p>
<p>Consolidation</p>
<p> costs	   ---	   ---	   (6,082)	 ---</p>
<p>Litigation</p>
<p>costs	    ---	   ---	   (1,155)	 ---</p>
<p>Net income (loss)</p>
<p>including</p>
<p>Consolidation costs</p>
<p>		 $1,003	 $1,102     $(3,409)     $3,523</p>
<p>Per Share Data:</p>
<p>Net income</p>
<p>excluding</p>
<p>Consolidation</p>
<p> costs	   0.l7	    0.19	 0.66	  0.61</p>
<p>Net income (loss)</p>
<p>including</p>
<p>Consolidation</p>
<p> costs	   0.17	    0.19	(0.60)	  0.61</p>
<p>Weighted</p>
<p>average shares</p>
<p>outstanding   5,778,545    5,753,709    5,763,742    5,753,709</p>
</text>
<copyright>(c) Reuters Limited 1996</copyright>
<metadata>
<codes class="bip:countries:1.0">
  <code code="USA">
    <editdetail attribution="Reuters BIP Coding Group" action="confirmed" date="1996-10-25"/>
  </code>
</codes>
<codes class="bip:topics:1.0">
  <code code="C15">
    <editdetail attribution="Reuters BIP Coding Group" action="confirmed" date="1996-10-25"/>
  </code>
  <code code="C151">
    <editdetail attribution="Reuters BIP Coding Group" action="confirmed" date="1996-10-25"/>
  </code>
  <code code="CCAT">
    <editdetail attribution="Reuters BIP Coding Group" action="confirmed" date="1996-10-25"/>
  </code>
</codes>
<dc element="dc.date.created" value="1996-10-24"/>
<dc element="dc.publisher" value="Reuters Holdings Plc"/>
<dc element="dc.date.published" value="1996-10-25"/>
<dc element="dc.source" value="Reuters"/>
<dc element="dc.creator.location" value="SAN MATEO, Calif."/>
<dc element="dc.creator.location.country.name" value="USA"/>
<dc element="dc.source" value="Reuters"/>
</metadata>
</newsitem>
