<?xml version="1.0" encoding="iso-8859-1" ?>
<newsitem itemid="661987" id="root" date="1997-06-14" xml:lang="en">
<title>INDIA: INDIA-Primary dealers quotes on securities-June 14.</title>
<headline>INDIA-Primary dealers quotes on securities-June 14.</headline>
<dateline>BOMBAY 1997-06-14</dateline>
<text>
<p>Primary dealers made the following two-way quotes on Saturday for dated government securities and treasury bills</p>
<p>Government securities ---------------------</p>
<p>		    DFHI		STCI	     I-Sec</p>
<p>					 (Bid/offer)	   (in rupees)</p>
<p>13.50% 97    ------/------   ------/------   101.08/101.15</p>
<p>13.50% 98    ------/------   ------/------   103.05/103.15</p>
<p>13.65% 99    ------/------   104.20/104.50   ------/------</p>
<p>12.14% 00    ------/------   100.66/100.73   100.65/100.70</p>
<p>13.80% 02    ------/------   105.15/105.45   ------/------</p>
<p>		    SBI Gilts	 GSTC	    PNB Gilts</p>
<p>					 (Bid/offer)	   (in rupees)</p>
<p>13.50% 98    ------/------   103.10/103.25   ------/------</p>
<p>13.50% 98A   ------/------   102.95/103.15   ------/------</p>
<p>13.40% 99    ------/------   104.36/104.56   ------/------</p>
<p>11.64% 00     98.45/98.65    ------/------   ------/------</p>
<p>12.14% 00    100.55/100.75   100.60/100.75   ------/------</p>
<p>13.85% 00    105.10/------   ------/------   ------/------</p>
<p>13.85% 01    105.15/105.30   105.15/105.30   ------/------</p>
<p>13.80% 02    ------/------   105.15/105.35   ------/------</p>
<p>Treasury bills</p>
<p>---------------------</p>
<p>Maturing	  DFHI	   STCI	     I-Sec</p>
<p>on				    (Bid/offer)	(in percent)</p>
<p>10/10/97     ------/------   ------/------     7.75/7.25</p>
<p>16/01/98     ------/------   ------/------     8.50/8.20</p>
<p>10/04/98     ------/------     9.00/8.75     ------/------</p>
<p>24/04/98     ------/------     9.05/8.80     ------/------</p>
<p>--/--/--     ------/------   ------/------   ------/------</p>
<p>Maturing	  SBI Gilts    GSTC	     PNB Gilts</p>
<p>on				     (Bid/offer)	(in percent)</p>
<p>06/09/97     ------/7.10     ------/------   ------/------</p>
<p>24/04/98     ------/------     9.25/8.85     ------/------</p>
<p>--/--/--     ------/------   ------/------   ------/------</p>
<p>Note : DFHI - Discount and Finance House of India Ltd.</p>
<p>	 STCI - Securities Trading Corporation of India Ltd.</p>
<p>	 I-Sec- ICICI Securities and Finance Company Ltd.</p>
<p>	 GSTC - Gilts Securities Trading Corporation Ltd.</p>
<p>	   + Bombay Newsroom +91-22-265 9000</p>
</text>
<copyright>(c) Reuters Limited 1997</copyright>
<metadata>
<codes class="bip:countries:1.0">
  <code code="INDIA">
    <editdetail attribution="Reuters BIP Coding Group" action="confirmed" date="1997-06-14"/>
  </code>
</codes>
<codes class="bip:topics:1.0">
  <code code="M13">
    <editdetail attribution="Reuters BIP Coding Group" action="confirmed" date="1997-06-14"/>
  </code>
  <code code="M131">
    <editdetail attribution="Reuters BIP Coding Group" action="confirmed" date="1997-06-14"/>
  </code>
  <code code="MCAT">
    <editdetail attribution="Reuters BIP Coding Group" action="confirmed" date="1997-06-14"/>
  </code>
</codes>
<dc element="dc.date.created" value="1997-06-14"/>
<dc element="dc.publisher" value="Reuters Holdings Plc"/>
<dc element="dc.date.published" value="1997-06-14"/>
<dc element="dc.source" value="Reuters"/>
<dc element="dc.creator.location" value="BOMBAY"/>
<dc element="dc.creator.location.country.name" value="INDIA"/>
<dc element="dc.source" value="Reuters"/>
</metadata>
</newsitem>
