<?xml version="1.0" encoding="iso-8859-1" ?>
<newsitem itemid="626083" id="root" date="1997-05-30" xml:lang="en">
<title>UK: BFI down 11 as Panamax weakness prevails.</title>
<headline>BFI down 11 as Panamax weakness prevails.</headline>
<dateline>LONDON 1997-05-30</dateline>
<text>
<p>The Baltic Freight Index (BFI) was down 11 points on Friday to 1,274.</p>
<p>Brokers said that despite the firmness of Caper rates in the Atlantic, the declining fortunes of Panamaxes, especially in the Atlantic, have proved the stronger influence on the BFI.</p>
<p>Cargill are understood to have fixed a further Panamax barley stem for mid-June from St.Lawrence to Saudi Arabia at less than the rate fixed earlier this week of $20.50 basis Red Sea.</p>
<p>MSK have fixed 54,000 heavy grain USGulf to Japan with Shinwa tonnage for July at $20.25 no combo, down $1.05 cents from the last reported fixture on this route by Halla which was for mid-June loading.</p>
<p>At 1200 GMT BIFFEX was unchanged to 10 points lower and turnover was four lots.</p>
<p>London Newsroom, +44 171 542 7771</p>
</text>
<copyright>(c) Reuters Limited 1997</copyright>
<metadata>
<codes class="bip:countries:1.0">
  <code code="UK">
    <editdetail attribution="Reuters BIP Coding Group" action="confirmed" date="1997-05-30"/>
  </code>
</codes>
<codes class="bip:topics:1.0">
  <code code="M14">
    <editdetail attribution="Reuters BIP Coding Group" action="confirmed" date="1997-05-30"/>
  </code>
  <code code="MCAT">
    <editdetail attribution="Reuters BIP Coding Group" action="confirmed" date="1997-05-30"/>
  </code>
</codes>
<dc element="dc.date.created" value="1997-05-30"/>
<dc element="dc.publisher" value="Reuters Holdings Plc"/>
<dc element="dc.date.published" value="1997-05-30"/>
<dc element="dc.source" value="Reuters"/>
<dc element="dc.creator.location" value="LONDON"/>
<dc element="dc.creator.location.country.name" value="UK"/>
<dc element="dc.source" value="Reuters"/>
</metadata>
</newsitem>
