<?xml version="1.0" encoding="iso-8859-1" ?>
<newsitem itemid="568174" id="root" date="1997-05-07" xml:lang="en">
<title>FRANCE: Pathe Q1 turnover rises to 534 mln Ffr.</title>
<headline>Pathe Q1 turnover rises to 534 mln Ffr.</headline>
<dateline>PARIS 1997-05-07</dateline>
<text>
<p>First quarter 1997 30, 1996.</p>
<p>(All figures in millions of French francs)</p>
<p>    Turnover					   534    vs	458</p>
<p>	-- film production/distribution	  229    vs	268</p>
<p>	-- cinema theatres			   198    vs	190</p>
<p>	-- &quot;Liberation&quot; newspaper		  107    vs	NA</p>
<p>NOTE - Pathe, the media company created out of the break-up of the Chargeurs holding company, gave its turnover in the Official Bulletin (BALO). It said film production and distribution was down 15 percent as none of the films released in the period were able to repeat the success of its film &quot;The Three Brothers&quot;. Theatre revenues rose four percent, with a drop in French market offset by a rise in the Netherlands and new theatres opened in 1996.</p>
<p>-- Paris Newsroom +33 1 4221 5452</p>
</text>
<copyright>(c) Reuters Limited 1997</copyright>
<metadata>
<codes class="bip:countries:1.0">
  <code code="FRA">
    <editdetail attribution="Reuters BIP Coding Group" action="confirmed" date="1997-05-07"/>
  </code>
</codes>
<codes class="bip:industries:1.0">
  <code code="I97100">
    <editdetail attribution="Reuters BIP Coding Group" action="confirmed" date="1997-05-07"/>
  </code>
</codes>
<codes class="bip:topics:1.0">
  <code code="C15">
    <editdetail attribution="Reuters BIP Coding Group" action="confirmed" date="1997-05-07"/>
  </code>
  <code code="C151">
    <editdetail attribution="Reuters BIP Coding Group" action="confirmed" date="1997-05-07"/>
  </code>
  <code code="CCAT">
    <editdetail attribution="Reuters BIP Coding Group" action="confirmed" date="1997-05-07"/>
  </code>
</codes>
<dc element="dc.date.created" value="1997-05-07"/>
<dc element="dc.publisher" value="Reuters Holdings Plc"/>
<dc element="dc.date.published" value="1997-05-07"/>
<dc element="dc.source" value="Reuters"/>
<dc element="dc.creator.location" value="PARIS"/>
<dc element="dc.creator.location.country.name" value="FRANCE"/>
<dc element="dc.source" value="Reuters"/>
</metadata>
</newsitem>
