<?xml version="1.0" encoding="iso-8859-1" ?>
<newsitem itemid="446326" id="root" date="1997-03-17" xml:lang="en">
<title>POLAND: IB AUSTRIA SEES BFK 97 NET AT PLN 34 MLN.</title>
<headline>IB AUSTRIA SEES BFK 97 NET AT PLN 34 MLN.</headline>
<dateline>WARSAW 1997-03-17</dateline>
<text>
<p>The net profit of the Polish cable maker Bydgoskie Fabryki Kabli should rise to 34 million zlotys this year and 42 million in 1998 from 24.3 million in 1996, IB Austria Securities said in its February report.</p>
<p>It predicted the company's sales would increase to 450 million zlotys this year and 540 million in 1998 from 364.5 million zlotys in 1996.</p>
<p>IB Austria also said the dynamics of BFK's profits would be difficult to sustain because increasing domestic and foreign competition in the sector might force the firm to cut its current high sales margins.  -- Warsaw Newsroom +48 22 653 9700</p>
</text>
<copyright>(c) Reuters Limited 1997</copyright>
<metadata>
<codes class="bip:countries:1.0">
  <code code="POL">
    <editdetail attribution="Reuters BIP Coding Group" action="confirmed" date="1997-03-17"/>
  </code>
</codes>
<codes class="bip:industries:1.0">
  <code code="I34100">
    <editdetail attribution="Reuters BIP Coding Group" action="confirmed" date="1997-03-17"/>
  </code>
</codes>
<codes class="bip:topics:1.0">
  <code code="C15">
    <editdetail attribution="Reuters BIP Coding Group" action="confirmed" date="1997-03-17"/>
  </code>
  <code code="C152">
    <editdetail attribution="Reuters BIP Coding Group" action="confirmed" date="1997-03-17"/>
  </code>
  <code code="CCAT">
    <editdetail attribution="Reuters BIP Coding Group" action="confirmed" date="1997-03-17"/>
  </code>
</codes>
<dc element="dc.date.created" value="1997-03-17"/>
<dc element="dc.publisher" value="Reuters Holdings Plc"/>
<dc element="dc.date.published" value="1997-03-17"/>
<dc element="dc.source" value="Reuters"/>
<dc element="dc.creator.location" value="WARSAW"/>
<dc element="dc.creator.location.country.name" value="POLAND"/>
<dc element="dc.source" value="Reuters"/>
</metadata>
</newsitem>
