<?xml version="1.0" encoding="iso-8859-1" ?>
<newsitem itemid="203548" id="root" date="1996-11-20" xml:lang="en">
<title>NORWAY: Norway shares driven by U.S. trend, macroeconomics.</title>
<headline>Norway shares driven by U.S. trend, macroeconomics.</headline>
<dateline>OSLO 1996-11-20</dateline>
<text>
<p>Norwegian shares rallied to a record close for the ninth consecutive session on Wednesday buoyed by Wall Street gains and positive macroeconomic factors, dealers said.</p>
<p>The Total index rose 0.43 percent to 919.61 points in heavy trade worth 1.1 billion crowns.</p>
<p>&quot;The market looks very strong,&quot; one dealer said. &quot;There is still a lot of liquidity, interest rates are low, inflation is low and New York is setting the trend for us.&quot;  </p>
<p>Heavy industry shares such as Norsk Hydro and Kvaerner continued to rise, but food-based conglomerate Orkla took a break after soaring for days on the back of a strong interest in consumer stock.</p>
<p>Norsk Hydro, Norway's largest listed company, was the most traded share of the day at 166 million crowns and it rose 0.65 percent to 311 crowns.</p>
<p>Offshore engineering and construction group Kvaerner A share was up more than two percent at 252 crowns.</p>
<p>Orkla A was down 0.7 percent at 441 crowns.</p>
<p>--Oslo newsroom +47 22 42 50 41</p>
</text>
<copyright>(c) Reuters Limited 1996</copyright>
<metadata>
<codes class="bip:countries:1.0">
  <code code="NORW">
    <editdetail attribution="Reuters BIP Coding Group" action="confirmed" date="1996-11-20"/>
  </code>
</codes>
<codes class="bip:topics:1.0">
  <code code="M11">
    <editdetail attribution="Reuters BIP Coding Group" action="confirmed" date="1996-11-20"/>
  </code>
  <code code="MCAT">
    <editdetail attribution="Reuters BIP Coding Group" action="confirmed" date="1996-11-20"/>
  </code>
</codes>
<dc element="dc.date.created" value="1996-11-20"/>
<dc element="dc.publisher" value="Reuters Holdings Plc"/>
<dc element="dc.date.published" value="1996-11-20"/>
<dc element="dc.source" value="Reuters"/>
<dc element="dc.creator.location" value="OSLO"/>
<dc element="dc.creator.location.country.name" value="NORWAY"/>
<dc element="dc.source" value="Reuters"/>
</metadata>
</newsitem>
