<?xml version="1.0" encoding="iso-8859-1" ?>
<newsitem itemid="791863" id="root" date="1997-08-11" xml:lang="en">
<title>PORTUGAL: BANK OF PORTUGAL INJECTS 30 BLN ESC, 5.73 PCT.</title>
<headline>BANK OF PORTUGAL INJECTS 30 BLN ESC, 5.73 PCT.</headline>
<dateline>LISBON 1997-08-11</dateline>
<text>
<p>The Bank of Portugal said it would inject 30 billion escudos of seven-day funds into the money market at a weighted average rate of 5.73 percent in a variable rate repurchase tender.</p>
<p>The rate at the repo, which takes effect on Tuesday, compared with 5.7135 percent at a repo earlier on Monday.</p>
<p>It offered 30 billion escudos in the repo.</p>
<p>-- LISBON BUREAU 3511-3538254</p>
</text>
<copyright>(c) Reuters Limited 1997</copyright>
<metadata>
<codes class="bip:countries:1.0">
  <code code="PORL">
    <editdetail attribution="Reuters BIP Coding Group" action="confirmed" date="1997-08-11"/>
  </code>
</codes>
<codes class="bip:topics:1.0">
  <code code="M13">
    <editdetail attribution="Reuters BIP Coding Group" action="confirmed" date="1997-08-11"/>
  </code>
  <code code="M131">
    <editdetail attribution="Reuters BIP Coding Group" action="confirmed" date="1997-08-11"/>
  </code>
  <code code="MCAT">
    <editdetail attribution="Reuters BIP Coding Group" action="confirmed" date="1997-08-11"/>
  </code>
</codes>
<dc element="dc.date.created" value="1997-08-11"/>
<dc element="dc.publisher" value="Reuters Holdings Plc"/>
<dc element="dc.date.published" value="1997-08-11"/>
<dc element="dc.source" value="Reuters"/>
<dc element="dc.creator.location" value="LISBON"/>
<dc element="dc.creator.location.country.name" value="PORTUGAL"/>
<dc element="dc.source" value="Reuters"/>
</metadata>
</newsitem>
