<?xml version="1.0" encoding="iso-8859-1" ?>
<newsitem itemid="320624" id="root" date="1997-01-21" xml:lang="en">
<title>USA: Span-America Medical Q1 full results.</title>
<headline>Span-America Medical Q1 full results.</headline>
<dateline>GREENVILLE, S.C. 1997-01-20</dateline>
<text>
<p>SPAN-AMERICA MEDICAL SYSTEMS, INC.</p>
<p>			     Financial Highlights</p>
<p>				    Three Months Ended</p>
<p>				     Dec 28,	Dec 30,	     %</p>
<p>					 1996	   1995	 Change</p>
<p> Net sales		    $7,739,000   $7,049,200	   10%</p>
<p> Gross profit		  2,171,700    2,092,700	    4%</p>
<p> Operating income		475,700	365,400	   30%</p>
<p> Net income			349,700	280,000	   25%</p>
<p> Net income per share	     0.11	   0.09	   22%</p>
<p>Weighted average number</p>
<p>of common shares</p>
<p>  outstanding		  3,249,162    3,205,209	    1%</p>
<p>Selected Balance Sheet Data</p>
<p>					Dec 28,	 Sep 28,</p>
<p>					  1996	    1996</p>
<p> Current assets	     $11,456,800   $11,543,800</p>
<p> Total assets		  20,915,500    21,080,600</p>
<p> Current liabilities	  2,978,200     3,364,000</p>
<p> Shareholders' equity	16,263,600    16,019,300</p>
<p>-- New York Newsdesk 212 859-1610</p>
</text>
<copyright>(c) Reuters Limited 1997</copyright>
<metadata>
<codes class="bip:countries:1.0">
  <code code="USA">
    <editdetail attribution="Reuters BIP Coding Group" action="confirmed" date="1997-01-21"/>
  </code>
</codes>
<codes class="bip:industries:1.0">
  <code code="I47200">
    <editdetail attribution="Reuters BIP Coding Group" action="confirmed" date="1997-01-21"/>
  </code>
</codes>
<codes class="bip:topics:1.0">
  <code code="C15">
    <editdetail attribution="Reuters BIP Coding Group" action="confirmed" date="1997-01-21"/>
  </code>
  <code code="C151">
    <editdetail attribution="Reuters BIP Coding Group" action="confirmed" date="1997-01-21"/>
  </code>
  <code code="CCAT">
    <editdetail attribution="Reuters BIP Coding Group" action="confirmed" date="1997-01-21"/>
  </code>
</codes>
<dc element="dc.date.created" value="1997-01-20"/>
<dc element="dc.publisher" value="Reuters Holdings Plc"/>
<dc element="dc.date.published" value="1997-01-21"/>
<dc element="dc.source" value="Reuters"/>
<dc element="dc.creator.location" value="GREENVILLE, S.C."/>
<dc element="dc.creator.location.country.name" value="USA"/>
<dc element="dc.source" value="Reuters"/>
</metadata>
</newsitem>
