<?xml version="1.0" encoding="iso-8859-1" ?>
<newsitem itemid="381351" id="root" date="1997-02-16" xml:lang="en">
<title>EGYPT: PRESS DIGEST - Egypt - Feb 16.</title>
<headline>PRESS DIGEST - Egypt - Feb 16.</headline>
<dateline>CAIRO 1997-02-16</dateline>
<text>
<p>These are the leading stories in the Egyptian press on Sunday. Reuters has not verified these stories and does not vouch for their accuracy.</p>
<p>AL-AHRAM</p>
<p>- President Hosni Mubarak held talks with Syrian Vice President Farouq al-Shara and Foreign Minister Abdel-Halim Khaddam on developments in the Arab World and the peace process on all tracks.</p>
<p>- Information Minister Safwat el-Sherif says Abu Qurqas accident, where 10 copts were killed, does not mean that terrorism is back.</p>
<p>- Public Enterprise Minister Atef Obeid predicts in a report that seven billion pounds worth of foreign investments would pour into Egypt in the near future.</p>
<p>- Mubarak to receive Dutch Foreign Minister Hans Van Mierlo tomorrow evening during a one-day visit to Cairo.</p>
<p>AL-AKHBAR</p>
<p>- The cabinet will discuss tomorrow the developments in the peace process and results of the Davos World Economic Forum.</p>
<p>- The Finance Ministry says in a report that the government achieved unprecedent success in public expenditure rationalisation.</p>
<p>AL-GOMHURIA</p>
<p>- Mubarak receives a letter from Syrian President Hafez el-Assad on Arab solidarity and peace.</p>
<p>- Security authorities conclude that six terrorists killed 10 copts in Abu Qurqas town, 240 km (150 miles) south of Cairo.</p>
<p>$1 = 3.4 pounds</p>
</text>
<copyright>(c) Reuters Limited 1997</copyright>
<metadata>
<codes class="bip:countries:1.0">
  <code code="EGYPT">
    <editdetail attribution="Reuters BIP Coding Group" action="confirmed" date="1997-02-16"/>
  </code>
</codes>
<codes class="bip:topics:1.0">
  <code code="GCAT">
    <editdetail attribution="Reuters BIP Coding Group" action="confirmed" date="1997-02-16"/>
  </code>
</codes>
<dc element="dc.date.created" value="1997-02-16"/>
<dc element="dc.publisher" value="Reuters Holdings Plc"/>
<dc element="dc.date.published" value="1997-02-16"/>
<dc element="dc.source" value="Reuters"/>
<dc element="dc.creator.location" value="CAIRO"/>
<dc element="dc.creator.location.country.name" value="EGYPT"/>
<dc element="dc.source" value="Reuters"/>
</metadata>
</newsitem>
