<?xml version="1.0" encoding="iso-8859-1" ?>
<newsitem itemid="155752" id="root" date="1996-10-31" xml:lang="en">
<title>USA: First Years Q3 shr rises.</title>
<headline>First Years Q3 shr rises.</headline>
<dateline>AVON, Mass. 1996-10-31</dateline>
<text>
<p>The First Years Inc.</p>
<p>			     Interim Operating Report</p>
<p>							 Three Months Ended</p>
<p>							     September 30</p>
<p>							1996	    1995</p>
<p> Net Sales				 $23,273,193    $19,628,352</p>
<p> Net Income				  1,376,063	1,045,098</p>
<p> Earnings per Share of Common Stock	 0.27	     0.22</p>
<p>Weighted Average Number</p>
<p>  of Shares Outstanding		  5,150,751	4,688,284</p>
<p>							  Nine Months Ended</p>
<p>							     September 30</p>
<p>						     1996	     1995</p>
<p> Net Sales				 $69,631,738    $55,506,878</p>
<p> Net Income				  3,929,730	3,164,606</p>
<p> Earnings per Share of Common Stock	 0.81	     0.68</p>
<p>Weighted Average Number</p>
<p>  of Shares Outstanding		  4,862,132	4,670,306</p>
<p>-- New York Newsdesk 212 859-1610</p>
</text>
<copyright>(c) Reuters Limited 1996</copyright>
<metadata>
<codes class="bip:countries:1.0">
  <code code="USA">
    <editdetail attribution="Reuters BIP Coding Group" action="confirmed" date="1996-10-31"/>
  </code>
</codes>
<codes class="bip:industries:1.0">
  <code code="I49410">
    <editdetail attribution="Reuters BIP Coding Group" action="confirmed" date="1996-10-31"/>
  </code>
</codes>
<codes class="bip:topics:1.0">
  <code code="C15">
    <editdetail attribution="Reuters BIP Coding Group" action="confirmed" date="1996-10-31"/>
  </code>
  <code code="C151">
    <editdetail attribution="Reuters BIP Coding Group" action="confirmed" date="1996-10-31"/>
  </code>
  <code code="CCAT">
    <editdetail attribution="Reuters BIP Coding Group" action="confirmed" date="1996-10-31"/>
  </code>
</codes>
<dc element="dc.date.created" value="1996-10-31"/>
<dc element="dc.publisher" value="Reuters Holdings Plc"/>
<dc element="dc.date.published" value="1996-10-31"/>
<dc element="dc.source" value="Reuters"/>
<dc element="dc.creator.location" value="AVON, Mass."/>
<dc element="dc.creator.location.country.name" value="USA"/>
<dc element="dc.source" value="Reuters"/>
</metadata>
</newsitem>
