<?xml version="1.0" encoding="iso-8859-1" ?>
<newsitem itemid="633160" id="root" date="1997-06-03" xml:lang="en">
<title>UK: Rutherford says Close takes majority stake.</title>
<headline>Rutherford says Close takes majority stake.</headline>
<dateline>LONDON 1997-06-03</dateline>
<text>
<p>UK investment manager Rutherford Asset Management said on Tuesday UK investment bank and fund group Close Brothers had taken a substantial majority shareholding in Rutherford.</p>
<p>A spokeswoman confirmed statements by Beacon Investment Trust Plc, of which Rutherford is the investment manager, and Granville Holdings Plc, which said it was acquiring the management contract for Eaglet Investment Trust Plc from Rutherford.  </p>
<p>Close Investment Management managing director Jonathan Thornton told Reuters Close had taken a 92 percent stake in the business, with the balance held by Rutherford directors Andrew Buchanan and Stephen Hazell-Smith.</p>
<p>The stake had been bought from a variety of sources, including 54 percent shareholder Peter Michael and a 10 percent stake from Peter Webb.</p>
<p>Rutherford's only management contract is with 23 million stg trust Beacon, following the acquisition of the Eaglet contract by Granville and the loss of the Pilot Investment Trust contract recently.</p>
<p>Granville said Webb, manager of Eaglet, would join the group.</p>
<p>It said Webb would be responsible for setting up an institutional investment management arm specialising in growth companies.</p>
<p>Eaglet was set up in 1993 by Webb to invest specifically in UK smaller companies with a market capitalisation of less than 50 million stg.</p>
<p>-- Andrew Gill, London newsroom +44 171 542 5887</p>
</text>
<copyright>(c) Reuters Limited 1997</copyright>
<metadata>
<codes class="bip:countries:1.0">
  <code code="UK">
    <editdetail attribution="Reuters BIP Coding Group" action="confirmed" date="1997-06-03"/>
  </code>
</codes>
<codes class="bip:industries:1.0">
  <code code="I81502">
    <editdetail attribution="Reuters BIP Coding Group" action="confirmed" date="1997-06-03"/>
  </code>
  <code code="I8150206">
    <editdetail attribution="Reuters BIP Coding Group" action="confirmed" date="1997-06-03"/>
  </code>
  <code code="I83100">
    <editdetail attribution="Reuters BIP Coding Group" action="confirmed" date="1997-06-03"/>
  </code>
</codes>
<codes class="bip:topics:1.0">
  <code code="C18">
    <editdetail attribution="Reuters BIP Coding Group" action="confirmed" date="1997-06-03"/>
  </code>
  <code code="C181">
    <editdetail attribution="Reuters BIP Coding Group" action="confirmed" date="1997-06-03"/>
  </code>
  <code code="CCAT">
    <editdetail attribution="Reuters BIP Coding Group" action="confirmed" date="1997-06-03"/>
  </code>
</codes>
<dc element="dc.date.created" value="1997-06-03"/>
<dc element="dc.publisher" value="Reuters Holdings Plc"/>
<dc element="dc.date.published" value="1997-06-03"/>
<dc element="dc.source" value="Reuters"/>
<dc element="dc.creator.location" value="LONDON"/>
<dc element="dc.creator.location.country.name" value="UK"/>
<dc element="dc.source" value="Reuters"/>
</metadata>
</newsitem>
