<?xml version="1.0" encoding="iso-8859-1" ?>
<newsitem itemid="200966" id="root" date="1996-11-19" xml:lang="en">
<title>TURKEY: Turkish shares plunge 3.98 pct, off lows.</title>
<headline>Turkish shares plunge 3.98 pct, off lows.</headline>
<dateline>ISTANBUL 1996-11-19</dateline>
<text>
<p>Istanbul shares fell sharply on Tuesday in heavy selling triggered after morning reports that Japan's JCR agency downgraded its rating of Turkey's yen and euroyen bond issues to BB from BB+, brokers said.</p>
<p>The IMKB-100 closed down 3,311.41 points, or 3.98 percent at 79,861.38, but was firmer than an afternoon low of 79,131. Trade volume jumped to 28.21 trillion lira ($284 million) from Monday's 21.54 trillion ($217 million).</p>
<p>&quot;The index rapidly fell below the 80,000 mark in heavy volume, but the market needs to confirm tomorrow that the 80,000 support has been broken,&quot; said Alp Tekince from Bumerang.</p>
<p>&quot;The JCR report produced fluctuations in all markets although it was an expected development. The stock market's reaction was extreme due to heavy trade in a few shares,&quot; he said.</p>
<p>Several brokers expect the index to ease towards 75,000-76,000 range in coming days if it fails to recover to above the 80,000 support on Wednesday.</p>
</text>
<copyright>(c) Reuters Limited 1996</copyright>
<metadata>
<codes class="bip:countries:1.0">
  <code code="JAP">
    <editdetail attribution="Reuters BIP Coding Group" action="confirmed" date="1996-11-19"/>
  </code>
  <code code="TURK">
    <editdetail attribution="Reuters BIP Coding Group" action="confirmed" date="1996-11-19"/>
  </code>
</codes>
<codes class="bip:topics:1.0">
  <code code="E21">
    <editdetail attribution="Reuters BIP Coding Group" action="confirmed" date="1996-11-19"/>
  </code>
  <code code="E212">
    <editdetail attribution="Reuters BIP Coding Group" action="confirmed" date="1996-11-19"/>
  </code>
  <code code="M11">
    <editdetail attribution="Reuters BIP Coding Group" action="confirmed" date="1996-11-19"/>
  </code>
</codes>
<dc element="dc.date.created" value="1996-11-19"/>
<dc element="dc.publisher" value="Reuters Holdings Plc"/>
<dc element="dc.date.published" value="1996-11-19"/>
<dc element="dc.source" value="Reuters"/>
<dc element="dc.creator.location" value="ISTANBUL"/>
<dc element="dc.creator.location.country.name" value="TURKEY"/>
<dc element="dc.source" value="Reuters"/>
</metadata>
</newsitem>
