<?xml version="1.0" encoding="iso-8859-1" ?>
<newsitem itemid="364481" id="root" date="1997-02-07" xml:lang="en">
<title>FINLAND: Merger rumours boost Merita stock.</title>
<headline>Merger rumours boost Merita stock.</headline>
<dateline>HELSINKI 1997-02-07</dateline>
<text>
<p>Finnish banking group Merita Oy gained in active trade on Friday on hopes that the bank would find a merger partner among the Nordic insurers, brokers said.</p>
<p>At 1315/1115 GMT, Merita traded at 17.30 markka, up 0.50 or nearly three percent, and Merita A was the most actively traded stock in Helsinki at 12 million shares traded.</p>
<p>Brokers saw room for further gains, saying Merita had broken technical resistance at 17.00 markka. The next resistance was seen around 20.00 markka.</p>
<p>&quot;The rumours are going on so strong that Merita will be testing 20.00 markka soon,&quot; one broker said.</p>
<p>Merita said on Thursday it had been in talks about cooperation with insurers Sampo and Pohjola, but the talks had ended without results.</p>
<p>Brokers said that announcement only fuelled expectations that Merita will be actively seeking a merger partner from among the Nordic insurers.</p>
<p>Merita was also boosted ahead of its 1996 earnings report due next Wednesday, February 12, brokers said.</p>
<p>-- Veera Heinonen, Helsinki newsroom + 358 - 9 - 680 50 240</p>
</text>
<copyright>(c) Reuters Limited 1997</copyright>
<metadata>
<codes class="bip:countries:1.0">
  <code code="FIN">
    <editdetail attribution="Reuters BIP Coding Group" action="confirmed" date="1997-02-07"/>
  </code>
</codes>
<codes class="bip:industries:1.0">
  <code code="I81402">
    <editdetail attribution="Reuters BIP Coding Group" action="confirmed" date="1997-02-07"/>
  </code>
</codes>
<codes class="bip:topics:1.0">
  <code code="C15">
    <editdetail attribution="Reuters BIP Coding Group" action="confirmed" date="1997-02-07"/>
  </code>
  <code code="C152">
    <editdetail attribution="Reuters BIP Coding Group" action="confirmed" date="1997-02-07"/>
  </code>
  <code code="C18">
    <editdetail attribution="Reuters BIP Coding Group" action="confirmed" date="1997-02-07"/>
  </code>
  <code code="C181">
    <editdetail attribution="Reuters BIP Coding Group" action="confirmed" date="1997-02-07"/>
  </code>
  <code code="CCAT">
    <editdetail attribution="Reuters BIP Coding Group" action="confirmed" date="1997-02-07"/>
  </code>
</codes>
<dc element="dc.date.created" value="1997-02-07"/>
<dc element="dc.publisher" value="Reuters Holdings Plc"/>
<dc element="dc.date.published" value="1997-02-07"/>
<dc element="dc.source" value="Reuters"/>
<dc element="dc.creator.location" value="HELSINKI"/>
<dc element="dc.creator.location.country.name" value="FINLAND"/>
<dc element="dc.source" value="Reuters"/>
</metadata>
</newsitem>
