<?xml version="1.0" encoding="iso-8859-1" ?>
<newsitem itemid="751401" id="root" date="1997-07-23" xml:lang="en">
<title>PHILIPPINES: PRESS DIGEST - Philippine newspapers - July 23.</title>
<headline>PRESS DIGEST - Philippine newspapers - July 23.</headline>
<dateline>MANILA 1997-07-23</dateline>
<text>
<p>These are the leading stories in Manila newspapers on Wednesday. Reuters has not verified these stories and does not vouch for their accuracy.</p>
<p>- An agriculture expert said a rice shortage looms due to an expected drought to be caused by the El Nino phenomenon. (PHILIPPINE STAR)</p>
<p>- The Commission on Elections said government officials planning to run for the presidential elections next year should be aware that they face disqualification with premature campaigning. (MANILA BULLETIN)</p>
<p>- President Fidel Ramos assured there will be &quot;no whitewash&quot; in the investigation involving the death of an eight-year old girl who was in a car passing in front a suspected drug lord's house being raided by the police. (MANILA STANDARD)</p>
<p>- The Philippine National Police (PNP) said the team that raided a suspected drug lord house that resulted in the death of a girl violated standard rules of engagement as they did not wear proper nameplates, lacked uniforms and checkpoints. (MALAYA)</p>
<p>- National Bureau of Investigation (NBI) lawyers doubted that a suspected drug lord who recently surrendered to the police can become a state witness. (TODAY)</p>
<p>- A police superintendent asked to be transferred to a new post saying he was being pressured by politicians whose names he unearthed while trying to build a case against a suspected drug dealer who recently surrendered. (MANILA CHRONICLE)</p>
<p>- Seven police officers detailed at the office of a senator are facing dismissal for associating with an alleged &quot;godfather&quot; of local drug lords, the Philippine National Police director-general said. (INQUIRER)</p>
<p>				 +++++++++</p>
<p>BUSINESS STORIES</p>
<p>- The central bank's Monetary Board has approved a three-month suspension of non-deliverable forward sales of foreign exchange. (ALL NEWSPAPERS)</p>
<p>- The Central Bank said it intends to invest the proceeds of the country's $715 million loan from the International Monetary Fund (IMF) in interest-earning dollar instruments to recover its cost of using the funds. (BUSINESSWORLD)</p>
<p>- The country's gross international reserves is expected to improve by about 7.34 percent to $10.45 billion from $9.7 billion with the disbursement of the financing facility from the IMF. (ALL NEWSPAPERS)</p>
<p>- Manila newsroom (632) 841 8939 Fax 8176267</p>
</text>
<copyright>(c) Reuters Limited 1997</copyright>
<metadata>
<codes class="bip:countries:1.0">
  <code code="PHLNS">
    <editdetail attribution="Reuters BIP Coding Group" action="confirmed" date="1997-07-23"/>
  </code>
</codes>
<codes class="bip:topics:1.0">
  <code code="GCAT">
    <editdetail attribution="Reuters BIP Coding Group" action="confirmed" date="1997-07-23"/>
  </code>
</codes>
<dc element="dc.date.created" value="1997-07-23"/>
<dc element="dc.publisher" value="Reuters Holdings Plc"/>
<dc element="dc.date.published" value="1997-07-23"/>
<dc element="dc.source" value="Reuters"/>
<dc element="dc.creator.location" value="MANILA"/>
<dc element="dc.creator.location.country.name" value="PHILIPPINES"/>
<dc element="dc.source" value="Reuters"/>
</metadata>
</newsitem>
