<?xml version="1.0" encoding="iso-8859-1" ?>
<newsitem itemid="580029" id="root" date="1997-05-13" xml:lang="en">
<title>USA: MK Gold Co Q1 shr profit vs loss.</title>
<headline>MK Gold Co Q1 shr profit vs loss.</headline>
<dateline>SALT LAKE CITY 1997-05-12</dateline>
<text>
<p>(thousands of dollars, except per share data)</p>
<p>						     Three Months Ended</p>
<p>							     March 31</p>
<p>							 1997	   1996</p>
<p> Total revenue				   $8,884	  $8,507</p>
<p> Total operating expenses		     7,894	   9,931</p>
<p> Gross profit					 990	 (1,424)</p>
<p>Exploration and project investigation</p>
<p>  costs					     (345)	   (706)</p>
<p> General and administrative expenses	(507)	 (1,146)</p>
<p> Interest expense				  (23)		 -</p>
<p> Investment income				  177		72</p>
<p> Income (loss) before income taxes	    292	(31,197)</p>
<p> Income tax expense			     (117)	 (4,202)</p>
<p> Net income (loss)				  175	(35,399)</p>
<p> Net income (loss) per share		  $0.01	 ($1.82)</p>
<p>-- New York Newsdesk 212 859-1610</p>
</text>
<copyright>(c) Reuters Limited 1997</copyright>
<metadata>
<codes class="bip:countries:1.0">
  <code code="USA">
    <editdetail attribution="Reuters BIP Coding Group" action="confirmed" date="1997-05-13"/>
  </code>
</codes>
<codes class="bip:industries:1.0">
  <code code="I21000">
    <editdetail attribution="Reuters BIP Coding Group" action="confirmed" date="1997-05-13"/>
  </code>
</codes>
<codes class="bip:topics:1.0">
  <code code="C15">
    <editdetail attribution="Reuters BIP Coding Group" action="confirmed" date="1997-05-13"/>
  </code>
  <code code="C151">
    <editdetail attribution="Reuters BIP Coding Group" action="confirmed" date="1997-05-13"/>
  </code>
  <code code="CCAT">
    <editdetail attribution="Reuters BIP Coding Group" action="confirmed" date="1997-05-13"/>
  </code>
</codes>
<dc element="dc.date.created" value="1997-05-12"/>
<dc element="dc.publisher" value="Reuters Holdings Plc"/>
<dc element="dc.date.published" value="1997-05-13"/>
<dc element="dc.source" value="Reuters"/>
<dc element="dc.creator.location" value="SALT LAKE CITY"/>
<dc element="dc.creator.location.country.name" value="USA"/>
<dc element="dc.source" value="Reuters"/>
</metadata>
</newsitem>
