<?xml version="1.0" encoding="iso-8859-1" ?>
<newsitem itemid="511209" id="root" date="1997-04-15" xml:lang="en">
<title>SWEDEN: Swedish govt sees Sweden meeting EMU targets.</title>
<headline>Swedish govt sees Sweden meeting EMU targets.</headline>
<dateline>STOCKHOLM 1997-04-15</dateline>
<text>
<p>Sweden's government said on Tuesday further reinforcements were not needed in Sweden's budget to fulfil the convergence criteria of Europe's economic and monetary union (EMU) as public finances were continuously improving.</p>
<p>&quot;The government's assessment is that Sweden will qualify for a membership of the EMU,&quot; the government said in its spring budget proposal, released on Tuesday.</p>
<p>In the budget the government reiterated that it was not considering membership of the European exchange rate mechanism (ERM).</p>
<p>&quot;Price stability is the overall aim of the monetary policy,&quot; the government said.</p>
<p>&quot;This direction of monetary and currency policy has worked well. The choice of which exchange rate policy Sweden should have in the future will depend on the decision of the parliament on a Swedish membership in the monetary union during autumn of 1997.&quot;</p>
<p>-- Erik Aronsson, Stockholm newsroom +46-8-700 1017</p>
</text>
<copyright>(c) Reuters Limited 1997</copyright>
<metadata>
<codes class="bip:countries:1.0">
  <code code="EEC">
    <editdetail attribution="Reuters BIP Coding Group" action="confirmed" date="1997-04-15"/>
  </code>
  <code code="SWED">
    <editdetail attribution="Reuters BIP Coding Group" action="confirmed" date="1997-04-15"/>
  </code>
</codes>
<codes class="bip:topics:1.0">
  <code code="E21">
    <editdetail attribution="Reuters BIP Coding Group" action="confirmed" date="1997-04-15"/>
  </code>
  <code code="E211">
    <editdetail attribution="Reuters BIP Coding Group" action="confirmed" date="1997-04-15"/>
  </code>
  <code code="ECAT">
    <editdetail attribution="Reuters BIP Coding Group" action="confirmed" date="1997-04-15"/>
  </code>
  <code code="G15">
    <editdetail attribution="Reuters BIP Coding Group" action="confirmed" date="1997-04-15"/>
  </code>
  <code code="G151">
    <editdetail attribution="Reuters BIP Coding Group" action="confirmed" date="1997-04-15"/>
  </code>
  <code code="G154">
    <editdetail attribution="Reuters BIP Coding Group" action="confirmed" date="1997-04-15"/>
  </code>
  <code code="GCAT">
    <editdetail attribution="Reuters BIP Coding Group" action="confirmed" date="1997-04-15"/>
  </code>
</codes>
<dc element="dc.date.created" value="1997-04-15"/>
<dc element="dc.publisher" value="Reuters Holdings Plc"/>
<dc element="dc.date.published" value="1997-04-15"/>
<dc element="dc.source" value="Reuters"/>
<dc element="dc.creator.location" value="STOCKHOLM"/>
<dc element="dc.creator.location.country.name" value="SWEDEN"/>
<dc element="dc.source" value="Reuters"/>
</metadata>
</newsitem>
