<?xml version="1.0" encoding="iso-8859-1" ?>
<newsitem itemid="274934" id="root" date="1996-12-24" xml:lang="en">
<title>USA: Comprehensive Care Extends Expiration Date of Exch.</title>
<headline>Comprehensive Care Extends Expiration Date of Exch.</headline>
<dateline>CORONA DEL MAR, Calif 1996-12-24</dateline>
<text>
<p>Comprehensive Care Corp said it extended the expiration date of its exchange offer from December 23, 1996 to December 30, 1996.</p>
<p>&quot;We believe that additional outstanding proxies may have been delayed as a result of holiday mail. The deadline extension will provide the necessary time for receipt of any pending proxies,&quot; said Chriss Street, chairman and chief executive officer.</p>
</text>
<copyright>(c) Reuters Limited 1996</copyright>
<metadata>
<codes class="bip:countries:1.0">
  <code code="USA">
    <editdetail attribution="Reuters BIP Coding Group" action="confirmed" date="1996-12-24"/>
  </code>
</codes>
<codes class="bip:industries:1.0">
  <code code="I95100">
    <editdetail attribution="Reuters BIP Coding Group" action="confirmed" date="1996-12-24"/>
  </code>
</codes>
<codes class="bip:topics:1.0">
  <code code="C17">
    <editdetail attribution="Reuters BIP Coding Group" action="confirmed" date="1996-12-24"/>
  </code>
  <code code="C171">
    <editdetail attribution="Reuters BIP Coding Group" action="confirmed" date="1996-12-24"/>
  </code>
  <code code="CCAT">
    <editdetail attribution="Reuters BIP Coding Group" action="confirmed" date="1996-12-24"/>
  </code>
</codes>
<dc element="dc.date.created" value="1996-12-24"/>
<dc element="dc.publisher" value="Reuters Holdings Plc"/>
<dc element="dc.date.published" value="1996-12-24"/>
<dc element="dc.source" value="Reuters"/>
<dc element="dc.creator.location" value="CORONA DEL MAR, Calif"/>
<dc element="dc.creator.location.country.name" value="USA"/>
<dc element="dc.source" value="Reuters"/>
</metadata>
</newsitem>
