<?xml version="1.0" encoding="iso-8859-1" ?>
<newsitem itemid="52172" id="root" date="1996-09-13" xml:lang="en">
<title>USA: Entergy 836 MW Ark. nuke trips off line.</title>
<headline>Entergy 836 MW Ark. nuke trips off line.</headline>
<dateline>NEW YORK 1996-09-13</dateline>
<text>
<p>Entergy Corp's 836 megawatt Arkansas nuclear power unit 1 unexpectedly tripped off line Friday and was producing no electricity, the Nuclear Regulatory Commission (NRC) said.</p>
<p>The unit, located at Russellville, Ark., experienced a &quot;reactor trip due to two out of four RCP's tripping,&quot; the NRC said in its daily plant status report.</p>
<p>A company spokeswoman was not immediately available for comment.</p>
<p>The Arkansas nuclear unit 2, at the same site and with a capacity of 858 megawatts, was operating at 98 percent of capacity as of early Friday, the NRC said.</p>
<p>-- New York Power Desk 212-859-1627</p>
</text>
<copyright>(c) Reuters Limited 1996</copyright>
<metadata>
<codes class="bip:countries:1.0">
  <code code="USA">
    <editdetail attribution="Reuters BIP Coding Group" action="confirmed" date="1996-09-13"/>
  </code>
</codes>
<codes class="bip:industries:1.0">
  <code code="I16100">
    <editdetail attribution="Reuters BIP Coding Group" action="confirmed" date="1996-09-13"/>
  </code>
</codes>
<codes class="bip:topics:1.0">
  <code code="C21">
    <editdetail attribution="Reuters BIP Coding Group" action="confirmed" date="1996-09-13"/>
  </code>
  <code code="C24">
    <editdetail attribution="Reuters BIP Coding Group" action="confirmed" date="1996-09-13"/>
  </code>
  <code code="CCAT">
    <editdetail attribution="Reuters BIP Coding Group" action="confirmed" date="1996-09-13"/>
  </code>
</codes>
<dc element="dc.date.created" value="1996-09-13"/>
<dc element="dc.publisher" value="Reuters Holdings Plc"/>
<dc element="dc.date.published" value="1996-09-13"/>
<dc element="dc.source" value="Reuters"/>
<dc element="dc.creator.location" value="NEW YORK"/>
<dc element="dc.creator.location.country.name" value="USA"/>
<dc element="dc.source" value="Reuters"/>
</metadata>
</newsitem>
