<?xml version="1.0" encoding="iso-8859-1" ?>
<newsitem itemid="197091" id="root" date="1996-11-18" xml:lang="en">
<title>USA: Laurel Valley Apts., Mich., issue Aa2 - Moody's.</title>
<headline>Laurel Valley Apts., Mich., issue Aa2 - Moody's.</headline>
<dateline>NEW YORK 1996-11-18</dateline>
<text>
<p>Moody's Investors Service -</p>
<p>Rating Announcement As of 11/13/96.</p>
<p>Issuer		: Michigan State Hsg. Devel. Auth. Tax</p>
<p>			  exempt adjustable mode ltd. oblig. rev.</p>
<p>			  (Laurel Valley Apts.)</p>
<p>State		 : MI</p>
<p>Rating		: Aa2/VMIG 1</p>
<p>--U.S. Municipal Desk, 212-859-1650</p>
</text>
<copyright>(c) Reuters Limited 1996</copyright>
<metadata>
<codes class="bip:countries:1.0">
  <code code="USA">
    <editdetail attribution="Reuters BIP Coding Group" action="confirmed" date="1996-11-18"/>
  </code>
</codes>
<codes class="bip:topics:1.0">
  <code code="C17">
    <editdetail attribution="Reuters BIP Coding Group" action="confirmed" date="1996-11-18"/>
  </code>
  <code code="C174">
    <editdetail attribution="Reuters BIP Coding Group" action="confirmed" date="1996-11-18"/>
  </code>
  <code code="CCAT">
    <editdetail attribution="Reuters BIP Coding Group" action="confirmed" date="1996-11-18"/>
  </code>
  <code code="E21">
    <editdetail attribution="Reuters BIP Coding Group" action="confirmed" date="1996-11-18"/>
  </code>
  <code code="E212">
    <editdetail attribution="Reuters BIP Coding Group" action="confirmed" date="1996-11-18"/>
  </code>
  <code code="ECAT">
    <editdetail attribution="Reuters BIP Coding Group" action="confirmed" date="1996-11-18"/>
  </code>
</codes>
<dc element="dc.date.created" value="1996-11-18"/>
<dc element="dc.publisher" value="Reuters Holdings Plc"/>
<dc element="dc.date.published" value="1996-11-18"/>
<dc element="dc.source" value="Reuters"/>
<dc element="dc.creator.location" value="NEW YORK"/>
<dc element="dc.creator.location.country.name" value="USA"/>
<dc element="dc.source" value="Reuters"/>
</metadata>
</newsitem>
