<?xml version="1.0" encoding="iso-8859-1" ?>
<newsitem itemid="655612" id="root" date="1997-06-12" xml:lang="en">
<title>MONACO: ATHLETICS-JOHNSON MAY RUN AT WORLD CHAMPS AFTER ALL.</title>
<headline>ATHLETICS-JOHNSON MAY RUN AT WORLD CHAMPS AFTER ALL.</headline>
<dateline>MONACO 1997-06-12</dateline>
<text>
<p>Michael Johnson and other injured American athletes may be allowed to defend their titles at the world championships despite missing the U.S. trials, the International Amateur Athletic Federation said on Thursday.</p>
<p>&quot;The IAAF could consider the possibility of giving them a wild card or invitation,&quot; said the governing body's spokesman Giorgio Reineri.</p>
<p>&quot;The IAAF does not want to get involved in the politics of the selection process of the U.S. federation,&quot; Reineri said.</p>
<p>&quot;But given the hypothesis, it could consider the cases of Johnson and other athletes if the U.S. decides to ask the IAAF for something special in extraordinary circumstances because they could not take part in the trials not for capricious reasons but real physical problems.&quot;</p>
<p>Only athletes who finish in the top three at the U.S. championships are eligible for the American team, according to their selection rules.</p>
<p>The executive committee of USA Track and Field said it might ask the IAAF for wild-card entries for Johnson and other injured American world champions like decathlete Dan O'Brien and sprinter Gwen Torrence at the Athens championships in August.</p>
</text>
<copyright>(c) Reuters Limited 1997</copyright>
<metadata>
<codes class="bip:countries:1.0">
  <code code="USA">
    <editdetail attribution="Reuters BIP Coding Group" action="confirmed" date="1997-06-12"/>
  </code>
</codes>
<codes class="bip:topics:1.0">
  <code code="GCAT">
    <editdetail attribution="Reuters BIP Coding Group" action="confirmed" date="1997-06-12"/>
  </code>
  <code code="GSPO">
    <editdetail attribution="Reuters BIP Coding Group" action="confirmed" date="1997-06-12"/>
  </code>
</codes>
<dc element="dc.date.created" value="1997-06-12"/>
<dc element="dc.publisher" value="Reuters Holdings Plc"/>
<dc element="dc.date.published" value="1997-06-12"/>
<dc element="dc.source" value="Reuters"/>
<dc element="dc.creator.location" value="MONACO"/>
<dc element="dc.creator.location.country.name" value="MONACO"/>
<dc element="dc.source" value="Reuters"/>
</metadata>
</newsitem>
