<?xml version="1.0" encoding="iso-8859-1" ?>
<newsitem itemid="186842" id="root" date="1996-11-13" xml:lang="en">
<title>INDIA: Indian annualised interest rate on forward dollars.</title>
<headline>Indian annualised interest rate on forward dollars.</headline>
<dateline>BOMBAY 1996-11-13</dateline>
<text>
<p>The following are monthly annualised interest rates on forward dollar premia quoted by banks and brokers at 1600 IST. The rates are spot/one month to spot/six months.</p>
<p>	    O/N =  7.65%			 O/N = -----</p>
<p>	    T/N =  7.65%			 T/N = 5.11%</p>
<p>		   Nov 13, 1996			Nov 11, 1996</p>
<p>	  1 month forward =  5.09%	1 month forward =  3.11%</p>
<p>	  2 month forward =  5.78%	2 month forward =  4.30%</p>
<p>	  3 month forward =  6.46%	3 month forward =  5.26%</p>
<p>	  4 month forward =  7.05%	4 month forward =  6.00%</p>
<p>	  5 month forward =  7.34%	5 month forward =  6.52%</p>
<p>	  6 month forward =  7.32%	6 month forward =  6.54%</p>
<p>-- Bombay newsroom, 91-22-265 9000</p>
</text>
<copyright>(c) Reuters Limited 1996</copyright>
<metadata>
<codes class="bip:countries:1.0">
  <code code="INDIA">
    <editdetail attribution="Reuters BIP Coding Group" action="confirmed" date="1996-11-13"/>
  </code>
</codes>
<codes class="bip:topics:1.0">
  <code code="M13">
    <editdetail attribution="Reuters BIP Coding Group" action="confirmed" date="1996-11-13"/>
  </code>
  <code code="M131">
    <editdetail attribution="Reuters BIP Coding Group" action="confirmed" date="1996-11-13"/>
  </code>
  <code code="MCAT">
    <editdetail attribution="Reuters BIP Coding Group" action="confirmed" date="1996-11-13"/>
  </code>
</codes>
<dc element="dc.date.created" value="1996-11-13"/>
<dc element="dc.publisher" value="Reuters Holdings Plc"/>
<dc element="dc.date.published" value="1996-11-13"/>
<dc element="dc.source" value="Reuters"/>
<dc element="dc.creator.location" value="BOMBAY"/>
<dc element="dc.creator.location.country.name" value="INDIA"/>
<dc element="dc.source" value="Reuters"/>
</metadata>
</newsitem>
