<?xml version="1.0" encoding="iso-8859-1" ?>
<newsitem itemid="694738" id="root" date="1997-06-29" xml:lang="en">
<title>FRANCE: GOLF-FRENCH OPEN FINAL SCORES.</title>
<headline>GOLF-FRENCH OPEN FINAL SCORES.</headline>
<dateline>PARIS 1997-06-29</dateline>
<text>
<p>Leading final scores in the French</p>
<p>Open golf tournament ending on Sunday:</p>
<p>271 Retief Goosen (South Africa) 64 67 70 70</p>
<p>274 Jamie Spence (Britain) 68 71 67 68</p>
<p>275 Darren Clarke (Britain) 70 69 67 69, Raymond Russell</p>
<p>(Britain) 75 68 66 66, Van Phillips (Britain) 70 68 71 66,</p>
<p>Martin Gates (Britain) 68 67 69 71</p>
<p>276 Steve Webster (Britain) 67 71 69 69</p>
<p>277 Ross McFarlane 70 70 69 68 (Britain), Robert Coles</p>
<p>(Britain) 72</p>
<p>66 69 70, Eduardo Romero (Argentina) 68 70 71 68</p>
<p>278 Robert Karlsson (Sweden) 72 67 67 72, Peter Lonard</p>
<p>(Australia) 68 71 72 67, Colin Montgomerie (Britain) 66 70</p>
<p>73 69</p>
<p>279 Jarmo Sandelin (Sweden) 68 68 73 70</p>
<p>280 Dean Robertson (Britain) 71 68 72 69, Jose Coceres</p>
<p>(Argentina) 68 68 70 74, Des Smyth (Ireland) 73 70 69 68</p>
<p>281 Costantino Rocca (Italy) 70 71 71 69, Thomas Bjorn</p>
<p>(Denmark) 70 69 71 71, Jeff Remesy (France) 70 72 68</p>
<p>71, Carl Suneson (Spain) 70 68 72 71, Lee Westwood</p>
<p>(Britain) 67 70 73 71</p>
<p>282 Michael Jonzon (Sweden) 69 72 70 71, Stephen Field</p>
<p>(Britain) 70 69 70 73, David Howell (Britain) 70 68</p>
<p>71 73, Peter Mitchell (Britain) 73 70 69 70</p>
<p>283 Santiago Luna (Spain) 68 73 72 70, Raphael Jacquelin</p>
<p>(France) 73 67 72 71, Anders Forsbrand (Sweden) 68 71 73</p>
<p>71,</p>
<p>Katsuyoshi Tomori (Japan) 71 71 71 70, Roger Chapman</p>
<p>(Australia) 69 69 72 73.</p>
</text>
<copyright>(c) Reuters Limited 1997</copyright>
<metadata>
<codes class="bip:countries:1.0">
  <code code="FRA">
    <editdetail attribution="Reuters BIP Coding Group" action="confirmed" date="1997-06-29"/>
  </code>
</codes>
<codes class="bip:topics:1.0">
  <code code="GCAT">
    <editdetail attribution="Reuters BIP Coding Group" action="confirmed" date="1997-06-29"/>
  </code>
  <code code="GSPO">
    <editdetail attribution="Reuters BIP Coding Group" action="confirmed" date="1997-06-29"/>
  </code>
</codes>
<dc element="dc.date.created" value="1997-06-29"/>
<dc element="dc.publisher" value="Reuters Holdings Plc"/>
<dc element="dc.date.published" value="1997-06-29"/>
<dc element="dc.source" value="Reuters"/>
<dc element="dc.creator.location" value="PARIS"/>
<dc element="dc.creator.location.country.name" value="FRANCE"/>
<dc element="dc.source" value="Reuters"/>
</metadata>
</newsitem>
