<?xml version="1.0" encoding="iso-8859-1" ?>
<newsitem itemid="201394" id="root" date="1996-11-19" xml:lang="en">
<title>JAPAN: DMS Inc - 96/97 parent forecast.</title>
<headline>DMS Inc - 96/97 parent forecast.</headline>
<dateline>TOKYO 1996-11-19</dateline>
<text>
<p>Year to March 31, 1997</p>
<p>		   (in billions of yen unless specified)</p>
<p>			   LATEST	    ACTUAL</p>
<p> (Parent)	     FORECAST	  YEAR-AGO</p>
<p> Sales		 17.30		16.39</p>
<p> Current	    680 million	769 million</p>
<p> Net		  377 million	377 million</p>
<p> EPS		   52.00 yen	  54.32 yen</p>
<p> Ord div	     12.00 yen	  12.00 yen</p>
<p> -Commem div	     -		 1.00 yen</p>
<p>NOTE - DMS Inc is a direct mail service and sales promotion company.</p>
</text>
<copyright>(c) Reuters Limited 1996</copyright>
<metadata>
<codes class="bip:countries:1.0">
  <code code="JAP">
    <editdetail attribution="Reuters BIP Coding Group" action="confirmed" date="1996-11-19"/>
  </code>
</codes>
<codes class="bip:industries:1.0">
  <code code="I83954">
    <editdetail attribution="Reuters BIP Coding Group" action="confirmed" date="1996-11-19"/>
  </code>
  <code code="I8395448">
    <editdetail attribution="Reuters BIP Coding Group" action="confirmed" date="1996-11-19"/>
  </code>
</codes>
<codes class="bip:topics:1.0">
  <code code="C15">
    <editdetail attribution="Reuters BIP Coding Group" action="confirmed" date="1996-11-19"/>
  </code>
  <code code="C152">
    <editdetail attribution="Reuters BIP Coding Group" action="confirmed" date="1996-11-19"/>
  </code>
  <code code="CCAT">
    <editdetail attribution="Reuters BIP Coding Group" action="confirmed" date="1996-11-19"/>
  </code>
</codes>
<dc element="dc.date.created" value="1996-11-19"/>
<dc element="dc.publisher" value="Reuters Holdings Plc"/>
<dc element="dc.date.published" value="1996-11-19"/>
<dc element="dc.source" value="Reuters"/>
<dc element="dc.creator.location" value="TOKYO"/>
<dc element="dc.creator.location.country.name" value="JAPAN"/>
<dc element="dc.source" value="Reuters"/>
</metadata>
</newsitem>
