<?xml version="1.0" encoding="iso-8859-1" ?>
<newsitem itemid="591323" id="root" date="1997-05-16" xml:lang="en">
<title>USA: Titan Wheel unit buys stake in firm.</title>
<headline>Titan Wheel unit buys stake in firm.</headline>
<dateline>QUINCY, Ill. 1997-05-16</dateline>
<text>
<p>Titan Tire Corp, a subsidiary of Titan Wheel International Inc, said it acquired 19 percent of Condere Corp.</p>
<p>Condere is the parent company of Fidelity Tire Manufacturing Co of Natchez, Miss.</p>
<p>Condere posted sales of $120 million in 1996, but also declared more than $8 million in losses.  Condere filed Chapter 11 bankruptcy on May 13, 1997, Titan said.</p>
<p>On May 14, the Condere board elected Titan President Maurice Taylor Jr as chairman, chief executive officer and president of Condere, with an annual salary of one dollar.</p>
<p>&quot;It is my intent to try and turn around Fidelity Tire,&quot; Taylor said.</p>
<p>Titan makes mounted tire and wheel systems for off-highway equipment.</p>
<p>((Reuters Chicago Newsdesk (312) 408-8787))</p>
</text>
<copyright>(c) Reuters Limited 1997</copyright>
<metadata>
<codes class="bip:countries:1.0">
  <code code="USA">
    <editdetail attribution="Reuters BIP Coding Group" action="confirmed" date="1997-05-16"/>
  </code>
</codes>
<codes class="bip:industries:1.0">
  <code code="I35000">
    <editdetail attribution="Reuters BIP Coding Group" action="confirmed" date="1997-05-16"/>
  </code>
</codes>
<codes class="bip:topics:1.0">
  <code code="C18">
    <editdetail attribution="Reuters BIP Coding Group" action="confirmed" date="1997-05-16"/>
  </code>
  <code code="C181">
    <editdetail attribution="Reuters BIP Coding Group" action="confirmed" date="1997-05-16"/>
  </code>
  <code code="CCAT">
    <editdetail attribution="Reuters BIP Coding Group" action="confirmed" date="1997-05-16"/>
  </code>
</codes>
<dc element="dc.date.created" value="1997-05-16"/>
<dc element="dc.publisher" value="Reuters Holdings Plc"/>
<dc element="dc.date.published" value="1997-05-16"/>
<dc element="dc.source" value="Reuters"/>
<dc element="dc.creator.location" value="QUINCY, Ill."/>
<dc element="dc.creator.location.country.name" value="USA"/>
<dc element="dc.source" value="Reuters"/>
</metadata>
</newsitem>
