<?xml version="1.0" encoding="iso-8859-1" ?>
<newsitem itemid="620443" id="root" date="1997-05-28" xml:lang="en">
<title>USA: Lincoln Twp., Mich., won by McDonald &amp; Co.</title>
<headline>Lincoln Twp., Mich., won by McDonald &amp; Co.</headline>
<dateline>NEW YORK 1997-05-28</dateline>
<text>
<p>McDonald &amp; Co., Sec., said it won $1.165 million of Lincoln Charter Twp., Mich., 1997 general obligation fire station bonds, with a net interest cost of 5.26 percent.</p>
</text>
<copyright>(c) Reuters Limited 1997</copyright>
<metadata>
<codes class="bip:countries:1.0">
  <code code="USA">
    <editdetail attribution="Reuters BIP Coding Group" action="confirmed" date="1997-05-28"/>
  </code>
</codes>
<codes class="bip:topics:1.0">
  <code code="E21">
    <editdetail attribution="Reuters BIP Coding Group" action="confirmed" date="1997-05-28"/>
  </code>
  <code code="E212">
    <editdetail attribution="Reuters BIP Coding Group" action="confirmed" date="1997-05-28"/>
  </code>
  <code code="ECAT">
    <editdetail attribution="Reuters BIP Coding Group" action="confirmed" date="1997-05-28"/>
  </code>
</codes>
<dc element="dc.date.created" value="1997-05-28"/>
<dc element="dc.publisher" value="Reuters Holdings Plc"/>
<dc element="dc.date.published" value="1997-05-28"/>
<dc element="dc.source" value="Reuters"/>
<dc element="dc.creator.location" value="NEW YORK"/>
<dc element="dc.creator.location.country.name" value="USA"/>
<dc element="dc.source" value="Reuters"/>
</metadata>
</newsitem>
