<?xml version="1.0" encoding="iso-8859-1" ?>
<newsitem itemid="149440" id="root" date="1996-10-29" xml:lang="en">
<title>ROMANIA: ROMANIA AGRO-FOOD PRICES 0.2 PCT DOWN IN SEPT.</title>
<headline>ROMANIA AGRO-FOOD PRICES 0.2 PCT DOWN IN SEPT.</headline>
<dateline>BUCHAREST 1996-10-29</dateline>
<text>
<p>The average prices of the main agro-food products sold at Romanian marketplaces went down by 0.2 percent in September after August's 25.3 percent fall, National Statistics Board data showed on Tuesday.</p>
<p>It said prices of vegetable products -- grains and flour, potatos, fruit -- dropped by 1.9 percent in September.</p>
<p>Prices of animal products -- slaughtered meat, animal fats, milk and dairy products -- rose by 5.6 percent last month, when live animals and poultry prices saw a 9.0 percent increase from the previous month. -- Bucharest Newsroom 40-1 3120264</p>
</text>
<copyright>(c) Reuters Limited 1996</copyright>
<metadata>
<codes class="bip:countries:1.0">
  <code code="ROM">
    <editdetail attribution="Reuters BIP Coding Group" action="confirmed" date="1996-10-29"/>
  </code>
</codes>
<codes class="bip:industries:1.0">
  <code code="I01000">
    <editdetail attribution="Reuters BIP Coding Group" action="confirmed" date="1996-10-29"/>
  </code>
</codes>
<codes class="bip:topics:1.0">
  <code code="C31">
    <editdetail attribution="Reuters BIP Coding Group" action="confirmed" date="1996-10-29"/>
  </code>
  <code code="CCAT">
    <editdetail attribution="Reuters BIP Coding Group" action="confirmed" date="1996-10-29"/>
  </code>
  <code code="E13">
    <editdetail attribution="Reuters BIP Coding Group" action="confirmed" date="1996-10-29"/>
  </code>
  <code code="ECAT">
    <editdetail attribution="Reuters BIP Coding Group" action="confirmed" date="1996-10-29"/>
  </code>
</codes>
<dc element="dc.date.created" value="1996-10-29"/>
<dc element="dc.publisher" value="Reuters Holdings Plc"/>
<dc element="dc.date.published" value="1996-10-29"/>
<dc element="dc.source" value="Reuters"/>
<dc element="dc.creator.location" value="BUCHAREST"/>
<dc element="dc.creator.location.country.name" value="ROMANIA"/>
<dc element="dc.source" value="Reuters"/>
</metadata>
</newsitem>
