<?xml version="1.0" encoding="iso-8859-1" ?>
<newsitem itemid="804047" id="root" date="1997-08-16" xml:lang="en">
<title>NEW ZEALAND: RUGBY UNION-ALL BLACKS BEAT AUSTRALIA 36-24.</title>
<headline>RUGBY UNION-ALL BLACKS BEAT AUSTRALIA 36-24.</headline>
<dateline>DUNEDIN, New Zealand 1997-08-16</dateline>
<text>
<p>New Zealand beat Australia 36-24 (halftime 36-0) in an international rugby union test match at Carisbrooke on Saturday.</p>
<p>Scorers:</p>
<p>New Zealand - Tries: Taine Randell, Christian Cullen, Justin Marshall. Conversions: Carlos Spencer (3). Penalties: Spencer (5).</p>
<p>Australia - Tries: Joe Roff, Stephen Larkham (2), Ben Tune. Conversions: David Knox (2).</p>
</text>
<copyright>(c) Reuters Limited 1997</copyright>
<metadata>
<codes class="bip:countries:1.0">
  <code code="AUSTR">
    <editdetail attribution="Reuters BIP Coding Group" action="confirmed" date="1997-08-16"/>
  </code>
  <code code="NZ">
    <editdetail attribution="Reuters BIP Coding Group" action="confirmed" date="1997-08-16"/>
  </code>
</codes>
<codes class="bip:topics:1.0">
  <code code="GCAT">
    <editdetail attribution="Reuters BIP Coding Group" action="confirmed" date="1997-08-16"/>
  </code>
  <code code="GSPO">
    <editdetail attribution="Reuters BIP Coding Group" action="confirmed" date="1997-08-16"/>
  </code>
</codes>
<dc element="dc.date.created" value="1997-08-16"/>
<dc element="dc.publisher" value="Reuters Holdings Plc"/>
<dc element="dc.date.published" value="1997-08-16"/>
<dc element="dc.source" value="Reuters"/>
<dc element="dc.creator.location" value="DUNEDIN, New Zealand"/>
<dc element="dc.creator.location.country.name" value="NEW ZEALAND"/>
<dc element="dc.source" value="Reuters"/>
</metadata>
</newsitem>
