<?xml version="1.0" encoding="iso-8859-1" ?>
<newsitem itemid="659865" id="root" date="1997-06-13" xml:lang="en">
<title>BELGIUM: Revised EU grain import tariffs.</title>
<headline>Revised EU grain import tariffs.</headline>
<text>
<p>EFFECTIVE FROM JUNE 16 IN ECUS PER TONNE</p>
<p>		     NEARBY ORIGIN (1)   DISTANT ORIGIN (2)  DATE OF</p>
<p>		     CURRENT    PREVIOUS CURRENT    PVS	CHANGE</p>
<p> DURUM WHEAT	   8.97    9.49     0.00	 0.00    16JUN97</p>
<p> COM WHT HIGH QUAL  41.18   45.74    31.18	35.74    16JUN97</p>
<p> MEDIUM QUALITY     54.90   53.86    34.90	43.86    16JUN97</p>
<p> LOW QUALITY	  72.42   74.00    62.42	64.00    16JUN97</p>
<p> BARLEY		 77.73   77.14    67.73	67.14    16JUN97</p>
<p> RYE		    77.73   77.14    67.73	67.14    16JUN97</p>
<p> SORGHUM		77.73   77.14    67.73	67.14    16JUN97</p>
<p> MAIZE		  91.68   92.02    81.68	82.02    16JUN97</p>
<p>	 EXCHANGE	 KANSAS			   MID     MID</p>
<p>	 MINNEAPOLIS    CITY   CHICAGO   CHICAGO   AMERICA AMERICA</p>
<p>PRODUCTS PERCENT PROTEIN AND 12 PERCENT HUMIDITY</p>
<p>	 HRS2(14%) HRW2(11.5%)  SRW2     YC3     HAD2   US BARLEY2</p>
<p>	 (ECUS PER TONNE)</p>
<p> QUOTES  128.11    124.01    116.24   94.48   176.06*   107.20*</p>
<p> GULF	-	  16.69	5.94    8.43	 -	  -</p>
<p> GREAT    15.64	 -	   -	 -	   -	  -</p>
<p>LAKES</p>
<p>GULF OF MEXICO-ROTTERDAM 12.08 ECUS PER TONNE</p>
<p> GREAT LAKES-ROTTERDAM    21.75 ECUS PER TONNE</p>
<p>*FOB DULUTH</p>
<p>(1) Nearby origin covers imports by land, river or sea from Mediterranean, Black Sea and Baltic ports. (2) Distant origin covers other ports. The import duty may be adjusted if during the two-week reference period the average import duty differs by five Ecus per tonne from the fixed duty. Importers may claim a two Ecus per tonne reduction for Atlantic and Suez canal shipments to British, Danish, Swedish, Finnish and to Spanish and Portuguese Atlantic ports. A three Ecus per tonne reduction can be claimed for imports into Med ports. Importers who show they have paid a quality premium can claim a 14 or eight Ecus reduction for shipments of high quality common wheat, malting barley and flint maize.</p>
<p>-Brussels newsroom +322 287 6830</p>
</text>
<copyright>(c) Reuters Limited 1997</copyright>
<metadata>
<codes class="bip:countries:1.0">
  <code code="EEC">
    <editdetail attribution="Reuters BIP Coding Group" action="confirmed" date="1997-06-13"/>
  </code>
</codes>
<codes class="bip:industries:1.0">
  <code code="I01001">
    <editdetail attribution="Reuters BIP Coding Group" action="confirmed" date="1997-06-13"/>
  </code>
  <code code="I0100132">
    <editdetail attribution="Reuters BIP Coding Group" action="confirmed" date="1997-06-13"/>
  </code>
</codes>
<codes class="bip:topics:1.0">
  <code code="C31">
    <editdetail attribution="Reuters BIP Coding Group" action="confirmed" date="1997-06-13"/>
  </code>
  <code code="C311">
    <editdetail attribution="Reuters BIP Coding Group" action="confirmed" date="1997-06-13"/>
  </code>
  <code code="CCAT">
    <editdetail attribution="Reuters BIP Coding Group" action="confirmed" date="1997-06-13"/>
  </code>
  <code code="G15">
    <editdetail attribution="Reuters BIP Coding Group" action="confirmed" date="1997-06-13"/>
  </code>
  <code code="G153">
    <editdetail attribution="Reuters BIP Coding Group" action="confirmed" date="1997-06-13"/>
  </code>
  <code code="GCAT">
    <editdetail attribution="Reuters BIP Coding Group" action="confirmed" date="1997-06-13"/>
  </code>
  <code code="M14">
    <editdetail attribution="Reuters BIP Coding Group" action="confirmed" date="1997-06-13"/>
  </code>
  <code code="M141">
    <editdetail attribution="Reuters BIP Coding Group" action="confirmed" date="1997-06-13"/>
  </code>
  <code code="MCAT">
    <editdetail attribution="Reuters BIP Coding Group" action="confirmed" date="1997-06-13"/>
  </code>
</codes>
<dc element="dc.publisher" value="Reuters Holdings Plc"/>
<dc element="dc.date.published" value="1997-06-13"/>
<dc element="dc.source" value="Reuters"/>
<dc element="dc.creator.location.country.name" value="BELGIUM"/>
<dc element="dc.source" value="Reuters"/>
</metadata>
</newsitem>
