<?xml version="1.0" encoding="iso-8859-1" ?>
<newsitem itemid="128984" id="root" date="1996-10-20" xml:lang="en">
<title>CANADA: Canada's Viridian, Agrium to merge.</title>
<headline>Canada's Viridian, Agrium to merge.</headline>
<dateline>CALGARY, Alberta 1996-10-20</dateline>
<text>
<p>Agrium Inc said on Sunday it and Viridian Inc had agreed to merge in a stock swap, forming a fertilizer marketing and production company with market capitalization of more than C$2.5 billion (US$1.8 billion).  </p>
<p>The company said in a statement that when the merger was completed Viridian shareholders would get 0.975 common shares of Agrium for each Viridian common share.</p>
<p>The merger will be accounted for on a pooling-of-interest basis. The current estimated cash balance on a proforma basis for the combined company for the year ending Dec 31 is expected to be about C$400 million (US$300 million).</p>
<p>&quot;It is the intention of the merged company to use a portion of this cash balance for a subsequent buyback of approximately 10 percent of the then-outstanding common shares,&quot; the statement said.</p>
<p>Agrium averaged 69 million fully diluted common shares in the second quarter. Viridian has about 75 million fully diluted shares outstanding.</p>
<p>Viridian shareholders will be asked to approve the terms of the merger at a special meeting to be called by year's end. The completion of the merger is subject to certain conditions, including approval from Canadian and American regulatory authorities.</p>
<p>-- New York newsdesk, (212) 859-1610</p>
</text>
<copyright>(c) Reuters Limited 1996</copyright>
<metadata>
<codes class="bip:countries:1.0">
  <code code="CANA">
    <editdetail attribution="Reuters BIP Coding Group" action="confirmed" date="1996-10-20"/>
  </code>
</codes>
<codes class="bip:industries:1.0">
  <code code="I25130">
    <editdetail attribution="Reuters BIP Coding Group" action="confirmed" date="1996-10-20"/>
  </code>
</codes>
<codes class="bip:topics:1.0">
  <code code="C18">
    <editdetail attribution="Reuters BIP Coding Group" action="confirmed" date="1996-10-20"/>
  </code>
  <code code="C181">
    <editdetail attribution="Reuters BIP Coding Group" action="confirmed" date="1996-10-20"/>
  </code>
  <code code="CCAT">
    <editdetail attribution="Reuters BIP Coding Group" action="confirmed" date="1996-10-20"/>
  </code>
</codes>
<dc element="dc.date.created" value="1996-10-20"/>
<dc element="dc.publisher" value="Reuters Holdings Plc"/>
<dc element="dc.date.published" value="1996-10-20"/>
<dc element="dc.source" value="Reuters"/>
<dc element="dc.creator.location" value="CALGARY, Alberta"/>
<dc element="dc.creator.location.country.name" value="CANADA"/>
<dc element="dc.source" value="Reuters"/>
</metadata>
</newsitem>
