<?xml version="1.0" encoding="iso-8859-1" ?>
<newsitem itemid="421717" id="root" date="1997-03-05" xml:lang="en">
<title>DUBAI: QUALITY-Lufthansa Sharjah Feb cargo report.</title>
<headline>QUALITY-Lufthansa Sharjah Feb cargo report.</headline>
<dateline>DUBAI 1996-03-06</dateline>
<text>
<p>Lufthansa Cargo AG issued its latest monthly report on service standards achieved at its Sharjah, United Arab Emirates hub.</p>
<p>The report gives results claimed by LCAG Sharjah for February 1997.</p>
<p> Customer commitment			 Achievement</p>
<p>						   Feb 97	Jan 97</p>
<p> Flown as booked			     100pct	 98pct</p>
<p>Import cargo ready for pick up</p>
<p>-perishables: one hour after</p>
<p>		   flight arrival	    100pct	100pct</p>
<p> -general:     five hours after</p>
<p>		   flight arrival	    100pct	100pct</p>
<p> Export acceptance waiting time	   99pct	 98pct</p>
<p> -up to one tonne:    one hour</p>
<p>-one to five tonnes: two hours</p>
<p>-five to ten tonnes: three hours</p>
<p> Telephone answered by third ring	 90pct	 91pct</p>
<p>- Reuters Air Cargo Newsroom Tel+44 171 542 7706 Fax:5017</p>
</text>
<copyright>(c) Reuters Limited 1997</copyright>
<metadata>
<codes class="bip:countries:1.0">
  <code code="SHAJH">
    <editdetail attribution="Reuters BIP Coding Group" action="confirmed" date="1997-03-05"/>
  </code>
  <code code="UAE">
    <editdetail attribution="Reuters BIP Coding Group" action="confirmed" date="1997-03-05"/>
  </code>
</codes>
<codes class="bip:industries:1.0">
  <code code="I75000">
    <editdetail attribution="Reuters BIP Coding Group" action="confirmed" date="1997-03-05"/>
  </code>
  <code code="I77002">
    <editdetail attribution="Reuters BIP Coding Group" action="confirmed" date="1997-03-05"/>
  </code>
</codes>
<codes class="bip:topics:1.0">
  <code code="C13">
    <editdetail attribution="Reuters BIP Coding Group" action="confirmed" date="1997-03-05"/>
  </code>
  <code code="C21">
    <editdetail attribution="Reuters BIP Coding Group" action="confirmed" date="1997-03-05"/>
  </code>
  <code code="CCAT">
    <editdetail attribution="Reuters BIP Coding Group" action="confirmed" date="1997-03-05"/>
  </code>
</codes>
<dc element="dc.date.created" value="1996-03-06"/>
<dc element="dc.publisher" value="Reuters Holdings Plc"/>
<dc element="dc.date.published" value="1997-03-05"/>
<dc element="dc.source" value="Reuters"/>
<dc element="dc.creator.location" value="DUBAI"/>
<dc element="dc.creator.location.country.name" value="DUBAI"/>
<dc element="dc.source" value="Reuters"/>
</metadata>
</newsitem>
