<?xml version="1.0" encoding="iso-8859-1" ?>
<newsitem itemid="739861" id="root" date="1997-07-18" xml:lang="en">
<title>UK: EMI sees $35 mln benefits from U.S. revamp.</title>
<headline>EMI sees $35 mln benefits from U.S. revamp.</headline>
<dateline>LONDON 1997-07-18</dateline>
<text>
<p>British music company EMI group plc said on Friday it expected benefits of $35 million in the current financial year from revamp of its U.S. operations with more benefits expected in years to come.</p>
<p>&quot;We anticipate a benefit this year of $35 million out of that investment,&quot; chairman Colin Southgate told the annual meeting of shareholders on Friday.  </p>
<p>Southgate said the company's U.S. market share had recovered to 13 percent from 10 percent so far in the current financial year.</p>
<p>&quot;We are number three in the world, to be number one we will have to crack the U.S. market&quot;.</p>
<p>EMI took a one-off charge of 117.2 million stg last year to cover the cost of revamping its North American operations.</p>
<p>North America accounts for around EMI's annual turnover.</p>
<p>---London Newsroom +44 171 542 4366</p>
</text>
<copyright>(c) Reuters Limited 1997</copyright>
<metadata>
<codes class="bip:countries:1.0">
  <code code="UK">
    <editdetail attribution="Reuters BIP Coding Group" action="confirmed" date="1997-07-18"/>
  </code>
</codes>
<codes class="bip:industries:1.0">
  <code code="I34520">
    <editdetail attribution="Reuters BIP Coding Group" action="confirmed" date="1997-07-18"/>
  </code>
</codes>
<codes class="bip:topics:1.0">
  <code code="C15">
    <editdetail attribution="Reuters BIP Coding Group" action="confirmed" date="1997-07-18"/>
  </code>
  <code code="C152">
    <editdetail attribution="Reuters BIP Coding Group" action="confirmed" date="1997-07-18"/>
  </code>
  <code code="CCAT">
    <editdetail attribution="Reuters BIP Coding Group" action="confirmed" date="1997-07-18"/>
  </code>
</codes>
<dc element="dc.date.created" value="1997-07-18"/>
<dc element="dc.publisher" value="Reuters Holdings Plc"/>
<dc element="dc.date.published" value="1997-07-18"/>
<dc element="dc.source" value="Reuters"/>
<dc element="dc.creator.location" value="LONDON"/>
<dc element="dc.creator.location.country.name" value="UK"/>
<dc element="dc.source" value="Reuters"/>
</metadata>
</newsitem>
