<?xml version="1.0" encoding="iso-8859-1" ?>
<newsitem itemid="706709" id="root" date="1997-07-03" xml:lang="en">
<title>BELGIUM: KB Securities rates Solvay &quot;reduce&quot;.</title>
<headline>KB Securities rates Solvay &quot;reduce&quot;.</headline>
<dateline>BRUSSELS 1997-07-03</dateline>
<text>
<p>Summary of research report -</p>
<p>Co name-----------Sector------Price------Broker-------------</p>
<p>    Solvay		Chemicals   21,200 *   KB Securities</p>
<p>COMMENT: A dramatic drop in caustic soda and peroxygen prices will lead to lower-than-forecast current earnings in 1997. Solvay is a leading peroxygen producer and the world's number three caustic soda maker so negative impact likely to be greater than for other chemical companies. Recommendation:</p>
<p>REDUCE (share to underperform Bel-20 in next year) (*) Date of research report: 30/06/97 Analyst: Juergen Fryges</p>
<p> Estimates:   EPS	  pvs est   P/E     Net Dividend</p>
<p> 1997	   1,344 BFR   n/a	15.8    550 BFR</p>
<p> 1998	   1,576 BFR   n/a	13.5    600 BFR</p>
<p>-- Brussels Newsroom +32 2 287 6810, Fax +32 2 230 7710</p>
</text>
<copyright>(c) Reuters Limited 1997</copyright>
<metadata>
<codes class="bip:countries:1.0">
  <code code="BELG">
    <editdetail attribution="Reuters BIP Coding Group" action="confirmed" date="1997-07-03"/>
  </code>
</codes>
<codes class="bip:industries:1.0">
  <code code="I25000">
    <editdetail attribution="Reuters BIP Coding Group" action="confirmed" date="1997-07-03"/>
  </code>
</codes>
<codes class="bip:topics:1.0">
  <code code="C15">
    <editdetail attribution="Reuters BIP Coding Group" action="confirmed" date="1997-07-03"/>
  </code>
  <code code="C152">
    <editdetail attribution="Reuters BIP Coding Group" action="confirmed" date="1997-07-03"/>
  </code>
  <code code="CCAT">
    <editdetail attribution="Reuters BIP Coding Group" action="confirmed" date="1997-07-03"/>
  </code>
</codes>
<dc element="dc.date.created" value="1997-07-03"/>
<dc element="dc.publisher" value="Reuters Holdings Plc"/>
<dc element="dc.date.published" value="1997-07-03"/>
<dc element="dc.source" value="Reuters"/>
<dc element="dc.creator.location" value="BRUSSELS"/>
<dc element="dc.creator.location.country.name" value="BELGIUM"/>
<dc element="dc.source" value="Reuters"/>
</metadata>
</newsitem>
