<?xml version="1.0" encoding="iso-8859-1" ?>
<newsitem itemid="317968" id="root" date="1997-01-20" xml:lang="en">
<title>USA: Misonix gets $3.3 mln order for aspirator.</title>
<headline>Misonix gets $3.3 mln order for aspirator.</headline>
<dateline>FARMINGDALE, N.Y. 1997-01-20</dateline>
<text>
<p>Misonix Inc said it received a $3.3 million order for its Ultrasonic Soft Tissue Aspirator from Medical Device Alliance.</p>
<p>Misonix said the order is its largest order to date for the aspirator.</p>
<p>Chief Financial Officer Peter Gerstheimer said the gross profit on the order will be in the 65 percent to 70 percent range.</p>
<p>The company is scheduled to ship the order in the last quarter of its fiscal year, he said.</p>
</text>
<copyright>(c) Reuters Limited 1997</copyright>
<metadata>
<codes class="bip:countries:1.0">
  <code code="USA">
    <editdetail attribution="Reuters BIP Coding Group" action="confirmed" date="1997-01-20"/>
  </code>
</codes>
<codes class="bip:industries:1.0">
  <code code="I34420">
    <editdetail attribution="Reuters BIP Coding Group" action="confirmed" date="1997-01-20"/>
  </code>
</codes>
<codes class="bip:topics:1.0">
  <code code="C33">
    <editdetail attribution="Reuters BIP Coding Group" action="confirmed" date="1997-01-20"/>
  </code>
  <code code="CCAT">
    <editdetail attribution="Reuters BIP Coding Group" action="confirmed" date="1997-01-20"/>
  </code>
</codes>
<dc element="dc.date.created" value="1997-01-20"/>
<dc element="dc.publisher" value="Reuters Holdings Plc"/>
<dc element="dc.date.published" value="1997-01-20"/>
<dc element="dc.source" value="Reuters"/>
<dc element="dc.creator.location" value="FARMINGDALE, N.Y."/>
<dc element="dc.creator.location.country.name" value="USA"/>
<dc element="dc.source" value="Reuters"/>
</metadata>
</newsitem>
