<?xml version="1.0" encoding="iso-8859-1" ?>
<newsitem itemid="70016" id="root" date="1996-09-23" xml:lang="en">
<title>BOTSWANA: China to rehabilitate Botswana Railways main track.</title>
<headline>China to rehabilitate Botswana Railways main track.</headline>
<dateline>GABORONE 1996-09-23</dateline>
<text>
<p>China is to rehabilitate 214 km of Botswana Railways' (BR) mainline track at a cost of 76 million pula, BR marketing manager Kagiso Mogobe said on Monday.</p>
<p>This latest project follows the rehabilitation of 391 km of BR track by the Chinese last year.</p>
<p>The money will be loaned to Botswana by the Chinese government, repayable over 10 years after a five year grace period at an interest rate of 4 percent per annum.</p>
<p>BR general manager Amrithalingam Ramji headed a delegation to Beijing last week to sign the deal.</p>
<p>Of the 76 million pula, 70 percent must be spent in China.</p>
<p>An agreement was signed to purchase rails from China and to pay for five Chinese technicians who will oversee the three-year project.</p>
<p>The remainder of the budget will be used for local and regional purchases of sleepers, ballast and fastenings.</p>
<p>-- Barry Baxter, Gaborone newsroom +267 347182</p>
</text>
<copyright>(c) Reuters Limited 1996</copyright>
<metadata>
<codes class="bip:countries:1.0">
  <code code="BOTS">
    <editdetail attribution="Reuters BIP Coding Group" action="confirmed" date="1996-09-23"/>
  </code>
  <code code="CHINA">
    <editdetail attribution="Reuters BIP Coding Group" action="confirmed" date="1996-09-23"/>
  </code>
</codes>
<codes class="bip:industries:1.0">
  <code code="I71000">
    <editdetail attribution="Reuters BIP Coding Group" action="confirmed" date="1996-09-23"/>
  </code>
</codes>
<codes class="bip:topics:1.0">
  <code code="C24">
    <editdetail attribution="Reuters BIP Coding Group" action="confirmed" date="1996-09-23"/>
  </code>
  <code code="CCAT">
    <editdetail attribution="Reuters BIP Coding Group" action="confirmed" date="1996-09-23"/>
  </code>
</codes>
<dc element="dc.date.created" value="1996-09-23"/>
<dc element="dc.publisher" value="Reuters Holdings Plc"/>
<dc element="dc.date.published" value="1996-09-23"/>
<dc element="dc.source" value="Reuters"/>
<dc element="dc.creator.location" value="GABORONE"/>
<dc element="dc.creator.location.country.name" value="BOTSWANA"/>
<dc element="dc.source" value="Reuters"/>
</metadata>
</newsitem>
