<?xml version="1.0" encoding="iso-8859-1" ?>
<newsitem itemid="649850" id="root" date="1997-06-10" xml:lang="en">
<title>MALAYSIA: Unza Holdings year net profit up 11 pct.</title>
<headline>Unza Holdings year net profit up 11 pct.</headline>
<dateline>KUALA LUMPUR 1997-06-10</dateline>
<text>
<p>Year ended April 30, 1997</p>
<p>			    (in million ringgit unless stated)</p>
<p>    Net profit		   9.43	   vs	  8.50</p>
<p>    Group shr (cents)	 64.0	    vs	 57.0</p>
<p>    Pre-tax profit	    13.02	   vs	 11.51</p>
<p>    Turnover		   121.30	   vs	112.30</p>
<p>    Dividend (percent)	28.0	    vs	 18.0</p>
<p>NOTE - Unza Holdings Bhd is involved in personal care and household products.</p>
<p>-- Kuala Lumpur newsroom (603 201 4813)</p>
</text>
<copyright>(c) Reuters Limited 1997</copyright>
<metadata>
<codes class="bip:countries:1.0">
  <code code="MALAY">
    <editdetail attribution="Reuters BIP Coding Group" action="confirmed" date="1997-06-10"/>
  </code>
</codes>
<codes class="bip:industries:1.0">
  <code code="I25800">
    <editdetail attribution="Reuters BIP Coding Group" action="confirmed" date="1997-06-10"/>
  </code>
</codes>
<codes class="bip:topics:1.0">
  <code code="C15">
    <editdetail attribution="Reuters BIP Coding Group" action="confirmed" date="1997-06-10"/>
  </code>
  <code code="C151">
    <editdetail attribution="Reuters BIP Coding Group" action="confirmed" date="1997-06-10"/>
  </code>
  <code code="C1511">
    <editdetail attribution="Reuters BIP Coding Group" action="confirmed" date="1997-06-10"/>
  </code>
  <code code="CCAT">
    <editdetail attribution="Reuters BIP Coding Group" action="confirmed" date="1997-06-10"/>
  </code>
</codes>
<dc element="dc.date.created" value="1997-06-10"/>
<dc element="dc.publisher" value="Reuters Holdings Plc"/>
<dc element="dc.date.published" value="1997-06-10"/>
<dc element="dc.source" value="Reuters"/>
<dc element="dc.creator.location" value="KUALA LUMPUR"/>
<dc element="dc.creator.location.country.name" value="MALAYSIA"/>
<dc element="dc.source" value="Reuters"/>
</metadata>
</newsitem>
