<?xml version="1.0" encoding="iso-8859-1" ?>
<newsitem itemid="546327" id="root" date="1997-04-29" xml:lang="en">
<title>ZAMBIA: PRESS DIGEST - Zambia - April 29.</title>
<headline>PRESS DIGEST - Zambia - April 29.</headline>
<dateline>LUSAKA 1997-04-29</dateline>
<text>
<p>These are the leading stories in Zambia's newspapers on Tuesday. Reuters has not verified these stories and does not vouch for their accuracy.</p>
<p>- - - -</p>
<p>TIMES OF ZAMBIA</p>
<p>- Economic Commission for Africa (ECA) secretary general Kingsley Amoako says the Common Market for Eastern and Southern Africa (Comesa) needs South Africa to join it if it is to survive global competition.</p>
<p>- Some 400 striking workers at Copperbelt University defy a government directive that they resume work, saying they will persist with their action until their demand for more pay is met.</p>
<p>- The Supreme Court upholds the indemnity of a witness in an electoral petition who claims to have voted twice in general elections held last November.</p>
<p>- - - -</p>
<p>ZAMBIA DAILY MAIL</p>
<p>-  Two people die and 18 others are hospitalised after taking a traditional drink suspected to have been made with poisonous roots.</p>
<p>- The government blacklists several timber dealers over illegal exports.</p>
<p>- - - -</p>
<p>THE POST</p>
<p>- The Zambian kwacha is expected to fall by 15 percent against the US dollar this year.</p>
<p>-- Lusaka newsroom +2601 222 689 --</p>
</text>
<copyright>(c) Reuters Limited 1997</copyright>
<metadata>
<codes class="bip:countries:1.0">
  <code code="ZAMBIA">
    <editdetail attribution="Reuters BIP Coding Group" action="confirmed" date="1997-04-29"/>
  </code>
</codes>
<codes class="bip:topics:1.0">
  <code code="GCAT">
    <editdetail attribution="Reuters BIP Coding Group" action="confirmed" date="1997-04-29"/>
  </code>
</codes>
<dc element="dc.date.created" value="1997-04-29"/>
<dc element="dc.publisher" value="Reuters Holdings Plc"/>
<dc element="dc.date.published" value="1997-04-29"/>
<dc element="dc.source" value="Reuters"/>
<dc element="dc.creator.location" value="LUSAKA"/>
<dc element="dc.creator.location.country.name" value="ZAMBIA"/>
<dc element="dc.source" value="Reuters"/>
</metadata>
</newsitem>
