<?xml version="1.0" encoding="iso-8859-1" ?>
<newsitem itemid="767675" id="root" date="1997-07-30" xml:lang="en">
<title>JAPAN: Prosecutors say Yamaichi Sec suspected of payoff.</title>
<headline>Prosecutors say Yamaichi Sec suspected of payoff.</headline>
<dateline>TOKYO 1997-07-30</dateline>
<text>
<p>Tokyo prosecutors said on Wednesday they suspected Yamaichi Securities Co Ltd paid 79 million yen to a &quot;sokaiya&quot; corporate racketeer.</p>
<p>They told a news conference that 200 investigators, including 50 from the securities watchdog, the Securities and Exchange Surveillance Commission, were raiding 10 offices of Yamaichi on Wednesday.</p>
<p>A Yamaichi spokesman said about 100 investigators went into its headquarters around 9 a.m. (0000 GMT).  </p>
<p>&quot;About 100 people came, and we think that it is a joint team of prosecutors and the SESC (Securities and Exchange Surveillance Commission),&quot; the spokesman said without elaborating.</p>
</text>
<copyright>(c) Reuters Limited 1997</copyright>
<metadata>
<codes class="bip:countries:1.0">
  <code code="JAP">
    <editdetail attribution="Reuters BIP Coding Group" action="confirmed" date="1997-07-30"/>
  </code>
</codes>
<codes class="bip:industries:1.0">
  <code code="I83100">
    <editdetail attribution="Reuters BIP Coding Group" action="confirmed" date="1997-07-30"/>
  </code>
</codes>
<codes class="bip:topics:1.0">
  <code code="C12">
    <editdetail attribution="Reuters BIP Coding Group" action="confirmed" date="1997-07-30"/>
  </code>
  <code code="C13">
    <editdetail attribution="Reuters BIP Coding Group" action="confirmed" date="1997-07-30"/>
  </code>
  <code code="CCAT">
    <editdetail attribution="Reuters BIP Coding Group" action="confirmed" date="1997-07-30"/>
  </code>
  <code code="GCAT">
    <editdetail attribution="Reuters BIP Coding Group" action="confirmed" date="1997-07-30"/>
  </code>
  <code code="GCRIM">
    <editdetail attribution="Reuters BIP Coding Group" action="confirmed" date="1997-07-30"/>
  </code>
</codes>
<dc element="dc.date.created" value="1997-07-30"/>
<dc element="dc.publisher" value="Reuters Holdings Plc"/>
<dc element="dc.date.published" value="1997-07-30"/>
<dc element="dc.source" value="Reuters"/>
<dc element="dc.creator.location" value="TOKYO"/>
<dc element="dc.creator.location.country.name" value="JAPAN"/>
<dc element="dc.source" value="Reuters"/>
</metadata>
</newsitem>
