<?xml version="1.0" encoding="iso-8859-1" ?>
<newsitem itemid="80784" id="root" date="1996-09-27" xml:lang="en">
<title>USA: PremiumWear says will not sell business.</title>
<headline>PremiumWear says will not sell business.</headline>
<dateline>MINNEAPOLIS 1996-09-27</dateline>
<text>
<p>PremiumWear Inc said Friday it is no longer attempting to sell its Premium/Special Markets business and will instead operate the business.</p>
<p>&quot;In light of the growth of the Premium/Special Markets business the board feels the best way to improve shareholder value is through the continued operation of the company's business, which we intend to pursue vigorously,&quot; said Thomas Gleason, Chairman and Chief Executive of PremiumWear.  </p>
<p>As previously reported, the company sold its trademarks to Supreme International Corp.  Proceeds will be used in part to fund the Premium/Special Markets business, which it said grew from nearly $16 million in sales in 1995 to an estimated $28 million in 1996.</p>
<p>As part of the sale to Supreme, PremiumWear changed its name from Munsingwear Inc.  PremiumWear markets Munsingwear-brand knit shirts and other apparel items under license from Supreme.</p>
<p>--Chicago newsdesk, 312-408-8787</p>
</text>
<copyright>(c) Reuters Limited 1996</copyright>
<metadata>
<codes class="bip:countries:1.0">
  <code code="USA">
    <editdetail attribution="Reuters BIP Coding Group" action="confirmed" date="1996-09-27"/>
  </code>
</codes>
<codes class="bip:industries:1.0">
  <code code="I45300">
    <editdetail attribution="Reuters BIP Coding Group" action="confirmed" date="1996-09-27"/>
  </code>
</codes>
<codes class="bip:topics:1.0">
  <code code="C11">
    <editdetail attribution="Reuters BIP Coding Group" action="confirmed" date="1996-09-27"/>
  </code>
  <code code="C18">
    <editdetail attribution="Reuters BIP Coding Group" action="confirmed" date="1996-09-27"/>
  </code>
  <code code="C182">
    <editdetail attribution="Reuters BIP Coding Group" action="confirmed" date="1996-09-27"/>
  </code>
  <code code="CCAT">
    <editdetail attribution="Reuters BIP Coding Group" action="confirmed" date="1996-09-27"/>
  </code>
</codes>
<dc element="dc.date.created" value="1996-09-27"/>
<dc element="dc.publisher" value="Reuters Holdings Plc"/>
<dc element="dc.date.published" value="1996-09-27"/>
<dc element="dc.source" value="Reuters"/>
<dc element="dc.creator.location" value="MINNEAPOLIS"/>
<dc element="dc.creator.location.country.name" value="USA"/>
<dc element="dc.source" value="Reuters"/>
</metadata>
</newsitem>
