<?xml version="1.0" encoding="iso-8859-1" ?>
<newsitem itemid="713705" id="root" date="1997-07-08" xml:lang="en">
<title>INDIA: India floating rate note (FRN) rates - July 8.</title>
<headline>India floating rate note (FRN) rates - July 8.</headline>
<text>
<p>-------------------FLOATING RATE NOTES-----------------</p>
<p>Issuer  Size  Coupon Maturity    ISMA price  Lead     LIBOR</p>
<p>	(million $) percent		 (in dollars)  manager  spread</p>
<p>SPIC   120.00 8.46 19/01/2003   100.25/75    CHASE LI$-6M+2.5</p>
<p>ESSAR</p>
<p>GUJ    250.00 8.34  15/07/1999   97.63/63    CM    LI$-6M+2.65</p>
<p>ICICI  100.00 6.67  26/03/2007  ---------    CTB   LI$-6M+0.8</p>
<p>SCI    150.00 6.78  10/10/2002   99.99/34    MRL   LI$-6M+0.8</p>
<p>IDBI   250.00 6.53  26/09/2002   99.99/29    CSF   LI$-6M+0.75</p>
<p>IDBI   150.00 6.60  28/04/2004  ---------    MRL   LI$-6M+0.6</p>
<p>IFCI   100.00 6.48  15/08/2002   99.88/38    PAB   LI$-6M+0.875</p>
<p>IRFC    70.00 7.02  29/03/2003  101.33/83    AZG   LI$-6M+1.15</p>
<p>GE	50.00 7.41  30/10/2003  ---------    ANZ   LI$-6M+1.35</p>
<p>Shiping Co</p>
<p>CESC   100.00 7.50  06/05/2007   99.50	 AUZ   LI$-6M+1.35</p>
<p>			   STRAIGHT</p>
<p>SCICI  150.00 8.00  30/07/2001  101.75/13    SBC W</p>
<p>ICICI  150.00 7.12  07/02/2003   97.75/9.00  JPM</p>
<p>IDBI    N.A.  5.70  13/10/1999    108.10     DAT</p>
<p>ONGC   250.00 9.50  11/07/1997    100.00     COM</p>
<p>ONGC    N.A.  8.50  04/12/2000    119.50     NIK</p>
<p>ONGC    N.A.  5.90  24/08/1998    104.50     --</p>
<p>ONGC   150.00 5.37  14/04/1998    102.60     CS</p>
<p>RIL    150.0  8.12  27/09/2005  102.00/63    CM</p>
<p>Note: The issuers are Southern Petrochemical Industries Corporation (SPIC), SCICI (SCICI Ltd), Oil and Natural Gas Coporation (ONGC) and Industrial Development Bank of India (IDBI).</p>
<p>The prices are compiled from ISMA closing prices.</p>
</text>
<copyright>(c) Reuters Limited 1997</copyright>
<metadata>
<codes class="bip:countries:1.0">
  <code code="INDIA">
    <editdetail attribution="Reuters BIP Coding Group" action="confirmed" date="1997-07-08"/>
  </code>
</codes>
<codes class="bip:topics:1.0">
  <code code="M12">
    <editdetail attribution="Reuters BIP Coding Group" action="confirmed" date="1997-07-08"/>
  </code>
  <code code="MCAT">
    <editdetail attribution="Reuters BIP Coding Group" action="confirmed" date="1997-07-08"/>
  </code>
</codes>
<dc element="dc.publisher" value="Reuters Holdings Plc"/>
<dc element="dc.date.published" value="1997-07-08"/>
<dc element="dc.source" value="Reuters"/>
<dc element="dc.creator.location.country.name" value="INDIA"/>
<dc element="dc.source" value="Reuters"/>
</metadata>
</newsitem>
