<?xml version="1.0" encoding="iso-8859-1" ?>
<newsitem itemid="250460" id="root" date="1996-12-11" xml:lang="en">
<title>FRANCE: No EU grain panel meetings on Dec 26, Jan 2 - ONIC.</title>
<headline>No EU grain panel meetings on Dec 26, Jan 2 - ONIC.</headline>
<dateline>PARIS 1996-12-11</dateline>
<text>
<p>The European Union will not hold weekly meetings of its grain panel on Thursday December 26 or Thursday January 2, France's grain office ONIC said.</p>
<p>The EU's grain panel, which adjudicates grain exports each week, will meet as usual on Thursday December 12 and Thursday December 19.</p>
<p>-- Paris newsroom +331 4221 5432</p>
</text>
<copyright>(c) Reuters Limited 1996</copyright>
<metadata>
<codes class="bip:countries:1.0">
  <code code="EEC">
    <editdetail attribution="Reuters BIP Coding Group" action="confirmed" date="1996-12-11"/>
  </code>
  <code code="FRA">
    <editdetail attribution="Reuters BIP Coding Group" action="confirmed" date="1996-12-11"/>
  </code>
</codes>
<codes class="bip:topics:1.0">
  <code code="M14">
    <editdetail attribution="Reuters BIP Coding Group" action="confirmed" date="1996-12-11"/>
  </code>
  <code code="M141">
    <editdetail attribution="Reuters BIP Coding Group" action="confirmed" date="1996-12-11"/>
  </code>
  <code code="MCAT">
    <editdetail attribution="Reuters BIP Coding Group" action="confirmed" date="1996-12-11"/>
  </code>
</codes>
<dc element="dc.date.created" value="1996-12-11"/>
<dc element="dc.publisher" value="Reuters Holdings Plc"/>
<dc element="dc.date.published" value="1996-12-11"/>
<dc element="dc.source" value="Reuters"/>
<dc element="dc.creator.location" value="PARIS"/>
<dc element="dc.creator.location.country.name" value="FRANCE"/>
<dc element="dc.source" value="Reuters"/>
</metadata>
</newsitem>
