<?xml version="1.0" encoding="iso-8859-1" ?>
<newsitem itemid="455982" id="root" date="1997-03-20" xml:lang="en">
<title>ECUADOR: Ecuador's 1996 financial sector earnings down.</title>
<headline>Ecuador's 1996 financial sector earnings down.</headline>
<dateline>QUITO 1997-03-20</dateline>
<text>
<p>Ecuador's banking and financial sector reported earnings of 142.7 billion sucres in 1996, down 61.1 percent from the 367.7 billion sucres in 1995, the Banks and Financial Institutions Superintendency said Thursday.</p>
<p>Deposits reached 16.1 billion sucres while total assets were 4.07 billion sucres. No comparative figures were available.</p>
<p>The results were from 44 banks which operate in Ecuador.</p>
<p>The following are the net earnings of the top 5 banks in 1996.</p>
<p>				    1996		   1995</p>
<p>    Banco de Pichincha	83.06		   n/a</p>
<p>    Banco de Progreso	 80.79		   n/a</p>
<p>    Banco Popular	     44.29		   n/a</p>
<p>    Banco del Pacifico	34.39		   n/a</p>
<p>    Banco Produbanco	  33.40		   n/a</p>
<p>NOTE: All figures are in millions of sucres. The 1996 figures are in sucre terms from that year. Exchange rate in 1996 closed at 3.635 sucres.</p>
<p>((--Gustavo Oviedo, Quito Newsroom, 5932 258429))</p>
</text>
<copyright>(c) Reuters Limited 1997</copyright>
<metadata>
<codes class="bip:countries:1.0">
  <code code="ECU">
    <editdetail attribution="Reuters BIP Coding Group" action="confirmed" date="1997-03-20"/>
  </code>
</codes>
<codes class="bip:industries:1.0">
  <code code="I81402">
    <editdetail attribution="Reuters BIP Coding Group" action="confirmed" date="1997-03-20"/>
  </code>
  <code code="I83100">
    <editdetail attribution="Reuters BIP Coding Group" action="confirmed" date="1997-03-20"/>
  </code>
</codes>
<codes class="bip:topics:1.0">
  <code code="C15">
    <editdetail attribution="Reuters BIP Coding Group" action="confirmed" date="1997-03-20"/>
  </code>
  <code code="C151">
    <editdetail attribution="Reuters BIP Coding Group" action="confirmed" date="1997-03-20"/>
  </code>
  <code code="C1511">
    <editdetail attribution="Reuters BIP Coding Group" action="confirmed" date="1997-03-20"/>
  </code>
  <code code="CCAT">
    <editdetail attribution="Reuters BIP Coding Group" action="confirmed" date="1997-03-20"/>
  </code>
</codes>
<dc element="dc.date.created" value="1997-03-20"/>
<dc element="dc.publisher" value="Reuters Holdings Plc"/>
<dc element="dc.date.published" value="1997-03-20"/>
<dc element="dc.source" value="Reuters"/>
<dc element="dc.creator.location" value="QUITO"/>
<dc element="dc.creator.location.country.name" value="ECUADOR"/>
<dc element="dc.source" value="Reuters"/>
</metadata>
</newsitem>
