<?xml version="1.0" encoding="iso-8859-1" ?>
<newsitem itemid="580089" id="root" date="1997-05-13" xml:lang="en">
<title>UK: PRESS DIGEST - Evening Standard - May 13.</title>
<headline>PRESS DIGEST - Evening Standard - May 13.</headline>
<text>
<p>Prepared for Reuters by The Broadcast Monitoring Company</p>
<p>--</p>
<p>'A DISASTER WAITING TO HAPPEN'</p>
<p>Safety in the channel tunnel was condemned by Fire chiefs today, who called for new measures to protect passengers. Their demands include the separation of car drivers and passengers from their vehicles aboard Le Shuttle and the removal of all lattice-sided freight wagons.</p>
<p>--</p>
<p>SIB ACTS TO CLEAR PENSIONS BLOCKAGE</p>
<p>In order to help clear up the pensions mis-selling fiasco, the Securities and Investments Board has set out guidelines on how compensation payments can be made. The main thrust of the SIB initiative is to set out the conditions firms must comply by if they are to pay individual compensation packages into personal pension schemes.</p>
<p>--</p>
<p>WINDFALL TAX 'WILL HIT CUSTOMERS'</p>
<p>The Consumers' Association in a hardhitting internal document argues that the government's proposed new windfall tax could increase the risk that consumers do not get value for money and possibly throw out much needed reform of utility industry regulation.</p>
<p>--</p>
<p>PRINCE SNAPS UP 25 MLN STAKE IN CORDIANT</p>
<p>Saudi Prince Alwaleed Bin Talal has just bought a 3 percent share in troubled advertising group Cordiant. He has just spent 25mn stg buying the shares on the open market.</p>
<p>-- BMC +44 171 377 1742</p>
</text>
<copyright>(c) Reuters Limited 1997</copyright>
<metadata>
<codes class="bip:countries:1.0">
  <code code="UK">
    <editdetail attribution="Reuters BIP Coding Group" action="confirmed" date="1997-05-13"/>
  </code>
</codes>
<codes class="bip:topics:1.0">
  <code code="GCAT">
    <editdetail attribution="Reuters BIP Coding Group" action="confirmed" date="1997-05-13"/>
  </code>
</codes>
<dc element="dc.publisher" value="Reuters Holdings Plc"/>
<dc element="dc.date.published" value="1997-05-13"/>
<dc element="dc.source" value="Reuters"/>
<dc element="dc.creator.location.country.name" value="UK"/>
<dc element="dc.source" value="Reuters"/>
</metadata>
</newsitem>
