<?xml version="1.0" encoding="iso-8859-1" ?>
<newsitem itemid="167042" id="root" date="1996-11-05" xml:lang="en">
<title>INDIA: India rice procurement at 3.54 mln tonnes.</title>
<headline>India rice procurement at 3.54 mln tonnes.</headline>
<dateline>NEW DELHI 1996-11-05</dateline>
<text>
<p>India's state-owned foodgrains procurement agency and state governments procured 3.54 million tonnes of rice to November 4, up from 3.39 million tonnes in the same 1995 period, a food ministry statement said on Tuesday.</p>
<p>The statement quoted Food and Civil Supplies Minister Devendra Prasad Yadav as saying rice procurement by government this season will be substantial due to good monsoon rains.</p>
<p>India had a rice buffer stock of 9.3 million tonnes against a buffer requirement of 6.0 million tonnes on October 1, the statement said.</p>
<p>It said the wheat buffer stock in the same period was 10.4 million tonnes, below the requirement of 10.6 million tonnes.</p>
</text>
<copyright>(c) Reuters Limited 1996</copyright>
<metadata>
<codes class="bip:countries:1.0">
  <code code="INDIA">
    <editdetail attribution="Reuters BIP Coding Group" action="confirmed" date="1996-11-05"/>
  </code>
</codes>
<codes class="bip:industries:1.0">
  <code code="I01001">
    <editdetail attribution="Reuters BIP Coding Group" action="confirmed" date="1996-11-05"/>
  </code>
  <code code="I0100132">
    <editdetail attribution="Reuters BIP Coding Group" action="confirmed" date="1996-11-05"/>
  </code>
</codes>
<codes class="bip:topics:1.0">
  <code code="C31">
    <editdetail attribution="Reuters BIP Coding Group" action="confirmed" date="1996-11-05"/>
  </code>
  <code code="C311">
    <editdetail attribution="Reuters BIP Coding Group" action="confirmed" date="1996-11-05"/>
  </code>
  <code code="CCAT">
    <editdetail attribution="Reuters BIP Coding Group" action="confirmed" date="1996-11-05"/>
  </code>
  <code code="M14">
    <editdetail attribution="Reuters BIP Coding Group" action="confirmed" date="1996-11-05"/>
  </code>
  <code code="M141">
    <editdetail attribution="Reuters BIP Coding Group" action="confirmed" date="1996-11-05"/>
  </code>
  <code code="MCAT">
    <editdetail attribution="Reuters BIP Coding Group" action="confirmed" date="1996-11-05"/>
  </code>
</codes>
<dc element="dc.date.created" value="1996-11-05"/>
<dc element="dc.publisher" value="Reuters Holdings Plc"/>
<dc element="dc.date.published" value="1996-11-05"/>
<dc element="dc.source" value="Reuters"/>
<dc element="dc.creator.location" value="NEW DELHI"/>
<dc element="dc.creator.location.country.name" value="INDIA"/>
<dc element="dc.source" value="Reuters"/>
</metadata>
</newsitem>
