<?xml version="1.0" encoding="iso-8859-1" ?>
<newsitem itemid="607457" id="root" date="1997-05-22" xml:lang="en">
<title>JAPAN: Hitachi Kiden Kogyo -96/97 parent results.</title>
<headline>Hitachi Kiden Kogyo -96/97 parent results.</headline>
<dateline>TOKYO 1997-05-22</dateline>
<text>
<p>Year to March 31, 1997</p>
<p> (Parent)	(in billions of yen unless specified)</p>
<p> Sales		 26.74		vs	   30.13</p>
<p> Operating	    1.07		vs	  865    million</p>
<p> Current		1.16		vs	  942    million</p>
<p> Net		  492    million	  vs	  453    million</p>
<p> EPS		   22.64 yen	  vs	   22.50 yen</p>
<p> Diluted EPS	 21.07 yen	  vs	   21.08 yen</p>
<p> Shares	     23 million	  vs	  22 million</p>
<p> Ord div		7.50 yen	  vs	    7.50 yen</p>
<p> -Commem div	  1.50 yen	  vs		 -</p>
<p>NOTE - Hitachi Kiden Kogyo Ltd is a crane and disposal treatment system maker affiliated with Hitachi.</p>
</text>
<copyright>(c) Reuters Limited 1997</copyright>
<metadata>
<codes class="bip:countries:1.0">
  <code code="JAP">
    <editdetail attribution="Reuters BIP Coding Group" action="confirmed" date="1997-05-22"/>
  </code>
</codes>
<codes class="bip:industries:1.0">
  <code code="I32550">
    <editdetail attribution="Reuters BIP Coding Group" action="confirmed" date="1997-05-22"/>
  </code>
</codes>
<codes class="bip:topics:1.0">
  <code code="C15">
    <editdetail attribution="Reuters BIP Coding Group" action="confirmed" date="1997-05-22"/>
  </code>
  <code code="C151">
    <editdetail attribution="Reuters BIP Coding Group" action="confirmed" date="1997-05-22"/>
  </code>
  <code code="C1511">
    <editdetail attribution="Reuters BIP Coding Group" action="confirmed" date="1997-05-22"/>
  </code>
  <code code="CCAT">
    <editdetail attribution="Reuters BIP Coding Group" action="confirmed" date="1997-05-22"/>
  </code>
</codes>
<dc element="dc.date.created" value="1997-05-22"/>
<dc element="dc.publisher" value="Reuters Holdings Plc"/>
<dc element="dc.date.published" value="1997-05-22"/>
<dc element="dc.source" value="Reuters"/>
<dc element="dc.creator.location" value="TOKYO"/>
<dc element="dc.creator.location.country.name" value="JAPAN"/>
<dc element="dc.source" value="Reuters"/>
</metadata>
</newsitem>
