<?xml version="1.0" encoding="iso-8859-1" ?>
<newsitem itemid="396065" id="root" date="1997-02-22" xml:lang="en">
<title>TAIWAN: TENNIS-TAIWAN LEADS SINGAPORE 3-0 IN DAVIS CUP TIE.</title>
<headline>TENNIS-TAIWAN LEADS SINGAPORE 3-0 IN DAVIS CUP TIE.</headline>
<dateline>TAIPEI 1997-02-22</dateline>
<text>
<p>Taiwan took an unbeatable 3-0 lead over Singapore in their Davis Cup tennis Asia/Oceania Zone group 2 tie after winning the doubles on Saturday.</p>
<p>Result: Lien Yu-hui/Chiang Jinn-yen beat Ho Kuen Yiep/Kho Tung Yi 6-2 6-3 6-2.</p>
<p>Reverse singles to be played on Sunday.</p>
</text>
<copyright>(c) Reuters Limited 1997</copyright>
<metadata>
<codes class="bip:countries:1.0">
  <code code="SINGP">
    <editdetail attribution="Reuters BIP Coding Group" action="confirmed" date="1997-02-22"/>
  </code>
  <code code="TAIWAN">
    <editdetail attribution="Reuters BIP Coding Group" action="confirmed" date="1997-02-22"/>
  </code>
</codes>
<codes class="bip:topics:1.0">
  <code code="GCAT">
    <editdetail attribution="Reuters BIP Coding Group" action="confirmed" date="1997-02-22"/>
  </code>
  <code code="GSPO">
    <editdetail attribution="Reuters BIP Coding Group" action="confirmed" date="1997-02-22"/>
  </code>
</codes>
<dc element="dc.date.created" value="1997-02-22"/>
<dc element="dc.publisher" value="Reuters Holdings Plc"/>
<dc element="dc.date.published" value="1997-02-22"/>
<dc element="dc.source" value="Reuters"/>
<dc element="dc.creator.location" value="TAIPEI"/>
<dc element="dc.creator.location.country.name" value="TAIWAN"/>
<dc element="dc.source" value="Reuters"/>
</metadata>
</newsitem>
