<?xml version="1.0" encoding="iso-8859-1" ?>
<newsitem itemid="248543" id="root" date="1996-12-11" xml:lang="en">
<title>POLAND: POLISH LOT SELL-OFF DEADLINE EXTENDED TO 1998.</title>
<headline>POLISH LOT SELL-OFF DEADLINE EXTENDED TO 1998.</headline>
<dateline>WARSAW 1996-12-11</dateline>
<text>
<p>The Polish government on Wednesday moved a deadline for a partial sale of the national air carrier LOT SA to June 30, 1998 from December 31 this year, the government press office said in a statement.</p>
<p>&quot;The deadline for the privatisation of this company cannot be met because of complexity of the privatisation procedure and a need to secure means to cover costs of the privatisation, analses and evaluations,&quot; it said.</p>
<p>Earlier this year, the transportation ministry annuled a tender for LOT's privatisation adviser, saying bidders had asked to be paid to high fees.</p>
<p>The government has earlier said it wants to partially sell LOT next year.</p>
<p>Under a special bill on LOT's privatisation, the government can sell up to 49 percent of shares in LOT. The company has said it would prefer several passive investors and not a single strategic one.</p>
<p>-- Marcin Grajewski +48 22 653 9700</p>
</text>
<copyright>(c) Reuters Limited 1996</copyright>
<metadata>
<codes class="bip:countries:1.0">
  <code code="POL">
    <editdetail attribution="Reuters BIP Coding Group" action="confirmed" date="1996-12-11"/>
  </code>
</codes>
<codes class="bip:industries:1.0">
  <code code="I75000">
    <editdetail attribution="Reuters BIP Coding Group" action="confirmed" date="1996-12-11"/>
  </code>
</codes>
<codes class="bip:topics:1.0">
  <code code="C18">
    <editdetail attribution="Reuters BIP Coding Group" action="confirmed" date="1996-12-11"/>
  </code>
  <code code="C183">
    <editdetail attribution="Reuters BIP Coding Group" action="confirmed" date="1996-12-11"/>
  </code>
  <code code="CCAT">
    <editdetail attribution="Reuters BIP Coding Group" action="confirmed" date="1996-12-11"/>
  </code>
</codes>
<dc element="dc.date.created" value="1996-12-11"/>
<dc element="dc.publisher" value="Reuters Holdings Plc"/>
<dc element="dc.date.published" value="1996-12-11"/>
<dc element="dc.source" value="Reuters"/>
<dc element="dc.creator.location" value="WARSAW"/>
<dc element="dc.creator.location.country.name" value="POLAND"/>
<dc element="dc.source" value="Reuters"/>
</metadata>
</newsitem>
