<?xml version="1.0" encoding="iso-8859-1" ?>
<newsitem itemid="213034" id="root" date="1996-11-24" xml:lang="en">
<title>EGYPT: Egyptian all-share index hits historic high.</title>
<headline>Egyptian all-share index hits historic high.</headline>
<dateline>CAIRO 1996-11-24</dateline>
<text>
<p>The Egyptian all-share index hit a historic high of 260.54 points on Sunday, up from 253.94 at the close of trade on Thursday, the Capital Market Authority said.</p>
<p>The previous record was set on October 19, 1994, at 255.05.</p>
<p>Cement shares led the rise, especially Helwan Portland Cement, which rose to 63.99 pounds from 56.50 in turnover of more than seven million pounds ($2.1 million).</p>
<p>The state holding company which retains a majority stake in Helwan Cement said last week it was looking for an anchor investor to buy 10 percent of the company.</p>
<p>Helwan Cement increased net profits in the financial year 1995/96 by 21 percent to 125.52 million pounds ($36.9 million) from 103.61 million in 1994/5.</p>
<p>Total turnover on the Egyptian exchange on Sunday was 35.82 million pounds ($10.5 million), the authority said.</p>
<p>$1=3.40 pounds</p>
<p>-- Jonathan Wright +20 2 578 3290/1</p>
</text>
<copyright>(c) Reuters Limited 1996</copyright>
<metadata>
<codes class="bip:countries:1.0">
  <code code="EGYPT">
    <editdetail attribution="Reuters BIP Coding Group" action="confirmed" date="1996-11-24"/>
  </code>
</codes>
<codes class="bip:topics:1.0">
  <code code="M11">
    <editdetail attribution="Reuters BIP Coding Group" action="confirmed" date="1996-11-24"/>
  </code>
  <code code="MCAT">
    <editdetail attribution="Reuters BIP Coding Group" action="confirmed" date="1996-11-24"/>
  </code>
</codes>
<dc element="dc.date.created" value="1996-11-24"/>
<dc element="dc.publisher" value="Reuters Holdings Plc"/>
<dc element="dc.date.published" value="1996-11-24"/>
<dc element="dc.source" value="Reuters"/>
<dc element="dc.creator.location" value="CAIRO"/>
<dc element="dc.creator.location.country.name" value="EGYPT"/>
<dc element="dc.source" value="Reuters"/>
</metadata>
</newsitem>
