<?xml version="1.0" encoding="iso-8859-1" ?>
<newsitem itemid="13020" id="root" date="1996-08-25" xml:lang="en">
<title>RUSSIA: SOCCER-RUSSIAN PREMIER DIVISION RESULTS/STANDINGS.</title>
<headline>SOCCER-RUSSIAN PREMIER DIVISION RESULTS/STANDINGS.</headline>
<dateline>MOSCOW 1996-08-25</dateline>
<text>
<p>Results of Russian premier league</p>
<p>matches played on Saturday:</p>
<p> Alaniya Vladikavkaz	  3   Zhemchuzhina Sochi	   1</p>
<p> Baltika Kaliningrad	  2   Zenit St Petersburg	  0</p>
<p> Chernomorets Novorossiisk  2   Rostselmash Rostov	   1</p>
<p> Lokomotiv Moscow	     2   Torpedo Moscow		 1</p>
<p> Rotor Volgograd		0   Dynamo Moscow		  1</p>
<p> CSKA Moscow		    4   Kamaz Naberezhnye Chelny   2</p>
<p> Lada Togliatti		 1   Spartak Moscow		 1</p>
<p> Tekstilshik Kamyshin	 2   Krylya Sovetov Samara	1</p>
<p> Lokomotiv Nizhny Novgorod  2   Uralmash Yekaterinburg     2</p>
<p>Standings (tabulate under games played, won, drawn, lost,</p>
<p>goals for, goals against, points).</p>
<p>Note - if more than one team has the same number of points,</p>
<p>precedence is given to the one with most wins. If more than one</p>
<p>team has the same number of wins and points, precedence goes to</p>
<p>the side with the most successful record against the others).</p>
<p> Alaniya Vladikavkaz	  24   16   5   3   48  25   53</p>
<p> Dynamo Moscow		  25   15   7   3   43  21   52</p>
<p> Rotor Volgograd		23   15   5   3   42  17   50</p>
<p> Spartak Moscow		 25   14   7   4   48  24   49</p>
<p> CSKA Moscow		    25   13   6   6   40  27   45</p>
<p> Lokomotiv Nizhny Novgorod  25   11   4  10   27  35   37</p>
<p> Lokomotiv Moscow	     25    9   9   7   30  24   36</p>
<p> Baltika Kaliningrad	  25    8  10   7   29  26   34</p>
<p> Torpedo Moscow		 25    8   9   8   31  33   33</p>
<p> Zenit St Petersburg	  24    9   4  11   24  26   31</p>
<p> Krylya Sovetov Samara	25    8   7  10   19  29   31</p>
<p> Zhemchuzhina Sochi	   25    8   4  13   26  38   28</p>
<p> Rostselmash Rostov	   24    7   7  10   42  38   28</p>
<p> Chernomorets Novorossiisk  25    7   5  13   25  38   26</p>
<p> Kamaz Naberezhnye Chelny   24    5   4  15   25  42   19</p>
<p> Lada Togliatti		 24    4   6  14   15  37   18</p>
<p> Tekstilshchik Kamyshin     25    3   9  13   15  30   18</p>
<p> Uralmash Yekaterinburg     24    3   8  13   24  43   16</p>
</text>
<copyright>(c) Reuters Limited 1996</copyright>
<metadata>
<codes class="bip:countries:1.0">
  <code code="RUSS">
    <editdetail attribution="Reuters BIP Coding Group" action="confirmed" date="1996-08-25"/>
  </code>
</codes>
<codes class="bip:topics:1.0">
  <code code="GCAT">
    <editdetail attribution="Reuters BIP Coding Group" action="confirmed" date="1996-08-25"/>
  </code>
  <code code="GSPO">
    <editdetail attribution="Reuters BIP Coding Group" action="confirmed" date="1996-08-25"/>
  </code>
</codes>
<dc element="dc.date.created" value="1996-08-25"/>
<dc element="dc.publisher" value="Reuters Holdings Plc"/>
<dc element="dc.date.published" value="1996-08-25"/>
<dc element="dc.source" value="Reuters"/>
<dc element="dc.creator.location" value="MOSCOW"/>
<dc element="dc.creator.location.country.name" value="RUSSIA"/>
<dc element="dc.source" value="Reuters"/>
</metadata>
</newsitem>
