<?xml version="1.0" encoding="iso-8859-1" ?>
<newsitem itemid="648736" id="root" date="1997-06-09" xml:lang="en">
<title>REPUBLIC OF IRELAND: PRESS DIGEST - Ireland - June 9.</title>
<headline>PRESS DIGEST - Ireland - June 9.</headline>
<dateline>DUBLIN 1997-06-05</dateline>
<text>
<p>The following are the highlights of stories from the Irish press on Friday.</p>
<p>IRISH INDEPENDENT</p>
<p>DUBLIN, June 9 (Reuter) - The following are highlights of stories from the Irish press on Monday:</p>
<p>IRISH INDEPENDENT</p>
<p>- A full recount has been ordered in Dublin South East constituency where Progressive Democrat Michael McDowell and the Green party's John Gormley are battling for the final seat.</p>
<p>- Bertie Ahern is certain to have a clear majorty when the Dail meets to elect him Prime Minister.</p>
<p>- Bertie Ahern may offer the post of house speaker to a member of Fine Gael. If succesful this would instantly strengthen his hand in parliament.</p>
<p>IRISH TIMES</p>
<p>- Fianna Fail leader Bertie Ahern will this week begin the process of forming a minority government with the support of two Independent members of parliament after the weekend election.</p>
<p>- Police belive a body found in the Shannon estuary may be that of JoJo Dullard, the Kilkenny woman whe went missing while hitch-hiking in 1995.</p>
<p>- EU Finance Minsiters are expected to try to reassure markets that their commitment to the euro timetable and strength is unwavering when they meet in Luxembourg today.</p>
<p>-- Dublin Newsroom - 353-1-6613377</p>
</text>
<copyright>(c) Reuters Limited 1997</copyright>
<metadata>
<codes class="bip:countries:1.0">
  <code code="IRE">
    <editdetail attribution="Reuters BIP Coding Group" action="confirmed" date="1997-06-09"/>
  </code>
</codes>
<codes class="bip:topics:1.0">
  <code code="GCAT">
    <editdetail attribution="Reuters BIP Coding Group" action="confirmed" date="1997-06-09"/>
  </code>
</codes>
<dc element="dc.date.created" value="1997-06-05"/>
<dc element="dc.publisher" value="Reuters Holdings Plc"/>
<dc element="dc.date.published" value="1997-06-09"/>
<dc element="dc.source" value="Reuters"/>
<dc element="dc.creator.location" value="DUBLIN"/>
<dc element="dc.creator.location.country.name" value="REPUBLIC OF IRELAND"/>
<dc element="dc.source" value="Reuters"/>
</metadata>
</newsitem>
