<?xml version="1.0" encoding="iso-8859-1" ?>
<newsitem itemid="734164" id="root" date="1997-07-16" xml:lang="en">
<title>AUSTRALIA: Australia Yield Spreads - Renew tightening to U.S.</title>
<headline>Australia Yield Spreads - Renew tightening to U.S.</headline>
<dateline>SYDNEY 1997-07-16</dateline>
<text>
<p>---------------------------------------------------------</p>
<p> AUD VS   3-YR	   10-YR	* AUD 3-YR/10-YR SPREAD</p>
<p> USD	-31 (UNCH)    40 (- 06) * FUTURES   74.5 (- 05.5)</p>
<p> CAD	 82 (UNCH)    64 (- 06) * CASH	93   (- 07)</p>
<p> NZD     -121 (- 12)   -18 (- 10) *</p>
<p>---------------------------------------------------------</p>
<p>The long end of the Australian bond yield curve renewed its spread compression to the U.S. with some analysts still looking at the prospect of parity down the track.  </p>
<p>&quot;Since breaking +65 (basis points) term support and the registering of multi year new lows in this spread...plenty of scope for the AUD curve to move onto parity valuations,&quot; said Peter Pontikis, technical strategist at Westpac in a report.</p>
<p>The Australian/U.S. 10-year spread slid to around 35 basis points last Thursday, its lowest level since the early 1980s, following a weaker than expected employment report.</p>
<p>While it has given up some ground in the past couple of days it was back testing 40 b.p. today, and where clear break would open the way for a move towards a major barrier at 25 b.p.  </p>
<p>The next significant move could occur next week if next week's data confirms the forecast benign outcome for second quarter inflation, along with an expected acceptable level of wages growth.</p>
<p>A technical bounce after the market had initially shown nervousness over the sustained slide in the Australian dollar prompted today's spread tightening at the long-end.</p>
<p>Meanwhile, New Zealand bonds were under pressure once again as the market struggled to keep monetary conditions near desired levels as the N.Z. dollar fell.</p>
<p>--Colin Brinsden 61-2 9373-1800</p>
</text>
<copyright>(c) Reuters Limited 1997</copyright>
<metadata>
<codes class="bip:countries:1.0">
  <code code="AUSTR">
    <editdetail attribution="Reuters BIP Coding Group" action="confirmed" date="1997-07-16"/>
  </code>
</codes>
<codes class="bip:topics:1.0">
  <code code="M12">
    <editdetail attribution="Reuters BIP Coding Group" action="confirmed" date="1997-07-16"/>
  </code>
  <code code="MCAT">
    <editdetail attribution="Reuters BIP Coding Group" action="confirmed" date="1997-07-16"/>
  </code>
</codes>
<dc element="dc.date.created" value="1997-07-16"/>
<dc element="dc.publisher" value="Reuters Holdings Plc"/>
<dc element="dc.date.published" value="1997-07-16"/>
<dc element="dc.source" value="Reuters"/>
<dc element="dc.creator.location" value="SYDNEY"/>
<dc element="dc.creator.location.country.name" value="AUSTRALIA"/>
<dc element="dc.source" value="Reuters"/>
</metadata>
</newsitem>
