<?xml version="1.0" encoding="iso-8859-1" ?>
<newsitem itemid="514667" id="root" date="1997-04-16" xml:lang="en">
<title>USA: Lyncourt fire dist, N.Y., rated Baa3 by Moody's.</title>
<headline>Lyncourt fire dist, N.Y., rated Baa3 by Moody's.</headline>
<text>
<p>NEW YORK, April 16 - Moody's Investors Service - Rating Announcement As of 04/15/97</p>
<p>Issuer		: Lyncourt fire dist.</p>
<p>State		 : NY</p>
<p>Rating		: Baa3</p>
<p>Sale Amount	 : 990,000</p>
<p>Expected Sale Date: 04/16/97 --U.S. Municipal Desk, 212-859-1650</p>
</text>
<copyright>(c) Reuters Limited 1997</copyright>
<metadata>
<codes class="bip:countries:1.0">
  <code code="USA">
    <editdetail attribution="Reuters BIP Coding Group" action="confirmed" date="1997-04-16"/>
  </code>
</codes>
<codes class="bip:topics:1.0">
  <code code="C17">
    <editdetail attribution="Reuters BIP Coding Group" action="confirmed" date="1997-04-16"/>
  </code>
  <code code="C174">
    <editdetail attribution="Reuters BIP Coding Group" action="confirmed" date="1997-04-16"/>
  </code>
  <code code="CCAT">
    <editdetail attribution="Reuters BIP Coding Group" action="confirmed" date="1997-04-16"/>
  </code>
  <code code="E21">
    <editdetail attribution="Reuters BIP Coding Group" action="confirmed" date="1997-04-16"/>
  </code>
  <code code="E212">
    <editdetail attribution="Reuters BIP Coding Group" action="confirmed" date="1997-04-16"/>
  </code>
  <code code="ECAT">
    <editdetail attribution="Reuters BIP Coding Group" action="confirmed" date="1997-04-16"/>
  </code>
</codes>
<dc element="dc.publisher" value="Reuters Holdings Plc"/>
<dc element="dc.date.published" value="1997-04-16"/>
<dc element="dc.source" value="Reuters"/>
<dc element="dc.creator.location.country.name" value="USA"/>
<dc element="dc.source" value="Reuters"/>
</metadata>
</newsitem>
