<?xml version="1.0" encoding="iso-8859-1" ?>
<newsitem itemid="386683" id="root" date="1997-02-19" xml:lang="en">
<title>CANADA: Southam Inc Q4 turns to profit.</title>
<headline>Southam Inc Q4 turns to profit.</headline>
<dateline>TORONTO 1997-02-19</dateline>
<text>
<p>1996			1995</p>
<p> Shr     profit	  C$0.48    loss	   0.77</p>
<p> Net     profit	  36,829    loss	 58,109</p>
<p> Revs		     295,075		  287,855</p>
<p>	    12 MONTHS</p>
<p> Shr profit		  1.23     loss	  0.70</p>
<p> Net     profit	  94,011     loss	53,422</p>
<p> Revs		   1,095,650		1,022,345</p>
<p> Avg shrs		  76,771		   76,196</p>
<p>(All data above 000s except per share numbers)</p>
<p>Note - A net pre-tax gain of $5.5 million from special items is included in the fourth quarter results.)</p>
<p>((Reuters Toronto Bureau (416) 941-8100))</p>
</text>
<copyright>(c) Reuters Limited 1997</copyright>
<metadata>
<codes class="bip:countries:1.0">
  <code code="CANA">
    <editdetail attribution="Reuters BIP Coding Group" action="confirmed" date="1997-02-19"/>
  </code>
</codes>
<codes class="bip:industries:1.0">
  <code code="I47510">
    <editdetail attribution="Reuters BIP Coding Group" action="confirmed" date="1997-02-19"/>
  </code>
</codes>
<codes class="bip:topics:1.0">
  <code code="C15">
    <editdetail attribution="Reuters BIP Coding Group" action="confirmed" date="1997-02-19"/>
  </code>
  <code code="C151">
    <editdetail attribution="Reuters BIP Coding Group" action="confirmed" date="1997-02-19"/>
  </code>
  <code code="C1511">
    <editdetail attribution="Reuters BIP Coding Group" action="confirmed" date="1997-02-19"/>
  </code>
  <code code="CCAT">
    <editdetail attribution="Reuters BIP Coding Group" action="confirmed" date="1997-02-19"/>
  </code>
</codes>
<dc element="dc.date.created" value="1997-02-19"/>
<dc element="dc.publisher" value="Reuters Holdings Plc"/>
<dc element="dc.date.published" value="1997-02-19"/>
<dc element="dc.source" value="Reuters"/>
<dc element="dc.creator.location" value="TORONTO"/>
<dc element="dc.creator.location.country.name" value="CANADA"/>
<dc element="dc.source" value="Reuters"/>
</metadata>
</newsitem>
