<?xml version="1.0" encoding="iso-8859-1" ?>
<newsitem itemid="108856" id="root" date="1996-10-10" xml:lang="en">
<title>USA: Fred's Sept same-store sales rose.</title>
<headline>Fred's Sept same-store sales rose.</headline>
<dateline>MEMPHIS, Tenn. 1996-10-10</dateline>
<text>
<p>Percent change</p>
<p>		    1996	 1995	     Total     Same-Store</p>
<p>Month		$37.4	$37.0	   +1.1     +0.5</p>
<p>Year-to-date    $268.5     $257.3	   +4.4     +1.4</p>
<p>NOTE: Figures in millions except percentage.</p>
<p>    Month is    five weeks ended   October 5.</p>
<p>    Full company name is   Fred's Inc .</p>
<p>-- New York Newsdesk 212-859-1610</p>
</text>
<copyright>(c) Reuters Limited 1996</copyright>
<metadata>
<codes class="bip:countries:1.0">
  <code code="USA">
    <editdetail attribution="Reuters BIP Coding Group" action="confirmed" date="1996-10-10"/>
  </code>
</codes>
<codes class="bip:industries:1.0">
  <code code="I65600">
    <editdetail attribution="Reuters BIP Coding Group" action="confirmed" date="1996-10-10"/>
  </code>
</codes>
<codes class="bip:topics:1.0">
  <code code="C31">
    <editdetail attribution="Reuters BIP Coding Group" action="confirmed" date="1996-10-10"/>
  </code>
  <code code="CCAT">
    <editdetail attribution="Reuters BIP Coding Group" action="confirmed" date="1996-10-10"/>
  </code>
</codes>
<dc element="dc.date.created" value="1996-10-10"/>
<dc element="dc.publisher" value="Reuters Holdings Plc"/>
<dc element="dc.date.published" value="1996-10-10"/>
<dc element="dc.source" value="Reuters"/>
<dc element="dc.creator.location" value="MEMPHIS, Tenn."/>
<dc element="dc.creator.location.country.name" value="USA"/>
<dc element="dc.source" value="Reuters"/>
</metadata>
</newsitem>
