<?xml version="1.0" encoding="iso-8859-1" ?>
<newsitem itemid="3836" id="root" date="1996-08-20" xml:lang="en">
<title>GERMANY: Viag sure to pay 1996 dividend-chairman.</title>
<headline>Viag sure to pay 1996 dividend-chairman.</headline>
<dateline>MUNICH 1996-08-20</dateline>
<text>
<p>German utility group Viag AG is certain to pay a dividend on 1996 earnings, its management board chairman Georg Obermeier told a news conference on Tuesday evening.</p>
<p>Obermeier said it was &quot;certainly conceivable&quot; that the group would maintain its 1995 dividend level of 12 marks and that a higher payout was possible.</p>
<p>Obermeier also said the company had no plans for a capital increase in the next five years.</p>
<p>--Frankfurt Newsroom, +49 69 756525</p>
</text>
<copyright>(c) Reuters Limited 1996</copyright>
<metadata>
<codes class="bip:countries:1.0">
  <code code="GFR">
    <editdetail attribution="Reuters BIP Coding Group" action="confirmed" date="1996-08-20"/>
  </code>
</codes>
<codes class="bip:industries:1.0">
  <code code="I83960">
    <editdetail attribution="Reuters BIP Coding Group" action="confirmed" date="1996-08-20"/>
  </code>
</codes>
<codes class="bip:topics:1.0">
  <code code="C15">
    <editdetail attribution="Reuters BIP Coding Group" action="confirmed" date="1996-08-20"/>
  </code>
  <code code="C151">
    <editdetail attribution="Reuters BIP Coding Group" action="confirmed" date="1996-08-20"/>
  </code>
  <code code="CCAT">
    <editdetail attribution="Reuters BIP Coding Group" action="confirmed" date="1996-08-20"/>
  </code>
</codes>
<dc element="dc.date.created" value="1996-08-20"/>
<dc element="dc.publisher" value="Reuters Holdings Plc"/>
<dc element="dc.date.published" value="1996-08-20"/>
<dc element="dc.source" value="Reuters"/>
<dc element="dc.creator.location" value="MUNICH"/>
<dc element="dc.creator.location.country.name" value="GERMANY"/>
<dc element="dc.source" value="Reuters"/>
</metadata>
</newsitem>
