<?xml version="1.0" encoding="iso-8859-1" ?>
<newsitem itemid="351491" id="root" date="1997-02-03" xml:lang="en">
<title>USA: Taiwan seeks 50,000 tonnes U.S. wheat - trade.</title>
<headline>Taiwan seeks 50,000 tonnes U.S. wheat - trade.</headline>
<dateline>CHICAGO 1997-02-03</dateline>
<text>
<p>Taiwan will tender for 50,000 tonnes of U.S. wheat on Monday night for last half February and first half March delivery, U.S. exporters said.</p>
</text>
<copyright>(c) Reuters Limited 1997</copyright>
<metadata>
<codes class="bip:countries:1.0">
  <code code="TAIWAN">
    <editdetail attribution="Reuters BIP Coding Group" action="confirmed" date="1997-02-03"/>
  </code>
  <code code="USA">
    <editdetail attribution="Reuters BIP Coding Group" action="confirmed" date="1997-02-03"/>
  </code>
</codes>
<codes class="bip:topics:1.0">
  <code code="M14">
    <editdetail attribution="Reuters BIP Coding Group" action="confirmed" date="1997-02-03"/>
  </code>
  <code code="M141">
    <editdetail attribution="Reuters BIP Coding Group" action="confirmed" date="1997-02-03"/>
  </code>
  <code code="MCAT">
    <editdetail attribution="Reuters BIP Coding Group" action="confirmed" date="1997-02-03"/>
  </code>
</codes>
<dc element="dc.date.created" value="1997-02-03"/>
<dc element="dc.publisher" value="Reuters Holdings Plc"/>
<dc element="dc.date.published" value="1997-02-03"/>
<dc element="dc.source" value="Reuters"/>
<dc element="dc.creator.location" value="CHICAGO"/>
<dc element="dc.creator.location.country.name" value="USA"/>
<dc element="dc.source" value="Reuters"/>
</metadata>
</newsitem>
