<?xml version="1.0" encoding="iso-8859-1" ?>
<newsitem itemid="295816" id="root" date="1997-01-09" xml:lang="en">
<title>BOSNIA: PRESS DIGEST - Bosnia - Jan 9.</title>
<headline>PRESS DIGEST - Bosnia - Jan 9.</headline>
<dateline>SARAJEVO 1997-01-09</dateline>
<text>
<p>These are the leading stories in the Sarajevo press on Thursday. Reuters has not verified these stories and does not vouch for their accuracy.</p>
<p>OSLOBODJENJE</p>
<p>- Three options for dividing disputed northern Bosnian town of Brcko exist, although the ultimate resolution of the town's fate might be international protectorate, Bosnian Croat news agency Habena quotes local official Mijo Anic as saying.</p>
<p>- Representatives of World Bank warn Bosnian delegation that without making arrangment with International Monetary Fund (IMF) and forming Central Bank of Bosnia as part of that arrangement, donors won't hold their next conference planned for March.</p>
<p>- Moslem-Croat Federation Prime Minister Edhem Bicakcic and U.S. officials discuss creating conditions for boosting privatisation process in Bosnia.</p>
<p>- Croatian government has no word that Serbs from the Croatian enclave of eastern Slavonia want to move to the disputed Bosnian town of Brcko, Croatian deputy Prime Minister Ivica Kostovic says.</p>
<p>- Meeting of joint American-Bosnian Business Council was held in New York city on Tuesday. Reconstruction, privatisation, trade and investment issues were discussed.</p>
<p>- Croatian state television (HRT) denies interfering with frequency of Bosnian state television and all repeaters that HRT uses in Bosnia are legal with permission from Bosnian officials, HRT official says in an interview.</p>
<p>DNEVNI AVAZ</p>
<p>- Three abandoned Moslem houses near the Croat-ontrolled southern Bosnian town of Capljina destroyed by six explosions.</p>
<p>- Dario Kordic, former Bosnian Croat militia commander and indicted war criminal, lives in Croat-controlled west Herzegovina in southern Bosnia together with several other Croat indictees, newspaper quotes its sources as saying.</p>
<p>- Draft of law banning smoking in public places is expected to be announced in Moslem-Croat Federation soon.</p>
<p>- World Bank has in 1996 made 1,257 contracts with companies doing reconstruction jobs in Bosnia on th basis of its loans of $216.6 million.</p>
<p>VECERNJE NOVINE</p>
<p>- Battle simulation centre opened in village of Zunovnica, near Sarajevo, as a part of U.S.-sponsored &quot;Train and Equip&quot; millitary aid programme.</p>
<p>- In areas where Bosnian Serbs or Croats form a majority, Moslems do not enjoy religious freedom, top Islamic leader in Bosnia Reisu-l-ulema Mustafa Ceric says in interview. --Sarajevo newsroom, +387-71-663-864</p>
</text>
<copyright>(c) Reuters Limited 1997</copyright>
<metadata>
<codes class="bip:countries:1.0">
  <code code="BSHZG">
    <editdetail attribution="Reuters BIP Coding Group" action="confirmed" date="1997-01-09"/>
  </code>
</codes>
<codes class="bip:topics:1.0">
  <code code="GCAT">
    <editdetail attribution="Reuters BIP Coding Group" action="confirmed" date="1997-01-09"/>
  </code>
</codes>
<dc element="dc.date.created" value="1997-01-09"/>
<dc element="dc.publisher" value="Reuters Holdings Plc"/>
<dc element="dc.date.published" value="1997-01-09"/>
<dc element="dc.source" value="Reuters"/>
<dc element="dc.creator.location" value="SARAJEVO"/>
<dc element="dc.creator.location.country.name" value="BOSNIA"/>
<dc element="dc.source" value="Reuters"/>
</metadata>
</newsitem>
