<?xml version="1.0" encoding="iso-8859-1" ?>
<newsitem itemid="736678" id="root" date="1997-07-17" xml:lang="en">
<title>USA: Ostex names Bologna president.</title>
<headline>Ostex names Bologna president.</headline>
<dateline>SEATTLE 1997-07-17</dateline>
<text>
<p>Ostex International Inc saiud Thursday that Thomas Bologna had been named president, chief executive officer and a member of the board.</p>
<p>Bologna succeeds H. Raymond Cairncross, who stepped down as CEO in April in a management restructuring.</p>
<p>Most recently, Bologna was president and CEO of Scriptgen Pharmaceuticals Inc.</p>
</text>
<copyright>(c) Reuters Limited 1997</copyright>
<metadata>
<codes class="bip:countries:1.0">
  <code code="USA">
    <editdetail attribution="Reuters BIP Coding Group" action="confirmed" date="1997-07-17"/>
  </code>
</codes>
<codes class="bip:industries:1.0">
  <code code="I25700">
    <editdetail attribution="Reuters BIP Coding Group" action="confirmed" date="1997-07-17"/>
  </code>
</codes>
<codes class="bip:topics:1.0">
  <code code="C41">
    <editdetail attribution="Reuters BIP Coding Group" action="confirmed" date="1997-07-17"/>
  </code>
  <code code="C411">
    <editdetail attribution="Reuters BIP Coding Group" action="confirmed" date="1997-07-17"/>
  </code>
  <code code="CCAT">
    <editdetail attribution="Reuters BIP Coding Group" action="confirmed" date="1997-07-17"/>
  </code>
</codes>
<dc element="dc.date.created" value="1997-07-17"/>
<dc element="dc.publisher" value="Reuters Holdings Plc"/>
<dc element="dc.date.published" value="1997-07-17"/>
<dc element="dc.source" value="Reuters"/>
<dc element="dc.creator.location" value="SEATTLE"/>
<dc element="dc.creator.location.country.name" value="USA"/>
<dc element="dc.source" value="Reuters"/>
</metadata>
</newsitem>
