<?xml version="1.0" encoding="iso-8859-1" ?>
<newsitem itemid="433593" id="root" date="1997-03-11" xml:lang="en">
<title>USA: FINAL PRICING - Downington Area Sch Dist, Pa.</title>
<headline>FINAL PRICING - Downington Area Sch Dist, Pa.</headline>
<dateline>NEW YORK 1997-03-11</dateline>
<text>
<p>Dolphin &amp; Bradbury Inc. said it priced $35 million of Downingtown Area School District, Pa., general obligation bonds, with a top yield of 5.65 percent.</p>
</text>
<copyright>(c) Reuters Limited 1997</copyright>
<metadata>
<codes class="bip:countries:1.0">
  <code code="USA">
    <editdetail attribution="Reuters BIP Coding Group" action="confirmed" date="1997-03-11"/>
  </code>
</codes>
<codes class="bip:topics:1.0">
  <code code="E21">
    <editdetail attribution="Reuters BIP Coding Group" action="confirmed" date="1997-03-11"/>
  </code>
  <code code="E212">
    <editdetail attribution="Reuters BIP Coding Group" action="confirmed" date="1997-03-11"/>
  </code>
  <code code="ECAT">
    <editdetail attribution="Reuters BIP Coding Group" action="confirmed" date="1997-03-11"/>
  </code>
</codes>
<dc element="dc.date.created" value="1997-03-11"/>
<dc element="dc.publisher" value="Reuters Holdings Plc"/>
<dc element="dc.date.published" value="1997-03-11"/>
<dc element="dc.source" value="Reuters"/>
<dc element="dc.creator.location" value="NEW YORK"/>
<dc element="dc.creator.location.country.name" value="USA"/>
<dc element="dc.source" value="Reuters"/>
</metadata>
</newsitem>
