<?xml version="1.0" encoding="iso-8859-1" ?>
<newsitem itemid="326819" id="root" date="1997-01-22" xml:lang="en">
<title>SPAIN: Spain November PPI rose 0.2 pct, yr-yr 1.6 pct.</title>
<headline>Spain November PPI rose 0.2 pct, yr-yr 1.6 pct.</headline>
<dateline>MADRID 1997-01-22</dateline>
<text>
<p>The National Statistics Institute gave the following figures:</p>
<p> PRODUCER PRICES		   Nov 96	Oct 96     Nov 95</p>
<p> Pct change on month		0.2	   0.3	  -0.2</p>
<p> Pct change on year		 1.6	   1.3	   5.1</p>
<p>The INE gave the following breakdown (percentage change)</p>
<p>					   NOV 96   OCT 96   NOV 96/95</p>
<p> Energy				  1.0	  2.7     7.3</p>
<p> Non-energy minerals, chemicals  0.1	  0.4    -2.2</p>
<p> Metals, precision tools	   0.1	  0.0     2.4</p>
<p> Other manufacturing		 0.1	 -0.1     1.4</p>
<p> Consumer goods			0.0	 -0.1     2.9</p>
<p> Capital goods			 0.0	  0.1     2.1</p>
<p> Intermediary goods		  0.3	  0.9     0.2</p>
<p>NOTE: Previous month's figures show monthly variation.</p>
</text>
<copyright>(c) Reuters Limited 1997</copyright>
<metadata>
<codes class="bip:countries:1.0">
  <code code="SPAIN">
    <editdetail attribution="Reuters BIP Coding Group" action="confirmed" date="1997-01-22"/>
  </code>
</codes>
<codes class="bip:topics:1.0">
  <code code="E13">
    <editdetail attribution="Reuters BIP Coding Group" action="confirmed" date="1997-01-22"/>
  </code>
  <code code="E132">
    <editdetail attribution="Reuters BIP Coding Group" action="confirmed" date="1997-01-22"/>
  </code>
  <code code="ECAT">
    <editdetail attribution="Reuters BIP Coding Group" action="confirmed" date="1997-01-22"/>
  </code>
</codes>
<dc element="dc.date.created" value="1997-01-22"/>
<dc element="dc.publisher" value="Reuters Holdings Plc"/>
<dc element="dc.date.published" value="1997-01-22"/>
<dc element="dc.source" value="Reuters"/>
<dc element="dc.creator.location" value="MADRID"/>
<dc element="dc.creator.location.country.name" value="SPAIN"/>
<dc element="dc.source" value="Reuters"/>
</metadata>
</newsitem>
