<?xml version="1.0" encoding="iso-8859-1" ?>
<newsitem itemid="529025" id="root" date="1997-04-22" xml:lang="en">
<title>USA: Coherent Inc Q2 shr $0.76 vs $0.64.</title>
<headline>Coherent Inc Q2 shr $0.76 vs $0.64.</headline>
<dateline>SANTA CLARA, Calif. 1997-04-21</dateline>
<text>
<p>Three Months Ended  Six Months Ended</p>
<p>			   Mar 29,  Mar 30,	Mar 29,    Mar 30,</p>
<p>				1997     1996	   1997	 1996</p>
<p>				(In thousands, except per share data)</p>
<p>Actual Results:</p>
<p> Sales		   $90,985  $90,552     $184,878   $174,233</p>
<p> Gross profit	   48,980   46,721	 98,030     89,077</p>
<p>Income before</p>
<p>  income taxes	  14,080   12,115	 18,206     22,713</p>
<p> Net income		8,870    7,351	  8,338     13,816</p>
<p>Proforma Results</p>
<p>excluding $9.3 million</p>
<p>($9.0 million, after tax)</p>
<p>purchased</p>
<p>technology write-off:</p>
<p> Sales		    90,985   90,552	184,878    174,233</p>
<p> Gross profit	   48,980   46,721	 98,030     89,077</p>
<p>Income before</p>
<p>  income taxes	  14,080   12,115	 27,521     22,713</p>
<p> Net income		8,870    7,351	 17,338     13,816</p>
<p>Earnings Per Share:</p>
<p>Before purchased</p>
<p>  technology write-off   .76	.64	   1.49	 1.21</p>
<p>Purchased technology,</p>
<p>  after tax		   --	 --	  (.78)	   --</p>
<p> Net income		  .76	.64	    .71	 1.21</p>
<p>Average common and</p>
<p>common equivalent</p>
<p>  shares outstanding  11,737   11,507	 11,669     11,456</p>
<p>	 Note - The strengthening of the US dollar against the</p>
<p>major foreign currencies had a negative impact of $3.0 million on current quarter sales and manufacturing delays within the Medical Group's VersaPulse C and VPW product lines also adversely impacted sales growth.</p>
</text>
<copyright>(c) Reuters Limited 1997</copyright>
<metadata>
<codes class="bip:countries:1.0">
  <code code="USA">
    <editdetail attribution="Reuters BIP Coding Group" action="confirmed" date="1997-04-22"/>
  </code>
</codes>
<codes class="bip:industries:1.0">
  <code code="I37200">
    <editdetail attribution="Reuters BIP Coding Group" action="confirmed" date="1997-04-22"/>
  </code>
</codes>
<codes class="bip:topics:1.0">
  <code code="C15">
    <editdetail attribution="Reuters BIP Coding Group" action="confirmed" date="1997-04-22"/>
  </code>
  <code code="C151">
    <editdetail attribution="Reuters BIP Coding Group" action="confirmed" date="1997-04-22"/>
  </code>
  <code code="CCAT">
    <editdetail attribution="Reuters BIP Coding Group" action="confirmed" date="1997-04-22"/>
  </code>
</codes>
<dc element="dc.date.created" value="1997-04-21"/>
<dc element="dc.publisher" value="Reuters Holdings Plc"/>
<dc element="dc.date.published" value="1997-04-22"/>
<dc element="dc.source" value="Reuters"/>
<dc element="dc.creator.location" value="SANTA CLARA, Calif."/>
<dc element="dc.creator.location.country.name" value="USA"/>
<dc element="dc.source" value="Reuters"/>
</metadata>
</newsitem>
