<?xml version="1.0" encoding="iso-8859-1" ?>
<newsitem itemid="149112" id="root" date="1996-10-28" xml:lang="en">
<title>HONG KONG: Companion buys New World unit in shr swap.</title>
<headline>Companion buys New World unit in shr swap.</headline>
<dateline>HONG KONG 1996-10-28</dateline>
<text>
<p>Companion Building Material (Holdings) Ltd said it had reached a conditional agreement to buy New World Development Co Ltd's Super Trend Ltd unit in a HK$70.4 million share swap agreement.</p>
<p>Super Trend and its units are engaged in the production and sale of ceramic tiles.</p>
<p>Companion said it would transfer 55 million shares in its 58.48 percent-owned Companion Marble (Holdings) Ltd, valued at HK$1.28 per share, and rights to receive warrants in Marble to Chi Lam Investment Co Ltd, a subsidiary of New World.</p>
<p>Chi Lam would also assign to Companion the benefits of an interest-free loan of HK$239.55 million due to a Chi Lam unit from Super Trend, it said.</p>
<p>The HK$70.4 million price is subject to adjustment on the basis that if the net current asset value was less than HK$19.16 million, Chi Lam would pay Companion the shortfall and if it was greater, Companion would pay the excess.</p>
<p>Companion said its interest in Marble would be reduced to about 46.23 percent and Marble would cease to become a unit of the company. New World would become a substantial shareholder of Marble and have the right to nominate a representative to the board of Marble. -- Hong Kong newsroom (852) 2843 6345</p>
</text>
<copyright>(c) Reuters Limited 1996</copyright>
<metadata>
<codes class="bip:countries:1.0">
  <code code="HKONG">
    <editdetail attribution="Reuters BIP Coding Group" action="confirmed" date="1996-10-28"/>
  </code>
</codes>
<codes class="bip:industries:1.0">
  <code code="I24000">
    <editdetail attribution="Reuters BIP Coding Group" action="confirmed" date="1996-10-28"/>
  </code>
  <code code="I85000">
    <editdetail attribution="Reuters BIP Coding Group" action="confirmed" date="1996-10-28"/>
  </code>
</codes>
<codes class="bip:topics:1.0">
  <code code="C18">
    <editdetail attribution="Reuters BIP Coding Group" action="confirmed" date="1996-10-28"/>
  </code>
  <code code="C181">
    <editdetail attribution="Reuters BIP Coding Group" action="confirmed" date="1996-10-28"/>
  </code>
  <code code="CCAT">
    <editdetail attribution="Reuters BIP Coding Group" action="confirmed" date="1996-10-28"/>
  </code>
</codes>
<dc element="dc.date.created" value="1996-10-28"/>
<dc element="dc.publisher" value="Reuters Holdings Plc"/>
<dc element="dc.date.published" value="1996-10-28"/>
<dc element="dc.source" value="Reuters"/>
<dc element="dc.creator.location" value="HONG KONG"/>
<dc element="dc.creator.location.country.name" value="HONG KONG"/>
<dc element="dc.source" value="Reuters"/>
</metadata>
</newsitem>
