<?xml version="1.0" encoding="iso-8859-1" ?>
<newsitem itemid="524659" id="root" date="1997-04-21" xml:lang="en">
<title>THAILAND: Thailand says China to buy rice, other commodities.</title>
<headline>Thailand says China to buy rice, other commodities.</headline>
<dateline>BANGKOK 1997-04-21</dateline>
<text>
<p>China has signed a memorandum of understanding to buy a massive quantity of commodities from Thailand, including 1.03 million tonnes of rice, Deputy Commerce Minister Chalermphol Sanitwongchai said on Monday.  </p>
<p>The deal was signed during an official visit by Prime Minister Chavalit Yongchaiyudh to Beijing earlier this month, Chalermphol said.</p>
<p>In addition to rice, China also wanted to buy 520,000 tonnes of tapioca chips and starch, 382,000 tonnes of rubber, 10,000 tonnes of palm oil, 300,000 tonnes of asphalt and 98,000 tonnes of fruits from Thailand, he told reporters.</p>
<p>The purchase does not necessarily cover only 1997. The details of the purchases, including the prices and shipment periods, will be discussed in early May, he said.</p>
<p>&quot;The trade can be done in any form they want -- government-to-government, government-to-private sector or private-to-private,&quot; Chalermphol said.</p>
<p>&quot;The rice order from China is likely to help support the second crop rice which is flooding the market at the moment,&quot; he said, adding that China is seeking mostly high quality grade.</p>
<p>In return, Thailand will buy petrochemical products, electronics and mechinery from China, he said.</p>
<p>-- Bangkok newsroom (662) 652-0642</p>
</text>
<copyright>(c) Reuters Limited 1997</copyright>
<metadata>
<codes class="bip:countries:1.0">
  <code code="CHINA">
    <editdetail attribution="Reuters BIP Coding Group" action="confirmed" date="1997-04-21"/>
  </code>
  <code code="THAIL">
    <editdetail attribution="Reuters BIP Coding Group" action="confirmed" date="1997-04-21"/>
  </code>
</codes>
<codes class="bip:industries:1.0">
  <code code="I01000">
    <editdetail attribution="Reuters BIP Coding Group" action="confirmed" date="1997-04-21"/>
  </code>
</codes>
<codes class="bip:topics:1.0">
  <code code="C31">
    <editdetail attribution="Reuters BIP Coding Group" action="confirmed" date="1997-04-21"/>
  </code>
  <code code="C311">
    <editdetail attribution="Reuters BIP Coding Group" action="confirmed" date="1997-04-21"/>
  </code>
  <code code="C312">
    <editdetail attribution="Reuters BIP Coding Group" action="confirmed" date="1997-04-21"/>
  </code>
  <code code="CCAT">
    <editdetail attribution="Reuters BIP Coding Group" action="confirmed" date="1997-04-21"/>
  </code>
  <code code="E51">
    <editdetail attribution="Reuters BIP Coding Group" action="confirmed" date="1997-04-21"/>
  </code>
  <code code="E512">
    <editdetail attribution="Reuters BIP Coding Group" action="confirmed" date="1997-04-21"/>
  </code>
  <code code="ECAT">
    <editdetail attribution="Reuters BIP Coding Group" action="confirmed" date="1997-04-21"/>
  </code>
  <code code="M14">
    <editdetail attribution="Reuters BIP Coding Group" action="confirmed" date="1997-04-21"/>
  </code>
  <code code="M141">
    <editdetail attribution="Reuters BIP Coding Group" action="confirmed" date="1997-04-21"/>
  </code>
  <code code="MCAT">
    <editdetail attribution="Reuters BIP Coding Group" action="confirmed" date="1997-04-21"/>
  </code>
</codes>
<dc element="dc.date.created" value="1997-04-21"/>
<dc element="dc.publisher" value="Reuters Holdings Plc"/>
<dc element="dc.date.published" value="1997-04-21"/>
<dc element="dc.source" value="Reuters"/>
<dc element="dc.creator.location" value="BANGKOK"/>
<dc element="dc.creator.location.country.name" value="THAILAND"/>
<dc element="dc.source" value="Reuters"/>
</metadata>
</newsitem>
