<?xml version="1.0" encoding="iso-8859-1" ?>
<newsitem itemid="14355" id="root" date="1996-08-26" xml:lang="en">
<title>BRAZIL: Brazil puts 288.5 pct tariff on Chinese pencils.</title>
<headline>Brazil puts 288.5 pct tariff on Chinese pencils.</headline>
<dateline>BRASILIA 1996-08-26</dateline>
<text>
<p>The Brazilian government Monday imposed a 288.5 percent tariff on imports of pencils from China, citing the need for &quot;anti-dumping&quot; measures after serious damage to the domestic industry.</p>
<p>In a long-awaited decree published in the Official Journal, Brazil said the punitive tariffs would apply for six months.</p>
<p>The decree said pencil imports had soared from $334 million in 1991 to $956.7 million in 1992 and had continued to rise since then.  </p>
<p>China accounted for 74.7 percent of imports in 1995, increasing its sales by 230 percent between 1993 and 1994 and 144.3 percent between 1994 and 1995.</p>
<p>The decree said local employment in the pencil industry had slumped 22.3 percent between 1991 and 1995.</p>
<p>Industry and Commerce Minister Francisco Dornelles approved the tariff increase from 18 percent more than a month ago.</p>
<p>But the anti-dumping measure had been awaiting the approval of Finance Minister Pedro Malan, said to be concerned by recent moves interpreted as &quot;protectionist&quot;.  </p>
<p>Since Dornelles assumed office in May, Brazil has set quotas on textile imports and raised tariffs on toy imports to 70 percent from 20 percent.</p>
<p>It is also embroiled in a World Trade Organization dispute with the United States, Japan, South Korea and the European Union over car rules that allow manufacturers with Brazilian factories to import at preferential tariffs.</p>
<p>-- Michael Christie, Brasilia newsroom 55-61-2230358</p>
</text>
<copyright>(c) Reuters Limited 1996</copyright>
<metadata>
<codes class="bip:countries:1.0">
  <code code="BRAZ">
    <editdetail attribution="Reuters BIP Coding Group" action="confirmed" date="1996-08-26"/>
  </code>
  <code code="CHINA">
    <editdetail attribution="Reuters BIP Coding Group" action="confirmed" date="1996-08-26"/>
  </code>
</codes>
<codes class="bip:industries:1.0">
  <code code="I49540">
    <editdetail attribution="Reuters BIP Coding Group" action="confirmed" date="1996-08-26"/>
  </code>
</codes>
<codes class="bip:topics:1.0">
  <code code="C13">
    <editdetail attribution="Reuters BIP Coding Group" action="confirmed" date="1996-08-26"/>
  </code>
  <code code="C31">
    <editdetail attribution="Reuters BIP Coding Group" action="confirmed" date="1996-08-26"/>
  </code>
  <code code="C311">
    <editdetail attribution="Reuters BIP Coding Group" action="confirmed" date="1996-08-26"/>
  </code>
  <code code="C34">
    <editdetail attribution="Reuters BIP Coding Group" action="confirmed" date="1996-08-26"/>
  </code>
  <code code="CCAT">
    <editdetail attribution="Reuters BIP Coding Group" action="confirmed" date="1996-08-26"/>
  </code>
</codes>
<dc element="dc.date.created" value="1996-08-26"/>
<dc element="dc.publisher" value="Reuters Holdings Plc"/>
<dc element="dc.date.published" value="1996-08-26"/>
<dc element="dc.source" value="Reuters"/>
<dc element="dc.creator.location" value="BRASILIA"/>
<dc element="dc.creator.location.country.name" value="BRAZIL"/>
<dc element="dc.source" value="Reuters"/>
</metadata>
</newsitem>
