<?xml version="1.0" encoding="iso-8859-1" ?>
<newsitem itemid="15876" id="root" date="1996-08-27" xml:lang="en">
<title>CZECH REPUBLIC: DIRECT EQUITY TRADES ON THE CZECH PSE - AUG 27.</title>
<headline>DIRECT EQUITY TRADES ON THE CZECH PSE - AUG 27.</headline>
<dateline>PRAGUE 1996-08-27</dateline>
<text>
<p>The following is a list of</p>
<p>direct equity trades made on the Prague Stock Exchange:</p>
<p> ISSUE		   Min. Price  Max. Price  Volume Turnover</p>
<p>				(CZK)     (CZK)     (shares)(CZK 000's)</p>
<p> AGROTONZ TLUMACOV	 336.47    336.47     59440   19999.777</p>
<p> AVIA			  290.00    290.00	 700     203.000</p>
<p> BARUM HOLDING	     171.00    171.00     14432    2467.872</p>
<p> CESKA SPORITELNA	  335.00    375.00    533153  198354.941</p>
<p> CKD PRAHA HOLDING	 369.66    384.00	5565    2065.260</p>
<p> EMKAM			  25.00     25.00     34684     867.100</p>
<p> KABLO KLADNO		960.00    960.00	2230    2140.800</p>
<p> KOMERCNI BANKA	   2320.00   2370.00	7000   16408.700</p>
<p> LECIVA PRAHA	     2470.00   2470.00	1360    3359.200</p>
<p> METROSTAV		  3024.95   3024.95	3000    9074.850</p>
<p> MORAV.CHEMIC. ZAV.	637.50    637.50	1626    1036.575</p>
<p> OKD			   111.50    112.56     95975   10752.092</p>
<p> PF IKS KB PLUS	    156.00    156.00	6000     936.000</p>
<p> RIF			   900.00    900.00	5500    4950.000</p>
<p> SELIKO		     4000.00  20000.00	3565   32607.500</p>
<p> SOKOLOVSKA UHELNA	 785.00    785.00	6000    4710.000</p>
<p> SPIF CESKY		  339.00    340.00	7546    2562.094</p>
<p> SPT TELECOM		3355.00   3404.71     10700   36337.137</p>
<p> SKODA PLZEN		1045.56   1060.00     10772   11361.330</p>
<p> TABAK			6700.00   6700.00	1000    6700.000</p>
<p> TRINECKE ZELEZARNY	210.00    210.00	3000     630.000</p>
<p> VODNI STAVBY PRAHA     1915.00   1915.00	2000    3830.000</p>
<p>-- Prague Newsroom, 42-2-2423-0003</p>
</text>
<copyright>(c) Reuters Limited 1996</copyright>
<metadata>
<codes class="bip:countries:1.0">
  <code code="CZREP">
    <editdetail attribution="Reuters BIP Coding Group" action="confirmed" date="1996-08-27"/>
  </code>
</codes>
<codes class="bip:topics:1.0">
  <code code="M11">
    <editdetail attribution="Reuters BIP Coding Group" action="confirmed" date="1996-08-27"/>
  </code>
  <code code="MCAT">
    <editdetail attribution="Reuters BIP Coding Group" action="confirmed" date="1996-08-27"/>
  </code>
</codes>
<dc element="dc.date.created" value="1996-08-27"/>
<dc element="dc.publisher" value="Reuters Holdings Plc"/>
<dc element="dc.date.published" value="1996-08-27"/>
<dc element="dc.source" value="Reuters"/>
<dc element="dc.creator.location" value="PRAGUE"/>
<dc element="dc.creator.location.country.name" value="CZECH REPUBLIC"/>
<dc element="dc.source" value="Reuters"/>
</metadata>
</newsitem>
