<?xml version="1.0" encoding="iso-8859-1" ?>
<newsitem itemid="693367" id="root" date="1997-06-27" xml:lang="en">
<title>USA: Indonesia Telkom at 31-7/8 in New York.</title>
<headline>Indonesia Telkom at 31-7/8 in New York.</headline>
<dateline>NEW YORK 1997-06-26</dateline>
<text>
<p>PT Telekomunikasi Indonesia (Telkom) closed at 31-7/8 in New York on Thursday. It recorded the day's low of 31/13 and the day's high of 32-1/4.</p>
<p>Volume was 53,900 American Depository Shares. Block volume was 30,000. It previous close on Wednesday was 32-3/4. One ADS represents 20 ordinary shares.</p>
<p>-- Jakarta newsroom (Tel: 6221-3846364).</p>
</text>
<copyright>(c) Reuters Limited 1997</copyright>
<metadata>
<codes class="bip:countries:1.0">
  <code code="INDON">
    <editdetail attribution="Reuters BIP Coding Group" action="confirmed" date="1997-06-27"/>
  </code>
  <code code="USA">
    <editdetail attribution="Reuters BIP Coding Group" action="confirmed" date="1997-06-27"/>
  </code>
</codes>
<codes class="bip:industries:1.0">
  <code code="I79020">
    <editdetail attribution="Reuters BIP Coding Group" action="confirmed" date="1997-06-27"/>
  </code>
</codes>
<codes class="bip:topics:1.0">
  <code code="C15">
    <editdetail attribution="Reuters BIP Coding Group" action="confirmed" date="1997-06-27"/>
  </code>
  <code code="C152">
    <editdetail attribution="Reuters BIP Coding Group" action="confirmed" date="1997-06-27"/>
  </code>
  <code code="CCAT">
    <editdetail attribution="Reuters BIP Coding Group" action="confirmed" date="1997-06-27"/>
  </code>
</codes>
<dc element="dc.date.created" value="1997-06-26"/>
<dc element="dc.publisher" value="Reuters Holdings Plc"/>
<dc element="dc.date.published" value="1997-06-27"/>
<dc element="dc.source" value="Reuters"/>
<dc element="dc.creator.location" value="NEW YORK"/>
<dc element="dc.creator.location.country.name" value="USA"/>
<dc element="dc.source" value="Reuters"/>
</metadata>
</newsitem>
