<?xml version="1.0" encoding="iso-8859-1" ?>
<newsitem itemid="79658" id="root" date="1996-09-26" xml:lang="en">
<title>USA: PRESS DIGEST - Wall Street Journal - Sept 26.</title>
<headline>PRESS DIGEST - Wall Street Journal - Sept 26.</headline>
<dateline>NEW YORK 1996-09-26</dateline>
<text>
<p>The U.S. Treasury Department said its new inflation-indexed bonds will be linked to the consumer price index, the Wall Street Journal reported Thursday.</p>
<p>Other top stories included:</p>
<p>* Dana Corp defeated the United Auto Workers (UAW) in a union-representation election at an axle-parts plant in Missouri.</p>
<p>* Chrysler Corp appears to be ready to match Ford Motor Co's pledge to maintain 95 percent of UAW's jobs, but General Motors Corp is sending signals that it cannot make a similar commitment without major exceptions.</p>
<p>* Loral Space &amp; Communications Ltd agreed to acquire AT&amp;T Corp's Skynet system for $712.5 million.</p>
<p>* Dial Corp plans to slash its consumer-products lineup in half, cut its workforce by 250 and take $50 million in charges.</p>
<p>* Sales of existing homes slipped 0.5 percent in August.</p>
<p>* West Coast longshoremen narrowly approved a three-year contract they previously rejected.</p>
<p>* British money manager Invesco Plc is in preliminary talks to acquire closely held  AIM Management Group of Houston, Texas, in a deal that could approach $1.8 billion in value.</p>
<p>* Loewen Group's chief executive vowed to resist a takeover attempt by Service Corp International.</p>
<p>* Bond prices surged and stocks ended higher, a day after the Federal Reserve decided to leave interest rates alone.</p>
<p>* Silicon Graphics Inc said its quarterly profit will be &quot;substantially below&quot; Wall Street's expectations.</p>
<p>* Johnson Controls Inc plans to acquire an Australian auto-parts supplier and create a joint venture with a Beijing-based automotive parts maker as part of a broader plan to expand into Asia.</p>
<p>* Tag Heuer has good timing. The Swiss maker of luxury sports watches known for precision is hitting Wall Street with an initial public offering at a time when shares for other luxury-goods sellers are riding high. - Heard on the Street</p>
<p>* Bond prices rose for the third straight day as some investors who had been on the sidelines grew emboldened by the Federal Reserve's decision not to raise interest rates. - Credit Markets</p>
<p>--New York Newsdesk  (212) 859-1610</p>
</text>
<copyright>(c) Reuters Limited 1996</copyright>
<metadata>
<codes class="bip:countries:1.0">
  <code code="USA">
    <editdetail attribution="Reuters BIP Coding Group" action="confirmed" date="1996-09-26"/>
  </code>
</codes>
<codes class="bip:topics:1.0">
  <code code="GCAT">
    <editdetail attribution="Reuters BIP Coding Group" action="confirmed" date="1996-09-26"/>
  </code>
</codes>
<dc element="dc.date.created" value="1996-09-26"/>
<dc element="dc.publisher" value="Reuters Holdings Plc"/>
<dc element="dc.date.published" value="1996-09-26"/>
<dc element="dc.source" value="Reuters"/>
<dc element="dc.creator.location" value="NEW YORK"/>
<dc element="dc.creator.location.country.name" value="USA"/>
<dc element="dc.source" value="Reuters"/>
</metadata>
</newsitem>
