<?xml version="1.0" encoding="iso-8859-1" ?>
<newsitem itemid="582569" id="root" date="1997-05-14" xml:lang="en">
<title>MALAYSIA: KL blue chips end weaker, autos still in doldrums.</title>
<headline>KL blue chips end weaker, autos still in doldrums.</headline>
<dateline>KUALA LUMPUR 1997-05-14</dateline>
<text>
<p>Continued weakness in auto stocks and a selloff in a handful of small-capitalisation issues by speculators brought Kuala Lumpur shares to a sharply lower finish after a thinly-traded Wednesday, dealers said.</p>
<p>&quot;No positive news is coming out as yet,&quot; said Ami Moris, a vice president in dealing at Capitalcorp. &quot;Blue chips are getting hammered on rotation, and now it's motor stocks.&quot;</p>
<p>Fears a strong yen will raise import costs for car companies have driven their stock prices lower. The blue chip-focused Composite Index ended down 12.06 points or 1.11 percent to 1,072.49.  </p>
<p>Stocks related to automaker Proton Bhd appeared to take little comfort from Proton chairman Saleh Sulong's statement that the company has not so far been hurt by the rising yen. He also said Proton has made forward purchases of the Japanese currency.</p>
<p>Proton shares were down 60 cents to 12.90 ringgit. Parent companies Hicom Holdings lost eight cents to 4.90 while Diversified Resources Bhd fell five to 5.70.</p>
<p>Elsewhere in the group, Gadek Malaysia Bhd lost 60 cents to 13.20, while Edaran Otomobil Nasional Bhd shed 40 cents to 23.50 ringgit.</p>
</text>
<copyright>(c) Reuters Limited 1997</copyright>
<metadata>
<codes class="bip:countries:1.0">
  <code code="MALAY">
    <editdetail attribution="Reuters BIP Coding Group" action="confirmed" date="1997-05-14"/>
  </code>
</codes>
<codes class="bip:topics:1.0">
  <code code="M11">
    <editdetail attribution="Reuters BIP Coding Group" action="confirmed" date="1997-05-14"/>
  </code>
  <code code="MCAT">
    <editdetail attribution="Reuters BIP Coding Group" action="confirmed" date="1997-05-14"/>
  </code>
</codes>
<dc element="dc.date.created" value="1997-05-14"/>
<dc element="dc.publisher" value="Reuters Holdings Plc"/>
<dc element="dc.date.published" value="1997-05-14"/>
<dc element="dc.source" value="Reuters"/>
<dc element="dc.creator.location" value="KUALA LUMPUR"/>
<dc element="dc.creator.location.country.name" value="MALAYSIA"/>
<dc element="dc.source" value="Reuters"/>
</metadata>
</newsitem>
