<?xml version="1.0" encoding="iso-8859-1" ?>
<newsitem itemid="142880" id="root" date="1996-10-25" xml:lang="en">
<title>USA: Image Sensing Systems Q3 full results.</title>
<headline>Image Sensing Systems Q3 full results.</headline>
<dateline>ST. PAUL, Minn. 1996-10-25</dateline>
<text>
<p>(Dollars in thousands except per share amounts)</p>
<p>							 1996	   1995</p>
<p> Revenues					     $723	   $846</p>
<p> Operating (loss)				  (268)	  (146)</p>
<p> Net (loss)					  (249)	   (65)</p>
<p> Net (loss) per share			    (.10)	  (.03)</p>
<p>Weighted average number of common shares and</p>
<p>common share equivalents outstanding</p>
<p>						   2,475,000    2,475,000</p>
<p>Nine-Month Period Ended September 30, 1996</p>
<p>							  1996	  1995</p>
<p> Revenues					   $2,205	 $1,934</p>
<p> Operating (loss)				(1,213)	  (232)</p>
<p> Net (loss)					(1,124)	  (113)</p>
<p> Net (loss) per share			    (.45)	  (.06)</p>
<p>Weighted average number of common shares and</p>
<p>common share equivalents outstanding</p>
<p>						   2,475,000    1,992,000</p>
<p>-- Chicago newsdesk 312 408-8787</p>
</text>
<copyright>(c) Reuters Limited 1996</copyright>
<metadata>
<codes class="bip:countries:1.0">
  <code code="USA">
    <editdetail attribution="Reuters BIP Coding Group" action="confirmed" date="1996-10-25"/>
  </code>
</codes>
<codes class="bip:industries:1.0">
  <code code="I34420">
    <editdetail attribution="Reuters BIP Coding Group" action="confirmed" date="1996-10-25"/>
  </code>
</codes>
<codes class="bip:topics:1.0">
  <code code="C15">
    <editdetail attribution="Reuters BIP Coding Group" action="confirmed" date="1996-10-25"/>
  </code>
  <code code="C151">
    <editdetail attribution="Reuters BIP Coding Group" action="confirmed" date="1996-10-25"/>
  </code>
  <code code="CCAT">
    <editdetail attribution="Reuters BIP Coding Group" action="confirmed" date="1996-10-25"/>
  </code>
</codes>
<dc element="dc.date.created" value="1996-10-25"/>
<dc element="dc.publisher" value="Reuters Holdings Plc"/>
<dc element="dc.date.published" value="1996-10-25"/>
<dc element="dc.source" value="Reuters"/>
<dc element="dc.creator.location" value="ST. PAUL, Minn."/>
<dc element="dc.creator.location.country.name" value="USA"/>
<dc element="dc.source" value="Reuters"/>
</metadata>
</newsitem>
