<?xml version="1.0" encoding="iso-8859-1" ?>
<newsitem itemid="551079" id="root" date="1997-04-30" xml:lang="en">
<title>SWITZERLAND: Japan, EU challenge Indonesia car policy in WTO.</title>
<headline>Japan, EU challenge Indonesia car policy in WTO.</headline>
<dateline>GENEVA 1997-04-30</dateline>
<text>
<p>Japan, strongly backed by the European Union, on Wednesday asked for creation of a World Trade Organisation (WTO) panel to look into Indonesia's controversial &quot;national car&quot; policy.</p>
<p>The request, presented to the WTO's Dispute Settlement Body (DSB), was blocked by Indonesia which said it was continuing consultations with Japan on the dispute and insisted the policy did not violate global trading rules.</p>
<p>But under DSB procedures, creation of a panel will be automatic at the next meeting on May 23 if Japan pursues the complaint.</p>
<p>A panel ruling could be expected by the end of the year, although this could be appealed by either side.</p>
<p>Trade sources said a Japanese official told the DSB on Wednesday that Tokyo understood Indonesia's desire to build its own automobile industry, but argued this could only be done in conformity with Jakarta's obligations under WTO accords.</p>
<p>An EU trade diplomat said Brussels, which has also had consultations with Indonesia over the issue, was seriously concerned that the policy violated WTO rules and voiced firm backing for the Japanese request.</p>
<p>The policy gives 100 per cent exemptions from tariffs and luxury taxes for three years to a company controlled by the youngest son of Indonesia's President Suharto and which produces a sedan known as the Timor.</p>
<p>Japan, the EU and the United States -- which has also begun a dispute process against Jakarta in the WTO on the issue -- see this as unfair discrimination against their car companies who have a large share of Indonesia's booming car market.</p>
</text>
<copyright>(c) Reuters Limited 1997</copyright>
<metadata>
<codes class="bip:countries:1.0">
  <code code="EEC">
    <editdetail attribution="Reuters BIP Coding Group" action="confirmed" date="1997-04-30"/>
  </code>
  <code code="INDON">
    <editdetail attribution="Reuters BIP Coding Group" action="confirmed" date="1997-04-30"/>
  </code>
  <code code="JAP">
    <editdetail attribution="Reuters BIP Coding Group" action="confirmed" date="1997-04-30"/>
  </code>
  <code code="SWITZ">
    <editdetail attribution="Reuters BIP Coding Group" action="confirmed" date="1997-04-30"/>
  </code>
</codes>
<codes class="bip:industries:1.0">
  <code code="I35101">
    <editdetail attribution="Reuters BIP Coding Group" action="confirmed" date="1997-04-30"/>
  </code>
</codes>
<codes class="bip:topics:1.0">
  <code code="C13">
    <editdetail attribution="Reuters BIP Coding Group" action="confirmed" date="1997-04-30"/>
  </code>
  <code code="CCAT">
    <editdetail attribution="Reuters BIP Coding Group" action="confirmed" date="1997-04-30"/>
  </code>
  <code code="E51">
    <editdetail attribution="Reuters BIP Coding Group" action="confirmed" date="1997-04-30"/>
  </code>
  <code code="E512">
    <editdetail attribution="Reuters BIP Coding Group" action="confirmed" date="1997-04-30"/>
  </code>
  <code code="ECAT">
    <editdetail attribution="Reuters BIP Coding Group" action="confirmed" date="1997-04-30"/>
  </code>
  <code code="G15">
    <editdetail attribution="Reuters BIP Coding Group" action="confirmed" date="1997-04-30"/>
  </code>
  <code code="G158">
    <editdetail attribution="Reuters BIP Coding Group" action="confirmed" date="1997-04-30"/>
  </code>
  <code code="GCAT">
    <editdetail attribution="Reuters BIP Coding Group" action="confirmed" date="1997-04-30"/>
  </code>
</codes>
<dc element="dc.date.created" value="1997-04-30"/>
<dc element="dc.publisher" value="Reuters Holdings Plc"/>
<dc element="dc.date.published" value="1997-04-30"/>
<dc element="dc.source" value="Reuters"/>
<dc element="dc.creator.location" value="GENEVA"/>
<dc element="dc.creator.location.country.name" value="SWITZERLAND"/>
<dc element="dc.source" value="Reuters"/>
</metadata>
</newsitem>
