<?xml version="1.0" encoding="iso-8859-1" ?>
<newsitem itemid="193719" id="root" date="1996-11-15" xml:lang="en">
<title>SPAIN: INDICATORS - Spain - updated November 15.</title>
<headline>INDICATORS - Spain - updated November 15.</headline>
<text>
<p>INDICATORS - monthly     MTH/MTH   PVS    YR-AGO  INDEX TOTAL</p>
<p>CPI (%)		Oct    +0.1    +0.2     +0.2    120.1**   -</p>
<p> Yr/yr Inflation (%)	+3.5    +3.6     +4.3    120.1     -</p>
<p>Core Inflation		+0.2    +0.2     +0.4	-	 -</p>
<p> Yr/yr rise		   +3.2    +3.4     +4.9	-	 -</p>
<p>JOBLESS (INEM)     Oct  +40,099  +51,106  +14,490    -     2.23M</p>
<p> Rate (%)		     14.08   13.82    15.41     -	 -</p>
<p>BALANCE OF PAYMENTS</p>
<p> Trade (bln pts)   Aug   -133.5   -163.5   -240.0    -	  -</p>
<p> Cur Acc (bln pts) Aug    173.8     -8.6    115.4    -	  -</p>
<p>RESERVES ($MLN)    Oct  1,462.4 +1,276.4    +58,5    -  57,862.3</p>
<p>PRODUCER PRICES(%) Sept     0.3	0.0     +0.3    119.7**   -</p>
<p> Yr/yr rise (%)		+0.8     +0.8     +6.6    118.8     -</p>
<p>INDUSTRIAL PROD.   Aug	 -	 -	  -	 -	  -</p>
<p> Yr/yr figures (%)	   -1,6     +4.0     +5.0     66.3**   -</p>
<p>M4 MONEY SUPPLY(%) Oct    +12.4     +9.3R    +6.2R     -	 -</p>
<p> Total M4 adj. (trln pts)    -	 -	  -	  -  77.372</p>
<p>TRADE BALANCE</p>
<p> Exports (bln pts) Sept 1,040.7     754.2    995.4     -	 -</p>
<p> Imports (bln pts) Sept 1,341.8     934.2  1,282.6     -	 -</p>
<p> Deficit/surplus   Sept  -301.0    -179.9   -287.2     -	 -</p>
<p> Deficit yr to date    -2,037.1  -1,736.1 -2,234.3     -	 -</p>
<p>GOVT.BUDGET (bln pts)					Govt.Fcast 96</p>
<p> Deficit/surplus   Sept  -193.4    -803.4   -329.7     -</p>
<p> Def./surplus to date  -2,180.8  -1,987.0 -2,513.2     -2.6 trln</p>
<p>---------------------------------------------------------------</p>
<p>INDICATORS - quarterly   QUARTER   PVS QTR   YR-AGO    -	-</p>
<p>EPA		    Q2   +168,130   +31,230   +167,330   12.3 million</p>
<p>GDP</p>
<p> Yr-yr  (%)	  Q2	+1.9	+2.0R    +3.1     -	-</p>
<p> Absolute amount(trln pts) 18.3	18.1     17.3     -   69.7</p>
<p>INTEREST RATES	   Latest rate  Pvs rate  Date changed</p>
<p> Key rate (%)		   6.75	7.25    03/10/96 RATINGS</p>
<p>KINGDOM OF SPAIN  Long term  Short term    Outlook (currency)</p>
<p>MOODY's			   Aa2	   P1	    stable S&amp;P</p>
<p>				AA	   A-1+	   stable</p>
<p>NOTES - Bank of Spain announces balance of payments. Jobless figures are registered unemployed at labour ministry. Trade data are customs-cleared, published by economy ministry. Latest M4, currency reserves, industrial production data are provisional. GDP figures are quarterly on annualised basis. EPA - Quarterly survey of employment levels (INE). Data give variation in employed persons, in thousands. Last column -TOTAL- is latest for jobless and accumulated for the rest (GDP total amount corresponds to 1995). Government budget figures relate to central government finances only. **General Consumer Price Index (100=1992), Producer Prices Index and Industrial Production Index (100=1990).</p>
<p>Madrid newsroom + 34 1 585-8315</p>
</text>
<copyright>(c) Reuters Limited 1996</copyright>
<metadata>
<codes class="bip:countries:1.0">
  <code code="SPAIN">
    <editdetail attribution="Reuters BIP Coding Group" action="confirmed" date="1996-11-15"/>
  </code>
</codes>
<codes class="bip:topics:1.0">
  <code code="E71">
    <editdetail attribution="Reuters BIP Coding Group" action="confirmed" date="1996-11-15"/>
  </code>
  <code code="ECAT">
    <editdetail attribution="Reuters BIP Coding Group" action="confirmed" date="1996-11-15"/>
  </code>
</codes>
<dc element="dc.publisher" value="Reuters Holdings Plc"/>
<dc element="dc.date.published" value="1996-11-15"/>
<dc element="dc.source" value="Reuters"/>
<dc element="dc.creator.location.country.name" value="SPAIN"/>
<dc element="dc.source" value="Reuters"/>
</metadata>
</newsitem>
