<?xml version="1.0" encoding="iso-8859-1" ?>
<newsitem itemid="523963" id="root" date="1997-04-21" xml:lang="en">
<title>BULGARIA: BULGARIAN NATIONAL BANK FIXINGS FOR TUESDAY.</title>
<headline>BULGARIAN NATIONAL BANK FIXINGS FOR TUESDAY.</headline>
<dateline>SOFIA 1997-04-21</dateline>
<text>
<p>The Bulgarian National Bank set</p>
<p>the following fixed exchange rates against the Bulgarian lev</p>
<p>for Tuesday:</p>
<p>(Previous in brackets)</p>
<p>    USD  1,566.50 (1,500.70)	CHF  1,080.60 (1,027.00)</p>
<p>    DEM    920.93 (873.82)	  GBP  2,558.70 (2,448.20)</p>
<p>    ATS    130.64 (124.15)</p>
<p>Trading volume for Monday (total as dollar equivalent):</p>
<p>    Banks bought    $18.94 million</p>
<p>    Banks sold	$19.23 million</p>
<p>Total turnover  $38.17 million ($38.33 million)</p>
<p>-- Sofia Newsroom, (++359-2) 91188</p>
</text>
<copyright>(c) Reuters Limited 1997</copyright>
<metadata>
<codes class="bip:countries:1.0">
  <code code="BUL">
    <editdetail attribution="Reuters BIP Coding Group" action="confirmed" date="1997-04-21"/>
  </code>
</codes>
<codes class="bip:topics:1.0">
  <code code="M13">
    <editdetail attribution="Reuters BIP Coding Group" action="confirmed" date="1997-04-21"/>
  </code>
  <code code="M132">
    <editdetail attribution="Reuters BIP Coding Group" action="confirmed" date="1997-04-21"/>
  </code>
  <code code="MCAT">
    <editdetail attribution="Reuters BIP Coding Group" action="confirmed" date="1997-04-21"/>
  </code>
</codes>
<dc element="dc.date.created" value="1997-04-21"/>
<dc element="dc.publisher" value="Reuters Holdings Plc"/>
<dc element="dc.date.published" value="1997-04-21"/>
<dc element="dc.source" value="Reuters"/>
<dc element="dc.creator.location" value="SOFIA"/>
<dc element="dc.creator.location.country.name" value="BULGARIA"/>
<dc element="dc.source" value="Reuters"/>
</metadata>
</newsitem>
