<?xml version="1.0" encoding="iso-8859-1" ?>
<newsitem itemid="86865" id="root" date="1996-09-30" xml:lang="en">
<title>LEBANON: PRESS DIGEST - Lebanon -  Sept 30.</title>
<headline>PRESS DIGEST - Lebanon -  Sept 30.</headline>
<dateline>BEIRUT 1996-09-30</dateline>
<text>
<p>These are the leading stories in the Beirut press on Monday. Reuters has not verified these stories and does not vouch for their accuracy.</p>
<p>AN-NAHAR</p>
<p>-Prime Minister Hariri said in Paris that Israel was destroying peace. He returned from Damascus in the evening.</p>
<p>-Maronite Patriarch Sfeir: the government must not ignore its people's demands and needs.</p>
<p>AS-SAFIR</p>
<p>-In an international conference on infrastructure in the region: Lebanon's debts are transforming into a time bomb.</p>
<p>-Foreign Minister Bouez in New York: The US-Israeli relations  are weakening.</p>
<p>-Israeli shelling of the eastern and central sectors. One South Lebanon Army militiaman killed, another wounded by Israeli fire.</p>
<p>AL-ANWAR</p>
<p>-If the government insists on the audiovisual law, protests and demonstrations will begin next week.</p>
<p>AL-DIYAR</p>
<p>-One Israeli soldier killed and 11 wounded in 50 guerrilla attacks against patrols and outposts during September.</p>
<p>NIDA'A AL-WATAN</p>
<p>-Acting Finance Minister Siniora on his way to the consultative group meeting in New York: We hope to get donations and soft loans.</p>
</text>
<copyright>(c) Reuters Limited 1996</copyright>
<metadata>
<codes class="bip:countries:1.0">
  <code code="LEBAN">
    <editdetail attribution="Reuters BIP Coding Group" action="confirmed" date="1996-09-30"/>
  </code>
</codes>
<codes class="bip:topics:1.0">
  <code code="GCAT">
    <editdetail attribution="Reuters BIP Coding Group" action="confirmed" date="1996-09-30"/>
  </code>
</codes>
<dc element="dc.date.created" value="1996-09-30"/>
<dc element="dc.publisher" value="Reuters Holdings Plc"/>
<dc element="dc.date.published" value="1996-09-30"/>
<dc element="dc.source" value="Reuters"/>
<dc element="dc.creator.location" value="BEIRUT"/>
<dc element="dc.creator.location.country.name" value="LEBANON"/>
<dc element="dc.source" value="Reuters"/>
</metadata>
</newsitem>
