<?xml version="1.0" encoding="iso-8859-1" ?>
<newsitem itemid="210615" id="root" date="1996-11-22" xml:lang="en">
<title>USA: FINAL PRICING - Clark Cty S.D., Nev., $40 mln.</title>
<headline>FINAL PRICING - Clark Cty S.D., Nev., $40 mln.</headline>
<text>
<p>CLARK COUNTY SCHOOL DISTRICT, NEVADA</p>
<p>RE: $40,000,000</p>
<p>GENERAL OBLIGATION (LIMITED TAX) BOND</p>
<p>					    5,000,000.00</p>
<p>				    COMPUTER EQUIPMENT BONDS</p>
<p>				    SERIES DECEMBER , 1996A</p>
<p>    MOODY'S: Aaa		   S&amp;P: AAA</p>
<p>		 (A1)			 (A+)</p>
<p>Delivery Date: 12/11/1996 Expected</p>
<p>FGIC INSURED</p>
<p>Maturity	   Balance     Coupon    List</p>
<p>06/15/1999A	  1,500M    5.50	  4.05</p>
<p>06/15/2000A	  2,000M    5.50	  4.25</p>
<p>  Total:	     3,500M</p>
<p>					   35,000,000.00</p>
<p>				 BUILDING AND RENOVATION BONDS</p>
<p>				    SERIES DECEMBER 1, 1996B</p>
<p>    MOODY'S: Aaa		   S&amp;P: AAA</p>
<p>		 (A1)			 (A+)</p>
<p>Delivery Date: 12/11/1996 Expected</p>
<p>Maturity	   Balance     Coupon    List</p>
<p>06/15/2001B	  1,380M    5.50	  4.35</p>
<p>06/15/2002B	  1,465M    5.50	  4.45</p>
<p>06/15/2003B	  1,565M    6.00	  4.55</p>
<p>06/15/2004B	  1,665M    6.50	  4.65</p>
<p>06/15/2008B	    485M    5.00	  5.05</p>
<p>06/15/2009B	  2,190M    5.00	  5.15</p>
<p>06/15/2010B	  2,305M    5.00	  5.25</p>
<p>06/15/2012B	  2,560M    5.00	  5.35</p>
<p>06/15/2014B	  5,540M    5.00	  5.40</p>
<p>06/15/2016B	  6,165M    5.00	  5.45</p>
<p>  Total:	    25,320M</p>
<p>Grand Total: 28,820M</p>
<p>J.P. Morgan Securities Inc.</p>
<p>Merrill Lynch &amp; Co.</p>
<p>Lehman Brothers</p>
<p>First Chicago Capital Markets, Inc.</p>
<p>PaineWebber Incorporated</p>
<p>BA Securities, Inc.</p>
<p>Raymond, James &amp; Associates</p>
<p>Griffin, Kubik, Stephens &amp; Thompson, Inc.</p>
<p>Dean Witter Reynolds Inc.</p>
<p>--U.S. Municipal Desk, 212-859-1650</p>
</text>
<copyright>(c) Reuters Limited 1996</copyright>
<metadata>
<codes class="bip:countries:1.0">
  <code code="USA">
    <editdetail attribution="Reuters BIP Coding Group" action="confirmed" date="1996-11-22"/>
  </code>
</codes>
<codes class="bip:topics:1.0">
  <code code="E21">
    <editdetail attribution="Reuters BIP Coding Group" action="confirmed" date="1996-11-22"/>
  </code>
  <code code="E212">
    <editdetail attribution="Reuters BIP Coding Group" action="confirmed" date="1996-11-22"/>
  </code>
  <code code="ECAT">
    <editdetail attribution="Reuters BIP Coding Group" action="confirmed" date="1996-11-22"/>
  </code>
</codes>
<dc element="dc.publisher" value="Reuters Holdings Plc"/>
<dc element="dc.date.published" value="1996-11-22"/>
<dc element="dc.source" value="Reuters"/>
<dc element="dc.creator.location.country.name" value="USA"/>
<dc element="dc.source" value="Reuters"/>
</metadata>
</newsitem>
