<?xml version="1.0" encoding="iso-8859-1" ?>
<newsitem itemid="566595" id="root" date="1997-05-07" xml:lang="en">
<title>USA: U.S. normal butane holds much of yesterday's gain.</title>
<headline>U.S. normal butane holds much of yesterday's gain.</headline>
<dateline>NEW YORK 1997-05-07</dateline>
<text>
<p>U.S. spot prices for normal butane held onto much of yesterday's gains in midday trade on Wednesday amid continued interest in the product by petrochemical companies and traders.</p>
<p>In the U.S. Gulf Coast, Mont Belvieu, Texas, normal butane stayed steady at 39.75 cents and 40.00 cents a gallon after gaining 1.25 cents on Tuesday.</p>
<p>Such players as Exxon, Warren and Enron were heard in the market Tuesday buying barrels for petrochemical concerns.</p>
<p>In Conway, Kansas, spot normal butane drifted down about a quarter cent after gaining a penny Tuesday. Players were still shipping barrels south but in lesser quantity.</p>
<p>A luncheon in the hub also dampened activity on Wednesday.</p>
<p>On the back of stronger natural gas futures, Belvieu ethane traded at 20.25 cents, up a quarter from yesterday. Ethane mix traded hands at 18.75 cents, also up a quarter. --((Laney Salisbury, New York Energy Desk, 212 859-1631))</p>
</text>
<copyright>(c) Reuters Limited 1997</copyright>
<metadata>
<codes class="bip:countries:1.0">
  <code code="USA">
    <editdetail attribution="Reuters BIP Coding Group" action="confirmed" date="1997-05-07"/>
  </code>
</codes>
<codes class="bip:topics:1.0">
  <code code="M14">
    <editdetail attribution="Reuters BIP Coding Group" action="confirmed" date="1997-05-07"/>
  </code>
  <code code="M143">
    <editdetail attribution="Reuters BIP Coding Group" action="confirmed" date="1997-05-07"/>
  </code>
  <code code="MCAT">
    <editdetail attribution="Reuters BIP Coding Group" action="confirmed" date="1997-05-07"/>
  </code>
</codes>
<dc element="dc.date.created" value="1997-05-07"/>
<dc element="dc.publisher" value="Reuters Holdings Plc"/>
<dc element="dc.date.published" value="1997-05-07"/>
<dc element="dc.source" value="Reuters"/>
<dc element="dc.creator.location" value="NEW YORK"/>
<dc element="dc.creator.location.country.name" value="USA"/>
<dc element="dc.source" value="Reuters"/>
</metadata>
</newsitem>
