<?xml version="1.0" encoding="iso-8859-1" ?>
<newsitem itemid="550770" id="root" date="1997-04-30" xml:lang="en">
<title>USA: U.S. 3-Area Base Cost Hogs Carcass Lean Value - USDA.</title>
<headline>U.S. 3-Area Base Cost Hogs Carcass Lean Value - USDA.</headline>
<dateline>DES MOINES, Iowa 1997-04-30</dateline>
<text>
<p>Base Cost Lean Value</p>
<p>Hog Carcass values for Tuesday, April 29. -- USDA</p>
<p> DAILY    Volume	  Avg	 Bcost	 Bcost    Bcost</p>
<p> 3-AREA		     Carcass  47-48%	 49-50%   51-52%</p>
<p>				 Wght   *1.10-1.19 *1.00-1.09 *.80-.99</p>
<p>04/29/97  114,216	 184.6     78.13	 79.26     81.13</p>
<p>04/28/97  116,964	 183.9     77.55	 78.65     80.54</p>
<p>04/25/97  119,438	 184.4     77.12	 78.21     80.08</p>
<p>04/24/97  115,193	 185.8     76.17	 77.25     79.11</p>
<p>04/23/97  116,258	 186.5     75.26	 76.33     78.18</p>
<p>04/22/97  120,177	 185.4     75.46	 76.54     78.37</p>
<p>04/30/96  125,735	 182.7     69.78	 71.21     72.53</p>
<p>WEEKLY 3-AREA</p>
<p>Week Ended:</p>
<p>04/26/97  589,873	 185.0     76.01	 77.05     78.90</p>
<p>04/05/97  584,950	 185.3     68.77	 69.83     71.47</p>
<p>05/04/96  633,681	 183.1     70.40	 71.83     73.16</p>
<p>Note: *Indicates backfat. Includes volume, weighted average base cost and average carcass weight for Mid-South, Eastern Cornbelt, and Western Cornbelt based on actual, not estimated, data. The 51-52 pct values are used to calculate CME Lean Hog Value Index. Weekly totals include Saturday and/or Sunday data.</p>
</text>
<copyright>(c) Reuters Limited 1997</copyright>
<metadata>
<codes class="bip:countries:1.0">
  <code code="USA">
    <editdetail attribution="Reuters BIP Coding Group" action="confirmed" date="1997-04-30"/>
  </code>
</codes>
<codes class="bip:topics:1.0">
  <code code="M14">
    <editdetail attribution="Reuters BIP Coding Group" action="confirmed" date="1997-04-30"/>
  </code>
  <code code="M141">
    <editdetail attribution="Reuters BIP Coding Group" action="confirmed" date="1997-04-30"/>
  </code>
  <code code="MCAT">
    <editdetail attribution="Reuters BIP Coding Group" action="confirmed" date="1997-04-30"/>
  </code>
</codes>
<dc element="dc.date.created" value="1997-04-30"/>
<dc element="dc.publisher" value="Reuters Holdings Plc"/>
<dc element="dc.date.published" value="1997-04-30"/>
<dc element="dc.source" value="Reuters"/>
<dc element="dc.creator.location" value="DES MOINES, Iowa"/>
<dc element="dc.creator.location.country.name" value="USA"/>
<dc element="dc.source" value="Reuters"/>
</metadata>
</newsitem>
