<?xml version="1.0" encoding="iso-8859-1" ?>
<newsitem itemid="137583" id="root" date="1996-10-23" xml:lang="en">
<title>USA: Destec Energy Inc Q3 shr rises to $0.33.</title>
<headline>Destec Energy Inc Q3 shr rises to $0.33.</headline>
<dateline>HOUSTON 1996-10-23</dateline>
<text>
<p>(In Thousands of Dollars, except per share amounts)</p>
<p>			3 mos ended Sept. 30    9 mos ended Sept. 30</p>
<p>				1996	  1995	 1996	1995</p>
<p>Revenues:</p>
<p>Power, steam and syngas</p>
<p>			   $ 66,791    $ 37,035   $155,873 $132,178</p>
<p>Engineering and</p>
<p>    operations	   65,275	60,798    241,652  321,039</p>
<p>   Energy resources     4,214	 2,707     12,761   11,785</p>
<p>   Development	   11,058	     5     22,795    8,062</p>
<p>	Total Revenues  147,338     100,545    433,081  473,064</p>
<p>Total Operating Costs</p>
<p>  and Expenses	  135,869     106,595    413,946  477,325</p>
<p>Earnings from equity</p>
<p>  investments	     6,913	 5,061     13,519    9,283</p>
<p>Gain on sale of oil and</p>
<p>  gas properties	     --	11,890	   --   11,890</p>
<p> Interest Income	  3,614	 7,484     14,179   22,221</p>
<p>Minority Interest &amp; Other</p>
<p>  Income			126	    17	  389	689</p>
<p>Income before provision</p>
<p>  for taxes on income  22,122	18,402     47,222   39,822</p>
<p> Provision for Taxes    3,859	 3,718     11,887   10,145</p>
<p> Net Income		18,263	14,684     35,335   29,677</p>
<p> Net Income Per Share    0.33	  0.25	 0.62     0.51</p>
<p> Avg shrs	   56,016,715  58,749,878 57,016,250 58,761,815</p>
<p>-- New York Newsdesk 212 859-1610</p>
</text>
<copyright>(c) Reuters Limited 1996</copyright>
<metadata>
<codes class="bip:countries:1.0">
  <code code="USA">
    <editdetail attribution="Reuters BIP Coding Group" action="confirmed" date="1996-10-23"/>
  </code>
</codes>
<codes class="bip:industries:1.0">
  <code code="I16300">
    <editdetail attribution="Reuters BIP Coding Group" action="confirmed" date="1996-10-23"/>
  </code>
</codes>
<codes class="bip:topics:1.0">
  <code code="C15">
    <editdetail attribution="Reuters BIP Coding Group" action="confirmed" date="1996-10-23"/>
  </code>
  <code code="C151">
    <editdetail attribution="Reuters BIP Coding Group" action="confirmed" date="1996-10-23"/>
  </code>
  <code code="CCAT">
    <editdetail attribution="Reuters BIP Coding Group" action="confirmed" date="1996-10-23"/>
  </code>
</codes>
<dc element="dc.date.created" value="1996-10-23"/>
<dc element="dc.publisher" value="Reuters Holdings Plc"/>
<dc element="dc.date.published" value="1996-10-23"/>
<dc element="dc.source" value="Reuters"/>
<dc element="dc.creator.location" value="HOUSTON"/>
<dc element="dc.creator.location.country.name" value="USA"/>
<dc element="dc.source" value="Reuters"/>
</metadata>
</newsitem>
