<?xml version="1.0" encoding="iso-8859-1" ?>
<newsitem itemid="809382" id="root" date="1997-08-19" xml:lang="en">
<title>UK: Liverpool cotton shipments - Aug 19.</title>
<headline>Liverpool cotton shipments - Aug 19.</headline>
<text>
<p>US CENTS PER LB.</p>
<p> AMER N.O/TEXAS	  MIDD 1-1/32(97/98)    Nov/Dec  80.75</p>
<p> AMER MEMPHIS TERR.    MIDD 1-3/32(97/98)    Nov/Dec  83.50</p>
<p> S.BRAZILIAN TYPE 5/6	 1-1/16(97/98)    -------  unq</p>
<p> PARAGUAYAN		MIDD 1-3/32(97/98)    -------  unq</p>
<p> ARGENTINE GRD C-1/2	  1-1/16(97/98)    -------  unq</p>
<p> TURK ADANA STD.1	     1-1/16(97/98)    -------  unq</p>
<p> TURK IZMIR/ANT ST.1	  1-3/32 RG(97/98) -------  unq</p>
<p> CENTRAL ASIAN	   MIDD 1-3/32(97/98)    -------  unq</p>
<p> PAK SIND/PUNJAB-AFZAL	1-1/32(97/98)    Dec/Jan  76.50</p>
<p> AFRICAN FRANC ZONES	  1-3/32(97/98)    Jan/Feb  78.25</p>
<p> AUSTRALIAN S.M		 1-3/32(97/98)    Apr/May  86.25</p>
<p> SUDAN BARAKAT NO. X4B	1-3/32(97/98)    Sep/Oct  92.00</p>
<p> SUDAN ACALA 1			  (97/98)    Sep/Oct  69.25</p>
<p> PERU TANGIUS GRD	     3-1/12	     -------    unq</p>
<p> PERU PIMA GRD 1		1-9/16	     -------    unq</p>
</text>
<copyright>(c) Reuters Limited 1997</copyright>
<metadata>
<codes class="bip:countries:1.0">
  <code code="UK">
    <editdetail attribution="Reuters BIP Coding Group" action="confirmed" date="1997-08-19"/>
  </code>
</codes>
<codes class="bip:topics:1.0">
  <code code="M14">
    <editdetail attribution="Reuters BIP Coding Group" action="confirmed" date="1997-08-19"/>
  </code>
  <code code="M141">
    <editdetail attribution="Reuters BIP Coding Group" action="confirmed" date="1997-08-19"/>
  </code>
  <code code="MCAT">
    <editdetail attribution="Reuters BIP Coding Group" action="confirmed" date="1997-08-19"/>
  </code>
</codes>
<dc element="dc.publisher" value="Reuters Holdings Plc"/>
<dc element="dc.date.published" value="1997-08-19"/>
<dc element="dc.source" value="Reuters"/>
<dc element="dc.creator.location.country.name" value="UK"/>
<dc element="dc.source" value="Reuters"/>
</metadata>
</newsitem>
