<?xml version="1.0" encoding="iso-8859-1" ?>
<newsitem itemid="174658" id="root" date="1996-11-07" xml:lang="en">
<title>JAPAN: Sony - 6mth parent results.</title>
<headline>Sony - 6mth parent results.</headline>
<dateline>TOKYO 1996-11-07</dateline>
<text>
<p>Six months to September 30, 1996</p>
<p> (Parent)	(in billions of yen unless specified)</p>
<p> Sales		  1.03 trln	 vs	  986.73</p>
<p> Operating	   22.54		vs	   11.92</p>
<p> Current	     23.04		vs	   12.61</p>
<p> Net		   11.44		vs	   11.31</p>
<p> EPS		   30.58 yen	  vs	   30.25 yen</p>
<p> Shares	    374 million	  vs	 374 million</p>
<p> Interim div	 25.00 yen	  vs	   25.00 yen</p>
<p>NOTE - Sony Corp is a large manufacturer of consumer electronics.</p>
</text>
<copyright>(c) Reuters Limited 1996</copyright>
<metadata>
<codes class="bip:countries:1.0">
  <code code="JAP">
    <editdetail attribution="Reuters BIP Coding Group" action="confirmed" date="1996-11-07"/>
  </code>
</codes>
<codes class="bip:industries:1.0">
  <code code="I34540">
    <editdetail attribution="Reuters BIP Coding Group" action="confirmed" date="1996-11-07"/>
  </code>
</codes>
<codes class="bip:topics:1.0">
  <code code="C15">
    <editdetail attribution="Reuters BIP Coding Group" action="confirmed" date="1996-11-07"/>
  </code>
  <code code="C151">
    <editdetail attribution="Reuters BIP Coding Group" action="confirmed" date="1996-11-07"/>
  </code>
  <code code="CCAT">
    <editdetail attribution="Reuters BIP Coding Group" action="confirmed" date="1996-11-07"/>
  </code>
</codes>
<dc element="dc.date.created" value="1996-11-07"/>
<dc element="dc.publisher" value="Reuters Holdings Plc"/>
<dc element="dc.date.published" value="1996-11-07"/>
<dc element="dc.source" value="Reuters"/>
<dc element="dc.creator.location" value="TOKYO"/>
<dc element="dc.creator.location.country.name" value="JAPAN"/>
<dc element="dc.source" value="Reuters"/>
</metadata>
</newsitem>
