<?xml version="1.0" encoding="iso-8859-1" ?>
<newsitem itemid="514619" id="root" date="1997-04-16" xml:lang="en">
<title>USA: Valencia/Newhall, Calif., yields 5.846 pct in 2014.</title>
<headline>Valencia/Newhall, Calif., yields 5.846 pct in 2014.</headline>
<text>
<p>PRELIMINARY PRICING</p>
<p>COMMUNITY FACILITIES DISTRICT N0.3</p>
<p>RE: $19,215,000*</p>
<p>(VALENCIA/NEWHALL AREA)</p>
<p>OF THE COUNTY OF LOS ANGELES,</p>
<p>IMPROVEMENT AREA A SPECIAL TAX REFUNDING BONDS,</p>
<p>SERIES 1997A</p>
<p>THIS ISSUE WILL BE IN BOOK ENTRY FORM THROUGH THE FACILITIES</p>
<p>OF DTC</p>
<p>THIS IS A PRELIMINARY PRICING.</p>
<p>MOODY'S: Aaa		   S&amp;P: AAA</p>
<p>FSA INSURED</p>
<p>DATED: 04/01/1997	    FIRST COUPON: 09/01/1997</p>
<p>DUE: 09/01</p>
<p> MATURITY		AMOUNT*    COUPON	   PRICE</p>
<p>09/01/1997		  190M    3.75  %	100.00</p>
<p>09/01/1998		  750M    4.00  %	100.00</p>
<p>09/01/1999		  780M    4.30  %	  4.40</p>
<p>09/01/2000		  815M    4.50  %	  4.60</p>
<p>09/01/2001		  850M    4.70  %	  4.75</p>
<p>-----------------------------------------------------</p>
<p>09/01/2002		  890M    4.80  %	  4.85</p>
<p>09/01/2003		  930M    4.90  %	  5.00</p>
<p>09/01/2004		  975M    5.00  %	  5.10</p>
<p>09/01/2005		1,025M    5.10  %	  5.20</p>
<p>09/01/2006		1,075M    5.20  %	  5.30</p>
<p>-----------------------------------------------------</p>
<p>09/01/2007		1,130M    5.25  %	  5.35</p>
<p>09/01/2008		1,185M    5.30  %	  5.45</p>
<p>09/01/2009		1,250M    5.375 %	  5.55</p>
<p>09/01/2010		1,320M    5.50  %	  5.65</p>
<p>09/01/2014		6,050M    5.50  %	 96.25</p>
<p>						 (Approx. Yield 5.846)</p>
<p>CALL FEATURES: 09/01/2007    102.00</p>
<p>		   DTP 09/01/2009</p>
<p>* - APPROXIMATE SUBJECT TO CHANGE</p>
<p>The compliance addendum MSRB Rule G-11 will apply.</p>
<p>The bonds will ONLY be blue skyed in California.</p>
<p>The award is expected Friday, April 18, 1997.</p>
<p>Delivery is expected on May 1, 1997.</p>
<p>This issue is book entry through DTC.</p>
<p>PaineWebber Incorporated</p>
<p>Prager McCarthy &amp; Sealy</p>
<p>--U.S. Municipal Desk, 212-859-1650</p>
</text>
<copyright>(c) Reuters Limited 1997</copyright>
<metadata>
<codes class="bip:countries:1.0">
  <code code="USA">
    <editdetail attribution="Reuters BIP Coding Group" action="confirmed" date="1997-04-16"/>
  </code>
</codes>
<codes class="bip:topics:1.0">
  <code code="E21">
    <editdetail attribution="Reuters BIP Coding Group" action="confirmed" date="1997-04-16"/>
  </code>
  <code code="E212">
    <editdetail attribution="Reuters BIP Coding Group" action="confirmed" date="1997-04-16"/>
  </code>
  <code code="ECAT">
    <editdetail attribution="Reuters BIP Coding Group" action="confirmed" date="1997-04-16"/>
  </code>
</codes>
<dc element="dc.publisher" value="Reuters Holdings Plc"/>
<dc element="dc.date.published" value="1997-04-16"/>
<dc element="dc.source" value="Reuters"/>
<dc element="dc.creator.location.country.name" value="USA"/>
<dc element="dc.source" value="Reuters"/>
</metadata>
</newsitem>
