<?xml version="1.0" encoding="iso-8859-1" ?>
<newsitem itemid="7870" id="root" date="1996-08-22" xml:lang="en">
<title>GERMANY: Bundesbank cuts repo,holds official rates steady.</title>
<headline>Bundesbank cuts repo,holds official rates steady.</headline>
<dateline>FRANKFURT 1996-08-22</dateline>
<text>
<p>The Bundesbank said on Thursday its council held the German discount and Lombard rates steady after its regular meeting, but cut its main money rate, the repo, to three percent from 3.30 percent.</p>
<p>The German discount rate remains at 2.50 percent and the Lombard emergency financing rate at 4.50 percent. The securities repurchase rate or repo has been steady at 3.30 percent since February.</p>
<p>Today's repo cut was larger than most economists had expected. Several had predicted a cut of up to 20 basis points.</p>
</text>
<copyright>(c) Reuters Limited 1996</copyright>
<metadata>
<codes class="bip:countries:1.0">
  <code code="GFR">
    <editdetail attribution="Reuters BIP Coding Group" action="confirmed" date="1996-08-22"/>
  </code>
</codes>
<codes class="bip:topics:1.0">
  <code code="M13">
    <editdetail attribution="Reuters BIP Coding Group" action="confirmed" date="1996-08-22"/>
  </code>
  <code code="M131">
    <editdetail attribution="Reuters BIP Coding Group" action="confirmed" date="1996-08-22"/>
  </code>
</codes>
<dc element="dc.date.created" value="1996-08-22"/>
<dc element="dc.publisher" value="Reuters Holdings Plc"/>
<dc element="dc.date.published" value="1996-08-22"/>
<dc element="dc.source" value="Reuters"/>
<dc element="dc.creator.location" value="FRANKFURT"/>
<dc element="dc.creator.location.country.name" value="GERMANY"/>
<dc element="dc.source" value="Reuters"/>
</metadata>
</newsitem>
