<?xml version="1.0" encoding="iso-8859-1" ?>
<newsitem itemid="560220" id="root" date="1997-05-05" xml:lang="en">
<title>USA: Meridian Sports Inc Q1 loss vs profit.</title>
<headline>Meridian Sports Inc Q1 loss vs profit.</headline>
<dateline>VONORE, Tenn. 1997-05-05</dateline>
<text>
<p>1997			1996</p>
<p> Shr loss		   $0.03   profit	 $0.04</p>
<p> Net loss		     300   profit	   300</p>
<p> Revs			22,000		   33,600</p>
<p> Avg shrs		   8,000		    8,000</p>
<p>(All data above 000s except per share numbers)</p>
<p>NOTE: 1996 Q1 includes $3.6 million in restructuring charges, a $12.0 million gain from sale of unit and unusual item, and a $700,000 extraordinary charge.</p>
</text>
<copyright>(c) Reuters Limited 1997</copyright>
<metadata>
<codes class="bip:countries:1.0">
  <code code="USA">
    <editdetail attribution="Reuters BIP Coding Group" action="confirmed" date="1997-05-05"/>
  </code>
</codes>
<codes class="bip:industries:1.0">
  <code code="I49420">
    <editdetail attribution="Reuters BIP Coding Group" action="confirmed" date="1997-05-05"/>
  </code>
</codes>
<codes class="bip:topics:1.0">
  <code code="C15">
    <editdetail attribution="Reuters BIP Coding Group" action="confirmed" date="1997-05-05"/>
  </code>
  <code code="C151">
    <editdetail attribution="Reuters BIP Coding Group" action="confirmed" date="1997-05-05"/>
  </code>
  <code code="CCAT">
    <editdetail attribution="Reuters BIP Coding Group" action="confirmed" date="1997-05-05"/>
  </code>
</codes>
<dc element="dc.date.created" value="1997-05-05"/>
<dc element="dc.publisher" value="Reuters Holdings Plc"/>
<dc element="dc.date.published" value="1997-05-05"/>
<dc element="dc.source" value="Reuters"/>
<dc element="dc.creator.location" value="VONORE, Tenn."/>
<dc element="dc.creator.location.country.name" value="USA"/>
<dc element="dc.source" value="Reuters"/>
</metadata>
</newsitem>
