<?xml version="1.0" encoding="iso-8859-1" ?>
<newsitem itemid="291365" id="root" date="1997-01-07" xml:lang="en">
<title>PAKISTAN: Pakistani stocks end down on army role in govt.</title>
<headline>Pakistani stocks end down on army role in govt.</headline>
<dateline>KARACHI, Pakistan 1997-01-07</dateline>
<text>
<p>Pakistani stocks ended down on Tuesday amid bearish sentiment after President Farooq Leghari created a council giving the military a formal advisory role in government affairs, dealers said.</p>
<p>The Karachi Stock Exchange 100-share index ended 14.72 points, or 1.09 percent, down at 1,341.31. Losing stocks outpaced gainers 123 to 53 but volume rose to 23.8 million from Monday's 22.9 million.</p>
<p>Dull trading followed the creation of the council in which power tilts towards the presidency and military, a dealer said.  </p>
<p>&quot;Declining volume and falling index reflects the uncertainty and lack of confidence among investors,&quot; the dealer said. The market might open lower on Wednesday.</p>
<p>PTCL fell 0.70 to 23.85, Dewan Salman 1.10 to 31.65, Siemens 4.75 to 155, PSO 4.0 to 265, Fauji Fertilizer 1.50 to 67.50 and Adamjee Insurance 2.25 to 84.75.</p>
<p>						    Tuesday    Jan 6</p>
<p>KSE all-share index			   869.32     874.87</p>
<p>Market capitalisation in billion rupees 426.82     429.54</p>
<p>Trading value in billion rupees	     0.62	 0.58</p>
<p>-- Ibrahim Khan 9221-5685192</p>
</text>
<copyright>(c) Reuters Limited 1997</copyright>
<metadata>
<codes class="bip:countries:1.0">
  <code code="PAKIS">
    <editdetail attribution="Reuters BIP Coding Group" action="confirmed" date="1997-01-07"/>
  </code>
</codes>
<codes class="bip:topics:1.0">
  <code code="M11">
    <editdetail attribution="Reuters BIP Coding Group" action="confirmed" date="1997-01-07"/>
  </code>
  <code code="MCAT">
    <editdetail attribution="Reuters BIP Coding Group" action="confirmed" date="1997-01-07"/>
  </code>
</codes>
<dc element="dc.date.created" value="1997-01-07"/>
<dc element="dc.publisher" value="Reuters Holdings Plc"/>
<dc element="dc.date.published" value="1997-01-07"/>
<dc element="dc.source" value="Reuters"/>
<dc element="dc.creator.location" value="KARACHI, Pakistan"/>
<dc element="dc.creator.location.country.name" value="PAKISTAN"/>
<dc element="dc.source" value="Reuters"/>
</metadata>
</newsitem>
