<?xml version="1.0" encoding="iso-8859-1" ?>
<newsitem itemid="600099" id="root" date="1997-05-20" xml:lang="en">
<title>JAPAN: Kanematsu - 96/97 parent results.</title>
<headline>Kanematsu - 96/97 parent results.</headline>
<dateline>TOKYO 1997-05-20</dateline>
<text>
<p>Year to March 31, 1997</p>
<p> (Parent)	(in billions of yen unless specified)</p>
<p> Sales		  2.95 trln	 vs	    4.31 trln</p>
<p> Operating	   15.31		vs	   15.71</p>
<p> Current		3.55		vs	    2.54</p>
<p> Net	    loss 20.36		vs     prft 1.84</p>
<p> EPS	    loss 70.04 yen	  vs     prft 6.34 yen</p>
<p> Diluted EPS	     -		vs		 -</p>
<p> Shares	    291 million	  vs	 291 million</p>
<p> Ord div		 nil		vs	    5.00 yen</p>
<p>NOTE - Kanematsu Corp is a major trading house.</p>
</text>
<copyright>(c) Reuters Limited 1997</copyright>
<metadata>
<codes class="bip:countries:1.0">
  <code code="JAP">
    <editdetail attribution="Reuters BIP Coding Group" action="confirmed" date="1997-05-20"/>
  </code>
</codes>
<codes class="bip:industries:1.0">
  <code code="I63000">
    <editdetail attribution="Reuters BIP Coding Group" action="confirmed" date="1997-05-20"/>
  </code>
</codes>
<codes class="bip:topics:1.0">
  <code code="C15">
    <editdetail attribution="Reuters BIP Coding Group" action="confirmed" date="1997-05-20"/>
  </code>
  <code code="C151">
    <editdetail attribution="Reuters BIP Coding Group" action="confirmed" date="1997-05-20"/>
  </code>
  <code code="C1511">
    <editdetail attribution="Reuters BIP Coding Group" action="confirmed" date="1997-05-20"/>
  </code>
  <code code="CCAT">
    <editdetail attribution="Reuters BIP Coding Group" action="confirmed" date="1997-05-20"/>
  </code>
</codes>
<dc element="dc.date.created" value="1997-05-20"/>
<dc element="dc.publisher" value="Reuters Holdings Plc"/>
<dc element="dc.date.published" value="1997-05-20"/>
<dc element="dc.source" value="Reuters"/>
<dc element="dc.creator.location" value="TOKYO"/>
<dc element="dc.creator.location.country.name" value="JAPAN"/>
<dc element="dc.source" value="Reuters"/>
</metadata>
</newsitem>
