<?xml version="1.0" encoding="iso-8859-1" ?>
<newsitem itemid="330871" id="root" date="1997-01-24" xml:lang="en">
<title>USA: GM names new head of Australian unit.</title>
<headline>GM names new head of Australian unit.</headline>
<dateline>DETROIT 1997-01-24</dateline>
<text>
<p>General Motors Corp said Friday it named James Wiemels chairman and managing director of Holden Automotive, the company's Australian automotive unit.</p>
<p>Wiemels, 50, replaces William Hamel, 63, who is retiring after 45 years with GM. Hamel has been with GM in Australia since 1986. He was named head of Holden in 1990.</p>
<p>Wiemels, a GM vice president, was previously general manager of the North American Small Car Group Operations, a position he was named to in 1996, the company said. Before that, he was general manager of the Lansing Automotive Division. Wiemels takes over from Hamel March 1.</p>
<p>&quot;Jim Wiemels brings to Holden a strong background in the automotive business, which will allow Holden to further its direction of expanded manufacturing and market prominence in Australia and the Asia Pacific region,&quot; Donald Sullivan, president of GM's Asian and Pacific Operations, said in a statement.</p>
</text>
<copyright>(c) Reuters Limited 1997</copyright>
<metadata>
<codes class="bip:countries:1.0">
  <code code="AUSTR">
    <editdetail attribution="Reuters BIP Coding Group" action="confirmed" date="1997-01-24"/>
  </code>
  <code code="USA">
    <editdetail attribution="Reuters BIP Coding Group" action="confirmed" date="1997-01-24"/>
  </code>
</codes>
<codes class="bip:industries:1.0">
  <code code="I35101">
    <editdetail attribution="Reuters BIP Coding Group" action="confirmed" date="1997-01-24"/>
  </code>
</codes>
<codes class="bip:topics:1.0">
  <code code="C41">
    <editdetail attribution="Reuters BIP Coding Group" action="confirmed" date="1997-01-24"/>
  </code>
  <code code="C411">
    <editdetail attribution="Reuters BIP Coding Group" action="confirmed" date="1997-01-24"/>
  </code>
  <code code="CCAT">
    <editdetail attribution="Reuters BIP Coding Group" action="confirmed" date="1997-01-24"/>
  </code>
</codes>
<dc element="dc.date.created" value="1997-01-24"/>
<dc element="dc.publisher" value="Reuters Holdings Plc"/>
<dc element="dc.date.published" value="1997-01-24"/>
<dc element="dc.source" value="Reuters"/>
<dc element="dc.creator.location" value="DETROIT"/>
<dc element="dc.creator.location.country.name" value="USA"/>
<dc element="dc.source" value="Reuters"/>
</metadata>
</newsitem>
