<?xml version="1.0" encoding="iso-8859-1" ?>
<newsitem itemid="450619" id="root" date="1997-03-18" xml:lang="en">
<title>ITALY: Italian union chief sees car scheme helping output.</title>
<headline>Italian union chief sees car scheme helping output.</headline>
<dateline>ROME 1997-03-18</dateline>
<text>
<p>A top union leader said on Tuesday that industrial production in February and March should receive a boost from a government car incentives scheme introduced at the end of last year.</p>
<p>&quot;In February and March the measures taken by the government at the end of 1996, among them the car incentive scheme, should take some effect,&quot; Sergio Cofferati told a news conference.</p>
<p>Figures released by national statistics institute Istat on Tuesday showed industrial production falling 6.4 percent year-on-year in January but rising a seasonally adjusted 0.4 percent from the previous month.</p>
<p>The car incentives scheme offers government cash to those trading in a car more than 10 years old for a new one.</p>
<p>Cofferati said the output data &quot;entirely confirm our worries ... the slowdown in growth can put at risk existing jobs.&quot;</p>
</text>
<copyright>(c) Reuters Limited 1997</copyright>
<metadata>
<codes class="bip:countries:1.0">
  <code code="ITALY">
    <editdetail attribution="Reuters BIP Coding Group" action="confirmed" date="1997-03-18"/>
  </code>
</codes>
<codes class="bip:topics:1.0">
  <code code="E31">
    <editdetail attribution="Reuters BIP Coding Group" action="confirmed" date="1997-03-18"/>
  </code>
  <code code="E311">
    <editdetail attribution="Reuters BIP Coding Group" action="confirmed" date="1997-03-18"/>
  </code>
  <code code="ECAT">
    <editdetail attribution="Reuters BIP Coding Group" action="confirmed" date="1997-03-18"/>
  </code>
</codes>
<dc element="dc.date.created" value="1997-03-18"/>
<dc element="dc.publisher" value="Reuters Holdings Plc"/>
<dc element="dc.date.published" value="1997-03-18"/>
<dc element="dc.source" value="Reuters"/>
<dc element="dc.creator.location" value="ROME"/>
<dc element="dc.creator.location.country.name" value="ITALY"/>
<dc element="dc.source" value="Reuters"/>
</metadata>
</newsitem>
