<?xml version="1.0" encoding="iso-8859-1" ?>
<newsitem itemid="405110" id="root" date="1997-02-26" xml:lang="en">
<title>UK: Provident at fresh high after upbeat comment.</title>
<headline>Provident at fresh high after upbeat comment.</headline>
<dateline>LONDON 1997-02-26</dateline>
<text>
<p>Shares in Provident Financial Plc surged to fresh highs on Wednesday amid positive comment from analysts at Dresdner Kleinwort Benson, traders said.</p>
<p>Provident shares were 23p higher at 612-1/2p by 1230 GMT in active trade of 3.1 million shares, surpassing its previous peak of 595p set on Tuesday.</p>
</text>
<copyright>(c) Reuters Limited 1997</copyright>
<metadata>
<codes class="bip:countries:1.0">
  <code code="UK">
    <editdetail attribution="Reuters BIP Coding Group" action="confirmed" date="1997-02-26"/>
  </code>
</codes>
<codes class="bip:industries:1.0">
  <code code="I83100">
    <editdetail attribution="Reuters BIP Coding Group" action="confirmed" date="1997-02-26"/>
  </code>
</codes>
<codes class="bip:topics:1.0">
  <code code="C15">
    <editdetail attribution="Reuters BIP Coding Group" action="confirmed" date="1997-02-26"/>
  </code>
  <code code="C152">
    <editdetail attribution="Reuters BIP Coding Group" action="confirmed" date="1997-02-26"/>
  </code>
  <code code="CCAT">
    <editdetail attribution="Reuters BIP Coding Group" action="confirmed" date="1997-02-26"/>
  </code>
</codes>
<dc element="dc.date.created" value="1997-02-26"/>
<dc element="dc.publisher" value="Reuters Holdings Plc"/>
<dc element="dc.date.published" value="1997-02-26"/>
<dc element="dc.source" value="Reuters"/>
<dc element="dc.creator.location" value="LONDON"/>
<dc element="dc.creator.location.country.name" value="UK"/>
<dc element="dc.source" value="Reuters"/>
</metadata>
</newsitem>
