<?xml version="1.0" encoding="iso-8859-1" ?>
<newsitem itemid="317859" id="root" date="1997-01-20" xml:lang="en">
<title>USA: Proxima Q3 shr drops to $0.25 vs $0.46.</title>
<headline>Proxima Q3 shr drops to $0.25 vs $0.46.</headline>
<dateline>SAN DIEGO 1997-01-20</dateline>
<text>
<p>Proxima Corp.</p>
<p>			   Consolidated Statements of Operations</p>
<p>			 (in thousands, except for per-share data)</p>
<p>				    (unaudited)</p>
<p>				Three months	    Nine months</p>
<p>			     ended Dec. 31,	  ended Dec. 31,</p>
<p>				 1996	1995	 1996	1995</p>
<p> Sales		    $ 47,365  $ 44,216   $118,625  $112,206</p>
<p> Cost of sales	    33,658    27,387     83,410    71,934</p>
<p>  Gross profit	    13,707    16,829     35,215    40,272</p>
<p>Operating expenses</p>
<p>  Selling and marketing  6,192     5,576     18,138    15,080</p>
<p>Research and development</p>
<p>				 3,245     3,402     11,870     8,955</p>
<p>General and administrative</p>
<p>				 1,719     2,268	5,093     5,412</p>
<p>   Total		    11,156    11,246     35,101    29,447</p>
<p>Income (loss) from</p>
<p>   operations		2,551     5,583	  114    10,825</p>
<p>Other income (expense)</p>
<p>Interest and other income</p>
<p>				   242	 261	  915	 632</p>
<p>Equity in gain (loss) of</p>
<p>    affiliate		   31     (258)	(245)     (737)</p>
<p>Gain on sale of subsidiary's</p>
<p>    assets			--	  --	2,779	  --</p>
<p>  Write-down of investment  --	  --    (3,905)	  --</p>
<p>   Total			 273	   3	(456)     (105)</p>
<p>Income (loss) before income</p>
<p>   taxes		     2,824     5,586	(342)    10,720</p>
<p>Provision for income taxes</p>
<p>				   986     2,357	1,351     4,488</p>
<p> Net income (loss)	 1,838     3,229    (1,693)     6,232</p>
<p>Earnings (loss) per-share data</p>
<p>Earnings (loss) per</p>
<p>    share		   25 cts    46 cts    (24 cts)   89 cts</p>
<p>Weighted average common</p>
<p>and common equivalent</p>
<p>    shares		   7,324     7,026	7,004     6,983</p>
<p>Balance Sheet Items</p>
<p>				     Dec. 31, 1996	 Mar 31, 1996</p>
<p>					 (unaudited)</p>
<p> Cash and short-term investments  $ 19,001	     $ 21,421</p>
<p> Accounts receivable		    40,263		 27,255</p>
<p> Inventories				27,421		 24,416</p>
<p> Shareholders' equity		   73,003		 73,170</p>
</text>
<copyright>(c) Reuters Limited 1997</copyright>
<metadata>
<codes class="bip:countries:1.0">
  <code code="USA">
    <editdetail attribution="Reuters BIP Coding Group" action="confirmed" date="1997-01-20"/>
  </code>
</codes>
<codes class="bip:industries:1.0">
  <code code="I33020">
    <editdetail attribution="Reuters BIP Coding Group" action="confirmed" date="1997-01-20"/>
  </code>
</codes>
<codes class="bip:topics:1.0">
  <code code="C15">
    <editdetail attribution="Reuters BIP Coding Group" action="confirmed" date="1997-01-20"/>
  </code>
  <code code="C151">
    <editdetail attribution="Reuters BIP Coding Group" action="confirmed" date="1997-01-20"/>
  </code>
  <code code="CCAT">
    <editdetail attribution="Reuters BIP Coding Group" action="confirmed" date="1997-01-20"/>
  </code>
</codes>
<dc element="dc.date.created" value="1997-01-20"/>
<dc element="dc.publisher" value="Reuters Holdings Plc"/>
<dc element="dc.date.published" value="1997-01-20"/>
<dc element="dc.source" value="Reuters"/>
<dc element="dc.creator.location" value="SAN DIEGO"/>
<dc element="dc.creator.location.country.name" value="USA"/>
<dc element="dc.source" value="Reuters"/>
</metadata>
</newsitem>
