<?xml version="1.0" encoding="iso-8859-1" ?>
<newsitem itemid="246904" id="root" date="1996-12-10" xml:lang="en">
<title>BANGLADESH: PRESS DIGEST - Bangladesh Newspapers - Dec 10.</title>
<headline>PRESS DIGEST - Bangladesh Newspapers - Dec 10.</headline>
<text>
<p>These are some of the leading stories in the Bangladesh press on Tuesday. Reuters has not verified these stories and does not vouch for their accuracy.</p>
<p>---</p>
<p>THE DAILY STAR</p>
<p>Two special committees, one for market monitoring and the other for reconsidering the circuit-breaker will be formed soon to restore confidence in the share market.</p>
<p>Investment Corporation of Bangladesh (ICB) has resumed disbursement of loan on 1:1 ratio as investment for purchasing shares from the secondary market.</p>
<p>---</p>
<p>THE INDEPENDENT</p>
<p>Securities and Exchange Commission (SEC) has introduced a quota of five percent in Initial Public Offering (IPO) for non-resident Bangladeshis (NRBs) out of IPO available for local investors.</p>
<p>Prime Minister Sheikh Hasina has urged the engineers to face the challenges of market economy by enhancing skill and by boosting production. She asked them to complete all projects in time.</p>
<p>---</p>
<p>BANGLADESH OBSERVER</p>
<p>BNP Chairperson and leader of opposition in parliament, Begum Khaleda Zia, said the people, particularly the opposition activists, are becoming victims of human rights violation.</p>
<p>Road communications between the capital and the 36 northern and southern districts of the country have remained almost snapped for the fourth consecutive day following heavy traffic jam at Aricha and Nagarbari ghats.</p>
<p>---</p>
<p>FINANCIAL EXPRESS</p>
<p>Government employees have threatened a greater action programme for realising their five-point demand, mainly pay hike and dearness allowances for interim period.</p>
<p>Production in the country's largest state-owned fertilizer factory, Chittagong Urea Fertilizer Limited (CUFL), may be suspended from midnight tonight due to disconnection of gas supply by the Bakhrabad Gas System Limited, according to CUFL sources.</p>
<p>-- Dhaka Newsroom 880-2-506363 REUTER</p>
</text>
<copyright>(c) Reuters Limited 1996</copyright>
<metadata>
<codes class="bip:countries:1.0">
  <code code="BANDH">
    <editdetail attribution="Reuters BIP Coding Group" action="confirmed" date="1996-12-10"/>
  </code>
</codes>
<codes class="bip:topics:1.0">
  <code code="GCAT">
    <editdetail attribution="Reuters BIP Coding Group" action="confirmed" date="1996-12-10"/>
  </code>
</codes>
<dc element="dc.publisher" value="Reuters Holdings Plc"/>
<dc element="dc.date.published" value="1996-12-10"/>
<dc element="dc.source" value="Reuters"/>
<dc element="dc.creator.location.country.name" value="BANGLADESH"/>
<dc element="dc.source" value="Reuters"/>
</metadata>
</newsitem>
