<?xml version="1.0" encoding="iso-8859-1" ?>
<newsitem itemid="430257" id="root" date="1997-03-10" xml:lang="en">
<title>AUSTRALIA: RTRS-Australian companies ex-div to March 21.</title>
<headline>RTRS-Australian companies ex-div to March 21.</headline>
<dateline>SYDNEY 1996-03-11</dateline>
<text>
<p>The following is a list of companies going ex-dividend to March 21, compiled from information supplied by the Australian Stock Exchange.</p>
<p>Tuesday, March 11</p>
<p>    Forest Place Group		4.75 cents</p>
<p>    Forest Place Group		0.2 cents</p>
<p>    Motors Holdings		    2.5 cents</p>
<p>    Plutonic Resources		 7.0 cents</p>
<p>    Telecasters Australia	   12.0 cents</p>
<p>Wednesday, March 12</p>
<p>    Adelaide Brighton		  2.5 cents</p>
<p>    Innerhadden			 20.0 cents</p>
<p>    Peter Kurts Property Ltd	 4.0 cents</p>
<p>    Spicers Paper			5.0 cents</p>
<p>    Tabcorp Holdings		  11.0 cents</p>
<p>    Western Australia Diamond	5.9 cents</p>
<p>Thursday, March 13  </p>
<p>    Ausdoc Group Ltd		   4.0 cents</p>
<p>    Brierley Investments	   NZ4.0 cents</p>
<p>    Chalmers Ltd			 4.0 cents</p>
<p>    First Provincial		   9.0 cents</p>
<p>    GUD Holdings			 9.5 cents</p>
<p>    Henry Walker Ltd		  4.75 cents</p>
<p>    Lemarne Corp Ltd		   5.5 cents</p>
<p>    Lemvest Ltd			 12.0 cents</p>
<p>    Metal Manufactures		 7.0 cents</p>
<p>    Milkirk Investment Ltd	  3.75 cents</p>
<p>    PMP Communications		10.4 cents</p>
<p>    Tassal				0.75 cents</p>
<p>Friday, March 14</p>
<p>    Choiseul Investments Ltd	19.5 cents</p>
<p>    Great Central Mines		3.0 cents</p>
<p>    Transurban Group		   n/a</p>
<p>Monday, March 17  </p>
<p>    CRA Ltd			     44.4 cents</p>
<p>Tuesday, March 18</p>
<p>    Champion Compressors	     4.0 cents</p>
<p>    H-G Ventures			 5.0 cents</p>
<p>    Ridley Corporation		3.75 cents</p>
<p>Wednesday, March 19</p>
<p>    Abigroup			     5.0 cents</p>
<p>    Advance Property		   n/a</p>
<p>    Australian Natural Foods	1.25 cents</p>
<p>    Bridgestone Australia	   8.75 cents</p>
<p>    CCI Holdings			 2.2 cents</p>
<p>    Cedar Woods			  2.0 cents</p>
<p>    Delfin Property Group	   12.0 cents</p>
<p>    Devine				 3.0 cents</p>
<p>    Eltin				  5.0 cents</p>
<p>    F.H. Faulding			9.0 cents</p>
<p>    HIH Winterthur		     7.0 cents</p>
<p>    Multispares Holdings	    0.75 cents</p>
<p>    Oil Co of Australia		3.0 cents</p>
<p>    OPSM Protector		     6.5 cents</p>
<p>    Reinsurance Australia	   13.0 cents</p>
<p>    RGC Ltd				5.0 cents</p>
<p>    Savage Resources		   1.0 cents</p>
<p>    Scientific Services		3.0 cents</p>
<p>    Select Harvests		    1.5 cents</p>
<p>    Howard Smith			17.0 cents</p>
<p>    Southcorp Holdings		8.25 cents</p>
<p>    Wesfarmers			  20.0 cents</p>
<p>Thursday, March 20</p>
<p>    Adtrans				5.0 cents</p>
<p>Friday, March 21</p>
<p>Development Capital Australia  2.5 cents</p>
<p>    SGIO Insurances		    4.0 cents</p>
<p>    Woolworths			   7.0 cents</p>
<p>-- Sydney Newsroom 61-2 9373-1800</p>
</text>
<copyright>(c) Reuters Limited 1997</copyright>
<metadata>
<codes class="bip:countries:1.0">
  <code code="AUSTR">
    <editdetail attribution="Reuters BIP Coding Group" action="confirmed" date="1997-03-10"/>
  </code>
</codes>
<codes class="bip:industries:1.0">
  <code code="I01002">
    <editdetail attribution="Reuters BIP Coding Group" action="confirmed" date="1997-03-10"/>
  </code>
  <code code="I03000">
    <editdetail attribution="Reuters BIP Coding Group" action="confirmed" date="1997-03-10"/>
  </code>
  <code code="I11000">
    <editdetail attribution="Reuters BIP Coding Group" action="confirmed" date="1997-03-10"/>
  </code>
  <code code="I21000">
    <editdetail attribution="Reuters BIP Coding Group" action="confirmed" date="1997-03-10"/>
  </code>
  <code code="I24200">
    <editdetail attribution="Reuters BIP Coding Group" action="confirmed" date="1997-03-10"/>
  </code>
  <code code="I25700">
    <editdetail attribution="Reuters BIP Coding Group" action="confirmed" date="1997-03-10"/>
  </code>
  <code code="I34100">
    <editdetail attribution="Reuters BIP Coding Group" action="confirmed" date="1997-03-10"/>
  </code>
  <code code="I35300">
    <editdetail attribution="Reuters BIP Coding Group" action="confirmed" date="1997-03-10"/>
  </code>
  <code code="I41000">
    <editdetail attribution="Reuters BIP Coding Group" action="confirmed" date="1997-03-10"/>
  </code>
  <code code="I47100">
    <editdetail attribution="Reuters BIP Coding Group" action="confirmed" date="1997-03-10"/>
  </code>
  <code code="I47500">
    <editdetail attribution="Reuters BIP Coding Group" action="confirmed" date="1997-03-10"/>
  </code>
  <code code="I48110">
    <editdetail attribution="Reuters BIP Coding Group" action="confirmed" date="1997-03-10"/>
  </code>
  <code code="I50100">
    <editdetail attribution="Reuters BIP Coding Group" action="confirmed" date="1997-03-10"/>
  </code>
  <code code="I5010022">
    <editdetail attribution="Reuters BIP Coding Group" action="confirmed" date="1997-03-10"/>
  </code>
  <code code="I50200">
    <editdetail attribution="Reuters BIP Coding Group" action="confirmed" date="1997-03-10"/>
  </code>
  <code code="I5020041">
    <editdetail attribution="Reuters BIP Coding Group" action="confirmed" date="1997-03-10"/>
  </code>
  <code code="I64100">
    <editdetail attribution="Reuters BIP Coding Group" action="confirmed" date="1997-03-10"/>
  </code>
  <code code="I65100">
    <editdetail attribution="Reuters BIP Coding Group" action="confirmed" date="1997-03-10"/>
  </code>
  <code code="I65400">
    <editdetail attribution="Reuters BIP Coding Group" action="confirmed" date="1997-03-10"/>
  </code>
  <code code="I6540005">
    <editdetail attribution="Reuters BIP Coding Group" action="confirmed" date="1997-03-10"/>
  </code>
  <code code="I77003">
    <editdetail attribution="Reuters BIP Coding Group" action="confirmed" date="1997-03-10"/>
  </code>
  <code code="I81501">
    <editdetail attribution="Reuters BIP Coding Group" action="confirmed" date="1997-03-10"/>
  </code>
  <code code="I8150103">
    <editdetail attribution="Reuters BIP Coding Group" action="confirmed" date="1997-03-10"/>
  </code>
  <code code="I81502">
    <editdetail attribution="Reuters BIP Coding Group" action="confirmed" date="1997-03-10"/>
  </code>
  <code code="I8150203">
    <editdetail attribution="Reuters BIP Coding Group" action="confirmed" date="1997-03-10"/>
  </code>
  <code code="I82000">
    <editdetail attribution="Reuters BIP Coding Group" action="confirmed" date="1997-03-10"/>
  </code>
  <code code="I82003">
    <editdetail attribution="Reuters BIP Coding Group" action="confirmed" date="1997-03-10"/>
  </code>
  <code code="I8200318">
    <editdetail attribution="Reuters BIP Coding Group" action="confirmed" date="1997-03-10"/>
  </code>
  <code code="I83700">
    <editdetail attribution="Reuters BIP Coding Group" action="confirmed" date="1997-03-10"/>
  </code>
  <code code="I83960">
    <editdetail attribution="Reuters BIP Coding Group" action="confirmed" date="1997-03-10"/>
  </code>
  <code code="I85000">
    <editdetail attribution="Reuters BIP Coding Group" action="confirmed" date="1997-03-10"/>
  </code>
  <code code="I8500031">
    <editdetail attribution="Reuters BIP Coding Group" action="confirmed" date="1997-03-10"/>
  </code>
  <code code="I9741102">
    <editdetail attribution="Reuters BIP Coding Group" action="confirmed" date="1997-03-10"/>
  </code>
  <code code="I97912">
    <editdetail attribution="Reuters BIP Coding Group" action="confirmed" date="1997-03-10"/>
  </code>
</codes>
<codes class="bip:topics:1.0">
  <code code="C15">
    <editdetail attribution="Reuters BIP Coding Group" action="confirmed" date="1997-03-10"/>
  </code>
  <code code="C152">
    <editdetail attribution="Reuters BIP Coding Group" action="confirmed" date="1997-03-10"/>
  </code>
  <code code="CCAT">
    <editdetail attribution="Reuters BIP Coding Group" action="confirmed" date="1997-03-10"/>
  </code>
</codes>
<dc element="dc.date.created" value="1996-03-11"/>
<dc element="dc.publisher" value="Reuters Holdings Plc"/>
<dc element="dc.date.published" value="1997-03-10"/>
<dc element="dc.source" value="Reuters"/>
<dc element="dc.creator.location" value="SYDNEY"/>
<dc element="dc.creator.location.country.name" value="AUSTRALIA"/>
<dc element="dc.source" value="Reuters"/>
</metadata>
</newsitem>
