<?xml version="1.0" encoding="iso-8859-1" ?>
<newsitem itemid="51946" id="root" date="1996-09-13" xml:lang="en">
<title>USA: Concurrent says chairman John Stihl resigns.</title>
<headline>Concurrent says chairman John Stihl resigns.</headline>
<dateline>FORT LAUDERDALE, Fla. 1996-09-13</dateline>
<text>
<p>Concurrent Computer Corp said on Friday John Stihl has resigned as director and chairman of the board for personal reasons.</p>
<p>Stihl, who joined the company in May 1991, was elected chairman of the board, president and chief executive officer in August 1993, Concurrent said. He relinquished his other titles in June 1996.</p>
<p>The board of directors intends to appoint a new chairman at its regularly scheduled meeting in November 1996, Concurrent said.</p>
</text>
<copyright>(c) Reuters Limited 1996</copyright>
<metadata>
<codes class="bip:countries:1.0">
  <code code="USA">
    <editdetail attribution="Reuters BIP Coding Group" action="confirmed" date="1996-09-13"/>
  </code>
</codes>
<codes class="bip:industries:1.0">
  <code code="I33020">
    <editdetail attribution="Reuters BIP Coding Group" action="confirmed" date="1996-09-13"/>
  </code>
  <code code="I3302003">
    <editdetail attribution="Reuters BIP Coding Group" action="confirmed" date="1996-09-13"/>
  </code>
</codes>
<codes class="bip:topics:1.0">
  <code code="C41">
    <editdetail attribution="Reuters BIP Coding Group" action="confirmed" date="1996-09-13"/>
  </code>
  <code code="C411">
    <editdetail attribution="Reuters BIP Coding Group" action="confirmed" date="1996-09-13"/>
  </code>
  <code code="CCAT">
    <editdetail attribution="Reuters BIP Coding Group" action="confirmed" date="1996-09-13"/>
  </code>
</codes>
<dc element="dc.date.created" value="1996-09-13"/>
<dc element="dc.publisher" value="Reuters Holdings Plc"/>
<dc element="dc.date.published" value="1996-09-13"/>
<dc element="dc.source" value="Reuters"/>
<dc element="dc.creator.location" value="FORT LAUDERDALE, Fla."/>
<dc element="dc.creator.location.country.name" value="USA"/>
<dc element="dc.source" value="Reuters"/>
</metadata>
</newsitem>
