<?xml version="1.0" encoding="iso-8859-1" ?>
<newsitem itemid="335794" id="root" date="1997-01-27" xml:lang="en">
<title>USA: CBOT overnight Project A ag volume 856 contracts.</title>
<headline>CBOT overnight Project A ag volume 856 contracts.</headline>
<dateline>CHICAGO 1997-01-27</dateline>
<text>
<p>Chicago Board of Trade said its Project A overnight agricultural trading volume totaled 856 contracts compared with 407 overnight Thursday.</p>
<p>There were 18 wheat, 185 corn, 524 soybean, 119 soymeal, one soyoil, three oat and six soybean calls traded.</p>
<p>In overnight trading, wheat was 3/4 cent lower to one cent higher, corn was one cent lower to 1/4 cent higher and soybeans were one to 4-1/4 cents higher.</p>
<p>((Chicago Newsdesk 312-408-8720))</p>
</text>
<copyright>(c) Reuters Limited 1997</copyright>
<metadata>
<codes class="bip:countries:1.0">
  <code code="USA">
    <editdetail attribution="Reuters BIP Coding Group" action="confirmed" date="1997-01-27"/>
  </code>
</codes>
<codes class="bip:topics:1.0">
  <code code="M14">
    <editdetail attribution="Reuters BIP Coding Group" action="confirmed" date="1997-01-27"/>
  </code>
  <code code="M141">
    <editdetail attribution="Reuters BIP Coding Group" action="confirmed" date="1997-01-27"/>
  </code>
  <code code="MCAT">
    <editdetail attribution="Reuters BIP Coding Group" action="confirmed" date="1997-01-27"/>
  </code>
</codes>
<dc element="dc.date.created" value="1997-01-27"/>
<dc element="dc.publisher" value="Reuters Holdings Plc"/>
<dc element="dc.date.published" value="1997-01-27"/>
<dc element="dc.source" value="Reuters"/>
<dc element="dc.creator.location" value="CHICAGO"/>
<dc element="dc.creator.location.country.name" value="USA"/>
<dc element="dc.source" value="Reuters"/>
</metadata>
</newsitem>
