<?xml version="1.0" encoding="iso-8859-1" ?>
<newsitem itemid="787724" id="root" date="1997-08-08" xml:lang="en">
<title>MEXICO: MEXICO CATTLE REPORT, FEEDER EXPORT PRICE -USDA.</title>
<headline>MEXICO CATTLE REPORT, FEEDER EXPORT PRICE -USDA.</headline>
<dateline>MEXICO CITY 1997-08-08</dateline>
<text>
<p>USDA reported Friday that around 2,450 head were exported into the United States at three crossing points Thursday.</p>
<p>Through Presidio, Texas, around 2,000 head were sold at firm to 1 cent/lb higher prices compared to Wednesday. &quot;Trade active, demand good,&quot; USDA said.</p>
<p>Prices for head weighing 300-400 lb were 97-107 cents/lb and for 400-500 lb head at 87-97 cents/lb.</p>
<p>Through Del Rio, Texas, around 150 head were sold and through Nogalkes, Arizona, another 300 head were exported. At both not enough sales were made to establish quote prices.</p>
<p>((--Chris Aspin, Mexico City newsroom +525 7289530)) E-mail at chris.aspin@reuters.com</p>
</text>
<copyright>(c) Reuters Limited 1997</copyright>
<metadata>
<codes class="bip:countries:1.0">
  <code code="MEX">
    <editdetail attribution="Reuters BIP Coding Group" action="confirmed" date="1997-08-08"/>
  </code>
</codes>
<codes class="bip:topics:1.0">
  <code code="M14">
    <editdetail attribution="Reuters BIP Coding Group" action="confirmed" date="1997-08-08"/>
  </code>
  <code code="M141">
    <editdetail attribution="Reuters BIP Coding Group" action="confirmed" date="1997-08-08"/>
  </code>
  <code code="MCAT">
    <editdetail attribution="Reuters BIP Coding Group" action="confirmed" date="1997-08-08"/>
  </code>
</codes>
<dc element="dc.date.created" value="1997-08-08"/>
<dc element="dc.publisher" value="Reuters Holdings Plc"/>
<dc element="dc.date.published" value="1997-08-08"/>
<dc element="dc.source" value="Reuters"/>
<dc element="dc.creator.location" value="MEXICO CITY"/>
<dc element="dc.creator.location.country.name" value="MEXICO"/>
<dc element="dc.source" value="Reuters"/>
</metadata>
</newsitem>
