<?xml version="1.0" encoding="iso-8859-1" ?>
<newsitem itemid="212759" id="root" date="1996-11-24" xml:lang="en">
<title>AUSTRALIA: Cricket-Australia v West Indies scoreboard.</title>
<headline>Cricket-Australia v West Indies scoreboard.</headline>
<dateline>BRISBANE 1996-11-25</dateline>
<text>
<p>Scoreboard on the third day of the first test between Australia and West Indies at the Gabba on Sunday.</p>
<p>Australia first innings 479 (Ian Healy 161 not out)</p>
<p>West Indies first innings (overnight 61 for two)</p>
<p> S.Campbell c Warne b Reiffel	  18</p>
<p> R.Samuels c Healy b McGrath	   10</p>
<p> B.Lara c M.Waugh b McGrath	    26</p>
<p> C.Hooper c Ponting b S.Waugh	 102</p>
<p> S.Chanderpaul c M.Waugh b Reiffel   82</p>
<p> J.Adams lbw b Ponting		    0</p>
<p> C.Browne c Healy b Reiffel	     4</p>
<p> I.Bishop lbw b Warne		     0</p>
<p> K.Benjamin lbw b Warne		   9</p>
<p> C.Ambrose c Gillespie b Reiffel	0</p>
<p> C.Walsh not out			    0</p>
<p> Extras (lb-8 w-1 nb-17)		 26</p>
<p> Total (108.1 overs)		    277</p>
<p>Fall of wickets: 1-30, 2-43, 3-77, 4-249, 5-255, 6-267, 7-268, 8-268, 9-277.</p>
<p>Bowling: McGrath 21-7-32-2 (nb-6), Reiffel 24.1-6-58-4 (nb-9), Kasprowicz 22-5-60-0 (nb-1) Warne 27-3-88-2 (w-1 nb-1), S.Waugh 8.1-1-15-1, M.Waugh 4-1-16-0, Ponting 1.5-1-0-1.</p>
<p>Australia second innings</p>
<p> M.Taylor not out			  4</p>
<p> M.Elliott not out			 2</p>
<p> Extras (lb-2)			     2</p>
<p> Total (for no wicket, six overs)    8</p>
<p>To bat: R.Ponting, M.Waugh, S.Waugh, M.Bevan, I.Healy, P.Reiffel, S.Warne, M.Kasprowicz, G.McGrath.</p>
<p>Bowling: Ambrose 3-1-3-0, Walsh 3-1-3-0.</p>
<p>-- Sydney Newsroom 61-2 9373-1800</p>
</text>
<copyright>(c) Reuters Limited 1996</copyright>
<metadata>
<codes class="bip:countries:1.0">
  <code code="AUSTR">
    <editdetail attribution="Reuters BIP Coding Group" action="confirmed" date="1996-11-24"/>
  </code>
</codes>
<codes class="bip:topics:1.0">
  <code code="GCAT">
    <editdetail attribution="Reuters BIP Coding Group" action="confirmed" date="1996-11-24"/>
  </code>
  <code code="GSPO">
    <editdetail attribution="Reuters BIP Coding Group" action="confirmed" date="1996-11-24"/>
  </code>
</codes>
<dc element="dc.date.created" value="1996-11-25"/>
<dc element="dc.publisher" value="Reuters Holdings Plc"/>
<dc element="dc.date.published" value="1996-11-24"/>
<dc element="dc.source" value="Reuters"/>
<dc element="dc.creator.location" value="BRISBANE"/>
<dc element="dc.creator.location.country.name" value="AUSTRALIA"/>
<dc element="dc.source" value="Reuters"/>
</metadata>
</newsitem>
