<?xml version="1.0" encoding="iso-8859-1" ?>
<newsitem itemid="77150" id="root" date="1996-09-25" xml:lang="en">
<title>HONG KONG: CEPA shares rise on stake sale rumours.</title>
<headline>CEPA shares rise on stake sale rumours.</headline>
<dateline>HONG KONG 1996-09-25</dateline>
<text>
<p>Shares of Consolidated Electric Power Asia Ltd (CEPA) rose on rumours that its parent Hopewell Holdings Ltd might sell its CEPA stake at a premium to its trading price, brokers said on Wednesday.</p>
<p>&quot;Rumours that Hopewell may sell its CEPA stake at a premium fueled buying interest,&quot; said Edwin Cheung, sales manager from Taiwan Securities.</p>
<p>CEPA shares rose HK$0.50 or 3.24 percent to HK$15.95 in midday trade on volume of HK$1.92 million shares.</p>
<p>Hopewell shares also rose HK$0.025 to HK$4.25 with 1.33 million shares changing hands.  </p>
<p>Hong Kong Economic Journal reported on Wednesday that Hopewell was expected to announce its decision on selling part or all of its 60.4 percent stake in CEPA next week.</p>
<p>The companies officials were not immediately available for ceomment.</p>
<p>-- Hong Kong Newsroom (852) 2843 6370</p>
</text>
<copyright>(c) Reuters Limited 1996</copyright>
<metadata>
<codes class="bip:countries:1.0">
  <code code="HKONG">
    <editdetail attribution="Reuters BIP Coding Group" action="confirmed" date="1996-09-25"/>
  </code>
</codes>
<codes class="bip:industries:1.0">
  <code code="I16100">
    <editdetail attribution="Reuters BIP Coding Group" action="confirmed" date="1996-09-25"/>
  </code>
  <code code="I85000">
    <editdetail attribution="Reuters BIP Coding Group" action="confirmed" date="1996-09-25"/>
  </code>
</codes>
<codes class="bip:topics:1.0">
  <code code="C15">
    <editdetail attribution="Reuters BIP Coding Group" action="confirmed" date="1996-09-25"/>
  </code>
  <code code="C152">
    <editdetail attribution="Reuters BIP Coding Group" action="confirmed" date="1996-09-25"/>
  </code>
  <code code="C18">
    <editdetail attribution="Reuters BIP Coding Group" action="confirmed" date="1996-09-25"/>
  </code>
  <code code="C181">
    <editdetail attribution="Reuters BIP Coding Group" action="confirmed" date="1996-09-25"/>
  </code>
  <code code="CCAT">
    <editdetail attribution="Reuters BIP Coding Group" action="confirmed" date="1996-09-25"/>
  </code>
</codes>
<dc element="dc.date.created" value="1996-09-25"/>
<dc element="dc.publisher" value="Reuters Holdings Plc"/>
<dc element="dc.date.published" value="1996-09-25"/>
<dc element="dc.source" value="Reuters"/>
<dc element="dc.creator.location" value="HONG KONG"/>
<dc element="dc.creator.location.country.name" value="HONG KONG"/>
<dc element="dc.source" value="Reuters"/>
</metadata>
</newsitem>
