<?xml version="1.0" encoding="iso-8859-1" ?>
<newsitem itemid="370387" id="root" date="1997-02-11" xml:lang="en">
<title>UK: Britain declines comment on Zimbabwe debt relief.</title>
<headline>Britain declines comment on Zimbabwe debt relief.</headline>
<dateline>LONDON 1997-02-11</dateline>
<text>
<p>Britain said it had no comment on a story in Zimbabwe's state-owned Herald newspaper on Tuesday that it was considering cancelling Harare's short-term debt of about Z$288 million ($25.4 million).</p>
<p>A spokeswoman for the Overseas Development Agency said she had no information about a meeting between Zimbabwe Minister of Finance Herbert Murerwa and Chancellor of the Exchequer Kenneth Clarke in London last week.</p>
<p>The Herald said Britain would consider cancelling Zimbabwe's short-term debt if the country came up with a second plan of action for economic reform.</p>
<p>It quoted Murerwa as saying that during bilateral talks in London last week the British government had pledged to support Zimbabwe's privatisation and indigenisation process.</p>
<p>&quot;We discussed the possibility of cancelling our debt and they indicated they are willing to consider it on condition we have a programme for the second phase of the reform programme,&quot; said Murerwa.</p>
<p>The paper said the short-term debt amounted to about Z$288 million.</p>
<p>The second phase of reforms, titled the Zimbabwe Programme for Economic and Social Transformation, would be launched this year once a consultation process in government and with industry and labour has been completed. (Z$1 = US$11) -- London newsroom +44 171 542 2734</p>
</text>
<copyright>(c) Reuters Limited 1997</copyright>
<metadata>
<codes class="bip:countries:1.0">
  <code code="UK">
    <editdetail attribution="Reuters BIP Coding Group" action="confirmed" date="1997-02-11"/>
  </code>
  <code code="ZIMBAB">
    <editdetail attribution="Reuters BIP Coding Group" action="confirmed" date="1997-02-11"/>
  </code>
</codes>
<codes class="bip:topics:1.0">
  <code code="E21">
    <editdetail attribution="Reuters BIP Coding Group" action="confirmed" date="1997-02-11"/>
  </code>
  <code code="E212">
    <editdetail attribution="Reuters BIP Coding Group" action="confirmed" date="1997-02-11"/>
  </code>
  <code code="ECAT">
    <editdetail attribution="Reuters BIP Coding Group" action="confirmed" date="1997-02-11"/>
  </code>
  <code code="GCAT">
    <editdetail attribution="Reuters BIP Coding Group" action="confirmed" date="1997-02-11"/>
  </code>
  <code code="GDIP">
    <editdetail attribution="Reuters BIP Coding Group" action="confirmed" date="1997-02-11"/>
  </code>
</codes>
<dc element="dc.date.created" value="1997-02-11"/>
<dc element="dc.publisher" value="Reuters Holdings Plc"/>
<dc element="dc.date.published" value="1997-02-11"/>
<dc element="dc.source" value="Reuters"/>
<dc element="dc.creator.location" value="LONDON"/>
<dc element="dc.creator.location.country.name" value="UK"/>
<dc element="dc.source" value="Reuters"/>
</metadata>
</newsitem>
