<?xml version="1.0" encoding="iso-8859-1" ?>
<newsitem itemid="21625" id="root" date="1996-08-29" xml:lang="en">
<title>MALAYSIA: Malaysia appoints U.K.'s NatGrid to check Tenaga.</title>
<headline>Malaysia appoints U.K.'s NatGrid to check Tenaga.</headline>
<dateline>KUALA LUMPUR 1996-08-29</dateline>
<text>
<p>The Malaysian government has appointed Britain's National Grid Group Plc as consultants to examine state power firm Tenaga Nasional Bhd's operations following the nationwide blackout early this month.</p>
<p>The national Bernama news agency quoted Deputy Prime Minister Anwar Ibrahim as saying on Thursday that the decision on the appointment was made at the weekly cabinet meeting on Wednesday.</p>
<p>The National Grid Group was also appointed as consultant by the government after a massive power failure which hit most parts of peninsular Malaysia in September 1992.  </p>
<p>The latest power outage, which occurred on August 3 and blacked out peninsular Malaysia for 12-15 hours, triggered official outrage and embarrassment. Tenaga's executive chairman will be replaced when his term expires this month.</p>
<p>State-controlled Tenaga said the outage was traced to a faulty component in a circuit breaker at its Paka power plant in Terengganu state on the east coast.</p>
<p>Afer the 1992 blackout Tenaga appointed National Grid to recommend measures to improve electricity supply and minimise or eliminate the recurrence of a complete interruption of power supply.</p>
<p>Since the consultant's report four years ago, Tenaga said it has implemented 94 percent of the recommendations. The power supply interruption in 1992 was caused by lightning and also involved the Paka power plant.</p>
<p>-- Kuala Lumpur newsroom (603 230 8911)</p>
</text>
<copyright>(c) Reuters Limited 1996</copyright>
<metadata>
<codes class="bip:countries:1.0">
  <code code="MALAY">
    <editdetail attribution="Reuters BIP Coding Group" action="confirmed" date="1996-08-29"/>
  </code>
  <code code="UK">
    <editdetail attribution="Reuters BIP Coding Group" action="confirmed" date="1996-08-29"/>
  </code>
</codes>
<codes class="bip:industries:1.0">
  <code code="I16100">
    <editdetail attribution="Reuters BIP Coding Group" action="confirmed" date="1996-08-29"/>
  </code>
</codes>
<codes class="bip:topics:1.0">
  <code code="C24">
    <editdetail attribution="Reuters BIP Coding Group" action="confirmed" date="1996-08-29"/>
  </code>
  <code code="C33">
    <editdetail attribution="Reuters BIP Coding Group" action="confirmed" date="1996-08-29"/>
  </code>
  <code code="CCAT">
    <editdetail attribution="Reuters BIP Coding Group" action="confirmed" date="1996-08-29"/>
  </code>
</codes>
<dc element="dc.date.created" value="1996-08-29"/>
<dc element="dc.publisher" value="Reuters Holdings Plc"/>
<dc element="dc.date.published" value="1996-08-29"/>
<dc element="dc.source" value="Reuters"/>
<dc element="dc.creator.location" value="KUALA LUMPUR"/>
<dc element="dc.creator.location.country.name" value="MALAYSIA"/>
<dc element="dc.source" value="Reuters"/>
</metadata>
</newsitem>
