<?xml version="1.0" encoding="iso-8859-1" ?>
<newsitem itemid="658020" id="root" date="1997-06-12" xml:lang="en">
<title>UK: LucasVarity shares seen steady after results.</title>
<headline>LucasVarity shares seen steady after results.</headline>
<dateline>LONDON 1997-06-12</dateline>
<text>
<p>Shares in newly merged LucasVarity Plc are set to open steady to firmer on Thursday, in line with the market after first quarter results came out in line with forecasts, analysts said. The shares closed Wednesday at 204p.</p>
<p>&quot;It look pretty steady as she goes but it does mean numbers are beginning to come through to show that they can do what they said they are going to do,&quot; said Lehman analyst Charles Armitage. Pre-tax profit was 72 million stg against 62 million last time, based on proforma combined results following the merger between Lucas and Varity in September 1996.  </p>
<p>The market was expecting a pre-tax figure of 70-75 million.</p>
<p>LucasVarity said in a trading statement with its results that it is &quot;on track to deliver modest, top-line growth this year&quot;.</p>
<p>-- Louise Ireland, London Newsroom +44 171 542 7717</p>
</text>
<copyright>(c) Reuters Limited 1997</copyright>
<metadata>
<codes class="bip:countries:1.0">
  <code code="UK">
    <editdetail attribution="Reuters BIP Coding Group" action="confirmed" date="1997-06-12"/>
  </code>
  <code code="USA">
    <editdetail attribution="Reuters BIP Coding Group" action="confirmed" date="1997-06-12"/>
  </code>
</codes>
<codes class="bip:industries:1.0">
  <code code="I35300">
    <editdetail attribution="Reuters BIP Coding Group" action="confirmed" date="1997-06-12"/>
  </code>
</codes>
<codes class="bip:topics:1.0">
  <code code="C15">
    <editdetail attribution="Reuters BIP Coding Group" action="confirmed" date="1997-06-12"/>
  </code>
  <code code="C152">
    <editdetail attribution="Reuters BIP Coding Group" action="confirmed" date="1997-06-12"/>
  </code>
  <code code="CCAT">
    <editdetail attribution="Reuters BIP Coding Group" action="confirmed" date="1997-06-12"/>
  </code>
</codes>
<dc element="dc.date.created" value="1997-06-12"/>
<dc element="dc.publisher" value="Reuters Holdings Plc"/>
<dc element="dc.date.published" value="1997-06-12"/>
<dc element="dc.source" value="Reuters"/>
<dc element="dc.creator.location" value="LONDON"/>
<dc element="dc.creator.location.country.name" value="UK"/>
<dc element="dc.source" value="Reuters"/>
</metadata>
</newsitem>
