<?xml version="1.0" encoding="iso-8859-1" ?>
<newsitem itemid="21379" id="root" date="1996-08-29" xml:lang="en">
<title>RUSSIA: Holidaying Yeltsin works on papers, meets no one.</title>
<headline>Holidaying Yeltsin works on papers, meets no one.</headline>
<dateline>MOSCOW 1996-08-29</dateline>
<text>
<p>Russian President Boris Yeltsin is working on documents at his holiday retreat and plans no meetings with officials on Thursday, his press secretary told RIA news agency.</p>
<p>Sergei Yastrzhembsky said Yeltsin was at his Rus residence, a hunting lodge used by former Soviet leaders some 100 km (60 miles) northeast of Moscow.</p>
<p>Over the past two months Yeltsin, re-elected for a second term on July 3, has all but disappeared from the public eye, triggering speculation in the media and markets that he is ill or unable to control Russia's political situation.</p>
<p>The Kremlin denies the rumours, saying he is merely tired after a tense election campaign.</p>
</text>
<copyright>(c) Reuters Limited 1996</copyright>
<metadata>
<codes class="bip:countries:1.0">
  <code code="RUSS">
    <editdetail attribution="Reuters BIP Coding Group" action="confirmed" date="1996-08-29"/>
  </code>
</codes>
<codes class="bip:topics:1.0">
  <code code="GCAT">
    <editdetail attribution="Reuters BIP Coding Group" action="confirmed" date="1996-08-29"/>
  </code>
  <code code="GPOL">
    <editdetail attribution="Reuters BIP Coding Group" action="confirmed" date="1996-08-29"/>
  </code>
</codes>
<dc element="dc.date.created" value="1996-08-29"/>
<dc element="dc.publisher" value="Reuters Holdings Plc"/>
<dc element="dc.date.published" value="1996-08-29"/>
<dc element="dc.source" value="Reuters"/>
<dc element="dc.creator.location" value="MOSCOW"/>
<dc element="dc.creator.location.country.name" value="RUSSIA"/>
<dc element="dc.source" value="Reuters"/>
</metadata>
</newsitem>
