<?xml version="1.0" encoding="iso-8859-1" ?>
<newsitem itemid="694175" id="root" date="1997-06-27" xml:lang="en">
<title>NORWAY: Storebrand share falls on merger snub.</title>
<headline>Storebrand share falls on merger snub.</headline>
<dateline>OSLO 1997-06-27</dateline>
<text>
<p>Shares in Norwegian insurance company Storebrand ASA were trading down early on Friday after shareholders blocked a proposed merger with Christiania Bank og Kreditkasse ASA a day earlier.</p>
<p>Storebrand dropped to a low of 43 crowns, down almost nine percent, shortly after the opening of the Oslo bourse, but slowly regained lost ground to stand 3.4 percent off at 45.50 crowns by 0848 GMT.</p>
<p>At the same time Christiania BaNk's stock stood unchanged at 24.50 crowns.</p>
<p>Storebrand's board failed by a slim margin to win a two-thirds approval for the merger when shareholders voted at an extraordinary general meeting late on Thursday.</p>
<p>Earlier Christiania shareholders had given a green light to the proposal.</p>
<p>--Tanya Pang, Oslo newsroom, +47 22 42 50 41</p>
</text>
<copyright>(c) Reuters Limited 1997</copyright>
<metadata>
<codes class="bip:countries:1.0">
  <code code="NORW">
    <editdetail attribution="Reuters BIP Coding Group" action="confirmed" date="1997-06-27"/>
  </code>
</codes>
<codes class="bip:industries:1.0">
  <code code="I81402">
    <editdetail attribution="Reuters BIP Coding Group" action="confirmed" date="1997-06-27"/>
  </code>
  <code code="I82000">
    <editdetail attribution="Reuters BIP Coding Group" action="confirmed" date="1997-06-27"/>
  </code>
</codes>
<codes class="bip:topics:1.0">
  <code code="C15">
    <editdetail attribution="Reuters BIP Coding Group" action="confirmed" date="1997-06-27"/>
  </code>
  <code code="C152">
    <editdetail attribution="Reuters BIP Coding Group" action="confirmed" date="1997-06-27"/>
  </code>
  <code code="C18">
    <editdetail attribution="Reuters BIP Coding Group" action="confirmed" date="1997-06-27"/>
  </code>
  <code code="C181">
    <editdetail attribution="Reuters BIP Coding Group" action="confirmed" date="1997-06-27"/>
  </code>
  <code code="CCAT">
    <editdetail attribution="Reuters BIP Coding Group" action="confirmed" date="1997-06-27"/>
  </code>
</codes>
<dc element="dc.date.created" value="1997-06-27"/>
<dc element="dc.publisher" value="Reuters Holdings Plc"/>
<dc element="dc.date.published" value="1997-06-27"/>
<dc element="dc.source" value="Reuters"/>
<dc element="dc.creator.location" value="OSLO"/>
<dc element="dc.creator.location.country.name" value="NORWAY"/>
<dc element="dc.source" value="Reuters"/>
</metadata>
</newsitem>
