<?xml version="1.0" encoding="iso-8859-1" ?>
<newsitem itemid="603675" id="root" date="1997-05-21" xml:lang="en">
<title>JAPAN: Nankai Elec Railway -96/97 parent results.</title>
<headline>Nankai Elec Railway -96/97 parent results.</headline>
<dateline>TOKYO 1997-05-21</dateline>
<text>
<p>Year to March 31, 1997</p>
<p> (Parent)	(in billions of yen unless specified)</p>
<p> Sales		117.26		vs	  117.49</p>
<p> Operating	   19.20		vs	   19.13</p>
<p> Current		4.98		vs	    4.95</p>
<p> Net		    2.96		vs	    2.76</p>
<p> EPS		    5.97 yen	  vs	    5.99 yen</p>
<p> Diluted EPS	     -		vs		 -</p>
<p> Shares	    501 million	  vs	 463 million</p>
<p> Ord div		5.00 yen	  vs	    5.00 yen</p>
<p>NOTE - Nankai Electric Railway Co Ltd is a local railway operator with a line to Kansai International Airport.</p>
</text>
<copyright>(c) Reuters Limited 1997</copyright>
<metadata>
<codes class="bip:countries:1.0">
  <code code="JAP">
    <editdetail attribution="Reuters BIP Coding Group" action="confirmed" date="1997-05-21"/>
  </code>
</codes>
<codes class="bip:industries:1.0">
  <code code="I71000">
    <editdetail attribution="Reuters BIP Coding Group" action="confirmed" date="1997-05-21"/>
  </code>
</codes>
<codes class="bip:topics:1.0">
  <code code="C15">
    <editdetail attribution="Reuters BIP Coding Group" action="confirmed" date="1997-05-21"/>
  </code>
  <code code="C151">
    <editdetail attribution="Reuters BIP Coding Group" action="confirmed" date="1997-05-21"/>
  </code>
  <code code="C1511">
    <editdetail attribution="Reuters BIP Coding Group" action="confirmed" date="1997-05-21"/>
  </code>
  <code code="CCAT">
    <editdetail attribution="Reuters BIP Coding Group" action="confirmed" date="1997-05-21"/>
  </code>
</codes>
<dc element="dc.date.created" value="1997-05-21"/>
<dc element="dc.publisher" value="Reuters Holdings Plc"/>
<dc element="dc.date.published" value="1997-05-21"/>
<dc element="dc.source" value="Reuters"/>
<dc element="dc.creator.location" value="TOKYO"/>
<dc element="dc.creator.location.country.name" value="JAPAN"/>
<dc element="dc.source" value="Reuters"/>
</metadata>
</newsitem>
