<?xml version="1.0" encoding="iso-8859-1" ?>
<newsitem itemid="264651" id="root" date="1996-12-18" xml:lang="en">
<title>BELGIUM: BBL equity rises by nearly 1.8 bln Bfr.</title>
<headline>BBL equity rises by nearly 1.8 bln Bfr.</headline>
<dateline>BRUSSELS 1996-12-18</dateline>
<text>
<p>Belgian Banque Bruxelles Lambert (BBL) said on Wednesday that equity rose by 1.78 billion francs following the exercising of its B warrants.</p>
<p>Until December 15 the warrant, which was created within the framework of the optional dividend of May 1993, offered holders the right to a VVPR (reduced tax) share at 3,485 francs. That compares with a price of 6,310 at the close on December 13.</p>
<p>The bank said it was pleased to see 99.41 percent of the warrants were exercised, which meant that 512,019 new shares were issued.</p>
<p>-- Brussels Newsroom +32 2 287 6815, Fax +32 2 230 7710</p>
</text>
<copyright>(c) Reuters Limited 1996</copyright>
<metadata>
<codes class="bip:countries:1.0">
  <code code="BELG">
    <editdetail attribution="Reuters BIP Coding Group" action="confirmed" date="1996-12-18"/>
  </code>
</codes>
<codes class="bip:industries:1.0">
  <code code="I81402">
    <editdetail attribution="Reuters BIP Coding Group" action="confirmed" date="1996-12-18"/>
  </code>
</codes>
<codes class="bip:topics:1.0">
  <code code="C17">
    <editdetail attribution="Reuters BIP Coding Group" action="confirmed" date="1996-12-18"/>
  </code>
  <code code="C171">
    <editdetail attribution="Reuters BIP Coding Group" action="confirmed" date="1996-12-18"/>
  </code>
  <code code="CCAT">
    <editdetail attribution="Reuters BIP Coding Group" action="confirmed" date="1996-12-18"/>
  </code>
</codes>
<dc element="dc.date.created" value="1996-12-18"/>
<dc element="dc.publisher" value="Reuters Holdings Plc"/>
<dc element="dc.date.published" value="1996-12-18"/>
<dc element="dc.source" value="Reuters"/>
<dc element="dc.creator.location" value="BRUSSELS"/>
<dc element="dc.creator.location.country.name" value="BELGIUM"/>
<dc element="dc.source" value="Reuters"/>
</metadata>
</newsitem>
