<?xml version="1.0" encoding="iso-8859-1" ?>
<newsitem itemid="677737" id="root" date="1997-06-20" xml:lang="en">
<title>JAPAN: Texas Instruments says applies to delist from TSE.</title>
<headline>Texas Instruments says applies to delist from TSE.</headline>
<dateline>TOKYO 1997-06-20</dateline>
<text>
<p>Texas Instruments Inc said on Friday that it had applied to the Tokyo Stock Exchange to delist its shares from the exchange's foreign section.  </p>
<p>The company said it decided to delist because trading volume in its shares in the last four years has fallen short of expectations.</p>
<p>The company said the delisting was part of a cost-reduction effort.</p>
<p>The company added that it does not plan to do any equity financing in Japan in the foreseeable future.</p>
</text>
<copyright>(c) Reuters Limited 1997</copyright>
<metadata>
<codes class="bip:countries:1.0">
  <code code="JAP">
    <editdetail attribution="Reuters BIP Coding Group" action="confirmed" date="1997-06-20"/>
  </code>
  <code code="USA">
    <editdetail attribution="Reuters BIP Coding Group" action="confirmed" date="1997-06-20"/>
  </code>
</codes>
<codes class="bip:industries:1.0">
  <code code="I34531">
    <editdetail attribution="Reuters BIP Coding Group" action="confirmed" date="1997-06-20"/>
  </code>
</codes>
<codes class="bip:topics:1.0">
  <code code="C14">
    <editdetail attribution="Reuters BIP Coding Group" action="confirmed" date="1997-06-20"/>
  </code>
  <code code="CCAT">
    <editdetail attribution="Reuters BIP Coding Group" action="confirmed" date="1997-06-20"/>
  </code>
</codes>
<dc element="dc.date.created" value="1997-06-20"/>
<dc element="dc.publisher" value="Reuters Holdings Plc"/>
<dc element="dc.date.published" value="1997-06-20"/>
<dc element="dc.source" value="Reuters"/>
<dc element="dc.creator.location" value="TOKYO"/>
<dc element="dc.creator.location.country.name" value="JAPAN"/>
<dc element="dc.source" value="Reuters"/>
</metadata>
</newsitem>
