<?xml version="1.0" encoding="iso-8859-1" ?>
<newsitem itemid="143653" id="root" date="1996-10-25" xml:lang="en">
<title>USA: USDA sees 2.775 mln tonne world 96/97 cocoa grind.</title>
<headline>USDA sees 2.775 mln tonne world 96/97 cocoa grind.</headline>
<dateline>WASHINGTON 1996-10-25</dateline>
<text>
<p>The U.S. Agriculture Department forecast Friday that world cocoa grindings would be 2.775 million tonnes in 1996/97, up from 2.697 million in 1995/96.</p>
<p>USDA kept its estimate for gross world production in the October-through-September year at 2.660 million tonnes, unchanged from its previous estimate. The 1996/97 production forecast would be down from 2.876 million tonnes for 1995/96.</p>
<p>USDA said the figures would lead to a world stock reduction of 142,000 tonnes in 1996/97, compared with an increase of 150,000 tonnes in 1995/96.</p>
<p>-- Washington Commodities Desk (202) 898-8489</p>
</text>
<copyright>(c) Reuters Limited 1996</copyright>
<metadata>
<codes class="bip:countries:1.0">
  <code code="USA">
    <editdetail attribution="Reuters BIP Coding Group" action="confirmed" date="1996-10-25"/>
  </code>
</codes>
<codes class="bip:industries:1.0">
  <code code="I01001">
    <editdetail attribution="Reuters BIP Coding Group" action="confirmed" date="1996-10-25"/>
  </code>
  <code code="I0100144">
    <editdetail attribution="Reuters BIP Coding Group" action="confirmed" date="1996-10-25"/>
  </code>
</codes>
<codes class="bip:topics:1.0">
  <code code="C21">
    <editdetail attribution="Reuters BIP Coding Group" action="confirmed" date="1996-10-25"/>
  </code>
  <code code="CCAT">
    <editdetail attribution="Reuters BIP Coding Group" action="confirmed" date="1996-10-25"/>
  </code>
  <code code="M14">
    <editdetail attribution="Reuters BIP Coding Group" action="confirmed" date="1996-10-25"/>
  </code>
  <code code="M141">
    <editdetail attribution="Reuters BIP Coding Group" action="confirmed" date="1996-10-25"/>
  </code>
  <code code="MCAT">
    <editdetail attribution="Reuters BIP Coding Group" action="confirmed" date="1996-10-25"/>
  </code>
</codes>
<dc element="dc.date.created" value="1996-10-25"/>
<dc element="dc.publisher" value="Reuters Holdings Plc"/>
<dc element="dc.date.published" value="1996-10-25"/>
<dc element="dc.source" value="Reuters"/>
<dc element="dc.creator.location" value="WASHINGTON"/>
<dc element="dc.creator.location.country.name" value="USA"/>
<dc element="dc.source" value="Reuters"/>
</metadata>
</newsitem>
