<?xml version="1.0" encoding="iso-8859-1" ?>
<newsitem itemid="23676" id="root" date="1996-08-30" xml:lang="en">
<title>USA: Chateau Properties still evaluating offers.</title>
<headline>Chateau Properties still evaluating offers.</headline>
<dateline>DETROIT 1996-08-30</dateline>
<text>
<p>Chateau Properties Inc chief executive officer C.G. Kellogg hopes to complete an evaluation of merger offers by Manufactured Home Communities and Sun Communities Inc &quot;in the month of September.&quot;</p>
<p>Kellogg told Reuters in a brief telephone interview that the company will respond to the offers when it completes its review, which also includes an evaluation of Chateau's definitive merger agreement with ROC Communities Inc.  </p>
<p>&quot;We've been given direction by the board to give side-by-side comparisons for all three deals,&quot; Kellogg said.</p>
<p>He declined to be more specific about timing on the evaluations, but said the review process was taking longer than initially anticipated.</p>
<p>&quot;I wouldn't hold my breath&quot; for an immediate response, he added.</p>
<p>In July, Chateau and ROC agreed to merge in a tax-free stock swap, with shareholders for each firm trading their shares for those of a newly formed company, Chateau Communities Inc.</p>
</text>
<copyright>(c) Reuters Limited 1996</copyright>
<metadata>
<codes class="bip:countries:1.0">
  <code code="USA">
    <editdetail attribution="Reuters BIP Coding Group" action="confirmed" date="1996-08-30"/>
  </code>
</codes>
<codes class="bip:industries:1.0">
  <code code="I50100">
    <editdetail attribution="Reuters BIP Coding Group" action="confirmed" date="1996-08-30"/>
  </code>
  <code code="I5010022">
    <editdetail attribution="Reuters BIP Coding Group" action="confirmed" date="1996-08-30"/>
  </code>
  <code code="I81502">
    <editdetail attribution="Reuters BIP Coding Group" action="confirmed" date="1996-08-30"/>
  </code>
  <code code="I8150206">
    <editdetail attribution="Reuters BIP Coding Group" action="confirmed" date="1996-08-30"/>
  </code>
  <code code="I85000">
    <editdetail attribution="Reuters BIP Coding Group" action="confirmed" date="1996-08-30"/>
  </code>
  <code code="I8500031">
    <editdetail attribution="Reuters BIP Coding Group" action="confirmed" date="1996-08-30"/>
  </code>
</codes>
<codes class="bip:topics:1.0">
  <code code="C18">
    <editdetail attribution="Reuters BIP Coding Group" action="confirmed" date="1996-08-30"/>
  </code>
  <code code="C181">
    <editdetail attribution="Reuters BIP Coding Group" action="confirmed" date="1996-08-30"/>
  </code>
  <code code="CCAT">
    <editdetail attribution="Reuters BIP Coding Group" action="confirmed" date="1996-08-30"/>
  </code>
</codes>
<dc element="dc.date.created" value="1996-08-30"/>
<dc element="dc.publisher" value="Reuters Holdings Plc"/>
<dc element="dc.date.published" value="1996-08-30"/>
<dc element="dc.source" value="Reuters"/>
<dc element="dc.creator.location" value="DETROIT"/>
<dc element="dc.creator.location.country.name" value="USA"/>
<dc element="dc.source" value="Reuters"/>
</metadata>
</newsitem>
