<?xml version="1.0" encoding="iso-8859-1" ?>
<newsitem itemid="3251" id="root" date="1996-08-20" xml:lang="en">
<title>SLOVENIA: Slovenian shares slip, seen shuffling sideways.</title>
<headline>Slovenian shares slip, seen shuffling sideways.</headline>
<dateline>LJUBLJANA 1996-08-20</dateline>
<text>
<p>Slovenian shares eased 0.09 percent on Tuesday and brokers said they were likely to keep tracking sideways over the rest of the week.</p>
<p>&quot;Although no major changes are expected this week as many investors are still on holidays, shares are more likely to rise than fall as most traders believe prices have already bottomed out,&quot; one broker said.</p>
<p>* The seven-share SBI index fell 0.84 points to 984.07.</p>
<p>* Five shares fell and 11 rose, while seven were untraded.</p>
<p>* Turnover rose to 79.5 million tolars from 58.5 million.</p>
<p>* Financial consultancy Finmedia had the highest turnover and was the leading decliner, falling 3.78 percent to 16,356 tolars on volume of 2,066 shares for total turnover of 33.8 million tolars.</p>
<p>* Preferred shares of bank Dolenjska banka were the top gainers, surging 6.77 percent to 10,250 on volume of one share. -- Marja Novak, Ljubljana newsroom, 386-61-125-8439</p>
</text>
<copyright>(c) Reuters Limited 1996</copyright>
<metadata>
<codes class="bip:countries:1.0">
  <code code="SLVNIA">
    <editdetail attribution="Reuters BIP Coding Group" action="confirmed" date="1996-08-20"/>
  </code>
</codes>
<codes class="bip:topics:1.0">
  <code code="M11">
    <editdetail attribution="Reuters BIP Coding Group" action="confirmed" date="1996-08-20"/>
  </code>
  <code code="MCAT">
    <editdetail attribution="Reuters BIP Coding Group" action="confirmed" date="1996-08-20"/>
  </code>
</codes>
<dc element="dc.date.created" value="1996-08-20"/>
<dc element="dc.publisher" value="Reuters Holdings Plc"/>
<dc element="dc.date.published" value="1996-08-20"/>
<dc element="dc.source" value="Reuters"/>
<dc element="dc.creator.location" value="LJUBLJANA"/>
<dc element="dc.creator.location.country.name" value="SLOVENIA"/>
<dc element="dc.source" value="Reuters"/>
</metadata>
</newsitem>
