<?xml version="1.0" encoding="iso-8859-1" ?>
<newsitem itemid="704643" id="root" date="1997-07-03" xml:lang="en">
<title>ALBANIA: Shooting erupts in Tirana in monarchist march.</title>
<headline>Shooting erupts in Tirana in monarchist march.</headline>
<dateline>TIRANA 1997-07-03</dateline>
<text>
<p>Shooting erupted in central Tirana on Thursday during a march organised by monarchists from the Skanderbeg Square to the headquarters of the central electoral commission.</p>
<p>Around 500 supporters of the king, who was wants to restored to the throne were involved in the march. It was not immediately clear who was involved in the shooting.  </p>
<p>Witnesses said the shooting appeared to be aimed in the air and one person was being carried by two or three people after apparently being injured.</p>
<p>Volleys of gunfire from automatic rifles and small arms could be heard next to an international hotel where foreign observers and reporters are staying.</p>
<p>Monarchists staged a rally for around one hour in Skanderbeg Square and marched down the main boulevard past government buildings.</p>
<p>Leka, the pretender to the Albanian throne, has insisted a referendum on restoring the monarchy was supported by the majority of voters on Sunday, But the central electoral commission said on Wednesday around 35.7 percent voted in favour of the king and some 64.2 percent against.</p>
</text>
<copyright>(c) Reuters Limited 1997</copyright>
<metadata>
<codes class="bip:countries:1.0">
  <code code="ALB">
    <editdetail attribution="Reuters BIP Coding Group" action="confirmed" date="1997-07-03"/>
  </code>
</codes>
<codes class="bip:topics:1.0">
  <code code="GCAT">
    <editdetail attribution="Reuters BIP Coding Group" action="confirmed" date="1997-07-03"/>
  </code>
  <code code="GVIO">
    <editdetail attribution="Reuters BIP Coding Group" action="confirmed" date="1997-07-03"/>
  </code>
</codes>
<dc element="dc.date.created" value="1997-07-03"/>
<dc element="dc.publisher" value="Reuters Holdings Plc"/>
<dc element="dc.date.published" value="1997-07-03"/>
<dc element="dc.source" value="Reuters"/>
<dc element="dc.creator.location" value="TIRANA"/>
<dc element="dc.creator.location.country.name" value="ALBANIA"/>
<dc element="dc.source" value="Reuters"/>
</metadata>
</newsitem>
