<?xml version="1.0" encoding="iso-8859-1" ?>
<newsitem itemid="203375" id="root" date="1996-11-20" xml:lang="en">
<title>USA: US Plains cattle markets quiet, few $70 bids-trade.</title>
<headline>US Plains cattle markets quiet, few $70 bids-trade.</headline>
<dateline>CHICAGO 1996-11-20</dateline>
<text>
<p>U.S. Plains feedlot cattle markets were quiet early Wednesday as feedlot managers again passed $70.00 per cwt bids, feedlot sources said.</p>
<p>&quot;It is not doing any good,&quot; said a Texas manager of the $70 bids. &quot;We continue to price cattle at $73.00.&quot;</p>
<p>A small number of cattle sold in Kansas Tuesday at $73.00, but sources said special circumstances were probably associated with those trades.</p>
<p>Kansas sources also reported passing scattered $70.00 bids early Wednesday. Although cattle were priced at $73.00, one manager said &quot;$72.00 is probably more realistic.&quot;  </p>
<p>USDA reported beef cutout values jumped Tuesday $2.00 to $2.14 per cwt on choice cuts and were $0.69 to $0.78 higher for select beef. Cutout values for choice yield-grade 1-3 700-850 lb carcasses were quoted at $118.89 per cwt -- the highest level since June 1993, USDA confirmed.</p>
<p>--Chicago newsdesk 312-408-8720--</p>
</text>
<copyright>(c) Reuters Limited 1996</copyright>
<metadata>
<codes class="bip:countries:1.0">
  <code code="USA">
    <editdetail attribution="Reuters BIP Coding Group" action="confirmed" date="1996-11-20"/>
  </code>
</codes>
<codes class="bip:topics:1.0">
  <code code="M14">
    <editdetail attribution="Reuters BIP Coding Group" action="confirmed" date="1996-11-20"/>
  </code>
  <code code="M141">
    <editdetail attribution="Reuters BIP Coding Group" action="confirmed" date="1996-11-20"/>
  </code>
  <code code="MCAT">
    <editdetail attribution="Reuters BIP Coding Group" action="confirmed" date="1996-11-20"/>
  </code>
</codes>
<dc element="dc.date.created" value="1996-11-20"/>
<dc element="dc.publisher" value="Reuters Holdings Plc"/>
<dc element="dc.date.published" value="1996-11-20"/>
<dc element="dc.source" value="Reuters"/>
<dc element="dc.creator.location" value="CHICAGO"/>
<dc element="dc.creator.location.country.name" value="USA"/>
<dc element="dc.source" value="Reuters"/>
</metadata>
</newsitem>
