<?xml version="1.0" encoding="iso-8859-1" ?>
<newsitem itemid="77873" id="root" date="1996-09-26" xml:lang="en">
<title>RUSSIA: PRESS DIGEST - RUSSIA - SEPT 26.</title>
<headline>PRESS DIGEST - RUSSIA - SEPT 26.</headline>
<text>
<p>IZVESTIA</p>
<p>- Ukraine is threatening the world with a new Chernobyl disaster, but experts say there is no real danger there.</p>
<p>- President Yeltsin is in touch with a limited number of people, and I am not one of them, says Russia's security supremo Alexander Lebed in an interview.</p>
<p>SEVODNYA</p>
<p>- Public curiosity in Russia was satisfied yesterday after a news conference by a leading cardiologists who gave a full accout of President Yeltsin's heart conditions.</p>
<p>- Russia's government decided to improve the budget situation by cutting tax and customs privileges for so-called extra budget funds formed by various ministries and enterprises to avoid tax payments.</p>
<p>NEZAVISIMAYA GAZETA</p>
<p>- General Alexander Lebed is gradually turning from a real polititian into a mythological character, says the paper dedicating two pages to a profile of the general to mark his 100 days in big politics.</p>
<p>ROSSIYSKIYE VESTI</p>
<p>- There is no sensation: any president may become a patient, says the headline on the paper's front page.</p>
<p>PRAVDA</p>
<p>- The health of Russia's president is not only a public issue but also an international one because &quot;such a huge country as Russia should always be under control&quot;, said communist leader Gennady Zyuganov in Strasbourg.</p>
<p>MOSKOVSKY KOMSOMOLETS</p>
<p>- The diagnosis is there would be no elections, says the headline of an article on Yeltsin's health.</p>
<p>--Svetlana Kovaleva, Moscow Newsroom, +7095 941 8520</p>
</text>
<copyright>(c) Reuters Limited 1996</copyright>
<metadata>
<codes class="bip:countries:1.0">
  <code code="RUSS">
    <editdetail attribution="Reuters BIP Coding Group" action="confirmed" date="1996-09-26"/>
  </code>
</codes>
<codes class="bip:topics:1.0">
  <code code="GCAT">
    <editdetail attribution="Reuters BIP Coding Group" action="confirmed" date="1996-09-26"/>
  </code>
</codes>
<dc element="dc.publisher" value="Reuters Holdings Plc"/>
<dc element="dc.date.published" value="1996-09-26"/>
<dc element="dc.source" value="Reuters"/>
<dc element="dc.creator.location.country.name" value="RUSSIA"/>
<dc element="dc.source" value="Reuters"/>
</metadata>
</newsitem>
