<?xml version="1.0" encoding="iso-8859-1" ?>
<newsitem itemid="457597" id="root" date="1997-03-20" xml:lang="en">
<title>FRANCE: Renault workers protest plant closure.</title>
<headline>Renault workers protest plant closure.</headline>
<dateline>PARIS 1997-03-20</dateline>
<text>
<p>Workers from Renault's assembly plant in Vilvoorde, Belgium, mounted scattered protests in France on Thursday against the French carmaker's plans to close down the plant, threatening 3,100 jobs.</p>
<p>Several dozen workers who drove to Paris from Belgium marched down the Champs-Elysees boulevard after demonstrating in front of Renault headquarters in suburban Paris where the board was meeting for a briefing on the firm's 1996 results.</p>
<p>Analysts predicted Renault would announce losses for the year of 4.5 billion to six billion francs.</p>
<p>The demonstrations were staged a day after Renault chairman Louis Schweitzer reaffirmed the company's 's decision to shut down the Vilvoorde plant.</p>
<p>Union officials afterward vowed to step up protests against the decision, saying that Schweitzer had rejected their ideas on how to keep the plant operating.</p>
<p>-- Paris Newsroom +331 4221 5542</p>
</text>
<copyright>(c) Reuters Limited 1997</copyright>
<metadata>
<codes class="bip:countries:1.0">
  <code code="BELG">
    <editdetail attribution="Reuters BIP Coding Group" action="confirmed" date="1997-03-20"/>
  </code>
  <code code="FRA">
    <editdetail attribution="Reuters BIP Coding Group" action="confirmed" date="1997-03-20"/>
  </code>
</codes>
<codes class="bip:industries:1.0">
  <code code="I35101">
    <editdetail attribution="Reuters BIP Coding Group" action="confirmed" date="1997-03-20"/>
  </code>
</codes>
<codes class="bip:topics:1.0">
  <code code="C24">
    <editdetail attribution="Reuters BIP Coding Group" action="confirmed" date="1997-03-20"/>
  </code>
  <code code="C42">
    <editdetail attribution="Reuters BIP Coding Group" action="confirmed" date="1997-03-20"/>
  </code>
  <code code="CCAT">
    <editdetail attribution="Reuters BIP Coding Group" action="confirmed" date="1997-03-20"/>
  </code>
  <code code="E41">
    <editdetail attribution="Reuters BIP Coding Group" action="confirmed" date="1997-03-20"/>
  </code>
  <code code="ECAT">
    <editdetail attribution="Reuters BIP Coding Group" action="confirmed" date="1997-03-20"/>
  </code>
  <code code="GCAT">
    <editdetail attribution="Reuters BIP Coding Group" action="confirmed" date="1997-03-20"/>
  </code>
  <code code="GJOB">
    <editdetail attribution="Reuters BIP Coding Group" action="confirmed" date="1997-03-20"/>
  </code>
</codes>
<dc element="dc.date.created" value="1997-03-20"/>
<dc element="dc.publisher" value="Reuters Holdings Plc"/>
<dc element="dc.date.published" value="1997-03-20"/>
<dc element="dc.source" value="Reuters"/>
<dc element="dc.creator.location" value="PARIS"/>
<dc element="dc.creator.location.country.name" value="FRANCE"/>
<dc element="dc.source" value="Reuters"/>
</metadata>
</newsitem>
