<?xml version="1.0" encoding="iso-8859-1" ?>
<newsitem itemid="674226" id="root" date="1997-06-19" xml:lang="en">
<title>GERMANY: HEW 96 profits rise to 144 mln dmk.</title>
<headline>HEW 96 profits rise to 144 mln dmk.</headline>
<dateline>HAMBURG, Germany 1997-06-19</dateline>
<text>
<p>Calendar 1996</p>
<p>(in millions of marks unless stated)</p>
<p>    Group net profit			   144     vs 89</p>
<p>    Group sales				  3,960   vs 3,830</p>
<p>    Dividend				     20	vs 17 percent</p>
<p>NOTE - Full name of the German electricity utility is Hamburger Elektricitaets-Werke AG.</p>
</text>
<copyright>(c) Reuters Limited 1997</copyright>
<metadata>
<codes class="bip:countries:1.0">
  <code code="GFR">
    <editdetail attribution="Reuters BIP Coding Group" action="confirmed" date="1997-06-19"/>
  </code>
</codes>
<codes class="bip:industries:1.0">
  <code code="I16100">
    <editdetail attribution="Reuters BIP Coding Group" action="confirmed" date="1997-06-19"/>
  </code>
</codes>
<codes class="bip:topics:1.0">
  <code code="C15">
    <editdetail attribution="Reuters BIP Coding Group" action="confirmed" date="1997-06-19"/>
  </code>
  <code code="C151">
    <editdetail attribution="Reuters BIP Coding Group" action="confirmed" date="1997-06-19"/>
  </code>
  <code code="CCAT">
    <editdetail attribution="Reuters BIP Coding Group" action="confirmed" date="1997-06-19"/>
  </code>
</codes>
<dc element="dc.date.created" value="1997-06-19"/>
<dc element="dc.publisher" value="Reuters Holdings Plc"/>
<dc element="dc.date.published" value="1997-06-19"/>
<dc element="dc.source" value="Reuters"/>
<dc element="dc.creator.location" value="HAMBURG, Germany"/>
<dc element="dc.creator.location.country.name" value="GERMANY"/>
<dc element="dc.source" value="Reuters"/>
</metadata>
</newsitem>
