<?xml version="1.0" encoding="iso-8859-1" ?>
<newsitem itemid="546149" id="root" date="1997-04-29" xml:lang="en">
<title>UK: British election diary for April 30.</title>
<headline>British election diary for April 30.</headline>
<dateline>LONDON 1996-04-30</dateline>
<text>
<p>Here are the main press conferences and canvassing appearances in the British election campaign for Wednesday, April 30:</p>
<p>Prime Minister John Major holds press conference at 1100 BST in London with Deputy Prime Minister Michael Heseltine and Party Chairman Brian Mawhinney.</p>
<p>Labour Party leader Tony Blair will be joined by finance spokesman Gordon Brown for a 0715 BST press conference at Labour's Millbank Tower media centre.</p>
<p>Blair will then set off for a campaign tour of the north of England and Scotland. Sir James Goldsmith of the Referendum Party will be campaigning in East Anglia addressing local supporters in Huntingdon and Cambridge.</p>
</text>
<copyright>(c) Reuters Limited 1997</copyright>
<metadata>
<codes class="bip:countries:1.0">
  <code code="UK">
    <editdetail attribution="Reuters BIP Coding Group" action="confirmed" date="1997-04-29"/>
  </code>
</codes>
<codes class="bip:topics:1.0">
  <code code="GCAT">
    <editdetail attribution="Reuters BIP Coding Group" action="confirmed" date="1997-04-29"/>
  </code>
  <code code="GPOL">
    <editdetail attribution="Reuters BIP Coding Group" action="confirmed" date="1997-04-29"/>
  </code>
  <code code="GVOTE">
    <editdetail attribution="Reuters BIP Coding Group" action="confirmed" date="1997-04-29"/>
  </code>
</codes>
<dc element="dc.date.created" value="1996-04-30"/>
<dc element="dc.publisher" value="Reuters Holdings Plc"/>
<dc element="dc.date.published" value="1997-04-29"/>
<dc element="dc.source" value="Reuters"/>
<dc element="dc.creator.location" value="LONDON"/>
<dc element="dc.creator.location.country.name" value="UK"/>
<dc element="dc.source" value="Reuters"/>
</metadata>
</newsitem>
