<?xml version="1.0" encoding="iso-8859-1" ?>
<newsitem itemid="763712" id="root" date="1997-07-29" xml:lang="en">
<title>USA: OMB's Raines predicts U.S. budget deal will pass.</title>
<headline>OMB's Raines predicts U.S. budget deal will pass.</headline>
<dateline>WASHINGTON 1997-07-29</dateline>
<text>
<p>Franklin Raines, director of the White House Office of Management and Budget, said Tuesday the budget deal reached Monday between the White House and Congress would &quot;absolutely&quot; get congressional approval.</p>
<p>Asked on ABC's &quot;Good Morning America&quot; if he thought the agreement would have the congressional support it needs to pass, Raines said, &quot;Absolutely. I believe it will have ... far more votes than necessary to pass it.&quot;  </p>
<p>After months of difficult negotiations, President Clinton and Republican leaders reached an accord to balance the federal budget for the first time in a generation and cut taxes by $90 billion over the next five years.</p>
<p>The agreement will boost spending on education by $40 billion and start a $24 billion health insurance program for uninsured children.</p>
<p>The plan will raise the $0.24-per-pack cigarette tax by $0.15 and extend the airline ticket tax to raise about $30 billion through 2002.</p>
</text>
<copyright>(c) Reuters Limited 1997</copyright>
<metadata>
<codes class="bip:countries:1.0">
  <code code="USA">
    <editdetail attribution="Reuters BIP Coding Group" action="confirmed" date="1997-07-29"/>
  </code>
</codes>
<codes class="bip:topics:1.0">
  <code code="E21">
    <editdetail attribution="Reuters BIP Coding Group" action="confirmed" date="1997-07-29"/>
  </code>
  <code code="E211">
    <editdetail attribution="Reuters BIP Coding Group" action="confirmed" date="1997-07-29"/>
  </code>
  <code code="ECAT">
    <editdetail attribution="Reuters BIP Coding Group" action="confirmed" date="1997-07-29"/>
  </code>
  <code code="GCAT">
    <editdetail attribution="Reuters BIP Coding Group" action="confirmed" date="1997-07-29"/>
  </code>
  <code code="GPOL">
    <editdetail attribution="Reuters BIP Coding Group" action="confirmed" date="1997-07-29"/>
  </code>
</codes>
<dc element="dc.date.created" value="1997-07-29"/>
<dc element="dc.publisher" value="Reuters Holdings Plc"/>
<dc element="dc.date.published" value="1997-07-29"/>
<dc element="dc.source" value="Reuters"/>
<dc element="dc.creator.location" value="WASHINGTON"/>
<dc element="dc.creator.location.country.name" value="USA"/>
<dc element="dc.source" value="Reuters"/>
</metadata>
</newsitem>
