<?xml version="1.0" encoding="iso-8859-1" ?>
<newsitem itemid="463137" id="root" date="1997-03-24" xml:lang="en">
<title>HUNGARY: Tesco unit bid to buy out Hungary's Global.</title>
<headline>Tesco unit bid to buy out Hungary's Global.</headline>
<dateline>BUDAPEST 1997-03-24</dateline>
<text>
<p>Tesco's subsidiary Cheshunt Overseas Finance B.V., majority owner of Hungarian retailer Global T.H., on Monday made a buyout offer for holders of Global shares at 2,100 forints or 7.48 pounds.</p>
<p>The bid is valid between March 24 and May 12, 1997, and between January 5 and February 27, 1998, a Global advertisement in Monday's Hungarian daily Magyar Hirlap, said.</p>
<p>Global's annual shareholders' meeting on April 25 will consider a proposal to delist Global stocks from the Budapest Stock Exchange.</p>
<p>On the Budapest Stock Exchange, Global shares ended on Monday at 2,000 forints, up 200.</p>
<p>-- Budapest newsroom +36 1 327 4040</p>
</text>
<copyright>(c) Reuters Limited 1997</copyright>
<metadata>
<codes class="bip:countries:1.0">
  <code code="HUNG">
    <editdetail attribution="Reuters BIP Coding Group" action="confirmed" date="1997-03-24"/>
  </code>
  <code code="UK">
    <editdetail attribution="Reuters BIP Coding Group" action="confirmed" date="1997-03-24"/>
  </code>
</codes>
<codes class="bip:industries:1.0">
  <code code="I64100">
    <editdetail attribution="Reuters BIP Coding Group" action="confirmed" date="1997-03-24"/>
  </code>
</codes>
<codes class="bip:topics:1.0">
  <code code="C18">
    <editdetail attribution="Reuters BIP Coding Group" action="confirmed" date="1997-03-24"/>
  </code>
  <code code="C181">
    <editdetail attribution="Reuters BIP Coding Group" action="confirmed" date="1997-03-24"/>
  </code>
  <code code="CCAT">
    <editdetail attribution="Reuters BIP Coding Group" action="confirmed" date="1997-03-24"/>
  </code>
</codes>
<dc element="dc.date.created" value="1997-03-24"/>
<dc element="dc.publisher" value="Reuters Holdings Plc"/>
<dc element="dc.date.published" value="1997-03-24"/>
<dc element="dc.source" value="Reuters"/>
<dc element="dc.creator.location" value="BUDAPEST"/>
<dc element="dc.creator.location.country.name" value="HUNGARY"/>
<dc element="dc.source" value="Reuters"/>
</metadata>
</newsitem>
