<?xml version="1.0" encoding="iso-8859-1" ?>
<newsitem itemid="434288" id="root" date="1997-03-11" xml:lang="en">
<title>DUBAI: Emirates Industrial Bank raises financing ceiling.</title>
<headline>Emirates Industrial Bank raises financing ceiling.</headline>
<dateline>DUBAI 1997-03-11</dateline>
<text>
<p>Emirates Industrial Bank (EIB) on Tuesday agreed to raise the ceiling of its share in financing industrial projects in the Gulf Arab state, the official news agency WAM reported.</p>
<p>Under changes approved at a general assembly, EIB increased its financing ceiling to 70 percent of the project's cost or a maximum equal to 20 percent of the bank's authorised capital and reserves, whichever is lower.</p>
<p>Previously, the bank limited financing to 60 percent of a project's cost.</p>
<p>It said this would boost EIB's role in financing industrial projects and increasing its share in UAE investments.</p>
<p>It agreed to finance three new projects worth 18.3 million dirhams ($5 million) in 1997.</p>
<p>In 1996 the bank's capital stood at 731 million dirhams while profits in the year were 1.7 million dirhams.</p>
<p>The government holds 51 percent and local banks and insurance firms hold the rest of EIB, which has helped finance 254 projects worth 1.4 billion dirhams since it was set up in 1982 to promote manufacturing and non-oil industrial projects.</p>
<p>($1=3.67 dirhams)</p>
</text>
<copyright>(c) Reuters Limited 1997</copyright>
<metadata>
<codes class="bip:countries:1.0">
  <code code="UAE">
    <editdetail attribution="Reuters BIP Coding Group" action="confirmed" date="1997-03-11"/>
  </code>
</codes>
<codes class="bip:industries:1.0">
  <code code="I81402">
    <editdetail attribution="Reuters BIP Coding Group" action="confirmed" date="1997-03-11"/>
  </code>
</codes>
<codes class="bip:topics:1.0">
  <code code="C13">
    <editdetail attribution="Reuters BIP Coding Group" action="confirmed" date="1997-03-11"/>
  </code>
  <code code="C21">
    <editdetail attribution="Reuters BIP Coding Group" action="confirmed" date="1997-03-11"/>
  </code>
  <code code="CCAT">
    <editdetail attribution="Reuters BIP Coding Group" action="confirmed" date="1997-03-11"/>
  </code>
</codes>
<dc element="dc.date.created" value="1997-03-11"/>
<dc element="dc.publisher" value="Reuters Holdings Plc"/>
<dc element="dc.date.published" value="1997-03-11"/>
<dc element="dc.source" value="Reuters"/>
<dc element="dc.creator.location" value="DUBAI"/>
<dc element="dc.creator.location.country.name" value="DUBAI"/>
<dc element="dc.source" value="Reuters"/>
</metadata>
</newsitem>
