<?xml version="1.0" encoding="iso-8859-1" ?>
<newsitem itemid="726448" id="root" date="1997-07-14" xml:lang="en">
<title>USA: TABLE - Steel of West Virginia Q2 shr up.</title>
<headline>TABLE - Steel of West Virginia Q2 shr up.</headline>
<dateline>HUNTINGTON, W.Va. 1997-07-14</dateline>
<text>
<p>1997			1996</p>
<p> Shr			  $0.28		    $0.10</p>
<p> Net			  1,657			618</p>
<p> Revs			27,923		   23,797</p>
<p> Avg shrs		   5,994		    5,987</p>
<p>	   6 MONTHS</p>
<p> Shr			  $0.53		    $0.10</p>
<p> Net			  3,202			631</p>
<p> Revs			52,351		   50,444</p>
<p> Avg shrs		   5,993		    6,061</p>
<p>(All data above 000s except per share numbers)</p>
<p>NOTES: Full company name is Steel of West Virginia Inc.</p>
</text>
<copyright>(c) Reuters Limited 1997</copyright>
<metadata>
<codes class="bip:countries:1.0">
  <code code="USA">
    <editdetail attribution="Reuters BIP Coding Group" action="confirmed" date="1997-07-14"/>
  </code>
</codes>
<codes class="bip:industries:1.0">
  <code code="I21000">
    <editdetail attribution="Reuters BIP Coding Group" action="confirmed" date="1997-07-14"/>
  </code>
</codes>
<codes class="bip:topics:1.0">
  <code code="C15">
    <editdetail attribution="Reuters BIP Coding Group" action="confirmed" date="1997-07-14"/>
  </code>
  <code code="C151">
    <editdetail attribution="Reuters BIP Coding Group" action="confirmed" date="1997-07-14"/>
  </code>
  <code code="CCAT">
    <editdetail attribution="Reuters BIP Coding Group" action="confirmed" date="1997-07-14"/>
  </code>
</codes>
<dc element="dc.date.created" value="1997-07-14"/>
<dc element="dc.publisher" value="Reuters Holdings Plc"/>
<dc element="dc.date.published" value="1997-07-14"/>
<dc element="dc.source" value="Reuters"/>
<dc element="dc.creator.location" value="HUNTINGTON, W.Va."/>
<dc element="dc.creator.location.country.name" value="USA"/>
<dc element="dc.source" value="Reuters"/>
</metadata>
</newsitem>
