<?xml version="1.0" encoding="iso-8859-1" ?>
<newsitem itemid="317655" id="root" date="1997-01-19" xml:lang="en">
<title>FRANCE: French island of Corsica shaken by fresh bombings.</title>
<headline>French island of Corsica shaken by fresh bombings.</headline>
<dateline>AJACCIO, Corsica 1997-01-19</dateline>
<text>
<p>Two bombs exploded overnight on the French Mediterranean island of Corsica, damaging a driving school and a bank but causing no casualties, police said on Sunday.</p>
<p>No one immediately claimed responsibity for the blasts but Corsican separatist guerrillas seeking greater autonomy from mainland France stage regular bombing attacks on the island.</p>
<p>The blast in front of the driving school in the southern Corsican town of Porto-Vecchio smashed the school's windows and damaged internal walls.</p>
<p>Another branch of the school owned by Corsican businessman Christian Pujula was bombed two weeks ago.</p>
<p>The bank bombing blew out the windows at a branch of the Banque Populaire Provencale et Corse in Bastia, northern Corsica, police said.</p>
</text>
<copyright>(c) Reuters Limited 1997</copyright>
<metadata>
<codes class="bip:countries:1.0">
  <code code="FRA">
    <editdetail attribution="Reuters BIP Coding Group" action="confirmed" date="1997-01-19"/>
  </code>
</codes>
<codes class="bip:topics:1.0">
  <code code="GCAT">
    <editdetail attribution="Reuters BIP Coding Group" action="confirmed" date="1997-01-19"/>
  </code>
  <code code="GVIO">
    <editdetail attribution="Reuters BIP Coding Group" action="confirmed" date="1997-01-19"/>
  </code>
</codes>
<dc element="dc.date.created" value="1997-01-19"/>
<dc element="dc.publisher" value="Reuters Holdings Plc"/>
<dc element="dc.date.published" value="1997-01-19"/>
<dc element="dc.source" value="Reuters"/>
<dc element="dc.creator.location" value="AJACCIO, Corsica"/>
<dc element="dc.creator.location.country.name" value="FRANCE"/>
<dc element="dc.source" value="Reuters"/>
</metadata>
</newsitem>
