<?xml version="1.0" encoding="iso-8859-1" ?>
<newsitem itemid="342766" id="root" date="1997-01-29" xml:lang="en">
<title>PORTUGAL: Yield rises on 182-day Portuguese bills.</title>
<headline>Yield rises on 182-day Portuguese bills.</headline>
<dateline>LISBON 1997-01-29</dateline>
<text>
<p>The average yield rose to 5.5062 percent, from 5.4276 percent previously, at the Treasury's sale of 182-day bills, the Bank of Portugal said.</p>
<p>The Treasury placed 31 billion escudos.</p>
<p>--LISBON BUREAU 3511-3150035</p>
</text>
<copyright>(c) Reuters Limited 1997</copyright>
<metadata>
<codes class="bip:countries:1.0">
  <code code="PORL">
    <editdetail attribution="Reuters BIP Coding Group" action="confirmed" date="1997-01-29"/>
  </code>
</codes>
<codes class="bip:topics:1.0">
  <code code="M13">
    <editdetail attribution="Reuters BIP Coding Group" action="confirmed" date="1997-01-29"/>
  </code>
  <code code="M131">
    <editdetail attribution="Reuters BIP Coding Group" action="confirmed" date="1997-01-29"/>
  </code>
  <code code="MCAT">
    <editdetail attribution="Reuters BIP Coding Group" action="confirmed" date="1997-01-29"/>
  </code>
</codes>
<dc element="dc.date.created" value="1997-01-29"/>
<dc element="dc.publisher" value="Reuters Holdings Plc"/>
<dc element="dc.date.published" value="1997-01-29"/>
<dc element="dc.source" value="Reuters"/>
<dc element="dc.creator.location" value="LISBON"/>
<dc element="dc.creator.location.country.name" value="PORTUGAL"/>
<dc element="dc.source" value="Reuters"/>
</metadata>
</newsitem>
