<?xml version="1.0" encoding="iso-8859-1" ?>
<newsitem itemid="711394" id="root" date="1997-07-07" xml:lang="en">
<title>USA: BALANCE - Holland, Mich., at $3.9 mln.</title>
<headline>BALANCE - Holland, Mich., at $3.9 mln.</headline>
<text>
<p>CITY OF HOLLAND, MICHIGAN</p>
<p>RE: $11,000,000</p>
<p>OTTAWA &amp; ALLEGAN COUNTIES</p>
<p>WATER SUPPLY SYSTEM REVENUE BONDS</p>
<p>SERIES 1997 A</p>
<p>    MOODY'S: A1		    S&amp;P: A+</p>
<p>Delivery Date: 07/24/1997</p>
<p> Maturity	   Balance     Coupon    List</p>
<p>07/01/1999		10M    4.15	100.00</p>
<p>07/01/2008		30M    4.90	  5.00</p>
<p>07/01/2011		80M    5.20	  5.25</p>
<p>07/01/2013	     470M    5.30	  5.35</p>
<p>07/01/2015	   1,565M    5.35	  5.40</p>
<p>07/01/2017	   1,760M    5.375	 5.45</p>
<p>CALL FEATURES: 07/01/2006    100.00</p>
<p>  Total:	     3,895M</p>
<p>A.G. Edwards &amp; Sons, Inc.</p>
<p>First of Michigan Corporation</p>
<p>McDonald &amp; Company Securities, Inc.</p>
<p>Roney &amp; Co.</p>
<p>--U.S. Municipal Desk, 212-859-1650</p>
</text>
<copyright>(c) Reuters Limited 1997</copyright>
<metadata>
<codes class="bip:countries:1.0">
  <code code="USA">
    <editdetail attribution="Reuters BIP Coding Group" action="confirmed" date="1997-07-07"/>
  </code>
</codes>
<codes class="bip:topics:1.0">
  <code code="E21">
    <editdetail attribution="Reuters BIP Coding Group" action="confirmed" date="1997-07-07"/>
  </code>
  <code code="E212">
    <editdetail attribution="Reuters BIP Coding Group" action="confirmed" date="1997-07-07"/>
  </code>
  <code code="ECAT">
    <editdetail attribution="Reuters BIP Coding Group" action="confirmed" date="1997-07-07"/>
  </code>
</codes>
<dc element="dc.publisher" value="Reuters Holdings Plc"/>
<dc element="dc.date.published" value="1997-07-07"/>
<dc element="dc.source" value="Reuters"/>
<dc element="dc.creator.location.country.name" value="USA"/>
<dc element="dc.source" value="Reuters"/>
</metadata>
</newsitem>
