<?xml version="1.0" encoding="iso-8859-1" ?>
<newsitem itemid="371849" id="root" date="1997-02-12" xml:lang="en">
<title>CANADA: Magna Intl shares fall on U.S. selling.</title>
<headline>Magna Intl shares fall on U.S. selling.</headline>
<dateline>TORONTO 1997-02-12</dateline>
<text>
<p>Shares in auto parts maker Magna International Inc tumbled in morning trade on Wednesday after an aggressive U.S. seller shed a large amount of stock, traders said.</p>
<p>&quot;I think there was an aggressive seller out of the (United) States,&quot; said one trader.</p>
<p>&quot;The selling was all institutionally driven,&quot; he added. The trader said Schroeder Wertheim crossed a two million share block in New York. Another dealer said there was no more to the transaction than one institution wanting to sell a block of stock and a syndicate wanting to buy.  </p>
<p>Magna shares fell to 70.40 on the Toronto Stock Exchange before retracing slightly to trade down 2.00 at 70.80 with 1.86 million shares swapping hands.</p>
<p>In New York, Magna was down 1-5/8 at 52-1/8, up from a trough of 51-3/4, on turnover of 2.32 million shares.</p>
<p>((Sarah Edmonds, Reuters Toronto Bureau (416) 941-8100, E-mail sarah.edmonds@reuters.com))</p>
</text>
<copyright>(c) Reuters Limited 1997</copyright>
<metadata>
<codes class="bip:countries:1.0">
  <code code="CANA">
    <editdetail attribution="Reuters BIP Coding Group" action="confirmed" date="1997-02-12"/>
  </code>
  <code code="USA">
    <editdetail attribution="Reuters BIP Coding Group" action="confirmed" date="1997-02-12"/>
  </code>
</codes>
<codes class="bip:industries:1.0">
  <code code="I35300">
    <editdetail attribution="Reuters BIP Coding Group" action="confirmed" date="1997-02-12"/>
  </code>
</codes>
<codes class="bip:topics:1.0">
  <code code="C15">
    <editdetail attribution="Reuters BIP Coding Group" action="confirmed" date="1997-02-12"/>
  </code>
  <code code="C152">
    <editdetail attribution="Reuters BIP Coding Group" action="confirmed" date="1997-02-12"/>
  </code>
  <code code="CCAT">
    <editdetail attribution="Reuters BIP Coding Group" action="confirmed" date="1997-02-12"/>
  </code>
</codes>
<dc element="dc.date.created" value="1997-02-12"/>
<dc element="dc.publisher" value="Reuters Holdings Plc"/>
<dc element="dc.date.published" value="1997-02-12"/>
<dc element="dc.source" value="Reuters"/>
<dc element="dc.creator.location" value="TORONTO"/>
<dc element="dc.creator.location.country.name" value="CANADA"/>
<dc element="dc.source" value="Reuters"/>
</metadata>
</newsitem>
