<?xml version="1.0" encoding="iso-8859-1" ?>
<newsitem itemid="458527" id="root" date="1997-03-21" xml:lang="en">
<title>UK: English short-story master Pritchett dies at 96.</title>
<headline>English short-story master Pritchett dies at 96.</headline>
<dateline>LONDON 1997-03-21</dateline>
<text>
<p>V.S. Pritchett, hailed as one of the great 20th century masters of the English short story, has died at the age of 96, his family said on Friday.</p>
<p>Pritchett, author of more than 40 books of short stories, novels and literary criticism, was hailed by his fellow novelists as a genius.</p>
<p>&quot;&quot;He was one of the very greatest English writers of the 20th century,&quot; said Martin Amis. Julian Barnes called Pritchett &quot;the best English short story writer of the last 50 years.&quot;</p>
<p>Pritchett, who left school at 15, worked as a journalist during the Irish Civil War and later in Spain. He was knighted in 1975 for his services to literature. He had been ill for several months after suffering a stroke.</p>
</text>
<copyright>(c) Reuters Limited 1997</copyright>
<metadata>
<codes class="bip:countries:1.0">
  <code code="UK">
    <editdetail attribution="Reuters BIP Coding Group" action="confirmed" date="1997-03-21"/>
  </code>
</codes>
<codes class="bip:topics:1.0">
  <code code="GCAT">
    <editdetail attribution="Reuters BIP Coding Group" action="confirmed" date="1997-03-21"/>
  </code>
  <code code="GENT">
    <editdetail attribution="Reuters BIP Coding Group" action="confirmed" date="1997-03-21"/>
  </code>
  <code code="GOBIT">
    <editdetail attribution="Reuters BIP Coding Group" action="confirmed" date="1997-03-21"/>
  </code>
  <code code="GPRO">
    <editdetail attribution="Reuters BIP Coding Group" action="confirmed" date="1997-03-21"/>
  </code>
</codes>
<dc element="dc.date.created" value="1997-03-21"/>
<dc element="dc.publisher" value="Reuters Holdings Plc"/>
<dc element="dc.date.published" value="1997-03-21"/>
<dc element="dc.source" value="Reuters"/>
<dc element="dc.creator.location" value="LONDON"/>
<dc element="dc.creator.location.country.name" value="UK"/>
<dc element="dc.source" value="Reuters"/>
</metadata>
</newsitem>
