<?xml version="1.0" encoding="iso-8859-1" ?>
<newsitem itemid="10078" id="root" date="1996-08-22" xml:lang="en">
<title>JAPAN: B-R 31 Ice Cream -6mth parent results.</title>
<headline>B-R 31 Ice Cream -6mth parent results.</headline>
<dateline>TOKYO 1996-08-22</dateline>
<text>
<p>Six months to June 30, 1996</p>
<p> (Parent)	(in billions of yen unless specified)</p>
<p> Sales		  2.70		vs	    2.66</p>
<p> Operating	   39    million    vs	   98    million</p>
<p> Current	     70    million    vs	  138    million</p>
<p> Net		   45    million    vs	   63    million</p>
<p> EPS		    4.10 yen	  vs	    5.76 yen</p>
<p> Shares	     11 million	  vs	  11 million</p>
<p> Interim div	 12.50 yen	  vs	   12.50 yen</p>
<p>NOTE - B-R 31 Ice Cream Co Ltd operates a chain of ice cream speciality shops.</p>
</text>
<copyright>(c) Reuters Limited 1996</copyright>
<metadata>
<codes class="bip:countries:1.0">
  <code code="JAP">
    <editdetail attribution="Reuters BIP Coding Group" action="confirmed" date="1996-08-22"/>
  </code>
</codes>
<codes class="bip:industries:1.0">
  <code code="I41300">
    <editdetail attribution="Reuters BIP Coding Group" action="confirmed" date="1996-08-22"/>
  </code>
</codes>
<codes class="bip:topics:1.0">
  <code code="C15">
    <editdetail attribution="Reuters BIP Coding Group" action="confirmed" date="1996-08-22"/>
  </code>
  <code code="C151">
    <editdetail attribution="Reuters BIP Coding Group" action="confirmed" date="1996-08-22"/>
  </code>
  <code code="CCAT">
    <editdetail attribution="Reuters BIP Coding Group" action="confirmed" date="1996-08-22"/>
  </code>
</codes>
<dc element="dc.date.created" value="1996-08-22"/>
<dc element="dc.publisher" value="Reuters Holdings Plc"/>
<dc element="dc.date.published" value="1996-08-22"/>
<dc element="dc.source" value="Reuters"/>
<dc element="dc.creator.location" value="TOKYO"/>
<dc element="dc.creator.location.country.name" value="JAPAN"/>
<dc element="dc.source" value="Reuters"/>
</metadata>
</newsitem>
