<?xml version="1.0" encoding="iso-8859-1" ?>
<newsitem itemid="568062" id="root" date="1997-05-07" xml:lang="en">
<title>INDONESIA: Indonesia posts $964.3 mln trade surplus in Feb.</title>
<headline>Indonesia posts $964.3 mln trade surplus in Feb.</headline>
<dateline>JAKARTA 1997-05-07</dateline>
<text>
<p>Indonesia posted a trade surplus of $964.3 million in February against $575.4 million in January, a government official said.  </p>
<p>Following are the trade figures for February, in millions of dollars, with comparisons for the previous month and a year earlier:</p>
<p>				February   January     February 96</p>
<p>    Trade balance	  +964.3     +575.4	+815.3</p>
<p>    Exports		 4,057.7    4,243.6     3,685.2</p>
<p>    Imports		 3,093.4    3,668.2     2,869.9</p>
<p>    Oil/gas exports     1,040	1,227.3	 867.1</p>
<p>-- Jakarta newsroom +6221 384-6364</p>
</text>
<copyright>(c) Reuters Limited 1997</copyright>
<metadata>
<codes class="bip:countries:1.0">
  <code code="INDON">
    <editdetail attribution="Reuters BIP Coding Group" action="confirmed" date="1997-05-07"/>
  </code>
</codes>
<codes class="bip:topics:1.0">
  <code code="E51">
    <editdetail attribution="Reuters BIP Coding Group" action="confirmed" date="1997-05-07"/>
  </code>
  <code code="E512">
    <editdetail attribution="Reuters BIP Coding Group" action="confirmed" date="1997-05-07"/>
  </code>
  <code code="ECAT">
    <editdetail attribution="Reuters BIP Coding Group" action="confirmed" date="1997-05-07"/>
  </code>
</codes>
<dc element="dc.date.created" value="1997-05-07"/>
<dc element="dc.publisher" value="Reuters Holdings Plc"/>
<dc element="dc.date.published" value="1997-05-07"/>
<dc element="dc.source" value="Reuters"/>
<dc element="dc.creator.location" value="JAKARTA"/>
<dc element="dc.creator.location.country.name" value="INDONESIA"/>
<dc element="dc.source" value="Reuters"/>
</metadata>
</newsitem>
