<?xml version="1.0" encoding="iso-8859-1" ?>
<newsitem itemid="42767" id="root" date="1996-09-10" xml:lang="en">
<title>FRANCE: Renault H1 net 158 mln Ffr.</title>
<headline>Renault H1 net 158 mln Ffr.</headline>
<dateline>PARIS 1996-09-10</dateline>
<text>
<p>Six months to June 30, 1996</p>
<p>(Figures in millions of French francs unless stated)</p>
<p>    Net				     profit 158  vs  profit 1,755</p>
<p>    Operating				 loss 225  vs  profit 1,515</p>
<p>Operating income by division</p>
<p>	Car				     loss 911  vs  profit   358</p>
<p>	Commercial vehicles	     profit  26  vs  profit   519</p>
<p>	Finance			     profit 660  vs  profit   638</p>
<p>    Group net income		    profit 161  vs  profit 1,841</p>
<p>    Minority interest				3  vs		86</p>
<p>    Group pre-tax income		profit 170  vs  profit 1,835</p>
<p>    Financial income			     400  vs	     250</p>
<p>    Turnover				    94,085  vs	  96,208</p>
<p>NOTE - Renault issued its 1996 first-half results in a</p>
<p>statement.</p>
<p>It said R&amp;D expenses totalled 4.22 billion francs in the</p>
<p>first half, compared with 4.10 billion in the year-earlier</p>
<p>period.</p>
<p>-- Paris Newsroom, +33 1 4221 5452</p>
</text>
<copyright>(c) Reuters Limited 1996</copyright>
<metadata>
<codes class="bip:countries:1.0">
  <code code="FRA">
    <editdetail attribution="Reuters BIP Coding Group" action="confirmed" date="1996-09-10"/>
  </code>
</codes>
<codes class="bip:industries:1.0">
  <code code="I35101">
    <editdetail attribution="Reuters BIP Coding Group" action="confirmed" date="1996-09-10"/>
  </code>
</codes>
<codes class="bip:topics:1.0">
  <code code="C15">
    <editdetail attribution="Reuters BIP Coding Group" action="confirmed" date="1996-09-10"/>
  </code>
  <code code="C151">
    <editdetail attribution="Reuters BIP Coding Group" action="confirmed" date="1996-09-10"/>
  </code>
  <code code="CCAT">
    <editdetail attribution="Reuters BIP Coding Group" action="confirmed" date="1996-09-10"/>
  </code>
</codes>
<dc element="dc.date.created" value="1996-09-10"/>
<dc element="dc.publisher" value="Reuters Holdings Plc"/>
<dc element="dc.date.published" value="1996-09-10"/>
<dc element="dc.source" value="Reuters"/>
<dc element="dc.creator.location" value="PARIS"/>
<dc element="dc.creator.location.country.name" value="FRANCE"/>
<dc element="dc.source" value="Reuters"/>
</metadata>
</newsitem>
