<?xml version="1.0" encoding="iso-8859-1" ?>
<newsitem itemid="340503" id="root" date="1997-01-29" xml:lang="en">
<title>LATVIA: PRESS DIGEST - Latvia - Jan 29.</title>
<headline>PRESS DIGEST - Latvia - Jan 29.</headline>
<dateline>RIGA 1997-01-29</dateline>
<text>
<p>These are the main stories in Latvian newspapers on Wednesday. Prepared for Reuters by the Co-operation Fund. Reuters has not verified these reports and does not vouch for their accuracy:</p>
<p>ALL NEWSPAPERS</p>
<p>- Russia's new ambassador to Latvia, Alexander Udaltsov, presented his credentials to President Guntis Ulmanis. He said the Latvian-Russian intergovernmental commission, which has failed to start working, was one of his priorities. Udaltsov discussed a schedule of visits of Russian officials to Latvia in 1997 with Foreign minister Valdis Birkavs.</p>
<p>- Ulmanis met Guntar Krasts, current economy minister, late last night, nominated for the post of prime miniser by the third largest party Fatherland &amp; Freedom.</p>
<p>- The three largest political forces failed to choose a common candidate for the PM's post. The Democratic party Saimnieks supports Andris Shkele, warning that it would go into the opposition if the president nominates somebody else. Latvia's Way was undecided and says it would respect any candidate chosen by the president. Fatherland &amp; Freedom holds firm to its own candidate, Krasts.</p>
<p>- Ulmanis believes the new government may be formed without one of the three major factions.</p>
<p>- Prime Minister Shkele, if renominated,  would like to forme the new government based on the three major parties and a coalition of smaller parties, with three ministerial portfolios reserved for each.</p>
<p>DIENA</p>
<p>- Head of the European Commission, Jacques Santerre, said that talks with Latvia are expected to start in late 1997 or early 1998, answering questions from Baltic MPs at the European Council Parliamentary Assembly.</p>
<p>NEATKARIGA RITA AVIZE</p>
<p>- Military co-operation between Latvia and the U.S. will be evaluated by a joint working group from both countries, meeting in Riga for a two-day conference.</p>
<p>BIZNES &amp; BALTIYA</p>
<p>- Estonian Foreign Minister Toomas Henrik Ilves arrived on an official visit to Latvia.</p>
<p>- Some 19 parties and political organisations will compete in the coming elections to Riga City Council.</p>
<p>- The economy ministry is going to take over the foreign trade policy function from the foreign ministry, including the representation of Latvia in international trade organisations.</p>
<p>SM</p>
<p>- Draft regulations on cash transactions have been approved by the government economics and finance committee. All persons will be asked to declare transactions in excess of 1,000 lats per month.</p>
<p>DIENAS BIZNESS</p>
<p>- Industrial output in Latvia grew 1.1 percent in 1996, the statistics committee says.</p>
<p>- Some 95,400 job-seekers were registered in Latvia last year, of which 90,800 or 7.2 percent of the population have the status of unemployed.</p>
<p>- Savings Bank will have 18 percent of its shares sold in a public offer for privatisation vouchers.</p>
<p>-- Riga Newsroom +371 721 5240</p>
</text>
<copyright>(c) Reuters Limited 1997</copyright>
<metadata>
<codes class="bip:countries:1.0">
  <code code="LATV">
    <editdetail attribution="Reuters BIP Coding Group" action="confirmed" date="1997-01-29"/>
  </code>
</codes>
<codes class="bip:topics:1.0">
  <code code="GCAT">
    <editdetail attribution="Reuters BIP Coding Group" action="confirmed" date="1997-01-29"/>
  </code>
</codes>
<dc element="dc.date.created" value="1997-01-29"/>
<dc element="dc.publisher" value="Reuters Holdings Plc"/>
<dc element="dc.date.published" value="1997-01-29"/>
<dc element="dc.source" value="Reuters"/>
<dc element="dc.creator.location" value="RIGA"/>
<dc element="dc.creator.location.country.name" value="LATVIA"/>
<dc element="dc.source" value="Reuters"/>
</metadata>
</newsitem>
