<?xml version="1.0" encoding="iso-8859-1" ?>
<newsitem itemid="193406" id="root" date="1996-11-15" xml:lang="en">
<title>USA: U.S. Spring/White Wheat - Price drop slows sales.</title>
<headline>U.S. Spring/White Wheat - Price drop slows sales.</headline>
<dateline>CHICAGO 1996-11-15</dateline>
<text>
<p>Farmer sales of spring wheat had slowed down on Friday after fairly active trade in the first half of the week following a decline in prices.</p>
<p>&quot;We were buying wheat earlier in the week but the last couple of days it has been real quiet again,&quot; one Montana based merchandiser said.</p>
<p>MGE spring wheat futures rose to their highest levels for around a month on Wednesday but lost a total more than 10 cents on Thursday and Friday (on the nearby contract).</p>
<p>Merchandisers noted that overall it had been one of the busiest weeks for several months.  </p>
<p>Price per bushel for 14-pct protein dark northern spring, durum and white wheats, in dollars per bushel:</p>
<p>		    Spring    Chg   Durum(m) Chg   White  Chg</p>
<p>MINNESOTA</p>
<p> Minneapolis     4.80   dn .04   5.50    unc	--    --</p>
<p> Duluth	    4.80   dn .04   ---     ---     --    --</p>
<p>NORTH DAKOTA</p>
<p>Hunter</p>
<p> (Red River)     3.85   up .04   4.60    unc     --    --</p>
<p>		    Spring   Chg   HRW 12pct Chg   White  Chg</p>
<p> Billings MT     4.12   dn .02   4.06   dn .02 ---    ---</p>
<p> Havre MT	  4.16   dn .04   ---     ---   ---    ---</p>
<p> Rudyard MT	4.16   dn .04   ---     ---   ---    ---</p>
<p> Wolf Point MT   4.06   dn .01   ---     ---   ---    ---</p>
<p> Portland OR     5.15   dn .09		    4.2100 unc</p>
<p> Pendleton OR    ---    ---	---     ---  3.7800 up .02</p>
<p> Coolee City WA  4.66   dn .07   ---     ---  3.7300 unc</p>
<p> Waterville WA   4.58   dn .07   ---     ---  3.6500 unc</p>
<p> Wenatchee WA    4.68   dn .07   ---     ---  3.7500 unc</p>
<p>note: nc=no comparison, unq=unquoted</p>
<p>(Chicago bureau 312-408-8720)</p>
</text>
<copyright>(c) Reuters Limited 1996</copyright>
<metadata>
<codes class="bip:countries:1.0">
  <code code="USA">
    <editdetail attribution="Reuters BIP Coding Group" action="confirmed" date="1996-11-15"/>
  </code>
</codes>
<codes class="bip:topics:1.0">
  <code code="M14">
    <editdetail attribution="Reuters BIP Coding Group" action="confirmed" date="1996-11-15"/>
  </code>
  <code code="M141">
    <editdetail attribution="Reuters BIP Coding Group" action="confirmed" date="1996-11-15"/>
  </code>
  <code code="MCAT">
    <editdetail attribution="Reuters BIP Coding Group" action="confirmed" date="1996-11-15"/>
  </code>
</codes>
<dc element="dc.date.created" value="1996-11-15"/>
<dc element="dc.publisher" value="Reuters Holdings Plc"/>
<dc element="dc.date.published" value="1996-11-15"/>
<dc element="dc.source" value="Reuters"/>
<dc element="dc.creator.location" value="CHICAGO"/>
<dc element="dc.creator.location.country.name" value="USA"/>
<dc element="dc.source" value="Reuters"/>
</metadata>
</newsitem>
