<?xml version="1.0" encoding="iso-8859-1" ?>
<newsitem itemid="64588" id="root" date="1996-09-19" xml:lang="en">
<title>USA: East Boston, Mass., Health Center Ba by Moody's.</title>
<headline>East Boston, Mass., Health Center Ba by Moody's.</headline>
<text>
<p>NEW YORK, Sept 19 - Moody's Investors Service - Rating Announcement As of 09/18/96.</p>
<p>Issuer: East Boston Neighborhood Health</p>
<p>		Center-Massachusetts Industrial Finance Agency</p>
<p>State: MA</p>
<p>Rating: Ba</p>
<p>Sale Amount: 9,115,000</p>
<p>Expected Sale Date: 09/23/96</p>
<p>--U.S. Municipal Desk, 212-859-1650</p>
</text>
<copyright>(c) Reuters Limited 1996</copyright>
<metadata>
<codes class="bip:countries:1.0">
  <code code="USA">
    <editdetail attribution="Reuters BIP Coding Group" action="confirmed" date="1996-09-19"/>
  </code>
</codes>
<codes class="bip:topics:1.0">
  <code code="C17">
    <editdetail attribution="Reuters BIP Coding Group" action="confirmed" date="1996-09-19"/>
  </code>
  <code code="C174">
    <editdetail attribution="Reuters BIP Coding Group" action="confirmed" date="1996-09-19"/>
  </code>
  <code code="CCAT">
    <editdetail attribution="Reuters BIP Coding Group" action="confirmed" date="1996-09-19"/>
  </code>
  <code code="E21">
    <editdetail attribution="Reuters BIP Coding Group" action="confirmed" date="1996-09-19"/>
  </code>
  <code code="E212">
    <editdetail attribution="Reuters BIP Coding Group" action="confirmed" date="1996-09-19"/>
  </code>
  <code code="ECAT">
    <editdetail attribution="Reuters BIP Coding Group" action="confirmed" date="1996-09-19"/>
  </code>
</codes>
<dc element="dc.publisher" value="Reuters Holdings Plc"/>
<dc element="dc.date.published" value="1996-09-19"/>
<dc element="dc.source" value="Reuters"/>
<dc element="dc.creator.location.country.name" value="USA"/>
<dc element="dc.source" value="Reuters"/>
</metadata>
</newsitem>
