<?xml version="1.0" encoding="iso-8859-1" ?>
<newsitem itemid="136287" id="root" date="1996-10-23" xml:lang="en">
<title>UK: BA, Rivaud bid 780 mln francs for Liberte.</title>
<headline>BA, Rivaud bid 780 mln francs for Liberte.</headline>
<dateline>LONDON 1996-10-23</dateline>
<text>
<p>British Airways and French bank Groupe Rivaud's new joint bid for Air Liberte is offering 780 million francs for the insolvent French regional carrier, industry sources said on Wednesday.</p>
<p>In addition Rivaud as Air Liberte's biggest existing shareholder is to write off existing convertible debts of just over 500 million francs, they said.</p>
<p>The offer is 630 million francs for the share capital plus an additional 150 million francs to cover costs incurred by Air Liberte's administrator. BA is to pay 440 million francs for a 70 percent stake plus 100 million of the administration costs.  </p>
<p>BA launched its own bid for Air Liberte earlier this month. It originally offered 25 million francs but industry sources said that that offer to the administrator had already been raised to 100 million francs.</p>
<p>BA revealed last week it had also already offered to invest a further 440 million francs in turning Liberte back into profit within three years.</p>
<p>Air Liberte's administrator announced earlier that BA and Rivaud had submitted their new joint bid.</p>
<p>-- Greg Mahlich, London Newsroom +44 171 542 7717</p>
</text>
<copyright>(c) Reuters Limited 1996</copyright>
<metadata>
<codes class="bip:countries:1.0">
  <code code="FRA">
    <editdetail attribution="Reuters BIP Coding Group" action="confirmed" date="1996-10-23"/>
  </code>
  <code code="UK">
    <editdetail attribution="Reuters BIP Coding Group" action="confirmed" date="1996-10-23"/>
  </code>
</codes>
<codes class="bip:industries:1.0">
  <code code="I75000">
    <editdetail attribution="Reuters BIP Coding Group" action="confirmed" date="1996-10-23"/>
  </code>
</codes>
<codes class="bip:topics:1.0">
  <code code="C18">
    <editdetail attribution="Reuters BIP Coding Group" action="confirmed" date="1996-10-23"/>
  </code>
  <code code="C181">
    <editdetail attribution="Reuters BIP Coding Group" action="confirmed" date="1996-10-23"/>
  </code>
  <code code="CCAT">
    <editdetail attribution="Reuters BIP Coding Group" action="confirmed" date="1996-10-23"/>
  </code>
</codes>
<dc element="dc.date.created" value="1996-10-23"/>
<dc element="dc.publisher" value="Reuters Holdings Plc"/>
<dc element="dc.date.published" value="1996-10-23"/>
<dc element="dc.source" value="Reuters"/>
<dc element="dc.creator.location" value="LONDON"/>
<dc element="dc.creator.location.country.name" value="UK"/>
<dc element="dc.source" value="Reuters"/>
</metadata>
</newsitem>
