<?xml version="1.0" encoding="iso-8859-1" ?>
<newsitem itemid="383264" id="root" date="1997-02-17" xml:lang="en">
<title>HONG KONG: Man Yue Int'l to issue 55 mln new shares in IPO.</title>
<headline>Man Yue Int'l to issue 55 mln new shares in IPO.</headline>
<dateline>HONG KONG 1997-02-17</dateline>
<text>
<p>Hong Kong capacitors and resistors trader Man Yue International Holdings Ltd said on Monday it would issue 55 million new shares, or 25 percent of its enlarged share capital, at HK$1.08 each in a public offer.  </p>
<p>Man Yue said it would have market capitalisation of HK$237 million and adjustable net tangilble assest value of HK$0.543 per share.</p>
<p>The issue price of HK$1.08 represents a price earnings ratio of 5.1 times on a weighted average basis and 6.4 times on a proforma fully diluted basis. The prospective dividened yield is seven percent, it said.</p>
<p>The initial public offer would be from February 18 to 21. Dealing in the shares is expected to begin on the Stock Exchange of Hong Kong on March 5.</p>
</text>
<copyright>(c) Reuters Limited 1997</copyright>
<metadata>
<codes class="bip:countries:1.0">
  <code code="HKONG">
    <editdetail attribution="Reuters BIP Coding Group" action="confirmed" date="1997-02-17"/>
  </code>
</codes>
<codes class="bip:industries:1.0">
  <code code="I83960">
    <editdetail attribution="Reuters BIP Coding Group" action="confirmed" date="1997-02-17"/>
  </code>
</codes>
<codes class="bip:topics:1.0">
  <code code="C17">
    <editdetail attribution="Reuters BIP Coding Group" action="confirmed" date="1997-02-17"/>
  </code>
  <code code="C171">
    <editdetail attribution="Reuters BIP Coding Group" action="confirmed" date="1997-02-17"/>
  </code>
  <code code="CCAT">
    <editdetail attribution="Reuters BIP Coding Group" action="confirmed" date="1997-02-17"/>
  </code>
</codes>
<dc element="dc.date.created" value="1997-02-17"/>
<dc element="dc.publisher" value="Reuters Holdings Plc"/>
<dc element="dc.date.published" value="1997-02-17"/>
<dc element="dc.source" value="Reuters"/>
<dc element="dc.creator.location" value="HONG KONG"/>
<dc element="dc.creator.location.country.name" value="HONG KONG"/>
<dc element="dc.source" value="Reuters"/>
</metadata>
</newsitem>
