<?xml version="1.0" encoding="iso-8859-1" ?>
<newsitem itemid="465381" id="root" date="1997-03-25" xml:lang="en">
<title>USA: Sepracor sells ChiRex stock for $31.1 mln.</title>
<headline>Sepracor sells ChiRex stock for $31.1 mln.</headline>
<dateline>MARLBOROUGH, Mass. 1997-03-25</dateline>
<text>
<p>Sepracor Inc said Tuesday that it has netted about $31.1 million from a public offering of 3,489,301 shares of common stock of ChiRex Inc.</p>
<p>The shares were priced at $9.50 each. The offering, said the company, includes all the ChiRex shares held by Sepracor.</p>
<p>The company said that its supply agreement with ChiRex for the production of large scale cGMP bulk active intermediates will not be affected by this stock offering.</p>
<p>Sepracor develops enhanced versions of existing, widely-sold drugs.</p>
</text>
<copyright>(c) Reuters Limited 1997</copyright>
<metadata>
<codes class="bip:countries:1.0">
  <code code="USA">
    <editdetail attribution="Reuters BIP Coding Group" action="confirmed" date="1997-03-25"/>
  </code>
</codes>
<codes class="bip:industries:1.0">
  <code code="I25700">
    <editdetail attribution="Reuters BIP Coding Group" action="confirmed" date="1997-03-25"/>
  </code>
</codes>
<codes class="bip:topics:1.0">
  <code code="C17">
    <editdetail attribution="Reuters BIP Coding Group" action="confirmed" date="1997-03-25"/>
  </code>
  <code code="C171">
    <editdetail attribution="Reuters BIP Coding Group" action="confirmed" date="1997-03-25"/>
  </code>
  <code code="CCAT">
    <editdetail attribution="Reuters BIP Coding Group" action="confirmed" date="1997-03-25"/>
  </code>
</codes>
<dc element="dc.date.created" value="1997-03-25"/>
<dc element="dc.publisher" value="Reuters Holdings Plc"/>
<dc element="dc.date.published" value="1997-03-25"/>
<dc element="dc.source" value="Reuters"/>
<dc element="dc.creator.location" value="MARLBOROUGH, Mass."/>
<dc element="dc.creator.location.country.name" value="USA"/>
<dc element="dc.source" value="Reuters"/>
</metadata>
</newsitem>
