<?xml version="1.0" encoding="iso-8859-1" ?>
<newsitem itemid="418068" id="root" date="1997-03-04" xml:lang="en">
<title>USA: LL&amp;E enters development pact in Algeria.</title>
<headline>LL&amp;E enters development pact in Algeria.</headline>
<dateline>NEW ORLEANS 1997-03-04</dateline>
<text>
<p>The Louisiana Land and Exploration Co and Talisman Energy Inc said on Tuesday they reached a development agreement with Algeria's Sonatrach in the ORD/BKE field.</p>
<p>&quot;We look forward to working with our partners in submitting the plan of development for the field to the Algerian government before mid-year 1997,&quot; H. Leighton Steward, LL&amp;E's chairman, president and chief executive, said in a statement.  </p>
<p>LL&amp;E said the agreements signed on February 7, 1997, are for Block 405, Block 406A and Block 404A, the companies said in a joint statement.</p>
<p>LL&amp;E has a 65 percent working interest in Block 405 with Talisman holding 35 percent under a 1993 production sharing contract with Sonatrach, the companies siad. LL&amp;E and Talisman are entitled to recover exploration costs out of production during the exploitation phase, the companies said.</p>
<p>In addition to participating in the development of the ORD/BKE Field, LL&amp;E and Talisman are appraising the MLN Field approximately 26 kilometers (16.1 miles) to the southeast.  </p>
<p>The MLN-1 discovery well tested in July 1996 at a daily rate of 15,850 barrels of oil and 61 million cubic feet of natural gas, the companies said.</p>
<p>A delineation well, MLN-2, approximately 2 kilometers (1.2 miles) north-northwest of the discovery well tested at a daily rate of 3,400 barrels of oil and 9 million cubic feet of natural gas in December 1996, the companies said.</p>
<p>A second delineation well, MLN-3, is currently drilling at a location approximately 5 kilometers (3.1 miles) north-northeast of the discovery well, LL&amp;E and Talisman said.</p>
<p>In 1997, LL&amp;E and Talisman said they are concluding a 835 kilometer seismic acquisition program on Block 405 to better define exploratory leads on the block.</p>
<p>A second drilling rig is being secured to drill the first exploratory well on Block 215 in early spring, the companies said.</p>
</text>
<copyright>(c) Reuters Limited 1997</copyright>
<metadata>
<codes class="bip:countries:1.0">
  <code code="ALG">
    <editdetail attribution="Reuters BIP Coding Group" action="confirmed" date="1997-03-04"/>
  </code>
  <code code="USA">
    <editdetail attribution="Reuters BIP Coding Group" action="confirmed" date="1997-03-04"/>
  </code>
</codes>
<codes class="bip:industries:1.0">
  <code code="I13000">
    <editdetail attribution="Reuters BIP Coding Group" action="confirmed" date="1997-03-04"/>
  </code>
  <code code="I1300003">
    <editdetail attribution="Reuters BIP Coding Group" action="confirmed" date="1997-03-04"/>
  </code>
</codes>
<codes class="bip:topics:1.0">
  <code code="C24">
    <editdetail attribution="Reuters BIP Coding Group" action="confirmed" date="1997-03-04"/>
  </code>
  <code code="C33">
    <editdetail attribution="Reuters BIP Coding Group" action="confirmed" date="1997-03-04"/>
  </code>
  <code code="CCAT">
    <editdetail attribution="Reuters BIP Coding Group" action="confirmed" date="1997-03-04"/>
  </code>
</codes>
<dc element="dc.date.created" value="1997-03-04"/>
<dc element="dc.publisher" value="Reuters Holdings Plc"/>
<dc element="dc.date.published" value="1997-03-04"/>
<dc element="dc.source" value="Reuters"/>
<dc element="dc.creator.location" value="NEW ORLEANS"/>
<dc element="dc.creator.location.country.name" value="USA"/>
<dc element="dc.source" value="Reuters"/>
</metadata>
</newsitem>
