<?xml version="1.0" encoding="iso-8859-1" ?>
<newsitem itemid="705752" id="root" date="1997-07-03" xml:lang="en">
<title>UK: Indonesia, Kuwait, Libya at quota in June - OPECNA.</title>
<headline>Indonesia, Kuwait, Libya at quota in June - OPECNA.</headline>
<dateline>LONDON 1997-07-03</dateline>
<text>
<p>Indonesia, Kuwait and Libya told OPEC their oil production in June was in line with their respective quota allocations, the OPEC News Agency (OPECNA) said on Thursday.</p>
<p>Indonesia told OPEC it produced 1.329 million barrels per day (bpd), just below its supply quota of 1.33 million bpd.</p>
<p>Kuwait said it produced 2.006 million bpd compared with its quota of 2.0 million bpd while Libya told the group's Vienna headquarters it pumped 1.398 million bpd, just a shade above its 1.39 million bpd allocation.</p>
<p>Production and supply data for June according to member country submissions to the OPEC Secretariat was as follows (in million bpd):</p>
<p>		Production	 Supply</p>
<p>----------------------------------- Indonesia   1.329		N/A</p>
<p>Kuwait	2.006		N/A</p>
<p>Libya	 1.398		N/A</p>
<p>N/A - not available</p>
<p>Supply as defined by OPEC is calculated as domestic consumption plus net export sales of crude and products, plus withdrawals of stocks held outside national boundaries.</p>
<p>--London Newsroom +44 171 542 7930</p>
</text>
<copyright>(c) Reuters Limited 1997</copyright>
<metadata>
<codes class="bip:countries:1.0">
  <code code="INDON">
    <editdetail attribution="Reuters BIP Coding Group" action="confirmed" date="1997-07-03"/>
  </code>
  <code code="KUWAIT">
    <editdetail attribution="Reuters BIP Coding Group" action="confirmed" date="1997-07-03"/>
  </code>
  <code code="LIBYA">
    <editdetail attribution="Reuters BIP Coding Group" action="confirmed" date="1997-07-03"/>
  </code>
  <code code="OPEC">
    <editdetail attribution="Reuters BIP Coding Group" action="confirmed" date="1997-07-03"/>
  </code>
  <code code="UK">
    <editdetail attribution="Reuters BIP Coding Group" action="confirmed" date="1997-07-03"/>
  </code>
</codes>
<codes class="bip:industries:1.0">
  <code code="I13000">
    <editdetail attribution="Reuters BIP Coding Group" action="confirmed" date="1997-07-03"/>
  </code>
</codes>
<codes class="bip:topics:1.0">
  <code code="C13">
    <editdetail attribution="Reuters BIP Coding Group" action="confirmed" date="1997-07-03"/>
  </code>
  <code code="C21">
    <editdetail attribution="Reuters BIP Coding Group" action="confirmed" date="1997-07-03"/>
  </code>
  <code code="C31">
    <editdetail attribution="Reuters BIP Coding Group" action="confirmed" date="1997-07-03"/>
  </code>
  <code code="CCAT">
    <editdetail attribution="Reuters BIP Coding Group" action="confirmed" date="1997-07-03"/>
  </code>
</codes>
<dc element="dc.date.created" value="1997-07-03"/>
<dc element="dc.publisher" value="Reuters Holdings Plc"/>
<dc element="dc.date.published" value="1997-07-03"/>
<dc element="dc.source" value="Reuters"/>
<dc element="dc.creator.location" value="LONDON"/>
<dc element="dc.creator.location.country.name" value="UK"/>
<dc element="dc.source" value="Reuters"/>
</metadata>
</newsitem>
