<?xml version="1.0" encoding="iso-8859-1" ?>
<newsitem itemid="105386" id="root" date="1996-10-09" xml:lang="en">
<title>USA: PRESALE- Wayne Twp, N.J.</title>
<headline>PRESALE- Wayne Twp, N.J.</headline>
<text>
<p>AMT: 3,500,000	DATE: 10/16/96	NYC Time: 2000     CUSIP: 946422</p>
<p>ISSUER: Wayne Twp							ST: NJ</p>
<p>ISSUE: General obligation bonds				    TAX STAT: Exempt-ULT</p>
<p>M/SP/F:								    BOOK ENTRY: Y</p>
<p>ENHANCEMENTS: None						     BANK QUAL: Y</p>
<p>DTD: 10/01/96							    SURE BID: N</p>
<p>DUE: 10/1/97-07					     SR MGR:</p>
<p>1ST CPN: 04/01/97</p>
<p>CALL: 10/1/04 @ 101, dtp 10/1/06			NIC</p>
<p>DELIVERY: 10/30/96 approx				 ORDERS:</p>
<p>PAYING AGENT: Township Treasuer's Office, Wayne</p>
<p>L.O.: McManimon &amp; Scotland, Newark</p>
<p>F.A.: None</p>
<p>LAST SALE: $3,709,000 7/19/95 @ 4.7950% NIC; 6yrs 4mos avg; BBI- 5.81%</p>
<p>Year		     Amount    Coupon     Yield     Price  Conc.</p>
<p>1997		    200,000</p>
<p>1998		    200,000</p>
<p>1999		    200,000</p>
<p>2000		    300,000</p>
<p>2001		    300,000</p>
<p>2002		    300,000</p>
<p>2003		    400,000</p>
<p>2004		    400,000</p>
<p>2005		    400,000</p>
<p>2006		    400,000</p>
<p>2007		    400,000</p>
<p>COMPETITIVE PRE-SALE CONTRIBUTED BY J.J. KENNY K-SHEETS:</p>
</text>
<copyright>(c) Reuters Limited 1996</copyright>
<metadata>
<codes class="bip:countries:1.0">
  <code code="USA">
    <editdetail attribution="Reuters BIP Coding Group" action="confirmed" date="1996-10-09"/>
  </code>
</codes>
<codes class="bip:topics:1.0">
  <code code="E21">
    <editdetail attribution="Reuters BIP Coding Group" action="confirmed" date="1996-10-09"/>
  </code>
  <code code="E212">
    <editdetail attribution="Reuters BIP Coding Group" action="confirmed" date="1996-10-09"/>
  </code>
  <code code="ECAT">
    <editdetail attribution="Reuters BIP Coding Group" action="confirmed" date="1996-10-09"/>
  </code>
</codes>
<dc element="dc.publisher" value="Reuters Holdings Plc"/>
<dc element="dc.date.published" value="1996-10-09"/>
<dc element="dc.source" value="Reuters"/>
<dc element="dc.creator.location.country.name" value="USA"/>
<dc element="dc.source" value="Reuters"/>
</metadata>
</newsitem>
