<?xml version="1.0" encoding="iso-8859-1" ?>
<newsitem itemid="700393" id="root" date="1997-07-01" xml:lang="en">
<title>UK: BOE allots 950 mln stg in outright bills, repo.</title>
<headline>BOE allots 950 mln stg in outright bills, repo.</headline>
<dateline>LONDON 1997-07-01</dateline>
<text>
<p>The Bank of England said that it provided the UK money market with 950 million stg of assistance.</p>
<p>It allotted 575 million stg in bills outright and 375 million stg in repos to July 14 and 15.</p>
<p>-- London Newsroom +44 171 542 7708</p>
</text>
<copyright>(c) Reuters Limited 1997</copyright>
<metadata>
<codes class="bip:countries:1.0">
  <code code="UK">
    <editdetail attribution="Reuters BIP Coding Group" action="confirmed" date="1997-07-01"/>
  </code>
</codes>
<codes class="bip:topics:1.0">
  <code code="M13">
    <editdetail attribution="Reuters BIP Coding Group" action="confirmed" date="1997-07-01"/>
  </code>
  <code code="M131">
    <editdetail attribution="Reuters BIP Coding Group" action="confirmed" date="1997-07-01"/>
  </code>
  <code code="MCAT">
    <editdetail attribution="Reuters BIP Coding Group" action="confirmed" date="1997-07-01"/>
  </code>
</codes>
<dc element="dc.date.created" value="1997-07-01"/>
<dc element="dc.publisher" value="Reuters Holdings Plc"/>
<dc element="dc.date.published" value="1997-07-01"/>
<dc element="dc.source" value="Reuters"/>
<dc element="dc.creator.location" value="LONDON"/>
<dc element="dc.creator.location.country.name" value="UK"/>
<dc element="dc.source" value="Reuters"/>
</metadata>
</newsitem>
