<?xml version="1.0" encoding="iso-8859-1" ?>
<newsitem itemid="405798" id="root" date="1997-02-26" xml:lang="en">
<title>USA: Farmland sees potential to up US pork exports.</title>
<headline>Farmland sees potential to up US pork exports.</headline>
<dateline>WASHINGTON 1997-02-25</dateline>
<text>
<p>The United States has the opportunity to raise the number of hogs produced by about 40 percent between now and 2005 and supply 50 percent of international pork demands, Harry Cleberg, chief executive officer of Farmland Industries Inc said Tuesday.</p>
<p>&quot;It's doable. We have the efficiency. We have the technology. We have the land mass and we have the brains to accomplish that,&quot; Cleberg said in a speech at the U.S. Agriculture Department's annual Agricultural Outlook Forum.</p>
</text>
<copyright>(c) Reuters Limited 1997</copyright>
<metadata>
<codes class="bip:countries:1.0">
  <code code="USA">
    <editdetail attribution="Reuters BIP Coding Group" action="confirmed" date="1997-02-26"/>
  </code>
</codes>
<codes class="bip:topics:1.0">
  <code code="M14">
    <editdetail attribution="Reuters BIP Coding Group" action="confirmed" date="1997-02-26"/>
  </code>
  <code code="M141">
    <editdetail attribution="Reuters BIP Coding Group" action="confirmed" date="1997-02-26"/>
  </code>
  <code code="MCAT">
    <editdetail attribution="Reuters BIP Coding Group" action="confirmed" date="1997-02-26"/>
  </code>
</codes>
<dc element="dc.date.created" value="1997-02-25"/>
<dc element="dc.publisher" value="Reuters Holdings Plc"/>
<dc element="dc.date.published" value="1997-02-26"/>
<dc element="dc.source" value="Reuters"/>
<dc element="dc.creator.location" value="WASHINGTON"/>
<dc element="dc.creator.location.country.name" value="USA"/>
<dc element="dc.source" value="Reuters"/>
</metadata>
</newsitem>
