<?xml version="1.0" encoding="iso-8859-1" ?>
<newsitem itemid="299922" id="root" date="1997-01-10" xml:lang="en">
<title>UK: Average discount rate at UK bill tender 6.0927 pct.</title>
<headline>Average discount rate at UK bill tender 6.0927 pct.</headline>
<dateline>LONDON 1997-01-10</dateline>
<text>
<p>The average rate of discount at the weekly tender of 91-day UK Treasury bills fell to 6.0927 percent from 6.1729 percent last week, the Bank of England said on Friday.</p>
<p>The 200 million stg offer attracted bids of 1.403 billion stg. The pro rata price was 98.480.</p>
<p>Next week 200 million stg of bills will be on offer.</p>
<p>-- London Newsroom +44 171 542 7708</p>
</text>
<copyright>(c) Reuters Limited 1997</copyright>
<metadata>
<codes class="bip:countries:1.0">
  <code code="UK">
    <editdetail attribution="Reuters BIP Coding Group" action="confirmed" date="1997-01-10"/>
  </code>
</codes>
<codes class="bip:topics:1.0">
  <code code="M13">
    <editdetail attribution="Reuters BIP Coding Group" action="confirmed" date="1997-01-10"/>
  </code>
  <code code="M131">
    <editdetail attribution="Reuters BIP Coding Group" action="confirmed" date="1997-01-10"/>
  </code>
  <code code="MCAT">
    <editdetail attribution="Reuters BIP Coding Group" action="confirmed" date="1997-01-10"/>
  </code>
</codes>
<dc element="dc.date.created" value="1997-01-10"/>
<dc element="dc.publisher" value="Reuters Holdings Plc"/>
<dc element="dc.date.published" value="1997-01-10"/>
<dc element="dc.source" value="Reuters"/>
<dc element="dc.creator.location" value="LONDON"/>
<dc element="dc.creator.location.country.name" value="UK"/>
<dc element="dc.source" value="Reuters"/>
</metadata>
</newsitem>
