<?xml version="1.0" encoding="iso-8859-1" ?>
<newsitem itemid="542301" id="root" date="1997-04-27" xml:lang="en">
<title>FRANCE: Lingering strikes hit French air traffic.</title>
<headline>Lingering strikes hit French air traffic.</headline>
<dateline>PARIS 1997-04-27</dateline>
<text>
<p>Lingering strikes hit flights in France on Sunday but state railways resumed normal services after a stoppage by train conductors.</p>
<p>Air France Europe cancelled about 40 percent of its flights after some pilots' unions voted to extend a two-day stoppage that began on Friday until Monday evening. &quot;We're expecting the same level of flights tomorrow,&quot; a spokeswoman said.</p>
<p>The pilots of the mainly domestic airline have staged a string of stoppages to protest at cuts in their pay and what they say are unacceptable working conditions in a merger with parent Air France.</p>
<p>About a third of the flights were also grounded by a strike by stewards and air hostesses at French units of British Airways, TAT and Air Liberte, officials said.</p>
<p>Pilots at the airlines resumed work at midday after a 17-day strike, saying they had won some concessions on pay and conditions. But the stewards and hostesses extended the stoppage.</p>
<p>Meanwhile, SNCF state railways said traffic was back to normal after conductors in Toulouse, the last bastion of a stoppage by their colleagues originally due to end on Friday, voted to return to work.</p>
<p>The conductors are pushing for higher wages, running against the grain of austerity cuts decreed by the centre-right government of Prime Minister Alain Juppe.</p>
</text>
<copyright>(c) Reuters Limited 1997</copyright>
<metadata>
<codes class="bip:countries:1.0">
  <code code="FRA">
    <editdetail attribution="Reuters BIP Coding Group" action="confirmed" date="1997-04-27"/>
  </code>
</codes>
<codes class="bip:industries:1.0">
  <code code="I75000">
    <editdetail attribution="Reuters BIP Coding Group" action="confirmed" date="1997-04-27"/>
  </code>
</codes>
<codes class="bip:topics:1.0">
  <code code="C42">
    <editdetail attribution="Reuters BIP Coding Group" action="confirmed" date="1997-04-27"/>
  </code>
  <code code="CCAT">
    <editdetail attribution="Reuters BIP Coding Group" action="confirmed" date="1997-04-27"/>
  </code>
  <code code="E41">
    <editdetail attribution="Reuters BIP Coding Group" action="confirmed" date="1997-04-27"/>
  </code>
  <code code="ECAT">
    <editdetail attribution="Reuters BIP Coding Group" action="confirmed" date="1997-04-27"/>
  </code>
  <code code="GCAT">
    <editdetail attribution="Reuters BIP Coding Group" action="confirmed" date="1997-04-27"/>
  </code>
  <code code="GJOB">
    <editdetail attribution="Reuters BIP Coding Group" action="confirmed" date="1997-04-27"/>
  </code>
</codes>
<dc element="dc.date.created" value="1997-04-27"/>
<dc element="dc.publisher" value="Reuters Holdings Plc"/>
<dc element="dc.date.published" value="1997-04-27"/>
<dc element="dc.source" value="Reuters"/>
<dc element="dc.creator.location" value="PARIS"/>
<dc element="dc.creator.location.country.name" value="FRANCE"/>
<dc element="dc.source" value="Reuters"/>
</metadata>
</newsitem>
