<?xml version="1.0" encoding="iso-8859-1" ?>
<newsitem itemid="356579" id="root" date="1997-02-05" xml:lang="en">
<title>CANADA: Canada NEB orders TCPL to cut line pressure.</title>
<headline>Canada NEB orders TCPL to cut line pressure.</headline>
<dateline>CALGARY 1997-02-05</dateline>
<text>
<p>Canada's National Energy Board said on Wednesday it ordered TransCanada PipeLines Ltd to cut the operating pressure in a section of its Canadian natural gas mainline by 10 percent.</p>
<p>The NEB said TransCanada would be forced to run the northern Ontario section at reduced pressure until its safety could be verified.  </p>
<p>Under the order, the cut in pressure was to take effect immediately on a section of TransCanada's system between Falcon Lake, Manitoba and Ignace, Ontario.</p>
<p>The length of pipe includes a section that was the site of a December 11 line rupture and explosion, which was blamed on general corrosion.</p>
<p>&quot;Subsequent hydrostatic testing in the area revealed other serious corrosion,&quot; the NEB said.</p>
<p>It said the pressure would be reduced until May 31 or when the pipeline's integrity could be confirmed.</p>
<p>The pressure reduction was not expected to have affect firm service natural gas shippers, the NEB said.</p>
<p>((Reuters Calgary Bureau (403) 531-1624))</p>
</text>
<copyright>(c) Reuters Limited 1997</copyright>
<metadata>
<codes class="bip:countries:1.0">
  <code code="CANA">
    <editdetail attribution="Reuters BIP Coding Group" action="confirmed" date="1997-02-05"/>
  </code>
</codes>
<codes class="bip:industries:1.0">
  <code code="I16200">
    <editdetail attribution="Reuters BIP Coding Group" action="confirmed" date="1997-02-05"/>
  </code>
</codes>
<codes class="bip:topics:1.0">
  <code code="C13">
    <editdetail attribution="Reuters BIP Coding Group" action="confirmed" date="1997-02-05"/>
  </code>
  <code code="C24">
    <editdetail attribution="Reuters BIP Coding Group" action="confirmed" date="1997-02-05"/>
  </code>
  <code code="CCAT">
    <editdetail attribution="Reuters BIP Coding Group" action="confirmed" date="1997-02-05"/>
  </code>
</codes>
<dc element="dc.date.created" value="1997-02-05"/>
<dc element="dc.publisher" value="Reuters Holdings Plc"/>
<dc element="dc.date.published" value="1997-02-05"/>
<dc element="dc.source" value="Reuters"/>
<dc element="dc.creator.location" value="CALGARY"/>
<dc element="dc.creator.location.country.name" value="CANADA"/>
<dc element="dc.source" value="Reuters"/>
</metadata>
</newsitem>
