<?xml version="1.0" encoding="iso-8859-1" ?>
<newsitem itemid="110122" id="root" date="1996-10-11" xml:lang="en">
<title>USA: Edison extends labor contracts, raises wages.</title>
<headline>Edison extends labor contracts, raises wages.</headline>
<dateline>LOS ANGELES 1996-10-11</dateline>
<text>
<p>Edison International's Southern California Edison and its two largest labor unions announced Friday the extension of general labor contracts for two more years to December 31, 1998.</p>
<p>The agreements are subject to ratification by members of Local 47 of the International Brotherhood of Electrical Workers (IBEW) and Local 246 of the Utility Workers Union of America (UWUA), the company said in a statement.</p>
<p>In addition to the time extensions, the utility said the agreements with both unions include general across-the-board wage increases of 3 percent for 1997 and 3.5 percent for 1998.  </p>
<p>The utility said the unions agreed to work with Edison to find ways to deal with changes in contract terms that are likely to become necessary as the industry moves toward competition.</p>
<p>&quot;Traditional contract negotiations may not be the best way to bring about needed modifications in work practices in light of the pace of change, complexity of issues and ongoing evolution of the electric utility business,&quot; said Edison President Stephen E. Frank.</p>
<p>UWUA members may be affected by divestiture of power plants because of restructuring, and issues related to providing operation and maintenance services to purchasers of Edison plants are expected to arise over the next two years.</p>
<p>&quot;Achieving success in this new environment may lead to unavoidable changes in employee work practices and work status,&quot; said Rae Sanborn, Business Manager of IBEW Local 47, which represents employees in the electrical transmission and distribution business lines of the utility. &quot;However, by working together on a continuing basis, we hope also to build a more secure future for union members who remain with Edison.&quot;</p>
<p>The members of both unions account for about 45 percent of Edison's work force of more than 14,000 employees.</p>
<p>-- Los Angeles bureau + 1 213 955 6761</p>
</text>
<copyright>(c) Reuters Limited 1996</copyright>
<metadata>
<codes class="bip:countries:1.0">
  <code code="USA">
    <editdetail attribution="Reuters BIP Coding Group" action="confirmed" date="1996-10-11"/>
  </code>
</codes>
<codes class="bip:industries:1.0">
  <code code="I16100">
    <editdetail attribution="Reuters BIP Coding Group" action="confirmed" date="1996-10-11"/>
  </code>
</codes>
<codes class="bip:topics:1.0">
  <code code="C42">
    <editdetail attribution="Reuters BIP Coding Group" action="confirmed" date="1996-10-11"/>
  </code>
  <code code="CCAT">
    <editdetail attribution="Reuters BIP Coding Group" action="confirmed" date="1996-10-11"/>
  </code>
  <code code="E41">
    <editdetail attribution="Reuters BIP Coding Group" action="confirmed" date="1996-10-11"/>
  </code>
  <code code="ECAT">
    <editdetail attribution="Reuters BIP Coding Group" action="confirmed" date="1996-10-11"/>
  </code>
  <code code="GCAT">
    <editdetail attribution="Reuters BIP Coding Group" action="confirmed" date="1996-10-11"/>
  </code>
  <code code="GJOB">
    <editdetail attribution="Reuters BIP Coding Group" action="confirmed" date="1996-10-11"/>
  </code>
</codes>
<dc element="dc.date.created" value="1996-10-11"/>
<dc element="dc.publisher" value="Reuters Holdings Plc"/>
<dc element="dc.date.published" value="1996-10-11"/>
<dc element="dc.source" value="Reuters"/>
<dc element="dc.creator.location" value="LOS ANGELES"/>
<dc element="dc.creator.location.country.name" value="USA"/>
<dc element="dc.source" value="Reuters"/>
</metadata>
</newsitem>
