<?xml version="1.0" encoding="iso-8859-1" ?>
<newsitem itemid="286347" id="root" date="1997-01-03" xml:lang="en">
<title>PORTUGAL: Bank/Portugal drains funds at 6.2 pct.</title>
<headline>Bank/Portugal drains funds at 6.2 pct.</headline>
<dateline>LISBON 1997-01-03</dateline>
<text>
<p>The Bank of Portugal said it drained 40.065 billion escudos from the money market at a fixed rate of 6.2 percent.</p>
<p>-- Lisbon newsroom 3511-3538254</p>
</text>
<copyright>(c) Reuters Limited 1997</copyright>
<metadata>
<codes class="bip:countries:1.0">
  <code code="PORL">
    <editdetail attribution="Reuters BIP Coding Group" action="confirmed" date="1997-01-03"/>
  </code>
</codes>
<codes class="bip:topics:1.0">
  <code code="M13">
    <editdetail attribution="Reuters BIP Coding Group" action="confirmed" date="1997-01-03"/>
  </code>
  <code code="MCAT">
    <editdetail attribution="Reuters BIP Coding Group" action="confirmed" date="1997-01-03"/>
  </code>
</codes>
<dc element="dc.date.created" value="1997-01-03"/>
<dc element="dc.publisher" value="Reuters Holdings Plc"/>
<dc element="dc.date.published" value="1997-01-03"/>
<dc element="dc.source" value="Reuters"/>
<dc element="dc.creator.location" value="LISBON"/>
<dc element="dc.creator.location.country.name" value="PORTUGAL"/>
<dc element="dc.source" value="Reuters"/>
</metadata>
</newsitem>
