<?xml version="1.0" encoding="iso-8859-1" ?>
<newsitem itemid="157341" id="root" date="1996-10-31" xml:lang="en">
<title>INDIA: Indian Shipping--Nhava Sheva-JNPT cargoes-Oct 31.</title>
<headline>Indian Shipping--Nhava Sheva-JNPT cargoes-Oct 31.</headline>
<dateline>BOMBAY 1996-10-31</dateline>
<text>
<p>Following is the berthing schedule of major vessels loading and unloading at India's JNPT (Jawaharlal Nehru Port Trust) port on October 31, 1996:</p>
<p> Commodity	   Tons		   Ship		 Berthing</p>
<p>		(LDD/ULD) (Balance)</p>
<p>---------------------------------------------------------------</p>
<p>Urea	    3,100   20,264	    Mavi		    19/10</p>
<p>Di-Ammonium</p>
<p> Phosphate    3,656   49,059	    Sea Union	     29/10</p>
<p>---------------------------------------------------------------</p>
<p>Note: LDD - Loading</p>
<p>	    ULD - Unloading</p>
<p>(Source: J.M.Baxi &amp; Co,Nhava Sheva - JNPT)</p>
<p>-- Bombay newsroom +91-22-265 9000</p>
</text>
<copyright>(c) Reuters Limited 1996</copyright>
<metadata>
<codes class="bip:countries:1.0">
  <code code="INDIA">
    <editdetail attribution="Reuters BIP Coding Group" action="confirmed" date="1996-10-31"/>
  </code>
</codes>
<codes class="bip:topics:1.0">
  <code code="M14">
    <editdetail attribution="Reuters BIP Coding Group" action="confirmed" date="1996-10-31"/>
  </code>
  <code code="MCAT">
    <editdetail attribution="Reuters BIP Coding Group" action="confirmed" date="1996-10-31"/>
  </code>
</codes>
<dc element="dc.date.created" value="1996-10-31"/>
<dc element="dc.publisher" value="Reuters Holdings Plc"/>
<dc element="dc.date.published" value="1996-10-31"/>
<dc element="dc.source" value="Reuters"/>
<dc element="dc.creator.location" value="BOMBAY"/>
<dc element="dc.creator.location.country.name" value="INDIA"/>
<dc element="dc.source" value="Reuters"/>
</metadata>
</newsitem>
