<?xml version="1.0" encoding="iso-8859-1" ?>
<newsitem itemid="767760" id="root" date="1997-07-30" xml:lang="en">
<title>TURKEY: PRESS DIGEST - Turkey - July 30.</title>
<headline>PRESS DIGEST - Turkey - July 30.</headline>
<dateline>ANKARA 1997-07-30</dateline>
<text>
<p>These are the leading stories in the Turkish press on Wednesday. Reuters has not verified these stories and does not vouch for their accuracy.</p>
<p>SABAH</p>
<p>- The Turkish press vows to continue writing about Islamic activism after seven journalists were injured at a protest by thousands of Islamists opposing plans to curtail religious education.</p>
<p>- An agreement under which the Treasury will refrain from resorting to central bank funds is seen as a significant reform in banking circles.</p>
<p>MILLIYET</p>
<p>- The military gives a briefing to Prime Minister Mesut Yilmaz and cabinet ministers, reaffirming its commitment to a secularist eight-year education plan.</p>
<p>- The minimum monthly wage is increased by 108 percent year-on-year to a gross 35 million lira ($220).</p>
<p>HURRIYET</p>
<p>- The right-wing True Path Party, the junior coalition partner in the former coalition with Islamists, softens its stance against the secularist eight-year education plan.</p>
<p>- The economy minister says no decision has been taken on reopening three banks which were closed during a financial crisis and which were expected to be revived.</p>
<p>YENI YUZYIL</p>
<p>- A survey shows that 60 percent of the population support the eight-year education plan.</p>
<p>- A court cancels the privatisation tender of steel maker Erdemir.</p>
<p>CUMHURIYET</p>
<p>- The government, aiming to achieve privatisation revenues of $4 billion this year, plans the sale of more public companies.</p>
<p>RADIKAL</p>
<p>- Leading football clubs offer their own brands of beer, adding to their promotion of credit cards, textiles and cosmetics.</p>
<p>DUNYA</p>
<p>- Imports rose to their second highest level in 17 months in May.</p>
<p>ZAMAN</p>
<p>- A state minister says further support will be extended to the breakaway state of northern Cyprus.</p>
<p>($1 = 159,300 Turkish lira)</p>
</text>
<copyright>(c) Reuters Limited 1997</copyright>
<metadata>
<codes class="bip:countries:1.0">
  <code code="TURK">
    <editdetail attribution="Reuters BIP Coding Group" action="confirmed" date="1997-07-30"/>
  </code>
</codes>
<codes class="bip:topics:1.0">
  <code code="GCAT">
    <editdetail attribution="Reuters BIP Coding Group" action="confirmed" date="1997-07-30"/>
  </code>
</codes>
<dc element="dc.date.created" value="1997-07-30"/>
<dc element="dc.publisher" value="Reuters Holdings Plc"/>
<dc element="dc.date.published" value="1997-07-30"/>
<dc element="dc.source" value="Reuters"/>
<dc element="dc.creator.location" value="ANKARA"/>
<dc element="dc.creator.location.country.name" value="TURKEY"/>
<dc element="dc.source" value="Reuters"/>
</metadata>
</newsitem>
