<?xml version="1.0" encoding="iso-8859-1" ?>
<newsitem itemid="701015" id="root" date="1997-07-02" xml:lang="en">
<title>USA: Analytical Surveys buys MSE Corp.</title>
<headline>Analytical Surveys buys MSE Corp.</headline>
<dateline>COLORADO SPRINGS, Colo. 1997-07-02</dateline>
<text>
<p>Analytical Surveys Inc said on Wednesday it bought privately-held MSE Corp, a digital mapping and data conversion company, for roughly $11 million in cash and $7 million in restricted common stock.</p>
<p>Analytical Surveys financed the transaction with bank debt and MSE founder Sol Miller will join its board, it said.</p>
<p>MSE will operate as a wholly owned subsidiary of Analytical Surveys. It reported sales of $22 million and was profitable for its fiscal year ended December 31, 1996, Analytical Surveys said.</p>
<p>Analytical Surveys, which provides computerized mapping and datatbase services, said the acquisition would expand its position as a GIS serices provider.</p>
</text>
<copyright>(c) Reuters Limited 1997</copyright>
<metadata>
<codes class="bip:countries:1.0">
  <code code="USA">
    <editdetail attribution="Reuters BIP Coding Group" action="confirmed" date="1997-07-02"/>
  </code>
</codes>
<codes class="bip:industries:1.0">
  <code code="I83700">
    <editdetail attribution="Reuters BIP Coding Group" action="confirmed" date="1997-07-02"/>
  </code>
</codes>
<codes class="bip:topics:1.0">
  <code code="C17">
    <editdetail attribution="Reuters BIP Coding Group" action="confirmed" date="1997-07-02"/>
  </code>
  <code code="C18">
    <editdetail attribution="Reuters BIP Coding Group" action="confirmed" date="1997-07-02"/>
  </code>
  <code code="C181">
    <editdetail attribution="Reuters BIP Coding Group" action="confirmed" date="1997-07-02"/>
  </code>
  <code code="CCAT">
    <editdetail attribution="Reuters BIP Coding Group" action="confirmed" date="1997-07-02"/>
  </code>
</codes>
<dc element="dc.date.created" value="1997-07-02"/>
<dc element="dc.publisher" value="Reuters Holdings Plc"/>
<dc element="dc.date.published" value="1997-07-02"/>
<dc element="dc.source" value="Reuters"/>
<dc element="dc.creator.location" value="COLORADO SPRINGS, Colo."/>
<dc element="dc.creator.location.country.name" value="USA"/>
<dc element="dc.source" value="Reuters"/>
</metadata>
</newsitem>
