<?xml version="1.0" encoding="iso-8859-1" ?>
<newsitem itemid="202535" id="root" date="1996-11-20" xml:lang="en">
<title>FRENCH GUIANA: Satellite problems delay Ariane rocket launch.</title>
<headline>Satellite problems delay Ariane rocket launch.</headline>
<dateline>CAYENNE, French Guiana 1996-11-20</dateline>
<text>
<p>The launch of Western Europe's 93rd Ariane rocket, due to carry a U.S. communications satellite, has been postponed by at least three months, space officials said on Wednesday.</p>
<p>They said technical problems will delay the launch of satellite PANAMSAT-6 for operator PANAMASAT based in Greenwich, Connecticut, which was originally scheduled for mid-December from Kourou in French Guiana.</p>
<p>The company will substitute another satellite payload for a launch programmed for late January. Experts said the new payload would be telecommuncations satellites for Argentina and U.S. company GTE Corp</p>
<p>&quot;A technical incident on the PANAMSAT-6 satellite means a three-month delay at least. This leads us to prepare for the next client in line,&quot; Roger Solari, head of operations at the Arianespace company in French Guiana, told local radio.</p>
<p>Solari gave no details of the technical problem.</p>
<p>A total of 10 Ariane-4 rockets were successfully launched in 1996 from the European Space Agency (ESA) launch centre in Kourou, French Guiana on the northeast coast of South America.</p>
<p>The first of a new generation of Ariane-5 rockets exploded on its maiden launch on June 4.</p>
<p>The Paris-based Arianespace company said it has firm orders to launch 40 heavy satellites worth $3.4 billion.</p>
</text>
<copyright>(c) Reuters Limited 1996</copyright>
<metadata>
<codes class="bip:countries:1.0">
  <code code="FGNA">
    <editdetail attribution="Reuters BIP Coding Group" action="confirmed" date="1996-11-20"/>
  </code>
  <code code="USA">
    <editdetail attribution="Reuters BIP Coding Group" action="confirmed" date="1996-11-20"/>
  </code>
</codes>
<codes class="bip:industries:1.0">
  <code code="I75100">
    <editdetail attribution="Reuters BIP Coding Group" action="confirmed" date="1996-11-20"/>
  </code>
  <code code="I79020">
    <editdetail attribution="Reuters BIP Coding Group" action="confirmed" date="1996-11-20"/>
  </code>
</codes>
<codes class="bip:topics:1.0">
  <code code="C21">
    <editdetail attribution="Reuters BIP Coding Group" action="confirmed" date="1996-11-20"/>
  </code>
  <code code="CCAT">
    <editdetail attribution="Reuters BIP Coding Group" action="confirmed" date="1996-11-20"/>
  </code>
  <code code="GCAT">
    <editdetail attribution="Reuters BIP Coding Group" action="confirmed" date="1996-11-20"/>
  </code>
  <code code="GSCI">
    <editdetail attribution="Reuters BIP Coding Group" action="confirmed" date="1996-11-20"/>
  </code>
</codes>
<dc element="dc.date.created" value="1996-11-20"/>
<dc element="dc.publisher" value="Reuters Holdings Plc"/>
<dc element="dc.date.published" value="1996-11-20"/>
<dc element="dc.source" value="Reuters"/>
<dc element="dc.creator.location" value="CAYENNE, French Guiana"/>
<dc element="dc.creator.location.country.name" value="FRENCH GUIANA"/>
<dc element="dc.source" value="Reuters"/>
</metadata>
</newsitem>
