<?xml version="1.0" encoding="iso-8859-1" ?>
<newsitem itemid="565149" id="root" date="1997-05-07" xml:lang="en">
<title>USA: CSCE world sugar ends lower and within range.</title>
<headline>CSCE world sugar ends lower and within range.</headline>
<dateline>NEW YORK 1997-05-07</dateline>
<text>
<p>CSCE world sugar futures settled a lackluster session weaker, but prices maintained their recent range with the trade cited on both sides of the market, dealers said.</p>
<p>Early buying carried spot July to the top of a gap, where producer and speculative selling emerged to block further gains.</p>
<p>The selling pressured the front month beneath Tuesday's low of 10.76 to a low of 10.75 cents, but failed to push the contract to 10.65 cents, the low hit on May 2. Further speculative liquidation is expected to emerge below that level, traders said.</p>
<p>Resistance remained at today's high of 10.92 cents.</p>
<p>Open interest in July stood at 74,334 lots, up 266 lots, as of early Tuesday.</p>
<p>July ended down 0.12 to 10.76 cents per lb, having ranged from 10.92 to 10.75 cents. The rest of the board settled 0.08 lower to 0.01 firmer.</p>
<p>Volume was estimated at 12,504 lots, compared with Tuesday's official 7,449 lots.</p>
<p>Analysts viewed today's close as negative, and said July could slip under support on Thursday.</p>
<p>((--Suzanne Rostler, New York Commodities, 212 859 1640))</p>
</text>
<copyright>(c) Reuters Limited 1997</copyright>
<metadata>
<codes class="bip:countries:1.0">
  <code code="USA">
    <editdetail attribution="Reuters BIP Coding Group" action="confirmed" date="1997-05-07"/>
  </code>
</codes>
<codes class="bip:topics:1.0">
  <code code="M14">
    <editdetail attribution="Reuters BIP Coding Group" action="confirmed" date="1997-05-07"/>
  </code>
  <code code="M141">
    <editdetail attribution="Reuters BIP Coding Group" action="confirmed" date="1997-05-07"/>
  </code>
  <code code="MCAT">
    <editdetail attribution="Reuters BIP Coding Group" action="confirmed" date="1997-05-07"/>
  </code>
</codes>
<dc element="dc.date.created" value="1997-05-07"/>
<dc element="dc.publisher" value="Reuters Holdings Plc"/>
<dc element="dc.date.published" value="1997-05-07"/>
<dc element="dc.source" value="Reuters"/>
<dc element="dc.creator.location" value="NEW YORK"/>
<dc element="dc.creator.location.country.name" value="USA"/>
<dc element="dc.source" value="Reuters"/>
</metadata>
</newsitem>
