<?xml version="1.0" encoding="iso-8859-1" ?>
<newsitem itemid="607859" id="root" date="1997-05-22" xml:lang="en">
<title>PORTUGAL: POLL-Bank/Portugal seen leaving rates steady.</title>
<headline>POLL-Bank/Portugal seen leaving rates steady.</headline>
<dateline>LISBON 1997-05-22</dateline>
<text>
<p>Eight out of 10 analysts polled by Reuters said the Bank of Portugal was expected to leave its key repo rate steady on Friday at the start of a new commercial bank reserve accounting period.</p>
<p>Nine out of the 10 analysts said they expected the central bank to leave the absorption rate, used to drain funds from the money market, unchanged.</p>
<p>All the analysts said they believed the Bank of Portugal had room to ease rates in the medium term.</p>
<p>The repo rate is currently 6.00 percent, the draining rate 5.70 percent and the emergency lending rate 7.70 percent.</p>
<p>The Bank of Portugal will announce its decision on rates at 1315 GMT on Friday.</p>
<p>The following are the results of the poll, conducted today:</p>
<p>1. Will the Bank of Portugal cut the repo rate this week?</p>
<p>1. No - 8</p>
<p>	 Yes - 2</p>
<p>2. If the answer to question 1. is yes, by how much will the Bank of Portugal cut the repo rate?</p>
<p>10 to 20 basis points</p>
<p>3. Will the Bank of Portugal cut the absorption rate this week?</p>
<p>No - 9</p>
<p>Yes - 1</p>
<p>4. If the answer to question 3. is yes, by how much will the Bank of Portugal cut the absorption rate?</p>
<p>20 basis points</p>
<p>5. Does the Bank of Portugal have room to cut rates further?</p>
<p>No - 0</p>
<p>Yes - 10</p>
<p>NOTE: The following groups have agreed to be identified as participants in the poll: Banco Finantia; Banco Portugues de Investimento; Banco Mello de Investimentos; IMF-Informacao de Mercados Financeiros; Siemca-Sociedade Mediadora de Capitais; Fincor; Banco Essi; Credit Lyonnais.</p>
<p>-- Fernanda Pargana, Lisbon newsroom +(351-1) 3538254</p>
</text>
<copyright>(c) Reuters Limited 1997</copyright>
<metadata>
<codes class="bip:countries:1.0">
  <code code="PORL">
    <editdetail attribution="Reuters BIP Coding Group" action="confirmed" date="1997-05-22"/>
  </code>
</codes>
<codes class="bip:topics:1.0">
  <code code="E12">
    <editdetail attribution="Reuters BIP Coding Group" action="confirmed" date="1997-05-22"/>
  </code>
  <code code="ECAT">
    <editdetail attribution="Reuters BIP Coding Group" action="confirmed" date="1997-05-22"/>
  </code>
  <code code="M13">
    <editdetail attribution="Reuters BIP Coding Group" action="confirmed" date="1997-05-22"/>
  </code>
  <code code="M131">
    <editdetail attribution="Reuters BIP Coding Group" action="confirmed" date="1997-05-22"/>
  </code>
  <code code="MCAT">
    <editdetail attribution="Reuters BIP Coding Group" action="confirmed" date="1997-05-22"/>
  </code>
</codes>
<dc element="dc.date.created" value="1997-05-22"/>
<dc element="dc.publisher" value="Reuters Holdings Plc"/>
<dc element="dc.date.published" value="1997-05-22"/>
<dc element="dc.source" value="Reuters"/>
<dc element="dc.creator.location" value="LISBON"/>
<dc element="dc.creator.location.country.name" value="PORTUGAL"/>
<dc element="dc.source" value="Reuters"/>
</metadata>
</newsitem>
