<?xml version="1.0" encoding="iso-8859-1" ?>
<newsitem itemid="165897" id="root" date="1996-11-05" xml:lang="en">
<title>PERU: GOVERNMENT LIST.</title>
<headline>GOVERNMENT LIST.</headline>
<text>
<p>PERU GOVERNMENT LIST (961105)</p>
<p>President (Sworn in 28 Jul 95 for a second</p>
<p>	5-year term)............................Alberto FUJIMORI</p>
<p>			     - - - - - - -</p>
<p>GOVERNMENT (Formed 3 Apr 96)</p>
<p> Prime Minister........................Alberto PANDOLFI Arbulu</p>
<p>(Also Minister of Energy &amp; Mines)</p>
<p>			     - - - - - - -</p>
<p> Agriculture........................Rodolfo MUNANTE Sanguineti</p>
<p> Defence...................................Tomas CASTILLO Meza</p>
<p> Economy &amp; Finance.................................Jorge CAMET</p>
<p> Education............................Domingo PALERMO Cabrejos</p>
<p> Energy &amp; Mines.............................See Prime Minister</p>
<p> Fisheries.....................................Carlos BOGGIANO</p>
<p> Foreign Affairs..............................Francisco TUDELA</p>
<p> Health.....................................Marino COSTA Bauer</p>
<p>Industry, Tourism &amp; Commercial</p>
<p>    Integration...............................Gustavo CAILLAUX</p>
<p> Interior..................................Juan Briones DAVILA</p>
<p> Justice...................................Carlos HERMOZA Moya</p>
<p> Labour &amp; Social Promotion............Jorge GONZALES Izquierdo</p>
<p> Presidency......................................Daniel HOKAMA</p>
<p>Promotion of Women &amp; Human</p>
<p>    Development.......................Miriam SCHENONE Ordinola</p>
<p>Transport, Communications, Housing &amp;</p>
<p>     Construction....................Elsa CARRERA de Escalante</p>
<p>			     - - - - - - -</p>
<p> Central Bank Governor...........................German SUAREZ</p>
<p>			     - - - - - - -</p>
<p>	 NOTE: Any comments/queries on the content of this</p>
<p>		 government list, please contact the Reuter</p>
<p>		 Editorial Reference Unit, London, on (171) 542</p>
<p>		 7968.</p>
<p>			 (End government list)</p>
</text>
<copyright>(c) Reuters Limited 1996</copyright>
<metadata>
<codes class="bip:countries:1.0">
  <code code="PERU">
    <editdetail attribution="Reuters BIP Coding Group" action="confirmed" date="1996-11-05"/>
  </code>
</codes>
<codes class="bip:topics:1.0">
  <code code="GCAT">
    <editdetail attribution="Reuters BIP Coding Group" action="confirmed" date="1996-11-05"/>
  </code>
  <code code="GPOL">
    <editdetail attribution="Reuters BIP Coding Group" action="confirmed" date="1996-11-05"/>
  </code>
</codes>
<dc element="dc.publisher" value="Reuters Holdings Plc"/>
<dc element="dc.date.published" value="1996-11-05"/>
<dc element="dc.source" value="Reuters"/>
<dc element="dc.creator.location.country.name" value="PERU"/>
<dc element="dc.source" value="Reuters"/>
</metadata>
</newsitem>
