<?xml version="1.0" encoding="iso-8859-1" ?>
<newsitem itemid="195037" id="root" date="1996-11-17" xml:lang="en">
<title>USA: TENNIS-RESULTS FROM ADVANTA CHAMPIONSHIP WOMEN'S TOURNAMENT.</title>
<headline>TENNIS-RESULTS FROM ADVANTA CHAMPIONSHIP WOMEN'S TOURNAMENT.</headline>
<dateline>PHILADELPHIA 1996-11-16</dateline>
<text>
<p>Results from the Advanta</p>
<p>Championship women's tennis tournament Saturday (prefix</p>
<p>number denotes seeding):</p>
<p>1-Steffi Graf (Germany) beat Marianne Werdel Witmeyer (U.S.)</p>
<p>6-2 7-5</p>
<p>3-Jana Novotna (Czech Republic) beat Yayuk Basuki</p>
<p>(Indonesia) 6-3 6-1</p>
</text>
<copyright>(c) Reuters Limited 1996</copyright>
<metadata>
<codes class="bip:countries:1.0">
  <code code="CZREP">
    <editdetail attribution="Reuters BIP Coding Group" action="confirmed" date="1996-11-17"/>
  </code>
  <code code="GFR">
    <editdetail attribution="Reuters BIP Coding Group" action="confirmed" date="1996-11-17"/>
  </code>
  <code code="INDON">
    <editdetail attribution="Reuters BIP Coding Group" action="confirmed" date="1996-11-17"/>
  </code>
  <code code="USA">
    <editdetail attribution="Reuters BIP Coding Group" action="confirmed" date="1996-11-17"/>
  </code>
</codes>
<codes class="bip:topics:1.0">
  <code code="GCAT">
    <editdetail attribution="Reuters BIP Coding Group" action="confirmed" date="1996-11-17"/>
  </code>
  <code code="GSPO">
    <editdetail attribution="Reuters BIP Coding Group" action="confirmed" date="1996-11-17"/>
  </code>
</codes>
<dc element="dc.date.created" value="1996-11-16"/>
<dc element="dc.publisher" value="Reuters Holdings Plc"/>
<dc element="dc.date.published" value="1996-11-17"/>
<dc element="dc.source" value="Reuters"/>
<dc element="dc.creator.location" value="PHILADELPHIA"/>
<dc element="dc.creator.location.country.name" value="USA"/>
<dc element="dc.source" value="Reuters"/>
</metadata>
</newsitem>
