<?xml version="1.0" encoding="iso-8859-1" ?>
<newsitem itemid="157322" id="root" date="1996-10-31" xml:lang="en">
<title>INDIA: Indian Shipping -- Tuticorin cargoes - Oct 31.</title>
<headline>Indian Shipping -- Tuticorin cargoes - Oct 31.</headline>
<dateline>BOMBAY 1996-10-31</dateline>
<text>
<p>Following is the berthing schedule</p>
<p>of major vessels loading and unloading at India's Tuticorin's</p>
<p>port</p>
<p>as at October 31, 1996:</p>
<p> Commodity	    Tons/TEUS		Ship	    Berthing</p>
<p>		   (LDD/ULD) (Balance)</p>
<p>---------------------------------------------------------------</p>
<p>Salt		 5,178/- (LDD)   326     Sea Enterprise   27/10</p>
<p>General (Onion)    759/- (LDD) 1,541     Progress Liberty 29/10</p>
<p>Granite	    2,922/- (LDD) 1,600     Nikloy Morozov   29/10</p>
<p>General		421/- (LDD)   129     Vila		 29/10</p>
<p>General		--/637(LDD)   ---/230 Martna Schedule  29/10</p>
<p>Sugar	     11,088/- (LDD) 1,412     Seng Guang	 18/10</p>
<p>Urea		14,548/- (ULD) 4,314     Seahope	    21/10</p>
<p>Sulphur	    4,600/- (ULD) 1,597     Sofia		27/10</p>
<p>Sulphur	    4,587/- (ULD) 5,857     Normar Pilot     27/10</p>
<p>Coal		22,604/--(ULD) 7,537     Tamil Periyar    30/10</p>
<p>Ammonia	    4,310/--(ULD)   ---     G.Gloria	   29/10</p>
<p>Urea		 2,175/--(ULD) 3,325     Capetanissa	24/10</p>
<p>---------------------------------------------------------------</p>
<p>		  Note:</p>
<p>	    LDD - Loading</p>
<p>	    ULD - Unloading</p>
<p>(Source: J.M.Baxi &amp; Co, Tuticorin)</p>
<p>-- Bombay newsroom +91-22-265 9000</p>
</text>
<copyright>(c) Reuters Limited 1996</copyright>
<metadata>
<codes class="bip:countries:1.0">
  <code code="INDIA">
    <editdetail attribution="Reuters BIP Coding Group" action="confirmed" date="1996-10-31"/>
  </code>
</codes>
<codes class="bip:topics:1.0">
  <code code="M14">
    <editdetail attribution="Reuters BIP Coding Group" action="confirmed" date="1996-10-31"/>
  </code>
  <code code="MCAT">
    <editdetail attribution="Reuters BIP Coding Group" action="confirmed" date="1996-10-31"/>
  </code>
</codes>
<dc element="dc.date.created" value="1996-10-31"/>
<dc element="dc.publisher" value="Reuters Holdings Plc"/>
<dc element="dc.date.published" value="1996-10-31"/>
<dc element="dc.source" value="Reuters"/>
<dc element="dc.creator.location" value="BOMBAY"/>
<dc element="dc.creator.location.country.name" value="INDIA"/>
<dc element="dc.source" value="Reuters"/>
</metadata>
</newsitem>
