<?xml version="1.0" encoding="iso-8859-1" ?>
<newsitem itemid="597859" id="root" date="1997-05-20" xml:lang="en">
<title>MALAYSIA: Malaysia weather seen turning drier.</title>
<headline>Malaysia weather seen turning drier.</headline>
<dateline>KUALA LUMPUR 1997-05-20</dateline>
<text>
<p>Weather conditions in Malaysia are expected to turn drier with the change in monsoon winds, the Metereological Services Department said on Tuesday.</p>
<p>It said the southwest monsoon was replacing the inter-monsoon period, resulting in fewer thunderstorms in the afternoon and evening.</p>
<p>The west coast states of Peninsular Malaysia may experience pre-dawn and early morning coastal rain, the department said.</p>
<p>The dryness will also lead to more &quot;haze&quot; or pollution in Kuala Lumpur, its neighbouring areas, and the northwest states of Peninsular Malaysia, the department added.</p>
</text>
<copyright>(c) Reuters Limited 1997</copyright>
<metadata>
<codes class="bip:countries:1.0">
  <code code="MALAY">
    <editdetail attribution="Reuters BIP Coding Group" action="confirmed" date="1997-05-20"/>
  </code>
</codes>
<codes class="bip:topics:1.0">
  <code code="GCAT">
    <editdetail attribution="Reuters BIP Coding Group" action="confirmed" date="1997-05-20"/>
  </code>
  <code code="GWEA">
    <editdetail attribution="Reuters BIP Coding Group" action="confirmed" date="1997-05-20"/>
  </code>
</codes>
<dc element="dc.date.created" value="1997-05-20"/>
<dc element="dc.publisher" value="Reuters Holdings Plc"/>
<dc element="dc.date.published" value="1997-05-20"/>
<dc element="dc.source" value="Reuters"/>
<dc element="dc.creator.location" value="KUALA LUMPUR"/>
<dc element="dc.creator.location.country.name" value="MALAYSIA"/>
<dc element="dc.source" value="Reuters"/>
</metadata>
</newsitem>
