<?xml version="1.0" encoding="iso-8859-1" ?>
<newsitem itemid="300530" id="root" date="1997-01-10" xml:lang="en">
<title>TAIWAN: Taiwan interbank rate ends stable, seen firmer.</title>
<headline>Taiwan interbank rate ends stable, seen firmer.</headline>
<dateline>TAIPEI 1997-01-10</dateline>
<text>
<p>Taiwan's interbank rate closed stable on Friday after the central bank injected T$22 billion in postal funds to ease tight liquidity, dealers said.</p>
<p>The overnight interbank rate finished at 5.491 percent against Thursday's 5.495 close, with 30-day commercial paper stable at 5.50 percent.</p>
<p>Dealers said liquidity demand for the lunar Chinese New Year and the planned auction of T$40 billion in government bonds would tighten liquidity in the banking system.</p>
<p>Sentiment was slow in the bond market. No trade was reported in the afternoon. -- Rachel Lee (5080815)</p>
</text>
<copyright>(c) Reuters Limited 1997</copyright>
<metadata>
<codes class="bip:countries:1.0">
  <code code="TAIWAN">
    <editdetail attribution="Reuters BIP Coding Group" action="confirmed" date="1997-01-10"/>
  </code>
</codes>
<codes class="bip:topics:1.0">
  <code code="M13">
    <editdetail attribution="Reuters BIP Coding Group" action="confirmed" date="1997-01-10"/>
  </code>
  <code code="M131">
    <editdetail attribution="Reuters BIP Coding Group" action="confirmed" date="1997-01-10"/>
  </code>
  <code code="MCAT">
    <editdetail attribution="Reuters BIP Coding Group" action="confirmed" date="1997-01-10"/>
  </code>
</codes>
<dc element="dc.date.created" value="1997-01-10"/>
<dc element="dc.publisher" value="Reuters Holdings Plc"/>
<dc element="dc.date.published" value="1997-01-10"/>
<dc element="dc.source" value="Reuters"/>
<dc element="dc.creator.location" value="TAIPEI"/>
<dc element="dc.creator.location.country.name" value="TAIWAN"/>
<dc element="dc.source" value="Reuters"/>
</metadata>
</newsitem>
