<?xml version="1.0" encoding="iso-8859-1" ?>
<newsitem itemid="708758" id="root" date="1997-07-05" xml:lang="en">
<title>SAN MARINO: MOTORCYCLING-SAN MARINO GRAND PRIX PRACTICE TIMES.</title>
<headline>MOTORCYCLING-SAN MARINO GRAND PRIX PRACTICE TIMES.</headline>
<dateline>IMOLA, Italy 1997-07-05</dateline>
<text>
<p>Leading times from</p>
<p>Saturday's second qualifying practice for Sunday's San Marino</p>
<p>motorcycling Grand Prix:(track length: 4.93 km)</p>
<p>500cc</p>
<p>1. Michael Doohan (Australia) Honda	one minute 48.997</p>
<p>seconds (average speed 162.830 kmh)</p>
<p>2. Carlos Checa (Spain) Honda		1:49.431</p>
<p>3. Anthony Gobert (Australia) Suzuki     1:49.652</p>
<p>4. Nobuatsu Aoki (Japan) Honda	     1:49.817</p>
<p>5. Tadayuki Okada (Japan) Honda	    1:49.925</p>
<p>6. Takuma Aoki (Japan) Honda		 1:50.030</p>
<p>7. Norick Abe (Japan) Yamaha		 1:50.066</p>
<p>8. Luca Cadalora (Italy) Yamaha	    1:50.722</p>
<p>250cc</p>
<p>1. Olivier Jacque (France) Honda	   one minute 51.582</p>
<p>seconds (average speed 159.057, new lap record)</p>
<p>2. Max Biaggi (Italy) Honda		  1:51.758</p>
<p>3. Ralf Waldmann (Germany) Honda	   1:52.426</p>
<p>4. Tohru Ukawa (Japan) Honda		 1:52.376</p>
<p>5. Loris Capirossi (Italy) Aprilia	 1:52.441</p>
<p>6. Tetsuya Harada (Japan) Aprilia	  1:52.625</p>
<p>7. Takeshi Tsujimura (Japan) Honda	 1:52.656</p>
<p>8. Marcellino Lucchi (Italy) Aprilia     1:53.075</p>
<p>125cc</p>
<p>1. Valentino Rossi (Italy) Aprilia	 one minute 58:886</p>
<p>seconds (average speed 149.285 kmh, new lap record)</p>
<p>2. Tomomi Manako (Japan) Honda	     1:59.697</p>
<p>3. Garry McCoy (Australia) Aprilia	 2:00.123</p>
<p>4. Frederic Petit (France) Honda	   2:00.302</p>
<p>5. Kazuto Sakata (Japan) Aprilia	   2:00.355</p>
<p>6. Noboru Ueda (Japan) Honda		 2:00.417</p>
<p>7. Masaki Tokudome (Japan) Aprilia	 2:00.507</p>
<p>8. Jorge Martinez (Spain) Aprilia	  2:00.533</p>
</text>
<copyright>(c) Reuters Limited 1997</copyright>
<metadata>
<codes class="bip:countries:1.0">
  <code code="AUSTR">
    <editdetail attribution="Reuters BIP Coding Group" action="confirmed" date="1997-07-05"/>
  </code>
  <code code="ITALY">
    <editdetail attribution="Reuters BIP Coding Group" action="confirmed" date="1997-07-05"/>
  </code>
  <code code="SMARNO">
    <editdetail attribution="Reuters BIP Coding Group" action="confirmed" date="1997-07-05"/>
  </code>
</codes>
<codes class="bip:topics:1.0">
  <code code="GCAT">
    <editdetail attribution="Reuters BIP Coding Group" action="confirmed" date="1997-07-05"/>
  </code>
  <code code="GSPO">
    <editdetail attribution="Reuters BIP Coding Group" action="confirmed" date="1997-07-05"/>
  </code>
</codes>
<dc element="dc.date.created" value="1997-07-05"/>
<dc element="dc.publisher" value="Reuters Holdings Plc"/>
<dc element="dc.date.published" value="1997-07-05"/>
<dc element="dc.source" value="Reuters"/>
<dc element="dc.creator.location" value="IMOLA, Italy"/>
<dc element="dc.creator.location.country.name" value="SAN MARINO"/>
<dc element="dc.source" value="Reuters"/>
</metadata>
</newsitem>
