<?xml version="1.0" encoding="iso-8859-1" ?>
<newsitem itemid="728354" id="root" date="1997-07-15" xml:lang="en">
<title>UK: IPE Brent soars over $18 on gasoline boost.</title>
<headline>IPE Brent soars over $18 on gasoline boost.</headline>
<dateline>LONDON 1997-07-15</dateline>
<text>
<p>IPE Brent crude futures broke effortlessly above $18 a barrel on Tuesday, helped higher by a rally in U.S. gasoline markets, brokers said.</p>
<p>IPE August front month Brent was trading at $18.35, 53 cents higher, at 1841 GMT. September was 54 cents higher at $18.40.</p>
<p>Brent gained sharp impetus from August WTI's break above $19.50 a barrel which triggered a series of stops.</p>
<p>&quot;Gasoline is behind this and the market was in need of a correction after yesterday's falls,&quot; an IPE trader said.</p>
<p>&quot;Normally you don't see quite such a dramatic move on both markets ahead of the APIs.&quot;</p>
<p>August WTI was trading 60 cents higher at $19.59, likewise boosted by gasoline, which jumped on talk that Tuesday's report from the American Petroleum Institute (API) will show possibly the last sizeable drawdown of unleaded stocks of the summer.</p>
<p>August NYMEX unleaded was 1.55 cent a gallon higher at 59.90 cents.</p>
<p>-- London newsroom +44 171 542 7646 (c) Reuters Limited 1997</p>
</text>
<copyright>(c) Reuters Limited 1997</copyright>
<metadata>
<codes class="bip:countries:1.0">
  <code code="UK">
    <editdetail attribution="Reuters BIP Coding Group" action="confirmed" date="1997-07-15"/>
  </code>
</codes>
<codes class="bip:topics:1.0">
  <code code="M14">
    <editdetail attribution="Reuters BIP Coding Group" action="confirmed" date="1997-07-15"/>
  </code>
  <code code="M143">
    <editdetail attribution="Reuters BIP Coding Group" action="confirmed" date="1997-07-15"/>
  </code>
  <code code="MCAT">
    <editdetail attribution="Reuters BIP Coding Group" action="confirmed" date="1997-07-15"/>
  </code>
</codes>
<dc element="dc.date.created" value="1997-07-15"/>
<dc element="dc.publisher" value="Reuters Holdings Plc"/>
<dc element="dc.date.published" value="1997-07-15"/>
<dc element="dc.source" value="Reuters"/>
<dc element="dc.creator.location" value="LONDON"/>
<dc element="dc.creator.location.country.name" value="UK"/>
<dc element="dc.source" value="Reuters"/>
</metadata>
</newsitem>
