<?xml version="1.0" encoding="iso-8859-1" ?>
<newsitem itemid="214035" id="root" date="1996-11-25" xml:lang="en">
<title>ARGENTINA: Argentine Central Bank reserves detailed.</title>
<headline>Argentine Central Bank reserves detailed.</headline>
<dateline>BUENOS AIRES 1996-11-25</dateline>
<text>
<p>The Argentine Central Bank Monday released the following international reserve and currency liability data, in millions:</p>
<p>*A = International reserves (gold, currency, securities, including repos and reverse repos).</p>
<p>B = Liquidity requirements.</p>
<p>C = International reserves in the financial system.</p>
<p>*D = Monetary base.</p>
<p>E = Currency liabilities.</p>
<p>F = Net repurchase tender agreements.</p>
<p>G = Bank liquidity paper.</p>
<p>H = Financial liabilities.</p>
<p>   Date	*A*   *B*    *C*    *D*    *E*   *F*   *G*    *H*</p>
<p>  Nov 12  19,549 3,627 23,176 12,419 12,451 4,721   571 18,151</p>
<p>  Nov 13  19,727 3,719 23,446 12,275 12,311 4,389   571 18,318</p>
<p>  Nov 14  19,708 3,788 23,496 12,194 12,228 4,910   571 18,294</p>
<p>  Nov 15  19,520 3,596 23,116 12,156 12,190 4,917   571 18,091</p>
<p>  Nov 18  19,566 3,610 23,176 12,110 12,144 5,133   571 18,139</p>
<p>  Nov 19  19,508 3,538 23,046 12,011 12,059 5,250   571 18,084</p>
<p>  Nov 20  19,430 3,744 23,174 11,971 12,006 5,318   571 18,012</p>
<p>  Nov 21  19,403 4,132 23,535 11,938 11,974 5,401   571 17,978</p>
<p>*A  Of the $19.40 billion in international reserves, $2.77 billion (14.28 percent) are in securities.</p>
<p>*D  There are currently no peso-denominated current accounts at the Central Bank.</p>
<p>-- Buenos Aires Newsroom +54 1 318-0651</p>
</text>
<copyright>(c) Reuters Limited 1996</copyright>
<metadata>
<codes class="bip:countries:1.0">
  <code code="ARG">
    <editdetail attribution="Reuters BIP Coding Group" action="confirmed" date="1996-11-25"/>
  </code>
</codes>
<codes class="bip:topics:1.0">
  <code code="E51">
    <editdetail attribution="Reuters BIP Coding Group" action="confirmed" date="1996-11-25"/>
  </code>
  <code code="E513">
    <editdetail attribution="Reuters BIP Coding Group" action="confirmed" date="1996-11-25"/>
  </code>
  <code code="ECAT">
    <editdetail attribution="Reuters BIP Coding Group" action="confirmed" date="1996-11-25"/>
  </code>
</codes>
<dc element="dc.date.created" value="1996-11-25"/>
<dc element="dc.publisher" value="Reuters Holdings Plc"/>
<dc element="dc.date.published" value="1996-11-25"/>
<dc element="dc.source" value="Reuters"/>
<dc element="dc.creator.location" value="BUENOS AIRES"/>
<dc element="dc.creator.location.country.name" value="ARGENTINA"/>
<dc element="dc.source" value="Reuters"/>
</metadata>
</newsitem>
