<?xml version="1.0" encoding="iso-8859-1" ?>
<newsitem itemid="67546" id="root" date="1996-09-20" xml:lang="en">
<title>FINLAND: LASSILA SAYS UPM'S STAKE DOWN TO 6.4 PCT.</title>
<headline>LASSILA SAYS UPM'S STAKE DOWN TO 6.4 PCT.</headline>
<dateline>HELSINKI 1996-09-20</dateline>
<text>
<p>Finnish plastic and cleaning equipment group Lassila &amp; Tikanoja said in a statement on Friday Finnish forestry group UPM-Kymmene Oy's ownership stake in it had fallen to 6.4 percent of shares and votes.</p>
<p>Repola Oy, which formed UPM-Kymmene through the merger with Kymmene Oy, held 13.4 percent of Lassila's shares and votes on February 15, 1996.  </p>
<p>-- Helsinki newsroom +358-0-6805 0248</p>
</text>
<copyright>(c) Reuters Limited 1996</copyright>
<metadata>
<codes class="bip:countries:1.0">
  <code code="FIN">
    <editdetail attribution="Reuters BIP Coding Group" action="confirmed" date="1996-09-20"/>
  </code>
</codes>
<codes class="bip:industries:1.0">
  <code code="I47100">
    <editdetail attribution="Reuters BIP Coding Group" action="confirmed" date="1996-09-20"/>
  </code>
  <code code="I83960">
    <editdetail attribution="Reuters BIP Coding Group" action="confirmed" date="1996-09-20"/>
  </code>
</codes>
<codes class="bip:topics:1.0">
  <code code="C18">
    <editdetail attribution="Reuters BIP Coding Group" action="confirmed" date="1996-09-20"/>
  </code>
  <code code="C181">
    <editdetail attribution="Reuters BIP Coding Group" action="confirmed" date="1996-09-20"/>
  </code>
  <code code="CCAT">
    <editdetail attribution="Reuters BIP Coding Group" action="confirmed" date="1996-09-20"/>
  </code>
</codes>
<dc element="dc.date.created" value="1996-09-20"/>
<dc element="dc.publisher" value="Reuters Holdings Plc"/>
<dc element="dc.date.published" value="1996-09-20"/>
<dc element="dc.source" value="Reuters"/>
<dc element="dc.creator.location" value="HELSINKI"/>
<dc element="dc.creator.location.country.name" value="FINLAND"/>
<dc element="dc.source" value="Reuters"/>
</metadata>
</newsitem>
