<?xml version="1.0" encoding="iso-8859-1" ?>
<newsitem itemid="285871" id="root" date="1997-01-03" xml:lang="en">
<title>INDIA: Indian gur &amp; sugar prices - Delhi - Jan 3.</title>
<headline>Indian gur &amp; sugar prices - Delhi - Jan 3.</headline>
<text>
<p>Rates supplied by Asian News International, New Delhi</p>
<p>    Time: 031338     Tel: 011 331 2724</p>
<p>				   indicative		previous</p>
<p>Gur &amp; Sugar			opening		   close</p>
<p>		 (in rupees per 100 kg. unless stated)</p>
<p>--------------------------------------------------------------</p>
<p>Gur Dhaiya (New)	     625-650		   640-660</p>
<p>Gur Peri			 660-680		   660-680</p>
<p>Khandsari		     1300-1330		 1260-1380</p>
<p>Sugar Ready(M)		1230-1270		 1230-1280</p>
<p>Sugar Ready(S)		1190-1275		 1190-1275</p>
<p>Sugar Mill Delivery(M)    1070-1145		 1070-1145</p>
<p>Sugar Mill Delivery(S)    1030-1080		 1030-1080</p>
<p>.</p>
<p>Source: Delhi gur &amp; sugar market traders</p>
<p>To contribute to this daily table of indicative market rates, please fax Delhi on 011-332 0841, attention Subhash Chopra &amp; Satish Sharma</p>
</text>
<copyright>(c) Reuters Limited 1997</copyright>
<metadata>
<codes class="bip:countries:1.0">
  <code code="INDIA">
    <editdetail attribution="Reuters BIP Coding Group" action="confirmed" date="1997-01-03"/>
  </code>
</codes>
<codes class="bip:topics:1.0">
  <code code="M14">
    <editdetail attribution="Reuters BIP Coding Group" action="confirmed" date="1997-01-03"/>
  </code>
  <code code="M141">
    <editdetail attribution="Reuters BIP Coding Group" action="confirmed" date="1997-01-03"/>
  </code>
  <code code="MCAT">
    <editdetail attribution="Reuters BIP Coding Group" action="confirmed" date="1997-01-03"/>
  </code>
</codes>
<dc element="dc.publisher" value="Reuters Holdings Plc"/>
<dc element="dc.date.published" value="1997-01-03"/>
<dc element="dc.source" value="Reuters"/>
<dc element="dc.creator.location.country.name" value="INDIA"/>
<dc element="dc.source" value="Reuters"/>
</metadata>
</newsitem>
