<?xml version="1.0" encoding="iso-8859-1" ?>
<newsitem itemid="87386" id="root" date="1996-10-01" xml:lang="en">
<title>USA: Crown Casino hires adviser to mull options.</title>
<headline>Crown Casino hires adviser to mull options.</headline>
<dateline>DALLAS 1996-10-01</dateline>
<text>
<p>Crown Casino Corp said on Tuesday it engaged an investment banking firm to help the company evaluate merger and acquisition opportunities.</p>
<p>The company said in a statement it hired Los Angeles-based Jefferies &amp; Co to help it indentify, evaluate and complete mergers and acquisitions. Jefferies specialized in middle-market growth companies focused on gaming, it said.</p>
<p>Edward R. McMurphy, president, said: &quot;The gaming industry is in the beginning of a consolidation phase and we believe we can maximize shareholder value by being involved in the consolidation process.&quot;</p>
</text>
<copyright>(c) Reuters Limited 1996</copyright>
<metadata>
<codes class="bip:countries:1.0">
  <code code="USA">
    <editdetail attribution="Reuters BIP Coding Group" action="confirmed" date="1996-10-01"/>
  </code>
</codes>
<codes class="bip:industries:1.0">
  <code code="I97912">
    <editdetail attribution="Reuters BIP Coding Group" action="confirmed" date="1996-10-01"/>
  </code>
</codes>
<codes class="bip:topics:1.0">
  <code code="C11">
    <editdetail attribution="Reuters BIP Coding Group" action="confirmed" date="1996-10-01"/>
  </code>
  <code code="CCAT">
    <editdetail attribution="Reuters BIP Coding Group" action="confirmed" date="1996-10-01"/>
  </code>
</codes>
<dc element="dc.date.created" value="1996-10-01"/>
<dc element="dc.publisher" value="Reuters Holdings Plc"/>
<dc element="dc.date.published" value="1996-10-01"/>
<dc element="dc.source" value="Reuters"/>
<dc element="dc.creator.location" value="DALLAS"/>
<dc element="dc.creator.location.country.name" value="USA"/>
<dc element="dc.source" value="Reuters"/>
</metadata>
</newsitem>
