<?xml version="1.0" encoding="iso-8859-1" ?>
<newsitem itemid="742848" id="root" date="1997-07-21" xml:lang="en">
<title>USA: Sioux City cattle steady - USDA.</title>
<headline>Sioux City cattle steady - USDA.</headline>
<dateline>SIOUX CITY 1997-07-21</dateline>
<text>
<p>Trade moderate. Compared to last Monday, slaughter steers and heifers steady. - USDA</p>
<p>Slaughter Steers:  Choice 2-3, 1100-1350 lbs 63.50-64.50.</p>
<p>Select and Choice  2-3, 1075-1250 lbs 62.50-63.50.  Returning to the  feedlot  975-1150 lbs 64.00-65.85.</p>
<p>Slaughter  Heifers:  Choice 2-3, 1050-1250 lbs  63.00-64.00.</p>
<p>Select and Choice 2-3, 1000-1250 lbs 62.00-63.00.  Select 60.00-62.00.</p>
</text>
<copyright>(c) Reuters Limited 1997</copyright>
<metadata>
<codes class="bip:countries:1.0">
  <code code="USA">
    <editdetail attribution="Reuters BIP Coding Group" action="confirmed" date="1997-07-21"/>
  </code>
</codes>
<codes class="bip:topics:1.0">
  <code code="M14">
    <editdetail attribution="Reuters BIP Coding Group" action="confirmed" date="1997-07-21"/>
  </code>
  <code code="M141">
    <editdetail attribution="Reuters BIP Coding Group" action="confirmed" date="1997-07-21"/>
  </code>
  <code code="MCAT">
    <editdetail attribution="Reuters BIP Coding Group" action="confirmed" date="1997-07-21"/>
  </code>
</codes>
<dc element="dc.date.created" value="1997-07-21"/>
<dc element="dc.publisher" value="Reuters Holdings Plc"/>
<dc element="dc.date.published" value="1997-07-21"/>
<dc element="dc.source" value="Reuters"/>
<dc element="dc.creator.location" value="SIOUX CITY"/>
<dc element="dc.creator.location.country.name" value="USA"/>
<dc element="dc.source" value="Reuters"/>
</metadata>
</newsitem>
