<?xml version="1.0" encoding="iso-8859-1" ?>
<newsitem itemid="160970" id="root" date="1996-11-01" xml:lang="en">
<title>UK: BSkyB up amid talk securities issue dropped.</title>
<headline>BSkyB up amid talk securities issue dropped.</headline>
<dateline>LONDON 1996-10-31</dateline>
<text>
<p>Shares in British Sky Broadcasting reversed early losses to firm 3.0 pence to 581-1/2 amid market runmours that News Corp is abandoning plans of issuing convertible preferred securities, market makers said.  </p>
<p>BSkyB told Reuters it could not comment on any talk that Australia's News Corp was to revise its plans.</p>
<p>A week ago, NewsCorp said it intended to sell $1 billion of preferred securities for the purchase of stock in its 40 percent owned BSkyB.</p>
<p>Rumours that the the plan has been scrapped follow a British newspaper report on October 28 that the issue would be delayed by at least a week.</p>
<p>Shares in BSkyB initially fell after the satellite TV operator reported disappointing subscriber growth in its first quarter.</p>
<p>-- London Newsroom +44 171 542 7717</p>
</text>
<copyright>(c) Reuters Limited 1996</copyright>
<metadata>
<codes class="bip:countries:1.0">
  <code code="UK">
    <editdetail attribution="Reuters BIP Coding Group" action="confirmed" date="1996-11-01"/>
  </code>
</codes>
<codes class="bip:industries:1.0">
  <code code="I47500">
    <editdetail attribution="Reuters BIP Coding Group" action="confirmed" date="1996-11-01"/>
  </code>
  <code code="I9741110">
    <editdetail attribution="Reuters BIP Coding Group" action="confirmed" date="1996-11-01"/>
  </code>
</codes>
<codes class="bip:topics:1.0">
  <code code="C15">
    <editdetail attribution="Reuters BIP Coding Group" action="confirmed" date="1996-11-01"/>
  </code>
  <code code="C152">
    <editdetail attribution="Reuters BIP Coding Group" action="confirmed" date="1996-11-01"/>
  </code>
  <code code="CCAT">
    <editdetail attribution="Reuters BIP Coding Group" action="confirmed" date="1996-11-01"/>
  </code>
</codes>
<dc element="dc.date.created" value="1996-10-31"/>
<dc element="dc.publisher" value="Reuters Holdings Plc"/>
<dc element="dc.date.published" value="1996-11-01"/>
<dc element="dc.source" value="Reuters"/>
<dc element="dc.creator.location" value="LONDON"/>
<dc element="dc.creator.location.country.name" value="UK"/>
<dc element="dc.source" value="Reuters"/>
</metadata>
</newsitem>
