<?xml version="1.0" encoding="iso-8859-1" ?>
<newsitem itemid="385727" id="root" date="1997-02-18" xml:lang="en">
<title>USA: Air Force reconsidering blame in Saudi blast - NYT.</title>
<headline>Air Force reconsidering blame in Saudi blast - NYT.</headline>
<dateline>NEW YORK 1997-02-18</dateline>
<text>
<p>The (U.S.) Air Force may reverse its decision to exonerate the general who was in charge of the housing complex in Saudi Arabia where 19 American airmen were killed by a truck bomb, the New York Times said on Tuesday.</p>
<p>The Air Force absolved Brig. Gen. Terryl Schwalier of blame in the June 25 blast after deciding that protective measures around the complex in Dhahran were adequate.</p>
<p>But Tuesday's report said Deputy Defence Secretary John White called the Air Force's justification &quot;not sufficient&quot; in a confidential memo sent to top Air Force leaders last month.</p>
<p>The paper said the memo ordered the Air Force to review the evidence and decide if someone should be punished.</p>
<p>The paper said Congress members are also pressuring the Air Force to reconsider its December decision to exonerate Schwalier.</p>
<p>&quot;Schwalier took some steps, but it seems to me that he didn't go far enough,&quot; Sen. Richard Shelby told the paper in an interview.</p>
<p>White and senior aides to Defence Secretary William Cohen say they only want the Air Force to support its case better and say they are not searching for a scapegoat, the paper reported.</p>
</text>
<copyright>(c) Reuters Limited 1997</copyright>
<metadata>
<codes class="bip:countries:1.0">
  <code code="SAARAB">
    <editdetail attribution="Reuters BIP Coding Group" action="confirmed" date="1997-02-18"/>
  </code>
  <code code="USA">
    <editdetail attribution="Reuters BIP Coding Group" action="confirmed" date="1997-02-18"/>
  </code>
</codes>
<codes class="bip:topics:1.0">
  <code code="GCAT">
    <editdetail attribution="Reuters BIP Coding Group" action="confirmed" date="1997-02-18"/>
  </code>
  <code code="GDEF">
    <editdetail attribution="Reuters BIP Coding Group" action="confirmed" date="1997-02-18"/>
  </code>
  <code code="GVIO">
    <editdetail attribution="Reuters BIP Coding Group" action="confirmed" date="1997-02-18"/>
  </code>
</codes>
<dc element="dc.date.created" value="1997-02-18"/>
<dc element="dc.publisher" value="Reuters Holdings Plc"/>
<dc element="dc.date.published" value="1997-02-18"/>
<dc element="dc.source" value="Reuters"/>
<dc element="dc.creator.location" value="NEW YORK"/>
<dc element="dc.creator.location.country.name" value="USA"/>
<dc element="dc.source" value="Reuters"/>
</metadata>
</newsitem>
