<?xml version="1.0" encoding="iso-8859-1" ?>
<newsitem itemid="23655" id="root" date="1996-08-30" xml:lang="en">
<title>USA: Technitrol adopts shareholder rights plan.</title>
<headline>Technitrol adopts shareholder rights plan.</headline>
<dateline>PHILADELPHIA 1996-08-30</dateline>
<text>
<p>Technitrol Inc said on Friday its directors adopted a shareholder rights plant to protect shareholders from unfair takeover tactics.</p>
<p>The company said it knows of no pending or contemplated transaction that would require use of the rights.</p>
<p>The rights, which will enable holders to buy common stock, will be issued September 9 as a dividend to shareholders of record at the close of business on that date, when the rights attach to the shares, Technitrol said.</p>
<p>The rights go into effect if a person or group acquires 15 percent or more of the company's common stock or if a tender offer is announced for that amount, Technitrol said.</p>
</text>
<copyright>(c) Reuters Limited 1996</copyright>
<metadata>
<codes class="bip:countries:1.0">
  <code code="USA">
    <editdetail attribution="Reuters BIP Coding Group" action="confirmed" date="1996-08-30"/>
  </code>
</codes>
<codes class="bip:industries:1.0">
  <code code="I34531">
    <editdetail attribution="Reuters BIP Coding Group" action="confirmed" date="1996-08-30"/>
  </code>
</codes>
<codes class="bip:topics:1.0">
  <code code="C11">
    <editdetail attribution="Reuters BIP Coding Group" action="confirmed" date="1996-08-30"/>
  </code>
  <code code="C18">
    <editdetail attribution="Reuters BIP Coding Group" action="confirmed" date="1996-08-30"/>
  </code>
  <code code="C181">
    <editdetail attribution="Reuters BIP Coding Group" action="confirmed" date="1996-08-30"/>
  </code>
  <code code="CCAT">
    <editdetail attribution="Reuters BIP Coding Group" action="confirmed" date="1996-08-30"/>
  </code>
</codes>
<dc element="dc.date.created" value="1996-08-30"/>
<dc element="dc.publisher" value="Reuters Holdings Plc"/>
<dc element="dc.date.published" value="1996-08-30"/>
<dc element="dc.source" value="Reuters"/>
<dc element="dc.creator.location" value="PHILADELPHIA"/>
<dc element="dc.creator.location.country.name" value="USA"/>
<dc element="dc.source" value="Reuters"/>
</metadata>
</newsitem>
