<?xml version="1.0" encoding="iso-8859-1" ?>
<newsitem itemid="761050" id="root" date="1997-07-28" xml:lang="en">
<title>FRANCE: Union Miniere France raises zinc price.</title>
<headline>Union Miniere France raises zinc price.</headline>
<dateline>PARIS 1997-07-28</dateline>
<text>
<p>Union Miniere SA subsidiary Union Miniere France said on Monday it was raising its indicative zinc price to 11,980 francs per tonne -- its third price increase in less than a week.</p>
<p>The company had last raised its price, to 11,270 francs, on Friday.</p>
<p>Shares in the Belgian non-ferrous metals group firmed in Brussels as zinc prices rose to a seven year-peak on the London Metal Exchange following news that Chinese zinc smelters were holding large short positions in the metal.</p>
<p>Union Miniere was up 35 francs at 3,505 at 1246 GMT.</p>
</text>
<copyright>(c) Reuters Limited 1997</copyright>
<metadata>
<codes class="bip:countries:1.0">
  <code code="FRA">
    <editdetail attribution="Reuters BIP Coding Group" action="confirmed" date="1997-07-28"/>
  </code>
</codes>
<codes class="bip:industries:1.0">
  <code code="I22400">
    <editdetail attribution="Reuters BIP Coding Group" action="confirmed" date="1997-07-28"/>
  </code>
</codes>
<codes class="bip:topics:1.0">
  <code code="C31">
    <editdetail attribution="Reuters BIP Coding Group" action="confirmed" date="1997-07-28"/>
  </code>
  <code code="CCAT">
    <editdetail attribution="Reuters BIP Coding Group" action="confirmed" date="1997-07-28"/>
  </code>
</codes>
<dc element="dc.date.created" value="1997-07-28"/>
<dc element="dc.publisher" value="Reuters Holdings Plc"/>
<dc element="dc.date.published" value="1997-07-28"/>
<dc element="dc.source" value="Reuters"/>
<dc element="dc.creator.location" value="PARIS"/>
<dc element="dc.creator.location.country.name" value="FRANCE"/>
<dc element="dc.source" value="Reuters"/>
</metadata>
</newsitem>
