<?xml version="1.0" encoding="iso-8859-1" ?>
<newsitem itemid="806291" id="root" date="1997-08-18" xml:lang="en">
<title>PAKISTAN: Pakistan rupee ends down in kerb on dollar demand.</title>
<headline>Pakistan rupee ends down in kerb on dollar demand.</headline>
<dateline>KARACHI, Pakistan 1997-08-18</dateline>
<text>
<p>The Pakistani rupee ended 0.03 down at 41.35 to the dollar in the kerb market on Monday as demand for the dollar remained higher than its supply, dealers said.</p>
<p>&quot;The rupee slipped as dollar demand was higher than supply,&quot; one dealer said. &quot;Speculators are buying dollars as the current levels are attractive.&quot;</p>
<p>The State (central) Bank of Pakistan rate, fixed on July 11, was at 40.5200/40.7226 rupees to the dollar. The premium on foreign exchange bearer certificates ended unchanged at 2.0 percent. -- Amir Zia (9221) 5685192; Fax 5673428</p>
</text>
<copyright>(c) Reuters Limited 1997</copyright>
<metadata>
<codes class="bip:countries:1.0">
  <code code="PAKIS">
    <editdetail attribution="Reuters BIP Coding Group" action="confirmed" date="1997-08-18"/>
  </code>
</codes>
<codes class="bip:topics:1.0">
  <code code="M13">
    <editdetail attribution="Reuters BIP Coding Group" action="confirmed" date="1997-08-18"/>
  </code>
  <code code="M132">
    <editdetail attribution="Reuters BIP Coding Group" action="confirmed" date="1997-08-18"/>
  </code>
  <code code="MCAT">
    <editdetail attribution="Reuters BIP Coding Group" action="confirmed" date="1997-08-18"/>
  </code>
</codes>
<dc element="dc.date.created" value="1997-08-18"/>
<dc element="dc.publisher" value="Reuters Holdings Plc"/>
<dc element="dc.date.published" value="1997-08-18"/>
<dc element="dc.source" value="Reuters"/>
<dc element="dc.creator.location" value="KARACHI, Pakistan"/>
<dc element="dc.creator.location.country.name" value="PAKISTAN"/>
<dc element="dc.source" value="Reuters"/>
</metadata>
</newsitem>
