<?xml version="1.0" encoding="iso-8859-1" ?>
<newsitem itemid="106215" id="root" date="1996-10-09" xml:lang="en">
<title>USA: US group slams PSE&amp;G, Wash. Public, NU nuke plants. [CORRECTED 16:01 GMT]</title>
<headline>US group slams PSE&amp;G, Wash. Public, NU nuke plants. [CORRECTED 16:01 GMT]</headline>
<dateline>WASHINGTON 1996-10-09</dateline>
<text>
<p>The Salem 1 nuclear unit owned by Public Service Electric and Gas is the worst nuclear reactor in the United States, according to consumer advocates Public Citizen.</p>
<p>The Salem County, New Jersey unit was closely followed by Washington Public Power Supply System's Washington Nuclear 2 unit in Richland, Washington, and Northeast Utilities' Millstone 2 unit in Haddam Neck, Connecticut.</p>
<p>Public Citizen slammed the Nuclear Regulatory Commission for failing to clamp down on safety lapses at commercial reactors around the country.   </p>
<p>&quot;The NRC has the data. They've just shown an unwillingness to implement it,&quot; said James Riccio, the main author of the group's biennial report, &quot;Nuclear Lemons,&quot; which ranks all of the nation's commercial reactors.</p>
<p>All three Millstone units, which are currently shut down, are on the NRC's watchlist and require commission approval before they can start operating again.</p>
<p>Three other units on the NRC watchlist, Commonwealth Edison Co's Dresden 2 and 3 in Morris, Illinois, and New York Power Authority's Indian Point 3, were among the 25 worst reactors on Public Citizen's list. (Corrects ownership of Indian Point 3 nuclear plant.)</p>
</text>
<copyright>(c) Reuters Limited 1996</copyright>
<metadata>
<codes class="bip:countries:1.0">
  <code code="USA">
    <editdetail attribution="Reuters BIP Coding Group" action="confirmed" date="1996-10-09"/>
  </code>
</codes>
<codes class="bip:industries:1.0">
  <code code="I16000">
    <editdetail attribution="Reuters BIP Coding Group" action="confirmed" date="1996-10-09"/>
  </code>
  <code code="I16100">
    <editdetail attribution="Reuters BIP Coding Group" action="confirmed" date="1996-10-09"/>
  </code>
  <code code="I1610109">
    <editdetail attribution="Reuters BIP Coding Group" action="confirmed" date="1996-10-09"/>
  </code>
</codes>
<codes class="bip:topics:1.0">
  <code code="C24">
    <editdetail attribution="Reuters BIP Coding Group" action="confirmed" date="1996-10-09"/>
  </code>
  <code code="CCAT">
    <editdetail attribution="Reuters BIP Coding Group" action="confirmed" date="1996-10-09"/>
  </code>
</codes>
<dc element="dc.date.created" value="1996-10-09"/>
<dc element="dc.publisher" value="Reuters Holdings Plc"/>
<dc element="dc.date.published" value="1996-10-09"/>
<dc element="dc.source" value="Reuters"/>
<dc element="dc.creator.location" value="WASHINGTON"/>
<dc element="dc.creator.location.country.name" value="USA"/>
<dc element="dc.source" value="Reuters"/>
</metadata>
</newsitem>
