<?xml version="1.0" encoding="iso-8859-1" ?>
<newsitem itemid="104367" id="root" date="1996-10-09" xml:lang="en">
<title>POLAND: BANK HANDLOWY SELLS POLISH AIRCRAFT MAKER CPS.</title>
<headline>BANK HANDLOWY SELLS POLISH AIRCRAFT MAKER CPS.</headline>
<dateline>WARSAW 1996-10-09</dateline>
<text>
<p>Poland's Bank Handlowy sold 4.31 million zlotys of commercial papers for Polish aircraft maker, WSK PZL Swidnik SA, the bank said on Wednesday.</p>
<p>It said in a statement Swidnik's CPs, which mature on November 8, 1996 were sold with a maximum yield of 19.05 percent and an average yield of 18.94 percent.</p>
<p>-- Warsaw Newsroom +48 22 653 9700</p>
</text>
<copyright>(c) Reuters Limited 1996</copyright>
<metadata>
<codes class="bip:countries:1.0">
  <code code="POL">
    <editdetail attribution="Reuters BIP Coding Group" action="confirmed" date="1996-10-09"/>
  </code>
</codes>
<codes class="bip:industries:1.0">
  <code code="I36400">
    <editdetail attribution="Reuters BIP Coding Group" action="confirmed" date="1996-10-09"/>
  </code>
  <code code="I3640029">
    <editdetail attribution="Reuters BIP Coding Group" action="confirmed" date="1996-10-09"/>
  </code>
</codes>
<codes class="bip:topics:1.0">
  <code code="C17">
    <editdetail attribution="Reuters BIP Coding Group" action="confirmed" date="1996-10-09"/>
  </code>
  <code code="C172">
    <editdetail attribution="Reuters BIP Coding Group" action="confirmed" date="1996-10-09"/>
  </code>
  <code code="CCAT">
    <editdetail attribution="Reuters BIP Coding Group" action="confirmed" date="1996-10-09"/>
  </code>
</codes>
<dc element="dc.date.created" value="1996-10-09"/>
<dc element="dc.publisher" value="Reuters Holdings Plc"/>
<dc element="dc.date.published" value="1996-10-09"/>
<dc element="dc.source" value="Reuters"/>
<dc element="dc.creator.location" value="WARSAW"/>
<dc element="dc.creator.location.country.name" value="POLAND"/>
<dc element="dc.source" value="Reuters"/>
</metadata>
</newsitem>
