<?xml version="1.0" encoding="iso-8859-1" ?>
<newsitem itemid="231580" id="root" date="1996-12-03" xml:lang="en">
<title>BELGIUM: Nielsen to discontinue some practices in Europe.</title>
<headline>Nielsen to discontinue some practices in Europe.</headline>
<dateline>BRUSSELS</dateline>
<text>
<p>AC Nielsen, the world-wide market research firm, will stop what have been called unfair practices related to the collection of sales data in Europe, the European Commission said Tuesday.</p>
<p>The move was a victory for rival U.S. company, Information Resources Inc., which has been trying to dent Nielsen's worldwide leadership in the market for retail tracking services ever since it launched the first scanner to register purchases at supermarket checkout counters.</p>
<p>The Commission started an investigation in May into a complaint by Information Resources that Nielsen's practices were effectively stopping it from accessing sales data in Europe.</p>
<p>The EC said Tuesday it had dropped the probe after getting the assurance from Nielsen that it would no longer put an exclusivity clause in its contracts preventing retailers from providing data to its rivals.</p>
<p>Retail tracking services gather and process information on actual product sales, prices, promotions and other market data for the purpose of analysing the performance of specific products over a given period of time.</p>
<p>Such data were obtained manually until the introduction of scanners.</p>
<p>AC Nielsen is the world's leading provider of such services with 1995 revenues of $1.3 billion. Information Resources, the world's second largest market research company, gained a large share of the U.S. market after introducing its first scanner-based retail tracking service in 1986.</p>
<p>The Antitrust Division of the U.S. Department of Justice had also closed its own investigation into the case in view of the results achieved in Europe, the Commission said.</p>
</text>
<copyright>(c) Reuters Limited 1996</copyright>
<metadata>
<codes class="bip:countries:1.0">
  <code code="EEC">
    <editdetail attribution="Reuters BIP Coding Group" action="confirmed" date="1996-12-03"/>
  </code>
  <code code="USA">
    <editdetail attribution="Reuters BIP Coding Group" action="confirmed" date="1996-12-03"/>
  </code>
</codes>
<codes class="bip:industries:1.0">
  <code code="I47500">
    <editdetail attribution="Reuters BIP Coding Group" action="confirmed" date="1996-12-03"/>
  </code>
  <code code="I83940">
    <editdetail attribution="Reuters BIP Coding Group" action="confirmed" date="1996-12-03"/>
  </code>
  <code code="I83952">
    <editdetail attribution="Reuters BIP Coding Group" action="confirmed" date="1996-12-03"/>
  </code>
</codes>
<codes class="bip:topics:1.0">
  <code code="C13">
    <editdetail attribution="Reuters BIP Coding Group" action="confirmed" date="1996-12-03"/>
  </code>
  <code code="C34">
    <editdetail attribution="Reuters BIP Coding Group" action="confirmed" date="1996-12-03"/>
  </code>
  <code code="CCAT">
    <editdetail attribution="Reuters BIP Coding Group" action="confirmed" date="1996-12-03"/>
  </code>
  <code code="G15">
    <editdetail attribution="Reuters BIP Coding Group" action="confirmed" date="1996-12-03"/>
  </code>
  <code code="G157">
    <editdetail attribution="Reuters BIP Coding Group" action="confirmed" date="1996-12-03"/>
  </code>
  <code code="GCAT">
    <editdetail attribution="Reuters BIP Coding Group" action="confirmed" date="1996-12-03"/>
  </code>
</codes>
<dc element="dc.publisher" value="Reuters Holdings Plc"/>
<dc element="dc.date.published" value="1996-12-03"/>
<dc element="dc.source" value="Reuters"/>
<dc element="dc.creator.location" value="BRUSSELS"/>
<dc element="dc.creator.location.country.name" value="BELGIUM"/>
<dc element="dc.source" value="Reuters"/>
</metadata>
</newsitem>
