<?xml version="1.0" encoding="iso-8859-1" ?>
<newsitem itemid="86826" id="root" date="1996-09-30" xml:lang="en">
<title>SINGAPORE: Presscrete hits high of S$0.37 at debut.</title>
<headline>Presscrete hits high of S$0.37 at debut.</headline>
<dateline>SINGAPORE 1996-09-30</dateline>
<text>
<p>Engineering specialist Presscrete Holdings Ltd hit a high of Singapore $0.37 on Monday at its debut against its initial offer price of S$0.30.  </p>
<p>At 0122 GMT, the stock was changing hands at S$0.36 after touching a low of S$0.33 earlier. Volume was an active 3.03 million shares.</p>
<p>&quot;There seems to be some interest in this stock. The issue was small and those who did not manage to get the stock at the IPO would be getting it now,&quot; said a dealer with a local brokerage.</p>
<p>Presscrete had offered 14 million shares at S$0.30 for listing on the second board, SESDAQ. Of the total, 3.5 million shares were placed out to institutional investors.</p>
<p>The group had forecast a 1996 turnover of S$18.7 million and net profit of S$1.5 million. - Singapore Newsroom 65-8703080</p>
</text>
<copyright>(c) Reuters Limited 1996</copyright>
<metadata>
<codes class="bip:countries:1.0">
  <code code="SINGP">
    <editdetail attribution="Reuters BIP Coding Group" action="confirmed" date="1996-09-30"/>
  </code>
</codes>
<codes class="bip:industries:1.0">
  <code code="I50200">
    <editdetail attribution="Reuters BIP Coding Group" action="confirmed" date="1996-09-30"/>
  </code>
</codes>
<codes class="bip:topics:1.0">
  <code code="C15">
    <editdetail attribution="Reuters BIP Coding Group" action="confirmed" date="1996-09-30"/>
  </code>
  <code code="C152">
    <editdetail attribution="Reuters BIP Coding Group" action="confirmed" date="1996-09-30"/>
  </code>
  <code code="C17">
    <editdetail attribution="Reuters BIP Coding Group" action="confirmed" date="1996-09-30"/>
  </code>
  <code code="C171">
    <editdetail attribution="Reuters BIP Coding Group" action="confirmed" date="1996-09-30"/>
  </code>
  <code code="CCAT">
    <editdetail attribution="Reuters BIP Coding Group" action="confirmed" date="1996-09-30"/>
  </code>
</codes>
<dc element="dc.date.created" value="1996-09-30"/>
<dc element="dc.publisher" value="Reuters Holdings Plc"/>
<dc element="dc.date.published" value="1996-09-30"/>
<dc element="dc.source" value="Reuters"/>
<dc element="dc.creator.location" value="SINGAPORE"/>
<dc element="dc.creator.location.country.name" value="SINGAPORE"/>
<dc element="dc.source" value="Reuters"/>
</metadata>
</newsitem>
