<?xml version="1.0" encoding="iso-8859-1" ?>
<newsitem itemid="595955" id="root" date="1997-05-19" xml:lang="en">
<title>UK: Timah at 14.9375 in London at 0829 GMT.</title>
<headline>Timah at 14.9375 in London at 0829 GMT.</headline>
<dateline>LONDON 1997-05-19</dateline>
<text>
<p>PT Tambang Timah was traded at $14.9375 per GDR in London on Monday at around 0829 GMT.</p>
<p>It recorded a low of $14.9 and a high of $15.125.</p>
<p>Its previous close on Friday was $15.2.</p>
<p>One Global Depository Receipt represents 10 common shares.</p>
<p>-- Jakarta newsroom +6221 384-6364</p>
</text>
<copyright>(c) Reuters Limited 1997</copyright>
<metadata>
<codes class="bip:countries:1.0">
  <code code="UK">
    <editdetail attribution="Reuters BIP Coding Group" action="confirmed" date="1997-05-19"/>
  </code>
</codes>
<codes class="bip:industries:1.0">
  <code code="I22100">
    <editdetail attribution="Reuters BIP Coding Group" action="confirmed" date="1997-05-19"/>
  </code>
</codes>
<codes class="bip:topics:1.0">
  <code code="C15">
    <editdetail attribution="Reuters BIP Coding Group" action="confirmed" date="1997-05-19"/>
  </code>
  <code code="C152">
    <editdetail attribution="Reuters BIP Coding Group" action="confirmed" date="1997-05-19"/>
  </code>
  <code code="CCAT">
    <editdetail attribution="Reuters BIP Coding Group" action="confirmed" date="1997-05-19"/>
  </code>
</codes>
<dc element="dc.date.created" value="1997-05-19"/>
<dc element="dc.publisher" value="Reuters Holdings Plc"/>
<dc element="dc.date.published" value="1997-05-19"/>
<dc element="dc.source" value="Reuters"/>
<dc element="dc.creator.location" value="LONDON"/>
<dc element="dc.creator.location.country.name" value="UK"/>
<dc element="dc.source" value="Reuters"/>
</metadata>
</newsitem>
