<?xml version="1.0" encoding="iso-8859-1" ?>
<newsitem itemid="757602" id="root" date="1997-07-25" xml:lang="en">
<title>USA: CME lumber mostly up late on Canada strike news.</title>
<headline>CME lumber mostly up late on Canada strike news.</headline>
<dateline>CHICAGO 1997-07-25</dateline>
<text>
<p>CME lumber futures were mostly higher in late trade, boosted by news that British Columbia's coastal forest companies had cancelled contract talks with the lumber workers' union, dealers said.</p>
<p>The move came after wildcat strikes at International Forest Products Ltd.</p>
<p>At 1235 CDT September lumber was up $3.50 per thousand board feet at $349.00. Other months were $4.50 higher to $0.60 lower.</p>
<p>((Nigel Hunt 312-408 8720))</p>
</text>
<copyright>(c) Reuters Limited 1997</copyright>
<metadata>
<codes class="bip:countries:1.0">
  <code code="CANA">
    <editdetail attribution="Reuters BIP Coding Group" action="confirmed" date="1997-07-25"/>
  </code>
  <code code="USA">
    <editdetail attribution="Reuters BIP Coding Group" action="confirmed" date="1997-07-25"/>
  </code>
</codes>
<codes class="bip:topics:1.0">
  <code code="M14">
    <editdetail attribution="Reuters BIP Coding Group" action="confirmed" date="1997-07-25"/>
  </code>
  <code code="M141">
    <editdetail attribution="Reuters BIP Coding Group" action="confirmed" date="1997-07-25"/>
  </code>
  <code code="MCAT">
    <editdetail attribution="Reuters BIP Coding Group" action="confirmed" date="1997-07-25"/>
  </code>
</codes>
<dc element="dc.date.created" value="1997-07-25"/>
<dc element="dc.publisher" value="Reuters Holdings Plc"/>
<dc element="dc.date.published" value="1997-07-25"/>
<dc element="dc.source" value="Reuters"/>
<dc element="dc.creator.location" value="CHICAGO"/>
<dc element="dc.creator.location.country.name" value="USA"/>
<dc element="dc.source" value="Reuters"/>
</metadata>
</newsitem>
