<?xml version="1.0" encoding="iso-8859-1" ?>
<newsitem itemid="502951" id="root" date="1997-04-11" xml:lang="en">
<title>USA: US jet follows futures lower; Gulf diffs retract.</title>
<headline>US jet follows futures lower; Gulf diffs retract.</headline>
<dateline>NEW YORK 1997-04-11</dateline>
<text>
<p>U.S. spot jet fuel prices fell sharply Friday tracking NYMEX futures, which gave up almost one cent of Thursday's 1.75-cent NYMEX gain.</p>
<p>Differentials on Gulf Coast 54-grade jet fuel eased about 0.20 cent, with offers of 0.85 cent over the May print in a general downturn of the Gulf distillate complex as a host of refiners attempted to unload barrels, traders said.</p>
<p>New York Harbor material was talked about 4.0 cents over the screen, little changed from Thursday diffs. &quot;Today was a non-event,&quot; one New York jet fuel trader said, adding he spotted no completed deals during the day.</p>
<p>- (( New York Energy Desk, 212 859-1620))</p>
</text>
<copyright>(c) Reuters Limited 1997</copyright>
<metadata>
<codes class="bip:countries:1.0">
  <code code="USA">
    <editdetail attribution="Reuters BIP Coding Group" action="confirmed" date="1997-04-11"/>
  </code>
</codes>
<codes class="bip:topics:1.0">
  <code code="M14">
    <editdetail attribution="Reuters BIP Coding Group" action="confirmed" date="1997-04-11"/>
  </code>
  <code code="M143">
    <editdetail attribution="Reuters BIP Coding Group" action="confirmed" date="1997-04-11"/>
  </code>
  <code code="MCAT">
    <editdetail attribution="Reuters BIP Coding Group" action="confirmed" date="1997-04-11"/>
  </code>
</codes>
<dc element="dc.date.created" value="1997-04-11"/>
<dc element="dc.publisher" value="Reuters Holdings Plc"/>
<dc element="dc.date.published" value="1997-04-11"/>
<dc element="dc.source" value="Reuters"/>
<dc element="dc.creator.location" value="NEW YORK"/>
<dc element="dc.creator.location.country.name" value="USA"/>
<dc element="dc.source" value="Reuters"/>
</metadata>
</newsitem>
