<?xml version="1.0" encoding="iso-8859-1" ?>
<newsitem itemid="488551" id="root" date="1997-04-04" xml:lang="en">
<title>NETHERLANDS: GIESSEN POSTS LOSS IN 1996.</title>
<headline>GIESSEN POSTS LOSS IN 1996.</headline>
<text>
<p>AMSTERDAM, April 4 (Reuter) 96 to Dec 31</p>
<p>(in millions of guilders unless otherwise stated)</p>
<p>    Net per shr (guilders)	loss 6.44 vs   9.60 profit</p>
<p>    Net profit/loss		loss 10.68 vs  15.91 profit</p>
<p>    Dividend (guilders)		 none  vs   3.50</p>
<p>    Turnover			     280.00 vs 319.00</p>
<p>    Operating profit	     loss 16.43 vs  22.59 profit</p>
<p>NOTE - Shipbuilder Van der Giessen de Noord said in November</p>
<p>last year it expected a loss in 1996.</p>
<p>-- Amsterdam newsroom +31 20 504 5000, Fax +31 20 504 5040</p>
</text>
<copyright>(c) Reuters Limited 1997</copyright>
<metadata>
<codes class="bip:countries:1.0">
  <code code="NETH">
    <editdetail attribution="Reuters BIP Coding Group" action="confirmed" date="1997-04-04"/>
  </code>
</codes>
<codes class="bip:industries:1.0">
  <code code="I36101">
    <editdetail attribution="Reuters BIP Coding Group" action="confirmed" date="1997-04-04"/>
  </code>
</codes>
<codes class="bip:topics:1.0">
  <code code="C15">
    <editdetail attribution="Reuters BIP Coding Group" action="confirmed" date="1997-04-04"/>
  </code>
  <code code="C151">
    <editdetail attribution="Reuters BIP Coding Group" action="confirmed" date="1997-04-04"/>
  </code>
  <code code="C1511">
    <editdetail attribution="Reuters BIP Coding Group" action="confirmed" date="1997-04-04"/>
  </code>
  <code code="CCAT">
    <editdetail attribution="Reuters BIP Coding Group" action="confirmed" date="1997-04-04"/>
  </code>
</codes>
<dc element="dc.publisher" value="Reuters Holdings Plc"/>
<dc element="dc.date.published" value="1997-04-04"/>
<dc element="dc.source" value="Reuters"/>
<dc element="dc.creator.location.country.name" value="NETHERLANDS"/>
<dc element="dc.source" value="Reuters"/>
</metadata>
</newsitem>
