<?xml version="1.0" encoding="iso-8859-1" ?>
<newsitem itemid="253701" id="root" date="1996-12-12" xml:lang="en">
<title>AUSTRALIA: RTRS-Australia's AMP sess 1998 sharemarket listing.</title>
<headline>RTRS-Australia's AMP sess 1998 sharemarket listing.</headline>
<dateline>SYDNEY 1996-12-12</dateline>
<text>
<p>Australian Mutual Provident Society (AMP), Australia's largest insurance group and institutional investor, said on Thursday it would recommend to policyholders that it demutalise with a listing on the Australian Stock Exchange in mid-to-late 1998.</p>
<p>&quot;The board of the AMP Society announced today that it had voted unanimously to recomment demutualisation to the Society's 2.3 million members,&quot; it said in a statement.</p>
<p>&quot;If the members vote is favourable, AMP will then proceed to a stock market listing sometime in mid to late 1998.&quot;</p>
</text>
<copyright>(c) Reuters Limited 1996</copyright>
<metadata>
<codes class="bip:countries:1.0">
  <code code="AUSTR">
    <editdetail attribution="Reuters BIP Coding Group" action="confirmed" date="1996-12-12"/>
  </code>
</codes>
<codes class="bip:industries:1.0">
  <code code="I82002">
    <editdetail attribution="Reuters BIP Coding Group" action="confirmed" date="1996-12-12"/>
  </code>
</codes>
<codes class="bip:topics:1.0">
  <code code="C11">
    <editdetail attribution="Reuters BIP Coding Group" action="confirmed" date="1996-12-12"/>
  </code>
  <code code="C14">
    <editdetail attribution="Reuters BIP Coding Group" action="confirmed" date="1996-12-12"/>
  </code>
  <code code="C17">
    <editdetail attribution="Reuters BIP Coding Group" action="confirmed" date="1996-12-12"/>
  </code>
  <code code="C171">
    <editdetail attribution="Reuters BIP Coding Group" action="confirmed" date="1996-12-12"/>
  </code>
  <code code="CCAT">
    <editdetail attribution="Reuters BIP Coding Group" action="confirmed" date="1996-12-12"/>
  </code>
</codes>
<dc element="dc.date.created" value="1996-12-12"/>
<dc element="dc.publisher" value="Reuters Holdings Plc"/>
<dc element="dc.date.published" value="1996-12-12"/>
<dc element="dc.source" value="Reuters"/>
<dc element="dc.creator.location" value="SYDNEY"/>
<dc element="dc.creator.location.country.name" value="AUSTRALIA"/>
<dc element="dc.source" value="Reuters"/>
</metadata>
</newsitem>
