<?xml version="1.0" encoding="iso-8859-1" ?>
<newsitem itemid="145084" id="root" date="1996-10-25" xml:lang="en">
<title>JAPAN: Nippon Kasei -96/97 parent forecast.</title>
<headline>Nippon Kasei -96/97 parent forecast.</headline>
<dateline>TOKYO 1996-10-25</dateline>
<text>
<p>Year to March 31, 1997</p>
<p>		   (in billions of yen unless specified)</p>
<p>			   LATEST	    PREVIOUS	   ACTUAL</p>
<p> (Parent)	     FORECAST	   FORECAST	  YEAR-AGO</p>
<p> Sales		 30.00		30.00		29.30</p>
<p> Current		 nil	     100    million	  93    million</p>
<p> Net		     nil	     100    million	  82    million</p>
<p>NOTE - Nippon Kasei Chemical Co Ltd is a chemical fertiliser manufacturer affiliated with Mitsubishi Chemical Corp.</p>
</text>
<copyright>(c) Reuters Limited 1996</copyright>
<metadata>
<codes class="bip:countries:1.0">
  <code code="JAP">
    <editdetail attribution="Reuters BIP Coding Group" action="confirmed" date="1996-10-25"/>
  </code>
</codes>
<codes class="bip:industries:1.0">
  <code code="I25000">
    <editdetail attribution="Reuters BIP Coding Group" action="confirmed" date="1996-10-25"/>
  </code>
  <code code="I25130">
    <editdetail attribution="Reuters BIP Coding Group" action="confirmed" date="1996-10-25"/>
  </code>
</codes>
<codes class="bip:topics:1.0">
  <code code="C15">
    <editdetail attribution="Reuters BIP Coding Group" action="confirmed" date="1996-10-25"/>
  </code>
  <code code="C152">
    <editdetail attribution="Reuters BIP Coding Group" action="confirmed" date="1996-10-25"/>
  </code>
  <code code="CCAT">
    <editdetail attribution="Reuters BIP Coding Group" action="confirmed" date="1996-10-25"/>
  </code>
</codes>
<dc element="dc.date.created" value="1996-10-25"/>
<dc element="dc.publisher" value="Reuters Holdings Plc"/>
<dc element="dc.date.published" value="1996-10-25"/>
<dc element="dc.source" value="Reuters"/>
<dc element="dc.creator.location" value="TOKYO"/>
<dc element="dc.creator.location.country.name" value="JAPAN"/>
<dc element="dc.source" value="Reuters"/>
</metadata>
</newsitem>
