<?xml version="1.0" encoding="iso-8859-1" ?>
<newsitem itemid="118019" id="root" date="1996-10-15" xml:lang="en">
<title>UK: Laura Ashley up on bargain hunting.</title>
<headline>Laura Ashley up on bargain hunting.</headline>
<dateline>LONDON 1996-10-15</dateline>
<text>
<p>Shares in British clothing and furnishings retailer Laura Ashley Plc gained over six percent on Tuesday in what dealers described as bargain hunting.</p>
<p>Laura Ashley shares were trading at 204-1/2p by 1026 GMT, up 12-1/2p on the day. Over 300,000 stocks had changed hands.</p>
<p>&quot;The stocks came off sharply last month and we thought that was a bit overdone. We noticed some interest last night and that seems to have accelerated,&quot; one marketmaker said.</p>
<p>The shares dropped over 20 percent in late September when the retailer announced lower-than-expected profits.</p>
<p>--London Newsroom +44 171 542 4367</p>
</text>
<copyright>(c) Reuters Limited 1996</copyright>
<metadata>
<codes class="bip:countries:1.0">
  <code code="UK">
    <editdetail attribution="Reuters BIP Coding Group" action="confirmed" date="1996-10-15"/>
  </code>
</codes>
<codes class="bip:industries:1.0">
  <code code="I64500">
    <editdetail attribution="Reuters BIP Coding Group" action="confirmed" date="1996-10-15"/>
  </code>
</codes>
<codes class="bip:topics:1.0">
  <code code="C15">
    <editdetail attribution="Reuters BIP Coding Group" action="confirmed" date="1996-10-15"/>
  </code>
  <code code="C152">
    <editdetail attribution="Reuters BIP Coding Group" action="confirmed" date="1996-10-15"/>
  </code>
  <code code="CCAT">
    <editdetail attribution="Reuters BIP Coding Group" action="confirmed" date="1996-10-15"/>
  </code>
</codes>
<dc element="dc.date.created" value="1996-10-15"/>
<dc element="dc.publisher" value="Reuters Holdings Plc"/>
<dc element="dc.date.published" value="1996-10-15"/>
<dc element="dc.source" value="Reuters"/>
<dc element="dc.creator.location" value="LONDON"/>
<dc element="dc.creator.location.country.name" value="UK"/>
<dc element="dc.source" value="Reuters"/>
</metadata>
</newsitem>
