<?xml version="1.0" encoding="iso-8859-1" ?>
<newsitem itemid="368256" id="root" date="1997-02-10" xml:lang="en">
<title>JAPAN: Hokko Chemical - 95/96 group results.</title>
<headline>Hokko Chemical - 95/96 group results.</headline>
<dateline>TOKYO 1997-02-10</dateline>
<text>
<p>Year to November 30, 1996</p>
<p> (Group)	(in billions of yen unless specified)</p>
<p> Sales		 46.16		vs	   45.45</p>
<p> Operating	    1.31		vs	    1.22</p>
<p> Current	    914    million    vs	  886    million</p>
<p> Net		  337    million    vs	  420    million</p>
<p> EPS		   11.27 yen	  vs	   14.02 yen</p>
<p> Diluted EPS	     -		vs		 -</p>
<p>NOTE - Hokko Chemical Industry Co Ltd is a specialist manufacturer of agrochemicals.</p>
</text>
<copyright>(c) Reuters Limited 1997</copyright>
<metadata>
<codes class="bip:countries:1.0">
  <code code="JAP">
    <editdetail attribution="Reuters BIP Coding Group" action="confirmed" date="1997-02-10"/>
  </code>
</codes>
<codes class="bip:industries:1.0">
  <code code="I25000">
    <editdetail attribution="Reuters BIP Coding Group" action="confirmed" date="1997-02-10"/>
  </code>
</codes>
<codes class="bip:topics:1.0">
  <code code="C15">
    <editdetail attribution="Reuters BIP Coding Group" action="confirmed" date="1997-02-10"/>
  </code>
  <code code="C151">
    <editdetail attribution="Reuters BIP Coding Group" action="confirmed" date="1997-02-10"/>
  </code>
  <code code="C1511">
    <editdetail attribution="Reuters BIP Coding Group" action="confirmed" date="1997-02-10"/>
  </code>
  <code code="CCAT">
    <editdetail attribution="Reuters BIP Coding Group" action="confirmed" date="1997-02-10"/>
  </code>
</codes>
<dc element="dc.date.created" value="1997-02-10"/>
<dc element="dc.publisher" value="Reuters Holdings Plc"/>
<dc element="dc.date.published" value="1997-02-10"/>
<dc element="dc.source" value="Reuters"/>
<dc element="dc.creator.location" value="TOKYO"/>
<dc element="dc.creator.location.country.name" value="JAPAN"/>
<dc element="dc.source" value="Reuters"/>
</metadata>
</newsitem>
