<?xml version="1.0" encoding="iso-8859-1" ?>
<newsitem itemid="311511" id="root" date="1997-01-16" xml:lang="en">
<title>CZECH REPUBLIC: Direct equity trades on the Czech PSE - Jan 16.</title>
<headline>Direct equity trades on the Czech PSE - Jan 16.</headline>
<dateline>PRAGUE 1997-01-16</dateline>
<text>
<p>The following is a list of direct</p>
<p>equity trades made on the Prague Stock Exchange:</p>
<p> ISSUE		    Min. Price  Max.Price  Volume   Turnover</p>
<p>				   CZK	  CZK   (shares)(CZK 000's)</p>
<p> 1.IF ZIVNOBANKA	   497.50    536.00     48709   24960.971</p>
<p> AGB, PODILOVY FOND	723.69    738.31     11908    8705.421</p>
<p> ALPHA-EFFECT		688.82    688.82	 650     447.733</p>
<p> BIOCEL PASKOV	     917.18    917.18	 753     690.637</p>
<p> CREDITANSTALT CEIF	227.00    227.00	 950     215.650</p>
<p> CVM MOKRA		  1134.30   1134.30     23350   26485.905</p>
<p> C. RADIOKOMUNIKACE     3720.00   3780.00	5000   18750.000</p>
<p> CEDOK			 315.00    315.00	1252     394.380</p>
<p> CESKA POJISTOVNA	 3167.28   3167.28	 414    1311.254</p>
<p> CESKA SPORITELNA	  333.00    333.00	3000     999.000</p>
<p> CEZ			   998.89   1068.99    152083  159676.532</p>
<p> CEZ 2			 881.00   1000.00     24000   21408.540</p>
<p> CKD PRAHA HOLDING	 463.90    479.00     21668   10212.551</p>
<p> DEZA			 2281.35   2281.35	4000    9125.400</p>
<p> GALENA		     1037.16   1108.25     93996  103387.642</p>
<p> CHEMOPETROL GROUP	1140.00   1300.00     60890   75329.936</p>
<p> IPB			   314.50    314.50	5000    1572.500</p>
<p> IPS PRAHA		   283.41    288.00     35255   10070.478</p>
<p> KAUCUK GROUP		758.71   1290.90     74300   88251.310</p>
<p> KOMERCNI BANKA	   2320.00   2395.00     29500   69742.000</p>
<p> KOMERCNI BANKA IF	 690.00    725.00     52646   37611.187</p>
<p> MEP POSTRELMOV	   2000.00   5000.00    122552  428932.000</p>
<p> METROSTAV		  3015.00   3015.00	1240    3738.600</p>
<p> MORAV.CHEMIC. ZAV.	352.99    352.99	 608     214.618</p>
<p> MORSLEZS.TEPLARNY	 990.00   1000.00	2800    2786.000</p>
<p> MOSTECKA UH.SPOL.	 360.00    360.00	1000     360.000</p>
<p> NOVA HUT		    474.00    496.00     58222   28471.780</p>
<p> OKD			   132.00    134.00     89000   11906.000</p>
<p> PF IKS KB PLUS	    227.50    227.50	4000     910.000</p>
<p> PIVOV.RADEGAST	   5505.00   6000.00	3304   19706.655</p>
<p> PRAZSKE PIVOVARY	 2345.00   2345.00	1448    3395.560</p>
<p> RIF			   925.00    945.00	7480    6972.400</p>
<p> SEPAP			1158.78   1347.01	 950    1165.569</p>
<p> SEVEROC. DOLY	     727.00    745.00	8000    5863.000</p>
<p> SPIF VSEOBECNY	     94.94     94.94	6270     595.274</p>
<p> SPIF VYNOSOVY	     204.02    212.06    120070   24925.244</p>
<p> SPOLANA		     235.00    235.00	1809     425.115</p>
<p> SPT TELECOM		3333.00   3424.48     29067   98059.352</p>
<p> SKODA PLZEN		1002.62   1075.00     84131   89454.093</p>
<p> TABAK			7455.00   7539.65	1900   14272.637</p>
<p> TEPLARNY KARVINA	 1120.00   1155.00	4614    5226.124</p>
<p> TMP-TEL. MONTAZE	 2840.00   2840.00	 346     982.640</p>
<p> TRIOLA			201.60    201.60     51000   10281.600</p>
<p> VODNI STAVBY PRAHA     1587.90   1600.00	2500    3981.850</p>
<p> ZPS ZLIN		   1600.00   1600.00	1133    1812.800</p>
<p> ZELEZARNY  HRADEK	 238.91    238.91     20000    4778.242</p>
<p> ZELEZARNY CHOMUTOV	 90.67     90.67	8000     725.424</p>
<p> ZIVNOBANKA-PODIL.F	460.00    460.00	3500    1610.000</p>
<p>-- Prague Newsroom, 42-2-2423-0003</p>
</text>
<copyright>(c) Reuters Limited 1997</copyright>
<metadata>
<codes class="bip:countries:1.0">
  <code code="CZREP">
    <editdetail attribution="Reuters BIP Coding Group" action="confirmed" date="1997-01-16"/>
  </code>
</codes>
<codes class="bip:topics:1.0">
  <code code="M11">
    <editdetail attribution="Reuters BIP Coding Group" action="confirmed" date="1997-01-16"/>
  </code>
  <code code="MCAT">
    <editdetail attribution="Reuters BIP Coding Group" action="confirmed" date="1997-01-16"/>
  </code>
</codes>
<dc element="dc.date.created" value="1997-01-16"/>
<dc element="dc.publisher" value="Reuters Holdings Plc"/>
<dc element="dc.date.published" value="1997-01-16"/>
<dc element="dc.source" value="Reuters"/>
<dc element="dc.creator.location" value="PRAGUE"/>
<dc element="dc.creator.location.country.name" value="CZECH REPUBLIC"/>
<dc element="dc.source" value="Reuters"/>
</metadata>
</newsitem>
