<?xml version="1.0" encoding="iso-8859-1" ?>
<newsitem itemid="85089" id="root" date="1996-09-30" xml:lang="en">
<title>VIETNAM: Vietnam industrial output picks up - paper.</title>
<headline>Vietnam industrial output picks up - paper.</headline>
<dateline>HANOI 1996-09-30</dateline>
<text>
<p>Vietnam's industrial output in the first nine months of this year was 14 percent higher than during the same period of 1995, the official Saigon Giai Phong newspaper said on Monday.</p>
<p>The figures indicated a pick-up from August, when year-on-year output growth was 13.4 percent, and took the rate of expansion into the government's 1996 target range of 14.0-14.5 percent.</p>
<p>The year-on-year rate of growth in industrial production in January-September 1995 was 14.3 percent.</p>
<p>Officials at the Government Statistics Office were not available to confirm the state-run newspaper's report.</p>
<p>The semi-official Vietnam Economic Times gave different figures that showed a 13.5-percent rise in output compared with the first nine months of 1995.</p>
<p>Saigon Giai Phong said state-sector production rose by 13.3 percent this month and non state-sector output was up 13.0 percent. Industry with foreign investment saw its output rise 17.0 percent.</p>
</text>
<copyright>(c) Reuters Limited 1996</copyright>
<metadata>
<codes class="bip:countries:1.0">
  <code code="VIETN">
    <editdetail attribution="Reuters BIP Coding Group" action="confirmed" date="1996-09-30"/>
  </code>
</codes>
<codes class="bip:topics:1.0">
  <code code="E11">
    <editdetail attribution="Reuters BIP Coding Group" action="confirmed" date="1996-09-30"/>
  </code>
  <code code="E31">
    <editdetail attribution="Reuters BIP Coding Group" action="confirmed" date="1996-09-30"/>
  </code>
  <code code="E311">
    <editdetail attribution="Reuters BIP Coding Group" action="confirmed" date="1996-09-30"/>
  </code>
  <code code="ECAT">
    <editdetail attribution="Reuters BIP Coding Group" action="confirmed" date="1996-09-30"/>
  </code>
</codes>
<dc element="dc.date.created" value="1996-09-30"/>
<dc element="dc.publisher" value="Reuters Holdings Plc"/>
<dc element="dc.date.published" value="1996-09-30"/>
<dc element="dc.source" value="Reuters"/>
<dc element="dc.creator.location" value="HANOI"/>
<dc element="dc.creator.location.country.name" value="VIETNAM"/>
<dc element="dc.source" value="Reuters"/>
</metadata>
</newsitem>
