<?xml version="1.0" encoding="iso-8859-1" ?>
<newsitem itemid="230093" id="root" date="1996-12-02" xml:lang="en">
<title>ISRAEL: Palestinian Authority releases jailed Hamas leader.</title>
<headline>Palestinian Authority releases jailed Hamas leader.</headline>
<dateline>GAZA 1996-12-02</dateline>
<text>
<p>The Palestinian Authority has released a leader of the militant Hamas movement nine months after it jailed him without trial in the wake of suicide bombings in Israel, officials said on Monday.</p>
<p>Sheikh Ahmed Nimr, arrested last March, was freed from detention in self-ruled Gaza on Sunday, Hamas and PLO officials said.</p>
<p>Nimr is widely regarded as one of the spiritual fathers of Hamas. The Islamic group's spiritual leader, Sheikh Ahmed Yassin, has been imprisoned in Israel since 1989.</p>
<p>Hamas officials said about 200 activists in the movement were still being held in the Gaza Strip, some without charge, by Palestinian security authorities.</p>
<p>Palestinian security forces rounded up nearly 1,000 alleged Hamas activists after suicide bombers acting on behalf of the movement's military wing killed 59 people in Israel last February and March.</p>
<p>In a report issued on Monday, Amnesty International criticised what it called a worrying increase in human rights abuses by the Palestinian Authority over the past two years.</p>
<p>The London-based human rights organisation said these included the &quot;arbitrary political arrest and prolonged detention without charge or trial of hundreds of suspected political opponents&quot;.</p>
</text>
<copyright>(c) Reuters Limited 1996</copyright>
<metadata>
<codes class="bip:countries:1.0">
  <code code="ISRAEL">
    <editdetail attribution="Reuters BIP Coding Group" action="confirmed" date="1996-12-02"/>
  </code>
</codes>
<codes class="bip:topics:1.0">
  <code code="GCAT">
    <editdetail attribution="Reuters BIP Coding Group" action="confirmed" date="1996-12-02"/>
  </code>
  <code code="GCRIM">
    <editdetail attribution="Reuters BIP Coding Group" action="confirmed" date="1996-12-02"/>
  </code>
  <code code="GPOL">
    <editdetail attribution="Reuters BIP Coding Group" action="confirmed" date="1996-12-02"/>
  </code>
  <code code="GVIO">
    <editdetail attribution="Reuters BIP Coding Group" action="confirmed" date="1996-12-02"/>
  </code>
</codes>
<dc element="dc.date.created" value="1996-12-02"/>
<dc element="dc.publisher" value="Reuters Holdings Plc"/>
<dc element="dc.date.published" value="1996-12-02"/>
<dc element="dc.source" value="Reuters"/>
<dc element="dc.creator.location" value="GAZA"/>
<dc element="dc.creator.location.country.name" value="ISRAEL"/>
<dc element="dc.source" value="Reuters"/>
</metadata>
</newsitem>
