<?xml version="1.0" encoding="iso-8859-1" ?>
<newsitem itemid="654530" id="root" date="1997-06-11" xml:lang="en">
<title>FINLAND: Finland Bank mulls using corp notes in euro action.</title>
<headline>Finland Bank mulls using corp notes in euro action.</headline>
<dateline>HELSINKI 1997-06-11</dateline>
<text>
<p>The Bank of Finland is considering whether the range of intervention material could be broadened in its money market actions in the planned European central bank system in EMU, a central bank official said on Wednesday.</p>
<p>Speaking at an EMU seminar arranged by training institute IIR Finland, Olli-Pekka Lehmussaari, head of the bank's intervention office, said the current plans included two tiers of intervention material.</p>
<p>For tier one material, the same criteria would apply in the whole euro area.</p>
<p>Tier two material would be based on national criteria and with risk carried nationally.</p>
<p>The Bank of Finland currently accepts treasury bills, government bonds and and banks' certificates of deposit including its own CDs.</p>
<p>&quot;These things are very much what we are considering at the moment,&quot; Lehmuussaari said in response to a question whether the central bank would accept corporate notes and how it would rate them.</p>
<p>He saw benefits in independent corporate paper credit ratings since the central bank's board may otherwise find itself in a difficult position giving its own subjective assessment of individual companies.</p>
<p>Lehmussaari said no decision had been made, but expected a decision in the near future and added that corporations were anxious to know what the bank's plans are.</p>
<p>He declined to comment on whether any other securities than money market instruments might also be considered.</p>
<p>--Helsinki newsroom +358-680 50 245, news@reuters.fi</p>
</text>
<copyright>(c) Reuters Limited 1997</copyright>
<metadata>
<codes class="bip:countries:1.0">
  <code code="EEC">
    <editdetail attribution="Reuters BIP Coding Group" action="confirmed" date="1997-06-11"/>
  </code>
  <code code="FIN">
    <editdetail attribution="Reuters BIP Coding Group" action="confirmed" date="1997-06-11"/>
  </code>
</codes>
<codes class="bip:topics:1.0">
  <code code="E12">
    <editdetail attribution="Reuters BIP Coding Group" action="confirmed" date="1997-06-11"/>
  </code>
  <code code="ECAT">
    <editdetail attribution="Reuters BIP Coding Group" action="confirmed" date="1997-06-11"/>
  </code>
  <code code="G15">
    <editdetail attribution="Reuters BIP Coding Group" action="confirmed" date="1997-06-11"/>
  </code>
  <code code="G151">
    <editdetail attribution="Reuters BIP Coding Group" action="confirmed" date="1997-06-11"/>
  </code>
  <code code="G154">
    <editdetail attribution="Reuters BIP Coding Group" action="confirmed" date="1997-06-11"/>
  </code>
  <code code="GCAT">
    <editdetail attribution="Reuters BIP Coding Group" action="confirmed" date="1997-06-11"/>
  </code>
  <code code="M13">
    <editdetail attribution="Reuters BIP Coding Group" action="confirmed" date="1997-06-11"/>
  </code>
  <code code="M131">
    <editdetail attribution="Reuters BIP Coding Group" action="confirmed" date="1997-06-11"/>
  </code>
  <code code="MCAT">
    <editdetail attribution="Reuters BIP Coding Group" action="confirmed" date="1997-06-11"/>
  </code>
</codes>
<dc element="dc.date.created" value="1997-06-11"/>
<dc element="dc.publisher" value="Reuters Holdings Plc"/>
<dc element="dc.date.published" value="1997-06-11"/>
<dc element="dc.source" value="Reuters"/>
<dc element="dc.creator.location" value="HELSINKI"/>
<dc element="dc.creator.location.country.name" value="FINLAND"/>
<dc element="dc.source" value="Reuters"/>
</metadata>
</newsitem>
