<?xml version="1.0" encoding="iso-8859-1" ?>
<newsitem itemid="248037" id="root" date="1996-12-10" xml:lang="en">
<title>NETHERLANDS: NWE oil products dip as Iraqi crude emerges.</title>
<headline>NWE oil products dip as Iraqi crude emerges.</headline>
<dateline>AMSTERDAM 1996-12-10</dateline>
<text>
<p>NWE oil products dipped on Tuesday morning as Iraqi crude emerged, leading to slight futures weakness, dealers said.</p>
<p>Gas oil was down about $1 a tonne, the losses purely futures-related. Buyers were extremely cautious and still unwilling to pay Dec IPE screen flat or above.</p>
<p>High sulphur fuel oil was down about $2 a tonne, a single trading house selling at $115.25 and $115.50 fob ARA. Dealers said the trading house was interested in setting lower prices to suit an earlier cargo purchase. Later offers were at $116/$116.50.</p>
<p>-- Amsterdam Newsroom, +31 20 504 5004</p>
</text>
<copyright>(c) Reuters Limited 1996</copyright>
<metadata>
<codes class="bip:countries:1.0">
  <code code="NETH">
    <editdetail attribution="Reuters BIP Coding Group" action="confirmed" date="1996-12-10"/>
  </code>
</codes>
<codes class="bip:topics:1.0">
  <code code="M14">
    <editdetail attribution="Reuters BIP Coding Group" action="confirmed" date="1996-12-10"/>
  </code>
  <code code="M143">
    <editdetail attribution="Reuters BIP Coding Group" action="confirmed" date="1996-12-10"/>
  </code>
  <code code="MCAT">
    <editdetail attribution="Reuters BIP Coding Group" action="confirmed" date="1996-12-10"/>
  </code>
</codes>
<dc element="dc.date.created" value="1996-12-10"/>
<dc element="dc.publisher" value="Reuters Holdings Plc"/>
<dc element="dc.date.published" value="1996-12-10"/>
<dc element="dc.source" value="Reuters"/>
<dc element="dc.creator.location" value="AMSTERDAM"/>
<dc element="dc.creator.location.country.name" value="NETHERLANDS"/>
<dc element="dc.source" value="Reuters"/>
</metadata>
</newsitem>
