<?xml version="1.0" encoding="iso-8859-1" ?>
<newsitem itemid="540554" id="root" date="1997-04-25" xml:lang="en">
<title>AUSTRIA: Austrian Q1 unemployment down 1.2 pct.</title>
<headline>Austrian Q1 unemployment down 1.2 pct.</headline>
<dateline>VIENNA 1997-04-25</dateline>
<text>
<p>The number of unemployed in Austria fell by 1.2 percent in the first quarter of 1997 to 281,000, the Austrian Social Affairs Ministry's Labour Market Service said on Friday.</p>
<p>Austria's jobless rate in March stood at 4.1 percent, unchanged from February. The April unemployment rate is due on May 6.</p>
<p>Unemployment in Austria hit a post-war high of over 300,000 in January. -- Vienna newsroom, +431 53112257</p>
</text>
<copyright>(c) Reuters Limited 1997</copyright>
<metadata>
<codes class="bip:countries:1.0">
  <code code="AUST">
    <editdetail attribution="Reuters BIP Coding Group" action="confirmed" date="1997-04-25"/>
  </code>
</codes>
<codes class="bip:topics:1.0">
  <code code="E41">
    <editdetail attribution="Reuters BIP Coding Group" action="confirmed" date="1997-04-25"/>
  </code>
  <code code="ECAT">
    <editdetail attribution="Reuters BIP Coding Group" action="confirmed" date="1997-04-25"/>
  </code>
  <code code="GCAT">
    <editdetail attribution="Reuters BIP Coding Group" action="confirmed" date="1997-04-25"/>
  </code>
  <code code="GJOB">
    <editdetail attribution="Reuters BIP Coding Group" action="confirmed" date="1997-04-25"/>
  </code>
</codes>
<dc element="dc.date.created" value="1997-04-25"/>
<dc element="dc.publisher" value="Reuters Holdings Plc"/>
<dc element="dc.date.published" value="1997-04-25"/>
<dc element="dc.source" value="Reuters"/>
<dc element="dc.creator.location" value="VIENNA"/>
<dc element="dc.creator.location.country.name" value="AUSTRIA"/>
<dc element="dc.source" value="Reuters"/>
</metadata>
</newsitem>
