<?xml version="1.0" encoding="iso-8859-1" ?>
<newsitem itemid="457573" id="root" date="1997-03-20" xml:lang="en">
<title>FRANCE: PRESS DIGEST - France - Le Monde March 20.</title>
<headline>PRESS DIGEST - France - Le Monde March 20.</headline>
<dateline>PARIS 1997-03-20</dateline>
<text>
<p>These are leading stories in afternoon daily Le Monde.</p>
<p>FRONT PAGE</p>
<p>-- Italy implements emergency measures to face surge of refugees from troubled Albania.</p>
<p>BUSINESS PAGES</p>
<p>-- LVMH luxury goods group posts 1996 results down eight percent at 3.6 billion francs. Chairman Bernard Arnault says in an interview the group will not immediately buy out DFS minority shareholder Robert Miller after negotiations became &quot;difficult&quot;, but does not rule out eventual deal.</p>
<p>-- Credit Lyonnais losses to be supported by the CDR structure set up by the state to sell off Lyonnais assets are estimated at around 100 billion francs. CDR head Michel Rouger seeks to hasten asset sales.</p>
<p>-- State expects to earn some 30 to 50 billion francs in a partial France Telecom privatisation to be launched on May 6, listings to start from June 9.</p>
<p>-- Government seeks to reform conditions for awarding public works contracts, to simplify tenders and prevent abnormally low offers.</p>
<p>-- Paris Newsroom +33 1 42 21 53 81</p>
</text>
<copyright>(c) Reuters Limited 1997</copyright>
<metadata>
<codes class="bip:countries:1.0">
  <code code="FRA">
    <editdetail attribution="Reuters BIP Coding Group" action="confirmed" date="1997-03-20"/>
  </code>
</codes>
<codes class="bip:topics:1.0">
  <code code="GCAT">
    <editdetail attribution="Reuters BIP Coding Group" action="confirmed" date="1997-03-20"/>
  </code>
</codes>
<dc element="dc.date.created" value="1997-03-20"/>
<dc element="dc.publisher" value="Reuters Holdings Plc"/>
<dc element="dc.date.published" value="1997-03-20"/>
<dc element="dc.source" value="Reuters"/>
<dc element="dc.creator.location" value="PARIS"/>
<dc element="dc.creator.location.country.name" value="FRANCE"/>
<dc element="dc.source" value="Reuters"/>
</metadata>
</newsitem>
