<?xml version="1.0" encoding="iso-8859-1" ?>
<newsitem itemid="689423" id="root" date="1997-06-26" xml:lang="en">
<title>USA: FOB Gulf Grain - Basis offers mostly unchanged.</title>
<headline>FOB Gulf Grain - Basis offers mostly unchanged.</headline>
<dateline>CHICAGO 1997-06-26</dateline>
<text>
<p>U.S. FOB Gulf corn, soybean and wheat basis values were mostly unchanged Thursday in very quiet trade, U.S. exporters said.</p>
<p>&quot;Most of the wheat for export is going by rail to the CIF market,&quot; said a wheat dealer. &quot;The FOB market is really quiet.&quot;</p>
<p>On Thursday in U.S. wheat export markets, Algeria bought up to 275,000 tonnes of wheat, with about half of that quantity expected to be U.S., traders said.</p>
<p>Tunisia has tendered for 150,000 tonnes of U.S. wheat, and one dealer said Morocco was &quot;nosing around for wheat.&quot;  </p>
<p>CORN (No. 3 yellow, FOB, U.S. Gulf, basis CBOT, cts/bu) -</p>
<p>    --	 Bid	    Chng     Offer	     Chng</p>
<p>July	   unq	   nc	 +19    +  N     unc</p>
<p>FH August    unq	   nc	 +33    +  U     unc</p>
<p>LH August    unq	   nc	 +32    +  U     unc</p>
<p>FH Sept	unq	   nc	 +31    +  U     unc</p>
<p>LH Sept	unq	   nc	 +30    +  U     unc</p>
<p>--------</p>
<p>--------</p>
<p>Note: N=CBOT July, U=CBOT Sept, nc=no comparison.  </p>
<p>SOYBEANS (No. 2 yellow, FOB, U.S. Gulf, basis CBOT, cts/bu)</p>
<p>    --	 Bid	    Chng     Offer	     Chng</p>
<p>June	  unq	     nc	+85    +  Q    unc</p>
<p>July	  unq	     nc	+85    +  Q    unc</p>
<p>August	unq	     nc	+85    +  Q    unc</p>
<p>FH Oct	unq	     nc	+72    +  X    nc</p>
<p>LH Oct	unq	     nc	+47    +  X    nc</p>
<p>---</p>
<p>---</p>
<p>---</p>
<p>Note: Q=CBOT August, X=CBOT November, nc=no comparison  </p>
<p>SRW WHEAT (FOB, U.S. Gulf, basis CBOT, cts/bu) -</p>
<p>    --	 Bid	    Chng     Offer	     Chng</p>
<p>July	  unq	     nc	+13    +  N    unc</p>
<p>August	unq	     nc	+13    +  U    unc</p>
<p>September   unq	     nc	+17    +  U    dn 3</p>
<p>HRW WHEAT (FOB, U.S. Gulf, basis KCBT, cts/bu) -</p>
<p>LH June     unq	     nc	+37    +  N    unc</p>
<p>July	  unq	     nc	+37    +  N    unc</p>
<p>August	unq	     nc	+37    +  U    unc</p>
<p>September   unq	     nc	+39    +  U    unc</p>
<p>--</p>
<p>Note:  N=July futures, U=September futures.</p>
<p>((Chicago newsdesk 312-408-8720))</p>
</text>
<copyright>(c) Reuters Limited 1997</copyright>
<metadata>
<codes class="bip:countries:1.0">
  <code code="USA">
    <editdetail attribution="Reuters BIP Coding Group" action="confirmed" date="1997-06-26"/>
  </code>
</codes>
<codes class="bip:topics:1.0">
  <code code="M14">
    <editdetail attribution="Reuters BIP Coding Group" action="confirmed" date="1997-06-26"/>
  </code>
  <code code="M141">
    <editdetail attribution="Reuters BIP Coding Group" action="confirmed" date="1997-06-26"/>
  </code>
  <code code="MCAT">
    <editdetail attribution="Reuters BIP Coding Group" action="confirmed" date="1997-06-26"/>
  </code>
</codes>
<dc element="dc.date.created" value="1997-06-26"/>
<dc element="dc.publisher" value="Reuters Holdings Plc"/>
<dc element="dc.date.published" value="1997-06-26"/>
<dc element="dc.source" value="Reuters"/>
<dc element="dc.creator.location" value="CHICAGO"/>
<dc element="dc.creator.location.country.name" value="USA"/>
<dc element="dc.source" value="Reuters"/>
</metadata>
</newsitem>
