<?xml version="1.0" encoding="iso-8859-1" ?>
<newsitem itemid="379702" id="root" date="1997-02-14" xml:lang="en">
<title>SWEDEN: S-E-Banken up in hefty trade post result.</title>
<headline>S-E-Banken up in hefty trade post result.</headline>
<dateline>STOCKHOLM 1997-02-14</dateline>
<text>
<p>Trade in Swedish commercial bank S-E-Banken was heavy on Friday afternoon after the bank posted a better-than-expected 68 percent jump in operating profits in 1996 to 5.87 billion crowns.</p>
<p>By 1350 GMT over four million S-E-Banken shares worth 309 million crowns had changed hands. The share was 2.0 crowns higher at 72.50 crowns.</p>
<p>&quot;The numbers were well above consensus,&quot; said analysts Olaf Conrad from Morgan Stanley. The market had expected S-E-Banken to post an operating profit of 5.68 billion crowns.</p>
<p>&quot;It is a good result overall,&quot; Conrad said.</p>
<p>Total turnover on the Stockholm bourse was 5.01 billion crowns and only telecoms group Ericsson was more heavily traded.</p>
<p>-- Stockholm newsroom +46-8-700 1017</p>
</text>
<copyright>(c) Reuters Limited 1997</copyright>
<metadata>
<codes class="bip:countries:1.0">
  <code code="SWED">
    <editdetail attribution="Reuters BIP Coding Group" action="confirmed" date="1997-02-14"/>
  </code>
</codes>
<codes class="bip:industries:1.0">
  <code code="I81402">
    <editdetail attribution="Reuters BIP Coding Group" action="confirmed" date="1997-02-14"/>
  </code>
</codes>
<codes class="bip:topics:1.0">
  <code code="C15">
    <editdetail attribution="Reuters BIP Coding Group" action="confirmed" date="1997-02-14"/>
  </code>
  <code code="C152">
    <editdetail attribution="Reuters BIP Coding Group" action="confirmed" date="1997-02-14"/>
  </code>
  <code code="CCAT">
    <editdetail attribution="Reuters BIP Coding Group" action="confirmed" date="1997-02-14"/>
  </code>
</codes>
<dc element="dc.date.created" value="1997-02-14"/>
<dc element="dc.publisher" value="Reuters Holdings Plc"/>
<dc element="dc.date.published" value="1997-02-14"/>
<dc element="dc.source" value="Reuters"/>
<dc element="dc.creator.location" value="STOCKHOLM"/>
<dc element="dc.creator.location.country.name" value="SWEDEN"/>
<dc element="dc.source" value="Reuters"/>
</metadata>
</newsitem>
