<?xml version="1.0" encoding="iso-8859-1" ?>
<newsitem itemid="387651" id="root" date="1997-02-19" xml:lang="en">
<title>HUNGARY: Hungary inflation may go down to 10 pct by end-1998.</title>
<headline>Hungary inflation may go down to 10 pct by end-1998.</headline>
<dateline>BUDAPEST 1997-02-19</dateline>
<text>
<p>Hungary's inflation may be cut to some 10 percent year-on-year by December 1998 from some 20 percent last December, central bank Chairman Gyorgy Suranyi said on Wednesday.</p>
<p>&quot;In our heads this ambitious 1998 target is somewhere around 10 percent on a December to December basis,&quot; Suranyi told the parliament's economic committee.  </p>
<p>Suranyi said Hungary was likely to reduce year-on-year inflation to 17 percent by December 1997.</p>
<p>He added that the condition of an even more drastic cut in 1998 was a wide-ranging social and economic agreement.</p>
<p>&quot;For that (1998 inflation cut) certainly very wide cooperation is necessary and a framework of agreements between interest groups,&quot; Suranyi said.</p>
<p>-- Budapest newsroom +36 1 327 4040</p>
</text>
<copyright>(c) Reuters Limited 1997</copyright>
<metadata>
<codes class="bip:countries:1.0">
  <code code="HUNG">
    <editdetail attribution="Reuters BIP Coding Group" action="confirmed" date="1997-02-19"/>
  </code>
</codes>
<codes class="bip:topics:1.0">
  <code code="E13">
    <editdetail attribution="Reuters BIP Coding Group" action="confirmed" date="1997-02-19"/>
  </code>
  <code code="E131">
    <editdetail attribution="Reuters BIP Coding Group" action="confirmed" date="1997-02-19"/>
  </code>
  <code code="ECAT">
    <editdetail attribution="Reuters BIP Coding Group" action="confirmed" date="1997-02-19"/>
  </code>
</codes>
<dc element="dc.date.created" value="1997-02-19"/>
<dc element="dc.publisher" value="Reuters Holdings Plc"/>
<dc element="dc.date.published" value="1997-02-19"/>
<dc element="dc.source" value="Reuters"/>
<dc element="dc.creator.location" value="BUDAPEST"/>
<dc element="dc.creator.location.country.name" value="HUNGARY"/>
<dc element="dc.source" value="Reuters"/>
</metadata>
</newsitem>
