<?xml version="1.0" encoding="iso-8859-1" ?>
<newsitem itemid="435198" id="root" date="1997-03-12" xml:lang="en">
<title>USA: Hollinger Int'l sells $550 mln notes.</title>
<headline>Hollinger Int'l sells $550 mln notes.</headline>
<dateline>NEW YORK 1997-03-12</dateline>
<text>
<p>The following two-tranche debt deal from Hollinger International Publishing, a unit of Hollinger International Inc was priced on Wednesday, according to lead manager Merrill Lynch &amp; Co Inc.</p>
<p>Hollinger International is a international newspaper publishing company.</p>
<p>BORROWER HOLLINGER INTERNATIONAL PUBLISHING</p>
<p>AMT $260 MLN	 COUPON 8.625 PCT  MATURITY 3/15/2005</p>
<p>TYPE SNR NOTES     ISS PRICE 99.50   FIRST PAY DATE 9/15/1997</p>
<p>LAST MOODY'S BA3   YIELD 8.713 PCT   PAY FREQ SEMI-ANNUAL</p>
<p>LAST S&amp;P BB-PLUS   SPREAD 212.5 BP   CALLABLE NO</p>
<p>AMT $290 MLN	 COUPON 9.25  PCT  MATURITY 3/15/2007</p>
<p>TYPE SNR SUB NOTES ISS PRICE 99.358  FIRST PAY DATE 9/15/1997</p>
<p>LAST MOODY'S B1    YIELD 9.35 PCT    PAY FREQ SEMI-ANNUAL</p>
<p>LAST S&amp;P BB-MINUS  SPREAD 275 BPS    CALLABLE NON-CALL FIVE</p>
<p>((U.S. corporate bond unit, 212-859-1678))</p>
</text>
<copyright>(c) Reuters Limited 1997</copyright>
<metadata>
<codes class="bip:countries:1.0">
  <code code="USA">
    <editdetail attribution="Reuters BIP Coding Group" action="confirmed" date="1997-03-12"/>
  </code>
</codes>
<codes class="bip:industries:1.0">
  <code code="I47500">
    <editdetail attribution="Reuters BIP Coding Group" action="confirmed" date="1997-03-12"/>
  </code>
</codes>
<codes class="bip:topics:1.0">
  <code code="C17">
    <editdetail attribution="Reuters BIP Coding Group" action="confirmed" date="1997-03-12"/>
  </code>
  <code code="C172">
    <editdetail attribution="Reuters BIP Coding Group" action="confirmed" date="1997-03-12"/>
  </code>
  <code code="CCAT">
    <editdetail attribution="Reuters BIP Coding Group" action="confirmed" date="1997-03-12"/>
  </code>
</codes>
<dc element="dc.date.created" value="1997-03-12"/>
<dc element="dc.publisher" value="Reuters Holdings Plc"/>
<dc element="dc.date.published" value="1997-03-12"/>
<dc element="dc.source" value="Reuters"/>
<dc element="dc.creator.location" value="NEW YORK"/>
<dc element="dc.creator.location.country.name" value="USA"/>
<dc element="dc.source" value="Reuters"/>
</metadata>
</newsitem>
