<?xml version="1.0" encoding="iso-8859-1" ?>
<newsitem itemid="797739" id="root" date="1997-08-13" xml:lang="en">
<title>PORTUGAL: - INDICATORS - UPDATED AUG 13.</title>
<headline>- INDICATORS - UPDATED AUG 13.</headline>
<text>
<p>Indicators - monthly (includes government debt ratings and</p>
<p>government macro-economic forecasts for 1997)</p>
<p>				 June 97   May 97   June 96</p>
<p>CPI (pct change)	  -0.3	 0.7	 -0.1</p>
<p>Avg annual inflation     2.9	 3.0	  3.3</p>
<p>Year/year inflation	1.8	 2.1	  3.6</p>
<p>Index			 133.8    134.2	 131.4</p>
<p>(Index base 100 in 1991)</p>
<p>Retail Sales Index	 Mar 97     Feb 97     Mar 96</p>
<p>				 153.4	134.7	145.6</p>
<p>				 May 97     Apr 97     May 96</p>
<p>Industrial prod index    101.4	104.7	103.4</p>
<p>				  </p>
<p>GDP (percent)		Q4 96	Q3 96	 Q4 95</p>
<p>				   3.0	  2.3	   2.0</p>
<p>				   June 97   May 97   June 96</p>
<p>Registered unemployed(a)   435,048   451,761  465,347</p>
<p>Unemployment rate (b)    Q2 97     Q1 96     Q2 96</p>
<p>(pct)			   6.5	 7.3	 7.2</p>
<p>				 Jan-May 97 Jan-May96  May 97</p>
<p>C/A balance(bln escudos) -323.7     -500.6     -106.6</p>
<p>				Jan-Apr 97 Jan-Mar 97  Jan-Apr 96</p>
<p>Trade balance (bln esc)    554.0    301.1	  492.1</p>
<p>				  June 97  May 97	June 96</p>
<p>Forex reserves (bln dlrs)  19.287   20.216	 --</p>
<p>Money supply   (L-) (pct)  May 97    Apr 97     May 96</p>
<p>				    9.4	8.8	   6.7</p>
<p>---------------------------------------------------------------</p>
<p>Ratings of Republic debt	   IBCA	  S&amp;P	 MOODY'S</p>
<p>Domestic debt					  AAA	   Aa2</p>
<p>Long-term foreign debt		AA-	  AA-	   Aa3</p>
<p>Short-term foreign debt			    A-1</p>
<p>---------------------------------------------------------------</p>
<p>Government macro-economic forecasts for 1997 (percentage growth</p>
<p>except for public sector deficit)</p>
<p>GDP (pct)			  2.75-3.25</p>
<p>Inflation			  2.25-2.50</p>
<p>Public sector deficit	  2.9 (pct of GDP)</p>
<p>Public consumption	     0.75-1.25</p>
<p>Private consumption	    2.00-2.50</p>
<p>Exports			    9.00-10.00</p>
<p>Imports			    8.00-9.00</p>
<p>Employment			 0.50-1.00</p>
<p>Public investment		  10.00</p>
<p>----------------------------------------------------------------</p>
<p>Bank of Portugal 1997 macro-economic percentage growth forecasts</p>
<p>for 1997. (1996 comparisons are estimates).</p>
<p>					  1997		1996</p>
<p>Private consumption	     2.5-3.25	     2.8</p>
<p>Public consumption		1.75-2.25	    1.1</p>
<p>Investment			  5.5-7.5		6.1</p>
<p>Exports			     6.0-8.0		8.5</p>
<p>Imports			     5.0-7.0		7.5</p>
<p>GDP				   3.0-3.75	     3.3</p>
<p>NOTE - Sources: National Statistics Institute (INE)/Bank of</p>
<p>Portugal/Institute for Employment and Professional Training</p>
<p>(IEFP).</p>
<p>(a) Monthly data on number of unemployed provided by IEFP</p>
<p>which does not express the figure as a percentage of the total</p>
<p>labour force. Its figures are consistently higher than INE's</p>
<p>quarterly updates.</p>
<p>(b) Percentage of unemployed provided by INE.</p>
</text>
<copyright>(c) Reuters Limited 1997</copyright>
<metadata>
<codes class="bip:countries:1.0">
  <code code="PORL">
    <editdetail attribution="Reuters BIP Coding Group" action="confirmed" date="1997-08-13"/>
  </code>
</codes>
<codes class="bip:topics:1.0">
  <code code="E71">
    <editdetail attribution="Reuters BIP Coding Group" action="confirmed" date="1997-08-13"/>
  </code>
  <code code="ECAT">
    <editdetail attribution="Reuters BIP Coding Group" action="confirmed" date="1997-08-13"/>
  </code>
</codes>
<dc element="dc.publisher" value="Reuters Holdings Plc"/>
<dc element="dc.date.published" value="1997-08-13"/>
<dc element="dc.source" value="Reuters"/>
<dc element="dc.creator.location.country.name" value="PORTUGAL"/>
<dc element="dc.source" value="Reuters"/>
</metadata>
</newsitem>
