<?xml version="1.0" encoding="iso-8859-1" ?>
<newsitem itemid="693478" id="root" date="1997-06-27" xml:lang="en">
<title>GERMANY: Dyckerhoff sees units boosting 97 sales.</title>
<headline>Dyckerhoff sees units boosting 97 sales.</headline>
<dateline>WIESBADEN, Germany 1997-06-27</dateline>
<text>
<p>German building group Dyckerhoff AG said it expected its sales to rise 10 percent this year to 3.3 billion marks ($1.9 billion), largely due to the first-time consolidation of new units.</p>
<p>Chief executive Peter Rohde told the company's annual shareholder meeting that some four percent of this year's projected growth would be internal and six percent from units and joint ventures.</p>
<p>&quot;We expect a result that follows on from the 1996 net profit and leaves room for us to strengthen our funds for further expansion as well as for a dividend payout that is pleasing to shareholders,&quot; Rohde said.</p>
<p>Dyckerhoff posted net profit of 151 million marks and raised its dividend to 13 marks from 12.</p>
<p>Sales in the first five months rose 30 percent to 1.16 billion marks.</p>
<p>--Frankfurt Newsroom, +49 69 756525 ($ = 1.725 German Marks)</p>
</text>
<copyright>(c) Reuters Limited 1997</copyright>
<metadata>
<codes class="bip:countries:1.0">
  <code code="GFR">
    <editdetail attribution="Reuters BIP Coding Group" action="confirmed" date="1997-06-27"/>
  </code>
</codes>
<codes class="bip:industries:1.0">
  <code code="I24000">
    <editdetail attribution="Reuters BIP Coding Group" action="confirmed" date="1997-06-27"/>
  </code>
</codes>
<codes class="bip:topics:1.0">
  <code code="C15">
    <editdetail attribution="Reuters BIP Coding Group" action="confirmed" date="1997-06-27"/>
  </code>
  <code code="C152">
    <editdetail attribution="Reuters BIP Coding Group" action="confirmed" date="1997-06-27"/>
  </code>
  <code code="C31">
    <editdetail attribution="Reuters BIP Coding Group" action="confirmed" date="1997-06-27"/>
  </code>
  <code code="CCAT">
    <editdetail attribution="Reuters BIP Coding Group" action="confirmed" date="1997-06-27"/>
  </code>
</codes>
<dc element="dc.date.created" value="1997-06-27"/>
<dc element="dc.publisher" value="Reuters Holdings Plc"/>
<dc element="dc.date.published" value="1997-06-27"/>
<dc element="dc.source" value="Reuters"/>
<dc element="dc.creator.location" value="WIESBADEN, Germany"/>
<dc element="dc.creator.location.country.name" value="GERMANY"/>
<dc element="dc.source" value="Reuters"/>
</metadata>
</newsitem>
