<?xml version="1.0" encoding="iso-8859-1" ?>
<newsitem itemid="473783" id="root" date="1997-03-27" xml:lang="en">
<title>HONG KONG: China may invite Taiwan to HK handover party - paper.</title>
<headline>China may invite Taiwan to HK handover party - paper.</headline>
<dateline>HONG KONG 1997-03-27</dateline>
<text>
<p>Beijing may invite a representative from arch-rival Taiwan to a ceremony marking Hong Kong's handover from Britain to China later this year, a Beijing-backed newspaper reported on Thursday.</p>
<p>The Ta Kung Pao newspaper quoted the director of the Chinese Foreign Ministry's Hong Kong and Macau Affairs Office, Wang Guisheng, as saying China intended to invite the chairman of Taiwan's quasi-official Straits Exchange Foundation, Koo Chen-fu.</p>
<p>The Beijing-funded newspaper gave no further details.</p>
<p>Hong Kong, a British colony for more than 150 years, reverts to Chinese sovereignty at midnight on June 30.</p>
<p>The handover will be marked by a glitzy ceremony attended by more than 4,000 dignitaries and guests.</p>
<p>China and Taiwan have been rivals since the Nationalist government fled to the island after its defeat by the communists in the Chinese civil war in 1949.</p>
<p>Beijing regards Taiwan as a renegade province and direct contacts between the two governments are banned.</p>
<p>The two sides had skirted the restriction through contacts between the Straits Exchange Foundation and China's semi-official Association for Relations Across the Taiwan Strait, although talks are currently stalled.</p>
<p>Talks were broken off after Taiwan President Lee Teng-hui made a landmark private visit to the United States in mid-1995, enraging China.</p>
</text>
<copyright>(c) Reuters Limited 1997</copyright>
<metadata>
<codes class="bip:countries:1.0">
  <code code="CHINA">
    <editdetail attribution="Reuters BIP Coding Group" action="confirmed" date="1997-03-27"/>
  </code>
  <code code="HKONG">
    <editdetail attribution="Reuters BIP Coding Group" action="confirmed" date="1997-03-27"/>
  </code>
  <code code="TAIWAN">
    <editdetail attribution="Reuters BIP Coding Group" action="confirmed" date="1997-03-27"/>
  </code>
  <code code="UK">
    <editdetail attribution="Reuters BIP Coding Group" action="confirmed" date="1997-03-27"/>
  </code>
</codes>
<codes class="bip:topics:1.0">
  <code code="GCAT">
    <editdetail attribution="Reuters BIP Coding Group" action="confirmed" date="1997-03-27"/>
  </code>
  <code code="GDIP">
    <editdetail attribution="Reuters BIP Coding Group" action="confirmed" date="1997-03-27"/>
  </code>
</codes>
<dc element="dc.date.created" value="1997-03-27"/>
<dc element="dc.publisher" value="Reuters Holdings Plc"/>
<dc element="dc.date.published" value="1997-03-27"/>
<dc element="dc.source" value="Reuters"/>
<dc element="dc.creator.location" value="HONG KONG"/>
<dc element="dc.creator.location.country.name" value="HONG KONG"/>
<dc element="dc.source" value="Reuters"/>
</metadata>
</newsitem>
