<?xml version="1.0" encoding="iso-8859-1" ?>
<newsitem itemid="295957" id="root" date="1997-01-09" xml:lang="en">
<title>MEXICO: Telmex's Slim says company ready to face rivals.</title>
<headline>Telmex's Slim says company ready to face rivals.</headline>
<dateline>MEXICO CITY 1997-01-08</dateline>
<text>
<p>Mexican telephone giant Telefonos de Mexico (Telmex) is ready to face a host of new rivals that have started to compete for a share of the country's lucrative long-distance market, company chairman Carlos Slim said on Wednesday.</p>
<p>Telmex is so confident that it has already drawn up plans to attack the U.S. market at the same time that U.S. firms are competing for Mexican customers for the first time this year, Slim told a group of foreign correspondents.  </p>
<p>&quot;We carried out an unprecedented effort to get ready for the competition. They were the ones that weren't ready on time,&quot; Slim told reporters.</p>
<p>A loss in market share to rivals will pinch Telmex's 1997 long-distance revenues, which should be well below 1996 levels but only just below 1995 levels in dollar terms, Slim said.</p>
<p>Revenues in the country's overall long-distance market will probably stay at the same level in 1997 compared with 1996 as lower prices offset volume growth, he said, adding that he was reluctant to predict how the market would react.</p>
<p>Prices in Mexico's long-distance market have already fallen quickly in the past few months, and may fall further as new entrants to the market try to get established, he added.</p>
<p>((--David Luhnow, Mexico City newsroom, +525 728-9565))</p>
</text>
<copyright>(c) Reuters Limited 1997</copyright>
<metadata>
<codes class="bip:countries:1.0">
  <code code="MEX">
    <editdetail attribution="Reuters BIP Coding Group" action="confirmed" date="1997-01-09"/>
  </code>
  <code code="USA">
    <editdetail attribution="Reuters BIP Coding Group" action="confirmed" date="1997-01-09"/>
  </code>
</codes>
<codes class="bip:industries:1.0">
  <code code="I79020">
    <editdetail attribution="Reuters BIP Coding Group" action="confirmed" date="1997-01-09"/>
  </code>
</codes>
<codes class="bip:topics:1.0">
  <code code="C15">
    <editdetail attribution="Reuters BIP Coding Group" action="confirmed" date="1997-01-09"/>
  </code>
  <code code="C152">
    <editdetail attribution="Reuters BIP Coding Group" action="confirmed" date="1997-01-09"/>
  </code>
  <code code="C31">
    <editdetail attribution="Reuters BIP Coding Group" action="confirmed" date="1997-01-09"/>
  </code>
  <code code="C313">
    <editdetail attribution="Reuters BIP Coding Group" action="confirmed" date="1997-01-09"/>
  </code>
  <code code="CCAT">
    <editdetail attribution="Reuters BIP Coding Group" action="confirmed" date="1997-01-09"/>
  </code>
</codes>
<dc element="dc.date.created" value="1997-01-08"/>
<dc element="dc.publisher" value="Reuters Holdings Plc"/>
<dc element="dc.date.published" value="1997-01-09"/>
<dc element="dc.source" value="Reuters"/>
<dc element="dc.creator.location" value="MEXICO CITY"/>
<dc element="dc.creator.location.country.name" value="MEXICO"/>
<dc element="dc.source" value="Reuters"/>
</metadata>
</newsitem>
