<?xml version="1.0" encoding="iso-8859-1" ?>
<newsitem itemid="348979" id="root" date="1997-01-31" xml:lang="en">
<title>GERMANY: Kohl cites women, immigrants in jobless rate.</title>
<headline>Kohl cites women, immigrants in jobless rate.</headline>
<dateline>BONN 1997-01-31</dateline>
<text>
<p>Chancellor Helmut Kohl said about two million of the three million new jobs created in western Germany in the last decade had been filled by women.</p>
<p>Speaking in parliament, Kohl said that the percentage of women working in western Germany had climbed from 46 percent in 1970 to 60 percent currently. The increase in the number of women in the workforce had had an clear impact on the job market, Kohl said.</p>
<p>&quot;The consequences cannot be overlooked,&quot; Kohl said.</p>
<p>Kohl said a contributing factor to high unemployment was the large number of foreign immigrants in Germany. He said that there were 1.1 million immigrants in Germany in 1995, more than even the 720,000 who immigranted to the United States in that year.</p>
<p>&quot;This has enormous consequences,&quot; Kohl said.</p>
<p>--Bonn newsroom, 49 228 260 97150</p>
</text>
<copyright>(c) Reuters Limited 1997</copyright>
<metadata>
<codes class="bip:countries:1.0">
  <code code="GFR">
    <editdetail attribution="Reuters BIP Coding Group" action="confirmed" date="1997-01-31"/>
  </code>
</codes>
<codes class="bip:topics:1.0">
  <code code="E41">
    <editdetail attribution="Reuters BIP Coding Group" action="confirmed" date="1997-01-31"/>
  </code>
  <code code="ECAT">
    <editdetail attribution="Reuters BIP Coding Group" action="confirmed" date="1997-01-31"/>
  </code>
  <code code="GCAT">
    <editdetail attribution="Reuters BIP Coding Group" action="confirmed" date="1997-01-31"/>
  </code>
  <code code="GJOB">
    <editdetail attribution="Reuters BIP Coding Group" action="confirmed" date="1997-01-31"/>
  </code>
  <code code="GPOL">
    <editdetail attribution="Reuters BIP Coding Group" action="confirmed" date="1997-01-31"/>
  </code>
</codes>
<dc element="dc.date.created" value="1997-01-31"/>
<dc element="dc.publisher" value="Reuters Holdings Plc"/>
<dc element="dc.date.published" value="1997-01-31"/>
<dc element="dc.source" value="Reuters"/>
<dc element="dc.creator.location" value="BONN"/>
<dc element="dc.creator.location.country.name" value="GERMANY"/>
<dc element="dc.source" value="Reuters"/>
</metadata>
</newsitem>
