<?xml version="1.0" encoding="iso-8859-1" ?>
<newsitem itemid="442191" id="root" date="1997-03-14" xml:lang="en">
<title>MOZAMBIQUE: PRESS DIGEST - Mozambique - March 14.</title>
<headline>PRESS DIGEST - Mozambique - March 14.</headline>
<dateline>MAPUTO 1997-03-14</dateline>
<text>
<p>These are the leading stories in the Mozambican press on Friday.</p>
<p>Reuters has not verified these stories and does not vouch for their accuracy.</p>
<p>- - - -</p>
<p>NOTICIAS</p>
<p>- Dozens of trucks carrying South African produce to Mozambique are being held at the Komatipoort border crossing because of a clampdown by Mozambican customs department on importers who dodge import duties.</p>
<p>- The Mozambican government has received slightly more than a million dollars in aid after an appeal last month for $30 million to help about 400,000 flood victims, Natural Disasters Department chief Silvano Langa said.</p>
</text>
<copyright>(c) Reuters Limited 1997</copyright>
<metadata>
<codes class="bip:countries:1.0">
  <code code="MOZAM">
    <editdetail attribution="Reuters BIP Coding Group" action="confirmed" date="1997-03-14"/>
  </code>
</codes>
<codes class="bip:topics:1.0">
  <code code="GCAT">
    <editdetail attribution="Reuters BIP Coding Group" action="confirmed" date="1997-03-14"/>
  </code>
</codes>
<dc element="dc.date.created" value="1997-03-14"/>
<dc element="dc.publisher" value="Reuters Holdings Plc"/>
<dc element="dc.date.published" value="1997-03-14"/>
<dc element="dc.source" value="Reuters"/>
<dc element="dc.creator.location" value="MAPUTO"/>
<dc element="dc.creator.location.country.name" value="MOZAMBIQUE"/>
<dc element="dc.source" value="Reuters"/>
</metadata>
</newsitem>
