<?xml version="1.0" encoding="iso-8859-1" ?>
<newsitem itemid="704637" id="root" date="1997-07-03" xml:lang="en">
<title>HUNGARY: Hungary 7yr govt bond avr price drops to 101.63pct.</title>
<headline>Hungary 7yr govt bond avr price drops to 101.63pct.</headline>
<dateline>BUDAPEST 1997-07-03</dateline>
<text>
<p>The average price of Hungary's seven-year government bonds was set by auction at 101.63 percent of the face value, down from 101.67 percent set at an auction on June 5, the Government Debt Management Agency said on Thursday.</p>
<p>BONDS OF THE 2004/F SERIES</p>
<p>    First day of interest     7 July, 1997</p>
<p>    Date of maturity	   24 March, 2004</p>
<p>    Bonds on offer	     5,000 million forints</p>
<p>    Total bids received     20,441.00 million forints</p>
<p>    Total allocated	    6,250 million forints</p>
<p>    Total issued		 7,500 million forints</p>
<p>    Average price		  101.63 pct</p>
<p>NOTE -  The bond bears a floating interest, calculated every half year, adding three percent to year-on-year consumer inflation. The interest is paid once a year, on March 24. The starting interest is 20.7 percent.</p>
<p>-- Budapest newsroom (36 1) 327 4040</p>
</text>
<copyright>(c) Reuters Limited 1997</copyright>
<metadata>
<codes class="bip:countries:1.0">
  <code code="HUNG">
    <editdetail attribution="Reuters BIP Coding Group" action="confirmed" date="1997-07-03"/>
  </code>
</codes>
<codes class="bip:topics:1.0">
  <code code="E21">
    <editdetail attribution="Reuters BIP Coding Group" action="confirmed" date="1997-07-03"/>
  </code>
  <code code="E212">
    <editdetail attribution="Reuters BIP Coding Group" action="confirmed" date="1997-07-03"/>
  </code>
  <code code="ECAT">
    <editdetail attribution="Reuters BIP Coding Group" action="confirmed" date="1997-07-03"/>
  </code>
  <code code="M12">
    <editdetail attribution="Reuters BIP Coding Group" action="confirmed" date="1997-07-03"/>
  </code>
  <code code="MCAT">
    <editdetail attribution="Reuters BIP Coding Group" action="confirmed" date="1997-07-03"/>
  </code>
</codes>
<dc element="dc.date.created" value="1997-07-03"/>
<dc element="dc.publisher" value="Reuters Holdings Plc"/>
<dc element="dc.date.published" value="1997-07-03"/>
<dc element="dc.source" value="Reuters"/>
<dc element="dc.creator.location" value="BUDAPEST"/>
<dc element="dc.creator.location.country.name" value="HUNGARY"/>
<dc element="dc.source" value="Reuters"/>
</metadata>
</newsitem>
