<?xml version="1.0" encoding="iso-8859-1" ?>
<newsitem itemid="193841" id="root" date="1996-11-15" xml:lang="en">
<title>ITALY: Specialists bid for 73 bln lire of Italy BTPs.</title>
<headline>Specialists bid for 73 bln lire of Italy BTPs.</headline>
<dateline>ROME 1996-11-15</dateline>
<text>
<p>Specialist bond traders bid for and were alloted 73 billion lire of 10-year fixed-rate bonds (BTP) against the Italian Treasury's offer of 150 billion lire of paper.</p>
<p>Earlier, the Treasury received bids for 3.387 trillion lire at the open auction for the November 1, 2006 bonds, against 1.5 trillion lire worth of paper on offer.</p>
<p>The auction price was set at 104.60 from 100.80 at the previous 10-year BTP sale on October 30, with a gross yield of 7.22 percent against 7.77 percent.</p>
</text>
<copyright>(c) Reuters Limited 1996</copyright>
<metadata>
<codes class="bip:countries:1.0">
  <code code="ITALY">
    <editdetail attribution="Reuters BIP Coding Group" action="confirmed" date="1996-11-15"/>
  </code>
</codes>
<codes class="bip:topics:1.0">
  <code code="M12">
    <editdetail attribution="Reuters BIP Coding Group" action="confirmed" date="1996-11-15"/>
  </code>
  <code code="M13">
    <editdetail attribution="Reuters BIP Coding Group" action="confirmed" date="1996-11-15"/>
  </code>
  <code code="M131">
    <editdetail attribution="Reuters BIP Coding Group" action="confirmed" date="1996-11-15"/>
  </code>
  <code code="MCAT">
    <editdetail attribution="Reuters BIP Coding Group" action="confirmed" date="1996-11-15"/>
  </code>
</codes>
<dc element="dc.date.created" value="1996-11-15"/>
<dc element="dc.publisher" value="Reuters Holdings Plc"/>
<dc element="dc.date.published" value="1996-11-15"/>
<dc element="dc.source" value="Reuters"/>
<dc element="dc.creator.location" value="ROME"/>
<dc element="dc.creator.location.country.name" value="ITALY"/>
<dc element="dc.source" value="Reuters"/>
</metadata>
</newsitem>
