<?xml version="1.0" encoding="iso-8859-1" ?>
<newsitem itemid="601600" id="root" date="1997-05-21" xml:lang="en">
<title>RUSSIA: Russian 364-day T-bill yields average 26.98 pct.</title>
<headline>Russian 364-day T-bill yields average 26.98 pct.</headline>
<dateline>MOSCOW 1997-05-21</dateline>
<text>
<p>The annualised average yield on an issue of 364-day GKO discount Treasury bills was 26.98 percent at an auction on Wednesday, the Central Bank said.</p>
<p>Dealers had forecast the yield would be in the 26.28-27.43 percent range.</p>
<p>Series 23006 bills, maturing on May 6, 1997, the closest maturity date to the new issue, on Tuesday closed at 79.52, to yield 26.78 percent.</p>
<p>Full details of the auction follow:  </p>
<p>    Series number			  23007</p>
<p>    Issue volume			   7.00 trln rbls</p>
<p>    Denominations			  1.00 million</p>
<p>    Bids (nominal)			 8.31 trln</p>
<p>    Bids (cash)			    6.49 trln</p>
<p>    Sold				     5.41 trln</p>
<p>    Proceeds				 4.26 trln</p>
<p>    Average price			  78.80 pct</p>
<p>    Lowest accepted price		78.72 pct</p>
<p>    Average yield			  26.98 pct</p>
<p>    Highest accepted yield	     27.11</p>
<p>    Tenor				    364 days</p>
<p>    Maturity date			  May 20, 1998</p>
<p>On May 21 the Finance Ministry will offer four trillion roubles in an issue of 168-day T-bills (series 22084) and repay seven trillion roubles in a maturing issue of 238-day T-bills (series 22051).</p>
<p>--Julie Tolkacheva, Moscow Newsroom, +7095 941 8520</p>
</text>
<copyright>(c) Reuters Limited 1997</copyright>
<metadata>
<codes class="bip:countries:1.0">
  <code code="RUSS">
    <editdetail attribution="Reuters BIP Coding Group" action="confirmed" date="1997-05-21"/>
  </code>
</codes>
<codes class="bip:topics:1.0">
  <code code="M13">
    <editdetail attribution="Reuters BIP Coding Group" action="confirmed" date="1997-05-21"/>
  </code>
  <code code="M131">
    <editdetail attribution="Reuters BIP Coding Group" action="confirmed" date="1997-05-21"/>
  </code>
  <code code="MCAT">
    <editdetail attribution="Reuters BIP Coding Group" action="confirmed" date="1997-05-21"/>
  </code>
</codes>
<dc element="dc.date.created" value="1997-05-21"/>
<dc element="dc.publisher" value="Reuters Holdings Plc"/>
<dc element="dc.date.published" value="1997-05-21"/>
<dc element="dc.source" value="Reuters"/>
<dc element="dc.creator.location" value="MOSCOW"/>
<dc element="dc.creator.location.country.name" value="RUSSIA"/>
<dc element="dc.source" value="Reuters"/>
</metadata>
</newsitem>
