<?xml version="1.0" encoding="iso-8859-1" ?>
<newsitem itemid="103350" id="root" date="1996-10-08" xml:lang="en">
<title>UK: Bank of England to sell 500 mln Ecu notes due 1999.</title>
<headline>Bank of England to sell 500 mln Ecu notes due 1999.</headline>
<dateline>LONDON 1996-10-08</dateline>
<text>
<p>The Bank of England said on Tuesday it will sell by tender 500 million Ecu of T-notes due January 26, 1999.</p>
<p>The notes, dated January 23, 1996, will add to the 500 million Ecu of the same security sold by tender on January 16, 1996, the Bank said in a statement.  </p>
<p>The Bank said the British government Ecu Treasury notes would be sold for tender on a bid-yield basis on October 15, 1996.</p>
<p>The notes will have an annual coupon of five percent, payable on January 26, from January 26, 1997. &quot;Payment for notes allotted in the tender will be due on October 18, 1996. The amount payable will include 265 days accrued interest,&quot; it said.</p>
<p>The Bank also said it will add 50 million Ecu to its holdings of notes available for sale and repurchase operations with market makers, bringing the total available for this purpose to 200 million Ecu.</p>
<p>--International Bonds Unit +44 171 542 6784</p>
</text>
<copyright>(c) Reuters Limited 1996</copyright>
<metadata>
<codes class="bip:countries:1.0">
  <code code="UK">
    <editdetail attribution="Reuters BIP Coding Group" action="confirmed" date="1996-10-08"/>
  </code>
</codes>
<codes class="bip:topics:1.0">
  <code code="M12">
    <editdetail attribution="Reuters BIP Coding Group" action="confirmed" date="1996-10-08"/>
  </code>
  <code code="MCAT">
    <editdetail attribution="Reuters BIP Coding Group" action="confirmed" date="1996-10-08"/>
  </code>
</codes>
<dc element="dc.date.created" value="1996-10-08"/>
<dc element="dc.publisher" value="Reuters Holdings Plc"/>
<dc element="dc.date.published" value="1996-10-08"/>
<dc element="dc.source" value="Reuters"/>
<dc element="dc.creator.location" value="LONDON"/>
<dc element="dc.creator.location.country.name" value="UK"/>
<dc element="dc.source" value="Reuters"/>
</metadata>
</newsitem>
