<?xml version="1.0" encoding="iso-8859-1" ?>
<newsitem itemid="228857" id="root" date="1996-12-02" xml:lang="en">
<title>GERMANY: Buba's Issing says forex shifts possible pre-Euro.</title>
<headline>Buba's Issing says forex shifts possible pre-Euro.</headline>
<dateline>FRANKFURT 1996-12-02</dateline>
<text>
<p>Bundesbank chief economist Otmar Issing said on Monday that one of the possible effects of the approach of the single currency union was a shift out of the deutschemark into dollar-denominated investments.</p>
<p>Issing told a bankers' forum that uncertainty about the Euro's stability might prompt some shifting of assets, but said other scenarios were also possible.</p>
<p>&quot;On the one hand, shifts out of mark deposits into dollar investments are possible - many believe this will apply particularly to the introduction phase, when the reputation of the Euro is still being built up,&quot; Issing said.</p>
<p>However, Issing added that the launch of the Euro might reduce the worldwide demand for foreign currency holdings, which would in particular affect the dollar, often held to offset risks from individual European countries.</p>
<p>&quot;The net effect of these various occurences cannot be determined in advance. To that extent it must remain open whether the other reserve currencies will benefit from the introduction of the Euro or not,&quot; he said.</p>
<p>--Frankfurt Newsroom, +49 69 756525</p>
</text>
<copyright>(c) Reuters Limited 1996</copyright>
<metadata>
<codes class="bip:countries:1.0">
  <code code="EEC">
    <editdetail attribution="Reuters BIP Coding Group" action="confirmed" date="1996-12-02"/>
  </code>
  <code code="GFR">
    <editdetail attribution="Reuters BIP Coding Group" action="confirmed" date="1996-12-02"/>
  </code>
</codes>
<codes class="bip:topics:1.0">
  <code code="E12">
    <editdetail attribution="Reuters BIP Coding Group" action="confirmed" date="1996-12-02"/>
  </code>
  <code code="ECAT">
    <editdetail attribution="Reuters BIP Coding Group" action="confirmed" date="1996-12-02"/>
  </code>
  <code code="G15">
    <editdetail attribution="Reuters BIP Coding Group" action="confirmed" date="1996-12-02"/>
  </code>
  <code code="G154">
    <editdetail attribution="Reuters BIP Coding Group" action="confirmed" date="1996-12-02"/>
  </code>
  <code code="GCAT">
    <editdetail attribution="Reuters BIP Coding Group" action="confirmed" date="1996-12-02"/>
  </code>
  <code code="M13">
    <editdetail attribution="Reuters BIP Coding Group" action="confirmed" date="1996-12-02"/>
  </code>
  <code code="M132">
    <editdetail attribution="Reuters BIP Coding Group" action="confirmed" date="1996-12-02"/>
  </code>
  <code code="MCAT">
    <editdetail attribution="Reuters BIP Coding Group" action="confirmed" date="1996-12-02"/>
  </code>
</codes>
<dc element="dc.date.created" value="1996-12-02"/>
<dc element="dc.publisher" value="Reuters Holdings Plc"/>
<dc element="dc.date.published" value="1996-12-02"/>
<dc element="dc.source" value="Reuters"/>
<dc element="dc.creator.location" value="FRANKFURT"/>
<dc element="dc.creator.location.country.name" value="GERMANY"/>
<dc element="dc.source" value="Reuters"/>
</metadata>
</newsitem>
