<?xml version="1.0" encoding="iso-8859-1" ?>
<newsitem itemid="167642" id="root" date="1996-11-05" xml:lang="en">
<title>NETHERLANDS: KLM details cargo revenues.</title>
<headline>KLM details cargo revenues.</headline>
<dateline>AMSTERDAM 1996-11-05</dateline>
<text>
<p>KLM Royal Dutch Airlines, unveiling a rise in first half net income on Tuesday, said its cargo capacity growth rate had been reduced and was now within range of traffic growth.</p>
<p>The overall cargo load factor in the second quarter fell 0.4 percentage points to 66.0 percent versus a 3.3 percentage point fall in the first quarter of the current 1996-97 fiscal year.</p>
<p>The intercontinental cargo load factor rose slightly in the second quarter versus a year-earlier, it said.</p>
<p>Cargo traffic revenues rose three percent in the July-September quarter.</p>
<p>Yield per revenue ton-kilometer (RTK) fell by three percent in guilders as a result of negative changes in product mix, in average distance flown and positive exchange rate differences of around two percent, KLM said.</p>
<p>Second quarter cargo traffic rose by six percent to 996 million RTKs, while capacity also increased by six percent to 1.51 billion available ton-kilometers (ATKs).</p>
<p>First half cargo traffic rose by four percent to 1.94 billion RTKs, while capacity increased by seven percent to 2.98 billion ATKs.</p>
<p>-- Amsterdam newsroom +31 20 504 5000, Fax +31 20 504 5040</p>
</text>
<copyright>(c) Reuters Limited 1996</copyright>
<metadata>
<codes class="bip:countries:1.0">
  <code code="NETH">
    <editdetail attribution="Reuters BIP Coding Group" action="confirmed" date="1996-11-05"/>
  </code>
</codes>
<codes class="bip:industries:1.0">
  <code code="I75000">
    <editdetail attribution="Reuters BIP Coding Group" action="confirmed" date="1996-11-05"/>
  </code>
  <code code="I77002">
    <editdetail attribution="Reuters BIP Coding Group" action="confirmed" date="1996-11-05"/>
  </code>
</codes>
<codes class="bip:topics:1.0">
  <code code="C15">
    <editdetail attribution="Reuters BIP Coding Group" action="confirmed" date="1996-11-05"/>
  </code>
  <code code="C151">
    <editdetail attribution="Reuters BIP Coding Group" action="confirmed" date="1996-11-05"/>
  </code>
  <code code="CCAT">
    <editdetail attribution="Reuters BIP Coding Group" action="confirmed" date="1996-11-05"/>
  </code>
</codes>
<dc element="dc.date.created" value="1996-11-05"/>
<dc element="dc.publisher" value="Reuters Holdings Plc"/>
<dc element="dc.date.published" value="1996-11-05"/>
<dc element="dc.source" value="Reuters"/>
<dc element="dc.creator.location" value="AMSTERDAM"/>
<dc element="dc.creator.location.country.name" value="NETHERLANDS"/>
<dc element="dc.source" value="Reuters"/>
</metadata>
</newsitem>
