<?xml version="1.0" encoding="iso-8859-1" ?>
<newsitem itemid="493578" id="root" date="1997-04-08" xml:lang="en">
<title>VENEZUELA: Caracas stocks close up in slow trade for 2nd day.</title>
<headline>Caracas stocks close up in slow trade for 2nd day.</headline>
<dateline>CARACAS 1997-04-08</dateline>
<text>
<p>Caracas stocks traded up in light trade as share prices gently bounced back after a string of falls left them undervalued relative to future earnings, traders said.</p>
<p>&quot;Prices had arrived at very low levels,&quot; said Financorp broker Miguel Ortiz. Venezuelan equities are the worst performing in the region so far this year, down some eight percent after soaring over 100 percent last year.</p>
<p>The market's 19-share index rose 0.38 percent to end at 6,201.31 points as nine million shares traded worth 1.6 billion bolivars ($3.4 million).  </p>
<p>&quot;Volume is still low, basically because foreign investors are waiting out the market,&quot; added Ortiz.</p>
<p>Analysts say foreign investors are waiting concrete signs of reform spirit before committing fresh funds, such as passage of a complex package of social security reforms -- currently in Congress -- and privatization of aluminum and steel companies.</p>
<p>Merinvest's composite index, which includes telephone company CANTV, closed up 0.64 percent at 95.71 percent. Among traded stocks, 15 rose, 15 fell and nine closed flat.</p>
<p>(-- Silene Ramirez, Caracas newsroom, 582 505 2600))</p>
</text>
<copyright>(c) Reuters Limited 1997</copyright>
<metadata>
<codes class="bip:countries:1.0">
  <code code="VEN">
    <editdetail attribution="Reuters BIP Coding Group" action="confirmed" date="1997-04-08"/>
  </code>
</codes>
<codes class="bip:topics:1.0">
  <code code="M11">
    <editdetail attribution="Reuters BIP Coding Group" action="confirmed" date="1997-04-08"/>
  </code>
  <code code="MCAT">
    <editdetail attribution="Reuters BIP Coding Group" action="confirmed" date="1997-04-08"/>
  </code>
</codes>
<dc element="dc.date.created" value="1997-04-08"/>
<dc element="dc.publisher" value="Reuters Holdings Plc"/>
<dc element="dc.date.published" value="1997-04-08"/>
<dc element="dc.source" value="Reuters"/>
<dc element="dc.creator.location" value="CARACAS"/>
<dc element="dc.creator.location.country.name" value="VENEZUELA"/>
<dc element="dc.source" value="Reuters"/>
</metadata>
</newsitem>
