<?xml version="1.0" encoding="iso-8859-1" ?>
<newsitem itemid="557529" id="root" date="1997-05-02" xml:lang="en">
<title>PHILIPPINES: Pure Foods to close down ice cream unit.</title>
<headline>Pure Foods to close down ice cream unit.</headline>
<dateline>MANILA 1997-05-02</dateline>
<text>
<p>Pure Foods Corp said on Friday it would close down its ice cream operations on or before June 2 this year.</p>
<p>Pure Foods said in a statement the closure was needed for the company to concentrate on its core businesses such as processed meats, flour, poultry, livestock and feeds.</p>
<p>Pure Foods, a subsidiary of Ayala Corp conglomerate, entered the ice cream business in 1992 after it acquired two brands from local businessmen. It gained market share initially, but competition from San Miguel Corp and Selecta Dairy Products Inc proved too daunting.</p>
<p>The company scaled down its manpower and advertising and promotional costs last year to improve its financial condition.</p>
<p>&quot;In the final analysis, however, the basic problem the division faced was still the lack of that critical mass of consumption to make the business profitable,&quot; the company said.</p>
<p>&quot;Management thought it best to close down this operating division and to invest instead in the more profitable segments of the food industry,&quot; it added.</p>
<p>The company is venturing into the fast food business.</p>
<p>-- MANILA NEWSROOM (63 2) 841-8938 Fax 817-6267</p>
</text>
<copyright>(c) Reuters Limited 1997</copyright>
<metadata>
<codes class="bip:countries:1.0">
  <code code="PHLNS">
    <editdetail attribution="Reuters BIP Coding Group" action="confirmed" date="1997-05-02"/>
  </code>
</codes>
<codes class="bip:industries:1.0">
  <code code="I41300">
    <editdetail attribution="Reuters BIP Coding Group" action="confirmed" date="1997-05-02"/>
  </code>
  <code code="I85000">
    <editdetail attribution="Reuters BIP Coding Group" action="confirmed" date="1997-05-02"/>
  </code>
</codes>
<codes class="bip:topics:1.0">
  <code code="C11">
    <editdetail attribution="Reuters BIP Coding Group" action="confirmed" date="1997-05-02"/>
  </code>
  <code code="C24">
    <editdetail attribution="Reuters BIP Coding Group" action="confirmed" date="1997-05-02"/>
  </code>
  <code code="CCAT">
    <editdetail attribution="Reuters BIP Coding Group" action="confirmed" date="1997-05-02"/>
  </code>
</codes>
<dc element="dc.date.created" value="1997-05-02"/>
<dc element="dc.publisher" value="Reuters Holdings Plc"/>
<dc element="dc.date.published" value="1997-05-02"/>
<dc element="dc.source" value="Reuters"/>
<dc element="dc.creator.location" value="MANILA"/>
<dc element="dc.creator.location.country.name" value="PHILIPPINES"/>
<dc element="dc.source" value="Reuters"/>
</metadata>
</newsitem>
