<?xml version="1.0" encoding="iso-8859-1" ?>
<newsitem itemid="608107" id="root" date="1997-05-22" xml:lang="en">
<title>FRANCE: Reuters French Advertising &amp; Media Digest - May 22.</title>
<headline>Reuters French Advertising &amp; Media Digest - May 22.</headline>
<text>
<p>------------------ FAM ------------------</p>
<p>REUTERS FRENCH ADVERTISING &amp; MEDIA DIGEST</p>
<p>-------------- May 22, 1997 -------------</p>
<p>News from Reuters and the French press on Advertising, Marketing, Media, the Internet and Brand-name Products.</p>
<p>***********************************************</p>
<p>ADVERTISING &amp; MARKETING:</p>
<p>PARIS - French nuclear power plant maker Framatome is to run an advertising campaign devised by Devarrieux-Villaret, which will promote nuclear power as benefitting the environment. (Le Figaro)</p>
<p>*********</p>
<p>PARIS - French advertising agency Euro RSCG says it won the European advertising account for Haagen-Dazs ice-cream.</p>
<p>(Reuter)</p>
<p>*********</p>
<p>PARIS - Promotion by candidates in the upcoming French elections has been short, poorly-financed and thin on interest, advertising industry specialists say. (Reuter)</p>
<p>*********</p>
<p>PARIS - Jean-Michel Carlo, vice-president of Havas Advertising, plans to cut the number of its subsidiaries. They could be reduced from 26 to around 10 in a quest for efficiency. (Le Figaro)</p>
<p>***********************************************</p>
<p>MEDIA &amp; THE INTERNET:</p>
<p>PARIS - French socialist leader Lionel Jospin plans to propose a new broadcasting bill if his party wins the French parliamentary elections. (Le Figaro)</p>
<p>**********</p>
<p>PARIS - Pathe is to buy thematic television channel Voyage, wholly-owned by U.S. Landmark Communication Inc. (Le Figaro)</p>
<p>**********</p>
<p>PARIS - Canal Plus is negotiating a compromise with Italy's telecommunications operator Stet and television company Rai and over shareholdings in pay television firm Telepiu, to avoid the threat that they would launch a competitor to Telepiu. (Les Echos)</p>
<p>**********</p>
<p>PARIS - Lyonnaise Cable is to launch a digital decoder throughout France on June 2 which would allow its subscribers to receive competing digital services Canalsatellite and TPS on the same decoder. (Les Echos)</p>
<p>*********</p>
<p>PARIS - Le Parisien, Le Monde and Le Figaro are fighting to be the top selling national daily. Le Monde and Le Figaro are also considering broadcasting ventures. (La Tribune)</p>
<p>***********************************************</p>
<p>BRAND NAME PRODUCTS &amp; MARKETS:</p>
<p>PARIS - Rexel, part of French distribution group Pinault-Printemps-Redoute, says it has bought 100 percent of Italy's Elfin from U.S. Chemco Electric Supply and 100 percent of Portugal'a Tecnitel. (Reuter)</p>
<p>*********</p>
<p>PARIS - French carmaker Renault says it is selling its 0.9 percent holding in oil company Elf Aquitaine. (Reuter)</p>
<p>*********</p>
<p>PARIS - A French court orders SNCF French railways to pay two anti-smoking groups 5,000 francs ($870) each in damages for its failure to crack down on smokers in a Paris train station.</p>
<p>(Reuter)</p>
<p>***********************************************</p>
<p>Paris Editorial, Sue Landau</p>
<p>Tel 33 1 42 21 53 33</p>
<p>Fax 33 1 42 36 10 72</p>
<p>***********************************************</p>
<p>For further information and news, see Reuters Advertising &amp;</p>
<p>Media Briefing. And visit us on the Internet at</p>
<p>http://www.Bizinfo.reuters.com</p>
<p>***********************************************</p>
</text>
<copyright>(c) Reuters Limited 1997</copyright>
<metadata>
<codes class="bip:countries:1.0">
  <code code="FRA">
    <editdetail attribution="Reuters BIP Coding Group" action="confirmed" date="1997-05-22"/>
  </code>
</codes>
<codes class="bip:industries:1.0">
  <code code="I83800">
    <editdetail attribution="Reuters BIP Coding Group" action="confirmed" date="1997-05-22"/>
  </code>
</codes>
<codes class="bip:topics:1.0">
  <code code="C32">
    <editdetail attribution="Reuters BIP Coding Group" action="confirmed" date="1997-05-22"/>
  </code>
  <code code="CCAT">
    <editdetail attribution="Reuters BIP Coding Group" action="confirmed" date="1997-05-22"/>
  </code>
</codes>
<dc element="dc.publisher" value="Reuters Holdings Plc"/>
<dc element="dc.date.published" value="1997-05-22"/>
<dc element="dc.source" value="Reuters"/>
<dc element="dc.creator.location.country.name" value="FRANCE"/>
<dc element="dc.source" value="Reuters"/>
</metadata>
</newsitem>
