<?xml version="1.0" encoding="iso-8859-1" ?>
<newsitem itemid="581293" id="root" date="1997-05-13" xml:lang="en">
<title>FINLAND: PRESS DIGEST - Finland - May 13.</title>
<headline>PRESS DIGEST - Finland - May 13.</headline>
<dateline>HELSINKI 1997-05-13</dateline>
<text>
<p>The following are some of the leading stories in Finnish papers this morning.</p>
<p>HELSINGIN SANOMAT</p>
<p>- Finnish Condeferation of Salaried Employees (STTK) suggests shorter working hours and a two-year deal with salary increases as basis for next round of pay talks.</p>
<p>- Finnish forest industry wants paper industry's pollution emissions to be published also in rival countries.</p>
<p>- Finnish regional telephone operators in Finnet alliance have set a timetable to form nationwide concern by year-end. @</p>
<p>- Military professionals have a more macho lifestyle than others; alcohol more frequently cause of death than elsewhere.</p>
<p>KAUPPALEHTI</p>
<p>- Finland will make its own EMU decision regardless of Sweden; staying outside EMU would rise interest rates in Finland, Prime Minister Paavo Lipponen says.</p>
<p>- Investment analysts are forecasting company results more accurately, a study shows.</p>
<p>- Diversity of analysts' forecasts on Metsa-Serla's results was suprisingly wide -- shows wrong information was out there, Aare Metsavirta, deputy CEO of Metsa-Serla says. @</p>
<p>- Profitability of construction industry companies is improving, but quality of construction work remains a big problem, a construction sector report says.</p>
<p>- Turnover of so-called new-media companies (information technology, advertising, computer programming and publishing) will double this year, even though one third of the companies are unprofitable, study shows.</p>
<p>- Municipalities must restructure to survive in the future, says Jukka-Pekka Alanen, director of Municipality Federation. @</p>
<p>AAMULEHTI</p>
<p>- Finns spend eight billion markka yearly on money gambling games.</p>
<p>- Undeclared pay totalling 10 million markka was found in suprise raids on construction sites by Construction Trade Union.</p>
<p>TURUN SANOMAT</p>
<p>- UPM-Kymmene's holding in shipyard Finnyards is only a mid-term state of affairs -- the company will concentrate on forestry, says Martin Granholm, deputy CEO of UPM-Kymmene.</p>
<p>- Forestries' chances to rise pulp prices remain poor. @</p>
<p>- Finnish forest industry invested almost 800 million markka in environment protection in 1996.</p>
<p>- Finnish cargo shipping company Finnlines' subsidiary Finncarriers is moving its rail-ship transport functions from Hanko to Turku.</p>
<p>HUFVUDSTADSBLADET</p>
<p>- Finnair will aim to boost market share in Sweden in next couple of years -- after that the focus is on the Baltic countries and then maybe St Petersburg in the year 2005, Eero Ahola, director of foreign relations at Finnair says.</p>
<p>-- Nora Hallberg, Helsinki Newsroom +358-9-680 50 292</p>
</text>
<copyright>(c) Reuters Limited 1997</copyright>
<metadata>
<codes class="bip:countries:1.0">
  <code code="FIN">
    <editdetail attribution="Reuters BIP Coding Group" action="confirmed" date="1997-05-13"/>
  </code>
</codes>
<codes class="bip:topics:1.0">
  <code code="GCAT">
    <editdetail attribution="Reuters BIP Coding Group" action="confirmed" date="1997-05-13"/>
  </code>
</codes>
<dc element="dc.date.created" value="1997-05-13"/>
<dc element="dc.publisher" value="Reuters Holdings Plc"/>
<dc element="dc.date.published" value="1997-05-13"/>
<dc element="dc.source" value="Reuters"/>
<dc element="dc.creator.location" value="HELSINKI"/>
<dc element="dc.creator.location.country.name" value="FINLAND"/>
<dc element="dc.source" value="Reuters"/>
</metadata>
</newsitem>
