<?xml version="1.0" encoding="iso-8859-1" ?>
<newsitem itemid="606282" id="root" date="1997-05-22" xml:lang="en">
<title>FINLAND: ORION, INSTRU MULL MERGER - PAPER.</title>
<headline>ORION, INSTRU MULL MERGER - PAPER.</headline>
<dateline>HELSINKI 1997-05-22</dateline>
<text>
<p>A merger between pharmaceuticals group Orion-yhtyma Oy and health care equipment maker Instrumentarium Oy will be investigated soon, daily Helsingin Sanomat reported on Thursday.</p>
<p>Quoting Juhani Aho, the new chairman of Orion's supervisory board, the paper said the strong cross-ownership between the two companies would be reviewed.</p>
<p>&quot;According to Aho all options are still possible at this stage: the situation can be left unchanged, the cross-ownership can be dismantled so that the firms sell each others' shares or cross-ownership can be deepened possible to a merger,&quot; it said.  </p>
<p>Orion owns 27 percent of votes in Instrumentarium, which in turn is Orion's biggest single owner with nearly 10 percent of votes, Helsingin Sanomat said.</p>
<p>On Wednesday, Orion appointed Markku Talonen, CEO of Instrumentarium, as its new group president and CEO from June 15.</p>
<p>--Helsinki newsroom +358-9-680 50 245, news@reuters.fi</p>
</text>
<copyright>(c) Reuters Limited 1997</copyright>
<metadata>
<codes class="bip:countries:1.0">
  <code code="FIN">
    <editdetail attribution="Reuters BIP Coding Group" action="confirmed" date="1997-05-22"/>
  </code>
</codes>
<codes class="bip:industries:1.0">
  <code code="I25700">
    <editdetail attribution="Reuters BIP Coding Group" action="confirmed" date="1997-05-22"/>
  </code>
  <code code="I37200">
    <editdetail attribution="Reuters BIP Coding Group" action="confirmed" date="1997-05-22"/>
  </code>
</codes>
<codes class="bip:topics:1.0">
  <code code="C18">
    <editdetail attribution="Reuters BIP Coding Group" action="confirmed" date="1997-05-22"/>
  </code>
  <code code="C181">
    <editdetail attribution="Reuters BIP Coding Group" action="confirmed" date="1997-05-22"/>
  </code>
  <code code="CCAT">
    <editdetail attribution="Reuters BIP Coding Group" action="confirmed" date="1997-05-22"/>
  </code>
</codes>
<dc element="dc.date.created" value="1997-05-22"/>
<dc element="dc.publisher" value="Reuters Holdings Plc"/>
<dc element="dc.date.published" value="1997-05-22"/>
<dc element="dc.source" value="Reuters"/>
<dc element="dc.creator.location" value="HELSINKI"/>
<dc element="dc.creator.location.country.name" value="FINLAND"/>
<dc element="dc.source" value="Reuters"/>
</metadata>
</newsitem>
