<?xml version="1.0" encoding="iso-8859-1" ?>
<newsitem itemid="605803" id="root" date="1997-05-22" xml:lang="en">
<title>USA: Paymentech names COO, administrative officer.</title>
<headline>Paymentech names COO, administrative officer.</headline>
<dateline>DALLAS 1997-05-22</dateline>
<text>
<p>First USA Paymentech Inc said Thursday it named Michael P. Duffy as chief operating officer and Philip E. Taken chief administrative officer.</p>
<p>Both positions are new, the company said.</p>
<p>Duffy had been group executive for Paymentech's direct response operations, the company said.</p>
<p>Taken had been general counsel for both Paymentech and for its majority shareholder, First USA Inc, the company said.</p>
<p>First USA's general counsel duties will be handled by Banc One Corp upon completion of the previously announced merger of the two banking companies, a First USA spokesman said. The merger will close June 30.</p>
<p>First USA Paymentech is the third largest processor of credit card tranactions in the United States, it said.</p>
</text>
<copyright>(c) Reuters Limited 1997</copyright>
<metadata>
<codes class="bip:countries:1.0">
  <code code="USA">
    <editdetail attribution="Reuters BIP Coding Group" action="confirmed" date="1997-05-22"/>
  </code>
</codes>
<codes class="bip:industries:1.0">
  <code code="I81402">
    <editdetail attribution="Reuters BIP Coding Group" action="confirmed" date="1997-05-22"/>
  </code>
  <code code="I81501">
    <editdetail attribution="Reuters BIP Coding Group" action="confirmed" date="1997-05-22"/>
  </code>
  <code code="I8150108">
    <editdetail attribution="Reuters BIP Coding Group" action="confirmed" date="1997-05-22"/>
  </code>
</codes>
<codes class="bip:topics:1.0">
  <code code="C41">
    <editdetail attribution="Reuters BIP Coding Group" action="confirmed" date="1997-05-22"/>
  </code>
  <code code="C411">
    <editdetail attribution="Reuters BIP Coding Group" action="confirmed" date="1997-05-22"/>
  </code>
  <code code="CCAT">
    <editdetail attribution="Reuters BIP Coding Group" action="confirmed" date="1997-05-22"/>
  </code>
</codes>
<dc element="dc.date.created" value="1997-05-22"/>
<dc element="dc.publisher" value="Reuters Holdings Plc"/>
<dc element="dc.date.published" value="1997-05-22"/>
<dc element="dc.source" value="Reuters"/>
<dc element="dc.creator.location" value="DALLAS"/>
<dc element="dc.creator.location.country.name" value="USA"/>
<dc element="dc.source" value="Reuters"/>
</metadata>
</newsitem>
