<?xml version="1.0" encoding="iso-8859-1" ?>
<newsitem itemid="567465" id="root" date="1997-05-07" xml:lang="en">
<title>USA: Asia Pacific at 4-5/8 in New York.</title>
<headline>Asia Pacific at 4-5/8 in New York.</headline>
<dateline>NEW YORK 1997-05-06</dateline>
<text>
<p>Asia Pacific Resources International Holdings Ltd (April) closed at 4-5/8 in New York on Tuesday. It recorded the day's high of 4-5/8 and the day's low of 4-5/8.</p>
<p>Volume was 700 shares. Block volume was nil. Its previous close on Monday was 4-3/4.</p>
<p>April listed 20 million shares of Class A common stock in New York. -- Jakarta newsroom (Tel: 6221-3846364).</p>
</text>
<copyright>(c) Reuters Limited 1997</copyright>
<metadata>
<codes class="bip:countries:1.0">
  <code code="INDON">
    <editdetail attribution="Reuters BIP Coding Group" action="confirmed" date="1997-05-07"/>
  </code>
  <code code="USA">
    <editdetail attribution="Reuters BIP Coding Group" action="confirmed" date="1997-05-07"/>
  </code>
</codes>
<codes class="bip:industries:1.0">
  <code code="I47101">
    <editdetail attribution="Reuters BIP Coding Group" action="confirmed" date="1997-05-07"/>
  </code>
</codes>
<codes class="bip:topics:1.0">
  <code code="C15">
    <editdetail attribution="Reuters BIP Coding Group" action="confirmed" date="1997-05-07"/>
  </code>
  <code code="C152">
    <editdetail attribution="Reuters BIP Coding Group" action="confirmed" date="1997-05-07"/>
  </code>
  <code code="CCAT">
    <editdetail attribution="Reuters BIP Coding Group" action="confirmed" date="1997-05-07"/>
  </code>
</codes>
<dc element="dc.date.created" value="1997-05-06"/>
<dc element="dc.publisher" value="Reuters Holdings Plc"/>
<dc element="dc.date.published" value="1997-05-07"/>
<dc element="dc.source" value="Reuters"/>
<dc element="dc.creator.location" value="NEW YORK"/>
<dc element="dc.creator.location.country.name" value="USA"/>
<dc element="dc.source" value="Reuters"/>
</metadata>
</newsitem>
