<?xml version="1.0" encoding="iso-8859-1" ?>
<newsitem itemid="388032" id="root" date="1997-02-19" xml:lang="en">
<title>LEBANON: Israeli forces abduct Lebanese shepherd.</title>
<headline>Israeli forces abduct Lebanese shepherd.</headline>
<dateline>RASHAYA, Lebanon 1997-02-19</dateline>
<text>
<p>Israeli soldiers and allied militiamen snatched a Lebanese shepherd from an area just outside Israel's south Lebanon occupation zone on Wednesday, security sources said.</p>
<p>They said the Israeli force, backed by South Lebanon Army (SLA) militiamen, held Mohammad Nayef near the village of Dallafeh just north of the eastern sector of the south Lebanon zone and forced him to enter the border strip with his flock.</p>
<p>Some 1,000 Israeli troops and 3,000 allied SLA militiamen patrol the 15-km (nine-mile)-deep zone in south Lebanon set up to prevent cross-border raids on northern Israel.</p>
</text>
<copyright>(c) Reuters Limited 1997</copyright>
<metadata>
<codes class="bip:countries:1.0">
  <code code="ISRAEL">
    <editdetail attribution="Reuters BIP Coding Group" action="confirmed" date="1997-02-19"/>
  </code>
  <code code="LEBAN">
    <editdetail attribution="Reuters BIP Coding Group" action="confirmed" date="1997-02-19"/>
  </code>
</codes>
<codes class="bip:topics:1.0">
  <code code="GCAT">
    <editdetail attribution="Reuters BIP Coding Group" action="confirmed" date="1997-02-19"/>
  </code>
  <code code="GVIO">
    <editdetail attribution="Reuters BIP Coding Group" action="confirmed" date="1997-02-19"/>
  </code>
</codes>
<dc element="dc.date.created" value="1997-02-19"/>
<dc element="dc.publisher" value="Reuters Holdings Plc"/>
<dc element="dc.date.published" value="1997-02-19"/>
<dc element="dc.source" value="Reuters"/>
<dc element="dc.creator.location" value="RASHAYA, Lebanon"/>
<dc element="dc.creator.location.country.name" value="LEBANON"/>
<dc element="dc.source" value="Reuters"/>
</metadata>
</newsitem>
