<?xml version="1.0" encoding="iso-8859-1" ?>
<newsitem itemid="653474" id="root" date="1997-06-11" xml:lang="en">
<title>USA: Hillman CS, Mich., won by McDonald.</title>
<headline>Hillman CS, Mich., won by McDonald.</headline>
<dateline>NEW YORK 1997-06-11</dateline>
<text>
<p>McDonald &amp; Co., Securites, Inc., said it won $8.345 million of Hillman CS, Mich., general obligation 1997 school building and site bonds, with a net interest cost of 5.3954 percent.</p>
</text>
<copyright>(c) Reuters Limited 1997</copyright>
<metadata>
<codes class="bip:countries:1.0">
  <code code="USA">
    <editdetail attribution="Reuters BIP Coding Group" action="confirmed" date="1997-06-11"/>
  </code>
</codes>
<codes class="bip:topics:1.0">
  <code code="E21">
    <editdetail attribution="Reuters BIP Coding Group" action="confirmed" date="1997-06-11"/>
  </code>
  <code code="E212">
    <editdetail attribution="Reuters BIP Coding Group" action="confirmed" date="1997-06-11"/>
  </code>
  <code code="ECAT">
    <editdetail attribution="Reuters BIP Coding Group" action="confirmed" date="1997-06-11"/>
  </code>
</codes>
<dc element="dc.date.created" value="1997-06-11"/>
<dc element="dc.publisher" value="Reuters Holdings Plc"/>
<dc element="dc.date.published" value="1997-06-11"/>
<dc element="dc.source" value="Reuters"/>
<dc element="dc.creator.location" value="NEW YORK"/>
<dc element="dc.creator.location.country.name" value="USA"/>
<dc element="dc.source" value="Reuters"/>
</metadata>
</newsitem>
