<?xml version="1.0" encoding="iso-8859-1" ?>
<newsitem itemid="739595" id="root" date="1997-07-18" xml:lang="en">
<title>USA: Sept CME S&amp;P 500 futures fall initial 15-pt limit.</title>
<headline>Sept CME S&amp;P 500 futures fall initial 15-pt limit.</headline>
<dateline>CHICAGO 1997-07-18</dateline>
<text>
<p>September Standard &amp; Poor's (S&amp;P) 500 futures briefly fell the initial 15.0-point price limit before cutting losses.</p>
<p>The contract fell to a low of 922.95, pressured by weakness in Nasdaq stocks, floor brokers said.</p>
<p>The 15.0-point down limit is in effect for 15 minutes or until 1430 CDT/1930 GMT. Under CME rules, if lead-month futures were limit offered at the end of that 15-minute period or at 1430 CDT, trading would halt for two minutes and resume with the next down limit in effect. Before 1430 CDT, the next limit restricting price drops is down 30.0 points.</p>
<p>((DerivativesDesk(312)408-8750)) E-mail:derivatives@reuters.com</p>
</text>
<copyright>(c) Reuters Limited 1997</copyright>
<metadata>
<codes class="bip:countries:1.0">
  <code code="USA">
    <editdetail attribution="Reuters BIP Coding Group" action="confirmed" date="1997-07-18"/>
  </code>
</codes>
<codes class="bip:topics:1.0">
  <code code="M11">
    <editdetail attribution="Reuters BIP Coding Group" action="confirmed" date="1997-07-18"/>
  </code>
  <code code="MCAT">
    <editdetail attribution="Reuters BIP Coding Group" action="confirmed" date="1997-07-18"/>
  </code>
</codes>
<dc element="dc.date.created" value="1997-07-18"/>
<dc element="dc.publisher" value="Reuters Holdings Plc"/>
<dc element="dc.date.published" value="1997-07-18"/>
<dc element="dc.source" value="Reuters"/>
<dc element="dc.creator.location" value="CHICAGO"/>
<dc element="dc.creator.location.country.name" value="USA"/>
<dc element="dc.source" value="Reuters"/>
</metadata>
</newsitem>
