<?xml version="1.0" encoding="iso-8859-1" ?>
<newsitem itemid="384591" id="root" date="1997-02-18" xml:lang="en">
<title>COLOMBIA: Net profit of Colombia's savings and loans rises.</title>
<headline>Net profit of Colombia's savings and loans rises.</headline>
<dateline>BOGOTA 1997-02-18</dateline>
<text>
<p>Net profits at Colombia's savings and loan institutions rose by 40 percent in 1996 over 1995, but liabilities increased by nearly the same percentage, the country's Banking Superintendency said.</p>
<p>It said the total net income of the sector stood at 204 billion pesos by year-end 1996, up 40 percent over year-end 1995. Liabilities totaled 12.38 trillion pesos, up 39.3 percent over 1995.</p>
<p>The total assets of the savings and loans stood at 13.44 trillion pesos in 1996, a 39.1 percent increase over 1995.</p>
<p>((-- Javier Mozzo, Bogota newsroom, 571 610 7944))</p>
</text>
<copyright>(c) Reuters Limited 1997</copyright>
<metadata>
<codes class="bip:countries:1.0">
  <code code="COL">
    <editdetail attribution="Reuters BIP Coding Group" action="confirmed" date="1997-02-18"/>
  </code>
</codes>
<codes class="bip:industries:1.0">
  <code code="I81400">
    <editdetail attribution="Reuters BIP Coding Group" action="confirmed" date="1997-02-18"/>
  </code>
  <code code="I81501">
    <editdetail attribution="Reuters BIP Coding Group" action="confirmed" date="1997-02-18"/>
  </code>
  <code code="I81502">
    <editdetail attribution="Reuters BIP Coding Group" action="confirmed" date="1997-02-18"/>
  </code>
</codes>
<codes class="bip:topics:1.0">
  <code code="C15">
    <editdetail attribution="Reuters BIP Coding Group" action="confirmed" date="1997-02-18"/>
  </code>
  <code code="C151">
    <editdetail attribution="Reuters BIP Coding Group" action="confirmed" date="1997-02-18"/>
  </code>
  <code code="CCAT">
    <editdetail attribution="Reuters BIP Coding Group" action="confirmed" date="1997-02-18"/>
  </code>
</codes>
<dc element="dc.date.created" value="1997-02-18"/>
<dc element="dc.publisher" value="Reuters Holdings Plc"/>
<dc element="dc.date.published" value="1997-02-18"/>
<dc element="dc.source" value="Reuters"/>
<dc element="dc.creator.location" value="BOGOTA"/>
<dc element="dc.creator.location.country.name" value="COLOMBIA"/>
<dc element="dc.source" value="Reuters"/>
</metadata>
</newsitem>
