<?xml version="1.0" encoding="iso-8859-1" ?>
<newsitem itemid="523290" id="root" date="1997-04-20" xml:lang="en">
<title>USA: New Century Financial Corp files for IPO.</title>
<headline>New Century Financial Corp files for IPO.</headline>
<dateline>NEW YORK 1997-04-20</dateline>
<text>
<p>New Century Financial Corp filed a registration statement with the U.S. Securities and Exchange Commission for the initial public offering of common stock, the company said in a press release issued Friday.</p>
<p>The offering's total value was put at $41,860,000, the company said. Montgomery Securities and Piper Jaffray will be the managing underwriters for the offering.</p>
<p>New Century Financial Corp is a specialty finance company that originates, sells and services subprime mortgage loans.</p>
<p>((-New York Newsdesk 212.859.1610))</p>
</text>
<copyright>(c) Reuters Limited 1997</copyright>
<metadata>
<codes class="bip:countries:1.0">
  <code code="USA">
    <editdetail attribution="Reuters BIP Coding Group" action="confirmed" date="1997-04-20"/>
  </code>
</codes>
<codes class="bip:industries:1.0">
  <code code="I81501">
    <editdetail attribution="Reuters BIP Coding Group" action="confirmed" date="1997-04-20"/>
  </code>
  <code code="I8150103">
    <editdetail attribution="Reuters BIP Coding Group" action="confirmed" date="1997-04-20"/>
  </code>
</codes>
<codes class="bip:topics:1.0">
  <code code="C14">
    <editdetail attribution="Reuters BIP Coding Group" action="confirmed" date="1997-04-20"/>
  </code>
  <code code="C17">
    <editdetail attribution="Reuters BIP Coding Group" action="confirmed" date="1997-04-20"/>
  </code>
  <code code="C171">
    <editdetail attribution="Reuters BIP Coding Group" action="confirmed" date="1997-04-20"/>
  </code>
  <code code="CCAT">
    <editdetail attribution="Reuters BIP Coding Group" action="confirmed" date="1997-04-20"/>
  </code>
</codes>
<dc element="dc.date.created" value="1997-04-20"/>
<dc element="dc.publisher" value="Reuters Holdings Plc"/>
<dc element="dc.date.published" value="1997-04-20"/>
<dc element="dc.source" value="Reuters"/>
<dc element="dc.creator.location" value="NEW YORK"/>
<dc element="dc.creator.location.country.name" value="USA"/>
<dc element="dc.source" value="Reuters"/>
</metadata>
</newsitem>
