<?xml version="1.0" encoding="iso-8859-1" ?>
<newsitem itemid="103116" id="root" date="1996-10-08" xml:lang="en">
<title>INDIA: INDIAN HEADLINE STOCKS-factors to watch - Oct 8.</title>
<headline>INDIAN HEADLINE STOCKS-factors to watch - Oct 8.</headline>
<dateline>BOMBAY 1996-10-08</dateline>
<text>
<p>Following are some of the main factors affecting Indian stock markets on Tuesday morning.</p>
<p>NEWS OUTLOOK:</p>
<p>**  The Delhi High Court is expected to deliver judgement on former Prime Minister P.V. Narasimha Rao's application against a non-bailable arrest warrant issued against him</p>
<p>	  The Supreme Court is likely to rule on another criminal</p>
<p>conspiracy case Rao</p>
<p>**  Tottering equity markets may test year's low after plunging on Monday amid growing worries about political instability</p>
<p>**  Slowing export growth due to dropping commodity prices is the main risk faced by investors wanting to put their money into Asian markets, analysts at an investment conference in New York say</p>
<p>**  The Unit Trust of India, the country's biggest mutual fund, raised 12 billion rupees during the first quarter ending September 30, 1996, the Financial Express reports</p>
<p>**  The spot dollar/rupee  INR= opened steady at 35.62/63 per dollar, dealers said</p>
<p>MARKETS:</p>
<p>**  On Monday, shares plunged across India as political worries triggered panic selling</p>
<p>**  The 30-share Bombay Stock Exchange (BSE) index  .BSESN closed 98.41 points, or 3.17 percent, lower at 3,002.86 after plunging to 2,939.87</p>
<p>**  The 100-share National index  .NATEX fell 49.55 points, or 3.55 percent, to 1,345.40</p>
<p>**  The 50-stock National Stock Exchange index  .NSEI tumbled 30.12 points, of 3.33 percent, to 874.0</p>
<p>**  The 500-share CRISIL index was off 35.12 points, or 5.69 percent, at 582.26</p>
<p>**  The Delhi share index dropped 15.73 points to 679.83</p>
<p>**  The Calcutta index  .CALSN shed 5.22 points to 415.15</p>
<p>**  The Madras index  .MDSI fell 31.24 points to 3,281.46</p>
<p>**  The HSBC James Capel Indian GDR Index  JCEAI lost 3.31 points, or 5.31 percent, to 59.05 with the premium over the local market at 6.86 percent</p>
</text>
<copyright>(c) Reuters Limited 1996</copyright>
<metadata>
<codes class="bip:countries:1.0">
  <code code="INDIA">
    <editdetail attribution="Reuters BIP Coding Group" action="confirmed" date="1996-10-08"/>
  </code>
</codes>
<codes class="bip:topics:1.0">
  <code code="M11">
    <editdetail attribution="Reuters BIP Coding Group" action="confirmed" date="1996-10-08"/>
  </code>
  <code code="MCAT">
    <editdetail attribution="Reuters BIP Coding Group" action="confirmed" date="1996-10-08"/>
  </code>
</codes>
<dc element="dc.date.created" value="1996-10-08"/>
<dc element="dc.publisher" value="Reuters Holdings Plc"/>
<dc element="dc.date.published" value="1996-10-08"/>
<dc element="dc.source" value="Reuters"/>
<dc element="dc.creator.location" value="BOMBAY"/>
<dc element="dc.creator.location.country.name" value="INDIA"/>
<dc element="dc.source" value="Reuters"/>
</metadata>
</newsitem>
