<?xml version="1.0" encoding="iso-8859-1" ?>
<newsitem itemid="536506" id="root" date="1997-04-24" xml:lang="en">
<title>USA: U.S. Long Distance Q2 EPS $0.09 vs loss.</title>
<headline>U.S. Long Distance Q2 EPS $0.09 vs loss.</headline>
<dateline>SAN ANTONIO, Texas 1997-04-24</dateline>
<text>
<p>1997			1996</p>
<p> Shr profit	$0.09	     loss $0.05</p>
<p> Net profit	1,445	     loss 755</p>
<p> Revs		53,168		   43,655</p>
<p> Avg shrs	  16,423		   15,189</p>
<p>	  6  MONTHS</p>
<p> Shr profit	$0.16		loss$0.09</p>
<p> Net profit	2,598		loss1,344</p>
<p> Revs		101,915		  83,363</p>
<p> Avg shrs	  16,286		   15,021</p>
<p>(All data above 000s except per share numbers)</p>
<p>NOTES: Periods end March 31</p>
<p>1996 results are reported on a pro-forma basis to reflect the spin-off of a 1996 spin-off.</p>
<p>Full name of company is U.S. Long Distance Corp</p>
</text>
<copyright>(c) Reuters Limited 1997</copyright>
<metadata>
<codes class="bip:countries:1.0">
  <code code="USA">
    <editdetail attribution="Reuters BIP Coding Group" action="confirmed" date="1997-04-24"/>
  </code>
</codes>
<codes class="bip:industries:1.0">
  <code code="I79020">
    <editdetail attribution="Reuters BIP Coding Group" action="confirmed" date="1997-04-24"/>
  </code>
</codes>
<codes class="bip:topics:1.0">
  <code code="C15">
    <editdetail attribution="Reuters BIP Coding Group" action="confirmed" date="1997-04-24"/>
  </code>
  <code code="C151">
    <editdetail attribution="Reuters BIP Coding Group" action="confirmed" date="1997-04-24"/>
  </code>
  <code code="CCAT">
    <editdetail attribution="Reuters BIP Coding Group" action="confirmed" date="1997-04-24"/>
  </code>
</codes>
<dc element="dc.date.created" value="1997-04-24"/>
<dc element="dc.publisher" value="Reuters Holdings Plc"/>
<dc element="dc.date.published" value="1997-04-24"/>
<dc element="dc.source" value="Reuters"/>
<dc element="dc.creator.location" value="SAN ANTONIO, Texas"/>
<dc element="dc.creator.location.country.name" value="USA"/>
<dc element="dc.source" value="Reuters"/>
</metadata>
</newsitem>
