<?xml version="1.0" encoding="iso-8859-1" ?>
<newsitem itemid="387847" id="root" date="1997-02-19" xml:lang="en">
<title>BRAZIL: Brazil's Abecafe sees 23.2 mln bag coffee crop.</title>
<headline>Brazil's Abecafe sees 23.2 mln bag coffee crop.</headline>
<dateline>SAO PAULO 1997-02-19</dateline>
<text>
<p>Brazil's 1997/98 coffee crop should reach 23.2 million 60-kg bags, according to a survey of 23 of 45 companies which belong to Brazilian Coffee Exporters' Association (Abecafe).</p>
<p>The result was made public by the secretary-general of the association, Jose Sette.  </p>
<p>The companies which participated in the survey represented 85 percent of Abecafe's total exports, Sette said.</p>
<p>No figure was given for the 1996/97 crop.</p>
<p>Of the total, some 18.7 million bags are forecast to be of arabica coffee and 4.5 million bags of robusta coffee.  </p>
<p>A breakdown by state for arabica in million bags follows:</p>
<p>    Minas Gerais		    10.55</p>
<p>    Espirito Santo		   1.15</p>
<p>    Sao Paulo			  2.75</p>
<p>    Parana			     2.40</p>
<p>    Bahia				0.95</p>
<p>    Rondonia			   0.10</p>
<p>    Other				0.80</p>
<p>A breakdown by state for conillon in million bags was  Minas Gerais		     0.10</p>
<p>    Espirito Santo		   3.00</p>
<p>    Bahia				0.20</p>
<p>    Rondonia			   1.10</p>
<p>    Others			     0.10</p>
<p>--Joelle Diderich, Sao Paulo newsroom, 5511 2485417</p>
</text>
<copyright>(c) Reuters Limited 1997</copyright>
<metadata>
<codes class="bip:countries:1.0">
  <code code="BRAZ">
    <editdetail attribution="Reuters BIP Coding Group" action="confirmed" date="1997-02-19"/>
  </code>
</codes>
<codes class="bip:industries:1.0">
  <code code="I01001">
    <editdetail attribution="Reuters BIP Coding Group" action="confirmed" date="1997-02-19"/>
  </code>
  <code code="I0100137">
    <editdetail attribution="Reuters BIP Coding Group" action="confirmed" date="1997-02-19"/>
  </code>
</codes>
<codes class="bip:topics:1.0">
  <code code="C21">
    <editdetail attribution="Reuters BIP Coding Group" action="confirmed" date="1997-02-19"/>
  </code>
  <code code="CCAT">
    <editdetail attribution="Reuters BIP Coding Group" action="confirmed" date="1997-02-19"/>
  </code>
  <code code="M14">
    <editdetail attribution="Reuters BIP Coding Group" action="confirmed" date="1997-02-19"/>
  </code>
  <code code="M141">
    <editdetail attribution="Reuters BIP Coding Group" action="confirmed" date="1997-02-19"/>
  </code>
  <code code="MCAT">
    <editdetail attribution="Reuters BIP Coding Group" action="confirmed" date="1997-02-19"/>
  </code>
</codes>
<dc element="dc.date.created" value="1997-02-19"/>
<dc element="dc.publisher" value="Reuters Holdings Plc"/>
<dc element="dc.date.published" value="1997-02-19"/>
<dc element="dc.source" value="Reuters"/>
<dc element="dc.creator.location" value="SAO PAULO"/>
<dc element="dc.creator.location.country.name" value="BRAZIL"/>
<dc element="dc.source" value="Reuters"/>
</metadata>
</newsitem>
