<?xml version="1.0" encoding="iso-8859-1" ?>
<newsitem itemid="762413" id="root" date="1997-07-29" xml:lang="en">
<title>CZECH REPUBLIC: Czech crown gets small boost from ind sales data.</title>
<headline>Czech crown gets small boost from ind sales data.</headline>
<text>
<p>0743 GMT - The Czech crown received a small but short-lived boost from unexpectedly strong June industrial sales data on Tuesday morning, but dealers said they expect the crown to continue to weaken against the mark.</p>
<p>* &quot;We may see another attempt to push it (the crown) above 18.800 to the mark,&quot; said Petr Korous of Ceskoslovenska Obchodni Banka.</p>
<p>* Crown/mark 18.778 from 18.788 late on Monday.</p>
<p>* The statistical office said June industrial sales rose a real 11.2 percent year-on-year compared with a fall of 0.7 percent in May. After the release the crown was temporarily boosted but then fell back.</p>
<p>* Although the figures were better than expected market sentiment is still overshadowed by pessimism about the economy and the effect of heavy flooding on the trade deficit, dealers said.</p>
<p>-- Robin Shepherd, Prague Newsroom, 420-2-2423-0003</p>
</text>
<copyright>(c) Reuters Limited 1997</copyright>
<metadata>
<codes class="bip:countries:1.0">
  <code code="CZREP">
    <editdetail attribution="Reuters BIP Coding Group" action="confirmed" date="1997-07-29"/>
  </code>
</codes>
<codes class="bip:topics:1.0">
  <code code="M13">
    <editdetail attribution="Reuters BIP Coding Group" action="confirmed" date="1997-07-29"/>
  </code>
  <code code="M132">
    <editdetail attribution="Reuters BIP Coding Group" action="confirmed" date="1997-07-29"/>
  </code>
  <code code="MCAT">
    <editdetail attribution="Reuters BIP Coding Group" action="confirmed" date="1997-07-29"/>
  </code>
</codes>
<dc element="dc.publisher" value="Reuters Holdings Plc"/>
<dc element="dc.date.published" value="1997-07-29"/>
<dc element="dc.source" value="Reuters"/>
<dc element="dc.creator.location.country.name" value="CZECH REPUBLIC"/>
<dc element="dc.source" value="Reuters"/>
</metadata>
</newsitem>
