<?xml version="1.0" encoding="iso-8859-1" ?>
<newsitem itemid="50307" id="root" date="1996-09-12" xml:lang="en">
<title>USA: Boston wants to charge fees for newsboxes - report.</title>
<headline>Boston wants to charge fees for newsboxes - report.</headline>
<dateline>BOSTON 1996-09-12</dateline>
<text>
<p>Boston Mayor Thomas Menino filed legislation that would regulate newsboxes in the city and force publishers to pay fees to keep the boxes on the street, according to published reports Wednesday.</p>
<p>Under the proposed law, newspaper publishers would be charged a $150 application fee, plus a $15 annual maintenance fee for each newsbox, The Boston Globe and The Boston Herald reported.</p>
<p>No estimates on the amount of revenues were immediately available and a spokesman for Menino could not be immediately reached.  There are, however, hundreds of newsboxes sprinkled throughout Boston.</p>
<p>--Boston bureau, 617-367-4106</p>
</text>
<copyright>(c) Reuters Limited 1996</copyright>
<metadata>
<codes class="bip:countries:1.0">
  <code code="USA">
    <editdetail attribution="Reuters BIP Coding Group" action="confirmed" date="1996-09-12"/>
  </code>
</codes>
<codes class="bip:industries:1.0">
  <code code="I47510">
    <editdetail attribution="Reuters BIP Coding Group" action="confirmed" date="1996-09-12"/>
  </code>
</codes>
<codes class="bip:topics:1.0">
  <code code="C13">
    <editdetail attribution="Reuters BIP Coding Group" action="confirmed" date="1996-09-12"/>
  </code>
  <code code="C31">
    <editdetail attribution="Reuters BIP Coding Group" action="confirmed" date="1996-09-12"/>
  </code>
  <code code="CCAT">
    <editdetail attribution="Reuters BIP Coding Group" action="confirmed" date="1996-09-12"/>
  </code>
</codes>
<dc element="dc.date.created" value="1996-09-12"/>
<dc element="dc.publisher" value="Reuters Holdings Plc"/>
<dc element="dc.date.published" value="1996-09-12"/>
<dc element="dc.source" value="Reuters"/>
<dc element="dc.creator.location" value="BOSTON"/>
<dc element="dc.creator.location.country.name" value="USA"/>
<dc element="dc.source" value="Reuters"/>
</metadata>
</newsitem>
