<?xml version="1.0" encoding="iso-8859-1" ?>
<newsitem itemid="594615" id="root" date="1997-05-19" xml:lang="en">
<title>BRAZIL: Brazil Noroeste denies talks on sale.</title>
<headline>Brazil Noroeste denies talks on sale.</headline>
<dateline>SAO PAULO 1997-05-19</dateline>
<text>
<p>Brazilian private bank Banco Noroeste Monday denied it was negotiating to sell a controlling stake to Citicorp's Citibank Brazil unit or BankBoston Corp's Banco de Boston.</p>
<p>In a statement sent to the Sao Paulo Stock Exchange (Bovespa), the bank said there &quot;is not being carried out any negotiation between its shareholders and Citibank or Banco de Boston involving the transfer of a controlling stake.&quot;</p>
<p>It added reports about an eventual transaction are &quot;untrue and baseless.&quot;</p>
<p>The denial followed a report by O Globo newspaper Friday saying that Citibank and Banco de Boston were competing to buy the control of Banco Noroeste.</p>
<p>Noroeste, controlled by the Cochrane family, is a medium-sized bank with 90 branches.</p>
<p>((--Fatima Cristina, Sao Paulo newsroom 5511 2485412))</p>
</text>
<copyright>(c) Reuters Limited 1997</copyright>
<metadata>
<codes class="bip:countries:1.0">
  <code code="BRAZ">
    <editdetail attribution="Reuters BIP Coding Group" action="confirmed" date="1997-05-19"/>
  </code>
  <code code="USA">
    <editdetail attribution="Reuters BIP Coding Group" action="confirmed" date="1997-05-19"/>
  </code>
</codes>
<codes class="bip:industries:1.0">
  <code code="I81402">
    <editdetail attribution="Reuters BIP Coding Group" action="confirmed" date="1997-05-19"/>
  </code>
</codes>
<codes class="bip:topics:1.0">
  <code code="C18">
    <editdetail attribution="Reuters BIP Coding Group" action="confirmed" date="1997-05-19"/>
  </code>
  <code code="C181">
    <editdetail attribution="Reuters BIP Coding Group" action="confirmed" date="1997-05-19"/>
  </code>
  <code code="CCAT">
    <editdetail attribution="Reuters BIP Coding Group" action="confirmed" date="1997-05-19"/>
  </code>
</codes>
<dc element="dc.date.created" value="1997-05-19"/>
<dc element="dc.publisher" value="Reuters Holdings Plc"/>
<dc element="dc.date.published" value="1997-05-19"/>
<dc element="dc.source" value="Reuters"/>
<dc element="dc.creator.location" value="SAO PAULO"/>
<dc element="dc.creator.location.country.name" value="BRAZIL"/>
<dc element="dc.source" value="Reuters"/>
</metadata>
</newsitem>
