<?xml version="1.0" encoding="iso-8859-1" ?>
<newsitem itemid="534792" id="root" date="1997-04-24" xml:lang="en">
<title>CZECH REPUBLIC: CZECH RAFINERSKA 1996 GROSS PROFIT CZK 1.17 BLN.</title>
<headline>CZECH RAFINERSKA 1996 GROSS PROFIT CZK 1.17 BLN.</headline>
<dateline>PRAGUE 1997-04-24</dateline>
<text>
<p>Czech refinery Ceska Rafinerska a.s. said on Thursday it posted an audited gross profit of 1.172 billion crowns for 1996, its first year of full operation.</p>
<p>A consortium of Royal Dutch/Shell, Du Pont de Nemours' unit Conoco, and Italy's Agip SpA holds 49 percent in the company.  </p>
<p>A Rafinerska statement said the firm's total turnover reached 36.629 billion crowns.</p>
<p>It did not give further details on the 1996 results.</p>
<p>&quot;The positive financial results in 1996 were achieved despite adverse conditions in the Czech fuels market in the spring and curtailed production as a result of a fire at the Litvinov refinery in November, &quot; the statement said.</p>
<p>It added that profit in the first quarter of this year reached 427 million on sales of eight billion crowns.</p>
<p>Rafinerska was established with the merger of the refining operations of petrochemical firms Chemopetrol Group a.s. and Kaucuk Group a.s. under government-held holding company Unipetrol a.s..</p>
<p>The government subsequently sold a 49 percent stake to the foreign consortium at the end of 1995 for $173 million.</p>
<p>Chemopetrol and Kaucuk will also be merged into Unipetrol on July 1.  </p>
<p>The holding company, which also controls fuel distributor Benzina a.s., should be listed on the Prague Stock Exchange in September.</p>
<p>A two-day fire at Rafinerska tanking terminal at Litvinov on November 23 last year interrupted production and supplies to Chemopetrol for several days.</p>
<p>A second fire just eight days later damaged Rafinerska's hydrocracking unit at the same site, forcing the company to shut it down for several weeks.</p>
<p>-- Jan Lopatka, Prague Newsroom, 420-2-2423-0003</p>
</text>
<copyright>(c) Reuters Limited 1997</copyright>
<metadata>
<codes class="bip:countries:1.0">
  <code code="CZREP">
    <editdetail attribution="Reuters BIP Coding Group" action="confirmed" date="1997-04-24"/>
  </code>
</codes>
<codes class="bip:industries:1.0">
  <code code="I13000">
    <editdetail attribution="Reuters BIP Coding Group" action="confirmed" date="1997-04-24"/>
  </code>
  <code code="I1300003">
    <editdetail attribution="Reuters BIP Coding Group" action="confirmed" date="1997-04-24"/>
  </code>
  <code code="I14000">
    <editdetail attribution="Reuters BIP Coding Group" action="confirmed" date="1997-04-24"/>
  </code>
  <code code="I25000">
    <editdetail attribution="Reuters BIP Coding Group" action="confirmed" date="1997-04-24"/>
  </code>
  <code code="I25100">
    <editdetail attribution="Reuters BIP Coding Group" action="confirmed" date="1997-04-24"/>
  </code>
  <code code="I25120">
    <editdetail attribution="Reuters BIP Coding Group" action="confirmed" date="1997-04-24"/>
  </code>
</codes>
<codes class="bip:topics:1.0">
  <code code="C15">
    <editdetail attribution="Reuters BIP Coding Group" action="confirmed" date="1997-04-24"/>
  </code>
  <code code="C151">
    <editdetail attribution="Reuters BIP Coding Group" action="confirmed" date="1997-04-24"/>
  </code>
  <code code="C1511">
    <editdetail attribution="Reuters BIP Coding Group" action="confirmed" date="1997-04-24"/>
  </code>
  <code code="CCAT">
    <editdetail attribution="Reuters BIP Coding Group" action="confirmed" date="1997-04-24"/>
  </code>
</codes>
<dc element="dc.date.created" value="1997-04-24"/>
<dc element="dc.publisher" value="Reuters Holdings Plc"/>
<dc element="dc.date.published" value="1997-04-24"/>
<dc element="dc.source" value="Reuters"/>
<dc element="dc.creator.location" value="PRAGUE"/>
<dc element="dc.creator.location.country.name" value="CZECH REPUBLIC"/>
<dc element="dc.source" value="Reuters"/>
</metadata>
</newsitem>
