<?xml version="1.0" encoding="iso-8859-1" ?>
<newsitem itemid="84929" id="root" date="1996-09-30" xml:lang="en">
<title>MEXICO: Elephants, bloodsucker in debtors protest in Mexico.</title>
<headline>Elephants, bloodsucker in debtors protest in Mexico.</headline>
<dateline>MEXICO CITY 1996-09-30</dateline>
<text>
<p>A pair of elephants from two debt-ridden circuses and a man dressed up as a bloodsucker led a 4,000-strong march of debtors through the Mexico City centre on Monday to protest government economic and banking policies.</p>
<p>Two circuses, which said they were driven into default by recession and high interest rates, lent the elephants in a gesture they said represented the &quot;disproportionate&quot; surge in debts in Mexico since last year's economic crisis.</p>
<p>The march, which followed a three-day hunger strike by five Mexican debtors at the International Monetary Fund last weekend, marked a growing crescendo of protest against debt woes just as the economy has started picking up.</p>
<p>On Monday, the government extended a deadline for past-due mortgage debtors to put their situation to rights with the banks if they applied for a restructuring today.</p>
<p>But the million-strong El Barzon debtors movement said the move was insufficient.</p>
<p>&quot;It is not enough to extend terms; we want real solutions that guarantee that next year there will be economic stability,&quot; Barzon leader Jose Gutierrez said.</p>
<p>A man masked as the &quot;chupacabras&quot;, or goatsucker, a phantom-like creature said to attack goats and drink their blood, started a fast at the finance ministry and threatened to swoop down on loan officers seeking to foreclose mortgages.</p>
<p>The elephants, El Barzon said, were also in protest, lest their circus be closed down because of the burden of debt payments that have surged since interest rates soared during Mexico's 1994-1995 economic crisis.</p>
</text>
<copyright>(c) Reuters Limited 1996</copyright>
<metadata>
<codes class="bip:countries:1.0">
  <code code="MEX">
    <editdetail attribution="Reuters BIP Coding Group" action="confirmed" date="1996-09-30"/>
  </code>
</codes>
<codes class="bip:industries:1.0">
  <code code="I97412">
    <editdetail attribution="Reuters BIP Coding Group" action="confirmed" date="1996-09-30"/>
  </code>
</codes>
<codes class="bip:topics:1.0">
  <code code="C24">
    <editdetail attribution="Reuters BIP Coding Group" action="confirmed" date="1996-09-30"/>
  </code>
  <code code="CCAT">
    <editdetail attribution="Reuters BIP Coding Group" action="confirmed" date="1996-09-30"/>
  </code>
  <code code="E12">
    <editdetail attribution="Reuters BIP Coding Group" action="confirmed" date="1996-09-30"/>
  </code>
  <code code="ECAT">
    <editdetail attribution="Reuters BIP Coding Group" action="confirmed" date="1996-09-30"/>
  </code>
  <code code="GCAT">
    <editdetail attribution="Reuters BIP Coding Group" action="confirmed" date="1996-09-30"/>
  </code>
  <code code="GENT">
    <editdetail attribution="Reuters BIP Coding Group" action="confirmed" date="1996-09-30"/>
  </code>
  <code code="GVIO">
    <editdetail attribution="Reuters BIP Coding Group" action="confirmed" date="1996-09-30"/>
  </code>
</codes>
<dc element="dc.date.created" value="1996-09-30"/>
<dc element="dc.publisher" value="Reuters Holdings Plc"/>
<dc element="dc.date.published" value="1996-09-30"/>
<dc element="dc.source" value="Reuters"/>
<dc element="dc.creator.location" value="MEXICO CITY"/>
<dc element="dc.creator.location.country.name" value="MEXICO"/>
<dc element="dc.source" value="Reuters"/>
</metadata>
</newsitem>
