<?xml version="1.0" encoding="iso-8859-1" ?>
<newsitem itemid="530437" id="root" date="1997-04-23" xml:lang="en">
<title>USA: RESEARCH ALERT - Vornado Realty a buy.</title>
<headline>RESEARCH ALERT - Vornado Realty a buy.</headline>
<text>
<p>-- UBS Securities analyst Mary Hogan said in a research note she initiated coverage of Vornado Realty Trust with a buy recommendation and a 12-month price target of $75 per share.  </p>
<p>-- Hogan states that key positives for the company are &quot;highly regarded, highly incentivized management team with significant insider ownership&quot; and the company's &quot;shift toward more aggressive growth strategy (that) could result in earnings upside beyond our expectations.&quot;</p>
<p>-- 1997 estimated funds from operations are $2.36 per share and for 1998 it is $3.80 per share.</p>
<p>-- The company is a &quot;premier shopping center REIT transitioning into a more agressive, growth-oriented REIT,&quot; Hogan said.</p>
<p>-- Shares were up 1/4 to 64-3/8 in early New York Stock Exchange trade.</p>
</text>
<copyright>(c) Reuters Limited 1997</copyright>
<metadata>
<codes class="bip:countries:1.0">
  <code code="USA">
    <editdetail attribution="Reuters BIP Coding Group" action="confirmed" date="1997-04-23"/>
  </code>
</codes>
<codes class="bip:industries:1.0">
  <code code="I85000">
    <editdetail attribution="Reuters BIP Coding Group" action="confirmed" date="1997-04-23"/>
  </code>
</codes>
<codes class="bip:topics:1.0">
  <code code="C15">
    <editdetail attribution="Reuters BIP Coding Group" action="confirmed" date="1997-04-23"/>
  </code>
  <code code="C152">
    <editdetail attribution="Reuters BIP Coding Group" action="confirmed" date="1997-04-23"/>
  </code>
  <code code="CCAT">
    <editdetail attribution="Reuters BIP Coding Group" action="confirmed" date="1997-04-23"/>
  </code>
</codes>
<dc element="dc.publisher" value="Reuters Holdings Plc"/>
<dc element="dc.date.published" value="1997-04-23"/>
<dc element="dc.source" value="Reuters"/>
<dc element="dc.creator.location.country.name" value="USA"/>
<dc element="dc.source" value="Reuters"/>
</metadata>
</newsitem>
