<?xml version="1.0" encoding="iso-8859-1" ?>
<newsitem itemid="139547" id="root" date="1996-10-24" xml:lang="en">
<title>USA: Cincinnati Financial Corp Q3 shr shrinks.</title>
<headline>Cincinnati Financial Corp Q3 shr shrinks.</headline>
<dateline>CINCINNATI 1996-10-24</dateline>
<text>
<p>1996			1995</p>
<p> Shr			  $0.82		    $1.03</p>
<p> Net			 46,900		   58,600</p>
<p> Revs		     455,700		  416,700</p>
<p> Avg shrs		  57,800		   57,700</p>
<p>	  9  MONTHS</p>
<p> Shr			  $2.82		    $3.11</p>
<p> Net			160,800		  177,000</p>
<p> Revs		   1,349,500		1,236,400</p>
<p> Avg shrs		  57,800		   57,700</p>
<p>(All data above 000s except per share numbers)</p>
<p>-- New York Newsdesk 212-859-1610</p>
</text>
<copyright>(c) Reuters Limited 1996</copyright>
<metadata>
<codes class="bip:countries:1.0">
  <code code="USA">
    <editdetail attribution="Reuters BIP Coding Group" action="confirmed" date="1996-10-24"/>
  </code>
</codes>
<codes class="bip:industries:1.0">
  <code code="I82001">
    <editdetail attribution="Reuters BIP Coding Group" action="confirmed" date="1996-10-24"/>
  </code>
</codes>
<codes class="bip:topics:1.0">
  <code code="C15">
    <editdetail attribution="Reuters BIP Coding Group" action="confirmed" date="1996-10-24"/>
  </code>
  <code code="C151">
    <editdetail attribution="Reuters BIP Coding Group" action="confirmed" date="1996-10-24"/>
  </code>
  <code code="CCAT">
    <editdetail attribution="Reuters BIP Coding Group" action="confirmed" date="1996-10-24"/>
  </code>
</codes>
<dc element="dc.date.created" value="1996-10-24"/>
<dc element="dc.publisher" value="Reuters Holdings Plc"/>
<dc element="dc.date.published" value="1996-10-24"/>
<dc element="dc.source" value="Reuters"/>
<dc element="dc.creator.location" value="CINCINNATI"/>
<dc element="dc.creator.location.country.name" value="USA"/>
<dc element="dc.source" value="Reuters"/>
</metadata>
</newsitem>
