<?xml version="1.0" encoding="iso-8859-1" ?>
<newsitem itemid="69986" id="root" date="1996-09-23" xml:lang="en">
<title>BOSNIA: BOSNIA-HERZEGOVINA GOVERNMENT LIST.</title>
<headline>BOSNIA-HERZEGOVINA GOVERNMENT LIST.</headline>
<text>
<p>BOSNIA-HERZEGOVINA GOVERNMENT LIST (960923)</p>
<p> *************************************************************</p>
<p> * 22 Sep 96 - A recount in Bosnia's elections confirmed that*</p>
<p> *		 Moslem President Alija Izetbegovic narrowly   *</p>
<p> *		 defeated hardline Bosnian Serb rival Momcilo  *</p>
<p> *		 Krajisnik to become the first head of the     *</p>
<p> *		 new collective presidency. The preliminary    *</p>
<p> *		 final result must still be re-verified by     *</p>
<p> *		 computer before it can be certified.	    *</p>
<p> *************************************************************</p>
<p> President...................................Alija IZETBEGOVIC</p>
<p>							    (See note above)</p>
<p> Vice President.....................................Ejup GANIC</p>
<p>				 - - - - - - -</p>
<p>CENTRAL GOVERNMENT (Formed 30 Jan 96):</p>
<p> Prime Minister................................Hasan MURATOVIC</p>
<p>				 - - - - - - -</p>
<p>MINISTERS:</p>
<p> Finance......................................Mirsad KIKANOVIC</p>
<p> Foreign Affairs................................Jadranko PRLIC</p>
<p> Foreign Trade &amp; International Communications......Neven TOMIC</p>
<p> Justice............................................Himo PASIC</p>
<p> Refugees &amp; Displaced Persons...................Nudzeim RECICA</p>
<p> Without Portfolio..........................Dragoljub STOJANOV</p>
<p>				 - - - -.- - -</p>
<p> National Bank Governor.........................Kasim OMICEVIC</p>
<p>				 - - - - - - -</p>
<p>MOSLEM-CROAT FEDERATION GOVERNMENT (Formed 31 Jan 96):</p>
<p> Prime Minister....................Izudin KAPETANOVIC (Moslem)</p>
<p> Deputy Prime Minister................Drago BILANDZIJA (Croat)</p>
<p>(Also Finance Minister)</p>
<p>				 - - - - - - -</p>
<p>MINISTERS:</p>
<p> Defence...............................Vladimir SOLJIC (Croat)</p>
<p> Energy, Mining, Industry.................Enver KRESO (Moslem)</p>
<p> Environment.........................Ibrahim MORANKIC (Moslem)</p>
<p> Finance.............................See Deputy Prime MInister</p>
<p> Health....................................Bozo LJUBIC (Croat)</p>
<p> Internal Affairs..........................Avdo HEBIB (Moslem)</p>
<p> Justice....................................Mato TADIC (Croat)</p>
<p>Science, Education, Culture &amp;</p>
<p>     Sport.....................Fahrudin RIZVANBEGOVIC (Moslem)</p>
<p>Social Politics, Refugees &amp; Displaced</p>
<p>     persons...............................Ferid ALIC (Moslem)</p>
<p> Trade.................................Nikola GRABOVAC (Croat)</p>
<p> Transport &amp; Communication............Rasim GACANOVIC (Moslem)</p>
<p>Waterpower Engineering, Agriculture</p>
<p>     &amp; Forestry.........................Ahmed SMAJIC  (Moslem)</p>
<p> Without Portfolio........................Martin RAGUZ (Croat)</p>
<p>						Nedeljko DESPOTOVIC (Serb)</p>
<p>				  - - - - - - -</p>
<p>NOTE: Any comments/queries on the content of this</p>
<p>	    government list, please contact the Reuter</p>
<p>	    Editorial Reference Unit, London, on (171) 542</p>
<p>	    7968.</p>
<p>			   (End Government List)</p>
</text>
<copyright>(c) Reuters Limited 1996</copyright>
<metadata>
<codes class="bip:countries:1.0">
  <code code="BSHZG">
    <editdetail attribution="Reuters BIP Coding Group" action="confirmed" date="1996-09-23"/>
  </code>
</codes>
<codes class="bip:topics:1.0">
  <code code="GCAT">
    <editdetail attribution="Reuters BIP Coding Group" action="confirmed" date="1996-09-23"/>
  </code>
  <code code="GPOL">
    <editdetail attribution="Reuters BIP Coding Group" action="confirmed" date="1996-09-23"/>
  </code>
</codes>
<dc element="dc.publisher" value="Reuters Holdings Plc"/>
<dc element="dc.date.published" value="1996-09-23"/>
<dc element="dc.source" value="Reuters"/>
<dc element="dc.creator.location.country.name" value="BOSNIA"/>
<dc element="dc.source" value="Reuters"/>
</metadata>
</newsitem>
