<?xml version="1.0" encoding="iso-8859-1" ?>
<newsitem itemid="83071" id="root" date="1996-09-28" xml:lang="en">
<title>HONG KONG: TABLE TENNIS-CHINA'S DENG SHOWS HER CLASS IN WORLD CUP.</title>
<headline>TABLE TENNIS-CHINA'S DENG SHOWS HER CLASS IN WORLD CUP.</headline>
<dateline>HONG KONG 1996-09-28</dateline>
<text>
<p>Double Olympic champion Deng</p>
<p>Yaping of China underlined her class and superiority with two</p>
<p>easy group victories on the opening day of the inaugural women's</p>
<p>World Cup on Saturday.</p>
<p>The world number one is strong favourite for the $22,000</p>
<p>first prize in an event which failed to attract Olympic silver</p>
<p>medallist Chen Jing of Taiwan and world number two Qiao Hong of</p>
<p>China.</p>
<p>She started with a straightforward 21-7 21-12 win over</p>
<p>African champion Bose Kaffo of Nigeria and then gained revenge</p>
<p>over Hong Kong's Chan Tan-lui, who beat her in the team final at</p>
<p>the 1994 Asian Games, with a 21-4 21-9 victory to virtually</p>
<p>clinch a quarter-final spot with one group  A match to play.</p>
<p>The major surprise of the day came with defeat for Deng's</p>
<p>compatriot Yang Ying, the world number six and England Open</p>
<p>champion, who was beaten 15-21 21-18 22-20 by 47th ranked Marie</p>
<p>Svensson of Sweden in group C.</p>
<p>The group is wide open with Romania's Otilia Badescu beating</p>
<p>European champion Nicole Struse of Germany 21-18 21-9. Struse is</p>
<p>playing in her first event since injuring a calf muscle last</p>
<p>month and looked far from match fit.</p>
<p>&quot;Beating Yang was a good win for me and with Struse losing,</p>
<p>the group is very tight,&quot; said Svensson.</p>
<p>All remaining group matches and the quarter-finals are</p>
<p>scheduled for Sunday.</p>
</text>
<copyright>(c) Reuters Limited 1996</copyright>
<metadata>
<codes class="bip:countries:1.0">
  <code code="HKONG">
    <editdetail attribution="Reuters BIP Coding Group" action="confirmed" date="1996-09-28"/>
  </code>
</codes>
<codes class="bip:topics:1.0">
  <code code="GCAT">
    <editdetail attribution="Reuters BIP Coding Group" action="confirmed" date="1996-09-28"/>
  </code>
  <code code="GSPO">
    <editdetail attribution="Reuters BIP Coding Group" action="confirmed" date="1996-09-28"/>
  </code>
</codes>
<dc element="dc.date.created" value="1996-09-28"/>
<dc element="dc.publisher" value="Reuters Holdings Plc"/>
<dc element="dc.date.published" value="1996-09-28"/>
<dc element="dc.source" value="Reuters"/>
<dc element="dc.creator.location" value="HONG KONG"/>
<dc element="dc.creator.location.country.name" value="HONG KONG"/>
<dc element="dc.source" value="Reuters"/>
</metadata>
</newsitem>
