<?xml version="1.0" encoding="iso-8859-1" ?>
<newsitem itemid="567610" id="root" date="1997-05-07" xml:lang="en">
<title>SWEDEN: Sweden finmin - EMU decision must match public view.</title>
<headline>Sweden finmin - EMU decision must match public view.</headline>
<dateline>STOCKHOLM 1997-05-07</dateline>
<text>
<p>Sweden's Finance Minister Erik Asbrink said on Wednesday a decision regarding Swedish membership in Europe's economic and monetary union (EMU) could not run counter to public opinion.</p>
<p>He also said he had seen no change in Swedish public opinion about EMU in the past six months.  </p>
<p>&quot;The government can not have a view which runs counter to public opinion on the EMU issue,&quot; Asbrink told journalists after a parliamentary European Affairs committee meeting.</p>
<p>&quot;Overall I have not seen any considerable changes in the opinion picture in the last half year,&quot; Asbrink said.</p>
<p>He added that there would be no decision on EMU for a few weeks.</p>
<p>&quot;You can estimate a few more weeks from today. In good time I will announce when this will happen so everyone can take part,&quot; he said.  </p>
<p>Asbrink said that he would announce the view both on the behalf of the government and party leaders.</p>
<p>&quot;It will also be my personal view,&quot; he said.</p>
<p>Although opinion polls have showed Swedes turning slightly more in favour of EMU, a Tuesday survey by pollster Sifo indictated that merely 26 percent gave a 1999 membership a nod, while 24 percent wanted to join at a later stage and 35 percent dismissed a link. The rest were undecided.</p>
<p>-- Peter Fellman, Stockholm newsroom +46-8-700 1007</p>
</text>
<copyright>(c) Reuters Limited 1997</copyright>
<metadata>
<codes class="bip:countries:1.0">
  <code code="EEC">
    <editdetail attribution="Reuters BIP Coding Group" action="confirmed" date="1997-05-07"/>
  </code>
  <code code="SWED">
    <editdetail attribution="Reuters BIP Coding Group" action="confirmed" date="1997-05-07"/>
  </code>
</codes>
<codes class="bip:topics:1.0">
  <code code="E12">
    <editdetail attribution="Reuters BIP Coding Group" action="confirmed" date="1997-05-07"/>
  </code>
  <code code="ECAT">
    <editdetail attribution="Reuters BIP Coding Group" action="confirmed" date="1997-05-07"/>
  </code>
  <code code="G15">
    <editdetail attribution="Reuters BIP Coding Group" action="confirmed" date="1997-05-07"/>
  </code>
  <code code="G151">
    <editdetail attribution="Reuters BIP Coding Group" action="confirmed" date="1997-05-07"/>
  </code>
  <code code="G154">
    <editdetail attribution="Reuters BIP Coding Group" action="confirmed" date="1997-05-07"/>
  </code>
  <code code="GCAT">
    <editdetail attribution="Reuters BIP Coding Group" action="confirmed" date="1997-05-07"/>
  </code>
  <code code="M13">
    <editdetail attribution="Reuters BIP Coding Group" action="confirmed" date="1997-05-07"/>
  </code>
  <code code="M132">
    <editdetail attribution="Reuters BIP Coding Group" action="confirmed" date="1997-05-07"/>
  </code>
  <code code="MCAT">
    <editdetail attribution="Reuters BIP Coding Group" action="confirmed" date="1997-05-07"/>
  </code>
</codes>
<dc element="dc.date.created" value="1997-05-07"/>
<dc element="dc.publisher" value="Reuters Holdings Plc"/>
<dc element="dc.date.published" value="1997-05-07"/>
<dc element="dc.source" value="Reuters"/>
<dc element="dc.creator.location" value="STOCKHOLM"/>
<dc element="dc.creator.location.country.name" value="SWEDEN"/>
<dc element="dc.source" value="Reuters"/>
</metadata>
</newsitem>
