<?xml version="1.0" encoding="iso-8859-1" ?>
<newsitem itemid="447276" id="root" date="1997-03-17" xml:lang="en">
<title>USA: High cost alumina producers may shut-Kaiser.</title>
<headline>High cost alumina producers may shut-Kaiser.</headline>
<dateline>MIAMI 1997-03-17</dateline>
<text>
<p>Producers of alumina above $150 per tonne may be forced to shut as new, low cost producers enter the market over coming years, Peter McIntosh, director of business development at Kaiser Aluminum Corp, said.</p>
<p>&quot;All of the new capacity coming on stream is low cost and this pushes high cost plants up the cost curve. If uncorrected, they face the prospect of shutting,&quot; McIntosh told Metal Bulletin's Bauxite and Alumina seminar.</p>
<p>Australia dominated in the low cost end of alumina production, producing 13.5 million tonnes a year, by far the biggest single producer, followed by North and Latin America at 6.5 million tonnes respectively.</p>
<p>Some two tonnes of alumina are needed to make one tonne of aluminum. Spot alumina prices are about $200 a tonne at present.</p>
<p>Aluminum prices, although highly cyclical, were trending around 70 cents a pound and rising only slowly because aluminum is a mature industry.</p>
<p>Between 1997 and 1999, the aluminum market needed to grow 3.5 percent to remain in balance, with no major increases in auto and housing demand seen and significant restocking was unlikely, McIntosh said.</p>
<p>The Western alumina sector was operating at 96 to 98 percent of nameplate capacity, and idled capacity will be able to meet any increase in demand until 1999.</p>
<p>Alumina refineries must be competitive at $150 a tonne or less in down cycles, McIntosh said. Even at $150 a tonne, half of the world's alumina capacity will not be making money.</p>
<p>&quot;To survive, you need to be in the bottom half of the cost curve,&quot; McIntosh said.</p>
<p>When capital costs are included, even fewer alumina plants were profitable.</p>
<p>&quot;Cyclical demand and price, and slow growth are here to stay,&quot; McIntosh said. &quot;We have to learn to live with it and I don't believe we have.&quot;</p>
<p>((Huw Jones, New York Commodity Desk 212-859-1646))</p>
</text>
<copyright>(c) Reuters Limited 1997</copyright>
<metadata>
<codes class="bip:countries:1.0">
  <code code="USA">
    <editdetail attribution="Reuters BIP Coding Group" action="confirmed" date="1997-03-17"/>
  </code>
</codes>
<codes class="bip:industries:1.0">
  <code code="I22450">
    <editdetail attribution="Reuters BIP Coding Group" action="confirmed" date="1997-03-17"/>
  </code>
</codes>
<codes class="bip:topics:1.0">
  <code code="C24">
    <editdetail attribution="Reuters BIP Coding Group" action="confirmed" date="1997-03-17"/>
  </code>
  <code code="C31">
    <editdetail attribution="Reuters BIP Coding Group" action="confirmed" date="1997-03-17"/>
  </code>
  <code code="CCAT">
    <editdetail attribution="Reuters BIP Coding Group" action="confirmed" date="1997-03-17"/>
  </code>
  <code code="M14">
    <editdetail attribution="Reuters BIP Coding Group" action="confirmed" date="1997-03-17"/>
  </code>
  <code code="M142">
    <editdetail attribution="Reuters BIP Coding Group" action="confirmed" date="1997-03-17"/>
  </code>
  <code code="MCAT">
    <editdetail attribution="Reuters BIP Coding Group" action="confirmed" date="1997-03-17"/>
  </code>
</codes>
<dc element="dc.date.created" value="1997-03-17"/>
<dc element="dc.publisher" value="Reuters Holdings Plc"/>
<dc element="dc.date.published" value="1997-03-17"/>
<dc element="dc.source" value="Reuters"/>
<dc element="dc.creator.location" value="MIAMI"/>
<dc element="dc.creator.location.country.name" value="USA"/>
<dc element="dc.source" value="Reuters"/>
</metadata>
</newsitem>
