<?xml version="1.0" encoding="iso-8859-1" ?>
<newsitem itemid="73239" id="root" date="1996-09-24" xml:lang="en">
<title>USA: Credo Petroleum Q3 full results.</title>
<headline>Credo Petroleum Q3 full results.</headline>
<dateline>DENVER 1996-09-24</dateline>
<text>
<p>Nine Mos   Nine Mos	 Qtr	  Qtr</p>
<p>			     Ended	Ended	Ended     Ended</p>
<p> Condensed Operating  Jul 31,    Jul 31,   Jul 31,    Jul 31,</p>
<p>  Information (Unaudited)  1996    1995	1996	 1995</p>
<p>Revenues:</p>
<p>Oil and Gas Sales</p>
<p>			 $1,238,000 $1,134,000  $440,000   $366,000</p>
<p>   Operating	    310,000    317,000   104,000    101,000</p>
<p>Interest and Other</p>
<p>			    112,000    149,000    32,000     57,000</p>
<p>			  1,660,000  1,600,000   576,000    524,000</p>
<p>Expenses:</p>
<p>General and</p>
<p>    Administrative    459,000    432,000   153,000    145,000</p>
<p>Depreciation, Depletion and</p>
<p>    Amortization	422,000    412,000   146,000    130,000</p>
<p>Oil and Gas</p>
<p>    Production	  548,000    467,000   204,000    165,000</p>
<p>			  1,429,000  1,311,000   503,000    440,000</p>
<p>Earnings Before</p>
<p>  Income Taxes	  231,000    289,000    73,000     84,000</p>
<p> Income Taxes	  (81,000)  (101,000)  (26,000)   (30,000)</p>
<p> Net Earnings	   150,000    188,000    47,000     54,000</p>
<p> Earnings Per Share	 .05	  .06	 .02	  .02</p>
<p>Weighted Average Common Shares Outstanding</p>
<p>During the Period</p>
<p>			 3,114,000  3,214,000  3,098,000  3,204,000</p>
<p>-- New York Newsdesk 212-859-1610</p>
</text>
<copyright>(c) Reuters Limited 1996</copyright>
<metadata>
<codes class="bip:countries:1.0">
  <code code="USA">
    <editdetail attribution="Reuters BIP Coding Group" action="confirmed" date="1996-09-24"/>
  </code>
</codes>
<codes class="bip:industries:1.0">
  <code code="I13000">
    <editdetail attribution="Reuters BIP Coding Group" action="confirmed" date="1996-09-24"/>
  </code>
  <code code="I1300003">
    <editdetail attribution="Reuters BIP Coding Group" action="confirmed" date="1996-09-24"/>
  </code>
</codes>
<codes class="bip:topics:1.0">
  <code code="C15">
    <editdetail attribution="Reuters BIP Coding Group" action="confirmed" date="1996-09-24"/>
  </code>
  <code code="C151">
    <editdetail attribution="Reuters BIP Coding Group" action="confirmed" date="1996-09-24"/>
  </code>
  <code code="CCAT">
    <editdetail attribution="Reuters BIP Coding Group" action="confirmed" date="1996-09-24"/>
  </code>
</codes>
<dc element="dc.date.created" value="1996-09-24"/>
<dc element="dc.publisher" value="Reuters Holdings Plc"/>
<dc element="dc.date.published" value="1996-09-24"/>
<dc element="dc.source" value="Reuters"/>
<dc element="dc.creator.location" value="DENVER"/>
<dc element="dc.creator.location.country.name" value="USA"/>
<dc element="dc.source" value="Reuters"/>
</metadata>
</newsitem>
