<?xml version="1.0" encoding="iso-8859-1" ?>
<newsitem itemid="760501" id="root" date="1997-07-28" xml:lang="en">
<title>USA: TABLE - Peoples Home Q2 net decreases.</title>
<headline>TABLE - Peoples Home Q2 net decreases.</headline>
<dateline>BEAVER FALLS, Pa. 1997-07-28</dateline>
<text>
<p>1997			1996</p>
<p> Shr			    n/a			n/a</p>
<p>Net interest income</p>
<p>				1,700		    1,680</p>
<p>Provision for loan losses</p>
<p>				  175			 95</p>
<p> Net			    350			356</p>
<p>	   6  MONTHS</p>
<p> Shr			    n/a			n/a</p>
<p>Net interest income</p>
<p>				3,360		    3,294</p>
<p>Provision for loan losses</p>
<p>				  305			205</p>
<p> Net			    698			700</p>
<p>(All data above 000s except per share numbers)</p>
<p>NOTE:  Peoples Home Savings Bank said its net income for the second quarter of 1997 included a gain of $2,625 for the sale of loans and a gain of $77,340 for investment securities.</p>
<p>Net income for the first six months of 1997 included a gain of $3,015 for the sale of loans and a gain of $77,340 for investment securities.</p>
<p>The company said per share data is not available because it only converted to a stock form of company from a mutual form in July 1997.</p>
</text>
<copyright>(c) Reuters Limited 1997</copyright>
<metadata>
<codes class="bip:countries:1.0">
  <code code="USA">
    <editdetail attribution="Reuters BIP Coding Group" action="confirmed" date="1997-07-28"/>
  </code>
</codes>
<codes class="bip:topics:1.0">
  <code code="C15">
    <editdetail attribution="Reuters BIP Coding Group" action="confirmed" date="1997-07-28"/>
  </code>
  <code code="C151">
    <editdetail attribution="Reuters BIP Coding Group" action="confirmed" date="1997-07-28"/>
  </code>
  <code code="CCAT">
    <editdetail attribution="Reuters BIP Coding Group" action="confirmed" date="1997-07-28"/>
  </code>
</codes>
<dc element="dc.date.created" value="1997-07-28"/>
<dc element="dc.publisher" value="Reuters Holdings Plc"/>
<dc element="dc.date.published" value="1997-07-28"/>
<dc element="dc.source" value="Reuters"/>
<dc element="dc.creator.location" value="BEAVER FALLS, Pa."/>
<dc element="dc.creator.location.country.name" value="USA"/>
<dc element="dc.source" value="Reuters"/>
</metadata>
</newsitem>
