<?xml version="1.0" encoding="iso-8859-1" ?>
<newsitem itemid="708448" id="root" date="1997-07-04" xml:lang="en">
<title>JAPAN: MOF says to hold 6-mth T-bill auction on Monday.</title>
<headline>MOF says to hold 6-mth T-bill auction on Monday.</headline>
<dateline>TOKYO 1997-07-04</dateline>
<text>
<p>The Ministry of Finance (MOF) plans to offer six-month Treasury Bills (T-bills) through a price-competitive auction on Monday, a ministry official said on Friday.</p>
<p>Traders said the offer amount is likely to be 1.5 trillion yen, as 1.5 trillion yen worth of six-month T-bills is due to mature on July 10.</p>
<p>-- Tokyo Treasury Desk +81-3-5473-3748</p>
</text>
<copyright>(c) Reuters Limited 1997</copyright>
<metadata>
<codes class="bip:countries:1.0">
  <code code="JAP">
    <editdetail attribution="Reuters BIP Coding Group" action="confirmed" date="1997-07-04"/>
  </code>
</codes>
<codes class="bip:topics:1.0">
  <code code="M13">
    <editdetail attribution="Reuters BIP Coding Group" action="confirmed" date="1997-07-04"/>
  </code>
  <code code="M131">
    <editdetail attribution="Reuters BIP Coding Group" action="confirmed" date="1997-07-04"/>
  </code>
  <code code="MCAT">
    <editdetail attribution="Reuters BIP Coding Group" action="confirmed" date="1997-07-04"/>
  </code>
</codes>
<dc element="dc.date.created" value="1997-07-04"/>
<dc element="dc.publisher" value="Reuters Holdings Plc"/>
<dc element="dc.date.published" value="1997-07-04"/>
<dc element="dc.source" value="Reuters"/>
<dc element="dc.creator.location" value="TOKYO"/>
<dc element="dc.creator.location.country.name" value="JAPAN"/>
<dc element="dc.source" value="Reuters"/>
</metadata>
</newsitem>
