<?xml version="1.0" encoding="iso-8859-1" ?>
<newsitem itemid="46384" id="root" date="1996-09-11" xml:lang="en">
<title>JORDAN: Jordan o/n rates drop to 3.50-4.50 percent.</title>
<headline>Jordan o/n rates drop to 3.50-4.50 percent.</headline>
<dateline>AMMAN 1996-09-11</dateline>
<text>
<p>Overnight rates on the Jordanian dinar were pushed lower to a 3.50-4.50 percent range on Wednesday from 5.00-5.50 percent on Tuesday in a market awash with dinars, dealers said.</p>
<p>Dealers blame the softer tone since the start of the week on Saturday to over 13 million dinars of maturing CDs that came back to the banking system and were not re-invested in the new 15 million dinar CD auction.</p>
<p>$1 = 0.0708 dinar</p>
<p>-- Amman newsroom takes queries on +962 6 623 776</p>
</text>
<copyright>(c) Reuters Limited 1996</copyright>
<metadata>
<codes class="bip:countries:1.0">
  <code code="JORDAN">
    <editdetail attribution="Reuters BIP Coding Group" action="confirmed" date="1996-09-11"/>
  </code>
</codes>
<codes class="bip:topics:1.0">
  <code code="M13">
    <editdetail attribution="Reuters BIP Coding Group" action="confirmed" date="1996-09-11"/>
  </code>
  <code code="M131">
    <editdetail attribution="Reuters BIP Coding Group" action="confirmed" date="1996-09-11"/>
  </code>
  <code code="MCAT">
    <editdetail attribution="Reuters BIP Coding Group" action="confirmed" date="1996-09-11"/>
  </code>
</codes>
<dc element="dc.date.created" value="1996-09-11"/>
<dc element="dc.publisher" value="Reuters Holdings Plc"/>
<dc element="dc.date.published" value="1996-09-11"/>
<dc element="dc.source" value="Reuters"/>
<dc element="dc.creator.location" value="AMMAN"/>
<dc element="dc.creator.location.country.name" value="JORDAN"/>
<dc element="dc.source" value="Reuters"/>
</metadata>
</newsitem>
