<?xml version="1.0" encoding="iso-8859-1" ?>
<newsitem itemid="314758" id="root" date="1997-01-17" xml:lang="en">
<title>MEXICO: Banco de Mexico assigns two secondary auctions.</title>
<headline>Banco de Mexico assigns two secondary auctions.</headline>
<dateline>MEXICO CITY 1997-01-17</dateline>
<text>
<p>Banco de Mexico has completed both auctions whereby it sought to drain 1.556</p>
<p>billion pesos from the secondary market, dealers said.</p>
<p>CREDIT AUCTIONS   TERM     MAX    MIN    AVERAGE  BIDS BIDDERS</p>
<p>  778 million pesos   6 days   24.95  24.85  24.94    6    6</p>
<p>  778 million pesos   3 days   24.40  24.40  24.40    3    3</p>
<p>NOTE - The maximum, minimum and average are percentages.</p>
<p>(( --Mexico City newsroom +525 728-9500))</p>
</text>
<copyright>(c) Reuters Limited 1997</copyright>
<metadata>
<codes class="bip:countries:1.0">
  <code code="MEX">
    <editdetail attribution="Reuters BIP Coding Group" action="confirmed" date="1997-01-17"/>
  </code>
</codes>
<codes class="bip:topics:1.0">
  <code code="M13">
    <editdetail attribution="Reuters BIP Coding Group" action="confirmed" date="1997-01-17"/>
  </code>
  <code code="M131">
    <editdetail attribution="Reuters BIP Coding Group" action="confirmed" date="1997-01-17"/>
  </code>
  <code code="MCAT">
    <editdetail attribution="Reuters BIP Coding Group" action="confirmed" date="1997-01-17"/>
  </code>
</codes>
<dc element="dc.date.created" value="1997-01-17"/>
<dc element="dc.publisher" value="Reuters Holdings Plc"/>
<dc element="dc.date.published" value="1997-01-17"/>
<dc element="dc.source" value="Reuters"/>
<dc element="dc.creator.location" value="MEXICO CITY"/>
<dc element="dc.creator.location.country.name" value="MEXICO"/>
<dc element="dc.source" value="Reuters"/>
</metadata>
</newsitem>
