<?xml version="1.0" encoding="iso-8859-1" ?>
<newsitem itemid="23618" id="root" date="1996-08-30" xml:lang="en">
<title>USA: RESEARCH ALERT - Piper cautious on Avid.</title>
<headline>RESEARCH ALERT - Piper cautious on Avid.</headline>
<text>
<p>-- Piper Jaffray said it expects the resignation of Avid Technology Inc president Daniel Keshian to lead the company to take longer to implement a turnaround in its results than Wall Street has expected.</p>
<p>-- The resignation is effective September 30.</p>
<p>-- The brokerage said that while Avid chairman and chief executive Bill Miller, who is assuming Keshian's responsibilities, has experience running manufacturing and operations, it believes he will require time to become acquainted with the demands of the video market.</p>
<p>-- The firm reiterated its market performer rating. It holds a fiscal 1997 earnings estimate of $0.52 per share.</p>
<p>-- The stock was off 5/8 to 17-7/8 at midday Friday.</p>
<p>-- E. Auchard, Wall Street bureau, 212-859-1736</p>
</text>
<copyright>(c) Reuters Limited 1996</copyright>
<metadata>
<codes class="bip:countries:1.0">
  <code code="USA">
    <editdetail attribution="Reuters BIP Coding Group" action="confirmed" date="1996-08-30"/>
  </code>
</codes>
<codes class="bip:industries:1.0">
  <code code="I37300">
    <editdetail attribution="Reuters BIP Coding Group" action="confirmed" date="1996-08-30"/>
  </code>
</codes>
<codes class="bip:topics:1.0">
  <code code="C15">
    <editdetail attribution="Reuters BIP Coding Group" action="confirmed" date="1996-08-30"/>
  </code>
  <code code="C152">
    <editdetail attribution="Reuters BIP Coding Group" action="confirmed" date="1996-08-30"/>
  </code>
  <code code="CCAT">
    <editdetail attribution="Reuters BIP Coding Group" action="confirmed" date="1996-08-30"/>
  </code>
</codes>
<dc element="dc.publisher" value="Reuters Holdings Plc"/>
<dc element="dc.date.published" value="1996-08-30"/>
<dc element="dc.source" value="Reuters"/>
<dc element="dc.creator.location.country.name" value="USA"/>
<dc element="dc.source" value="Reuters"/>
</metadata>
</newsitem>
