<?xml version="1.0" encoding="iso-8859-1" ?>
<newsitem itemid="799154" id="root" date="1997-08-14" xml:lang="en">
<title>USA: TABLE - EIP Microwave Inc Q3 results.</title>
<headline>TABLE - EIP Microwave Inc Q3 results.</headline>
<dateline>MILPITAS, Calif. 1997-08-14</dateline>
<text>
<p>EIP Microwave Inc.</p>
<p>		     (In thousands except per share data)</p>
<p>				  (unaudited)</p>
<p>				Three Months Ended  Nine Months Ended</p>
<p>					  June 30,	     June 30,</p>
<p>				     1997	1996	1997    1996</p>
<p> Net sales			$1,013   $1,642    $3,560  $4,886</p>
<p> Net income (loss)	     (278)    (197)     (793)   (319)</p>
<p> Income (loss) per share    (0.65)   (0.47)    (1.87)  (0.75)</p>
<p>Weighted average shares</p>
<p>  of common stock		  425	423	 425     423</p>
</text>
<copyright>(c) Reuters Limited 1997</copyright>
<metadata>
<codes class="bip:countries:1.0">
  <code code="USA">
    <editdetail attribution="Reuters BIP Coding Group" action="confirmed" date="1997-08-14"/>
  </code>
</codes>
<codes class="bip:industries:1.0">
  <code code="I37100">
    <editdetail attribution="Reuters BIP Coding Group" action="confirmed" date="1997-08-14"/>
  </code>
</codes>
<codes class="bip:topics:1.0">
  <code code="C15">
    <editdetail attribution="Reuters BIP Coding Group" action="confirmed" date="1997-08-14"/>
  </code>
  <code code="C151">
    <editdetail attribution="Reuters BIP Coding Group" action="confirmed" date="1997-08-14"/>
  </code>
  <code code="CCAT">
    <editdetail attribution="Reuters BIP Coding Group" action="confirmed" date="1997-08-14"/>
  </code>
</codes>
<dc element="dc.date.created" value="1997-08-14"/>
<dc element="dc.publisher" value="Reuters Holdings Plc"/>
<dc element="dc.date.published" value="1997-08-14"/>
<dc element="dc.source" value="Reuters"/>
<dc element="dc.creator.location" value="MILPITAS, Calif."/>
<dc element="dc.creator.location.country.name" value="USA"/>
<dc element="dc.source" value="Reuters"/>
</metadata>
</newsitem>
