<?xml version="1.0" encoding="iso-8859-1" ?>
<newsitem itemid="108934" id="root" date="1996-10-10" xml:lang="en">
<title>USA: May Department Sept same-store sales up.</title>
<headline>May Department Sept same-store sales up.</headline>
<dateline>ST. LOUIS 1996-10-10</dateline>
<text>
<p>May Department Stores Inc said Thursday its same-store sales rose 0.4 percent in September.  </p>
<p>May's total sales rose to $1.07 billion in September from $1.00 billion during the same period last year, it said.</p>
<p>September sales were hurt by a shift in the accounting calendar, resulting in a significant portion of pre-Labor Day sales falling in August this year, the retailer said.</p>
<p>Sales for the first eight months of this year were $6.79 billion, up from $6.09 billion during the first eight months of last year.</p>
<p>-- Reuter Chicago Newsdesk 312-408-8787</p>
</text>
<copyright>(c) Reuters Limited 1996</copyright>
<metadata>
<codes class="bip:countries:1.0">
  <code code="USA">
    <editdetail attribution="Reuters BIP Coding Group" action="confirmed" date="1996-10-10"/>
  </code>
</codes>
<codes class="bip:industries:1.0">
  <code code="I65600">
    <editdetail attribution="Reuters BIP Coding Group" action="confirmed" date="1996-10-10"/>
  </code>
  <code code="I6560002">
    <editdetail attribution="Reuters BIP Coding Group" action="confirmed" date="1996-10-10"/>
  </code>
</codes>
<codes class="bip:topics:1.0">
  <code code="C31">
    <editdetail attribution="Reuters BIP Coding Group" action="confirmed" date="1996-10-10"/>
  </code>
  <code code="CCAT">
    <editdetail attribution="Reuters BIP Coding Group" action="confirmed" date="1996-10-10"/>
  </code>
</codes>
<dc element="dc.date.created" value="1996-10-10"/>
<dc element="dc.publisher" value="Reuters Holdings Plc"/>
<dc element="dc.date.published" value="1996-10-10"/>
<dc element="dc.source" value="Reuters"/>
<dc element="dc.creator.location" value="ST. LOUIS"/>
<dc element="dc.creator.location.country.name" value="USA"/>
<dc element="dc.source" value="Reuters"/>
</metadata>
</newsitem>
