<?xml version="1.0" encoding="iso-8859-1" ?>
<newsitem itemid="147918" id="root" date="1996-10-28" xml:lang="en">
<title>NETHERLANDS: ABN AMRO's EAB Q3 net rises 29.7 percent.</title>
<headline>ABN AMRO's EAB Q3 net rises 29.7 percent.</headline>
<dateline>AMSTERDAM 1996-10-28</dateline>
<text>
<p>ABN AMRO Holding NV announced following figures for its fully-owned New York banking subsidiary European American Bank (EAB)</p>
<p>Third qtr 1996</p>
<p>(millions of dollars unless otherwise stated)</p>
<p>    Total net profit		     34.99   vs  26.97</p>
<p>    Net interest income		  89.2    vs  76.5</p>
<p>    Provision for loan losses	   6.0    vs   9.0</p>
<p>    Other operating income	     20.2    vs  19.6</p>
<p>    Operating expenses		   64.6    vs  62.0</p>
<p>First nine months of 1996</p>
<p>(millions of dollars unless otherwise stated)</p>
<p>    Total net profit		    100.7    vs  85.5</p>
<p>    Net interest income		 258.7    vs 226.1</p>
<p>    Provision for loan losses	  19.5    vs  28.5</p>
<p>    Other operating income	     60.6    vs  60.4</p>
<p>    Operating expenses		  189.1    vs 176.4</p>
<p>-- Amsterdam newsroom +31 20 504 5000, Fax +31 20 504 5040</p>
</text>
<copyright>(c) Reuters Limited 1996</copyright>
<metadata>
<codes class="bip:countries:1.0">
  <code code="NETH">
    <editdetail attribution="Reuters BIP Coding Group" action="confirmed" date="1996-10-28"/>
  </code>
  <code code="USA">
    <editdetail attribution="Reuters BIP Coding Group" action="confirmed" date="1996-10-28"/>
  </code>
</codes>
<codes class="bip:industries:1.0">
  <code code="I81402">
    <editdetail attribution="Reuters BIP Coding Group" action="confirmed" date="1996-10-28"/>
  </code>
</codes>
<codes class="bip:topics:1.0">
  <code code="C15">
    <editdetail attribution="Reuters BIP Coding Group" action="confirmed" date="1996-10-28"/>
  </code>
  <code code="C151">
    <editdetail attribution="Reuters BIP Coding Group" action="confirmed" date="1996-10-28"/>
  </code>
  <code code="CCAT">
    <editdetail attribution="Reuters BIP Coding Group" action="confirmed" date="1996-10-28"/>
  </code>
</codes>
<dc element="dc.date.created" value="1996-10-28"/>
<dc element="dc.publisher" value="Reuters Holdings Plc"/>
<dc element="dc.date.published" value="1996-10-28"/>
<dc element="dc.source" value="Reuters"/>
<dc element="dc.creator.location" value="AMSTERDAM"/>
<dc element="dc.creator.location.country.name" value="NETHERLANDS"/>
<dc element="dc.source" value="Reuters"/>
</metadata>
</newsitem>
