<?xml version="1.0" encoding="iso-8859-1" ?>
<newsitem itemid="107419" id="root" date="1996-10-10" xml:lang="en">
<title>USA: Whittman-Hart to open three new offices.</title>
<headline>Whittman-Hart to open three new offices.</headline>
<dateline>CHICAGO 1996-10-10</dateline>
<text>
<p>Whittman-Hart Inc said on Thursday that it will open three new branch offices within the next nine months.</p>
<p>A Cleveland office will open in late 1996, Columbus is slated for early 1997 and Atlanta in mid-1997, the company said.</p>
<p>Whittman-Hart provides strategic information technology consulting and system integration services.</p>
<p>-- Chicago newsdesk, 312-408-8787</p>
</text>
<copyright>(c) Reuters Limited 1996</copyright>
<metadata>
<codes class="bip:countries:1.0">
  <code code="USA">
    <editdetail attribution="Reuters BIP Coding Group" action="confirmed" date="1996-10-10"/>
  </code>
</codes>
<codes class="bip:industries:1.0">
  <code code="I83940">
    <editdetail attribution="Reuters BIP Coding Group" action="confirmed" date="1996-10-10"/>
  </code>
</codes>
<codes class="bip:topics:1.0">
  <code code="C11">
    <editdetail attribution="Reuters BIP Coding Group" action="confirmed" date="1996-10-10"/>
  </code>
  <code code="C24">
    <editdetail attribution="Reuters BIP Coding Group" action="confirmed" date="1996-10-10"/>
  </code>
  <code code="CCAT">
    <editdetail attribution="Reuters BIP Coding Group" action="confirmed" date="1996-10-10"/>
  </code>
</codes>
<dc element="dc.date.created" value="1996-10-10"/>
<dc element="dc.publisher" value="Reuters Holdings Plc"/>
<dc element="dc.date.published" value="1996-10-10"/>
<dc element="dc.source" value="Reuters"/>
<dc element="dc.creator.location" value="CHICAGO"/>
<dc element="dc.creator.location.country.name" value="USA"/>
<dc element="dc.source" value="Reuters"/>
</metadata>
</newsitem>
