<?xml version="1.0" encoding="iso-8859-1" ?>
<newsitem itemid="462778" id="root" date="1997-03-24" xml:lang="en">
<title>USA: American Bio files small cap application.</title>
<headline>American Bio files small cap application.</headline>
<dateline>ANCRAMDALE, NY 1997-03-24</dateline>
<text>
<p>American Bio Medica Corp said Monday it filed The Nasdaq SmallCap Market Application.</p>
<p>American Bio Medica Corp is a biomedical company which develops, manufactures and markets rapid, low-cost and easy-to-use diagnostic kits for substance abuse testing and develops other biomedical technologies and devices.</p>
<p>The fact that an applicant may meet Nasdaq numerical guidelines does not necessarily mean that its application will be approved, the company said.</p>
</text>
<copyright>(c) Reuters Limited 1997</copyright>
<metadata>
<codes class="bip:countries:1.0">
  <code code="USA">
    <editdetail attribution="Reuters BIP Coding Group" action="confirmed" date="1997-03-24"/>
  </code>
</codes>
<codes class="bip:topics:1.0">
  <code code="C14">
    <editdetail attribution="Reuters BIP Coding Group" action="confirmed" date="1997-03-24"/>
  </code>
  <code code="C17">
    <editdetail attribution="Reuters BIP Coding Group" action="confirmed" date="1997-03-24"/>
  </code>
  <code code="C171">
    <editdetail attribution="Reuters BIP Coding Group" action="confirmed" date="1997-03-24"/>
  </code>
  <code code="CCAT">
    <editdetail attribution="Reuters BIP Coding Group" action="confirmed" date="1997-03-24"/>
  </code>
</codes>
<dc element="dc.date.created" value="1997-03-24"/>
<dc element="dc.publisher" value="Reuters Holdings Plc"/>
<dc element="dc.date.published" value="1997-03-24"/>
<dc element="dc.source" value="Reuters"/>
<dc element="dc.creator.location" value="ANCRAMDALE, NY"/>
<dc element="dc.creator.location.country.name" value="USA"/>
<dc element="dc.source" value="Reuters"/>
</metadata>
</newsitem>
