<?xml version="1.0" encoding="iso-8859-1" ?>
<newsitem itemid="235004" id="root" date="1996-12-04" xml:lang="en">
<title>UK: Rabobank unit sets A$100 million two-year Eurobond.</title>
<headline>Rabobank unit sets A$100 million two-year Eurobond.</headline>
<dateline>LONDON 1996-12-04</dateline>
<text>
<p>The following bond was announced by lead manager Toronto-Dominion.</p>
<p> BORROWER   RABO AUSTRALIA LTD</p>
<p> GUARANTOR  RABOBANK NEDERLAND BA</p>
<p> AMT	A$100 MLN   COUPON     7.00	MATURITY    06.JAN.99</p>
<p> TYPE	 STRAIGHT  ISS PRICE  101.09    PAY DATE    06.JAN.97</p>
<p> FULL FEES  1.25	LISTING    LUX/AMST  PAY FREQ    ANNUAL</p>
<p> MOODY/S&amp;P  =	   DENOMS (K) 1-10-100  SALE LIMS US/UK/AU/NZ</p>
<p> NEG PLG    YES	 CRS DEFLT  YES	 FORCE MAJ   =</p>
<p> GOV LAW    NETHS     HOME CTRY  NETHS     TAX PROVS   STANDARD</p>
<p> MGT/UND    0.25	SELL CONC  1.00	PRAECIPUUM  NONE</p>
<p> NOTES	RABOBANK NEDERLAND IS JOINT LEAD MANAGER.</p>
<p>-- London newsroom +44 171 542 7658</p>
</text>
<copyright>(c) Reuters Limited 1996</copyright>
<metadata>
<codes class="bip:countries:1.0">
  <code code="AUSTR">
    <editdetail attribution="Reuters BIP Coding Group" action="confirmed" date="1996-12-04"/>
  </code>
  <code code="NETH">
    <editdetail attribution="Reuters BIP Coding Group" action="confirmed" date="1996-12-04"/>
  </code>
  <code code="UK">
    <editdetail attribution="Reuters BIP Coding Group" action="confirmed" date="1996-12-04"/>
  </code>
</codes>
<codes class="bip:industries:1.0">
  <code code="I81402">
    <editdetail attribution="Reuters BIP Coding Group" action="confirmed" date="1996-12-04"/>
  </code>
</codes>
<codes class="bip:topics:1.0">
  <code code="C17">
    <editdetail attribution="Reuters BIP Coding Group" action="confirmed" date="1996-12-04"/>
  </code>
  <code code="C172">
    <editdetail attribution="Reuters BIP Coding Group" action="confirmed" date="1996-12-04"/>
  </code>
  <code code="CCAT">
    <editdetail attribution="Reuters BIP Coding Group" action="confirmed" date="1996-12-04"/>
  </code>
</codes>
<dc element="dc.date.created" value="1996-12-04"/>
<dc element="dc.publisher" value="Reuters Holdings Plc"/>
<dc element="dc.date.published" value="1996-12-04"/>
<dc element="dc.source" value="Reuters"/>
<dc element="dc.creator.location" value="LONDON"/>
<dc element="dc.creator.location.country.name" value="UK"/>
<dc element="dc.source" value="Reuters"/>
</metadata>
</newsitem>
