<?xml version="1.0" encoding="iso-8859-1" ?>
<newsitem itemid="400462" id="root" date="1997-02-25" xml:lang="en">
<title>ROMANIA: ROMANIA ECONOMIC INDICATORS - UPDATED FEBRUARY 19.</title>
<headline>ROMANIA ECONOMIC INDICATORS - UPDATED FEBRUARY 19.</headline>
<text>
<p>INDICATORS</p>
<p> ROMANIA CONSUMER INFLATION  JAN 97	 DEC 96	JAN 96</p>
<p>  pct change month/month     +13.7	  +10.3	  +1.2</p>
<p>  pct change year/year	 +76.3	  +56.9	 +26.7</p>
<p>PRODUCER PRICES</p>
<p>  Industry			 NOV 96	 OCT 96	 NOV 95</p>
<p>  pct change month/month	+2.1	   +2.1	   +2.4</p>
<p>  pct change year/year	 +60.6	  +61.6	  +31.4</p>
<p> UNEMPLOYMENT RATE	     JAN 97	  DEC 96	JAN 96</p>
<p>  pct of workforce		 6.7	    6.1	    9.3</p>
<p> MONEY SUPPLY		    DEC 96	  NOV 96	DEC 95</p>
<p>M2</p>
<p> pct change mth/mth	     +9.6	   +6.8	  +10.1</p>
<p> pct change yr/yr		+66.0	  +66.7	  +71.6</p>
<p>M1</p>
<p> pct change mth/mth	     +9.9	   +6.9	  +13.3</p>
<p> pct change yr/yr		+67.7	  +62.7	  +56.2</p>
<p>Note: M2 includes currency, demand deposits, time and</p>
<p>savings deposits and foreign currency deposits. M1 measures</p>
<p>only cash in circulation and demand deposits.</p>
<p> DAILY AVERAGE REFINANCING   NOV 96	OCT 96	NOV 95</p>
<p>  (bln ROL)		     6,830.6     5,988.6     3,346.2</p>
<p> ROMANIA TRADE BALANCE     JAN-DEC 96  JAN-NOV 96 JAN-DEC 1995</p>
<p>  imports (USD mln)	  9,202.7	7,976.0	 N.A</p>
<p>  exports			7,659.7	6,802.1	 N.A.</p>
<p>  balance		     -1,543.0     -1,173.9     -1,576.7</p>
<p>Note: All figures in FOB prices. The 1996 import data do not</p>
<p>include $216 million worth of oil imports whose customs</p>
<p>documents were dealyed.</p>
<p> INDUSTRIAL OUTPUT	     DEC 96	 NOV 96	DEC 95</p>
<p> pct change			 -4.8	  +4.9   +8.5 (yr/yr)</p>
<p>NOTE: Industrial output rose by 9.9 percent in 1996 after a</p>
<p>9.4 percent growth the previous year.</p>
<p> STATE BUDGET		 JAN-NOV 96  JAN-NOV 95    FY 1995</p>
<p> Revenues  (bln ROL)	15,991.3     11,572.8     12,888.3</p>
<p> Expenditures		 20,189.6     13,806.2     15,858.0</p>
<p> Balance			-4,198.3     -2,233.4     -2,969.7</p>
<p> FOREX RESERVE ASSETS	  JAN 97	DEC 96	 JAN 96</p>
<p> Total reserves (USD mln)    N.A.	 3,139.4	2,488.1</p>
<p> of which National Bank	812.2	  855.2	  N.A.</p>
<p>NOTE: Total reserves data includes Romania's gold reserves,</p>
<p>the Special Drawing Rights holdings and hard currency reserves</p>
<p>of local banks and the National Bank. Gold reserves were</p>
<p>estimated at some 88 tonnes at end-1996.</p>
<p> DOMESTIC CREDIT		   DEC 96     NOV 96	DEC 95</p>
<p> Total (bln ROL)		 31,461.0    29,022.8    17,399.0</p>
<p>    Net credit to government  4,619.4     3,958.2	 963.6</p>
<p>    Non-government credit    26,841.6    25,064.6    16,435.4</p>
<p> BALANCE OF PAYMENTS	  JAN-OCT 96   JAN-OCT 95  FY 1995</p>
<p>  current account (USD mln) -1,074	 -1,136.0    -1,292.0</p>
<p> KEY INTEREST RATES	    DISCOUNT		LOMBARD</p>
<p> rate				 50 pct	     125.45 pct</p>
<p> last changed		  JANUARY 97	   FEB, 14 1997</p>
<p> former rate			35 pct		90.0 pct</p>
<p> GROSS DOMESTIC PRODUCT	  1996	   1995</p>
<p> change (pct)			+4.1	   +7.1</p>
<p> EXPORTS			     -3.2	  +22.2</p>
<p> IMPORTS			     -3.0	  +32.4</p>
<p>CREDIT RATINGS</p>
<p>Romania has BB-minus (BB-) by Standard and Poor's and IBCA,</p>
<p>Ba-three (Ba3) from Moody's Investor Service and BB-plus (BB+)</p>
<p>from Japan Credit Rating Agency.</p>
</text>
<copyright>(c) Reuters Limited 1997</copyright>
<metadata>
<codes class="bip:countries:1.0">
  <code code="ROM">
    <editdetail attribution="Reuters BIP Coding Group" action="confirmed" date="1997-02-25"/>
  </code>
</codes>
<codes class="bip:topics:1.0">
  <code code="E71">
    <editdetail attribution="Reuters BIP Coding Group" action="confirmed" date="1997-02-25"/>
  </code>
  <code code="ECAT">
    <editdetail attribution="Reuters BIP Coding Group" action="confirmed" date="1997-02-25"/>
  </code>
</codes>
<dc element="dc.publisher" value="Reuters Holdings Plc"/>
<dc element="dc.date.published" value="1997-02-25"/>
<dc element="dc.source" value="Reuters"/>
<dc element="dc.creator.location.country.name" value="ROMANIA"/>
<dc element="dc.source" value="Reuters"/>
</metadata>
</newsitem>
