<?xml version="1.0" encoding="iso-8859-1" ?>
<newsitem itemid="615273" id="root" date="1997-05-26" xml:lang="en">
<title>JAPAN: Oval Corp  - 96/97 parent results.</title>
<headline>Oval Corp  - 96/97 parent results.</headline>
<dateline>TOKYO 1997-05-26</dateline>
<text>
<p>Year to March 31, 1997</p>
<p> (Parent)	(in billions of yen unless specified)</p>
<p> Sales		 13.52		vs	   13.05</p>
<p> Operating	  273    million	  vs	  338    million</p>
<p> Current	    241    million	  vs	  351    million</p>
<p> Net		  114    million	  vs	   95    million</p>
<p> EPS		    4.37 yen	  vs	    3.66 yen</p>
<p> Diluted EPS	     -		vs		 -</p>
<p> Shares	     26 million	  vs	  26 million</p>
<p> Ord div		3.00 yen	  vs	    3.00 yen</p>
<p>NOTE - Oval Corp is a large manufacturer of flowmeters.</p>
</text>
<copyright>(c) Reuters Limited 1997</copyright>
<metadata>
<codes class="bip:countries:1.0">
  <code code="JAP">
    <editdetail attribution="Reuters BIP Coding Group" action="confirmed" date="1997-05-26"/>
  </code>
</codes>
<codes class="bip:industries:1.0">
  <code code="I34420">
    <editdetail attribution="Reuters BIP Coding Group" action="confirmed" date="1997-05-26"/>
  </code>
</codes>
<codes class="bip:topics:1.0">
  <code code="C15">
    <editdetail attribution="Reuters BIP Coding Group" action="confirmed" date="1997-05-26"/>
  </code>
  <code code="C151">
    <editdetail attribution="Reuters BIP Coding Group" action="confirmed" date="1997-05-26"/>
  </code>
  <code code="C1511">
    <editdetail attribution="Reuters BIP Coding Group" action="confirmed" date="1997-05-26"/>
  </code>
  <code code="CCAT">
    <editdetail attribution="Reuters BIP Coding Group" action="confirmed" date="1997-05-26"/>
  </code>
</codes>
<dc element="dc.date.created" value="1997-05-26"/>
<dc element="dc.publisher" value="Reuters Holdings Plc"/>
<dc element="dc.date.published" value="1997-05-26"/>
<dc element="dc.source" value="Reuters"/>
<dc element="dc.creator.location" value="TOKYO"/>
<dc element="dc.creator.location.country.name" value="JAPAN"/>
<dc element="dc.source" value="Reuters"/>
</metadata>
</newsitem>
