<?xml version="1.0" encoding="iso-8859-1" ?>
<newsitem itemid="335268" id="root" date="1997-01-27" xml:lang="en">
<title>INDIA: Indian Shipping -- Cochin cargoes - Jan 27.</title>
<headline>Indian Shipping -- Cochin cargoes - Jan 27.</headline>
<dateline>BOMBAY 1997-01-27</dateline>
<text>
<p>Following is the berthing schedule of major vessels loading and unloading at India's Cochin port on January 27:</p>
<p> Commodity	    Tons	    Ship		     Berthing</p>
<p>		     (LDD/ULD)</p>
<p>---------------------------------------------------------------</p>
<p>Crude		63,000 (ULD)     B.R.Ambedkar	   26/01</p>
<p>Sulphur	    16,000 (ULD)     Dubai Glory	    23/01</p>
<p>Machinery Parts     600 (ULD)     Arunachal Pradesh    23/01</p>
<p>Naphtha	    15,000 (LDD)     Praja Breeze	   25/01</p>
<p>---------------------------------------------------------------</p>
<p>		  Note:</p>
<p>	    LDD - Loading</p>
<p>	    ULD - Unloading</p>
<p>(Source: J.M.Baxi &amp; Co, Cochin)</p>
<p>-- Bombay newsroom +91-22-265 9000</p>
</text>
<copyright>(c) Reuters Limited 1997</copyright>
<metadata>
<codes class="bip:countries:1.0">
  <code code="INDIA">
    <editdetail attribution="Reuters BIP Coding Group" action="confirmed" date="1997-01-27"/>
  </code>
</codes>
<codes class="bip:topics:1.0">
  <code code="M14">
    <editdetail attribution="Reuters BIP Coding Group" action="confirmed" date="1997-01-27"/>
  </code>
  <code code="MCAT">
    <editdetail attribution="Reuters BIP Coding Group" action="confirmed" date="1997-01-27"/>
  </code>
</codes>
<dc element="dc.date.created" value="1997-01-27"/>
<dc element="dc.publisher" value="Reuters Holdings Plc"/>
<dc element="dc.date.published" value="1997-01-27"/>
<dc element="dc.source" value="Reuters"/>
<dc element="dc.creator.location" value="BOMBAY"/>
<dc element="dc.creator.location.country.name" value="INDIA"/>
<dc element="dc.source" value="Reuters"/>
</metadata>
</newsitem>
