<?xml version="1.0" encoding="iso-8859-1" ?>
<newsitem itemid="146315" id="root" date="1996-10-27" xml:lang="en">
<title>DUBAI: PRESS DIGEST - United Arab Emirates - Oct 27.</title>
<headline>PRESS DIGEST - United Arab Emirates - Oct 27.</headline>
<dateline>DUBAI 1996-10-27</dateline>
<text>
<p>These are some of the leading stories in the United Arab Emirates press on Sunday. Reuters has not verified these stories and does not vouch for their accuracy.</p>
<p>AL-KHALEEJ</p>
<p>- UAE President Sheikh Zaid receives telephone call from King Juan Carlon of Spain.</p>
<p>- U.S. official warns of cycle of violence (in region).</p>
<p>GULF NEWS</p>
<p>- Bahrain to attend (Gulf Cooperation Council) summit. Manama's decision follows efforts exerted by Saudi Arabia - sources.</p>
<p>- Visa transfer rules relaxed again. Change of sponsor allowed after seven months.</p>
<p>KHALEEJ TIMES</p>
<p>- Abu Dhabi Crown Prince Sheikh Khalifa bin Zaid meets Robert Pelletreau, U.S. Assistant Secretary of State for Near Eastern Affairs. UAE stresses need for American pressure on Israel. Pelletreau says French efforts will help to achieve peace.</p>
<p>- UAE and France in joint war games.</p>
<p>- Dubai municipality to set up new building.</p>
<p>- Emirates airline stops flights to Vietnam.</p>
<p>AL-KHALEEJ</p>
<p>- Khalifa and Pelletreau review bilateral ties and joint cooperation.</p>
<p>- GCC information ministers end meeting in Riyadh and warn against practices by biased media &quot;that distort facts&quot;.</p>
<p>- Sheikh Zaid gets telephone call from King Fahd of Saudi Arabia.</p>
<p>- Joint war games with France enter third stage.</p>
</text>
<copyright>(c) Reuters Limited 1996</copyright>
<metadata>
<codes class="bip:countries:1.0">
  <code code="UAE">
    <editdetail attribution="Reuters BIP Coding Group" action="confirmed" date="1996-10-27"/>
  </code>
</codes>
<codes class="bip:topics:1.0">
  <code code="GCAT">
    <editdetail attribution="Reuters BIP Coding Group" action="confirmed" date="1996-10-27"/>
  </code>
</codes>
<dc element="dc.date.created" value="1996-10-27"/>
<dc element="dc.publisher" value="Reuters Holdings Plc"/>
<dc element="dc.date.published" value="1996-10-27"/>
<dc element="dc.source" value="Reuters"/>
<dc element="dc.creator.location" value="DUBAI"/>
<dc element="dc.creator.location.country.name" value="DUBAI"/>
<dc element="dc.source" value="Reuters"/>
</metadata>
</newsitem>
