<?xml version="1.0" encoding="iso-8859-1" ?>
<newsitem itemid="426374" id="root" date="1997-03-07" xml:lang="en">
<title>HUNGARY: PRESS DIGEST - Hungary - March 7.</title>
<headline>PRESS DIGEST - Hungary - March 7.</headline>
<dateline>BUDAPEST 1997-03-07</dateline>
<text>
<p>Here are highlights of stories reported by Hungary's press, based on information by Nepszabadsag's Hungary Around the Clock service. For further details on how to subscribe to Hungary Around the Clock, please contact Monica Kovacs at (361) 351 7142 or fax your request to (361) 351 7141.</p>
<p>ALL PAPERS</p>
<p>- The cabinet will today submit to Parliament its proposals for amending the personal income, VAT and social insurance laws affecting farmers, said cabinet spokesman Elemer Kiss. The cabinet confirmed its position that foreign private individuals and domestic legal entities may not own cropland except as part of an investment in a specific project.</p>
<p>- Farmers are preparing to launch a convoy of 300 tractors on Monday to drive through downtown Budapest and arrive at Parliament on Tuesday.</p>
<p>- Foreign Minister Laszlo Kovacs met U.S. Secretary of State Madeleine Albright in Washington yesterday.</p>
<p>- President Arpad Goncz and his Latvian counterpart Guntis Ulmanis agreed in Riga on Thursday that the present stage of bilateral relations lags far behind the opportunities.</p>
<p>- The national oil and gas firm MOL and the chemical company TVK concluded a four-year agreement according to which MOL will provide TVK with one million tonnes of chemical raw materials a year.</p>
<p>- The appliance and electronics manufacturer Philips will construct a new plant to assemble car audio systems in Gyor.</p>
<p>MAGYAR HIRLAP</p>
<p>- Austrian Interior Minister Karl Schlogl said yesterday that he wants to invite Interior Minister Gabor Kuncze to Austria to discuss issues related to border checks.</p>
<p>- State Privatisation and Holding Co. executive director Istvan Koleszar is negotiating with German investor Gunther Schlegel, majority owner of the meat processor Szekszardi Husipari Rt., on the fulfilment of the latter party's obligations undertaken in the privatisation agreement.</p>
<p>NEPSZAVA</p>
<p>- Sweden's Bofors company has sent a sharply worded letter to the Defence Ministry complaining that factors not included in the original tender specifications were taken into consideration in assessing the short-range air defence missile system tender.</p>
<p>- GM Europe president Richard Donnelly will visit Budapest on Monday to talk with the government about boosting the number of GM's Hungarian suppliers, Opel Hungary announced.</p>
<p>- IHB Credit and Investment Rating Rt., the first Hungarian firm of its kind, was introduced to the press yesterday.</p>
<p>- The National Radio and Television Board Thursday approved a draft tender appeal for two new national commercial radio networks.</p>
<p>NAPI GAZDASAG</p>
<p>- Hungary could receive 8-10 percent of its GDP from the EU when it becomes a full member, said Peter Gottfried, deputy head of the state secretariat for integration, while he estimated that accession is expected to cost Hungary a relatively low ECU 400-500 million at the most in the first few years of membership.</p>
<p>- Commerzbank Rt. increased its pre-tax profit by 27 percent to HUF 1.29 billion last year.</p>
<p>- Companies owned by the State Privatisation and Holding Co. with assets of at least HUF 1 billion were more successful last year than in 1995.</p>
<p>MAGYAR NEMZET</p>
<p>- Chancellor Viktor Klima of Austria is scheduled to make a one-day visit to Budapest on March 14. Czech Prime Minister Vaclav Klaus is to visit Hungary on March 17.</p>
<p>-- Budapest newsroom (361) 327 4040</p>
</text>
<copyright>(c) Reuters Limited 1997</copyright>
<metadata>
<codes class="bip:countries:1.0">
  <code code="HUNG">
    <editdetail attribution="Reuters BIP Coding Group" action="confirmed" date="1997-03-07"/>
  </code>
</codes>
<codes class="bip:topics:1.0">
  <code code="GCAT">
    <editdetail attribution="Reuters BIP Coding Group" action="confirmed" date="1997-03-07"/>
  </code>
</codes>
<dc element="dc.date.created" value="1997-03-07"/>
<dc element="dc.publisher" value="Reuters Holdings Plc"/>
<dc element="dc.date.published" value="1997-03-07"/>
<dc element="dc.source" value="Reuters"/>
<dc element="dc.creator.location" value="BUDAPEST"/>
<dc element="dc.creator.location.country.name" value="HUNGARY"/>
<dc element="dc.source" value="Reuters"/>
</metadata>
</newsitem>
