<?xml version="1.0" encoding="iso-8859-1" ?>
<newsitem itemid="146981" id="root" date="1996-10-28" xml:lang="en">
<title>USA: John H. Harland to review dividends in 1997.</title>
<headline>John H. Harland to review dividends in 1997.</headline>
<dateline>ATLANTA 1996-10-28</dateline>
<text>
<p>John H. Harland Co said Monday that its board plans to review the company's dividend strategy in early 1997 as part of the company's growth initiatives.</p>
<p>The company said however that no change will be made it its quarterly dividend of $0.255 per share, payable December 5 to shareholders of record November 21.  </p>
<p>The company previously announced that it would consolidate its 40 imprint plants into seven regional printing plants.</p>
<p>The company said Monday that facilities for the plants should be available six months earlier than planned, eliminating the need for transitional plants.</p>
<p>The company said moving directly into the regional plants &quot;will delay certain plant closings for the balance of 1996 and the first quarter of 1997,&quot; but accelerate consolidation.</p>
</text>
<copyright>(c) Reuters Limited 1996</copyright>
<metadata>
<codes class="bip:countries:1.0">
  <code code="USA">
    <editdetail attribution="Reuters BIP Coding Group" action="confirmed" date="1996-10-28"/>
  </code>
</codes>
<codes class="bip:industries:1.0">
  <code code="I47500">
    <editdetail attribution="Reuters BIP Coding Group" action="confirmed" date="1996-10-28"/>
  </code>
</codes>
<codes class="bip:topics:1.0">
  <code code="C15">
    <editdetail attribution="Reuters BIP Coding Group" action="confirmed" date="1996-10-28"/>
  </code>
  <code code="C151">
    <editdetail attribution="Reuters BIP Coding Group" action="confirmed" date="1996-10-28"/>
  </code>
  <code code="CCAT">
    <editdetail attribution="Reuters BIP Coding Group" action="confirmed" date="1996-10-28"/>
  </code>
</codes>
<dc element="dc.date.created" value="1996-10-28"/>
<dc element="dc.publisher" value="Reuters Holdings Plc"/>
<dc element="dc.date.published" value="1996-10-28"/>
<dc element="dc.source" value="Reuters"/>
<dc element="dc.creator.location" value="ATLANTA"/>
<dc element="dc.creator.location.country.name" value="USA"/>
<dc element="dc.source" value="Reuters"/>
</metadata>
</newsitem>
