<?xml version="1.0" encoding="iso-8859-1" ?>
<newsitem itemid="144024" id="root" date="1996-10-25" xml:lang="en">
<title>INDIA: India RBI SGL account trades-gilts/t bills-Oct 24.</title>
<headline>India RBI SGL account trades-gilts/t bills-Oct 24.</headline>
<dateline>BOMBAY 1996-10-25</dateline>
<text>
<p>The Reserve Bank of India (RBI) announced the following transactions in dated government securities and treasury bills through its Subsidiary General Ledger (SGL) account on October 24.</p>
<p>  Name of the			Amount     Price	   YTM</p>
<p>  instrument		    (Face value) (In rupees) Indicative</p>
<p>				   million rupee</p>
<p>OUTRIGHT TRANSACTIONS</p>
<p>---------------------</p>
<p>* Government of India</p>
<p>dated securities</p>
<p>  13.50% 1997			 50.00	101.57	11.4660</p>
<p>  13.50% 1997			 25.00	101.42	11.6527</p>
<p>  13.50% 1997			 50.00	101.42	11.6527</p>
<p>  13.50% 1997			 50.00	101.57	11.4660</p>
<p>  13.50% 1997			 50.00	101.55	11.4909</p>
<p>  13.50% 1997			 50.00	101.55	11.4909</p>
<p>  13.50% 1997			 50.00	101.50	11.5531</p>
<p>  13.50% 1997			150.00	101.595     11.4350</p>
<p>  13.50% 1998			 90.00	100.80	12.8852</p>
<p>  13.50% 1998			 50.00	100.79	12.8928</p>
<p>  13.50% 1998			 50.00	100.90	12.8095</p>
<p>  13.50% 1998			 50.00	100.83	12.8625</p>
<p>  13.50% 1998			 50.00	100.88	12.8247</p>
<p>  13.62% 1998			 50.00	101.65	12.5184</p>
<p>  13.62% 1998			 50.00	101.80	12.4227</p>
<p>  13.62% 1998			 50.00	101.75	12.4546</p>
<p>  13.62% 1998			 50.00	101.80	12.4227</p>
<p>  Zero Coupon Bond 1999	   08.10	 74.500     13.6248</p>
<p>  Zero Coupon Bond 1999	   50.00	 74.630     13.5415</p>
<p>  13.65% 1999			 50.00	100.95	13.1280</p>
<p>  13.65% 1999			 50.00	101.13	13.0352</p>
<p>  13.65% 1999			 50.00	100.95	13.1280</p>
<p>  13.65% 1999			 50.00	100.95	13.1280</p>
<p>  12.00% 1999			 50.00	 97.31	13.3133</p>
<p>  12.00% 1999			100.00	 97.25	13.3432</p>
<p>  12.00% 1999			100.00	 97.28	13.3283</p>
<p>  12.00% 1999			100.00	 97.25	13.3432</p>
<p>  12.00% 1999			 50.00	 97.25	13.3432</p>
<p>  12.00% 1999			 50.00	 97.28	13.3283</p>
<p>  12.00% 1999			 50.00	 97.26	13.3382</p>
<p>  Zero Coupon Bond 2000(III-II)300.00	 61.100     13.6939</p>
<p>  13.85% 2001			100.00	100.81	13.5908</p>
<p>  11.75% 2001			 21.00	100.00	11.7398</p>
<p>  13.82% 2002			 50.00	100.48	13.6896</p>
<p>  13.82% 2002			 50.00	100.48	13.6896</p>
<p>  13.85% 2006			100.00	100.50	13.7464</p>
<p>  Total			     2344.06</p>
<p>.</p>
<p>* State Government Securities</p>
<p>  14.00% Rajasthan S.D.L.2005  147.803     100.00	13.9936</p>
<p>  Total				147.803</p>
<p>.</p>
<p>* Treasury Bills</p>
<p>91 day bills (maturity-wise)</p>
<p>  18/01/1997			  03.50	 97.9235     8.9753</p>
<p>  18/01/1997			  50.00	 97.9461     8.8755</p>
<p>  Total				 53.50</p>
<p>.</p>
<p>* 364 Day Bills (maturity-wise)</p>
<p>  11/04/1997			  42.50	 95.5114    10.1221</p>
<p>  10/10/1997			  50.00	 89.4613    12.2165</p>
<p>  10/10/1997			 100.00	 89.3844    12.3162</p>
<p>  Total				192.50</p>
<p>.</p>
<p>* REPO TRANSACTIONS @</p>
<p>-------------------</p>
<p>(Other than with RBI)</p>
<p>  Name of the	  Amount	  Price	 Repo Rate  Repo</p>
<p>  instrument	   Face value    (In rupees) (% pa)    Period</p>
<p>			   million rupee			     (Days)</p>
<p>* Government of India</p>
<p>Dated Securities</p>
<p>  13.50% 1997	     140.00	 101.40	8.05	4</p>
<p>Zero Coupon Bond</p>
<p>  2000 (III)		100.00	  60.90	8.15	4</p>
<p>  Total		     240.00</p>
<p>.</p>
<p>* Treasury Bills</p>
<p>91 day bills (maturity-wise) --- N I L ---</p>
<p>.</p>
<p>* 364 day bills (maturity-wise) --- N I L ---</p>
<p>.</p>
<p>@ Relate to the first leg of Repos</p>
</text>
<copyright>(c) Reuters Limited 1996</copyright>
<metadata>
<codes class="bip:countries:1.0">
  <code code="INDIA">
    <editdetail attribution="Reuters BIP Coding Group" action="confirmed" date="1996-10-25"/>
  </code>
</codes>
<codes class="bip:topics:1.0">
  <code code="M12">
    <editdetail attribution="Reuters BIP Coding Group" action="confirmed" date="1996-10-25"/>
  </code>
  <code code="M13">
    <editdetail attribution="Reuters BIP Coding Group" action="confirmed" date="1996-10-25"/>
  </code>
  <code code="M131">
    <editdetail attribution="Reuters BIP Coding Group" action="confirmed" date="1996-10-25"/>
  </code>
  <code code="MCAT">
    <editdetail attribution="Reuters BIP Coding Group" action="confirmed" date="1996-10-25"/>
  </code>
</codes>
<dc element="dc.date.created" value="1996-10-25"/>
<dc element="dc.publisher" value="Reuters Holdings Plc"/>
<dc element="dc.date.published" value="1996-10-25"/>
<dc element="dc.source" value="Reuters"/>
<dc element="dc.creator.location" value="BOMBAY"/>
<dc element="dc.creator.location.country.name" value="INDIA"/>
<dc element="dc.source" value="Reuters"/>
</metadata>
</newsitem>
