<?xml version="1.0" encoding="iso-8859-1" ?>
<newsitem itemid="373429" id="root" date="1997-02-12" xml:lang="en">
<title>USA: BALANCE -- State of New Mexico at $17.6 mln.</title>
<headline>BALANCE -- State of New Mexico at $17.6 mln.</headline>
<text>
<p>STATE OF NEW MEXICO</p>
<p>RE: $64,825,000</p>
<p>GENERAL OBLIGATION CAPITAL IMPROVEMENT BONDS</p>
<p>SERIES 1997</p>
<p>    MOODY'S: Aa1		   S&amp;P: AA+</p>
<p>Delivery Date: 03/19/1997</p>
<p>Maturity	   Balance     Coupon    List</p>
<p>09/01/2000	   6,350M    5.50	  4.10</p>
<p>09/01/2001	   4,775M    5.50	  4.25</p>
<p>09/01/2002	   3,050M    4.30	  4.35</p>
<p>09/01/2003	   3,400M    4.40	  4.50</p>
<p>  Total:	    17,575M</p>
<p>Morgan Stanley &amp; Co. Incorporated</p>
<p>BancAmerica Securities, Inc.</p>
<p>Bear, Stearns &amp; Co. Inc.</p>
<p>First Chicago Capital Markets, Inc.</p>
<p>First Albany Corporation</p>
<p>--U.S. Municipal Desk, 212-859-1650</p>
</text>
<copyright>(c) Reuters Limited 1997</copyright>
<metadata>
<codes class="bip:countries:1.0">
  <code code="USA">
    <editdetail attribution="Reuters BIP Coding Group" action="confirmed" date="1997-02-12"/>
  </code>
</codes>
<codes class="bip:topics:1.0">
  <code code="E21">
    <editdetail attribution="Reuters BIP Coding Group" action="confirmed" date="1997-02-12"/>
  </code>
  <code code="E212">
    <editdetail attribution="Reuters BIP Coding Group" action="confirmed" date="1997-02-12"/>
  </code>
  <code code="ECAT">
    <editdetail attribution="Reuters BIP Coding Group" action="confirmed" date="1997-02-12"/>
  </code>
</codes>
<dc element="dc.publisher" value="Reuters Holdings Plc"/>
<dc element="dc.date.published" value="1997-02-12"/>
<dc element="dc.source" value="Reuters"/>
<dc element="dc.creator.location.country.name" value="USA"/>
<dc element="dc.source" value="Reuters"/>
</metadata>
</newsitem>
