<?xml version="1.0" encoding="iso-8859-1" ?>
<newsitem itemid="766183" id="root" date="1997-07-30" xml:lang="en">
<title>BRAZIL: Brazil June unemployment up at 6.09 pct - IBGE.</title>
<headline>Brazil June unemployment up at 6.09 pct - IBGE.</headline>
<dateline>RIO DE JANEIRO 1997-07-30</dateline>
<text>
<p>Brazil's June unemployment rate rose to 6.09 percent from six percent in May, while the unemployment rate for the first half of this year fell to 5.74 percent from 5.86 percent in the first half of 1996, the National Statistics Institute (IBGE) said.  </p>
<p>June's unemployment rate also rose a negligible amount in comparison with June 1996, the IBGE said.</p>
<p>&quot;These changes are statistically insignificant,&quot; the IBGE said in a statement.</p>
<p>In the first half of this year the number of people working increased one percent in comparison with 1996, the IBGE said.</p>
<p>The number of people working only increased in the northeastern city of Salvador and remained stable in the southern city of Porto Alegre in June, while the remaining four of six urban centers surveyed recorded falls in the number of people employed, the IBGE said.</p>
<p>((--Simona de Logu, Rio de Janeiro newsroom, 5521 507 4151))</p>
</text>
<copyright>(c) Reuters Limited 1997</copyright>
<metadata>
<codes class="bip:countries:1.0">
  <code code="BRAZ">
    <editdetail attribution="Reuters BIP Coding Group" action="confirmed" date="1997-07-30"/>
  </code>
</codes>
<codes class="bip:topics:1.0">
  <code code="E41">
    <editdetail attribution="Reuters BIP Coding Group" action="confirmed" date="1997-07-30"/>
  </code>
  <code code="ECAT">
    <editdetail attribution="Reuters BIP Coding Group" action="confirmed" date="1997-07-30"/>
  </code>
  <code code="GCAT">
    <editdetail attribution="Reuters BIP Coding Group" action="confirmed" date="1997-07-30"/>
  </code>
  <code code="GJOB">
    <editdetail attribution="Reuters BIP Coding Group" action="confirmed" date="1997-07-30"/>
  </code>
</codes>
<dc element="dc.date.created" value="1997-07-30"/>
<dc element="dc.publisher" value="Reuters Holdings Plc"/>
<dc element="dc.date.published" value="1997-07-30"/>
<dc element="dc.source" value="Reuters"/>
<dc element="dc.creator.location" value="RIO DE JANEIRO"/>
<dc element="dc.creator.location.country.name" value="BRAZIL"/>
<dc element="dc.source" value="Reuters"/>
</metadata>
</newsitem>
