<?xml version="1.0" encoding="iso-8859-1" ?>
<newsitem itemid="668854" id="root" date="1997-06-17" xml:lang="en">
<title>SOUTH AFRICA: M-NET RAISES YR SHR, DIV.</title>
<headline>M-NET RAISES YR SHR, DIV.</headline>
<dateline>JOHANNESBURG 1997-06-17</dateline>
<text>
<p>Year ended March 31 </p>
<p>			(million rand unless stated)	 </p>
<p>    Shr, (cts)		19.2	   vs     15.7</p>
<p>    Div (cts)		 11.0	   vs     10.0 </p>
<p>NOTE - Analysts polled by Reuters forecasts earnings per</p>
<p>share at 19.6 cents versus 15.7 cents in the previous year.</p>
<p>There was no dividend forecast.</p>
<p>    Attrib income	   53.8	   vs     43.9</p>
<p>    Pre-tax		   91.4	   vs     73.9</p>
<p>    Tax			 37.6	   vs     30.0 </p>
<p>    Interest paid	    7.8	   vs     4.3</p>
<p>    Turnover		 856.4	   vs     650.1</p>
<p>Full name: Electronic Media Network Ltd</p>
<p>NOTE - The company said it was possible that two new</p>
<p>subscription-television satellite bouquets may be launched in</p>
<p>South Africa prior to the commencement of a new terrestrial</p>
<p>competitor. </p>
<p>It said this would further fragment the market and cause a</p>
<p>period of instability before growth could be expected in that</p>
<p>region.</p>
<p>-- Johannesburg newsroom +27 11 482 1003</p>
</text>
<copyright>(c) Reuters Limited 1997</copyright>
<metadata>
<codes class="bip:countries:1.0">
  <code code="SAFR">
    <editdetail attribution="Reuters BIP Coding Group" action="confirmed" date="1997-06-17"/>
  </code>
</codes>
<codes class="bip:topics:1.0">
  <code code="C151">
    <editdetail attribution="Reuters BIP Coding Group" action="confirmed" date="1997-06-17"/>
  </code>
  <code code="C1511">
    <editdetail attribution="Reuters BIP Coding Group" action="confirmed" date="1997-06-17"/>
  </code>
</codes>
<dc element="dc.date.created" value="1997-06-17"/>
<dc element="dc.publisher" value="Reuters Holdings Plc"/>
<dc element="dc.date.published" value="1997-06-17"/>
<dc element="dc.source" value="Reuters"/>
<dc element="dc.creator.location" value="JOHANNESBURG"/>
<dc element="dc.creator.location.country.name" value="SOUTH AFRICA"/>
<dc element="dc.source" value="Reuters"/>
</metadata>
</newsitem>
