<?xml version="1.0" encoding="iso-8859-1" ?>
<newsitem itemid="28838" id="root" date="1996-09-03" xml:lang="en">
<title>USA: Recoton Calibron workers go on strike.</title>
<headline>Recoton Calibron workers go on strike.</headline>
<dateline>MEDIA, Pa 1996-09-03</dateline>
<text>
<p>More than 550 unionized workers went on strike at an assembly and shipping facility of Recoton Corp's Calibron Division in Lake Mary, Florida, union representatives said Tuesday.  </p>
<p>The Glass, Molders, Pottery, Plastics &amp; Allied Workers said Local Union 184 and supporters had stopped working because Recoton allegedly tried to remove workers from the bargaining table while negotiating the purchase of a company.</p>
<p>The union said it planned to charge the company with unfair labor practice as well as launch a nationwide campaign to protest against its labor relations.</p>
<p>Recoton, which provides audio and video electronics gear to companies like Blockbuster, recently bought International Jensen Inc for $85 million.</p>
<p>-- New York Newsdesk 212 859-1610</p>
</text>
<copyright>(c) Reuters Limited 1996</copyright>
<metadata>
<codes class="bip:countries:1.0">
  <code code="USA">
    <editdetail attribution="Reuters BIP Coding Group" action="confirmed" date="1996-09-03"/>
  </code>
</codes>
<codes class="bip:industries:1.0">
  <code code="I34532">
    <editdetail attribution="Reuters BIP Coding Group" action="confirmed" date="1996-09-03"/>
  </code>
</codes>
<codes class="bip:topics:1.0">
  <code code="C42">
    <editdetail attribution="Reuters BIP Coding Group" action="confirmed" date="1996-09-03"/>
  </code>
  <code code="CCAT">
    <editdetail attribution="Reuters BIP Coding Group" action="confirmed" date="1996-09-03"/>
  </code>
  <code code="E41">
    <editdetail attribution="Reuters BIP Coding Group" action="confirmed" date="1996-09-03"/>
  </code>
  <code code="ECAT">
    <editdetail attribution="Reuters BIP Coding Group" action="confirmed" date="1996-09-03"/>
  </code>
  <code code="GCAT">
    <editdetail attribution="Reuters BIP Coding Group" action="confirmed" date="1996-09-03"/>
  </code>
  <code code="GJOB">
    <editdetail attribution="Reuters BIP Coding Group" action="confirmed" date="1996-09-03"/>
  </code>
</codes>
<dc element="dc.date.created" value="1996-09-03"/>
<dc element="dc.publisher" value="Reuters Holdings Plc"/>
<dc element="dc.date.published" value="1996-09-03"/>
<dc element="dc.source" value="Reuters"/>
<dc element="dc.creator.location" value="MEDIA, Pa"/>
<dc element="dc.creator.location.country.name" value="USA"/>
<dc element="dc.source" value="Reuters"/>
</metadata>
</newsitem>
