<?xml version="1.0" encoding="iso-8859-1" ?>
<newsitem itemid="210909" id="root" date="1996-11-22" xml:lang="en">
<title>BELGIUM: EU asks for WEU help for Great Lakes region.</title>
<headline>EU asks for WEU help for Great Lakes region.</headline>
<dateline>BRUSSELS 1996-11-22</dateline>
<text>
<p>The European Union formally asked the Western European Union on Friday to provide support for an eventual humanitarian aid effort in Africa's troubled Great Lakes region.</p>
<p>A formal decision was needed for the EU's fledgling defence arm to act and was taken without further discussion at a meeting of EU development ministers in Brussels.</p>
<p>Earlier this week foreign and defence ministers from the 10-nation defence grouping said the WEU would act if asked to do so, envisaging transport and logistical support.</p>
<p>Whether it actually goes to the Great Lakes region will depend on whether a military planning meeting in the German city of Stuttgart decides to send a force.</p>
<p>Late on Thursday Canadian foreign minister Lloyd Axworthy -- whose country would lead the force -- said no decisions were expected to be taken.</p>
<p>The decision has been thrown into doubt after the voluntary return to Rwanda of 500,000 of the estimated 1.2 million refugees in eastern Zaire.</p>
<p>The WEU links 10 EU members -- all but Austria, Denmark, Sweden, Ireland and Finland. It has said it is also willing to give financial help to African nations that were helping in the Rwanda crisis.</p>
<p>EU development ministers said at a regular meeting on Friday priority should be given to the return of the refugees towards their country of origin and helping Rwanda create the essential conditions for the return of the Rwandan refugees.</p>
<p>The ministers asked the WEU &quot;to elaborate and implement the specific aspects of the EU's action which have defence implications&quot;.</p>
</text>
<copyright>(c) Reuters Limited 1996</copyright>
<metadata>
<codes class="bip:countries:1.0">
  <code code="BELG">
    <editdetail attribution="Reuters BIP Coding Group" action="confirmed" date="1996-11-22"/>
  </code>
  <code code="EEC">
    <editdetail attribution="Reuters BIP Coding Group" action="confirmed" date="1996-11-22"/>
  </code>
</codes>
<codes class="bip:topics:1.0">
  <code code="E51">
    <editdetail attribution="Reuters BIP Coding Group" action="confirmed" date="1996-11-22"/>
  </code>
  <code code="G151">
    <editdetail attribution="Reuters BIP Coding Group" action="confirmed" date="1996-11-22"/>
  </code>
</codes>
<dc element="dc.date.created" value="1996-11-22"/>
<dc element="dc.publisher" value="Reuters Holdings Plc"/>
<dc element="dc.date.published" value="1996-11-22"/>
<dc element="dc.source" value="Reuters"/>
<dc element="dc.creator.location" value="BRUSSELS"/>
<dc element="dc.creator.location.country.name" value="BELGIUM"/>
<dc element="dc.source" value="Reuters"/>
</metadata>
</newsitem>
