<?xml version="1.0" encoding="iso-8859-1" ?>
<newsitem itemid="250185" id="root" date="1996-12-11" xml:lang="en">
<title>DUBAI: Shares in Oman move higher in busier week.</title>
<headline>Shares in Oman move higher in busier week.</headline>
<dateline>DUBAI 1996-12-11</dateline>
<text>
<p>Oman shares crept higher in more active trade in the week to Wednesday, buoyed by good demand for bank and investment stocks, the Muscat Securities Market said.</p>
<p>It said the index ended at a new high of 188.22 points from 186.79 a week earlier.</p>
<p>Of the 57 companies traded in the week, shares of 21 rose, 11 fell, and 25 were unchanged.</p>
<p>A total of 1.62 million shares changed hands in 786 deals compared to the previous week's 895,000 shares in 461 deals.</p>
<p>The banking and investment sector accounted for 52 percent of total trading value of 3.37 million rials ($8.9 million) from almost 2.15 million rials the previous week.</p>
<p>Oman International Bank closed firmer, at 2.810 rials from 2.700 and Oman Textile Mills moved up to 2.600 rials from 2.510.</p>
<p>Other gainers were Modern Poultry Farms, which finished at 1.340 rials -- up 0.140 and National Biscuit Industries, which ended at 2.300 rials from 2.130.</p>
<p>-- Dubai Newsroom 9714-626990 ($1=0.38 rials)</p>
</text>
<copyright>(c) Reuters Limited 1996</copyright>
<metadata>
<codes class="bip:countries:1.0">
  <code code="OMAN">
    <editdetail attribution="Reuters BIP Coding Group" action="confirmed" date="1996-12-11"/>
  </code>
</codes>
<codes class="bip:topics:1.0">
  <code code="M11">
    <editdetail attribution="Reuters BIP Coding Group" action="confirmed" date="1996-12-11"/>
  </code>
  <code code="MCAT">
    <editdetail attribution="Reuters BIP Coding Group" action="confirmed" date="1996-12-11"/>
  </code>
</codes>
<dc element="dc.date.created" value="1996-12-11"/>
<dc element="dc.publisher" value="Reuters Holdings Plc"/>
<dc element="dc.date.published" value="1996-12-11"/>
<dc element="dc.source" value="Reuters"/>
<dc element="dc.creator.location" value="DUBAI"/>
<dc element="dc.creator.location.country.name" value="DUBAI"/>
<dc element="dc.source" value="Reuters"/>
</metadata>
</newsitem>
