<?xml version="1.0" encoding="iso-8859-1" ?>
<newsitem itemid="250872" id="root" date="1996-12-11" xml:lang="en">
<title>HONG KONG: Hong Kong unit trust sales reach 10-month record.</title>
<headline>Hong Kong unit trust sales reach 10-month record.</headline>
<dateline>HONG KONG 1996-12-11</dateline>
<text>
<p>Hong Kong's unit trust industry registered gross sales of US$3.78 billion in the first 10 months this year, the highest year-to-date figure on record, the Hong Kong Investment Funds Association (HKIFA) said on Wednesday.</p>
<p>Net sales also reached a record year-to-date, at US$7.26 billion, more than 11 percent higher than last year.</p>
<p>The international sector attracted the highest net inflows of US$1.64 billion, or 22.68 percent of the industry's net total for the first 10 months of the year, the HKIFA said.</p>
<p>Single Asian country funds and Asia-Pacific regional funds that included Hong Kong but excluded Japan took 22.39 percent and 21.93 percent of the year-to-date net total, respectively.</p>
<p>&quot;Strong sales can probably be attributed to the fact that economic figures indicate that the United States is enjoying a benign, albeit steady growth,&quot; said HKIFA chairman Andrew Lo.</p>
<p>But October registered a major drop in gross sales and a net redemption of US$35.33 million.</p>
<p>&quot;The dip is less related to any major change in investment sentiment than to profit-taking. This is most apparent in Hong Kong equities and Asia-Pacific regional funds that invest in Hong Kong,&quot; Lo said.</p>
</text>
<copyright>(c) Reuters Limited 1996</copyright>
<metadata>
<codes class="bip:countries:1.0">
  <code code="HKONG">
    <editdetail attribution="Reuters BIP Coding Group" action="confirmed" date="1996-12-11"/>
  </code>
</codes>
<codes class="bip:industries:1.0">
  <code code="I81502">
    <editdetail attribution="Reuters BIP Coding Group" action="confirmed" date="1996-12-11"/>
  </code>
  <code code="I8150211">
    <editdetail attribution="Reuters BIP Coding Group" action="confirmed" date="1996-12-11"/>
  </code>
</codes>
<codes class="bip:topics:1.0">
  <code code="C15">
    <editdetail attribution="Reuters BIP Coding Group" action="confirmed" date="1996-12-11"/>
  </code>
  <code code="C151">
    <editdetail attribution="Reuters BIP Coding Group" action="confirmed" date="1996-12-11"/>
  </code>
  <code code="CCAT">
    <editdetail attribution="Reuters BIP Coding Group" action="confirmed" date="1996-12-11"/>
  </code>
</codes>
<dc element="dc.date.created" value="1996-12-11"/>
<dc element="dc.publisher" value="Reuters Holdings Plc"/>
<dc element="dc.date.published" value="1996-12-11"/>
<dc element="dc.source" value="Reuters"/>
<dc element="dc.creator.location" value="HONG KONG"/>
<dc element="dc.creator.location.country.name" value="HONG KONG"/>
<dc element="dc.source" value="Reuters"/>
</metadata>
</newsitem>
