<?xml version="1.0" encoding="iso-8859-1" ?>
<newsitem itemid="165385" id="root" date="1996-11-05" xml:lang="en">
<title>USA: Kitty Hawk Inc Q4 shr profit vs loss.</title>
<headline>Kitty Hawk Inc Q4 shr profit vs loss.</headline>
<text>
<p>1996			1995</p>
<p> Shr profit		 $0.09     loss	 $0.01</p>
<p> Net profit		   697     loss	    34</p>
<p> Revs			32,289		   25,539</p>
<p> Avg shrs		   7,809		    7,968</p>
<p>	  12 MONTHS</p>
<p> Shr prorif		 $0.52   profit	 $0.55</p>
<p> Net profit		 4,109   profit	 4,416</p>
<p> Revs		     142,415		  103,710</p>
<p> Avg shrs		   7,928		    7,968</p>
<p>(All data above 000s except per share numbers)</p>
<p>NOTE: Period ended August 31.</p>
<p>	 -- New York newsdesk, 212 859-1610</p>
</text>
<copyright>(c) Reuters Limited 1996</copyright>
<metadata>
<codes class="bip:countries:1.0">
  <code code="USA">
    <editdetail attribution="Reuters BIP Coding Group" action="confirmed" date="1996-11-05"/>
  </code>
</codes>
<codes class="bip:topics:1.0">
  <code code="C15">
    <editdetail attribution="Reuters BIP Coding Group" action="confirmed" date="1996-11-05"/>
  </code>
  <code code="C151">
    <editdetail attribution="Reuters BIP Coding Group" action="confirmed" date="1996-11-05"/>
  </code>
  <code code="C1511">
    <editdetail attribution="Reuters BIP Coding Group" action="confirmed" date="1996-11-05"/>
  </code>
  <code code="CCAT">
    <editdetail attribution="Reuters BIP Coding Group" action="confirmed" date="1996-11-05"/>
  </code>
</codes>
<dc element="dc.publisher" value="Reuters Holdings Plc"/>
<dc element="dc.date.published" value="1996-11-05"/>
<dc element="dc.source" value="Reuters"/>
<dc element="dc.creator.location.country.name" value="USA"/>
<dc element="dc.source" value="Reuters"/>
</metadata>
</newsitem>
