<?xml version="1.0" encoding="iso-8859-1" ?>
<newsitem itemid="659514" id="root" date="1997-06-13" xml:lang="en">
<title>USA: RESEARCH ALERT - Dentsply buy repeated.</title>
<headline>RESEARCH ALERT - Dentsply buy repeated.</headline>
<dateline>CHICAGO 1997-06-13</dateline>
<text>
<p>Barrington Research Inc said Friday it maintained its buy rating on Dentsply International Inc, adding it would become a more aggressive buyer if the stock weakened further.</p>
<p>-- Dentsply shares fell 3-7/8 at 48-1/4 after the company said Thursday it expected to post second-quarter earnings of about $0.66 a share, equal to a year ago. Barrington said the consensus had been around $0.75 a share.</p>
<p>-- Strong results are expected in the third and fourth quarters, Barrington said.</p>
<p>-- Dentsply, which makes x-ray equipment, said its second-quarter earnings would show no growth because of the cost of relocating its Preventive Care division's manufacturing facilities to a new plant in York, Pa. It also cited the recent acquisition of New Image Industries and the negative impact of a strong U.S. dollar on sales in European currencies.</p>
<p>-- &quot;While the company admits some of the problems were the result of management lapses, we find the explanation for the shortfalls reasonable and temporary in nature, and the long-term outlook remains very positive for this high-quality growth company,&quot; Barrington said.</p>
<p>((Reuters Chicago Newsdesk (312) 408-8787))</p>
</text>
<copyright>(c) Reuters Limited 1997</copyright>
<metadata>
<codes class="bip:countries:1.0">
  <code code="USA">
    <editdetail attribution="Reuters BIP Coding Group" action="confirmed" date="1997-06-13"/>
  </code>
</codes>
<codes class="bip:industries:1.0">
  <code code="I37200">
    <editdetail attribution="Reuters BIP Coding Group" action="confirmed" date="1997-06-13"/>
  </code>
</codes>
<codes class="bip:topics:1.0">
  <code code="C15">
    <editdetail attribution="Reuters BIP Coding Group" action="confirmed" date="1997-06-13"/>
  </code>
  <code code="C152">
    <editdetail attribution="Reuters BIP Coding Group" action="confirmed" date="1997-06-13"/>
  </code>
  <code code="CCAT">
    <editdetail attribution="Reuters BIP Coding Group" action="confirmed" date="1997-06-13"/>
  </code>
</codes>
<dc element="dc.date.created" value="1997-06-13"/>
<dc element="dc.publisher" value="Reuters Holdings Plc"/>
<dc element="dc.date.published" value="1997-06-13"/>
<dc element="dc.source" value="Reuters"/>
<dc element="dc.creator.location" value="CHICAGO"/>
<dc element="dc.creator.location.country.name" value="USA"/>
<dc element="dc.source" value="Reuters"/>
</metadata>
</newsitem>
