<?xml version="1.0" encoding="iso-8859-1" ?>
<newsitem itemid="656259" id="root" date="1997-06-12" xml:lang="en">
<title>JAPAN: Ahresty -96/97 group results.</title>
<headline>Ahresty -96/97 group results.</headline>
<dateline>TOKYO 1997-06-12</dateline>
<text>
<p>Year to March 31, 1997</p>
<p> (Group)	(in billions of yen unless specified)</p>
<p> Sales		 58.30		vs	   57.50</p>
<p> Operating	  638    million    vs	  914    million</p>
<p> Current	    559    million    vs	  562    million</p>
<p> Net		   55    million    vs	  178    million</p>
<p> EPS		    3.54 yen	  vs	   11.40 yen</p>
<p> Diluted EPS	  3.54 yen	  vs	   11.40 yen</p>
<p>NOTE - Ahresty Corp is a leading manufacturer of light alloy diecasts.</p>
</text>
<copyright>(c) Reuters Limited 1997</copyright>
<metadata>
<codes class="bip:countries:1.0">
  <code code="JAP">
    <editdetail attribution="Reuters BIP Coding Group" action="confirmed" date="1997-06-12"/>
  </code>
</codes>
<codes class="bip:industries:1.0">
  <code code="I35300">
    <editdetail attribution="Reuters BIP Coding Group" action="confirmed" date="1997-06-12"/>
  </code>
</codes>
<codes class="bip:topics:1.0">
  <code code="C15">
    <editdetail attribution="Reuters BIP Coding Group" action="confirmed" date="1997-06-12"/>
  </code>
  <code code="C151">
    <editdetail attribution="Reuters BIP Coding Group" action="confirmed" date="1997-06-12"/>
  </code>
  <code code="C1511">
    <editdetail attribution="Reuters BIP Coding Group" action="confirmed" date="1997-06-12"/>
  </code>
  <code code="CCAT">
    <editdetail attribution="Reuters BIP Coding Group" action="confirmed" date="1997-06-12"/>
  </code>
</codes>
<dc element="dc.date.created" value="1997-06-12"/>
<dc element="dc.publisher" value="Reuters Holdings Plc"/>
<dc element="dc.date.published" value="1997-06-12"/>
<dc element="dc.source" value="Reuters"/>
<dc element="dc.creator.location" value="TOKYO"/>
<dc element="dc.creator.location.country.name" value="JAPAN"/>
<dc element="dc.source" value="Reuters"/>
</metadata>
</newsitem>
