<?xml version="1.0" encoding="iso-8859-1" ?>
<newsitem itemid="562407" id="root" date="1997-05-06" xml:lang="en">
<title>MAURITIUS: Mauritius rupee stable vs dollar, firms vs stg.</title>
<headline>Mauritius rupee stable vs dollar, firms vs stg.</headline>
<dateline>PORT LOUIS 1997-05-06</dateline>
<text>
<p>The Mauritian rupee was stable against the dollar and slightly stronger against sterling on Tuesday, reflecting quiet international market trends, foreign exchange dealers said.</p>
<p>The rupee was quoted at a commercial mean rate of 20.6045 to the dollar, unchanged from Monday. It was fixed at a commercial mean rate of 33.404 to sterling, from 33.4235 on Monday.</p>
<p>Dealers said international markets were quiet, with no big activity noted.</p>
<p>They said the local market remained slightly short of hard currency and some commercial banks needed to meet demands from importers.</p>
<p>-- Clifford Vellien +230 211 9555</p>
</text>
<copyright>(c) Reuters Limited 1997</copyright>
<metadata>
<codes class="bip:countries:1.0">
  <code code="MAURTS">
    <editdetail attribution="Reuters BIP Coding Group" action="confirmed" date="1997-05-06"/>
  </code>
</codes>
<codes class="bip:topics:1.0">
  <code code="M13">
    <editdetail attribution="Reuters BIP Coding Group" action="confirmed" date="1997-05-06"/>
  </code>
  <code code="M132">
    <editdetail attribution="Reuters BIP Coding Group" action="confirmed" date="1997-05-06"/>
  </code>
  <code code="MCAT">
    <editdetail attribution="Reuters BIP Coding Group" action="confirmed" date="1997-05-06"/>
  </code>
</codes>
<dc element="dc.date.created" value="1997-05-06"/>
<dc element="dc.publisher" value="Reuters Holdings Plc"/>
<dc element="dc.date.published" value="1997-05-06"/>
<dc element="dc.source" value="Reuters"/>
<dc element="dc.creator.location" value="PORT LOUIS"/>
<dc element="dc.creator.location.country.name" value="MAURITIUS"/>
<dc element="dc.source" value="Reuters"/>
</metadata>
</newsitem>
