<?xml version="1.0" encoding="iso-8859-1" ?>
<newsitem itemid="50934" id="root" date="1996-09-12" xml:lang="en">
<title>AUSTRALIA: RTRS-Australia's AIDC plans to sell part Optus.</title>
<headline>RTRS-Australia's AIDC plans to sell part Optus.</headline>
<dateline>SYDNEY 1996-09-12</dateline>
<text>
<p>Australia's government-owned investment company AIDC Ltd said on Thursday it was likely to sell some of its interest in Optus Communications, Australia's second largest telecommunications group, after Optus listed later this year.  </p>
<p>&quot;We have made no firm decisions on the Optus stake,&quot; AIDC managing director Chris Skilton told reporters.</p>
<p>&quot;But we are likely to sell some on listing,&quot; Skilton said.</p>
<p>He said that AIDC did not know the conditions of the float such as the price but believed a float was planned for about November this year.</p>
<p>AIDC owns 25 million Optus shares. Optus is a rival to the state-owned Telstra Corp Ltd in the provision of local and long distance calls, and the mobile phone market.  </p>
<p>The AIDC stake in Optus represents about 9.6 percent.</p>
<p>the bulk of the shares to be offered in Optus will come from healthcare and transport group Mayne Nickless Ltd which plans to sell its 25 percent stake.</p>
<p>With an issue of 600 million to 800 million shares, other stock would represent new shares and some sales by institutions, Optus said last month.</p>
<p>Optus is 24.5 percent owned by BellSouth Corp and Cable and Wireless Plc, with neither company planning to dilute its stake. The AMP Society has a 10.3 percent holding.</p>
<p>-- Sydney Newsroo 61-2 9373-1800</p>
</text>
<copyright>(c) Reuters Limited 1996</copyright>
<metadata>
<codes class="bip:countries:1.0">
  <code code="AUSTR">
    <editdetail attribution="Reuters BIP Coding Group" action="confirmed" date="1996-09-12"/>
  </code>
</codes>
<codes class="bip:industries:1.0">
  <code code="I77002">
    <editdetail attribution="Reuters BIP Coding Group" action="confirmed" date="1996-09-12"/>
  </code>
  <code code="I79020">
    <editdetail attribution="Reuters BIP Coding Group" action="confirmed" date="1996-09-12"/>
  </code>
  <code code="I81502">
    <editdetail attribution="Reuters BIP Coding Group" action="confirmed" date="1996-09-12"/>
  </code>
  <code code="I8150203">
    <editdetail attribution="Reuters BIP Coding Group" action="confirmed" date="1996-09-12"/>
  </code>
</codes>
<codes class="bip:topics:1.0">
  <code code="C18">
    <editdetail attribution="Reuters BIP Coding Group" action="confirmed" date="1996-09-12"/>
  </code>
  <code code="C181">
    <editdetail attribution="Reuters BIP Coding Group" action="confirmed" date="1996-09-12"/>
  </code>
  <code code="C183">
    <editdetail attribution="Reuters BIP Coding Group" action="confirmed" date="1996-09-12"/>
  </code>
  <code code="CCAT">
    <editdetail attribution="Reuters BIP Coding Group" action="confirmed" date="1996-09-12"/>
  </code>
</codes>
<dc element="dc.date.created" value="1996-09-12"/>
<dc element="dc.publisher" value="Reuters Holdings Plc"/>
<dc element="dc.date.published" value="1996-09-12"/>
<dc element="dc.source" value="Reuters"/>
<dc element="dc.creator.location" value="SYDNEY"/>
<dc element="dc.creator.location.country.name" value="AUSTRALIA"/>
<dc element="dc.source" value="Reuters"/>
</metadata>
</newsitem>
