<?xml version="1.0" encoding="iso-8859-1" ?>
<newsitem itemid="224548" id="root" date="1996-11-29" xml:lang="en">
<title>AUSTRALIA: CRICKET-AUSTRALIA 73 FOR TWO AT LUNCH.</title>
<headline>CRICKET-AUSTRALIA 73 FOR TWO AT LUNCH.</headline>
<dateline>SYDNEY 1996-11-29</dateline>
<text>
<p>Australia were 73 for two at lunch on the first day of the second test against West Indies at the Sydney Cricket Ground on Friday.</p>
<p>Score - Australia 73 for two v West Indies.</p>
</text>
<copyright>(c) Reuters Limited 1996</copyright>
<metadata>
<codes class="bip:countries:1.0">
  <code code="AUSTR">
    <editdetail attribution="Reuters BIP Coding Group" action="confirmed" date="1996-11-29"/>
  </code>
  <code code="WEIND">
    <editdetail attribution="Reuters BIP Coding Group" action="confirmed" date="1996-11-29"/>
  </code>
</codes>
<codes class="bip:topics:1.0">
  <code code="GCAT">
    <editdetail attribution="Reuters BIP Coding Group" action="confirmed" date="1996-11-29"/>
  </code>
  <code code="GSPO">
    <editdetail attribution="Reuters BIP Coding Group" action="confirmed" date="1996-11-29"/>
  </code>
</codes>
<dc element="dc.date.created" value="1996-11-29"/>
<dc element="dc.publisher" value="Reuters Holdings Plc"/>
<dc element="dc.date.published" value="1996-11-29"/>
<dc element="dc.source" value="Reuters"/>
<dc element="dc.creator.location" value="SYDNEY"/>
<dc element="dc.creator.location.country.name" value="AUSTRALIA"/>
<dc element="dc.source" value="Reuters"/>
</metadata>
</newsitem>
