<?xml version="1.0" encoding="iso-8859-1" ?>
<newsitem itemid="423230" id="root" date="1997-03-06" xml:lang="en">
<title>USA: Olympic Financial named in class-action suit.</title>
<headline>Olympic Financial named in class-action suit.</headline>
<dateline>MINNEAPOLIS 1997-03-05</dateline>
<text>
<p>Olympic Financial Ltd was named in a class-action lawsuit alleging violations of federal securities laws, according to the law firm of Heins Mills &amp; Olson, which filed the suit.</p>
<p>The suit accused the company, including its former chief executive officer and president and the chairman of the board of directors, of making false and misleading statements and omissions about the company's loan programs, its retail repossession program and its loan loss reserves.</p>
<p>Olympic Financial officials were not available to comment on the lawsuit, which was filed March 4.</p>
<p>According to court documents filed in U.S. District Court for the District of Minnesota, the only plaintiff listed so far is Stuart Taran, an Olympic Financial shareholder.</p>
<p>Further details were not available.</p>
<p>Shares of Olympic Financial, a used car financing company, closed up 1/4 Wednesday at 10-1/8.</p>
<p>((Chicago newsdesk (312) 408-8787))</p>
</text>
<copyright>(c) Reuters Limited 1997</copyright>
<metadata>
<codes class="bip:countries:1.0">
  <code code="USA">
    <editdetail attribution="Reuters BIP Coding Group" action="confirmed" date="1997-03-06"/>
  </code>
</codes>
<codes class="bip:industries:1.0">
  <code code="I81501">
    <editdetail attribution="Reuters BIP Coding Group" action="confirmed" date="1997-03-06"/>
  </code>
</codes>
<codes class="bip:topics:1.0">
  <code code="C12">
    <editdetail attribution="Reuters BIP Coding Group" action="confirmed" date="1997-03-06"/>
  </code>
  <code code="CCAT">
    <editdetail attribution="Reuters BIP Coding Group" action="confirmed" date="1997-03-06"/>
  </code>
  <code code="GCAT">
    <editdetail attribution="Reuters BIP Coding Group" action="confirmed" date="1997-03-06"/>
  </code>
  <code code="GCRIM">
    <editdetail attribution="Reuters BIP Coding Group" action="confirmed" date="1997-03-06"/>
  </code>
</codes>
<dc element="dc.date.created" value="1997-03-05"/>
<dc element="dc.publisher" value="Reuters Holdings Plc"/>
<dc element="dc.date.published" value="1997-03-06"/>
<dc element="dc.source" value="Reuters"/>
<dc element="dc.creator.location" value="MINNEAPOLIS"/>
<dc element="dc.creator.location.country.name" value="USA"/>
<dc element="dc.source" value="Reuters"/>
</metadata>
</newsitem>
