<?xml version="1.0" encoding="iso-8859-1" ?>
<newsitem itemid="236361" id="root" date="1996-12-05" xml:lang="en">
<title>GREECE: TAX STAMP ON FX LOANS, TRANSACTIONS WORRIES GREEK BANKERS.</title>
<headline>TAX STAMP ON FX LOANS, TRANSACTIONS WORRIES GREEK BANKERS.</headline>
<dateline>ATHENS 1996-12-05</dateline>
<text>
<p>The abolition of a previous tax stamp exemption on forex bank loans to clients and interbank forex loans and depos has sent shivers through the Greek banking community.</p>
<p>Bankers said they were seeking clarification of chapter 5, article 4, paragraph 5 of the draft bill on the elimination of tax exemptions that was submitted to parliament on Wednesday from the finance ministry.</p>
<p>The imposition of the 0.3 percent tax stamp will raise the cost of forex loans to bank clients by a minimum 30 basis points but it could cause havoc if levied on interbank forex transactions, bankers said.</p>
<p>They expressed optimism that the issue will be clarified soon and will not affect interbank deals.</p>
<p>Some bankers said the tax stamp amounted to 3.4 percent instead of 0.3 percent. --Dimitris Kontogiannis, Athens Newsroom +301 3311812-4</p>
</text>
<copyright>(c) Reuters Limited 1996</copyright>
<metadata>
<codes class="bip:countries:1.0">
  <code code="GREECE">
    <editdetail attribution="Reuters BIP Coding Group" action="confirmed" date="1996-12-05"/>
  </code>
</codes>
<codes class="bip:industries:1.0">
  <code code="I81402">
    <editdetail attribution="Reuters BIP Coding Group" action="confirmed" date="1996-12-05"/>
  </code>
</codes>
<codes class="bip:topics:1.0">
  <code code="C13">
    <editdetail attribution="Reuters BIP Coding Group" action="confirmed" date="1996-12-05"/>
  </code>
  <code code="CCAT">
    <editdetail attribution="Reuters BIP Coding Group" action="confirmed" date="1996-12-05"/>
  </code>
  <code code="E21">
    <editdetail attribution="Reuters BIP Coding Group" action="confirmed" date="1996-12-05"/>
  </code>
  <code code="E211">
    <editdetail attribution="Reuters BIP Coding Group" action="confirmed" date="1996-12-05"/>
  </code>
  <code code="ECAT">
    <editdetail attribution="Reuters BIP Coding Group" action="confirmed" date="1996-12-05"/>
  </code>
</codes>
<dc element="dc.date.created" value="1996-12-05"/>
<dc element="dc.publisher" value="Reuters Holdings Plc"/>
<dc element="dc.date.published" value="1996-12-05"/>
<dc element="dc.source" value="Reuters"/>
<dc element="dc.creator.location" value="ATHENS"/>
<dc element="dc.creator.location.country.name" value="GREECE"/>
<dc element="dc.source" value="Reuters"/>
</metadata>
</newsitem>
