<?xml version="1.0" encoding="iso-8859-1" ?>
<newsitem itemid="42593" id="root" date="1996-09-10" xml:lang="en">
<title>UK: UK shares hit new intraday peak after Dow advance.</title>
<headline>UK shares hit new intraday peak after Dow advance.</headline>
<dateline>LONDON 1996-09-10</dateline>
<text>
<p>British stocks opened at an intraday record on Tuesday, buoyed by an upbeat Wall Street session in which the Dow posted its biggest one-day gain in over a month and T-bonds also improved.</p>
<p>Leading shares were marked higher across the board and the FTSE 100 index was up 19.9 points at 3,930.7 by 0743 GMT -- surpassing its record 3,922.1 set August 28. Gainers outweighed losers 15-to-one in modest volume of 23.3 million shares.</p>
<p>Traders said the market could hold on to its early gains through the rest of the session, as fears over U.S. interest prospects abate boosting U.S. markets.</p>
</text>
<copyright>(c) Reuters Limited 1996</copyright>
<metadata>
<codes class="bip:countries:1.0">
  <code code="UK">
    <editdetail attribution="Reuters BIP Coding Group" action="confirmed" date="1996-09-10"/>
  </code>
</codes>
<codes class="bip:topics:1.0">
  <code code="M11">
    <editdetail attribution="Reuters BIP Coding Group" action="confirmed" date="1996-09-10"/>
  </code>
</codes>
<dc element="dc.date.created" value="1996-09-10"/>
<dc element="dc.publisher" value="Reuters Holdings Plc"/>
<dc element="dc.date.published" value="1996-09-10"/>
<dc element="dc.source" value="Reuters"/>
<dc element="dc.creator.location" value="LONDON"/>
<dc element="dc.creator.location.country.name" value="UK"/>
<dc element="dc.source" value="Reuters"/>
</metadata>
</newsitem>
