<?xml version="1.0" encoding="iso-8859-1" ?>
<newsitem itemid="76221" id="root" date="1996-09-25" xml:lang="en">
<title>USA: Trend-Lines Inc names Griner president.</title>
<headline>Trend-Lines Inc names Griner president.</headline>
<dateline>REVERE, Mass. 1996-09-25</dateline>
<text>
<p>Trend-Lines Inc said Wednesday it had named Richard Griner as president.</p>
<p>Griner most recently worked at Family Dollar Stores Inc in various positions, including senior vice president of store operations.</p>
<p>Trend-Lines, a specialty retailer of woodworking tools and accessories, was not available for comment on Griner's predecessor.</p>
<p>-- New York Newsdesk 212-859-1610</p>
</text>
<copyright>(c) Reuters Limited 1996</copyright>
<metadata>
<codes class="bip:countries:1.0">
  <code code="USA">
    <editdetail attribution="Reuters BIP Coding Group" action="confirmed" date="1996-09-25"/>
  </code>
</codes>
<codes class="bip:industries:1.0">
  <code code="I65400">
    <editdetail attribution="Reuters BIP Coding Group" action="confirmed" date="1996-09-25"/>
  </code>
</codes>
<codes class="bip:topics:1.0">
  <code code="C41">
    <editdetail attribution="Reuters BIP Coding Group" action="confirmed" date="1996-09-25"/>
  </code>
  <code code="C411">
    <editdetail attribution="Reuters BIP Coding Group" action="confirmed" date="1996-09-25"/>
  </code>
  <code code="CCAT">
    <editdetail attribution="Reuters BIP Coding Group" action="confirmed" date="1996-09-25"/>
  </code>
</codes>
<dc element="dc.date.created" value="1996-09-25"/>
<dc element="dc.publisher" value="Reuters Holdings Plc"/>
<dc element="dc.date.published" value="1996-09-25"/>
<dc element="dc.source" value="Reuters"/>
<dc element="dc.creator.location" value="REVERE, Mass."/>
<dc element="dc.creator.location.country.name" value="USA"/>
<dc element="dc.source" value="Reuters"/>
</metadata>
</newsitem>
