<?xml version="1.0" encoding="iso-8859-1" ?>
<newsitem itemid="362145" id="root" date="1997-02-06" xml:lang="en">
<title>SWEDEN: Trygg-Hansa to release info with report.</title>
<headline>Trygg-Hansa to release info with report.</headline>
<dateline>STOCKHOLM 1997-02-06</dateline>
<text>
<p>Swedish insurer Trygg-Hansa AB said on Thursday it would release information about a suspension in trading its shares at the same time as it releases its 1996 earnings report later today.</p>
<p>A company spokeswoman Cecilia Schon told Reuters this would be between 1000 GMT and 1100 GMT. The company is due to hold a press conference at 1300 GMT.</p>
<p>The Stockholm bourse announced a trading suspension before the market opened on Thursday. It was last traded at 156 crowns ($21.14).</p>
<p>A Reuters poll has found the market is expecting Trygg-Hansa to post a pre-tax profit of 2.6 billion crowns.</p>
<p>A Swedish media report in March last year said Lars Thunell, the head of Trygg-Hansa, may be interested in a merger between his group and another insurance company or commercial bank.</p>
<p>Market players speculated that Trygg-Hansa was interested in merging with Swedish insurance group Wasa.</p>
<p>-- Stockholm newsroom +46-8-700 1017</p>
<p>($ = 7.378 Swedish Crowns)</p>
</text>
<copyright>(c) Reuters Limited 1997</copyright>
<metadata>
<codes class="bip:countries:1.0">
  <code code="SWED">
    <editdetail attribution="Reuters BIP Coding Group" action="confirmed" date="1997-02-06"/>
  </code>
</codes>
<codes class="bip:industries:1.0">
  <code code="I82002">
    <editdetail attribution="Reuters BIP Coding Group" action="confirmed" date="1997-02-06"/>
  </code>
</codes>
<codes class="bip:topics:1.0">
  <code code="C14">
    <editdetail attribution="Reuters BIP Coding Group" action="confirmed" date="1997-02-06"/>
  </code>
  <code code="C15">
    <editdetail attribution="Reuters BIP Coding Group" action="confirmed" date="1997-02-06"/>
  </code>
  <code code="C151">
    <editdetail attribution="Reuters BIP Coding Group" action="confirmed" date="1997-02-06"/>
  </code>
  <code code="C1511">
    <editdetail attribution="Reuters BIP Coding Group" action="confirmed" date="1997-02-06"/>
  </code>
  <code code="C152">
    <editdetail attribution="Reuters BIP Coding Group" action="confirmed" date="1997-02-06"/>
  </code>
  <code code="CCAT">
    <editdetail attribution="Reuters BIP Coding Group" action="confirmed" date="1997-02-06"/>
  </code>
</codes>
<dc element="dc.date.created" value="1997-02-06"/>
<dc element="dc.publisher" value="Reuters Holdings Plc"/>
<dc element="dc.date.published" value="1997-02-06"/>
<dc element="dc.source" value="Reuters"/>
<dc element="dc.creator.location" value="STOCKHOLM"/>
<dc element="dc.creator.location.country.name" value="SWEDEN"/>
<dc element="dc.source" value="Reuters"/>
</metadata>
</newsitem>
