<?xml version="1.0" encoding="iso-8859-1" ?>
<newsitem itemid="623949" id="root" date="1997-05-29" xml:lang="en">
<title>CANADA: Ceco sets purchase that would double size.</title>
<headline>Ceco sets purchase that would double size.</headline>
<dateline>TORONTO 1997-05-29</dateline>
<text>
<p>Ceco Environmental Corp said Thursday its Ceco Filters subsidiary has tentatively agreed to a purchase that would double the size of the company's annual sales and earnings.</p>
<p>Ceco said it signed a letter of intent to purchase Busch Co's operations in an all cash transaction funded by cash flow and bank financing. There will be no shareholder dilution.</p>
<p>The company emphasized that all financing is in place, adding closing is set for late July or early July.</p>
<p>It described Busch as a principle supplier of ventilating, exhaust and pollution control systems to the metal working industry.</p>
<p>Ceco said anticipated annualized sales will be about $25 million and upon closing its order backlog will increase to about $11 million from the current $3 million.</p>
<p>((-- New York Newsdesk 212-859-1610.))</p>
</text>
<copyright>(c) Reuters Limited 1997</copyright>
<metadata>
<codes class="bip:countries:1.0">
  <code code="CANA">
    <editdetail attribution="Reuters BIP Coding Group" action="confirmed" date="1997-05-29"/>
  </code>
  <code code="USA">
    <editdetail attribution="Reuters BIP Coding Group" action="confirmed" date="1997-05-29"/>
  </code>
</codes>
<codes class="bip:topics:1.0">
  <code code="C18">
    <editdetail attribution="Reuters BIP Coding Group" action="confirmed" date="1997-05-29"/>
  </code>
  <code code="C181">
    <editdetail attribution="Reuters BIP Coding Group" action="confirmed" date="1997-05-29"/>
  </code>
  <code code="CCAT">
    <editdetail attribution="Reuters BIP Coding Group" action="confirmed" date="1997-05-29"/>
  </code>
</codes>
<dc element="dc.date.created" value="1997-05-29"/>
<dc element="dc.publisher" value="Reuters Holdings Plc"/>
<dc element="dc.date.published" value="1997-05-29"/>
<dc element="dc.source" value="Reuters"/>
<dc element="dc.creator.location" value="TORONTO"/>
<dc element="dc.creator.location.country.name" value="CANADA"/>
<dc element="dc.source" value="Reuters"/>
</metadata>
</newsitem>
