<?xml version="1.0" encoding="iso-8859-1" ?>
<newsitem itemid="527189" id="root" date="1997-04-22" xml:lang="en">
<title>UK: SNOOKER-LATEST POSITIONS IN WORLD CHAMPIONSHIP.</title>
<headline>SNOOKER-LATEST POSITIONS IN WORLD CHAMPIONSHIP.</headline>
<dateline>SHEFFIELD, England 1997-04-22</dateline>
<text>
<p>Results and latest</p>
<p>positions in the best-of-19-frames first round of the world</p>
<p>professional snooker championship on Tuesday (prefix number</p>
<p>denotes seeding):</p>
<p>Bradley Jones (England) leads 4-John Parrott (England) 5-4 </p>
<p>5-Nigel Bond (England) leads Stephen Lee (England) 5-4</p>
<p>6-Alan McManus (Scotland) beat Billy Snaddon (Scotland) 10-9</p>
<p>4-John Parrott (England) beat Bradley Jones (England) 10-9</p>
<p>14-Alain Robidoux (Canada) leads Brian Morgan (England) 5-3.</p>
</text>
<copyright>(c) Reuters Limited 1997</copyright>
<metadata>
<codes class="bip:countries:1.0">
  <code code="UK">
    <editdetail attribution="Reuters BIP Coding Group" action="confirmed" date="1997-04-22"/>
  </code>
</codes>
<codes class="bip:topics:1.0">
  <code code="GCAT">
    <editdetail attribution="Reuters BIP Coding Group" action="confirmed" date="1997-04-22"/>
  </code>
  <code code="GSPO">
    <editdetail attribution="Reuters BIP Coding Group" action="confirmed" date="1997-04-22"/>
  </code>
</codes>
<dc element="dc.date.created" value="1997-04-22"/>
<dc element="dc.publisher" value="Reuters Holdings Plc"/>
<dc element="dc.date.published" value="1997-04-22"/>
<dc element="dc.source" value="Reuters"/>
<dc element="dc.creator.location" value="SHEFFIELD, England"/>
<dc element="dc.creator.location.country.name" value="UK"/>
<dc element="dc.source" value="Reuters"/>
</metadata>
</newsitem>
