<?xml version="1.0" encoding="iso-8859-1" ?>
<newsitem itemid="204509" id="root" date="1996-11-20" xml:lang="en">
<title>FRANCE: French leisure stocks up on bid rumours.</title>
<headline>French leisure stocks up on bid rumours.</headline>
<dateline>PARIS 1996-11-20</dateline>
<text>
<p>Shares in Club Mediterranee rocketed more than five percent in a weak Paris stockmarket on Wednesday on market rumours that hotel group Accor may launch a takeover bid, brokers said.</p>
<p>Officials at Club Mediterranee had no immediate comment, and Accor officials were not available to comment.</p>
<p>Club Med shares were up 5.02 percent at 324.20 francs at 0940 GMT. Accor shares were up 1.05 percent at 675.</p>
<p>Brokers said there was another rumour going through the market that Britain's Granada might be interested in Accor. They said it was fueled by Granada's aim to sell its Exclusive luxury chain.  </p>
<p>Granada said it hoped to complete the sale of the 17 luxury hotels by early 1997 on Monday.</p>
<p>A spokesman at Club Med told Reuters, &quot;We have no comment on the matter.&quot;</p>
<p>&quot;The (Accor-Club Med) rumour is strong, but like all rumours, it could be share manipulation,&quot; a trader said. &quot;It could have something to do with year-end window-dressing.&quot;</p>
<p>Another trader said, &quot;we've heard the rumour like everyone. But we don't know.&quot;</p>
<p>Accor holds 2.36 percent of Club Med's capital.</p>
<p>Most analysts said a buyout made little sense industrially and would run contrary to Accor's longstanding objective to reduce its debt.</p>
<p>They said Club Med may be a potential target but said foreign groups would be more likely to be interested.</p>
<p>-- Paris Newsroom, +33 1 4221 5452</p>
</text>
<copyright>(c) Reuters Limited 1996</copyright>
<metadata>
<codes class="bip:countries:1.0">
  <code code="FRA">
    <editdetail attribution="Reuters BIP Coding Group" action="confirmed" date="1996-11-20"/>
  </code>
</codes>
<codes class="bip:industries:1.0">
  <code code="I66500">
    <editdetail attribution="Reuters BIP Coding Group" action="confirmed" date="1996-11-20"/>
  </code>
  <code code="I9741102">
    <editdetail attribution="Reuters BIP Coding Group" action="confirmed" date="1996-11-20"/>
  </code>
</codes>
<codes class="bip:topics:1.0">
  <code code="C15">
    <editdetail attribution="Reuters BIP Coding Group" action="confirmed" date="1996-11-20"/>
  </code>
  <code code="C152">
    <editdetail attribution="Reuters BIP Coding Group" action="confirmed" date="1996-11-20"/>
  </code>
  <code code="C18">
    <editdetail attribution="Reuters BIP Coding Group" action="confirmed" date="1996-11-20"/>
  </code>
  <code code="C181">
    <editdetail attribution="Reuters BIP Coding Group" action="confirmed" date="1996-11-20"/>
  </code>
  <code code="CCAT">
    <editdetail attribution="Reuters BIP Coding Group" action="confirmed" date="1996-11-20"/>
  </code>
</codes>
<dc element="dc.date.created" value="1996-11-20"/>
<dc element="dc.publisher" value="Reuters Holdings Plc"/>
<dc element="dc.date.published" value="1996-11-20"/>
<dc element="dc.source" value="Reuters"/>
<dc element="dc.creator.location" value="PARIS"/>
<dc element="dc.creator.location.country.name" value="FRANCE"/>
<dc element="dc.source" value="Reuters"/>
</metadata>
</newsitem>
