<?xml version="1.0" encoding="iso-8859-1" ?>
<newsitem itemid="375434" id="root" date="1997-02-13" xml:lang="en">
<title>CHINA: China gold mine looking for foreign investment.</title>
<headline>China gold mine looking for foreign investment.</headline>
<dateline>BEIJING 1997-02-13</dateline>
<text>
<p>Southwestern China's Guizhou province is looking for foreign funds to help to develop its Lannigou Gold Mine, the Xinhua news agency said on Thursday.</p>
<p>The mine in the Miao-Bouyei prefecture was near the Nanning-Kunming railway that is scheduled to open in July as well as a 2,520 megawatt power plant being built in the area, Xinhua said.</p>
<p>Lannigou has proven reserves of 60 tonnes, earlier reports have said.</p>
<p>At least three foreign firms have shown an interest in developing Lannigou -- Newmont Gold of the U.S., Australia's Broken Hill Proprietary Ltd and the Gencor Group of South Africa, officials have said. They said last month that a decision on foreign cooperation could come within five months.</p>
<p>Newmont first showed interest in the site in 1993.</p>
<p>Four large gold deposits had been found in the prefecture, which produced 2.0 tonnes of gold in 1996, Xinhua said but gave no further details.</p>
<p>-- Beijing Newsroom (8610) 6532-1921</p>
</text>
<copyright>(c) Reuters Limited 1997</copyright>
<metadata>
<codes class="bip:countries:1.0">
  <code code="CHINA">
    <editdetail attribution="Reuters BIP Coding Group" action="confirmed" date="1997-02-13"/>
  </code>
</codes>
<codes class="bip:industries:1.0">
  <code code="I21000">
    <editdetail attribution="Reuters BIP Coding Group" action="confirmed" date="1997-02-13"/>
  </code>
  <code code="I83960">
    <editdetail attribution="Reuters BIP Coding Group" action="confirmed" date="1997-02-13"/>
  </code>
</codes>
<codes class="bip:topics:1.0">
  <code code="C17">
    <editdetail attribution="Reuters BIP Coding Group" action="confirmed" date="1997-02-13"/>
  </code>
  <code code="CCAT">
    <editdetail attribution="Reuters BIP Coding Group" action="confirmed" date="1997-02-13"/>
  </code>
</codes>
<dc element="dc.date.created" value="1997-02-13"/>
<dc element="dc.publisher" value="Reuters Holdings Plc"/>
<dc element="dc.date.published" value="1997-02-13"/>
<dc element="dc.source" value="Reuters"/>
<dc element="dc.creator.location" value="BEIJING"/>
<dc element="dc.creator.location.country.name" value="CHINA"/>
<dc element="dc.source" value="Reuters"/>
</metadata>
</newsitem>
