<?xml version="1.0" encoding="iso-8859-1" ?>
<newsitem itemid="335311" id="root" date="1997-01-27" xml:lang="en">
<title>USA: Hilton launches $6.5 billion bid for ITT.</title>
<headline>Hilton launches $6.5 billion bid for ITT.</headline>
<dateline>BEVERLY HILLS, Calif. 1997-01-27</dateline>
<text>
<p>Hilton Hotels Corp., the largest hotel and gambling company in the United States, on Monday launched a $6.5 billion bid for ITT Corp., owner of the Sheraton hotel chain and Caesars World casinos.</p>
<p>Including the assumption of debt, the deal would be worth $10.5 billion. Hilton said it was offering to buy all the outstanding ITT shares in a two-step bid. Hilton will pay $55 per share in cash for the first half of the tender, and will follow that with an offer of $55 a share in Hilton common stock.</p>
</text>
<copyright>(c) Reuters Limited 1997</copyright>
<metadata>
<codes class="bip:countries:1.0">
  <code code="USA">
    <editdetail attribution="Reuters BIP Coding Group" action="confirmed" date="1997-01-27"/>
  </code>
</codes>
<codes class="bip:topics:1.0">
  <code code="C17">
    <editdetail attribution="Reuters BIP Coding Group" action="confirmed" date="1997-01-27"/>
  </code>
  <code code="C181">
    <editdetail attribution="Reuters BIP Coding Group" action="confirmed" date="1997-01-27"/>
  </code>
</codes>
<dc element="dc.date.created" value="1997-01-27"/>
<dc element="dc.publisher" value="Reuters Holdings Plc"/>
<dc element="dc.date.published" value="1997-01-27"/>
<dc element="dc.source" value="Reuters"/>
<dc element="dc.creator.location" value="BEVERLY HILLS, Calif."/>
<dc element="dc.creator.location.country.name" value="USA"/>
<dc element="dc.source" value="Reuters"/>
</metadata>
</newsitem>
