<?xml version="1.0" encoding="iso-8859-1" ?>
<newsitem itemid="245514" id="root" date="1996-12-10" xml:lang="en">
<title>USA: Incomnet unit settles patent lawsuit.</title>
<headline>Incomnet unit settles patent lawsuit.</headline>
<dateline>WOODLAND HILLS, CALIF. 1996-12-10</dateline>
<text>
<p>Incomnet Inc said its Rapid Cast Inc unit settled a patent infringement lawsuit regarding its method to cast plastic lenses.</p>
<p>The suit was filed by Dr. Ronald Blum in the U.S. District Court for the Southern District of New York.</p>
<p>According to the settlement, the unit will pay Blum $200,000, as well as $350,000 over four years for a license to his patent for curing plastic lenses, the company said.</p>
<p>With the settlement, the suit was dismissed and Rapid Cast -- 51 percent owned by Incomnet -- will continue to use Blum's curing process as a step in its casting method.</p>
</text>
<copyright>(c) Reuters Limited 1996</copyright>
<metadata>
<codes class="bip:countries:1.0">
  <code code="USA">
    <editdetail attribution="Reuters BIP Coding Group" action="confirmed" date="1996-12-10"/>
  </code>
</codes>
<codes class="bip:industries:1.0">
  <code code="I33030">
    <editdetail attribution="Reuters BIP Coding Group" action="confirmed" date="1996-12-10"/>
  </code>
</codes>
<codes class="bip:topics:1.0">
  <code code="C12">
    <editdetail attribution="Reuters BIP Coding Group" action="confirmed" date="1996-12-10"/>
  </code>
  <code code="C13">
    <editdetail attribution="Reuters BIP Coding Group" action="confirmed" date="1996-12-10"/>
  </code>
  <code code="CCAT">
    <editdetail attribution="Reuters BIP Coding Group" action="confirmed" date="1996-12-10"/>
  </code>
  <code code="GCAT">
    <editdetail attribution="Reuters BIP Coding Group" action="confirmed" date="1996-12-10"/>
  </code>
  <code code="GCRIM">
    <editdetail attribution="Reuters BIP Coding Group" action="confirmed" date="1996-12-10"/>
  </code>
</codes>
<dc element="dc.date.created" value="1996-12-10"/>
<dc element="dc.publisher" value="Reuters Holdings Plc"/>
<dc element="dc.date.published" value="1996-12-10"/>
<dc element="dc.source" value="Reuters"/>
<dc element="dc.creator.location" value="WOODLAND HILLS, CALIF."/>
<dc element="dc.creator.location.country.name" value="USA"/>
<dc element="dc.source" value="Reuters"/>
</metadata>
</newsitem>
