<?xml version="1.0" encoding="iso-8859-1" ?>
<newsitem itemid="480983" id="root" date="1997-04-02" xml:lang="en">
<title>UK: NWE jet steady with futures, but buying slow.</title>
<headline>NWE jet steady with futures, but buying slow.</headline>
<dateline>LONDON 1997-04-02</dateline>
<text>
<p>NWE jet was steady on Wednesday with flat gas oil futures giving little direction.</p>
<p>April IPE gas oil was unchanged at $165.50 a tonne after a day of thin volume and range trading.</p>
<p>Jet fuel barges were pegged steady at April IPE gas oil +$17.50 fob with cargoes in the low $20s cif NWE.</p>
<p>-- London Newsroom +44 171 542 8980.</p>
</text>
<copyright>(c) Reuters Limited 1997</copyright>
<metadata>
<codes class="bip:countries:1.0">
  <code code="UK">
    <editdetail attribution="Reuters BIP Coding Group" action="confirmed" date="1997-04-02"/>
  </code>
</codes>
<codes class="bip:topics:1.0">
  <code code="M14">
    <editdetail attribution="Reuters BIP Coding Group" action="confirmed" date="1997-04-02"/>
  </code>
  <code code="M143">
    <editdetail attribution="Reuters BIP Coding Group" action="confirmed" date="1997-04-02"/>
  </code>
  <code code="MCAT">
    <editdetail attribution="Reuters BIP Coding Group" action="confirmed" date="1997-04-02"/>
  </code>
</codes>
<dc element="dc.date.created" value="1997-04-02"/>
<dc element="dc.publisher" value="Reuters Holdings Plc"/>
<dc element="dc.date.published" value="1997-04-02"/>
<dc element="dc.source" value="Reuters"/>
<dc element="dc.creator.location" value="LONDON"/>
<dc element="dc.creator.location.country.name" value="UK"/>
<dc element="dc.source" value="Reuters"/>
</metadata>
</newsitem>
