<?xml version="1.0" encoding="iso-8859-1" ?>
<newsitem itemid="554247" id="root" date="1997-05-01" xml:lang="en">
<title>USA: Chrysalis sees Q2 similar to those for Q1.</title>
<headline>Chrysalis sees Q2 similar to those for Q1.</headline>
<dateline>RARITAN, N.J. 1997-04-30</dateline>
<text>
<p>Chrysalis International Corp said Wednesday after reporting a first quarter loss that it expects &quot;similar results in the second quarter.&quot;</p>
<p>The company reported a first quarter loss of $0.06 a share on revenues of $9.9 million, compared to a loss of $0.01 a share on revenues of $9.6 million in the 1996 quarter.</p>
<p>The provider of drug developement services said its capabilities have expanded and its existing infrastructure is capable of supporting a much higher revenue base.</p>
<p>&quot;It is obvious Chrysalis possesses the critical mass and expanded services that our 250 biotechnology and pharmaceutical clients will find advantageous. However, given the long lead times associated with converting proposals into revenues, we anticipate similar results in the second quarter,&quot; the company said in a statement accompanying the release of its first quarter results.</p>
</text>
<copyright>(c) Reuters Limited 1997</copyright>
<metadata>
<codes class="bip:countries:1.0">
  <code code="USA">
    <editdetail attribution="Reuters BIP Coding Group" action="confirmed" date="1997-05-01"/>
  </code>
</codes>
<codes class="bip:industries:1.0">
  <code code="I25700">
    <editdetail attribution="Reuters BIP Coding Group" action="confirmed" date="1997-05-01"/>
  </code>
</codes>
<codes class="bip:topics:1.0">
  <code code="C15">
    <editdetail attribution="Reuters BIP Coding Group" action="confirmed" date="1997-05-01"/>
  </code>
  <code code="C151">
    <editdetail attribution="Reuters BIP Coding Group" action="confirmed" date="1997-05-01"/>
  </code>
  <code code="C152">
    <editdetail attribution="Reuters BIP Coding Group" action="confirmed" date="1997-05-01"/>
  </code>
  <code code="CCAT">
    <editdetail attribution="Reuters BIP Coding Group" action="confirmed" date="1997-05-01"/>
  </code>
</codes>
<dc element="dc.date.created" value="1997-04-30"/>
<dc element="dc.publisher" value="Reuters Holdings Plc"/>
<dc element="dc.date.published" value="1997-05-01"/>
<dc element="dc.source" value="Reuters"/>
<dc element="dc.creator.location" value="RARITAN, N.J."/>
<dc element="dc.creator.location.country.name" value="USA"/>
<dc element="dc.source" value="Reuters"/>
</metadata>
</newsitem>
