<?xml version="1.0" encoding="iso-8859-1" ?>
<newsitem itemid="666377" id="root" date="1997-06-17" xml:lang="en">
<title>HUNGARY: Hungary's BUX ends officially at 6,313.18 points.</title>
<headline>Hungary's BUX ends officially at 6,313.18 points.</headline>
<dateline>BUDAPEST 1997-06-17</dateline>
<text>
<p>The BUX index of the Budapest Stock Exchange finished officially at 6,313.18 points, down 13.94, unchanged from the preliminary figures.</p>
<p>Spot share turnover totalled 5.11 billion forints.</p>
<p>-- Budapest newsroom +36 1 327-4040</p>
</text>
<copyright>(c) Reuters Limited 1997</copyright>
<metadata>
<codes class="bip:countries:1.0">
  <code code="HUNG">
    <editdetail attribution="Reuters BIP Coding Group" action="confirmed" date="1997-06-17"/>
  </code>
</codes>
<codes class="bip:topics:1.0">
  <code code="M11">
    <editdetail attribution="Reuters BIP Coding Group" action="confirmed" date="1997-06-17"/>
  </code>
  <code code="MCAT">
    <editdetail attribution="Reuters BIP Coding Group" action="confirmed" date="1997-06-17"/>
  </code>
</codes>
<dc element="dc.date.created" value="1997-06-17"/>
<dc element="dc.publisher" value="Reuters Holdings Plc"/>
<dc element="dc.date.published" value="1997-06-17"/>
<dc element="dc.source" value="Reuters"/>
<dc element="dc.creator.location" value="BUDAPEST"/>
<dc element="dc.creator.location.country.name" value="HUNGARY"/>
<dc element="dc.source" value="Reuters"/>
</metadata>
</newsitem>
