<?xml version="1.0" encoding="iso-8859-1" ?>
<newsitem itemid="774879" id="root" date="1997-08-04" xml:lang="en">
<title>GREECE: ATHLETICS-KASPARKOVA WINS TRIPLE GOLD WITH PENULTIMATE LEAP.</title>
<headline>ATHLETICS-KASPARKOVA WINS TRIPLE GOLD WITH PENULTIMATE LEAP.</headline>
<dateline>ATHENS 1997-08-04</dateline>
<text>
<p>Czech Sarka Kasparkova won the world's women triple jump gold medal on Monday with 15.20 metres at her penultimate attempt.</p>
<p>Kasparkova, who had a modest personal best of 14.98 before the championships, used the third longest jump in the fledgling history of the sport to win her first major title.</p>
<p>Rodica Mateescu of Romania, who led the event until Kasparkova's winning leap with a mark of 15.16 metres set at her first try, had to settle for silver. Ukrainian Yelena Govorova took bronze with 14,67 metres,</p>
<p>World and Olympic champion Inessa Kravets of Ukraine, who is also the world record holder, did not turn up to the qualifying rounds on Saturday.</p>
</text>
<copyright>(c) Reuters Limited 1997</copyright>
<metadata>
<codes class="bip:countries:1.0">
  <code code="CZREP">
    <editdetail attribution="Reuters BIP Coding Group" action="confirmed" date="1997-08-04"/>
  </code>
  <code code="GREECE">
    <editdetail attribution="Reuters BIP Coding Group" action="confirmed" date="1997-08-04"/>
  </code>
</codes>
<codes class="bip:topics:1.0">
  <code code="GCAT">
    <editdetail attribution="Reuters BIP Coding Group" action="confirmed" date="1997-08-04"/>
  </code>
  <code code="GSPO">
    <editdetail attribution="Reuters BIP Coding Group" action="confirmed" date="1997-08-04"/>
  </code>
</codes>
<dc element="dc.date.created" value="1997-08-04"/>
<dc element="dc.publisher" value="Reuters Holdings Plc"/>
<dc element="dc.date.published" value="1997-08-04"/>
<dc element="dc.source" value="Reuters"/>
<dc element="dc.creator.location" value="ATHENS"/>
<dc element="dc.creator.location.country.name" value="GREECE"/>
<dc element="dc.source" value="Reuters"/>
</metadata>
</newsitem>
