<?xml version="1.0" encoding="iso-8859-1" ?>
<newsitem itemid="491299" id="root" date="1997-04-07" xml:lang="en">
<title>USA: Union Pacific closes rail near Minneapolis.</title>
<headline>Union Pacific closes rail near Minneapolis.</headline>
<dateline>CHICAGO 1997-04-07</dateline>
<text>
<p>Union Pacific Corp said flooding on the upper Mississippi River has forced the closure of its rail line near the twin cities of Minneapolis-St Paul, Minnesota.  </p>
<p>&quot;We are pretty much shut down in the Minneapolis-St Paul areas going south to Mankato, Minnesota,&quot; Union Pacific spokesman Ed Trandahl said.</p>
<p>The line was shut down sometime during the weekend due to flooding fed by high water levels on the upper Mississippi and the Minnesota River.</p>
<p>&quot;There has been some cooler weather that came through that area and that will probably help us get back in business a little sooner than if it had just stayed warm,&quot; he said.</p>
<p>But he said at this moment he did not know when the track would reopen.</p>
<p>((Doris Frankel 312-983-7305))</p>
</text>
<copyright>(c) Reuters Limited 1997</copyright>
<metadata>
<codes class="bip:countries:1.0">
  <code code="USA">
    <editdetail attribution="Reuters BIP Coding Group" action="confirmed" date="1997-04-07"/>
  </code>
</codes>
<codes class="bip:industries:1.0">
  <code code="I71000">
    <editdetail attribution="Reuters BIP Coding Group" action="confirmed" date="1997-04-07"/>
  </code>
</codes>
<codes class="bip:topics:1.0">
  <code code="C24">
    <editdetail attribution="Reuters BIP Coding Group" action="confirmed" date="1997-04-07"/>
  </code>
  <code code="CCAT">
    <editdetail attribution="Reuters BIP Coding Group" action="confirmed" date="1997-04-07"/>
  </code>
</codes>
<dc element="dc.date.created" value="1997-04-07"/>
<dc element="dc.publisher" value="Reuters Holdings Plc"/>
<dc element="dc.date.published" value="1997-04-07"/>
<dc element="dc.source" value="Reuters"/>
<dc element="dc.creator.location" value="CHICAGO"/>
<dc element="dc.creator.location.country.name" value="USA"/>
<dc element="dc.source" value="Reuters"/>
</metadata>
</newsitem>
