<?xml version="1.0" encoding="iso-8859-1" ?>
<newsitem itemid="535308" id="root" date="1997-04-24" xml:lang="en">
<title>BRAZIL: Brazil's two exporter groups should now meet May 8.</title>
<headline>Brazil's two exporter groups should now meet May 8.</headline>
<dateline>RIO DE JANEIRO 1997-04-24</dateline>
<text>
<p>Brazil's Coffee Exporters Federation (Febec) will ask Brazil's Coffee Exporters Association (Abecafe) to hold talks on forming a new, united association on May 8, said Febec president Oswaldo Aranha.</p>
<p>Earlier today a Febec spokesman mistakenly said that a six-man comission, made up of three members each from the two groups, would meet in Santos on May 5.</p>
<p>Instead the commission was expected to meet on May 7 but the date was aranged before exporter officials knew of a change in the date in the next meeting of Brazil's new coffee council, the CDPC, Aranha said.</p>
<p>The CDPC, which was to meet on May 5, will now take place on May 7 in Belo Horizonte, Minas Gerais state.</p>
<p>Because of the council session, Febec would now suggest the commission hold talks on May 8 in Santos, Aranha said.</p>
<p>Febec is Brazil's traditional exporting group and as such holds a seat on the CDPC. But in November 1995, a group of exporters broke away from Febec to form an alternative association which embraced more free market policies.</p>
<p>((-Caroline Bulloch, Rio de Janeiro newsroom, 5521 5074151))</p>
</text>
<copyright>(c) Reuters Limited 1997</copyright>
<metadata>
<codes class="bip:countries:1.0">
  <code code="BRAZ">
    <editdetail attribution="Reuters BIP Coding Group" action="confirmed" date="1997-04-24"/>
  </code>
</codes>
<codes class="bip:industries:1.0">
  <code code="I01001">
    <editdetail attribution="Reuters BIP Coding Group" action="confirmed" date="1997-04-24"/>
  </code>
  <code code="I0100137">
    <editdetail attribution="Reuters BIP Coding Group" action="confirmed" date="1997-04-24"/>
  </code>
</codes>
<codes class="bip:topics:1.0">
  <code code="C13">
    <editdetail attribution="Reuters BIP Coding Group" action="confirmed" date="1997-04-24"/>
  </code>
  <code code="C31">
    <editdetail attribution="Reuters BIP Coding Group" action="confirmed" date="1997-04-24"/>
  </code>
  <code code="C312">
    <editdetail attribution="Reuters BIP Coding Group" action="confirmed" date="1997-04-24"/>
  </code>
  <code code="CCAT">
    <editdetail attribution="Reuters BIP Coding Group" action="confirmed" date="1997-04-24"/>
  </code>
  <code code="M14">
    <editdetail attribution="Reuters BIP Coding Group" action="confirmed" date="1997-04-24"/>
  </code>
  <code code="M141">
    <editdetail attribution="Reuters BIP Coding Group" action="confirmed" date="1997-04-24"/>
  </code>
  <code code="MCAT">
    <editdetail attribution="Reuters BIP Coding Group" action="confirmed" date="1997-04-24"/>
  </code>
</codes>
<dc element="dc.date.created" value="1997-04-24"/>
<dc element="dc.publisher" value="Reuters Holdings Plc"/>
<dc element="dc.date.published" value="1997-04-24"/>
<dc element="dc.source" value="Reuters"/>
<dc element="dc.creator.location" value="RIO DE JANEIRO"/>
<dc element="dc.creator.location.country.name" value="BRAZIL"/>
<dc element="dc.source" value="Reuters"/>
</metadata>
</newsitem>
