<?xml version="1.0" encoding="iso-8859-1" ?>
<newsitem itemid="737735" id="root" date="1997-07-17" xml:lang="en">
<title>JAPAN: Seta -97/98 parent forecast.</title>
<headline>Seta -97/98 parent forecast.</headline>
<dateline>TOKYO 1997-07-17</dateline>
<text>
<p>Year to May 31, 1998</p>
<p>		   (in billions of yen unless specified)</p>
<p>			   LATEST	    ACTUAL</p>
<p> (Parent)	     FORECAST	  YEAR-AGO</p>
<p> Sales		  4.74		 4.09</p>
<p> Current	    640    million	 562    million</p>
<p> Net		  379    million	 306    million</p>
<p> EPS		   99.24 yen	  94.17 yen</p>
<p> Ord div	     10.00 yen	  10.00 yen</p>
<p> -Commem div	     -		 4.00 yen</p>
<p>NOTE - Seta Corporation develops and sells game software.</p>
</text>
<copyright>(c) Reuters Limited 1997</copyright>
<metadata>
<codes class="bip:countries:1.0">
  <code code="JAP">
    <editdetail attribution="Reuters BIP Coding Group" action="confirmed" date="1997-07-17"/>
  </code>
</codes>
<codes class="bip:industries:1.0">
  <code code="I33020">
    <editdetail attribution="Reuters BIP Coding Group" action="confirmed" date="1997-07-17"/>
  </code>
</codes>
<codes class="bip:topics:1.0">
  <code code="C15">
    <editdetail attribution="Reuters BIP Coding Group" action="confirmed" date="1997-07-17"/>
  </code>
  <code code="C152">
    <editdetail attribution="Reuters BIP Coding Group" action="confirmed" date="1997-07-17"/>
  </code>
  <code code="CCAT">
    <editdetail attribution="Reuters BIP Coding Group" action="confirmed" date="1997-07-17"/>
  </code>
</codes>
<dc element="dc.date.created" value="1997-07-17"/>
<dc element="dc.publisher" value="Reuters Holdings Plc"/>
<dc element="dc.date.published" value="1997-07-17"/>
<dc element="dc.source" value="Reuters"/>
<dc element="dc.creator.location" value="TOKYO"/>
<dc element="dc.creator.location.country.name" value="JAPAN"/>
<dc element="dc.source" value="Reuters"/>
</metadata>
</newsitem>
