<?xml version="1.0" encoding="iso-8859-1" ?>
<newsitem itemid="233261" id="root" date="1996-12-04" xml:lang="en">
<title>USA: Nemdaco names Dane as president, CEO.</title>
<headline>Nemdaco names Dane as president, CEO.</headline>
<dateline>LOS ANGELES 1996-12-04</dateline>
<text>
<p>Nemdaco Inc said Wednesday it had appointed W. Daniel Dane as president and chief executive officer.</p>
<p>Dane was the founder director of Kestrel International, a company providing financial services to expatriates throughout the world.</p>
<p>Dane said in a statement he was &quot;pleased to ... take part in the growth and development of the spinoffs that are planned for the next 12 months.&quot;</p>
</text>
<copyright>(c) Reuters Limited 1996</copyright>
<metadata>
<codes class="bip:countries:1.0">
  <code code="USA">
    <editdetail attribution="Reuters BIP Coding Group" action="confirmed" date="1996-12-04"/>
  </code>
</codes>
<codes class="bip:topics:1.0">
  <code code="C41">
    <editdetail attribution="Reuters BIP Coding Group" action="confirmed" date="1996-12-04"/>
  </code>
  <code code="C411">
    <editdetail attribution="Reuters BIP Coding Group" action="confirmed" date="1996-12-04"/>
  </code>
  <code code="CCAT">
    <editdetail attribution="Reuters BIP Coding Group" action="confirmed" date="1996-12-04"/>
  </code>
</codes>
<dc element="dc.date.created" value="1996-12-04"/>
<dc element="dc.publisher" value="Reuters Holdings Plc"/>
<dc element="dc.date.published" value="1996-12-04"/>
<dc element="dc.source" value="Reuters"/>
<dc element="dc.creator.location" value="LOS ANGELES"/>
<dc element="dc.creator.location.country.name" value="USA"/>
<dc element="dc.source" value="Reuters"/>
</metadata>
</newsitem>
