<?xml version="1.0" encoding="iso-8859-1" ?>
<newsitem itemid="606545" id="root" date="1997-05-22" xml:lang="en">
<title>AUSTRALIA: RGC eyes Victoria mineral sands search.</title>
<headline>RGC eyes Victoria mineral sands search.</headline>
<dateline>SYDNEY 1997-05-22</dateline>
<text>
<p>RGC Ltd said on Thursday it expects to explore for rutile and zircon over 24,000 square km in Australia's Victoria state.</p>
<p>RGC's wholly-owned subsidiary, RGC Mineral Sands Ltd, has applied to the state's Department of Natural Resources and Environment for about 40 exploration licenses in the Ouyen area, RGC exploration manager Peter McGoldrick told Reuters.</p>
<p>He said RGC is one of the world's largest mineral sand miners.  </p>
<p>In Australia RGC mines mineral sands in Western Australia and Queensland. In the U.S. it operates one mine in Florida and is developing a second in Virginia.</p>
<p>It also owns 76.7 percent of Cudgen Resources RZ Ltd, which holds 50 percent of Consolidated Rutile Ltd.</p>
<p>Consolidated Rutile's main asset is 50 percent of the Sierra Rutile Ltd mine in Sierra Leone.</p>
<p>Mineral sand products are largely used in the pigment and ceramics industries.</p>
<p>-- Sydney newsroom 61-2 9373-1800</p>
</text>
<copyright>(c) Reuters Limited 1997</copyright>
<metadata>
<codes class="bip:countries:1.0">
  <code code="AUSTR">
    <editdetail attribution="Reuters BIP Coding Group" action="confirmed" date="1997-05-22"/>
  </code>
</codes>
<codes class="bip:industries:1.0">
  <code code="I21000">
    <editdetail attribution="Reuters BIP Coding Group" action="confirmed" date="1997-05-22"/>
  </code>
</codes>
<codes class="bip:topics:1.0">
  <code code="C24">
    <editdetail attribution="Reuters BIP Coding Group" action="confirmed" date="1997-05-22"/>
  </code>
  <code code="CCAT">
    <editdetail attribution="Reuters BIP Coding Group" action="confirmed" date="1997-05-22"/>
  </code>
</codes>
<dc element="dc.date.created" value="1997-05-22"/>
<dc element="dc.publisher" value="Reuters Holdings Plc"/>
<dc element="dc.date.published" value="1997-05-22"/>
<dc element="dc.source" value="Reuters"/>
<dc element="dc.creator.location" value="SYDNEY"/>
<dc element="dc.creator.location.country.name" value="AUSTRALIA"/>
<dc element="dc.source" value="Reuters"/>
</metadata>
</newsitem>
