<?xml version="1.0" encoding="iso-8859-1" ?>
<newsitem itemid="617064" id="root" date="1997-05-27" xml:lang="en">
<title>USA: Mounds View ISD 621, Minn., won by Dain Bosworth.</title>
<headline>Mounds View ISD 621, Minn., won by Dain Bosworth.</headline>
<dateline>NEW YORK 1997-05-27</dateline>
<text>
<p>Dain Bosworth, Inc said it won $1.030 million of Mounds View Independent School District No. 621, Minn., general obligation capital facilities bonds, Series 1997A, with a true interest cost of 4.86 percent.</p>
</text>
<copyright>(c) Reuters Limited 1997</copyright>
<metadata>
<codes class="bip:countries:1.0">
  <code code="USA">
    <editdetail attribution="Reuters BIP Coding Group" action="confirmed" date="1997-05-27"/>
  </code>
</codes>
<codes class="bip:topics:1.0">
  <code code="E21">
    <editdetail attribution="Reuters BIP Coding Group" action="confirmed" date="1997-05-27"/>
  </code>
  <code code="E212">
    <editdetail attribution="Reuters BIP Coding Group" action="confirmed" date="1997-05-27"/>
  </code>
  <code code="ECAT">
    <editdetail attribution="Reuters BIP Coding Group" action="confirmed" date="1997-05-27"/>
  </code>
</codes>
<dc element="dc.date.created" value="1997-05-27"/>
<dc element="dc.publisher" value="Reuters Holdings Plc"/>
<dc element="dc.date.published" value="1997-05-27"/>
<dc element="dc.source" value="Reuters"/>
<dc element="dc.creator.location" value="NEW YORK"/>
<dc element="dc.creator.location.country.name" value="USA"/>
<dc element="dc.source" value="Reuters"/>
</metadata>
</newsitem>
