<?xml version="1.0" encoding="iso-8859-1" ?>
<newsitem itemid="508210" id="root" date="1997-04-14" xml:lang="en">
<title>SOUTH KOREA: S.Korean President Kim urges financial reform.</title>
<headline>S.Korean President Kim urges financial reform.</headline>
<dateline>SEOUL 1997-04-14</dateline>
<text>
<p>South Korean President Kim Young-sam on Monday urged implementation of the financial reforms proposed by a president panel.</p>
<p>&quot;Financial reform is a requisite for us to become an advanced country in the 21st century and an urgent task, which cannot be delayed, to prevent financial scandals,&quot; Kim said in a meeting with the Presidential Commission for Financial Reform and Finance Minister Kang Kyong-shik.  </p>
<p>The commission recommended an 18-point draft of short-term changes to the nation's financial system. The proposals included expanding business lines open to financial institutions and permitting representatives of the top five conglomerates to sit on bank boards as non-permanent board members.</p>
<p>The 31-member commission was set up in January after Kim said he would push forward with reforming the financial sector. The panel consisted of bankers, business leaders and scholars.</p>
<p>Kim said financial reforms should be consumer-oriented and should strategically position Korea for the 21st century.</p>
<p>Kim told the finance minister to make every every effort to implement the reforms, including enacting necessary laws. He also urged the commission to come up with mid- and long-term plans for further reform.</p>
</text>
<copyright>(c) Reuters Limited 1997</copyright>
<metadata>
<codes class="bip:countries:1.0">
  <code code="SKOREA">
    <editdetail attribution="Reuters BIP Coding Group" action="confirmed" date="1997-04-14"/>
  </code>
</codes>
<codes class="bip:industries:1.0">
  <code code="I81402">
    <editdetail attribution="Reuters BIP Coding Group" action="confirmed" date="1997-04-14"/>
  </code>
  <code code="I83100">
    <editdetail attribution="Reuters BIP Coding Group" action="confirmed" date="1997-04-14"/>
  </code>
</codes>
<codes class="bip:topics:1.0">
  <code code="C13">
    <editdetail attribution="Reuters BIP Coding Group" action="confirmed" date="1997-04-14"/>
  </code>
  <code code="CCAT">
    <editdetail attribution="Reuters BIP Coding Group" action="confirmed" date="1997-04-14"/>
  </code>
  <code code="E12">
    <editdetail attribution="Reuters BIP Coding Group" action="confirmed" date="1997-04-14"/>
  </code>
  <code code="ECAT">
    <editdetail attribution="Reuters BIP Coding Group" action="confirmed" date="1997-04-14"/>
  </code>
</codes>
<dc element="dc.date.created" value="1997-04-14"/>
<dc element="dc.publisher" value="Reuters Holdings Plc"/>
<dc element="dc.date.published" value="1997-04-14"/>
<dc element="dc.source" value="Reuters"/>
<dc element="dc.creator.location" value="SEOUL"/>
<dc element="dc.creator.location.country.name" value="SOUTH KOREA"/>
<dc element="dc.source" value="Reuters"/>
</metadata>
</newsitem>
