<?xml version="1.0" encoding="iso-8859-1" ?>
<newsitem itemid="121749" id="root" date="1996-10-16" xml:lang="en">
<title>FINLAND: INGMAN SEES SLIGHT 1996 PROFIT.</title>
<headline>INGMAN SEES SLIGHT 1996 PROFIT.</headline>
<dateline>HELSINKI 1996-10-16</dateline>
<text>
<p>Finnish dairy products group Ingman Foods Oy Ab said on Wednesday it expected to make a slight loss in the final part of the year but near break even and the full-year would show a slight profit.</p>
<p>The result level was not satisfactory, it said.</p>
<p>&quot;The result at the end of the year will be a slight loss albeit almost break-even,&quot; it said. &quot;The (full-year) result after financial items is expected to be a slight profit,&quot; it added.</p>
<p>In January-August, Ingman swung to a 8.4 million markka profit after financial items from a 7.7 million loss in the same period last year. Its full-1995 result was a 1.9 million loss.</p>
<p>-- Helsinki newsroom +358-0-6805 0245</p>
</text>
<copyright>(c) Reuters Limited 1996</copyright>
<metadata>
<codes class="bip:countries:1.0">
  <code code="FIN">
    <editdetail attribution="Reuters BIP Coding Group" action="confirmed" date="1996-10-16"/>
  </code>
</codes>
<codes class="bip:industries:1.0">
  <code code="I41300">
    <editdetail attribution="Reuters BIP Coding Group" action="confirmed" date="1996-10-16"/>
  </code>
</codes>
<codes class="bip:topics:1.0">
  <code code="C15">
    <editdetail attribution="Reuters BIP Coding Group" action="confirmed" date="1996-10-16"/>
  </code>
  <code code="C152">
    <editdetail attribution="Reuters BIP Coding Group" action="confirmed" date="1996-10-16"/>
  </code>
  <code code="CCAT">
    <editdetail attribution="Reuters BIP Coding Group" action="confirmed" date="1996-10-16"/>
  </code>
</codes>
<dc element="dc.date.created" value="1996-10-16"/>
<dc element="dc.publisher" value="Reuters Holdings Plc"/>
<dc element="dc.date.published" value="1996-10-16"/>
<dc element="dc.source" value="Reuters"/>
<dc element="dc.creator.location" value="HELSINKI"/>
<dc element="dc.creator.location.country.name" value="FINLAND"/>
<dc element="dc.source" value="Reuters"/>
</metadata>
</newsitem>
