<?xml version="1.0" encoding="iso-8859-1" ?>
<newsitem itemid="394976" id="root" date="1997-02-21" xml:lang="en">
<title>USA: Mesabi E. Schools, Minn., rated Aa1 by Moody's.</title>
<headline>Mesabi E. Schools, Minn., rated Aa1 by Moody's.</headline>
<text>
<p>NEW YORK, Feb 21 -  Moody's Investors Service - Rating Announcement As of 02/20/97.</p>
<p>Issuer		: Mesabi E. I.S.D. 2711 (MSDE) Series '97</p>
<p>State		 : MN</p>
<p>Rating		: Aa1</p>
<p>Sale Amount	 : 800,000</p>
<p>Expected Sale Date: 02/24/97</p>
<p>--U.S. Municipal Desk, 212-859-1650</p>
</text>
<copyright>(c) Reuters Limited 1997</copyright>
<metadata>
<codes class="bip:countries:1.0">
  <code code="USA">
    <editdetail attribution="Reuters BIP Coding Group" action="confirmed" date="1997-02-21"/>
  </code>
</codes>
<codes class="bip:topics:1.0">
  <code code="C17">
    <editdetail attribution="Reuters BIP Coding Group" action="confirmed" date="1997-02-21"/>
  </code>
  <code code="C174">
    <editdetail attribution="Reuters BIP Coding Group" action="confirmed" date="1997-02-21"/>
  </code>
  <code code="CCAT">
    <editdetail attribution="Reuters BIP Coding Group" action="confirmed" date="1997-02-21"/>
  </code>
  <code code="E21">
    <editdetail attribution="Reuters BIP Coding Group" action="confirmed" date="1997-02-21"/>
  </code>
  <code code="E212">
    <editdetail attribution="Reuters BIP Coding Group" action="confirmed" date="1997-02-21"/>
  </code>
  <code code="ECAT">
    <editdetail attribution="Reuters BIP Coding Group" action="confirmed" date="1997-02-21"/>
  </code>
</codes>
<dc element="dc.publisher" value="Reuters Holdings Plc"/>
<dc element="dc.date.published" value="1997-02-21"/>
<dc element="dc.source" value="Reuters"/>
<dc element="dc.creator.location.country.name" value="USA"/>
<dc element="dc.source" value="Reuters"/>
</metadata>
</newsitem>
