<?xml version="1.0" encoding="iso-8859-1" ?>
<newsitem itemid="70920" id="root" date="1996-09-23" xml:lang="en">
<title>USA: Kirby Corp to list on NYSE.</title>
<headline>Kirby Corp to list on NYSE.</headline>
<dateline>HOUSTON 1996-09-23</dateline>
<text>
<p>Kirby Corp said on Monday that the New York Stock Exchange had approved the listing of its common stock under the trading symbol &quot;KEX.&quot;</p>
<p>Kirby said it expects to begin trading on the NYSE on or about October 15.</p>
<p>Shares of Kirby Corp were up 1/4 at 16-1/2 in late morning trading on Monday. The company has about 24.7 million shares outstanding.</p>
</text>
<copyright>(c) Reuters Limited 1996</copyright>
<metadata>
<codes class="bip:countries:1.0">
  <code code="USA">
    <editdetail attribution="Reuters BIP Coding Group" action="confirmed" date="1996-09-23"/>
  </code>
</codes>
<codes class="bip:industries:1.0">
  <code code="I77003">
    <editdetail attribution="Reuters BIP Coding Group" action="confirmed" date="1996-09-23"/>
  </code>
</codes>
<codes class="bip:topics:1.0">
  <code code="C14">
    <editdetail attribution="Reuters BIP Coding Group" action="confirmed" date="1996-09-23"/>
  </code>
  <code code="CCAT">
    <editdetail attribution="Reuters BIP Coding Group" action="confirmed" date="1996-09-23"/>
  </code>
</codes>
<dc element="dc.date.created" value="1996-09-23"/>
<dc element="dc.publisher" value="Reuters Holdings Plc"/>
<dc element="dc.date.published" value="1996-09-23"/>
<dc element="dc.source" value="Reuters"/>
<dc element="dc.creator.location" value="HOUSTON"/>
<dc element="dc.creator.location.country.name" value="USA"/>
<dc element="dc.source" value="Reuters"/>
</metadata>
</newsitem>
