<?xml version="1.0" encoding="iso-8859-1" ?>
<newsitem itemid="337539" id="root" date="1997-01-28" xml:lang="en">
<title>MEXICO: Mexico livestock report, feeder export price - USDA.</title>
<headline>Mexico livestock report, feeder export price - USDA.</headline>
<dateline>MEXICO CITY 1997-01-28</dateline>
<text>
<p>USDA reported Tuesday that around 1,075 head were exported into the United States at two crossing points Monday, with prices ranging on weight.</p>
<p>Through Nogales, Arizona, around 900 head were sold at firmer prices than last week. &quot;Trade moderate, demand good. Bulk of supply consisted of steers weighing 300-500 lb,&quot; the USDA said.</p>
<p>Prices for 300-400 lb feeder steers were between 73-83 cents /lb and for 400-500 lb head they were between 68-73 cents/lb.</p>
<p>Through Del Rio, Texas, around 175 head of &quot;corriente&quot; were sold, weighing between 300-500 lb, although not enough to give indicative market prices.</p>
<p>((--Chris Aspin, Mexico City newsroom (525) 7289530. E-mail at chris.aspin@reuters.com))</p>
</text>
<copyright>(c) Reuters Limited 1997</copyright>
<metadata>
<codes class="bip:countries:1.0">
  <code code="MEX">
    <editdetail attribution="Reuters BIP Coding Group" action="confirmed" date="1997-01-28"/>
  </code>
  <code code="USA">
    <editdetail attribution="Reuters BIP Coding Group" action="confirmed" date="1997-01-28"/>
  </code>
</codes>
<codes class="bip:topics:1.0">
  <code code="M14">
    <editdetail attribution="Reuters BIP Coding Group" action="confirmed" date="1997-01-28"/>
  </code>
  <code code="M141">
    <editdetail attribution="Reuters BIP Coding Group" action="confirmed" date="1997-01-28"/>
  </code>
  <code code="MCAT">
    <editdetail attribution="Reuters BIP Coding Group" action="confirmed" date="1997-01-28"/>
  </code>
</codes>
<dc element="dc.date.created" value="1997-01-28"/>
<dc element="dc.publisher" value="Reuters Holdings Plc"/>
<dc element="dc.date.published" value="1997-01-28"/>
<dc element="dc.source" value="Reuters"/>
<dc element="dc.creator.location" value="MEXICO CITY"/>
<dc element="dc.creator.location.country.name" value="MEXICO"/>
<dc element="dc.source" value="Reuters"/>
</metadata>
</newsitem>
