<?xml version="1.0" encoding="iso-8859-1" ?>
<newsitem itemid="277693" id="root" date="1996-12-27" xml:lang="en">
<title>RUSSIA: Russian minister sees De Beers deal - Tass.</title>
<headline>Russian minister sees De Beers deal - Tass.</headline>
<dateline>MOSCOW 1996-12-27</dateline>
<text>
<p>Russian Finance Minister Alexander Livshits said on Friday that Moscow believed a deal on diamond exports with South African gem group De Beers was &quot;essential&quot; and could be signed next year, Itar-Tass news agency said.</p>
<p>Livshits last week suggested amendments to a draft agreement that is still being discussed after an interim accord was reached last February. De Beers have given the Russian government until the end of 1996 to approve the draft or face termination of the interim agreement.</p>
<p>Livshits was quoted on Friday as saying that Russia's relations with De Beers had been &quot;normalised.&quot;</p>
<p>&quot;Russia realises that such an agreement is essential,&quot; he said. &quot;(It) could be signed in 1997,&quot; he added.</p>
<p>-- Moscow newsroom, +7 095 941 8520</p>
</text>
<copyright>(c) Reuters Limited 1996</copyright>
<metadata>
<codes class="bip:countries:1.0">
  <code code="RUSS">
    <editdetail attribution="Reuters BIP Coding Group" action="confirmed" date="1996-12-27"/>
  </code>
  <code code="SAFR">
    <editdetail attribution="Reuters BIP Coding Group" action="confirmed" date="1996-12-27"/>
  </code>
</codes>
<codes class="bip:industries:1.0">
  <code code="I23000">
    <editdetail attribution="Reuters BIP Coding Group" action="confirmed" date="1996-12-27"/>
  </code>
</codes>
<codes class="bip:topics:1.0">
  <code code="C33">
    <editdetail attribution="Reuters BIP Coding Group" action="confirmed" date="1996-12-27"/>
  </code>
  <code code="CCAT">
    <editdetail attribution="Reuters BIP Coding Group" action="confirmed" date="1996-12-27"/>
  </code>
</codes>
<dc element="dc.date.created" value="1996-12-27"/>
<dc element="dc.publisher" value="Reuters Holdings Plc"/>
<dc element="dc.date.published" value="1996-12-27"/>
<dc element="dc.source" value="Reuters"/>
<dc element="dc.creator.location" value="MOSCOW"/>
<dc element="dc.creator.location.country.name" value="RUSSIA"/>
<dc element="dc.source" value="Reuters"/>
</metadata>
</newsitem>
