<?xml version="1.0" encoding="iso-8859-1" ?>
<newsitem itemid="132282" id="root" date="1996-10-21" xml:lang="en">
<title>FRANCE: French group may bid for Thomson Multimedia - paper.</title>
<headline>French group may bid for Thomson Multimedia - paper.</headline>
<dateline>PARIS 1996-10-21</dateline>
<text>
<p>A French &quot;white knight&quot; could make a bid in the coming days for Thomson Multimedia, the consumer electronics firm tipped until now to be hived off to Daewoo as part of the government sell-off of Thomson SA, daily Le Tribune Desfosses said on Monday.</p>
<p>The newspaper said the bid could be submitted in the coming days to the privatisation commission which is examining the Thomson sell-off dossier after the government said last week it preferred an offer for Thomson SA made by Lagardere.  </p>
<p>Preliminary discussions were underway and centred around a &quot;well-known businessman&quot; the newspaper said.</p>
<p>It said the real technological value of the group had only dawned on those involved in the dossier late in the sell-off process.</p>
<p>-- Paris Newsroom +33 1 4221 5452</p>
</text>
<copyright>(c) Reuters Limited 1996</copyright>
<metadata>
<codes class="bip:countries:1.0">
  <code code="FRA">
    <editdetail attribution="Reuters BIP Coding Group" action="confirmed" date="1996-10-21"/>
  </code>
</codes>
<codes class="bip:industries:1.0">
  <code code="I34000">
    <editdetail attribution="Reuters BIP Coding Group" action="confirmed" date="1996-10-21"/>
  </code>
  <code code="I34540">
    <editdetail attribution="Reuters BIP Coding Group" action="confirmed" date="1996-10-21"/>
  </code>
  <code code="I61000">
    <editdetail attribution="Reuters BIP Coding Group" action="confirmed" date="1996-10-21"/>
  </code>
  <code code="I83960">
    <editdetail attribution="Reuters BIP Coding Group" action="confirmed" date="1996-10-21"/>
  </code>
</codes>
<codes class="bip:topics:1.0">
  <code code="C18">
    <editdetail attribution="Reuters BIP Coding Group" action="confirmed" date="1996-10-21"/>
  </code>
  <code code="C181">
    <editdetail attribution="Reuters BIP Coding Group" action="confirmed" date="1996-10-21"/>
  </code>
  <code code="CCAT">
    <editdetail attribution="Reuters BIP Coding Group" action="confirmed" date="1996-10-21"/>
  </code>
</codes>
<dc element="dc.date.created" value="1996-10-21"/>
<dc element="dc.publisher" value="Reuters Holdings Plc"/>
<dc element="dc.date.published" value="1996-10-21"/>
<dc element="dc.source" value="Reuters"/>
<dc element="dc.creator.location" value="PARIS"/>
<dc element="dc.creator.location.country.name" value="FRANCE"/>
<dc element="dc.source" value="Reuters"/>
</metadata>
</newsitem>
