<?xml version="1.0" encoding="iso-8859-1" ?>
<newsitem itemid="734967" id="root" date="1997-07-17" xml:lang="en">
<title>USA: TABLE - Wilmington Trust Q2 shr rises.</title>
<headline>TABLE - Wilmington Trust Q2 shr rises.</headline>
<dateline>WILMINGTON, Del. 1997-07-17</dateline>
<text>
<p>(In thousands, except per share)</p>
<p>				    FOR THE QUARTER ENDED JUNE 30,</p>
<p>								Dollar  Percent</p>
<p>					1997	1996    Change  Change</p>
<p> Net Income		     26,284     24,117    2,167   9.0%</p>
<p> Net Income Per Share	   0.78	 0.70     0.08   11.4</p>
<p>Average Shares Outstanding</p>
<p>				    33,689     34,462	---    ---</p>
<p>6 MONTHS</p>
<p> Net Income		     51,205     47,136    4,069   8.6%</p>
<p> Net Income Per Share	   1.52	 1.36     0.16   11.8</p>
<p> Average Shares Outstanding 33,778     34,735	---    ---</p>
<p> Return on Assets		1.88%	1.80%	---    ---</p>
<p>Return on Stockholders'</p>
<p>  Equity			   22.13	20.85	---    ---</p>
<p>Average Stockholders'</p>
<p>  Equity to Assets		8.48	 8.63	---    ---</p>
<p>AS OF JUNE 30</p>
<p> Total Assets		5,809,941  5,387,076  422,865   7.8%</p>
<p> Total Deposits	    3,972,043  3,529,688  442,355   12.5</p>
<p> Total Loans		 3,976,193  3,596,032  380,161   10.6</p>
<p> Reserve For Loan Losses    58,107     51,423    6,684   13.0</p>
<p> Net Loans		   3,918,086  3,544,609  373,477   10.5</p>
<p> Investment Securities  1,352,723  1,374,384  (21,661)  (1.6)</p>
<p> Short-Term Investments    111,100     59,000   52,100   88.3</p>
<p> Stockholders' Equity	482,773    447,553   35,220    7.9</p>
<p> Book Value Per Share	  14.32	13.09	---    ---</p>
<p>Total Risk-</p>
<p>  Based Capital Ratio	 12.09%     12.04%	---    ---</p>
<p>Tier 1 Risk-</p>
<p>  Based Capital Ratio	  10.83	10.79	---    ---</p>
<p>Tier 1 Leverage Capital Ratio</p>
<p>					8.61	 8.30	---    ---</p>
<p>Full company name is Wilmington Trust Co.</p>
<p>--((New York Newsdesk 212 859-1610))</p>
</text>
<copyright>(c) Reuters Limited 1997</copyright>
<metadata>
<codes class="bip:countries:1.0">
  <code code="USA">
    <editdetail attribution="Reuters BIP Coding Group" action="confirmed" date="1997-07-17"/>
  </code>
</codes>
<codes class="bip:industries:1.0">
  <code code="I81402">
    <editdetail attribution="Reuters BIP Coding Group" action="confirmed" date="1997-07-17"/>
  </code>
</codes>
<codes class="bip:topics:1.0">
  <code code="C15">
    <editdetail attribution="Reuters BIP Coding Group" action="confirmed" date="1997-07-17"/>
  </code>
  <code code="C151">
    <editdetail attribution="Reuters BIP Coding Group" action="confirmed" date="1997-07-17"/>
  </code>
  <code code="CCAT">
    <editdetail attribution="Reuters BIP Coding Group" action="confirmed" date="1997-07-17"/>
  </code>
</codes>
<dc element="dc.date.created" value="1997-07-17"/>
<dc element="dc.publisher" value="Reuters Holdings Plc"/>
<dc element="dc.date.published" value="1997-07-17"/>
<dc element="dc.source" value="Reuters"/>
<dc element="dc.creator.location" value="WILMINGTON, Del."/>
<dc element="dc.creator.location.country.name" value="USA"/>
<dc element="dc.source" value="Reuters"/>
</metadata>
</newsitem>
