<?xml version="1.0" encoding="iso-8859-1" ?>
<newsitem itemid="47281" id="root" date="1996-09-11" xml:lang="en">
<title>UK: Japanese stocks in London flat ahead of expiry.</title>
<headline>Japanese stocks in London flat ahead of expiry.</headline>
<dateline>LONDON 1996-09-11</dateline>
<text>
<p>Japanese stocks in London were steady to slightly lower in quiet dealings on Wednesday, with investors sidelined by Friday's Nikkei future and options expiry and the lacklustre performance on the Tokyo bourse.</p>
<p>&quot;The expiry is keeping people away and with Wall Street set to open lower, we're not expecting much business this afternoon. We should trend a couple of ticks lower,&quot; one dealer said.</p>
<p>The Nikkei 50 index in London was barely changed at 1342 GMT, up 0.80 point at 1,394.79, as the market took its cue from a meagre 0.06 percent rise on the Tokyo Nikkei.  </p>
<p>Dealers noted some profit-taking in hi-tech stocks, hit by a profit warning from U.S. technology stock Motorola Inc. earlier in the day, but said the market was on a sound footing, helped by the dollar around 110 yen.</p>
<p>Dealers expected little movement this week ahead of the expiry and said uncertainty about the timing of Japan's next elections, which would affect the launch of the expected supplementary budget, would tend to deter investors.</p>
<p>-- London Newsroom +44 171 542 4367</p>
</text>
<copyright>(c) Reuters Limited 1996</copyright>
<metadata>
<codes class="bip:countries:1.0">
  <code code="JAP">
    <editdetail attribution="Reuters BIP Coding Group" action="confirmed" date="1996-09-11"/>
  </code>
  <code code="UK">
    <editdetail attribution="Reuters BIP Coding Group" action="confirmed" date="1996-09-11"/>
  </code>
</codes>
<codes class="bip:topics:1.0">
  <code code="M11">
    <editdetail attribution="Reuters BIP Coding Group" action="confirmed" date="1996-09-11"/>
  </code>
  <code code="MCAT">
    <editdetail attribution="Reuters BIP Coding Group" action="confirmed" date="1996-09-11"/>
  </code>
</codes>
<dc element="dc.date.created" value="1996-09-11"/>
<dc element="dc.publisher" value="Reuters Holdings Plc"/>
<dc element="dc.date.published" value="1996-09-11"/>
<dc element="dc.source" value="Reuters"/>
<dc element="dc.creator.location" value="LONDON"/>
<dc element="dc.creator.location.country.name" value="UK"/>
<dc element="dc.source" value="Reuters"/>
</metadata>
</newsitem>
