<?xml version="1.0" encoding="iso-8859-1" ?>
<newsitem itemid="450270" id="root" date="1997-03-18" xml:lang="en">
<title>USA: U.S. aluminum center shipments higher in January.</title>
<headline>U.S. aluminum center shipments higher in January.</headline>
<dateline>NEW YORK 1997-03-18</dateline>
<text>
<p>Shipments from U.S. aluminum service centers in January rose 10.4 percent above the level of a year ago, the National Association of Aluminum Distributors said.</p>
<p>According to NAAD's three-month moving average index, shipments in January rose to 139.4 points from 138.4 in December, and 86.8 in January 1996.</p>
<p>The inventory index rose to 122.8 points in January from 121.8 points in December, and 100.8 points in January 1996.</p>
<p>((New York Commodity Desk 212-859-1640))</p>
</text>
<copyright>(c) Reuters Limited 1997</copyright>
<metadata>
<codes class="bip:countries:1.0">
  <code code="USA">
    <editdetail attribution="Reuters BIP Coding Group" action="confirmed" date="1997-03-18"/>
  </code>
</codes>
<codes class="bip:industries:1.0">
  <code code="I22450">
    <editdetail attribution="Reuters BIP Coding Group" action="confirmed" date="1997-03-18"/>
  </code>
</codes>
<codes class="bip:topics:1.0">
  <code code="C31">
    <editdetail attribution="Reuters BIP Coding Group" action="confirmed" date="1997-03-18"/>
  </code>
  <code code="CCAT">
    <editdetail attribution="Reuters BIP Coding Group" action="confirmed" date="1997-03-18"/>
  </code>
  <code code="M14">
    <editdetail attribution="Reuters BIP Coding Group" action="confirmed" date="1997-03-18"/>
  </code>
  <code code="M142">
    <editdetail attribution="Reuters BIP Coding Group" action="confirmed" date="1997-03-18"/>
  </code>
  <code code="MCAT">
    <editdetail attribution="Reuters BIP Coding Group" action="confirmed" date="1997-03-18"/>
  </code>
</codes>
<dc element="dc.date.created" value="1997-03-18"/>
<dc element="dc.publisher" value="Reuters Holdings Plc"/>
<dc element="dc.date.published" value="1997-03-18"/>
<dc element="dc.source" value="Reuters"/>
<dc element="dc.creator.location" value="NEW YORK"/>
<dc element="dc.creator.location.country.name" value="USA"/>
<dc element="dc.source" value="Reuters"/>
</metadata>
</newsitem>
