<?xml version="1.0" encoding="iso-8859-1" ?>
<newsitem itemid="467193" id="root" date="1997-03-25" xml:lang="en">
<title>USA: CFSA -- US terminal market values for grain.</title>
<headline>CFSA -- US terminal market values for grain.</headline>
<dateline>KANSAS CITY, Mo 1997-03-25</dateline>
<text>
<p>The Consolidated Farm Service Agency (CFSA) established these unit values for commodities offered from government stocks through redemption of Commodity Credit Corp commodity certificates, effective through today. Price per bushel. Sorghum is priced per CWT, corn yellow grade only.</p>
<p>     WHEAT	 HRW   HRS  SRW   SWW   DURUM</p>
<p> Chicago	   --    --   3.83   --    --</p>
<p> Ill. Track	--    --   3.69   --    --</p>
<p> Toledo	    --    --   3.82  3.72   --</p>
<p> Memphis	   --    --   3.98   ---   --</p>
<p>		    HRW   HRS   SRW   SWW   DURUM</p>
<p> Peoria	   --    --    3.69  --    --</p>
<p> Denver	   4.12  4.12  --    --    --</p>
<p> Evansville     --    --    3.78  --    --</p>
<p> Cincinnati     --    --    3.89  --    --</p>
<p> Minneapolis    4.61  4.44  --    --    4.90</p>
<p> Balt./Norfolk  --    --    4.08  3.98  --</p>
<p> Kansas City    4.57  --    4.37  --    --</p>
<p> St. Louis	3.74  --    3.74  --    --</p>
<p> Amarillo	 4.44  --    --    --    --</p>
<p>		    HRW   HRS   SRW   SWW   DURUM</p>
<p> Louisiana Gulf  --    --   4.19  --    --</p>
<p> Portland	 4.94  4.69   --   4.25  5.40</p>
<p> Stockton	 4.54   --    --    --   --</p>
<p> Los Angeles    5.10   --    --    --   5.40</p>
<p> Duluth	   4.61  4.44   --    --   4.90</p>
<p> Texas Gulf     4.80   --   4.19   --    --</p>
<p>		 CORN BARLEY OATS  RYE  SOYBNS SORG</p>
<p> Chicago     2.98  --    --    --    8.28  5.00</p>
<p> Ill. Track  3.05  --    --    --    8.35  5.11</p>
<p> Toledo	3.04  --    2.02  --    8.29  5.10</p>
<p> Memphis     3.07  --    2.08  --    8.36  5.20</p>
<p> Peoria	2.94  --    --    --    ---   4.77</p>
<p> Denver	2.69  2.37  --    --    ---   4.28</p>
<p> Evansville  3.04  --    --    --    ---   5.10</p>
<p> Cincinnati  3.01  --    1.98  --    8.28  5.05</p>
<p> Minneapolis 2.78  2.35  1.98  --    8.05   ---</p>
<p> Balt/Norf   3.03  --    --    --    8.50  5.08</p>
<p>		 CORN  BRLY  OATS  RYE   SOYB  SORG</p>
<p> Kansas City 2.91  --    1.98  --    8.17  4.78</p>
<p> St Louis    3.01  --    2.14  --    ---   5.07</p>
<p> Amarillo    3.18  --    --    --    ---   5.01</p>
<p> Lou Gulf    3.18  --    --    --    8.55  5.50</p>
<p> Port/Seatl  3.41  2.86  2.30  --    8.72   --</p>
<p> Stockton    3.56  3.15  2.52  --    --    6.13</p>
<p> Los Angeles 3.66  3.25  --    --    --    6.13</p>
<p> Duluth	2.78  2.35  1.98  --    ---   ---</p>
<p> Texas Gulf  3.18  --    2.14  --    8.55  5.50</p>
<p>-- Note: Amarillo, Kansas City, Evansville, Memphis and Baltimore/Norfolk barley prices no longer issued (3/3/97). Effective Oct 21, 1996, differentials for TXG and LAG sorghum, corn and soybean should be adjusted as follows -- for sorghum add minus 40 cents per cwt, for corn and soybeans add minus 20 cents per bushel. Source: CFSA.</p>
<p>(CHICAGO NEWSDESK 312-408-8720)</p>
</text>
<copyright>(c) Reuters Limited 1997</copyright>
<metadata>
<codes class="bip:countries:1.0">
  <code code="USA">
    <editdetail attribution="Reuters BIP Coding Group" action="confirmed" date="1997-03-25"/>
  </code>
</codes>
<codes class="bip:topics:1.0">
  <code code="M14">
    <editdetail attribution="Reuters BIP Coding Group" action="confirmed" date="1997-03-25"/>
  </code>
  <code code="M141">
    <editdetail attribution="Reuters BIP Coding Group" action="confirmed" date="1997-03-25"/>
  </code>
  <code code="MCAT">
    <editdetail attribution="Reuters BIP Coding Group" action="confirmed" date="1997-03-25"/>
  </code>
</codes>
<dc element="dc.date.created" value="1997-03-25"/>
<dc element="dc.publisher" value="Reuters Holdings Plc"/>
<dc element="dc.date.published" value="1997-03-25"/>
<dc element="dc.source" value="Reuters"/>
<dc element="dc.creator.location" value="KANSAS CITY, Mo"/>
<dc element="dc.creator.location.country.name" value="USA"/>
<dc element="dc.source" value="Reuters"/>
</metadata>
</newsitem>
