<?xml version="1.0" encoding="iso-8859-1" ?>
<newsitem itemid="528759" id="root" date="1997-04-22" xml:lang="en">
<title>USA: RESEARCH ALERT - Zilog downgraded.</title>
<headline>RESEARCH ALERT - Zilog downgraded.</headline>
<text>
<p>-- Alex. Brown said it downgraded Zilog Inc to market perform from buy.</p>
<p>-- Additional details were not immediately available.</p>
<p>-- After the market closed on Monday, Zilog posted first quarter earnings of $0.23 a share compared to $0.59 a share last year.</p>
<p>-- Zilog lost 2-1/2 to 18-1/2.</p>
</text>
<copyright>(c) Reuters Limited 1997</copyright>
<metadata>
<codes class="bip:countries:1.0">
  <code code="USA">
    <editdetail attribution="Reuters BIP Coding Group" action="confirmed" date="1997-04-22"/>
  </code>
</codes>
<codes class="bip:industries:1.0">
  <code code="I34531">
    <editdetail attribution="Reuters BIP Coding Group" action="confirmed" date="1997-04-22"/>
  </code>
</codes>
<codes class="bip:topics:1.0">
  <code code="C15">
    <editdetail attribution="Reuters BIP Coding Group" action="confirmed" date="1997-04-22"/>
  </code>
  <code code="C152">
    <editdetail attribution="Reuters BIP Coding Group" action="confirmed" date="1997-04-22"/>
  </code>
  <code code="CCAT">
    <editdetail attribution="Reuters BIP Coding Group" action="confirmed" date="1997-04-22"/>
  </code>
</codes>
<dc element="dc.publisher" value="Reuters Holdings Plc"/>
<dc element="dc.date.published" value="1997-04-22"/>
<dc element="dc.source" value="Reuters"/>
<dc element="dc.creator.location.country.name" value="USA"/>
<dc element="dc.source" value="Reuters"/>
</metadata>
</newsitem>
