<?xml version="1.0" encoding="iso-8859-1" ?>
<newsitem itemid="248115" id="root" date="1996-12-10" xml:lang="en">
<title>FRANCE: French November consumer sentiment edges up.</title>
<headline>French November consumer sentiment edges up.</headline>
<dateline>PARIS 1996-12-10</dateline>
<text>
<p>INSEE gave the following data on household opinions. A positive figure shows the percentage points by which the percentage of respondents saying things had improved or risen outnumbered the percentage saying the opposite.</p>
<p>				    Nov  Oct  Sep  Jul  Jun  May  Apr</p>
<p>Overall Consumer Sentiment -33  -34  -37  -35  -36  -38  -35  Past living standards	-69  -72  -73  -73  -72  -71  -70</p>
<p> Future living standards    -38  -38  -45  -45  -44  -44  -40</p>
<p> Future unemployment	   67   72   79   77   60   67   67</p>
<p> Past inflation		 -53  -51  -54  -47  -42  -41  -38</p>
<p> Future inflation	     -33  -36  -37  -44  -40  -36  -34</p>
<p> Good time to spend	   -29  -31  -35  -32  -32  -30  -28</p>
<p> Good time to save	     55   55   52   50   56   49   47</p>
<p> Current personal finances    8    6   10    9   10    7    8</p>
<p> Past personal finances     -21  -23  -23  -23  -25  -25  -24</p>
<p> Future personal finances    -8   -8  -11  -10  -10  -13  -10</p>
<p> Ability to save		-26  -29  -32  -30  -30  -31  -32</p>
<p>NOTE: INSEE does not release a consumer sentiment survey for the month of August.</p>
<p>-- Paris Newsroom +33 1 4221 5452</p>
</text>
<copyright>(c) Reuters Limited 1996</copyright>
<metadata>
<codes class="bip:countries:1.0">
  <code code="FRA">
    <editdetail attribution="Reuters BIP Coding Group" action="confirmed" date="1996-12-10"/>
  </code>
</codes>
<codes class="bip:topics:1.0">
  <code code="E11">
    <editdetail attribution="Reuters BIP Coding Group" action="confirmed" date="1996-12-10"/>
  </code>
  <code code="ECAT">
    <editdetail attribution="Reuters BIP Coding Group" action="confirmed" date="1996-12-10"/>
  </code>
</codes>
<dc element="dc.date.created" value="1996-12-10"/>
<dc element="dc.publisher" value="Reuters Holdings Plc"/>
<dc element="dc.date.published" value="1996-12-10"/>
<dc element="dc.source" value="Reuters"/>
<dc element="dc.creator.location" value="PARIS"/>
<dc element="dc.creator.location.country.name" value="FRANCE"/>
<dc element="dc.source" value="Reuters"/>
</metadata>
</newsitem>
