<?xml version="1.0" encoding="iso-8859-1" ?>
<newsitem itemid="89715" id="root" date="1996-10-01" xml:lang="en">
<title>HONG KONG: Burwill 1995/96 net down 42 percent.</title>
<headline>Burwill 1995/96 net down 42 percent.</headline>
<dateline>HONG KONG 1996-10-01</dateline>
<text>
<p>Year ended June 30</p>
<p>(in million HK$ unless stated)</p>
<p>    Shr (H.K. cents)	   10.0   vs 17.2</p>
<p>    Dividend (H.K. cents)    3.5    vs 8.0</p>
<p>    Exceptional items	  nil    vs nil</p>
<p>    Net			    75.31  vs 130.42</p>
<p>    Turnover		     967.14 vs 1,393.06</p>
<p>    Company name		 Burwill Holdings Ltd</p>
<p>    Books close		  November 18-26</p>
<p>    Dividend payable	   December 5</p>
<p>NOTE - Burwill Holdings is a metals proccessing and investment firm.</p>
<p>Total dividend for year is 7.5 H.K. cents (including interim dividend of four cents) vs 13 cents.</p>
<p>-- Hong Kong Newsroom (852) 2843 6368</p>
</text>
<copyright>(c) Reuters Limited 1996</copyright>
<metadata>
<codes class="bip:countries:1.0">
  <code code="HKONG">
    <editdetail attribution="Reuters BIP Coding Group" action="confirmed" date="1996-10-01"/>
  </code>
</codes>
<codes class="bip:industries:1.0">
  <code code="I63000">
    <editdetail attribution="Reuters BIP Coding Group" action="confirmed" date="1996-10-01"/>
  </code>
</codes>
<codes class="bip:topics:1.0">
  <code code="C15">
    <editdetail attribution="Reuters BIP Coding Group" action="confirmed" date="1996-10-01"/>
  </code>
  <code code="C151">
    <editdetail attribution="Reuters BIP Coding Group" action="confirmed" date="1996-10-01"/>
  </code>
  <code code="C1511">
    <editdetail attribution="Reuters BIP Coding Group" action="confirmed" date="1996-10-01"/>
  </code>
  <code code="CCAT">
    <editdetail attribution="Reuters BIP Coding Group" action="confirmed" date="1996-10-01"/>
  </code>
</codes>
<dc element="dc.date.created" value="1996-10-01"/>
<dc element="dc.publisher" value="Reuters Holdings Plc"/>
<dc element="dc.date.published" value="1996-10-01"/>
<dc element="dc.source" value="Reuters"/>
<dc element="dc.creator.location" value="HONG KONG"/>
<dc element="dc.creator.location.country.name" value="HONG KONG"/>
<dc element="dc.source" value="Reuters"/>
</metadata>
</newsitem>
