<?xml version="1.0" encoding="iso-8859-1" ?>
<newsitem itemid="64749" id="root" date="1996-09-19" xml:lang="en">
<title>REPUBLIC OF IRELAND: EU moves to ease Asian fears on labour standards.</title>
<headline>EU moves to ease Asian fears on labour standards.</headline>
<dateline>DUBLIN 1996-09-19</dateline>
<text>
<p>The European Union on Thursday moved to allay Asian fears that a row over labour standards will sidetrack efforts to liberalise world trade.</p>
<p>EU trade ministers -- meeting to review the 15-nation bloc's approach to the World Trade Organisation's ministerial meeting in Singapore in December -- agreed the issue would best be handled by the International Labour Organisation.</p>
<p>Many Asian countries fear that calls for trade liberalisation to be linked to Western-style labour standards are a thinly-disguised attempt to dilute their competetive edge.</p>
<p>&quot;If it becomes an issue at Singapore, it won't be because of us,&quot; an EU source said. &quot;There is a general agreement to steer away from the matter.&quot;</p>
<p>WTO Director-General Renato Ruggiero, who on Wednesday urged the EU trade ministers not to press the issue, said on Thursday:</p>
<p>&quot;The strong suspicion remains among many WTO members that this is a concern not so much to limit labour abuses as to limit competition from low-cost imports.</p>
<p>&quot;While we cannot ignore this issue -- we can even discuss it in principle -- it should not be for the Singapore meeting.&quot;</p>
<p>An EU official said Trade Commissioner Sir Leon Brittan had made a case to the ministers for labour standards to be examined, but said it was not planned as part of the EU's position for Singapore.</p>
<p>The 15 trade ministers endorsed this, the official said.</p>
</text>
<copyright>(c) Reuters Limited 1996</copyright>
<metadata>
<codes class="bip:countries:1.0">
  <code code="ASIA">
    <editdetail attribution="Reuters BIP Coding Group" action="confirmed" date="1996-09-19"/>
  </code>
  <code code="EEC">
    <editdetail attribution="Reuters BIP Coding Group" action="confirmed" date="1996-09-19"/>
  </code>
  <code code="IRE">
    <editdetail attribution="Reuters BIP Coding Group" action="confirmed" date="1996-09-19"/>
  </code>
</codes>
<codes class="bip:topics:1.0">
  <code code="E41">
    <editdetail attribution="Reuters BIP Coding Group" action="confirmed" date="1996-09-19"/>
  </code>
  <code code="E51">
    <editdetail attribution="Reuters BIP Coding Group" action="confirmed" date="1996-09-19"/>
  </code>
  <code code="E512">
    <editdetail attribution="Reuters BIP Coding Group" action="confirmed" date="1996-09-19"/>
  </code>
  <code code="ECAT">
    <editdetail attribution="Reuters BIP Coding Group" action="confirmed" date="1996-09-19"/>
  </code>
  <code code="G15">
    <editdetail attribution="Reuters BIP Coding Group" action="confirmed" date="1996-09-19"/>
  </code>
  <code code="G158">
    <editdetail attribution="Reuters BIP Coding Group" action="confirmed" date="1996-09-19"/>
  </code>
  <code code="GCAT">
    <editdetail attribution="Reuters BIP Coding Group" action="confirmed" date="1996-09-19"/>
  </code>
  <code code="GJOB">
    <editdetail attribution="Reuters BIP Coding Group" action="confirmed" date="1996-09-19"/>
  </code>
</codes>
<dc element="dc.date.created" value="1996-09-19"/>
<dc element="dc.publisher" value="Reuters Holdings Plc"/>
<dc element="dc.date.published" value="1996-09-19"/>
<dc element="dc.source" value="Reuters"/>
<dc element="dc.creator.location" value="DUBLIN"/>
<dc element="dc.creator.location.country.name" value="REPUBLIC OF IRELAND"/>
<dc element="dc.source" value="Reuters"/>
</metadata>
</newsitem>
